sample_idx,loss,is_noisy
0,1.325081,0
1,1.082425,0
2,1.738302,0
3,2.314253,0
4,0.920424,0
5,0.281924,0
6,0.3073,0
7,0.367441,0
8,1.116854,0
9,0.911852,0
10,2.975094,0
11,2.825439,1
12,1.495264,0
13,1.773883,0
14,1.645157,0
15,1.726024,0
16,4.591397,0
17,1.029113,0
18,0.156204,0
19,1.484651,0
20,2.281342,0
21,1.204091,0
22,2.98934,0
23,0.665509,0
24,0.303591,0
25,2.35852,0
26,1.194564,0
27,2.427172,0
28,1.726523,0
29,2.03342,0
30,0.58345,1
31,0.529057,0
32,4.06065,0
33,0.497055,0
34,1.224662,0
35,0.293713,0
36,2.049632,0
37,3.145846,0
38,1.387029,1
39,3.197599,1
40,2.349043,0
41,2.27669,0
42,2.090662,0
43,2.235738,0
44,1.950412,0
45,1.743878,0
46,0.16092,0
47,3.605042,0
48,2.141913,0
49,2.052333,0
50,1.083618,0
51,0.040753,0
52,4.278345,0
53,0.44569,0
54,0.590532,0
55,0.939584,0
56,0.575078,0
57,0.572715,0
58,0.163084,0
59,0.670567,0
60,1.675029,0
61,1.949313,0
62,2.231973,0
63,0.186672,0
64,0.233235,0
65,0.768219,0
66,2.768988,0
67,1.704792,0
68,1.744562,0
69,0.981606,0
70,3.160666,0
71,2.399077,0
72,2.500927,0
73,2.044283,0
74,2.056725,0
75,1.830814,0
76,0.865619,0
77,1.778999,0
78,0.262895,0
79,1.317045,0
80,2.217425,0
81,2.477595,0
82,0.388171,0
83,0.500131,0
84,1.703895,0
85,3.052813,0
86,1.849373,1
87,0.057564,0
88,1.629344,0
89,1.354793,0
90,1.769067,0
91,2.607743,0
92,0.73942,0
93,0.160933,0
94,2.914597,0
95,0.132972,0
96,0.428535,0
97,2.380341,1
98,0.883625,0
99,0.425305,0
100,2.077139,0
101,2.904849,0
102,1.689678,0
103,2.613691,0
104,0.631316,0
105,2.691395,0
106,0.257159,0
107,2.342497,0
108,0.372164,0
109,2.035633,0
110,0.591308,0
111,1.628254,0
112,1.39492,0
113,2.14437,0
114,3.028379,0
115,2.546825,0
116,2.428283,0
117,0.413984,0
118,0.475384,0
119,2.753277,0
120,0.596209,0
121,0.805904,0
122,2.44781,0
123,3.326648,0
124,2.060383,0
125,3.850272,0
126,1.59624,0
127,0.106515,0
128,0.060145,0
129,1.572649,0
130,1.955208,0
131,0.468522,0
132,2.957111,0
133,2.177763,0
134,2.111634,0
135,0.41005,0
136,0.580364,0
137,0.26081,0
138,1.96282,1
139,1.719429,0
140,2.478356,0
141,0.055295,0
142,1.770604,1
143,0.099378,0
144,1.796878,0
145,1.762249,0
146,2.967739,1
147,0.573422,0
148,0.797792,0
149,1.335595,0
150,2.352,1
151,1.028802,0
152,3.650325,0
153,2.613261,0
154,0.18729,0
155,0.964321,0
156,1.878774,1
157,0.05581,0
158,0.146583,0
159,0.7669,0
160,3.009655,0
161,0.813167,0
162,2.457232,0
163,1.306196,0
164,0.16192,0
165,0.122075,0
166,2.566938,0
167,0.102013,0
168,2.906596,0
169,0.105308,0
170,1.616711,0
171,0.316781,0
172,1.495656,0
173,1.330791,0
174,0.315315,0
175,2.374879,0
176,2.099359,1
177,0.466047,0
178,1.822473,0
179,0.848734,0
180,2.601677,0
181,0.361317,0
182,0.440321,0
183,2.617918,0
184,2.56577,0
185,0.241309,0
186,0.521044,0
187,0.963743,0
188,0.264441,0
189,1.029394,0
190,1.536372,0
191,2.202296,0
192,2.480975,0
193,2.311289,1
194,0.856541,0
195,2.746613,0
196,2.968296,0
197,0.501113,0
198,0.318149,0
199,1.333226,0
200,0.120465,0
201,3.868652,0
202,2.160621,0
203,1.091114,0
204,0.216837,0
205,2.109614,0
206,1.799784,1
207,2.19923,0
208,0.493422,0
209,1.445975,0
210,1.232769,0
211,0.595576,0
212,3.533292,0
213,0.249591,0
214,0.183087,0
215,0.399816,0
216,0.801868,0
217,1.919707,0
218,0.656378,0
219,1.994686,0
220,1.014729,0
221,2.658066,0
222,0.16956,0
223,0.97787,0
224,0.999769,0
225,0.205961,0
226,0.776345,0
227,1.936138,0
228,0.334601,0
229,2.552482,0
230,2.034668,1
231,0.77614,0
232,1.213755,0
233,1.120873,0
234,1.253454,0
235,1.898502,0
236,0.240044,0
237,2.83349,0
238,3.368389,1
239,0.857183,0
240,1.617654,0
241,1.910577,0
242,0.715228,0
243,2.090676,0
244,2.156553,0
245,0.117622,0
246,0.400072,0
247,1.726894,0
248,0.778829,1
249,0.948235,0
250,0.142454,0
251,0.267836,0
252,1.508357,0
253,0.188136,0
254,2.933811,1
255,0.655692,0
256,1.167318,0
257,0.355047,1
258,0.717092,0
259,2.154676,0
260,1.609445,0
261,0.340463,0
262,0.57856,0
263,2.111152,0
264,0.208539,0
265,3.222754,1
266,0.301275,0
267,2.645026,0
268,0.928613,0
269,1.789215,1
270,2.027578,0
271,0.584705,0
272,1.500728,0
273,0.167589,0
274,1.937603,0
275,4.657087,1
276,0.379524,0
277,0.095199,0
278,2.521976,0
279,0.986453,0
280,4.007329,0
281,0.117318,0
282,0.160253,0
283,2.736428,1
284,2.362991,0
285,0.116536,0
286,1.224447,0
287,1.987285,0
288,1.614241,0
289,1.594721,0
290,3.93862,1
291,0.624335,0
292,3.274786,1
293,0.139109,0
294,0.211406,0
295,1.409147,0
296,2.969219,0
297,0.56621,0
298,1.145365,0
299,1.878918,0
300,2.263452,0
301,2.764182,0
302,1.937901,0
303,0.412477,0
304,2.724924,0
305,1.368989,0
306,0.102575,0
307,1.395265,0
308,2.379422,1
309,1.692517,0
310,2.428405,1
311,4.350713,0
312,1.033575,0
313,0.522778,0
314,3.331105,0
315,1.618131,0
316,2.122928,0
317,0.119118,0
318,2.556076,1
319,1.928586,0
320,0.513158,0
321,2.229334,0
322,2.731869,0
323,0.127081,0
324,1.720593,0
325,0.412783,0
326,2.694607,0
327,2.808496,0
328,0.520373,0
329,0.155579,0
330,0.64592,0
331,0.105582,0
332,2.371956,0
333,0.123273,0
334,0.467142,0
335,0.855112,0
336,0.15984,0
337,1.830015,0
338,1.847991,0
339,1.155106,1
340,0.636646,0
341,0.14811,0
342,1.099569,0
343,0.183825,0
344,1.508913,0
345,1.742932,0
346,0.417074,0
347,2.417979,0
348,1.631201,0
349,0.460682,0
350,2.343982,0
351,2.012198,0
352,0.221268,0
353,1.498376,0
354,0.153485,0
355,0.219439,0
356,0.299865,0
357,0.068595,0
358,0.212916,0
359,1.359542,1
360,1.638452,0
361,2.425611,1
362,1.846093,0
363,1.772466,0
364,0.089544,0
365,2.729032,0
366,1.507999,0
367,1.436021,0
368,2.313777,0
369,2.514649,0
370,2.302808,0
371,3.54986,1
372,0.832611,0
373,0.648739,0
374,3.966455,1
375,2.23952,0
376,3.481479,0
377,0.046832,0
378,0.346932,0
379,1.589914,0
380,2.93763,0
381,1.808461,0
382,3.018414,0
383,3.315627,0
384,2.046823,0
385,1.674935,0
386,0.19306,0
387,1.950245,0
388,2.103117,0
389,0.356174,0
390,0.321764,0
391,2.385257,0
392,0.545861,0
393,1.956585,0
394,0.374431,0
395,2.440061,0
396,1.270519,0
397,3.057166,0
398,1.922129,0
399,0.974279,0
400,0.560398,0
401,0.3989,0
402,0.201501,0
403,2.124833,0
404,1.826612,0
405,3.392572,0
406,0.811171,0
407,0.085411,1
408,2.479717,0
409,1.077954,0
410,1.688295,0
411,1.891904,1
412,2.272857,0
413,0.329784,0
414,1.55224,0
415,0.859459,0
416,3.491364,0
417,1.728533,0
418,0.422853,0
419,0.101266,0
420,0.976186,0
421,1.411492,0
422,2.114369,0
423,2.288499,0
424,2.651191,1
425,0.167542,0
426,1.644762,0
427,0.092746,0
428,1.352084,0
429,2.012373,0
430,2.296806,0
431,2.74189,0
432,0.842244,0
433,2.263857,0
434,2.884291,0
435,1.149744,0
436,0.051939,0
437,1.687111,0
438,1.159918,0
439,0.084251,0
440,1.585174,0
441,0.052024,0
442,1.489283,0
443,1.024778,0
444,0.160499,0
445,1.1442,0
446,0.434,0
447,1.831707,0
448,0.141109,0
449,0.235864,1
450,1.919021,0
451,0.249902,0
452,1.506766,0
453,0.191061,0
454,0.415196,0
455,2.20699,0
456,4.300972,0
457,0.22745,0
458,2.143618,0
459,3.351467,1
460,0.368957,0
461,1.857147,0
462,2.527887,0
463,2.394265,0
464,4.047205,1
465,1.748986,0
466,1.527791,0
467,1.528407,0
468,2.363563,0
469,0.884551,0
470,1.553707,0
471,1.947225,0
472,0.360905,0
473,1.823785,0
474,1.694826,0
475,0.768569,0
476,2.198249,0
477,2.557817,0
478,1.224124,0
479,1.776558,0
480,0.938303,0
481,1.120682,0
482,1.904066,0
483,0.850682,0
484,0.134481,0
485,2.587354,0
486,2.671211,1
487,2.285167,0
488,2.55691,0
489,0.043649,0
490,0.073749,0
491,0.160821,0
492,1.14297,0
493,0.683651,1
494,0.144355,0
495,2.427116,0
496,0.654738,0
497,0.11858,0
498,1.244507,0
499,2.442374,0
500,1.654795,0
501,2.159039,0
502,2.872098,0
503,0.093713,0
504,1.887366,0
505,1.456924,1
506,0.148624,0
507,0.601212,0
508,3.052926,0
509,1.413422,0
510,3.956334,1
511,1.931733,0
512,1.617031,0
513,1.863548,0
514,0.023602,0
515,3.289606,0
516,0.783073,0
517,0.293157,0
518,1.612725,0
519,2.957428,0
520,2.002463,0
521,0.088348,0
522,0.293201,0
523,2.545682,0
524,2.33105,0
525,2.097489,0
526,0.739612,0
527,0.987005,0
528,2.290645,1
529,1.001395,0
530,2.900283,0
531,0.847703,0
532,1.736514,0
533,0.563818,0
534,0.60797,0
535,0.891638,0
536,1.477253,1
537,0.19897,0
538,2.05831,0
539,0.204132,0
540,0.885032,0
541,0.925508,0
542,1.564108,0
543,1.380113,0
544,0.201727,0
545,2.109367,0
546,2.21893,0
547,0.877446,0
548,0.39966,0
549,0.365174,0
550,0.139117,0
551,0.143879,0
552,1.636923,0
553,0.155596,0
554,0.300292,0
555,1.934907,0
556,0.824823,0
557,1.158114,0
558,1.909399,0
559,3.635218,0
560,0.596224,0
561,2.413709,0
562,0.444462,0
563,0.599439,0
564,0.499866,0
565,2.545751,0
566,0.474175,0
567,2.080226,0
568,2.933784,0
569,1.764062,1
570,1.055955,0
571,1.345085,0
572,0.267024,0
573,1.886297,0
574,1.213118,0
575,2.828232,0
576,0.062377,0
577,1.670418,0
578,0.251788,0
579,2.857132,0
580,0.28747,0
581,0.281882,0
582,3.011985,1
583,0.821071,0
584,0.446231,0
585,2.132192,1
586,0.510921,0
587,3.103106,0
588,2.248175,1
589,2.80082,0
590,1.567372,1
591,0.244827,0
592,1.297248,0
593,1.74985,0
594,2.77346,0
595,0.848313,0
596,1.038887,0
597,0.569962,0
598,2.904982,0
599,5.100809,1
600,2.112658,0
601,2.203841,1
602,1.664341,0
603,1.980012,0
604,1.789827,0
605,0.288736,0
606,1.819785,0
607,1.886337,0
608,0.49614,0
609,2.084558,0
610,0.191182,0
611,1.15093,0
612,1.551839,0
613,0.023191,0
614,2.234146,1
615,3.314076,0
616,1.732315,0
617,0.488181,0
618,3.724266,0
619,0.548889,0
620,0.051951,1
621,0.438499,0
622,0.14127,0
623,0.053271,0
624,1.894519,0
625,2.270378,0
626,3.421907,0
627,0.283088,0
628,0.311054,0
629,3.954824,0
630,0.768408,0
631,2.492996,0
632,1.723429,0
633,2.801422,0
634,0.623866,0
635,1.842634,0
636,0.138219,0
637,0.644032,0
638,0.390547,0
639,1.177783,0
640,0.132529,1
641,0.206552,0
642,0.662683,0
643,0.176897,0
644,0.876995,0
645,2.332474,0
646,1.976864,0
647,0.743839,0
648,1.629697,0
649,1.173225,0
650,1.159127,1
651,0.251329,0
652,1.804239,0
653,3.840724,0
654,0.404113,0
655,0.126609,0
656,0.783447,0
657,0.393816,0
658,0.314284,0
659,2.043093,0
660,2.818795,0
661,1.226746,0
662,2.146268,0
663,2.295697,0
664,1.959398,0
665,2.525883,0
666,0.377363,0
667,0.090136,0
668,1.867733,0
669,0.02192,0
670,2.960371,0
671,2.770859,1
672,2.278045,0
673,0.173911,0
674,2.292513,0
675,0.04496,0
676,1.465663,0
677,0.153002,0
678,0.47123,0
679,3.731553,0
680,1.838782,0
681,0.608573,0
682,0.151921,1
683,3.484443,0
684,0.586529,0
685,2.020245,0
686,1.963107,0
687,1.640484,0
688,0.705181,0
689,1.274519,0
690,2.254124,0
691,1.336021,0
692,3.198325,0
693,1.218283,0
694,3.378681,0
695,0.075475,0
696,2.698731,0
697,2.775822,0
698,0.317381,0
699,1.444064,0
700,0.982958,0
701,2.031098,0
702,1.870943,0
703,2.255131,1
704,1.945116,0
705,2.323904,0
706,0.31523,0
707,2.720939,0
708,2.252981,0
709,0.595639,0
710,2.017393,0
711,2.731636,0
712,1.112874,0
713,0.569005,0
714,0.169893,0
715,1.077156,0
716,0.494142,0
717,2.400271,0
718,0.501066,0
719,0.175336,0
720,2.58024,0
721,2.108877,0
722,0.12312,0
723,2.142882,1
724,2.810509,0
725,0.621959,0
726,2.457831,0
727,0.86389,0
728,0.450233,1
729,1.305125,0
730,1.497572,0
731,3.090195,0
732,1.009285,0
733,0.413396,0
734,2.039636,1
735,2.267973,0
736,0.106658,1
737,1.383926,0
738,3.096483,0
739,1.601904,0
740,0.380843,0
741,4.017781,0
742,0.131356,0
743,0.197954,0
744,2.247386,0
745,1.923643,0
746,1.19767,1
747,1.162195,0
748,0.594422,0
749,3.330012,0
750,0.233842,0
751,2.013344,0
752,1.639992,0
753,0.129984,0
754,1.627917,0
755,0.835957,0
756,0.043286,0
757,0.950176,0
758,0.217462,0
759,1.405674,0
760,0.598704,0
761,1.502761,0
762,2.250004,0
763,1.614262,0
764,2.38877,0
765,0.146298,0
766,1.332882,0
767,0.495149,0
768,1.605712,0
769,2.13831,0
770,2.594961,0
771,2.672509,1
772,2.311965,0
773,1.906494,0
774,1.944535,0
775,1.829633,1
776,0.756371,0
777,3.888668,0
778,2.314271,0
779,0.018548,0
780,0.628079,0
781,0.742318,0
782,1.072282,0
783,1.910599,0
784,1.832248,1
785,0.422913,0
786,0.292801,0
787,0.140824,0
788,2.984949,1
789,2.142112,0
790,0.824917,0
791,0.371064,0
792,0.743549,0
793,1.666178,0
794,0.178017,0
795,0.456995,0
796,1.021013,0
797,2.690694,0
798,1.319324,0
799,0.264384,0
800,0.260379,0
801,0.25962,0
802,0.53601,0
803,2.203952,0
804,1.907366,0
805,1.678356,0
806,2.827038,0
807,0.351973,0
808,0.051376,0
809,2.850547,0
810,0.108002,0
811,2.387823,0
812,0.114415,0
813,0.485867,0
814,1.83701,0
815,2.940939,0
816,1.73558,1
817,0.30699,0
818,2.320268,0
819,0.323924,0
820,2.104773,1
821,2.479002,0
822,0.105629,0
823,0.969632,0
824,0.754002,0
825,0.511182,0
826,0.100317,0
827,1.739923,0
828,1.800187,0
829,1.639547,0
830,2.127699,0
831,0.474409,0
832,1.771188,0
833,1.698728,0
834,3.479405,1
835,0.140267,0
836,0.184683,0
837,2.020426,0
838,0.191385,0
839,1.916623,0
840,0.129832,0
841,0.708306,0
842,1.818388,0
843,0.780674,0
844,3.874641,0
845,0.827241,0
846,2.81077,0
847,3.21023,0
848,0.100273,0
849,2.542824,0
850,0.096435,0
851,1.98253,0
852,0.693717,0
853,0.225832,0
854,0.241688,0
855,2.415966,0
856,2.313819,1
857,0.745373,0
858,2.433771,0
859,1.505178,0
860,0.377681,0
861,1.393702,0
862,0.655612,0
863,4.793445,0
864,3.324208,1
865,0.095431,0
866,1.851514,0
867,0.010198,0
868,0.485494,0
869,1.817867,0
870,2.315056,0
871,2.563538,0
872,0.092574,0
873,0.086632,0
874,3.702546,1
875,2.367067,0
876,0.652514,0
877,1.163218,0
878,1.505775,0
879,3.124192,0
880,2.391339,0
881,1.461317,0
882,2.403526,0
883,1.638092,0
884,1.731271,0
885,1.912239,0
886,0.113888,0
887,0.390504,0
888,1.999527,0
889,2.940463,0
890,1.370545,0
891,1.979096,0
892,2.171607,0
893,2.562663,0
894,2.272003,0
895,2.614306,0
896,0.090344,0
897,2.609241,0
898,0.184834,0
899,1.380786,0
900,0.260173,0
901,2.327664,1
902,4.847901,0
903,0.50605,0
904,0.325537,0
905,1.733918,0
906,2.736556,0
907,2.081084,0
908,0.521388,0
909,0.144021,0
910,2.038915,0
911,0.676392,0
912,2.455875,0
913,3.929988,1
914,2.945101,0
915,2.159286,0
916,1.673913,0
917,2.590513,0
918,0.442434,0
919,2.427423,0
920,0.948353,0
921,1.764201,1
922,3.149236,0
923,1.861497,0
924,0.410449,0
925,4.359606,1
926,0.094882,0
927,1.306134,0
928,2.125082,0
929,0.292083,0
930,2.038517,0
931,2.039944,0
932,0.198861,0
933,1.45319,1
934,1.294375,0
935,0.49303,0
936,3.057312,0
937,2.817046,0
938,3.09705,1
939,1.863808,0
940,2.59167,0
941,2.282377,0
942,0.332769,0
943,0.738465,0
944,3.546803,0
945,2.582413,0
946,0.053014,0
947,0.237501,0
948,2.327688,0
949,2.462923,0
950,0.474614,0
951,1.275042,0
952,0.133201,0
953,3.710537,0
954,0.702463,0
955,0.265215,0
956,2.151915,0
957,1.126871,0
958,0.076467,0
959,3.44574,0
960,1.282455,1
961,2.223161,1
962,0.114392,0
963,2.38635,0
964,3.092543,1
965,2.219783,0
966,3.477516,1
967,0.579992,0
968,0.183129,0
969,2.341131,0
970,0.637892,0
971,1.235364,0
972,0.117513,0
973,0.462459,0
974,0.279485,0
975,1.398724,0
976,0.824161,0
977,0.551542,0
978,1.380256,0
979,0.192454,0
980,1.501994,0
981,1.664568,0
982,0.555179,1
983,0.617326,0
984,2.393855,0
985,1.291509,1
986,1.446746,0
987,0.442617,0
988,1.733309,0
989,2.260991,0
990,0.805352,0
991,2.220768,0
992,2.53648,0
993,0.339829,0
994,0.408605,0
995,1.821612,0
996,0.365074,0
997,2.072412,0
998,2.11334,0
999,0.43811,0
1000,2.189701,1
1001,0.274555,0
1002,1.283463,0
1003,2.167807,0
1004,2.065573,0
1005,2.272358,0
1006,0.367745,0
1007,1.60809,0
1008,0.766519,1
1009,3.255255,0
1010,2.475591,0
1011,1.99172,0
1012,0.874969,0
1013,2.718314,0
1014,0.181121,0
1015,0.146724,0
1016,2.124022,0
1017,1.069968,0
1018,2.079509,0
1019,0.64586,0
1020,0.612879,0
1021,2.691434,0
1022,0.215917,0
1023,1.671963,0
1024,2.044547,0
1025,0.644944,0
1026,0.671968,0
1027,1.616391,0
1028,0.687541,0
1029,0.507142,0
1030,0.74901,1
1031,1.361812,0
1032,1.504075,0
1033,0.733542,0
1034,2.344955,0
1035,2.17705,0
1036,0.152355,0
1037,0.839448,0
1038,2.332224,1
1039,2.32455,0
1040,1.710682,0
1041,2.622758,0
1042,0.180138,0
1043,0.95705,1
1044,0.374123,0
1045,1.839092,0
1046,0.309402,0
1047,0.929316,0
1048,0.328772,0
1049,2.42119,0
1050,1.847989,0
1051,4.458272,0
1052,1.039753,0
1053,0.128893,0
1054,1.16777,0
1055,0.372615,1
1056,0.778458,0
1057,1.40398,0
1058,0.222783,0
1059,1.158312,0
1060,1.017608,0
1061,1.288015,0
1062,0.36843,0
1063,0.365661,0
1064,2.08837,0
1065,0.122007,0
1066,0.072582,0
1067,1.647962,0
1068,1.177605,0
1069,0.097615,0
1070,1.36442,0
1071,2.102001,0
1072,1.303448,0
1073,0.636743,0
1074,1.325692,0
1075,2.624126,0
1076,2.639221,0
1077,0.565132,0
1078,1.548491,0
1079,0.558539,0
1080,0.072555,0
1081,4.107483,0
1082,2.293344,0
1083,1.271887,0
1084,2.234685,0
1085,2.155174,1
1086,1.494192,0
1087,0.418478,0
1088,0.70367,0
1089,1.118446,0
1090,0.082026,0
1091,0.407462,0
1092,1.006125,0
1093,2.324799,0
1094,1.372715,0
1095,0.0809,0
1096,0.85627,0
1097,0.137868,0
1098,1.851354,0
1099,2.225937,0
1100,1.281114,0
1101,0.262108,0
1102,0.110661,0
1103,2.653708,0
1104,1.324522,0
1105,0.248488,0
1106,0.388989,0
1107,2.041075,0
1108,1.224792,0
1109,1.684609,0
1110,0.360751,0
1111,0.067845,0
1112,0.527163,0
1113,0.116261,0
1114,0.279394,0
1115,1.469565,0
1116,2.45637,0
1117,0.500712,0
1118,2.817955,0
1119,3.373815,0
1120,0.2697,0
1121,0.216035,0
1122,0.722075,0
1123,0.292895,0
1124,0.281346,0
1125,4.564249,0
1126,2.104622,0
1127,2.353715,0
1128,2.370174,0
1129,2.773138,0
1130,3.479131,1
1131,1.053937,0
1132,2.727629,1
1133,1.272881,0
1134,0.386514,0
1135,3.46369,0
1136,0.232764,0
1137,2.285743,0
1138,1.398474,0
1139,3.407465,0
1140,0.939481,0
1141,0.680387,0
1142,0.075447,0
1143,2.542128,0
1144,4.143669,0
1145,2.080732,0
1146,0.901315,0
1147,1.213696,0
1148,0.230452,0
1149,0.005542,0
1150,1.448084,1
1151,1.010857,0
1152,2.879516,0
1153,0.111937,0
1154,1.375769,0
1155,2.157316,0
1156,0.33976,0
1157,3.168745,0
1158,0.870357,0
1159,2.300816,0
1160,2.474561,0
1161,2.572068,0
1162,1.553431,0
1163,0.605588,0
1164,1.305246,0
1165,0.695313,0
1166,2.1777,0
1167,0.042212,0
1168,0.797785,0
1169,2.75422,0
1170,0.188776,0
1171,2.515155,0
1172,0.582755,0
1173,2.199151,0
1174,1.600252,0
1175,1.654402,0
1176,0.430172,0
1177,0.038965,0
1178,2.215874,0
1179,1.769588,0
1180,1.608033,0
1181,0.039594,0
1182,1.43053,0
1183,3.327887,0
1184,0.287236,0
1185,0.832818,0
1186,0.337875,0
1187,3.084911,0
1188,3.133285,0
1189,0.793859,0
1190,0.302023,0
1191,1.089329,0
1192,1.796091,0
1193,0.901459,0
1194,0.500584,0
1195,2.84088,0
1196,1.711547,0
1197,1.555346,0
1198,0.301522,0
1199,0.161955,0
1200,0.398148,0
1201,1.94435,0
1202,0.128903,0
1203,2.286894,0
1204,0.644244,0
1205,0.813312,0
1206,1.711912,0
1207,0.091889,0
1208,1.684625,1
1209,0.093761,0
1210,2.467853,0
1211,0.196779,0
1212,1.900572,0
1213,2.406476,0
1214,1.592739,0
1215,0.155313,0
1216,0.053954,0
1217,1.688491,0
1218,2.062095,0
1219,1.842957,1
1220,0.106753,0
1221,0.230034,0
1222,2.142195,0
1223,0.299031,0
1224,0.735804,0
1225,2.840053,0
1226,1.191643,0
1227,1.874087,0
1228,1.16713,0
1229,0.689604,0
1230,1.866498,0
1231,0.244172,0
1232,1.815438,0
1233,1.963983,0
1234,2.44438,0
1235,1.390929,0
1236,0.526098,0
1237,2.07042,0
1238,0.760302,0
1239,0.127345,0
1240,3.161594,0
1241,0.399622,0
1242,1.377617,0
1243,1.248772,0
1244,2.512167,0
1245,3.5252,0
1246,2.452139,0
1247,0.592867,0
1248,0.39184,0
1249,1.73756,0
1250,0.997419,1
1251,2.897956,0
1252,2.214435,0
1253,1.973493,0
1254,0.583788,0
1255,2.437968,0
1256,1.599857,0
1257,0.785718,0
1258,0.686514,0
1259,1.681003,1
1260,2.405406,0
1261,0.633791,0
1262,1.20155,0
1263,1.742196,0
1264,0.168182,0
1265,1.146578,0
1266,0.163611,0
1267,1.626096,0
1268,0.814139,0
1269,2.712571,0
1270,0.142008,0
1271,0.910213,0
1272,1.265873,0
1273,0.075564,0
1274,0.636062,0
1275,0.074199,0
1276,3.960686,0
1277,0.024883,0
1278,1.391445,0
1279,2.543159,0
1280,2.249081,0
1281,0.318033,0
1282,1.127494,0
1283,2.028407,0
1284,1.116675,0
1285,2.839095,0
1286,1.861865,0
1287,0.601153,0
1288,2.839791,0
1289,0.208552,0
1290,1.765133,0
1291,0.744111,0
1292,3.004944,0
1293,2.06929,0
1294,1.987715,0
1295,0.293986,0
1296,1.508009,0
1297,0.86605,0
1298,4.017826,0
1299,0.600987,0
1300,0.959385,0
1301,2.033368,0
1302,3.039431,0
1303,0.897035,0
1304,0.931663,0
1305,0.899774,0
1306,2.708849,1
1307,2.520921,0
1308,2.317973,0
1309,0.200894,0
1310,2.962134,0
1311,2.315125,1
1312,0.241988,0
1313,0.368047,0
1314,1.189868,0
1315,1.830566,0
1316,2.422893,0
1317,2.81435,0
1318,1.229167,0
1319,2.307103,0
1320,3.076304,0
1321,1.585119,0
1322,0.143076,0
1323,1.294252,1
1324,0.909295,0
1325,0.111818,0
1326,0.709585,0
1327,1.254391,0
1328,0.184645,0
1329,0.769609,0
1330,0.198447,0
1331,1.38368,0
1332,0.087061,0
1333,1.7717,0
1334,0.719207,0
1335,3.689958,0
1336,5.947469,1
1337,1.256271,0
1338,3.63243,0
1339,3.382055,1
1340,1.348324,0
1341,1.627981,0
1342,2.151476,0
1343,2.760709,0
1344,0.110403,0
1345,2.770934,0
1346,0.311984,0
1347,0.35145,0
1348,1.525738,0
1349,1.528261,0
1350,0.367147,0
1351,0.370126,0
1352,3.883208,0
1353,0.676148,0
1354,0.055845,0
1355,0.799245,0
1356,0.338793,0
1357,0.471225,0
1358,2.863352,0
1359,2.609804,0
1360,2.413193,1
1361,0.97115,0
1362,0.465119,0
1363,3.665536,0
1364,2.929704,0
1365,1.560714,0
1366,1.47774,0
1367,4.190868,0
1368,3.56595,0
1369,0.916451,0
1370,2.449449,0
1371,0.340741,0
1372,2.013929,0
1373,1.912197,0
1374,0.587324,0
1375,1.702231,0
1376,5.240839,0
1377,2.882476,0
1378,0.143982,0
1379,1.887656,0
1380,0.751863,0
1381,1.589218,0
1382,1.637911,0
1383,2.783796,1
1384,0.186006,0
1385,1.410405,0
1386,0.120175,0
1387,1.418317,1
1388,0.62796,0
1389,2.548999,0
1390,0.071263,0
1391,3.144912,1
1392,0.021421,0
1393,1.360073,0
1394,2.695305,0
1395,1.273422,0
1396,2.376767,0
1397,0.711529,0
1398,2.926471,0
1399,1.965299,0
1400,2.24841,0
1401,2.924417,0
1402,1.675445,0
1403,0.983463,0
1404,0.688267,0
1405,2.087714,0
1406,2.566842,0
1407,1.956514,0
1408,0.290096,0
1409,1.402335,0
1410,1.499066,0
1411,0.990156,0
1412,2.121217,0
1413,1.085454,1
1414,1.249052,0
1415,0.151913,0
1416,0.145983,0
1417,0.246496,0
1418,2.727511,0
1419,1.646547,0
1420,1.084913,0
1421,2.217896,0
1422,2.264224,0
1423,2.573469,0
1424,0.149175,0
1425,2.262082,1
1426,3.019208,1
1427,0.81518,0
1428,1.969449,0
1429,3.301903,0
1430,2.463948,0
1431,0.231611,0
1432,0.2465,0
1433,1.191736,0
1434,0.241888,0
1435,2.642326,0
1436,3.50637,0
1437,3.223748,0
1438,1.539766,0
1439,2.108439,0
1440,1.64805,0
1441,2.111721,0
1442,0.324085,0
1443,2.141175,0
1444,0.47276,0
1445,2.370337,0
1446,0.272416,0
1447,2.201497,1
1448,1.593421,0
1449,1.073336,1
1450,1.98757,0
1451,1.375749,0
1452,0.105478,0
1453,3.865375,1
1454,0.838552,0
1455,3.161,0
1456,2.907792,0
1457,4.715512,0
1458,0.014572,0
1459,2.942371,0
1460,2.00205,0
1461,0.771687,0
1462,0.464583,0
1463,1.664976,0
1464,1.993407,1
1465,1.573019,1
1466,2.413608,0
1467,3.118885,1
1468,0.730214,0
1469,2.018021,0
1470,0.225135,0
1471,0.412636,0
1472,2.187404,0
1473,0.633556,0
1474,2.112062,0
1475,1.085639,0
1476,0.403019,0
1477,1.316441,0
1478,0.505011,0
1479,2.048794,1
1480,0.522561,0
1481,0.050293,0
1482,0.05567,0
1483,1.842654,0
1484,0.031539,0
1485,0.126843,0
1486,0.666309,0
1487,2.816938,0
1488,0.341518,0
1489,3.186442,0
1490,2.933679,0
1491,0.3135,0
1492,2.891155,0
1493,1.623394,0
1494,2.554836,0
1495,1.879642,0
1496,3.449021,0
1497,0.404781,0
1498,0.150675,0
1499,2.954302,0
1500,1.608773,0
1501,1.386946,0
1502,0.239043,0
1503,1.014964,0
1504,0.320261,0
1505,2.443351,0
1506,2.692914,0
1507,0.076137,0
1508,3.015732,0
1509,2.22685,0
1510,0.091599,0
1511,3.092577,0
1512,0.624698,0
1513,0.633325,0
1514,0.575122,0
1515,2.747545,0
1516,2.490936,0
1517,2.854095,0
1518,1.318681,0
1519,0.854309,0
1520,0.156696,0
1521,2.656879,1
1522,1.68193,0
1523,2.410523,0
1524,1.016264,0
1525,2.003233,0
1526,1.903935,0
1527,2.785873,0
1528,1.794654,0
1529,1.700604,0
1530,0.392786,0
1531,0.286713,0
1532,3.430155,1
1533,1.99481,1
1534,3.173082,1
1535,1.066932,0
1536,1.056616,0
1537,2.557164,0
1538,1.713197,0
1539,2.869945,0
1540,2.987769,1
1541,1.605616,1
1542,1.036931,0
1543,0.356816,0
1544,0.2988,0
1545,0.668402,0
1546,1.701584,0
1547,0.630938,1
1548,0.510569,0
1549,0.06941,0
1550,1.499203,0
1551,0.302546,0
1552,0.877782,0
1553,1.537969,0
1554,1.337764,0
1555,0.19061,0
1556,2.554682,0
1557,2.625597,0
1558,2.771939,0
1559,0.103847,0
1560,3.987273,0
1561,1.905241,1
1562,2.428731,0
1563,4.647853,0
1564,2.104926,0
1565,0.96652,1
1566,1.366524,0
1567,0.987317,0
1568,0.106722,0
1569,3.168154,0
1570,0.639739,0
1571,1.765139,0
1572,0.697373,0
1573,2.113178,0
1574,0.47213,0
1575,2.728666,0
1576,0.675254,0
1577,2.195181,0
1578,2.062591,0
1579,1.862669,0
1580,0.886596,0
1581,0.363732,0
1582,2.681424,0
1583,2.288092,0
1584,1.743824,0
1585,2.621461,0
1586,0.066144,0
1587,0.765921,0
1588,2.360024,0
1589,0.394175,0
1590,1.415336,0
1591,0.208394,0
1592,0.710677,0
1593,2.706352,0
1594,0.303965,0
1595,0.672884,0
1596,0.882584,0
1597,0.476909,0
1598,2.820874,1
1599,2.594444,0
1600,1.892595,0
1601,1.22083,0
1602,1.351868,0
1603,0.280114,0
1604,2.448755,0
1605,2.651002,0
1606,2.183174,0
1607,3.339839,0
1608,3.204862,1
1609,0.554633,0
1610,2.062392,0
1611,2.669849,0
1612,0.569408,0
1613,0.734837,0
1614,1.323561,0
1615,1.136936,0
1616,1.79162,0
1617,1.060168,0
1618,1.889117,0
1619,2.042297,1
1620,2.457374,0
1621,1.166172,0
1622,0.122955,0
1623,0.399573,0
1624,2.7284,0
1625,0.834226,0
1626,1.4442,0
1627,1.373108,1
1628,2.144413,0
1629,1.461248,0
1630,1.643485,0
1631,0.587492,0
1632,2.575334,0
1633,2.979192,0
1634,0.970243,0
1635,1.293936,0
1636,1.408665,0
1637,3.321662,0
1638,2.759091,0
1639,2.26524,1
1640,1.20079,0
1641,2.346776,0
1642,1.337623,0
1643,1.897743,0
1644,4.01493,1
1645,0.114442,0
1646,1.509178,0
1647,4.22879,1
1648,1.528149,0
1649,0.137234,0
1650,2.275249,0
1651,2.149006,1
1652,0.730935,0
1653,2.721755,0
1654,1.193226,0
1655,0.243835,0
1656,2.114876,0
1657,0.510734,0
1658,0.411434,0
1659,0.630574,0
1660,1.573309,0
1661,2.388868,0
1662,1.238477,0
1663,0.411749,0
1664,3.028477,0
1665,0.311477,0
1666,0.425523,0
1667,0.120613,0
1668,1.485982,0
1669,0.040522,0
1670,3.92001,1
1671,2.103796,1
1672,1.81688,0
1673,2.951809,0
1674,1.656887,0
1675,1.043693,0
1676,2.234601,0
1677,1.005208,0
1678,0.268519,0
1679,0.639532,0
1680,0.157834,0
1681,0.963586,0
1682,0.170768,0
1683,0.831277,0
1684,0.157932,0
1685,0.205764,0
1686,2.578191,0
1687,0.130519,0
1688,0.600197,0
1689,0.500092,0
1690,0.747706,0
1691,0.614011,0
1692,1.264676,0
1693,1.383195,0
1694,0.392723,0
1695,0.434496,0
1696,0.27207,0
1697,2.59762,0
1698,1.821543,0
1699,3.126688,0
1700,3.245712,1
1701,0.239606,0
1702,0.036555,0
1703,2.846209,0
1704,0.770943,0
1705,1.53212,0
1706,0.650525,0
1707,1.902177,1
1708,3.171872,0
1709,2.976188,0
1710,3.373078,0
1711,0.3757,0
1712,1.769775,0
1713,1.946918,0
1714,2.64217,1
1715,3.855171,1
1716,0.156875,0
1717,1.173972,0
1718,1.177282,0
1719,2.311322,0
1720,0.27444,0
1721,1.963223,0
1722,0.376578,0
1723,0.416624,0
1724,1.913303,1
1725,3.005377,0
1726,0.412945,0
1727,2.801755,1
1728,2.5139,0
1729,1.899123,0
1730,0.28356,0
1731,1.259118,0
1732,6.556167,0
1733,2.970371,0
1734,3.133809,0
1735,2.955751,1
1736,0.356974,0
1737,0.52019,0
1738,0.129064,0
1739,2.616503,0
1740,2.400853,0
1741,0.230196,0
1742,0.214707,0
1743,2.859334,1
1744,2.284835,0
1745,2.094035,0
1746,0.914964,0
1747,0.030504,0
1748,2.230751,1
1749,1.900004,0
1750,2.429521,1
1751,0.335363,0
1752,0.235424,0
1753,0.367009,0
1754,1.553372,0
1755,1.193268,0
1756,0.212929,0
1757,0.072891,0
1758,1.857301,0
1759,2.047386,0
1760,1.936527,1
1761,2.972718,0
1762,2.318479,1
1763,0.430407,0
1764,1.403665,0
1765,0.205715,0
1766,0.718431,0
1767,3.785529,0
1768,0.208975,0
1769,0.328044,0
1770,1.425818,1
1771,1.983029,0
1772,0.973907,0
1773,2.099069,0
1774,3.690371,0
1775,3.218903,0
1776,2.840221,0
1777,0.595487,0
1778,0.135076,0
1779,2.3036,0
1780,2.207713,0
1781,2.576651,0
1782,2.536252,0
1783,2.215384,0
1784,1.472592,0
1785,2.709006,0
1786,1.293918,0
1787,1.813789,0
1788,0.577506,0
1789,2.210225,0
1790,2.612672,0
1791,4.266236,0
1792,1.613552,0
1793,1.192346,0
1794,0.118434,0
1795,2.363205,0
1796,3.171726,1
1797,1.435084,0
1798,1.715481,0
1799,2.530554,0
1800,0.157294,0
1801,1.851038,0
1802,0.799503,0
1803,1.627121,0
1804,2.169755,0
1805,2.75906,0
1806,0.047743,0
1807,0.499979,0
1808,0.171608,1
1809,0.396635,0
1810,0.372889,0
1811,0.190538,0
1812,0.423499,0
1813,3.106565,0
1814,2.073145,0
1815,2.91186,0
1816,2.413241,1
1817,1.187798,0
1818,2.235624,1
1819,2.180452,0
1820,2.351643,0
1821,0.473944,0
1822,2.378256,0
1823,0.616871,0
1824,3.067844,0
1825,3.361293,1
1826,2.551029,0
1827,1.664496,0
1828,1.63267,1
1829,1.15896,0
1830,0.839852,0
1831,1.286216,0
1832,1.40402,0
1833,0.173115,0
1834,2.268352,1
1835,0.588816,0
1836,1.1611,0
1837,0.067817,0
1838,0.481854,0
1839,1.272357,0
1840,1.697759,0
1841,0.130689,0
1842,1.101315,0
1843,2.583086,0
1844,2.575685,0
1845,2.011991,0
1846,0.221155,0
1847,1.89836,0
1848,3.070834,0
1849,0.702055,0
1850,0.89877,0
1851,2.103562,1
1852,1.639909,1
1853,0.148497,0
1854,0.538215,0
1855,3.436171,0
1856,1.39927,1
1857,0.401899,0
1858,1.191712,0
1859,2.468092,1
1860,1.701331,0
1861,2.776665,0
1862,1.629175,0
1863,1.980537,0
1864,1.080616,0
1865,1.405415,0
1866,1.431816,0
1867,1.034805,0
1868,1.329911,0
1869,1.769742,0
1870,2.752699,0
1871,0.554572,0
1872,3.059329,0
1873,0.715735,0
1874,0.237765,0
1875,0.563728,0
1876,2.809268,0
1877,2.174292,0
1878,0.821586,0
1879,1.652571,0
1880,2.650651,1
1881,0.716694,0
1882,1.847408,1
1883,0.1528,0
1884,0.972293,0
1885,5.015423,0
1886,2.281885,0
1887,1.957103,1
1888,0.103597,0
1889,1.06231,0
1890,2.0429,0
1891,2.372792,0
1892,2.444837,1
1893,2.684369,0
1894,1.312907,1
1895,0.280003,1
1896,0.131857,0
1897,0.154296,0
1898,1.435537,0
1899,1.753737,0
1900,2.426528,0
1901,2.425061,0
1902,0.078475,0
1903,0.652864,0
1904,2.100925,0
1905,2.022772,0
1906,0.060132,0
1907,2.451736,0
1908,0.682178,1
1909,1.694452,0
1910,3.281566,0
1911,0.725615,0
1912,1.813004,0
1913,0.4457,0
1914,0.799595,0
1915,0.276403,0
1916,2.742263,0
1917,3.008413,0
1918,0.491983,0
1919,1.012883,0
1920,2.668227,0
1921,0.767937,1
1922,2.268838,0
1923,1.805993,0
1924,2.154611,0
1925,0.192916,0
1926,0.505128,0
1927,0.222334,0
1928,1.798402,0
1929,0.06291,0
1930,0.78156,0
1931,1.35837,0
1932,0.183401,0
1933,2.237752,0
1934,0.560191,0
1935,1.923186,0
1936,3.659067,1
1937,0.016465,0
1938,0.962041,0
1939,2.208403,0
1940,0.19883,0
1941,0.102535,0
1942,1.371125,0
1943,0.458359,0
1944,0.104169,0
1945,1.487211,1
1946,0.343768,0
1947,0.250531,0
1948,0.159944,0
1949,0.113473,0
1950,0.190607,0
1951,0.33783,0
1952,0.628718,0
1953,2.288041,0
1954,1.734688,0
1955,2.954499,0
1956,0.501165,0
1957,3.378124,0
1958,2.535821,0
1959,0.318482,0
1960,1.344821,0
1961,2.386526,0
1962,3.119426,0
1963,1.145207,0
1964,1.010661,0
1965,2.498209,0
1966,0.127211,0
1967,4.145107,0
1968,1.784566,0
1969,1.911356,0
1970,2.599261,0
1971,4.270273,0
1972,0.555995,0
1973,0.152995,0
1974,0.558381,0
1975,0.489748,0
1976,1.271979,1
1977,1.743006,0
1978,1.797613,0
1979,0.7077,0
1980,2.915225,0
1981,1.389097,0
1982,0.024123,0
1983,1.993655,0
1984,2.227038,0
1985,0.638894,0
1986,1.200042,0
1987,1.051261,0
1988,2.000239,0
1989,0.398202,0
1990,1.281495,0
1991,2.56434,0
1992,3.630445,1
1993,0.037606,0
1994,1.632648,0
1995,2.71173,0
1996,3.355422,0
1997,0.548721,0
1998,2.040452,0
1999,2.137528,0
2000,2.626027,0
2001,0.057754,0
2002,0.061624,0
2003,0.633921,0
2004,0.617248,0
2005,3.752986,0
2006,0.848677,0
2007,3.024509,1
2008,1.633929,1
2009,0.16203,0
2010,0.058988,0
2011,0.341304,0
2012,1.818979,0
2013,0.780247,0
2014,2.609026,1
2015,1.506738,0
2016,1.954675,0
2017,2.99236,1
2018,0.8621,0
2019,1.349138,1
2020,2.977702,1
2021,1.63371,0
2022,1.630367,0
2023,3.27903,0
2024,1.246902,0
2025,2.747235,1
2026,1.032043,0
2027,2.366207,0
2028,2.340997,0
2029,0.608192,0
2030,1.006685,0
2031,1.470152,0
2032,0.673645,0
2033,1.74421,0
2034,1.59872,0
2035,1.813692,0
2036,1.270438,0
2037,0.790778,0
2038,0.369804,0
2039,0.145809,0
2040,0.596145,0
2041,0.156469,0
2042,2.257826,0
2043,0.875569,0
2044,0.067961,0
2045,1.670654,0
2046,2.545188,0
2047,2.469946,1
2048,3.14395,1
2049,1.53383,0
2050,0.972461,0
2051,4.258484,0
2052,4.520846,0
2053,2.572764,0
2054,0.107338,0
2055,3.353242,0
2056,1.848086,0
2057,0.448329,0
2058,0.236923,0
2059,3.048725,1
2060,0.707207,0
2061,2.390101,0
2062,0.12047,0
2063,1.631716,0
2064,1.701972,0
2065,1.420925,0
2066,1.085737,0
2067,1.913743,0
2068,2.910146,0
2069,2.376719,0
2070,1.738935,0
2071,1.741779,0
2072,0.207071,0
2073,1.640164,0
2074,0.257867,0
2075,0.903264,0
2076,1.747292,0
2077,0.722193,0
2078,2.906408,0
2079,0.871224,0
2080,0.713712,0
2081,1.837741,0
2082,3.038927,1
2083,3.638044,0
2084,0.741644,0
2085,0.097518,0
2086,2.168639,0
2087,0.775206,0
2088,0.092669,0
2089,1.20169,0
2090,0.331816,0
2091,0.369222,0
2092,0.151271,0
2093,0.51146,0
2094,2.213514,0
2095,0.71575,0
2096,0.315167,0
2097,2.489589,0
2098,1.992154,0
2099,2.163805,0
2100,2.357049,0
2101,0.333898,0
2102,0.164716,0
2103,1.590178,1
2104,0.764925,1
2105,0.120499,0
2106,2.93579,0
2107,0.896268,0
2108,0.711251,0
2109,3.203098,0
2110,0.622138,0
2111,2.142536,0
2112,0.517853,0
2113,2.567486,0
2114,1.911032,0
2115,1.812738,0
2116,1.564737,0
2117,3.033228,0
2118,0.75103,0
2119,2.757963,1
2120,0.345938,0
2121,3.570678,0
2122,1.823373,0
2123,1.904235,0
2124,1.55461,1
2125,0.584734,0
2126,1.067121,0
2127,0.257949,1
2128,0.08392,0
2129,0.127956,0
2130,2.767441,1
2131,2.451646,0
2132,2.154793,0
2133,0.936108,0
2134,0.131802,0
2135,1.026863,0
2136,0.32355,0
2137,2.330494,0
2138,0.821248,0
2139,0.187129,0
2140,2.025342,0
2141,3.077981,0
2142,0.083861,0
2143,0.755394,0
2144,0.314398,0
2145,0.307783,1
2146,1.40983,0
2147,1.005997,0
2148,1.181867,0
2149,2.385884,0
2150,3.081841,0
2151,2.697325,1
2152,0.140888,0
2153,2.085787,0
2154,0.238739,0
2155,0.784503,0
2156,0.470312,0
2157,0.796085,0
2158,3.726435,0
2159,0.18238,0
2160,0.663178,0
2161,1.345029,1
2162,2.79125,0
2163,0.786399,0
2164,0.991337,1
2165,1.40954,0
2166,0.117981,0
2167,1.609658,0
2168,1.320317,0
2169,1.498511,0
2170,2.835333,0
2171,2.033804,0
2172,1.783842,0
2173,3.423983,0
2174,0.071248,0
2175,1.921147,0
2176,0.821201,0
2177,1.278459,0
2178,0.261009,0
2179,0.119534,0
2180,2.321192,0
2181,0.204576,0
2182,0.338168,0
2183,0.327195,0
2184,2.185802,0
2185,2.02544,1
2186,0.840385,0
2187,1.069757,0
2188,0.192831,0
2189,2.805483,0
2190,1.047271,0
2191,1.564869,0
2192,0.400616,0
2193,1.896281,1
2194,2.685595,0
2195,4.155505,0
2196,1.155416,0
2197,2.594227,0
2198,0.061691,0
2199,1.692579,0
2200,0.117588,0
2201,2.142193,0
2202,2.389539,0
2203,0.883273,0
2204,1.695375,1
2205,0.458819,0
2206,0.069878,0
2207,1.8771,0
2208,0.148208,0
2209,1.609919,0
2210,0.783771,1
2211,1.435987,0
2212,1.663263,0
2213,1.898333,0
2214,0.049815,0
2215,0.701788,0
2216,1.155725,0
2217,1.148954,0
2218,2.28693,0
2219,1.862412,0
2220,1.546853,0
2221,3.063848,0
2222,0.661893,0
2223,2.68591,0
2224,3.050957,0
2225,1.270934,0
2226,1.600915,0
2227,3.385296,0
2228,0.047194,0
2229,3.241281,1
2230,2.064485,0
2231,0.070054,0
2232,0.693256,0
2233,0.362175,0
2234,2.913164,0
2235,1.640339,0
2236,0.319229,0
2237,0.79576,0
2238,1.0875,0
2239,1.922838,0
2240,0.292986,0
2241,1.154897,0
2242,0.050681,0
2243,0.169714,0
2244,2.950802,0
2245,3.07601,0
2246,1.699672,0
2247,1.775974,0
2248,0.473176,0
2249,1.758901,0
2250,0.136517,0
2251,0.069234,0
2252,0.685864,0
2253,2.245055,0
2254,0.092819,0
2255,1.28405,1
2256,1.714391,0
2257,0.137439,0
2258,1.545485,0
2259,1.333422,0
2260,1.346893,0
2261,2.222361,0
2262,2.23532,0
2263,0.357213,0
2264,2.381031,0
2265,1.184313,0
2266,1.393046,0
2267,2.485365,0
2268,0.951394,0
2269,0.105121,0
2270,1.673116,1
2271,0.576231,0
2272,1.62782,0
2273,1.320033,0
2274,2.191801,0
2275,1.131373,0
2276,3.24927,0
2277,0.855714,0
2278,1.938832,0
2279,0.684972,0
2280,1.642621,0
2281,2.692643,0
2282,0.192142,0
2283,3.285048,1
2284,1.43565,0
2285,0.48661,0
2286,3.428031,0
2287,2.099519,0
2288,0.37633,0
2289,0.271675,0
2290,2.169998,0
2291,2.006655,0
2292,2.482907,0
2293,2.309515,0
2294,0.184304,0
2295,0.073877,0
2296,2.799577,0
2297,1.1459,0
2298,0.214336,0
2299,2.799524,0
2300,4.581135,0
2301,0.145438,0
2302,1.760601,0
2303,3.788099,0
2304,1.165592,0
2305,3.518411,0
2306,1.268812,0
2307,2.322759,0
2308,2.474363,0
2309,0.598963,0
2310,1.049716,0
2311,0.497983,0
2312,1.632479,0
2313,2.419741,0
2314,0.651429,0
2315,2.139745,0
2316,0.124833,0
2317,5.027042,0
2318,1.713361,0
2319,2.716897,0
2320,0.24427,0
2321,0.352954,0
2322,2.222563,0
2323,0.10974,0
2324,2.742685,0
2325,0.512344,0
2326,1.955444,0
2327,1.511811,0
2328,0.119518,0
2329,2.626047,0
2330,4.35257,0
2331,4.431138,0
2332,4.068309,0
2333,1.709343,0
2334,0.119764,0
2335,2.847591,0
2336,0.348268,0
2337,0.408942,0
2338,1.910771,1
2339,0.831629,0
2340,2.551322,0
2341,2.830882,0
2342,4.139825,0
2343,1.560605,0
2344,0.568284,0
2345,2.527141,0
2346,1.791653,0
2347,0.459931,0
2348,0.55779,0
2349,1.030742,0
2350,1.839439,0
2351,1.652717,0
2352,2.46247,0
2353,1.847654,0
2354,1.816693,0
2355,1.006889,0
2356,2.145428,0
2357,0.452981,0
2358,2.955929,1
2359,0.537099,0
2360,0.820675,0
2361,1.054171,0
2362,0.403827,0
2363,2.923369,0
2364,0.428399,1
2365,1.327621,0
2366,1.058906,0
2367,1.401936,0
2368,1.186724,0
2369,0.542431,0
2370,1.397573,0
2371,0.069832,0
2372,0.302123,0
2373,3.37871,0
2374,0.008284,0
2375,1.418962,0
2376,3.100671,0
2377,3.054626,1
2378,4.286086,0
2379,2.735458,0
2380,1.631087,1
2381,1.513126,0
2382,0.714737,0
2383,3.059792,0
2384,2.190808,0
2385,1.463503,0
2386,0.681831,0
2387,0.077961,0
2388,2.691637,1
2389,3.458081,1
2390,0.209107,0
2391,2.400842,0
2392,2.31269,0
2393,1.623323,0
2394,1.348718,0
2395,0.185009,0
2396,1.510776,0
2397,1.33421,0
2398,2.197156,0
2399,0.142525,0
2400,0.11027,0
2401,2.379672,0
2402,0.206843,0
2403,0.354507,0
2404,0.422575,0
2405,0.695897,0
2406,1.29713,0
2407,3.382021,0
2408,2.537162,0
2409,0.608724,0
2410,4.327319,0
2411,3.187005,1
2412,0.264594,0
2413,1.305286,0
2414,1.286898,0
2415,0.071207,0
2416,0.704733,0
2417,3.672332,0
2418,3.536807,1
2419,0.118252,0
2420,0.398645,0
2421,2.186547,0
2422,0.251084,0
2423,2.972744,0
2424,1.206903,1
2425,1.83264,0
2426,0.298777,0
2427,1.067981,0
2428,0.280135,0
2429,0.086211,0
2430,0.608529,0
2431,0.147308,0
2432,2.961657,0
2433,0.130432,0
2434,0.497724,0
2435,0.740265,0
2436,1.107878,0
2437,2.001034,0
2438,1.487351,0
2439,1.593847,0
2440,3.978189,0
2441,0.451223,0
2442,0.486005,0
2443,1.230183,0
2444,0.837211,1
2445,0.362871,0
2446,2.587096,1
2447,0.127833,0
2448,2.289999,0
2449,3.130676,0
2450,1.979729,1
2451,0.449657,0
2452,0.412738,0
2453,0.607374,0
2454,1.342873,1
2455,3.08356,0
2456,0.712156,0
2457,0.443811,0
2458,0.258398,0
2459,1.757746,0
2460,1.095629,0
2461,3.692445,1
2462,2.018367,0
2463,0.291639,0
2464,2.213708,0
2465,0.221438,0
2466,0.667495,0
2467,0.348507,0
2468,0.055144,0
2469,0.579995,0
2470,4.185333,0
2471,1.148893,1
2472,4.588246,0
2473,1.91688,0
2474,1.153668,0
2475,0.313031,0
2476,0.32037,0
2477,0.578701,0
2478,1.618411,0
2479,2.324899,0
2480,0.365113,0
2481,0.975339,0
2482,2.515946,0
2483,2.29349,0
2484,0.556412,0
2485,2.054359,0
2486,0.133451,0
2487,0.0811,0
2488,3.297457,0
2489,1.413426,0
2490,0.179949,0
2491,2.678097,0
2492,3.835419,0
2493,0.123502,0
2494,0.620523,0
2495,1.178738,0
2496,1.309262,0
2497,0.16211,0
2498,2.018108,0
2499,0.054747,1
2500,0.781415,0
2501,1.592222,0
2502,0.108038,0
2503,1.356775,0
2504,1.851056,0
2505,1.642231,0
2506,0.497333,0
2507,0.541832,0
2508,0.497476,0
2509,0.751858,0
2510,1.860011,0
2511,1.673412,0
2512,0.566918,0
2513,0.282355,0
2514,1.304755,0
2515,1.989653,0
2516,1.837236,0
2517,2.202314,0
2518,3.179965,0
2519,2.573493,0
2520,1.920686,0
2521,2.203698,0
2522,2.367353,0
2523,0.168335,0
2524,0.482471,0
2525,0.840692,0
2526,1.386317,0
2527,1.903829,0
2528,2.336054,0
2529,2.510272,1
2530,0.205016,0
2531,3.128903,0
2532,0.615783,1
2533,2.866703,0
2534,2.336969,1
2535,0.638567,1
2536,0.096538,0
2537,0.084736,0
2538,0.609964,0
2539,0.048947,0
2540,3.307802,0
2541,0.428398,0
2542,0.379035,0
2543,1.832902,0
2544,2.199127,0
2545,4.931724,1
2546,2.067585,0
2547,1.172956,1
2548,0.171784,0
2549,1.87591,0
2550,1.756344,0
2551,1.843555,0
2552,1.795183,0
2553,1.940296,0
2554,3.532769,0
2555,0.0618,0
2556,0.249736,0
2557,1.937738,0
2558,0.286864,0
2559,1.357545,0
2560,0.458764,0
2561,1.572694,0
2562,5.272273,0
2563,0.153501,0
2564,1.35333,0
2565,2.156655,0
2566,2.572778,0
2567,1.833411,0
2568,2.851861,0
2569,0.126032,0
2570,2.512948,0
2571,0.644937,1
2572,0.497445,0
2573,0.674435,1
2574,1.414677,0
2575,1.381903,0
2576,0.260127,0
2577,0.251535,0
2578,0.318573,0
2579,1.017066,0
2580,2.171731,0
2581,0.539966,0
2582,2.827662,1
2583,0.718843,0
2584,2.088885,0
2585,2.368585,1
2586,1.045786,0
2587,1.285892,1
2588,0.301129,0
2589,2.477176,0
2590,0.302768,0
2591,0.962118,0
2592,2.167777,0
2593,2.756632,0
2594,1.580669,0
2595,1.203116,0
2596,0.439422,0
2597,2.319777,0
2598,0.833063,0
2599,0.156265,0
2600,1.958113,0
2601,2.970968,0
2602,0.435161,0
2603,0.202581,1
2604,1.27315,0
2605,1.352669,0
2606,2.640312,1
2607,0.334739,0
2608,2.525208,0
2609,0.088235,0
2610,0.426397,0
2611,2.305521,0
2612,0.976374,0
2613,2.394983,0
2614,0.162642,0
2615,0.359983,0
2616,2.596524,0
2617,1.292743,0
2618,0.139273,0
2619,1.261933,0
2620,3.12493,0
2621,3.500592,0
2622,0.435519,0
2623,1.613865,0
2624,2.297725,0
2625,2.089147,0
2626,1.49696,0
2627,2.815873,0
2628,2.037585,0
2629,0.572528,0
2630,1.430238,0
2631,0.557783,0
2632,0.214101,0
2633,2.125004,0
2634,0.989081,0
2635,0.538046,0
2636,2.084934,0
2637,0.753785,0
2638,1.70854,0
2639,0.020605,0
2640,0.478082,0
2641,2.455556,0
2642,2.713291,0
2643,1.356194,0
2644,2.770534,0
2645,0.196667,0
2646,2.992555,0
2647,3.495885,0
2648,0.119614,0
2649,3.783577,0
2650,2.022211,0
2651,1.351276,0
2652,2.125594,0
2653,0.149279,0
2654,0.056802,0
2655,1.119177,1
2656,0.840553,0
2657,1.083687,0
2658,2.412644,0
2659,2.305322,0
2660,1.732561,0
2661,0.793473,0
2662,2.438918,0
2663,2.346101,0
2664,0.241308,0
2665,2.552426,0
2666,3.766588,0
2667,0.116992,0
2668,0.3192,0
2669,1.413182,0
2670,0.299898,0
2671,0.759439,1
2672,0.171803,0
2673,0.160822,0
2674,2.446296,0
2675,2.303601,0
2676,0.403216,1
2677,1.640547,1
2678,0.635966,0
2679,2.325162,0
2680,0.749318,1
2681,1.125562,0
2682,1.755802,0
2683,3.673002,1
2684,0.256083,0
2685,3.257611,0
2686,2.901494,1
2687,2.488191,0
2688,2.059094,0
2689,1.50115,0
2690,3.016327,0
2691,0.101617,0
2692,1.112721,0
2693,0.39381,0
2694,2.013869,0
2695,2.124403,0
2696,0.536787,0
2697,1.461482,1
2698,0.076589,0
2699,0.840901,0
2700,0.566082,0
2701,2.825903,0
2702,2.675379,0
2703,0.114706,0
2704,1.347043,0
2705,1.399853,0
2706,1.451759,1
2707,0.116065,0
2708,1.097567,0
2709,0.158509,0
2710,0.362438,0
2711,1.886295,0
2712,0.447407,0
2713,1.209286,0
2714,4.511015,1
2715,2.361248,0
2716,1.372957,0
2717,0.234215,0
2718,1.910627,0
2719,1.81978,0
2720,1.635191,0
2721,3.722625,0
2722,0.309097,0
2723,0.508558,0
2724,0.175061,0
2725,0.668195,0
2726,0.060672,0
2727,3.001191,1
2728,0.162628,0
2729,0.327805,0
2730,1.258853,0
2731,1.532438,1
2732,1.359725,0
2733,0.689474,0
2734,1.413143,0
2735,3.714937,0
2736,1.490124,0
2737,0.28455,0
2738,0.41166,0
2739,1.954458,1
2740,1.559106,0
2741,3.030341,0
2742,1.811861,0
2743,4.744463,1
2744,0.085098,0
2745,0.584007,1
2746,1.172668,0
2747,2.338939,0
2748,4.612973,0
2749,2.272152,0
2750,0.763445,0
2751,3.143795,1
2752,4.225952,0
2753,2.241968,0
2754,2.312475,0
2755,2.256495,0
2756,0.527664,0
2757,1.125306,0
2758,1.733368,0
2759,0.715966,0
2760,2.675138,0
2761,2.345078,0
2762,2.281533,0
2763,0.248329,0
2764,1.13144,0
2765,1.496663,0
2766,0.608014,0
2767,0.396086,0
2768,1.708511,0
2769,1.649111,0
2770,2.429691,1
2771,3.180424,0
2772,0.311735,0
2773,0.407653,0
2774,2.759406,0
2775,0.524513,0
2776,0.134183,0
2777,0.827158,0
2778,2.132126,0
2779,2.83255,0
2780,2.037595,0
2781,2.251151,0
2782,2.977143,0
2783,2.718233,0
2784,3.225992,1
2785,4.001194,0
2786,2.530954,0
2787,1.813187,0
2788,1.602512,0
2789,0.985368,0
2790,3.117891,0
2791,0.93754,0
2792,1.964667,0
2793,1.273631,0
2794,0.296563,0
2795,1.352506,0
2796,1.105296,0
2797,0.518903,0
2798,0.845209,0
2799,0.657251,0
2800,0.23112,0
2801,0.361342,0
2802,0.613646,0
2803,1.005859,0
2804,2.003908,0
2805,0.217974,0
2806,0.77256,0
2807,0.209885,0
2808,1.663317,0
2809,0.083089,0
2810,0.468944,0
2811,2.126722,0
2812,1.397696,0
2813,0.075035,0
2814,1.34839,0
2815,0.923908,0
2816,2.588366,0
2817,0.056911,0
2818,0.612433,0
2819,1.522325,0
2820,1.741143,0
2821,1.461982,0
2822,0.313822,0
2823,1.711664,0
2824,1.282536,0
2825,2.209073,0
2826,1.290829,1
2827,1.008978,0
2828,1.91682,0
2829,1.574395,1
2830,2.558787,0
2831,0.581938,0
2832,0.81194,0
2833,0.547606,0
2834,2.588642,0
2835,1.895693,0
2836,0.580582,0
2837,0.981633,1
2838,2.709296,0
2839,0.303225,0
2840,1.483207,0
2841,0.05013,0
2842,2.491712,0
2843,0.979287,0
2844,3.455745,0
2845,0.579993,0
2846,1.716594,0
2847,2.187805,0
2848,4.012191,0
2849,1.679184,0
2850,2.424671,0
2851,0.478743,0
2852,3.242298,0
2853,2.015765,0
2854,0.08329,0
2855,1.940824,0
2856,2.095642,0
2857,0.405854,0
2858,0.206417,0
2859,2.092038,0
2860,3.821812,0
2861,1.841323,0
2862,3.172595,0
2863,1.594976,0
2864,0.388201,0
2865,0.176192,0
2866,3.057418,0
2867,0.075365,0
2868,1.2919,0
2869,1.342521,0
2870,3.442994,1
2871,2.743875,0
2872,2.873955,0
2873,0.573009,0
2874,0.333729,0
2875,0.187768,0
2876,3.030465,0
2877,0.476503,0
2878,2.81701,0
2879,0.782909,0
2880,1.94746,1
2881,1.859678,0
2882,1.730588,0
2883,0.022974,0
2884,1.947216,0
2885,0.26557,0
2886,1.371971,0
2887,0.650191,0
2888,2.647671,0
2889,0.374782,0
2890,0.225517,0
2891,0.56784,0
2892,1.688852,0
2893,1.587595,0
2894,1.270769,0
2895,1.494381,0
2896,0.187285,0
2897,0.091442,0
2898,2.368824,0
2899,0.328217,0
2900,1.688697,0
2901,0.157482,0
2902,1.931091,0
2903,1.832413,0
2904,0.863461,0
2905,2.547235,1
2906,2.085895,0
2907,0.176951,0
2908,0.519348,0
2909,0.210625,0
2910,2.166421,0
2911,2.308683,0
2912,0.173159,0
2913,1.886855,0
2914,0.761586,0
2915,3.957713,0
2916,2.600868,1
2917,2.196849,0
2918,0.041044,0
2919,2.15447,0
2920,0.070364,0
2921,0.254226,0
2922,0.799868,1
2923,1.939755,0
2924,1.671226,0
2925,0.079598,0
2926,0.180184,0
2927,2.610831,0
2928,0.081517,0
2929,3.174265,0
2930,0.645046,0
2931,0.77758,0
2932,1.813817,0
2933,1.643928,0
2934,2.964778,0
2935,1.722678,0
2936,1.479517,0
2937,1.195755,0
2938,0.867191,0
2939,1.538208,0
2940,1.086674,0
2941,0.553797,0
2942,0.91075,0
2943,2.453429,0
2944,1.161878,1
2945,2.931838,0
2946,1.611494,1
2947,2.039861,0
2948,1.752213,0
2949,0.263837,0
2950,0.084263,0
2951,0.728323,0
2952,0.658574,0
2953,2.581823,0
2954,1.261613,1
2955,0.050883,0
2956,0.242806,0
2957,2.04959,0
2958,0.804991,1
2959,3.868984,0
2960,2.486083,1
2961,1.704476,0
2962,1.971189,0
2963,2.929925,0
2964,0.436871,0
2965,1.982363,0
2966,3.057461,0
2967,0.38478,0
2968,3.550625,0
2969,1.364604,0
2970,3.085237,0
2971,0.685769,0
2972,0.47863,0
2973,0.119221,0
2974,3.852855,0
2975,0.043515,0
2976,0.969126,0
2977,0.749136,0
2978,1.096916,0
2979,0.137091,0
2980,0.128341,0
2981,1.513394,0
2982,1.812099,0
2983,3.141038,0
2984,1.427744,0
2985,2.256094,0
2986,3.35422,1
2987,0.856133,0
2988,2.477074,0
2989,2.521485,1
2990,1.759617,0
2991,3.1582,0
2992,3.069942,0
2993,1.252165,0
2994,2.607681,0
2995,1.563767,0
2996,1.021196,0
2997,0.572766,0
2998,2.501693,1
2999,0.442139,0
3000,1.847536,0
3001,1.526739,0
3002,0.279701,0
3003,2.31746,0
3004,0.612929,0
3005,0.386384,0
3006,2.83268,0
3007,0.136678,0
3008,1.67393,1
3009,0.115047,0
3010,0.656296,0
3011,0.518491,0
3012,3.220528,1
3013,1.707263,0
3014,0.857932,0
3015,0.810453,1
3016,0.582631,0
3017,2.11,0
3018,1.96989,0
3019,0.399293,0
3020,3.932987,0
3021,3.878613,0
3022,1.667616,0
3023,0.098839,0
3024,0.078093,0
3025,1.924724,0
3026,2.24616,0
3027,2.136798,0
3028,0.758414,0
3029,0.728568,1
3030,3.158031,1
3031,2.889293,0
3032,1.274571,1
3033,2.344308,0
3034,2.399149,1
3035,1.984243,0
3036,0.017706,0
3037,2.859987,0
3038,2.293054,0
3039,2.459322,0
3040,1.126472,0
3041,0.40077,0
3042,2.256173,0
3043,2.804494,0
3044,0.950375,0
3045,3.243422,0
3046,0.071513,0
3047,1.626582,0
3048,0.23725,1
3049,0.386453,0
3050,2.388588,1
3051,0.228263,0
3052,0.479593,0
3053,0.398503,0
3054,1.701855,0
3055,0.187909,0
3056,0.035907,0
3057,1.512846,1
3058,4.135876,0
3059,2.051873,0
3060,0.618181,0
3061,0.201887,0
3062,1.422389,0
3063,1.796235,0
3064,0.311156,1
3065,0.845427,1
3066,2.8751,0
3067,1.60813,0
3068,0.049134,0
3069,2.10458,0
3070,1.741215,0
3071,0.078023,0
3072,1.172698,1
3073,2.863726,0
3074,0.130753,0
3075,0.175259,0
3076,0.650588,0
3077,2.802617,0
3078,1.685403,0
3079,0.502296,0
3080,0.09374,0
3081,2.400097,1
3082,0.104455,0
3083,0.898771,0
3084,0.134639,0
3085,1.236232,0
3086,1.546008,0
3087,0.19289,0
3088,0.170807,1
3089,1.961495,0
3090,0.324431,1
3091,1.429818,0
3092,3.764548,0
3093,2.684718,0
3094,0.538634,0
3095,2.357955,0
3096,0.166409,0
3097,0.970385,0
3098,1.272616,0
3099,2.910552,0
3100,2.352287,0
3101,2.410074,0
3102,1.361339,0
3103,1.972158,0
3104,1.734594,1
3105,1.971692,0
3106,0.735531,0
3107,1.630271,0
3108,0.587023,0
3109,1.726377,0
3110,0.668894,0
3111,2.68275,0
3112,0.202947,0
3113,2.492091,0
3114,0.208789,0
3115,2.223464,1
3116,2.441692,0
3117,2.320427,0
3118,2.734137,0
3119,0.211006,0
3120,0.669306,0
3121,1.409805,0
3122,0.202795,0
3123,1.878445,0
3124,2.831561,0
3125,3.146507,0
3126,0.951804,0
3127,0.259286,0
3128,2.14218,0
3129,0.955276,0
3130,1.774027,0
3131,0.079903,0
3132,0.395557,0
3133,0.256103,0
3134,1.478636,0
3135,0.182412,0
3136,1.231337,0
3137,2.873725,0
3138,1.748909,0
3139,0.844739,0
3140,0.454107,0
3141,1.681784,0
3142,2.290553,0
3143,2.632191,1
3144,1.769964,0
3145,1.732392,0
3146,0.218123,0
3147,2.053169,0
3148,0.472868,0
3149,0.279327,0
3150,2.414105,0
3151,1.69194,1
3152,1.682374,0
3153,2.619395,0
3154,0.234992,0
3155,2.281621,0
3156,1.682195,0
3157,0.155322,0
3158,0.866683,0
3159,2.755816,0
3160,1.368965,0
3161,0.009155,0
3162,0.255666,0
3163,1.148396,0
3164,2.281055,0
3165,0.616426,0
3166,0.226886,0
3167,2.745044,1
3168,1.167608,0
3169,0.037857,0
3170,3.399326,0
3171,0.067043,0
3172,1.331422,0
3173,0.136077,0
3174,1.249313,0
3175,3.200003,0
3176,0.080842,0
3177,3.378225,1
3178,1.594932,0
3179,3.548543,1
3180,1.706884,0
3181,1.959989,0
3182,3.415675,0
3183,2.370857,0
3184,1.686065,0
3185,0.685214,0
3186,0.389487,0
3187,0.537295,0
3188,1.802344,0
3189,2.830862,0
3190,1.635392,0
3191,2.657518,1
3192,1.59673,0
3193,1.674762,0
3194,2.234096,0
3195,1.202293,0
3196,0.085821,0
3197,0.710921,0
3198,1.90906,0
3199,0.323974,0
3200,2.195348,0
3201,0.038282,0
3202,0.916232,0
3203,2.814858,0
3204,2.064722,0
3205,1.847707,0
3206,0.044996,0
3207,4.182123,0
3208,4.623003,1
3209,2.843151,1
3210,0.377003,0
3211,1.707685,0
3212,1.581961,0
3213,1.527881,0
3214,2.285101,0
3215,1.595591,0
3216,0.253314,0
3217,2.726563,1
3218,0.297897,0
3219,0.093709,0
3220,2.949121,0
3221,2.434436,0
3222,2.80138,0
3223,0.469862,0
3224,1.229105,0
3225,1.403743,0
3226,0.955563,1
3227,3.448527,0
3228,1.994628,0
3229,4.449068,1
3230,1.575698,0
3231,2.146507,0
3232,0.193626,0
3233,0.607812,0
3234,2.815434,0
3235,1.711926,0
3236,0.603135,0
3237,1.224486,0
3238,2.274964,0
3239,0.089979,0
3240,2.185011,0
3241,2.623226,0
3242,1.302834,0
3243,0.563452,0
3244,3.548176,0
3245,0.421524,0
3246,1.591222,0
3247,2.643488,0
3248,2.348956,0
3249,1.418156,0
3250,1.269673,0
3251,0.568274,0
3252,1.103971,1
3253,0.171942,0
3254,1.052655,0
3255,1.861803,0
3256,0.794875,1
3257,2.23338,1
3258,1.770366,0
3259,2.081414,0
3260,0.113298,0
3261,0.630909,1
3262,2.191633,0
3263,0.600335,0
3264,0.521107,0
3265,4.100395,0
3266,0.238094,0
3267,2.128014,0
3268,4.512445,1
3269,1.005766,0
3270,1.543547,0
3271,0.185875,0
3272,1.746641,0
3273,0.972669,0
3274,4.806769,0
3275,1.976919,1
3276,2.015992,0
3277,1.334325,0
3278,2.983029,0
3279,0.515139,0
3280,2.262815,1
3281,1.977781,0
3282,0.19789,0
3283,0.474541,0
3284,1.321319,0
3285,1.628903,0
3286,1.721295,0
3287,0.366634,0
3288,1.997714,0
3289,0.566715,0
3290,1.583583,0
3291,0.128409,1
3292,1.029681,0
3293,2.897167,0
3294,0.736025,0
3295,1.524936,0
3296,0.074266,0
3297,1.458226,0
3298,2.103421,1
3299,2.097936,0
3300,1.450002,0
3301,3.73443,0
3302,1.917266,0
3303,1.532893,0
3304,1.891074,0
3305,0.028988,0
3306,0.461855,0
3307,1.252772,0
3308,3.655113,1
3309,0.337492,0
3310,1.89887,0
3311,0.229235,0
3312,2.242777,0
3313,0.401222,0
3314,0.678857,0
3315,2.16656,0
3316,3.925526,0
3317,1.748994,0
3318,2.234783,0
3319,2.289977,0
3320,3.197414,0
3321,2.492698,0
3322,2.323886,0
3323,2.670663,0
3324,0.499156,0
3325,0.707092,0
3326,0.247319,0
3327,2.706298,1
3328,1.746905,0
3329,0.831611,0
3330,0.354125,1
3331,3.119118,0
3332,2.988069,0
3333,0.409435,0
3334,0.229065,0
3335,3.022276,0
3336,0.084135,0
3337,0.268711,0
3338,1.567853,0
3339,2.261262,0
3340,1.770473,0
3341,0.232173,1
3342,0.121179,1
3343,1.528217,0
3344,0.134632,0
3345,0.288539,0
3346,2.456893,0
3347,0.14772,0
3348,1.678139,0
3349,0.20194,0
3350,3.112558,0
3351,0.608606,0
3352,0.100475,0
3353,1.794528,0
3354,0.569765,0
3355,3.795293,0
3356,2.159693,0
3357,1.957249,0
3358,1.349107,0
3359,2.032041,0
3360,2.978377,0
3361,2.079408,0
3362,0.704835,0
3363,0.293758,0
3364,0.83478,0
3365,1.115023,1
3366,1.98146,0
3367,0.387868,0
3368,4.227587,1
3369,0.590942,0
3370,2.369804,0
3371,1.059287,1
3372,3.069185,1
3373,0.373468,0
3374,3.915118,0
3375,0.726264,0
3376,0.144843,0
3377,1.20553,0
3378,1.4408,0
3379,0.227769,0
3380,1.329381,0
3381,1.748879,0
3382,1.464161,1
3383,3.430882,1
3384,0.232043,0
3385,2.355081,0
3386,3.12996,0
3387,0.640779,0
3388,0.602039,1
3389,1.787524,0
3390,1.91073,0
3391,0.672027,0
3392,2.068407,0
3393,1.889792,0
3394,2.730826,1
3395,2.09024,0
3396,0.06357,0
3397,0.029306,0
3398,3.087182,0
3399,1.080515,0
3400,0.421298,0
3401,3.264408,1
3402,1.390739,0
3403,0.321884,0
3404,2.670628,1
3405,2.453673,0
3406,2.140673,0
3407,1.689426,0
3408,2.228173,0
3409,2.213327,0
3410,2.511025,0
3411,0.528811,0
3412,0.611512,0
3413,0.465237,0
3414,2.369011,0
3415,1.974122,0
3416,0.896219,0
3417,3.094703,0
3418,1.615205,0
3419,0.297644,0
3420,0.020586,0
3421,2.694588,0
3422,0.205689,1
3423,0.034154,0
3424,0.719537,0
3425,0.160967,0
3426,1.801868,0
3427,2.305602,1
3428,5.297366,0
3429,0.469541,0
3430,0.05118,0
3431,2.057427,0
3432,1.741332,0
3433,1.857545,1
3434,4.056964,0
3435,2.445751,1
3436,1.254115,0
3437,0.157581,0
3438,0.556348,0
3439,1.776289,0
3440,3.212701,0
3441,0.387442,0
3442,2.428715,0
3443,2.08129,0
3444,0.104725,0
3445,0.059975,0
3446,1.609535,0
3447,4.20943,0
3448,2.187123,0
3449,2.812518,0
3450,0.175149,0
3451,0.180931,0
3452,0.362663,0
3453,1.805831,0
3454,1.620623,0
3455,0.127043,0
3456,1.93102,0
3457,2.708092,0
3458,1.049248,1
3459,0.33406,0
3460,2.12108,1
3461,0.128952,0
3462,1.059992,1
3463,0.8124,0
3464,0.718738,1
3465,3.814282,0
3466,3.555377,0
3467,0.826816,0
3468,2.346256,0
3469,2.651487,0
3470,2.234051,0
3471,2.51395,0
3472,1.735886,1
3473,1.409817,0
3474,0.304507,0
3475,0.653407,0
3476,2.17431,0
3477,1.562475,0
3478,0.333245,0
3479,0.618016,0
3480,2.929121,0
3481,0.643756,0
3482,1.548861,0
3483,0.082406,0
3484,1.506346,0
3485,1.798828,0
3486,2.339574,0
3487,0.594482,0
3488,1.470966,0
3489,0.170325,0
3490,2.899595,0
3491,2.549864,0
3492,3.150253,0
3493,4.485362,0
3494,1.777259,0
3495,1.690729,0
3496,0.522625,0
3497,5.144184,0
3498,0.749004,0
3499,0.154421,0
3500,1.698163,0
3501,1.894578,0
3502,1.995564,0
3503,0.28677,0
3504,1.375645,0
3505,2.073301,0
3506,0.161372,0
3507,2.46963,0
3508,1.504829,0
3509,1.264595,0
3510,0.450533,0
3511,0.139483,0
3512,2.330763,0
3513,2.268766,0
3514,2.477454,0
3515,3.283055,0
3516,2.276429,0
3517,0.979814,0
3518,2.519917,0
3519,2.531635,0
3520,2.102812,0
3521,0.811484,0
3522,0.981209,0
3523,1.169258,1
3524,0.084001,0
3525,2.127214,1
3526,1.725443,0
3527,0.155724,0
3528,1.488522,0
3529,0.015729,0
3530,2.998975,0
3531,0.964286,0
3532,2.499013,1
3533,0.981615,1
3534,2.835183,0
3535,3.3694,0
3536,2.180769,0
3537,1.708807,0
3538,3.123622,0
3539,4.292645,1
3540,1.53983,0
3541,1.557321,0
3542,0.123067,0
3543,2.28235,0
3544,0.339109,0
3545,1.920655,0
3546,1.522758,0
3547,0.706702,0
3548,4.504659,1
3549,2.068368,0
3550,1.617145,1
3551,0.983226,0
3552,0.620384,0
3553,2.594976,0
3554,3.175131,1
3555,2.071415,0
3556,0.175469,0
3557,0.501359,0
3558,0.852236,0
3559,1.674476,0
3560,1.995685,0
3561,0.366401,0
3562,1.116345,0
3563,2.999795,0
3564,1.862834,0
3565,0.755629,0
3566,0.176584,0
3567,1.469416,0
3568,0.22389,0
3569,0.072624,0
3570,1.87938,0
3571,1.639232,0
3572,0.108306,0
3573,2.090911,0
3574,0.540388,0
3575,2.432896,0
3576,4.44741,0
3577,2.619565,0
3578,1.86008,0
3579,1.991696,0
3580,0.127208,1
3581,0.379661,1
3582,1.417753,0
3583,1.039644,0
3584,0.210369,0
3585,0.322245,0
3586,0.729834,0
3587,0.780028,0
3588,1.353942,0
3589,1.119608,1
3590,1.760087,0
3591,2.068846,0
3592,0.139804,0
3593,0.025867,0
3594,0.185357,0
3595,0.355848,0
3596,1.997346,0
3597,1.315016,0
3598,1.094304,0
3599,2.322876,0
3600,1.478865,1
3601,0.723914,0
3602,0.876155,0
3603,2.686205,0
3604,1.169504,0
3605,2.37898,0
3606,2.964447,1
3607,1.802852,0
3608,2.795481,1
3609,0.559296,0
3610,1.425292,1
3611,1.768358,0
3612,2.813752,0
3613,2.740146,0
3614,2.794047,0
3615,0.726012,0
3616,0.803641,0
3617,1.082874,0
3618,2.19296,0
3619,2.411994,0
3620,0.938993,0
3621,1.072222,0
3622,0.825745,0
3623,2.831716,1
3624,0.550915,0
3625,0.089725,0
3626,0.107366,0
3627,2.10509,0
3628,0.247361,0
3629,2.311133,0
3630,1.691122,0
3631,1.29509,0
3632,2.248205,0
3633,0.052873,0
3634,1.383208,0
3635,3.303443,0
3636,1.896827,1
3637,0.131458,0
3638,2.233884,0
3639,1.954804,1
3640,1.173265,0
3641,0.193369,0
3642,0.114959,0
3643,2.314468,1
3644,1.31993,0
3645,1.134664,0
3646,1.860495,0
3647,1.728926,1
3648,1.466313,0
3649,0.24663,0
3650,1.927835,0
3651,3.907037,0
3652,1.866524,0
3653,0.322982,0
3654,0.397127,0
3655,0.083676,0
3656,1.561854,0
3657,3.592554,0
3658,1.437874,0
3659,0.463176,0
3660,1.571928,1
3661,1.844527,0
3662,0.140093,0
3663,1.531059,0
3664,2.153038,0
3665,2.355045,0
3666,3.728567,0
3667,0.462216,0
3668,0.272179,0
3669,0.303267,0
3670,2.031276,0
3671,1.613639,0
3672,1.154149,0
3673,0.696717,0
3674,1.830734,0
3675,3.761483,0
3676,1.793684,0
3677,0.893543,0
3678,2.367057,0
3679,2.245735,0
3680,3.652722,0
3681,0.112979,0
3682,1.953359,0
3683,0.104359,0
3684,1.799538,1
3685,2.300961,0
3686,2.288352,0
3687,2.824848,0
3688,1.401042,0
3689,2.044402,0
3690,2.540119,0
3691,1.411764,0
3692,1.069988,0
3693,2.140481,0
3694,0.075416,0
3695,0.192931,0
3696,0.322139,0
3697,1.842214,0
3698,3.109957,0
3699,0.213353,0
3700,1.470238,0
3701,2.785553,0
3702,1.482114,0
3703,1.703953,0
3704,2.268109,0
3705,0.039569,0
3706,1.756108,0
3707,0.802793,0
3708,2.782261,0
3709,1.348904,0
3710,0.09638,0
3711,1.97225,0
3712,0.649958,0
3713,2.247042,1
3714,0.210461,0
3715,3.628953,0
3716,1.732841,0
3717,1.721563,1
3718,2.081136,0
3719,1.164811,0
3720,0.388789,0
3721,2.081486,0
3722,1.955914,0
3723,1.877077,0
3724,0.951684,0
3725,4.623332,1
3726,2.137206,0
3727,0.330853,0
3728,3.61823,0
3729,0.701771,0
3730,1.30085,0
3731,1.347342,0
3732,0.178742,0
3733,2.607711,0
3734,0.515475,0
3735,1.655562,0
3736,0.31107,0
3737,1.486627,0
3738,2.311109,1
3739,0.238236,0
3740,2.025909,0
3741,0.495526,0
3742,0.04931,0
3743,0.148489,0
3744,0.846328,0
3745,0.824364,0
3746,0.662862,0
3747,1.655452,1
3748,1.923761,0
3749,1.325527,0
3750,2.378113,0
3751,2.161451,0
3752,1.113935,0
3753,1.477562,0
3754,3.439343,0
3755,0.722758,0
3756,1.160592,0
3757,0.269802,0
3758,1.354261,0
3759,0.118698,0
3760,2.166641,0
3761,0.971271,0
3762,0.87047,0
3763,0.715893,0
3764,1.409525,0
3765,0.776084,0
3766,2.273285,0
3767,0.854434,0
3768,0.84778,0
3769,0.7243,0
3770,2.261265,0
3771,1.382281,0
3772,0.425286,0
3773,1.846643,0
3774,2.17755,0
3775,0.395931,1
3776,0.592494,0
3777,3.143003,0
3778,1.547927,0
3779,0.795428,0
3780,0.068305,0
3781,1.990771,0
3782,1.914519,0
3783,0.862876,0
3784,2.643222,0
3785,3.738847,0
3786,0.409496,0
3787,2.800961,0
3788,2.895455,0
3789,2.219687,0
3790,0.44129,0
3791,0.722738,0
3792,0.286092,0
3793,1.952441,0
3794,2.392234,0
3795,0.903549,0
3796,2.069431,0
3797,1.431272,0
3798,1.092694,0
3799,0.559034,0
3800,0.61234,0
3801,0.353596,0
3802,2.643026,0
3803,1.778763,0
3804,0.733401,0
3805,3.303502,0
3806,2.449938,0
3807,1.967337,0
3808,4.394829,1
3809,1.406775,0
3810,2.540034,0
3811,2.394455,0
3812,1.92233,1
3813,2.67905,0
3814,2.577991,0
3815,1.343977,0
3816,0.043118,0
3817,3.697565,1
3818,2.016547,0
3819,4.430044,1
3820,2.766472,1
3821,2.945007,0
3822,0.93661,0
3823,3.226468,0
3824,2.507083,0
3825,2.976495,0
3826,1.251596,0
3827,1.631713,0
3828,2.655131,0
3829,0.214322,0
3830,0.260751,0
3831,2.42376,0
3832,0.886459,0
3833,0.21398,0
3834,0.12114,0
3835,1.311955,0
3836,0.122309,0
3837,1.031768,0
3838,1.205639,0
3839,1.042611,0
3840,0.381325,0
3841,0.219465,0
3842,0.895972,0
3843,0.162838,0
3844,2.578436,0
3845,0.740109,0
3846,1.215439,0
3847,1.117782,0
3848,0.16252,0
3849,0.267982,1
3850,0.538198,0
3851,2.379183,0
3852,2.991507,0
3853,3.807965,0
3854,0.331429,0
3855,0.183059,0
3856,2.499071,0
3857,3.165551,0
3858,1.325338,0
3859,0.724549,0
3860,2.466721,0
3861,1.681943,0
3862,0.210047,0
3863,0.411371,0
3864,1.28685,0
3865,0.866637,0
3866,2.315578,1
3867,1.05166,1
3868,1.954902,0
3869,2.018519,0
3870,0.380696,0
3871,1.547298,0
3872,0.211697,0
3873,0.888846,0
3874,3.366801,1
3875,2.096426,0
3876,2.298601,0
3877,2.951389,0
3878,1.807603,0
3879,2.387719,0
3880,0.864938,0
3881,0.331305,0
3882,0.155782,0
3883,0.343364,0
3884,0.898891,0
3885,3.304553,0
3886,0.888792,0
3887,0.156757,0
3888,2.021638,0
3889,1.428556,0
3890,0.695892,0
3891,0.353346,0
3892,2.140377,0
3893,1.163533,0
3894,1.462093,0
3895,0.107666,0
3896,0.429566,0
3897,0.054221,0
3898,2.571965,0
3899,2.292413,0
3900,0.10135,0
3901,1.524024,0
3902,0.063443,0
3903,1.668273,0
3904,3.98672,0
3905,0.135614,0
3906,0.175919,0
3907,2.093906,0
3908,0.169837,0
3909,0.184554,0
3910,2.887316,0
3911,0.130687,0
3912,3.037273,0
3913,1.408673,0
3914,1.647024,0
3915,3.570193,1
3916,2.504575,0
3917,0.36659,0
3918,1.796543,0
3919,0.480137,0
3920,0.42976,0
3921,0.109749,0
3922,0.084692,0
3923,0.783763,0
3924,1.358151,1
3925,0.400983,0
3926,2.014073,0
3927,1.99842,1
3928,1.651951,1
3929,1.45255,0
3930,2.416976,0
3931,2.042281,0
3932,1.148644,1
3933,2.739534,0
3934,0.409741,0
3935,2.002767,0
3936,2.196365,0
3937,1.862197,0
3938,0.118286,0
3939,2.68828,0
3940,0.440755,0
3941,0.291871,0
3942,0.68466,0
3943,1.217298,1
3944,0.289539,0
3945,1.624798,0
3946,2.22874,0
3947,0.407641,0
3948,0.48502,0
3949,1.723084,0
3950,3.757892,0
3951,2.527503,0
3952,0.257817,0
3953,3.027464,0
3954,0.667754,0
3955,1.93635,0
3956,1.1822,0
3957,2.343348,0
3958,3.295237,0
3959,2.191863,0
3960,3.169977,0
3961,1.198098,0
3962,0.196963,0
3963,1.519814,0
3964,2.884036,0
3965,0.538658,0
3966,0.147541,0
3967,2.430751,0
3968,1.594602,0
3969,1.717572,0
3970,2.418819,0
3971,1.023698,0
3972,1.262532,0
3973,2.0764,0
3974,0.050979,0
3975,1.379579,0
3976,1.58192,0
3977,1.288488,0
3978,1.904592,0
3979,0.289059,0
3980,1.260641,0
3981,1.939902,0
3982,1.878672,0
3983,2.232084,0
3984,2.715516,0
3985,0.168813,0
3986,0.195369,0
3987,2.918736,0
3988,1.46166,0
3989,0.52629,0
3990,0.154774,0
3991,1.351225,0
3992,2.385303,1
3993,2.894647,0
3994,4.491381,0
3995,1.689085,0
3996,1.202243,0
3997,1.567543,0
3998,1.949722,0
3999,0.084893,0
4000,3.39006,0
4001,2.508513,0
4002,0.368685,0
4003,2.226395,0
4004,1.648024,0
4005,1.501704,0
4006,2.396302,0
4007,0.738127,0
4008,2.091295,0
4009,0.210602,0
4010,1.732466,0
4011,3.055747,1
4012,1.697763,0
4013,0.380039,0
4014,0.50494,0
4015,1.636611,0
4016,0.057226,0
4017,2.267133,0
4018,1.857388,0
4019,2.950177,0
4020,0.266309,0
4021,0.114572,0
4022,0.685453,0
4023,3.980787,0
4024,1.457155,0
4025,3.120665,0
4026,0.192153,0
4027,1.540197,0
4028,2.915689,1
4029,0.509379,0
4030,4.026773,0
4031,2.252102,0
4032,2.647832,0
4033,1.24467,0
4034,3.028204,1
4035,0.180903,0
4036,0.236187,0
4037,3.360553,0
4038,2.572206,0
4039,2.092833,0
4040,0.18397,1
4041,2.202007,0
4042,1.477351,0
4043,0.427215,0
4044,2.859872,0
4045,1.403946,0
4046,1.286322,0
4047,4.115877,1
4048,1.280622,0
4049,3.391137,0
4050,1.632067,0
4051,3.72615,0
4052,1.418828,1
4053,0.323872,0
4054,0.555326,0
4055,1.95207,0
4056,1.283912,0
4057,2.322475,0
4058,0.270222,0
4059,1.873148,0
4060,0.338445,0
4061,0.713119,1
4062,2.430139,0
4063,0.66457,0
4064,0.469267,0
4065,2.51143,0
4066,2.120741,0
4067,3.306357,0
4068,2.341114,0
4069,0.030386,0
4070,0.705594,0
4071,0.735104,0
4072,0.198186,1
4073,2.58481,1
4074,0.791216,0
4075,0.588056,0
4076,1.582257,0
4077,2.771873,0
4078,0.124515,0
4079,3.111478,0
4080,2.43411,0
4081,1.368848,0
4082,1.26912,0
4083,3.483847,0
4084,0.726234,0
4085,0.248817,0
4086,1.634361,0
4087,0.311963,0
4088,0.035205,0
4089,0.319558,0
4090,1.026457,0
4091,0.352653,1
4092,0.363154,0
4093,2.714402,0
4094,0.357519,0
4095,2.341668,0
4096,0.884529,1
4097,3.121371,0
4098,0.573015,0
4099,3.468738,0
4100,0.743381,0
4101,0.436512,0
4102,1.487315,0
4103,2.187356,0
4104,0.867552,0
4105,2.691234,0
4106,0.042352,0
4107,2.870208,0
4108,2.280196,0
4109,2.492153,0
4110,2.778257,1
4111,0.03547,0
4112,1.288169,0
4113,2.85757,0
4114,2.989156,0
4115,0.306028,0
4116,1.713366,0
4117,0.091446,0
4118,2.05302,0
4119,0.239734,0
4120,2.389205,0
4121,1.259372,0
4122,1.634845,0
4123,1.605684,0
4124,3.208212,0
4125,1.994396,0
4126,0.156266,0
4127,2.264276,0
4128,1.658633,0
4129,1.002549,0
4130,2.943083,0
4131,0.343902,0
4132,0.091173,0
4133,0.716558,0
4134,0.291867,0
4135,1.926033,0
4136,1.748456,0
4137,0.156587,0
4138,1.349866,0
4139,1.822327,0
4140,1.579608,1
4141,3.203787,0
4142,0.173142,0
4143,0.493552,0
4144,0.519715,0
4145,0.770879,0
4146,0.024919,1
4147,0.373616,0
4148,0.241344,0
4149,0.428939,0
4150,0.087145,0
4151,2.126944,1
4152,2.188157,0
4153,0.178526,0
4154,0.311905,0
4155,0.086734,0
4156,0.767034,0
4157,1.572393,0
4158,0.612269,0
4159,0.062548,0
4160,1.814616,0
4161,3.513753,0
4162,2.609362,0
4163,1.481994,0
4164,0.101598,0
4165,2.049901,1
4166,2.162945,0
4167,0.762156,0
4168,1.769542,0
4169,2.294036,0
4170,3.015502,0
4171,1.338325,0
4172,0.694775,0
4173,3.064901,0
4174,0.300711,0
4175,2.116038,0
4176,2.981314,0
4177,0.515318,0
4178,2.964365,0
4179,2.188065,0
4180,2.607689,0
4181,1.749852,1
4182,0.797905,0
4183,1.629909,0
4184,1.071691,0
4185,1.7823,0
4186,0.196074,0
4187,1.697758,0
4188,0.974953,1
4189,2.623595,0
4190,0.689848,0
4191,0.321987,0
4192,2.55342,1
4193,1.652698,0
4194,2.169851,1
4195,3.370847,0
4196,0.941832,0
4197,0.748113,0
4198,2.816905,0
4199,2.527536,0
4200,1.592426,0
4201,1.555851,0
4202,0.767825,0
4203,1.056278,0
4204,0.264715,0
4205,3.552477,0
4206,2.760972,0
4207,2.048521,0
4208,0.145591,0
4209,0.590396,0
4210,0.807589,0
4211,2.610104,0
4212,2.25636,0
4213,0.083465,0
4214,2.180003,0
4215,1.924902,0
4216,2.765022,0
4217,1.545957,0
4218,2.914736,0
4219,0.09639,0
4220,2.396212,0
4221,2.870796,1
4222,2.632138,0
4223,1.871461,0
4224,1.168145,0
4225,3.311748,0
4226,0.670973,0
4227,0.285417,0
4228,0.654328,0
4229,0.213526,0
4230,2.321202,0
4231,0.305595,0
4232,2.384449,0
4233,4.462238,0
4234,2.485568,0
4235,3.643409,0
4236,0.066346,0
4237,1.401555,1
4238,2.817118,1
4239,4.395868,0
4240,2.130549,0
4241,1.921273,0
4242,1.903217,0
4243,2.165154,0
4244,2.660329,0
4245,0.358787,1
4246,0.822872,0
4247,0.722965,0
4248,3.561149,1
4249,2.459109,0
4250,0.826172,0
4251,3.061053,0
4252,1.42234,0
4253,0.12734,0
4254,1.717712,0
4255,0.346618,0
4256,1.896195,0
4257,0.783421,0
4258,0.834562,0
4259,0.949124,0
4260,0.100187,0
4261,1.362158,0
4262,0.7324,1
4263,1.248698,0
4264,1.275048,0
4265,0.06406,0
4266,0.420564,0
4267,2.314782,0
4268,0.280398,0
4269,1.171911,0
4270,3.378362,0
4271,1.653273,0
4272,2.659296,0
4273,1.103586,1
4274,1.926852,0
4275,0.993065,0
4276,1.565525,0
4277,1.329021,1
4278,0.459812,0
4279,2.969358,0
4280,1.985686,0
4281,0.730273,0
4282,2.102122,0
4283,0.665368,1
4284,0.587242,0
4285,0.406973,0
4286,0.259377,0
4287,1.097314,0
4288,0.521628,0
4289,1.071245,0
4290,0.44121,0
4291,2.105836,0
4292,0.620441,0
4293,1.229835,1
4294,0.1269,0
4295,0.264834,0
4296,1.989654,0
4297,2.047674,0
4298,3.544321,0
4299,2.453673,0
4300,0.320134,0
4301,0.18443,0
4302,0.478221,0
4303,1.485571,0
4304,1.896564,0
4305,3.53501,0
4306,0.86445,0
4307,0.740536,0
4308,0.412908,0
4309,2.348223,0
4310,0.130542,0
4311,2.199772,0
4312,1.469829,0
4313,0.154582,0
4314,0.032991,0
4315,0.659684,0
4316,0.349441,0
4317,2.741238,0
4318,1.792056,0
4319,0.170298,0
4320,0.93272,1
4321,3.972758,0
4322,3.546502,0
4323,2.092248,1
4324,2.392655,0
4325,2.34946,0
4326,0.090923,0
4327,1.912275,0
4328,1.702441,0
4329,1.179799,0
4330,0.184945,0
4331,0.709759,1
4332,1.456757,0
4333,0.010224,0
4334,0.301214,0
4335,0.26277,0
4336,3.61585,0
4337,1.102826,0
4338,0.068367,0
4339,1.822569,0
4340,0.005211,0
4341,2.548155,0
4342,0.306247,0
4343,2.695218,0
4344,0.201183,0
4345,1.744617,0
4346,3.131299,0
4347,2.253702,0
4348,2.764917,0
4349,0.438936,0
4350,0.325265,0
4351,2.173902,0
4352,0.891771,0
4353,0.841123,0
4354,0.123514,0
4355,0.270815,0
4356,0.888425,0
4357,2.058327,0
4358,0.158054,0
4359,2.022943,0
4360,0.050903,0
4361,0.184634,0
4362,2.328465,0
4363,2.582077,0
4364,2.763256,0
4365,2.435669,0
4366,0.944335,0
4367,4.082838,1
4368,1.236239,0
4369,0.38252,0
4370,1.937262,0
4371,0.769852,0
4372,2.506081,0
4373,1.060884,0
4374,2.459232,0
4375,0.055217,0
4376,2.193969,0
4377,1.490762,0
4378,3.249393,1
4379,2.900551,0
4380,1.600292,0
4381,2.320223,0
4382,0.303402,1
4383,0.425116,0
4384,0.703,0
4385,0.140704,1
4386,2.2368,0
4387,0.683722,0
4388,0.709856,0
4389,2.202563,0
4390,0.01117,0
4391,2.730993,0
4392,1.700042,0
4393,0.327837,0
4394,3.258457,1
4395,0.177795,0
4396,1.076879,0
4397,1.507816,0
4398,4.166672,0
4399,2.23033,0
4400,0.739798,0
4401,1.554676,0
4402,2.715924,0
4403,1.965245,0
4404,2.471827,0
4405,0.892806,0
4406,2.680923,0
4407,0.54432,0
4408,0.034665,0
4409,1.933053,0
4410,0.448692,0
4411,0.830247,0
4412,2.640512,1
4413,0.292544,0
4414,3.046491,0
4415,0.143345,0
4416,2.334563,0
4417,3.251807,0
4418,0.320259,0
4419,2.827836,0
4420,0.293938,0
4421,1.866453,0
4422,2.580703,0
4423,1.674462,0
4424,2.108946,0
4425,0.135403,0
4426,0.18553,0
4427,1.473054,0
4428,1.926677,0
4429,1.052592,0
4430,2.692003,0
4431,5.102062,1
4432,2.140323,0
4433,1.93979,0
4434,3.471029,0
4435,0.028344,0
4436,0.753949,1
4437,0.640228,0
4438,2.089923,0
4439,2.470567,0
4440,0.284512,0
4441,2.332423,0
4442,2.750341,0
4443,0.03315,0
4444,0.786976,1
4445,1.446768,0
4446,0.30523,0
4447,1.454406,0
4448,2.997539,0
4449,2.244354,0
4450,0.73991,0
4451,1.013382,0
4452,0.201534,0
4453,0.72429,0
4454,1.816618,0
4455,0.053671,0
4456,0.105759,0
4457,2.544414,0
4458,2.737588,0
4459,3.253959,0
4460,0.26161,0
4461,2.047085,0
4462,1.610879,0
4463,0.183016,0
4464,1.928253,0
4465,0.90169,0
4466,0.868364,0
4467,0.7765,0
4468,1.602449,0
4469,3.051442,0
4470,3.306949,0
4471,0.089868,0
4472,0.500329,1
4473,1.61165,0
4474,0.259566,0
4475,0.995628,0
4476,0.199362,0
4477,2.404423,0
4478,3.17418,1
4479,0.845629,0
4480,1.690249,0
4481,1.495178,0
4482,1.935838,0
4483,0.278918,0
4484,1.996708,0
4485,0.348779,0
4486,2.455706,0
4487,1.832022,0
4488,1.968475,0
4489,2.149322,0
4490,1.212802,0
4491,0.064521,0
4492,0.207465,0
4493,1.745211,0
4494,2.560175,0
4495,0.411365,0
4496,0.973478,0
4497,0.095192,0
4498,2.2436,0
4499,0.283568,0
4500,0.411443,0
4501,0.076534,0
4502,0.538737,0
4503,2.380346,0
4504,1.048869,0
4505,1.841416,0
4506,0.833517,0
4507,1.445324,0
4508,0.446927,0
4509,2.611112,1
4510,0.262314,0
4511,1.938798,0
4512,0.06385,0
4513,1.870055,1
4514,2.116526,0
4515,0.59237,0
4516,2.511378,1
4517,0.136723,0
4518,0.12718,0
4519,1.620876,0
4520,0.133297,0
4521,2.596187,0
4522,0.139517,0
4523,1.061414,0
4524,0.818694,0
4525,0.453852,0
4526,1.110618,0
4527,1.667108,0
4528,2.545601,0
4529,3.137512,1
4530,2.334066,1
4531,2.069367,0
4532,0.141753,0
4533,2.60238,0
4534,0.494339,0
4535,3.303063,0
4536,1.342143,0
4537,1.237949,0
4538,0.449639,0
4539,0.130906,0
4540,2.455956,0
4541,1.836352,0
4542,0.829405,1
4543,2.04348,0
4544,2.737791,1
4545,2.926564,1
4546,1.569363,0
4547,1.944034,1
4548,0.356432,0
4549,1.949857,0
4550,0.441308,0
4551,4.153913,1
4552,0.103125,0
4553,1.640986,0
4554,0.822284,1
4555,2.710063,0
4556,2.776548,0
4557,2.754339,0
4558,0.493778,0
4559,1.558966,0
4560,2.69126,1
4561,1.293545,0
4562,1.088324,0
4563,0.60033,0
4564,3.653324,1
4565,0.296457,0
4566,1.655944,0
4567,2.319202,0
4568,3.567862,1
4569,3.063595,0
4570,3.952876,0
4571,0.913211,0
4572,0.574639,0
4573,0.187282,0
4574,1.272781,0
4575,3.430174,0
4576,1.096444,0
4577,0.456568,0
4578,2.385247,0
4579,0.595961,0
4580,2.361001,0
4581,0.510838,0
4582,3.342799,1
4583,1.756218,0
4584,2.513828,1
4585,3.38029,0
4586,0.233214,0
4587,0.013635,0
4588,2.009832,1
4589,0.143583,0
4590,1.066123,0
4591,0.216137,0
4592,0.575598,0
4593,0.389416,0
4594,2.406555,0
4595,1.533675,0
4596,4.074024,1
4597,1.437638,0
4598,2.415947,0
4599,0.00299,0
4600,1.11704,0
4601,1.179196,0
4602,1.376501,0
4603,5.715222,0
4604,0.089839,0
4605,2.377362,0
4606,0.037191,0
4607,0.436402,0
4608,0.049177,0
4609,1.762262,0
4610,3.002379,0
4611,2.355,0
4612,2.962453,0
4613,1.421049,0
4614,2.024116,0
4615,0.362877,0
4616,2.425286,0
4617,0.121312,0
4618,1.232298,0
4619,2.402841,0
4620,3.418108,0
4621,0.208769,0
4622,2.396234,0
4623,1.033269,0
4624,0.320089,0
4625,0.22662,0
4626,2.144083,0
4627,2.361491,0
4628,3.946234,0
4629,2.144687,0
4630,0.089617,0
4631,2.008213,1
4632,2.415272,0
4633,0.2613,0
4634,0.539472,1
4635,2.602935,0
4636,0.988862,0
4637,1.93811,0
4638,1.441696,1
4639,0.248429,0
4640,1.401978,0
4641,3.229278,0
4642,3.326649,0
4643,1.73299,0
4644,2.526386,1
4645,0.747851,0
4646,4.314776,0
4647,2.071329,0
4648,3.954768,0
4649,2.057763,0
4650,0.07929,0
4651,4.430725,0
4652,2.617831,0
4653,3.465318,1
4654,0.271997,0
4655,0.828784,0
4656,1.457896,0
4657,0.31857,0
4658,3.213487,1
4659,1.502912,0
4660,2.235579,0
4661,1.908929,0
4662,2.429604,1
4663,2.193797,0
4664,2.993011,0
4665,2.296174,0
4666,0.257385,0
4667,0.403437,0
4668,1.646492,0
4669,1.943639,0
4670,1.927458,0
4671,3.28315,1
4672,0.614369,0
4673,1.703791,0
4674,0.532805,0
4675,0.503107,0
4676,2.060504,0
4677,0.138428,0
4678,1.99524,0
4679,2.860729,0
4680,2.919252,1
4681,3.768759,0
4682,1.328947,0
4683,2.799263,0
4684,2.416267,1
4685,0.684508,1
4686,2.554619,0
4687,0.824802,0
4688,1.881275,0
4689,3.155386,0
4690,0.740201,1
4691,0.702783,0
4692,2.253061,0
4693,1.660858,0
4694,1.536145,0
4695,0.746349,0
4696,1.736618,0
4697,0.177538,0
4698,2.294757,0
4699,2.89529,0
4700,0.215934,0
4701,2.889254,0
4702,0.588848,0
4703,3.018011,0
4704,1.608002,1
4705,0.251098,0
4706,0.440339,0
4707,0.273606,0
4708,1.675566,0
4709,2.132082,0
4710,1.932088,0
4711,0.275099,0
4712,0.554548,0
4713,3.586823,0
4714,2.584699,0
4715,0.518218,0
4716,0.991506,0
4717,0.900678,0
4718,2.405821,0
4719,2.222773,0
4720,3.018691,1
4721,2.122036,0
4722,1.021523,0
4723,2.121234,0
4724,0.997808,0
4725,2.218471,0
4726,0.340758,0
4727,4.77754,0
4728,0.251831,0
4729,0.168112,0
4730,3.38403,0
4731,1.772967,0
4732,0.210618,0
4733,1.575444,0
4734,0.634773,0
4735,0.717459,0
4736,3.412427,0
4737,3.589725,0
4738,1.372742,0
4739,2.862563,0
4740,0.608809,0
4741,0.048068,0
4742,0.438276,0
4743,1.449579,0
4744,0.187702,0
4745,2.351108,0
4746,3.651805,0
4747,2.735218,0
4748,3.132248,0
4749,0.494975,0
4750,1.792048,0
4751,0.209744,0
4752,0.17471,0
4753,2.940956,0
4754,0.149377,0
4755,2.620459,0
4756,0.319478,0
4757,0.441731,0
4758,0.145287,0
4759,0.30826,0
4760,2.174268,0
4761,4.439521,0
4762,1.900956,1
4763,2.550676,0
4764,0.589481,0
4765,0.293166,0
4766,1.969637,0
4767,1.717515,0
4768,1.228677,0
4769,0.506219,0
4770,2.063194,0
4771,1.779491,0
4772,0.263631,0
4773,0.052717,0
4774,0.125651,0
4775,2.470361,0
4776,2.053601,1
4777,1.952515,1
4778,0.460312,0
4779,2.188651,0
4780,0.75718,0
4781,2.013368,0
4782,2.821305,0
4783,4.405767,0
4784,1.607751,0
4785,2.302238,0
4786,0.733361,0
4787,0.145974,0
4788,1.797522,0
4789,0.746197,0
4790,0.854085,0
4791,0.101662,0
4792,0.948633,0
4793,0.494241,0
4794,1.277392,1
4795,0.783054,0
4796,2.622576,0
4797,2.20729,0
4798,1.12786,0
4799,3.180994,0
4800,0.985707,0
4801,1.849244,0
4802,0.793789,0
4803,2.97299,0
4804,0.186884,0
4805,3.432361,0
4806,1.3854,0
4807,0.564197,0
4808,2.438548,0
4809,0.768914,0
4810,4.209213,0
4811,2.076778,0
4812,1.017762,0
4813,1.867624,0
4814,1.549252,0
4815,1.21753,0
4816,0.234131,0
4817,1.108954,1
4818,0.678156,0
4819,0.08958,0
4820,0.806447,0
4821,1.009402,0
4822,3.320335,0
4823,0.427967,0
4824,1.511577,0
4825,0.68189,0
4826,2.034461,0
4827,0.811521,0
4828,0.160607,0
4829,2.819954,0
4830,0.55655,0
4831,0.506086,0
4832,0.712462,0
4833,1.701442,0
4834,1.529323,0
4835,0.730466,0
4836,0.978935,0
4837,0.315527,0
4838,1.799284,0
4839,0.036992,0
4840,2.769098,0
4841,0.191184,0
4842,1.206794,0
4843,0.563749,0
4844,2.747105,0
4845,3.19595,0
4846,2.215769,0
4847,3.194893,0
4848,1.536274,0
4849,0.548829,0
4850,0.628565,0
4851,2.899113,1
4852,3.368112,0
4853,0.217044,0
4854,0.84775,0
4855,1.59693,0
4856,0.578195,0
4857,0.676685,0
4858,0.892027,0
4859,0.134206,0
4860,2.460163,0
4861,0.717757,0
4862,4.205799,1
4863,1.86182,0
4864,1.20036,0
4865,0.742284,0
4866,1.374558,1
4867,2.027402,0
4868,0.221445,0
4869,0.831798,0
4870,2.85038,0
4871,2.105119,0
4872,2.458081,1
4873,0.90613,0
4874,0.051586,0
4875,2.626055,1
4876,2.948606,0
4877,0.330768,0
4878,3.225222,0
4879,0.319754,0
4880,1.176605,0
4881,1.241746,0
4882,2.684353,0
4883,0.208055,0
4884,0.197438,0
4885,1.943117,0
4886,0.833861,1
4887,2.203563,0
4888,3.359838,1
4889,3.61973,1
4890,0.398715,0
4891,2.408503,1
4892,0.245657,0
4893,2.042441,0
4894,3.059409,0
4895,0.053683,0
4896,1.630951,0
4897,0.117172,0
4898,2.921715,0
4899,0.982587,0
4900,0.072199,0
4901,2.189966,0
4902,1.368986,0
4903,0.755259,0
4904,0.545849,0
4905,2.613357,0
4906,2.624479,0
4907,2.357494,0
4908,0.358866,0
4909,2.500492,0
4910,0.052583,0
4911,1.716242,0
4912,3.262334,0
4913,0.36501,0
4914,0.173728,0
4915,2.374133,0
4916,0.025766,0
4917,0.026276,0
4918,2.73331,1
4919,2.140311,0
4920,2.279008,0
4921,0.027495,0
4922,2.859047,0
4923,4.225704,0
4924,0.210681,0
4925,0.133152,0
4926,1.00487,0
4927,1.974294,0
4928,1.366824,0
4929,2.633965,0
4930,2.471516,0
4931,0.215706,0
4932,0.396591,0
4933,0.583114,0
4934,0.796358,0
4935,2.291783,1
4936,2.74249,0
4937,2.481287,0
4938,3.38881,0
4939,2.580232,0
4940,0.963816,0
4941,1.232701,0
4942,1.262022,1
4943,2.543865,1
4944,3.19623,0
4945,1.920689,0
4946,0.041147,0
4947,1.541208,0
4948,0.52867,0
4949,0.016177,0
4950,2.548516,0
4951,0.079575,0
4952,1.393289,0
4953,0.562593,0
4954,0.820388,0
4955,0.144631,0
4956,1.707567,0
4957,0.995504,0
4958,0.133339,0
4959,2.322797,0
4960,2.465215,0
4961,0.620624,1
4962,2.66287,0
4963,0.719242,0
4964,0.506947,0
4965,1.46997,0
4966,0.448301,0
4967,2.508901,1
4968,0.151372,0
4969,1.94468,0
4970,0.597872,0
4971,2.744103,0
4972,2.993484,0
4973,0.242822,0
4974,1.917673,0
4975,0.379696,0
4976,3.01935,0
4977,1.680908,1
4978,2.296939,0
4979,0.415444,0
4980,0.765705,0
4981,0.429459,0
4982,0.744679,0
4983,2.587271,0
4984,3.118134,0
4985,1.860199,0
4986,2.48561,0
4987,0.151435,0
4988,0.511702,0
4989,2.39316,1
4990,0.511238,0
4991,0.474624,0
4992,1.477173,0
4993,2.64171,0
4994,2.599614,1
4995,0.026157,0
4996,1.53318,0
4997,1.461119,0
4998,0.368589,0
4999,2.463067,0
5000,3.233727,0
5001,2.502433,0
5002,0.076361,0
5003,2.49113,0
5004,1.91624,0
5005,2.118248,0
5006,0.717536,0
5007,4.3303,1
5008,0.661307,0
5009,1.794341,0
5010,1.651866,0
5011,1.971952,1
5012,0.269384,0
5013,1.717318,0
5014,0.310328,0
5015,0.201006,0
5016,0.420293,0
5017,1.767266,0
5018,1.107451,0
5019,1.765726,0
5020,1.034279,0
5021,0.226309,0
5022,2.069011,0
5023,1.612117,1
5024,0.142273,0
5025,1.418846,0
5026,0.761214,0
5027,0.316899,0
5028,3.820364,0
5029,1.989903,0
5030,2.336144,0
5031,3.025093,0
5032,2.348239,0
5033,1.955451,0
5034,1.069287,0
5035,1.848972,0
5036,0.240627,0
5037,0.106839,0
5038,2.419866,0
5039,1.711017,0
5040,2.406397,0
5041,2.468081,0
5042,0.245704,0
5043,0.629944,0
5044,1.683289,0
5045,0.177756,0
5046,0.114003,0
5047,1.604079,0
5048,0.094742,0
5049,0.20935,0
5050,1.032675,0
5051,2.438229,0
5052,0.229343,0
5053,1.949218,0
5054,1.733138,1
5055,1.451915,0
5056,0.632867,0
5057,1.912703,0
5058,4.252089,1
5059,0.81011,1
5060,0.139571,0
5061,0.580208,0
5062,3.877105,1
5063,0.795921,0
5064,1.966495,0
5065,2.349501,0
5066,0.255363,0
5067,0.965807,0
5068,2.241311,1
5069,1.835274,0
5070,0.548002,0
5071,0.166842,0
5072,1.870806,0
5073,2.61542,1
5074,0.806585,0
5075,0.703469,0
5076,1.244628,0
5077,0.224837,0
5078,0.323405,0
5079,1.979917,0
5080,2.737995,0
5081,0.557466,0
5082,0.028747,0
5083,2.078522,1
5084,1.027712,0
5085,0.724743,0
5086,0.536147,0
5087,1.44182,1
5088,0.178719,0
5089,0.097926,0
5090,1.574724,0
5091,5.620831,0
5092,2.204525,0
5093,0.224554,0
5094,1.867798,0
5095,1.75457,0
5096,2.238411,0
5097,1.119813,0
5098,0.779983,0
5099,0.404626,0
5100,0.600515,0
5101,1.174565,0
5102,1.6012,0
5103,2.898355,0
5104,0.308784,0
5105,2.400049,0
5106,1.383494,0
5107,0.78344,0
5108,2.357378,0
5109,0.391812,0
5110,1.426349,0
5111,0.393616,0
5112,1.14349,0
5113,2.198609,0
5114,0.016941,0
5115,2.777515,1
5116,0.119244,0
5117,2.574714,0
5118,1.920506,0
5119,1.12255,0
5120,2.266083,0
5121,0.040987,1
5122,0.156373,0
5123,0.375278,0
5124,3.401084,0
5125,1.532443,0
5126,0.392711,0
5127,0.285684,1
5128,0.294726,0
5129,1.21195,1
5130,2.896992,0
5131,0.368442,0
5132,2.403786,0
5133,0.815025,0
5134,1.408261,0
5135,0.697674,0
5136,0.145122,0
5137,2.212443,1
5138,0.436036,0
5139,0.599504,0
5140,2.603619,0
5141,3.704282,0
5142,2.928388,0
5143,3.242073,0
5144,2.087285,1
5145,0.320682,0
5146,1.247568,0
5147,1.161881,0
5148,3.306483,1
5149,1.989273,0
5150,0.090259,0
5151,1.271394,0
5152,2.953321,1
5153,3.467359,0
5154,2.059649,0
5155,0.127605,0
5156,0.245381,0
5157,0.183866,0
5158,0.591733,0
5159,1.390254,0
5160,1.492346,0
5161,4.061968,0
5162,3.087771,0
5163,0.523901,0
5164,2.031759,0
5165,1.971851,0
5166,1.502843,0
5167,0.085654,0
5168,1.027228,0
5169,1.85572,1
5170,1.333367,0
5171,2.025775,0
5172,0.206149,0
5173,0.636136,0
5174,2.162312,0
5175,3.452283,0
5176,1.986296,0
5177,0.52954,0
5178,2.405013,0
5179,0.102646,0
5180,2.541727,0
5181,3.409125,1
5182,3.05678,0
5183,0.058979,0
5184,0.516702,0
5185,0.475152,0
5186,0.164343,0
5187,1.057675,0
5188,2.808691,0
5189,0.899175,0
5190,1.225416,0
5191,0.984215,0
5192,2.176015,0
5193,2.18457,0
5194,0.798844,0
5195,0.312786,0
5196,0.463029,0
5197,2.957468,0
5198,2.18817,0
5199,1.246686,0
5200,0.1034,0
5201,0.157952,0
5202,0.29296,0
5203,0.196249,0
5204,2.523243,0
5205,2.232379,0
5206,2.494645,0
5207,2.6072,0
5208,0.631275,0
5209,3.415515,0
5210,0.721376,0
5211,1.965785,0
5212,1.374756,0
5213,0.581386,0
5214,2.666744,0
5215,2.066328,0
5216,1.002217,0
5217,4.427217,1
5218,0.694472,0
5219,1.40273,0
5220,3.963073,0
5221,0.043157,0
5222,1.662617,0
5223,2.71754,0
5224,1.056613,1
5225,0.134499,0
5226,0.684728,0
5227,0.707168,0
5228,0.037109,0
5229,1.74367,0
5230,2.852425,0
5231,1.355399,0
5232,0.455379,0
5233,0.435636,0
5234,1.120244,0
5235,2.155212,0
5236,0.805773,0
5237,2.014063,0
5238,2.932525,0
5239,0.1957,0
5240,1.905254,0
5241,0.345442,0
5242,1.909696,0
5243,0.372907,0
5244,1.813008,0
5245,1.453501,0
5246,0.869156,0
5247,2.82738,0
5248,0.380235,0
5249,0.286784,0
5250,1.513054,0
5251,1.750765,0
5252,1.337265,1
5253,2.156079,0
5254,0.208643,0
5255,0.162693,0
5256,0.132567,1
5257,1.854255,1
5258,2.340672,0
5259,2.504725,0
5260,0.014077,0
5261,0.32946,0
5262,0.538007,0
5263,0.867131,0
5264,0.244191,0
5265,3.385856,0
5266,0.203595,0
5267,2.11029,0
5268,1.552694,0
5269,4.478743,1
5270,1.642456,0
5271,1.955885,0
5272,0.289921,0
5273,0.128711,0
5274,1.716545,0
5275,0.501687,0
5276,0.957784,0
5277,1.810552,0
5278,2.22018,0
5279,1.724691,0
5280,1.41608,0
5281,1.344376,0
5282,0.031744,0
5283,2.530427,0
5284,1.041341,0
5285,0.05627,0
5286,2.399663,0
5287,0.425772,0
5288,0.215168,0
5289,3.164718,1
5290,1.788318,1
5291,2.591692,0
5292,2.316113,0
5293,1.465047,0
5294,1.223083,0
5295,0.285823,0
5296,2.79087,1
5297,1.18115,0
5298,2.87411,0
5299,3.202977,0
5300,0.555756,0
5301,1.834472,0
5302,0.742427,0
5303,1.96576,1
5304,0.141254,0
5305,0.748588,0
5306,0.523548,0
5307,0.655025,0
5308,3.297692,0
5309,2.013867,0
5310,1.757443,0
5311,3.11377,0
5312,3.216568,0
5313,2.850375,0
5314,1.380873,0
5315,0.503506,0
5316,1.982842,0
5317,1.578634,0
5318,2.59835,0
5319,2.777114,1
5320,0.192483,0
5321,2.973005,0
5322,1.759992,0
5323,2.793278,1
5324,1.532833,0
5325,2.205066,0
5326,3.892598,0
5327,1.864681,0
5328,1.709717,0
5329,0.126303,0
5330,0.531086,0
5331,1.064554,0
5332,2.242842,0
5333,0.886317,0
5334,2.447681,0
5335,2.709298,1
5336,0.506625,0
5337,0.565469,0
5338,0.148877,0
5339,1.992551,0
5340,0.336422,0
5341,2.69432,0
5342,2.243314,0
5343,3.79508,0
5344,1.657706,0
5345,2.155664,0
5346,1.286126,0
5347,2.23807,0
5348,0.309349,0
5349,1.201532,0
5350,0.231036,0
5351,0.202359,0
5352,2.057589,0
5353,0.082336,0
5354,1.198106,0
5355,2.440659,0
5356,0.336482,0
5357,2.671697,0
5358,2.186595,0
5359,0.191486,0
5360,2.193806,0
5361,2.717159,0
5362,0.201645,0
5363,1.034626,0
5364,1.914696,0
5365,2.341242,0
5366,0.418061,1
5367,1.899454,0
5368,3.602298,0
5369,1.982263,0
5370,2.961917,0
5371,1.013302,0
5372,0.230654,0
5373,2.584114,1
5374,1.554566,0
5375,0.156565,0
5376,0.668863,0
5377,2.394504,0
5378,3.221015,1
5379,1.345855,0
5380,1.762182,0
5381,1.255882,0
5382,3.252938,1
5383,0.534387,0
5384,1.438018,0
5385,2.737793,1
5386,2.784707,1
5387,0.213877,0
5388,0.102317,0
5389,1.659507,0
5390,2.741776,0
5391,0.052135,0
5392,2.08582,0
5393,0.203069,0
5394,1.806124,1
5395,1.979579,0
5396,0.886185,0
5397,0.507316,0
5398,1.891335,1
5399,1.145293,1
5400,1.103291,0
5401,2.370476,1
5402,0.627305,0
5403,1.855824,0
5404,0.721395,0
5405,1.14383,0
5406,0.522125,0
5407,0.135398,0
5408,0.566739,0
5409,1.774072,1
5410,2.955662,0
5411,2.169068,0
5412,0.453031,0
5413,0.612034,0
5414,2.038069,0
5415,2.392312,0
5416,2.359038,0
5417,2.861117,0
5418,1.751436,0
5419,0.378505,0
5420,2.552757,0
5421,0.715178,0
5422,1.200787,0
5423,3.861068,0
5424,1.110482,0
5425,4.026428,0
5426,2.228744,0
5427,3.332493,0
5428,1.079139,0
5429,0.645856,0
5430,2.536986,0
5431,0.216239,0
5432,0.297442,0
5433,1.383073,0
5434,4.402779,0
5435,0.411339,0
5436,3.828151,0
5437,0.957669,0
5438,0.746299,0
5439,0.633577,0
5440,0.385502,0
5441,0.586413,0
5442,1.790169,0
5443,2.666029,0
5444,0.663208,0
5445,0.659565,0
5446,1.882365,0
5447,1.941483,0
5448,0.467472,0
5449,0.458918,0
5450,0.408379,0
5451,1.398942,0
5452,1.939691,0
5453,0.380744,0
5454,1.034522,0
5455,2.804173,0
5456,1.153327,0
5457,0.53343,0
5458,0.144789,0
5459,1.527608,0
5460,1.686545,0
5461,0.565529,0
5462,2.134033,0
5463,0.027566,0
5464,3.269594,0
5465,1.533152,0
5466,0.279872,0
5467,0.234861,0
5468,1.111602,1
5469,0.056127,0
5470,2.904904,0
5471,3.088319,0
5472,0.775095,0
5473,1.53845,0
5474,1.364471,0
5475,0.217638,0
5476,0.150426,0
5477,2.589854,0
5478,0.693689,0
5479,1.81638,0
5480,2.362494,0
5481,0.301321,0
5482,0.142755,0
5483,0.814008,0
5484,1.597301,0
5485,3.937103,1
5486,0.992374,0
5487,0.85466,0
5488,1.767186,0
5489,1.330681,0
5490,1.329826,0
5491,0.163447,0
5492,1.322756,0
5493,2.157303,0
5494,2.345033,0
5495,1.281979,0
5496,1.560778,0
5497,0.032194,1
5498,0.159903,0
5499,2.498486,1
5500,0.516103,0
5501,1.163158,0
5502,1.341088,0
5503,3.034929,0
5504,0.492897,0
5505,1.795953,0
5506,2.915017,0
5507,3.992294,1
5508,2.027171,0
5509,2.678056,0
5510,0.632534,0
5511,3.377553,0
5512,0.489794,0
5513,1.057867,0
5514,1.003196,1
5515,1.502833,1
5516,1.760314,0
5517,0.947804,0
5518,4.577012,1
5519,1.817032,0
5520,2.139571,0
5521,1.620775,0
5522,1.324731,0
5523,1.609795,0
5524,1.876785,0
5525,2.633168,1
5526,0.833699,0
5527,1.370074,0
5528,2.817134,0
5529,0.346563,0
5530,0.12419,0
5531,1.790337,0
5532,1.863833,0
5533,2.491505,0
5534,0.438421,0
5535,1.056457,0
5536,2.83652,0
5537,1.582732,0
5538,0.783326,0
5539,0.358848,0
5540,0.224767,0
5541,2.075278,0
5542,1.708314,0
5543,1.640671,1
5544,1.191864,0
5545,0.114767,0
5546,0.634121,0
5547,0.595703,0
5548,2.123693,0
5549,0.080306,0
5550,0.145891,0
5551,1.696004,0
5552,0.388177,0
5553,0.641096,0
5554,0.268659,0
5555,2.049125,0
5556,1.73467,0
5557,0.143688,0
5558,0.465046,0
5559,1.164894,1
5560,4.904688,0
5561,1.537314,0
5562,1.860656,1
5563,0.270987,0
5564,1.867333,0
5565,0.278692,0
5566,3.239174,1
5567,0.398966,0
5568,1.188928,0
5569,2.022658,0
5570,0.274271,0
5571,1.169567,0
5572,2.756417,0
5573,1.479182,0
5574,0.283579,0
5575,1.928658,0
5576,0.947248,0
5577,0.962936,0
5578,1.003078,0
5579,0.17305,0
5580,0.915439,0
5581,0.771296,0
5582,0.833719,0
5583,1.635883,0
5584,0.298577,0
5585,0.470114,0
5586,1.820971,0
5587,0.962727,0
5588,2.457251,0
5589,0.801798,0
5590,1.479784,0
5591,1.228326,0
5592,3.121082,0
5593,0.317623,0
5594,1.626275,0
5595,0.253264,0
5596,2.669692,0
5597,3.427634,1
5598,0.547101,0
5599,2.059593,0
5600,4.295584,0
5601,1.851146,1
5602,0.88504,0
5603,2.272197,1
5604,0.422381,0
5605,0.193656,0
5606,2.572267,0
5607,3.111156,0
5608,0.177346,0
5609,0.878744,0
5610,0.410435,0
5611,1.364631,1
5612,0.731701,0
5613,1.846558,0
5614,1.029242,0
5615,3.057101,1
5616,1.517219,0
5617,1.942677,0
5618,1.877647,0
5619,0.178484,0
5620,2.199495,0
5621,0.213895,0
5622,1.193256,0
5623,0.689778,0
5624,1.884241,0
5625,1.70001,0
5626,0.436488,0
5627,1.170987,0
5628,1.162256,0
5629,2.724765,1
5630,2.06233,0
5631,3.622639,0
5632,0.386563,1
5633,3.065343,0
5634,1.156983,0
5635,1.738138,0
5636,0.046741,0
5637,0.345453,0
5638,1.396454,0
5639,3.0532,0
5640,0.491538,0
5641,0.994259,0
5642,0.022114,0
5643,2.044554,0
5644,1.926191,0
5645,1.255937,0
5646,2.401091,0
5647,2.321309,0
5648,0.246808,0
5649,0.975829,0
5650,1.381693,1
5651,1.574786,0
5652,1.946375,0
5653,0.549218,0
5654,3.925389,0
5655,0.890393,0
5656,2.520248,0
5657,0.877708,0
5658,1.205016,0
5659,1.873349,0
5660,1.865429,0
5661,0.920029,0
5662,1.656506,0
5663,1.372893,0
5664,0.043704,0
5665,1.425265,0
5666,0.858931,0
5667,2.869307,0
5668,0.501117,0
5669,2.454266,0
5670,0.108032,0
5671,0.761829,0
5672,2.042477,0
5673,1.028225,0
5674,0.444535,0
5675,2.954312,0
5676,2.940156,0
5677,0.85994,1
5678,0.960572,1
5679,2.091908,0
5680,0.445994,0
5681,2.252851,0
5682,2.963025,1
5683,0.293942,0
5684,2.083987,1
5685,2.442882,0
5686,2.413461,0
5687,0.216959,0
5688,3.115599,0
5689,0.709844,0
5690,0.595894,0
5691,1.678167,0
5692,2.312535,0
5693,1.68314,0
5694,2.58918,1
5695,0.144182,0
5696,2.181297,0
5697,3.057414,0
5698,0.530445,0
5699,0.631233,0
5700,1.644759,0
5701,2.261652,0
5702,3.228305,0
5703,0.565077,0
5704,1.224684,0
5705,0.084333,0
5706,1.69452,0
5707,0.11742,0
5708,3.464797,0
5709,1.322929,0
5710,2.001141,0
5711,1.552986,0
5712,0.101304,0
5713,5.735529,1
5714,1.866726,0
5715,0.541178,0
5716,1.19861,0
5717,0.442976,0
5718,2.275866,0
5719,1.037853,0
5720,2.385123,0
5721,1.229621,0
5722,1.42998,0
5723,3.209574,1
5724,0.271719,0
5725,1.127923,1
5726,0.109097,0
5727,0.282043,1
5728,1.478025,0
5729,0.27478,0
5730,2.101663,0
5731,0.852508,0
5732,2.208917,0
5733,2.040517,0
5734,0.068026,0
5735,0.625399,0
5736,1.52387,0
5737,0.050218,0
5738,1.997274,0
5739,2.371655,0
5740,1.976733,0
5741,0.729471,0
5742,1.60122,1
5743,0.11883,0
5744,2.088058,0
5745,1.88422,0
5746,1.578367,0
5747,1.491851,0
5748,1.481578,0
5749,1.314163,0
5750,1.366941,1
5751,2.268103,0
5752,1.721595,0
5753,1.523189,1
5754,0.078492,0
5755,0.060283,0
5756,1.341883,0
5757,0.259811,0
5758,0.201365,0
5759,1.925165,0
5760,1.590621,0
5761,1.858827,0
5762,1.069412,1
5763,0.042779,0
5764,1.259769,1
5765,0.634809,0
5766,2.642591,0
5767,2.345213,0
5768,0.801954,0
5769,2.615243,0
5770,0.282262,0
5771,3.090894,0
5772,2.40144,0
5773,1.372013,0
5774,0.449151,0
5775,0.423877,0
5776,1.173981,0
5777,1.624957,0
5778,1.879318,1
5779,1.496851,0
5780,0.088943,0
5781,1.713095,0
5782,0.856951,0
5783,0.932591,0
5784,0.671568,0
5785,2.318709,0
5786,0.961576,0
5787,0.710055,0
5788,1.770311,0
5789,2.12144,0
5790,0.116006,0
5791,2.410112,1
5792,1.251336,0
5793,1.668994,0
5794,1.861032,0
5795,5.786306,0
5796,2.489642,0
5797,2.411647,1
5798,1.970405,0
5799,0.776957,0
5800,0.750981,0
5801,0.973582,0
5802,0.730216,0
5803,0.196519,0
5804,1.874381,0
5805,3.32846,0
5806,0.306173,0
5807,3.309015,0
5808,1.660071,0
5809,2.405297,0
5810,2.300857,0
5811,1.75288,0
5812,1.500875,0
5813,0.753847,0
5814,0.263447,0
5815,3.862233,0
5816,0.139967,0
5817,2.042696,0
5818,1.038903,0
5819,1.540351,0
5820,1.535138,0
5821,0.700306,0
5822,0.288997,1
5823,2.71265,0
5824,0.410734,0
5825,2.061048,0
5826,0.650814,0
5827,1.814852,0
5828,3.235193,1
5829,0.99961,0
5830,1.87903,0
5831,1.669852,0
5832,0.400265,0
5833,4.814438,0
5834,3.711578,0
5835,0.319614,0
5836,0.588436,1
5837,1.940745,0
5838,2.807081,0
5839,3.164973,0
5840,2.376111,0
5841,0.496089,0
5842,1.692041,0
5843,0.055663,0
5844,1.010053,0
5845,2.737932,0
5846,2.364069,1
5847,2.054473,0
5848,2.182898,0
5849,0.290495,0
5850,3.777554,0
5851,0.080614,0
5852,1.931829,0
5853,0.06315,0
5854,0.963804,0
5855,2.647254,0
5856,2.806499,0
5857,0.400478,0
5858,2.439406,0
5859,0.154001,0
5860,0.809785,0
5861,0.903672,0
5862,0.05785,0
5863,2.312951,0
5864,0.410529,0
5865,2.996008,0
5866,2.420457,0
5867,1.322513,0
5868,0.643771,0
5869,3.371221,0
5870,2.226823,0
5871,1.886661,0
5872,1.267931,0
5873,1.477504,0
5874,0.017878,0
5875,0.35282,0
5876,2.547893,0
5877,0.239932,0
5878,1.417695,1
5879,0.760637,0
5880,0.579526,0
5881,2.625076,0
5882,0.228814,0
5883,0.205222,0
5884,2.856034,0
5885,2.494745,0
5886,1.389962,1
5887,1.37898,0
5888,1.916254,0
5889,0.3148,0
5890,3.733738,0
5891,0.859883,0
5892,1.43254,0
5893,1.592101,0
5894,1.873207,0
5895,0.783042,0
5896,3.458476,0
5897,2.721206,0
5898,3.341273,0
5899,0.067291,0
5900,1.858584,0
5901,0.694438,0
5902,0.145818,0
5903,0.525871,0
5904,1.630987,0
5905,0.945293,0
5906,1.384116,0
5907,0.087234,0
5908,1.337624,0
5909,1.770495,1
5910,2.540632,0
5911,0.406309,0
5912,2.422436,1
5913,0.134954,0
5914,0.202137,0
5915,0.575424,0
5916,1.102062,0
5917,1.027791,0
5918,0.090383,0
5919,1.028368,0
5920,1.669981,0
5921,0.763607,0
5922,3.00247,0
5923,3.050465,0
5924,0.278165,0
5925,2.222249,0
5926,1.277619,1
5927,0.714015,0
5928,0.586867,0
5929,0.457837,0
5930,1.76341,0
5931,1.660166,0
5932,0.960048,1
5933,3.668187,0
5934,0.11966,0
5935,3.130887,0
5936,1.681155,0
5937,1.284536,0
5938,2.066853,1
5939,0.369107,0
5940,0.741021,1
5941,1.034114,0
5942,4.152649,1
5943,2.852105,0
5944,0.990487,0
5945,2.205377,0
5946,2.190244,0
5947,0.059475,0
5948,0.414631,0
5949,1.980271,1
5950,0.40704,0
5951,1.010237,0
5952,1.119577,0
5953,2.166933,0
5954,2.13105,0
5955,0.094553,0
5956,0.151752,0
5957,0.120916,0
5958,0.010352,0
5959,2.335468,0
5960,3.323869,0
5961,3.815353,0
5962,1.717606,0
5963,1.006739,1
5964,1.787953,0
5965,0.435754,0
5966,3.066823,0
5967,4.180404,1
5968,0.332515,0
5969,0.20212,0
5970,0.64831,0
5971,0.988481,0
5972,0.215361,0
5973,3.592379,0
5974,2.411417,0
5975,3.005632,0
5976,0.884934,0
5977,1.006975,0
5978,0.261768,0
5979,1.731741,0
5980,2.982641,1
5981,0.342992,0
5982,0.219231,0
5983,1.780305,0
5984,1.012651,0
5985,1.128939,0
5986,4.033705,0
5987,1.889462,0
5988,0.711129,0
5989,0.513943,0
5990,2.256867,0
5991,2.169239,0
5992,0.363058,0
5993,0.388731,1
5994,3.180771,0
5995,0.170166,0
5996,0.530665,0
5997,2.711506,0
5998,3.348743,1
5999,0.925671,0
6000,0.10871,0
6001,0.237461,0
6002,2.018286,0
6003,0.216251,0
6004,0.447239,0
6005,0.231424,0
6006,2.684764,0
6007,2.644843,0
6008,1.476074,0
6009,0.036812,0
6010,2.651802,0
6011,0.341593,0
6012,2.966397,0
6013,0.576113,0
6014,0.421761,0
6015,1.010929,0
6016,3.597865,1
6017,3.502958,1
6018,0.475919,0
6019,1.468577,0
6020,1.146415,0
6021,3.574929,0
6022,1.644954,1
6023,0.139707,0
6024,2.042978,0
6025,2.000885,1
6026,0.143509,0
6027,2.229798,1
6028,1.398283,0
6029,1.821151,1
6030,2.21445,0
6031,3.767647,1
6032,0.505065,0
6033,1.935771,0
6034,0.895103,0
6035,1.317343,1
6036,1.995938,0
6037,0.226456,0
6038,3.128958,0
6039,1.092062,0
6040,0.265119,0
6041,0.925866,0
6042,2.181008,0
6043,1.181576,0
6044,1.654414,0
6045,2.29295,0
6046,1.714137,0
6047,1.788229,0
6048,0.216301,0
6049,2.124894,0
6050,0.174065,0
6051,0.053249,0
6052,3.004968,0
6053,2.126155,0
6054,1.400736,0
6055,0.502938,0
6056,1.445721,0
6057,0.805388,0
6058,1.197298,0
6059,1.203593,0
6060,0.737173,0
6061,2.574891,0
6062,0.782857,0
6063,3.294493,0
6064,0.158809,0
6065,0.902912,1
6066,0.497143,0
6067,1.1073,0
6068,2.432879,0
6069,0.250436,0
6070,1.240674,1
6071,0.103045,0
6072,2.167467,0
6073,0.760883,0
6074,3.680396,0
6075,0.255536,0
6076,2.037872,0
6077,3.985476,0
6078,1.360008,0
6079,0.443931,0
6080,2.244778,0
6081,0.735051,0
6082,2.501057,0
6083,3.291381,0
6084,2.040777,0
6085,2.714967,0
6086,0.286669,0
6087,1.732871,0
6088,0.922069,0
6089,2.381565,0
6090,1.472197,1
6091,0.613185,1
6092,1.206818,0
6093,1.687323,0
6094,2.894563,0
6095,2.439517,0
6096,2.245039,0
6097,0.45919,0
6098,0.556452,0
6099,0.992714,0
6100,1.889803,0
6101,1.203802,0
6102,1.06878,0
6103,1.564939,0
6104,0.230701,0
6105,1.408194,0
6106,0.593178,0
6107,1.419718,0
6108,2.048923,0
6109,3.124728,0
6110,0.310891,0
6111,2.35669,0
6112,1.152857,0
6113,3.301888,1
6114,2.113714,0
6115,0.73102,0
6116,1.208287,0
6117,0.353844,0
6118,2.860606,1
6119,0.875996,0
6120,2.621645,1
6121,1.131606,0
6122,1.587674,0
6123,0.248962,0
6124,0.303399,1
6125,0.976347,0
6126,3.722881,0
6127,1.471367,0
6128,1.983465,0
6129,2.320648,0
6130,3.193883,0
6131,1.362504,0
6132,1.939959,0
6133,1.031591,1
6134,2.843986,0
6135,1.772429,0
6136,2.69628,0
6137,1.278087,0
6138,3.6449,0
6139,1.949333,0
6140,0.292982,0
6141,0.57836,0
6142,2.399761,0
6143,1.535271,0
6144,0.67642,0
6145,2.805629,0
6146,1.302734,0
6147,1.852705,0
6148,1.917483,1
6149,2.687944,0
6150,1.661112,1
6151,0.259991,0
6152,2.483013,0
6153,1.813151,0
6154,1.002035,0
6155,0.937818,0
6156,0.421087,0
6157,3.195618,1
6158,1.234622,1
6159,0.297294,0
6160,1.714735,0
6161,2.057344,0
6162,1.880532,1
6163,2.506208,0
6164,1.99604,1
6165,2.543606,0
6166,0.153748,0
6167,2.389114,0
6168,1.431129,0
6169,0.558439,0
6170,0.448865,0
6171,1.003101,0
6172,0.387317,0
6173,2.33361,0
6174,2.559303,0
6175,0.493685,0
6176,1.17565,0
6177,1.705209,0
6178,0.402113,0
6179,2.416814,0
6180,0.203989,0
6181,4.491544,0
6182,0.237602,0
6183,0.248492,0
6184,1.051344,0
6185,2.188807,0
6186,0.359527,0
6187,1.830665,0
6188,0.112541,0
6189,4.379115,0
6190,1.715885,0
6191,1.39396,0
6192,0.840213,0
6193,3.819149,0
6194,0.250609,0
6195,2.499268,0
6196,0.215687,0
6197,2.729653,0
6198,2.393327,0
6199,0.492687,0
6200,2.628287,0
6201,1.143044,0
6202,0.085764,0
6203,0.302715,0
6204,1.925656,0
6205,2.838596,1
6206,0.940532,0
6207,2.930336,1
6208,0.745907,0
6209,2.27185,0
6210,3.057207,0
6211,1.807935,0
6212,1.686033,0
6213,2.804621,0
6214,0.459069,0
6215,2.595224,0
6216,0.311424,0
6217,5.49102,0
6218,2.25651,0
6219,2.777647,1
6220,2.341028,1
6221,0.591544,1
6222,0.463003,0
6223,1.874513,0
6224,2.962313,0
6225,0.842799,0
6226,2.234683,0
6227,0.224647,0
6228,1.880075,0
6229,2.613509,0
6230,0.846888,0
6231,0.372917,0
6232,2.591635,0
6233,2.511166,0
6234,0.066979,0
6235,0.479526,0
6236,0.928859,0
6237,1.102364,0
6238,2.049389,0
6239,2.14378,1
6240,1.952599,1
6241,0.773534,0
6242,2.192557,0
6243,1.850108,1
6244,1.664749,0
6245,1.499109,0
6246,0.427578,0
6247,2.310195,0
6248,1.566517,0
6249,1.941527,0
6250,3.087863,0
6251,2.394609,0
6252,1.654525,0
6253,0.331147,0
6254,0.856509,0
6255,3.013247,0
6256,0.734961,0
6257,2.722628,0
6258,0.71074,0
6259,3.801507,1
6260,3.605056,0
6261,0.541631,0
6262,2.770851,0
6263,0.387528,0
6264,1.295742,0
6265,2.411981,0
6266,2.871433,0
6267,0.608996,0
6268,1.60995,0
6269,1.892694,0
6270,0.447466,0
6271,1.098694,0
6272,0.565185,0
6273,0.078434,0
6274,0.087632,0
6275,2.774406,0
6276,0.254878,0
6277,3.067438,0
6278,0.832786,0
6279,3.537573,0
6280,0.233073,0
6281,1.958755,0
6282,2.115128,0
6283,0.320363,0
6284,0.275139,0
6285,2.291589,0
6286,2.052346,0
6287,0.545843,0
6288,2.761261,1
6289,1.806235,0
6290,1.687565,0
6291,2.12143,0
6292,1.233674,0
6293,3.02753,0
6294,1.077071,0
6295,2.453609,0
6296,1.907471,0
6297,1.575356,1
6298,0.207456,0
6299,0.230883,0
6300,0.777979,0
6301,2.974135,0
6302,3.643533,0
6303,2.536284,0
6304,1.601916,0
6305,0.059426,0
6306,2.093266,0
6307,2.721123,0
6308,2.992722,1
6309,1.18711,0
6310,0.534017,0
6311,1.424279,1
6312,0.656076,0
6313,2.133174,0
6314,0.85201,0
6315,2.035202,0
6316,0.584421,0
6317,3.438227,0
6318,0.441137,0
6319,1.216483,0
6320,1.876354,0
6321,1.064994,0
6322,1.613019,0
6323,1.479241,1
6324,1.967927,0
6325,0.404566,0
6326,2.979773,0
6327,1.30874,0
6328,0.434755,0
6329,0.372598,0
6330,0.233397,0
6331,0.34006,0
6332,0.046795,0
6333,1.735214,0
6334,2.090151,1
6335,1.554793,0
6336,0.400255,0
6337,2.328018,0
6338,2.254848,0
6339,0.482368,0
6340,0.862312,0
6341,0.105511,0
6342,0.122384,0
6343,2.358731,1
6344,0.278321,0
6345,0.132082,0
6346,0.60657,0
6347,0.196243,0
6348,0.356364,0
6349,0.06561,0
6350,1.78688,0
6351,2.010897,0
6352,1.426571,0
6353,1.645279,0
6354,1.814276,0
6355,1.968497,0
6356,1.31974,0
6357,2.272206,0
6358,0.174476,0
6359,1.846102,0
6360,2.863706,0
6361,2.323256,0
6362,1.440852,0
6363,0.124857,0
6364,0.727581,0
6365,2.600366,0
6366,3.111917,0
6367,2.877563,0
6368,0.010027,0
6369,1.636597,0
6370,1.120896,0
6371,0.520523,0
6372,1.126237,0
6373,2.734902,1
6374,2.163301,0
6375,2.87221,0
6376,2.48264,0
6377,0.28591,0
6378,0.189399,0
6379,0.062669,0
6380,1.921136,0
6381,3.344472,1
6382,1.782703,0
6383,1.955229,0
6384,0.222814,0
6385,1.525019,0
6386,3.054431,1
6387,0.127664,0
6388,0.122796,0
6389,3.598218,1
6390,0.525282,0
6391,0.765757,0
6392,2.65287,0
6393,0.631203,0
6394,1.556899,0
6395,0.89927,0
6396,1.146458,1
6397,1.988544,1
6398,1.798318,0
6399,1.574073,0
6400,3.836885,0
6401,0.345818,0
6402,0.274554,0
6403,3.414966,0
6404,2.393083,0
6405,2.691242,1
6406,0.076937,0
6407,2.418764,0
6408,0.687041,0
6409,2.688449,0
6410,2.126283,0
6411,2.570796,0
6412,1.003691,0
6413,0.130282,0
6414,0.342721,0
6415,2.735706,0
6416,2.618237,0
6417,2.036412,1
6418,2.116933,0
6419,0.647693,0
6420,0.01999,0
6421,1.152249,0
6422,1.707178,0
6423,0.243152,0
6424,1.831205,0
6425,3.124038,0
6426,0.033776,0
6427,1.996601,0
6428,2.214761,0
6429,2.463311,0
6430,4.023742,0
6431,0.752383,0
6432,3.808408,0
6433,3.407528,0
6434,0.32126,0
6435,0.185321,0
6436,2.890131,0
6437,1.535678,1
6438,1.759631,1
6439,2.499164,0
6440,0.507006,0
6441,3.032464,0
6442,2.539795,0
6443,2.265551,0
6444,0.116632,0
6445,1.275086,0
6446,2.207188,0
6447,2.751839,0
6448,0.084369,0
6449,0.074638,0
6450,2.81111,1
6451,0.438355,1
6452,2.180965,0
6453,3.172434,0
6454,0.509698,0
6455,0.426497,0
6456,3.274025,0
6457,0.53095,0
6458,0.055659,0
6459,0.909609,0
6460,2.459607,0
6461,0.112938,0
6462,0.136656,0
6463,0.700719,1
6464,2.704579,0
6465,2.222099,1
6466,0.378725,0
6467,1.368675,0
6468,2.108845,0
6469,1.492025,0
6470,1.701599,0
6471,0.835717,0
6472,1.994262,1
6473,0.196174,0
6474,1.550271,0
6475,0.250117,0
6476,0.8924,0
6477,2.829807,1
6478,2.24442,1
6479,1.270813,0
6480,1.827521,0
6481,3.260181,0
6482,0.273385,0
6483,2.587877,1
6484,1.170847,0
6485,0.133275,0
6486,0.086691,0
6487,0.567679,0
6488,1.360036,0
6489,1.089043,0
6490,2.554156,1
6491,0.361659,0
6492,2.873508,0
6493,0.488003,0
6494,2.175883,0
6495,0.221111,0
6496,2.228711,0
6497,2.526891,0
6498,0.714137,0
6499,1.59902,0
6500,0.466674,0
6501,0.169231,0
6502,0.68733,0
6503,4.570697,1
6504,0.946465,0
6505,1.002701,0
6506,0.059205,0
6507,0.896371,0
6508,0.285833,0
6509,2.081804,0
6510,0.185651,0
6511,2.464701,0
6512,4.548654,0
6513,0.45786,0
6514,2.361893,0
6515,1.332441,0
6516,1.330833,0
6517,0.10326,0
6518,1.189976,1
6519,1.954385,0
6520,1.256363,0
6521,1.252401,0
6522,1.678054,0
6523,2.090886,1
6524,1.416807,0
6525,1.71863,0
6526,0.140116,0
6527,0.46166,0
6528,1.331256,0
6529,0.753506,0
6530,2.245922,0
6531,2.444907,0
6532,2.554133,0
6533,1.91716,1
6534,3.094567,1
6535,0.827152,1
6536,2.011165,0
6537,1.512255,0
6538,0.808639,0
6539,2.959899,0
6540,0.352988,0
6541,0.013402,0
6542,1.016076,0
6543,0.737449,0
6544,1.626234,0
6545,0.018845,0
6546,2.700621,0
6547,3.1242,1
6548,1.497442,0
6549,0.037698,0
6550,0.598198,0
6551,1.969814,0
6552,1.519261,0
6553,2.152744,0
6554,2.038307,0
6555,2.268207,0
6556,1.131752,0
6557,2.921731,0
6558,1.935905,0
6559,2.270166,0
6560,2.381744,0
6561,0.576681,1
6562,0.51888,0
6563,2.721781,1
6564,3.156389,1
6565,0.151535,0
6566,0.557462,0
6567,1.437367,0
6568,1.181591,1
6569,0.684625,0
6570,3.853067,1
6571,1.36008,0
6572,1.324685,0
6573,2.481483,0
6574,1.441858,0
6575,3.832452,0
6576,1.159176,0
6577,3.45237,1
6578,4.2907,0
6579,1.38215,1
6580,3.009658,1
6581,0.175399,0
6582,1.859148,0
6583,2.738286,0
6584,1.850165,0
6585,0.249465,0
6586,1.665726,0
6587,3.251997,0
6588,3.274676,0
6589,3.165535,0
6590,0.355199,0
6591,0.142077,0
6592,1.959976,0
6593,0.443208,0
6594,1.814903,0
6595,0.065506,0
6596,2.424533,0
6597,0.027148,0
6598,3.72324,1
6599,0.503565,0
6600,2.074538,0
6601,0.039082,0
6602,2.407375,0
6603,2.515306,0
6604,2.003711,0
6605,1.041434,0
6606,0.442912,0
6607,3.475052,0
6608,0.750274,0
6609,1.648086,0
6610,0.319724,0
6611,2.343785,0
6612,1.543217,0
6613,2.728049,0
6614,1.892556,0
6615,3.562502,0
6616,2.041433,0
6617,0.012879,0
6618,0.195271,0
6619,0.198336,0
6620,0.341351,0
6621,2.426508,0
6622,0.955351,0
6623,2.38124,0
6624,1.609518,0
6625,0.300634,0
6626,0.447136,0
6627,0.216484,0
6628,0.050198,0
6629,2.248477,0
6630,1.52276,0
6631,0.055825,0
6632,3.570551,1
6633,1.271792,0
6634,0.774004,0
6635,2.468465,1
6636,0.504702,0
6637,2.316441,0
6638,0.499431,0
6639,2.081939,0
6640,1.645173,1
6641,2.554877,0
6642,0.270368,0
6643,3.037383,0
6644,2.554536,1
6645,1.286494,0
6646,2.354916,0
6647,0.76406,0
6648,2.081092,0
6649,1.397765,1
6650,0.050947,0
6651,0.064895,0
6652,1.020445,0
6653,0.082882,0
6654,2.682624,1
6655,3.107139,0
6656,0.608268,0
6657,0.733546,0
6658,2.474375,0
6659,1.710967,0
6660,2.224431,0
6661,0.806851,1
6662,2.487093,0
6663,0.69082,0
6664,2.690667,0
6665,3.478131,0
6666,2.513403,0
6667,3.030851,0
6668,1.696549,0
6669,1.212892,0
6670,0.499947,0
6671,1.552979,1
6672,1.026649,0
6673,2.198587,0
6674,1.51297,1
6675,1.246811,0
6676,4.290679,0
6677,1.197322,0
6678,2.484513,0
6679,3.001142,0
6680,0.141912,0
6681,1.298553,0
6682,0.166718,0
6683,2.635371,0
6684,0.301695,0
6685,0.523304,0
6686,0.46932,0
6687,0.849424,0
6688,1.109651,1
6689,1.123904,0
6690,1.756886,1
6691,0.961029,0
6692,0.497972,0
6693,0.666941,0
6694,2.369807,0
6695,0.74431,0
6696,0.204304,0
6697,0.22123,0
6698,0.280823,0
6699,1.91543,0
6700,1.352076,0
6701,0.196711,0
6702,0.433275,0
6703,2.325119,0
6704,2.274604,0
6705,0.999775,0
6706,0.81149,0
6707,0.64773,0
6708,3.162136,0
6709,1.054157,0
6710,0.080181,0
6711,0.215251,0
6712,2.039527,0
6713,0.291736,0
6714,0.050272,0
6715,2.093692,0
6716,2.823754,0
6717,1.846853,0
6718,0.345013,0
6719,2.283703,0
6720,0.612516,0
6721,0.115397,0
6722,1.741039,0
6723,3.618131,0
6724,2.519356,0
6725,2.153742,0
6726,0.152427,0
6727,2.269423,0
6728,2.523212,0
6729,0.840926,0
6730,1.041245,1
6731,1.22575,0
6732,0.128352,0
6733,1.6565,0
6734,3.291578,0
6735,2.222035,0
6736,1.749497,0
6737,2.122976,0
6738,2.44271,0
6739,1.131248,0
6740,0.580829,0
6741,0.161383,0
6742,2.279203,0
6743,0.247003,0
6744,2.064626,0
6745,2.979868,0
6746,0.347395,0
6747,0.394845,0
6748,1.240571,1
6749,0.646651,0
6750,0.413619,0
6751,2.001296,0
6752,0.9469,0
6753,1.133325,0
6754,4.900777,0
6755,3.037058,0
6756,2.025689,0
6757,2.007957,0
6758,0.108995,0
6759,0.707683,0
6760,3.3988,0
6761,2.694612,0
6762,1.850086,0
6763,3.246316,0
6764,2.43808,1
6765,1.831412,0
6766,0.236596,0
6767,1.805574,0
6768,2.444777,0
6769,1.079051,0
6770,1.498316,0
6771,2.659245,0
6772,3.12132,0
6773,0.465366,0
6774,0.907505,0
6775,2.673128,1
6776,3.888977,0
6777,0.348308,0
6778,0.182124,0
6779,0.12822,0
6780,0.331989,0
6781,0.088336,0
6782,1.27544,0
6783,0.811085,0
6784,1.795781,0
6785,2.813614,0
6786,0.301242,0
6787,2.101114,0
6788,1.523286,0
6789,1.984814,0
6790,0.347803,0
6791,0.153504,0
6792,1.38248,0
6793,0.587514,0
6794,3.048168,0
6795,0.173841,0
6796,1.883113,1
6797,2.674183,0
6798,0.143427,0
6799,2.679981,0
6800,2.752591,0
6801,0.69398,0
6802,1.764208,1
6803,0.85542,0
6804,2.608057,0
6805,2.92822,1
6806,1.723853,0
6807,1.882086,0
6808,1.15794,0
6809,4.217933,1
6810,0.153699,0
6811,0.546823,0
6812,2.590545,0
6813,0.375767,0
6814,1.480001,0
6815,1.324923,0
6816,0.679371,0
6817,2.147968,0
6818,0.160663,0
6819,1.355454,0
6820,2.808201,0
6821,0.936116,0
6822,1.91424,0
6823,2.47753,0
6824,1.124989,0
6825,3.146851,0
6826,1.467766,0
6827,1.882245,1
6828,0.444929,0
6829,3.387323,0
6830,0.646646,0
6831,3.350809,0
6832,1.56467,0
6833,2.364375,0
6834,2.134167,0
6835,4.037638,1
6836,2.658151,0
6837,1.026451,0
6838,1.794355,1
6839,2.142046,0
6840,0.903685,0
6841,0.609602,1
6842,0.208688,0
6843,1.81285,0
6844,2.564185,0
6845,1.948348,0
6846,0.690389,0
6847,1.789224,0
6848,1.989055,0
6849,2.806385,0
6850,1.678386,0
6851,1.068244,1
6852,0.060799,0
6853,0.379526,0
6854,0.319806,0
6855,0.030229,0
6856,0.398681,0
6857,1.302246,1
6858,3.611001,1
6859,0.491307,1
6860,0.199317,0
6861,2.607673,0
6862,0.393064,0
6863,2.658748,1
6864,1.618692,0
6865,2.028754,0
6866,3.850433,1
6867,0.50154,0
6868,2.018343,0
6869,1.977912,0
6870,2.068181,0
6871,0.215354,0
6872,1.255234,1
6873,1.824375,0
6874,2.098941,0
6875,1.50684,0
6876,2.276526,0
6877,0.887575,0
6878,1.366601,0
6879,2.6863,0
6880,0.4275,0
6881,0.310367,0
6882,0.662898,0
6883,2.60158,0
6884,3.47808,0
6885,0.200042,0
6886,1.735666,0
6887,0.758057,0
6888,1.751166,0
6889,0.583118,0
6890,4.597311,1
6891,2.927903,0
6892,1.071537,0
6893,0.055981,0
6894,1.866694,0
6895,1.09532,0
6896,3.047352,1
6897,0.534634,0
6898,2.497697,0
6899,0.195246,0
6900,0.457309,1
6901,2.346275,0
6902,0.150123,0
6903,0.18791,0
6904,0.453669,0
6905,1.512001,0
6906,0.252392,0
6907,1.224323,0
6908,0.158405,0
6909,2.661777,0
6910,1.580815,0
6911,0.632651,0
6912,3.0749,0
6913,0.662281,0
6914,1.537194,0
6915,0.151437,0
6916,3.220088,0
6917,0.62758,0
6918,1.350039,0
6919,0.006719,0
6920,0.835898,0
6921,1.551376,0
6922,0.606429,0
6923,3.304566,0
6924,0.429647,0
6925,1.685499,0
6926,1.434346,0
6927,0.731545,0
6928,0.988265,0
6929,0.224188,0
6930,1.74296,0
6931,0.090385,0
6932,2.507469,1
6933,2.000265,0
6934,1.962645,0
6935,0.367329,0
6936,1.25851,0
6937,1.531459,0
6938,1.462913,0
6939,0.693473,0
6940,2.803023,1
6941,2.544703,0
6942,2.137577,0
6943,1.206313,1
6944,3.474118,0
6945,0.786626,0
6946,1.257591,0
6947,2.220316,0
6948,2.711197,0
6949,0.552662,1
6950,1.458012,0
6951,1.69979,0
6952,3.023,0
6953,3.014129,0
6954,1.777218,0
6955,1.488246,0
6956,0.553514,0
6957,1.106894,0
6958,0.111402,0
6959,3.367517,0
6960,0.396751,0
6961,0.372931,0
6962,0.243049,0
6963,2.161678,0
6964,1.322837,0
6965,1.957819,0
6966,0.856007,0
6967,0.834864,0
6968,2.70118,0
6969,0.355196,0
6970,1.043084,0
6971,1.458784,0
6972,1.094576,0
6973,2.073657,0
6974,2.646587,0
6975,0.100593,0
6976,1.537823,0
6977,2.368131,0
6978,2.363662,0
6979,1.85367,1
6980,3.656532,1
6981,2.990027,0
6982,0.391902,0
6983,2.67323,0
6984,0.902264,1
6985,0.722785,0
6986,3.745941,0
6987,2.091338,0
6988,0.269097,0
6989,2.827919,0
6990,0.526366,0
6991,1.039911,1
6992,0.092723,0
6993,1.810495,0
6994,1.155178,0
6995,0.662791,0
6996,0.660449,0
6997,0.074941,0
6998,0.379688,0
6999,0.601187,0
7000,0.501646,0
7001,2.167479,0
7002,2.609214,0
7003,2.726545,1
7004,1.601745,0
7005,2.897724,0
7006,3.642769,0
7007,2.240524,1
7008,0.81744,0
7009,1.372203,0
7010,3.398041,1
7011,0.53072,0
7012,1.654594,0
7013,1.987936,0
7014,1.371553,0
7015,1.517426,0
7016,3.494866,0
7017,2.827164,0
7018,2.426423,0
7019,0.277982,0
7020,2.524394,0
7021,0.133229,0
7022,0.254595,0
7023,0.652105,0
7024,0.598384,0
7025,0.056243,0
7026,3.116265,0
7027,1.376674,0
7028,2.669245,0
7029,2.150151,0
7030,1.591604,0
7031,0.089748,0
7032,0.254225,0
7033,1.057137,1
7034,2.03159,0
7035,0.272288,0
7036,1.942238,0
7037,1.781274,1
7038,0.329306,0
7039,0.652733,0
7040,0.380378,0
7041,2.555753,0
7042,2.425661,1
7043,3.485597,0
7044,0.967506,0
7045,1.931088,1
7046,1.321467,0
7047,0.545528,0
7048,2.063435,0
7049,1.886518,0
7050,1.810581,0
7051,0.590703,0
7052,0.193819,0
7053,1.252295,0
7054,0.744954,0
7055,1.992642,0
7056,0.179265,1
7057,2.914378,0
7058,2.728745,0
7059,0.418214,0
7060,0.123041,0
7061,1.042092,1
7062,1.044194,0
7063,1.960469,0
7064,1.281607,0
7065,1.836032,0
7066,3.73695,0
7067,2.624969,0
7068,1.295437,0
7069,2.587033,0
7070,0.878411,0
7071,2.725801,0
7072,0.761875,0
7073,1.55529,0
7074,1.818294,0
7075,0.497325,0
7076,0.574114,0
7077,2.468505,0
7078,0.177203,0
7079,2.138312,0
7080,0.095612,0
7081,2.174433,0
7082,1.545755,0
7083,2.276868,0
7084,1.668586,0
7085,0.431903,0
7086,0.095085,0
7087,0.594828,0
7088,2.009108,0
7089,0.062425,0
7090,2.60061,0
7091,2.876797,0
7092,2.300699,1
7093,0.536407,0
7094,4.416475,0
7095,1.83417,0
7096,0.613342,0
7097,0.57667,0
7098,2.406977,0
7099,0.208981,0
7100,0.259024,0
7101,1.193166,0
7102,0.875714,0
7103,2.458262,0
7104,0.131792,0
7105,1.361436,0
7106,0.293111,0
7107,0.064328,1
7108,1.267736,0
7109,2.026746,0
7110,0.037802,0
7111,0.472318,0
7112,0.254888,0
7113,2.244744,0
7114,1.045941,0
7115,2.61521,0
7116,2.729814,1
7117,0.588362,0
7118,1.60332,0
7119,1.988072,0
7120,1.652523,1
7121,1.145209,0
7122,1.014574,0
7123,2.887851,0
7124,0.579965,0
7125,0.670724,0
7126,0.756047,0
7127,1.493664,1
7128,2.637619,0
7129,1.307614,0
7130,0.288939,0
7131,3.285312,1
7132,0.394935,0
7133,2.135778,0
7134,2.69188,0
7135,3.101442,0
7136,0.948381,0
7137,3.044879,0
7138,3.285907,0
7139,1.124195,0
7140,2.352157,1
7141,0.388604,0
7142,0.935439,1
7143,1.269623,0
7144,1.632743,0
7145,0.623728,0
7146,2.842339,0
7147,0.305788,0
7148,2.638058,0
7149,0.443145,0
7150,2.06629,0
7151,3.123634,0
7152,0.454187,0
7153,1.602417,0
7154,0.627,0
7155,0.550205,0
7156,3.156716,0
7157,2.376829,0
7158,0.13044,0
7159,0.049402,0
7160,1.68644,0
7161,3.258683,0
7162,3.006006,1
7163,3.812874,0
7164,1.891119,0
7165,1.709882,0
7166,0.714296,0
7167,1.633352,0
7168,3.302849,0
7169,2.639392,0
7170,0.295678,0
7171,0.92779,0
7172,2.248942,0
7173,1.132681,0
7174,2.023374,0
7175,0.531342,0
7176,2.44886,1
7177,0.763967,1
7178,1.618147,0
7179,2.248866,0
7180,2.369006,0
7181,0.082759,0
7182,2.303908,0
7183,0.490895,0
7184,1.181912,0
7185,3.269014,1
7186,1.269979,1
7187,0.202289,0
7188,1.937696,0
7189,0.116667,0
7190,0.142952,0
7191,3.140424,0
7192,0.246677,0
7193,2.538902,0
7194,0.152397,0
7195,0.643129,1
7196,1.96668,0
7197,0.4203,0
7198,2.891439,0
7199,0.258846,0
7200,0.146162,0
7201,0.223477,0
7202,2.47993,0
7203,1.426935,0
7204,2.122385,1
7205,2.262436,0
7206,1.058164,0
7207,1.573846,0
7208,0.211076,0
7209,2.308763,0
7210,1.011335,1
7211,2.853868,0
7212,0.181174,0
7213,0.171117,0
7214,3.863772,0
7215,1.801747,0
7216,0.792634,0
7217,0.859394,0
7218,1.126084,0
7219,0.442968,0
7220,2.91765,0
7221,3.486702,0
7222,0.296478,0
7223,0.239607,0
7224,3.486614,0
7225,0.2329,0
7226,0.463274,0
7227,0.358516,0
7228,0.070337,0
7229,0.031656,0
7230,0.390984,0
7231,0.434744,0
7232,2.289653,0
7233,2.886258,0
7234,1.434886,0
7235,1.872654,0
7236,4.789062,1
7237,4.557438,0
7238,1.096551,0
7239,0.764375,0
7240,0.612187,0
7241,3.02493,0
7242,0.301634,0
7243,2.104042,0
7244,1.804255,0
7245,0.280356,0
7246,0.720898,0
7247,1.085644,0
7248,1.609579,0
7249,2.952993,0
7250,0.177555,0
7251,2.082026,0
7252,0.483013,0
7253,3.131934,0
7254,0.236572,0
7255,2.069114,0
7256,2.181839,0
7257,1.312989,0
7258,1.88194,0
7259,0.133209,0
7260,1.885388,0
7261,1.431417,0
7262,1.530967,0
7263,0.061508,0
7264,3.930857,1
7265,2.084021,0
7266,1.568431,0
7267,1.679009,0
7268,2.502527,1
7269,2.426438,0
7270,2.898121,0
7271,3.33059,0
7272,0.357037,0
7273,1.251123,0
7274,0.138002,0
7275,0.759899,0
7276,2.454485,1
7277,0.217072,0
7278,1.291339,0
7279,2.823558,0
7280,0.819201,0
7281,1.37112,0
7282,0.234787,0
7283,0.747436,0
7284,1.541301,1
7285,0.528986,0
7286,0.290857,0
7287,3.880129,0
7288,3.390942,0
7289,3.287727,0
7290,1.218142,0
7291,1.69029,0
7292,0.367269,0
7293,2.171973,1
7294,2.234778,0
7295,0.570461,0
7296,1.990786,0
7297,2.948078,0
7298,0.251212,0
7299,1.418165,1
7300,0.08242,0
7301,2.264174,0
7302,0.639413,0
7303,1.419469,0
7304,2.759254,0
7305,2.617784,0
7306,1.289652,0
7307,1.436435,0
7308,4.274955,1
7309,2.247525,0
7310,3.468796,0
7311,0.275442,0
7312,2.890869,0
7313,0.439187,0
7314,1.177425,0
7315,0.13997,0
7316,0.331273,0
7317,0.984258,0
7318,3.087258,0
7319,3.001929,0
7320,1.624178,1
7321,0.787552,0
7322,1.406499,0
7323,0.119235,0
7324,0.020141,0
7325,2.769328,0
7326,0.32163,0
7327,1.088661,0
7328,2.141608,0
7329,2.557196,0
7330,2.441635,0
7331,4.122404,1
7332,2.073554,0
7333,4.473564,1
7334,0.183297,0
7335,1.7106,1
7336,1.690786,0
7337,2.869496,1
7338,0.340174,0
7339,0.093031,0
7340,0.686238,1
7341,1.360661,0
7342,1.280045,0
7343,0.803845,0
7344,0.955264,0
7345,2.260019,0
7346,1.576496,0
7347,2.598957,0
7348,1.695033,1
7349,0.205196,0
7350,3.551729,1
7351,0.458302,1
7352,0.667069,0
7353,0.080032,0
7354,0.881767,1
7355,2.169157,0
7356,3.134716,1
7357,0.114949,0
7358,1.965993,0
7359,0.246035,0
7360,3.103207,0
7361,2.179652,0
7362,0.326241,0
7363,1.54565,0
7364,1.33259,0
7365,1.918627,0
7366,1.780045,0
7367,0.779265,0
7368,1.54645,0
7369,0.177219,0
7370,2.411029,0
7371,0.877413,0
7372,1.767049,1
7373,0.349152,0
7374,2.598346,0
7375,0.16712,0
7376,0.255883,0
7377,3.171369,0
7378,1.297621,0
7379,1.349855,0
7380,2.170325,1
7381,1.549627,0
7382,2.592929,0
7383,1.999866,0
7384,2.027092,0
7385,0.082469,0
7386,0.48852,0
7387,0.442006,0
7388,0.420644,0
7389,3.180942,1
7390,2.676701,0
7391,1.222452,1
7392,0.389709,0
7393,1.76183,0
7394,1.356293,0
7395,0.120732,0
7396,1.735004,1
7397,2.124399,0
7398,1.915654,1
7399,3.354389,0
7400,3.112688,0
7401,2.047864,0
7402,0.351255,0
7403,1.10769,0
7404,2.167411,0
7405,1.97999,0
7406,1.975576,0
7407,0.130888,0
7408,0.559319,0
7409,0.062716,0
7410,2.243636,0
7411,1.542216,0
7412,1.633009,1
7413,1.906912,0
7414,0.350657,0
7415,0.14528,0
7416,1.657208,0
7417,2.624704,0
7418,3.226209,1
7419,0.067479,0
7420,0.142316,1
7421,1.924616,0
7422,2.569737,0
7423,1.849027,0
7424,2.14828,0
7425,0.074802,0
7426,0.861179,0
7427,2.467991,0
7428,1.769183,0
7429,2.110994,0
7430,1.198863,0
7431,0.312548,0
7432,0.180973,0
7433,3.028931,0
7434,1.14489,0
7435,3.431516,0
7436,1.303535,0
7437,2.476995,0
7438,1.251209,0
7439,0.963269,0
7440,1.502792,1
7441,2.124946,0
7442,0.151113,1
7443,1.389611,0
7444,2.296333,0
7445,0.277552,0
7446,0.205801,0
7447,0.187356,0
7448,0.711699,0
7449,0.643708,0
7450,0.322883,0
7451,2.504586,0
7452,0.427355,0
7453,3.504211,0
7454,0.240686,0
7455,0.184103,0
7456,1.260843,0
7457,2.832803,0
7458,1.799744,0
7459,1.654091,0
7460,2.70488,0
7461,1.372331,0
7462,0.606529,0
7463,1.446221,0
7464,0.195355,0
7465,0.634389,0
7466,0.631475,0
7467,0.380417,0
7468,0.046579,0
7469,4.005382,0
7470,0.50074,0
7471,2.128857,0
7472,0.710256,0
7473,1.831518,0
7474,2.592667,1
7475,2.923604,1
7476,0.127445,0
7477,2.265395,0
7478,0.142104,0
7479,2.178398,0
7480,0.11753,0
7481,0.410792,1
7482,0.070182,0
7483,3.008992,0
7484,2.305185,0
7485,0.435839,0
7486,0.042047,0
7487,1.882927,1
7488,0.57058,0
7489,1.779069,0
7490,2.048945,0
7491,2.152276,0
7492,0.636934,0
7493,1.473626,0
7494,1.705197,0
7495,0.164256,0
7496,0.553061,0
7497,2.663443,0
7498,2.068784,0
7499,0.119736,0
7500,1.981085,0
7501,0.323487,0
7502,3.014153,1
7503,2.189161,0
7504,2.530179,0
7505,1.532517,0
7506,1.943908,0
7507,2.122952,0
7508,0.337329,0
7509,2.080642,0
7510,1.602408,0
7511,1.073681,0
7512,0.01007,0
7513,1.212431,0
7514,2.529483,0
7515,2.120021,0
7516,1.355063,1
7517,1.926534,0
7518,0.198756,0
7519,0.656284,0
7520,1.222589,0
7521,1.605892,0
7522,0.898841,0
7523,1.94845,0
7524,1.785558,0
7525,0.739879,0
7526,2.651138,1
7527,1.442179,0
7528,1.717355,0
7529,1.550819,0
7530,4.670755,1
7531,2.231959,0
7532,1.703218,0
7533,2.090544,0
7534,2.686805,0
7535,2.840877,0
7536,2.830884,0
7537,3.042946,0
7538,1.072696,0
7539,2.554256,1
7540,0.38553,1
7541,2.434339,0
7542,0.224808,0
7543,1.983979,1
7544,0.106492,0
7545,0.398262,0
7546,1.230463,0
7547,1.91173,0
7548,0.569574,0
7549,2.262714,0
7550,1.139663,0
7551,2.484579,0
7552,2.16685,0
7553,0.539252,0
7554,1.911023,0
7555,0.091538,0
7556,0.29203,0
7557,0.20422,0
7558,3.206973,0
7559,0.210055,0
7560,1.608315,0
7561,3.845448,0
7562,2.059873,0
7563,3.127801,0
7564,0.193146,0
7565,3.333676,0
7566,0.98674,0
7567,0.978144,0
7568,1.542352,0
7569,0.916586,0
7570,1.541042,0
7571,1.41894,0
7572,1.910225,0
7573,0.058597,0
7574,1.609035,0
7575,0.641723,1
7576,1.576919,0
7577,1.169519,0
7578,3.995926,1
7579,0.83262,0
7580,3.378763,0
7581,0.382917,1
7582,2.73244,0
7583,3.226068,0
7584,1.961999,0
7585,2.72949,0
7586,1.153479,0
7587,0.918191,0
7588,0.495986,0
7589,0.992986,0
7590,0.328604,0
7591,0.144106,0
7592,1.376223,0
7593,2.324326,0
7594,1.764532,0
7595,2.349649,0
7596,2.04372,0
7597,3.157445,0
7598,2.679436,0
7599,1.414577,0
7600,0.349172,0
7601,1.276853,0
7602,4.058926,0
7603,1.771432,0
7604,1.064915,0
7605,0.25039,0
7606,0.22418,0
7607,1.66656,1
7608,2.450882,0
7609,2.613758,0
7610,3.735461,0
7611,1.533386,0
7612,1.990896,0
7613,0.670362,0
7614,0.480524,0
7615,3.182134,1
7616,0.959733,0
7617,0.097186,0
7618,2.368501,0
7619,0.508038,0
7620,0.687542,0
7621,0.277014,0
7622,1.901688,0
7623,1.548112,0
7624,0.470635,0
7625,1.8453,0
7626,1.797166,0
7627,1.868349,0
7628,2.456683,0
7629,0.202911,0
7630,1.115378,0
7631,2.340622,0
7632,2.823008,0
7633,1.710574,0
7634,3.101122,0
7635,3.320831,0
7636,0.889904,0
7637,2.119556,0
7638,0.105885,0
7639,0.520292,0
7640,3.613526,0
7641,1.360383,0
7642,0.690776,0
7643,0.215275,0
7644,2.646747,0
7645,2.199311,0
7646,0.506958,0
7647,0.637613,0
7648,0.948714,0
7649,0.158273,1
7650,3.155376,0
7651,1.61701,0
7652,1.667008,0
7653,0.317039,0
7654,0.557584,0
7655,2.270432,0
7656,2.406827,0
7657,0.709646,0
7658,1.770994,0
7659,2.075971,0
7660,2.339376,0
7661,0.467445,0
7662,1.130064,0
7663,2.01973,0
7664,0.337825,0
7665,1.60497,0
7666,1.503775,0
7667,0.492664,0
7668,1.565952,0
7669,3.47385,0
7670,0.259931,0
7671,0.686629,0
7672,0.102252,0
7673,1.797124,0
7674,0.325262,0
7675,2.633561,0
7676,0.261796,0
7677,2.463111,0
7678,1.966288,0
7679,2.875201,1
7680,0.080773,0
7681,2.752514,0
7682,2.690005,1
7683,2.657318,0
7684,0.696793,0
7685,1.381119,0
7686,1.343585,0
7687,0.260743,0
7688,0.11368,0
7689,3.797544,1
7690,2.837415,0
7691,2.298501,0
7692,0.928428,0
7693,1.411008,0
7694,0.941454,1
7695,0.504154,0
7696,2.06959,0
7697,2.093316,0
7698,0.314232,0
7699,2.803786,0
7700,1.421367,0
7701,1.273212,0
7702,1.909371,0
7703,2.04599,1
7704,1.887387,1
7705,0.652956,1
7706,2.957586,1
7707,0.268872,0
7708,2.720197,0
7709,0.371805,0
7710,2.597564,0
7711,0.995875,0
7712,2.319286,0
7713,1.948121,0
7714,4.449094,0
7715,0.742657,0
7716,1.433913,0
7717,0.52061,0
7718,0.338518,0
7719,1.254594,0
7720,0.826084,0
7721,0.81145,0
7722,0.277429,0
7723,0.420182,0
7724,1.94611,0
7725,0.078199,0
7726,2.762707,0
7727,1.606,0
7728,2.576063,0
7729,2.311637,0
7730,2.607823,0
7731,1.957807,0
7732,0.388713,0
7733,0.422429,0
7734,0.575581,0
7735,1.981183,0
7736,0.274711,0
7737,1.117871,0
7738,1.224661,1
7739,0.781404,0
7740,1.812238,0
7741,1.130696,0
7742,0.858006,1
7743,1.645903,0
7744,1.545941,0
7745,0.038088,0
7746,1.997988,0
7747,2.397321,0
7748,0.788701,0
7749,0.25559,1
7750,0.378123,1
7751,3.663159,0
7752,0.730268,0
7753,1.308406,0
7754,2.493352,1
7755,0.415767,0
7756,1.695099,0
7757,1.540244,0
7758,2.942403,0
7759,1.881006,0
7760,2.314034,0
7761,0.068175,0
7762,0.073264,0
7763,0.136561,0
7764,0.801444,0
7765,2.412755,0
7766,0.13013,0
7767,0.401128,0
7768,3.302521,1
7769,2.832249,0
7770,2.005762,0
7771,1.732917,0
7772,0.210355,0
7773,0.972978,0
7774,0.364435,0
7775,2.665752,0
7776,1.683197,0
7777,2.958663,0
7778,0.37842,0
7779,3.147355,0
7780,1.062689,1
7781,2.212419,0
7782,1.595671,0
7783,1.49841,0
7784,1.443595,0
7785,0.522451,0
7786,0.605374,0
7787,3.794113,0
7788,1.890419,0
7789,0.478696,0
7790,0.204375,0
7791,2.809283,0
7792,1.791358,0
7793,0.647308,1
7794,2.61441,0
7795,0.111797,0
7796,0.208801,0
7797,3.155267,0
7798,1.502526,0
7799,1.337679,0
7800,2.012837,0
7801,1.850049,0
7802,1.732403,0
7803,2.967847,1
7804,0.39172,0
7805,1.074093,0
7806,0.03495,0
7807,3.075984,0
7808,0.219595,0
7809,0.631265,0
7810,2.487733,0
7811,3.795779,0
7812,2.147268,0
7813,0.348763,0
7814,1.000209,0
7815,2.919242,0
7816,1.414238,0
7817,0.466856,0
7818,1.922659,0
7819,1.698854,0
7820,0.356833,0
7821,0.551813,0
7822,2.644964,0
7823,4.284529,1
7824,1.24716,0
7825,2.922511,0
7826,2.372109,0
7827,1.295853,0
7828,0.698491,0
7829,2.664826,0
7830,0.114795,0
7831,2.185742,0
7832,2.301615,0
7833,1.576529,0
7834,1.531511,0
7835,0.972921,0
7836,0.08175,0
7837,0.905717,0
7838,1.904453,0
7839,1.259534,0
7840,2.565471,0
7841,0.83739,0
7842,2.631254,0
7843,2.860636,0
7844,1.416111,0
7845,1.784857,0
7846,1.83375,0
7847,2.616747,0
7848,1.836971,0
7849,0.884018,0
7850,1.426045,0
7851,2.372516,0
7852,0.496293,0
7853,1.273597,0
7854,1.585367,1
7855,1.164452,0
7856,1.559713,1
7857,0.45628,0
7858,2.42352,0
7859,0.969861,0
7860,0.547807,0
7861,0.110845,0
7862,1.254276,0
7863,0.930848,0
7864,3.751651,0
7865,1.664897,0
7866,0.281712,0
7867,2.975786,0
7868,2.581814,0
7869,2.865041,0
7870,2.482954,0
7871,4.001236,0
7872,0.649714,0
7873,2.32355,0
7874,0.691064,0
7875,1.537002,0
7876,3.622214,0
7877,0.107473,0
7878,2.505137,0
7879,1.694725,0
7880,0.107823,0
7881,1.912772,0
7882,2.804628,0
7883,0.259782,0
7884,2.108003,0
7885,1.601587,0
7886,1.523644,0
7887,0.060219,0
7888,1.068734,0
7889,2.810899,0
7890,3.944668,0
7891,1.532436,0
7892,0.043006,0
7893,0.040692,0
7894,1.739153,0
7895,2.575958,0
7896,0.026973,0
7897,1.304842,0
7898,3.103115,1
7899,2.172811,0
7900,2.776022,0
7901,1.048521,0
7902,2.046189,0
7903,0.036941,0
7904,4.267045,1
7905,1.69568,0
7906,2.395286,0
7907,1.764423,0
7908,1.986798,0
7909,1.926719,0
7910,1.674736,0
7911,2.37882,0
7912,3.381195,1
7913,3.441685,0
7914,2.410239,0
7915,0.243865,0
7916,2.355258,0
7917,2.580983,0
7918,0.428213,0
7919,2.650004,0
7920,1.371616,0
7921,0.398852,0
7922,0.102283,0
7923,2.219101,0
7924,1.553388,0
7925,2.554578,1
7926,0.183234,0
7927,0.028314,0
7928,3.369993,0
7929,1.786461,1
7930,0.181488,0
7931,3.505589,0
7932,1.90174,0
7933,1.599256,1
7934,0.167183,0
7935,2.185444,0
7936,3.987482,0
7937,1.528774,0
7938,1.745287,0
7939,3.659191,0
7940,2.830708,0
7941,2.576344,0
7942,1.495121,0
7943,2.00851,0
7944,0.523253,0
7945,1.273069,0
7946,0.283358,0
7947,0.069738,0
7948,1.523546,0
7949,2.09726,0
7950,0.149637,0
7951,0.800726,0
7952,2.378938,0
7953,2.816302,0
7954,2.364602,0
7955,2.586802,0
7956,1.813473,0
7957,0.084033,0
7958,0.997994,0
7959,0.792327,0
7960,2.250861,0
7961,0.522656,0
7962,2.97163,1
7963,0.756955,0
7964,0.330391,0
7965,3.346535,0
7966,2.511505,0
7967,1.630175,1
7968,0.243274,0
7969,3.948477,0
7970,3.144636,1
7971,0.272749,0
7972,0.023865,0
7973,1.594998,0
7974,1.349993,0
7975,0.268531,0
7976,1.305089,0
7977,2.572661,1
7978,0.537586,0
7979,1.879683,0
7980,2.488742,0
7981,0.013459,0
7982,1.454121,0
7983,1.865966,0
7984,0.126575,0
7985,1.634813,0
7986,0.921521,0
7987,2.0666,0
7988,0.908187,0
7989,1.93812,1
7990,1.063751,0
7991,2.067124,0
7992,2.508859,0
7993,0.083032,0
7994,1.82537,0
7995,0.363949,0
7996,1.254078,0
7997,1.130503,0
7998,0.237018,0
7999,0.254979,0
8000,2.386664,0
8001,1.017143,0
8002,1.271656,0
8003,2.164368,0
8004,0.890564,0
8005,5.755545,0
8006,1.356715,0
8007,0.86375,0
8008,0.255281,0
8009,0.562891,0
8010,0.337114,0
8011,0.193494,0
8012,0.21137,0
8013,0.760288,0
8014,1.78692,0
8015,0.252843,0
8016,2.018318,0
8017,0.184624,0
8018,0.078158,0
8019,0.099491,0
8020,2.052347,0
8021,0.943672,0
8022,3.114717,0
8023,2.667629,0
8024,1.878857,0
8025,1.954595,0
8026,1.964097,0
8027,0.090933,0
8028,1.680713,0
8029,0.314672,0
8030,2.294631,0
8031,2.520196,0
8032,2.846299,0
8033,0.855662,0
8034,0.624762,0
8035,1.66159,0
8036,0.970671,0
8037,0.41855,0
8038,2.132615,0
8039,0.608209,0
8040,0.358925,0
8041,1.340771,0
8042,0.701744,0
8043,1.018818,0
8044,2.491568,0
8045,0.561844,0
8046,0.036916,0
8047,0.947657,0
8048,2.025368,0
8049,2.506665,0
8050,1.483803,0
8051,1.756235,0
8052,3.309093,0
8053,0.271815,0
8054,0.471106,0
8055,0.513698,0
8056,2.353956,0
8057,1.496082,0
8058,2.353462,0
8059,1.532702,0
8060,1.769541,0
8061,1.049508,0
8062,1.453176,0
8063,2.696808,0
8064,0.117612,0
8065,1.779279,0
8066,1.654794,0
8067,4.710698,0
8068,1.681429,0
8069,2.401443,0
8070,1.250131,0
8071,3.405382,0
8072,3.489295,0
8073,0.751449,0
8074,0.683265,0
8075,1.622398,0
8076,3.308156,0
8077,1.690142,0
8078,3.431649,1
8079,1.346596,0
8080,0.070725,0
8081,0.124811,0
8082,2.551733,0
8083,3.402991,1
8084,0.640668,0
8085,0.28215,0
8086,3.534369,0
8087,0.149769,0
8088,2.557342,0
8089,1.798159,0
8090,1.308855,0
8091,2.178925,0
8092,0.033777,0
8093,2.830902,0
8094,2.138167,0
8095,3.397576,1
8096,0.438289,0
8097,0.706017,0
8098,2.627865,0
8099,2.338439,0
8100,4.143056,0
8101,3.374296,0
8102,2.140292,0
8103,0.968145,0
8104,0.487987,0
8105,3.287547,0
8106,0.084644,0
8107,4.221005,0
8108,0.662219,0
8109,2.7222,0
8110,0.495796,0
8111,0.258416,0
8112,0.632935,0
8113,2.759907,0
8114,3.330424,0
8115,0.817296,0
8116,1.853217,0
8117,0.154908,0
8118,2.35186,0
8119,0.16403,0
8120,2.91856,0
8121,0.063604,0
8122,1.643013,0
8123,0.629384,0
8124,1.440612,0
8125,2.021424,0
8126,3.114243,0
8127,0.025062,0
8128,0.225582,0
8129,3.190599,0
8130,0.121562,0
8131,0.386905,0
8132,1.333407,0
8133,1.815318,0
8134,0.166183,0
8135,2.362994,0
8136,1.989148,0
8137,0.742441,1
8138,0.639385,0
8139,0.080596,0
8140,0.780079,0
8141,1.954842,0
8142,2.456356,0
8143,0.831943,0
8144,0.070294,0
8145,3.073775,1
8146,2.471014,0
8147,1.794049,0
8148,0.805155,0
8149,0.456078,0
8150,0.325186,0
8151,1.667404,0
8152,1.589383,0
8153,2.275839,0
8154,1.543913,0
8155,0.522202,0
8156,1.91437,0
8157,3.798822,0
8158,2.482544,0
8159,1.114858,0
8160,1.61651,0
8161,1.990093,0
8162,0.679225,0
8163,1.394505,0
8164,0.38155,0
8165,1.805071,0
8166,2.002114,0
8167,0.375225,0
8168,0.229658,0
8169,0.034564,0
8170,2.624188,0
8171,3.291947,0
8172,2.068906,0
8173,1.474394,1
8174,0.353968,0
8175,0.290182,0
8176,0.532879,0
8177,0.803707,0
8178,2.789072,0
8179,1.899165,0
8180,3.031905,1
8181,1.388772,1
8182,1.591112,0
8183,1.690331,0
8184,1.328064,0
8185,0.372068,0
8186,1.980772,0
8187,1.464754,0
8188,0.052051,0
8189,3.524375,0
8190,3.601117,0
8191,2.168716,0
8192,0.203683,0
8193,2.353878,0
8194,1.86956,1
8195,4.401196,0
8196,3.076862,0
8197,1.242692,1
8198,2.999682,0
8199,0.440467,0
8200,0.320483,0
8201,2.538231,0
8202,2.448812,0
8203,2.172491,0
8204,3.234779,0
8205,0.382711,0
8206,0.952154,0
8207,0.462131,0
8208,0.163718,0
8209,1.61578,0
8210,3.145019,0
8211,0.547844,0
8212,0.678487,0
8213,0.280884,0
8214,0.113453,0
8215,2.070014,1
8216,2.59771,0
8217,0.221018,0
8218,3.15694,0
8219,1.623106,0
8220,0.881312,0
8221,1.991369,0
8222,2.751256,0
8223,1.831542,0
8224,0.716023,0
8225,2.218542,0
8226,5.119628,0
8227,0.284199,0
8228,0.976715,0
8229,3.102162,0
8230,0.156688,0
8231,2.183612,0
8232,2.368873,0
8233,0.341443,0
8234,1.624347,0
8235,0.11277,0
8236,1.103043,0
8237,1.291514,0
8238,0.27309,0
8239,1.112625,1
8240,1.849211,0
8241,2.353991,0
8242,2.697038,0
8243,2.57568,0
8244,1.607787,0
8245,1.762137,0
8246,1.168842,0
8247,1.411724,1
8248,1.755295,0
8249,0.132382,0
8250,4.73355,0
8251,2.840043,0
8252,0.89039,0
8253,2.152266,0
8254,2.380105,0
8255,3.071322,0
8256,2.388791,0
8257,3.017626,0
8258,0.292515,0
8259,1.447849,0
8260,2.212012,0
8261,0.421832,0
8262,1.438766,0
8263,2.065755,0
8264,2.102209,0
8265,3.299659,0
8266,1.634903,0
8267,0.349429,0
8268,2.414984,0
8269,1.018054,0
8270,1.583214,0
8271,0.282115,0
8272,1.055301,0
8273,2.923048,0
8274,0.544721,1
8275,0.36601,0
8276,1.559953,0
8277,2.48142,0
8278,2.279573,0
8279,2.355386,0
8280,1.333194,0
8281,2.464429,0
8282,0.362464,0
8283,2.718448,1
8284,0.800145,0
8285,2.237957,0
8286,2.172107,1
8287,0.36095,0
8288,0.04399,0
8289,2.672243,0
8290,2.67512,0
8291,0.03829,0
8292,1.556291,0
8293,2.040204,1
8294,2.83392,0
8295,1.617399,0
8296,1.104071,0
8297,1.359967,1
8298,2.719764,0
8299,0.448012,0
8300,2.092301,0
8301,1.929685,0
8302,2.411321,0
8303,0.42785,0
8304,0.750598,0
8305,0.380045,0
8306,2.848763,1
8307,1.94868,0
8308,0.889739,0
8309,1.718351,0
8310,0.105645,1
8311,2.533768,0
8312,0.052413,0
8313,2.622992,0
8314,1.99148,0
8315,0.2205,0
8316,0.365013,0
8317,2.917777,0
8318,0.283096,0
8319,0.548075,0
8320,2.238787,1
8321,4.460026,1
8322,1.109824,0
8323,2.176213,0
8324,0.44242,0
8325,0.168359,0
8326,1.119519,0
8327,3.234657,0
8328,3.418767,0
8329,1.194307,0
8330,1.711097,0
8331,2.068208,1
8332,0.043702,0
8333,2.041407,0
8334,0.080314,0
8335,2.240502,1
8336,0.676376,0
8337,2.135095,1
8338,0.96736,0
8339,3.294199,1
8340,3.469687,0
8341,2.542068,0
8342,2.477254,0
8343,3.133323,0
8344,0.273396,0
8345,0.527839,1
8346,1.574153,0
8347,0.108238,0
8348,0.142593,0
8349,1.166985,0
8350,2.316002,0
8351,1.917735,1
8352,0.819162,0
8353,0.239883,0
8354,2.639575,0
8355,0.054352,0
8356,1.092986,0
8357,1.808699,0
8358,0.922448,0
8359,2.62366,0
8360,1.563823,0
8361,0.545015,0
8362,0.064881,0
8363,1.475913,1
8364,2.157198,0
8365,2.11584,0
8366,0.648838,0
8367,0.424728,0
8368,1.103532,0
8369,0.374053,0
8370,2.436132,0
8371,0.882807,0
8372,2.040624,0
8373,0.200923,1
8374,2.54628,0
8375,0.413693,0
8376,0.163333,0
8377,2.198916,0
8378,2.410453,0
8379,2.537888,0
8380,2.574392,1
8381,0.604148,0
8382,1.103236,0
8383,2.13385,0
8384,0.408997,0
8385,3.373025,1
8386,1.986268,0
8387,0.499077,0
8388,2.788495,0
8389,0.332909,0
8390,0.358039,0
8391,2.128477,0
8392,0.073404,0
8393,3.105536,0
8394,1.023138,0
8395,0.187715,0
8396,1.189108,1
8397,1.701925,0
8398,1.912037,0
8399,0.282379,0
8400,0.590586,0
8401,1.864066,0
8402,1.338576,0
8403,0.036113,0
8404,0.439872,0
8405,0.011133,0
8406,2.205431,0
8407,1.075893,0
8408,0.440294,0
8409,1.575808,1
8410,0.474423,0
8411,0.892335,0
8412,0.546116,0
8413,0.853623,0
8414,2.570597,0
8415,1.361416,0
8416,0.653432,0
8417,4.356327,0
8418,0.674502,0
8419,0.221217,0
8420,0.424711,0
8421,2.268595,0
8422,1.91009,0
8423,2.471763,0
8424,2.818362,0
8425,2.896217,1
8426,2.469077,1
8427,1.747804,0
8428,0.030144,0
8429,1.877885,0
8430,0.925528,0
8431,1.162159,0
8432,2.681607,0
8433,1.958729,0
8434,1.460309,0
8435,0.19424,0
8436,0.181891,0
8437,1.533146,0
8438,1.844503,0
8439,1.74609,1
8440,1.812895,0
8441,0.234386,0
8442,2.296343,0
8443,1.104836,0
8444,0.018351,0
8445,0.861526,0
8446,0.179779,0
8447,0.12531,0
8448,0.33251,0
8449,0.019144,0
8450,2.614483,0
8451,2.196933,0
8452,2.615508,0
8453,1.54222,0
8454,0.059882,0
8455,0.780721,0
8456,0.100325,0
8457,1.053551,0
8458,1.360717,0
8459,0.175989,0
8460,3.569614,0
8461,2.208107,0
8462,2.250754,0
8463,0.711567,0
8464,0.36451,0
8465,0.209005,0
8466,0.358406,0
8467,1.802742,0
8468,1.635715,0
8469,2.310688,0
8470,1.486294,0
8471,2.927727,0
8472,0.609553,0
8473,1.099895,0
8474,0.633038,0
8475,2.034721,0
8476,2.483281,0
8477,0.214756,0
8478,0.680635,0
8479,2.295742,0
8480,0.221169,0
8481,0.534053,0
8482,1.179958,0
8483,3.609446,0
8484,2.196975,0
8485,0.613138,0
8486,0.246779,0
8487,1.669702,0
8488,0.294837,0
8489,2.161161,0
8490,3.187265,0
8491,0.401023,0
8492,1.79382,0
8493,0.460858,0
8494,0.860682,0
8495,0.751698,0
8496,0.254821,1
8497,2.53021,0
8498,3.032665,0
8499,2.309515,0
8500,0.233016,0
8501,3.157855,0
8502,3.35346,0
8503,0.092951,0
8504,2.318308,0
8505,2.624833,0
8506,0.479609,0
8507,0.835309,0
8508,1.431444,0
8509,1.294717,0
8510,2.02405,0
8511,3.675554,1
8512,2.331635,0
8513,0.194062,0
8514,1.40853,0
8515,2.750695,0
8516,0.654486,0
8517,1.773634,0
8518,1.187599,0
8519,2.861004,0
8520,0.520582,0
8521,2.943137,0
8522,2.487435,0
8523,1.767457,0
8524,1.991758,0
8525,0.289796,0
8526,0.276612,0
8527,1.978044,0
8528,1.403435,0
8529,2.130198,0
8530,0.132913,0
8531,1.436994,0
8532,0.826441,0
8533,2.105438,0
8534,3.423418,0
8535,2.220591,0
8536,3.496809,0
8537,1.559613,0
8538,0.542997,0
8539,3.358999,0
8540,1.998629,0
8541,1.459044,0
8542,2.51522,0
8543,0.226386,0
8544,2.717714,0
8545,0.18373,0
8546,3.258577,0
8547,1.790466,0
8548,2.069655,0
8549,1.05259,0
8550,1.894606,0
8551,0.583848,0
8552,1.641557,0
8553,2.793828,0
8554,0.665109,0
8555,1.4935,0
8556,0.601211,0
8557,0.496702,0
8558,2.327921,0
8559,0.112969,0
8560,1.463549,0
8561,0.70522,0
8562,0.725394,0
8563,3.723956,0
8564,0.060077,0
8565,1.668686,0
8566,0.368835,0
8567,1.542554,0
8568,0.466993,0
8569,1.744998,1
8570,0.323111,0
8571,2.782715,0
8572,0.865021,0
8573,0.208975,0
8574,2.936332,0
8575,2.525461,0
8576,0.423227,0
8577,1.093862,1
8578,0.41659,0
8579,0.568497,0
8580,1.426935,0
8581,2.172674,0
8582,1.964787,0
8583,0.019575,0
8584,0.658553,0
8585,1.25336,0
8586,0.028623,0
8587,2.625703,0
8588,2.996364,0
8589,0.265385,0
8590,0.550956,0
8591,0.126116,0
8592,0.506373,0
8593,1.597483,0
8594,2.440481,0
8595,1.011981,0
8596,2.41561,0
8597,0.769692,0
8598,2.305732,0
8599,4.045238,0
8600,2.287849,0
8601,2.069392,0
8602,3.527358,0
8603,1.101517,0
8604,1.220566,0
8605,2.652406,0
8606,1.679881,1
8607,0.174529,0
8608,2.490484,0
8609,0.093957,0
8610,2.317686,0
8611,2.525076,0
8612,4.838044,0
8613,1.975767,0
8614,2.340939,0
8615,0.368439,0
8616,0.353365,0
8617,1.904283,0
8618,2.074199,0
8619,1.289291,0
8620,3.097631,1
8621,0.740262,0
8622,0.418606,0
8623,2.378611,0
8624,1.254609,0
8625,1.554321,0
8626,0.252956,0
8627,1.669964,0
8628,0.564859,0
8629,1.073111,0
8630,0.465142,0
8631,1.27334,0
8632,0.412258,0
8633,3.912511,0
8634,1.660618,0
8635,0.208996,1
8636,0.695412,0
8637,0.602928,0
8638,0.772166,0
8639,2.226281,0
8640,1.33548,0
8641,0.417721,0
8642,0.400771,0
8643,0.224878,0
8644,0.905797,0
8645,0.821851,0
8646,2.285775,0
8647,0.107182,0
8648,0.235637,0
8649,2.724099,0
8650,1.07816,0
8651,0.885076,0
8652,1.72382,0
8653,2.477609,0
8654,2.547131,0
8655,1.970727,0
8656,0.142983,0
8657,2.531728,0
8658,3.33302,0
8659,0.103736,0
8660,0.158342,0
8661,2.040407,0
8662,2.165513,1
8663,0.451565,0
8664,0.378637,0
8665,0.169983,0
8666,1.179878,0
8667,1.203422,0
8668,0.09304,0
8669,2.418823,0
8670,2.731832,0
8671,0.947725,0
8672,2.63415,0
8673,1.052898,0
8674,1.209159,0
8675,0.40306,0
8676,3.15218,0
8677,0.769622,0
8678,1.072201,0
8679,1.450654,0
8680,0.210831,0
8681,2.048119,0
8682,0.464585,0
8683,1.623216,0
8684,2.790765,0
8685,1.181696,1
8686,3.179852,1
8687,1.01195,0
8688,2.131939,0
8689,1.350324,0
8690,1.823673,0
8691,1.890784,0
8692,1.012107,0
8693,2.317575,0
8694,0.210049,0
8695,0.523177,0
8696,2.274765,1
8697,2.218913,0
8698,2.647489,1
8699,2.401688,1
8700,1.495337,0
8701,0.255098,0
8702,1.286157,0
8703,1.569227,0
8704,2.385442,0
8705,2.210026,0
8706,2.436002,0
8707,2.023542,0
8708,0.449622,0
8709,1.493991,0
8710,1.167016,0
8711,2.40181,1
8712,0.515489,1
8713,2.523129,0
8714,2.228598,0
8715,2.05548,0
8716,0.03146,0
8717,0.188413,0
8718,0.128177,0
8719,0.148072,0
8720,0.40656,0
8721,1.821956,1
8722,1.252054,0
8723,1.755955,0
8724,0.557863,0
8725,2.514448,0
8726,1.581151,0
8727,0.7059,0
8728,0.278964,0
8729,0.391216,0
8730,2.189522,0
8731,1.807906,0
8732,0.306724,1
8733,1.662466,0
8734,2.360337,0
8735,2.576049,0
8736,1.429719,0
8737,2.948269,0
8738,1.628331,1
8739,4.097716,1
8740,0.199839,0
8741,0.837332,0
8742,0.683186,0
8743,3.477984,0
8744,3.521979,0
8745,2.30659,1
8746,1.196193,0
8747,1.671258,0
8748,1.666223,0
8749,0.592934,0
8750,4.129732,1
8751,0.326051,1
8752,0.275657,0
8753,1.558704,0
8754,0.096603,0
8755,0.382482,0
8756,0.059922,0
8757,2.69333,0
8758,0.19925,0
8759,0.528694,0
8760,0.178883,0
8761,2.182105,0
8762,1.975172,0
8763,2.508696,0
8764,2.851182,0
8765,0.578035,0
8766,1.498534,0
8767,0.971904,0
8768,3.808918,1
8769,3.282688,0
8770,1.112736,0
8771,0.262821,0
8772,2.460797,0
8773,2.768768,0
8774,0.223859,1
8775,0.507772,0
8776,2.345683,1
8777,0.301751,0
8778,1.450865,1
8779,0.279493,0
8780,3.207342,0
8781,2.035628,0
8782,1.404397,0
8783,2.82018,0
8784,0.46377,0
8785,1.903975,0
8786,0.954865,0
8787,2.76741,0
8788,1.350081,0
8789,1.770307,0
8790,2.110665,0
8791,0.078333,0
8792,0.088499,0
8793,0.643713,0
8794,1.233234,0
8795,3.103569,0
8796,0.862186,0
8797,2.639956,0
8798,2.143671,0
8799,2.960545,0
8800,0.167654,0
8801,0.038935,0
8802,3.155148,0
8803,1.686866,0
8804,1.000396,0
8805,0.96402,0
8806,1.699762,0
8807,0.446789,0
8808,0.081359,0
8809,1.268566,1
8810,2.855545,1
8811,2.869765,0
8812,2.70575,0
8813,1.775471,0
8814,1.670763,0
8815,0.364609,1
8816,2.686053,0
8817,2.320841,0
8818,3.137883,1
8819,2.161662,0
8820,0.76465,0
8821,0.509786,1
8822,0.093469,0
8823,1.925418,1
8824,0.067658,0
8825,2.9185,0
8826,0.076119,0
8827,1.577935,0
8828,1.558597,0
8829,0.471272,0
8830,1.24941,0
8831,3.660627,1
8832,3.139959,0
8833,2.743092,0
8834,3.755071,1
8835,1.419145,0
8836,1.154288,0
8837,2.628168,0
8838,2.726368,1
8839,1.704715,0
8840,2.52676,0
8841,1.523355,0
8842,3.667831,1
8843,1.374513,0
8844,2.288821,0
8845,1.402833,0
8846,2.724723,0
8847,0.855738,0
8848,1.432992,0
8849,3.127872,0
8850,0.945602,1
8851,2.464975,0
8852,0.057087,0
8853,0.41389,0
8854,1.313099,1
8855,2.216497,0
8856,0.305362,0
8857,0.519366,0
8858,2.110757,0
8859,2.193536,0
8860,0.393421,0
8861,0.079501,0
8862,1.026349,1
8863,2.757225,1
8864,0.598703,0
8865,2.925552,0
8866,0.954098,0
8867,1.604111,0
8868,0.236312,0
8869,2.15486,1
8870,0.239423,0
8871,2.437609,0
8872,0.24005,0
8873,2.00049,0
8874,0.141058,0
8875,1.549555,0
8876,0.155841,0
8877,2.719943,0
8878,3.529311,0
8879,2.55399,0
8880,2.492593,0
8881,0.435593,0
8882,1.208168,0
8883,2.319497,0
8884,2.153001,1
8885,0.230443,0
8886,0.584023,0
8887,0.64479,0
8888,0.664326,0
8889,1.8087,0
8890,2.655024,0
8891,1.892618,0
8892,2.420545,0
8893,0.074324,0
8894,2.77399,0
8895,2.397604,0
8896,0.05499,0
8897,4.206054,0
8898,0.514924,0
8899,3.829933,0
8900,2.520391,0
8901,0.23838,0
8902,0.891424,1
8903,0.921072,0
8904,3.121842,0
8905,0.463063,1
8906,2.32128,0
8907,0.48544,0
8908,0.357338,0
8909,1.844532,0
8910,2.673371,0
8911,0.299173,0
8912,0.908381,0
8913,0.529711,0
8914,3.566742,0
8915,3.775754,0
8916,1.992498,0
8917,1.420304,0
8918,1.983237,0
8919,2.005853,0
8920,3.359737,0
8921,1.929342,0
8922,0.157126,0
8923,1.487233,0
8924,2.12223,1
8925,0.584161,0
8926,2.552962,0
8927,2.770097,0
8928,0.064129,0
8929,1.225018,0
8930,1.723521,0
8931,0.983816,0
8932,2.326571,0
8933,5.345034,0
8934,0.864714,1
8935,2.040751,1
8936,1.355062,0
8937,1.590016,0
8938,1.008174,0
8939,1.584024,0
8940,0.507489,0
8941,1.407093,1
8942,0.364318,0
8943,1.717208,0
8944,2.193994,0
8945,1.158863,0
8946,0.829086,0
8947,1.911748,0
8948,0.364895,0
8949,0.658767,0
8950,2.147114,0
8951,1.462474,1
8952,0.779279,0
8953,1.001622,0
8954,2.167218,0
8955,3.629924,0
8956,0.330456,0
8957,0.228466,0
8958,6.51505,0
8959,1.029631,0
8960,2.025357,0
8961,2.434686,0
8962,0.588296,0
8963,0.141664,0
8964,0.932731,1
8965,0.167897,0
8966,0.940695,0
8967,0.575574,0
8968,0.318893,0
8969,0.03913,0
8970,1.987696,0
8971,0.840947,0
8972,1.295425,0
8973,1.586363,0
8974,0.714243,0
8975,4.654487,1
8976,0.01421,0
8977,0.152749,0
8978,1.687036,0
8979,3.061194,0
8980,1.758906,0
8981,0.047953,0
8982,1.902877,0
8983,0.931185,0
8984,0.571548,0
8985,1.19482,0
8986,2.106351,0
8987,2.064931,1
8988,3.809054,0
8989,0.860987,0
8990,1.572521,0
8991,0.727782,0
8992,0.840802,0
8993,1.435421,0
8994,1.613951,0
8995,2.372504,0
8996,0.365784,0
8997,1.415292,1
8998,1.954523,0
8999,2.621669,0
9000,2.924107,0
9001,3.047978,0
9002,1.484081,0
9003,2.294719,0
9004,0.576136,0
9005,0.142959,0
9006,1.702121,0
9007,0.80011,0
9008,2.145208,0
9009,1.935521,0
9010,2.237438,0
9011,0.28718,0
9012,1.339299,1
9013,0.723617,1
9014,0.426167,0
9015,2.595196,0
9016,1.858049,0
9017,0.707672,0
9018,2.720412,0
9019,2.72871,0
9020,0.053567,0
9021,2.179643,0
9022,3.347953,1
9023,0.056668,0
9024,3.459065,0
9025,1.405444,0
9026,2.902115,0
9027,0.672769,0
9028,0.202418,0
9029,0.180419,0
9030,0.708217,0
9031,1.481284,0
9032,0.395871,0
9033,1.7761,0
9034,0.863404,0
9035,0.082834,0
9036,0.205814,0
9037,1.498616,0
9038,1.991008,1
9039,1.932902,0
9040,2.18296,0
9041,1.092235,0
9042,1.493235,0
9043,2.860238,0
9044,2.247385,0
9045,2.55101,0
9046,2.683139,0
9047,3.850579,0
9048,0.050481,0
9049,2.218146,1
9050,3.796316,1
9051,0.035085,0
9052,1.68474,0
9053,2.508163,0
9054,2.436897,0
9055,0.944686,0
9056,2.319573,0
9057,2.857044,0
9058,2.667555,0
9059,1.575457,0
9060,0.955895,0
9061,1.804717,0
9062,1.823838,1
9063,0.14137,0
9064,1.703145,0
9065,0.500612,0
9066,1.674686,0
9067,0.115404,0
9068,0.463976,0
9069,2.154832,0
9070,1.978088,0
9071,1.865135,0
9072,1.566471,0
9073,3.053546,0
9074,2.061574,0
9075,2.460303,0
9076,0.69275,0
9077,2.447435,0
9078,0.165018,0
9079,0.166053,0
9080,2.094831,0
9081,1.247935,0
9082,2.63497,0
9083,1.224455,0
9084,1.225025,0
9085,0.144706,0
9086,0.472915,0
9087,1.474411,0
9088,2.052357,1
9089,0.344473,0
9090,2.30783,0
9091,1.012564,0
9092,2.773423,0
9093,0.072276,0
9094,0.72122,0
9095,0.128174,0
9096,2.796669,0
9097,2.645878,0
9098,0.6568,0
9099,1.093809,0
9100,2.398983,0
9101,0.906755,0
9102,0.67116,0
9103,0.43113,0
9104,0.633094,0
9105,2.861698,0
9106,3.533438,0
9107,0.434735,0
9108,2.324789,0
9109,1.944841,0
9110,1.009484,0
9111,2.912897,0
9112,2.055544,0
9113,2.084547,0
9114,0.909365,0
9115,0.528213,0
9116,1.660902,0
9117,2.71643,0
9118,1.249678,0
9119,0.109657,0
9120,0.076523,0
9121,0.126953,0
9122,1.533455,0
9123,0.117057,0
9124,1.663953,0
9125,2.352495,0
9126,3.002137,0
9127,0.578101,0
9128,1.362369,0
9129,2.795052,0
9130,1.876332,0
9131,0.495153,0
9132,0.777327,0
9133,1.936294,0
9134,1.076457,0
9135,3.167055,0
9136,1.318875,0
9137,1.714668,0
9138,1.94735,0
9139,0.180359,0
9140,2.581801,0
9141,0.760077,0
9142,0.331248,0
9143,0.101969,0
9144,0.258646,0
9145,0.227167,0
9146,1.668374,1
9147,1.317623,0
9148,3.31192,0
9149,2.098462,0
9150,3.891055,0
9151,1.770107,0
9152,2.754435,0
9153,0.031499,0
9154,0.287169,0
9155,2.265975,1
9156,0.700103,0
9157,1.738688,0
9158,2.391247,0
9159,0.025853,0
9160,0.923196,0
9161,0.833158,0
9162,3.117159,0
9163,2.938828,0
9164,0.572416,0
9165,3.609311,0
9166,1.680964,1
9167,3.572461,0
9168,2.474718,0
9169,2.505126,0
9170,2.511256,0
9171,3.017967,0
9172,0.762772,0
9173,0.275363,0
9174,0.182455,0
9175,2.810366,1
9176,0.407451,0
9177,1.39512,1
9178,0.141632,0
9179,0.871635,0
9180,2.273444,0
9181,3.222958,0
9182,1.182055,0
9183,1.752039,0
9184,0.606648,0
9185,1.874185,0
9186,1.632772,0
9187,3.16646,1
9188,0.511134,0
9189,0.109533,0
9190,1.31587,0
9191,3.164552,0
9192,0.358326,0
9193,3.120723,0
9194,0.6376,0
9195,0.805539,0
9196,2.641631,0
9197,1.712651,0
9198,1.059611,0
9199,0.100707,0
9200,2.40957,0
9201,1.268978,0
9202,2.712498,0
9203,3.604267,1
9204,2.237395,0
9205,3.476572,0
9206,1.680648,0
9207,0.083549,0
9208,2.571672,0
9209,1.517451,0
9210,1.541263,0
9211,0.418489,0
9212,1.591077,0
9213,0.112932,0
9214,2.186359,0
9215,0.436393,0
9216,2.784846,1
9217,3.917,1
9218,0.28453,0
9219,0.234699,0
9220,3.083128,0
9221,0.441731,0
9222,0.289318,0
9223,0.19702,0
9224,2.184917,0
9225,0.579258,0
9226,3.1611,0
9227,0.373651,0
9228,1.065944,1
9229,0.176309,0
9230,0.743149,0
9231,1.393875,0
9232,1.52214,0
9233,2.676,0
9234,2.832629,0
9235,0.28966,0
9236,1.909467,1
9237,0.678103,0
9238,0.118963,0
9239,1.224909,0
9240,3.221772,0
9241,1.395664,0
9242,2.720466,0
9243,2.650166,0
9244,0.214389,0
9245,0.071497,0
9246,1.401434,0
9247,0.415039,0
9248,0.297162,0
9249,2.708216,0
9250,2.266325,0
9251,2.863328,0
9252,0.587797,0
9253,0.086091,0
9254,1.644188,0
9255,1.940765,0
9256,1.714966,1
9257,0.664725,0
9258,2.441527,0
9259,1.936256,0
9260,4.661932,1
9261,2.36969,0
9262,0.443432,0
9263,0.323587,0
9264,2.913843,0
9265,2.898114,0
9266,0.779477,0
9267,1.394614,0
9268,3.017378,0
9269,0.448725,0
9270,2.130719,0
9271,1.520817,0
9272,0.307703,0
9273,1.752415,0
9274,0.078708,0
9275,2.78807,0
9276,0.164386,0
9277,0.294468,0
9278,2.131211,0
9279,1.161917,0
9280,2.518368,1
9281,0.627021,0
9282,0.372798,0
9283,0.820219,0
9284,0.442072,0
9285,1.714219,0
9286,0.808102,0
9287,1.225906,0
9288,1.407816,0
9289,2.413354,0
9290,0.410294,0
9291,1.210554,0
9292,1.201958,1
9293,1.8743,0
9294,1.29259,0
9295,0.258485,0
9296,2.817771,0
9297,0.902518,0
9298,0.981162,0
9299,2.11876,0
9300,1.945694,1
9301,0.184448,0
9302,0.201142,0
9303,2.352973,0
9304,2.670048,0
9305,0.298762,0
9306,0.136375,0
9307,0.272734,0
9308,2.238642,0
9309,2.309901,0
9310,2.613045,0
9311,1.851366,0
9312,0.806988,0
9313,0.150571,1
9314,2.364248,0
9315,0.307784,0
9316,1.46144,0
9317,1.050002,0
9318,0.052227,0
9319,0.767292,0
9320,3.378273,0
9321,0.418631,0
9322,0.422259,0
9323,2.39871,0
9324,0.255527,0
9325,0.135327,0
9326,2.467841,0
9327,1.127319,0
9328,1.452398,1
9329,0.123158,0
9330,2.632912,0
9331,0.691167,0
9332,0.185163,0
9333,1.5434,0
9334,1.744181,0
9335,2.500648,1
9336,0.866244,0
9337,0.170429,0
9338,0.217302,1
9339,2.388037,0
9340,2.92661,0
9341,0.41761,0
9342,4.096217,0
9343,2.62928,0
9344,0.229578,0
9345,2.786019,0
9346,0.350324,0
9347,0.055175,1
9348,0.479186,0
9349,0.174051,0
9350,0.268389,0
9351,1.068545,0
9352,2.515173,1
9353,1.042025,0
9354,1.219924,1
9355,1.745724,0
9356,3.181256,0
9357,1.108381,0
9358,2.284143,0
9359,1.781199,0
9360,2.93416,0
9361,1.051306,0
9362,2.553657,0
9363,0.582092,0
9364,0.349177,0
9365,1.55724,0
9366,2.580089,0
9367,2.45098,0
9368,0.698997,0
9369,0.918474,0
9370,3.047814,0
9371,1.987208,0
9372,0.480992,0
9373,1.780017,0
9374,0.247706,0
9375,2.29312,0
9376,1.294263,0
9377,2.331454,0
9378,0.165433,0
9379,2.701527,0
9380,0.653103,0
9381,3.150549,1
9382,0.419583,0
9383,2.672277,0
9384,0.136257,0
9385,1.617237,1
9386,0.23323,0
9387,1.319941,0
9388,2.707,0
9389,2.811623,0
9390,2.972044,0
9391,0.716803,0
9392,1.578811,0
9393,2.862732,0
9394,4.69037,0
9395,0.145016,0
9396,1.827714,0
9397,0.216569,0
9398,2.440452,0
9399,0.96522,0
9400,3.86862,1
9401,2.712678,0
9402,0.700827,0
9403,0.909486,0
9404,0.139966,0
9405,2.260057,0
9406,2.207222,0
9407,2.745027,0
9408,3.644313,0
9409,0.336948,0
9410,0.380835,0
9411,1.910376,0
9412,3.274794,0
9413,0.484755,0
9414,0.714996,0
9415,1.621306,0
9416,1.433131,0
9417,0.159576,0
9418,0.063637,0
9419,1.358039,0
9420,1.45777,0
9421,2.204613,0
9422,2.713927,0
9423,1.772795,0
9424,2.109493,0
9425,2.261556,0
9426,0.031247,0
9427,0.531424,0
9428,2.028971,0
9429,2.479656,0
9430,0.493931,0
9431,2.98193,0
9432,0.179715,0
9433,1.133104,0
9434,3.569469,0
9435,1.403049,0
9436,1.348283,0
9437,2.511534,0
9438,0.231261,0
9439,1.184022,0
9440,1.355675,0
9441,3.291764,0
9442,2.537732,0
9443,2.434639,0
9444,0.083522,0
9445,3.123954,0
9446,0.214789,0
9447,1.046505,0
9448,0.569209,0
9449,0.215989,0
9450,1.379189,0
9451,1.218384,1
9452,1.12178,0
9453,2.605266,0
9454,0.559387,0
9455,1.444733,0
9456,0.59232,0
9457,1.29879,0
9458,0.144867,0
9459,1.767577,0
9460,1.341654,0
9461,1.865995,0
9462,4.229723,0
9463,1.21638,0
9464,0.307549,1
9465,1.514355,0
9466,1.25405,0
9467,2.170943,0
9468,1.826833,0
9469,1.810497,1
9470,1.398314,0
9471,2.343074,0
9472,2.255234,1
9473,1.329642,0
9474,1.5161,0
9475,2.339492,0
9476,1.860305,0
9477,0.09586,0
9478,0.19497,0
9479,0.56486,0
9480,2.997745,0
9481,2.900427,1
9482,1.787125,0
9483,1.733525,0
9484,0.407773,0
9485,2.157517,0
9486,0.303528,0
9487,4.019852,1
9488,0.59162,0
9489,0.573228,0
9490,0.704735,0
9491,1.995344,0
9492,1.88385,0
9493,1.533696,0
9494,0.738467,0
9495,2.224449,0
9496,2.05227,0
9497,2.36939,0
9498,0.232125,0
9499,1.975169,0
9500,0.218208,0
9501,1.025208,0
9502,0.499908,0
9503,0.287968,0
9504,1.967337,1
9505,2.407552,0
9506,2.3193,0
9507,2.235496,0
9508,2.338256,0
9509,1.896902,0
9510,0.292059,0
9511,2.520775,0
9512,2.38296,0
9513,0.292535,0
9514,1.630412,0
9515,3.479483,1
9516,0.554436,0
9517,4.00194,1
9518,0.247945,0
9519,0.995544,0
9520,0.077568,0
9521,0.098762,0
9522,2.239545,0
9523,2.669585,0
9524,1.5437,0
9525,1.314267,0
9526,0.238738,0
9527,0.224104,0
9528,2.516722,0
9529,0.555601,0
9530,0.613472,1
9531,2.57286,0
9532,1.945989,0
9533,2.274066,0
9534,1.576743,0
9535,1.509693,0
9536,1.821263,0
9537,0.630165,0
9538,2.140441,0
9539,2.296499,0
9540,0.324797,0
9541,3.921257,0
9542,0.343453,0
9543,0.274601,0
9544,0.316703,0
9545,3.542282,0
9546,0.852803,0
9547,2.21618,0
9548,0.278986,0
9549,2.464922,0
9550,0.070788,0
9551,1.620862,0
9552,0.502557,0
9553,1.520815,0
9554,0.087339,0
9555,0.32465,0
9556,0.459228,0
9557,3.929553,1
9558,0.192266,0
9559,3.153069,0
9560,0.502226,0
9561,1.233423,0
9562,0.557576,1
9563,1.631479,0
9564,3.8445,0
9565,2.337263,0
9566,1.412151,0
9567,1.571588,0
9568,0.097729,0
9569,3.01293,0
9570,2.005878,0
9571,0.649023,0
9572,0.592819,0
9573,0.271512,0
9574,1.033974,0
9575,1.991525,0
9576,3.978866,1
9577,1.430562,0
9578,0.464045,0
9579,2.239162,0
9580,0.942681,0
9581,1.381127,0
9582,2.511165,1
9583,0.582495,0
9584,0.152322,0
9585,2.703939,0
9586,2.194425,0
9587,2.383164,0
9588,0.298444,0
9589,1.793188,0
9590,0.699271,0
9591,2.739465,0
9592,0.088064,0
9593,1.99102,0
9594,0.250981,0
9595,2.099939,0
9596,0.820642,0
9597,3.370031,0
9598,2.012468,1
9599,1.220653,0
9600,2.300828,0
9601,1.269442,1
9602,1.083158,0
9603,3.462279,0
9604,0.084538,0
9605,0.938781,0
9606,0.206649,0
9607,0.113423,0
9608,2.03473,1
9609,2.476941,0
9610,2.582568,1
9611,1.78245,0
9612,3.646382,0
9613,0.426397,0
9614,0.563985,0
9615,1.75207,0
9616,0.707969,1
9617,0.525935,0
9618,2.902764,0
9619,2.380368,0
9620,2.663104,0
9621,0.205335,0
9622,0.179349,0
9623,0.455982,0
9624,2.868295,0
9625,3.62627,0
9626,1.813489,0
9627,0.880926,0
9628,3.597308,0
9629,2.81299,0
9630,0.487237,0
9631,1.139419,0
9632,1.870819,0
9633,0.623854,0
9634,2.186006,0
9635,2.144295,0
9636,0.640985,0
9637,0.855379,0
9638,0.311825,0
9639,1.27626,0
9640,0.22433,0
9641,0.331909,0
9642,2.280623,0
9643,1.503616,1
9644,1.328173,0
9645,1.403965,0
9646,2.74464,0
9647,0.929219,0
9648,2.476838,0
9649,1.410615,0
9650,3.704328,0
9651,2.249624,0
9652,2.970646,0
9653,0.606586,0
9654,2.332641,0
9655,3.094495,1
9656,0.832205,1
9657,2.439239,0
9658,1.58673,0
9659,2.868857,0
9660,0.054777,0
9661,0.461462,0
9662,1.738667,0
9663,1.809457,0
9664,2.359521,1
9665,2.464105,0
9666,0.406362,0
9667,0.263643,0
9668,1.81313,0
9669,2.559812,0
9670,2.204969,0
9671,1.523669,0
9672,0.35462,0
9673,1.849182,0
9674,1.561628,0
9675,1.659322,0
9676,0.548525,0
9677,2.959505,0
9678,0.19316,0
9679,1.672739,0
9680,2.181156,1
9681,0.115623,0
9682,1.0782,0
9683,0.153869,0
9684,2.792167,0
9685,0.959291,0
9686,2.621341,0
9687,2.534258,0
9688,0.236497,0
9689,0.28398,0
9690,0.484456,0
9691,3.983017,0
9692,2.009166,0
9693,2.933412,0
9694,1.600788,0
9695,0.158975,0
9696,2.442583,1
9697,1.823299,0
9698,0.583219,0
9699,1.394857,0
9700,0.27052,0
9701,1.338749,0
9702,0.247326,0
9703,0.349845,0
9704,1.02489,0
9705,1.376316,0
9706,0.213332,0
9707,2.644778,0
9708,1.422073,0
9709,0.193546,0
9710,0.370995,0
9711,0.057862,0
9712,1.22313,0
9713,0.06168,0
9714,0.366035,0
9715,4.520305,1
9716,0.037673,0
9717,2.929668,1
9718,2.381979,0
9719,2.820935,0
9720,2.473771,0
9721,1.931794,0
9722,2.150499,0
9723,0.995656,0
9724,2.595058,0
9725,1.414144,0
9726,0.800761,0
9727,3.31628,0
9728,1.276675,0
9729,3.086843,0
9730,2.83557,0
9731,1.019934,0
9732,3.71637,0
9733,2.175434,0
9734,1.536843,0
9735,2.384707,0
9736,2.564915,0
9737,2.349643,0
9738,0.051918,0
9739,2.169337,1
9740,2.959074,0
9741,0.821345,0
9742,0.82989,0
9743,0.09078,0
9744,0.722867,0
9745,0.399829,0
9746,2.545033,0
9747,1.615413,0
9748,2.261427,1
9749,0.357983,0
9750,0.267732,0
9751,2.646686,0
9752,0.646551,0
9753,0.153092,0
9754,1.458686,0
9755,2.772191,0
9756,1.446165,0
9757,1.998196,0
9758,2.044814,0
9759,1.696151,0
9760,2.583832,0
9761,1.544532,0
9762,2.141212,0
9763,0.223912,0
9764,0.151498,0
9765,3.559233,1
9766,0.533242,0
9767,0.911905,1
9768,1.141218,0
9769,3.984092,1
9770,2.925449,0
9771,2.122027,0
9772,2.502546,1
9773,1.864841,0
9774,0.057287,0
9775,2.644658,0
9776,0.063574,0
9777,2.665137,0
9778,2.879137,0
9779,0.973417,1
9780,2.023425,0
9781,1.818165,0
9782,0.216141,0
9783,0.786734,0
9784,0.860524,0
9785,0.317322,0
9786,3.291084,0
9787,0.450711,0
9788,1.467707,0
9789,1.620074,0
9790,1.86441,0
9791,0.943303,0
9792,0.177818,0
9793,0.834058,0
9794,0.526016,0
9795,3.361739,1
9796,1.088996,0
9797,1.965144,0
9798,0.115087,0
9799,2.519694,0
9800,2.896681,0
9801,0.981943,0
9802,2.229671,0
9803,2.133412,0
9804,0.383405,0
9805,2.756081,0
9806,2.765044,0
9807,3.023314,1
9808,1.870853,1
9809,2.472073,0
9810,0.828351,0
9811,0.338575,0
9812,2.128994,0
9813,0.327219,0
9814,2.114999,0
9815,2.36163,0
9816,0.930927,0
9817,0.365539,0
9818,2.175474,0
9819,0.333439,0
9820,0.144581,0
9821,2.390534,0
9822,2.130301,0
9823,2.058709,0
9824,0.14841,0
9825,1.494089,1
9826,0.577605,0
9827,1.648977,1
9828,2.374945,0
9829,0.03193,0
9830,0.115481,0
9831,0.778405,0
9832,1.538739,0
9833,1.476894,0
9834,2.681482,0
9835,2.221293,0
9836,3.443618,0
9837,2.09609,0
9838,0.617291,0
9839,2.1275,0
9840,0.186465,1
9841,0.925963,0
9842,0.381499,0
9843,0.507289,0
9844,1.711927,0
9845,1.231707,0
9846,2.482075,0
9847,1.78232,0
9848,0.569613,0
9849,1.339129,0
9850,2.66066,1
9851,0.166117,0
9852,1.893841,0
9853,1.280004,0
9854,0.120077,0
9855,1.857024,0
9856,1.264099,0
9857,1.930603,0
9858,3.754037,0
9859,1.027795,1
9860,0.311221,0
9861,4.0261,1
9862,1.556941,0
9863,0.745951,0
9864,3.281592,0
9865,2.745806,0
9866,0.049496,0
9867,1.015014,0
9868,0.309188,0
9869,4.855746,0
9870,1.801331,1
9871,0.034473,0
9872,0.161195,0
9873,2.992571,0
9874,1.215915,0
9875,1.391503,0
9876,1.581099,0
9877,0.928868,0
9878,0.261376,0
9879,1.793864,0
9880,1.123865,0
9881,0.169223,0
9882,2.391854,0
9883,0.707923,0
9884,1.850336,0
9885,0.154468,0
9886,2.057265,0
9887,0.358655,0
9888,2.264702,0
9889,3.34252,0
9890,3.190692,0
9891,0.907751,0
9892,2.533087,0
9893,2.615071,0
9894,2.309918,0
9895,2.413828,0
9896,1.100425,1
9897,0.135058,0
9898,0.049212,0
9899,2.267603,0
9900,2.524353,0
9901,0.220419,0
9902,2.024145,0
9903,0.267549,0
9904,0.623561,0
9905,2.07814,0
9906,2.847879,0
9907,0.091871,0
9908,0.714795,0
9909,1.832467,0
9910,0.607607,0
9911,1.472011,0
9912,2.569089,0
9913,1.313115,0
9914,1.100787,0
9915,0.156038,0
9916,0.093098,0
9917,0.427365,0
9918,2.790246,0
9919,3.005883,1
9920,1.042019,0
9921,1.398225,0
9922,2.081619,1
9923,0.117254,0
9924,0.818681,0
9925,1.917129,0
9926,0.161887,0
9927,1.129398,0
9928,0.85726,0
9929,0.067844,0
9930,2.522388,0
9931,0.894327,1
9932,0.296212,0
9933,2.361262,1
9934,2.365753,0
9935,2.418709,0
9936,1.92809,0
9937,2.740084,0
9938,0.892967,0
9939,0.206048,0
9940,1.188321,0
9941,2.104055,0
9942,0.169682,0
9943,2.393142,0
9944,0.85564,0
9945,3.350091,0
9946,0.226706,0
9947,3.245422,0
9948,4.026008,0
9949,1.9679,0
9950,1.114109,0
9951,1.413432,0
9952,0.818844,0
9953,1.498661,0
9954,0.138298,0
9955,1.989483,0
9956,2.840154,0
9957,1.92426,0
9958,2.313407,0
9959,0.984435,0
9960,2.967242,0
9961,1.434108,1
9962,1.54738,0
9963,1.007147,0
9964,0.256617,0
9965,1.591996,0
9966,2.515211,0
9967,2.527405,0
9968,2.760023,0
9969,0.389097,0
9970,0.807216,0
9971,2.877197,0
9972,1.327653,1
9973,1.161447,0
9974,4.047616,0
9975,2.344583,1
9976,1.446232,0
9977,1.701257,0
9978,2.093415,0
9979,1.780965,0
9980,0.474833,0
9981,2.295021,0
9982,2.129826,0
9983,2.647369,1
9984,2.186897,0
9985,1.389096,0
9986,2.313397,0
9987,1.628232,0
9988,2.295747,0
9989,0.285024,0
9990,3.258807,0
9991,0.516049,0
9992,2.003518,0
9993,0.245432,0
9994,1.404223,0
9995,0.219309,0
9996,1.105989,0
9997,2.038592,0
9998,2.245876,0
9999,0.603805,0
10000,0.47516,0
10001,1.076754,0
10002,0.818247,0
10003,1.448259,0
10004,2.524413,0
10005,0.575794,0
10006,0.012208,0
10007,1.183713,1
10008,0.770867,0
10009,3.445587,0
10010,0.383516,0
10011,0.142693,0
10012,1.454821,1
10013,2.083495,0
10014,1.577406,0
10015,0.189253,0
10016,1.536401,0
10017,2.510336,0
10018,0.100841,1
10019,1.497991,0
10020,2.977296,0
10021,0.2322,0
10022,2.053154,0
10023,3.70576,1
10024,2.122579,0
10025,0.691056,0
10026,1.909363,0
10027,0.125815,0
10028,1.990266,0
10029,3.380207,1
10030,1.756528,0
10031,1.614663,0
10032,2.565196,0
10033,1.924448,0
10034,0.509035,1
10035,2.373078,0
10036,4.339249,0
10037,1.959266,0
10038,1.908429,0
10039,0.603048,0
10040,1.619362,0
10041,2.013794,0
10042,3.317232,0
10043,2.581987,0
10044,2.597632,0
10045,2.218283,0
10046,0.264544,0
10047,3.032957,0
10048,0.07408,0
10049,0.585351,0
10050,2.472439,0
10051,1.051202,0
10052,0.901647,0
10053,0.787811,0
10054,1.820141,0
10055,0.099608,0
10056,0.46026,0
10057,0.067663,0
10058,1.420323,0
10059,1.623379,0
10060,0.358627,0
10061,2.616122,1
10062,0.201043,0
10063,2.938443,0
10064,0.89143,1
10065,2.047412,0
10066,2.574929,0
10067,0.775423,0
10068,1.459766,0
10069,0.547839,0
10070,4.011711,0
10071,3.04094,1
10072,2.186691,1
10073,3.456966,1
10074,0.397772,0
10075,3.156045,0
10076,2.100562,0
10077,1.303659,0
10078,0.621688,0
10079,3.632728,1
10080,2.817824,0
10081,1.125619,0
10082,1.026307,0
10083,1.842297,0
10084,1.589558,0
10085,2.608989,0
10086,0.868834,0
10087,1.223858,0
10088,2.3376,0
10089,0.835584,0
10090,1.951542,0
10091,0.031032,0
10092,1.134249,0
10093,2.234199,0
10094,0.056536,0
10095,2.221219,0
10096,0.209695,0
10097,3.132535,0
10098,0.450079,0
10099,0.866271,0
10100,1.814218,0
10101,1.646491,0
10102,1.025829,1
10103,1.93113,0
10104,1.61812,0
10105,1.713431,0
10106,0.164683,0
10107,2.244346,0
10108,0.067808,0
10109,0.084078,0
10110,0.578644,0
10111,1.759881,0
10112,0.217342,0
10113,0.519285,0
10114,0.161695,0
10115,1.966542,0
10116,5.396751,0
10117,2.488969,0
10118,1.482196,0
10119,1.937873,0
10120,1.925961,0
10121,0.938478,0
10122,0.992778,0
10123,1.838297,0
10124,2.531076,1
10125,0.742253,0
10126,3.714632,1
10127,0.531178,0
10128,0.949809,0
10129,2.099886,0
10130,0.030998,0
10131,3.300968,0
10132,1.614557,0
10133,0.280463,0
10134,1.219701,1
10135,0.881297,0
10136,3.131636,0
10137,0.164747,0
10138,0.363457,0
10139,3.881495,0
10140,2.157131,0
10141,1.905049,0
10142,1.575513,0
10143,1.371859,0
10144,0.212335,0
10145,1.597271,0
10146,3.140326,0
10147,0.899254,0
10148,1.679366,1
10149,1.643122,0
10150,1.290914,0
10151,0.279716,0
10152,2.783669,0
10153,3.057146,0
10154,0.092642,0
10155,4.520179,1
10156,0.528571,0
10157,0.225894,0
10158,3.980799,0
10159,2.288619,0
10160,0.157504,0
10161,0.964641,0
10162,1.941907,0
10163,2.173767,0
10164,2.984596,0
10165,1.231506,0
10166,0.834607,0
10167,0.591853,0
10168,0.907378,0
10169,3.050859,0
10170,3.680491,0
10171,3.675908,0
10172,0.414397,1
10173,3.514678,0
10174,2.745932,0
10175,3.05013,0
10176,4.304748,0
10177,1.901396,0
10178,0.69432,0
10179,2.591467,0
10180,0.903036,0
10181,1.191692,0
10182,0.085277,0
10183,2.060487,0
10184,1.523882,0
10185,2.407251,0
10186,0.128496,0
10187,1.586251,0
10188,2.049867,0
10189,1.261971,0
10190,0.162703,1
10191,2.177405,1
10192,0.88759,0
10193,1.897047,1
10194,0.094618,0
10195,2.698739,0
10196,0.212027,0
10197,0.680073,0
10198,2.167401,0
10199,1.458989,1
10200,0.422472,0
10201,2.147039,0
10202,1.8703,1
10203,0.458253,0
10204,0.334086,0
10205,2.01093,0
10206,3.275379,1
10207,0.440354,0
10208,1.886732,0
10209,0.964351,0
10210,0.31766,1
10211,1.414649,0
10212,0.108523,0
10213,3.256179,1
10214,0.116048,0
10215,1.75052,0
10216,2.043148,0
10217,2.104327,0
10218,1.0828,0
10219,1.594818,0
10220,3.984257,0
10221,0.369632,0
10222,1.101105,0
10223,1.394594,0
10224,2.211623,0
10225,0.616033,1
10226,2.069734,0
10227,1.78107,0
10228,1.690488,0
10229,2.065365,0
10230,0.500097,0
10231,0.282714,0
10232,0.148692,0
10233,2.282087,0
10234,2.548127,0
10235,0.859752,0
10236,0.09828,0
10237,3.069443,0
10238,1.590523,0
10239,3.379779,0
10240,0.377494,0
10241,0.847393,0
10242,0.468243,0
10243,4.486517,0
10244,0.566366,0
10245,2.749424,0
10246,1.154671,0
10247,0.156395,0
10248,2.336532,0
10249,3.538961,0
10250,4.063203,0
10251,1.601544,0
10252,1.710022,0
10253,0.398513,1
10254,1.703804,1
10255,2.545957,0
10256,2.719171,0
10257,1.951346,0
10258,1.410178,0
10259,0.669979,0
10260,1.98228,0
10261,3.553473,1
10262,1.245435,0
10263,0.101315,0
10264,3.501855,0
10265,1.435362,0
10266,1.401104,0
10267,2.639759,0
10268,1.618133,0
10269,2.669352,0
10270,1.06046,0
10271,3.202389,0
10272,1.739634,0
10273,0.053134,0
10274,0.092363,0
10275,1.751555,1
10276,0.412043,1
10277,0.727033,0
10278,0.396338,0
10279,3.813251,1
10280,1.840406,0
10281,3.704129,0
10282,0.542369,0
10283,1.788483,0
10284,0.271986,0
10285,0.328623,0
10286,0.314391,0
10287,1.570657,0
10288,0.367988,0
10289,0.766376,0
10290,0.99703,0
10291,2.704357,0
10292,0.890827,1
10293,3.135801,0
10294,2.29993,0
10295,1.606339,0
10296,1.961669,0
10297,2.51349,0
10298,1.371617,1
10299,1.130929,0
10300,1.024804,1
10301,2.616183,0
10302,2.26406,0
10303,0.666025,0
10304,1.907515,0
10305,2.160518,0
10306,1.287998,0
10307,0.386608,0
10308,2.115389,0
10309,1.758709,0
10310,1.736361,0
10311,0.46673,0
10312,1.085304,0
10313,0.685064,0
10314,0.792313,0
10315,1.70984,0
10316,1.001298,0
10317,0.727624,0
10318,0.195696,0
10319,4.16934,1
10320,0.563953,0
10321,3.215344,0
10322,0.492426,0
10323,0.934355,0
10324,1.180578,0
10325,0.309652,0
10326,1.060266,1
10327,1.828387,0
10328,1.486881,0
10329,0.219865,0
10330,1.776252,1
10331,0.085482,0
10332,1.352216,0
10333,0.055754,0
10334,2.281742,0
10335,1.463886,1
10336,2.471534,0
10337,1.805296,0
10338,1.339607,0
10339,4.328632,0
10340,2.869592,0
10341,0.828958,0
10342,1.250255,0
10343,0.484512,0
10344,2.941026,0
10345,0.381925,0
10346,0.670044,0
10347,3.001142,1
10348,0.35658,0
10349,0.348786,0
10350,2.15281,0
10351,2.385059,0
10352,0.085666,0
10353,3.044143,0
10354,1.696552,0
10355,1.054493,0
10356,1.943867,1
10357,0.321935,0
10358,0.645739,0
10359,1.139888,0
10360,0.107804,0
10361,2.210931,0
10362,0.261135,0
10363,0.275782,0
10364,2.62231,1
10365,1.154355,1
10366,0.191386,0
10367,1.275574,0
10368,0.113355,0
10369,1.853931,0
10370,1.631643,0
10371,2.654919,0
10372,1.432457,0
10373,1.006556,0
10374,0.064579,0
10375,0.562749,0
10376,1.396018,0
10377,3.489098,1
10378,1.711437,1
10379,2.982846,1
10380,0.180478,0
10381,0.316334,0
10382,0.377795,0
10383,2.400932,0
10384,2.672814,0
10385,1.461726,0
10386,0.703983,0
10387,0.354159,0
10388,0.800677,0
10389,1.817478,0
10390,1.473647,0
10391,0.090152,0
10392,0.504023,0
10393,3.921373,0
10394,0.500461,0
10395,1.495087,1
10396,1.360538,0
10397,3.479489,0
10398,2.054767,0
10399,2.352434,0
10400,2.013526,0
10401,1.747405,0
10402,3.976712,0
10403,2.253631,0
10404,0.117274,0
10405,2.675646,0
10406,0.093092,0
10407,4.554693,0
10408,2.612372,0
10409,1.658642,0
10410,2.941049,0
10411,0.85509,0
10412,0.986631,0
10413,2.571322,0
10414,0.431899,0
10415,0.389395,0
10416,1.514634,0
10417,1.663855,0
10418,0.23451,0
10419,2.60673,0
10420,0.066913,0
10421,2.480989,0
10422,1.987213,0
10423,2.493482,0
10424,1.861763,0
10425,1.952337,0
10426,2.443013,0
10427,0.150405,0
10428,2.658626,0
10429,0.034749,0
10430,3.078973,0
10431,1.304819,0
10432,1.931755,0
10433,0.513004,0
10434,1.880695,0
10435,0.411987,0
10436,0.67621,0
10437,0.032694,0
10438,1.069699,0
10439,2.630992,1
10440,1.390015,0
10441,3.508766,1
10442,3.453974,0
10443,1.01145,0
10444,1.481928,0
10445,0.353386,0
10446,1.470929,0
10447,0.031302,0
10448,1.107424,0
10449,0.479071,0
10450,0.215829,0
10451,1.162487,0
10452,0.035642,0
10453,2.375376,0
10454,0.109677,0
10455,0.053835,0
10456,0.895598,0
10457,0.823794,0
10458,1.950814,0
10459,0.175439,0
10460,1.887527,0
10461,1.676937,0
10462,0.981369,0
10463,1.482337,0
10464,0.94656,0
10465,0.548324,0
10466,1.553043,0
10467,0.165451,0
10468,3.244567,0
10469,0.471496,0
10470,0.325745,0
10471,1.372419,0
10472,1.85902,0
10473,1.380039,0
10474,3.622094,0
10475,0.10176,0
10476,1.640529,1
10477,0.775389,0
10478,0.10951,0
10479,2.370532,0
10480,0.258603,0
10481,4.285514,1
10482,1.023221,0
10483,1.281159,1
10484,1.225515,0
10485,2.314454,1
10486,0.09577,0
10487,0.43387,0
10488,1.987856,0
10489,2.337689,1
10490,0.0279,0
10491,1.890368,0
10492,0.462463,0
10493,0.734033,0
10494,2.767226,0
10495,0.24221,0
10496,1.609408,1
10497,0.142049,0
10498,0.45882,0
10499,2.052436,0
10500,0.775114,0
10501,0.511682,1
10502,1.68868,0
10503,0.736352,0
10504,0.840759,0
10505,1.915479,0
10506,1.781156,0
10507,2.665664,0
10508,0.527809,0
10509,0.242684,0
10510,0.231626,0
10511,0.210915,0
10512,0.394087,0
10513,1.64232,0
10514,2.353444,0
10515,2.490341,0
10516,1.928891,0
10517,1.994193,1
10518,1.61959,0
10519,0.195187,0
10520,2.55737,0
10521,0.917415,0
10522,2.015299,1
10523,2.145938,0
10524,2.427934,0
10525,2.315774,0
10526,3.119776,0
10527,1.135465,0
10528,3.188589,1
10529,0.107084,0
10530,3.152617,0
10531,0.101623,0
10532,3.644229,0
10533,1.923607,0
10534,3.210754,1
10535,3.513877,0
10536,2.693418,0
10537,3.092049,1
10538,1.106214,0
10539,0.132178,0
10540,0.503987,0
10541,0.04978,0
10542,2.577873,0
10543,0.0919,0
10544,2.293773,0
10545,0.385212,0
10546,0.897121,0
10547,1.907658,1
10548,0.34581,0
10549,1.187954,0
10550,1.417222,0
10551,1.749354,0
10552,0.24281,0
10553,0.623637,0
10554,0.721206,0
10555,2.020576,0
10556,0.733535,0
10557,0.05355,0
10558,1.067258,0
10559,0.975621,0
10560,0.334402,0
10561,2.798746,0
10562,0.483812,0
10563,2.454047,0
10564,2.827258,1
10565,0.324804,0
10566,0.293825,0
10567,2.189823,0
10568,2.398514,0
10569,2.358931,0
10570,2.723338,1
10571,2.23195,1
10572,2.271904,0
10573,0.853276,0
10574,1.828325,0
10575,0.169829,0
10576,1.330361,0
10577,0.431731,0
10578,2.487167,0
10579,0.174007,0
10580,0.61151,0
10581,0.05717,0
10582,0.488927,0
10583,0.522449,0
10584,0.377805,0
10585,3.977243,1
10586,0.719851,1
10587,2.080533,0
10588,1.087937,0
10589,2.852356,0
10590,3.429032,0
10591,1.550626,0
10592,2.169323,0
10593,0.770917,0
10594,2.570588,0
10595,0.698144,0
10596,0.622434,0
10597,1.450498,1
10598,2.800061,0
10599,1.729677,0
10600,0.160351,0
10601,0.649186,0
10602,2.022016,0
10603,3.565911,0
10604,1.878861,0
10605,0.091406,0
10606,2.306861,1
10607,0.16129,0
10608,0.90827,0
10609,1.40334,1
10610,0.573552,0
10611,0.664918,0
10612,0.178947,0
10613,2.246112,0
10614,0.093765,0
10615,2.770993,0
10616,0.024313,0
10617,0.334754,0
10618,1.981929,0
10619,0.145992,0
10620,2.40274,0
10621,2.572473,0
10622,1.379529,0
10623,0.194473,0
10624,0.694051,0
10625,0.882047,0
10626,0.841768,0
10627,0.018688,0
10628,1.698902,0
10629,3.112558,0
10630,0.451557,0
10631,1.780666,0
10632,2.810054,0
10633,0.099262,0
10634,0.317799,0
10635,2.643589,1
10636,3.06401,0
10637,0.180454,0
10638,0.391862,0
10639,0.272113,0
10640,2.173495,0
10641,0.272084,0
10642,3.907935,0
10643,1.49838,0
10644,0.21207,0
10645,2.279321,0
10646,1.345522,0
10647,1.425195,0
10648,0.081132,0
10649,0.981982,0
10650,1.573376,0
10651,1.085993,0
10652,2.225693,0
10653,2.3332,0
10654,3.765271,0
10655,0.122201,0
10656,0.8009,0
10657,0.238816,0
10658,0.050482,0
10659,0.534418,1
10660,1.9076,0
10661,2.30176,0
10662,1.205822,0
10663,2.602481,0
10664,2.869692,0
10665,1.419819,0
10666,0.394041,0
10667,2.027075,0
10668,1.563908,0
10669,2.294405,0
10670,1.891569,1
10671,0.173483,0
10672,3.070896,1
10673,1.631219,0
10674,0.548692,0
10675,0.720027,0
10676,3.70377,0
10677,2.659524,0
10678,0.20098,0
10679,0.417869,1
10680,0.244022,0
10681,1.542089,0
10682,0.507451,0
10683,1.0272,0
10684,2.696248,0
10685,1.775646,0
10686,1.456568,0
10687,1.260868,0
10688,0.126774,0
10689,0.745089,0
10690,1.859125,0
10691,2.211926,0
10692,0.886768,0
10693,1.448249,0
10694,0.522057,0
10695,2.109204,0
10696,0.254339,0
10697,1.631493,0
10698,3.988757,0
10699,2.864048,1
10700,1.4137,0
10701,0.532683,0
10702,1.111011,0
10703,0.752378,0
10704,0.287749,0
10705,0.374487,0
10706,0.062717,0
10707,1.463023,0
10708,0.751313,0
10709,1.922154,0
10710,2.929844,0
10711,2.067132,0
10712,2.176146,0
10713,2.402448,0
10714,0.138146,0
10715,0.624268,0
10716,0.741655,0
10717,1.923999,0
10718,1.229992,0
10719,2.304363,0
10720,0.794839,0
10721,2.640099,0
10722,2.198249,0
10723,0.155707,0
10724,2.64511,0
10725,0.389238,0
10726,0.148268,0
10727,1.417609,1
10728,1.504751,0
10729,1.790683,0
10730,0.913812,0
10731,0.799501,0
10732,0.135915,0
10733,2.458752,1
10734,2.587263,0
10735,2.409806,0
10736,0.921656,0
10737,0.433822,0
10738,1.620234,0
10739,0.772101,0
10740,2.313014,0
10741,0.22318,0
10742,2.647554,0
10743,1.100862,0
10744,0.069141,0
10745,0.16234,0
10746,0.542746,0
10747,2.256615,0
10748,2.433355,0
10749,0.15962,0
10750,0.567367,0
10751,0.790302,0
10752,1.809771,0
10753,2.401157,0
10754,2.095648,0
10755,3.24382,0
10756,3.144408,1
10757,2.302109,0
10758,0.234002,0
10759,0.28037,0
10760,3.319046,1
10761,1.696918,0
10762,3.28723,0
10763,1.901697,1
10764,1.092221,0
10765,1.995582,0
10766,1.388825,0
10767,0.676655,0
10768,0.737749,0
10769,0.127984,0
10770,1.28104,0
10771,1.636647,0
10772,3.081121,0
10773,0.153121,0
10774,2.933107,0
10775,2.023966,0
10776,1.658184,0
10777,0.977909,0
10778,0.420077,0
10779,3.180031,0
10780,1.088134,0
10781,0.469016,0
10782,1.971863,0
10783,0.099635,0
10784,2.152615,0
10785,1.546293,1
10786,0.586212,0
10787,3.51701,1
10788,0.864811,0
10789,2.187674,0
10790,0.935393,0
10791,1.068567,0
10792,2.717601,0
10793,0.740532,0
10794,1.866259,0
10795,0.689145,0
10796,0.200953,0
10797,1.716857,0
10798,1.931961,0
10799,1.866495,0
10800,2.136471,0
10801,2.055321,1
10802,2.264239,1
10803,3.007543,1
10804,2.361905,0
10805,1.788026,0
10806,1.311476,0
10807,2.594513,1
10808,2.469665,1
10809,1.481777,0
10810,3.465426,0
10811,2.638438,0
10812,0.101056,0
10813,1.445859,0
10814,2.23554,1
10815,1.341875,0
10816,0.361873,0
10817,0.088414,0
10818,1.597919,0
10819,1.197994,0
10820,2.007481,0
10821,1.733705,0
10822,0.360535,0
10823,2.611344,0
10824,0.84272,0
10825,2.11409,0
10826,0.276222,0
10827,0.819238,0
10828,1.629224,0
10829,0.253531,0
10830,1.886427,0
10831,0.359746,0
10832,2.074152,0
10833,1.823987,0
10834,2.396746,0
10835,0.146127,0
10836,0.375969,0
10837,3.583497,0
10838,4.793021,0
10839,2.805608,1
10840,1.752136,0
10841,0.099101,0
10842,0.837318,0
10843,3.157644,0
10844,0.184744,0
10845,0.065674,0
10846,1.415992,0
10847,2.389854,0
10848,1.972649,0
10849,0.325036,0
10850,1.958469,0
10851,2.255951,0
10852,0.932931,0
10853,0.43282,0
10854,0.104565,0
10855,2.513795,0
10856,1.501924,0
10857,1.382821,0
10858,2.596457,0
10859,3.766049,1
10860,1.579577,0
10861,0.281,1
10862,2.311784,0
10863,1.825894,0
10864,2.067776,1
10865,2.035168,1
10866,0.417702,0
10867,2.018746,0
10868,2.281491,0
10869,2.410119,1
10870,3.520581,0
10871,1.890911,0
10872,1.854308,0
10873,0.661263,0
10874,2.54037,0
10875,0.506838,0
10876,2.054672,0
10877,2.099677,0
10878,0.27716,0
10879,0.847585,0
10880,2.205569,0
10881,1.58881,0
10882,0.899662,0
10883,1.509622,0
10884,0.561949,0
10885,0.13397,0
10886,2.583004,0
10887,1.911939,0
10888,1.640994,0
10889,0.116235,0
10890,0.769698,0
10891,1.944973,0
10892,0.736852,1
10893,1.517265,0
10894,4.420809,0
10895,1.159488,0
10896,1.58281,0
10897,1.633585,0
10898,2.242045,0
10899,2.09431,0
10900,3.240468,1
10901,2.495202,0
10902,1.034736,0
10903,0.15418,0
10904,1.888844,0
10905,2.142929,0
10906,0.321447,0
10907,0.345066,0
10908,1.580415,0
10909,2.396096,0
10910,1.283252,0
10911,0.324819,0
10912,2.121181,0
10913,0.172211,0
10914,2.000791,0
10915,1.536527,0
10916,1.691447,0
10917,0.792791,1
10918,2.367415,0
10919,1.55323,0
10920,0.453165,0
10921,0.366687,0
10922,0.536481,1
10923,2.598881,0
10924,2.829638,0
10925,0.265215,0
10926,0.713534,1
10927,3.425092,0
10928,2.162753,0
10929,1.025649,0
10930,1.431585,0
10931,2.861957,1
10932,2.311469,1
10933,2.031986,0
10934,2.931355,0
10935,1.454093,0
10936,3.400404,0
10937,3.377412,1
10938,0.212132,0
10939,1.013005,0
10940,1.771742,0
10941,0.193528,0
10942,1.597612,0
10943,0.028452,0
10944,2.443667,0
10945,2.269198,0
10946,2.107154,0
10947,1.249025,0
10948,2.381076,0
10949,3.28499,0
10950,1.834885,0
10951,0.897694,0
10952,0.844501,0
10953,2.214232,0
10954,2.486981,0
10955,1.277886,0
10956,0.27782,0
10957,0.043769,0
10958,0.760148,0
10959,2.107554,1
10960,3.442775,1
10961,0.097956,0
10962,3.164453,0
10963,1.920079,0
10964,2.843568,0
10965,3.846981,1
10966,1.356282,0
10967,2.742106,0
10968,0.341746,0
10969,4.159099,0
10970,0.755081,0
10971,0.704585,0
10972,0.075895,0
10973,3.963309,0
10974,1.909323,1
10975,1.033505,0
10976,2.41123,0
10977,1.842469,0
10978,0.280921,0
10979,2.657859,0
10980,0.37495,0
10981,1.841641,0
10982,0.447849,0
10983,0.6356,0
10984,2.318042,0
10985,0.055993,0
10986,0.654093,0
10987,1.877782,0
10988,0.838232,0
10989,2.80845,0
10990,3.182285,0
10991,0.221675,0
10992,4.145539,0
10993,0.269071,0
10994,2.877593,0
10995,2.239532,0
10996,1.060932,0
10997,2.098109,0
10998,2.626668,0
10999,0.566998,0
11000,0.093575,0
11001,3.655518,0
11002,0.33716,0
11003,1.610085,0
11004,0.229481,0
11005,1.703069,0
11006,2.400205,0
11007,1.731371,0
11008,1.276595,0
11009,1.409734,0
11010,0.492727,0
11011,0.741813,1
11012,2.843972,0
11013,0.13928,0
11014,1.369137,0
11015,0.6357,0
11016,1.927953,0
11017,1.897398,1
11018,0.140847,0
11019,2.488647,0
11020,0.488422,0
11021,1.427853,0
11022,2.670947,1
11023,2.68812,0
11024,1.882763,0
11025,2.344213,0
11026,1.666601,0
11027,0.427584,1
11028,2.997221,0
11029,0.355028,0
11030,2.005348,0
11031,0.621259,0
11032,1.835049,0
11033,1.740191,0
11034,0.394258,0
11035,1.849007,0
11036,0.465614,0
11037,0.663034,0
11038,1.319265,0
11039,1.284948,0
11040,0.094584,0
11041,1.160454,0
11042,1.508327,0
11043,0.419732,0
11044,2.095917,0
11045,2.597668,0
11046,0.121391,1
11047,0.459343,1
11048,0.366123,0
11049,0.370163,0
11050,1.585465,1
11051,0.71095,0
11052,1.510322,0
11053,0.687208,0
11054,3.845592,1
11055,0.377967,0
11056,2.677328,0
11057,2.12548,0
11058,3.024602,0
11059,2.277859,0
11060,1.223466,0
11061,2.296371,0
11062,0.619827,0
11063,2.280818,0
11064,2.150182,1
11065,2.97167,0
11066,2.52263,1
11067,1.604376,0
11068,0.971824,0
11069,0.763636,0
11070,1.847388,0
11071,0.649319,0
11072,1.682936,0
11073,3.179038,0
11074,1.448665,0
11075,2.648724,0
11076,0.354628,0
11077,1.778116,0
11078,0.06696,0
11079,2.273189,0
11080,0.95519,0
11081,0.990702,0
11082,0.482884,0
11083,1.187319,0
11084,0.267404,0
11085,2.200515,0
11086,2.40303,0
11087,2.863349,0
11088,0.377197,0
11089,3.08435,0
11090,1.511531,1
11091,0.07771,0
11092,0.446813,0
11093,0.328738,0
11094,1.943404,0
11095,2.783638,0
11096,0.395932,0
11097,0.611455,0
11098,0.296429,1
11099,1.414481,0
11100,1.901082,0
11101,1.41934,0
11102,2.852046,0
11103,0.71426,0
11104,0.526034,0
11105,2.799963,0
11106,0.598265,0
11107,0.219647,0
11108,0.085476,0
11109,3.018142,0
11110,0.705837,1
11111,1.253905,1
11112,1.477206,0
11113,2.323497,0
11114,0.039435,0
11115,2.146934,0
11116,2.270407,0
11117,0.105366,0
11118,0.091139,0
11119,4.005639,0
11120,2.129528,0
11121,0.137106,0
11122,2.806,0
11123,0.103553,0
11124,1.221188,0
11125,0.178327,0
11126,1.746793,0
11127,1.833711,0
11128,1.616982,0
11129,0.226829,0
11130,0.07606,0
11131,0.078937,0
11132,2.716753,0
11133,2.715668,0
11134,2.853136,0
11135,0.617203,0
11136,2.597212,0
11137,1.864101,0
11138,2.184098,0
11139,0.097148,0
11140,3.461005,0
11141,0.2168,0
11142,3.434263,0
11143,2.565611,0
11144,1.169137,0
11145,1.628304,0
11146,1.627549,0
11147,0.280486,0
11148,2.529963,0
11149,4.155747,0
11150,1.240354,0
11151,2.67094,0
11152,1.351797,0
11153,2.336297,0
11154,0.149446,0
11155,1.568679,1
11156,2.345388,0
11157,0.934589,0
11158,0.789544,0
11159,2.78644,0
11160,1.042784,0
11161,0.211118,0
11162,1.082301,0
11163,0.6001,1
11164,0.225501,0
11165,1.066996,0
11166,1.540703,0
11167,2.838399,0
11168,1.41963,0
11169,0.782357,0
11170,1.79385,0
11171,2.640979,0
11172,1.848228,0
11173,2.875795,1
11174,0.907217,0
11175,0.354425,0
11176,0.165758,0
11177,1.212839,0
11178,0.575147,0
11179,0.590957,0
11180,1.082982,0
11181,2.625129,0
11182,1.611286,1
11183,1.885188,0
11184,1.861833,0
11185,0.06063,0
11186,1.374097,0
11187,1.778116,0
11188,0.209671,0
11189,0.107562,0
11190,1.764285,0
11191,0.312422,0
11192,0.524191,0
11193,3.146986,0
11194,4.200987,1
11195,2.205882,1
11196,0.013387,0
11197,0.158507,0
11198,0.407587,1
11199,1.726703,0
11200,0.346728,0
11201,2.222488,0
11202,2.196875,0
11203,4.149845,0
11204,3.940828,1
11205,1.08874,0
11206,1.824108,0
11207,0.513157,0
11208,0.574988,0
11209,0.257708,0
11210,1.530604,0
11211,2.230078,0
11212,1.839423,0
11213,0.068669,0
11214,0.265882,0
11215,1.888566,0
11216,1.999201,0
11217,1.934952,0
11218,0.185044,0
11219,1.099243,0
11220,0.28881,0
11221,1.017118,0
11222,3.183736,0
11223,1.70465,0
11224,0.396832,0
11225,0.855533,0
11226,2.110589,0
11227,1.469746,0
11228,0.903586,1
11229,0.118771,0
11230,1.79267,0
11231,0.854645,0
11232,2.013013,0
11233,0.278545,0
11234,1.268002,0
11235,2.728698,1
11236,3.748188,0
11237,0.208712,0
11238,0.41528,0
11239,1.995003,1
11240,0.091609,0
11241,1.807274,0
11242,3.051764,0
11243,0.458496,0
11244,1.082748,0
11245,1.445107,0
11246,0.146795,0
11247,1.768615,0
11248,2.770813,1
11249,2.369518,0
11250,1.743666,0
11251,0.565267,0
11252,1.469806,0
11253,0.277495,0
11254,1.703188,0
11255,1.443061,0
11256,1.275933,0
11257,2.721815,0
11258,2.800638,1
11259,1.364011,0
11260,1.667277,0
11261,1.556579,1
11262,1.258827,0
11263,2.781153,0
11264,2.048771,0
11265,0.287705,0
11266,0.541984,0
11267,1.116163,1
11268,0.332098,0
11269,2.485963,0
11270,0.241157,0
11271,0.040261,0
11272,2.76297,1
11273,0.614722,0
11274,0.459858,0
11275,1.629859,0
11276,0.316028,0
11277,0.238168,0
11278,0.389014,0
11279,0.058406,0
11280,0.733365,0
11281,1.863577,0
11282,2.039776,0
11283,1.68644,0
11284,0.590091,0
11285,2.250141,0
11286,0.39869,0
11287,1.017431,0
11288,2.797452,0
11289,0.708077,0
11290,1.282658,0
11291,2.114498,0
11292,2.55213,0
11293,2.192474,0
11294,2.247426,0
11295,0.250317,0
11296,1.070317,0
11297,2.100293,0
11298,1.373597,0
11299,0.791796,0
11300,0.997258,0
11301,3.110078,1
11302,1.518183,0
11303,0.294663,0
11304,0.848545,1
11305,0.590814,0
11306,1.799625,0
11307,0.829993,1
11308,1.796005,0
11309,0.087412,0
11310,2.243327,1
11311,1.950452,1
11312,1.483967,0
11313,0.288659,0
11314,3.537799,0
11315,0.511978,0
11316,1.689257,0
11317,3.320117,1
11318,1.760583,0
11319,0.116953,0
11320,0.849336,0
11321,2.611231,0
11322,1.5545,1
11323,0.059754,0
11324,0.13949,0
11325,3.289066,1
11326,1.161033,0
11327,1.770346,0
11328,1.755993,0
11329,1.747863,0
11330,3.142722,0
11331,2.309299,1
11332,1.862627,0
11333,0.082332,0
11334,2.953046,1
11335,0.602643,0
11336,0.279592,0
11337,0.54567,0
11338,2.408786,0
11339,4.965928,1
11340,0.314286,1
11341,1.496911,0
11342,1.59403,0
11343,2.100829,0
11344,1.633144,0
11345,2.666133,0
11346,1.816628,0
11347,0.114399,0
11348,3.096554,0
11349,1.527592,0
11350,0.716136,0
11351,0.445446,0
11352,0.760266,0
11353,1.210826,0
11354,1.853268,0
11355,1.630175,1
11356,0.200062,0
11357,1.878431,0
11358,2.167921,0
11359,1.322326,0
11360,1.050258,0
11361,0.379326,0
11362,5.586975,0
11363,2.831235,0
11364,1.233098,0
11365,1.82989,0
11366,1.118014,0
11367,1.901759,0
11368,0.603507,0
11369,0.862242,0
11370,1.449556,0
11371,2.061238,0
11372,0.090222,0
11373,0.539749,0
11374,2.196593,0
11375,2.1913,0
11376,1.120346,0
11377,0.101861,0
11378,0.074802,0
11379,1.509438,0
11380,2.368657,0
11381,1.217118,0
11382,0.917063,0
11383,0.318262,0
11384,2.358058,0
11385,0.719322,0
11386,1.903574,0
11387,1.267722,1
11388,0.409419,0
11389,0.399409,1
11390,1.872809,0
11391,0.142015,0
11392,0.286453,0
11393,1.92489,0
11394,2.402402,1
11395,1.320424,0
11396,0.505558,0
11397,2.580903,0
11398,2.206753,0
11399,0.076698,0
11400,0.900443,0
11401,0.211927,0
11402,2.17923,0
11403,0.698675,0
11404,2.268885,0
11405,0.775797,0
11406,2.397326,1
11407,0.291701,0
11408,0.479971,0
11409,2.121878,0
11410,1.586774,0
11411,0.856918,0
11412,1.771731,0
11413,1.379403,0
11414,2.798771,0
11415,3.49517,0
11416,0.294431,0
11417,1.026509,1
11418,1.812547,0
11419,0.88958,0
11420,2.298792,0
11421,0.286942,0
11422,2.075273,0
11423,3.311997,0
11424,3.386287,0
11425,1.715273,0
11426,0.093322,0
11427,2.516096,1
11428,0.517325,0
11429,0.194488,1
11430,0.46641,0
11431,1.934609,0
11432,0.11927,0
11433,2.527268,0
11434,1.62709,0
11435,3.959044,1
11436,0.474181,0
11437,0.073215,0
11438,0.55969,0
11439,1.748921,0
11440,0.803867,0
11441,2.233593,0
11442,2.365469,1
11443,2.072354,0
11444,1.298318,0
11445,6.280468,1
11446,0.944151,0
11447,0.506668,0
11448,0.087212,0
11449,0.866285,0
11450,0.364457,0
11451,1.13578,0
11452,1.790896,0
11453,0.46241,0
11454,0.675927,0
11455,0.070768,0
11456,0.222299,0
11457,0.858827,0
11458,1.150777,0
11459,2.432167,0
11460,0.067664,0
11461,1.451363,0
11462,1.842475,0
11463,1.309052,0
11464,2.411048,0
11465,2.858147,1
11466,0.797294,0
11467,0.921827,0
11468,2.558133,1
11469,3.341321,0
11470,1.005378,0
11471,0.519459,0
11472,0.202679,0
11473,2.521442,1
11474,1.659086,0
11475,2.234247,0
11476,2.935042,0
11477,1.294832,0
11478,0.568421,0
11479,0.326068,0
11480,1.926641,0
11481,2.44753,0
11482,4.214176,1
11483,0.454627,0
11484,0.082855,0
11485,0.816692,0
11486,0.615289,0
11487,0.534031,0
11488,0.10184,0
11489,2.837049,0
11490,3.365948,0
11491,1.026189,0
11492,2.293813,0
11493,1.628676,1
11494,3.075786,0
11495,2.689332,0
11496,0.059888,0
11497,0.198793,0
11498,0.159161,0
11499,1.378976,0
11500,0.013085,0
11501,2.198568,0
11502,0.482424,0
11503,1.185983,0
11504,1.755419,0
11505,2.07524,0
11506,2.812506,0
11507,0.590128,0
11508,1.406,0
11509,2.932709,1
11510,1.996792,0
11511,0.684929,0
11512,0.22702,0
11513,2.212674,0
11514,2.757442,0
11515,1.673407,0
11516,0.675893,0
11517,2.220953,0
11518,2.382283,0
11519,0.35291,0
11520,2.415771,0
11521,0.909652,1
11522,2.734921,0
11523,0.111738,0
11524,4.395773,1
11525,1.728345,0
11526,4.117608,1
11527,1.45428,0
11528,0.891075,1
11529,0.062574,0
11530,2.191802,0
11531,0.230497,0
11532,2.740932,0
11533,2.432499,1
11534,3.612378,0
11535,1.719751,0
11536,3.589411,0
11537,0.365568,0
11538,2.590857,0
11539,1.453863,0
11540,1.108396,0
11541,1.6366,0
11542,0.070378,0
11543,2.265979,0
11544,2.605238,0
11545,0.102334,0
11546,3.303063,1
11547,2.074073,0
11548,1.097465,1
11549,1.156419,1
11550,1.781858,0
11551,2.476781,0
11552,0.435219,1
11553,2.663876,0
11554,0.476463,0
11555,1.536315,0
11556,0.085734,0
11557,0.528989,0
11558,2.161271,0
11559,1.29441,0
11560,1.50803,0
11561,1.984424,1
11562,0.276898,0
11563,0.179437,0
11564,0.075862,0
11565,0.318843,0
11566,0.557783,0
11567,2.224686,0
11568,2.561332,0
11569,1.893586,0
11570,2.919895,0
11571,2.423335,0
11572,2.296127,0
11573,3.522269,0
11574,0.355833,0
11575,0.503242,0
11576,1.2694,0
11577,0.060586,0
11578,1.40084,0
11579,0.114835,0
11580,3.038375,0
11581,2.990499,0
11582,0.342842,0
11583,3.1485,0
11584,1.090439,0
11585,0.104981,0
11586,3.484085,0
11587,0.364762,0
11588,0.108993,0
11589,2.161072,0
11590,1.32109,1
11591,4.148408,0
11592,1.838598,1
11593,2.782588,1
11594,0.077855,0
11595,1.877643,0
11596,1.68997,0
11597,0.513014,0
11598,3.339696,0
11599,0.300596,0
11600,1.363416,0
11601,2.794335,0
11602,1.756246,0
11603,0.76495,0
11604,0.430279,0
11605,0.65073,0
11606,3.291939,0
11607,0.846961,0
11608,2.257759,0
11609,0.275382,0
11610,1.801593,0
11611,3.314855,0
11612,0.78555,0
11613,1.140276,0
11614,2.121488,0
11615,0.908392,0
11616,2.952543,0
11617,0.285126,0
11618,1.70283,0
11619,3.792686,1
11620,3.480414,1
11621,1.196615,0
11622,1.151653,0
11623,0.202963,0
11624,0.67357,1
11625,2.815443,0
11626,0.259348,0
11627,0.547381,0
11628,1.516509,0
11629,2.320124,0
11630,1.465951,0
11631,1.821849,0
11632,2.398162,1
11633,0.082654,0
11634,0.416057,0
11635,1.384758,0
11636,1.263376,0
11637,1.573738,0
11638,1.61642,1
11639,0.351038,0
11640,2.750312,0
11641,1.23584,0
11642,1.980077,1
11643,2.327555,0
11644,0.990841,0
11645,2.761595,0
11646,2.663903,0
11647,2.732891,0
11648,1.583515,1
11649,2.285157,0
11650,2.241316,0
11651,0.037286,0
11652,0.291398,0
11653,0.463659,0
11654,2.145327,1
11655,1.359491,0
11656,1.35875,0
11657,3.389792,0
11658,0.540399,0
11659,0.546119,0
11660,3.592989,0
11661,1.79826,0
11662,0.667021,0
11663,0.819309,0
11664,0.36161,0
11665,0.394141,0
11666,2.360973,0
11667,2.173739,0
11668,1.470217,0
11669,1.765881,0
11670,1.2405,0
11671,0.346729,0
11672,3.029464,0
11673,0.253757,0
11674,1.615557,0
11675,1.836495,0
11676,2.028183,0
11677,0.250013,0
11678,0.36339,0
11679,1.046827,0
11680,0.497105,0
11681,0.81979,0
11682,3.143665,0
11683,2.401871,0
11684,0.671072,0
11685,2.064997,0
11686,0.978955,0
11687,1.067954,0
11688,1.873473,0
11689,2.979726,0
11690,2.342728,0
11691,1.172991,0
11692,2.118022,0
11693,0.206178,0
11694,0.532786,0
11695,2.437045,0
11696,0.663685,0
11697,2.244005,0
11698,0.020813,1
11699,2.229457,0
11700,1.93382,0
11701,2.067425,1
11702,2.679095,0
11703,0.031731,0
11704,1.681137,0
11705,0.041177,0
11706,0.678582,0
11707,0.146194,0
11708,1.019005,0
11709,0.183208,0
11710,2.723797,1
11711,2.84875,0
11712,0.111256,0
11713,2.522165,0
11714,2.235241,0
11715,3.230707,0
11716,0.140136,0
11717,0.118976,0
11718,0.869577,0
11719,0.795985,0
11720,2.432298,0
11721,1.794618,0
11722,1.498632,0
11723,1.236885,0
11724,2.955843,1
11725,2.756667,0
11726,1.482931,0
11727,3.517349,0
11728,0.484678,1
11729,0.516506,0
11730,1.269016,0
11731,0.766699,0
11732,0.267075,0
11733,0.847503,0
11734,2.914151,0
11735,1.991813,0
11736,1.871993,0
11737,0.317049,0
11738,0.030424,0
11739,2.169654,0
11740,0.083883,0
11741,0.232224,0
11742,0.19768,0
11743,0.491166,0
11744,2.959421,0
11745,2.581989,0
11746,2.268115,0
11747,1.256991,0
11748,0.306441,0
11749,0.411247,0
11750,1.985214,1
11751,1.551645,0
11752,0.981741,0
11753,4.408868,1
11754,0.143961,0
11755,1.914029,0
11756,2.924399,0
11757,3.975212,0
11758,0.132272,0
11759,1.293827,0
11760,0.038376,0
11761,1.01879,0
11762,1.780975,0
11763,0.678866,0
11764,1.768932,1
11765,1.955182,0
11766,0.436023,0
11767,0.209216,0
11768,2.119519,0
11769,1.440334,0
11770,3.683057,0
11771,2.446705,1
11772,2.772391,0
11773,1.622301,0
11774,3.907857,1
11775,0.318765,0
11776,2.865698,0
11777,1.007229,0
11778,0.148363,0
11779,0.479808,0
11780,1.752932,0
11781,0.425059,0
11782,0.00468,0
11783,3.557075,0
11784,1.173023,0
11785,1.366149,0
11786,1.833061,1
11787,0.032856,0
11788,0.09742,0
11789,0.247088,0
11790,1.396505,0
11791,0.249426,0
11792,1.235552,0
11793,1.800563,0
11794,0.369974,0
11795,1.188172,0
11796,0.102997,0
11797,3.094025,0
11798,0.989366,0
11799,2.125467,0
11800,1.23013,1
11801,1.924402,0
11802,0.049409,0
11803,2.950218,0
11804,2.485783,0
11805,2.06364,0
11806,0.350647,0
11807,1.004468,0
11808,2.592997,0
11809,0.536473,0
11810,2.024434,0
11811,1.052297,0
11812,0.576197,1
11813,1.76218,1
11814,4.55531,0
11815,1.911335,1
11816,0.808943,0
11817,2.483516,0
11818,1.956524,0
11819,3.027859,1
11820,1.810804,0
11821,0.379569,0
11822,1.832989,1
11823,2.423308,0
11824,2.246446,0
11825,2.538139,0
11826,2.439809,0
11827,1.322573,0
11828,0.315219,0
11829,1.310226,0
11830,0.243949,0
11831,1.494871,0
11832,0.929393,0
11833,0.733762,0
11834,2.54831,0
11835,3.209239,0
11836,0.094864,0
11837,2.039244,0
11838,0.147607,0
11839,0.360589,0
11840,1.570542,0
11841,0.103009,0
11842,0.225055,0
11843,2.424069,0
11844,3.77895,1
11845,2.32797,0
11846,2.248979,0
11847,3.354599,0
11848,0.207126,0
11849,0.740021,1
11850,2.069899,0
11851,0.094252,0
11852,2.098311,0
11853,1.048707,0
11854,0.971126,0
11855,2.925209,0
11856,2.680061,0
11857,2.53884,1
11858,0.505036,0
11859,2.631637,0
11860,2.555447,0
11861,3.31303,0
11862,0.232495,0
11863,0.215713,0
11864,2.323212,1
11865,1.235765,0
11866,1.225447,0
11867,1.640756,0
11868,0.695205,0
11869,2.334605,0
11870,2.194219,0
11871,3.033559,0
11872,2.424681,0
11873,0.93531,0
11874,0.613125,0
11875,0.202759,0
11876,2.26936,0
11877,1.396987,0
11878,0.169724,0
11879,1.591438,0
11880,0.66155,0
11881,3.6776,1
11882,2.888356,0
11883,0.076367,0
11884,2.12693,0
11885,0.112952,0
11886,1.790309,0
11887,1.714532,1
11888,2.33475,0
11889,0.043292,0
11890,2.118517,0
11891,1.604873,0
11892,0.186491,0
11893,2.323037,0
11894,2.909279,0
11895,1.161301,0
11896,3.618822,1
11897,2.800537,0
11898,0.559142,0
11899,0.999087,0
11900,0.070136,0
11901,4.853226,1
11902,2.252841,1
11903,0.131948,0
11904,0.826397,0
11905,0.361801,0
11906,2.044921,0
11907,1.01555,0
11908,0.070284,0
11909,1.558968,0
11910,0.660999,0
11911,1.937479,0
11912,3.704543,0
11913,0.875628,0
11914,0.206943,0
11915,0.969207,0
11916,0.247122,0
11917,0.495207,0
11918,0.707539,0
11919,0.338825,0
11920,0.545042,0
11921,2.728328,0
11922,0.956324,0
11923,0.553769,0
11924,2.20438,0
11925,1.032349,1
11926,0.183844,0
11927,0.077738,0
11928,2.612978,0
11929,0.815418,0
11930,0.534898,0
11931,2.10981,1
11932,0.013618,0
11933,2.942736,1
11934,1.887422,0
11935,0.547582,0
11936,0.236386,0
11937,0.096854,0
11938,2.084343,0
11939,4.528155,1
11940,2.115895,0
11941,2.278562,1
11942,2.921148,0
11943,2.277402,0
11944,2.266184,0
11945,2.859182,0
11946,2.759374,1
11947,0.24855,0
11948,0.307132,0
11949,1.501516,0
11950,0.526217,0
11951,0.578521,0
11952,2.417207,0
11953,2.785808,0
11954,3.436577,0
11955,1.238351,0
11956,0.275194,0
11957,0.108262,0
11958,0.279393,0
11959,1.322891,0
11960,1.360212,0
11961,1.718712,0
11962,0.331036,0
11963,1.849031,0
11964,3.280005,0
11965,1.703095,0
11966,1.411773,0
11967,2.004378,0
11968,0.964218,0
11969,2.293305,0
11970,0.747181,1
11971,0.645506,0
11972,0.144605,0
11973,0.607788,0
11974,0.495355,1
11975,2.337619,0
11976,0.956535,0
11977,0.250621,0
11978,0.131198,0
11979,0.103784,0
11980,2.022753,1
11981,0.85719,0
11982,1.00237,0
11983,1.714949,0
11984,0.019002,0
11985,2.692416,0
11986,0.467085,0
11987,1.078787,0
11988,0.481873,0
11989,0.137664,0
11990,1.088138,0
11991,3.028181,1
11992,0.796723,0
11993,0.089671,0
11994,2.448278,1
11995,3.424867,0
11996,3.148801,0
11997,1.894624,1
11998,2.469677,0
11999,2.285027,0
12000,2.166374,0
12001,0.665994,0
12002,0.449688,0
12003,1.290022,0
12004,0.50091,0
12005,0.067718,0
12006,2.437929,0
12007,1.923341,0
12008,0.481599,0
12009,4.614811,0
12010,0.68483,0
12011,1.36294,0
12012,2.987053,0
12013,1.988073,0
12014,1.080029,0
12015,0.10072,0
12016,0.887115,0
12017,2.420416,0
12018,3.51429,1
12019,1.080853,0
12020,0.411944,0
12021,0.269503,0
12022,1.83307,0
12023,0.720497,0
12024,2.416109,0
12025,1.219595,0
12026,1.78349,0
12027,2.396219,0
12028,2.036516,0
12029,3.464669,0
12030,0.597766,0
12031,0.301314,0
12032,2.282588,0
12033,1.579436,0
12034,2.090958,0
12035,0.48906,0
12036,3.863554,1
12037,1.081296,0
12038,3.618887,1
12039,0.917712,0
12040,1.629221,0
12041,0.419887,0
12042,1.246757,0
12043,1.845649,0
12044,0.19213,1
12045,2.355049,0
12046,2.84663,0
12047,1.347366,0
12048,0.148891,0
12049,1.163426,0
12050,1.288823,0
12051,1.75588,0
12052,1.892853,0
12053,1.244964,0
12054,0.595945,0
12055,0.590494,0
12056,0.096294,0
12057,3.456347,0
12058,0.329109,0
12059,1.266611,0
12060,1.582687,0
12061,0.094203,0
12062,2.1775,0
12063,1.167522,0
12064,3.526574,1
12065,0.867621,0
12066,2.49734,0
12067,2.24852,0
12068,2.31029,0
12069,3.520483,0
12070,2.685898,0
12071,0.151854,0
12072,2.483072,0
12073,1.495016,0
12074,2.415778,0
12075,1.565771,0
12076,1.339715,0
12077,0.208647,1
12078,2.818409,0
12079,2.642169,0
12080,0.467902,0
12081,2.82555,0
12082,3.886473,0
12083,0.519728,0
12084,1.537345,0
12085,1.308379,0
12086,1.439764,0
12087,4.050492,0
12088,2.089628,0
12089,2.264165,0
12090,2.330685,0
12091,3.619073,0
12092,0.439786,0
12093,0.886343,0
12094,3.954718,0
12095,0.045935,0
12096,3.037282,1
12097,2.714595,0
12098,0.410746,0
12099,0.294217,0
12100,0.284751,1
12101,2.982474,0
12102,1.002999,0
12103,2.209997,0
12104,0.423417,0
12105,3.637228,0
12106,0.24338,0
12107,1.37456,0
12108,1.060864,0
12109,2.250916,0
12110,0.642372,0
12111,4.384196,1
12112,2.354285,1
12113,2.449808,0
12114,1.12426,1
12115,1.470012,1
12116,1.923905,0
12117,2.008682,0
12118,0.464507,0
12119,2.156591,0
12120,3.459013,0
12121,2.766031,0
12122,0.356653,0
12123,2.959211,0
12124,0.412025,0
12125,3.49406,0
12126,1.132724,0
12127,2.231059,0
12128,4.074365,0
12129,0.253849,0
12130,2.398509,1
12131,0.296697,0
12132,3.627125,0
12133,3.329575,0
12134,1.447122,0
12135,1.634332,0
12136,2.673629,0
12137,1.143592,1
12138,0.705925,0
12139,0.151608,0
12140,0.083541,0
12141,0.369789,0
12142,2.840239,0
12143,0.320857,0
12144,3.289565,0
12145,1.304604,0
12146,2.580302,0
12147,1.010684,0
12148,1.850807,0
12149,0.584509,0
12150,0.10997,0
12151,2.464777,0
12152,0.273032,0
12153,0.512473,0
12154,2.022116,0
12155,0.971855,0
12156,3.231668,0
12157,3.754544,1
12158,1.001978,0
12159,0.827114,0
12160,1.875404,0
12161,1.651583,0
12162,0.970396,0
12163,1.545898,1
12164,3.078803,0
12165,0.129243,0
12166,1.950899,1
12167,2.65411,0
12168,1.510671,0
12169,0.805049,0
12170,2.342374,0
12171,1.716139,0
12172,0.593378,0
12173,1.906569,0
12174,1.536573,0
12175,0.535032,0
12176,1.135308,0
12177,4.336949,0
12178,0.622325,0
12179,1.201226,0
12180,2.463899,0
12181,0.015695,0
12182,1.88461,0
12183,0.295226,0
12184,0.213856,0
12185,1.832932,0
12186,0.268357,0
12187,2.286206,0
12188,3.404243,1
12189,1.813193,0
12190,1.232169,0
12191,3.278629,1
12192,2.313791,0
12193,1.918179,0
12194,0.128866,0
12195,2.007158,1
12196,1.598431,0
12197,1.708628,0
12198,2.432723,0
12199,0.377869,0
12200,1.736463,0
12201,3.164892,1
12202,0.079332,0
12203,1.755009,0
12204,0.188591,0
12205,0.614223,0
12206,3.181283,0
12207,0.169967,0
12208,0.979163,0
12209,0.116588,0
12210,1.418743,0
12211,0.05911,0
12212,1.92476,0
12213,1.500765,1
12214,2.979858,0
12215,1.745982,0
12216,0.361505,0
12217,0.048611,0
12218,1.164099,1
12219,0.705936,0
12220,1.859008,0
12221,1.614448,0
12222,2.077909,0
12223,1.250947,1
12224,1.881041,0
12225,1.880159,0
12226,2.259025,0
12227,1.574736,0
12228,1.519027,0
12229,2.080632,0
12230,0.503777,0
12231,2.717851,0
12232,2.932629,0
12233,1.949679,0
12234,2.403243,0
12235,1.397236,0
12236,0.680652,0
12237,1.436051,0
12238,0.823719,0
12239,2.382048,1
12240,0.10254,0
12241,2.068022,0
12242,0.020149,0
12243,2.526554,0
12244,2.266239,0
12245,1.919023,1
12246,0.875218,0
12247,3.083097,1
12248,2.025239,0
12249,0.168721,1
12250,1.790596,0
12251,2.730588,1
12252,2.479611,1
12253,0.28779,0
12254,0.243426,0
12255,4.57578,0
12256,1.195616,0
12257,1.626557,0
12258,3.938148,0
12259,2.106782,0
12260,3.743225,0
12261,1.264919,0
12262,2.413307,0
12263,0.164462,0
12264,0.7778,0
12265,0.643521,0
12266,1.434972,0
12267,4.23715,0
12268,0.192583,0
12269,0.743225,0
12270,0.594759,0
12271,0.566304,0
12272,2.857403,0
12273,2.328772,0
12274,0.257325,0
12275,4.137629,0
12276,0.424668,0
12277,1.352047,0
12278,0.223381,0
12279,0.324244,0
12280,2.984151,1
12281,1.499088,0
12282,0.55799,0
12283,1.716727,0
12284,0.997151,0
12285,0.411596,0
12286,0.045351,0
12287,0.177347,0
12288,3.82878,0
12289,0.854223,0
12290,0.01883,0
12291,2.268859,1
12292,1.159446,0
12293,0.629058,0
12294,1.066235,0
12295,1.438716,1
12296,0.280783,1
12297,2.51986,0
12298,1.519958,0
12299,3.720147,0
12300,2.897564,1
12301,1.861191,0
12302,0.584088,0
12303,2.149587,0
12304,2.932482,0
12305,1.308569,1
12306,1.416588,0
12307,0.306906,0
12308,0.620473,0
12309,3.906414,0
12310,2.105335,0
12311,0.293565,0
12312,1.740428,1
12313,2.961575,1
12314,2.212713,0
12315,0.229225,0
12316,2.330759,0
12317,3.128214,0
12318,1.965409,0
12319,1.017119,0
12320,1.483184,0
12321,1.706016,0
12322,0.735943,0
12323,1.289582,0
12324,1.221228,0
12325,2.191138,0
12326,0.329441,0
12327,3.163897,0
12328,2.178314,1
12329,3.580635,1
12330,1.775832,0
12331,3.161498,0
12332,2.079269,0
12333,0.267223,0
12334,1.221004,0
12335,0.870632,0
12336,1.218124,0
12337,1.402058,0
12338,0.224662,0
12339,1.94387,1
12340,2.367358,0
12341,3.392598,0
12342,0.663916,0
12343,1.692156,0
12344,2.116311,0
12345,2.956099,0
12346,2.286575,0
12347,0.225122,1
12348,2.163239,0
12349,1.091496,0
12350,1.815915,0
12351,3.438205,0
12352,0.383307,0
12353,2.035467,0
12354,0.718735,0
12355,0.765342,1
12356,2.34833,0
12357,0.506752,0
12358,3.266661,0
12359,2.011839,0
12360,1.552783,0
12361,1.34977,0
12362,1.85708,0
12363,2.432436,0
12364,0.273576,0
12365,0.792429,0
12366,0.092759,0
12367,1.357241,0
12368,0.84259,0
12369,0.253395,0
12370,0.162357,0
12371,1.390409,0
12372,2.105353,0
12373,2.049958,0
12374,0.966771,0
12375,1.515452,0
12376,1.04107,1
12377,2.110457,1
12378,0.638429,0
12379,1.555637,0
12380,1.599086,0
12381,1.869075,0
12382,0.363646,0
12383,2.971789,0
12384,2.701991,1
12385,2.056221,0
12386,2.147801,0
12387,0.204453,0
12388,1.103592,0
12389,1.897799,0
12390,2.580523,0
12391,0.200384,0
12392,2.381524,0
12393,2.768847,0
12394,2.014766,0
12395,1.414253,0
12396,1.69256,0
12397,1.890755,0
12398,2.400134,1
12399,1.745222,1
12400,0.086953,0
12401,1.916795,0
12402,1.225932,0
12403,0.332386,0
12404,3.62255,0
12405,4.554051,0
12406,1.429801,0
12407,2.057507,0
12408,2.958707,0
12409,2.319409,0
12410,0.454725,0
12411,0.438303,0
12412,0.332202,0
12413,0.904523,0
12414,2.986696,0
12415,0.331101,0
12416,0.094736,0
12417,3.04237,0
12418,2.639449,0
12419,2.491055,0
12420,1.174857,0
12421,0.916627,0
12422,2.535983,0
12423,3.446447,0
12424,0.246969,0
12425,0.526922,0
12426,3.888033,0
12427,1.455942,0
12428,3.046355,0
12429,0.420988,0
12430,1.910166,0
12431,1.15813,0
12432,0.68903,0
12433,0.680552,0
12434,2.97943,0
12435,1.234628,0
12436,0.398387,0
12437,3.005545,0
12438,3.836943,1
12439,0.22653,0
12440,2.083207,1
12441,3.275016,0
12442,1.355828,0
12443,2.058304,0
12444,1.488282,1
12445,1.384822,0
12446,0.3518,0
12447,0.91493,0
12448,2.053698,1
12449,1.389658,0
12450,0.739175,0
12451,2.471076,0
12452,1.077679,0
12453,0.442623,0
12454,2.824348,0
12455,3.511342,0
12456,3.048608,1
12457,0.200926,0
12458,0.728566,1
12459,1.694446,0
12460,2.044332,0
12461,0.450621,0
12462,2.33564,0
12463,2.4954,0
12464,0.150456,0
12465,1.425371,0
12466,2.91815,0
12467,2.490347,0
12468,0.519036,0
12469,2.877726,0
12470,0.644583,0
12471,0.170287,0
12472,1.034374,0
12473,1.81658,0
12474,0.465897,0
12475,1.826076,0
12476,2.177762,0
12477,0.67227,0
12478,1.304841,0
12479,3.419392,1
12480,0.054511,0
12481,2.163651,0
12482,2.150208,0
12483,0.027993,0
12484,2.015244,0
12485,0.546201,0
12486,0.024683,0
12487,1.276352,0
12488,0.587197,0
12489,0.149211,0
12490,2.638641,0
12491,1.29358,0
12492,2.429868,0
12493,3.950579,0
12494,0.294365,0
12495,0.482259,0
12496,2.680242,0
12497,0.174908,0
12498,2.089972,0
12499,0.387226,0
12500,1.05252,0
12501,2.897148,0
12502,0.063618,0
12503,1.5701,0
12504,0.043307,0
12505,2.286966,0
12506,1.431159,0
12507,1.200617,0
12508,2.290057,0
12509,1.25573,0
12510,2.21422,1
12511,1.189258,1
12512,2.527306,0
12513,0.04473,0
12514,1.262685,0
12515,1.777598,0
12516,2.502674,0
12517,1.285244,0
12518,2.66075,1
12519,1.120615,0
12520,1.874132,0
12521,0.217044,0
12522,0.326354,0
12523,0.091667,0
12524,1.955555,0
12525,2.191915,0
12526,0.273024,0
12527,3.186273,0
12528,1.863084,0
12529,0.1185,0
12530,3.043537,1
12531,0.777015,1
12532,0.704662,0
12533,2.187606,0
12534,0.910122,0
12535,1.70153,0
12536,1.479973,0
12537,3.103654,0
12538,0.363135,0
12539,1.467254,0
12540,2.644205,0
12541,0.808354,0
12542,2.744372,1
12543,1.974997,0
12544,2.197509,0
12545,0.894284,0
12546,4.674206,0
12547,2.706084,0
12548,3.220817,1
12549,3.677933,1
12550,0.588236,0
12551,3.834274,1
12552,0.734871,0
12553,0.035593,0
12554,1.391893,0
12555,0.998173,0
12556,0.100747,0
12557,0.870394,0
12558,2.629039,0
12559,2.468321,0
12560,0.109521,0
12561,3.545518,0
12562,2.590701,0
12563,0.285324,0
12564,2.01695,1
12565,1.294952,0
12566,0.74793,0
12567,3.10607,1
12568,3.175599,0
12569,1.243473,0
12570,1.485842,0
12571,2.47261,0
12572,1.268669,0
12573,2.399499,0
12574,1.898153,0
12575,2.553827,0
12576,1.251896,0
12577,1.98371,0
12578,0.788504,0
12579,1.129032,0
12580,0.155459,0
12581,1.441608,0
12582,3.057137,1
12583,0.074451,0
12584,2.615125,1
12585,0.932423,0
12586,0.447507,0
12587,0.226424,0
12588,2.577716,0
12589,2.07418,0
12590,1.614716,0
12591,1.976745,0
12592,0.321476,0
12593,1.192294,0
12594,0.895613,0
12595,2.271529,0
12596,1.654477,0
12597,1.847494,0
12598,0.786097,0
12599,2.375463,0
12600,2.925286,0
12601,3.298545,0
12602,2.030123,0
12603,0.09725,0
12604,0.802194,0
12605,0.136106,0
12606,3.544647,1
12607,2.053967,0
12608,1.53428,0
12609,0.271037,0
12610,0.435946,0
12611,0.383816,0
12612,0.448293,0
12613,1.862552,0
12614,0.353872,0
12615,2.882953,0
12616,0.415277,0
12617,1.828285,0
12618,3.271873,0
12619,0.688752,0
12620,3.152354,0
12621,2.261907,1
12622,1.459496,0
12623,2.81444,0
12624,2.235908,0
12625,2.596836,0
12626,2.092239,0
12627,1.106191,0
12628,2.380991,0
12629,0.161125,0
12630,4.576958,0
12631,0.144363,0
12632,0.789838,0
12633,1.216959,0
12634,3.111082,0
12635,3.107915,1
12636,3.352971,0
12637,4.23982,0
12638,0.527455,0
12639,2.257244,0
12640,0.502386,0
12641,3.36635,0
12642,0.355354,0
12643,2.228215,0
12644,2.478774,0
12645,0.335385,0
12646,2.931232,1
12647,2.762818,0
12648,0.977035,0
12649,0.797822,0
12650,2.208612,0
12651,0.284656,0
12652,0.975485,0
12653,1.661413,0
12654,2.902497,0
12655,0.66131,1
12656,2.628192,0
12657,2.281464,0
12658,0.702346,0
12659,1.474908,0
12660,1.533247,0
12661,0.977785,0
12662,0.107104,0
12663,1.537786,0
12664,1.556526,0
12665,1.632704,0
12666,1.791934,0
12667,2.665546,0
12668,1.714419,0
12669,1.356552,0
12670,1.960946,0
12671,2.22634,0
12672,1.366257,0
12673,1.619876,0
12674,0.786525,0
12675,0.36575,0
12676,3.389364,1
12677,1.487818,0
12678,2.063881,0
12679,0.516765,0
12680,1.01787,0
12681,2.674988,0
12682,0.183764,0
12683,0.848903,1
12684,2.707305,1
12685,1.55543,0
12686,2.209299,0
12687,5.205672,1
12688,0.786659,0
12689,1.716184,1
12690,0.496842,0
12691,1.869592,0
12692,0.998263,0
12693,0.281128,0
12694,0.985622,0
12695,3.387064,0
12696,3.666384,0
12697,0.291978,0
12698,2.267948,0
12699,0.22635,0
12700,2.692122,0
12701,1.938097,0
12702,0.220623,0
12703,1.605399,0
12704,2.178245,0
12705,2.834486,0
12706,4.426505,1
12707,2.109195,0
12708,1.722048,0
12709,1.18087,0
12710,3.004875,0
12711,4.499744,0
12712,1.573312,0
12713,2.619187,0
12714,1.354001,0
12715,3.11366,0
12716,2.746424,1
12717,3.713285,1
12718,1.155788,1
12719,2.174264,0
12720,1.475096,0
12721,2.494242,0
12722,0.48646,0
12723,0.995548,0
12724,0.61687,0
12725,0.124079,0
12726,3.604246,0
12727,2.812054,0
12728,2.064207,0
12729,4.391943,1
12730,1.692172,1
12731,1.789008,1
12732,1.834617,0
12733,1.189968,0
12734,1.99027,0
12735,0.031932,0
12736,0.934188,0
12737,2.51385,0
12738,0.118421,0
12739,2.482299,0
12740,1.347323,0
12741,0.174778,0
12742,5.151091,0
12743,0.488801,0
12744,1.367462,0
12745,3.098299,0
12746,0.270301,0
12747,1.008835,0
12748,2.318869,0
12749,2.107539,0
12750,0.072355,0
12751,0.28592,0
12752,0.882839,0
12753,2.104807,0
12754,2.641135,1
12755,0.10015,0
12756,2.322375,0
12757,0.104035,0
12758,2.450117,0
12759,2.227628,0
12760,0.663742,0
12761,1.039698,0
12762,0.097615,0
12763,1.192227,0
12764,1.311787,1
12765,1.273068,0
12766,0.21408,0
12767,1.971536,0
12768,1.286488,0
12769,2.088749,1
12770,2.001472,0
12771,1.605152,0
12772,0.131577,0
12773,0.830469,0
12774,1.734515,0
12775,2.211384,0
12776,0.411119,0
12777,1.397723,0
12778,0.535564,0
12779,2.572157,1
12780,1.871931,0
12781,0.078171,0
12782,0.56332,0
12783,0.804227,0
12784,0.057621,0
12785,1.771732,0
12786,0.635231,0
12787,2.383343,0
12788,2.729264,0
12789,1.00362,0
12790,2.582548,0
12791,4.413752,0
12792,2.306821,0
12793,1.691568,0
12794,2.047879,0
12795,2.461222,0
12796,1.136506,0
12797,2.259349,0
12798,2.578052,1
12799,0.455213,0
12800,2.865569,0
12801,1.966205,0
12802,0.509829,0
12803,2.917621,0
12804,0.056554,0
12805,0.548822,0
12806,0.956826,0
12807,0.214776,0
12808,3.308077,0
12809,1.189462,1
12810,2.992178,1
12811,2.964705,0
12812,1.356788,0
12813,2.284947,0
12814,1.09196,0
12815,0.023213,0
12816,0.529843,1
12817,0.107159,0
12818,1.58075,0
12819,1.972431,0
12820,1.674398,0
12821,0.061259,0
12822,3.719923,0
12823,1.585758,0
12824,2.920988,0
12825,0.072449,0
12826,0.65854,1
12827,1.293042,0
12828,2.600166,0
12829,1.626092,0
12830,1.961334,0
12831,4.104461,1
12832,3.554779,0
12833,1.869059,0
12834,2.306893,0
12835,2.441545,0
12836,2.16901,0
12837,0.147205,0
12838,0.775916,0
12839,0.121245,0
12840,0.162308,0
12841,2.154916,1
12842,1.647558,0
12843,1.461896,0
12844,1.263308,0
12845,0.559914,0
12846,0.973886,0
12847,2.74712,0
12848,1.743651,0
12849,2.614925,0
12850,1.299996,0
12851,2.268096,0
12852,3.71303,0
12853,1.275263,1
12854,1.382768,0
12855,1.245414,0
12856,2.124699,1
12857,0.659461,0
12858,2.425394,0
12859,0.478495,0
12860,0.855431,0
12861,2.351049,0
12862,2.650492,0
12863,0.307744,0
12864,0.116099,0
12865,1.638173,0
12866,2.233978,0
12867,0.82782,0
12868,0.09283,0
12869,0.237849,0
12870,1.532573,0
12871,2.804807,0
12872,0.621087,0
12873,3.15985,0
12874,2.644961,0
12875,0.495846,0
12876,2.240444,0
12877,0.180651,0
12878,2.11168,1
12879,2.342029,1
12880,1.379127,0
12881,2.136298,0
12882,1.475363,0
12883,2.380086,0
12884,1.038449,0
12885,2.182192,1
12886,0.275353,0
12887,0.343781,0
12888,3.208539,0
12889,2.830164,0
12890,0.387826,0
12891,3.255583,0
12892,2.523996,0
12893,1.875373,1
12894,1.010529,1
12895,0.348489,0
12896,0.009142,0
12897,0.055006,0
12898,1.423523,0
12899,1.70233,1
12900,0.94799,0
12901,2.884033,1
12902,2.854123,0
12903,0.571371,0
12904,0.35041,0
12905,0.892852,0
12906,2.40553,0
12907,1.89068,0
12908,2.849992,0
12909,3.576774,0
12910,2.263667,0
12911,2.467653,0
12912,1.479867,0
12913,0.718112,0
12914,2.327068,0
12915,0.339056,0
12916,0.96683,0
12917,2.26489,0
12918,0.155592,0
12919,1.912087,0
12920,0.613232,0
12921,1.175432,0
12922,0.89426,0
12923,2.702026,0
12924,2.14851,0
12925,0.30963,0
12926,0.762097,0
12927,2.634211,0
12928,1.074848,0
12929,0.053833,0
12930,2.291039,0
12931,1.483142,1
12932,0.658438,0
12933,2.713435,0
12934,1.369063,0
12935,3.085613,0
12936,0.223681,0
12937,1.048928,1
12938,2.602149,0
12939,0.425652,0
12940,2.123887,0
12941,1.726997,1
12942,0.427395,0
12943,4.063453,1
12944,0.320914,0
12945,3.122196,0
12946,2.395613,0
12947,1.125861,0
12948,2.334463,0
12949,2.928196,0
12950,0.315621,0
12951,1.916449,0
12952,1.992404,0
12953,1.929498,0
12954,0.497996,0
12955,0.04518,0
12956,2.439633,0
12957,0.811133,0
12958,0.909245,0
12959,0.030991,0
12960,2.197575,0
12961,4.340685,1
12962,1.966276,0
12963,2.171542,0
12964,0.671092,0
12965,0.858974,0
12966,0.924908,0
12967,2.156343,1
12968,0.19675,0
12969,0.471895,0
12970,1.052622,0
12971,0.557585,0
12972,0.096603,0
12973,4.822777,0
12974,0.294872,0
12975,1.750628,0
12976,2.201611,0
12977,2.251249,0
12978,1.558085,0
12979,2.192653,0
12980,1.804561,1
12981,1.540931,0
12982,0.799891,0
12983,0.240487,0
12984,1.869004,0
12985,2.984876,1
12986,0.450328,0
12987,2.189644,0
12988,1.767946,0
12989,1.159556,0
12990,0.586019,0
12991,1.870339,0
12992,1.199106,0
12993,2.382342,0
12994,3.100267,0
12995,1.37607,0
12996,1.34152,0
12997,1.417468,0
12998,0.671593,0
12999,3.281605,0
13000,1.270202,0
13001,2.234622,0
13002,0.0475,0
13003,3.07593,1
13004,0.178389,0
13005,0.669013,0
13006,2.267113,0
13007,2.018255,0
13008,1.35647,1
13009,1.380259,0
13010,2.25164,0
13011,0.160607,0
13012,0.377953,0
13013,2.176097,0
13014,0.722827,0
13015,3.793365,1
13016,2.364463,0
13017,0.558345,0
13018,1.486221,0
13019,2.076891,0
13020,2.398524,0
13021,2.4947,0
13022,0.723178,0
13023,3.364707,0
13024,2.273558,0
13025,2.671057,0
13026,1.599782,0
13027,2.739436,0
13028,0.408467,0
13029,0.139084,0
13030,0.994529,0
13031,2.712247,0
13032,1.210324,1
13033,1.907983,0
13034,1.234161,1
13035,2.167963,0
13036,1.521969,1
13037,1.501459,0
13038,0.517796,0
13039,2.42673,0
13040,2.335485,0
13041,0.320082,0
13042,1.909006,0
13043,2.480879,0
13044,1.882468,0
13045,0.80832,0
13046,1.288105,0
13047,0.549854,1
13048,1.792491,0
13049,3.06934,0
13050,2.205371,1
13051,0.380345,0
13052,1.395999,0
13053,0.348336,0
13054,2.917066,0
13055,0.980887,0
13056,2.933715,0
13057,1.63386,0
13058,1.206964,0
13059,2.866294,0
13060,4.326564,0
13061,1.549852,0
13062,2.574167,0
13063,3.063557,0
13064,2.088445,1
13065,0.182068,0
13066,0.219045,0
13067,1.205514,0
13068,2.67339,0
13069,2.189279,1
13070,1.718398,0
13071,0.099889,0
13072,2.581385,0
13073,1.664224,0
13074,1.326947,0
13075,0.119762,0
13076,2.17464,0
13077,0.715478,0
13078,0.565926,0
13079,0.414915,0
13080,1.662281,0
13081,1.851088,0
13082,2.2433,0
13083,1.152854,0
13084,1.19704,0
13085,1.156678,0
13086,2.631862,0
13087,1.155139,0
13088,0.834159,0
13089,1.927638,0
13090,2.179418,0
13091,0.935202,0
13092,1.977279,0
13093,5.06678,0
13094,0.583409,0
13095,0.665818,0
13096,1.938084,0
13097,3.083521,0
13098,2.389222,0
13099,2.37037,0
13100,0.812269,0
13101,1.726377,0
13102,1.724872,0
13103,1.566994,0
13104,1.251166,1
13105,0.64353,0
13106,0.556064,1
13107,3.52282,0
13108,0.54387,0
13109,0.272094,0
13110,3.01697,1
13111,0.65177,0
13112,1.830502,0
13113,0.158513,0
13114,0.315268,0
13115,0.227797,1
13116,0.690024,0
13117,1.740278,0
13118,2.48933,0
13119,0.494704,0
13120,2.871277,0
13121,1.721595,0
13122,3.98248,0
13123,1.515369,0
13124,0.254438,0
13125,1.804385,0
13126,2.174344,0
13127,1.689292,0
13128,2.505886,0
13129,0.057364,0
13130,1.23463,0
13131,0.241878,0
13132,0.357352,0
13133,2.692486,0
13134,2.909941,0
13135,0.104378,0
13136,2.441638,0
13137,1.049678,0
13138,2.324395,0
13139,1.042203,0
13140,2.803761,1
13141,0.22024,0
13142,1.689645,0
13143,2.442223,0
13144,1.905738,0
13145,1.551305,0
13146,1.84838,0
13147,2.349202,0
13148,1.967673,0
13149,0.683653,0
13150,3.142021,0
13151,0.372224,0
13152,0.190771,0
13153,0.296846,1
13154,0.345657,0
13155,0.540215,0
13156,1.366355,0
13157,2.1029,0
13158,0.283662,0
13159,0.236423,0
13160,0.111018,0
13161,0.836055,0
13162,0.538018,0
13163,1.895182,0
13164,0.293069,0
13165,0.088912,0
13166,2.052835,0
13167,1.864352,0
13168,1.569456,0
13169,3.215553,0
13170,2.395696,0
13171,1.194348,1
13172,3.099754,0
13173,3.495535,0
13174,2.228027,0
13175,0.520739,0
13176,2.675976,0
13177,2.699646,0
13178,0.66249,0
13179,2.458267,1
13180,0.18421,0
13181,1.511187,0
13182,1.030167,0
13183,1.323896,0
13184,0.074941,0
13185,4.101758,0
13186,1.45243,0
13187,2.914145,0
13188,1.771577,1
13189,0.058346,0
13190,2.027546,0
13191,0.241847,0
13192,3.687947,0
13193,0.545828,0
13194,1.152978,0
13195,0.263836,0
13196,1.79149,0
13197,1.695872,1
13198,1.189404,0
13199,0.65924,0
13200,1.017546,0
13201,2.352552,1
13202,2.171581,0
13203,2.369614,0
13204,0.886234,0
13205,2.107284,0
13206,0.712913,0
13207,0.316489,0
13208,2.701348,0
13209,0.223714,0
13210,0.764918,0
13211,0.199223,0
13212,2.297834,0
13213,0.958285,1
13214,2.031214,1
13215,0.340133,0
13216,1.081947,1
13217,0.229202,0
13218,2.796154,0
13219,2.445491,1
13220,2.477713,0
13221,1.210664,0
13222,0.142776,0
13223,0.646925,0
13224,0.042096,0
13225,0.385277,0
13226,0.864825,0
13227,2.754184,0
13228,0.815413,0
13229,0.045603,0
13230,0.132286,0
13231,2.381056,0
13232,1.682794,0
13233,1.263078,0
13234,0.072351,0
13235,2.383051,0
13236,1.305412,0
13237,2.839949,0
13238,0.179197,0
13239,0.532361,0
13240,1.062221,0
13241,3.05991,0
13242,1.367326,0
13243,1.446825,0
13244,0.323589,0
13245,2.061319,0
13246,1.927329,0
13247,0.756178,0
13248,3.14151,0
13249,3.554297,1
13250,0.236615,0
13251,2.256941,0
13252,0.548892,0
13253,1.630805,0
13254,4.958328,1
13255,2.986166,0
13256,1.296905,1
13257,1.180343,0
13258,0.330047,0
13259,2.221021,0
13260,0.134501,0
13261,0.567139,0
13262,2.119699,0
13263,1.518737,0
13264,2.563028,0
13265,0.198448,0
13266,0.872717,0
13267,0.36344,0
13268,1.536331,0
13269,1.908189,0
13270,2.616791,1
13271,2.828962,0
13272,1.755752,0
13273,0.917466,0
13274,1.187408,0
13275,2.581861,0
13276,0.054368,0
13277,0.052499,0
13278,2.988413,0
13279,1.454674,0
13280,0.367434,0
13281,2.829994,0
13282,3.986821,0
13283,3.014837,0
13284,1.058424,0
13285,0.814351,0
13286,2.07337,1
13287,0.249863,0
13288,0.77347,0
13289,1.642894,1
13290,0.006856,0
13291,1.058538,0
13292,1.325474,0
13293,2.304428,0
13294,0.167726,0
13295,2.866802,0
13296,2.242193,0
13297,0.179359,0
13298,2.271453,0
13299,0.72376,0
13300,1.421326,1
13301,2.302337,0
13302,2.600832,0
13303,0.836032,0
13304,1.365129,0
13305,0.328255,0
13306,0.593077,0
13307,2.610207,0
13308,1.40573,0
13309,0.771671,0
13310,3.346594,0
13311,0.669506,0
13312,2.239618,1
13313,3.322359,0
13314,1.787038,0
13315,0.151783,0
13316,0.1142,0
13317,2.938446,1
13318,0.236306,0
13319,5.282744,0
13320,0.475898,0
13321,0.929234,0
13322,0.578014,0
13323,0.233285,0
13324,2.634568,0
13325,1.745994,1
13326,2.85195,0
13327,0.607786,0
13328,3.091497,1
13329,2.718709,0
13330,2.125817,0
13331,1.45837,0
13332,0.987109,0
13333,0.072664,0
13334,1.764335,0
13335,0.145761,0
13336,0.052638,0
13337,0.188815,0
13338,0.184377,0
13339,0.544901,0
13340,1.635095,0
13341,2.617784,0
13342,2.098762,0
13343,0.655216,0
13344,2.247601,1
13345,2.112021,0
13346,0.306838,0
13347,0.539864,0
13348,0.789297,0
13349,2.348661,0
13350,0.620226,0
13351,0.439618,0
13352,0.115453,0
13353,2.27147,1
13354,3.245855,0
13355,0.625995,0
13356,2.341759,0
13357,0.342508,0
13358,0.680896,0
13359,2.067294,0
13360,1.586803,0
13361,0.469535,0
13362,2.260283,1
13363,2.394133,0
13364,3.084863,0
13365,2.11176,0
13366,0.189435,0
13367,2.265267,0
13368,3.207396,0
13369,1.3105,0
13370,0.367162,0
13371,0.769081,0
13372,2.333684,0
13373,1.040323,0
13374,1.75241,0
13375,2.320166,0
13376,0.423351,0
13377,3.227364,1
13378,1.587494,0
13379,1.732858,0
13380,0.556149,0
13381,2.507695,1
13382,1.048201,0
13383,2.364697,0
13384,2.354112,0
13385,2.873567,0
13386,1.816404,0
13387,1.33342,0
13388,1.78376,0
13389,2.910193,0
13390,2.665964,0
13391,5.171364,1
13392,2.504493,1
13393,3.96289,1
13394,2.157034,0
13395,1.990268,0
13396,0.51955,0
13397,1.998462,1
13398,1.544067,0
13399,0.089641,0
13400,2.156253,1
13401,0.073687,0
13402,2.780476,0
13403,0.31706,0
13404,0.399016,0
13405,0.06335,0
13406,3.436461,0
13407,1.096831,1
13408,1.012494,0
13409,2.118858,0
13410,1.37584,0
13411,0.588692,0
13412,0.413962,0
13413,2.055359,0
13414,0.468397,0
13415,0.145845,0
13416,5.120883,0
13417,0.636601,0
13418,0.765677,0
13419,1.557477,0
13420,0.13921,0
13421,0.573391,0
13422,1.732555,0
13423,1.08492,0
13424,0.547627,0
13425,0.28779,0
13426,3.095215,0
13427,0.229769,0
13428,1.355725,0
13429,2.635902,0
13430,1.620186,0
13431,1.521344,0
13432,1.751064,0
13433,3.145068,0
13434,0.804231,0
13435,0.556363,0
13436,1.800599,0
13437,0.026428,0
13438,2.210142,0
13439,2.331625,1
13440,0.526578,0
13441,1.060869,0
13442,2.121955,0
13443,0.278327,0
13444,2.357631,0
13445,2.110371,0
13446,1.741482,0
13447,1.444278,0
13448,1.676978,0
13449,1.154189,0
13450,0.32017,0
13451,1.127239,0
13452,2.17513,0
13453,1.365718,0
13454,0.501268,0
13455,0.120852,0
13456,1.440595,0
13457,2.492098,0
13458,1.863312,0
13459,0.11799,0
13460,1.420298,0
13461,0.620462,0
13462,2.912675,1
13463,0.181204,0
13464,0.08945,0
13465,2.745421,0
13466,0.63415,0
13467,2.228389,0
13468,1.770528,0
13469,1.333926,0
13470,1.862864,1
13471,0.228152,1
13472,0.544134,0
13473,2.038604,0
13474,2.416564,0
13475,2.675531,0
13476,1.04525,0
13477,0.430629,0
13478,0.164884,0
13479,0.254385,0
13480,1.143591,0
13481,0.069949,0
13482,2.561374,0
13483,1.354079,0
13484,3.442915,1
13485,0.084509,0
13486,2.541135,0
13487,4.041537,0
13488,1.935183,0
13489,2.16687,0
13490,1.147761,0
13491,0.459833,0
13492,1.217943,0
13493,1.513423,0
13494,1.306828,0
13495,1.340738,0
13496,2.148626,0
13497,2.33865,0
13498,2.64104,0
13499,1.327161,0
13500,2.194121,0
13501,1.583957,1
13502,0.144505,0
13503,0.788336,0
13504,0.450426,0
13505,0.096938,0
13506,1.744633,0
13507,3.227227,0
13508,0.127962,0
13509,1.873801,0
13510,2.592832,0
13511,1.267683,0
13512,3.826856,0
13513,3.111211,0
13514,0.576579,0
13515,1.986545,0
13516,0.184001,0
13517,1.718317,0
13518,2.787548,1
13519,4.993757,0
13520,1.900465,0
13521,4.175614,0
13522,1.072334,0
13523,0.152888,0
13524,2.696761,0
13525,1.77056,0
13526,1.659619,0
13527,2.453,0
13528,2.865796,0
13529,2.321684,1
13530,0.199242,0
13531,2.004409,0
13532,0.020169,0
13533,1.777637,0
13534,0.747599,0
13535,2.820493,0
13536,0.333691,0
13537,2.820688,0
13538,0.673889,0
13539,0.562981,0
13540,1.023913,0
13541,1.365344,0
13542,2.749617,0
13543,3.40994,0
13544,1.94737,0
13545,1.652278,0
13546,0.154174,0
13547,1.717751,0
13548,1.328924,0
13549,0.727179,0
13550,0.152895,0
13551,2.723291,1
13552,1.756679,0
13553,1.053556,0
13554,2.814618,0
13555,0.160949,0
13556,1.66705,0
13557,4.253061,0
13558,1.208162,0
13559,0.698969,0
13560,2.758774,0
13561,0.832575,0
13562,2.591879,1
13563,1.221721,0
13564,0.208036,0
13565,2.020765,0
13566,0.649608,0
13567,0.052388,0
13568,0.140089,0
13569,1.786766,0
13570,2.060592,0
13571,2.333946,0
13572,0.478817,0
13573,2.568109,0
13574,0.824487,0
13575,1.74721,0
13576,0.37232,0
13577,2.32895,0
13578,0.239526,0
13579,0.874342,0
13580,0.209836,0
13581,0.390869,0
13582,2.841242,0
13583,1.594457,0
13584,0.842918,0
13585,3.298473,0
13586,1.011054,0
13587,1.596566,0
13588,0.509075,0
13589,1.368266,0
13590,1.336765,0
13591,2.835783,0
13592,1.641889,0
13593,1.033045,1
13594,1.312657,0
13595,1.26177,0
13596,0.14096,0
13597,0.407543,0
13598,1.201358,0
13599,2.597425,0
13600,2.894519,0
13601,1.86,1
13602,0.69337,0
13603,2.095299,0
13604,0.126668,0
13605,0.009075,0
13606,0.190743,0
13607,0.804027,0
13608,2.874505,0
13609,1.059041,0
13610,0.434836,0
13611,0.881319,0
13612,1.818522,0
13613,1.905131,0
13614,0.187026,0
13615,0.436733,0
13616,0.716302,0
13617,2.622295,0
13618,0.355951,0
13619,1.94495,0
13620,0.231058,0
13621,0.531519,0
13622,1.117559,0
13623,0.364987,0
13624,1.523619,0
13625,2.961662,0
13626,1.198997,0
13627,2.944232,0
13628,0.488001,0
13629,1.344217,1
13630,0.119681,0
13631,2.289193,0
13632,2.374789,0
13633,0.671996,0
13634,0.07202,0
13635,2.543391,0
13636,2.07995,0
13637,0.539229,0
13638,0.137188,0
13639,0.205576,0
13640,0.846687,0
13641,3.643144,0
13642,1.239269,0
13643,1.31634,0
13644,0.772979,0
13645,0.518735,0
13646,0.030906,0
13647,2.988157,1
13648,1.759789,0
13649,1.596099,0
13650,0.400449,0
13651,0.771236,0
13652,0.630321,0
13653,2.420769,0
13654,0.008134,0
13655,2.341178,0
13656,3.232414,0
13657,1.300957,0
13658,1.755112,0
13659,2.837951,0
13660,0.88357,0
13661,3.365454,0
13662,0.240723,0
13663,0.12642,0
13664,1.685225,0
13665,0.083433,0
13666,1.563631,0
13667,0.335246,0
13668,2.342379,0
13669,0.276307,0
13670,3.201578,1
13671,3.139578,0
13672,0.240525,0
13673,2.875983,0
13674,1.812704,0
13675,2.057068,0
13676,2.264808,0
13677,2.401973,1
13678,0.985329,0
13679,1.685148,1
13680,1.744955,0
13681,2.187224,0
13682,2.618038,0
13683,0.405584,0
13684,0.327451,0
13685,1.61218,0
13686,0.535271,0
13687,1.749855,0
13688,1.796746,0
13689,0.278873,0
13690,2.196989,0
13691,3.536563,1
13692,1.165126,0
13693,0.091519,0
13694,0.287966,0
13695,1.333852,0
13696,2.73791,0
13697,3.683767,0
13698,0.378295,0
13699,0.921855,0
13700,1.231277,0
13701,1.547188,0
13702,1.584115,0
13703,2.99931,0
13704,0.345922,0
13705,3.597032,0
13706,2.78465,0
13707,1.387308,0
13708,1.203941,0
13709,1.094502,0
13710,0.419553,0
13711,1.45014,0
13712,0.570503,0
13713,1.411157,0
13714,1.704359,1
13715,0.384683,0
13716,1.142489,0
13717,2.645715,0
13718,1.339953,0
13719,2.749503,0
13720,2.470368,0
13721,1.858495,0
13722,3.103751,0
13723,1.04188,0
13724,2.538049,0
13725,1.725845,0
13726,0.939677,0
13727,1.955419,0
13728,3.422531,0
13729,1.77259,0
13730,0.15133,0
13731,3.511009,1
13732,1.755094,0
13733,1.423191,0
13734,0.171223,0
13735,1.478891,0
13736,1.256908,1
13737,2.507879,0
13738,0.715091,0
13739,2.006402,0
13740,1.030463,0
13741,1.38811,0
13742,1.706934,0
13743,1.693191,1
13744,0.774965,0
13745,0.229036,0
13746,0.220545,0
13747,1.607954,0
13748,2.399163,0
13749,2.016768,0
13750,0.625621,0
13751,1.7645,0
13752,0.048513,0
13753,1.882112,0
13754,2.616481,1
13755,2.511044,0
13756,1.196735,0
13757,2.134941,0
13758,1.33476,1
13759,1.101503,0
13760,0.870846,1
13761,2.560202,0
13762,0.258571,0
13763,0.837558,0
13764,2.294114,0
13765,4.812818,1
13766,2.609557,0
13767,1.847086,0
13768,2.51357,0
13769,2.249269,0
13770,2.263967,1
13771,3.204489,0
13772,0.419253,0
13773,0.889324,0
13774,1.111036,0
13775,3.601371,0
13776,0.535103,0
13777,0.158371,0
13778,2.076572,0
13779,3.424213,0
13780,0.652665,0
13781,1.704819,0
13782,0.973766,1
13783,3.671091,0
13784,4.32934,0
13785,2.313989,0
13786,1.759175,0
13787,1.979313,0
13788,2.59961,0
13789,2.006631,1
13790,1.447492,1
13791,1.289973,0
13792,1.994753,0
13793,1.679292,0
13794,2.078411,0
13795,1.99263,1
13796,0.060238,0
13797,2.865321,0
13798,0.25096,0
13799,1.605817,0
13800,1.531198,0
13801,0.713166,0
13802,1.633224,0
13803,0.740144,0
13804,3.013951,0
13805,0.368057,0
13806,2.925952,0
13807,2.179108,0
13808,2.493387,0
13809,2.834886,0
13810,1.97817,0
13811,0.781183,0
13812,0.218745,0
13813,2.755184,0
13814,2.765796,0
13815,2.18134,0
13816,0.051057,0
13817,0.8142,0
13818,0.881228,0
13819,1.778136,0
13820,0.491487,0
13821,1.855458,0
13822,1.953883,0
13823,2.430345,0
13824,0.946722,0
13825,3.848704,0
13826,2.61191,0
13827,0.241056,0
13828,0.629352,0
13829,1.617542,0
13830,1.634176,0
13831,0.389633,0
13832,0.315996,0
13833,2.586426,1
13834,0.203727,0
13835,1.563964,0
13836,0.736304,0
13837,0.48447,0
13838,0.59133,0
13839,2.595551,0
13840,1.599521,0
13841,1.500737,0
13842,2.962541,0
13843,2.158474,0
13844,3.512001,1
13845,3.432993,0
13846,1.320002,0
13847,1.137626,0
13848,2.048544,0
13849,1.576887,0
13850,1.802377,0
13851,1.940292,0
13852,1.981744,0
13853,1.419117,0
13854,0.752911,0
13855,1.989621,0
13856,0.228022,0
13857,2.311768,0
13858,0.932875,0
13859,0.590938,0
13860,2.85053,0
13861,0.301149,0
13862,0.888671,0
13863,3.203218,0
13864,0.14855,0
13865,2.651892,0
13866,0.262686,0
13867,1.796174,0
13868,3.755394,1
13869,0.255677,0
13870,0.706484,0
13871,0.175336,0
13872,2.859559,0
13873,0.28884,0
13874,3.104279,0
13875,0.634259,0
13876,1.197045,0
13877,0.615176,0
13878,2.730529,1
13879,3.923706,1
13880,1.441831,0
13881,4.494937,1
13882,0.081115,0
13883,0.269291,0
13884,4.408632,1
13885,1.802887,0
13886,1.039986,0
13887,2.26992,0
13888,2.166108,0
13889,0.438353,0
13890,1.664165,0
13891,1.66153,0
13892,3.051714,0
13893,0.136111,0
13894,1.962707,0
13895,0.338459,0
13896,1.41219,0
13897,0.490288,0
13898,0.583851,1
13899,2.636138,0
13900,0.480831,0
13901,3.376641,1
13902,3.109197,0
13903,2.709884,0
13904,0.164048,1
13905,0.092036,0
13906,0.974571,0
13907,4.281889,0
13908,2.409244,1
13909,2.389187,1
13910,3.053433,1
13911,2.019022,0
13912,0.588516,0
13913,1.62229,1
13914,0.599996,0
13915,1.933149,0
13916,2.060912,0
13917,0.057862,0
13918,2.169647,0
13919,0.11796,0
13920,0.313414,0
13921,1.107566,0
13922,1.985752,0
13923,2.842079,1
13924,0.190418,0
13925,0.726567,0
13926,0.476097,0
13927,0.705438,0
13928,1.213994,0
13929,3.440679,1
13930,2.171221,0
13931,1.969649,1
13932,2.473814,0
13933,0.128428,0
13934,0.837759,0
13935,0.131983,0
13936,0.636442,0
13937,1.560778,0
13938,0.322876,1
13939,2.981733,0
13940,0.051818,0
13941,2.62853,0
13942,0.726078,0
13943,2.865415,1
13944,2.103406,0
13945,0.577555,0
13946,0.513009,0
13947,0.673296,0
13948,0.842968,0
13949,1.226024,0
13950,0.278999,0
13951,2.403152,0
13952,3.255701,0
13953,2.008795,1
13954,1.429554,0
13955,2.968637,0
13956,2.144392,1
13957,2.319668,0
13958,2.888743,0
13959,3.718587,0
13960,1.254685,0
13961,2.114947,0
13962,0.830392,0
13963,1.257036,0
13964,1.889994,0
13965,0.543262,0
13966,1.988501,0
13967,0.602267,0
13968,1.691462,0
13969,1.005198,0
13970,0.091599,0
13971,0.916287,0
13972,1.478397,0
13973,2.346305,0
13974,0.774503,0
13975,1.495142,0
13976,1.699081,0
13977,0.2493,0
13978,1.133827,0
13979,0.941346,1
13980,0.095262,0
13981,1.798692,0
13982,1.252001,0
13983,1.774408,0
13984,2.856142,0
13985,2.713463,0
13986,0.093284,0
13987,1.845783,0
13988,0.801869,0
13989,4.337976,0
13990,0.189801,0
13991,0.285013,0
13992,2.420864,0
13993,0.110554,0
13994,2.234965,1
13995,2.098742,0
13996,0.309689,0
13997,2.995005,0
13998,1.021849,0
13999,2.221047,1
14000,0.622246,0
14001,3.325497,0
14002,0.58348,0
14003,2.522573,0
14004,1.69203,0
14005,0.595634,0
14006,1.79411,0
14007,0.735164,0
14008,0.509972,0
14009,2.446374,1
14010,1.860062,0
14011,2.669469,0
14012,0.09301,0
14013,0.071392,0
14014,1.776835,0
14015,1.632868,0
14016,3.134833,1
14017,0.121926,0
14018,0.156264,0
14019,1.392298,0
14020,2.51742,0
14021,2.003908,0
14022,0.344059,0
14023,2.617798,0
14024,2.294825,0
14025,0.466932,0
14026,0.278957,0
14027,1.984299,0
14028,0.02003,0
14029,2.628281,0
14030,1.29872,0
14031,1.315914,0
14032,1.236515,0
14033,1.820351,0
14034,0.132612,0
14035,2.60023,0
14036,0.187215,0
14037,0.085588,0
14038,0.51834,1
14039,0.086218,0
14040,1.805793,1
14041,0.789878,0
14042,0.981898,0
14043,0.543571,0
14044,1.419273,0
14045,1.972589,0
14046,2.595284,0
14047,3.179385,0
14048,0.102208,0
14049,1.741972,0
14050,0.844389,0
14051,2.116341,0
14052,2.486988,0
14053,1.660365,0
14054,1.777522,0
14055,0.7673,0
14056,2.646316,0
14057,0.066274,0
14058,0.468282,0
14059,0.240661,0
14060,1.759131,0
14061,0.987158,0
14062,1.176492,0
14063,0.605624,0
14064,1.313617,0
14065,0.407472,0
14066,2.316437,0
14067,1.528651,1
14068,0.206696,0
14069,1.749392,0
14070,1.462345,0
14071,3.443933,0
14072,2.487619,1
14073,2.668256,0
14074,1.416363,0
14075,2.064083,0
14076,2.639778,1
14077,2.891963,0
14078,0.603599,0
14079,3.245417,0
14080,2.258244,0
14081,1.97232,0
14082,1.327805,0
14083,0.345929,0
14084,0.143457,0
14085,1.329524,0
14086,0.122358,0
14087,1.993984,0
14088,0.186223,0
14089,0.285955,0
14090,2.435627,0
14091,1.635548,0
14092,0.413613,0
14093,0.211598,0
14094,1.841826,0
14095,0.67341,0
14096,0.264146,0
14097,0.902299,0
14098,0.043033,0
14099,0.813005,0
14100,0.339582,0
14101,2.244649,0
14102,1.320906,0
14103,2.328489,1
14104,1.776099,0
14105,1.79463,0
14106,2.232049,0
14107,0.046398,0
14108,1.545035,0
14109,5.090147,1
14110,0.79004,1
14111,0.292621,0
14112,0.139774,0
14113,2.501099,0
14114,1.727214,0
14115,3.24581,0
14116,1.771726,0
14117,1.191237,0
14118,1.165254,0
14119,2.72903,0
14120,2.215807,0
14121,2.00915,0
14122,0.839143,0
14123,1.641764,0
14124,0.780613,0
14125,2.232134,0
14126,0.131146,0
14127,1.745786,0
14128,0.253327,0
14129,0.606005,0
14130,0.960582,0
14131,1.956769,0
14132,0.201725,0
14133,0.198738,0
14134,1.149423,0
14135,4.237732,0
14136,2.424764,0
14137,0.282449,0
14138,0.341569,0
14139,2.071554,0
14140,1.54017,0
14141,0.192819,1
14142,2.137854,0
14143,2.007054,0
14144,2.017107,0
14145,2.891399,0
14146,0.253176,0
14147,2.382136,0
14148,0.384622,0
14149,0.88254,0
14150,3.354868,0
14151,0.301373,0
14152,0.129893,0
14153,0.526751,0
14154,2.479319,0
14155,2.595293,0
14156,2.013416,0
14157,1.327973,0
14158,1.724417,0
14159,0.534293,1
14160,0.681629,0
14161,1.946706,0
14162,0.556912,0
14163,0.527696,0
14164,3.195722,0
14165,0.052008,0
14166,0.455995,0
14167,0.326304,0
14168,0.649044,0
14169,2.175512,0
14170,2.065903,0
14171,1.635943,0
14172,2.314636,0
14173,0.845665,0
14174,3.011197,0
14175,1.499332,0
14176,0.456047,0
14177,0.392999,1
14178,4.868808,0
14179,2.145331,0
14180,1.523551,1
14181,1.988153,0
14182,2.187401,0
14183,0.242758,0
14184,1.340124,0
14185,0.490738,0
14186,1.913328,1
14187,0.4811,0
14188,0.010886,0
14189,2.039605,0
14190,2.30967,0
14191,3.454584,0
14192,1.352454,0
14193,2.399554,0
14194,0.094107,0
14195,0.424535,0
14196,0.519102,0
14197,0.362427,0
14198,3.675297,0
14199,1.756886,0
14200,0.182221,0
14201,2.589093,0
14202,0.226947,0
14203,2.404355,0
14204,0.3872,0
14205,1.302522,0
14206,1.012871,0
14207,2.613691,0
14208,1.284822,0
14209,2.365961,0
14210,1.383182,0
14211,0.126481,0
14212,0.303671,0
14213,2.935845,0
14214,1.98845,0
14215,2.214906,0
14216,1.758043,0
14217,2.20387,0
14218,0.960583,0
14219,4.628778,0
14220,0.372891,0
14221,0.331036,0
14222,2.084834,0
14223,2.516218,0
14224,1.014049,0
14225,2.063602,0
14226,0.300523,0
14227,2.492414,0
14228,1.16496,0
14229,0.690203,0
14230,2.987654,0
14231,0.581888,0
14232,2.580925,0
14233,0.075145,0
14234,0.223721,0
14235,3.478215,0
14236,1.553374,1
14237,2.231791,0
14238,0.99345,0
14239,1.829605,0
14240,0.335175,0
14241,1.709993,0
14242,0.597114,0
14243,2.033087,0
14244,0.218583,0
14245,4.957335,1
14246,1.766701,0
14247,2.544216,0
14248,2.407274,0
14249,1.565203,0
14250,2.377354,1
14251,1.197237,0
14252,1.62822,0
14253,1.166487,0
14254,0.395321,0
14255,2.465192,1
14256,1.076754,0
14257,0.540154,0
14258,1.715134,1
14259,1.712645,0
14260,0.666949,0
14261,0.979375,0
14262,0.541337,0
14263,0.716275,0
14264,2.47073,0
14265,0.769022,0
14266,1.668736,0
14267,1.964464,0
14268,1.549359,0
14269,0.90683,0
14270,2.322024,0
14271,2.354427,1
14272,0.19546,0
14273,0.307477,0
14274,1.839587,0
14275,2.705019,0
14276,0.237648,0
14277,0.120731,0
14278,2.962513,0
14279,1.88394,0
14280,3.32999,0
14281,1.739527,0
14282,0.319142,0
14283,2.731529,0
14284,0.708922,1
14285,1.649375,0
14286,2.445135,0
14287,0.688846,0
14288,1.176584,0
14289,4.268198,0
14290,1.388236,0
14291,4.355444,0
14292,0.501042,0
14293,2.459547,0
14294,2.997558,0
14295,1.878967,1
14296,1.094622,0
14297,2.815176,0
14298,3.603727,0
14299,2.181897,1
14300,1.498325,0
14301,0.554564,0
14302,0.1754,0
14303,2.593824,0
14304,2.654385,0
14305,0.248501,0
14306,1.152569,1
14307,2.851243,0
14308,0.414929,0
14309,2.500805,0
14310,4.139905,1
14311,1.530512,0
14312,2.412189,0
14313,2.067092,0
14314,1.988688,0
14315,0.93729,0
14316,1.929631,0
14317,0.827627,0
14318,1.519694,0
14319,0.925155,0
14320,2.652926,0
14321,1.232562,0
14322,0.588973,1
14323,1.501876,1
14324,0.371566,0
14325,2.692454,0
14326,0.045113,0
14327,0.382376,0
14328,0.529394,0
14329,3.12421,0
14330,0.078136,0
14331,0.435593,0
14332,0.275157,0
14333,0.109118,0
14334,2.578115,0
14335,2.918788,1
14336,4.388134,0
14337,3.546397,0
14338,0.020981,0
14339,0.459746,0
14340,0.499026,0
14341,2.753781,0
14342,0.852635,0
14343,1.495879,0
14344,0.316806,0
14345,2.165956,1
14346,1.881891,0
14347,2.336947,0
14348,2.070106,0
14349,2.265352,0
14350,1.756217,0
14351,2.998248,0
14352,2.508471,0
14353,0.849313,0
14354,0.125934,0
14355,1.449038,0
14356,3.41755,0
14357,0.253421,0
14358,2.158059,0
14359,0.289695,0
14360,2.074406,0
14361,1.056197,0
14362,1.172695,0
14363,4.477798,0
14364,0.021511,0
14365,1.797276,0
14366,0.172777,0
14367,0.486537,0
14368,0.569203,0
14369,0.374021,0
14370,2.018201,0
14371,1.821934,0
14372,3.167677,0
14373,2.10733,1
14374,2.45087,0
14375,2.536001,0
14376,2.107116,0
14377,1.693156,0
14378,3.243464,0
14379,0.873914,0
14380,1.130925,0
14381,1.931721,0
14382,1.755329,0
14383,1.095102,0
14384,1.847892,0
14385,0.731443,0
14386,3.06105,0
14387,0.198228,0
14388,1.462393,0
14389,3.223126,0
14390,2.241603,0
14391,2.519998,0
14392,2.854868,0
14393,0.042817,0
14394,1.164215,0
14395,0.298162,0
14396,1.630639,0
14397,1.448492,0
14398,0.360739,0
14399,0.818218,0
14400,1.52596,1
14401,1.478218,0
14402,0.280609,0
14403,2.186522,0
14404,0.283989,0
14405,1.481525,0
14406,0.128096,0
14407,2.551923,0
14408,2.81051,0
14409,0.331393,0
14410,0.301366,0
14411,2.091441,0
14412,2.004994,0
14413,2.032189,0
14414,0.033639,0
14415,0.27276,0
14416,2.475846,0
14417,1.128893,1
14418,0.718083,0
14419,1.580234,0
14420,0.854746,0
14421,0.066545,0
14422,2.783817,0
14423,1.376971,0
14424,2.203578,0
14425,0.300742,0
14426,1.874176,0
14427,0.648343,0
14428,0.600909,0
14429,0.328825,0
14430,2.843626,0
14431,0.290944,0
14432,1.114077,0
14433,1.106975,0
14434,0.716629,0
14435,1.965965,0
14436,1.888494,0
14437,0.839289,0
14438,0.188521,0
14439,0.116153,0
14440,1.82056,0
14441,3.144292,0
14442,1.208607,0
14443,0.158431,0
14444,1.986364,0
14445,2.319475,1
14446,0.265757,0
14447,3.010853,0
14448,1.358499,0
14449,2.886975,0
14450,1.964063,0
14451,0.429038,0
14452,2.153599,0
14453,0.63091,0
14454,1.620961,0
14455,1.887416,0
14456,0.182402,0
14457,1.690155,0
14458,2.53906,1
14459,1.809221,0
14460,0.558654,0
14461,0.347254,0
14462,0.59083,0
14463,3.015496,0
14464,1.661073,1
14465,3.315601,0
14466,2.647336,0
14467,0.657867,0
14468,0.929853,0
14469,0.272152,0
14470,1.683449,0
14471,0.28352,0
14472,3.543765,1
14473,0.782578,0
14474,1.74723,0
14475,1.826213,0
14476,1.245156,0
14477,1.937513,0
14478,0.163244,0
14479,1.368251,1
14480,1.913733,0
14481,3.694313,0
14482,2.471552,0
14483,2.088181,1
14484,0.412233,0
14485,2.15842,0
14486,0.657018,0
14487,1.995757,0
14488,4.349639,1
14489,1.847264,0
14490,0.135324,0
14491,0.914897,0
14492,4.099639,1
14493,1.555123,0
14494,0.237479,1
14495,1.988021,1
14496,1.200974,0
14497,0.380428,0
14498,2.306856,0
14499,0.460425,0
14500,0.557102,0
14501,0.056635,0
14502,0.054374,0
14503,2.88404,0
14504,0.828173,0
14505,0.258146,0
14506,0.811571,0
14507,0.637821,0
14508,2.454482,0
14509,0.481458,0
14510,0.163085,0
14511,0.850294,0
14512,2.194151,0
14513,0.468204,0
14514,1.694643,0
14515,0.349905,0
14516,1.76052,0
14517,2.372796,0
14518,1.952367,0
14519,2.112689,0
14520,1.407187,0
14521,2.708398,1
14522,0.335286,0
14523,1.600106,0
14524,0.44334,0
14525,2.207156,0
14526,2.136642,0
14527,2.205696,1
14528,0.799028,0
14529,2.002188,0
14530,1.668104,0
14531,4.340127,1
14532,1.816328,0
14533,1.545296,0
14534,2.678092,1
14535,0.260814,0
14536,1.809686,0
14537,0.132529,0
14538,2.497769,0
14539,0.403148,0
14540,0.205977,0
14541,1.11349,0
14542,1.685134,0
14543,0.14622,0
14544,0.151512,0
14545,0.479498,0
14546,2.835154,0
14547,1.50625,0
14548,3.766813,0
14549,0.949487,0
14550,3.673436,0
14551,2.505251,0
14552,2.274153,0
14553,1.829697,0
14554,1.39354,1
14555,1.374949,0
14556,0.854102,1
14557,0.975793,0
14558,1.463181,0
14559,0.418172,0
14560,3.671207,0
14561,0.794789,0
14562,0.608686,0
14563,0.698898,0
14564,1.369598,0
14565,1.840995,0
14566,2.333779,1
14567,2.322372,0
14568,0.109877,0
14569,0.933585,0
14570,0.927563,0
14571,0.251886,0
14572,0.864441,0
14573,2.142213,0
14574,2.860017,1
14575,2.027829,0
14576,0.93773,0
14577,1.584943,0
14578,1.531593,0
14579,1.904361,1
14580,2.290989,0
14581,0.290106,0
14582,3.837734,0
14583,0.31419,0
14584,2.307065,0
14585,3.630211,0
14586,0.124751,0
14587,2.97746,1
14588,0.652087,0
14589,0.396421,0
14590,1.672546,0
14591,0.120519,0
14592,0.779147,0
14593,3.329191,0
14594,3.278787,0
14595,2.257375,1
14596,1.569982,0
14597,0.058424,0
14598,1.898975,1
14599,0.137482,0
14600,0.546728,1
14601,1.832775,0
14602,1.55395,0
14603,0.660951,0
14604,1.099692,0
14605,0.227379,0
14606,0.584554,0
14607,1.38825,0
14608,2.163237,0
14609,0.991399,0
14610,0.063766,0
14611,2.213118,0
14612,1.836761,0
14613,0.089572,0
14614,0.792266,0
14615,0.414858,0
14616,0.419769,0
14617,1.341533,0
14618,2.674945,0
14619,3.392377,0
14620,1.523758,0
14621,0.978626,0
14622,1.511071,0
14623,0.068441,0
14624,3.4828,0
14625,0.26825,0
14626,0.147248,0
14627,1.745175,0
14628,0.335413,0
14629,2.898788,0
14630,0.182598,0
14631,2.365345,1
14632,3.372927,0
14633,0.883709,0
14634,0.0466,0
14635,3.045339,0
14636,0.272812,0
14637,0.210724,0
14638,0.702357,0
14639,0.088379,0
14640,1.649896,0
14641,1.976823,0
14642,1.740827,0
14643,2.948089,0
14644,3.019182,0
14645,0.054879,0
14646,0.375537,0
14647,2.434193,0
14648,1.468072,0
14649,0.226987,0
14650,0.087874,0
14651,0.073275,0
14652,1.039379,0
14653,1.941934,0
14654,1.872386,1
14655,0.060634,0
14656,1.194582,0
14657,1.066622,0
14658,2.192695,0
14659,0.072099,0
14660,0.674584,0
14661,1.123427,0
14662,1.09296,0
14663,0.335399,0
14664,1.99543,0
14665,1.5875,0
14666,0.180194,0
14667,0.127217,0
14668,2.089772,0
14669,0.940367,0
14670,3.785537,0
14671,1.923496,0
14672,0.140509,0
14673,2.868528,0
14674,1.552909,0
14675,1.986564,0
14676,1.653695,0
14677,1.883627,0
14678,1.967461,0
14679,3.42115,1
14680,0.463234,0
14681,2.03328,0
14682,0.128225,0
14683,2.429124,0
14684,2.998002,0
14685,1.843778,0
14686,3.211861,1
14687,2.789898,0
14688,1.543354,0
14689,2.23477,0
14690,2.140792,0
14691,1.745918,0
14692,2.482583,0
14693,1.64027,1
14694,2.101021,0
14695,1.912049,0
14696,1.221987,1
14697,0.564015,0
14698,1.323083,0
14699,3.092304,0
14700,2.108834,0
14701,0.440306,0
14702,3.510444,0
14703,3.759215,1
14704,0.84684,0
14705,3.262835,1
14706,1.971602,0
14707,0.566116,0
14708,2.29966,0
14709,2.341604,0
14710,0.227293,0
14711,2.332369,0
14712,2.759499,0
14713,0.166429,0
14714,0.115155,0
14715,1.206983,0
14716,5.928115,1
14717,1.463657,0
14718,2.95418,0
14719,1.689477,0
14720,2.449172,0
14721,0.599981,0
14722,0.929918,0
14723,2.334424,0
14724,2.999792,0
14725,2.569195,0
14726,1.846776,0
14727,1.445511,0
14728,2.164628,0
14729,2.177998,0
14730,2.391731,0
14731,0.094807,0
14732,0.204679,0
14733,2.323134,0
14734,0.900385,0
14735,1.32839,0
14736,2.810832,0
14737,0.879725,1
14738,1.919031,1
14739,0.115548,0
14740,2.38172,1
14741,2.346528,0
14742,2.379921,1
14743,0.292337,0
14744,1.945746,0
14745,0.345087,0
14746,1.472049,0
14747,1.15972,0
14748,0.624672,0
14749,2.990167,0
14750,1.732997,1
14751,0.118402,0
14752,2.684282,0
14753,1.92542,0
14754,0.799067,0
14755,2.603446,0
14756,0.53794,0
14757,3.715686,0
14758,4.640414,0
14759,2.33112,0
14760,0.192807,1
14761,0.020208,0
14762,0.412907,0
14763,1.666332,0
14764,2.077753,1
14765,0.201524,0
14766,0.123345,0
14767,0.912137,0
14768,2.288709,0
14769,0.50338,0
14770,1.151522,0
14771,1.580363,0
14772,1.342295,0
14773,2.806739,1
14774,1.031571,0
14775,1.451369,0
14776,4.535604,1
14777,0.965263,0
14778,1.480128,0
14779,0.066807,0
14780,1.79106,0
14781,2.505028,0
14782,2.465626,0
14783,0.349263,0
14784,2.174368,0
14785,0.215904,0
14786,2.179909,0
14787,0.948965,0
14788,2.388816,1
14789,2.257452,0
14790,2.876975,1
14791,1.039285,0
14792,2.798938,0
14793,2.326962,0
14794,0.038109,0
14795,0.746514,0
14796,0.497857,0
14797,0.594774,0
14798,2.841736,0
14799,2.593639,0
14800,0.694998,0
14801,1.84238,1
14802,0.794171,1
14803,1.150972,0
14804,0.52637,0
14805,2.800288,1
14806,2.868722,0
14807,1.767259,0
14808,5.066275,0
14809,1.445743,0
14810,1.353354,0
14811,5.878668,0
14812,2.269546,0
14813,2.530935,0
14814,1.967542,0
14815,2.321161,0
14816,0.61854,0
14817,3.436872,0
14818,0.159213,0
14819,0.15782,0
14820,1.818637,1
14821,3.088657,0
14822,0.151187,0
14823,0.086892,0
14824,1.651779,0
14825,0.34979,0
14826,2.476888,0
14827,0.391329,0
14828,0.226142,0
14829,0.132484,1
14830,1.963323,0
14831,2.735221,0
14832,0.675514,0
14833,0.538378,0
14834,0.653603,0
14835,3.231637,0
14836,4.35201,1
14837,0.151756,0
14838,1.154124,0
14839,3.33704,0
14840,1.170201,0
14841,3.034313,0
14842,0.2335,0
14843,1.395335,0
14844,1.274737,0
14845,1.880776,0
14846,1.241485,0
14847,0.40869,0
14848,1.471736,0
14849,1.900176,0
14850,0.457922,0
14851,2.735811,0
14852,2.340028,0
14853,0.802173,0
14854,3.095825,0
14855,1.189877,0
14856,0.629957,1
14857,2.864076,0
14858,0.558951,0
14859,2.257506,0
14860,0.357927,0
14861,2.179193,0
14862,3.297438,1
14863,0.887691,0
14864,0.957144,0
14865,0.829917,0
14866,2.398479,0
14867,0.410309,0
14868,2.767517,0
14869,1.257146,1
14870,2.223788,0
14871,2.595712,0
14872,1.966904,0
14873,0.058845,0
14874,1.68863,0
14875,1.685457,0
14876,0.258804,0
14877,3.010409,0
14878,2.246377,0
14879,0.281136,0
14880,0.203897,0
14881,0.059035,0
14882,2.675231,0
14883,2.449018,0
14884,0.353376,0
14885,0.787442,0
14886,1.097707,0
14887,3.238413,0
14888,1.515596,0
14889,0.326455,0
14890,4.49338,0
14891,0.17953,0
14892,0.991905,0
14893,0.451977,0
14894,3.064418,1
14895,1.072517,0
14896,3.408474,0
14897,0.475233,0
14898,0.791914,0
14899,2.950569,0
14900,2.773136,0
14901,0.727169,0
14902,2.547454,0
14903,2.24571,0
14904,3.043138,0
14905,2.890791,0
14906,0.491725,0
14907,1.500983,0
14908,3.336732,1
14909,0.942379,0
14910,1.621387,1
14911,0.664524,0
14912,2.47239,0
14913,0.099594,0
14914,1.572982,0
14915,1.440749,0
14916,1.931828,0
14917,0.598374,0
14918,2.746938,0
14919,2.457817,1
14920,1.251936,0
14921,2.831674,0
14922,1.964519,0
14923,1.547569,0
14924,0.414283,0
14925,3.059119,0
14926,0.282535,0
14927,0.85334,0
14928,0.110211,0
14929,3.113992,1
14930,1.903747,0
14931,2.706427,1
14932,1.955572,0
14933,2.352306,0
14934,2.022692,1
14935,0.882217,0
14936,0.726597,0
14937,3.194115,0
14938,4.182115,0
14939,1.549601,0
14940,1.064006,0
14941,1.567571,0
14942,3.811508,1
14943,2.701485,0
14944,3.12645,0
14945,0.510826,0
14946,0.318397,0
14947,2.009702,0
14948,1.68433,0
14949,1.852567,0
14950,0.38452,0
14951,0.303159,0
14952,4.248663,0
14953,0.281389,0
14954,1.649947,0
14955,1.931587,1
14956,2.022467,0
14957,1.650862,0
14958,0.340361,0
14959,0.353758,0
14960,2.015831,0
14961,0.047254,0
14962,0.354497,0
14963,1.744813,0
14964,1.721563,0
14965,3.110543,0
14966,0.148603,0
14967,1.651831,0
14968,1.270957,0
14969,2.417468,0
14970,1.80916,0
14971,0.042638,0
14972,1.148283,0
14973,2.682396,0
14974,0.055373,0
14975,0.450596,0
14976,1.766886,0
14977,0.251984,0
14978,0.737739,0
14979,2.309213,0
14980,0.184533,0
14981,1.012428,0
14982,2.207005,0
14983,2.716321,0
14984,0.19351,0
14985,0.396043,0
14986,0.94438,0
14987,2.244299,0
14988,0.431326,0
14989,0.720005,0
14990,1.24993,0
14991,0.15366,0
14992,3.103451,0
14993,0.995754,0
14994,3.616549,0
14995,3.069952,0
14996,0.111953,0
14997,0.115319,0
14998,1.701784,0
14999,3.695841,0
15000,2.64631,1
15001,1.750784,0
15002,1.695671,0
15003,3.154893,0
15004,3.195869,0
15005,1.832611,0
15006,0.222723,0
15007,0.60335,0
15008,1.426384,0
15009,0.797546,0
15010,1.200746,0
15011,3.081322,0
15012,1.034481,0
15013,0.933391,0
15014,1.119996,1
15015,1.546707,0
15016,0.81542,0
15017,2.401736,0
15018,0.918939,0
15019,2.292687,0
15020,0.622609,1
15021,2.530098,0
15022,1.1568,0
15023,1.821176,0
15024,1.265773,0
15025,1.2972,1
15026,0.954488,0
15027,0.862362,0
15028,3.44328,0
15029,1.798073,0
15030,2.373596,0
15031,1.53033,1
15032,2.39992,0
15033,1.507389,0
15034,1.430033,1
15035,1.210309,0
15036,0.564955,0
15037,0.560084,0
15038,0.43278,0
15039,0.035915,0
15040,1.96665,0
15041,1.76132,0
15042,1.175231,0
15043,0.426175,0
15044,1.834952,0
15045,2.995843,0
15046,2.670064,1
15047,1.165535,0
15048,3.524134,1
15049,2.98654,0
15050,0.281134,0
15051,0.877561,1
15052,1.443371,1
15053,1.735922,0
15054,1.119405,0
15055,1.106223,0
15056,0.409737,0
15057,2.691001,0
15058,2.369452,1
15059,2.633571,0
15060,2.055148,0
15061,0.065754,0
15062,2.227354,1
15063,2.169566,0
15064,0.161703,0
15065,1.439119,0
15066,3.820547,1
15067,0.515461,0
15068,0.653465,1
15069,1.576278,0
15070,0.145802,0
15071,0.631388,0
15072,2.406136,0
15073,1.051622,0
15074,2.902236,1
15075,2.098045,0
15076,0.061702,0
15077,0.497399,1
15078,0.192709,0
15079,4.053782,1
15080,1.724848,0
15081,1.943286,0
15082,1.720987,0
15083,0.500696,0
15084,0.583299,0
15085,2.634343,0
15086,3.05872,0
15087,1.058513,0
15088,1.686171,0
15089,0.986313,0
15090,1.676616,0
15091,2.18058,0
15092,1.565155,0
15093,1.960573,0
15094,0.815438,0
15095,2.906852,0
15096,3.539044,1
15097,3.028092,0
15098,0.847454,0
15099,3.676387,0
15100,2.701438,0
15101,3.148424,0
15102,0.466676,1
15103,1.10638,0
15104,3.259001,0
15105,0.420665,0
15106,0.666254,0
15107,2.075772,0
15108,1.515625,0
15109,2.087814,1
15110,0.206102,0
15111,0.884094,0
15112,0.999894,0
15113,2.157337,1
15114,0.375405,0
15115,0.564229,0
15116,0.077709,0
15117,4.745053,0
15118,2.137438,1
15119,1.914298,1
15120,2.363244,0
15121,1.174666,0
15122,2.326488,0
15123,2.489638,0
15124,1.815815,0
15125,2.497869,0
15126,0.239681,0
15127,0.140221,0
15128,0.102498,0
15129,0.157144,0
15130,2.849163,0
15131,0.497177,0
15132,0.207534,0
15133,3.14255,0
15134,3.431905,1
15135,2.465753,0
15136,0.247631,0
15137,1.895502,0
15138,0.22335,0
15139,0.169674,0
15140,1.037312,0
15141,0.97423,1
15142,1.065958,0
15143,2.765772,1
15144,0.308281,0
15145,0.285543,0
15146,1.637691,0
15147,0.461459,0
15148,4.491235,0
15149,3.128683,0
15150,2.074276,0
15151,1.233205,0
15152,0.723337,0
15153,2.142724,0
15154,1.52719,1
15155,1.376231,0
15156,3.077564,0
15157,0.382657,0
15158,1.355215,0
15159,1.22295,0
15160,2.876786,0
15161,2.275584,0
15162,1.558368,0
15163,2.038494,0
15164,1.675665,0
15165,1.284512,0
15166,1.741405,0
15167,3.486105,0
15168,1.365267,0
15169,2.100804,0
15170,0.947028,0
15171,0.145231,0
15172,1.759745,0
15173,2.806939,0
15174,3.159868,1
15175,1.586692,0
15176,1.73057,1
15177,0.790334,0
15178,0.369692,0
15179,1.165826,0
15180,0.084802,0
15181,2.279291,0
15182,1.818335,0
15183,2.451499,0
15184,3.392931,0
15185,0.937299,0
15186,1.656169,1
15187,0.09164,0
15188,0.623666,0
15189,1.82044,0
15190,1.341637,0
15191,2.074759,0
15192,1.546419,0
15193,1.328544,0
15194,1.834279,0
15195,0.107897,0
15196,0.68284,0
15197,0.283838,0
15198,1.813509,0
15199,4.378326,0
15200,1.311862,0
15201,1.651435,0
15202,1.103038,0
15203,2.620891,1
15204,2.430077,0
15205,2.050071,0
15206,1.824715,0
15207,3.048395,1
15208,0.106042,0
15209,0.800108,0
15210,1.289239,0
15211,1.205456,0
15212,0.086603,0
15213,1.438103,0
15214,0.447618,0
15215,3.268948,0
15216,2.064036,0
15217,2.764235,0
15218,3.011254,1
15219,0.482892,0
15220,2.67782,0
15221,2.092145,0
15222,0.771498,0
15223,1.811473,0
15224,0.451547,1
15225,0.847403,1
15226,2.135516,1
15227,1.360745,0
15228,2.414525,0
15229,1.510355,0
15230,2.048838,0
15231,0.268632,0
15232,1.736013,1
15233,2.466498,0
15234,0.562197,0
15235,3.76763,0
15236,0.479429,0
15237,1.000087,0
15238,1.592327,0
15239,0.447109,0
15240,1.520095,0
15241,0.224345,0
15242,1.309592,0
15243,1.218067,0
15244,1.400175,1
15245,0.351059,0
15246,0.076959,0
15247,1.653289,0
15248,0.52481,0
15249,2.589052,0
15250,3.648517,0
15251,1.789313,0
15252,0.701814,0
15253,1.291578,0
15254,2.361321,0
15255,1.70265,0
15256,0.55677,0
15257,1.845684,0
15258,2.506607,0
15259,1.999488,0
15260,0.086915,0
15261,2.099309,0
15262,0.8615,0
15263,0.548489,0
15264,1.46788,0
15265,1.738087,0
15266,1.976321,0
15267,1.774083,0
15268,1.665156,0
15269,0.392777,0
15270,1.197094,0
15271,0.898307,0
15272,0.465773,0
15273,1.498318,0
15274,2.867398,0
15275,1.593147,0
15276,0.068256,0
15277,1.8709,1
15278,0.221739,0
15279,2.306718,0
15280,0.465699,0
15281,1.162463,0
15282,4.15739,1
15283,2.681818,0
15284,0.347975,0
15285,0.035054,0
15286,2.511414,0
15287,2.788488,0
15288,0.877326,0
15289,0.122782,0
15290,0.03677,0
15291,2.575618,0
15292,0.434746,0
15293,2.752181,0
15294,1.807672,0
15295,1.060139,0
15296,0.007199,0
15297,1.024076,0
15298,1.854316,0
15299,0.347391,0
15300,1.526119,0
15301,0.997165,0
15302,1.539333,0
15303,0.031079,0
15304,2.678232,0
15305,1.461795,0
15306,0.401972,0
15307,2.228803,0
15308,0.218111,0
15309,1.869789,0
15310,1.794113,0
15311,3.555741,0
15312,2.816316,0
15313,1.617974,1
15314,2.626652,0
15315,0.191506,0
15316,2.724115,0
15317,2.187096,1
15318,2.456976,0
15319,0.128546,0
15320,0.553106,0
15321,0.183603,0
15322,0.309571,0
15323,0.551617,0
15324,0.280111,0
15325,1.578962,0
15326,1.294891,0
15327,0.73208,0
15328,1.929481,0
15329,1.663947,0
15330,1.915812,0
15331,1.032238,0
15332,1.362931,0
15333,3.635478,0
15334,3.571603,1
15335,0.121963,0
15336,0.410911,0
15337,1.676353,0
15338,0.583341,0
15339,1.597885,0
15340,3.290668,1
15341,2.722375,0
15342,0.681931,1
15343,0.108442,0
15344,2.556921,1
15345,1.649359,0
15346,1.33766,0
15347,0.439851,0
15348,2.824867,0
15349,0.071627,0
15350,0.765299,0
15351,1.596993,0
15352,0.013392,0
15353,0.393979,0
15354,0.28111,0
15355,2.243316,1
15356,2.106169,0
15357,0.648562,0
15358,1.246538,0
15359,0.855861,0
15360,0.212164,0
15361,0.022625,0
15362,0.095835,0
15363,0.240365,0
15364,2.859289,0
15365,2.094769,0
15366,2.717776,0
15367,1.136825,0
15368,2.461883,0
15369,0.117762,0
15370,0.591442,0
15371,0.131285,0
15372,1.506719,0
15373,2.213287,0
15374,0.732897,0
15375,3.770304,0
15376,0.033166,0
15377,1.353204,0
15378,0.319723,0
15379,2.58907,0
15380,2.058022,0
15381,1.426607,0
15382,4.631231,1
15383,1.640955,1
15384,0.864553,0
15385,2.021798,0
15386,0.128276,0
15387,3.065895,0
15388,3.27668,1
15389,2.008847,0
15390,1.929004,0
15391,1.244187,0
15392,0.080423,0
15393,0.142861,0
15394,2.596439,0
15395,1.929865,0
15396,0.53921,0
15397,2.881747,0
15398,0.833988,0
15399,3.423131,0
15400,1.340119,0
15401,0.16741,0
15402,1.807045,1
15403,2.164488,0
15404,2.008962,0
15405,1.095019,0
15406,1.549511,0
15407,1.847156,0
15408,0.830813,0
15409,0.271249,0
15410,1.491461,0
15411,1.021183,0
15412,0.72772,0
15413,0.472866,1
15414,3.151532,0
15415,2.499468,0
15416,0.092845,0
15417,1.580009,0
15418,1.911323,0
15419,2.196458,0
15420,0.150394,0
15421,0.180219,0
15422,1.690794,0
15423,1.266461,0
15424,3.205685,0
15425,1.46402,0
15426,1.252263,1
15427,2.034664,0
15428,1.942496,0
15429,0.599369,0
15430,2.35632,0
15431,2.021699,0
15432,0.688337,0
15433,3.313291,0
15434,2.562984,0
15435,0.047084,0
15436,0.32184,0
15437,1.958654,0
15438,1.219708,0
15439,1.814799,0
15440,0.560547,0
15441,0.173007,0
15442,0.761718,0
15443,2.388908,0
15444,1.29734,0
15445,0.117548,0
15446,0.151704,0
15447,0.201476,0
15448,2.829186,0
15449,0.692489,0
15450,1.575689,0
15451,2.455162,1
15452,1.384352,0
15453,3.676048,0
15454,0.531552,0
15455,2.51526,1
15456,0.112084,0
15457,0.192853,0
15458,2.93435,0
15459,2.104954,0
15460,1.388034,0
15461,1.873674,0
15462,0.289817,0
15463,2.369735,0
15464,1.050496,0
15465,0.119973,0
15466,3.203391,0
15467,0.217714,0
15468,0.97891,0
15469,2.761492,0
15470,0.273921,0
15471,2.074344,0
15472,1.077465,0
15473,1.350698,0
15474,1.000191,0
15475,1.113287,0
15476,1.666254,0
15477,2.071775,0
15478,3.911651,0
15479,2.431853,0
15480,2.581394,0
15481,0.871884,0
15482,1.421749,0
15483,0.257412,0
15484,0.423163,0
15485,0.618943,0
15486,2.262252,0
15487,0.665152,0
15488,0.415763,0
15489,1.002952,0
15490,0.196671,0
15491,0.034781,0
15492,0.102665,0
15493,0.848367,0
15494,3.307988,0
15495,3.00503,0
15496,0.910967,1
15497,2.774565,0
15498,2.436973,0
15499,0.090128,0
15500,3.398156,0
15501,2.16461,0
15502,2.961182,0
15503,0.932635,0
15504,0.035228,0
15505,2.237684,1
15506,1.389616,0
15507,2.318079,0
15508,0.218939,0
15509,0.90909,0
15510,0.071081,0
15511,0.139989,0
15512,2.55765,0
15513,1.170966,1
15514,4.034548,0
15515,2.968398,0
15516,1.490895,0
15517,1.036419,0
15518,0.203967,0
15519,1.90088,0
15520,0.184762,1
15521,2.723439,0
15522,3.552769,0
15523,0.223786,0
15524,2.943319,0
15525,0.084266,0
15526,0.459302,0
15527,3.050271,0
15528,1.477719,0
15529,2.095848,0
15530,2.363256,0
15531,2.190638,0
15532,3.135722,0
15533,0.455025,0
15534,1.011478,0
15535,2.145993,0
15536,1.514705,0
15537,0.479959,0
15538,1.019598,0
15539,0.042121,0
15540,3.20024,0
15541,2.787299,1
15542,2.30223,0
15543,1.316348,0
15544,2.35948,0
15545,1.9219,0
15546,1.104217,0
15547,1.708109,0
15548,2.783541,1
15549,0.550867,0
15550,1.132341,0
15551,0.932539,0
15552,1.223337,1
15553,1.866053,1
15554,1.907606,0
15555,0.053969,0
15556,3.038794,0
15557,0.700156,0
15558,1.95069,0
15559,1.589325,0
15560,2.233244,1
15561,0.262119,0
15562,1.978293,0
15563,2.874154,0
15564,2.424438,1
15565,2.661545,0
15566,0.221304,0
15567,0.375317,0
15568,2.550601,0
15569,0.237423,0
15570,3.151131,0
15571,1.314747,0
15572,0.971372,0
15573,1.979192,0
15574,0.099441,0
15575,4.50351,0
15576,0.630514,0
15577,4.398526,0
15578,2.648374,1
15579,2.790326,0
15580,0.841028,0
15581,2.131994,0
15582,0.25394,0
15583,2.82432,1
15584,0.141518,0
15585,0.3655,0
15586,1.075076,0
15587,2.150392,0
15588,1.072972,0
15589,1.877983,0
15590,3.179007,0
15591,2.238193,1
15592,0.167924,0
15593,2.516627,0
15594,2.418972,0
15595,0.626922,0
15596,2.486941,0
15597,1.371673,1
15598,2.532555,0
15599,2.080938,0
15600,1.907806,0
15601,3.127368,0
15602,2.658784,1
15603,2.178165,0
15604,1.756858,1
15605,0.981591,0
15606,2.027458,0
15607,2.557343,0
15608,2.425116,0
15609,2.985424,0
15610,2.488673,0
15611,2.928654,0
15612,0.400129,0
15613,1.276793,0
15614,0.080189,0
15615,2.828225,0
15616,0.745412,0
15617,0.037185,0
15618,0.125972,0
15619,0.420222,0
15620,1.306209,1
15621,3.643061,0
15622,1.093108,0
15623,2.283961,0
15624,4.388726,0
15625,1.958429,0
15626,1.877565,0
15627,0.170429,0
15628,1.661876,0
15629,1.521894,0
15630,1.851126,1
15631,0.228483,0
15632,0.440355,0
15633,0.499821,0
15634,2.237862,1
15635,2.251779,0
15636,1.257937,0
15637,2.432003,0
15638,0.910651,0
15639,1.929164,0
15640,2.862359,1
15641,1.712964,0
15642,2.440709,0
15643,1.057727,1
15644,1.73051,0
15645,2.122646,0
15646,2.005515,0
15647,1.295744,1
15648,1.486319,0
15649,3.698021,0
15650,0.678347,0
15651,2.918647,0
15652,3.309463,0
15653,0.39246,0
15654,1.493321,0
15655,2.43283,1
15656,2.968182,1
15657,3.010547,0
15658,0.109473,0
15659,0.168763,0
15660,2.411845,0
15661,2.775671,1
15662,4.629731,1
15663,2.285985,0
15664,2.369962,1
15665,2.308683,0
15666,0.569815,0
15667,2.294722,0
15668,1.744703,0
15669,2.178814,0
15670,2.537295,0
15671,2.391416,1
15672,0.068089,0
15673,1.460873,0
15674,0.768402,0
15675,3.631805,0
15676,0.341074,0
15677,1.697371,0
15678,1.429889,0
15679,0.105226,0
15680,0.361778,0
15681,2.637204,1
15682,2.081681,0
15683,0.652761,0
15684,2.330144,0
15685,1.775017,0
15686,0.955638,1
15687,2.591116,1
15688,1.871833,0
15689,0.069302,0
15690,1.060069,0
15691,1.57601,0
15692,0.057881,0
15693,0.334463,0
15694,2.86469,0
15695,2.594446,0
15696,1.851979,0
15697,0.245616,0
15698,2.10775,0
15699,2.046481,1
15700,0.492663,0
15701,2.615258,0
15702,2.535737,0
15703,0.157354,1
15704,0.199073,0
15705,0.981825,0
15706,0.812095,0
15707,1.397566,0
15708,0.315135,0
15709,2.534729,0
15710,1.136079,0
15711,0.968683,0
15712,0.243044,0
15713,1.018873,0
15714,2.033994,0
15715,1.662122,1
15716,0.117173,0
15717,0.634834,0
15718,3.998092,1
15719,1.272551,0
15720,2.664663,0
15721,0.56422,0
15722,3.057584,0
15723,1.640185,0
15724,2.334258,0
15725,1.392859,0
15726,2.417161,0
15727,3.987824,1
15728,2.314829,0
15729,0.561803,0
15730,0.527137,0
15731,0.322299,0
15732,3.398314,0
15733,0.083504,0
15734,1.590947,0
15735,2.17075,0
15736,0.550319,0
15737,1.466052,0
15738,3.535054,0
15739,0.38131,0
15740,0.759011,0
15741,2.360866,0
15742,1.66038,0
15743,2.248767,0
15744,0.702117,0
15745,0.645155,0
15746,0.298998,0
15747,1.728567,0
15748,2.10436,0
15749,1.886678,0
15750,1.590047,0
15751,0.697299,0
15752,0.549745,0
15753,2.855034,0
15754,2.064178,0
15755,0.21097,0
15756,0.177196,0
15757,3.776279,0
15758,0.05015,0
15759,0.997048,0
15760,0.090932,0
15761,0.956904,0
15762,2.259472,0
15763,2.509755,0
15764,2.172523,0
15765,0.063666,0
15766,3.173174,1
15767,0.145764,0
15768,3.266606,0
15769,3.012045,0
15770,1.96682,0
15771,1.083828,0
15772,2.549046,0
15773,1.133317,0
15774,0.681554,0
15775,0.134741,0
15776,1.867423,0
15777,3.011544,1
15778,1.42609,0
15779,0.065717,0
15780,0.52167,0
15781,0.024509,0
15782,0.760274,0
15783,0.462189,0
15784,2.415561,0
15785,0.143592,0
15786,1.742598,1
15787,0.102428,0
15788,0.184008,0
15789,1.075521,0
15790,3.98485,1
15791,0.680205,0
15792,2.161621,0
15793,1.932652,0
15794,0.170935,0
15795,2.133036,0
15796,3.614959,0
15797,0.016528,0
15798,2.544465,0
15799,2.978949,0
15800,0.578363,0
15801,0.109756,0
15802,1.573746,0
15803,1.562701,0
15804,2.374377,0
15805,0.749224,0
15806,0.111836,0
15807,0.838834,0
15808,0.189305,0
15809,2.910525,0
15810,1.030087,1
15811,0.645664,0
15812,0.907983,0
15813,0.634958,0
15814,1.72288,0
15815,0.110881,0
15816,1.141618,0
15817,1.168933,0
15818,1.97235,0
15819,2.798887,0
15820,1.597524,0
15821,2.54962,0
15822,0.128752,0
15823,0.208237,0
15824,2.3265,0
15825,0.576379,0
15826,0.869055,0
15827,2.302526,0
15828,2.181084,0
15829,1.873624,0
15830,3.723252,0
15831,1.852316,0
15832,2.136862,0
15833,1.583843,0
15834,0.04096,0
15835,3.663596,1
15836,2.645223,0
15837,2.0968,0
15838,0.634165,0
15839,0.327968,0
15840,1.675292,0
15841,2.781577,1
15842,0.54853,0
15843,1.20042,0
15844,3.460304,1
15845,0.913002,0
15846,2.460608,0
15847,0.941449,0
15848,0.29133,0
15849,2.334906,0
15850,1.49308,0
15851,1.544971,0
15852,0.861088,0
15853,3.358926,0
15854,1.779989,0
15855,0.207306,0
15856,0.164182,0
15857,2.916346,0
15858,0.381652,0
15859,2.620169,0
15860,0.103996,0
15861,1.968574,0
15862,0.259669,0
15863,1.083642,0
15864,0.335112,0
15865,0.243912,0
15866,1.389844,0
15867,0.057879,0
15868,1.715323,0
15869,2.560322,0
15870,0.297597,0
15871,2.734452,0
15872,1.448058,1
15873,1.509775,0
15874,1.422412,0
15875,0.45183,0
15876,0.173939,0
15877,0.25886,0
15878,2.922094,0
15879,1.087161,0
15880,1.229103,0
15881,2.293957,0
15882,2.314971,0
15883,0.722849,0
15884,2.874123,0
15885,1.034472,0
15886,0.963712,0
15887,2.242958,1
15888,0.211509,0
15889,0.274143,0
15890,0.102777,0
15891,1.348785,1
15892,2.20884,0
15893,1.603933,0
15894,0.342058,0
15895,0.094587,0
15896,1.811752,0
15897,3.158776,0
15898,1.703435,1
15899,2.329168,0
15900,0.199403,0
15901,2.633145,1
15902,1.808184,0
15903,0.038901,0
15904,0.461114,0
15905,2.8038,1
15906,2.31745,1
15907,0.289174,0
15908,1.692505,0
15909,1.738925,0
15910,3.555972,1
15911,0.903199,1
15912,0.142022,0
15913,1.805592,0
15914,2.469538,0
15915,1.036784,0
15916,2.951152,0
15917,0.115544,0
15918,0.344349,0
15919,0.828956,0
15920,1.195447,0
15921,3.1239,0
15922,1.654879,0
15923,2.377708,0
15924,1.820738,0
15925,1.830555,0
15926,0.176247,0
15927,2.218624,1
15928,3.733827,0
15929,1.859845,1
15930,1.681498,0
15931,0.780319,0
15932,0.056642,0
15933,2.699378,1
15934,2.548697,0
15935,0.683382,0
15936,2.003813,0
15937,1.137972,0
15938,1.623774,0
15939,1.821,0
15940,3.060879,1
15941,2.309031,0
15942,0.265054,0
15943,2.917657,0
15944,0.384282,1
15945,1.165182,0
15946,1.631956,0
15947,1.447324,0
15948,0.654407,1
15949,1.689586,0
15950,3.916244,0
15951,0.143482,0
15952,0.899479,0
15953,2.465737,1
15954,1.212421,0
15955,2.804704,0
15956,0.462094,0
15957,1.874752,0
15958,0.21163,0
15959,3.004932,1
15960,3.162333,0
15961,2.043529,0
15962,1.152185,0
15963,3.134415,0
15964,2.412239,0
15965,3.28477,0
15966,2.13759,1
15967,1.717901,0
15968,0.265401,0
15969,0.28671,0
15970,0.271797,0
15971,0.729441,0
15972,0.222916,0
15973,2.68043,0
15974,2.670487,0
15975,1.790943,0
15976,1.234166,0
15977,1.651495,0
15978,1.414106,0
15979,0.304596,0
15980,0.556368,0
15981,0.031664,0
15982,1.849694,0
15983,0.855387,0
15984,0.557586,0
15985,1.291523,0
15986,0.238781,0
15987,0.266325,0
15988,2.183695,0
15989,3.509369,1
15990,3.998893,0
15991,1.501844,0
15992,0.228693,0
15993,0.259875,0
15994,0.598138,0
15995,2.497482,0
15996,2.753099,1
15997,1.039235,0
15998,0.348518,0
15999,2.185044,0
16000,0.215838,0
16001,2.500348,0
16002,3.384677,0
16003,1.12737,0
16004,0.211024,0
16005,2.300081,0
16006,0.458408,0
16007,0.231615,0
16008,1.274666,0
16009,0.111695,0
16010,1.800725,1
16011,1.749148,0
16012,1.580977,0
16013,2.849258,0
16014,2.027719,0
16015,0.982006,0
16016,0.546835,1
16017,1.581164,0
16018,1.13333,0
16019,0.380609,0
16020,1.462841,0
16021,1.184824,0
16022,1.411598,0
16023,0.505668,0
16024,2.79221,0
16025,0.251114,0
16026,0.840338,0
16027,2.253006,0
16028,3.199526,0
16029,3.412013,0
16030,2.306962,0
16031,1.806129,0
16032,0.398302,0
16033,2.606408,0
16034,2.51363,0
16035,0.992308,0
16036,1.318892,0
16037,0.761685,1
16038,0.085044,0
16039,0.722232,0
16040,3.172375,0
16041,1.375326,0
16042,1.336404,0
16043,2.754186,0
16044,0.174819,0
16045,1.493265,0
16046,0.676153,1
16047,2.154676,0
16048,1.546926,0
16049,1.536092,0
16050,1.0127,0
16051,2.839653,0
16052,2.599597,0
16053,2.38823,0
16054,0.842106,0
16055,2.220367,0
16056,0.034129,0
16057,1.320694,0
16058,1.536311,0
16059,2.06906,0
16060,1.053106,0
16061,0.672766,0
16062,0.474417,0
16063,1.75052,0
16064,2.723686,0
16065,1.7512,0
16066,1.967612,0
16067,0.747417,0
16068,1.772457,0
16069,2.84339,0
16070,0.813666,0
16071,0.131267,0
16072,0.204814,1
16073,2.577233,0
16074,1.98408,0
16075,2.212552,0
16076,0.787975,0
16077,0.040141,0
16078,1.360453,0
16079,1.189622,0
16080,4.138769,0
16081,0.212432,0
16082,0.731302,0
16083,1.814019,0
16084,0.842898,0
16085,0.198577,0
16086,1.718481,0
16087,1.213142,0
16088,0.085308,0
16089,0.513432,0
16090,1.223249,0
16091,2.15508,0
16092,1.084545,0
16093,2.041331,0
16094,1.714345,0
16095,2.236119,0
16096,1.603646,0
16097,1.775148,0
16098,0.610983,0
16099,1.450279,0
16100,0.442104,1
16101,0.382477,0
16102,4.373811,0
16103,1.637483,0
16104,2.998005,0
16105,3.617335,0
16106,1.057286,0
16107,3.706928,0
16108,0.687387,0
16109,0.34267,0
16110,2.756641,0
16111,2.456777,0
16112,1.511914,0
16113,3.585521,0
16114,0.116363,0
16115,0.075743,0
16116,3.862866,0
16117,1.200701,0
16118,1.01947,0
16119,0.939904,0
16120,1.862193,0
16121,1.794631,0
16122,3.234705,0
16123,1.072572,0
16124,2.64858,0
16125,1.507067,0
16126,0.112268,0
16127,0.529246,0
16128,2.948371,0
16129,0.849272,0
16130,2.878814,0
16131,0.466211,0
16132,3.057741,0
16133,2.696017,1
16134,3.608609,0
16135,1.861589,0
16136,0.210001,0
16137,2.359449,0
16138,2.05767,0
16139,1.500536,0
16140,2.222367,0
16141,0.347614,0
16142,2.456396,0
16143,0.675904,0
16144,1.800914,0
16145,0.479095,0
16146,0.378393,0
16147,2.074652,0
16148,0.245818,0
16149,0.740864,0
16150,2.367057,0
16151,1.064458,0
16152,2.471513,0
16153,0.299447,1
16154,2.043189,0
16155,1.537419,0
16156,2.628669,0
16157,2.846367,1
16158,1.63928,0
16159,1.575041,0
16160,1.25968,0
16161,2.728809,0
16162,0.138308,0
16163,0.766759,0
16164,0.279605,0
16165,2.416693,0
16166,3.813442,0
16167,1.594739,0
16168,0.440247,1
16169,0.239814,0
16170,2.247591,0
16171,1.235087,0
16172,0.135829,0
16173,0.523767,1
16174,0.131051,0
16175,3.62706,1
16176,0.270066,0
16177,1.585655,0
16178,3.815267,0
16179,3.600197,1
16180,0.915262,1
16181,2.075757,0
16182,1.397887,0
16183,3.363849,0
16184,2.114849,0
16185,2.413454,1
16186,2.500489,0
16187,1.83405,0
16188,1.401473,0
16189,1.348304,0
16190,1.814405,0
16191,0.525179,0
16192,1.96793,0
16193,0.382668,0
16194,3.645392,1
16195,3.238617,0
16196,2.23962,0
16197,1.159055,0
16198,2.860139,0
16199,1.526117,0
16200,2.087493,0
16201,3.189257,0
16202,1.275911,0
16203,0.846941,0
16204,0.186922,0
16205,0.789859,0
16206,4.58753,0
16207,1.478263,0
16208,1.831769,0
16209,4.104164,1
16210,1.930656,0
16211,0.283498,0
16212,0.808869,0
16213,2.160278,0
16214,1.078507,0
16215,0.889823,1
16216,3.609173,0
16217,0.888341,0
16218,3.130247,0
16219,0.129234,0
16220,0.958234,0
16221,0.443199,0
16222,3.284585,0
16223,1.584078,0
16224,2.631106,0
16225,1.294046,0
16226,1.910229,0
16227,2.312269,0
16228,3.350227,1
16229,2.448689,0
16230,0.17134,0
16231,0.534074,0
16232,1.020952,0
16233,3.754538,0
16234,1.667797,0
16235,1.987031,0
16236,2.039213,0
16237,2.368271,0
16238,2.004017,0
16239,1.83626,0
16240,2.620103,0
16241,1.422156,0
16242,2.247897,0
16243,0.40029,0
16244,0.144293,0
16245,2.360522,0
16246,0.285803,0
16247,2.049283,1
16248,2.669019,0
16249,0.588802,0
16250,2.404541,0
16251,2.794448,0
16252,1.76625,0
16253,0.212854,0
16254,0.847281,0
16255,3.050338,0
16256,0.551924,1
16257,1.771496,0
16258,0.812667,0
16259,1.795283,0
16260,0.064952,0
16261,0.249547,0
16262,2.776896,0
16263,0.939989,0
16264,3.240761,0
16265,2.531416,0
16266,0.043922,0
16267,0.832478,0
16268,0.710182,0
16269,0.158657,0
16270,0.21815,0
16271,1.120274,0
16272,0.05528,0
16273,1.417339,1
16274,0.419931,0
16275,2.126919,0
16276,0.381922,0
16277,0.951731,0
16278,0.14402,0
16279,0.18795,0
16280,2.301338,0
16281,1.596093,0
16282,0.418348,0
16283,0.718297,0
16284,2.849221,0
16285,2.494358,0
16286,1.139705,0
16287,0.207724,0
16288,2.62717,1
16289,0.591013,0
16290,0.237637,0
16291,1.552917,0
16292,3.008189,0
16293,0.096782,0
16294,2.392737,1
16295,1.634572,0
16296,1.913582,0
16297,1.178116,0
16298,0.299714,0
16299,2.332498,0
16300,0.772653,0
16301,2.466535,0
16302,0.474446,0
16303,0.539137,0
16304,0.946977,0
16305,1.742224,0
16306,0.263826,0
16307,2.182944,0
16308,1.29572,0
16309,1.337524,0
16310,0.665696,0
16311,2.930367,0
16312,1.125782,0
16313,4.30125,0
16314,1.98505,1
16315,3.642086,0
16316,0.352714,0
16317,3.623235,0
16318,0.187544,0
16319,1.528794,0
16320,1.728272,0
16321,0.018342,0
16322,1.391589,0
16323,0.378774,0
16324,0.041027,0
16325,5.728071,0
16326,1.408265,0
16327,0.813543,0
16328,0.035479,0
16329,2.985538,1
16330,2.276224,0
16331,1.901792,1
16332,1.150107,0
16333,0.510942,0
16334,2.506561,0
16335,0.727302,0
16336,4.832517,1
16337,0.615033,0
16338,0.84789,0
16339,2.397829,0
16340,1.983641,0
16341,2.636096,0
16342,2.187484,0
16343,0.542809,0
16344,0.058594,0
16345,0.275107,0
16346,2.663442,0
16347,0.460709,0
16348,1.589512,0
16349,2.204234,0
16350,1.611924,0
16351,0.293904,0
16352,1.974564,0
16353,0.378203,0
16354,1.999207,0
16355,0.732985,0
16356,0.895142,0
16357,2.077956,0
16358,0.0537,0
16359,3.634408,0
16360,0.713646,0
16361,0.02074,0
16362,2.163567,0
16363,0.619692,0
16364,1.193869,0
16365,2.111882,0
16366,0.715759,0
16367,2.826063,0
16368,1.63314,0
16369,2.362082,0
16370,0.140188,0
16371,2.582807,0
16372,0.39833,0
16373,0.214822,0
16374,2.390971,0
16375,2.24441,0
16376,0.550986,0
16377,0.794408,0
16378,0.82323,0
16379,1.334992,0
16380,2.210411,0
16381,0.624965,0
16382,3.086067,0
16383,2.374806,0
16384,1.41663,0
16385,0.293701,0
16386,4.291489,0
16387,0.328262,0
16388,1.017162,0
16389,0.203684,0
16390,0.851748,0
16391,0.941596,0
16392,2.422282,0
16393,0.132487,0
16394,2.423631,0
16395,0.056097,0
16396,2.27245,0
16397,0.604281,0
16398,0.339775,0
16399,1.099673,0
16400,2.766411,0
16401,0.3595,0
16402,1.513368,0
16403,1.434252,0
16404,1.812715,1
16405,1.839399,0
16406,0.98125,0
16407,1.249187,0
16408,0.576212,0
16409,1.349138,0
16410,1.868215,0
16411,2.473966,0
16412,0.172958,0
16413,0.15642,0
16414,0.376884,1
16415,0.256099,0
16416,2.635353,0
16417,0.676539,0
16418,1.641537,0
16419,0.873031,0
16420,2.98982,0
16421,0.084834,0
16422,0.415159,1
16423,2.945618,1
16424,1.253066,0
16425,1.441417,0
16426,1.640205,0
16427,0.263227,0
16428,1.739793,0
16429,0.091126,0
16430,2.284625,0
16431,0.123917,0
16432,1.577929,0
16433,0.248877,0
16434,1.530525,0
16435,0.208165,1
16436,0.348734,0
16437,0.522786,0
16438,0.233323,0
16439,2.971423,0
16440,0.438739,0
16441,0.297941,0
16442,0.670798,0
16443,0.723367,0
16444,2.524042,0
16445,0.520538,0
16446,4.805495,0
16447,0.074539,0
16448,0.278957,1
16449,2.448032,0
16450,0.70809,0
16451,2.481939,0
16452,0.188665,0
16453,2.976463,0
16454,0.679217,0
16455,2.382721,0
16456,2.86362,0
16457,0.179424,0
16458,0.1545,0
16459,0.826727,1
16460,0.968129,0
16461,2.094906,0
16462,4.183323,0
16463,3.57441,1
16464,0.255521,0
16465,1.021528,0
16466,2.1099,1
16467,0.103011,0
16468,2.076948,0
16469,0.101223,0
16470,2.960808,1
16471,1.051069,0
16472,1.298891,0
16473,5.177897,1
16474,1.23656,0
16475,0.148573,0
16476,1.045677,0
16477,0.571958,0
16478,2.186319,0
16479,1.909065,0
16480,1.856788,0
16481,2.674773,0
16482,2.729974,0
16483,0.713269,0
16484,1.896006,0
16485,1.836042,0
16486,2.235283,0
16487,2.845796,1
16488,2.107954,1
16489,0.088304,0
16490,2.830324,0
16491,1.998431,0
16492,2.177763,0
16493,0.117617,0
16494,0.679852,0
16495,1.906492,0
16496,0.44389,0
16497,0.482083,0
16498,3.778929,0
16499,0.112578,0
16500,0.874943,0
16501,2.673924,0
16502,2.581676,0
16503,1.776313,0
16504,0.092353,0
16505,2.750951,0
16506,0.151625,0
16507,1.506729,0
16508,3.835982,0
16509,2.006888,0
16510,0.42891,0
16511,1.136237,0
16512,0.509008,0
16513,0.600022,0
16514,0.504371,0
16515,3.887394,0
16516,1.856815,0
16517,3.129491,0
16518,1.654257,0
16519,1.363808,0
16520,0.371608,0
16521,0.148858,0
16522,1.21018,0
16523,0.441713,0
16524,2.584918,0
16525,0.637366,0
16526,1.228767,1
16527,2.8067,1
16528,2.106547,0
16529,2.028143,0
16530,0.179616,0
16531,3.434819,0
16532,2.166053,0
16533,0.352415,0
16534,2.04668,0
16535,0.153574,0
16536,6.459403,1
16537,2.210122,0
16538,0.444571,0
16539,2.519868,0
16540,0.476463,0
16541,2.259868,0
16542,2.176474,0
16543,1.60132,0
16544,0.271521,0
16545,1.111191,0
16546,0.409345,0
16547,0.929296,1
16548,2.812389,0
16549,2.585469,0
16550,1.728331,0
16551,1.567885,0
16552,0.358777,0
16553,2.088369,0
16554,2.330705,0
16555,0.302652,0
16556,1.580077,0
16557,1.904988,0
16558,0.247761,0
16559,2.349071,0
16560,3.2264,0
16561,2.027185,0
16562,0.035817,0
16563,2.925868,0
16564,2.937147,0
16565,0.525192,1
16566,1.577271,0
16567,4.097073,0
16568,0.53413,0
16569,2.510959,0
16570,1.811133,0
16571,2.699353,0
16572,3.778359,0
16573,0.330287,0
16574,1.33271,0
16575,1.070223,0
16576,0.452954,0
16577,0.404033,0
16578,1.812205,0
16579,1.294626,0
16580,2.38446,0
16581,4.493214,1
16582,2.156711,0
16583,2.155689,0
16584,1.086776,0
16585,0.026484,0
16586,0.259884,0
16587,0.763281,0
16588,3.306856,0
16589,0.90475,1
16590,0.123564,0
16591,2.296763,0
16592,2.114634,0
16593,1.620819,0
16594,2.778785,0
16595,2.513726,0
16596,1.117713,0
16597,0.130308,0
16598,4.044141,1
16599,0.299194,0
16600,1.8398,0
16601,0.950716,0
16602,0.295843,0
16603,0.136486,0
16604,2.852545,0
16605,2.915761,0
16606,2.736107,0
16607,0.249615,0
16608,0.887802,0
16609,1.062436,0
16610,2.26437,0
16611,1.522772,0
16612,3.798128,1
16613,2.76505,0
16614,0.548254,0
16615,1.463044,0
16616,0.424034,0
16617,1.441193,0
16618,1.531634,0
16619,2.037696,1
16620,0.336722,0
16621,1.545882,0
16622,0.716067,0
16623,1.29569,0
16624,1.352744,0
16625,0.214471,1
16626,2.236069,0
16627,1.743851,0
16628,1.175634,0
16629,0.036184,0
16630,0.599589,0
16631,1.98831,0
16632,1.561645,0
16633,3.319433,1
16634,1.866894,0
16635,0.150209,0
16636,2.27752,0
16637,3.76308,0
16638,1.937737,0
16639,2.047099,1
16640,2.19594,0
16641,2.225575,0
16642,1.473395,0
16643,0.263073,0
16644,0.383842,0
16645,2.315518,0
16646,1.01896,0
16647,0.250841,0
16648,1.214065,0
16649,2.59262,0
16650,1.679155,0
16651,2.180201,0
16652,2.096731,0
16653,1.274775,0
16654,2.516314,1
16655,0.460454,0
16656,3.01277,0
16657,0.281746,0
16658,2.484208,0
16659,2.323584,0
16660,0.030263,0
16661,0.955789,0
16662,2.351354,0
16663,0.466105,0
16664,2.6807,0
16665,0.794096,0
16666,0.212623,0
16667,2.463082,0
16668,3.036156,0
16669,3.006124,0
16670,0.377294,0
16671,0.981893,0
16672,2.637614,0
16673,2.169514,0
16674,0.212929,0
16675,0.337405,0
16676,0.930468,0
16677,0.201691,0
16678,1.910966,0
16679,0.069439,0
16680,2.025675,0
16681,0.897604,0
16682,0.02427,0
16683,1.587243,0
16684,2.54084,0
16685,0.549219,0
16686,0.586655,0
16687,0.194668,0
16688,1.769562,0
16689,2.713348,0
16690,1.740371,0
16691,1.470828,0
16692,1.815741,0
16693,1.654718,0
16694,2.379782,0
16695,0.232176,0
16696,1.76908,0
16697,2.487128,0
16698,0.782754,0
16699,2.189721,1
16700,2.566712,0
16701,0.734619,0
16702,0.170889,0
16703,1.563601,0
16704,2.386926,0
16705,3.124648,1
16706,0.054922,0
16707,1.065419,0
16708,0.037085,0
16709,1.72045,0
16710,1.027032,0
16711,0.482496,0
16712,1.506507,0
16713,1.615467,0
16714,1.404817,0
16715,0.094349,0
16716,2.528379,0
16717,2.559264,0
16718,0.263203,0
16719,2.227882,0
16720,0.070288,0
16721,1.750142,0
16722,2.704877,0
16723,3.259146,0
16724,2.069468,0
16725,0.376138,0
16726,0.410238,0
16727,0.164822,0
16728,1.264032,0
16729,2.49216,0
16730,1.633895,0
16731,1.23876,0
16732,0.239679,0
16733,1.079736,0
16734,2.461917,0
16735,2.031154,0
16736,1.34733,0
16737,1.613904,1
16738,0.894857,0
16739,2.542635,0
16740,1.298142,0
16741,0.675465,0
16742,2.289372,0
16743,0.491725,0
16744,2.068336,0
16745,3.007733,0
16746,0.661223,1
16747,1.765595,0
16748,0.445594,0
16749,0.084549,0
16750,2.005066,1
16751,2.603943,0
16752,2.129918,0
16753,1.46124,0
16754,3.388908,0
16755,2.763471,1
16756,2.059524,0
16757,3.296851,0
16758,0.489338,0
16759,1.336179,0
16760,0.239369,0
16761,1.968603,0
16762,0.38121,0
16763,2.740002,0
16764,0.162828,0
16765,2.240018,0
16766,0.494468,0
16767,2.532885,0
16768,0.882244,0
16769,1.279091,1
16770,0.684742,0
16771,0.809452,0
16772,1.698535,0
16773,1.133443,0
16774,0.241286,0
16775,1.834317,0
16776,4.362593,0
16777,1.978523,0
16778,1.079554,0
16779,1.844342,0
16780,1.424608,0
16781,0.252917,0
16782,4.596056,0
16783,3.368284,0
16784,2.105021,0
16785,2.614222,1
16786,2.974723,1
16787,0.827118,0
16788,2.170271,0
16789,0.135749,0
16790,0.635038,0
16791,2.734636,0
16792,0.264772,0
16793,2.556854,0
16794,3.013941,1
16795,2.031831,0
16796,0.117933,0
16797,2.065366,0
16798,1.42016,1
16799,1.103894,0
16800,2.452765,1
16801,1.839989,0
16802,2.643329,0
16803,2.770243,0
16804,0.472734,0
16805,0.390355,0
16806,2.625034,0
16807,0.351266,0
16808,2.059629,1
16809,1.861101,0
16810,0.456028,0
16811,0.77992,1
16812,2.639052,0
16813,0.143758,0
16814,0.284436,0
16815,1.818759,0
16816,0.504643,0
16817,1.228748,0
16818,2.287795,0
16819,2.0904,0
16820,0.582571,0
16821,1.6614,0
16822,0.082528,0
16823,2.891844,0
16824,3.114482,1
16825,1.078742,0
16826,0.217657,0
16827,1.474144,0
16828,2.59279,0
16829,0.470465,0
16830,1.751149,0
16831,2.02032,0
16832,2.442293,1
16833,0.199153,0
16834,0.308605,0
16835,2.64504,0
16836,0.594117,0
16837,2.019863,0
16838,0.399529,1
16839,0.336392,0
16840,0.195301,0
16841,1.589774,0
16842,0.675609,0
16843,0.127802,0
16844,0.247265,0
16845,1.061232,0
16846,1.798968,0
16847,2.424712,0
16848,1.845893,0
16849,2.933004,0
16850,1.805751,0
16851,1.366355,0
16852,1.454569,0
16853,2.541499,0
16854,1.075429,0
16855,2.047246,0
16856,2.589445,0
16857,2.910715,0
16858,0.068981,0
16859,0.101736,0
16860,3.612272,0
16861,0.074854,0
16862,0.900161,0
16863,0.866075,0
16864,0.29278,0
16865,2.996024,1
16866,1.576828,0
16867,2.0589,0
16868,3.315638,0
16869,3.842496,0
16870,0.144178,0
16871,0.655183,1
16872,1.450283,0
16873,3.65775,0
16874,0.043152,0
16875,2.583018,0
16876,0.561699,0
16877,2.026408,0
16878,1.40573,0
16879,1.774169,0
16880,1.474674,1
16881,0.575085,0
16882,2.870611,0
16883,2.032754,0
16884,1.762713,0
16885,2.479763,0
16886,1.838444,0
16887,0.11946,0
16888,2.34084,0
16889,2.234689,0
16890,0.621101,0
16891,2.459023,0
16892,1.194146,0
16893,0.12105,0
16894,2.357719,0
16895,0.559005,0
16896,0.237725,0
16897,2.571453,0
16898,1.669557,0
16899,2.111356,0
16900,2.97042,0
16901,0.385918,0
16902,2.153201,0
16903,1.034942,0
16904,0.408961,0
16905,2.012283,1
16906,0.165805,0
16907,1.493381,0
16908,3.241911,0
16909,0.632709,0
16910,3.010317,1
16911,0.409267,0
16912,1.373431,0
16913,1.823716,0
16914,0.280205,0
16915,1.346265,0
16916,0.756863,0
16917,0.435117,0
16918,1.590752,0
16919,0.166995,0
16920,1.608201,0
16921,2.446467,0
16922,1.787659,0
16923,1.041197,0
16924,0.118211,0
16925,0.314428,1
16926,4.581004,0
16927,4.225213,1
16928,0.255917,1
16929,0.338786,0
16930,0.619424,0
16931,0.446104,0
16932,2.970012,0
16933,1.94952,0
16934,0.18785,0
16935,1.953153,0
16936,3.436046,0
16937,0.121535,0
16938,2.392966,0
16939,1.275259,0
16940,0.272866,0
16941,1.000824,0
16942,1.439275,0
16943,2.14315,0
16944,4.013144,0
16945,2.538083,0
16946,2.252526,0
16947,0.507413,0
16948,2.634456,1
16949,1.508556,0
16950,0.045204,0
16951,0.100666,0
16952,1.820702,1
16953,1.865322,0
16954,2.499521,1
16955,1.096724,0
16956,1.673037,0
16957,0.663794,1
16958,3.153359,0
16959,3.101318,1
16960,1.163217,0
16961,0.05703,0
16962,3.24195,0
16963,0.128131,0
16964,2.89894,0
16965,2.174471,0
16966,4.07183,0
16967,1.318924,0
16968,1.396823,0
16969,2.546126,1
16970,0.356151,0
16971,0.819446,0
16972,1.40457,0
16973,3.178185,0
16974,1.247069,0
16975,1.802662,0
16976,0.542877,0
16977,1.116335,0
16978,1.260178,0
16979,1.922127,1
16980,1.133087,0
16981,3.118722,0
16982,3.109284,0
16983,0.402232,0
16984,2.771139,0
16985,0.842868,0
16986,1.167983,0
16987,3.510015,0
16988,1.551362,0
16989,2.672544,0
16990,2.006119,0
16991,2.266681,0
16992,1.96065,0
16993,3.963471,0
16994,3.052983,0
16995,0.990195,0
16996,0.072082,0
16997,1.694654,0
16998,0.33457,0
16999,2.609984,0
17000,0.481487,0
17001,0.883805,0
17002,0.244682,0
17003,3.859494,0
17004,1.563386,0
17005,2.955517,0
17006,2.714808,0
17007,1.567493,0
17008,1.18646,0
17009,0.65567,0
17010,3.329835,0
17011,1.625116,0
17012,0.639613,0
17013,0.501853,0
17014,3.089303,0
17015,0.068556,0
17016,1.275245,0
17017,0.124346,0
17018,0.305276,0
17019,2.14628,0
17020,2.770838,0
17021,2.307811,0
17022,1.195311,0
17023,0.768383,0
17024,2.301814,0
17025,1.323984,0
17026,0.330309,0
17027,1.001905,0
17028,2.845777,0
17029,0.801277,0
17030,2.74773,0
17031,0.341635,0
17032,3.613209,0
17033,0.308373,0
17034,0.114927,0
17035,2.022178,0
17036,0.397317,0
17037,3.671039,0
17038,0.814305,0
17039,1.928193,0
17040,0.832891,0
17041,1.545727,0
17042,0.627132,0
17043,0.754866,0
17044,2.899227,0
17045,0.753352,0
17046,2.834138,0
17047,1.05102,0
17048,1.01221,0
17049,2.567931,1
17050,3.326011,1
17051,0.219256,0
17052,0.891923,0
17053,1.1059,1
17054,0.108555,0
17055,0.237255,1
17056,2.581215,0
17057,2.761383,0
17058,2.500975,0
17059,2.933065,0
17060,3.191931,0
17061,0.248392,0
17062,0.198082,0
17063,2.488419,0
17064,2.050958,0
17065,1.286035,0
17066,0.610092,0
17067,1.833248,0
17068,1.679773,0
17069,1.968299,0
17070,2.31461,0
17071,4.060616,0
17072,0.223238,0
17073,2.639004,1
17074,0.810062,0
17075,3.480144,1
17076,0.658852,0
17077,1.926476,1
17078,2.445354,0
17079,0.368142,1
17080,0.182955,0
17081,0.139919,0
17082,2.538977,0
17083,1.18856,0
17084,1.066674,0
17085,1.358001,0
17086,2.351375,1
17087,3.102195,0
17088,3.152858,0
17089,0.011032,0
17090,2.080812,0
17091,1.171375,0
17092,2.063781,0
17093,0.187442,0
17094,0.661057,0
17095,1.578231,0
17096,2.498053,0
17097,3.524456,1
17098,0.91471,0
17099,2.683861,0
17100,0.414793,0
17101,1.144482,0
17102,2.928567,0
17103,2.879118,1
17104,0.288145,0
17105,0.487359,1
17106,1.61677,0
17107,1.943808,0
17108,0.372398,0
17109,0.783235,0
17110,0.203345,0
17111,2.760983,0
17112,2.304091,0
17113,0.80951,0
17114,0.3642,0
17115,3.584553,0
17116,1.575141,0
17117,0.411495,0
17118,0.740452,0
17119,2.716507,0
17120,3.505105,0
17121,3.132874,0
17122,1.338463,0
17123,0.110635,0
17124,0.120121,0
17125,0.300091,0
17126,0.91324,0
17127,0.214436,0
17128,0.377329,0
17129,3.392456,0
17130,2.055694,0
17131,0.899187,0
17132,3.357454,0
17133,2.809335,1
17134,0.909832,0
17135,0.05879,0
17136,2.363405,0
17137,2.725832,0
17138,2.505979,0
17139,2.18438,0
17140,3.45035,0
17141,0.245439,0
17142,0.31657,0
17143,1.09458,0
17144,3.51247,0
17145,0.112246,0
17146,2.223862,0
17147,2.53736,0
17148,3.950417,0
17149,1.140642,0
17150,0.274118,0
17151,1.399594,0
17152,4.498855,0
17153,1.46461,0
17154,0.170463,0
17155,0.536015,0
17156,0.367899,0
17157,1.409525,1
17158,2.708114,0
17159,2.153795,0
17160,2.570234,0
17161,2.692398,0
17162,3.599631,1
17163,2.668804,0
17164,0.11692,0
17165,2.004302,0
17166,1.520292,0
17167,0.145881,0
17168,1.570141,0
17169,2.497079,0
17170,1.569583,1
17171,0.040423,0
17172,2.278409,0
17173,1.385932,0
17174,0.864257,0
17175,4.094653,0
17176,0.353109,0
17177,1.008133,0
17178,0.207754,0
17179,1.238313,0
17180,0.607473,0
17181,0.984436,0
17182,4.422781,1
17183,1.999884,0
17184,0.094515,0
17185,3.170504,0
17186,2.028716,0
17187,0.599137,0
17188,2.700376,0
17189,1.623638,0
17190,3.460509,0
17191,2.001233,0
17192,2.272668,1
17193,1.627121,0
17194,3.555094,0
17195,0.671469,0
17196,1.921891,1
17197,0.751071,0
17198,1.890587,0
17199,0.477571,0
17200,0.393783,0
17201,0.20053,0
17202,3.919395,0
17203,1.034405,0
17204,0.379678,0
17205,1.745856,0
17206,0.257385,0
17207,0.570068,0
17208,1.251107,0
17209,0.294225,0
17210,0.233094,0
17211,1.691237,1
17212,0.18135,0
17213,1.364925,0
17214,0.589372,0
17215,0.198736,0
17216,2.778458,0
17217,2.388931,0
17218,0.159583,0
17219,3.359379,0
17220,2.304794,0
17221,2.591394,1
17222,2.030723,0
17223,0.034434,0
17224,2.010982,1
17225,3.260278,1
17226,1.475149,0
17227,0.552183,0
17228,2.073539,0
17229,3.862492,0
17230,3.899062,0
17231,0.402789,0
17232,1.062988,0
17233,0.586932,0
17234,0.259706,0
17235,2.739075,0
17236,1.328007,0
17237,0.518541,0
17238,0.52747,0
17239,0.177915,0
17240,0.09305,0
17241,0.580745,0
17242,4.331205,1
17243,2.88388,0
17244,1.343776,0
17245,2.634645,0
17246,2.219423,0
17247,1.736666,0
17248,1.90218,0
17249,0.265601,0
17250,0.132287,0
17251,0.041331,0
17252,0.367932,0
17253,3.877814,0
17254,1.571353,0
17255,2.42616,0
17256,0.29971,0
17257,3.612489,0
17258,1.27832,0
17259,0.064362,0
17260,0.264876,0
17261,2.124134,0
17262,2.126622,0
17263,0.568217,0
17264,0.138539,0
17265,1.404972,0
17266,1.358292,0
17267,1.105817,0
17268,0.347764,0
17269,0.376787,0
17270,1.695083,0
17271,0.930694,0
17272,0.447589,0
17273,0.419869,0
17274,3.500764,0
17275,0.937002,0
17276,0.20231,0
17277,0.467482,0
17278,3.340399,0
17279,0.190488,0
17280,1.897814,0
17281,2.182393,0
17282,0.158202,0
17283,0.453593,0
17284,0.124265,0
17285,0.234505,0
17286,2.598542,1
17287,1.491703,0
17288,3.441265,0
17289,1.611142,0
17290,0.494181,0
17291,0.524263,0
17292,0.04787,0
17293,2.055588,0
17294,2.075812,1
17295,1.874645,1
17296,3.470749,0
17297,2.038987,0
17298,0.745211,0
17299,0.706058,0
17300,0.671076,0
17301,2.578357,0
17302,1.241421,0
17303,1.74932,0
17304,0.227135,0
17305,2.77546,0
17306,0.028462,0
17307,3.049446,0
17308,2.334023,0
17309,1.890057,0
17310,3.438498,1
17311,0.832103,0
17312,0.304819,0
17313,0.251225,0
17314,1.263349,0
17315,0.597144,0
17316,2.018133,0
17317,1.976307,0
17318,3.065206,0
17319,1.917246,0
17320,2.982343,0
17321,3.498279,0
17322,2.845071,0
17323,0.28561,0
17324,2.545805,0
17325,0.498661,0
17326,1.374487,1
17327,0.304611,0
17328,3.777473,0
17329,0.334434,0
17330,1.337915,0
17331,1.832575,1
17332,0.201244,0
17333,0.953296,0
17334,3.132046,0
17335,2.471592,0
17336,2.240465,0
17337,2.223511,0
17338,0.410389,1
17339,0.304787,0
17340,0.093042,0
17341,0.524194,0
17342,0.315461,0
17343,1.919137,1
17344,2.183153,0
17345,0.153705,0
17346,3.556358,0
17347,0.215438,0
17348,2.636065,0
17349,2.437182,0
17350,2.415702,0
17351,0.903583,1
17352,0.946952,0
17353,2.664271,1
17354,0.110251,0
17355,1.515091,0
17356,2.228353,0
17357,0.856832,1
17358,0.077368,0
17359,0.436761,0
17360,0.291178,0
17361,1.345737,0
17362,0.337039,0
17363,0.011417,0
17364,1.756208,0
17365,1.466247,0
17366,1.813598,0
17367,2.784393,1
17368,2.632559,0
17369,1.585267,0
17370,1.260906,0
17371,0.878428,0
17372,1.427054,0
17373,1.303388,1
17374,1.019898,0
17375,0.417073,0
17376,1.201404,0
17377,0.706149,0
17378,1.767591,0
17379,2.211771,0
17380,0.932992,0
17381,2.021355,1
17382,2.092814,0
17383,2.019455,0
17384,4.08572,0
17385,3.096433,1
17386,3.150188,0
17387,1.42498,0
17388,2.461658,0
17389,0.678868,0
17390,2.876522,0
17391,0.258851,0
17392,1.631584,0
17393,0.178569,0
17394,1.498331,1
17395,0.412234,0
17396,0.655003,0
17397,4.181237,0
17398,0.991461,0
17399,0.092084,0
17400,0.271693,0
17401,1.132605,0
17402,1.702853,0
17403,0.724522,0
17404,0.712443,0
17405,0.261239,0
17406,1.616845,0
17407,2.727177,0
17408,1.386085,0
17409,1.77226,0
17410,2.689815,0
17411,2.479059,0
17412,0.476465,0
17413,1.54148,0
17414,0.21318,0
17415,0.603548,0
17416,1.807913,0
17417,3.667541,0
17418,1.970994,1
17419,0.435643,0
17420,2.019427,0
17421,0.668959,1
17422,0.497013,0
17423,1.861857,0
17424,2.069199,1
17425,0.051474,0
17426,1.396491,0
17427,1.246011,0
17428,3.839922,0
17429,4.180133,1
17430,0.525282,0
17431,2.250094,0
17432,3.121976,0
17433,0.969871,0
17434,2.397707,0
17435,0.035862,0
17436,4.294788,0
17437,0.82622,0
17438,3.089673,1
17439,2.280903,0
17440,2.846115,0
17441,2.65534,0
17442,1.868705,0
17443,2.140346,0
17444,1.990726,0
17445,0.061455,0
17446,0.005205,0
17447,1.461476,0
17448,0.42756,0
17449,1.266733,0
17450,1.42385,0
17451,0.374164,0
17452,0.493499,0
17453,1.116781,0
17454,0.451291,0
17455,2.732353,0
17456,2.289102,1
17457,0.44492,0
17458,2.185241,0
17459,3.829667,0
17460,0.182374,0
17461,0.462494,0
17462,3.958699,0
17463,1.670304,0
17464,3.16554,0
17465,1.104064,0
17466,1.795792,0
17467,0.424707,0
17468,0.218865,0
17469,2.136111,0
17470,0.32669,0
17471,2.559128,0
17472,2.869064,0
17473,1.349049,1
17474,3.469278,0
17475,0.056323,0
17476,2.066025,0
17477,3.504159,0
17478,1.466942,0
17479,0.781639,0
17480,1.344177,0
17481,2.019957,0
17482,2.813787,0
17483,1.756022,1
17484,0.450042,1
17485,2.288785,0
17486,0.184637,0
17487,1.252685,0
17488,0.57115,0
17489,1.507378,0
17490,0.288205,0
17491,2.811679,0
17492,0.825755,0
17493,2.138204,1
17494,0.876501,0
17495,3.059442,0
17496,2.119049,0
17497,1.467911,0
17498,1.910962,0
17499,0.138809,0
17500,2.519145,0
17501,0.20862,0
17502,1.342915,0
17503,0.035684,0
17504,0.642762,0
17505,1.412187,0
17506,1.232491,0
17507,0.259872,0
17508,2.394803,0
17509,3.480804,0
17510,2.193366,0
17511,0.590324,0
17512,0.793445,0
17513,3.950286,0
17514,2.423556,0
17515,1.705169,0
17516,4.092814,0
17517,2.052315,0
17518,0.647454,0
17519,0.554933,0
17520,2.474044,0
17521,0.020904,0
17522,1.716977,0
17523,4.352729,0
17524,1.037364,1
17525,2.348834,0
17526,2.746502,0
17527,3.635484,0
17528,3.130858,1
17529,0.273788,0
17530,1.453079,0
17531,0.038562,0
17532,0.980637,0
17533,2.660247,1
17534,2.089781,0
17535,1.152572,0
17536,1.039928,0
17537,1.953673,0
17538,0.213691,0
17539,0.097746,0
17540,0.116039,0
17541,1.380829,0
17542,2.15401,0
17543,0.563848,0
17544,3.504891,0
17545,1.522715,0
17546,0.03717,0
17547,2.946928,0
17548,1.089641,0
17549,1.391647,0
17550,1.224199,0
17551,1.312919,0
17552,3.01329,0
17553,0.797605,0
17554,1.876799,0
17555,3.030969,0
17556,0.555759,0
17557,0.426105,0
17558,3.210568,0
17559,2.099703,1
17560,1.874397,0
17561,0.242406,0
17562,4.19644,1
17563,4.034378,0
17564,2.369591,0
17565,1.724737,1
17566,1.90939,0
17567,0.63911,0
17568,0.289364,0
17569,2.773499,1
17570,2.037412,0
17571,0.110866,0
17572,0.468743,0
17573,2.050867,0
17574,1.421912,0
17575,1.254981,0
17576,0.620969,0
17577,0.831713,0
17578,0.39242,1
17579,0.491268,0
17580,0.024819,0
17581,0.133044,0
17582,2.762129,0
17583,0.293804,0
17584,1.94724,0
17585,2.123502,1
17586,0.109128,0
17587,0.04235,0
17588,1.143499,0
17589,2.670179,0
17590,0.147917,0
17591,2.506152,0
17592,0.522273,0
17593,0.780873,1
17594,1.954207,1
17595,2.005595,0
17596,0.065133,0
17597,1.239392,0
17598,1.90292,1
17599,2.467911,0
17600,1.971912,0
17601,0.733169,0
17602,2.074654,0
17603,2.250356,0
17604,2.184664,0
17605,1.013172,0
17606,1.736691,0
17607,0.365132,0
17608,0.200654,0
17609,0.876151,0
17610,0.050515,0
17611,1.642032,0
17612,2.091052,0
17613,2.700473,0
17614,1.383254,0
17615,2.129316,0
17616,0.875774,0
17617,3.472121,0
17618,2.018123,1
17619,0.611976,0
17620,1.845439,0
17621,0.291066,0
17622,4.128736,0
17623,2.114694,0
17624,3.633408,0
17625,0.373419,0
17626,0.042013,0
17627,2.160396,0
17628,1.424796,0
17629,0.117178,0
17630,1.262905,0
17631,1.519663,0
17632,0.081265,0
17633,3.039109,1
17634,2.660004,0
17635,0.350189,0
17636,0.143503,0
17637,3.600625,0
17638,2.01051,0
17639,0.591462,0
17640,0.549702,0
17641,2.803238,0
17642,0.292472,0
17643,3.459963,0
17644,2.136312,0
17645,1.693354,0
17646,2.2301,0
17647,1.98786,0
17648,0.903079,0
17649,1.927967,0
17650,1.662892,0
17651,4.078104,1
17652,1.543847,0
17653,0.716665,0
17654,0.626655,0
17655,2.166673,0
17656,1.534883,0
17657,3.509223,0
17658,1.874397,0
17659,0.97806,0
17660,1.873512,0
17661,0.523265,0
17662,0.932812,0
17663,0.228746,0
17664,1.254789,0
17665,2.643956,0
17666,1.097344,0
17667,0.111173,0
17668,2.507712,0
17669,2.654648,0
17670,3.061144,1
17671,1.914877,0
17672,2.17127,1
17673,0.534106,0
17674,0.336224,0
17675,1.51038,0
17676,2.714202,0
17677,0.322935,0
17678,0.754575,0
17679,1.37047,0
17680,0.157341,0
17681,0.276083,0
17682,1.473238,0
17683,2.506471,0
17684,2.099803,0
17685,0.966007,0
17686,0.378414,0
17687,0.072398,0
17688,3.010564,0
17689,1.475749,0
17690,2.624928,0
17691,1.000891,1
17692,0.909469,0
17693,1.766045,0
17694,1.131286,0
17695,0.801735,0
17696,1.304266,0
17697,3.017023,0
17698,2.221477,0
17699,2.247368,0
17700,0.845895,0
17701,0.48687,0
17702,0.090569,0
17703,2.82862,0
17704,1.505793,1
17705,2.384507,0
17706,0.872133,0
17707,0.790001,0
17708,0.588589,0
17709,1.997018,0
17710,0.398081,0
17711,0.205396,0
17712,0.098409,0
17713,2.255163,0
17714,2.466465,0
17715,1.879581,0
17716,0.318032,0
17717,0.937019,0
17718,3.225494,0
17719,0.770543,0
17720,1.236129,0
17721,1.759029,0
17722,0.029051,0
17723,0.434442,0
17724,1.865077,0
17725,2.845564,1
17726,0.914034,0
17727,2.277188,0
17728,1.623716,0
17729,2.123698,0
17730,1.035089,0
17731,2.935668,0
17732,2.061067,0
17733,0.655403,0
17734,2.493463,0
17735,0.099948,0
17736,0.287723,0
17737,2.500787,0
17738,0.37105,0
17739,0.38732,0
17740,1.617314,0
17741,1.162947,1
17742,0.107705,0
17743,1.118616,0
17744,2.064977,0
17745,1.372088,0
17746,1.018978,0
17747,1.185225,0
17748,2.081999,0
17749,3.978279,0
17750,0.122064,0
17751,2.994238,0
17752,1.917347,0
17753,0.936935,0
17754,0.876214,0
17755,0.671168,0
17756,1.223213,0
17757,2.410936,1
17758,2.625654,0
17759,1.911777,0
17760,1.802786,0
17761,2.154834,0
17762,2.290365,0
17763,1.251338,0
17764,0.90481,0
17765,2.902875,0
17766,1.772981,0
17767,2.818449,0
17768,2.814713,1
17769,1.802656,0
17770,0.261767,1
17771,2.215075,1
17772,1.013137,0
17773,1.825103,0
17774,2.252996,0
17775,0.551728,0
17776,2.646299,0
17777,2.222037,0
17778,1.962204,0
17779,3.49186,0
17780,1.155047,0
17781,2.38537,0
17782,1.799626,0
17783,0.149335,0
17784,2.952727,0
17785,0.730537,0
17786,1.881651,0
17787,3.479834,0
17788,3.016559,0
17789,0.546891,0
17790,0.923541,0
17791,2.144379,1
17792,3.250393,1
17793,1.732777,0
17794,1.505654,0
17795,1.098608,1
17796,3.434541,0
17797,1.08905,0
17798,0.045952,1
17799,0.990334,0
17800,2.124489,1
17801,0.577662,0
17802,2.072584,0
17803,1.742333,0
17804,0.225311,0
17805,3.01519,0
17806,0.094086,0
17807,2.606632,1
17808,0.381379,0
17809,0.188015,0
17810,0.050392,0
17811,1.497973,0
17812,1.65106,0
17813,0.59463,1
17814,0.027419,0
17815,1.931522,0
17816,0.615691,0
17817,2.638877,0
17818,1.593603,0
17819,1.283118,0
17820,1.82529,0
17821,2.052302,0
17822,1.57276,0
17823,1.02384,1
17824,1.727241,1
17825,1.482396,0
17826,2.270993,0
17827,0.207059,0
17828,3.702232,0
17829,0.109468,0
17830,1.160598,0
17831,2.071548,0
17832,1.344419,0
17833,0.064764,1
17834,0.667199,0
17835,2.100513,0
17836,2.395673,1
17837,3.922042,0
17838,1.047437,0
17839,1.321471,0
17840,1.116688,1
17841,2.076023,1
17842,0.24669,0
17843,0.496072,0
17844,0.45391,0
17845,0.17351,0
17846,0.512588,0
17847,2.164261,0
17848,2.442224,0
17849,1.482815,0
17850,3.981926,0
17851,1.637417,0
17852,2.583246,1
17853,2.792177,0
17854,0.222324,0
17855,0.088477,0
17856,0.40696,0
17857,0.102215,0
17858,2.315163,0
17859,5.048162,0
17860,0.298334,0
17861,0.224345,0
17862,2.534759,1
17863,2.835777,0
17864,1.833306,0
17865,1.877959,0
17866,0.797669,0
17867,2.21801,0
17868,0.405892,0
17869,2.921054,0
17870,3.016729,0
17871,0.912591,0
17872,0.980191,0
17873,0.422066,0
17874,0.438455,0
17875,0.745896,0
17876,0.081807,0
17877,0.187988,0
17878,1.702024,0
17879,0.134333,0
17880,1.012855,0
17881,1.755386,0
17882,2.804735,0
17883,2.237992,0
17884,2.779977,0
17885,0.561477,0
17886,0.531597,0
17887,1.404622,0
17888,0.344277,0
17889,2.937405,1
17890,5.481721,0
17891,2.993988,0
17892,2.027361,0
17893,1.725476,0
17894,2.352175,0
17895,2.01729,0
17896,3.268176,1
17897,4.151759,1
17898,0.280419,0
17899,4.596046,0
17900,0.15534,0
17901,1.690928,0
17902,2.929029,0
17903,2.40935,0
17904,1.014334,0
17905,0.28897,0
17906,1.579574,0
17907,2.916375,0
17908,1.825437,0
17909,0.704219,0
17910,3.772886,0
17911,2.935688,0
17912,0.092715,0
17913,1.902875,0
17914,0.863633,1
17915,0.946966,0
17916,1.147388,0
17917,0.151864,0
17918,3.740807,0
17919,1.974002,0
17920,0.345182,0
17921,0.225361,0
17922,0.770444,0
17923,0.578142,0
17924,3.230816,0
17925,0.7801,0
17926,1.804343,0
17927,0.43272,0
17928,1.857617,0
17929,0.593433,0
17930,2.393628,0
17931,1.845057,0
17932,1.735926,0
17933,0.498039,1
17934,2.460034,1
17935,0.741951,0
17936,0.671981,0
17937,2.288983,0
17938,1.057306,0
17939,0.133873,0
17940,0.164807,0
17941,3.684565,0
17942,2.814584,1
17943,1.87749,0
17944,1.979837,0
17945,6.444099,1
17946,0.354848,0
17947,2.430716,0
17948,1.75086,1
17949,0.229114,0
17950,1.115203,0
17951,1.95121,0
17952,0.357434,0
17953,2.667612,0
17954,5.264857,0
17955,1.294273,0
17956,2.697535,0
17957,0.963706,0
17958,2.736667,1
17959,0.473842,0
17960,2.551691,0
17961,1.786048,0
17962,0.211545,0
17963,0.392277,0
17964,0.606889,0
17965,0.323449,0
17966,1.242668,0
17967,1.369201,0
17968,0.007497,0
17969,0.332079,0
17970,0.68605,0
17971,0.979714,0
17972,3.573342,1
17973,0.048427,0
17974,0.469065,0
17975,2.305739,0
17976,0.498935,0
17977,0.037124,0
17978,1.723941,1
17979,0.693737,0
17980,1.023971,0
17981,2.830217,1
17982,1.829066,0
17983,2.317276,0
17984,0.308387,0
17985,1.584023,0
17986,0.303451,0
17987,1.773545,0
17988,1.495714,0
17989,2.086454,0
17990,2.560264,0
17991,2.351233,0
17992,2.081414,0
17993,0.013335,0
17994,0.575637,0
17995,0.323427,0
17996,2.665306,1
17997,3.350298,0
17998,0.094224,0
17999,2.13987,0
18000,1.262487,0
18001,1.545366,0
18002,2.063878,0
18003,1.389544,0
18004,1.373892,0
18005,0.158929,0
18006,0.688582,0
18007,0.291313,0
18008,0.597893,0
18009,2.256962,0
18010,1.605491,0
18011,0.045409,0
18012,2.718369,0
18013,0.24443,0
18014,3.078682,0
18015,0.21835,0
18016,2.345982,0
18017,0.193736,1
18018,1.478375,0
18019,0.242058,0
18020,2.311811,0
18021,1.63302,0
18022,1.383939,0
18023,2.340937,0
18024,1.529695,0
18025,1.69206,0
18026,0.047387,0
18027,0.066796,1
18028,2.438346,0
18029,2.038702,0
18030,2.016094,0
18031,3.08882,0
18032,2.597482,1
18033,0.217449,0
18034,2.213575,0
18035,0.233559,0
18036,0.397927,0
18037,0.687623,1
18038,1.94239,1
18039,0.222615,0
18040,1.380156,0
18041,0.175042,0
18042,1.780753,0
18043,2.800174,0
18044,2.568369,0
18045,2.420017,0
18046,0.536097,0
18047,2.488902,0
18048,1.437934,0
18049,2.322173,0
18050,1.011161,0
18051,0.08754,0
18052,1.804805,1
18053,0.259624,0
18054,0.891549,0
18055,0.221484,0
18056,3.025384,1
18057,0.257515,0
18058,4.232501,0
18059,0.85729,0
18060,0.346624,0
18061,2.762608,0
18062,2.714816,0
18063,0.033968,0
18064,0.997019,0
18065,0.297601,0
18066,0.547109,0
18067,3.923936,0
18068,0.078135,0
18069,1.351358,0
18070,0.184472,0
18071,0.129118,0
18072,0.343986,0
18073,2.041827,0
18074,0.066332,0
18075,1.394997,0
18076,2.97266,0
18077,0.173036,0
18078,0.909328,0
18079,0.595582,0
18080,0.06967,0
18081,0.297454,0
18082,0.621135,0
18083,1.567214,0
18084,1.852699,0
18085,1.743684,0
18086,0.955911,0
18087,1.977221,0
18088,0.181521,0
18089,0.050583,0
18090,0.391135,0
18091,1.518046,0
18092,2.687713,0
18093,2.577021,0
18094,2.064672,0
18095,3.985617,0
18096,1.497318,1
18097,0.126117,0
18098,0.409097,0
18099,1.44597,0
18100,1.918642,0
18101,2.433957,1
18102,0.061405,0
18103,2.016434,1
18104,2.793034,0
18105,1.355208,1
18106,0.359998,0
18107,0.146777,0
18108,0.324809,1
18109,0.515899,0
18110,0.479136,0
18111,0.299139,0
18112,1.49571,0
18113,1.105784,0
18114,1.291386,1
18115,0.655299,1
18116,1.420108,0
18117,0.557007,0
18118,0.261335,0
18119,0.877918,0
18120,0.286203,0
18121,1.324685,0
18122,1.383151,0
18123,1.323902,0
18124,0.278341,0
18125,3.276669,0
18126,0.630112,0
18127,2.030409,0
18128,1.850326,1
18129,0.0424,0
18130,3.832034,0
18131,0.29011,0
18132,3.31001,0
18133,1.406888,0
18134,2.189323,0
18135,3.012038,0
18136,2.525575,1
18137,1.441219,0
18138,1.127781,0
18139,0.24423,0
18140,0.038961,0
18141,2.08479,0
18142,1.556682,0
18143,3.306504,0
18144,1.808616,0
18145,1.762327,0
18146,1.190042,0
18147,0.119744,0
18148,2.367156,0
18149,1.235332,0
18150,0.411696,0
18151,2.651777,1
18152,2.459716,0
18153,0.708454,0
18154,0.272123,0
18155,2.392863,0
18156,1.463519,0
18157,3.303359,0
18158,2.388227,0
18159,2.287466,0
18160,1.993069,0
18161,1.883785,0
18162,3.200579,0
18163,0.637887,0
18164,3.200357,1
18165,0.206052,0
18166,1.512811,0
18167,3.413708,0
18168,0.495,0
18169,0.201036,0
18170,2.390945,0
18171,0.674671,0
18172,1.505741,0
18173,2.397111,0
18174,0.016078,0
18175,2.486066,1
18176,2.935459,0
18177,2.861704,0
18178,2.663122,0
18179,1.220815,0
18180,0.264501,0
18181,2.930251,0
18182,1.138144,0
18183,0.616249,0
18184,3.076685,0
18185,0.305173,1
18186,0.323658,0
18187,2.948031,0
18188,0.456455,0
18189,2.616827,0
18190,0.401892,0
18191,2.112041,0
18192,1.063795,1
18193,1.743369,0
18194,0.186343,0
18195,0.552275,1
18196,1.27464,0
18197,0.101998,0
18198,2.558258,1
18199,1.3422,0
18200,0.133746,0
18201,0.054636,0
18202,0.204785,0
18203,2.136914,0
18204,0.074287,0
18205,1.657144,0
18206,0.790828,0
18207,2.649275,0
18208,1.766695,0
18209,2.547146,0
18210,0.645899,0
18211,1.390134,1
18212,2.176446,0
18213,0.144513,0
18214,0.354821,0
18215,2.711934,0
18216,0.145159,0
18217,0.666647,0
18218,0.363519,0
18219,0.379873,1
18220,0.109856,0
18221,2.106992,0
18222,2.671175,0
18223,0.35131,0
18224,4.101564,0
18225,1.646126,0
18226,1.980044,1
18227,0.091618,0
18228,0.290945,0
18229,1.487409,0
18230,2.136908,0
18231,1.171406,0
18232,1.854093,0
18233,1.894773,0
18234,2.400708,0
18235,2.444292,0
18236,2.896145,0
18237,2.086135,0
18238,1.013001,0
18239,2.260005,0
18240,2.078301,0
18241,1.772707,0
18242,1.385485,0
18243,0.339981,0
18244,0.275632,0
18245,3.095963,0
18246,0.225174,0
18247,2.699878,0
18248,0.860202,0
18249,0.49965,0
18250,1.450364,0
18251,1.025708,0
18252,2.570015,1
18253,0.776025,0
18254,2.654384,0
18255,2.734208,0
18256,0.179284,0
18257,1.601253,0
18258,1.035088,0
18259,1.721483,0
18260,1.476923,0
18261,2.972867,0
18262,3.157821,0
18263,0.281297,0
18264,1.935042,0
18265,0.412404,0
18266,0.468646,0
18267,2.315422,0
18268,0.207032,0
18269,0.495406,0
18270,3.39511,0
18271,2.027102,0
18272,1.384069,0
18273,0.197133,0
18274,0.202681,0
18275,0.120683,0
18276,2.217813,0
18277,0.736833,0
18278,0.670113,0
18279,0.07113,0
18280,0.415035,0
18281,0.214879,0
18282,1.838509,0
18283,1.22313,0
18284,1.05656,0
18285,0.858387,0
18286,1.116407,0
18287,2.888805,0
18288,0.213299,0
18289,2.709995,1
18290,0.289866,0
18291,2.458918,0
18292,1.44439,0
18293,0.647559,0
18294,0.408813,0
18295,0.092606,0
18296,1.633656,0
18297,1.976416,0
18298,2.375865,0
18299,0.13465,0
18300,0.222504,0
18301,2.27773,0
18302,1.459753,1
18303,1.082651,0
18304,1.107314,0
18305,0.070914,0
18306,2.477746,0
18307,2.642659,0
18308,0.50921,0
18309,1.91497,0
18310,2.669358,0
18311,0.734321,0
18312,0.200943,0
18313,0.160425,0
18314,0.246473,0
18315,1.843088,0
18316,0.416221,0
18317,0.070431,0
18318,3.853191,1
18319,2.227336,0
18320,2.994112,0
18321,1.273427,0
18322,2.853815,0
18323,2.286976,0
18324,3.324886,0
18325,1.196515,0
18326,1.2305,0
18327,1.359757,0
18328,1.332453,0
18329,2.169253,0
18330,3.269649,0
18331,0.34894,0
18332,1.037906,0
18333,2.353676,0
18334,0.040757,0
18335,1.029613,0
18336,1.832664,0
18337,0.088239,0
18338,0.142934,0
18339,0.472214,0
18340,1.883679,0
18341,1.78465,0
18342,2.373802,1
18343,0.32543,0
18344,2.80307,1
18345,1.902325,0
18346,3.914198,0
18347,0.296637,0
18348,2.225267,0
18349,1.666738,0
18350,0.883523,0
18351,3.503112,0
18352,1.103902,0
18353,3.707433,0
18354,1.396106,0
18355,1.129779,0
18356,2.717646,1
18357,0.663174,0
18358,1.984084,1
18359,0.244044,0
18360,2.239508,0
18361,2.242746,0
18362,0.386323,0
18363,1.019992,0
18364,2.33959,0
18365,2.1016,0
18366,3.471673,0
18367,2.582736,0
18368,0.303175,0
18369,0.145365,0
18370,0.709087,0
18371,0.259484,0
18372,2.009743,0
18373,2.820076,0
18374,1.223433,0
18375,0.653415,0
18376,0.548035,0
18377,3.036463,1
18378,0.151782,0
18379,0.220865,0
18380,2.274677,1
18381,0.812538,0
18382,0.616819,0
18383,1.861663,0
18384,0.703536,0
18385,1.548579,0
18386,0.293112,0
18387,1.081524,0
18388,1.76795,0
18389,1.023871,1
18390,0.247211,0
18391,0.61156,0
18392,1.068422,0
18393,1.229234,0
18394,0.995295,0
18395,1.838589,1
18396,1.597973,1
18397,2.342217,1
18398,1.241495,0
18399,0.601044,0
18400,0.709813,0
18401,1.25438,0
18402,3.096507,0
18403,1.352478,0
18404,2.957687,0
18405,1.083526,0
18406,0.106425,0
18407,1.080953,0
18408,2.280998,0
18409,1.841669,0
18410,2.412684,0
18411,3.410046,0
18412,1.995012,1
18413,1.887514,0
18414,1.570836,0
18415,2.209477,0
18416,0.878101,0
18417,1.841742,0
18418,2.422151,0
18419,2.96344,1
18420,1.929208,0
18421,0.16177,0
18422,1.331813,1
18423,3.469388,0
18424,0.505707,0
18425,0.969969,0
18426,2.178136,0
18427,0.707669,0
18428,0.99819,0
18429,0.700986,0
18430,0.148074,0
18431,2.668751,0
18432,0.408893,0
18433,1.892104,0
18434,1.948,0
18435,0.011655,0
18436,2.738732,0
18437,1.299752,0
18438,1.991103,0
18439,2.200102,0
18440,3.348605,1
18441,2.283357,0
18442,2.760493,0
18443,0.980935,0
18444,0.084061,0
18445,0.313301,0
18446,1.800791,0
18447,0.208225,0
18448,1.717042,0
18449,0.698622,0
18450,0.179721,0
18451,2.923049,0
18452,2.164196,0
18453,1.843181,0
18454,2.79651,0
18455,1.711842,0
18456,0.474799,1
18457,0.811515,0
18458,1.10506,0
18459,2.724571,1
18460,2.911924,0
18461,0.035684,0
18462,0.815211,0
18463,2.228663,1
18464,1.7697,0
18465,2.963016,0
18466,1.792122,0
18467,2.362916,0
18468,2.055434,0
18469,2.584284,0
18470,0.337256,0
18471,1.327732,0
18472,0.763678,0
18473,2.278266,0
18474,0.09804,0
18475,2.450137,0
18476,3.225742,0
18477,2.244451,0
18478,1.129726,0
18479,0.755567,0
18480,2.639392,0
18481,0.403746,0
18482,0.318094,0
18483,1.153926,0
18484,0.815935,1
18485,2.391004,0
18486,2.078031,0
18487,0.435129,0
18488,2.168918,0
18489,0.392102,0
18490,1.901135,0
18491,2.116932,0
18492,0.571142,1
18493,2.184576,0
18494,3.403334,0
18495,0.221962,0
18496,3.149916,0
18497,0.351016,0
18498,0.222537,0
18499,0.095207,0
18500,2.957001,1
18501,0.967053,0
18502,1.117907,0
18503,0.379319,0
18504,0.532033,0
18505,1.865065,0
18506,4.790832,1
18507,0.352027,0
18508,0.825501,0
18509,0.598739,0
18510,0.08957,0
18511,2.319029,1
18512,2.045718,1
18513,1.350662,0
18514,2.056837,0
18515,1.39675,0
18516,2.231729,0
18517,2.51738,0
18518,1.615206,0
18519,0.710216,0
18520,3.816083,0
18521,2.394275,0
18522,0.726791,0
18523,3.136528,0
18524,0.838052,0
18525,0.257035,0
18526,1.335814,0
18527,0.59068,0
18528,0.112772,0
18529,0.083518,0
18530,2.124863,0
18531,0.119419,0
18532,2.846828,0
18533,0.145326,0
18534,1.917575,0
18535,3.133095,0
18536,1.130653,0
18537,1.639919,0
18538,0.765644,0
18539,2.567393,0
18540,4.561904,1
18541,0.776537,0
18542,2.432548,0
18543,2.852934,0
18544,2.0861,0
18545,0.839079,0
18546,1.447962,1
18547,0.540718,0
18548,0.220665,0
18549,2.762805,0
18550,1.804783,0
18551,1.00776,0
18552,2.710884,0
18553,0.130738,0
18554,2.610154,0
18555,0.416146,0
18556,2.082137,0
18557,2.18963,0
18558,1.364155,0
18559,0.301823,0
18560,1.74112,0
18561,0.480742,0
18562,1.135334,0
18563,3.86666,0
18564,0.717188,0
18565,0.085974,0
18566,0.525316,0
18567,4.945834,0
18568,0.245429,0
18569,1.983304,1
18570,2.234741,0
18571,0.734169,0
18572,0.954687,1
18573,2.66986,0
18574,1.600309,0
18575,3.714417,1
18576,2.234553,0
18577,1.384535,0
18578,1.982253,0
18579,1.979487,0
18580,1.734528,0
18581,0.351249,0
18582,3.197695,1
18583,2.742812,0
18584,2.312781,0
18585,1.001489,0
18586,1.698207,0
18587,0.625123,0
18588,1.97326,0
18589,1.808495,0
18590,2.648292,0
18591,1.500704,0
18592,3.718142,0
18593,3.948857,1
18594,0.112295,0
18595,2.012809,0
18596,0.079135,0
18597,0.795391,0
18598,2.192904,0
18599,0.625262,0
18600,0.31318,0
18601,2.567788,0
18602,2.075189,0
18603,0.533102,0
18604,0.643416,0
18605,1.574361,1
18606,0.051828,0
18607,2.172863,0
18608,1.619248,0
18609,0.857993,0
18610,2.320155,1
18611,0.567797,0
18612,0.430382,0
18613,0.15553,0
18614,1.79512,1
18615,3.080501,1
18616,2.784338,0
18617,1.031289,0
18618,0.736692,0
18619,2.314922,0
18620,2.556775,0
18621,2.801325,0
18622,0.417376,0
18623,0.423866,0
18624,0.17671,0
18625,0.774346,0
18626,3.989899,0
18627,2.784327,0
18628,0.32901,0
18629,2.953695,0
18630,2.6654,0
18631,1.696931,0
18632,1.440745,0
18633,1.329107,0
18634,3.077788,1
18635,2.856261,0
18636,0.109676,0
18637,0.543875,0
18638,1.062762,0
18639,2.339775,0
18640,1.349224,0
18641,0.891984,0
18642,2.090564,0
18643,2.598737,1
18644,0.591034,0
18645,3.236049,1
18646,0.391976,0
18647,3.514107,0
18648,2.193068,0
18649,1.233415,0
18650,1.084794,0
18651,0.079324,0
18652,2.261683,0
18653,0.238426,0
18654,0.190393,0
18655,1.657512,0
18656,0.303062,0
18657,2.072944,0
18658,1.892816,0
18659,1.741706,0
18660,1.65092,0
18661,2.285731,1
18662,2.530184,0
18663,0.726091,0
18664,1.5111,0
18665,1.350946,0
18666,3.902237,0
18667,2.189943,0
18668,1.550842,0
18669,2.899456,0
18670,3.281965,0
18671,2.27263,1
18672,1.039504,0
18673,1.132653,1
18674,0.294576,0
18675,0.139221,0
18676,2.232934,0
18677,0.069124,0
18678,1.617097,0
18679,2.545012,0
18680,1.338486,0
18681,0.029716,0
18682,0.012565,0
18683,2.337484,0
18684,2.831659,0
18685,1.20308,0
18686,2.464812,1
18687,0.50678,0
18688,4.007185,1
18689,1.663914,0
18690,0.143233,0
18691,1.079127,0
18692,4.120599,0
18693,0.163884,0
18694,2.420782,0
18695,0.530738,0
18696,2.039637,0
18697,0.998336,0
18698,3.34777,0
18699,0.357045,0
18700,0.2228,0
18701,2.412242,0
18702,0.734406,0
18703,0.702154,0
18704,0.87699,0
18705,0.551101,0
18706,0.952589,0
18707,1.978262,0
18708,2.307476,0
18709,2.207267,1
18710,2.694062,0
18711,0.459821,0
18712,0.083749,0
18713,2.906603,0
18714,1.851388,0
18715,0.035534,0
18716,0.72547,0
18717,1.368637,0
18718,2.691772,1
18719,2.979586,0
18720,0.345096,0
18721,1.803968,0
18722,1.053494,0
18723,1.699524,0
18724,2.407013,0
18725,1.368726,0
18726,0.396092,0
18727,0.548612,0
18728,1.816828,0
18729,0.568531,0
18730,1.135547,0
18731,0.766612,0
18732,0.220825,0
18733,2.492163,0
18734,3.409201,0
18735,1.182094,1
18736,1.60758,0
18737,2.34958,0
18738,2.206965,0
18739,2.246881,0
18740,0.622309,0
18741,1.693556,1
18742,1.636211,1
18743,0.272542,0
18744,2.506565,0
18745,0.601402,0
18746,3.581839,0
18747,2.420167,1
18748,2.532794,0
18749,0.192299,0
18750,2.231846,0
18751,2.288934,0
18752,2.013308,0
18753,2.813556,0
18754,3.135241,0
18755,3.025806,0
18756,1.796326,0
18757,0.146409,0
18758,0.368403,0
18759,1.766504,0
18760,2.499264,1
18761,1.445722,0
18762,1.354113,0
18763,0.235006,0
18764,2.061813,0
18765,0.055803,0
18766,2.010814,0
18767,0.349283,0
18768,0.496945,0
18769,0.371764,0
18770,2.259488,0
18771,1.340659,0
18772,0.33677,0
18773,1.489165,0
18774,0.52824,0
18775,2.07812,0
18776,0.650803,0
18777,0.556022,0
18778,3.107729,0
18779,1.065817,0
18780,2.533752,1
18781,2.153986,0
18782,0.511353,0
18783,2.915162,0
18784,0.353921,1
18785,1.810071,0
18786,1.936879,1
18787,0.44264,1
18788,1.194734,0
18789,0.466826,1
18790,0.175993,1
18791,2.499215,0
18792,1.602098,1
18793,1.561024,1
18794,1.703439,1
18795,1.816598,0
18796,2.67928,0
18797,1.842061,0
18798,2.273666,1
18799,2.428475,0
18800,0.321076,0
18801,0.100395,0
18802,1.678287,0
18803,0.293247,0
18804,0.919239,0
18805,0.686442,0
18806,2.023966,0
18807,2.933644,0
18808,2.551097,0
18809,1.431774,0
18810,2.033303,0
18811,2.502256,1
18812,2.862801,0
18813,0.601948,0
18814,2.523675,0
18815,1.580739,0
18816,0.7615,0
18817,1.994095,0
18818,0.062273,0
18819,1.66605,1
18820,3.098681,0
18821,2.137797,0
18822,0.175027,0
18823,1.781594,0
18824,1.743851,1
18825,0.107625,0
18826,0.233154,0
18827,0.673162,0
18828,0.593261,0
18829,0.48751,0
18830,0.444601,0
18831,1.882365,0
18832,0.045825,0
18833,2.400067,0
18834,1.236746,0
18835,2.159421,0
18836,1.626557,1
18837,0.319184,0
18838,3.370132,0
18839,0.812001,0
18840,2.252291,1
18841,0.491242,0
18842,2.428159,1
18843,1.813706,1
18844,0.93037,0
18845,0.986135,0
18846,2.206805,0
18847,0.181506,0
18848,1.73232,0
18849,2.862258,0
18850,0.185347,0
18851,3.060126,0
18852,3.36691,0
18853,2.730965,0
18854,0.178499,0
18855,1.769272,0
18856,0.434797,0
18857,0.238927,0
18858,2.22736,0
18859,0.100276,0
18860,2.0081,0
18861,1.190834,0
18862,1.106741,0
18863,2.147595,0
18864,1.065334,0
18865,0.499529,0
18866,0.166123,0
18867,2.743727,0
18868,0.092153,0
18869,0.530221,0
18870,1.26367,0
18871,2.997921,0
18872,0.507589,0
18873,0.411539,0
18874,0.798217,0
18875,2.267873,0
18876,3.213814,0
18877,0.371785,0
18878,2.54921,0
18879,0.222687,0
18880,3.047447,0
18881,0.047419,0
18882,1.109016,1
18883,0.380404,0
18884,0.391249,0
18885,1.679683,1
18886,2.052499,1
18887,0.066996,0
18888,0.435328,0
18889,1.427091,0
18890,2.15731,0
18891,0.095898,0
18892,3.022059,0
18893,0.060123,0
18894,2.486531,0
18895,3.361971,1
18896,1.831822,0
18897,0.304069,0
18898,3.254102,0
18899,1.569355,1
18900,1.952246,0
18901,1.292689,0
18902,2.227938,0
18903,2.216142,0
18904,1.693258,0
18905,1.49071,0
18906,0.60936,0
18907,0.254984,0
18908,0.648552,1
18909,0.977687,0
18910,0.434253,0
18911,2.867479,0
18912,4.348794,1
18913,1.998865,0
18914,0.296397,0
18915,0.435379,0
18916,1.162614,0
18917,2.682958,0
18918,0.097957,0
18919,0.27277,0
18920,1.444784,1
18921,1.800625,0
18922,0.874156,0
18923,2.299453,0
18924,2.180249,0
18925,1.18027,0
18926,1.874802,0
18927,3.991128,0
18928,1.057538,0
18929,2.238938,0
18930,0.570229,0
18931,1.302728,0
18932,0.522024,0
18933,0.37139,0
18934,2.151861,0
18935,0.354813,0
18936,2.179112,0
18937,1.302589,1
18938,1.018189,0
18939,2.14057,0
18940,0.917726,0
18941,1.631173,0
18942,0.457019,0
18943,2.533762,1
18944,0.187467,0
18945,0.954657,0
18946,0.310106,0
18947,0.97362,0
18948,1.951377,0
18949,3.17077,0
18950,0.970598,0
18951,1.82462,1
18952,0.462319,0
18953,3.496022,0
18954,1.321353,0
18955,2.827252,0
18956,0.378948,0
18957,2.15028,0
18958,0.557645,0
18959,3.56139,0
18960,3.319109,0
18961,1.77745,0
18962,1.771149,0
18963,1.335292,0
18964,2.035055,0
18965,0.404547,0
18966,1.848561,0
18967,1.07943,0
18968,0.802605,1
18969,0.710461,0
18970,1.562875,0
18971,0.40931,0
18972,2.308313,0
18973,2.070403,0
18974,3.687207,1
18975,0.982628,0
18976,2.023405,0
18977,2.118681,0
18978,0.59798,0
18979,3.710255,0
18980,2.199128,0
18981,0.319849,0
18982,0.477399,0
18983,0.934355,0
18984,1.060795,0
18985,0.319533,0
18986,0.036827,0
18987,0.813017,0
18988,0.927028,0
18989,0.25585,0
18990,1.416568,0
18991,0.33179,0
18992,1.331565,0
18993,2.015721,0
18994,0.501839,0
18995,2.406706,0
18996,1.197724,0
18997,0.250617,0
18998,3.21303,1
18999,0.904667,0
19000,2.124849,0
19001,1.16659,0
19002,3.456172,0
19003,0.95823,0
19004,0.749095,0
19005,4.395924,1
19006,0.279809,0
19007,0.673625,0
19008,0.193891,0
19009,3.084075,0
19010,0.121615,0
19011,0.324681,1
19012,1.830781,0
19013,2.937229,0
19014,1.944876,0
19015,0.790675,0
19016,0.206014,0
19017,0.61963,0
19018,1.730292,0
19019,1.498879,0
19020,0.068716,0
19021,1.497648,0
19022,0.116435,0
19023,2.041128,0
19024,4.397691,0
19025,1.075891,0
19026,3.556852,0
19027,2.38588,0
19028,1.321702,1
19029,2.145987,0
19030,2.427682,1
19031,0.140679,0
19032,0.072464,0
19033,1.927546,1
19034,0.012715,0
19035,0.7836,0
19036,2.109049,0
19037,0.14191,0
19038,1.910334,0
19039,1.217468,0
19040,3.122764,0
19041,0.667927,0
19042,3.805462,0
19043,0.191298,0
19044,0.18656,0
19045,2.712766,0
19046,0.114845,0
19047,0.877128,0
19048,0.182684,0
19049,1.419639,0
19050,0.295149,0
19051,0.565392,0
19052,0.810526,0
19053,3.342772,0
19054,2.049557,0
19055,0.421509,0
19056,2.53924,1
19057,1.819981,0
19058,2.432613,0
19059,1.365055,0
19060,2.415328,0
19061,1.037255,0
19062,1.701356,0
19063,0.422474,0
19064,0.293053,0
19065,3.007419,0
19066,1.781847,0
19067,0.978336,0
19068,1.658238,0
19069,0.741704,0
19070,1.165607,0
19071,0.330618,0
19072,0.666076,0
19073,3.06179,0
19074,0.068737,0
19075,0.504303,0
19076,0.700355,0
19077,1.229655,0
19078,0.617912,0
19079,0.222315,0
19080,1.830764,1
19081,0.188798,0
19082,3.16917,1
19083,0.721255,0
19084,0.076367,0
19085,3.421637,0
19086,0.885991,0
19087,2.683092,1
19088,1.51476,0
19089,2.370998,0
19090,1.086278,0
19091,0.181992,0
19092,1.084366,0
19093,0.082417,0
19094,0.66397,0
19095,0.080362,1
19096,0.022772,0
19097,0.527634,0
19098,1.292387,0
19099,2.388139,0
19100,1.794936,0
19101,3.93644,0
19102,2.020357,0
19103,1.935954,1
19104,0.609536,0
19105,1.261966,0
19106,2.094673,0
19107,2.051202,0
19108,2.388597,1
19109,2.011605,0
19110,3.171378,0
19111,1.886992,0
19112,1.790671,0
19113,0.546137,1
19114,2.031139,0
19115,0.137542,0
19116,2.494812,0
19117,3.210771,0
19118,0.059817,0
19119,1.728756,0
19120,1.580001,0
19121,3.916218,0
19122,2.234841,0
19123,1.925426,1
19124,1.848588,0
19125,2.046488,0
19126,0.176494,0
19127,3.207898,0
19128,1.602787,0
19129,1.466099,0
19130,0.195756,0
19131,1.112091,1
19132,0.289319,0
19133,2.824944,1
19134,0.402939,1
19135,1.629383,0
19136,0.240173,0
19137,0.50745,0
19138,0.327084,0
19139,2.451013,0
19140,0.307431,1
19141,1.609991,0
19142,3.507035,0
19143,0.087449,0
19144,1.276026,0
19145,0.096549,0
19146,1.822735,0
19147,1.395048,0
19148,2.001503,0
19149,0.250723,0
19150,2.365994,0
19151,2.094399,0
19152,0.574871,0
19153,0.05184,0
19154,0.698501,0
19155,0.278527,0
19156,0.066674,0
19157,0.259211,0
19158,0.977947,0
19159,0.620445,0
19160,2.74734,0
19161,2.297565,0
19162,1.029573,0
19163,2.42802,0
19164,0.822281,0
19165,1.314493,0
19166,2.503398,0
19167,1.034729,0
19168,3.961706,0
19169,2.284581,0
19170,0.383303,0
19171,1.952421,0
19172,0.414405,1
19173,0.682329,0
19174,2.464178,0
19175,3.695331,0
19176,0.591121,0
19177,3.252992,0
19178,1.432933,0
19179,2.642816,0
19180,3.413468,0
19181,1.229115,0
19182,2.023485,0
19183,3.018315,0
19184,2.269804,0
19185,1.068733,0
19186,1.763551,0
19187,1.802204,0
19188,4.789173,1
19189,2.212381,0
19190,0.155358,0
19191,2.301069,0
19192,0.216056,0
19193,0.102233,0
19194,1.42374,0
19195,0.097404,0
19196,2.264415,0
19197,0.335291,0
19198,0.193882,0
19199,0.890233,0
19200,0.278746,0
19201,0.963435,0
19202,1.652712,0
19203,1.704949,0
19204,0.406661,0
19205,0.047161,0
19206,2.894721,0
19207,1.798611,0
19208,0.199794,0
19209,3.490358,0
19210,0.963246,0
19211,0.69129,0
19212,2.115247,0
19213,0.065606,0
19214,1.843837,0
19215,0.810651,0
19216,0.257491,0
19217,0.470972,0
19218,2.698766,1
19219,1.652059,1
19220,1.318406,0
19221,1.980541,0
19222,0.589412,0
19223,1.932558,0
19224,2.372681,1
19225,1.014757,0
19226,0.062368,0
19227,3.481175,0
19228,0.447359,0
19229,2.764599,1
19230,2.854516,0
19231,0.813552,0
19232,2.467745,0
19233,1.03541,0
19234,2.507223,1
19235,1.367489,0
19236,2.152829,0
19237,1.057615,0
19238,1.661878,0
19239,0.409948,0
19240,0.177789,0
19241,4.070245,0
19242,2.471783,0
19243,2.071812,0
19244,0.080804,0
19245,1.508458,0
19246,1.494768,0
19247,0.073918,0
19248,1.131932,0
19249,0.626767,0
19250,1.953824,1
19251,2.308492,0
19252,0.538893,0
19253,1.405684,0
19254,0.11129,0
19255,0.11321,0
19256,0.157014,0
19257,2.054914,0
19258,2.006414,0
19259,2.077178,0
19260,2.485395,0
19261,3.017014,1
19262,2.834419,0
19263,0.697523,0
19264,2.392922,0
19265,0.37052,0
19266,1.417294,0
19267,3.511861,0
19268,2.069535,0
19269,0.103064,0
19270,2.012793,1
19271,3.718636,1
19272,0.921123,0
19273,0.231555,0
19274,1.033635,1
19275,0.073395,0
19276,1.794339,0
19277,2.161407,0
19278,1.809941,0
19279,0.119523,0
19280,1.182165,0
19281,0.157346,0
19282,0.865009,0
19283,0.383637,0
19284,2.562558,0
19285,0.984444,0
19286,0.770953,0
19287,0.664865,0
19288,1.697908,0
19289,2.358521,1
19290,2.125609,0
19291,1.715486,0
19292,3.546327,1
19293,1.288777,0
19294,0.136512,0
19295,1.19579,0
19296,0.78125,0
19297,0.333347,0
19298,0.408204,0
19299,1.319078,0
19300,3.403314,1
19301,1.366695,0
19302,2.281136,0
19303,0.856375,0
19304,2.355234,0
19305,2.897493,0
19306,3.417846,0
19307,0.121459,0
19308,0.09842,1
19309,2.907252,0
19310,0.058911,0
19311,2.110408,0
19312,0.32695,0
19313,2.304855,0
19314,3.244967,0
19315,0.519747,0
19316,2.456114,0
19317,1.044429,0
19318,2.395106,1
19319,3.105639,0
19320,0.151508,0
19321,3.260445,1
19322,0.857263,0
19323,1.864951,0
19324,0.138386,0
19325,0.430442,0
19326,2.050616,0
19327,1.296526,0
19328,1.022093,0
19329,2.941864,0
19330,0.074246,0
19331,1.944092,0
19332,1.543557,1
19333,1.471997,0
19334,0.146222,0
19335,3.312282,0
19336,1.947978,1
19337,3.109519,0
19338,0.106626,0
19339,0.097733,0
19340,2.219918,0
19341,2.01239,1
19342,1.540351,0
19343,0.818358,0
19344,1.456403,0
19345,0.986732,0
19346,3.251277,0
19347,0.520408,0
19348,0.10185,0
19349,0.164964,0
19350,2.466644,0
19351,2.372289,0
19352,2.184124,0
19353,0.773312,0
19354,0.445969,0
19355,2.466434,1
19356,0.984161,0
19357,1.825423,0
19358,2.922463,0
19359,1.045334,0
19360,1.529358,0
19361,1.719045,0
19362,3.073135,0
19363,2.675608,0
19364,2.226783,0
19365,2.899066,1
19366,0.140832,0
19367,0.026575,0
19368,1.333886,0
19369,2.068889,0
19370,0.03598,0
19371,0.483985,0
19372,0.37654,0
19373,1.893897,0
19374,1.023025,0
19375,0.247896,0
19376,0.023492,0
19377,1.669719,0
19378,0.360264,0
19379,1.279843,0
19380,0.04794,0
19381,0.817628,0
19382,1.608382,0
19383,0.107463,0
19384,0.184651,0
19385,2.118773,0
19386,1.394398,0
19387,0.755378,0
19388,0.302148,1
19389,0.624735,0
19390,2.543937,0
19391,2.230461,0
19392,1.146049,0
19393,3.535712,0
19394,2.814437,0
19395,2.947102,0
19396,0.48867,0
19397,0.959743,0
19398,3.025395,1
19399,1.239221,0
19400,2.297075,0
19401,2.026826,0
19402,0.124571,0
19403,0.30288,0
19404,3.125973,0
19405,0.662839,0
19406,3.039696,0
19407,0.755967,0
19408,0.34013,0
19409,1.265467,0
19410,0.257901,0
19411,2.069541,0
19412,2.082745,0
19413,2.36539,1
19414,0.649126,0
19415,2.178061,0
19416,3.111621,0
19417,0.138675,0
19418,2.343986,1
19419,1.574734,0
19420,0.415167,1
19421,0.646451,1
19422,2.775854,1
19423,2.474632,0
19424,1.152934,0
19425,3.54339,0
19426,1.716954,0
19427,1.077888,0
19428,1.847345,0
19429,2.547557,1
19430,0.336864,1
19431,1.093565,0
19432,0.664,0
19433,0.094897,0
19434,0.705713,0
19435,2.227038,0
19436,0.152373,0
19437,2.330759,0
19438,3.441762,0
19439,1.997132,0
19440,2.247753,0
19441,2.974022,0
19442,0.594724,0
19443,1.768901,0
19444,0.368529,1
19445,2.358428,0
19446,0.70592,0
19447,3.973189,0
19448,1.998875,0
19449,1.832837,0
19450,0.696815,0
19451,2.869282,1
19452,1.365554,0
19453,1.125283,0
19454,0.404649,0
19455,0.938439,0
19456,0.759397,0
19457,1.417531,0
19458,0.08373,0
19459,2.404325,0
19460,0.193505,0
19461,3.180712,0
19462,0.329158,0
19463,0.291859,0
19464,1.316248,0
19465,0.305736,0
19466,2.813227,0
19467,2.836502,0
19468,1.891804,1
19469,0.612465,0
19470,1.776399,1
19471,2.449471,0
19472,3.148779,0
19473,1.545422,0
19474,2.566666,0
19475,0.145088,0
19476,3.025387,0
19477,0.63682,0
19478,0.143577,0
19479,1.291704,0
19480,0.86621,0
19481,0.079312,0
19482,1.982326,0
19483,1.11876,0
19484,2.241219,0
19485,0.580929,0
19486,0.597025,0
19487,0.87992,1
19488,1.570327,0
19489,0.218136,0
19490,3.435143,0
19491,0.356158,0
19492,1.559478,0
19493,1.582436,0
19494,0.440751,0
19495,2.80128,0
19496,1.37991,0
19497,1.318827,0
19498,0.406713,0
19499,3.006926,1
19500,0.067489,0
19501,2.162824,0
19502,1.182715,0
19503,0.398733,0
19504,1.892355,0
19505,0.058933,0
19506,2.638593,0
19507,3.92117,0
19508,1.761504,0
19509,0.43411,0
19510,2.577197,1
19511,0.175537,0
19512,0.172083,0
19513,1.233711,0
19514,1.709937,1
19515,0.288668,0
19516,0.360649,0
19517,2.0599,0
19518,1.99106,0
19519,0.702627,1
19520,1.109114,0
19521,2.058902,0
19522,0.450576,0
19523,0.729645,0
19524,1.201645,0
19525,0.312082,0
19526,3.48294,0
19527,1.055701,0
19528,1.305119,1
19529,1.905789,0
19530,0.600102,0
19531,1.465262,0
19532,0.097112,0
19533,1.417222,0
19534,3.05985,0
19535,2.121083,0
19536,0.127643,0
19537,2.265329,0
19538,3.482316,0
19539,0.694041,0
19540,2.584096,0
19541,0.101642,0
19542,0.806095,0
19543,1.903231,0
19544,2.112149,0
19545,1.597686,0
19546,1.24439,0
19547,1.570389,0
19548,2.929885,0
19549,0.269549,0
19550,3.411767,0
19551,0.555008,0
19552,1.582988,0
19553,1.165628,0
19554,3.099009,0
19555,0.696924,0
19556,2.989313,0
19557,2.786943,1
19558,2.226766,0
19559,1.464693,0
19560,0.093624,0
19561,4.041215,0
19562,2.35612,0
19563,1.873314,0
19564,0.138056,0
19565,1.312185,0
19566,1.500876,0
19567,3.929115,0
19568,1.655578,0
19569,1.596844,0
19570,1.4551,1
19571,1.347002,1
19572,0.625459,0
19573,0.355027,0
19574,1.51072,0
19575,2.685368,0
19576,3.554328,0
19577,2.458697,0
19578,0.10559,0
19579,2.57116,0
19580,0.203784,0
19581,1.969536,0
19582,1.88682,0
19583,3.776858,0
19584,0.046367,0
19585,0.239049,0
19586,0.336639,0
19587,2.271339,0
19588,1.357282,0
19589,2.006781,0
19590,2.690998,0
19591,2.472868,1
19592,2.547424,0
19593,1.357951,0
19594,2.949261,0
19595,2.81653,0
19596,0.019022,0
19597,2.637614,0
19598,0.857939,0
19599,2.28195,0
19600,0.14429,0
19601,1.876541,0
19602,1.893554,0
19603,1.280996,0
19604,2.077547,0
19605,1.189762,0
19606,3.491999,0
19607,3.361247,0
19608,2.613758,0
19609,0.401485,0
19610,0.386307,0
19611,3.280392,0
19612,0.42785,0
19613,2.740042,0
19614,1.233863,0
19615,2.74663,0
19616,0.272516,0
19617,1.053932,0
19618,2.623106,0
19619,2.915754,0
19620,2.608705,0
19621,0.852516,0
19622,0.695835,0
19623,0.294674,0
19624,2.159665,0
19625,0.564238,0
19626,0.160076,0
19627,1.583363,0
19628,2.569,0
19629,0.396466,0
19630,3.84833,0
19631,3.919825,1
19632,0.391965,0
19633,0.898508,0
19634,0.599166,0
19635,1.637,0
19636,0.250519,0
19637,0.738044,0
19638,0.186188,0
19639,2.132446,1
19640,0.962889,0
19641,1.767608,0
19642,1.177801,0
19643,0.629045,1
19644,1.854065,0
19645,1.097161,1
19646,0.275564,0
19647,3.387728,1
19648,0.451901,0
19649,1.323907,0
19650,0.239181,0
19651,1.479467,0
19652,2.875258,1
19653,1.12679,0
19654,0.060015,0
19655,0.957354,0
19656,1.741526,1
19657,0.310073,0
19658,0.866455,0
19659,0.741436,0
19660,2.266485,1
19661,1.699537,0
19662,3.194715,0
19663,2.344291,0
19664,1.361727,0
19665,2.358959,0
19666,1.108645,0
19667,0.433695,0
19668,3.783169,0
19669,0.836768,0
19670,0.175966,0
19671,4.359083,0
19672,1.937376,0
19673,2.280329,0
19674,1.381191,0
19675,2.493493,0
19676,0.11936,0
19677,1.667055,0
19678,1.769661,1
19679,0.880011,0
19680,0.704298,0
19681,0.910279,1
19682,0.680147,0
19683,0.935339,0
19684,2.202051,0
19685,1.825626,0
19686,2.31178,0
19687,0.163665,0
19688,3.186315,0
19689,0.716429,0
19690,2.700218,0
19691,0.898023,0
19692,2.731522,0
19693,1.455402,0
19694,1.548633,0
19695,2.91291,0
19696,1.842581,0
19697,1.730424,0
19698,0.674249,0
19699,0.605458,1
19700,0.325254,0
19701,0.688202,0
19702,0.501722,1
19703,0.132004,0
19704,1.629539,0
19705,0.517692,0
19706,0.148634,1
19707,1.703004,0
19708,1.16116,0
19709,0.297084,0
19710,3.086293,0
19711,2.16601,0
19712,2.391577,0
19713,2.942766,0
19714,3.653021,0
19715,1.616583,0
19716,2.305758,0
19717,3.622212,0
19718,2.398902,0
19719,0.601324,0
19720,4.589087,1
19721,2.928826,0
19722,2.03527,0
19723,0.126377,0
19724,1.149606,0
19725,0.942854,1
19726,2.574015,0
19727,0.281441,0
19728,1.903013,0
19729,2.088345,0
19730,2.235839,0
19731,1.797878,0
19732,0.049115,0
19733,0.065417,0
19734,3.172373,0
19735,0.99986,0
19736,0.331372,0
19737,3.587798,0
19738,0.731444,1
19739,0.923029,0
19740,1.305998,0
19741,0.470041,0
19742,0.272429,0
19743,2.124775,0
19744,0.160919,0
19745,0.632511,0
19746,1.47913,0
19747,1.722777,0
19748,2.126305,0
19749,2.340833,0
19750,1.863622,0
19751,1.668784,0
19752,2.016757,0
19753,2.090876,0
19754,1.476532,0
19755,0.65177,0
19756,1.333288,0
19757,0.094871,0
19758,2.430796,0
19759,0.123474,0
19760,0.184091,0
19761,1.039406,0
19762,0.43115,0
19763,0.574417,0
19764,2.754299,0
19765,2.234259,0
19766,0.846438,0
19767,2.727754,0
19768,0.337225,0
19769,2.035203,0
19770,2.825264,0
19771,0.689164,0
19772,1.841937,0
19773,3.473347,0
19774,0.508545,0
19775,2.251279,0
19776,1.244691,0
19777,0.643237,0
19778,4.918321,1
19779,1.022846,1
19780,2.287364,0
19781,1.043651,0
19782,0.077599,0
19783,0.411486,0
19784,1.437509,0
19785,1.856902,0
19786,0.934775,0
19787,1.542811,0
19788,2.001215,0
19789,0.301689,0
19790,0.458898,0
19791,2.633276,0
19792,3.012179,0
19793,1.912703,1
19794,2.643067,0
19795,2.91897,1
19796,2.984273,0
19797,2.628995,0
19798,0.830878,1
19799,0.192454,0
19800,1.174136,0
19801,0.260869,0
19802,2.910574,0
19803,0.331718,0
19804,0.451438,0
19805,3.826295,0
19806,0.933354,0
19807,1.237476,0
19808,0.48673,0
19809,0.094784,0
19810,1.205473,0
19811,0.073148,0
19812,1.779822,0
19813,0.47546,0
19814,0.626991,0
19815,0.652708,0
19816,2.029065,0
19817,0.748758,0
19818,2.055127,0
19819,1.344456,0
19820,0.789159,0
19821,4.410259,1
19822,0.150184,0
19823,3.865287,0
19824,1.433364,0
19825,0.691346,0
19826,0.259591,0
19827,1.898275,0
19828,0.566499,0
19829,0.894087,0
19830,0.127205,0
19831,1.898716,0
19832,2.741275,0
19833,2.143519,1
19834,0.115399,0
19835,1.193319,0
19836,1.199463,0
19837,2.126516,0
19838,1.72475,0
19839,2.709599,0
19840,0.483962,0
19841,2.378403,0
19842,3.709925,0
19843,1.953584,0
19844,0.171199,0
19845,1.233702,0
19846,1.482366,0
19847,2.303442,1
19848,1.250503,0
19849,4.531236,1
19850,0.707345,1
19851,0.213824,0
19852,0.118218,0
19853,0.34333,0
19854,2.933739,0
19855,1.779391,0
19856,1.107179,0
19857,3.331513,0
19858,0.378426,1
19859,1.350065,0
19860,0.632429,0
19861,2.341008,0
19862,2.364699,0
19863,1.730439,0
19864,0.290348,0
19865,1.03581,0
19866,3.329717,1
19867,0.27348,0
19868,1.578552,0
19869,2.656029,0
19870,1.094454,0
19871,0.634832,0
19872,2.204659,0
19873,1.264618,0
19874,0.731701,0
19875,2.701257,0
19876,0.33763,0
19877,1.979836,0
19878,4.137335,0
19879,1.373779,0
19880,1.64207,0
19881,2.48068,0
19882,3.061171,0
19883,2.091859,0
19884,1.651652,0
19885,3.023627,0
19886,2.705552,1
19887,1.458827,0
19888,1.999396,0
19889,2.24851,0
19890,1.229955,0
19891,1.383791,0
19892,1.035382,0
19893,3.053257,0
19894,1.728596,0
19895,2.876301,0
19896,2.196803,0
19897,2.034296,0
19898,2.594148,0
19899,1.940971,0
19900,0.052907,0
19901,1.502297,0
19902,2.934892,0
19903,2.684792,1
19904,0.201539,0
19905,1.822393,0
19906,4.532404,0
19907,0.22407,0
19908,3.026606,0
19909,2.726912,0
19910,0.565419,0
19911,1.907415,0
19912,2.296635,0
19913,2.524565,0
19914,0.985553,0
19915,2.360837,0
19916,2.340243,0
19917,0.407967,0
19918,2.556607,0
19919,0.833714,0
19920,2.661991,0
19921,0.560575,0
19922,1.118094,0
19923,2.186296,1
19924,1.68806,0
19925,1.121399,0
19926,4.197273,0
19927,2.841022,0
19928,0.119429,0
19929,0.480575,0
19930,1.337927,0
19931,0.213716,0
19932,0.173674,0
19933,2.95608,0
19934,0.520887,0
19935,1.998461,0
19936,1.588686,0
19937,1.424589,0
19938,0.285427,0
19939,2.184801,0
19940,2.390255,0
19941,0.134367,0
19942,0.233903,0
19943,1.802815,0
19944,2.698238,1
19945,2.153682,1
19946,1.702088,0
19947,0.197065,0
19948,2.955574,0
19949,2.79045,0
19950,1.628376,0
19951,0.470803,0
19952,1.100646,0
19953,1.67518,0
19954,3.195021,0
19955,3.143602,1
19956,1.158129,0
19957,0.825057,0
19958,2.353288,0
19959,1.525074,0
19960,3.708232,0
19961,2.125582,0
19962,2.652188,0
19963,1.063069,0
19964,2.040432,1
19965,2.458288,1
19966,0.010002,0
19967,0.54638,0
19968,0.664054,0
19969,1.773917,0
19970,1.102828,1
19971,3.380406,1
19972,1.986283,0
19973,1.966775,1
19974,0.022845,0
19975,1.086069,0
19976,2.349504,0
19977,1.636533,0
19978,2.129949,0
19979,2.817711,0
19980,0.271494,0
19981,3.624657,0
19982,2.267805,0
19983,0.146669,0
19984,1.995115,0
19985,2.265704,0
19986,1.011179,0
19987,1.37115,0
19988,1.629545,0
19989,1.184716,0
19990,4.683229,1
19991,2.418178,0
19992,0.323344,0
19993,2.881829,0
19994,0.458722,0
19995,0.275626,0
19996,0.500788,0
19997,0.675164,0
19998,0.012889,0
19999,0.949052,0
20000,0.103962,0
20001,2.484016,0
20002,2.645844,0
20003,0.440233,0
20004,1.439896,0
20005,2.593234,0
20006,2.986382,0
20007,0.217482,0
20008,0.127215,0
20009,1.243961,0
20010,2.029186,0
20011,0.126106,0
20012,2.718207,0
20013,0.618689,0
20014,2.648289,1
20015,1.963177,0
20016,1.423115,0
20017,2.784357,0
20018,0.236351,0
20019,1.604909,0
20020,0.649838,0
20021,0.383024,0
20022,1.9488,0
20023,3.946466,0
20024,2.732469,0
20025,1.963223,0
20026,0.318239,0
20027,0.161882,0
20028,1.730284,0
20029,5.321821,0
20030,0.450162,0
20031,2.297956,0
20032,2.389228,0
20033,0.071539,0
20034,0.220572,0
20035,0.824689,0
20036,0.41113,1
20037,0.373712,0
20038,3.386013,0
20039,3.31127,1
20040,1.947725,0
20041,2.092936,0
20042,0.77277,0
20043,3.668715,1
20044,0.077969,0
20045,1.705932,0
20046,0.286905,0
20047,2.224655,0
20048,1.146466,0
20049,0.227764,0
20050,1.348658,0
20051,1.950485,0
20052,0.550715,0
20053,2.46287,0
20054,0.730469,0
20055,0.279314,0
20056,1.369184,0
20057,2.232089,0
20058,2.345074,0
20059,1.891982,0
20060,3.222721,0
20061,0.938504,1
20062,4.19133,0
20063,0.282253,0
20064,2.493084,0
20065,2.482213,0
20066,1.489608,0
20067,2.13482,0
20068,1.206635,0
20069,1.735384,0
20070,0.155921,0
20071,0.752221,0
20072,2.845265,1
20073,0.433011,0
20074,3.104511,0
20075,2.249899,1
20076,1.151594,0
20077,1.721132,0
20078,1.338679,0
20079,1.314132,0
20080,1.756641,0
20081,1.4903,0
20082,0.829185,0
20083,0.908044,1
20084,1.835132,0
20085,0.465188,0
20086,2.246926,0
20087,2.862926,0
20088,0.716574,0
20089,0.087188,0
20090,1.407156,0
20091,0.515826,0
20092,1.94362,0
20093,0.553892,0
20094,0.2309,0
20095,0.22661,0
20096,3.628412,0
20097,1.886395,0
20098,0.154655,0
20099,0.379945,0
20100,0.422899,0
20101,2.43431,0
20102,1.439432,0
20103,1.307436,0
20104,0.079638,0
20105,0.198909,0
20106,1.272696,0
20107,0.077089,0
20108,1.119102,0
20109,1.949365,0
20110,2.38481,0
20111,0.375844,0
20112,0.270632,0
20113,0.385332,0
20114,0.915094,0
20115,3.052561,0
20116,1.823461,0
20117,2.443384,0
20118,2.4119,0
20119,0.382285,0
20120,1.58132,0
20121,1.099001,0
20122,1.304899,0
20123,1.327527,0
20124,0.547372,0
20125,2.410226,0
20126,2.970758,0
20127,2.022938,0
20128,0.284677,0
20129,2.750101,0
20130,0.269614,0
20131,0.543416,0
20132,2.901503,1
20133,0.451681,1
20134,1.35828,1
20135,1.379953,0
20136,0.508678,0
20137,0.242459,0
20138,0.054482,0
20139,2.406496,0
20140,1.884066,0
20141,2.475944,0
20142,2.611945,0
20143,2.476242,0
20144,2.479844,0
20145,0.510131,0
20146,3.563526,0
20147,1.977666,0
20148,2.060443,0
20149,1.586809,0
20150,1.870083,0
20151,3.242777,0
20152,2.599948,0
20153,2.621419,0
20154,0.01069,0
20155,1.690937,0
20156,1.853986,0
20157,2.363333,1
20158,2.652999,0
20159,0.148792,0
20160,0.90345,0
20161,0.191241,0
20162,0.144506,0
20163,0.439434,1
20164,3.706196,0
20165,2.165531,0
20166,1.233723,0
20167,1.879986,0
20168,0.431226,0
20169,2.030479,0
20170,0.154624,0
20171,0.263519,0
20172,0.119242,0
20173,1.322044,0
20174,0.830883,0
20175,2.132405,0
20176,0.772302,1
20177,2.333114,0
20178,1.85656,0
20179,1.437572,0
20180,0.216344,0
20181,1.799343,0
20182,2.423164,0
20183,2.482549,0
20184,0.141694,0
20185,0.266683,0
20186,2.626149,1
20187,0.709449,0
20188,3.281112,0
20189,0.642417,0
20190,0.427213,0
20191,2.283692,0
20192,0.130191,0
20193,2.257479,1
20194,1.608197,0
20195,1.809971,1
20196,1.951501,1
20197,2.187405,0
20198,0.124812,0
20199,0.932178,1
20200,0.809718,0
20201,2.721169,0
20202,1.827961,0
20203,2.250593,0
20204,0.468518,0
20205,1.557837,0
20206,0.360252,0
20207,1.961402,0
20208,2.266567,0
20209,2.320109,0
20210,1.302435,0
20211,0.17779,0
20212,0.171587,0
20213,3.268043,0
20214,0.156026,0
20215,3.324973,0
20216,2.132731,0
20217,2.131522,0
20218,1.273819,0
20219,2.450997,1
20220,4.468936,0
20221,0.704574,0
20222,1.049231,0
20223,3.382752,0
20224,2.690801,0
20225,1.992995,0
20226,2.761459,0
20227,1.870018,0
20228,2.472791,0
20229,2.32454,0
20230,1.578967,0
20231,1.628642,0
20232,0.036483,0
20233,1.964472,0
20234,0.639043,0
20235,0.471733,0
20236,1.692785,0
20237,1.866375,0
20238,2.216598,0
20239,0.083362,0
20240,0.144579,0
20241,4.654942,1
20242,0.082105,0
20243,2.361412,0
20244,1.504918,0
20245,0.678237,0
20246,1.361277,0
20247,2.64202,0
20248,0.966567,0
20249,2.0293,1
20250,0.165281,0
20251,1.66777,0
20252,0.019782,0
20253,0.353123,0
20254,2.493922,0
20255,1.664452,0
20256,0.163409,0
20257,0.157046,0
20258,2.389021,0
20259,1.48682,0
20260,1.610251,0
20261,0.209823,0
20262,1.966812,0
20263,2.030766,0
20264,0.560143,1
20265,1.083519,0
20266,0.658726,0
20267,0.896851,0
20268,2.790363,0
20269,0.077968,0
20270,0.115262,0
20271,2.63412,0
20272,2.999484,0
20273,0.471754,0
20274,2.57378,0
20275,0.527328,0
20276,1.299808,1
20277,2.039203,0
20278,1.158735,0
20279,2.881022,0
20280,0.2093,1
20281,0.822629,0
20282,2.537543,0
20283,1.37423,0
20284,2.120374,0
20285,2.140378,0
20286,0.608413,0
20287,1.882612,0
20288,0.807282,0
20289,0.444831,0
20290,0.417592,0
20291,4.32115,0
20292,2.913678,0
20293,0.083899,0
20294,0.404024,0
20295,1.036027,0
20296,2.822173,0
20297,0.760552,0
20298,0.381907,0
20299,0.320674,0
20300,0.120595,0
20301,0.176366,0
20302,2.449048,0
20303,1.737081,0
20304,0.194823,0
20305,0.280704,0
20306,1.332746,0
20307,2.286535,0
20308,0.741711,0
20309,1.097616,1
20310,0.459167,0
20311,1.335952,0
20312,2.840459,0
20313,2.229944,0
20314,0.666033,0
20315,0.386529,0
20316,0.910893,0
20317,2.862351,0
20318,2.298134,0
20319,0.178358,0
20320,3.320755,0
20321,2.562297,0
20322,2.094547,0
20323,1.203038,0
20324,1.799223,0
20325,2.327718,0
20326,3.109641,0
20327,2.504347,0
20328,1.69554,1
20329,1.660635,0
20330,1.554164,0
20331,1.296641,0
20332,1.614367,0
20333,2.556278,0
20334,2.117567,1
20335,1.345989,0
20336,1.634581,1
20337,0.332632,0
20338,0.211198,0
20339,0.27919,1
20340,1.356656,1
20341,0.121398,0
20342,1.934982,0
20343,1.327717,0
20344,0.06969,0
20345,0.057357,0
20346,0.557677,0
20347,2.542955,0
20348,0.18142,0
20349,0.368333,0
20350,3.659322,0
20351,1.870762,0
20352,0.784949,1
20353,0.445091,0
20354,1.731784,0
20355,0.27634,0
20356,0.654324,0
20357,0.046272,0
20358,1.23379,0
20359,1.671066,0
20360,2.077469,0
20361,1.959933,0
20362,1.588004,0
20363,0.812292,0
20364,3.412417,0
20365,1.080503,0
20366,0.475958,0
20367,1.094361,0
20368,1.948887,0
20369,0.939008,0
20370,1.735189,0
20371,0.119939,0
20372,0.447861,1
20373,0.089917,0
20374,3.640242,0
20375,2.638087,0
20376,0.575033,0
20377,0.797434,0
20378,0.106147,0
20379,3.197484,0
20380,0.486518,0
20381,3.363334,0
20382,0.257303,1
20383,2.564627,0
20384,2.70473,1
20385,0.116823,0
20386,0.739065,0
20387,4.114495,0
20388,0.392221,0
20389,1.926078,1
20390,1.657653,0
20391,0.111662,0
20392,0.519019,0
20393,0.086108,0
20394,0.371534,0
20395,2.98819,1
20396,0.405005,0
20397,3.000802,0
20398,1.056134,0
20399,0.311711,0
20400,0.838573,0
20401,0.165568,0
20402,2.662043,1
20403,1.861939,0
20404,0.65688,1
20405,0.055531,0
20406,0.152458,0
20407,3.127797,0
20408,1.111338,0
20409,1.97433,0
20410,0.062715,0
20411,2.549521,0
20412,1.025648,0
20413,1.911726,1
20414,0.813389,0
20415,1.607069,0
20416,1.140203,0
20417,1.488885,0
20418,2.59335,1
20419,0.161309,0
20420,0.095294,0
20421,1.523848,0
20422,1.882541,0
20423,3.001472,0
20424,0.077283,0
20425,0.9835,0
20426,3.168787,0
20427,1.713202,0
20428,0.974988,0
20429,0.819643,0
20430,0.454485,0
20431,0.250686,0
20432,0.182159,0
20433,0.214469,0
20434,0.35348,0
20435,1.74221,0
20436,1.318383,0
20437,1.813105,0
20438,2.239855,0
20439,1.71546,0
20440,1.484335,1
20441,2.518082,0
20442,0.765495,0
20443,0.188073,0
20444,1.820135,1
20445,0.278428,0
20446,2.340924,0
20447,0.250353,0
20448,2.439923,0
20449,0.241232,0
20450,0.442743,0
20451,0.299617,0
20452,0.672873,0
20453,0.595284,0
20454,0.48947,1
20455,1.807418,1
20456,2.55534,0
20457,3.693428,1
20458,1.647117,0
20459,2.341762,0
20460,0.104582,0
20461,3.613399,0
20462,1.978189,0
20463,2.092661,1
20464,2.815047,0
20465,1.939855,0
20466,0.547402,0
20467,0.870251,0
20468,1.993787,0
20469,1.613849,0
20470,1.313468,1
20471,2.410106,0
20472,4.468652,0
20473,3.000031,0
20474,0.455326,0
20475,2.417306,0
20476,0.893195,0
20477,0.424201,0
20478,0.658894,0
20479,2.351895,0
20480,0.634846,0
20481,0.477281,0
20482,1.499629,0
20483,1.997878,0
20484,0.197707,0
20485,0.67525,0
20486,0.304247,0
20487,2.447155,0
20488,1.863011,0
20489,1.556079,0
20490,1.92935,0
20491,0.176878,0
20492,2.340795,0
20493,0.938368,0
20494,1.93092,0
20495,1.704861,0
20496,0.651103,1
20497,2.386483,0
20498,2.202074,0
20499,0.865663,0
20500,0.346778,0
20501,0.408802,0
20502,3.197509,0
20503,1.939002,0
20504,1.827461,0
20505,0.533111,0
20506,2.291086,1
20507,0.21771,0
20508,0.084973,0
20509,1.516009,0
20510,0.814131,1
20511,3.234956,0
20512,0.778839,0
20513,2.090299,0
20514,0.572476,0
20515,1.497723,0
20516,0.140982,0
20517,0.522468,0
20518,0.284352,0
20519,2.015721,0
20520,1.87161,0
20521,0.507546,0
20522,1.690457,0
20523,1.72924,0
20524,2.622787,0
20525,0.20831,0
20526,2.797061,0
20527,2.091955,0
20528,0.055113,0
20529,1.481457,0
20530,3.59697,1
20531,1.975478,0
20532,0.942759,0
20533,0.893901,0
20534,2.889587,0
20535,1.03729,0
20536,0.931832,0
20537,0.315309,0
20538,1.673436,0
20539,2.399648,1
20540,0.883756,1
20541,4.954939,1
20542,1.561913,0
20543,2.351243,1
20544,1.291356,0
20545,2.173238,1
20546,2.208795,0
20547,2.111706,0
20548,0.997681,0
20549,2.519889,1
20550,2.757517,0
20551,0.139302,0
20552,0.245192,1
20553,2.616172,0
20554,1.538741,0
20555,0.064979,0
20556,0.133485,0
20557,1.942875,0
20558,1.771422,0
20559,1.672498,0
20560,0.300639,0
20561,1.582781,0
20562,1.892349,1
20563,2.208762,0
20564,0.133803,0
20565,0.51784,0
20566,0.313216,0
20567,0.07799,0
20568,3.726056,1
20569,2.59682,0
20570,0.62514,0
20571,2.393554,0
20572,2.467676,0
20573,0.226095,0
20574,2.450345,0
20575,0.922574,0
20576,0.28389,0
20577,0.192916,0
20578,2.137782,0
20579,3.258971,1
20580,0.716376,0
20581,0.745837,0
20582,0.464167,0
20583,1.444961,0
20584,1.769673,0
20585,2.010986,0
20586,0.609124,0
20587,0.973904,0
20588,1.16666,0
20589,2.471375,0
20590,2.088311,0
20591,2.680145,1
20592,3.426921,0
20593,2.652709,0
20594,4.225436,0
20595,0.68277,0
20596,0.101595,0
20597,1.047976,0
20598,1.81395,0
20599,2.666727,0
20600,3.313446,0
20601,0.52675,0
20602,1.646808,1
20603,0.722337,0
20604,0.631818,0
20605,0.339437,0
20606,0.248973,0
20607,0.263108,0
20608,0.444849,0
20609,0.084106,0
20610,1.438552,0
20611,2.007285,0
20612,0.166364,0
20613,1.993466,0
20614,3.50521,0
20615,1.133909,0
20616,3.054383,1
20617,3.022745,0
20618,2.609836,0
20619,1.854902,0
20620,0.63537,0
20621,0.302905,0
20622,0.019087,0
20623,1.228751,0
20624,0.119842,0
20625,0.669084,0
20626,0.428946,0
20627,0.308593,0
20628,0.11338,0
20629,1.679496,0
20630,0.296162,0
20631,2.621412,0
20632,2.070658,0
20633,0.166917,0
20634,2.375704,0
20635,0.545465,0
20636,0.335023,0
20637,2.21642,0
20638,2.399002,1
20639,2.11481,0
20640,0.233146,0
20641,2.754881,0
20642,2.043558,0
20643,1.713907,0
20644,0.4388,0
20645,4.095907,1
20646,1.707228,0
20647,0.70616,0
20648,1.206524,0
20649,0.14338,0
20650,1.152524,0
20651,1.341124,0
20652,0.198312,0
20653,4.999084,0
20654,2.444268,0
20655,1.930904,0
20656,0.137568,0
20657,1.7292,0
20658,1.277984,0
20659,0.39161,0
20660,0.651943,0
20661,4.091405,0
20662,2.376956,0
20663,4.668561,0
20664,3.989505,0
20665,0.809715,0
20666,1.573981,0
20667,2.142729,0
20668,1.559041,0
20669,2.545263,1
20670,1.879822,0
20671,0.090525,0
20672,2.217376,0
20673,0.118067,0
20674,0.100824,0
20675,1.551774,0
20676,2.342001,0
20677,0.751698,0
20678,1.164708,0
20679,0.973745,0
20680,2.518859,0
20681,0.516584,0
20682,1.14696,0
20683,1.594311,0
20684,0.470335,0
20685,0.373265,0
20686,2.982074,0
20687,2.370198,0
20688,2.3301,1
20689,0.323742,0
20690,2.437104,0
20691,0.387695,0
20692,2.24703,1
20693,1.893008,0
20694,0.069978,0
20695,2.449392,0
20696,0.6248,0
20697,0.262429,0
20698,0.120982,0
20699,2.900173,0
20700,1.107298,0
20701,2.003599,0
20702,3.241612,0
20703,0.280639,0
20704,0.127214,0
20705,1.796877,0
20706,1.473537,0
20707,4.018192,0
20708,0.227842,0
20709,0.044908,0
20710,0.585468,0
20711,2.456074,0
20712,2.652991,0
20713,0.034271,0
20714,1.767094,1
20715,0.642039,0
20716,1.399299,0
20717,0.537404,0
20718,1.600682,0
20719,2.432895,0
20720,0.253283,0
20721,0.086211,0
20722,2.014483,0
20723,1.645406,0
20724,1.789313,0
20725,0.586179,0
20726,0.053062,0
20727,3.518677,0
20728,2.776454,0
20729,2.327864,0
20730,0.407746,0
20731,2.823815,1
20732,2.389075,0
20733,0.676799,0
20734,1.103289,0
20735,1.756409,0
20736,1.826997,0
20737,1.845159,1
20738,2.200498,0
20739,1.053612,0
20740,0.371256,0
20741,1.724149,0
20742,1.532527,0
20743,1.732943,0
20744,0.542825,0
20745,0.032012,0
20746,0.251873,0
20747,0.31215,1
20748,0.344316,0
20749,2.082757,0
20750,1.971527,0
20751,1.167793,0
20752,1.301666,1
20753,1.198838,0
20754,1.458436,0
20755,1.950676,0
20756,1.177355,0
20757,0.411792,0
20758,2.68426,0
20759,0.95991,0
20760,0.301433,0
20761,0.067661,0
20762,0.212762,0
20763,0.461819,0
20764,3.275989,0
20765,1.247328,0
20766,0.130617,0
20767,1.787228,0
20768,0.794242,0
20769,2.017485,0
20770,0.910344,0
20771,3.240051,1
20772,0.863278,0
20773,0.037629,0
20774,2.8815,0
20775,0.389204,0
20776,1.222715,1
20777,2.320834,0
20778,0.169154,0
20779,1.73081,0
20780,0.38379,0
20781,0.419922,0
20782,0.865057,0
20783,0.555447,0
20784,1.711038,0
20785,0.148658,0
20786,0.632768,0
20787,2.924813,1
20788,1.427638,0
20789,2.184023,0
20790,1.226625,0
20791,1.381537,0
20792,1.693179,0
20793,0.286712,0
20794,2.677507,0
20795,1.654049,0
20796,2.506238,0
20797,0.579663,0
20798,3.427169,0
20799,1.969207,0
20800,1.83471,0
20801,1.912086,0
20802,4.872381,0
20803,0.921252,1
20804,0.7977,0
20805,1.352643,0
20806,2.919687,0
20807,1.769871,0
20808,1.319535,0
20809,0.627726,0
20810,0.859448,0
20811,2.840545,1
20812,0.74022,0
20813,1.488756,0
20814,1.496944,0
20815,2.268378,0
20816,0.739813,1
20817,0.100387,0
20818,3.52189,0
20819,0.207183,0
20820,1.696681,0
20821,2.484305,0
20822,1.643333,0
20823,3.08234,0
20824,1.409565,0
20825,1.628642,0
20826,1.841328,0
20827,2.663531,0
20828,1.853248,1
20829,1.763562,0
20830,5.251968,0
20831,1.778874,0
20832,0.014912,0
20833,0.231263,0
20834,2.332004,0
20835,0.393138,0
20836,0.601573,0
20837,1.449298,0
20838,2.208981,0
20839,1.39859,1
20840,0.329648,0
20841,1.405007,0
20842,1.067276,0
20843,2.31032,0
20844,3.04461,0
20845,1.753837,0
20846,1.834844,0
20847,2.116856,0
20848,0.167474,0
20849,3.389628,0
20850,2.020959,0
20851,3.566722,0
20852,0.729277,0
20853,1.830642,0
20854,4.60478,1
20855,3.279534,0
20856,1.672224,0
20857,0.214661,0
20858,0.29988,0
20859,0.800889,0
20860,2.670187,0
20861,4.817476,0
20862,3.951526,1
20863,2.338611,0
20864,3.87174,1
20865,3.408962,1
20866,0.363954,0
20867,1.739954,0
20868,2.646666,0
20869,2.261686,0
20870,0.820975,0
20871,0.737093,0
20872,0.614958,0
20873,0.520995,0
20874,0.077957,0
20875,1.680707,0
20876,2.531873,0
20877,4.641224,0
20878,1.983942,1
20879,0.862765,0
20880,1.998199,0
20881,2.268673,0
20882,1.474552,0
20883,0.519973,0
20884,1.43041,0
20885,2.622599,0
20886,3.584555,0
20887,1.839552,0
20888,0.649743,0
20889,2.131485,0
20890,2.183637,0
20891,1.831203,1
20892,0.63708,1
20893,0.928059,0
20894,2.478021,0
20895,4.37026,0
20896,1.797801,1
20897,2.268217,0
20898,0.137641,0
20899,1.26089,0
20900,0.522699,0
20901,1.993227,0
20902,0.790836,0
20903,1.757682,0
20904,2.534404,0
20905,2.261377,1
20906,2.780463,0
20907,2.537093,0
20908,2.299715,0
20909,1.504856,0
20910,1.843793,0
20911,0.867218,1
20912,0.638718,0
20913,1.388149,0
20914,0.160621,0
20915,1.334763,0
20916,1.551569,0
20917,2.949943,1
20918,0.418245,0
20919,2.096767,1
20920,3.292807,1
20921,0.453653,0
20922,2.366171,0
20923,0.46287,0
20924,1.908935,0
20925,2.517364,0
20926,1.359574,0
20927,3.407629,0
20928,0.808237,0
20929,1.17707,0
20930,1.738612,1
20931,2.262513,0
20932,2.485188,0
20933,1.839417,1
20934,0.556481,0
20935,1.236977,0
20936,2.925307,0
20937,3.641927,0
20938,1.616218,0
20939,1.825218,0
20940,4.200655,0
20941,2.942953,0
20942,0.163762,0
20943,1.754833,0
20944,0.927583,1
20945,2.60429,0
20946,0.802488,0
20947,0.799895,0
20948,4.44946,0
20949,1.026568,0
20950,0.99983,0
20951,2.653119,0
20952,3.269869,1
20953,1.079258,0
20954,1.11469,0
20955,0.074191,0
20956,2.522067,0
20957,1.192343,0
20958,1.456221,0
20959,0.284189,0
20960,0.267576,0
20961,0.597917,0
20962,0.286371,0
20963,0.585011,0
20964,2.192723,0
20965,2.209675,0
20966,0.444952,0
20967,1.906503,0
20968,1.507765,0
20969,2.114441,1
20970,2.930495,0
20971,0.769505,0
20972,0.893134,0
20973,0.185503,0
20974,0.694728,0
20975,1.970327,0
20976,0.484125,0
20977,2.698273,0
20978,1.416269,0
20979,0.671336,0
20980,0.052685,0
20981,0.524681,0
20982,0.346354,0
20983,0.693223,0
20984,0.248364,0
20985,1.647222,0
20986,0.200547,0
20987,1.242206,0
20988,2.460807,0
20989,1.580421,0
20990,0.140278,0
20991,0.982429,0
20992,2.658311,1
20993,3.178071,0
20994,2.291921,1
20995,1.879526,0
20996,0.709896,1
20997,2.634013,0
20998,2.072466,0
20999,1.048876,0
21000,2.617246,0
21001,0.212561,0
21002,0.487759,0
21003,3.882891,0
21004,0.407477,0
21005,1.43885,0
21006,0.810546,0
21007,3.813524,1
21008,0.76959,0
21009,1.504878,0
21010,0.07962,0
21011,2.535677,1
21012,0.890147,0
21013,1.296904,0
21014,3.284481,1
21015,3.16238,0
21016,0.105132,0
21017,2.478366,0
21018,2.613436,0
21019,0.334416,0
21020,2.365389,0
21021,0.22464,0
21022,0.035866,0
21023,2.057823,1
21024,4.833497,0
21025,3.429944,0
21026,1.712748,0
21027,2.203853,0
21028,0.420771,0
21029,0.549887,0
21030,0.047146,0
21031,1.122328,0
21032,0.636669,0
21033,2.063415,0
21034,3.174527,1
21035,1.477018,0
21036,0.249848,0
21037,1.528628,1
21038,0.228477,0
21039,0.405573,0
21040,0.730759,0
21041,4.119772,0
21042,0.173158,0
21043,2.301126,1
21044,2.233786,0
21045,0.076502,0
21046,2.90067,0
21047,0.696536,0
21048,2.287874,0
21049,0.090077,0
21050,0.882684,0
21051,3.272835,0
21052,0.073997,0
21053,0.771368,0
21054,1.930748,0
21055,0.516304,0
21056,0.696503,0
21057,0.271627,0
21058,0.090656,0
21059,2.463235,0
21060,0.651565,0
21061,2.234576,0
21062,0.497028,0
21063,0.196941,0
21064,2.114225,0
21065,0.281279,0
21066,1.721543,0
21067,1.313801,0
21068,3.406901,0
21069,1.388647,0
21070,0.205165,0
21071,1.990461,0
21072,0.205847,0
21073,4.443927,0
21074,1.446372,0
21075,2.545147,0
21076,2.403016,0
21077,0.12325,0
21078,1.049352,0
21079,1.686405,0
21080,2.008071,0
21081,1.501887,1
21082,0.81644,0
21083,0.986668,0
21084,0.994168,0
21085,2.874175,0
21086,4.051903,0
21087,2.372119,0
21088,2.444205,0
21089,4.881221,0
21090,1.646299,0
21091,3.14849,0
21092,1.07101,0
21093,0.084941,0
21094,2.165776,0
21095,1.411127,0
21096,0.916057,0
21097,1.652642,0
21098,1.731952,0
21099,1.702367,0
21100,0.887452,0
21101,2.972897,0
21102,3.544351,0
21103,2.181082,0
21104,2.050071,0
21105,0.803322,0
21106,2.76165,0
21107,1.544768,0
21108,2.232892,0
21109,2.378823,0
21110,0.730861,0
21111,2.309737,0
21112,0.718873,0
21113,2.141775,0
21114,0.068142,0
21115,2.8272,0
21116,1.918647,0
21117,3.610544,0
21118,2.869432,0
21119,4.809174,0
21120,0.679751,0
21121,4.464694,0
21122,1.123953,0
21123,0.796763,0
21124,0.197078,0
21125,2.620367,1
21126,0.041207,0
21127,2.674105,1
21128,0.364108,0
21129,0.919345,0
21130,0.608115,0
21131,0.019879,0
21132,0.501407,0
21133,0.804283,0
21134,1.31286,0
21135,2.302005,0
21136,0.554693,1
21137,2.262089,1
21138,3.222401,0
21139,0.464929,0
21140,1.696515,0
21141,1.848817,1
21142,3.263879,1
21143,0.360052,0
21144,2.282768,0
21145,0.316764,0
21146,0.531958,0
21147,0.556114,0
21148,2.094806,0
21149,0.367923,0
21150,0.066368,1
21151,2.173521,1
21152,1.310856,0
21153,2.226922,0
21154,0.163049,0
21155,1.993551,0
21156,0.33187,0
21157,1.018456,0
21158,0.724535,0
21159,0.904916,1
21160,2.008281,0
21161,1.131376,0
21162,0.116436,0
21163,0.352669,0
21164,0.123231,0
21165,2.48439,0
21166,2.061421,0
21167,2.300543,1
21168,1.509402,1
21169,1.629177,0
21170,0.217679,0
21171,0.209183,0
21172,1.919661,0
21173,0.300243,0
21174,2.534278,0
21175,0.024208,0
21176,1.220019,0
21177,1.199063,0
21178,0.268282,0
21179,1.359952,0
21180,2.657808,0
21181,2.618532,0
21182,1.293076,0
21183,1.43532,0
21184,2.121214,0
21185,1.340204,0
21186,4.101364,1
21187,0.643558,0
21188,0.527725,0
21189,0.438173,0
21190,2.197747,0
21191,0.310855,0
21192,0.591177,0
21193,0.465991,1
21194,1.452307,1
21195,0.821741,0
21196,1.11444,0
21197,0.172905,0
21198,0.115298,0
21199,1.47664,0
21200,2.067663,1
21201,2.540112,0
21202,2.946171,0
21203,2.983263,0
21204,0.073596,0
21205,0.589619,0
21206,0.215395,0
21207,2.539907,0
21208,2.362627,0
21209,0.801795,0
21210,1.833861,0
21211,0.222195,0
21212,1.583292,0
21213,0.066638,0
21214,1.727754,0
21215,2.474791,0
21216,2.226157,0
21217,3.291551,0
21218,0.316537,0
21219,0.214613,0
21220,1.934158,1
21221,1.940649,0
21222,1.091946,0
21223,2.41098,0
21224,3.55356,0
21225,1.165655,0
21226,0.847917,0
21227,1.442717,0
21228,0.085165,0
21229,2.522114,0
21230,0.269306,0
21231,0.478934,0
21232,1.100577,0
21233,0.209928,0
21234,0.13476,0
21235,0.905805,0
21236,1.8436,0
21237,1.194716,0
21238,0.316905,0
21239,2.511227,0
21240,0.351369,1
21241,2.337671,0
21242,1.621166,0
21243,2.133766,1
21244,0.386726,0
21245,0.242447,0
21246,2.311651,0
21247,0.19509,0
21248,1.494089,1
21249,2.007831,0
21250,0.259731,0
21251,2.445498,0
21252,0.149368,0
21253,1.798899,0
21254,4.088419,0
21255,3.280451,0
21256,0.85874,0
21257,1.469376,0
21258,1.380661,0
21259,2.891259,0
21260,1.826881,0
21261,0.45865,0
21262,1.319609,0
21263,0.54608,0
21264,1.45642,0
21265,1.246587,0
21266,1.131745,0
21267,2.315443,1
21268,0.08263,0
21269,0.180549,0
21270,0.603267,0
21271,2.425142,0
21272,1.353661,0
21273,1.410349,0
21274,0.697542,0
21275,1.023735,0
21276,3.404648,0
21277,1.341699,0
21278,1.973331,0
21279,2.41971,0
21280,0.358701,0
21281,2.506296,0
21282,0.386433,0
21283,3.060362,0
21284,1.842805,0
21285,2.112798,0
21286,0.218074,0
21287,0.372965,0
21288,0.438017,0
21289,1.24096,0
21290,1.462052,0
21291,0.206453,0
21292,2.876881,0
21293,2.679743,0
21294,1.559476,0
21295,0.316024,0
21296,2.854781,1
21297,1.973155,0
21298,0.6768,0
21299,0.370676,0
21300,1.367597,1
21301,1.317423,0
21302,0.129176,0
21303,2.432847,0
21304,1.648091,0
21305,0.439874,0
21306,4.42332,1
21307,2.718738,0
21308,0.095099,0
21309,0.484269,0
21310,1.801335,0
21311,3.010942,0
21312,0.642133,0
21313,1.111481,0
21314,3.030216,1
21315,1.650513,0
21316,1.296121,0
21317,0.79014,0
21318,1.997218,0
21319,0.82472,0
21320,2.18805,0
21321,0.414998,0
21322,2.791952,0
21323,0.113724,0
21324,0.146436,0
21325,0.257836,0
21326,1.635496,0
21327,2.142744,0
21328,0.09192,0
21329,2.220842,0
21330,0.332355,0
21331,0.074775,0
21332,1.729416,1
21333,0.263403,0
21334,2.03802,0
21335,2.454974,0
21336,0.507616,0
21337,1.658991,0
21338,2.08124,0
21339,1.652293,0
21340,0.971367,1
21341,2.351628,0
21342,0.534712,0
21343,0.193297,0
21344,1.20529,0
21345,1.188385,0
21346,0.701441,0
21347,2.496825,1
21348,0.15369,0
21349,1.140197,0
21350,2.163599,1
21351,0.349898,0
21352,0.106711,0
21353,0.720593,0
21354,3.7795,0
21355,3.005748,1
21356,1.693253,0
21357,1.474423,0
21358,2.482692,0
21359,0.028304,0
21360,2.119442,0
21361,1.703711,0
21362,1.203965,0
21363,0.885783,0
21364,1.550615,0
21365,0.090221,0
21366,2.564685,0
21367,2.833202,0
21368,1.8143,0
21369,1.490921,0
21370,2.799289,0
21371,3.000286,0
21372,1.631395,0
21373,4.325821,1
21374,1.709967,0
21375,2.25813,0
21376,2.519406,0
21377,2.048326,0
21378,1.604961,0
21379,1.911243,1
21380,3.555079,0
21381,0.195093,0
21382,0.265952,0
21383,0.774438,0
21384,2.549014,0
21385,2.866462,1
21386,0.152213,0
21387,4.312457,0
21388,3.264253,0
21389,0.041285,0
21390,2.008008,0
21391,3.85673,0
21392,1.866992,0
21393,2.715017,0
21394,1.194538,0
21395,1.489958,0
21396,1.596073,0
21397,1.920455,0
21398,0.842995,0
21399,0.442267,0
21400,1.055343,0
21401,1.622457,0
21402,2.127617,0
21403,2.058159,0
21404,0.144627,0
21405,2.063659,0
21406,2.324157,1
21407,0.46622,0
21408,0.470805,0
21409,0.900494,0
21410,1.037681,0
21411,1.128436,0
21412,1.111234,0
21413,0.794558,0
21414,2.515438,1
21415,0.431802,0
21416,0.10691,0
21417,2.855838,0
21418,2.101092,0
21419,0.734888,0
21420,2.217531,0
21421,0.069946,0
21422,0.042954,0
21423,0.525279,0
21424,2.687852,0
21425,2.210465,1
21426,0.033293,0
21427,2.123403,0
21428,0.529772,0
21429,2.537889,1
21430,2.358463,0
21431,0.220847,0
21432,0.377645,0
21433,0.176063,0
21434,0.321454,0
21435,2.595767,0
21436,1.774566,0
21437,1.964505,0
21438,0.245841,0
21439,2.26305,1
21440,0.241309,0
21441,1.049003,1
21442,0.476652,0
21443,1.597914,0
21444,2.391075,0
21445,1.924711,0
21446,2.20311,0
21447,2.758326,0
21448,1.646878,0
21449,0.400616,0
21450,1.381195,1
21451,3.050853,0
21452,1.543664,0
21453,0.840775,0
21454,3.81129,0
21455,0.122529,0
21456,0.080769,0
21457,2.247215,0
21458,0.326798,0
21459,0.899404,0
21460,1.810684,0
21461,2.792267,0
21462,0.658308,1
21463,2.004235,0
21464,0.277724,0
21465,0.889582,1
21466,0.642166,0
21467,2.323068,0
21468,1.46323,0
21469,2.096087,1
21470,1.236766,1
21471,1.010327,0
21472,0.17399,1
21473,2.352942,0
21474,1.892018,0
21475,1.241768,1
21476,4.269331,1
21477,2.92108,0
21478,2.041677,0
21479,0.054498,0
21480,0.351909,0
21481,0.793746,0
21482,3.561692,0
21483,0.237739,0
21484,1.064979,0
21485,0.123202,0
21486,2.579626,0
21487,0.261654,0
21488,0.20974,0
21489,2.411742,1
21490,2.363568,0
21491,0.065846,0
21492,1.051349,0
21493,2.016558,1
21494,1.30666,0
21495,0.245677,0
21496,1.636356,1
21497,0.252629,0
21498,1.140311,0
21499,1.926031,0
21500,2.115868,0
21501,0.060945,0
21502,1.545956,0
21503,2.64857,0
21504,0.217206,0
21505,2.296139,0
21506,0.057024,1
21507,0.498425,0
21508,0.755242,1
21509,0.40765,0
21510,1.667737,0
21511,1.432224,0
21512,1.461251,0
21513,2.094601,0
21514,5.268555,0
21515,1.73707,0
21516,0.808878,1
21517,0.086546,0
21518,1.490155,0
21519,1.695113,1
21520,0.131127,0
21521,3.093581,0
21522,4.096405,0
21523,0.127547,0
21524,1.98333,0
21525,1.104399,0
21526,0.240264,0
21527,2.219895,0
21528,1.234815,0
21529,4.737223,1
21530,1.060742,0
21531,0.881865,0
21532,2.291636,0
21533,0.421354,0
21534,2.084574,0
21535,0.462481,0
21536,2.652208,0
21537,4.150783,0
21538,2.807987,0
21539,0.313213,0
21540,1.073363,0
21541,0.677643,1
21542,1.299291,0
21543,1.746727,1
21544,1.717798,0
21545,1.159741,0
21546,3.065957,1
21547,0.602686,0
21548,0.67269,0
21549,0.552172,0
21550,3.789526,1
21551,2.793786,1
21552,3.655966,0
21553,1.187879,0
21554,3.387115,1
21555,0.334961,0
21556,0.188639,0
21557,1.52043,0
21558,2.015067,0
21559,0.941607,0
21560,2.881697,0
21561,2.907559,0
21562,1.167601,0
21563,1.830606,0
21564,4.206628,1
21565,2.044249,0
21566,0.538141,0
21567,2.669314,0
21568,2.618695,0
21569,2.864537,0
21570,0.844848,0
21571,3.606503,0
21572,0.689952,0
21573,3.280945,0
21574,0.404124,0
21575,1.770922,0
21576,2.474143,0
21577,2.480624,0
21578,2.628611,0
21579,1.788802,0
21580,3.716296,0
21581,1.310788,0
21582,2.302186,0
21583,0.625922,0
21584,0.273209,0
21585,0.906226,0
21586,1.613449,0
21587,0.523551,0
21588,4.511942,1
21589,0.731793,0
21590,0.022512,0
21591,0.619864,0
21592,3.269986,0
21593,0.198039,1
21594,0.946544,0
21595,0.650618,0
21596,0.104574,0
21597,2.665686,0
21598,2.410343,0
21599,0.167456,0
21600,1.692973,0
21601,2.73028,0
21602,1.836491,0
21603,2.370981,0
21604,2.611305,0
21605,1.850699,0
21606,1.57044,0
21607,2.143099,0
21608,3.056133,0
21609,2.967029,1
21610,1.780642,0
21611,0.06243,0
21612,1.688944,0
21613,1.502314,0
21614,2.749642,0
21615,1.72195,0
21616,0.72497,0
21617,0.142199,0
21618,1.089383,0
21619,2.906416,0
21620,2.06097,0
21621,0.079744,0
21622,0.994703,0
21623,1.257717,0
21624,1.52283,0
21625,0.641577,0
21626,0.155675,0
21627,1.281702,0
21628,0.192061,0
21629,3.338291,0
21630,1.238978,0
21631,1.234822,0
21632,0.043616,0
21633,0.917769,0
21634,3.407055,0
21635,2.227483,0
21636,2.767394,0
21637,0.035486,0
21638,0.41243,0
21639,0.951215,0
21640,0.659527,0
21641,1.324564,0
21642,1.385449,0
21643,0.277249,0
21644,1.880016,0
21645,0.833764,0
21646,0.948198,0
21647,0.119526,0
21648,0.515339,0
21649,0.605392,1
21650,2.387177,0
21651,2.524447,0
21652,0.64476,0
21653,1.090217,0
21654,0.500004,0
21655,0.655533,0
21656,2.478035,0
21657,1.608034,0
21658,1.398117,0
21659,0.538316,0
21660,0.500895,0
21661,2.751066,0
21662,0.161031,0
21663,0.116273,0
21664,2.606813,1
21665,0.695114,0
21666,0.086375,0
21667,0.726592,1
21668,0.417445,0
21669,0.202236,0
21670,0.064507,0
21671,0.608431,0
21672,1.291333,0
21673,1.617934,1
21674,0.108597,0
21675,1.484301,0
21676,3.277044,0
21677,0.709665,0
21678,1.704523,0
21679,1.021019,0
21680,1.966881,0
21681,1.890104,0
21682,2.526419,0
21683,0.626408,0
21684,2.749531,0
21685,0.107009,0
21686,1.354417,0
21687,2.627395,0
21688,1.9628,1
21689,0.028021,0
21690,3.378923,1
21691,1.541911,1
21692,3.471887,0
21693,2.440891,0
21694,3.832789,0
21695,4.39735,0
21696,1.522734,0
21697,1.035277,0
21698,3.391675,0
21699,0.175887,0
21700,1.171933,0
21701,0.169269,0
21702,0.412877,0
21703,2.394333,0
21704,2.209657,0
21705,0.236009,0
21706,3.071768,0
21707,2.257918,0
21708,0.89637,0
21709,3.877889,1
21710,0.432476,0
21711,0.790412,0
21712,1.663672,0
21713,2.870663,0
21714,0.304373,0
21715,2.107764,0
21716,3.775894,0
21717,1.730069,0
21718,0.081875,0
21719,0.028421,0
21720,0.900099,0
21721,2.19735,0
21722,1.1288,0
21723,0.808025,0
21724,0.252939,0
21725,0.292486,0
21726,0.939789,0
21727,1.51189,0
21728,0.231428,0
21729,2.125519,0
21730,0.680091,0
21731,1.491315,0
21732,1.82847,0
21733,0.270939,1
21734,0.165482,0
21735,2.37323,0
21736,1.858444,0
21737,0.17944,0
21738,2.11062,0
21739,0.503876,0
21740,2.363139,0
21741,0.678996,0
21742,2.599862,0
21743,0.316463,0
21744,1.730463,0
21745,0.967373,0
21746,0.361013,0
21747,1.315464,0
21748,2.374348,0
21749,0.441557,0
21750,2.157958,0
21751,0.548781,0
21752,1.744979,0
21753,0.190525,0
21754,0.638504,0
21755,0.086143,0
21756,0.009699,0
21757,1.083199,0
21758,1.310915,0
21759,1.87785,0
21760,1.793326,0
21761,0.644445,0
21762,0.456707,0
21763,1.275893,1
21764,0.700113,0
21765,2.897866,1
21766,0.691399,0
21767,0.08462,0
21768,1.368922,0
21769,3.041061,0
21770,1.801284,0
21771,2.432887,0
21772,0.48689,0
21773,2.098594,0
21774,2.714036,0
21775,2.44302,0
21776,2.872535,1
21777,0.959747,0
21778,0.158141,0
21779,2.11199,0
21780,0.977182,1
21781,2.907907,1
21782,2.144655,0
21783,0.272011,0
21784,2.985549,0
21785,2.081879,0
21786,4.259924,0
21787,2.85867,0
21788,2.193593,1
21789,0.28123,0
21790,0.169301,0
21791,1.787166,0
21792,1.736325,0
21793,0.106304,0
21794,3.50266,0
21795,1.915781,1
21796,2.122226,1
21797,0.70886,0
21798,0.264649,0
21799,0.277324,0
21800,0.018183,0
21801,1.184361,0
21802,0.172174,0
21803,1.552809,0
21804,2.196977,0
21805,2.403006,0
21806,2.445996,0
21807,0.702357,0
21808,0.097989,0
21809,1.382278,0
21810,0.10488,0
21811,2.555398,0
21812,0.294092,0
21813,2.802423,0
21814,3.125323,0
21815,3.904051,0
21816,0.208551,0
21817,1.56873,0
21818,1.944715,0
21819,3.822964,0
21820,2.780626,0
21821,2.677917,0
21822,0.890809,0
21823,0.919523,0
21824,0.078819,0
21825,0.038152,0
21826,0.362573,0
21827,2.888319,1
21828,0.264793,0
21829,2.095935,1
21830,0.694467,0
21831,2.120535,0
21832,1.976596,0
21833,1.030798,0
21834,1.856924,0
21835,0.717251,0
21836,1.458828,0
21837,2.116478,0
21838,0.554503,0
21839,0.235714,0
21840,3.030647,0
21841,3.162732,0
21842,0.541305,0
21843,2.560632,0
21844,0.388782,0
21845,2.316885,0
21846,1.701345,0
21847,0.964886,0
21848,0.260223,0
21849,1.330206,0
21850,2.32341,0
21851,2.025233,0
21852,0.179667,0
21853,2.403489,0
21854,0.149246,0
21855,1.92687,0
21856,2.70293,0
21857,2.270009,0
21858,1.316584,0
21859,0.332818,0
21860,0.974124,0
21861,3.953031,0
21862,2.550809,0
21863,2.270146,0
21864,0.436984,0
21865,0.1166,0
21866,0.114488,0
21867,1.440782,0
21868,0.286043,0
21869,3.791427,1
21870,2.627199,0
21871,0.526353,0
21872,3.172658,0
21873,1.903399,1
21874,2.512539,0
21875,2.800645,0
21876,1.474302,0
21877,3.522171,1
21878,2.745547,0
21879,2.131099,0
21880,0.589482,0
21881,1.887038,0
21882,2.91906,0
21883,1.859779,0
21884,1.701544,0
21885,0.04288,0
21886,1.711771,0
21887,2.682499,0
21888,0.14635,0
21889,2.968589,0
21890,0.259215,0
21891,0.234174,0
21892,1.847952,0
21893,2.128111,0
21894,0.253114,0
21895,2.28823,0
21896,1.511254,0
21897,1.732493,1
21898,0.760111,1
21899,0.526091,0
21900,2.141597,0
21901,2.105232,0
21902,1.223596,0
21903,2.069495,0
21904,0.269742,0
21905,1.001263,0
21906,1.024935,0
21907,0.232871,0
21908,3.846743,0
21909,3.025206,0
21910,2.135334,0
21911,3.054452,0
21912,3.703775,1
21913,1.861036,1
21914,0.233335,0
21915,1.062685,0
21916,1.564261,0
21917,0.057079,0
21918,0.819223,0
21919,1.756055,0
21920,0.359629,0
21921,3.045124,1
21922,1.469359,0
21923,0.574594,0
21924,2.346,0
21925,3.097272,0
21926,2.560408,0
21927,0.247241,0
21928,1.308562,1
21929,3.035348,0
21930,1.860739,0
21931,2.926408,1
21932,0.214941,0
21933,2.615147,0
21934,2.027836,1
21935,2.005187,1
21936,0.894448,0
21937,2.159912,0
21938,0.298691,0
21939,0.27219,0
21940,0.848858,0
21941,1.275896,0
21942,0.922051,0
21943,2.750547,0
21944,1.216252,1
21945,0.101842,0
21946,1.437687,0
21947,0.135568,0
21948,2.881658,0
21949,2.087137,0
21950,1.266012,0
21951,4.279711,0
21952,0.27351,0
21953,0.105073,0
21954,2.194818,0
21955,0.316268,0
21956,1.839051,1
21957,1.773765,1
21958,3.886216,0
21959,3.587884,0
21960,2.470199,0
21961,0.826928,0
21962,0.664606,0
21963,2.781141,0
21964,0.981891,0
21965,0.145727,0
21966,0.944806,0
21967,2.167521,0
21968,0.871093,0
21969,2.843576,0
21970,1.691973,0
21971,0.615172,0
21972,0.060887,0
21973,1.547817,0
21974,1.816057,1
21975,1.412724,0
21976,0.922617,0
21977,1.49807,0
21978,2.270443,1
21979,0.699768,0
21980,1.611305,0
21981,0.079775,0
21982,2.235518,0
21983,0.033379,0
21984,3.79252,0
21985,3.094715,0
21986,1.862304,0
21987,2.632484,0
21988,1.755967,0
21989,0.453929,0
21990,0.543217,0
21991,0.322857,0
21992,1.118604,0
21993,1.545277,0
21994,2.081422,1
21995,3.610315,0
21996,0.626843,0
21997,2.502465,0
21998,2.312515,0
21999,3.261352,0
22000,0.376266,0
22001,3.106634,0
22002,0.326349,0
22003,0.129916,0
22004,1.989892,0
22005,0.252799,0
22006,0.953172,0
22007,0.213218,0
22008,0.662883,0
22009,0.493742,0
22010,0.288351,0
22011,2.322773,0
22012,0.577424,1
22013,1.662669,0
22014,0.525491,0
22015,1.395862,0
22016,2.209038,0
22017,3.087937,1
22018,2.002473,0
22019,1.217185,0
22020,1.472795,0
22021,1.766118,0
22022,0.081974,0
22023,1.86043,0
22024,2.343731,0
22025,1.735209,0
22026,3.383358,0
22027,1.758619,0
22028,0.078918,1
22029,2.198131,0
22030,1.571484,0
22031,1.851766,0
22032,0.818017,1
22033,0.703503,0
22034,0.270357,0
22035,1.460741,0
22036,0.556518,0
22037,1.01293,0
22038,0.164706,0
22039,2.201358,0
22040,0.512199,0
22041,2.611087,0
22042,2.408116,0
22043,0.904705,0
22044,2.338665,0
22045,0.537557,0
22046,0.133137,0
22047,0.469182,0
22048,3.823149,1
22049,2.63145,0
22050,2.319874,0
22051,0.986369,0
22052,1.562196,0
22053,2.615807,0
22054,2.838898,0
22055,0.114634,0
22056,0.741138,0
22057,4.128955,0
22058,1.724308,0
22059,0.955373,0
22060,0.670995,0
22061,0.262999,0
22062,0.499387,0
22063,2.162317,0
22064,1.720202,0
22065,1.721863,0
22066,2.766434,0
22067,1.13158,0
22068,0.086295,0
22069,0.617485,0
22070,2.318641,0
22071,1.708899,0
22072,0.662391,0
22073,1.883109,0
22074,0.417539,0
22075,0.312392,0
22076,0.430732,0
22077,3.431547,0
22078,3.079842,0
22079,2.427032,0
22080,2.351042,0
22081,0.975975,0
22082,1.257106,0
22083,2.101295,1
22084,2.75446,0
22085,0.886744,0
22086,1.541332,0
22087,2.956203,0
22088,0.78406,0
22089,1.575651,0
22090,2.160972,0
22091,0.06202,0
22092,1.801573,1
22093,2.442032,0
22094,1.67596,0
22095,0.264951,0
22096,1.14905,0
22097,2.105218,0
22098,1.76295,0
22099,2.881694,0
22100,1.769925,0
22101,1.54533,1
22102,1.843352,0
22103,0.356965,0
22104,1.294256,0
22105,2.32676,0
22106,1.822933,0
22107,0.564283,1
22108,2.618545,0
22109,0.309173,0
22110,0.171675,0
22111,0.44807,0
22112,0.127567,0
22113,1.18114,0
22114,2.855924,0
22115,2.007111,0
22116,2.49079,0
22117,0.128097,0
22118,1.632221,0
22119,0.053871,0
22120,3.37387,0
22121,2.511873,0
22122,0.310622,0
22123,2.543693,0
22124,1.37263,0
22125,2.066341,0
22126,0.046935,0
22127,3.224997,0
22128,0.03432,0
22129,2.375036,0
22130,0.412055,0
22131,3.051576,0
22132,0.674345,0
22133,0.991866,1
22134,0.737327,0
22135,1.129699,1
22136,2.568948,0
22137,1.630803,0
22138,0.337518,0
22139,0.227199,0
22140,2.064306,0
22141,2.059172,0
22142,0.330085,0
22143,4.232654,0
22144,1.659396,1
22145,0.919565,0
22146,1.01167,0
22147,0.274394,0
22148,0.05635,0
22149,0.67493,0
22150,0.081204,0
22151,0.541729,0
22152,2.158138,0
22153,3.087151,0
22154,2.384223,0
22155,2.509824,0
22156,0.090265,0
22157,0.121525,0
22158,1.137973,1
22159,1.611306,0
22160,0.638666,0
22161,2.100384,0
22162,0.622532,0
22163,1.820554,0
22164,0.694375,0
22165,1.786126,0
22166,1.321906,0
22167,0.437732,0
22168,1.356018,0
22169,3.743556,0
22170,0.433874,0
22171,2.813528,0
22172,1.434212,0
22173,1.149274,0
22174,1.758135,0
22175,2.033829,0
22176,0.328252,0
22177,2.137475,0
22178,1.484068,0
22179,0.173757,0
22180,0.812411,1
22181,1.437483,1
22182,2.274163,0
22183,0.687077,0
22184,0.616615,0
22185,0.269603,0
22186,2.190781,0
22187,1.816974,0
22188,2.13496,0
22189,0.192723,0
22190,0.986048,0
22191,1.443842,0
22192,3.445871,1
22193,3.004756,0
22194,0.654082,0
22195,1.116702,0
22196,1.099761,0
22197,1.417196,1
22198,2.44458,0
22199,1.812161,0
22200,2.18996,0
22201,2.746655,0
22202,2.242216,0
22203,0.030602,0
22204,2.89931,0
22205,0.455537,0
22206,1.350098,0
22207,0.452662,1
22208,0.089391,0
22209,2.579585,0
22210,3.186669,0
22211,0.399939,0
22212,2.154128,0
22213,2.029542,0
22214,0.468433,0
22215,2.766388,0
22216,1.122602,0
22217,2.078904,0
22218,0.102417,0
22219,3.219188,1
22220,0.20038,0
22221,2.06845,0
22222,3.066883,0
22223,2.835417,0
22224,2.527162,1
22225,0.301321,0
22226,2.068227,0
22227,0.167522,0
22228,2.106618,0
22229,0.777904,0
22230,1.933238,1
22231,2.137561,0
22232,2.328141,0
22233,0.188737,0
22234,2.052583,0
22235,0.16822,0
22236,2.021657,0
22237,1.040604,0
22238,0.04785,0
22239,0.084203,0
22240,2.968068,0
22241,1.528624,0
22242,1.031005,0
22243,0.92791,0
22244,2.563807,1
22245,3.017209,0
22246,0.140004,0
22247,1.903404,0
22248,0.477291,0
22249,1.548262,0
22250,1.968103,0
22251,1.471218,0
22252,0.112218,0
22253,0.072833,0
22254,2.333352,0
22255,0.763845,0
22256,1.521024,0
22257,0.207236,0
22258,2.846867,0
22259,0.099322,0
22260,3.179199,0
22261,1.412154,0
22262,2.800438,0
22263,1.89103,1
22264,1.627268,0
22265,1.017399,0
22266,3.193916,0
22267,1.347191,0
22268,1.082448,0
22269,0.445087,1
22270,2.832272,0
22271,1.237734,0
22272,1.992318,0
22273,0.958803,0
22274,1.780565,0
22275,0.07363,0
22276,1.556448,0
22277,2.909664,0
22278,1.461526,0
22279,1.784331,0
22280,2.16942,0
22281,1.95778,0
22282,4.167023,0
22283,2.515906,0
22284,0.072449,0
22285,1.638609,0
22286,2.353554,0
22287,3.841152,1
22288,2.492248,0
22289,0.260536,0
22290,2.542998,0
22291,1.495756,0
22292,1.067209,0
22293,0.472035,0
22294,1.238255,0
22295,2.397124,0
22296,1.102385,0
22297,3.444141,0
22298,1.606906,0
22299,2.406067,1
22300,0.264894,0
22301,2.114423,0
22302,0.164669,1
22303,0.431034,0
22304,3.178216,0
22305,1.954717,0
22306,2.822964,0
22307,2.317013,0
22308,2.8505,0
22309,4.30519,0
22310,0.831548,0
22311,2.081402,0
22312,0.983937,0
22313,1.610132,0
22314,1.695394,0
22315,2.064754,0
22316,3.850897,1
22317,0.717761,0
22318,0.278972,0
22319,3.135535,0
22320,2.435213,0
22321,4.131666,0
22322,1.280991,0
22323,2.674719,0
22324,0.16191,0
22325,0.067614,0
22326,0.709832,0
22327,1.396651,1
22328,0.31369,0
22329,0.541652,0
22330,0.840484,0
22331,0.205617,0
22332,3.141256,0
22333,0.079804,0
22334,0.274456,0
22335,1.993452,0
22336,0.224966,0
22337,0.1219,0
22338,0.079414,0
22339,1.296339,0
22340,1.872102,0
22341,3.897883,0
22342,1.720671,0
22343,0.768512,1
22344,3.079594,0
22345,0.119328,0
22346,1.135678,0
22347,4.832203,0
22348,3.036192,0
22349,1.276292,0
22350,2.290086,0
22351,0.325582,0
22352,1.959913,0
22353,0.235579,0
22354,1.577446,0
22355,3.377835,1
22356,0.088117,0
22357,0.28907,0
22358,3.308592,0
22359,1.250598,0
22360,1.927561,1
22361,2.3876,0
22362,3.248757,0
22363,1.606917,1
22364,3.074292,0
22365,1.501136,0
22366,2.487439,0
22367,3.652507,0
22368,3.452784,0
22369,0.798283,0
22370,2.661077,0
22371,2.402091,0
22372,2.437648,0
22373,1.57183,0
22374,2.971349,0
22375,3.081228,0
22376,1.073414,0
22377,0.506126,0
22378,3.196258,0
22379,0.202674,0
22380,2.752597,0
22381,1.123195,0
22382,2.926259,0
22383,1.032357,1
22384,1.783893,0
22385,2.860087,0
22386,0.029545,0
22387,1.959022,0
22388,3.802695,0
22389,0.184614,0
22390,0.030835,0
22391,2.063845,0
22392,1.126802,0
22393,2.797071,0
22394,1.470621,0
22395,0.30575,0
22396,0.260427,0
22397,2.886499,0
22398,0.180025,0
22399,0.337088,0
22400,1.53291,0
22401,2.434913,0
22402,0.833528,0
22403,0.03557,0
22404,2.601171,0
22405,1.489374,0
22406,0.179459,0
22407,1.903708,0
22408,1.977838,1
22409,2.018188,0
22410,3.995624,0
22411,0.370909,0
22412,0.525793,0
22413,2.566159,0
22414,1.994223,0
22415,3.168766,1
22416,2.208936,0
22417,0.222239,0
22418,2.868738,0
22419,1.003565,0
22420,0.161563,0
22421,2.165426,0
22422,3.067981,0
22423,2.113789,0
22424,0.321858,0
22425,2.250295,0
22426,0.469712,0
22427,2.471482,0
22428,0.293239,0
22429,1.419612,1
22430,2.103658,0
22431,0.690811,0
22432,2.440252,0
22433,2.068024,0
22434,1.286797,0
22435,0.201128,0
22436,0.074803,0
22437,2.366819,0
22438,0.161639,0
22439,2.37745,0
22440,2.393086,0
22441,1.887538,0
22442,0.11359,0
22443,0.349065,0
22444,0.148597,0
22445,2.111865,1
22446,1.810391,0
22447,2.046078,0
22448,0.150143,0
22449,3.98266,0
22450,0.273667,0
22451,1.430909,0
22452,3.494394,0
22453,0.045411,0
22454,1.961428,0
22455,2.803885,0
22456,0.043828,0
22457,0.179403,0
22458,1.444004,1
22459,1.656042,0
22460,0.869471,0
22461,0.059991,0
22462,0.369912,0
22463,1.581106,0
22464,2.072585,0
22465,1.336003,0
22466,2.772105,0
22467,0.142925,0
22468,1.020535,0
22469,1.810097,0
22470,2.012979,0
22471,0.637655,0
22472,1.528926,1
22473,1.853691,0
22474,3.796486,1
22475,1.414875,0
22476,0.165004,0
22477,1.165402,0
22478,0.33076,0
22479,1.489929,0
22480,2.227204,0
22481,0.642318,0
22482,2.191576,0
22483,1.08378,0
22484,0.154174,0
22485,0.950746,0
22486,0.065829,0
22487,2.262576,0
22488,0.159582,0
22489,1.4133,0
22490,2.62117,0
22491,2.289053,1
22492,2.073079,0
22493,0.303082,0
22494,0.328253,1
22495,2.716007,0
22496,1.396589,0
22497,2.332723,0
22498,0.353352,1
22499,2.682521,0
