sample_idx,loss,is_noisy
0,1.519667,1
1,2.179269,1
2,3.462211,1
3,1.841178,1
4,0.864379,0
5,0.381501,1
6,1.486112,1
7,0.264119,1
8,1.227502,1
9,0.368047,1
10,1.338782,1
11,0.14814,0
12,0.204609,1
13,4.498363,1
14,3.744242,0
15,0.872238,1
16,2.113575,1
17,2.607006,1
18,0.418089,0
19,1.059554,1
20,1.955608,1
21,1.381815,0
22,3.45074,1
23,0.336057,1
24,1.097188,1
25,0.18841,1
26,2.002142,1
27,2.87608,0
28,1.490559,0
29,0.287196,1
30,2.289387,1
31,0.735738,0
32,5.904909,0
33,0.191031,1
34,2.162913,1
35,1.119688,1
36,1.801519,0
37,4.455117,1
38,0.416307,1
39,3.561534,1
40,1.800174,1
41,0.700584,1
42,0.28552,1
43,2.421252,0
44,4.963637,0
45,2.325831,1
46,0.417323,0
47,3.285444,1
48,0.390321,1
49,1.005906,1
50,0.285933,0
51,0.130012,0
52,0.30813,1
53,2.126411,1
54,0.349943,1
55,2.257836,1
56,2.044437,1
57,0.400557,0
58,0.429699,1
59,0.669392,0
60,2.53043,0
61,0.682119,1
62,2.14406,1
63,0.878289,1
64,0.202647,1
65,2.347226,1
66,4.952209,1
67,4.154631,1
68,3.805783,0
69,0.239905,0
70,0.440843,1
71,4.394174,1
72,0.511168,1
73,0.743262,1
74,0.359595,1
75,1.044752,1
76,1.581855,0
77,1.700538,1
78,2.730871,1
79,2.123368,1
80,0.247615,1
81,0.646828,1
82,3.098689,1
83,4.961801,1
84,1.44584,1
85,0.314867,1
86,1.433802,0
87,1.596677,0
88,1.01571,0
89,0.578291,1
90,0.945937,1
91,0.662854,1
92,2.31949,1
93,0.104399,0
94,0.591136,1
95,0.081511,0
96,0.733367,1
97,0.465854,1
98,5.046004,1
99,3.397949,1
100,2.38771,1
101,2.927066,1
102,0.630714,0
103,0.729642,1
104,0.193026,0
105,0.636585,1
106,2.846321,1
107,0.278402,1
108,1.307341,0
109,0.48592,0
110,0.103391,1
111,1.785838,0
112,1.060558,0
113,5.118741,0
114,4.889833,0
115,1.737972,1
116,3.260939,0
117,0.582905,1
118,1.314316,1
119,0.30506,1
120,0.64379,1
121,0.477355,0
122,1.234804,1
123,2.731233,0
124,0.206935,0
125,0.223035,1
126,0.282102,1
127,0.822092,1
128,0.877167,0
129,0.219665,0
130,1.690952,1
131,1.470764,1
132,1.28475,1
133,0.358349,0
134,1.953892,0
135,0.115365,1
136,0.621419,0
137,0.21692,0
138,3.691698,0
139,1.4127,1
140,0.197815,1
141,0.620883,1
142,4.575793,0
143,1.778268,1
144,1.29011,1
145,1.708771,1
146,0.968996,1
147,0.21434,0
148,1.406676,0
149,2.090653,1
150,2.508019,1
151,0.133673,0
152,0.618308,1
153,0.230088,1
154,2.251028,1
155,2.317836,0
156,0.293323,1
157,0.706978,1
158,0.156999,0
159,1.551109,1
160,0.802768,1
161,2.449661,1
162,1.621656,1
163,4.464834,0
164,1.075775,0
165,1.713714,0
166,4.78575,0
167,2.582534,1
168,1.726559,1
169,0.207486,1
170,0.324347,1
171,1.798662,0
172,2.607286,1
173,3.45901,0
174,4.007129,0
175,0.52686,1
176,5.401723,1
177,5.175542,1
178,1.056441,1
179,3.156669,1
180,0.934383,0
181,0.312802,1
182,0.651571,1
183,0.205114,1
184,2.984253,0
185,0.625776,1
186,2.064577,0
187,1.980061,1
188,2.06654,0
189,0.388442,1
190,0.302828,1
191,4.924796,0
192,0.230032,1
193,1.349274,1
194,0.209331,0
195,1.727133,1
196,2.522259,0
197,2.365946,0
198,0.136189,1
199,3.561901,1
200,1.633776,1
201,3.371293,0
202,1.836454,0
203,1.507523,1
204,0.227982,0
205,1.287368,0
206,5.449697,0
207,3.970226,0
208,0.920186,0
209,4.994337,1
210,1.090165,1
211,0.267362,0
212,0.673854,1
213,1.457431,0
214,2.264102,1
215,0.413928,1
216,0.192098,1
217,0.202894,1
218,4.933642,1
219,0.308794,1
220,2.077171,0
221,0.374838,1
222,0.441266,1
223,5.498145,1
224,0.104738,0
225,0.836408,1
226,1.291147,1
227,1.583432,1
228,1.410682,1
229,1.633705,1
230,2.137167,1
231,0.310751,0
232,3.359679,1
233,2.119938,0
234,1.456731,0
235,0.154178,1
236,1.586875,0
237,0.521578,1
238,0.371475,1
239,0.207564,1
240,4.014444,0
241,1.077032,1
242,4.029757,0
243,2.031186,0
244,0.141587,1
245,0.725433,1
246,0.150572,0
247,0.415916,1
248,0.352381,1
249,3.457694,0
250,0.926775,0
251,0.86437,0
252,1.244741,1
253,0.209271,0
254,2.503633,1
255,1.492163,1
256,0.279035,1
257,1.020128,1
258,1.183634,1
259,3.626014,0
260,3.363129,1
261,3.803063,1
262,0.337283,1
263,5.215567,1
264,0.148242,0
265,0.995819,0
266,1.558956,1
267,4.478276,1
268,0.180439,0
269,1.575364,1
270,2.309799,1
271,1.830842,1
272,1.690009,0
273,0.796852,1
274,0.60108,1
275,1.921076,1
276,2.652364,1
277,2.631252,1
278,0.947829,1
279,1.479004,1
280,0.543254,1
281,0.446436,1
282,0.103097,0
283,3.512331,1
284,3.615699,0
285,1.309271,1
286,0.659763,1
287,2.147249,0
288,1.762758,0
289,0.39988,0
290,0.383451,1
291,4.885712,0
292,0.417138,1
293,0.134284,0
294,4.550744,1
295,0.41131,0
296,4.059647,1
297,2.808292,1
298,2.075541,0
299,1.543449,1
300,0.273635,1
301,2.155239,0
302,1.767318,0
303,0.568289,1
304,5.206966,0
305,0.30628,0
306,0.721693,0
307,0.481902,1
308,4.021045,1
309,5.344331,0
310,0.460253,1
311,5.75572,1
312,0.437077,1
313,2.547403,1
314,3.504411,1
315,0.243766,1
316,0.388902,1
317,0.391625,0
318,2.127991,1
319,1.199492,1
320,0.982103,0
321,3.079818,0
322,0.45556,1
323,0.131228,0
324,1.462929,0
325,0.9046,1
326,3.487161,1
327,0.721019,1
328,1.758379,0
329,2.964581,1
330,1.001708,1
331,3.489505,1
332,4.709649,1
333,1.159479,0
334,2.718322,0
335,1.809967,1
336,2.794438,1
337,1.467107,0
338,6.241604,0
339,0.835152,1
340,0.19306,1
341,2.761661,1
342,1.52192,0
343,0.374853,0
344,2.729122,1
345,1.942564,0
346,0.762457,1
347,2.368911,1
348,2.957533,0
349,0.819108,0
350,0.283198,1
351,2.246881,0
352,0.185303,0
353,0.366153,0
354,0.18335,1
355,0.076284,0
356,6.533811,1
357,1.19353,1
358,0.865797,1
359,4.61147,0
360,0.241274,1
361,0.311372,0
362,1.114169,1
363,0.423143,1
364,0.280706,0
365,0.896794,1
366,4.236109,0
367,0.352428,1
368,2.032431,1
369,0.793106,1
370,0.284054,0
371,4.713063,1
372,4.647882,0
373,0.17566,0
374,0.382594,1
375,0.911294,0
376,0.997432,1
377,0.812937,1
378,0.343121,0
379,0.600273,1
380,0.292882,1
381,0.618935,1
382,0.428705,1
383,0.441066,1
384,0.260971,1
385,0.564106,1
386,4.772018,0
387,1.944201,1
388,1.097073,1
389,0.222824,0
390,1.002705,1
391,5.196424,0
392,0.608577,1
393,1.135838,1
394,0.162166,0
395,1.081644,1
396,1.558712,1
397,2.406869,0
398,2.652469,0
399,1.907148,1
400,0.190597,0
401,1.812515,1
402,0.391255,0
403,0.531539,1
404,0.168733,0
405,0.785993,1
406,0.412632,0
407,1.74526,1
408,1.708516,0
409,1.481068,1
410,3.892568,1
411,4.27028,1
412,2.468202,1
413,0.70428,0
414,0.883382,0
415,1.484696,1
416,1.756206,1
417,2.80123,1
418,5.147902,1
419,0.513107,0
420,1.924273,0
421,0.535962,1
422,3.868734,0
423,3.896547,0
424,1.35354,1
425,2.502244,1
426,1.667845,0
427,2.109464,1
428,2.272799,1
429,0.916498,1
430,2.461315,1
431,4.70002,0
432,3.221526,1
433,0.278973,1
434,2.745818,0
435,1.861261,1
436,0.291115,0
437,0.564816,1
438,0.106576,0
439,1.237762,1
440,0.818155,1
441,0.172151,0
442,1.022965,1
443,0.873093,0
444,0.174496,1
445,0.935009,0
446,1.190724,1
447,2.084907,1
448,0.222792,0
449,0.787571,1
450,7.408359,1
451,0.36639,1
452,5.015437,1
453,0.130004,0
454,0.450473,1
455,2.753164,0
456,0.942928,1
457,1.436447,0
458,0.279322,1
459,3.299237,1
460,2.181019,1
461,0.808714,1
462,1.594129,1
463,2.653752,1
464,0.475059,1
465,0.47799,1
466,0.148157,1
467,0.251663,1
468,0.331289,1
469,0.361636,1
470,1.790354,1
471,2.670236,1
472,1.527897,1
473,1.574917,1
474,4.249621,1
475,0.139744,0
476,5.053133,0
477,0.615108,1
478,0.433433,0
479,1.115946,1
480,0.247384,1
481,4.522195,0
482,0.625707,1
483,3.87277,1
484,1.591608,1
485,0.616107,1
486,2.973258,1
487,2.893354,0
488,2.097149,1
489,0.133517,0
490,0.228747,0
491,2.706693,0
492,5.522097,1
493,1.906471,0
494,0.369926,0
495,0.318354,1
496,4.099772,1
497,2.071674,1
498,3.02018,1
499,2.084916,1
500,3.488126,1
501,1.495656,1
502,0.767796,0
503,0.976346,0
504,0.730421,1
505,3.805207,1
506,0.113209,0
507,0.891027,1
508,0.20368,1
509,1.809576,1
510,1.295566,1
511,2.723917,0
512,0.338757,1
513,6.2057,0
514,1.948567,1
515,3.720812,1
516,0.101889,0
517,0.114758,0
518,2.526214,1
519,3.654975,1
520,2.960064,1
521,1.66712,1
522,0.149937,0
523,0.923226,1
524,0.610771,1
525,0.990851,1
526,0.383825,1
527,4.510136,1
528,2.363529,1
529,0.428267,0
530,3.199179,1
531,0.777115,1
532,1.731497,1
533,1.464312,1
534,0.425711,0
535,1.463185,0
536,0.327814,1
537,6.922873,1
538,3.846666,0
539,1.833295,0
540,0.924717,1
541,2.623476,1
542,1.003734,1
543,4.434219,1
544,1.224549,1
545,1.419985,0
546,4.294133,0
547,1.341119,1
548,0.146335,0
549,0.156103,0
550,0.152953,0
551,1.897328,0
552,0.641811,1
553,4.508561,1
554,0.410988,1
555,4.593215,0
556,1.497573,0
557,0.782623,0
558,1.66083,0
559,2.082068,1
560,0.140351,1
561,0.226442,1
562,2.775003,0
563,4.03225,0
564,0.612189,0
565,1.960643,1
566,7.59063,1
567,1.017287,1
568,0.127804,1
569,3.813849,1
570,0.360326,1
571,0.94669,0
572,3.919549,0
573,0.665629,1
574,1.747875,0
575,1.944084,0
576,1.537692,0
577,2.567154,1
578,1.435935,0
579,0.486409,1
580,1.99178,1
581,0.55522,1
582,3.087126,0
583,1.366648,1
584,2.685523,1
585,0.82237,0
586,0.360216,0
587,1.074765,1
588,2.291016,1
589,0.460082,1
590,0.336095,1
591,0.092435,0
592,0.703618,0
593,0.318861,1
594,3.55929,1
595,6.703369,1
596,0.484,0
597,2.041375,1
598,0.557211,1
599,0.679715,1
600,1.300131,1
601,1.580456,1
602,2.523631,1
603,5.690438,0
604,0.905756,1
605,0.17021,0
606,1.117226,0
607,3.972301,0
608,4.48251,1
609,1.670826,0
610,2.383082,1
611,1.937277,0
612,2.578997,1
613,1.541356,1
614,1.110401,0
615,5.097248,0
616,1.693782,1
617,1.552045,1
618,0.50506,1
619,1.855791,1
620,1.994087,0
621,0.162625,1
622,4.174797,0
623,1.016295,0
624,0.675455,1
625,2.422915,1
626,0.375357,1
627,2.37441,1
628,1.469492,1
629,5.994589,0
630,1.972072,0
631,4.524253,1
632,3.122749,1
633,0.864274,1
634,0.60388,0
635,0.466241,1
636,3.346048,1
637,0.501991,1
638,0.818935,1
639,0.884609,0
640,2.049936,1
641,0.235405,0
642,0.345755,1
643,0.67344,1
644,0.621516,1
645,2.781917,0
646,1.401873,1
647,5.316034,1
648,0.954077,1
649,1.848964,1
650,3.963876,0
651,1.811148,0
652,0.756798,1
653,4.705841,1
654,0.440828,1
655,1.672779,1
656,1.118462,0
657,1.212929,1
658,1.037808,1
659,0.611788,1
660,0.750934,1
661,0.872816,0
662,2.408703,0
663,1.753806,1
664,1.087311,1
665,2.148795,1
666,0.074438,0
667,0.992894,1
668,0.740615,1
669,0.449238,0
670,3.858584,1
671,1.818797,0
672,0.591178,1
673,0.382201,0
674,0.96499,0
675,0.867746,0
676,0.223589,1
677,1.335451,0
678,0.724388,1
679,4.464901,0
680,0.462307,1
681,2.314199,0
682,0.40112,1
683,0.215628,1
684,0.234393,0
685,0.103909,1
686,1.475297,1
687,0.849141,1
688,1.317448,0
689,0.164176,0
690,3.331787,1
691,0.15801,1
692,4.875815,1
693,2.166355,1
694,0.457864,1
695,0.960639,0
696,0.93173,1
697,1.064206,1
698,0.965195,0
699,2.349262,1
700,0.30825,0
701,3.973845,0
702,1.807008,1
703,2.529585,1
704,3.176609,0
705,0.702098,1
706,0.168202,0
707,0.201255,1
708,4.116649,0
709,0.782625,1
710,1.64665,1
711,0.195718,1
712,2.231963,1
713,1.130262,0
714,3.640239,1
715,0.776251,1
716,1.09557,0
717,1.835419,0
718,0.169137,0
719,0.750497,0
720,0.946133,1
721,0.620156,1
722,0.53577,1
723,0.339744,1
724,1.219059,1
725,2.213536,0
726,2.279875,1
727,1.948729,1
728,1.917905,0
729,1.071513,1
730,0.070015,0
731,0.387889,1
732,2.419115,1
733,0.122984,0
734,6.483806,1
735,2.470924,0
736,3.061388,0
737,0.119307,0
738,5.818365,0
739,1.104952,0
740,1.191487,1
741,0.722352,1
742,0.48004,1
743,1.00605,1
744,0.233374,1
745,0.669046,1
746,0.570686,1
747,0.535195,0
748,1.09181,0
749,1.453367,1
750,0.136,0
751,0.244041,1
752,0.657198,1
753,1.663759,1
754,0.275102,1
755,1.900844,0
756,1.870979,1
757,0.453951,1
758,1.513013,1
759,2.06941,0
760,0.384313,0
761,0.400407,0
762,2.136171,1
763,0.819128,0
764,4.205697,0
765,0.431806,0
766,0.585378,1
767,0.520957,1
768,0.22215,1
769,0.954746,0
770,4.990285,0
771,5.562805,0
772,6.010539,0
773,0.760537,1
774,5.060459,0
775,1.518332,1
776,4.334206,1
777,3.547986,1
778,0.876402,0
779,0.273127,0
780,0.433384,0
781,0.191621,0
782,5.934659,1
783,0.921858,1
784,2.867638,0
785,0.891821,1
786,0.723967,1
787,0.128403,0
788,3.129556,1
789,0.692312,1
790,0.837721,1
791,1.961436,0
792,0.898285,1
793,0.357969,1
794,1.033488,0
795,1.67804,0
796,0.325575,0
797,1.107552,1
798,1.551933,1
799,0.381687,1
800,0.507771,1
801,1.210171,0
802,0.084217,1
803,1.186725,1
804,1.04196,1
805,3.267274,0
806,3.444235,0
807,0.966943,1
808,0.232069,0
809,0.401359,1
810,0.164803,0
811,0.35049,1
812,0.90232,1
813,1.870797,1
814,0.6942,0
815,2.812629,0
816,2.354937,1
817,0.542908,1
818,2.896951,1
819,1.011751,0
820,4.396476,1
821,1.804541,0
822,0.218154,1
823,1.781969,0
824,0.544224,0
825,0.732709,1
826,0.241031,0
827,0.960498,1
828,4.339686,1
829,0.638566,1
830,0.486028,1
831,2.132895,1
832,2.591454,1
833,4.09969,0
834,6.050539,0
835,1.213012,0
836,2.295489,0
837,5.013834,1
838,0.089779,0
839,0.636353,1
840,0.10938,0
841,1.519571,1
842,1.117829,0
843,1.414035,0
844,2.674612,0
845,0.828261,0
846,1.709995,1
847,2.48058,0
848,0.285695,1
849,0.813618,1
850,2.595929,1
851,4.88898,0
852,0.704071,0
853,3.211477,1
854,0.240432,0
855,5.664719,1
856,4.111005,1
857,1.095376,0
858,1.853905,1
859,0.741358,1
860,2.140145,1
861,1.265488,1
862,1.207571,1
863,2.418985,1
864,4.84421,1
865,1.937036,0
866,0.67443,1
867,3.461679,1
868,1.725138,0
869,0.469283,1
870,0.271338,1
871,0.762286,1
872,2.141512,1
873,2.660422,1
874,4.95088,1
875,0.296224,1
876,1.310442,1
877,2.834286,1
878,0.282462,1
879,0.581273,1
880,0.249289,1
881,5.59726,1
882,0.626819,1
883,0.195681,1
884,1.524511,1
885,1.118897,1
886,0.95044,1
887,3.020957,0
888,2.681592,1
889,1.50002,0
890,0.211148,0
891,0.197138,1
892,0.146535,1
893,1.981968,0
894,0.59671,1
895,0.557923,1
896,0.999437,0
897,5.849307,0
898,1.893273,1
899,1.399681,0
900,1.509611,0
901,2.561293,1
902,4.667334,0
903,1.857124,1
904,0.175014,0
905,1.76131,1
906,1.313813,1
907,1.272037,1
908,2.445785,0
909,5.244717,1
910,0.813213,1
911,2.001108,1
912,0.700579,1
913,0.133885,1
914,0.244636,1
915,2.007082,1
916,0.153445,0
917,4.02729,1
918,1.84741,0
919,2.330075,1
920,0.240122,1
921,0.210262,1
922,1.665074,1
923,0.245108,1
924,0.585709,1
925,0.68846,1
926,1.169318,0
927,0.856915,0
928,1.203659,1
929,1.294817,1
930,5.719314,0
931,3.513533,1
932,0.458516,1
933,0.560724,1
934,0.711649,0
935,4.920673,1
936,3.854352,0
937,0.229242,1
938,0.099182,1
939,0.264923,0
940,2.744537,1
941,5.080441,0
942,0.245427,0
943,5.417938,0
944,1.614266,1
945,2.564503,1
946,0.85081,0
947,0.272613,0
948,3.841946,1
949,0.766793,1
950,0.351275,1
951,0.688906,1
952,0.415799,0
953,0.82428,1
954,1.75127,0
955,3.526749,1
956,0.215275,1
957,0.496622,1
958,1.438943,1
959,3.108724,0
960,1.151957,1
961,0.95825,1
962,1.761469,0
963,0.426061,1
964,1.513949,1
965,3.563082,1
966,0.445733,0
967,2.633092,0
968,1.047398,1
969,5.289968,0
970,2.69394,0
971,0.21615,1
972,0.221805,0
973,0.806412,1
974,0.176095,0
975,0.696817,1
976,1.279446,1
977,1.906879,0
978,2.301031,1
979,2.434387,1
980,0.398045,1
981,2.204614,1
982,0.515401,1
983,1.853172,1
984,0.820453,1
985,1.963835,0
986,0.296376,1
987,1.95814,0
988,0.278075,1
989,0.402311,1
990,0.833842,1
991,0.893216,1
992,0.713542,0
993,0.969507,0
994,0.301087,0
995,4.543659,0
996,4.393987,1
997,0.948013,0
998,1.499111,0
999,4.053505,0
1000,2.220794,1
1001,0.448528,1
1002,0.172314,0
1003,3.050971,1
1004,0.239127,0
1005,0.856528,1
1006,0.720145,1
1007,1.215479,0
1008,2.293502,1
1009,0.686931,1
1010,3.497224,1
1011,0.877623,1
1012,0.237733,0
1013,4.285714,1
1014,0.740045,1
1015,0.510352,0
1016,1.462466,1
1017,2.436624,1
1018,0.45722,0
1019,0.351993,1
1020,1.103994,1
1021,3.753377,1
1022,0.747186,0
1023,1.912368,1
1024,0.448184,1
1025,1.286818,1
1026,0.130655,0
1027,0.442426,0
1028,2.729518,0
1029,0.565994,1
1030,0.901949,1
1031,0.244537,0
1032,1.176175,1
1033,0.325525,1
1034,0.90468,1
1035,0.70075,0
1036,0.694052,1
1037,0.109777,0
1038,0.488828,1
1039,4.062662,0
1040,0.828354,1
1041,4.346074,0
1042,2.148373,1
1043,0.554621,1
1044,0.523265,1
1045,1.584248,1
1046,3.406191,0
1047,3.569649,1
1048,0.808012,0
1049,0.316544,1
1050,0.247852,1
1051,0.715829,1
1052,2.79179,0
1053,0.218933,1
1054,0.412902,1
1055,0.182553,1
1056,0.52309,0
1057,0.211898,1
1058,0.325749,1
1059,2.238397,0
1060,1.788863,0
1061,1.162565,0
1062,0.875291,1
1063,0.810782,1
1064,0.408335,1
1065,0.747918,1
1066,0.248099,0
1067,1.271195,1
1068,0.953467,1
1069,0.333158,0
1070,4.861234,1
1071,4.725107,0
1072,0.173287,1
1073,1.683859,1
1074,0.35385,1
1075,1.160506,1
1076,5.816852,1
1077,0.596047,0
1078,0.123871,1
1079,0.095398,0
1080,0.82097,0
1081,0.38131,1
1082,0.193976,1
1083,0.261671,1
1084,0.867704,1
1085,4.054226,1
1086,1.442855,1
1087,2.757211,1
1088,2.180654,1
1089,3.294437,1
1090,0.250065,0
1091,0.42607,0
1092,0.201411,1
1093,0.929018,1
1094,0.286245,1
1095,1.865331,0
1096,0.168219,1
1097,3.709627,1
1098,1.056646,1
1099,1.309427,1
1100,2.400679,1
1101,4.177076,1
1102,1.201693,1
1103,2.415016,1
1104,0.186281,1
1105,0.054688,0
1106,4.111549,1
1107,0.231486,1
1108,2.133902,0
1109,0.93043,1
1110,0.766367,0
1111,1.460612,0
1112,3.265089,1
1113,2.553934,1
1114,3.377012,1
1115,1.002982,1
1116,0.280369,1
1117,0.70797,1
1118,3.271337,1
1119,1.820153,1
1120,1.539508,0
1121,0.221116,1
1122,0.119431,0
1123,1.065459,1
1124,0.297446,1
1125,0.186259,1
1126,1.309287,1
1127,5.905598,0
1128,0.647974,1
1129,0.495967,1
1130,0.179139,0
1131,0.973701,0
1132,0.438495,1
1133,3.896067,1
1134,1.524058,0
1135,3.961951,1
1136,0.765039,1
1137,2.442642,1
1138,2.43401,0
1139,2.297813,0
1140,1.520307,1
1141,0.853432,0
1142,3.301506,1
1143,0.441863,0
1144,0.179968,1
1145,2.254458,0
1146,1.351948,0
1147,0.300783,0
1148,3.618151,0
1149,0.377295,0
1150,1.293078,1
1151,0.51108,0
1152,0.233549,1
1153,1.245642,0
1154,1.162602,1
1155,0.612064,1
1156,1.080178,1
1157,0.566909,1
1158,1.441193,0
1159,2.083037,1
1160,0.371217,1
1161,4.609715,1
1162,1.009031,1
1163,1.318825,1
1164,3.924109,1
1165,2.831097,0
1166,4.831254,1
1167,1.946995,1
1168,0.819614,0
1169,0.936502,0
1170,2.309983,1
1171,0.363543,1
1172,0.223941,1
1173,0.490692,1
1174,0.246222,1
1175,0.711962,1
1176,2.333913,1
1177,4.485293,1
1178,0.141231,1
1179,0.841486,0
1180,2.372337,0
1181,3.202756,1
1182,2.001129,1
1183,2.200459,1
1184,1.691539,1
1185,0.333049,1
1186,0.441041,0
1187,2.015214,0
1188,0.54335,1
1189,0.29777,0
1190,0.557066,1
1191,0.179681,0
1192,0.6222,1
1193,2.502142,0
1194,1.971452,0
1195,1.841703,1
1196,5.171769,1
1197,6.535162,1
1198,1.688928,1
1199,1.264033,1
1200,1.980042,1
1201,2.980609,0
1202,0.477326,1
1203,1.062734,1
1204,0.163246,0
1205,0.462514,0
1206,0.359939,1
1207,0.877948,0
1208,4.175982,0
1209,1.336599,1
1210,0.622253,1
1211,0.618754,1
1212,4.554667,0
1213,1.343275,1
1214,2.410541,0
1215,0.619302,1
1216,0.904625,0
1217,2.446061,0
1218,2.031966,1
1219,0.502484,1
1220,1.74709,0
1221,0.114941,0
1222,1.602891,0
1223,1.661098,1
1224,2.148944,1
1225,2.447562,1
1226,3.169242,1
1227,0.48555,1
1228,0.184466,1
1229,0.462085,1
1230,4.804483,1
1231,2.817899,1
1232,2.181079,1
1233,0.737153,1
1234,1.348484,0
1235,2.307445,0
1236,2.308107,1
1237,2.135902,1
1238,2.852122,1
1239,0.101158,0
1240,3.066459,1
1241,1.828267,0
1242,1.961315,0
1243,2.006655,1
1244,0.661734,1
1245,3.728197,1
1246,1.711483,1
1247,2.040502,1
1248,2.662531,1
1249,0.393652,0
1250,0.20341,1
1251,0.481683,1
1252,0.486721,1
1253,0.949185,0
1254,1.572567,1
1255,0.635371,1
1256,0.865493,1
1257,2.702222,0
1258,2.558811,1
1259,0.379086,1
1260,1.418956,1
1261,0.549756,1
1262,1.279942,1
1263,3.7438,0
1264,1.354973,1
1265,0.382745,0
1266,0.35217,0
1267,0.178362,1
1268,0.408532,1
1269,3.258206,0
1270,4.22471,1
1271,1.754138,1
1272,4.987819,1
1273,1.629301,0
1274,1.859106,1
1275,1.730487,1
1276,2.684001,1
1277,2.641511,1
1278,0.341644,1
1279,3.154173,1
1280,0.565346,1
1281,0.590442,1
1282,0.531693,1
1283,2.03074,1
1284,1.66361,0
1285,0.206375,1
1286,2.010112,1
1287,0.494378,0
1288,0.422719,1
1289,3.051345,1
1290,0.994806,0
1291,0.33491,0
1292,1.452466,1
1293,1.211621,1
1294,4.03175,0
1295,3.016181,0
1296,0.565773,1
1297,1.25407,1
1298,0.879633,1
1299,4.505588,1
1300,1.373922,0
1301,0.977374,1
1302,4.061348,0
1303,2.079329,1
1304,1.248051,0
1305,0.217013,1
1306,0.234467,0
1307,0.242373,1
1308,3.131586,1
1309,0.378744,1
1310,2.054936,1
1311,6.365546,0
1312,0.875241,1
1313,0.608046,0
1314,1.285632,1
1315,1.353432,1
1316,0.844082,0
1317,3.226657,0
1318,0.322848,1
1319,2.717194,0
1320,0.463994,1
1321,0.228545,1
1322,0.144548,0
1323,3.062024,1
1324,3.349776,1
1325,1.011813,0
1326,0.176303,0
1327,1.312693,1
1328,2.455574,1
1329,0.154574,0
1330,0.147966,0
1331,0.423888,1
1332,0.368693,0
1333,3.916469,0
1334,1.439416,1
1335,0.13988,1
1336,0.141835,0
1337,2.512657,0
1338,1.695742,1
1339,0.128984,0
1340,1.09903,1
1341,0.261023,1
1342,0.475285,1
1343,0.221702,1
1344,0.811019,0
1345,2.376953,0
1346,4.380189,1
1347,0.237526,0
1348,0.605371,1
1349,0.613415,0
1350,0.195599,0
1351,0.648961,1
1352,0.314796,1
1353,2.763324,0
1354,1.132826,1
1355,1.591368,1
1356,2.612458,1
1357,0.978023,1
1358,0.686179,1
1359,2.232945,0
1360,1.482119,1
1361,0.435265,0
1362,4.812063,1
1363,2.686092,0
1364,0.352766,1
1365,3.7607,0
1366,6.595798,1
1367,0.738428,1
1368,0.876035,1
1369,0.132463,0
1370,4.409072,1
1371,0.181081,1
1372,0.824871,1
1373,3.690129,1
1374,3.135991,0
1375,1.088688,1
1376,0.243588,1
1377,1.364199,1
1378,0.137388,1
1379,1.049251,1
1380,4.137796,0
1381,2.1685,1
1382,1.720394,0
1383,0.973418,1
1384,0.126881,0
1385,0.896633,0
1386,0.183439,1
1387,0.145962,1
1388,0.872731,0
1389,0.182314,1
1390,2.491934,1
1391,1.226303,1
1392,0.652275,0
1393,0.481733,1
1394,3.204719,1
1395,1.976479,1
1396,1.054715,1
1397,1.186485,1
1398,0.300855,1
1399,5.222239,0
1400,2.327307,0
1401,2.147584,1
1402,0.984644,1
1403,0.6043,1
1404,2.991381,1
1405,0.332791,1
1406,2.034812,1
1407,4.059408,1
1408,1.411315,0
1409,0.364405,1
1410,1.032615,1
1411,2.675312,1
1412,5.004637,1
1413,0.46762,1
1414,1.395947,1
1415,0.842504,1
1416,0.301002,1
1417,0.180157,0
1418,0.469911,1
1419,0.352902,1
1420,0.441452,0
1421,1.311149,0
1422,0.471038,1
1423,3.761167,1
1424,0.948018,1
1425,0.460196,1
1426,0.638526,1
1427,1.843693,0
1428,2.721326,1
1429,0.202947,1
1430,0.500028,1
1431,0.478173,0
1432,0.28625,0
1433,0.306541,0
1434,1.005916,1
1435,0.245325,1
1436,0.44817,1
1437,1.50608,1
1438,3.414367,1
1439,1.458354,1
1440,5.312456,0
1441,1.159649,1
1442,2.495857,1
1443,5.46017,0
1444,0.815254,1
1445,0.210411,1
1446,1.331058,1
1447,3.584926,0
1448,0.665246,1
1449,0.363043,1
1450,0.28523,1
1451,1.119044,1
1452,0.070078,0
1453,1.285449,0
1454,3.641301,1
1455,2.219364,1
1456,1.351036,1
1457,1.277719,1
1458,1.026267,1
1459,0.483119,1
1460,3.027745,1
1461,0.562148,0
1462,1.3528,1
1463,1.530864,1
1464,0.242559,1
1465,2.286127,1
1466,0.588979,1
1467,1.75692,1
1468,0.442078,1
1469,4.573876,1
1470,1.916208,1
1471,0.889738,1
1472,0.315629,1
1473,4.101649,1
1474,2.594206,1
1475,0.043363,0
1476,0.711961,1
1477,0.298261,1
1478,0.18321,0
1479,0.331013,1
1480,0.179478,0
1481,1.465894,1
1482,1.265861,1
1483,0.455783,1
1484,0.139075,0
1485,1.047988,1
1486,1.191517,1
1487,0.696608,1
1488,3.64319,1
1489,2.035713,1
1490,2.10498,0
1491,0.468452,1
1492,3.300021,1
1493,4.93487,1
1494,4.914045,1
1495,1.910522,0
1496,5.738964,0
1497,4.374725,1
1498,0.33638,1
1499,2.626879,0
1500,0.102189,0
1501,0.87418,1
1502,1.025403,0
1503,1.208973,0
1504,0.159969,0
1505,0.954576,1
1506,2.799232,1
1507,0.086865,0
1508,2.04584,0
1509,0.193056,1
1510,0.510021,0
1511,3.355773,1
1512,0.760528,0
1513,2.692292,1
1514,0.8975,0
1515,3.487794,0
1516,2.046392,1
1517,3.298936,0
1518,3.828722,0
1519,1.191396,1
1520,0.300398,1
1521,1.985966,1
1522,1.948559,1
1523,1.734576,1
1524,0.666871,1
1525,0.478135,1
1526,0.118724,1
1527,1.3263,1
1528,1.496843,1
1529,5.178505,0
1530,2.238932,1
1531,1.980936,1
1532,2.07189,1
1533,0.707504,1
1534,1.160035,1
1535,2.385433,1
1536,0.477408,0
1537,3.12386,0
1538,0.643011,1
1539,0.291048,1
1540,0.115263,0
1541,0.256032,0
1542,2.33584,0
1543,0.68569,1
1544,0.099503,0
1545,3.031028,0
1546,3.995922,1
1547,2.565881,1
1548,0.191692,0
1549,1.57383,0
1550,1.653496,1
1551,1.178918,0
1552,2.258207,1
1553,0.733472,1
1554,0.12207,1
1555,0.224735,0
1556,0.95869,1
1557,1.190587,0
1558,0.427847,1
1559,2.88239,1
1560,3.726287,1
1561,3.844817,1
1562,1.109584,1
1563,2.736079,0
1564,3.270062,1
1565,0.917538,1
1566,1.088101,1
1567,2.147119,0
1568,1.264442,0
1569,3.665103,0
1570,1.169076,1
1571,2.072821,0
1572,2.36099,1
1573,4.074196,0
1574,2.073648,0
1575,3.677104,1
1576,2.159076,0
1577,1.09301,1
1578,0.027052,0
1579,0.396414,1
1580,2.047898,0
1581,0.489754,1
1582,0.419925,1
1583,4.531557,1
1584,0.821417,1
1585,1.129323,1
1586,2.571842,1
1587,2.307248,0
1588,2.400003,0
1589,2.58041,0
1590,1.322552,1
1591,3.409481,1
1592,0.444901,0
1593,0.257847,1
1594,1.274068,0
1595,0.454886,0
1596,5.826975,1
1597,0.239459,0
1598,1.727903,0
1599,3.732171,0
1600,2.025386,1
1601,1.366736,0
1602,3.937129,1
1603,1.502643,0
1604,1.273325,0
1605,0.172691,1
1606,0.146064,1
1607,2.722872,1
1608,4.677941,0
1609,0.224082,1
1610,1.098007,1
1611,0.1749,1
1612,2.157037,0
1613,0.174775,0
1614,0.688164,0
1615,0.528753,1
1616,5.141082,0
1617,0.53564,1
1618,0.236288,1
1619,0.375972,1
1620,5.541984,0
1621,2.124861,1
1622,1.182355,1
1623,1.027802,0
1624,3.494312,0
1625,0.303129,0
1626,0.137675,1
1627,1.135789,1
1628,0.106968,0
1629,1.498882,1
1630,4.41844,1
1631,0.164911,1
1632,0.495457,1
1633,0.160225,1
1634,0.352001,1
1635,0.835659,0
1636,1.885325,0
1637,2.942148,1
1638,0.933484,1
1639,0.807107,1
1640,0.5192,1
1641,3.940837,1
1642,6.336112,1
1643,1.469463,1
1644,3.508585,1
1645,0.298044,1
1646,0.74355,1
1647,4.924089,1
1648,0.913486,0
1649,1.118435,0
1650,0.302016,1
1651,0.499766,1
1652,0.747774,1
1653,4.17522,1
1654,1.626997,0
1655,0.82417,1
1656,4.11357,1
1657,1.823844,0
1658,0.293148,1
1659,0.828901,1
1660,2.494915,1
1661,2.701205,0
1662,1.734173,0
1663,1.609491,1
1664,1.808215,1
1665,4.557108,1
1666,0.315003,0
1667,4.106527,1
1668,0.184144,1
1669,0.471138,0
1670,0.178439,0
1671,1.961036,1
1672,1.767003,1
1673,2.198905,0
1674,0.681472,1
1675,0.90832,0
1676,3.077151,1
1677,0.349424,0
1678,0.238908,0
1679,2.041876,1
1680,3.126594,1
1681,0.262392,1
1682,2.064319,1
1683,1.544017,0
1684,2.023281,1
1685,0.3392,0
1686,1.170622,1
1687,0.102274,0
1688,0.353155,1
1689,0.414283,1
1690,0.18425,0
1691,2.41365,1
1692,1.336849,1
1693,2.379828,1
1694,0.167046,0
1695,1.716981,1
1696,1.89673,1
1697,0.733565,1
1698,2.523013,0
1699,2.582576,1
1700,5.133229,1
1701,1.619651,1
1702,0.12529,0
1703,1.01705,1
1704,0.571571,1
1705,3.941083,0
1706,2.240126,0
1707,1.78768,1
1708,0.369791,1
1709,5.71878,0
1710,0.364428,1
1711,0.573604,1
1712,0.656013,1
1713,0.605728,0
1714,0.786887,0
1715,1.731224,1
1716,1.673359,1
1717,2.804085,1
1718,0.348045,1
1719,0.208288,1
1720,1.294407,0
1721,5.08533,1
1722,0.159749,0
1723,0.121059,0
1724,3.866565,1
1725,0.47677,1
1726,2.671764,0
1727,1.926581,1
1728,0.208159,1
1729,2.436557,1
1730,3.824475,1
1731,1.322499,0
1732,6.830067,0
1733,2.033176,1
1734,0.886351,1
1735,5.232188,1
1736,0.174004,0
1737,0.528767,0
1738,0.221301,0
1739,0.419285,1
1740,0.253676,1
1741,1.00686,0
1742,1.371121,0
1743,2.894084,0
1744,0.872071,0
1745,0.388803,1
1746,0.287459,1
1747,0.324945,0
1748,1.468004,1
1749,1.445565,1
1750,0.123746,1
1751,4.418856,1
1752,0.325573,1
1753,1.140203,1
1754,3.866657,0
1755,0.388893,1
1756,0.876125,1
1757,0.699827,0
1758,3.838802,0
1759,5.653143,1
1760,5.791104,1
1761,0.18919,1
1762,0.56372,1
1763,0.157713,0
1764,4.041471,0
1765,0.165347,1
1766,0.700617,1
1767,0.327561,1
1768,1.585191,1
1769,3.180472,0
1770,2.554146,1
1771,1.505976,0
1772,1.512041,0
1773,1.685819,1
1774,0.240515,1
1775,1.353209,1
1776,0.232308,1
1777,4.457658,1
1778,1.960024,0
1779,0.238934,1
1780,2.379079,1
1781,0.328642,1
1782,1.614538,1
1783,1.204544,1
1784,0.605432,1
1785,0.643423,1
1786,0.594474,1
1787,0.667096,1
1788,0.870621,1
1789,5.718834,1
1790,1.394382,1
1791,0.307811,1
1792,2.581631,0
1793,0.627292,1
1794,0.21332,0
1795,2.17461,0
1796,2.448349,1
1797,4.325687,1
1798,2.24139,0
1799,1.104297,1
1800,0.943046,1
1801,0.134207,1
1802,0.633582,1
1803,1.969589,1
1804,0.658396,1
1805,6.17728,0
1806,1.022389,0
1807,0.903236,0
1808,2.499696,0
1809,0.133755,0
1810,2.726904,0
1811,1.104312,1
1812,2.372757,1
1813,1.340454,1
1814,0.439762,1
1815,0.368897,1
1816,0.54924,1
1817,2.481881,1
1818,2.268501,1
1819,1.322114,0
1820,4.410878,1
1821,1.600761,1
1822,2.731179,1
1823,0.670609,1
1824,0.47287,1
1825,4.809622,1
1826,0.652897,1
1827,0.588462,1
1828,5.121929,1
1829,1.763057,1
1830,2.859069,1
1831,3.40347,1
1832,6.391511,1
1833,0.116708,0
1834,4.958338,1
1835,0.221851,0
1836,0.535753,0
1837,4.672579,0
1838,0.5249,0
1839,0.289563,1
1840,5.463284,0
1841,3.405474,1
1842,4.80161,1
1843,1.593309,1
1844,0.706674,1
1845,1.277218,0
1846,0.950006,1
1847,1.254641,0
1848,2.177252,1
1849,0.946029,0
1850,0.351559,0
1851,0.084095,1
1852,5.337335,1
1853,1.78822,1
1854,0.389971,1
1855,0.910936,1
1856,4.408664,1
1857,3.069593,1
1858,0.7054,0
1859,1.299449,1
1860,1.215846,0
1861,0.553333,1
1862,0.405561,1
1863,0.192013,1
1864,2.281721,0
1865,4.2627,0
1866,1.986446,1
1867,1.707805,0
1868,0.287923,0
1869,3.21054,1
1870,3.863301,1
1871,1.425558,0
1872,1.483101,1
1873,1.40148,1
1874,0.285923,1
1875,1.538641,0
1876,0.510411,1
1877,4.247114,1
1878,0.180862,0
1879,1.526493,1
1880,0.38284,1
1881,0.177963,0
1882,0.996968,1
1883,2.338143,1
1884,3.854811,1
1885,1.291237,1
1886,4.051168,1
1887,0.908233,1
1888,1.935219,0
1889,2.833395,1
1890,0.356356,1
1891,5.947767,0
1892,4.098677,1
1893,1.581997,0
1894,0.702817,1
1895,1.246557,1
1896,2.918086,1
1897,0.122022,0
1898,0.739886,0
1899,0.455481,1
1900,0.579386,1
1901,0.560121,1
1902,2.176415,1
1903,0.453147,0
1904,1.439207,0
1905,0.26152,1
1906,1.80263,1
1907,0.395524,1
1908,3.429853,0
1909,5.815032,1
1910,0.881545,1
1911,1.505232,0
1912,1.228718,1
1913,2.834371,0
1914,0.343148,1
1915,0.06856,0
1916,6.197951,0
1917,0.252688,1
1918,1.542609,0
1919,0.243298,1
1920,1.763203,1
1921,0.387608,1
1922,3.036489,0
1923,0.303222,1
1924,3.221852,1
1925,0.456331,0
1926,2.137432,1
1927,2.2421,0
1928,1.925422,0
1929,0.092885,0
1930,2.011714,1
1931,1.242196,1
1932,1.545496,0
1933,1.913241,1
1934,3.416919,1
1935,0.790094,1
1936,2.591576,1
1937,0.310836,0
1938,0.290166,0
1939,3.239541,0
1940,1.060345,0
1941,0.780054,0
1942,1.330343,0
1943,0.311122,1
1944,0.289535,0
1945,0.153263,1
1946,0.555885,0
1947,2.137629,1
1948,0.42929,1
1949,1.181862,1
1950,2.732742,1
1951,3.797174,1
1952,0.760773,0
1953,2.548439,0
1954,0.764759,0
1955,0.299174,1
1956,1.025419,1
1957,1.275424,1
1958,2.921609,1
1959,0.192208,0
1960,5.355975,0
1961,4.565904,1
1962,1.58496,1
1963,0.900604,0
1964,0.526848,1
1965,0.304549,1
1966,0.147747,0
1967,3.415425,0
1968,0.579998,1
1969,1.39678,1
1970,5.587965,0
1971,1.927102,1
1972,0.179907,0
1973,0.681169,1
1974,4.607417,1
1975,2.589285,0
1976,3.466225,1
1977,0.118619,1
1978,0.349833,1
1979,0.405214,0
1980,2.307148,0
1981,0.129902,1
1982,3.912278,1
1983,1.534811,1
1984,3.730234,0
1985,3.589431,1
1986,1.174219,1
1987,1.62294,0
1988,4.554414,1
1989,3.30341,1
1990,0.382317,0
1991,2.456634,0
1992,3.384809,1
1993,0.152104,0
1994,4.739842,1
1995,2.783179,0
1996,0.280241,1
1997,1.833542,1
1998,1.355648,1
1999,0.268813,0
2000,4.249026,0
2001,2.665601,1
2002,2.720964,0
2003,1.362681,1
2004,0.375731,1
2005,3.39864,1
2006,0.239182,0
2007,3.922698,1
2008,5.33228,0
2009,1.376408,1
2010,2.09453,1
2011,0.385588,1
2012,0.521905,1
2013,0.120717,0
2014,5.564502,1
2015,4.479347,0
2016,3.121458,1
2017,2.728876,0
2018,0.324224,0
2019,1.202075,1
2020,0.557224,1
2021,1.378667,0
2022,0.305302,1
2023,1.287034,1
2024,3.333806,1
2025,3.369802,1
2026,5.131508,1
2027,2.762438,1
2028,0.21412,1
2029,0.997665,1
2030,1.497266,0
2031,1.893514,1
2032,2.033067,1
2033,2.019083,1
2034,0.908113,1
2035,1.311052,1
2036,0.14776,1
2037,1.397561,1
2038,2.881282,1
2039,0.804856,1
2040,1.080603,1
2041,1.586946,1
2042,0.169403,1
2043,1.090574,1
2044,0.172583,1
2045,5.264556,1
2046,0.667217,1
2047,0.632618,1
2048,1.000556,1
2049,2.157835,1
2050,1.143693,0
2051,0.148865,1
2052,0.221684,1
2053,1.167663,1
2054,0.604583,1
2055,1.205326,1
2056,6.105551,1
2057,1.757503,1
2058,0.90208,0
2059,0.445493,1
2060,2.187244,1
2061,5.134568,0
2062,0.479434,1
2063,0.582482,0
2064,0.353522,1
2065,0.057289,0
2066,0.712364,1
2067,0.423474,1
2068,4.76039,1
2069,0.191655,1
2070,0.883782,1
2071,0.943045,0
2072,2.838831,1
2073,1.140746,1
2074,0.124709,0
2075,0.169148,1
2076,0.961337,0
2077,0.49613,0
2078,1.273545,1
2079,0.483859,0
2080,0.418562,1
2081,0.959769,0
2082,0.425005,1
2083,0.892693,1
2084,2.670059,1
2085,5.246775,1
2086,3.079706,1
2087,5.463692,1
2088,1.657275,0
2089,0.155295,0
2090,3.192398,1
2091,1.509309,1
2092,0.718565,1
2093,0.151668,0
2094,0.899667,1
2095,0.942119,1
2096,1.928932,1
2097,1.114408,0
2098,1.263864,1
2099,1.063139,1
2100,1.2079,0
2101,6.478346,1
2102,3.49893,0
2103,4.170184,1
2104,1.731447,1
2105,3.546924,1
2106,0.938086,1
2107,1.819851,0
2108,0.187021,0
2109,3.859583,0
2110,1.793207,1
2111,0.565438,1
2112,4.180065,1
2113,2.729532,1
2114,1.666713,0
2115,0.516625,1
2116,0.296017,1
2117,4.006357,1
2118,0.236359,0
2119,0.425438,1
2120,1.334069,1
2121,0.346877,1
2122,2.362432,1
2123,0.731598,1
2124,6.313939,1
2125,3.684065,0
2126,0.615993,0
2127,1.735913,0
2128,0.26475,0
2129,3.167598,1
2130,0.632285,1
2131,0.369341,1
2132,3.908965,1
2133,0.795152,0
2134,3.638424,1
2135,4.957637,1
2136,0.543493,1
2137,0.345461,1
2138,0.678213,1
2139,0.227762,1
2140,0.730969,1
2141,1.727705,1
2142,1.019688,0
2143,1.795297,0
2144,0.361531,0
2145,2.98415,1
2146,0.232905,1
2147,0.299405,1
2148,7.383273,1
2149,0.577459,1
2150,1.148021,1
2151,0.389441,1
2152,0.646687,1
2153,0.512509,1
2154,0.321051,1
2155,0.239485,0
2156,0.391708,1
2157,1.076541,0
2158,0.331628,1
2159,1.836895,1
2160,0.762848,1
2161,0.155572,1
2162,0.177734,1
2163,1.848288,1
2164,0.25313,0
2165,0.241716,0
2166,0.448878,1
2167,1.026888,0
2168,2.431446,0
2169,1.002536,1
2170,1.764514,1
2171,0.709485,1
2172,0.366754,1
2173,1.263824,1
2174,0.27135,0
2175,0.311508,1
2176,0.479112,0
2177,1.869902,1
2178,0.281052,0
2179,1.508512,0
2180,0.399123,1
2181,0.138534,0
2182,2.659739,0
2183,0.22753,0
2184,1.224179,0
2185,1.250509,1
2186,0.925743,0
2187,0.271978,1
2188,0.806299,0
2189,0.863567,1
2190,1.137558,1
2191,1.538328,1
2192,0.326115,1
2193,0.814675,0
2194,5.107609,0
2195,1.189265,1
2196,0.144964,0
2197,0.909701,1
2198,0.637633,0
2199,2.496841,0
2200,0.655458,1
2201,0.741146,1
2202,0.414057,1
2203,4.343691,1
2204,5.690746,0
2205,1.456346,1
2206,1.505955,1
2207,0.71677,1
2208,0.193877,0
2209,0.951045,0
2210,1.129358,1
2211,4.085607,1
2212,1.243534,0
2213,3.359186,0
2214,2.005928,0
2215,3.305985,1
2216,2.027284,1
2217,1.224287,1
2218,1.336514,1
2219,0.814301,1
2220,0.429161,0
2221,5.516575,0
2222,0.218082,1
2223,0.928338,1
2224,0.922773,1
2225,2.079794,1
2226,4.106917,1
2227,2.52986,1
2228,0.283166,1
2229,1.279386,1
2230,1.851506,0
2231,0.742718,0
2232,0.972888,1
2233,2.419522,1
2234,0.326183,1
2235,0.474739,1
2236,3.505259,1
2237,0.940999,0
2238,0.662185,0
2239,0.333499,1
2240,0.907246,1
2241,1.529111,0
2242,2.06253,1
2243,0.404147,1
2244,3.122486,1
2245,1.591019,1
2246,0.892673,1
2247,0.219077,0
2248,0.371441,1
2249,1.446075,1
2250,0.049431,0
2251,0.182232,0
2252,0.41909,0
2253,0.488202,1
2254,0.144257,0
2255,1.177541,0
2256,0.619624,1
2257,4.80451,1
2258,4.912828,0
2259,0.246969,0
2260,0.401842,0
2261,5.388701,0
2262,2.038375,0
2263,0.568045,1
2264,0.250363,1
2265,0.212655,0
2266,0.59248,1
2267,0.656215,1
2268,1.689989,1
2269,0.733397,0
2270,4.664408,1
2271,0.705126,1
2272,3.561691,0
2273,4.13415,0
2274,0.221112,1
2275,2.43891,1
2276,2.367671,1
2277,0.154609,0
2278,0.326646,0
2279,1.356821,0
2280,0.302794,1
2281,0.361012,1
2282,0.667694,1
2283,0.359891,1
2284,4.057043,1
2285,0.088523,0
2286,0.408728,1
2287,0.146448,1
2288,1.106149,1
2289,0.222469,0
2290,0.762328,0
2291,0.458561,1
2292,4.747909,1
2293,2.01131,1
2294,1.871671,1
2295,0.160232,0
2296,3.374226,0
2297,1.382676,1
2298,0.220878,0
2299,4.870011,0
2300,1.863527,1
2301,0.429498,1
2302,1.258079,0
2303,1.781634,1
2304,0.247891,1
2305,0.78122,1
2306,1.328261,0
2307,0.335187,1
2308,2.056937,1
2309,0.146923,0
2310,3.14804,0
2311,1.300866,1
2312,0.306073,1
2313,5.911171,0
2314,0.251864,0
2315,2.764331,0
2316,1.037627,1
2317,0.247291,1
2318,2.621774,0
2319,2.355521,1
2320,2.386208,0
2321,1.073685,0
2322,4.40125,0
2323,0.516436,0
2324,0.594878,1
2325,1.588449,1
2326,0.231628,1
2327,0.392043,1
2328,0.860687,0
2329,1.594461,0
2330,0.629294,0
2331,0.372007,1
2332,0.407752,1
2333,5.795482,0
2334,3.299229,1
2335,1.421076,0
2336,0.740387,1
2337,0.450097,1
2338,0.262639,1
2339,0.605623,1
2340,0.142959,1
2341,2.389506,1
2342,3.799225,0
2343,4.874404,1
2344,0.359408,0
2345,0.211395,1
2346,0.163859,0
2347,0.979312,1
2348,4.656791,1
2349,1.111449,1
2350,1.076338,1
2351,4.347326,0
2352,0.435251,1
2353,4.683325,1
2354,3.636272,0
2355,0.52766,1
2356,1.377769,1
2357,4.818357,1
2358,4.268922,0
2359,3.015331,1
2360,0.569507,1
2361,0.383686,0
2362,1.292481,1
2363,2.251785,1
2364,0.733987,1
2365,1.445405,1
2366,0.27447,0
2367,0.597036,0
2368,0.428594,1
2369,4.749244,1
2370,2.857272,1
2371,1.154489,0
2372,1.31565,1
2373,0.99518,1
2374,4.267644,1
2375,0.733183,1
2376,0.557468,1
2377,2.732302,1
2378,2.194366,1
2379,1.498158,1
2380,0.902846,1
2381,3.824982,0
2382,1.595904,0
2383,0.081174,1
2384,3.951561,1
2385,1.473293,0
2386,1.029884,1
2387,0.648071,0
2388,1.500822,1
2389,1.112777,1
2390,1.322889,0
2391,0.517436,1
2392,1.319294,1
2393,2.541272,0
2394,0.977228,1
2395,0.373945,1
2396,2.10348,0
2397,0.66119,1
2398,2.558233,1
2399,0.886744,1
2400,0.650426,0
2401,0.461831,1
2402,0.522475,1
2403,3.747567,1
2404,0.705454,1
2405,2.226367,0
2406,1.015643,0
2407,0.32481,1
2408,0.305432,1
2409,6.290124,1
2410,6.547375,0
2411,1.178546,1
2412,0.768438,0
2413,0.163891,1
2414,0.134448,1
2415,1.074417,0
2416,1.225358,0
2417,0.235184,1
2418,2.32194,0
2419,0.102309,0
2420,1.683529,0
2421,0.24787,1
2422,0.17805,0
2423,5.656447,0
2424,0.110971,1
2425,0.659492,1
2426,2.076253,1
2427,1.514286,0
2428,0.37772,1
2429,0.313264,1
2430,1.342392,1
2431,0.676356,1
2432,0.28235,1
2433,0.077211,0
2434,0.499707,1
2435,2.547564,0
2436,4.539417,0
2437,2.378913,1
2438,0.392226,0
2439,2.523349,1
2440,0.485981,1
2441,6.812973,1
2442,1.002388,1
2443,0.587663,0
2444,0.23974,1
2445,4.300029,1
2446,6.985779,1
2447,0.298485,0
2448,2.006845,1
2449,1.126122,0
2450,0.164202,0
2451,1.32244,0
2452,1.701396,1
2453,0.592882,1
2454,0.850127,1
2455,4.427148,1
2456,0.852196,0
2457,0.104919,0
2458,0.161825,0
2459,0.258494,0
2460,0.207559,0
2461,0.27426,1
2462,0.703701,1
2463,0.267584,1
2464,4.007182,1
2465,0.320348,1
2466,0.581416,0
2467,3.308423,1
2468,2.741929,1
2469,2.767497,1
2470,1.201816,1
2471,2.229043,1
2472,0.137858,1
2473,4.316382,1
2474,1.636385,0
2475,1.25132,0
2476,3.878896,1
2477,0.236926,0
2478,0.924276,1
2479,2.832405,1
2480,0.118399,0
2481,1.742688,1
2482,0.719917,0
2483,0.422366,1
2484,0.136899,0
2485,4.391845,0
2486,3.304756,1
2487,1.256042,1
2488,2.378355,1
2489,1.007319,1
2490,0.138363,0
2491,0.565687,1
2492,2.609074,1
2493,1.472171,1
2494,0.587722,1
2495,1.519925,1
2496,1.120792,1
2497,0.546188,1
2498,6.289279,0
2499,0.364561,1
2500,1.923192,0
2501,5.254114,0
2502,0.506466,1
2503,0.236501,1
2504,0.990736,1
2505,0.674429,0
2506,0.749929,1
2507,3.139599,1
2508,1.335379,1
2509,0.186074,0
2510,0.259403,1
2511,0.336575,1
2512,0.616706,1
2513,0.618289,1
2514,5.244418,0
2515,0.676499,1
2516,0.758049,1
2517,0.362943,1
2518,1.62624,1
2519,2.240992,0
2520,0.56649,1
2521,0.712539,1
2522,0.622207,1
2523,1.226695,1
2524,1.498286,0
2525,4.606468,1
2526,0.176416,1
2527,0.415921,1
2528,4.137173,0
2529,5.086163,1
2530,0.182273,0
2531,0.182837,1
2532,1.22657,0
2533,0.941799,1
2534,3.739959,0
2535,0.072575,0
2536,0.096108,0
2537,0.709462,0
2538,1.396737,0
2539,0.58737,0
2540,0.796142,1
2541,1.285291,1
2542,1.287694,0
2543,3.571522,1
2544,1.853699,1
2545,0.122107,0
2546,0.120533,0
2547,3.606894,1
2548,2.860028,0
2549,1.223828,1
2550,5.439736,1
2551,3.818722,1
2552,4.819021,0
2553,4.13048,1
2554,0.543514,1
2555,3.105935,1
2556,0.991934,1
2557,4.597132,1
2558,4.03383,1
2559,0.441411,1
2560,0.44321,0
2561,0.52136,1
2562,4.651875,1
2563,0.720967,0
2564,3.286446,1
2565,2.155403,1
2566,3.122146,0
2567,0.469102,1
2568,0.604621,1
2569,0.945687,0
2570,0.467345,1
2571,5.492157,0
2572,2.145688,0
2573,1.815576,1
2574,0.676123,1
2575,0.403573,1
2576,0.338175,0
2577,0.472111,1
2578,2.164197,1
2579,0.95034,0
2580,1.693484,1
2581,0.366855,1
2582,1.113971,1
2583,2.398035,1
2584,0.59105,1
2585,0.930951,1
2586,0.407095,0
2587,1.267158,1
2588,1.3189,1
2589,1.111738,1
2590,1.067697,0
2591,0.732899,0
2592,0.626679,1
2593,0.459048,1
2594,1.7489,0
2595,2.11699,1
2596,0.220461,0
2597,0.858269,1
2598,0.653859,1
2599,2.283848,1
2600,5.653408,0
2601,5.881295,1
2602,2.033471,1
2603,0.87232,1
2604,0.277663,1
2605,0.184045,0
2606,1.588998,0
2607,0.461541,1
2608,0.597623,1
2609,0.225501,0
2610,0.922552,1
2611,5.063076,0
2612,1.524837,1
2613,1.565583,1
2614,0.543886,0
2615,1.686997,1
2616,0.39711,1
2617,0.159348,1
2618,3.907238,1
2619,1.279131,0
2620,0.365473,1
2621,2.172264,1
2622,1.345588,1
2623,0.758299,1
2624,0.448679,1
2625,1.690955,0
2626,2.66541,0
2627,1.327016,1
2628,1.003249,0
2629,1.716622,1
2630,0.367525,0
2631,4.412005,1
2632,2.601469,0
2633,0.875802,0
2634,4.520875,1
2635,1.641026,1
2636,0.650848,1
2637,0.582339,1
2638,1.696694,1
2639,0.29587,0
2640,0.266091,0
2641,2.560627,0
2642,0.430764,1
2643,2.63924,0
2644,1.124389,1
2645,0.615387,0
2646,0.364249,1
2647,0.851052,1
2648,2.473881,0
2649,3.66324,0
2650,0.108399,1
2651,5.816834,1
2652,2.727842,1
2653,0.147836,1
2654,0.466975,0
2655,1.58298,1
2656,0.153962,1
2657,2.538813,0
2658,2.884751,1
2659,1.789332,1
2660,0.483554,1
2661,2.124,1
2662,1.017285,1
2663,1.260054,1
2664,3.295358,0
2665,3.933816,1
2666,5.389317,0
2667,0.181215,0
2668,2.070421,1
2669,3.725502,1
2670,0.911129,0
2671,0.283943,1
2672,0.384821,1
2673,1.038538,1
2674,0.318318,1
2675,4.013179,1
2676,0.72483,1
2677,0.769082,1
2678,1.861263,1
2679,1.555092,0
2680,0.223381,0
2681,0.595247,1
2682,0.20702,1
2683,2.769971,1
2684,0.940934,1
2685,3.022723,0
2686,0.224628,1
2687,3.026576,1
2688,2.656108,1
2689,0.482644,1
2690,4.25673,1
2691,0.221943,0
2692,0.768624,1
2693,0.876693,1
2694,1.320521,1
2695,0.291062,1
2696,0.631696,1
2697,1.139204,1
2698,2.861649,1
2699,3.639194,1
2700,1.055002,1
2701,1.523522,1
2702,3.790997,0
2703,0.349693,0
2704,0.368748,1
2705,2.004969,1
2706,0.863323,1
2707,0.520927,1
2708,0.678251,1
2709,0.31739,0
2710,0.849213,1
2711,1.13971,0
2712,0.251093,0
2713,2.609074,0
2714,0.239706,1
2715,4.467079,1
2716,0.488133,1
2717,1.36621,0
2718,0.404052,1
2719,1.042488,1
2720,5.701095,0
2721,5.767706,0
2722,0.846257,0
2723,1.287333,1
2724,0.817581,0
2725,0.399331,0
2726,0.748604,0
2727,1.3347,1
2728,1.381317,0
2729,0.545265,1
2730,0.532336,0
2731,4.312268,1
2732,0.366985,0
2733,0.828789,1
2734,0.1455,0
2735,3.932806,0
2736,1.439695,1
2737,5.197543,1
2738,1.558162,1
2739,3.516827,1
2740,0.792255,1
2741,3.688433,0
2742,1.391401,0
2743,0.417826,1
2744,0.310192,0
2745,2.019516,1
2746,1.286067,1
2747,3.934202,0
2748,0.130146,1
2749,5.809019,0
2750,2.055031,1
2751,2.934809,1
2752,0.220744,1
2753,0.844536,1
2754,2.129177,1
2755,1.755357,1
2756,3.269043,1
2757,4.273289,0
2758,5.240014,0
2759,0.695045,1
2760,0.363058,1
2761,0.611508,1
2762,1.798039,1
2763,0.423214,1
2764,1.265882,0
2765,4.005813,0
2766,1.296286,0
2767,0.288493,0
2768,3.240261,0
2769,0.451807,1
2770,2.176123,1
2771,0.17917,1
2772,1.496741,0
2773,0.390845,1
2774,5.307497,0
2775,0.658728,1
2776,0.269482,0
2777,0.119715,0
2778,1.566875,1
2779,0.87372,1
2780,0.216169,1
2781,0.318329,1
2782,1.905958,1
2783,0.182331,1
2784,0.097087,0
2785,3.570543,0
2786,0.370239,1
2787,3.334972,1
2788,0.303347,1
2789,3.311518,0
2790,0.245973,1
2791,4.457725,0
2792,0.242598,1
2793,0.592081,0
2794,1.215362,1
2795,1.28448,1
2796,2.469663,0
2797,0.94139,0
2798,1.284507,1
2799,4.275055,0
2800,1.108573,1
2801,0.961662,0
2802,1.804362,1
2803,0.219619,1
2804,0.320551,1
2805,2.44551,1
2806,2.100471,1
2807,0.423339,1
2808,2.505487,0
2809,1.036599,0
2810,0.141134,1
2811,0.249941,0
2812,0.47829,1
2813,0.688707,1
2814,0.479003,1
2815,2.458058,1
2816,1.650769,1
2817,0.725793,0
2818,1.014011,1
2819,0.160678,1
2820,0.279749,1
2821,3.887818,0
2822,0.588739,1
2823,4.3817,1
2824,5.340868,1
2825,0.463578,1
2826,1.096813,1
2827,0.234787,1
2828,0.70152,1
2829,0.1597,1
2830,3.201065,1
2831,0.17871,1
2832,3.866418,1
2833,2.681534,0
2834,1.170525,1
2835,1.987564,0
2836,0.355004,1
2837,5.515591,1
2838,4.203552,1
2839,0.266319,1
2840,1.921438,1
2841,2.716839,1
2842,4.340729,1
2843,2.449834,1
2844,1.982675,1
2845,0.215547,1
2846,4.761402,0
2847,4.219643,0
2848,1.028263,1
2849,0.451624,1
2850,0.15402,1
2851,1.586317,1
2852,0.455702,1
2853,2.713994,0
2854,1.460848,1
2855,6.313361,0
2856,2.063962,1
2857,3.364415,1
2858,2.081786,1
2859,1.996701,1
2860,4.342885,1
2861,0.694007,1
2862,0.694842,1
2863,0.314315,1
2864,0.839048,1
2865,0.156916,0
2866,5.109887,0
2867,0.554352,0
2868,4.927769,0
2869,5.4732,1
2870,1.22751,0
2871,3.525834,1
2872,0.562321,1
2873,1.10615,1
2874,0.916,0
2875,0.565094,1
2876,6.045253,0
2877,0.66467,1
2878,1.337759,0
2879,3.631495,1
2880,1.946656,1
2881,0.173596,1
2882,1.683328,0
2883,0.211944,0
2884,5.399719,1
2885,0.348518,0
2886,0.930799,1
2887,0.816758,0
2888,1.268146,1
2889,0.864009,1
2890,2.380852,0
2891,0.142232,0
2892,0.525939,1
2893,1.757136,1
2894,0.630663,1
2895,5.032768,1
2896,4.989869,0
2897,0.078045,0
2898,0.351211,1
2899,0.281277,1
2900,0.488519,1
2901,0.296466,0
2902,0.792346,1
2903,1.57994,0
2904,1.009372,0
2905,1.72952,1
2906,0.339259,1
2907,0.846354,0
2908,0.441021,0
2909,0.331833,1
2910,0.370546,1
2911,1.032532,1
2912,0.137029,0
2913,2.605125,1
2914,2.660868,1
2915,4.61541,0
2916,2.292203,1
2917,4.997406,0
2918,2.367444,0
2919,2.664296,0
2920,4.728267,1
2921,1.143779,1
2922,0.81621,1
2923,2.532235,1
2924,1.210675,1
2925,0.258112,1
2926,1.817427,1
2927,1.921507,1
2928,0.141167,0
2929,1.439909,1
2930,0.399918,1
2931,1.624531,0
2932,3.794628,0
2933,1.392602,0
2934,3.019687,0
2935,1.582362,0
2936,3.840766,1
2937,3.548702,0
2938,2.108101,1
2939,3.959563,1
2940,0.742167,1
2941,2.062006,1
2942,0.99603,1
2943,2.166494,1
2944,4.775136,0
2945,0.129219,1
2946,0.541507,1
2947,1.682948,1
2948,0.43124,1
2949,0.158104,0
2950,2.503078,1
2951,0.891128,0
2952,0.406925,1
2953,0.752865,1
2954,1.799784,0
2955,6.96768,1
2956,0.141496,0
2957,3.900908,1
2958,3.758496,1
2959,2.662251,1
2960,0.216747,0
2961,1.401629,0
2962,1.084462,1
2963,2.066206,1
2964,0.319035,1
2965,2.362336,0
2966,1.01392,0
2967,1.535819,0
2968,3.889376,1
2969,0.392387,0
2970,0.898533,1
2971,1.793658,0
2972,0.866999,0
2973,0.134649,0
2974,3.724637,0
2975,0.172961,0
2976,0.33754,1
2977,0.640508,1
2978,0.155626,0
2979,1.057744,1
2980,0.279962,0
2981,5.331729,1
2982,2.01399,1
2983,4.849453,1
2984,2.483929,1
2985,1.843211,0
2986,0.356008,1
2987,5.041377,1
2988,1.678288,1
2989,0.139,1
2990,0.993446,1
2991,2.870607,0
2992,4.950526,1
2993,0.78419,1
2994,0.665541,1
2995,0.950143,1
2996,0.946798,0
2997,0.639116,0
2998,0.812482,1
2999,0.103145,1
3000,0.641758,1
3001,1.445275,0
3002,0.184444,1
3003,0.143278,1
3004,1.902178,0
3005,0.943151,0
3006,0.829189,1
3007,0.088457,0
3008,2.934924,0
3009,0.36401,1
3010,0.184232,1
3011,4.698292,0
3012,0.33956,1
3013,1.07182,1
3014,1.38606,1
3015,1.738485,1
3016,2.596549,0
3017,4.236435,0
3018,0.495462,1
3019,0.29848,0
3020,0.756217,1
3021,3.877171,0
3022,0.361308,1
3023,0.680232,1
3024,0.599869,0
3025,0.649716,1
3026,0.97396,1
3027,3.178831,1
3028,0.12751,0
3029,4.330087,1
3030,1.43175,1
3031,0.774637,1
3032,0.142996,1
3033,2.666327,1
3034,0.210297,1
3035,0.774488,1
3036,2.501185,1
3037,1.417778,0
3038,0.648184,1
3039,0.386529,1
3040,3.226379,1
3041,1.643868,1
3042,0.520889,1
3043,1.446324,1
3044,1.825077,1
3045,3.250261,1
3046,0.156508,0
3047,2.022306,1
3048,1.825086,1
3049,3.208149,0
3050,2.132349,1
3051,0.440639,0
3052,0.184957,0
3053,1.696563,1
3054,0.812004,0
3055,0.184048,0
3056,1.278024,0
3057,2.367206,1
3058,2.204862,1
3059,3.013389,0
3060,1.100222,1
3061,0.613808,0
3062,1.182703,1
3063,0.564787,1
3064,1.523754,1
3065,0.146195,1
3066,5.040532,0
3067,5.273783,0
3068,0.843763,0
3069,1.062396,1
3070,0.137004,0
3071,0.491371,0
3072,2.179031,1
3073,2.781126,1
3074,0.174616,0
3075,1.720266,1
3076,1.844001,0
3077,0.840287,1
3078,0.447872,1
3079,0.954025,1
3080,6.307923,1
3081,1.678329,0
3082,0.83494,1
3083,0.370273,0
3084,0.680302,0
3085,1.493684,1
3086,1.924182,0
3087,0.339353,1
3088,2.590762,1
3089,1.631553,1
3090,0.119309,1
3091,1.344682,0
3092,1.014354,1
3093,2.021676,1
3094,0.513861,1
3095,0.547787,1
3096,0.258209,0
3097,0.269275,0
3098,0.697229,1
3099,3.443239,0
3100,3.137745,0
3101,0.26399,1
3102,0.691124,1
3103,5.095169,0
3104,1.166719,1
3105,0.371486,1
3106,0.669587,1
3107,0.21052,1
3108,0.298986,1
3109,3.12407,0
3110,0.225463,0
3111,1.30593,1
3112,2.07527,1
3113,5.190848,0
3114,3.475821,1
3115,0.949403,1
3116,4.857337,1
3117,2.912255,1
3118,5.193775,0
3119,3.694273,0
3120,0.861512,1
3121,1.096392,0
3122,1.776299,1
3123,3.35377,1
3124,0.164431,1
3125,0.583569,1
3126,0.640487,0
3127,0.17968,0
3128,1.892131,1
3129,1.113486,1
3130,0.40834,1
3131,0.134286,0
3132,4.002478,1
3133,0.188128,0
3134,0.536165,1
3135,0.17445,0
3136,1.599956,0
3137,0.157301,1
3138,0.17862,1
3139,0.20992,1
3140,2.649304,1
3141,0.163805,1
3142,5.117675,0
3143,0.281743,0
3144,0.947597,1
3145,0.640375,1
3146,4.212779,1
3147,3.98625,0
3148,0.210802,0
3149,0.550693,0
3150,4.799458,0
3151,4.419001,0
3152,4.41642,0
3153,2.025934,0
3154,1.504946,1
3155,0.160772,1
3156,0.290784,1
3157,0.312603,1
3158,1.090668,0
3159,0.374052,1
3160,1.042875,1
3161,0.245295,1
3162,4.374299,0
3163,2.273473,0
3164,0.420934,1
3165,3.813407,1
3166,1.575932,1
3167,2.054553,1
3168,1.05607,1
3169,0.920257,1
3170,5.525401,0
3171,0.211097,0
3172,0.860072,0
3173,2.484435,1
3174,1.913601,0
3175,4.763065,1
3176,0.749079,1
3177,2.029328,1
3178,0.339752,0
3179,0.497217,1
3180,0.209439,1
3181,0.308301,1
3182,1.873643,1
3183,2.639501,0
3184,3.822317,1
3185,0.267279,0
3186,2.296576,1
3187,2.211257,0
3188,0.239792,0
3189,0.813566,1
3190,0.269796,0
3191,1.304063,1
3192,2.212484,1
3193,0.300135,1
3194,2.440075,0
3195,0.473641,1
3196,1.983391,0
3197,2.714612,0
3198,0.181637,1
3199,0.720381,0
3200,0.798535,1
3201,0.687831,1
3202,1.85377,0
3203,0.394196,1
3204,5.244429,1
3205,0.51139,1
3206,0.220195,0
3207,0.610083,1
3208,2.102459,1
3209,1.340132,1
3210,1.266203,1
3211,0.447287,1
3212,5.624182,0
3213,4.395575,0
3214,1.373782,1
3215,4.291163,1
3216,0.948162,1
3217,0.501538,1
3218,2.527356,1
3219,0.13529,0
3220,3.313672,1
3221,4.467363,1
3222,2.302681,0
3223,0.197106,0
3224,2.010864,0
3225,1.033361,1
3226,1.243149,1
3227,2.717596,1
3228,0.925499,1
3229,4.146029,1
3230,3.058418,0
3231,2.116622,0
3232,2.248006,0
3233,5.013932,1
3234,0.309698,1
3235,2.904291,0
3236,0.897281,0
3237,4.496713,1
3238,0.393455,1
3239,1.41535,1
3240,4.083755,1
3241,1.857901,1
3242,1.512066,1
3243,1.082866,0
3244,3.245765,0
3245,0.228682,0
3246,5.004338,1
3247,4.393449,1
3248,5.661454,1
3249,5.092073,1
3250,0.624659,0
3251,1.603787,1
3252,4.02529,1
3253,1.445225,0
3254,1.487139,1
3255,0.302872,1
3256,0.98673,0
3257,1.638966,1
3258,0.499018,1
3259,0.41464,1
3260,0.24526,0
3261,0.825062,1
3262,5.227798,0
3263,0.271276,0
3264,2.026355,0
3265,5.306475,0
3266,1.917001,0
3267,0.229017,1
3268,2.554269,1
3269,1.344294,1
3270,1.821798,0
3271,0.264351,1
3272,0.11733,0
3273,0.111134,0
3274,0.804972,1
3275,0.603726,0
3276,0.177987,1
3277,0.516481,0
3278,5.904144,0
3279,0.257407,0
3280,5.113407,1
3281,6.10661,0
3282,0.673428,0
3283,0.135183,0
3284,1.104343,1
3285,0.860784,1
3286,0.562756,1
3287,0.980746,1
3288,1.014075,1
3289,4.278473,1
3290,0.480005,0
3291,0.733084,1
3292,2.580719,0
3293,0.219507,1
3294,0.284858,1
3295,2.562795,1
3296,0.85544,1
3297,2.555195,0
3298,1.066889,0
3299,0.408337,1
3300,1.066051,0
3301,0.152183,1
3302,0.545571,1
3303,1.082704,1
3304,2.927568,1
3305,2.56588,1
3306,0.426933,0
3307,2.461635,0
3308,0.5496,0
3309,0.697855,0
3310,0.960018,1
3311,0.636597,1
3312,0.788625,1
3313,0.125377,0
3314,0.217984,1
3315,3.466232,1
3316,0.41462,1
3317,1.10717,1
3318,3.964415,1
3319,0.456946,1
3320,6.187945,0
3321,2.454855,1
3322,0.211229,1
3323,0.372012,1
3324,1.285626,0
3325,0.213333,0
3326,1.747543,0
3327,1.068264,1
3328,1.598336,1
3329,0.984023,1
3330,4.147511,0
3331,1.724934,1
3332,0.323795,1
3333,0.208398,0
3334,0.403018,0
3335,2.086116,1
3336,0.167743,1
3337,0.234965,0
3338,0.854706,0
3339,1.394344,1
3340,3.621493,1
3341,2.585737,1
3342,0.194998,1
3343,2.422882,0
3344,0.397753,0
3345,2.193446,0
3346,0.344944,1
3347,0.554458,0
3348,4.583733,1
3349,1.065517,0
3350,1.016351,1
3351,0.724607,1
3352,1.662172,0
3353,0.256095,0
3354,4.022042,1
3355,0.993651,1
3356,0.42252,1
3357,5.158369,0
3358,0.70879,1
3359,0.957066,1
3360,2.91677,0
3361,0.452579,1
3362,2.808581,1
3363,3.269133,1
3364,1.464612,1
3365,0.441558,1
3366,0.327706,1
3367,3.492217,1
3368,0.677432,1
3369,0.25309,0
3370,1.248442,1
3371,0.648411,1
3372,0.161125,1
3373,1.26619,1
3374,4.28405,1
3375,1.293357,0
3376,3.120729,1
3377,0.196555,0
3378,0.349318,1
3379,1.907438,1
3380,1.252937,1
3381,4.594666,1
3382,1.062931,1
3383,3.671756,1
3384,0.30188,1
3385,0.532902,1
3386,4.335037,1
3387,2.623213,1
3388,2.070884,1
3389,3.351275,1
3390,0.770903,0
3391,0.865797,0
3392,0.451558,1
3393,0.816939,0
3394,1.54115,1
3395,0.561349,1
3396,0.618435,0
3397,0.559607,0
3398,0.876558,1
3399,1.605528,1
3400,1.692545,1
3401,1.750721,1
3402,0.485308,0
3403,2.192783,0
3404,0.669183,1
3405,3.204872,0
3406,1.778346,1
3407,1.736603,0
3408,3.058846,0
3409,3.910259,0
3410,5.759855,1
3411,4.670496,1
3412,2.276397,0
3413,0.871331,1
3414,1.819349,0
3415,1.167503,1
3416,1.170284,0
3417,1.106066,1
3418,1.778935,1
3419,0.243231,1
3420,0.222531,0
3421,0.192082,1
3422,4.892965,0
3423,0.571552,0
3424,1.716787,1
3425,0.403191,1
3426,1.320431,1
3427,1.61817,0
3428,2.114597,1
3429,0.417985,1
3430,3.40152,1
3431,2.275918,1
3432,2.692405,1
3433,0.366243,1
3434,1.786704,0
3435,0.165878,1
3436,3.779287,1
3437,0.183359,1
3438,0.620098,1
3439,2.405833,0
3440,3.185973,0
3441,0.571806,1
3442,0.997129,1
3443,0.155848,1
3444,0.407416,1
3445,1.947761,1
3446,0.220597,1
3447,0.142932,1
3448,4.492035,1
3449,1.956832,1
3450,0.687813,1
3451,0.242536,0
3452,0.245427,1
3453,1.805223,0
3454,1.607919,1
3455,2.36675,1
3456,2.604423,1
3457,2.70146,0
3458,0.598415,0
3459,1.412337,0
3460,0.391301,1
3461,0.380579,1
3462,0.599802,1
3463,0.209884,0
3464,1.650994,0
3465,0.14177,1
3466,1.931025,1
3467,0.299752,0
3468,1.393907,1
3469,2.382528,1
3470,0.24181,1
3471,1.150803,1
3472,3.291347,1
3473,0.208616,1
3474,1.000608,1
3475,0.683715,1
3476,3.539446,1
3477,3.906014,1
3478,1.282687,1
3479,1.845096,0
3480,1.961965,1
3481,0.111193,0
3482,2.571079,1
3483,1.151827,1
3484,0.226221,0
3485,0.671096,1
3486,0.572556,1
3487,2.226366,1
3488,0.342266,1
3489,1.871002,0
3490,5.211481,1
3491,0.46375,1
3492,2.245352,1
3493,0.649417,1
3494,0.404093,1
3495,1.413663,1
3496,0.541106,0
3497,1.214802,1
3498,2.95847,0
3499,1.777824,1
3500,0.669525,1
3501,1.196604,0
3502,0.251583,1
3503,1.000029,1
3504,0.384817,1
3505,0.423936,1
3506,0.315195,1
3507,1.929407,1
3508,0.920818,0
3509,4.426885,1
3510,3.648285,1
3511,3.383081,1
3512,0.217433,1
3513,2.363126,1
3514,6.606779,0
3515,0.998983,0
3516,1.839317,1
3517,1.049762,0
3518,4.122931,1
3519,0.734062,1
3520,4.333498,1
3521,2.557282,0
3522,0.223851,0
3523,1.230736,1
3524,0.603977,0
3525,1.438385,1
3526,2.94499,1
3527,2.273686,1
3528,3.624492,1
3529,2.637774,1
3530,0.426311,1
3531,0.5351,1
3532,1.984523,1
3533,1.14091,1
3534,2.050042,0
3535,0.81751,1
3536,2.212966,1
3537,1.244777,1
3538,0.268174,1
3539,0.563132,1
3540,2.004064,0
3541,0.267918,1
3542,2.726927,0
3543,3.774515,1
3544,0.678896,1
3545,0.4833,1
3546,1.386065,0
3547,0.094984,0
3548,2.938967,1
3549,4.409739,0
3550,1.061281,1
3551,3.511249,1
3552,0.864711,1
3553,2.183802,0
3554,0.490005,1
3555,6.021515,0
3556,0.137476,0
3557,0.295179,0
3558,1.136858,1
3559,2.294342,1
3560,0.899156,1
3561,1.251653,0
3562,2.951485,1
3563,4.017436,0
3564,3.548296,0
3565,0.51809,0
3566,0.25287,0
3567,2.002622,0
3568,1.607076,0
3569,0.296865,0
3570,0.178446,1
3571,0.168787,1
3572,2.093168,1
3573,0.181803,1
3574,1.845051,0
3575,5.067345,0
3576,1.859154,0
3577,0.69958,1
3578,4.40853,0
3579,1.774306,1
3580,3.087351,1
3581,2.218369,1
3582,4.480078,0
3583,0.700245,0
3584,3.040573,1
3585,1.727782,1
3586,0.196622,0
3587,3.456719,1
3588,0.553329,1
3589,0.56203,1
3590,1.743418,0
3591,2.291816,1
3592,0.374465,1
3593,1.601682,1
3594,2.104998,1
3595,2.335731,0
3596,0.983342,1
3597,0.59463,0
3598,2.476079,1
3599,0.194215,1
3600,1.065112,0
3601,0.497025,0
3602,2.476679,1
3603,0.181862,1
3604,1.001964,1
3605,0.961368,1
3606,0.246613,0
3607,3.801653,0
3608,0.897843,1
3609,0.276069,0
3610,2.464683,1
3611,5.048285,1
3612,0.26679,1
3613,4.124511,0
3614,2.911685,1
3615,0.627039,1
3616,1.073355,1
3617,0.600834,0
3618,0.49605,0
3619,4.367366,0
3620,0.153043,1
3621,3.715118,1
3622,3.831555,1
3623,0.368576,0
3624,1.062959,0
3625,1.515375,1
3626,2.258758,0
3627,0.798487,0
3628,0.254974,0
3629,3.66435,0
3630,0.826256,0
3631,1.148504,1
3632,0.189081,1
3633,2.51183,0
3634,2.244929,1
3635,2.858237,1
3636,1.437677,1
3637,0.893469,0
3638,3.174293,1
3639,0.121961,0
3640,2.472022,0
3641,0.19923,0
3642,0.651106,0
3643,4.542887,1
3644,0.90649,0
3645,3.943725,0
3646,1.932577,1
3647,2.541015,1
3648,3.410862,0
3649,0.192216,0
3650,4.407016,1
3651,0.664825,1
3652,2.761377,1
3653,2.182544,1
3654,4.723685,1
3655,2.02615,1
3656,1.722263,1
3657,3.335543,0
3658,2.336242,0
3659,0.269014,0
3660,0.357036,1
3661,0.968685,1
3662,3.926461,1
3663,0.579812,1
3664,1.65911,1
3665,0.469947,1
3666,0.39643,1
3667,3.2607,0
3668,0.207953,0
3669,1.752982,1
3670,1.045201,1
3671,0.97654,1
3672,3.715031,1
3673,0.328803,1
3674,3.881575,0
3675,5.296682,0
3676,1.853871,1
3677,0.81258,1
3678,0.384683,1
3679,0.566587,0
3680,2.272838,1
3681,2.752027,1
3682,4.846401,0
3683,2.32921,1
3684,0.203469,1
3685,2.573002,0
3686,1.108408,1
3687,0.824826,1
3688,1.200886,1
3689,0.405193,1
3690,0.503417,1
3691,1.10231,0
3692,0.187513,0
3693,0.162771,1
3694,0.130913,0
3695,1.343663,1
3696,0.513639,1
3697,0.980087,1
3698,0.235728,1
3699,1.525249,0
3700,1.733055,1
3701,0.776702,1
3702,2.845227,1
3703,1.80431,1
3704,0.163562,1
3705,0.671473,0
3706,0.296456,1
3707,0.18676,0
3708,2.243494,1
3709,1.08822,1
3710,0.192551,0
3711,0.497843,1
3712,3.133955,1
3713,0.405982,1
3714,7.039107,1
3715,0.219971,1
3716,0.353059,1
3717,1.030489,0
3718,1.355694,1
3719,1.837907,1
3720,2.371003,0
3721,1.940776,1
3722,0.369974,1
3723,0.575001,0
3724,2.458936,0
3725,1.18378,1
3726,0.634514,1
3727,0.548724,0
3728,0.341175,1
3729,0.727474,1
3730,2.967335,0
3731,1.788856,1
3732,1.921389,1
3733,1.473615,1
3734,1.244716,1
3735,0.862323,0
3736,0.669902,0
3737,1.349865,1
3738,1.534688,1
3739,0.316685,1
3740,1.00497,1
3741,3.711815,0
3742,0.314306,0
3743,0.549934,0
3744,0.556373,1
3745,2.544198,1
3746,3.940771,1
3747,3.961704,1
3748,1.263368,1
3749,0.869341,1
3750,1.995957,1
3751,0.087726,0
3752,0.419334,0
3753,4.735103,0
3754,1.823991,1
3755,0.664454,0
3756,4.215734,1
3757,0.25149,0
3758,1.05981,1
3759,1.836704,0
3760,0.927572,1
3761,2.254671,0
3762,1.673148,1
3763,3.299284,1
3764,2.543906,1
3765,0.400494,1
3766,4.232625,1
3767,0.335169,0
3768,0.772105,0
3769,1.198911,1
3770,3.363298,1
3771,4.993123,0
3772,4.190812,1
3773,4.594924,1
3774,6.854784,1
3775,2.030258,1
3776,0.856166,0
3777,4.177366,0
3778,0.171066,1
3779,1.726796,1
3780,0.623014,1
3781,1.352571,1
3782,0.515381,1
3783,1.375657,1
3784,4.121667,1
3785,0.738064,1
3786,0.216228,0
3787,3.813456,0
3788,0.341904,1
3789,6.695018,0
3790,1.518513,1
3791,1.729449,1
3792,1.434888,0
3793,1.602078,1
3794,0.389183,1
3795,2.092171,0
3796,1.494221,1
3797,2.10223,1
3798,1.489179,0
3799,5.378758,1
3800,0.4181,1
3801,0.711141,1
3802,2.889186,0
3803,0.556351,1
3804,1.937603,1
3805,0.367892,1
3806,2.830518,0
3807,6.373477,0
3808,3.975893,1
3809,0.120351,0
3810,2.399263,1
3811,5.283827,0
3812,0.554976,1
3813,2.904062,1
3814,3.604749,1
3815,3.353004,1
3816,0.381329,0
3817,0.267376,0
3818,4.644694,0
3819,2.118958,1
3820,0.257792,1
3821,0.693963,1
3822,1.923899,0
3823,4.593859,1
3824,5.11604,0
3825,3.163579,1
3826,1.155995,1
3827,5.256074,0
3828,2.210154,1
3829,1.728273,1
3830,2.655031,0
3831,1.254034,1
3832,2.697045,0
3833,0.595616,1
3834,1.842847,0
3835,0.729682,0
3836,2.0326,1
3837,0.152488,0
3838,1.621637,0
3839,1.600347,0
3840,5.444946,1
3841,0.826775,1
3842,0.769546,1
3843,1.30958,0
3844,0.488,0
3845,1.734547,0
3846,2.701946,1
3847,5.434712,1
3848,1.734833,0
3849,0.673377,1
3850,0.169205,0
3851,0.443332,1
3852,4.145925,1
3853,0.414291,1
3854,0.976373,1
3855,2.247484,0
3856,3.889952,0
3857,0.662972,1
3858,0.566744,1
3859,0.360589,0
3860,3.409986,0
3861,1.899016,1
3862,1.613218,0
3863,1.302028,1
3864,0.638812,1
3865,1.486882,0
3866,3.762747,1
3867,2.246306,1
3868,0.954282,0
3869,0.296907,1
3870,1.512939,1
3871,0.135984,1
3872,1.527294,0
3873,1.54846,0
3874,2.76099,1
3875,2.848972,1
3876,2.439585,1
3877,0.602616,1
3878,0.328488,1
3879,0.287169,1
3880,2.351127,1
3881,3.208833,1
3882,2.561314,1
3883,0.314141,1
3884,2.034958,0
3885,1.80503,1
3886,0.378502,0
3887,0.522262,0
3888,1.368628,1
3889,0.493623,1
3890,3.764912,1
3891,0.98395,1
3892,1.775794,1
3893,5.65705,0
3894,1.876192,0
3895,3.856248,1
3896,0.371269,0
3897,0.492491,1
3898,0.851523,0
3899,5.276379,0
3900,0.628454,0
3901,0.92226,1
3902,1.374773,0
3903,0.176696,0
3904,0.28031,1
3905,1.9244,0
3906,0.112926,0
3907,0.233374,1
3908,1.197032,1
3909,0.157647,0
3910,0.282607,1
3911,4.339366,1
3912,6.161189,1
3913,0.539881,1
3914,0.3719,1
3915,4.693322,1
3916,5.444526,1
3917,0.176751,0
3918,1.13493,0
3919,0.44948,1
3920,3.600115,1
3921,1.618214,1
3922,1.876509,0
3923,2.000303,1
3924,0.187166,1
3925,4.041867,1
3926,5.408442,0
3927,0.820262,1
3928,1.971968,1
3929,0.326796,0
3930,4.646377,1
3931,0.950728,0
3932,4.565395,1
3933,2.391016,1
3934,2.681316,0
3935,4.305317,1
3936,1.843327,1
3937,2.52253,1
3938,1.006203,1
3939,5.754672,0
3940,0.667858,1
3941,0.649499,1
3942,5.612104,1
3943,4.328303,1
3944,1.671255,1
3945,1.279264,0
3946,1.256732,1
3947,1.354614,0
3948,0.420723,1
3949,2.183813,0
3950,3.286771,1
3951,0.155321,1
3952,1.51614,1
3953,2.686335,1
3954,3.605696,0
3955,1.67594,0
3956,1.778515,1
3957,4.439137,0
3958,0.891265,1
3959,1.27514,1
3960,0.784614,1
3961,1.169723,1
3962,0.397254,0
3963,1.672664,1
3964,0.705768,1
3965,0.335589,1
3966,2.670419,1
3967,2.683337,1
3968,0.166136,1
3969,0.853969,1
3970,0.931746,1
3971,0.312092,1
3972,0.973513,0
3973,0.873574,1
3974,0.153692,1
3975,0.436551,1
3976,0.146057,1
3977,1.137219,0
3978,3.170444,0
3979,0.422443,1
3980,1.945651,1
3981,0.941268,1
3982,0.973619,1
3983,0.841641,1
3984,2.319595,1
3985,0.146616,0
3986,1.855043,0
3987,0.325509,1
3988,0.967417,1
3989,0.359952,1
3990,1.288551,1
3991,1.375263,0
3992,0.651112,0
3993,3.268135,1
3994,0.625154,1
3995,0.792908,1
3996,1.310066,0
3997,0.790589,0
3998,0.258239,0
3999,0.191843,0
4000,4.969099,0
4001,4.173839,1
4002,2.499139,0
4003,0.540384,1
4004,3.676289,1
4005,1.186005,0
4006,1.750904,1
4007,1.005118,0
4008,2.140187,0
4009,3.628599,1
4010,4.923587,1
4011,1.497785,1
4012,1.140003,1
4013,0.357934,1
4014,0.347612,1
4015,0.308201,1
4016,0.76972,0
4017,0.635855,1
4018,0.66653,1
4019,4.41433,0
4020,0.493871,1
4021,1.13852,0
4022,2.014214,1
4023,1.422386,1
4024,0.734754,1
4025,1.899197,1
4026,0.511718,0
4027,3.486305,1
4028,1.025375,1
4029,0.197692,0
4030,0.183466,1
4031,0.316512,1
4032,1.282784,1
4033,3.014341,0
4034,0.28442,1
4035,2.461941,1
4036,3.330539,1
4037,5.570997,0
4038,0.361357,1
4039,0.559246,1
4040,1.200117,1
4041,3.041851,1
4042,4.290658,1
4043,0.444736,0
4044,0.641957,1
4045,0.389911,1
4046,0.320448,1
4047,0.269601,0
4048,1.352311,1
4049,0.776517,1
4050,1.295387,1
4051,0.925611,1
4052,0.520932,0
4053,0.275134,0
4054,0.979146,1
4055,1.014688,1
4056,1.395673,1
4057,5.212564,1
4058,0.799231,1
4059,4.526579,1
4060,2.062928,0
4061,0.345914,1
4062,3.66584,0
4063,1.756029,0
4064,2.196434,0
4065,0.554281,1
4066,3.925001,1
4067,0.939788,1
4068,1.015532,1
4069,0.222555,0
4070,1.005719,1
4071,1.525919,0
4072,1.261623,0
4073,0.873845,1
4074,0.346297,1
4075,1.60338,1
4076,0.662914,1
4077,2.231269,1
4078,0.355117,0
4079,0.932757,1
4080,0.346256,1
4081,0.560372,1
4082,4.473655,1
4083,0.454374,1
4084,0.272873,0
4085,1.808657,0
4086,0.312774,1
4087,1.211971,0
4088,0.684395,0
4089,1.309474,0
4090,4.03047,0
4091,4.139594,1
4092,0.474161,1
4093,4.452213,1
4094,0.231202,0
4095,3.172661,0
4096,1.328157,1
4097,5.600865,0
4098,1.615322,1
4099,1.194928,1
4100,0.130167,0
4101,0.424949,1
4102,0.083614,0
4103,1.093598,1
4104,1.052089,0
4105,2.631927,0
4106,0.739383,1
4107,6.237012,1
4108,0.449263,1
4109,0.266119,0
4110,0.992475,1
4111,1.275521,0
4112,0.15641,1
4113,0.259872,1
4114,4.411926,1
4115,0.210495,0
4116,0.94837,1
4117,0.113947,0
4118,1.375125,1
4119,0.307831,1
4120,5.021892,0
4121,2.581143,0
4122,1.462205,1
4123,1.191787,1
4124,2.584424,0
4125,2.856852,0
4126,0.648963,1
4127,0.628295,1
4128,0.624534,1
4129,0.193937,0
4130,2.657424,1
4131,0.452002,0
4132,0.188136,0
4133,0.476688,1
4134,3.893766,1
4135,0.621057,1
4136,0.125104,0
4137,1.164452,1
4138,2.364524,0
4139,2.13116,0
4140,1.168118,1
4141,5.390905,1
4142,2.66523,1
4143,1.717476,1
4144,0.395511,1
4145,0.388876,0
4146,3.072928,0
4147,2.031377,1
4148,0.150471,0
4149,2.196196,1
4150,3.499276,1
4151,2.064685,0
4152,0.943826,1
4153,1.440289,0
4154,4.803577,0
4155,0.200861,0
4156,2.292218,1
4157,1.15731,0
4158,2.219687,1
4159,2.180956,1
4160,0.880055,1
4161,5.983461,0
4162,1.175639,1
4163,1.031698,1
4164,0.329732,0
4165,1.252774,1
4166,1.019625,1
4167,2.776543,1
4168,1.749953,1
4169,1.616536,1
4170,0.246052,1
4171,4.718009,0
4172,1.805212,1
4173,0.783707,1
4174,0.846849,1
4175,4.465623,1
4176,0.441184,1
4177,0.266325,1
4178,0.780457,1
4179,0.758148,1
4180,0.749705,1
4181,0.496402,1
4182,2.702365,1
4183,2.018806,1
4184,0.340562,0
4185,4.242147,0
4186,2.234442,1
4187,0.256976,1
4188,0.741799,1
4189,0.644222,1
4190,1.133811,1
4191,4.418419,1
4192,3.702396,1
4193,0.666209,1
4194,3.46924,0
4195,4.227052,0
4196,2.31882,0
4197,0.092137,0
4198,1.223396,1
4199,0.372872,1
4200,5.400733,1
4201,4.761174,1
4202,0.196111,0
4203,0.149277,0
4204,0.437357,0
4205,4.547071,1
4206,4.349577,0
4207,1.72663,1
4208,3.965765,1
4209,0.707563,0
4210,0.563849,0
4211,4.577911,1
4212,2.1666,1
4213,1.408419,0
4214,1.050102,1
4215,1.53458,1
4216,1.137148,1
4217,0.364648,1
4218,4.006397,1
4219,0.823324,0
4220,0.655412,1
4221,0.346251,1
4222,0.684633,0
4223,2.072545,0
4224,1.757255,1
4225,1.014639,0
4226,4.708571,1
4227,0.328951,1
4228,0.806606,0
4229,1.52001,1
4230,5.634641,0
4231,0.695107,0
4232,0.153772,1
4233,0.136821,1
4234,2.440981,1
4235,1.987945,1
4236,3.306308,1
4237,3.307588,1
4238,2.477025,1
4239,0.961969,1
4240,2.283428,1
4241,0.467364,0
4242,0.402545,1
4243,3.997819,0
4244,0.419153,1
4245,1.452453,1
4246,0.247807,1
4247,0.381517,1
4248,0.292202,1
4249,1.120572,1
4250,3.003803,1
4251,0.508147,1
4252,0.242078,1
4253,4.77166,1
4254,0.556932,1
4255,2.525925,1
4256,2.669846,0
4257,1.877109,0
4258,0.532489,1
4259,0.192235,1
4260,1.078783,1
4261,2.027471,1
4262,3.299919,0
4263,1.21455,1
4264,1.534675,0
4265,0.346845,1
4266,2.202857,0
4267,3.070181,0
4268,0.767839,1
4269,2.689228,1
4270,5.216035,1
4271,0.507879,1
4272,3.914506,0
4273,0.146016,1
4274,0.559877,1
4275,1.944883,0
4276,0.108673,0
4277,2.341005,1
4278,3.268652,0
4279,1.673074,1
4280,1.297847,1
4281,2.726935,0
4282,1.491752,0
4283,1.528397,1
4284,0.362896,1
4285,0.839739,1
4286,4.954929,1
4287,0.262764,0
4288,2.146132,0
4289,1.083289,0
4290,1.364175,1
4291,4.786343,0
4292,0.660571,0
4293,0.135833,1
4294,3.405144,1
4295,1.204521,0
4296,4.39911,1
4297,1.984733,1
4298,0.796342,1
4299,0.256778,0
4300,4.264477,1
4301,0.9436,0
4302,2.239485,0
4303,2.064508,0
4304,4.006309,0
4305,4.149795,0
4306,0.849804,0
4307,0.808278,1
4308,3.83645,0
4309,0.542449,0
4310,1.05226,1
4311,2.078787,0
4312,0.255206,1
4313,0.657912,1
4314,1.961889,1
4315,0.348146,0
4316,0.86066,1
4317,1.654621,1
4318,5.513381,1
4319,1.507572,0
4320,0.405347,1
4321,1.380347,1
4322,5.308936,0
4323,0.440928,1
4324,0.171134,1
4325,2.481934,1
4326,0.585088,0
4327,0.845884,1
4328,4.645476,0
4329,1.396823,1
4330,2.616005,1
4331,3.515609,1
4332,1.460205,1
4333,6.260725,1
4334,1.808513,0
4335,2.484744,0
4336,0.297457,1
4337,1.579656,1
4338,3.804541,1
4339,3.033712,0
4340,3.692382,1
4341,0.605579,1
4342,0.251097,0
4343,0.678544,1
4344,0.339511,0
4345,0.26409,1
4346,0.764426,1
4347,2.172525,1
4348,0.693523,1
4349,1.062641,1
4350,3.457798,1
4351,0.316735,1
4352,4.187766,1
4353,1.649163,0
4354,4.551757,1
4355,2.287696,0
4356,1.159355,0
4357,0.193354,1
4358,0.328438,0
4359,5.530575,1
4360,2.111733,0
4361,3.371641,1
4362,0.367069,1
4363,0.391244,1
4364,3.105438,1
4365,3.289986,0
4366,2.684217,1
4367,2.655655,1
4368,2.268508,0
4369,0.151513,0
4370,0.154695,0
4371,1.03634,1
4372,0.948751,1
4373,0.154145,0
4374,0.543788,1
4375,5.102312,1
4376,3.51257,0
4377,0.592727,0
4378,1.176562,1
4379,1.272561,1
4380,0.319405,1
4381,5.539817,0
4382,1.010291,0
4383,3.387231,1
4384,0.170001,0
4385,0.35681,0
4386,2.169356,1
4387,0.142066,0
4388,1.168535,0
4389,0.903628,1
4390,1.961535,1
4391,0.140344,1
4392,0.922341,1
4393,0.701234,0
4394,0.537881,1
4395,0.24044,0
4396,0.118362,0
4397,0.466268,1
4398,0.245367,1
4399,2.919474,1
4400,0.427685,1
4401,2.362189,0
4402,0.672727,1
4403,0.16783,1
4404,1.994737,1
4405,0.288207,1
4406,0.700486,1
4407,0.279763,0
4408,0.256085,0
4409,0.454862,1
4410,1.506373,0
4411,2.379949,1
4412,4.603434,1
4413,4.469825,1
4414,0.524407,1
4415,0.159047,0
4416,0.630851,1
4417,0.537568,1
4418,0.275634,0
4419,0.599367,0
4420,2.51209,1
4421,1.073323,1
4422,4.853138,0
4423,0.967654,0
4424,0.915887,1
4425,4.607682,1
4426,0.939106,0
4427,0.25845,1
4428,0.20404,1
4429,1.203464,1
4430,0.553842,1
4431,4.307169,1
4432,4.226729,0
4433,4.236742,1
4434,2.365418,1
4435,0.397098,0
4436,0.34151,1
4437,2.181422,1
4438,4.42368,0
4439,0.550488,1
4440,2.333035,1
4441,0.246435,1
4442,4.11967,1
4443,0.863235,0
4444,0.966581,0
4445,1.149294,1
4446,0.187757,0
4447,0.597889,1
4448,0.756489,1
4449,0.516609,1
4450,0.769771,0
4451,0.840752,1
4452,3.33207,1
4453,0.955157,1
4454,0.479939,1
4455,0.310687,1
4456,0.175974,0
4457,1.639909,0
4458,0.38683,1
4459,0.701871,1
4460,0.324211,0
4461,0.556896,1
4462,0.898635,1
4463,0.179261,0
4464,3.401611,1
4465,0.54926,1
4466,0.978988,0
4467,0.089103,0
4468,1.017384,1
4469,2.01034,0
4470,2.601891,1
4471,0.625924,0
4472,3.892474,0
4473,3.92308,0
4474,3.200613,0
4475,5.315176,0
4476,0.201468,0
4477,0.902725,1
4478,0.159342,0
4479,1.904632,1
4480,2.276983,1
4481,1.868326,0
4482,3.056919,1
4483,2.282493,0
4484,2.281521,1
4485,0.926036,0
4486,2.056582,0
4487,0.132445,1
4488,1.29091,1
4489,0.483835,1
4490,5.366873,1
4491,0.800904,0
4492,2.291299,0
4493,1.950058,1
4494,2.311099,1
4495,6.799082,1
4496,4.085709,1
4497,0.130931,0
4498,3.771647,0
4499,0.172536,0
4500,0.664724,1
4501,1.809095,1
4502,0.893679,1
4503,4.357752,0
4504,0.544872,1
4505,2.459023,0
4506,3.882276,1
4507,1.108183,1
4508,0.372406,1
4509,0.378847,1
4510,2.499085,1
4511,0.141974,1
4512,1.545505,0
4513,1.727399,1
4514,3.329371,1
4515,3.113604,0
4516,0.623777,1
4517,4.30309,1
4518,1.20501,1
4519,1.150346,1
4520,2.151171,1
4521,1.08799,1
4522,0.119705,0
4523,0.179915,0
4524,4.692811,1
4525,0.18009,0
4526,1.009817,1
4527,3.540467,1
4528,1.702725,0
4529,0.282959,1
4530,3.102812,1
4531,0.732133,0
4532,0.299284,0
4533,2.546291,1
4534,0.356995,1
4535,0.391333,1
4536,1.067101,1
4537,0.454418,0
4538,0.230721,1
4539,2.900391,0
4540,4.48815,1
4541,1.011137,1
4542,0.492354,1
4543,1.482115,1
4544,3.819827,0
4545,0.22432,0
4546,0.509328,1
4547,1.499261,1
4548,0.227221,1
4549,0.476939,1
4550,3.432134,0
4551,4.143393,1
4552,1.559871,1
4553,0.241019,1
4554,1.151091,1
4555,0.738565,1
4556,0.209357,0
4557,5.052316,1
4558,0.457081,1
4559,1.087475,1
4560,0.309347,0
4561,0.395557,1
4562,4.243117,1
4563,3.514435,1
4564,0.227452,0
4565,0.563523,1
4566,2.435871,0
4567,2.213729,1
4568,0.962606,1
4569,0.650667,1
4570,2.274261,1
4571,1.989137,1
4572,0.659377,1
4573,3.960411,0
4574,0.449651,1
4575,0.809414,1
4576,2.021363,0
4577,2.306959,0
4578,3.241043,0
4579,1.261895,0
4580,2.417691,1
4581,4.441915,0
4582,0.49917,0
4583,0.180621,1
4584,1.188206,1
4585,5.01215,0
4586,0.142595,0
4587,0.459371,0
4588,1.125954,1
4589,1.785858,1
4590,3.235851,1
4591,0.582747,1
4592,1.943307,0
4593,1.110831,1
4594,0.541583,1
4595,3.146369,0
4596,1.072482,1
4597,0.970563,1
4598,0.87162,1
4599,0.953421,0
4600,0.870785,0
4601,1.617191,1
4602,2.007831,0
4603,1.028711,1
4604,2.646239,0
4605,4.836677,0
4606,0.29337,1
4607,0.316529,1
4608,0.119163,0
4609,0.260246,1
4610,3.199517,1
4611,1.032296,1
4612,5.069742,0
4613,4.245115,0
4614,0.328457,1
4615,0.315635,0
4616,1.195212,1
4617,3.939408,1
4618,0.44786,1
4619,0.092729,1
4620,1.96955,1
4621,0.229064,0
4622,4.344239,0
4623,2.177706,0
4624,0.210246,0
4625,5.699071,1
4626,0.568981,0
4627,2.145729,1
4628,1.859204,1
4629,1.957127,0
4630,0.577565,1
4631,0.571511,1
4632,1.27758,0
4633,0.9516,1
4634,1.142851,1
4635,4.928357,0
4636,1.596209,1
4637,0.332254,1
4638,2.691026,1
4639,3.673039,1
4640,1.207409,0
4641,1.944252,0
4642,4.66053,1
4643,2.575079,1
4644,4.056701,1
4645,1.641748,0
4646,3.705854,0
4647,5.228384,0
4648,3.97537,0
4649,0.341113,1
4650,0.219656,0
4651,3.265045,0
4652,0.892299,1
4653,2.302127,1
4654,1.665126,0
4655,2.21249,1
4656,0.21168,1
4657,2.246104,0
4658,3.228243,1
4659,0.577099,1
4660,0.869673,1
4661,0.115062,1
4662,0.138439,1
4663,0.334767,1
4664,1.14245,1
4665,0.842885,1
4666,0.120855,0
4667,1.811869,1
4668,1.508837,0
4669,0.670444,1
4670,0.458565,1
4671,0.722584,1
4672,3.050723,1
4673,0.448101,1
4674,2.816724,1
4675,3.160965,1
4676,0.694595,0
4677,0.64019,0
4678,2.392283,0
4679,1.966402,0
4680,2.517119,1
4681,4.010352,0
4682,4.97092,1
4683,1.186044,1
4684,0.310548,1
4685,0.395164,1
4686,4.913936,0
4687,1.521221,1
4688,5.340843,0
4689,4.434785,1
4690,0.472715,1
4691,0.565409,0
4692,3.734719,0
4693,2.00719,1
4694,1.779924,0
4695,0.296343,1
4696,2.250186,0
4697,0.121929,0
4698,0.414945,1
4699,4.668542,1
4700,0.278757,0
4701,3.882388,0
4702,2.589134,0
4703,6.421308,0
4704,1.660166,1
4705,4.595762,1
4706,0.34424,0
4707,2.219965,1
4708,2.49752,1
4709,1.481649,1
4710,0.854191,0
4711,0.570571,0
4712,0.119735,0
4713,0.242651,1
4714,1.231706,1
4715,4.207884,1
4716,3.25519,1
4717,3.565811,0
4718,3.42268,0
4719,1.158053,1
4720,5.454064,0
4721,2.63875,1
4722,0.354804,1
4723,2.04936,0
4724,0.90164,0
4725,0.126715,1
4726,0.164133,0
4727,1.420659,1
4728,0.2178,0
4729,0.437872,1
4730,0.454585,1
4731,3.351242,0
4732,2.23929,1
4733,0.546614,1
4734,2.6617,1
4735,1.540563,1
4736,1.25152,1
4737,3.498631,0
4738,2.573287,1
4739,1.476029,1
4740,0.581957,1
4741,0.28578,0
4742,2.25161,0
4743,0.99487,0
4744,0.772384,1
4745,0.533763,1
4746,0.661253,1
4747,0.242357,1
4748,1.175946,1
4749,0.155856,0
4750,1.434337,1
4751,1.78047,0
4752,0.576414,1
4753,1.69629,0
4754,3.535716,1
4755,3.425071,0
4756,0.398594,1
4757,2.399717,1
4758,0.125618,0
4759,0.214114,0
4760,0.559938,1
4761,0.388139,1
4762,1.062497,1
4763,0.886578,1
4764,1.078468,1
4765,0.486617,1
4766,5.689248,0
4767,3.741727,1
4768,0.97549,0
4769,4.083547,1
4770,0.331253,1
4771,0.82444,1
4772,1.202674,0
4773,1.537355,1
4774,0.53759,0
4775,0.54586,0
4776,0.421273,1
4777,3.975109,0
4778,0.384226,1
4779,6.365112,0
4780,0.590551,0
4781,3.934646,0
4782,2.086351,1
4783,0.250262,1
4784,0.59508,1
4785,0.786571,1
4786,0.914443,1
4787,1.300355,0
4788,1.280869,1
4789,2.430528,1
4790,0.322316,0
4791,0.431971,0
4792,2.532167,0
4793,0.244599,1
4794,3.64789,0
4795,0.249446,0
4796,0.484929,0
4797,1.926182,1
4798,0.421,0
4799,0.127223,1
4800,0.602333,1
4801,0.298628,1
4802,0.573375,0
4803,0.465671,1
4804,1.061902,1
4805,3.250364,1
4806,1.401616,1
4807,4.537162,0
4808,0.556993,1
4809,0.509685,1
4810,1.446494,1
4811,0.433715,1
4812,2.293685,1
4813,2.276135,1
4814,1.595731,1
4815,2.026645,0
4816,0.383849,1
4817,0.241467,1
4818,3.260537,1
4819,0.097488,0
4820,1.649536,0
4821,3.288535,1
4822,0.603369,1
4823,0.237457,0
4824,1.377272,1
4825,2.890315,0
4826,0.224012,1
4827,0.181856,0
4828,1.136611,1
4829,3.246361,1
4830,0.32062,0
4831,4.269939,0
4832,4.601892,1
4833,1.681182,0
4834,0.306911,1
4835,2.490838,1
4836,1.922908,0
4837,2.834457,1
4838,0.144603,1
4839,2.405574,1
4840,0.433935,1
4841,0.532204,1
4842,0.122583,0
4843,1.971943,1
4844,1.053782,1
4845,6.597178,1
4846,2.816696,0
4847,1.613116,1
4848,0.286247,0
4849,0.63223,1
4850,2.736485,1
4851,1.787112,0
4852,0.499651,1
4853,3.880861,1
4854,3.097316,0
4855,1.063187,1
4856,3.524757,0
4857,0.843304,1
4858,0.259666,1
4859,0.709281,0
4860,2.84055,1
4861,4.438701,1
4862,5.492862,1
4863,4.105049,1
4864,0.644877,1
4865,0.580239,1
4866,0.162544,1
4867,4.839306,0
4868,2.452208,0
4869,0.946263,0
4870,5.69164,0
4871,4.427841,0
4872,0.999535,1
4873,0.327792,1
4874,0.105532,0
4875,0.160907,1
4876,4.929185,0
4877,0.29585,1
4878,1.656505,1
4879,0.758853,1
4880,0.628467,1
4881,4.728001,1
4882,4.002441,1
4883,0.130428,0
4884,1.791933,1
4885,3.370471,1
4886,0.498848,0
4887,1.874721,0
4888,5.551565,0
4889,7.036912,1
4890,6.305083,1
4891,4.311093,1
4892,0.347834,0
4893,2.194125,1
4894,4.987395,1
4895,2.472339,1
4896,1.997381,1
4897,2.28104,0
4898,0.984473,1
4899,2.570922,1
4900,0.232879,0
4901,1.470202,1
4902,0.346086,0
4903,1.593756,0
4904,2.31357,0
4905,0.211393,1
4906,1.262151,1
4907,4.825981,0
4908,1.382579,1
4909,0.242635,1
4910,2.143477,1
4911,1.35558,1
4912,5.224285,0
4913,2.413963,0
4914,2.123489,1
4915,2.504212,0
4916,1.112498,0
4917,0.981599,0
4918,1.126161,1
4919,3.711612,0
4920,2.348463,1
4921,1.916018,0
4922,4.888841,0
4923,3.808103,0
4924,1.444233,0
4925,0.904133,0
4926,4.047608,1
4927,0.547582,1
4928,1.153748,1
4929,0.702458,0
4930,1.629807,1
4931,0.296205,0
4932,0.11692,0
4933,0.502762,1
4934,1.214968,1
4935,4.183145,1
4936,2.732155,1
4937,4.322843,0
4938,0.856415,1
4939,0.179304,1
4940,0.733162,0
4941,0.624633,0
4942,1.444113,1
4943,3.011322,1
4944,1.999278,0
4945,0.892876,0
4946,1.004114,1
4947,0.539314,1
4948,0.167402,0
4949,0.503243,1
4950,0.155081,1
4951,0.418369,0
4952,0.460881,1
4953,0.275101,0
4954,1.68392,0
4955,4.569272,1
4956,0.528786,1
4957,2.646594,1
4958,2.216204,0
4959,0.862859,1
4960,3.9634,1
4961,4.419708,1
4962,0.226551,1
4963,3.368905,1
4964,0.265715,1
4965,2.71148,1
4966,0.146305,0
4967,1.952976,1
4968,0.329023,0
4969,1.232209,1
4970,2.026397,0
4971,0.633888,1
4972,4.553073,0
4973,0.393667,1
4974,0.368807,1
4975,0.604735,1
4976,0.191432,1
4977,5.244514,0
4978,1.553929,1
4979,0.299463,1
4980,0.166739,0
4981,5.519864,0
4982,4.250806,0
4983,1.960717,1
4984,5.754567,1
4985,2.730401,1
4986,2.997593,0
4987,1.64253,1
4988,1.956268,1
4989,0.380616,1
4990,0.233118,1
4991,0.711264,0
4992,1.162489,1
4993,0.97694,0
4994,3.574407,1
4995,2.171149,1
4996,0.235993,1
4997,2.334828,1
4998,0.877448,1
4999,4.815455,1
5000,0.34229,1
5001,1.176101,1
5002,0.11727,0
5003,0.403235,1
5004,0.122199,1
5005,0.514451,1
5006,0.170096,0
5007,1.639995,1
5008,1.96694,0
5009,1.324772,0
5010,4.444984,1
5011,1.181527,0
5012,0.380348,1
5013,1.846031,1
5014,1.712504,1
5015,0.674534,1
5016,0.155162,0
5017,0.420701,1
5018,1.921473,1
5019,5.128898,1
5020,6.355642,1
5021,1.999969,1
5022,2.397295,1
5023,0.223236,1
5024,1.224099,0
5025,3.812837,0
5026,1.291086,1
5027,0.111072,0
5028,0.277828,1
5029,0.019845,1
5030,1.235041,0
5031,0.306569,1
5032,0.28411,1
5033,2.315054,0
5034,0.209,0
5035,0.663714,1
5036,0.656309,1
5037,0.460383,0
5038,0.222211,1
5039,0.830237,1
5040,4.599705,0
5041,0.224061,1
5042,0.195267,0
5043,0.276429,1
5044,0.120541,1
5045,0.112188,0
5046,0.287936,0
5047,0.99187,0
5048,2.389055,1
5049,0.123085,0
5050,0.605075,1
5051,0.919761,1
5052,2.011843,1
5053,2.112445,0
5054,5.776447,1
5055,4.735916,0
5056,0.308886,0
5057,1.811535,1
5058,0.38388,1
5059,1.121095,1
5060,2.598704,1
5061,2.132764,1
5062,1.590302,1
5063,1.190157,0
5064,4.666063,1
5065,2.383498,1
5066,0.417108,0
5067,0.434337,0
5068,2.015843,1
5069,0.866344,1
5070,2.205237,0
5071,2.064237,1
5072,0.435235,1
5073,2.64149,1
5074,0.178197,0
5075,0.448556,1
5076,3.236938,0
5077,5.853303,1
5078,0.120585,0
5079,0.95105,1
5080,2.124427,0
5081,0.933182,1
5082,1.066279,0
5083,1.952115,1
5084,3.550015,0
5085,1.774211,1
5086,0.376204,1
5087,1.127882,1
5088,2.59604,1
5089,0.62038,1
5090,0.743139,0
5091,1.068831,1
5092,5.644714,1
5093,0.135749,0
5094,2.585637,0
5095,3.611015,1
5096,5.14908,0
5097,2.394427,0
5098,0.602516,1
5099,1.817315,0
5100,0.142875,0
5101,1.722382,0
5102,1.492306,0
5103,2.519513,1
5104,2.072752,0
5105,0.599097,1
5106,0.349385,0
5107,0.3525,0
5108,0.28006,1
5109,0.339135,1
5110,0.557841,0
5111,0.13494,0
5112,0.18516,0
5113,0.290743,1
5114,0.459899,0
5115,0.248678,0
5116,1.078903,1
5117,2.732005,1
5118,1.914563,1
5119,1.105616,1
5120,2.919278,0
5121,2.162209,1
5122,1.783857,1
5123,0.225061,0
5124,3.713083,0
5125,0.400727,0
5126,1.254577,0
5127,4.119954,1
5128,0.31587,0
5129,1.832035,1
5130,1.012046,1
5131,0.154195,1
5132,1.583524,1
5133,1.228731,1
5134,0.316808,1
5135,4.77362,1
5136,0.186728,1
5137,0.581885,1
5138,0.230061,0
5139,3.343424,1
5140,1.077724,1
5141,6.484179,0
5142,1.584113,1
5143,0.235415,1
5144,0.501095,1
5145,0.218868,0
5146,0.129818,1
5147,2.09836,1
5148,4.607394,0
5149,0.692381,1
5150,1.303358,1
5151,1.48961,1
5152,1.477681,1
5153,2.206747,1
5154,4.517599,0
5155,2.226165,1
5156,1.844484,1
5157,0.783135,1
5158,0.3885,0
5159,0.615028,1
5160,0.339796,1
5161,1.875044,1
5162,0.10968,1
5163,0.551736,0
5164,7.658328,0
5165,0.926319,1
5166,2.808051,1
5167,3.281794,1
5168,1.423652,0
5169,5.282904,0
5170,0.400415,0
5171,3.323376,1
5172,0.440656,1
5173,1.050268,0
5174,2.223814,1
5175,0.650766,1
5176,3.812022,0
5177,0.607764,1
5178,3.347731,0
5179,0.979766,1
5180,2.324732,1
5181,1.485912,1
5182,1.124395,1
5183,0.690804,1
5184,0.751064,1
5185,0.524918,1
5186,0.13822,0
5187,4.147108,1
5188,4.773909,0
5189,0.746996,1
5190,2.793783,0
5191,0.214551,0
5192,3.744622,0
5193,0.15364,1
5194,0.155149,0
5195,0.780772,1
5196,1.262859,0
5197,1.982395,1
5198,1.053745,1
5199,3.537874,1
5200,0.470081,1
5201,0.358277,0
5202,0.615946,0
5203,0.403525,1
5204,0.418141,1
5205,0.244705,1
5206,0.468979,0
5207,0.29979,1
5208,2.038251,0
5209,0.275651,1
5210,0.143947,0
5211,1.874851,1
5212,0.582809,1
5213,0.98996,1
5214,4.146341,1
5215,3.713903,0
5216,0.284795,0
5217,0.119466,1
5218,0.361502,0
5219,4.367234,0
5220,2.124634,1
5221,0.243492,1
5222,2.219954,1
5223,5.13084,0
5224,1.81102,1
5225,0.212027,1
5226,0.331038,1
5227,0.200883,0
5228,1.023518,1
5229,2.285194,0
5230,4.107152,0
5231,4.215674,0
5232,0.25161,1
5233,5.134255,1
5234,2.107057,0
5235,0.415493,1
5236,0.855505,0
5237,0.200651,1
5238,4.832283,1
5239,0.434011,1
5240,0.126056,0
5241,1.441865,0
5242,0.608259,1
5243,0.731246,0
5244,1.029431,1
5245,4.308907,1
5246,0.288868,1
5247,5.361715,1
5248,4.710584,1
5249,0.103741,0
5250,4.238463,0
5251,0.59589,1
5252,3.514153,1
5253,1.133556,1
5254,0.483952,0
5255,0.159668,0
5256,2.326694,0
5257,0.130325,1
5258,1.057107,1
5259,6.385439,0
5260,3.049498,1
5261,1.499442,1
5262,0.412566,1
5263,0.134603,0
5264,4.969869,1
5265,0.657506,1
5266,2.356197,1
5267,0.436857,1
5268,0.684664,1
5269,0.437654,1
5270,0.929166,1
5271,1.320035,1
5272,1.626667,1
5273,2.641771,0
5274,0.218317,1
5275,0.60662,1
5276,0.488707,0
5277,3.346969,0
5278,0.280381,1
5279,0.619605,1
5280,0.375803,1
5281,0.559807,1
5282,0.134764,0
5283,2.56216,1
5284,4.409105,1
5285,0.33617,0
5286,1.063006,0
5287,3.952601,1
5288,0.228897,1
5289,0.273358,1
5290,0.876369,1
5291,0.226388,1
5292,0.662998,1
5293,0.307229,1
5294,2.563791,1
5295,1.674227,1
5296,0.685149,0
5297,5.057773,0
5298,3.176727,1
5299,0.532203,1
5300,4.421283,1
5301,2.529476,1
5302,1.301085,1
5303,0.276506,1
5304,0.935145,0
5305,1.944965,1
5306,0.52413,1
5307,0.485486,0
5308,2.652098,0
5309,0.317149,1
5310,3.994654,1
5311,4.228082,1
5312,0.498067,1
5313,4.124867,0
5314,0.482551,1
5315,2.204339,1
5316,0.561518,1
5317,1.427048,0
5318,3.99109,0
5319,0.823214,1
5320,0.554142,0
5321,0.750997,1
5322,2.97739,1
5323,0.117321,0
5324,0.803915,1
5325,1.193966,0
5326,0.433404,1
5327,0.356744,1
5328,0.188181,1
5329,2.542307,1
5330,0.116033,0
5331,4.083333,1
5332,1.010184,1
5333,1.716844,0
5334,0.991951,0
5335,0.15351,1
5336,1.045856,1
5337,1.194414,1
5338,3.711158,1
5339,0.984875,1
5340,0.099412,0
5341,0.252728,1
5342,0.817633,1
5343,1.493201,1
5344,3.07707,1
5345,0.400614,1
5346,2.25021,0
5347,0.375882,1
5348,0.809368,1
5349,0.542485,0
5350,1.001068,1
5351,0.152802,0
5352,5.325375,0
5353,0.632049,1
5354,0.036847,0
5355,3.714118,1
5356,0.455935,1
5357,1.605486,1
5358,5.789636,0
5359,2.382343,1
5360,2.547877,1
5361,0.360256,1
5362,1.784244,0
5363,4.131523,0
5364,3.877538,0
5365,3.170317,0
5366,0.28899,1
5367,4.180874,1
5368,0.797674,1
5369,1.12624,1
5370,1.741486,1
5371,2.512499,1
5372,1.696425,1
5373,0.196721,1
5374,0.506983,1
5375,0.586203,0
5376,2.859407,0
5377,0.331048,1
5378,2.933353,1
5379,0.54438,0
5380,0.218721,0
5381,2.700068,1
5382,0.277005,0
5383,0.793312,1
5384,0.207825,0
5385,0.310334,1
5386,0.9254,1
5387,0.724297,0
5388,1.232434,1
5389,1.81965,1
5390,3.978588,0
5391,5.631746,1
5392,4.600807,1
5393,2.931374,1
5394,0.948506,1
5395,0.276219,1
5396,0.470113,1
5397,2.089628,0
5398,0.137374,1
5399,0.124424,1
5400,2.154329,1
5401,1.001116,1
5402,2.902573,0
5403,0.346529,1
5404,0.209031,0
5405,3.464631,1
5406,0.13842,1
5407,0.841027,0
5408,0.769198,1
5409,0.207724,1
5410,1.302271,0
5411,0.529153,1
5412,1.09298,0
5413,0.409487,0
5414,0.692283,1
5415,3.92563,1
5416,3.207644,0
5417,0.21547,1
5418,0.818256,1
5419,0.4934,1
5420,0.189413,1
5421,0.239576,0
5422,2.421675,1
5423,5.121146,1
5424,1.332973,1
5425,1.103217,1
5426,1.537239,0
5427,0.908145,1
5428,0.506941,1
5429,0.943235,1
5430,4.331228,0
5431,1.444694,0
5432,1.780856,0
5433,1.41809,1
5434,6.081793,0
5435,0.188342,0
5436,3.166338,0
5437,0.137828,0
5438,1.000301,1
5439,2.41076,0
5440,0.1321,0
5441,0.566774,1
5442,0.505658,0
5443,0.844196,1
5444,0.173189,0
5445,0.716575,1
5446,0.302664,1
5447,2.161778,0
5448,3.90582,1
5449,1.937215,1
5450,0.130161,0
5451,0.751792,0
5452,0.421028,1
5453,3.28281,0
5454,1.21626,1
5455,2.375087,1
5456,0.972061,0
5457,1.527179,0
5458,0.424284,0
5459,1.790061,1
5460,2.535801,1
5461,0.675291,0
5462,4.837993,0
5463,1.015968,1
5464,2.363972,1
5465,0.102876,0
5466,1.650629,1
5467,0.11393,0
5468,0.95714,0
5469,0.202605,0
5470,0.178185,1
5471,0.23242,1
5472,3.677322,1
5473,1.212312,1
5474,3.633157,0
5475,0.065123,0
5476,0.915245,1
5477,2.754929,1
5478,0.200323,0
5479,5.727581,0
5480,0.507056,1
5481,4.233775,0
5482,0.677947,0
5483,3.40915,0
5484,0.772506,0
5485,0.657085,1
5486,1.951982,1
5487,3.284249,0
5488,1.178863,1
5489,3.758658,0
5490,0.561107,1
5491,1.288446,1
5492,0.701999,1
5493,3.766602,0
5494,0.60016,1
5495,1.253013,1
5496,1.84874,1
5497,0.545589,1
5498,1.463573,1
5499,3.598679,1
5500,0.251222,1
5501,1.412379,0
5502,0.295856,1
5503,2.479924,1
5504,0.850751,1
5505,0.588076,1
5506,4.134796,0
5507,2.582995,1
5508,0.439701,1
5509,2.127738,1
5510,0.424101,0
5511,2.632229,0
5512,0.663372,1
5513,4.76347,1
5514,2.15392,1
5515,0.217279,0
5516,1.954619,1
5517,1.435384,1
5518,0.409861,1
5519,4.952874,1
5520,0.640301,1
5521,4.182318,0
5522,1.361212,0
5523,3.144241,0
5524,0.806874,1
5525,6.079195,1
5526,2.164318,0
5527,0.388568,1
5528,1.03956,1
5529,1.29855,1
5530,0.104245,0
5531,1.322928,1
5532,0.312849,0
5533,0.606708,1
5534,2.646042,1
5535,3.363616,1
5536,0.871937,1
5537,2.591201,1
5538,4.460048,1
5539,4.032126,0
5540,0.328638,0
5541,5.072578,1
5542,0.767559,1
5543,0.81445,0
5544,0.243341,1
5545,0.203595,0
5546,0.42226,1
5547,0.264917,0
5548,0.942549,1
5549,1.5179,1
5550,1.261118,1
5551,0.970674,0
5552,0.191029,0
5553,2.933994,0
5554,2.504416,1
5555,0.509429,1
5556,0.183427,1
5557,0.67975,0
5558,1.11709,1
5559,0.278131,0
5560,0.304375,1
5561,0.429637,1
5562,4.841047,0
5563,0.479958,1
5564,2.31028,1
5565,0.146123,0
5566,1.042062,1
5567,0.830061,0
5568,0.203704,1
5569,2.240772,1
5570,2.054477,1
5571,4.402074,0
5572,0.518898,1
5573,0.930191,1
5574,0.132652,0
5575,0.143757,0
5576,0.404165,0
5577,0.795747,1
5578,1.392584,0
5579,0.789546,1
5580,0.57527,0
5581,1.576313,0
5582,4.598285,1
5583,4.576827,0
5584,0.220875,0
5585,2.304815,0
5586,0.324441,1
5587,1.687059,0
5588,1.008512,1
5589,2.022183,1
5590,1.678811,1
5591,0.26496,0
5592,0.710414,1
5593,0.513993,1
5594,0.775084,1
5595,0.576409,1
5596,0.36423,1
5597,3.166938,1
5598,0.264392,0
5599,0.38289,1
5600,2.561706,0
5601,2.862842,1
5602,0.80976,1
5603,1.33089,1
5604,0.812598,0
5605,0.870196,1
5606,1.25634,1
5607,1.288928,0
5608,0.580328,1
5609,0.282287,0
5610,1.172632,0
5611,1.840393,1
5612,1.735624,1
5613,1.083164,1
5614,0.117136,1
5615,0.272913,0
5616,2.034547,0
5617,0.501309,1
5618,0.420926,1
5619,1.297704,1
5620,0.292161,1
5621,3.009948,1
5622,1.841808,1
5623,0.439542,1
5624,0.318536,1
5625,1.718062,1
5626,1.07701,0
5627,0.474359,1
5628,0.732994,1
5629,0.785061,0
5630,1.502428,0
5631,3.133799,0
5632,4.987813,0
5633,0.903328,1
5634,0.252818,1
5635,5.277748,0
5636,0.438172,0
5637,0.524669,1
5638,2.244097,1
5639,2.386729,1
5640,1.306068,1
5641,0.363533,1
5642,1.033511,1
5643,0.453142,1
5644,1.242038,1
5645,1.537436,1
5646,2.164312,1
5647,6.000008,0
5648,1.170379,0
5649,2.342553,0
5650,1.465908,0
5651,0.22199,1
5652,0.681526,0
5653,1.168097,1
5654,0.981138,1
5655,1.841937,1
5656,3.248719,1
5657,0.826031,1
5658,2.583064,1
5659,0.596951,1
5660,4.810513,1
5661,0.542144,1
5662,1.050956,1
5663,4.550148,1
5664,0.369715,1
5665,0.214122,1
5666,1.113781,0
5667,1.857152,1
5668,1.985239,1
5669,5.853169,1
5670,0.137995,0
5671,0.170196,1
5672,1.979778,0
5673,0.653294,1
5674,1.07103,1
5675,4.596727,1
5676,0.89909,1
5677,1.071127,1
5678,2.923613,1
5679,0.629372,1
5680,2.120679,0
5681,0.831968,1
5682,3.05374,1
5683,0.547984,1
5684,2.252156,1
5685,1.459211,1
5686,0.399109,1
5687,0.593885,1
5688,1.121088,1
5689,0.745739,1
5690,0.325205,0
5691,0.27552,1
5692,0.355223,1
5693,0.262006,0
5694,0.225129,0
5695,0.439601,1
5696,1.004284,1
5697,0.19375,0
5698,2.07161,1
5699,0.784635,1
5700,1.274372,0
5701,0.253572,1
5702,2.689146,1
5703,0.192633,0
5704,0.305622,1
5705,0.501215,0
5706,0.958672,1
5707,0.18542,1
5708,3.756528,1
5709,4.170225,0
5710,1.964735,0
5711,1.078652,1
5712,0.582128,1
5713,1.190285,1
5714,0.21768,0
5715,0.77048,1
5716,1.629749,1
5717,2.696083,0
5718,2.742985,0
5719,4.240145,1
5720,0.393591,1
5721,1.325707,1
5722,2.493871,1
5723,0.150857,1
5724,0.29475,0
5725,0.244724,1
5726,1.252379,1
5727,0.920276,0
5728,1.686926,0
5729,5.547231,1
5730,0.209694,1
5731,2.072526,1
5732,0.575817,1
5733,4.575852,0
5734,0.13765,0
5735,0.879173,1
5736,3.729711,1
5737,0.22885,0
5738,0.358151,0
5739,0.856389,1
5740,6.74549,0
5741,2.1648,1
5742,3.125022,1
5743,1.338814,0
5744,1.222973,1
5745,0.392618,1
5746,2.609897,1
5747,0.927629,0
5748,4.467928,0
5749,4.933821,0
5750,0.478968,0
5751,3.977842,1
5752,3.798095,0
5753,2.495562,1
5754,0.834624,1
5755,0.705107,0
5756,2.243259,1
5757,2.120625,1
5758,2.50936,0
5759,0.452025,1
5760,1.303307,0
5761,0.294543,0
5762,0.202983,1
5763,0.248598,0
5764,0.351291,1
5765,0.071967,0
5766,0.205947,1
5767,2.512697,0
5768,2.833808,1
5769,0.637681,1
5770,0.568151,1
5771,6.356567,0
5772,1.771667,1
5773,0.401335,1
5774,2.649534,1
5775,0.483378,1
5776,1.370906,1
5777,0.419576,0
5778,0.403446,0
5779,0.912369,1
5780,0.184358,0
5781,0.150686,0
5782,1.200703,1
5783,0.506048,0
5784,0.144626,0
5785,3.906234,0
5786,0.759649,0
5787,0.383311,1
5788,1.922354,0
5789,5.71056,1
5790,0.079329,0
5791,2.053945,1
5792,1.219529,1
5793,2.087776,1
5794,0.956387,1
5795,0.167768,1
5796,4.947765,0
5797,0.800653,1
5798,6.597795,1
5799,0.360686,1
5800,0.824036,0
5801,5.982192,1
5802,0.674688,0
5803,0.90975,1
5804,5.391548,0
5805,3.431377,0
5806,1.904804,1
5807,0.234844,1
5808,1.041911,0
5809,0.275586,1
5810,2.038946,1
5811,1.665573,1
5812,1.345884,1
5813,0.389917,0
5814,0.521661,0
5815,0.499495,1
5816,1.675434,1
5817,0.253786,1
5818,2.614975,1
5819,2.21463,0
5820,3.109227,1
5821,2.073592,1
5822,1.263634,1
5823,2.159445,1
5824,0.156539,0
5825,4.071197,1
5826,0.363484,0
5827,2.369133,0
5828,1.709618,1
5829,0.782291,1
5830,0.332984,1
5831,3.647632,0
5832,0.161949,0
5833,0.493637,1
5834,0.313018,1
5835,0.476347,1
5836,0.418794,1
5837,0.200459,0
5838,2.246823,1
5839,1.638766,1
5840,0.258488,1
5841,0.268863,0
5842,1.294007,1
5843,2.550481,0
5844,2.156482,1
5845,1.754671,1
5846,3.315972,1
5847,0.521646,1
5848,2.151755,0
5849,0.294152,0
5850,0.599968,1
5851,0.5375,0
5852,0.362291,1
5853,0.0628,0
5854,1.362855,0
5855,0.41171,1
5856,3.573135,0
5857,0.167555,0
5858,0.722161,1
5859,1.234652,1
5860,3.553992,1
5861,1.395306,0
5862,0.115598,0
5863,4.568941,1
5864,0.50931,1
5865,0.806991,1
5866,0.632505,0
5867,1.881337,1
5868,2.861176,1
5869,1.82746,1
5870,0.603758,1
5871,4.261223,0
5872,0.222588,0
5873,0.196292,1
5874,0.580542,0
5875,2.726033,0
5876,1.732652,1
5877,3.821914,0
5878,2.753997,1
5879,0.122676,0
5880,1.294966,1
5881,0.348243,1
5882,0.267913,0
5883,0.953225,0
5884,2.924763,0
5885,4.453782,1
5886,3.330745,1
5887,0.559141,1
5888,0.416227,1
5889,0.990427,1
5890,0.227661,1
5891,0.21525,0
5892,3.873463,1
5893,0.619995,0
5894,4.393349,0
5895,2.478741,1
5896,0.758942,1
5897,0.260679,1
5898,4.376494,0
5899,2.192547,1
5900,3.163606,1
5901,0.881315,1
5902,1.03662,1
5903,2.336113,0
5904,2.165817,0
5905,1.085381,0
5906,2.583181,1
5907,1.474962,0
5908,3.602533,0
5909,4.229912,1
5910,0.281674,1
5911,0.539648,1
5912,3.389865,1
5913,0.167313,0
5914,5.884958,1
5915,4.628735,1
5916,0.24551,1
5917,0.283225,1
5918,0.605377,0
5919,0.193703,1
5920,3.93609,1
5921,0.328613,0
5922,1.08283,1
5923,0.693694,1
5924,3.50216,1
5925,1.297172,1
5926,0.997023,0
5927,0.335379,1
5928,0.189998,0
5929,2.20477,0
5930,0.722041,1
5931,2.132887,1
5932,3.986886,1
5933,0.24126,1
5934,0.147197,0
5935,0.159868,1
5936,0.411239,1
5937,1.053601,1
5938,0.238635,1
5939,0.446986,1
5940,0.392035,1
5941,2.498952,0
5942,2.273689,0
5943,2.122238,0
5944,0.311158,0
5945,1.43539,1
5946,4.010639,0
5947,0.654049,1
5948,0.432841,1
5949,1.299097,1
5950,1.015685,1
5951,0.968784,1
5952,0.483913,1
5953,2.564037,1
5954,4.11118,0
5955,1.245052,0
5956,3.378027,1
5957,0.140032,0
5958,0.490212,0
5959,3.070198,1
5960,3.203043,1
5961,0.537659,1
5962,2.014541,1
5963,1.794538,1
5964,0.788929,1
5965,1.221104,1
5966,0.759601,1
5967,0.289658,1
5968,0.503635,1
5969,0.620291,1
5970,0.667722,0
5971,0.15689,0
5972,3.934857,1
5973,0.732572,1
5974,0.652223,1
5975,0.352662,1
5976,0.757205,0
5977,0.857923,1
5978,0.516343,0
5979,2.069018,0
5980,0.410233,1
5981,3.889316,1
5982,0.614662,1
5983,1.587738,0
5984,1.724333,0
5985,0.312869,0
5986,4.047018,0
5987,0.634684,1
5988,0.263174,0
5989,0.875694,1
5990,1.336778,1
5991,1.791977,0
5992,1.929955,1
5993,3.055687,0
5994,0.287657,1
5995,0.191892,0
5996,0.391275,0
5997,0.412237,1
5998,0.658398,1
5999,1.623586,0
6000,0.92303,1
6001,4.2054,1
6002,1.67484,1
6003,3.18828,1
6004,0.515896,0
6005,4.287154,0
6006,1.185148,1
6007,1.594847,1
6008,0.712348,0
6009,1.443006,0
6010,0.678805,1
6011,0.096478,0
6012,1.734743,1
6013,1.535473,1
6014,0.282709,1
6015,3.528013,1
6016,1.472742,1
6017,0.188425,1
6018,0.264859,0
6019,2.635876,1
6020,1.502827,1
6021,3.333669,0
6022,0.618863,1
6023,1.397578,1
6024,0.425615,1
6025,2.152309,1
6026,2.148458,0
6027,0.243761,1
6028,6.41543,1
6029,0.748866,1
6030,1.747584,1
6031,0.146697,1
6032,0.121425,0
6033,0.990895,1
6034,0.290059,1
6035,2.579935,1
6036,4.851871,1
6037,1.592382,0
6038,1.808106,1
6039,0.534646,1
6040,0.399248,1
6041,0.474027,0
6042,4.131805,0
6043,0.33776,1
6044,5.421582,1
6045,4.023822,1
6046,0.412581,1
6047,2.583198,1
6048,0.452172,0
6049,2.830281,1
6050,0.346689,1
6051,2.923804,1
6052,0.269638,1
6053,3.76271,1
6054,1.630455,1
6055,1.180351,1
6056,0.200625,1
6057,0.172187,1
6058,0.633975,1
6059,4.480514,1
6060,0.350541,0
6061,0.244959,1
6062,0.145661,0
6063,6.237763,0
6064,1.02588,1
6065,0.809273,1
6066,1.222245,0
6067,1.111705,1
6068,1.57292,1
6069,0.610082,1
6070,0.841319,1
6071,2.394994,1
6072,4.928924,1
6073,3.393358,1
6074,3.27744,1
6075,3.099399,1
6076,0.369079,0
6077,4.361115,0
6078,1.606498,0
6079,0.504317,1
6080,2.33041,0
6081,0.4239,1
6082,3.473735,1
6083,1.720959,1
6084,1.258774,1
6085,2.395553,0
6086,1.181276,0
6087,2.772575,0
6088,0.380379,1
6089,3.722927,1
6090,3.51255,1
6091,0.609515,0
6092,5.154051,0
6093,0.622779,1
6094,3.113086,1
6095,0.297725,1
6096,0.474733,1
6097,0.172538,0
6098,3.254056,0
6099,2.725909,0
6100,1.096588,1
6101,0.198424,1
6102,5.777295,1
6103,0.903532,1
6104,1.557764,1
6105,0.616448,1
6106,2.332541,1
6107,1.34328,1
6108,0.339505,0
6109,0.244413,1
6110,1.655584,1
6111,1.548609,1
6112,0.244939,0
6113,0.14154,0
6114,0.205421,1
6115,2.992844,1
6116,1.957048,1
6117,1.338111,0
6118,2.093416,1
6119,1.088512,0
6120,4.806954,1
6121,2.883019,1
6122,3.658867,1
6123,0.852387,0
6124,2.185993,1
6125,3.990697,1
6126,2.621372,0
6127,1.892648,0
6128,4.247613,0
6129,0.715304,1
6130,0.132108,0
6131,2.214913,0
6132,1.48711,1
6133,0.162851,1
6134,0.319797,1
6135,1.902418,1
6136,3.707189,0
6137,0.385344,1
6138,0.679754,1
6139,1.940879,0
6140,1.756018,0
6141,1.120775,1
6142,4.184578,1
6143,0.704763,1
6144,0.915946,1
6145,0.308991,1
6146,4.156139,0
6147,0.95685,1
6148,6.485951,1
6149,5.523748,1
6150,1.491041,1
6151,2.428803,0
6152,0.870514,1
6153,4.517711,0
6154,1.916619,1
6155,0.505099,0
6156,4.502786,0
6157,0.130675,1
6158,1.137449,0
6159,0.922651,1
6160,0.15999,1
6161,1.788888,1
6162,2.574517,1
6163,0.515146,1
6164,0.219792,0
6165,0.161045,1
6166,2.420686,1
6167,0.243021,1
6168,0.103485,1
6169,2.289302,0
6170,0.362686,0
6171,1.125748,1
6172,0.567081,0
6173,0.843861,1
6174,0.418355,1
6175,0.53334,0
6176,5.66403,1
6177,0.52829,1
6178,0.593666,0
6179,1.259624,0
6180,2.086046,1
6181,1.350358,1
6182,1.765084,0
6183,2.728965,0
6184,3.486658,1
6185,0.424224,1
6186,2.013765,1
6187,1.361014,1
6188,0.625854,1
6189,3.494268,0
6190,3.958939,1
6191,0.569491,0
6192,0.114639,0
6193,2.365309,1
6194,5.446523,1
6195,0.171343,1
6196,2.894697,1
6197,1.567623,1
6198,1.039501,1
6199,4.412318,1
6200,5.737253,1
6201,3.88456,1
6202,1.163325,1
6203,1.824627,0
6204,0.688532,1
6205,2.739817,1
6206,0.876411,1
6207,1.757751,1
6208,0.757654,0
6209,2.254729,0
6210,3.786253,0
6211,2.822396,1
6212,1.576878,0
6213,1.42451,1
6214,0.275275,1
6215,4.157176,1
6216,0.139419,0
6217,3.12544,1
6218,0.808692,1
6219,5.40765,0
6220,2.477921,1
6221,0.51509,0
6222,0.156167,0
6223,0.406898,1
6224,4.790685,0
6225,2.139208,1
6226,5.801854,0
6227,0.144707,0
6228,0.215823,1
6229,5.311029,0
6230,0.949315,1
6231,1.126815,1
6232,2.183709,0
6233,0.703098,1
6234,0.207909,0
6235,0.557325,1
6236,1.040414,1
6237,0.704097,0
6238,0.121152,1
6239,2.694726,0
6240,0.81428,1
6241,0.736254,0
6242,3.954827,1
6243,0.196536,1
6244,4.053235,1
6245,0.656456,0
6246,0.98256,1
6247,0.70753,1
6248,4.480442,0
6249,0.235082,1
6250,1.346596,1
6251,0.297014,1
6252,0.421326,1
6253,0.133913,0
6254,0.582467,1
6255,1.15343,1
6256,1.53055,1
6257,2.419819,0
6258,0.596652,1
6259,0.585773,1
6260,1.137549,1
6261,0.702348,0
6262,6.59991,1
6263,0.876529,1
6264,1.854047,0
6265,0.915796,1
6266,0.333047,1
6267,0.189561,0
6268,1.347154,1
6269,1.903953,0
6270,0.406026,0
6271,0.783866,0
6272,3.260617,1
6273,0.844799,1
6274,1.830748,1
6275,1.806666,1
6276,1.862921,0
6277,0.101155,1
6278,0.761648,1
6279,2.956751,1
6280,0.265091,1
6281,0.20876,1
6282,0.878671,1
6283,0.406905,0
6284,0.212549,1
6285,2.492667,1
6286,4.261884,0
6287,2.55711,1
6288,2.860281,1
6289,1.553973,1
6290,0.827124,1
6291,1.659703,0
6292,0.137799,1
6293,0.161947,1
6294,1.159643,1
6295,0.55894,1
6296,1.145973,1
6297,4.144658,0
6298,0.258663,0
6299,0.44978,1
6300,3.700525,1
6301,4.924644,0
6302,0.664812,1
6303,2.46974,1
6304,1.510067,1
6305,5.67441,1
6306,3.911148,0
6307,1.86096,0
6308,1.06978,1
6309,0.62266,1
6310,0.423658,0
6311,0.525254,1
6312,0.753223,1
6313,1.396176,1
6314,2.493286,0
6315,0.196606,1
6316,1.263171,1
6317,5.006967,1
6318,4.245672,1
6319,3.6388,1
6320,0.267605,1
6321,4.323627,0
6322,1.759831,1
6323,3.673332,0
6324,2.485406,0
6325,2.576063,0
6326,5.776183,1
6327,3.865286,0
6328,0.800691,1
6329,0.504479,1
6330,0.15848,0
6331,4.396399,1
6332,0.636838,0
6333,5.196195,0
6334,2.275374,1
6335,4.681217,1
6336,2.571291,1
6337,0.252277,1
6338,1.524648,1
6339,0.169446,0
6340,2.408119,0
6341,0.621028,0
6342,1.300601,1
6343,2.343691,0
6344,2.421358,0
6345,1.863865,0
6346,2.009337,0
6347,1.283849,1
6348,2.086168,1
6349,3.135258,1
6350,0.486608,1
6351,4.212566,1
6352,0.701872,1
6353,0.683957,1
6354,1.225464,1
6355,0.242305,1
6356,0.642758,0
6357,0.309832,1
6358,0.383829,1
6359,0.256152,1
6360,0.341623,1
6361,1.392856,1
6362,2.587888,1
6363,0.917783,1
6364,2.196321,0
6365,1.579701,1
6366,0.427674,1
6367,2.021587,1
6368,0.081134,0
6369,0.651045,1
6370,0.139185,1
6371,3.79137,1
6372,0.38212,1
6373,1.067958,1
6374,2.331488,0
6375,4.591055,1
6376,5.603523,0
6377,0.331215,0
6378,0.587787,1
6379,0.42323,0
6380,0.464752,1
6381,2.689966,1
6382,2.299767,0
6383,1.537087,0
6384,0.278448,0
6385,5.087296,1
6386,0.577005,1
6387,0.532111,0
6388,1.919838,1
6389,1.913687,1
6390,0.798862,1
6391,2.550979,0
6392,4.052213,1
6393,1.855431,1
6394,1.102649,1
6395,2.300927,0
6396,0.141663,1
6397,1.194362,1
6398,0.701704,1
6399,0.508344,1
6400,0.217943,1
6401,0.158472,0
6402,0.659269,1
6403,3.252657,1
6404,5.266379,1
6405,0.376543,1
6406,2.31788,1
6407,0.219139,1
6408,0.238438,0
6409,0.257836,1
6410,6.391667,0
6411,0.866302,1
6412,0.80066,0
6413,0.481463,0
6414,2.384197,1
6415,0.468151,1
6416,1.463333,1
6417,0.657665,1
6418,0.816974,1
6419,1.547945,1
6420,0.536785,0
6421,0.760391,1
6422,0.826899,1
6423,3.078403,0
6424,2.216613,1
6425,0.827562,1
6426,0.736834,1
6427,3.73228,0
6428,2.448159,1
6429,2.101898,1
6430,0.849762,1
6431,1.30363,1
6432,0.359987,1
6433,3.806952,0
6434,0.624035,0
6435,2.279887,1
6436,4.554062,1
6437,1.810533,1
6438,0.207368,1
6439,2.719064,1
6440,0.288866,0
6441,1.267331,1
6442,0.997777,1
6443,3.70336,0
6444,0.311309,0
6445,1.630534,0
6446,0.497151,0
6447,3.029142,1
6448,2.326534,1
6449,0.171775,1
6450,4.232996,1
6451,3.956503,1
6452,1.128677,1
6453,0.125745,1
6454,2.385631,1
6455,0.77565,0
6456,0.712118,1
6457,5.210712,1
6458,1.119186,0
6459,0.172998,0
6460,0.774549,1
6461,0.120326,0
6462,2.613464,1
6463,1.973011,1
6464,0.457855,1
6465,2.035081,1
6466,0.801019,1
6467,0.159812,1
6468,1.371655,1
6469,0.486116,0
6470,1.354921,1
6471,0.388575,1
6472,2.173735,1
6473,2.122132,1
6474,0.612082,1
6475,0.141175,0
6476,0.272899,0
6477,1.092605,1
6478,1.686162,1
6479,2.038534,0
6480,2.612813,0
6481,0.867017,1
6482,1.07533,0
6483,0.344933,1
6484,1.536817,0
6485,0.15408,0
6486,0.254287,1
6487,2.275174,0
6488,2.560733,0
6489,0.153439,1
6490,0.380526,1
6491,0.509804,1
6492,1.475212,1
6493,0.558356,0
6494,0.755138,1
6495,0.355512,1
6496,4.447855,0
6497,0.140612,0
6498,2.196887,1
6499,1.319264,1
6500,0.834066,1
6501,3.262233,0
6502,2.514936,1
6503,4.500831,0
6504,0.459051,1
6505,1.071921,1
6506,2.943293,0
6507,0.822147,1
6508,2.416333,1
6509,0.212622,1
6510,0.593162,0
6511,2.293486,1
6512,3.791717,1
6513,0.76122,1
6514,6.725345,1
6515,1.431933,0
6516,0.646215,1
6517,0.152909,0
6518,1.580806,1
6519,2.833194,0
6520,2.239154,0
6521,1.031781,1
6522,4.196407,1
6523,1.987465,0
6524,4.278168,1
6525,4.054148,0
6526,0.474765,1
6527,0.680603,1
6528,0.395181,1
6529,0.51546,0
6530,0.59084,1
6531,0.661768,1
6532,0.132038,0
6533,0.379564,0
6534,0.278106,1
6535,0.445544,1
6536,1.810812,1
6537,1.464462,1
6538,0.187161,0
6539,1.866269,1
6540,3.364057,0
6541,0.626771,0
6542,0.215806,0
6543,0.421268,0
6544,0.417575,1
6545,0.550917,0
6546,1.389397,1
6547,6.426926,1
6548,1.13639,1
6549,0.162108,0
6550,1.613555,1
6551,1.886058,0
6552,2.975269,0
6553,3.97546,1
6554,2.036743,1
6555,2.862755,0
6556,2.123486,1
6557,0.459928,1
6558,3.594997,1
6559,4.982143,1
6560,3.693384,1
6561,1.604856,1
6562,2.58735,1
6563,0.561522,1
6564,6.359642,0
6565,1.360381,1
6566,0.411366,0
6567,0.20374,1
6568,1.681072,0
6569,0.610685,0
6570,1.910555,0
6571,0.347004,1
6572,1.004711,1
6573,0.579743,0
6574,0.202306,1
6575,1.892045,1
6576,1.672353,1
6577,4.925886,0
6578,5.875233,0
6579,1.270229,0
6580,0.387533,1
6581,0.78428,0
6582,3.806266,0
6583,1.768821,0
6584,0.22606,1
6585,4.940484,1
6586,0.234999,0
6587,1.236017,1
6588,0.281958,1
6589,4.787909,1
6590,1.052607,1
6591,0.963917,0
6592,0.249222,1
6593,2.927564,1
6594,1.498328,1
6595,0.408135,1
6596,2.39502,1
6597,0.677961,0
6598,1.430455,0
6599,2.727325,1
6600,0.25616,0
6601,0.585191,1
6602,0.321831,0
6603,0.416338,1
6604,0.301119,1
6605,0.289743,1
6606,0.167488,0
6607,0.255907,1
6608,2.846185,1
6609,3.78722,0
6610,3.404531,1
6611,4.451606,1
6612,0.143307,1
6613,0.177269,1
6614,2.522783,1
6615,5.896917,0
6616,3.940586,0
6617,0.787392,0
6618,1.679116,0
6619,1.534548,1
6620,0.270862,0
6621,0.355159,1
6622,0.244257,1
6623,0.405689,1
6624,0.41389,1
6625,0.755967,0
6626,2.939178,0
6627,1.899366,1
6628,0.861122,0
6629,2.608361,0
6630,2.276113,0
6631,0.652966,0
6632,0.112766,0
6633,2.021458,1
6634,1.944298,0
6635,0.365329,0
6636,2.386944,1
6637,5.468359,0
6638,2.34215,1
6639,0.205699,1
6640,1.071887,1
6641,0.346746,1
6642,1.43799,1
6643,3.418505,0
6644,0.128596,1
6645,2.428068,1
6646,3.582048,1
6647,0.647381,0
6648,3.355628,1
6649,3.16688,1
6650,0.383642,0
6651,0.160119,0
6652,0.444992,0
6653,2.493004,1
6654,0.657154,1
6655,0.303948,1
6656,0.123399,0
6657,0.17721,0
6658,0.618055,1
6659,0.70875,1
6660,1.188304,1
6661,0.254664,1
6662,0.354184,1
6663,1.084819,0
6664,0.562621,1
6665,0.593892,1
6666,0.390368,1
6667,4.399845,1
6668,0.361933,1
6669,1.735946,0
6670,2.24485,1
6671,0.384185,1
6672,4.54772,0
6673,0.17218,1
6674,1.319722,1
6675,1.245794,1
6676,2.279765,1
6677,1.113026,1
6678,0.685127,1
6679,4.837157,1
6680,2.757317,1
6681,0.305545,1
6682,0.640925,1
6683,0.302004,1
6684,3.839512,1
6685,1.890167,1
6686,0.118652,0
6687,5.118723,1
6688,0.929435,1
6689,2.744308,0
6690,0.290885,1
6691,3.619095,0
6692,4.384781,1
6693,0.461413,0
6694,0.512001,1
6695,2.400989,1
6696,0.369705,1
6697,2.271189,1
6698,0.171033,0
6699,1.622262,1
6700,6.73249,1
6701,0.491325,1
6702,0.695344,0
6703,0.419504,1
6704,0.186385,1
6705,0.212274,0
6706,1.331718,1
6707,1.290157,0
6708,2.712916,0
6709,0.442597,1
6710,0.367737,0
6711,0.43179,0
6712,0.532406,1
6713,4.70383,1
6714,0.943429,0
6715,1.777948,1
6716,1.570536,0
6717,0.472765,0
6718,0.249231,0
6719,1.650175,1
6720,3.098377,1
6721,2.563537,1
6722,0.743463,0
6723,0.537661,0
6724,1.403922,1
6725,0.376151,1
6726,0.276014,0
6727,2.561687,1
6728,4.197661,1
6729,0.311728,0
6730,1.048257,1
6731,1.172868,0
6732,0.265623,1
6733,4.856194,0
6734,3.494831,1
6735,1.923623,1
6736,0.465992,1
6737,0.787491,1
6738,0.265868,1
6739,0.459456,0
6740,1.551476,1
6741,0.237273,0
6742,0.259515,1
6743,0.563932,1
6744,0.599852,0
6745,3.197937,0
6746,2.061792,0
6747,2.664995,1
6748,5.356565,1
6749,4.564711,1
6750,1.49949,0
6751,2.86557,1
6752,4.094283,1
6753,4.930007,0
6754,2.647523,1
6755,3.297398,1
6756,0.509694,1
6757,0.389615,1
6758,1.708521,1
6759,0.174905,0
6760,0.145656,1
6761,0.219013,1
6762,2.286157,0
6763,4.596629,0
6764,0.243557,1
6765,0.583649,1
6766,2.906275,0
6767,0.34577,0
6768,1.00075,1
6769,1.791243,1
6770,0.298912,1
6771,0.192266,1
6772,0.138207,1
6773,2.196123,1
6774,0.222097,1
6775,1.134681,1
6776,0.375538,1
6777,0.298965,1
6778,0.167507,1
6779,2.047701,1
6780,0.350768,0
6781,0.896599,1
6782,0.229311,0
6783,0.426044,0
6784,0.366361,1
6785,2.248573,0
6786,0.240021,0
6787,6.227658,1
6788,0.31079,1
6789,0.16137,1
6790,0.101558,0
6791,0.66749,1
6792,3.216066,0
6793,0.764992,1
6794,1.136752,1
6795,0.198336,1
6796,6.771568,1
6797,5.085262,1
6798,2.465266,1
6799,0.330327,1
6800,0.908611,1
6801,4.919329,1
6802,1.323232,1
6803,1.325488,0
6804,2.390613,1
6805,0.76757,1
6806,0.861869,0
6807,0.598242,1
6808,0.93789,1
6809,0.955604,1
6810,1.44157,0
6811,0.422382,0
6812,0.262882,1
6813,2.43436,0
6814,0.20676,0
6815,1.782095,1
6816,0.676974,1
6817,1.67362,0
6818,0.702238,0
6819,5.15614,1
6820,2.597368,1
6821,0.231301,1
6822,2.225648,1
6823,1.96818,1
6824,2.545972,1
6825,0.473245,1
6826,4.619348,0
6827,2.77176,0
6828,0.767137,0
6829,0.728844,1
6830,1.243773,0
6831,0.215675,1
6832,2.959794,1
6833,1.130527,1
6834,3.801475,1
6835,6.33119,1
6836,1.611249,1
6837,2.046092,0
6838,4.216986,0
6839,2.128213,1
6840,1.735181,1
6841,0.179788,1
6842,0.400381,1
6843,0.297783,0
6844,0.341684,1
6845,0.491557,1
6846,0.396595,1
6847,1.378839,1
6848,0.91511,1
6849,0.22509,1
6850,0.135019,1
6851,1.482033,1
6852,1.250602,0
6853,1.102804,0
6854,0.930973,1
6855,1.852308,1
6856,3.090735,0
6857,1.997879,1
6858,1.960066,1
6859,0.641751,1
6860,3.729364,0
6861,5.272993,0
6862,0.400107,0
6863,2.249797,1
6864,2.237346,1
6865,0.666438,0
6866,0.305845,0
6867,0.898122,1
6868,1.090058,1
6869,0.202657,1
6870,3.036731,0
6871,0.123404,0
6872,1.050246,1
6873,0.414726,1
6874,0.939536,0
6875,1.596376,1
6876,3.996737,1
6877,1.395324,0
6878,3.173465,1
6879,0.757366,1
6880,1.279663,0
6881,1.461332,0
6882,2.140827,1
6883,0.230396,1
6884,6.994777,0
6885,0.179496,0
6886,1.016941,1
6887,0.174908,0
6888,0.498811,1
6889,0.277887,0
6890,0.686197,1
6891,2.34144,1
6892,0.793362,0
6893,1.936748,1
6894,2.285916,1
6895,0.744438,1
6896,0.218497,1
6897,0.533193,0
6898,4.4569,0
6899,1.951686,1
6900,1.434145,1
6901,0.258103,1
6902,1.15604,1
6903,0.215815,1
6904,0.273384,1
6905,4.461473,0
6906,0.141451,0
6907,1.637254,1
6908,0.729241,1
6909,0.381583,1
6910,0.228964,1
6911,1.248013,1
6912,2.73839,1
6913,0.307518,1
6914,1.842894,0
6915,0.120706,0
6916,0.306169,1
6917,1.026163,0
6918,2.274089,1
6919,2.782219,1
6920,5.065739,1
6921,1.4297,0
6922,1.328744,1
6923,0.342269,1
6924,1.256036,1
6925,0.344659,1
6926,0.814422,0
6927,2.436332,1
6928,2.400783,1
6929,0.605754,0
6930,2.614405,0
6931,3.277755,1
6932,1.894666,1
6933,0.318073,1
6934,0.247165,0
6935,0.183425,0
6936,2.386698,1
6937,0.863439,1
6938,0.859923,0
6939,1.472449,1
6940,0.399707,1
6941,2.878068,0
6942,0.590575,1
6943,1.796182,1
6944,4.314841,0
6945,1.025134,1
6946,0.483215,0
6947,0.1613,1
6948,0.344791,1
6949,2.493968,0
6950,0.14283,1
6951,1.159878,1
6952,0.244519,1
6953,4.437699,1
6954,2.086646,1
6955,1.191355,1
6956,0.496083,1
6957,2.83106,1
6958,2.58417,1
6959,0.308188,1
6960,3.431796,0
6961,0.333009,0
6962,3.502077,1
6963,3.499521,1
6964,0.107337,1
6965,0.394404,1
6966,1.166328,1
6967,0.457806,1
6968,3.540742,0
6969,0.602598,1
6970,0.352332,0
6971,0.794959,1
6972,1.356174,1
6973,1.286502,1
6974,6.511538,0
6975,0.887626,0
6976,4.588446,1
6977,1.323149,1
6978,1.867827,1
6979,3.881869,1
6980,1.59893,1
6981,0.194427,1
6982,0.116862,0
6983,1.44063,1
6984,4.045283,1
6985,0.981835,0
6986,0.481054,1
6987,1.025684,1
6988,1.391136,0
6989,5.305314,0
6990,0.108188,0
6991,0.312735,1
6992,1.052866,0
6993,0.136411,1
6994,0.537454,1
6995,0.467513,1
6996,1.999817,1
6997,0.191103,0
6998,0.316007,1
6999,0.250613,1
7000,1.276355,1
7001,4.731852,0
7002,5.998168,1
7003,3.694126,1
7004,5.076245,0
7005,2.641438,1
7006,0.283148,1
7007,5.373644,1
7008,0.26847,0
7009,2.154504,0
7010,0.480981,0
7011,0.247589,0
7012,5.279185,0
7013,3.447524,0
7014,4.085897,0
7015,2.320472,0
7016,2.205399,1
7017,2.570315,0
7018,0.507049,1
7019,0.282144,1
7020,2.481693,1
7021,0.20658,0
7022,0.068131,0
7023,1.176002,1
7024,2.913958,0
7025,1.471577,1
7026,1.284807,1
7027,1.797459,0
7028,4.707434,1
7029,0.3287,1
7030,5.446928,0
7031,0.235187,1
7032,0.719543,0
7033,2.783086,0
7034,3.206612,0
7035,2.04757,1
7036,2.23477,0
7037,1.685126,0
7038,2.289347,0
7039,1.938894,1
7040,0.297166,1
7041,0.576252,1
7042,1.36466,1
7043,0.948937,1
7044,0.578276,0
7045,4.432897,1
7046,1.778194,0
7047,3.545267,1
7048,1.283756,1
7049,0.656692,1
7050,0.148481,1
7051,0.100014,0
7052,0.283833,0
7053,0.305614,0
7054,2.400762,1
7055,0.384408,1
7056,0.109163,0
7057,0.586736,1
7058,6.576257,1
7059,0.464566,1
7060,1.534852,0
7061,0.327978,1
7062,1.11956,0
7063,0.528082,1
7064,3.351387,0
7065,0.385882,1
7066,0.248323,1
7067,0.314042,1
7068,3.944613,1
7069,1.744653,1
7070,0.422249,0
7071,0.621537,1
7072,1.250148,1
7073,1.889562,0
7074,5.042736,1
7075,4.105602,1
7076,0.500436,1
7077,6.159954,0
7078,0.312737,1
7079,0.657567,1
7080,0.361669,0
7081,4.245389,0
7082,0.629406,0
7083,1.250277,1
7084,2.074891,1
7085,2.663781,1
7086,1.897229,1
7087,5.70728,1
7088,0.634812,1
7089,0.265086,0
7090,0.81877,1
7091,1.438236,1
7092,3.671065,1
7093,0.322629,0
7094,1.686864,1
7095,0.44936,1
7096,0.631584,0
7097,0.174448,0
7098,2.446353,1
7099,0.532327,1
7100,0.230192,0
7101,0.18854,1
7102,0.683802,1
7103,3.934998,0
7104,0.220943,0
7105,2.26494,1
7106,0.408439,0
7107,1.133155,1
7108,0.164081,0
7109,0.582303,1
7110,0.918224,0
7111,1.86026,1
7112,2.327073,0
7113,0.215422,1
7114,0.216546,0
7115,5.218496,0
7116,5.195281,1
7117,0.436281,1
7118,5.150975,1
7119,0.299963,1
7120,5.763456,1
7121,1.000975,1
7122,0.976763,1
7123,2.160261,1
7124,1.498543,1
7125,0.522385,0
7126,1.123272,1
7127,1.892803,1
7128,1.516921,0
7129,1.648405,1
7130,3.750263,1
7131,0.276042,1
7132,1.479939,0
7133,0.990814,0
7134,5.3849,0
7135,0.978049,1
7136,0.582039,1
7137,0.460059,1
7138,0.260934,1
7139,1.155109,1
7140,0.183423,1
7141,1.508403,1
7142,1.49115,1
7143,1.323895,1
7144,1.116912,1
7145,2.972767,1
7146,1.199798,0
7147,0.637592,1
7148,4.088699,1
7149,3.224827,0
7150,4.599405,0
7151,0.849765,1
7152,0.470849,1
7153,1.772894,0
7154,1.344546,1
7155,0.340407,0
7156,5.481969,0
7157,4.849623,0
7158,1.897689,1
7159,3.095167,1
7160,0.287678,1
7161,0.534579,1
7162,1.801775,1
7163,0.327724,1
7164,0.235464,1
7165,0.503279,1
7166,3.712181,1
7167,0.969857,1
7168,2.612191,0
7169,4.09098,1
7170,3.859737,0
7171,2.303735,1
7172,0.263436,1
7173,0.694727,1
7174,1.92118,0
7175,0.341267,0
7176,4.173446,1
7177,4.101439,1
7178,0.622723,1
7179,0.456174,1
7180,0.47011,1
7181,2.811652,1
7182,0.981236,1
7183,0.359861,1
7184,0.248309,0
7185,2.885679,1
7186,0.387744,1
7187,1.627029,1
7188,0.639512,1
7189,1.597347,0
7190,3.443731,1
7191,4.723596,1
7192,1.813684,0
7193,2.09881,1
7194,0.347703,0
7195,1.724315,1
7196,2.62771,0
7197,0.160806,0
7198,2.910516,0
7199,0.403811,0
7200,0.088748,0
7201,0.891614,0
7202,2.905263,1
7203,0.458418,1
7204,1.47009,1
7205,6.192773,0
7206,2.25618,0
7207,4.179176,0
7208,1.812499,1
7209,0.387342,1
7210,1.152649,1
7211,3.786328,0
7212,2.4265,0
7213,5.211174,1
7214,1.447506,1
7215,2.687684,0
7216,3.059438,1
7217,0.656206,0
7218,0.254269,0
7219,0.814199,1
7220,4.2598,1
7221,2.471548,1
7222,0.158022,0
7223,0.654156,1
7224,2.052714,0
7225,3.032448,1
7226,0.51041,1
7227,1.920481,1
7228,0.152094,0
7229,1.536124,0
7230,1.171293,0
7231,0.411579,0
7232,1.416156,1
7233,1.445501,1
7234,1.129561,0
7235,1.373245,1
7236,2.51184,1
7237,1.861803,1
7238,0.886357,1
7239,0.610182,1
7240,2.919047,0
7241,2.588317,0
7242,0.28487,0
7243,0.383609,1
7244,0.119671,1
7245,0.163959,0
7246,1.605867,0
7247,1.202132,1
7248,0.766161,1
7249,2.505544,1
7250,1.601104,1
7251,0.81181,1
7252,0.298289,0
7253,0.715722,1
7254,0.314637,1
7255,5.302294,1
7256,3.859817,0
7257,1.626701,1
7258,0.385144,1
7259,3.046379,1
7260,0.621672,1
7261,2.032914,1
7262,0.150466,1
7263,0.346319,1
7264,0.935319,1
7265,1.229197,1
7266,1.654504,1
7267,1.453821,0
7268,0.912677,1
7269,1.981849,1
7270,0.197211,1
7271,3.621176,0
7272,0.793105,1
7273,0.240381,1
7274,2.679363,1
7275,1.702,1
7276,0.809871,1
7277,0.624422,1
7278,2.627187,1
7279,0.122273,1
7280,0.210866,0
7281,2.244392,0
7282,0.692452,1
7283,3.097787,1
7284,0.247102,1
7285,0.756061,1
7286,1.816882,1
7287,5.720554,0
7288,0.459484,1
7289,1.666749,1
7290,2.504359,1
7291,4.474583,1
7292,3.170485,0
7293,2.367465,1
7294,4.618323,1
7295,1.820525,0
7296,4.305815,0
7297,0.365291,1
7298,2.477566,0
7299,4.13201,1
7300,0.577023,1
7301,1.160113,1
7302,0.944401,0
7303,1.558717,1
7304,0.253283,1
7305,0.419469,1
7306,0.192275,1
7307,3.800296,1
7308,0.45384,0
7309,0.894076,1
7310,0.671936,1
7311,2.076023,1
7312,0.406223,1
7313,0.60746,1
7314,1.130495,1
7315,0.333932,0
7316,1.070969,0
7317,0.413441,0
7318,0.461022,1
7319,1.793693,1
7320,5.038919,0
7321,3.214787,1
7322,0.318336,1
7323,2.633483,1
7324,1.021547,1
7325,0.888486,1
7326,4.248144,0
7327,0.173786,1
7328,5.302764,1
7329,2.109962,1
7330,0.429747,1
7331,2.571212,1
7332,4.215147,0
7333,3.181422,0
7334,0.471541,1
7335,5.27691,1
7336,0.633781,1
7337,0.716683,1
7338,6.803526,1
7339,0.126084,0
7340,0.939364,1
7341,0.236906,0
7342,3.846071,0
7343,2.166081,0
7344,0.109229,0
7345,4.131479,0
7346,2.462785,1
7347,4.39694,1
7348,0.59289,1
7349,0.207468,0
7350,0.612346,1
7351,1.448519,1
7352,0.246891,1
7353,3.458846,1
7354,4.784899,1
7355,3.811749,0
7356,0.519192,1
7357,0.183042,0
7358,2.185854,1
7359,0.154982,0
7360,0.45757,1
7361,0.543256,1
7362,0.462317,0
7363,6.599234,1
7364,0.830532,1
7365,0.728732,1
7366,0.340859,1
7367,2.267638,0
7368,0.238707,0
7369,0.831812,1
7370,3.737914,1
7371,4.070228,1
7372,4.607112,0
7373,2.917709,1
7374,0.346554,1
7375,1.473362,1
7376,0.301279,0
7377,1.930284,1
7378,1.507475,0
7379,0.301151,1
7380,5.817226,1
7381,0.996015,1
7382,0.626609,1
7383,3.985661,0
7384,0.333633,1
7385,0.128528,0
7386,1.922126,0
7387,2.483649,1
7388,1.196328,1
7389,1.010263,1
7390,0.105902,1
7391,2.083889,0
7392,0.827098,0
7393,1.129454,1
7394,0.326651,0
7395,0.35593,1
7396,1.149502,1
7397,1.004934,1
7398,1.213398,1
7399,0.158643,1
7400,0.437621,0
7401,0.217369,1
7402,0.307431,0
7403,0.345325,0
7404,0.285645,1
7405,2.194679,0
7406,1.974478,0
7407,3.071026,0
7408,3.764984,0
7409,1.274399,1
7410,0.926873,1
7411,0.474119,1
7412,0.920772,1
7413,3.02804,1
7414,1.977945,1
7415,2.758665,0
7416,1.282378,1
7417,0.526998,1
7418,5.24264,1
7419,0.163583,0
7420,1.400068,1
7421,1.456208,1
7422,0.393746,1
7423,1.933769,1
7424,2.472744,1
7425,4.084833,0
7426,0.365266,0
7427,0.352066,1
7428,2.262681,1
7429,2.726048,0
7430,0.163954,1
7431,0.884479,0
7432,3.183216,1
7433,1.522308,1
7434,3.560539,1
7435,6.169796,0
7436,1.40721,0
7437,0.971596,1
7438,0.220017,1
7439,0.363069,0
7440,3.825835,1
7441,1.148549,1
7442,4.018322,1
7443,2.272134,1
7444,4.412045,1
7445,0.735917,1
7446,0.700562,1
7447,0.371028,0
7448,1.548681,0
7449,0.65239,0
7450,2.627955,0
7451,0.567434,1
7452,0.346559,1
7453,1.042418,1
7454,0.907529,1
7455,1.035799,0
7456,0.229799,1
7457,0.481309,1
7458,1.585842,1
7459,2.500439,1
7460,0.573997,1
7461,1.785416,1
7462,0.17012,0
7463,0.727577,1
7464,1.538153,1
7465,1.077229,1
7466,1.115366,1
7467,0.795685,0
7468,0.903573,1
7469,1.88569,1
7470,0.937843,0
7471,0.67164,1
7472,0.380668,1
7473,6.252944,1
7474,0.403766,1
7475,2.681056,1
7476,0.595464,0
7477,1.75944,1
7478,0.281931,0
7479,2.092997,1
7480,0.907608,1
7481,0.659002,1
7482,0.363149,0
7483,0.0615,0
7484,3.633335,1
7485,0.262744,0
7486,0.788233,1
7487,1.900707,1
7488,1.167658,0
7489,0.610829,1
7490,0.264968,1
7491,4.778354,0
7492,1.963286,1
7493,3.747844,1
7494,1.744435,1
7495,0.643721,1
7496,0.512366,1
7497,3.366267,1
7498,3.5571,0
7499,2.206238,1
7500,1.870581,1
7501,0.265031,1
7502,0.513134,1
7503,3.349909,1
7504,0.337629,0
7505,1.09823,1
7506,0.55735,1
7507,0.350357,1
7508,1.007029,0
7509,0.321258,1
7510,1.081172,1
7511,0.240645,1
7512,1.744093,1
7513,1.465533,1
7514,0.366987,1
7515,1.097743,1
7516,4.178849,1
7517,1.48101,0
7518,1.78574,1
7519,1.237052,0
7520,0.577857,1
7521,5.147061,0
7522,1.960379,1
7523,2.234098,0
7524,2.142917,0
7525,0.381161,0
7526,5.964588,1
7527,5.672304,1
7528,1.377725,1
7529,4.575536,1
7530,0.76016,1
7531,0.762,1
7532,0.954877,1
7533,0.6081,1
7534,4.198996,1
7535,1.449171,1
7536,0.760276,1
7537,0.62857,1
7538,1.044533,0
7539,1.326536,1
7540,1.750108,1
7541,0.540331,1
7542,2.544029,1
7543,1.675887,1
7544,2.254195,0
7545,1.796997,0
7546,0.395002,0
7547,4.184543,1
7548,4.214163,1
7549,0.15549,1
7550,0.364292,1
7551,0.369293,1
7552,3.119405,1
7553,3.008142,0
7554,1.167038,1
7555,3.376596,1
7556,0.859052,1
7557,1.330104,1
7558,3.375584,1
7559,1.595807,0
7560,0.551726,0
7561,0.271048,1
7562,0.111334,1
7563,1.944156,1
7564,2.851642,1
7565,0.293808,1
7566,0.476636,1
7567,4.730393,1
7568,2.073364,0
7569,0.309751,1
7570,0.74872,0
7571,3.434874,0
7572,0.235472,1
7573,1.526129,1
7574,0.398025,1
7575,0.531218,1
7576,3.045668,1
7577,0.168702,0
7578,0.519413,1
7579,0.73175,0
7580,4.005546,0
7581,3.624915,0
7582,0.746252,1
7583,0.738802,1
7584,0.216574,1
7585,1.170641,1
7586,2.027265,0
7587,0.264146,0
7588,0.232004,0
7589,4.021268,1
7590,1.637146,1
7591,0.419588,0
7592,0.892717,1
7593,0.446558,1
7594,1.533845,1
7595,2.728219,0
7596,4.043352,1
7597,0.529782,1
7598,2.620213,1
7599,1.318043,1
7600,0.093387,0
7601,0.751109,0
7602,2.069111,1
7603,1.482272,1
7604,2.631163,0
7605,3.465541,1
7606,0.452325,1
7607,1.006707,1
7608,0.163435,1
7609,0.46731,0
7610,1.086347,1
7611,0.93965,1
7612,0.664226,1
7613,4.129379,1
7614,0.886557,1
7615,2.520952,1
7616,0.658593,0
7617,0.115846,0
7618,1.306082,1
7619,1.241539,1
7620,4.269442,1
7621,5.471375,1
7622,4.463158,1
7623,0.65238,0
7624,0.529238,1
7625,0.566918,1
7626,1.970052,0
7627,0.566902,1
7628,4.028198,1
7629,0.239989,0
7630,1.012995,1
7631,2.503094,1
7632,0.306021,1
7633,2.62462,0
7634,3.807652,1
7635,4.342089,0
7636,4.095441,0
7637,3.909032,0
7638,0.656842,1
7639,4.095174,1
7640,1.632693,1
7641,0.78395,1
7642,1.210925,1
7643,0.135454,0
7644,0.616933,1
7645,0.218219,1
7646,3.533082,0
7647,3.546611,1
7648,1.987783,0
7649,0.609632,1
7650,4.081422,0
7651,6.433944,0
7652,0.911966,0
7653,0.95644,0
7654,0.4316,0
7655,4.667287,1
7656,2.161957,0
7657,1.699104,1
7658,1.303377,1
7659,2.860689,1
7660,1.106702,1
7661,0.591968,0
7662,2.095178,1
7663,0.648567,1
7664,0.129803,0
7665,0.345465,1
7666,0.985005,1
7667,4.000722,1
7668,3.710937,0
7669,2.280141,1
7670,1.348132,1
7671,1.185123,0
7672,0.663673,1
7673,0.75146,1
7674,0.52271,1
7675,4.252071,1
7676,1.86378,0
7677,2.167717,1
7678,0.212378,1
7679,0.550833,1
7680,0.526153,1
7681,1.847505,0
7682,0.724147,1
7683,0.662555,1
7684,0.201461,0
7685,0.305017,1
7686,0.437805,1
7687,1.334562,1
7688,1.182729,0
7689,1.260167,1
7690,5.931631,0
7691,1.023224,1
7692,1.104595,0
7693,0.771199,0
7694,2.012525,1
7695,0.637883,1
7696,4.737072,1
7697,0.801136,1
7698,2.789783,0
7699,2.399722,0
7700,1.024343,1
7701,1.57205,1
7702,1.817183,1
7703,0.574999,0
7704,2.297688,1
7705,0.106323,0
7706,2.249524,1
7707,0.170449,0
7708,0.27985,1
7709,2.669232,1
7710,1.390072,1
7711,1.386401,0
7712,0.880345,1
7713,3.910232,0
7714,1.628055,0
7715,0.466031,1
7716,3.672613,0
7717,0.178187,0
7718,0.113305,0
7719,1.600525,1
7720,0.491724,1
7721,0.462955,1
7722,0.257774,1
7723,0.522323,1
7724,0.520749,1
7725,0.96748,0
7726,5.064571,1
7727,2.825005,1
7728,0.318689,1
7729,0.816055,1
7730,4.528855,1
7731,1.309748,1
7732,1.556538,1
7733,0.130821,0
7734,3.348489,1
7735,1.90955,1
7736,4.564775,0
7737,3.687744,1
7738,2.263692,0
7739,0.178004,0
7740,1.068836,1
7741,2.040594,1
7742,0.178452,1
7743,0.471107,1
7744,1.718825,1
7745,0.281689,1
7746,6.466742,0
7747,2.321687,1
7748,0.25516,0
7749,2.60672,1
7750,0.295186,1
7751,4.198358,0
7752,1.588807,0
7753,2.161539,1
7754,2.08279,1
7755,3.776704,1
7756,2.461151,0
7757,1.005042,0
7758,3.917695,1
7759,3.033219,1
7760,1.635512,0
7761,0.233645,0
7762,1.015222,1
7763,1.162124,1
7764,1.480667,1
7765,0.202437,1
7766,1.003686,1
7767,1.219562,1
7768,4.14329,0
7769,0.220795,1
7770,4.284674,0
7771,0.196707,1
7772,0.239035,0
7773,0.760018,1
7774,1.228284,1
7775,0.459338,1
7776,4.771637,1
7777,1.657383,0
7778,1.757417,1
7779,1.148062,1
7780,0.181097,1
7781,0.292371,1
7782,2.10254,0
7783,2.23232,1
7784,3.63403,1
7785,0.270257,0
7786,2.810893,1
7787,1.226737,1
7788,0.74454,1
7789,1.563822,0
7790,2.058599,0
7791,0.181221,1
7792,0.810411,1
7793,1.855854,1
7794,0.513607,1
7795,0.273917,0
7796,1.63536,0
7797,1.382988,1
7798,1.757263,1
7799,0.465395,1
7800,0.865289,1
7801,0.629838,1
7802,3.05277,1
7803,0.578914,1
7804,0.607112,1
7805,1.517927,0
7806,0.195416,0
7807,0.299382,1
7808,0.965067,0
7809,1.97386,0
7810,2.916749,0
7811,1.076693,1
7812,4.340798,0
7813,2.27204,1
7814,3.016701,1
7815,1.074937,1
7816,2.389079,0
7817,2.551854,1
7818,1.918277,0
7819,0.512469,1
7820,3.655238,1
7821,0.151492,0
7822,3.342296,0
7823,3.118342,1
7824,1.561146,1
7825,0.372273,1
7826,0.266452,1
7827,2.046117,1
7828,1.893112,0
7829,3.631361,1
7830,4.057147,0
7831,1.750647,1
7832,4.770403,1
7833,4.403738,1
7834,0.366507,1
7835,0.187835,0
7836,1.411793,0
7837,6.660203,1
7838,0.352265,0
7839,3.321677,1
7840,6.698163,0
7841,1.713971,0
7842,4.215526,1
7843,0.531798,1
7844,1.11736,1
7845,0.62909,1
7846,3.401127,1
7847,0.188139,1
7848,0.342653,1
7849,0.826413,0
7850,1.732596,0
7851,2.320442,0
7852,0.163382,0
7853,0.349606,1
7854,1.558526,1
7855,2.198019,1
7856,0.278091,1
7857,0.195641,0
7858,0.195485,1
7859,0.505422,1
7860,3.10794,0
7861,0.835255,1
7862,0.188153,1
7863,0.405456,1
7864,1.231022,1
7865,4.951331,0
7866,2.562211,0
7867,0.182165,1
7868,3.739599,1
7869,3.854151,0
7870,0.532392,1
7871,3.281829,1
7872,1.088446,0
7873,0.288786,1
7874,2.229961,1
7875,0.737396,1
7876,0.207429,1
7877,0.16048,0
7878,0.765063,1
7879,0.27359,1
7880,1.781487,0
7881,0.207321,1
7882,1.895459,1
7883,0.499917,0
7884,3.737184,0
7885,0.914888,1
7886,6.08544,0
7887,0.119232,0
7888,0.898808,0
7889,1.055191,1
7890,0.167607,1
7891,0.654118,1
7892,2.203428,0
7893,3.482662,1
7894,5.269545,0
7895,2.550478,1
7896,2.253285,1
7897,0.56192,1
7898,0.808087,1
7899,0.361761,1
7900,3.079422,1
7901,0.428298,0
7902,0.772145,1
7903,2.937244,1
7904,1.982168,1
7905,1.056655,1
7906,4.049888,1
7907,4.177401,0
7908,5.551404,0
7909,1.66173,1
7910,2.305521,1
7911,0.215228,1
7912,4.593301,1
7913,0.298191,1
7914,1.46911,0
7915,0.097864,0
7916,0.379657,0
7917,3.989968,0
7918,1.128179,1
7919,1.592729,0
7920,1.009276,0
7921,4.639066,1
7922,0.984502,1
7923,1.010561,1
7924,1.975793,0
7925,0.267651,1
7926,0.392157,1
7927,0.2918,0
7928,4.189992,0
7929,5.893769,0
7930,2.416636,0
7931,2.791983,1
7932,2.479021,1
7933,1.50343,1
7934,4.780944,1
7935,0.447726,1
7936,0.358698,1
7937,1.089763,1
7938,1.024963,1
7939,2.638178,1
7940,1.120577,1
7941,1.238544,1
7942,0.164129,1
7943,0.320137,1
7944,1.456755,0
7945,0.166588,0
7946,0.215261,0
7947,0.166028,0
7948,2.986008,0
7949,0.675567,1
7950,0.153583,0
7951,2.211859,1
7952,0.51405,1
7953,0.820918,0
7954,2.332827,1
7955,0.455977,1
7956,0.224813,1
7957,0.143408,0
7958,0.619356,1
7959,0.570324,1
7960,3.492562,1
7961,0.245113,0
7962,0.568615,1
7963,1.483844,1
7964,1.671624,0
7965,1.317308,0
7966,3.044498,0
7967,0.292211,1
7968,3.584046,0
7969,1.902968,1
7970,4.531981,0
7971,0.462739,0
7972,0.348095,0
7973,0.242602,0
7974,5.14176,1
7975,1.232927,1
7976,0.346323,0
7977,2.490182,1
7978,1.524088,1
7979,2.574343,0
7980,0.512091,1
7981,0.142447,0
7982,1.318182,1
7983,2.852543,0
7984,0.560305,0
7985,0.329718,1
7986,0.689194,1
7987,1.008203,1
7988,4.553169,0
7989,0.550555,1
7990,1.700188,1
7991,3.924392,1
7992,1.817595,1
7993,0.557657,1
7994,0.522611,1
7995,0.480094,0
7996,0.583473,1
7997,4.12431,0
7998,2.130402,0
7999,0.998194,0
8000,3.219826,1
8001,1.907802,1
8002,0.325249,0
8003,0.732185,1
8004,0.492518,0
8005,4.624769,1
8006,0.396095,1
8007,0.728008,1
8008,0.106725,0
8009,1.319894,1
8010,4.013739,1
8011,1.390971,0
8012,0.704247,1
8013,3.066277,1
8014,3.38809,1
8015,4.290231,0
8016,0.197961,1
8017,2.912609,1
8018,0.231451,0
8019,0.554977,0
8020,0.299004,1
8021,2.21429,1
8022,1.486586,1
8023,0.470616,0
8024,0.521043,1
8025,5.08361,1
8026,0.627539,1
8027,5.335608,1
8028,3.081555,0
8029,0.084728,0
8030,0.406655,1
8031,1.704656,1
8032,0.954888,1
8033,0.359249,1
8034,0.243784,1
8035,5.158843,1
8036,0.364716,0
8037,0.462297,1
8038,0.128626,1
8039,1.032086,0
8040,0.409919,0
8041,4.155051,1
8042,4.868314,1
8043,0.290827,0
8044,1.356748,1
8045,0.225196,1
8046,1.451387,0
8047,3.692299,1
8048,0.436064,1
8049,0.487114,1
8050,0.592229,1
8051,2.09654,1
8052,0.647492,1
8053,0.213196,0
8054,2.066817,0
8055,0.262268,0
8056,0.371727,1
8057,1.382892,0
8058,1.216464,1
8059,0.582584,0
8060,1.551613,1
8061,0.348151,1
8062,2.061259,1
8063,2.436929,1
8064,0.2286,0
8065,0.652097,1
8066,0.372789,1
8067,1.493862,0
8068,1.08411,1
8069,3.016693,1
8070,2.002388,1
8071,1.321869,1
8072,0.47189,1
8073,1.26291,1
8074,0.134728,0
8075,0.642496,0
8076,5.720418,1
8077,0.644988,1
8078,0.865382,0
8079,0.766176,0
8080,0.26713,0
8081,5.265902,1
8082,0.202403,1
8083,2.981185,1
8084,0.144972,0
8085,0.486959,1
8086,0.294182,1
8087,0.158492,0
8088,1.105087,1
8089,3.395916,1
8090,0.614972,0
8091,0.166769,1
8092,0.279553,1
8093,0.124772,1
8094,1.129842,1
8095,3.35475,1
8096,0.202672,0
8097,1.385627,0
8098,3.320794,1
8099,1.997321,1
8100,3.772689,1
8101,0.546256,1
8102,3.613133,0
8103,4.90812,0
8104,0.27772,0
8105,0.934251,1
8106,0.839954,0
8107,3.292716,1
8108,0.309166,0
8109,1.751522,0
8110,1.779333,0
8111,1.380415,1
8112,0.128414,0
8113,5.021761,1
8114,2.172207,0
8115,0.222893,0
8116,1.214229,1
8117,0.161898,0
8118,0.378902,1
8119,1.028821,0
8120,0.999816,1
8121,1.350745,1
8122,6.329089,0
8123,0.435614,0
8124,0.191393,0
8125,2.097463,1
8126,3.856557,1
8127,0.820432,0
8128,0.260999,0
8129,0.161138,1
8130,1.006614,0
8131,1.88988,0
8132,4.026981,1
8133,2.650184,0
8134,2.999963,1
8135,0.167371,1
8136,0.218724,1
8137,0.168614,1
8138,2.617492,1
8139,0.365094,0
8140,0.181405,0
8141,2.324299,0
8142,5.182002,0
8143,2.07622,0
8144,0.183599,0
8145,0.641986,1
8146,1.006399,1
8147,2.055344,1
8148,2.043828,1
8149,1.885017,0
8150,0.537506,1
8151,0.593746,1
8152,4.724859,0
8153,3.592576,1
8154,0.131439,1
8155,2.054158,1
8156,3.232427,1
8157,1.832301,1
8158,0.265568,1
8159,0.87364,0
8160,1.437811,0
8161,0.256655,1
8162,2.65304,1
8163,0.150726,1
8164,0.61682,0
8165,1.732123,1
8166,1.246636,1
8167,3.384861,1
8168,0.177028,1
8169,0.288462,0
8170,1.800825,1
8171,4.110566,0
8172,0.937203,1
8173,4.184988,1
8174,0.652202,0
8175,0.838341,0
8176,0.907737,0
8177,3.511699,1
8178,0.671364,1
8179,1.805561,1
8180,6.649426,1
8181,0.291074,1
8182,0.435017,1
8183,3.192252,0
8184,1.847973,1
8185,0.24631,0
8186,2.069731,0
8187,0.231907,0
8188,0.68659,1
8189,1.856913,1
8190,2.185661,0
8191,1.639197,1
8192,0.134876,0
8193,0.648392,1
8194,0.172943,1
8195,0.146783,1
8196,0.211499,1
8197,0.942453,1
8198,0.155157,1
8199,0.382991,0
8200,0.28283,0
8201,1.281954,1
8202,0.279369,1
8203,0.788007,1
8204,3.062234,0
8205,1.12561,1
8206,0.731125,0
8207,4.593806,0
8208,0.311879,0
8209,0.365511,1
8210,3.086658,0
8211,0.399427,0
8212,1.281095,0
8213,0.385511,0
8214,0.173024,0
8215,0.163901,1
8216,4.836633,0
8217,3.497219,1
8218,3.733064,0
8219,0.618568,1
8220,2.34115,0
8221,0.458891,1
8222,3.286669,0
8223,1.737797,1
8224,0.33941,1
8225,0.648063,0
8226,4.549765,0
8227,2.98974,0
8228,2.114488,1
8229,0.703331,1
8230,1.444947,1
8231,0.840285,0
8232,4.050129,0
8233,3.724509,1
8234,4.177453,0
8235,3.509262,1
8236,1.031195,0
8237,0.336199,1
8238,4.316833,0
8239,2.670109,1
8240,0.752656,1
8241,3.488395,0
8242,1.602648,1
8243,4.061013,0
8244,0.188083,1
8245,3.615442,1
8246,0.867851,1
8247,2.338516,1
8248,0.278006,1
8249,1.548754,1
8250,1.662837,0
8251,0.445886,1
8252,0.141015,1
8253,3.958813,0
8254,0.138829,1
8255,1.044518,1
8256,0.935059,1
8257,1.285353,1
8258,2.126885,1
8259,1.296734,0
8260,2.115815,0
8261,1.525818,1
8262,1.73913,0
8263,0.740325,1
8264,0.922492,1
8265,5.568532,0
8266,1.071083,1
8267,2.27953,1
8268,5.384046,0
8269,1.061342,1
8270,4.285357,0
8271,2.431109,1
8272,0.696286,1
8273,3.158717,0
8274,0.624245,1
8275,1.830475,1
8276,0.39677,1
8277,0.274537,1
8278,0.616009,1
8279,2.740845,1
8280,1.868885,1
8281,2.349652,0
8282,2.795784,1
8283,3.962539,1
8284,0.336188,0
8285,1.205251,1
8286,6.113529,0
8287,1.756437,0
8288,0.336024,0
8289,1.169101,0
8290,3.786214,0
8291,1.797379,0
8292,0.181625,1
8293,3.376616,0
8294,0.342979,1
8295,0.201441,1
8296,0.354522,1
8297,1.787228,0
8298,1.224169,0
8299,1.918715,1
8300,1.884496,0
8301,4.401971,1
8302,4.979015,0
8303,2.448393,0
8304,1.134744,1
8305,2.429066,0
8306,0.303943,1
8307,2.712773,1
8308,1.249673,1
8309,2.213924,1
8310,0.343059,1
8311,1.345658,1
8312,0.373786,1
8313,4.84183,1
8314,2.650764,1
8315,4.344284,1
8316,0.126269,0
8317,0.722376,1
8318,2.101363,0
8319,0.188883,0
8320,0.329144,1
8321,3.516652,0
8322,0.094629,0
8323,5.175098,0
8324,2.288963,0
8325,1.937089,1
8326,3.26808,0
8327,0.213448,1
8328,0.217424,1
8329,1.491765,1
8330,0.959251,0
8331,0.229271,1
8332,1.52933,1
8333,1.23766,1
8334,1.219834,1
8335,0.871732,1
8336,0.211526,0
8337,0.439553,1
8338,1.39326,0
8339,0.255866,1
8340,3.225233,1
8341,0.565387,1
8342,0.753374,1
8343,2.430722,1
8344,0.121046,0
8345,0.328731,1
8346,0.533394,1
8347,2.160494,1
8348,2.642441,1
8349,0.330634,0
8350,1.166546,1
8351,5.654225,1
8352,0.617462,0
8353,2.135939,0
8354,3.005438,1
8355,1.47035,0
8356,2.472345,1
8357,2.316406,1
8358,2.192961,0
8359,5.19752,1
8360,6.20778,1
8361,0.782793,0
8362,1.408566,0
8363,6.829808,1
8364,2.268272,1
8365,5.546658,0
8366,2.121013,0
8367,0.997304,1
8368,2.252117,1
8369,1.590198,0
8370,4.050511,1
8371,0.256364,0
8372,0.420173,0
8373,2.172102,0
8374,0.179171,0
8375,1.852675,1
8376,2.841914,1
8377,1.223127,1
8378,1.56247,1
8379,2.508565,1
8380,1.201015,0
8381,4.642427,1
8382,4.055696,0
8383,0.555433,1
8384,1.199958,1
8385,0.177183,0
8386,3.102376,1
8387,0.531997,0
8388,1.478907,1
8389,0.570848,0
8390,1.860656,1
8391,0.252046,1
8392,1.157386,1
8393,2.717373,1
8394,1.394146,0
8395,1.099748,1
8396,0.496054,1
8397,1.367712,1
8398,1.921461,0
8399,1.784725,0
8400,0.502571,1
8401,0.933086,1
8402,0.41969,0
8403,1.106826,1
8404,1.643204,0
8405,1.399421,1
8406,2.626868,0
8407,1.424984,1
8408,0.377511,0
8409,0.203416,0
8410,2.342764,0
8411,1.222249,1
8412,4.854641,0
8413,2.217631,0
8414,1.785416,0
8415,6.251489,1
8416,5.141377,1
8417,0.551659,1
8418,1.708198,1
8419,0.281065,0
8420,0.236421,0
8421,2.25321,1
8422,1.131906,1
8423,1.498691,1
8424,3.263348,1
8425,4.215307,1
8426,1.971025,1
8427,0.315822,1
8428,0.430373,1
8429,0.249566,1
8430,0.122132,0
8431,1.694638,1
8432,0.280699,1
8433,2.287424,1
8434,0.924478,1
8435,2.181606,1
8436,0.365474,0
8437,4.060666,0
8438,3.86744,0
8439,0.353538,1
8440,2.614365,1
8441,2.26229,0
8442,1.080868,1
8443,0.143266,1
8444,0.488727,1
8445,1.60467,0
8446,0.680212,0
8447,0.614504,1
8448,1.350423,0
8449,0.954532,1
8450,0.583417,1
8451,5.52461,0
8452,0.902452,1
8453,1.040247,0
8454,0.766599,0
8455,1.378371,0
8456,0.270411,1
8457,0.250883,0
8458,2.519166,0
8459,0.787248,1
8460,5.435479,0
8461,2.490909,1
8462,1.258994,0
8463,1.341776,1
8464,0.509468,0
8465,0.302608,0
8466,0.181498,0
8467,0.716123,1
8468,1.683367,1
8469,1.050782,1
8470,0.607603,1
8471,0.290608,1
8472,1.877205,0
8473,0.130875,0
8474,1.722911,0
8475,1.502972,1
8476,1.995941,0
8477,0.129912,0
8478,0.106861,0
8479,4.604428,1
8480,0.951645,0
8481,0.903297,1
8482,0.429865,1
8483,1.553301,1
8484,1.607916,0
8485,0.255112,0
8486,0.918051,0
8487,0.371122,1
8488,0.514556,0
8489,0.964698,0
8490,1.173613,1
8491,0.485007,1
8492,0.493707,1
8493,1.308604,0
8494,2.321825,1
8495,1.111285,1
8496,0.290162,1
8497,3.985271,0
8498,4.659459,1
8499,1.704852,1
8500,0.314535,0
8501,2.678919,1
8502,4.444355,0
8503,0.855761,1
8504,6.025957,0
8505,0.359714,1
8506,4.359113,1
8507,0.730876,1
8508,2.963599,0
8509,5.589049,1
8510,1.118939,1
8511,0.513373,1
8512,6.549249,0
8513,4.748986,1
8514,0.514619,1
8515,0.810454,1
8516,2.741846,0
8517,2.021484,1
8518,0.576815,0
8519,0.422274,1
8520,0.175676,0
8521,1.869659,1
8522,4.617111,1
8523,1.909697,1
8524,0.14733,1
8525,1.101052,0
8526,2.494051,1
8527,1.385381,0
8528,0.142147,0
8529,3.991298,0
8530,2.430178,0
8531,4.018304,1
8532,0.342596,1
8533,1.76119,1
8534,0.158735,1
8535,0.411579,1
8536,0.695533,1
8537,1.102218,1
8538,0.208942,0
8539,1.920898,1
8540,3.839139,1
8541,0.153354,0
8542,5.084801,0
8543,0.172314,0
8544,0.715263,1
8545,0.813432,1
8546,2.505152,1
8547,0.233535,1
8548,0.739803,1
8549,1.296554,1
8550,0.32071,1
8551,0.832011,0
8552,0.270625,1
8553,0.964487,1
8554,0.645512,0
8555,1.689948,1
8556,0.534093,0
8557,0.241992,1
8558,0.360404,1
8559,0.627146,0
8560,0.769611,0
8561,0.594427,1
8562,0.38595,1
8563,0.758486,1
8564,2.38833,1
8565,1.466721,1
8566,0.602695,1
8567,1.467527,0
8568,2.079719,0
8569,0.301847,1
8570,0.138405,0
8571,4.746414,1
8572,2.509987,1
8573,0.117721,0
8574,5.991697,1
8575,1.180169,1
8576,1.669976,1
8577,0.358932,0
8578,0.206456,0
8579,1.426009,1
8580,5.68342,1
8581,4.570129,0
8582,3.463919,0
8583,1.656996,1
8584,0.21503,1
8585,0.406587,1
8586,0.426249,0
8587,1.111715,1
8588,1.208346,1
8589,0.477697,0
8590,1.118913,1
8591,0.47832,1
8592,0.238693,0
8593,4.117668,0
8594,0.692056,1
8595,0.458791,1
8596,0.264594,1
8597,0.67225,1
8598,3.783952,0
8599,2.380078,0
8600,4.359913,1
8601,1.152214,1
8602,2.287777,1
8603,1.669054,1
8604,1.848883,1
8605,0.157733,1
8606,0.236006,1
8607,0.219404,0
8608,0.18182,1
8609,4.272763,1
8610,0.386539,1
8611,2.349654,1
8612,4.491167,0
8613,3.365655,0
8614,4.306405,0
8615,0.107924,0
8616,0.757581,0
8617,3.345813,1
8618,0.558446,0
8619,0.486295,1
8620,2.264149,1
8621,1.360598,1
8622,4.292923,1
8623,0.148161,1
8624,1.887367,1
8625,2.157386,0
8626,1.661363,1
8627,2.478808,1
8628,2.075552,0
8629,0.575008,1
8630,0.889123,0
8631,6.936169,1
8632,0.343631,1
8633,2.104344,1
8634,1.599912,0
8635,0.342983,1
8636,0.451022,0
8637,0.140147,0
8638,0.944165,1
8639,0.033815,0
8640,1.578298,0
8641,1.480344,1
8642,0.271988,0
8643,0.814914,1
8644,1.462396,1
8645,1.751439,0
8646,0.847094,1
8647,0.257249,1
8648,1.048878,1
8649,1.397658,0
8650,1.816567,1
8651,2.12378,0
8652,0.675473,0
8653,0.28006,1
8654,6.121377,1
8655,0.687692,0
8656,0.116558,0
8657,0.173474,1
8658,0.968815,1
8659,1.599893,0
8660,3.729868,0
8661,0.579764,1
8662,0.775665,0
8663,0.878127,0
8664,3.183993,0
8665,0.168564,0
8666,3.450068,1
8667,2.79345,1
8668,5.084054,1
8669,0.748394,1
8670,0.112497,1
8671,0.827562,0
8672,1.020737,1
8673,1.765397,1
8674,2.100571,0
8675,1.18507,1
8676,0.813372,1
8677,0.315044,0
8678,3.653911,1
8679,5.467844,0
8680,0.334678,0
8681,0.239414,1
8682,0.417585,0
8683,0.383869,1
8684,2.976063,0
8685,0.43442,0
8686,2.307938,1
8687,1.970091,1
8688,0.261886,1
8689,0.598114,1
8690,1.784446,0
8691,0.511428,1
8692,0.463792,1
8693,0.704321,1
8694,0.321705,1
8695,1.165299,0
8696,1.814926,0
8697,0.250794,1
8698,2.097127,1
8699,0.779702,0
8700,0.22719,0
8701,1.818368,0
8702,0.711529,1
8703,0.170729,1
8704,4.001485,1
8705,0.69963,1
8706,0.359317,1
8707,2.590953,0
8708,0.089219,0
8709,2.829068,1
8710,3.236081,1
8711,3.294563,1
8712,3.07419,1
8713,0.947093,1
8714,0.213781,1
8715,1.098365,1
8716,0.399498,0
8717,1.325064,1
8718,0.821805,0
8719,0.385241,1
8720,0.150211,0
8721,1.040799,1
8722,0.238788,1
8723,2.248898,0
8724,1.654055,0
8725,0.935864,1
8726,2.556746,1
8727,0.303256,0
8728,0.64678,1
8729,4.891561,0
8730,0.418099,1
8731,1.273641,1
8732,0.208896,0
8733,1.790115,1
8734,4.2637,0
8735,0.481804,1
8736,0.886369,1
8737,5.226888,0
8738,4.29645,1
8739,0.597322,1
8740,1.139217,0
8741,2.497057,0
8742,0.161957,0
8743,0.830679,1
8744,1.969556,0
8745,0.375994,1
8746,2.108794,1
8747,1.178665,1
8748,2.109449,1
8749,0.191853,0
8750,1.165545,0
8751,1.101175,0
8752,4.164812,1
8753,0.141011,1
8754,0.425593,1
8755,1.11518,0
8756,0.113883,0
8757,1.56632,0
8758,3.326447,0
8759,1.766955,1
8760,3.2053,1
8761,0.409637,1
8762,6.903658,1
8763,0.325277,1
8764,3.489074,0
8765,0.811478,0
8766,5.110694,1
8767,0.919787,0
8768,1.158084,1
8769,0.929054,1
8770,0.653377,0
8771,1.025573,0
8772,0.71046,1
8773,0.285637,1
8774,0.330366,1
8775,0.163576,0
8776,0.595762,1
8777,3.343015,1
8778,2.351347,1
8779,6.829715,1
8780,4.143428,0
8781,1.341257,0
8782,3.90065,0
8783,0.22345,1
8784,0.40527,0
8785,2.951432,1
8786,1.328176,1
8787,1.658405,1
8788,5.747722,1
8789,0.654577,1
8790,5.592186,1
8791,0.477254,0
8792,4.237674,1
8793,0.573315,1
8794,4.835775,1
8795,0.528478,1
8796,0.908457,1
8797,2.421338,0
8798,1.675646,1
8799,1.879964,1
8800,0.134535,0
8801,0.357877,0
8802,3.850532,1
8803,1.692934,1
8804,0.468152,1
8805,1.012248,1
8806,0.693691,1
8807,0.524908,1
8808,0.422961,0
8809,0.803399,1
8810,0.375834,1
8811,0.935474,1
8812,2.938766,0
8813,0.368898,1
8814,1.570808,1
8815,1.134069,1
8816,2.330891,0
8817,0.896206,0
8818,2.783898,1
8819,0.451796,1
8820,2.039128,0
8821,2.231106,1
8822,0.601979,1
8823,1.043269,1
8824,0.268484,1
8825,3.20529,0
8826,1.587245,1
8827,1.141291,1
8828,1.449225,1
8829,2.225667,1
8830,3.813042,1
8831,2.355326,1
8832,0.460662,1
8833,4.491088,0
8834,0.317574,0
8835,3.073527,1
8836,1.145014,1
8837,0.233933,1
8838,3.240574,1
8839,0.401828,1
8840,0.424112,0
8841,0.743307,1
8842,0.489142,1
8843,0.807162,0
8844,0.173681,1
8845,0.463921,1
8846,0.281407,1
8847,1.048522,0
8848,1.150876,1
8849,1.962051,1
8850,2.498081,0
8851,0.182361,1
8852,1.952572,1
8853,0.299382,0
8854,0.64517,1
8855,0.265242,1
8856,4.317047,1
8857,3.360994,1
8858,1.197191,1
8859,0.547745,1
8860,0.154286,0
8861,0.271773,0
8862,0.714865,1
8863,4.652741,1
8864,1.246648,0
8865,0.780773,1
8866,0.252548,0
8867,3.525884,0
8868,0.993675,0
8869,0.540877,0
8870,1.496879,0
8871,0.354083,0
8872,0.473737,0
8873,0.923448,0
8874,0.387852,1
8875,4.121906,1
8876,3.212106,1
8877,4.541504,0
8878,1.759744,1
8879,0.420751,1
8880,2.149455,1
8881,2.314634,1
8882,2.749288,1
8883,2.604311,0
8884,0.396344,1
8885,3.331141,0
8886,0.412646,0
8887,1.822396,1
8888,1.23059,1
8889,0.450796,1
8890,1.108965,1
8891,0.146994,1
8892,2.743358,1
8893,1.134716,1
8894,0.135018,1
8895,6.209161,1
8896,3.763834,1
8897,6.287459,1
8898,0.187578,0
8899,0.661792,1
8900,0.512528,0
8901,2.402573,1
8902,4.398423,1
8903,0.122341,1
8904,1.191379,1
8905,4.192748,0
8906,3.498482,1
8907,1.324078,1
8908,0.323906,1
8909,0.717034,1
8910,6.997828,1
8911,0.811166,1
8912,1.477491,1
8913,1.776456,1
8914,2.203411,0
8915,0.116014,1
8916,5.183135,0
8917,3.850137,0
8918,7.0791,0
8919,0.696569,1
8920,0.890258,1
8921,5.856546,0
8922,0.189167,0
8923,2.418756,1
8924,0.956783,1
8925,0.893855,0
8926,4.836352,1
8927,0.742143,1
8928,2.322816,1
8929,1.977975,0
8930,5.023933,1
8931,0.423394,1
8932,3.741214,0
8933,2.718284,1
8934,1.545986,0
8935,3.614034,0
8936,0.478542,0
8937,4.37871,0
8938,0.617078,1
8939,0.171958,1
8940,1.20713,0
8941,0.851853,1
8942,2.180487,1
8943,4.780267,1
8944,1.032835,1
8945,0.20547,0
8946,0.876164,0
8947,3.052772,1
8948,0.530875,0
8949,1.051092,1
8950,3.39758,0
8951,2.552849,0
8952,3.199177,1
8953,0.38084,0
8954,0.606952,1
8955,0.275437,1
8956,3.253883,0
8957,0.944836,0
8958,2.323381,1
8959,5.919437,1
8960,1.635734,1
8961,3.799331,1
8962,0.415427,0
8963,0.1102,0
8964,0.416591,1
8965,0.594634,1
8966,1.258744,1
8967,0.152349,1
8968,2.782598,0
8969,1.895318,1
8970,0.820334,1
8971,2.252098,1
8972,1.785677,0
8973,1.707897,1
8974,3.683193,0
8975,0.523495,1
8976,0.486119,0
8977,3.900598,1
8978,3.68202,1
8979,0.849992,1
8980,1.082103,1
8981,0.824027,0
8982,0.147191,1
8983,4.339183,1
8984,0.260418,1
8985,0.19757,1
8986,2.35473,1
8987,4.876143,1
8988,3.913041,1
8989,0.790859,0
8990,0.284188,1
8991,0.206319,0
8992,1.14492,1
8993,3.97655,0
8994,1.441398,1
8995,0.776803,1
8996,0.63312,1
8997,0.51944,1
8998,2.632461,0
8999,0.485893,1
9000,1.572676,1
9001,0.977408,1
9002,2.154505,1
9003,1.513408,1
9004,1.247026,1
9005,4.189093,0
9006,5.805457,1
9007,1.32592,0
9008,4.168185,0
9009,1.294739,1
9010,0.239546,1
9011,0.704007,0
9012,1.591236,1
9013,0.146863,1
9014,2.872954,1
9015,1.496276,1
9016,4.1195,1
9017,1.607501,0
9018,0.164056,1
9019,0.678516,1
9020,0.906232,0
9021,0.1664,1
9022,0.117464,1
9023,0.384016,0
9024,5.372291,1
9025,3.946231,0
9026,0.984805,1
9027,2.666354,1
9028,0.285206,0
9029,7.212496,1
9030,0.426459,1
9031,0.44116,0
9032,0.665543,0
9033,3.894825,0
9034,1.086822,1
9035,0.518128,0
9036,2.485711,0
9037,0.301933,1
9038,0.352893,1
9039,0.223684,1
9040,1.942974,0
9041,1.280035,1
9042,0.186972,1
9043,0.240319,1
9044,2.956377,0
9045,1.013609,1
9046,0.215899,1
9047,0.335482,1
9048,0.178426,0
9049,0.355119,0
9050,0.213281,1
9051,0.082654,0
9052,3.449785,1
9053,0.783248,1
9054,0.293289,1
9055,2.332583,0
9056,0.117752,1
9057,0.381447,1
9058,0.343302,1
9059,1.062155,1
9060,0.770508,1
9061,0.764609,1
9062,0.288251,1
9063,4.821754,1
9064,1.399365,1
9065,0.587548,1
9066,0.233054,1
9067,3.27532,0
9068,0.289856,0
9069,0.407869,1
9070,1.142164,1
9071,3.152095,1
9072,5.097335,1
9073,0.47069,1
9074,3.083998,1
9075,0.141048,1
9076,0.276122,1
9077,5.740522,0
9078,1.669153,1
9079,4.397673,1
9080,1.644002,1
9081,0.728692,1
9082,0.795665,1
9083,0.744359,0
9084,3.817662,0
9085,0.809028,0
9086,4.777745,0
9087,3.754681,1
9088,3.043704,1
9089,1.77896,0
9090,1.545657,0
9091,1.296058,0
9092,0.432243,0
9093,3.044272,1
9094,0.215744,0
9095,0.209658,0
9096,2.182747,0
9097,0.284693,1
9098,0.494532,1
9099,0.259958,0
9100,0.935153,1
9101,5.444191,1
9102,0.179805,0
9103,0.873564,0
9104,1.07638,1
9105,3.433541,1
9106,0.321599,1
9107,2.733804,1
9108,3.07241,0
9109,0.499248,1
9110,6.705245,1
9111,0.604414,1
9112,1.510451,1
9113,0.271067,1
9114,3.276883,0
9115,1.299455,0
9116,0.848473,1
9117,1.40233,1
9118,2.471801,1
9119,0.27534,1
9120,4.790661,1
9121,0.480688,0
9122,4.242583,0
9123,0.146981,0
9124,0.269484,1
9125,1.595095,1
9126,0.329668,1
9127,0.896833,1
9128,0.116676,1
9129,2.099535,1
9130,4.057805,1
9131,0.175659,0
9132,1.613456,1
9133,5.085947,0
9134,0.927487,1
9135,0.405395,1
9136,2.149639,1
9137,3.816586,1
9138,0.465483,1
9139,0.780555,0
9140,2.180397,0
9141,0.302364,0
9142,2.285633,1
9143,2.222146,0
9144,2.858481,1
9145,0.247822,0
9146,0.142115,0
9147,0.63368,1
9148,0.804211,1
9149,1.193218,1
9150,2.601599,1
9151,0.427034,0
9152,1.738388,1
9153,0.310467,0
9154,1.122258,1
9155,0.390795,1
9156,4.270779,1
9157,1.760499,1
9158,0.377834,1
9159,3.635145,1
9160,1.723507,1
9161,4.857254,0
9162,1.36093,1
9163,3.236426,1
9164,1.255062,1
9165,0.259347,1
9166,2.189629,1
9167,5.452883,0
9168,1.945086,1
9169,0.620126,1
9170,0.15797,1
9171,1.148953,1
9172,6.859896,1
9173,1.131982,1
9174,0.621296,1
9175,2.840702,1
9176,1.197924,0
9177,3.290073,1
9178,2.524629,1
9179,0.31184,0
9180,1.736156,1
9181,2.285456,0
9182,0.208811,0
9183,4.251351,1
9184,4.436458,0
9185,0.366515,1
9186,0.499714,1
9187,1.556033,1
9188,1.113438,0
9189,0.138295,0
9190,2.515304,1
9191,0.952234,1
9192,1.753408,1
9193,1.258526,0
9194,2.235722,0
9195,0.373726,1
9196,4.841891,0
9197,3.612507,1
9198,0.278366,1
9199,0.160889,0
9200,1.413623,1
9201,1.541867,1
9202,1.825319,1
9203,5.543658,1
9204,1.49508,1
9205,5.419901,1
9206,0.105487,0
9207,1.113256,0
9208,0.782724,1
9209,5.401004,1
9210,0.699491,0
9211,4.998765,1
9212,0.157901,1
9213,0.234917,0
9214,3.837865,0
9215,0.788141,1
9216,3.779522,1
9217,0.153789,0
9218,1.892821,1
9219,0.289211,0
9220,1.639815,1
9221,0.36011,0
9222,1.466912,0
9223,0.127483,0
9224,2.169525,1
9225,3.67421,1
9226,3.64159,0
9227,4.538044,1
9228,3.420695,1
9229,2.53579,0
9230,1.361681,1
9231,3.647652,0
9232,2.48511,1
9233,0.680271,1
9234,1.526604,1
9235,0.264073,1
9236,1.721696,1
9237,3.880018,1
9238,0.137477,0
9239,0.154001,0
9240,2.327135,0
9241,4.865734,1
9242,0.860868,1
9243,1.049379,1
9244,0.582614,1
9245,0.492745,1
9246,0.405334,0
9247,3.664285,1
9248,3.034524,1
9249,0.466916,1
9250,0.753297,1
9251,3.064017,0
9252,0.209215,0
9253,0.244734,0
9254,4.196665,1
9255,5.13359,0
9256,0.219436,1
9257,0.507065,0
9258,3.488811,1
9259,4.142138,0
9260,0.209794,0
9261,3.245841,0
9262,4.178203,1
9263,4.166249,1
9264,0.43403,0
9265,0.572606,1
9266,2.450813,0
9267,0.221863,1
9268,4.312402,0
9269,1.130623,1
9270,2.793745,0
9271,2.109986,0
9272,0.187833,0
9273,0.386306,0
9274,0.42306,1
9275,0.228835,1
9276,2.108438,1
9277,1.942577,0
9278,4.190919,1
9279,1.349934,1
9280,0.85368,1
9281,0.613294,1
9282,0.312734,1
9283,0.33288,1
9284,0.604833,1
9285,2.146198,1
9286,1.581969,1
9287,6.021193,1
9288,1.477586,0
9289,3.279057,1
9290,0.285019,0
9291,0.140202,1
9292,0.31444,1
9293,0.74969,1
9294,1.40747,1
9295,1.400225,0
9296,0.330621,1
9297,0.157834,1
9298,3.61158,1
9299,3.280224,1
9300,5.789638,1
9301,0.844647,0
9302,1.014184,1
9303,2.400344,1
9304,0.587544,1
9305,0.705581,0
9306,1.424001,1
9307,4.888681,0
9308,0.594589,1
9309,0.969317,0
9310,0.230377,1
9311,2.87287,1
9312,0.670767,1
9313,0.866295,1
9314,4.176661,1
9315,0.952456,1
9316,3.369643,0
9317,0.302921,1
9318,4.77034,1
9319,4.610146,1
9320,0.286234,1
9321,1.077453,0
9322,2.179145,1
9323,0.239433,1
9324,0.177364,0
9325,0.178754,0
9326,0.522229,1
9327,1.514143,1
9328,3.972282,1
9329,0.651893,0
9330,1.587511,0
9331,0.55875,1
9332,0.703155,0
9333,2.24807,0
9334,2.088709,1
9335,1.03714,1
9336,0.109803,0
9337,3.819955,1
9338,1.051887,1
9339,1.848735,1
9340,0.455286,1
9341,3.867228,1
9342,0.894365,1
9343,0.875996,1
9344,2.08514,1
9345,6.320823,0
9346,1.426557,0
9347,1.733894,0
9348,0.725336,1
9349,0.146128,0
9350,0.111504,0
9351,0.280454,1
9352,2.144046,1
9353,1.87236,0
9354,2.395058,1
9355,0.31076,1
9356,0.271525,1
9357,0.371496,1
9358,3.272043,0
9359,3.13614,1
9360,0.98555,1
9361,1.590449,1
9362,2.037734,1
9363,1.324656,1
9364,1.165345,1
9365,1.242464,1
9366,0.567718,1
9367,5.580824,0
9368,1.09302,1
9369,2.237607,0
9370,0.312317,1
9371,4.540956,1
9372,0.957205,1
9373,4.092412,0
9374,0.184788,0
9375,0.416919,1
9376,0.200099,1
9377,1.832688,1
9378,0.225214,0
9379,1.159907,1
9380,1.035432,0
9381,1.00071,1
9382,2.327544,1
9383,5.111034,0
9384,4.503406,0
9385,1.258476,1
9386,0.788858,1
9387,2.577975,1
9388,1.142422,0
9389,0.383609,1
9390,2.355365,0
9391,0.760636,1
9392,2.190692,0
9393,2.195053,1
9394,1.175461,1
9395,0.361003,0
9396,0.233081,1
9397,0.108782,0
9398,1.130877,1
9399,1.403024,1
9400,0.374905,1
9401,2.039789,1
9402,0.093329,0
9403,0.307033,0
9404,4.070289,1
9405,5.19122,1
9406,0.559,1
9407,0.506106,1
9408,0.280676,1
9409,0.817957,1
9410,0.096977,0
9411,0.161557,1
9412,0.183965,1
9413,1.481862,1
9414,4.231115,1
9415,0.49524,1
9416,0.901368,1
9417,0.599645,1
9418,0.151957,0
9419,0.520284,0
9420,1.403916,1
9421,0.414088,0
9422,2.184356,0
9423,0.707449,0
9424,3.964537,1
9425,5.691887,0
9426,0.542876,0
9427,0.307027,0
9428,1.352592,1
9429,2.784795,0
9430,0.618331,1
9431,2.193374,0
9432,1.692237,1
9433,0.782158,1
9434,0.598928,1
9435,1.087834,1
9436,0.63504,0
9437,0.550163,1
9438,2.00872,1
9439,1.38968,1
9440,0.608907,1
9441,0.152948,1
9442,5.21901,0
9443,0.341776,1
9444,2.711534,1
9445,0.183127,1
9446,0.125137,0
9447,2.377719,0
9448,0.199228,1
9449,0.102635,0
9450,2.312666,1
9451,2.874622,0
9452,2.565041,0
9453,4.712664,0
9454,0.860038,1
9455,0.863755,1
9456,4.70006,1
9457,0.952628,1
9458,0.166939,1
9459,2.368196,1
9460,0.423273,1
9461,1.359347,0
9462,3.428544,0
9463,0.995707,1
9464,2.482588,0
9465,1.387085,0
9466,3.196691,0
9467,2.560666,1
9468,1.724408,1
9469,0.324742,0
9470,2.189278,1
9471,2.965576,1
9472,4.051957,1
9473,3.873726,1
9474,0.761044,1
9475,0.323927,1
9476,2.603312,0
9477,0.891477,1
9478,2.045359,0
9479,1.217553,1
9480,0.332644,1
9481,3.226445,1
9482,0.445632,1
9483,2.463472,1
9484,0.318445,1
9485,0.747246,1
9486,4.722849,1
9487,0.175647,0
9488,2.646448,0
9489,0.492048,1
9490,0.367393,0
9491,2.83909,0
9492,0.928147,1
9493,0.634565,0
9494,0.440864,0
9495,0.505067,1
9496,2.430768,1
9497,4.736022,1
9498,4.407977,1
9499,2.422638,1
9500,1.815386,1
9501,1.326566,1
9502,5.787938,1
9503,2.065727,0
9504,2.665296,1
9505,1.355102,1
9506,2.809072,1
9507,3.046457,1
9508,4.721735,1
9509,0.777227,0
9510,0.212014,0
9511,0.768731,1
9512,0.361085,1
9513,0.934986,0
9514,0.779862,1
9515,0.257136,1
9516,1.126262,0
9517,4.448859,0
9518,0.486223,1
9519,1.506007,0
9520,0.766053,1
9521,1.176788,0
9522,1.489088,1
9523,5.522689,0
9524,2.152749,0
9525,1.489481,0
9526,0.382555,1
9527,0.697676,1
9528,2.970326,0
9529,1.996167,1
9530,0.561711,1
9531,5.02398,1
9532,0.541242,1
9533,4.675716,1
9534,3.019027,1
9535,1.486923,1
9536,1.624615,1
9537,1.019716,1
9538,1.818824,1
9539,0.517631,0
9540,0.763288,0
9541,1.023325,1
9542,0.660073,1
9543,0.082484,0
9544,0.136188,0
9545,1.036144,1
9546,0.482744,1
9547,0.483092,1
9548,3.973514,1
9549,1.381428,1
9550,3.969947,1
9551,0.676419,0
9552,0.933327,1
9553,1.197893,1
9554,4.19615,1
9555,0.122838,0
9556,4.276381,0
9557,0.285566,1
9558,4.989388,1
9559,2.071126,1
9560,0.527718,1
9561,0.419059,1
9562,0.241878,1
9563,1.364197,1
9564,0.567329,1
9565,0.531713,1
9566,0.697388,1
9567,0.467084,0
9568,0.381859,0
9569,1.274337,1
9570,0.705527,1
9571,0.609515,1
9572,2.276449,1
9573,1.416143,1
9574,1.748377,0
9575,1.053448,1
9576,0.88653,1
9577,1.608556,0
9578,0.706568,0
9579,0.404461,1
9580,2.766885,0
9581,4.091371,0
9582,0.17308,1
9583,0.158929,0
9584,0.729089,1
9585,2.900223,1
9586,1.741251,1
9587,0.47552,1
9588,2.572333,1
9589,4.677188,0
9590,2.37541,0
9591,1.820714,0
9592,2.165057,1
9593,2.442113,0
9594,0.62846,0
9595,0.272605,1
9596,0.309173,1
9597,0.805504,1
9598,1.816467,1
9599,1.891294,1
9600,0.542984,1
9601,8.168825,1
9602,0.790684,1
9603,0.565852,1
9604,0.460344,1
9605,0.93492,1
9606,1.813344,1
9607,0.444414,1
9608,2.244457,1
9609,0.592452,1
9610,1.209575,1
9611,5.340975,1
9612,0.953085,1
9613,0.089471,0
9614,1.742227,0
9615,0.128362,0
9616,1.733924,1
9617,1.895376,1
9618,0.529933,1
9619,1.575828,0
9620,4.874302,0
9621,0.802982,1
9622,1.033404,0
9623,2.392422,1
9624,0.585961,1
9625,4.079178,1
9626,0.251932,1
9627,0.559056,1
9628,0.565452,1
9629,1.371629,1
9630,2.755981,0
9631,2.931714,0
9632,1.636423,0
9633,0.575126,1
9634,0.450276,1
9635,3.22956,0
9636,0.260241,1
9637,2.715764,1
9638,1.481493,1
9639,2.336325,0
9640,1.343943,1
9641,3.348414,1
9642,0.874823,1
9643,4.903063,0
9644,0.112474,0
9645,0.836782,1
9646,0.308109,1
9647,1.692279,1
9648,0.533964,1
9649,1.266378,1
9650,2.055013,1
9651,3.830384,1
9652,0.35774,1
9653,0.470573,0
9654,1.689661,1
9655,3.904076,1
9656,2.455616,1
9657,0.602676,0
9658,1.341432,1
9659,0.372644,1
9660,0.67339,0
9661,0.464174,0
9662,4.48209,0
9663,4.074717,1
9664,0.138456,1
9665,0.387487,1
9666,5.114387,1
9667,0.1398,0
9668,6.200114,0
9669,4.119998,1
9670,1.346243,1
9671,1.610489,1
9672,4.110895,1
9673,0.214433,0
9674,0.149613,1
9675,1.822831,1
9676,0.307088,0
9677,0.531997,1
9678,1.368573,0
9679,2.311356,0
9680,1.849131,0
9681,0.099487,0
9682,0.486703,1
9683,3.615056,1
9684,3.465237,1
9685,2.212406,1
9686,0.692258,1
9687,0.404003,1
9688,0.928956,0
9689,0.276912,1
9690,1.993494,1
9691,0.292285,1
9692,1.259838,1
9693,0.798709,1
9694,1.973652,1
9695,2.893446,1
9696,0.166236,1
9697,0.926673,0
9698,4.198346,0
9699,0.578601,0
9700,3.12496,1
9701,1.334957,0
9702,0.108761,0
9703,2.355732,1
9704,4.588797,1
9705,2.269687,0
9706,1.922699,0
9707,0.493792,1
9708,3.021335,0
9709,0.537519,1
9710,0.367179,0
9711,3.478648,1
9712,1.859672,1
9713,1.672314,0
9714,4.79355,1
9715,0.744238,1
9716,0.565055,0
9717,0.623031,1
9718,0.890038,1
9719,0.677201,1
9720,0.767411,1
9721,0.474475,1
9722,1.641294,1
9723,2.197614,1
9724,0.600907,1
9725,3.542333,0
9726,1.059865,0
9727,1.347064,1
9728,0.876489,0
9729,1.750121,1
9730,0.568421,1
9731,4.582174,0
9732,0.281899,1
9733,0.713198,1
9734,0.394841,1
9735,0.959575,1
9736,4.308281,0
9737,0.214409,1
9738,0.90786,0
9739,0.373155,1
9740,0.61851,1
9741,1.622032,0
9742,0.119792,0
9743,1.966711,1
9744,0.505725,1
9745,0.258971,0
9746,0.344563,1
9747,0.248551,1
9748,1.428422,1
9749,0.888783,0
9750,3.023848,1
9751,0.711597,1
9752,0.049512,0
9753,2.138731,1
9754,0.962782,1
9755,0.627375,1
9756,0.665362,0
9757,0.81975,1
9758,1.48031,0
9759,3.833099,1
9760,3.993652,0
9761,1.18228,1
9762,5.267065,1
9763,2.792026,1
9764,1.594886,1
9765,1.39015,1
9766,3.599701,1
9767,0.337714,1
9768,1.978095,0
9769,2.496953,1
9770,1.319343,1
9771,2.170147,1
9772,3.819952,0
9773,0.544827,1
9774,1.566801,0
9775,1.499893,1
9776,5.126186,1
9777,0.81,1
9778,0.169764,1
9779,0.117153,1
9780,0.90278,1
9781,5.408913,0
9782,0.210649,0
9783,0.123397,0
9784,1.825135,1
9785,1.593561,0
9786,4.503389,1
9787,0.338403,0
9788,0.45029,1
9789,1.361762,1
9790,0.438078,1
9791,0.142621,0
9792,0.789322,0
9793,2.21381,0
9794,4.799233,0
9795,0.809909,1
9796,1.289685,1
9797,1.427384,1
9798,1.95908,1
9799,3.164277,1
9800,5.464183,0
9801,1.76515,0
9802,2.24538,1
9803,0.16298,1
9804,0.122661,0
9805,1.922655,1
9806,3.333347,0
9807,0.153951,1
9808,0.722886,1
9809,1.657086,1
9810,4.790185,1
9811,1.91202,1
9812,0.448713,1
9813,0.487098,1
9814,0.302934,1
9815,4.724923,0
9816,0.269967,0
9817,1.88178,1
9818,0.499195,1
9819,0.49445,0
9820,1.184872,1
9821,0.551797,1
9822,0.237974,1
9823,0.41578,1
9824,5.225342,1
9825,1.356714,1
9826,3.67102,0
9827,1.273015,0
9828,3.831044,1
9829,1.126051,0
9830,0.545048,0
9831,0.141823,0
9832,0.57727,1
9833,6.434852,0
9834,0.506691,1
9835,0.993478,1
9836,2.848659,0
9837,6.899186,0
9838,2.611327,1
9839,1.200888,1
9840,0.82593,1
9841,0.638185,1
9842,0.242419,0
9843,0.567824,1
9844,0.176287,1
9845,1.7765,0
9846,1.340264,1
9847,0.201388,1
9848,0.186534,1
9849,1.025757,0
9850,0.4278,1
9851,1.131327,1
9852,0.186652,1
9853,0.407266,0
9854,1.787505,1
9855,0.779746,1
9856,1.844455,1
9857,0.555177,1
9858,4.022108,0
9859,1.615734,1
9860,3.678936,1
9861,0.978457,1
9862,4.48315,0
9863,2.215338,0
9864,1.337008,1
9865,2.061057,0
9866,0.548602,0
9867,0.850866,1
9868,1.260678,1
9869,2.220204,1
9870,0.32954,1
9871,0.220575,0
9872,0.407251,1
9873,4.354959,0
9874,2.450936,1
9875,4.798101,0
9876,1.234465,0
9877,0.263989,1
9878,0.191994,0
9879,3.704473,0
9880,0.150622,0
9881,0.132202,0
9882,0.412909,1
9883,0.31165,0
9884,0.34011,0
9885,2.553795,1
9886,0.387256,1
9887,0.371318,1
9888,6.27527,1
9889,2.039384,1
9890,3.21537,1
9891,0.199977,0
9892,0.494711,1
9893,0.658587,1
9894,0.313638,1
9895,4.301527,1
9896,4.744686,0
9897,3.113428,1
9898,0.293778,1
9899,3.971167,1
9900,5.927948,0
9901,0.748241,0
9902,2.166742,1
9903,1.079477,1
9904,1.606907,0
9905,3.89875,0
9906,1.330104,1
9907,0.145063,0
9908,3.870607,1
9909,0.56633,1
9910,1.620667,1
9911,0.177275,1
9912,2.495822,1
9913,0.561082,1
9914,0.417592,1
9915,4.398022,0
9916,1.175067,0
9917,1.498998,0
9918,0.425184,1
9919,1.856462,1
9920,0.661297,1
9921,1.757178,0
9922,3.130255,1
9923,0.224975,0
9924,1.611738,0
9925,4.017598,0
9926,0.853294,1
9927,0.246015,1
9928,4.026284,1
9929,0.972471,1
9930,0.221284,1
9931,0.397876,1
9932,2.201054,0
9933,0.229861,1
9934,2.21985,0
9935,0.346466,1
9936,1.217359,0
9937,5.356199,0
9938,2.142852,1
9939,0.504555,1
9940,3.819799,0
9941,2.299636,1
9942,0.174352,0
9943,1.001702,1
9944,1.541092,1
9945,0.486216,1
9946,0.610996,1
9947,0.28168,1
9948,0.502614,1
9949,0.23799,1
9950,2.903097,1
9951,1.275628,1
9952,1.472468,0
9953,3.095316,1
9954,1.320549,0
9955,2.138077,0
9956,0.684113,1
9957,3.87815,1
9958,0.396185,1
9959,0.584986,1
9960,1.34383,1
9961,0.128175,1
9962,1.076784,0
9963,0.233944,0
9964,0.225569,0
9965,0.452755,1
9966,0.816148,1
9967,4.762642,0
9968,2.954269,0
9969,1.259801,0
9970,4.008703,0
9971,3.34795,1
9972,1.736971,0
9973,1.873958,1
9974,3.85832,0
9975,4.883052,0
9976,0.355785,0
9977,1.684711,1
9978,1.767817,1
9979,0.256343,0
9980,1.886881,1
9981,4.05402,0
9982,4.047697,0
9983,2.700428,1
9984,0.603631,1
9985,0.692484,1
9986,0.201562,1
9987,0.733995,1
9988,0.165724,1
9989,0.22544,0
9990,0.723128,1
9991,0.343508,0
9992,2.050168,1
9993,0.03226,0
9994,2.09071,0
9995,3.174458,0
9996,0.505725,1
9997,0.296146,1
9998,4.796502,1
9999,2.305236,0
10000,5.438498,1
10001,1.365757,1
10002,3.819564,1
10003,0.415667,0
10004,1.660145,1
10005,1.116838,0
10006,0.757083,0
10007,2.595787,1
10008,0.664915,0
10009,3.088416,1
10010,2.042988,1
10011,0.140488,0
10012,4.610145,1
10013,0.32168,1
10014,0.200066,1
10015,1.08339,1
10016,0.85103,1
10017,1.467082,1
10018,3.180336,0
10019,1.351081,0
10020,4.619663,1
10021,1.00722,0
10022,0.405646,0
10023,0.575047,1
10024,6.54888,0
10025,0.200072,0
10026,0.777056,1
10027,0.283097,0
10028,4.385588,0
10029,2.78231,0
10030,0.122749,0
10031,1.865663,1
10032,2.297901,0
10033,0.33032,1
10034,5.878494,0
10035,4.114947,1
10036,3.849166,0
10037,1.79493,1
10038,2.258313,1
10039,0.179067,0
10040,4.599661,0
10041,5.364218,1
10042,3.069777,0
10043,1.70691,1
10044,5.634753,0
10045,0.191983,1
10046,0.916929,1
10047,4.068671,0
10048,1.162049,0
10049,0.298669,1
10050,1.697346,1
10051,1.532752,0
10052,3.203406,1
10053,1.514331,1
10054,0.448583,1
10055,0.137138,0
10056,0.326325,1
10057,0.572227,0
10058,0.493722,1
10059,0.200167,1
10060,1.490237,0
10061,0.572758,1
10062,2.23983,0
10063,6.191295,0
10064,0.196753,1
10065,3.554511,0
10066,2.286641,1
10067,2.051851,1
10068,2.058331,0
10069,1.979796,1
10070,0.807523,1
10071,1.072403,1
10072,0.184511,1
10073,6.472256,1
10074,3.073032,1
10075,1.844803,1
10076,0.498128,1
10077,1.980099,0
10078,0.514782,0
10079,0.592081,1
10080,4.234662,0
10081,1.313664,1
10082,0.225711,1
10083,1.742616,0
10084,0.406027,1
10085,1.085171,1
10086,0.307602,1
10087,3.923951,0
10088,4.588864,0
10089,2.369769,0
10090,0.128647,1
10091,1.127763,1
10092,3.146574,0
10093,0.538585,1
10094,1.564126,1
10095,0.258309,1
10096,0.494256,0
10097,1.972048,1
10098,4.415035,1
10099,0.869922,1
10100,0.455433,0
10101,0.217772,1
10102,4.753232,0
10103,0.680067,1
10104,0.268117,1
10105,0.226243,0
10106,2.910323,1
10107,0.330886,1
10108,3.555349,0
10109,0.457567,0
10110,2.07056,0
10111,0.806368,1
10112,0.270953,1
10113,0.373286,0
10114,1.501287,0
10115,0.851507,0
10116,2.138959,1
10117,4.397843,0
10118,4.553934,1
10119,0.377092,1
10120,0.419182,1
10121,0.386381,1
10122,0.92289,1
10123,3.402539,0
10124,0.866405,1
10125,0.602595,1
10126,0.852275,1
10127,0.335166,1
10128,0.53723,1
10129,0.638829,1
10130,1.218503,1
10131,0.614365,1
10132,3.738683,1
10133,0.676371,1
10134,4.438677,0
10135,2.398749,1
10136,1.280473,1
10137,2.636506,1
10138,0.663749,1
10139,2.231963,1
10140,0.635599,1
10141,0.347433,1
10142,0.427324,1
10143,2.24321,1
10144,0.485085,1
10145,0.659916,1
10146,1.046413,1
10147,0.173079,1
10148,0.21338,0
10149,5.588307,0
10150,0.622378,1
10151,0.165813,0
10152,0.199736,1
10153,5.522205,1
10154,0.471088,0
10155,0.825245,1
10156,6.019086,1
10157,0.501889,1
10158,2.340411,1
10159,3.600329,0
10160,1.855797,0
10161,0.623217,1
10162,4.121733,0
10163,0.216261,1
10164,1.107609,1
10165,5.400807,0
10166,0.33838,1
10167,2.116224,1
10168,2.066091,1
10169,4.040017,0
10170,0.437639,1
10171,1.048886,1
10172,1.639799,1
10173,0.205769,1
10174,1.452154,1
10175,2.185906,1
10176,0.201265,1
10177,0.53218,0
10178,1.296546,0
10179,2.83412,0
10180,1.134996,1
10181,0.32526,1
10182,0.971409,0
10183,0.202743,1
10184,0.382754,0
10185,3.711432,1
10186,1.299377,0
10187,0.510147,0
10188,0.217845,1
10189,0.26383,0
10190,4.033775,0
10191,2.909768,0
10192,0.355572,1
10193,1.736991,0
10194,0.286474,1
10195,5.466317,1
10196,1.085282,0
10197,0.54047,0
10198,2.609341,0
10199,0.64524,1
10200,1.433725,1
10201,2.964416,1
10202,0.19285,1
10203,1.875741,0
10204,1.324596,1
10205,0.850892,1
10206,2.403365,1
10207,0.168855,0
10208,0.666272,1
10209,1.485211,1
10210,1.213858,1
10211,1.810992,1
10212,0.256045,0
10213,1.284585,1
10214,0.605707,0
10215,1.006656,1
10216,0.35604,1
10217,0.891714,1
10218,0.344286,1
10219,0.667894,1
10220,0.913125,1
10221,2.103235,0
10222,1.594406,1
10223,0.441168,1
10224,4.259648,1
10225,1.445233,0
10226,0.358437,1
10227,2.802014,0
10228,1.358735,1
10229,0.935874,1
10230,0.968208,0
10231,0.834221,1
10232,0.762187,0
10233,0.579221,1
10234,4.859366,1
10235,0.324389,1
10236,1.896232,1
10237,1.357156,1
10238,4.027563,0
10239,0.985011,0
10240,0.288284,1
10241,0.162113,0
10242,0.15158,0
10243,4.605546,1
10244,1.663498,0
10245,3.644379,1
10246,0.43962,1
10247,0.303202,0
10248,4.261132,0
10249,2.393467,1
10250,0.297782,1
10251,4.391874,0
10252,0.220759,1
10253,3.226706,1
10254,0.106461,0
10255,4.845252,0
10256,0.355361,1
10257,2.124229,1
10258,0.260782,1
10259,4.264103,1
10260,0.360357,1
10261,2.808591,1
10262,0.259902,0
10263,0.974587,0
10264,1.412084,1
10265,3.840018,0
10266,0.647543,1
10267,0.065815,0
10268,0.406457,1
10269,0.46933,1
10270,0.716043,1
10271,4.988817,0
10272,0.628666,1
10273,0.160489,0
10274,3.749516,1
10275,1.840664,1
10276,0.252384,1
10277,0.545229,0
10278,0.599368,1
10279,0.500726,1
10280,1.768028,0
10281,2.700831,0
10282,4.391128,1
10283,1.383504,1
10284,0.480823,1
10285,3.45318,1
10286,0.899978,0
10287,1.783516,0
10288,0.102878,0
10289,0.468672,0
10290,0.550261,1
10291,0.754228,1
10292,0.947902,1
10293,0.696583,1
10294,2.272015,0
10295,3.734609,0
10296,0.498917,1
10297,2.765929,0
10298,2.105789,0
10299,0.252035,1
10300,1.676715,1
10301,1.379082,1
10302,4.175822,0
10303,1.181029,1
10304,2.06459,0
10305,0.600821,1
10306,1.660157,1
10307,0.330476,0
10308,0.363203,0
10309,3.555757,0
10310,0.31103,0
10311,1.901262,1
10312,0.42573,0
10313,0.180125,0
10314,0.412495,1
10315,1.00094,1
10316,1.593688,0
10317,0.310925,1
10318,1.020355,0
10319,0.12704,0
10320,0.951685,1
10321,3.401032,1
10322,0.204042,0
10323,0.916982,1
10324,0.518647,0
10325,1.943509,1
10326,1.45008,0
10327,0.242223,1
10328,3.61049,1
10329,1.026359,0
10330,2.287764,1
10331,0.242227,0
10332,2.079313,1
10333,0.628745,0
10334,6.321754,0
10335,5.704658,1
10336,0.237929,1
10337,2.267496,1
10338,0.289611,1
10339,4.482285,0
10340,2.642188,0
10341,0.787096,0
10342,0.949698,1
10343,0.278625,0
10344,2.360577,0
10345,1.723338,1
10346,0.438296,1
10347,0.25713,0
10348,2.582446,1
10349,3.308772,1
10350,0.786758,1
10351,0.689181,1
10352,2.863091,1
10353,0.321335,1
10354,1.757617,1
10355,2.976465,0
10356,0.376283,0
10357,1.643156,0
10358,0.945265,1
10359,1.718943,1
10360,0.236816,0
10361,0.687931,1
10362,1.726063,1
10363,3.746324,1
10364,0.254348,1
10365,0.806653,1
10366,0.728669,1
10367,4.101353,0
10368,0.159449,0
10369,0.66264,1
10370,0.132849,1
10371,0.923918,1
10372,0.184241,1
10373,0.221875,1
10374,1.261999,0
10375,0.381662,0
10376,3.148163,1
10377,0.194366,0
10378,3.036447,1
10379,0.261093,1
10380,0.249375,1
10381,2.993857,0
10382,0.138363,0
10383,0.745777,1
10384,4.293957,1
10385,0.560547,1
10386,1.492845,1
10387,0.294251,0
10388,0.105104,1
10389,5.00886,1
10390,0.415879,1
10391,1.806836,1
10392,2.742735,1
10393,2.041394,1
10394,2.308973,1
10395,1.295531,1
10396,1.33946,1
10397,0.508168,1
10398,0.980739,1
10399,0.837093,1
10400,2.406911,1
10401,2.341156,1
10402,1.754125,1
10403,4.548786,1
10404,0.883675,0
10405,0.236693,1
10406,0.103414,0
10407,0.976685,1
10408,0.220881,1
10409,3.951128,1
10410,2.292839,1
10411,2.72793,1
10412,0.192753,1
10413,2.829748,1
10414,3.780078,1
10415,2.690835,1
10416,5.441888,0
10417,0.994603,1
10418,0.14891,0
10419,0.53029,1
10420,0.213542,0
10421,2.238689,1
10422,0.479085,1
10423,0.617024,1
10424,0.449306,1
10425,3.98916,1
10426,0.924178,1
10427,0.145392,0
10428,0.396345,1
10429,3.552378,1
10430,2.942623,1
10431,0.260178,1
10432,0.150692,1
10433,2.545568,0
10434,0.175809,1
10435,0.191871,0
10436,4.479576,1
10437,1.688608,0
10438,3.880929,1
10439,2.08172,1
10440,2.802358,0
10441,0.596832,1
10442,0.644888,1
10443,1.152785,0
10444,0.495711,1
10445,1.030548,1
10446,0.282964,1
10447,0.871728,1
10448,4.794061,1
10449,1.829278,1
10450,2.399005,0
10451,1.690515,1
10452,1.25176,1
10453,1.792156,1
10454,0.303179,0
10455,0.155432,0
10456,0.284923,0
10457,0.283882,1
10458,0.388837,1
10459,0.121178,0
10460,3.912434,0
10461,4.753911,0
10462,1.026537,1
10463,0.928976,1
10464,1.062343,0
10465,0.173638,0
10466,0.254777,1
10467,0.092828,0
10468,1.747545,0
10469,1.591963,1
10470,1.462429,1
10471,4.146939,0
10472,0.456255,1
10473,0.449239,1
10474,0.54803,1
10475,2.772612,1
10476,1.321003,0
10477,0.218814,0
10478,0.303646,0
10479,2.647021,1
10480,0.769192,0
10481,0.9091,1
10482,0.668483,1
10483,5.168613,1
10484,0.248479,0
10485,2.326833,0
10486,0.469913,1
10487,2.56157,1
10488,2.273401,1
10489,4.785093,1
10490,2.184152,1
10491,2.36657,1
10492,0.195143,0
10493,1.156532,1
10494,7.613884,0
10495,0.570955,1
10496,1.673205,1
10497,1.600025,1
10498,0.2729,1
10499,0.872279,1
10500,0.318287,1
10501,1.598524,1
10502,0.203442,1
10503,1.266013,0
10504,0.231867,0
10505,3.339709,1
10506,0.516047,1
10507,0.13015,1
10508,2.229835,0
10509,4.0449,1
10510,0.849015,0
10511,0.207237,0
10512,6.379351,1
10513,0.464072,1
10514,6.595197,1
10515,1.796668,1
10516,1.990358,0
10517,0.346897,1
10518,2.424605,0
10519,1.991685,1
10520,4.160363,1
10521,6.733532,1
10522,1.920393,1
10523,6.612388,0
10524,0.755777,1
10525,0.270047,1
10526,0.258134,1
10527,4.152718,0
10528,0.566784,1
10529,0.250953,0
10530,2.490954,1
10531,0.159825,0
10532,0.274966,1
10533,4.643777,0
10534,0.177681,1
10535,1.986112,1
10536,0.623516,0
10537,1.468092,1
10538,0.636897,1
10539,2.548526,1
10540,2.402188,0
10541,0.871486,0
10542,3.237753,0
10543,0.094071,0
10544,4.240478,1
10545,0.479648,0
10546,0.375591,1
10547,0.578559,1
10548,0.607359,1
10549,1.114619,1
10550,0.959664,0
10551,4.885304,0
10552,0.807787,1
10553,2.514221,1
10554,0.190562,0
10555,4.824182,1
10556,1.273079,0
10557,0.591057,0
10558,0.572321,0
10559,2.984824,0
10560,2.275913,0
10561,1.819389,0
10562,0.329754,1
10563,0.187707,1
10564,0.141552,0
10565,0.163891,0
10566,0.95437,0
10567,4.396809,1
10568,0.269157,1
10569,1.88908,1
10570,0.16471,0
10571,2.047929,0
10572,0.540471,1
10573,0.357423,1
10574,0.528333,0
10575,0.688285,1
10576,0.261816,1
10577,1.607805,1
10578,1.978858,1
10579,0.827789,1
10580,3.045632,0
10581,0.699088,0
10582,0.261017,1
10583,0.411137,0
10584,1.821418,1
10585,0.611084,1
10586,0.665127,1
10587,3.497218,1
10588,0.524176,0
10589,2.145321,1
10590,1.607585,1
10591,1.84832,1
10592,0.890446,0
10593,1.494008,1
10594,2.210828,1
10595,3.215693,1
10596,4.427606,1
10597,4.340772,1
10598,3.781878,1
10599,0.238752,0
10600,3.274072,0
10601,2.378737,1
10602,5.296269,1
10603,0.565905,1
10604,5.188412,0
10605,0.596247,0
10606,1.134029,1
10607,2.480193,1
10608,2.883314,0
10609,0.247217,0
10610,4.092486,1
10611,0.44577,1
10612,2.827914,0
10613,3.928337,1
10614,0.122323,0
10615,0.146902,1
10616,0.34056,0
10617,0.356808,0
10618,5.4534,0
10619,3.393416,1
10620,0.300192,1
10621,0.186244,1
10622,1.644804,1
10623,0.12238,0
10624,0.491625,0
10625,1.597139,0
10626,0.280201,0
10627,2.471461,1
10628,2.995367,1
10629,0.267141,1
10630,1.331575,1
10631,3.540865,0
10632,0.809618,1
10633,1.203928,1
10634,2.331808,1
10635,3.466075,1
10636,1.57926,1
10637,3.382168,1
10638,2.533222,0
10639,0.262725,0
10640,0.617707,1
10641,0.341182,1
10642,2.391277,1
10643,0.547005,0
10644,2.990927,0
10645,0.729336,1
10646,0.74019,0
10647,0.558325,1
10648,2.309844,1
10649,3.427334,1
10650,0.248518,0
10651,1.60181,1
10652,2.133157,1
10653,0.497354,1
10654,2.712017,1
10655,3.147202,1
10656,0.222654,0
10657,0.269869,0
10658,2.174823,0
10659,3.394131,0
10660,2.509579,1
10661,1.866296,1
10662,3.128284,1
10663,3.782212,1
10664,3.360448,0
10665,1.551701,1
10666,2.611649,0
10667,4.014492,1
10668,1.895759,0
10669,1.47321,1
10670,2.283361,0
10671,3.928459,1
10672,1.523087,1
10673,5.326322,0
10674,1.866128,1
10675,0.257916,0
10676,2.558929,0
10677,2.014846,0
10678,1.617495,1
10679,4.074812,1
10680,3.727997,1
10681,6.243107,1
10682,0.378175,0
10683,4.008172,1
10684,2.336085,1
10685,0.947237,1
10686,0.296919,1
10687,0.798946,1
10688,1.565625,1
10689,2.43463,1
10690,4.181254,0
10691,2.281446,0
10692,1.567147,1
10693,0.644751,1
10694,0.278447,0
10695,0.173151,1
10696,0.421839,0
10697,0.773256,1
10698,3.981908,0
10699,1.782623,1
10700,0.860806,1
10701,1.477143,1
10702,5.942974,1
10703,0.559842,1
10704,0.669708,0
10705,0.772606,0
10706,3.287672,1
10707,3.06847,1
10708,0.243264,0
10709,0.141694,1
10710,2.903295,1
10711,0.304177,1
10712,2.469724,1
10713,0.707866,1
10714,0.114658,0
10715,1.606395,1
10716,3.220296,1
10717,0.265397,1
10718,1.763081,1
10719,0.998956,1
10720,0.351023,0
10721,0.243992,1
10722,0.217753,1
10723,2.80482,0
10724,1.172485,0
10725,0.813485,1
10726,2.481008,0
10727,2.444021,1
10728,0.812453,1
10729,0.227199,1
10730,0.451674,0
10731,0.87264,0
10732,1.953321,0
10733,1.902853,1
10734,4.950565,1
10735,0.453463,1
10736,2.08959,0
10737,0.30112,0
10738,0.293901,1
10739,0.571901,1
10740,3.229007,0
10741,0.24262,0
10742,0.13992,1
10743,2.496737,1
10744,1.846871,1
10745,1.806644,0
10746,0.29674,0
10747,1.080428,1
10748,0.348025,1
10749,2.835343,1
10750,4.052775,1
10751,1.358188,1
10752,0.246878,1
10753,0.182869,1
10754,1.009799,1
10755,1.897512,1
10756,0.565069,0
10757,1.848239,1
10758,0.161672,0
10759,5.47006,1
10760,4.601315,1
10761,1.208063,1
10762,0.669649,1
10763,6.410775,1
10764,2.217069,1
10765,0.239232,1
10766,0.265587,1
10767,0.762657,1
10768,0.42843,1
10769,0.590699,0
10770,0.702577,0
10771,3.02756,0
10772,0.382374,1
10773,0.78356,1
10774,2.609437,0
10775,1.33701,1
10776,4.005447,0
10777,0.519104,1
10778,0.654185,1
10779,0.27617,1
10780,1.284467,0
10781,4.340521,1
10782,3.568032,1
10783,0.983841,0
10784,0.152209,1
10785,6.556685,0
10786,1.88589,1
10787,3.684031,1
10788,1.144862,1
10789,4.347591,0
10790,1.429033,1
10791,0.64618,1
10792,2.879263,1
10793,5.240819,1
10794,2.046742,0
10795,0.276216,1
10796,0.214804,1
10797,1.323471,0
10798,1.080054,1
10799,0.256326,1
10800,1.177102,1
10801,3.652226,1
10802,0.187336,0
10803,3.729033,1
10804,2.231945,1
10805,0.36436,1
10806,0.138251,1
10807,0.918336,1
10808,1.995707,1
10809,1.578099,1
10810,1.780668,1
10811,0.168158,1
10812,0.500076,0
10813,4.42487,1
10814,3.712682,1
10815,2.73725,1
10816,1.090619,0
10817,0.51984,0
10818,2.23078,0
10819,0.233851,0
10820,1.168756,1
10821,3.932071,1
10822,1.122819,1
10823,1.344915,1
10824,2.10832,1
10825,3.697197,1
10826,0.096432,0
10827,0.438462,1
10828,0.116527,1
10829,2.924777,1
10830,0.950255,1
10831,1.771313,1
10832,0.304622,1
10833,5.748192,1
10834,4.470434,1
10835,0.131992,0
10836,0.226323,0
10837,1.321304,1
10838,0.184469,1
10839,0.487916,1
10840,1.496655,1
10841,0.517423,0
10842,0.187957,0
10843,3.648779,0
10844,0.197979,0
10845,0.723,1
10846,0.118308,0
10847,0.165643,1
10848,0.533117,1
10849,0.308082,1
10850,0.530942,1
10851,0.574589,1
10852,0.486487,0
10853,2.133643,1
10854,0.411477,0
10855,2.577016,1
10856,0.44953,1
10857,0.492222,1
10858,3.382063,0
10859,0.404316,1
10860,0.298493,0
10861,0.551832,1
10862,3.066268,1
10863,0.772431,1
10864,0.232353,1
10865,2.192486,1
10866,1.362894,1
10867,0.490699,1
10868,0.226199,1
10869,0.267725,1
10870,4.487144,0
10871,1.991756,1
10872,2.300198,1
10873,2.169039,1
10874,1.981114,1
10875,0.277514,1
10876,0.585731,1
10877,1.387072,1
10878,4.418039,0
10879,1.254116,0
10880,3.563335,1
10881,2.043195,0
10882,0.186519,1
10883,0.401571,0
10884,0.169391,0
10885,0.490372,1
10886,0.277952,1
10887,0.119999,1
10888,6.209678,0
10889,0.419176,0
10890,0.272989,0
10891,1.026603,1
10892,0.596587,1
10893,0.758342,1
10894,3.539195,0
10895,0.620638,0
10896,2.182167,0
10897,2.482143,0
10898,2.388625,1
10899,1.207924,1
10900,2.167945,1
10901,1.20874,1
10902,0.76154,1
10903,0.205977,0
10904,0.175134,1
10905,6.089002,0
10906,2.538409,1
10907,2.145067,0
10908,4.126178,0
10909,0.219529,1
10910,3.125772,1
10911,0.331153,0
10912,3.594375,0
10913,1.187923,0
10914,0.562882,1
10915,4.575891,0
10916,1.195751,1
10917,0.520322,1
10918,3.647093,0
10919,1.315075,1
10920,5.743851,1
10921,1.291937,0
10922,1.714797,1
10923,5.726895,0
10924,0.278065,1
10925,0.285009,0
10926,1.513152,1
10927,1.500093,1
10928,0.816498,1
10929,0.293028,0
10930,0.382471,1
10931,4.818179,1
10932,4.260853,1
10933,5.662194,1
10934,0.419066,1
10935,2.40849,1
10936,0.296117,1
10937,5.479987,1
10938,0.47173,0
10939,2.764419,1
10940,2.142671,1
10941,1.572729,0
10942,0.781079,1
10943,2.177116,1
10944,2.680893,1
10945,1.729881,1
10946,0.562271,1
10947,0.41354,1
10948,0.747773,1
10949,3.666867,1
10950,4.25215,0
10951,0.362663,0
10952,0.580839,1
10953,0.856835,1
10954,0.384356,1
10955,1.023756,1
10956,0.383142,0
10957,1.191564,1
10958,0.56189,1
10959,5.453007,1
10960,0.24796,0
10961,0.095872,0
10962,1.469697,0
10963,3.781832,1
10964,1.429817,1
10965,1.761013,0
10966,1.204888,1
10967,3.996974,0
10968,0.499252,1
10969,1.064476,1
10970,1.720897,0
10971,0.306102,0
10972,1.277326,0
10973,0.522043,1
10974,1.007116,1
10975,0.832996,1
10976,5.916908,0
10977,1.281366,0
10978,0.180788,0
10979,3.573832,0
10980,2.2552,0
10981,4.257295,1
10982,0.654345,0
10983,3.46266,1
10984,0.312383,1
10985,2.282498,1
10986,1.428208,1
10987,0.283303,1
10988,2.073142,0
10989,0.904208,1
10990,0.273114,1
10991,1.619934,1
10992,0.332284,1
10993,0.488304,1
10994,1.666572,0
10995,0.828696,1
10996,0.522246,1
10997,1.144924,1
10998,0.192255,1
10999,0.807733,1
11000,0.176798,0
11001,6.168525,0
11002,2.187374,0
11003,0.9796,0
11004,1.5314,0
11005,0.985305,1
11006,4.547778,0
11007,0.350855,1
11008,4.851156,1
11009,0.698123,1
11010,0.254166,1
11011,0.184442,1
11012,6.398234,0
11013,0.429822,1
11014,2.099872,0
11015,0.234552,0
11016,0.402915,1
11017,1.910589,1
11018,1.236661,0
11019,0.388154,1
11020,0.328579,1
11021,1.011549,1
11022,0.797636,1
11023,1.343229,1
11024,0.661693,1
11025,0.472518,1
11026,1.656565,0
11027,4.478499,1
11028,5.675132,1
11029,0.193332,0
11030,0.376538,1
11031,0.758196,1
11032,3.189937,0
11033,4.093657,0
11034,0.225042,1
11035,4.649838,0
11036,1.231439,1
11037,3.479759,1
11038,5.361555,1
11039,0.244932,1
11040,3.538025,1
11041,0.441276,1
11042,0.328438,1
11043,4.795034,1
11044,1.893527,1
11045,0.842421,0
11046,1.849189,1
11047,3.305033,1
11048,1.837791,1
11049,0.766543,1
11050,0.607536,1
11051,0.774208,1
11052,1.204674,0
11053,1.926054,0
11054,0.180925,0
11055,1.728544,0
11056,0.105806,1
11057,5.124836,0
11058,0.263564,1
11059,2.144535,0
11060,1.820538,1
11061,0.391308,1
11062,0.298622,0
11063,0.223178,1
11064,0.597052,1
11065,1.261389,1
11066,2.263064,1
11067,0.224803,1
11068,2.246533,1
11069,0.156209,0
11070,2.796754,0
11071,1.863159,1
11072,2.308007,1
11073,0.49612,1
11074,1.785665,0
11075,3.156076,0
11076,1.014717,1
11077,1.590394,0
11078,2.369981,1
11079,1.369601,1
11080,0.327515,0
11081,0.220292,1
11082,2.306438,1
11083,1.315476,1
11084,0.098337,0
11085,5.754815,0
11086,0.485177,1
11087,1.278195,1
11088,1.020025,1
11089,2.867128,1
11090,3.707639,1
11091,2.737149,1
11092,0.328521,0
11093,4.097235,0
11094,1.139771,1
11095,2.571276,1
11096,0.197293,0
11097,1.797885,0
11098,0.407516,0
11099,4.094708,0
11100,2.08919,1
11101,5.032151,0
11102,3.147676,1
11103,0.228306,1
11104,1.621818,1
11105,0.494183,0
11106,0.303932,1
11107,1.113314,1
11108,4.071929,0
11109,4.905996,1
11110,0.152948,0
11111,1.617832,0
11112,0.829964,1
11113,3.998203,0
11114,0.76755,0
11115,0.765905,1
11116,2.070946,1
11117,1.059554,0
11118,0.077607,0
11119,0.582133,1
11120,3.817137,1
11121,0.603071,0
11122,1.064888,0
11123,0.584861,1
11124,1.059609,1
11125,1.995319,0
11126,0.439452,1
11127,0.426495,1
11128,1.476526,0
11129,0.111854,0
11130,2.426847,1
11131,2.393352,1
11132,0.684851,1
11133,0.210141,1
11134,4.534491,1
11135,2.027019,0
11136,0.408386,1
11137,2.290005,0
11138,1.188354,1
11139,0.099122,0
11140,4.116213,0
11141,0.468493,1
11142,3.008254,0
11143,3.104908,1
11144,0.311935,0
11145,0.918444,1
11146,3.249978,1
11147,3.647449,1
11148,2.406507,1
11149,4.126844,1
11150,3.494698,0
11151,0.448799,1
11152,1.775289,1
11153,2.929419,0
11154,0.039268,0
11155,5.415153,1
11156,0.435435,1
11157,1.579437,0
11158,0.157845,1
11159,0.86856,1
11160,0.805193,0
11161,3.028978,1
11162,0.190438,1
11163,1.875597,0
11164,1.0302,1
11165,3.104228,0
11166,2.436975,1
11167,1.388744,1
11168,0.333874,1
11169,0.154381,0
11170,2.450612,0
11171,1.304947,0
11172,0.233862,1
11173,0.156536,1
11174,0.426509,0
11175,2.151395,1
11176,0.380553,0
11177,0.449584,1
11178,1.881162,1
11179,3.017968,1
11180,1.003341,1
11181,2.297036,1
11182,1.072313,1
11183,2.1015,0
11184,1.975391,1
11185,0.670266,0
11186,1.173192,0
11187,0.146247,0
11188,0.785303,0
11189,0.182124,0
11190,0.886322,1
11191,0.324621,1
11192,0.177354,0
11193,3.660309,1
11194,2.724367,1
11195,0.312959,1
11196,2.434766,1
11197,0.167188,1
11198,0.411292,0
11199,3.71004,1
11200,0.623717,0
11201,1.210841,1
11202,1.324207,1
11203,0.711646,1
11204,1.200619,0
11205,0.63231,0
11206,0.896294,0
11207,1.730845,0
11208,0.29015,1
11209,0.254367,0
11210,0.674857,0
11211,0.281561,1
11212,1.157764,1
11213,2.782266,1
11214,0.898803,0
11215,0.169853,0
11216,2.302365,1
11217,0.492032,1
11218,3.938838,1
11219,0.490582,0
11220,1.008952,0
11221,2.196388,1
11222,1.793815,1
11223,5.141978,0
11224,1.368836,0
11225,0.775146,1
11226,5.075934,1
11227,0.363793,1
11228,0.476353,0
11229,0.60933,1
11230,1.392838,0
11231,1.340909,0
11232,1.015285,1
11233,2.790824,1
11234,3.459894,1
11235,1.046917,1
11236,3.466897,1
11237,2.432609,1
11238,0.496523,1
11239,2.598002,1
11240,1.386549,1
11241,1.6342,1
11242,0.942151,1
11243,3.304719,1
11244,4.439079,1
11245,0.842601,1
11246,0.451995,0
11247,5.136516,0
11248,0.524978,1
11249,0.809652,1
11250,4.040658,0
11251,1.539321,1
11252,4.007776,1
11253,0.25427,0
11254,1.314941,1
11255,1.263516,1
11256,0.74267,1
11257,1.68935,1
11258,3.776252,1
11259,0.560561,1
11260,0.185703,1
11261,0.531123,1
11262,5.430563,1
11263,1.278109,1
11264,0.6026,1
11265,0.746293,1
11266,0.622488,1
11267,1.858837,0
11268,0.330289,0
11269,0.900005,1
11270,0.528999,1
11271,0.45105,0
11272,0.425905,1
11273,0.68687,0
11274,0.921722,1
11275,0.585215,0
11276,1.10989,1
11277,2.713731,1
11278,1.962942,1
11279,1.932958,1
11280,0.215863,0
11281,0.33409,1
11282,2.192512,1
11283,0.780409,1
11284,0.127161,0
11285,0.846766,1
11286,0.421931,0
11287,0.86639,0
11288,2.663883,1
11289,0.311487,0
11290,0.206703,1
11291,5.566955,1
11292,1.423907,1
11293,3.915059,0
11294,0.325271,1
11295,0.166929,0
11296,2.176766,1
11297,5.535324,0
11298,2.305948,0
11299,3.367652,1
11300,0.592765,1
11301,0.2311,1
11302,2.90223,1
11303,0.283756,1
11304,1.040083,0
11305,0.103806,0
11306,5.40017,0
11307,1.29293,1
11308,0.735051,1
11309,1.130709,1
11310,2.241365,0
11311,0.146423,1
11312,0.400077,1
11313,0.693159,1
11314,2.376571,1
11315,0.793209,1
11316,1.019844,1
11317,0.193895,1
11318,4.208202,0
11319,0.828485,0
11320,2.315463,1
11321,0.472303,1
11322,1.754972,1
11323,0.702727,0
11324,1.024943,1
11325,1.984136,1
11326,0.574109,0
11327,5.61295,0
11328,2.971066,0
11329,4.616191,0
11330,1.533813,1
11331,0.243331,1
11332,0.94904,1
11333,2.895167,1
11334,0.718941,1
11335,0.933097,1
11336,1.876956,1
11337,0.23247,0
11338,2.534319,1
11339,2.193613,1
11340,0.312853,1
11341,1.033069,1
11342,1.295361,1
11343,1.895169,1
11344,0.537978,1
11345,3.184642,1
11346,1.130818,1
11347,0.607205,1
11348,3.807836,0
11349,2.023795,1
11350,0.177914,0
11351,0.179927,0
11352,1.688085,0
11353,1.141333,0
11354,2.321009,0
11355,0.134669,1
11356,0.469605,1
11357,0.372368,1
11358,5.387074,0
11359,0.333778,1
11360,0.595246,1
11361,1.255827,0
11362,2.786417,1
11363,2.289065,1
11364,1.042341,0
11365,3.088764,1
11366,0.5292,1
11367,1.398121,1
11368,1.976468,1
11369,0.219996,0
11370,0.722197,1
11371,0.520155,1
11372,4.236289,1
11373,0.08439,0
11374,0.530315,0
11375,2.168699,0
11376,0.832724,1
11377,2.431716,1
11378,3.401402,1
11379,1.108892,1
11380,5.47355,1
11381,0.364587,1
11382,4.615334,1
11383,0.477972,1
11384,0.624943,1
11385,1.471451,1
11386,1.380945,1
11387,1.35263,0
11388,0.659551,0
11389,0.342584,1
11390,5.251922,0
11391,0.773833,1
11392,0.755864,1
11393,4.832384,0
11394,0.780327,1
11395,4.967381,1
11396,0.674114,0
11397,0.384775,0
11398,4.137132,0
11399,0.94034,1
11400,2.187275,1
11401,0.198394,0
11402,2.541925,0
11403,2.460118,1
11404,3.098614,1
11405,1.128566,0
11406,0.497563,1
11407,1.477163,0
11408,2.07997,1
11409,3.779598,0
11410,0.15456,0
11411,0.193166,0
11412,5.201696,0
11413,0.566956,0
11414,0.788609,1
11415,0.392708,1
11416,0.187053,0
11417,4.052011,1
11418,1.502982,1
11419,0.316198,0
11420,0.621115,1
11421,0.204436,0
11422,3.961323,0
11423,3.919603,0
11424,2.090517,1
11425,0.589877,0
11426,2.059739,1
11427,0.328422,1
11428,0.512282,1
11429,0.327151,1
11430,7.053684,1
11431,0.138136,1
11432,1.089906,1
11433,0.46748,1
11434,4.506742,1
11435,3.527463,1
11436,0.481319,0
11437,0.13139,0
11438,1.659187,0
11439,0.155282,0
11440,0.286555,0
11441,1.763942,1
11442,0.204367,1
11443,0.325664,1
11444,0.354734,1
11445,0.145332,0
11446,0.553511,0
11447,1.590153,1
11448,0.924603,1
11449,0.737992,0
11450,0.943044,0
11451,5.254824,1
11452,2.923334,1
11453,5.199059,1
11454,1.75227,0
11455,3.389616,0
11456,0.363645,1
11457,1.900538,0
11458,0.605973,0
11459,1.207067,1
11460,0.591912,0
11461,2.257054,1
11462,5.219811,1
11463,0.279989,0
11464,1.221984,1
11465,0.287129,1
11466,1.912408,1
11467,0.681672,0
11468,0.40559,1
11469,0.360138,1
11470,0.123244,0
11471,0.159519,1
11472,1.298826,0
11473,1.205462,1
11474,1.474347,1
11475,0.9966,1
11476,6.120409,0
11477,0.3847,1
11478,5.011111,1
11479,0.968475,0
11480,0.638525,1
11481,0.28977,1
11482,0.200443,0
11483,0.278391,0
11484,2.805328,1
11485,0.857274,0
11486,2.437912,1
11487,0.367538,0
11488,0.433821,1
11489,2.443047,0
11490,4.89669,1
11491,0.280471,1
11492,2.97965,1
11493,5.37602,0
11494,5.244537,1
11495,0.474912,1
11496,0.648614,0
11497,0.101283,0
11498,3.065576,1
11499,0.795396,0
11500,0.130448,0
11501,1.608126,1
11502,0.171601,0
11503,0.288256,1
11504,0.549759,1
11505,0.448028,1
11506,3.335629,0
11507,1.312568,1
11508,3.310661,0
11509,0.260338,1
11510,0.557604,1
11511,2.327332,0
11512,1.552803,1
11513,0.609705,1
11514,0.669827,1
11515,0.532955,1
11516,0.29584,1
11517,0.201594,1
11518,4.236346,0
11519,0.872911,0
11520,2.953889,0
11521,0.515772,1
11522,5.152042,0
11523,0.724069,0
11524,0.140366,0
11525,1.657531,1
11526,0.190292,1
11527,4.229551,0
11528,5.396122,1
11529,0.087685,0
11530,1.275635,1
11531,0.135155,0
11532,0.695602,1
11533,3.565181,1
11534,0.35827,1
11535,0.347632,1
11536,5.184792,1
11537,0.144748,0
11538,3.426998,0
11539,3.875777,0
11540,4.408774,0
11541,3.698491,1
11542,1.624162,1
11543,4.670908,1
11544,1.2524,1
11545,0.235668,0
11546,6.269642,0
11547,1.041417,1
11548,7.144967,0
11549,0.173779,1
11550,0.460986,1
11551,5.740339,0
11552,0.183019,1
11553,0.320292,1
11554,0.937322,1
11555,6.300642,1
11556,1.290079,0
11557,1.578787,0
11558,0.940208,1
11559,0.705304,1
11560,0.838535,1
11561,0.630153,1
11562,1.61399,0
11563,2.906991,1
11564,2.329758,1
11565,0.307409,0
11566,1.191739,1
11567,2.848885,1
11568,2.421795,1
11569,0.139261,1
11570,0.417988,1
11571,0.446225,1
11572,0.233692,1
11573,3.883205,1
11574,2.151307,1
11575,3.681727,1
11576,1.564781,1
11577,1.971402,1
11578,0.649165,1
11579,0.145184,0
11580,0.870416,1
11581,1.107261,1
11582,3.062518,0
11583,3.848793,1
11584,0.569805,0
11585,2.718983,0
11586,2.101665,1
11587,0.160508,0
11588,1.420754,1
11589,0.705055,1
11590,0.405906,0
11591,5.731617,0
11592,1.98619,1
11593,0.643591,1
11594,0.132663,0
11595,2.75739,0
11596,0.917518,0
11597,0.247719,0
11598,1.829655,0
11599,0.979661,0
11600,0.887927,0
11601,0.427908,1
11602,2.026539,1
11603,0.401148,0
11604,1.916918,1
11605,0.194839,0
11606,2.275261,1
11607,0.27261,0
11608,2.968373,1
11609,2.522653,0
11610,2.384218,1
11611,1.392923,1
11612,0.536965,0
11613,4.262581,0
11614,6.067822,0
11615,0.336681,0
11616,0.300689,1
11617,0.130852,0
11618,0.446393,1
11619,1.612719,1
11620,0.41618,1
11621,0.613474,0
11622,1.223725,0
11623,0.272205,1
11624,1.270925,0
11625,3.693315,0
11626,1.987738,1
11627,0.891137,1
11628,1.079022,1
11629,1.662749,1
11630,1.816441,0
11631,0.633798,1
11632,0.841162,1
11633,2.488319,0
11634,3.537882,1
11635,0.418096,1
11636,2.634059,0
11637,2.612254,0
11638,4.30465,1
11639,0.215649,0
11640,1.662526,1
11641,0.410155,1
11642,4.041626,1
11643,0.460301,1
11644,1.41341,1
11645,2.266785,1
11646,1.617711,1
11647,5.206805,0
11648,1.711642,1
11649,3.782804,1
11650,1.645851,1
11651,1.405916,0
11652,0.52082,1
11653,0.548444,1
11654,2.379046,1
11655,0.524004,0
11656,0.5248,1
11657,0.371881,1
11658,0.52336,0
11659,1.990806,1
11660,2.045556,1
11661,1.931966,1
11662,1.041776,1
11663,0.321935,0
11664,0.234388,1
11665,0.226159,0
11666,3.029371,1
11667,0.314901,0
11668,0.412941,1
11669,0.44831,1
11670,4.739368,1
11671,3.731151,1
11672,5.838912,1
11673,0.226525,0
11674,0.409063,1
11675,0.91364,0
11676,0.412581,1
11677,2.141612,1
11678,0.892078,1
11679,0.006277,0
11680,0.106108,0
11681,0.557594,1
11682,3.665051,1
11683,0.234731,1
11684,0.229686,1
11685,0.683202,1
11686,4.738561,1
11687,0.550282,0
11688,0.455606,1
11689,0.141042,1
11690,6.46863,0
11691,0.363188,1
11692,5.534741,0
11693,1.377319,1
11694,0.325101,1
11695,2.739146,1
11696,0.216447,0
11697,3.928599,0
11698,0.407394,1
11699,4.10866,1
11700,3.053308,1
11701,4.345602,1
11702,0.345222,1
11703,0.752085,0
11704,5.286148,1
11705,0.674097,0
11706,3.174028,1
11707,1.186313,1
11708,0.489473,1
11709,0.105643,0
11710,4.06429,1
11711,0.400046,1
11712,2.142118,0
11713,0.182358,1
11714,0.33825,1
11715,0.487882,1
11716,0.165041,0
11717,1.857019,1
11718,2.823578,1
11719,6.210148,0
11720,0.552951,1
11721,0.224759,0
11722,0.710868,1
11723,2.413907,1
11724,0.469327,1
11725,6.498728,0
11726,2.414031,1
11727,1.46964,1
11728,2.79874,1
11729,1.054703,0
11730,0.8541,0
11731,2.302198,1
11732,4.614419,1
11733,2.354666,1
11734,0.633846,1
11735,0.205061,1
11736,5.110124,0
11737,0.104542,0
11738,0.310514,0
11739,5.289267,0
11740,0.560661,0
11741,0.582685,1
11742,0.334943,0
11743,5.031471,1
11744,0.62279,1
11745,0.674933,1
11746,0.662416,1
11747,1.590305,1
11748,2.221926,1
11749,1.38159,0
11750,0.443573,0
11751,3.099868,1
11752,1.636076,1
11753,0.14833,0
11754,0.252236,1
11755,1.876821,1
11756,3.866821,0
11757,2.050641,1
11758,0.115895,0
11759,0.658758,1
11760,0.12495,0
11761,0.886043,0
11762,4.971399,0
11763,1.396302,0
11764,0.121684,0
11765,1.087893,1
11766,0.313754,0
11767,3.639818,0
11768,2.546522,1
11769,1.374098,1
11770,0.13644,1
11771,1.233288,0
11772,6.805957,0
11773,0.255646,1
11774,0.196543,1
11775,0.733705,1
11776,2.161654,1
11777,0.218797,0
11778,1.739974,0
11779,1.848648,1
11780,0.34964,1
11781,1.250127,1
11782,0.187983,0
11783,0.42753,1
11784,0.286614,0
11785,0.409842,0
11786,0.417702,0
11787,0.167228,0
11788,0.817658,0
11789,1.037055,0
11790,5.954152,1
11791,3.252573,1
11792,0.784177,1
11793,0.199193,0
11794,0.143652,0
11795,0.380922,0
11796,3.275798,1
11797,4.040765,1
11798,2.597661,1
11799,0.54367,1
11800,4.191106,1
11801,0.728458,1
11802,0.60786,1
11803,0.489409,1
11804,1.526276,1
11805,1.787668,1
11806,5.431764,1
11807,1.775724,0
11808,0.352971,1
11809,0.268292,1
11810,2.636686,1
11811,0.932345,1
11812,0.662785,1
11813,0.969237,0
11814,2.552482,1
11815,1.993937,1
11816,0.784265,0
11817,0.338803,1
11818,0.482063,1
11819,0.193293,1
11820,1.720756,0
11821,0.262365,1
11822,0.560247,1
11823,3.963378,0
11824,3.674277,0
11825,1.374799,1
11826,4.55889,0
11827,0.922477,1
11828,2.443438,0
11829,2.771913,1
11830,0.123073,0
11831,0.478088,1
11832,2.502362,0
11833,0.528071,0
11834,0.831129,1
11835,0.211611,1
11836,1.073236,0
11837,0.212303,1
11838,1.560823,1
11839,2.405988,0
11840,3.927818,1
11841,0.929091,0
11842,0.184244,0
11843,3.203937,0
11844,3.078056,1
11845,1.980398,1
11846,1.848381,1
11847,3.46258,1
11848,0.145702,0
11849,0.083048,1
11850,0.472001,1
11851,1.123761,0
11852,4.012742,0
11853,0.410453,1
11854,0.853942,1
11855,0.493999,1
11856,0.708111,1
11857,0.249238,0
11858,3.683943,1
11859,0.408928,1
11860,3.667786,1
11861,1.458808,1
11862,0.662459,1
11863,1.988825,0
11864,0.118095,1
11865,2.468699,1
11866,4.31171,1
11867,1.196167,1
11868,2.410485,1
11869,1.094568,0
11870,0.117919,1
11871,0.753975,1
11872,0.346859,1
11873,0.538133,1
11874,0.416266,0
11875,0.508335,1
11876,0.256808,1
11877,0.646423,1
11878,1.524423,0
11879,0.638313,1
11880,0.498912,1
11881,0.375365,1
11882,2.273992,1
11883,0.839354,0
11884,5.885026,1
11885,1.565975,1
11886,1.900548,0
11887,0.240733,1
11888,4.471094,0
11889,0.462632,0
11890,1.134203,1
11891,1.958454,0
11892,1.703535,0
11893,0.559387,1
11894,0.294888,1
11895,0.742116,0
11896,0.379305,0
11897,0.622855,1
11898,2.803159,1
11899,1.7948,0
11900,0.849386,0
11901,0.457165,1
11902,6.463396,0
11903,0.520166,0
11904,0.578575,1
11905,3.104269,1
11906,0.465687,1
11907,1.041401,1
11908,1.537394,0
11909,0.349299,1
11910,0.859054,0
11911,0.992168,1
11912,0.711504,1
11913,0.381285,1
11914,0.260425,1
11915,0.175161,0
11916,1.305777,1
11917,0.171632,0
11918,0.113196,0
11919,0.805819,0
11920,0.882009,1
11921,5.718525,0
11922,1.343282,1
11923,0.908397,0
11924,0.241567,1
11925,0.714961,1
11926,1.506373,0
11927,0.823144,0
11928,0.634998,1
11929,0.564722,1
11930,0.155133,0
11931,4.076668,0
11932,2.117792,1
11933,1.87529,1
11934,2.385406,0
11935,1.790379,0
11936,1.711203,0
11937,0.12207,0
11938,1.082452,1
11939,0.423441,1
11940,1.812212,1
11941,0.636032,1
11942,2.21086,1
11943,1.751026,1
11944,3.78765,1
11945,1.179007,1
11946,3.371737,1
11947,1.170076,1
11948,0.238493,0
11949,0.314291,1
11950,2.518514,1
11951,1.106504,1
11952,0.426456,1
11953,0.625525,1
11954,1.722142,1
11955,0.176144,0
11956,2.737693,1
11957,1.759204,1
11958,1.237129,1
11959,0.533094,1
11960,0.105526,1
11961,0.294167,1
11962,0.493554,1
11963,1.223263,1
11964,2.983512,1
11965,3.988844,1
11966,1.339327,1
11967,0.238598,0
11968,0.390374,0
11969,4.795543,1
11970,0.967259,1
11971,2.010951,1
11972,0.660579,1
11973,1.508033,1
11974,2.016979,1
11975,1.001715,0
11976,2.1055,0
11977,0.473732,1
11978,1.871502,0
11979,1.589164,1
11980,0.437672,1
11981,0.942498,1
11982,0.465066,0
11983,5.358698,0
11984,2.651316,1
11985,0.594413,1
11986,1.956361,1
11987,1.771917,1
11988,0.423508,0
11989,2.483775,1
11990,0.13506,1
11991,1.88054,1
11992,0.11141,0
11993,1.011503,1
11994,0.847872,0
11995,0.645225,0
11996,1.265114,1
11997,0.146393,1
11998,1.76948,1
11999,0.219747,1
12000,0.287652,1
12001,0.145177,0
12002,1.220631,1
12003,6.973748,1
12004,0.317503,0
12005,0.180505,0
12006,0.57169,1
12007,0.367556,1
12008,1.869869,0
12009,6.230579,1
12010,0.20342,0
12011,0.220488,1
12012,2.950855,1
12013,0.461745,1
12014,0.513059,1
12015,0.072546,0
12016,1.34589,1
12017,0.555371,1
12018,1.854818,1
12019,1.251417,0
12020,1.391026,0
12021,1.456231,0
12022,2.379153,1
12023,0.586198,1
12024,0.241982,1
12025,0.691671,1
12026,4.890193,0
12027,1.895948,0
12028,0.460444,1
12029,0.488457,1
12030,0.721324,1
12031,0.663076,0
12032,0.411611,1
12033,0.784956,1
12034,3.764779,1
12035,0.15864,0
12036,1.19766,1
12037,2.809667,1
12038,0.581832,1
12039,1.202153,1
12040,3.808049,1
12041,1.80351,0
12042,2.166745,1
12043,3.053596,0
12044,0.384912,1
12045,1.572196,1
12046,0.590383,1
12047,0.801985,1
12048,0.974075,1
12049,0.966032,1
12050,0.505654,1
12051,2.868774,0
12052,2.79474,0
12053,0.251145,1
12054,0.625799,1
12055,0.986002,1
12056,2.50423,1
12057,3.409372,0
12058,0.288987,0
12059,0.993914,1
12060,0.152218,1
12061,2.592865,1
12062,4.897213,1
12063,0.308343,1
12064,0.598199,1
12065,3.728127,0
12066,0.36941,1
12067,1.334645,0
12068,4.136845,1
12069,1.119469,1
12070,0.429629,1
12071,2.341072,1
12072,1.622327,1
12073,0.593362,1
12074,2.192264,0
12075,5.937037,0
12076,2.155566,1
12077,4.616428,1
12078,0.294009,0
12079,0.598149,1
12080,0.365304,1
12081,0.363657,1
12082,0.137726,1
12083,2.495433,1
12084,1.842664,1
12085,0.768475,1
12086,4.250956,0
12087,0.409909,1
12088,0.184579,1
12089,0.704314,1
12090,1.511243,1
12091,0.55578,1
12092,0.250235,0
12093,1.097262,0
12094,0.405856,1
12095,1.364936,1
12096,2.567202,1
12097,0.578316,1
12098,2.432177,0
12099,1.195063,0
12100,0.261232,1
12101,0.406479,1
12102,0.097877,0
12103,4.397574,0
12104,2.775808,1
12105,0.172148,1
12106,2.016819,0
12107,0.990479,1
12108,0.499379,1
12109,0.220399,1
12110,0.145032,0
12111,2.464069,0
12112,2.680585,1
12113,0.388465,1
12114,2.775714,0
12115,0.465819,1
12116,0.849726,0
12117,0.44822,1
12118,2.646357,0
12119,6.843246,1
12120,0.754483,1
12121,4.526467,0
12122,0.174849,0
12123,0.253184,1
12124,0.193641,1
12125,3.86596,1
12126,4.967693,1
12127,0.69726,1
12128,0.631103,1
12129,0.302478,1
12130,1.219439,1
12131,0.140135,0
12132,1.272311,1
12133,2.825077,1
12134,1.58936,1
12135,2.536309,1
12136,1.55933,1
12137,0.417129,1
12138,0.545037,1
12139,1.602166,0
12140,0.543037,1
12141,0.83808,1
12142,0.329563,1
12143,0.675319,1
12144,0.57375,1
12145,0.36498,1
12146,0.798814,1
12147,0.440636,1
12148,0.493315,1
12149,0.487833,0
12150,1.140576,0
12151,0.111555,1
12152,2.288058,0
12153,1.22778,0
12154,0.55523,1
12155,1.214884,1
12156,1.269341,1
12157,3.377822,1
12158,1.544997,1
12159,5.49324,1
12160,2.683864,1
12161,1.50059,1
12162,2.309426,0
12163,2.255192,1
12164,0.487489,1
12165,5.164782,1
12166,0.239324,0
12167,0.481496,1
12168,0.709545,1
12169,1.887264,1
12170,0.503878,1
12171,0.872805,1
12172,1.481963,1
12173,1.086621,1
12174,2.290453,0
12175,0.179365,0
12176,0.990173,1
12177,1.126501,1
12178,0.433026,1
12179,0.423468,1
12180,2.104089,1
12181,1.380565,1
12182,0.357097,0
12183,4.430678,0
12184,0.243244,0
12185,5.438416,1
12186,4.203222,1
12187,1.265494,1
12188,0.175697,0
12189,0.999645,1
12190,2.014466,0
12191,4.199737,1
12192,0.705102,0
12193,0.808661,1
12194,0.342036,0
12195,1.744264,1
12196,2.601617,1
12197,2.514148,0
12198,2.126864,0
12199,3.282819,0
12200,2.807209,1
12201,4.129212,1
12202,0.966578,1
12203,4.818213,0
12204,0.67161,1
12205,1.279605,0
12206,1.030336,1
12207,0.742346,1
12208,2.651559,0
12209,0.542205,1
12210,0.82273,1
12211,6.321398,1
12212,0.438643,1
12213,1.959926,1
12214,1.975528,1
12215,0.611674,1
12216,2.142201,1
12217,3.485492,1
12218,1.095734,0
12219,1.748315,0
12220,0.128834,1
12221,3.301952,0
12222,1.966413,0
12223,0.311003,0
12224,2.240161,1
12225,2.946837,1
12226,2.080513,1
12227,4.226319,0
12228,1.918892,0
12229,0.859736,0
12230,0.127503,0
12231,0.620578,1
12232,0.539696,1
12233,0.365172,1
12234,1.28551,1
12235,1.780267,0
12236,3.758727,1
12237,0.352632,1
12238,0.314236,1
12239,0.315511,1
12240,0.39882,1
12241,0.742988,1
12242,0.18319,0
12243,0.660082,1
12244,2.032273,0
12245,3.480968,0
12246,0.845421,1
12247,4.580117,1
12248,0.498896,1
12249,4.312703,1
12250,1.326074,1
12251,1.664766,1
12252,0.361517,1
12253,2.307662,1
12254,0.887121,0
12255,1.482821,1
12256,5.892312,1
12257,0.533264,1
12258,7.558304,1
12259,1.049246,1
12260,0.577805,1
12261,3.945804,1
12262,1.835363,0
12263,2.596941,0
12264,0.377852,0
12265,0.188692,0
12266,0.212537,1
12267,0.623025,1
12268,1.651321,0
12269,0.521758,1
12270,1.147172,0
12271,1.339136,1
12272,1.985517,1
12273,5.371583,0
12274,0.254975,0
12275,3.187514,1
12276,0.584412,1
12277,4.807141,0
12278,1.499894,0
12279,0.220335,0
12280,0.784836,1
12281,1.894925,0
12282,0.416605,1
12283,0.726489,1
12284,1.825563,1
12285,1.591798,0
12286,1.116939,0
12287,0.135006,0
12288,5.966384,0
12289,1.839183,1
12290,3.654907,1
12291,0.137268,1
12292,1.051722,0
12293,0.126202,0
12294,0.885646,0
12295,2.291038,1
12296,1.434664,1
12297,0.902862,1
12298,0.660617,1
12299,0.965471,1
12300,0.198225,1
12301,2.089166,1
12302,0.288761,0
12303,1.85643,0
12304,0.483661,1
12305,2.087032,1
12306,5.38432,0
12307,1.962144,1
12308,0.911217,0
12309,0.679738,1
12310,1.945481,0
12311,2.402143,1
12312,1.16969,1
12313,1.977339,1
12314,0.8424,1
12315,1.6029,0
12316,0.299102,0
12317,3.792531,0
12318,2.095004,1
12319,2.297916,1
12320,6.28342,0
12321,0.225824,1
12322,0.781162,1
12323,0.288015,1
12324,0.805537,0
12325,1.710532,0
12326,0.191364,0
12327,4.647066,0
12328,4.883275,1
12329,0.301456,1
12330,2.195453,1
12331,1.705558,1
12332,0.509139,0
12333,1.872849,0
12334,0.593396,0
12335,2.617364,1
12336,0.906871,1
12337,2.661742,0
12338,2.182235,1
12339,1.362434,1
12340,0.845315,1
12341,0.446821,1
12342,1.561936,1
12343,0.167925,1
12344,0.364358,1
12345,0.123092,1
12346,1.682804,0
12347,0.281004,1
12348,0.66751,1
12349,0.193078,0
12350,5.647278,0
12351,4.504104,0
12352,1.751938,0
12353,0.338585,1
12354,0.459686,0
12355,1.332473,1
12356,0.170305,1
12357,1.82897,0
12358,0.386483,1
12359,0.571572,1
12360,0.762217,1
12361,0.306865,1
12362,0.301566,1
12363,3.335232,1
12364,2.363263,1
12365,0.238357,0
12366,1.879314,0
12367,0.586509,1
12368,0.240562,0
12369,0.332403,1
12370,0.902885,1
12371,0.641267,1
12372,0.961457,1
12373,0.953073,1
12374,3.620584,0
12375,0.683092,1
12376,3.859488,0
12377,0.910869,1
12378,0.841943,1
12379,0.599179,1
12380,1.437063,0
12381,0.194523,1
12382,0.870282,1
12383,0.28164,1
12384,0.25938,0
12385,0.902457,1
12386,1.873189,1
12387,0.219899,0
12388,1.330774,1
12389,0.373242,1
12390,1.181347,1
12391,3.779406,0
12392,4.233344,1
12393,0.756333,0
12394,0.763104,1
12395,1.490585,0
12396,0.57188,1
12397,2.677146,1
12398,1.651944,1
12399,0.702953,1
12400,0.671754,1
12401,0.617688,1
12402,0.419536,1
12403,1.785662,0
12404,0.57019,1
12405,0.385803,1
12406,0.990789,0
12407,0.757279,1
12408,0.323593,1
12409,5.170836,1
12410,0.121406,0
12411,0.734845,1
12412,1.159371,0
12413,0.509932,1
12414,0.623769,1
12415,0.189249,0
12416,0.1404,0
12417,0.663787,1
12418,2.131717,1
12419,0.945412,1
12420,0.684529,0
12421,0.221892,0
12422,0.472661,1
12423,2.201689,1
12424,0.643368,1
12425,2.303289,0
12426,1.960049,1
12427,3.677912,0
12428,0.474034,1
12429,0.168409,0
12430,0.356756,1
12431,1.313475,1
12432,0.297412,1
12433,0.502775,0
12434,5.429809,1
12435,1.984926,1
12436,3.114274,1
12437,0.427741,1
12438,0.202303,1
12439,1.918541,1
12440,0.295975,1
12441,1.710577,1
12442,4.824366,0
12443,0.94968,1
12444,0.24556,1
12445,0.926462,1
12446,1.710633,0
12447,0.155742,0
12448,1.04938,1
12449,3.476439,1
12450,0.574738,0
12451,2.014293,0
12452,0.41116,1
12453,1.391754,1
12454,0.626187,1
12455,4.268497,1
12456,0.148682,1
12457,0.157993,0
12458,5.0918,0
12459,0.970228,1
12460,0.377958,1
12461,2.817976,1
12462,1.515321,1
12463,0.569465,1
12464,0.830744,1
12465,0.640348,1
12466,2.486118,1
12467,0.487577,1
12468,0.272151,1
12469,0.606203,1
12470,4.349211,0
12471,1.130017,1
12472,2.946057,1
12473,5.006092,0
12474,0.918192,1
12475,4.517399,0
12476,1.396679,1
12477,0.536574,1
12478,1.366165,0
12479,1.212073,1
12480,2.433574,1
12481,3.716927,0
12482,0.944781,1
12483,3.454298,1
12484,3.695589,1
12485,0.211369,0
12486,0.087799,0
12487,0.478627,1
12488,1.202316,1
12489,3.013124,1
12490,6.043036,0
12491,4.892807,1
12492,2.264241,0
12493,0.309195,1
12494,1.132466,1
12495,1.234299,1
12496,0.515529,1
12497,1.126926,0
12498,0.107898,0
12499,2.217954,1
12500,2.239011,0
12501,4.489533,1
12502,0.734634,1
12503,3.010209,0
12504,2.238826,1
12505,0.658383,1
12506,0.420572,1
12507,4.30635,1
12508,0.299892,1
12509,0.640066,1
12510,0.716721,1
12511,0.165981,1
12512,0.930841,1
12513,1.295102,0
12514,1.173877,0
12515,0.43483,0
12516,2.757984,1
12517,4.725024,1
12518,4.415599,0
12519,2.027,1
12520,1.703206,1
12521,3.810797,1
12522,1.263064,1
12523,2.684954,1
12524,0.164964,1
12525,0.497304,1
12526,4.229764,1
12527,0.520914,1
12528,1.198514,1
12529,0.769589,0
12530,0.179193,0
12531,0.302626,1
12532,0.123018,0
12533,1.147765,0
12534,0.840927,1
12535,0.823234,1
12536,0.58254,1
12537,0.187011,1
12538,1.356684,0
12539,3.8784,0
12540,1.511422,1
12541,1.236291,1
12542,0.380166,1
12543,2.305805,1
12544,0.208856,1
12545,0.661441,1
12546,0.44256,1
12547,0.389199,0
12548,0.272109,1
12549,0.2371,1
12550,0.593226,0
12551,1.588197,0
12552,2.269143,1
12553,2.30676,1
12554,5.695438,0
12555,0.161518,0
12556,0.108258,0
12557,0.57289,0
12558,1.197649,1
12559,0.928732,1
12560,0.782074,0
12561,3.195478,1
12562,0.45478,1
12563,0.462532,0
12564,1.966735,0
12565,0.956009,0
12566,1.6977,1
12567,3.940517,1
12568,0.457291,1
12569,0.820634,0
12570,3.799125,1
12571,0.571411,1
12572,1.015903,0
12573,0.496236,1
12574,1.038832,1
12575,4.651151,1
12576,3.249536,1
12577,0.702799,0
12578,0.34484,1
12579,1.237175,1
12580,0.355381,1
12581,0.797865,1
12582,0.463826,1
12583,0.549814,0
12584,0.860354,1
12585,0.582434,0
12586,4.80153,1
12587,1.189388,0
12588,1.720025,1
12589,1.013421,1
12590,2.662103,1
12591,3.001198,0
12592,3.299453,0
12593,2.010243,0
12594,0.284486,0
12595,0.698808,1
12596,5.283377,0
12597,1.117993,1
12598,0.622263,1
12599,0.270992,1
12600,4.051059,1
12601,1.671345,1
12602,3.300805,0
12603,0.184722,1
12604,0.355613,1
12605,0.360769,1
12606,0.821921,1
12607,0.895553,1
12608,0.84615,1
12609,6.775531,1
12610,1.809441,0
12611,0.729972,1
12612,4.033427,1
12613,0.856021,0
12614,2.247343,0
12615,0.410679,1
12616,2.890996,1
12617,1.927452,0
12618,3.950631,1
12619,1.479661,0
12620,4.545021,0
12621,3.117027,1
12622,0.566133,1
12623,0.366286,1
12624,0.655974,1
12625,3.337394,0
12626,0.322383,1
12627,4.519451,0
12628,3.883294,1
12629,0.878978,0
12630,0.162963,1
12631,2.107961,0
12632,5.288604,1
12633,0.352843,1
12634,3.19599,0
12635,2.234049,1
12636,0.795616,1
12637,0.350797,1
12638,0.097687,0
12639,0.385333,1
12640,0.28786,0
12641,3.899716,0
12642,2.400577,1
12643,2.151846,1
12644,1.384873,0
12645,0.179031,0
12646,0.717503,1
12647,2.270687,0
12648,0.234735,1
12649,0.363705,1
12650,0.503904,1
12651,1.991889,1
12652,1.287029,0
12653,0.503167,1
12654,0.261208,1
12655,1.975011,1
12656,5.452589,1
12657,1.666424,1
12658,3.270009,1
12659,1.810912,0
12660,0.265165,1
12661,2.707462,1
12662,0.097877,0
12663,1.167047,1
12664,1.584957,1
12665,1.043331,1
12666,0.28056,1
12667,0.236386,1
12668,3.249891,0
12669,2.254176,1
12670,4.039306,1
12671,2.524969,0
12672,0.153306,1
12673,0.310725,1
12674,0.592794,1
12675,0.148187,0
12676,1.724722,1
12677,1.795679,0
12678,1.034586,1
12679,0.393252,1
12680,5.12286,1
12681,2.56481,1
12682,1.048447,0
12683,0.556107,1
12684,4.272166,1
12685,1.23674,1
12686,1.161844,0
12687,1.882756,0
12688,2.589595,0
12689,0.746167,1
12690,2.677657,0
12691,0.580895,1
12692,4.473063,1
12693,0.170961,0
12694,0.555804,1
12695,0.542014,1
12696,0.874409,1
12697,3.452003,1
12698,0.322979,1
12699,0.263417,1
12700,0.129081,1
12701,2.136309,0
12702,2.34624,1
12703,4.071397,0
12704,1.680035,1
12705,0.258356,1
12706,3.580316,1
12707,1.253769,1
12708,0.519957,1
12709,0.695198,0
12710,1.736137,1
12711,0.490503,1
12712,4.074131,1
12713,0.810603,1
12714,0.809725,1
12715,0.669942,1
12716,0.467822,1
12717,1.048385,1
12718,0.865884,1
12719,1.629622,1
12720,3.67778,0
12721,0.925219,0
12722,0.501219,1
12723,0.444504,1
12724,1.709713,1
12725,5.160773,1
12726,2.065927,1
12727,3.490731,1
12728,4.86648,1
12729,2.777552,1
12730,2.357787,0
12731,1.593193,1
12732,2.901648,1
12733,0.187423,0
12734,4.911378,1
12735,0.353948,0
12736,0.388181,0
12737,5.126044,0
12738,2.430837,1
12739,0.727842,1
12740,1.115517,1
12741,1.279103,1
12742,1.202524,1
12743,0.842731,1
12744,4.483866,1
12745,0.916559,1
12746,4.103459,1
12747,0.877853,1
12748,1.376009,1
12749,1.935679,1
12750,0.159285,0
12751,4.396857,1
12752,0.98654,1
12753,6.782969,0
12754,0.422835,1
12755,0.13377,0
12756,0.749326,1
12757,1.412149,0
12758,3.946527,0
12759,0.801181,1
12760,0.532957,1
12761,0.200444,1
12762,1.435329,0
12763,1.810484,1
12764,4.255267,1
12765,0.65159,1
12766,0.264791,0
12767,1.634102,1
12768,0.549288,1
12769,0.192097,1
12770,0.143339,1
12771,0.491304,1
12772,0.365651,0
12773,0.556334,1
12774,1.911386,1
12775,1.264949,1
12776,1.119515,0
12777,0.427803,0
12778,0.128375,0
12779,5.496854,1
12780,1.517743,1
12781,0.333147,1
12782,0.197082,0
12783,6.80502,1
12784,0.348047,0
12785,3.985224,1
12786,2.964106,1
12787,0.299013,1
12788,1.147187,1
12789,1.741278,0
12790,1.002744,1
12791,3.462389,0
12792,0.420178,1
12793,3.889913,0
12794,3.564712,1
12795,0.428111,1
12796,3.859873,1
12797,0.253952,1
12798,2.615017,1
12799,0.50158,1
12800,0.46625,1
12801,0.497239,1
12802,0.970874,1
12803,1.581642,1
12804,0.278138,1
12805,0.94667,1
12806,0.280463,1
12807,2.651056,1
12808,1.624567,0
12809,2.120822,1
12810,0.75282,1
12811,0.368524,1
12812,1.158243,0
12813,1.529551,1
12814,0.257602,1
12815,0.261174,0
12816,0.333145,1
12817,4.816895,1
12818,2.562456,0
12819,0.509683,1
12820,3.628376,1
12821,1.147351,0
12822,0.689084,1
12823,0.343763,1
12824,1.277673,1
12825,0.893294,1
12826,1.361232,0
12827,0.37256,1
12828,0.438786,1
12829,1.178811,1
12830,1.422015,1
12831,1.101573,1
12832,7.265507,0
12833,1.179408,0
12834,1.006571,1
12835,0.121817,1
12836,3.827888,1
12837,0.12694,0
12838,2.774006,0
12839,0.161883,0
12840,3.23084,1
12841,3.085227,1
12842,1.675432,0
12843,1.341321,1
12844,0.979688,1
12845,0.716826,0
12846,1.172866,0
12847,2.250212,1
12848,0.634202,1
12849,1.286904,0
12850,5.271931,1
12851,0.82408,1
12852,3.393825,1
12853,0.569851,1
12854,0.5742,0
12855,0.638966,0
12856,2.609822,1
12857,1.772724,0
12858,0.169382,0
12859,1.697409,1
12860,1.045938,1
12861,0.830436,0
12862,0.595574,1
12863,2.517676,1
12864,0.148245,0
12865,4.912114,1
12866,0.127681,1
12867,1.586328,0
12868,0.613176,0
12869,2.554173,1
12870,4.170612,1
12871,3.69486,1
12872,0.198523,0
12873,4.32791,1
12874,0.155871,1
12875,2.480734,0
12876,5.012041,1
12877,0.814116,0
12878,2.984358,1
12879,1.048874,1
12880,2.256307,1
12881,5.357654,1
12882,6.515347,1
12883,3.991932,1
12884,0.157775,0
12885,0.589934,1
12886,1.133959,1
12887,0.217118,0
12888,0.377949,1
12889,4.545248,1
12890,1.871445,1
12891,0.364897,1
12892,0.728774,1
12893,1.591774,1
12894,1.363361,1
12895,4.737304,1
12896,0.80048,1
12897,0.605392,1
12898,1.084929,1
12899,0.926384,1
12900,4.525003,1
12901,0.155864,0
12902,5.376454,0
12903,4.105249,1
12904,0.969235,0
12905,2.741079,0
12906,1.803801,0
12907,3.077414,1
12908,0.985199,1
12909,0.589561,1
12910,1.401639,0
12911,1.511416,1
12912,1.103919,0
12913,1.954648,0
12914,0.545755,1
12915,0.129764,0
12916,2.263777,1
12917,0.20874,1
12918,0.887268,1
12919,2.045201,1
12920,3.999851,1
12921,0.118964,1
12922,1.258065,0
12923,0.785665,1
12924,1.181215,1
12925,0.253425,0
12926,1.904678,1
12927,0.619693,1
12928,0.862228,1
12929,2.072517,1
12930,1.385615,1
12931,0.699307,1
12932,4.795397,1
12933,5.840286,1
12934,1.149667,1
12935,1.990043,1
12936,1.696479,1
12937,4.103044,1
12938,5.244968,0
12939,0.691457,0
12940,0.359902,0
12941,3.989912,0
12942,0.950385,1
12943,1.322873,1
12944,0.738621,0
12945,3.378405,1
12946,1.829124,1
12947,0.389618,0
12948,0.854307,1
12949,2.127512,0
12950,1.047585,1
12951,0.415918,1
12952,0.945694,0
12953,0.729391,1
12954,4.4772,1
12955,0.262865,0
12956,0.616908,1
12957,0.509024,0
12958,4.451889,1
12959,0.467645,1
12960,3.75576,0
12961,0.17927,1
12962,6.115867,0
12963,0.667376,1
12964,0.584298,1
12965,0.598295,0
12966,2.019408,1
12967,0.160992,0
12968,0.06738,0
12969,0.551084,0
12970,3.41833,0
12971,0.76104,1
12972,1.452668,1
12973,0.766066,1
12974,0.428394,1
12975,0.346335,1
12976,0.679043,1
12977,1.787231,1
12978,1.8972,1
12979,1.847595,1
12980,0.384859,1
12981,0.14821,1
12982,1.033107,1
12983,1.558922,1
12984,5.361157,0
12985,0.585823,1
12986,2.295043,0
12987,0.572141,1
12988,4.721074,1
12989,1.159775,0
12990,0.622166,1
12991,2.689902,0
12992,1.370194,1
12993,3.890406,0
12994,0.228531,1
12995,6.353206,1
12996,4.631574,0
12997,0.430797,0
12998,1.253702,0
12999,1.357544,1
13000,0.339794,0
13001,0.854402,1
13002,0.368016,0
13003,0.258846,0
13004,0.869345,1
13005,1.764839,1
13006,3.727202,1
13007,4.075336,0
13008,4.002621,1
13009,3.992871,0
13010,4.324787,0
13011,2.480567,1
13012,0.66257,1
13013,3.088138,1
13014,0.473575,1
13015,0.325523,1
13016,0.444245,1
13017,1.609546,0
13018,4.984849,1
13019,1.501027,1
13020,0.357647,1
13021,0.468739,1
13022,0.478668,0
13023,1.057811,1
13024,0.26592,1
13025,1.166981,1
13026,0.195166,1
13027,3.67236,1
13028,0.788501,0
13029,1.980076,1
13030,0.146582,1
13031,2.545013,0
13032,1.405325,1
13033,1.572016,1
13034,2.594492,0
13035,4.449339,0
13036,2.200979,0
13037,0.953695,0
13038,2.972904,1
13039,3.188628,0
13040,0.114051,0
13041,0.622162,1
13042,5.608899,0
13043,0.694947,1
13044,1.603028,0
13045,0.729515,1
13046,2.049251,1
13047,1.148022,0
13048,0.310577,1
13049,0.288144,1
13050,4.160967,1
13051,3.866081,0
13052,0.436736,1
13053,1.905243,1
13054,1.823356,1
13055,2.545772,1
13056,0.230255,1
13057,0.289801,0
13058,0.27626,1
13059,2.041667,0
13060,3.051484,1
13061,1.462325,0
13062,0.357694,1
13063,1.737872,1
13064,0.601621,1
13065,0.544722,0
13066,0.095308,0
13067,2.048773,1
13068,0.941363,1
13069,0.529385,1
13070,1.018016,1
13071,0.782842,0
13072,2.307072,0
13073,0.250849,1
13074,3.917976,1
13075,0.492089,1
13076,3.262021,0
13077,1.798619,0
13078,0.83061,1
13079,3.444907,1
13080,0.312381,1
13081,0.320608,1
13082,4.985361,1
13083,0.194755,1
13084,1.187438,1
13085,0.58897,1
13086,0.447616,1
13087,0.449249,0
13088,5.731243,1
13089,0.228493,1
13090,3.86041,0
13091,3.316586,1
13092,0.41943,0
13093,0.505735,1
13094,3.739453,0
13095,4.405106,1
13096,1.187809,1
13097,4.21227,1
13098,2.700541,1
13099,3.359934,1
13100,0.174871,1
13101,0.44283,1
13102,1.523682,1
13103,0.487236,1
13104,0.809853,1
13105,0.605491,1
13106,2.241959,1
13107,0.358948,1
13108,0.808606,1
13109,2.600925,1
13110,1.001921,1
13111,0.225354,1
13112,0.689122,0
13113,2.325974,0
13114,2.340425,0
13115,3.833736,0
13116,2.269187,1
13117,6.288252,1
13118,1.292473,1
13119,0.656776,0
13120,1.397697,1
13121,0.250318,1
13122,1.478826,1
13123,5.511396,0
13124,3.152146,1
13125,4.33476,0
13126,1.242544,1
13127,3.820571,1
13128,1.740354,0
13129,0.6682,1
13130,0.09632,0
13131,2.739224,1
13132,0.24841,0
13133,0.421847,1
13134,0.142853,1
13135,0.674699,1
13136,1.399028,1
13137,1.137149,0
13138,5.129684,1
13139,3.612431,1
13140,1.564924,1
13141,1.978777,1
13142,0.274218,1
13143,1.576665,1
13144,0.261506,0
13145,6.202322,1
13146,0.590655,1
13147,2.325775,1
13148,0.593871,1
13149,4.135611,1
13150,0.38626,1
13151,0.225329,1
13152,0.48859,0
13153,2.783583,0
13154,1.726438,0
13155,0.071679,1
13156,0.803136,1
13157,1.121804,0
13158,0.458505,1
13159,3.503048,1
13160,0.236711,0
13161,2.643461,0
13162,0.878029,0
13163,0.543639,1
13164,1.166904,1
13165,2.31543,1
13166,2.169023,1
13167,5.318156,1
13168,0.263291,0
13169,6.532355,0
13170,4.043433,1
13171,0.495806,1
13172,0.877245,1
13173,0.874247,1
13174,0.688788,1
13175,4.649351,0
13176,1.485701,1
13177,0.266854,1
13178,1.625468,0
13179,1.76522,1
13180,1.702294,1
13181,0.62526,1
13182,3.134483,0
13183,3.016426,1
13184,1.249231,0
13185,0.106386,1
13186,2.182277,1
13187,0.353651,1
13188,0.198439,0
13189,0.374796,0
13190,1.728295,1
13191,0.60124,1
13192,0.520713,1
13193,0.183059,1
13194,2.3713,1
13195,1.664372,0
13196,2.612536,1
13197,2.566864,1
13198,2.215549,1
13199,1.447745,0
13200,2.068697,1
13201,4.518924,1
13202,0.152322,1
13203,0.429323,1
13204,0.104843,0
13205,1.129951,1
13206,0.662152,1
13207,0.150231,0
13208,1.251643,1
13209,0.923885,0
13210,3.125847,1
13211,1.839107,1
13212,1.092114,1
13213,2.74719,1
13214,0.672131,1
13215,3.154771,0
13216,5.791947,0
13217,0.329592,1
13218,1.821408,0
13219,1.941598,1
13220,1.444038,1
13221,3.638616,1
13222,0.172838,1
13223,1.79115,1
13224,0.150511,0
13225,2.156984,0
13226,2.232401,1
13227,0.247785,1
13228,0.360501,1
13229,0.35822,0
13230,0.350404,1
13231,0.30754,1
13232,0.832763,1
13233,0.529601,0
13234,3.021753,0
13235,0.605165,1
13236,1.685527,1
13237,1.580575,1
13238,3.050188,1
13239,2.104155,1
13240,1.160397,1
13241,0.403092,1
13242,1.835897,0
13243,0.250432,0
13244,0.38283,1
13245,1.195403,1
13246,1.338287,1
13247,1.306986,1
13248,6.542872,0
13249,0.128823,0
13250,0.407937,1
13251,0.225543,0
13252,2.157601,0
13253,2.358136,1
13254,2.01543,1
13255,3.946171,1
13256,4.447581,1
13257,0.904342,0
13258,3.069826,1
13259,0.39294,1
13260,1.734402,1
13261,0.34347,1
13262,3.209805,1
13263,0.383022,1
13264,3.372452,0
13265,1.871457,0
13266,0.32963,0
13267,4.277645,1
13268,2.85919,0
13269,1.862794,1
13270,0.428335,1
13271,2.047687,0
13272,0.925709,0
13273,3.163634,1
13274,3.003155,0
13275,0.800365,1
13276,1.412166,0
13277,1.510145,0
13278,2.640984,0
13279,0.636805,1
13280,0.833196,1
13281,0.174033,1
13282,5.637919,0
13283,1.410018,1
13284,3.035686,1
13285,0.185854,1
13286,0.188669,0
13287,0.093078,0
13288,3.46672,1
13289,0.1894,1
13290,0.750206,1
13291,0.881485,0
13292,3.335926,1
13293,2.216301,1
13294,2.212919,0
13295,0.28575,1
13296,0.939366,1
13297,0.125474,0
13298,1.224406,1
13299,2.60751,0
13300,0.316637,1
13301,3.124223,1
13302,1.263573,1
13303,0.20207,1
13304,2.911747,0
13305,0.792911,1
13306,3.451087,1
13307,2.532898,0
13308,0.908573,1
13309,2.373024,1
13310,0.348716,1
13311,1.687273,0
13312,1.803369,1
13313,3.894243,0
13314,1.352831,1
13315,1.321438,1
13316,0.998869,0
13317,1.781343,1
13318,4.006667,1
13319,2.589461,1
13320,0.561596,0
13321,2.44628,0
13322,0.242606,0
13323,1.072549,0
13324,2.277414,1
13325,0.933962,1
13326,4.988051,1
13327,0.75575,0
13328,0.131861,0
13329,2.095736,0
13330,2.664182,0
13331,0.654687,0
13332,0.242342,0
13333,0.539273,0
13334,2.300551,0
13335,0.704231,1
13336,0.085534,0
13337,0.866308,1
13338,0.32641,0
13339,0.711068,0
13340,0.131999,1
13341,0.373391,1
13342,4.45585,1
13343,0.159444,0
13344,0.706462,1
13345,3.704377,0
13346,0.817979,1
13347,0.197581,0
13348,5.051919,1
13349,4.19053,1
13350,1.189427,1
13351,1.205564,0
13352,0.779601,1
13353,3.175105,1
13354,0.204797,1
13355,3.34676,1
13356,0.679466,1
13357,0.092661,0
13358,0.22884,0
13359,1.353996,0
13360,1.43095,1
13361,0.212309,0
13362,1.510858,1
13363,3.960744,1
13364,4.5511,0
13365,4.491866,0
13366,0.973161,1
13367,0.232647,1
13368,0.969326,1
13369,5.406785,0
13370,4.547101,1
13371,0.356872,0
13372,0.521728,1
13373,1.861754,1
13374,3.648363,1
13375,3.757397,0
13376,0.754112,0
13377,0.141718,0
13378,4.913469,0
13379,2.248379,0
13380,0.524848,1
13381,3.115793,0
13382,0.601446,0
13383,1.478549,1
13384,1.068561,1
13385,1.918676,1
13386,0.160023,1
13387,4.953609,0
13388,0.460504,1
13389,3.335888,0
13390,1.100993,1
13391,2.231945,1
13392,1.959163,0
13393,4.993076,1
13394,2.119851,0
13395,0.912754,1
13396,1.809447,0
13397,2.108204,1
13398,0.91985,1
13399,1.541551,1
13400,1.925963,1
13401,0.119096,0
13402,0.370933,1
13403,2.799929,1
13404,0.121275,0
13405,0.254672,0
13406,1.008261,1
13407,0.910489,1
13408,0.145763,0
13409,4.030812,0
13410,0.123492,0
13411,0.977251,0
13412,2.251865,0
13413,2.777034,1
13414,1.819793,1
13415,1.433866,1
13416,0.657033,0
13417,1.164448,1
13418,0.244642,0
13419,3.979007,1
13420,1.136173,1
13421,0.990147,1
13422,0.528798,1
13423,0.800691,1
13424,4.653604,1
13425,0.11964,0
13426,0.657691,1
13427,0.393103,1
13428,1.672332,1
13429,0.506265,1
13430,1.272959,1
13431,7.102365,1
13432,0.619221,1
13433,1.565403,1
13434,1.096963,1
13435,1.646271,1
13436,5.733647,0
13437,0.51781,0
13438,2.294272,1
13439,3.200889,0
13440,0.933363,0
13441,0.566345,0
13442,0.023903,0
13443,2.180796,1
13444,0.246755,0
13445,3.794349,1
13446,0.331397,1
13447,0.793936,1
13448,0.21665,0
13449,4.810744,1
13450,0.494085,1
13451,4.677191,1
13452,0.492619,1
13453,2.943755,0
13454,2.512499,1
13455,2.43214,1
13456,4.006005,0
13457,0.257605,1
13458,1.782588,1
13459,1.298256,1
13460,3.842717,0
13461,0.548459,1
13462,0.178382,0
13463,4.835466,1
13464,0.320678,0
13465,1.162443,1
13466,0.362903,1
13467,0.083616,0
13468,0.976557,1
13469,0.33341,1
13470,0.202736,1
13471,2.172549,1
13472,1.144627,1
13473,0.710938,1
13474,0.920268,1
13475,1.293576,1
13476,0.371036,1
13477,0.772774,1
13478,0.59359,1
13479,0.683507,0
13480,0.569767,1
13481,0.28629,0
13482,0.698067,1
13483,3.966238,1
13484,0.288428,1
13485,2.131134,1
13486,0.593055,1
13487,4.072901,1
13488,0.295389,1
13489,1.229353,1
13490,0.135047,0
13491,3.206868,1
13492,1.211925,0
13493,3.123333,1
13494,4.424414,0
13495,0.656664,1
13496,0.928995,0
13497,1.042387,0
13498,3.704236,1
13499,1.734704,1
13500,0.241987,1
13501,6.639296,0
13502,0.234993,0
13503,3.048673,1
13504,0.536551,1
13505,0.154315,1
13506,3.292241,0
13507,0.10558,1
13508,2.692466,1
13509,2.045326,0
13510,0.114957,1
13511,0.891484,0
13512,2.154242,1
13513,0.428945,1
13514,0.268595,0
13515,5.766302,0
13516,0.251407,0
13517,0.477079,1
13518,0.67471,0
13519,0.143234,1
13520,3.560827,1
13521,3.692944,0
13522,0.440081,1
13523,0.615574,1
13524,0.381124,1
13525,1.705061,0
13526,3.321595,0
13527,0.212372,1
13528,2.841978,1
13529,0.240022,1
13530,0.99804,0
13531,0.517808,1
13532,1.497499,1
13533,2.260652,1
13534,1.849584,0
13535,1.69766,1
13536,3.882666,1
13537,4.223222,0
13538,3.790886,1
13539,0.605502,1
13540,2.106319,1
13541,0.586331,0
13542,4.124355,0
13543,2.455627,1
13544,0.288476,1
13545,0.552865,1
13546,0.129496,0
13547,0.38846,1
13548,1.749805,1
13549,1.283676,1
13550,1.83776,1
13551,1.586846,1
13552,0.335349,1
13553,0.865928,1
13554,0.149754,1
13555,0.321886,0
13556,0.817917,1
13557,3.155385,0
13558,1.371147,0
13559,1.769395,1
13560,4.078034,0
13561,1.340995,1
13562,0.573686,1
13563,0.448395,1
13564,5.416647,1
13565,1.685213,0
13566,0.150218,0
13567,1.744986,0
13568,0.926845,0
13569,0.572536,1
13570,0.998027,1
13571,0.773242,1
13572,1.367573,1
13573,0.417168,1
13574,0.226405,0
13575,4.422459,0
13576,2.487994,1
13577,0.707923,1
13578,0.266118,1
13579,0.130672,0
13580,0.343173,0
13581,2.819373,1
13582,0.646238,1
13583,1.17704,1
13584,0.756085,1
13585,0.950845,0
13586,0.658251,0
13587,1.921543,0
13588,0.140616,0
13589,0.493424,0
13590,0.118214,0
13591,1.066681,1
13592,1.085684,1
13593,0.639437,1
13594,1.811801,1
13595,1.708143,0
13596,0.129376,0
13597,0.766469,1
13598,0.894932,1
13599,1.355776,0
13600,1.170781,1
13601,5.141998,1
13602,0.975855,1
13603,0.492014,1
13604,0.35122,1
13605,1.202697,1
13606,1.34363,1
13607,1.727072,0
13608,5.324461,0
13609,1.192791,1
13610,1.819295,0
13611,3.279341,0
13612,0.251423,1
13613,5.426959,0
13614,2.546906,1
13615,1.550052,0
13616,5.652228,1
13617,0.227548,1
13618,0.133353,0
13619,2.124807,1
13620,4.815694,1
13621,0.514231,1
13622,1.408136,0
13623,1.569024,0
13624,0.615299,1
13625,0.155556,1
13626,0.957541,0
13627,1.849848,1
13628,1.776609,0
13629,5.059494,1
13630,1.508785,1
13631,3.963727,0
13632,0.841632,1
13633,2.43945,1
13634,0.241413,0
13635,3.933674,0
13636,0.400266,1
13637,0.209517,0
13638,1.551909,1
13639,5.436879,0
13640,1.840804,0
13641,0.128093,1
13642,1.966111,0
13643,4.35072,1
13644,4.881264,1
13645,0.165862,1
13646,1.217655,1
13647,0.280063,1
13648,0.63311,1
13649,0.179533,1
13650,2.808016,0
13651,3.072259,1
13652,0.421091,0
13653,2.925524,0
13654,0.939295,0
13655,4.026614,1
13656,2.22393,0
13657,0.142453,0
13658,0.132094,1
13659,5.181979,1
13660,3.77553,1
13661,1.797288,1
13662,0.480159,0
13663,0.162872,0
13664,3.785184,0
13665,1.284104,1
13666,0.32702,1
13667,0.244534,0
13668,4.654793,0
13669,1.974444,1
13670,2.733345,1
13671,5.478289,0
13672,0.715439,1
13673,1.073988,0
13674,0.31265,1
13675,1.476402,1
13676,2.61463,0
13677,1.869932,0
13678,0.106995,0
13679,1.435938,1
13680,1.361159,1
13681,3.716049,0
13682,2.060874,0
13683,2.452766,1
13684,2.898829,1
13685,2.106988,1
13686,0.53894,1
13687,0.406373,1
13688,2.941802,1
13689,0.500514,1
13690,2.843178,1
13691,5.19847,0
13692,0.566535,1
13693,1.911496,1
13694,0.37182,1
13695,4.091641,1
13696,5.517132,1
13697,5.182047,1
13698,0.12604,0
13699,3.217077,1
13700,1.054331,0
13701,1.867439,1
13702,3.372745,1
13703,1.707078,0
13704,4.589733,1
13705,0.467323,1
13706,1.255847,1
13707,0.146834,0
13708,0.570098,0
13709,0.532962,0
13710,1.260222,1
13711,0.226628,1
13712,1.148105,1
13713,1.0188,0
13714,0.199917,0
13715,1.5169,0
13716,2.174078,0
13717,2.618956,1
13718,0.371581,1
13719,0.704329,1
13720,3.681988,0
13721,0.201368,1
13722,0.223312,1
13723,1.939828,0
13724,2.920645,0
13725,1.022233,1
13726,2.138868,0
13727,1.323611,1
13728,2.004251,0
13729,4.482576,0
13730,0.64715,1
13731,2.739206,1
13732,0.203145,1
13733,0.899756,0
13734,1.126486,1
13735,1.497108,1
13736,3.541972,1
13737,0.763084,1
13738,0.559217,0
13739,2.359367,1
13740,2.775118,1
13741,3.067816,1
13742,0.34159,1
13743,1.097419,0
13744,0.587252,1
13745,0.330371,1
13746,3.273738,1
13747,1.218667,1
13748,1.76908,0
13749,0.718856,0
13750,0.610012,1
13751,0.251601,1
13752,0.282672,0
13753,0.19953,1
13754,0.215344,1
13755,4.45077,1
13756,1.565181,1
13757,0.515777,1
13758,0.125596,1
13759,4.184062,1
13760,0.383157,1
13761,0.25076,1
13762,0.532871,0
13763,0.574941,0
13764,0.170821,1
13765,0.159361,1
13766,2.006985,1
13767,5.020239,0
13768,1.800105,1
13769,0.423384,1
13770,1.706792,1
13771,0.302328,1
13772,0.538243,1
13773,0.220712,0
13774,1.51254,1
13775,5.212457,1
13776,4.766634,1
13777,2.838571,1
13778,0.258623,1
13779,0.953596,1
13780,0.135177,0
13781,0.602187,1
13782,2.841167,0
13783,0.183618,1
13784,1.55404,1
13785,0.593464,1
13786,2.090613,0
13787,0.641196,1
13788,0.575263,1
13789,2.286699,1
13790,5.361949,1
13791,0.762174,1
13792,0.77381,1
13793,3.623616,1
13794,0.898969,1
13795,1.350757,1
13796,0.996203,1
13797,2.357598,1
13798,0.326925,1
13799,3.763699,0
13800,4.338142,0
13801,3.907267,1
13802,3.837639,0
13803,0.467333,1
13804,0.758756,1
13805,0.691587,0
13806,1.114174,1
13807,2.489235,1
13808,3.396419,1
13809,1.566652,1
13810,1.747377,0
13811,2.39848,1
13812,0.264464,0
13813,3.017675,0
13814,0.454811,1
13815,0.819066,1
13816,0.978556,0
13817,1.585642,0
13818,1.376344,0
13819,4.2404,1
13820,3.053945,1
13821,3.678801,1
13822,0.34079,1
13823,0.257699,1
13824,0.197257,1
13825,4.411397,0
13826,4.185998,1
13827,0.240873,0
13828,0.418679,0
13829,1.633434,1
13830,2.120945,1
13831,0.151919,0
13832,0.322185,1
13833,1.099092,1
13834,0.693198,0
13835,1.212362,0
13836,4.822673,1
13837,0.408361,1
13838,1.798756,1
13839,1.769436,1
13840,1.116839,1
13841,2.383484,1
13842,0.280555,1
13843,0.305127,1
13844,0.865131,1
13845,2.173713,0
13846,1.786313,1
13847,0.544941,0
13848,1.218605,0
13849,0.216179,1
13850,0.855724,1
13851,0.427501,1
13852,1.893971,1
13853,0.84322,0
13854,0.513987,1
13855,0.815016,1
13856,4.312984,1
13857,0.522843,1
13858,0.25293,0
13859,0.14616,0
13860,0.581509,1
13861,0.369762,0
13862,0.393658,0
13863,0.661379,1
13864,0.131376,0
13865,3.234829,1
13866,1.456203,1
13867,1.853354,0
13868,0.120449,1
13869,1.246421,0
13870,2.508328,1
13871,0.567587,0
13872,0.157078,1
13873,0.190147,0
13874,1.515501,1
13875,0.541003,1
13876,0.202042,1
13877,0.943061,1
13878,0.224325,1
13879,0.650983,0
13880,1.289953,0
13881,0.479038,1
13882,0.180067,0
13883,0.693592,1
13884,0.153474,1
13885,0.913933,1
13886,2.044649,1
13887,0.283194,1
13888,0.38801,1
13889,3.920122,1
13890,0.682923,1
13891,1.168901,1
13892,0.131876,1
13893,1.81415,0
13894,2.614033,1
13895,0.515918,0
13896,2.779908,1
13897,0.448703,1
13898,0.957674,1
13899,4.150789,1
13900,2.013638,1
13901,4.462412,1
13902,0.405926,1
13903,0.296341,1
13904,0.504463,1
13905,0.404202,0
13906,0.608433,1
13907,3.522119,1
13908,0.318217,1
13909,1.722657,1
13910,0.171028,1
13911,0.482164,1
13912,0.142731,0
13913,1.034827,1
13914,0.474504,1
13915,0.824051,0
13916,1.781945,1
13917,0.889902,1
13918,0.168701,1
13919,0.36675,1
13920,1.395731,0
13921,1.67508,1
13922,0.748368,1
13923,0.178094,1
13924,0.443293,0
13925,4.153111,1
13926,0.506439,1
13927,3.486641,0
13928,3.560676,1
13929,4.547145,1
13930,0.443651,1
13931,0.220946,1
13932,1.595133,1
13933,0.576865,1
13934,0.427206,1
13935,0.412286,0
13936,0.299343,0
13937,0.484693,1
13938,3.065664,0
13939,3.381769,1
13940,1.319812,0
13941,2.281094,1
13942,1.914719,1
13943,0.130819,0
13944,4.171956,0
13945,0.165465,1
13946,1.939219,0
13947,2.361895,1
13948,5.41554,1
13949,2.724773,0
13950,3.21952,0
13951,0.676102,1
13952,0.42978,1
13953,0.9438,1
13954,5.441183,0
13955,1.610204,1
13956,0.361951,1
13957,4.591516,0
13958,2.562758,1
13959,1.416126,0
13960,4.389124,1
13961,0.171573,1
13962,3.549195,1
13963,0.256345,0
13964,0.77969,0
13965,1.928419,1
13966,2.389074,1
13967,0.136557,0
13968,0.694017,1
13969,2.056285,0
13970,4.484571,1
13971,1.57974,0
13972,0.719077,1
13973,2.221402,0
13974,0.689687,1
13975,4.242432,0
13976,0.46396,1
13977,1.669591,0
13978,2.102017,0
13979,5.436035,0
13980,0.19041,1
13981,4.134906,0
13982,2.690386,0
13983,0.843914,1
13984,0.226544,1
13985,0.782903,1
13986,0.506611,0
13987,0.836773,1
13988,0.541588,1
13989,4.103551,1
13990,0.425399,1
13991,2.237181,1
13992,4.945724,0
13993,2.748716,1
13994,0.186101,1
13995,3.585141,1
13996,1.470579,0
13997,5.362141,0
13998,2.143231,1
13999,0.210649,0
14000,0.586407,1
14001,2.358542,1
14002,1.715633,0
14003,5.819236,0
14004,0.325933,1
14005,0.417556,1
14006,1.98631,1
14007,1.586471,0
14008,6.034024,1
14009,1.424082,1
14010,1.690848,1
14011,0.762198,1
14012,1.644559,0
14013,0.684066,0
14014,0.028377,0
14015,1.422513,1
14016,0.310077,1
14017,0.43466,1
14018,0.106905,0
14019,1.980005,1
14020,1.203022,1
14021,2.103916,1
14022,0.212439,0
14023,2.268458,1
14024,3.434663,0
14025,0.92684,1
14026,0.114821,0
14027,0.434448,1
14028,0.392144,0
14029,3.733621,0
14030,1.491873,1
14031,0.862339,0
14032,2.739779,1
14033,0.519197,1
14034,0.614337,0
14035,1.181351,1
14036,0.367976,1
14037,1.690247,1
14038,0.821587,0
14039,2.360789,1
14040,0.45295,1
14041,0.137889,0
14042,0.187782,1
14043,0.340477,0
14044,2.054433,1
14045,0.630511,1
14046,0.41819,1
14047,0.309929,1
14048,0.899684,1
14049,1.061437,1
14050,0.15853,0
14051,0.611528,0
14052,0.522788,1
14053,5.850001,1
14054,0.589914,1
14055,0.801355,1
14056,2.500267,1
14057,2.74361,1
14058,1.699123,1
14059,0.774073,1
14060,0.826092,0
14061,1.177915,0
14062,0.217641,1
14063,1.268943,0
14064,0.403665,1
14065,0.191797,0
14066,0.37821,1
14067,0.186681,0
14068,2.903817,1
14069,2.940067,0
14070,0.698448,1
14071,1.7185,1
14072,0.153415,0
14073,4.384628,0
14074,1.998131,0
14075,0.633851,1
14076,4.788698,0
14077,0.170552,0
14078,0.132556,0
14079,1.116501,1
14080,4.001883,1
14081,0.308297,1
14082,0.42494,1
14083,0.216341,0
14084,0.933924,0
14085,0.509422,1
14086,0.169298,0
14087,0.603933,1
14088,1.391664,0
14089,2.535446,0
14090,0.396759,1
14091,0.619135,1
14092,0.785828,1
14093,1.329535,0
14094,0.458064,1
14095,0.156487,0
14096,0.751115,0
14097,0.31799,0
14098,2.607476,0
14099,0.824333,1
14100,0.072678,0
14101,5.460458,0
14102,2.41858,1
14103,0.792948,0
14104,1.091859,1
14105,0.437169,1
14106,2.555932,1
14107,1.987063,1
14108,1.654969,0
14109,1.522844,1
14110,1.217211,1
14111,1.157313,0
14112,3.276656,0
14113,2.370131,0
14114,1.019539,0
14115,0.648561,1
14116,1.769366,1
14117,0.1747,1
14118,1.988144,0
14119,2.671093,1
14120,1.047034,1
14121,1.053035,1
14122,1.710554,1
14123,2.552007,1
14124,0.642529,0
14125,1.201862,1
14126,0.99289,1
14127,3.785037,0
14128,2.64717,1
14129,3.972429,1
14130,0.289163,1
14131,2.607799,1
14132,2.76599,0
14133,1.570013,0
14134,1.349705,0
14135,1.658542,0
14136,4.156317,0
14137,0.591004,1
14138,0.394657,1
14139,3.945831,1
14140,1.4992,1
14141,0.946722,1
14142,2.743815,0
14143,2.834708,1
14144,6.587643,1
14145,0.389538,1
14146,1.401288,0
14147,3.882876,1
14148,0.30222,0
14149,0.139464,0
14150,5.923298,1
14151,2.73457,0
14152,2.764098,1
14153,4.678585,0
14154,1.052117,0
14155,5.022669,1
14156,3.789618,1
14157,1.316897,0
14158,0.276571,0
14159,1.777311,0
14160,1.367184,0
14161,0.378628,1
14162,0.368418,0
14163,0.189864,0
14164,3.734207,1
14165,1.283092,0
14166,1.253611,1
14167,1.049461,1
14168,1.972184,1
14169,4.811754,0
14170,2.34655,1
14171,6.097538,1
14172,0.720788,1
14173,0.478358,1
14174,3.468201,0
14175,0.599497,0
14176,0.845756,0
14177,2.829006,0
14178,0.51961,1
14179,0.100567,1
14180,2.269223,1
14181,4.265777,1
14182,5.235827,0
14183,0.270537,1
14184,2.310492,1
14185,0.318709,0
14186,0.191716,1
14187,3.306415,1
14188,0.958695,0
14189,1.098568,1
14190,0.344658,1
14191,0.126884,1
14192,0.58505,1
14193,0.277054,1
14194,0.416674,0
14195,2.045548,1
14196,0.408357,1
14197,1.647229,1
14198,0.358258,1
14199,0.189242,1
14200,1.670303,0
14201,4.411747,1
14202,0.734934,1
14203,1.69616,1
14204,0.130876,0
14205,0.705806,1
14206,4.172082,0
14207,0.178089,1
14208,0.506945,1
14209,1.781596,0
14210,0.786559,1
14211,0.10857,0
14212,2.214052,0
14213,2.000174,1
14214,4.032655,0
14215,3.029465,1
14216,2.301657,1
14217,0.627227,1
14218,4.385206,1
14219,0.469389,1
14220,4.225887,1
14221,2.918169,0
14222,1.864646,1
14223,4.546705,0
14224,1.245994,1
14225,5.312091,0
14226,2.250813,0
14227,3.637842,1
14228,0.361735,1
14229,1.393129,1
14230,1.926868,1
14231,1.76139,0
14232,0.265036,1
14233,1.321887,0
14234,0.18597,0
14235,0.694112,1
14236,1.330994,1
14237,2.632441,0
14238,0.538114,0
14239,1.139457,1
14240,1.299948,0
14241,0.588183,1
14242,0.877929,0
14243,0.398121,1
14244,0.126013,0
14245,1.601931,1
14246,4.254395,1
14247,0.455583,1
14248,0.543083,1
14249,0.683903,1
14250,0.345112,1
14251,0.342274,0
14252,1.500567,0
14253,0.599261,0
14254,0.101268,0
14255,0.178819,1
14256,3.093516,1
14257,3.153844,0
14258,1.126125,1
14259,1.142767,1
14260,0.415109,0
14261,0.535887,1
14262,1.953994,1
14263,0.643761,1
14264,0.595645,1
14265,1.189554,1
14266,0.579855,1
14267,2.57069,1
14268,0.444707,1
14269,0.556872,1
14270,0.238369,0
14271,0.201039,1
14272,0.323445,1
14273,0.94145,0
14274,2.016442,1
14275,3.753489,0
14276,0.703451,1
14277,5.644034,1
14278,1.122896,1
14279,0.469769,1
14280,1.135287,1
14281,1.556066,1
14282,1.749904,1
14283,0.175332,1
14284,4.451844,1
14285,5.583325,0
14286,0.561035,1
14287,0.846307,1
14288,1.665263,1
14289,1.368266,1
14290,0.66736,1
14291,4.367158,1
14292,0.413655,1
14293,3.803668,1
14294,2.013505,0
14295,3.584144,1
14296,0.147863,1
14297,0.812198,1
14298,0.335191,1
14299,0.09931,0
14300,0.378481,1
14301,0.16865,0
14302,0.177255,0
14303,2.78693,0
14304,2.242589,1
14305,2.855161,1
14306,0.182281,1
14307,1.200055,1
14308,1.109894,0
14309,3.982026,0
14310,0.417731,1
14311,3.011686,1
14312,4.102448,1
14313,0.722179,1
14314,3.490891,1
14315,4.341391,1
14316,0.157682,1
14317,0.499815,0
14318,1.959965,0
14319,0.402024,0
14320,0.635635,1
14321,0.630118,1
14322,1.343894,1
14323,0.407905,0
14324,0.777095,1
14325,0.732391,1
14326,0.386343,0
14327,0.636631,0
14328,0.166562,0
14329,0.768472,1
14330,1.968594,1
14331,0.225752,0
14332,1.830136,1
14333,1.459698,1
14334,5.414343,1
14335,0.405325,1
14336,6.023033,0
14337,0.69918,1
14338,0.268082,0
14339,1.460219,1
14340,0.180828,0
14341,3.427339,0
14342,2.485485,1
14343,1.270503,0
14344,0.300817,1
14345,0.345958,1
14346,5.707516,0
14347,1.33212,1
14348,0.608842,1
14349,0.322302,1
14350,0.335441,0
14351,0.361361,1
14352,1.388899,1
14353,1.829756,0
14354,0.23586,0
14355,1.223379,0
14356,1.681928,0
14357,0.804755,0
14358,0.326761,1
14359,0.189649,0
14360,4.089571,0
14361,0.628694,0
14362,0.262224,1
14363,2.322899,1
14364,0.386946,0
14365,0.59381,1
14366,0.433512,1
14367,0.112529,0
14368,5.906658,1
14369,1.588011,1
14370,0.317588,1
14371,5.435303,0
14372,0.477398,1
14373,0.665591,0
14374,2.02188,1
14375,1.560458,1
14376,0.213528,1
14377,0.828409,1
14378,3.537024,1
14379,0.2212,0
14380,1.681687,0
14381,3.025489,1
14382,0.528602,0
14383,2.477672,1
14384,1.407938,0
14385,0.126825,1
14386,3.376583,0
14387,0.053968,0
14388,1.575339,1
14389,0.295206,1
14390,0.702085,1
14391,4.001824,0
14392,0.955517,1
14393,0.820941,1
14394,0.903488,0
14395,1.443849,1
14396,2.451145,0
14397,1.050103,0
14398,0.367636,1
14399,0.975617,1
14400,2.262087,1
14401,2.643786,0
14402,0.503847,1
14403,0.342613,1
14404,1.872703,1
14405,2.423798,0
14406,0.118918,0
14407,1.277241,1
14408,0.577377,1
14409,0.075142,0
14410,2.546247,0
14411,3.890268,0
14412,0.518861,1
14413,5.654499,0
14414,0.276979,0
14415,0.165678,0
14416,2.061444,1
14417,1.280843,1
14418,0.531499,1
14419,0.688363,1
14420,1.462018,1
14421,0.604033,0
14422,2.826293,1
14423,2.007786,1
14424,0.907273,1
14425,0.354904,1
14426,1.180353,1
14427,0.235595,0
14428,3.989144,1
14429,0.804376,0
14430,2.015512,1
14431,2.558575,0
14432,0.518203,1
14433,0.444707,1
14434,0.553587,0
14435,4.491978,1
14436,1.181263,1
14437,1.783463,1
14438,0.514489,1
14439,0.119594,0
14440,0.775227,0
14441,4.438065,1
14442,0.222673,0
14443,1.392402,1
14444,3.914915,0
14445,0.734705,0
14446,3.956619,0
14447,0.256589,1
14448,1.745632,1
14449,0.263302,1
14450,0.083165,1
14451,1.549999,1
14452,3.023337,0
14453,0.112127,0
14454,1.795683,0
14455,0.445749,0
14456,0.77386,0
14457,0.741004,1
14458,4.656685,1
14459,3.300973,1
14460,2.255124,1
14461,0.486143,1
14462,0.491825,0
14463,2.896453,1
14464,0.399641,1
14465,0.788406,1
14466,2.378542,1
14467,4.341709,1
14468,4.516469,1
14469,1.576052,0
14470,0.263109,1
14471,2.363184,1
14472,0.58223,0
14473,2.361014,0
14474,2.366355,1
14475,0.275301,1
14476,0.206585,1
14477,3.776544,1
14478,0.795029,1
14479,0.157003,1
14480,3.155199,1
14481,0.800121,1
14482,1.85477,1
14483,1.10555,1
14484,1.548984,0
14485,2.287217,1
14486,1.17325,0
14487,0.716057,1
14488,4.700438,1
14489,0.487495,1
14490,1.23895,0
14491,0.553172,0
14492,1.40335,0
14493,1.364338,1
14494,1.241752,0
14495,1.688847,0
14496,0.435192,1
14497,2.133381,0
14498,5.96942,0
14499,0.378795,0
14500,0.393157,0
14501,0.635074,1
14502,1.623631,1
14503,1.423837,1
14504,0.187072,0
14505,1.806562,0
14506,2.256705,1
14507,0.231554,0
14508,4.186379,0
14509,0.828424,0
14510,2.34778,1
14511,2.25251,0
14512,5.624615,1
14513,0.165677,0
14514,1.367013,1
14515,0.263757,0
14516,5.605019,0
14517,6.510656,1
14518,2.341812,1
14519,1.876387,0
14520,2.722703,1
14521,4.77268,1
14522,1.223129,1
14523,0.862162,0
14524,3.284181,1
14525,4.814437,1
14526,0.706758,1
14527,4.087928,1
14528,3.849441,1
14529,1.89281,1
14530,0.149243,1
14531,0.621689,1
14532,0.306732,0
14533,0.940778,0
14534,0.389655,1
14535,0.720213,1
14536,0.288248,1
14537,1.95597,1
14538,3.81559,0
14539,1.15943,1
14540,0.445171,1
14541,1.359025,0
14542,0.28673,0
14543,2.461206,1
14544,1.681747,1
14545,2.20959,1
14546,0.767449,1
14547,1.045239,0
14548,0.177953,1
14549,1.027729,1
14550,0.819222,1
14551,0.463793,1
14552,0.436232,0
14553,0.335993,1
14554,0.252896,1
14555,2.595065,0
14556,1.654984,1
14557,0.770249,0
14558,2.300288,0
14559,1.288108,1
14560,2.682909,1
14561,3.921795,1
14562,1.907416,0
14563,1.349562,0
14564,1.367363,1
14565,4.628913,0
14566,1.705777,0
14567,1.296712,1
14568,0.236823,0
14569,1.142229,1
14570,0.79192,0
14571,1.239303,1
14572,4.667083,0
14573,0.457792,1
14574,1.591682,1
14575,0.1279,1
14576,0.497338,0
14577,1.457337,0
14578,0.684029,1
14579,0.129104,1
14580,1.185426,1
14581,1.498728,1
14582,0.401451,1
14583,0.132606,0
14584,0.713246,0
14585,1.901853,1
14586,0.592772,1
14587,0.292425,1
14588,0.218472,1
14589,4.044884,0
14590,0.596859,1
14591,1.462536,0
14592,2.459832,1
14593,4.027682,1
14594,1.05908,1
14595,1.391038,1
14596,1.025462,1
14597,0.657402,1
14598,1.155159,1
14599,1.552686,0
14600,0.239002,1
14601,2.686174,1
14602,2.631972,0
14603,0.645073,0
14604,5.250544,1
14605,0.406645,1
14606,1.424723,0
14607,3.03707,1
14608,2.845057,0
14609,3.061331,0
14610,0.095011,0
14611,0.905248,1
14612,0.100481,1
14613,0.368711,0
14614,2.550989,0
14615,0.323002,1
14616,1.276805,1
14617,0.767836,1
14618,0.456053,1
14619,2.217374,1
14620,0.944379,0
14621,0.460492,0
14622,2.021587,1
14623,0.61575,1
14624,6.143829,0
14625,5.707723,1
14626,0.321644,1
14627,0.263535,1
14628,0.192903,0
14629,0.422525,1
14630,1.939153,1
14631,2.672585,1
14632,0.188843,1
14633,0.829096,0
14634,0.632742,0
14635,2.602828,0
14636,0.296493,1
14637,2.782879,1
14638,0.208712,0
14639,2.365628,1
14640,6.044561,0
14641,1.821875,0
14642,0.760438,1
14643,2.25516,1
14644,1.990624,1
14645,0.658764,0
14646,4.824426,1
14647,0.542555,1
14648,1.52145,0
14649,2.63315,1
14650,0.935618,0
14651,1.052617,1
14652,1.809935,0
14653,0.249119,1
14654,0.20545,0
14655,0.169294,0
14656,0.190764,0
14657,2.647991,0
14658,1.93193,1
14659,0.128687,0
14660,0.233185,0
14661,2.264991,0
14662,0.58803,1
14663,0.76822,1
14664,0.29639,1
14665,0.834893,1
14666,2.418949,1
14667,0.80551,1
14668,3.313556,0
14669,0.445269,0
14670,0.249061,1
14671,0.819405,1
14672,0.152245,0
14673,0.176953,1
14674,0.5313,1
14675,3.78934,1
14676,0.317681,0
14677,0.500773,1
14678,0.488716,1
14679,1.692654,1
14680,3.357629,1
14681,1.828154,1
14682,1.250036,1
14683,0.256808,1
14684,2.010367,1
14685,0.808116,1
14686,3.359148,1
14687,0.830045,1
14688,0.171703,1
14689,3.860828,1
14690,0.987068,0
14691,0.154695,1
14692,3.707734,0
14693,2.123431,1
14694,1.278465,1
14695,2.639383,1
14696,1.793171,0
14697,3.142299,0
14698,1.626125,1
14699,1.019452,0
14700,0.321154,1
14701,1.202586,1
14702,1.770826,0
14703,4.608745,1
14704,2.830208,1
14705,0.75241,1
14706,4.388176,1
14707,0.378513,0
14708,5.447165,1
14709,5.2693,0
14710,0.464427,0
14711,0.224502,1
14712,0.436555,1
14713,0.323297,1
14714,3.879499,1
14715,0.871265,0
14716,0.269769,1
14717,4.554549,1
14718,0.162407,1
14719,1.29177,1
14720,0.211506,1
14721,1.050107,1
14722,0.208913,0
14723,2.148164,1
14724,1.38315,0
14725,6.720837,0
14726,0.415315,1
14727,2.126929,0
14728,1.199187,0
14729,3.328167,0
14730,0.501457,1
14731,1.323337,0
14732,2.540074,1
14733,0.202901,1
14734,0.34776,1
14735,0.80168,0
14736,1.962357,1
14737,1.122083,1
14738,1.200091,1
14739,0.277721,0
14740,2.60548,1
14741,1.702159,1
14742,0.239637,1
14743,4.698276,1
14744,0.434578,1
14745,1.16785,1
14746,1.123538,0
14747,0.180108,0
14748,0.664162,0
14749,2.513764,1
14750,0.564988,1
14751,2.272161,0
14752,0.830316,1
14753,2.445284,1
14754,1.100158,1
14755,0.174556,1
14756,1.032812,0
14757,0.588836,1
14758,0.349244,1
14759,0.172709,1
14760,4.898914,1
14761,0.602155,1
14762,0.287835,0
14763,0.306703,1
14764,0.438126,1
14765,0.121543,0
14766,1.501493,1
14767,1.027,0
14768,0.267726,1
14769,0.230621,0
14770,4.086978,1
14771,3.483641,1
14772,1.539967,0
14773,1.242553,0
14774,1.515554,1
14775,0.378242,1
14776,1.445068,1
14777,0.473278,0
14778,0.645419,1
14779,1.00233,0
14780,0.79329,1
14781,0.561104,1
14782,0.276993,1
14783,2.582212,1
14784,2.286319,0
14785,0.139057,0
14786,0.180861,1
14787,1.996952,0
14788,0.409337,0
14789,0.399619,1
14790,0.518902,1
14791,0.284439,0
14792,4.909742,1
14793,3.257017,1
14794,2.597785,0
14795,2.684423,1
14796,1.734591,1
14797,0.106234,0
14798,3.080426,0
14799,2.768937,1
14800,0.375512,0
14801,4.421582,1
14802,0.961904,1
14803,0.890973,1
14804,0.354384,1
14805,5.996163,1
14806,0.132285,1
14807,0.558027,1
14808,0.611915,1
14809,1.196225,1
14810,1.559032,1
14811,0.689564,1
14812,1.43405,1
14813,0.341203,1
14814,4.438845,0
14815,2.855275,0
14816,0.913934,1
14817,0.255165,1
14818,0.238122,0
14819,0.117888,0
14820,1.765941,1
14821,0.196236,1
14822,0.757296,1
14823,0.147459,0
14824,1.840065,1
14825,0.630884,1
14826,1.731496,1
14827,0.52949,1
14828,2.03628,1
14829,4.281393,1
14830,2.758397,1
14831,3.541566,0
14832,1.942649,1
14833,0.582188,0
14834,0.438121,0
14835,0.374893,1
14836,1.390198,1
14837,3.163863,1
14838,1.411879,0
14839,0.34604,1
14840,0.541863,0
14841,4.048435,0
14842,0.128451,0
14843,0.239732,1
14844,3.340636,1
14845,0.544613,1
14846,0.778364,1
14847,0.243843,0
14848,1.976023,0
14849,4.871632,0
14850,1.005683,1
14851,5.987661,0
14852,0.375322,1
14853,0.935027,0
14854,5.795934,1
14855,6.45676,1
14856,0.946807,1
14857,4.157126,1
14858,0.598075,1
14859,3.168861,1
14860,0.115786,0
14861,5.902883,0
14862,0.410225,1
14863,1.357918,1
14864,1.396789,0
14865,1.324656,1
14866,3.987421,1
14867,1.204096,0
14868,0.146718,1
14869,0.145221,1
14870,0.135064,0
14871,1.061625,1
14872,0.171466,0
14873,1.124554,1
14874,2.215324,0
14875,1.179048,1
14876,0.390565,0
14877,2.934077,0
14878,2.328473,0
14879,0.682738,0
14880,1.701921,0
14881,0.512851,0
14882,3.924684,1
14883,5.79954,1
14884,0.462561,1
14885,1.749699,1
14886,0.535408,0
14887,2.743012,1
14888,0.87049,1
14889,1.970203,0
14890,0.177494,1
14891,0.578498,1
14892,1.614325,1
14893,4.822429,1
14894,0.146641,1
14895,1.218265,0
14896,2.528828,1
14897,0.689344,1
14898,3.099264,1
14899,3.507627,1
14900,0.46475,1
14901,0.461948,1
14902,0.200213,1
14903,1.550598,1
14904,1.231696,1
14905,1.000403,1
14906,0.444771,1
14907,2.366516,1
14908,1.035678,0
14909,2.477569,1
14910,4.553017,1
14911,0.313362,0
14912,4.670409,0
14913,1.006956,1
14914,0.587846,0
14915,2.054179,1
14916,0.767314,1
14917,2.161177,1
14918,3.406897,1
14919,1.561137,1
14920,0.182304,1
14921,0.519662,1
14922,2.251922,0
14923,1.07858,1
14924,0.404971,0
14925,0.854435,1
14926,2.233805,1
14927,0.191815,0
14928,2.780778,1
14929,3.459712,1
14930,1.93288,0
14931,0.372453,0
14932,0.207252,1
14933,1.90921,1
14934,0.245847,1
14935,0.345826,0
14936,4.762143,1
14937,0.253898,1
14938,2.937353,1
14939,5.889726,0
14940,2.201345,1
14941,1.262151,1
14942,0.374654,1
14943,0.509762,1
14944,1.224861,1
14945,1.90713,1
14946,0.814698,0
14947,0.751102,1
14948,5.261517,0
14949,1.616213,1
14950,1.709455,0
14951,0.657003,1
14952,0.960541,1
14953,0.055707,0
14954,0.725569,1
14955,5.646455,0
14956,6.675511,1
14957,4.147451,0
14958,3.753976,0
14959,4.78147,1
14960,1.599963,1
14961,0.42928,0
14962,2.083758,0
14963,1.321986,0
14964,0.13085,1
14965,0.284267,1
14966,0.181389,0
14967,2.420003,1
14968,4.669185,1
14969,4.292974,1
14970,4.386078,1
14971,0.761601,1
14972,0.278695,0
14973,1.358011,1
14974,0.680104,0
14975,0.454629,0
14976,0.945858,1
14977,2.08271,0
14978,0.129844,0
14979,0.280535,1
14980,0.039007,0
14981,0.976527,0
14982,4.297256,1
14983,5.141261,0
14984,0.357006,1
14985,3.166213,1
14986,0.402281,0
14987,0.507928,1
14988,0.287219,0
14989,3.604007,1
14990,1.705371,0
14991,1.360935,0
14992,0.829391,1
14993,0.354204,1
14994,0.621054,1
14995,2.653071,0
14996,2.969382,0
14997,0.925809,1
14998,1.842965,1
14999,5.312813,0
15000,0.132734,0
15001,0.307924,1
15002,4.231001,1
15003,0.855618,1
15004,0.155957,1
15005,1.220184,1
15006,0.193672,1
15007,0.38823,0
15008,0.908722,0
15009,1.911524,1
15010,0.188966,0
15011,0.259477,1
15012,1.887727,0
15013,0.301546,1
15014,2.77021,1
15015,0.357764,1
15016,0.405538,0
15017,1.509894,0
15018,0.244428,1
15019,1.650228,1
15020,1.334329,1
15021,2.159704,0
15022,0.185672,1
15023,0.757416,1
15024,3.061285,1
15025,0.288747,0
15026,0.610359,0
15027,1.950522,0
15028,0.679662,1
15029,0.681157,1
15030,3.996083,1
15031,1.965198,1
15032,3.709622,1
15033,0.141759,0
15034,2.268223,1
15035,0.675075,0
15036,5.306827,1
15037,3.107402,0
15038,1.568647,1
15039,3.317751,1
15040,0.30358,1
15041,0.248525,1
15042,0.42192,1
15043,0.377932,1
15044,0.472171,1
15045,0.239387,1
15046,4.22392,1
15047,1.537571,0
15048,1.891324,1
15049,0.804483,1
15050,1.269099,1
15051,0.460766,0
15052,2.796487,1
15053,2.159807,1
15054,0.621647,1
15055,0.603876,0
15056,2.69239,1
15057,0.385334,1
15058,0.40891,1
15059,2.014731,0
15060,4.416005,1
15061,0.230188,0
15062,0.202316,1
15063,4.087198,0
15064,0.936323,0
15065,0.175206,1
15066,4.19608,0
15067,1.172117,1
15068,1.266249,1
15069,3.752191,0
15070,1.458804,1
15071,0.197367,0
15072,0.542172,1
15073,0.149247,0
15074,0.365491,1
15075,0.424582,1
15076,0.723696,1
15077,1.716354,1
15078,4.552395,1
15079,0.250197,1
15080,0.20093,1
15081,0.363023,1
15082,2.770089,0
15083,4.099084,1
15084,1.332714,0
15085,0.303494,1
15086,0.349393,1
15087,3.578192,1
15088,0.143327,1
15089,1.299935,0
15090,5.948274,1
15091,0.22765,1
15092,0.434607,1
15093,1.223021,1
15094,4.417096,1
15095,3.625975,0
15096,0.233659,1
15097,3.147763,1
15098,0.378904,0
15099,0.623267,1
15100,1.376163,1
15101,4.238213,0
15102,3.672751,1
15103,0.118028,0
15104,0.461023,1
15105,2.545881,1
15106,2.467826,1
15107,1.396103,1
15108,1.584523,0
15109,3.878616,0
15110,0.161525,0
15111,1.744039,1
15112,1.626126,0
15113,0.223108,0
15114,0.438066,0
15115,3.131749,1
15116,1.645555,1
15117,0.07711,1
15118,1.291862,1
15119,0.630674,1
15120,3.936781,0
15121,0.251948,1
15122,0.198833,1
15123,4.557697,1
15124,0.324733,1
15125,1.507113,1
15126,0.364302,0
15127,0.121735,0
15128,2.240875,1
15129,0.443666,0
15130,0.437196,1
15131,3.955103,0
15132,1.221417,0
15133,2.48676,1
15134,2.989011,1
15135,0.251401,1
15136,0.351898,0
15137,0.848416,1
15138,0.547461,1
15139,1.830548,0
15140,1.845877,1
15141,2.042338,1
15142,2.305941,0
15143,1.010321,1
15144,5.489523,1
15145,2.424626,1
15146,1.652106,1
15147,3.411507,1
15148,6.047017,0
15149,0.860906,1
15150,1.91128,0
15151,0.320668,1
15152,0.910165,0
15153,0.321545,1
15154,0.665397,1
15155,0.357952,1
15156,0.401068,1
15157,1.413837,0
15158,1.128823,0
15159,4.889876,0
15160,1.538553,0
15161,2.403947,1
15162,0.152618,0
15163,5.523098,1
15164,1.327177,1
15165,0.677258,0
15166,0.914648,1
15167,4.04445,1
15168,0.238202,1
15169,0.678909,0
15170,0.640914,1
15171,0.384861,1
15172,0.394031,1
15173,4.154031,1
15174,3.201878,1
15175,1.539696,1
15176,0.267602,1
15177,0.921679,1
15178,1.399643,0
15179,1.466035,0
15180,0.973545,1
15181,4.158582,0
15182,5.74046,0
15183,1.900923,1
15184,0.225352,1
15185,1.622913,0
15186,0.342047,1
15187,0.110912,0
15188,0.272379,1
15189,0.141465,1
15190,0.394178,1
15191,0.302591,1
15192,0.973904,1
15193,0.204079,1
15194,0.230644,1
15195,0.589305,0
15196,2.498857,1
15197,0.498039,1
15198,5.807061,1
15199,5.18235,1
15200,0.801844,1
15201,0.940536,1
15202,0.651144,0
15203,0.779113,1
15204,2.52861,1
15205,2.497936,1
15206,1.403644,1
15207,0.524279,1
15208,0.091929,0
15209,0.500089,1
15210,1.499382,1
15211,0.511189,1
15212,0.697027,0
15213,1.006056,1
15214,0.289434,0
15215,4.316675,0
15216,0.731788,1
15217,3.891277,1
15218,1.127316,1
15219,0.480996,1
15220,2.137901,1
15221,5.514838,1
15222,0.205515,0
15223,1.254698,1
15224,0.767299,1
15225,0.493797,1
15226,0.576523,1
15227,1.477133,1
15228,0.37937,1
15229,5.636767,0
15230,0.946362,0
15231,1.473414,0
15232,0.872588,0
15233,0.57917,1
15234,4.580852,1
15235,0.180878,1
15236,2.466624,0
15237,0.580356,0
15238,1.506662,1
15239,0.205709,0
15240,0.355214,1
15241,3.066438,1
15242,2.513102,0
15243,1.286054,1
15244,2.00161,1
15245,0.281315,0
15246,1.861655,0
15247,0.547005,0
15248,1.121505,0
15249,0.336632,1
15250,0.520058,1
15251,0.635063,1
15252,0.492275,1
15253,2.397143,1
15254,4.072197,0
15255,0.674668,1
15256,0.412435,0
15257,1.344206,0
15258,0.438591,1
15259,1.21648,1
15260,0.619768,1
15261,1.742135,1
15262,0.504653,0
15263,0.44389,1
15264,0.501514,1
15265,5.196685,1
15266,3.357627,0
15267,2.648946,0
15268,4.112624,1
15269,0.821664,0
15270,1.868286,1
15271,0.244635,0
15272,0.091401,0
15273,0.581675,1
15274,4.917116,1
15275,0.472069,1
15276,0.472974,0
15277,1.092357,1
15278,2.616545,0
15279,4.441784,1
15280,0.333691,1
15281,3.668941,0
15282,0.850864,1
15283,0.534684,1
15284,3.123494,1
15285,0.524257,1
15286,5.536867,1
15287,5.826326,0
15288,2.928812,1
15289,2.538623,0
15290,0.698606,0
15291,0.368044,1
15292,0.1668,0
15293,0.553545,1
15294,0.197521,1
15295,0.444539,1
15296,0.20328,0
15297,0.426898,1
15298,4.147249,0
15299,0.160461,0
15300,0.178106,0
15301,1.600491,1
15302,1.965583,1
15303,2.018945,1
15304,0.206641,1
15305,0.376542,0
15306,4.875685,1
15307,4.754302,0
15308,0.190482,0
15309,4.334664,0
15310,4.979121,0
15311,0.628304,1
15312,0.319898,1
15313,4.867484,0
15314,0.404227,1
15315,0.5637,0
15316,5.661226,0
15317,2.131396,1
15318,3.373221,0
15319,4.254062,1
15320,2.439678,1
15321,1.364075,0
15322,0.185145,0
15323,1.192822,1
15324,0.30442,1
15325,2.819201,0
15326,0.60814,0
15327,1.961745,0
15328,0.405118,1
15329,2.670085,1
15330,1.816376,1
15331,0.500875,0
15332,0.462704,0
15333,1.079201,1
15334,0.990361,1
15335,0.422388,0
15336,0.488646,0
15337,3.810735,0
15338,2.249392,1
15339,3.186925,1
15340,0.802889,1
15341,0.98017,1
15342,0.469395,0
15343,1.164142,1
15344,3.955304,1
15345,3.689224,0
15346,0.624009,1
15347,3.435246,1
15348,5.522148,1
15349,0.305985,0
15350,0.493796,1
15351,2.633897,1
15352,1.973484,1
15353,0.399074,0
15354,3.627399,1
15355,5.61463,1
15356,3.893978,0
15357,1.126059,1
15358,2.934593,1
15359,1.264213,1
15360,1.641454,1
15361,0.426452,1
15362,1.519915,1
15363,2.185989,1
15364,2.929898,0
15365,3.979035,1
15366,2.275347,1
15367,0.146428,0
15368,0.332824,1
15369,2.411196,0
15370,2.020139,0
15371,0.558361,0
15372,0.793523,0
15373,1.502597,1
15374,1.782073,0
15375,0.961374,1
15376,0.363429,1
15377,3.368485,0
15378,3.563115,0
15379,6.612803,1
15380,0.722012,1
15381,1.991839,0
15382,1.831036,1
15383,0.704329,1
15384,2.261053,0
15385,5.914493,0
15386,0.680019,0
15387,0.443189,1
15388,0.690936,1
15389,0.505529,1
15390,3.118767,1
15391,0.647885,0
15392,3.259929,1
15393,1.225888,0
15394,2.364753,1
15395,0.249531,1
15396,1.725521,0
15397,0.50993,1
15398,0.686454,0
15399,0.298116,1
15400,0.732941,0
15401,5.215352,1
15402,1.187474,1
15403,1.139312,1
15404,0.599147,1
15405,0.463845,1
15406,3.624295,0
15407,0.773977,1
15408,4.065536,1
15409,1.209919,0
15410,4.795984,0
15411,2.365545,0
15412,1.319529,0
15413,1.898571,0
15414,1.027153,1
15415,0.283798,1
15416,0.669504,0
15417,0.168568,0
15418,0.585746,1
15419,0.532931,1
15420,0.635631,1
15421,0.14859,0
15422,1.729606,0
15423,0.06541,0
15424,2.09791,1
15425,4.014439,0
15426,1.606939,1
15427,4.353135,0
15428,2.207949,1
15429,0.140082,0
15430,5.70681,0
15431,5.127892,1
15432,1.239594,1
15433,2.163852,1
15434,0.412427,1
15435,2.504498,0
15436,2.417372,1
15437,0.292194,1
15438,2.605557,0
15439,0.853174,1
15440,0.354614,0
15441,1.289528,1
15442,1.814537,1
15443,0.5923,1
15444,2.973636,0
15445,3.998029,1
15446,0.365702,1
15447,0.715868,1
15448,5.133635,1
15449,2.507405,1
15450,6.149458,1
15451,0.502678,1
15452,4.395678,0
15453,0.239364,1
15454,0.49904,1
15455,0.248309,1
15456,3.763362,1
15457,2.177239,0
15458,0.262612,1
15459,2.692594,1
15460,0.199832,1
15461,0.166564,1
15462,0.745197,1
15463,0.555339,1
15464,3.021141,1
15465,0.524266,1
15466,2.203677,1
15467,1.471398,1
15468,0.489328,1
15469,0.334245,1
15470,0.774999,1
15471,3.844077,0
15472,1.96207,1
15473,5.412306,1
15474,0.644894,1
15475,3.831331,0
15476,0.434805,1
15477,2.595299,0
15478,0.471022,1
15479,1.720657,1
15480,0.45882,1
15481,4.321835,1
15482,4.016277,0
15483,0.131761,0
15484,0.315833,0
15485,3.869937,1
15486,0.525242,1
15487,1.707723,0
15488,1.417771,0
15489,0.364064,0
15490,1.761933,0
15491,0.792129,1
15492,0.553581,0
15493,3.193655,1
15494,0.880155,1
15495,0.379023,1
15496,1.334665,1
15497,0.492283,1
15498,0.295269,0
15499,0.274352,0
15500,0.227708,1
15501,0.630862,1
15502,0.205576,1
15503,0.385383,0
15504,1.235103,1
15505,3.613975,1
15506,3.201566,1
15507,2.820207,1
15508,0.801741,1
15509,1.331375,0
15510,4.155513,0
15511,0.235492,0
15512,1.680187,1
15513,2.42204,1
15514,1.558803,1
15515,0.654215,1
15516,0.367827,1
15517,0.300634,1
15518,2.395642,1
15519,0.265435,0
15520,0.502572,1
15521,3.590304,1
15522,0.401106,1
15523,1.333409,0
15524,3.831594,0
15525,1.299945,1
15526,0.179203,0
15527,2.807995,0
15528,4.721831,1
15529,4.278297,1
15530,4.306985,1
15531,0.764389,1
15532,1.054657,1
15533,5.544601,1
15534,0.32446,0
15535,0.095575,1
15536,2.544081,1
15537,0.532804,1
15538,0.906596,0
15539,5.440784,1
15540,3.895279,1
15541,2.241542,1
15542,1.149815,1
15543,1.437359,1
15544,3.963338,1
15545,2.226811,0
15546,0.412935,0
15547,2.238128,1
15548,1.323889,1
15549,1.555247,1
15550,4.675605,0
15551,5.358074,1
15552,0.917484,1
15553,6.421626,0
15554,5.72482,0
15555,0.204989,0
15556,1.003017,0
15557,1.732817,0
15558,1.642951,0
15559,2.633607,0
15560,0.3467,1
15561,2.111375,1
15562,0.904324,1
15563,0.794317,1
15564,6.335263,1
15565,0.5879,1
15566,0.121116,0
15567,0.489638,0
15568,0.891494,1
15569,0.708116,1
15570,3.520882,1
15571,0.306413,1
15572,0.606229,1
15573,0.317279,1
15574,1.029011,0
15575,2.433984,1
15576,0.999318,0
15577,1.62751,0
15578,1.084252,0
15579,3.305076,1
15580,1.810205,1
15581,6.569902,0
15582,0.312605,0
15583,4.329048,1
15584,0.240025,1
15585,0.638021,0
15586,0.901684,0
15587,0.8227,1
15588,4.511744,1
15589,4.707814,1
15590,0.528818,1
15591,0.356941,1
15592,0.529397,0
15593,0.135211,1
15594,0.739858,1
15595,0.268897,0
15596,1.340853,1
15597,1.807048,1
15598,3.073555,1
15599,6.292246,1
15600,0.162175,1
15601,4.761353,0
15602,4.058272,1
15603,0.857525,1
15604,0.925108,1
15605,4.304658,1
15606,0.650971,0
15607,2.079303,1
15608,5.470612,0
15609,0.504186,1
15610,0.519715,1
15611,0.453178,1
15612,0.163116,0
15613,0.748271,1
15614,0.328787,1
15615,2.26641,1
15616,1.059401,1
15617,2.815023,0
15618,2.057856,1
15619,0.55946,0
15620,0.152198,1
15621,0.533914,1
15622,1.626166,1
15623,1.314273,1
15624,1.506188,1
15625,1.719305,1
15626,0.467702,1
15627,0.705974,1
15628,0.284329,1
15629,1.323535,0
15630,0.201295,1
15631,1.182984,1
15632,3.869682,0
15633,3.051261,1
15634,0.369423,0
15635,0.99033,1
15636,0.623572,1
15637,5.255273,0
15638,0.631172,1
15639,4.027489,0
15640,0.596402,0
15641,4.586896,0
15642,0.61439,1
15643,1.265302,1
15644,0.264531,1
15645,6.877055,0
15646,0.301191,0
15647,4.371235,1
15648,2.402182,0
15649,2.508351,1
15650,0.226869,0
15651,0.186789,1
15652,0.339253,1
15653,0.171012,0
15654,0.190048,1
15655,0.39216,0
15656,0.997578,1
15657,0.842493,0
15658,0.204127,0
15659,4.903852,1
15660,0.327332,1
15661,0.902649,1
15662,0.111498,0
15663,5.545802,1
15664,4.610902,1
15665,0.348919,1
15666,0.250681,0
15667,0.703608,1
15668,3.841129,0
15669,3.758078,0
15670,0.29686,1
15671,0.270681,1
15672,5.299562,1
15673,0.838633,1
15674,0.934145,0
15675,4.036286,0
15676,0.714895,1
15677,1.107358,1
15678,0.382742,1
15679,0.938382,0
15680,2.471187,1
15681,0.297202,0
15682,2.12182,1
15683,0.21968,1
15684,5.206216,1
15685,2.627343,1
15686,1.939409,1
15687,1.684217,0
15688,4.053112,1
15689,1.302186,1
15690,2.247939,1
15691,1.846752,1
15692,4.271741,1
15693,1.498412,0
15694,5.375078,0
15695,1.900165,1
15696,1.158228,1
15697,3.74746,1
15698,0.132763,1
15699,4.267345,1
15700,1.107221,0
15701,3.251417,1
15702,4.701356,1
15703,1.059759,0
15704,1.687718,1
15705,0.25283,1
15706,1.352647,1
15707,1.380642,1
15708,2.625535,0
15709,0.417172,1
15710,0.16301,1
15711,0.214667,1
15712,0.404672,0
15713,4.879777,0
15714,0.399211,1
15715,1.621684,1
15716,0.239733,0
15717,0.837521,0
15718,0.398319,1
15719,1.265209,1
15720,1.031229,1
15721,2.165195,0
15722,1.33393,1
15723,0.193435,1
15724,0.276477,0
15725,0.226196,1
15726,2.77232,1
15727,1.316997,1
15728,0.849865,1
15729,0.856723,0
15730,5.490412,1
15731,0.208907,0
15732,0.644484,1
15733,0.238533,0
15734,0.282672,0
15735,0.692689,1
15736,4.556982,1
15737,4.080755,0
15738,1.043923,1
15739,0.552527,0
15740,0.331686,0
15741,0.509616,1
15742,0.460016,1
15743,0.377317,0
15744,3.254453,1
15745,3.747417,1
15746,3.038965,0
15747,0.391966,1
15748,0.598668,1
15749,3.562199,0
15750,1.866505,0
15751,0.28972,0
15752,0.133811,0
15753,0.305014,1
15754,2.628251,0
15755,4.781927,1
15756,0.700143,0
15757,3.334416,0
15758,1.188374,1
15759,0.392167,1
15760,2.055786,1
15761,0.32976,1
15762,0.499435,1
15763,0.170465,1
15764,0.678163,1
15765,2.404325,0
15766,0.695419,0
15767,0.203715,1
15768,3.552731,1
15769,1.585722,1
15770,0.353954,1
15771,1.041855,1
15772,1.889442,1
15773,1.274682,0
15774,1.169464,1
15775,0.852917,1
15776,0.394568,1
15777,0.782457,1
15778,0.814657,1
15779,0.831062,0
15780,2.143178,1
15781,0.423893,1
15782,0.308623,1
15783,2.25541,1
15784,3.126364,0
15785,0.094477,0
15786,3.734367,1
15787,0.262876,1
15788,0.146537,0
15789,0.393605,1
15790,3.395974,1
15791,2.052724,1
15792,4.593788,1
15793,2.947173,1
15794,0.499674,1
15795,0.759073,1
15796,2.644824,1
15797,1.157889,1
15798,3.13342,0
15799,0.740568,1
15800,1.163463,1
15801,3.192938,1
15802,1.422172,0
15803,1.784704,1
15804,0.722183,1
15805,0.279612,1
15806,0.880954,0
15807,0.707911,0
15808,0.16388,0
15809,1.063588,1
15810,3.623224,1
15811,0.198627,0
15812,0.856677,1
15813,2.850769,1
15814,1.942861,0
15815,3.546594,1
15816,1.231645,1
15817,0.204238,1
15818,0.080073,0
15819,5.009102,0
15820,1.310552,1
15821,0.526147,1
15822,0.690834,0
15823,2.313065,1
15824,2.343741,1
15825,1.851133,0
15826,0.399662,1
15827,0.309172,1
15828,0.246219,1
15829,1.905365,0
15830,0.25103,1
15831,1.773158,1
15832,6.898485,1
15833,0.34371,1
15834,0.543312,1
15835,2.950357,0
15836,0.401021,1
15837,0.548633,1
15838,1.161917,1
15839,3.755312,1
15840,2.318439,1
15841,0.366787,1
15842,0.249879,1
15843,1.884723,1
15844,0.209317,0
15845,1.924241,0
15846,1.985696,1
15847,0.232951,0
15848,0.179236,0
15849,2.12906,1
15850,1.8203,1
15851,3.130784,1
15852,2.244153,0
15853,4.746332,1
15854,3.385114,1
15855,1.19848,0
15856,0.347646,0
15857,2.935764,1
15858,1.984856,1
15859,2.719123,1
15860,0.23938,0
15861,0.842496,1
15862,4.118978,1
15863,0.368726,1
15864,0.032346,0
15865,0.613833,1
15866,0.451145,1
15867,0.096113,0
15868,2.538344,0
15869,5.266176,1
15870,1.104496,1
15871,2.950027,1
15872,0.189043,1
15873,1.645379,1
15874,4.607083,1
15875,0.763038,0
15876,0.186519,1
15877,3.120398,1
15878,5.53946,0
15879,1.805316,1
15880,0.331295,0
15881,0.181084,1
15882,4.884601,1
15883,0.323327,1
15884,0.187358,1
15885,0.267149,1
15886,1.338469,1
15887,2.430571,1
15888,3.44729,1
15889,0.907508,0
15890,2.485505,1
15891,0.456294,1
15892,0.453567,1
15893,0.412827,1
15894,0.424035,0
15895,0.421747,0
15896,0.255296,1
15897,1.422272,1
15898,0.860152,0
15899,0.461855,1
15900,0.275436,0
15901,0.470186,1
15902,1.057997,1
15903,0.49233,0
15904,2.070263,0
15905,1.352828,0
15906,0.816346,1
15907,2.680925,0
15908,0.073827,0
15909,5.011125,1
15910,0.119789,0
15911,0.426018,1
15912,0.451351,1
15913,1.391624,0
15914,0.182321,1
15915,3.483657,0
15916,0.798404,0
15917,3.166497,1
15918,0.166776,0
15919,4.274764,0
15920,0.384461,0
15921,3.69676,1
15922,0.419913,1
15923,0.353197,1
15924,2.58189,1
15925,1.97177,1
15926,0.362765,1
15927,3.890089,1
15928,5.138697,1
15929,0.222207,1
15930,2.728394,0
15931,0.150084,1
15932,0.457152,0
15933,0.446301,1
15934,3.635637,0
15935,1.932351,1
15936,1.595551,0
15937,3.946098,1
15938,3.50347,0
15939,0.938166,1
15940,1.577188,1
15941,2.164923,0
15942,1.28167,1
15943,1.182043,1
15944,1.619894,1
15945,1.701932,0
15946,4.081802,1
15947,4.891231,0
15948,0.813811,1
15949,0.513137,1
15950,0.505053,1
15951,1.945944,0
15952,1.214213,0
15953,0.259351,0
15954,0.861523,1
15955,1.846634,1
15956,0.132371,0
15957,0.115624,1
15958,0.126277,0
15959,0.867245,0
15960,0.960839,0
15961,0.557064,1
15962,0.384879,0
15963,2.155246,0
15964,3.350814,0
15965,2.166764,0
15966,5.12897,1
15967,0.985818,1
15968,0.216808,0
15969,2.876105,1
15970,1.242391,1
15971,0.430899,0
15972,1.373023,1
15973,0.282113,1
15974,0.60569,1
15975,1.976748,0
15976,0.11076,0
15977,0.295303,1
15978,5.113249,0
15979,2.604511,1
15980,2.528679,0
15981,0.888202,1
15982,5.564759,0
15983,3.981177,1
15984,0.728437,1
15985,5.697735,1
15986,1.702891,1
15987,0.311008,0
15988,1.708809,1
15989,0.535832,1
15990,1.808251,1
15991,1.709062,1
15992,5.755108,1
15993,0.140526,0
15994,0.715869,0
15995,0.484893,1
15996,2.389367,0
15997,1.95729,0
15998,1.273088,1
15999,1.695967,1
16000,0.847844,1
16001,1.107146,1
16002,0.485316,1
16003,2.060399,1
16004,0.334328,1
16005,0.787905,1
16006,1.509771,1
16007,0.150635,0
16008,1.686376,0
16009,0.39676,1
16010,0.424851,1
16011,3.215024,1
16012,2.092067,1
16013,0.223902,1
16014,0.1793,0
16015,0.288133,1
16016,2.504657,0
16017,3.4872,1
16018,5.060238,1
16019,0.671436,1
16020,2.900406,0
16021,1.848886,1
16022,2.8712,1
16023,0.295738,0
16024,0.872227,1
16025,0.348541,1
16026,2.321768,1
16027,3.824266,1
16028,4.461443,1
16029,1.942193,1
16030,0.331536,1
16031,4.371266,1
16032,0.292915,1
16033,0.82974,1
16034,0.384494,1
16035,0.527212,0
16036,2.897934,1
16037,0.367425,1
16038,0.355089,0
16039,0.341978,0
16040,0.331259,0
16041,0.789497,1
16042,1.347852,0
16043,2.231294,0
16044,2.081382,1
16045,2.668896,1
16046,1.421879,1
16047,0.977817,1
16048,0.31174,1
16049,0.405548,1
16050,0.472123,1
16051,0.259738,1
16052,0.470506,1
16053,0.26692,1
16054,1.099052,1
16055,4.972033,0
16056,0.87438,1
16057,0.188939,1
16058,5.095134,1
16059,0.197307,1
16060,3.83172,1
16061,0.175814,0
16062,2.17957,0
16063,0.332307,1
16064,4.855616,0
16065,1.55841,1
16066,1.952193,1
16067,2.33758,0
16068,0.30678,0
16069,0.225024,1
16070,0.443059,0
16071,0.072564,0
16072,0.36602,1
16073,2.149802,1
16074,0.188407,1
16075,0.235802,1
16076,0.14787,1
16077,0.743299,0
16078,0.974645,1
16079,0.914889,1
16080,2.678667,1
16081,0.268338,0
16082,0.544425,1
16083,3.683123,1
16084,2.371714,1
16085,1.830276,1
16086,1.082099,1
16087,0.920237,1
16088,0.308071,0
16089,0.962835,0
16090,0.192603,0
16091,5.139827,1
16092,0.911761,1
16093,0.297192,1
16094,4.030136,0
16095,1.906568,0
16096,1.201286,1
16097,0.230113,0
16098,4.707955,1
16099,0.400103,1
16100,0.237723,1
16101,1.586346,0
16102,0.466362,1
16103,1.893676,1
16104,2.012346,0
16105,2.140359,1
16106,3.406506,1
16107,2.752595,0
16108,1.438407,0
16109,2.418717,0
16110,1.111614,0
16111,0.213477,1
16112,1.117185,1
16113,3.667474,0
16114,1.458142,0
16115,5.366422,1
16116,3.97481,0
16117,2.887916,0
16118,2.240015,1
16119,1.192247,0
16120,4.577358,1
16121,4.203557,1
16122,0.243129,1
16123,1.346108,0
16124,2.981645,1
16125,2.207652,1
16126,0.668152,1
16127,0.55013,0
16128,0.167922,0
16129,3.922027,1
16130,4.158494,0
16131,2.34745,1
16132,0.901935,1
16133,2.948035,0
16134,0.761553,1
16135,5.363762,0
16136,0.084319,0
16137,0.247966,1
16138,4.015813,0
16139,0.921952,1
16140,0.987146,1
16141,2.93423,1
16142,0.249652,1
16143,1.264088,1
16144,0.292117,1
16145,0.634409,1
16146,0.344878,0
16147,1.200838,1
16148,0.099628,0
16149,0.689022,1
16150,0.582755,1
16151,1.253328,1
16152,0.297183,1
16153,3.521811,1
16154,4.401188,0
16155,1.543422,0
16156,0.905006,1
16157,4.781436,1
16158,1.267953,1
16159,0.505183,0
16160,6.367433,1
16161,3.908568,1
16162,0.879542,1
16163,0.170644,0
16164,0.276466,1
16165,2.313052,1
16166,4.127855,0
16167,0.961522,1
16168,2.253311,0
16169,0.505988,1
16170,1.647198,1
16171,1.056583,1
16172,0.492599,1
16173,3.98454,1
16174,1.386884,0
16175,2.219281,1
16176,0.146158,0
16177,4.122912,1
16178,5.887243,0
16179,1.228979,0
16180,0.765093,1
16181,1.050232,1
16182,2.478594,0
16183,0.933744,1
16184,0.174127,1
16185,3.664598,1
16186,4.124297,1
16187,2.360788,1
16188,3.222206,1
16189,0.673161,1
16190,2.502103,1
16191,1.246786,1
16192,1.545765,1
16193,0.28228,0
16194,2.404661,1
16195,3.471077,1
16196,2.050762,1
16197,3.791456,1
16198,0.122821,1
16199,0.736737,1
16200,5.301793,0
16201,0.54638,1
16202,0.733525,1
16203,4.295315,1
16204,0.124466,0
16205,3.184066,1
16206,0.188389,1
16207,1.133398,1
16208,0.625287,1
16209,3.135966,1
16210,1.800138,1
16211,0.295235,0
16212,0.659522,0
16213,1.399365,1
16214,3.951885,1
16215,0.201193,1
16216,2.129348,1
16217,4.974902,1
16218,0.339776,1
16219,0.652088,1
16220,3.567222,1
16221,3.826316,1
16222,0.132712,1
16223,0.726211,1
16224,0.499333,1
16225,0.434419,1
16226,0.187933,1
16227,4.963899,1
16228,1.906415,1
16229,1.718737,1
16230,0.686325,1
16231,4.498306,0
16232,3.609313,1
16233,0.150251,1
16234,1.227059,1
16235,3.920079,1
16236,0.965278,1
16237,0.986974,1
16238,0.74722,1
16239,2.31166,1
16240,1.695274,1
16241,1.05734,0
16242,0.341379,1
16243,0.32568,1
16244,0.534011,1
16245,6.329737,1
16246,1.739922,1
16247,2.611335,1
16248,4.474899,0
16249,1.930742,1
16250,0.244064,1
16251,2.04703,1
16252,0.438566,0
16253,3.034996,1
16254,0.262386,0
16255,4.325164,1
16256,2.507351,1
16257,1.429143,0
16258,1.051197,1
16259,2.77039,0
16260,1.093466,0
16261,1.595264,0
16262,1.729998,1
16263,2.420315,1
16264,3.338837,0
16265,0.271057,1
16266,0.998399,1
16267,0.492114,1
16268,0.262573,0
16269,0.794275,0
16270,4.073071,1
16271,0.257476,1
16272,0.312731,0
16273,1.293744,0
16274,5.38782,0
16275,2.097961,0
16276,0.298829,0
16277,4.637938,1
16278,0.591408,1
16279,0.279701,1
16280,4.349487,0
16281,5.268582,1
16282,1.647112,0
16283,0.191955,1
16284,0.239671,1
16285,4.152407,1
16286,0.372914,0
16287,2.734045,1
16288,0.306389,1
16289,0.111696,0
16290,1.089509,0
16291,5.780035,0
16292,0.650259,1
16293,0.20702,0
16294,4.930778,1
16295,0.102015,0
16296,0.323735,1
16297,1.632135,0
16298,0.178371,0
16299,0.489697,1
16300,1.99873,0
16301,0.845924,1
16302,1.4572,1
16303,0.802885,1
16304,0.56177,1
16305,1.74786,0
16306,0.119826,0
16307,1.956609,1
16308,0.628942,1
16309,2.644638,0
16310,0.567324,0
16311,0.135518,1
16312,3.785957,1
16313,0.561422,1
16314,0.40923,1
16315,0.243965,1
16316,5.436296,1
16317,2.618918,1
16318,0.193526,0
16319,0.440046,1
16320,3.126864,0
16321,0.956766,1
16322,0.235049,0
16323,0.542997,1
16324,1.656555,1
16325,3.104883,1
16326,1.761434,0
16327,1.077678,0
16328,0.197324,0
16329,3.099719,1
16330,0.541953,1
16331,0.403105,1
16332,1.334221,1
16333,1.867125,1
16334,3.289022,1
16335,0.21727,1
16336,5.371607,0
16337,0.521154,0
16338,2.277142,1
16339,2.773091,1
16340,0.672489,1
16341,0.536298,1
16342,1.198185,0
16343,1.669275,0
16344,0.15181,0
16345,0.750925,1
16346,5.672913,0
16347,0.45755,0
16348,1.894139,1
16349,2.739388,1
16350,0.245523,1
16351,2.813041,1
16352,1.083273,0
16353,4.158322,1
16354,0.430307,1
16355,4.125858,1
16356,1.24688,0
16357,1.392179,0
16358,0.348891,1
16359,0.173251,1
16360,1.283669,1
16361,5.899597,1
16362,0.176793,1
16363,4.200284,0
16364,0.529798,1
16365,0.288396,1
16366,0.387558,1
16367,1.533004,1
16368,0.508094,1
16369,0.683857,0
16370,3.515612,0
16371,3.981973,0
16372,0.80792,0
16373,0.397806,0
16374,1.144264,1
16375,0.774815,1
16376,0.403017,0
16377,3.44089,0
16378,0.496721,0
16379,7.147503,1
16380,0.161192,0
16381,1.622097,1
16382,1.498708,1
16383,0.968221,0
16384,2.531149,0
16385,4.645013,1
16386,5.342407,0
16387,1.784492,0
16388,0.654864,1
16389,0.757593,1
16390,0.423083,1
16391,0.368511,0
16392,4.814379,1
16393,0.709527,0
16394,1.16298,1
16395,4.007574,1
16396,4.013422,0
16397,0.144165,0
16398,4.90677,1
16399,2.753402,1
16400,0.172644,1
16401,0.278855,0
16402,4.206497,1
16403,0.436248,1
16404,0.639599,1
16405,0.49595,1
16406,1.756555,0
16407,0.330853,0
16408,3.285409,1
16409,3.169223,1
16410,0.185045,1
16411,2.863289,1
16412,0.471407,0
16413,0.157418,0
16414,0.725127,1
16415,1.890589,0
16416,0.743297,1
16417,1.336676,0
16418,0.562874,1
16419,2.789924,1
16420,0.23901,1
16421,3.216644,1
16422,3.436194,1
16423,0.395537,1
16424,0.582706,1
16425,5.898038,0
16426,2.066712,0
16427,2.15684,1
16428,5.452803,0
16429,1.777148,1
16430,1.217448,1
16431,2.760761,1
16432,2.201313,1
16433,1.372858,1
16434,0.706314,1
16435,0.211371,1
16436,0.206426,0
16437,3.489945,1
16438,0.874382,0
16439,0.445981,1
16440,0.111887,0
16441,5.906341,1
16442,0.804995,0
16443,0.218443,0
16444,6.649238,1
16445,1.580868,0
16446,1.810398,1
16447,2.129199,0
16448,0.090674,1
16449,3.255534,0
16450,0.820139,0
16451,0.35423,1
16452,1.127639,0
16453,3.703891,0
16454,1.630598,1
16455,0.476618,1
16456,1.743804,1
16457,0.777136,0
16458,2.564532,1
16459,0.50628,0
16460,1.066831,0
16461,2.765204,1
16462,0.734601,1
16463,0.290924,1
16464,0.579288,0
16465,0.258245,1
16466,0.484668,1
16467,0.112745,0
16468,1.677122,1
16469,0.506543,0
16470,0.310365,1
16471,0.945021,1
16472,0.214353,1
16473,3.275971,1
16474,0.342532,0
16475,1.405625,0
16476,1.494628,1
16477,0.886901,1
16478,0.988833,0
16479,2.853532,0
16480,0.273872,0
16481,2.4504,1
16482,2.535308,0
16483,4.632438,1
16484,0.668587,1
16485,4.330145,0
16486,0.429471,0
16487,0.400856,0
16488,1.021127,1
16489,5.01537,1
16490,2.387061,1
16491,1.176354,0
16492,0.511136,1
16493,0.980494,1
16494,0.565183,0
16495,0.541695,1
16496,3.713631,1
16497,1.598374,0
16498,0.666075,1
16499,0.271606,1
16500,0.525557,1
16501,0.292254,1
16502,3.168499,1
16503,1.040993,1
16504,0.819476,1
16505,5.38084,0
16506,0.135456,0
16507,3.890708,0
16508,2.586209,1
16509,2.507079,1
16510,0.384969,0
16511,1.65126,1
16512,2.192317,1
16513,0.466306,1
16514,4.085408,0
16515,1.772773,1
16516,5.519425,0
16517,0.478334,1
16518,0.312525,1
16519,0.454865,1
16520,0.112082,0
16521,1.909999,1
16522,0.535943,1
16523,1.810409,1
16524,1.916944,0
16525,5.333722,1
16526,1.7417,1
16527,4.210725,1
16528,1.747257,1
16529,1.083496,1
16530,1.989614,0
16531,1.558604,1
16532,2.178881,0
16533,1.417,1
16534,1.600846,1
16535,0.337437,0
16536,2.754526,1
16537,1.447794,0
16538,4.195864,1
16539,1.764942,1
16540,0.157569,0
16541,0.217369,1
16542,0.560867,1
16543,0.160785,1
16544,0.462176,1
16545,1.235036,0
16546,1.614511,0
16547,1.823764,0
16548,5.139703,0
16549,1.681357,1
16550,3.746774,1
16551,0.385421,1
16552,0.643008,1
16553,4.27144,1
16554,1.181472,1
16555,2.972637,0
16556,0.525789,1
16557,0.4146,1
16558,1.611214,0
16559,4.300593,1
16560,3.119191,1
16561,1.69702,1
16562,0.103096,0
16563,0.682831,1
16564,5.625874,0
16565,2.179281,0
16566,0.539244,1
16567,3.006261,0
16568,0.782952,1
16569,1.557531,1
16570,1.138273,1
16571,1.910557,0
16572,0.191271,1
16573,0.727826,0
16574,0.547596,0
16575,1.255522,0
16576,0.305631,0
16577,2.61706,1
16578,1.972065,0
16579,1.109682,1
16580,4.169798,1
16581,1.084796,0
16582,0.252789,1
16583,0.873166,1
16584,3.721969,1
16585,0.742577,1
16586,0.118002,0
16587,0.471311,1
16588,0.341321,1
16589,0.611952,0
16590,2.237654,1
16591,2.568718,1
16592,2.35197,1
16593,0.162606,1
16594,5.255744,1
16595,2.385294,1
16596,2.43028,1
16597,0.31925,0
16598,0.811425,0
16599,0.985167,0
16600,5.661676,1
16601,0.755715,1
16602,0.227624,0
16603,0.526951,0
16604,0.297556,1
16605,4.326352,1
16606,4.09537,1
16607,1.794311,0
16608,0.330294,0
16609,0.201207,1
16610,1.652342,1
16611,0.887915,1
16612,4.505149,1
16613,2.037652,1
16614,1.369909,0
16615,4.085569,1
16616,0.455263,0
16617,0.736143,1
16618,3.694289,1
16619,0.546752,1
16620,1.059018,0
16621,1.113469,1
16622,0.977998,1
16623,1.415174,1
16624,3.671837,1
16625,2.130253,1
16626,0.846502,1
16627,1.053978,1
16628,2.657742,1
16629,6.091996,1
16630,1.131689,1
16631,0.301007,1
16632,1.571453,0
16633,0.390483,1
16634,5.077581,1
16635,2.50653,1
16636,1.677068,1
16637,0.587113,1
16638,2.765474,1
16639,0.703051,0
16640,5.37207,0
16641,0.135858,1
16642,4.916551,0
16643,2.152756,0
16644,2.944265,1
16645,0.302167,1
16646,1.853887,0
16647,0.255207,1
16648,0.240208,1
16649,0.598201,1
16650,1.276858,1
16651,4.639912,0
16652,0.363207,0
16653,3.917667,0
16654,0.171574,1
16655,1.001337,1
16656,0.599927,0
16657,1.581533,1
16658,1.039232,1
16659,0.135775,1
16660,1.597345,0
16661,1.644316,1
16662,2.37801,1
16663,0.863204,0
16664,1.770519,0
16665,0.551785,0
16666,0.166498,1
16667,2.028223,0
16668,3.411976,1
16669,0.289521,1
16670,2.555492,1
16671,0.193505,0
16672,3.087735,1
16673,2.730754,1
16674,0.260967,1
16675,4.256647,1
16676,3.258534,1
16677,0.296847,1
16678,4.176607,0
16679,3.620886,1
16680,6.259711,1
16681,0.46376,1
16682,3.624723,1
16683,0.601691,1
16684,0.28286,1
16685,0.430293,0
16686,0.947111,1
16687,3.593339,1
16688,5.134462,0
16689,0.243605,1
16690,0.129984,1
16691,4.082607,0
16692,1.648735,1
16693,0.461205,0
16694,2.590629,1
16695,2.59326,1
16696,0.202621,0
16697,0.564036,1
16698,2.124057,1
16699,1.149551,0
16700,2.192256,1
16701,0.394003,1
16702,1.169957,1
16703,0.659146,1
16704,0.931978,1
16705,1.715145,1
16706,1.042243,1
16707,2.405351,1
16708,0.140303,0
16709,1.859709,0
16710,0.190355,0
16711,1.48513,0
16712,3.042931,0
16713,0.276065,1
16714,1.385701,0
16715,0.142556,0
16716,0.523469,1
16717,1.046898,0
16718,1.173776,1
16719,1.594548,1
16720,1.211695,0
16721,4.697877,0
16722,0.557781,1
16723,5.124715,1
16724,0.181946,1
16725,1.926195,1
16726,0.277671,0
16727,1.069674,1
16728,2.131339,0
16729,3.933748,1
16730,0.258146,0
16731,0.404194,1
16732,0.973962,0
16733,4.686116,1
16734,0.946121,1
16735,1.030041,0
16736,0.525824,0
16737,3.394376,0
16738,0.414829,1
16739,0.571859,1
16740,2.351876,0
16741,3.245889,1
16742,0.193983,0
16743,0.207311,0
16744,1.062974,1
16745,0.776646,1
16746,4.426426,0
16747,1.503354,1
16748,1.24666,0
16749,2.565502,1
16750,6.149152,0
16751,5.154616,1
16752,0.284225,0
16753,0.882374,1
16754,4.446631,0
16755,2.310691,1
16756,5.098609,1
16757,2.342739,1
16758,3.053069,1
16759,0.421297,0
16760,0.88904,0
16761,0.412555,1
16762,1.790388,0
16763,0.208039,1
16764,0.452374,1
16765,4.496217,0
16766,0.09271,0
16767,4.750259,0
16768,0.601617,0
16769,0.382385,1
16770,0.251294,0
16771,1.456334,1
16772,0.490437,1
16773,2.132627,0
16774,2.911572,1
16775,0.880147,1
16776,4.094172,0
16777,4.221578,0
16778,2.628498,1
16779,5.701438,0
16780,3.730608,0
16781,0.142969,0
16782,4.433117,0
16783,0.169976,1
16784,0.490992,1
16785,0.391302,1
16786,0.309913,1
16787,0.436515,0
16788,5.917744,0
16789,0.404143,0
16790,1.044358,1
16791,4.534786,1
16792,2.22861,0
16793,1.449866,0
16794,4.110508,1
16795,0.820444,1
16796,2.426956,0
16797,0.131541,1
16798,0.716621,1
16799,2.298198,1
16800,0.310778,1
16801,2.282604,1
16802,4.869234,0
16803,1.405574,1
16804,4.654368,1
16805,0.100975,0
16806,1.832809,1
16807,0.473876,1
16808,0.581591,1
16809,2.329761,1
16810,0.693359,1
16811,0.923569,1
16812,5.386219,1
16813,3.229029,1
16814,0.306345,1
16815,5.865005,0
16816,4.466343,1
16817,4.447602,0
16818,0.300436,0
16819,0.126764,1
16820,0.202193,1
16821,0.614128,1
16822,2.411699,1
16823,1.044047,1
16824,5.35115,1
16825,6.456612,1
16826,2.071997,1
16827,1.227674,0
16828,0.619035,1
16829,3.237164,1
16830,1.779464,1
16831,1.658853,0
16832,0.213004,0
16833,0.876642,0
16834,0.177864,0
16835,0.433737,1
16836,2.026025,0
16837,0.676986,1
16838,3.841664,1
16839,0.184585,1
16840,0.709146,0
16841,0.270044,1
16842,0.259426,0
16843,0.2218,0
16844,2.499654,1
16845,0.308348,1
16846,0.842488,0
16847,5.284448,0
16848,1.793896,1
16849,4.40297,1
16850,1.633612,1
16851,0.459753,0
16852,0.421842,1
16853,2.402108,1
16854,0.262983,1
16855,1.032482,1
16856,0.241418,1
16857,1.054845,1
16858,1.000475,1
16859,0.578409,1
16860,0.232501,1
16861,0.180411,0
16862,1.049883,1
16863,1.432876,0
16864,2.571478,1
16865,2.798758,0
16866,0.240353,1
16867,0.372282,1
16868,0.162648,1
16869,1.497739,1
16870,1.063559,1
16871,2.627574,1
16872,0.954922,0
16873,0.184888,1
16874,2.071276,1
16875,4.386716,1
16876,2.669214,1
16877,0.673353,1
16878,1.948914,0
16879,3.228679,1
16880,0.854139,1
16881,0.204478,0
16882,0.620992,1
16883,0.421835,1
16884,2.5165,0
16885,0.443968,1
16886,2.535087,1
16887,0.138484,0
16888,1.763902,0
16889,4.690337,1
16890,0.693636,1
16891,0.975101,1
16892,0.36585,0
16893,0.217212,0
16894,1.150853,1
16895,1.349293,0
16896,0.184331,0
16897,0.206864,1
16898,1.453328,0
16899,5.809503,0
16900,3.316884,0
16901,0.645138,1
16902,0.721261,1
16903,0.329419,0
16904,5.606505,1
16905,1.198673,1
16906,2.456351,1
16907,0.201974,1
16908,4.57137,0
16909,2.625764,0
16910,0.843397,1
16911,4.140508,1
16912,0.16909,0
16913,0.414592,1
16914,2.660049,1
16915,3.984127,0
16916,1.202603,0
16917,0.150447,0
16918,0.43547,1
16919,2.02487,1
16920,1.84542,1
16921,0.40441,1
16922,4.167699,0
16923,0.282317,1
16924,1.752299,0
16925,4.425127,1
16926,4.346395,1
16927,2.225026,1
16928,1.343163,1
16929,5.046219,1
16930,0.291383,0
16931,1.421321,0
16932,3.238647,1
16933,0.535404,1
16934,0.831215,0
16935,2.259287,1
16936,2.964227,1
16937,1.659334,0
16938,0.286107,1
16939,4.223943,0
16940,2.08968,0
16941,0.78622,1
16942,2.020843,0
16943,0.190131,1
16944,1.874996,0
16945,2.518854,1
16946,2.355734,1
16947,3.260914,1
16948,5.230382,1
16949,0.407772,1
16950,0.719829,0
16951,0.415102,0
16952,0.186126,0
16953,1.981708,1
16954,0.401481,1
16955,0.453788,0
16956,0.277904,1
16957,1.341742,1
16958,1.703828,1
16959,1.576985,1
16960,3.99693,0
16961,0.122174,0
16962,3.023929,1
16963,0.129322,0
16964,6.57973,0
16965,5.561041,1
16966,0.310421,1
16967,0.541088,0
16968,0.569708,1
16969,3.052166,0
16970,1.900745,0
16971,0.160125,0
16972,1.856575,1
16973,0.212223,1
16974,2.423682,1
16975,0.445371,1
16976,0.201396,0
16977,2.331965,1
16978,0.918017,1
16979,4.570388,0
16980,1.32234,1
16981,1.056113,1
16982,3.181334,1
16983,0.937248,0
16984,0.437618,0
16985,1.798014,1
16986,2.544067,1
16987,6.496946,0
16988,4.28329,0
16989,3.887391,1
16990,0.400072,1
16991,2.494585,1
16992,1.034816,1
16993,2.178119,0
16994,0.971933,1
16995,3.209776,1
16996,0.916621,0
16997,0.242102,1
16998,1.511665,0
16999,0.14822,1
17000,0.413047,1
17001,5.067261,1
17002,2.248962,1
17003,0.431105,1
17004,2.322292,0
17005,3.82864,0
17006,2.685189,1
17007,2.963199,1
17008,0.850003,1
17009,2.845267,1
17010,1.675793,1
17011,1.878796,1
17012,1.603932,1
17013,1.238686,1
17014,3.791655,0
17015,1.666996,0
17016,1.228926,1
17017,2.727779,1
17018,0.441323,1
17019,1.438746,1
17020,3.416134,0
17021,0.624076,1
17022,2.646953,1
17023,0.226151,0
17024,0.95568,1
17025,0.554214,1
17026,3.114085,0
17027,0.72142,0
17028,0.358639,1
17029,2.259724,1
17030,0.611455,1
17031,2.555592,1
17032,1.861974,1
17033,0.583998,1
17034,1.992935,0
17035,4.275996,1
17036,0.815261,1
17037,0.119926,1
17038,0.136709,0
17039,1.556664,1
17040,3.164839,1
17041,1.218032,1
17042,0.132635,0
17043,0.594568,1
17044,1.19717,1
17045,0.271291,0
17046,3.3782,0
17047,4.841821,1
17048,0.850368,0
17049,1.968386,0
17050,0.369204,1
17051,4.211043,1
17052,0.346201,1
17053,0.403953,1
17054,0.091538,0
17055,1.486377,1
17056,1.054428,1
17057,0.595074,1
17058,3.970165,0
17059,2.289114,1
17060,1.517226,1
17061,0.646323,1
17062,3.292599,1
17063,3.664299,0
17064,1.435623,1
17065,1.007267,0
17066,0.54625,0
17067,1.584856,1
17068,0.422723,1
17069,5.590934,0
17070,0.408406,1
17071,3.645808,0
17072,1.862123,1
17073,0.313106,1
17074,1.655319,0
17075,2.736627,0
17076,0.748739,1
17077,0.538304,1
17078,0.164483,1
17079,2.417873,1
17080,0.151773,0
17081,0.470457,0
17082,4.510904,0
17083,3.653582,0
17084,0.754169,1
17085,0.982079,1
17086,1.413069,0
17087,0.309571,1
17088,2.107635,1
17089,2.052555,1
17090,6.583422,0
17091,1.099247,1
17092,4.222247,1
17093,3.197173,1
17094,0.316418,0
17095,4.306686,0
17096,3.023119,0
17097,0.553357,1
17098,4.049587,0
17099,1.88931,1
17100,2.308337,1
17101,0.17916,0
17102,6.810874,0
17103,0.583133,1
17104,2.253049,1
17105,5.808563,1
17106,0.536915,1
17107,0.772045,1
17108,0.658284,0
17109,1.610131,0
17110,2.02051,0
17111,0.71647,1
17112,0.299924,1
17113,1.916426,1
17114,2.304295,1
17115,1.756802,1
17116,0.977878,1
17117,0.466654,0
17118,0.885467,0
17119,4.039882,0
17120,1.258939,1
17121,4.469278,1
17122,2.938324,1
17123,1.436352,1
17124,0.408543,0
17125,0.143873,0
17126,0.791384,1
17127,2.066007,1
17128,0.195276,0
17129,1.352566,1
17130,1.129724,1
17131,0.164552,0
17132,0.94195,1
17133,1.420703,1
17134,1.666924,0
17135,0.1359,0
17136,1.020078,0
17137,4.759506,1
17138,4.533472,0
17139,1.474622,0
17140,0.202028,1
17141,0.187911,0
17142,0.18393,0
17143,0.217078,1
17144,0.371072,1
17145,0.746601,1
17146,3.833668,1
17147,2.753335,0
17148,0.153058,1
17149,0.401634,1
17150,0.926389,0
17151,1.664898,0
17152,5.311254,0
17153,3.828626,1
17154,0.89356,1
17155,0.689494,1
17156,1.587949,0
17157,0.340131,1
17158,1.400435,1
17159,0.328143,0
17160,3.601441,0
17161,0.393337,1
17162,0.129874,0
17163,4.811806,1
17164,0.772292,1
17165,1.180338,1
17166,3.131042,1
17167,0.111101,0
17168,1.505849,1
17169,0.647121,1
17170,1.662867,1
17171,3.007031,1
17172,2.219336,0
17173,4.022908,0
17174,4.385921,1
17175,0.198252,1
17176,0.14691,0
17177,1.543471,1
17178,0.407427,0
17179,0.377798,1
17180,0.231358,1
17181,2.762274,0
17182,0.117109,0
17183,0.394561,1
17184,0.194376,0
17185,4.010055,1
17186,5.777225,0
17187,0.188348,0
17188,0.232932,1
17189,1.949706,1
17190,1.292663,1
17191,0.331488,1
17192,0.234042,1
17193,3.997085,1
17194,0.209653,1
17195,0.424194,1
17196,1.877073,1
17197,0.820564,0
17198,2.251476,1
17199,3.250202,1
17200,0.417091,1
17201,1.224256,1
17202,0.957767,1
17203,0.250717,0
17204,1.434623,0
17205,5.059381,0
17206,3.383397,1
17207,1.250342,1
17208,4.843668,1
17209,3.60082,1
17210,0.227161,0
17211,2.764003,1
17212,0.483214,0
17213,3.856891,1
17214,1.500898,1
17215,2.748494,0
17216,0.926054,1
17217,1.914805,1
17218,3.31342,1
17219,1.16142,1
17220,4.726562,1
17221,2.009199,1
17222,0.171924,1
17223,3.904223,1
17224,2.090141,1
17225,0.176255,1
17226,4.137581,0
17227,0.89947,1
17228,0.487186,1
17229,0.262672,1
17230,0.704087,1
17231,0.101668,0
17232,1.474951,0
17233,0.188019,0
17234,0.166014,0
17235,2.291724,1
17236,0.990267,0
17237,0.328903,1
17238,0.691393,1
17239,2.248274,1
17240,0.971903,0
17241,1.664345,0
17242,0.724066,1
17243,0.45466,1
17244,0.500139,1
17245,3.93463,0
17246,0.807142,0
17247,3.798522,0
17248,5.519011,0
17249,1.649327,0
17250,2.56409,1
17251,1.145134,0
17252,0.281176,0
17253,1.69357,1
17254,1.229725,1
17255,0.26592,1
17256,0.446761,1
17257,0.256887,1
17258,3.167732,1
17259,2.163587,1
17260,1.817592,1
17261,1.602355,0
17262,0.602224,0
17263,1.467072,1
17264,3.762579,1
17265,2.331784,1
17266,0.324671,1
17267,3.275952,1
17268,0.447983,0
17269,1.077409,1
17270,3.88269,0
17271,1.365633,0
17272,2.177629,1
17273,0.417094,0
17274,4.669222,0
17275,0.560012,1
17276,0.131681,0
17277,0.142383,1
17278,3.869995,0
17279,1.15572,1
17280,0.557288,1
17281,6.426977,1
17282,0.12242,0
17283,0.276295,0
17284,0.921063,1
17285,0.225691,0
17286,3.217663,0
17287,0.79567,1
17288,0.580776,1
17289,1.839925,0
17290,1.283483,1
17291,0.422401,0
17292,0.865651,0
17293,1.062019,1
17294,4.682178,1
17295,0.435372,1
17296,0.261572,1
17297,1.790434,1
17298,0.271148,1
17299,0.652087,1
17300,3.166487,1
17301,1.291417,1
17302,2.432957,0
17303,1.966356,1
17304,0.681242,1
17305,3.880823,1
17306,2.758171,1
17307,0.216554,0
17308,1.202978,0
17309,3.703289,1
17310,0.434465,1
17311,2.132156,0
17312,3.76808,1
17313,3.423367,1
17314,3.930221,1
17315,0.82921,1
17316,0.374505,0
17317,0.999838,1
17318,0.197948,1
17319,4.219682,0
17320,0.773926,1
17321,2.175645,1
17322,0.664406,1
17323,2.136607,1
17324,0.320701,1
17325,4.352287,0
17326,0.550683,0
17327,0.460529,0
17328,1.064951,1
17329,0.486164,1
17330,1.928397,0
17331,0.232076,1
17332,0.087313,0
17333,2.606573,0
17334,0.286791,1
17335,3.979005,1
17336,0.157985,1
17337,0.670005,0
17338,0.59689,1
17339,4.271578,1
17340,2.70874,1
17341,1.207173,1
17342,0.121722,0
17343,4.418284,1
17344,0.387026,1
17345,0.403718,0
17346,0.112227,1
17347,0.747493,0
17348,1.372892,0
17349,2.954283,0
17350,2.977036,1
17351,0.168711,1
17352,0.682348,0
17353,0.199915,0
17354,0.663411,0
17355,1.49706,0
17356,0.443979,1
17357,3.089408,1
17358,0.200263,0
17359,1.220735,0
17360,0.207806,0
17361,1.093735,1
17362,0.896581,1
17363,1.002228,0
17364,0.324875,1
17365,0.950211,1
17366,2.978978,1
17367,0.401958,1
17368,0.304741,1
17369,4.263754,0
17370,0.173107,1
17371,1.0084,1
17372,1.099464,1
17373,0.193625,1
17374,5.10078,1
17375,3.773316,1
17376,1.321292,1
17377,0.382354,0
17378,0.553794,0
17379,1.834724,0
17380,0.88579,1
17381,1.52736,1
17382,3.04497,1
17383,0.393265,0
17384,4.089889,1
17385,0.71696,1
17386,0.771097,1
17387,1.067381,0
17388,0.546632,1
17389,3.428936,1
17390,0.263036,1
17391,2.466841,0
17392,0.817402,0
17393,3.958145,1
17394,1.716803,0
17395,3.231006,1
17396,1.005995,0
17397,1.015687,1
17398,1.413621,0
17399,0.963102,1
17400,0.226575,1
17401,1.096984,0
17402,1.487627,1
17403,2.364002,0
17404,0.245343,0
17405,0.854238,0
17406,0.447094,0
17407,1.410313,1
17408,0.174077,0
17409,3.744116,1
17410,0.351131,1
17411,0.331513,1
17412,0.59898,1
17413,0.79085,0
17414,0.474311,1
17415,0.712077,1
17416,0.215518,1
17417,0.28366,1
17418,0.747088,1
17419,1.126996,0
17420,5.102836,0
17421,0.96954,1
17422,0.97268,1
17423,4.246248,1
17424,0.148038,1
17425,0.242692,0
17426,0.835022,1
17427,0.202796,1
17428,2.653289,0
17429,0.92677,1
17430,4.746639,1
17431,1.812896,0
17432,2.217098,1
17433,2.675775,1
17434,1.879208,0
17435,0.460854,0
17436,1.595473,1
17437,0.409466,1
17438,0.51659,1
17439,0.275611,1
17440,0.214021,1
17441,0.185542,1
17442,2.005426,1
17443,0.843,1
17444,0.231441,1
17445,1.447238,1
17446,2.771351,1
17447,3.990159,0
17448,5.242177,1
17449,2.477879,0
17450,0.119331,0
17451,3.660159,1
17452,2.84823,1
17453,2.073559,1
17454,0.519323,1
17455,1.179367,1
17456,0.829713,1
17457,0.661805,1
17458,0.437034,0
17459,0.225959,1
17460,3.702998,1
17461,0.751213,1
17462,0.558858,1
17463,0.176722,1
17464,1.336285,1
17465,1.739621,1
17466,0.789717,0
17467,0.382989,1
17468,2.661013,1
17469,1.794547,1
17470,0.120557,0
17471,1.668121,1
17472,0.519896,1
17473,0.490712,0
17474,0.619095,1
17475,0.467431,1
17476,0.309268,1
17477,0.523205,1
17478,5.948068,1
17479,0.191626,0
17480,1.192304,1
17481,1.176409,1
17482,1.223271,1
17483,1.962849,1
17484,1.69421,1
17485,3.008303,0
17486,1.543434,1
17487,3.732793,0
17488,1.610316,1
17489,0.95068,1
17490,2.005143,1
17491,0.855382,0
17492,0.555057,1
17493,1.656244,1
17494,1.241786,0
17495,0.229508,1
17496,4.331408,1
17497,0.578611,1
17498,3.987603,0
17499,0.408179,0
17500,0.192075,1
17501,0.390113,0
17502,2.064908,1
17503,4.031126,1
17504,0.209406,1
17505,0.365293,0
17506,3.181589,1
17507,0.13617,0
17508,0.386758,1
17509,1.268741,1
17510,4.088588,0
17511,0.975505,1
17512,2.721694,0
17513,0.455051,1
17514,0.366546,1
17515,1.644275,1
17516,0.546193,1
17517,4.971315,0
17518,0.28052,1
17519,0.784304,1
17520,0.87587,1
17521,0.202086,0
17522,2.795113,1
17523,3.935374,0
17524,1.494883,1
17525,1.584076,1
17526,0.478596,1
17527,0.702576,1
17528,1.045735,0
17529,0.481691,0
17530,3.424882,1
17531,1.210811,1
17532,3.30079,1
17533,2.994263,1
17534,2.7763,1
17535,0.116042,0
17536,0.228552,0
17537,4.704473,0
17538,0.098115,0
17539,2.204015,1
17540,4.143589,1
17541,4.037655,1
17542,1.359384,1
17543,0.205867,0
17544,3.995458,0
17545,2.037711,1
17546,4.310954,1
17547,2.50682,1
17548,0.863887,0
17549,0.158399,1
17550,0.170733,0
17551,3.588662,1
17552,4.535266,1
17553,0.324808,0
17554,0.968764,1
17555,0.941917,0
17556,0.37457,0
17557,0.186415,0
17558,0.891695,1
17559,1.96375,1
17560,0.169106,0
17561,1.902295,0
17562,0.429925,1
17563,4.143731,1
17564,0.557825,1
17565,5.166231,0
17566,3.309971,0
17567,0.745764,1
17568,2.442063,1
17569,2.810081,1
17570,0.93491,1
17571,0.855252,0
17572,0.294254,1
17573,2.917372,1
17574,0.355259,1
17575,2.191138,1
17576,0.210209,0
17577,2.261913,0
17578,4.228018,1
17579,0.490553,0
17580,0.711267,0
17581,0.69787,1
17582,1.744925,1
17583,1.322962,0
17584,0.27275,0
17585,0.036754,1
17586,0.284303,0
17587,0.479393,0
17588,2.953297,0
17589,4.680423,1
17590,0.303289,0
17591,0.77733,1
17592,4.753484,1
17593,1.486786,1
17594,3.253981,0
17595,0.701137,1
17596,1.247715,0
17597,0.184593,0
17598,0.672206,1
17599,6.75109,0
17600,0.202022,1
17601,0.61288,0
17602,0.312468,1
17603,0.532808,1
17604,0.84627,1
17605,0.236075,0
17606,2.023107,0
17607,0.704565,1
17608,1.921307,0
17609,3.537667,0
17610,1.17772,0
17611,1.047322,1
17612,1.707165,0
17613,0.214407,1
17614,0.593941,1
17615,0.249532,1
17616,4.277075,1
17617,2.100499,1
17618,0.308863,1
17619,1.500132,1
17620,4.155744,0
17621,1.514636,1
17622,1.298751,1
17623,0.465517,1
17624,0.977334,1
17625,0.693753,0
17626,1.194369,1
17627,5.867996,1
17628,2.536268,1
17629,0.27645,1
17630,3.731793,0
17631,2.031915,1
17632,0.159534,0
17633,0.718466,1
17634,2.108882,1
17635,0.127437,0
17636,0.940933,1
17637,2.901259,0
17638,1.577985,0
17639,2.901954,1
17640,0.704837,0
17641,0.553874,1
17642,1.263536,1
17643,1.709597,1
17644,1.229,1
17645,0.352991,1
17646,0.259351,1
17647,3.210975,1
17648,2.204988,1
17649,2.454991,1
17650,0.422838,1
17651,1.107278,1
17652,1.836943,1
17653,1.753865,0
17654,0.477041,1
17655,0.817613,1
17656,0.751973,1
17657,2.326167,1
17658,0.339856,1
17659,0.378422,1
17660,3.892844,0
17661,2.042605,1
17662,0.339107,1
17663,0.275298,1
17664,2.375343,1
17665,0.658546,1
17666,1.24237,1
17667,3.453878,1
17668,3.191913,1
17669,3.480975,1
17670,0.388025,1
17671,0.394454,1
17672,0.299425,1
17673,1.424581,0
17674,0.150581,0
17675,0.711492,1
17676,1.056546,0
17677,1.414282,1
17678,1.87588,1
17679,1.306077,0
17680,0.163915,0
17681,1.052287,1
17682,1.22036,1
17683,6.33051,0
17684,0.144884,1
17685,0.251687,0
17686,0.369623,1
17687,4.236443,1
17688,3.54903,0
17689,2.120281,0
17690,2.245447,1
17691,0.259666,1
17692,0.523041,1
17693,0.551299,1
17694,2.29039,0
17695,0.261911,0
17696,1.799582,1
17697,2.441073,1
17698,0.826058,1
17699,2.16125,1
17700,2.871229,1
17701,2.436321,0
17702,0.764759,1
17703,0.870514,1
17704,0.132388,1
17705,0.299957,1
17706,2.51584,0
17707,1.807602,1
17708,0.268256,1
17709,2.336088,0
17710,1.30474,1
17711,0.867437,0
17712,3.032511,1
17713,1.350306,0
17714,0.501019,1
17715,0.962962,1
17716,1.413551,1
17717,0.327429,1
17718,0.230389,1
17719,2.124846,0
17720,0.558227,0
17721,1.847201,1
17722,1.462787,0
17723,0.633549,0
17724,1.158188,1
17725,0.206375,1
17726,0.221809,0
17727,3.999717,1
17728,1.867674,0
17729,0.330367,0
17730,1.022251,1
17731,2.167732,1
17732,0.866457,1
17733,1.554728,1
17734,2.438695,1
17735,1.094514,1
17736,4.936234,1
17737,0.553734,1
17738,1.591057,1
17739,0.15928,1
17740,3.48076,0
17741,1.26569,1
17742,1.134894,0
17743,1.869983,1
17744,0.894189,0
17745,4.577548,1
17746,1.572094,0
17747,0.50835,1
17748,5.099661,0
17749,4.431514,0
17750,0.569844,1
17751,2.086655,1
17752,0.910444,1
17753,1.092525,0
17754,0.406552,0
17755,0.486739,1
17756,5.368911,1
17757,0.671852,1
17758,0.845103,1
17759,4.017544,0
17760,0.430936,1
17761,0.644735,1
17762,0.66989,0
17763,5.205312,1
17764,0.103869,1
17765,0.24645,0
17766,1.872689,1
17767,1.392526,1
17768,0.244023,1
17769,0.767824,1
17770,1.191979,1
17771,5.464502,0
17772,0.730438,1
17773,0.305895,1
17774,3.646043,0
17775,4.188088,0
17776,0.413906,1
17777,0.919874,1
17778,4.805906,0
17779,0.62954,1
17780,0.741419,0
17781,0.296094,1
17782,1.799584,1
17783,0.26894,1
17784,0.547101,1
17785,2.600013,0
17786,0.462309,1
17787,3.565656,0
17788,0.233334,1
17789,0.147109,0
17790,0.257084,1
17791,3.804414,1
17792,0.121295,1
17793,3.009335,0
17794,1.421823,1
17795,1.673046,1
17796,0.415425,1
17797,1.724106,1
17798,0.289445,1
17799,3.74607,1
17800,0.729051,1
17801,3.269458,0
17802,4.678143,0
17803,3.789321,1
17804,0.347798,1
17805,0.610212,1
17806,2.384094,1
17807,1.365679,1
17808,2.790684,0
17809,3.20491,1
17810,1.090494,1
17811,2.546906,1
17812,2.062223,0
17813,0.930638,1
17814,0.47809,0
17815,1.921516,1
17816,1.740814,0
17817,1.596322,1
17818,2.227199,0
17819,2.674994,1
17820,0.165054,1
17821,1.09439,1
17822,1.800841,1
17823,0.249547,0
17824,1.608288,1
17825,0.285327,1
17826,3.933536,1
17827,2.003751,1
17828,2.91064,1
17829,3.588671,1
17830,0.196578,0
17831,0.519116,1
17832,0.724996,1
17833,0.348907,1
17834,4.135805,1
17835,0.759283,1
17836,1.263525,0
17837,0.959421,1
17838,2.208421,0
17839,0.227808,1
17840,0.162632,1
17841,4.208233,1
17842,0.13937,0
17843,0.724566,1
17844,3.759436,0
17845,0.552707,1
17846,1.319129,1
17847,4.434479,0
17848,2.14402,0
17849,1.879587,1
17850,0.786571,1
17851,1.941633,1
17852,0.837518,1
17853,0.508081,1
17854,1.895865,0
17855,0.571838,0
17856,0.476714,1
17857,0.128752,0
17858,0.524146,1
17859,1.502886,1
17860,2.166948,1
17861,0.535998,1
17862,0.682386,1
17863,0.356553,1
17864,0.373234,1
17865,0.581931,1
17866,0.135126,0
17867,6.20292,1
17868,3.298789,1
17869,3.30513,1
17870,2.874343,1
17871,3.724709,1
17872,1.905647,0
17873,2.164878,0
17874,2.566641,0
17875,1.088891,0
17876,1.178149,0
17877,0.354937,1
17878,1.064892,1
17879,0.974161,1
17880,0.49654,1
17881,0.307927,1
17882,2.108469,1
17883,3.897713,1
17884,0.229466,1
17885,0.292699,1
17886,0.471396,1
17887,1.268578,1
17888,0.20582,0
17889,0.424338,1
17890,1.741058,1
17891,0.487849,1
17892,0.44011,1
17893,0.294674,1
17894,3.539078,1
17895,2.441679,1
17896,0.142864,0
17897,2.350896,1
17898,3.661277,1
17899,3.139831,0
17900,7.220058,1
17901,4.046116,0
17902,0.173284,1
17903,0.34474,1
17904,0.491334,1
17905,1.555176,0
17906,2.254311,1
17907,1.707784,1
17908,4.143258,0
17909,1.377926,1
17910,4.211497,0
17911,2.325108,1
17912,0.38348,1
17913,1.296886,1
17914,0.780668,1
17915,0.285706,0
17916,1.928363,0
17917,0.418852,0
17918,5.248796,0
17919,5.361845,0
17920,0.165601,0
17921,0.099373,0
17922,1.565259,0
17923,0.512457,1
17924,1.250822,1
17925,2.251793,0
17926,0.273224,0
17927,0.131378,0
17928,3.389212,1
17929,5.297887,1
17930,3.343155,1
17931,4.06208,1
17932,4.251322,0
17933,0.647297,1
17934,2.83509,1
17935,2.690607,0
17936,4.393425,1
17937,0.375396,1
17938,1.851309,1
17939,1.543763,0
17940,1.119593,0
17941,0.435741,1
17942,1.116694,1
17943,0.262963,1
17944,0.258912,0
17945,1.824748,1
17946,0.856628,1
17947,0.248422,1
17948,1.12393,1
17949,4.344506,1
17950,2.309539,1
17951,0.829472,1
17952,0.370931,0
17953,2.964584,1
17954,1.954398,1
17955,1.423331,1
17956,1.299834,1
17957,1.93962,0
17958,2.169366,1
17959,0.569119,0
17960,0.923302,1
17961,1.087298,1
17962,0.137893,0
17963,3.739336,1
17964,4.092672,1
17965,0.440122,0
17966,5.314916,1
17967,3.132197,1
17968,3.110689,1
17969,2.869134,0
17970,0.272008,0
17971,0.446843,0
17972,0.236067,0
17973,0.229584,0
17974,5.089006,1
17975,0.391438,1
17976,3.343982,0
17977,2.019434,0
17978,5.809852,1
17979,0.443828,1
17980,0.267669,1
17981,0.657054,1
17982,0.591796,1
17983,2.329912,0
17984,3.995481,0
17985,6.942628,0
17986,0.631452,1
17987,0.204213,0
17988,4.214255,0
17989,1.12486,1
17990,0.866443,1
17991,4.568197,0
17992,5.695293,1
17993,1.330227,1
17994,0.146527,0
17995,1.711537,0
17996,3.978445,1
17997,0.129194,1
17998,0.50765,0
17999,2.020013,1
18000,6.528201,1
18001,0.301233,1
18002,2.962561,0
18003,3.693796,1
18004,2.210464,1
18005,0.376318,0
18006,0.600671,1
18007,0.551813,1
18008,1.225516,0
18009,1.997891,1
18010,0.58096,1
18011,1.98585,0
18012,0.315819,0
18013,2.711021,1
18014,0.304511,1
18015,2.200958,0
18016,0.515647,1
18017,0.423897,1
18018,2.173405,0
18019,1.560314,0
18020,0.434176,1
18021,1.281549,1
18022,0.210227,1
18023,3.024531,0
18024,0.221518,0
18025,1.26406,1
18026,0.377246,1
18027,0.45595,1
18028,0.696514,1
18029,1.232387,1
18030,1.063337,1
18031,0.870933,1
18032,0.313235,1
18033,0.381362,1
18034,0.190517,0
18035,2.350396,1
18036,0.314757,0
18037,2.265776,1
18038,1.59402,1
18039,0.71616,0
18040,3.680206,1
18041,5.353713,1
18042,3.853957,0
18043,4.029669,1
18044,0.306757,1
18045,0.479146,1
18046,3.410271,1
18047,6.223459,0
18048,0.378192,1
18049,0.97532,1
18050,0.365582,0
18051,3.92488,1
18052,6.61043,1
18053,2.676848,1
18054,0.902394,1
18055,0.141553,0
18056,1.590343,0
18057,0.563897,1
18058,0.802421,1
18059,0.491212,1
18060,0.445793,0
18061,0.77412,1
18062,0.295105,1
18063,0.288892,0
18064,1.075368,1
18065,0.339277,1
18066,3.861974,1
18067,0.774281,1
18068,2.197351,1
18069,0.583832,1
18070,4.135796,1
18071,0.746345,0
18072,4.633814,1
18073,1.761374,1
18074,0.725264,0
18075,0.180826,1
18076,0.3576,1
18077,0.154857,0
18078,1.955002,1
18079,3.20722,1
18080,0.136908,0
18081,0.18248,0
18082,0.446165,0
18083,1.977621,0
18084,4.213754,0
18085,0.809051,0
18086,0.201204,1
18087,1.926243,0
18088,1.241928,1
18089,1.087016,1
18090,0.647927,1
18091,0.970773,0
18092,0.623663,1
18093,0.761594,1
18094,1.059378,0
18095,0.305726,1
18096,0.524292,1
18097,0.170398,0
18098,1.477704,0
18099,6.009411,1
18100,4.178133,0
18101,1.509865,1
18102,1.670218,0
18103,0.165563,0
18104,1.101258,1
18105,0.794458,1
18106,0.172956,0
18107,0.236317,0
18108,0.220117,1
18109,5.879581,1
18110,2.792439,0
18111,0.776713,1
18112,0.188547,0
18113,1.253726,0
18114,0.383241,1
18115,0.41636,0
18116,4.22265,1
18117,0.230137,0
18118,1.023701,0
18119,2.240095,0
18120,0.136429,0
18121,5.344636,0
18122,2.083653,0
18123,0.801268,1
18124,0.17391,0
18125,4.564265,0
18126,0.29671,1
18127,4.950828,1
18128,3.879064,1
18129,1.179291,0
18130,1.486255,1
18131,1.611221,0
18132,0.160232,1
18133,2.899017,1
18134,0.26472,1
18135,0.259501,1
18136,2.07301,0
18137,2.136944,1
18138,2.029379,1
18139,0.160027,0
18140,1.92941,1
18141,2.398729,0
18142,5.807141,0
18143,0.825871,1
18144,0.505324,0
18145,0.216609,1
18146,0.692829,1
18147,0.423434,0
18148,5.767561,1
18149,4.854463,1
18150,2.609118,0
18151,0.247921,1
18152,4.272022,1
18153,0.773627,0
18154,0.783058,0
18155,0.696149,1
18156,1.820672,1
18157,3.826996,0
18158,0.167084,0
18159,6.378098,1
18160,0.328765,1
18161,3.66998,0
18162,0.914496,1
18163,3.250983,0
18164,0.358137,0
18165,0.210754,0
18166,1.537405,1
18167,0.297478,1
18168,0.114516,0
18169,2.777677,0
18170,0.546121,1
18171,0.386623,1
18172,1.075657,1
18173,4.060649,0
18174,3.127896,1
18175,0.302377,0
18176,0.847401,1
18177,1.083079,1
18178,3.951865,1
18179,1.755286,1
18180,0.137748,0
18181,3.843555,1
18182,0.972796,1
18183,1.823873,1
18184,0.463524,1
18185,6.260044,1
18186,0.592563,0
18187,0.338744,1
18188,0.860396,0
18189,1.940135,0
18190,0.338577,0
18191,5.28008,0
18192,1.889363,1
18193,4.978374,1
18194,0.757748,0
18195,3.01141,1
18196,0.204155,0
18197,2.662337,0
18198,1.517917,1
18199,2.611459,0
18200,0.132189,0
18201,0.254121,0
18202,0.112402,0
18203,0.394134,1
18204,1.384206,0
18205,2.539605,1
18206,2.358537,1
18207,0.217132,1
18208,0.719032,1
18209,0.305849,1
18210,1.99907,0
18211,0.357293,1
18212,1.753859,1
18213,3.165936,1
18214,4.95306,0
18215,0.502032,1
18216,0.117712,0
18217,1.855063,1
18218,1.646967,1
18219,0.995956,1
18220,1.797979,1
18221,1.178387,0
18222,0.362851,1
18223,5.532765,1
18224,1.996013,1
18225,2.667049,1
18226,3.427037,0
18227,1.275048,0
18228,0.441062,0
18229,0.358144,1
18230,4.112402,0
18231,1.399736,1
18232,3.489961,0
18233,5.708976,1
18234,3.450701,1
18235,0.6595,1
18236,0.719161,1
18237,0.288026,1
18238,1.759748,1
18239,1.434594,1
18240,2.029481,1
18241,0.357622,1
18242,0.591984,0
18243,0.59601,1
18244,2.324769,0
18245,0.295874,1
18246,1.848235,1
18247,1.639472,1
18248,0.780952,0
18249,0.234213,0
18250,0.494363,0
18251,0.223778,0
18252,0.147826,1
18253,0.234054,0
18254,0.806036,1
18255,0.8157,1
18256,0.439796,0
18257,1.638898,1
18258,0.430469,1
18259,4.062806,1
18260,2.668101,0
18261,0.303721,1
18262,0.502985,1
18263,0.235969,0
18264,1.601043,1
18265,0.151698,0
18266,1.838627,0
18267,0.710666,1
18268,0.771376,0
18269,0.149135,0
18270,1.459814,1
18271,0.148003,0
18272,3.9203,0
18273,0.785457,1
18274,1.856018,1
18275,0.112856,0
18276,0.715332,1
18277,0.357497,1
18278,3.056398,1
18279,1.718893,1
18280,0.403128,0
18281,1.506774,1
18282,0.170301,1
18283,0.120508,0
18284,0.395537,1
18285,0.944534,0
18286,3.297887,1
18287,3.036864,1
18288,3.94396,1
18289,4.330895,1
18290,4.127777,1
18291,0.328225,1
18292,3.631095,1
18293,1.935105,1
18294,2.538149,1
18295,0.522232,1
18296,4.599684,0
18297,1.413052,0
18298,0.421608,1
18299,1.859171,1
18300,3.539104,0
18301,0.277045,1
18302,5.456192,0
18303,2.505119,1
18304,0.288848,1
18305,2.19135,1
18306,0.829551,1
18307,2.078554,1
18308,0.275342,1
18309,2.748917,1
18310,0.245983,1
18311,0.458888,1
18312,1.253754,1
18313,2.9603,0
18314,0.129348,0
18315,0.689615,1
18316,1.124203,1
18317,0.447471,0
18318,2.697114,1
18319,3.737846,1
18320,5.133108,1
18321,2.680995,0
18322,0.897201,1
18323,0.807505,1
18324,3.849571,0
18325,0.204123,1
18326,1.486715,1
18327,1.765971,1
18328,2.189177,1
18329,0.159822,1
18330,2.342899,1
18331,0.573826,0
18332,0.401657,0
18333,4.069149,0
18334,0.63239,1
18335,0.910635,1
18336,0.565328,0
18337,4.520835,1
18338,0.872677,0
18339,2.113487,0
18340,2.328372,1
18341,2.067523,0
18342,1.443622,1
18343,2.051124,0
18344,0.452481,1
18345,0.639124,1
18346,1.248083,0
18347,0.890459,1
18348,0.441492,1
18349,3.79223,0
18350,0.676459,0
18351,1.207612,1
18352,0.729009,1
18353,1.906395,1
18354,4.892868,1
18355,2.4106,1
18356,0.201681,1
18357,0.891474,1
18358,1.092497,1
18359,0.863476,1
18360,0.244578,1
18361,0.135788,1
18362,1.880568,0
18363,3.502053,0
18364,3.808479,1
18365,0.63404,1
18366,1.90893,0
18367,0.840116,1
18368,0.201237,0
18369,0.774777,0
18370,3.562691,1
18371,0.673888,1
18372,0.996576,1
18373,0.722297,1
18374,3.324133,1
18375,0.271611,0
18376,1.710588,1
18377,5.31552,1
18378,3.063628,1
18379,5.639235,1
18380,1.815563,1
18381,0.253193,0
18382,0.174236,0
18383,0.21344,1
18384,1.906476,0
18385,4.46035,0
18386,0.559,0
18387,4.924327,1
18388,6.089529,1
18389,0.190712,1
18390,1.338092,1
18391,0.446487,0
18392,0.421804,0
18393,3.125591,1
18394,1.315783,1
18395,0.953429,1
18396,0.631534,1
18397,3.769996,1
18398,1.34763,0
18399,0.806351,0
18400,2.317722,1
18401,0.314047,1
18402,0.492868,1
18403,2.562449,1
18404,1.530567,1
18405,0.52968,1
18406,0.457341,0
18407,0.888489,0
18408,2.724317,1
18409,0.816571,1
18410,2.103196,1
18411,0.208051,1
18412,2.842238,0
18413,1.050706,1
18414,2.83563,0
18415,1.653192,1
18416,0.507237,0
18417,0.254547,0
18418,0.586782,1
18419,1.594213,1
18420,1.443736,1
18421,2.467232,1
18422,2.755054,1
18423,0.201327,1
18424,1.639801,0
18425,3.733819,1
18426,2.167536,0
18427,3.009036,1
18428,1.639489,0
18429,2.648259,0
18430,1.563419,0
18431,4.043019,1
18432,0.379134,1
18433,3.033758,0
18434,5.741624,0
18435,2.053363,1
18436,0.431553,1
18437,0.641309,1
18438,3.504422,0
18439,2.154609,1
18440,0.463606,0
18441,2.746004,0
18442,2.1505,0
18443,0.218322,0
18444,1.410062,0
18445,0.183338,0
18446,1.341538,1
18447,5.181295,1
18448,1.543185,1
18449,1.786766,1
18450,0.22738,0
18451,1.997012,1
18452,0.984471,1
18453,0.649086,0
18454,0.027653,0
18455,3.534246,0
18456,0.562075,1
18457,2.107934,1
18458,0.883912,1
18459,3.379539,1
18460,1.945552,1
18461,0.232258,0
18462,1.570202,1
18463,1.077642,0
18464,0.884983,1
18465,3.119976,1
18466,0.205697,1
18467,0.30136,1
18468,2.424862,0
18469,3.352037,0
18470,0.284961,0
18471,2.638353,1
18472,1.579356,1
18473,1.072086,1
18474,1.753945,0
18475,5.871198,0
18476,4.156192,1
18477,3.52759,1
18478,1.614146,1
18479,0.331427,1
18480,1.537692,0
18481,0.566784,1
18482,1.364666,1
18483,3.977853,0
18484,0.334547,1
18485,3.758903,1
18486,0.349999,1
18487,0.171295,0
18488,5.483642,0
18489,1.539178,0
18490,0.64453,1
18491,4.352764,0
18492,6.578279,1
18493,0.904445,1
18494,2.259219,1
18495,0.204861,0
18496,0.46859,1
18497,1.027592,1
18498,1.758671,1
18499,2.420158,1
18500,0.74502,1
18501,0.740648,1
18502,0.348167,0
18503,3.946385,0
18504,0.218522,0
18505,0.156079,1
18506,2.00286,1
18507,0.098967,0
18508,2.08771,1
18509,4.60082,1
18510,2.781395,1
18511,0.581631,1
18512,0.217219,1
18513,1.512364,1
18514,5.675276,1
18515,2.36911,0
18516,3.476459,1
18517,2.473445,1
18518,2.573765,0
18519,1.008505,1
18520,3.698106,1
18521,2.098485,1
18522,0.661917,0
18523,2.045964,1
18524,0.983894,0
18525,1.284758,1
18526,0.433166,1
18527,2.226068,1
18528,1.111798,1
18529,4.117477,1
18530,0.961143,1
18531,1.29462,0
18532,2.658978,1
18533,3.215431,0
18534,5.809678,1
18535,0.637685,1
18536,2.461226,1
18537,1.624183,1
18538,0.660009,1
18539,4.113793,0
18540,4.419522,1
18541,4.227767,1
18542,0.73728,1
18543,0.774218,1
18544,1.690663,1
18545,0.362851,1
18546,1.871723,1
18547,0.262893,1
18548,2.130554,1
18549,0.417298,1
18550,2.03229,1
18551,1.323135,1
18552,3.312413,0
18553,0.513436,0
18554,0.429666,1
18555,2.685051,1
18556,0.116815,1
18557,5.676795,1
18558,1.53964,0
18559,0.387124,0
18560,0.430772,1
18561,2.665964,1
18562,0.236737,0
18563,1.111102,1
18564,0.779838,1
18565,0.710542,0
18566,0.468264,1
18567,1.942242,1
18568,0.111217,0
18569,2.188076,0
18570,0.623886,1
18571,0.710974,0
18572,1.806786,1
18573,3.161035,1
18574,0.201651,1
18575,2.106055,1
18576,5.617775,1
18577,1.79206,1
18578,0.365367,1
18579,1.045129,0
18580,6.473292,1
18581,0.751555,0
18582,0.266857,1
18583,0.528037,1
18584,3.754568,1
18585,4.164983,1
18586,1.994764,0
18587,3.986376,0
18588,5.18177,0
18589,0.581178,1
18590,3.318004,0
18591,0.698652,1
18592,1.180915,1
18593,3.890798,0
18594,2.723384,1
18595,0.624697,1
18596,0.661505,1
18597,3.831769,1
18598,1.554582,1
18599,0.443764,1
18600,0.253147,0
18601,0.737681,1
18602,4.189246,0
18603,4.117176,1
18604,0.126805,0
18605,5.604329,0
18606,0.443554,0
18607,0.821828,1
18608,3.027523,1
18609,0.395724,1
18610,0.151288,1
18611,0.278381,0
18612,0.167862,1
18613,2.786424,0
18614,2.824983,1
18615,3.731381,1
18616,2.109809,1
18617,1.481532,0
18618,1.114757,0
18619,5.612883,1
18620,0.350843,0
18621,0.587529,1
18622,0.511916,1
18623,3.219607,1
18624,0.82256,1
18625,0.311679,1
18626,2.485267,1
18627,0.874774,1
18628,0.098775,0
18629,0.849431,1
18630,0.201974,1
18631,0.191047,1
18632,1.105937,0
18633,0.870296,0
18634,5.562318,1
18635,5.095517,0
18636,0.523603,0
18637,1.523235,1
18638,3.589927,1
18639,0.449868,1
18640,0.960286,1
18641,2.2255,0
18642,1.062454,1
18643,0.15898,0
18644,1.553999,1
18645,1.201223,1
18646,0.439879,1
18647,2.15748,0
18648,0.559442,1
18649,0.294292,0
18650,1.192027,1
18651,0.314776,0
18652,0.29114,1
18653,0.966422,1
18654,0.588016,1
18655,3.352635,1
18656,0.303344,1
18657,1.732445,0
18658,0.46088,1
18659,1.574749,0
18660,0.680546,1
18661,0.916876,1
18662,1.248608,1
18663,1.969752,1
18664,0.480843,1
18665,0.794854,1
18666,0.84728,1
18667,1.465767,1
18668,1.655299,1
18669,1.135462,1
18670,0.791805,1
18671,0.299316,1
18672,0.308211,0
18673,4.36996,1
18674,1.777908,0
18675,0.198457,0
18676,5.433608,0
18677,2.269683,0
18678,0.795435,1
18679,3.467058,1
18680,0.609402,1
18681,0.919764,1
18682,0.391637,0
18683,3.500922,1
18684,0.392905,1
18685,1.107682,1
18686,0.144207,1
18687,0.399567,1
18688,2.007689,1
18689,0.662489,1
18690,2.118393,0
18691,0.429467,0
18692,1.466386,1
18693,0.172121,0
18694,4.031669,1
18695,2.848657,1
18696,2.829899,0
18697,0.37089,1
18698,5.166768,1
18699,0.441107,0
18700,0.650272,0
18701,0.596282,1
18702,2.081639,0
18703,0.274102,0
18704,2.816153,1
18705,1.363561,1
18706,3.756244,1
18707,1.893927,1
18708,5.184658,1
18709,0.218777,1
18710,3.154343,0
18711,0.115046,0
18712,0.111503,0
18713,0.312795,1
18714,1.354408,1
18715,0.440302,0
18716,0.390879,0
18717,1.713192,0
18718,0.587055,1
18719,1.438874,0
18720,1.965697,0
18721,0.450612,1
18722,1.05431,1
18723,1.471086,1
18724,2.894802,0
18725,1.738332,0
18726,0.299339,0
18727,2.34081,0
18728,1.399622,1
18729,0.4129,1
18730,0.269571,1
18731,0.400185,0
18732,0.202562,0
18733,6.3113,1
18734,1.433336,1
18735,5.323731,1
18736,0.195945,1
18737,0.243543,1
18738,1.218019,1
18739,1.994995,1
18740,0.421331,0
18741,0.44229,1
18742,0.531526,1
18743,1.775552,1
18744,3.395442,1
18745,1.912802,1
18746,1.904153,1
18747,5.102801,0
18748,2.88233,0
18749,1.165004,0
18750,0.47762,1
18751,0.258189,1
18752,0.243797,1
18753,2.268895,1
18754,0.179158,1
18755,1.969414,1
18756,5.017446,0
18757,0.231437,0
18758,0.439432,0
18759,2.754646,0
18760,0.608743,1
18761,4.102178,0
18762,3.403877,0
18763,1.252655,0
18764,2.333184,0
18765,0.668432,0
18766,2.782214,0
18767,1.202901,1
18768,1.800945,1
18769,1.21955,1
18770,0.841991,0
18771,3.637727,1
18772,0.803435,1
18773,1.708435,1
18774,0.651762,1
18775,4.70193,0
18776,3.050772,0
18777,3.303274,1
18778,1.354905,1
18779,2.639803,1
18780,3.971918,1
18781,3.170932,1
18782,0.107503,0
18783,0.410369,0
18784,2.164136,0
18785,0.237315,1
18786,0.256371,1
18787,0.147487,1
18788,1.209653,1
18789,0.682826,1
18790,0.655599,1
18791,0.788921,1
18792,1.299016,0
18793,0.267493,1
18794,0.453188,1
18795,2.229314,0
18796,0.775445,1
18797,0.429141,1
18798,0.121707,0
18799,5.818012,0
18800,1.851472,1
18801,0.963941,0
18802,0.512612,0
18803,0.425095,0
18804,3.222689,1
18805,1.430181,0
18806,3.100564,0
18807,2.147754,1
18808,0.366817,1
18809,0.785675,0
18810,3.031874,0
18811,0.178251,1
18812,2.152509,1
18813,0.566661,1
18814,0.870663,0
18815,5.213305,0
18816,2.620867,0
18817,0.152981,1
18818,4.38965,1
18819,2.003612,1
18820,3.408268,1
18821,2.616783,1
18822,0.185796,1
18823,4.152731,0
18824,1.951089,1
18825,0.612634,0
18826,2.387096,0
18827,1.931374,0
18828,1.806097,0
18829,0.853348,0
18830,1.99885,1
18831,0.378677,1
18832,3.602014,1
18833,1.042052,1
18834,5.072074,1
18835,3.939829,1
18836,4.169141,1
18837,2.632621,1
18838,0.739824,1
18839,0.239112,1
18840,0.26917,0
18841,0.239791,0
18842,3.158851,1
18843,2.81782,1
18844,1.149227,0
18845,1.228648,0
18846,0.227786,1
18847,0.274354,0
18848,4.018397,1
18849,4.942817,0
18850,1.09094,0
18851,3.939224,0
18852,1.039203,1
18853,0.408643,1
18854,0.910984,0
18855,0.448401,0
18856,3.966656,1
18857,1.625442,0
18858,2.824819,0
18859,0.918104,0
18860,4.257747,0
18861,1.458957,1
18862,2.02595,1
18863,0.316849,1
18864,3.43,0
18865,1.838956,0
18866,0.356843,1
18867,2.183185,1
18868,0.145674,0
18869,1.832877,1
18870,1.956179,1
18871,2.064425,1
18872,2.07494,0
18873,2.33201,0
18874,0.479332,1
18875,2.589848,1
18876,4.592023,1
18877,0.295513,1
18878,3.456501,1
18879,2.393506,0
18880,0.270994,1
18881,0.456289,0
18882,1.856135,1
18883,2.106717,1
18884,0.270212,1
18885,1.130475,0
18886,0.629106,1
18887,1.63325,1
18888,0.482128,0
18889,0.606005,0
18890,0.371932,1
18891,1.561496,0
18892,0.262632,1
18893,0.116277,0
18894,1.386473,1
18895,1.592118,1
18896,0.650734,1
18897,1.276982,1
18898,1.074988,1
18899,1.5051,1
18900,0.178452,1
18901,5.127973,0
18902,0.731397,1
18903,1.796248,1
18904,0.921788,0
18905,3.83398,0
18906,2.365725,1
18907,0.264585,0
18908,0.661434,1
18909,0.487653,1
18910,1.162942,1
18911,2.148115,1
18912,1.465355,1
18913,0.177176,1
18914,0.144835,0
18915,0.397222,1
18916,0.660348,1
18917,2.307178,1
18918,0.147213,0
18919,0.638934,0
18920,0.119165,1
18921,1.150967,1
18922,0.330255,0
18923,0.225572,1
18924,3.184428,1
18925,2.511429,0
18926,2.732804,1
18927,0.983903,1
18928,1.881931,0
18929,0.738005,0
18930,0.634721,1
18931,1.492407,0
18932,0.431651,0
18933,0.187776,0
18934,3.681147,1
18935,4.150482,0
18936,3.777073,0
18937,5.937609,1
18938,2.758049,0
18939,0.415068,1
18940,3.680762,0
18941,1.194624,1
18942,1.115121,0
18943,2.094218,1
18944,1.219622,1
18945,0.707963,0
18946,0.139059,0
18947,2.320257,1
18948,3.276874,0
18949,2.476067,1
18950,3.560418,1
18951,0.918649,0
18952,0.698127,1
18953,0.11186,1
18954,0.53928,1
18955,0.268024,1
18956,3.210023,1
18957,0.380689,1
18958,2.216549,1
18959,1.737019,0
18960,4.377693,1
18961,1.041308,1
18962,0.243501,1
18963,4.253667,1
18964,5.938592,0
18965,4.673927,1
18966,1.128422,1
18967,1.042063,0
18968,0.810925,1
18969,1.883762,0
18970,1.108754,1
18971,2.025354,1
18972,2.795578,1
18973,0.955048,1
18974,0.992148,1
18975,0.235638,0
18976,0.206665,0
18977,0.697724,1
18978,1.490562,0
18979,0.738303,1
18980,0.638672,1
18981,0.639295,0
18982,4.611245,0
18983,5.425483,1
18984,3.073091,1
18985,1.077094,1
18986,3.716674,1
18987,2.586581,1
18988,0.666585,0
18989,0.433783,1
18990,0.384992,0
18991,0.521083,1
18992,0.318351,0
18993,0.211721,1
18994,1.8661,1
18995,1.068078,1
18996,2.421118,1
18997,0.670301,0
18998,2.525537,1
18999,3.752338,0
19000,2.401604,1
19001,0.282455,0
19002,0.752897,1
19003,1.639522,1
19004,2.247999,1
19005,0.845151,1
19006,2.675565,1
19007,0.20444,1
19008,0.304919,1
19009,0.990276,1
19010,0.215154,1
19011,1.361789,1
19012,6.452506,0
19013,0.194277,1
19014,4.336824,1
19015,0.138447,0
19016,3.542277,0
19017,0.295624,0
19018,2.270481,1
19019,3.903925,1
19020,3.800205,0
19021,2.713206,1
19022,1.503499,1
19023,0.206919,1
19024,0.269201,1
19025,0.185637,0
19026,3.706875,0
19027,2.011819,1
19028,0.673781,1
19029,1.682942,1
19030,4.220362,0
19031,0.532468,0
19032,0.732566,0
19033,0.540652,1
19034,0.864594,1
19035,4.739516,1
19036,1.788348,1
19037,0.950551,1
19038,0.172955,0
19039,1.437565,1
19040,0.919667,1
19041,0.422213,1
19042,1.007009,1
19043,4.413462,1
19044,1.080098,0
19045,0.135771,1
19046,1.282099,1
19047,0.692001,1
19048,1.559677,0
19049,1.391607,0
19050,0.804315,0
19051,1.18847,1
19052,0.359429,0
19053,3.128234,0
19054,3.509341,0
19055,0.385332,0
19056,1.427705,1
19057,0.524362,1
19058,0.629795,1
19059,1.003828,0
19060,1.862501,1
19061,0.380752,0
19062,5.289276,0
19063,2.888868,1
19064,4.955774,1
19065,2.392783,1
19066,0.550426,1
19067,0.171679,0
19068,3.62486,1
19069,0.939426,1
19070,1.112449,1
19071,3.988228,1
19072,3.085474,1
19073,2.033238,1
19074,1.775313,0
19075,0.47367,1
19076,0.449766,1
19077,0.961733,1
19078,0.769964,0
19079,4.443407,1
19080,0.140305,0
19081,2.315578,0
19082,0.306907,1
19083,2.07544,0
19084,1.070684,1
19085,1.576843,0
19086,0.423573,0
19087,3.355848,1
19088,3.610511,0
19089,3.613514,0
19090,1.394189,0
19091,0.188053,0
19092,0.329582,1
19093,1.984091,1
19094,4.193759,1
19095,0.579301,1
19096,0.731227,1
19097,0.522518,1
19098,1.413796,1
19099,0.37165,1
19100,0.110567,1
19101,3.913339,0
19102,2.218044,1
19103,5.410581,1
19104,1.252815,0
19105,1.293641,1
19106,5.181836,0
19107,0.487552,1
19108,0.223268,1
19109,0.562147,1
19110,6.493151,1
19111,1.222256,1
19112,1.144142,1
19113,5.514124,0
19114,0.615102,1
19115,0.27276,0
19116,0.712402,1
19117,1.462644,1
19118,1.648947,1
19119,0.202749,1
19120,0.316027,1
19121,5.853202,1
19122,5.327881,0
19123,0.709359,1
19124,0.470233,1
19125,6.168914,0
19126,1.896598,0
19127,1.206674,1
19128,0.382513,0
19129,5.212221,1
19130,3.421176,1
19131,4.32416,1
19132,4.60793,1
19133,1.778301,1
19134,5.006228,1
19135,0.518033,0
19136,1.711976,0
19137,1.205671,0
19138,2.953203,0
19139,3.328523,0
19140,4.321447,1
19141,0.109685,0
19142,0.767279,1
19143,0.811579,0
19144,0.168106,1
19145,4.901529,1
19146,0.279614,1
19147,3.135,1
19148,0.875582,0
19149,3.225045,1
19150,1.077148,1
19151,1.38621,1
19152,2.512169,1
19153,0.150447,0
19154,0.167412,1
19155,1.361629,1
19156,0.195976,0
19157,4.194552,0
19158,2.180207,0
19159,0.216932,0
19160,0.604269,0
19161,0.521591,1
19162,0.545334,1
19163,0.955356,0
19164,0.531784,0
19165,0.465056,0
19166,1.726841,1
19167,0.824392,1
19168,2.217498,1
19169,1.661474,1
19170,2.069245,1
19171,0.574986,1
19172,2.070705,1
19173,0.225972,0
19174,1.895723,1
19175,0.452299,1
19176,0.480237,1
19177,1.406763,1
19178,0.520252,0
19179,0.621077,1
19180,1.308034,0
19181,0.080832,0
19182,4.695872,1
19183,3.80219,0
19184,2.897789,1
19185,1.938436,1
19186,0.738839,1
19187,1.65124,1
19188,0.838915,1
19189,0.19454,1
19190,0.218979,0
19191,2.741538,1
19192,0.134696,0
19193,1.655573,0
19194,1.148631,1
19195,0.992727,1
19196,3.077927,0
19197,6.668787,1
19198,2.256704,1
19199,2.275611,0
19200,2.592382,1
19201,1.249423,1
19202,2.416244,1
19203,2.183622,0
19204,1.483379,0
19205,0.968636,0
19206,0.167181,1
19207,0.242397,0
19208,1.247524,1
19209,3.464959,0
19210,0.518539,1
19211,0.143056,0
19212,1.514912,1
19213,0.294781,1
19214,0.79081,1
19215,0.152668,1
19216,0.165286,0
19217,0.571793,1
19218,0.313805,1
19219,0.155936,0
19220,1.36727,1
19221,0.570053,1
19222,0.595722,0
19223,1.013654,1
19224,0.290806,1
19225,1.160244,0
19226,3.27825,1
19227,5.073168,1
19228,2.923996,0
19229,1.128798,1
19230,1.340893,1
19231,4.330904,1
19232,5.526881,0
19233,1.326025,1
19234,0.238768,1
19235,1.357319,0
19236,1.256122,1
19237,1.015786,1
19238,0.729195,0
19239,1.946105,0
19240,0.685349,1
19241,0.192104,1
19242,0.978966,1
19243,2.023611,0
19244,1.322743,0
19245,1.693294,0
19246,0.40851,1
19247,0.688656,0
19248,0.363113,1
19249,1.802469,0
19250,0.380183,1
19251,0.640971,1
19252,0.296951,0
19253,0.902066,1
19254,0.298657,0
19255,0.644222,1
19256,1.393674,0
19257,1.251984,1
19258,0.129985,1
19259,0.562497,1
19260,0.227303,1
19261,0.430322,1
19262,4.312716,0
19263,4.714916,1
19264,2.917752,0
19265,1.943505,1
19266,0.535883,1
19267,0.384855,1
19268,1.491349,1
19269,0.521526,0
19270,5.742201,1
19271,5.216276,1
19272,2.066093,1
19273,2.712039,1
19274,0.949361,0
19275,0.505022,0
19276,1.8772,1
19277,1.971635,1
19278,1.857306,0
19279,0.267997,0
19280,3.264523,1
19281,3.320426,1
19282,1.142707,1
19283,0.151033,0
19284,0.144005,1
19285,1.928351,1
19286,0.867275,1
19287,0.114353,1
19288,0.533752,1
19289,0.438495,1
19290,0.214362,1
19291,1.107261,1
19292,3.854863,0
19293,3.034717,1
19294,0.990777,1
19295,1.496016,1
19296,0.219182,1
19297,2.411319,0
19298,0.600639,0
19299,0.823138,0
19300,0.928607,1
19301,1.100294,1
19302,3.076022,1
19303,0.812474,0
19304,0.27943,1
19305,0.617782,1
19306,4.234919,1
19307,2.41806,1
19308,0.964645,1
19309,4.465299,0
19310,2.59252,1
19311,0.656028,1
19312,0.588421,0
19313,0.431341,1
19314,1.130613,1
19315,1.128736,0
19316,4.111148,0
19317,1.270193,1
19318,1.529958,1
19319,0.368101,1
19320,0.44618,0
19321,2.125539,1
19322,3.015446,1
19323,2.094944,1
19324,1.660228,1
19325,2.795156,0
19326,0.384556,1
19327,1.641435,0
19328,1.057181,1
19329,6.213318,0
19330,0.334706,0
19331,2.553411,1
19332,0.86753,1
19333,0.176603,1
19334,0.224939,0
19335,1.102729,1
19336,4.520531,1
19337,1.920254,1
19338,0.094746,0
19339,0.372185,1
19340,4.420176,1
19341,0.381843,1
19342,0.228888,1
19343,0.957985,0
19344,1.337389,1
19345,2.436608,0
19346,4.426937,0
19347,0.299926,0
19348,0.261156,0
19349,0.264012,0
19350,2.214373,0
19351,5.54746,0
19352,0.436208,1
19353,1.752218,0
19354,1.913864,1
19355,0.571673,1
19356,0.239711,0
19357,0.767746,1
19358,0.269329,1
19359,0.473332,0
19360,0.855921,0
19361,0.994284,1
19362,0.92535,0
19363,1.740992,1
19364,2.766803,1
19365,0.593496,1
19366,1.164292,1
19367,0.459583,0
19368,5.005048,0
19369,0.196947,1
19370,0.219673,0
19371,0.587298,1
19372,0.354913,0
19373,0.527955,1
19374,1.677041,1
19375,0.342304,0
19376,1.855996,1
19377,1.204405,1
19378,0.393947,1
19379,0.443574,1
19380,3.771407,0
19381,0.266548,1
19382,0.409792,1
19383,0.183173,0
19384,5.1894,1
19385,2.370026,1
19386,1.274986,0
19387,0.613788,0
19388,0.218818,1
19389,1.385308,1
19390,0.586904,1
19391,1.491455,0
19392,1.20241,0
19393,1.138188,0
19394,0.654467,1
19395,3.248038,1
19396,0.742608,0
19397,0.954291,1
19398,1.571616,1
19399,0.107328,0
19400,2.379516,0
19401,0.148559,1
19402,0.10636,0
19403,0.409727,1
19404,9.369087,0
19405,0.407638,0
19406,0.693987,1
19407,1.630604,1
19408,3.264468,1
19409,1.985514,1
19410,0.107312,0
19411,2.185518,1
19412,1.024461,1
19413,0.257563,1
19414,4.941677,1
19415,0.270165,1
19416,2.774017,1
19417,1.172449,1
19418,3.516969,1
19419,0.176167,1
19420,0.9596,1
19421,0.691163,1
19422,5.034587,1
19423,2.835997,0
19424,1.407252,1
19425,2.501581,0
19426,0.262184,1
19427,1.019682,0
19428,5.068253,1
19429,5.228225,1
19430,4.078169,0
19431,1.858546,0
19432,3.656973,1
19433,0.358464,1
19434,2.354691,1
19435,0.716149,1
19436,0.615002,0
19437,1.34861,0
19438,0.521239,1
19439,1.658114,1
19440,0.677097,1
19441,2.410999,0
19442,2.835445,1
19443,2.751587,1
19444,0.802052,1
19445,0.688765,1
19446,1.005439,0
19447,0.582281,1
19448,2.378508,1
19449,0.320164,0
19450,1.074152,1
19451,0.131198,0
19452,3.789717,1
19453,0.231343,1
19454,3.146018,1
19455,0.787809,1
19456,4.065486,1
19457,0.199448,1
19458,0.275545,0
19459,2.099254,1
19460,0.311404,1
19461,5.515531,0
19462,2.126101,0
19463,0.091203,0
19464,0.252096,1
19465,1.056465,0
19466,0.329779,1
19467,0.380846,1
19468,0.595703,1
19469,1.393886,1
19470,1.113078,0
19471,0.137207,1
19472,4.727815,0
19473,1.459509,1
19474,2.052357,1
19475,0.472888,1
19476,0.872953,1
19477,0.230559,1
19478,0.676964,0
19479,5.89597,1
19480,1.603948,1
19481,0.85784,1
19482,4.932214,0
19483,0.205656,1
19484,1.823174,0
19485,0.461239,1
19486,0.318147,0
19487,0.683135,1
19488,0.151462,1
19489,0.287076,0
19490,0.449062,1
19491,2.346345,1
19492,3.634109,0
19493,4.261706,0
19494,0.154576,0
19495,0.585922,1
19496,0.37509,1
19497,5.138464,1
19498,0.474132,0
19499,0.123556,0
19500,0.501313,0
19501,0.831333,1
19502,0.857738,0
19503,0.291276,0
19504,0.305181,0
19505,0.25042,0
19506,2.735604,0
19507,0.481598,0
19508,2.046752,1
19509,0.231041,1
19510,6.249232,0
19511,2.486557,0
19512,1.666384,0
19513,0.508841,1
19514,0.524913,1
19515,5.372993,1
19516,0.653729,0
19517,0.281781,1
19518,0.9473,1
19519,0.626869,1
19520,0.554283,0
19521,0.426346,1
19522,1.841585,0
19523,0.125299,0
19524,1.932997,1
19525,2.835739,0
19526,1.505534,1
19527,0.678836,1
19528,0.153544,0
19529,0.378123,1
19530,0.230519,0
19531,0.871267,0
19532,3.017754,1
19533,0.483595,1
19534,4.943386,1
19535,0.362444,1
19536,1.089203,1
19537,3.354451,1
19538,0.707731,1
19539,0.436619,0
19540,0.134241,1
19541,1.701799,1
19542,0.329393,0
19543,0.322184,1
19544,2.392275,1
19545,1.244425,1
19546,0.228982,1
19547,1.348677,0
19548,0.820012,1
19549,1.085584,0
19550,0.775161,1
19551,1.941311,0
19552,1.273322,0
19553,0.580088,0
19554,0.80717,1
19555,0.180412,0
19556,2.349424,1
19557,0.317816,1
19558,0.767576,1
19559,0.256974,1
19560,2.551468,0
19561,1.871762,1
19562,3.84263,0
19563,2.366798,0
19564,0.505301,0
19565,0.234998,0
19566,0.210902,1
19567,1.56912,1
19568,2.402645,1
19569,0.908928,0
19570,0.315147,1
19571,4.020072,0
19572,2.318828,1
19573,0.212191,0
19574,2.66977,0
19575,1.002077,1
19576,2.099025,1
19577,2.05588,0
19578,1.969064,0
19579,1.138466,1
19580,1.095006,1
19581,0.190126,1
19582,1.291059,0
19583,1.339077,1
19584,1.850359,1
19585,0.763859,0
19586,2.338247,1
19587,3.750616,1
19588,1.848107,0
19589,0.703214,1
19590,1.175621,0
19591,4.290354,1
19592,3.125896,0
19593,0.866892,0
19594,3.690149,1
19595,0.151962,1
19596,0.222158,0
19597,2.214056,1
19598,0.807523,1
19599,0.430681,0
19600,3.819795,0
19601,1.705535,1
19602,1.075973,1
19603,0.20173,0
19604,2.457382,1
19605,0.260956,0
19606,0.964933,1
19607,0.874052,1
19608,1.717666,1
19609,0.45787,1
19610,0.607326,1
19611,3.264782,1
19612,2.026016,0
19613,0.70865,1
19614,1.212229,1
19615,0.397794,1
19616,0.496764,1
19617,2.50949,1
19618,0.462807,1
19619,0.594287,1
19620,1.007106,0
19621,3.589835,0
19622,0.995977,1
19623,1.393814,1
19624,4.348839,0
19625,1.678699,1
19626,2.272024,1
19627,5.601724,0
19628,0.186408,1
19629,2.083892,1
19630,3.272673,0
19631,0.477336,0
19632,1.052759,0
19633,0.731136,0
19634,0.888291,0
19635,0.709844,1
19636,0.209896,0
19637,0.862184,0
19638,2.349253,1
19639,1.027797,0
19640,1.906487,1
19641,0.648938,0
19642,1.284577,0
19643,1.330273,1
19644,0.302334,1
19645,2.104644,1
19646,1.8593,0
19647,0.459916,1
19648,1.809437,0
19649,2.382904,1
19650,1.237505,0
19651,0.45137,1
19652,0.144663,0
19653,0.985167,0
19654,3.138505,1
19655,3.929006,1
19656,3.14456,1
19657,1.145397,1
19658,1.921827,0
19659,3.466073,1
19660,1.120653,1
19661,0.764368,1
19662,0.572805,1
19663,1.418884,1
19664,0.418588,1
19665,3.769817,1
19666,1.733144,0
19667,0.461719,1
19668,0.226899,1
19669,0.850944,0
19670,1.987325,1
19671,0.971215,1
19672,1.085416,1
19673,1.453853,0
19674,2.615455,0
19675,3.839617,0
19676,3.303254,1
19677,1.913275,1
19678,5.397314,0
19679,1.438087,0
19680,0.790285,1
19681,0.307734,1
19682,2.089294,0
19683,0.328591,1
19684,4.9633,0
19685,0.140597,1
19686,6.081307,0
19687,3.441541,1
19688,0.495483,1
19689,0.169366,1
19690,3.81476,0
19691,2.146443,1
19692,5.482933,0
19693,0.125959,1
19694,0.244876,1
19695,0.253683,1
19696,1.768226,1
19697,5.836966,0
19698,0.256122,0
19699,0.383582,1
19700,0.820014,1
19701,0.154213,0
19702,3.099238,0
19703,0.959495,1
19704,2.00228,0
19705,0.13857,0
19706,5.96494,1
19707,5.438012,0
19708,0.943799,1
19709,1.381049,0
19710,4.527049,0
19711,0.497602,1
19712,0.745351,1
19713,0.312001,1
19714,4.142883,0
19715,0.944448,1
19716,0.539966,1
19717,3.465103,0
19718,1.338281,1
19719,1.014132,1
19720,0.184258,0
19721,0.607671,1
19722,2.428689,1
19723,1.473439,0
19724,0.292698,1
19725,1.42502,1
19726,1.171205,1
19727,2.056361,1
19728,6.241947,0
19729,2.872692,1
19730,2.299051,1
19731,6.893142,1
19732,0.734656,1
19733,3.667177,1
19734,2.939163,0
19735,1.006749,1
19736,5.168344,1
19737,1.001571,1
19738,1.971698,1
19739,2.066975,0
19740,2.48455,1
19741,0.50535,1
19742,0.23743,0
19743,1.700954,1
19744,0.95997,0
19745,1.924698,1
19746,0.436689,1
19747,5.439708,1
19748,5.698876,0
19749,3.20797,1
19750,1.715022,1
19751,2.944873,1
19752,2.264894,0
19753,0.108677,1
19754,0.425912,1
19755,0.176624,0
19756,0.626224,1
19757,1.238796,1
19758,4.226705,1
19759,1.179448,0
19760,2.471083,1
19761,0.837665,0
19762,0.484146,0
19763,0.162779,0
19764,1.205172,1
19765,1.066862,1
19766,0.465705,1
19767,2.686032,1
19768,1.908963,0
19769,1.33579,1
19770,2.448265,1
19771,1.775717,1
19772,5.106561,0
19773,1.144122,1
19774,2.58949,1
19775,1.665559,1
19776,0.237269,0
19777,0.900317,0
19778,0.713876,0
19779,2.301501,1
19780,0.214053,1
19781,0.184776,0
19782,1.932929,0
19783,4.188363,1
19784,0.97936,0
19785,0.513805,1
19786,2.131654,1
19787,2.704801,1
19788,4.110839,0
19789,0.363223,0
19790,0.39649,0
19791,4.528487,1
19792,1.449532,1
19793,1.138542,0
19794,0.456831,1
19795,1.261712,1
19796,0.801218,1
19797,0.308046,1
19798,5.277052,0
19799,0.463004,0
19800,0.355823,1
19801,2.565083,1
19802,5.734098,0
19803,0.245347,0
19804,0.428197,1
19805,0.328258,1
19806,0.824048,1
19807,1.066222,1
19808,1.888394,1
19809,0.781023,0
19810,2.115323,1
19811,2.392519,1
19812,2.54819,1
19813,0.442268,0
19814,0.119265,0
19815,0.26852,0
19816,2.294418,1
19817,4.30942,1
19818,2.417232,1
19819,0.623984,1
19820,0.143518,1
19821,0.690833,1
19822,2.616374,1
19823,0.175486,1
19824,0.201938,1
19825,1.315797,1
19826,0.108554,0
19827,6.018414,1
19828,0.223188,0
19829,5.675536,1
19830,0.15793,0
19831,6.025399,0
19832,1.171012,1
19833,2.006954,1
19834,0.577135,1
19835,0.760967,1
19836,3.780282,1
19837,0.39402,1
19838,0.73478,1
19839,2.376693,1
19840,1.797417,0
19841,0.403178,1
19842,0.921566,0
19843,0.199514,1
19844,1.358739,1
19845,2.191119,0
19846,0.691065,1
19847,4.103942,1
19848,0.840338,0
19849,1.103835,1
19850,3.105679,1
19851,0.388483,1
19852,0.499263,0
19853,0.659088,1
19854,4.45015,0
19855,0.254902,1
19856,0.408863,1
19857,1.985023,0
19858,1.555408,1
19859,1.177232,1
19860,1.145852,1
19861,1.426946,0
19862,2.087838,0
19863,0.929204,1
19864,0.188108,0
19865,0.345271,0
19866,1.353377,0
19867,3.161511,1
19868,0.50083,1
19869,0.352309,1
19870,2.186511,0
19871,6.826777,1
19872,0.418254,1
19873,0.706602,1
19874,4.656298,1
19875,1.799892,1
19876,4.044685,1
19877,2.608138,1
19878,0.519318,1
19879,3.30348,1
19880,2.198072,1
19881,0.678431,1
19882,7.166463,1
19883,0.395335,1
19884,5.122578,0
19885,1.156867,1
19886,0.171125,1
19887,0.795189,1
19888,0.297545,1
19889,2.298313,0
19890,1.409707,1
19891,0.919814,0
19892,0.968848,0
19893,1.912909,1
19894,0.458249,1
19895,0.93387,1
19896,0.254731,1
19897,4.189141,0
19898,0.251157,1
19899,5.444572,0
19900,2.583276,1
19901,0.208228,1
19902,0.102897,1
19903,1.796728,0
19904,0.552776,1
19905,5.839775,0
19906,2.806158,1
19907,0.104095,0
19908,0.538457,1
19909,1.128093,1
19910,1.620306,0
19911,0.279795,1
19912,3.730805,0
19913,3.170164,0
19914,4.615327,0
19915,0.230083,1
19916,1.616807,0
19917,3.575285,0
19918,4.62326,0
19919,1.175095,0
19920,1.551435,1
19921,1.436624,1
19922,1.307963,0
19923,0.170882,1
19924,0.212987,1
19925,1.182178,1
19926,0.150812,1
19927,1.185194,1
19928,0.32009,0
19929,0.694203,0
19930,1.762389,1
19931,2.152443,1
19932,0.321012,0
19933,4.245093,1
19934,2.386855,0
19935,1.445264,1
19936,0.519811,1
19937,0.200002,1
19938,0.102013,0
19939,2.490742,0
19940,0.509535,1
19941,2.934963,0
19942,2.343527,1
19943,0.57141,1
19944,1.658691,1
19945,0.449816,1
19946,2.899997,1
19947,0.735947,1
19948,1.074121,1
19949,0.344015,1
19950,0.389089,1
19951,2.457707,1
19952,1.939529,0
19953,5.443621,1
19954,0.582675,1
19955,0.260156,1
19956,0.22216,0
19957,2.747854,1
19958,5.219566,0
19959,2.314741,1
19960,5.227053,0
19961,1.813461,1
19962,6.668097,1
19963,0.419853,0
19964,0.299228,1
19965,4.388483,1
19966,0.452649,1
19967,3.537774,0
19968,0.495983,0
19969,0.153882,1
19970,0.739741,0
19971,1.09576,1
19972,0.155564,1
19973,0.272103,1
19974,1.676588,1
19975,0.979095,1
19976,1.348794,1
19977,0.514981,0
19978,4.30775,0
19979,4.690593,1
19980,3.588259,1
19981,1.044807,1
19982,0.238507,1
19983,1.79024,0
19984,0.538479,1
19985,2.122366,0
19986,1.415599,1
19987,2.071873,0
19988,0.38717,0
19989,1.441265,0
19990,4.256303,0
19991,2.556004,1
19992,0.688019,0
19993,0.384689,1
19994,0.304681,0
19995,0.297047,1
19996,1.526975,1
19997,0.439607,1
19998,0.320292,0
19999,4.840089,1
20000,1.327399,1
20001,0.829176,1
20002,1.03207,1
20003,0.406223,1
20004,3.673584,1
20005,0.283724,1
20006,2.937105,0
20007,0.398126,0
20008,1.794921,1
20009,0.462282,0
20010,2.237591,1
20011,1.497412,1
20012,1.629363,1
20013,3.883865,1
20014,0.439036,0
20015,1.148151,1
20016,3.948426,1
20017,0.602637,1
20018,0.190819,0
20019,3.920461,1
20020,1.540972,0
20021,2.015392,1
20022,3.04175,1
20023,0.261081,1
20024,2.563408,0
20025,0.207697,1
20026,5.045056,1
20027,0.471991,1
20028,0.430203,1
20029,1.882421,1
20030,1.013392,1
20031,1.972411,1
20032,2.117656,0
20033,3.142131,1
20034,0.854326,1
20035,0.133424,0
20036,3.704733,1
20037,0.298358,1
20038,0.278007,1
20039,1.267036,1
20040,1.526608,1
20041,4.21375,1
20042,0.629432,1
20043,0.476144,1
20044,1.444322,0
20045,0.523738,1
20046,0.210588,0
20047,2.224283,1
20048,0.332916,0
20049,0.083734,0
20050,0.272301,0
20051,1.491239,1
20052,0.473872,1
20053,1.204232,0
20054,0.723718,0
20055,0.686371,1
20056,2.162394,1
20057,0.648295,1
20058,4.455243,1
20059,1.123643,1
20060,0.235054,1
20061,1.81183,1
20062,1.054923,1
20063,1.625232,0
20064,1.460231,1
20065,2.227781,1
20066,0.351094,1
20067,0.7094,1
20068,0.855501,0
20069,1.319076,0
20070,0.889141,1
20071,0.116864,0
20072,0.786669,1
20073,3.09454,1
20074,2.683867,1
20075,0.533116,1
20076,2.191888,0
20077,0.629819,1
20078,4.101199,1
20079,1.088289,0
20080,0.888833,1
20081,4.955001,1
20082,1.303887,1
20083,4.314046,1
20084,4.41626,0
20085,1.256608,1
20086,0.36334,1
20087,3.239544,0
20088,3.12579,1
20089,2.649842,0
20090,0.384347,1
20091,3.43128,0
20092,1.476664,0
20093,5.396185,1
20094,3.397836,1
20095,0.220112,0
20096,0.366249,1
20097,1.143305,1
20098,0.69794,0
20099,0.161103,0
20100,0.636427,0
20101,0.486619,1
20102,3.987733,0
20103,1.406727,1
20104,0.540061,0
20105,0.170744,1
20106,3.28036,0
20107,0.773535,1
20108,1.280938,0
20109,5.225834,0
20110,0.732915,1
20111,1.255506,0
20112,1.028609,1
20113,0.467904,0
20114,1.229935,1
20115,1.093115,1
20116,4.037195,1
20117,1.766508,0
20118,0.116643,1
20119,0.773389,1
20120,0.610815,0
20121,0.265972,1
20122,0.558739,1
20123,2.984215,1
20124,1.619692,1
20125,0.595466,1
20126,0.338307,1
20127,0.398933,1
20128,1.786007,0
20129,1.110402,1
20130,1.15861,0
20131,2.57058,1
20132,0.185755,1
20133,0.325828,1
20134,1.201134,1
20135,0.148414,0
20136,0.787107,1
20137,1.119192,0
20138,1.516428,0
20139,1.897499,0
20140,2.767718,0
20141,1.007457,1
20142,0.791343,1
20143,0.430734,1
20144,1.156888,1
20145,0.221838,0
20146,0.658003,1
20147,0.362098,1
20148,0.441213,1
20149,2.353566,1
20150,0.536693,1
20151,0.371162,1
20152,0.502391,1
20153,0.246466,1
20154,1.414931,1
20155,0.968595,1
20156,0.765398,1
20157,0.295442,1
20158,1.954589,1
20159,0.193944,0
20160,1.9059,1
20161,0.129551,0
20162,0.333312,0
20163,1.284959,1
20164,3.630092,0
20165,4.111483,1
20166,0.571272,1
20167,0.671731,1
20168,1.890834,1
20169,3.361046,0
20170,0.871076,1
20171,1.890852,0
20172,0.270626,0
20173,0.220134,0
20174,0.548079,0
20175,0.33546,1
20176,0.269643,1
20177,2.224098,1
20178,0.850165,1
20179,1.952467,0
20180,0.321188,1
20181,3.93189,0
20182,5.854469,0
20183,0.157701,1
20184,3.75172,1
20185,1.16654,1
20186,0.679249,1
20187,0.310554,0
20188,1.204423,1
20189,0.436258,0
20190,1.404134,0
20191,0.567899,1
20192,0.26671,0
20193,1.083285,1
20194,1.904558,0
20195,0.137496,1
20196,1.15939,1
20197,0.599238,1
20198,0.186329,0
20199,1.724163,1
20200,2.85484,1
20201,1.539158,0
20202,0.690382,1
20203,0.278172,1
20204,2.964794,1
20205,2.384382,0
20206,1.156314,1
20207,1.803739,1
20208,2.980029,0
20209,0.385011,1
20210,0.554487,1
20211,0.272647,0
20212,0.285932,0
20213,0.137774,1
20214,0.271702,1
20215,0.30933,1
20216,1.079474,1
20217,0.355363,0
20218,2.264826,1
20219,3.596585,1
20220,1.260663,1
20221,1.287456,1
20222,1.156498,0
20223,1.56076,1
20224,6.158575,0
20225,1.166242,0
20226,1.74594,1
20227,0.828843,0
20228,0.583405,1
20229,0.568712,1
20230,3.205861,0
20231,2.30952,1
20232,2.835121,0
20233,0.384796,1
20234,4.642864,0
20235,1.224007,1
20236,1.973918,1
20237,0.491142,1
20238,0.975129,1
20239,1.884289,0
20240,0.278051,0
20241,2.926849,1
20242,2.573997,1
20243,0.307483,1
20244,0.769742,1
20245,2.310953,1
20246,0.398194,1
20247,2.644262,0
20248,0.217915,1
20249,0.329625,1
20250,3.293801,1
20251,1.485196,1
20252,0.805139,1
20253,3.447435,0
20254,0.442436,1
20255,0.91961,1
20256,1.068658,0
20257,0.498097,1
20258,3.346746,0
20259,4.228861,0
20260,0.984349,0
20261,0.167917,0
20262,0.67178,1
20263,0.952413,1
20264,1.871462,0
20265,2.099495,1
20266,2.824861,1
20267,1.981419,1
20268,2.266317,0
20269,2.400272,1
20270,5.111444,1
20271,2.576807,0
20272,3.290114,0
20273,0.359085,1
20274,0.763118,1
20275,2.718833,1
20276,2.059883,1
20277,0.748978,0
20278,2.134704,1
20279,0.694681,1
20280,0.334339,1
20281,0.839877,1
20282,1.682537,1
20283,0.403228,1
20284,0.275534,1
20285,2.78131,1
20286,1.615859,0
20287,1.242098,0
20288,0.261126,0
20289,0.346552,1
20290,0.133929,0
20291,2.414535,1
20292,1.735451,0
20293,0.94062,0
20294,0.392997,1
20295,0.799153,0
20296,1.562713,1
20297,2.033773,1
20298,3.002919,0
20299,4.425598,1
20300,1.300855,1
20301,0.161756,0
20302,0.994113,1
20303,1.798393,1
20304,0.117996,0
20305,0.284245,0
20306,0.340894,1
20307,0.416707,1
20308,1.518783,1
20309,1.028965,1
20310,1.314511,1
20311,0.740148,0
20312,1.041538,1
20313,0.596919,1
20314,1.177684,0
20315,1.851549,1
20316,4.202565,0
20317,1.958078,1
20318,0.441244,1
20319,2.336232,0
20320,0.087345,1
20321,0.458823,1
20322,0.781699,1
20323,0.651869,0
20324,5.140987,1
20325,0.367801,1
20326,1.376507,0
20327,0.420775,1
20328,0.654266,1
20329,0.723456,1
20330,0.336527,1
20331,0.258588,0
20332,1.254403,0
20333,0.115785,1
20334,0.885901,1
20335,0.772602,0
20336,2.698733,0
20337,0.131364,0
20338,0.981187,1
20339,4.791111,1
20340,0.50838,1
20341,0.488334,1
20342,4.078635,0
20343,0.650186,1
20344,0.345362,1
20345,1.34852,1
20346,4.042747,0
20347,1.140461,1
20348,0.269792,0
20349,2.617558,1
20350,1.200219,0
20351,2.457439,1
20352,0.692553,1
20353,0.54668,1
20354,3.099002,0
20355,0.334004,0
20356,1.132274,0
20357,2.715833,1
20358,0.286212,0
20359,0.927178,1
20360,4.288828,1
20361,1.117475,0
20362,3.692292,0
20363,2.326312,0
20364,1.652129,1
20365,0.207785,0
20366,1.639186,1
20367,0.547278,1
20368,1.158245,0
20369,2.549802,1
20370,0.413767,1
20371,2.463446,1
20372,0.615307,1
20373,3.280241,1
20374,0.273477,1
20375,4.202805,0
20376,3.167978,1
20377,0.547329,0
20378,1.045555,1
20379,1.873291,1
20380,0.59379,0
20381,3.70469,0
20382,0.233662,1
20383,0.843096,1
20384,0.237891,1
20385,0.182602,0
20386,2.698744,0
20387,0.978289,1
20388,2.14052,0
20389,0.301034,1
20390,0.339175,1
20391,0.290414,0
20392,0.42401,0
20393,0.142397,0
20394,1.039227,1
20395,1.480785,1
20396,0.481288,0
20397,5.498078,0
20398,0.516751,1
20399,1.57849,1
20400,4.243867,1
20401,0.130517,0
20402,4.324962,1
20403,1.611986,1
20404,0.718394,1
20405,0.384819,1
20406,0.229672,0
20407,0.152823,1
20408,0.308133,0
20409,2.307224,0
20410,0.093549,0
20411,3.223464,1
20412,1.901825,1
20413,0.705339,0
20414,4.716855,1
20415,0.114967,1
20416,0.638953,0
20417,0.355193,1
20418,0.212882,0
20419,2.109495,1
20420,0.811312,0
20421,0.727884,1
20422,1.228449,1
20423,2.148272,0
20424,5.536691,1
20425,2.006786,1
20426,1.326629,0
20427,1.598326,0
20428,0.185847,0
20429,1.871751,0
20430,0.750776,1
20431,0.146207,0
20432,0.148986,0
20433,3.373305,1
20434,0.6464,1
20435,0.6923,1
20436,2.73382,1
20437,1.606427,1
20438,0.146049,1
20439,0.944445,1
20440,0.473485,1
20441,0.867165,1
20442,0.379903,0
20443,0.645635,1
20444,0.414837,1
20445,0.133573,0
20446,0.414335,1
20447,0.317636,0
20448,2.133693,1
20449,2.362503,0
20450,2.4519,1
20451,0.816999,1
20452,2.971012,1
20453,0.519928,1
20454,0.20137,1
20455,1.320228,1
20456,0.230704,1
20457,3.574965,1
20458,0.392371,1
20459,0.866802,1
20460,1.359657,1
20461,2.76339,1
20462,0.13375,1
20463,0.304984,1
20464,2.844923,1
20465,4.441018,0
20466,2.167569,0
20467,1.675995,1
20468,2.595852,1
20469,4.322526,0
20470,4.112821,1
20471,2.001685,1
20472,0.626564,1
20473,0.166664,1
20474,0.286915,0
20475,4.261949,1
20476,0.380235,1
20477,0.2334,1
20478,0.140858,0
20479,1.938605,0
20480,0.659454,0
20481,0.302681,1
20482,2.121596,0
20483,0.317243,0
20484,0.354029,0
20485,4.271828,1
20486,0.166806,0
20487,2.69184,1
20488,6.077833,0
20489,0.656271,0
20490,0.325516,1
20491,1.682977,0
20492,3.992821,1
20493,0.240131,0
20494,0.153238,1
20495,3.999792,0
20496,2.659391,1
20497,1.382815,1
20498,4.938663,0
20499,0.1427,0
20500,2.164317,1
20501,1.072247,0
20502,0.860377,1
20503,5.34945,0
20504,1.116586,1
20505,0.112337,0
20506,0.346039,1
20507,0.65944,1
20508,2.539334,0
20509,0.639486,0
20510,1.227488,1
20511,1.118633,1
20512,2.22965,1
20513,1.466787,0
20514,4.62317,0
20515,0.337017,1
20516,3.390404,1
20517,2.162682,0
20518,1.069131,1
20519,5.980619,0
20520,4.856167,0
20521,1.551364,1
20522,4.645571,0
20523,1.041848,1
20524,0.450276,1
20525,2.558373,1
20526,5.698853,0
20527,1.21091,1
20528,2.595791,1
20529,1.754805,0
20530,4.54724,1
20531,0.302983,1
20532,0.299929,1
20533,1.407125,0
20534,1.837531,1
20535,0.535502,1
20536,2.60738,0
20537,1.450487,0
20538,0.172656,1
20539,1.491663,1
20540,0.942899,1
20541,2.626367,1
20542,2.377409,1
20543,0.149265,1
20544,1.378271,1
20545,0.322357,0
20546,0.334413,1
20547,2.378507,0
20548,1.035416,0
20549,0.607876,1
20550,2.236902,1
20551,0.12619,0
20552,1.836878,0
20553,2.501368,0
20554,0.299868,1
20555,1.64165,0
20556,1.742314,0
20557,0.891419,1
20558,0.098928,1
20559,0.868498,1
20560,0.351266,0
20561,0.175921,1
20562,1.38616,1
20563,1.429825,0
20564,0.258388,0
20565,1.352539,0
20566,5.783415,1
20567,0.626285,0
20568,1.742778,1
20569,0.549605,1
20570,0.253055,0
20571,5.822024,0
20572,0.232621,1
20573,0.614245,1
20574,4.441095,1
20575,0.554804,1
20576,0.105324,0
20577,1.588031,1
20578,3.548102,1
20579,0.438657,1
20580,2.064761,0
20581,0.4126,0
20582,1.215116,1
20583,2.786697,0
20584,1.797588,1
20585,1.077058,1
20586,0.691849,0
20587,1.835378,0
20588,1.126028,1
20589,2.074434,1
20590,0.589972,0
20591,3.134246,1
20592,0.23296,1
20593,3.434183,1
20594,0.803418,1
20595,0.301328,1
20596,1.64138,0
20597,0.716692,1
20598,3.698637,0
20599,1.655448,1
20600,0.178632,1
20601,2.249889,0
20602,0.951274,1
20603,4.994938,1
20604,2.038726,1
20605,0.230691,0
20606,6.703998,1
20607,1.060344,1
20608,0.254875,1
20609,0.709331,1
20610,0.765837,0
20611,0.197953,1
20612,2.417436,1
20613,5.262757,0
20614,0.215706,1
20615,1.837002,1
20616,0.301865,1
20617,4.350705,1
20618,0.731866,1
20619,0.629612,1
20620,1.270079,1
20621,2.695086,1
20622,1.149626,1
20623,2.199649,1
20624,0.555502,1
20625,0.393568,1
20626,4.303427,1
20627,1.38924,1
20628,1.174475,1
20629,0.426694,1
20630,1.740566,1
20631,0.727635,1
20632,0.193878,1
20633,2.481352,0
20634,1.966369,1
20635,2.295177,1
20636,0.34744,1
20637,0.397733,1
20638,0.66023,1
20639,3.953617,1
20640,1.619262,0
20641,3.342367,0
20642,0.482582,0
20643,0.590609,1
20644,0.644704,1
20645,2.420277,1
20646,1.201079,1
20647,0.578338,1
20648,0.168608,0
20649,0.54383,0
20650,2.486617,0
20651,0.200864,0
20652,0.368528,0
20653,2.186261,1
20654,2.786885,0
20655,0.889661,1
20656,0.125328,0
20657,0.240012,1
20658,0.581813,1
20659,0.961847,1
20660,0.298053,0
20661,0.301882,1
20662,0.224982,1
20663,2.048041,0
20664,2.378346,1
20665,2.05777,1
20666,4.357907,0
20667,0.178185,1
20668,0.663223,1
20669,3.568116,1
20670,3.685733,1
20671,0.117223,0
20672,1.014527,1
20673,0.193148,0
20674,0.579972,0
20675,0.061691,0
20676,1.397511,1
20677,1.062965,0
20678,0.404126,0
20679,0.102212,0
20680,3.27948,1
20681,0.604234,1
20682,2.252313,1
20683,1.502661,1
20684,1.560409,0
20685,0.314398,0
20686,0.61813,1
20687,1.069144,1
20688,5.036937,1
20689,3.987054,1
20690,5.050034,0
20691,0.865144,1
20692,0.494569,1
20693,0.199942,1
20694,1.106444,0
20695,4.317693,0
20696,0.626892,0
20697,0.528809,0
20698,0.104839,0
20699,1.61192,1
20700,0.267762,0
20701,5.438529,1
20702,1.899945,1
20703,2.450368,1
20704,0.998291,0
20705,5.413618,0
20706,4.378349,1
20707,1.748162,1
20708,0.322356,1
20709,0.490363,1
20710,1.693888,0
20711,1.064597,1
20712,3.507318,0
20713,4.117778,1
20714,0.418973,1
20715,0.330913,0
20716,0.598794,0
20717,0.112207,0
20718,0.981729,1
20719,0.385064,1
20720,0.665066,0
20721,2.303664,1
20722,0.229005,1
20723,0.216884,1
20724,0.287571,1
20725,0.765482,1
20726,0.90496,1
20727,3.971661,1
20728,4.169733,1
20729,0.789764,0
20730,0.557117,0
20731,5.001749,1
20732,3.647424,1
20733,0.67059,1
20734,0.677923,1
20735,0.777126,1
20736,0.852919,1
20737,2.533699,1
20738,0.163888,1
20739,0.535496,1
20740,0.49006,0
20741,0.442249,1
20742,0.166447,1
20743,3.794161,1
20744,2.802125,0
20745,0.611224,1
20746,0.175818,0
20747,1.6438,1
20748,0.466371,0
20749,1.473067,1
20750,0.753089,1
20751,2.121605,0
20752,0.261132,0
20753,4.07368,1
20754,1.140566,1
20755,0.444355,1
20756,0.256969,0
20757,6.05882,0
20758,0.923402,1
20759,0.387001,0
20760,4.949163,1
20761,2.049092,0
20762,2.531179,1
20763,0.151223,0
20764,1.7269,1
20765,2.513902,1
20766,1.191453,0
20767,1.770722,1
20768,1.860508,1
20769,3.838844,1
20770,0.32865,0
20771,2.901237,1
20772,0.479193,1
20773,0.310629,0
20774,0.343396,1
20775,0.491153,0
20776,3.014416,0
20777,0.745319,1
20778,0.934092,1
20779,0.910007,1
20780,1.614442,1
20781,0.087416,0
20782,1.423676,1
20783,1.092602,1
20784,2.384109,0
20785,0.546653,1
20786,0.403006,0
20787,0.348667,1
20788,5.207533,0
20789,0.692597,1
20790,0.354978,1
20791,3.344049,0
20792,4.209191,1
20793,3.633699,1
20794,2.923485,1
20795,0.462825,1
20796,3.756138,0
20797,1.994735,0
20798,0.407346,1
20799,2.103543,1
20800,0.342531,1
20801,2.926968,1
20802,1.650401,1
20803,3.054499,0
20804,0.245064,0
20805,0.322068,1
20806,0.492749,1
20807,0.825024,1
20808,0.738594,0
20809,0.767486,0
20810,0.802017,0
20811,0.630023,1
20812,0.54968,0
20813,0.548784,1
20814,0.369728,0
20815,2.546674,0
20816,1.79293,1
20817,2.452064,0
20818,0.393108,1
20819,4.258734,0
20820,3.211204,0
20821,0.932006,1
20822,1.563365,0
20823,4.100936,0
20824,5.145925,0
20825,0.256105,1
20826,3.79249,1
20827,1.016075,1
20828,4.2084,1
20829,1.695274,1
20830,0.929381,1
20831,1.511612,1
20832,0.355359,0
20833,0.662195,0
20834,0.587693,1
20835,2.427272,1
20836,2.518972,1
20837,0.249336,0
20838,5.585591,0
20839,0.227915,1
20840,0.122032,0
20841,1.6789,1
20842,0.800637,1
20843,6.050033,0
20844,1.551527,1
20845,0.329443,0
20846,4.385307,0
20847,0.335615,1
20848,0.12581,0
20849,0.310753,1
20850,2.914319,0
20851,0.280611,1
20852,0.601865,1
20853,0.63619,1
20854,0.598944,1
20855,6.916341,0
20856,1.115077,1
20857,2.297834,1
20858,1.050044,1
20859,0.331369,1
20860,0.389969,1
20861,0.15979,1
20862,0.615951,1
20863,0.790945,1
20864,2.790708,0
20865,0.777173,1
20866,0.156508,0
20867,0.469965,0
20868,3.230387,1
20869,1.951046,1
20870,0.985712,0
20871,4.263597,1
20872,0.883307,1
20873,4.906378,1
20874,2.278284,1
20875,2.05375,1
20876,2.150623,1
20877,3.550174,1
20878,2.375303,1
20879,2.284516,0
20880,2.124711,1
20881,0.614429,1
20882,0.390906,1
20883,0.119893,0
20884,0.258278,1
20885,0.432706,1
20886,3.746938,0
20887,1.041626,1
20888,2.223221,1
20889,1.191352,1
20890,0.139873,1
20891,0.242733,1
20892,0.560829,1
20893,0.788828,1
20894,5.185264,0
20895,6.387895,0
20896,1.365102,1
20897,0.315903,1
20898,0.097857,0
20899,3.70169,1
20900,0.663877,1
20901,3.359221,1
20902,0.486422,1
20903,0.111135,1
20904,0.147696,1
20905,4.564952,1
20906,1.758564,0
20907,6.487236,1
20908,0.433673,1
20909,0.246346,1
20910,0.686754,0
20911,3.026601,0
20912,1.574201,1
20913,3.651653,1
20914,0.51106,1
20915,0.362743,0
20916,1.495713,1
20917,0.992103,1
20918,0.680538,1
20919,1.48764,1
20920,0.341248,1
20921,3.35394,0
20922,1.526815,1
20923,1.24685,1
20924,1.288891,0
20925,0.15544,1
20926,2.004147,1
20927,0.232186,1
20928,1.152927,1
20929,1.528297,1
20930,0.275971,1
20931,1.117843,1
20932,1.412451,1
20933,0.67473,1
20934,1.683036,0
20935,1.194006,1
20936,3.957487,1
20937,0.433192,1
20938,0.31468,1
20939,0.443873,1
20940,0.447546,1
20941,0.18807,1
20942,6.803961,1
20943,3.037187,0
20944,3.878381,1
20945,0.297432,1
20946,2.237951,1
20947,0.349328,1
20948,2.813735,1
20949,1.815713,1
20950,1.697052,1
20951,3.602006,1
20952,5.082915,1
20953,0.778675,0
20954,0.998178,1
20955,0.27751,0
20956,1.689026,1
20957,3.822855,1
20958,2.79655,1
20959,3.888622,1
20960,1.798212,0
20961,0.207104,1
20962,0.848232,0
20963,1.016633,0
20964,2.355407,1
20965,0.905928,1
20966,3.575786,1
20967,0.351584,1
20968,0.131732,1
20969,0.594028,1
20970,0.229231,1
20971,0.530005,1
20972,1.992605,1
20973,0.44888,1
20974,0.979009,1
20975,0.607525,1
20976,0.974478,1
20977,1.19071,1
20978,1.090818,1
20979,0.240754,0
20980,1.196607,0
20981,0.604121,1
20982,1.14413,0
20983,1.098611,1
20984,2.613833,1
20985,1.279137,1
20986,0.441697,1
20987,0.295656,1
20988,3.674112,0
20989,0.784856,0
20990,1.612869,0
20991,1.249595,1
20992,0.541186,1
20993,0.715835,1
20994,0.293056,1
20995,0.172429,1
20996,0.665223,0
20997,0.459476,1
20998,3.310735,0
20999,0.931023,1
21000,4.517375,1
21001,0.304678,0
21002,0.269188,0
21003,0.912697,1
21004,1.625321,1
21005,0.195217,1
21006,0.43,0
21007,0.162298,1
21008,0.714245,0
21009,0.740766,1
21010,0.853504,1
21011,3.422908,1
21012,0.699253,1
21013,0.592027,1
21014,3.97161,0
21015,4.913074,0
21016,6.100057,1
21017,4.833576,1
21018,2.880023,1
21019,1.666486,1
21020,0.433456,1
21021,0.126117,0
21022,0.480814,1
21023,3.253867,1
21024,6.458206,0
21025,5.018524,0
21026,0.123854,1
21027,0.571868,1
21028,1.203765,0
21029,0.656049,0
21030,1.757303,0
21031,4.963074,0
21032,1.23517,0
21033,4.291996,0
21034,0.587172,1
21035,2.2423,0
21036,2.243834,0
21037,0.847697,1
21038,0.703766,1
21039,0.212373,0
21040,1.088635,1
21041,1.800396,1
21042,0.230639,1
21043,4.763369,1
21044,0.978175,0
21045,2.174986,1
21046,1.031407,1
21047,2.888753,0
21048,0.749497,1
21049,2.647518,1
21050,2.308503,1
21051,3.932294,1
21052,0.240467,0
21053,0.228676,0
21054,5.721279,0
21055,1.139121,0
21056,0.457036,1
21057,2.599475,1
21058,3.818468,0
21059,2.451986,0
21060,0.41821,1
21061,0.19945,1
21062,0.363438,0
21063,0.563503,0
21064,2.728515,1
21065,1.313348,0
21066,2.744271,0
21067,0.212047,1
21068,2.049006,1
21069,0.254142,1
21070,0.148086,1
21071,2.157775,0
21072,0.350935,1
21073,5.051776,1
21074,1.473311,0
21075,2.786336,0
21076,2.008244,1
21077,0.72979,0
21078,0.477921,1
21079,0.784658,1
21080,4.931405,0
21081,0.79548,0
21082,1.61296,0
21083,5.19452,1
21084,0.224949,0
21085,0.247208,1
21086,4.602454,1
21087,1.582582,1
21088,0.899364,0
21089,2.438828,1
21090,0.541512,1
21091,1.478088,1
21092,4.484197,1
21093,0.341016,1
21094,0.874816,1
21095,1.441221,1
21096,3.991276,1
21097,1.867025,1
21098,1.141074,1
21099,0.632169,0
21100,2.080762,0
21101,0.361603,1
21102,1.69617,1
21103,2.383094,1
21104,2.383991,0
21105,1.490565,0
21106,0.733193,1
21107,0.14939,1
21108,1.119428,1
21109,3.168817,1
21110,1.404424,1
21111,1.031469,1
21112,4.612311,1
21113,0.517626,0
21114,0.176917,0
21115,6.102459,0
21116,5.890672,1
21117,0.394507,1
21118,4.64885,1
21119,4.808126,1
21120,1.827027,1
21121,1.804956,1
21122,1.579757,0
21123,1.681553,0
21124,1.16564,0
21125,1.766379,1
21126,1.00724,1
21127,0.994148,1
21128,0.141085,0
21129,0.784732,0
21130,1.814523,1
21131,4.033441,1
21132,1.24846,1
21133,2.314968,0
21134,0.564542,1
21135,0.274866,1
21136,0.18926,1
21137,1.551163,1
21138,0.318373,1
21139,2.268649,0
21140,5.354669,1
21141,0.898055,1
21142,2.150476,1
21143,1.539885,0
21144,0.730225,1
21145,4.254182,0
21146,0.12421,0
21147,0.315945,1
21148,4.618578,1
21149,0.945162,1
21150,0.704162,1
21151,2.916557,1
21152,0.422352,0
21153,2.568878,1
21154,0.507719,1
21155,0.74744,1
21156,3.898389,1
21157,0.460144,1
21158,2.299927,1
21159,0.589696,1
21160,1.276139,1
21161,0.92837,1
21162,0.574532,1
21163,1.687375,0
21164,0.364917,0
21165,2.309689,1
21166,3.977819,0
21167,3.183349,1
21168,3.095092,1
21169,0.482234,1
21170,1.705955,0
21171,0.357724,0
21172,0.678341,1
21173,2.123615,0
21174,2.824735,1
21175,2.903102,1
21176,2.439051,0
21177,0.560024,0
21178,0.711116,1
21179,1.292164,0
21180,1.049041,1
21181,1.681519,1
21182,4.482904,0
21183,2.136789,0
21184,1.569799,1
21185,0.706725,1
21186,0.447417,1
21187,1.641225,0
21188,2.516788,1
21189,4.575989,1
21190,3.55981,1
21191,3.039124,1
21192,1.213902,1
21193,0.222863,1
21194,0.8643,1
21195,0.579884,1
21196,0.244643,1
21197,0.249665,0
21198,0.577385,1
21199,3.103997,0
21200,4.250113,1
21201,0.938113,1
21202,1.244272,0
21203,1.081882,1
21204,0.83753,0
21205,0.560172,0
21206,1.872303,0
21207,0.733048,1
21208,1.201696,1
21209,3.325181,1
21210,0.371197,1
21211,0.124144,0
21212,1.029952,1
21213,0.678749,1
21214,0.877922,1
21215,0.20072,1
21216,0.177947,1
21217,0.941229,1
21218,1.197309,0
21219,2.18533,1
21220,1.82991,1
21221,4.990287,1
21222,0.470992,0
21223,0.399641,1
21224,0.356946,1
21225,2.235032,0
21226,3.933724,0
21227,1.873997,0
21228,0.140505,1
21229,2.060553,1
21230,0.52349,0
21231,1.796585,0
21232,1.878237,0
21233,1.128411,0
21234,0.530822,1
21235,0.589742,1
21236,4.229583,0
21237,0.207685,0
21238,2.742251,0
21239,1.396613,0
21240,1.664509,1
21241,0.780467,1
21242,1.043347,0
21243,0.321812,1
21244,1.925791,1
21245,4.331502,1
21246,0.280585,1
21247,2.574807,0
21248,0.970364,0
21249,0.520819,1
21250,0.449273,0
21251,0.302729,1
21252,0.114867,0
21253,0.529235,1
21254,1.758821,1
21255,2.477342,0
21256,2.220801,1
21257,1.09674,0
21258,0.209759,0
21259,2.830176,1
21260,1.784844,0
21261,1.517047,0
21262,0.167115,1
21263,4.082872,1
21264,3.754046,1
21265,0.376808,1
21266,2.633253,1
21267,4.114562,1
21268,0.284832,1
21269,3.013278,1
21270,0.367114,1
21271,0.548313,1
21272,1.160394,0
21273,1.210024,1
21274,1.632463,0
21275,2.704605,1
21276,0.789042,1
21277,0.372694,1
21278,0.670455,1
21279,0.28918,1
21280,2.696298,1
21281,4.420223,0
21282,0.579634,1
21283,1.693066,1
21284,5.539075,1
21285,2.861168,0
21286,0.150618,1
21287,0.154326,0
21288,0.123228,0
21289,1.026919,1
21290,0.522258,1
21291,3.235568,1
21292,0.190591,1
21293,0.170396,1
21294,0.412389,1
21295,0.177006,0
21296,0.761325,1
21297,1.983343,1
21298,1.254197,1
21299,2.127187,1
21300,0.194396,1
21301,1.010019,1
21302,0.102462,0
21303,1.384483,1
21304,1.154973,1
21305,0.966907,0
21306,0.354724,1
21307,0.884072,1
21308,0.632551,1
21309,0.419635,1
21310,1.666602,0
21311,0.796429,1
21312,0.253336,0
21313,1.389145,0
21314,0.281371,1
21315,1.637949,1
21316,0.539382,1
21317,1.876959,1
21318,2.46978,1
21319,1.890144,0
21320,3.414351,1
21321,4.022302,1
21322,4.222116,0
21323,2.31765,1
21324,1.580546,1
21325,2.63767,0
21326,2.047557,0
21327,0.552462,1
21328,3.007379,1
21329,2.830602,1
21330,0.283003,1
21331,0.113041,0
21332,0.61547,1
21333,1.008472,1
21334,2.508392,0
21335,1.041858,1
21336,0.962722,1
21337,4.648798,1
21338,0.303845,1
21339,1.117198,0
21340,1.741821,0
21341,3.421116,0
21342,0.332205,0
21343,0.989714,0
21344,1.853577,1
21345,3.222791,0
21346,2.210714,0
21347,0.106205,0
21348,0.365188,1
21349,3.52887,0
21350,1.631815,1
21351,0.151863,0
21352,0.315273,0
21353,0.624587,0
21354,0.347747,1
21355,7.3218,1
21356,0.292184,0
21357,2.258611,1
21358,0.23519,1
21359,2.071579,1
21360,3.822532,0
21361,1.01021,0
21362,0.556313,1
21363,0.395203,0
21364,0.795188,1
21365,0.189189,0
21366,0.442399,1
21367,0.675083,1
21368,0.192968,1
21369,1.23341,1
21370,0.628344,1
21371,5.354707,0
21372,2.105072,1
21373,1.027479,1
21374,0.410175,0
21375,3.172423,1
21376,0.472032,1
21377,2.931133,1
21378,0.696949,1
21379,0.565507,1
21380,1.892887,1
21381,2.376687,1
21382,2.657705,1
21383,3.13426,1
21384,1.781287,1
21385,3.541354,1
21386,2.113291,0
21387,2.383379,1
21388,4.034856,0
21389,2.707784,1
21390,0.25426,1
21391,1.057834,1
21392,2.003178,1
21393,0.954189,1
21394,1.911297,1
21395,2.038859,1
21396,1.00273,0
21397,0.270697,1
21398,5.432569,1
21399,2.663812,0
21400,0.269034,1
21401,2.123443,1
21402,0.786695,1
21403,0.798707,1
21404,0.265686,1
21405,0.653017,1
21406,0.531979,1
21407,3.941393,0
21408,4.620957,1
21409,0.253325,0
21410,0.646182,1
21411,0.132471,0
21412,2.698688,0
21413,1.49474,0
21414,0.353814,1
21415,1.7466,0
21416,1.984183,1
21417,4.552814,1
21418,0.230774,1
21419,3.680165,1
21420,4.850294,0
21421,1.593887,0
21422,0.752384,0
21423,3.413448,1
21424,1.567597,1
21425,0.260107,1
21426,1.110344,0
21427,4.971774,0
21428,0.695789,0
21429,0.995506,0
21430,1.116225,1
21431,0.100117,0
21432,0.413709,1
21433,3.528377,1
21434,3.613851,1
21435,1.251285,1
21436,0.130672,1
21437,0.746169,1
21438,2.516772,1
21439,0.687628,0
21440,1.242304,0
21441,0.492978,1
21442,2.021101,1
21443,3.412613,1
21444,1.041479,1
21445,0.560347,1
21446,0.673491,1
21447,4.894558,0
21448,0.807691,1
21449,0.662466,0
21450,4.187677,1
21451,1.147877,0
21452,0.247084,1
21453,3.538664,1
21454,0.245947,1
21455,0.834718,1
21456,0.128716,0
21457,0.33316,1
21458,0.469814,1
21459,6.342104,1
21460,2.731053,1
21461,3.57892,1
21462,0.939565,1
21463,0.276559,0
21464,2.18844,0
21465,0.445229,1
21466,1.830378,1
21467,3.941376,1
21468,0.229462,0
21469,0.881376,1
21470,3.036607,1
21471,0.149448,0
21472,1.267074,1
21473,2.483228,1
21474,0.309592,1
21475,3.623075,1
21476,0.175317,0
21477,0.446751,1
21478,0.54653,1
21479,0.633844,0
21480,0.878347,1
21481,0.912895,1
21482,0.58353,1
21483,1.487138,1
21484,4.44787,1
21485,2.397292,1
21486,0.287727,1
21487,0.149537,0
21488,0.675395,1
21489,0.158272,0
21490,1.129171,1
21491,1.938553,1
21492,2.081647,1
21493,0.231834,0
21494,0.914419,1
21495,0.15622,0
21496,0.905329,1
21497,0.450365,0
21498,3.84931,1
21499,0.50668,1
21500,4.520766,1
21501,0.225496,0
21502,1.867749,1
21503,5.514741,0
21504,0.313732,1
21505,0.58099,1
21506,4.096089,1
21507,1.0935,1
21508,1.303504,0
21509,2.566004,0
21510,1.641649,0
21511,1.261548,1
21512,2.294182,1
21513,0.156016,1
21514,0.461469,1
21515,4.451751,0
21516,1.138154,1
21517,1.505237,1
21518,0.505131,1
21519,5.793839,0
21520,2.646987,1
21521,2.03346,1
21522,0.2251,1
21523,0.549431,0
21524,0.574252,1
21525,0.294992,0
21526,1.548553,0
21527,0.183486,1
21528,2.64501,0
21529,0.207902,1
21530,1.169731,1
21531,0.880985,1
21532,3.630319,0
21533,2.835909,1
21534,0.917398,1
21535,0.30924,1
21536,1.663075,1
21537,0.516941,1
21538,0.181759,1
21539,0.161028,0
21540,0.095352,1
21541,0.425475,1
21542,2.29669,1
21543,1.06173,1
21544,0.960124,0
21545,0.495126,0
21546,0.699018,0
21547,4.265029,1
21548,0.918926,0
21549,0.219078,1
21550,1.869715,1
21551,0.397274,1
21552,0.374257,1
21553,0.562213,1
21554,0.485241,0
21555,0.74073,0
21556,0.57241,1
21557,0.717192,1
21558,0.727881,1
21559,2.335391,1
21560,1.352553,1
21561,1.99311,1
21562,1.625796,0
21563,0.11564,1
21564,0.426813,1
21565,1.024849,1
21566,1.911937,0
21567,0.362667,1
21568,4.354178,1
21569,4.210434,0
21570,0.794319,0
21571,4.59958,1
21572,1.482681,0
21573,0.488973,1
21574,2.636199,0
21575,0.222345,1
21576,0.898571,0
21577,4.256655,1
21578,2.764581,0
21579,3.997601,1
21580,1.654644,1
21581,3.376528,1
21582,2.454801,0
21583,1.621948,1
21584,0.586045,0
21585,0.408389,0
21586,0.254208,1
21587,1.245661,1
21588,0.467571,1
21589,0.339151,0
21590,0.140218,0
21591,0.59579,0
21592,2.850836,1
21593,3.490342,1
21594,0.594519,1
21595,3.289819,0
21596,0.678996,0
21597,2.358999,1
21598,0.582223,1
21599,0.172726,0
21600,0.881963,1
21601,0.430829,1
21602,5.247728,1
21603,0.757973,1
21604,5.743514,0
21605,3.821916,1
21606,3.112871,1
21607,0.110302,1
21608,0.330825,1
21609,1.116191,1
21610,0.475289,1
21611,2.327007,1
21612,1.820749,1
21613,1.622531,0
21614,0.280405,1
21615,1.039466,1
21616,2.475094,1
21617,3.045307,1
21618,1.797343,1
21619,0.34016,1
21620,2.656614,0
21621,0.911202,0
21622,0.194573,1
21623,0.941798,0
21624,0.604089,0
21625,0.403058,0
21626,3.713984,1
21627,0.708379,0
21628,1.027254,1
21629,2.617894,1
21630,1.905293,1
21631,0.865399,1
21632,2.625455,1
21633,0.337658,0
21634,4.084277,0
21635,2.420578,1
21636,2.342703,0
21637,0.07386,0
21638,1.77109,0
21639,5.380329,1
21640,0.281536,0
21641,0.257308,0
21642,1.103207,0
21643,0.208875,0
21644,4.164608,1
21645,0.217099,0
21646,1.441313,1
21647,0.26371,1
21648,3.772619,1
21649,0.761682,1
21650,0.348332,1
21651,2.739952,1
21652,0.475321,0
21653,3.878899,1
21654,0.900867,1
21655,3.011363,1
21656,0.471169,1
21657,4.534348,1
21658,1.595388,0
21659,0.197512,0
21660,3.590031,1
21661,2.061673,1
21662,2.072263,0
21663,3.686383,1
21664,1.994085,1
21665,0.374614,1
21666,0.588657,0
21667,0.175997,1
21668,3.169738,0
21669,2.514198,0
21670,0.119278,0
21671,1.950339,1
21672,1.316639,1
21673,1.969586,1
21674,2.092643,0
21675,0.867374,1
21676,1.352359,1
21677,4.863785,1
21678,0.312144,1
21679,0.408923,0
21680,0.920709,1
21681,1.077509,1
21682,0.267316,0
21683,0.149047,0
21684,1.244469,1
21685,0.511853,1
21686,0.672044,0
21687,0.81884,1
21688,5.94331,1
21689,0.744493,0
21690,2.199974,1
21691,1.332949,1
21692,0.762797,1
21693,0.23969,1
21694,4.458437,0
21695,2.192461,1
21696,3.539337,1
21697,0.498552,1
21698,1.909361,1
21699,3.244365,1
21700,2.378206,1
21701,0.609325,0
21702,0.47046,0
21703,1.589221,1
21704,3.453624,0
21705,1.305005,0
21706,2.224033,1
21707,2.347612,1
21708,0.836077,0
21709,5.35184,0
21710,4.063499,1
21711,0.206787,0
21712,0.367491,1
21713,0.019875,0
21714,0.800092,1
21715,0.290087,1
21716,4.926025,0
21717,4.194752,0
21718,0.14384,0
21719,0.394712,0
21720,2.151777,1
21721,1.904972,1
21722,1.255417,1
21723,0.568034,0
21724,5.755863,1
21725,0.357086,1
21726,3.562686,1
21727,0.559945,0
21728,0.13317,0
21729,5.112193,0
21730,0.98811,1
21731,2.27505,0
21732,2.382489,1
21733,5.453489,0
21734,1.164634,1
21735,2.278866,0
21736,2.729963,1
21737,2.352972,0
21738,0.315465,1
21739,1.906911,0
21740,0.205966,1
21741,1.548879,1
21742,0.169962,1
21743,0.506681,0
21744,0.203635,1
21745,1.970826,1
21746,0.513474,0
21747,4.149861,0
21748,0.690774,1
21749,0.128833,1
21750,0.902965,1
21751,0.803282,1
21752,1.413892,0
21753,0.461589,0
21754,0.596289,1
21755,3.34077,1
21756,0.790937,1
21757,1.646792,1
21758,1.080847,1
21759,4.365967,1
21760,3.280738,0
21761,6.418873,1
21762,0.408352,1
21763,4.555563,1
21764,2.208191,1
21765,0.295889,0
21766,0.909834,1
21767,0.247489,0
21768,0.832412,1
21769,2.006196,1
21770,1.778897,0
21771,1.169617,1
21772,3.339736,1
21773,0.21515,0
21774,7.05702,0
21775,3.749443,1
21776,3.094995,0
21777,0.19344,0
21778,0.248781,0
21779,2.937032,0
21780,0.645202,1
21781,0.270986,1
21782,1.833553,1
21783,0.43,0
21784,2.112989,0
21785,0.142529,1
21786,0.764363,1
21787,0.354173,1
21788,4.133709,0
21789,1.466176,1
21790,0.134903,0
21791,0.925187,1
21792,1.027448,1
21793,4.315349,1
21794,4.170178,1
21795,1.283931,1
21796,2.240019,1
21797,0.274886,0
21798,0.901562,0
21799,0.603305,0
21800,1.596063,0
21801,4.30266,1
21802,1.210399,1
21803,0.136755,1
21804,0.87646,1
21805,1.19199,1
21806,5.825836,0
21807,2.001635,0
21808,0.391436,0
21809,1.517196,0
21810,2.980834,1
21811,2.901773,1
21812,3.870069,1
21813,0.654557,1
21814,2.551156,1
21815,0.284153,1
21816,0.474056,0
21817,2.109267,0
21818,0.191959,1
21819,3.63812,0
21820,5.495026,1
21821,3.783879,0
21822,4.540997,1
21823,3.64728,1
21824,0.087798,0
21825,0.122577,0
21826,3.620029,1
21827,0.491189,1
21828,1.041082,1
21829,2.614345,0
21830,0.173595,0
21831,1.357376,1
21832,3.165314,1
21833,1.306628,1
21834,4.121524,0
21835,0.371915,0
21836,0.105378,1
21837,2.435035,1
21838,2.838558,1
21839,0.471099,1
21840,1.482272,1
21841,0.476851,1
21842,0.400513,0
21843,0.622806,1
21844,1.158813,1
21845,0.352094,1
21846,4.200241,0
21847,0.285121,0
21848,0.551308,1
21849,0.94981,1
21850,0.376231,1
21851,3.522497,0
21852,0.107277,0
21853,0.291026,1
21854,1.021525,1
21855,1.419948,0
21856,3.718438,0
21857,4.606627,0
21858,0.247472,1
21859,0.850691,0
21860,2.489007,0
21861,0.661636,1
21862,0.125484,1
21863,0.556827,1
21864,0.188714,0
21865,0.209058,0
21866,0.255043,0
21867,1.808524,1
21868,0.180804,0
21869,3.643021,1
21870,0.690087,1
21871,0.608718,1
21872,4.025213,0
21873,0.160028,0
21874,1.271558,1
21875,4.099477,1
21876,0.995461,1
21877,0.448334,1
21878,0.494662,1
21879,2.338324,1
21880,0.258704,0
21881,0.868022,1
21882,2.682403,0
21883,0.932395,1
21884,3.974285,1
21885,0.780848,0
21886,1.223869,1
21887,5.787502,0
21888,1.56648,0
21889,1.268068,1
21890,0.801286,1
21891,0.249776,1
21892,0.221247,1
21893,1.918598,1
21894,0.107515,0
21895,0.505724,1
21896,0.37789,1
21897,0.978602,1
21898,1.71695,1
21899,0.118165,1
21900,0.227863,1
21901,1.377837,1
21902,0.774325,1
21903,0.655223,0
21904,0.432083,1
21905,0.41603,0
21906,0.404831,1
21907,0.22871,1
21908,1.270923,1
21909,0.25637,1
21910,0.123565,1
21911,0.226781,1
21912,0.270957,0
21913,1.160736,1
21914,0.285445,1
21915,0.595794,1
21916,0.553517,0
21917,1.13067,0
21918,0.168275,1
21919,1.814453,1
21920,2.846627,1
21921,0.835519,1
21922,0.526088,1
21923,2.081258,1
21924,0.297399,1
21925,3.523083,1
21926,0.422714,1
21927,0.157841,0
21928,1.762931,1
21929,3.649705,0
21930,1.155391,1
21931,3.170371,0
21932,3.302331,1
21933,0.564474,1
21934,0.441839,1
21935,0.296185,0
21936,0.332241,0
21937,2.169815,1
21938,0.499474,0
21939,0.771735,0
21940,4.120515,1
21941,1.360862,0
21942,0.974829,0
21943,0.515821,1
21944,4.311107,1
21945,2.536317,1
21946,2.120188,0
21947,0.594483,0
21948,0.985733,1
21949,1.237114,1
21950,4.156061,0
21951,0.43033,1
21952,0.297831,0
21953,0.25069,0
21954,1.469035,1
21955,1.140394,1
21956,1.203974,1
21957,0.124196,1
21958,2.547223,1
21959,4.412595,0
21960,2.551827,0
21961,1.028088,0
21962,3.999375,0
21963,3.763772,1
21964,3.599548,1
21965,0.223385,0
21966,0.46635,1
21967,0.596301,1
21968,0.810853,0
21969,4.343479,0
21970,0.342113,1
21971,0.163789,0
21972,0.117951,0
21973,2.20368,0
21974,2.707549,1
21975,2.642993,0
21976,0.516074,1
21977,0.268155,0
21978,0.299711,1
21979,0.422194,0
21980,2.044369,0
21981,0.483696,1
21982,1.594404,1
21983,0.336037,0
21984,4.191103,0
21985,1.068581,1
21986,2.365787,0
21987,1.049952,1
21988,0.365549,1
21989,0.258496,0
21990,3.313086,1
21991,0.267324,0
21992,0.993068,0
21993,0.297793,1
21994,0.422865,1
21995,3.110459,0
21996,0.208663,0
21997,1.183497,1
21998,0.556841,1
21999,2.123304,0
22000,0.331007,1
22001,0.248235,1
22002,0.084681,0
22003,1.82482,1
22004,0.777153,1
22005,3.379784,0
22006,2.391298,1
22007,7.007061,1
22008,1.163617,0
22009,0.129996,0
22010,0.107678,0
22011,4.884146,0
22012,0.510357,1
22013,0.800614,1
22014,0.159752,0
22015,1.99992,1
22016,0.197433,0
22017,2.628343,1
22018,1.357962,0
22019,2.133515,1
22020,0.175142,1
22021,0.195652,1
22022,0.207909,0
22023,4.359755,0
22024,0.84053,1
22025,1.125629,1
22026,2.176739,1
22027,2.341405,1
22028,0.914437,1
22029,3.5709,0
22030,0.87907,0
22031,4.366473,0
22032,1.587764,0
22033,2.803004,1
22034,0.55311,0
22035,2.098372,1
22036,0.423424,1
22037,0.114887,1
22038,0.501746,0
22039,2.178618,1
22040,0.877525,1
22041,0.880124,1
22042,1.524176,1
22043,4.743968,1
22044,1.660516,1
22045,1.637,0
22046,1.881114,0
22047,0.238449,1
22048,0.132086,1
22049,1.675469,1
22050,5.173828,0
22051,2.965241,0
22052,4.102859,0
22053,0.260854,1
22054,3.446856,0
22055,0.212874,0
22056,1.625143,1
22057,0.143656,1
22058,1.779433,1
22059,3.259917,0
22060,0.161108,0
22061,2.224778,1
22062,0.391796,0
22063,1.916275,1
22064,2.096425,0
22065,0.662211,1
22066,1.543573,1
22067,1.763071,0
22068,0.182855,0
22069,0.302338,0
22070,0.306154,1
22071,2.468454,0
22072,1.280164,0
22073,5.286294,0
22074,1.571481,1
22075,3.126772,0
22076,0.131278,0
22077,0.813353,1
22078,0.213476,1
22079,0.127277,1
22080,1.297224,1
22081,2.458601,1
22082,2.783178,1
22083,1.403551,1
22084,0.280375,1
22085,3.145524,1
22086,0.200815,0
22087,0.439414,1
22088,0.505346,1
22089,0.659519,1
22090,0.553737,1
22091,0.80101,1
22092,4.924232,1
22093,1.986191,1
22094,1.378387,1
22095,3.172937,1
22096,3.2161,0
22097,0.899239,0
22098,1.334679,0
22099,0.770235,1
22100,0.298897,1
22101,0.94083,1
22102,0.245964,1
22103,1.004432,0
22104,0.485588,0
22105,2.357122,1
22106,1.904674,1
22107,0.639909,1
22108,5.760565,0
22109,0.587677,1
22110,6.380005,1
22111,3.336044,1
22112,0.590418,0
22113,0.272961,0
22114,1.716926,1
22115,0.650024,1
22116,0.473738,1
22117,1.499403,1
22118,1.691711,0
22119,0.319108,0
22120,0.551732,1
22121,0.318807,1
22122,0.699316,0
22123,4.671755,0
22124,0.163993,0
22125,4.461867,0
22126,2.429851,1
22127,3.129432,0
22128,2.732322,1
22129,0.413598,1
22130,4.966133,1
22131,1.898362,1
22132,0.773526,1
22133,0.346588,1
22134,1.004904,0
22135,0.524053,1
22136,0.663325,1
22137,1.268698,1
22138,3.53436,1
22139,1.515525,0
22140,2.124853,1
22141,1.779001,1
22142,0.206708,0
22143,2.631448,1
22144,0.27875,1
22145,1.07874,0
22146,1.132643,0
22147,2.039836,1
22148,0.52869,0
22149,0.258668,1
22150,0.852703,1
22151,0.425968,0
22152,0.615712,1
22153,0.917773,1
22154,1.122999,0
22155,0.362798,1
22156,2.23743,0
22157,1.988657,1
22158,0.758138,1
22159,0.709293,1
22160,4.036456,0
22161,1.399799,1
22162,0.125475,0
22163,1.680276,1
22164,0.356791,1
22165,4.864039,0
22166,0.191663,0
22167,2.5886,0
22168,2.051817,0
22169,4.155177,0
22170,0.717655,0
22171,1.691362,1
22172,0.433233,1
22173,3.654637,1
22174,0.765884,1
22175,0.972839,0
22176,0.438498,1
22177,0.497916,1
22178,0.881337,0
22179,0.139383,0
22180,6.193355,0
22181,0.927421,1
22182,0.618488,0
22183,0.413434,0
22184,0.149693,0
22185,0.934234,0
22186,5.482171,0
22187,0.914944,1
22188,0.360358,1
22189,1.392536,1
22190,0.266947,1
22191,0.295413,1
22192,0.733954,1
22193,0.330826,1
22194,1.397924,1
22195,0.996068,0
22196,0.548292,1
22197,0.183724,1
22198,2.657135,1
22199,3.299439,1
22200,2.229705,1
22201,0.462198,1
22202,1.936925,1
22203,0.881748,0
22204,0.165666,1
22205,0.29079,1
22206,0.437225,0
22207,0.553723,1
22208,0.402875,0
22209,0.873815,1
22210,4.59606,0
22211,3.767015,0
22212,0.389009,1
22213,0.562644,1
22214,0.165866,0
22215,0.205186,1
22216,4.509826,1
22217,0.422395,1
22218,1.441804,1
22219,5.484286,1
22220,0.463237,0
22221,4.734394,1
22222,0.215762,1
22223,0.461598,1
22224,1.150029,1
22225,4.163124,0
22226,5.44608,1
22227,0.16289,0
22228,0.547623,1
22229,0.308313,0
22230,3.895341,1
22231,2.807786,0
22232,0.345799,1
22233,0.31157,0
22234,0.434373,1
22235,0.403422,0
22236,1.732376,1
22237,1.764206,1
22238,0.259415,0
22239,0.592886,0
22240,0.374201,1
22241,2.422422,0
22242,2.06249,1
22243,0.762906,0
22244,0.171602,1
22245,0.169375,1
22246,5.153186,1
22247,1.253433,1
22248,2.177815,1
22249,3.388086,0
22250,0.387236,1
22251,0.394199,1
22252,0.201137,1
22253,1.962469,0
22254,0.446855,1
22255,1.407216,1
22256,0.886311,0
22257,2.939764,1
22258,0.268418,1
22259,2.612308,0
22260,0.170651,1
22261,0.645495,1
22262,1.176981,1
22263,1.698962,1
22264,0.54604,1
22265,2.339448,0
22266,3.902686,0
22267,1.277444,1
22268,3.237655,0
22269,1.679063,1
22270,1.086662,1
22271,0.228785,0
22272,0.398971,0
22273,0.280859,1
22274,0.188443,1
22275,1.571606,1
22276,3.783612,0
22277,0.325867,1
22278,3.351482,1
22279,1.935736,1
22280,0.597452,1
22281,4.371594,1
22282,0.395588,1
22283,2.568888,0
22284,2.409245,1
22285,1.481881,0
22286,1.069411,1
22287,2.865873,0
22288,0.378242,1
22289,2.015265,1
22290,4.705264,1
22291,1.119331,0
22292,1.180616,1
22293,3.513154,1
22294,3.046579,1
22295,0.754685,1
22296,1.76457,0
22297,5.615529,0
22298,1.499224,1
22299,1.000965,1
22300,0.48832,1
22301,0.371817,1
22302,0.994867,1
22303,0.929555,0
22304,0.310123,1
22305,0.68675,1
22306,0.236921,1
22307,0.972998,1
22308,0.959287,1
22309,0.20313,1
22310,2.805603,0
22311,5.159815,0
22312,0.147094,0
22313,1.841139,1
22314,0.379849,1
22315,5.019412,0
22316,0.25667,1
22317,0.574993,1
22318,0.69633,0
22319,4.788816,1
22320,1.106485,1
22321,4.158988,0
22322,1.964871,0
22323,0.386545,1
22324,1.121899,1
22325,0.439879,1
22326,3.52673,0
22327,0.213498,1
22328,3.863396,1
22329,0.166068,0
22330,0.268301,0
22331,0.428883,1
22332,1.250821,0
22333,0.306747,0
22334,2.812514,0
22335,0.241517,0
22336,0.588821,1
22337,0.093894,0
22338,0.343085,0
22339,2.181806,0
22340,0.209569,1
22341,2.389788,1
22342,1.997493,1
22343,2.021034,1
22344,1.034985,0
22345,1.666417,1
22346,0.37482,1
22347,3.575821,1
22348,0.575702,1
22349,0.644136,1
22350,1.411834,0
22351,0.171922,0
22352,4.757957,0
22353,0.38431,1
22354,0.222055,1
22355,3.013593,1
22356,3.532673,1
22357,2.38474,0
22358,1.797649,1
22359,1.225313,0
22360,1.681641,1
22361,1.95385,1
22362,0.364906,1
22363,0.90894,0
22364,0.987799,1
22365,2.742264,0
22366,1.001336,0
22367,1.213032,1
22368,6.038593,0
22369,2.471073,1
22370,1.530724,1
22371,0.322124,1
22372,1.323272,1
22373,0.78859,1
22374,5.22532,1
22375,4.143178,1
22376,0.750286,0
22377,4.040477,1
22378,2.247859,1
22379,1.995417,0
22380,0.154031,1
22381,0.927753,1
22382,4.897917,1
22383,3.600901,1
22384,2.473737,1
22385,1.669252,1
22386,1.291627,1
22387,0.469022,1
22388,1.341318,1
22389,1.736724,1
22390,0.28142,0
22391,1.127216,1
22392,2.500949,1
22393,0.86257,1
22394,2.138758,1
22395,0.382735,0
22396,0.16601,1
22397,4.047392,1
22398,0.485174,1
22399,3.038168,1
22400,4.260232,0
22401,0.877596,1
22402,2.550857,1
22403,0.655319,1
22404,0.923165,1
22405,1.713737,1
22406,0.307509,1
22407,1.474481,1
22408,0.878582,1
22409,0.67098,1
22410,3.45814,0
22411,0.710291,1
22412,7.695893,1
22413,0.144064,1
22414,5.805405,1
22415,0.264188,0
22416,1.232208,1
22417,0.253631,0
22418,1.683671,1
22419,0.97127,1
22420,0.54895,0
22421,4.704028,0
22422,0.423504,1
22423,0.222682,0
22424,1.962319,1
22425,1.562861,1
22426,0.234716,0
22427,2.696605,1
22428,0.14085,0
22429,0.907959,1
22430,4.718058,1
22431,0.943812,1
22432,1.187658,1
22433,1.559815,1
22434,1.72319,0
22435,1.708878,1
22436,0.394541,1
22437,0.212121,0
22438,0.347063,0
22439,0.581343,1
22440,2.953839,0
22441,1.265462,1
22442,1.446561,0
22443,0.628641,1
22444,2.111925,0
22445,1.194543,1
22446,0.663816,1
22447,2.480987,0
22448,5.497972,1
22449,5.519521,0
22450,0.391078,0
22451,2.352749,1
22452,1.748965,1
22453,3.864223,1
22454,1.176609,0
22455,3.730855,1
22456,0.805364,0
22457,0.947997,1
22458,2.95974,1
22459,0.541898,1
22460,2.942851,1
22461,2.48576,1
22462,0.557006,1
22463,3.972884,0
22464,4.400385,1
22465,0.633581,1
22466,0.813474,1
22467,2.307869,1
22468,2.383659,1
22469,1.648615,1
22470,3.711731,1
22471,0.668476,1
22472,3.135988,1
22473,2.02111,1
22474,2.808152,1
22475,0.760633,0
22476,0.144047,0
22477,2.64126,1
22478,1.485427,1
22479,3.707704,1
22480,0.400804,1
22481,2.585975,0
22482,0.931738,1
22483,0.284499,1
22484,0.284016,0
22485,1.366171,1
22486,1.771509,1
22487,2.490935,1
22488,0.258592,1
22489,2.174432,1
22490,0.384194,1
22491,5.057834,1
22492,0.328106,1
22493,0.689162,0
22494,0.242355,1
22495,0.548931,1
22496,1.813073,0
22497,2.826907,1
22498,1.044156,1
22499,2.507967,1
