sample_idx,loss,is_noisy
0,0.892248,1
1,1.771554,0
2,0.353688,1
3,0.34305,0
4,1.566393,0
5,1.755572,1
6,3.949541,1
7,2.249286,1
8,0.376372,1
9,3.371953,0
10,3.164577,0
11,1.631209,0
12,0.089935,0
13,1.498898,0
14,1.561799,0
15,0.65516,0
16,1.575402,1
17,0.940467,1
18,0.204082,0
19,0.363411,1
20,0.839011,1
21,2.627076,0
22,0.475437,1
23,3.220001,0
24,1.951782,0
25,4.045897,0
26,2.256116,1
27,1.168039,1
28,3.72017,1
29,2.079953,0
30,1.247892,0
31,0.985995,0
32,3.148208,1
33,2.692877,1
34,2.069216,0
35,0.362181,1
36,1.32533,0
37,3.214358,1
38,0.173479,1
39,3.043696,1
40,3.574055,0
41,0.944757,0
42,2.045239,0
43,3.680611,0
44,0.129939,0
45,2.983419,0
46,0.422154,0
47,0.811127,1
48,3.483048,1
49,0.139168,0
50,1.453156,0
51,0.394927,0
52,0.680558,1
53,0.502282,1
54,0.45169,1
55,2.261392,1
56,5.19852,1
57,2.535975,0
58,0.520259,1
59,0.777966,0
60,1.403504,0
61,2.540455,0
62,2.583525,0
63,0.701559,1
64,3.326664,1
65,2.346091,1
66,3.038265,0
67,0.233203,0
68,1.555534,1
69,3.835307,1
70,2.209273,1
71,0.12073,1
72,0.256413,0
73,1.989869,0
74,1.366376,1
75,1.954372,0
76,1.074092,1
77,0.212471,1
78,0.319573,0
79,0.144879,0
80,0.504534,1
81,0.409188,1
82,1.512391,1
83,0.530584,1
84,0.263943,1
85,5.043638,1
86,0.677153,0
87,0.259258,0
88,0.825852,1
89,3.332375,1
90,0.36,0
91,0.841668,0
92,3.027735,1
93,1.216265,1
94,2.306405,0
95,0.541177,0
96,1.197544,1
97,0.130187,1
98,0.980691,1
99,1.880235,0
100,1.742978,0
101,0.591263,1
102,1.211174,1
103,0.534665,1
104,1.530493,1
105,2.645402,0
106,2.174794,1
107,0.401515,1
108,0.370683,0
109,1.807873,0
110,0.873376,0
111,2.283622,0
112,0.709256,1
113,1.410405,1
114,0.351055,0
115,0.513467,1
116,0.442899,1
117,1.672976,1
118,0.927308,1
119,0.637737,1
120,0.736277,1
121,1.252196,0
122,0.183203,1
123,4.270916,0
124,1.858011,1
125,3.338079,0
126,0.153344,1
127,0.309765,0
128,0.267573,0
129,0.261024,1
130,2.433436,0
131,2.262028,0
132,4.283577,1
133,4.08323,0
134,3.81915,0
135,2.855107,1
136,1.113424,0
137,0.538758,0
138,3.453809,0
139,1.367859,0
140,0.169674,0
141,1.118886,0
142,3.027189,1
143,0.349303,0
144,0.236808,0
145,4.602555,1
146,0.302074,1
147,0.276993,1
148,0.527458,0
149,0.80895,0
150,3.012145,1
151,2.130434,0
152,3.333795,0
153,4.843652,0
154,3.296518,0
155,0.264148,1
156,0.160373,1
157,3.707062,1
158,0.339877,0
159,1.367879,1
160,0.894186,0
161,0.508132,0
162,3.031178,0
163,0.28841,0
164,0.521224,0
165,0.369902,1
166,0.184429,0
167,0.690592,0
168,3.253145,0
169,1.30974,0
170,4.267533,0
171,2.13117,0
172,0.865261,1
173,0.253696,1
174,0.614313,1
175,3.921858,0
176,1.162255,1
177,0.937241,0
178,0.207393,0
179,1.518678,1
180,4.05561,1
181,0.856318,1
182,2.478927,1
183,2.594903,0
184,1.280445,0
185,2.386727,1
186,1.598584,0
187,0.31736,1
188,0.357503,0
189,2.822962,1
190,0.190097,0
191,0.293334,0
192,0.156892,1
193,0.450851,1
194,1.721256,0
195,2.947485,0
196,1.073262,1
197,3.284019,1
198,1.580555,0
199,2.529876,0
200,0.365268,0
201,1.017323,1
202,1.230045,0
203,1.148541,0
204,0.967286,0
205,1.816294,0
206,2.78357,0
207,0.291778,0
208,0.495467,0
209,2.620443,0
210,2.723211,0
211,0.518664,0
212,3.115151,0
213,1.448702,0
214,1.545852,0
215,3.5226,1
216,4.883437,1
217,2.711769,0
218,0.360907,0
219,0.380691,0
220,0.996253,0
221,0.639911,1
222,0.409042,1
223,2.579372,0
224,0.520953,1
225,1.90956,0
226,3.253487,0
227,0.262339,1
228,0.963716,1
229,2.404797,1
230,3.471498,1
231,0.121392,1
232,0.706454,1
233,1.730134,1
234,0.767091,0
235,0.433869,1
236,0.821296,0
237,4.017317,0
238,0.329352,1
239,1.213299,1
240,0.517147,1
241,3.719407,0
242,0.569302,1
243,1.650792,0
244,1.640949,0
245,0.261925,0
246,2.911482,1
247,3.346194,1
248,0.754827,1
249,1.919751,1
250,2.105225,1
251,1.07299,0
252,1.70976,1
253,0.696969,0
254,3.547497,1
255,0.841164,0
256,1.412339,0
257,0.457546,1
258,1.31097,0
259,2.180638,0
260,2.46016,0
261,2.889944,0
262,1.921982,1
263,2.386286,0
264,0.405068,0
265,0.424908,1
266,0.424017,0
267,0.458331,1
268,4.293551,1
269,0.30539,1
270,0.261966,0
271,0.379172,1
272,1.683225,0
273,1.139441,0
274,0.619195,1
275,0.951794,1
276,0.593588,0
277,1.172307,1
278,4.28068,0
279,0.708737,1
280,4.89979,1
281,1.427782,0
282,0.797363,0
283,0.133704,1
284,2.983471,0
285,2.74204,1
286,0.339984,1
287,0.722376,1
288,0.718423,0
289,5.305951,1
290,4.995083,1
291,3.537183,1
292,2.620727,1
293,0.413155,0
294,3.357769,0
295,0.403529,1
296,0.392238,1
297,5.319289,1
298,0.233739,1
299,2.374428,0
300,0.344434,1
301,0.886256,1
302,4.085015,1
303,0.416226,1
304,0.283161,0
305,2.788166,0
306,0.461069,0
307,0.716158,0
308,3.374434,1
309,0.105535,1
310,0.25975,1
311,3.113326,0
312,0.299581,0
313,1.056983,0
314,0.18742,1
315,0.168109,0
316,3.011311,0
317,0.130816,0
318,1.024728,0
319,3.754334,0
320,1.326522,0
321,2.858394,0
322,0.358973,1
323,0.471843,0
324,3.193986,0
325,2.220207,0
326,0.337504,1
327,1.15044,1
328,0.733829,0
329,1.423898,0
330,1.900732,0
331,0.718217,0
332,4.194179,1
333,0.605005,0
334,3.233087,0
335,0.641628,1
336,0.670323,0
337,4.515453,1
338,2.777972,0
339,0.471469,0
340,0.750221,0
341,0.776656,0
342,3.663434,0
343,0.663355,0
344,3.381096,0
345,1.673229,0
346,3.095712,0
347,0.452035,0
348,3.319987,0
349,0.481117,0
350,4.663679,1
351,2.274677,0
352,1.657945,0
353,0.275483,1
354,1.352178,1
355,0.565495,0
356,2.034137,0
357,1.054442,0
358,1.966422,0
359,0.349606,1
360,2.516742,0
361,0.59458,1
362,3.635031,0
363,1.979823,0
364,0.335906,0
365,1.573161,0
366,0.13594,0
367,3.217011,1
368,3.271247,1
369,0.201569,1
370,0.118709,1
371,4.245732,1
372,0.27468,0
373,1.2409,1
374,0.569332,1
375,0.331977,1
376,2.100609,1
377,0.445558,0
378,1.009641,1
379,0.651768,1
380,2.0702,1
381,3.398091,0
382,3.453414,0
383,2.341884,0
384,4.267206,1
385,3.231058,0
386,1.884434,0
387,3.060313,0
388,0.594739,1
389,3.448103,1
390,4.000243,1
391,0.33291,1
392,0.615259,0
393,0.197201,1
394,2.867888,1
395,0.219122,0
396,3.121741,1
397,1.334092,1
398,1.670308,0
399,2.895077,0
400,1.827372,0
401,0.845488,1
402,1.684836,0
403,1.648854,0
404,0.536716,1
405,2.144775,1
406,1.354673,1
407,3.795194,0
408,0.458858,1
409,1.806363,1
410,0.286078,0
411,1.353261,1
412,0.896531,0
413,0.625302,0
414,1.373831,0
415,2.227344,0
416,2.135152,0
417,1.357279,1
418,2.057982,0
419,1.646246,1
420,3.191601,0
421,0.889062,1
422,2.046687,0
423,0.655276,1
424,2.944044,1
425,0.641162,1
426,0.305147,1
427,0.368196,0
428,0.063169,0
429,0.326923,1
430,0.140055,0
431,0.675004,0
432,0.424872,1
433,0.312522,1
434,3.670056,0
435,5.933668,1
436,0.466569,0
437,0.302328,1
438,0.155092,1
439,0.39567,0
440,0.232777,1
441,0.894714,0
442,0.422476,1
443,0.29984,1
444,1.32402,0
445,0.902879,1
446,2.804964,1
447,0.918888,0
448,0.421761,0
449,0.909145,1
450,0.745115,1
451,3.246749,1
452,0.36205,1
453,1.206753,0
454,0.748713,1
455,1.535503,0
456,0.679084,1
457,0.264136,0
458,4.368178,1
459,3.523562,0
460,4.579744,1
461,0.419652,1
462,3.877879,0
463,3.899945,1
464,2.93651,1
465,0.144862,0
466,0.320925,1
467,0.649893,1
468,3.626668,0
469,2.666096,1
470,0.664183,1
471,1.534783,0
472,1.685599,0
473,1.737609,0
474,3.008405,0
475,1.299635,1
476,0.300943,1
477,0.275125,0
478,0.323049,1
479,1.89164,0
480,1.701154,1
481,3.051249,1
482,0.24167,1
483,0.461589,1
484,0.422277,0
485,0.457825,0
486,0.410262,1
487,1.221316,0
488,3.744226,1
489,5.238845,1
490,0.822941,1
491,2.82655,0
492,0.656381,1
493,1.061958,1
494,0.439666,0
495,3.67389,0
496,2.001768,0
497,1.306627,0
498,0.709107,1
499,0.36486,1
500,0.92106,1
501,1.365967,1
502,1.44263,0
503,0.454916,0
504,3.142323,0
505,1.303834,1
506,0.709703,0
507,3.118544,1
508,0.386355,0
509,1.097843,1
510,0.753253,1
511,0.846202,1
512,0.898643,1
513,2.428923,0
514,0.339796,0
515,1.210626,1
516,0.20199,1
517,0.21168,0
518,4.73381,0
519,2.754693,0
520,2.156948,1
521,1.731158,0
522,0.738594,0
523,0.854436,0
524,0.289576,1
525,3.719253,0
526,1.857026,1
527,2.834223,0
528,3.582951,0
529,1.106516,0
530,2.598676,0
531,2.761533,1
532,3.857598,0
533,1.457243,1
534,1.136074,0
535,3.50003,0
536,0.219879,1
537,0.167366,0
538,2.939951,0
539,0.645693,0
540,2.819394,1
541,0.339439,1
542,1.129948,1
543,3.481749,0
544,0.382621,0
545,1.730811,0
546,0.759119,1
547,2.907593,1
548,1.298132,0
549,0.314866,1
550,0.356382,0
551,0.462389,0
552,1.524841,0
553,3.313486,1
554,0.390366,1
555,0.253322,0
556,3.265437,0
557,2.33498,0
558,4.203346,1
559,3.856164,1
560,0.484379,1
561,0.337429,1
562,2.12494,0
563,0.395464,1
564,1.617408,1
565,0.538294,0
566,1.400237,1
567,0.693888,0
568,2.5301,1
569,0.837176,0
570,3.231384,1
571,3.854212,0
572,0.785321,0
573,2.50288,1
574,4.897216,1
575,1.927426,0
576,2.038846,1
577,2.673448,0
578,1.210721,0
579,2.511582,0
580,2.046994,1
581,1.002936,1
582,2.467035,0
583,1.113706,0
584,0.460964,1
585,0.322466,1
586,0.401286,0
587,2.720821,0
588,0.339042,0
589,4.412017,0
590,1.160572,0
591,0.700667,1
592,3.036955,0
593,0.172043,1
594,0.230191,1
595,2.054592,0
596,0.355338,0
597,3.060102,1
598,3.94656,0
599,1.573162,0
600,5.376356,1
601,3.299607,1
602,0.840311,1
603,0.164687,1
604,0.553517,0
605,3.31023,1
606,1.306572,1
607,0.16612,0
608,2.465117,0
609,1.711178,1
610,0.986457,0
611,2.446735,0
612,0.504424,1
613,0.463601,0
614,0.413845,0
615,3.122885,1
616,0.510466,1
617,2.315181,0
618,2.639434,0
619,1.244609,0
620,1.904752,0
621,2.047143,0
622,1.54899,0
623,0.287793,0
624,2.171025,0
625,0.290875,1
626,0.345682,1
627,0.744634,0
628,2.963046,0
629,0.307243,1
630,1.257592,0
631,3.226824,0
632,1.813844,1
633,0.140288,1
634,1.141541,0
635,3.241569,1
636,0.659516,0
637,0.905522,0
638,2.577161,1
639,3.007472,1
640,0.444726,1
641,0.528828,0
642,0.157783,1
643,1.565735,0
644,3.262704,1
645,2.136417,0
646,3.748472,1
647,0.782277,1
648,0.930317,1
649,3.591655,1
650,0.109043,1
651,0.984806,0
652,0.543303,1
653,3.920233,0
654,2.909333,1
655,3.477437,1
656,1.435026,0
657,2.963233,0
658,1.172903,0
659,2.511738,1
660,0.359413,1
661,3.046825,0
662,4.306767,0
663,0.378866,1
664,0.131498,1
665,2.600914,0
666,0.534813,0
667,1.731768,0
668,0.165441,0
669,0.165591,0
670,1.001785,0
671,1.170992,1
672,0.72155,1
673,0.801651,0
674,0.664888,1
675,0.249023,0
676,0.175325,0
677,0.336082,0
678,2.279231,1
679,4.580355,0
680,2.44434,0
681,1.646334,0
682,3.168462,1
683,0.776731,1
684,0.655843,0
685,0.109018,1
686,1.528566,1
687,0.317483,0
688,4.258045,1
689,0.444768,1
690,2.622982,1
691,0.118117,0
692,1.967439,0
693,0.176232,1
694,0.831505,0
695,1.696445,0
696,0.247871,0
697,2.726071,0
698,0.775433,0
699,0.987872,1
700,0.872438,1
701,0.310822,0
702,0.204498,0
703,0.075314,0
704,3.622866,1
705,2.141714,1
706,0.394733,1
707,4.208636,0
708,0.741734,1
709,0.515378,1
710,2.946103,1
711,2.913928,0
712,2.895581,0
713,0.787841,0
714,0.703034,1
715,1.1426,0
716,1.088142,0
717,1.77864,0
718,0.155233,1
719,1.794846,1
720,2.271308,0
721,3.644679,0
722,0.531428,1
723,0.296214,0
724,0.526777,0
725,1.918773,1
726,0.61928,1
727,0.727,1
728,1.118927,1
729,0.997544,1
730,1.256796,1
731,0.970268,0
732,1.007243,0
733,0.532832,1
734,0.295989,1
735,0.257811,1
736,0.389579,1
737,0.124393,1
738,0.346969,1
739,4.269477,0
740,2.177646,0
741,3.457034,0
742,4.140233,1
743,4.229764,1
744,5.106255,0
745,2.923456,0
746,3.028417,0
747,1.532971,1
748,0.895889,0
749,0.570953,1
750,0.923402,0
751,3.518713,0
752,0.477,0
753,1.768624,0
754,3.283539,0
755,3.90784,0
756,1.33721,1
757,2.49587,1
758,0.329191,0
759,0.846189,1
760,0.858988,0
761,1.396058,0
762,2.485646,0
763,1.97995,1
764,0.36663,0
765,0.402757,0
766,0.817995,0
767,2.83866,1
768,0.119471,0
769,1.699565,0
770,0.625523,0
771,3.796345,0
772,0.373021,1
773,0.72019,1
774,0.089857,1
775,0.319297,1
776,2.566368,0
777,0.735195,1
778,0.749874,1
779,2.228976,1
780,0.681601,1
781,0.392891,1
782,2.323036,0
783,1.0834,0
784,3.590334,1
785,1.753358,0
786,3.263038,0
787,1.463574,0
788,0.204396,1
789,3.470949,0
790,2.524444,0
791,0.623676,1
792,0.848361,0
793,3.94536,1
794,0.866416,0
795,1.88959,0
796,4.414736,1
797,0.240434,0
798,2.922369,0
799,3.523674,1
800,0.287089,0
801,2.014704,0
802,0.884682,0
803,0.183741,1
804,3.147171,0
805,1.763874,0
806,4.281097,0
807,2.822275,1
808,0.591623,0
809,2.687155,0
810,0.72527,0
811,1.152905,0
812,0.380066,0
813,0.152286,1
814,0.181895,1
815,2.189661,0
816,0.776918,1
817,0.541057,0
818,0.333622,1
819,0.365635,0
820,4.535228,1
821,1.618853,0
822,3.219454,1
823,2.880201,1
824,0.703094,0
825,2.691788,1
826,1.08054,1
827,2.437983,1
828,0.138358,1
829,3.95915,1
830,0.715026,1
831,0.776898,0
832,0.616567,1
833,0.63727,0
834,1.374538,1
835,1.966775,0
836,0.991656,0
837,1.386313,1
838,0.442081,0
839,3.182976,1
840,1.029224,0
841,0.812863,0
842,1.643236,1
843,2.397925,0
844,1.830509,1
845,0.715316,0
846,1.00194,0
847,0.616114,1
848,0.968428,1
849,2.62174,1
850,2.840468,1
851,0.778916,0
852,1.827458,1
853,1.08037,0
854,0.368295,0
855,2.248224,0
856,1.66199,1
857,0.848296,0
858,3.642037,0
859,0.500941,1
860,2.165717,1
861,0.280346,0
862,2.679572,0
863,0.679088,1
864,1.139235,0
865,2.474796,1
866,2.743687,0
867,0.343739,0
868,3.427335,1
869,0.614573,1
870,0.752494,1
871,0.275808,0
872,0.458377,0
873,1.798643,0
874,0.875732,1
875,2.700845,0
876,0.557196,1
877,1.587036,1
878,4.412214,1
879,0.925318,1
880,0.403756,1
881,0.472448,1
882,0.601544,0
883,2.346231,1
884,0.315553,0
885,2.528606,1
886,0.424447,0
887,1.34687,0
888,3.065046,0
889,1.062286,1
890,2.233397,1
891,0.136684,1
892,2.06534,0
893,0.3198,1
894,2.5385,0
895,0.628301,1
896,1.640871,1
897,3.902658,0
898,1.103853,1
899,3.414354,0
900,1.268419,0
901,0.799812,1
902,4.051603,0
903,0.951915,1
904,1.380401,0
905,3.376673,0
906,4.317284,0
907,0.283989,1
908,2.86374,0
909,0.97403,0
910,0.163762,1
911,1.586849,0
912,2.400309,0
913,0.442055,1
914,1.710041,0
915,2.300769,1
916,4.516366,1
917,0.414317,0
918,0.267286,1
919,0.614009,1
920,2.892261,1
921,3.01465,0
922,1.081054,1
923,0.503775,0
924,1.423506,1
925,2.574157,0
926,0.272209,0
927,2.472052,1
928,0.207014,0
929,0.857672,0
930,1.834477,0
931,1.318759,1
932,1.9474,0
933,3.472342,0
934,1.854275,1
935,2.882504,0
936,0.561677,0
937,0.275941,0
938,1.575571,1
939,4.733788,0
940,0.362936,0
941,2.437898,0
942,0.420087,0
943,0.819978,1
944,0.465651,1
945,4.416186,0
946,0.345839,0
947,3.459766,1
948,0.076624,1
949,0.213858,1
950,3.064097,0
951,0.2295,0
952,0.413085,0
953,0.376173,0
954,2.291703,0
955,0.984333,0
956,3.504579,1
957,0.565449,1
958,1.289608,0
959,0.491223,1
960,0.365002,1
961,0.120284,1
962,0.580789,1
963,0.34364,1
964,2.260072,1
965,1.035843,1
966,0.508831,1
967,0.727788,0
968,0.424418,0
969,1.698622,1
970,0.442754,1
971,0.149106,0
972,0.489197,0
973,2.295096,0
974,1.005747,1
975,0.251046,0
976,1.040202,0
977,2.673831,0
978,1.490703,0
979,0.63678,0
980,1.741561,0
981,2.080875,0
982,2.418301,0
983,2.065248,0
984,1.291915,1
985,2.489056,0
986,0.114096,1
987,3.146997,1
988,2.396638,1
989,0.598311,0
990,2.030411,0
991,0.753227,1
992,2.42859,1
993,0.334126,1
994,1.164402,0
995,2.609318,0
996,0.711936,1
997,1.97699,0
998,0.706928,1
999,0.459575,0
1000,3.192969,0
1001,1.519605,1
1002,3.085262,0
1003,0.475569,0
1004,0.42181,1
1005,0.87125,1
1006,0.578714,0
1007,1.282983,0
1008,0.415061,1
1009,0.889862,1
1010,3.558884,1
1011,0.296083,1
1012,2.479354,0
1013,0.289434,1
1014,1.547271,0
1015,0.519804,0
1016,0.600438,1
1017,0.402717,1
1018,1.572792,0
1019,0.419829,0
1020,2.893788,0
1021,0.20064,1
1022,0.483866,0
1023,0.616726,0
1024,0.181479,1
1025,2.266439,0
1026,2.204848,0
1027,0.634531,0
1028,1.862447,0
1029,0.85965,0
1030,2.442631,0
1031,1.638027,0
1032,1.56328,0
1033,0.630935,1
1034,2.235134,0
1035,4.613783,0
1036,0.304988,0
1037,0.138451,1
1038,0.810354,1
1039,4.70879,1
1040,0.107886,1
1041,0.570371,0
1042,1.006243,0
1043,0.278863,1
1044,2.926162,0
1045,2.259065,0
1046,2.488417,0
1047,1.401307,0
1048,0.599799,0
1049,3.137077,1
1050,0.652503,0
1051,0.738429,1
1052,2.655056,0
1053,1.797378,0
1054,1.214956,0
1055,2.10917,1
1056,2.096614,1
1057,0.138054,0
1058,1.347513,1
1059,0.607139,1
1060,0.552051,1
1061,0.852709,1
1062,0.776268,1
1063,1.46182,1
1064,2.124458,0
1065,1.551381,0
1066,0.18292,0
1067,0.607203,1
1068,2.01383,0
1069,0.594683,0
1070,0.339532,1
1071,4.795785,1
1072,2.912911,1
1073,2.487299,1
1074,0.497743,1
1075,2.829494,0
1076,0.731332,1
1077,0.4103,0
1078,2.365471,0
1079,0.33325,1
1080,0.318111,0
1081,2.688623,0
1082,0.22443,0
1083,2.869524,1
1084,0.186983,1
1085,0.212579,0
1086,0.494888,1
1087,0.670683,0
1088,1.244692,0
1089,0.618304,1
1090,0.780733,0
1091,0.658376,0
1092,0.373102,0
1093,2.312366,0
1094,0.131286,0
1095,0.531459,0
1096,0.090249,1
1097,1.291857,0
1098,4.060294,1
1099,0.396519,0
1100,0.111719,0
1101,2.840106,1
1102,0.678519,0
1103,4.332514,0
1104,1.94137,0
1105,0.169766,0
1106,0.449926,0
1107,1.006708,1
1108,0.426515,1
1109,0.969814,1
1110,2.439784,0
1111,0.249788,0
1112,2.349495,0
1113,1.559874,0
1114,2.599624,1
1115,2.121047,0
1116,0.523526,1
1117,1.794085,0
1118,2.250512,1
1119,0.527968,1
1120,0.545726,1
1121,1.219342,0
1122,0.215424,1
1123,2.238236,0
1124,1.951962,0
1125,1.301046,1
1126,3.827808,1
1127,3.413969,0
1128,0.923188,1
1129,3.553942,1
1130,1.256482,0
1131,1.167062,1
1132,2.425762,1
1133,0.068568,0
1134,0.42482,1
1135,0.429378,1
1136,0.751845,0
1137,0.129587,1
1138,0.443298,1
1139,4.664503,1
1140,1.815661,1
1141,1.394505,1
1142,0.322279,0
1143,5.177086,0
1144,5.598927,0
1145,2.160562,0
1146,1.075093,1
1147,1.408446,1
1148,2.403654,0
1149,0.34084,0
1150,3.554888,0
1151,3.74568,0
1152,3.954404,0
1153,4.791572,1
1154,3.838872,0
1155,0.37597,0
1156,0.412095,0
1157,0.240493,0
1158,2.705827,0
1159,0.310155,1
1160,0.272954,1
1161,0.668407,1
1162,1.784562,0
1163,0.513268,0
1164,2.065537,0
1165,1.448639,0
1166,0.636809,1
1167,0.209565,0
1168,0.171937,1
1169,3.823438,0
1170,0.7993,0
1171,1.646225,1
1172,2.01473,0
1173,2.676797,0
1174,0.115734,0
1175,2.977982,1
1176,2.550605,0
1177,3.051457,1
1178,0.113016,1
1179,1.237497,0
1180,3.279191,0
1181,0.993341,0
1182,0.178695,1
1183,0.787964,1
1184,1.93989,0
1185,1.270921,1
1186,0.90569,1
1187,2.85872,0
1188,0.670723,1
1189,0.128642,1
1190,0.912332,0
1191,2.435663,0
1192,0.551755,1
1193,0.788002,0
1194,0.28548,0
1195,2.873892,0
1196,0.178146,0
1197,0.256881,0
1198,5.379229,1
1199,0.614254,0
1200,1.647741,0
1201,0.321849,1
1202,0.72932,1
1203,4.362498,1
1204,0.902976,1
1205,0.859819,0
1206,2.10469,0
1207,0.54789,0
1208,0.125,0
1209,3.029745,1
1210,0.252868,0
1211,1.517058,0
1212,1.456197,1
1213,0.579399,1
1214,3.541446,1
1215,2.821934,0
1216,0.314751,0
1217,1.595988,0
1218,0.323172,1
1219,0.112791,1
1220,0.678709,0
1221,1.347058,0
1222,0.705601,1
1223,4.70241,1
1224,0.223364,1
1225,0.405789,0
1226,0.329955,1
1227,3.469454,0
1228,2.891862,0
1229,0.254679,1
1230,2.146609,1
1231,2.888827,1
1232,1.166216,1
1233,0.245976,1
1234,2.527432,0
1235,3.392048,0
1236,0.783913,0
1237,0.3683,0
1238,2.689817,1
1239,0.638022,0
1240,3.544412,0
1241,0.450215,0
1242,3.582657,0
1243,0.577313,1
1244,4.056404,0
1245,1.919794,1
1246,2.174911,1
1247,3.964956,1
1248,2.574232,1
1249,0.150398,1
1250,1.957718,1
1251,0.143826,1
1252,2.943825,0
1253,2.599624,1
1254,0.448827,1
1255,1.695189,1
1256,0.401392,1
1257,2.638853,0
1258,1.556449,1
1259,0.40531,0
1260,1.545739,0
1261,0.391569,1
1262,0.385597,1
1263,2.305786,0
1264,1.072203,1
1265,2.935319,0
1266,0.843745,1
1267,0.11727,1
1268,0.311154,1
1269,2.841686,0
1270,3.296275,1
1271,3.005661,1
1272,2.470674,0
1273,1.766812,1
1274,0.557964,0
1275,0.290604,0
1276,3.606376,0
1277,0.526009,0
1278,0.385951,0
1279,0.377923,1
1280,2.528239,0
1281,2.813543,0
1282,2.547269,0
1283,2.443247,1
1284,2.00801,0
1285,3.768949,0
1286,1.308041,0
1287,2.975637,1
1288,3.010582,0
1289,0.389134,0
1290,0.456145,1
1291,1.836058,0
1292,3.734999,0
1293,2.30242,0
1294,1.301605,1
1295,0.876132,0
1296,0.918327,1
1297,0.606961,0
1298,0.681364,1
1299,0.501486,1
1300,1.500645,1
1301,0.170956,1
1302,0.165854,0
1303,2.205909,0
1304,1.100176,1
1305,1.332314,0
1306,0.539738,1
1307,0.578839,1
1308,0.277287,0
1309,0.630128,1
1310,2.172847,0
1311,0.213578,1
1312,0.510728,1
1313,3.227578,0
1314,3.2037,0
1315,0.11587,0
1316,1.936967,0
1317,4.445745,0
1318,1.224584,0
1319,2.541785,0
1320,4.481138,0
1321,0.200052,1
1322,0.91415,0
1323,1.694584,1
1324,3.19985,1
1325,0.390893,0
1326,1.041197,0
1327,0.49361,1
1328,0.326698,0
1329,4.267035,1
1330,1.519201,0
1331,1.65294,0
1332,0.750462,0
1333,0.793949,0
1334,0.325528,0
1335,4.371066,0
1336,0.424924,0
1337,0.198883,1
1338,0.325021,1
1339,1.398389,0
1340,0.428731,1
1341,0.190279,0
1342,4.227306,0
1343,3.898512,1
1344,0.350354,0
1345,1.972041,0
1346,1.242104,1
1347,0.470719,1
1348,2.180568,0
1349,0.538155,1
1350,2.475876,0
1351,1.13608,0
1352,0.547671,1
1353,1.225258,1
1354,1.117908,0
1355,2.178553,0
1356,0.626073,1
1357,2.877745,0
1358,0.503822,1
1359,1.419334,1
1360,0.347538,1
1361,0.26747,1
1362,0.260686,1
1363,1.792011,1
1364,0.433783,1
1365,0.137687,0
1366,1.488423,0
1367,0.500146,1
1368,3.38682,0
1369,0.223455,1
1370,0.503818,1
1371,1.939254,1
1372,0.156391,1
1373,0.146507,1
1374,2.515678,0
1375,2.039236,1
1376,4.011582,0
1377,3.058645,0
1378,3.128168,1
1379,0.920924,1
1380,0.455715,1
1381,0.379238,1
1382,3.426876,0
1383,2.966359,1
1384,0.55207,0
1385,1.906772,0
1386,1.541719,0
1387,0.178596,1
1388,1.681042,1
1389,0.837944,0
1390,0.903691,0
1391,2.900486,1
1392,0.303217,0
1393,0.187662,1
1394,2.005632,0
1395,0.826848,1
1396,2.659245,0
1397,2.21692,0
1398,0.493888,1
1399,0.089244,1
1400,1.205778,0
1401,2.926021,0
1402,0.622929,1
1403,0.525584,1
1404,0.791372,1
1405,2.608143,1
1406,5.274966,0
1407,2.898014,1
1408,2.65307,1
1409,0.159573,0
1410,2.340803,0
1411,0.404187,1
1412,4.472422,0
1413,2.486667,0
1414,2.934093,0
1415,0.619462,0
1416,2.030162,1
1417,5.407993,1
1418,0.159205,0
1419,0.117296,0
1420,0.271521,1
1421,0.539461,1
1422,4.355622,0
1423,3.031002,0
1424,0.78812,0
1425,2.027513,1
1426,4.45335,1
1427,1.393068,0
1428,2.182014,0
1429,4.428408,0
1430,0.253531,1
1431,0.615716,1
1432,2.070034,1
1433,0.318078,1
1434,0.569424,0
1435,3.183098,0
1436,3.147885,0
1437,0.406139,1
1438,1.246325,0
1439,3.76244,1
1440,2.742914,0
1441,2.169054,1
1442,0.760596,0
1443,2.585901,0
1444,2.363289,0
1445,3.50077,0
1446,1.118157,1
1447,0.660541,1
1448,0.213242,0
1449,1.186206,1
1450,0.757113,1
1451,0.587934,1
1452,0.320061,0
1453,2.372263,0
1454,0.430473,1
1455,0.251812,1
1456,0.365097,0
1457,0.990723,0
1458,0.591332,0
1459,2.462022,0
1460,3.004581,1
1461,0.653382,1
1462,1.074845,1
1463,1.654114,0
1464,0.207482,1
1465,0.233362,0
1466,0.758148,0
1467,2.567614,0
1468,0.289283,1
1469,0.707965,1
1470,0.491911,0
1471,2.487463,0
1472,0.20172,0
1473,0.429155,0
1474,0.457584,1
1475,2.65685,0
1476,1.573603,1
1477,0.202706,1
1478,0.458023,1
1479,4.528388,1
1480,0.276182,1
1481,3.31366,1
1482,0.631348,0
1483,3.221855,0
1484,2.066274,1
1485,0.255996,0
1486,1.455125,0
1487,2.556691,0
1488,0.512114,0
1489,0.501234,1
1490,0.513686,1
1491,0.427039,0
1492,0.302026,0
1493,0.277173,0
1494,0.435714,0
1495,0.612908,1
1496,0.677726,1
1497,2.377592,0
1498,1.683848,0
1499,3.121491,0
1500,0.741897,1
1501,0.166076,0
1502,0.400351,0
1503,2.996714,0
1504,2.228638,1
1505,0.708831,0
1506,0.714345,1
1507,0.417162,0
1508,0.518894,1
1509,1.164571,0
1510,1.263288,1
1511,1.679299,1
1512,0.265842,1
1513,0.89812,0
1514,0.956474,1
1515,2.962394,1
1516,0.294777,0
1517,5.249751,1
1518,0.144582,0
1519,1.460135,1
1520,2.039449,1
1521,2.38581,1
1522,3.019476,0
1523,4.192069,0
1524,1.160889,1
1525,0.19102,1
1526,0.372505,0
1527,0.886747,0
1528,4.197973,0
1529,2.649949,0
1530,2.122974,1
1531,0.435426,0
1532,1.376688,0
1533,0.287076,1
1534,0.20245,0
1535,2.774899,0
1536,4.744933,1
1537,3.245361,1
1538,3.809346,0
1539,0.416319,1
1540,4.585092,1
1541,2.384503,1
1542,0.754026,0
1543,0.757276,1
1544,0.743637,1
1545,3.701998,0
1546,2.308613,0
1547,4.406184,0
1548,0.783853,1
1549,0.275675,0
1550,2.056626,0
1551,0.511534,1
1552,3.220749,1
1553,1.369264,0
1554,1.746633,1
1555,1.573043,0
1556,1.418274,1
1557,3.667982,1
1558,0.249564,1
1559,0.472409,0
1560,0.489172,1
1561,2.343138,1
1562,2.567192,0
1563,0.666813,1
1564,0.105377,1
1565,4.21677,1
1566,0.335683,0
1567,2.604401,1
1568,1.715994,1
1569,3.933611,0
1570,1.256421,0
1571,0.354412,1
1572,0.300444,1
1573,3.254699,1
1574,3.694342,1
1575,0.332058,0
1576,0.226849,1
1577,0.341332,1
1578,0.508768,1
1579,0.581005,1
1580,0.428111,1
1581,3.932874,1
1582,0.144756,0
1583,0.393191,1
1584,0.160519,1
1585,0.214319,1
1586,6.844901,1
1587,3.401151,0
1588,2.342522,0
1589,1.721954,0
1590,0.672803,1
1591,2.161469,1
1592,0.939002,1
1593,0.248108,1
1594,0.580173,0
1595,0.721386,0
1596,1.831719,1
1597,1.051965,0
1598,0.611522,1
1599,3.866734,0
1600,0.129577,1
1601,3.153555,1
1602,0.347994,1
1603,1.326469,0
1604,1.034678,1
1605,0.11575,1
1606,0.253184,0
1607,4.279119,1
1608,0.261658,0
1609,0.617872,1
1610,3.289516,1
1611,0.269655,1
1612,0.730995,0
1613,2.427558,0
1614,1.448982,0
1615,2.928834,1
1616,0.31532,0
1617,2.48165,1
1618,0.227698,0
1619,0.167495,1
1620,1.853108,0
1621,2.496043,1
1622,0.435101,0
1623,1.094692,0
1624,3.13159,1
1625,1.363922,0
1626,0.215381,0
1627,2.545338,1
1628,0.138488,1
1629,0.284482,0
1630,3.03311,1
1631,0.48051,1
1632,0.662544,1
1633,1.76691,1
1634,2.573279,1
1635,1.5883,1
1636,0.359729,1
1637,0.672762,1
1638,1.731039,1
1639,0.132318,1
1640,0.190259,0
1641,2.441142,0
1642,2.684497,0
1643,1.791698,1
1644,1.650208,1
1645,0.652146,1
1646,3.70154,0
1647,3.589039,0
1648,0.713996,0
1649,5.120969,1
1650,2.210596,0
1651,1.942696,1
1652,1.602554,1
1653,0.576225,0
1654,2.446329,1
1655,2.309052,0
1656,0.25844,0
1657,3.460233,1
1658,2.330197,0
1659,1.329881,1
1660,2.315816,0
1661,1.947866,0
1662,1.515452,0
1663,0.703015,0
1664,0.886902,1
1665,0.840767,1
1666,2.649459,1
1667,2.017549,0
1668,0.488609,0
1669,0.417516,0
1670,0.426103,0
1671,0.309093,1
1672,4.605928,1
1673,0.276206,1
1674,0.402599,1
1675,1.438364,0
1676,0.459878,0
1677,2.917584,0
1678,0.280828,0
1679,2.04236,1
1680,3.919859,1
1681,1.266943,1
1682,1.349099,0
1683,1.529027,0
1684,1.58109,0
1685,0.203353,0
1686,0.57133,1
1687,0.81668,0
1688,0.26434,0
1689,2.906804,1
1690,5.581628,1
1691,1.264188,0
1692,0.350704,0
1693,0.573638,1
1694,0.701765,0
1695,1.11353,1
1696,1.155775,0
1697,0.897615,1
1698,2.912518,0
1699,0.160503,1
1700,0.662624,1
1701,0.666778,0
1702,0.436165,0
1703,1.738589,0
1704,3.742656,0
1705,1.305775,1
1706,0.793603,0
1707,0.272867,1
1708,0.200307,1
1709,0.52429,1
1710,2.503428,0
1711,1.105187,0
1712,0.129344,0
1713,0.524031,0
1714,1.788723,0
1715,0.229135,0
1716,0.469058,0
1717,3.787604,1
1718,2.640705,0
1719,2.874227,0
1720,0.548893,0
1721,1.643171,0
1722,1.756302,0
1723,6.015795,1
1724,4.851622,1
1725,0.221942,0
1726,2.750304,0
1727,0.318764,0
1728,4.796262,0
1729,0.550495,1
1730,2.365222,0
1731,4.081325,0
1732,0.789574,1
1733,0.556079,0
1734,2.447131,1
1735,0.440592,1
1736,0.486002,1
1737,0.431859,1
1738,1.23635,1
1739,3.659486,0
1740,0.741301,0
1741,1.064592,0
1742,1.349911,1
1743,1.975558,0
1744,2.120706,0
1745,0.939016,1
1746,0.84392,1
1747,0.388367,0
1748,0.28308,1
1749,0.993353,1
1750,0.092801,0
1751,0.926105,1
1752,1.407812,1
1753,0.72552,0
1754,0.224475,1
1755,0.545716,1
1756,1.914456,1
1757,0.367724,0
1758,3.238598,0
1759,2.978453,1
1760,1.748585,0
1761,0.340978,1
1762,1.453865,1
1763,3.76597,1
1764,0.272317,0
1765,2.857431,1
1766,2.016808,0
1767,3.347347,1
1768,0.531428,0
1769,2.645945,0
1770,0.695003,1
1771,2.293583,0
1772,2.249352,0
1773,3.592879,1
1774,1.85168,1
1775,0.441025,1
1776,0.243684,1
1777,2.151167,0
1778,0.403039,0
1779,1.014819,1
1780,2.209575,0
1781,0.564215,0
1782,2.748589,1
1783,4.375921,1
1784,0.136653,1
1785,0.935936,1
1786,0.32829,1
1787,0.436905,1
1788,2.473982,1
1789,3.260163,0
1790,2.09914,0
1791,0.09876,1
1792,1.396924,1
1793,3.151417,0
1794,1.239872,1
1795,2.22214,1
1796,1.28132,0
1797,2.020644,0
1798,2.899987,0
1799,2.347941,1
1800,0.493663,0
1801,0.1417,0
1802,0.325472,1
1803,3.202243,0
1804,2.200865,0
1805,4.139702,0
1806,0.184098,0
1807,0.542656,0
1808,1.157501,0
1809,1.87359,1
1810,0.434447,1
1811,4.207685,1
1812,0.374133,0
1813,0.523625,1
1814,0.450212,1
1815,3.208183,0
1816,1.285947,1
1817,1.850496,1
1818,0.320836,0
1819,1.676422,0
1820,1.74937,0
1821,2.194068,1
1822,0.101348,1
1823,2.07111,0
1824,2.59323,1
1825,1.09874,1
1826,0.086211,0
1827,0.628535,1
1828,1.585106,1
1829,0.226948,1
1830,1.423982,1
1831,0.205533,1
1832,0.073575,0
1833,0.624235,1
1834,3.102364,0
1835,0.19019,1
1836,1.189304,0
1837,1.69242,0
1838,0.445889,0
1839,0.698138,1
1840,0.085779,0
1841,1.668724,1
1842,2.808089,1
1843,2.809065,1
1844,0.165486,1
1845,1.069928,0
1846,0.627376,0
1847,1.157142,0
1848,2.250243,1
1849,0.925613,1
1850,0.550785,0
1851,4.216153,1
1852,0.285566,1
1853,0.503015,1
1854,0.649011,1
1855,3.044938,1
1856,0.388956,1
1857,0.520281,0
1858,2.053102,1
1859,2.100513,0
1860,3.986043,0
1861,2.440764,0
1862,3.943947,1
1863,0.53887,0
1864,0.365691,1
1865,2.245849,0
1866,0.421634,1
1867,2.764576,1
1868,3.186346,0
1869,4.15086,1
1870,3.553009,0
1871,2.992009,0
1872,0.642586,1
1873,2.522802,1
1874,1.604862,0
1875,0.201714,1
1876,2.478799,1
1877,2.992432,0
1878,2.471987,1
1879,0.076819,0
1880,2.985244,1
1881,2.485961,0
1882,3.732969,1
1883,0.641503,1
1884,3.216493,1
1885,0.490238,1
1886,0.16087,1
1887,0.677766,1
1888,0.427229,0
1889,0.708588,0
1890,0.796832,1
1891,4.187522,0
1892,0.384043,1
1893,3.062316,1
1894,0.294367,1
1895,1.914934,0
1896,0.332125,0
1897,4.728011,1
1898,2.508196,1
1899,0.397397,0
1900,1.074069,1
1901,0.481638,0
1902,1.208916,0
1903,1.949349,0
1904,2.374907,1
1905,3.456765,0
1906,0.202802,0
1907,0.294322,1
1908,3.779076,0
1909,1.587242,0
1910,0.232642,1
1911,2.709767,1
1912,0.123508,0
1913,0.942273,1
1914,2.119109,0
1915,0.839908,0
1916,3.443606,1
1917,3.024113,0
1918,0.654306,0
1919,2.765289,0
1920,1.544055,1
1921,1.016424,1
1922,1.710361,0
1923,0.148964,1
1924,0.301848,0
1925,0.309103,0
1926,0.849872,1
1927,0.784024,0
1928,0.970255,1
1929,0.27034,0
1930,0.986797,1
1931,1.528766,1
1932,0.62511,0
1933,3.195849,0
1934,1.065524,1
1935,0.849149,1
1936,1.086812,0
1937,0.203397,0
1938,0.654524,1
1939,0.677137,1
1940,0.405558,0
1941,0.553696,0
1942,0.38408,1
1943,0.998898,1
1944,0.40809,0
1945,0.176947,1
1946,0.545522,0
1947,1.634993,0
1948,0.553755,0
1949,3.099919,1
1950,0.627208,1
1951,1.347104,1
1952,0.259381,1
1953,3.971231,1
1954,3.402981,1
1955,2.108781,0
1956,0.863006,0
1957,4.198674,1
1958,3.446454,0
1959,0.461736,1
1960,0.162989,0
1961,0.263327,1
1962,0.64618,1
1963,2.451034,0
1964,0.288117,1
1965,2.335089,0
1966,0.967263,0
1967,0.233663,1
1968,2.227917,0
1969,0.603349,0
1970,3.943655,0
1971,0.538576,1
1972,0.640709,0
1973,0.473654,0
1974,3.196826,1
1975,1.156862,1
1976,3.465651,1
1977,0.092468,0
1978,2.965616,1
1979,0.447415,0
1980,1.336801,1
1981,3.281944,0
1982,2.70126,1
1983,2.578965,0
1984,0.839108,1
1985,2.381472,0
1986,1.928221,0
1987,2.918076,0
1988,0.351383,1
1989,0.326276,1
1990,0.303987,1
1991,0.814127,1
1992,1.889205,0
1993,0.359173,0
1994,3.239785,1
1995,2.842459,0
1996,0.764928,1
1997,0.739346,0
1998,0.8605,0
1999,0.288211,1
2000,2.387186,0
2001,1.950373,0
2002,0.64466,0
2003,0.531833,1
2004,1.688246,0
2005,4.160553,0
2006,0.160307,1
2007,0.643457,0
2008,2.232998,0
2009,1.567812,0
2010,0.67439,0
2011,1.24983,0
2012,0.295537,1
2013,1.757504,0
2014,0.174741,1
2015,1.980135,0
2016,0.185953,0
2017,3.505937,0
2018,1.784678,0
2019,0.409719,0
2020,3.52527,1
2021,1.928885,0
2022,0.202859,0
2023,0.708955,1
2024,0.684906,1
2025,1.061457,0
2026,1.480169,0
2027,0.257068,1
2028,0.082687,0
2029,2.819036,0
2030,0.514205,1
2031,0.375183,1
2032,1.992705,1
2033,2.798335,1
2034,0.274238,1
2035,3.354574,0
2036,0.158947,0
2037,0.752505,0
2038,1.167435,0
2039,2.215459,1
2040,2.073673,0
2041,0.295158,0
2042,0.208247,0
2043,1.590028,0
2044,0.29691,0
2045,2.802672,1
2046,0.386082,0
2047,0.136124,1
2048,0.989355,1
2049,2.921182,1
2050,2.765885,1
2051,4.072883,1
2052,1.085465,1
2053,0.499998,1
2054,0.498062,0
2055,3.013429,1
2056,1.426473,1
2057,0.668154,0
2058,2.928685,1
2059,3.761136,1
2060,0.65881,1
2061,2.877863,0
2062,1.772477,0
2063,0.588059,1
2064,0.699122,1
2065,2.433588,0
2066,0.205177,0
2067,0.26591,1
2068,0.780016,1
2069,2.762311,0
2070,0.217601,1
2071,2.028425,0
2072,1.785174,0
2073,0.188421,0
2074,0.300942,1
2075,3.982119,0
2076,0.38553,1
2077,0.385438,0
2078,2.470463,0
2079,1.270023,1
2080,0.455411,0
2081,0.807494,0
2082,2.589136,1
2083,1.733721,1
2084,1.207377,1
2085,1.447548,1
2086,1.811933,0
2087,1.959214,0
2088,0.634323,0
2089,0.168351,1
2090,0.76595,0
2091,1.855328,1
2092,0.481345,1
2093,1.971788,0
2094,2.859726,0
2095,2.251183,0
2096,0.519683,0
2097,0.824239,1
2098,3.479659,1
2099,1.036973,1
2100,3.868987,0
2101,2.968575,0
2102,0.557156,1
2103,0.207614,1
2104,0.81189,0
2105,0.636552,1
2106,4.954147,0
2107,2.449098,1
2108,3.788959,0
2109,1.969054,0
2110,1.160231,0
2111,1.928199,0
2112,1.141034,0
2113,0.738179,1
2114,0.700921,0
2115,0.323142,0
2116,0.38567,1
2117,0.174083,1
2118,1.168942,0
2119,0.626707,1
2120,2.356299,0
2121,0.768067,1
2122,0.173831,0
2123,2.388,1
2124,3.989004,0
2125,2.634713,1
2126,2.559754,0
2127,5.757927,1
2128,2.068856,1
2129,0.52809,0
2130,0.760886,1
2131,0.124204,1
2132,0.334473,1
2133,2.500216,0
2134,1.306578,1
2135,2.587777,0
2136,2.32472,0
2137,0.256988,1
2138,1.550673,0
2139,1.285414,1
2140,0.551422,1
2141,4.257647,1
2142,1.079371,1
2143,3.458061,0
2144,0.496544,0
2145,1.651439,0
2146,0.179365,1
2147,3.262766,0
2148,2.263682,0
2149,0.596085,0
2150,2.678084,0
2151,0.352942,1
2152,1.430981,0
2153,3.313935,1
2154,0.730987,1
2155,3.120117,0
2156,2.735785,1
2157,0.61914,1
2158,0.468272,1
2159,0.389976,0
2160,0.57453,1
2161,0.164714,0
2162,1.309409,1
2163,0.663999,0
2164,3.669,0
2165,2.492501,0
2166,0.906263,1
2167,3.109849,0
2168,3.224946,1
2169,0.824569,1
2170,1.521216,0
2171,2.730047,0
2172,3.663208,0
2173,0.319584,1
2174,0.535316,0
2175,0.309486,1
2176,3.220587,1
2177,0.949101,1
2178,1.386974,0
2179,0.328988,0
2180,0.372237,0
2181,0.646483,1
2182,3.784221,0
2183,4.634943,1
2184,0.664197,1
2185,3.77557,1
2186,1.047343,0
2187,0.183499,1
2188,0.671894,0
2189,3.958977,0
2190,2.308942,1
2191,1.660939,0
2192,1.64678,0
2193,0.25253,1
2194,3.748152,0
2195,1.408477,1
2196,0.302289,1
2197,0.437276,0
2198,0.263822,0
2199,3.112664,0
2200,0.885286,0
2201,0.217656,0
2202,2.04424,0
2203,3.864623,1
2204,2.926458,0
2205,4.89335,1
2206,0.48705,0
2207,2.657329,0
2208,0.715836,0
2209,0.538195,1
2210,0.695126,0
2211,3.939185,1
2212,0.747239,0
2213,2.718812,0
2214,0.245599,0
2215,0.764558,0
2216,0.552141,1
2217,1.050709,0
2218,0.499514,1
2219,0.189944,1
2220,3.499189,0
2221,0.310996,1
2222,0.261656,1
2223,4.459117,0
2224,3.903328,1
2225,2.675795,0
2226,2.649888,0
2227,0.585522,0
2228,0.27634,0
2229,3.144203,0
2230,4.331399,0
2231,1.985356,1
2232,0.67659,0
2233,0.396554,1
2234,3.896451,0
2235,1.112693,1
2236,1.932163,1
2237,0.401912,1
2238,0.350691,1
2239,1.497407,1
2240,0.505991,0
2241,1.273066,1
2242,0.364354,0
2243,1.036636,0
2244,4.878217,0
2245,0.336888,0
2246,4.876835,1
2247,3.21587,0
2248,1.930892,0
2249,0.13404,1
2250,0.270553,0
2251,0.793524,1
2252,0.720531,1
2253,0.671173,1
2254,0.778398,0
2255,2.83978,0
2256,2.65999,0
2257,0.386607,0
2258,2.156673,0
2259,3.207845,1
2260,0.733871,0
2261,3.536839,0
2262,0.14252,1
2263,0.54352,1
2264,0.186594,1
2265,0.713101,1
2266,2.616937,0
2267,1.934677,0
2268,4.40411,0
2269,0.381622,0
2270,1.933928,0
2271,2.309715,0
2272,1.651121,0
2273,0.311745,0
2274,0.439953,0
2275,2.200039,1
2276,0.250346,1
2277,1.397755,0
2278,0.12389,1
2279,2.806146,0
2280,0.158696,0
2281,0.334895,0
2282,1.435972,0
2283,3.600854,0
2284,0.454388,1
2285,0.484697,0
2286,4.473105,0
2287,3.876864,1
2288,2.709112,1
2289,3.802922,1
2290,2.108276,1
2291,0.261624,1
2292,3.140446,1
2293,0.200724,0
2294,1.248971,0
2295,1.290336,1
2296,2.356262,0
2297,1.142286,1
2298,5.029307,1
2299,0.421177,1
2300,0.864145,1
2301,2.827319,1
2302,2.203858,1
2303,0.322289,1
2304,0.088067,0
2305,2.643981,0
2306,1.54605,0
2307,1.932244,0
2308,0.294818,1
2309,2.038779,0
2310,1.749273,1
2311,2.616138,1
2312,0.278911,0
2313,0.281921,0
2314,1.709364,0
2315,1.482671,0
2316,0.269091,0
2317,0.789461,1
2318,1.308849,1
2319,1.753467,1
2320,0.316201,0
2321,1.673608,1
2322,4.942727,1
2323,1.688669,1
2324,0.744642,1
2325,2.293603,0
2326,3.688158,1
2327,0.21231,0
2328,0.394036,0
2329,1.370212,0
2330,3.04644,1
2331,0.82285,1
2332,1.133522,0
2333,4.375283,0
2334,2.487319,1
2335,5.23001,1
2336,1.885701,0
2337,1.78272,0
2338,0.084033,1
2339,3.94211,1
2340,0.829744,0
2341,3.678528,0
2342,4.200884,0
2343,3.115209,1
2344,1.199277,0
2345,4.48421,0
2346,0.422946,1
2347,4.646383,1
2348,3.070912,0
2349,2.188411,1
2350,3.69866,0
2351,0.714822,1
2352,1.905292,0
2353,6.269959,1
2354,1.013482,1
2355,3.853731,0
2356,3.518437,0
2357,3.142638,1
2358,4.244153,1
2359,0.276163,0
2360,3.057727,1
2361,2.870569,1
2362,0.410388,1
2363,2.150353,1
2364,3.411187,0
2365,0.251342,1
2366,4.007311,0
2367,3.674592,0
2368,0.499912,1
2369,4.82853,1
2370,0.771649,1
2371,1.244118,0
2372,2.744339,1
2373,2.173932,0
2374,0.273273,0
2375,0.135466,0
2376,0.522138,0
2377,2.121561,1
2378,1.179477,1
2379,2.621754,0
2380,0.575471,1
2381,1.632014,0
2382,2.33137,0
2383,0.874538,1
2384,0.40092,0
2385,1.224569,0
2386,0.419354,1
2387,0.395367,0
2388,1.282911,0
2389,3.943464,1
2390,0.339395,0
2391,2.159249,0
2392,0.296646,1
2393,1.340747,0
2394,0.875722,1
2395,0.590283,1
2396,0.685032,1
2397,0.37071,1
2398,0.704493,0
2399,0.473091,1
2400,3.7915,1
2401,1.374206,1
2402,0.991397,0
2403,0.554395,0
2404,2.130677,1
2405,2.371422,0
2406,3.490298,1
2407,2.422036,0
2408,1.74344,0
2409,4.585564,1
2410,4.096197,0
2411,1.440806,1
2412,1.652981,0
2413,0.197548,0
2414,1.247916,1
2415,0.288334,0
2416,0.51138,0
2417,2.379875,0
2418,0.824403,1
2419,1.105276,1
2420,2.10328,0
2421,0.875461,1
2422,0.835371,1
2423,3.128051,0
2424,0.792976,1
2425,1.90705,0
2426,2.925692,0
2427,2.943864,0
2428,2.085713,0
2429,1.224081,0
2430,2.323468,0
2431,0.261018,0
2432,0.688309,0
2433,0.695141,0
2434,0.444828,0
2435,0.669553,1
2436,0.137101,0
2437,3.349468,0
2438,0.713188,0
2439,2.497128,0
2440,1.451678,1
2441,4.490146,1
2442,1.239938,0
2443,0.980755,1
2444,3.077113,1
2445,1.924078,0
2446,3.881897,1
2447,1.730857,1
2448,0.511882,1
2449,2.13496,0
2450,0.164328,1
2451,1.041113,1
2452,2.605711,0
2453,2.343853,1
2454,3.149166,1
2455,3.42262,0
2456,3.088244,0
2457,1.692977,0
2458,1.876278,0
2459,2.698001,0
2460,0.26569,1
2461,2.034301,1
2462,3.531319,1
2463,1.933861,0
2464,0.129524,0
2465,1.621645,0
2466,0.801918,0
2467,0.676112,1
2468,0.307267,0
2469,0.633865,1
2470,3.275746,1
2471,4.409892,1
2472,5.951619,0
2473,2.106141,0
2474,0.899822,1
2475,0.665787,0
2476,0.9051,1
2477,0.339292,1
2478,2.64921,0
2479,1.3311,0
2480,0.426933,1
2481,0.263217,1
2482,1.738904,0
2483,0.920435,0
2484,1.456132,0
2485,0.151054,0
2486,1.761512,1
2487,2.999246,1
2488,0.732024,1
2489,2.921942,1
2490,0.477036,0
2491,0.286593,1
2492,1.514111,1
2493,0.680946,1
2494,0.960749,0
2495,0.565309,1
2496,0.2936,1
2497,0.645642,1
2498,2.714577,1
2499,0.441563,1
2500,0.622207,1
2501,0.142029,0
2502,0.736445,1
2503,0.107256,0
2504,0.278666,0
2505,2.125971,0
2506,0.695602,0
2507,1.273315,1
2508,1.695619,1
2509,5.22511,1
2510,0.139052,0
2511,0.071546,0
2512,2.090573,1
2513,2.351037,0
2514,0.2107,1
2515,0.29877,1
2516,0.143593,1
2517,0.099659,1
2518,2.648358,0
2519,0.651027,1
2520,2.706511,0
2521,3.183416,0
2522,1.886582,0
2523,1.357204,1
2524,1.680451,0
2525,3.186148,1
2526,0.25887,1
2527,0.655293,1
2528,1.061142,0
2529,0.554726,1
2530,0.437003,0
2531,2.35429,1
2532,0.462999,1
2533,0.312006,1
2534,0.192117,0
2535,0.251362,1
2536,0.755671,0
2537,0.305026,0
2538,0.667336,0
2539,2.28119,1
2540,0.185192,1
2541,0.823067,1
2542,2.276277,0
2543,1.40416,1
2544,0.333007,1
2545,0.350364,0
2546,0.078025,1
2547,0.674663,1
2548,3.119727,1
2549,0.544482,1
2550,0.338513,1
2551,3.298939,0
2552,2.998335,1
2553,3.672594,1
2554,2.129642,0
2555,4.169791,1
2556,0.986005,1
2557,4.239485,1
2558,1.38087,0
2559,2.056512,0
2560,1.199265,1
2561,3.702824,1
2562,2.973811,0
2563,0.44074,0
2564,0.635764,1
2565,0.367871,1
2566,2.951844,0
2567,0.694879,1
2568,1.066309,1
2569,0.393926,0
2570,0.215846,1
2571,3.393714,0
2572,2.467935,1
2573,3.327212,1
2574,2.35141,0
2575,0.703709,1
2576,0.303587,0
2577,0.899413,1
2578,0.890925,1
2579,1.002012,1
2580,0.3893,1
2581,2.177612,0
2582,0.15391,1
2583,0.471392,0
2584,1.696486,0
2585,0.604625,0
2586,1.299019,0
2587,0.240918,1
2588,1.895185,0
2589,2.207049,0
2590,6.010891,1
2591,0.942106,1
2592,0.216794,0
2593,3.903948,1
2594,0.497713,1
2595,2.381107,1
2596,0.269209,1
2597,2.020404,1
2598,2.747723,1
2599,1.238003,0
2600,0.258675,1
2601,0.698827,0
2602,3.689655,0
2603,5.808928,1
2604,1.61365,0
2605,0.141002,1
2606,0.570201,1
2607,0.432064,1
2608,0.439528,1
2609,0.410848,1
2610,0.379769,1
2611,0.223885,0
2612,1.204155,1
2613,0.788351,1
2614,2.189207,1
2615,0.58021,0
2616,2.49597,0
2617,1.410017,0
2618,0.197824,0
2619,1.695253,0
2620,2.554566,1
2621,0.676521,1
2622,1.316133,0
2623,4.415343,1
2624,2.823337,1
2625,1.678712,0
2626,2.43999,0
2627,1.1065,1
2628,3.286359,0
2629,3.097567,1
2630,1.072224,0
2631,1.518242,0
2632,1.771949,1
2633,0.939778,1
2634,1.898186,0
2635,0.418659,1
2636,1.233609,1
2637,1.463803,1
2638,0.949068,1
2639,2.279785,1
2640,0.571682,1
2641,0.454761,1
2642,0.346488,0
2643,0.776651,1
2644,3.158923,1
2645,1.068468,0
2646,4.527839,1
2647,2.547888,0
2648,1.534838,0
2649,2.917162,0
2650,0.620976,1
2651,2.630623,0
2652,1.378794,1
2653,0.774663,1
2654,0.285292,0
2655,0.695573,0
2656,0.100657,1
2657,3.815255,0
2658,3.281538,0
2659,2.010901,1
2660,0.095714,1
2661,2.693359,0
2662,0.351274,1
2663,3.7841,0
2664,2.387785,0
2665,3.006915,0
2666,3.478466,1
2667,1.488514,0
2668,0.790489,1
2669,0.209226,1
2670,2.263256,1
2671,0.277722,1
2672,1.469039,0
2673,0.351115,0
2674,0.922165,0
2675,0.418056,1
2676,2.099437,0
2677,4.257982,1
2678,2.088175,0
2679,3.629594,1
2680,0.352803,1
2681,1.880668,0
2682,0.151439,1
2683,0.446492,1
2684,2.469524,0
2685,0.41692,1
2686,0.767584,0
2687,0.910529,1
2688,3.813429,0
2689,0.654776,1
2690,3.040162,1
2691,0.331178,0
2692,0.160172,1
2693,0.513128,0
2694,1.747161,0
2695,4.03043,0
2696,1.245211,0
2697,2.758943,1
2698,0.344245,0
2699,1.425681,1
2700,0.793364,0
2701,2.598332,0
2702,1.84267,0
2703,0.596852,0
2704,0.087318,0
2705,1.032642,0
2706,3.336368,1
2707,0.673994,0
2708,2.121209,0
2709,0.450517,0
2710,0.693026,0
2711,1.438902,0
2712,0.317644,0
2713,4.564491,1
2714,1.014272,1
2715,1.950455,1
2716,0.150896,0
2717,1.715215,0
2718,2.482454,0
2719,0.330346,1
2720,0.193738,0
2721,0.263183,1
2722,0.814634,0
2723,0.522943,0
2724,0.60278,0
2725,0.378327,0
2726,1.642073,1
2727,0.466855,1
2728,2.197558,0
2729,2.465674,0
2730,3.536734,1
2731,4.168786,1
2732,0.460982,1
2733,1.492125,0
2734,0.15566,1
2735,3.401688,1
2736,0.819255,1
2737,1.560521,0
2738,3.39044,1
2739,3.390854,0
2740,0.938246,1
2741,0.827104,1
2742,0.530641,1
2743,3.643054,0
2744,1.827588,1
2745,0.725187,1
2746,3.008647,0
2747,2.149079,0
2748,1.760542,1
2749,4.298629,0
2750,3.811241,1
2751,1.54232,1
2752,2.098267,1
2753,0.309764,1
2754,0.435115,0
2755,0.150966,1
2756,2.109248,0
2757,2.257007,1
2758,0.151631,1
2759,1.240412,0
2760,0.340088,0
2761,0.729913,0
2762,2.288241,0
2763,1.488242,0
2764,1.594841,0
2765,0.091205,0
2766,0.343781,1
2767,0.379018,0
2768,3.093876,1
2769,2.757792,0
2770,2.401898,1
2771,3.871961,0
2772,0.829795,0
2773,0.997047,1
2774,0.29198,0
2775,0.423687,0
2776,1.123194,0
2777,0.154405,1
2778,0.215077,1
2779,2.941202,1
2780,1.662899,0
2781,3.63051,1
2782,0.342248,0
2783,0.829365,1
2784,0.114485,0
2785,0.379182,1
2786,0.59875,1
2787,2.335323,0
2788,1.807221,0
2789,0.497702,0
2790,2.923142,1
2791,0.46572,1
2792,0.186818,1
2793,1.227528,1
2794,0.485767,0
2795,4.479137,1
2796,0.942542,1
2797,1.47867,0
2798,0.417264,1
2799,2.30637,0
2800,1.830892,1
2801,1.679233,1
2802,0.519944,0
2803,0.172593,0
2804,0.290764,0
2805,0.82897,0
2806,0.581149,1
2807,1.827572,0
2808,3.492587,1
2809,0.358552,0
2810,3.135055,0
2811,0.416051,1
2812,1.017354,0
2813,1.320451,0
2814,1.947301,0
2815,0.521488,1
2816,1.071723,1
2817,1.103086,1
2818,1.426711,0
2819,4.066232,1
2820,0.104813,0
2821,0.215099,0
2822,1.2143,1
2823,2.566247,0
2824,3.814597,1
2825,2.996802,1
2826,0.432326,0
2827,0.436308,1
2828,3.070768,0
2829,3.551358,1
2830,3.18966,0
2831,4.057981,1
2832,0.576085,0
2833,1.340263,0
2834,1.751681,1
2835,1.941585,1
2836,0.68797,1
2837,4.820655,0
2838,2.983746,1
2839,1.676886,0
2840,0.959172,1
2841,0.260926,0
2842,3.388011,1
2843,0.151312,1
2844,2.497904,1
2845,1.928486,0
2846,2.303096,1
2847,0.999053,0
2848,1.716516,1
2849,4.850143,1
2850,3.217798,1
2851,0.310489,1
2852,3.301379,1
2853,3.87098,1
2854,1.114651,0
2855,2.051752,0
2856,3.446347,0
2857,1.989817,1
2858,0.679984,1
2859,0.462489,1
2860,0.20626,1
2861,2.428559,0
2862,1.832347,1
2863,0.772807,1
2864,0.854728,1
2865,1.105485,0
2866,0.649956,1
2867,0.40762,0
2868,3.005045,1
2869,3.466348,1
2870,1.335429,0
2871,0.514422,0
2872,1.824951,1
2873,2.649384,1
2874,0.503871,0
2875,0.591369,1
2876,2.860414,0
2877,2.57725,0
2878,2.008571,0
2879,0.144112,1
2880,5.523149,1
2881,3.434134,1
2882,2.667394,1
2883,0.280568,0
2884,0.126431,0
2885,3.360221,1
2886,0.205982,0
2887,1.113968,0
2888,0.558317,1
2889,3.084558,1
2890,1.289878,1
2891,1.447854,0
2892,1.855488,0
2893,2.137739,0
2894,0.292601,1
2895,3.482414,1
2896,0.454708,1
2897,0.232367,0
2898,2.636471,0
2899,2.946451,1
2900,0.238378,0
2901,0.519431,0
2902,1.248526,0
2903,1.629751,1
2904,3.14198,0
2905,0.459353,1
2906,0.168296,0
2907,1.158339,1
2908,0.753088,0
2909,0.718135,0
2910,0.695235,0
2911,0.581893,1
2912,0.748476,1
2913,2.927292,0
2914,0.454405,1
2915,2.143044,0
2916,3.764695,1
2917,2.533189,1
2918,0.558593,0
2919,3.831693,0
2920,1.413908,0
2921,0.524113,1
2922,1.844793,0
2923,2.953776,0
2924,1.070876,1
2925,0.718515,1
2926,0.881334,1
2927,3.547369,1
2928,0.536044,0
2929,1.11969,0
2930,0.418026,1
2931,0.186157,1
2932,0.784917,1
2933,3.340959,0
2934,1.167199,1
2935,1.9376,0
2936,0.087395,1
2937,0.386135,1
2938,1.044304,1
2939,0.19415,1
2940,0.438633,1
2941,1.627578,1
2942,0.292776,1
2943,0.587401,1
2944,3.635812,1
2945,5.85443,1
2946,3.999403,1
2947,2.698247,0
2948,0.104085,0
2949,0.80327,1
2950,0.638144,0
2951,1.15972,1
2952,0.607701,0
2953,0.153841,0
2954,1.674465,0
2955,0.097329,0
2956,1.009478,0
2957,2.620703,0
2958,4.815744,0
2959,0.317654,1
2960,2.05716,0
2961,0.804441,0
2962,0.165731,1
2963,2.019774,0
2964,1.882416,1
2965,0.787339,1
2966,1.40415,0
2967,2.818911,0
2968,1.12396,1
2969,1.671657,0
2970,1.421242,0
2971,0.374598,1
2972,0.996503,1
2973,2.242708,1
2974,4.259301,0
2975,5.27894,1
2976,0.992954,0
2977,0.860792,0
2978,2.659802,0
2979,0.848683,1
2980,0.800736,0
2981,0.374113,1
2982,3.962688,1
2983,0.235007,1
2984,2.558177,0
2985,0.522123,1
2986,1.66912,0
2987,0.324427,0
2988,1.542948,1
2989,2.721906,0
2990,0.444897,1
2991,0.842049,1
2992,2.918046,0
2993,2.734759,0
2994,0.286636,1
2995,0.574406,1
2996,2.808709,1
2997,0.395249,0
2998,3.677817,1
2999,0.427598,0
3000,2.542226,1
3001,2.064953,0
3002,0.702942,0
3003,2.61573,1
3004,0.533313,1
3005,0.598538,0
3006,2.110427,1
3007,0.53431,0
3008,1.623634,0
3009,0.95552,0
3010,2.098816,0
3011,1.97029,0
3012,1.882474,1
3013,2.829539,0
3014,2.441616,0
3015,3.153872,0
3016,0.60904,1
3017,2.365133,1
3018,0.731165,1
3019,4.742918,1
3020,2.820986,1
3021,4.298582,0
3022,2.110721,1
3023,0.474845,0
3024,0.647951,0
3025,2.118432,0
3026,1.609846,1
3027,4.722246,0
3028,0.258444,1
3029,0.469132,1
3030,0.850481,0
3031,0.13638,1
3032,0.269681,0
3033,1.444228,1
3034,0.45922,1
3035,3.781978,0
3036,0.329247,0
3037,2.711784,0
3038,5.160246,0
3039,0.674964,0
3040,2.182413,0
3041,2.774844,0
3042,2.307124,0
3043,0.346713,1
3044,2.643119,0
3045,3.233049,0
3046,0.769424,0
3047,0.152566,0
3048,1.777262,0
3049,1.777683,1
3050,2.328416,0
3051,4.028178,1
3052,0.19737,1
3053,0.476448,0
3054,0.329743,1
3055,0.260435,0
3056,0.390256,0
3057,3.821187,0
3058,0.263763,1
3059,1.892697,0
3060,2.047138,1
3061,0.649905,0
3062,1.077423,1
3063,2.679689,0
3064,0.33656,0
3065,0.38466,0
3066,2.16021,0
3067,0.158526,0
3068,0.174012,0
3069,2.206477,0
3070,0.219809,1
3071,0.336502,0
3072,0.260027,1
3073,1.5432,1
3074,0.820347,0
3075,0.473506,0
3076,1.272293,1
3077,2.531991,0
3078,0.691898,1
3079,1.164548,0
3080,1.921171,1
3081,1.327901,1
3082,2.376637,1
3083,2.198814,0
3084,0.585817,0
3085,0.906669,1
3086,1.813121,0
3087,1.625384,0
3088,0.492911,1
3089,1.58091,1
3090,5.112937,1
3091,0.63862,1
3092,3.840794,1
3093,2.865052,0
3094,0.625795,1
3095,0.859336,0
3096,0.348991,0
3097,0.377725,1
3098,1.640022,1
3099,4.26776,0
3100,2.765849,0
3101,0.618833,1
3102,1.454479,1
3103,0.145831,1
3104,4.988068,0
3105,1.834841,0
3106,0.876786,1
3107,2.684415,0
3108,3.002825,0
3109,4.597627,0
3110,1.550663,0
3111,0.409603,1
3112,0.873886,0
3113,4.605268,1
3114,0.286142,1
3115,0.925551,0
3116,0.448031,1
3117,0.315388,0
3118,4.378041,1
3119,2.526401,1
3120,2.374261,1
3121,2.944657,0
3122,0.741588,0
3123,2.270184,0
3124,2.289488,1
3125,0.394128,1
3126,1.706131,1
3127,1.399962,0
3128,1.972711,0
3129,0.777313,1
3130,0.803716,1
3131,1.134948,0
3132,1.94799,0
3133,3.49472,1
3134,0.604653,1
3135,0.380503,0
3136,0.46259,1
3137,2.70712,1
3138,3.376073,0
3139,1.23144,1
3140,0.695091,1
3141,0.640756,1
3142,0.239179,1
3143,1.706015,0
3144,0.163626,0
3145,0.152587,1
3146,0.664538,0
3147,1.268788,0
3148,2.971454,1
3149,0.655424,0
3150,4.090846,0
3151,0.359835,0
3152,0.092515,0
3153,0.853061,1
3154,0.440882,0
3155,0.499602,1
3156,0.433843,1
3157,1.316063,1
3158,0.707517,1
3159,1.777442,0
3160,0.623554,1
3161,1.633518,1
3162,1.830339,0
3163,0.253414,1
3164,0.203105,1
3165,1.120337,0
3166,0.490727,1
3167,1.442742,1
3168,1.259526,1
3169,0.781403,0
3170,0.530068,1
3171,0.87481,0
3172,0.800653,1
3173,0.877618,0
3174,0.851121,1
3175,5.723739,0
3176,0.177943,0
3177,1.345719,0
3178,2.381348,0
3179,0.368326,1
3180,0.218507,0
3181,0.367748,0
3182,0.500038,1
3183,1.576114,0
3184,3.642923,1
3185,0.290649,0
3186,0.707521,0
3187,0.875055,1
3188,4.277986,1
3189,0.224233,1
3190,0.183926,1
3191,0.230871,0
3192,1.501291,1
3193,0.541025,1
3194,2.035395,0
3195,2.129626,1
3196,0.282919,1
3197,1.740517,1
3198,0.164497,1
3199,0.286149,0
3200,1.927379,0
3201,0.320907,0
3202,0.242659,1
3203,2.98076,1
3204,0.432558,1
3205,3.162808,1
3206,0.394967,0
3207,1.189507,1
3208,1.226139,1
3209,3.562649,1
3210,0.676706,0
3211,2.772507,0
3212,0.073851,0
3213,0.24207,0
3214,0.903946,1
3215,0.280869,0
3216,0.347388,0
3217,0.123809,0
3218,1.843641,0
3219,0.491575,1
3220,0.273698,1
3221,2.959396,0
3222,0.488611,1
3223,0.569792,0
3224,2.676295,0
3225,2.316228,0
3226,3.413501,0
3227,0.287633,1
3228,0.175878,1
3229,0.182074,1
3230,3.290199,0
3231,0.455445,1
3232,0.429894,0
3233,3.261862,0
3234,0.160441,0
3235,1.279533,1
3236,0.528718,0
3237,1.989387,1
3238,0.393342,0
3239,3.652315,1
3240,0.115734,1
3241,1.949715,0
3242,0.341103,1
3243,0.769617,0
3244,4.455712,0
3245,0.296905,0
3246,2.872823,0
3247,0.395586,1
3248,3.932198,1
3249,0.390702,1
3250,2.896245,0
3251,0.9441,0
3252,0.469445,0
3253,0.529103,0
3254,3.914231,1
3255,0.141077,0
3256,1.584445,0
3257,3.829486,1
3258,0.350112,0
3259,0.503906,1
3260,0.61588,0
3261,0.636834,1
3262,2.126461,0
3263,0.481013,1
3264,0.700572,0
3265,0.539533,1
3266,0.570357,0
3267,0.442382,1
3268,2.981378,1
3269,0.115388,0
3270,1.524637,1
3271,3.320377,1
3272,5.322397,1
3273,1.298085,0
3274,1.92539,1
3275,2.008091,0
3276,4.700142,1
3277,1.123296,0
3278,3.851848,0
3279,2.906713,0
3280,0.283673,1
3281,0.086003,1
3282,0.562021,0
3283,0.707504,0
3284,2.315377,0
3285,3.053357,0
3286,1.849801,0
3287,0.258978,0
3288,1.628489,1
3289,0.842405,1
3290,2.489698,0
3291,3.070109,0
3292,3.465747,1
3293,2.44363,0
3294,0.154185,1
3295,0.265215,1
3296,0.442171,0
3297,0.716812,1
3298,1.319923,0
3299,0.491773,1
3300,3.489701,1
3301,0.255496,1
3302,2.986987,1
3303,2.612864,0
3304,0.602386,1
3305,3.560244,1
3306,0.859846,1
3307,2.77883,0
3308,0.244052,0
3309,0.124567,1
3310,1.637529,1
3311,0.560894,1
3312,0.504897,1
3313,0.353921,1
3314,3.286989,0
3315,0.486882,1
3316,2.669689,1
3317,2.102558,0
3318,2.140614,0
3319,3.080425,1
3320,0.363428,1
3321,4.239919,1
3322,0.874193,0
3323,3.071347,0
3324,2.772156,0
3325,3.832561,1
3326,1.346022,0
3327,1.677386,1
3328,1.766423,0
3329,0.180356,1
3330,2.683803,0
3331,2.623037,0
3332,0.132997,1
3333,1.29436,1
3334,1.667662,0
3335,0.757375,1
3336,3.704506,1
3337,1.092417,0
3338,2.565792,0
3339,0.284222,1
3340,1.73935,1
3341,4.993598,0
3342,3.296324,0
3343,0.258663,1
3344,3.11297,1
3345,2.082164,1
3346,4.108804,1
3347,0.689103,0
3348,3.008415,0
3349,0.366556,0
3350,0.219338,1
3351,1.297784,1
3352,0.590507,0
3353,3.35082,0
3354,1.411684,0
3355,1.830124,0
3356,0.991013,0
3357,3.196033,0
3358,3.834024,1
3359,2.358105,0
3360,1.599975,0
3361,0.484118,1
3362,3.022245,1
3363,0.450115,0
3364,1.529401,1
3365,3.313913,1
3366,2.39967,0
3367,2.661541,1
3368,3.451844,0
3369,2.988308,0
3370,2.521981,0
3371,0.99923,1
3372,0.823711,0
3373,0.809176,0
3374,1.387482,0
3375,0.912902,1
3376,3.839766,1
3377,0.173852,1
3378,2.724074,1
3379,4.243284,1
3380,0.129533,0
3381,0.263672,0
3382,3.719778,1
3383,0.40184,0
3384,2.00345,0
3385,0.262746,0
3386,4.597456,0
3387,2.348786,0
3388,0.830238,1
3389,1.738021,1
3390,3.199228,0
3391,0.658982,0
3392,2.277215,0
3393,0.733478,1
3394,0.36019,0
3395,0.44298,0
3396,0.711941,0
3397,0.324577,0
3398,3.764315,1
3399,0.896709,0
3400,2.306324,0
3401,1.514903,0
3402,4.993016,1
3403,0.465897,1
3404,0.76907,0
3405,0.44167,1
3406,0.167694,1
3407,1.043662,0
3408,2.106863,0
3409,4.384087,1
3410,0.400539,1
3411,2.300698,0
3412,3.899243,1
3413,1.201738,0
3414,1.864847,1
3415,0.33682,1
3416,0.412034,0
3417,2.328678,1
3418,0.284025,1
3419,1.358255,0
3420,0.221054,0
3421,1.156478,0
3422,1.306053,0
3423,2.032687,1
3424,0.73579,0
3425,1.991359,0
3426,3.91981,0
3427,2.232551,0
3428,4.907542,0
3429,0.607536,1
3430,0.144223,0
3431,0.229407,0
3432,1.895207,0
3433,2.782664,0
3434,0.302849,1
3435,3.963027,0
3436,1.368362,0
3437,1.23868,0
3438,0.257243,1
3439,2.316998,0
3440,3.244255,0
3441,1.607103,1
3442,0.757623,1
3443,0.597738,1
3444,0.708534,1
3445,0.224838,0
3446,3.827888,0
3447,0.558073,1
3448,0.465802,1
3449,0.63354,1
3450,0.824025,0
3451,2.289693,0
3452,3.918179,1
3453,1.741688,0
3454,0.282403,1
3455,0.813096,0
3456,1.686377,0
3457,0.606243,1
3458,2.940711,1
3459,0.669247,0
3460,0.251353,0
3461,3.06057,1
3462,3.348713,0
3463,0.430058,0
3464,1.194427,1
3465,2.504977,0
3466,1.015002,1
3467,2.239155,0
3468,2.903815,1
3469,0.473297,0
3470,2.501716,0
3471,4.27442,1
3472,0.126438,1
3473,0.385821,1
3474,3.623709,1
3475,0.576103,1
3476,0.269172,0
3477,1.857553,0
3478,0.444259,0
3479,3.074225,1
3480,2.659844,0
3481,0.217375,1
3482,0.44065,1
3483,4.634329,1
3484,2.734183,0
3485,0.95811,1
3486,1.673368,1
3487,0.456571,1
3488,0.795413,1
3489,0.64652,0
3490,2.468755,0
3491,2.608439,0
3492,2.521082,0
3493,3.265594,0
3494,3.788084,1
3495,0.146715,1
3496,1.027068,0
3497,2.227583,0
3498,2.444072,1
3499,1.034939,1
3500,1.790531,0
3501,3.109082,0
3502,0.16282,1
3503,2.035751,0
3504,0.205574,0
3505,3.217314,0
3506,1.102361,0
3507,0.354622,0
3508,0.689539,1
3509,1.693768,0
3510,2.439134,0
3511,1.619417,1
3512,1.969809,0
3513,0.634269,0
3514,0.12841,1
3515,0.439291,1
3516,1.816748,0
3517,1.015123,0
3518,0.173829,1
3519,2.154974,0
3520,2.398633,0
3521,1.599286,0
3522,3.717664,1
3523,2.60505,1
3524,0.472458,0
3525,0.50485,1
3526,3.547824,0
3527,1.205158,0
3528,3.795661,0
3529,3.959281,1
3530,1.01599,0
3531,0.103752,0
3532,0.210865,1
3533,0.370057,0
3534,0.572336,1
3535,0.187597,1
3536,1.816563,0
3537,0.811675,1
3538,0.383281,1
3539,2.254225,1
3540,0.985403,1
3541,1.821126,0
3542,0.463756,0
3543,4.002068,1
3544,0.873012,1
3545,0.202573,0
3546,0.775513,0
3547,0.665889,1
3548,1.317717,1
3549,3.893429,0
3550,3.733482,0
3551,0.4514,1
3552,2.621076,0
3553,1.228411,0
3554,3.935338,0
3555,1.400496,1
3556,5.561385,1
3557,1.513336,0
3558,0.9033,1
3559,0.953787,0
3560,0.642114,0
3561,0.429113,0
3562,0.497921,1
3563,3.257461,0
3564,0.266195,1
3565,1.22633,0
3566,0.3998,0
3567,0.594754,1
3568,1.257176,1
3569,0.292026,0
3570,0.756957,1
3571,0.12235,0
3572,1.136104,0
3573,0.432111,1
3574,2.789952,0
3575,0.129385,0
3576,0.350286,1
3577,4.721928,0
3578,0.319718,0
3579,2.129939,0
3580,0.258741,1
3581,2.3043,0
3582,2.624471,0
3583,0.206207,1
3584,1.157279,1
3585,0.734042,0
3586,2.388148,0
3587,5.037716,1
3588,1.183054,0
3589,2.639967,1
3590,1.754249,0
3591,0.411945,1
3592,1.471051,0
3593,6.821466,1
3594,0.576047,0
3595,1.806777,0
3596,3.380283,0
3597,2.603859,0
3598,3.995672,1
3599,2.241508,0
3600,0.419777,1
3601,1.595822,0
3602,0.764209,1
3603,3.035105,0
3604,2.69162,1
3605,3.044415,0
3606,0.494671,0
3607,0.169533,0
3608,3.420684,0
3609,1.337048,0
3610,0.785275,0
3611,2.449904,0
3612,0.619689,0
3613,0.904181,1
3614,0.313778,1
3615,0.543744,0
3616,1.145227,0
3617,1.929107,1
3618,3.190424,0
3619,0.244291,0
3620,0.828923,0
3621,0.686824,1
3622,2.768703,1
3623,2.925068,0
3624,2.184107,0
3625,0.353209,0
3626,1.379325,1
3627,3.031106,1
3628,0.851135,1
3629,0.719014,1
3630,0.149144,1
3631,1.764264,0
3632,0.898326,1
3633,0.545447,0
3634,1.837908,0
3635,0.781949,1
3636,2.956536,1
3637,0.300874,0
3638,1.972347,0
3639,5.889683,1
3640,0.278003,1
3641,0.664344,1
3642,0.415616,0
3643,1.688233,1
3644,3.163623,0
3645,0.602324,1
3646,2.179461,0
3647,0.494678,1
3648,1.120391,1
3649,0.829726,0
3650,1.770324,1
3651,1.014782,0
3652,0.887611,1
3653,1.141727,1
3654,0.517052,1
3655,0.559214,1
3656,2.36837,0
3657,2.359155,0
3658,2.410753,1
3659,1.986485,0
3660,3.336017,1
3661,2.248229,0
3662,1.386609,0
3663,2.071183,0
3664,4.392054,1
3665,1.583889,1
3666,0.671505,1
3667,1.85474,0
3668,0.412619,0
3669,1.468975,0
3670,0.203196,0
3671,0.339374,0
3672,0.598284,1
3673,0.887657,1
3674,0.109278,0
3675,0.941174,0
3676,3.008591,0
3677,1.1811,1
3678,3.220637,0
3679,0.19949,1
3680,0.537174,1
3681,0.507627,0
3682,0.140875,0
3683,0.654358,0
3684,0.357167,1
3685,2.154297,0
3686,0.607012,1
3687,2.384463,0
3688,2.502449,0
3689,0.245887,1
3690,0.272877,1
3691,0.992713,0
3692,0.193914,1
3693,0.444804,0
3694,0.403532,0
3695,2.999969,1
3696,0.627325,0
3697,0.370333,1
3698,3.862262,0
3699,1.731277,0
3700,3.875366,0
3701,0.280773,1
3702,0.574763,1
3703,1.732449,0
3704,0.921518,1
3705,0.416397,0
3706,0.10145,1
3707,0.37568,1
3708,2.899538,0
3709,3.842829,1
3710,0.271266,0
3711,1.911237,0
3712,1.091926,0
3713,3.43858,1
3714,2.319979,1
3715,0.437685,1
3716,0.217644,1
3717,3.887878,0
3718,0.289767,0
3719,2.437314,0
3720,1.982362,0
3721,3.350905,0
3722,0.487181,0
3723,0.677924,1
3724,4.99629,1
3725,1.608617,1
3726,3.249451,0
3727,0.619547,0
3728,1.765481,0
3729,2.511533,0
3730,3.432467,1
3731,0.245402,0
3732,0.75444,1
3733,0.189477,1
3734,1.293538,0
3735,2.451193,0
3736,0.367883,0
3737,0.483465,1
3738,2.25161,0
3739,2.344293,1
3740,2.464151,0
3741,1.765636,0
3742,0.180856,0
3743,0.334806,0
3744,1.425364,1
3745,0.676465,1
3746,0.394818,1
3747,0.108485,1
3748,2.957969,0
3749,0.588046,0
3750,0.630592,1
3751,5.062438,1
3752,0.480258,1
3753,0.372705,0
3754,2.324911,1
3755,4.972902,1
3756,3.659184,0
3757,0.494937,0
3758,3.647565,0
3759,0.521007,0
3760,1.718633,0
3761,0.903549,0
3762,2.586729,1
3763,2.59714,0
3764,1.39099,0
3765,3.410861,1
3766,0.221377,1
3767,0.679177,1
3768,0.580995,1
3769,1.511896,1
3770,0.114262,0
3771,2.794686,0
3772,1.25697,0
3773,0.185919,1
3774,2.414809,0
3775,2.734041,0
3776,0.495017,1
3777,0.448071,1
3778,0.137721,0
3779,0.837541,1
3780,0.361614,0
3781,3.259895,1
3782,0.677266,1
3783,3.446497,1
3784,3.119299,0
3785,3.431802,0
3786,1.076637,1
3787,4.135081,0
3788,0.234631,1
3789,2.921949,0
3790,1.384788,1
3791,2.792914,0
3792,3.659321,1
3793,0.81757,1
3794,2.490547,0
3795,2.576035,1
3796,2.478864,0
3797,3.115533,0
3798,0.749676,1
3799,2.329327,0
3800,0.269692,1
3801,1.325334,1
3802,1.607223,1
3803,1.074595,1
3804,1.11016,0
3805,0.215212,1
3806,1.443611,1
3807,0.176663,1
3808,0.477856,1
3809,4.180238,1
3810,1.376709,0
3811,3.516721,0
3812,3.20151,1
3813,2.274655,0
3814,2.198008,1
3815,1.138281,1
3816,0.324201,0
3817,4.286041,1
3818,2.042173,1
3819,2.17825,0
3820,2.403038,0
3821,0.816399,1
3822,0.8898,0
3823,0.547369,1
3824,2.260638,0
3825,0.24153,1
3826,0.275412,0
3827,2.405842,0
3828,4.127466,1
3829,0.748047,1
3830,0.704165,1
3831,1.10346,0
3832,0.48336,1
3833,2.117949,0
3834,1.301865,1
3835,1.795908,1
3836,0.547777,0
3837,4.107522,1
3838,2.522613,0
3839,0.40719,1
3840,0.859661,0
3841,2.76476,1
3842,3.358612,0
3843,0.328815,0
3844,0.538011,1
3845,1.858154,1
3846,0.748697,0
3847,3.529686,0
3848,0.575481,0
3849,2.130012,0
3850,0.576092,0
3851,0.852412,1
3852,0.382555,1
3853,0.375436,1
3854,0.560343,1
3855,3.514517,1
3856,0.721704,1
3857,2.964738,0
3858,0.503339,1
3859,0.541821,0
3860,0.245655,1
3861,0.815205,1
3862,0.440765,0
3863,1.986963,0
3864,1.758662,0
3865,1.981574,0
3866,3.851832,1
3867,3.815068,1
3868,3.913576,0
3869,3.278926,0
3870,0.478912,0
3871,0.129507,1
3872,1.868152,0
3873,4.44431,1
3874,0.438589,0
3875,2.500746,0
3876,0.07666,1
3877,0.243456,1
3878,0.422623,0
3879,1.044058,1
3880,3.313151,0
3881,2.580825,1
3882,0.492699,0
3883,0.707208,1
3884,1.085828,0
3885,3.378046,0
3886,0.373248,1
3887,0.472423,0
3888,2.44395,0
3889,2.232599,0
3890,0.613632,1
3891,0.524233,1
3892,0.884713,0
3893,4.685571,1
3894,1.057314,0
3895,0.079972,0
3896,0.635536,0
3897,0.135639,0
3898,1.468248,0
3899,2.703094,0
3900,0.447954,0
3901,1.252225,1
3902,0.420186,0
3903,3.654749,0
3904,4.042819,1
3905,0.526681,0
3906,0.626829,1
3907,6.308332,1
3908,2.368695,0
3909,0.3556,0
3910,0.78415,0
3911,0.466322,0
3912,1.262395,1
3913,2.015347,0
3914,0.108784,1
3915,0.27399,1
3916,4.324636,1
3917,0.419274,0
3918,0.451251,1
3919,1.206182,0
3920,2.440326,0
3921,0.314921,0
3922,1.570704,1
3923,1.694502,0
3924,4.322286,1
3925,0.850034,1
3926,2.394179,0
3927,3.392372,0
3928,0.234725,1
3929,2.318035,0
3930,2.122331,0
3931,1.201823,0
3932,0.251218,1
3933,0.382657,1
3934,1.292691,1
3935,1.236907,1
3936,0.320954,1
3937,0.264031,1
3938,1.015905,0
3939,2.983834,0
3940,3.077724,1
3941,0.947499,1
3942,0.76088,1
3943,0.285044,1
3944,3.96996,1
3945,3.121512,0
3946,1.771464,1
3947,0.534932,0
3948,0.399513,1
3949,1.987399,0
3950,0.638763,1
3951,0.556592,1
3952,0.422278,0
3953,0.978168,0
3954,2.602515,0
3955,3.424866,0
3956,0.150045,0
3957,0.595769,1
3958,3.472577,1
3959,0.163095,1
3960,3.979624,1
3961,1.606104,0
3962,0.55612,0
3963,3.602863,1
3964,1.667336,1
3965,0.938896,1
3966,0.559481,1
3967,3.347881,1
3968,4.330531,1
3969,2.879777,0
3970,2.357715,0
3971,3.31145,1
3972,2.133063,0
3973,0.770892,1
3974,3.459609,1
3975,0.15147,1
3976,0.107346,0
3977,1.463786,1
3978,2.977233,0
3979,2.327771,0
3980,0.288846,0
3981,3.596493,0
3982,1.258453,0
3983,2.175175,0
3984,5.129058,1
3985,0.382545,0
3986,0.626971,0
3987,4.683401,0
3988,1.694607,0
3989,2.426422,0
3990,1.245975,0
3991,3.527212,0
3992,0.3912,1
3993,0.282994,1
3994,3.447644,0
3995,0.178539,0
3996,4.540082,1
3997,3.483842,1
3998,2.900899,0
3999,2.175077,1
4000,0.66425,1
4001,2.933448,0
4002,0.684071,1
4003,1.132013,1
4004,3.429896,0
4005,0.783974,0
4006,1.121607,1
4007,0.320677,0
4008,0.59246,1
4009,0.508076,0
4010,1.812131,0
4011,0.269348,1
4012,3.68376,1
4013,0.540844,0
4014,0.137555,1
4015,4.30613,0
4016,0.626109,0
4017,0.338362,1
4018,1.210372,0
4019,2.560884,0
4020,2.316634,0
4021,2.738622,1
4022,0.838472,0
4023,1.088917,1
4024,0.605479,1
4025,0.264688,1
4026,0.545838,0
4027,1.001793,1
4028,3.474587,1
4029,0.880972,1
4030,1.643486,1
4031,0.174223,1
4032,1.487841,1
4033,1.372879,0
4034,4.008121,1
4035,1.817873,0
4036,1.86419,1
4037,0.494604,1
4038,0.26847,0
4039,0.232801,1
4040,0.732981,1
4041,1.101812,0
4042,2.012285,0
4043,0.633622,0
4044,0.586045,1
4045,0.300166,1
4046,3.17871,0
4047,0.369737,0
4048,3.549852,1
4049,2.013305,0
4050,0.803015,1
4051,2.649126,0
4052,3.14274,0
4053,4.655831,1
4054,1.839665,0
4055,0.491231,0
4056,2.692904,1
4057,4.35796,1
4058,0.748993,0
4059,0.195939,0
4060,0.358388,1
4061,2.127023,1
4062,2.548584,0
4063,1.205331,1
4064,1.472812,1
4065,1.063889,1
4066,0.446135,1
4067,0.375887,1
4068,1.895622,0
4069,0.310643,0
4070,0.631421,1
4071,2.059061,1
4072,0.625957,1
4073,2.384316,1
4074,0.875027,0
4075,2.31312,0
4076,1.980976,0
4077,2.447282,0
4078,0.267746,0
4079,3.385775,0
4080,0.105375,1
4081,0.092178,0
4082,3.465068,0
4083,0.137539,1
4084,0.234131,1
4085,1.355102,0
4086,0.198525,0
4087,0.579241,0
4088,0.351479,0
4089,0.399875,0
4090,0.54866,1
4091,1.771002,1
4092,0.789943,0
4093,2.840735,0
4094,1.333469,0
4095,2.402434,0
4096,0.421689,0
4097,4.537569,0
4098,2.485104,1
4099,1.390335,1
4100,5.167209,1
4101,2.044059,0
4102,1.118805,1
4103,3.36904,0
4104,3.444254,0
4105,1.282786,0
4106,0.180359,0
4107,4.021357,0
4108,0.247155,0
4109,3.604264,1
4110,0.679141,0
4111,0.484762,0
4112,0.078855,0
4113,0.214011,0
4114,3.274264,0
4115,1.034901,1
4116,3.638741,0
4117,0.244528,0
4118,0.129694,0
4119,1.844646,1
4120,0.420023,0
4121,1.906741,0
4122,0.88708,1
4123,0.467246,1
4124,0.463247,1
4125,4.231783,0
4126,0.310407,0
4127,0.655945,1
4128,4.092856,0
4129,3.463266,1
4130,1.366185,1
4131,1.009378,0
4132,0.214112,0
4133,3.010653,0
4134,0.541634,0
4135,0.160427,0
4136,1.19287,1
4137,1.832826,1
4138,0.4286,1
4139,0.709304,1
4140,3.514931,1
4141,5.194652,0
4142,3.475519,1
4143,1.765584,1
4144,1.651079,0
4145,3.05005,0
4146,1.400294,0
4147,2.563626,0
4148,0.360089,0
4149,0.714837,1
4150,0.387702,0
4151,0.35412,0
4152,1.727134,0
4153,1.532738,1
4154,2.861346,1
4155,3.979702,1
4156,0.248898,1
4157,1.64526,0
4158,0.457383,1
4159,0.227622,0
4160,0.33747,0
4161,0.264246,1
4162,1.323279,1
4163,0.885652,1
4164,0.269859,0
4165,0.360853,0
4166,1.795989,0
4167,4.80242,1
4168,4.068319,1
4169,3.336356,1
4170,2.142666,1
4171,0.216208,0
4172,0.953635,0
4173,3.476785,1
4174,2.083618,0
4175,2.248614,0
4176,0.878638,0
4177,0.262079,1
4178,2.813415,0
4179,2.995392,0
4180,2.966283,0
4181,0.577041,1
4182,2.156018,0
4183,2.335535,0
4184,0.387491,1
4185,2.290558,0
4186,0.808217,0
4187,1.065376,0
4188,0.525944,0
4189,0.527452,1
4190,0.639346,1
4191,1.967467,0
4192,0.663189,1
4193,3.494609,0
4194,2.389428,0
4195,2.459511,1
4196,2.785145,0
4197,0.299551,1
4198,0.113134,0
4199,2.197205,1
4200,3.272294,1
4201,2.954468,0
4202,0.414765,1
4203,1.040571,1
4204,0.638604,0
4205,1.22778,1
4206,2.524318,0
4207,4.120896,0
4208,2.082424,0
4209,0.705724,0
4210,0.975241,0
4211,2.445987,0
4212,0.309455,0
4213,0.701802,1
4214,2.446154,0
4215,0.188597,0
4216,3.422972,0
4217,1.03178,1
4218,2.589243,0
4219,0.262402,0
4220,3.007105,1
4221,4.670379,0
4222,3.111091,1
4223,0.317424,1
4224,0.054999,0
4225,3.083833,0
4226,3.399778,0
4227,0.495177,1
4228,0.869248,0
4229,2.03263,0
4230,3.214561,1
4231,1.281444,0
4232,0.170857,1
4233,4.428977,1
4234,0.810088,1
4235,0.64627,1
4236,0.670818,0
4237,3.472164,0
4238,1.007052,1
4239,0.548615,1
4240,0.220091,1
4241,0.758381,1
4242,3.522916,0
4243,2.356026,0
4244,2.870053,0
4245,1.133968,1
4246,0.367245,1
4247,1.155695,1
4248,1.051256,0
4249,2.821092,1
4250,0.542793,1
4251,2.83447,0
4252,0.251561,1
4253,0.360585,0
4254,0.306174,0
4255,0.60838,0
4256,0.360783,1
4257,1.382985,1
4258,1.353673,0
4259,3.479703,0
4260,3.705602,1
4261,0.546584,1
4262,2.8735,1
4263,0.869259,1
4264,1.762629,0
4265,1.609798,0
4266,0.283712,1
4267,0.639596,1
4268,1.002199,0
4269,1.514719,0
4270,3.929178,1
4271,0.165832,1
4272,3.156673,0
4273,2.378514,0
4274,0.144516,1
4275,2.776388,1
4276,2.890605,0
4277,3.98698,0
4278,1.051777,1
4279,1.155517,1
4280,2.734658,1
4281,1.021379,0
4282,0.566246,1
4283,0.832902,0
4284,2.935358,1
4285,0.762485,0
4286,1.61285,0
4287,0.271364,1
4288,2.544751,1
4289,2.537111,0
4290,1.936087,0
4291,3.178406,0
4292,2.257859,0
4293,0.091765,1
4294,2.773227,0
4295,1.08103,1
4296,0.281752,0
4297,0.310579,1
4298,1.333567,1
4299,3.013149,1
4300,0.830483,1
4301,3.59854,1
4302,2.527194,1
4303,1.445785,0
4304,4.764327,1
4305,3.653767,0
4306,0.453613,0
4307,3.63587,0
4308,0.220265,0
4309,3.460493,0
4310,1.381857,1
4311,2.002353,1
4312,1.988466,0
4313,2.467944,0
4314,0.544099,0
4315,0.807852,1
4316,3.892451,1
4317,5.048309,1
4318,2.212848,0
4319,0.50384,0
4320,0.609183,0
4321,0.635341,1
4322,2.49718,1
4323,2.45373,0
4324,2.100377,1
4325,1.597449,0
4326,0.378856,0
4327,0.48271,1
4328,0.157413,0
4329,2.986583,1
4330,2.640761,1
4331,0.222679,0
4332,1.551219,0
4333,0.313935,0
4334,0.493161,0
4335,3.906841,1
4336,0.150568,1
4337,2.513602,0
4338,1.022024,0
4339,2.27984,0
4340,0.126055,0
4341,0.425026,1
4342,0.746855,0
4343,4.100123,1
4344,0.282587,0
4345,0.247522,0
4346,0.713956,1
4347,3.646129,1
4348,0.285177,1
4349,2.475533,0
4350,2.114177,0
4351,0.307704,1
4352,2.847854,0
4353,2.352834,0
4354,0.852818,0
4355,0.245227,0
4356,2.357553,1
4357,1.395324,1
4358,1.789925,0
4359,1.225981,1
4360,0.606443,0
4361,0.815441,0
4362,3.052931,1
4363,3.909263,1
4364,1.605504,1
4365,1.004468,1
4366,0.725204,0
4367,0.947181,0
4368,3.235373,0
4369,1.294305,0
4370,3.769877,0
4371,0.57477,1
4372,2.4955,0
4373,3.011941,0
4374,0.261245,1
4375,3.668818,1
4376,1.804412,0
4377,4.472443,1
4378,4.582414,0
4379,1.06758,1
4380,0.612678,1
4381,0.146864,0
4382,4.127086,0
4383,0.720137,1
4384,1.572755,0
4385,0.447711,1
4386,2.099393,1
4387,4.770223,1
4388,0.626304,1
4389,1.939229,0
4390,0.248312,0
4391,2.621114,0
4392,0.354235,1
4393,0.336427,0
4394,1.238723,0
4395,0.987436,1
4396,0.173646,1
4397,4.663181,1
4398,4.25371,0
4399,2.606114,1
4400,1.119655,0
4401,1.224434,1
4402,0.625098,0
4403,0.141084,1
4404,3.700691,0
4405,2.777608,0
4406,0.294591,1
4407,4.113098,1
4408,2.883831,1
4409,0.215641,0
4410,1.071268,0
4411,2.114509,0
4412,4.70097,0
4413,1.2844,0
4414,1.425694,0
4415,0.908596,1
4416,1.552973,0
4417,0.544291,1
4418,2.099475,0
4419,2.732079,0
4420,0.648102,1
4421,0.337704,1
4422,1.568945,0
4423,0.907476,1
4424,2.58885,0
4425,1.781149,0
4426,0.505486,0
4427,0.276724,1
4428,0.827288,1
4429,0.339281,1
4430,3.069387,0
4431,0.686268,1
4432,0.397074,0
4433,1.015098,1
4434,0.353422,1
4435,0.314136,0
4436,1.030328,1
4437,0.472476,0
4438,0.202149,0
4439,0.195174,0
4440,0.42358,0
4441,0.301251,0
4442,2.703616,0
4443,0.227121,0
4444,0.932335,0
4445,0.256217,0
4446,3.243844,1
4447,2.184768,0
4448,0.441251,0
4449,4.153668,0
4450,0.407558,0
4451,2.188042,0
4452,1.412679,0
4453,1.883413,1
4454,3.940299,1
4455,3.130306,1
4456,0.276767,0
4457,0.702628,0
4458,2.435346,0
4459,0.359952,1
4460,1.22687,0
4461,0.652963,0
4462,0.149806,0
4463,1.087543,0
4464,0.327821,1
4465,2.336067,0
4466,1.016084,1
4467,2.209699,0
4468,1.255329,1
4469,3.996835,0
4470,3.052435,0
4471,0.786465,0
4472,3.154351,1
4473,2.55306,1
4474,0.587763,0
4475,0.090065,0
4476,1.793765,0
4477,3.089019,1
4478,0.798592,1
4479,1.070179,0
4480,0.592111,1
4481,1.607089,0
4482,0.266409,1
4483,2.915937,1
4484,0.452266,1
4485,2.153569,0
4486,0.369672,1
4487,0.108873,1
4488,3.312345,0
4489,2.559834,1
4490,0.401508,1
4491,3.94965,1
4492,2.373674,1
4493,5.374272,1
4494,1.9316,1
4495,0.427532,1
4496,3.319227,1
4497,0.730437,0
4498,2.896694,0
4499,0.86474,1
4500,0.492898,0
4501,0.879917,0
4502,0.926279,0
4503,3.476218,1
4504,0.875939,1
4505,3.435665,1
4506,1.159693,0
4507,2.113518,0
4508,2.207914,0
4509,2.202982,1
4510,1.956393,1
4511,0.209325,0
4512,0.400567,0
4513,0.495767,1
4514,0.279406,1
4515,0.874576,0
4516,1.871145,0
4517,0.548453,0
4518,0.364283,0
4519,4.700433,1
4520,0.615551,0
4521,0.183686,1
4522,1.502354,0
4523,2.371651,0
4524,1.895982,0
4525,0.648707,0
4526,1.575652,0
4527,2.441166,0
4528,1.3681,0
4529,2.871433,1
4530,0.296103,0
4531,0.458037,1
4532,0.614837,0
4533,1.162704,0
4534,0.672902,1
4535,2.740496,0
4536,2.136609,0
4537,1.829623,1
4538,1.011136,1
4539,2.19696,0
4540,3.290634,1
4541,3.465757,0
4542,1.149054,1
4543,1.03028,1
4544,2.66072,0
4545,1.852174,0
4546,0.237092,0
4547,0.186079,1
4548,1.205764,1
4549,0.195946,0
4550,1.654394,0
4551,0.490726,1
4552,0.203697,0
4553,0.121665,0
4554,0.137474,1
4555,0.869568,1
4556,4.152098,1
4557,0.551814,1
4558,2.41984,1
4559,1.371329,1
4560,0.3211,1
4561,1.992841,0
4562,3.404026,1
4563,0.214664,1
4564,2.934674,0
4565,0.607662,1
4566,3.476409,1
4567,0.705092,1
4568,0.144634,1
4569,5.812394,0
4570,1.407298,1
4571,1.415653,0
4572,1.016516,0
4573,3.419442,1
4574,0.656667,1
4575,3.069256,0
4576,1.57561,1
4577,2.754427,0
4578,3.822173,1
4579,2.087493,0
4580,0.481721,1
4581,1.920748,1
4582,2.055638,1
4583,0.509186,0
4584,0.652787,0
4585,0.660524,1
4586,0.687846,1
4587,0.309161,0
4588,3.161022,1
4589,0.491556,0
4590,0.768923,0
4591,2.46241,1
4592,0.459526,0
4593,0.804023,0
4594,2.039347,1
4595,1.242399,0
4596,1.710727,1
4597,0.849553,1
4598,0.575156,0
4599,0.737367,0
4600,1.945442,0
4601,1.226047,0
4602,0.383852,1
4603,0.574006,1
4604,0.541193,0
4605,0.422771,0
4606,4.387666,1
4607,1.849852,0
4608,0.268884,0
4609,3.474612,1
4610,0.433657,1
4611,0.301386,1
4612,3.019299,0
4613,0.41531,0
4614,0.580578,1
4615,2.038769,1
4616,0.436778,0
4617,0.414948,0
4618,4.965628,1
4619,0.437927,1
4620,2.283543,1
4621,0.468601,0
4622,0.335276,0
4623,0.910783,0
4624,1.045371,0
4625,1.250466,1
4626,1.775872,1
4627,2.434641,0
4628,2.754986,0
4629,2.578866,0
4630,0.482891,0
4631,2.702545,1
4632,0.895687,1
4633,0.698647,0
4634,0.483503,1
4635,0.513358,0
4636,4.947023,1
4637,4.31788,1
4638,1.651127,1
4639,1.119518,1
4640,0.999854,0
4641,0.819777,1
4642,5.267407,1
4643,0.721528,0
4644,0.717015,1
4645,2.173395,0
4646,3.953201,1
4647,0.267816,0
4648,4.657997,0
4649,1.632957,0
4650,0.233145,0
4651,0.65879,1
4652,0.238707,0
4653,0.840598,1
4654,0.23839,1
4655,0.310456,1
4656,2.138847,0
4657,1.781027,0
4658,3.353667,1
4659,0.197642,0
4660,3.083748,1
4661,1.871458,0
4662,0.585546,1
4663,0.26776,1
4664,1.181816,1
4665,0.302321,0
4666,0.231497,0
4667,0.522953,1
4668,0.570622,1
4669,0.612124,0
4670,0.14271,0
4671,4.392574,1
4672,2.908259,0
4673,3.466572,0
4674,0.450317,0
4675,0.60671,1
4676,4.75473,1
4677,0.517871,0
4678,0.990574,0
4679,2.110617,1
4680,2.393808,0
4681,0.715138,1
4682,0.778456,1
4683,0.354979,0
4684,3.826903,1
4685,0.639424,1
4686,3.51436,1
4687,2.02633,1
4688,3.738302,0
4689,0.179709,1
4690,0.354597,1
4691,1.828837,1
4692,1.925812,0
4693,0.410728,0
4694,2.582659,0
4695,0.696286,0
4696,2.484131,0
4697,0.871981,0
4698,2.793232,0
4699,0.134262,1
4700,0.380471,0
4701,2.84802,0
4702,0.931396,0
4703,1.109939,1
4704,4.127691,1
4705,0.482453,1
4706,0.363747,1
4707,1.654371,1
4708,0.116261,1
4709,0.679701,0
4710,1.208218,0
4711,3.554102,1
4712,2.591576,0
4713,4.404436,1
4714,2.28375,0
4715,0.655273,1
4716,2.859315,1
4717,0.623181,1
4718,0.417515,1
4719,3.767786,0
4720,2.41444,0
4721,0.066226,0
4722,3.111111,0
4723,0.347886,1
4724,2.633884,0
4725,4.337935,1
4726,4.252425,1
4727,2.84396,0
4728,0.51997,1
4729,0.414943,0
4730,2.196971,1
4731,3.267648,0
4732,0.503162,0
4733,0.201012,0
4734,0.363743,1
4735,5.156758,1
4736,3.143609,0
4737,2.199777,0
4738,1.188011,1
4739,0.545057,0
4740,0.698601,1
4741,0.121439,0
4742,2.824001,1
4743,0.879116,1
4744,0.713298,1
4745,2.42053,0
4746,0.909834,1
4747,0.160739,1
4748,0.721218,1
4749,1.494299,0
4750,1.173378,0
4751,3.009457,1
4752,1.796245,1
4753,3.492507,0
4754,2.914396,1
4755,2.115974,0
4756,0.37467,0
4757,0.444643,0
4758,1.197831,1
4759,0.353738,1
4760,3.966151,1
4761,3.325132,1
4762,0.242578,1
4763,1.006281,1
4764,0.522853,1
4765,0.219591,0
4766,2.740156,0
4767,0.086245,1
4768,2.057823,1
4769,1.02698,0
4770,2.899734,0
4771,0.397152,1
4772,0.235925,0
4773,3.47739,1
4774,0.333669,0
4775,0.962018,0
4776,3.544873,0
4777,3.652034,1
4778,2.316265,0
4779,0.892022,1
4780,0.400874,1
4781,0.576698,0
4782,3.221975,0
4783,0.331921,1
4784,0.128676,1
4785,0.380239,1
4786,2.815356,0
4787,0.959333,0
4788,3.358024,0
4789,0.419294,1
4790,1.745448,1
4791,0.665754,0
4792,0.195048,1
4793,0.949131,1
4794,4.570738,0
4795,0.718727,1
4796,1.465189,0
4797,0.804897,0
4798,1.55917,0
4799,0.109347,1
4800,0.950968,1
4801,3.15515,1
4802,0.830973,0
4803,0.447144,1
4804,1.850873,0
4805,4.054349,1
4806,0.31775,0
4807,2.783653,0
4808,3.347039,1
4809,0.610566,1
4810,0.774231,1
4811,4.175523,1
4812,1.244471,0
4813,2.727179,1
4814,2.240283,0
4815,3.43344,1
4816,1.886018,0
4817,0.202856,0
4818,0.587903,0
4819,0.715974,0
4820,0.719139,1
4821,2.534665,0
4822,2.858939,0
4823,0.367373,1
4824,1.788688,0
4825,2.298246,1
4826,5.279204,1
4827,1.008601,0
4828,2.99579,1
4829,1.557347,1
4830,0.645364,0
4831,0.847514,1
4832,0.270572,1
4833,2.969085,1
4834,0.201297,0
4835,1.102365,0
4836,0.569875,1
4837,0.989033,0
4838,0.399163,0
4839,0.174296,0
4840,0.752959,1
4841,3.255344,0
4842,4.222099,0
4843,0.483197,1
4844,3.944566,0
4845,0.265959,1
4846,2.22857,0
4847,3.918793,1
4848,0.3813,1
4849,0.351482,1
4850,3.966588,1
4851,0.941144,1
4852,4.917954,0
4853,0.717017,1
4854,0.746683,0
4855,2.973552,1
4856,1.749227,0
4857,0.726818,1
4858,0.085176,0
4859,0.676412,0
4860,1.160979,1
4861,2.437071,0
4862,0.362689,1
4863,0.132651,1
4864,2.722357,1
4865,0.964203,1
4866,0.149791,0
4867,4.111322,1
4868,1.747251,1
4869,1.339416,0
4870,3.014476,0
4871,5.583777,1
4872,3.515719,0
4873,3.022551,0
4874,2.588159,1
4875,2.733753,0
4876,0.210455,1
4877,3.08182,1
4878,3.834257,0
4879,1.186246,1
4880,0.622757,1
4881,0.246636,1
4882,2.643195,0
4883,5.747708,1
4884,1.635734,0
4885,0.427613,1
4886,0.370588,0
4887,1.008928,0
4888,1.198159,1
4889,3.167458,1
4890,1.978315,1
4891,2.997788,1
4892,0.988089,1
4893,2.387102,0
4894,3.814933,0
4895,1.908877,1
4896,0.151406,0
4897,0.970324,1
4898,2.961215,0
4899,3.200958,0
4900,0.87164,0
4901,0.110977,0
4902,1.621912,1
4903,0.599819,1
4904,0.285193,1
4905,0.163555,1
4906,2.15845,0
4907,1.167812,1
4908,0.825767,0
4909,0.516371,0
4910,1.082075,0
4911,0.419659,1
4912,0.15938,0
4913,0.846405,1
4914,1.860477,0
4915,2.109257,0
4916,0.286285,0
4917,0.287139,0
4918,3.573502,0
4919,2.236038,0
4920,0.278664,1
4921,0.157783,0
4922,1.319205,1
4923,3.755386,0
4924,3.499284,1
4925,1.148015,0
4926,0.155947,0
4927,2.756236,0
4928,0.462142,1
4929,2.364007,0
4930,3.003052,0
4931,0.412405,0
4932,1.184051,0
4933,1.674966,1
4934,0.595436,0
4935,2.801536,0
4936,4.113001,1
4937,2.498696,0
4938,4.18607,0
4939,0.785579,0
4940,0.859714,0
4941,0.395227,1
4942,0.661082,1
4943,1.776892,1
4944,0.54137,1
4945,3.194536,0
4946,0.252734,0
4947,4.465534,1
4948,0.168369,1
4949,0.856946,0
4950,1.916037,1
4951,0.454562,0
4952,0.23109,0
4953,0.255415,0
4954,0.858853,0
4955,1.377217,0
4956,0.127477,1
4957,1.710339,0
4958,0.330188,1
4959,3.106544,1
4960,0.214425,1
4961,3.410879,1
4962,0.297541,1
4963,0.652396,1
4964,1.134907,1
4965,2.208491,1
4966,1.367607,0
4967,0.407895,1
4968,1.780734,1
4969,0.382151,1
4970,0.888193,0
4971,0.600992,1
4972,0.586323,1
4973,1.823113,0
4974,0.276868,1
4975,0.646588,0
4976,2.510937,1
4977,0.150732,0
4978,3.467358,0
4979,2.846122,0
4980,0.140949,1
4981,1.139851,1
4982,0.701132,1
4983,3.507564,0
4984,0.301528,1
4985,3.646923,0
4986,1.73909,0
4987,2.550035,1
4988,0.967535,0
4989,0.209509,1
4990,1.14303,0
4991,0.700954,0
4992,0.598927,1
4993,1.084046,1
4994,1.827561,0
4995,0.298624,0
4996,2.797204,1
4997,1.533615,0
4998,2.194295,1
4999,2.773579,0
5000,2.836361,1
5001,2.617255,0
5002,3.20239,1
5003,3.581593,0
5004,4.226208,0
5005,0.222396,0
5006,2.897115,1
5007,0.941767,0
5008,2.446491,0
5009,3.642049,0
5010,3.998147,1
5011,0.18005,1
5012,3.070522,1
5013,0.084126,0
5014,0.839119,1
5015,0.757563,0
5016,0.521288,0
5017,0.127296,0
5018,3.915596,0
5019,1.330752,0
5020,0.180659,1
5021,1.84657,0
5022,0.129809,0
5023,1.59789,1
5024,1.483222,0
5025,0.147541,0
5026,0.477324,1
5027,1.194324,0
5028,1.755727,1
5029,1.234372,1
5030,2.837269,0
5031,3.684819,0
5032,1.695309,0
5033,1.660192,0
5034,3.798545,0
5035,0.121528,1
5036,0.574566,0
5037,0.583499,0
5038,0.448823,0
5039,0.373452,1
5040,0.310319,0
5041,3.236101,0
5042,0.189609,0
5043,0.616502,0
5044,0.466886,1
5045,0.321396,0
5046,0.306342,0
5047,1.867467,0
5048,1.290817,1
5049,1.056582,0
5050,3.702451,1
5051,0.265488,0
5052,2.394997,0
5053,2.296693,0
5054,0.152201,1
5055,3.141555,0
5056,1.056907,0
5057,4.697914,1
5058,4.063224,1
5059,0.801131,1
5060,1.386493,1
5061,2.056591,0
5062,1.122455,1
5063,1.85548,1
5064,2.669263,0
5065,2.990988,0
5066,1.260989,0
5067,1.337345,0
5068,2.28986,1
5069,2.724243,0
5070,0.747238,1
5071,0.447761,0
5072,3.021282,0
5073,0.884648,1
5074,2.222648,0
5075,0.295393,1
5076,1.106227,1
5077,0.940052,0
5078,0.590781,1
5079,0.119457,1
5080,0.670611,1
5081,0.444517,1
5082,1.895402,1
5083,4.205554,0
5084,0.806958,0
5085,0.391249,1
5086,3.867924,1
5087,0.351513,0
5088,4.979371,1
5089,3.418443,1
5090,0.346618,1
5091,1.053669,1
5092,0.220395,0
5093,1.259324,0
5094,2.157104,0
5095,2.995211,0
5096,2.004495,0
5097,0.788011,0
5098,0.121606,0
5099,2.468624,0
5100,0.174476,1
5101,0.197654,1
5102,2.190214,1
5103,0.427449,0
5104,3.314903,1
5105,0.179735,1
5106,2.95628,0
5107,2.232252,0
5108,1.143466,0
5109,2.149404,0
5110,1.082143,1
5111,1.356712,0
5112,4.476167,0
5113,4.75388,1
5114,0.269327,0
5115,2.008208,0
5116,2.501621,1
5117,1.677485,0
5118,1.839274,0
5119,3.043108,0
5120,2.57515,0
5121,1.495215,0
5122,0.242588,0
5123,1.282898,0
5124,1.205989,1
5125,0.354517,1
5126,1.99247,0
5127,3.246487,0
5128,2.293283,0
5129,0.222727,1
5130,4.403245,0
5131,0.964732,0
5132,0.140891,0
5133,0.121823,0
5134,4.948556,1
5135,0.315367,1
5136,3.061363,1
5137,5.062991,1
5138,3.979514,1
5139,2.153402,1
5140,0.315842,1
5141,1.350793,1
5142,0.284504,1
5143,0.495601,1
5144,0.436649,1
5145,0.215862,0
5146,5.155265,1
5147,1.703215,0
5148,2.292586,0
5149,2.651598,0
5150,0.671935,0
5151,0.252859,1
5152,3.210496,0
5153,3.264665,0
5154,0.262692,0
5155,0.792546,0
5156,0.419507,1
5157,0.479589,0
5158,0.471375,0
5159,0.275792,1
5160,0.191999,0
5161,2.896875,1
5162,0.425061,1
5163,0.225662,1
5164,0.33663,1
5165,2.215067,0
5166,0.625976,0
5167,0.956327,1
5168,1.211098,0
5169,0.349273,1
5170,0.439191,1
5171,0.324992,0
5172,1.30347,1
5173,3.422014,1
5174,0.194831,1
5175,1.870024,0
5176,0.420404,0
5177,3.167356,0
5178,2.41668,0
5179,0.325879,0
5180,4.040179,0
5181,0.225242,0
5182,4.215672,1
5183,4.293315,1
5184,0.99836,0
5185,0.458629,0
5186,0.506436,0
5187,1.802512,0
5188,0.226749,1
5189,2.808362,0
5190,0.42781,1
5191,3.679405,1
5192,2.053034,0
5193,2.908059,1
5194,0.910919,0
5195,1.865597,0
5196,0.532332,0
5197,0.580273,0
5198,0.496011,1
5199,2.714267,0
5200,3.238414,1
5201,0.929884,1
5202,0.420122,0
5203,1.570518,0
5204,0.212509,1
5205,0.149778,0
5206,1.444285,1
5207,0.614623,0
5208,1.582598,1
5209,1.168061,0
5210,2.453783,0
5211,0.233717,0
5212,0.816105,1
5213,4.80927,1
5214,2.783055,0
5215,1.051334,1
5216,0.288858,1
5217,0.153349,1
5218,0.583328,0
5219,0.232632,0
5220,0.605164,0
5221,0.262942,0
5222,0.102474,1
5223,0.194447,1
5224,1.112312,1
5225,0.446693,0
5226,2.967574,0
5227,0.540704,1
5228,0.250677,0
5229,2.237739,0
5230,0.506677,0
5231,4.474297,1
5232,0.982606,1
5233,0.792369,0
5234,3.168176,0
5235,0.557564,1
5236,0.649882,0
5237,0.115126,1
5238,0.842505,1
5239,3.734732,1
5240,3.229462,0
5241,1.596049,0
5242,1.548921,0
5243,0.579347,0
5244,2.264814,1
5245,4.361947,1
5246,0.283841,1
5247,0.190375,0
5248,0.673295,1
5249,2.567973,1
5250,2.27241,0
5251,3.563668,0
5252,0.427184,1
5253,0.201725,0
5254,0.979235,1
5255,2.948048,1
5256,2.624823,1
5257,0.092765,0
5258,0.217484,0
5259,3.494967,1
5260,0.252186,0
5261,0.680996,0
5262,0.851171,1
5263,2.199811,0
5264,2.678872,0
5265,0.622603,1
5266,1.789957,0
5267,3.069153,1
5268,2.328689,0
5269,1.393096,1
5270,0.431031,1
5271,0.85669,0
5272,0.618291,1
5273,2.035947,0
5274,2.340643,0
5275,2.31721,1
5276,2.307252,0
5277,3.441948,1
5278,0.324107,1
5279,0.107343,1
5280,0.693521,1
5281,1.388525,1
5282,0.348653,0
5283,3.569079,0
5284,3.308773,0
5285,0.399916,0
5286,0.638744,1
5287,0.365518,1
5288,1.335485,1
5289,1.84355,0
5290,5.021047,1
5291,1.57225,1
5292,2.63712,1
5293,0.164216,1
5294,0.895762,1
5295,1.927329,0
5296,2.949635,0
5297,0.741182,1
5298,2.823156,0
5299,0.22845,1
5300,1.155434,0
5301,0.184494,1
5302,1.015553,1
5303,0.134489,0
5304,0.342246,0
5305,0.744817,0
5306,1.354249,0
5307,1.464412,0
5308,2.577362,0
5309,3.344988,0
5310,0.321336,1
5311,0.61208,1
5312,2.303204,0
5313,0.749433,0
5314,1.030641,0
5315,2.721665,1
5316,0.158849,1
5317,0.749768,0
5318,2.372635,1
5319,0.36784,1
5320,0.525248,0
5321,5.007701,0
5322,0.269671,0
5323,0.950391,0
5324,0.502828,1
5325,3.619539,1
5326,3.652149,0
5327,2.944686,0
5328,3.398875,0
5329,1.175722,1
5330,0.876857,1
5331,3.33632,0
5332,0.167876,1
5333,0.660063,1
5334,2.611069,1
5335,3.624358,1
5336,0.842374,0
5337,1.329707,0
5338,1.943474,0
5339,0.522078,0
5340,1.665229,0
5341,0.222384,1
5342,0.361932,1
5343,0.775923,1
5344,3.461375,0
5345,1.93382,0
5346,3.11585,1
5347,3.624591,0
5348,0.833754,0
5349,0.494492,1
5350,3.559546,1
5351,1.368406,0
5352,0.128241,1
5353,0.251911,1
5354,3.504363,0
5355,0.484254,1
5356,2.365477,0
5357,1.397588,0
5358,0.156904,1
5359,3.307752,1
5360,0.690629,1
5361,3.234995,0
5362,0.480001,1
5363,0.31916,1
5364,2.312665,0
5365,0.676571,1
5366,4.687602,1
5367,0.114647,0
5368,0.469068,1
5369,4.451053,1
5370,2.511507,1
5371,2.300095,0
5372,1.295619,0
5373,3.972757,1
5374,0.293147,1
5375,0.504207,0
5376,3.342405,0
5377,0.621751,1
5378,1.548612,1
5379,0.199171,1
5380,3.419937,0
5381,2.182077,0
5382,3.486696,0
5383,1.444616,1
5384,1.15498,0
5385,0.168649,0
5386,1.776114,1
5387,0.665054,0
5388,0.573735,0
5389,0.478073,1
5390,2.754331,0
5391,1.966742,1
5392,0.70725,1
5393,0.600128,0
5394,1.669892,1
5395,2.2012,0
5396,2.754128,0
5397,1.190413,0
5398,0.082134,0
5399,3.925871,1
5400,2.853263,0
5401,2.891654,1
5402,3.088965,1
5403,2.623075,0
5404,1.391518,0
5405,4.558558,1
5406,3.182197,0
5407,0.487301,0
5408,2.563374,0
5409,0.155232,1
5410,1.609805,1
5411,1.648173,0
5412,2.349649,0
5413,0.75962,1
5414,2.351299,0
5415,3.057487,0
5416,1.104546,1
5417,3.086539,0
5418,0.108922,1
5419,0.631765,0
5420,0.521828,1
5421,0.972631,0
5422,0.128264,0
5423,1.35681,1
5424,0.444025,1
5425,3.634971,0
5426,1.136913,1
5427,0.433275,0
5428,0.295735,1
5429,0.573938,1
5430,0.337707,0
5431,0.563398,0
5432,0.807302,1
5433,0.181135,0
5434,0.31049,1
5435,0.195328,0
5436,3.282179,0
5437,1.466789,1
5438,0.36857,1
5439,0.369388,1
5440,0.965922,0
5441,2.545133,0
5442,0.390357,1
5443,0.32304,1
5444,0.401546,1
5445,2.155244,0
5446,0.535261,1
5447,2.513207,0
5448,0.451544,0
5449,4.639396,1
5450,1.084794,0
5451,4.330722,1
5452,0.223223,0
5453,0.792243,1
5454,1.694699,1
5455,4.112761,0
5456,1.671214,1
5457,0.709334,1
5458,0.460684,0
5459,0.935796,1
5460,4.362839,1
5461,0.744582,0
5462,0.569662,0
5463,0.398424,0
5464,3.328503,1
5465,0.399839,1
5466,0.697389,0
5467,0.635442,0
5468,1.332306,0
5469,1.148097,1
5470,3.859837,0
5471,3.389205,0
5472,1.362786,0
5473,2.833381,0
5474,3.139431,0
5475,0.89942,1
5476,0.658489,0
5477,0.210622,0
5478,0.323378,1
5479,1.934305,0
5480,2.743048,0
5481,2.740689,1
5482,0.307688,0
5483,0.740386,0
5484,0.52646,0
5485,2.619519,1
5486,0.736417,1
5487,1.867814,0
5488,0.106967,1
5489,3.35278,0
5490,2.241257,0
5491,0.702239,0
5492,0.614534,1
5493,0.648389,1
5494,1.34009,0
5495,0.769454,1
5496,1.100143,1
5497,0.829731,1
5498,0.642091,0
5499,0.70601,1
5500,2.775904,1
5501,3.397998,1
5502,3.989251,0
5503,0.563169,1
5504,3.303143,1
5505,2.03793,0
5506,3.190982,0
5507,0.646094,1
5508,0.668362,1
5509,0.181515,0
5510,1.779725,1
5511,2.901095,0
5512,1.068689,1
5513,0.618731,1
5514,3.53486,0
5515,2.826806,0
5516,0.203036,1
5517,0.285402,1
5518,0.797175,1
5519,2.506375,0
5520,0.128469,0
5521,0.155424,0
5522,2.907097,1
5523,0.491987,1
5524,3.015549,0
5525,4.355764,1
5526,3.095551,0
5527,0.698831,1
5528,0.455891,1
5529,0.717599,0
5530,2.876942,1
5531,2.277767,0
5532,2.112102,1
5533,0.472599,1
5534,2.414281,1
5535,0.423769,1
5536,3.563643,0
5537,0.824362,1
5538,2.378524,0
5539,3.076745,0
5540,1.066426,0
5541,2.140399,0
5542,2.807855,0
5543,3.675942,0
5544,3.262823,1
5545,2.595035,1
5546,1.490012,0
5547,1.807928,0
5548,2.234399,0
5549,0.296107,0
5550,0.36389,0
5551,1.012976,0
5552,0.400748,0
5553,0.594402,1
5554,0.585778,0
5555,2.225538,0
5556,3.260883,1
5557,0.625258,0
5558,1.319451,1
5559,0.188306,1
5560,3.216057,0
5561,2.576962,0
5562,0.134968,0
5563,1.789289,0
5564,4.92944,1
5565,0.86411,0
5566,2.279497,0
5567,0.792261,1
5568,2.821408,0
5569,2.968081,1
5570,2.009825,1
5571,0.157047,0
5572,0.445763,1
5573,5.149425,0
5574,0.650145,1
5575,0.712142,1
5576,0.763057,0
5577,0.750021,1
5578,3.447507,1
5579,1.961503,0
5580,4.889095,1
5581,0.521994,1
5582,3.393929,0
5583,5.230596,1
5584,0.952742,0
5585,1.47779,0
5586,4.753287,0
5587,2.558045,0
5588,3.410914,0
5589,2.750514,0
5590,0.990274,1
5591,2.699083,0
5592,0.519482,1
5593,2.57666,1
5594,0.244692,0
5595,0.847551,0
5596,1.950635,1
5597,2.378917,1
5598,0.154905,0
5599,2.701793,0
5600,3.522826,0
5601,0.789434,1
5602,1.972564,1
5603,0.156132,1
5604,0.913843,0
5605,2.944251,0
5606,3.558413,1
5607,0.298783,1
5608,5.029598,1
5609,0.266924,0
5610,1.049255,0
5611,4.248068,1
5612,2.542272,0
5613,0.767,1
5614,4.074056,1
5615,0.298907,1
5616,1.16522,0
5617,4.403131,1
5618,1.170524,0
5619,1.948301,0
5620,4.810556,1
5621,1.460876,0
5622,1.757377,1
5623,2.513614,1
5624,3.150326,0
5625,3.181643,0
5626,2.444636,0
5627,0.325355,1
5628,0.933727,1
5629,4.392341,0
5630,2.742152,0
5631,3.00849,0
5632,0.897248,1
5633,1.377365,1
5634,0.291492,0
5635,0.164786,0
5636,0.468834,0
5637,0.349972,1
5638,0.78234,1
5639,6.348669,1
5640,2.709975,1
5641,0.175258,1
5642,0.725253,1
5643,0.116618,0
5644,0.949809,1
5645,2.396882,0
5646,2.33987,0
5647,0.417193,1
5648,0.805206,1
5649,0.425348,1
5650,4.053093,0
5651,0.077644,0
5652,3.773079,1
5653,0.928739,1
5654,4.600949,0
5655,4.596451,1
5656,0.227414,1
5657,2.62391,1
5658,0.115084,1
5659,3.239928,1
5660,4.578755,1
5661,1.635859,1
5662,2.400498,1
5663,3.378705,0
5664,1.107186,0
5665,3.163876,1
5666,1.060222,0
5667,1.746711,1
5668,0.801129,0
5669,3.608126,0
5670,0.924691,0
5671,2.971744,1
5672,2.760545,0
5673,1.637094,0
5674,3.510884,1
5675,3.805906,0
5676,2.19884,0
5677,0.940649,1
5678,1.091471,1
5679,0.178121,0
5680,1.111026,1
5681,2.805963,1
5682,0.846683,1
5683,0.388255,1
5684,2.728544,1
5685,3.020617,1
5686,2.267985,0
5687,0.470405,1
5688,2.840979,0
5689,2.26791,0
5690,1.052595,0
5691,4.312297,1
5692,3.8756,1
5693,0.632334,1
5694,5.385356,1
5695,1.425143,0
5696,0.3829,1
5697,0.153506,1
5698,0.801173,0
5699,2.641782,0
5700,1.704624,0
5701,0.305256,0
5702,0.2756,1
5703,5.73854,1
5704,0.452622,1
5705,0.554536,0
5706,2.847805,0
5707,1.140514,0
5708,0.222477,1
5709,0.178714,0
5710,0.503663,1
5711,0.113197,0
5712,1.090778,1
5713,1.699295,1
5714,1.380727,1
5715,1.443956,0
5716,2.411796,1
5717,2.000999,0
5718,3.598579,1
5719,1.712345,1
5720,0.142689,0
5721,1.976892,0
5722,1.917699,1
5723,1.188178,1
5724,2.156012,0
5725,2.522946,0
5726,0.374418,0
5727,1.851626,0
5728,0.793311,0
5729,0.247677,0
5730,2.611054,0
5731,0.677828,1
5732,4.647277,1
5733,0.312276,0
5734,2.625574,1
5735,3.216263,0
5736,1.834513,0
5737,0.371421,0
5738,0.288912,1
5739,0.12993,1
5740,0.729805,1
5741,2.397435,0
5742,0.181662,0
5743,2.06603,1
5744,4.302251,1
5745,2.031782,0
5746,2.572715,1
5747,3.234426,1
5748,2.167881,1
5749,1.710372,0
5750,0.08484,1
5751,0.794059,1
5752,1.386054,0
5753,2.831816,0
5754,0.433108,0
5755,0.446186,0
5756,0.392979,1
5757,1.386248,0
5758,0.73544,0
5759,0.42282,0
5760,1.539477,0
5761,0.289739,1
5762,0.169884,0
5763,1.616767,1
5764,0.256675,1
5765,2.897268,1
5766,0.64008,1
5767,0.392605,1
5768,3.176404,0
5769,5.085041,0
5770,2.233286,0
5771,0.217625,1
5772,2.615168,0
5773,0.659474,1
5774,0.966198,0
5775,0.688877,0
5776,2.075058,0
5777,0.449194,1
5778,0.375433,1
5779,2.812337,0
5780,1.165535,0
5781,4.8761,0
5782,0.902858,0
5783,0.671413,1
5784,1.046823,0
5785,0.268376,1
5786,0.718376,0
5787,2.830446,1
5788,0.320933,1
5789,0.522471,1
5790,0.131121,0
5791,2.425946,0
5792,3.119616,1
5793,0.13092,0
5794,0.1215,1
5795,4.951874,0
5796,0.461352,1
5797,4.944981,0
5798,1.258011,1
5799,1.557687,0
5800,0.410193,1
5801,1.424406,0
5802,3.271507,0
5803,2.598037,0
5804,0.559153,0
5805,3.885823,1
5806,3.258427,1
5807,0.717014,1
5808,1.439817,1
5809,0.419658,1
5810,2.912272,1
5811,2.349752,1
5812,2.424922,1
5813,0.333603,1
5814,0.768907,0
5815,4.663739,0
5816,1.701378,0
5817,0.536079,1
5818,1.243091,0
5819,1.708336,1
5820,0.572627,0
5821,1.478407,0
5822,2.17561,0
5823,0.398871,1
5824,1.807279,1
5825,0.194434,1
5826,1.74245,1
5827,2.311736,0
5828,3.098063,1
5829,1.474579,1
5830,4.672118,1
5831,0.179044,0
5832,1.511655,0
5833,1.79832,1
5834,3.945978,1
5835,1.294863,1
5836,0.42222,1
5837,4.18987,0
5838,3.491009,1
5839,2.355601,0
5840,0.236101,1
5841,0.38608,0
5842,0.236554,0
5843,0.256261,0
5844,0.834177,1
5845,3.185404,0
5846,0.924858,1
5847,2.63713,0
5848,1.852323,0
5849,0.627132,0
5850,0.47762,1
5851,1.468721,1
5852,2.759244,0
5853,0.4976,0
5854,3.448834,0
5855,3.800252,0
5856,2.122534,0
5857,0.252189,1
5858,3.571659,0
5859,3.912401,1
5860,0.296062,1
5861,0.402821,1
5862,1.269806,1
5863,0.490331,1
5864,3.546612,0
5865,4.02718,1
5866,4.295526,0
5867,4.808529,1
5868,0.761201,1
5869,2.722696,1
5870,0.710593,1
5871,0.167498,0
5872,2.803935,0
5873,0.102419,0
5874,2.431772,1
5875,3.47143,0
5876,0.349915,1
5877,1.524919,0
5878,0.595749,1
5879,2.996593,0
5880,2.890307,0
5881,2.329139,1
5882,5.571202,1
5883,0.891283,0
5884,1.803616,0
5885,0.318186,0
5886,3.410607,1
5887,0.132004,1
5888,0.127722,0
5889,0.64766,0
5890,5.311772,1
5891,0.334148,1
5892,0.530936,1
5893,0.292839,1
5894,3.777979,1
5895,2.105187,0
5896,0.375581,1
5897,0.297879,0
5898,0.361447,0
5899,1.725572,0
5900,1.087062,1
5901,2.378333,0
5902,0.594193,0
5903,0.507608,1
5904,1.412493,0
5905,2.968106,1
5906,2.314318,0
5907,0.120078,0
5908,0.625498,1
5909,0.193052,1
5910,0.175112,0
5911,0.91934,1
5912,1.455922,0
5913,3.990544,1
5914,2.337915,1
5915,0.896157,1
5916,2.878538,0
5917,2.159143,1
5918,0.312127,0
5919,3.270497,0
5920,4.543328,0
5921,2.309259,1
5922,3.020087,1
5923,0.434144,1
5924,2.466851,1
5925,0.170984,1
5926,2.938108,0
5927,2.767204,1
5928,2.207132,0
5929,0.860741,0
5930,3.112199,0
5931,2.365374,1
5932,4.114386,0
5933,0.911848,1
5934,0.834167,0
5935,0.217834,1
5936,1.396982,1
5937,1.478985,0
5938,0.149997,1
5939,0.343036,1
5940,2.144977,1
5941,0.493723,1
5942,2.917884,0
5943,0.212623,1
5944,0.801725,0
5945,0.164902,0
5946,2.295082,0
5947,3.730443,1
5948,0.70045,0
5949,1.886076,1
5950,0.930237,1
5951,2.371264,1
5952,3.136392,0
5953,3.298121,0
5954,0.415479,0
5955,0.434909,0
5956,0.774554,1
5957,0.5383,0
5958,0.226159,0
5959,0.29698,1
5960,3.437989,0
5961,0.356105,1
5962,1.196104,1
5963,2.481698,1
5964,1.879863,0
5965,2.817413,1
5966,0.633529,1
5967,0.483474,1
5968,2.603827,0
5969,0.578802,1
5970,1.384579,1
5971,2.637211,0
5972,0.233509,0
5973,1.561052,1
5974,3.032551,1
5975,4.647278,0
5976,0.261996,1
5977,1.157127,1
5978,0.572576,0
5979,2.239599,0
5980,0.347652,1
5981,1.967726,0
5982,1.794889,1
5983,1.189464,0
5984,2.738701,0
5985,2.981635,0
5986,4.305665,0
5987,0.697362,0
5988,0.57112,0
5989,0.776921,1
5990,0.898098,1
5991,0.578783,1
5992,0.531832,0
5993,1.076549,1
5994,5.069385,0
5995,0.605837,0
5996,2.305512,0
5997,0.866652,1
5998,0.608053,0
5999,4.621237,1
6000,0.203007,0
6001,1.866955,1
6002,2.205764,0
6003,0.63381,0
6004,0.361438,0
6005,1.753937,1
6006,0.374585,0
6007,1.902971,0
6008,0.789663,1
6009,0.296846,0
6010,0.382503,1
6011,0.489718,0
6012,2.040395,1
6013,0.131983,1
6014,0.586444,1
6015,1.362664,0
6016,1.097284,0
6017,4.468241,0
6018,0.86497,1
6019,1.205698,1
6020,1.703404,0
6021,1.944427,1
6022,2.999163,1
6023,0.316342,0
6024,1.178318,1
6025,0.913702,1
6026,2.435459,0
6027,0.215356,0
6028,2.769543,1
6029,0.378902,0
6030,1.923801,1
6031,0.486395,1
6032,1.571661,0
6033,0.314932,1
6034,0.559629,1
6035,1.396289,1
6036,2.83167,1
6037,0.739821,0
6038,0.370208,1
6039,0.224857,1
6040,0.50434,1
6041,0.236022,1
6042,0.202414,1
6043,2.577322,0
6044,1.923012,0
6045,1.495092,1
6046,2.189525,0
6047,0.666449,0
6048,0.599424,0
6049,3.810352,0
6050,0.271418,0
6051,0.544062,0
6052,0.344115,1
6053,0.476795,0
6054,3.183541,0
6055,2.533699,1
6056,0.137299,0
6057,0.73737,0
6058,2.155776,0
6059,0.42435,1
6060,0.561981,1
6061,3.410745,1
6062,1.947952,0
6063,0.136072,1
6064,1.03087,0
6065,0.749423,1
6066,1.170065,0
6067,0.362358,1
6068,0.138925,1
6069,0.308702,0
6070,4.686209,0
6071,0.337685,0
6072,0.851098,1
6073,1.55579,1
6074,1.893801,0
6075,1.29068,0
6076,0.165941,1
6077,0.660218,1
6078,0.410786,1
6079,1.578688,1
6080,3.470822,0
6081,0.52012,0
6082,4.288407,0
6083,1.766216,0
6084,2.96076,0
6085,3.084394,0
6086,0.767878,1
6087,1.683454,1
6088,3.224287,1
6089,3.124791,1
6090,0.381744,1
6091,3.469438,0
6092,0.13688,1
6093,0.670944,1
6094,4.163687,1
6095,0.484567,0
6096,0.687807,1
6097,0.245861,1
6098,0.893005,0
6099,1.876004,1
6100,2.045112,0
6101,3.484885,0
6102,3.420367,1
6103,1.279801,1
6104,0.679339,0
6105,4.101684,0
6106,1.422236,0
6107,0.318812,1
6108,1.156842,0
6109,1.610128,1
6110,1.185038,0
6111,0.267294,1
6112,0.226028,1
6113,0.414084,1
6114,0.426102,0
6115,6.174872,1
6116,1.628475,1
6117,0.426854,0
6118,5.452703,1
6119,3.062456,1
6120,0.358491,1
6121,1.153196,1
6122,3.180302,0
6123,0.704252,0
6124,2.573024,1
6125,1.66254,1
6126,3.369321,0
6127,0.854983,0
6128,0.389879,0
6129,0.497588,1
6130,3.690895,0
6131,0.436625,1
6132,4.572918,1
6133,3.934246,0
6134,0.238188,1
6135,2.093942,1
6136,3.266142,0
6137,1.553155,0
6138,0.373812,1
6139,3.295148,0
6140,2.654186,0
6141,0.580875,1
6142,2.058781,0
6143,0.244344,1
6144,0.685065,1
6145,1.368539,1
6146,2.605397,0
6147,0.565279,1
6148,0.202294,1
6149,3.715654,0
6150,0.943175,1
6151,0.624058,0
6152,0.116129,1
6153,0.902558,0
6154,2.695828,1
6155,2.558402,0
6156,0.536254,1
6157,2.118575,0
6158,1.080086,1
6159,0.603358,0
6160,3.501599,1
6161,0.278193,0
6162,1.360813,1
6163,0.542484,0
6164,0.442285,1
6165,2.051714,1
6166,2.34982,0
6167,0.829112,0
6168,4.865192,1
6169,2.389319,0
6170,0.543788,0
6171,1.445048,0
6172,1.537305,1
6173,1.200932,1
6174,0.203618,1
6175,0.556326,0
6176,2.448912,0
6177,2.020484,0
6178,3.607882,0
6179,0.426366,1
6180,0.349355,0
6181,3.971742,1
6182,0.553937,0
6183,0.286564,0
6184,0.406654,1
6185,2.862216,1
6186,0.892666,0
6187,0.369689,1
6188,3.412097,1
6189,2.147137,0
6190,3.309424,0
6191,2.302928,0
6192,1.171227,1
6193,0.611054,1
6194,0.36237,1
6195,1.916878,0
6196,6.508154,1
6197,3.090816,0
6198,2.14164,0
6199,2.447822,0
6200,0.351481,1
6201,2.399771,0
6202,1.46836,0
6203,3.726521,1
6204,0.253113,0
6205,2.839467,1
6206,3.126687,0
6207,2.325197,1
6208,0.55761,1
6209,0.66485,1
6210,2.278157,0
6211,0.08149,0
6212,2.531553,0
6213,0.23721,0
6214,0.974028,0
6215,3.036733,0
6216,0.46119,1
6217,4.145904,0
6218,3.108775,0
6219,0.146712,1
6220,0.961112,1
6221,1.166226,1
6222,1.007538,0
6223,0.154653,0
6224,0.245467,1
6225,0.924279,1
6226,0.157144,1
6227,0.80426,0
6228,0.254418,1
6229,0.490913,0
6230,2.81305,0
6231,0.431106,0
6232,2.484116,0
6233,2.709556,1
6234,0.231523,0
6235,2.024834,0
6236,0.392657,1
6237,1.194063,0
6238,4.877192,1
6239,3.663909,1
6240,0.247996,1
6241,1.07975,1
6242,2.95693,0
6243,3.830067,0
6244,0.118414,0
6245,1.026485,1
6246,0.877104,0
6247,1.364251,1
6248,0.371411,1
6249,3.457838,1
6250,2.465669,1
6251,3.93986,0
6252,0.63709,1
6253,2.380928,0
6254,0.730182,0
6255,0.218671,0
6256,0.292458,1
6257,0.330738,1
6258,0.849595,1
6259,0.639476,1
6260,3.241168,1
6261,0.252376,0
6262,0.103761,1
6263,0.61166,0
6264,3.880609,0
6265,1.060795,1
6266,0.264654,1
6267,0.27036,1
6268,4.205213,0
6269,2.543032,1
6270,0.487395,1
6271,0.23223,1
6272,1.639069,1
6273,0.765611,1
6274,0.498393,0
6275,2.70279,0
6276,0.496646,0
6277,0.144835,1
6278,1.2762,0
6279,1.458229,1
6280,3.334558,1
6281,3.443773,1
6282,3.227848,1
6283,0.325679,1
6284,0.429686,1
6285,0.739396,1
6286,0.433884,0
6287,1.785426,1
6288,0.786286,1
6289,3.179796,0
6290,3.617048,1
6291,1.124647,1
6292,0.205264,1
6293,0.747007,0
6294,2.659031,0
6295,3.659881,0
6296,2.16626,0
6297,1.575964,1
6298,1.795439,0
6299,1.539551,0
6300,0.888689,1
6301,0.715781,1
6302,4.02092,1
6303,4.303117,0
6304,4.08701,1
6305,1.826174,0
6306,2.809112,0
6307,0.738689,0
6308,2.024367,1
6309,3.033932,0
6310,0.724998,0
6311,0.22714,0
6312,1.940669,1
6313,0.602467,1
6314,4.104613,1
6315,3.423598,1
6316,1.57171,1
6317,4.745566,0
6318,0.63586,0
6319,0.316881,1
6320,0.672486,1
6321,0.847995,0
6322,0.149657,1
6323,3.013099,1
6324,3.640828,0
6325,0.439081,1
6326,4.031314,1
6327,3.264353,1
6328,2.263168,0
6329,2.417362,0
6330,1.1495,1
6331,0.751997,1
6332,1.416211,1
6333,0.299319,1
6334,0.628657,0
6335,0.374129,1
6336,2.900332,0
6337,3.95954,1
6338,1.214411,0
6339,1.077149,1
6340,0.322569,1
6341,1.569026,1
6342,1.859199,0
6343,0.165228,1
6344,0.28441,0
6345,0.978958,0
6346,0.36365,1
6347,1.784848,1
6348,2.651192,0
6349,0.748391,0
6350,1.068137,1
6351,0.929847,1
6352,0.602466,1
6353,1.778981,0
6354,1.153155,1
6355,0.293541,0
6356,0.998772,1
6357,3.10386,1
6358,3.493362,1
6359,1.854457,0
6360,0.235348,0
6361,0.888861,1
6362,0.224346,1
6363,0.891652,0
6364,2.936435,1
6365,1.37706,1
6366,1.163437,0
6367,1.251703,1
6368,0.136685,0
6369,1.695204,1
6370,2.276294,0
6371,0.578584,0
6372,1.464308,1
6373,0.199436,0
6374,2.024882,1
6375,0.630355,1
6376,0.233005,1
6377,0.878983,1
6378,0.491283,0
6379,0.331878,0
6380,0.178709,0
6381,1.945827,0
6382,2.488073,0
6383,0.703613,1
6384,0.550549,0
6385,4.281733,1
6386,0.332946,0
6387,0.948481,0
6388,1.641438,0
6389,1.317081,1
6390,2.567834,0
6391,0.599493,1
6392,0.206075,0
6393,2.510766,1
6394,0.798003,1
6395,1.998804,1
6396,1.645795,0
6397,1.611324,1
6398,1.094544,1
6399,0.102456,0
6400,0.460193,1
6401,0.496796,0
6402,4.201625,1
6403,1.401674,0
6404,3.474841,0
6405,3.469998,1
6406,0.891969,0
6407,2.46315,0
6408,1.213796,1
6409,2.258642,0
6410,2.951469,0
6411,2.409973,0
6412,1.057132,1
6413,1.461523,1
6414,1.305723,0
6415,4.193684,0
6416,0.23876,1
6417,0.218217,1
6418,0.679253,1
6419,3.075089,1
6420,2.902122,1
6421,0.281347,1
6422,1.291652,0
6423,0.64703,0
6424,4.301176,0
6425,0.621922,0
6426,0.664986,0
6427,2.878638,0
6428,0.616065,1
6429,0.461719,1
6430,4.475856,1
6431,1.096984,1
6432,0.265454,1
6433,0.393608,1
6434,1.027903,0
6435,0.561734,0
6436,0.271958,1
6437,4.021299,0
6438,0.294887,1
6439,0.997136,1
6440,0.646327,0
6441,1.048423,1
6442,0.530546,1
6443,2.247518,0
6444,0.585684,0
6445,1.066842,1
6446,0.118098,1
6447,1.073068,0
6448,0.169332,0
6449,1.269845,0
6450,1.570082,0
6451,1.63735,1
6452,3.191397,0
6453,1.329454,1
6454,0.169038,1
6455,0.576567,0
6456,0.213243,1
6457,2.713891,1
6458,0.346147,0
6459,5.032969,1
6460,2.820665,0
6461,0.337534,0
6462,1.478042,1
6463,1.149524,0
6464,1.285289,0
6465,0.13136,1
6466,1.946369,1
6467,0.178934,0
6468,2.147973,0
6469,3.910698,1
6470,0.756998,1
6471,2.385356,0
6472,4.344614,1
6473,2.982778,1
6474,0.142622,1
6475,0.187633,0
6476,0.401982,1
6477,1.526075,0
6478,0.403659,0
6479,2.067001,1
6480,0.447802,1
6481,0.322453,1
6482,2.993517,1
6483,0.118984,1
6484,0.209916,1
6485,4.62433,1
6486,1.00376,0
6487,2.938004,0
6488,1.416275,1
6489,0.879173,0
6490,2.10655,1
6491,0.73832,0
6492,3.645422,0
6493,0.536779,0
6494,2.584023,0
6495,0.40409,0
6496,3.429181,0
6497,4.066056,0
6498,0.360139,1
6499,1.952867,1
6500,0.493739,0
6501,3.324663,1
6502,0.122652,1
6503,0.123515,0
6504,2.908561,0
6505,3.479064,0
6506,2.438367,0
6507,2.909491,1
6508,0.661076,1
6509,0.18436,1
6510,0.409076,0
6511,2.134426,0
6512,1.139581,1
6513,0.311299,1
6514,1.383115,0
6515,0.955064,0
6516,0.137001,0
6517,0.508963,0
6518,3.414067,0
6519,0.465847,1
6520,1.250307,0
6521,0.080668,0
6522,0.517978,1
6523,2.393325,1
6524,0.795921,0
6525,0.1777,0
6526,0.600163,0
6527,0.490502,1
6528,2.121769,0
6529,1.137946,0
6530,2.616674,0
6531,3.490938,0
6532,2.004235,1
6533,0.196834,1
6534,1.637876,0
6535,1.38929,1
6536,0.14446,1
6537,1.801364,0
6538,1.73531,0
6539,0.324498,1
6540,1.114627,0
6541,1.059764,1
6542,0.302299,1
6543,0.216809,1
6544,3.424138,1
6545,0.237636,0
6546,0.565349,1
6547,0.112603,0
6548,1.057667,0
6549,3.949996,1
6550,0.560615,0
6551,0.254207,1
6552,0.634438,1
6553,4.40067,1
6554,1.952107,1
6555,0.981113,1
6556,0.875796,0
6557,3.010402,1
6558,2.792949,0
6559,2.229791,0
6560,0.165152,0
6561,1.102237,1
6562,4.663838,1
6563,0.084149,1
6564,0.085039,1
6565,1.254638,1
6566,0.999035,1
6567,0.210786,0
6568,2.341527,0
6569,0.787632,1
6570,1.826547,0
6571,0.254173,1
6572,0.702027,1
6573,0.642743,1
6574,4.071076,1
6575,1.286986,1
6576,0.393523,1
6577,1.103644,0
6578,4.228615,0
6579,1.195468,0
6580,0.192763,0
6581,1.466691,1
6582,2.047711,0
6583,4.034822,1
6584,0.914934,1
6585,3.80609,1
6586,3.918866,0
6587,3.044354,0
6588,0.132298,1
6589,1.154608,1
6590,1.208728,0
6591,0.286416,0
6592,0.191301,0
6593,0.408367,1
6594,0.138025,0
6595,2.280223,1
6596,4.408485,0
6597,0.503757,0
6598,0.342925,1
6599,1.595078,0
6600,1.669632,1
6601,0.181531,0
6602,0.393047,1
6603,0.148491,1
6604,3.217791,0
6605,3.318124,0
6606,0.198965,1
6607,2.993356,0
6608,6.116994,1
6609,1.450094,1
6610,1.49161,1
6611,0.502244,1
6612,3.915912,1
6613,3.572737,1
6614,0.571409,1
6615,0.580549,1
6616,0.2443,0
6617,0.390458,0
6618,1.681081,0
6619,0.488555,0
6620,0.594499,0
6621,0.840904,1
6622,0.238314,1
6623,0.523285,1
6624,2.211559,1
6625,0.705155,0
6626,3.038638,0
6627,1.710336,0
6628,0.222794,0
6629,1.987633,0
6630,3.269176,1
6631,0.417519,0
6632,1.161444,0
6633,3.041556,0
6634,0.133783,1
6635,1.276811,1
6636,0.291694,1
6637,0.424957,1
6638,0.381721,0
6639,1.915205,1
6640,4.043856,0
6641,2.359477,0
6642,0.776429,0
6643,1.055913,1
6644,0.162133,1
6645,3.669391,1
6646,2.694716,0
6647,0.320584,1
6648,3.28281,0
6649,1.108172,0
6650,0.140604,0
6651,0.39495,0
6652,3.203383,0
6653,1.9379,1
6654,0.668235,1
6655,0.427936,1
6656,1.139142,0
6657,2.534429,0
6658,5.523433,1
6659,0.190667,1
6660,2.290213,0
6661,0.189918,1
6662,1.49621,0
6663,0.92817,1
6664,4.395908,1
6665,4.808558,0
6666,0.758886,1
6667,0.42742,1
6668,2.917604,0
6669,0.304894,1
6670,1.583609,1
6671,2.721025,0
6672,0.195319,0
6673,2.682991,0
6674,2.797751,1
6675,4.790941,1
6676,0.307332,1
6677,1.977845,1
6678,3.845276,1
6679,2.541101,0
6680,0.335133,0
6681,1.682156,0
6682,2.724503,1
6683,0.763429,0
6684,0.819523,0
6685,0.925009,0
6686,1.363714,0
6687,0.670176,1
6688,0.143424,1
6689,2.716663,0
6690,4.784626,0
6691,2.549316,1
6692,0.402534,0
6693,0.179957,1
6694,5.294251,0
6695,1.690344,1
6696,0.475199,0
6697,0.316969,0
6698,0.320408,1
6699,0.432538,0
6700,4.197543,0
6701,1.023653,0
6702,2.3514,0
6703,2.884855,1
6704,3.849457,1
6705,0.272739,1
6706,2.881973,1
6707,1.403083,0
6708,3.851503,1
6709,0.308557,1
6710,0.251453,0
6711,0.731212,0
6712,0.314025,0
6713,0.820215,0
6714,0.934125,0
6715,0.393468,1
6716,4.256414,1
6717,0.640118,1
6718,0.70535,1
6719,0.186693,1
6720,0.82156,0
6721,1.359707,0
6722,4.137796,0
6723,3.00377,1
6724,3.32154,0
6725,0.334929,1
6726,0.664891,0
6727,3.203201,1
6728,3.679749,1
6729,0.558318,0
6730,2.595827,1
6731,2.941608,0
6732,1.287846,1
6733,0.338745,0
6734,2.966867,0
6735,0.474987,1
6736,2.420309,0
6737,0.23648,1
6738,4.309564,0
6739,0.198505,1
6740,1.756504,1
6741,0.486753,1
6742,0.225988,1
6743,4.721253,1
6744,4.804257,0
6745,0.464504,1
6746,2.433815,0
6747,0.917914,1
6748,0.550201,1
6749,1.434535,0
6750,2.146214,0
6751,2.178363,0
6752,2.771541,1
6753,2.635524,0
6754,3.284774,0
6755,0.82052,0
6756,1.995847,1
6757,0.14328,0
6758,0.393156,1
6759,1.187761,1
6760,0.477764,1
6761,0.239923,0
6762,1.943215,1
6763,1.119311,1
6764,0.137004,1
6765,0.119329,1
6766,1.601453,0
6767,0.507192,1
6768,1.731148,0
6769,3.613042,1
6770,3.035673,0
6771,3.819439,1
6772,0.38328,1
6773,3.458912,1
6774,1.190287,0
6775,3.109606,1
6776,2.569934,0
6777,2.268106,0
6778,0.140041,1
6779,1.235695,0
6780,1.538156,0
6781,0.264621,0
6782,0.285396,1
6783,0.934151,0
6784,0.19046,0
6785,3.1541,0
6786,0.822544,0
6787,0.113903,0
6788,4.406476,0
6789,0.280632,1
6790,0.441383,0
6791,0.488418,1
6792,0.832536,1
6793,2.917699,0
6794,0.504647,1
6795,2.617276,1
6796,0.120319,1
6797,0.237545,1
6798,0.549661,1
6799,4.239411,1
6800,0.341077,1
6801,2.64188,0
6802,0.411482,0
6803,0.198781,1
6804,2.709996,0
6805,0.153315,1
6806,2.697028,0
6807,3.634934,0
6808,0.319413,1
6809,5.257726,1
6810,0.214826,0
6811,0.611078,1
6812,0.223181,1
6813,0.376299,1
6814,4.557339,1
6815,3.095026,1
6816,1.264651,0
6817,0.150531,1
6818,0.555517,0
6819,0.728111,1
6820,0.459791,1
6821,2.071984,1
6822,0.199104,0
6823,1.761058,0
6824,2.18809,0
6825,0.359775,0
6826,0.679217,1
6827,2.482579,0
6828,1.403112,1
6829,3.575587,0
6830,2.821819,0
6831,0.518626,0
6832,3.838163,1
6833,1.673986,1
6834,2.519185,0
6835,3.657303,0
6836,0.734873,0
6837,2.520741,0
6838,0.205497,0
6839,2.437178,0
6840,1.177177,0
6841,0.109944,1
6842,3.077516,1
6843,1.602019,1
6844,2.432955,0
6845,0.168612,0
6846,3.357125,0
6847,0.157015,0
6848,2.176414,0
6849,2.569791,0
6850,0.1489,0
6851,2.438733,1
6852,0.509202,0
6853,0.938397,1
6854,2.027096,0
6855,0.258732,0
6856,0.402778,0
6857,3.065247,1
6858,0.441856,1
6859,0.621619,1
6860,0.416757,0
6861,0.266738,1
6862,2.099004,0
6863,2.58567,0
6864,0.176309,0
6865,2.927359,1
6866,0.436946,1
6867,1.01427,1
6868,0.28974,0
6869,1.028937,0
6870,3.350703,0
6871,0.845532,0
6872,1.102794,1
6873,3.354074,1
6874,4.269987,0
6875,0.141865,0
6876,3.555442,0
6877,1.647937,0
6878,0.812661,1
6879,0.735138,0
6880,1.084386,1
6881,0.439577,0
6882,2.621016,0
6883,2.411006,0
6884,4.576724,0
6885,0.4211,0
6886,2.675465,1
6887,0.211248,1
6888,1.988894,0
6889,2.625126,0
6890,2.097579,1
6891,2.497831,0
6892,0.600092,1
6893,0.257537,0
6894,2.445414,0
6895,0.127327,1
6896,0.114031,1
6897,0.731379,1
6898,2.124931,1
6899,0.357637,1
6900,0.508083,1
6901,2.396868,0
6902,2.015537,0
6903,0.888155,1
6904,1.425156,1
6905,2.405636,0
6906,0.296049,1
6907,2.077783,1
6908,0.777846,1
6909,2.719282,1
6910,3.263554,0
6911,1.190815,0
6912,0.330231,1
6913,1.258959,0
6914,1.206645,1
6915,1.597812,0
6916,0.35462,0
6917,2.282709,0
6918,0.364928,1
6919,0.565774,0
6920,0.543147,1
6921,0.377233,1
6922,1.69355,0
6923,5.206903,0
6924,2.776044,0
6925,3.294828,0
6926,2.404802,0
6927,0.806399,1
6928,0.43644,1
6929,1.788671,1
6930,2.596467,0
6931,0.236882,0
6932,0.914221,1
6933,1.815587,0
6934,2.974852,0
6935,0.304039,1
6936,1.430074,0
6937,1.375575,1
6938,1.177166,0
6939,1.030403,0
6940,4.123967,0
6941,2.646074,0
6942,5.014969,0
6943,2.00219,1
6944,2.445442,0
6945,3.64409,0
6946,0.872105,0
6947,4.953435,1
6948,2.318869,0
6949,2.032256,0
6950,4.246315,1
6951,0.099528,1
6952,3.744336,0
6953,0.791378,1
6954,0.190703,1
6955,2.671449,0
6956,3.327806,1
6957,3.167047,0
6958,1.285816,1
6959,1.072867,1
6960,1.672693,0
6961,1.24062,1
6962,0.456458,0
6963,0.169381,1
6964,1.510141,1
6965,0.767668,1
6966,0.423814,1
6967,2.938277,0
6968,0.305925,1
6969,0.821251,1
6970,2.047438,0
6971,1.666044,1
6972,1.680256,1
6973,3.145797,0
6974,0.224196,1
6975,0.506802,0
6976,2.173235,0
6977,2.751463,0
6978,0.811819,1
6979,2.393805,0
6980,0.629566,1
6981,0.085288,1
6982,1.190537,0
6983,3.707959,1
6984,3.443876,1
6985,0.549144,1
6986,3.923042,1
6987,0.149402,0
6988,1.142985,0
6989,0.222806,1
6990,0.253778,1
6991,2.21224,1
6992,3.575073,1
6993,0.129311,0
6994,0.873731,1
6995,1.751362,0
6996,0.953491,1
6997,0.527855,0
6998,0.612608,1
6999,4.068313,0
7000,3.18043,1
7001,0.160249,0
7002,0.171972,0
7003,0.464889,0
7004,3.283699,0
7005,3.225215,0
7006,2.678224,0
7007,1.099423,0
7008,0.751512,0
7009,0.668337,1
7010,5.039003,1
7011,0.559103,1
7012,0.09207,1
7013,4.186613,1
7014,0.143275,0
7015,2.462523,1
7016,3.185062,1
7017,1.643409,0
7018,3.617238,1
7019,4.452692,1
7020,0.398022,1
7021,0.512275,0
7022,0.376106,0
7023,0.922166,1
7024,0.87608,1
7025,1.776022,1
7026,1.037292,0
7027,0.532082,1
7028,2.655648,1
7029,3.874433,0
7030,2.399479,0
7031,0.927602,1
7032,0.822092,0
7033,3.052673,1
7034,0.738176,1
7035,3.010592,1
7036,1.421795,1
7037,0.269453,1
7038,0.424434,0
7039,0.976882,0
7040,1.97123,0
7041,0.322891,1
7042,0.124269,1
7043,2.768594,1
7044,1.14903,1
7045,0.258239,1
7046,1.050634,1
7047,1.333865,0
7048,1.311091,1
7049,1.178639,1
7050,0.465295,1
7051,0.846292,1
7052,0.317019,0
7053,0.486947,1
7054,0.980656,0
7055,4.116061,0
7056,5.876196,1
7057,2.403818,0
7058,0.342835,1
7059,2.778897,0
7060,1.298105,0
7061,0.167478,1
7062,2.641373,1
7063,2.897529,0
7064,1.959333,0
7065,1.085621,1
7066,4.054765,0
7067,2.085633,0
7068,3.636016,0
7069,0.16882,0
7070,0.657065,0
7071,0.733199,1
7072,1.724547,1
7073,0.804988,0
7074,0.20772,1
7075,0.343435,1
7076,0.368044,1
7077,1.728618,1
7078,0.329741,1
7079,1.618374,0
7080,0.548881,0
7081,2.258582,0
7082,2.447559,0
7083,0.616588,1
7084,0.886353,1
7085,0.48531,1
7086,1.849257,0
7087,2.867633,1
7088,2.976691,0
7089,0.405669,0
7090,2.636552,0
7091,2.913026,0
7092,0.748673,0
7093,2.156061,0
7094,0.342698,1
7095,1.040414,1
7096,0.604523,1
7097,2.05144,0
7098,0.137434,1
7099,0.485134,0
7100,1.795037,1
7101,0.127758,0
7102,2.8523,0
7103,0.321304,1
7104,0.808849,0
7105,1.437029,1
7106,1.268344,0
7107,2.312676,0
7108,4.027093,0
7109,0.391913,0
7110,0.203148,0
7111,2.401339,0
7112,0.29382,0
7113,0.272583,1
7114,1.927274,0
7115,2.362457,0
7116,2.079166,0
7117,3.188143,0
7118,2.124189,1
7119,0.317189,0
7120,0.148894,0
7121,1.12333,0
7122,2.855801,1
7123,0.588372,1
7124,1.042604,1
7125,1.204013,1
7126,0.785757,1
7127,0.610481,0
7128,0.512429,1
7129,0.665818,1
7130,3.048521,1
7131,0.458937,1
7132,1.745601,1
7133,4.225966,0
7134,1.188722,1
7135,4.172485,0
7136,3.677235,0
7137,2.536388,0
7138,2.285614,0
7139,3.410984,0
7140,0.167354,0
7141,0.943087,0
7142,0.678925,1
7143,0.850405,1
7144,1.28212,0
7145,3.294798,1
7146,0.475053,1
7147,0.987548,0
7148,2.263761,0
7149,0.538864,0
7150,0.208477,0
7151,1.247259,1
7152,0.410411,1
7153,0.97778,1
7154,0.856348,0
7155,1.09108,1
7156,0.405948,1
7157,0.313045,0
7158,0.660889,0
7159,0.374074,0
7160,5.381117,1
7161,2.60143,0
7162,1.702539,1
7163,3.184608,0
7164,0.281967,0
7165,1.088296,1
7166,3.049695,1
7167,2.928602,1
7168,3.303228,1
7169,3.685061,1
7170,1.731687,0
7171,0.630424,1
7172,0.575907,0
7173,3.560797,0
7174,1.946887,0
7175,0.529606,1
7176,1.09777,1
7177,3.289472,1
7178,2.017554,0
7179,4.872799,1
7180,4.78957,1
7181,0.380384,0
7182,1.260935,0
7183,2.484492,0
7184,2.295894,1
7185,3.201889,1
7186,1.901058,1
7187,0.416118,1
7188,3.228297,0
7189,0.411139,0
7190,3.41633,1
7191,3.224995,0
7192,0.322015,1
7193,1.06265,1
7194,1.140141,0
7195,1.799888,0
7196,0.280173,1
7197,1.894923,0
7198,2.359394,0
7199,0.760329,1
7200,0.740513,0
7201,1.104789,1
7202,0.353635,1
7203,0.714422,1
7204,1.067574,1
7205,0.183938,1
7206,0.537873,1
7207,2.40704,0
7208,2.528488,1
7209,2.745065,0
7210,0.760639,1
7211,2.83529,0
7212,0.242617,0
7213,3.573816,1
7214,4.325802,0
7215,3.979006,0
7216,1.231719,0
7217,0.91611,1
7218,3.396754,0
7219,1.964367,0
7220,1.857849,1
7221,3.298181,0
7222,0.349607,0
7223,2.044663,0
7224,3.606648,1
7225,0.610165,0
7226,0.473835,0
7227,2.490585,0
7228,0.674527,0
7229,0.394277,0
7230,0.41243,0
7231,3.915101,1
7232,0.273926,0
7233,1.775478,1
7234,2.259757,0
7235,1.810764,0
7236,1.529668,0
7237,1.60468,1
7238,2.602528,1
7239,1.099817,1
7240,0.647226,0
7241,1.244478,1
7242,0.948376,0
7243,0.134771,0
7244,0.391049,1
7245,0.583256,0
7246,0.749003,0
7247,1.751519,1
7248,0.153802,1
7249,0.275684,1
7250,3.521276,1
7251,0.722804,1
7252,0.278861,0
7253,0.519322,1
7254,1.190892,1
7255,1.146843,1
7256,2.329407,0
7257,0.696892,0
7258,2.930113,1
7259,0.694057,0
7260,2.925079,0
7261,1.053227,1
7262,5.168502,1
7263,2.855721,1
7264,0.515948,0
7265,2.883264,0
7266,0.988278,0
7267,3.146347,0
7268,1.397631,1
7269,2.165555,1
7270,3.55277,0
7271,3.486596,0
7272,1.984188,0
7273,2.250107,0
7274,4.097984,1
7275,0.316805,0
7276,0.555845,1
7277,0.569471,1
7278,0.148361,0
7279,0.114849,1
7280,1.41816,0
7281,2.628986,0
7282,1.077627,0
7283,1.180456,0
7284,2.680361,1
7285,0.718258,0
7286,0.909105,0
7287,0.447703,1
7288,0.46678,1
7289,0.539736,1
7290,2.58985,0
7291,2.304042,1
7292,4.372948,1
7293,0.565024,1
7294,0.115164,0
7295,2.683175,0
7296,0.217871,0
7297,0.551156,0
7298,1.797916,1
7299,3.274439,0
7300,0.623475,0
7301,0.848582,1
7302,0.484976,0
7303,1.444802,0
7304,2.493562,0
7305,2.383362,0
7306,4.118516,1
7307,4.31636,1
7308,3.785152,0
7309,2.914894,0
7310,0.468631,1
7311,0.446674,1
7312,2.507782,0
7313,2.405802,0
7314,2.240973,0
7315,4.073813,1
7316,0.407264,0
7317,0.320957,1
7318,3.835144,0
7319,3.042837,1
7320,1.651053,1
7321,3.966027,0
7322,0.211152,0
7323,1.364398,0
7324,0.448628,0
7325,0.329425,1
7326,0.797452,1
7327,3.208673,0
7328,0.3785,1
7329,0.167308,0
7330,3.979461,1
7331,0.489607,0
7332,0.172322,0
7333,2.344316,1
7334,2.109148,0
7335,0.269736,1
7336,1.382785,0
7337,2.634728,0
7338,0.408073,1
7339,5.297583,1
7340,4.355214,0
7341,0.871453,1
7342,1.345743,0
7343,0.69953,0
7344,0.195918,1
7345,0.096506,0
7346,0.29857,1
7347,1.988763,1
7348,0.14979,1
7349,0.890531,1
7350,0.492679,0
7351,0.574533,1
7352,0.106685,1
7353,0.388925,0
7354,0.528137,0
7355,4.270659,0
7356,0.439568,0
7357,0.315683,0
7358,4.332551,1
7359,0.487061,0
7360,3.767256,1
7361,0.197455,0
7362,0.696869,0
7363,0.312295,0
7364,1.596956,0
7365,1.46963,0
7366,3.041714,1
7367,2.573181,1
7368,0.415681,1
7369,0.945825,1
7370,0.326988,1
7371,2.863518,1
7372,1.915913,1
7373,0.246101,0
7374,0.23668,0
7375,0.877534,1
7376,0.405078,1
7377,0.144112,1
7378,2.704597,1
7379,0.666051,1
7380,0.450753,1
7381,0.814966,1
7382,3.609631,0
7383,1.82774,0
7384,0.372883,1
7385,0.338123,0
7386,1.515576,0
7387,5.025082,1
7388,1.419828,1
7389,0.577393,1
7390,0.358318,1
7391,0.84958,0
7392,0.287451,0
7393,1.058351,0
7394,0.462121,1
7395,2.339562,1
7396,2.646358,1
7397,0.887893,1
7398,0.314572,1
7399,0.374329,1
7400,3.573805,0
7401,0.566244,0
7402,0.817342,0
7403,1.75947,1
7404,2.588344,0
7405,0.572536,1
7406,1.144232,0
7407,1.527089,0
7408,3.439485,0
7409,0.420295,0
7410,3.529145,0
7411,0.444468,0
7412,2.557781,0
7413,1.797432,0
7414,0.600523,0
7415,0.292217,0
7416,0.281202,1
7417,0.430586,0
7418,0.566048,1
7419,0.50821,0
7420,0.194332,1
7421,3.349892,0
7422,3.033046,0
7423,0.128287,0
7424,2.79922,1
7425,1.852626,0
7426,0.622116,0
7427,0.304325,1
7428,0.465528,1
7429,2.848949,1
7430,0.14415,0
7431,0.607026,0
7432,3.803243,1
7433,0.388569,1
7434,0.928613,1
7435,3.320723,0
7436,1.580313,1
7437,3.98472,0
7438,0.25191,0
7439,1.834023,1
7440,3.004976,1
7441,1.391989,1
7442,0.507435,1
7443,2.74247,1
7444,0.386165,1
7445,0.826275,1
7446,2.981452,1
7447,3.95739,1
7448,3.543261,1
7449,3.510647,1
7450,2.405247,0
7451,0.218477,1
7452,0.872931,1
7453,2.436355,0
7454,1.925364,0
7455,0.376681,0
7456,0.130129,0
7457,2.182422,0
7458,0.679923,1
7459,4.10838,1
7460,0.290358,0
7461,0.327209,1
7462,2.942806,0
7463,5.241186,1
7464,2.173295,0
7465,1.994707,1
7466,0.526624,0
7467,0.462186,0
7468,1.36608,0
7469,4.523344,1
7470,0.7614,0
7471,3.998737,0
7472,0.256199,1
7473,0.457814,0
7474,0.502986,1
7475,0.720614,1
7476,1.683879,0
7477,1.985562,0
7478,0.473938,0
7479,0.482487,1
7480,3.527304,1
7481,2.222184,1
7482,0.448607,0
7483,0.181443,1
7484,1.488671,1
7485,1.694427,0
7486,0.244563,0
7487,0.173279,1
7488,0.699139,0
7489,0.251246,1
7490,2.139376,0
7491,0.138194,0
7492,1.223952,0
7493,2.68307,0
7494,3.533693,0
7495,0.39306,1
7496,0.8721,1
7497,0.795978,0
7498,1.023354,1
7499,0.340046,0
7500,0.466507,0
7501,1.890268,1
7502,0.223956,0
7503,4.136044,0
7504,4.668168,0
7505,2.547565,0
7506,1.625983,0
7507,4.243308,1
7508,1.874202,0
7509,0.464886,1
7510,0.194441,0
7511,0.273296,1
7512,1.034789,1
7513,2.480623,0
7514,2.826313,0
7515,2.548987,0
7516,3.330438,0
7517,1.383292,0
7518,0.490394,0
7519,0.823727,0
7520,0.180804,0
7521,0.390404,1
7522,2.980971,0
7523,0.295853,1
7524,2.842632,0
7525,2.622513,0
7526,0.221931,0
7527,1.001968,0
7528,3.383827,0
7529,0.187074,1
7530,0.231681,0
7531,2.593668,0
7532,0.171726,1
7533,2.490645,0
7534,1.576575,1
7535,0.721088,1
7536,0.752742,1
7537,0.235458,1
7538,3.073847,0
7539,2.451921,1
7540,0.36677,1
7541,0.648052,1
7542,1.045236,0
7543,0.580617,0
7544,0.228647,0
7545,1.661977,0
7546,0.328995,1
7547,1.564586,0
7548,0.480963,0
7549,0.230121,0
7550,3.32423,0
7551,1.984223,1
7552,2.891824,0
7553,1.515281,0
7554,0.458989,1
7555,3.840937,1
7556,0.703301,0
7557,1.822392,1
7558,0.306247,1
7559,0.538186,0
7560,2.872302,0
7561,1.05488,0
7562,0.061609,1
7563,1.046973,1
7564,2.106405,1
7565,0.295839,1
7566,3.773664,1
7567,2.744564,0
7568,0.989316,0
7569,0.797859,1
7570,0.918726,0
7571,0.82205,1
7572,3.634257,0
7573,0.310809,0
7574,0.227678,0
7575,1.730822,0
7576,1.741589,1
7577,0.10906,1
7578,1.858377,0
7579,0.563807,0
7580,0.310263,1
7581,1.1291,1
7582,0.374677,0
7583,1.054964,1
7584,0.203024,1
7585,3.575823,0
7586,2.073828,0
7587,1.06533,1
7588,0.655814,1
7589,0.397251,0
7590,3.197715,1
7591,0.445031,0
7592,0.449525,1
7593,1.308007,0
7594,1.373248,0
7595,1.764528,0
7596,2.377242,0
7597,0.251772,1
7598,2.176587,0
7599,1.856173,0
7600,0.386056,0
7601,0.636469,1
7602,2.128977,0
7603,0.167273,1
7604,1.26264,1
7605,2.56216,0
7606,0.266771,0
7607,3.467855,1
7608,0.586447,1
7609,0.476212,1
7610,3.007101,0
7611,1.836274,0
7612,2.235089,0
7613,2.580654,0
7614,2.02539,0
7615,0.230768,1
7616,1.45058,0
7617,1.658327,1
7618,1.057243,1
7619,2.224075,0
7620,1.373481,0
7621,0.397931,1
7622,1.932143,0
7623,1.876428,0
7624,0.362506,1
7625,3.682834,0
7626,0.786144,1
7627,0.421134,1
7628,1.225894,1
7629,0.793274,1
7630,0.739385,0
7631,0.226084,1
7632,0.484119,0
7633,0.316754,1
7634,1.3513,1
7635,1.97291,0
7636,0.165943,0
7637,0.322617,1
7638,1.99198,1
7639,1.655952,0
7640,1.710165,1
7641,4.572086,1
7642,0.568842,1
7643,0.750992,1
7644,4.88436,1
7645,0.094228,1
7646,0.399555,1
7647,1.860255,0
7648,1.103679,0
7649,1.263977,1
7650,1.141851,1
7651,3.153632,0
7652,0.408191,1
7653,2.467279,1
7654,0.787117,0
7655,2.836929,1
7656,4.540438,0
7657,1.227003,1
7658,2.055376,0
7659,1.602337,1
7660,0.110484,1
7661,1.123614,1
7662,1.656829,0
7663,3.889494,1
7664,0.722069,1
7665,2.064896,0
7666,1.785723,0
7667,0.827893,1
7668,0.597985,0
7669,1.258251,1
7670,3.312588,1
7671,0.145204,1
7672,0.634443,0
7673,0.188884,0
7674,0.870705,0
7675,1.165818,1
7676,2.045627,0
7677,2.889356,0
7678,3.548456,0
7679,4.053526,1
7680,1.683603,0
7681,1.852532,0
7682,2.404326,1
7683,3.279027,1
7684,5.05728,1
7685,0.208634,1
7686,0.160493,0
7687,0.800529,0
7688,2.998394,1
7689,0.4877,1
7690,4.48388,0
7691,0.970562,1
7692,0.186883,1
7693,0.913197,1
7694,0.69927,1
7695,1.147707,1
7696,2.571764,1
7697,2.826011,0
7698,3.119942,1
7699,0.261891,1
7700,1.637288,0
7701,0.867966,0
7702,0.4317,1
7703,1.052101,0
7704,0.56153,1
7705,0.591344,1
7706,1.002073,1
7707,1.686751,0
7708,1.924095,1
7709,0.585287,0
7710,4.504758,0
7711,3.353492,0
7712,0.540203,1
7713,0.311723,1
7714,0.427464,1
7715,3.034836,1
7716,2.868963,1
7717,0.352321,1
7718,0.256446,0
7719,1.448828,0
7720,3.177087,1
7721,1.933867,0
7722,0.94654,1
7723,1.044692,1
7724,2.414996,1
7725,3.020842,1
7726,0.582419,1
7727,3.14485,0
7728,0.392243,1
7729,2.325039,0
7730,4.81966,1
7731,0.245904,1
7732,1.131187,1
7733,1.444478,0
7734,0.138122,1
7735,2.939577,0
7736,1.66422,0
7737,0.153162,1
7738,0.508097,0
7739,2.282424,0
7740,1.878327,1
7741,2.573702,0
7742,0.091837,0
7743,1.452121,0
7744,3.373451,1
7745,4.364076,1
7746,0.255362,1
7747,0.154987,0
7748,1.685331,0
7749,2.726646,1
7750,1.579661,1
7751,4.173237,1
7752,2.784722,0
7753,2.014493,0
7754,2.345576,1
7755,0.298979,1
7756,2.876869,0
7757,3.670989,0
7758,0.289835,0
7759,1.531489,0
7760,2.573913,1
7761,0.494209,0
7762,0.33913,0
7763,0.479586,0
7764,2.377253,0
7765,3.128461,0
7766,0.412593,0
7767,0.519729,1
7768,0.890087,1
7769,3.514161,1
7770,0.634172,0
7771,3.009713,1
7772,0.824381,0
7773,4.29531,1
7774,0.364559,0
7775,3.787589,1
7776,0.41593,1
7777,1.648417,0
7778,1.911516,0
7779,1.503674,0
7780,0.236141,1
7781,0.793696,1
7782,3.293847,1
7783,1.024828,1
7784,3.809997,1
7785,2.851856,1
7786,0.447447,1
7787,2.653361,1
7788,3.576526,0
7789,0.268299,1
7790,0.410739,1
7791,1.683679,1
7792,3.776071,0
7793,1.79035,0
7794,0.540616,1
7795,0.733454,0
7796,0.846114,0
7797,2.243964,0
7798,2.425592,0
7799,2.85595,0
7800,1.801726,0
7801,0.137364,0
7802,3.409951,0
7803,0.202387,1
7804,2.652366,0
7805,3.216221,0
7806,4.822115,1
7807,4.438615,0
7808,0.484287,0
7809,3.658778,0
7810,2.283924,0
7811,1.20917,1
7812,3.955605,1
7813,1.715078,1
7814,1.240747,0
7815,0.456343,0
7816,1.760758,0
7817,0.443306,1
7818,0.536055,1
7819,0.11486,0
7820,0.916296,1
7821,0.580316,0
7822,1.812632,0
7823,1.472514,0
7824,1.933044,0
7825,0.425168,1
7826,0.401905,1
7827,3.738146,1
7828,0.470581,1
7829,1.412869,1
7830,1.361725,0
7831,2.272748,0
7832,3.738622,1
7833,1.931472,0
7834,0.189321,0
7835,3.877468,1
7836,0.302581,0
7837,0.459559,1
7838,0.501363,1
7839,1.62089,0
7840,0.236146,1
7841,5.482604,1
7842,0.257786,1
7843,4.615205,1
7844,0.16919,1
7845,1.017912,1
7846,3.810953,0
7847,1.564648,0
7848,3.702362,1
7849,0.567818,1
7850,3.994609,1
7851,1.350701,0
7852,1.709338,1
7853,2.528965,1
7854,1.144664,1
7855,1.509873,0
7856,0.219228,1
7857,0.343679,1
7858,3.241448,1
7859,0.239709,0
7860,0.903321,0
7861,1.589796,0
7862,0.533853,1
7863,0.249498,1
7864,2.701914,0
7865,0.214872,0
7866,0.586458,1
7867,3.30183,1
7868,2.851612,0
7869,2.820781,0
7870,1.385596,1
7871,4.226932,1
7872,0.194895,1
7873,0.321966,0
7874,0.34407,0
7875,2.648481,0
7876,4.852029,0
7877,0.464054,0
7878,3.713413,1
7879,2.317016,0
7880,0.434729,0
7881,1.918349,1
7882,0.306632,1
7883,5.16532,1
7884,2.137777,0
7885,1.967522,1
7886,2.514109,0
7887,1.498347,1
7888,1.407632,1
7889,2.773569,0
7890,5.201126,0
7891,0.787324,0
7892,0.871392,0
7893,3.032738,1
7894,0.253501,1
7895,2.359336,0
7896,1.196477,1
7897,1.68469,0
7898,0.546624,0
7899,2.034765,0
7900,0.203547,1
7901,1.054325,1
7902,0.342997,1
7903,3.517113,1
7904,1.800401,0
7905,0.355398,0
7906,1.549286,0
7907,2.369843,1
7908,0.130763,1
7909,0.186731,0
7910,0.853038,1
7911,3.795844,0
7912,2.65689,0
7913,0.291776,1
7914,0.390918,1
7915,0.838174,0
7916,0.192675,1
7917,2.387415,1
7918,0.881516,1
7919,1.018506,1
7920,0.613173,1
7921,1.301288,0
7922,0.30932,0
7923,0.218551,0
7924,2.541158,0
7925,4.089807,1
7926,0.704511,1
7927,0.268592,0
7928,1.039336,1
7929,3.391711,0
7930,1.930913,0
7931,0.607802,1
7932,4.174644,1
7933,3.482973,0
7934,1.783126,0
7935,3.167458,0
7936,0.40618,1
7937,0.169181,1
7938,0.928443,1
7939,0.99393,1
7940,2.349119,0
7941,0.452208,1
7942,0.173589,1
7943,0.5204,1
7944,2.492891,0
7945,1.746636,0
7946,0.551432,0
7947,0.493261,1
7948,0.880815,1
7949,2.132697,0
7950,1.154651,0
7951,0.377781,1
7952,1.580027,0
7953,3.980877,0
7954,0.328885,1
7955,0.927633,1
7956,2.420161,0
7957,0.926513,0
7958,0.930126,1
7959,0.139136,1
7960,3.169064,1
7961,1.668301,1
7962,0.335797,1
7963,2.802546,0
7964,2.410638,0
7965,2.761819,1
7966,1.174647,0
7967,0.125113,1
7968,2.070515,1
7969,0.51148,1
7970,1.501923,1
7971,2.501693,0
7972,0.34594,0
7973,2.352746,0
7974,4.912158,1
7975,0.704896,0
7976,3.064618,1
7977,3.280655,0
7978,0.456495,0
7979,0.244837,1
7980,0.188186,0
7981,5.708503,1
7982,1.370224,0
7983,2.11789,1
7984,0.259913,0
7985,0.560535,1
7986,2.635308,0
7987,0.15236,0
7988,0.344548,1
7989,4.079294,0
7990,2.728851,0
7991,0.216829,0
7992,0.666699,0
7993,0.984544,1
7994,0.396005,0
7995,0.389062,0
7996,0.277753,1
7997,3.079506,1
7998,1.40186,0
7999,0.749551,0
8000,1.147399,1
8001,0.621782,1
8002,2.755821,0
8003,1.722573,1
8004,0.553917,0
8005,4.684351,0
8006,2.759317,0
8007,4.747717,1
8008,0.438489,1
8009,0.601408,0
8010,0.659166,1
8011,2.205196,1
8012,0.655468,0
8013,2.358261,0
8014,2.336214,0
8015,5.639475,1
8016,2.343074,1
8017,1.979342,0
8018,0.422756,0
8019,1.552779,1
8020,1.308398,1
8021,1.916159,0
8022,0.241029,1
8023,3.939937,0
8024,0.133365,0
8025,0.303027,1
8026,0.341491,0
8027,1.869946,1
8028,2.310925,0
8029,0.51135,0
8030,0.083654,0
8031,3.215361,1
8032,0.57482,1
8033,2.557943,1
8034,1.974695,0
8035,2.590334,0
8036,2.388717,0
8037,1.837906,0
8038,0.610633,0
8039,1.464766,0
8040,0.425656,0
8041,0.10629,1
8042,1.094766,0
8043,0.86236,0
8044,0.434316,0
8045,0.364469,1
8046,1.256848,0
8047,3.531092,1
8048,3.642189,1
8049,0.734636,1
8050,2.839174,1
8051,1.188522,1
8052,3.249747,1
8053,1.342734,0
8054,1.6585,1
8055,0.896703,0
8056,2.617499,0
8057,1.16182,1
8058,3.179057,1
8059,2.505808,1
8060,4.862213,1
8061,0.322925,1
8062,0.255037,1
8063,3.002987,1
8064,0.202967,0
8065,2.906782,1
8066,1.702983,0
8067,3.294944,1
8068,0.906648,1
8069,3.032722,0
8070,1.147699,0
8071,3.051316,0
8072,1.267265,0
8073,2.009829,1
8074,0.242293,1
8075,2.26141,0
8076,1.032631,1
8077,0.540827,0
8078,0.268962,0
8079,1.998845,0
8080,0.346915,0
8081,1.405199,0
8082,3.575984,0
8083,0.488992,1
8084,3.515011,1
8085,2.206835,1
8086,0.620808,1
8087,1.830166,0
8088,2.262767,0
8089,1.371802,1
8090,4.161319,0
8091,2.35745,1
8092,1.142956,0
8093,3.755089,1
8094,3.935055,0
8095,0.3313,0
8096,0.377359,1
8097,0.565615,0
8098,0.249065,1
8099,0.696006,1
8100,5.943817,1
8101,1.605981,1
8102,1.988652,0
8103,0.069206,0
8104,0.317626,0
8105,0.441968,1
8106,0.368164,0
8107,2.316926,1
8108,0.323398,1
8109,0.682577,1
8110,2.684113,0
8111,1.765811,0
8112,0.287576,1
8113,3.263309,0
8114,2.270159,0
8115,2.06011,0
8116,0.706216,1
8117,1.422503,1
8118,2.779634,1
8119,0.330224,0
8120,1.261574,1
8121,1.585966,0
8122,0.138794,1
8123,0.204489,1
8124,0.215692,1
8125,0.740997,1
8126,1.918522,1
8127,0.264118,0
8128,0.2574,0
8129,1.694331,0
8130,0.807948,0
8131,1.906978,0
8132,2.469871,1
8133,0.849224,1
8134,0.57561,0
8135,0.130337,0
8136,0.21617,1
8137,0.327833,1
8138,1.056114,0
8139,0.467004,0
8140,0.212324,1
8141,1.993177,1
8142,3.22661,0
8143,2.515911,0
8144,0.238047,0
8145,0.433167,1
8146,3.308486,0
8147,2.415016,1
8148,1.835477,0
8149,0.644591,0
8150,2.151739,0
8151,2.024378,1
8152,0.220737,0
8153,0.191724,0
8154,0.11475,1
8155,2.323768,0
8156,0.938705,1
8157,1.396415,1
8158,4.056439,0
8159,1.883052,0
8160,3.750479,0
8161,2.551665,0
8162,1.728306,0
8163,4.046298,0
8164,0.55229,0
8165,0.642828,1
8166,3.574753,1
8167,1.075895,0
8168,0.706886,0
8169,0.59887,0
8170,2.135497,1
8171,0.510124,1
8172,3.044943,0
8173,0.564178,1
8174,0.914377,1
8175,0.562325,0
8176,3.302346,1
8177,0.524517,0
8178,0.734713,1
8179,0.398877,0
8180,4.149558,1
8181,0.179764,1
8182,0.140616,1
8183,0.223302,1
8184,1.142594,0
8185,1.94957,0
8186,1.319634,0
8187,0.136653,1
8188,0.609911,0
8189,5.165089,0
8190,2.573956,0
8191,1.021436,1
8192,0.233133,0
8193,2.989783,0
8194,4.471865,1
8195,4.059361,0
8196,3.441099,1
8197,2.23207,1
8198,3.180017,1
8199,4.246692,1
8200,1.647496,0
8201,0.41015,0
8202,0.118211,1
8203,2.258293,0
8204,3.843696,0
8205,0.416549,0
8206,0.315543,1
8207,1.27336,1
8208,0.634787,0
8209,1.552427,0
8210,0.235375,1
8211,0.707433,0
8212,0.443506,0
8213,0.573012,1
8214,1.924818,1
8215,3.862068,1
8216,2.866077,0
8217,0.602558,1
8218,2.05417,0
8219,2.133025,0
8220,0.753488,1
8221,1.739376,0
8222,2.220715,0
8223,3.212248,0
8224,3.221763,1
8225,0.22412,1
8226,0.535263,1
8227,1.836669,0
8228,2.017807,0
8229,1.99667,0
8230,0.448431,0
8231,2.681332,0
8232,2.096885,0
8233,0.70141,1
8234,4.198155,1
8235,1.464605,0
8236,1.441801,0
8237,4.249794,1
8238,1.839472,0
8239,0.723387,0
8240,0.771191,1
8241,3.634316,0
8242,0.969825,0
8243,4.253642,1
8244,5.071428,1
8245,4.661904,1
8246,0.284074,1
8247,3.754849,1
8248,0.861215,1
8249,0.635789,0
8250,2.690703,0
8251,3.522205,0
8252,0.083484,0
8253,2.478778,0
8254,0.248386,0
8255,2.329584,0
8256,0.556971,1
8257,0.405545,1
8258,0.610467,0
8259,1.651825,1
8260,1.065683,1
8261,1.284632,1
8262,2.3889,0
8263,0.307039,0
8264,0.413996,0
8265,3.194296,0
8266,0.7169,1
8267,5.253998,1
8268,2.699418,0
8269,1.861671,1
8270,3.268595,1
8271,0.54989,1
8272,2.540307,0
8273,1.255572,1
8274,2.708678,1
8275,2.33307,0
8276,3.126216,0
8277,0.210332,1
8278,0.682423,0
8279,2.424781,0
8280,0.077893,0
8281,1.576551,0
8282,1.254797,1
8283,0.292754,0
8284,4.194149,1
8285,4.69922,1
8286,0.779155,1
8287,0.294605,1
8288,0.313517,0
8289,0.238103,1
8290,1.508558,0
8291,1.040163,1
8292,0.097113,0
8293,4.159936,0
8294,0.409626,0
8295,0.15445,0
8296,3.707356,1
8297,3.627822,0
8298,1.088308,1
8299,1.517967,0
8300,2.577479,0
8301,0.498354,1
8302,0.417639,0
8303,2.912386,0
8304,2.745561,0
8305,2.337969,0
8306,0.327669,0
8307,1.789753,0
8308,2.821419,0
8309,2.34974,1
8310,1.949585,1
8311,4.33043,0
8312,1.144919,0
8313,0.549038,1
8314,3.436037,0
8315,1.009001,1
8316,0.264889,0
8317,2.533017,1
8318,0.371601,0
8319,0.296013,1
8320,4.27633,0
8321,0.114109,1
8322,0.149092,1
8323,2.840392,0
8324,1.11434,0
8325,1.639191,0
8326,3.627385,1
8327,3.285174,0
8328,5.600705,1
8329,1.751386,1
8330,0.90665,1
8331,3.988329,1
8332,0.208737,0
8333,3.374371,0
8334,1.542259,0
8335,0.503438,1
8336,0.266733,1
8337,2.624197,1
8338,1.047282,1
8339,4.357717,1
8340,1.815573,1
8341,0.122726,1
8342,0.828004,0
8343,0.320715,0
8344,0.952993,0
8345,2.511335,0
8346,2.864464,0
8347,0.404785,0
8348,0.594517,0
8349,4.056873,0
8350,3.530326,1
8351,0.250461,1
8352,3.057686,1
8353,0.455825,0
8354,3.686682,0
8355,0.331488,0
8356,1.729937,0
8357,1.376075,1
8358,1.033435,1
8359,3.386014,0
8360,1.688888,0
8361,2.258523,1
8362,0.382253,0
8363,3.21981,1
8364,0.354391,1
8365,3.023221,0
8366,2.802278,0
8367,2.458124,0
8368,1.170004,1
8369,2.940768,0
8370,3.769105,0
8371,0.76227,1
8372,2.714461,1
8373,1.668297,1
8374,0.14574,1
8375,0.762734,1
8376,2.453844,1
8377,0.716756,1
8378,0.30494,0
8379,0.855044,1
8380,1.264709,1
8381,1.847011,0
8382,1.107951,1
8383,2.80654,0
8384,0.889846,1
8385,0.23107,0
8386,2.752584,0
8387,0.807001,0
8388,2.810244,0
8389,0.449844,0
8390,1.91879,1
8391,0.591222,0
8392,0.406289,0
8393,0.455554,1
8394,1.075575,1
8395,2.837779,1
8396,3.23276,1
8397,0.512652,1
8398,0.660781,1
8399,4.544639,1
8400,0.897951,0
8401,3.542868,1
8402,0.504216,1
8403,0.268296,0
8404,1.404379,0
8405,0.214628,0
8406,2.650345,1
8407,1.301846,1
8408,1.337663,1
8409,1.490811,0
8410,3.027877,0
8411,0.311112,1
8412,0.512948,1
8413,1.368719,1
8414,3.911652,0
8415,0.225048,0
8416,2.409767,0
8417,1.860038,1
8418,1.395089,1
8419,0.428136,0
8420,0.235989,0
8421,0.402094,0
8422,0.358263,1
8423,0.771457,0
8424,0.614091,1
8425,1.363172,1
8426,3.244132,0
8427,2.346564,0
8428,0.359248,1
8429,2.000707,1
8430,0.227906,1
8431,3.01339,0
8432,0.288593,0
8433,0.259523,1
8434,3.98509,1
8435,3.791376,1
8436,0.276723,0
8437,1.10803,1
8438,0.3778,1
8439,3.656876,0
8440,2.87443,0
8441,3.309689,1
8442,1.066408,1
8443,2.212699,1
8444,1.572856,1
8445,0.687778,1
8446,0.368298,0
8447,0.550909,1
8448,0.423907,0
8449,1.820828,1
8450,0.478371,1
8451,2.012565,0
8452,0.904218,1
8453,1.397772,1
8454,0.284836,0
8455,1.182672,1
8456,2.4692,1
8457,2.408341,0
8458,0.896351,0
8459,2.002137,0
8460,1.341331,1
8461,2.064687,0
8462,1.603593,0
8463,2.279539,0
8464,0.544349,0
8465,2.247024,0
8466,0.300714,1
8467,3.355377,1
8468,2.48465,1
8469,0.753348,1
8470,1.375201,1
8471,0.166015,1
8472,4.756175,1
8473,3.782157,1
8474,2.945443,0
8475,1.653204,1
8476,0.345607,1
8477,0.254856,0
8478,2.793777,0
8479,0.373329,0
8480,0.516345,0
8481,2.04458,0
8482,1.015172,0
8483,0.868543,1
8484,0.903643,1
8485,1.056991,1
8486,0.530435,0
8487,1.86088,0
8488,0.665179,0
8489,1.132035,0
8490,1.292142,1
8491,3.394144,1
8492,0.214999,1
8493,0.5572,0
8494,3.067259,1
8495,0.701484,1
8496,1.074299,1
8497,1.816535,0
8498,3.327886,0
8499,2.492907,1
8500,0.291415,0
8501,0.339303,1
8502,0.376635,1
8503,1.433729,1
8504,0.454869,1
8505,0.217835,1
8506,0.821301,1
8507,2.014822,1
8508,0.388577,1
8509,4.283702,1
8510,0.648325,1
8511,0.696149,1
8512,3.198988,0
8513,0.468067,0
8514,1.775026,0
8515,4.732145,0
8516,1.08926,1
8517,3.329053,0
8518,1.90941,0
8519,1.160933,1
8520,2.099118,0
8521,0.381444,1
8522,0.12377,1
8523,3.846626,1
8524,0.152579,1
8525,2.551486,0
8526,1.170526,0
8527,1.249944,0
8528,2.163813,0
8529,0.69705,0
8530,0.391998,0
8531,4.458788,0
8532,0.142067,1
8533,0.249723,1
8534,0.416089,1
8535,0.927621,1
8536,1.099294,1
8537,0.203477,1
8538,0.544013,1
8539,1.863871,1
8540,2.0118,0
8541,0.175614,1
8542,2.801483,1
8543,0.382118,0
8544,0.283995,1
8545,0.580359,0
8546,0.827893,1
8547,4.386321,0
8548,2.766108,0
8549,3.92262,1
8550,0.407446,0
8551,0.633782,0
8552,2.300097,0
8553,2.40114,0
8554,0.902224,0
8555,3.653735,1
8556,0.819796,0
8557,1.701925,1
8558,0.447798,0
8559,0.554915,0
8560,0.577141,1
8561,0.295522,1
8562,0.950869,1
8563,1.167578,0
8564,1.448165,0
8565,0.196031,0
8566,2.641256,1
8567,2.078187,0
8568,2.113328,0
8569,0.793132,0
8570,0.270648,0
8571,0.285648,1
8572,1.888986,0
8573,0.546896,0
8574,2.580616,0
8575,0.303082,1
8576,0.362698,1
8577,0.352578,1
8578,0.392085,1
8579,2.963681,0
8580,1.124483,0
8581,0.109777,0
8582,2.425041,1
8583,0.140689,0
8584,2.68498,0
8585,0.689827,0
8586,1.628662,1
8587,0.531703,1
8588,0.584462,0
8589,2.355413,1
8590,1.325201,1
8591,0.404226,0
8592,1.032753,0
8593,0.205667,0
8594,0.795682,1
8595,0.489954,1
8596,0.186428,0
8597,1.362474,0
8598,4.3303,0
8599,0.710697,1
8600,0.204538,1
8601,0.142126,1
8602,1.25265,1
8603,2.220237,0
8604,2.577046,0
8605,0.179809,1
8606,2.772055,0
8607,0.596025,0
8608,0.212056,1
8609,1.975504,1
8610,2.784973,0
8611,2.306885,1
8612,0.558704,1
8613,0.63001,1
8614,0.153471,0
8615,2.236401,1
8616,0.873153,0
8617,0.176855,0
8618,2.839567,0
8619,0.159349,1
8620,3.462277,1
8621,0.995582,0
8622,1.950514,0
8623,3.282993,0
8624,0.970928,1
8625,1.846233,1
8626,1.66034,0
8627,3.208729,0
8628,0.822086,0
8629,1.273281,1
8630,0.140642,1
8631,1.401723,1
8632,3.378403,1
8633,2.914203,0
8634,2.757842,1
8635,2.694971,0
8636,3.747898,1
8637,0.276842,1
8638,0.588944,1
8639,0.414977,1
8640,1.088572,0
8641,0.572411,1
8642,0.187509,0
8643,2.597603,1
8644,0.698429,0
8645,0.455396,1
8646,0.184714,0
8647,1.231985,1
8648,0.879937,0
8649,1.305319,0
8650,3.071779,0
8651,2.339838,0
8652,0.409979,1
8653,0.379059,1
8654,0.267751,0
8655,0.470621,1
8656,0.482187,0
8657,1.709695,0
8658,0.9257,1
8659,0.971115,0
8660,2.882991,1
8661,2.448529,0
8662,3.560037,1
8663,2.530568,0
8664,2.34132,0
8665,1.17883,0
8666,2.913616,0
8667,0.602653,0
8668,2.601743,1
8669,0.440244,0
8670,2.497701,0
8671,1.658431,1
8672,2.974585,1
8673,2.442012,0
8674,3.063585,0
8675,1.098111,0
8676,0.773682,1
8677,0.945462,0
8678,0.566812,1
8679,3.08324,0
8680,0.486101,0
8681,0.763288,1
8682,0.240772,0
8683,0.381914,0
8684,2.193814,0
8685,0.307832,0
8686,0.542461,0
8687,0.851008,1
8688,0.659432,1
8689,0.155396,0
8690,2.254878,0
8691,1.261028,0
8692,2.027625,0
8693,2.973992,0
8694,1.643066,0
8695,3.23561,1
8696,1.122142,1
8697,2.556296,0
8698,0.349959,1
8699,2.466985,0
8700,2.012613,1
8701,1.146281,0
8702,0.255573,0
8703,3.462134,0
8704,0.343684,1
8705,0.622114,0
8706,0.482316,0
8707,2.323118,0
8708,0.306931,0
8709,2.173092,0
8710,0.180917,1
8711,0.3729,0
8712,2.211846,0
8713,0.416867,1
8714,5.304442,0
8715,4.170063,0
8716,0.282402,0
8717,0.534922,0
8718,0.403283,0
8719,2.597101,1
8720,1.7515,0
8721,2.189142,0
8722,0.18483,0
8723,3.462902,0
8724,0.37406,1
8725,0.316465,0
8726,4.635055,1
8727,0.231717,0
8728,0.426463,1
8729,2.06971,0
8730,3.809381,1
8731,2.052831,0
8732,1.57213,1
8733,0.42908,1
8734,0.241896,0
8735,4.534761,1
8736,3.661044,0
8737,0.167193,0
8738,0.12334,1
8739,0.666559,1
8740,0.556981,0
8741,2.165675,0
8742,1.342602,0
8743,0.822471,1
8744,5.153246,0
8745,0.227924,1
8746,0.95881,1
8747,0.667585,0
8748,3.301087,1
8749,2.999556,0
8750,0.613151,0
8751,0.469262,1
8752,0.565446,1
8753,0.103933,1
8754,0.775289,0
8755,0.514165,0
8756,4.662898,1
8757,1.046902,0
8758,0.81804,0
8759,2.728503,0
8760,0.105529,0
8761,2.858053,0
8762,3.514298,1
8763,3.437831,0
8764,2.645561,1
8765,0.714376,0
8766,2.000295,0
8767,3.022001,0
8768,0.493809,1
8769,0.173136,1
8770,4.139751,1
8771,0.571923,1
8772,0.189488,1
8773,2.035143,1
8774,3.880537,0
8775,1.874603,0
8776,4.013629,0
8777,1.380111,1
8778,0.554739,1
8779,5.877003,1
8780,3.211058,0
8781,1.040524,1
8782,2.241891,0
8783,3.038613,0
8784,0.951845,0
8785,2.497883,0
8786,1.877294,1
8787,0.422655,0
8788,0.102707,0
8789,0.789238,1
8790,3.458655,1
8791,1.352606,1
8792,1.421902,0
8793,1.085931,0
8794,2.951287,1
8795,0.29734,1
8796,3.192105,0
8797,0.89196,1
8798,0.280144,1
8799,2.871263,0
8800,5.125733,1
8801,0.489929,0
8802,1.416404,1
8803,2.124845,0
8804,0.150204,0
8805,0.623625,1
8806,1.001285,1
8807,0.760904,1
8808,0.362581,0
8809,1.358265,0
8810,2.852507,0
8811,0.649419,1
8812,2.933151,0
8813,0.218644,0
8814,2.829054,1
8815,0.26617,1
8816,2.385685,0
8817,1.886031,0
8818,2.583003,0
8819,0.679256,0
8820,0.50453,0
8821,1.712803,1
8822,2.427037,1
8823,1.106029,1
8824,0.385121,0
8825,1.74689,0
8826,0.206728,0
8827,0.773927,1
8828,2.34342,0
8829,3.134176,1
8830,0.73518,1
8831,0.821538,1
8832,4.474457,1
8833,3.069971,1
8834,2.17302,1
8835,0.649071,1
8836,3.079884,0
8837,0.459886,0
8838,0.355527,1
8839,4.90447,1
8840,0.182484,1
8841,0.869222,1
8842,3.135711,1
8843,0.726881,0
8844,3.535034,1
8845,1.114495,1
8846,0.735249,1
8847,1.918176,0
8848,0.712255,1
8849,1.793386,0
8850,0.552495,1
8851,4.11489,0
8852,0.402811,0
8853,4.220119,1
8854,3.18512,1
8855,0.611903,0
8856,1.935842,0
8857,0.523966,0
8858,3.754193,1
8859,3.005998,1
8860,1.307889,0
8861,0.34395,0
8862,0.144477,1
8863,5.340445,1
8864,0.238394,1
8865,3.591735,0
8866,0.156897,1
8867,1.961445,0
8868,0.573743,1
8869,0.4858,1
8870,0.450003,0
8871,4.170691,0
8872,0.47931,0
8873,0.531125,0
8874,3.244668,1
8875,2.749487,0
8876,0.699831,0
8877,0.170757,0
8878,1.694829,1
8879,1.019932,1
8880,1.295923,1
8881,0.47892,0
8882,0.899039,1
8883,4.017522,0
8884,4.367384,1
8885,2.363169,0
8886,3.961295,1
8887,0.620623,0
8888,2.622184,0
8889,0.373204,0
8890,2.641603,0
8891,3.738075,0
8892,3.749582,0
8893,2.453271,1
8894,2.760569,0
8895,0.394485,0
8896,0.111057,0
8897,0.162659,1
8898,0.368328,1
8899,0.778375,0
8900,1.322654,0
8901,0.638715,0
8902,0.172381,1
8903,0.632679,0
8904,3.448139,1
8905,1.04571,0
8906,3.131381,1
8907,3.354405,0
8908,0.978571,1
8909,4.927094,1
8910,3.947872,1
8911,0.941964,1
8912,1.898494,1
8913,0.862416,0
8914,3.535977,0
8915,0.916344,1
8916,0.296481,1
8917,2.812828,0
8918,0.286912,1
8919,0.513377,0
8920,2.864937,0
8921,0.322369,0
8922,0.78799,0
8923,0.075395,0
8924,0.515418,1
8925,0.974325,0
8926,1.132905,1
8927,0.553996,1
8928,1.03489,0
8929,2.671223,0
8930,0.095577,1
8931,2.606134,1
8932,2.706125,0
8933,0.745275,1
8934,0.650735,1
8935,0.376863,1
8936,0.288975,1
8937,2.062658,0
8938,0.475074,1
8939,0.200319,1
8940,2.11487,0
8941,1.783357,1
8942,2.742632,0
8943,0.273611,1
8944,4.626511,0
8945,0.193258,1
8946,0.809521,1
8947,3.050029,1
8948,0.378701,0
8949,3.990943,1
8950,2.18267,0
8951,1.84739,0
8952,0.817027,0
8953,0.711575,1
8954,0.669221,1
8955,3.070985,0
8956,0.552048,1
8957,0.284057,0
8958,0.607377,1
8959,4.588281,1
8960,4.942212,1
8961,3.317171,1
8962,1.659279,0
8963,1.292919,0
8964,0.471891,1
8965,0.77573,0
8966,2.599614,1
8967,0.285642,1
8968,1.668053,0
8969,1.006272,0
8970,2.998382,1
8971,2.123149,0
8972,0.539335,0
8973,0.341996,1
8974,0.486219,1
8975,0.592033,0
8976,0.254321,0
8977,3.318284,1
8978,2.951406,1
8979,3.204994,0
8980,3.824778,0
8981,0.394651,0
8982,0.14778,0
8983,0.354422,1
8984,1.626523,0
8985,0.426212,1
8986,0.61387,0
8987,3.064516,0
8988,4.102482,0
8989,0.731049,1
8990,2.559578,0
8991,4.510217,1
8992,1.512456,1
8993,0.28754,0
8994,0.663018,1
8995,4.083609,1
8996,0.794661,1
8997,0.635911,1
8998,1.076532,1
8999,2.7072,0
9000,2.544425,0
9001,0.989065,1
9002,2.452874,0
9003,0.128179,0
9004,2.271868,0
9005,0.210042,0
9006,0.123367,1
9007,2.584898,1
9008,1.744059,0
9009,0.242886,0
9010,1.5602,0
9011,0.370898,1
9012,1.570891,0
9013,4.399452,0
9014,1.984732,0
9015,4.489083,0
9016,0.474438,1
9017,0.10389,1
9018,0.13769,1
9019,1.791352,0
9020,0.417972,0
9021,0.094531,1
9022,2.505639,1
9023,0.521242,0
9024,3.228296,0
9025,0.173179,0
9026,2.659866,1
9027,0.111994,1
9028,1.594206,1
9029,4.269324,1
9030,3.636323,1
9031,0.836033,0
9032,0.859182,1
9033,2.426827,0
9034,2.732573,1
9035,0.426671,1
9036,1.003732,0
9037,0.244025,1
9038,2.316079,0
9039,1.137527,1
9040,2.327409,0
9041,2.749994,0
9042,1.00997,0
9043,3.980723,0
9044,2.435868,0
9045,3.58316,0
9046,0.552714,0
9047,4.654869,0
9048,5.276297,1
9049,3.673116,1
9050,2.738478,0
9051,0.241896,0
9052,0.153922,0
9053,3.664457,0
9054,0.685071,1
9055,2.119033,0
9056,0.3486,0
9057,2.146879,0
9058,2.480831,1
9059,1.641385,0
9060,3.981777,1
9061,3.642238,1
9062,3.216398,1
9063,2.666755,1
9064,1.341453,0
9065,0.425944,1
9066,0.16864,0
9067,1.273758,0
9068,1.183703,0
9069,0.770413,0
9070,0.236977,0
9071,3.363338,1
9072,3.426381,1
9073,3.547699,0
9074,1.055186,1
9075,0.288677,1
9076,0.98725,0
9077,3.098233,0
9078,0.537716,0
9079,1.75591,0
9080,0.771211,0
9081,1.874359,1
9082,2.771967,0
9083,2.632587,0
9084,1.473491,0
9085,0.550953,0
9086,2.600132,0
9087,1.157026,1
9088,0.106035,0
9089,0.950567,1
9090,1.406992,0
9091,0.457835,1
9092,4.1155,1
9093,0.273282,0
9094,1.399904,0
9095,0.435186,0
9096,1.675881,0
9097,0.960441,1
9098,2.274413,0
9099,0.227188,1
9100,0.712943,0
9101,1.736967,1
9102,0.314327,1
9103,0.47665,0
9104,0.210995,1
9105,0.519881,0
9106,0.537818,1
9107,1.950052,0
9108,3.498235,1
9109,1.107395,1
9110,0.366348,1
9111,5.099094,0
9112,4.092431,1
9113,0.464666,1
9114,1.660764,0
9115,1.29383,0
9116,0.165611,0
9117,4.327954,0
9118,1.819839,0
9119,1.082701,1
9120,2.479848,1
9121,0.560482,0
9122,3.936777,1
9123,5.789001,1
9124,0.607154,1
9125,1.402736,1
9126,0.27658,1
9127,2.806159,0
9128,3.340587,0
9129,2.822952,0
9130,2.049498,1
9131,0.2848,1
9132,3.744892,1
9133,0.205428,0
9134,0.517023,1
9135,2.986417,1
9136,0.953657,0
9137,0.199835,0
9138,4.282419,1
9139,0.526221,0
9140,2.594514,0
9141,0.757841,0
9142,1.212186,0
9143,1.375608,0
9144,2.279839,1
9145,0.297764,0
9146,0.121415,1
9147,3.733463,0
9148,3.064051,1
9149,0.175512,0
9150,2.639661,0
9151,0.537885,1
9152,0.544225,1
9153,0.316181,0
9154,0.475965,1
9155,0.398158,1
9156,0.74779,1
9157,0.161934,0
9158,2.24645,1
9159,0.3413,0
9160,1.023003,1
9161,0.798487,0
9162,0.76552,0
9163,0.26063,1
9164,1.088874,0
9165,0.128524,1
9166,0.96457,0
9167,0.807437,0
9168,4.88944,1
9169,0.306119,1
9170,0.287449,0
9171,0.606842,1
9172,0.052635,0
9173,0.469203,0
9174,2.504191,0
9175,4.385363,0
9176,1.805055,0
9177,0.1595,0
9178,2.97616,1
9179,4.537416,0
9180,3.63411,1
9181,0.48971,0
9182,4.958828,1
9183,2.643432,0
9184,2.398412,0
9185,1.18082,1
9186,1.996556,0
9187,0.661421,1
9188,0.419692,1
9189,1.585307,1
9190,0.912716,1
9191,0.123375,1
9192,0.421843,0
9193,0.932946,0
9194,0.517576,0
9195,1.505032,0
9196,2.405813,1
9197,2.190123,0
9198,2.335155,0
9199,2.44338,1
9200,1.426183,0
9201,5.117146,1
9202,0.199992,1
9203,0.307606,0
9204,2.422882,0
9205,0.838526,1
9206,0.108728,1
9207,0.238854,0
9208,0.153575,1
9209,2.549406,0
9210,2.387128,1
9211,2.458849,1
9212,4.663201,1
9213,1.048811,0
9214,0.224084,0
9215,2.143777,0
9216,3.20864,1
9217,0.188231,1
9218,0.401652,0
9219,0.944197,1
9220,2.508428,0
9221,1.081994,0
9222,3.354253,0
9223,2.002616,1
9224,1.438723,0
9225,2.889415,0
9226,0.991467,1
9227,1.019964,0
9228,0.792323,1
9229,1.728938,0
9230,0.769146,1
9231,3.464218,0
9232,3.452448,1
9233,4.416644,1
9234,4.982637,0
9235,3.582206,1
9236,0.541512,0
9237,2.941917,0
9238,5.785132,1
9239,0.214774,1
9240,1.69818,0
9241,2.004661,1
9242,4.089756,1
9243,2.288387,0
9244,0.626197,1
9245,1.410997,1
9246,0.468774,1
9247,2.104766,0
9248,1.121145,1
9249,0.701114,0
9250,0.347411,1
9251,2.590541,0
9252,2.773405,0
9253,0.166946,0
9254,1.721629,1
9255,2.504822,0
9256,4.137271,0
9257,1.240718,0
9258,0.267164,0
9259,0.292213,0
9260,3.08932,1
9261,1.676006,0
9262,2.352558,1
9263,0.48376,1
9264,1.200933,1
9265,2.256401,0
9266,3.451979,1
9267,4.051808,1
9268,1.578826,1
9269,2.23696,0
9270,0.234043,1
9271,0.306125,1
9272,0.31251,0
9273,0.144665,1
9274,0.80592,0
9275,3.529571,0
9276,1.163257,0
9277,3.800204,1
9278,0.16377,1
9279,3.067626,0
9280,0.360728,1
9281,0.343945,1
9282,0.74971,0
9283,0.600234,1
9284,2.069786,0
9285,0.80319,1
9286,1.008753,1
9287,1.319402,0
9288,2.064222,1
9289,0.161988,1
9290,2.312482,0
9291,0.562461,1
9292,0.66928,0
9293,0.125863,1
9294,3.165658,0
9295,1.266886,0
9296,3.911801,0
9297,1.676625,1
9298,1.277211,0
9299,1.664284,1
9300,4.155784,1
9301,0.587544,0
9302,0.901006,0
9303,0.442863,1
9304,4.03636,0
9305,1.433542,1
9306,4.18213,1
9307,2.289891,0
9308,1.039315,0
9309,0.421446,1
9310,2.858463,0
9311,2.056227,0
9312,1.198177,0
9313,2.276076,1
9314,2.656,0
9315,2.403828,0
9316,1.877006,0
9317,3.352193,1
9318,0.476969,0
9319,1.316637,0
9320,0.894608,1
9321,1.751679,0
9322,0.25256,0
9323,1.197592,1
9324,0.381266,1
9325,0.386825,0
9326,2.625196,0
9327,1.475242,1
9328,0.241449,1
9329,0.826483,1
9330,1.574833,0
9331,2.973946,0
9332,0.99797,0
9333,0.646091,1
9334,2.10306,0
9335,0.557514,0
9336,5.05833,1
9337,1.298424,0
9338,0.45827,1
9339,3.932876,0
9340,0.727555,1
9341,1.39926,0
9342,0.466004,1
9343,0.292329,0
9344,0.500459,1
9345,0.379206,1
9346,0.9677,1
9347,1.690911,0
9348,2.041194,1
9349,4.890263,1
9350,0.667876,0
9351,1.754029,0
9352,0.886953,0
9353,1.599612,0
9354,0.220745,0
9355,0.420897,1
9356,3.793985,0
9357,2.849547,0
9358,0.522934,1
9359,2.815635,0
9360,2.495055,0
9361,3.372022,0
9362,1.107461,1
9363,0.942464,1
9364,2.306579,0
9365,0.325781,1
9366,2.617391,0
9367,3.655269,0
9368,1.391511,0
9369,0.404242,1
9370,2.861223,0
9371,2.265963,0
9372,0.405828,0
9373,4.562315,1
9374,0.418959,1
9375,0.298784,0
9376,1.730442,0
9377,2.112792,0
9378,1.600697,0
9379,2.416212,0
9380,0.571321,0
9381,0.710888,0
9382,0.684282,1
9383,1.702314,1
9384,0.125411,0
9385,4.347904,1
9386,2.488475,0
9387,1.550864,0
9388,1.269742,0
9389,0.545044,1
9390,2.844425,0
9391,2.573471,1
9392,0.640114,1
9393,2.038922,0
9394,1.195301,0
9395,1.035557,0
9396,0.112867,0
9397,0.993064,0
9398,3.337133,0
9399,2.046848,0
9400,0.106162,0
9401,1.03981,0
9402,0.729917,1
9403,2.466001,1
9404,0.590471,0
9405,2.359588,0
9406,0.260677,1
9407,0.160886,1
9408,0.268571,1
9409,0.619933,1
9410,1.936156,0
9411,2.830313,1
9412,1.505789,0
9413,0.913616,0
9414,1.523654,0
9415,0.585656,0
9416,0.441588,0
9417,2.155056,1
9418,2.809193,1
9419,1.808353,1
9420,3.273446,0
9421,2.424109,1
9422,2.175119,0
9423,3.328861,0
9424,3.814311,0
9425,4.067499,1
9426,0.509059,0
9427,0.951965,0
9428,3.219883,0
9429,1.50823,0
9430,2.152059,1
9431,3.918192,1
9432,1.410969,0
9433,0.916723,1
9434,1.892293,0
9435,0.858756,1
9436,0.566064,1
9437,1.725847,0
9438,0.536966,1
9439,0.964271,0
9440,3.387733,1
9441,0.961886,1
9442,2.533602,0
9443,1.075996,1
9444,0.354841,0
9445,2.91763,1
9446,1.105023,0
9447,3.336493,0
9448,0.732347,1
9449,0.559443,1
9450,0.964539,1
9451,5.454561,1
9452,1.131971,1
9453,1.327376,1
9454,0.915949,0
9455,0.817053,0
9456,5.179779,1
9457,0.181621,1
9458,2.46574,1
9459,2.284086,0
9460,3.767786,0
9461,0.672456,1
9462,0.239146,1
9463,0.706069,1
9464,1.54014,0
9465,0.494392,1
9466,1.711663,0
9467,0.438564,1
9468,0.904411,1
9469,4.517975,1
9470,1.265389,1
9471,0.718812,1
9472,0.224863,1
9473,0.236529,1
9474,0.247533,0
9475,0.39524,1
9476,2.040036,1
9477,0.293272,0
9478,1.296299,1
9479,1.502763,0
9480,2.319595,1
9481,2.3068,0
9482,1.96977,1
9483,0.284336,1
9484,2.581502,0
9485,4.224802,0
9486,0.241796,1
9487,2.95377,1
9488,0.678355,1
9489,2.003937,0
9490,0.074349,1
9491,1.996687,1
9492,2.340076,0
9493,0.596203,1
9494,0.285341,1
9495,4.725589,1
9496,2.705711,1
9497,2.318567,0
9498,1.16662,0
9499,0.20012,1
9500,0.227198,0
9501,1.034762,0
9502,3.159115,0
9503,2.190482,0
9504,3.948337,1
9505,0.281856,1
9506,3.397678,1
9507,2.046085,1
9508,2.084901,0
9509,2.845278,0
9510,0.57403,1
9511,1.507926,1
9512,0.515558,1
9513,0.659778,0
9514,2.814135,1
9515,1.676937,1
9516,2.325004,1
9517,0.628481,0
9518,1.910046,0
9519,2.34023,0
9520,1.148116,0
9521,2.866553,1
9522,0.444253,1
9523,0.201115,1
9524,3.543629,1
9525,3.542176,0
9526,3.779368,1
9527,1.147851,1
9528,2.34759,0
9529,2.171907,1
9530,0.891473,1
9531,4.393342,0
9532,1.867868,0
9533,0.305855,1
9534,0.241885,1
9535,0.138338,0
9536,2.722827,1
9537,0.286124,0
9538,0.335492,0
9539,2.421235,0
9540,0.694305,0
9541,5.227375,0
9542,1.849801,0
9543,0.492506,0
9544,0.555713,1
9545,0.314239,1
9546,0.694039,1
9547,1.599286,1
9548,0.437979,0
9549,0.317857,0
9550,0.209452,0
9551,1.184094,0
9552,2.43457,0
9553,0.185122,1
9554,1.758513,0
9555,0.833119,0
9556,2.72647,0
9557,0.724628,1
9558,0.298781,0
9559,0.477292,1
9560,1.237252,0
9561,3.705458,1
9562,0.573002,0
9563,3.778334,0
9564,3.631657,1
9565,1.558203,0
9566,0.309847,0
9567,2.266074,0
9568,0.568643,0
9569,3.865812,0
9570,2.540639,0
9571,0.397112,0
9572,0.436955,1
9573,1.204892,0
9574,1.016467,1
9575,0.420941,1
9576,2.487808,1
9577,3.938729,0
9578,1.376422,1
9579,0.189042,1
9580,2.247439,0
9581,1.476983,1
9582,3.245848,0
9583,0.364072,0
9584,0.634046,1
9585,1.111197,0
9586,2.341573,0
9587,0.253506,1
9588,1.326854,1
9589,1.161353,1
9590,2.032901,0
9591,0.38399,0
9592,0.308692,0
9593,0.3606,1
9594,0.536574,0
9595,2.646435,1
9596,3.482725,0
9597,1.585394,1
9598,3.302768,0
9599,2.644203,0
9600,0.195174,0
9601,0.869224,1
9602,1.48065,1
9603,0.535411,1
9604,0.158092,0
9605,0.083397,1
9606,0.395956,0
9607,0.427375,0
9608,0.665709,1
9609,2.020782,0
9610,1.648531,1
9611,0.724018,1
9612,3.959614,0
9613,0.479215,0
9614,0.776441,1
9615,0.192093,1
9616,0.798265,1
9617,2.5154,1
9618,4.403797,1
9619,0.44228,1
9620,2.552176,0
9621,1.620925,0
9622,5.350163,1
9623,0.925473,0
9624,2.553233,0
9625,0.784791,0
9626,1.741619,1
9627,3.31843,0
9628,1.362304,1
9629,0.317631,1
9630,0.319818,0
9631,4.092505,1
9632,0.277991,1
9633,2.31119,1
9634,3.725753,1
9635,3.952575,1
9636,1.254035,1
9637,4.082625,1
9638,0.407222,0
9639,3.013175,0
9640,0.476409,1
9641,0.402857,0
9642,4.76651,1
9643,3.139412,1
9644,2.459768,0
9645,3.571401,0
9646,0.609605,0
9647,3.288441,1
9648,4.019736,0
9649,0.141866,0
9650,4.014747,0
9651,0.206681,0
9652,1.226794,1
9653,0.750575,0
9654,2.164522,1
9655,0.729556,1
9656,1.406124,1
9657,1.102769,0
9658,2.837473,0
9659,2.687282,1
9660,0.578935,0
9661,0.174389,1
9662,0.260866,0
9663,0.509284,0
9664,1.999651,1
9665,0.288658,1
9666,1.58558,1
9667,0.508011,1
9668,1.17822,0
9669,2.540961,0
9670,3.214082,0
9671,5.182169,1
9672,1.624624,0
9673,0.112848,1
9674,0.184128,0
9675,3.725881,0
9676,0.441906,1
9677,1.60788,1
9678,0.988032,1
9679,0.91272,1
9680,1.644904,1
9681,1.055145,1
9682,0.204567,1
9683,1.611082,0
9684,0.800745,1
9685,0.996342,0
9686,3.008379,0
9687,0.184485,1
9688,2.759053,1
9689,1.16337,1
9690,0.545009,0
9691,0.314186,1
9692,1.440015,0
9693,2.405792,0
9694,4.401223,1
9695,1.389381,1
9696,2.875103,0
9697,3.080034,0
9698,2.153416,0
9699,0.619485,0
9700,1.667547,1
9701,2.761294,1
9702,0.837716,0
9703,0.157484,0
9704,3.427034,0
9705,0.347458,1
9706,1.814421,0
9707,2.289757,0
9708,1.696464,1
9709,3.391443,1
9710,0.330358,0
9711,0.315098,0
9712,0.415562,1
9713,0.780605,0
9714,3.213434,1
9715,3.871249,1
9716,0.418992,0
9717,0.99014,1
9718,2.352089,0
9719,2.975946,0
9720,0.428247,1
9721,0.411487,0
9722,3.345994,0
9723,1.396891,1
9724,4.509915,1
9725,2.815896,0
9726,3.002729,0
9727,3.097456,0
9728,4.196755,0
9729,0.407497,1
9730,0.534608,1
9731,2.164691,1
9732,1.134236,1
9733,3.70711,0
9734,0.209574,1
9735,2.435778,0
9736,0.960629,0
9737,2.407173,0
9738,1.572643,1
9739,0.24296,1
9740,1.148798,0
9741,1.078787,1
9742,4.81433,1
9743,0.620627,0
9744,2.41369,0
9745,5.315041,1
9746,0.177122,1
9747,0.623497,0
9748,0.30513,1
9749,0.918319,0
9750,1.739135,1
9751,2.279539,0
9752,0.428916,0
9753,3.714109,1
9754,1.295109,1
9755,3.468651,1
9756,3.390356,0
9757,0.148197,0
9758,2.03332,0
9759,0.087251,1
9760,0.251577,0
9761,0.20583,0
9762,0.117671,1
9763,1.136094,0
9764,0.513682,0
9765,0.676612,1
9766,0.605985,1
9767,0.451223,0
9768,1.776952,0
9769,2.261505,1
9770,0.858166,1
9771,4.089813,0
9772,2.983012,0
9773,0.185771,0
9774,0.215505,0
9775,0.317629,1
9776,0.75294,0
9777,2.899972,1
9778,0.085579,1
9779,2.046282,1
9780,0.24249,1
9781,0.111422,1
9782,0.614363,0
9783,2.261927,0
9784,0.675509,1
9785,0.597562,0
9786,1.946803,1
9787,4.433093,1
9788,2.523834,0
9789,1.174539,0
9790,2.737798,0
9791,1.992606,0
9792,0.3964,0
9793,2.075271,0
9794,4.327925,1
9795,0.843183,1
9796,2.882299,1
9797,3.52795,1
9798,0.854446,0
9799,0.490395,1
9800,2.788581,0
9801,0.237755,1
9802,1.234832,0
9803,0.246514,1
9804,1.512323,0
9805,2.098779,0
9806,1.966123,0
9807,1.881587,1
9808,0.101523,1
9809,3.703639,0
9810,2.557105,0
9811,0.802068,0
9812,0.175322,0
9813,2.052302,0
9814,2.122445,1
9815,2.313047,0
9816,3.936708,1
9817,2.198521,0
9818,5.411404,1
9819,2.089711,1
9820,4.070277,1
9821,3.477546,0
9822,4.356818,0
9823,1.52215,1
9824,0.565138,0
9825,2.143786,1
9826,1.703707,0
9827,0.843818,0
9828,0.151009,0
9829,0.562843,1
9830,0.287411,0
9831,0.570702,1
9832,0.160191,0
9833,1.983591,0
9834,0.284724,1
9835,0.130209,0
9836,1.234242,1
9837,0.108968,1
9838,0.922418,0
9839,2.177428,0
9840,2.301848,1
9841,2.154314,0
9842,0.477396,1
9843,0.5899,1
9844,0.115984,1
9845,1.477376,1
9846,2.425374,0
9847,0.25399,0
9848,3.004437,1
9849,2.837246,0
9850,4.095951,1
9851,1.009364,0
9852,3.096362,0
9853,1.209097,0
9854,0.279843,0
9855,2.207528,0
9856,2.435365,0
9857,2.328749,0
9858,3.614005,0
9859,0.40149,0
9860,0.624933,0
9861,0.402792,1
9862,0.149371,0
9863,1.253975,0
9864,0.63537,1
9865,3.742822,0
9866,2.901919,1
9867,0.634985,1
9868,1.768764,0
9869,3.481851,0
9870,0.307425,1
9871,0.409547,0
9872,1.742957,0
9873,0.578361,0
9874,2.006184,0
9875,0.136221,0
9876,1.613831,1
9877,3.268181,0
9878,0.205321,0
9879,1.618848,0
9880,2.391586,0
9881,1.163886,1
9882,0.817449,0
9883,0.241589,1
9884,2.688923,0
9885,0.539461,0
9886,3.598686,1
9887,5.155604,1
9888,4.368031,1
9889,0.631315,1
9890,3.563689,0
9891,3.239452,0
9892,1.947216,1
9893,3.409717,0
9894,2.515465,0
9895,0.656253,1
9896,0.552905,0
9897,2.855742,1
9898,1.109112,0
9899,4.438753,0
9900,2.71117,1
9901,1.061077,1
9902,4.088754,1
9903,0.428174,0
9904,0.550164,1
9905,1.851988,0
9906,0.139721,1
9907,0.984411,1
9908,3.220071,0
9909,3.132877,0
9910,1.005626,1
9911,0.080696,0
9912,0.840644,1
9913,0.506688,1
9914,0.92006,1
9915,1.219431,0
9916,2.075367,0
9917,3.115458,1
9918,0.622194,1
9919,0.695508,1
9920,0.189215,0
9921,0.37245,1
9922,0.313669,1
9923,0.280107,0
9924,1.28315,0
9925,2.309018,0
9926,0.478071,0
9927,0.137248,1
9928,1.294136,0
9929,1.602544,1
9930,2.218976,0
9931,3.965029,1
9932,0.49857,1
9933,1.612783,0
9934,4.111572,0
9935,3.10679,1
9936,2.990603,1
9937,1.773693,1
9938,2.042715,0
9939,3.185718,1
9940,2.781426,1
9941,1.860653,0
9942,0.785635,0
9943,2.081054,0
9944,2.775399,0
9945,3.5072,0
9946,2.23021,1
9947,0.554507,1
9948,0.684036,1
9949,0.156881,0
9950,3.317878,1
9951,0.753318,0
9952,0.847791,0
9953,0.707898,0
9954,0.526644,0
9955,1.372794,1
9956,0.341999,1
9957,0.241161,0
9958,4.191569,1
9959,0.324736,1
9960,3.521201,0
9961,0.291353,1
9962,3.11074,0
9963,0.153779,1
9964,0.838276,1
9965,0.521583,1
9966,2.08776,1
9967,0.479176,0
9968,1.416714,0
9969,0.996222,0
9970,0.461462,1
9971,0.316474,0
9972,3.370233,1
9973,1.099746,0
9974,1.39644,1
9975,0.585255,1
9976,2.761479,0
9977,1.876829,0
9978,1.705248,0
9979,2.317362,0
9980,1.242569,1
9981,2.319005,0
9982,2.445049,0
9983,0.429163,0
9984,2.244557,1
9985,3.478864,0
9986,0.128131,0
9987,0.287795,1
9988,0.170641,1
9989,1.221368,1
9990,3.211643,0
9991,2.116283,0
9992,0.088828,0
9993,0.294435,0
9994,0.269688,1
9995,2.556478,1
9996,0.312939,1
9997,4.159426,1
9998,3.073852,0
9999,1.12038,1
10000,1.879819,0
10001,2.225782,1
10002,2.782624,1
10003,0.691065,1
10004,2.534413,0
10005,0.808975,1
10006,0.544401,0
10007,0.894753,1
10008,0.614471,0
10009,1.829581,0
10010,1.730423,0
10011,0.67154,0
10012,0.138972,1
10013,3.413194,0
10014,2.750379,0
10015,4.712807,1
10016,0.812172,0
10017,1.989965,1
10018,1.047797,1
10019,4.205138,1
10020,4.733537,0
10021,1.122512,0
10022,4.322061,0
10023,3.920157,0
10024,3.377201,0
10025,1.308619,0
10026,0.439636,1
10027,0.442612,0
10028,0.346534,0
10029,0.511767,1
10030,3.570884,0
10031,0.498409,1
10032,1.652561,0
10033,0.185108,0
10034,5.773021,1
10035,0.413131,0
10036,4.095444,0
10037,3.727414,0
10038,0.548192,1
10039,0.31296,0
10040,2.200466,0
10041,0.108191,0
10042,1.847796,0
10043,1.233087,1
10044,2.289237,0
10045,3.587152,0
10046,2.004755,0
10047,4.088058,0
10048,0.306036,0
10049,3.054109,0
10050,2.790089,0
10051,1.132395,1
10052,2.363806,0
10053,1.201436,0
10054,1.84874,0
10055,0.383644,0
10056,4.088891,1
10057,0.598887,0
10058,3.073564,1
10059,0.219287,1
10060,0.458328,0
10061,0.46787,1
10062,2.397234,0
10063,1.718453,0
10064,0.174205,1
10065,0.550908,1
10066,2.871973,1
10067,3.553095,1
10068,1.586426,0
10069,0.515068,1
10070,5.379009,0
10071,0.690897,1
10072,0.093737,0
10073,4.385651,0
10074,3.109285,1
10075,0.773467,1
10076,2.055972,0
10077,1.904334,0
10078,2.3677,0
10079,3.304687,1
10080,1.606705,1
10081,0.794112,1
10082,0.146918,0
10083,0.60731,0
10084,3.604789,0
10085,1.875583,1
10086,2.923687,0
10087,1.886481,0
10088,2.759861,1
10089,0.566998,0
10090,0.285439,1
10091,0.445965,0
10092,3.709374,1
10093,2.029815,0
10094,0.941425,0
10095,2.601557,0
10096,0.667915,0
10097,0.606568,1
10098,2.620114,1
10099,0.552346,1
10100,2.974656,0
10101,0.201429,1
10102,0.556571,1
10103,0.774791,1
10104,0.067407,0
10105,3.149036,1
10106,0.970647,0
10107,0.696923,1
10108,1.272468,0
10109,0.775474,0
10110,2.521951,0
10111,5.130183,1
10112,3.460068,1
10113,0.309329,1
10114,0.442586,0
10115,2.024937,0
10116,0.302884,1
10117,1.23847,1
10118,0.203572,1
10119,0.167208,1
10120,2.73194,1
10121,2.337494,1
10122,2.488366,0
10123,0.5717,1
10124,2.099159,1
10125,2.138209,0
10126,1.027127,0
10127,2.043652,0
10128,0.585468,1
10129,0.366381,0
10130,1.963579,1
10131,2.005723,0
10132,1.929199,0
10133,3.122531,0
10134,2.275572,1
10135,0.547857,0
10136,0.761275,1
10137,0.654896,0
10138,0.42982,0
10139,0.436334,1
10140,2.837107,0
10141,2.815449,1
10142,1.284624,1
10143,0.093173,0
10144,1.43769,0
10145,1.829118,0
10146,2.305739,0
10147,3.606068,0
10148,3.420873,1
10149,1.913014,0
10150,2.534736,0
10151,0.578743,0
10152,2.353952,0
10153,3.844384,1
10154,0.352754,0
10155,2.261606,0
10156,0.182741,1
10157,1.409296,0
10158,0.581521,1
10159,4.646958,1
10160,0.339674,0
10161,2.702162,0
10162,0.335973,0
10163,0.467951,1
10164,1.793518,1
10165,0.064741,0
10166,3.225504,0
10167,0.918771,0
10168,1.353693,0
10169,3.791443,0
10170,0.118009,1
10171,1.152329,1
10172,3.490102,0
10173,0.164952,1
10174,4.472047,1
10175,3.10754,1
10176,0.247637,1
10177,1.164724,0
10178,3.314088,1
10179,1.799223,0
10180,2.097085,1
10181,0.146387,1
10182,1.680731,0
10183,0.200588,1
10184,3.374206,0
10185,4.849277,0
10186,0.80145,0
10187,1.173715,0
10188,0.211105,1
10189,0.646924,1
10190,0.453217,1
10191,4.176352,1
10192,3.348125,1
10193,0.101855,1
10194,3.079428,1
10195,0.351586,0
10196,0.843427,0
10197,0.375329,1
10198,1.343665,0
10199,0.263523,1
10200,0.62277,0
10201,0.235458,1
10202,0.191448,0
10203,2.629308,0
10204,4.307119,1
10205,0.207116,1
10206,1.320652,1
10207,1.56011,0
10208,0.560103,1
10209,0.594668,1
10210,0.270053,1
10211,3.595927,0
10212,0.837389,0
10213,2.734393,0
10214,1.513676,1
10215,0.184631,1
10216,1.338307,1
10217,2.143687,0
10218,0.231222,1
10219,1.795328,0
10220,0.32139,1
10221,0.481813,0
10222,1.608063,1
10223,2.164639,0
10224,0.139711,1
10225,1.242138,1
10226,3.794836,0
10227,1.017797,0
10228,0.128437,1
10229,0.1711,0
10230,0.490075,0
10231,2.15188,0
10232,1.2392,0
10233,0.284207,0
10234,0.412801,0
10235,0.512971,1
10236,0.461167,1
10237,0.192834,0
10238,0.564589,0
10239,0.216738,1
10240,1.747291,0
10241,0.282973,1
10242,0.285546,0
10243,3.027401,1
10244,0.711728,1
10245,0.479684,1
10246,2.881519,0
10247,1.05669,0
10248,0.669367,0
10249,2.664937,1
10250,2.365125,1
10251,0.62958,1
10252,2.951381,1
10253,0.727968,0
10254,0.186547,1
10255,0.211243,1
10256,0.315372,1
10257,0.136504,0
10258,2.483531,0
10259,0.402701,1
10260,0.292433,0
10261,3.245208,1
10262,0.268199,1
10263,3.069382,1
10264,4.445567,1
10265,0.140277,0
10266,3.011522,0
10267,0.693458,1
10268,0.176002,1
10269,0.259021,0
10270,0.346399,1
10271,0.197588,1
10272,2.331843,0
10273,2.69589,1
10274,0.288833,0
10275,3.688584,1
10276,4.057026,0
10277,2.66515,0
10278,0.842153,0
10279,0.411061,1
10280,0.877116,0
10281,4.032871,0
10282,2.073559,0
10283,5.350453,1
10284,0.318177,1
10285,1.14136,0
10286,0.334773,1
10287,1.242042,1
10288,0.240974,0
10289,2.003906,1
10290,3.646866,0
10291,0.261,0
10292,1.390298,0
10293,0.844901,1
10294,0.612366,1
10295,1.782934,0
10296,1.476146,1
10297,1.483546,0
10298,0.716758,1
10299,2.776652,0
10300,2.418075,1
10301,0.483131,1
10302,0.195834,0
10303,2.721392,0
10304,3.888561,1
10305,4.695883,0
10306,2.5037,0
10307,0.264956,0
10308,3.399906,0
10309,1.229125,0
10310,2.968951,1
10311,2.768398,0
10312,0.521059,1
10313,0.531507,0
10314,0.626357,1
10315,1.722043,0
10316,2.38653,1
10317,0.806111,1
10318,0.998813,0
10319,1.621758,0
10320,0.47714,1
10321,0.424129,1
10322,2.317617,0
10323,2.860564,1
10324,1.611814,1
10325,1.04789,0
10326,3.169485,1
10327,2.675369,0
10328,5.51459,1
10329,0.488599,0
10330,4.263571,0
10331,0.676179,0
10332,1.878202,0
10333,3.768261,1
10334,0.123856,1
10335,4.654448,0
10336,4.005452,0
10337,0.179841,0
10338,3.272913,0
10339,2.522928,0
10340,3.164509,0
10341,0.340689,1
10342,0.513972,1
10343,1.394749,1
10344,0.767667,0
10345,0.969104,0
10346,1.299005,1
10347,3.535068,0
10348,1.95773,0
10349,0.557095,0
10350,0.132817,1
10351,0.859235,1
10352,1.027408,1
10353,0.243261,1
10354,3.734624,1
10355,1.854809,0
10356,0.266895,0
10357,2.18881,0
10358,2.765949,0
10359,0.204207,0
10360,2.468962,1
10361,1.983754,1
10362,0.785524,0
10363,3.764926,1
10364,1.505975,1
10365,2.385863,1
10366,1.45468,0
10367,3.353058,1
10368,0.570336,0
10369,2.112909,0
10370,4.85336,1
10371,3.946296,0
10372,0.179728,0
10373,1.430717,0
10374,0.265385,0
10375,0.727716,0
10376,1.13323,1
10377,0.194582,1
10378,0.987117,1
10379,3.774441,1
10380,3.665609,1
10381,1.766167,0
10382,1.26021,0
10383,0.374287,1
10384,3.796195,1
10385,1.701067,0
10386,0.848811,0
10387,0.274023,1
10388,0.110148,1
10389,0.156148,1
10390,3.613144,1
10391,1.369462,1
10392,2.621164,1
10393,5.597054,0
10394,0.601762,0
10395,3.189282,1
10396,0.82491,1
10397,0.674661,1
10398,2.34158,0
10399,0.228328,1
10400,0.117597,0
10401,0.869127,1
10402,4.802263,0
10403,0.71059,1
10404,1.638353,0
10405,0.214702,0
10406,4.985323,1
10407,5.766428,0
10408,2.504224,0
10409,1.960262,0
10410,1.287267,1
10411,4.321621,1
10412,0.392096,1
10413,0.926278,0
10414,1.638474,0
10415,3.624109,1
10416,3.18752,0
10417,0.084459,0
10418,0.362122,0
10419,1.063824,1
10420,0.484616,0
10421,2.333815,1
10422,0.391805,1
10423,4.4403,0
10424,1.21465,0
10425,0.296242,1
10426,0.885375,0
10427,1.097423,1
10428,0.504324,0
10429,2.387887,1
10430,2.860279,1
10431,4.103512,0
10432,0.421397,0
10433,1.761592,1
10434,2.685455,0
10435,4.081264,1
10436,0.653551,1
10437,0.22632,0
10438,2.419922,0
10439,3.174013,1
10440,3.46761,1
10441,1.473917,0
10442,0.341732,1
10443,2.734806,0
10444,0.363669,1
10445,1.628759,0
10446,0.141125,1
10447,0.672149,0
10448,0.110972,0
10449,3.145891,1
10450,0.353871,1
10451,3.226648,0
10452,0.348289,0
10453,0.292692,0
10454,1.923017,1
10455,0.283474,0
10456,0.71816,1
10457,2.331127,0
10458,3.258077,0
10459,0.730674,0
10460,0.072269,0
10461,2.407079,0
10462,1.111417,0
10463,2.155843,0
10464,2.745993,0
10465,0.320184,1
10466,1.220316,0
10467,4.393546,1
10468,1.87958,1
10469,2.649121,1
10470,0.240652,0
10471,0.275536,0
10472,3.319527,1
10473,2.083272,0
10474,3.89588,0
10475,1.627612,1
10476,1.922734,0
10477,1.603252,0
10478,0.210511,0
10479,0.657406,1
10480,0.411839,0
10481,0.347892,0
10482,0.422827,1
10483,4.15563,0
10484,4.096663,0
10485,4.245664,1
10486,1.533635,0
10487,1.696265,0
10488,0.626386,0
10489,3.817516,1
10490,0.972842,1
10491,3.024078,0
10492,0.380642,0
10493,0.270923,1
10494,1.351774,1
10495,1.614103,0
10496,4.107495,1
10497,2.921463,0
10498,0.587208,0
10499,0.179484,0
10500,0.558056,1
10501,0.692382,1
10502,0.257753,1
10503,0.413416,0
10504,0.525932,1
10505,0.492637,1
10506,0.120788,1
10507,0.507497,0
10508,1.021968,1
10509,1.427299,0
10510,2.122428,0
10511,0.298708,1
10512,2.588891,0
10513,3.13816,1
10514,0.15897,0
10515,0.60449,1
10516,2.398998,0
10517,0.140734,1
10518,1.210349,0
10519,1.24017,0
10520,4.135809,0
10521,2.434192,1
10522,0.247307,0
10523,0.423677,1
10524,2.136204,0
10525,3.268419,1
10526,1.957838,0
10527,1.595248,0
10528,2.703839,1
10529,1.3774,1
10530,0.417816,1
10531,0.397637,0
10532,2.78398,0
10533,3.114621,1
10534,4.290464,0
10535,1.457147,0
10536,4.123204,0
10537,0.116908,1
10538,0.375757,1
10539,0.437368,0
10540,2.113832,1
10541,0.201019,0
10542,4.547252,0
10543,0.367705,0
10544,5.108128,1
10545,0.9368,0
10546,0.584805,1
10547,3.6392,1
10548,0.353809,1
10549,2.280201,0
10550,0.55207,1
10551,0.290974,0
10552,2.040216,0
10553,0.366201,1
10554,0.635806,1
10555,2.856333,0
10556,1.984437,0
10557,1.38459,1
10558,3.164176,0
10559,1.54284,0
10560,0.732098,1
10561,2.104148,0
10562,2.68396,1
10563,3.483565,0
10564,2.218164,0
10565,0.893361,0
10566,0.725943,0
10567,0.15229,0
10568,2.037095,0
10569,0.627334,1
10570,2.506603,1
10571,1.62959,1
10572,0.747359,1
10573,0.955425,1
10574,1.930014,1
10575,0.645112,1
10576,1.590272,1
10577,0.720933,1
10578,1.749322,0
10579,0.625064,0
10580,2.097262,0
10581,1.401337,1
10582,2.506455,0
10583,3.800756,1
10584,0.639995,0
10585,0.657429,1
10586,3.361726,1
10587,1.65417,0
10588,4.090652,1
10589,4.183781,0
10590,3.813993,1
10591,5.407878,1
10592,4.096764,0
10593,0.523126,1
10594,0.428861,1
10595,3.459291,0
10596,2.689162,0
10597,0.628336,1
10598,4.05044,0
10599,2.209122,1
10600,0.704618,1
10601,1.038542,0
10602,4.049036,1
10603,0.246149,1
10604,0.217418,1
10605,0.373887,0
10606,4.30049,1
10607,1.304048,1
10608,1.514691,0
10609,2.554379,1
10610,0.805256,0
10611,0.34381,1
10612,0.43186,0
10613,0.580814,1
10614,1.465286,1
10615,0.636846,0
10616,0.47664,0
10617,1.759659,0
10618,0.139117,1
10619,0.372886,0
10620,4.927736,1
10621,0.358413,0
10622,1.80301,0
10623,0.738774,0
10624,2.910007,0
10625,1.406496,0
10626,0.191643,1
10627,0.308323,0
10628,0.722651,1
10629,0.338693,1
10630,0.436846,1
10631,1.916277,0
10632,2.02844,1
10633,0.543581,0
10634,1.907191,1
10635,0.992186,1
10636,2.043458,1
10637,1.534562,0
10638,2.005506,1
10639,1.151509,0
10640,0.217378,0
10641,0.686512,0
10642,0.69316,1
10643,0.998473,0
10644,0.413077,0
10645,0.084905,1
10646,0.188128,1
10647,3.508973,1
10648,0.501531,0
10649,0.808742,1
10650,1.671504,0
10651,0.558678,1
10652,0.967376,1
10653,1.098998,1
10654,1.427144,1
10655,1.483594,0
10656,1.808157,0
10657,1.410592,0
10658,0.324876,0
10659,3.21127,0
10660,0.367518,1
10661,0.379994,0
10662,3.295285,0
10663,0.151274,1
10664,0.397387,1
10665,1.363922,0
10666,2.800834,0
10667,0.123545,1
10668,1.790023,1
10669,3.281261,0
10670,0.896522,1
10671,0.262046,0
10672,0.204627,1
10673,0.143805,1
10674,0.677594,1
10675,0.546642,0
10676,0.759674,1
10677,2.19328,0
10678,1.434175,0
10679,2.483755,1
10680,1.987581,0
10681,0.175641,0
10682,1.049366,0
10683,1.764661,0
10684,3.755882,0
10685,2.107408,0
10686,1.96387,1
10687,1.468803,0
10688,3.710022,1
10689,0.713771,1
10690,0.840915,1
10691,0.457898,1
10692,0.805735,1
10693,0.685558,1
10694,0.228858,0
10695,2.046597,0
10696,0.437123,0
10697,3.271707,1
10698,0.278741,1
10699,1.178333,0
10700,0.248837,0
10701,0.538982,0
10702,2.962911,0
10703,2.245609,1
10704,0.428519,0
10705,0.737,0
10706,0.69591,0
10707,2.260065,0
10708,1.644069,0
10709,0.605787,1
10710,2.753858,1
10711,0.140671,0
10712,2.468441,1
10713,0.378228,1
10714,0.726589,0
10715,4.900078,1
10716,1.091197,0
10717,0.131489,1
10718,0.479705,1
10719,0.513973,1
10720,1.156622,0
10721,0.543644,1
10722,0.341423,1
10723,2.088736,1
10724,3.134916,0
10725,0.339452,1
10726,0.405573,1
10727,0.790052,1
10728,1.573429,0
10729,0.206481,0
10730,2.2167,1
10731,0.923181,0
10732,0.410547,1
10733,0.67144,1
10734,2.914478,1
10735,0.292568,0
10736,5.085853,1
10737,1.406958,0
10738,0.387067,1
10739,1.511642,0
10740,0.971888,1
10741,2.668174,1
10742,2.830375,0
10743,2.641966,0
10744,0.421586,0
10745,0.322264,0
10746,0.658939,0
10747,4.286631,1
10748,2.490356,1
10749,2.344986,1
10750,1.078136,1
10751,3.88257,0
10752,0.188254,0
10753,2.847331,0
10754,2.500551,0
10755,1.881259,0
10756,1.172149,1
10757,0.151328,0
10758,0.865431,0
10759,2.346838,1
10760,1.950986,0
10761,0.255542,0
10762,3.598859,0
10763,3.126,1
10764,1.077818,0
10765,0.140121,0
10766,3.595597,0
10767,2.236157,0
10768,2.768579,1
10769,0.289799,0
10770,1.020247,0
10771,2.675944,0
10772,0.171439,1
10773,2.848093,0
10774,0.349459,1
10775,0.157787,0
10776,1.079099,1
10777,1.498485,0
10778,1.275939,0
10779,0.373594,1
10780,1.14959,0
10781,0.947487,1
10782,2.274719,0
10783,0.390824,0
10784,3.714768,0
10785,0.383212,0
10786,2.125894,1
10787,4.674345,1
10788,0.687852,1
10789,0.614571,0
10790,3.964612,0
10791,2.324494,1
10792,3.750687,0
10793,0.50928,1
10794,3.620422,1
10795,2.599534,0
10796,1.106453,1
10797,2.227193,0
10798,4.050259,0
10799,1.875646,0
10800,4.193517,1
10801,0.346429,0
10802,3.6863,0
10803,1.884167,0
10804,0.199395,0
10805,1.683371,0
10806,2.036417,0
10807,2.928156,1
10808,3.103906,1
10809,0.290331,1
10810,4.578265,1
10811,4.177673,0
10812,0.390403,0
10813,0.272299,1
10814,0.337721,1
10815,2.761978,0
10816,0.449936,0
10817,0.490888,0
10818,0.330051,1
10819,3.901592,0
10820,2.502932,0
10821,0.269601,0
10822,1.907886,0
10823,3.328467,0
10824,0.792834,1
10825,0.177438,1
10826,0.472508,0
10827,2.133427,1
10828,0.463448,1
10829,1.604087,0
10830,1.162204,0
10831,2.095019,0
10832,2.522124,1
10833,0.216645,0
10834,3.596459,0
10835,0.922081,1
10836,0.374139,1
10837,1.274345,1
10838,0.437606,1
10839,0.52323,0
10840,2.348658,0
10841,1.054759,0
10842,0.310723,1
10843,2.797105,1
10844,0.325897,0
10845,1.453614,0
10846,3.600182,0
10847,0.384434,1
10848,0.916978,1
10849,1.803696,0
10850,0.758742,0
10851,2.332945,0
10852,2.43013,0
10853,2.08278,0
10854,0.493868,0
10855,0.465017,1
10856,0.893766,1
10857,0.737699,0
10858,1.358066,1
10859,0.456768,1
10860,0.17398,1
10861,2.589278,0
10862,0.96067,1
10863,0.501294,1
10864,3.526546,1
10865,0.360358,1
10866,0.562223,1
10867,4.166759,1
10868,0.592406,1
10869,0.370581,1
10870,0.516112,1
10871,0.207682,1
10872,3.991291,0
10873,0.342466,1
10874,1.248556,1
10875,2.646726,1
10876,2.004965,0
10877,0.08228,1
10878,1.017258,1
10879,0.253167,1
10880,0.238557,0
10881,2.528882,0
10882,3.331074,0
10883,1.493014,0
10884,1.951815,0
10885,1.287886,1
10886,1.863163,0
10887,4.001964,0
10888,4.573392,1
10889,0.26195,0
10890,3.609889,1
10891,2.677056,0
10892,2.539469,1
10893,0.610443,1
10894,0.780883,1
10895,0.745287,0
10896,0.870448,0
10897,3.017967,1
10898,3.172041,0
10899,2.506582,0
10900,0.320827,1
10901,4.383988,0
10902,1.546145,1
10903,0.439753,1
10904,0.245015,1
10905,3.631557,0
10906,0.892181,0
10907,0.365808,1
10908,0.155484,0
10909,2.536192,1
10910,1.162361,1
10911,0.450116,0
10912,3.073136,0
10913,0.51204,0
10914,2.815518,1
10915,0.155657,0
10916,2.747889,0
10917,4.436604,1
10918,0.446058,1
10919,2.917307,1
10920,3.056811,1
10921,0.524391,0
10922,0.712454,1
10923,0.32001,1
10924,4.795341,0
10925,1.14449,0
10926,0.331991,1
10927,0.347342,1
10928,0.398776,0
10929,1.574816,0
10930,3.787487,0
10931,3.799734,1
10932,1.455537,1
10933,2.022272,0
10934,2.448795,0
10935,0.992274,1
10936,2.779036,1
10937,1.026846,1
10938,0.851895,0
10939,1.105492,0
10940,0.448659,1
10941,0.627297,1
10942,0.135633,1
10943,0.625338,1
10944,3.631929,1
10945,0.549349,1
10946,2.063124,0
10947,2.118318,0
10948,0.402602,1
10949,2.764731,0
10950,0.172725,0
10951,1.306561,0
10952,0.734711,1
10953,5.60013,1
10954,3.584633,1
10955,2.096935,0
10956,0.353879,0
10957,0.663215,0
10958,3.071202,1
10959,1.766662,0
10960,0.539544,0
10961,0.386362,0
10962,0.505762,1
10963,0.360516,1
10964,1.713164,1
10965,2.326054,0
10966,4.152441,1
10967,1.584205,0
10968,2.348419,0
10969,4.613124,0
10970,0.94167,1
10971,0.9305,1
10972,0.597375,0
10973,2.349775,0
10974,0.939668,0
10975,2.421175,0
10976,0.223752,1
10977,1.356487,0
10978,0.574239,0
10979,3.063526,1
10980,1.650201,0
10981,0.219317,1
10982,0.622816,0
10983,4.066667,1
10984,2.358675,0
10985,0.83064,0
10986,1.135806,0
10987,1.766075,0
10988,2.281092,0
10989,0.137862,1
10990,0.601415,0
10991,0.500427,1
10992,3.417388,1
10993,2.854722,0
10994,2.495824,0
10995,3.156007,1
10996,1.252504,1
10997,1.946197,0
10998,0.502354,1
10999,0.978695,1
11000,0.805901,1
11001,3.530582,0
11002,0.451974,1
11003,3.531747,1
11004,1.852447,0
11005,1.21361,1
11006,2.865614,1
11007,0.85113,1
11008,3.170063,0
11009,0.66951,1
11010,1.987733,0
11011,0.19457,0
11012,3.997643,0
11013,0.76822,0
11014,3.812765,0
11015,3.808779,1
11016,1.510559,0
11017,1.128185,1
11018,0.461912,0
11019,0.195788,1
11020,0.280959,1
11021,4.202188,0
11022,2.678682,1
11023,2.134049,0
11024,2.067507,0
11025,1.858282,1
11026,1.819902,0
11027,2.351524,0
11028,3.656282,0
11029,0.540827,0
11030,3.541171,0
11031,1.541917,0
11032,0.360517,1
11033,0.181738,0
11034,1.839986,0
11035,2.625269,0
11036,0.985716,1
11037,2.709722,0
11038,0.12716,1
11039,0.159488,0
11040,0.379335,0
11041,1.927165,0
11042,0.377034,0
11043,2.852436,0
11044,1.61588,0
11045,0.901772,1
11046,0.525053,0
11047,0.581273,1
11048,0.875975,1
11049,2.124304,0
11050,0.242594,1
11051,2.060288,0
11052,0.963264,0
11053,0.987092,0
11054,0.723556,0
11055,1.235593,1
11056,0.120033,1
11057,0.164953,1
11058,0.620761,1
11059,2.341451,1
11060,3.605165,0
11061,3.768889,1
11062,1.373557,0
11063,2.41873,1
11064,2.848644,1
11065,0.638735,0
11066,2.952953,1
11067,5.609413,1
11068,2.573348,0
11069,0.640545,1
11070,2.734392,0
11071,1.607594,1
11072,4.691433,1
11073,2.269182,1
11074,0.809156,1
11075,4.17029,0
11076,0.428568,0
11077,1.890725,0
11078,0.658555,0
11079,1.889074,0
11080,1.719115,1
11081,0.090071,0
11082,2.807349,1
11083,0.846149,0
11084,1.043872,0
11085,0.957782,1
11086,2.101529,0
11087,2.967497,1
11088,1.960142,0
11089,2.112407,1
11090,3.659073,0
11091,1.735765,0
11092,0.556897,1
11093,1.77367,0
11094,1.983832,0
11095,0.192003,1
11096,0.647978,1
11097,2.891907,0
11098,1.175951,1
11099,0.447501,1
11100,1.580604,0
11101,0.114854,0
11102,4.14056,1
11103,2.188338,1
11104,0.592659,1
11105,4.577166,0
11106,0.561643,1
11107,0.514364,1
11108,0.419908,0
11109,3.62232,0
11110,1.788932,1
11111,4.359708,1
11112,0.531641,1
11113,2.704619,0
11114,0.374248,0
11115,0.356226,1
11116,0.395209,0
11117,0.408569,0
11118,0.416766,0
11119,3.214638,0
11120,0.273569,1
11121,0.482769,0
11122,0.988522,1
11123,1.755012,0
11124,3.926374,0
11125,1.708634,1
11126,3.05174,0
11127,0.169597,0
11128,1.062403,0
11129,1.403091,0
11130,0.562534,0
11131,0.318296,0
11132,0.156523,1
11133,4.136605,1
11134,2.447237,0
11135,1.032803,0
11136,0.264708,1
11137,1.351532,0
11138,1.277169,1
11139,0.191375,0
11140,1.045746,0
11141,0.197621,1
11142,1.631933,1
11143,2.415468,0
11144,3.002473,0
11145,2.242181,1
11146,0.713074,1
11147,1.639809,0
11148,4.655991,1
11149,2.735398,0
11150,1.028907,0
11151,0.847759,0
11152,1.749394,0
11153,3.635536,0
11154,0.269659,0
11155,0.099742,1
11156,0.120677,0
11157,2.077324,0
11158,0.228644,1
11159,0.403843,0
11160,1.004084,0
11161,1.583717,1
11162,1.844031,1
11163,1.595604,0
11164,0.684176,1
11165,0.473275,1
11166,0.296514,1
11167,0.326961,1
11168,0.149444,0
11169,0.202711,1
11170,0.42847,1
11171,2.399839,1
11172,4.259637,1
11173,0.091256,1
11174,0.524496,1
11175,3.282025,1
11176,0.424966,0
11177,1.481787,0
11178,2.793914,1
11179,2.378266,0
11180,1.623159,0
11181,1.570424,0
11182,4.789996,0
11183,3.846172,1
11184,0.194968,0
11185,0.584956,0
11186,0.294355,1
11187,4.457742,0
11188,0.634784,0
11189,1.639925,0
11190,2.15479,0
11191,1.410706,0
11192,1.209849,1
11193,2.564068,0
11194,1.22463,0
11195,4.910368,1
11196,0.591295,0
11197,1.196457,0
11198,1.148191,0
11199,1.324587,0
11200,1.788023,1
11201,0.923536,0
11202,1.606617,1
11203,1.568652,1
11204,3.451298,1
11205,0.974053,1
11206,2.942674,0
11207,0.220195,1
11208,2.436069,0
11209,3.501527,1
11210,0.681857,1
11211,2.442736,1
11212,0.144207,1
11213,2.459522,1
11214,1.379514,1
11215,0.25981,1
11216,2.696532,0
11217,0.335785,1
11218,0.426945,0
11219,0.541326,1
11220,0.513872,0
11221,2.464627,1
11222,1.01908,1
11223,0.230547,0
11224,2.085976,0
11225,2.560334,0
11226,2.330593,0
11227,1.579137,1
11228,2.779906,0
11229,0.713287,1
11230,1.241194,0
11231,2.784956,0
11232,2.159441,0
11233,1.889407,0
11234,3.359752,0
11235,0.77121,0
11236,1.465805,1
11237,0.964161,0
11238,2.408199,0
11239,0.273648,1
11240,0.31142,0
11241,0.212597,1
11242,0.526663,1
11243,2.464962,0
11244,2.671168,0
11245,2.15866,0
11246,0.470109,0
11247,0.44143,0
11248,0.26784,0
11249,2.881897,0
11250,0.113945,0
11251,2.283698,0
11252,0.191594,1
11253,0.715591,1
11254,1.423063,0
11255,2.29418,0
11256,0.203333,0
11257,0.166541,1
11258,2.040823,1
11259,4.260921,0
11260,0.629923,0
11261,0.493728,0
11262,3.680243,0
11263,0.957778,1
11264,0.588606,1
11265,1.619872,1
11266,2.900221,1
11267,1.250644,0
11268,1.694211,1
11269,3.404899,1
11270,1.513565,0
11271,0.307263,0
11272,0.532105,1
11273,2.04549,1
11274,0.611078,0
11275,1.267165,1
11276,0.75662,0
11277,2.743676,0
11278,1.03737,1
11279,0.379258,0
11280,0.160541,1
11281,0.163423,0
11282,2.650214,0
11283,0.334661,0
11284,0.502695,1
11285,3.208436,0
11286,0.722092,0
11287,1.117548,1
11288,0.142143,1
11289,0.24346,1
11290,0.207217,1
11291,2.345438,1
11292,1.960353,0
11293,3.159184,0
11294,4.968319,1
11295,6.599991,1
11296,3.421035,0
11297,2.318228,0
11298,3.37235,0
11299,2.091384,0
11300,3.678935,1
11301,3.501415,1
11302,2.056023,0
11303,2.286853,0
11304,0.78178,1
11305,0.691092,1
11306,0.141483,1
11307,2.003984,1
11308,0.598779,1
11309,0.225743,0
11310,4.538628,0
11311,0.092302,1
11312,2.200193,0
11313,0.59337,0
11314,2.764366,0
11315,0.681163,0
11316,3.613086,1
11317,0.347255,1
11318,0.473903,0
11319,0.206729,0
11320,1.317316,0
11321,0.153121,1
11322,5.628547,1
11323,0.240997,0
11324,0.792298,0
11325,0.742093,0
11326,0.758758,0
11327,1.483503,0
11328,0.555533,1
11329,0.118771,0
11330,6.836721,1
11331,1.537882,1
11332,0.181225,1
11333,0.28673,0
11334,2.616398,1
11335,0.744103,0
11336,0.645921,1
11337,0.429187,0
11338,2.06723,1
11339,0.509404,0
11340,3.245138,0
11341,0.331664,1
11342,2.111697,0
11343,2.544729,0
11344,2.243486,0
11345,3.712891,0
11346,2.443223,0
11347,0.72999,1
11348,1.837575,0
11349,0.762759,0
11350,2.362616,0
11351,2.126581,0
11352,1.313653,1
11353,2.474829,0
11354,2.045292,1
11355,5.620247,1
11356,0.826272,1
11357,2.325429,0
11358,0.205234,0
11359,2.321847,1
11360,2.695363,0
11361,0.223553,0
11362,4.926123,0
11363,0.590183,0
11364,2.448271,0
11365,1.953772,0
11366,0.664492,1
11367,0.773961,1
11368,0.572292,1
11369,2.615445,0
11370,2.486145,0
11371,4.131457,0
11372,0.109262,0
11373,5.089627,1
11374,3.76308,0
11375,1.192729,0
11376,1.136272,0
11377,0.361202,0
11378,0.173511,0
11379,0.698982,1
11380,0.373157,1
11381,3.45329,0
11382,0.885967,1
11383,1.964063,0
11384,2.543576,0
11385,2.069739,0
11386,4.719096,0
11387,3.117193,1
11388,0.450729,0
11389,0.929614,0
11390,4.686708,1
11391,0.568458,0
11392,0.908471,1
11393,0.508325,0
11394,1.999934,1
11395,0.246555,1
11396,2.679165,0
11397,1.905824,0
11398,2.134627,0
11399,2.900882,1
11400,0.446615,1
11401,0.491118,0
11402,3.233299,1
11403,1.73899,1
11404,2.212131,1
11405,1.233061,0
11406,1.775367,1
11407,0.616233,0
11408,0.534967,0
11409,3.275847,0
11410,3.574793,0
11411,0.24054,1
11412,4.33386,0
11413,1.486348,0
11414,2.923804,1
11415,3.898887,1
11416,0.296282,1
11417,0.217698,1
11418,1.716996,0
11419,1.704844,1
11420,0.524873,1
11421,1.665299,0
11422,0.651083,0
11423,0.403473,1
11424,0.250413,1
11425,3.000021,0
11426,0.598321,0
11427,2.088762,0
11428,0.826258,1
11429,0.316926,1
11430,0.766262,0
11431,1.945744,0
11432,0.800469,1
11433,2.254822,0
11434,0.251351,1
11435,1.122234,1
11436,2.989501,1
11437,0.585606,0
11438,0.656292,1
11439,0.102455,1
11440,2.329297,0
11441,3.078978,0
11442,2.481261,1
11443,0.543147,1
11444,0.898487,1
11445,3.053579,1
11446,2.449321,0
11447,0.408917,1
11448,0.486374,0
11449,1.388304,0
11450,0.460525,1
11451,3.083734,0
11452,1.324959,0
11453,2.624934,0
11454,0.728968,1
11455,2.180196,1
11456,2.169803,0
11457,2.314907,0
11458,1.175778,0
11459,0.770252,1
11460,0.335492,0
11461,1.055622,1
11462,1.243224,1
11463,3.354877,1
11464,0.488092,0
11465,0.591698,1
11466,0.568491,0
11467,1.491139,0
11468,4.327713,1
11469,0.571364,1
11470,0.646548,0
11471,2.682224,0
11472,0.258596,0
11473,0.382447,1
11474,1.419432,1
11475,3.185711,0
11476,0.148822,1
11477,0.09938,0
11478,2.555983,0
11479,3.003282,1
11480,0.224164,0
11481,2.164932,0
11482,1.781323,0
11483,0.764581,0
11484,0.300799,0
11485,1.612828,1
11486,1.566007,1
11487,0.462236,0
11488,0.577015,1
11489,0.559214,1
11490,4.290715,0
11491,3.935107,1
11492,2.493692,0
11493,2.720366,0
11494,3.77582,0
11495,0.670373,1
11496,0.248855,0
11497,0.155649,0
11498,0.731006,0
11499,2.173319,1
11500,0.156461,0
11501,2.446853,0
11502,0.162001,0
11503,0.498531,1
11504,1.363247,0
11505,0.443556,0
11506,0.262811,1
11507,0.365294,0
11508,3.122156,0
11509,3.855896,1
11510,1.809119,0
11511,4.791386,1
11512,1.50954,0
11513,4.682258,0
11514,0.214728,0
11515,3.503879,1
11516,2.56735,0
11517,1.454125,0
11518,0.185418,0
11519,0.88311,1
11520,1.294913,0
11521,0.380479,0
11522,0.293622,1
11523,0.605415,1
11524,2.073556,1
11525,1.220689,1
11526,2.018609,1
11527,0.627917,0
11528,1.976779,0
11529,0.49192,0
11530,3.128577,0
11531,0.435665,0
11532,0.15353,1
11533,0.354514,1
11534,4.244977,0
11535,0.22182,0
11536,2.933643,1
11537,0.961334,0
11538,2.059377,0
11539,0.575753,1
11540,0.578566,0
11541,0.51604,1
11542,0.299056,0
11543,0.658364,1
11544,1.382139,1
11545,0.548547,0
11546,0.87514,1
11547,2.49236,1
11548,3.834088,1
11549,3.697728,0
11550,0.242417,1
11551,0.254223,1
11552,0.177752,1
11553,0.332354,1
11554,2.57332,1
11555,0.523573,0
11556,0.654211,1
11557,3.000125,0
11558,3.846005,1
11559,1.291099,0
11560,0.545448,1
11561,3.326115,1
11562,0.666032,0
11563,0.354411,0
11564,0.517461,0
11565,0.289933,0
11566,2.673801,0
11567,1.289326,0
11568,1.76264,0
11569,0.163094,0
11570,0.186203,1
11571,3.801127,0
11572,1.405349,0
11573,0.756532,1
11574,0.443986,0
11575,2.059787,0
11576,2.399105,0
11577,0.267748,0
11578,1.502767,1
11579,0.463613,0
11580,2.336805,0
11581,4.299681,1
11582,1.194969,1
11583,1.426538,1
11584,0.96237,0
11585,1.323195,1
11586,2.249935,0
11587,0.514962,0
11588,0.514613,0
11589,0.853166,1
11590,0.262387,1
11591,5.279888,0
11592,0.324749,1
11593,0.414588,0
11594,3.195439,1
11595,3.698052,0
11596,4.996943,1
11597,1.992699,1
11598,1.767968,1
11599,3.242286,1
11600,1.777415,0
11601,3.528645,1
11602,4.586204,1
11603,2.950389,1
11604,1.626899,0
11605,5.451409,1
11606,0.286806,1
11607,1.168268,0
11608,2.195076,0
11609,0.466292,1
11610,2.097041,1
11611,0.384011,1
11612,2.941675,0
11613,1.150222,0
11614,3.617064,0
11615,4.876112,1
11616,3.061873,0
11617,0.284661,1
11618,3.23246,1
11619,4.82666,0
11620,3.516175,1
11621,2.64603,0
11622,1.007591,0
11623,1.885639,1
11624,0.695623,1
11625,2.040266,0
11626,0.330601,0
11627,2.182307,0
11628,0.897133,1
11629,0.237555,0
11630,0.252229,1
11631,0.264552,1
11632,4.906718,0
11633,0.63728,0
11634,2.239401,0
11635,1.705717,0
11636,1.919216,0
11637,0.50949,1
11638,0.539824,1
11639,1.475627,0
11640,1.295258,1
11641,4.261546,1
11642,1.993809,0
11643,0.293299,1
11644,1.04257,0
11645,3.251199,0
11646,0.545293,0
11647,2.745029,0
11648,1.753156,1
11649,1.584642,0
11650,0.139905,0
11651,1.449354,0
11652,0.750707,0
11653,1.987411,0
11654,0.138307,1
11655,2.499929,0
11656,1.638636,0
11657,2.964035,1
11658,0.537547,0
11659,2.262994,0
11660,0.499409,0
11661,1.382924,0
11662,0.458605,0
11663,0.767099,1
11664,2.153313,0
11665,4.053038,1
11666,1.075072,1
11667,3.692418,0
11668,4.655465,0
11669,0.123513,0
11670,0.725157,1
11671,0.747303,1
11672,0.172372,1
11673,0.207395,1
11674,0.211829,1
11675,0.268098,1
11676,0.159497,0
11677,0.295637,0
11678,2.083757,0
11679,2.421756,1
11680,0.702129,1
11681,2.387654,0
11682,2.686798,0
11683,0.265159,0
11684,3.781298,1
11685,1.073548,1
11686,2.972277,0
11687,2.291742,1
11688,0.979856,1
11689,0.252965,0
11690,3.444217,0
11691,1.029677,1
11692,3.351824,0
11693,2.970656,1
11694,1.3884,0
11695,0.975209,1
11696,1.022332,0
11697,0.135668,0
11698,0.702457,1
11699,1.468287,1
11700,1.637696,1
11701,0.258817,1
11702,2.55718,1
11703,0.212228,0
11704,2.817383,0
11705,0.18795,0
11706,2.771972,1
11707,0.249529,0
11708,0.556326,1
11709,0.695899,1
11710,3.978302,1
11711,2.92455,1
11712,1.032632,0
11713,3.793661,1
11714,0.20096,1
11715,0.379722,1
11716,1.028932,0
11717,1.406292,1
11718,0.731556,1
11719,0.425338,1
11720,0.285241,1
11721,2.278407,1
11722,3.686785,1
11723,0.093984,1
11724,3.24661,1
11725,0.203758,1
11726,2.468707,0
11727,3.333598,0
11728,3.303668,0
11729,1.933337,0
11730,1.018363,0
11731,2.658943,0
11732,1.807929,1
11733,0.774877,0
11734,1.20244,0
11735,1.253748,0
11736,2.059175,0
11737,4.550817,1
11738,0.145632,0
11739,0.388484,0
11740,0.489894,0
11741,0.916703,1
11742,1.302195,0
11743,0.566576,1
11744,1.175506,0
11745,0.409665,1
11746,4.918052,1
11747,2.229544,0
11748,0.593136,0
11749,0.727179,1
11750,0.359494,1
11751,0.521717,1
11752,1.008611,0
11753,0.454065,0
11754,0.456469,0
11755,1.599403,0
11756,0.657841,1
11757,0.387381,1
11758,0.577435,0
11759,0.362841,1
11760,1.90578,1
11761,2.786992,0
11762,0.235489,0
11763,0.280598,1
11764,0.144396,1
11765,0.120519,0
11766,0.503941,0
11767,2.643981,0
11768,2.043682,1
11769,0.205726,1
11770,1.068178,1
11771,0.65361,0
11772,3.631076,0
11773,0.73236,1
11774,0.12194,1
11775,1.561678,1
11776,1.427161,0
11777,0.108532,1
11778,0.937411,0
11779,0.676924,1
11780,0.168648,1
11781,0.395935,1
11782,0.232576,0
11783,1.646346,1
11784,4.384492,0
11785,0.308236,1
11786,1.012525,0
11787,0.239702,0
11788,0.401098,0
11789,1.253851,1
11790,0.14133,1
11791,1.748266,1
11792,0.696016,1
11793,0.575379,1
11794,1.128831,0
11795,0.242644,1
11796,1.570325,1
11797,0.731621,1
11798,0.749496,1
11799,2.696592,0
11800,0.062736,1
11801,1.842887,1
11802,0.173007,0
11803,0.60268,1
11804,1.857444,0
11805,0.299211,0
11806,2.051491,0
11807,3.055671,1
11808,3.332099,1
11809,2.834423,0
11810,0.567527,1
11811,2.221902,1
11812,3.331378,1
11813,4.207556,0
11814,4.294625,0
11815,3.294014,0
11816,1.355553,1
11817,2.825905,0
11818,4.351609,1
11819,3.019902,1
11820,2.299262,0
11821,1.592192,1
11822,0.153645,1
11823,3.219264,1
11824,3.154896,0
11825,3.203475,1
11826,2.003125,0
11827,0.948841,1
11828,2.544772,0
11829,2.645709,1
11830,3.256797,1
11831,1.657346,0
11832,4.748283,1
11833,2.155601,0
11834,2.817888,0
11835,1.833157,0
11836,0.407993,0
11837,1.924426,0
11838,0.858613,0
11839,0.730121,0
11840,4.273231,1
11841,0.320541,0
11842,0.50563,0
11843,2.607219,0
11844,1.91829,0
11845,1.676166,0
11846,2.950613,0
11847,3.608716,1
11848,1.246792,0
11849,0.722012,1
11850,0.435982,0
11851,0.693482,0
11852,0.353619,0
11853,2.316148,0
11854,2.379611,0
11855,2.327574,0
11856,0.354313,1
11857,0.334775,1
11858,1.995895,0
11859,3.666613,1
11860,4.247727,0
11861,2.903223,0
11862,0.846216,1
11863,0.516899,1
11864,3.251305,1
11865,0.466306,1
11866,2.419701,0
11867,0.441647,0
11868,0.178034,1
11869,0.719438,1
11870,3.994865,0
11871,0.308664,1
11872,2.376551,0
11873,2.36002,0
11874,1.954842,0
11875,1.182598,1
11876,4.952047,1
11877,1.618526,0
11878,3.968188,1
11879,0.593462,1
11880,0.85294,1
11881,3.054387,1
11882,2.024521,0
11883,0.644262,0
11884,2.681603,0
11885,0.877664,0
11886,2.272475,0
11887,4.343542,0
11888,0.283282,0
11889,0.231627,0
11890,1.573443,1
11891,2.120716,0
11892,1.241941,0
11893,0.182379,1
11894,4.815737,1
11895,0.780135,0
11896,3.419958,1
11897,2.439559,1
11898,3.650467,1
11899,0.97726,1
11900,0.419736,0
11901,0.914467,0
11902,5.224222,0
11903,0.49941,1
11904,3.565833,0
11905,1.015133,1
11906,0.551195,1
11907,4.156244,0
11908,4.398499,1
11909,2.327411,0
11910,2.5307,1
11911,0.204181,1
11912,1.579543,1
11913,0.98102,1
11914,2.341417,1
11915,2.945539,0
11916,3.025685,0
11917,2.238339,1
11918,2.190625,0
11919,0.475036,0
11920,1.589673,1
11921,1.418226,1
11922,2.885958,0
11923,0.786714,0
11924,0.810406,0
11925,4.550004,0
11926,0.57674,0
11927,0.208839,0
11928,4.379135,0
11929,2.761442,0
11930,0.158353,0
11931,0.447093,0
11932,1.057351,1
11933,2.02582,1
11934,0.528323,1
11935,1.599795,0
11936,1.531324,0
11937,6.668601,1
11938,1.090248,1
11939,0.617521,1
11940,2.188366,0
11941,0.396174,1
11942,0.494246,1
11943,0.912113,1
11944,0.169044,1
11945,4.483172,0
11946,4.201264,1
11947,0.879657,0
11948,1.068651,0
11949,4.503855,0
11950,0.897741,0
11951,2.169238,0
11952,1.04455,0
11953,2.109141,1
11954,0.877379,1
11955,0.109108,1
11956,2.995749,1
11957,0.749052,0
11958,1.083196,0
11959,0.288111,1
11960,0.218089,1
11961,0.354299,1
11962,0.54322,1
11963,0.652085,1
11964,1.155171,1
11965,3.107925,1
11966,0.205573,0
11967,1.511861,0
11968,1.544905,0
11969,3.357299,0
11970,1.471003,1
11971,2.67718,0
11972,1.934939,0
11973,0.217874,0
11974,1.454851,1
11975,1.510638,0
11976,3.72951,0
11977,4.062645,1
11978,3.195056,1
11979,1.184827,1
11980,3.908308,0
11981,2.897497,0
11982,1.214378,1
11983,3.111663,0
11984,0.742415,0
11985,3.10266,1
11986,0.467903,1
11987,4.923016,1
11988,0.997533,0
11989,0.377309,0
11990,0.163813,1
11991,1.948874,1
11992,2.506014,1
11993,1.759313,0
11994,2.169547,0
11995,0.379429,1
11996,0.163338,1
11997,0.202644,0
11998,0.404301,1
11999,0.292752,0
12000,0.319287,0
12001,0.153258,1
12002,0.741447,1
12003,0.067156,0
12004,0.209606,0
12005,2.699323,1
12006,0.118129,1
12007,1.793534,0
12008,0.195547,1
12009,1.287838,1
12010,2.157795,0
12011,1.090245,1
12012,2.03891,1
12013,1.658689,0
12014,1.220621,1
12015,0.494985,0
12016,2.514233,0
12017,0.183675,1
12018,0.477591,1
12019,0.272433,1
12020,0.967226,1
12021,0.168032,1
12022,2.85418,0
12023,2.56699,0
12024,3.865824,0
12025,1.814862,1
12026,0.263972,0
12027,2.773425,0
12028,3.685543,0
12029,2.55658,0
12030,0.919197,1
12031,1.574647,1
12032,0.193183,1
12033,1.340874,0
12034,2.336914,0
12035,1.17939,0
12036,3.90326,1
12037,2.60179,0
12038,4.517404,0
12039,1.548066,0
12040,2.14717,0
12041,0.100828,1
12042,2.145328,1
12043,3.131009,0
12044,1.284435,1
12045,0.276134,0
12046,0.380132,1
12047,2.341225,0
12048,0.58206,0
12049,0.809841,1
12050,2.634884,0
12051,0.448456,1
12052,0.947304,1
12053,0.279016,1
12054,4.370327,1
12055,2.504453,0
12056,0.381015,1
12057,1.630204,0
12058,0.32879,0
12059,3.001262,0
12060,3.884954,1
12061,0.479622,0
12062,2.350672,0
12063,3.761903,0
12064,0.11399,1
12065,2.202154,1
12066,1.703488,0
12067,2.177685,0
12068,3.267078,0
12069,0.605916,1
12070,3.104981,0
12071,1.308143,0
12072,0.147061,1
12073,0.237491,0
12074,0.668811,0
12075,0.200191,1
12076,0.793346,1
12077,0.392574,1
12078,3.643251,0
12079,1.928008,0
12080,0.67771,0
12081,2.651339,0
12082,0.700956,1
12083,1.137307,0
12084,0.413322,0
12085,2.409384,0
12086,0.125727,0
12087,1.037079,1
12088,0.459625,0
12089,2.127269,0
12090,1.747886,1
12091,2.597628,0
12092,1.343939,0
12093,1.207281,0
12094,2.668242,1
12095,0.306408,0
12096,1.120126,0
12097,1.2645,1
12098,2.098276,0
12099,1.790732,1
12100,4.190211,1
12101,0.448615,0
12102,0.307504,1
12103,4.079044,0
12104,2.89329,1
12105,0.213313,1
12106,3.932281,1
12107,1.779138,0
12108,0.191482,1
12109,4.504695,0
12110,2.38568,0
12111,1.47452,1
12112,0.10254,1
12113,0.362788,1
12114,1.623956,0
12115,3.237084,1
12116,2.157151,1
12117,0.325573,1
12118,0.336715,1
12119,0.399673,1
12120,0.37651,1
12121,4.367706,0
12122,0.524496,1
12123,0.581476,1
12124,1.821234,1
12125,0.396435,0
12126,1.701065,0
12127,0.290323,1
12128,0.531696,1
12129,1.720029,0
12130,2.192022,0
12131,1.308191,0
12132,1.960461,1
12133,2.257399,0
12134,0.579879,1
12135,0.333717,1
12136,2.707415,0
12137,4.620524,0
12138,1.650019,0
12139,0.543419,0
12140,1.309042,0
12141,1.398057,1
12142,2.884505,0
12143,1.86025,1
12144,2.516138,0
12145,3.55999,1
12146,1.644293,0
12147,0.573206,1
12148,0.848789,1
12149,0.187489,1
12150,0.4309,0
12151,5.874212,1
12152,0.54501,0
12153,0.98044,0
12154,3.948783,0
12155,0.976413,0
12156,0.967017,1
12157,0.916283,1
12158,3.769406,0
12159,0.782612,1
12160,0.554481,1
12161,1.817503,0
12162,4.416677,1
12163,3.35591,0
12164,0.310628,1
12165,0.949997,1
12166,1.687228,0
12167,2.436912,0
12168,0.192353,0
12169,2.691347,0
12170,0.178774,1
12171,1.510827,1
12172,4.229198,1
12173,0.75521,0
12174,4.24434,1
12175,0.544601,1
12176,1.544858,0
12177,1.535559,1
12178,1.553782,1
12179,0.552048,1
12180,0.095215,0
12181,0.687178,0
12182,4.309804,0
12183,2.934063,0
12184,1.024001,0
12185,2.894012,0
12186,2.815461,1
12187,3.64483,0
12188,0.70169,1
12189,2.123182,0
12190,2.790228,0
12191,1.398953,0
12192,2.511757,0
12193,0.20226,0
12194,0.52492,0
12195,0.189305,0
12196,4.474302,1
12197,0.209981,1
12198,0.461124,1
12199,0.939408,1
12200,1.894953,0
12201,2.818997,0
12202,5.104479,1
12203,0.127529,0
12204,0.638761,1
12205,0.839399,1
12206,0.497537,1
12207,2.036405,0
12208,0.722633,1
12209,2.981297,1
12210,0.77788,0
12211,1.479721,1
12212,2.305321,0
12213,0.492043,1
12214,2.35513,0
12215,0.358728,1
12216,6.038469,1
12217,0.658189,0
12218,1.520148,1
12219,2.76457,1
12220,5.570876,1
12221,1.649371,0
12222,1.249922,0
12223,0.490266,0
12224,3.912966,0
12225,0.194824,1
12226,0.25632,0
12227,0.143875,0
12228,2.632079,0
12229,1.103566,1
12230,0.793874,1
12231,3.127858,1
12232,3.070397,0
12233,3.271391,0
12234,2.381165,0
12235,1.216365,0
12236,2.561821,1
12237,2.074596,0
12238,0.564272,1
12239,3.549634,0
12240,1.609183,0
12241,1.989751,0
12242,0.348872,0
12243,0.299664,0
12244,0.612197,1
12245,3.236344,1
12246,0.450481,1
12247,0.307704,1
12248,0.20366,0
12249,2.158928,0
12250,0.190411,0
12251,0.348808,1
12252,0.560633,1
12253,0.296171,0
12254,0.554496,0
12255,0.738322,1
12256,1.660828,0
12257,3.925472,1
12258,0.461007,1
12259,0.393883,0
12260,4.480145,0
12261,1.00337,1
12262,1.166797,0
12263,0.297227,0
12264,1.728637,0
12265,1.858784,1
12266,0.124879,0
12267,1.676483,1
12268,2.488446,1
12269,2.288409,0
12270,0.562426,0
12271,2.966075,0
12272,2.957989,0
12273,4.579732,1
12274,0.567247,1
12275,5.07705,0
12276,1.516249,1
12277,0.145897,0
12278,0.460154,0
12279,2.25044,0
12280,3.506747,1
12281,2.09537,1
12282,3.316866,1
12283,0.441925,1
12284,3.21972,1
12285,0.223817,1
12286,0.538122,0
12287,2.104202,1
12288,3.928811,0
12289,0.167515,1
12290,0.282555,0
12291,0.134863,1
12292,1.394008,0
12293,0.282199,1
12294,0.769446,1
12295,3.291138,1
12296,2.341832,0
12297,2.776735,1
12298,3.541937,1
12299,2.119558,0
12300,4.799752,1
12301,1.353797,0
12302,2.429721,0
12303,3.925395,0
12304,3.085878,1
12305,0.574001,1
12306,0.388474,0
12307,0.508536,0
12308,1.047838,0
12309,0.17109,1
12310,0.789164,0
12311,1.084814,1
12312,1.2996,1
12313,4.019235,1
12314,4.235387,1
12315,1.874487,0
12316,2.739271,1
12317,2.411177,0
12318,2.366252,0
12319,0.835577,1
12320,2.087664,0
12321,0.179647,0
12322,0.66916,1
12323,2.389018,0
12324,0.492763,1
12325,2.534312,1
12326,3.705324,1
12327,2.983053,0
12328,5.360931,1
12329,2.52481,0
12330,2.226991,0
12331,3.459203,0
12332,0.722889,1
12333,0.625966,1
12334,0.921235,0
12335,1.137579,0
12336,0.739052,1
12337,2.963895,1
12338,1.034681,0
12339,2.983685,0
12340,4.225099,1
12341,0.164264,1
12342,2.18334,1
12343,0.196353,1
12344,3.504938,1
12345,0.392299,1
12346,2.156511,0
12347,0.366512,1
12348,0.400481,0
12349,0.431163,1
12350,0.15902,1
12351,0.336896,1
12352,0.435185,0
12353,0.197475,1
12354,1.075676,1
12355,0.320777,1
12356,2.105406,1
12357,0.48055,1
12358,1.590369,1
12359,3.287162,1
12360,0.123089,0
12361,3.868119,0
12362,1.791933,0
12363,3.929672,0
12364,1.616132,1
12365,1.962527,1
12366,2.876908,1
12367,3.776239,1
12368,0.269564,0
12369,1.872393,1
12370,0.519694,1
12371,1.969431,0
12372,0.954448,0
12373,0.482672,1
12374,2.245142,0
12375,0.101877,0
12376,0.152368,0
12377,2.787395,0
12378,2.583593,0
12379,3.805693,0
12380,0.435016,1
12381,4.068163,1
12382,2.213676,0
12383,2.510138,1
12384,0.366719,1
12385,0.449034,0
12386,0.609833,1
12387,1.205645,0
12388,2.41134,0
12389,0.475313,1
12390,0.302147,0
12391,0.575427,0
12392,0.417017,1
12393,0.486377,1
12394,1.080279,1
12395,3.465335,0
12396,1.121868,1
12397,0.199553,0
12398,0.971977,1
12399,4.172644,1
12400,2.111445,1
12401,0.150707,1
12402,0.864965,1
12403,1.770804,0
12404,2.725831,0
12405,2.454459,0
12406,2.481115,0
12407,0.128508,0
12408,0.213332,1
12409,0.252014,1
12410,4.455847,1
12411,2.315631,1
12412,0.51097,0
12413,1.746997,0
12414,0.858222,0
12415,0.637187,0
12416,3.410678,1
12417,4.292781,0
12418,0.55986,0
12419,1.282664,1
12420,3.899105,1
12421,2.678775,0
12422,2.037744,0
12423,2.010997,1
12424,0.654166,1
12425,2.487091,0
12426,2.405718,1
12427,0.170036,0
12428,0.974033,0
12429,0.166894,0
12430,2.593709,1
12431,1.951038,0
12432,2.222331,0
12433,0.912949,1
12434,2.324702,1
12435,2.869214,0
12436,0.543182,0
12437,0.881073,1
12438,1.299063,0
12439,1.562401,0
12440,0.48138,1
12441,0.709023,0
12442,3.735223,0
12443,2.673558,1
12444,2.563596,0
12445,0.137081,0
12446,2.153782,0
12447,2.438047,0
12448,0.951023,1
12449,1.035993,1
12450,3.003918,1
12451,4.135108,0
12452,2.333536,1
12453,0.571577,0
12454,0.669058,0
12455,0.219489,1
12456,4.898532,0
12457,0.417741,0
12458,0.182794,0
12459,1.935155,0
12460,0.528452,0
12461,0.36978,0
12462,0.146481,0
12463,2.627022,0
12464,3.590102,1
12465,4.858723,0
12466,2.825783,0
12467,1.753865,0
12468,2.403534,0
12469,0.442106,1
12470,3.197881,1
12471,0.335692,1
12472,0.877778,0
12473,1.590195,0
12474,0.61459,1
12475,1.631081,1
12476,2.682906,0
12477,0.830873,1
12478,1.064975,0
12479,2.929754,1
12480,0.730414,0
12481,3.102042,1
12482,2.429219,1
12483,0.542357,0
12484,2.129476,0
12485,0.500154,1
12486,6.081861,1
12487,0.910303,1
12488,0.964325,0
12489,0.546703,0
12490,3.811858,0
12491,0.583706,1
12492,1.827451,0
12493,0.355567,1
12494,0.438681,0
12495,0.635737,0
12496,3.180999,1
12497,0.460461,0
12498,0.865037,1
12499,0.713553,0
12500,2.409031,0
12501,3.776754,1
12502,2.643769,1
12503,2.895916,0
12504,0.389859,0
12505,0.829601,1
12506,3.525959,0
12507,0.706519,1
12508,4.514316,0
12509,2.436005,0
12510,2.603455,0
12511,1.13784,0
12512,3.275809,0
12513,1.529711,1
12514,2.76405,0
12515,0.677346,1
12516,0.7668,1
12517,2.237985,0
12518,3.429006,1
12519,3.617546,1
12520,3.059846,0
12521,1.987854,1
12522,3.402562,1
12523,0.393016,0
12524,3.080069,1
12525,1.629764,1
12526,0.484336,1
12527,4.194606,1
12528,2.800933,0
12529,0.430969,0
12530,1.618861,0
12531,1.914293,0
12532,2.01402,0
12533,0.792074,1
12534,0.970452,1
12535,2.628741,0
12536,0.286052,1
12537,0.337804,1
12538,0.63847,1
12539,1.104341,1
12540,0.218415,1
12541,3.108715,0
12542,2.817985,0
12543,0.733193,1
12544,2.73394,0
12545,0.229767,1
12546,4.573341,1
12547,0.217262,1
12548,2.321576,0
12549,3.220807,0
12550,1.374351,1
12551,0.278163,1
12552,0.479483,0
12553,1.590728,0
12554,0.096518,1
12555,0.121499,1
12556,0.773849,0
12557,0.551764,1
12558,0.35709,1
12559,2.946482,0
12560,0.543037,0
12561,3.958411,0
12562,2.788878,1
12563,0.860638,0
12564,0.433868,0
12565,6.058548,1
12566,0.476217,1
12567,4.626959,1
12568,2.180985,0
12569,1.256121,0
12570,1.958883,0
12571,0.169162,0
12572,0.842235,0
12573,0.194263,0
12574,2.089564,0
12575,0.955739,1
12576,0.609656,1
12577,4.220871,1
12578,4.373407,1
12579,1.236203,0
12580,1.113274,1
12581,0.236045,0
12582,1.979289,1
12583,0.393455,0
12584,0.442394,0
12585,1.370662,0
12586,0.424091,1
12587,2.097636,1
12588,4.232996,0
12589,0.142624,0
12590,2.821207,0
12591,2.380517,0
12592,0.727103,0
12593,2.140914,0
12594,0.234757,1
12595,1.29721,1
12596,1.908985,0
12597,0.257122,1
12598,2.943081,0
12599,1.962534,0
12600,3.514578,0
12601,2.124465,1
12602,3.648537,1
12603,3.751826,1
12604,3.110074,0
12605,2.122159,0
12606,3.399398,0
12607,0.353029,0
12608,1.044897,1
12609,0.492581,0
12610,1.413308,1
12611,0.898276,0
12612,3.329175,1
12613,3.978292,0
12614,0.438607,0
12615,3.884412,0
12616,1.10275,1
12617,0.926903,0
12618,1.221091,0
12619,0.710897,1
12620,0.801401,0
12621,0.158335,1
12622,3.351417,1
12623,4.495726,1
12624,0.700074,1
12625,2.701067,0
12626,0.395289,0
12627,0.307461,1
12628,0.643889,1
12629,0.316079,1
12630,5.417354,1
12631,1.793837,0
12632,1.325477,1
12633,2.253383,0
12634,3.023461,0
12635,2.293119,0
12636,0.644906,1
12637,3.840265,0
12638,0.224075,0
12639,0.353067,1
12640,0.835579,0
12641,2.812481,0
12642,1.932634,0
12643,2.405264,0
12644,1.062891,0
12645,0.493576,1
12646,0.682431,1
12647,0.42078,1
12648,2.97831,1
12649,1.690751,0
12650,0.683921,1
12651,1.977487,0
12652,1.588944,1
12653,0.256553,0
12654,2.872749,1
12655,0.524516,1
12656,0.190995,1
12657,0.247789,1
12658,0.857139,1
12659,3.106789,0
12660,0.368935,1
12661,0.919081,0
12662,4.432539,1
12663,0.2006,0
12664,1.394466,1
12665,1.737499,0
12666,0.36817,0
12667,4.526629,1
12668,1.716051,0
12669,1.434508,0
12670,3.694865,1
12671,3.068483,1
12672,0.095833,0
12673,1.148746,0
12674,3.874957,1
12675,1.351991,0
12676,5.064576,1
12677,1.019468,0
12678,0.850883,1
12679,0.733012,0
12680,1.8209,0
12681,2.458511,0
12682,1.059771,0
12683,0.917211,1
12684,3.036115,0
12685,2.841969,1
12686,1.129892,0
12687,0.950437,0
12688,3.002324,0
12689,1.638732,1
12690,1.826769,0
12691,0.243879,1
12692,0.15718,1
12693,0.740903,0
12694,1.651622,1
12695,0.613825,1
12696,3.340925,1
12697,2.464443,0
12698,0.475866,1
12699,0.976195,1
12700,1.253152,0
12701,0.684347,1
12702,2.054715,0
12703,2.018391,0
12704,0.578214,1
12705,5.038869,0
12706,3.089082,0
12707,0.302011,0
12708,0.548982,1
12709,0.847259,0
12710,2.684851,0
12711,3.8932,0
12712,2.727877,0
12713,4.386292,0
12714,0.527935,1
12715,0.463033,1
12716,0.466529,1
12717,1.971291,1
12718,0.303557,1
12719,1.003648,1
12720,0.428545,1
12721,2.045614,1
12722,3.433076,1
12723,1.631496,0
12724,0.665511,0
12725,0.92353,0
12726,3.782763,1
12727,2.637618,1
12728,0.21346,1
12729,5.321864,1
12730,1.316601,0
12731,0.185529,1
12732,2.142354,0
12733,0.199914,1
12734,1.594068,0
12735,0.224687,0
12736,0.644401,0
12737,0.422311,1
12738,2.565149,0
12739,2.467485,0
12740,2.158299,0
12741,0.43042,0
12742,0.344488,1
12743,0.462863,1
12744,2.661269,1
12745,3.164853,0
12746,0.361945,0
12747,0.536902,0
12748,0.262829,1
12749,1.965502,0
12750,0.54636,0
12751,0.579191,1
12752,1.294069,0
12753,0.128922,1
12754,2.664185,0
12755,2.465928,1
12756,2.157403,0
12757,2.545275,1
12758,0.566743,0
12759,3.362145,0
12760,0.316049,1
12761,0.16958,0
12762,0.215501,0
12763,3.274565,0
12764,1.451623,0
12765,2.293703,1
12766,1.956566,0
12767,3.638176,0
12768,1.688248,0
12769,0.175316,1
12770,2.779577,1
12771,3.968605,0
12772,1.167925,0
12773,2.871259,1
12774,0.418716,1
12775,1.390237,0
12776,0.739658,0
12777,1.179797,0
12778,0.180987,1
12779,1.252249,1
12780,4.238387,0
12781,1.00627,0
12782,3.221051,0
12783,2.561223,0
12784,0.286975,0
12785,1.635783,0
12786,3.281398,1
12787,1.337555,0
12788,2.22688,1
12789,0.601822,1
12790,4.146235,0
12791,4.3985,1
12792,0.428021,0
12793,2.168393,0
12794,2.215391,0
12795,0.241087,0
12796,2.353217,0
12797,0.168203,1
12798,2.603313,0
12799,2.829783,1
12800,0.176233,1
12801,1.736039,0
12802,2.182179,0
12803,1.623117,1
12804,1.858444,0
12805,1.80003,0
12806,3.103743,0
12807,0.629973,0
12808,0.539298,1
12809,1.12246,1
12810,0.827407,1
12811,4.171551,1
12812,0.827153,0
12813,0.607903,0
12814,0.732162,1
12815,0.333432,0
12816,3.967044,0
12817,1.920752,0
12818,3.227708,0
12819,2.888635,1
12820,0.275722,0
12821,0.534367,1
12822,1.661176,0
12823,0.28613,1
12824,1.713609,1
12825,0.922488,0
12826,1.016296,0
12827,0.930862,1
12828,0.273206,0
12829,1.740927,1
12830,3.309913,1
12831,2.592459,1
12832,1.280356,1
12833,0.703411,1
12834,2.099442,0
12835,4.290445,0
12836,3.080108,0
12837,0.802431,0
12838,0.427558,1
12839,0.357076,0
12840,2.212769,1
12841,2.739314,0
12842,3.638646,0
12843,1.99444,0
12844,3.126408,0
12845,3.595721,0
12846,0.160664,1
12847,4.2217,0
12848,2.844876,0
12849,1.868288,0
12850,1.537225,0
12851,0.37298,0
12852,3.179056,1
12853,3.493693,0
12854,1.429229,0
12855,0.882407,0
12856,0.899793,1
12857,2.574267,0
12858,4.962126,1
12859,2.877828,0
12860,2.9719,0
12861,1.881414,0
12862,2.681397,0
12863,0.87157,1
12864,0.210254,0
12865,1.827309,0
12866,0.081973,0
12867,0.369993,1
12868,0.455121,0
12869,2.659309,1
12870,0.265815,0
12871,3.255783,0
12872,0.266622,0
12873,2.300773,0
12874,0.407181,1
12875,0.256162,0
12876,3.871029,1
12877,4.052739,1
12878,0.163421,1
12879,0.149985,0
12880,3.766355,1
12881,2.579066,0
12882,0.15693,1
12883,0.383629,1
12884,0.129584,1
12885,3.446789,0
12886,0.41094,0
12887,1.245873,0
12888,0.27376,1
12889,0.444714,1
12890,0.563685,1
12891,2.42482,0
12892,3.656435,0
12893,0.289769,1
12894,1.654876,1
12895,1.281291,0
12896,1.863704,1
12897,0.252468,0
12898,0.259328,0
12899,4.051824,1
12900,3.982717,1
12901,4.615109,0
12902,0.413552,1
12903,3.273876,1
12904,0.753742,1
12905,0.575594,1
12906,0.277289,1
12907,0.589213,1
12908,0.315552,1
12909,1.888425,1
12910,0.391849,1
12911,2.632047,0
12912,1.422584,1
12913,2.192104,1
12914,2.424574,0
12915,5.708718,1
12916,1.13344,0
12917,3.459474,1
12918,2.323792,1
12919,3.466801,0
12920,0.743798,1
12921,0.119953,0
12922,0.227665,1
12923,0.635195,1
12924,0.143935,1
12925,0.234606,0
12926,1.87473,1
12927,0.235652,0
12928,1.961987,1
12929,0.259186,0
12930,3.410114,0
12931,2.68408,1
12932,1.465175,1
12933,3.845322,0
12934,2.099296,0
12935,0.736302,1
12936,0.982015,1
12937,0.365204,1
12938,2.744567,1
12939,2.230094,0
12940,5.094809,0
12941,0.173846,0
12942,2.238969,0
12943,3.636963,1
12944,2.36425,0
12945,0.771238,1
12946,0.184385,0
12947,2.483483,1
12948,2.539011,0
12949,0.831729,1
12950,2.813291,1
12951,4.294234,0
12952,2.867001,0
12953,0.701566,1
12954,1.84906,0
12955,0.406597,0
12956,2.696664,0
12957,2.721707,1
12958,1.306359,1
12959,1.291363,1
12960,1.512002,1
12961,2.406217,1
12962,0.202591,1
12963,2.149106,0
12964,1.262656,0
12965,0.929419,0
12966,2.5707,1
12967,0.227863,0
12968,0.524462,0
12969,0.419171,0
12970,2.066019,0
12971,2.614703,0
12972,0.432455,0
12973,0.174148,1
12974,4.287558,1
12975,0.916077,1
12976,2.926139,0
12977,2.100359,0
12978,0.413615,1
12979,1.77189,0
12980,0.855437,0
12981,4.807601,1
12982,0.634707,0
12983,0.530869,0
12984,3.178679,0
12985,3.139597,1
12986,0.54294,0
12987,0.244526,0
12988,0.084156,1
12989,1.512068,0
12990,0.408602,1
12991,0.116591,1
12992,1.528998,0
12993,0.893061,1
12994,2.723283,0
12995,4.340737,1
12996,0.182004,0
12997,0.292781,1
12998,2.235923,0
12999,1.235611,1
13000,3.765821,0
13001,0.396328,0
13002,2.574762,1
13003,0.208474,1
13004,0.588104,1
13005,0.846965,1
13006,0.320309,1
13007,2.161212,0
13008,0.149452,0
13009,0.117005,0
13010,0.227939,0
13011,1.218197,0
13012,1.949233,1
13013,3.26202,0
13014,2.983561,0
13015,0.865091,0
13016,1.013908,1
13017,0.564195,0
13018,0.361196,1
13019,2.818137,1
13020,3.965859,0
13021,4.112725,1
13022,0.955064,0
13023,0.537601,1
13024,0.522906,1
13025,0.267404,1
13026,0.228985,0
13027,0.70648,1
13028,0.775998,0
13029,0.384402,0
13030,3.910105,0
13031,2.271412,0
13032,0.169766,1
13033,0.864184,1
13034,1.162336,0
13035,0.145749,0
13036,0.088923,1
13037,0.452679,1
13038,0.70266,1
13039,0.477313,1
13040,2.871859,0
13041,0.607684,1
13042,0.571334,0
13043,0.600806,1
13044,2.545843,0
13045,3.140913,1
13046,2.385558,0
13047,0.633663,1
13048,0.190769,0
13049,0.492788,1
13050,0.908984,1
13051,2.546381,1
13052,0.163143,0
13053,1.894401,0
13054,2.512091,0
13055,1.426932,1
13056,2.251572,1
13057,3.385776,0
13058,1.920335,0
13059,1.635442,1
13060,3.384551,0
13061,0.542336,0
13062,2.783276,0
13063,4.413088,1
13064,0.296478,1
13065,1.293169,1
13066,0.80939,0
13067,1.634759,1
13068,4.298424,0
13069,1.246887,1
13070,0.895237,1
13071,0.425521,0
13072,2.254022,0
13073,0.317345,0
13074,0.805263,1
13075,0.609958,1
13076,0.419278,1
13077,0.549658,1
13078,2.134528,0
13079,1.432031,1
13080,0.655774,1
13081,1.349278,0
13082,0.248151,0
13083,0.845828,1
13084,1.305364,1
13085,3.102694,1
13086,2.527347,0
13087,0.896381,0
13088,3.429554,1
13089,3.473518,1
13090,0.489523,1
13091,0.961062,0
13092,2.969133,0
13093,1.603576,1
13094,1.435523,1
13095,2.969798,0
13096,0.606097,1
13097,1.954213,0
13098,3.073962,0
13099,3.525,1
13100,1.610561,0
13101,2.211438,0
13102,2.670744,0
13103,0.260876,0
13104,0.59271,1
13105,0.909931,0
13106,2.242898,1
13107,2.784455,0
13108,0.45029,1
13109,0.78648,0
13110,1.067165,1
13111,2.498479,0
13112,0.968182,0
13113,1.106119,0
13114,2.010931,0
13115,2.552224,0
13116,0.27169,1
13117,0.099362,0
13118,4.102329,0
13119,1.726481,0
13120,0.426066,0
13121,4.495679,1
13122,0.228727,1
13123,2.94673,0
13124,0.848027,0
13125,0.337171,0
13126,1.819582,0
13127,2.777757,0
13128,0.868807,0
13129,1.259506,0
13130,0.256591,1
13131,0.517087,0
13132,0.816431,0
13133,2.848738,0
13134,3.393571,1
13135,3.268249,1
13136,0.192501,1
13137,3.061194,0
13138,2.321412,0
13139,1.704731,1
13140,1.449896,1
13141,0.419948,0
13142,1.955954,0
13143,3.148911,0
13144,4.173153,0
13145,3.241889,1
13146,3.068178,0
13147,2.180451,0
13148,0.127126,1
13149,0.451394,1
13150,2.930884,1
13151,1.194158,1
13152,2.315047,1
13153,2.192535,0
13154,1.337828,1
13155,0.576012,0
13156,2.380907,0
13157,1.412797,1
13158,1.030189,1
13159,1.924436,0
13160,0.85752,0
13161,1.349885,0
13162,0.492863,1
13163,3.955775,0
13164,1.48588,1
13165,0.480563,0
13166,0.255511,1
13167,2.90538,0
13168,0.271852,1
13169,1.482971,1
13170,0.28914,1
13171,0.221873,1
13172,3.713719,0
13173,1.09807,0
13174,0.550444,0
13175,0.644686,0
13176,1.794402,0
13177,4.080102,1
13178,0.741311,1
13179,1.836201,1
13180,2.61339,1
13181,1.656138,0
13182,2.410446,0
13183,2.591824,1
13184,0.196289,0
13185,3.187509,1
13186,3.426345,1
13187,3.614832,0
13188,2.603112,0
13189,0.183862,0
13190,2.097935,0
13191,2.555449,0
13192,3.230942,0
13193,0.175486,1
13194,0.301034,1
13195,0.584277,0
13196,0.182554,0
13197,0.127064,0
13198,1.251061,1
13199,0.564037,1
13200,1.799864,0
13201,0.153854,1
13202,0.241092,0
13203,0.308395,1
13204,3.099968,1
13205,2.671261,0
13206,1.098356,0
13207,1.695849,0
13208,1.342891,1
13209,1.539316,1
13210,0.434342,0
13211,0.322316,0
13212,2.584139,0
13213,1.225072,0
13214,5.122362,1
13215,0.813521,0
13216,2.438878,0
13217,1.814553,0
13218,1.338752,1
13219,0.210234,1
13220,0.407519,0
13221,0.290817,1
13222,1.41479,0
13223,0.970187,0
13224,0.264143,0
13225,0.527467,0
13226,0.598526,1
13227,0.479648,1
13228,2.198748,0
13229,0.100724,0
13230,2.88514,1
13231,0.419175,0
13232,2.568724,0
13233,1.184287,0
13234,0.47943,0
13235,2.229239,0
13236,2.761721,1
13237,0.272675,1
13238,1.664313,1
13239,1.567702,0
13240,0.362335,1
13241,0.423304,1
13242,1.103656,0
13243,1.361362,0
13244,2.147684,0
13245,0.901169,1
13246,2.318563,0
13247,3.366307,1
13248,3.458302,0
13249,2.69613,1
13250,0.756382,1
13251,0.179153,1
13252,0.527573,1
13253,3.925629,1
13254,3.789888,1
13255,3.93137,0
13256,0.109665,1
13257,1.580354,0
13258,2.951669,1
13259,0.226723,0
13260,2.642879,1
13261,1.94304,0
13262,0.512365,1
13263,3.469608,0
13264,1.884657,0
13265,0.707464,0
13266,0.866719,0
13267,0.99284,1
13268,0.874376,0
13269,1.968302,0
13270,0.886436,1
13271,0.482308,1
13272,1.453666,0
13273,2.617871,0
13274,3.209448,0
13275,0.752663,1
13276,1.185091,0
13277,2.023378,1
13278,0.93724,1
13279,2.722299,0
13280,2.214532,0
13281,4.231218,0
13282,4.245639,0
13283,1.249199,1
13284,3.179052,0
13285,2.946799,0
13286,3.046594,0
13287,0.30552,0
13288,0.767589,1
13289,0.373408,0
13290,3.518638,1
13291,2.865913,0
13292,0.592925,1
13293,4.456141,0
13294,2.139248,0
13295,0.36515,1
13296,0.252537,0
13297,0.544483,0
13298,0.128278,1
13299,1.501483,1
13300,3.631263,1
13301,1.844371,0
13302,0.460847,1
13303,0.435526,1
13304,2.3033,0
13305,0.49507,1
13306,2.454839,0
13307,2.829175,0
13308,3.955633,1
13309,2.987696,0
13310,4.832362,0
13311,0.142359,1
13312,3.492556,0
13313,0.21953,0
13314,4.221857,0
13315,0.645592,0
13316,0.276921,0
13317,1.379146,1
13318,2.213002,0
13319,3.347107,0
13320,0.345243,0
13321,2.203521,0
13322,1.013021,1
13323,0.378383,0
13324,0.626046,1
13325,3.555392,0
13326,0.482704,1
13327,0.544449,0
13328,1.296464,0
13329,0.181933,1
13330,0.625115,1
13331,3.389019,0
13332,0.498808,1
13333,0.411362,0
13334,1.044226,1
13335,3.765738,1
13336,0.331721,0
13337,4.074004,1
13338,7.160053,1
13339,0.751813,0
13340,1.931504,0
13341,4.513355,0
13342,3.115113,0
13343,0.707094,0
13344,1.096885,1
13345,1.95474,0
13346,1.14993,0
13347,0.266436,0
13348,0.912156,1
13349,0.264805,1
13350,1.798033,1
13351,0.613089,0
13352,1.330648,0
13353,0.222964,1
13354,0.225582,1
13355,2.030999,0
13356,1.718803,0
13357,2.137151,0
13358,2.048889,0
13359,0.299126,1
13360,1.953807,0
13361,0.299416,1
13362,1.25499,0
13363,0.191563,1
13364,0.558747,1
13365,3.774603,1
13366,2.336682,0
13367,0.207532,1
13368,0.906284,1
13369,1.733154,0
13370,1.627629,0
13371,0.67534,1
13372,1.804047,1
13373,0.661883,1
13374,0.146321,0
13375,2.446845,0
13376,0.732736,0
13377,2.621022,0
13378,0.079336,0
13379,0.352332,1
13380,2.743298,1
13381,4.445321,1
13382,1.278468,1
13383,0.510283,1
13384,3.044755,1
13385,1.489357,1
13386,0.091201,1
13387,2.67765,0
13388,0.158053,0
13389,0.667171,1
13390,1.220345,0
13391,2.871869,0
13392,1.092983,1
13393,0.15393,1
13394,2.530056,0
13395,3.630511,0
13396,1.317043,0
13397,1.905638,1
13398,1.37295,1
13399,1.446599,0
13400,2.544968,0
13401,0.610888,0
13402,0.462418,1
13403,2.097057,0
13404,0.25002,0
13405,0.374108,0
13406,0.896264,1
13407,3.706917,0
13408,3.286818,1
13409,2.124458,0
13410,2.325614,0
13411,0.592719,0
13412,0.705958,1
13413,1.400777,1
13414,2.920961,1
13415,0.409811,0
13416,5.699378,0
13417,2.593914,0
13418,0.843451,0
13419,2.438031,0
13420,0.401843,0
13421,0.653321,0
13422,0.387393,0
13423,1.874449,1
13424,0.523703,1
13425,1.328579,0
13426,0.371365,1
13427,1.09741,1
13428,1.0332,1
13429,2.822047,0
13430,2.669657,1
13431,4.252217,0
13432,1.666286,0
13433,0.907448,1
13434,0.506479,1
13435,0.556173,1
13436,1.783413,0
13437,0.272001,0
13438,3.215605,1
13439,0.176546,1
13440,0.419913,0
13441,0.965233,0
13442,0.454755,1
13443,3.476524,1
13444,0.3705,1
13445,3.455117,1
13446,0.28172,0
13447,0.529496,1
13448,2.566852,0
13449,0.719371,1
13450,1.013533,0
13451,2.766443,0
13452,4.744507,1
13453,0.375475,1
13454,0.622384,1
13455,0.842633,0
13456,2.446259,0
13457,0.452822,0
13458,0.181496,1
13459,0.499015,0
13460,1.636395,0
13461,2.478384,1
13462,0.69986,1
13463,1.070959,0
13464,0.38807,0
13465,2.92705,0
13466,1.141574,1
13467,3.855447,0
13468,0.193918,1
13469,0.533663,1
13470,4.578225,0
13471,4.438079,0
13472,0.348408,1
13473,3.522235,1
13474,0.286634,0
13475,0.334707,1
13476,3.732477,1
13477,1.244397,1
13478,1.960891,0
13479,3.131452,1
13480,1.483748,1
13481,0.33887,0
13482,2.122147,0
13483,3.211391,0
13484,2.709069,1
13485,0.171225,0
13486,2.022422,1
13487,4.80336,1
13488,2.284937,0
13489,2.262318,0
13490,2.489371,0
13491,0.439421,1
13492,1.251259,0
13493,3.531483,0
13494,0.095178,0
13495,3.799396,1
13496,0.242195,1
13497,1.399642,1
13498,0.683842,1
13499,2.185059,0
13500,1.701466,0
13501,0.384267,1
13502,0.427937,0
13503,0.463718,0
13504,2.886505,0
13505,2.498922,1
13506,1.559931,0
13507,2.473646,0
13508,1.437111,1
13509,0.534665,1
13510,0.268613,1
13511,1.020532,0
13512,0.446964,1
13513,0.403972,1
13514,1.341755,0
13515,0.233238,1
13516,0.873211,0
13517,3.428403,0
13518,0.233785,1
13519,0.487252,1
13520,1.246769,0
13521,0.463583,1
13522,0.276126,0
13523,2.183823,0
13524,2.848255,0
13525,1.94784,1
13526,0.395933,1
13527,1.530106,0
13528,3.31988,0
13529,3.981169,0
13530,1.725204,0
13531,3.037604,0
13532,0.30187,0
13533,3.152531,1
13534,1.002316,0
13535,0.383091,1
13536,3.397566,0
13537,4.538853,1
13538,4.670024,1
13539,1.066942,1
13540,1.78353,1
13541,2.590716,0
13542,0.600322,0
13543,0.489071,1
13544,3.510651,0
13545,4.432306,1
13546,0.314992,0
13547,0.415249,1
13548,2.157061,0
13549,2.413312,0
13550,0.321142,0
13551,3.97025,1
13552,2.627947,0
13553,3.34576,1
13554,3.091213,0
13555,0.318577,0
13556,2.742379,1
13557,3.627965,0
13558,3.924063,0
13559,0.375515,1
13560,0.451984,1
13561,0.939081,1
13562,4.510497,0
13563,1.188915,0
13564,1.714608,0
13565,4.526457,1
13566,0.16936,1
13567,0.239213,0
13568,0.540678,0
13569,0.693801,0
13570,1.255154,1
13571,0.49981,0
13572,1.730151,1
13573,3.257015,1
13574,0.320447,1
13575,0.211081,0
13576,2.174984,0
13577,1.37547,1
13578,2.806218,0
13579,0.227754,1
13580,0.697209,0
13581,2.527377,0
13582,1.967067,0
13583,3.224649,0
13584,0.65704,0
13585,1.719113,1
13586,1.005049,1
13587,2.306614,0
13588,0.524315,0
13589,3.561739,1
13590,0.799251,1
13591,0.217162,1
13592,4.051803,1
13593,0.504321,0
13594,3.123946,1
13595,1.83001,1
13596,0.755337,0
13597,2.878583,1
13598,3.003567,1
13599,2.934174,0
13600,2.434111,1
13601,3.576152,1
13602,2.080857,1
13603,0.320095,0
13604,1.541621,1
13605,1.699838,0
13606,1.754498,0
13607,3.250368,0
13608,0.370827,1
13609,2.764094,0
13610,0.654702,1
13611,3.387674,1
13612,0.342886,0
13613,4.22533,1
13614,0.842604,1
13615,0.439219,1
13616,0.632492,1
13617,0.459794,1
13618,0.680847,1
13619,2.548287,0
13620,1.383441,1
13621,2.631035,0
13622,0.369303,1
13623,0.803682,0
13624,3.412672,1
13625,1.100635,1
13626,4.359776,1
13627,1.95217,1
13628,0.472914,1
13629,3.184561,0
13630,0.470632,0
13631,3.897784,0
13632,1.140978,0
13633,1.903511,1
13634,0.552902,0
13635,2.197923,0
13636,0.679721,1
13637,0.939375,1
13638,0.487711,0
13639,1.699894,1
13640,0.892571,0
13641,3.1276,0
13642,0.092013,1
13643,0.28604,0
13644,0.342928,1
13645,0.254029,1
13646,0.946135,1
13647,4.655913,0
13648,3.083737,0
13649,0.172133,0
13650,0.552374,1
13651,1.053394,1
13652,1.747863,0
13653,3.847806,0
13654,0.181463,0
13655,0.340483,1
13656,2.60441,0
13657,3.024182,0
13658,0.29728,0
13659,3.856927,0
13660,2.670755,0
13661,3.720681,0
13662,0.442672,0
13663,2.866655,1
13664,1.453242,0
13665,0.269272,0
13666,3.78518,1
13667,0.552846,1
13668,2.109696,0
13669,1.185469,0
13670,3.879452,1
13671,3.800135,0
13672,0.351147,0
13673,2.275635,0
13674,5.500705,1
13675,1.839843,0
13676,2.802749,0
13677,0.899164,1
13678,0.365997,1
13679,2.515775,0
13680,0.906795,1
13681,3.062286,0
13682,2.648674,0
13683,1.847752,1
13684,0.60935,0
13685,3.032861,1
13686,0.175646,1
13687,3.482263,0
13688,0.516663,1
13689,2.180835,1
13690,0.30547,1
13691,1.569411,1
13692,0.624449,1
13693,0.092531,0
13694,0.518538,0
13695,1.957826,1
13696,3.369649,0
13697,0.169206,1
13698,0.416766,1
13699,3.619033,1
13700,2.601292,0
13701,0.339194,0
13702,0.148511,0
13703,1.822758,1
13704,2.211309,0
13705,2.70569,0
13706,3.352148,0
13707,0.209558,1
13708,0.687674,1
13709,2.844701,1
13710,1.126228,0
13711,3.897866,1
13712,0.506504,0
13713,0.737818,1
13714,3.288133,1
13715,1.835588,0
13716,1.961097,1
13717,2.487192,0
13718,0.71923,1
13719,1.16863,1
13720,3.242787,0
13721,3.450247,0
13722,1.288345,1
13723,3.231817,0
13724,2.315966,1
13725,2.703752,0
13726,0.556558,0
13727,0.400367,1
13728,0.427674,1
13729,0.344995,1
13730,0.390063,0
13731,1.58821,1
13732,0.086218,0
13733,0.231817,1
13734,4.096635,1
13735,0.521109,1
13736,1.737053,0
13737,2.431282,0
13738,0.27667,1
13739,0.484547,1
13740,1.018219,1
13741,2.717062,1
13742,2.547437,1
13743,1.159238,1
13744,1.068696,0
13745,3.424325,1
13746,0.603232,0
13747,1.150356,1
13748,0.512808,0
13749,1.132199,1
13750,3.392332,0
13751,1.906986,1
13752,0.283629,0
13753,0.464828,1
13754,0.473339,1
13755,1.030278,1
13756,1.419103,1
13757,1.278317,1
13758,0.096102,1
13759,0.760078,1
13760,0.692266,1
13761,0.148197,0
13762,1.280524,1
13763,0.566654,1
13764,0.105351,1
13765,1.578935,0
13766,3.768651,0
13767,4.763836,1
13768,3.464036,1
13769,0.354799,1
13770,0.237847,1
13771,0.280506,1
13772,1.968579,0
13773,0.26284,1
13774,0.363915,1
13775,1.363365,1
13776,2.519859,0
13777,1.894973,0
13778,0.104535,0
13779,2.48175,0
13780,2.476455,0
13781,4.051029,1
13782,2.160245,0
13783,4.166337,0
13784,2.153354,0
13785,2.371863,1
13786,2.446409,0
13787,4.097281,1
13788,4.363756,1
13789,0.494336,1
13790,4.888962,1
13791,2.820663,0
13792,0.873376,1
13793,2.38131,0
13794,0.778312,1
13795,0.346807,0
13796,1.895004,0
13797,0.824863,0
13798,1.044971,1
13799,0.635827,1
13800,0.117069,0
13801,0.154404,1
13802,0.131966,0
13803,0.496725,1
13804,3.016367,0
13805,0.773185,1
13806,0.26599,0
13807,0.976161,0
13808,3.720299,0
13809,3.659057,0
13810,1.242477,1
13811,0.620617,1
13812,2.176104,0
13813,3.494395,0
13814,3.004348,0
13815,0.319807,0
13816,1.773305,1
13817,0.923077,1
13818,1.303466,1
13819,0.124025,1
13820,1.552042,1
13821,1.342025,0
13822,3.135402,1
13823,3.764242,0
13824,0.621998,0
13825,1.012246,1
13826,2.533436,0
13827,0.770888,0
13828,4.478033,1
13829,0.21595,1
13830,3.346489,1
13831,0.589296,1
13832,0.455005,0
13833,0.842822,0
13834,0.765546,0
13835,0.330665,1
13836,0.301495,1
13837,0.782826,1
13838,3.360347,0
13839,0.294576,1
13840,0.140731,1
13841,0.89509,1
13842,0.374636,1
13843,2.159081,0
13844,1.13785,0
13845,0.977342,1
13846,3.545819,1
13847,1.233057,0
13848,0.401739,1
13849,3.821011,1
13850,2.414935,0
13851,3.157645,1
13852,1.378423,1
13853,0.438648,1
13854,3.357171,1
13855,0.485244,1
13856,0.649691,1
13857,1.011812,1
13858,2.474171,0
13859,2.522855,0
13860,1.195198,1
13861,0.725173,0
13862,3.574541,1
13863,1.577547,0
13864,2.284015,1
13865,1.193537,1
13866,1.9873,0
13867,0.638122,1
13868,4.147992,1
13869,0.345154,1
13870,0.453112,1
13871,0.411778,0
13872,2.306903,0
13873,1.527535,0
13874,0.90419,1
13875,2.890589,1
13876,3.474539,1
13877,1.225917,0
13878,3.007357,1
13879,0.787695,1
13880,1.643353,0
13881,3.280574,1
13882,0.213943,0
13883,1.969238,0
13884,0.482818,0
13885,1.943223,1
13886,2.386261,0
13887,0.191966,0
13888,0.123453,0
13889,1.248654,0
13890,1.920584,0
13891,1.941207,0
13892,2.262764,1
13893,0.383875,0
13894,2.46481,0
13895,0.970707,0
13896,0.778869,1
13897,0.291095,1
13898,4.128509,0
13899,0.740042,1
13900,2.005463,1
13901,0.736042,1
13902,0.388306,0
13903,2.565131,1
13904,1.045158,1
13905,0.430734,0
13906,0.792458,1
13907,1.222476,1
13908,0.491239,1
13909,2.363519,0
13910,2.416203,0
13911,2.744943,0
13912,2.143517,0
13913,0.26261,1
13914,2.652873,1
13915,1.220319,0
13916,0.159603,0
13917,0.259489,0
13918,2.388331,0
13919,3.030171,1
13920,1.979434,0
13921,6.120533,1
13922,1.936033,0
13923,0.280062,0
13924,0.443053,0
13925,1.421176,1
13926,0.65032,1
13927,2.413255,1
13928,2.743969,0
13929,0.755577,1
13930,2.328964,0
13931,0.278539,0
13932,2.269677,1
13933,0.474742,0
13934,0.158241,1
13935,0.787766,0
13936,2.251099,1
13937,1.05815,1
13938,3.858195,1
13939,4.109363,1
13940,0.454363,0
13941,2.152368,0
13942,0.816802,1
13943,0.588929,1
13944,1.277311,1
13945,2.123404,0
13946,2.695568,1
13947,3.271115,1
13948,0.263477,1
13949,0.52957,1
13950,0.492366,0
13951,0.223404,1
13952,2.95851,0
13953,0.146816,0
13954,0.150379,0
13955,2.893662,0
13956,4.102814,0
13957,3.691351,1
13958,3.267295,0
13959,1.234766,0
13960,2.248177,0
13961,2.71153,0
13962,0.564234,0
13963,2.795801,0
13964,1.373797,0
13965,3.005784,1
13966,2.396394,1
13967,0.224218,0
13968,2.011221,1
13969,1.078897,0
13970,0.335,0
13971,2.032296,1
13972,4.315132,1
13973,3.783809,0
13974,2.044343,0
13975,2.674914,1
13976,0.165426,1
13977,0.40795,0
13978,0.70151,0
13979,2.632061,0
13980,3.435722,1
13981,0.175942,0
13982,0.596079,1
13983,0.358386,0
13984,0.480557,1
13985,0.491716,0
13986,0.249431,0
13987,2.133396,0
13988,3.48378,0
13989,4.374875,0
13990,1.008711,1
13991,1.198487,0
13992,0.15173,1
13993,0.626285,0
13994,0.174651,1
13995,2.415498,1
13996,3.210569,1
13997,2.495307,1
13998,0.730468,1
13999,0.401207,1
14000,2.916398,0
14001,2.646102,0
14002,2.021495,1
14003,4.165879,0
14004,0.162785,1
14005,0.711551,0
14006,2.92709,0
14007,1.753653,0
14008,3.823003,1
14009,0.483441,1
14010,0.263267,0
14011,2.471107,0
14012,0.344538,0
14013,0.448651,0
14014,0.343326,1
14015,0.983936,1
14016,2.758883,0
14017,0.825788,0
14018,0.792264,0
14019,4.498172,1
14020,2.298869,0
14021,3.97653,0
14022,2.251481,1
14023,2.770672,0
14024,3.812324,0
14025,0.494906,1
14026,0.501477,1
14027,2.034905,0
14028,0.365815,0
14029,1.893651,1
14030,0.242225,1
14031,1.627982,1
14032,2.274334,0
14033,0.794806,0
14034,0.394643,0
14035,0.244118,1
14036,2.199376,1
14037,0.331757,0
14038,0.771337,1
14039,0.48478,0
14040,2.207082,1
14041,0.67132,1
14042,0.271845,1
14043,2.203645,0
14044,0.707019,1
14045,1.040868,1
14046,0.197409,0
14047,0.376064,1
14048,2.973918,1
14049,2.123389,0
14050,1.082178,0
14051,4.764751,1
14052,0.878007,1
14053,0.14491,1
14054,0.341483,1
14055,1.750847,0
14056,3.35071,0
14057,0.122156,0
14058,2.694977,1
14059,0.356636,0
14060,0.241539,1
14061,3.453243,0
14062,2.322922,1
14063,2.169251,0
14064,0.330254,0
14065,4.23555,1
14066,3.965178,1
14067,1.969952,0
14068,1.838733,1
14069,2.816477,0
14070,4.048637,0
14071,0.538403,1
14072,2.239196,0
14073,0.823161,0
14074,0.577245,1
14075,0.450338,0
14076,0.43617,0
14077,0.268353,1
14078,0.893379,1
14079,1.852248,0
14080,0.167492,0
14081,2.524905,0
14082,2.616801,1
14083,0.819772,0
14084,0.503729,0
14085,6.163985,1
14086,0.517941,0
14087,3.21518,1
14088,0.411216,0
14089,1.682509,0
14090,2.802,0
14091,0.285363,0
14092,0.76179,0
14093,0.984623,0
14094,1.757708,1
14095,0.273481,1
14096,1.866447,0
14097,1.684576,0
14098,6.132346,1
14099,0.318742,1
14100,0.819037,0
14101,0.464181,0
14102,4.101725,1
14103,3.877395,1
14104,0.270605,1
14105,0.200033,1
14106,4.265664,0
14107,0.524536,0
14108,2.795804,0
14109,1.85141,1
14110,3.156999,0
14111,0.969804,1
14112,1.713143,0
14113,2.793505,1
14114,1.761215,1
14115,4.051604,0
14116,1.129929,0
14117,2.87027,1
14118,1.983566,0
14119,3.73024,1
14120,3.905416,0
14121,2.668676,0
14122,0.965784,0
14123,0.703698,1
14124,1.103911,0
14125,0.431411,1
14126,3.095637,1
14127,0.8863,1
14128,1.443265,1
14129,1.008568,0
14130,2.421107,0
14131,1.912276,1
14132,1.615429,1
14133,0.323117,0
14134,0.305914,1
14135,5.38819,0
14136,0.631857,0
14137,1.429151,0
14138,2.156239,1
14139,1.046646,1
14140,0.128161,0
14141,3.508117,1
14142,1.948358,0
14143,1.776075,0
14144,1.994497,1
14145,2.267399,0
14146,0.51029,0
14147,0.216602,1
14148,1.005233,1
14149,1.357864,0
14150,0.230283,1
14151,1.0404,0
14152,0.385724,0
14153,0.992497,1
14154,0.160584,1
14155,1.188336,0
14156,0.155493,1
14157,1.030327,1
14158,0.313732,1
14159,2.075853,1
14160,1.095196,1
14161,0.768308,1
14162,1.558794,0
14163,0.229494,0
14164,3.685904,0
14165,0.303036,0
14166,1.978507,0
14167,0.658622,1
14168,1.754057,1
14169,4.461151,1
14170,1.957464,0
14171,0.113663,0
14172,0.275548,1
14173,3.266383,1
14174,0.88431,1
14175,3.471792,0
14176,0.710033,0
14177,1.249118,1
14178,0.526322,1
14179,1.14813,1
14180,1.360202,0
14181,0.285298,1
14182,4.528754,1
14183,3.366662,1
14184,2.818344,1
14185,2.533536,0
14186,0.164081,1
14187,0.567679,1
14188,0.145283,0
14189,2.37149,0
14190,4.053211,0
14191,0.171393,0
14192,1.532097,0
14193,2.250534,1
14194,2.480479,1
14195,3.033301,1
14196,2.381596,1
14197,3.990299,1
14198,2.883121,0
14199,2.380303,0
14200,0.767622,0
14201,0.978043,1
14202,0.79843,0
14203,4.779109,1
14204,0.442638,0
14205,0.289,1
14206,0.565118,0
14207,0.308888,0
14208,2.380664,0
14209,3.464073,0
14210,0.408134,1
14211,1.149629,0
14212,4.139822,1
14213,2.568052,0
14214,3.043005,0
14215,0.237423,1
14216,2.479708,0
14217,3.792337,1
14218,1.463558,0
14219,3.656927,1
14220,2.072092,0
14221,2.369134,0
14222,3.022454,0
14223,0.292934,1
14224,0.713048,1
14225,1.863992,0
14226,1.13371,0
14227,1.898586,0
14228,2.160434,0
14229,3.13991,1
14230,1.79727,0
14231,3.206133,1
14232,3.96207,1
14233,1.700173,1
14234,1.131471,0
14235,3.199155,1
14236,0.765144,0
14237,3.1442,1
14238,0.827656,1
14239,0.787258,1
14240,1.715351,1
14241,3.243706,1
14242,1.711712,1
14243,3.238233,0
14244,1.300979,1
14245,2.891771,0
14246,0.314105,1
14247,5.096775,1
14248,2.79433,0
14249,0.55777,0
14250,2.730933,1
14251,2.114897,0
14252,1.167455,0
14253,2.344061,0
14254,0.272314,1
14255,3.510067,1
14256,1.64,1
14257,0.499083,1
14258,0.534011,0
14259,0.313842,1
14260,1.394163,0
14261,2.07907,0
14262,0.405744,0
14263,0.645093,1
14264,0.492501,0
14265,2.92131,0
14266,1.777932,0
14267,2.307388,1
14268,1.79549,0
14269,1.268427,1
14270,0.55551,1
14271,5.347439,0
14272,1.362952,0
14273,0.566694,1
14274,1.074204,0
14275,0.94913,1
14276,2.155051,0
14277,0.581571,0
14278,2.650307,0
14279,2.465159,1
14280,1.552038,0
14281,0.132241,1
14282,2.339901,0
14283,0.270112,1
14284,2.910705,0
14285,2.488879,0
14286,0.486056,1
14287,2.33275,0
14288,2.312248,0
14289,3.502361,0
14290,3.431736,0
14291,5.264209,0
14292,3.161425,0
14293,0.60735,1
14294,5.055825,1
14295,0.271646,1
14296,3.675339,0
14297,3.591399,0
14298,1.702537,1
14299,2.737133,0
14300,2.04491,0
14301,0.328296,1
14302,0.878328,1
14303,2.766047,0
14304,0.133652,1
14305,0.404503,0
14306,1.396877,0
14307,0.90069,0
14308,0.35272,1
14309,0.263488,0
14310,4.242542,0
14311,0.379999,1
14312,3.538352,0
14313,0.389184,1
14314,3.663671,1
14315,0.273242,1
14316,5.547154,1
14317,1.042289,1
14318,0.420804,1
14319,0.662597,1
14320,0.121044,0
14321,0.739566,1
14322,1.01533,1
14323,0.225957,1
14324,0.956301,0
14325,0.672305,1
14326,0.370543,0
14327,0.231695,0
14328,0.297742,1
14329,2.484267,0
14330,1.839073,0
14331,0.196903,1
14332,1.167643,0
14333,0.398642,0
14334,0.640303,1
14335,1.483389,0
14336,3.71217,0
14337,0.688956,0
14338,0.236466,0
14339,2.37477,0
14340,0.879053,0
14341,0.240837,1
14342,2.887988,1
14343,1.810399,1
14344,3.539307,1
14345,0.29057,1
14346,3.354029,0
14347,2.424228,0
14348,3.132399,0
14349,0.119129,0
14350,2.57097,0
14351,2.376679,0
14352,0.991825,1
14353,2.716109,0
14354,0.127366,0
14355,0.292504,1
14356,3.125065,0
14357,0.316657,0
14358,0.380366,0
14359,0.381812,0
14360,4.734868,1
14361,1.141846,0
14362,2.882329,0
14363,5.132545,1
14364,0.17651,0
14365,3.275296,0
14366,2.172729,1
14367,5.56743,1
14368,2.151223,0
14369,0.562575,1
14370,1.022593,1
14371,4.131656,1
14372,1.445316,1
14373,0.192392,1
14374,3.67659,0
14375,1.303449,1
14376,0.542545,0
14377,0.238681,0
14378,1.824866,1
14379,0.642715,0
14380,0.273853,1
14381,1.644715,0
14382,0.163711,1
14383,0.614657,1
14384,4.192563,0
14385,0.793719,1
14386,0.752214,1
14387,0.457267,0
14388,1.2692,1
14389,0.247073,1
14390,1.077881,1
14391,1.158189,1
14392,3.550987,0
14393,0.793109,0
14394,0.78097,0
14395,3.124925,1
14396,0.433174,1
14397,1.046684,1
14398,1.576355,0
14399,0.401649,1
14400,0.149716,0
14401,1.331523,0
14402,3.157376,1
14403,0.325807,0
14404,0.302205,0
14405,2.031326,0
14406,0.243184,0
14407,0.321676,0
14408,2.123736,1
14409,0.391774,0
14410,6.647118,1
14411,0.251817,0
14412,3.865586,1
14413,0.311573,1
14414,0.480063,0
14415,0.132735,0
14416,0.515199,0
14417,0.528635,1
14418,2.523915,1
14419,0.41834,1
14420,2.199024,0
14421,2.318353,1
14422,2.307651,0
14423,2.79974,0
14424,1.570238,1
14425,2.659134,0
14426,1.278242,0
14427,2.283677,0
14428,2.126124,0
14429,0.485981,0
14430,0.638342,0
14431,2.378831,0
14432,1.319739,0
14433,4.256051,1
14434,0.784457,1
14435,1.885057,0
14436,0.625888,1
14437,2.774785,0
14438,0.617708,1
14439,0.684018,1
14440,1.220296,0
14441,0.108573,1
14442,2.370913,0
14443,0.551532,0
14444,3.317863,0
14445,1.027868,0
14446,2.123716,0
14447,1.081204,1
14448,0.17914,0
14449,0.391494,1
14450,2.406982,1
14451,0.772343,0
14452,2.685859,0
14453,0.318587,1
14454,0.564567,0
14455,1.129877,0
14456,1.288682,1
14457,1.305839,0
14458,2.472301,1
14459,0.462501,1
14460,0.270165,1
14461,1.517624,1
14462,1.763835,1
14463,0.699754,1
14464,5.578384,1
14465,2.861107,0
14466,4.419604,0
14467,1.858454,1
14468,0.700666,1
14469,0.608271,0
14470,0.211453,1
14471,1.918168,0
14472,3.643736,1
14473,1.224408,0
14474,0.979537,1
14475,3.597969,1
14476,3.523979,1
14477,0.222652,1
14478,2.403874,1
14479,2.730773,0
14480,1.515402,0
14481,4.926652,0
14482,3.795633,1
14483,2.513294,0
14484,3.172389,0
14485,2.008842,0
14486,0.485438,1
14487,2.321797,0
14488,1.05844,1
14489,4.346324,1
14490,1.178247,1
14491,0.978427,1
14492,2.886862,0
14493,3.556239,1
14494,1.367225,0
14495,3.413976,0
14496,0.848515,0
14497,1.279002,0
14498,4.430011,1
14499,0.946184,1
14500,1.00691,0
14501,4.702115,1
14502,2.050625,1
14503,5.632306,0
14504,0.634957,1
14505,1.929573,0
14506,0.309589,1
14507,2.531714,0
14508,1.370968,1
14509,0.907598,0
14510,0.612373,0
14511,0.309692,0
14512,3.826051,1
14513,1.496114,0
14514,1.004051,1
14515,0.352,0
14516,0.208338,1
14517,0.270564,1
14518,0.17834,1
14519,2.288681,0
14520,0.828849,1
14521,3.281728,0
14522,2.653205,1
14523,2.363294,0
14524,0.723453,1
14525,3.354223,0
14526,0.394057,0
14527,3.781365,1
14528,0.372722,1
14529,1.99464,0
14530,0.096122,0
14531,3.035968,0
14532,0.919266,1
14533,2.802981,1
14534,0.523308,1
14535,1.024086,0
14536,0.148362,0
14537,0.202889,0
14538,0.380684,0
14539,0.684493,0
14540,0.555207,0
14541,4.188982,0
14542,2.746367,0
14543,1.304378,0
14544,2.428911,1
14545,2.258407,0
14546,0.401404,0
14547,2.643559,1
14548,0.281958,1
14549,3.303755,1
14550,1.936319,0
14551,1.987138,0
14552,0.167485,1
14553,2.997568,0
14554,4.001955,0
14555,0.381549,0
14556,2.255889,1
14557,1.117631,0
14558,0.17731,1
14559,0.467217,0
14560,0.610225,1
14561,0.288894,0
14562,0.837129,0
14563,1.793657,0
14564,1.927598,0
14565,4.039146,1
14566,1.189393,1
14567,4.973236,1
14568,0.525517,0
14569,3.692959,1
14570,1.640669,0
14571,0.510577,0
14572,0.210103,0
14573,0.184752,0
14574,2.66607,1
14575,0.386475,1
14576,2.749089,0
14577,0.54847,1
14578,0.13681,0
14579,0.458984,1
14580,2.888393,0
14581,3.006683,1
14582,0.689548,1
14583,0.478897,1
14584,2.06657,0
14585,0.596521,1
14586,1.655457,1
14587,1.025454,0
14588,1.835318,1
14589,0.595046,0
14590,3.171978,0
14591,1.879551,0
14592,0.750422,0
14593,0.368206,1
14594,0.283659,1
14595,4.36311,1
14596,2.757472,0
14597,0.470871,0
14598,3.255986,0
14599,0.509661,0
14600,3.855059,0
14601,0.416054,0
14602,1.848112,0
14603,0.651662,0
14604,2.490109,0
14605,2.484862,0
14606,0.988924,1
14607,0.80982,0
14608,1.237004,1
14609,2.630301,0
14610,0.123336,0
14611,3.784555,0
14612,0.306711,0
14613,0.585334,0
14614,1.523399,0
14615,0.668172,0
14616,0.848871,0
14617,2.802572,0
14618,2.646866,1
14619,2.879796,1
14620,0.702024,1
14621,0.321836,0
14622,0.711958,1
14623,0.709086,0
14624,3.830165,0
14625,5.001535,1
14626,0.800454,0
14627,0.303344,1
14628,5.723248,1
14629,2.151918,0
14630,0.599376,0
14631,4.936753,1
14632,3.789016,0
14633,0.578658,0
14634,1.239774,1
14635,3.691087,1
14636,1.176808,0
14637,2.606975,1
14638,2.188165,0
14639,0.954816,0
14640,3.480535,0
14641,3.852251,0
14642,6.174467,1
14643,2.408989,1
14644,0.366299,0
14645,1.855464,1
14646,0.547288,0
14647,0.633462,0
14648,3.602485,0
14649,0.820862,0
14650,1.370555,1
14651,3.903096,1
14652,1.582395,0
14653,3.540181,0
14654,3.769587,1
14655,0.96349,1
14656,0.663699,1
14657,0.374653,1
14658,0.804605,1
14659,0.374082,0
14660,0.600186,0
14661,0.829627,1
14662,2.322454,0
14663,2.404572,0
14664,3.177405,1
14665,0.37951,1
14666,4.075873,1
14667,2.254668,1
14668,1.850531,0
14669,0.460121,1
14670,2.796739,0
14671,0.410894,1
14672,0.303499,0
14673,4.764929,0
14674,3.505883,1
14675,2.114862,0
14676,2.958309,0
14677,0.146887,1
14678,2.814895,1
14679,0.705239,0
14680,0.663324,1
14681,1.597667,0
14682,2.142396,1
14683,0.245961,1
14684,1.211142,1
14685,2.267711,1
14686,0.540471,1
14687,0.292755,0
14688,2.933924,0
14689,0.306946,1
14690,0.661924,1
14691,0.271622,1
14692,0.214348,1
14693,0.477761,1
14694,2.684323,0
14695,0.294592,0
14696,3.893243,0
14697,2.82424,0
14698,2.044971,0
14699,0.495821,1
14700,1.436541,1
14701,0.688195,0
14702,4.642333,0
14703,4.049513,1
14704,2.444194,1
14705,1.38075,1
14706,2.684763,0
14707,2.424832,0
14708,0.243505,1
14709,2.536842,0
14710,1.256372,0
14711,0.183625,1
14712,4.503001,1
14713,1.739496,0
14714,1.786036,0
14715,4.236976,1
14716,0.349054,1
14717,0.12377,0
14718,0.642493,0
14719,0.454518,1
14720,3.773326,0
14721,2.875794,1
14722,2.317537,0
14723,2.536949,0
14724,0.770601,1
14725,5.271257,0
14726,3.819059,0
14727,2.345228,0
14728,0.579345,1
14729,0.339862,1
14730,1.5631,1
14731,1.66877,1
14732,1.455089,1
14733,0.567191,1
14734,3.455154,0
14735,1.634942,0
14736,0.325474,1
14737,0.847553,1
14738,3.62856,0
14739,0.763509,0
14740,2.39938,1
14741,3.222216,0
14742,1.900383,0
14743,1.630679,1
14744,1.261047,0
14745,1.815651,0
14746,3.444567,0
14747,1.496095,0
14748,0.17913,1
14749,3.868063,1
14750,2.953825,1
14751,0.93491,0
14752,1.512648,1
14753,1.213172,1
14754,0.980604,0
14755,3.499891,1
14756,1.236065,0
14757,2.277071,1
14758,2.616332,1
14759,0.14823,1
14760,3.314573,0
14761,0.728587,0
14762,1.40367,0
14763,0.200139,1
14764,0.504337,1
14765,0.209874,0
14766,0.40673,0
14767,0.734779,1
14768,4.293977,0
14769,1.751214,0
14770,3.272325,1
14771,1.882464,0
14772,3.875412,1
14773,2.102365,0
14774,2.989701,0
14775,0.159061,1
14776,0.464195,0
14777,0.229117,1
14778,3.751385,1
14779,0.310581,0
14780,0.144901,1
14781,0.295339,1
14782,0.441378,0
14783,0.250508,0
14784,1.453172,0
14785,0.326493,0
14786,0.429065,1
14787,0.246657,1
14788,0.181055,1
14789,3.0947,0
14790,0.210218,1
14791,2.616704,1
14792,0.531184,0
14793,0.747046,0
14794,0.456694,0
14795,3.616564,1
14796,0.405042,0
14797,0.211822,1
14798,2.653504,0
14799,1.51876,1
14800,0.547141,1
14801,1.364274,0
14802,0.542061,1
14803,1.973002,1
14804,2.36221,0
14805,3.237519,1
14806,6.154281,1
14807,1.423682,0
14808,0.898794,0
14809,0.83482,0
14810,0.4588,1
14811,4.062178,0
14812,1.579887,1
14813,2.542888,1
14814,0.667501,1
14815,0.738341,1
14816,0.839154,0
14817,0.532135,1
14818,0.58395,0
14819,1.598401,0
14820,2.253591,0
14821,0.443348,1
14822,1.018278,0
14823,0.304876,0
14824,2.455997,0
14825,0.89987,1
14826,1.982285,0
14827,2.475893,0
14828,2.80459,1
14829,0.398979,1
14830,0.587909,0
14831,0.789958,1
14832,0.732091,1
14833,0.810185,1
14834,1.452513,0
14835,3.87114,0
14836,1.158725,1
14837,3.294234,1
14838,4.067056,0
14839,0.917174,1
14840,0.449413,1
14841,1.166081,1
14842,0.738043,0
14843,3.408982,0
14844,1.829785,1
14845,0.165335,0
14846,1.399152,0
14847,0.320765,0
14848,4.679208,1
14849,2.925776,1
14850,0.167779,0
14851,2.326204,0
14852,3.255942,1
14853,0.645196,0
14854,3.639234,1
14855,5.178292,1
14856,0.638863,1
14857,4.052838,0
14858,0.298206,1
14859,1.803516,0
14860,0.967702,1
14861,3.700363,0
14862,2.944803,1
14863,3.182604,0
14864,1.246861,1
14865,1.253758,1
14866,0.815166,0
14867,0.551512,0
14868,0.616705,1
14869,0.191743,1
14870,3.131573,0
14871,0.267103,1
14872,3.300962,0
14873,0.70641,1
14874,0.504895,1
14875,2.435965,0
14876,0.597133,0
14877,1.472329,0
14878,0.226637,1
14879,0.959673,0
14880,1.189768,0
14881,0.183332,0
14882,2.616121,0
14883,0.7674,1
14884,0.464378,0
14885,1.518542,0
14886,2.56922,0
14887,0.969415,1
14888,2.938227,0
14889,0.886605,1
14890,0.879576,1
14891,1.44804,0
14892,0.381682,1
14893,1.637494,0
14894,0.742153,1
14895,3.32165,1
14896,1.164073,0
14897,0.434105,1
14898,1.683902,1
14899,1.944026,1
14900,3.605056,1
14901,3.128008,0
14902,0.801478,1
14903,0.201288,0
14904,0.888389,1
14905,0.62187,0
14906,0.656209,1
14907,3.014806,0
14908,4.827582,0
14909,2.397479,1
14910,0.524845,1
14911,1.978316,0
14912,2.961185,0
14913,2.306617,1
14914,2.586849,0
14915,1.542509,0
14916,0.127434,0
14917,0.243552,1
14918,1.400536,0
14919,2.106067,1
14920,3.382676,0
14921,0.485233,1
14922,0.2721,1
14923,2.494059,0
14924,0.31188,1
14925,0.475987,0
14926,1.901838,0
14927,0.497742,1
14928,2.052264,0
14929,0.2366,1
14930,0.688297,0
14931,2.745374,1
14932,0.236393,1
14933,2.259119,0
14934,0.108607,1
14935,0.196991,1
14936,4.403079,1
14937,1.115621,1
14938,0.421081,1
14939,0.213417,1
14940,2.531808,0
14941,1.55317,0
14942,1.376682,1
14943,3.987401,0
14944,3.104157,1
14945,1.966153,1
14946,0.610135,0
14947,0.430329,1
14948,2.554374,0
14949,2.324706,0
14950,0.371513,1
14951,2.26238,1
14952,1.035241,1
14953,0.217604,0
14954,1.807082,0
14955,3.17397,0
14956,1.246386,0
14957,0.126703,0
14958,0.426779,1
14959,0.662451,0
14960,1.509901,1
14961,0.316659,0
14962,0.58639,0
14963,2.989607,0
14964,2.499858,1
14965,0.990717,0
14966,1.304445,0
14967,0.986577,0
14968,2.417005,0
14969,3.483588,0
14970,1.390604,1
14971,0.075399,0
14972,1.609025,0
14973,0.247589,1
14974,0.368612,0
14975,0.587457,0
14976,2.692642,0
14977,0.437703,0
14978,0.346245,1
14979,2.957039,0
14980,0.264526,0
14981,3.531955,1
14982,0.467874,1
14983,0.425149,1
14984,3.398846,1
14985,2.882774,1
14986,1.704154,0
14987,0.220077,1
14988,2.204077,0
14989,3.376561,0
14990,0.448833,1
14991,0.512201,0
14992,1.032112,0
14993,2.754725,0
14994,2.093342,1
14995,0.672284,1
14996,0.496519,0
14997,0.495184,1
14998,0.105338,0
14999,4.048544,0
15000,2.000473,0
15001,0.46643,1
15002,3.938548,1
15003,0.267458,1
15004,0.118762,1
15005,0.754838,0
15006,1.107767,1
15007,0.537334,1
15008,1.18138,0
15009,0.229809,1
15010,1.318951,0
15011,0.370707,1
15012,2.461431,0
15013,3.851712,0
15014,0.109084,1
15015,2.875349,1
15016,0.729408,0
15017,0.653017,1
15018,2.885495,0
15019,0.728517,0
15020,0.531605,1
15021,1.931136,1
15022,3.847167,0
15023,0.207705,0
15024,2.743626,0
15025,5.053723,0
15026,1.874588,0
15027,2.110543,0
15028,1.602697,1
15029,0.854514,1
15030,3.524292,0
15031,0.763905,0
15032,2.949618,1
15033,2.227421,0
15034,0.356165,1
15035,1.834216,0
15036,0.542775,1
15037,0.453485,0
15038,0.612507,0
15039,0.49316,0
15040,0.331176,0
15041,0.210438,1
15042,2.386081,1
15043,0.419422,1
15044,2.811928,0
15045,0.709438,1
15046,0.240395,1
15047,0.414298,1
15048,2.916372,0
15049,0.1788,0
15050,0.93221,1
15051,0.645773,0
15052,1.824959,0
15053,0.615268,1
15054,2.940442,0
15055,0.57026,0
15056,1.749718,0
15057,1.059734,1
15058,0.172821,0
15059,0.170472,1
15060,0.57461,0
15061,0.352436,0
15062,0.092089,1
15063,0.460453,0
15064,2.251486,1
15065,0.118041,1
15066,1.944364,1
15067,1.52991,1
15068,3.208864,0
15069,2.05354,0
15070,0.512308,0
15071,2.321997,0
15072,1.862562,0
15073,2.147345,1
15074,4.896355,1
15075,0.190923,0
15076,1.188923,0
15077,0.497141,1
15078,2.451874,1
15079,3.050949,1
15080,3.837111,0
15081,2.664786,0
15082,0.448263,1
15083,2.329901,1
15084,2.894071,0
15085,0.124195,0
15086,0.97461,1
15087,0.67436,1
15088,1.797598,1
15089,0.637244,0
15090,0.269897,1
15091,1.046261,0
15092,0.804357,1
15093,0.901028,1
15094,1.413109,1
15095,2.149785,0
15096,0.56982,1
15097,0.282545,1
15098,0.599444,0
15099,4.052149,0
15100,3.147042,0
15101,2.898282,0
15102,1.307324,1
15103,2.753737,0
15104,3.872988,0
15105,2.169851,0
15106,0.43949,1
15107,0.792225,0
15108,1.341794,0
15109,3.778035,1
15110,1.845949,1
15111,0.166991,0
15112,0.808266,0
15113,3.943211,0
15114,0.805,0
15115,2.223816,0
15116,2.845118,1
15117,0.624303,1
15118,3.186182,1
15119,0.39393,1
15120,1.100178,1
15121,3.148937,0
15122,0.162422,1
15123,0.94956,1
15124,2.014749,0
15125,3.828379,1
15126,2.345593,0
15127,0.919373,0
15128,0.240063,0
15129,1.716721,1
15130,3.267909,0
15131,0.652485,1
15132,0.298597,0
15133,3.717281,0
15134,1.694345,1
15135,0.308028,1
15136,0.754338,0
15137,0.687138,1
15138,0.354358,1
15139,1.578466,1
15140,0.308623,1
15141,0.075663,0
15142,0.685134,0
15143,2.981042,0
15144,2.130849,0
15145,2.67551,0
15146,0.214863,0
15147,1.710714,0
15148,3.619755,0
15149,2.623488,0
15150,1.76169,0
15151,0.071131,0
15152,0.830819,0
15153,0.99385,0
15154,0.15396,0
15155,2.940078,0
15156,2.038171,1
15157,0.656997,0
15158,1.753876,1
15159,2.063018,0
15160,1.839643,0
15161,0.490922,1
15162,3.734234,0
15163,2.79313,0
15164,2.728647,0
15165,3.616265,0
15166,1.473962,0
15167,0.281864,0
15168,2.489017,0
15169,4.070652,0
15170,0.727141,1
15171,0.696129,0
15172,0.278758,0
15173,2.24301,0
15174,4.078813,1
15175,3.615384,0
15176,1.356564,1
15177,2.656063,0
15178,0.356324,0
15179,1.01081,1
15180,1.494147,0
15181,2.272295,0
15182,0.127756,1
15183,1.556669,1
15184,3.674114,0
15185,0.244992,1
15186,0.218122,0
15187,0.794208,0
15188,2.04366,1
15189,0.053378,1
15190,3.819427,0
15191,0.45135,0
15192,2.577172,1
15193,2.072372,0
15194,0.360791,1
15195,0.413451,0
15196,0.767705,1
15197,0.769789,1
15198,3.776302,0
15199,6.148858,0
15200,0.186913,0
15201,0.151201,1
15202,1.259694,1
15203,2.235117,0
15204,0.642437,1
15205,0.313941,1
15206,0.44189,1
15207,0.420669,1
15208,0.279091,0
15209,1.03103,0
15210,2.773951,0
15211,0.180626,0
15212,0.348657,0
15213,2.280672,1
15214,1.96171,0
15215,1.608362,0
15216,0.158455,0
15217,0.746484,0
15218,1.793815,1
15219,0.568511,0
15220,0.20167,1
15221,0.35523,0
15222,0.301318,1
15223,2.859217,1
15224,1.723746,0
15225,0.616969,0
15226,1.770336,1
15227,0.971694,1
15228,3.461086,0
15229,2.931926,1
15230,0.908088,0
15231,2.324981,0
15232,4.578448,1
15233,0.352966,1
15234,1.098081,0
15235,4.10029,0
15236,0.712758,0
15237,0.702493,1
15238,2.203622,0
15239,1.416309,0
15240,0.180056,0
15241,0.646298,0
15242,0.310523,1
15243,0.611895,1
15244,3.947746,1
15245,0.857688,0
15246,0.376622,0
15247,1.50867,0
15248,1.533243,0
15249,2.281835,0
15250,1.344741,0
15251,0.335476,0
15252,1.065843,1
15253,0.648036,1
15254,2.030725,0
15255,0.370873,1
15256,1.672644,0
15257,0.726916,0
15258,0.238665,0
15259,2.620904,0
15260,1.192261,0
15261,2.881064,0
15262,0.513099,1
15263,0.402245,1
15264,0.633164,1
15265,2.967325,0
15266,3.109245,0
15267,0.9721,0
15268,0.487873,1
15269,0.444681,0
15270,2.917341,0
15271,4.366819,1
15272,4.567717,1
15273,0.202157,1
15274,2.155432,1
15275,2.159822,0
15276,0.236392,0
15277,4.402314,0
15278,0.970215,1
15279,0.76364,1
15280,0.603322,0
15281,2.729675,0
15282,1.555055,1
15283,5.757502,0
15284,1.143619,0
15285,2.992835,1
15286,0.329754,1
15287,4.65675,0
15288,2.771828,0
15289,0.384593,0
15290,0.357521,0
15291,2.868163,0
15292,2.373033,0
15293,0.573421,1
15294,0.205674,0
15295,5.217363,1
15296,3.420743,1
15297,2.179357,0
15298,0.144533,0
15299,1.186141,0
15300,3.776948,1
15301,3.154106,0
15302,0.593614,0
15303,0.14844,0
15304,2.261876,0
15305,1.075206,0
15306,0.673549,0
15307,4.201248,1
15308,0.747711,0
15309,0.456373,1
15310,2.52279,0
15311,3.14535,0
15312,0.316476,1
15313,0.1627,1
15314,2.168419,0
15315,0.642902,0
15316,0.493328,1
15317,0.596069,0
15318,0.49641,1
15319,0.727675,1
15320,2.068752,0
15321,0.509491,0
15322,1.519756,0
15323,0.837228,0
15324,1.705367,0
15325,0.907421,1
15326,0.775096,1
15327,2.79328,0
15328,0.223306,1
15329,0.429351,1
15330,0.218739,0
15331,3.036091,1
15332,0.536647,1
15333,1.355865,1
15334,2.379598,1
15335,2.101741,1
15336,0.714076,0
15337,0.196929,0
15338,4.239049,1
15339,2.197394,1
15340,1.701657,1
15341,2.928909,0
15342,0.549439,1
15343,0.724247,1
15344,3.748895,0
15345,0.475367,1
15346,2.202119,1
15347,2.996468,1
15348,0.206693,1
15349,4.34767,1
15350,0.531071,1
15351,2.397019,1
15352,2.758132,1
15353,0.475102,0
15354,3.642293,1
15355,1.643034,0
15356,2.429722,0
15357,0.871521,1
15358,0.969459,1
15359,0.321116,1
15360,0.609671,0
15361,0.468511,0
15362,0.761491,0
15363,0.318134,0
15364,2.921871,0
15365,0.219219,1
15366,0.382812,1
15367,2.422979,1
15368,0.627724,0
15369,1.268367,0
15370,2.639404,1
15371,0.451734,0
15372,1.112553,1
15373,3.89874,0
15374,0.114269,1
15375,4.332238,0
15376,1.252055,1
15377,0.305812,0
15378,0.237664,1
15379,0.400853,0
15380,3.572745,0
15381,4.599768,1
15382,3.739591,0
15383,1.409035,1
15384,1.175375,0
15385,2.379621,0
15386,1.261115,1
15387,1.1586,0
15388,2.245939,1
15389,3.240814,0
15390,3.034111,0
15391,2.987468,0
15392,0.587596,0
15393,0.669897,1
15394,3.025696,0
15395,3.210706,0
15396,1.221844,0
15397,1.127696,1
15398,0.62484,0
15399,3.385948,1
15400,1.053987,0
15401,0.912043,0
15402,0.341883,1
15403,3.297809,0
15404,3.961356,0
15405,0.627747,1
15406,0.622477,1
15407,0.694904,1
15408,2.769962,1
15409,1.326814,1
15410,0.13194,0
15411,0.195624,1
15412,1.630131,1
15413,1.226281,0
15414,2.475178,0
15415,0.832534,1
15416,0.453777,0
15417,5.607234,1
15418,2.949883,0
15419,2.437238,0
15420,1.801153,0
15421,1.379036,0
15422,1.536162,0
15423,0.474377,1
15424,4.959121,0
15425,0.168759,0
15426,0.215915,0
15427,3.591118,0
15428,0.471802,1
15429,4.502285,1
15430,4.602941,1
15431,1.593843,0
15432,1.789111,0
15433,1.895996,0
15434,4.272992,0
15435,0.230437,0
15436,4.013054,1
15437,0.732167,1
15438,3.0019,0
15439,0.694577,1
15440,2.741968,0
15441,0.310975,0
15442,0.480395,0
15443,3.25655,0
15444,0.675783,0
15445,0.280073,0
15446,0.684679,1
15447,2.075918,0
15448,3.551445,1
15449,1.856616,1
15450,1.870696,1
15451,0.528358,1
15452,0.715709,0
15453,1.073164,0
15454,2.539172,0
15455,2.91146,1
15456,0.532975,1
15457,2.173311,0
15458,3.746112,0
15459,4.088655,0
15460,0.095782,0
15461,2.804881,0
15462,1.067848,0
15463,2.016672,0
15464,1.685605,1
15465,0.757767,0
15466,0.972836,1
15467,0.70431,1
15468,3.349376,0
15469,2.232816,0
15470,1.638851,0
15471,3.795346,1
15472,2.973357,0
15473,0.104666,0
15474,1.570255,1
15475,1.681187,0
15476,1.688607,0
15477,2.087046,0
15478,1.143432,1
15479,0.243885,1
15480,1.769454,0
15481,0.599427,1
15482,3.215328,0
15483,1.053071,0
15484,0.432786,0
15485,1.676499,1
15486,0.328409,1
15487,0.829974,1
15488,1.086252,0
15489,0.426641,0
15490,2.050958,0
15491,0.144629,0
15492,3.170623,1
15493,2.628662,1
15494,3.024582,0
15495,1.913602,1
15496,1.916877,1
15497,3.074164,0
15498,0.284101,1
15499,3.115684,1
15500,2.072468,0
15501,0.212417,1
15502,0.240469,0
15503,4.890917,1
15504,0.647361,0
15505,2.361785,0
15506,3.096201,0
15507,0.163559,1
15508,0.654228,1
15509,0.144643,1
15510,1.115994,0
15511,0.431108,0
15512,1.063462,1
15513,0.506789,1
15514,3.079967,0
15515,0.28324,0
15516,0.100787,0
15517,3.175501,0
15518,0.527016,0
15519,3.841846,0
15520,1.00389,1
15521,1.607203,0
15522,2.895338,1
15523,0.721411,0
15524,0.504584,1
15525,1.137173,1
15526,5.788432,1
15527,2.241366,0
15528,4.189011,1
15529,2.959823,0
15530,3.823809,0
15531,0.158339,0
15532,1.466902,1
15533,1.34505,1
15534,2.565585,0
15535,4.849584,0
15536,1.948312,0
15537,0.404239,0
15538,1.520609,1
15539,3.041209,1
15540,0.428217,1
15541,0.914858,1
15542,3.549726,0
15543,1.770126,0
15544,2.084666,0
15545,2.590668,0
15546,1.650438,1
15547,1.813589,0
15548,0.424832,1
15549,2.35946,1
15550,0.385054,1
15551,1.294905,0
15552,3.009956,0
15553,0.093441,1
15554,1.974039,0
15555,0.348843,0
15556,1.39993,1
15557,1.281305,0
15558,0.826966,1
15559,3.394404,1
15560,0.290616,1
15561,0.435531,1
15562,0.137956,1
15563,3.903861,0
15564,0.322933,0
15565,3.513028,0
15566,0.335915,0
15567,1.50422,1
15568,2.036977,1
15569,0.970725,1
15570,1.98747,1
15571,3.84219,1
15572,0.155898,0
15573,0.931916,1
15574,0.394694,0
15575,0.583081,1
15576,0.931982,1
15577,0.144218,1
15578,1.004695,1
15579,2.813989,0
15580,2.242879,0
15581,0.185365,1
15582,1.407749,0
15583,0.255963,1
15584,1.06709,1
15585,2.330762,0
15586,2.069928,1
15587,0.131959,0
15588,2.705702,1
15589,0.317038,1
15590,0.78865,1
15591,0.240016,1
15592,0.291056,0
15593,0.527256,1
15594,3.871139,0
15595,1.359611,0
15596,0.102759,0
15597,0.589288,0
15598,2.191942,0
15599,2.077812,0
15600,3.389254,0
15601,0.316246,0
15602,4.212934,0
15603,4.160621,1
15604,0.355766,1
15605,1.969887,0
15606,5.552982,1
15607,2.685187,0
15608,0.599922,0
15609,3.831228,0
15610,0.391068,0
15611,0.343077,1
15612,5.663583,1
15613,0.108541,1
15614,1.296398,0
15615,0.279182,0
15616,1.637913,0
15617,0.367148,0
15618,0.438104,0
15619,0.63279,1
15620,0.210291,1
15621,0.262264,1
15622,0.311013,1
15623,3.882041,1
15624,3.865749,0
15625,0.401011,0
15626,2.08957,0
15627,0.34256,0
15628,3.4075,0
15629,1.60773,1
15630,0.116069,0
15631,0.724797,1
15632,0.283698,1
15633,0.934518,0
15634,0.584393,1
15635,0.65364,1
15636,0.744504,1
15637,0.277838,1
15638,1.533659,0
15639,1.552286,1
15640,2.877893,0
15641,1.220555,0
15642,0.179007,0
15643,2.036933,0
15644,3.007267,1
15645,0.298338,1
15646,0.321466,1
15647,4.880414,0
15648,1.133011,0
15649,0.752895,0
15650,2.891561,1
15651,2.92812,0
15652,2.303928,1
15653,0.762382,1
15654,0.283883,1
15655,4.20936,0
15656,4.224115,0
15657,4.858308,0
15658,0.934378,1
15659,0.402916,0
15660,0.219839,0
15661,0.309524,0
15662,1.05859,0
15663,0.21068,0
15664,0.190052,1
15665,0.4822,1
15666,1.093267,0
15667,1.617675,0
15668,0.30608,1
15669,0.225838,0
15670,1.84431,0
15671,0.225238,1
15672,1.569315,0
15673,1.885376,0
15674,2.008898,0
15675,0.624372,0
15676,4.242208,1
15677,2.856567,0
15678,1.07795,1
15679,0.415513,0
15680,0.733009,1
15681,3.020946,0
15682,2.776354,0
15683,2.552666,0
15684,0.22956,0
15685,0.99208,1
15686,2.389986,0
15687,4.398969,0
15688,3.267278,0
15689,0.354078,0
15690,1.026076,1
15691,1.623004,0
15692,0.219533,0
15693,1.940325,0
15694,0.256816,1
15695,0.131657,1
15696,1.941082,0
15697,3.437631,1
15698,0.133156,1
15699,0.85617,1
15700,2.777254,0
15701,2.556423,0
15702,3.006927,0
15703,0.335135,0
15704,0.448036,0
15705,0.503956,1
15706,1.969874,0
15707,2.91763,1
15708,0.394749,0
15709,0.849436,1
15710,1.933107,0
15711,3.712264,1
15712,0.864271,0
15713,0.556554,1
15714,1.821767,0
15715,3.50083,0
15716,0.430635,0
15717,1.304779,0
15718,0.200082,0
15719,2.37716,1
15720,0.509258,1
15721,0.192893,1
15722,1.702485,0
15723,4.586225,1
15724,4.364028,0
15725,0.144258,1
15726,1.69552,1
15727,0.356589,0
15728,3.572156,0
15729,0.744057,0
15730,2.591117,0
15731,0.616061,0
15732,0.196764,1
15733,3.882705,1
15734,4.168576,1
15735,1.529231,1
15736,0.112878,1
15737,0.185706,0
15738,1.816067,1
15739,0.961522,0
15740,0.758874,1
15741,2.160648,0
15742,0.236661,1
15743,0.332613,1
15744,1.633598,0
15745,2.248142,1
15746,0.797046,0
15747,0.621298,1
15748,1.609653,0
15749,1.356048,1
15750,2.817339,1
15751,0.425727,0
15752,0.569217,0
15753,0.185416,1
15754,0.823971,1
15755,2.817446,1
15756,0.774678,0
15757,1.149808,1
15758,0.369151,0
15759,2.364179,0
15760,1.042852,0
15761,0.128202,1
15762,1.995431,0
15763,2.213031,0
15764,1.202172,1
15765,1.088695,0
15766,4.278437,1
15767,1.898962,0
15768,4.102486,1
15769,2.102343,1
15770,0.247757,1
15771,3.236197,1
15772,2.646905,0
15773,0.5416,1
15774,3.909723,1
15775,0.28631,0
15776,1.014648,1
15777,0.317728,0
15778,2.320799,0
15779,0.442151,0
15780,0.182588,1
15781,3.676442,1
15782,5.304745,1
15783,1.012762,1
15784,2.623014,0
15785,3.229657,1
15786,2.428466,1
15787,0.516367,0
15788,1.042156,0
15789,0.256422,1
15790,0.759881,0
15791,2.701751,1
15792,2.509726,1
15793,1.066486,1
15794,0.857534,0
15795,3.36981,0
15796,3.849743,0
15797,3.664544,1
15798,0.99847,0
15799,0.352912,0
15800,2.270512,0
15801,0.837286,0
15802,3.959575,0
15803,2.863045,0
15804,3.499391,0
15805,3.156458,0
15806,0.46737,0
15807,0.761004,0
15808,2.020465,0
15809,0.86842,1
15810,0.955409,1
15811,0.519785,0
15812,2.169109,1
15813,0.975232,1
15814,0.696425,1
15815,3.388444,1
15816,0.116009,0
15817,0.090208,0
15818,3.26136,0
15819,0.408536,0
15820,0.137244,0
15821,0.604215,0
15822,0.692641,0
15823,2.554878,1
15824,3.17849,1
15825,1.292619,1
15826,3.556075,0
15827,0.37477,0
15828,3.437681,1
15829,3.816175,0
15830,0.536765,1
15831,3.402956,0
15832,3.693678,1
15833,1.883549,1
15834,0.835913,1
15835,2.765815,0
15836,0.639472,1
15837,5.267117,1
15838,0.28215,1
15839,0.689083,1
15840,0.313916,1
15841,2.023636,0
15842,0.430702,1
15843,0.434027,1
15844,1.356297,0
15845,5.835917,1
15846,3.60621,0
15847,0.599947,1
15848,0.655134,1
15849,2.636025,0
15850,0.254005,0
15851,0.254956,1
15852,2.610504,0
15853,0.375848,1
15854,2.438379,0
15855,0.727006,0
15856,3.924818,1
15857,0.684372,1
15858,1.777599,0
15859,0.36386,1
15860,0.256744,0
15861,0.164585,0
15862,0.396407,0
15863,0.892743,0
15864,0.661408,0
15865,2.31036,0
15866,0.617837,1
15867,0.17794,0
15868,3.711564,0
15869,0.229302,1
15870,1.325799,0
15871,4.120529,0
15872,5.333099,0
15873,0.752438,1
15874,1.684793,0
15875,0.830884,1
15876,0.976719,1
15877,0.312131,0
15878,0.739777,1
15879,1.937666,0
15880,0.351958,0
15881,2.507253,1
15882,2.041217,0
15883,0.165857,1
15884,0.745801,1
15885,2.941883,0
15886,0.854857,0
15887,4.908035,1
15888,1.932524,0
15889,1.059167,0
15890,0.833285,0
15891,2.721932,1
15892,0.223433,0
15893,2.317557,0
15894,0.203454,0
15895,0.573768,0
15896,0.462695,1
15897,2.941133,1
15898,0.769355,0
15899,2.042409,1
15900,0.756414,0
15901,0.359566,0
15902,0.675008,1
15903,0.364509,0
15904,1.832053,0
15905,3.402529,1
15906,0.288298,1
15907,1.774069,0
15908,3.185433,0
15909,0.097456,0
15910,5.282207,1
15911,0.331222,0
15912,1.305777,0
15913,0.777789,0
15914,0.153462,1
15915,0.574941,1
15916,0.40724,1
15917,0.243519,0
15918,0.735852,1
15919,2.217413,0
15920,0.357692,1
15921,3.956789,1
15922,2.125467,0
15923,0.276761,1
15924,1.824863,0
15925,0.182897,1
15926,0.967353,0
15927,3.093576,0
15928,0.312638,1
15929,6.285674,0
15930,2.766706,0
15931,3.42301,0
15932,1.955661,1
15933,3.569963,1
15934,0.41779,1
15935,2.809826,0
15936,0.721157,1
15937,2.955845,0
15938,0.621233,1
15939,3.501381,0
15940,3.618173,0
15941,0.156793,1
15942,0.587474,0
15943,1.18244,1
15944,3.855783,0
15945,1.157699,1
15946,2.817443,0
15947,0.19002,0
15948,2.831875,0
15949,0.240759,0
15950,3.978088,0
15951,0.494359,0
15952,2.349246,1
15953,2.231608,0
15954,3.351975,1
15955,0.954803,1
15956,0.466385,1
15957,4.586584,1
15958,3.101767,1
15959,0.475108,1
15960,3.087114,1
15961,0.204383,0
15962,3.570638,0
15963,3.433547,1
15964,3.453942,1
15965,2.151351,0
15966,0.232391,1
15967,0.550646,1
15968,1.781518,0
15969,0.346142,0
15970,1.491524,1
15971,3.451517,1
15972,0.722162,0
15973,0.273389,1
15974,3.499318,1
15975,0.820012,1
15976,2.902653,0
15977,0.322843,1
15978,2.043219,0
15979,0.60302,0
15980,2.409751,1
15981,0.334397,0
15982,2.31291,0
15983,0.761421,1
15984,0.509974,1
15985,0.566682,1
15986,1.948243,0
15987,0.830329,0
15988,2.134667,0
15989,0.980989,1
15990,1.199216,1
15991,2.669326,0
15992,1.563448,1
15993,2.346215,0
15994,1.43443,1
15995,3.592041,0
15996,0.399839,1
15997,4.184896,1
15998,1.091558,0
15999,3.091517,0
16000,2.032799,0
16001,3.259543,0
16002,0.350098,1
16003,0.43723,1
16004,0.289757,1
16005,3.366196,1
16006,3.004709,1
16007,0.900857,1
16008,1.070163,0
16009,1.309011,0
16010,0.291498,1
16011,3.972045,1
16012,2.383508,0
16013,0.866219,0
16014,2.31799,1
16015,0.471992,1
16016,2.227688,0
16017,2.008556,1
16018,0.235298,1
16019,2.240456,0
16020,3.945832,1
16021,0.416782,1
16022,0.312243,1
16023,1.240674,0
16024,3.812735,1
16025,1.566518,0
16026,0.92091,1
16027,2.941977,1
16028,0.446682,1
16029,1.972085,1
16030,2.129497,0
16031,0.358054,1
16032,0.886154,0
16033,0.669103,0
16034,0.758581,0
16035,0.147853,1
16036,0.369954,1
16037,1.140485,0
16038,0.242498,0
16039,1.786624,0
16040,4.837077,0
16041,2.735415,0
16042,0.970098,1
16043,1.428797,1
16044,2.570051,1
16045,1.148811,0
16046,0.602551,1
16047,3.238358,0
16048,0.123169,0
16049,2.369991,0
16050,3.770867,1
16051,3.498582,0
16052,2.575708,0
16053,3.896501,0
16054,2.417426,0
16055,2.516015,1
16056,0.148544,0
16057,0.446307,1
16058,2.26995,0
16059,4.330484,0
16060,2.338132,1
16061,2.560625,0
16062,2.324782,0
16063,0.955579,0
16064,1.148842,1
16065,3.105638,0
16066,3.61438,0
16067,3.042309,0
16068,3.260609,1
16069,3.811661,0
16070,1.223326,0
16071,0.323447,0
16072,1.929272,0
16073,0.435025,1
16074,2.981253,1
16075,0.149212,1
16076,3.472478,0
16077,0.810596,0
16078,1.890415,0
16079,0.833201,1
16080,4.843247,0
16081,0.411367,0
16082,0.980271,1
16083,4.507509,1
16084,0.841274,1
16085,0.258247,0
16086,0.503728,1
16087,0.288419,0
16088,0.922599,0
16089,2.666193,0
16090,1.112487,0
16091,2.697175,1
16092,0.443982,0
16093,0.201406,1
16094,0.389644,0
16095,0.351097,1
16096,2.041168,0
16097,0.201679,1
16098,0.520618,0
16099,0.097814,0
16100,1.43522,1
16101,0.362238,1
16102,0.719172,1
16103,1.907432,1
16104,1.807852,0
16105,2.455418,1
16106,1.185907,0
16107,4.316432,0
16108,0.347889,1
16109,0.357603,1
16110,4.004429,0
16111,0.12814,1
16112,1.785709,0
16113,2.000022,0
16114,1.542605,0
16115,0.552293,1
16116,2.779786,0
16117,2.414739,0
16118,0.431141,1
16119,1.476681,0
16120,3.711948,0
16121,4.258465,0
16122,0.234106,1
16123,1.39258,1
16124,1.521783,0
16125,0.098847,0
16126,0.386514,0
16127,0.68122,0
16128,0.944193,1
16129,0.925009,0
16130,2.588499,0
16131,0.728183,0
16132,2.341431,0
16133,2.938426,1
16134,0.511404,1
16135,1.879261,1
16136,0.528958,0
16137,0.409264,0
16138,2.854557,1
16139,0.312987,1
16140,2.442547,0
16141,1.781536,0
16142,0.591555,1
16143,1.168366,0
16144,2.693297,0
16145,1.98629,1
16146,0.82591,1
16147,4.005116,1
16148,1.604226,0
16149,0.517459,1
16150,2.357525,0
16151,0.970937,1
16152,0.355418,0
16153,0.721596,1
16154,3.692034,1
16155,1.448306,0
16156,2.656411,1
16157,0.630564,1
16158,0.469453,1
16159,0.329589,1
16160,0.108624,0
16161,0.796895,1
16162,0.39761,0
16163,1.534339,1
16164,1.763253,0
16165,1.550658,1
16166,4.761135,1
16167,0.603138,1
16168,3.293602,1
16169,0.894075,0
16170,0.527765,1
16171,0.917839,1
16172,2.241377,1
16173,2.448206,1
16174,0.564021,0
16175,0.657007,0
16176,5.603323,1
16177,0.152202,0
16178,1.004769,1
16179,3.435806,1
16180,3.335698,0
16181,0.726543,0
16182,0.499992,1
16183,0.357959,1
16184,0.139496,1
16185,2.184161,1
16186,0.209716,1
16187,2.058997,0
16188,2.740007,0
16189,3.748951,1
16190,0.199476,1
16191,0.677904,1
16192,0.205221,0
16193,0.393071,0
16194,0.649418,0
16195,0.617851,1
16196,0.206393,1
16197,1.087833,0
16198,2.493244,0
16199,0.102195,0
16200,2.710927,0
16201,4.078786,0
16202,2.31469,0
16203,0.74561,0
16204,3.31948,1
16205,2.226441,1
16206,3.003023,0
16207,0.369061,1
16208,0.24414,1
16209,1.765192,1
16210,2.684449,0
16211,3.709993,1
16212,0.989303,1
16213,2.488835,1
16214,0.135479,1
16215,2.454742,0
16216,1.141875,1
16217,0.330985,1
16218,5.056948,1
16219,0.836761,0
16220,3.113492,0
16221,1.775489,0
16222,2.598497,0
16223,1.987955,1
16224,3.745485,0
16225,0.217968,0
16226,3.529269,0
16227,0.354966,1
16228,1.682835,1
16229,0.30175,0
16230,0.876057,0
16231,0.541141,0
16232,0.496202,1
16233,0.480359,1
16234,2.3433,1
16235,0.344635,1
16236,0.313318,1
16237,0.153617,0
16238,1.894251,0
16239,0.933578,1
16240,3.144338,1
16241,0.206325,1
16242,0.246613,1
16243,1.129012,1
16244,0.92641,1
16245,2.269443,0
16246,0.634905,0
16247,0.411171,1
16248,2.006175,0
16249,2.539081,1
16250,0.437801,0
16251,0.206546,0
16252,0.243684,1
16253,2.013934,0
16254,2.169567,0
16255,1.959173,0
16256,2.916978,1
16257,1.283079,1
16258,2.904425,1
16259,3.179047,1
16260,0.653889,0
16261,0.47223,0
16262,2.251046,0
16263,2.343037,0
16264,2.27371,0
16265,3.436207,0
16266,0.131779,0
16267,0.260508,1
16268,2.2472,1
16269,0.343971,0
16270,2.476924,1
16271,0.372174,1
16272,0.688216,0
16273,1.251282,0
16274,3.030846,1
16275,1.466293,0
16276,1.625136,0
16277,0.349038,1
16278,0.279083,1
16279,2.70795,1
16280,2.254568,0
16281,0.84775,1
16282,2.766707,0
16283,3.40897,0
16284,1.530522,0
16285,0.467077,1
16286,3.670244,0
16287,2.627853,1
16288,0.39561,1
16289,0.382242,1
16290,0.540044,0
16291,2.81379,0
16292,3.475451,0
16293,0.646378,0
16294,0.666439,1
16295,3.290853,0
16296,2.625541,1
16297,0.855714,1
16298,0.331105,1
16299,3.048779,1
16300,0.190391,1
16301,3.226906,0
16302,1.946826,0
16303,0.205111,1
16304,1.859202,0
16305,1.373614,0
16306,0.762606,0
16307,1.868679,0
16308,0.345987,1
16309,0.35745,1
16310,0.684757,1
16311,1.261351,1
16312,4.157885,1
16313,0.214708,1
16314,0.22408,0
16315,4.58028,0
16316,0.798821,1
16317,0.756482,0
16318,0.603058,0
16319,0.309958,0
16320,0.175154,1
16321,0.249522,0
16322,0.152943,1
16323,4.005447,1
16324,0.44244,0
16325,2.839023,1
16326,3.602466,0
16327,0.622229,1
16328,0.229223,0
16329,1.498058,0
16330,2.309898,0
16331,1.980612,1
16332,1.067419,1
16333,1.985017,0
16334,0.553206,1
16335,0.177556,1
16336,2.199236,0
16337,1.084723,0
16338,1.270458,0
16339,0.290907,0
16340,2.222383,0
16341,3.332079,0
16342,0.578345,1
16343,1.131008,1
16344,0.369889,0
16345,1.563542,0
16346,2.758073,0
16347,0.481396,0
16348,0.217472,0
16349,2.11779,0
16350,0.335927,1
16351,3.00011,1
16352,0.349477,1
16353,2.135588,0
16354,0.612532,1
16355,1.339437,1
16356,2.902508,1
16357,0.508545,1
16358,0.616357,0
16359,4.135466,0
16360,1.427387,0
16361,0.194433,0
16362,2.101591,0
16363,1.006757,0
16364,0.297318,1
16365,0.160239,1
16366,0.903719,1
16367,3.680754,1
16368,0.239279,0
16369,3.459637,1
16370,1.430574,1
16371,2.417073,0
16372,0.522348,0
16373,0.55796,0
16374,3.60484,1
16375,0.447566,1
16376,0.984757,0
16377,0.609822,1
16378,0.829608,0
16379,0.163129,1
16380,3.715863,0
16381,1.859817,1
16382,4.151826,0
16383,1.467342,1
16384,2.083451,0
16385,0.940438,1
16386,1.038075,1
16387,0.886752,0
16388,3.037342,0
16389,0.322424,0
16390,2.444979,1
16391,3.745571,1
16392,3.453229,0
16393,0.678189,0
16394,2.098174,0
16395,0.134046,0
16396,0.902772,1
16397,5.356749,1
16398,1.876493,0
16399,2.665963,1
16400,0.300623,0
16401,0.556767,1
16402,0.154178,1
16403,1.946172,0
16404,1.409072,0
16405,2.848493,0
16406,2.571045,0
16407,3.25831,1
16408,1.276264,0
16409,2.170192,0
16410,3.811852,1
16411,1.273326,0
16412,0.539757,0
16413,1.254901,0
16414,0.799454,1
16415,0.443718,0
16416,2.575816,1
16417,0.688016,0
16418,3.824814,0
16419,4.636879,1
16420,0.231851,1
16421,2.124984,1
16422,1.119403,0
16423,0.408874,1
16424,0.849775,1
16425,2.583223,0
16426,3.18735,0
16427,2.01248,0
16428,0.115954,1
16429,0.318175,0
16430,1.291995,1
16431,0.831633,1
16432,1.161114,1
16433,2.599803,1
16434,2.023681,0
16435,2.239331,1
16436,0.387364,0
16437,2.048632,0
16438,0.451044,0
16439,2.354012,0
16440,2.540069,0
16441,0.759948,0
16442,0.662704,1
16443,4.507934,1
16444,0.41863,0
16445,2.367221,0
16446,1.739529,0
16447,1.150548,0
16448,3.458164,0
16449,2.031334,0
16450,5.024118,1
16451,0.529554,0
16452,1.17681,0
16453,4.414756,1
16454,2.316727,0
16455,0.675638,0
16456,0.883393,0
16457,0.55728,0
16458,1.957579,0
16459,0.478668,1
16460,0.67293,0
16461,3.47476,0
16462,0.822918,1
16463,3.598018,0
16464,0.368466,0
16465,0.10183,0
16466,2.086561,1
16467,0.489435,0
16468,3.342033,0
16469,0.34133,0
16470,0.11057,0
16471,0.985371,0
16472,1.981016,0
16473,2.82753,1
16474,1.383368,1
16475,1.593424,1
16476,1.248498,1
16477,0.418333,1
16478,2.111382,1
16479,0.528453,1
16480,0.13161,1
16481,3.145728,0
16482,0.805384,1
16483,3.387829,1
16484,0.202751,1
16485,2.331835,0
16486,0.961577,1
16487,4.060391,1
16488,0.15919,1
16489,1.289798,1
16490,0.809615,1
16491,0.312452,1
16492,0.42402,1
16493,0.462227,1
16494,1.594428,0
16495,0.255836,0
16496,1.85899,1
16497,0.272788,0
16498,4.733166,0
16499,0.995061,1
16500,0.309171,1
16501,0.39222,1
16502,0.809433,1
16503,2.541945,0
16504,0.479964,0
16505,0.529837,1
16506,0.715056,1
16507,1.817788,0
16508,0.31791,1
16509,2.347204,0
16510,0.335804,0
16511,1.624657,0
16512,2.281974,0
16513,2.189043,0
16514,2.147776,0
16515,3.427169,0
16516,1.521036,0
16517,0.631722,1
16518,2.334811,1
16519,1.819012,0
16520,0.450763,1
16521,3.021848,1
16522,1.732612,0
16523,1.531227,0
16524,0.335243,1
16525,2.877787,0
16526,1.250933,1
16527,3.118898,1
16528,2.692909,0
16529,0.167435,0
16530,0.481061,0
16531,0.667453,0
16532,2.299225,0
16533,1.142017,0
16534,2.266666,1
16535,2.419611,1
16536,4.925089,1
16537,0.516594,1
16538,0.989917,1
16539,4.312502,0
16540,3.65134,1
16541,1.023097,1
16542,2.284644,0
16543,0.425271,0
16544,1.014948,1
16545,0.35225,1
16546,0.551695,1
16547,2.741203,0
16548,0.736306,1
16549,1.199523,1
16550,2.398048,1
16551,2.012219,0
16552,3.298369,1
16553,4.177055,1
16554,2.392676,0
16555,1.715595,1
16556,0.645608,0
16557,2.338613,0
16558,0.419968,0
16559,5.200987,0
16560,0.960008,1
16561,4.838281,1
16562,0.387503,0
16563,0.411739,1
16564,4.248899,0
16565,4.644912,1
16566,4.275719,1
16567,1.846753,0
16568,3.21592,1
16569,0.229366,1
16570,2.091911,0
16571,2.976045,0
16572,3.710773,0
16573,0.918053,1
16574,1.40867,0
16575,2.249974,0
16576,0.78833,0
16577,0.761491,0
16578,1.555573,0
16579,2.051588,0
16580,3.716712,1
16581,0.378365,0
16582,1.084148,0
16583,0.314539,1
16584,0.402632,1
16585,0.493217,1
16586,0.632874,1
16587,0.246914,1
16588,3.90936,0
16589,1.235287,0
16590,0.815332,1
16591,0.484336,1
16592,2.271382,0
16593,0.167,1
16594,3.07181,0
16595,2.036559,0
16596,0.763354,0
16597,0.529631,0
16598,0.371757,1
16599,0.681961,1
16600,1.465343,0
16601,0.547529,1
16602,0.338784,0
16603,0.601012,0
16604,3.096211,0
16605,0.142893,1
16606,0.326405,1
16607,0.859445,0
16608,0.778886,0
16609,0.230691,1
16610,3.804057,0
16611,0.28443,0
16612,1.90368,0
16613,0.574527,1
16614,0.929151,0
16615,2.58146,0
16616,0.860551,1
16617,0.626075,1
16618,0.421693,1
16619,3.383945,1
16620,0.392326,0
16621,3.216738,0
16622,2.499899,0
16623,2.754346,0
16624,0.593855,1
16625,1.033208,1
16626,3.746823,0
16627,0.282797,1
16628,0.64886,1
16629,1.215864,0
16630,2.481355,0
16631,0.415607,0
16632,3.364147,1
16633,3.629877,0
16634,3.064859,0
16635,2.693912,1
16636,1.814927,1
16637,2.241655,1
16638,1.861295,0
16639,0.199934,1
16640,3.473127,1
16641,4.506836,1
16642,0.189565,0
16643,0.501448,1
16644,1.39887,1
16645,2.319979,1
16646,3.079463,0
16647,2.176802,1
16648,2.685227,0
16649,0.223227,1
16650,0.639061,1
16651,0.225621,0
16652,0.721292,1
16653,2.934399,0
16654,3.024505,1
16655,0.579904,1
16656,0.327922,1
16657,0.460797,0
16658,4.423849,0
16659,0.242164,1
16660,0.183964,0
16661,0.603689,0
16662,0.335908,0
16663,0.994589,1
16664,1.013431,0
16665,1.348404,0
16666,0.962365,1
16667,0.364662,1
16668,0.392564,1
16669,2.147583,1
16670,0.594477,1
16671,1.495651,0
16672,1.467034,0
16673,0.217207,0
16674,1.650514,0
16675,0.733286,1
16676,0.720388,1
16677,3.185868,1
16678,0.43173,0
16679,2.330647,1
16680,0.120162,1
16681,0.22605,1
16682,0.123093,0
16683,0.836521,1
16684,4.082446,1
16685,0.66624,1
16686,0.676806,1
16687,1.677993,0
16688,2.55286,0
16689,4.652789,0
16690,3.076534,0
16691,3.091705,0
16692,2.10985,0
16693,1.062936,0
16694,0.924954,0
16695,2.447628,1
16696,0.170026,1
16697,1.953448,0
16698,2.311896,0
16699,1.801248,0
16700,0.689056,0
16701,0.350807,1
16702,0.644493,0
16703,1.805808,0
16704,0.304794,0
16705,3.699674,1
16706,1.080995,1
16707,0.906964,1
16708,2.925771,1
16709,1.238225,0
16710,3.189342,0
16711,3.069043,0
16712,3.443093,0
16713,3.25034,0
16714,1.285694,1
16715,0.916322,0
16716,2.658922,0
16717,2.184904,0
16718,2.090149,1
16719,0.393249,0
16720,0.389998,0
16721,0.188247,0
16722,2.921342,0
16723,0.641127,1
16724,0.864508,1
16725,0.668954,0
16726,0.37281,0
16727,0.313996,0
16728,2.523291,0
16729,3.2595,0
16730,1.085474,0
16731,3.176537,0
16732,0.757497,0
16733,2.535372,0
16734,0.426696,1
16735,1.756061,1
16736,1.043148,0
16737,4.306563,1
16738,3.216905,0
16739,1.197855,0
16740,3.782839,1
16741,1.66597,1
16742,3.474212,0
16743,0.244886,0
16744,0.141489,1
16745,0.279113,1
16746,0.415234,0
16747,1.090272,0
16748,1.110588,0
16749,2.646978,1
16750,4.766981,0
16751,2.330309,0
16752,0.369735,1
16753,0.397802,1
16754,2.407068,1
16755,0.809369,1
16756,0.294966,1
16757,2.680345,1
16758,0.380185,1
16759,1.480498,0
16760,0.434771,0
16761,2.342503,1
16762,2.533618,0
16763,0.683874,0
16764,0.473182,0
16765,0.738483,0
16766,0.938898,0
16767,0.20751,0
16768,0.987921,0
16769,0.230173,0
16770,1.409279,0
16771,2.275592,0
16772,2.086033,1
16773,0.394657,1
16774,2.996039,0
16775,0.343101,1
16776,4.461233,0
16777,3.516981,1
16778,0.325098,1
16779,3.253039,0
16780,0.27741,1
16781,0.597836,1
16782,2.888366,1
16783,3.478373,0
16784,3.169028,0
16785,3.000128,1
16786,0.096365,1
16787,0.275458,0
16788,0.179222,0
16789,0.702393,1
16790,1.525458,1
16791,0.288625,1
16792,1.644545,1
16793,1.442677,0
16794,3.702815,1
16795,3.625287,1
16796,0.973912,1
16797,0.314409,0
16798,3.698839,0
16799,0.998231,0
16800,3.871892,1
16801,1.806029,1
16802,2.35638,1
16803,0.319306,1
16804,0.873747,0
16805,0.458992,0
16806,0.558564,1
16807,3.668385,1
16808,0.126937,1
16809,3.626622,0
16810,0.601949,0
16811,0.396237,1
16812,3.78024,0
16813,0.839927,0
16814,0.576355,1
16815,2.065227,0
16816,2.823234,1
16817,2.720186,0
16818,2.766808,0
16819,0.544649,0
16820,0.162452,1
16821,2.057767,0
16822,3.089371,1
16823,4.231761,1
16824,3.301349,1
16825,0.268708,0
16826,1.104958,0
16827,0.953395,0
16828,2.12065,1
16829,2.0532,0
16830,1.041004,1
16831,1.394377,0
16832,2.278244,0
16833,0.482781,0
16834,5.695312,1
16835,0.645303,1
16836,2.54486,0
16837,0.277204,1
16838,1.784475,0
16839,1.681092,1
16840,0.436601,1
16841,1.468728,0
16842,0.275002,1
16843,0.92874,0
16844,2.363299,0
16845,1.542591,0
16846,3.831018,0
16847,1.851022,0
16848,2.567373,0
16849,3.358526,0
16850,0.563849,1
16851,5.0549,0
16852,2.154132,0
16853,0.197576,1
16854,0.737284,1
16855,0.473434,1
16856,1.121884,0
16857,2.518323,0
16858,0.247275,0
16859,1.361582,0
16860,0.409117,1
16861,0.378064,0
16862,1.259563,1
16863,1.515768,1
16864,0.929587,0
16865,3.659108,0
16866,0.270896,1
16867,0.210417,1
16868,3.571767,1
16869,0.318988,1
16870,0.368478,0
16871,0.224829,1
16872,0.43321,1
16873,1.196584,0
16874,0.367463,0
16875,2.912381,0
16876,1.034733,0
16877,3.646582,0
16878,0.292088,1
16879,2.5362,0
16880,2.04844,1
16881,0.213199,0
16882,0.3017,1
16883,0.151685,0
16884,0.155513,1
16885,0.315805,0
16886,2.097568,0
16887,5.852727,1
16888,2.203766,0
16889,2.80479,1
16890,0.422175,1
16891,0.446298,1
16892,0.349564,1
16893,1.01115,0
16894,3.817698,0
16895,1.614023,0
16896,0.442189,0
16897,1.038438,1
16898,1.243598,1
16899,0.476566,1
16900,2.69238,0
16901,2.101052,0
16902,0.318662,1
16903,0.485527,0
16904,2.933029,0
16905,1.992524,0
16906,1.892205,0
16907,0.10513,0
16908,1.466578,0
16909,1.019674,1
16910,1.094239,1
16911,3.155328,0
16912,2.347379,1
16913,4.501853,1
16914,0.572936,0
16915,0.102421,0
16916,1.770941,1
16917,0.824428,0
16918,0.164428,0
16919,0.8468,0
16920,4.728477,1
16921,5.218101,1
16922,2.928855,0
16923,3.628909,1
16924,2.278983,1
16925,2.123198,1
16926,4.913267,1
16927,0.372857,1
16928,1.398879,1
16929,2.980464,1
16930,1.369052,1
16931,1.719256,1
16932,0.404932,1
16933,4.861519,1
16934,0.499223,0
16935,2.447344,0
16936,2.296122,1
16937,0.481306,0
16938,4.512086,1
16939,0.156646,0
16940,0.925693,1
16941,2.674052,0
16942,3.519985,0
16943,0.76376,1
16944,4.856832,0
16945,0.302593,0
16946,2.424664,0
16947,1.818942,0
16948,3.002626,0
16949,3.376091,1
16950,0.479123,0
16951,0.566909,0
16952,2.416757,0
16953,0.608552,1
16954,0.120072,1
16955,2.599564,0
16956,4.493148,1
16957,2.222974,1
16958,1.048139,0
16959,4.001122,1
16960,1.342905,0
16961,1.039562,1
16962,2.50156,0
16963,0.28972,0
16964,5.569914,0
16965,0.138863,1
16966,0.20508,1
16967,0.601497,1
16968,0.167472,1
16969,4.211215,1
16970,0.509217,0
16971,2.171939,0
16972,3.133623,0
16973,1.987258,1
16974,2.360945,0
16975,0.383847,1
16976,1.462626,0
16977,2.049139,0
16978,1.079085,0
16979,0.09266,0
16980,4.379893,1
16981,0.464672,1
16982,1.524747,1
16983,0.509716,0
16984,2.726224,1
16985,1.270771,0
16986,2.151921,0
16987,0.355234,1
16988,2.325335,0
16989,4.781106,0
16990,0.246175,1
16991,3.814763,1
16992,2.823748,0
16993,0.855881,1
16994,2.961946,0
16995,1.264161,0
16996,0.319427,0
16997,0.302035,1
16998,2.037824,0
16999,4.46741,1
17000,1.835405,1
17001,0.637765,1
17002,0.875525,0
17003,3.366962,0
17004,0.61427,1
17005,0.238128,0
17006,2.473331,0
17007,0.511601,1
17008,2.411268,0
17009,1.750214,0
17010,0.995746,1
17011,0.129872,0
17012,0.315235,0
17013,0.865324,1
17014,0.676869,1
17015,0.69748,0
17016,0.44281,1
17017,1.471295,1
17018,1.831704,1
17019,2.212732,0
17020,3.684948,0
17021,0.303812,0
17022,1.86014,0
17023,0.731792,0
17024,0.90206,1
17025,3.784616,0
17026,2.261183,1
17027,0.813718,0
17028,2.126493,0
17029,3.05748,0
17030,0.25904,1
17031,1.680376,0
17032,1.342389,1
17033,0.502777,1
17034,1.673049,0
17035,0.473856,1
17036,0.638794,0
17037,0.423249,1
17038,3.9751,0
17039,0.584321,1
17040,0.44708,1
17041,3.66642,0
17042,0.302722,0
17043,2.937782,0
17044,0.257472,1
17045,2.247442,1
17046,3.08876,0
17047,2.114963,0
17048,0.718126,0
17049,4.462713,0
17050,1.791619,0
17051,0.198995,0
17052,0.108451,1
17053,3.104739,0
17054,0.674535,0
17055,1.123735,0
17056,0.277051,0
17057,4.140227,1
17058,0.201918,1
17059,1.001419,1
17060,2.635774,1
17061,1.988231,1
17062,0.376612,0
17063,2.032176,0
17064,0.146576,0
17065,3.257516,1
17066,2.790014,1
17067,0.272269,0
17068,0.195447,1
17069,5.753255,1
17070,2.581861,0
17071,0.31177,1
17072,0.457115,0
17073,0.152291,1
17074,1.78566,1
17075,2.542057,1
17076,2.893816,0
17077,0.260963,1
17078,4.529258,1
17079,5.522291,1
17080,0.894313,1
17081,0.634421,0
17082,2.516778,0
17083,1.507797,1
17084,1.999842,0
17085,4.196434,0
17086,0.983224,0
17087,2.399227,0
17088,2.71543,0
17089,0.385317,0
17090,3.328243,0
17091,3.441937,1
17092,0.538734,1
17093,1.326843,0
17094,0.472275,1
17095,2.221276,0
17096,0.646556,1
17097,1.370638,1
17098,0.741517,0
17099,1.155784,1
17100,3.632133,1
17101,2.495567,0
17102,1.395545,1
17103,0.250485,1
17104,0.493821,0
17105,1.761108,1
17106,3.28819,1
17107,2.915714,0
17108,0.424146,0
17109,0.812364,0
17110,1.688242,0
17111,0.634453,1
17112,0.136573,0
17113,1.012735,0
17114,1.685416,0
17115,0.92803,0
17116,1.874708,1
17117,1.018365,0
17118,0.69954,1
17119,2.868149,0
17120,0.900764,0
17121,4.37382,0
17122,0.381897,1
17123,0.440178,0
17124,0.393401,0
17125,0.140064,0
17126,1.478224,0
17127,0.350363,1
17128,4.770731,1
17129,3.607711,1
17130,0.634961,0
17131,2.907021,0
17132,2.656322,0
17133,1.881351,1
17134,0.310564,1
17135,0.389546,0
17136,0.703321,1
17137,3.928786,1
17138,4.768477,0
17139,0.413665,1
17140,2.309831,0
17141,2.676748,0
17142,1.475053,0
17143,0.287312,1
17144,3.059391,0
17145,0.404645,0
17146,3.572783,0
17147,0.186427,1
17148,0.568817,1
17149,3.091997,0
17150,0.850757,0
17151,4.77829,1
17152,3.356649,0
17153,0.284442,1
17154,1.953092,1
17155,2.063843,0
17156,0.507107,0
17157,0.348406,1
17158,2.141519,0
17159,3.955504,0
17160,1.342915,1
17161,3.989477,0
17162,1.251336,0
17163,2.997243,1
17164,1.964496,0
17165,0.302678,1
17166,0.554093,1
17167,0.89379,1
17168,2.689663,0
17169,1.248516,1
17170,0.680779,1
17171,0.240026,0
17172,1.665581,0
17173,0.109936,0
17174,0.963875,0
17175,1.057557,1
17176,1.151906,0
17177,1.416576,0
17178,0.186979,0
17179,0.375392,1
17180,3.167572,0
17181,2.400145,0
17182,2.856141,1
17183,0.230111,0
17184,0.403893,0
17185,1.009973,1
17186,0.32593,1
17187,2.978204,1
17188,3.019447,0
17189,1.912277,1
17190,0.885308,0
17191,2.715553,0
17192,0.511601,1
17193,0.197884,0
17194,4.99646,0
17195,0.973112,1
17196,0.205488,1
17197,0.675391,1
17198,0.397066,1
17199,2.966149,0
17200,1.234622,1
17201,0.756345,0
17202,0.743515,1
17203,2.238646,0
17204,2.776431,0
17205,0.078442,0
17206,2.89703,1
17207,1.77403,0
17208,1.730478,0
17209,1.876872,0
17210,1.237692,1
17211,3.135648,0
17212,0.397032,0
17213,3.34649,1
17214,1.464865,1
17215,0.493295,0
17216,1.817542,1
17217,2.494289,0
17218,0.35773,0
17219,3.430794,1
17220,0.369189,0
17221,2.643809,1
17222,0.293103,1
17223,0.296543,0
17224,0.135529,1
17225,2.236864,0
17226,0.123281,0
17227,2.336492,1
17228,0.177187,0
17229,0.97064,0
17230,0.7979,1
17231,0.983405,0
17232,0.803372,1
17233,2.975712,1
17234,0.768589,0
17235,0.315038,1
17236,0.840535,0
17237,1.145469,0
17238,3.517883,1
17239,1.899053,0
17240,0.76821,0
17241,3.17445,0
17242,1.186641,0
17243,1.21147,1
17244,1.554284,0
17245,2.794862,0
17246,0.712663,1
17247,0.859853,1
17248,2.342866,0
17249,1.910575,0
17250,0.478589,0
17251,0.209443,0
17252,2.431419,1
17253,3.563499,0
17254,0.103714,1
17255,2.747046,0
17256,1.850124,0
17257,1.058458,1
17258,2.724362,0
17259,0.330666,0
17260,0.349323,0
17261,4.537852,1
17262,1.18145,1
17263,0.632091,1
17264,2.751736,1
17265,0.589939,1
17266,0.297417,1
17267,1.886713,1
17268,0.660948,0
17269,1.448063,1
17270,2.218769,0
17271,2.790264,0
17272,0.846071,0
17273,0.798075,0
17274,3.43047,0
17275,0.383656,1
17276,4.07876,1
17277,3.925518,0
17278,2.591589,0
17279,0.238057,0
17280,0.221766,1
17281,0.749657,1
17282,0.642999,0
17283,0.342595,0
17284,0.285778,0
17285,0.44782,0
17286,2.799118,0
17287,0.630792,1
17288,4.9256,0
17289,0.878374,1
17290,1.947669,1
17291,0.359472,0
17292,0.29899,0
17293,2.474686,0
17294,0.273713,1
17295,0.308231,1
17296,0.266115,1
17297,1.72865,1
17298,0.918143,0
17299,2.857182,0
17300,2.38008,0
17301,2.064711,1
17302,2.799326,1
17303,0.21517,1
17304,0.689861,0
17305,1.03575,0
17306,1.283325,0
17307,0.275486,1
17308,1.660532,0
17309,3.879548,1
17310,4.509805,0
17311,1.092175,1
17312,0.301025,0
17313,0.55572,0
17314,0.544383,1
17315,1.037349,1
17316,3.87343,0
17317,1.618552,1
17318,0.728778,0
17319,2.274963,0
17320,0.209198,0
17321,3.654071,0
17322,2.913031,1
17323,0.281888,1
17324,2.634357,0
17325,2.484637,1
17326,4.876016,0
17327,1.612924,1
17328,3.835137,1
17329,0.459138,1
17330,2.071282,0
17331,0.078225,0
17332,0.726351,0
17333,3.032222,0
17334,2.877045,1
17335,0.204737,1
17336,2.316837,0
17337,0.560601,0
17338,4.096385,1
17339,0.770388,0
17340,1.413853,0
17341,0.728834,0
17342,1.533815,0
17343,0.27398,1
17344,4.643276,1
17345,0.646802,0
17346,2.671144,0
17347,0.217861,0
17348,0.318365,1
17349,3.703145,0
17350,3.812281,1
17351,2.790165,0
17352,2.115925,1
17353,2.938061,0
17354,0.278806,0
17355,2.530186,0
17356,1.675473,0
17357,2.737447,0
17358,0.608985,0
17359,0.715022,1
17360,2.068985,0
17361,2.224555,0
17362,1.963727,0
17363,0.249798,0
17364,2.38147,0
17365,3.170424,0
17366,0.577301,1
17367,0.175592,1
17368,0.149653,1
17369,1.842115,0
17370,3.446359,0
17371,2.588576,0
17372,5.57003,1
17373,0.107475,1
17374,3.883,0
17375,2.213972,0
17376,0.679244,1
17377,5.279918,1
17378,2.122925,0
17379,1.924899,0
17380,2.213087,1
17381,1.11263,1
17382,0.205421,0
17383,0.739312,1
17384,3.272878,0
17385,0.573865,1
17386,2.573188,0
17387,0.907334,0
17388,2.19151,0
17389,0.79817,0
17390,0.950106,1
17391,0.672702,0
17392,0.813738,1
17393,0.159263,0
17394,0.712859,1
17395,3.046208,1
17396,1.442637,1
17397,1.988881,0
17398,0.509839,1
17399,1.75713,1
17400,1.34651,0
17401,2.052692,0
17402,0.138996,0
17403,1.706625,1
17404,0.795691,1
17405,0.462237,0
17406,0.417088,1
17407,3.431521,1
17408,0.384754,1
17409,2.692785,0
17410,4.439548,1
17411,2.640835,0
17412,3.212591,1
17413,3.097995,0
17414,1.945347,0
17415,2.577381,0
17416,1.89718,0
17417,0.762281,1
17418,1.820889,1
17419,1.087225,0
17420,0.269271,1
17421,1.013685,1
17422,1.297918,0
17423,0.357986,0
17424,3.781857,0
17425,0.395671,0
17426,3.08552,0
17427,2.621417,0
17428,0.981093,0
17429,2.021488,0
17430,1.90203,0
17431,1.309591,1
17432,3.762725,0
17433,2.399118,1
17434,0.798509,1
17435,2.248729,1
17436,3.807779,0
17437,0.635337,1
17438,0.393025,1
17439,2.902112,0
17440,3.908429,1
17441,0.434802,1
17442,0.121499,0
17443,3.095438,0
17444,3.163213,1
17445,0.2605,0
17446,0.635888,0
17447,0.15871,0
17448,3.670831,1
17449,2.074963,0
17450,3.493309,1
17451,2.260089,1
17452,0.79618,0
17453,1.518676,0
17454,0.657819,0
17455,2.180591,1
17456,0.099799,0
17457,1.093751,0
17458,1.030702,1
17459,1.882588,1
17460,1.94455,0
17461,2.153372,1
17462,4.119524,0
17463,4.282796,0
17464,3.309566,1
17465,0.141443,0
17466,1.992461,0
17467,2.391386,1
17468,0.792931,1
17469,0.32696,0
17470,0.342511,1
17471,0.954545,1
17472,3.732649,0
17473,0.245901,0
17474,1.129806,1
17475,0.419442,0
17476,0.189454,0
17477,0.6156,1
17478,0.623931,1
17479,2.04676,0
17480,1.442919,1
17481,0.277102,0
17482,3.810017,0
17483,0.988721,1
17484,4.860401,1
17485,1.08345,0
17486,1.152774,0
17487,2.152465,0
17488,0.494117,1
17489,0.262198,1
17490,1.97136,1
17491,2.60467,0
17492,3.401584,1
17493,0.124104,1
17494,1.401751,0
17495,2.008456,0
17496,4.075248,0
17497,0.118968,1
17498,3.510297,0
17499,0.465933,0
17500,0.249445,0
17501,0.564822,0
17502,1.762677,0
17503,2.686841,1
17504,1.007745,0
17505,0.401143,1
17506,1.463912,1
17507,1.844152,0
17508,3.264381,0
17509,3.725585,1
17510,0.568869,1
17511,0.399164,0
17512,0.608732,1
17513,0.846726,0
17514,0.272335,0
17515,2.559977,1
17516,0.291257,1
17517,0.1673,0
17518,0.297238,1
17519,4.887231,1
17520,1.029687,1
17521,0.288076,0
17522,0.62201,1
17523,2.008047,1
17524,0.325312,0
17525,0.200337,0
17526,3.312555,0
17527,0.607633,1
17528,3.82297,0
17529,0.569875,0
17530,1.495129,1
17531,0.481853,0
17532,0.761837,1
17533,2.59512,0
17534,0.531073,1
17535,0.264868,1
17536,0.858364,0
17537,0.430408,0
17538,1.087369,0
17539,0.596274,0
17540,2.046335,0
17541,1.887907,0
17542,0.189698,0
17543,1.810974,0
17544,2.029359,1
17545,0.229372,0
17546,0.156957,0
17547,2.143572,0
17548,0.814777,0
17549,5.696891,1
17550,0.08727,1
17551,0.843757,0
17552,0.615667,1
17553,1.984499,1
17554,0.145831,0
17555,0.468937,1
17556,0.412811,1
17557,1.75631,0
17558,0.362896,1
17559,4.76291,1
17560,0.154906,1
17561,0.62534,0
17562,0.299264,0
17563,4.340678,0
17564,2.979525,0
17565,3.346647,1
17566,2.126187,1
17567,0.971694,1
17568,1.904829,0
17569,1.461702,1
17570,2.465971,0
17571,0.608298,0
17572,2.925593,0
17573,2.324159,1
17574,0.098609,0
17575,3.130628,0
17576,0.449812,0
17577,0.610492,1
17578,2.735141,0
17579,0.400712,0
17580,0.411237,0
17581,2.518904,0
17582,4.399363,1
17583,0.631619,0
17584,4.259989,0
17585,0.729628,1
17586,0.534824,0
17587,0.213627,0
17588,1.428689,1
17589,3.469575,0
17590,0.199458,0
17591,2.223574,0
17592,1.262185,0
17593,0.478319,0
17594,0.296095,1
17595,2.003949,1
17596,0.651718,1
17597,0.572894,1
17598,0.082618,1
17599,3.983933,0
17600,0.23289,0
17601,0.416744,0
17602,0.314363,0
17603,0.847168,1
17604,4.582845,1
17605,0.228544,1
17606,0.441358,1
17607,1.812187,0
17608,0.426213,0
17609,3.047739,1
17610,1.525074,1
17611,3.516704,0
17612,2.905196,0
17613,3.689568,0
17614,0.157047,0
17615,2.850338,1
17616,0.264286,1
17617,0.42233,1
17618,0.718913,1
17619,0.805655,0
17620,0.387615,0
17621,0.867758,0
17622,0.547431,1
17623,0.291281,1
17624,0.750609,1
17625,1.052727,0
17626,1.706888,1
17627,3.785155,1
17628,0.127986,1
17629,0.562932,1
17630,2.461399,1
17631,1.913296,0
17632,0.229521,0
17633,0.51714,0
17634,2.571816,0
17635,0.433812,1
17636,0.781384,1
17637,0.42639,1
17638,0.709323,0
17639,0.905011,0
17640,1.135731,0
17641,0.645026,1
17642,1.068721,0
17643,1.86339,0
17644,1.799056,0
17645,1.435278,0
17646,2.726542,0
17647,0.144512,1
17648,2.946604,0
17649,0.638362,0
17650,3.359031,1
17651,0.235747,1
17652,2.181376,0
17653,2.710087,0
17654,3.076198,1
17655,1.369245,0
17656,1.913659,0
17657,4.303545,0
17658,0.261088,0
17659,2.086443,1
17660,0.202262,0
17661,1.479522,0
17662,0.427287,1
17663,4.367789,1
17664,0.695402,1
17665,0.491664,1
17666,2.007983,1
17667,0.4764,1
17668,2.46568,0
17669,0.441725,0
17670,3.306951,1
17671,2.919425,1
17672,0.156852,1
17673,0.452352,0
17674,2.981311,1
17675,1.226383,0
17676,1.503021,0
17677,0.569208,0
17678,2.274113,0
17679,2.035908,0
17680,1.217974,0
17681,0.440051,0
17682,0.302951,1
17683,3.34814,0
17684,4.338468,1
17685,1.799667,0
17686,2.267781,1
17687,0.192081,0
17688,0.110371,1
17689,1.578305,0
17690,2.107226,0
17691,6.014759,1
17692,0.169163,1
17693,0.212118,1
17694,2.315765,0
17695,0.392698,1
17696,1.958675,0
17697,3.079682,0
17698,4.045451,1
17699,1.807853,0
17700,2.812107,1
17701,2.989258,0
17702,2.53491,1
17703,0.408914,1
17704,0.092231,0
17705,2.798219,0
17706,0.85187,1
17707,4.393551,1
17708,3.329365,1
17709,0.45935,1
17710,1.880203,0
17711,0.748252,1
17712,0.227468,0
17713,0.439152,1
17714,0.4851,1
17715,3.699004,1
17716,2.29019,0
17717,0.884557,1
17718,2.087134,1
17719,2.475155,1
17720,1.358949,0
17721,0.199752,1
17722,0.582856,0
17723,0.87144,0
17724,0.171624,0
17725,2.331603,0
17726,0.6089,1
17727,2.512003,0
17728,1.746044,0
17729,2.904171,0
17730,2.396638,0
17731,1.914563,0
17732,3.675107,0
17733,1.396238,0
17734,0.27941,0
17735,0.512504,0
17736,0.694767,0
17737,1.615979,1
17738,1.335358,1
17739,3.357585,0
17740,2.801728,0
17741,0.287643,1
17742,0.372234,0
17743,3.137964,1
17744,0.534335,1
17745,0.623868,1
17746,0.630814,0
17747,1.978757,0
17748,0.207961,1
17749,0.766639,0
17750,0.476084,0
17751,0.479012,1
17752,0.872694,0
17753,2.081105,1
17754,0.561011,0
17755,3.469253,1
17756,0.733396,0
17757,1.029556,1
17758,2.37782,0
17759,2.856576,0
17760,2.647961,0
17761,0.099747,1
17762,0.688999,1
17763,0.250482,1
17764,3.535023,1
17765,0.312157,1
17766,2.547165,0
17767,0.170131,0
17768,0.172426,1
17769,0.525639,0
17770,3.497926,0
17771,0.127103,1
17772,0.267195,1
17773,0.113999,0
17774,3.084185,0
17775,1.096313,0
17776,2.393861,0
17777,0.212357,1
17778,0.139483,0
17779,4.342914,0
17780,0.948082,1
17781,0.176006,0
17782,2.556298,0
17783,0.389207,1
17784,2.083455,0
17785,2.491099,0
17786,0.513374,1
17787,0.483148,1
17788,3.373825,0
17789,2.235392,0
17790,2.354327,1
17791,1.186471,1
17792,4.609265,1
17793,0.344375,1
17794,2.39124,0
17795,0.326864,1
17796,1.303467,1
17797,4.229582,0
17798,0.854551,1
17799,1.760248,1
17800,0.248084,1
17801,1.179278,0
17802,3.700187,0
17803,2.924819,0
17804,2.09103,0
17805,2.513777,0
17806,0.342404,0
17807,0.63668,1
17808,1.789902,0
17809,0.419545,0
17810,1.409776,1
17811,2.408197,0
17812,4.306186,1
17813,3.156995,1
17814,0.550875,0
17815,3.669764,0
17816,3.625484,1
17817,2.007315,1
17818,2.32355,0
17819,3.304375,1
17820,0.192584,1
17821,2.093184,0
17822,1.71867,1
17823,4.570549,0
17824,3.671148,1
17825,0.920397,0
17826,2.638726,0
17827,1.070466,0
17828,1.770653,1
17829,3.345513,1
17830,0.354142,1
17831,0.804425,1
17832,2.578618,1
17833,1.57038,0
17834,1.967026,0
17835,2.284814,0
17836,1.748275,1
17837,2.033253,1
17838,1.194567,1
17839,0.334587,1
17840,3.245848,1
17841,3.569671,1
17842,0.26481,0
17843,0.838553,1
17844,1.061508,0
17845,0.798135,1
17846,0.975262,0
17847,0.910798,0
17848,0.98696,0
17849,1.823682,0
17850,0.271379,1
17851,1.180851,0
17852,4.082438,1
17853,0.552898,1
17854,1.574855,0
17855,0.932885,0
17856,2.575605,0
17857,0.425916,0
17858,1.632841,1
17859,1.143024,1
17860,0.517952,1
17861,2.221778,0
17862,0.32389,1
17863,2.544391,0
17864,0.823971,1
17865,0.600749,0
17866,2.141012,0
17867,3.288342,0
17868,0.235386,0
17869,3.18166,1
17870,0.74228,1
17871,2.346915,0
17872,1.786303,1
17873,1.118845,1
17874,2.256856,0
17875,0.496628,0
17876,1.157781,0
17877,0.825977,1
17878,0.465464,1
17879,0.444563,1
17880,2.777014,0
17881,1.02914,1
17882,1.450243,1
17883,3.853489,1
17884,0.248696,1
17885,0.724107,1
17886,2.71646,1
17887,3.338664,0
17888,0.478033,1
17889,0.834934,1
17890,4.617539,0
17891,1.424821,1
17892,0.166596,0
17893,0.50646,1
17894,0.141043,0
17895,2.67861,1
17896,2.164829,0
17897,1.274358,0
17898,0.45858,1
17899,3.914041,0
17900,1.271283,0
17901,0.592536,0
17902,0.548207,1
17903,4.421096,1
17904,2.344541,0
17905,0.352268,0
17906,5.158632,1
17907,1.029973,0
17908,2.03124,0
17909,0.637684,0
17910,2.808117,0
17911,2.274388,0
17912,0.396052,0
17913,0.289239,0
17914,2.300447,0
17915,3.386541,1
17916,0.446196,1
17917,0.650021,0
17918,1.176807,1
17919,0.28408,1
17920,2.28342,0
17921,0.54024,0
17922,1.993848,0
17923,3.298806,1
17924,3.566295,1
17925,1.424183,0
17926,0.221685,1
17927,0.265505,1
17928,1.99318,0
17929,3.646738,1
17930,1.85047,1
17931,3.288205,0
17932,0.135253,0
17933,1.762133,1
17934,0.445538,1
17935,0.497004,1
17936,1.487723,0
17937,0.883533,1
17938,0.561427,1
17939,0.866768,0
17940,2.619985,1
17941,2.702593,0
17942,0.895861,0
17943,3.439577,0
17944,3.57722,0
17945,2.303607,0
17946,0.828031,1
17947,1.815847,0
17948,4.529117,1
17949,0.732387,1
17950,3.248185,0
17951,0.462379,1
17952,0.640065,0
17953,2.639078,0
17954,1.742555,1
17955,2.932996,1
17956,0.62271,0
17957,3.286845,0
17958,3.476479,0
17959,0.514079,1
17960,0.710856,1
17961,3.124956,0
17962,2.363947,1
17963,0.995245,1
17964,1.185426,0
17965,4.556973,1
17966,0.567615,1
17967,2.040289,0
17968,0.356826,0
17969,1.352133,1
17970,0.761788,1
17971,1.049033,0
17972,0.31601,1
17973,0.571121,0
17974,2.724075,0
17975,1.429757,1
17976,3.135781,0
17977,1.23727,0
17978,0.116737,0
17979,0.771994,1
17980,0.234683,0
17981,0.944383,1
17982,1.735297,1
17983,2.230869,0
17984,3.424909,1
17985,0.112757,1
17986,2.791821,1
17987,4.717891,1
17988,4.054152,1
17989,3.681601,0
17990,0.360964,0
17991,1.041548,1
17992,3.21061,0
17993,0.384641,0
17994,2.238246,0
17995,1.775273,0
17996,2.016933,1
17997,0.332656,1
17998,0.294691,0
17999,1.414682,0
18000,0.615682,1
18001,0.588065,1
18002,2.119593,1
18003,1.302455,0
18004,1.638069,0
18005,0.309808,0
18006,0.37856,0
18007,0.504274,0
18008,0.569537,1
18009,0.255833,0
18010,2.535696,1
18011,0.325847,0
18012,3.750631,0
18013,0.550492,0
18014,5.078391,1
18015,0.451329,0
18016,2.163722,0
18017,0.220475,1
18018,4.511946,1
18019,0.410977,0
18020,4.493806,1
18021,0.327736,1
18022,3.759753,1
18023,1.188012,1
18024,2.937972,0
18025,2.54686,1
18026,3.587888,1
18027,1.777618,0
18028,0.190533,0
18029,1.297202,1
18030,2.410793,0
18031,3.543077,0
18032,0.320288,1
18033,0.955313,1
18034,0.338777,1
18035,1.087238,1
18036,0.453833,0
18037,0.472336,0
18038,1.100715,1
18039,0.561682,0
18040,2.483225,0
18041,0.53195,1
18042,2.346351,0
18043,4.631227,1
18044,0.240174,0
18045,4.107337,1
18046,1.347869,1
18047,3.033976,1
18048,0.096838,0
18049,0.625785,0
18050,4.719794,1
18051,1.137456,0
18052,0.171159,0
18053,1.902019,0
18054,2.661213,0
18055,2.111562,0
18056,3.463538,0
18057,2.830475,0
18058,0.528339,1
18059,0.176411,1
18060,0.542024,0
18061,0.37686,1
18062,0.333687,0
18063,0.203536,0
18064,3.093481,0
18065,2.846781,1
18066,0.624488,0
18067,2.209781,1
18068,0.452602,0
18069,1.105282,1
18070,2.335625,1
18071,3.027187,1
18072,2.271431,0
18073,2.73311,0
18074,1.745688,1
18075,0.843541,0
18076,3.656784,0
18077,1.320588,0
18078,4.180522,1
18079,0.736418,1
18080,0.406262,0
18081,0.817609,1
18082,2.237615,0
18083,1.65037,1
18084,1.450282,0
18085,3.720538,1
18086,0.356474,1
18087,3.181322,0
18088,4.042032,1
18089,0.241992,0
18090,1.065706,1
18091,1.750601,1
18092,2.185347,0
18093,1.407891,1
18094,4.0917,1
18095,2.310812,0
18096,0.175606,1
18097,2.679053,1
18098,0.877488,1
18099,2.016335,0
18100,0.774986,1
18101,0.765443,1
18102,3.376759,1
18103,3.858473,1
18104,0.747627,0
18105,2.161311,0
18106,2.890822,1
18107,0.16934,0
18108,0.947892,1
18109,0.323758,1
18110,0.631978,0
18111,2.073157,0
18112,1.897161,0
18113,1.481341,0
18114,0.146083,0
18115,4.145508,0
18116,0.141972,1
18117,1.063772,0
18118,0.55391,0
18119,3.177752,1
18120,0.426837,0
18121,0.096862,0
18122,0.894578,1
18123,2.953224,0
18124,0.691004,0
18125,2.26543,1
18126,0.723673,0
18127,0.484758,0
18128,0.659108,1
18129,4.185587,1
18130,1.512625,1
18131,0.447586,0
18132,0.450688,1
18133,1.258016,1
18134,0.161774,1
18135,0.726538,1
18136,1.957228,1
18137,2.593539,1
18138,1.031761,1
18139,0.719151,0
18140,0.360121,0
18141,0.483386,1
18142,0.190729,0
18143,4.627792,1
18144,3.628171,0
18145,0.190153,0
18146,0.743898,0
18147,0.407848,0
18148,3.701515,1
18149,2.768587,1
18150,1.164694,1
18151,0.294278,1
18152,3.934686,1
18153,1.415426,1
18154,1.022879,0
18155,0.440493,1
18156,2.684907,0
18157,1.845037,0
18158,0.310037,1
18159,0.597796,1
18160,0.869138,1
18161,0.347996,0
18162,0.56204,1
18163,0.729428,0
18164,0.44695,1
18165,0.882541,0
18166,2.692965,1
18167,0.983611,1
18168,3.578051,1
18169,0.401164,0
18170,0.216102,0
18171,2.085608,0
18172,0.345692,1
18173,0.710314,1
18174,4.518584,1
18175,2.701526,0
18176,0.737825,0
18177,0.378389,1
18178,0.251366,1
18179,2.878771,0
18180,0.436074,1
18181,0.146671,1
18182,0.666981,0
18183,0.720462,0
18184,2.385458,0
18185,0.515593,1
18186,0.322944,0
18187,2.623341,0
18188,3.437073,1
18189,2.516137,0
18190,0.866718,0
18191,3.30665,0
18192,4.297026,0
18193,1.415503,1
18194,0.811623,0
18195,0.517219,0
18196,4.960138,0
18197,0.373104,0
18198,0.098482,1
18199,0.799543,1
18200,0.423347,0
18201,2.555108,1
18202,0.33705,1
18203,0.26452,1
18204,0.387365,0
18205,0.234445,1
18206,1.241841,1
18207,1.301948,0
18208,0.317769,0
18209,0.553135,1
18210,2.237403,0
18211,0.102928,1
18212,1.098486,1
18213,0.211449,0
18214,0.598641,1
18215,2.732574,0
18216,4.84039,1
18217,1.028872,0
18218,1.019705,1
18219,1.191266,0
18220,0.462498,0
18221,2.199886,0
18222,2.951222,0
18223,1.975475,0
18224,1.013872,1
18225,2.779156,0
18226,5.181797,0
18227,1.08433,0
18228,2.958097,1
18229,1.029899,1
18230,0.270656,0
18231,1.623719,1
18232,0.3354,1
18233,3.247632,1
18234,0.997361,0
18235,0.222477,0
18236,2.618352,1
18237,1.990059,0
18238,0.648715,1
18239,0.419825,1
18240,1.740426,0
18241,0.179571,0
18242,1.367265,1
18243,0.678869,1
18244,1.048993,1
18245,4.330208,0
18246,1.365632,1
18247,3.364585,0
18248,1.142727,0
18249,0.274777,0
18250,3.469216,0
18251,2.767786,1
18252,0.33777,1
18253,1.958379,0
18254,0.177651,1
18255,2.811159,1
18256,0.515602,0
18257,1.920924,0
18258,1.234205,0
18259,1.067957,0
18260,2.091143,0
18261,0.406623,1
18262,0.220127,1
18263,4.638789,1
18264,0.515626,1
18265,1.020347,0
18266,0.766418,0
18267,0.234504,0
18268,1.155469,1
18269,1.327795,0
18270,0.512291,1
18271,2.868468,0
18272,2.083524,0
18273,0.826498,1
18274,0.472965,0
18275,4.679554,1
18276,2.543136,0
18277,2.042014,0
18278,5.714468,1
18279,2.168786,1
18280,1.097878,0
18281,0.270607,1
18282,2.163552,0
18283,0.163384,1
18284,0.250468,1
18285,2.581951,0
18286,2.17886,0
18287,2.575541,0
18288,2.007411,0
18289,0.235315,1
18290,2.620967,1
18291,0.449068,0
18292,6.107772,1
18293,0.929889,1
18294,0.570155,1
18295,3.338522,1
18296,0.320032,0
18297,1.30427,0
18298,0.269583,0
18299,0.422071,0
18300,0.517923,1
18301,3.68551,0
18302,0.191558,1
18303,1.375896,0
18304,2.748067,0
18305,0.703465,1
18306,3.130753,0
18307,0.432441,0
18308,0.66582,1
18309,4.623824,1
18310,4.110999,0
18311,0.747799,1
18312,0.521853,0
18313,1.34959,1
18314,0.604677,1
18315,0.319675,1
18316,1.008119,0
18317,0.313268,0
18318,0.232778,1
18319,0.401228,1
18320,0.493869,0
18321,3.830706,1
18322,3.750807,1
18323,0.595991,0
18324,3.644876,0
18325,2.170186,0
18326,2.208345,1
18327,1.740494,0
18328,0.622497,1
18329,0.078274,1
18330,0.749839,1
18331,0.521634,0
18332,2.384923,0
18333,2.203516,0
18334,1.338608,1
18335,2.064746,0
18336,1.30047,0
18337,1.021109,1
18338,1.399012,0
18339,1.881104,0
18340,3.130743,0
18341,4.200993,1
18342,0.163135,0
18343,2.680513,0
18344,1.191397,1
18345,0.990193,1
18346,2.538231,0
18347,0.593795,1
18348,2.397369,0
18349,0.084906,0
18350,2.958853,0
18351,3.020652,0
18352,3.176989,1
18353,3.693031,1
18354,1.01402,0
18355,0.957473,1
18356,0.230778,1
18357,0.317893,1
18358,2.142286,1
18359,1.726596,0
18360,0.477665,1
18361,0.117244,0
18362,0.680945,0
18363,0.377351,1
18364,3.769303,0
18365,0.532098,0
18366,0.508871,1
18367,0.13188,0
18368,1.104852,0
18369,0.595195,0
18370,2.435192,1
18371,1.234926,0
18372,0.190144,1
18373,0.909899,0
18374,3.074014,0
18375,2.347304,0
18376,2.709283,0
18377,2.573354,1
18378,0.826869,1
18379,0.914393,1
18380,1.774807,1
18381,0.947712,1
18382,1.310832,0
18383,3.740748,0
18384,0.496945,1
18385,0.194498,0
18386,1.697991,1
18387,2.98771,1
18388,1.378016,1
18389,1.510704,1
18390,0.497712,1
18391,0.92485,0
18392,0.136659,1
18393,2.704705,0
18394,3.374129,0
18395,0.116647,1
18396,0.471991,1
18397,4.764594,1
18398,1.282606,0
18399,1.35074,0
18400,0.417351,1
18401,1.298387,0
18402,0.621847,1
18403,1.553855,0
18404,0.713073,1
18405,0.626609,1
18406,0.788667,1
18407,0.294515,1
18408,0.694583,1
18409,0.190214,1
18410,3.298052,0
18411,3.157925,1
18412,4.179171,1
18413,0.338779,1
18414,4.176283,0
18415,2.251565,0
18416,0.497821,1
18417,0.161237,1
18418,0.273415,0
18419,0.300577,1
18420,0.143536,1
18421,1.208607,1
18422,1.362074,0
18423,4.383323,0
18424,1.566033,1
18425,2.982352,0
18426,2.680544,0
18427,2.270184,0
18428,1.701601,0
18429,0.695104,1
18430,0.521796,0
18431,1.185107,0
18432,2.571408,0
18433,0.361907,1
18434,0.295772,0
18435,0.249573,0
18436,2.037687,0
18437,0.627011,1
18438,0.630134,1
18439,4.123283,0
18440,1.17252,0
18441,1.08688,1
18442,4.162458,1
18443,0.315487,1
18444,1.314254,1
18445,1.450418,0
18446,2.829863,0
18447,0.999052,0
18448,0.467844,0
18449,2.958083,0
18450,0.611198,0
18451,0.266286,0
18452,2.80284,0
18453,1.330549,0
18454,4.414834,0
18455,2.193034,0
18456,1.620065,1
18457,0.589013,1
18458,3.701489,0
18459,0.328947,1
18460,2.703315,0
18461,2.250167,1
18462,2.206893,0
18463,3.818258,1
18464,2.181074,0
18465,0.720935,1
18466,2.707627,0
18467,4.340767,1
18468,1.283868,0
18469,2.404958,0
18470,0.443893,1
18471,2.992446,1
18472,1.519314,0
18473,0.76925,1
18474,0.352225,0
18475,2.261689,0
18476,0.939211,0
18477,0.307556,1
18478,1.998602,0
18479,2.58407,0
18480,0.568922,1
18481,2.250552,1
18482,0.95231,0
18483,1.554318,0
18484,2.216719,1
18485,0.692325,1
18486,0.154162,1
18487,0.255827,1
18488,0.252277,0
18489,3.551926,0
18490,2.633143,0
18491,0.08102,0
18492,0.512482,1
18493,0.404878,0
18494,1.660032,0
18495,0.564335,0
18496,0.200068,1
18497,0.525003,0
18498,1.994195,0
18499,1.352194,0
18500,3.179449,1
18501,2.71784,1
18502,4.139545,1
18503,0.562594,0
18504,2.262707,0
18505,0.410259,1
18506,0.354014,1
18507,0.259633,0
18508,1.792578,0
18509,1.271334,1
18510,2.900837,1
18511,4.171556,1
18512,3.860246,1
18513,3.090474,0
18514,0.277354,0
18515,3.513228,0
18516,2.264296,0
18517,3.292773,1
18518,0.467336,1
18519,0.381515,1
18520,1.092578,0
18521,0.605442,1
18522,2.917453,0
18523,1.159931,1
18524,0.875341,0
18525,0.877291,0
18526,1.547891,0
18527,0.602763,1
18528,0.376179,1
18529,1.685421,0
18530,2.25217,0
18531,0.46335,0
18532,0.469768,1
18533,0.316621,0
18534,4.080959,0
18535,0.352071,1
18536,0.897967,0
18537,0.385585,1
18538,0.762461,0
18539,0.151227,1
18540,0.561822,1
18541,2.747735,0
18542,0.176635,0
18543,2.619943,1
18544,0.36768,0
18545,0.254359,1
18546,2.375525,0
18547,1.278595,1
18548,2.097253,0
18549,1.119867,1
18550,4.837046,1
18551,2.18583,1
18552,4.740433,1
18553,0.383187,0
18554,2.341345,0
18555,2.10177,1
18556,0.283098,1
18557,1.991816,1
18558,3.231684,0
18559,1.340051,0
18560,0.740296,1
18561,0.712528,1
18562,2.522624,0
18563,1.808848,1
18564,1.89724,0
18565,0.644833,0
18566,1.197621,0
18567,0.273357,1
18568,0.843907,1
18569,0.643921,1
18570,0.600667,0
18571,2.135311,0
18572,3.278168,1
18573,0.931223,0
18574,4.137631,0
18575,3.283377,1
18576,0.213913,1
18577,0.123356,1
18578,0.204312,0
18579,1.179391,0
18580,2.30884,0
18581,0.741498,0
18582,1.908122,0
18583,0.514024,1
18584,0.228292,1
18585,3.631846,1
18586,3.373235,0
18587,2.711971,1
18588,1.760863,0
18589,2.967921,0
18590,2.294299,0
18591,0.906226,0
18592,0.184507,1
18593,3.988969,1
18594,0.453947,0
18595,2.727751,0
18596,0.650228,0
18597,2.079154,1
18598,0.349726,0
18599,2.054631,0
18600,0.827045,1
18601,1.161108,1
18602,3.578269,1
18603,0.508492,1
18604,2.294096,0
18605,0.18665,1
18606,0.429995,0
18607,2.022186,0
18608,2.523337,0
18609,2.709836,0
18610,3.01123,1
18611,0.579518,0
18612,2.375491,0
18613,0.729614,1
18614,0.281048,0
18615,0.57339,1
18616,0.312295,0
18617,1.742805,0
18618,0.74704,0
18619,0.161987,1
18620,0.343709,1
18621,2.194964,0
18622,3.801481,1
18623,3.37643,0
18624,0.573479,0
18625,0.336731,1
18626,1.176745,1
18627,0.50254,0
18628,0.807998,0
18629,0.296957,1
18630,2.030257,0
18631,0.160645,1
18632,1.270769,0
18633,1.437436,0
18634,0.162225,1
18635,2.426468,0
18636,0.42545,0
18637,2.18434,0
18638,1.111801,1
18639,2.649006,1
18640,1.940779,1
18641,0.271762,1
18642,0.389629,1
18643,1.495031,0
18644,1.201602,1
18645,0.355057,0
18646,2.223807,1
18647,1.23618,0
18648,0.213151,0
18649,0.141114,1
18650,0.929898,0
18651,4.804705,1
18652,5.434666,1
18653,1.83222,0
18654,0.51602,1
18655,0.264484,1
18656,1.989985,0
18657,0.329679,1
18658,0.118397,0
18659,0.54225,1
18660,2.180332,0
18661,0.554471,0
18662,0.781653,1
18663,4.476579,1
18664,1.496686,0
18665,1.95698,0
18666,0.249455,1
18667,0.153052,1
18668,0.420182,1
18669,0.253148,0
18670,1.029557,1
18671,3.112259,0
18672,2.968605,0
18673,3.985724,0
18674,2.946899,0
18675,0.743396,0
18676,2.048182,0
18677,1.319294,0
18678,3.407764,0
18679,0.252834,1
18680,0.139015,0
18681,0.356613,0
18682,0.285855,0
18683,3.437494,1
18684,2.53023,1
18685,0.617219,1
18686,2.839278,1
18687,2.34551,1
18688,2.051273,1
18689,0.175911,1
18690,0.359616,1
18691,0.273539,0
18692,0.736286,1
18693,4.721251,1
18694,3.765909,1
18695,4.192802,1
18696,1.749947,0
18697,1.327531,1
18698,4.664104,0
18699,0.747471,0
18700,0.460764,0
18701,2.236732,0
18702,1.595215,0
18703,0.447905,1
18704,0.841778,1
18705,0.383127,0
18706,1.479974,1
18707,1.77219,1
18708,2.880556,0
18709,0.426758,1
18710,2.534495,0
18711,0.796006,0
18712,0.367391,0
18713,2.698852,0
18714,1.111097,1
18715,0.246281,0
18716,3.258936,0
18717,1.817278,1
18718,0.809282,0
18719,0.657141,0
18720,0.257602,1
18721,0.712328,1
18722,0.706032,1
18723,2.89408,1
18724,0.530555,1
18725,2.666762,0
18726,0.644442,1
18727,1.601593,0
18728,0.506449,1
18729,0.73972,0
18730,4.154629,0
18731,0.830104,0
18732,0.664069,1
18733,2.200481,0
18734,0.560739,1
18735,3.060884,1
18736,2.910989,0
18737,0.239506,1
18738,0.5719,0
18739,2.303153,0
18740,1.350261,0
18741,0.249069,1
18742,0.502939,1
18743,1.885423,0
18744,2.9972,0
18745,1.22917,0
18746,3.576963,0
18747,0.17033,0
18748,3.268517,0
18749,0.487732,0
18750,2.773674,1
18751,0.283425,0
18752,3.590722,0
18753,1.550973,1
18754,0.42924,1
18755,0.220061,0
18756,0.282548,1
18757,0.765095,0
18758,0.667359,0
18759,2.583613,0
18760,0.101055,1
18761,1.526571,0
18762,3.107849,0
18763,0.229656,0
18764,2.235952,1
18765,0.232764,0
18766,4.544046,0
18767,1.225929,1
18768,2.180592,0
18769,5.084293,1
18770,1.717694,0
18771,1.647932,0
18772,0.651017,0
18773,0.871885,1
18774,0.696543,1
18775,4.712797,1
18776,1.699939,0
18777,3.057249,1
18778,2.451804,1
18779,1.577008,1
18780,0.425661,1
18781,0.504894,1
18782,0.226626,1
18783,4.447707,0
18784,3.806675,0
18785,0.577982,1
18786,1.110153,1
18787,2.214255,0
18788,5.096343,1
18789,3.358486,0
18790,1.710843,1
18791,2.15385,0
18792,1.004858,0
18793,0.364179,1
18794,0.812743,0
18795,0.333232,1
18796,0.45556,0
18797,0.384139,0
18798,3.915656,0
18799,0.764475,1
18800,0.708169,0
18801,0.260487,0
18802,1.223652,0
18803,0.245447,0
18804,0.134631,1
18805,0.756889,0
18806,2.044816,0
18807,3.224112,0
18808,2.01777,0
18809,0.301354,0
18810,0.15697,1
18811,0.18695,0
18812,0.99336,1
18813,0.349516,1
18814,1.600573,1
18815,0.714604,1
18816,2.652875,1
18817,0.30427,0
18818,0.475911,0
18819,1.629365,1
18820,2.287395,1
18821,4.492404,0
18822,0.763516,1
18823,0.445358,1
18824,3.991641,0
18825,0.366529,0
18826,0.368856,1
18827,0.535351,1
18828,1.356581,1
18829,0.587744,0
18830,1.926525,0
18831,2.056357,1
18832,1.173242,0
18833,2.258121,0
18834,3.718483,1
18835,0.474642,1
18836,0.162348,1
18837,0.497877,1
18838,1.147191,1
18839,0.335782,1
18840,0.231639,1
18841,0.126325,1
18842,0.711432,1
18843,1.826749,1
18844,2.959201,0
18845,2.406269,1
18846,2.901203,0
18847,0.519662,0
18848,3.64584,1
18849,1.59902,0
18850,0.605508,0
18851,0.39827,0
18852,2.636532,0
18853,0.339583,0
18854,0.27662,0
18855,2.685859,1
18856,0.721755,1
18857,0.927576,0
18858,0.930148,1
18859,0.44335,0
18860,1.919783,0
18861,3.04835,0
18862,4.464848,0
18863,3.053427,1
18864,1.778539,0
18865,0.934351,0
18866,1.794456,0
18867,0.62516,1
18868,1.1212,0
18869,1.951891,0
18870,1.939912,0
18871,2.799541,0
18872,0.576168,1
18873,0.515266,1
18874,0.615679,1
18875,4.064711,1
18876,1.306075,0
18877,1.904134,0
18878,0.963863,1
18879,0.723442,1
18880,0.53074,1
18881,0.495257,0
18882,0.631866,1
18883,0.712003,0
18884,1.923042,0
18885,3.652263,1
18886,0.216019,1
18887,0.338235,0
18888,0.929762,0
18889,0.487978,1
18890,0.963997,0
18891,0.446241,0
18892,0.434687,1
18893,1.037302,1
18894,0.315856,0
18895,1.084154,1
18896,0.953871,1
18897,2.090049,1
18898,3.62091,0
18899,2.355554,1
18900,0.257714,0
18901,2.427411,0
18902,0.244757,1
18903,4.893473,1
18904,0.492815,1
18905,2.402056,0
18906,1.410513,1
18907,1.172473,0
18908,0.916769,1
18909,0.38517,0
18910,1.258849,0
18911,2.19068,0
18912,3.434755,1
18913,2.815157,1
18914,0.201776,0
18915,1.406234,0
18916,0.354267,1
18917,0.72333,1
18918,1.221137,1
18919,0.407295,0
18920,4.816142,1
18921,2.061594,0
18922,1.377164,0
18923,3.82203,0
18924,4.708201,1
18925,1.318916,0
18926,0.749364,0
18927,0.600677,1
18928,3.304402,0
18929,2.503297,0
18930,0.186504,1
18931,0.407056,1
18932,0.51151,0
18933,1.664425,0
18934,3.443042,0
18935,0.905237,1
18936,0.239851,1
18937,2.94821,1
18938,1.536587,0
18939,2.67945,0
18940,2.342449,0
18941,2.319682,0
18942,2.286355,1
18943,0.295048,0
18944,1.128497,0
18945,1.237346,0
18946,0.362468,1
18947,3.562368,0
18948,0.320234,1
18949,3.539889,1
18950,0.209221,1
18951,2.121612,0
18952,2.340213,0
18953,4.43404,0
18954,3.889338,1
18955,0.23033,1
18956,0.356189,0
18957,2.657664,0
18958,1.341207,0
18959,0.593965,1
18960,0.571646,1
18961,1.472751,0
18962,0.687487,0
18963,1.888108,0
18964,2.04576,0
18965,1.201003,1
18966,2.642219,0
18967,1.458151,1
18968,2.342328,0
18969,3.390716,0
18970,0.109811,0
18971,4.455098,1
18972,1.239137,1
18973,4.470866,1
18974,0.412472,0
18975,0.40139,1
18976,2.204861,0
18977,2.182037,0
18978,0.673141,0
18979,1.651018,1
18980,0.216638,0
18981,0.724882,0
18982,0.766111,1
18983,1.365841,1
18984,0.795385,1
18985,2.798696,1
18986,0.191267,0
18987,2.152737,0
18988,1.254149,0
18989,0.932869,0
18990,1.347184,0
18991,0.41359,1
18992,1.289734,0
18993,1.035259,1
18994,0.346336,0
18995,0.290604,1
18996,3.397771,0
18997,0.565543,0
18998,1.223381,1
18999,0.518664,1
19000,0.142378,1
19001,3.378689,0
19002,4.50317,0
19003,3.276149,0
19004,1.054498,1
19005,2.53969,1
19006,2.505307,1
19007,3.504386,1
19008,0.772013,0
19009,1.366809,1
19010,0.763776,1
19011,1.559635,1
19012,3.910669,1
19013,0.470378,1
19014,2.335136,1
19015,3.831185,1
19016,2.33528,0
19017,0.416357,1
19018,0.365289,1
19019,1.905224,0
19020,0.348759,0
19021,0.78708,0
19022,0.321073,0
19023,0.494579,1
19024,0.614008,1
19025,0.868662,1
19026,3.738269,0
19027,2.143497,0
19028,0.274967,1
19029,1.264211,0
19030,3.775911,1
19031,0.311967,0
19032,0.331469,0
19033,4.749237,1
19034,0.702673,0
19035,0.454929,1
19036,2.436226,0
19037,0.091383,0
19038,0.264276,1
19039,2.030046,0
19040,4.526121,0
19041,2.208449,0
19042,3.275668,0
19043,1.119127,1
19044,0.918046,0
19045,0.214321,0
19046,0.928925,0
19047,3.698341,1
19048,0.422554,0
19049,2.392175,1
19050,0.411996,0
19051,0.697081,0
19052,4.721838,1
19053,0.504917,1
19054,1.223907,0
19055,1.913053,0
19056,0.131213,1
19057,3.79645,1
19058,2.488938,1
19059,1.064037,0
19060,1.444444,0
19061,0.208947,1
19062,2.280324,0
19063,0.573633,1
19064,1.169776,1
19065,2.022813,1
19066,1.818097,0
19067,0.805709,0
19068,0.678223,0
19069,1.412189,1
19070,4.060478,1
19071,0.447789,1
19072,0.500077,0
19073,2.999549,0
19074,0.72152,1
19075,2.383669,0
19076,2.234345,0
19077,3.467882,1
19078,1.14112,1
19079,2.826314,0
19080,0.277889,1
19081,0.317431,0
19082,0.099695,1
19083,2.963659,0
19084,0.632415,1
19085,0.503048,1
19086,2.521876,0
19087,1.615704,1
19088,3.246329,0
19089,0.587551,1
19090,0.889995,1
19091,1.958241,1
19092,3.46312,0
19093,0.359052,0
19094,0.690279,1
19095,0.896546,0
19096,0.379891,0
19097,0.465209,1
19098,0.074613,0
19099,0.160845,0
19100,3.806357,0
19101,3.879771,0
19102,2.429819,0
19103,0.111819,1
19104,0.676589,1
19105,1.415639,1
19106,4.255352,0
19107,4.61981,1
19108,3.12596,1
19109,0.165055,0
19110,4.094294,1
19111,1.272595,0
19112,4.358317,1
19113,0.668652,1
19114,0.189983,0
19115,5.117849,1
19116,2.470254,0
19117,0.663406,1
19118,0.561631,0
19119,0.251726,1
19120,0.60682,1
19121,0.341827,0
19122,0.24953,0
19123,0.604499,0
19124,3.818045,1
19125,0.219106,1
19126,0.449776,1
19127,4.159114,1
19128,3.524476,0
19129,0.523445,0
19130,1.611006,0
19131,0.677163,1
19132,0.418082,1
19133,0.447832,1
19134,1.311701,0
19135,0.663859,1
19136,0.285109,0
19137,0.738415,0
19138,0.910522,1
19139,2.941009,1
19140,0.709051,1
19141,0.148718,1
19142,0.278794,1
19143,1.300633,1
19144,0.121643,1
19145,0.381772,0
19146,2.593978,1
19147,1.796522,1
19148,0.300667,1
19149,0.353055,0
19150,0.176991,0
19151,0.834912,1
19152,0.438034,1
19153,0.539067,0
19154,2.262891,1
19155,3.18215,1
19156,1.519589,1
19157,2.710414,1
19158,1.039558,0
19159,2.256363,0
19160,1.360429,1
19161,2.906731,0
19162,5.369581,1
19163,1.82715,0
19164,0.988487,0
19165,1.029257,1
19166,4.118996,1
19167,3.392612,0
19168,3.388717,0
19169,2.503904,0
19170,0.601041,1
19171,1.004201,1
19172,2.884026,0
19173,0.104834,1
19174,1.881815,0
19175,4.097112,0
19176,3.007171,0
19177,4.451843,1
19178,1.437342,0
19179,0.964542,1
19180,1.013108,1
19181,0.399858,1
19182,1.189119,1
19183,2.185542,0
19184,1.533133,1
19185,2.884037,0
19186,1.354484,0
19187,2.760409,0
19188,2.636735,0
19189,2.220384,0
19190,1.330211,1
19191,1.4578,1
19192,0.998358,1
19193,0.620975,0
19194,1.032704,0
19195,0.537694,0
19196,1.823485,0
19197,1.964955,1
19198,0.91514,0
19199,1.75439,0
19200,1.044345,0
19201,3.169159,0
19202,0.612846,1
19203,1.318834,0
19204,0.98797,0
19205,0.417349,0
19206,0.280015,1
19207,4.220349,1
19208,1.691884,0
19209,0.460381,1
19210,1.971123,0
19211,1.58509,0
19212,1.205349,1
19213,1.323067,0
19214,0.264113,0
19215,3.413378,0
19216,0.591142,1
19217,0.283658,1
19218,0.235618,1
19219,2.837237,0
19220,2.388439,0
19221,1.312428,0
19222,0.454615,0
19223,2.72366,1
19224,3.352908,0
19225,2.054817,0
19226,0.499489,0
19227,3.384088,1
19228,1.101068,0
19229,3.006115,1
19230,0.845793,0
19231,0.326493,1
19232,2.472635,0
19233,0.484265,1
19234,2.511438,1
19235,0.754798,1
19236,2.990825,1
19237,2.694682,0
19238,0.434574,1
19239,2.617044,0
19240,0.229728,0
19241,3.163337,0
19242,2.373085,0
19243,1.955403,0
19244,0.41221,0
19245,1.121529,1
19246,1.409139,0
19247,0.245728,0
19248,2.336745,1
19249,0.436992,1
19250,4.074608,0
19251,0.939461,1
19252,4.284319,1
19253,2.291932,1
19254,0.685978,0
19255,1.001132,1
19256,0.844137,0
19257,1.563453,0
19258,3.894167,0
19259,0.472598,1
19260,4.190086,1
19261,0.523606,1
19262,0.472098,0
19263,0.391953,1
19264,4.042771,0
19265,0.585461,1
19266,4.436882,1
19267,4.81454,1
19268,0.99499,1
19269,0.406826,0
19270,1.91981,0
19271,3.279246,1
19272,3.076555,0
19273,1.023296,0
19274,4.729419,1
19275,0.297361,0
19276,0.754103,1
19277,3.419167,0
19278,1.429988,1
19279,1.526766,0
19280,0.340132,1
19281,0.217883,0
19282,2.836977,0
19283,1.331172,0
19284,1.643571,0
19285,3.058529,1
19286,1.648285,0
19287,1.458716,0
19288,2.82021,1
19289,0.317196,1
19290,0.344663,0
19291,1.417097,1
19292,0.432678,0
19293,2.252675,0
19294,0.509964,0
19295,0.228624,1
19296,3.156103,0
19297,0.759922,1
19298,1.072254,0
19299,0.292826,1
19300,0.57307,1
19301,1.118976,1
19302,3.803056,1
19303,0.634092,1
19304,4.763955,0
19305,4.600537,0
19306,0.214434,1
19307,2.960428,1
19308,0.427037,1
19309,2.105231,0
19310,0.226289,0
19311,0.298025,1
19312,0.573674,0
19313,0.195641,1
19314,5.029873,1
19315,1.494823,0
19316,0.744738,1
19317,0.293298,1
19318,5.35785,0
19319,2.141639,0
19320,0.164949,0
19321,2.549278,1
19322,2.844663,0
19323,2.206322,0
19324,0.681378,0
19325,2.250155,0
19326,1.297746,1
19327,0.465575,1
19328,0.897213,0
19329,4.891948,0
19330,0.368911,0
19331,2.176133,0
19332,0.313854,1
19333,0.149554,0
19334,0.463214,0
19335,1.449926,1
19336,0.388652,1
19337,0.606191,1
19338,7.147801,1
19339,0.618773,0
19340,2.328459,0
19341,3.558464,1
19342,2.619434,1
19343,0.861282,0
19344,0.108611,0
19345,1.887635,1
19346,2.502422,0
19347,0.416816,0
19348,0.447058,0
19349,0.549071,0
19350,0.938735,0
19351,0.111114,1
19352,0.189234,1
19353,2.405589,0
19354,2.985627,1
19355,3.747458,1
19356,0.314556,1
19357,0.563258,0
19358,0.216954,1
19359,0.565185,1
19360,2.208757,0
19361,4.921626,0
19362,1.843001,1
19363,0.934715,1
19364,0.79499,1
19365,0.399195,1
19366,0.88879,0
19367,0.468834,0
19368,0.166265,1
19369,0.111956,1
19370,0.465063,0
19371,4.889641,1
19372,0.673449,1
19373,3.368417,1
19374,2.578585,0
19375,0.54336,1
19376,0.223472,0
19377,0.319719,1
19378,1.169124,1
19379,2.890945,0
19380,1.674868,0
19381,0.904069,0
19382,4.200969,0
19383,2.371365,1
19384,0.149447,0
19385,3.090993,0
19386,2.872515,1
19387,0.504453,1
19388,2.476847,1
19389,2.267169,0
19390,2.675097,1
19391,2.751122,1
19392,3.393328,0
19393,2.417973,1
19394,3.261777,1
19395,0.175425,1
19396,2.671004,1
19397,4.43612,1
19398,0.427897,1
19399,2.939001,1
19400,0.913223,1
19401,0.127155,1
19402,0.934739,1
19403,2.02177,1
19404,2.678802,0
19405,0.739847,0
19406,0.165247,1
19407,0.673933,0
19408,0.772096,0
19409,0.931497,1
19410,0.188711,1
19411,0.101591,0
19412,2.084486,1
19413,2.8104,1
19414,0.465776,1
19415,1.942231,1
19416,7.000883,0
19417,1.955337,0
19418,4.201665,1
19419,2.465971,0
19420,0.813487,0
19421,2.278662,0
19422,2.42841,0
19423,0.693176,0
19424,1.411557,0
19425,2.7931,0
19426,0.217769,1
19427,0.871203,0
19428,0.067145,1
19429,3.284654,1
19430,2.940757,1
19431,0.662591,1
19432,0.952066,0
19433,2.503337,1
19434,2.262171,1
19435,0.856514,0
19436,1.273175,0
19437,0.926228,1
19438,0.814037,1
19439,3.29254,0
19440,3.762289,0
19441,0.773129,1
19442,0.38981,0
19443,0.415002,1
19444,2.422643,0
19445,3.154676,0
19446,0.834462,0
19447,1.534889,1
19448,1.422794,1
19449,0.307572,1
19450,2.969213,0
19451,0.623327,1
19452,2.196713,0
19453,1.559013,0
19454,0.303496,0
19455,2.979708,0
19456,2.696677,0
19457,2.509071,1
19458,2.797653,1
19459,1.781419,0
19460,2.150304,0
19461,0.170001,1
19462,0.628969,0
19463,0.42463,0
19464,1.860029,1
19465,1.607345,1
19466,3.055064,0
19467,0.340908,0
19468,3.620573,0
19469,1.19722,1
19470,0.44098,1
19471,0.691628,0
19472,0.937198,0
19473,2.624146,0
19474,0.401964,1
19475,1.556937,0
19476,0.280309,1
19477,1.149158,0
19478,0.398619,0
19479,0.531726,1
19480,0.709668,1
19481,0.742192,1
19482,1.03074,1
19483,0.405661,1
19484,4.006455,0
19485,3.48133,1
19486,0.283701,0
19487,0.27548,1
19488,3.351112,0
19489,0.377007,0
19490,4.989004,1
19491,1.373404,1
19492,1.945693,0
19493,2.295483,0
19494,0.542447,1
19495,0.719499,1
19496,1.144319,1
19497,2.540114,0
19498,0.908915,0
19499,2.468919,0
19500,0.722676,0
19501,0.478147,0
19502,1.688985,0
19503,1.130847,1
19504,1.550824,0
19505,0.619914,0
19506,1.189197,1
19507,4.052781,0
19508,1.591811,0
19509,1.347872,0
19510,3.453278,0
19511,0.585365,0
19512,0.799363,1
19513,2.113796,0
19514,0.841706,1
19515,2.410634,1
19516,2.723424,1
19517,1.628044,0
19518,0.416959,0
19519,0.178551,1
19520,0.942299,0
19521,1.274298,1
19522,2.392762,0
19523,0.306046,1
19524,0.628275,0
19525,0.89195,0
19526,1.452483,1
19527,3.06172,0
19528,2.168777,0
19529,3.684,1
19530,0.202363,0
19531,0.37405,1
19532,0.533937,0
19533,0.257234,1
19534,4.384023,0
19535,0.664918,1
19536,2.223993,1
19537,0.751745,1
19538,2.266816,0
19539,0.80587,1
19540,4.247506,0
19541,0.517861,0
19542,0.33141,1
19543,0.859333,0
19544,1.895745,1
19545,2.6906,0
19546,0.083597,0
19547,4.284381,0
19548,0.422294,1
19549,2.635689,0
19550,4.064804,0
19551,0.161862,1
19552,0.553625,0
19553,2.38323,1
19554,0.911785,0
19555,4.69982,1
19556,2.93499,0
19557,0.303814,1
19558,0.43944,1
19559,0.202991,0
19560,0.725566,0
19561,5.219852,0
19562,0.154907,0
19563,0.401891,1
19564,0.431425,0
19565,1.819532,0
19566,1.452492,0
19567,0.585804,1
19568,0.96,0
19569,0.914417,1
19570,2.852493,1
19571,2.070247,0
19572,0.764772,0
19573,1.045084,0
19574,1.42856,1
19575,0.430066,1
19576,2.963205,0
19577,1.841753,1
19578,1.359347,0
19579,0.37254,1
19580,3.166073,1
19581,2.968725,0
19582,6.092302,1
19583,3.450456,0
19584,0.392263,0
19585,2.179391,0
19586,0.647289,1
19587,0.740502,1
19588,0.186475,1
19589,0.223639,0
19590,1.203347,1
19591,0.948134,1
19592,3.077442,1
19593,4.023347,1
19594,2.562091,0
19595,6.02949,1
19596,0.178327,0
19597,1.322017,1
19598,1.998388,0
19599,0.746202,1
19600,1.584111,0
19601,0.163395,1
19602,0.522361,1
19603,0.398185,1
19604,4.079313,1
19605,2.97996,0
19606,2.458062,0
19607,0.956319,1
19608,0.639886,1
19609,2.757581,1
19610,1.039436,0
19611,1.430713,1
19612,0.557586,0
19613,3.773609,1
19614,3.056197,0
19615,2.719043,0
19616,0.429495,1
19617,2.612687,1
19618,2.158915,0
19619,0.402095,1
19620,1.533515,0
19621,1.795437,1
19622,2.907552,1
19623,1.070877,1
19624,1.748106,0
19625,0.64773,0
19626,2.333808,0
19627,0.195379,1
19628,2.282429,1
19629,2.364064,0
19630,3.373975,0
19631,0.652723,1
19632,0.527079,0
19633,0.671999,1
19634,3.286313,0
19635,3.689543,0
19636,1.333894,0
19637,1.029575,0
19638,1.758894,1
19639,0.322314,1
19640,1.082745,0
19641,4.129232,0
19642,3.310796,0
19643,4.363651,1
19644,2.162045,0
19645,3.071975,1
19646,2.144861,0
19647,3.203926,1
19648,3.973001,1
19649,0.452278,1
19650,0.581582,0
19651,2.697707,1
19652,0.180858,1
19653,1.164591,1
19654,0.124383,0
19655,1.351344,1
19656,3.585032,1
19657,1.00324,0
19658,0.891314,0
19659,2.013606,0
19660,0.190614,1
19661,2.577263,1
19662,1.738148,1
19663,3.096725,0
19664,0.220134,0
19665,3.832924,0
19666,1.307929,0
19667,2.54612,0
19668,2.843672,0
19669,0.407403,0
19670,0.559405,0
19671,2.828316,0
19672,1.998491,1
19673,1.352867,0
19674,1.304413,1
19675,0.191289,0
19676,0.746342,0
19677,0.183877,1
19678,4.342546,1
19679,0.4842,0
19680,0.618931,0
19681,0.877781,0
19682,0.262353,1
19683,1.710122,0
19684,0.331518,1
19685,0.2056,0
19686,0.320042,1
19687,1.673314,0
19688,3.005746,0
19689,1.907395,0
19690,0.19867,1
19691,3.439283,1
19692,3.548532,0
19693,0.083125,0
19694,0.320927,0
19695,0.270626,1
19696,2.604189,1
19697,2.630743,0
19698,2.19173,0
19699,0.349718,1
19700,0.799716,1
19701,0.509517,0
19702,1.486145,1
19703,0.457372,0
19704,0.902563,0
19705,2.293192,0
19706,0.83113,1
19707,0.198821,1
19708,3.324634,0
19709,0.710609,0
19710,1.871092,1
19711,0.144493,1
19712,0.940849,1
19713,0.185558,1
19714,3.373431,0
19715,1.842216,0
19716,1.950209,0
19717,0.240233,1
19718,0.892891,1
19719,2.157202,0
19720,0.672092,0
19721,1.833955,1
19722,1.260575,0
19723,0.347686,0
19724,0.156772,0
19725,0.421622,1
19726,0.331635,1
19727,1.614932,0
19728,0.251096,1
19729,1.847171,0
19730,2.849743,0
19731,1.493942,1
19732,1.82303,1
19733,0.170985,0
19734,1.569693,0
19735,2.630203,1
19736,2.116871,0
19737,0.508584,1
19738,1.029196,1
19739,4.68536,1
19740,3.964228,0
19741,2.91017,0
19742,0.605224,0
19743,2.821879,0
19744,0.31068,0
19745,3.685229,1
19746,1.939218,0
19747,4.15378,0
19748,0.149066,1
19749,0.523511,0
19750,2.544106,0
19751,1.179992,0
19752,3.447479,0
19753,0.209875,1
19754,0.135693,1
19755,1.568271,0
19756,2.291064,1
19757,4.164424,1
19758,0.305985,1
19759,1.916847,1
19760,0.582981,1
19761,3.070334,1
19762,1.100599,0
19763,0.594692,0
19764,0.427841,0
19765,3.081471,0
19766,0.222157,1
19767,0.257964,1
19768,0.484844,0
19769,1.211841,1
19770,3.099767,0
19771,2.030313,0
19772,0.082009,0
19773,3.273092,0
19774,0.842887,0
19775,0.489534,0
19776,3.902086,1
19777,1.41001,1
19778,0.922306,0
19779,4.764092,0
19780,0.108469,1
19781,0.39096,1
19782,0.300504,0
19783,3.338728,0
19784,0.979631,0
19785,1.948093,0
19786,1.91376,1
19787,1.995216,0
19788,2.190409,0
19789,0.49814,1
19790,2.0988,0
19791,0.154844,1
19792,3.413038,0
19793,0.249589,1
19794,2.547604,0
19795,3.097004,0
19796,0.625701,0
19797,3.072015,1
19798,1.143302,1
19799,0.41869,0
19800,4.169216,1
19801,0.256727,0
19802,2.873228,1
19803,2.872617,0
19804,0.690896,0
19805,0.545775,1
19806,2.620494,0
19807,2.04128,0
19808,2.29438,0
19809,0.901847,0
19810,3.634608,0
19811,0.37816,0
19812,0.993306,1
19813,0.305624,0
19814,0.450348,1
19815,0.429715,1
19816,0.522733,1
19817,0.86112,1
19818,2.57832,0
19819,1.069518,1
19820,0.084204,1
19821,2.544708,0
19822,0.292926,0
19823,1.568561,1
19824,3.583269,0
19825,0.960689,1
19826,0.589117,0
19827,0.390982,0
19828,2.429889,0
19829,2.882334,0
19830,0.390535,0
19831,2.36048,0
19832,0.729424,1
19833,2.403294,1
19834,3.742296,1
19835,3.193929,0
19836,2.511959,0
19837,0.26959,1
19838,2.311845,0
19839,0.514911,0
19840,0.188801,1
19841,0.645827,0
19842,1.210703,1
19843,0.272761,0
19844,1.941236,1
19845,1.033637,0
19846,1.05941,1
19847,0.111392,1
19848,1.227995,0
19849,2.529296,0
19850,3.49665,1
19851,1.629813,0
19852,0.250517,0
19853,2.257231,0
19854,1.325378,1
19855,2.492935,0
19856,0.146192,1
19857,3.690282,0
19858,0.890028,0
19859,1.639801,0
19860,0.90109,0
19861,0.628567,0
19862,2.900675,0
19863,4.049212,0
19864,0.229649,0
19865,1.145701,1
19866,3.61558,1
19867,2.796732,1
19868,1.314735,1
19869,4.214765,1
19870,3.116197,0
19871,4.978016,1
19872,1.159904,1
19873,0.386517,1
19874,2.144398,0
19875,0.596207,1
19876,0.640717,0
19877,2.298758,0
19878,1.01653,0
19879,0.966058,1
19880,0.752788,1
19881,2.853761,0
19882,2.680451,1
19883,2.017212,0
19884,0.16003,0
19885,0.164101,1
19886,0.266981,1
19887,0.348907,1
19888,2.869294,0
19889,1.949814,1
19890,0.185138,1
19891,1.465448,1
19892,3.233015,1
19893,4.569908,0
19894,1.000422,0
19895,4.939202,1
19896,0.296376,1
19897,0.246489,0
19898,2.278771,0
19899,2.186811,0
19900,1.523146,1
19901,0.209548,0
19902,0.180557,1
19903,5.867404,1
19904,1.528429,0
19905,0.177264,1
19906,4.558722,0
19907,1.149909,1
19908,0.377641,1
19909,0.415193,1
19910,0.490156,0
19911,2.103515,0
19912,1.831256,0
19913,3.371403,0
19914,1.250593,0
19915,4.752059,0
19916,0.716036,0
19917,0.550139,0
19918,5.110612,1
19919,1.980945,0
19920,4.17759,0
19921,2.367278,0
19922,0.369863,1
19923,0.232013,1
19924,3.335664,0
19925,0.917523,0
19926,3.362028,1
19927,0.576322,1
19928,1.473628,1
19929,0.330786,0
19930,0.104815,1
19931,0.723818,1
19932,1.572769,1
19933,4.111725,0
19934,0.518669,0
19935,3.664419,0
19936,0.500643,1
19937,0.476828,1
19938,0.261306,0
19939,2.391508,0
19940,4.359775,0
19941,1.312942,0
19942,0.353287,0
19943,0.199795,1
19944,2.147408,1
19945,3.057593,1
19946,0.136862,0
19947,0.774186,0
19948,1.41113,0
19949,2.802166,0
19950,0.209451,0
19951,4.070091,1
19952,5.064672,1
19953,0.334029,1
19954,0.328404,1
19955,2.707955,1
19956,3.708581,0
19957,0.471584,0
19958,2.038867,0
19959,0.24531,0
19960,3.477841,0
19961,2.657361,0
19962,2.58084,0
19963,0.262567,1
19964,3.812767,1
19965,3.659343,0
19966,1.239553,1
19967,1.92631,0
19968,3.352167,0
19969,2.873225,1
19970,4.302587,0
19971,1.467379,1
19972,0.351278,1
19973,3.989649,0
19974,1.849626,1
19975,1.928353,1
19976,2.427659,0
19977,0.398362,1
19978,0.853023,0
19979,3.594942,0
19980,0.213598,0
19981,0.39413,0
19982,0.166533,0
19983,0.508001,0
19984,0.185621,1
19985,0.83173,1
19986,2.944189,1
19987,2.123609,1
19988,3.188488,0
19989,0.812968,1
19990,4.353307,1
19991,2.35947,0
19992,0.964252,0
19993,2.206871,1
19994,0.666792,0
19995,3.024843,1
19996,2.150706,0
19997,2.671702,0
19998,0.163454,0
19999,2.329328,1
20000,0.413504,0
20001,3.515597,1
20002,0.712173,0
20003,1.265,1
20004,0.151232,1
20005,0.244981,0
20006,0.77844,1
20007,5.440763,1
20008,2.101605,1
20009,0.459228,1
20010,1.782538,0
20011,0.613423,0
20012,0.590007,1
20013,0.49678,1
20014,0.535345,1
20015,2.624117,1
20016,2.649287,0
20017,1.920559,0
20018,0.296667,0
20019,0.902667,1
20020,2.42633,0
20021,0.461352,1
20022,1.671893,0
20023,3.330057,0
20024,3.59657,1
20025,4.10199,0
20026,0.698335,0
20027,3.675854,1
20028,2.893016,0
20029,0.770908,1
20030,1.378202,1
20031,2.826131,0
20032,1.398757,1
20033,0.397827,0
20034,2.402472,1
20035,0.200182,1
20036,0.45335,1
20037,0.355391,0
20038,0.56484,1
20039,2.066209,1
20040,3.107854,0
20041,3.57522,0
20042,1.130608,0
20043,3.068381,0
20044,0.466433,0
20045,4.675356,1
20046,4.220953,1
20047,2.733972,0
20048,0.166559,1
20049,0.849651,1
20050,2.939079,0
20051,2.603845,1
20052,2.861228,1
20053,0.436543,1
20054,1.749539,0
20055,3.198043,1
20056,2.816592,1
20057,3.964792,1
20058,3.628348,1
20059,1.036168,0
20060,1.411505,0
20061,0.73768,1
20062,0.934252,0
20063,4.452439,1
20064,0.284434,0
20065,0.429477,0
20066,0.620338,1
20067,3.404629,0
20068,3.364929,0
20069,4.590107,0
20070,0.39355,0
20071,1.892492,0
20072,0.935796,1
20073,2.051483,0
20074,0.505963,1
20075,1.33056,1
20076,3.997838,0
20077,0.74386,1
20078,2.858469,0
20079,0.662708,1
20080,2.230102,0
20081,2.163185,0
20082,0.301022,1
20083,1.214983,1
20084,0.162683,0
20085,0.422259,1
20086,2.717351,0
20087,3.892388,0
20088,0.820819,1
20089,0.422574,0
20090,0.278768,1
20091,1.303274,1
20092,1.198619,1
20093,0.925587,0
20094,0.269213,1
20095,1.311249,1
20096,0.142059,1
20097,0.5884,0
20098,1.0018,0
20099,4.739635,1
20100,0.582482,0
20101,0.482744,1
20102,2.937647,0
20103,1.465021,0
20104,0.274235,0
20105,1.222123,0
20106,2.388683,0
20107,0.386788,0
20108,1.738339,0
20109,2.126871,0
20110,0.220169,1
20111,0.372961,0
20112,1.967043,1
20113,0.501003,0
20114,0.575705,1
20115,3.410474,0
20116,4.060774,0
20117,2.146021,0
20118,0.778235,1
20119,1.256142,0
20120,2.22846,1
20121,0.108602,0
20122,0.787997,1
20123,1.250446,1
20124,0.437381,1
20125,0.69245,1
20126,1.540446,0
20127,0.266308,1
20128,1.944798,1
20129,0.433768,1
20130,0.442194,1
20131,0.652868,1
20132,0.321257,1
20133,1.013705,0
20134,4.353242,1
20135,3.52197,1
20136,2.817737,1
20137,2.023129,0
20138,4.189448,1
20139,0.627852,1
20140,3.316175,0
20141,0.623535,0
20142,4.128644,0
20143,4.403167,1
20144,1.64686,0
20145,0.756819,0
20146,0.667532,1
20147,0.878525,1
20148,3.806464,0
20149,1.358996,0
20150,2.740057,0
20151,0.484884,1
20152,2.00726,0
20153,3.463321,1
20154,1.460021,1
20155,0.168363,1
20156,2.052823,0
20157,0.199074,0
20158,0.442332,1
20159,0.204863,0
20160,0.43773,1
20161,1.144203,0
20162,0.347262,0
20163,2.810975,0
20164,3.071546,0
20165,1.12051,1
20166,4.134557,0
20167,2.302889,0
20168,1.171148,1
20169,1.233309,1
20170,0.496295,0
20171,0.659083,1
20172,0.48497,0
20173,0.150509,1
20174,1.155756,0
20175,1.896634,0
20176,0.750471,1
20177,1.719359,1
20178,0.175201,0
20179,1.123112,0
20180,1.75638,0
20181,0.165824,0
20182,2.42195,1
20183,1.921021,1
20184,1.386714,1
20185,0.695629,1
20186,0.138098,0
20187,2.49382,0
20188,2.403807,0
20189,5.794217,1
20190,1.03781,1
20191,0.736196,1
20192,0.55476,0
20193,0.123715,1
20194,1.651517,0
20195,0.339786,1
20196,0.362389,1
20197,2.718908,1
20198,0.467904,0
20199,2.950293,0
20200,1.249492,0
20201,3.748179,1
20202,0.093609,0
20203,4.846103,1
20204,0.232918,1
20205,2.091524,0
20206,0.338921,0
20207,3.192524,0
20208,2.468393,0
20209,0.179103,1
20210,0.101684,0
20211,4.547241,1
20212,0.772864,0
20213,5.288634,1
20214,1.527238,1
20215,2.362904,0
20216,1.418725,0
20217,0.672989,1
20218,0.079387,0
20219,0.916388,1
20220,0.541199,1
20221,0.830591,0
20222,0.792252,1
20223,4.522868,0
20224,4.548065,1
20225,2.300174,1
20226,4.481235,0
20227,2.279771,0
20228,2.242199,0
20229,3.596699,1
20230,0.510438,1
20231,2.843433,0
20232,0.472447,0
20233,0.179413,1
20234,0.276284,1
20235,4.858346,1
20236,0.091833,0
20237,2.264021,0
20238,0.349472,1
20239,0.743725,0
20240,0.317334,0
20241,2.642835,1
20242,0.64009,0
20243,2.79593,0
20244,0.403429,1
20245,0.566955,0
20246,1.944045,0
20247,4.269258,1
20248,0.15637,1
20249,3.45534,1
20250,1.651184,0
20251,0.150426,0
20252,2.540173,1
20253,1.941803,1
20254,3.513918,1
20255,1.176728,1
20256,2.766755,1
20257,1.0555,1
20258,2.071888,0
20259,0.127413,0
20260,0.948964,1
20261,4.145836,1
20262,0.16239,0
20263,0.168751,1
20264,2.332309,1
20265,0.677666,1
20266,2.601963,0
20267,1.296788,1
20268,3.983464,1
20269,2.602845,1
20270,0.620091,0
20271,2.755139,0
20272,1.55321,0
20273,0.760522,1
20274,2.186055,1
20275,2.305831,0
20276,3.637831,0
20277,1.90216,0
20278,2.02243,1
20279,0.227137,0
20280,2.34772,0
20281,2.247412,0
20282,2.37689,0
20283,0.302822,1
20284,2.439166,0
20285,2.405469,0
20286,1.446035,0
20287,0.239171,1
20288,2.670321,0
20289,0.345284,0
20290,0.590687,1
20291,1.667378,1
20292,0.627467,1
20293,1.160317,1
20294,0.94223,0
20295,2.762035,0
20296,2.116303,1
20297,1.052241,1
20298,0.314591,0
20299,2.420524,0
20300,0.422366,0
20301,0.710117,0
20302,2.866255,1
20303,2.865163,0
20304,0.473198,0
20305,1.007607,1
20306,3.566959,0
20307,0.117495,0
20308,0.800083,1
20309,1.214474,1
20310,0.953969,0
20311,1.169518,0
20312,0.84556,1
20313,2.443562,0
20314,3.704685,1
20315,2.672115,0
20316,2.91573,0
20317,3.105395,1
20318,2.68412,0
20319,3.602629,1
20320,4.147059,0
20321,3.635553,0
20322,0.242192,1
20323,1.920337,0
20324,0.182176,1
20325,0.163722,0
20326,3.364442,0
20327,1.205725,1
20328,0.167164,0
20329,0.568941,0
20330,4.571637,1
20331,3.569891,1
20332,1.889797,0
20333,4.097088,0
20334,0.244406,1
20335,0.484916,1
20336,2.747135,0
20337,0.439513,1
20338,0.766241,1
20339,2.571973,0
20340,0.349233,1
20341,1.480644,0
20342,0.234928,0
20343,0.236826,1
20344,1.220509,0
20345,0.342455,0
20346,0.772693,0
20347,0.371867,1
20348,1.374461,1
20349,0.961697,0
20350,4.354151,0
20351,1.781455,1
20352,1.197258,1
20353,1.985481,0
20354,2.825677,1
20355,0.627502,0
20356,1.516848,0
20357,0.429265,0
20358,0.209805,1
20359,4.217299,1
20360,3.15732,0
20361,0.321024,1
20362,0.137623,0
20363,0.180219,1
20364,4.107681,0
20365,4.989052,1
20366,0.529616,0
20367,3.62797,1
20368,1.458268,0
20369,3.259527,0
20370,5.027746,1
20371,3.26955,1
20372,1.283081,1
20373,0.475778,0
20374,0.901908,1
20375,3.831992,0
20376,2.373315,0
20377,1.058193,0
20378,0.394521,0
20379,0.696516,1
20380,0.843574,0
20381,4.81185,0
20382,1.285411,1
20383,0.598537,0
20384,3.3055,1
20385,0.58173,0
20386,1.967088,0
20387,1.722767,1
20388,3.017916,1
20389,0.260071,1
20390,1.173002,0
20391,0.646126,0
20392,0.314418,1
20393,0.334392,0
20394,2.438229,0
20395,1.039818,0
20396,0.610268,1
20397,0.261168,0
20398,0.2366,1
20399,0.370363,0
20400,2.693781,1
20401,0.470307,0
20402,2.942361,0
20403,0.44955,0
20404,1.578004,1
20405,0.787169,0
20406,2.739617,1
20407,0.497643,1
20408,0.174375,1
20409,0.632016,1
20410,0.377949,0
20411,1.811244,0
20412,1.878492,0
20413,0.220837,1
20414,0.899363,1
20415,0.181257,0
20416,0.811871,0
20417,0.91121,1
20418,4.657384,1
20419,2.06133,1
20420,0.286897,0
20421,2.059801,0
20422,3.439509,0
20423,3.721452,0
20424,1.761197,1
20425,0.667273,1
20426,0.220217,1
20427,1.649502,0
20428,0.975845,0
20429,2.137603,0
20430,2.410709,0
20431,0.864108,1
20432,2.598564,1
20433,2.273831,1
20434,2.62005,1
20435,2.672821,0
20436,0.5872,1
20437,0.152128,0
20438,0.309362,1
20439,2.073974,0
20440,0.599196,0
20441,0.364313,1
20442,0.630174,0
20443,0.947479,0
20444,0.079107,1
20445,2.110178,1
20446,2.282126,0
20447,1.61487,1
20448,0.83585,0
20449,1.517901,1
20450,0.879396,0
20451,1.57043,0
20452,2.117189,0
20453,2.600085,0
20454,3.765635,1
20455,4.051922,1
20456,0.148431,0
20457,0.541013,1
20458,2.909198,0
20459,1.932694,0
20460,0.076495,0
20461,4.266793,0
20462,0.125155,0
20463,1.99997,1
20464,0.434227,1
20465,2.099138,1
20466,0.770684,0
20467,1.812137,0
20468,2.436753,0
20469,0.146714,0
20470,0.11296,1
20471,0.260385,1
20472,4.722878,0
20473,4.715229,0
20474,4.945597,1
20475,3.00602,0
20476,1.946699,1
20477,2.426127,0
20478,2.699745,0
20479,1.868199,1
20480,3.078096,0
20481,3.177109,1
20482,2.990941,0
20483,0.217556,1
20484,0.479389,0
20485,2.243618,0
20486,1.435641,0
20487,3.948471,0
20488,0.193549,1
20489,0.985767,0
20490,1.535167,0
20491,0.363017,0
20492,0.181706,1
20493,0.710657,1
20494,0.177544,1
20495,0.92828,1
20496,1.021209,1
20497,0.582739,1
20498,4.289866,1
20499,0.254005,1
20500,0.502674,1
20501,0.998679,0
20502,2.764567,0
20503,3.136219,0
20504,2.339422,0
20505,3.069041,0
20506,0.119339,1
20507,0.762729,1
20508,0.225914,0
20509,0.71422,0
20510,0.835583,1
20511,0.904564,1
20512,0.279552,1
20513,0.365369,1
20514,0.652123,1
20515,0.375477,1
20516,1.139069,0
20517,0.508066,0
20518,2.398739,1
20519,0.341086,1
20520,0.695656,1
20521,2.733777,0
20522,0.397535,0
20523,0.152496,1
20524,4.809726,1
20525,1.802444,1
20526,5.399113,0
20527,0.345101,1
20528,2.77219,1
20529,2.198062,1
20530,2.081842,1
20531,0.208099,0
20532,3.668897,1
20533,0.105515,1
20534,2.373512,0
20535,2.227045,0
20536,1.285656,0
20537,0.466452,0
20538,0.408008,0
20539,3.407956,1
20540,3.178687,1
20541,4.953372,1
20542,4.048972,1
20543,0.299229,0
20544,0.666552,1
20545,4.527468,0
20546,2.368572,0
20547,1.063926,0
20548,2.962297,0
20549,2.078916,1
20550,0.512066,1
20551,0.680848,1
20552,2.738584,0
20553,3.64971,0
20554,0.202441,0
20555,1.706035,0
20556,0.29258,0
20557,0.297243,0
20558,0.147754,1
20559,2.331259,0
20560,4.338024,1
20561,0.43888,1
20562,0.412152,1
20563,1.39766,0
20564,0.37235,0
20565,0.901273,0
20566,1.393241,0
20567,0.334894,0
20568,3.540038,1
20569,3.494953,0
20570,0.285326,1
20571,3.199681,0
20572,0.268984,0
20573,1.583739,0
20574,1.059395,1
20575,1.4295,0
20576,0.766632,1
20577,3.226705,1
20578,3.073405,1
20579,1.09963,1
20580,1.530475,1
20581,0.642567,1
20582,2.627328,0
20583,1.322773,0
20584,0.240514,0
20585,0.170433,1
20586,1.994109,0
20587,0.202608,1
20588,1.760708,0
20589,1.666325,0
20590,4.240445,0
20591,0.333646,1
20592,0.314219,1
20593,1.425282,0
20594,1.938711,1
20595,2.916369,1
20596,0.432933,0
20597,0.286261,0
20598,0.812963,1
20599,0.620078,0
20600,1.829966,0
20601,0.546862,1
20602,0.446579,1
20603,0.668647,1
20604,1.400656,0
20605,1.081986,0
20606,1.44636,0
20607,2.0467,0
20608,0.897747,1
20609,2.118927,0
20610,0.446474,1
20611,0.477606,1
20612,1.767251,0
20613,0.374696,1
20614,5.107617,1
20615,0.433137,1
20616,0.239084,1
20617,3.224388,0
20618,2.395719,0
20619,4.721728,1
20620,3.219319,0
20621,0.831979,1
20622,0.71752,0
20623,3.047761,0
20624,0.727262,1
20625,0.411882,1
20626,1.923394,0
20627,0.475993,1
20628,0.5871,1
20629,0.193109,1
20630,0.754287,1
20631,0.178652,1
20632,0.324188,0
20633,1.122101,0
20634,3.047225,0
20635,0.316218,1
20636,0.917339,1
20637,0.58005,1
20638,0.339355,1
20639,0.290402,1
20640,1.381788,1
20641,2.912181,1
20642,2.973739,0
20643,1.066561,1
20644,1.021435,1
20645,1.547124,1
20646,0.430708,0
20647,2.491406,0
20648,3.574981,1
20649,0.430124,0
20650,1.69934,0
20651,3.870005,1
20652,1.966071,1
20653,1.127151,0
20654,0.166045,1
20655,1.834054,1
20656,0.532183,0
20657,0.249447,0
20658,4.580094,1
20659,0.140253,1
20660,0.706282,1
20661,2.030974,0
20662,0.279646,0
20663,2.28327,0
20664,3.343132,1
20665,1.148745,1
20666,0.135728,0
20667,0.213967,0
20668,0.270509,0
20669,4.740946,1
20670,3.992851,0
20671,1.043189,0
20672,0.149652,1
20673,0.985872,0
20674,0.533421,0
20675,0.325545,1
20676,0.214261,1
20677,2.17529,0
20678,0.163204,1
20679,4.501114,1
20680,0.377474,1
20681,0.634777,0
20682,0.398058,1
20683,3.506294,0
20684,2.848451,0
20685,0.330465,0
20686,4.851898,0
20687,0.416661,1
20688,4.24805,0
20689,2.427124,0
20690,2.554315,0
20691,0.854463,0
20692,3.251017,1
20693,3.676016,1
20694,0.551123,0
20695,0.291613,0
20696,0.730789,1
20697,0.575169,0
20698,1.423362,0
20699,1.966273,0
20700,2.385946,0
20701,0.328183,1
20702,0.263375,1
20703,1.777666,1
20704,2.362295,1
20705,0.260795,1
20706,0.70446,1
20707,5.581094,0
20708,1.087664,0
20709,3.195513,1
20710,1.285943,0
20711,0.107672,1
20712,0.700846,1
20713,0.305867,0
20714,2.664873,0
20715,0.520206,0
20716,0.31936,1
20717,0.799413,0
20718,1.764834,1
20719,2.569501,0
20720,0.78785,0
20721,0.690064,0
20722,0.110225,0
20723,2.400222,1
20724,0.090061,1
20725,1.275951,1
20726,2.56521,1
20727,0.680551,0
20728,3.372553,0
20729,3.633474,1
20730,2.185523,0
20731,1.020718,1
20732,0.587432,1
20733,0.824409,1
20734,2.531666,0
20735,0.114224,1
20736,1.298781,0
20737,2.810456,0
20738,4.149444,0
20739,0.933603,0
20740,1.650664,0
20741,0.296636,1
20742,4.070329,1
20743,0.09447,1
20744,0.588529,0
20745,0.693254,0
20746,1.239467,0
20747,0.966078,1
20748,0.638646,0
20749,3.11698,1
20750,0.623312,0
20751,0.305686,1
20752,0.222727,0
20753,3.775968,0
20754,3.968309,1
20755,2.801865,0
20756,2.332357,0
20757,1.13512,1
20758,3.058995,0
20759,0.598546,0
20760,1.45767,1
20761,0.440612,0
20762,0.619238,0
20763,1.860236,0
20764,3.30888,0
20765,0.818288,1
20766,0.406718,0
20767,0.587734,1
20768,2.740236,1
20769,1.252846,0
20770,0.410138,0
20771,0.950198,1
20772,0.981543,1
20773,1.66405,1
20774,3.479107,0
20775,0.718305,0
20776,2.761342,1
20777,2.425157,0
20778,2.643336,1
20779,0.226053,0
20780,1.096219,1
20781,2.935854,1
20782,0.596961,1
20783,1.595889,0
20784,0.197523,1
20785,1.870348,0
20786,0.427243,0
20787,0.830689,1
20788,0.177646,1
20789,0.325636,1
20790,0.214251,0
20791,1.240799,1
20792,5.504272,1
20793,2.029157,1
20794,0.390968,1
20795,2.724538,0
20796,4.096054,0
20797,1.420871,0
20798,2.410092,1
20799,0.279254,0
20800,0.197606,0
20801,0.398308,0
20802,0.687671,1
20803,1.063008,1
20804,2.74723,0
20805,3.502137,1
20806,4.368958,1
20807,2.701542,0
20808,0.867065,0
20809,0.348338,1
20810,0.887652,1
20811,3.807125,1
20812,2.456268,0
20813,2.10148,1
20814,1.983438,1
20815,3.793368,1
20816,0.748289,1
20817,1.111177,1
20818,0.189571,1
20819,0.839649,1
20820,1.822538,1
20821,2.56144,0
20822,0.380276,1
20823,4.533893,0
20824,0.129181,0
20825,2.075631,0
20826,2.656453,0
20827,0.492108,0
20828,0.476317,1
20829,0.268392,0
20830,0.39466,1
20831,3.108841,0
20832,0.301843,0
20833,0.473605,0
20834,2.995451,0
20835,0.873043,0
20836,1.790849,1
20837,1.431241,0
20838,3.648918,0
20839,2.332461,1
20840,0.257809,1
20841,0.193396,1
20842,0.354432,1
20843,2.800753,0
20844,2.413055,0
20845,3.89991,0
20846,0.103828,0
20847,0.469519,1
20848,1.369191,0
20849,2.517388,1
20850,1.243248,0
20851,0.173994,1
20852,3.108211,0
20853,0.121421,0
20854,0.963177,0
20855,0.268231,1
20856,0.085582,0
20857,1.721197,0
20858,0.824946,0
20859,2.63056,0
20860,1.552847,0
20861,0.652774,1
20862,1.106352,1
20863,0.352078,0
20864,2.55916,0
20865,0.756823,0
20866,5.723609,1
20867,0.756043,1
20868,3.164976,1
20869,0.127032,1
20870,0.900332,0
20871,1.084957,0
20872,2.453006,0
20873,2.525439,0
20874,0.339883,0
20875,2.755458,0
20876,1.294351,0
20877,1.083723,0
20878,0.387826,1
20879,0.517269,1
20880,3.740198,0
20881,0.589436,1
20882,0.129362,0
20883,0.470144,0
20884,0.118069,0
20885,3.208592,0
20886,0.809633,1
20887,1.616488,0
20888,0.72726,0
20889,1.921981,0
20890,0.176971,0
20891,4.172952,0
20892,1.010925,1
20893,0.802217,0
20894,2.112357,1
20895,3.399815,0
20896,0.5719,1
20897,0.545263,0
20898,3.01589,1
20899,2.160272,0
20900,2.301512,0
20901,1.207443,0
20902,3.886496,0
20903,1.158047,1
20904,3.909963,1
20905,2.557274,0
20906,3.420264,1
20907,0.17194,0
20908,1.195207,0
20909,5.283701,1
20910,4.419916,0
20911,0.803813,1
20912,0.72721,0
20913,3.853142,0
20914,0.786444,0
20915,0.645198,1
20916,3.798575,1
20917,0.23303,1
20918,0.424668,1
20919,1.68461,1
20920,1.351123,1
20921,0.464461,0
20922,0.477828,0
20923,1.733355,1
20924,0.64856,1
20925,2.210271,1
20926,0.797639,0
20927,3.562014,0
20928,2.311962,0
20929,0.543909,1
20930,0.199541,1
20931,3.157418,0
20932,2.939553,1
20933,3.558085,1
20934,0.821164,1
20935,1.875923,0
20936,0.21118,1
20937,0.295646,1
20938,4.390329,1
20939,0.080755,0
20940,1.721386,1
20941,0.529819,1
20942,0.398355,1
20943,3.832928,0
20944,0.570854,1
20945,0.416342,1
20946,1.766709,0
20947,1.304087,0
20948,0.408851,1
20949,2.370084,0
20950,2.569072,0
20951,2.779636,1
20952,4.169465,0
20953,2.490586,0
20954,0.93498,1
20955,0.44961,0
20956,0.156116,1
20957,1.244012,0
20958,0.115574,1
20959,0.413787,0
20960,5.079711,1
20961,1.076449,0
20962,2.883899,0
20963,2.838191,0
20964,2.657756,1
20965,2.970522,0
20966,0.276643,0
20967,0.317022,0
20968,0.100743,0
20969,0.234214,0
20970,4.077773,0
20971,2.941923,1
20972,1.389127,0
20973,1.135436,1
20974,1.471431,0
20975,0.329348,0
20976,2.468634,0
20977,0.257629,1
20978,3.107411,0
20979,1.468964,1
20980,0.292194,0
20981,1.611647,1
20982,0.663282,1
20983,1.558113,0
20984,0.772153,0
20985,0.190912,1
20986,2.202688,0
20987,3.018712,0
20988,0.44518,1
20989,3.826774,0
20990,1.134895,0
20991,1.816291,1
20992,1.103467,1
20993,3.000962,1
20994,3.717081,1
20995,0.338897,0
20996,1.671342,1
20997,2.172163,0
20998,2.703125,0
20999,2.536309,0
21000,2.636402,0
21001,0.45552,0
21002,0.47449,0
21003,4.492762,0
21004,0.34646,1
21005,0.193935,1
21006,3.359843,0
21007,0.178385,0
21008,5.085003,1
21009,2.948987,0
21010,0.979025,0
21011,1.871263,1
21012,2.262584,0
21013,2.047758,0
21014,2.155481,0
21015,4.223126,0
21016,0.490088,0
21017,0.167056,1
21018,0.548226,0
21019,2.896044,0
21020,0.079512,1
21021,0.534471,0
21022,2.619363,1
21023,2.93078,1
21024,3.541449,0
21025,4.728295,1
21026,0.345622,1
21027,1.657166,1
21028,0.273408,1
21029,1.97251,1
21030,3.741966,1
21031,0.137479,0
21032,4.559379,1
21033,2.522464,0
21034,2.682633,0
21035,2.556609,1
21036,0.305768,0
21037,0.881746,0
21038,0.476192,0
21039,0.423294,0
21040,2.100006,0
21041,0.539159,1
21042,2.198499,1
21043,0.448814,0
21044,1.548772,0
21045,0.575771,0
21046,2.844471,0
21047,0.225958,1
21048,3.05058,1
21049,0.402744,0
21050,2.221185,0
21051,0.457495,1
21052,0.420372,0
21053,0.224136,1
21054,0.443189,1
21055,0.867785,0
21056,2.634506,0
21057,0.78736,1
21058,1.222156,1
21059,3.473935,1
21060,2.468416,0
21061,1.48243,0
21062,2.263419,0
21063,1.343738,1
21064,2.306825,0
21065,2.521673,0
21066,2.534226,0
21067,2.388308,1
21068,5.06765,1
21069,0.236294,0
21070,0.866393,0
21071,2.465348,0
21072,2.341833,0
21073,4.198328,0
21074,2.466711,1
21075,0.391564,1
21076,2.456746,0
21077,0.506369,0
21078,1.247126,0
21079,0.215708,0
21080,2.292515,0
21081,1.402258,0
21082,0.294033,1
21083,2.896988,0
21084,0.22205,1
21085,0.265723,0
21086,2.666682,0
21087,0.456197,1
21088,4.163217,1
21089,3.237965,0
21090,2.869611,1
21091,1.692567,1
21092,0.388211,1
21093,0.314253,0
21094,2.286421,1
21095,3.133587,1
21096,0.314551,1
21097,2.80443,0
21098,0.642508,1
21099,4.526057,0
21100,0.493492,1
21101,4.45497,0
21102,2.731151,0
21103,1.709812,0
21104,1.202291,0
21105,0.589038,0
21106,4.242056,1
21107,2.460591,0
21108,3.638579,0
21109,0.807632,1
21110,2.467859,0
21111,0.955838,1
21112,0.159045,1
21113,0.242073,1
21114,0.542545,0
21115,0.538562,1
21116,0.624511,0
21117,3.689502,1
21118,0.903533,0
21119,4.499708,1
21120,0.932538,0
21121,2.947895,1
21122,1.576321,1
21123,2.679017,1
21124,0.560447,0
21125,3.759921,0
21126,4.223983,1
21127,0.313396,1
21128,6.381397,1
21129,1.745095,0
21130,0.278609,1
21131,2.997988,1
21132,0.509039,1
21133,3.147233,0
21134,0.125179,0
21135,0.166661,1
21136,1.194353,1
21137,0.785045,1
21138,2.636911,0
21139,0.287749,1
21140,1.184909,0
21141,1.634691,1
21142,0.525228,1
21143,2.574229,1
21144,0.380205,0
21145,0.566423,1
21146,2.681079,1
21147,2.53098,0
21148,3.100087,1
21149,0.824835,0
21150,0.299082,1
21151,1.023478,0
21152,0.496762,1
21153,1.022717,0
21154,1.714641,0
21155,2.10835,1
21156,2.397826,0
21157,2.558904,0
21158,0.385839,1
21159,0.419557,1
21160,0.737414,0
21161,3.838324,0
21162,2.731612,1
21163,0.223216,0
21164,0.69512,0
21165,2.986055,0
21166,1.746413,0
21167,2.978762,0
21168,0.924937,1
21169,0.525093,1
21170,0.673398,0
21171,0.511556,0
21172,0.34251,1
21173,0.426361,0
21174,2.049376,0
21175,0.265906,0
21176,0.453661,1
21177,0.767603,1
21178,2.821657,0
21179,1.864389,0
21180,2.634041,1
21181,0.547807,1
21182,0.393868,1
21183,1.978565,1
21184,3.529485,1
21185,1.180551,1
21186,2.477632,0
21187,2.581247,1
21188,2.277566,1
21189,2.565177,1
21190,0.248893,1
21191,1.286621,1
21192,1.279653,0
21193,0.534045,1
21194,0.266215,1
21195,1.927516,0
21196,0.531619,1
21197,0.443216,0
21198,0.514791,0
21199,1.768453,0
21200,4.095419,0
21201,1.343482,1
21202,1.995303,0
21203,2.018831,0
21204,0.923653,0
21205,0.399115,0
21206,0.714663,0
21207,1.107483,1
21208,1.760409,1
21209,1.6865,0
21210,2.425224,1
21211,1.163886,0
21212,1.818735,0
21213,0.921337,1
21214,3.538703,1
21215,2.750703,0
21216,1.914679,0
21217,1.525843,1
21218,0.719143,1
21219,0.66719,1
21220,0.095508,1
21221,4.228351,0
21222,0.565087,1
21223,2.95785,1
21224,4.372095,0
21225,5.082506,1
21226,1.170404,0
21227,0.508703,1
21228,1.382446,0
21229,3.909765,1
21230,0.611378,0
21231,2.581562,1
21232,1.933833,0
21233,0.487216,0
21234,1.531903,0
21235,2.730544,1
21236,3.160261,0
21237,2.080659,0
21238,0.444831,0
21239,1.843633,1
21240,0.460115,1
21241,0.184098,0
21242,0.397695,1
21243,3.012751,1
21244,1.054989,0
21245,0.679539,1
21246,1.064553,0
21247,0.308472,0
21248,0.381615,0
21249,0.500057,0
21250,0.451396,0
21251,3.528719,1
21252,0.328697,0
21253,1.75157,0
21254,4.316067,0
21255,4.309063,1
21256,2.827937,0
21257,0.413538,0
21258,4.274415,1
21259,1.79899,0
21260,1.087348,0
21261,4.508919,1
21262,0.132684,1
21263,1.662221,1
21264,4.29847,0
21265,0.552462,1
21266,0.876314,1
21267,0.239495,1
21268,3.34224,1
21269,0.38931,0
21270,0.632978,0
21271,3.784575,0
21272,0.775343,0
21273,3.109339,0
21274,0.16709,1
21275,1.24157,1
21276,1.43252,1
21277,1.839682,0
21278,4.943098,1
21279,0.175078,0
21280,1.523611,0
21281,0.545318,1
21282,0.890168,0
21283,0.553338,0
21284,1.994633,1
21285,2.410978,0
21286,1.276028,1
21287,0.719259,1
21288,0.230037,1
21289,0.586255,1
21290,0.677558,0
21291,0.506058,0
21292,2.177338,1
21293,1.108209,0
21294,0.871459,1
21295,1.75583,1
21296,0.242237,1
21297,0.336583,1
21298,1.397931,0
21299,0.513326,0
21300,5.315909,1
21301,5.05239,1
21302,0.822154,1
21303,2.599161,0
21304,0.111806,1
21305,1.1408,0
21306,0.563259,1
21307,3.874031,0
21308,1.419752,1
21309,3.324376,1
21310,2.02846,1
21311,0.469524,1
21312,0.560064,1
21313,0.47774,1
21314,3.070781,0
21315,0.926166,1
21316,2.039754,0
21317,2.958389,1
21318,2.371869,0
21319,2.861722,0
21320,1.855719,0
21321,1.209023,1
21322,2.229216,0
21323,0.513136,0
21324,0.54418,0
21325,0.542686,0
21326,0.388616,1
21327,0.227684,1
21328,2.017458,1
21329,1.440032,0
21330,2.50751,1
21331,2.718817,1
21332,3.776119,1
21333,1.398242,1
21334,1.559281,1
21335,0.463874,0
21336,2.239012,0
21337,0.46309,1
21338,0.187669,1
21339,1.850693,0
21340,1.334049,0
21341,1.93395,0
21342,0.713158,1
21343,0.574936,0
21344,3.80564,1
21345,0.796172,0
21346,3.543108,0
21347,0.15032,1
21348,0.899001,1
21349,1.989574,0
21350,2.96806,0
21351,2.260324,0
21352,0.395846,0
21353,1.35868,0
21354,3.597438,1
21355,0.459933,1
21356,0.163425,1
21357,2.496347,0
21358,0.197898,0
21359,0.514436,0
21360,0.134031,0
21361,1.225576,0
21362,0.343136,1
21363,0.425666,1
21364,1.65272,0
21365,0.632593,0
21366,3.892417,0
21367,1.440835,0
21368,4.599377,1
21369,2.010092,1
21370,2.89076,0
21371,2.658881,0
21372,3.04842,1
21373,0.817276,1
21374,0.306811,1
21375,1.283525,1
21376,0.375243,0
21377,3.615517,1
21378,0.200988,1
21379,5.533792,0
21380,0.165932,1
21381,3.671683,1
21382,1.928112,0
21383,1.838294,0
21384,0.621523,1
21385,1.901248,1
21386,0.423281,0
21387,1.845513,1
21388,3.186077,0
21389,0.337547,0
21390,0.259514,1
21391,1.426625,1
21392,1.625962,0
21393,2.256718,0
21394,3.602687,0
21395,0.630656,1
21396,0.679497,1
21397,0.111827,0
21398,1.550776,0
21399,0.550747,0
21400,0.407484,0
21401,0.603822,1
21402,0.169929,1
21403,2.809449,0
21404,1.346971,0
21405,1.904312,0
21406,2.461606,1
21407,0.554296,1
21408,0.563289,0
21409,2.070863,0
21410,0.556269,1
21411,0.56866,1
21412,2.444034,1
21413,1.842579,0
21414,0.211462,1
21415,3.557587,0
21416,1.549096,1
21417,0.764121,1
21418,3.406881,0
21419,2.14327,0
21420,2.684925,0
21421,1.087997,0
21422,0.227487,0
21423,0.759627,0
21424,1.980775,0
21425,1.291516,1
21426,0.432915,0
21427,0.4627,1
21428,1.987261,0
21429,0.273661,1
21430,0.256139,1
21431,2.024034,0
21432,2.493725,0
21433,0.548615,0
21434,1.458158,0
21435,0.691612,1
21436,1.750145,1
21437,0.241929,1
21438,2.005142,0
21439,0.912948,1
21440,0.342891,0
21441,0.834937,0
21442,2.709769,0
21443,4.136423,0
21444,4.405188,1
21445,0.501913,1
21446,3.350714,0
21447,0.628129,0
21448,0.43278,1
21449,1.411356,0
21450,3.41085,1
21451,2.249873,0
21452,0.66312,1
21453,2.224177,1
21454,3.603907,0
21455,1.760845,0
21456,0.206542,0
21457,3.227456,0
21458,1.712025,0
21459,3.257246,1
21460,2.256312,0
21461,0.552033,0
21462,0.761633,1
21463,5.55831,0
21464,0.586207,0
21465,3.183828,0
21466,0.38854,0
21467,0.352807,1
21468,0.767725,1
21469,0.237014,1
21470,0.450695,1
21471,1.915828,1
21472,3.14618,0
21473,2.301221,0
21474,4.89692,1
21475,0.863127,0
21476,0.947556,0
21477,0.323436,0
21478,0.232929,1
21479,0.246867,0
21480,2.645056,1
21481,0.476216,0
21482,2.861789,0
21483,1.252632,1
21484,3.016475,0
21485,1.241066,0
21486,4.505768,0
21487,0.924078,0
21488,0.424106,1
21489,0.105768,1
21490,2.224221,0
21491,0.390626,0
21492,2.4058,0
21493,3.669368,1
21494,1.731152,0
21495,0.455472,0
21496,3.071809,0
21497,0.498482,0
21498,0.887792,0
21499,1.609871,0
21500,0.242388,1
21501,0.513225,0
21502,0.066019,1
21503,0.473919,1
21504,1.398775,0
21505,0.166239,0
21506,3.288814,1
21507,1.449942,1
21508,4.458876,0
21509,0.620819,0
21510,1.169776,1
21511,0.296673,0
21512,1.909561,0
21513,0.150085,0
21514,0.367147,1
21515,0.300534,0
21516,0.238928,1
21517,0.388094,0
21518,3.701131,1
21519,2.065444,0
21520,0.651806,0
21521,3.104051,1
21522,4.531462,1
21523,0.447195,0
21524,0.298607,0
21525,0.529391,1
21526,1.309979,1
21527,0.276502,0
21528,1.092496,1
21529,0.178922,0
21530,1.829676,0
21531,2.411405,0
21532,2.157823,0
21533,1.008619,1
21534,4.324038,0
21535,0.213309,1
21536,0.765595,1
21537,0.740398,1
21538,0.248184,0
21539,0.665419,1
21540,1.144044,0
21541,0.550189,1
21542,1.029024,0
21543,4.283074,1
21544,3.338132,0
21545,3.500873,0
21546,0.896522,1
21547,2.266802,0
21548,2.61144,1
21549,0.782993,1
21550,3.141212,1
21551,0.581843,1
21552,3.80583,0
21553,1.815164,0
21554,2.169684,1
21555,0.523349,0
21556,1.069367,1
21557,3.875562,1
21558,0.216863,1
21559,0.513748,1
21560,0.473965,1
21561,0.225798,0
21562,3.691929,0
21563,5.881004,1
21564,0.625813,1
21565,0.159344,1
21566,1.523882,0
21567,0.517877,1
21568,1.317776,1
21569,1.095477,0
21570,0.726522,0
21571,3.33732,0
21572,4.151246,1
21573,1.221788,1
21574,1.870285,0
21575,3.695695,0
21576,0.317714,1
21577,2.444592,0
21578,2.564814,0
21579,0.357635,1
21580,0.79215,0
21581,1.373312,1
21582,1.394018,1
21583,2.544663,0
21584,1.372525,0
21585,2.534009,1
21586,1.351206,0
21587,1.429253,0
21588,1.312637,0
21589,2.884346,0
21590,0.338822,0
21591,0.954436,1
21592,3.361841,1
21593,0.512569,1
21594,0.465125,0
21595,2.430151,1
21596,2.289927,1
21597,1.074458,1
21598,2.460175,1
21599,0.523233,0
21600,0.186814,1
21601,3.752091,0
21602,0.313673,1
21603,0.344744,1
21604,2.117368,0
21605,3.163844,0
21606,0.553524,1
21607,0.427451,1
21608,0.700651,1
21609,0.981905,1
21610,4.021688,1
21611,1.40342,1
21612,1.713038,0
21613,1.893522,0
21614,0.767627,1
21615,0.379822,0
21616,2.75366,0
21617,2.567043,1
21618,0.23936,0
21619,0.912031,0
21620,2.608505,0
21621,0.396369,0
21622,0.539151,0
21623,1.386065,0
21624,3.423934,0
21625,3.95631,1
21626,0.557313,0
21627,3.469372,0
21628,0.279965,1
21629,0.957733,0
21630,0.162961,0
21631,1.058059,1
21632,0.635808,0
21633,0.233348,1
21634,0.590189,1
21635,0.558143,1
21636,4.586993,0
21637,0.407742,0
21638,0.296246,1
21639,1.002696,1
21640,3.468226,0
21641,0.531554,1
21642,0.74787,0
21643,0.419391,0
21644,0.178281,0
21645,0.973988,0
21646,1.81046,1
21647,1.208568,0
21648,0.578155,0
21649,0.555668,1
21650,1.444015,1
21651,0.976428,1
21652,0.622175,0
21653,2.155783,0
21654,0.429802,1
21655,0.737842,0
21656,0.216137,0
21657,2.283237,1
21658,2.582621,1
21659,0.84737,0
21660,0.827971,0
21661,3.572191,1
21662,1.729961,0
21663,0.939186,0
21664,0.384366,1
21665,0.62135,1
21666,0.290502,0
21667,0.217693,0
21668,0.441633,0
21669,3.55858,1
21670,0.376524,0
21671,0.830787,0
21672,0.095084,0
21673,0.395678,1
21674,2.835409,1
21675,1.246673,1
21676,3.242785,0
21677,1.142065,0
21678,0.179205,1
21679,0.431442,1
21680,2.65813,0
21681,0.10537,0
21682,3.528859,0
21683,0.233863,1
21684,0.341753,1
21685,0.704679,1
21686,1.06788,0
21687,1.035766,1
21688,3.831514,1
21689,1.655568,1
21690,2.549496,1
21691,2.940064,1
21692,2.83894,1
21693,1.11775,1
21694,4.978693,0
21695,1.141682,1
21696,1.660566,1
21697,1.292491,0
21698,4.882309,1
21699,1.543445,1
21700,3.400858,0
21701,0.571623,0
21702,0.733091,1
21703,1.601161,1
21704,2.652588,0
21705,0.634391,0
21706,3.3107,0
21707,3.824113,0
21708,2.258999,0
21709,2.352993,0
21710,0.48025,0
21711,6.223596,1
21712,2.566586,0
21713,3.634759,0
21714,3.249604,1
21715,1.289692,0
21716,2.03237,1
21717,1.955751,0
21718,0.438923,0
21719,0.686784,0
21720,1.015115,0
21721,1.990502,0
21722,1.992488,0
21723,4.914737,1
21724,1.930704,1
21725,2.170564,0
21726,0.539012,1
21727,0.586745,1
21728,0.202404,0
21729,0.281635,0
21730,1.290153,0
21731,0.130735,1
21732,0.271288,1
21733,1.225198,1
21734,1.510761,0
21735,0.310155,1
21736,2.556732,0
21737,0.374889,0
21738,1.905811,0
21739,2.628849,0
21740,0.082371,0
21741,0.55255,0
21742,2.824602,0
21743,0.564459,0
21744,4.648417,1
21745,1.819085,0
21746,1.637798,0
21747,0.128743,0
21748,3.236538,1
21749,3.206234,1
21750,0.148085,0
21751,2.279316,0
21752,0.876966,0
21753,0.466122,0
21754,2.391107,0
21755,0.901676,1
21756,5.455469,1
21757,1.047114,1
21758,1.75017,0
21759,4.92193,1
21760,4.304695,1
21761,0.404154,1
21762,6.067632,1
21763,3.201667,1
21764,2.668558,0
21765,6.199316,1
21766,3.022297,0
21767,0.380639,0
21768,1.385526,0
21769,2.224066,1
21770,1.022821,0
21771,3.160355,1
21772,1.198886,0
21773,3.128382,0
21774,2.924635,1
21775,3.664937,0
21776,0.932922,1
21777,3.370148,1
21778,0.928488,0
21779,2.980668,0
21780,0.916849,0
21781,0.223666,1
21782,1.122305,0
21783,0.373751,0
21784,0.802435,1
21785,2.188666,1
21786,1.039262,1
21787,0.920906,1
21788,4.454928,1
21789,1.569706,0
21790,0.933337,1
21791,1.629714,0
21792,4.163653,0
21793,0.21262,0
21794,0.373835,1
21795,5.961384,0
21796,2.133416,1
21797,0.388185,1
21798,0.608783,0
21799,0.983686,0
21800,0.397407,0
21801,1.111953,1
21802,0.402055,0
21803,0.394608,1
21804,3.303268,0
21805,4.330755,0
21806,0.227284,0
21807,2.666398,1
21808,0.366655,0
21809,3.775721,0
21810,3.754567,1
21811,2.466008,0
21812,2.411133,0
21813,2.442163,0
21814,3.129266,0
21815,4.586326,1
21816,0.300355,0
21817,3.549729,0
21818,3.035572,0
21819,3.670519,0
21820,0.2499,0
21821,0.174564,0
21822,3.340959,0
21823,2.392559,0
21824,0.060292,0
21825,1.459894,1
21826,1.042763,1
21827,4.231421,0
21828,0.812989,1
21829,0.511774,1
21830,0.29417,1
21831,0.219878,1
21832,0.189885,1
21833,3.485068,1
21834,0.108038,0
21835,3.007619,1
21836,0.180626,0
21837,1.78648,0
21838,4.21126,1
21839,0.335719,1
21840,5.230278,0
21841,3.066929,1
21842,0.29479,0
21843,0.645464,0
21844,0.449419,0
21845,2.257718,0
21846,3.345584,1
21847,2.712256,1
21848,1.975131,0
21849,4.889484,1
21850,0.709287,0
21851,1.705419,0
21852,1.064482,1
21853,0.211222,1
21854,3.756079,0
21855,1.31196,0
21856,2.799743,0
21857,2.863886,1
21858,2.952011,0
21859,0.520934,0
21860,6.147899,1
21861,0.374534,0
21862,0.51238,1
21863,2.408982,0
21864,0.283479,0
21865,0.382154,0
21866,0.48738,0
21867,1.714833,0
21868,1.033412,0
21869,0.602456,0
21870,2.301188,0
21871,1.889718,0
21872,2.292994,0
21873,5.303087,1
21874,0.244869,1
21875,2.618931,0
21876,0.392366,1
21877,0.436885,1
21878,0.338522,0
21879,2.257562,0
21880,0.286877,0
21881,1.794722,0
21882,2.074244,0
21883,2.29162,0
21884,2.017643,0
21885,0.830768,0
21886,2.541954,0
21887,2.492849,0
21888,0.394549,0
21889,0.335579,1
21890,3.189083,1
21891,1.559286,0
21892,2.087978,1
21893,3.437378,0
21894,3.29312,1
21895,2.532693,0
21896,1.712391,0
21897,0.340535,0
21898,3.0424,1
21899,0.13952,1
21900,0.335982,1
21901,2.466606,0
21902,0.107292,0
21903,0.898129,1
21904,0.891828,1
21905,0.720821,1
21906,3.964569,0
21907,3.44706,1
21908,1.714063,1
21909,3.533463,0
21910,2.428705,0
21911,3.807233,1
21912,1.232969,0
21913,2.765071,0
21914,2.283727,1
21915,0.605404,1
21916,0.389054,1
21917,0.341425,0
21918,2.52359,0
21919,0.958605,1
21920,0.253019,0
21921,0.301857,1
21922,4.25382,0
21923,0.750627,0
21924,2.376437,0
21925,4.038364,0
21926,2.261688,0
21927,6.599634,1
21928,1.11942,1
21929,4.07663,1
21930,0.150819,0
21931,4.689361,0
21932,1.76964,0
21933,0.596261,0
21934,0.703171,1
21935,1.775054,0
21936,1.51048,0
21937,0.105244,0
21938,1.284231,0
21939,0.620124,0
21940,1.015876,0
21941,1.023004,1
21942,2.490883,0
21943,3.232607,0
21944,0.719264,1
21945,0.717564,0
21946,2.735082,0
21947,1.012426,1
21948,0.40122,1
21949,3.462525,1
21950,2.261561,0
21951,0.457666,1
21952,0.653521,1
21953,0.830251,1
21954,0.775631,1
21955,0.731691,1
21956,0.299258,1
21957,0.249177,0
21958,2.638762,0
21959,3.15654,0
21960,1.810441,1
21961,1.401752,0
21962,0.285937,1
21963,0.089974,1
21964,0.160378,1
21965,0.376655,0
21966,2.905304,1
21967,0.246627,1
21968,2.71979,1
21969,2.626885,0
21970,0.140558,0
21971,1.660322,0
21972,6.935469,1
21973,1.584968,0
21974,3.83306,1
21975,0.664829,1
21976,1.289299,0
21977,1.299434,0
21978,0.165193,0
21979,0.64233,0
21980,1.754225,1
21981,4.259741,1
21982,0.357633,1
21983,1.893965,1
21984,4.001585,0
21985,1.12046,0
21986,0.732358,1
21987,2.596914,0
21988,3.292555,1
21989,0.967201,0
21990,2.500735,0
21991,0.911037,1
21992,0.493498,1
21993,2.976424,0
21994,0.446588,1
21995,0.515494,1
21996,2.87152,1
21997,2.924424,0
21998,3.659635,0
21999,3.401315,0
22000,0.514751,1
22001,0.156365,0
22002,0.880263,0
22003,4.489839,1
22004,2.600176,0
22005,2.03449,0
22006,0.61622,1
22007,0.783729,1
22008,0.435544,1
22009,0.270617,1
22010,0.45379,0
22011,0.599446,0
22012,4.307759,1
22013,0.363812,1
22014,1.948904,0
22015,1.184511,1
22016,0.16248,1
22017,1.877588,1
22018,3.123968,0
22019,0.13432,0
22020,0.818375,1
22021,0.27911,0
22022,3.993494,1
22023,6.422648,1
22024,2.886613,0
22025,4.043283,1
22026,3.57836,0
22027,0.762799,1
22028,2.994359,0
22029,1.58007,1
22030,1.073257,0
22031,0.185205,0
22032,1.23857,1
22033,1.51241,1
22034,0.767026,0
22035,1.85367,0
22036,0.941274,1
22037,0.157707,1
22038,0.457323,0
22039,3.406341,0
22040,1.52152,1
22041,0.62739,0
22042,3.234107,1
22043,0.569553,1
22044,2.93616,0
22045,0.668418,1
22046,0.867698,0
22047,0.940711,0
22048,1.620163,0
22049,4.277541,0
22050,0.35586,1
22051,3.068692,0
22052,0.251139,1
22053,2.557358,1
22054,3.007884,0
22055,0.221931,0
22056,2.919031,0
22057,3.159024,0
22058,3.067154,0
22059,0.466158,1
22060,0.128641,1
22061,0.706275,0
22062,2.518775,0
22063,0.808943,1
22064,0.852411,1
22065,0.159125,1
22066,2.648542,1
22067,3.567726,1
22068,0.518542,0
22069,1.651218,0
22070,3.319681,1
22071,3.107782,1
22072,0.658875,0
22073,2.426753,0
22074,1.805412,0
22075,1.923497,1
22076,0.379059,1
22077,1.139944,1
22078,1.22984,1
22079,1.62741,1
22080,5.25775,1
22081,3.441631,0
22082,3.689191,1
22083,3.777806,1
22084,0.625717,1
22085,0.520323,1
22086,2.138319,0
22087,3.818366,1
22088,0.555436,1
22089,0.713648,1
22090,0.247395,1
22091,1.442482,0
22092,2.123505,0
22093,0.151431,1
22094,0.722108,1
22095,1.861692,0
22096,3.390464,1
22097,2.317434,0
22098,3.263434,0
22099,3.303384,1
22100,0.411437,1
22101,0.482377,1
22102,0.819489,0
22103,0.637447,0
22104,4.147872,0
22105,2.613558,1
22106,1.475247,0
22107,0.397271,1
22108,2.990606,0
22109,1.994494,0
22110,0.238605,0
22111,1.150288,0
22112,0.445706,0
22113,4.820744,1
22114,3.176267,1
22115,2.680802,0
22116,0.320939,0
22117,0.352967,0
22118,3.635023,0
22119,0.338329,0
22120,2.085725,0
22121,0.259231,1
22122,1.229326,1
22123,0.359462,0
22124,0.290205,1
22125,1.072333,1
22126,1.080777,0
22127,3.457539,1
22128,0.267772,0
22129,0.359945,1
22130,2.756399,1
22131,0.126289,1
22132,0.890564,0
22133,2.8733,1
22134,1.699838,1
22135,1.161964,0
22136,2.788056,0
22137,0.278124,0
22138,1.269655,1
22139,1.186598,1
22140,2.145737,0
22141,3.685003,1
22142,0.865496,0
22143,2.578578,0
22144,2.252124,1
22145,0.428946,0
22146,1.880404,0
22147,1.299517,1
22148,0.262381,0
22149,0.311544,1
22150,3.21785,1
22151,2.788056,0
22152,0.532905,1
22153,1.689863,0
22154,1.000498,1
22155,0.570944,1
22156,0.929625,1
22157,1.821788,1
22158,0.470095,1
22159,1.549507,1
22160,2.408212,0
22161,0.509064,1
22162,1.283306,0
22163,1.256349,1
22164,2.675552,0
22165,5.100656,1
22166,0.247235,1
22167,0.671419,0
22168,1.632939,0
22169,3.744129,0
22170,0.350728,1
22171,0.306843,0
22172,0.291275,0
22173,0.220874,1
22174,0.483629,0
22175,1.719612,0
22176,2.224129,0
22177,4.622211,1
22178,2.159701,0
22179,0.981724,0
22180,4.999812,1
22181,2.835219,0
22182,1.322252,1
22183,0.518966,0
22184,0.264828,1
22185,4.721828,1
22186,2.497639,0
22187,1.012942,1
22188,2.206801,1
22189,0.580729,0
22190,0.114367,1
22191,4.265064,1
22192,2.998184,1
22193,4.846075,1
22194,2.92186,1
22195,2.260569,0
22196,0.80786,0
22197,0.103972,1
22198,0.473051,1
22199,1.018912,1
22200,2.9462,1
22201,2.055615,0
22202,0.252323,1
22203,0.369073,0
22204,0.419559,1
22205,2.207925,0
22206,1.495493,0
22207,1.16618,0
22208,0.409219,0
22209,2.896299,0
22210,0.627386,1
22211,0.894338,0
22212,0.080399,1
22213,2.43517,0
22214,2.009969,0
22215,1.344977,1
22216,2.591505,0
22217,4.169293,1
22218,0.434172,0
22219,3.385764,1
22220,0.469593,0
22221,0.303052,1
22222,0.194776,1
22223,1.753672,1
22224,0.213514,1
22225,2.217934,0
22226,2.392439,0
22227,0.979854,0
22228,0.560212,1
22229,1.677585,1
22230,0.241778,1
22231,5.186297,1
22232,0.292393,1
22233,0.617436,0
22234,0.206768,0
22235,0.75576,0
22236,0.514415,0
22237,1.186346,1
22238,1.256184,0
22239,0.873618,0
22240,2.234537,0
22241,0.321735,1
22242,0.305144,1
22243,0.691427,0
22244,0.933545,0
22245,0.61032,0
22246,0.206054,0
22247,0.530106,0
22248,3.445491,1
22249,1.582132,1
22250,2.849938,0
22251,3.140847,0
22252,3.119565,1
22253,1.388815,0
22254,0.491305,1
22255,4.312143,0
22256,0.329907,1
22257,1.082196,0
22258,0.21637,0
22259,0.328454,0
22260,3.197037,1
22261,0.099218,0
22262,2.853303,0
22263,2.006551,1
22264,0.582266,1
22265,3.190499,0
22266,0.17365,1
22267,0.802661,1
22268,0.417729,1
22269,2.39575,1
22270,0.307728,1
22271,4.38266,1
22272,0.905858,0
22273,0.0712,0
22274,0.146729,0
22275,1.088338,1
22276,0.792589,1
22277,2.390422,0
22278,2.634058,0
22279,0.168845,1
22280,0.221103,1
22281,2.545238,1
22282,2.24478,1
22283,1.206514,1
22284,2.613569,1
22285,1.861973,0
22286,4.668698,0
22287,2.7725,1
22288,3.99173,0
22289,0.887429,0
22290,2.460947,0
22291,1.487311,1
22292,1.296334,0
22293,0.332166,1
22294,0.493031,0
22295,0.710449,1
22296,0.383675,1
22297,0.772283,1
22298,0.143604,0
22299,0.570424,1
22300,0.697639,0
22301,2.403124,0
22302,1.668409,1
22303,0.982471,0
22304,0.253459,1
22305,2.822765,1
22306,3.58404,0
22307,1.11423,1
22308,0.954017,0
22309,4.337267,0
22310,1.537573,1
22311,0.263098,1
22312,1.601014,0
22313,3.148185,0
22314,0.484219,1
22315,1.321425,1
22316,0.416411,1
22317,0.616052,0
22318,0.745672,0
22319,3.193602,1
22320,0.462689,1
22321,4.202223,1
22322,4.082011,1
22323,0.786785,0
22324,1.472536,1
22325,1.313473,1
22326,2.569962,0
22327,3.556532,1
22328,3.500967,1
22329,0.948022,0
22330,0.174471,1
22331,0.371885,0
22332,2.317406,0
22333,0.49648,0
22334,1.738424,0
22335,0.154452,1
22336,3.120229,1
22337,0.45624,0
22338,0.758074,0
22339,0.513292,1
22340,4.040613,1
22341,4.241864,1
22342,1.590733,1
22343,2.194294,0
22344,0.520105,1
22345,0.273024,0
22346,1.301263,1
22347,1.381094,1
22348,2.837794,1
22349,0.553915,1
22350,3.291062,1
22351,2.545954,1
22352,2.142953,0
22353,0.785413,1
22354,2.720168,0
22355,2.737638,0
22356,2.460188,1
22357,0.655971,0
22358,3.098036,1
22359,3.777047,0
22360,0.145054,1
22361,2.449955,0
22362,0.326186,0
22363,2.011093,0
22364,2.929901,0
22365,1.595123,0
22366,3.662146,0
22367,1.535522,0
22368,0.554601,1
22369,1.526644,0
22370,3.649412,0
22371,0.396812,0
22372,0.236243,1
22373,0.14417,1
22374,4.120485,0
22375,0.299167,1
22376,2.925491,0
22377,0.347831,0
22378,0.71648,1
22379,0.219168,1
22380,1.559429,1
22381,0.911978,1
22382,5.760467,0
22383,1.119761,1
22384,0.821767,0
22385,2.36374,0
22386,0.225656,0
22387,1.593293,1
22388,0.432336,0
22389,2.499677,0
22390,0.289968,0
22391,4.816604,1
22392,2.199895,0
22393,1.179201,1
22394,1.809022,1
22395,0.585225,0
22396,0.886972,1
22397,3.116679,0
22398,1.739789,0
22399,0.597836,0
22400,0.369133,0
22401,1.097384,0
22402,1.43915,1
22403,0.267654,0
22404,1.258725,1
22405,0.676076,1
22406,1.517753,0
22407,2.610991,0
22408,1.50201,1
22409,0.454258,0
22410,2.750115,0
22411,1.592704,1
22412,0.739593,1
22413,0.272346,1
22414,3.559954,1
22415,2.73131,1
22416,0.970781,1
22417,0.781235,1
22418,1.375682,1
22419,0.324455,1
22420,0.944903,1
22421,0.119492,0
22422,0.608984,0
22423,0.350036,1
22424,0.6537,0
22425,0.607555,1
22426,0.350591,1
22427,1.481862,1
22428,6.403559,1
22429,0.48956,0
22430,1.023684,1
22431,0.651404,1
22432,0.457791,1
22433,0.162303,1
22434,3.13525,1
22435,0.187073,0
22436,0.758593,0
22437,0.386759,1
22438,0.229518,0
22439,1.35803,0
22440,3.635129,0
22441,2.133383,0
22442,0.56995,0
22443,0.627404,1
22444,1.62039,0
22445,0.638571,1
22446,0.283112,1
22447,0.286525,1
22448,2.890311,1
22449,0.420789,1
22450,0.325374,1
22451,2.29977,0
22452,1.985541,0
22453,0.340447,0
22454,0.724784,1
22455,1.43152,1
22456,0.235077,0
22457,1.459211,0
22458,2.305711,0
22459,4.153496,0
22460,0.241509,1
22461,1.027412,0
22462,0.46519,1
22463,1.387223,0
22464,2.663824,0
22465,0.238299,0
22466,4.843728,0
22467,1.333342,0
22468,0.536026,1
22469,3.876105,0
22470,2.833788,0
22471,1.899626,1
22472,0.092215,1
22473,2.249717,0
22474,2.124751,0
22475,0.808293,1
22476,0.608384,1
22477,1.106322,0
22478,0.756314,1
22479,4.160758,0
22480,2.299946,0
22481,1.435682,1
22482,2.655495,0
22483,0.316567,1
22484,0.928557,0
22485,2.056147,1
22486,0.262507,0
22487,2.683339,0
22488,0.561875,0
22489,0.187986,0
22490,0.247968,1
22491,3.477273,0
22492,2.651707,1
22493,1.096883,1
22494,3.920825,0
22495,3.52825,0
22496,1.209382,1
22497,3.126736,0
22498,0.372908,1
22499,1.210824,1
