sample_idx,loss,is_noisy
0,0.567709,0
1,0.195747,0
2,0.206224,0
3,9.693293,0
4,0.188441,0
5,0.510325,0
6,0.320593,0
7,0.303661,0
8,0.55232,0
9,1.188406,0
10,0.549021,0
11,2.270073,1
12,12.14159,0
13,0.534639,0
14,0.25623,0
15,10.693447,0
16,9.503654,0
17,1.400617,0
18,0.366967,0
19,0.622312,0
20,0.158838,0
21,0.786049,0
22,2.684162,0
23,0.330388,0
24,0.102173,0
25,2.475737,0
26,1.135241,0
27,0.206229,0
28,0.633017,0
29,0.398248,0
30,1.149643,1
31,0.090064,0
32,10.085958,0
33,0.502775,0
34,0.793203,0
35,0.382432,0
36,1.042134,0
37,10.065777,0
38,2.712992,1
39,3.674457,1
40,3.479477,0
41,0.538274,0
42,0.546211,0
43,2.340821,0
44,10.733497,0
45,0.345273,0
46,0.576123,0
47,0.290992,0
48,0.555114,0
49,11.133471,0
50,1.727066,0
51,0.046149,0
52,1.4173,0
53,0.483561,0
54,0.143605,0
55,0.751847,0
56,0.446071,0
57,0.274535,0
58,0.645991,0
59,0.464813,0
60,1.388933,0
61,0.439807,0
62,0.27267,0
63,0.205523,0
64,0.428251,0
65,0.501551,0
66,10.530453,0
67,9.131082,0
68,0.160656,0
69,1.521289,0
70,9.220538,0
71,10.97494,0
72,9.385109,0
73,0.523333,0
74,1.21324,0
75,0.515612,0
76,0.343021,0
77,9.437965,0
78,0.326818,0
79,9.662783,0
80,0.204346,0
81,10.168649,0
82,0.346539,0
83,0.329457,0
84,10.322062,0
85,8.926443,0
86,2.06893,1
87,0.129505,0
88,0.514475,0
89,0.293423,0
90,10.86934,0
91,10.558502,0
92,0.388906,0
93,0.312703,0
94,0.763582,0
95,0.313464,0
96,0.882765,0
97,10.074963,1
98,0.265816,0
99,0.293604,0
100,0.319259,0
101,0.189817,0
102,1.375887,0
103,0.253476,0
104,0.734286,0
105,0.559285,0
106,0.572061,0
107,9.86084,0
108,0.655191,0
109,1.377354,0
110,0.315104,0
111,0.260459,0
112,1.393377,0
113,0.604376,0
114,10.233226,0
115,0.372337,0
116,1.221956,0
117,1.276772,0
118,0.36171,0
119,1.05301,0
120,0.240425,0
121,0.380334,0
122,9.688745,0
123,0.682963,0
124,1.686849,0
125,0.545891,0
126,2.623535,0
127,0.484318,0
128,0.435414,0
129,2.73242,0
130,1.318839,0
131,0.41093,0
132,2.184041,0
133,3.116744,0
134,3.892215,0
135,0.551606,0
136,0.254694,0
137,0.579817,0
138,1.4108,1
139,0.275502,0
140,11.037984,0
141,0.410943,0
142,2.026926,1
143,0.068143,0
144,9.685508,0
145,9.244596,0
146,9.981322,1
147,0.385981,0
148,1.557791,0
149,1.504612,0
150,8.574551,1
151,0.539254,0
152,0.261795,0
153,3.318058,0
154,0.634186,0
155,0.704208,0
156,8.418122,1
157,0.494753,0
158,0.254899,0
159,1.115974,0
160,12.270978,0
161,0.417197,0
162,0.695242,0
163,10.978141,0
164,0.219979,0
165,0.074803,0
166,10.062456,0
167,0.786366,0
168,1.326867,0
169,0.431174,0
170,1.768819,0
171,0.087559,0
172,0.385701,0
173,0.189794,0
174,0.565986,0
175,1.655442,0
176,3.355058,1
177,0.525129,0
178,9.65607,0
179,0.471102,0
180,0.829926,0
181,0.319353,0
182,1.842471,0
183,0.58479,0
184,2.381198,0
185,0.245239,0
186,0.385899,0
187,0.488377,0
188,0.623988,0
189,0.307531,0
190,12.962571,0
191,9.640401,0
192,0.942286,0
193,4.514841,1
194,0.463102,0
195,0.811503,0
196,0.814565,0
197,0.380669,0
198,0.314126,0
199,0.346004,0
200,0.291602,0
201,2.268471,0
202,0.36663,0
203,0.659376,0
204,0.388877,0
205,0.111715,0
206,9.720571,1
207,10.426777,0
208,0.958532,0
209,0.413491,0
210,0.431854,0
211,1.189156,0
212,0.843757,0
213,0.175226,0
214,0.319162,0
215,0.336815,0
216,0.466581,0
217,0.80452,0
218,0.279627,0
219,10.005095,0
220,0.197873,0
221,1.109194,0
222,0.411155,0
223,1.025096,0
224,0.080166,0
225,1.176297,0
226,0.213992,0
227,11.003069,0
228,0.42778,0
229,0.330563,0
230,10.14649,1
231,0.505607,0
232,1.189704,0
233,0.968574,0
234,0.493292,0
235,0.680242,0
236,0.74359,0
237,9.574018,0
238,4.123089,1
239,0.91137,0
240,0.427171,0
241,0.584776,0
242,0.372061,0
243,0.358188,0
244,1.62295,0
245,0.225586,0
246,0.412224,0
247,1.111849,0
248,1.967895,1
249,0.377964,0
250,0.245547,0
251,0.04605,0
252,8.669359,0
253,0.239114,0
254,1.333045,1
255,0.622009,0
256,1.043639,0
257,1.050927,1
258,0.64082,0
259,0.335701,0
260,1.208939,0
261,1.369653,0
262,1.226952,0
263,1.126138,0
264,0.145549,0
265,2.976235,1
266,0.147381,0
267,9.539646,0
268,0.777488,0
269,1.962857,1
270,11.074462,0
271,0.787534,0
272,0.822991,0
273,0.381103,0
274,0.333474,0
275,8.726879,1
276,0.539021,0
277,1.107499,0
278,0.873086,0
279,0.477069,0
280,2.147824,0
281,0.700087,0
282,0.200391,0
283,2.71704,1
284,0.721848,0
285,0.398008,0
286,0.422847,0
287,2.974122,0
288,0.468956,0
289,0.746974,0
290,3.871829,1
291,0.345733,0
292,2.856931,1
293,0.265388,0
294,0.966044,0
295,1.059259,0
296,0.698922,0
297,0.675822,0
298,0.320949,0
299,0.909817,0
300,0.66802,0
301,0.081914,0
302,2.165033,0
303,0.216421,0
304,8.486982,0
305,0.554502,0
306,0.330343,0
307,0.294415,0
308,9.819571,1
309,10.992085,0
310,0.746692,1
311,11.509178,0
312,10.462597,0
313,0.339167,0
314,3.150012,0
315,11.085927,0
316,0.332713,0
317,0.241052,0
318,1.686684,1
319,0.679254,0
320,0.324857,0
321,0.598867,0
322,0.673137,0
323,0.336616,0
324,0.605092,0
325,1.250443,0
326,9.593276,0
327,1.065297,0
328,0.287616,0
329,0.348208,0
330,0.135992,0
331,0.045463,0
332,11.81083,0
333,0.460741,0
334,0.337098,0
335,0.308974,0
336,0.285967,0
337,0.457434,0
338,10.59663,0
339,1.680312,1
340,0.333,0
341,0.357803,0
342,0.33037,0
343,0.298321,0
344,0.811982,0
345,1.011295,0
346,0.271176,0
347,8.992835,0
348,0.340864,0
349,0.301809,0
350,1.358316,0
351,0.299524,0
352,0.216657,0
353,0.95689,0
354,1.853763,0
355,0.267824,0
356,0.095723,0
357,0.362945,0
358,0.147967,0
359,2.771927,1
360,0.391801,0
361,2.187446,1
362,10.625018,0
363,0.406257,0
364,0.527164,0
365,1.116714,0
366,9.834462,0
367,0.689415,0
368,8.855106,0
369,9.737871,0
370,1.227473,0
371,4.178549,1
372,9.685623,0
373,0.968301,0
374,1.803499,1
375,0.702289,0
376,3.29631,0
377,0.141351,0
378,0.386938,0
379,0.515176,0
380,0.741685,0
381,9.407097,0
382,1.229581,0
383,0.631913,0
384,9.514319,0
385,2.504604,0
386,0.574513,0
387,0.192306,0
388,0.114576,0
389,1.050354,0
390,0.478229,0
391,10.630021,0
392,1.017709,0
393,10.005996,0
394,0.573596,0
395,12.471394,0
396,1.824283,0
397,2.009143,0
398,0.625854,0
399,0.272336,0
400,0.60113,0
401,0.490294,0
402,0.201176,0
403,0.557033,0
404,0.990217,0
405,0.335317,0
406,0.309404,0
407,0.466027,1
408,1.190749,0
409,0.368391,0
410,9.670058,0
411,2.937883,1
412,0.349758,0
413,0.521147,0
414,0.214934,0
415,0.437703,0
416,0.28782,0
417,0.684341,0
418,0.772251,0
419,0.096251,0
420,0.278679,0
421,0.331762,0
422,0.350652,0
423,0.351716,0
424,8.05323,1
425,0.291767,0
426,1.524465,0
427,0.046116,0
428,11.440498,0
429,10.640461,0
430,11.42274,0
431,10.388569,0
432,0.55803,0
433,0.651458,0
434,0.568253,0
435,0.746444,0
436,0.096148,0
437,1.358065,0
438,2.472478,0
439,0.093774,0
440,10.978373,0
441,0.19199,0
442,0.413002,0
443,0.492824,0
444,0.35533,0
445,0.465092,0
446,0.628361,0
447,9.196735,0
448,0.19605,0
449,0.603519,1
450,1.515824,0
451,0.2731,0
452,1.104524,0
453,0.239937,0
454,0.455474,0
455,2.590773,0
456,8.886248,0
457,0.207051,0
458,8.959476,0
459,9.195548,1
460,0.160083,0
461,0.309786,0
462,9.822213,0
463,0.238904,0
464,10.407475,1
465,10.523256,0
466,0.795703,0
467,0.447735,0
468,0.280378,0
469,0.136933,0
470,2.159923,0
471,0.415942,0
472,0.139195,0
473,0.574732,0
474,11.053937,0
475,0.216733,0
476,9.152213,0
477,11.096512,0
478,0.806797,0
479,0.355734,0
480,1.808969,0
481,0.510533,0
482,1.939238,0
483,0.324907,0
484,0.40065,0
485,10.065166,0
486,9.038506,1
487,0.37404,0
488,8.391559,0
489,0.227584,0
490,0.365695,0
491,0.060993,0
492,0.204877,0
493,0.784073,1
494,0.262362,0
495,10.263124,0
496,0.357758,0
497,0.141194,0
498,0.23281,0
499,0.278525,0
500,0.774284,0
501,0.303949,0
502,1.487695,0
503,0.092195,0
504,8.958065,0
505,1.817688,1
506,0.211459,0
507,1.46575,0
508,8.829093,0
509,0.62798,0
510,9.086562,1
511,0.101834,0
512,1.03958,0
513,10.508973,0
514,0.435108,0
515,1.817,0
516,0.353786,0
517,0.510888,0
518,0.461349,0
519,0.180525,0
520,0.412312,0
521,0.426253,0
522,0.414086,0
523,9.063533,0
524,11.442032,0
525,11.06702,0
526,0.321581,0
527,0.937881,0
528,10.166822,1
529,0.206738,0
530,9.829616,0
531,0.379356,0
532,0.990714,0
533,0.599029,0
534,0.181398,0
535,0.334139,0
536,9.488692,1
537,0.227609,0
538,0.969105,0
539,0.038658,0
540,0.403033,0
541,0.934916,0
542,1.480159,0
543,0.311487,0
544,0.1689,0
545,1.134704,0
546,0.612391,0
547,0.182205,0
548,0.264416,0
549,0.117617,0
550,0.347781,0
551,0.078683,0
552,0.287234,0
553,0.250619,0
554,0.268563,0
555,9.435833,0
556,0.232593,0
557,0.132144,0
558,0.715534,0
559,8.130301,0
560,0.299073,0
561,10.899361,0
562,1.072722,0
563,0.372732,0
564,0.227704,0
565,10.307027,0
566,0.576943,0
567,10.845101,0
568,2.984328,0
569,2.370277,1
570,0.739092,0
571,3.02045,0
572,0.692057,0
573,0.282334,0
574,1.50566,0
575,0.270662,0
576,0.242656,0
577,0.343715,0
578,0.575187,0
579,1.157886,0
580,0.936376,0
581,0.858099,0
582,9.412314,1
583,0.132113,0
584,0.754248,0
585,10.520352,1
586,0.484047,0
587,0.859496,0
588,0.519824,1
589,4.303805,0
590,1.419464,1
591,0.199527,0
592,0.995186,0
593,11.051518,0
594,9.981878,0
595,0.748625,0
596,1.819725,0
597,0.523444,0
598,10.3747,0
599,5.430562,1
600,9.969851,0
601,2.451439,1
602,0.271961,0
603,9.986489,0
604,10.983734,0
605,0.289497,0
606,0.310613,0
607,10.033622,0
608,1.429552,0
609,0.241437,0
610,0.66243,0
611,0.690201,0
612,1.288118,0
613,0.032844,0
614,1.319734,1
615,0.777214,0
616,0.883203,0
617,0.302575,0
618,0.908705,0
619,0.262817,0
620,0.188679,1
621,0.483168,0
622,0.336892,0
623,0.023954,0
624,0.646172,0
625,0.246661,0
626,9.238541,0
627,0.300929,0
628,0.490157,0
629,0.421285,0
630,0.36143,0
631,10.585439,0
632,0.208281,0
633,9.712507,0
634,0.631364,0
635,10.967322,0
636,0.045431,0
637,0.4332,0
638,0.374602,0
639,0.622252,0
640,0.984009,1
641,0.080106,0
642,0.594428,0
643,0.503555,0
644,2.808514,0
645,1.90035,0
646,0.669324,0
647,0.173806,0
648,0.436913,0
649,9.098289,0
650,10.557364,1
651,0.034271,0
652,0.594093,0
653,0.72643,0
654,0.714757,0
655,0.430978,0
656,1.975393,0
657,0.26887,0
658,0.323605,0
659,0.127758,0
660,9.940697,0
661,0.802632,0
662,1.761203,0
663,9.501493,0
664,4.080406,0
665,0.181473,0
666,0.349841,0
667,0.967616,0
668,10.575867,0
669,0.215387,0
670,9.186057,0
671,2.830184,1
672,0.588089,0
673,0.115725,0
674,0.515735,0
675,0.153146,0
676,11.342795,0
677,0.148839,0
678,0.206768,0
679,3.862166,0
680,9.726333,0
681,0.395677,0
682,0.500371,1
683,9.208058,0
684,0.684594,0
685,9.476398,0
686,0.565414,0
687,10.331699,0
688,0.775104,0
689,1.075599,0
690,3.209072,0
691,9.879901,0
692,1.410407,0
693,2.504862,0
694,10.262184,0
695,0.408362,0
696,10.002488,0
697,0.224181,0
698,0.62457,0
699,0.194479,0
700,1.471567,0
701,10.105555,0
702,9.415811,0
703,2.605811,1
704,1.395924,0
705,0.568126,0
706,0.220437,0
707,2.041104,0
708,0.760989,0
709,0.299114,0
710,0.245303,0
711,0.253055,0
712,0.515703,0
713,0.516341,0
714,1.093455,0
715,0.939747,0
716,0.401924,0
717,0.651333,0
718,0.871526,0
719,0.073268,0
720,0.211743,0
721,10.815725,0
722,0.319607,0
723,2.248917,1
724,9.541526,0
725,0.81914,0
726,0.745985,0
727,0.2943,0
728,0.950047,1
729,0.976372,0
730,0.290745,0
731,1.286772,0
732,0.171656,0
733,0.365796,0
734,2.979888,1
735,0.414303,0
736,1.532288,1
737,0.523991,0
738,10.771694,0
739,2.206987,0
740,0.772074,0
741,10.417216,0
742,0.242361,0
743,0.414114,0
744,9.742064,0
745,9.928905,0
746,10.117905,1
747,1.418437,0
748,0.033043,0
749,1.554584,0
750,0.254545,0
751,2.23081,0
752,1.852777,0
753,0.289091,0
754,0.984677,0
755,0.315932,0
756,0.500261,0
757,1.018221,0
758,0.139642,0
759,1.092144,0
760,0.107408,0
761,0.266564,0
762,9.50147,0
763,0.902619,0
764,8.780076,0
765,0.293655,0
766,10.195373,0
767,0.687431,0
768,12.547012,0
769,0.224473,0
770,10.405265,0
771,11.333769,1
772,9.713075,0
773,0.923903,0
774,8.263623,0
775,8.789075,1
776,0.389553,0
777,9.018213,0
778,0.51782,0
779,0.320784,0
780,0.527107,0
781,0.311762,0
782,0.595207,0
783,11.212687,0
784,3.029009,1
785,0.417018,0
786,0.283393,0
787,0.300434,0
788,8.667274,1
789,9.584222,0
790,2.929188,0
791,0.57231,0
792,0.235533,0
793,0.419221,0
794,0.215925,0
795,0.305866,0
796,0.595315,0
797,10.764682,0
798,0.788037,0
799,0.710683,0
800,0.279357,0
801,0.047342,0
802,0.717342,0
803,1.704777,0
804,1.505017,0
805,0.532715,0
806,0.131264,0
807,0.117024,0
808,0.192266,0
809,0.705846,0
810,0.204621,0
811,0.59832,0
812,0.224297,0
813,0.796737,0
814,0.377313,0
815,0.028176,0
816,3.310978,1
817,0.848213,0
818,0.926609,0
819,0.340895,0
820,9.498803,1
821,0.318547,0
822,0.247789,0
823,0.485126,0
824,0.426771,0
825,0.354892,0
826,0.252122,0
827,10.965304,0
828,10.610736,0
829,3.181719,0
830,1.541909,0
831,1.52384,0
832,0.547615,0
833,8.598936,0
834,9.782574,1
835,0.436591,0
836,0.496231,0
837,0.747958,0
838,0.183591,0
839,9.240369,0
840,0.264746,0
841,1.387562,0
842,0.969617,0
843,0.318953,0
844,0.640844,0
845,0.426901,0
846,7.564062,0
847,1.838041,0
848,0.315612,0
849,9.810949,0
850,0.500712,0
851,10.03989,0
852,0.548816,0
853,0.804679,0
854,0.229431,0
855,0.734883,0
856,9.614121,1
857,0.177164,0
858,0.614168,0
859,0.43891,0
860,0.836553,0
861,10.441496,0
862,0.22636,0
863,9.41058,0
864,0.290557,1
865,0.7073,0
866,9.914903,0
867,0.142867,0
868,0.146749,0
869,1.208616,0
870,0.461842,0
871,8.703313,0
872,0.039452,0
873,0.288758,0
874,9.555634,1
875,11.191677,0
876,0.613965,0
877,0.367874,0
878,2.243325,0
879,8.990546,0
880,1.919271,0
881,0.14267,0
882,9.488558,0
883,10.012758,0
884,9.76522,0
885,11.376367,0
886,0.339957,0
887,0.494747,0
888,0.495586,0
889,0.965885,0
890,0.457369,0
891,10.775912,0
892,1.077251,0
893,0.26923,0
894,4.216879,0
895,2.05133,0
896,0.12193,0
897,10.29198,0
898,0.073915,0
899,0.879264,0
900,0.545149,0
901,1.584045,1
902,3.918488,0
903,0.365019,0
904,0.250857,0
905,1.248603,0
906,10.297498,0
907,1.355222,0
908,0.538934,0
909,0.431434,0
910,8.823183,0
911,0.439718,0
912,0.723615,0
913,1.375408,1
914,0.189659,0
915,0.420704,0
916,2.037265,0
917,10.272636,0
918,1.120995,0
919,0.336262,0
920,0.524232,0
921,10.62266,1
922,2.252235,0
923,10.45474,0
924,0.422508,0
925,1.380893,1
926,0.081064,0
927,2.214826,0
928,10.016508,0
929,0.084119,0
930,10.241206,0
931,0.254875,0
932,0.107568,0
933,1.700789,1
934,0.246005,0
935,0.744631,0
936,10.697021,0
937,10.174879,0
938,10.484841,1
939,1.329029,0
940,9.625382,0
941,9.030778,0
942,0.115406,0
943,0.695365,0
944,0.593834,0
945,1.886456,0
946,0.021767,0
947,0.366358,0
948,9.604022,0
949,11.62636,0
950,0.081906,0
951,10.423063,0
952,0.277727,0
953,9.460012,0
954,0.631426,0
955,0.376506,0
956,8.765267,0
957,0.332005,0
958,0.79743,0
959,0.936796,0
960,0.275381,1
961,9.718092,1
962,0.764675,0
963,0.55286,0
964,2.570933,1
965,0.746732,0
966,9.424732,1
967,0.240325,0
968,0.149611,0
969,9.954438,0
970,0.243037,0
971,12.221258,0
972,0.199234,0
973,0.373581,0
974,0.139286,0
975,10.850236,0
976,1.016273,0
977,0.141827,0
978,0.560952,0
979,0.305901,0
980,9.512433,0
981,0.218795,0
982,1.00266,1
983,0.454113,0
984,1.484295,0
985,3.222857,1
986,11.723751,0
987,0.595966,0
988,1.574744,0
989,10.771929,0
990,0.318171,0
991,0.662411,0
992,0.923091,0
993,0.249603,0
994,0.463177,0
995,0.254619,0
996,0.670112,0
997,0.472077,0
998,0.851793,0
999,0.550009,0
1000,5.42028,1
1001,0.349348,0
1002,1.938981,0
1003,10.741674,0
1004,2.234107,0
1005,0.477275,0
1006,0.271657,0
1007,0.637578,0
1008,0.827959,1
1009,0.198239,0
1010,2.291852,0
1011,8.680292,0
1012,0.442634,0
1013,9.919794,0
1014,0.333033,0
1015,1.30478,0
1016,0.367163,0
1017,0.456895,0
1018,1.1416,0
1019,0.08997,0
1020,0.642106,0
1021,1.08589,0
1022,0.623303,0
1023,9.914753,0
1024,10.262569,0
1025,0.38539,0
1026,0.51041,0
1027,0.663592,0
1028,0.268043,0
1029,0.515801,0
1030,1.214149,1
1031,1.385542,0
1032,0.158301,0
1033,0.663745,0
1034,0.344776,0
1035,0.301325,0
1036,0.302674,0
1037,0.184417,0
1038,0.61102,1
1039,3.15024,0
1040,10.930164,0
1041,9.479394,0
1042,0.170736,0
1043,1.332272,1
1044,0.161833,0
1045,8.353975,0
1046,0.254282,0
1047,0.55149,0
1048,0.295619,0
1049,10.461432,0
1050,9.974277,0
1051,3.473763,0
1052,0.205272,0
1053,0.437859,0
1054,0.26716,0
1055,0.421521,1
1056,0.614037,0
1057,12.403193,0
1058,0.375358,0
1059,1.440849,0
1060,0.832717,0
1061,0.811936,0
1062,0.381775,0
1063,0.271778,0
1064,0.779895,0
1065,0.622363,0
1066,0.233136,0
1067,0.357695,0
1068,0.316547,0
1069,0.215543,0
1070,2.523586,0
1071,9.184671,0
1072,1.570487,0
1073,0.526241,0
1074,1.444792,0
1075,0.30683,0
1076,0.178506,0
1077,0.490551,0
1078,1.326203,0
1079,0.316194,0
1080,0.717849,0
1081,0.583127,0
1082,9.010902,0
1083,2.674918,0
1084,9.505107,0
1085,9.320891,1
1086,0.470495,0
1087,0.301964,0
1088,1.187049,0
1089,0.220033,0
1090,0.176999,0
1091,0.08376,0
1092,3.166581,0
1093,0.518155,0
1094,9.82389,0
1095,0.647118,0
1096,0.236627,0
1097,0.05849,0
1098,10.550187,0
1099,11.315876,0
1100,8.886552,0
1101,0.582921,0
1102,0.189591,0
1103,10.221837,0
1104,1.030174,0
1105,0.615949,0
1106,0.633951,0
1107,0.630992,0
1108,1.671596,0
1109,1.27132,0
1110,0.257448,0
1111,0.415618,0
1112,0.260228,0
1113,0.257966,0
1114,0.22927,0
1115,11.553203,0
1116,1.859717,0
1117,0.062782,0
1118,1.195308,0
1119,0.528047,0
1120,0.251216,0
1121,0.20137,0
1122,0.849988,0
1123,0.312791,0
1124,0.330293,0
1125,11.278147,0
1126,9.149967,0
1127,9.815292,0
1128,0.516194,0
1129,8.985788,0
1130,9.387037,1
1131,0.218182,0
1132,2.504078,1
1133,10.438806,0
1134,0.837808,0
1135,8.401045,0
1136,0.057321,0
1137,3.019371,0
1138,2.066394,0
1139,2.433487,0
1140,0.558036,0
1141,0.514729,0
1142,0.184882,0
1143,1.702986,0
1144,3.072847,0
1145,0.409805,0
1146,0.383435,0
1147,1.034452,0
1148,0.480275,0
1149,0.047916,0
1150,1.947059,1
1151,1.843733,0
1152,1.349502,0
1153,0.312333,0
1154,0.432973,0
1155,10.890774,0
1156,0.444027,0
1157,9.85512,0
1158,2.969878,0
1159,1.152498,0
1160,0.550006,0
1161,10.495608,0
1162,0.265353,0
1163,0.45311,0
1164,0.323125,0
1165,0.442847,0
1166,0.216326,0
1167,0.059933,0
1168,0.4892,0
1169,0.75048,0
1170,0.26142,0
1171,0.446938,0
1172,0.304575,0
1173,11.233747,0
1174,10.160523,0
1175,0.665187,0
1176,0.528819,0
1177,0.283427,0
1178,3.197372,0
1179,0.28911,0
1180,0.380769,0
1181,0.85873,0
1182,10.245846,0
1183,1.245867,0
1184,0.405161,0
1185,0.465535,0
1186,0.848842,0
1187,3.157186,0
1188,9.161972,0
1189,0.827174,0
1190,0.842817,0
1191,0.380329,0
1192,0.373543,0
1193,0.279105,0
1194,1.365449,0
1195,0.144856,0
1196,9.780464,0
1197,8.358718,0
1198,0.41937,0
1199,0.467975,0
1200,0.21782,0
1201,1.115068,0
1202,0.47125,0
1203,10.503776,0
1204,0.197801,0
1205,0.216998,0
1206,0.382024,0
1207,0.474799,0
1208,10.244603,1
1209,0.268769,0
1210,10.098315,0
1211,0.605683,0
1212,0.716242,0
1213,0.303937,0
1214,0.3633,0
1215,0.355869,0
1216,0.171868,0
1217,0.582043,0
1218,10.91092,0
1219,9.882146,1
1220,0.063982,0
1221,0.414441,0
1222,0.263571,0
1223,0.477543,0
1224,0.558403,0
1225,9.035797,0
1226,2.43867,0
1227,1.160388,0
1228,0.272511,0
1229,2.245891,0
1230,2.358607,0
1231,0.591851,0
1232,0.170813,0
1233,10.471703,0
1234,0.803846,0
1235,0.405734,0
1236,0.25244,0
1237,10.296554,0
1238,0.666938,0
1239,0.274235,0
1240,0.658887,0
1241,0.808305,0
1242,1.409817,0
1243,0.698205,0
1244,9.000521,0
1245,1.945642,0
1246,8.772268,0
1247,0.099088,0
1248,2.26169,0
1249,3.125099,0
1250,0.529497,1
1251,8.91945,0
1252,0.277711,0
1253,0.099331,0
1254,0.485242,0
1255,0.17393,0
1256,0.199696,0
1257,0.41578,0
1258,0.645221,0
1259,1.73447,1
1260,0.26569,0
1261,0.205711,0
1262,1.278345,0
1263,0.290362,0
1264,0.323356,0
1265,0.812172,0
1266,0.362811,0
1267,11.791206,0
1268,1.034718,0
1269,1.249258,0
1270,0.465527,0
1271,0.463075,0
1272,0.256278,0
1273,0.356505,0
1274,0.56323,0
1275,0.236257,0
1276,9.74111,0
1277,0.320791,0
1278,9.832609,0
1279,1.337208,0
1280,1.856875,0
1281,0.157386,0
1282,0.737375,0
1283,2.117404,0
1284,0.235092,0
1285,0.62701,0
1286,0.47519,0
1287,0.716614,0
1288,0.392486,0
1289,0.487428,0
1290,0.824192,0
1291,0.342424,0
1292,0.799119,0
1293,0.885109,0
1294,0.462939,0
1295,0.85503,0
1296,0.772933,0
1297,0.198872,0
1298,2.213045,0
1299,1.605922,0
1300,0.704296,0
1301,10.010736,0
1302,9.689765,0
1303,1.375155,0
1304,0.182216,0
1305,0.467024,0
1306,3.96247,1
1307,0.98625,0
1308,10.730822,0
1309,0.3917,0
1310,1.074052,0
1311,1.455541,1
1312,0.300074,0
1313,0.2249,0
1314,0.475508,0
1315,9.606002,0
1316,0.398577,0
1317,1.108011,0
1318,0.23394,0
1319,0.219572,0
1320,8.411096,0
1321,11.110209,0
1322,0.265191,0
1323,1.825525,1
1324,0.95417,0
1325,0.149389,0
1326,1.10456,0
1327,0.351264,0
1328,0.206119,0
1329,0.400674,0
1330,0.272597,0
1331,0.468086,0
1332,0.028099,0
1333,9.658535,0
1334,0.173175,0
1335,4.261352,0
1336,5.093013,1
1337,0.206332,0
1338,9.018677,0
1339,3.170305,1
1340,0.588305,0
1341,9.303002,0
1342,2.384308,0
1343,9.370938,0
1344,0.039904,0
1345,0.68845,0
1346,0.5095,0
1347,0.566549,0
1348,1.742966,0
1349,1.393537,0
1350,0.30181,0
1351,0.53333,0
1352,0.413216,0
1353,0.369486,0
1354,0.15361,0
1355,0.461083,0
1356,0.344638,0
1357,0.290048,0
1358,1.908192,0
1359,0.501373,0
1360,9.298675,1
1361,1.14818,0
1362,0.734902,0
1363,0.218719,0
1364,3.721108,0
1365,11.241261,0
1366,1.497531,0
1367,10.262499,0
1368,0.602913,0
1369,0.412003,0
1370,0.719492,0
1371,0.234931,0
1372,10.80114,0
1373,9.281411,0
1374,0.55816,0
1375,0.413238,0
1376,10.520273,0
1377,8.993639,0
1378,1.10191,0
1379,0.600341,0
1380,0.444901,0
1381,0.453115,0
1382,1.576995,0
1383,1.36425,1
1384,0.057852,0
1385,0.232803,0
1386,0.366137,0
1387,2.595756,1
1388,0.552209,0
1389,8.733809,0
1390,0.144515,0
1391,2.347475,1
1392,0.076122,0
1393,11.05547,0
1394,0.336295,0
1395,0.303878,0
1396,0.346095,0
1397,0.088629,0
1398,4.062527,0
1399,11.661804,0
1400,0.803987,0
1401,0.647712,0
1402,0.129005,0
1403,0.24187,0
1404,0.222167,0
1405,0.546098,0
1406,9.998197,0
1407,10.168036,0
1408,0.46973,0
1409,11.04682,0
1410,0.202778,0
1411,0.397364,0
1412,2.208644,0
1413,1.539251,1
1414,1.239245,0
1415,0.04273,0
1416,0.384334,0
1417,0.238586,0
1418,9.441591,0
1419,9.855181,0
1420,0.843044,0
1421,0.27081,0
1422,2.358634,0
1423,0.547665,0
1424,0.039538,0
1425,2.750984,1
1426,1.081286,1
1427,0.492953,0
1428,0.288505,0
1429,3.413234,0
1430,1.566446,0
1431,0.183757,0
1432,0.211734,0
1433,0.145409,0
1434,0.212031,0
1435,2.163888,0
1436,3.485696,0
1437,10.634672,0
1438,0.701667,0
1439,10.931114,0
1440,9.733931,0
1441,10.825514,0
1442,0.231155,0
1443,10.063044,0
1444,0.096775,0
1445,9.051039,0
1446,0.604323,0
1447,10.660179,1
1448,9.791167,0
1449,1.018769,1
1450,0.607017,0
1451,0.503485,0
1452,0.269582,0
1453,9.017489,1
1454,0.866589,0
1455,9.90416,0
1456,10.203038,0
1457,10.781233,0
1458,0.531462,0
1459,0.727092,0
1460,1.092795,0
1461,0.639101,0
1462,0.778629,0
1463,0.627925,0
1464,11.338283,1
1465,1.828766,1
1466,1.376533,0
1467,2.429554,1
1468,0.303352,0
1469,0.376507,0
1470,0.1579,0
1471,0.393972,0
1472,10.402247,0
1473,1.062135,0
1474,2.37188,0
1475,1.014348,0
1476,0.572324,0
1477,0.40065,0
1478,0.624865,0
1479,4.510184,1
1480,1.346096,0
1481,0.37844,0
1482,0.334245,0
1483,10.031463,0
1484,0.207228,0
1485,0.553805,0
1486,1.640867,0
1487,9.823749,0
1488,0.312104,0
1489,9.574832,0
1490,0.418836,0
1491,0.285785,0
1492,9.940928,0
1493,10.92353,0
1494,8.31656,0
1495,0.647354,0
1496,8.17686,0
1497,0.339433,0
1498,0.319264,0
1499,1.062902,0
1500,0.156584,0
1501,11.766996,0
1502,0.226631,0
1503,1.448989,0
1504,0.202574,0
1505,9.457432,0
1506,0.438323,0
1507,0.057903,0
1508,1.579572,0
1509,9.332135,0
1510,0.023145,0
1511,3.108387,0
1512,0.763869,0
1513,0.720147,0
1514,0.348442,0
1515,0.948427,0
1516,11.101458,0
1517,1.773899,0
1518,10.094462,0
1519,0.718261,0
1520,1.244108,0
1521,2.540722,1
1522,0.343258,0
1523,9.109309,0
1524,0.459399,0
1525,9.947488,0
1526,10.613738,0
1527,8.216249,0
1528,0.466437,0
1529,0.292329,0
1530,0.421558,0
1531,0.437005,0
1532,1.707926,1
1533,9.186814,1
1534,9.314031,1
1535,0.440418,0
1536,0.291838,0
1537,2.724916,0
1538,3.313718,0
1539,0.454827,0
1540,2.816361,1
1541,2.849118,1
1542,0.52155,0
1543,0.460632,0
1544,0.270278,0
1545,1.329646,0
1546,0.339142,0
1547,1.831978,1
1548,0.130695,0
1549,0.172704,0
1550,12.481773,0
1551,0.046693,0
1552,0.504348,0
1553,12.097956,0
1554,0.349804,0
1555,0.329718,0
1556,1.802958,0
1557,0.809924,0
1558,10.927142,0
1559,0.105825,0
1560,2.140634,0
1561,2.199268,1
1562,0.288397,0
1563,3.493272,0
1564,10.634764,0
1565,2.684314,1
1566,10.048147,0
1567,1.070541,0
1568,0.431679,0
1569,0.146352,0
1570,0.331417,0
1571,0.314136,0
1572,0.519906,0
1573,10.199053,0
1574,0.313072,0
1575,9.405246,0
1576,0.665288,0
1577,0.442478,0
1578,0.279376,0
1579,0.317322,0
1580,0.700548,0
1581,0.57291,0
1582,9.453253,0
1583,10.264984,0
1584,11.437599,0
1585,10.838661,0
1586,0.296596,0
1587,0.758741,0
1588,0.032078,0
1589,0.470091,0
1590,0.315725,0
1591,0.352619,0
1592,0.286545,0
1593,4.602161,0
1594,0.175591,0
1595,0.180481,0
1596,2.582038,0
1597,0.958324,0
1598,2.092389,1
1599,0.306412,0
1600,1.907841,0
1601,0.436546,0
1602,1.334865,0
1603,0.753844,0
1604,2.023365,0
1605,2.038562,0
1606,9.23752,0
1607,9.515598,0
1608,10.521728,1
1609,0.667686,0
1610,0.370049,0
1611,1.152884,0
1612,0.232506,0
1613,0.694999,0
1614,0.562282,0
1615,13.285287,0
1616,9.896221,0
1617,1.447381,0
1618,9.777688,0
1619,10.163416,1
1620,10.690087,0
1621,1.468827,0
1622,0.208943,0
1623,1.230781,0
1624,1.515837,0
1625,0.401174,0
1626,10.976784,0
1627,2.020353,1
1628,3.322462,0
1629,9.341341,0
1630,0.315906,0
1631,1.602858,0
1632,0.402401,0
1633,0.332417,0
1634,2.697678,0
1635,0.994091,0
1636,2.048878,0
1637,2.068214,0
1638,9.982715,0
1639,12.657885,1
1640,10.379726,0
1641,0.292713,0
1642,1.945215,0
1643,0.640574,0
1644,1.857103,1
1645,0.456803,0
1646,0.564195,0
1647,4.265229,1
1648,0.088413,0
1649,0.064884,0
1650,1.354067,0
1651,2.720706,1
1652,0.223511,0
1653,10.092278,0
1654,1.544838,0
1655,2.124206,0
1656,11.329751,0
1657,0.50335,0
1658,0.296984,0
1659,0.33297,0
1660,0.250333,0
1661,0.184183,0
1662,0.567743,0
1663,0.164315,0
1664,1.204205,0
1665,0.724294,0
1666,1.32954,0
1667,0.48828,0
1668,10.353168,0
1669,0.076996,0
1670,2.521388,1
1671,1.966175,1
1672,1.090896,0
1673,3.309832,0
1674,0.045068,0
1675,0.735463,0
1676,0.380828,0
1677,0.145702,0
1678,0.399098,0
1679,0.330758,0
1680,0.353571,0
1681,0.633906,0
1682,0.192441,0
1683,0.503768,0
1684,0.287516,0
1685,0.574745,0
1686,9.877955,0
1687,0.181012,0
1688,1.003133,0
1689,0.446868,0
1690,0.400018,0
1691,1.052401,0
1692,10.06327,0
1693,0.752725,0
1694,0.662515,0
1695,0.18681,0
1696,0.637839,0
1697,0.623148,0
1698,0.39711,0
1699,0.487384,0
1700,3.645618,1
1701,0.205878,0
1702,0.080355,0
1703,0.273359,0
1704,1.290091,0
1705,0.470745,0
1706,0.308555,0
1707,9.7862,1
1708,8.924181,0
1709,10.827509,0
1710,9.890119,0
1711,0.187566,0
1712,11.91226,0
1713,0.247988,0
1714,4.33978,1
1715,9.981884,1
1716,0.079296,0
1717,0.734229,0
1718,0.51238,0
1719,1.315585,0
1720,0.19891,0
1721,0.227273,0
1722,0.269128,0
1723,0.247749,0
1724,1.852747,1
1725,10.38185,0
1726,0.114884,0
1727,2.725107,1
1728,10.059769,0
1729,0.167329,0
1730,0.496961,0
1731,0.530814,0
1732,9.014212,0
1733,8.884109,0
1734,0.84118,0
1735,8.678267,1
1736,0.296847,0
1737,0.367009,0
1738,0.142527,0
1739,9.052038,0
1740,10.662139,0
1741,0.707459,0
1742,0.223709,0
1743,3.390815,1
1744,1.31279,0
1745,0.389536,0
1746,0.477648,0
1747,0.034867,0
1748,4.362206,1
1749,0.255513,0
1750,4.194231,1
1751,0.168984,0
1752,0.977964,0
1753,0.422173,0
1754,0.573998,0
1755,0.535063,0
1756,0.280891,0
1757,0.171098,0
1758,0.267309,0
1759,10.16573,0
1760,3.794734,1
1761,2.873619,0
1762,3.897781,1
1763,0.507999,0
1764,10.517488,0
1765,0.439672,0
1766,0.806209,0
1767,1.488485,0
1768,0.128739,0
1769,0.417843,0
1770,2.658968,1
1771,0.531175,0
1772,0.219267,0
1773,3.329879,0
1774,0.240329,0
1775,1.430499,0
1776,10.898704,0
1777,0.573247,0
1778,0.156668,0
1779,0.419251,0
1780,0.310702,0
1781,9.085325,0
1782,1.211208,0
1783,2.364601,0
1784,11.006787,0
1785,0.794871,0
1786,1.521852,0
1787,0.277154,0
1788,0.703798,0
1789,0.463104,0
1790,0.508712,0
1791,2.534185,0
1792,1.694908,0
1793,0.394414,0
1794,0.225049,0
1795,0.424995,0
1796,3.614914,1
1797,1.629594,0
1798,0.052717,0
1799,8.819851,0
1800,0.403075,0
1801,9.883543,0
1802,0.57476,0
1803,2.245373,0
1804,10.279413,0
1805,9.673501,0
1806,0.131376,0
1807,0.333046,0
1808,1.001762,1
1809,0.267725,0
1810,0.609922,0
1811,0.19256,0
1812,0.825235,0
1813,0.934499,0
1814,2.462845,0
1815,0.747876,0
1816,4.267284,1
1817,2.097101,0
1818,10.61587,1
1819,0.878916,0
1820,12.342676,0
1821,0.113556,0
1822,9.397172,0
1823,0.424504,0
1824,10.486289,0
1825,10.308293,1
1826,9.483176,0
1827,0.465542,0
1828,1.52766,1
1829,0.569424,0
1830,0.959584,0
1831,1.976165,0
1832,12.694645,0
1833,0.174044,0
1834,8.901339,1
1835,1.48335,0
1836,0.644036,0
1837,0.548802,0
1838,0.310865,0
1839,1.593669,0
1840,10.718898,0
1841,0.109499,0
1842,2.400906,0
1843,0.3799,0
1844,9.686059,0
1845,1.040669,0
1846,0.264465,0
1847,0.675307,0
1848,0.741172,0
1849,0.372306,0
1850,0.597474,0
1851,1.326283,1
1852,9.210143,1
1853,0.366801,0
1854,0.507569,0
1855,9.371881,0
1856,8.958467,1
1857,0.150841,0
1858,0.797763,0
1859,1.780805,1
1860,0.843148,0
1861,0.648906,0
1862,9.528973,0
1863,9.611886,0
1864,0.221868,0
1865,0.366228,0
1866,0.438072,0
1867,0.396395,0
1868,0.25545,0
1869,0.215805,0
1870,0.76169,0
1871,0.610496,0
1872,10.873675,0
1873,2.13172,0
1874,0.637929,0
1875,1.077416,0
1876,9.58209,0
1877,0.763135,0
1878,1.104575,0
1879,10.533224,0
1880,9.214124,1
1881,0.468799,0
1882,2.384276,1
1883,0.261929,0
1884,0.94714,0
1885,3.94215,0
1886,8.177873,0
1887,0.850333,1
1888,0.070616,0
1889,0.400345,0
1890,0.404632,0
1891,10.998733,0
1892,9.695564,1
1893,0.795326,0
1894,2.094323,1
1895,1.451125,1
1896,0.475131,0
1897,0.209367,0
1898,0.55354,0
1899,10.059649,0
1900,1.001736,0
1901,10.25018,0
1902,0.257525,0
1903,0.623121,0
1904,0.357321,0
1905,0.738972,0
1906,0.133107,0
1907,9.519102,0
1908,3.315393,1
1909,0.541315,0
1910,2.421949,0
1911,0.158851,0
1912,9.528385,0
1913,2.176878,0
1914,0.34976,0
1915,0.317982,0
1916,9.887394,0
1917,0.612949,0
1918,1.30319,0
1919,0.407581,0
1920,0.367619,0
1921,1.303596,1
1922,0.562853,0
1923,2.078064,0
1924,11.4711,0
1925,0.065171,0
1926,0.957781,0
1927,0.199985,0
1928,0.245343,0
1929,0.07335,0
1930,0.11969,0
1931,1.344327,0
1932,0.68311,0
1933,0.307206,0
1934,0.834314,0
1935,0.332469,0
1936,2.276179,1
1937,0.328818,0
1938,0.095748,0
1939,0.847793,0
1940,0.398763,0
1941,0.026849,0
1942,0.729559,0
1943,0.26693,0
1944,0.259197,0
1945,3.302594,1
1946,0.374325,0
1947,0.300552,0
1948,0.322461,0
1949,0.272295,0
1950,0.627222,0
1951,0.152319,0
1952,0.188309,0
1953,0.062292,0
1954,0.210174,0
1955,0.471379,0
1956,0.177495,0
1957,1.501737,0
1958,0.953868,0
1959,0.259069,0
1960,10.982322,0
1961,9.897818,0
1962,9.849762,0
1963,0.294591,0
1964,0.620189,0
1965,1.090481,0
1966,0.287697,0
1967,0.520413,0
1968,0.468567,0
1969,9.053773,0
1970,9.663823,0
1971,0.43766,0
1972,0.210225,0
1973,0.106598,0
1974,0.263624,0
1975,0.386138,0
1976,3.201708,1
1977,10.258471,0
1978,0.488518,0
1979,0.858441,0
1980,0.262653,0
1981,0.652941,0
1982,0.141548,0
1983,0.245746,0
1984,0.292801,0
1985,0.236229,0
1986,0.060344,0
1987,1.492864,0
1988,3.429876,0
1989,0.370688,0
1990,1.004044,0
1991,0.179734,0
1992,3.459615,1
1993,0.121876,0
1994,0.219277,0
1995,0.135853,0
1996,1.038726,0
1997,0.362492,0
1998,10.546629,0
1999,2.910913,0
2000,0.387743,0
2001,0.358598,0
2002,0.20516,0
2003,1.038128,0
2004,0.413199,0
2005,4.612193,0
2006,0.673467,0
2007,9.787209,1
2008,1.880441,1
2009,0.504646,0
2010,0.0456,0
2011,0.191097,0
2012,0.364473,0
2013,0.333295,0
2014,3.857031,1
2015,0.27905,0
2016,9.938436,0
2017,3.811276,1
2018,0.897523,0
2019,3.866316,1
2020,10.199533,1
2021,0.155891,0
2022,10.995228,0
2023,1.096839,0
2024,2.101115,0
2025,2.469547,1
2026,0.185248,0
2027,10.41387,0
2028,10.816127,0
2029,0.675229,0
2030,0.275532,0
2031,0.327291,0
2032,2.141786,0
2033,10.01778,0
2034,10.826109,0
2035,0.374933,0
2036,11.911084,0
2037,0.714119,0
2038,0.302069,0
2039,0.096973,0
2040,0.370312,0
2041,0.940282,0
2042,11.260634,0
2043,0.662406,0
2044,0.614923,0
2045,0.384281,0
2046,8.75331,0
2047,9.989954,1
2048,3.033249,1
2049,1.298897,0
2050,1.571986,0
2051,10.092693,0
2052,1.056443,0
2053,0.496375,0
2054,0.07281,0
2055,1.07115,0
2056,0.553019,0
2057,0.062097,0
2058,0.225441,0
2059,9.405351,1
2060,0.623962,0
2061,10.119018,0
2062,0.895253,0
2063,1.195464,0
2064,0.986362,0
2065,0.168958,0
2066,10.046766,0
2067,10.469306,0
2068,0.27996,0
2069,8.647131,0
2070,10.185465,0
2071,0.280703,0
2072,0.235945,0
2073,9.387036,0
2074,0.213032,0
2075,0.711082,0
2076,0.628792,0
2077,0.986121,0
2078,0.339505,0
2079,0.307246,0
2080,1.199917,0
2081,1.054934,0
2082,9.798113,1
2083,0.262267,0
2084,0.598989,0
2085,0.323455,0
2086,0.246168,0
2087,0.589016,0
2088,0.15846,0
2089,0.904595,0
2090,0.334851,0
2091,0.273233,0
2092,0.841225,0
2093,0.538919,0
2094,0.512409,0
2095,0.367571,0
2096,0.201284,0
2097,1.824946,0
2098,0.340576,0
2099,0.515145,0
2100,1.430142,0
2101,0.34014,0
2102,0.313591,0
2103,10.008992,1
2104,3.204448,1
2105,0.278796,0
2106,8.857101,0
2107,0.688451,0
2108,0.871466,0
2109,1.904622,0
2110,0.2926,0
2111,0.456367,0
2112,0.204918,0
2113,2.021352,0
2114,0.502088,0
2115,10.240812,0
2116,1.580413,0
2117,9.834453,0
2118,1.464035,0
2119,3.990138,1
2120,0.277192,0
2121,4.35124,0
2122,11.467886,0
2123,1.770121,0
2124,1.44132,1
2125,0.165025,0
2126,0.34103,0
2127,0.254098,1
2128,0.085408,0
2129,0.217275,0
2130,3.547597,1
2131,9.789745,0
2132,10.346277,0
2133,1.19866,0
2134,0.575437,0
2135,1.196198,0
2136,0.657089,0
2137,1.012339,0
2138,0.456757,0
2139,0.506018,0
2140,0.627283,0
2141,9.430608,0
2142,0.018543,0
2143,0.222346,0
2144,0.158822,0
2145,1.121412,1
2146,1.252932,0
2147,0.698653,0
2148,0.593509,0
2149,12.102153,0
2150,0.697357,0
2151,4.119545,1
2152,0.216935,0
2153,0.213165,0
2154,0.723505,0
2155,0.607933,0
2156,0.510126,0
2157,0.899535,0
2158,0.565679,0
2159,0.096555,0
2160,0.500436,0
2161,2.553005,1
2162,0.296163,0
2163,0.822351,0
2164,1.775621,1
2165,0.476525,0
2166,0.260991,0
2167,0.690665,0
2168,0.069507,0
2169,0.194017,0
2170,0.155576,0
2171,0.694814,0
2172,2.603904,0
2173,0.813174,0
2174,0.192102,0
2175,0.77395,0
2176,1.105169,0
2177,0.318189,0
2178,0.378164,0
2179,0.856535,0
2180,10.472384,0
2181,0.495214,0
2182,0.437371,0
2183,0.193906,0
2184,0.407247,0
2185,2.062016,1
2186,0.17497,0
2187,0.398386,0
2188,0.204686,0
2189,11.303413,0
2190,0.443714,0
2191,0.493031,0
2192,0.441173,0
2193,9.645464,1
2194,0.431015,0
2195,1.782779,0
2196,1.714666,0
2197,9.701848,0
2198,0.011609,0
2199,0.344826,0
2200,0.089437,0
2201,10.095439,0
2202,0.46175,0
2203,1.455447,0
2204,10.051956,1
2205,0.517599,0
2206,0.081288,0
2207,9.217045,0
2208,0.345184,0
2209,2.387681,0
2210,1.080195,1
2211,0.374822,0
2212,0.158139,0
2213,1.667729,0
2214,0.118262,0
2215,1.215432,0
2216,0.215675,0
2217,0.394597,0
2218,0.783388,0
2219,9.26856,0
2220,0.757985,0
2221,10.740213,0
2222,1.467874,0
2223,1.767765,0
2224,9.778842,0
2225,0.142111,0
2226,0.301344,0
2227,9.518044,0
2228,0.031696,0
2229,1.550966,1
2230,2.906255,0
2231,0.087039,0
2232,0.360911,0
2233,0.271007,0
2234,3.534769,0
2235,1.231532,0
2236,0.210471,0
2237,0.280879,0
2238,1.924112,0
2239,0.744194,0
2240,0.541807,0
2241,1.034759,0
2242,0.020393,0
2243,0.38361,0
2244,1.835616,0
2245,9.186382,0
2246,1.111687,0
2247,1.825301,0
2248,0.318822,0
2249,0.867383,0
2250,0.22436,0
2251,0.217115,0
2252,1.525301,0
2253,0.330678,0
2254,0.19398,0
2255,2.050166,1
2256,0.185983,0
2257,0.430234,0
2258,0.139612,0
2259,2.677909,0
2260,0.267707,0
2261,10.239213,0
2262,1.667521,0
2263,0.48766,0
2264,1.334364,0
2265,1.306734,0
2266,0.600694,0
2267,0.577452,0
2268,0.841352,0
2269,0.032499,0
2270,2.296172,1
2271,0.559731,0
2272,0.272303,0
2273,9.328977,0
2274,1.132543,0
2275,0.468448,0
2276,9.383443,0
2277,1.474619,0
2278,3.430681,0
2279,0.228879,0
2280,8.826927,0
2281,9.463986,0
2282,0.436082,0
2283,1.330956,1
2284,0.220792,0
2285,0.480108,0
2286,2.55337,0
2287,12.478237,0
2288,2.117189,0
2289,0.199648,0
2290,3.762711,0
2291,0.384572,0
2292,1.320908,0
2293,9.589774,0
2294,0.535463,0
2295,0.560856,0
2296,0.6526,0
2297,1.373193,0
2298,0.41715,0
2299,9.607462,0
2300,11.20334,0
2301,0.285977,0
2302,0.397402,0
2303,1.195903,0
2304,10.113667,0
2305,9.22648,0
2306,0.159876,0
2307,0.33784,0
2308,9.681132,0
2309,2.321324,0
2310,0.410169,0
2311,1.724685,0
2312,10.261957,0
2313,10.188184,0
2314,0.197326,0
2315,0.282028,0
2316,0.442149,0
2317,4.596691,0
2318,0.276252,0
2319,0.830405,0
2320,0.561931,0
2321,0.177728,0
2322,9.007227,0
2323,0.679056,0
2324,0.395529,0
2325,0.261707,0
2326,9.066221,0
2327,11.901033,0
2328,0.157856,0
2329,0.375191,0
2330,4.31403,0
2331,4.851577,0
2332,8.928846,0
2333,11.361776,0
2334,0.634032,0
2335,1.396831,0
2336,0.404107,0
2337,0.351988,0
2338,10.393117,1
2339,0.240264,0
2340,9.149205,0
2341,0.601846,0
2342,2.049958,0
2343,1.199952,0
2344,0.224823,0
2345,2.105877,0
2346,1.270663,0
2347,0.868455,0
2348,0.223659,0
2349,0.399805,0
2350,11.128555,0
2351,0.16833,0
2352,0.040449,0
2353,0.238389,0
2354,0.352609,0
2355,1.483134,0
2356,8.96075,0
2357,0.701877,0
2358,9.635325,1
2359,1.298135,0
2360,0.551863,0
2361,0.656823,0
2362,0.456742,0
2363,0.237806,0
2364,1.416829,1
2365,0.361881,0
2366,0.46809,0
2367,0.434154,0
2368,0.367267,0
2369,0.466903,0
2370,0.705196,0
2371,0.36963,0
2372,0.304799,0
2373,0.153872,0
2374,0.224315,0
2375,11.782749,0
2376,10.891668,0
2377,10.698167,1
2378,1.773042,0
2379,0.612414,0
2380,1.002911,1
2381,0.38447,0
2382,0.339839,0
2383,0.353822,0
2384,10.343153,0
2385,0.254574,0
2386,0.846098,0
2387,0.060143,0
2388,0.844623,1
2389,3.064866,1
2390,0.234149,0
2391,0.599709,0
2392,0.659115,0
2393,0.527123,0
2394,0.436744,0
2395,0.430429,0
2396,0.591336,0
2397,0.887226,0
2398,10.364643,0
2399,0.314214,0
2400,0.122101,0
2401,0.43627,0
2402,0.196669,0
2403,0.840277,0
2404,0.231576,0
2405,0.360702,0
2406,1.260767,0
2407,0.460257,0
2408,0.250582,0
2409,0.293228,0
2410,11.066078,0
2411,3.138839,1
2412,0.205313,0
2413,10.531669,0
2414,0.533437,0
2415,0.186425,0
2416,0.956171,0
2417,1.865185,0
2418,10.39631,1
2419,0.226171,0
2420,1.01146,0
2421,1.943149,0
2422,0.850071,0
2423,9.251384,0
2424,0.303364,1
2425,9.838467,0
2426,0.706217,0
2427,1.284559,0
2428,0.387269,0
2429,0.30983,0
2430,0.477934,0
2431,0.308989,0
2432,9.494327,0
2433,0.209459,0
2434,0.929258,0
2435,1.269565,0
2436,9.378039,0
2437,0.605135,0
2438,0.376728,0
2439,1.262141,0
2440,8.928452,0
2441,0.879364,0
2442,0.873179,0
2443,0.283126,0
2444,1.920662,1
2445,0.708638,0
2446,4.35784,1
2447,0.337947,0
2448,0.180141,0
2449,1.726848,0
2450,9.3115,1
2451,0.22455,0
2452,0.233421,0
2453,0.674427,0
2454,0.130565,1
2455,8.47468,0
2456,0.458553,0
2457,0.242757,0
2458,0.527891,0
2459,1.357931,0
2460,1.315731,0
2461,1.731081,1
2462,0.480362,0
2463,0.324455,0
2464,10.975947,0
2465,0.34216,0
2466,0.745461,0
2467,0.60264,0
2468,0.330837,0
2469,0.314316,0
2470,10.565836,0
2471,2.989224,1
2472,9.513847,0
2473,9.763665,0
2474,0.829164,0
2475,0.329931,0
2476,0.522899,0
2477,0.355131,0
2478,0.320815,0
2479,0.177568,0
2480,1.253865,0
2481,0.281139,0
2482,1.724252,0
2483,9.713178,0
2484,0.884774,0
2485,9.701344,0
2486,0.119942,0
2487,0.473888,0
2488,1.64673,0
2489,1.681803,0
2490,0.287247,0
2491,9.749578,0
2492,2.288411,0
2493,0.221398,0
2494,0.087752,0
2495,0.447808,0
2496,0.594771,0
2497,0.347922,0
2498,10.770774,0
2499,0.669911,1
2500,0.15543,0
2501,11.025128,0
2502,0.249241,0
2503,9.994922,0
2504,10.387023,0
2505,0.189192,0
2506,0.069525,0
2507,1.562607,0
2508,0.397066,0
2509,0.932883,0
2510,11.094774,0
2511,10.864902,0
2512,0.226939,0
2513,0.283521,0
2514,13.760252,0
2515,10.186678,0
2516,11.935241,0
2517,9.419742,0
2518,0.755942,0
2519,0.467969,0
2520,8.744305,0
2521,0.831612,0
2522,0.784115,0
2523,0.315141,0
2524,0.067699,0
2525,0.619604,0
2526,1.217054,0
2527,1.101535,0
2528,10.955241,0
2529,8.795593,1
2530,0.175906,0
2531,8.855911,0
2532,4.400003,1
2533,0.944347,0
2534,9.401074,1
2535,2.700274,1
2536,0.120856,0
2537,0.56047,0
2538,1.148426,0
2539,0.277704,0
2540,9.885303,0
2541,0.253424,0
2542,0.276978,0
2543,0.310422,0
2544,1.039778,0
2545,2.297023,1
2546,1.696142,0
2547,0.627415,1
2548,0.205015,0
2549,0.514556,0
2550,0.42728,0
2551,10.600554,0
2552,12.027071,0
2553,10.201109,0
2554,0.16101,0
2555,0.22748,0
2556,0.081477,0
2557,9.814183,0
2558,0.526723,0
2559,9.651336,0
2560,0.576677,0
2561,1.485844,0
2562,1.59457,0
2563,0.330634,0
2564,0.824896,0
2565,0.725791,0
2566,0.95738,0
2567,0.930169,0
2568,0.425363,0
2569,0.11725,0
2570,1.935893,0
2571,1.345965,1
2572,0.176624,0
2573,2.161449,1
2574,1.641625,0
2575,1.357705,0
2576,0.49603,0
2577,0.138078,0
2578,0.339487,0
2579,0.260963,0
2580,1.09651,0
2581,0.611027,0
2582,10.227278,1
2583,0.447054,0
2584,0.35138,0
2585,1.289392,1
2586,0.566969,0
2587,4.596359,1
2588,0.251641,0
2589,2.752286,0
2590,0.15962,0
2591,0.243164,0
2592,10.729454,0
2593,9.618335,0
2594,2.551547,0
2595,0.290995,0
2596,0.43704,0
2597,9.684347,0
2598,0.363453,0
2599,0.210758,0
2600,10.474899,0
2601,9.418891,0
2602,0.39398,0
2603,1.793234,1
2604,0.873228,0
2605,0.311226,0
2606,8.622499,1
2607,0.102028,0
2608,0.21984,0
2609,0.332012,0
2610,0.155688,0
2611,9.398398,0
2612,0.239234,0
2613,1.356167,0
2614,0.037381,0
2615,0.811428,0
2616,8.54598,0
2617,1.633561,0
2618,0.318429,0
2619,0.670099,0
2620,0.60849,0
2621,9.20394,0
2622,0.42779,0
2623,10.531991,0
2624,2.841866,0
2625,0.674393,0
2626,0.340795,0
2627,1.506504,0
2628,0.614284,0
2629,0.443357,0
2630,0.429913,0
2631,0.604231,0
2632,0.390617,0
2633,1.586316,0
2634,0.722419,0
2635,0.049481,0
2636,2.013627,0
2637,0.654485,0
2638,1.387436,0
2639,0.18462,0
2640,0.54836,0
2641,1.597041,0
2642,9.543575,0
2643,0.471833,0
2644,10.180675,0
2645,0.310505,0
2646,9.425081,0
2647,1.017019,0
2648,0.348238,0
2649,0.083856,0
2650,0.71746,0
2651,0.214203,0
2652,2.307385,0
2653,0.471005,0
2654,0.151756,0
2655,1.824212,1
2656,1.51627,0
2657,1.324342,0
2658,0.489482,0
2659,1.365229,0
2660,10.695673,0
2661,0.087427,0
2662,2.063145,0
2663,0.897919,0
2664,0.467905,0
2665,0.451033,0
2666,9.244777,0
2667,0.193483,0
2668,0.382116,0
2669,0.86634,0
2670,0.074252,0
2671,1.46232,1
2672,0.276107,0
2673,0.236999,0
2674,8.372385,0
2675,9.530398,0
2676,0.58649,1
2677,1.515599,1
2678,0.288932,0
2679,0.917171,0
2680,2.086043,1
2681,0.344581,0
2682,10.979006,0
2683,8.381732,1
2684,0.30319,0
2685,1.263925,0
2686,10.036807,1
2687,0.228712,0
2688,1.451163,0
2689,11.467368,0
2690,1.796333,0
2691,0.094887,0
2692,1.158517,0
2693,0.818183,0
2694,11.8109,0
2695,0.819564,0
2696,0.431789,0
2697,1.467996,1
2698,0.099223,0
2699,0.200255,0
2700,0.315493,0
2701,0.325238,0
2702,0.326742,0
2703,0.031306,0
2704,10.993075,0
2705,0.653907,0
2706,2.262806,1
2707,0.046077,0
2708,0.864056,0
2709,0.313928,0
2710,1.126792,0
2711,0.657624,0
2712,0.621647,0
2713,0.870193,0
2714,9.157943,1
2715,11.478034,0
2716,11.583018,0
2717,0.339334,0
2718,8.785313,0
2719,0.245542,0
2720,10.908615,0
2721,9.918648,0
2722,0.1165,0
2723,0.370405,0
2724,0.542919,0
2725,0.74513,0
2726,0.29321,0
2727,3.172074,1
2728,0.850014,0
2729,0.610708,0
2730,0.346246,0
2731,10.334045,1
2732,0.398532,0
2733,0.800617,0
2734,1.848441,0
2735,2.1782,0
2736,0.389301,0
2737,0.389735,0
2738,0.281015,0
2739,13.006044,1
2740,0.483197,0
2741,0.44578,0
2742,0.080948,0
2743,8.890307,1
2744,0.450381,0
2745,0.531429,1
2746,1.383491,0
2747,0.369785,0
2748,0.542306,0
2749,10.479742,0
2750,0.414154,0
2751,3.166462,1
2752,9.303618,0
2753,0.571598,0
2754,8.903624,0
2755,10.992549,0
2756,0.765165,0
2757,0.500737,0
2758,9.565027,0
2759,1.978363,0
2760,8.94065,0
2761,9.104424,0
2762,0.333667,0
2763,0.363655,0
2764,0.868864,0
2765,11.770807,0
2766,1.154109,0
2767,0.393781,0
2768,0.757712,0
2769,0.611877,0
2770,0.912382,1
2771,2.669509,0
2772,0.534011,0
2773,0.431297,0
2774,10.028769,0
2775,0.792774,0
2776,0.542603,0
2777,0.595587,0
2778,8.751621,0
2779,8.624578,0
2780,0.171767,0
2781,9.146894,0
2782,10.455894,0
2783,0.410191,0
2784,2.254686,1
2785,2.881154,0
2786,1.842625,0
2787,0.316461,0
2788,0.355752,0
2789,0.26919,0
2790,1.245539,0
2791,0.377262,0
2792,9.898033,0
2793,0.124035,0
2794,0.167113,0
2795,10.051795,0
2796,0.281997,0
2797,0.25119,0
2798,0.639405,0
2799,0.929842,0
2800,0.45624,0
2801,0.723884,0
2802,1.055354,0
2803,10.032099,0
2804,10.568743,0
2805,0.337683,0
2806,0.241187,0
2807,0.782724,0
2808,0.155342,0
2809,0.589682,0
2810,0.637383,0
2811,2.835687,0
2812,0.161788,0
2813,0.314196,0
2814,0.659313,0
2815,0.574122,0
2816,0.494486,0
2817,0.234571,0
2818,0.813079,0
2819,1.474553,0
2820,9.917495,0
2821,10.53966,0
2822,0.558243,0
2823,0.132526,0
2824,1.153461,0
2825,9.360431,0
2826,2.235571,1
2827,0.201231,0
2828,1.322963,0
2829,2.055894,1
2830,9.982803,0
2831,0.563463,0
2832,0.555231,0
2833,0.416507,0
2834,0.261682,0
2835,0.950574,0
2836,0.392282,0
2837,0.454663,1
2838,1.088208,0
2839,0.533585,0
2840,0.249433,0
2841,0.041596,0
2842,0.795518,0
2843,0.282921,0
2844,9.141253,0
2845,0.329315,0
2846,1.894255,0
2847,9.028792,0
2848,1.239239,0
2849,1.889778,0
2850,0.541665,0
2851,0.774419,0
2852,0.436968,0
2853,1.404049,0
2854,0.234141,0
2855,11.641743,0
2856,1.942676,0
2857,0.348262,0
2858,0.485371,0
2859,0.568161,0
2860,2.750082,0
2861,0.484777,0
2862,1.330144,0
2863,0.387766,0
2864,0.340787,0
2865,0.306551,0
2866,0.076356,0
2867,0.448482,0
2868,0.450461,0
2869,0.946975,0
2870,3.188332,1
2871,9.412589,0
2872,3.365854,0
2873,1.198984,0
2874,0.130997,0
2875,0.325261,0
2876,0.12321,0
2877,1.210637,0
2878,0.252433,0
2879,0.473004,0
2880,1.596093,1
2881,9.102787,0
2882,0.694803,0
2883,0.032903,0
2884,10.001995,0
2885,0.641467,0
2886,8.950215,0
2887,0.612717,0
2888,10.267926,0
2889,0.581138,0
2890,0.944894,0
2891,0.154585,0
2892,0.268785,0
2893,0.646439,0
2894,0.781328,0
2895,0.340068,0
2896,0.172274,0
2897,0.335847,0
2898,0.386531,0
2899,1.011735,0
2900,12.632351,0
2901,0.181187,0
2902,0.220437,0
2903,0.552226,0
2904,0.50652,0
2905,2.854602,1
2906,10.135574,0
2907,0.227636,0
2908,0.383027,0
2909,0.139256,0
2910,10.302032,0
2911,1.854107,0
2912,0.419969,0
2913,0.445959,0
2914,0.497389,0
2915,0.403257,0
2916,0.686292,1
2917,9.584085,0
2918,0.079446,0
2919,1.215687,0
2920,0.28437,0
2921,0.549729,0
2922,1.595592,1
2923,10.675184,0
2924,0.125774,0
2925,0.228898,0
2926,0.232368,0
2927,10.282446,0
2928,0.341682,0
2929,9.227364,0
2930,1.354386,0
2931,0.706134,0
2932,0.322131,0
2933,0.748866,0
2934,0.380827,0
2935,0.483943,0
2936,11.007856,0
2937,1.314895,0
2938,2.135997,0
2939,9.967924,0
2940,0.377496,0
2941,0.364572,0
2942,0.40692,0
2943,0.732395,0
2944,2.037673,1
2945,9.623796,0
2946,4.130296,1
2947,0.342413,0
2948,10.189066,0
2949,0.279283,0
2950,0.236865,0
2951,0.742586,0
2952,1.039196,0
2953,11.361025,0
2954,0.472994,1
2955,0.217886,0
2956,0.387336,0
2957,10.194778,0
2958,0.27226,1
2959,0.969721,0
2960,3.78069,1
2961,0.638085,0
2962,9.009606,0
2963,0.398357,0
2964,0.822762,0
2965,0.421477,0
2966,0.463044,0
2967,0.363331,0
2968,2.170769,0
2969,0.728924,0
2970,9.688812,0
2971,1.576472,0
2972,0.16182,0
2973,0.308355,0
2974,0.589125,0
2975,0.19906,0
2976,0.698227,0
2977,1.185067,0
2978,2.110558,0
2979,0.284414,0
2980,0.184937,0
2981,1.331841,0
2982,9.325336,0
2983,0.606585,0
2984,0.165566,0
2985,1.041868,0
2986,10.530999,1
2987,0.13486,0
2988,10.516238,0
2989,3.515598,1
2990,0.242567,0
2991,0.29557,0
2992,0.113479,0
2993,1.077134,0
2994,9.181825,0
2995,0.522457,0
2996,0.64995,0
2997,0.704444,0
2998,4.745666,1
2999,0.086042,0
3000,10.378668,0
3001,0.358589,0
3002,0.369688,0
3003,11.138061,0
3004,0.413576,0
3005,0.339054,0
3006,3.751731,0
3007,0.259579,0
3008,3.300968,1
3009,0.693897,0
3010,0.480199,0
3011,0.172375,0
3012,9.201126,1
3013,0.297612,0
3014,1.459959,0
3015,1.533931,1
3016,0.613809,0
3017,10.457057,0
3018,0.215725,0
3019,0.718696,0
3020,0.471032,0
3021,0.982823,0
3022,0.598278,0
3023,0.153522,0
3024,0.325112,0
3025,0.563256,0
3026,0.400729,0
3027,0.812895,0
3028,0.971228,0
3029,0.166392,1
3030,2.859817,1
3031,10.749804,0
3032,2.147932,1
3033,0.346711,0
3034,1.216221,1
3035,0.954261,0
3036,0.053396,0
3037,0.83542,0
3038,9.14593,0
3039,11.067537,0
3040,0.381062,0
3041,0.40847,0
3042,0.337191,0
3043,0.442289,0
3044,0.275757,0
3045,0.487951,0
3046,0.197587,0
3047,9.516153,0
3048,1.576054,1
3049,0.374716,0
3050,0.665602,1
3051,0.413267,0
3052,1.065301,0
3053,1.022955,0
3054,0.373573,0
3055,0.278314,0
3056,0.042286,0
3057,0.682579,1
3058,0.819587,0
3059,0.492992,0
3060,0.631629,0
3061,0.74699,0
3062,1.926795,0
3063,10.697668,0
3064,1.493135,1
3065,1.613857,1
3066,0.497774,0
3067,11.385935,0
3068,0.279403,0
3069,10.206188,0
3070,1.033534,0
3071,0.515724,0
3072,11.209166,1
3073,0.384239,0
3074,0.243542,0
3075,0.2439,0
3076,1.045391,0
3077,0.847389,0
3078,0.428162,0
3079,0.458746,0
3080,0.355009,0
3081,1.354025,1
3082,0.428778,0
3083,0.215935,0
3084,0.028159,0
3085,1.093086,0
3086,0.28905,0
3087,0.350154,0
3088,0.322009,1
3089,1.172676,0
3090,0.203846,1
3091,0.193107,0
3092,2.574004,0
3093,0.147279,0
3094,0.642333,0
3095,9.409573,0
3096,0.197161,0
3097,1.369724,0
3098,0.933762,0
3099,1.784297,0
3100,0.213383,0
3101,0.291342,0
3102,0.408763,0
3103,9.45548,0
3104,8.958718,1
3105,9.377921,0
3106,0.41436,0
3107,0.516088,0
3108,0.673997,0
3109,1.251796,0
3110,1.029685,0
3111,0.70032,0
3112,0.039693,0
3113,9.772446,0
3114,0.257201,0
3115,2.446848,1
3116,2.190606,0
3117,10.297211,0
3118,0.839057,0
3119,2.840475,0
3120,1.01813,0
3121,0.423039,0
3122,0.597487,0
3123,0.493547,0
3124,1.641501,0
3125,0.524147,0
3126,1.131646,0
3127,0.150479,0
3128,0.26545,0
3129,1.288725,0
3130,0.25735,0
3131,0.536791,0
3132,0.899868,0
3133,0.325042,0
3134,1.301311,0
3135,0.067479,0
3136,0.335338,0
3137,2.601023,0
3138,2.319257,0
3139,0.694826,0
3140,0.445986,0
3141,0.764547,0
3142,10.509174,0
3143,3.480672,1
3144,11.868046,0
3145,2.870776,0
3146,0.487669,0
3147,0.226574,0
3148,1.191369,0
3149,0.20964,0
3150,0.278777,0
3151,0.694635,1
3152,11.083495,0
3153,1.066228,0
3154,0.281827,0
3155,0.415944,0
3156,0.792031,0
3157,0.511493,0
3158,1.316325,0
3159,0.382332,0
3160,0.230303,0
3161,0.561365,0
3162,0.500804,0
3163,0.315869,0
3164,9.899591,0
3165,0.236599,0
3166,0.116363,0
3167,1.819218,1
3168,1.158427,0
3169,0.329874,0
3170,8.908072,0
3171,0.260678,0
3172,0.262395,0
3173,0.22431,0
3174,2.512578,0
3175,1.408719,0
3176,0.42496,0
3177,3.3774,1
3178,2.444445,0
3179,1.633899,1
3180,10.616266,0
3181,9.827945,0
3182,1.512173,0
3183,0.274039,0
3184,10.811258,0
3185,0.659961,0
3186,0.169878,0
3187,0.314711,0
3188,5.098037,0
3189,9.284851,0
3190,1.041077,0
3191,4.179533,1
3192,0.226311,0
3193,0.643771,0
3194,0.332277,0
3195,0.550132,0
3196,0.202333,0
3197,0.698819,0
3198,9.170994,0
3199,0.61268,0
3200,0.753126,0
3201,0.091725,0
3202,2.451274,0
3203,4.305321,0
3204,10.527363,0
3205,9.240374,0
3206,0.04274,0
3207,3.098416,0
3208,1.770189,1
3209,4.00155,1
3210,0.395003,0
3211,0.317486,0
3212,12.352082,0
3213,10.516603,0
3214,0.202745,0
3215,9.036595,0
3216,0.104532,0
3217,10.048269,1
3218,0.252732,0
3219,0.268492,0
3220,10.885339,0
3221,8.427584,0
3222,1.515323,0
3223,0.52568,0
3224,3.149572,0
3225,0.361508,0
3226,0.501345,1
3227,0.464276,0
3228,10.76934,0
3229,4.736895,1
3230,1.505343,0
3231,1.642099,0
3232,0.088708,0
3233,0.538713,0
3234,12.562776,0
3235,0.359142,0
3236,0.308385,0
3237,2.721451,0
3238,12.165876,0
3239,0.403188,0
3240,2.997009,0
3241,0.268808,0
3242,0.807022,0
3243,0.508747,0
3244,0.391113,0
3245,0.566039,0
3246,0.381703,0
3247,1.472434,0
3248,13.009628,0
3249,0.609873,0
3250,0.565283,0
3251,1.511844,0
3252,1.421861,1
3253,0.173823,0
3254,1.206115,0
3255,10.64957,0
3256,1.858031,1
3257,2.011605,1
3258,11.52154,0
3259,0.277024,0
3260,0.332714,0
3261,2.247472,1
3262,10.443334,0
3263,0.24171,0
3264,1.871327,0
3265,9.436173,0
3266,0.181083,0
3267,0.378028,0
3268,2.829607,1
3269,11.219273,0
3270,0.233201,0
3271,0.510382,0
3272,2.774509,0
3273,0.765384,0
3274,10.008468,0
3275,1.131247,1
3276,9.386803,0
3277,0.931558,0
3278,9.467854,0
3279,0.59646,0
3280,4.833075,1
3281,12.950798,0
3282,0.233929,0
3283,0.124092,0
3284,0.168262,0
3285,0.526148,0
3286,0.225262,0
3287,0.419605,0
3288,2.31894,0
3289,0.290734,0
3290,0.119155,0
3291,0.974106,1
3292,1.669734,0
3293,0.590729,0
3294,1.085962,0
3295,2.822676,0
3296,0.046578,0
3297,0.5693,0
3298,1.448019,1
3299,0.286389,0
3300,0.42591,0
3301,0.488015,0
3302,10.078453,0
3303,0.992896,0
3304,0.848308,0
3305,0.327952,0
3306,0.472178,0
3307,0.288831,0
3308,3.197744,1
3309,0.043587,0
3310,1.35923,0
3311,0.385829,0
3312,0.255121,0
3313,0.708593,0
3314,1.696296,0
3315,0.311183,0
3316,0.365075,0
3317,0.30755,0
3318,0.212195,0
3319,4.093295,0
3320,9.799973,0
3321,0.237744,0
3322,0.452012,0
3323,0.377515,0
3324,0.812081,0
3325,0.171682,0
3326,0.218734,0
3327,9.992399,1
3328,2.202604,0
3329,0.428259,0
3330,1.203965,1
3331,0.444926,0
3332,2.170988,0
3333,0.666014,0
3334,0.52182,0
3335,9.865302,0
3336,0.138645,0
3337,0.297949,0
3338,0.453504,0
3339,1.419294,0
3340,0.192437,0
3341,1.308712,1
3342,0.852878,1
3343,0.908225,0
3344,0.268304,0
3345,0.150518,0
3346,9.845124,0
3347,0.333825,0
3348,1.432837,0
3349,1.050189,0
3350,8.807499,0
3351,0.7998,0
3352,0.457436,0
3353,0.341547,0
3354,0.322977,0
3355,9.615668,0
3356,9.473702,0
3357,10.388765,0
3358,10.520955,0
3359,10.524686,0
3360,1.175285,0
3361,0.409579,0
3362,0.619852,0
3363,0.468942,0
3364,1.272535,0
3365,0.319512,1
3366,0.458815,0
3367,0.441331,0
3368,2.691031,1
3369,0.452298,0
3370,0.472425,0
3371,0.89492,1
3372,2.688751,1
3373,0.090462,0
3374,10.652625,0
3375,0.510879,0
3376,0.246424,0
3377,0.546127,0
3378,0.637507,0
3379,0.169104,0
3380,9.097775,0
3381,10.97989,0
3382,2.279464,1
3383,3.450106,1
3384,0.273742,0
3385,11.877446,0
3386,10.74437,0
3387,0.221642,0
3388,1.151257,1
3389,0.361429,0
3390,1.331909,0
3391,0.827294,0
3392,0.253031,0
3393,0.313094,0
3394,9.547335,1
3395,9.569655,0
3396,0.13906,0
3397,0.04821,0
3398,0.475498,0
3399,0.633917,0
3400,0.681875,0
3401,9.108546,1
3402,0.493053,0
3403,0.155683,0
3404,2.217627,1
3405,1.92452,0
3406,9.566909,0
3407,1.253681,0
3408,0.604384,0
3409,8.875195,0
3410,2.692971,0
3411,0.561885,0
3412,0.960497,0
3413,1.19379,0
3414,0.80691,0
3415,9.54304,0
3416,0.965358,0
3417,11.547788,0
3418,0.536999,0
3419,0.401575,0
3420,0.338982,0
3421,9.274978,0
3422,0.295326,1
3423,0.214031,0
3424,0.263248,0
3425,0.411729,0
3426,0.682622,0
3427,3.723042,1
3428,1.610389,0
3429,0.423662,0
3430,0.453995,0
3431,9.869717,0
3432,0.25925,0
3433,0.817554,1
3434,0.420285,0
3435,2.594272,1
3436,0.907196,0
3437,0.386583,0
3438,1.268985,0
3439,0.308678,0
3440,0.935152,0
3441,0.182883,0
3442,0.38571,0
3443,0.28613,0
3444,0.350474,0
3445,0.059055,0
3446,1.652965,0
3447,2.708653,0
3448,10.538951,0
3449,1.649127,0
3450,0.690287,0
3451,0.294336,0
3452,0.129407,0
3453,0.156102,0
3454,1.354434,0
3455,0.084048,0
3456,0.571395,0
3457,1.369112,0
3458,2.907435,1
3459,0.268814,0
3460,8.364509,1
3461,0.373794,0
3462,2.560431,1
3463,0.950857,0
3464,1.015771,1
3465,1.331092,0
3466,1.288935,0
3467,0.504633,0
3468,9.820468,0
3469,10.160716,0
3470,2.658042,0
3471,0.464025,0
3472,9.551324,1
3473,0.905009,0
3474,0.260991,0
3475,0.593604,0
3476,9.294672,0
3477,0.609453,0
3478,0.426021,0
3479,0.970997,0
3480,10.528547,0
3481,0.290428,0
3482,0.913152,0
3483,0.294361,0
3484,0.366704,0
3485,0.488791,0
3486,0.582769,0
3487,1.142864,0
3488,0.510611,0
3489,0.176554,0
3490,0.608176,0
3491,0.542372,0
3492,0.405072,0
3493,8.774313,0
3494,0.370311,0
3495,11.536122,0
3496,0.244996,0
3497,8.485102,0
3498,0.511067,0
3499,0.116188,0
3500,0.182133,0
3501,0.222504,0
3502,8.823522,0
3503,0.309395,0
3504,10.889659,0
3505,10.149351,0
3506,0.838252,0
3507,9.803351,0
3508,0.776091,0
3509,0.552951,0
3510,0.697564,0
3511,0.356851,0
3512,1.399456,0
3513,10.116106,0
3514,11.516617,0
3515,0.807732,0
3516,0.369386,0
3517,0.199113,0
3518,10.078403,0
3519,0.320735,0
3520,0.372535,0
3521,1.783288,0
3522,0.97287,0
3523,3.459069,1
3524,0.286351,0
3525,0.855449,1
3526,0.268987,0
3527,0.247102,0
3528,0.194685,0
3529,0.249052,0
3530,10.115562,0
3531,10.716278,0
3532,2.422139,1
3533,1.714821,1
3534,2.721448,0
3535,2.747439,0
3536,0.418624,0
3537,0.34813,0
3538,4.513206,0
3539,10.597238,1
3540,0.922425,0
3541,0.550197,0
3542,0.132126,0
3543,10.893688,0
3544,0.491983,0
3545,9.499673,0
3546,0.352622,0
3547,0.405089,0
3548,3.149512,1
3549,4.121819,0
3550,9.716048,1
3551,0.79203,0
3552,0.24433,0
3553,0.337475,0
3554,3.781547,1
3555,0.336447,0
3556,0.179407,0
3557,0.559517,0
3558,1.77117,0
3559,9.408798,0
3560,10.779147,0
3561,0.489272,0
3562,1.669328,0
3563,3.151921,0
3564,1.861656,0
3565,0.688944,0
3566,0.45854,0
3567,0.329715,0
3568,0.037019,0
3569,0.355188,0
3570,1.704004,0
3571,10.710236,0
3572,0.51081,0
3573,7.63754,0
3574,0.066664,0
3575,10.481497,0
3576,1.007206,0
3577,9.439351,0
3578,10.173506,0
3579,0.455003,0
3580,1.116137,1
3581,0.59363,1
3582,0.578153,0
3583,0.703197,0
3584,0.264151,0
3585,0.416604,0
3586,0.907171,0
3587,2.028452,0
3588,0.321095,0
3589,1.376853,1
3590,0.784542,0
3591,10.148316,0
3592,0.472454,0
3593,0.500834,0
3594,0.109622,0
3595,1.035778,0
3596,1.963911,0
3597,1.732341,0
3598,3.306287,0
3599,0.429227,0
3600,4.007469,1
3601,1.000974,0
3602,0.402578,0
3603,9.991034,0
3604,0.973528,0
3605,1.038708,0
3606,3.436086,1
3607,10.370002,0
3608,2.181007,1
3609,0.72984,0
3610,1.384634,1
3611,1.463285,0
3612,10.3586,0
3613,0.522181,0
3614,2.957016,0
3615,0.950516,0
3616,0.332769,0
3617,0.209013,0
3618,0.375706,0
3619,8.72886,0
3620,0.375556,0
3621,0.339959,0
3622,0.185667,0
3623,2.229565,1
3624,0.216557,0
3625,0.183936,0
3626,0.124973,0
3627,2.998366,0
3628,0.335116,0
3629,0.457068,0
3630,3.771142,0
3631,0.586183,0
3632,1.138795,0
3633,0.512339,0
3634,1.436032,0
3635,9.143168,0
3636,9.62595,1
3637,0.142557,0
3638,0.41896,0
3639,10.262762,1
3640,0.761695,0
3641,0.729689,0
3642,0.039848,0
3643,1.719125,1
3644,2.185127,0
3645,0.587409,0
3646,1.099664,0
3647,1.422771,1
3648,0.324428,0
3649,0.369499,0
3650,3.649848,0
3651,9.758709,0
3652,0.488287,0
3653,0.551304,0
3654,0.483555,0
3655,0.218704,0
3656,0.919644,0
3657,0.469352,0
3658,0.256958,0
3659,0.066979,0
3660,2.006935,1
3661,0.366606,0
3662,0.380343,0
3663,0.287076,0
3664,0.500024,0
3665,0.662048,0
3666,8.991188,0
3667,0.326957,0
3668,0.163101,0
3669,0.277749,0
3670,10.163309,0
3671,11.637794,0
3672,2.347833,0
3673,0.466731,0
3674,9.538484,0
3675,10.795247,0
3676,0.158844,0
3677,0.290692,0
3678,9.299377,0
3679,1.445991,0
3680,1.264593,0
3681,0.355628,0
3682,10.196659,0
3683,0.094131,0
3684,2.025239,1
3685,0.691739,0
3686,0.335081,0
3687,0.347274,0
3688,0.283231,0
3689,2.071851,0
3690,8.576339,0
3691,1.531251,0
3692,0.519062,0
3693,11.377318,0
3694,0.224506,0
3695,0.619057,0
3696,0.122101,0
3697,0.435015,0
3698,0.775011,0
3699,0.056039,0
3700,1.598031,0
3701,9.362806,0
3702,1.898173,0
3703,0.311292,0
3704,0.970796,0
3705,0.043845,0
3706,9.695389,0
3707,1.977176,0
3708,0.46518,0
3709,1.451396,0
3710,0.260403,0
3711,10.372852,0
3712,0.398476,0
3713,2.748653,1
3714,0.376442,0
3715,1.094789,0
3716,0.204096,0
3717,8.821357,1
3718,9.034286,0
3719,0.322234,0
3720,0.108244,0
3721,9.494683,0
3722,8.911263,0
3723,0.288037,0
3724,0.26016,0
3725,1.907005,1
3726,1.72936,0
3727,0.123022,0
3728,1.360061,0
3729,0.499904,0
3730,1.270363,0
3731,9.591416,0
3732,0.308745,0
3733,10.934139,0
3734,0.263515,0
3735,1.808062,0
3736,1.678332,0
3737,0.969584,0
3738,9.250035,1
3739,0.670957,0
3740,0.324602,0
3741,0.215592,0
3742,0.461616,0
3743,0.551635,0
3744,0.714798,0
3745,0.756646,0
3746,0.303474,0
3747,4.272218,1
3748,9.099117,0
3749,9.068806,0
3750,0.262992,0
3751,0.535328,0
3752,0.904269,0
3753,9.134455,0
3754,1.996986,0
3755,0.246573,0
3756,1.577521,0
3757,0.263159,0
3758,0.532766,0
3759,0.463361,0
3760,0.466978,0
3761,0.770763,0
3762,1.067665,0
3763,0.543875,0
3764,0.374141,0
3765,1.075027,0
3766,1.110031,0
3767,0.135842,0
3768,0.136727,0
3769,0.766773,0
3770,11.10708,0
3771,0.264869,0
3772,0.711565,0
3773,9.582171,0
3774,0.645494,0
3775,0.427932,1
3776,0.125561,0
3777,0.395622,0
3778,10.090919,0
3779,0.345307,0
3780,0.190235,0
3781,9.153802,0
3782,0.286076,0
3783,0.365198,0
3784,0.458846,0
3785,2.543849,0
3786,0.410445,0
3787,1.718599,0
3788,0.490226,0
3789,11.532858,0
3790,0.855883,0
3791,0.663827,0
3792,0.106089,0
3793,0.904451,0
3794,0.197154,0
3795,0.588709,0
3796,0.228276,0
3797,3.173629,0
3798,0.462952,0
3799,0.54122,0
3800,1.751868,0
3801,0.670492,0
3802,0.477421,0
3803,0.230778,0
3804,0.262538,0
3805,9.729835,0
3806,0.606918,0
3807,9.989517,0
3808,3.201059,1
3809,1.0563,0
3810,1.199792,0
3811,10.076126,0
3812,0.729473,1
3813,1.221197,0
3814,0.23499,0
3815,0.459479,0
3816,0.032592,0
3817,9.921156,1
3818,0.74085,0
3819,9.118106,1
3820,1.825695,1
3821,9.62417,0
3822,0.698861,0
3823,9.38085,0
3824,8.93931,0
3825,1.157421,0
3826,0.428495,0
3827,9.030972,0
3828,1.167986,0
3829,0.296459,0
3830,0.631184,0
3831,9.773566,0
3832,0.46897,0
3833,0.242589,0
3834,0.166241,0
3835,0.440965,0
3836,0.608808,0
3837,0.786069,0
3838,1.327086,0
3839,0.455886,0
3840,0.046815,0
3841,0.331811,0
3842,1.701189,0
3843,0.683935,0
3844,3.155396,0
3845,0.580851,0
3846,1.1569,0
3847,1.327089,0
3848,0.140606,0
3849,0.629856,1
3850,0.607244,0
3851,0.682618,0
3852,2.633304,0
3853,3.051795,0
3854,0.368583,0
3855,0.481146,0
3856,0.310865,0
3857,0.274002,0
3858,1.286093,0
3859,0.58652,0
3860,0.325195,0
3861,0.371068,0
3862,0.490128,0
3863,0.425548,0
3864,0.264839,0
3865,0.418015,0
3866,2.526125,1
3867,2.296479,1
3868,1.016784,0
3869,10.982812,0
3870,0.150144,0
3871,11.231614,0
3872,0.247035,0
3873,0.3532,0
3874,9.884189,1
3875,0.356717,0
3876,9.916013,0
3877,2.949214,0
3878,10.05505,0
3879,0.484487,0
3880,0.397178,0
3881,0.432102,0
3882,0.04013,0
3883,0.547081,0
3884,0.969741,0
3885,0.141371,0
3886,0.669655,0
3887,0.347091,0
3888,0.617154,0
3889,0.127741,0
3890,0.311641,0
3891,0.312528,0
3892,9.852616,0
3893,9.566249,0
3894,0.405736,0
3895,0.195011,0
3896,0.295703,0
3897,0.289043,0
3898,0.435864,0
3899,11.176115,0
3900,0.026042,0
3901,0.357211,0
3902,0.241679,0
3903,0.389718,0
3904,1.521069,0
3905,0.400035,0
3906,0.180939,0
3907,11.758877,0
3908,0.413291,0
3909,0.418898,0
3910,9.758247,0
3911,0.327716,0
3912,0.762588,0
3913,0.538493,0
3914,2.674109,0
3915,7.22075,1
3916,2.445872,0
3917,0.48493,0
3918,0.976288,0
3919,0.290191,0
3920,1.40801,0
3921,0.280708,0
3922,0.364335,0
3923,0.123251,0
3924,2.527711,1
3925,0.270911,0
3926,10.276653,0
3927,10.03127,1
3928,9.080673,1
3929,1.120453,0
3930,0.515149,0
3931,1.290718,0
3932,2.39393,1
3933,2.25498,0
3934,0.643338,0
3935,0.652375,0
3936,0.698992,0
3937,0.147799,0
3938,0.423867,0
3939,9.647523,0
3940,0.944925,0
3941,0.196621,0
3942,0.404363,0
3943,10.703075,1
3944,0.489603,0
3945,0.699367,0
3946,0.441054,0
3947,0.132267,0
3948,1.515022,0
3949,1.098317,0
3950,0.820362,0
3951,0.307448,0
3952,0.914101,0
3953,8.395757,0
3954,0.329194,0
3955,1.035744,0
3956,10.976271,0
3957,0.668751,0
3958,0.652359,0
3959,9.70869,0
3960,9.162529,0
3961,0.7355,0
3962,0.340887,0
3963,10.257444,0
3964,0.201698,0
3965,0.655152,0
3966,0.346982,0
3967,3.841372,0
3968,11.00069,0
3969,9.351638,0
3970,0.35908,0
3971,0.804166,0
3972,0.324722,0
3973,0.84046,0
3974,0.323883,0
3975,11.142574,0
3976,10.280303,0
3977,0.245236,0
3978,2.395379,0
3979,0.094653,0
3980,10.330179,0
3981,9.235843,0
3982,0.5277,0
3983,0.24578,0
3984,1.23673,0
3985,0.211544,0
3986,0.543231,0
3987,3.601039,0
3988,1.103594,0
3989,0.123247,0
3990,0.042758,0
3991,0.933458,0
3992,2.501165,1
3993,0.795847,0
3994,10.131134,0
3995,10.981215,0
3996,1.5054,0
3997,0.366275,0
3998,1.186644,0
3999,0.253639,0
4000,0.206818,0
4001,8.565948,0
4002,0.525365,0
4003,0.224594,0
4004,10.324924,0
4005,1.018978,0
4006,0.178774,0
4007,1.501805,0
4008,0.233544,0
4009,0.609886,0
4010,0.240804,0
4011,2.802251,1
4012,10.512026,0
4013,0.588523,0
4014,1.431668,0
4015,11.239394,0
4016,0.266487,0
4017,9.859216,0
4018,1.377305,0
4019,2.15575,0
4020,0.401121,0
4021,0.414199,0
4022,0.961015,0
4023,9.455149,0
4024,0.485907,0
4025,10.532856,0
4026,0.3211,0
4027,1.755786,0
4028,9.156726,1
4029,0.392656,0
4030,3.520623,0
4031,11.073175,0
4032,11.29721,0
4033,0.654092,0
4034,1.849266,1
4035,0.258292,0
4036,0.500968,0
4037,9.310656,0
4038,9.775117,0
4039,10.148635,0
4040,0.216501,1
4041,0.302585,0
4042,0.192653,0
4043,0.163647,0
4044,1.05185,0
4045,1.804228,0
4046,0.606367,0
4047,3.530132,1
4048,9.41281,0
4049,8.137915,0
4050,1.282885,0
4051,0.996782,0
4052,2.591204,1
4053,0.224059,0
4054,1.143665,0
4055,10.103841,0
4056,0.844355,0
4057,9.701142,0
4058,0.140049,0
4059,11.354896,0
4060,0.054237,0
4061,1.267048,1
4062,0.164639,0
4063,0.236643,0
4064,0.182146,0
4065,0.680637,0
4066,0.316623,0
4067,0.698375,0
4068,0.847895,0
4069,0.060467,0
4070,0.321671,0
4071,0.578549,0
4072,1.162488,1
4073,10.413015,1
4074,0.250054,0
4075,0.684942,0
4076,0.301807,0
4077,0.095532,0
4078,0.02399,0
4079,1.246669,0
4080,10.396525,0
4081,10.382313,0
4082,1.098311,0
4083,2.653422,0
4084,0.258954,0
4085,0.184091,0
4086,10.335345,0
4087,0.449909,0
4088,0.067958,0
4089,0.081487,0
4090,0.454547,0
4091,0.651377,1
4092,0.64267,0
4093,1.298815,0
4094,0.595426,0
4095,0.561416,0
4096,0.875671,1
4097,9.489148,0
4098,0.168068,0
4099,0.388902,0
4100,0.193709,0
4101,0.426228,0
4102,0.571745,0
4103,0.164562,0
4104,1.044444,0
4105,0.248246,0
4106,0.249581,0
4107,0.627228,0
4108,11.396935,0
4109,1.704935,0
4110,1.55699,1
4111,0.034155,0
4112,10.96338,0
4113,9.890665,0
4114,10.447255,0
4115,0.460062,0
4116,0.616926,0
4117,0.362629,0
4118,8.319427,0
4119,0.887468,0
4120,10.534321,0
4121,1.281127,0
4122,1.062943,0
4123,0.288756,0
4124,0.555735,0
4125,0.444668,0
4126,0.243495,0
4127,0.482887,0
4128,3.500172,0
4129,0.28923,0
4130,2.365562,0
4131,0.234808,0
4132,0.187278,0
4133,0.74201,0
4134,0.178977,0
4135,9.089628,0
4136,0.215539,0
4137,0.281988,0
4138,0.367876,0
4139,1.593187,0
4140,2.450777,1
4141,3.38251,0
4142,0.470601,0
4143,0.263907,0
4144,0.586515,0
4145,0.209776,0
4146,0.708387,1
4147,0.54272,0
4148,0.316561,0
4149,0.618859,0
4150,0.067748,0
4151,0.975234,1
4152,0.306363,0
4153,0.073121,0
4154,0.489887,0
4155,0.292171,0
4156,0.565591,0
4157,0.716284,0
4158,0.665381,0
4159,0.273673,0
4160,8.701054,0
4161,10.694894,0
4162,0.665681,0
4163,1.684111,0
4164,0.437633,0
4165,3.735724,1
4166,0.359303,0
4167,0.362473,0
4168,11.455272,0
4169,10.45487,0
4170,9.328413,0
4171,10.56088,0
4172,0.661702,0
4173,10.986528,0
4174,0.42545,0
4175,0.240649,0
4176,9.524171,0
4177,0.413109,0
4178,0.533087,0
4179,9.365098,0
4180,0.272816,0
4181,0.52778,1
4182,1.691047,0
4183,0.440587,0
4184,0.108203,0
4185,0.325529,0
4186,0.364523,0
4187,0.588725,0
4188,2.05395,1
4189,10.69221,0
4190,0.346357,0
4191,0.243642,0
4192,2.504125,1
4193,2.147851,0
4194,2.467512,1
4195,0.729168,0
4196,0.339792,0
4197,0.230017,0
4198,10.903687,0
4199,1.05369,0
4200,0.266638,0
4201,2.1224,0
4202,0.627641,0
4203,0.531503,0
4204,0.29556,0
4205,9.654023,0
4206,0.98796,0
4207,2.917866,0
4208,0.302231,0
4209,0.471842,0
4210,0.177278,0
4211,0.339301,0
4212,10.040273,0
4213,0.308943,0
4214,8.399574,0
4215,10.380183,0
4216,0.678357,0
4217,0.293697,0
4218,0.217945,0
4219,0.305268,0
4220,0.776935,0
4221,0.406594,1
4222,0.644045,0
4223,0.639539,0
4224,10.778357,0
4225,1.401451,0
4226,1.403363,0
4227,1.371991,0
4228,0.363661,0
4229,0.660677,0
4230,9.001172,0
4231,0.383767,0
4232,0.582156,0
4233,2.964815,0
4234,1.715204,0
4235,1.209881,0
4236,0.196959,0
4237,1.967761,1
4238,3.12153,1
4239,3.590402,0
4240,1.527509,0
4241,0.710125,0
4242,9.707964,0
4243,0.363918,0
4244,9.516324,0
4245,0.657626,1
4246,2.000561,0
4247,0.539726,0
4248,1.01438,1
4249,1.155699,0
4250,3.245595,0
4251,1.397658,0
4252,1.948639,0
4253,0.420002,0
4254,8.655259,0
4255,0.512944,0
4256,0.122272,0
4257,1.212135,0
4258,0.377862,0
4259,0.824565,0
4260,0.417446,0
4261,0.153602,0
4262,1.743429,1
4263,1.21303,0
4264,1.250578,0
4265,0.41868,0
4266,0.400068,0
4267,0.346291,0
4268,0.406044,0
4269,0.298669,0
4270,0.312709,0
4271,10.099816,0
4272,0.32596,0
4273,0.891242,1
4274,2.852466,0
4275,1.452395,0
4276,0.090998,0
4277,1.003829,1
4278,0.310339,0
4279,0.936242,0
4280,9.916465,0
4281,0.409706,0
4282,0.384662,0
4283,0.398832,1
4284,1.269385,0
4285,0.190539,0
4286,0.388785,0
4287,0.23962,0
4288,0.201273,0
4289,0.560743,0
4290,0.335476,0
4291,0.317044,0
4292,0.708101,0
4293,9.62569,1
4294,0.097569,0
4295,0.472763,0
4296,9.581675,0
4297,9.597317,0
4298,0.582899,0
4299,0.243673,0
4300,0.569349,0
4301,0.156971,0
4302,0.533081,0
4303,0.216662,0
4304,9.526111,0
4305,0.441814,0
4306,0.959281,0
4307,0.617723,0
4308,0.433622,0
4309,0.236245,0
4310,0.352478,0
4311,0.093545,0
4312,10.006932,0
4313,0.071265,0
4314,0.549482,0
4315,0.105064,0
4316,0.159547,0
4317,9.318946,0
4318,0.55775,0
4319,0.257153,0
4320,2.173581,1
4321,9.395643,0
4322,10.2333,0
4323,1.564141,1
4324,2.935207,0
4325,0.731436,0
4326,0.026003,0
4327,0.240487,0
4328,11.140982,0
4329,0.246835,0
4330,0.271477,0
4331,1.635247,1
4332,0.588685,0
4333,0.350151,0
4334,0.587894,0
4335,1.096913,0
4336,2.276776,0
4337,1.335326,0
4338,0.511199,0
4339,2.259297,0
4340,0.500239,0
4341,0.62681,0
4342,0.326867,0
4343,9.766053,0
4344,0.464192,0
4345,11.787371,0
4346,0.800104,0
4347,8.804522,0
4348,10.914515,0
4349,0.362685,0
4350,0.262322,0
4351,11.115767,0
4352,0.144172,0
4353,0.186868,0
4354,0.743367,0
4355,0.280094,0
4356,0.118129,0
4357,1.751007,0
4358,0.325182,0
4359,2.904932,0
4360,0.146063,0
4361,0.517972,0
4362,10.130191,0
4363,9.101748,0
4364,0.443732,0
4365,0.368557,0
4366,2.008134,0
4367,3.295993,1
4368,1.205343,0
4369,0.329269,0
4370,2.457093,0
4371,0.22438,0
4372,0.581425,0
4373,0.476982,0
4374,8.276011,0
4375,0.233337,0
4376,0.357772,0
4377,0.098265,0
4378,3.331928,1
4379,1.319986,0
4380,1.818873,0
4381,9.376475,0
4382,1.978251,1
4383,0.094897,0
4384,0.7389,0
4385,0.681136,1
4386,10.39948,0
4387,0.251115,0
4388,0.770814,0
4389,10.307292,0
4390,0.138339,0
4391,0.723899,0
4392,10.718673,0
4393,0.548495,0
4394,1.667765,1
4395,0.179124,0
4396,0.518725,0
4397,0.755362,0
4398,1.110585,0
4399,1.49935,0
4400,0.193881,0
4401,0.408065,0
4402,10.016823,0
4403,10.895998,0
4404,3.128595,0
4405,1.663579,0
4406,1.299342,0
4407,0.776702,0
4408,0.337985,0
4409,9.673144,0
4410,0.303333,0
4411,1.970037,0
4412,9.013383,1
4413,0.253374,0
4414,0.184048,0
4415,0.436065,0
4416,0.523768,0
4417,0.496143,0
4418,0.186964,0
4419,0.816844,0
4420,0.430236,0
4421,0.635124,0
4422,11.260221,0
4423,0.250332,0
4424,0.507292,0
4425,0.403717,0
4426,0.123059,0
4427,0.780411,0
4428,0.609099,0
4429,0.440206,0
4430,0.345322,0
4431,2.762359,1
4432,11.742018,0
4433,0.536028,0
4434,0.801621,0
4435,0.181939,0
4436,0.824898,1
4437,0.472099,0
4438,10.892765,0
4439,10.300644,0
4440,0.137373,0
4441,10.736266,0
4442,0.81268,0
4443,0.152978,0
4444,0.50887,1
4445,9.875136,0
4446,0.909612,0
4447,10.669202,0
4448,9.846007,0
4449,0.74959,0
4450,1.381615,0
4451,0.175329,0
4452,0.762653,0
4453,1.045101,0
4454,10.006858,0
4455,0.49426,0
4456,0.05382,0
4457,0.604975,0
4458,0.678375,0
4459,2.031671,0
4460,0.294706,0
4461,9.17725,0
4462,10.633567,0
4463,0.362127,0
4464,1.826097,0
4465,0.394506,0
4466,0.321416,0
4467,0.059696,0
4468,9.601459,0
4469,1.650427,0
4470,0.870354,0
4471,0.295325,0
4472,1.112739,1
4473,0.304227,0
4474,0.060851,0
4475,11.204442,0
4476,0.294849,0
4477,10.621628,0
4478,3.093508,1
4479,0.438768,0
4480,0.465345,0
4481,0.343735,0
4482,2.857332,0
4483,0.477583,0
4484,1.922828,0
4485,0.42309,0
4486,0.442831,0
4487,1.51504,0
4488,0.391269,0
4489,2.688425,0
4490,0.597293,0
4491,0.525242,0
4492,0.744969,0
4493,12.410112,0
4494,0.278295,0
4495,0.333168,0
4496,0.653183,0
4497,0.210077,0
4498,1.018191,0
4499,0.171664,0
4500,0.184073,0
4501,0.114136,0
4502,0.204021,0
4503,10.221591,0
4504,0.49092,0
4505,0.426949,0
4506,0.211896,0
4507,1.638761,0
4508,0.588735,0
4509,0.461902,1
4510,0.669901,0
4511,11.699173,0
4512,0.338422,0
4513,10.155044,1
4514,0.118097,0
4515,0.655239,0
4516,2.220541,1
4517,0.053941,0
4518,0.151018,0
4519,9.168947,0
4520,0.936981,0
4521,10.618861,0
4522,0.312614,0
4523,1.194281,0
4524,0.769137,0
4525,0.31143,0
4526,0.379803,0
4527,0.396186,0
4528,0.806843,0
4529,3.726152,1
4530,1.043266,1
4531,0.190056,0
4532,0.022624,0
4533,10.081334,0
4534,1.121812,0
4535,1.001497,0
4536,0.522593,0
4537,0.178156,0
4538,0.472111,0
4539,0.223564,0
4540,3.911253,0
4541,3.231105,0
4542,0.486624,1
4543,0.513808,0
4544,3.001874,1
4545,3.437809,1
4546,10.507611,0
4547,0.917787,1
4548,0.184511,0
4549,9.465887,0
4550,0.503619,0
4551,3.63287,1
4552,0.064327,0
4553,10.469312,0
4554,1.577253,1
4555,0.345699,0
4556,2.016445,0
4557,2.841815,0
4558,0.676621,0
4559,0.213681,0
4560,2.747933,1
4561,0.289204,0
4562,1.818002,0
4563,0.171406,0
4564,10.194821,1
4565,0.282382,0
4566,1.283037,0
4567,1.152206,0
4568,4.17646,1
4569,1.774529,0
4570,8.492211,0
4571,0.420917,0
4572,0.25711,0
4573,0.091279,0
4574,3.782564,0
4575,0.40396,0
4576,0.221051,0
4577,0.294434,0
4578,0.662874,0
4579,0.261542,0
4580,0.532096,0
4581,0.471195,0
4582,3.489022,1
4583,9.261703,0
4584,3.70809,1
4585,1.347266,0
4586,0.474273,0
4587,0.171653,0
4588,2.20702,1
4589,0.235011,0
4590,0.783718,0
4591,0.727448,0
4592,0.818795,0
4593,0.189837,0
4594,1.307559,0
4595,0.376915,0
4596,9.48744,1
4597,0.425691,0
4598,9.994632,0
4599,0.239995,0
4600,0.493068,0
4601,0.748063,0
4602,0.225602,0
4603,0.60886,0
4604,0.117681,0
4605,11.210582,0
4606,0.315461,0
4607,0.434539,0
4608,0.041287,0
4609,0.781803,0
4610,8.581398,0
4611,9.252112,0
4612,8.973642,0
4613,11.790692,0
4614,0.941162,0
4615,0.247211,0
4616,10.227871,0
4617,0.225703,0
4618,2.569897,0
4619,0.714115,0
4620,2.35494,0
4621,0.103172,0
4622,12.312227,0
4623,0.396436,0
4624,0.528226,0
4625,0.389129,0
4626,0.369246,0
4627,0.299023,0
4628,0.502779,0
4629,0.692409,0
4630,0.436931,0
4631,2.904405,1
4632,1.275716,0
4633,0.114815,0
4634,0.333313,1
4635,10.708106,0
4636,0.812871,0
4637,1.286746,0
4638,2.18287,1
4639,0.488957,0
4640,0.298199,0
4641,0.693016,0
4642,10.333464,0
4643,0.973091,0
4644,9.772491,1
4645,0.333472,0
4646,0.620166,0
4647,9.911751,0
4648,0.439522,0
4649,0.359509,0
4650,0.310396,0
4651,3.58021,0
4652,9.584753,0
4653,2.275198,1
4654,0.040625,0
4655,0.198373,0
4656,0.821813,0
4657,0.688005,0
4658,8.430696,1
4659,9.544485,0
4660,0.294298,0
4661,0.426663,0
4662,1.484239,1
4663,0.93337,0
4664,9.531134,0
4665,10.818663,0
4666,0.357718,0
4667,0.438719,0
4668,0.768718,0
4669,9.169626,0
4670,10.570539,0
4671,3.526137,1
4672,0.316518,0
4673,1.141762,0
4674,0.395971,0
4675,0.256511,0
4676,1.036731,0
4677,0.25037,0
4678,0.272648,0
4679,1.348646,0
4680,10.570673,1
4681,1.779639,0
4682,0.65377,0
4683,9.893702,0
4684,2.234394,1
4685,1.75001,1
4686,10.95905,0
4687,0.978697,0
4688,8.979765,0
4689,9.770678,0
4690,2.238796,1
4691,0.824614,0
4692,0.363799,0
4693,8.165411,0
4694,0.344438,0
4695,0.600389,0
4696,0.200741,0
4697,0.36929,0
4698,0.359199,0
4699,1.026716,0
4700,0.419012,0
4701,0.229973,0
4702,0.326087,0
4703,10.797755,0
4704,3.881455,1
4705,0.259973,0
4706,0.859942,0
4707,0.444295,0
4708,11.763863,0
4709,10.517132,0
4710,0.888986,0
4711,0.209736,0
4712,0.434856,0
4713,2.531346,0
4714,0.530664,0
4715,0.443601,0
4716,0.449197,0
4717,0.390907,0
4718,2.995834,0
4719,3.857883,0
4720,9.732336,1
4721,11.283625,0
4722,0.620643,0
4723,0.116024,0
4724,0.257421,0
4725,9.034295,0
4726,0.260183,0
4727,9.659224,0
4728,0.250752,0
4729,1.336742,0
4730,2.700153,0
4731,0.967513,0
4732,0.246478,0
4733,10.704239,0
4734,0.677034,0
4735,0.515266,0
4736,0.66375,0
4737,0.711462,0
4738,0.612395,0
4739,8.98789,0
4740,1.748265,0
4741,0.441391,0
4742,0.484395,0
4743,1.213515,0
4744,0.54183,0
4745,0.695552,0
4746,0.548042,0
4747,9.17853,0
4748,9.297331,0
4749,1.080315,0
4750,0.484254,0
4751,0.699434,0
4752,0.399576,0
4753,1.31189,0
4754,0.636741,0
4755,0.520008,0
4756,0.156431,0
4757,0.083391,0
4758,0.292465,0
4759,0.541651,0
4760,2.639618,0
4761,8.566582,0
4762,0.779756,1
4763,0.139797,0
4764,0.531187,0
4765,0.019903,0
4766,10.586136,0
4767,9.587115,0
4768,0.251363,0
4769,0.240019,0
4770,0.255469,0
4771,0.249008,0
4772,0.321849,0
4773,0.302449,0
4774,0.046856,0
4775,0.213038,0
4776,9.923257,1
4777,2.932724,1
4778,0.336633,0
4779,12.043352,0
4780,0.35882,0
4781,10.186582,0
4782,1.074441,0
4783,0.721877,0
4784,10.208131,0
4785,10.01844,0
4786,1.615746,0
4787,0.302193,0
4788,0.287965,0
4789,0.58552,0
4790,0.16077,0
4791,0.031755,0
4792,1.403226,0
4793,0.699853,0
4794,1.166964,1
4795,0.349946,0
4796,0.282517,0
4797,10.49375,0
4798,0.468814,0
4799,3.28845,0
4800,0.875578,0
4801,11.713585,0
4802,0.756368,0
4803,10.37855,0
4804,0.454278,0
4805,10.831918,0
4806,10.658669,0
4807,0.310659,0
4808,10.963177,0
4809,0.495849,0
4810,2.000036,0
4811,9.124158,0
4812,0.355102,0
4813,2.651939,0
4814,0.147394,0
4815,0.367646,0
4816,0.440981,0
4817,1.80441,1
4818,0.56797,0
4819,0.182812,0
4820,0.994193,0
4821,0.356218,0
4822,1.704111,0
4823,0.303209,0
4824,0.719445,0
4825,0.270209,0
4826,0.292305,0
4827,0.310777,0
4828,0.604339,0
4829,1.492871,0
4830,0.771971,0
4831,0.449384,0
4832,2.555014,0
4833,1.297763,0
4834,8.774714,0
4835,1.431152,0
4836,1.104125,0
4837,0.623458,0
4838,10.209589,0
4839,0.291995,0
4840,0.439881,0
4841,0.637401,0
4842,1.246989,0
4843,0.253786,0
4844,0.462046,0
4845,3.352511,0
4846,0.242779,0
4847,10.430239,0
4848,1.155477,0
4849,0.357994,0
4850,2.254486,0
4851,9.470863,1
4852,8.958784,0
4853,0.432744,0
4854,0.912832,0
4855,0.782516,0
4856,0.931467,0
4857,0.324234,0
4858,9.774004,0
4859,0.462929,0
4860,0.600828,0
4861,0.30532,0
4862,9.900679,1
4863,10.47048,0
4864,0.778897,0
4865,0.516823,0
4866,3.964494,1
4867,9.422778,0
4868,0.511212,0
4869,0.321178,0
4870,10.620628,0
4871,0.310634,0
4872,9.323432,1
4873,1.332903,0
4874,0.214845,0
4875,3.284664,1
4876,4.047393,0
4877,0.377464,0
4878,9.376966,0
4879,0.424427,0
4880,0.23957,0
4881,0.930075,0
4882,9.545213,0
4883,0.179428,0
4884,0.499167,0
4885,0.264385,0
4886,1.774176,1
4887,0.265588,0
4888,9.757207,1
4889,0.713452,1
4890,0.931862,0
4891,8.841373,1
4892,0.609292,0
4893,9.733104,0
4894,1.956438,0
4895,0.054071,0
4896,11.725327,0
4897,0.367972,0
4898,3.007272,0
4899,0.805019,0
4900,0.537643,0
4901,10.101166,0
4902,0.812577,0
4903,1.133985,0
4904,0.287731,0
4905,1.285797,0
4906,0.052743,0
4907,0.776516,0
4908,0.100195,0
4909,10.355245,0
4910,0.128779,0
4911,0.319418,0
4912,11.162935,0
4913,0.597875,0
4914,0.385641,0
4915,0.078331,0
4916,0.044309,0
4917,0.08723,0
4918,9.434226,1
4919,0.228225,0
4920,1.435086,0
4921,0.109736,0
4922,9.006324,0
4923,0.28973,0
4924,0.356437,0
4925,0.202586,0
4926,11.320572,0
4927,12.016797,0
4928,0.726002,0
4929,2.648307,0
4930,1.227376,0
4931,0.616596,0
4932,0.166107,0
4933,0.506433,0
4934,0.743856,0
4935,8.728803,1
4936,0.295424,0
4937,0.896558,0
4938,9.203574,0
4939,8.804029,0
4940,0.17415,0
4941,0.189333,0
4942,1.722349,1
4943,3.587974,1
4944,1.730589,0
4945,0.405446,0
4946,0.228703,0
4947,10.765008,0
4948,0.390106,0
4949,0.497008,0
4950,9.079553,0
4951,0.160492,0
4952,8.941583,0
4953,0.982571,0
4954,0.516204,0
4955,0.252155,0
4956,9.056577,0
4957,0.167706,0
4958,0.441936,0
4959,9.282572,0
4960,3.42495,0
4961,1.365459,1
4962,2.059095,0
4963,0.580997,0
4964,0.488312,0
4965,0.565987,0
4966,0.616537,0
4967,10.975639,1
4968,0.517711,0
4969,9.997651,0
4970,0.9928,0
4971,0.607897,0
4972,0.126953,0
4973,2.364388,0
4974,3.749898,0
4975,0.424814,0
4976,3.718753,0
4977,0.861102,1
4978,9.816654,0
4979,1.179149,0
4980,0.570386,0
4981,0.44476,0
4982,0.493995,0
4983,0.281398,0
4984,0.742286,0
4985,0.414314,0
4986,0.420892,0
4987,0.192026,0
4988,0.125331,0
4989,11.061254,1
4990,0.455534,0
4991,0.267888,0
4992,1.334143,0
4993,1.472855,0
4994,0.893747,1
4995,0.260667,0
4996,9.357297,0
4997,0.259303,0
4998,0.256217,0
4999,10.915963,0
5000,0.512371,0
5001,0.654285,0
5002,0.227141,0
5003,9.517787,0
5004,1.657559,0
5005,11.015892,0
5006,0.271468,0
5007,9.459899,1
5008,0.609545,0
5009,2.245009,0
5010,10.753081,0
5011,0.638464,1
5012,0.442243,0
5013,10.276849,0
5014,0.14798,0
5015,0.461152,0
5016,0.267185,0
5017,11.238565,0
5018,0.556041,0
5019,2.991566,0
5020,2.322931,0
5021,0.196791,0
5022,10.06694,0
5023,1.025356,1
5024,0.253464,0
5025,11.29691,0
5026,0.266785,0
5027,0.381692,0
5028,0.617871,0
5029,2.103405,0
5030,0.814568,0
5031,1.785658,0
5032,0.310202,0
5033,0.579167,0
5034,0.683896,0
5035,10.319358,0
5036,0.133924,0
5037,0.052837,0
5038,8.831388,0
5039,9.238191,0
5040,9.911718,0
5041,9.823651,0
5042,0.682461,0
5043,0.142236,0
5044,0.17895,0
5045,0.489601,0
5046,0.231448,0
5047,0.356254,0
5048,0.453819,0
5049,0.238861,0
5050,1.061522,0
5051,9.693967,0
5052,0.268274,0
5053,0.61362,0
5054,0.806499,1
5055,0.33072,0
5056,0.276668,0
5057,1.298984,0
5058,9.223162,1
5059,0.614441,1
5060,0.162528,0
5061,0.163413,0
5062,3.324374,1
5063,1.782985,0
5064,9.474092,0
5065,9.904321,0
5066,0.436818,0
5067,0.636841,0
5068,1.590506,1
5069,11.324478,0
5070,0.190394,0
5071,0.196552,0
5072,12.009472,0
5073,8.62691,1
5074,0.914204,0
5075,2.116197,0
5076,1.250003,0
5077,0.314463,0
5078,0.519583,0
5079,10.840969,0
5080,3.029433,0
5081,0.682044,0
5082,0.306604,0
5083,10.12903,1
5084,0.987248,0
5085,0.611546,0
5086,0.562244,0
5087,0.476801,1
5088,0.31994,0
5089,0.572573,0
5090,0.312825,0
5091,10.63333,0
5092,9.36074,0
5093,0.198209,0
5094,0.553555,0
5095,1.073385,0
5096,10.993318,0
5097,0.483338,0
5098,10.110813,0
5099,0.401193,0
5100,0.315689,0
5101,0.925362,0
5102,0.699045,0
5103,8.872197,0
5104,0.432683,0
5105,3.942896,0
5106,1.286591,0
5107,0.784789,0
5108,1.621104,0
5109,0.470051,0
5110,0.459998,0
5111,0.3682,0
5112,0.298121,0
5113,9.771971,0
5114,0.499619,0
5115,3.685249,1
5116,0.069344,0
5117,9.448658,0
5118,0.161196,0
5119,0.451891,0
5120,0.950708,0
5121,0.166748,1
5122,0.522619,0
5123,0.220031,0
5124,0.682167,0
5125,0.503048,0
5126,0.421855,0
5127,0.997209,1
5128,0.338355,0
5129,1.694029,1
5130,9.181802,0
5131,0.54011,0
5132,8.678531,0
5133,11.371491,0
5134,1.966934,0
5135,0.566319,0
5136,0.279665,0
5137,0.125914,1
5138,0.250043,0
5139,0.294607,0
5140,11.024714,0
5141,10.700189,0
5142,8.827049,0
5143,0.438841,0
5144,0.851259,1
5145,0.43422,0
5146,9.603716,0
5147,0.598931,0
5148,3.437911,1
5149,0.288194,0
5150,0.350459,0
5151,2.272163,0
5152,9.700925,1
5153,0.655435,0
5154,10.672372,0
5155,0.369651,0
5156,0.484468,0
5157,0.064858,0
5158,0.56094,0
5159,2.821028,0
5160,9.841185,0
5161,9.169,0
5162,0.303675,0
5163,1.340633,0
5164,10.830639,0
5165,0.319109,0
5166,0.672066,0
5167,0.685926,0
5168,0.531385,0
5169,4.532001,1
5170,0.772343,0
5171,10.139411,0
5172,0.305077,0
5173,0.121351,0
5174,0.628025,0
5175,0.868631,0
5176,9.685406,0
5177,0.334914,0
5178,0.314447,0
5179,0.288251,0
5180,8.532693,0
5181,4.889731,1
5182,10.220697,0
5183,0.549459,0
5184,0.49109,0
5185,0.78598,0
5186,0.083218,0
5187,0.178222,0
5188,0.470619,0
5189,0.413274,0
5190,0.238662,0
5191,0.520464,0
5192,0.277211,0
5193,0.828915,0
5194,0.624402,0
5195,0.348246,0
5196,0.287449,0
5197,11.171956,0
5198,10.93412,0
5199,0.200163,0
5200,1.010293,0
5201,0.306124,0
5202,0.136135,0
5203,0.110308,0
5204,9.590242,0
5205,10.291993,0
5206,2.137264,0
5207,10.197494,0
5208,1.706692,0
5209,2.630028,0
5210,0.55026,0
5211,10.203724,0
5212,0.280677,0
5213,0.306343,0
5214,1.170946,0
5215,0.340415,0
5216,2.968618,0
5217,8.514834,1
5218,1.030433,0
5219,9.657465,0
5220,7.899667,0
5221,0.310543,0
5222,3.111357,0
5223,8.70928,0
5224,0.974289,1
5225,0.108242,0
5226,1.503728,0
5227,0.36517,0
5228,0.06323,0
5229,0.142508,0
5230,8.307139,0
5231,0.357644,0
5232,0.563611,0
5233,0.303196,0
5234,1.640644,0
5235,0.248296,0
5236,0.543492,0
5237,9.215512,0
5238,0.662892,0
5239,0.274527,0
5240,2.186643,0
5241,0.186112,0
5242,10.570553,0
5243,1.29262,0
5244,0.642164,0
5245,11.321782,0
5246,1.260089,0
5247,8.852752,0
5248,0.472947,0
5249,0.237528,0
5250,0.294047,0
5251,11.365646,0
5252,1.391658,1
5253,10.493748,0
5254,0.409865,0
5255,0.371403,0
5256,1.204164,1
5257,4.561347,1
5258,9.739436,0
5259,10.173058,0
5260,0.311538,0
5261,0.372576,0
5262,0.362235,0
5263,0.190122,0
5264,0.507808,0
5265,0.496201,0
5266,0.192907,0
5267,9.459364,0
5268,0.465755,0
5269,9.302954,1
5270,0.438593,0
5271,0.475063,0
5272,0.294827,0
5273,0.246073,0
5274,0.605947,0
5275,1.475066,0
5276,1.368558,0
5277,1.171369,0
5278,1.724674,0
5279,9.930675,0
5280,0.360889,0
5281,0.62354,0
5282,0.042248,0
5283,0.447462,0
5284,0.749902,0
5285,0.060361,0
5286,0.28551,0
5287,0.285329,0
5288,0.501308,0
5289,10.657858,1
5290,2.719654,1
5291,2.008655,0
5292,0.594962,0
5293,9.730252,0
5294,0.264134,0
5295,0.486238,0
5296,9.414745,1
5297,0.627049,0
5298,0.620883,0
5299,0.737432,0
5300,0.06158,0
5301,1.851647,0
5302,0.686171,0
5303,10.99507,1
5304,0.731169,0
5305,0.483788,0
5306,0.159998,0
5307,0.260706,0
5308,1.510978,0
5309,0.437715,0
5310,9.438579,0
5311,10.106416,0
5312,0.473272,0
5313,9.313896,0
5314,0.382412,0
5315,0.240183,0
5316,10.673836,0
5317,0.180018,0
5318,10.136816,0
5319,0.474842,1
5320,0.490643,0
5321,3.406543,0
5322,10.398858,0
5323,9.767857,1
5324,0.217249,0
5325,0.214814,0
5326,10.424672,0
5327,1.629185,0
5328,0.36662,0
5329,0.468114,0
5330,0.109676,0
5331,0.425882,0
5332,2.435507,0
5333,0.412302,0
5334,0.875026,0
5335,9.389879,1
5336,0.196898,0
5337,0.254039,0
5338,0.347951,0
5339,10.791644,0
5340,0.117136,0
5341,10.043146,0
5342,0.683648,0
5343,1.681199,0
5344,2.167329,0
5345,0.313288,0
5346,0.291416,0
5347,9.406695,0
5348,0.499367,0
5349,0.085997,0
5350,0.574561,0
5351,0.295258,0
5352,9.405376,0
5353,1.081871,0
5354,0.054626,0
5355,0.259867,0
5356,0.066436,0
5357,0.556122,0
5358,10.539713,0
5359,0.244342,0
5360,0.361042,0
5361,1.799,0
5362,0.070084,0
5363,0.038269,0
5364,0.38501,0
5365,0.382833,0
5366,0.807656,1
5367,12.716416,0
5368,0.545862,0
5369,10.589721,0
5370,1.018731,0
5371,0.304174,0
5372,0.247598,0
5373,2.593188,1
5374,2.175431,0
5375,0.65633,0
5376,0.131827,0
5377,0.646866,0
5378,2.825876,1
5379,0.72352,0
5380,0.900609,0
5381,0.391527,0
5382,9.950442,1
5383,1.084918,0
5384,1.137245,0
5385,2.71302,1
5386,10.856052,1
5387,0.314466,0
5388,0.098393,0
5389,1.42382,0
5390,0.259513,0
5391,0.415202,0
5392,0.422397,0
5393,0.326244,0
5394,4.488325,1
5395,0.397394,0
5396,1.417672,0
5397,0.411542,0
5398,9.755418,1
5399,0.518406,1
5400,0.1422,0
5401,0.870887,1
5402,0.253512,0
5403,0.350216,0
5404,1.015823,0
5405,2.510192,0
5406,0.32328,0
5407,0.364318,0
5408,0.418912,0
5409,9.972237,1
5410,2.831444,0
5411,0.320686,0
5412,0.734827,0
5413,0.205887,0
5414,0.805968,0
5415,10.745817,0
5416,0.088741,0
5417,10.57685,0
5418,9.818548,0
5419,0.106736,0
5420,0.200243,0
5421,0.266592,0
5422,10.386983,0
5423,9.611545,0
5424,0.566682,0
5425,0.971104,0
5426,0.412416,0
5427,8.336821,0
5428,0.275265,0
5429,1.420123,0
5430,8.642602,0
5431,0.119573,0
5432,0.459587,0
5433,9.730414,0
5434,9.021325,0
5435,0.935591,0
5436,2.556673,0
5437,0.47239,0
5438,1.258815,0
5439,1.290263,0
5440,0.532192,0
5441,1.507575,0
5442,0.884877,0
5443,0.649472,0
5444,0.309981,0
5445,0.215591,0
5446,0.475554,0
5447,0.493754,0
5448,0.313079,0
5449,0.280883,0
5450,0.449891,0
5451,0.319186,0
5452,11.005658,0
5453,0.417854,0
5454,1.513452,0
5455,1.592955,0
5456,0.263609,0
5457,0.889845,0
5458,0.147899,0
5459,0.565493,0
5460,1.002732,0
5461,0.232715,0
5462,10.648304,0
5463,0.099259,0
5464,9.306623,0
5465,0.394406,0
5466,0.15868,0
5467,0.080337,0
5468,2.569915,1
5469,0.177697,0
5470,10.249835,0
5471,0.968493,0
5472,0.328548,0
5473,0.246252,0
5474,1.453956,0
5475,0.350085,0
5476,0.080586,0
5477,8.916934,0
5478,0.362696,0
5479,9.174441,0
5480,0.606611,0
5481,0.304604,0
5482,0.286803,0
5483,1.487365,0
5484,0.227779,0
5485,0.951762,1
5486,1.272411,0
5487,0.412528,0
5488,2.992707,0
5489,0.445272,0
5490,0.353309,0
5491,0.767418,0
5492,0.647267,0
5493,0.355349,0
5494,9.961816,0
5495,0.27174,0
5496,1.834649,0
5497,1.089425,1
5498,0.069884,0
5499,9.734401,1
5500,0.485759,0
5501,1.732582,0
5502,0.617057,0
5503,0.442098,0
5504,0.857016,0
5505,0.333808,0
5506,1.983992,0
5507,9.541741,1
5508,0.296231,0
5509,8.830518,0
5510,0.617398,0
5511,1.067242,0
5512,0.529874,0
5513,0.923596,0
5514,1.318549,1
5515,0.909524,1
5516,12.288952,0
5517,1.288113,0
5518,8.419492,1
5519,1.164459,0
5520,10.163561,0
5521,7.870795,0
5522,0.629903,0
5523,0.563424,0
5524,11.114871,0
5525,8.520235,1
5526,0.985531,0
5527,0.292324,0
5528,10.594057,0
5529,0.128278,0
5530,0.145496,0
5531,0.710975,0
5532,0.886521,0
5533,9.199421,0
5534,0.357711,0
5535,0.895915,0
5536,0.877604,0
5537,0.913497,0
5538,0.24324,0
5539,0.430228,0
5540,0.974595,0
5541,0.2541,0
5542,11.380755,0
5543,2.623824,1
5544,0.816006,0
5545,0.476996,0
5546,0.197724,0
5547,1.068722,0
5548,0.717545,0
5549,0.070877,0
5550,0.301692,0
5551,0.181689,0
5552,0.389062,0
5553,1.89396,0
5554,0.425064,0
5555,0.64816,0
5556,8.913811,0
5557,0.810974,0
5558,0.277068,0
5559,0.145959,1
5560,2.818961,0
5561,0.975384,0
5562,10.468734,1
5563,0.549863,0
5564,1.690931,0
5565,0.748558,0
5566,1.797664,1
5567,0.359265,0
5568,0.695839,0
5569,0.369652,0
5570,0.057423,0
5571,12.683313,0
5572,2.362996,0
5573,1.69973,0
5574,0.57092,0
5575,0.650001,0
5576,0.33371,0
5577,0.885896,0
5578,0.980193,0
5579,0.485889,0
5580,1.725112,0
5581,1.270878,0
5582,0.503504,0
5583,11.326974,0
5584,0.298783,0
5585,0.311287,0
5586,3.321005,0
5587,0.465554,0
5588,10.137356,0
5589,0.332445,0
5590,0.300687,0
5591,0.361478,0
5592,10.594896,0
5593,0.870876,0
5594,10.369212,0
5595,0.345279,0
5596,1.99243,0
5597,1.385955,1
5598,1.346265,0
5599,1.440398,0
5600,1.133288,0
5601,2.219582,1
5602,0.774682,0
5603,9.392658,1
5604,0.324298,0
5605,0.426623,0
5606,0.41172,0
5607,0.532452,0
5608,0.390337,0
5609,1.404754,0
5610,0.111133,0
5611,0.748208,1
5612,0.241421,0
5613,0.23426,0
5614,3.954097,0
5615,2.90994,1
5616,0.238108,0
5617,8.884867,0
5618,10.22746,0
5619,0.387314,0
5620,12.307264,0
5621,0.602998,0
5622,1.799212,0
5623,1.398844,0
5624,10.458325,0
5625,0.263555,0
5626,2.073789,0
5627,1.033293,0
5628,0.329684,0
5629,8.920439,1
5630,0.139207,0
5631,1.66772,0
5632,1.019981,1
5633,1.502626,0
5634,11.59043,0
5635,10.640514,0
5636,0.026856,0
5637,0.412026,0
5638,0.724194,0
5639,0.845227,0
5640,0.131859,0
5641,2.515551,0
5642,0.875102,0
5643,9.475289,0
5644,0.267244,0
5645,0.942576,0
5646,0.346192,0
5647,9.094509,0
5648,0.550249,0
5649,0.263539,0
5650,2.107492,1
5651,9.948339,0
5652,0.875982,0
5653,0.076558,0
5654,10.187326,0
5655,0.398866,0
5656,10.996161,0
5657,1.299301,0
5658,1.155363,0
5659,0.928115,0
5660,1.472841,0
5661,0.120039,0
5662,2.034765,0
5663,1.396023,0
5664,0.295681,0
5665,8.995066,0
5666,0.269161,0
5667,9.509085,0
5668,0.15135,0
5669,1.035022,0
5670,0.193827,0
5671,2.10851,0
5672,0.196624,0
5673,0.360453,0
5674,0.410031,0
5675,11.382872,0
5676,0.945983,0
5677,1.165499,1
5678,0.75847,1
5679,10.904407,0
5680,0.294952,0
5681,1.665475,0
5682,2.286579,1
5683,0.092062,0
5684,0.440545,1
5685,11.033981,0
5686,0.539624,0
5687,0.047426,0
5688,0.925209,0
5689,0.344715,0
5690,0.466847,0
5691,0.316002,0
5692,9.559911,0
5693,0.858331,0
5694,3.679499,1
5695,0.635746,0
5696,0.388386,0
5697,0.404089,0
5698,0.35335,0
5699,1.994603,0
5700,2.223672,0
5701,10.657126,0
5702,2.258721,0
5703,0.285885,0
5704,1.250119,0
5705,0.098479,0
5706,0.604945,0
5707,0.490842,0
5708,1.727503,0
5709,9.369927,0
5710,0.285759,0
5711,10.034164,0
5712,0.417698,0
5713,4.113383,1
5714,0.313711,0
5715,0.20634,0
5716,0.468427,0
5717,0.530273,0
5718,1.652231,0
5719,0.102275,0
5720,9.335273,0
5721,0.27017,0
5722,2.971683,0
5723,3.481955,1
5724,0.53662,0
5725,0.987471,1
5726,0.068865,0
5727,0.505615,1
5728,0.481009,0
5729,0.891475,0
5730,0.434177,0
5731,0.708955,0
5732,9.233189,0
5733,9.6391,0
5734,0.204644,0
5735,0.826826,0
5736,11.04158,0
5737,0.103735,0
5738,1.867186,0
5739,10.073386,0
5740,9.551014,0
5741,0.283509,0
5742,3.65329,1
5743,0.417525,0
5744,8.742964,0
5745,0.517799,0
5746,0.37737,0
5747,0.249202,0
5748,0.145645,0
5749,10.752505,0
5750,3.485111,1
5751,0.325493,0
5752,0.211623,0
5753,1.862298,1
5754,0.066353,0
5755,0.133186,0
5756,1.010897,0
5757,0.350982,0
5758,0.345878,0
5759,10.534964,0
5760,0.425546,0
5761,1.610405,0
5762,1.981979,1
5763,0.257779,0
5764,1.389741,1
5765,0.046795,0
5766,0.813722,0
5767,0.117249,0
5768,0.353215,0
5769,1.413387,0
5770,0.748845,0
5771,8.788987,0
5772,0.273242,0
5773,0.535337,0
5774,0.236116,0
5775,0.143551,0
5776,0.221445,0
5777,1.520856,0
5778,2.753038,1
5779,10.621122,0
5780,0.400925,0
5781,1.99868,0
5782,0.439976,0
5783,0.693802,0
5784,0.405382,0
5785,3.920991,0
5786,0.516369,0
5787,1.071655,0
5788,0.610327,0
5789,3.549919,0
5790,0.321735,0
5791,3.250144,1
5792,1.356157,0
5793,10.164165,0
5794,13.243008,0
5795,3.601824,0
5796,0.360675,0
5797,2.31183,1
5798,0.284971,0
5799,0.298456,0
5800,0.106122,0
5801,1.783686,0
5802,0.868637,0
5803,0.390375,0
5804,10.052971,0
5805,1.476308,0
5806,0.657954,0
5807,2.632467,0
5808,1.905248,0
5809,0.915761,0
5810,0.740801,0
5811,9.620001,0
5812,0.828727,0
5813,0.270915,0
5814,0.260003,0
5815,0.202501,0
5816,0.602417,0
5817,0.071365,0
5818,0.364571,0
5819,0.381677,0
5820,1.813528,0
5821,0.628252,0
5822,1.326179,1
5823,0.648397,0
5824,0.750016,0
5825,10.119942,0
5826,0.735845,0
5827,0.318847,0
5828,9.074954,1
5829,0.382518,0
5830,9.104946,0
5831,12.518481,0
5832,0.220448,0
5833,10.335286,0
5834,10.058057,0
5835,0.46709,0
5836,0.926706,1
5837,2.659901,0
5838,9.026347,0
5839,2.19134,0
5840,8.605661,0
5841,0.595858,0
5842,8.375881,0
5843,0.065411,0
5844,0.668462,0
5845,9.184533,0
5846,1.618736,1
5847,10.62845,0
5848,0.313683,0
5849,0.620302,0
5850,0.752125,0
5851,0.283419,0
5852,9.583829,0
5853,0.078849,0
5854,1.224561,0
5855,9.639881,0
5856,1.986379,0
5857,0.556641,0
5858,0.407951,0
5859,0.447106,0
5860,0.739769,0
5861,0.175224,0
5862,0.233221,0
5863,0.506907,0
5864,0.757735,0
5865,0.610216,0
5866,0.355236,0
5867,1.58672,0
5868,0.52884,0
5869,1.766514,0
5870,0.346769,0
5871,9.774016,0
5872,0.328962,0
5873,11.203791,0
5874,0.411331,0
5875,0.520746,0
5876,9.849542,0
5877,0.408117,0
5878,1.800579,1
5879,0.31641,0
5880,0.903181,0
5881,0.715779,0
5882,0.283941,0
5883,0.133554,0
5884,0.403404,0
5885,9.562874,0
5886,1.127328,1
5887,10.172301,0
5888,10.329354,0
5889,0.461072,0
5890,0.431629,0
5891,0.909665,0
5892,1.164691,0
5893,1.19807,0
5894,0.322417,0
5895,0.217383,0
5896,2.848031,0
5897,10.037022,0
5898,9.382832,0
5899,0.226612,0
5900,0.624062,0
5901,0.746327,0
5902,0.579167,0
5903,0.646297,0
5904,0.140879,0
5905,0.480972,0
5906,0.254302,0
5907,0.266146,0
5908,0.394794,0
5909,11.064326,1
5910,10.387296,0
5911,0.919998,0
5912,0.747201,1
5913,0.304402,0
5914,0.50398,0
5915,0.529889,0
5916,1.056239,0
5917,1.351413,0
5918,0.09788,0
5919,2.019648,0
5920,4.721439,0
5921,0.056539,0
5922,8.508092,0
5923,9.560776,0
5924,0.383769,0
5925,9.689808,0
5926,0.188501,1
5927,0.290039,0
5928,0.518283,0
5929,0.450685,0
5930,0.734346,0
5931,0.421096,0
5932,1.191883,1
5933,1.634953,0
5934,0.165553,0
5935,1.42897,0
5936,2.132772,0
5937,0.876272,0
5938,9.318863,1
5939,0.164667,0
5940,0.707687,1
5941,1.08044,0
5942,3.267062,1
5943,0.410163,0
5944,0.957854,0
5945,10.062341,0
5946,0.40924,0
5947,0.380351,0
5948,0.380748,0
5949,0.946307,1
5950,0.262633,0
5951,0.572806,0
5952,0.868459,0
5953,0.828041,0
5954,9.300241,0
5955,0.182373,0
5956,0.281343,0
5957,0.134453,0
5958,0.033305,0
5959,9.073839,0
5960,0.837365,0
5961,11.567252,0
5962,0.784709,0
5963,1.244259,1
5964,0.227139,0
5965,0.606253,0
5966,1.586148,0
5967,3.826806,1
5968,0.328736,0
5969,0.888549,0
5970,0.365721,0
5971,0.307956,0
5972,0.176548,0
5973,10.233348,0
5974,9.055936,0
5975,2.118504,0
5976,1.358768,0
5977,0.706887,0
5978,0.514743,0
5979,0.220098,0
5980,8.676858,1
5981,0.289517,0
5982,0.375537,0
5983,0.33628,0
5984,2.091738,0
5985,3.924515,0
5986,3.683206,0
5987,2.32692,0
5988,0.621034,0
5989,0.299719,0
5990,0.576828,0
5991,0.406509,0
5992,0.35591,0
5993,0.950103,1
5994,2.298725,0
5995,0.256688,0
5996,0.776077,0
5997,0.841821,0
5998,1.971056,1
5999,1.594352,0
6000,0.164377,0
6001,0.368495,0
6002,0.251289,0
6003,0.231666,0
6004,0.346586,0
6005,0.828491,0
6006,9.601462,0
6007,11.354647,0
6008,0.872483,0
6009,0.348229,0
6010,3.015433,0
6011,0.315913,0
6012,1.32541,0
6013,0.783313,0
6014,0.339729,0
6015,1.703347,0
6016,0.596771,1
6017,2.639363,1
6018,0.321084,0
6019,0.420473,0
6020,0.271337,0
6021,0.408685,0
6022,1.052322,1
6023,0.439901,0
6024,0.414631,0
6025,2.014174,1
6026,0.458701,0
6027,0.165996,1
6028,0.538837,0
6029,0.775209,1
6030,0.323215,0
6031,11.1085,1
6032,0.310213,0
6033,0.613113,0
6034,0.876219,0
6035,1.704942,1
6036,0.257341,0
6037,0.193188,0
6038,10.878222,0
6039,13.63931,0
6040,0.130558,0
6041,1.79617,0
6042,0.508431,0
6043,0.777034,0
6044,0.626874,0
6045,0.498868,0
6046,0.313172,0
6047,0.671598,0
6048,0.080985,0
6049,0.905948,0
6050,1.046735,0
6051,0.03264,0
6052,0.994061,0
6053,9.881593,0
6054,0.191988,0
6055,0.650117,0
6056,11.265436,0
6057,1.507219,0
6058,1.928534,0
6059,0.390132,0
6060,0.718759,0
6061,9.899993,0
6062,0.675989,0
6063,9.704291,0
6064,0.179309,0
6065,1.376996,1
6066,0.465073,0
6067,0.591276,0
6068,0.723366,0
6069,0.105238,0
6070,1.473678,1
6071,0.11512,0
6072,1.738393,0
6073,0.532144,0
6074,1.301608,0
6075,0.431381,0
6076,5.184423,0
6077,4.712858,0
6078,1.309997,0
6079,0.295768,0
6080,0.500848,0
6081,0.509772,0
6082,9.998023,0
6083,0.138644,0
6084,0.765015,0
6085,0.253375,0
6086,1.449576,0
6087,1.755614,0
6088,0.453045,0
6089,1.158622,0
6090,1.46859,1
6091,1.045141,1
6092,10.118078,0
6093,2.595017,0
6094,8.431618,0
6095,8.065214,0
6096,0.465913,0
6097,0.901544,0
6098,0.227528,0
6099,1.249649,0
6100,0.372793,0
6101,3.086668,0
6102,12.499006,0
6103,0.333471,0
6104,0.586617,0
6105,2.721875,0
6106,0.41019,0
6107,3.143113,0
6108,0.964422,0
6109,4.584142,0
6110,0.257339,0
6111,1.219799,0
6112,0.331183,0
6113,9.584194,1
6114,9.371415,0
6115,0.283867,0
6116,0.810075,0
6117,0.193406,0
6118,9.064456,1
6119,3.101344,0
6120,10.092502,1
6121,1.170774,0
6122,0.560154,0
6123,0.276392,0
6124,0.753643,1
6125,0.395225,0
6126,0.301008,0
6127,2.317533,0
6128,9.837346,0
6129,1.808552,0
6130,2.141101,0
6131,0.374889,0
6132,0.405396,0
6133,0.63838,1
6134,9.319738,0
6135,1.021786,0
6136,1.096911,0
6137,10.118379,0
6138,0.353554,0
6139,0.21382,0
6140,0.270885,0
6141,0.554426,0
6142,0.229547,0
6143,0.891036,0
6144,2.075024,0
6145,1.578882,0
6146,0.301966,0
6147,0.369249,0
6148,0.804051,1
6149,2.043822,0
6150,0.60176,1
6151,0.543529,0
6152,9.856293,0
6153,8.513774,0
6154,0.563517,0
6155,0.875029,0
6156,0.440674,0
6157,3.100671,1
6158,0.463046,1
6159,0.144792,0
6160,11.776761,0
6161,10.118656,0
6162,1.561774,1
6163,9.552699,0
6164,2.342561,1
6165,10.345698,0
6166,0.429861,0
6167,0.886417,0
6168,11.764292,0
6169,0.039699,0
6170,0.550626,0
6171,0.889287,0
6172,0.390256,0
6173,0.470535,0
6174,9.825792,0
6175,0.490035,0
6176,14.039645,0
6177,0.33587,0
6178,0.101784,0
6179,0.218643,0
6180,0.451928,0
6181,10.61833,0
6182,0.178712,0
6183,1.439354,0
6184,0.310817,0
6185,0.61811,0
6186,0.41974,0
6187,0.390537,0
6188,0.55422,0
6189,2.481514,0
6190,10.193696,0
6191,0.814412,0
6192,0.567709,0
6193,2.245219,0
6194,0.343306,0
6195,0.442658,0
6196,0.329393,0
6197,2.133507,0
6198,0.4656,0
6199,0.6036,0
6200,1.103854,0
6201,1.068773,0
6202,0.42781,0
6203,0.202114,0
6204,9.381458,0
6205,8.218534,1
6206,0.672519,0
6207,0.984967,1
6208,0.242127,0
6209,1.324892,0
6210,0.449983,0
6211,10.334278,0
6212,1.000637,0
6213,10.187323,0
6214,0.131461,0
6215,10.000702,0
6216,0.397851,0
6217,2.656894,0
6218,0.863126,0
6219,9.543787,1
6220,0.864624,1
6221,1.880661,1
6222,0.391184,0
6223,9.708221,0
6224,0.268384,0
6225,0.22427,0
6226,9.990864,0
6227,0.282413,0
6228,1.319048,0
6229,10.233548,0
6230,0.935402,0
6231,0.32201,0
6232,0.334066,0
6233,10.228773,0
6234,0.214109,0
6235,0.310608,0
6236,0.348903,0
6237,0.319612,0
6238,9.563463,0
6239,3.44336,1
6240,11.40929,1
6241,0.579781,0
6242,9.732292,0
6243,1.651599,1
6244,9.978376,0
6245,0.652925,0
6246,2.965714,0
6247,0.555647,0
6248,0.195316,0
6249,1.229098,0
6250,9.251713,0
6251,10.589054,0
6252,0.354602,0
6253,0.194323,0
6254,0.93022,0
6255,9.54744,0
6256,0.302537,0
6257,0.288845,0
6258,0.44119,0
6259,8.438125,1
6260,2.138005,0
6261,1.119099,0
6262,4.658515,0
6263,0.51484,0
6264,2.83701,0
6265,0.586405,0
6266,1.622803,0
6267,0.268887,0
6268,0.467834,0
6269,1.123238,0
6270,0.774956,0
6271,1.268226,0
6272,0.697899,0
6273,0.104295,0
6274,0.263194,0
6275,0.324358,0
6276,0.133594,0
6277,2.517731,0
6278,0.274333,0
6279,0.55924,0
6280,0.23835,0
6281,3.314644,0
6282,9.892612,0
6283,0.409622,0
6284,0.790503,0
6285,1.177073,0
6286,8.995464,0
6287,0.685372,0
6288,4.83238,1
6289,0.467447,0
6290,0.897822,0
6291,0.636663,0
6292,0.558538,0
6293,9.051305,0
6294,11.297708,0
6295,0.945751,0
6296,0.255194,0
6297,3.118828,1
6298,0.151038,0
6299,0.190822,0
6300,0.393796,0
6301,8.897419,0
6302,1.585513,0
6303,0.637918,0
6304,9.737818,0
6305,0.385798,0
6306,0.410895,0
6307,0.161814,0
6308,1.655201,1
6309,1.158617,0
6310,0.079254,0
6311,2.736645,1
6312,0.599149,0
6313,0.185819,0
6314,0.628198,0
6315,0.51052,0
6316,1.340924,0
6317,9.321918,0
6318,0.82162,0
6319,0.461273,0
6320,0.35093,0
6321,0.182437,0
6322,1.89826,0
6323,3.172388,1
6324,0.625588,0
6325,0.420589,0
6326,10.189095,0
6327,9.180194,0
6328,0.132063,0
6329,0.136508,0
6330,0.215683,0
6331,0.225315,0
6332,0.094679,0
6333,9.864751,0
6334,3.234448,1
6335,0.563656,0
6336,0.992389,0
6337,2.529993,0
6338,1.324213,0
6339,0.288017,0
6340,0.511632,0
6341,0.139869,0
6342,0.294564,0
6343,9.529315,1
6344,0.166747,0
6345,0.199424,0
6346,0.10891,0
6347,0.210445,0
6348,0.242844,0
6349,0.614332,0
6350,0.662982,0
6351,8.598593,0
6352,0.123982,0
6353,10.79678,0
6354,0.774893,0
6355,8.794866,0
6356,1.460679,0
6357,9.568646,0
6358,0.601754,0
6359,1.779051,0
6360,9.946774,0
6361,1.215785,0
6362,1.496458,0
6363,0.047582,0
6364,0.4632,0
6365,0.331272,0
6366,0.568732,0
6367,9.806144,0
6368,0.18965,0
6369,0.722869,0
6370,1.097925,0
6371,0.8288,0
6372,0.515112,0
6373,9.901663,1
6374,1.171758,0
6375,2.845863,0
6376,10.028065,0
6377,0.365108,0
6378,1.845528,0
6379,0.119668,0
6380,10.018665,0
6381,1.021406,1
6382,0.314946,0
6383,2.360127,0
6384,0.702492,0
6385,0.523892,0
6386,9.205742,1
6387,0.306614,0
6388,0.504342,0
6389,0.809434,1
6390,0.794687,0
6391,2.386101,0
6392,10.226963,0
6393,0.802839,0
6394,0.260153,0
6395,0.12202,0
6396,1.494429,1
6397,0.784088,1
6398,1.331107,0
6399,10.232502,0
6400,0.576177,0
6401,0.205744,0
6402,0.486455,0
6403,1.986817,0
6404,0.762242,0
6405,2.664639,1
6406,0.056073,0
6407,10.257944,0
6408,0.478371,0
6409,0.624291,0
6410,9.729739,0
6411,0.652108,0
6412,0.379763,0
6413,0.427928,0
6414,0.294114,0
6415,2.141446,0
6416,0.424253,0
6417,3.45065,1
6418,0.769789,0
6419,0.245932,0
6420,0.572088,0
6421,1.162268,0
6422,10.049594,0
6423,0.089884,0
6424,0.122241,0
6425,8.860561,0
6426,0.40702,0
6427,0.24399,0
6428,0.35756,0
6429,0.49169,0
6430,0.925275,0
6431,1.715452,0
6432,0.261999,0
6433,0.852947,0
6434,0.522063,0
6435,0.280197,0
6436,10.189115,0
6437,2.643287,1
6438,0.88613,1
6439,2.375153,0
6440,0.523971,0
6441,1.431661,0
6442,0.2035,0
6443,0.401049,0
6444,0.275038,0
6445,2.792768,0
6446,2.153878,0
6447,1.015875,0
6448,0.181702,0
6449,0.611598,0
6450,1.330065,1
6451,1.240406,1
6452,0.849377,0
6453,0.505593,0
6454,0.502325,0
6455,0.339606,0
6456,9.061487,0
6457,0.469095,0
6458,0.16512,0
6459,0.647175,0
6460,0.312875,0
6461,0.284615,0
6462,0.384035,0
6463,0.097559,1
6464,0.728043,0
6465,2.773955,1
6466,0.341686,0
6467,10.022931,0
6468,0.35862,0
6469,1.612718,0
6470,0.248543,0
6471,0.526371,0
6472,8.881599,1
6473,0.608796,0
6474,2.229276,0
6475,0.520193,0
6476,0.244094,0
6477,10.530846,1
6478,2.929512,1
6479,0.631168,0
6480,0.571344,0
6481,0.875961,0
6482,0.643878,0
6483,8.71107,1
6484,1.06495,0
6485,0.254184,0
6486,0.223504,0
6487,0.143419,0
6488,0.381099,0
6489,2.254759,0
6490,1.092154,1
6491,0.282137,0
6492,10.360185,0
6493,1.081129,0
6494,0.407097,0
6495,0.802938,0
6496,0.955056,0
6497,0.895961,0
6498,0.935172,0
6499,0.297725,0
6500,0.739295,0
6501,0.662772,0
6502,0.941751,0
6503,4.075346,1
6504,0.417394,0
6505,0.820264,0
6506,0.572753,0
6507,0.658033,0
6508,0.308906,0
6509,0.367297,0
6510,0.528489,0
6511,10.145239,0
6512,3.851848,0
6513,0.447608,0
6514,0.723701,0
6515,1.210551,0
6516,12.090055,0
6517,0.028014,0
6518,1.215784,1
6519,0.534031,0
6520,1.340312,0
6521,11.518596,0
6522,0.398583,0
6523,0.232201,1
6524,0.319454,0
6525,11.620833,0
6526,0.478221,0
6527,0.766294,0
6528,1.082063,0
6529,0.427765,0
6530,1.317934,0
6531,0.355657,0
6532,0.199896,0
6533,0.182097,1
6534,1.925798,1
6535,3.05769,1
6536,1.642013,0
6537,0.336103,0
6538,0.963074,0
6539,9.491448,0
6540,0.389982,0
6541,0.335527,0
6542,0.885969,0
6543,0.284124,0
6544,0.312764,0
6545,0.070333,0
6546,0.290237,0
6547,10.116832,1
6548,1.088118,0
6549,0.422665,0
6550,0.674778,0
6551,0.555877,0
6552,0.428465,0
6553,10.232319,0
6554,0.297592,0
6555,0.896803,0
6556,0.664597,0
6557,1.826027,0
6558,0.41002,0
6559,9.756486,0
6560,8.344878,0
6561,0.641839,1
6562,0.246764,0
6563,4.54309,1
6564,5.22229,1
6565,0.28534,0
6566,0.629074,0
6567,10.549837,0
6568,1.203447,1
6569,0.26674,0
6570,10.280871,1
6571,12.226833,0
6572,0.51798,0
6573,0.650303,0
6574,11.392953,0
6575,4.065758,0
6576,0.414482,0
6577,8.644194,1
6578,9.609318,0
6579,1.836647,1
6580,1.423393,1
6581,0.119852,0
6582,0.447422,0
6583,2.196053,0
6584,0.27517,0
6585,0.053209,0
6586,0.740051,0
6587,0.441949,0
6588,10.265411,0
6589,1.17138,0
6590,0.059706,0
6591,0.786898,0
6592,10.381992,0
6593,0.316612,0
6594,13.213657,0
6595,0.308555,0
6596,0.372837,0
6597,0.285644,0
6598,2.666584,1
6599,0.236078,0
6600,0.324028,0
6601,0.06379,0
6602,0.237469,0
6603,9.765726,0
6604,0.70944,0
6605,1.080768,0
6606,0.760251,0
6607,1.140391,0
6608,3.20442,0
6609,0.409842,0
6610,0.68857,0
6611,0.452743,0
6612,0.569266,0
6613,1.473402,0
6614,0.250164,0
6615,9.76027,0
6616,10.053388,0
6617,1.002012,0
6618,0.09526,0
6619,0.120238,0
6620,0.21003,0
6621,0.298251,0
6622,1.850501,0
6623,0.776703,0
6624,0.616509,0
6625,0.40985,0
6626,0.715764,0
6627,0.686741,0
6628,0.068964,0
6629,1.757229,0
6630,1.499536,0
6631,0.073513,0
6632,2.758322,1
6633,1.303274,0
6634,1.534333,0
6635,1.203785,1
6636,0.042432,0
6637,8.683573,0
6638,0.549711,0
6639,0.547006,0
6640,9.410541,1
6641,0.361291,0
6642,0.197805,0
6643,0.589661,0
6644,9.785238,1
6645,0.271421,0
6646,0.367266,0
6647,0.459646,0
6648,0.566561,0
6649,1.998708,1
6650,0.230871,0
6651,0.164556,0
6652,0.50463,0
6653,0.447695,0
6654,0.989677,1
6655,9.771829,0
6656,0.628981,0
6657,0.687853,0
6658,1.512487,0
6659,10.175681,0
6660,1.050406,0
6661,1.268983,1
6662,0.320955,0
6663,1.348613,0
6664,0.376803,0
6665,2.106653,0
6666,0.26638,0
6667,0.731508,0
6668,1.138481,0
6669,1.757245,0
6670,0.559759,0
6671,0.322635,1
6672,10.919756,0
6673,0.808449,0
6674,1.354576,1
6675,12.58744,0
6676,1.58812,0
6677,1.275229,0
6678,9.374028,0
6679,0.412145,0
6680,0.185862,0
6681,0.513573,0
6682,0.253641,0
6683,8.707342,0
6684,0.185417,0
6685,0.408293,0
6686,0.20408,0
6687,0.340605,0
6688,10.912653,1
6689,0.291058,0
6690,9.194011,1
6691,0.285775,0
6692,0.614602,0
6693,1.164687,0
6694,1.078082,0
6695,0.393815,0
6696,0.10268,0
6697,0.358135,0
6698,0.319142,0
6699,10.091146,0
6700,1.061831,0
6701,0.36404,0
6702,0.437766,0
6703,1.048871,0
6704,0.523605,0
6705,0.459951,0
6706,0.500893,0
6707,1.10051,0
6708,2.724953,0
6709,0.32954,0
6710,0.163396,0
6711,0.61976,0
6712,8.896751,0
6713,0.33588,0
6714,0.403705,0
6715,9.679984,0
6716,1.289495,0
6717,0.695795,0
6718,0.298839,0
6719,9.845691,0
6720,0.494147,0
6721,0.152291,0
6722,1.055395,0
6723,2.724242,0
6724,0.419596,0
6725,2.372111,0
6726,0.034777,0
6727,2.179305,0
6728,0.740488,0
6729,0.705369,0
6730,1.460815,1
6731,0.097653,0
6732,0.521312,0
6733,10.282853,0
6734,0.280008,0
6735,0.67737,0
6736,0.334009,0
6737,2.80092,0
6738,10.032008,0
6739,0.262762,0
6740,0.64229,0
6741,0.245822,0
6742,1.090638,0
6743,0.336543,0
6744,4.376402,0
6745,1.044176,0
6746,0.142268,0
6747,0.225685,0
6748,2.871313,1
6749,0.604137,0
6750,0.193215,0
6751,0.232026,0
6752,0.719494,0
6753,0.268515,0
6754,9.546336,0
6755,1.938526,0
6756,9.236753,0
6757,11.222661,0
6758,0.030933,0
6759,0.626568,0
6760,3.624164,0
6761,9.192697,0
6762,2.142105,0
6763,0.920992,0
6764,8.92979,1
6765,10.320827,0
6766,0.391844,0
6767,1.157583,0
6768,0.106769,0
6769,1.330092,0
6770,0.397697,0
6771,8.295833,0
6772,1.2893,0
6773,0.52304,0
6774,0.567857,0
6775,4.38953,1
6776,0.300534,0
6777,0.50869,0
6778,0.03895,0
6779,0.086739,0
6780,0.266279,0
6781,0.103031,0
6782,0.845537,0
6783,0.22618,0
6784,10.272667,0
6785,0.308312,0
6786,0.309533,0
6787,10.958121,0
6788,4.428778,0
6789,8.819818,0
6790,0.390371,0
6791,0.326726,0
6792,0.83775,0
6793,0.720364,0
6794,0.958855,0
6795,0.356632,0
6796,10.067771,1
6797,0.636605,0
6798,0.259681,0
6799,1.365501,0
6800,0.627609,0
6801,0.377673,0
6802,3.432135,1
6803,0.926066,0
6804,0.957388,0
6805,12.020526,1
6806,0.42089,0
6807,9.096486,0
6808,0.535058,0
6809,9.01384,1
6810,0.902747,0
6811,0.422232,0
6812,8.640748,0
6813,0.303538,0
6814,0.789671,0
6815,1.749474,0
6816,0.217855,0
6817,0.452686,0
6818,0.201212,0
6819,0.249981,0
6820,0.467002,0
6821,1.030091,0
6822,9.915557,0
6823,0.453968,0
6824,0.666974,0
6825,10.175748,0
6826,1.849531,0
6827,3.368945,1
6828,0.081987,0
6829,0.668701,0
6830,0.257209,0
6831,10.204748,0
6832,0.443851,0
6833,3.095139,0
6834,0.420063,0
6835,1.481411,1
6836,9.30825,0
6837,0.252482,0
6838,1.710465,1
6839,0.543762,0
6840,0.974198,0
6841,0.053243,1
6842,1.023556,0
6843,0.583825,0
6844,0.488123,0
6845,11.219327,0
6846,1.145315,0
6847,9.955311,0
6848,0.2501,0
6849,0.582171,0
6850,10.019416,0
6851,1.635146,1
6852,0.079431,0
6853,0.088043,0
6854,0.37774,0
6855,0.292037,0
6856,0.489967,0
6857,1.381427,1
6858,2.54679,1
6859,0.729422,1
6860,0.083828,0
6861,9.124304,0
6862,0.464448,0
6863,3.158485,1
6864,10.033408,0
6865,0.146197,0
6866,1.572227,1
6867,1.177858,0
6868,9.443675,0
6869,0.628239,0
6870,0.487343,0
6871,0.161367,0
6872,0.950121,1
6873,0.4255,0
6874,3.465497,0
6875,10.408191,0
6876,10.045471,0
6877,0.832395,0
6878,0.418499,0
6879,9.441353,0
6880,0.254187,0
6881,1.02171,0
6882,0.298018,0
6883,2.113516,0
6884,9.700709,0
6885,0.432881,0
6886,0.746907,0
6887,0.411525,0
6888,0.282852,0
6889,0.574989,0
6890,6.039764,1
6891,0.880103,0
6892,0.420681,0
6893,0.374411,0
6894,0.51445,0
6895,0.756651,0
6896,5.016588,1
6897,0.116773,0
6898,0.113345,0
6899,0.428052,0
6900,0.221377,1
6901,0.422204,0
6902,0.076958,0
6903,0.389045,0
6904,0.368597,0
6905,0.263816,0
6906,0.362519,0
6907,0.530524,0
6908,0.092801,0
6909,9.77795,0
6910,9.237319,0
6911,0.684434,0
6912,0.343243,0
6913,0.429767,0
6914,0.053042,0
6915,0.197236,0
6916,10.246967,0
6917,0.902717,0
6918,0.67056,0
6919,0.210889,0
6920,0.645799,0
6921,0.701399,0
6922,0.243742,0
6923,2.733835,0
6924,0.214103,0
6925,9.495754,0
6926,0.113686,0
6927,0.334817,0
6928,0.642776,0
6929,0.25449,0
6930,0.545245,0
6931,0.267528,0
6932,0.438739,1
6933,0.343334,0
6934,1.738108,0
6935,0.595332,0
6936,0.482265,0
6937,0.459858,0
6938,0.247271,0
6939,0.046288,0
6940,3.801404,1
6941,0.520465,0
6942,10.551229,0
6943,1.09599,1
6944,2.116508,0
6945,0.901054,0
6946,0.192175,0
6947,1.383668,0
6948,0.38605,0
6949,3.125298,1
6950,1.297672,0
6951,11.84673,0
6952,0.621771,0
6953,2.089995,0
6954,0.367074,0
6955,0.229187,0
6956,0.751376,0
6957,0.862214,0
6958,0.304832,0
6959,4.017976,0
6960,0.59603,0
6961,0.546634,0
6962,0.100599,0
6963,1.330852,0
6964,9.91186,0
6965,0.375023,0
6966,0.241082,0
6967,0.912159,0
6968,1.384845,0
6969,0.459123,0
6970,1.395603,0
6971,1.985963,0
6972,0.947524,0
6973,0.440482,0
6974,9.542915,0
6975,0.153091,0
6976,1.907643,0
6977,0.181836,0
6978,2.409401,0
6979,0.709098,1
6980,10.356275,1
6981,9.697248,0
6982,0.224328,0
6983,9.084532,0
6984,0.804981,1
6985,0.142576,0
6986,8.122004,0
6987,8.351384,0
6988,0.986605,0
6989,9.317035,0
6990,0.471992,0
6991,1.042283,1
6992,0.228069,0
6993,9.964301,0
6994,1.524967,0
6995,0.541815,0
6996,0.490315,0
6997,0.264538,0
6998,0.372163,0
6999,0.554672,0
7000,0.189532,0
7001,10.841121,0
7002,9.632837,0
7003,9.866137,1
7004,2.013055,0
7005,0.07354,0
7006,0.821856,0
7007,0.897398,1
7008,0.273223,0
7009,1.299698,0
7010,8.218417,1
7011,0.500333,0
7012,10.922391,0
7013,1.678847,0
7014,8.935354,0
7015,0.848025,0
7016,0.587304,0
7017,0.832972,0
7018,8.812282,0
7019,0.040174,0
7020,0.74269,0
7021,0.355536,0
7022,0.264853,0
7023,0.723537,0
7024,0.21941,0
7025,0.144914,0
7026,10.180165,0
7027,1.172393,0
7028,2.12727,0
7029,10.442312,0
7030,11.767869,0
7031,0.414982,0
7032,0.509768,0
7033,1.268094,1
7034,0.484382,0
7035,0.32909,0
7036,1.158035,0
7037,9.901731,1
7038,0.214107,0
7039,0.840073,0
7040,0.099626,0
7041,9.517844,0
7042,9.675439,1
7043,11.009057,0
7044,0.448865,0
7045,9.196796,1
7046,0.224853,0
7047,1.153662,0
7048,0.180785,0
7049,1.95698,0
7050,0.764438,0
7051,0.77383,0
7052,0.638591,0
7053,1.055569,0
7054,0.15231,0
7055,10.51288,0
7056,0.864069,1
7057,10.68494,0
7058,2.591028,0
7059,0.257328,0
7060,0.260676,0
7061,3.175901,1
7062,1.669234,0
7063,0.427339,0
7064,0.262142,0
7065,1.724973,0
7066,9.980982,0
7067,0.259723,0
7068,1.547732,0
7069,8.481081,0
7070,0.467283,0
7071,0.34075,0
7072,0.127508,0
7073,0.570102,0
7074,9.764932,0
7075,1.518021,0
7076,0.184667,0
7077,10.296871,0
7078,0.127193,0
7079,0.886736,0
7080,0.059379,0
7081,0.436006,0
7082,0.280562,0
7083,0.763983,0
7084,0.50464,0
7085,0.457368,0
7086,0.272684,0
7087,1.312423,0
7088,0.421154,0
7089,0.117287,0
7090,0.375427,0
7091,9.857508,0
7092,1.882815,1
7093,0.304856,0
7094,0.221167,0
7095,0.30049,0
7096,0.831579,0
7097,0.400481,0
7098,11.100444,0
7099,0.311247,0
7100,0.45373,0
7101,11.233019,0
7102,1.301839,0
7103,0.858733,0
7104,0.280481,0
7105,0.813337,0
7106,0.168594,0
7107,0.772639,1
7108,1.035413,0
7109,8.805273,0
7110,0.138738,0
7111,0.676892,0
7112,0.282646,0
7113,9.674272,0
7114,0.402522,0
7115,9.73525,0
7116,3.16685,1
7117,0.24482,0
7118,8.959817,0
7119,9.755689,0
7120,11.616818,1
7121,2.41617,0
7122,0.585766,0
7123,0.534263,0
7124,0.572797,0
7125,0.407552,0
7126,0.307195,0
7127,2.662758,1
7128,0.81113,0
7129,0.435215,0
7130,1.001174,0
7131,12.218734,1
7132,0.395944,0
7133,1.720246,0
7134,0.252911,0
7135,8.451203,0
7136,1.365166,0
7137,0.694165,0
7138,0.796975,0
7139,0.640536,0
7140,9.217061,1
7141,0.081439,0
7142,0.196636,1
7143,0.615762,0
7144,0.666299,0
7145,0.612856,0
7146,1.98887,0
7147,0.031865,0
7148,0.465763,0
7149,0.044334,0
7150,9.310407,0
7151,0.089078,0
7152,0.96215,0
7153,0.630312,0
7154,1.166516,0
7155,0.874913,0
7156,9.737585,0
7157,11.045075,0
7158,0.157952,0
7159,0.029614,0
7160,11.13002,0
7161,9.434264,0
7162,3.102913,1
7163,9.22378,0
7164,9.809872,0
7165,2.202935,0
7166,0.650553,0
7167,1.305059,0
7168,1.821323,0
7169,10.332082,0
7170,0.215076,0
7171,0.218181,0
7172,9.664045,0
7173,2.094302,0
7174,1.925556,0
7175,0.824203,0
7176,9.653349,1
7177,1.153032,1
7178,0.351288,0
7179,10.589024,0
7180,0.216186,0
7181,0.105803,0
7182,0.384932,0
7183,0.264818,0
7184,0.108468,0
7185,9.316984,1
7186,2.783872,1
7187,0.544643,0
7188,10.647273,0
7189,0.236178,0
7190,0.146669,0
7191,9.057478,0
7192,0.073347,0
7193,0.739775,0
7194,0.22812,0
7195,0.971159,1
7196,0.331612,0
7197,0.49051,0
7198,0.409691,0
7199,0.604466,0
7200,0.028735,0
7201,0.092786,0
7202,3.866222,0
7203,0.319839,0
7204,2.531121,1
7205,13.900018,0
7206,1.588741,0
7207,0.357607,0
7208,0.208968,0
7209,0.465113,0
7210,0.565826,1
7211,0.330058,0
7212,2.0632,0
7213,0.639955,0
7214,8.093615,0
7215,0.941348,0
7216,0.420599,0
7217,0.122324,0
7218,0.481882,0
7219,1.288925,0
7220,9.212579,0
7221,3.416367,0
7222,0.411174,0
7223,0.346829,0
7224,1.175946,0
7225,0.14648,0
7226,0.525928,0
7227,0.389538,0
7228,0.24445,0
7229,0.04589,0
7230,0.159315,0
7231,0.368227,0
7232,9.080749,0
7233,0.918435,0
7234,0.246014,0
7235,0.214478,0
7236,2.56773,1
7237,1.99686,0
7238,0.708927,0
7239,1.051381,0
7240,0.571515,0
7241,1.882021,0
7242,0.325092,0
7243,9.345606,0
7244,0.278898,0
7245,0.079767,0
7246,1.845462,0
7247,0.945931,0
7248,1.411441,0
7249,9.146097,0
7250,0.180537,0
7251,1.590572,0
7252,0.313611,0
7253,0.261147,0
7254,0.400332,0
7255,0.243736,0
7256,0.465652,0
7257,0.868592,0
7258,0.975149,0
7259,0.758666,0
7260,9.191469,0
7261,0.373569,0
7262,10.725204,0
7263,0.560168,0
7264,2.583184,1
7265,2.83695,0
7266,0.679947,0
7267,1.643864,0
7268,9.889241,1
7269,2.129132,0
7270,9.537149,0
7271,1.669539,0
7272,0.358007,0
7273,2.336185,0
7274,0.461828,0
7275,1.30509,0
7276,9.42167,1
7277,0.176471,0
7278,9.420626,0
7279,2.075831,0
7280,0.218451,0
7281,0.364773,0
7282,0.884936,0
7283,0.501159,0
7284,3.149902,1
7285,0.307817,0
7286,0.168374,0
7287,2.377304,0
7288,8.678185,0
7289,0.369511,0
7290,0.271316,0
7291,0.332455,0
7292,0.207647,0
7293,3.418945,1
7294,10.997876,0
7295,0.608348,0
7296,11.355545,0
7297,10.395443,0
7298,0.15086,0
7299,2.883968,1
7300,0.44148,0
7301,8.876842,0
7302,0.305843,0
7303,0.384378,0
7304,0.628351,0
7305,0.488425,0
7306,13.591508,0
7307,1.194826,0
7308,3.407458,1
7309,0.825497,0
7310,1.928051,0
7311,0.428677,0
7312,0.531107,0
7313,0.18266,0
7314,0.273145,0
7315,0.261471,0
7316,0.359425,0
7317,0.697861,0
7318,0.611295,0
7319,9.229288,0
7320,13.887483,1
7321,0.893544,0
7322,12.178496,0
7323,0.176626,0
7324,0.286651,0
7325,9.366778,0
7326,0.401449,0
7327,1.826789,0
7328,8.810347,0
7329,9.363195,0
7330,9.186543,0
7331,10.255562,1
7332,9.528678,0
7333,0.434924,1
7334,0.455214,0
7335,8.999965,1
7336,0.442416,0
7337,2.905225,1
7338,0.477833,0
7339,0.335008,0
7340,0.751775,1
7341,0.844605,0
7342,0.581079,0
7343,0.297829,0
7344,1.592678,0
7345,11.148637,0
7346,2.250476,0
7347,1.043281,0
7348,10.291575,1
7349,0.368767,0
7350,9.990254,1
7351,3.590293,1
7352,0.102861,0
7353,0.439418,0
7354,1.591673,1
7355,1.965387,0
7356,2.172271,1
7357,0.025063,0
7358,3.250783,0
7359,0.098658,0
7360,3.242125,0
7361,9.947733,0
7362,0.294914,0
7363,10.323584,0
7364,0.284087,0
7365,9.643265,0
7366,0.390943,0
7367,0.233667,0
7368,1.45138,0
7369,0.080877,0
7370,9.781342,0
7371,1.843657,0
7372,11.141068,1
7373,0.765103,0
7374,10.375962,0
7375,0.71302,0
7376,0.537417,0
7377,4.200286,0
7378,3.620916,0
7379,0.399049,0
7380,0.341697,1
7381,0.318866,0
7382,9.69462,0
7383,0.455904,0
7384,0.971272,0
7385,0.060333,0
7386,0.379675,0
7387,0.235023,0
7388,0.132217,0
7389,4.175749,1
7390,0.374789,0
7391,0.73197,1
7392,0.410315,0
7393,0.32766,0
7394,3.77095,0
7395,0.391068,0
7396,1.066434,1
7397,0.417558,0
7398,10.344925,1
7399,9.035124,0
7400,0.901199,0
7401,7.980766,0
7402,0.205826,0
7403,0.710965,0
7404,11.027715,0
7405,1.57542,0
7406,1.113142,0
7407,0.475392,0
7408,0.585414,0
7409,0.030667,0
7410,9.750622,0
7411,11.66551,0
7412,1.350846,1
7413,0.364409,0
7414,0.425085,0
7415,0.795393,0
7416,0.894905,0
7417,9.890929,0
7418,9.39082,1
7419,0.228901,0
7420,1.967613,1
7421,1.138695,0
7422,0.621602,0
7423,9.648186,0
7424,0.518783,0
7425,0.391131,0
7426,0.474348,0
7427,0.300647,0
7428,0.540027,0
7429,1.764844,0
7430,11.239748,0
7431,0.777003,0
7432,0.427948,0
7433,9.37327,0
7434,0.856674,0
7435,9.918119,0
7436,0.496003,0
7437,0.731179,0
7438,10.125048,0
7439,0.49035,0
7440,0.664646,1
7441,0.269729,0
7442,0.828524,1
7443,0.214715,0
7444,1.274961,0
7445,0.267986,0
7446,0.352014,0
7447,0.384462,0
7448,0.401684,0
7449,0.400612,0
7450,0.347366,0
7451,0.570382,0
7452,0.637396,0
7453,0.1732,0
7454,0.390801,0
7455,0.452945,0
7456,11.688742,0
7457,0.449937,0
7458,2.938523,0
7459,1.268327,0
7460,8.734964,0
7461,0.278825,0
7462,0.759222,0
7463,0.54787,0
7464,0.510538,0
7465,1.768305,0
7466,0.260302,0
7467,0.577839,0
7468,0.640805,0
7469,10.293937,0
7470,0.220695,0
7471,0.718379,0
7472,0.12574,0
7473,10.216639,0
7474,8.920451,1
7475,9.138389,1
7476,0.297306,0
7477,0.071631,0
7478,0.087996,0
7479,0.32775,0
7480,0.370117,0
7481,0.43176,1
7482,0.152953,0
7483,2.413573,0
7484,0.693142,0
7485,0.283785,0
7486,0.204588,0
7487,9.543026,1
7488,0.57134,0
7489,10.498013,0
7490,2.149425,0
7491,10.555098,0
7492,0.644608,0
7493,0.59405,0
7494,0.746668,0
7495,0.59196,0
7496,0.530982,0
7497,11.917036,0
7498,0.549243,0
7499,0.724807,0
7500,10.521036,0
7501,0.721977,0
7502,3.315509,1
7503,9.166409,0
7504,0.314462,0
7505,0.440639,0
7506,0.397437,0
7507,0.633843,0
7508,0.1592,0
7509,0.226686,0
7510,11.399271,0
7511,0.639214,0
7512,0.308202,0
7513,0.369585,0
7514,10.426942,0
7515,0.390232,0
7516,11.601439,1
7517,0.071348,0
7518,0.04144,0
7519,0.652061,0
7520,10.635695,0
7521,10.780561,0
7522,0.28884,0
7523,1.615194,0
7524,1.418637,0
7525,0.042777,0
7526,10.960318,1
7527,1.294999,0
7528,1.085598,0
7529,10.065111,0
7530,5.832731,1
7531,10.231939,0
7532,11.081402,0
7533,9.044973,0
7534,0.482468,0
7535,0.267834,0
7536,1.530665,0
7537,1.744374,0
7538,1.992088,0
7539,9.002569,1
7540,0.672174,1
7541,0.390937,0
7542,0.574908,0
7543,1.963599,1
7544,0.069182,0
7545,0.323957,0
7546,1.032383,0
7547,11.214216,0
7548,0.383547,0
7549,11.150669,0
7550,0.542859,0
7551,0.368742,0
7552,0.521225,0
7553,0.281685,0
7554,1.365767,0
7555,0.386537,0
7556,0.670906,0
7557,0.339533,0
7558,9.121199,0
7559,0.26066,0
7560,1.980291,0
7561,9.868415,0
7562,11.295549,0
7563,0.234888,0
7564,0.362224,0
7565,0.165218,0
7566,0.611947,0
7567,0.200356,0
7568,0.898387,0
7569,0.113808,0
7570,0.97915,0
7571,0.334162,0
7572,9.330259,0
7573,0.342114,0
7574,11.111266,0
7575,0.895956,1
7576,2.848762,0
7577,2.500695,0
7578,3.858021,1
7579,0.315889,0
7580,1.092595,0
7581,1.441607,1
7582,9.71019,0
7583,9.374113,0
7584,10.689297,0
7585,10.771803,0
7586,0.22549,0
7587,0.466904,0
7588,0.395816,0
7589,0.178514,0
7590,0.277039,0
7591,0.340768,0
7592,0.397689,0
7593,0.370785,0
7594,1.035452,0
7595,0.394423,0
7596,8.892472,0
7597,1.294698,0
7598,0.450711,0
7599,0.367652,0
7600,0.315486,0
7601,0.193083,0
7602,0.237092,0
7603,10.041479,0
7604,0.217317,0
7605,0.538337,0
7606,0.066927,0
7607,0.170086,1
7608,1.097707,0
7609,1.109574,0
7610,1.011187,0
7611,0.35689,0
7612,0.498602,0
7613,0.315055,0
7614,0.495986,0
7615,2.705927,1
7616,0.688198,0
7617,0.201254,0
7618,11.27945,0
7619,0.110596,0
7620,0.336145,0
7621,0.546484,0
7622,0.36212,0
7623,0.613292,0
7624,0.596041,0
7625,1.100551,0
7626,0.314404,0
7627,0.707153,0
7628,0.252918,0
7629,0.43457,0
7630,0.067143,0
7631,3.284154,0
7632,9.86762,0
7633,0.528031,0
7634,2.44359,0
7635,10.981659,0
7636,9.739105,0
7637,0.726214,0
7638,0.43677,0
7639,0.222781,0
7640,0.48993,0
7641,1.862562,0
7642,1.260127,0
7643,0.25027,0
7644,11.537519,0
7645,11.915758,0
7646,0.332764,0
7647,1.386787,0
7648,0.53757,0
7649,0.466196,1
7650,0.399131,0
7651,9.771441,0
7652,0.384518,0
7653,0.334638,0
7654,0.444234,0
7655,1.396711,0
7656,1.238355,0
7657,0.840779,0
7658,0.293469,0
7659,2.581421,0
7660,9.501207,0
7661,0.208906,0
7662,0.194086,0
7663,8.982699,0
7664,0.199203,0
7665,0.18218,0
7666,0.364206,0
7667,0.567317,0
7668,0.717487,0
7669,1.294677,0
7670,0.068981,0
7671,1.775836,0
7672,0.288683,0
7673,10.019816,0
7674,0.112715,0
7675,1.472969,0
7676,0.237461,0
7677,0.212928,0
7678,0.799645,0
7679,10.795695,1
7680,0.321333,0
7681,0.601922,0
7682,9.981282,1
7683,0.112062,0
7684,0.717286,0
7685,0.33099,0
7686,9.920379,0
7687,0.448567,0
7688,0.129594,0
7689,2.799196,1
7690,9.538069,0
7691,0.59482,0
7692,1.012691,0
7693,0.39197,0
7694,1.922027,1
7695,0.83765,0
7696,2.71776,0
7697,9.92592,0
7698,0.497913,0
7699,1.436213,0
7700,0.510123,0
7701,0.450565,0
7702,0.65772,0
7703,1.418012,1
7704,2.515588,1
7705,3.671173,1
7706,3.319534,1
7707,0.326483,0
7708,0.464833,0
7709,0.178297,0
7710,1.157923,0
7711,1.366648,0
7712,0.846604,0
7713,0.487012,0
7714,0.753744,0
7715,0.475178,0
7716,0.317868,0
7717,0.445253,0
7718,0.49926,0
7719,1.289159,0
7720,2.275761,0
7721,0.736024,0
7722,0.172418,0
7723,0.567102,0
7724,0.374181,0
7725,0.59881,0
7726,9.871378,0
7727,0.337185,0
7728,3.986627,0
7729,9.4126,0
7730,0.973099,0
7731,0.585019,0
7732,0.223656,0
7733,0.490964,0
7734,0.56647,0
7735,0.447137,0
7736,0.465271,0
7737,0.350265,0
7738,0.988063,1
7739,0.288705,0
7740,1.451466,0
7741,0.064191,0
7742,3.592453,1
7743,9.32052,0
7744,0.166839,0
7745,0.359583,0
7746,10.273775,0
7747,8.924335,0
7748,0.300343,0
7749,0.516445,1
7750,0.717063,1
7751,4.381884,0
7752,0.179299,0
7753,0.257637,0
7754,1.092539,1
7755,1.012157,0
7756,0.207659,0
7757,1.50537,0
7758,10.249065,0
7759,0.233931,0
7760,0.616944,0
7761,0.289444,0
7762,0.32925,0
7763,0.428503,0
7764,0.387084,0
7765,0.765519,0
7766,0.928913,0
7767,0.437545,0
7768,8.761325,1
7769,1.368541,0
7770,10.533387,0
7771,0.626325,0
7772,0.224052,0
7773,0.628012,0
7774,0.795262,0
7775,9.456713,0
7776,0.345783,0
7777,1.930456,0
7778,0.531722,0
7779,0.360288,0
7780,1.435737,1
7781,0.302261,0
7782,2.031792,0
7783,0.614773,0
7784,10.08132,0
7785,0.323542,0
7786,0.249423,0
7787,9.861733,0
7788,10.496799,0
7789,0.114876,0
7790,0.06928,0
7791,8.799013,0
7792,1.305094,0
7793,1.688882,1
7794,0.473053,0
7795,0.303168,0
7796,0.073033,0
7797,0.410725,0
7798,0.294738,0
7799,1.213732,0
7800,9.620723,0
7801,9.920985,0
7802,1.668836,0
7803,1.721649,1
7804,0.848513,0
7805,0.748219,0
7806,0.281189,0
7807,1.579579,0
7808,0.031097,0
7809,0.156911,0
7810,1.264803,0
7811,10.274856,0
7812,9.919316,0
7813,0.242194,0
7814,1.44537,0
7815,10.185208,0
7816,0.553842,0
7817,0.470614,0
7818,0.155188,0
7819,10.036722,0
7820,0.65083,0
7821,0.287843,0
7822,0.251175,0
7823,9.465849,1
7824,2.3654,0
7825,0.781588,0
7826,0.518026,0
7827,0.522937,0
7828,0.85736,0
7829,2.923378,0
7830,0.398559,0
7831,0.578159,0
7832,2.540132,0
7833,0.256828,0
7834,11.243219,0
7835,0.615867,0
7836,0.70046,0
7837,0.677881,0
7838,0.175409,0
7839,0.469339,0
7840,8.96455,0
7841,0.173281,0
7842,9.620753,0
7843,10.640718,0
7844,9.331389,0
7845,0.270034,0
7846,0.332025,0
7847,0.392408,0
7848,10.08716,0
7849,0.391983,0
7850,0.499685,0
7851,0.728431,0
7852,0.484208,0
7853,0.405763,0
7854,1.229521,1
7855,0.530911,0
7856,2.500858,1
7857,0.490703,0
7858,8.773455,0
7859,13.283076,0
7860,0.347974,0
7861,0.446596,0
7862,1.746706,0
7863,0.96108,0
7864,0.335414,0
7865,9.967019,0
7866,0.407064,0
7867,2.691898,0
7868,10.62799,0
7869,0.628215,0
7870,0.404653,0
7871,1.012419,0
7872,0.4106,0
7873,10.659714,0
7874,1.055284,0
7875,0.525916,0
7876,1.78447,0
7877,0.178807,0
7878,9.349564,0
7879,0.405521,0
7880,0.155308,0
7881,1.532833,0
7882,9.967314,0
7883,0.281084,0
7884,0.272481,0
7885,0.890845,0
7886,13.070709,0
7887,0.195574,0
7888,0.64165,0
7889,0.093767,0
7890,9.669685,0
7891,9.601703,0
7892,0.447081,0
7893,0.285844,0
7894,9.126887,0
7895,0.344787,0
7896,0.87434,0
7897,0.37044,0
7898,0.708241,1
7899,0.802933,0
7900,1.89052,0
7901,0.263787,0
7902,11.043479,0
7903,0.233073,0
7904,11.253405,1
7905,9.469587,0
7906,10.593022,0
7907,9.295204,0
7908,9.03792,0
7909,10.21433,0
7910,0.317424,0
7911,9.639292,0
7912,9.083773,1
7913,9.490929,0
7914,0.440059,0
7915,0.222478,0
7916,0.923825,0
7917,0.798021,0
7918,0.412486,0
7919,1.312515,0
7920,0.77969,0
7921,0.840862,0
7922,0.231645,0
7923,11.755713,0
7924,0.331744,0
7925,9.065735,1
7926,0.514426,0
7927,0.013187,0
7928,1.689603,0
7929,11.86612,1
7930,0.24483,0
7931,10.326525,0
7932,9.820838,0
7933,0.515209,1
7934,0.273225,0
7935,1.634892,0
7936,3.8116,0
7937,11.39073,0
7938,0.264308,0
7939,2.160167,0
7940,0.376199,0
7941,0.261079,0
7942,3.493656,0
7943,9.524553,0
7944,0.23159,0
7945,2.24571,0
7946,0.384857,0
7947,0.290526,0
7948,0.593968,0
7949,0.204538,0
7950,0.468586,0
7951,0.527512,0
7952,0.474673,0
7953,1.830228,0
7954,1.725099,0
7955,0.311911,0
7956,10.918375,0
7957,0.118197,0
7958,0.294077,0
7959,1.57338,0
7960,0.966806,0
7961,0.399869,0
7962,9.410167,1
7963,0.281924,0
7964,0.031935,0
7965,3.342409,0
7966,0.509148,0
7967,9.093269,1
7968,0.474091,0
7969,1.772877,0
7970,3.881002,1
7971,0.558685,0
7972,0.053349,0
7973,0.36453,0
7974,0.14194,0
7975,0.265168,0
7976,0.833628,0
7977,1.072834,1
7978,0.841276,0
7979,0.224944,0
7980,9.228683,0
7981,0.207366,0
7982,2.153726,0
7983,0.69681,0
7984,0.488802,0
7985,0.333261,0
7986,0.518735,0
7987,10.157936,0
7988,0.36432,0
7989,9.22683,1
7990,0.073976,0
7991,9.937456,0
7992,8.054071,0
7993,0.516986,0
7994,9.080157,0
7995,0.394304,0
7996,0.305779,0
7997,0.459587,0
7998,0.122431,0
7999,0.259378,0
8000,0.739149,0
8001,0.818995,0
8002,0.385945,0
8003,0.743262,0
8004,0.887424,0
8005,12.25346,0
8006,11.808672,0
8007,0.402198,0
8008,0.5612,0
8009,0.618362,0
8010,0.613407,0
8011,0.293626,0
8012,0.279883,0
8013,0.513223,0
8014,0.378494,0
8015,0.488801,0
8016,2.566557,0
8017,0.245761,0
8018,0.141173,0
8019,0.022557,0
8020,0.468749,0
8021,0.526339,0
8022,8.570553,0
8023,1.401712,0
8024,10.081729,0
8025,3.361891,0
8026,10.309647,0
8027,0.196279,0
8028,1.080585,0
8029,0.24726,0
8030,10.825159,0
8031,9.580607,0
8032,7.891307,0
8033,0.724732,0
8034,1.726297,0
8035,0.314114,0
8036,0.92382,0
8037,0.193349,0
8038,12.159877,0
8039,0.35453,0
8040,0.123228,0
8041,12.218429,0
8042,0.383123,0
8043,0.205414,0
8044,9.608306,0
8045,1.404946,0
8046,0.238488,0
8047,0.486098,0
8048,3.899353,0
8049,2.75158,0
8050,1.830283,0
8051,0.318917,0
8052,2.169946,0
8053,0.260595,0
8054,0.431565,0
8055,0.437338,0
8056,0.56974,0
8057,0.561554,0
8058,2.000675,0
8059,0.555072,0
8060,0.495685,0
8061,0.552289,0
8062,0.251113,0
8063,1.152638,0
8064,0.167888,0
8065,0.476257,0
8066,0.422952,0
8067,2.232882,0
8068,0.757267,0
8069,1.102046,0
8070,0.447774,0
8071,0.625925,0
8072,0.678152,0
8073,1.494297,0
8074,0.516514,0
8075,0.55401,0
8076,0.368589,0
8077,10.7567,0
8078,4.386018,1
8079,0.704861,0
8080,0.281615,0
8081,0.379852,0
8082,2.005094,0
8083,2.533768,1
8084,0.354013,0
8085,0.542732,0
8086,3.696467,0
8087,0.33353,0
8088,0.561385,0
8089,0.369704,0
8090,0.952761,0
8091,0.942579,0
8092,0.248711,0
8093,3.180966,0
8094,4.68574,0
8095,2.511207,1
8096,0.455696,0
8097,0.287838,0
8098,8.867105,0
8099,0.560482,0
8100,9.778177,0
8101,1.886413,0
8102,0.367892,0
8103,12.824203,0
8104,0.562938,0
8105,9.811879,0
8106,0.235008,0
8107,12.173923,0
8108,0.698697,0
8109,0.982338,0
8110,0.20755,0
8111,0.397244,0
8112,0.45516,0
8113,3.093044,0
8114,0.138727,0
8115,0.094448,0
8116,0.655718,0
8117,0.181825,0
8118,0.939831,0
8119,0.571606,0
8120,1.732102,0
8121,0.443784,0
8122,11.640965,0
8123,0.43122,0
8124,1.438246,0
8125,1.112146,0
8126,10.493067,0
8127,0.282004,0
8128,0.447323,0
8129,0.933416,0
8130,0.044661,0
8131,0.2882,0
8132,0.511927,0
8133,0.373602,0
8134,0.15362,0
8135,9.649865,0
8136,12.085222,0
8137,4.37579,1
8138,0.792818,0
8139,0.154498,0
8140,0.863277,0
8141,0.210379,0
8142,0.070549,0
8143,0.833724,0
8144,0.047696,0
8145,2.916135,1
8146,10.824424,0
8147,10.181721,0
8148,0.224805,0
8149,0.067333,0
8150,0.323433,0
8151,1.053913,0
8152,8.735531,0
8153,10.942595,0
8154,10.589925,0
8155,0.592744,0
8156,0.444687,0
8157,9.114219,0
8158,9.898514,0
8159,0.779962,0
8160,0.143792,0
8161,0.330711,0
8162,1.836936,0
8163,1.178056,0
8164,0.612602,0
8165,1.572132,0
8166,1.245098,0
8167,0.357571,0
8168,0.215785,0
8169,0.070498,0
8170,9.280212,0
8171,0.641035,0
8172,9.573336,0
8173,1.200703,1
8174,0.320979,0
8175,0.496654,0
8176,0.147376,0
8177,0.95105,0
8178,0.482017,0
8179,10.79979,0
8180,8.128874,1
8181,3.728359,1
8182,11.093054,0
8183,0.386311,0
8184,0.518586,0
8185,0.150763,0
8186,0.841332,0
8187,1.966709,0
8188,1.030226,0
8189,11.072427,0
8190,0.640436,0
8191,0.198078,0
8192,0.315295,0
8193,0.60289,0
8194,10.978408,1
8195,11.869732,0
8196,1.634411,0
8197,3.297934,1
8198,8.695948,0
8199,0.519777,0
8200,0.279459,0
8201,9.097077,0
8202,9.238619,0
8203,1.514848,0
8204,0.739382,0
8205,0.405678,0
8206,0.295911,0
8207,0.510572,0
8208,0.625949,0
8209,0.311675,0
8210,1.322339,0
8211,0.203953,0
8212,0.307929,0
8213,0.308482,0
8214,0.184725,0
8215,11.692551,1
8216,0.601843,0
8217,0.464164,0
8218,1.418288,0
8219,0.307229,0
8220,1.083283,0
8221,0.369478,0
8222,0.429408,0
8223,1.728823,0
8224,1.419705,0
8225,1.555911,0
8226,2.707561,0
8227,0.531362,0
8228,1.339384,0
8229,8.129066,0
8230,0.057818,0
8231,0.606231,0
8232,0.414437,0
8233,0.390409,0
8234,10.029485,0
8235,0.435962,0
8236,0.512481,0
8237,1.625182,0
8238,0.491279,0
8239,0.791437,1
8240,1.3552,0
8241,0.187888,0
8242,9.860214,0
8243,1.523465,0
8244,0.927296,0
8245,0.281564,0
8246,0.139577,0
8247,2.400023,1
8248,0.862333,0
8249,0.236309,0
8250,0.261204,0
8251,2.239354,0
8252,12.335338,0
8253,0.494991,0
8254,8.756842,0
8255,0.366872,0
8256,0.877981,0
8257,1.193872,0
8258,0.137939,0
8259,0.145675,0
8260,0.098257,0
8261,0.300079,0
8262,0.129181,0
8263,10.43445,0
8264,10.250473,0
8265,9.323781,0
8266,0.373627,0
8267,0.142775,0
8268,9.131518,0
8269,0.191465,0
8270,2.794417,0
8271,0.419747,0
8272,0.717362,0
8273,0.271343,0
8274,0.843085,1
8275,0.293743,0
8276,10.180668,0
8277,9.231427,0
8278,9.167339,0
8279,1.762436,0
8280,10.150939,0
8281,0.411616,0
8282,0.513087,0
8283,4.600938,1
8284,0.263004,0
8285,1.443371,0
8286,8.774777,1
8287,0.186122,0
8288,0.113139,0
8289,3.147189,0
8290,1.834995,0
8291,0.288293,0
8292,10.746281,0
8293,2.846471,1
8294,9.239079,0
8295,9.687576,0
8296,0.647805,0
8297,8.427778,1
8298,1.738158,0
8299,0.249272,0
8300,0.411601,0
8301,0.237747,0
8302,10.074739,0
8303,0.135286,0
8304,0.107259,0
8305,0.301528,0
8306,3.281023,1
8307,0.994674,0
8308,0.553127,0
8309,0.636438,0
8310,0.514095,1
8311,9.659957,0
8312,0.16865,0
8313,0.447983,0
8314,9.885336,0
8315,1.608536,0
8316,0.542004,0
8317,0.462672,0
8318,0.137544,0
8319,0.784252,0
8320,10.51494,1
8321,4.22547,1
8322,1.138436,0
8323,10.069884,0
8324,0.057728,0
8325,0.420511,0
8326,0.462458,0
8327,2.609045,0
8328,3.612933,0
8329,0.335615,0
8330,0.389104,0
8331,8.671035,1
8332,0.081996,0
8333,0.604703,0
8334,0.016096,0
8335,2.568013,1
8336,0.679189,0
8337,2.731819,1
8338,0.142944,0
8339,2.456639,1
8340,8.944134,0
8341,10.076639,0
8342,9.887006,0
8343,10.05513,0
8344,0.393612,0
8345,2.651103,1
8346,1.479023,0
8347,0.057285,0
8348,0.374074,0
8349,0.359334,0
8350,8.840732,0
8351,3.882885,1
8352,0.423132,0
8353,0.168316,0
8354,11.329928,0
8355,0.38479,0
8356,1.164938,0
8357,0.245442,0
8358,0.47738,0
8359,9.820671,0
8360,0.13876,0
8361,0.39182,0
8362,0.036386,0
8363,0.738595,1
8364,0.590019,0
8365,9.900697,0
8366,0.48883,0
8367,0.36961,0
8368,0.381638,0
8369,0.186351,0
8370,8.219677,0
8371,0.332198,0
8372,1.02823,0
8373,1.215893,1
8374,2.53705,0
8375,0.492652,0
8376,0.520756,0
8377,0.416419,0
8378,9.963858,0
8379,2.025889,0
8380,1.657407,1
8381,0.341281,0
8382,0.238455,0
8383,10.361056,0
8384,0.390044,0
8385,2.366142,1
8386,0.249412,0
8387,0.362895,0
8388,0.310858,0
8389,0.153899,0
8390,0.580712,0
8391,0.518304,0
8392,0.065355,0
8393,9.105674,0
8394,0.555226,0
8395,0.685382,0
8396,10.471251,1
8397,0.481509,0
8398,0.516362,0
8399,0.097135,0
8400,0.194207,0
8401,9.473267,0
8402,0.732342,0
8403,0.574076,0
8404,0.086317,0
8405,0.067301,0
8406,0.337249,0
8407,0.321507,0
8408,0.09613,0
8409,1.568516,1
8410,0.081719,0
8411,0.353289,0
8412,0.703903,0
8413,0.181212,0
8414,1.880047,0
8415,12.187801,0
8416,0.478427,0
8417,0.930174,0
8418,0.538968,0
8419,0.813504,0
8420,0.799254,0
8421,10.419342,0
8422,9.777642,0
8423,10.881927,0
8424,0.605842,0
8425,0.79795,1
8426,9.812922,1
8427,0.47565,0
8428,0.511168,0
8429,0.399522,0
8430,0.43591,0
8431,0.491004,0
8432,8.043391,0
8433,9.226255,0
8434,0.620566,0
8435,0.882673,0
8436,0.666511,0
8437,0.33535,0
8438,0.966237,0
8439,1.767372,1
8440,0.093456,0
8441,0.288031,0
8442,0.328449,0
8443,0.288106,0
8444,0.440908,0
8445,1.434763,0
8446,0.364514,0
8447,0.129024,0
8448,0.181972,0
8449,0.392387,0
8450,0.644096,0
8451,11.076586,0
8452,2.246199,0
8453,0.588386,0
8454,0.245771,0
8455,0.966019,0
8456,0.280241,0
8457,0.622996,0
8458,0.694256,0
8459,0.465856,0
8460,10.298661,0
8461,0.697524,0
8462,0.653291,0
8463,0.796247,0
8464,0.551799,0
8465,0.550607,0
8466,0.591787,0
8467,0.410576,0
8468,0.359922,0
8469,0.460064,0
8470,1.279896,0
8471,2.725971,0
8472,0.106615,0
8473,1.204797,0
8474,0.258609,0
8475,0.354962,0
8476,0.599212,0
8477,0.293207,0
8478,0.353516,0
8479,11.951725,0
8480,0.205793,0
8481,1.063332,0
8482,1.078112,0
8483,0.302993,0
8484,2.203157,0
8485,0.758383,0
8486,0.563017,0
8487,0.33661,0
8488,0.697033,0
8489,0.268945,0
8490,9.772819,0
8491,0.713236,0
8492,10.699019,0
8493,1.491888,0
8494,0.440655,0
8495,0.290664,0
8496,2.671596,1
8497,0.424713,0
8498,8.676565,0
8499,0.743122,0
8500,0.577393,0
8501,10.199329,0
8502,1.810261,0
8503,0.294451,0
8504,3.617461,0
8505,8.855765,0
8506,0.371083,0
8507,0.546368,0
8508,2.122297,0
8509,10.83327,0
8510,1.608782,0
8511,5.274028,1
8512,9.322281,0
8513,0.520312,0
8514,0.256939,0
8515,10.213248,0
8516,0.462776,0
8517,0.352384,0
8518,0.608128,0
8519,1.334886,0
8520,0.154655,0
8521,9.996372,0
8522,9.664462,0
8523,9.264994,0
8524,10.052636,0
8525,0.085018,0
8526,0.416575,0
8527,0.734924,0
8528,1.399678,0
8529,9.413638,0
8530,0.074121,0
8531,0.691839,0
8532,1.500203,0
8533,10.240149,0
8534,2.413947,0
8535,1.031665,0
8536,1.014861,0
8537,10.856514,0
8538,0.38484,0
8539,0.100395,0
8540,0.495984,0
8541,2.734251,0
8542,9.540431,0
8543,1.539576,0
8544,1.009042,0
8545,0.375114,0
8546,0.424443,0
8547,9.854156,0
8548,0.381207,0
8549,0.86629,0
8550,10.544042,0
8551,0.476486,0
8552,0.492344,0
8553,3.09998,0
8554,0.217811,0
8555,0.454872,0
8556,0.515754,0
8557,1.332346,0
8558,9.587079,0
8559,0.59804,0
8560,1.090621,0
8561,0.238378,0
8562,0.53135,0
8563,10.018065,0
8564,0.379371,0
8565,10.56872,0
8566,2.25233,0
8567,0.405557,0
8568,0.106244,0
8569,3.81249,1
8570,0.566849,0
8571,10.322271,0
8572,0.278655,0
8573,0.302667,0
8574,1.241781,0
8575,10.790448,0
8576,0.214843,0
8577,1.650678,1
8578,0.530993,0
8579,0.492308,0
8580,0.208999,0
8581,11.008235,0
8582,0.526046,0
8583,0.135064,0
8584,0.958979,0
8585,0.44576,0
8586,0.081445,0
8587,0.481022,0
8588,10.722555,0
8589,0.209436,0
8590,0.43667,0
8591,0.326526,0
8592,0.393323,0
8593,10.340714,0
8594,0.422305,0
8595,0.61629,0
8596,11.760793,0
8597,0.413852,0
8598,2.008642,0
8599,0.724887,0
8600,9.833092,0
8601,3.060258,0
8602,1.69652,0
8603,0.557526,0
8604,0.334344,0
8605,10.677802,0
8606,10.928308,1
8607,0.033751,0
8608,1.386411,0
8609,0.188609,0
8610,9.675321,0
8611,1.094779,0
8612,0.636055,0
8613,0.71752,0
8614,9.61771,0
8615,0.460884,0
8616,0.240528,0
8617,10.291454,0
8618,0.607123,0
8619,10.071526,0
8620,1.419583,1
8621,1.692924,0
8622,0.214229,0
8623,9.625832,0
8624,0.277628,0
8625,1.164141,0
8626,0.563112,0
8627,1.684369,0
8628,1.014139,0
8629,0.784337,0
8630,0.195748,0
8631,1.869072,0
8632,0.514664,0
8633,10.380907,0
8634,1.612461,0
8635,2.187623,1
8636,0.6355,0
8637,0.260742,0
8638,1.472641,0
8639,0.386313,0
8640,0.691876,0
8641,0.495441,0
8642,0.168864,0
8643,0.259332,0
8644,0.529407,0
8645,0.78589,0
8646,10.4787,0
8647,0.691528,0
8648,0.441525,0
8649,0.408785,0
8650,0.533934,0
8651,0.291561,0
8652,0.405366,0
8653,8.201451,0
8654,11.648079,0
8655,1.160995,0
8656,0.282707,0
8657,1.209691,0
8658,0.811406,0
8659,0.534268,0
8660,0.301189,0
8661,0.32999,0
8662,8.447218,1
8663,1.590608,0
8664,0.539645,0
8665,0.180168,0
8666,0.282113,0
8667,0.894161,0
8668,0.547245,0
8669,10.21891,0
8670,0.14384,0
8671,1.049922,0
8672,11.174523,0
8673,0.463418,0
8674,0.199661,0
8675,0.507616,0
8676,0.942158,0
8677,0.203545,0
8678,0.575975,0
8679,10.296927,0
8680,1.407387,0
8681,1.122948,0
8682,0.87245,0
8683,9.853025,0
8684,0.033126,0
8685,0.866684,1
8686,2.519935,1
8687,0.184223,0
8688,0.42666,0
8689,9.239882,0
8690,0.198282,0
8691,0.838131,0
8692,0.217084,0
8693,9.30432,0
8694,0.309133,0
8695,0.222762,0
8696,1.195469,1
8697,1.750985,0
8698,11.404868,1
8699,8.558635,1
8700,0.435667,0
8701,0.130827,0
8702,12.465739,0
8703,0.421823,0
8704,1.77039,0
8705,10.486198,0
8706,9.248014,0
8707,0.252539,0
8708,0.633665,0
8709,0.350547,0
8710,1.156267,0
8711,0.336761,1
8712,0.996937,1
8713,11.166217,0
8714,9.708306,0
8715,2.25301,0
8716,0.015795,0
8717,0.278792,0
8718,0.086873,0
8719,0.147137,0
8720,0.487513,0
8721,2.349429,1
8722,10.13971,0
8723,1.323348,0
8724,0.488326,0
8725,9.380815,0
8726,1.508479,0
8727,1.054385,0
8728,0.072974,0
8729,0.512685,0
8730,8.871847,0
8731,0.352345,0
8732,0.166833,1
8733,0.259703,0
8734,10.710837,0
8735,10.481304,0
8736,0.182787,0
8737,15.591934,0
8738,10.586712,1
8739,11.695075,1
8740,0.456096,0
8741,1.327685,0
8742,0.747902,0
8743,1.883312,0
8744,2.25455,0
8745,9.984737,1
8746,0.438688,0
8747,9.715253,0
8748,0.602683,0
8749,0.961061,0
8750,2.277812,1
8751,2.237137,1
8752,0.239959,0
8753,10.822678,0
8754,0.184922,0
8755,0.510587,0
8756,0.20521,0
8757,0.497194,0
8758,0.465468,0
8759,1.091111,0
8760,0.202704,0
8761,0.272011,0
8762,0.68621,0
8763,10.115487,0
8764,2.067327,0
8765,0.595621,0
8766,0.245185,0
8767,0.845708,0
8768,11.176353,1
8769,2.698239,0
8770,0.44446,0
8771,0.39503,0
8772,0.784226,0
8773,3.080919,0
8774,0.870733,1
8775,0.49347,0
8776,3.783963,1
8777,0.186511,0
8778,3.035491,1
8779,0.210267,0
8780,0.585238,0
8781,0.525786,0
8782,0.368482,0
8783,0.324627,0
8784,0.527236,0
8785,0.232195,0
8786,0.868305,0
8787,9.508344,0
8788,10.398408,0
8789,0.38468,0
8790,0.332028,0
8791,0.079308,0
8792,0.365194,0
8793,0.557058,0
8794,0.155988,0
8795,9.168523,0
8796,0.201496,0
8797,0.296789,0
8798,0.437769,0
8799,8.835659,0
8800,0.295555,0
8801,0.294261,0
8802,10.081279,0
8803,0.517909,0
8804,9.862975,0
8805,1.109324,0
8806,0.196216,0
8807,0.615681,0
8808,0.023791,0
8809,1.140459,1
8810,12.045717,1
8811,0.379617,0
8812,0.874582,0
8813,10.61044,0
8814,1.324866,0
8815,1.814219,1
8816,0.981175,0
8817,0.422945,0
8818,1.269573,1
8819,9.10889,0
8820,0.732678,0
8821,0.735383,1
8822,0.280394,0
8823,1.240907,1
8824,0.229386,0
8825,0.34019,0
8826,0.069239,0
8827,0.791717,0
8828,0.235234,0
8829,0.269498,0
8830,1.121895,0
8831,2.140738,1
8832,1.313976,0
8833,8.389999,0
8834,8.595725,1
8835,0.189038,0
8836,0.61425,0
8837,9.246664,0
8838,8.299696,1
8839,12.255906,0
8840,2.287158,0
8841,0.555699,0
8842,0.5818,1
8843,0.163472,0
8844,10.571132,0
8845,0.259852,0
8846,3.197256,0
8847,0.488221,0
8848,0.621984,0
8849,2.860424,0
8850,2.629327,1
8851,3.315439,0
8852,0.113139,0
8853,0.897837,0
8854,1.052094,1
8855,9.928761,0
8856,0.645436,0
8857,1.52222,0
8858,11.045662,0
8859,8.306049,0
8860,0.276311,0
8861,0.073585,0
8862,2.24899,1
8863,9.436977,1
8864,0.882832,0
8865,9.655994,0
8866,0.373889,0
8867,0.625441,0
8868,0.326984,0
8869,8.659043,1
8870,1.163088,0
8871,2.487108,0
8872,0.22454,0
8873,0.182311,0
8874,0.111964,0
8875,1.639577,0
8876,0.537249,0
8877,10.673217,0
8878,1.429183,0
8879,1.087178,0
8880,9.394086,0
8881,0.430693,0
8882,0.330925,0
8883,0.436922,0
8884,3.015277,1
8885,0.337402,0
8886,1.359441,0
8887,0.236088,0
8888,0.363439,0
8889,10.687205,0
8890,10.209353,0
8891,2.409373,0
8892,1.147643,0
8893,0.14415,0
8894,8.515393,0
8895,10.047661,0
8896,0.352316,0
8897,4.146356,0
8898,0.974472,0
8899,9.562055,0
8900,0.541446,0
8901,0.253519,0
8902,2.479989,1
8903,0.54184,0
8904,9.121468,0
8905,0.044297,1
8906,10.366396,0
8907,0.834731,0
8908,1.652273,0
8909,9.852789,0
8910,0.419816,0
8911,0.519404,0
8912,1.092523,0
8913,1.126994,0
8914,0.293015,0
8915,2.497612,0
8916,11.454446,0
8917,0.289722,0
8918,10.023663,0
8919,10.150687,0
8920,0.529531,0
8921,9.461782,0
8922,0.3031,0
8923,10.540784,0
8924,9.365698,1
8925,0.602816,0
8926,0.346626,0
8927,9.217144,0
8928,0.22402,0
8929,0.743664,0
8930,11.318989,0
8931,0.298158,0
8932,0.369239,0
8933,8.812744,0
8934,1.640517,1
8935,1.990514,1
8936,0.520234,0
8937,0.216041,0
8938,1.11931,0
8939,1.015139,0
8940,0.089729,0
8941,1.301355,1
8942,0.374321,0
8943,10.623874,0
8944,3.106525,0
8945,0.90436,0
8946,0.207676,0
8947,0.306356,0
8948,0.233985,0
8949,1.317031,0
8950,0.271153,0
8951,1.172108,1
8952,0.219849,0
8953,0.27328,0
8954,0.455194,0
8955,0.411233,0
8956,0.474991,0
8957,0.200277,0
8958,2.843284,0
8959,0.116623,0
8960,10.511158,0
8961,2.60814,0
8962,0.649593,0
8963,0.235277,0
8964,4.106196,1
8965,0.515798,0
8966,0.401092,0
8967,0.104221,0
8968,0.564433,0
8969,0.116438,0
8970,0.225752,0
8971,1.387122,0
8972,0.532106,0
8973,0.193955,0
8974,0.69711,0
8975,4.149492,1
8976,0.12121,0
8977,0.574586,0
8978,0.160824,0
8979,2.647745,0
8980,0.538433,0
8981,0.19379,0
8982,10.837237,0
8983,0.98145,0
8984,0.755143,0
8985,1.572464,0
8986,10.472409,0
8987,1.135879,1
8988,9.191638,0
8989,1.575819,0
8990,0.743418,0
8991,0.486805,0
8992,0.393787,0
8993,9.796167,0
8994,0.266661,0
8995,9.899807,0
8996,0.624725,0
8997,2.23063,1
8998,2.673446,0
8999,3.601148,0
9000,0.707473,0
9001,2.575383,0
9002,0.413139,0
9003,11.222258,0
9004,1.836538,0
9005,0.318618,0
9006,11.856098,0
9007,0.910671,0
9008,0.291925,0
9009,9.399117,0
9010,0.093201,0
9011,0.220224,0
9012,9.515747,1
9013,0.626754,1
9014,0.546295,0
9015,4.080939,0
9016,0.261573,0
9017,1.075713,0
9018,2.666226,0
9019,0.4343,0
9020,0.159599,0
9021,10.762003,0
9022,11.321918,1
9023,0.143607,0
9024,9.288168,0
9025,10.641359,0
9026,9.171555,0
9027,0.627653,0
9028,0.661867,0
9029,0.585183,0
9030,0.397893,0
9031,0.484372,0
9032,0.395061,0
9033,0.626444,0
9034,0.128322,0
9035,0.580256,0
9036,0.32125,0
9037,1.939467,0
9038,1.764568,1
9039,0.501509,0
9040,0.119181,0
9041,0.470134,0
9042,0.415041,0
9043,1.632304,0
9044,0.166693,0
9045,8.580037,0
9046,10.636818,0
9047,3.079259,0
9048,0.189955,0
9049,2.391671,1
9050,5.945923,1
9051,0.103419,0
9052,10.947651,0
9053,10.310817,0
9054,0.326242,0
9055,0.209685,0
9056,10.377048,0
9057,0.432384,0
9058,9.750581,0
9059,0.871418,0
9060,0.667341,0
9061,0.716316,0
9062,0.624604,1
9063,0.548636,0
9064,0.87726,0
9065,0.328025,0
9066,9.914532,0
9067,0.287663,0
9068,0.899297,0
9069,1.00437,0
9070,9.672809,0
9071,0.371929,0
9072,10.52867,0
9073,8.689887,0
9074,1.460729,0
9075,2.627329,0
9076,0.310833,0
9077,8.963957,0
9078,0.155942,0
9079,0.468088,0
9080,10.376174,0
9081,0.916381,0
9082,0.482373,0
9083,1.449661,0
9084,0.208446,0
9085,0.122621,0
9086,0.478073,0
9087,0.280686,0
9088,3.305543,1
9089,0.300949,0
9090,0.614411,0
9091,0.514171,0
9092,2.858996,0
9093,0.299787,0
9094,0.706032,0
9095,0.356615,0
9096,0.440064,0
9097,0.297993,0
9098,0.300794,0
9099,0.861223,0
9100,8.064226,0
9101,0.753524,0
9102,0.489041,0
9103,0.181769,0
9104,0.460982,0
9105,9.967781,0
9106,0.693028,0
9107,0.729627,0
9108,1.196695,0
9109,0.784943,0
9110,0.81037,0
9111,2.448455,0
9112,1.465467,0
9113,1.394637,0
9114,1.614836,0
9115,0.102486,0
9116,9.23616,0
9117,4.758711,0
9118,1.100583,0
9119,0.757809,0
9120,0.237962,0
9121,0.264272,0
9122,0.27344,0
9123,0.174552,0
9124,0.374143,0
9125,0.25467,0
9126,8.945921,0
9127,0.718411,0
9128,0.8697,0
9129,0.612991,0
9130,0.36539,0
9131,0.624183,0
9132,1.440958,0
9133,13.163942,0
9134,0.536905,0
9135,2.001532,0
9136,0.028588,0
9137,10.377223,0
9138,11.188329,0
9139,0.299485,0
9140,0.231739,0
9141,0.477639,0
9142,0.30361,0
9143,0.895386,0
9144,1.321647,0
9145,0.291553,0
9146,9.158461,1
9147,1.331867,0
9148,10.885141,0
9149,9.688008,0
9150,0.365715,0
9151,0.381619,0
9152,1.883828,0
9153,0.177837,0
9154,0.263221,0
9155,1.897491,1
9156,0.810222,0
9157,12.96999,0
9158,0.264039,0
9159,0.562467,0
9160,0.366291,0
9161,0.397022,0
9162,10.841856,0
9163,1.533735,0
9164,0.213602,0
9165,3.222213,0
9166,3.693563,1
9167,8.94076,0
9168,1.293851,0
9169,1.636616,0
9170,9.319419,0
9171,8.734273,0
9172,10.427296,0
9173,0.748017,0
9174,0.406186,0
9175,0.680813,1
9176,0.465143,0
9177,2.410518,1
9178,0.307382,0
9179,0.301984,0
9180,0.572253,0
9181,0.598188,0
9182,1.045205,0
9183,0.198324,0
9184,0.722145,0
9185,10.260154,0
9186,1.830785,0
9187,1.121335,1
9188,0.136209,0
9189,0.349681,0
9190,0.384945,0
9191,3.764322,0
9192,0.113195,0
9193,2.554869,0
9194,0.517497,0
9195,0.396338,0
9196,1.601499,0
9197,11.414902,0
9198,0.402978,0
9199,0.285396,0
9200,9.08475,0
9201,0.614866,0
9202,9.11737,0
9203,10.007607,1
9204,0.321766,0
9205,1.40794,0
9206,2.146044,0
9207,0.206097,0
9208,10.629242,0
9209,0.272135,0
9210,0.325124,0
9211,0.798163,0
9212,0.531319,0
9213,0.398298,0
9214,9.525743,0
9215,0.114476,0
9216,10.201286,1
9217,9.900969,1
9218,0.122994,0
9219,0.329921,0
9220,10.032013,0
9221,0.293761,0
9222,0.088692,0
9223,0.231578,0
9224,2.488936,0
9225,0.726519,0
9226,0.78866,0
9227,0.379186,0
9228,0.478551,1
9229,0.778722,0
9230,0.746328,0
9231,1.77149,0
9232,1.362257,0
9233,9.783674,0
9234,1.790868,0
9235,0.413605,0
9236,1.591939,1
9237,0.388905,0
9238,0.542937,0
9239,2.090669,0
9240,1.863736,0
9241,0.34932,0
9242,9.871567,0
9243,0.349263,0
9244,0.916653,0
9245,0.292369,0
9246,0.360948,0
9247,0.242774,0
9248,1.071436,0
9249,9.366162,0
9250,0.418541,0
9251,2.251555,0
9252,0.523023,0
9253,0.646075,0
9254,0.574957,0
9255,10.176613,0
9256,10.941469,1
9257,0.434767,0
9258,9.524786,0
9259,9.313718,0
9260,9.288066,1
9261,0.635203,0
9262,0.638743,0
9263,0.319852,0
9264,4.548533,0
9265,1.007374,0
9266,0.66592,0
9267,8.906091,0
9268,1.463352,0
9269,0.054543,0
9270,0.062632,0
9271,0.196511,0
9272,0.550322,0
9273,1.24263,0
9274,0.064953,0
9275,9.885722,0
9276,0.292258,0
9277,0.173348,0
9278,9.491685,0
9279,1.654351,0
9280,2.086265,1
9281,0.26972,0
9282,0.487487,0
9283,0.57227,0
9284,0.354611,0
9285,0.496262,0
9286,0.575391,0
9287,0.182539,0
9288,2.119919,0
9289,9.290111,0
9290,0.832037,0
9291,2.001174,0
9292,0.070864,1
9293,9.543821,0
9294,0.916439,0
9295,0.292924,0
9296,1.433534,0
9297,0.53607,0
9298,0.718325,0
9299,1.102679,0
9300,10.241796,1
9301,0.099801,0
9302,0.469344,0
9303,1.647975,0
9304,1.918997,0
9305,0.464099,0
9306,0.272442,0
9307,0.436313,0
9308,9.094016,0
9309,0.146928,0
9310,0.645647,0
9311,0.234367,0
9312,1.980391,0
9313,1.645928,1
9314,0.400312,0
9315,0.497661,0
9316,0.403402,0
9317,0.226561,0
9318,0.039738,0
9319,0.467507,0
9320,1.479616,0
9321,0.082903,0
9322,0.784546,0
9323,0.628531,0
9324,0.42109,0
9325,0.108804,0
9326,2.034431,0
9327,0.823757,0
9328,9.810261,1
9329,0.514082,0
9330,0.580776,0
9331,2.455884,0
9332,0.310977,0
9333,0.3046,0
9334,0.366857,0
9335,8.656454,1
9336,0.493456,0
9337,0.232086,0
9338,0.343407,1
9339,0.579396,0
9340,0.574498,0
9341,0.365424,0
9342,10.423831,0
9343,8.631331,0
9344,0.856654,0
9345,9.177361,0
9346,0.043473,0
9347,1.510063,1
9348,0.42789,0
9349,0.494824,0
9350,0.221314,0
9351,0.510275,0
9352,2.942994,1
9353,0.420099,0
9354,1.496634,1
9355,0.354651,0
9356,9.942447,0
9357,0.256415,0
9358,0.213706,0
9359,0.535621,0
9360,0.521129,0
9361,1.112713,0
9362,1.76528,0
9363,0.623734,0
9364,0.914866,0
9365,0.236518,0
9366,0.582154,0
9367,8.878744,0
9368,0.545525,0
9369,0.93488,0
9370,0.361084,0
9371,0.523411,0
9372,0.268496,0
9373,10.821536,0
9374,0.191681,0
9375,9.811721,0
9376,0.612321,0
9377,0.514656,0
9378,0.437141,0
9379,0.821868,0
9380,1.01365,0
9381,3.539618,1
9382,0.206867,0
9383,0.484113,0
9384,0.189448,0
9385,1.023777,1
9386,0.724224,0
9387,0.667557,0
9388,1.094806,0
9389,0.200751,0
9390,0.745235,0
9391,0.156806,0
9392,0.292855,0
9393,0.327092,0
9394,9.262891,0
9395,0.262818,0
9396,9.189672,0
9397,0.108613,0
9398,9.588806,0
9399,1.01398,0
9400,5.122339,1
9401,10.682399,0
9402,0.22261,0
9403,1.083481,0
9404,0.358674,0
9405,0.738402,0
9406,9.416353,0
9407,9.282593,0
9408,9.805205,0
9409,0.282981,0
9410,0.57604,0
9411,0.313153,0
9412,0.924905,0
9413,0.064978,0
9414,0.612525,0
9415,10.493688,0
9416,0.169349,0
9417,0.202333,0
9418,0.171825,0
9419,1.703968,0
9420,1.265677,0
9421,1.523882,0
9422,0.478448,0
9423,0.850815,0
9424,10.85637,0
9425,1.001242,0
9426,0.061879,0
9427,0.366587,0
9428,0.76458,0
9429,0.975424,0
9430,0.929816,0
9431,1.824217,0
9432,0.443433,0
9433,0.63091,0
9434,0.252424,0
9435,2.508135,0
9436,1.3084,0
9437,0.282157,0
9438,0.523523,0
9439,0.75327,0
9440,0.289565,0
9441,3.362287,0
9442,0.185531,0
9443,9.115788,0
9444,0.058076,0
9445,10.609669,0
9446,0.396286,0
9447,1.678852,0
9448,0.587032,0
9449,0.241005,0
9450,0.837336,0
9451,3.506456,1
9452,0.268009,0
9453,9.425559,0
9454,0.302154,0
9455,9.673697,0
9456,0.604483,0
9457,11.560184,0
9458,0.550632,0
9459,9.633279,0
9460,1.057414,0
9461,0.320675,0
9462,1.601504,0
9463,0.385554,0
9464,0.251804,1
9465,0.387034,0
9466,0.622647,0
9467,1.647107,0
9468,0.348493,0
9469,4.455546,1
9470,0.337827,0
9471,2.322906,0
9472,9.761723,1
9473,1.530526,0
9474,10.646355,0
9475,0.733307,0
9476,1.026295,0
9477,0.259424,0
9478,0.534933,0
9479,0.566579,0
9480,0.393342,0
9481,1.323165,1
9482,0.751269,0
9483,0.379031,0
9484,0.907511,0
9485,12.052877,0
9486,0.592295,0
9487,10.037056,1
9488,0.435991,0
9489,0.375148,0
9490,0.606995,0
9491,0.48364,0
9492,0.456059,0
9493,0.496039,0
9494,0.362047,0
9495,9.920929,0
9496,0.8221,0
9497,0.378245,0
9498,0.179643,0
9499,2.107502,0
9500,0.361239,0
9501,0.461659,0
9502,0.312753,0
9503,0.177656,0
9504,2.647896,1
9505,0.236357,0
9506,8.911985,0
9507,0.354795,0
9508,9.963119,0
9509,0.103651,0
9510,0.27551,0
9511,0.399883,0
9512,0.42822,0
9513,0.13601,0
9514,1.0089,0
9515,2.417419,1
9516,0.062035,0
9517,9.168016,1
9518,0.394201,0
9519,1.878988,0
9520,0.399555,0
9521,0.418808,0
9522,0.887965,0
9523,10.652321,0
9524,0.525592,0
9525,3.311663,0
9526,0.65216,0
9527,0.073676,0
9528,0.631047,0
9529,0.695887,0
9530,0.937957,1
9531,8.705709,0
9532,0.242313,0
9533,10.080282,0
9534,0.477199,0
9535,11.023112,0
9536,1.38594,0
9537,0.804631,0
9538,9.468352,0
9539,0.789009,0
9540,0.309936,0
9541,4.725493,0
9542,0.303787,0
9543,0.077254,0
9544,0.929481,0
9545,9.440749,0
9546,0.499052,0
9547,0.37046,0
9548,0.836643,0
9549,10.550582,0
9550,0.662704,0
9551,0.187823,0
9552,0.046354,0
9553,10.738969,0
9554,0.313821,0
9555,0.061917,0
9556,0.612971,0
9557,3.061631,1
9558,0.31742,0
9559,0.517711,0
9560,0.164748,0
9561,1.390963,0
9562,1.546794,1
9563,11.158581,0
9564,10.589046,0
9565,0.116398,0
9566,10.559496,0
9567,0.850302,0
9568,0.412971,0
9569,0.775329,0
9570,0.540343,0
9571,0.096528,0
9572,1.263998,0
9573,0.800729,0
9574,1.090114,0
9575,0.327598,0
9576,10.419065,1
9577,2.111777,0
9578,0.437685,0
9579,8.286455,0
9580,0.938701,0
9581,0.484333,0
9582,8.336769,1
9583,0.581211,0
9584,0.15976,0
9585,9.085993,0
9586,0.569885,0
9587,9.706872,0
9588,0.288652,0
9589,0.527731,0
9590,0.528524,0
9591,2.165382,0
9592,0.08618,0
9593,0.609247,0
9594,0.20888,0
9595,1.735185,0
9596,0.816191,0
9597,1.206509,0
9598,2.041434,1
9599,0.206234,0
9600,9.460863,0
9601,0.68104,1
9602,0.332522,0
9603,1.716067,0
9604,0.44683,0
9605,0.262331,0
9606,0.420782,0
9607,0.368144,0
9608,2.080704,1
9609,0.291414,0
9610,4.302244,1
9611,1.243074,0
9612,9.160521,0
9613,0.425803,0
9614,0.881139,0
9615,1.079539,0
9616,1.17422,1
9617,0.892349,0
9618,10.348099,0
9619,0.415476,0
9620,0.575589,0
9621,0.251069,0
9622,0.523331,0
9623,0.324061,0
9624,0.399384,0
9625,10.254675,0
9626,2.396922,0
9627,0.628545,0
9628,0.292036,0
9629,1.459746,0
9630,1.419804,0
9631,0.927928,0
9632,2.634338,0
9633,0.680259,0
9634,2.22078,0
9635,0.85761,0
9636,0.926821,0
9637,13.287541,0
9638,0.414562,0
9639,0.709458,0
9640,0.314745,0
9641,0.345552,0
9642,9.57021,0
9643,1.260983,1
9644,0.244743,0
9645,0.672788,0
9646,10.479554,0
9647,1.702757,0
9648,2.675381,0
9649,10.834312,0
9650,1.162911,0
9651,9.045624,0
9652,0.570855,0
9653,0.557893,0
9654,1.987359,0
9655,9.954273,1
9656,1.534552,1
9657,0.210878,0
9658,0.328278,0
9659,8.924165,0
9660,0.042975,0
9661,0.127694,0
9662,10.733513,0
9663,10.230127,0
9664,2.112141,1
9665,10.392368,0
9666,1.123033,0
9667,0.16014,0
9668,12.424919,0
9669,0.837339,0
9670,0.586447,0
9671,0.121965,0
9672,0.509509,0
9673,2.862716,0
9674,11.648743,0
9675,1.11726,0
9676,0.54395,0
9677,1.915212,0
9678,0.409618,0
9679,0.26992,0
9680,3.771873,1
9681,0.21661,0
9682,1.210658,0
9683,0.307202,0
9684,0.310971,0
9685,0.366269,0
9686,9.688099,0
9687,2.434216,0
9688,0.277193,0
9689,0.24157,0
9690,0.552746,0
9691,1.257585,0
9692,0.612843,0
9693,0.392205,0
9694,2.034452,0
9695,0.548784,0
9696,3.408979,1
9697,2.232909,0
9698,1.343905,0
9699,0.626576,0
9700,0.37232,0
9701,0.168737,0
9702,0.320087,0
9703,0.457982,0
9704,0.726184,0
9705,0.300546,0
9706,0.464856,0
9707,1.589473,0
9708,0.447381,0
9709,0.415713,0
9710,0.44699,0
9711,0.459024,0
9712,0.952527,0
9713,0.058568,0
9714,1.672846,0
9715,3.479631,1
9716,0.099669,0
9717,2.575675,1
9718,0.089752,0
9719,0.413075,0
9720,0.39477,0
9721,9.220364,0
9722,2.866343,0
9723,0.564116,0
9724,0.584123,0
9725,0.179209,0
9726,1.75936,0
9727,0.457442,0
9728,0.978644,0
9729,9.813457,0
9730,9.392441,0
9731,9.818315,0
9732,0.975185,0
9733,9.64821,0
9734,12.57111,0
9735,0.388739,0
9736,9.026336,0
9737,9.299427,0
9738,0.313985,0
9739,10.118505,1
9740,0.393612,0
9741,0.917525,0
9742,0.206138,0
9743,0.228902,0
9744,0.520287,0
9745,0.216239,0
9746,10.136832,0
9747,0.341498,0
9748,5.47176,1
9749,0.725962,0
9750,0.913539,0
9751,0.328786,0
9752,0.307975,0
9753,0.276453,0
9754,1.354573,0
9755,9.972008,0
9756,1.04874,0
9757,9.928861,0
9758,0.129541,0
9759,9.977633,0
9760,10.361073,0
9761,10.679445,0
9762,2.541227,0
9763,0.55001,0
9764,0.040435,0
9765,4.792309,1
9766,0.323474,0
9767,0.580193,1
9768,0.912476,0
9769,0.426327,1
9770,2.550511,0
9771,1.070738,0
9772,9.192225,1
9773,11.096504,0
9774,0.071247,0
9775,2.001299,0
9776,1.077083,0
9777,8.740622,0
9778,10.759848,0
9779,2.196749,1
9780,0.44524,0
9781,10.030692,0
9782,0.362889,0
9783,0.37712,0
9784,1.668888,0
9785,0.222586,0
9786,9.702444,0
9787,0.283628,0
9788,0.621058,0
9789,11.136692,0
9790,8.887066,0
9791,0.677792,0
9792,0.277796,0
9793,0.441005,0
9794,0.498705,0
9795,4.82534,1
9796,0.613607,0
9797,9.226562,0
9798,0.25446,0
9799,0.547705,0
9800,8.411218,0
9801,2.059503,0
9802,2.249764,0
9803,0.63351,0
9804,0.268035,0
9805,0.794524,0
9806,1.352128,0
9807,0.597901,1
9808,8.770023,1
9809,1.222299,0
9810,0.088723,0
9811,0.214698,0
9812,11.952586,0
9813,0.278142,0
9814,0.320352,0
9815,0.359722,0
9816,0.61973,0
9817,0.342955,0
9818,0.506385,0
9819,0.174348,0
9820,1.105383,0
9821,0.738471,0
9822,0.900535,0
9823,0.302239,0
9824,0.468303,0
9825,0.93217,1
9826,0.223697,0
9827,1.438298,1
9828,8.761477,0
9829,0.460069,0
9830,0.022649,0
9831,0.312532,0
9832,9.847785,0
9833,11.015016,0
9834,9.291619,0
9835,10.342984,0
9836,0.936114,0
9837,10.150791,0
9838,0.547415,0
9839,0.451969,0
9840,0.441956,1
9841,0.518072,0
9842,0.81458,0
9843,0.422064,0
9844,9.697489,0
9845,0.409965,0
9846,0.167899,0
9847,9.769777,0
9848,1.119696,0
9849,0.458194,0
9850,4.051517,1
9851,0.554828,0
9852,0.313968,0
9853,0.20029,0
9854,0.221652,0
9855,0.593282,0
9856,1.764206,0
9857,0.361701,0
9858,0.110962,0
9859,1.354232,1
9860,0.244831,0
9861,5.022257,1
9862,9.4547,0
9863,0.397225,0
9864,0.916279,0
9865,0.695828,0
9866,0.313202,0
9867,0.949322,0
9868,0.375162,0
9869,0.589338,0
9870,2.464853,1
9871,0.027587,0
9872,0.530565,0
9873,8.661663,0
9874,0.520863,0
9875,9.814251,0
9876,1.08517,0
9877,0.084123,0
9878,0.367185,0
9879,0.360472,0
9880,1.293029,0
9881,0.216758,0
9882,9.896251,0
9883,0.222261,0
9884,0.446596,0
9885,0.258574,0
9886,0.324682,0
9887,2.375865,0
9888,1.554974,0
9889,0.743891,0
9890,0.482602,0
9891,1.068451,0
9892,9.03625,0
9893,1.123664,0
9894,0.426769,0
9895,0.332267,0
9896,1.537712,1
9897,0.223707,0
9898,0.373541,0
9899,3.594439,0
9900,10.601953,0
9901,0.389644,0
9902,12.479478,0
9903,0.250999,0
9904,0.294747,0
9905,0.923286,0
9906,10.1677,0
9907,0.137557,0
9908,0.832002,0
9909,1.178144,0
9910,0.494788,0
9911,11.19297,0
9912,0.27974,0
9913,0.714834,0
9914,0.478304,0
9915,0.375956,0
9916,0.244651,0
9917,0.296466,0
9918,9.884246,0
9919,1.300978,1
9920,11.842372,0
9921,0.6244,0
9922,9.291332,1
9923,0.070487,0
9924,1.447767,0
9925,0.691823,0
9926,0.076261,0
9927,1.458926,0
9928,0.88278,0
9929,0.306045,0
9930,0.286576,0
9931,1.454356,1
9932,0.286341,0
9933,9.930112,1
9934,0.604419,0
9935,9.849028,0
9936,0.17617,0
9937,9.65134,0
9938,0.443386,0
9939,0.57017,0
9940,2.334288,0
9941,0.849708,0
9942,0.219964,0
9943,0.366553,0
9944,1.194982,0
9945,2.212058,0
9946,0.326171,0
9947,0.088588,0
9948,3.180832,0
9949,10.857548,0
9950,0.361547,0
9951,0.189835,0
9952,0.473901,0
9953,10.295805,0
9954,0.419559,0
9955,0.143288,0
9956,9.723876,0
9957,10.188057,0
9958,0.450733,0
9959,1.305644,0
9960,11.462346,0
9961,10.377411,1
9962,0.836025,0
9963,0.499589,0
9964,0.257865,0
9965,0.928062,0
9966,9.01065,0
9967,11.6068,0
9968,0.756782,0
9969,0.500424,0
9970,0.239238,0
9971,9.469863,0
9972,1.452442,1
9973,2.030186,0
9974,0.985464,0
9975,1.655695,1
9976,1.617157,0
9977,0.23234,0
9978,0.21623,0
9979,1.151391,0
9980,0.166539,0
9981,0.213194,0
9982,0.197699,0
9983,10.088115,1
9984,1.165007,0
9985,1.307359,0
9986,9.804026,0
9987,1.237096,0
9988,3.134559,0
9989,0.45416,0
9990,9.652071,0
9991,0.457035,0
9992,10.195013,0
9993,0.43587,0
9994,0.344004,0
9995,0.280709,0
9996,0.534851,0
9997,0.624074,0
9998,0.4222,0
9999,0.260448,0
10000,1.649951,0
10001,0.781082,0
10002,0.451132,0
10003,0.967729,0
10004,0.325154,0
10005,0.049839,0
10006,0.329582,0
10007,1.670442,1
10008,0.526858,0
10009,0.321229,0
10010,0.589631,0
10011,0.209622,0
10012,9.072533,1
10013,0.511205,0
10014,1.512521,0
10015,0.170294,0
10016,1.053308,0
10017,0.346189,0
10018,0.758425,1
10019,1.861432,0
10020,3.214377,0
10021,0.160382,0
10022,2.423664,0
10023,1.31793,1
10024,9.164662,0
10025,1.343001,0
10026,0.222877,0
10027,0.078606,0
10028,10.602599,0
10029,9.472288,1
10030,3.99831,0
10031,0.179763,0
10032,1.569374,0
10033,9.995335,0
10034,1.657099,1
10035,9.868445,0
10036,2.874905,0
10037,9.256175,0
10038,0.866828,0
10039,0.803598,0
10040,0.405833,0
10041,10.52227,0
10042,0.184748,0
10043,0.368996,0
10044,10.222653,0
10045,9.833981,0
10046,0.324199,0
10047,0.290469,0
10048,0.519711,0
10049,1.320652,0
10050,0.955345,0
10051,1.40141,0
10052,0.385709,0
10053,0.618385,0
10054,0.317323,0
10055,0.172323,0
10056,0.804927,0
10057,0.350532,0
10058,1.702029,0
10059,0.824596,0
10060,0.156962,0
10061,0.372864,1
10062,0.22935,0
10063,10.374758,0
10064,1.784122,1
10065,0.443859,0
10066,0.433672,0
10067,0.69469,0
10068,1.338541,0
10069,0.718075,0
10070,10.100492,0
10071,1.102834,1
10072,10.375259,1
10073,9.962653,1
10074,0.544349,0
10075,0.88641,0
10076,0.273881,0
10077,0.90861,0
10078,0.358214,0
10079,0.681949,1
10080,8.255019,0
10081,0.314136,0
10082,12.904792,0
10083,0.307342,0
10084,1.938101,0
10085,0.667109,0
10086,3.429504,0
10087,0.306602,0
10088,9.459789,0
10089,0.320982,0
10090,0.360607,0
10091,0.719721,0
10092,3.102505,0
10093,0.231867,0
10094,0.120681,0
10095,0.399264,0
10096,0.155686,0
10097,0.601126,0
10098,0.392359,0
10099,0.272912,0
10100,0.501488,0
10101,2.468973,0
10102,1.668154,1
10103,0.323606,0
10104,10.927161,0
10105,2.432605,0
10106,0.203925,0
10107,0.333146,0
10108,0.359565,0
10109,0.664299,0
10110,0.11,0
10111,10.518098,0
10112,1.011258,0
10113,0.29446,0
10114,0.087175,0
10115,0.157362,0
10116,3.181704,0
10117,0.396635,0
10118,0.568491,0
10119,10.719149,0
10120,2.533728,0
10121,1.076911,0
10122,0.812323,0
10123,0.457096,0
10124,0.932759,1
10125,0.472865,0
10126,0.84889,1
10127,0.807324,0
10128,0.202019,0
10129,10.776839,0
10130,0.361708,0
10131,1.872393,0
10132,9.155763,0
10133,0.555006,0
10134,2.150085,1
10135,1.18536,0
10136,1.851501,0
10137,0.674731,0
10138,0.157577,0
10139,3.120739,0
10140,0.460702,0
10141,9.739392,0
10142,0.338104,0
10143,11.190622,0
10144,0.28367,0
10145,0.651828,0
10146,10.441854,0
10147,0.276462,0
10148,2.07651,1
10149,9.225153,0
10150,0.714957,0
10151,0.389107,0
10152,0.465331,0
10153,2.007344,0
10154,0.466811,0
10155,3.90184,1
10156,0.415543,0
10157,0.39388,0
10158,1.964193,0
10159,0.296229,0
10160,0.443408,0
10161,0.227951,0
10162,9.582737,0
10163,0.363248,0
10164,2.106654,0
10165,12.240904,0
10166,0.997077,0
10167,0.310502,0
10168,0.750445,0
10169,0.492841,0
10170,4.651655,0
10171,10.532064,0
10172,1.446253,1
10173,2.764792,0
10174,1.185,0
10175,2.033784,0
10176,3.893646,0
10177,0.334365,0
10178,1.2641,0
10179,0.863565,0
10180,0.352812,0
10181,2.770599,0
10182,0.445718,0
10183,10.627986,0
10184,2.3681,0
10185,1.073638,0
10186,0.431928,0
10187,0.229164,0
10188,1.593028,0
10189,1.522548,0
10190,1.040697,1
10191,1.962145,1
10192,0.586512,0
10193,9.427751,1
10194,0.27063,0
10195,10.230444,0
10196,0.182971,0
10197,1.376619,0
10198,0.252291,0
10199,9.765836,1
10200,0.981108,0
10201,11.242837,0
10202,2.916714,1
10203,0.759656,0
10204,0.607214,0
10205,2.199124,0
10206,2.068156,1
10207,0.525743,0
10208,0.527462,0
10209,0.579716,0
10210,1.090032,1
10211,0.243939,0
10212,0.346386,0
10213,2.246379,1
10214,0.171851,0
10215,9.954863,0
10216,0.496503,0
10217,0.4925,0
10218,1.923345,0
10219,0.2942,0
10220,1.6559,0
10221,0.387007,0
10222,0.303009,0
10223,0.188555,0
10224,10.296289,0
10225,0.621073,1
10226,1.549245,0
10227,0.398738,0
10228,11.030269,0
10229,10.001466,0
10230,0.680001,0
10231,0.722732,0
10232,0.147734,0
10233,10.631125,0
10234,9.472395,0
10235,0.557922,0
10236,0.276567,0
10237,10.237364,0
10238,10.202274,0
10239,2.060055,0
10240,2.028334,0
10241,0.557692,0
10242,0.508494,0
10243,10.759639,0
10244,0.189232,0
10245,0.478941,0
10246,0.244465,0
10247,0.281572,0
10248,10.119543,0
10249,10.231733,0
10250,5.32327,0
10251,0.166892,0
10252,0.490129,0
10253,0.796577,1
10254,3.175017,1
10255,9.50378,0
10256,11.176803,0
10257,10.429181,0
10258,1.150923,0
10259,0.331425,0
10260,10.58197,0
10261,9.612763,1
10262,3.110182,0
10263,0.254721,0
10264,3.18347,0
10265,11.0835,0
10266,0.435682,0
10267,3.689287,0
10268,9.332161,0
10269,9.431317,0
10270,0.415738,0
10271,10.302006,0
10272,0.476838,0
10273,0.154622,0
10274,0.299471,0
10275,1.498026,1
10276,0.351829,1
10277,0.284289,0
10278,0.087913,0
10279,2.288993,1
10280,1.153659,0
10281,2.481889,0
10282,0.477043,0
10283,0.30248,0
10284,0.557201,0
10285,0.379508,0
10286,0.669765,0
10287,1.351376,0
10288,0.469551,0
10289,0.089739,0
10290,0.772668,0
10291,11.25745,0
10292,1.920915,1
10293,0.328483,0
10294,0.402001,0
10295,0.489434,0
10296,0.49472,0
10297,0.267419,0
10298,0.834546,1
10299,0.777811,0
10300,0.759771,1
10301,1.33909,0
10302,11.160167,0
10303,1.008002,0
10304,0.305014,0
10305,10.316045,0
10306,0.521283,0
10307,0.691189,0
10308,1.586851,0
10309,0.432985,0
10310,1.091107,0
10311,0.39027,0
10312,0.092362,0
10313,0.748959,0
10314,0.55953,0
10315,0.209438,0
10316,1.168828,0
10317,0.477743,0
10318,0.377106,0
10319,1.920542,1
10320,0.300613,0
10321,0.426798,0
10322,0.872815,0
10323,1.154153,0
10324,0.617856,0
10325,0.543253,0
10326,0.689086,1
10327,10.527369,0
10328,10.393144,0
10329,0.128211,0
10330,9.651144,1
10331,0.167889,0
10332,0.313859,0
10333,0.364604,0
10334,11.838912,0
10335,0.557504,1
10336,10.039939,0
10337,8.748828,0
10338,0.163623,0
10339,0.961166,0
10340,0.316237,0
10341,0.307915,0
10342,0.784614,0
10343,0.467177,0
10344,1.847589,0
10345,0.184039,0
10346,1.148167,0
10347,8.942163,1
10348,0.339481,0
10349,0.28521,0
10350,2.788143,0
10351,0.419598,0
10352,0.305197,0
10353,9.957172,0
10354,10.839017,0
10355,0.804043,0
10356,2.191487,1
10357,0.532076,0
10358,0.586103,0
10359,9.876034,0
10360,0.222544,0
10361,0.332316,0
10362,0.198627,0
10363,0.644601,0
10364,2.600023,1
10365,2.307792,1
10366,0.46172,0
10367,0.337468,0
10368,0.095578,0
10369,9.096603,0
10370,9.469955,0
10371,8.449952,0
10372,9.234715,0
10373,0.564339,0
10374,0.282575,0
10375,0.59997,0
10376,1.452223,0
10377,9.26003,1
10378,10.505301,1
10379,9.211493,1
10380,0.206596,0
10381,0.543506,0
10382,0.377863,0
10383,10.469222,0
10384,10.150923,0
10385,0.220262,0
10386,0.60706,0
10387,0.413433,0
10388,1.075681,0
10389,11.650603,0
10390,0.48346,0
10391,0.522851,0
10392,0.513619,0
10393,2.430659,0
10394,0.082123,0
10395,1.058519,1
10396,1.340657,0
10397,1.144785,0
10398,0.580648,0
10399,10.639874,0
10400,10.997881,0
10401,0.34432,0
10402,2.913646,0
10403,0.196628,0
10404,0.102598,0
10405,9.686815,0
10406,0.158236,0
10407,9.16715,0
10408,0.318495,0
10409,0.238162,0
10410,9.846437,0
10411,0.260996,0
10412,0.511116,0
10413,2.199023,0
10414,0.294304,0
10415,0.358039,0
10416,10.707977,0
10417,11.809253,0
10418,0.217656,0
10419,1.811888,0
10420,0.191943,0
10421,0.927782,0
10422,0.354017,0
10423,10.296031,0
10424,10.135161,0
10425,1.677462,0
10426,9.610352,0
10427,0.343442,0
10428,8.777802,0
10429,0.325763,0
10430,0.301136,0
10431,0.731121,0
10432,9.177304,0
10433,0.101868,0
10434,10.866955,0
10435,0.191524,0
10436,0.87553,0
10437,0.093463,0
10438,0.302261,0
10439,9.283154,1
10440,0.802021,0
10441,4.167322,1
10442,9.606216,0
10443,0.220675,0
10444,0.558668,0
10445,0.278994,0
10446,2.604668,0
10447,0.525859,0
10448,10.511377,0
10449,0.204837,0
10450,0.314592,0
10451,0.445983,0
10452,0.176004,0
10453,9.798649,0
10454,0.101988,0
10455,0.151239,0
10456,0.159884,0
10457,2.145343,0
10458,0.571558,0
10459,0.379436,0
10460,11.047745,0
10461,0.263706,0
10462,0.972824,0
10463,3.664631,0
10464,0.499179,0
10465,0.762431,0
10466,0.546913,0
10467,0.191554,0
10468,0.587022,0
10469,0.302193,0
10470,0.478486,0
10471,11.085178,0
10472,10.297954,0
10473,1.536649,0
10474,9.553245,0
10475,0.337938,0
10476,3.339537,1
10477,0.547866,0
10478,0.38204,0
10479,0.338525,0
10480,0.291644,0
10481,9.865674,1
10482,0.361328,0
10483,0.823473,1
10484,0.5505,0
10485,1.470853,1
10486,0.431088,0
10487,0.215606,0
10488,10.549964,0
10489,3.645971,1
10490,0.397384,0
10491,0.234206,0
10492,0.812729,0
10493,0.367764,0
10494,0.636467,0
10495,0.188534,0
10496,0.945884,1
10497,0.368625,0
10498,1.610218,0
10499,9.280183,0
10500,0.435549,0
10501,1.2119,1
10502,10.168106,0
10503,1.485368,0
10504,0.611064,0
10505,1.280757,0
10506,10.204168,0
10507,9.205745,0
10508,0.134037,0
10509,0.480159,0
10510,0.330701,0
10511,0.298276,0
10512,0.145501,0
10513,0.355916,0
10514,11.107147,0
10515,0.333652,0
10516,0.255037,0
10517,8.836554,1
10518,0.804408,0
10519,1.107872,0
10520,1.658816,0
10521,0.120608,0
10522,9.820029,1
10523,9.055628,0
10524,0.760206,0
10525,0.50681,0
10526,2.811189,0
10527,0.15499,0
10528,9.477367,1
10529,0.159645,0
10530,0.744242,0
10531,0.294815,0
10532,8.364799,0
10533,0.301923,0
10534,8.639786,1
10535,9.228187,0
10536,2.617038,0
10537,9.623146,1
10538,0.227644,0
10539,0.135743,0
10540,0.228411,0
10541,0.266958,0
10542,1.543854,0
10543,0.076027,0
10544,9.086978,0
10545,0.394846,0
10546,1.307826,0
10547,9.96314,1
10548,0.509935,0
10549,0.37864,0
10550,0.481777,0
10551,10.772114,0
10552,0.487654,0
10553,0.56438,0
10554,0.287118,0
10555,0.738925,0
10556,0.396082,0
10557,0.17659,0
10558,1.201748,0
10559,0.331098,0
10560,0.58407,0
10561,0.611296,0
10562,0.496378,0
10563,0.61111,0
10564,8.260079,1
10565,0.358159,0
10566,0.083902,0
10567,9.811325,0
10568,10.746904,0
10569,0.902446,0
10570,2.732722,1
10571,10.600998,1
10572,0.488464,0
10573,0.675689,0
10574,0.537294,0
10575,0.299188,0
10576,1.614654,0
10577,0.722776,0
10578,9.434073,0
10579,0.061364,0
10580,2.491213,0
10581,0.289122,0
10582,0.313765,0
10583,0.551674,0
10584,0.485961,0
10585,4.429896,1
10586,1.423837,1
10587,0.3354,0
10588,0.298611,0
10589,1.495421,0
10590,8.805179,0
10591,9.137337,0
10592,2.478419,0
10593,0.444292,0
10594,0.995797,0
10595,0.776663,0
10596,0.303815,0
10597,0.634046,1
10598,0.835241,0
10599,0.818295,0
10600,0.442793,0
10601,0.274383,0
10602,9.527472,0
10603,8.85923,0
10604,10.250681,0
10605,0.044533,0
10606,9.486886,1
10607,0.506545,0
10608,0.195961,0
10609,1.517016,1
10610,0.264213,0
10611,2.782428,0
10612,0.53931,0
10613,0.236505,0
10614,0.326153,0
10615,10.419062,0
10616,0.181223,0
10617,0.191153,0
10618,9.641954,0
10619,0.779426,0
10620,10.063803,0
10621,9.592228,0
10622,0.305843,0
10623,0.288886,0
10624,0.437731,0
10625,2.164951,0
10626,1.220258,0
10627,0.358411,0
10628,0.322508,0
10629,9.569734,0
10630,0.238103,0
10631,0.288312,0
10632,1.469975,0
10633,0.258284,0
10634,0.445682,0
10635,1.509999,1
10636,1.589499,0
10637,0.189824,0
10638,0.455141,0
10639,0.655794,0
10640,9.071757,0
10641,0.57328,0
10642,2.457203,0
10643,0.137738,0
10644,0.134827,0
10645,9.157607,0
10646,1.027184,0
10647,1.063725,0
10648,0.538937,0
10649,0.370093,0
10650,0.594736,0
10651,0.732332,0
10652,0.585925,0
10653,0.659139,0
10654,1.547203,0
10655,0.225205,0
10656,1.684838,0
10657,0.295654,0
10658,0.124547,0
10659,1.48043,1
10660,3.087566,0
10661,11.27597,0
10662,1.638566,0
10663,10.535522,0
10664,1.438672,0
10665,0.293102,0
10666,0.416945,0
10667,2.384228,0
10668,3.266227,0
10669,0.22249,0
10670,2.120817,1
10671,0.998996,0
10672,10.458315,1
10673,10.138004,0
10674,0.492091,0
10675,0.466858,0
10676,1.611312,0
10677,0.157605,0
10678,0.56227,0
10679,0.410368,1
10680,0.749446,0
10681,9.553414,0
10682,0.13831,0
10683,0.277159,0
10684,1.717677,0
10685,0.404828,0
10686,0.377877,0
10687,0.344,0
10688,0.319478,0
10689,0.306723,0
10690,0.467651,0
10691,1.359469,0
10692,0.457982,0
10693,0.942522,0
10694,0.847942,0
10695,0.371272,0
10696,0.685008,0
10697,1.32036,0
10698,2.114099,0
10699,3.184177,1
10700,10.267084,0
10701,0.434093,0
10702,0.265561,0
10703,1.754852,0
10704,0.054164,0
10705,0.136814,0
10706,0.356031,0
10707,12.32431,0
10708,0.251328,0
10709,0.308161,0
10710,0.674917,0
10711,11.004616,0
10712,8.940265,0
10713,0.542783,0
10714,0.232762,0
10715,0.405673,0
10716,0.593453,0
10717,1.492872,0
10718,0.283505,0
10719,0.357716,0
10720,0.582221,0
10721,0.710349,0
10722,10.50217,0
10723,0.302152,0
10724,0.395796,0
10725,0.091824,0
10726,0.113192,0
10727,0.483438,1
10728,0.30089,0
10729,10.46391,0
10730,0.247993,0
10731,0.863461,0
10732,0.073914,0
10733,1.763669,1
10734,1.14914,0
10735,9.868498,0
10736,0.269201,0
10737,0.415854,0
10738,2.786538,0
10739,0.43456,0
10740,1.402955,0
10741,0.545267,0
10742,0.584994,0
10743,0.205646,0
10744,0.136761,0
10745,0.235134,0
10746,0.342925,0
10747,1.507932,0
10748,10.080182,0
10749,0.145704,0
10750,0.538686,0
10751,1.018949,0
10752,8.747197,0
10753,0.60304,0
10754,0.300192,0
10755,2.421268,0
10756,2.257706,1
10757,9.855435,0
10758,0.300552,0
10759,0.447031,0
10760,3.142997,1
10761,10.072134,0
10762,0.560414,0
10763,1.777993,1
10764,1.556212,0
10765,8.954526,0
10766,11.125703,0
10767,0.416902,0
10768,0.803481,0
10769,0.44245,0
10770,0.566594,0
10771,0.38373,0
10772,2.647835,0
10773,0.202463,0
10774,0.866095,0
10775,10.768037,0
10776,0.46791,0
10777,0.412373,0
10778,0.75587,0
10779,0.752429,0
10780,0.917094,0
10781,0.579494,0
10782,0.673989,0
10783,0.031959,0
10784,2.04235,0
10785,1.607083,1
10786,0.331963,0
10787,9.243345,1
10788,1.842958,0
10789,10.851414,0
10790,0.921248,0
10791,0.422436,0
10792,0.312049,0
10793,0.322334,0
10794,0.415203,0
10795,0.655209,0
10796,0.464882,0
10797,0.461634,0
10798,2.693055,0
10799,10.544977,0
10800,10.466797,0
10801,1.188679,1
10802,1.734833,1
10803,10.968573,1
10804,8.888784,0
10805,0.383908,0
10806,1.388374,0
10807,2.838465,1
10808,0.438553,1
10809,0.981478,0
10810,9.721686,0
10811,8.584887,0
10812,0.0373,0
10813,10.982211,0
10814,9.193027,1
10815,0.522794,0
10816,0.65057,0
10817,0.111968,0
10818,0.248294,0
10819,1.368216,0
10820,0.143456,0
10821,10.814686,0
10822,0.377399,0
10823,0.685871,0
10824,0.31958,0
10825,9.711891,0
10826,0.255552,0
10827,0.261305,0
10828,1.797434,0
10829,0.845253,0
10830,0.562158,0
10831,0.450718,0
10832,10.367785,0
10833,14.475272,0
10834,1.681817,0
10835,0.286982,0
10836,0.430254,0
10837,9.645474,0
10838,9.597973,0
10839,8.793833,1
10840,0.391296,0
10841,0.240049,0
10842,0.916469,0
10843,0.322604,0
10844,0.118078,0
10845,0.276461,0
10846,0.569041,0
10847,3.033492,0
10848,0.497881,0
10849,0.526839,0
10850,8.901125,0
10851,8.943124,0
10852,0.808976,0
10853,1.713174,0
10854,0.318438,0
10855,2.713996,0
10856,0.362884,0
10857,1.718118,0
10858,0.139395,0
10859,1.856646,1
10860,1.256002,0
10861,2.418866,1
10862,0.485072,0
10863,0.388951,0
10864,2.410027,1
10865,9.332872,1
10866,0.282174,0
10867,2.056275,0
10868,1.583064,0
10869,9.976169,1
10870,1.068457,0
10871,9.359686,0
10872,0.746107,0
10873,0.339608,0
10874,0.660308,0
10875,0.445552,0
10876,0.579454,0
10877,3.980854,0
10878,0.162512,0
10879,0.887478,0
10880,9.269888,0
10881,0.275089,0
10882,0.097113,0
10883,0.797855,0
10884,0.219298,0
10885,0.383419,0
10886,0.473431,0
10887,2.169937,0
10888,9.810974,0
10889,0.223924,0
10890,0.625677,0
10891,9.619586,0
10892,0.474632,1
10893,0.880759,0
10894,0.318002,0
10895,0.313468,0
10896,3.397649,0
10897,1.124878,0
10898,0.443606,0
10899,0.613286,0
10900,9.3689,1
10901,10.541834,0
10902,0.981304,0
10903,0.402372,0
10904,1.608151,0
10905,9.082328,0
10906,0.14191,0
10907,0.215408,0
10908,11.011662,0
10909,0.347368,0
10910,0.721595,0
10911,0.64045,0
10912,3.061708,0
10913,0.042347,0
10914,0.300843,0
10915,11.548573,0
10916,0.600712,0
10917,3.116812,1
10918,0.404904,0
10919,0.362125,0
10920,0.428707,0
10921,0.056292,0
10922,0.93548,1
10923,9.429154,0
10924,10.967964,0
10925,0.481386,0
10926,2.187749,1
10927,9.134514,0
10928,8.844966,0
10929,0.249832,0
10930,0.585013,0
10931,3.215225,1
10932,2.494022,1
10933,8.964247,0
10934,0.187525,0
10935,0.320836,0
10936,3.704601,0
10937,3.598184,1
10938,0.451651,0
10939,0.500172,0
10940,0.176839,0
10941,0.251507,0
10942,11.296069,0
10943,0.262834,0
10944,1.420932,0
10945,0.263582,0
10946,0.499054,0
10947,1.556624,0
10948,0.288064,0
10949,9.683927,0
10950,11.18484,0
10951,0.108953,0
10952,0.535472,0
10953,9.294497,0
10954,9.352149,0
10955,0.222801,0
10956,0.391189,0
10957,0.42976,0
10958,0.330415,0
10959,4.235495,1
10960,0.945954,1
10961,0.027856,0
10962,2.341182,0
10963,10.109188,0
10964,0.220388,0
10965,10.384253,1
10966,0.293668,0
10967,0.137758,0
10968,0.749152,0
10969,2.96692,0
10970,0.854155,0
10971,0.4143,0
10972,0.074948,0
10973,0.645354,0
10974,0.571074,1
10975,0.234341,0
10976,9.370031,0
10977,0.268036,0
10978,0.423591,0
10979,1.219487,0
10980,0.954354,0
10981,2.494646,0
10982,0.053105,0
10983,0.766312,0
10984,9.437723,0
10985,0.801472,0
10986,0.322063,0
10987,0.532989,0
10988,0.174738,0
10989,2.895867,0
10990,9.98351,0
10991,0.381247,0
10992,0.855249,0
10993,0.461408,0
10994,0.251625,0
10995,1.691506,0
10996,0.236045,0
10997,0.394749,0
10998,0.781395,0
10999,0.833674,0
11000,0.197286,0
11001,10.480848,0
11002,0.154417,0
11003,0.819233,0
11004,0.128834,0
11005,0.49565,0
11006,0.342794,0
11007,0.784587,0
11008,2.438721,0
11009,0.676387,0
11010,0.50886,0
11011,3.239241,1
11012,9.68941,0
11013,0.164082,0
11014,0.911057,0
11015,0.413033,0
11016,10.418037,0
11017,1.228029,1
11018,0.332893,0
11019,3.042051,0
11020,0.250757,0
11021,2.171874,0
11022,3.445888,1
11023,1.582216,0
11024,10.69959,0
11025,0.173713,0
11026,0.772639,0
11027,1.648746,1
11028,10.331046,0
11029,0.41576,0
11030,0.202981,0
11031,0.280881,0
11032,1.83034,0
11033,8.839199,0
11034,0.634315,0
11035,0.403943,0
11036,0.592098,0
11037,0.465887,0
11038,1.747757,0
11039,9.725776,0
11040,0.163178,0
11041,0.477426,0
11042,10.495277,0
11043,0.401138,0
11044,0.594702,0
11045,1.101008,0
11046,1.598323,1
11047,0.307994,1
11048,0.098819,0
11049,0.377224,0
11050,9.833334,1
11051,0.259132,0
11052,0.506129,0
11053,0.416044,0
11054,2.900108,1
11055,0.118156,0
11056,12.516078,0
11057,9.621426,0
11058,1.754867,0
11059,1.042166,0
11060,0.721216,0
11061,0.959688,0
11062,0.67134,0
11063,11.192586,0
11064,1.653855,1
11065,9.845043,0
11066,3.656785,1
11067,10.252194,0
11068,1.230771,0
11069,0.313894,0
11070,0.410572,0
11071,0.509452,0
11072,0.835295,0
11073,0.385528,0
11074,0.242564,0
11075,1.083804,0
11076,0.6199,0
11077,0.475062,0
11078,0.028314,0
11079,1.078021,0
11080,0.652153,0
11081,10.667762,0
11082,0.413115,0
11083,0.385678,0
11084,0.301006,0
11085,10.725456,0
11086,9.9347,0
11087,10.738456,0
11088,0.241393,0
11089,10.380262,0
11090,1.865397,1
11091,0.26501,0
11092,0.157337,0
11093,0.315922,0
11094,1.04178,0
11095,9.847925,0
11096,0.306757,0
11097,0.3784,0
11098,0.712095,1
11099,2.11776,0
11100,0.404593,0
11101,10.696803,0
11102,3.578717,0
11103,0.55408,0
11104,0.341083,0
11105,4.184131,0
11106,0.428913,0
11107,0.419529,0
11108,0.200732,0
11109,8.620463,0
11110,0.60344,1
11111,2.909731,1
11112,0.957211,0
11113,0.373265,0
11114,0.062041,0
11115,9.347795,0
11116,9.227434,0
11117,0.887798,0
11118,0.04626,0
11119,0.332089,0
11120,12.090265,0
11121,0.096505,0
11122,1.872445,0
11123,0.134708,0
11124,0.564626,0
11125,0.167909,0
11126,0.349163,0
11127,10.283076,0
11128,0.535339,0
11129,0.389932,0
11130,0.163592,0
11131,0.289738,0
11132,1.57555,0
11133,1.338118,0
11134,1.981772,0
11135,1.008404,0
11136,10.416644,0
11137,0.24409,0
11138,8.806456,0
11139,0.256182,0
11140,9.44745,0
11141,0.323,0
11142,0.25239,0
11143,0.542996,0
11144,0.817315,0
11145,0.372723,0
11146,0.248364,0
11147,0.375181,0
11148,1.802253,0
11149,2.950197,0
11150,0.726627,0
11151,0.527122,0
11152,0.517398,0
11153,0.812882,0
11154,0.240047,0
11155,12.422563,1
11156,9.02681,0
11157,0.465569,0
11158,0.921755,0
11159,9.454512,0
11160,0.373754,0
11161,1.459701,0
11162,0.436896,0
11163,0.882984,1
11164,0.105306,0
11165,0.83972,0
11166,0.539857,0
11167,9.422561,0
11168,10.202735,0
11169,0.321137,0
11170,0.509101,0
11171,0.557383,0
11172,8.656378,0
11173,10.49665,1
11174,2.061136,0
11175,0.422532,0
11176,0.505058,0
11177,0.252282,0
11178,1.557037,0
11179,0.37848,0
11180,0.342515,0
11181,1.30108,0
11182,2.167441,1
11183,3.442987,0
11184,8.798601,0
11185,0.072117,0
11186,1.896321,0
11187,0.693801,0
11188,0.238005,0
11189,0.369381,0
11190,0.257014,0
11191,0.365547,0
11192,0.105415,0
11193,0.366442,0
11194,1.773191,1
11195,9.616461,1
11196,0.357359,0
11197,0.356945,0
11198,0.963853,1
11199,1.552438,0
11200,0.154515,0
11201,9.355496,0
11202,9.491365,0
11203,9.666514,0
11204,2.386512,1
11205,0.884878,0
11206,0.972077,0
11207,0.13475,0
11208,0.862763,0
11209,0.345856,0
11210,1.029702,0
11211,0.404485,0
11212,11.587399,0
11213,0.360703,0
11214,0.283962,0
11215,1.611442,0
11216,0.482371,0
11217,10.49479,0
11218,0.200682,0
11219,0.258664,0
11220,1.067199,0
11221,0.90085,0
11222,2.444592,0
11223,10.905458,0
11224,0.171336,0
11225,0.765736,0
11226,0.693755,0
11227,0.673182,0
11228,1.330012,1
11229,0.351411,0
11230,0.492124,0
11231,0.365448,0
11232,0.310958,0
11233,0.357269,0
11234,0.359918,0
11235,2.457283,1
11236,0.563891,0
11237,0.236565,0
11238,0.105409,0
11239,3.423114,1
11240,0.07611,0
11241,0.260527,0
11242,0.864851,0
11243,0.390988,0
11244,1.281585,0
11245,10.809639,0
11246,0.15767,0
11247,9.464022,0
11248,9.405762,1
11249,0.283138,0
11250,11.267452,0
11251,0.532978,0
11252,9.66676,0
11253,0.324859,0
11254,0.538997,0
11255,0.473908,0
11256,11.011927,0
11257,10.125394,0
11258,2.70419,1
11259,2.352834,0
11260,9.420166,0
11261,2.333458,1
11262,0.449986,0
11263,9.380249,0
11264,2.890769,0
11265,0.256684,0
11266,0.347302,0
11267,0.786474,1
11268,0.420334,0
11269,1.058007,0
11270,1.033877,0
11271,0.646581,0
11272,9.296653,1
11273,0.630255,0
11274,0.770068,0
11275,0.80651,0
11276,0.623456,0
11277,0.516684,0
11278,1.127162,0
11279,0.049551,0
11280,0.323585,0
11281,9.315947,0
11282,0.342923,0
11283,10.077049,0
11284,0.197672,0
11285,2.087721,0
11286,0.224992,0
11287,0.850161,0
11288,1.885584,0
11289,0.514574,0
11290,1.591235,0
11291,0.799868,0
11292,0.507289,0
11293,2.40254,0
11294,0.336873,0
11295,0.28866,0
11296,0.142702,0
11297,9.685112,0
11298,0.673296,0
11299,0.461096,0
11300,1.269062,0
11301,0.899765,1
11302,0.281325,0
11303,0.379616,0
11304,0.325257,1
11305,1.132479,0
11306,11.429214,0
11307,0.340333,1
11308,0.621411,0
11309,0.554456,0
11310,9.728252,1
11311,10.384759,1
11312,12.16363,0
11313,0.636737,0
11314,1.136679,0
11315,0.806387,0
11316,8.613297,0
11317,2.06105,1
11318,8.80153,0
11319,0.614357,0
11320,0.630477,0
11321,9.474412,0
11322,0.278172,1
11323,0.065962,0
11324,0.056357,0
11325,1.927516,1
11326,0.422584,0
11327,11.272286,0
11328,0.486842,0
11329,9.862427,0
11330,8.19672,0
11331,2.285627,1
11332,9.018871,0
11333,0.506611,0
11334,2.909735,1
11335,0.871212,0
11336,0.385579,0
11337,0.400857,0
11338,2.115047,0
11339,6.620083,1
11340,0.750002,1
11341,2.605524,0
11342,0.338014,0
11343,0.305742,0
11344,0.445394,0
11345,1.605635,0
11346,11.24289,0
11347,0.275816,0
11348,0.128019,0
11349,0.698794,0
11350,0.333023,0
11351,0.327712,0
11352,0.266465,0
11353,1.800088,0
11354,1.142557,0
11355,3.500272,1
11356,0.478354,0
11357,0.362885,0
11358,10.900656,0
11359,0.737764,0
11360,0.323138,0
11361,1.296918,0
11362,3.446347,0
11363,10.259691,0
11364,0.461602,0
11365,0.627425,0
11366,1.007725,0
11367,2.494648,0
11368,0.557914,0
11369,1.696416,0
11370,1.372871,0
11371,2.103012,0
11372,0.78014,0
11373,0.344923,0
11374,1.76943,0
11375,0.395048,0
11376,0.327089,0
11377,0.265826,0
11378,0.363444,0
11379,0.227168,0
11380,9.428392,0
11381,0.776231,0
11382,0.668368,0
11383,0.472636,0
11384,0.359245,0
11385,0.093607,0
11386,1.00332,0
11387,3.808388,1
11388,0.924283,0
11389,0.848635,1
11390,10.387108,0
11391,0.055431,0
11392,0.180445,0
11393,9.522399,0
11394,2.343741,1
11395,0.96889,0
11396,0.407695,0
11397,0.454437,0
11398,0.168983,0
11399,0.255262,0
11400,1.27832,0
11401,0.028279,0
11402,1.858356,0
11403,0.371526,0
11404,0.532612,0
11405,0.307428,0
11406,1.538381,1
11407,0.378349,0
11408,1.135366,0
11409,2.122802,0
11410,1.380885,0
11411,1.677079,0
11412,1.10918,0
11413,0.453883,0
11414,10.448706,0
11415,1.78562,0
11416,0.13755,0
11417,2.409186,1
11418,0.824713,0
11419,0.138499,0
11420,0.440475,0
11421,1.07529,0
11422,10.510164,0
11423,0.624561,0
11424,8.367202,0
11425,0.167524,0
11426,0.055146,0
11427,9.927156,1
11428,1.412217,0
11429,0.804835,1
11430,0.374154,0
11431,0.456407,0
11432,0.245499,0
11433,0.454746,0
11434,11.500628,0
11435,2.309732,1
11436,0.64359,0
11437,0.033895,0
11438,0.477375,0
11439,2.298763,0
11440,0.414378,0
11441,0.692953,0
11442,1.301363,1
11443,0.30276,0
11444,0.235394,0
11445,9.074971,1
11446,0.341192,0
11447,0.473638,0
11448,0.087263,0
11449,0.322537,0
11450,0.381311,0
11451,0.545585,0
11452,0.276793,0
11453,0.07096,0
11454,0.283748,0
11455,0.40888,0
11456,0.321249,0
11457,0.297951,0
11458,0.19373,0
11459,0.546244,0
11460,0.075539,0
11461,1.022619,0
11462,1.413293,0
11463,1.086484,0
11464,10.209714,0
11465,2.923743,1
11466,0.490668,0
11467,0.3484,0
11468,9.926194,1
11469,1.054792,0
11470,0.422215,0
11471,0.454038,0
11472,0.98999,0
11473,0.777147,1
11474,2.074008,0
11475,9.648372,0
11476,9.840977,0
11477,9.826244,0
11478,0.337154,0
11479,0.30626,0
11480,9.933228,0
11481,0.326019,0
11482,3.085853,1
11483,0.414264,0
11484,0.070198,0
11485,0.273729,0
11486,0.47746,0
11487,0.56286,0
11488,0.350122,0
11489,1.354237,0
11490,8.834177,0
11491,1.554528,0
11492,0.490372,0
11493,10.579883,1
11494,9.918195,0
11495,0.384048,0
11496,0.533923,0
11497,0.634261,0
11498,0.373857,0
11499,0.42594,0
11500,0.075652,0
11501,0.700587,0
11502,1.12576,0
11503,1.871111,0
11504,9.289386,0
11505,9.731461,0
11506,2.024696,0
11507,0.762467,0
11508,0.833328,0
11509,10.014925,1
11510,0.416528,0
11511,0.323923,0
11512,0.087262,0
11513,9.748263,0
11514,9.519979,0
11515,10.717079,0
11516,0.273389,0
11517,0.992059,0
11518,10.700825,0
11519,0.018864,0
11520,0.116374,0
11521,3.62531,1
11522,9.36487,0
11523,0.49393,0
11524,4.059069,1
11525,0.147091,0
11526,2.553586,1
11527,10.428194,0
11528,1.662325,1
11529,0.041513,0
11530,9.878876,0
11531,0.284301,0
11532,8.813896,0
11533,2.476253,1
11534,9.195174,0
11535,11.161577,0
11536,8.500945,0
11537,0.430675,0
11538,0.244436,0
11539,0.860505,0
11540,9.603226,0
11541,0.693923,0
11542,0.301197,0
11543,0.150959,0
11544,0.797842,0
11545,0.151384,0
11546,0.998573,1
11547,9.826612,0
11548,1.785711,1
11549,2.921871,1
11550,10.025509,0
11551,9.879848,0
11552,0.768237,1
11553,10.654325,0
11554,0.52386,0
11555,10.592858,0
11556,0.95935,0
11557,0.358022,0
11558,10.580336,0
11559,0.758058,0
11560,0.627725,0
11561,1.639648,1
11562,0.192642,0
11563,0.18068,0
11564,0.052531,0
11565,0.827194,0
11566,0.368743,0
11567,0.141366,0
11568,0.059223,0
11569,9.934562,0
11570,9.374991,0
11571,8.658797,0
11572,0.342971,0
11573,9.575483,0
11574,0.913351,0
11575,0.452979,0
11576,1.176379,0
11577,0.185969,0
11578,0.72579,0
11579,0.145778,0
11580,0.767816,0
11581,0.087484,0
11582,0.305814,0
11583,9.36264,0
11584,0.253732,0
11585,0.256421,0
11586,0.533033,0
11587,0.361525,0
11588,0.20431,0
11589,0.442837,0
11590,1.755887,1
11591,9.782628,0
11592,0.528846,1
11593,8.304364,1
11594,0.282147,0
11595,1.010977,0
11596,0.20098,0
11597,0.360784,0
11598,0.23459,0
11599,0.482859,0
11600,1.331512,0
11601,9.282293,0
11602,0.550669,0
11603,0.788542,0
11604,0.223392,0
11605,0.959188,0
11606,0.553261,0
11607,0.263022,0
11608,0.332151,0
11609,0.268305,0
11610,0.920635,0
11611,8.303942,0
11612,0.489872,0
11613,0.44286,0
11614,11.103539,0
11615,0.430668,0
11616,0.325119,0
11617,0.331732,0
11618,0.42639,0
11619,0.757169,1
11620,1.700219,1
11621,0.646165,0
11622,1.581385,0
11623,0.327631,0
11624,1.090655,1
11625,0.638835,0
11626,0.068597,0
11627,0.492693,0
11628,1.607303,0
11629,10.283232,0
11630,2.21729,0
11631,10.92261,0
11632,9.974234,1
11633,0.077959,0
11634,0.445037,0
11635,0.222879,0
11636,0.282267,0
11637,0.578378,0
11638,2.349835,1
11639,0.241433,0
11640,0.496744,0
11641,0.900681,0
11642,9.691518,1
11643,9.173617,0
11644,1.102371,0
11645,0.951977,0
11646,9.030046,0
11647,10.622084,0
11648,2.947549,1
11649,0.307668,0
11650,9.157891,0
11651,0.191627,0
11652,0.16096,0
11653,0.060594,0
11654,8.685702,1
11655,0.380818,0
11656,0.550638,0
11657,9.102693,0
11658,0.197856,0
11659,0.750108,0
11660,9.392715,0
11661,0.297548,0
11662,0.218901,0
11663,0.376108,0
11664,0.630979,0
11665,0.300959,0
11666,3.148818,0
11667,1.50723,0
11668,0.82673,0
11669,9.397303,0
11670,0.401074,0
11671,0.299133,0
11672,0.696393,0
11673,0.691047,0
11674,1.736319,0
11675,0.643844,0
11676,10.678896,0
11677,0.223234,0
11678,0.376167,0
11679,0.230324,0
11680,1.243077,0
11681,0.379116,0
11682,1.137862,0
11683,9.647161,0
11684,1.576107,0
11685,1.105564,0
11686,0.460489,0
11687,0.277781,0
11688,0.791836,0
11689,8.78705,0
11690,11.985067,0
11691,0.476387,0
11692,9.627145,0
11693,0.275712,0
11694,0.400988,0
11695,1.009969,0
11696,0.62498,0
11697,9.826069,0
11698,0.566926,1
11699,9.567015,0
11700,0.270152,0
11701,10.316607,1
11702,8.970591,0
11703,0.379681,0
11704,0.314215,0
11705,0.025644,0
11706,0.710041,0
11707,0.081717,0
11708,0.452613,0
11709,0.296163,0
11710,3.31895,1
11711,0.237533,0
11712,0.382349,0
11713,1.557387,0
11714,1.459107,0
11715,11.685764,0
11716,0.149891,0
11717,0.057012,0
11718,0.178707,0
11719,0.786735,0
11720,1.196859,0
11721,2.748132,0
11722,9.806831,0
11723,1.515406,0
11724,9.067354,1
11725,8.776744,0
11726,0.518154,0
11727,0.576423,0
11728,2.398185,1
11729,0.543248,0
11730,0.488077,0
11731,0.424981,0
11732,0.63007,0
11733,0.476953,0
11734,0.938781,0
11735,0.895186,0
11736,11.254385,0
11737,0.880091,0
11738,0.176418,0
11739,10.482719,0
11740,0.04189,0
11741,0.60461,0
11742,0.267707,0
11743,0.30541,0
11744,10.364309,0
11745,12.233263,0
11746,9.676939,0
11747,0.385274,0
11748,0.19822,0
11749,0.273391,0
11750,10.482108,1
11751,0.761101,0
11752,1.110167,0
11753,2.232026,1
11754,0.080727,0
11755,0.527928,0
11756,1.660655,0
11757,8.771688,0
11758,0.374289,0
11759,1.219756,0
11760,0.051041,0
11761,1.666375,0
11762,10.076516,0
11763,0.459333,0
11764,2.469285,1
11765,10.997293,0
11766,0.308892,0
11767,0.500749,0
11768,0.349851,0
11769,10.28088,0
11770,0.556032,0
11771,0.936633,1
11772,8.62941,0
11773,0.401994,0
11774,3.444223,1
11775,0.463411,0
11776,7.706159,0
11777,0.645337,0
11778,0.076982,0
11779,0.32972,0
11780,10.341129,0
11781,0.226059,0
11782,0.337107,0
11783,1.831029,0
11784,0.396012,0
11785,0.551029,0
11786,1.099089,1
11787,0.063123,0
11788,0.078814,0
11789,0.380569,0
11790,1.015306,0
11791,0.308048,0
11792,0.819164,0
11793,1.007511,0
11794,0.452311,0
11795,0.279087,0
11796,0.119786,0
11797,0.616478,0
11798,1.656079,0
11799,0.282648,0
11800,10.257584,1
11801,1.174865,0
11802,0.099181,0
11803,0.284275,0
11804,9.093231,0
11805,9.314165,0
11806,0.470155,0
11807,2.228269,0
11808,1.279516,0
11809,0.084146,0
11810,0.154015,0
11811,1.290606,0
11812,2.981704,1
11813,9.412263,1
11814,0.146871,0
11815,0.395786,1
11816,0.946044,0
11817,10.069588,0
11818,9.371358,0
11819,1.658011,1
11820,0.778977,0
11821,0.36164,0
11822,4.120945,1
11823,0.410533,0
11824,1.604687,0
11825,0.69297,0
11826,0.384506,0
11827,1.1558,0
11828,0.15147,0
11829,0.485945,0
11830,0.178656,0
11831,0.143973,0
11832,1.255554,0
11833,1.472626,0
11834,8.883763,0
11835,0.495347,0
11836,0.09566,0
11837,1.564446,0
11838,0.185371,0
11839,0.11025,0
11840,9.8138,0
11841,0.236974,0
11842,0.271354,0
11843,1.177223,0
11844,2.843133,1
11845,10.728971,0
11846,0.785828,0
11847,8.71373,0
11848,0.569559,0
11849,1.273291,1
11850,8.053499,0
11851,0.096069,0
11852,10.596064,0
11853,0.455025,0
11854,0.480416,0
11855,0.412493,0
11856,9.803867,0
11857,8.122999,1
11858,0.305441,0
11859,1.743611,0
11860,0.643231,0
11861,1.043694,0
11862,0.376481,0
11863,0.096118,0
11864,2.421795,1
11865,1.088153,0
11866,0.56407,0
11867,11.391004,0
11868,0.324365,0
11869,0.213478,0
11870,3.053796,0
11871,10.488261,0
11872,0.888067,0
11873,0.628161,0
11874,0.818049,0
11875,0.300835,0
11876,9.391068,0
11877,1.095515,0
11878,0.845179,0
11879,0.465848,0
11880,0.39911,0
11881,1.396979,1
11882,0.213721,0
11883,0.033631,0
11884,0.539521,0
11885,0.088706,0
11886,0.637235,0
11887,1.468814,1
11888,10.468676,0
11889,0.393686,0
11890,0.334647,0
11891,0.180701,0
11892,0.307388,0
11893,10.006328,0
11894,0.967375,0
11895,0.069453,0
11896,4.027083,1
11897,8.618476,0
11898,0.297022,0
11899,0.205006,0
11900,0.018914,0
11901,9.419646,1
11902,12.447702,1
11903,0.112287,0
11904,0.598368,0
11905,0.347855,0
11906,0.379311,0
11907,1.366328,0
11908,0.464642,0
11909,0.048033,0
11910,1.873122,0
11911,8.614755,0
11912,8.452643,0
11913,0.513336,0
11914,0.348855,0
11915,0.497204,0
11916,0.147531,0
11917,0.561623,0
11918,0.223035,0
11919,0.488065,0
11920,0.660496,0
11921,10.035427,0
11922,0.883677,0
11923,0.313601,0
11924,9.426834,0
11925,3.245348,1
11926,0.403447,0
11927,1.030218,0
11928,10.181114,0
11929,1.753602,0
11930,1.204304,0
11931,11.310494,1
11932,0.330052,0
11933,1.978704,1
11934,1.247717,0
11935,0.885577,0
11936,0.041495,0
11937,0.264233,0
11938,0.609675,0
11939,1.768041,1
11940,0.587541,0
11941,3.546506,1
11942,0.216764,0
11943,1.028494,0
11944,9.926032,0
11945,9.787275,0
11946,2.868028,1
11947,0.073465,0
11948,0.123466,0
11949,3.779294,0
11950,0.258972,0
11951,0.263394,0
11952,0.829661,0
11953,0.199647,0
11954,0.520852,0
11955,0.722252,0
11956,0.613274,0
11957,0.258632,0
11958,0.03218,0
11959,1.183007,0
11960,1.821387,0
11961,0.906375,0
11962,0.305808,0
11963,0.503353,0
11964,2.165005,0
11965,9.509229,0
11966,8.362241,0
11967,0.281258,0
11968,0.07638,0
11969,0.364808,0
11970,2.555715,1
11971,0.475409,0
11972,0.389306,0
11973,1.050128,0
11974,0.197887,1
11975,0.535578,0
11976,1.460126,0
11977,0.431728,0
11978,0.266679,0
11979,0.159873,0
11980,1.164687,1
11981,0.610265,0
11982,1.616589,0
11983,8.783144,0
11984,0.285247,0
11985,9.463017,0
11986,0.569455,0
11987,1.56123,0
11988,0.522145,0
11989,0.04844,0
11990,1.896719,0
11991,1.28063,1
11992,1.169577,0
11993,0.347775,0
11994,3.933266,1
11995,0.27259,0
11996,2.408832,0
11997,3.289345,1
11998,0.740715,0
11999,8.783393,0
12000,10.766136,0
12001,0.280539,0
12002,1.323637,0
12003,12.064749,0
12004,1.139359,0
12005,0.298916,0
12006,11.671855,0
12007,0.313951,0
12008,0.183848,0
12009,10.245128,0
12010,0.034348,0
12011,0.304783,0
12012,0.371588,0
12013,0.313525,0
12014,1.259527,0
12015,0.275131,0
12016,0.101302,0
12017,10.262161,0
12018,2.58243,1
12019,1.83814,0
12020,1.114358,0
12021,0.215576,0
12022,0.786562,0
12023,0.52199,0
12024,1.708285,0
12025,0.406687,0
12026,11.170223,0
12027,0.264531,0
12028,0.944828,0
12029,9.054466,0
12030,0.665316,0
12031,0.063104,0
12032,8.782094,0
12033,0.215173,0
12034,0.431931,0
12035,0.401195,0
12036,9.469377,1
12037,0.315601,0
12038,3.293067,1
12039,0.543421,0
12040,0.32258,0
12041,0.418012,0
12042,1.005138,0
12043,1.273346,0
12044,1.751821,1
12045,7.701175,0
12046,0.576017,0
12047,1.115142,0
12048,0.695405,0
12049,1.239985,0
12050,0.647282,0
12051,0.606174,0
12052,0.60275,0
12053,1.542304,0
12054,0.148646,0
12055,0.688257,0
12056,0.130693,0
12057,1.117351,0
12058,0.740365,0
12059,0.716189,0
12060,10.1037,0
12061,0.204051,0
12062,0.610916,0
12063,2.006093,0
12064,5.279095,1
12065,1.160823,0
12066,1.476439,0
12067,1.596098,0
12068,11.06849,0
12069,0.367277,0
12070,9.892458,0
12071,0.373873,0
12072,10.108609,0
12073,10.54426,0
12074,0.235328,0
12075,11.109637,0
12076,0.103268,0
12077,0.928615,1
12078,0.393707,0
12079,1.070483,0
12080,0.075736,0
12081,0.564723,0
12082,9.443494,0
12083,0.34443,0
12084,0.521621,0
12085,0.280189,0
12086,9.59582,0
12087,4.434643,0
12088,9.305183,0
12089,10.835686,0
12090,0.416081,0
12091,10.34853,0
12092,0.445938,0
12093,0.598231,0
12094,2.044135,0
12095,0.021583,0
12096,8.277372,1
12097,0.448299,0
12098,0.516169,0
12099,0.208672,0
12100,1.150537,1
12101,9.505836,0
12102,0.194737,0
12103,0.125726,0
12104,0.367863,0
12105,1.97848,0
12106,0.098676,0
12107,9.194007,0
12108,1.955798,0
12109,1.233167,0
12110,0.347544,0
12111,5.264526,1
12112,13.25005,1
12113,9.06622,0
12114,0.567221,1
12115,0.830016,1
12116,0.459358,0
12117,0.461883,0
12118,0.050549,0
12119,0.518559,0
12120,0.292117,0
12121,2.801671,0
12122,0.367986,0
12123,0.417371,0
12124,0.537746,0
12125,10.758777,0
12126,0.481675,0
12127,8.482543,0
12128,1.613911,0
12129,0.384841,0
12130,0.822728,1
12131,0.529374,0
12132,1.00528,0
12133,0.424624,0
12134,0.347282,0
12135,0.42854,0
12136,0.27426,0
12137,0.401623,1
12138,0.325191,0
12139,0.70546,0
12140,0.721735,0
12141,1.195798,0
12142,0.638342,0
12143,1.204065,0
12144,1.223458,0
12145,0.533297,0
12146,0.393917,0
12147,0.268025,0
12148,0.366984,0
12149,0.919455,0
12150,0.294108,0
12151,1.348832,0
12152,0.75153,0
12153,0.340069,0
12154,3.153301,0
12155,0.552586,0
12156,1.347225,0
12157,2.356787,1
12158,0.691751,0
12159,0.54417,0
12160,0.457102,0
12161,0.243769,0
12162,2.558146,0
12163,10.08809,1
12164,0.579669,0
12165,0.225611,0
12166,9.125335,1
12167,0.657756,0
12168,10.162901,0
12169,0.120052,0
12170,10.334251,0
12171,1.252985,0
12172,0.381267,0
12173,0.547554,0
12174,0.2864,0
12175,0.171263,0
12176,1.379914,0
12177,9.936028,0
12178,0.771544,0
12179,0.457076,0
12180,11.736062,0
12181,0.473722,0
12182,1.209442,0
12183,0.342111,0
12184,0.291373,0
12185,0.138079,0
12186,0.916329,0
12187,10.436962,0
12188,9.463145,1
12189,0.360805,0
12190,2.317732,0
12191,3.543436,1
12192,1.863357,0
12193,10.367496,0
12194,0.306715,0
12195,9.577406,1
12196,9.550912,0
12197,0.508622,0
12198,1.535627,0
12199,0.432578,0
12200,0.319256,0
12201,1.4634,1
12202,0.505518,0
12203,12.054838,0
12204,1.267529,0
12205,0.422676,0
12206,7.777039,0
12207,0.394946,0
12208,1.306601,0
12209,0.610593,0
12210,0.540119,0
12211,0.184213,0
12212,2.082347,0
12213,1.404165,1
12214,0.689337,0
12215,0.494725,0
12216,0.348055,0
12217,0.518553,0
12218,1.345727,1
12219,0.0528,0
12220,0.878871,0
12221,0.445319,0
12222,0.802461,0
12223,2.096288,1
12224,3.720996,0
12225,12.631945,0
12226,10.084351,0
12227,9.885658,0
12228,0.110996,0
12229,0.517868,0
12230,0.472323,0
12231,10.566676,0
12232,9.319912,0
12233,11.78496,0
12234,1.721,0
12235,0.437682,0
12236,0.632594,0
12237,0.102038,0
12238,0.737545,0
12239,1.835272,1
12240,0.344141,0
12241,0.277,0
12242,0.085307,0
12243,9.704434,0
12244,0.655602,0
12245,1.538338,1
12246,1.744903,0
12247,2.455211,1
12248,10.744964,0
12249,0.752988,1
12250,9.224854,0
12251,9.23992,1
12252,2.404501,1
12253,1.306929,0
12254,0.268941,0
12255,0.280559,0
12256,0.524359,0
12257,0.843426,0
12258,9.80362,0
12259,10.108727,0
12260,11.825335,0
12261,0.506152,0
12262,0.700132,0
12263,0.163237,0
12264,0.115957,0
12265,0.448936,0
12266,8.279515,0
12267,0.921959,0
12268,0.252705,0
12269,1.206729,0
12270,0.294626,0
12271,1.194637,0
12272,1.496237,0
12273,10.343387,0
12274,0.444109,0
12275,9.277903,0
12276,0.940597,0
12277,12.47538,0
12278,0.554151,0
12279,0.42482,0
12280,11.785504,1
12281,0.890437,0
12282,0.45119,0
12283,1.008579,0
12284,0.296535,0
12285,0.153954,0
12286,0.484826,0
12287,0.147972,0
12288,10.6763,0
12289,1.036605,0
12290,0.225327,0
12291,9.113769,1
12292,0.325738,0
12293,0.341359,0
12294,0.642327,0
12295,9.034489,1
12296,1.400059,1
12297,0.597541,0
12298,0.169869,0
12299,9.035187,0
12300,0.846747,1
12301,0.349766,0
12302,0.598294,0
12303,1.732432,0
12304,10.486027,0
12305,5.657268,1
12306,9.545805,0
12307,0.42812,0
12308,0.352276,0
12309,0.621907,0
12310,1.332037,0
12311,0.693847,0
12312,1.215444,1
12313,1.829604,1
12314,0.286329,0
12315,0.325172,0
12316,1.94263,0
12317,3.358589,0
12318,0.05467,0
12319,0.73432,0
12320,11.035985,0
12321,11.938714,0
12322,0.547336,0
12323,9.527621,0
12324,0.892091,0
12325,2.751843,0
12326,1.241538,0
12327,2.265898,0
12328,3.079876,1
12329,3.155966,1
12330,0.296224,0
12331,3.134456,0
12332,0.181345,0
12333,0.137081,0
12334,0.099668,0
12335,0.208125,0
12336,0.274597,0
12337,2.096129,0
12338,0.135035,0
12339,1.643493,1
12340,0.223807,0
12341,9.405383,0
12342,0.140301,0
12343,0.453071,0
12344,0.751685,0
12345,0.614715,0
12346,0.324007,0
12347,0.337274,1
12348,9.812394,0
12349,0.363173,0
12350,10.290594,0
12351,1.817969,0
12352,0.521161,0
12353,0.287002,0
12354,0.482572,0
12355,2.929945,1
12356,9.305893,0
12357,0.962997,0
12358,3.71565,0
12359,1.068506,0
12360,9.028622,0
12361,0.769253,0
12362,0.757018,0
12363,2.757417,0
12364,0.100317,0
12365,0.852703,0
12366,0.659209,0
12367,0.556678,0
12368,0.937448,0
12369,0.546266,0
12370,0.364949,0
12371,0.198605,0
12372,0.795918,0
12373,0.268306,0
12374,0.921808,0
12375,10.504188,0
12376,1.832817,1
12377,0.184059,1
12378,0.487762,0
12379,1.61721,0
12380,0.89579,0
12381,1.324393,0
12382,0.552344,0
12383,8.004269,0
12384,2.977694,1
12385,9.470326,0
12386,1.931463,0
12387,0.397668,0
12388,0.165162,0
12389,1.003456,0
12390,10.001244,0
12391,0.584787,0
12392,0.521122,0
12393,0.870293,0
12394,0.244547,0
12395,0.591407,0
12396,0.585992,0
12397,11.008422,0
12398,2.043698,1
12399,8.846548,1
12400,0.26951,0
12401,2.548299,0
12402,0.278458,0
12403,0.064638,0
12404,0.75458,0
12405,9.960315,0
12406,0.984144,0
12407,9.861,0
12408,1.536365,0
12409,10.316327,0
12410,1.477896,0
12411,0.652063,0
12412,0.292988,0
12413,0.436416,0
12414,9.867561,0
12415,0.295139,0
12416,0.274228,0
12417,10.461532,0
12418,10.953655,0
12419,1.367082,0
12420,2.272494,0
12421,1.299963,0
12422,11.841386,0
12423,2.732691,0
12424,0.43944,0
12425,0.262797,0
12426,1.648045,0
12427,11.454485,0
12428,8.695352,0
12429,0.577901,0
12430,1.356683,0
12431,0.356674,0
12432,0.322084,0
12433,0.754533,0
12434,10.113283,0
12435,0.515116,0
12436,0.431186,0
12437,0.536975,0
12438,10.460823,1
12439,0.361619,0
12440,10.021341,1
12441,10.610945,0
12442,0.759399,0
12443,0.343962,0
12444,2.575203,1
12445,10.75183,0
12446,0.04782,0
12447,0.474212,0
12448,2.667098,1
12449,1.073774,0
12450,0.367741,0
12451,2.209034,0
12452,0.2446,0
12453,0.573213,0
12454,9.543508,0
12455,4.78557,0
12456,9.531858,1
12457,0.321554,0
12458,1.872195,1
12459,9.070409,0
12460,9.813578,0
12461,0.482285,0
12462,11.430938,0
12463,0.259961,0
12464,0.86918,0
12465,1.133795,0
12466,0.202849,0
12467,0.375137,0
12468,0.227902,0
12469,8.572474,0
12470,0.935126,0
12471,1.155362,0
12472,0.375083,0
12473,9.81156,0
12474,0.457519,0
12475,2.586393,0
12476,0.503477,0
12477,0.777526,0
12478,0.549611,0
12479,0.911253,1
12480,0.239209,0
12481,0.888627,0
12482,8.908788,0
12483,0.191825,0
12484,11.127116,0
12485,0.442668,0
12486,0.275603,0
12487,0.795284,0
12488,0.513678,0
12489,0.212434,0
12490,9.855597,0
12491,0.567875,0
12492,1.68101,0
12493,1.168884,0
12494,0.382421,0
12495,0.057958,0
12496,10.616224,0
12497,0.372109,0
12498,0.407611,0
12499,0.708795,0
12500,0.254475,0
12501,9.840006,0
12502,0.283419,0
12503,0.155807,0
12504,0.210278,0
12505,1.05796,0
12506,2.599787,0
12507,0.455686,0
12508,1.446536,0
12509,10.679013,0
12510,2.623626,1
12511,1.111216,1
12512,10.741565,0
12513,0.229473,0
12514,2.354519,0
12515,0.149818,0
12516,2.267018,0
12517,1.313364,0
12518,9.465808,1
12519,10.582612,0
12520,1.432655,0
12521,0.286306,0
12522,0.429655,0
12523,0.209174,0
12524,10.100542,0
12525,0.120411,0
12526,0.307507,0
12527,9.437193,0
12528,0.364092,0
12529,1.027191,0
12530,9.871517,1
12531,4.149659,1
12532,0.317254,0
12533,0.587524,0
12534,1.517021,0
12535,9.00417,0
12536,9.861344,0
12537,4.027919,0
12538,0.287885,0
12539,0.341511,0
12540,8.798505,0
12541,0.312321,0
12542,0.606272,1
12543,1.021662,0
12544,0.099471,0
12545,0.217222,0
12546,9.594427,0
12547,0.639076,0
12548,2.184193,1
12549,2.508216,1
12550,0.333352,0
12551,2.824531,1
12552,0.771844,0
12553,0.027958,0
12554,11.615965,0
12555,1.166958,0
12556,0.232089,0
12557,0.559043,0
12558,0.20959,0
12559,0.379752,0
12560,0.217152,0
12561,9.162685,0
12562,0.527398,0
12563,0.38063,0
12564,2.036367,1
12565,0.271087,0
12566,0.773158,0
12567,9.977538,1
12568,0.518685,0
12569,0.339385,0
12570,0.344743,0
12571,9.782899,0
12572,0.556878,0
12573,9.208987,0
12574,0.603129,0
12575,1.722557,0
12576,0.586256,0
12577,0.2749,0
12578,0.751518,0
12579,1.135663,0
12580,1.721153,0
12581,9.723955,0
12582,1.934473,1
12583,0.12207,0
12584,2.205483,1
12585,0.176497,0
12586,0.565038,0
12587,0.335334,0
12588,0.487853,0
12589,9.831792,0
12590,9.773749,0
12591,0.840214,0
12592,0.551771,0
12593,0.212768,0
12594,0.397846,0
12595,0.295217,0
12596,10.543804,0
12597,10.662435,0
12598,0.853999,0
12599,0.837755,0
12600,1.016877,0
12601,10.161036,0
12602,0.390302,0
12603,0.609598,0
12604,0.387036,0
12605,0.543418,0
12606,4.780671,1
12607,10.936672,0
12608,0.519542,0
12609,0.05533,0
12610,0.280508,0
12611,0.369904,0
12612,0.478174,0
12613,0.788659,0
12614,0.64008,0
12615,11.867226,0
12616,0.841114,0
12617,0.344404,0
12618,0.576656,0
12619,0.2673,0
12620,9.79146,0
12621,4.559011,1
12622,1.560922,0
12623,9.89873,0
12624,0.888737,0
12625,1.096592,0
12626,8.500568,0
12627,1.159472,0
12628,8.484177,0
12629,0.020897,0
12630,8.725174,0
12631,0.060947,0
12632,0.950932,0
12633,0.229705,0
12634,0.308822,0
12635,3.378613,1
12636,9.370964,0
12637,0.370238,0
12638,0.640581,0
12639,0.645541,0
12640,0.224377,0
12641,0.95279,0
12642,0.72032,0
12643,1.445759,0
12644,1.04172,0
12645,0.337034,0
12646,1.962079,1
12647,1.129669,0
12648,2.717537,0
12649,0.23915,0
12650,0.095128,0
12651,0.613562,0
12652,0.143501,0
12653,8.802364,0
12654,0.2661,0
12655,0.463392,1
12656,9.822915,0
12657,1.609,0
12658,0.85938,0
12659,2.680001,0
12660,2.128714,0
12661,0.138154,0
12662,0.163824,0
12663,11.181291,0
12664,1.069296,0
12665,9.991566,0
12666,10.591068,0
12667,3.605541,0
12668,0.202714,0
12669,0.191956,0
12670,11.769611,0
12671,1.588853,0
12672,11.639332,0
12673,1.792419,0
12674,2.038825,0
12675,0.257016,0
12676,1.554323,1
12677,0.616896,0
12678,0.331711,0
12679,0.170374,0
12680,0.612404,0
12681,0.359404,0
12682,0.361123,0
12683,0.972121,1
12684,10.834277,1
12685,0.397414,0
12686,0.228169,0
12687,10.661507,1
12688,0.110403,0
12689,1.074506,1
12690,0.591728,0
12691,10.203816,0
12692,1.436634,0
12693,0.705646,0
12694,0.426685,0
12695,9.024391,0
12696,8.913442,0
12697,0.296209,0
12698,1.435133,0
12699,0.461294,0
12700,0.935038,0
12701,0.773742,0
12702,0.577751,0
12703,0.19438,0
12704,1.315092,0
12705,4.473162,0
12706,3.526155,1
12707,11.587883,0
12708,0.604695,0
12709,0.25778,0
12710,9.327829,0
12711,9.800602,0
12712,9.652966,0
12713,9.075688,0
12714,0.411051,0
12715,1.078725,0
12716,0.820979,1
12717,3.423332,1
12718,10.596799,1
12719,0.558236,0
12720,0.624734,0
12721,0.774113,0
12722,0.455789,0
12723,0.231289,0
12724,0.374765,0
12725,0.278918,0
12726,3.984793,0
12727,8.869816,0
12728,0.187304,0
12729,2.574764,1
12730,2.872894,1
12731,2.704244,1
12732,0.517442,0
12733,1.816254,0
12734,0.4739,0
12735,0.434601,0
12736,0.514322,0
12737,9.123364,0
12738,0.267437,0
12739,0.58085,0
12740,0.462685,0
12741,0.189396,0
12742,0.594495,0
12743,0.242814,0
12744,0.427453,0
12745,9.600725,0
12746,0.455459,0
12747,0.279116,0
12748,3.000328,0
12749,0.355184,0
12750,0.130801,0
12751,0.0821,0
12752,0.305094,0
12753,11.601391,0
12754,1.227602,1
12755,0.418043,0
12756,0.579928,0
12757,0.061901,0
12758,10.579145,0
12759,9.261977,0
12760,1.035231,0
12761,11.198486,0
12762,0.143869,0
12763,1.05459,0
12764,0.887686,1
12765,0.98379,0
12766,0.942427,0
12767,3.703519,0
12768,0.237739,0
12769,8.736279,1
12770,10.405305,0
12771,2.0412,0
12772,0.246467,0
12773,1.952926,0
12774,1.280198,0
12775,0.656143,0
12776,0.18905,0
12777,0.363023,0
12778,0.322957,0
12779,1.605307,1
12780,1.76464,0
12781,0.261354,0
12782,0.476197,0
12783,2.016686,0
12784,0.064128,0
12785,0.29607,0
12786,0.824886,0
12787,0.576502,0
12788,9.867193,0
12789,4.037917,0
12790,3.801774,0
12791,0.725413,0
12792,9.514309,0
12793,1.683535,0
12794,0.682858,0
12795,10.032428,0
12796,0.182185,0
12797,8.916302,0
12798,4.019876,1
12799,0.591499,0
12800,9.021934,0
12801,0.351614,0
12802,0.474377,0
12803,1.126368,0
12804,0.159386,0
12805,0.785005,0
12806,0.662512,0
12807,0.617795,0
12808,0.570373,0
12809,1.463342,1
12810,8.388757,1
12811,0.351925,0
12812,0.535433,0
12813,8.929059,0
12814,0.813173,0
12815,0.042071,0
12816,1.04136,1
12817,0.283478,0
12818,1.220251,0
12819,0.590304,0
12820,10.378647,0
12821,0.663746,0
12822,10.679003,0
12823,0.398961,0
12824,0.355601,0
12825,0.337892,0
12826,2.727997,1
12827,1.237763,0
12828,9.136903,0
12829,0.627991,0
12830,2.739448,0
12831,10.338851,1
12832,9.753881,0
12833,0.298143,0
12834,0.37246,0
12835,1.463474,0
12836,9.436685,0
12837,0.327871,0
12838,0.231034,0
12839,0.472845,0
12840,0.651025,0
12841,0.856569,1
12842,2.567276,0
12843,0.239522,0
12844,0.959025,0
12845,0.162561,0
12846,0.843561,0
12847,0.783737,0
12848,9.574717,0
12849,0.903033,0
12850,1.510396,0
12851,8.879178,0
12852,8.422523,0
12853,4.148537,1
12854,0.771933,0
12855,0.812079,0
12856,2.464238,1
12857,1.616583,0
12858,2.364818,0
12859,0.348241,0
12860,0.546578,0
12861,0.702068,0
12862,0.617558,0
12863,0.261495,0
12864,0.254163,0
12865,0.743861,0
12866,9.096423,0
12867,3.218552,0
12868,1.127374,0
12869,0.745366,0
12870,10.221623,0
12871,1.351676,0
12872,0.460129,0
12873,10.513143,0
12874,9.972593,0
12875,1.627636,0
12876,10.351748,0
12877,0.498389,0
12878,4.188262,1
12879,9.93646,1
12880,0.578854,0
12881,0.868869,0
12882,1.060997,0
12883,9.64607,0
12884,1.12396,0
12885,9.915978,1
12886,1.033321,0
12887,0.330594,0
12888,11.024832,0
12889,1.844952,0
12890,0.263881,0
12891,9.854244,0
12892,9.513204,0
12893,2.30245,1
12894,2.926539,1
12895,0.132899,0
12896,0.225004,0
12897,0.470496,0
12898,9.176653,0
12899,0.798492,1
12900,0.5887,0
12901,3.802639,1
12902,8.864429,0
12903,0.655446,0
12904,0.725359,0
12905,1.518257,0
12906,0.954504,0
12907,0.376742,0
12908,2.531119,0
12909,0.415612,0
12910,0.591479,0
12911,0.540403,0
12912,0.771866,0
12913,0.220478,0
12914,0.534784,0
12915,0.238394,0
12916,0.097861,0
12917,9.067629,0
12918,0.775846,0
12919,1.497299,0
12920,0.208192,0
12921,10.37066,0
12922,0.737894,0
12923,1.40262,0
12924,10.637278,0
12925,0.454069,0
12926,2.488184,0
12927,10.858314,0
12928,0.633883,0
12929,0.037643,0
12930,9.45661,0
12931,2.884536,1
12932,0.843968,0
12933,0.848155,0
12934,0.416566,0
12935,2.614417,0
12936,0.546737,0
12937,2.861728,1
12938,10.671499,0
12939,0.125303,0
12940,2.675624,0
12941,10.215021,1
12942,0.935788,0
12943,9.293017,1
12944,0.240512,0
12945,0.408284,0
12946,9.625064,0
12947,0.628806,0
12948,0.260279,0
12949,1.398111,0
12950,0.889588,0
12951,10.146268,0
12952,0.210881,0
12953,0.433971,0
12954,1.796391,0
12955,0.167086,0
12956,0.584029,0
12957,1.204403,0
12958,0.715608,0
12959,0.404863,0
12960,0.278089,0
12961,4.215732,1
12962,10.407992,0
12963,0.55999,0
12964,0.851407,0
12965,0.723061,0
12966,0.33232,0
12967,1.821281,1
12968,0.136105,0
12969,0.5396,0
12970,0.297891,0
12971,0.927974,0
12972,0.21406,0
12973,0.971589,0
12974,0.235726,0
12975,1.588836,0
12976,0.475577,0
12977,0.435992,0
12978,0.350907,0
12979,0.41656,0
12980,0.316663,1
12981,13.604596,0
12982,0.260827,0
12983,0.565243,0
12984,11.15605,0
12985,11.315953,1
12986,1.039397,0
12987,9.575315,0
12988,1.025993,0
12989,0.223679,0
12990,0.249283,0
12991,2.311364,0
12992,0.704974,0
12993,0.252596,0
12994,9.678615,0
12995,10.574497,0
12996,11.021262,0
12997,0.263317,0
12998,0.38337,0
12999,0.626896,0
13000,1.29984,0
13001,11.058651,0
13002,0.185604,0
13003,3.064492,1
13004,0.411862,0
13005,0.311554,0
13006,9.086071,0
13007,0.4663,0
13008,3.300397,1
13009,11.106688,0
13010,10.438148,0
13011,0.300527,0
13012,0.487647,0
13013,9.331909,0
13014,2.482829,0
13015,1.663184,1
13016,0.474055,0
13017,1.389694,0
13018,11.152692,0
13019,9.770388,0
13020,9.273695,0
13021,9.765662,0
13022,0.140853,0
13023,2.060225,0
13024,0.314718,0
13025,0.604999,0
13026,10.441138,0
13027,0.259735,0
13028,0.191811,0
13029,0.492968,0
13030,2.304266,0
13031,0.182001,0
13032,3.813746,1
13033,0.549161,0
13034,0.742173,1
13035,9.98984,0
13036,1.934856,1
13037,0.45367,0
13038,0.296135,0
13039,0.593978,0
13040,0.316848,0
13041,0.385331,0
13042,10.424438,0
13043,0.243637,0
13044,0.422425,0
13045,0.374748,0
13046,0.541673,0
13047,0.656151,1
13048,11.655515,0
13049,9.655657,0
13050,3.442805,1
13051,0.484257,0
13052,10.580615,0
13053,0.360568,0
13054,0.345492,0
13055,0.818488,0
13056,0.364291,0
13057,1.011792,0
13058,0.570413,0
13059,1.471279,0
13060,9.097658,0
13061,0.325024,0
13062,1.631463,0
13063,0.61169,0
13064,8.899507,1
13065,0.477752,0
13066,0.274727,0
13067,0.384439,0
13068,10.601551,0
13069,0.717761,1
13070,1.143166,0
13071,0.255762,0
13072,1.746778,0
13073,11.745079,0
13074,0.470911,0
13075,0.432584,0
13076,0.51121,0
13077,0.787341,0
13078,0.296852,0
13079,0.706089,0
13080,0.264821,0
13081,0.346413,0
13082,11.104175,0
13083,0.950497,0
13084,1.781735,0
13085,0.197058,0
13086,0.566225,0
13087,0.11467,0
13088,1.466286,0
13089,10.228888,0
13090,0.327125,0
13091,0.52746,0
13092,1.857142,0
13093,1.879863,0
13094,0.308661,0
13095,0.490258,0
13096,0.202892,0
13097,9.590134,0
13098,0.865296,0
13099,1.375792,0
13100,1.984054,0
13101,0.249221,0
13102,0.246229,0
13103,12.45733,0
13104,0.850383,1
13105,0.572807,0
13106,0.622661,1
13107,0.206743,0
13108,0.411178,0
13109,0.225411,0
13110,1.971493,1
13111,0.080967,0
13112,0.513303,0
13113,0.644304,0
13114,0.112129,0
13115,1.700884,1
13116,0.386404,0
13117,10.472501,0
13118,9.560381,0
13119,0.36499,0
13120,8.916495,0
13121,0.21781,0
13122,2.774604,0
13123,11.002075,0
13124,0.393101,0
13125,10.493752,0
13126,0.303156,0
13127,9.89994,0
13128,1.207118,0
13129,0.623783,0
13130,1.271904,0
13131,0.118351,0
13132,0.479326,0
13133,3.124524,0
13134,0.763861,0
13135,0.28474,0
13136,8.548446,0
13137,0.300878,0
13138,9.539929,0
13139,0.319578,0
13140,0.293199,1
13141,0.422308,0
13142,0.325128,0
13143,0.728371,0
13144,0.376436,0
13145,10.779884,0
13146,0.445852,0
13147,0.343864,0
13148,2.529873,0
13149,0.982914,0
13150,1.076848,0
13151,0.975815,0
13152,0.32624,0
13153,0.633729,1
13154,0.485943,0
13155,0.99212,0
13156,0.452986,0
13157,1.477379,0
13158,0.627075,0
13159,0.251966,0
13160,0.295648,0
13161,0.780082,0
13162,0.166862,0
13163,1.527393,0
13164,0.404997,0
13165,0.043607,0
13166,0.565571,0
13167,9.647495,0
13168,0.802072,0
13169,11.139709,0
13170,0.089609,0
13171,10.590487,1
13172,9.355571,0
13173,1.108088,0
13174,9.589553,0
13175,0.954714,0
13176,0.430257,0
13177,8.865677,0
13178,1.065334,0
13179,2.064611,1
13180,1.02615,0
13181,0.268884,0
13182,0.549999,0
13183,0.278147,0
13184,0.071203,0
13185,9.429664,0
13186,0.789825,0
13187,9.92306,0
13188,3.185117,1
13189,0.028711,0
13190,0.296393,0
13191,0.325081,0
13192,9.422081,0
13193,0.084071,0
13194,0.737677,0
13195,0.141144,0
13196,9.960697,0
13197,3.987661,1
13198,0.806927,0
13199,0.218926,0
13200,0.13682,0
13201,10.195384,1
13202,10.080834,0
13203,10.055386,0
13204,0.858598,0
13205,10.551378,0
13206,0.705461,0
13207,0.365263,0
13208,0.281256,0
13209,0.111213,0
13210,0.434247,0
13211,0.24444,0
13212,0.448578,0
13213,1.307655,1
13214,10.502003,1
13215,0.097161,0
13216,2.311332,1
13217,0.40557,0
13218,0.86317,0
13219,9.046579,1
13220,10.301072,0
13221,1.258816,0
13222,0.502065,0
13223,0.321327,0
13224,0.149892,0
13225,0.280466,0
13226,0.153497,0
13227,0.649684,0
13228,0.490761,0
13229,0.743163,0
13230,0.313621,0
13231,9.168613,0
13232,10.010807,0
13233,0.389321,0
13234,0.490332,0
13235,0.783865,0
13236,0.186476,0
13237,2.661178,0
13238,0.611523,0
13239,0.24469,0
13240,0.978261,0
13241,2.147622,0
13242,1.822481,0
13243,1.779182,0
13244,1.55904,0
13245,0.341757,0
13246,10.202988,0
13247,0.270463,0
13248,10.574561,0
13249,3.645911,1
13250,0.491481,0
13251,1.530519,0
13252,0.291593,0
13253,0.481932,0
13254,5.920555,1
13255,9.098849,0
13256,3.870661,1
13257,0.25997,0
13258,0.366614,0
13259,9.131956,0
13260,0.21732,0
13261,0.3862,0
13262,0.266262,0
13263,0.619106,0
13264,0.684348,0
13265,0.099151,0
13266,0.852602,0
13267,0.381949,0
13268,1.036549,0
13269,10.205696,0
13270,2.433994,1
13271,1.031171,0
13272,0.325704,0
13273,0.061408,0
13274,0.563382,0
13275,0.992408,0
13276,0.437173,0
13277,0.023523,0
13278,2.361105,0
13279,0.700717,0
13280,0.383745,0
13281,9.262275,0
13282,7.725229,0
13283,3.343026,0
13284,0.569566,0
13285,1.811499,0
13286,9.879308,1
13287,0.322933,0
13288,0.938715,0
13289,1.777246,1
13290,0.363626,0
13291,2.863847,0
13292,0.511619,0
13293,10.58365,0
13294,0.362693,0
13295,2.695069,0
13296,11.027598,0
13297,0.365849,0
13298,3.726591,0
13299,0.166119,0
13300,1.537722,1
13301,2.018462,0
13302,2.613251,0
13303,0.71327,0
13304,1.926695,0
13305,0.401422,0
13306,0.028563,0
13307,0.402472,0
13308,0.165464,0
13309,0.400546,0
13310,2.455786,0
13311,1.115914,0
13312,10.017359,1
13313,9.658131,0
13314,1.79461,0
13315,0.118113,0
13316,0.375624,0
13317,1.68418,1
13318,0.344754,0
13319,1.205168,0
13320,0.591569,0
13321,1.168274,0
13322,0.339229,0
13323,0.184744,0
13324,0.620781,0
13325,2.020943,1
13326,9.033586,0
13327,0.66608,0
13328,9.557445,1
13329,1.479301,0
13330,0.506246,0
13331,0.533199,0
13332,1.002734,0
13333,0.083376,0
13334,0.751637,0
13335,0.289831,0
13336,0.083278,0
13337,0.427618,0
13338,0.194214,0
13339,0.196922,0
13340,1.465851,0
13341,10.50675,0
13342,9.975747,0
13343,0.356216,0
13344,0.433476,1
13345,0.284683,0
13346,0.293814,0
13347,0.787347,0
13348,0.137732,0
13349,10.012458,0
13350,0.279576,0
13351,0.06099,0
13352,0.277122,0
13353,10.595043,1
13354,1.226834,0
13355,0.864132,0
13356,0.32974,0
13357,0.303371,0
13358,0.279227,0
13359,1.340732,0
13360,0.167343,0
13361,0.236709,0
13362,10.268386,1
13363,10.073507,0
13364,0.749763,0
13365,0.332636,0
13366,0.500587,0
13367,10.040342,0
13368,9.309817,0
13369,0.212032,0
13370,0.552557,0
13371,0.13985,0
13372,9.394504,0
13373,0.587009,0
13374,10.622957,0
13375,0.159983,0
13376,0.41426,0
13377,8.772806,1
13378,13.127162,0
13379,0.504707,0
13380,2.562197,0
13381,2.973796,1
13382,0.159467,0
13383,0.24545,0
13384,12.933465,0
13385,3.276596,0
13386,12.56543,0
13387,8.896099,0
13388,9.872893,0
13389,0.808095,0
13390,10.041845,0
13391,4.17966,1
13392,0.861745,1
13393,3.29251,1
13394,0.368552,0
13395,0.619459,0
13396,0.575752,0
13397,8.823686,1
13398,1.16599,0
13399,0.149617,0
13400,3.625773,1
13401,0.120043,0
13402,1.18572,0
13403,0.483963,0
13404,0.620129,0
13405,0.108378,0
13406,9.767991,0
13407,0.448239,1
13408,0.353134,0
13409,0.47976,0
13410,0.236312,0
13411,0.246721,0
13412,0.955869,0
13413,0.358807,0
13414,0.507692,0
13415,0.187842,0
13416,3.997344,0
13417,0.43169,0
13418,1.492945,0
13419,0.713704,0
13420,0.725598,0
13421,0.097735,0
13422,10.041138,0
13423,0.448658,0
13424,0.705687,0
13425,0.237215,0
13426,9.749228,0
13427,0.227726,0
13428,0.286067,0
13429,0.333629,0
13430,0.226179,0
13431,0.646956,0
13432,0.409266,0
13433,0.273983,0
13434,0.187787,0
13435,0.49312,0
13436,0.19406,0
13437,0.537041,0
13438,0.531623,0
13439,4.4204,1
13440,0.053364,0
13441,0.188533,0
13442,0.116959,0
13443,0.498331,0
13444,1.247638,0
13445,10.172819,0
13446,9.02704,0
13447,1.348551,0
13448,1.630387,0
13449,1.190132,0
13450,0.472655,0
13451,1.454208,0
13452,0.359994,0
13453,0.680734,0
13454,0.495282,0
13455,0.222656,0
13456,0.612261,0
13457,9.385226,0
13458,10.110098,0
13459,0.062995,0
13460,0.264351,0
13461,0.201011,0
13462,2.739441,1
13463,0.704274,0
13464,0.046374,0
13465,0.110926,0
13466,0.685039,0
13467,0.223939,0
13468,10.050566,0
13469,0.409693,0
13470,9.405913,1
13471,0.626383,1
13472,1.2815,0
13473,8.174646,0
13474,10.230883,0
13475,8.306434,0
13476,1.572678,0
13477,0.402578,0
13478,0.715856,0
13479,0.710894,0
13480,2.099299,0
13481,0.44328,0
13482,1.368047,0
13483,0.327341,0
13484,2.659642,1
13485,0.5601,0
13486,0.309459,0
13487,2.436593,0
13488,0.217294,0
13489,0.538674,0
13490,0.625756,0
13491,0.580909,0
13492,0.523695,0
13493,1.112008,0
13494,10.217793,0
13495,10.375344,0
13496,2.481093,0
13497,3.431422,0
13498,0.652862,0
13499,11.105869,0
13500,1.856016,0
13501,8.556833,1
13502,0.341548,0
13503,1.335336,0
13504,1.473579,0
13505,0.440968,0
13506,0.215279,0
13507,2.175552,0
13508,0.137023,0
13509,0.085752,0
13510,8.634348,0
13511,1.498484,0
13512,1.051807,0
13513,0.268393,0
13514,0.570618,0
13515,10.944,0
13516,0.353841,0
13517,1.459327,0
13518,8.870284,1
13519,2.099103,0
13520,0.643432,0
13521,0.247136,0
13522,9.3697,0
13523,0.271075,0
13524,0.811101,0
13525,0.356077,0
13526,1.34211,0
13527,3.044739,0
13528,0.617461,0
13529,1.137753,1
13530,0.343456,0
13531,3.584606,0
13532,0.359114,0
13533,0.660707,0
13534,0.406755,0
13535,9.174777,0
13536,0.243041,0
13537,8.910613,0
13538,0.733164,0
13539,0.595157,0
13540,1.235678,0
13541,0.650165,0
13542,8.745942,0
13543,2.709564,0
13544,12.372123,0
13545,0.506048,0
13546,0.348818,0
13547,2.03399,0
13548,0.288052,0
13549,0.232688,0
13550,0.133661,0
13551,1.382187,1
13552,0.280626,0
13553,0.418934,0
13554,8.833261,0
13555,0.302802,0
13556,9.240836,0
13557,1.238829,0
13558,2.616846,0
13559,0.18947,0
13560,0.24063,0
13561,0.400582,0
13562,10.504473,1
13563,0.80954,0
13564,0.156933,0
13565,0.220839,0
13566,0.532467,0
13567,0.086371,0
13568,0.056,0
13569,9.499965,0
13570,0.620508,0
13571,10.986194,0
13572,0.625151,0
13573,9.83007,0
13574,0.535763,0
13575,7.536883,0
13576,0.183344,0
13577,0.356377,0
13578,1.276074,0
13579,0.530193,0
13580,0.377286,0
13581,0.244156,0
13582,0.229631,0
13583,0.603794,0
13584,0.461364,0
13585,2.071874,0
13586,0.379481,0
13587,0.619563,0
13588,0.490378,0
13589,4.610531,0
13590,0.689425,0
13591,9.403714,0
13592,9.857276,0
13593,1.892128,1
13594,11.573674,0
13595,1.307538,0
13596,0.13746,0
13597,0.783843,0
13598,0.500614,0
13599,0.449079,0
13600,10.42448,0
13601,3.362761,1
13602,0.59395,0
13603,11.170347,0
13604,0.295332,0
13605,0.20959,0
13606,0.327152,0
13607,2.33627,0
13608,9.147036,0
13609,1.514444,0
13610,0.694641,0
13611,1.213993,0
13612,10.171912,0
13613,10.610934,0
13614,0.261366,0
13615,0.072072,0
13616,0.85781,0
13617,8.65802,0
13618,0.209512,0
13619,10.209286,0
13620,0.453014,0
13621,0.651821,0
13622,0.305921,0
13623,0.760512,0
13624,0.881113,0
13625,1.852961,0
13626,0.297977,0
13627,2.888113,0
13628,0.235992,0
13629,1.92377,1
13630,0.071708,0
13631,1.83347,0
13632,1.121068,0
13633,0.349101,0
13634,0.059813,0
13635,1.299764,0
13636,0.39045,0
13637,0.36061,0
13638,0.378973,0
13639,0.044641,0
13640,0.179214,0
13641,1.859588,0
13642,2.262903,0
13643,12.124779,0
13644,2.835585,0
13645,0.320686,0
13646,0.539163,0
13647,9.378531,1
13648,0.300412,0
13649,10.914811,0
13650,0.426604,0
13651,0.611463,0
13652,0.942908,0
13653,1.267112,0
13654,0.028472,0
13655,11.110136,0
13656,0.50677,0
13657,0.11839,0
13658,10.688633,0
13659,9.145587,0
13660,0.154081,0
13661,9.031355,0
13662,0.267298,0
13663,0.294046,0
13664,0.36942,0
13665,0.254258,0
13666,0.220718,0
13667,0.410984,0
13668,0.486296,0
13669,0.519629,0
13670,3.419073,1
13671,10.425397,0
13672,0.202376,0
13673,0.243085,0
13674,10.635221,0
13675,0.718,0
13676,1.173387,0
13677,10.089583,1
13678,0.822616,0
13679,1.966845,1
13680,0.727038,0
13681,0.557017,0
13682,0.317387,0
13683,0.579806,0
13684,0.463917,0
13685,9.717404,0
13686,0.14319,0
13687,9.38217,0
13688,0.453235,0
13689,0.556656,0
13690,0.642747,0
13691,1.89609,1
13692,0.081133,0
13693,0.427208,0
13694,0.600245,0
13695,0.488059,0
13696,0.356542,0
13697,3.78164,0
13698,0.46409,0
13699,0.873307,0
13700,0.311523,0
13701,8.920642,0
13702,11.647192,0
13703,1.037257,0
13704,0.257103,0
13705,0.432067,0
13706,8.870269,0
13707,1.344015,0
13708,0.238425,0
13709,2.145672,0
13710,0.607913,0
13711,10.593526,0
13712,0.778871,0
13713,0.508719,0
13714,10.037006,1
13715,0.29571,0
13716,0.729431,0
13717,1.713894,0
13718,0.970482,0
13719,9.370766,0
13720,0.282081,0
13721,0.692553,0
13722,0.481393,0
13723,0.794899,0
13724,2.037752,0
13725,1.505675,0
13726,0.2687,0
13727,0.829536,0
13728,0.911392,0
13729,0.488976,0
13730,0.150037,0
13731,1.329949,1
13732,10.783564,0
13733,0.245826,0
13734,0.476364,0
13735,0.426821,0
13736,1.541306,1
13737,0.275892,0
13738,0.51671,0
13739,1.45319,0
13740,0.291057,0
13741,2.410724,0
13742,0.777016,0
13743,0.250187,1
13744,0.47595,0
13745,0.386039,0
13746,0.121205,0
13747,0.740391,0
13748,1.083674,0
13749,0.771135,0
13750,0.674357,0
13751,2.238487,0
13752,0.091511,0
13753,0.359212,0
13754,1.625248,1
13755,1.374038,0
13756,0.467472,0
13757,1.07239,0
13758,2.161982,1
13759,0.310473,0
13760,1.999058,1
13761,9.800808,0
13762,0.346593,0
13763,0.220402,0
13764,9.473479,0
13765,3.487746,1
13766,0.80652,0
13767,10.480009,0
13768,10.1258,0
13769,8.534426,0
13770,2.392826,1
13771,1.147995,0
13772,0.408741,0
13773,0.266107,0
13774,1.357482,0
13775,8.832609,0
13776,0.534632,0
13777,0.367001,0
13778,10.391964,0
13779,0.27363,0
13780,0.277817,0
13781,10.390532,0
13782,0.608739,1
13783,1.269983,0
13784,0.550079,0
13785,0.776578,0
13786,0.240129,0
13787,8.766151,0
13788,10.425045,0
13789,9.660109,1
13790,9.538282,1
13791,2.848525,0
13792,0.486824,0
13793,9.170896,0
13794,1.916178,0
13795,1.863665,1
13796,0.283216,0
13797,9.856218,0
13798,0.571161,0
13799,0.469615,0
13800,10.44999,0
13801,0.77595,0
13802,10.694982,0
13803,0.446118,0
13804,0.318215,0
13805,0.462195,0
13806,9.284256,0
13807,0.248163,0
13808,1.584335,0
13809,0.075341,0
13810,2.398359,0
13811,0.603287,0
13812,0.162679,0
13813,0.87985,0
13814,0.409229,0
13815,10.559646,0
13816,0.120551,0
13817,0.290886,0
13818,0.201077,0
13819,10.654536,0
13820,0.603308,0
13821,0.427573,0
13822,0.296425,0
13823,2.002097,0
13824,0.442673,0
13825,3.201149,0
13826,0.711366,0
13827,0.367944,0
13828,0.114976,0
13829,0.609164,0
13830,1.310929,0
13831,0.44351,0
13832,0.166348,0
13833,3.587596,1
13834,0.50167,0
13835,0.615959,0
13836,1.117658,0
13837,0.362858,0
13838,0.382434,0
13839,0.249696,0
13840,11.040986,0
13841,0.409928,0
13842,1.129579,0
13843,9.723754,0
13844,1.791828,1
13845,3.297465,0
13846,0.364256,0
13847,2.209601,0
13848,0.875083,0
13849,2.248059,0
13850,0.838398,0
13851,3.484475,0
13852,1.076075,0
13853,0.869284,0
13854,1.119554,0
13855,0.667329,0
13856,0.107995,0
13857,2.651752,0
13858,1.179639,0
13859,0.231175,0
13860,0.186688,0
13861,0.339525,0
13862,0.157998,0
13863,0.858815,0
13864,0.203642,0
13865,0.641971,0
13866,0.396192,0
13867,0.646537,0
13868,3.544613,1
13869,0.16764,0
13870,1.130701,0
13871,0.126745,0
13872,0.148304,0
13873,0.2298,0
13874,0.59347,0
13875,0.651182,0
13876,9.800746,0
13877,0.146226,0
13878,8.116618,1
13879,2.756372,1
13880,0.131483,0
13881,2.217635,1
13882,0.472683,0
13883,0.186744,0
13884,3.940585,1
13885,1.087107,0
13886,0.258103,0
13887,9.683834,0
13888,9.714773,0
13889,0.519544,0
13890,11.375905,0
13891,1.810966,0
13892,9.444616,0
13893,0.021352,0
13894,0.266787,0
13895,0.123209,0
13896,0.699401,0
13897,0.997588,0
13898,2.155513,1
13899,0.344781,0
13900,0.336825,0
13901,5.28289,1
13902,8.698986,0
13903,1.968274,0
13904,0.391262,1
13905,0.026791,0
13906,1.409767,0
13907,0.875118,0
13908,9.667778,1
13909,9.295834,1
13910,2.547857,1
13911,0.285068,0
13912,0.274893,0
13913,8.930586,1
13914,0.13468,0
13915,0.551259,0
13916,9.730796,0
13917,0.039196,0
13918,0.431704,0
13919,0.420618,0
13920,0.302714,0
13921,1.002988,0
13922,9.464754,0
13923,9.7292,1
13924,0.203152,0
13925,0.744717,0
13926,0.497779,0
13927,1.597718,0
13928,0.228548,0
13929,3.983246,1
13930,0.261858,0
13931,1.886172,1
13932,0.689979,0
13933,0.590963,0
13934,2.799647,0
13935,0.35505,0
13936,0.825795,0
13937,0.284404,0
13938,1.854822,1
13939,9.908142,0
13940,0.103506,0
13941,0.575355,0
13942,0.251837,0
13943,9.690079,1
13944,0.458476,0
13945,0.890534,0
13946,0.152849,0
13947,0.839251,0
13948,0.294412,0
13949,0.686312,0
13950,0.588676,0
13951,9.642585,0
13952,0.685031,0
13953,9.732835,1
13954,9.646638,0
13955,0.260062,0
13956,4.262613,1
13957,10.754276,0
13958,0.245713,0
13959,0.623882,0
13960,1.559891,0
13961,10.530911,0
13962,0.129953,0
13963,1.951872,0
13964,0.754081,0
13965,0.483523,0
13966,0.344931,0
13967,0.750579,0
13968,0.342406,0
13969,0.324864,0
13970,0.153644,0
13971,2.166782,0
13972,1.316927,0
13973,2.997717,0
13974,1.1685,0
13975,9.584859,0
13976,10.672695,0
13977,0.572562,0
13978,1.440589,0
13979,10.884109,1
13980,0.33352,0
13981,9.302075,0
13982,0.41171,0
13983,8.972889,0
13984,9.516096,0
13985,10.699245,0
13986,0.563567,0
13987,0.214863,0
13988,0.660606,0
13989,2.868921,0
13990,0.599761,0
13991,0.349603,0
13992,10.284741,0
13993,0.106209,0
13994,10.00633,1
13995,2.936798,0
13996,0.233899,0
13997,9.118383,0
13998,0.765855,0
13999,10.05321,1
14000,0.326832,0
14001,8.573679,0
14002,0.877161,0
14003,9.595868,0
14004,10.177979,0
14005,0.297398,0
14006,0.349024,0
14007,0.38161,0
14008,0.996817,0
14009,8.342065,1
14010,12.299459,0
14011,8.890613,0
14012,0.148256,0
14013,0.198153,0
14014,0.294267,0
14015,3.501832,0
14016,3.358846,1
14017,0.221129,0
14018,0.068901,0
14019,1.081771,0
14020,1.229129,0
14021,1.688589,0
14022,0.358574,0
14023,0.325584,0
14024,2.502097,0
14025,0.28687,0
14026,0.32605,0
14027,0.387645,0
14028,0.329175,0
14029,2.403385,0
14030,11.949175,0
14031,0.41053,0
14032,1.562994,0
14033,1.827751,0
14034,0.139709,0
14035,9.37041,0
14036,0.387773,0
14037,0.08678,0
14038,1.331562,1
14039,0.310243,0
14040,9.840181,1
14041,1.181137,0
14042,2.228272,0
14043,0.482788,0
14044,2.08827,0
14045,0.295509,0
14046,9.378272,0
14047,10.306342,0
14048,0.615296,0
14049,0.415033,0
14050,1.406259,0
14051,4.038563,0
14052,0.330727,0
14053,1.081339,0
14054,1.475154,0
14055,0.345659,0
14056,0.622678,0
14057,0.309798,0
14058,0.126078,0
14059,0.090396,0
14060,0.424356,0
14061,0.684874,0
14062,0.338153,0
14063,0.485326,0
14064,11.808112,0
14065,0.277477,0
14066,9.883124,0
14067,1.929975,1
14068,0.370366,0
14069,0.263146,0
14070,2.551993,0
14071,3.501443,0
14072,9.603954,1
14073,9.042777,0
14074,2.584595,0
14075,9.760616,0
14076,10.751356,1
14077,4.096159,0
14078,0.05423,0
14079,10.26078,0
14080,11.985472,0
14081,0.315545,0
14082,3.951164,0
14083,0.061081,0
14084,0.27508,0
14085,0.37265,0
14086,0.314241,0
14087,0.229984,0
14088,0.710624,0
14089,0.441834,0
14090,9.499956,0
14091,10.347056,0
14092,0.211439,0
14093,0.298047,0
14094,0.122304,0
14095,0.739219,0
14096,0.233608,0
14097,1.409631,0
14098,0.395065,0
14099,0.369466,0
14100,0.297693,0
14101,9.36003,0
14102,0.597086,0
14103,9.496912,1
14104,3.519827,0
14105,10.328136,0
14106,1.236965,0
14107,0.239236,0
14108,1.819766,0
14109,4.174737,1
14110,3.573903,1
14111,0.252751,0
14112,0.45125,0
14113,0.292126,0
14114,1.222577,0
14115,10.720182,0
14116,1.116655,0
14117,10.984064,0
14118,0.220867,0
14119,1.134948,0
14120,0.488542,0
14121,0.659283,0
14122,0.89309,0
14123,0.332358,0
14124,0.172507,0
14125,10.67242,0
14126,0.456387,0
14127,1.882798,0
14128,0.199558,0
14129,0.450179,0
14130,0.291652,0
14131,0.397478,0
14132,0.33047,0
14133,0.063889,0
14134,0.339604,0
14135,1.489337,0
14136,10.126216,0
14137,0.288843,0
14138,0.268097,0
14139,0.438971,0
14140,9.566945,0
14141,0.972173,1
14142,0.253114,0
14143,10.768147,0
14144,1.782053,0
14145,0.544028,0
14146,0.396525,0
14147,10.331713,0
14148,0.27079,0
14149,1.681847,0
14150,9.081204,0
14151,0.248852,0
14152,0.213089,0
14153,0.566063,0
14154,0.89552,0
14155,1.353568,0
14156,10.036918,0
14157,1.400612,0
14158,1.141562,0
14159,1.267089,1
14160,0.316522,0
14161,0.521601,0
14162,0.138727,0
14163,0.731951,0
14164,9.098246,0
14165,0.122526,0
14166,0.801019,0
14167,0.12142,0
14168,0.282588,0
14169,10.934927,0
14170,0.408439,0
14171,11.313246,0
14172,9.747231,0
14173,0.37898,0
14174,1.195777,0
14175,0.718756,0
14176,0.127338,0
14177,1.05715,1
14178,1.99167,0
14179,10.798507,0
14180,2.62079,1
14181,11.421985,0
14182,10.049829,0
14183,0.620941,0
14184,2.181495,0
14185,0.668252,0
14186,8.443993,1
14187,0.359463,0
14188,0.048555,0
14189,0.479099,0
14190,11.990845,0
14191,9.272755,0
14192,0.31381,0
14193,0.545091,0
14194,0.1601,0
14195,0.849755,0
14196,0.434858,0
14197,0.182249,0
14198,9.502728,0
14199,0.845627,0
14200,0.055382,0
14201,9.858721,0
14202,0.034182,0
14203,1.265402,0
14204,0.768127,0
14205,1.159786,0
14206,1.306271,0
14207,9.392123,0
14208,2.173374,0
14209,2.365043,0
14210,0.859536,0
14211,0.190294,0
14212,0.617133,0
14213,9.88687,0
14214,3.296417,0
14215,9.781572,0
14216,0.306437,0
14217,11.391203,0
14218,0.375034,0
14219,10.618957,0
14220,0.39071,0
14221,0.318775,0
14222,0.383798,0
14223,0.699002,0
14224,0.351384,0
14225,10.849605,0
14226,0.408032,0
14227,0.349556,0
14228,0.279131,0
14229,2.035043,0
14230,9.843146,0
14231,0.415466,0
14232,3.459512,0
14233,0.151769,0
14234,0.810885,0
14235,2.341473,0
14236,3.726275,1
14237,0.738558,0
14238,0.550548,0
14239,1.191125,0
14240,0.171195,0
14241,0.40444,0
14242,0.348476,0
14243,0.526898,0
14244,0.13914,0
14245,4.746669,1
14246,10.517402,0
14247,0.387648,0
14248,0.392722,0
14249,9.580113,0
14250,0.737608,1
14251,0.721041,0
14252,0.263121,0
14253,0.556319,0
14254,0.368276,0
14255,9.172216,1
14256,0.154854,0
14257,0.248093,0
14258,2.115287,1
14259,3.759046,0
14260,0.189413,0
14261,1.333331,0
14262,0.563989,0
14263,0.453343,0
14264,8.695156,0
14265,0.552123,0
14266,0.352471,0
14267,1.534918,0
14268,0.538057,0
14269,0.244022,0
14270,2.277503,0
14271,9.240141,1
14272,0.258183,0
14273,0.210999,0
14274,0.47155,0
14275,1.365235,0
14276,0.321774,0
14277,0.604099,0
14278,1.554507,0
14279,0.646422,0
14280,0.363658,0
14281,10.187342,0
14282,0.743783,0
14283,0.336709,0
14284,0.574941,1
14285,10.080189,0
14286,9.906643,0
14287,0.77361,0
14288,1.571603,0
14289,1.9176,0
14290,0.490019,0
14291,9.933076,0
14292,0.428962,0
14293,1.179104,0
14294,1.549401,0
14295,2.00099,1
14296,1.169912,0
14297,3.803509,0
14298,0.417934,0
14299,9.252335,1
14300,0.290126,0
14301,0.782846,0
14302,0.184515,0
14303,0.641632,0
14304,1.601301,0
14305,0.455243,0
14306,1.013866,1
14307,9.438408,0
14308,0.258407,0
14309,8.859684,0
14310,4.688279,1
14311,1.747305,0
14312,0.714305,0
14313,9.236542,0
14314,10.844853,0
14315,1.406577,0
14316,2.289434,0
14317,0.994738,0
14318,0.160459,0
14319,0.433621,0
14320,10.267204,0
14321,0.607365,0
14322,0.829888,1
14323,9.856534,1
14324,0.754281,0
14325,1.036027,0
14326,0.09986,0
14327,1.2084,0
14328,0.50376,0
14329,0.386758,0
14330,0.437824,0
14331,0.531593,0
14332,0.812993,0
14333,0.180247,0
14334,0.565472,0
14335,1.746783,1
14336,9.464312,0
14337,9.4386,0
14338,0.025537,0
14339,0.43167,0
14340,0.564322,0
14341,0.43869,0
14342,1.09004,0
14343,0.208551,0
14344,0.511055,0
14345,5.056336,1
14346,10.456612,0
14347,0.631722,0
14348,1.968336,0
14349,11.100019,0
14350,1.589916,0
14351,0.324146,0
14352,11.44378,0
14353,0.173591,0
14354,0.457257,0
14355,0.23506,0
14356,4.157024,0
14357,0.584214,0
14358,8.868354,0
14359,0.490758,0
14360,1.423161,0
14361,0.109151,0
14362,0.919001,0
14363,10.371624,0
14364,0.234921,0
14365,0.671802,0
14366,0.164598,0
14367,0.320462,0
14368,0.091896,0
14369,0.495179,0
14370,0.251536,0
14371,10.732612,0
14372,11.429378,0
14373,10.241723,1
14374,11.407793,0
14375,0.636061,0
14376,9.55773,0
14377,8.431376,0
14378,8.979177,0
14379,0.319027,0
14380,1.454567,0
14381,2.394559,0
14382,0.584061,0
14383,0.446176,0
14384,3.845371,0
14385,0.627252,0
14386,1.793532,0
14387,0.271941,0
14388,1.387237,0
14389,9.585903,0
14390,0.689598,0
14391,0.366288,0
14392,0.72041,0
14393,0.011346,0
14394,0.400487,0
14395,0.936488,0
14396,0.492223,0
14397,0.192881,0
14398,0.370072,0
14399,0.382897,0
14400,4.175175,1
14401,0.539662,0
14402,0.435169,0
14403,9.791615,0
14404,0.111667,0
14405,0.340484,0
14406,0.327877,0
14407,10.30957,0
14408,3.04373,0
14409,0.342039,0
14410,0.104918,0
14411,10.540127,0
14412,0.442388,0
14413,9.436786,0
14414,0.046216,0
14415,0.84076,0
14416,9.063293,0
14417,2.187789,1
14418,0.23609,0
14419,0.597526,0
14420,0.096525,0
14421,0.142568,0
14422,0.471505,0
14423,1.391655,0
14424,0.803352,0
14425,0.325169,0
14426,1.588379,0
14427,0.841533,0
14428,0.297821,0
14429,0.326522,0
14430,8.751846,0
14431,0.978505,0
14432,0.35544,0
14433,1.277971,0
14434,0.242693,0
14435,0.253922,0
14436,1.189879,0
14437,0.271265,0
14438,0.671432,0
14439,0.204326,0
14440,0.423421,0
14441,8.87592,0
14442,1.41895,0
14443,0.050764,0
14444,1.536669,0
14445,1.619362,1
14446,0.41438,0
14447,1.826563,0
14448,11.00787,0
14449,9.140743,0
14450,10.019858,0
14451,0.397792,0
14452,1.987681,0
14453,0.499738,0
14454,0.343029,0
14455,0.758793,0
14456,0.037553,0
14457,0.273032,0
14458,7.490197,1
14459,2.143919,0
14460,0.46106,0
14461,0.455342,0
14462,0.492102,0
14463,0.488906,0
14464,1.496552,1
14465,0.868127,0
14466,0.584854,0
14467,0.354185,0
14468,0.599557,0
14469,0.333451,0
14470,9.796354,0
14471,0.51016,0
14472,4.979526,1
14473,0.373785,0
14474,0.356216,0
14475,12.670808,0
14476,0.392861,0
14477,1.786759,0
14478,0.525405,0
14479,0.66906,1
14480,0.170751,0
14481,1.46239,0
14482,11.067928,0
14483,1.858904,1
14484,0.164243,0
14485,0.64272,0
14486,0.302219,0
14487,0.219366,0
14488,10.633931,1
14489,0.618304,0
14490,0.136097,0
14491,0.104933,0
14492,4.048593,1
14493,9.95777,0
14494,0.835425,1
14495,2.174815,1
14496,0.302675,0
14497,0.413553,0
14498,8.931012,0
14499,0.59503,0
14500,0.1988,0
14501,0.309507,0
14502,0.061824,0
14503,10.703586,0
14504,0.582331,0
14505,0.270021,0
14506,0.359543,0
14507,0.427836,0
14508,0.50852,0
14509,0.157992,0
14510,0.095682,0
14511,0.507101,0
14512,9.672208,0
14513,0.633124,0
14514,1.766125,0
14515,0.648093,0
14516,10.590451,0
14517,0.699235,0
14518,0.659843,0
14519,1.710759,0
14520,0.278592,0
14521,9.073742,1
14522,0.075995,0
14523,0.364024,0
14524,0.598557,0
14525,10.790895,0
14526,12.093673,0
14527,3.697268,1
14528,0.439469,0
14529,0.219957,0
14530,13.093555,0
14531,12.347328,1
14532,2.24912,0
14533,0.286368,0
14534,4.457094,1
14535,0.395356,0
14536,10.929337,0
14537,0.297071,0
14538,10.033934,0
14539,1.348277,0
14540,0.168702,0
14541,2.036073,0
14542,1.210692,0
14543,0.287109,0
14544,0.049589,0
14545,0.302899,0
14546,9.281147,0
14547,0.448996,0
14548,3.342823,0
14549,0.09283,0
14550,0.313646,0
14551,0.394777,0
14552,1.249514,0
14553,1.094246,0
14554,1.8792,1
14555,0.329418,0
14556,0.959664,1
14557,0.920713,0
14558,0.311563,0
14559,0.961337,0
14560,11.014196,0
14561,1.572511,0
14562,0.767831,0
14563,0.288537,0
14564,0.212643,0
14565,0.353986,0
14566,0.753068,1
14567,1.165699,0
14568,0.218935,0
14569,0.439135,0
14570,0.312252,0
14571,0.055273,0
14572,11.496909,0
14573,10.92392,0
14574,9.780156,1
14575,1.154336,0
14576,0.542078,0
14577,1.134115,0
14578,9.96273,0
14579,1.846967,1
14580,11.553377,0
14581,1.138384,0
14582,0.717298,0
14583,0.150061,0
14584,0.531459,0
14585,2.509093,0
14586,0.544254,0
14587,2.183438,1
14588,0.54603,0
14589,0.812822,0
14590,9.60133,0
14591,0.550258,0
14592,0.182051,0
14593,9.531773,0
14594,9.251582,0
14595,9.545129,1
14596,0.171449,0
14597,0.42128,0
14598,3.656865,1
14599,0.342092,0
14600,0.704781,1
14601,10.148582,0
14602,0.251737,0
14603,0.389693,0
14604,2.808008,0
14605,0.257712,0
14606,0.538681,0
14607,0.275198,0
14608,0.421268,0
14609,0.407128,0
14610,0.151005,0
14611,0.48157,0
14612,9.424148,0
14613,0.037961,0
14614,0.458668,0
14615,0.975054,0
14616,1.466706,0
14617,0.414488,0
14618,0.877602,0
14619,9.804742,0
14620,0.214696,0
14621,0.893254,0
14622,0.447832,0
14623,0.231387,0
14624,9.511208,0
14625,0.189859,0
14626,0.326449,0
14627,0.1406,0
14628,0.772728,0
14629,0.224656,0
14630,0.487478,0
14631,0.645082,1
14632,9.343702,0
14633,0.121422,0
14634,0.338032,0
14635,0.821451,0
14636,0.108291,0
14637,0.263472,0
14638,0.821844,0
14639,0.194986,0
14640,10.292212,0
14641,1.48085,0
14642,0.325496,0
14643,9.813442,0
14644,10.725639,0
14645,0.199336,0
14646,0.360167,0
14647,9.991477,0
14648,3.464133,0
14649,0.319378,0
14650,0.257232,0
14651,0.179703,0
14652,0.601897,0
14653,2.035082,0
14654,0.801068,1
14655,0.444343,0
14656,2.206758,0
14657,0.363267,0
14658,0.572873,0
14659,0.093756,0
14660,0.401547,0
14661,1.028535,0
14662,2.04365,0
14663,0.459385,0
14664,0.447498,0
14665,0.177926,0
14666,0.377605,0
14667,0.286053,0
14668,0.243634,0
14669,1.154405,0
14670,0.892773,0
14671,0.323359,0
14672,0.338183,0
14673,3.667664,0
14674,0.727922,0
14675,0.982197,0
14676,0.619685,0
14677,10.132293,0
14678,11.285168,0
14679,4.566771,1
14680,0.456108,0
14681,10.469063,0
14682,0.115029,0
14683,9.746408,0
14684,1.001306,0
14685,1.4331,0
14686,9.893187,1
14687,11.34595,0
14688,10.224282,0
14689,11.239513,0
14690,0.81522,0
14691,9.767757,0
14692,0.549921,0
14693,1.742525,1
14694,0.601568,0
14695,9.919591,0
14696,1.598725,1
14697,0.42991,0
14698,0.280733,0
14699,3.215999,0
14700,8.661188,0
14701,0.540554,0
14702,0.850358,0
14703,2.274636,1
14704,0.627313,0
14705,0.551587,1
14706,0.652498,0
14707,2.14621,0
14708,1.79154,0
14709,10.142796,0
14710,0.170634,0
14711,11.047336,0
14712,0.48857,0
14713,0.832813,0
14714,0.24851,0
14715,0.443416,0
14716,9.345634,1
14717,9.904002,0
14718,9.263826,0
14719,0.315192,0
14720,2.498948,0
14721,0.186014,0
14722,1.427528,0
14723,1.293362,0
14724,2.249901,0
14725,9.328197,0
14726,9.375977,0
14727,0.829379,0
14728,1.861368,0
14729,1.139287,0
14730,0.297736,0
14731,0.636902,0
14732,0.0387,0
14733,9.541456,0
14734,0.60596,0
14735,0.792026,0
14736,0.668005,0
14737,1.042384,1
14738,1.291178,1
14739,0.040793,0
14740,2.567313,1
14741,0.301338,0
14742,2.088365,1
14743,0.270966,0
14744,0.428018,0
14745,0.401659,0
14746,0.904474,0
14747,3.027266,0
14748,0.169358,0
14749,0.324485,0
14750,2.594156,1
14751,0.589256,0
14752,1.658934,0
14753,4.408114,0
14754,0.339174,0
14755,0.690031,0
14756,0.262869,0
14757,9.326832,0
14758,0.177207,0
14759,11.770167,0
14760,0.308872,1
14761,0.243165,0
14762,0.17753,0
14763,12.405983,0
14764,2.306136,1
14765,0.572675,0
14766,0.057727,0
14767,0.725429,0
14768,9.81007,0
14769,0.391054,0
14770,1.382763,0
14771,0.168265,0
14772,0.20865,0
14773,3.134146,1
14774,2.210742,0
14775,1.642004,0
14776,1.068421,1
14777,0.696089,0
14778,10.702497,0
14779,0.148503,0
14780,12.527954,0
14781,0.335783,0
14782,9.314238,0
14783,0.570634,0
14784,1.738571,0
14785,0.395421,0
14786,1.263092,0
14787,3.421827,0
14788,2.737415,1
14789,0.31221,0
14790,10.522453,1
14791,0.61098,0
14792,9.046319,0
14793,9.108085,0
14794,0.575132,0
14795,0.356809,0
14796,0.499347,0
14797,0.727669,0
14798,0.589189,0
14799,1.948867,0
14800,0.581557,0
14801,9.42165,1
14802,1.101355,1
14803,0.247906,0
14804,0.281491,0
14805,0.516487,1
14806,3.938396,0
14807,0.674236,0
14808,9.697517,0
14809,10.318355,0
14810,1.574008,0
14811,1.42762,0
14812,1.890576,0
14813,9.831079,0
14814,0.32456,0
14815,2.054874,0
14816,0.255854,0
14817,1.790159,0
14818,0.324048,0
14819,0.262878,0
14820,3.060919,1
14821,2.49699,0
14822,0.52217,0
14823,0.239115,0
14824,1.22568,0
14825,0.316416,0
14826,1.042156,0
14827,0.768366,0
14828,0.329561,0
14829,0.388486,1
14830,1.1144,0
14831,0.232186,0
14832,0.434377,0
14833,0.280193,0
14834,0.667854,0
14835,2.012354,0
14836,10.402586,1
14837,1.4113,0
14838,1.76481,0
14839,0.67319,0
14840,0.648889,0
14841,3.200511,0
14842,0.180431,0
14843,0.625711,0
14844,0.350547,0
14845,11.20755,0
14846,0.309156,0
14847,0.552495,0
14848,0.427265,0
14849,0.170383,0
14850,0.234686,0
14851,9.359971,0
14852,0.379457,0
14853,1.639019,0
14854,1.492781,0
14855,10.299866,0
14856,1.097882,1
14857,8.520473,0
14858,0.554599,0
14859,0.194214,0
14860,0.828827,0
14861,9.351551,0
14862,1.54831,1
14863,0.256033,0
14864,1.619629,0
14865,0.054232,0
14866,9.701601,0
14867,0.129382,0
14868,8.951475,0
14869,1.656487,1
14870,0.346188,0
14871,8.496814,0
14872,1.29914,0
14873,0.653803,0
14874,0.081113,0
14875,0.419488,0
14876,0.097499,0
14877,2.826367,0
14878,1.554179,0
14879,0.375661,0
14880,0.183504,0
14881,0.25932,0
14882,8.550248,0
14883,1.345407,0
14884,0.556777,0
14885,0.222467,0
14886,1.008976,0
14887,1.314359,0
14888,1.136627,0
14889,0.134333,0
14890,0.638116,0
14891,0.187916,0
14892,0.133671,0
14893,0.308398,0
14894,1.322607,1
14895,0.471617,0
14896,1.135783,0
14897,0.406962,0
14898,0.049649,0
14899,2.159413,0
14900,1.38396,0
14901,0.204135,0
14902,2.779431,0
14903,10.276658,0
14904,0.405714,0
14905,9.837738,0
14906,0.106414,0
14907,0.337532,0
14908,3.632771,1
14909,0.262032,0
14910,0.557738,1
14911,0.407685,0
14912,0.704223,0
14913,0.435251,0
14914,0.439206,0
14915,0.309205,0
14916,10.335832,0
14917,1.005338,0
14918,1.453603,0
14919,2.783257,1
14920,0.464132,0
14921,0.414977,0
14922,0.142415,0
14923,0.054996,0
14924,0.130438,0
14925,8.762748,0
14926,0.49706,0
14927,0.777631,0
14928,0.33812,0
14929,2.842543,1
14930,0.527903,0
14931,2.58162,1
14932,0.31158,0
14933,0.113342,0
14934,13.814083,1
14935,0.777206,0
14936,1.433704,0
14937,0.782954,0
14938,0.331601,0
14939,9.76769,0
14940,0.168757,0
14941,9.586143,0
14942,9.490804,1
14943,0.522434,0
14944,1.846966,0
14945,0.1773,0
14946,0.725214,0
14947,11.038879,0
14948,9.521428,0
14949,0.287319,0
14950,0.468804,0
14951,1.53178,0
14952,9.713202,0
14953,0.542354,0
14954,0.86112,0
14955,10.192848,1
14956,0.230322,0
14957,9.138,0
14958,0.245947,0
14959,0.339805,0
14960,1.940921,0
14961,0.30635,0
14962,0.33177,0
14963,0.641402,0
14964,0.514089,0
14965,0.462351,0
14966,0.464791,0
14967,0.631359,0
14968,0.672565,0
14969,9.114851,0
14970,0.610027,0
14971,0.519826,0
14972,1.195809,0
14973,0.097809,0
14974,0.116915,0
14975,0.25537,0
14976,1.64678,0
14977,0.059551,0
14978,0.535737,0
14979,0.504472,0
14980,0.198213,0
14981,0.786771,0
14982,0.584525,0
14983,10.324679,0
14984,0.40431,0
14985,0.462156,0
14986,0.233398,0
14987,9.143978,0
14988,0.547185,0
14989,0.928046,0
14990,0.988079,0
14991,0.278966,0
14992,8.532627,0
14993,1.493561,0
14994,9.88882,0
14995,1.853471,0
14996,0.491231,0
14997,0.396597,0
14998,9.927457,0
14999,0.440752,0
15000,9.51271,1
15001,0.346127,0
15002,9.99257,0
15003,3.789725,0
15004,4.201447,0
15005,10.28565,0
15006,0.388526,0
15007,0.491658,0
15008,1.090002,0
15009,0.589504,0
15010,0.730456,0
15011,10.923206,0
15012,0.855075,0
15013,0.535137,0
15014,2.110567,1
15015,0.411355,0
15016,0.419475,0
15017,0.360573,0
15018,0.080904,0
15019,2.177585,0
15020,1.604178,1
15021,1.673358,0
15022,0.845026,0
15023,10.995475,0
15024,0.553391,0
15025,1.743861,1
15026,0.195013,0
15027,0.461841,0
15028,9.499397,0
15029,0.207039,0
15030,2.460083,0
15031,0.886334,1
15032,0.311715,0
15033,1.385866,0
15034,0.626295,1
15035,0.971252,0
15036,1.316624,0
15037,0.688531,0
15038,0.6311,0
15039,0.396311,0
15040,9.249389,0
15041,0.218434,0
15042,0.452065,0
15043,0.233933,0
15044,9.999194,0
15045,0.619325,0
15046,2.383775,1
15047,1.294452,0
15048,8.038505,1
15049,9.199765,0
15050,0.592488,0
15051,1.248639,1
15052,1.769832,1
15053,0.66467,0
15054,1.331793,0
15055,0.310447,0
15056,0.225605,0
15057,0.518235,0
15058,10.374503,1
15059,1.625015,0
15060,10.403477,0
15061,0.208422,0
15062,8.747655,1
15063,9.331098,0
15064,0.113376,0
15065,2.469864,0
15066,9.075029,1
15067,0.726843,0
15068,1.2942,1
15069,0.354866,0
15070,0.414014,0
15071,1.287357,0
15072,10.436156,0
15073,1.491461,0
15074,9.547565,1
15075,10.001592,0
15076,0.216804,0
15077,0.869846,1
15078,0.427932,0
15079,8.420117,1
15080,12.176342,0
15081,0.793728,0
15082,0.477207,0
15083,0.355501,0
15084,1.760645,0
15085,9.680411,0
15086,3.482084,0
15087,0.487179,0
15088,2.581611,0
15089,1.757618,0
15090,1.293875,0
15091,1.672059,0
15092,0.762419,0
15093,0.719738,0
15094,0.453599,0
15095,0.785969,0
15096,4.011549,1
15097,0.575179,0
15098,0.294088,0
15099,3.046017,0
15100,0.194218,0
15101,0.334568,0
15102,1.302962,1
15103,0.398583,0
15104,0.841283,0
15105,0.137081,0
15106,0.23323,0
15107,1.541026,0
15108,1.443895,0
15109,9.613341,1
15110,0.626814,0
15111,10.856211,0
15112,0.43205,0
15113,3.232952,1
15114,0.452544,0
15115,0.174959,0
15116,0.201398,0
15117,0.617748,0
15118,3.134761,1
15119,10.610533,1
15120,0.361026,0
15121,0.962612,0
15122,9.137702,0
15123,0.663198,0
15124,0.190397,0
15125,10.915015,0
15126,0.364649,0
15127,0.175369,0
15128,0.223405,0
15129,0.062141,0
15130,1.674733,0
15131,0.639833,0
15132,0.450729,0
15133,8.809729,0
15134,4.454765,1
15135,9.33532,0
15136,0.508388,0
15137,0.927756,0
15138,0.418575,0
15139,0.322074,0
15140,0.532206,0
15141,3.863984,1
15142,1.057515,0
15143,3.784082,1
15144,0.490563,0
15145,0.321393,0
15146,10.07544,0
15147,0.612867,0
15148,9.547144,0
15149,1.111877,0
15150,0.493612,0
15151,12.511882,0
15152,0.465258,0
15153,0.853442,0
15154,12.677004,1
15155,0.660711,0
15156,10.198994,0
15157,0.555173,0
15158,0.418498,0
15159,0.149159,0
15160,0.759577,0
15161,2.402309,0
15162,1.853875,0
15163,0.303503,0
15164,10.933776,0
15165,0.242429,0
15166,0.893116,0
15167,8.834351,0
15168,9.94866,0
15169,3.972778,0
15170,0.485399,0
15171,0.064249,0
15172,9.768886,0
15173,0.355943,0
15174,9.440829,1
15175,1.201492,0
15176,0.944909,1
15177,0.337855,0
15178,0.451892,0
15179,1.06249,0
15180,0.395927,0
15181,0.499878,0
15182,10.369083,0
15183,8.208508,0
15184,9.321756,0
15185,1.417613,0
15186,2.949058,1
15187,0.250744,0
15188,0.585724,0
15189,10.448217,0
15190,1.456706,0
15191,10.832445,0
15192,0.748083,0
15193,0.461343,0
15194,1.494469,0
15195,0.426026,0
15196,0.219637,0
15197,0.308651,0
15198,0.889238,0
15199,9.979888,0
15200,12.714279,0
15201,11.005547,0
15202,0.224949,0
15203,4.934257,1
15204,3.236868,0
15205,0.181502,0
15206,0.741002,0
15207,9.451682,1
15208,0.241437,0
15209,0.211367,0
15210,1.604045,0
15211,9.491108,0
15212,0.043505,0
15213,1.45548,0
15214,0.510721,0
15215,2.180038,0
15216,10.661653,0
15217,11.31086,0
15218,2.663294,1
15219,1.547123,0
15220,0.532088,0
15221,10.183273,0
15222,1.736647,0
15223,2.006086,0
15224,0.22571,1
15225,1.908084,1
15226,1.038762,1
15227,0.193165,0
15228,9.428196,0
15229,10.635374,0
15230,0.440699,0
15231,0.253412,0
15232,2.467671,1
15233,9.681423,0
15234,0.258354,0
15235,9.914257,0
15236,1.005992,0
15237,0.390526,0
15238,1.832188,0
15239,0.37808,0
15240,9.774962,0
15241,0.256245,0
15242,0.14801,0
15243,0.213,0
15244,11.264858,1
15245,0.408523,0
15246,0.091897,0
15247,0.925858,0
15248,1.438522,0
15249,2.191483,0
15250,10.716885,0
15251,9.770814,0
15252,0.406459,0
15253,0.332112,0
15254,0.366727,0
15255,8.635285,0
15256,1.159196,0
15257,1.497268,0
15258,11.052853,0
15259,0.527761,0
15260,0.298275,0
15261,0.25526,0
15262,0.751715,0
15263,0.438266,0
15264,0.346464,0
15265,1.66125,0
15266,0.772232,0
15267,0.394618,0
15268,0.423093,0
15269,0.628139,0
15270,0.926572,0
15271,0.852058,0
15272,0.224502,0
15273,0.199292,0
15274,10.209629,0
15275,0.233624,0
15276,0.318705,0
15277,8.760247,1
15278,0.649438,0
15279,0.343692,0
15280,0.351788,0
15281,0.616771,0
15282,9.792064,1
15283,1.183063,0
15284,0.390357,0
15285,0.333833,0
15286,0.193779,0
15287,9.717859,0
15288,0.292303,0
15289,0.200077,0
15290,0.038963,0
15291,0.269167,0
15292,0.27429,0
15293,0.871794,0
15294,10.633522,0
15295,0.792303,0
15296,0.201414,0
15297,0.214692,0
15298,11.59372,0
15299,0.430709,0
15300,1.345118,0
15301,0.993528,0
15302,8.403815,0
15303,0.260386,0
15304,0.198555,0
15305,0.706017,0
15306,0.54938,0
15307,10.769197,0
15308,0.214947,0
15309,0.462098,0
15310,0.312951,0
15311,0.121888,0
15312,8.576583,0
15313,9.549608,1
15314,0.879692,0
15315,0.539681,0
15316,10.729319,0
15317,1.36849,1
15318,0.189303,0
15319,0.327597,0
15320,0.266203,0
15321,0.131748,0
15322,0.273609,0
15323,0.772823,0
15324,0.67239,0
15325,0.342797,0
15326,0.922033,0
15327,0.944491,0
15328,11.693428,0
15329,0.569114,0
15330,10.389329,0
15331,0.151454,0
15332,1.939242,0
15333,0.27925,0
15334,9.722807,1
15335,0.914776,0
15336,0.741783,0
15337,11.06261,0
15338,1.517609,0
15339,0.493957,0
15340,1.003026,1
15341,0.517162,0
15342,2.383583,1
15343,0.342125,0
15344,12.423775,1
15345,0.290326,0
15346,0.088031,0
15347,0.56767,0
15348,0.526812,0
15349,0.207116,0
15350,1.395415,0
15351,1.948593,0
15352,0.194737,0
15353,0.056321,0
15354,0.455218,0
15355,0.980836,1
15356,0.249006,0
15357,0.596732,0
15358,0.456699,0
15359,0.367132,0
15360,0.375088,0
15361,0.265462,0
15362,0.024632,0
15363,0.154483,0
15364,0.686581,0
15365,12.127135,0
15366,9.464097,0
15367,0.494375,0
15368,0.727426,0
15369,0.261185,0
15370,0.849119,0
15371,0.046224,0
15372,0.573796,0
15373,10.51915,0
15374,1.384836,0
15375,0.255195,0
15376,0.371491,0
15377,0.952056,0
15378,0.646142,0
15379,9.96602,0
15380,0.567249,0
15381,0.490231,0
15382,5.609457,1
15383,1.051702,1
15384,0.338933,0
15385,0.27212,0
15386,0.721986,0
15387,9.170763,0
15388,3.105517,1
15389,0.463758,0
15390,3.226619,0
15391,2.501611,0
15392,0.02829,0
15393,0.325107,0
15394,0.808765,0
15395,1.093804,0
15396,0.665745,0
15397,8.124118,0
15398,0.69799,0
15399,9.492816,0
15400,0.451857,0
15401,0.282312,0
15402,10.005111,1
15403,8.921876,0
15404,1.465882,0
15405,0.558058,0
15406,0.413458,0
15407,0.559587,0
15408,0.804581,0
15409,0.491541,0
15410,10.80066,0
15411,2.125521,0
15412,0.647487,0
15413,1.579465,1
15414,0.486909,0
15415,0.300102,0
15416,0.24881,0
15417,1.667285,0
15418,8.627786,0
15419,0.567998,0
15420,0.52925,0
15421,0.258665,0
15422,0.469967,0
15423,0.700436,0
15424,9.209212,0
15425,11.123478,0
15426,2.018553,1
15427,2.79549,0
15428,0.772065,0
15429,0.54961,0
15430,13.071506,0
15431,0.26686,0
15432,0.802813,0
15433,0.176175,0
15434,2.118462,0
15435,0.093498,0
15436,0.3415,0
15437,3.067069,0
15438,0.3671,0
15439,1.058921,0
15440,0.275775,0
15441,0.071033,0
15442,0.434031,0
15443,4.600724,0
15444,1.065727,0
15445,0.081992,0
15446,0.325857,0
15447,0.331167,0
15448,3.051191,0
15449,0.424615,0
15450,2.315744,0
15451,2.472564,1
15452,1.922898,0
15453,9.478114,0
15454,0.108615,0
15455,10.22904,1
15456,0.289917,0
15457,0.035164,0
15458,1.473159,0
15459,0.978565,0
15460,9.646126,0
15461,9.794241,0
15462,0.089304,0
15463,0.453657,0
15464,0.417585,0
15465,0.213014,0
15466,9.68882,0
15467,0.690909,0
15468,1.742809,0
15469,0.455963,0
15470,0.292785,0
15471,0.406529,0
15472,0.865226,0
15473,10.153215,0
15474,1.085122,0
15475,0.230717,0
15476,1.910136,0
15477,0.361317,0
15478,9.939629,0
15479,0.692961,0
15480,0.576294,0
15481,0.731096,0
15482,0.290559,0
15483,0.398894,0
15484,0.449504,0
15485,0.890689,0
15486,0.398404,0
15487,0.334187,0
15488,0.324182,0
15489,0.729648,0
15490,0.06327,0
15491,0.461877,0
15492,0.451458,0
15493,0.468198,0
15494,1.403286,0
15495,1.474955,0
15496,1.143275,1
15497,0.649553,0
15498,4.023567,0
15499,0.28384,0
15500,0.532546,0
15501,5.096474,0
15502,10.706978,0
15503,0.232325,0
15504,0.041222,0
15505,0.433016,1
15506,1.633061,0
15507,0.612259,0
15508,0.289799,0
15509,1.705349,0
15510,0.189272,0
15511,0.058869,0
15512,0.960021,0
15513,1.55238,1
15514,3.98096,0
15515,8.418527,0
15516,11.3428,0
15517,0.300974,0
15518,0.102503,0
15519,0.996929,0
15520,0.896154,1
15521,0.582175,0
15522,1.830598,0
15523,0.607166,0
15524,0.609508,0
15525,0.424697,0
15526,0.374295,0
15527,0.094216,0
15528,1.549764,0
15529,9.029483,0
15530,2.048283,0
15531,8.961725,0
15532,0.393298,0
15533,0.154835,0
15534,0.677004,0
15535,9.549578,0
15536,0.906126,0
15537,0.335138,0
15538,0.497889,0
15539,0.359302,0
15540,0.99883,0
15541,2.563731,1
15542,1.564782,0
15543,0.28797,0
15544,0.471141,0
15545,0.333083,0
15546,0.727006,0
15547,0.247479,0
15548,8.968912,1
15549,0.644058,0
15550,0.435798,0
15551,0.121022,0
15552,10.318569,1
15553,9.094398,1
15554,9.878677,0
15555,0.034594,0
15556,0.510562,0
15557,0.600463,0
15558,0.17461,0
15559,1.067843,0
15560,9.729516,1
15561,0.406244,0
15562,2.917426,0
15563,9.437198,0
15564,12.650454,1
15565,8.937286,0
15566,0.299529,0
15567,0.774919,0
15568,9.810975,0
15569,1.044582,0
15570,10.19355,0
15571,0.344673,0
15572,11.181738,0
15573,1.197933,0
15574,0.368082,0
15575,2.276114,0
15576,1.920862,0
15577,0.63938,0
15578,3.016984,1
15579,9.493999,0
15580,0.585606,0
15581,9.36067,0
15582,0.223515,0
15583,0.792469,1
15584,0.39275,0
15585,0.428221,0
15586,0.770457,0
15587,10.350047,0
15588,0.703379,0
15589,0.603088,0
15590,0.481092,0
15591,10.117826,1
15592,0.09326,0
15593,1.35556,0
15594,0.091549,0
15595,0.693912,0
15596,10.318175,0
15597,1.056954,1
15598,0.317843,0
15599,0.695948,0
15600,10.497703,0
15601,8.720873,0
15602,2.349608,1
15603,9.695786,0
15604,2.929363,1
15605,0.296189,0
15606,1.194847,0
15607,0.449952,0
15608,12.116906,0
15609,2.703124,0
15610,10.198882,0
15611,8.827847,0
15612,0.176343,0
15613,10.15684,0
15614,0.414961,0
15615,9.806916,0
15616,2.925915,0
15617,0.291851,0
15618,0.760077,0
15619,0.386903,0
15620,10.119792,1
15621,1.943762,0
15622,0.307734,0
15623,0.99163,0
15624,10.721028,0
15625,10.099747,0
15626,0.467524,0
15627,0.377564,0
15628,0.501507,0
15629,2.202829,0
15630,10.78584,1
15631,0.804347,0
15632,0.245226,0
15633,0.08628,0
15634,8.838261,1
15635,0.693921,0
15636,0.399867,0
15637,10.928982,0
15638,1.430987,0
15639,2.780365,0
15640,3.150998,1
15641,9.10347,0
15642,10.648628,0
15643,3.233211,1
15644,2.098916,0
15645,11.066082,0
15646,0.727155,0
15647,9.232713,1
15648,0.737564,0
15649,10.152283,0
15650,0.217204,0
15651,1.194077,0
15652,2.042396,0
15653,0.211673,0
15654,0.700461,0
15655,10.513172,1
15656,9.460242,1
15657,2.210501,0
15658,0.210675,0
15659,0.091468,0
15660,9.355375,0
15661,11.673623,1
15662,3.92847,1
15663,9.998989,0
15664,10.04058,1
15665,0.718658,0
15666,0.614844,0
15667,0.270134,0
15668,0.829245,0
15669,10.718608,0
15670,0.874235,0
15671,9.633054,1
15672,0.625037,0
15673,0.481806,0
15674,0.128762,0
15675,10.160316,0
15676,0.564,0
15677,0.299215,0
15678,0.339377,0
15679,0.077949,0
15680,0.122485,0
15681,9.677057,1
15682,0.190165,0
15683,0.452984,0
15684,9.12123,0
15685,0.549308,0
15686,2.261099,1
15687,2.621013,1
15688,10.146052,0
15689,0.2852,0
15690,0.410965,0
15691,0.25392,0
15692,0.328239,0
15693,0.180202,0
15694,9.636641,0
15695,10.605435,0
15696,9.800922,0
15697,0.754831,0
15698,2.77785,0
15699,2.057516,1
15700,0.863431,0
15701,0.31933,0
15702,0.527847,0
15703,0.936597,1
15704,0.086885,0
15705,1.004591,0
15706,0.158457,0
15707,0.140542,0
15708,0.745611,0
15709,0.071342,0
15710,1.513914,0
15711,10.735393,0
15712,0.106222,0
15713,0.434457,0
15714,0.625095,0
15715,8.720582,1
15716,0.045091,0
15717,0.323013,0
15718,11.685507,1
15719,1.566147,0
15720,2.536134,0
15721,0.200935,0
15722,9.679365,0
15723,9.442986,0
15724,0.301166,0
15725,1.404623,0
15726,0.336671,0
15727,4.265682,1
15728,0.775905,0
15729,0.405023,0
15730,0.494553,0
15731,0.80405,0
15732,3.011551,0
15733,0.421626,0
15734,1.747024,0
15735,8.817683,0
15736,1.700504,0
15737,11.919691,0
15738,0.999838,0
15739,0.473819,0
15740,0.219819,0
15741,0.300445,0
15742,0.907309,0
15743,0.412696,0
15744,0.502483,0
15745,1.013126,0
15746,0.191624,0
15747,0.934992,0
15748,0.287046,0
15749,0.207888,0
15750,0.449377,0
15751,0.522434,0
15752,0.447088,0
15753,3.078584,0
15754,0.166778,0
15755,0.401218,0
15756,0.116933,0
15757,0.699227,0
15758,0.244471,0
15759,0.720988,0
15760,0.325989,0
15761,0.669065,0
15762,0.394904,0
15763,1.392053,0
15764,1.371667,0
15765,0.373158,0
15766,1.999371,1
15767,0.218944,0
15768,0.634495,0
15769,0.521272,0
15770,9.662807,0
15771,0.193942,0
15772,9.69923,0
15773,0.324398,0
15774,0.174735,0
15775,0.272161,0
15776,1.56762,0
15777,9.228324,1
15778,0.607234,0
15779,0.08595,0
15780,0.780417,0
15781,0.341875,0
15782,0.837559,0
15783,0.753679,0
15784,1.069238,0
15785,0.169367,0
15786,9.121319,1
15787,0.064211,0
15788,0.253949,0
15789,2.318285,0
15790,4.773396,1
15791,0.984843,0
15792,9.961832,0
15793,0.344106,0
15794,0.429958,0
15795,10.245229,0
15796,0.464285,0
15797,0.314809,0
15798,0.731738,0
15799,9.944598,0
15800,0.288348,0
15801,0.273892,0
15802,0.407715,0
15803,1.10471,0
15804,9.075114,0
15805,0.377921,0
15806,0.059338,0
15807,0.600895,0
15808,0.376972,0
15809,9.902244,0
15810,2.700493,1
15811,0.520673,0
15812,0.422674,0
15813,0.241213,0
15814,0.586048,0
15815,0.367727,0
15816,11.801503,0
15817,12.290515,0
15818,0.185935,0
15819,9.059475,0
15820,10.332825,0
15821,9.231945,0
15822,0.270525,0
15823,0.401105,0
15824,0.50457,0
15825,0.844837,0
15826,1.282986,0
15827,9.863947,0
15828,0.955557,0
15829,0.908055,0
15830,0.743302,0
15831,0.713009,0
15832,10.831621,0
15833,2.222083,0
15834,0.087104,0
15835,9.258767,1
15836,1.122753,0
15837,11.652598,0
15838,0.336069,0
15839,0.345195,0
15840,1.662934,0
15841,1.630583,1
15842,0.284157,0
15843,0.231929,0
15844,2.427806,1
15845,2.297466,0
15846,1.745865,0
15847,1.273163,0
15848,0.443695,0
15849,0.958351,0
15850,10.185502,0
15851,0.447855,0
15852,0.258552,0
15853,0.890486,0
15854,0.60014,0
15855,0.475616,0
15856,0.26914,0
15857,0.410351,0
15858,0.549264,0
15859,0.718185,0
15860,0.079771,0
15861,8.912401,0
15862,0.404789,0
15863,0.304784,0
15864,0.291606,0
15865,0.513309,0
15866,0.718396,0
15867,0.168285,0
15868,2.601419,0
15869,9.932276,0
15870,0.21402,0
15871,11.250591,0
15872,12.241943,1
15873,0.499331,0
15874,0.232573,0
15875,0.521539,0
15876,0.236639,0
15877,0.443887,0
15878,9.939999,0
15879,0.469356,0
15880,1.7059,0
15881,3.087174,0
15882,1.098691,0
15883,0.912801,0
15884,9.52867,0
15885,1.183295,0
15886,0.54366,0
15887,9.96246,1
15888,0.389941,0
15889,0.103712,0
15890,0.203949,0
15891,2.01434,1
15892,9.428519,0
15893,9.96611,0
15894,0.679393,0
15895,0.066817,0
15896,0.907884,0
15897,9.923759,0
15898,2.706926,1
15899,0.641941,0
15900,0.178734,0
15901,10.237893,1
15902,1.309816,0
15903,0.31749,0
15904,0.325927,0
15905,9.811876,1
15906,9.394566,1
15907,0.155695,0
15908,0.108756,0
15909,9.541867,0
15910,3.336426,1
15911,0.170522,1
15912,0.17223,0
15913,0.643412,0
15914,10.204367,0
15915,1.060561,0
15916,0.913383,0
15917,0.022249,0
15918,0.346428,0
15919,0.637594,0
15920,0.506472,0
15921,9.313876,0
15922,10.861471,0
15923,9.412138,0
15924,0.27012,0
15925,11.091636,0
15926,0.647103,0
15927,8.586515,1
15928,1.781272,0
15929,9.437657,1
15930,0.335663,0
15931,0.521042,0
15932,0.165904,0
15933,9.637551,1
15934,1.619151,0
15935,1.85244,0
15936,2.375427,0
15937,0.589868,0
15938,0.250391,0
15939,9.437932,0
15940,2.984511,1
15941,1.850723,0
15942,0.119444,0
15943,3.206947,0
15944,0.75879,1
15945,0.316101,0
15946,9.627613,0
15947,12.514316,0
15948,5.291113,1
15949,9.686312,0
15950,2.983443,0
15951,0.614923,0
15952,0.237015,0
15953,1.733678,1
15954,0.307813,0
15955,0.437999,0
15956,0.353345,0
15957,10.154331,0
15958,1.129252,0
15959,9.766446,1
15960,0.44635,0
15961,9.984451,0
15962,1.832896,0
15963,1.63024,0
15964,0.977027,0
15965,0.211433,0
15966,9.090731,1
15967,0.437464,0
15968,0.146177,0
15969,0.778685,0
15970,0.108356,0
15971,0.397787,0
15972,0.220632,0
15973,2.461382,0
15974,8.830534,0
15975,1.450256,0
15976,0.484757,0
15977,1.096175,0
15978,10.574615,0
15979,0.134592,0
15980,0.824297,0
15981,0.453852,0
15982,10.183059,0
15983,0.514929,0
15984,0.785004,0
15985,1.696085,0
15986,0.266325,0
15987,0.410685,0
15988,0.33836,0
15989,2.919157,1
15990,0.696955,0
15991,0.460142,0
15992,0.171164,0
15993,0.266172,0
15994,0.087174,0
15995,0.487308,0
15996,2.326535,1
15997,0.297425,0
15998,0.313447,0
15999,12.493,0
16000,0.082436,0
16001,9.507581,0
16002,1.200555,0
16003,0.562195,0
16004,0.800353,0
16005,0.651916,0
16006,0.803253,0
16007,0.325981,0
16008,0.822209,0
16009,0.343808,0
16010,11.048509,1
16011,0.566594,0
16012,2.402504,0
16013,9.32661,0
16014,0.634099,0
16015,0.73253,0
16016,1.05989,1
16017,0.376048,0
16018,0.345375,0
16019,0.729369,0
16020,0.910486,0
16021,1.086805,0
16022,0.307575,0
16023,0.728717,0
16024,9.672315,0
16025,0.477309,0
16026,0.796449,0
16027,10.182176,0
16028,1.261397,0
16029,11.044303,0
16030,0.401014,0
16031,0.417873,0
16032,0.557452,0
16033,9.439038,0
16034,9.989202,0
16035,0.155356,0
16036,2.224796,0
16037,2.726971,1
16038,0.052945,0
16039,0.498345,0
16040,3.773068,0
16041,0.391632,0
16042,0.2758,0
16043,0.439711,0
16044,0.862137,0
16045,0.802581,0
16046,0.555256,1
16047,9.183372,0
16048,10.393598,0
16049,0.380723,0
16050,0.485708,0
16051,3.17314,0
16052,0.221157,0
16053,0.205405,0
16054,0.245023,0
16055,1.159033,0
16056,0.330147,0
16057,1.47246,0
16058,0.361406,0
16059,2.661976,0
16060,0.221331,0
16061,0.310987,0
16062,0.111633,0
16063,0.475426,0
16064,10.933031,0
16065,0.495541,0
16066,0.438676,0
16067,0.051656,0
16068,1.482431,0
16069,0.828877,0
16070,0.609273,0
16071,0.332963,0
16072,0.502534,1
16073,0.515627,0
16074,0.516013,0
16075,9.117762,0
16076,2.170289,0
16077,0.234627,0
16078,0.610761,0
16079,0.196604,0
16080,8.850086,0
16081,0.523173,0
16082,0.646889,0
16083,9.596447,0
16084,0.341369,0
16085,1.169102,0
16086,0.516412,0
16087,9.840098,0
16088,0.235772,0
16089,0.138038,0
16090,2.704335,0
16091,1.555442,0
16092,1.206958,0
16093,0.883225,0
16094,10.590668,0
16095,2.820323,0
16096,0.149628,0
16097,1.301233,0
16098,0.794631,0
16099,10.821313,0
16100,3.439043,1
16101,0.271263,0
16102,0.725058,0
16103,0.645658,0
16104,0.139601,0
16105,8.846647,0
16106,0.608466,0
16107,0.38294,0
16108,0.571023,0
16109,0.605577,0
16110,1.284763,0
16111,3.784157,0
16112,11.489086,0
16113,0.923565,0
16114,0.28843,0
16115,0.417976,0
16116,0.66323,0
16117,0.185548,0
16118,1.607656,0
16119,0.352306,0
16120,4.658857,0
16121,1.625421,0
16122,10.550033,0
16123,1.019728,0
16124,0.912341,0
16125,9.467516,0
16126,0.467862,0
16127,0.440185,0
16128,0.630936,0
16129,1.231492,0
16130,0.858699,0
16131,0.333844,0
16132,0.387477,0
16133,0.73239,1
16134,0.601679,0
16135,10.439898,0
16136,0.191265,0
16137,8.277466,0
16138,12.070739,0
16139,0.298614,0
16140,10.468982,0
16141,1.196917,0
16142,1.217424,0
16143,0.354188,0
16144,10.006397,0
16145,0.477705,0
16146,0.226765,0
16147,10.815484,0
16148,0.20923,0
16149,0.714441,0
16150,10.215287,0
16151,1.730174,0
16152,9.369456,0
16153,0.76641,1
16154,9.041167,0
16155,0.832815,0
16156,10.057382,0
16157,1.285287,1
16158,2.367941,0
16159,1.978441,0
16160,13.745969,0
16161,0.352881,0
16162,0.494257,0
16163,0.487082,0
16164,0.394495,0
16165,0.210572,0
16166,3.359236,0
16167,0.40806,0
16168,1.370025,1
16169,0.68804,0
16170,2.421639,0
16171,1.953825,0
16172,0.910907,0
16173,0.728237,1
16174,0.090979,0
16175,9.553612,1
16176,0.35195,0
16177,9.314658,0
16178,8.414272,0
16179,4.099087,1
16180,1.356806,1
16181,10.896577,0
16182,0.380498,0
16183,8.560761,0
16184,10.952007,0
16185,2.347474,1
16186,3.210812,0
16187,0.875555,0
16188,0.063823,0
16189,8.714764,0
16190,1.186291,0
16191,0.32536,0
16192,9.295808,0
16193,0.078181,0
16194,2.752877,1
16195,9.803043,0
16196,0.484861,0
16197,1.1241,0
16198,1.337598,0
16199,9.776493,0
16200,0.489524,0
16201,1.145056,0
16202,1.529788,0
16203,1.257904,0
16204,0.197755,0
16205,0.45235,0
16206,0.764834,0
16207,0.803178,0
16208,9.975059,0
16209,9.420795,1
16210,0.419589,0
16211,0.172219,0
16212,0.149731,0
16213,0.886362,0
16214,0.909911,0
16215,1.057428,1
16216,0.632633,0
16217,0.304879,0
16218,2.929149,0
16219,0.237725,0
16220,0.601599,0
16221,0.63109,0
16222,2.014935,0
16223,0.669896,0
16224,8.673986,0
16225,9.963079,0
16226,1.159318,0
16227,9.72124,0
16228,4.961945,1
16229,10.15389,0
16230,0.065346,0
16231,0.482026,0
16232,0.268787,0
16233,8.841759,0
16234,9.674003,0
16235,9.171735,0
16236,1.208935,0
16237,11.958354,0
16238,0.301564,0
16239,0.497068,0
16240,8.931375,0
16241,1.064777,0
16242,10.285349,0
16243,0.413084,0
16244,0.225354,0
16245,0.455675,0
16246,0.214015,0
16247,10.197445,1
16248,0.37295,0
16249,0.190331,0
16250,9.992903,0
16251,10.946656,0
16252,0.524321,0
16253,0.515955,0
16254,1.326249,0
16255,1.830629,0
16256,0.108228,1
16257,0.842506,0
16258,0.515741,0
16259,0.507213,0
16260,0.320512,0
16261,0.132029,0
16262,0.211923,0
16263,0.121455,0
16264,0.099095,0
16265,1.273254,0
16266,0.452963,0
16267,0.742684,0
16268,0.836265,0
16269,0.522727,0
16270,0.536565,0
16271,0.897066,0
16272,0.281278,0
16273,1.188289,1
16274,0.792532,0
16275,0.382258,0
16276,0.203059,0
16277,0.952369,0
16278,0.154008,0
16279,0.074334,0
16280,0.493229,0
16281,0.522081,0
16282,0.351152,0
16283,0.739639,0
16284,3.647081,0
16285,0.331646,0
16286,0.370501,0
16287,0.793273,0
16288,3.243511,1
16289,0.439257,0
16290,0.390122,0
16291,10.854472,0
16292,1.056639,0
16293,0.256372,0
16294,9.532831,1
16295,0.429131,0
16296,2.18589,0
16297,0.272983,0
16298,0.430223,0
16299,0.610285,0
16300,1.598121,0
16301,10.68933,0
16302,0.424172,0
16303,0.145412,0
16304,0.238451,0
16305,1.007337,0
16306,0.342922,0
16307,0.434073,0
16308,0.321887,0
16309,0.273139,0
16310,0.288182,0
16311,2.107623,0
16312,1.024431,0
16313,1.481812,0
16314,2.705545,1
16315,1.412843,0
16316,0.305613,0
16317,9.183376,0
16318,0.025328,0
16319,9.043344,0
16320,1.06562,0
16321,0.216329,0
16322,0.897716,0
16323,0.761085,0
16324,0.124755,0
16325,9.458479,0
16326,0.651905,0
16327,0.091845,0
16328,0.03155,0
16329,2.030226,1
16330,10.335332,0
16331,0.843794,1
16332,0.378578,0
16333,0.295403,0
16334,1.532959,0
16335,1.973349,0
16336,4.243451,1
16337,0.23983,0
16338,0.216593,0
16339,9.854008,0
16340,0.300493,0
16341,1.152572,0
16342,1.798961,0
16343,0.13367,0
16344,0.028075,0
16345,0.523148,0
16346,0.443379,0
16347,0.599389,0
16348,10.525836,0
16349,0.45553,0
16350,0.574291,0
16351,0.311063,0
16352,1.167042,0
16353,0.415592,0
16354,0.377406,0
16355,0.574695,0
16356,0.322641,0
16357,0.537525,0
16358,0.033778,0
16359,10.026379,0
16360,0.165779,0
16361,0.218021,0
16362,0.8647,0
16363,0.711365,0
16364,1.670087,0
16365,10.539903,0
16366,0.203678,0
16367,0.462338,0
16368,9.811395,0
16369,2.846081,0
16370,0.36156,0
16371,0.240672,0
16372,0.838084,0
16373,0.390281,0
16374,11.577446,0
16375,9.184801,0
16376,0.573504,0
16377,0.279856,0
16378,0.112011,0
16379,1.182291,0
16380,2.046934,0
16381,0.882873,0
16382,1.707123,0
16383,1.092936,0
16384,0.524978,0
16385,0.60331,0
16386,0.621046,0
16387,0.216448,0
16388,0.045653,0
16389,0.152491,0
16390,1.163407,0
16391,1.849771,0
16392,8.141513,0
16393,0.391075,0
16394,0.21675,0
16395,0.154776,0
16396,0.55004,0
16397,0.326753,0
16398,0.351483,0
16399,2.286104,0
16400,8.308839,0
16401,0.21141,0
16402,9.761688,0
16403,0.397588,0
16404,0.686189,1
16405,10.738404,0
16406,0.126796,0
16407,1.337593,0
16408,0.394426,0
16409,0.365951,0
16410,0.398684,0
16411,0.336681,0
16412,0.20181,0
16413,0.215592,0
16414,3.091836,1
16415,0.226817,0
16416,0.845846,0
16417,0.68164,0
16418,0.820742,0
16419,0.12473,0
16420,9.446956,0
16421,0.327879,0
16422,3.146154,1
16423,9.539069,1
16424,0.436549,0
16425,12.084982,0
16426,0.270843,0
16427,0.450927,0
16428,10.035252,0
16429,0.099106,0
16430,10.542359,0
16431,0.57784,0
16432,0.442297,0
16433,0.454786,0
16434,0.299738,0
16435,1.173702,1
16436,0.735755,0
16437,0.353173,0
16438,0.662784,0
16439,0.499907,0
16440,0.275935,0
16441,0.052088,0
16442,0.366379,0
16443,1.916953,0
16444,8.458677,0
16445,0.322595,0
16446,9.041471,0
16447,0.833432,0
16448,0.482601,1
16449,0.470376,0
16450,0.188395,0
16451,9.877522,0
16452,0.336945,0
16453,1.255639,0
16454,0.242203,0
16455,8.952299,0
16456,9.995687,0
16457,0.145918,0
16458,0.277052,0
16459,0.88633,1
16460,0.375956,0
16461,0.665478,0
16462,9.297243,0
16463,4.705141,1
16464,0.096457,0
16465,11.085292,0
16466,8.586358,1
16467,0.155941,0
16468,8.812553,0
16469,0.059106,0
16470,2.104799,1
16471,0.590829,0
16472,0.414052,0
16473,9.722363,1
16474,0.218732,0
16475,0.202073,0
16476,0.246813,0
16477,0.319169,0
16478,1.298659,0
16479,0.390108,0
16480,2.079617,0
16481,0.721847,0
16482,0.505328,0
16483,0.367267,0
16484,9.914929,0
16485,0.335831,0
16486,0.568202,0
16487,2.260305,1
16488,10.957722,1
16489,0.270802,0
16490,0.488803,0
16491,0.993409,0
16492,0.31066,0
16493,0.681975,0
16494,0.236845,0
16495,10.09637,0
16496,0.799346,0
16497,0.273335,0
16498,9.423903,0
16499,0.249715,0
16500,1.80626,0
16501,0.475808,0
16502,1.807788,0
16503,0.30183,0
16504,0.290698,0
16505,10.006416,0
16506,0.375529,0
16507,0.423289,0
16508,0.340021,0
16509,0.544689,0
16510,0.551927,0
16511,0.343018,0
16512,0.063586,0
16513,0.425636,0
16514,1.045495,0
16515,1.609024,0
16516,11.025497,0
16517,0.380658,0
16518,1.110244,0
16519,1.300646,0
16520,0.271761,0
16521,0.521505,0
16522,0.291092,0
16523,0.123541,0
16524,3.936137,0
16525,0.728874,0
16526,1.603581,1
16527,0.370508,1
16528,0.918434,0
16529,10.158159,0
16530,0.468499,0
16531,8.417771,0
16532,0.596527,0
16533,0.222723,0
16534,1.076625,0
16535,0.1984,0
16536,9.350891,1
16537,0.598291,0
16538,0.873457,0
16539,8.609921,0
16540,0.269776,0
16541,0.400612,0
16542,1.533716,0
16543,11.097496,0
16544,1.101658,0
16545,3.042161,0
16546,0.358692,0
16547,0.189448,1
16548,2.356627,0
16549,1.41317,0
16550,0.395702,0
16551,0.361633,0
16552,0.141336,0
16553,3.454767,0
16554,0.288974,0
16555,0.692616,0
16556,1.102177,0
16557,0.540513,0
16558,0.239076,0
16559,9.638353,0
16560,1.020931,0
16561,8.904119,0
16562,0.023744,0
16563,10.18434,0
16564,9.982381,0
16565,2.694109,1
16566,9.984187,0
16567,2.626209,0
16568,0.598624,0
16569,1.354453,0
16570,0.176051,0
16571,0.143511,0
16572,0.554302,0
16573,0.114673,0
16574,3.126572,0
16575,0.370579,0
16576,0.428725,0
16577,0.168257,0
16578,1.826179,0
16579,0.607013,0
16580,8.605178,0
16581,11.021969,1
16582,8.626282,0
16583,10.251849,0
16584,0.407528,0
16585,0.42499,0
16586,0.295777,0
16587,0.573244,0
16588,1.069239,0
16589,0.502403,1
16590,0.325504,0
16591,0.676802,0
16592,1.277501,0
16593,2.062985,0
16594,0.958342,0
16595,2.154031,0
16596,0.513914,0
16597,0.270795,0
16598,2.083115,1
16599,0.267111,0
16600,0.627688,0
16601,0.408105,0
16602,0.982126,0
16603,0.115449,0
16604,1.005191,0
16605,10.142262,0
16606,0.767814,0
16607,0.139489,0
16608,0.678172,0
16609,2.315301,0
16610,8.458068,0
16611,10.150042,0
16612,1.640201,1
16613,10.281318,0
16614,0.270477,0
16615,1.012536,0
16616,0.466505,0
16617,0.530413,0
16618,0.258797,0
16619,2.808236,1
16620,0.097443,0
16621,0.317733,0
16622,0.118778,0
16623,1.937941,0
16624,0.224051,0
16625,0.41598,1
16626,10.913218,0
16627,10.713863,0
16628,0.333109,0
16629,0.203191,0
16630,0.299461,0
16631,9.111742,0
16632,0.306988,0
16633,0.913535,1
16634,12.813019,0
16635,0.470296,0
16636,0.451873,0
16637,2.921943,0
16638,0.158014,0
16639,1.969592,1
16640,9.39075,0
16641,11.606506,0
16642,11.134393,0
16643,0.015068,0
16644,0.54762,0
16645,0.191657,0
16646,0.194933,0
16647,0.498996,0
16648,0.454985,0
16649,1.38801,0
16650,0.647877,0
16651,12.667977,0
16652,3.323769,0
16653,0.589049,0
16654,1.04581,1
16655,0.241713,0
16656,0.526849,0
16657,0.33843,0
16658,9.806441,0
16659,11.231715,0
16660,0.512446,0
16661,1.394529,0
16662,10.031498,0
16663,0.567413,0
16664,0.403152,0
16665,0.243318,0
16666,0.571864,0
16667,0.386709,0
16668,0.403619,0
16669,1.629646,0
16670,0.423128,0
16671,1.729994,0
16672,1.147772,0
16673,9.247566,0
16674,0.452411,0
16675,1.10635,0
16676,0.162936,0
16677,0.586378,0
16678,9.686406,0
16679,0.419679,0
16680,1.819666,0
16681,3.215159,0
16682,0.708809,0
16683,0.492089,0
16684,11.278272,0
16685,1.065276,0
16686,0.469282,0
16687,0.458984,0
16688,1.426358,0
16689,9.524574,0
16690,1.08796,0
16691,0.871437,0
16692,0.359497,0
16693,0.332567,0
16694,0.961171,0
16695,0.374075,0
16696,1.218891,0
16697,0.867081,0
16698,0.47403,0
16699,0.932842,1
16700,9.803241,0
16701,2.408732,0
16702,0.562175,0
16703,0.409831,0
16704,9.587998,0
16705,8.851732,1
16706,0.248744,0
16707,1.065978,0
16708,0.185734,0
16709,0.460175,0
16710,0.362378,0
16711,0.492464,0
16712,1.322688,0
16713,1.548015,0
16714,0.493937,0
16715,0.231865,0
16716,10.059432,0
16717,2.051342,0
16718,0.327589,0
16719,10.896863,0
16720,0.357319,0
16721,9.399444,0
16722,11.4267,0
16723,3.179639,0
16724,1.724146,0
16725,0.35111,0
16726,0.457014,0
16727,0.776246,0
16728,0.283581,0
16729,8.716742,0
16730,0.470777,0
16731,1.322947,0
16732,0.122647,0
16733,0.454704,0
16734,9.86246,0
16735,2.356487,0
16736,1.389256,0
16737,11.065378,1
16738,0.552686,0
16739,9.590902,0
16740,1.098711,0
16741,1.009953,0
16742,1.422428,0
16743,0.586335,0
16744,9.113663,0
16745,9.970191,0
16746,1.561516,1
16747,9.639141,0
16748,1.146782,0
16749,0.306796,0
16750,10.053753,1
16751,3.075956,0
16752,2.730409,0
16753,0.449723,0
16754,1.996666,0
16755,2.148849,1
16756,11.91922,0
16757,9.151649,0
16758,0.423875,0
16759,0.96182,0
16760,0.048997,0
16761,9.93197,0
16762,0.090983,0
16763,9.459071,0
16764,0.174245,0
16765,10.061109,0
16766,0.153155,0
16767,9.962341,0
16768,0.571085,0
16769,2.902781,1
16770,0.906659,0
16771,0.87914,0
16772,10.572876,0
16773,1.12066,0
16774,0.440729,0
16775,9.439528,0
16776,1.312225,0
16777,9.563191,0
16778,1.085128,0
16779,9.953046,0
16780,0.467137,0
16781,0.629517,0
16782,1.107769,0
16783,9.487756,0
16784,1.641608,0
16785,9.911684,1
16786,9.546313,1
16787,0.541468,0
16788,11.014302,0
16789,0.681085,0
16790,0.241225,0
16791,0.312789,0
16792,0.243848,0
16793,0.776729,0
16794,8.003438,1
16795,10.780499,0
16796,0.31347,0
16797,9.221579,0
16798,2.181128,1
16799,0.575836,0
16800,2.207499,1
16801,9.981449,0
16802,11.302267,0
16803,0.624233,0
16804,0.337294,0
16805,0.25608,0
16806,1.124727,0
16807,0.191914,0
16808,9.360276,1
16809,1.158915,0
16810,0.840872,0
16811,0.312912,1
16812,0.494316,0
16813,0.082844,0
16814,0.412338,0
16815,11.145365,0
16816,1.964097,0
16817,0.268179,0
16818,1.183808,0
16819,9.930601,0
16820,2.102474,0
16821,0.327719,0
16822,0.255465,0
16823,0.531372,0
16824,8.18576,1
16825,9.843395,0
16826,0.395675,0
16827,1.639302,0
16828,0.503024,0
16829,0.411619,0
16830,2.15375,0
16831,0.719746,0
16832,9.400496,1
16833,0.117441,0
16834,0.337196,0
16835,0.546375,0
16836,0.073375,0
16837,2.100887,0
16838,2.353506,1
16839,0.385094,0
16840,0.261624,0
16841,0.770792,0
16842,0.78919,0
16843,0.26734,0
16844,0.266331,0
16845,0.512567,0
16846,0.462764,0
16847,10.972671,0
16848,0.406722,0
16849,1.142767,0
16850,0.403914,0
16851,0.516265,0
16852,0.600365,0
16853,9.053464,0
16854,0.25472,0
16855,1.121579,0
16856,10.431776,0
16857,10.396625,0
16858,0.076265,0
16859,0.216547,0
16860,3.012819,0
16861,0.195242,0
16862,0.223367,0
16863,0.063369,0
16864,0.305941,0
16865,1.880663,1
16866,0.436976,0
16867,3.764008,0
16868,0.363587,0
16869,1.05318,0
16870,0.093195,0
16871,0.927116,1
16872,0.202863,0
16873,0.395061,0
16874,0.486513,0
16875,10.840636,0
16876,0.963276,0
16877,9.215463,0
16878,0.279302,0
16879,0.09781,0
16880,2.859959,1
16881,1.077066,0
16882,1.367037,0
16883,10.390668,0
16884,0.462922,0
16885,11.465143,0
16886,0.725105,0
16887,0.31856,0
16888,0.26498,0
16889,10.123384,0
16890,0.367849,0
16891,0.497117,0
16892,0.628556,0
16893,0.317833,0
16894,0.56974,0
16895,0.235669,0
16896,0.475936,0
16897,0.328663,0
16898,1.480366,0
16899,10.79623,0
16900,1.107419,0
16901,0.410107,0
16902,10.859235,0
16903,0.646145,0
16904,0.724433,0
16905,10.046596,1
16906,0.575522,0
16907,10.132266,0
16908,10.598217,0
16909,2.224898,0
16910,4.105235,1
16911,1.036034,0
16912,0.392443,0
16913,2.735941,0
16914,0.27477,0
16915,10.638882,0
16916,0.635693,0
16917,0.360602,0
16918,9.551292,0
16919,0.532496,0
16920,0.396154,0
16921,8.307164,0
16922,0.382097,0
16923,0.915587,0
16924,0.128761,0
16925,0.079474,1
16926,9.721366,0
16927,4.243416,1
16928,1.14942,1
16929,0.930418,0
16930,0.473473,0
16931,0.970323,0
16932,0.565485,0
16933,0.333745,0
16934,0.163275,0
16935,0.912515,0
16936,4.121819,0
16937,0.037357,0
16938,9.670899,0
16939,12.377299,0
16940,0.635523,0
16941,0.215671,0
16942,0.836868,0
16943,0.227649,0
16944,2.728348,0
16945,9.175534,0
16946,0.509554,0
16947,0.924859,0
16948,3.084254,1
16949,1.709789,0
16950,0.335017,0
16951,0.098281,0
16952,1.210714,1
16953,0.352553,0
16954,9.638515,1
16955,0.757726,0
16956,9.799685,0
16957,0.484907,1
16958,0.429487,0
16959,9.172982,1
16960,0.914604,0
16961,0.227455,0
16962,0.304033,0
16963,0.277231,0
16964,8.78686,0
16965,9.875769,0
16966,8.799925,0
16967,0.420423,0
16968,10.290919,0
16969,3.345833,1
16970,0.160919,0
16971,0.133712,0
16972,0.693856,0
16973,3.453343,0
16974,0.435828,0
16975,0.42903,0
16976,0.906994,0
16977,0.692118,0
16978,0.202791,0
16979,9.213797,1
16980,3.294816,0
16981,1.345274,0
16982,1.345892,0
16983,0.626763,0
16984,1.165889,0
16985,2.185187,0
16986,0.183343,0
16987,9.607088,0
16988,0.498118,0
16989,0.250655,0
16990,2.553397,0
16991,10.640296,0
16992,1.893496,0
16993,2.454116,0
16994,0.551396,0
16995,0.220099,0
16996,0.147543,0
16997,0.628231,0
16998,0.212534,0
16999,9.421049,0
17000,0.269481,0
17001,1.764264,0
17002,0.249643,0
17003,2.503138,0
17004,1.162793,0
17005,8.300107,0
17006,0.240544,0
17007,0.591852,0
17008,0.180316,0
17009,1.080578,0
17010,0.74691,0
17011,9.815849,0
17012,1.12709,0
17013,0.155437,0
17014,1.11519,0
17015,0.180766,0
17016,0.685839,0
17017,0.523741,0
17018,0.665546,0
17019,0.313111,0
17020,2.986442,0
17021,9.205429,0
17022,0.374691,0
17023,0.534158,0
17024,0.910243,0
17025,1.293185,0
17026,0.099516,0
17027,1.568456,0
17028,0.545984,0
17029,0.615252,0
17030,1.468889,0
17031,0.309654,0
17032,10.436414,0
17033,0.472133,0
17034,0.453964,0
17035,0.490925,0
17036,0.721948,0
17037,4.076807,0
17038,0.797271,0
17039,0.167764,0
17040,1.401742,0
17041,2.078916,0
17042,0.545649,0
17043,0.177385,0
17044,0.326662,0
17045,2.174983,0
17046,1.259336,0
17047,0.292899,0
17048,1.441504,0
17049,1.047722,1
17050,1.782428,1
17051,0.555218,0
17052,0.756597,0
17053,1.167604,1
17054,0.185296,0
17055,0.48183,1
17056,10.50844,0
17057,9.855887,0
17058,0.287504,0
17059,0.661411,0
17060,9.576246,0
17061,0.285979,0
17062,0.359691,0
17063,0.334336,0
17064,9.42804,0
17065,1.152292,0
17066,0.821779,0
17067,10.858759,0
17068,2.048785,0
17069,11.322668,0
17070,0.541457,0
17071,1.597001,0
17072,0.05616,0
17073,4.387887,1
17074,0.548497,0
17075,3.424031,1
17076,0.131301,0
17077,11.222679,1
17078,2.014972,0
17079,0.526222,1
17080,0.107563,0
17081,0.208399,0
17082,1.173373,0
17083,0.859842,0
17084,0.263065,0
17085,0.522687,0
17086,2.389766,1
17087,1.856443,0
17088,0.726777,0
17089,0.081905,0
17090,9.266121,0
17091,11.234827,0
17092,0.176266,0
17093,0.244649,0
17094,0.479386,0
17095,0.242816,0
17096,1.214472,0
17097,0.687601,1
17098,0.955788,0
17099,0.490049,0
17100,1.162917,0
17101,0.701984,0
17102,11.638877,0
17103,2.625482,1
17104,0.454105,0
17105,0.304073,1
17106,0.092253,0
17107,0.426211,0
17108,0.626756,0
17109,0.493309,0
17110,0.302905,0
17111,0.547687,0
17112,10.188855,0
17113,0.267212,0
17114,0.526304,0
17115,10.103087,0
17116,0.374703,0
17117,0.175856,0
17118,0.239636,0
17119,0.303182,0
17120,9.233939,0
17121,9.582113,0
17122,1.017902,0
17123,0.053032,0
17124,0.404235,0
17125,1.070931,0
17126,1.215806,0
17127,0.268214,0
17128,0.286832,0
17129,0.106825,0
17130,9.807086,0
17131,2.161192,0
17132,0.468889,0
17133,10.413819,1
17134,0.907422,0
17135,0.083098,0
17136,1.143313,0
17137,9.140122,0
17138,0.819613,0
17139,0.485515,0
17140,0.751634,0
17141,0.151865,0
17142,0.113462,0
17143,2.332731,0
17144,9.426983,0
17145,0.017858,0
17146,9.391798,0
17147,1.930968,0
17148,2.072136,0
17149,0.407973,0
17150,0.041699,0
17151,0.209092,0
17152,0.839864,0
17153,12.432782,0
17154,0.359408,0
17155,0.052782,0
17156,0.156984,0
17157,3.484553,1
17158,0.914751,0
17159,2.587243,0
17160,1.846372,0
17161,2.519,0
17162,9.828851,1
17163,2.037957,0
17164,0.484791,0
17165,9.783303,0
17166,0.663974,0
17167,0.170086,0
17168,1.652251,0
17169,0.892003,0
17170,10.085207,1
17171,0.046916,0
17172,0.34765,0
17173,10.020725,0
17174,0.532955,0
17175,0.38599,0
17176,0.380608,0
17177,0.266901,0
17178,0.676531,0
17179,0.156549,0
17180,1.061706,0
17181,0.278842,0
17182,3.529229,1
17183,10.049096,0
17184,0.043716,0
17185,9.441197,0
17186,10.762993,0
17187,0.328164,0
17188,0.464157,0
17189,0.602179,0
17190,0.911707,0
17191,1.197551,0
17192,0.513136,1
17193,10.619878,0
17194,1.58669,0
17195,0.703757,0
17196,10.661933,1
17197,1.755161,0
17198,0.987531,0
17199,0.331427,0
17200,0.421573,0
17201,0.067702,0
17202,0.442488,0
17203,0.328801,0
17204,0.216454,0
17205,11.889509,0
17206,0.535546,0
17207,0.332138,0
17208,1.999766,0
17209,0.423956,0
17210,0.030488,0
17211,0.215328,1
17212,0.320264,0
17213,0.352746,0
17214,0.47357,0
17215,0.690377,0
17216,0.392696,0
17217,0.306098,0
17218,0.152798,0
17219,2.18024,0
17220,10.080508,0
17221,3.263528,1
17222,1.760008,0
17223,0.067941,0
17224,14.627162,1
17225,1.327835,1
17226,9.391204,0
17227,0.32112,0
17228,10.873198,0
17229,9.147951,0
17230,0.975526,0
17231,0.23285,0
17232,0.155886,0
17233,0.42819,0
17234,0.167028,0
17235,0.47107,0
17236,0.292594,0
17237,0.70433,0
17238,0.886691,0
17239,0.409449,0
17240,0.445461,0
17241,0.410517,0
17242,0.569379,1
17243,2.202098,0
17244,0.276505,0
17245,0.314798,0
17246,1.001726,0
17247,0.194168,0
17248,0.206153,0
17249,0.133213,0
17250,0.457159,0
17251,0.134511,0
17252,0.337542,0
17253,2.881845,0
17254,9.314101,0
17255,0.93899,0
17256,0.595651,0
17257,2.123193,0
17258,0.618463,0
17259,0.084476,0
17260,0.953619,0
17261,0.106286,0
17262,0.385544,0
17263,0.123172,0
17264,0.390031,0
17265,0.309295,0
17266,1.095852,0
17267,0.3575,0
17268,0.431106,0
17269,0.2538,0
17270,0.285121,0
17271,1.323858,0
17272,0.335337,0
17273,0.154776,0
17274,2.948926,0
17275,0.630479,0
17276,0.725575,0
17277,0.070603,0
17278,0.273376,0
17279,0.4593,0
17280,10.264519,0
17281,0.281702,0
17282,0.186928,0
17283,0.444531,0
17284,0.227269,0
17285,0.262536,0
17286,4.733138,1
17287,0.33072,0
17288,1.285211,0
17289,0.078681,0
17290,0.370715,0
17291,0.443114,0
17292,0.05649,0
17293,0.248831,0
17294,2.054369,1
17295,9.096339,1
17296,1.095112,0
17297,0.403519,0
17298,0.101475,0
17299,0.231373,0
17300,0.952137,0
17301,2.483349,0
17302,0.90513,0
17303,2.302881,0
17304,0.148941,0
17305,9.06335,0
17306,0.360892,0
17307,1.68933,0
17308,0.631582,0
17309,9.435483,0
17310,10.167702,1
17311,0.642373,0
17312,1.16328,0
17313,1.695955,0
17314,0.384026,0
17315,0.064812,0
17316,2.045216,0
17317,0.54144,0
17318,10.25773,0
17319,0.316824,0
17320,10.220024,0
17321,2.778543,0
17322,10.086923,0
17323,0.237756,0
17324,1.349649,0
17325,1.186542,0
17326,1.018482,1
17327,0.188433,0
17328,5.504233,0
17329,0.439449,0
17330,0.313951,0
17331,3.103433,1
17332,0.176984,0
17333,0.604843,0
17334,1.268622,0
17335,9.847143,0
17336,0.358807,0
17337,0.55448,0
17338,0.594979,1
17339,0.254516,0
17340,0.252131,0
17341,0.96217,0
17342,0.203219,0
17343,10.549484,1
17344,8.80617,0
17345,0.173341,0
17346,2.075315,0
17347,0.607828,0
17348,1.175695,0
17349,0.676024,0
17350,1.175234,0
17351,1.942903,1
17352,0.73858,0
17353,9.806437,1
17354,0.205711,0
17355,2.242445,0
17356,0.514373,0
17357,0.460993,1
17358,0.046852,0
17359,0.702964,0
17360,0.840696,0
17361,11.668968,0
17362,0.413698,0
17363,0.084541,0
17364,0.404431,0
17365,0.99499,0
17366,0.443601,0
17367,10.472147,1
17368,3.566719,0
17369,0.463029,0
17370,14.401585,0
17371,0.329658,0
17372,11.066746,0
17373,1.952552,1
17374,0.751793,0
17375,0.296597,0
17376,0.26304,0
17377,0.481517,0
17378,0.233157,0
17379,0.844158,0
17380,0.378347,0
17381,1.588069,1
17382,12.305901,0
17383,0.772126,0
17384,10.21776,0
17385,8.487399,1
17386,9.807298,0
17387,0.388363,0
17388,0.533644,0
17389,0.712642,0
17390,0.322,0
17391,0.175894,0
17392,0.20163,0
17393,0.209621,0
17394,3.346132,1
17395,0.428234,0
17396,0.099208,0
17397,1.231488,0
17398,0.294852,0
17399,0.588129,0
17400,0.345063,0
17401,0.280882,0
17402,10.528594,0
17403,0.22532,0
17404,0.417459,0
17405,0.890464,0
17406,1.096971,0
17407,10.538532,0
17408,1.923241,0
17409,9.923983,0
17410,0.641006,0
17411,8.505623,0
17412,0.944911,0
17413,1.306628,0
17414,0.417667,0
17415,0.316687,0
17416,0.286318,0
17417,2.245909,0
17418,9.888371,1
17419,0.518318,0
17420,9.565042,0
17421,1.183485,1
17422,1.353688,0
17423,8.646804,0
17424,9.955862,1
17425,0.068236,0
17426,0.41414,0
17427,0.555167,0
17428,0.48559,0
17429,9.308872,1
17430,0.601776,0
17431,0.510634,0
17432,1.478693,0
17433,0.437768,0
17434,0.382608,0
17435,0.100227,0
17436,0.504973,0
17437,0.731261,0
17438,9.629402,1
17439,0.462478,0
17440,2.577735,0
17441,1.109043,0
17442,11.165165,0
17443,1.958152,0
17444,1.088034,0
17445,0.300606,0
17446,0.488384,0
17447,10.535118,0
17448,0.691621,0
17449,0.221891,0
17450,1.291223,0
17451,0.851504,0
17452,0.321693,0
17453,0.879355,0
17454,0.239653,0
17455,1.024576,0
17456,3.352944,1
17457,0.360513,0
17458,0.46154,0
17459,9.929291,0
17460,0.381431,0
17461,0.619845,0
17462,9.775847,0
17463,3.222743,0
17464,10.127798,0
17465,10.692919,0
17466,0.64368,0
17467,0.138484,0
17468,0.804984,0
17469,10.430984,0
17470,0.335537,0
17471,1.489387,0
17472,10.14777,0
17473,1.449273,1
17474,0.513809,0
17475,0.291789,0
17476,10.273179,0
17477,10.154386,0
17478,1.045909,0
17479,0.855763,0
17480,0.358551,0
17481,10.384624,0
17482,10.129154,0
17483,2.597997,1
17484,1.576291,1
17485,4.261512,0
17486,0.150863,0
17487,0.222813,0
17488,0.501722,0
17489,0.277004,0
17490,0.659115,0
17491,0.555068,0
17492,0.338478,0
17493,10.319218,1
17494,0.587532,0
17495,0.475179,0
17496,1.584221,0
17497,10.928308,0
17498,2.572844,0
17499,0.195197,0
17500,10.726379,0
17501,0.512368,0
17502,1.400572,0
17503,0.129997,0
17504,0.348581,0
17505,1.429459,0
17506,0.33788,0
17507,0.433792,0
17508,1.340988,0
17509,10.404965,0
17510,0.339469,0
17511,0.329314,0
17512,1.154772,0
17513,9.152299,0
17514,10.230168,0
17515,3.040002,0
17516,0.400997,0
17517,12.733948,0
17518,0.74774,0
17519,1.619942,0
17520,1.307757,0
17521,0.077951,0
17522,0.471095,0
17523,0.960776,0
17524,0.245386,1
17525,9.584651,0
17526,8.725494,0
17527,0.438357,0
17528,9.552938,1
17529,0.331059,0
17530,0.322832,0
17531,0.024496,0
17532,1.201319,0
17533,1.426887,1
17534,0.493684,0
17535,0.348168,0
17536,0.43898,0
17537,9.965075,0
17538,0.337775,0
17539,0.202294,0
17540,0.390954,0
17541,10.091793,0
17542,9.397188,0
17543,0.713314,0
17544,2.186393,0
17545,8.590528,0
17546,0.249375,0
17547,2.823042,0
17548,1.392213,0
17549,12.645736,0
17550,0.554972,0
17551,0.26915,0
17552,1.105819,0
17553,0.107396,0
17554,9.018385,0
17555,1.243302,0
17556,0.425319,0
17557,0.457729,0
17558,0.949294,0
17559,1.167989,1
17560,0.226463,0
17561,0.361827,0
17562,2.614065,1
17563,8.857167,0
17564,0.36361,0
17565,3.207735,1
17566,1.08825,0
17567,0.469236,0
17568,0.634137,0
17569,1.457972,1
17570,0.37165,0
17571,0.346811,0
17572,0.63466,0
17573,0.878683,0
17574,10.339842,0
17575,1.267197,0
17576,0.697376,0
17577,0.28298,0
17578,1.147745,1
17579,0.929877,0
17580,0.034823,0
17581,0.646577,0
17582,0.61924,0
17583,0.253162,0
17584,1.224565,0
17585,0.335898,1
17586,0.235588,0
17587,0.032149,0
17588,0.38346,0
17589,0.928298,0
17590,0.336877,0
17591,0.351489,0
17592,0.279611,0
17593,2.006303,1
17594,1.701932,1
17595,0.39369,0
17596,0.077316,0
17597,0.48443,0
17598,9.401018,1
17599,9.145934,0
17600,8.944788,0
17601,1.649932,0
17602,10.086263,0
17603,0.187337,0
17604,0.307643,0
17605,0.641567,0
17606,0.359308,0
17607,0.240855,0
17608,0.125612,0
17609,0.773525,0
17610,0.446933,0
17611,0.761553,0
17612,0.634932,0
17613,8.701923,0
17614,10.527387,0
17615,1.516545,0
17616,0.456189,0
17617,0.379471,0
17618,0.464081,1
17619,0.300688,0
17620,10.227047,0
17621,0.096545,0
17622,0.627447,0
17623,9.527097,0
17624,0.86032,0
17625,0.07236,0
17626,0.164168,0
17627,10.308985,0
17628,1.560596,0
17629,0.476445,0
17630,1.266106,0
17631,0.220198,0
17632,0.021378,0
17633,9.830527,1
17634,0.17545,0
17635,0.318364,0
17636,0.261467,0
17637,0.730795,0
17638,0.798809,0
17639,0.287593,0
17640,0.456983,0
17641,8.67158,0
17642,0.024806,0
17643,0.174778,0
17644,0.602311,0
17645,2.137271,0
17646,0.556193,0
17647,10.153524,0
17648,2.080193,0
17649,9.997225,0
17650,0.345369,0
17651,3.949425,1
17652,0.368124,0
17653,0.544853,0
17654,0.289035,0
17655,0.467865,0
17656,10.272486,0
17657,2.423441,0
17658,11.524019,0
17659,0.923927,0
17660,10.71076,0
17661,0.363426,0
17662,0.457671,0
17663,0.332402,0
17664,0.414076,0
17665,0.305545,0
17666,0.859027,0
17667,0.526778,0
17668,0.163514,0
17669,10.287542,0
17670,9.000507,1
17671,1.419396,0
17672,3.08804,1
17673,1.159554,0
17674,0.100923,0
17675,10.184297,0
17676,0.364638,0
17677,0.143523,0
17678,0.392289,0
17679,0.409929,0
17680,0.315874,0
17681,0.166791,0
17682,0.238418,0
17683,10.513278,0
17684,0.854676,0
17685,0.300945,0
17686,0.489309,0
17687,0.043572,0
17688,1.962475,0
17689,0.574922,0
17690,0.216892,0
17691,1.250069,1
17692,1.425011,0
17693,10.333594,0
17694,0.168438,0
17695,0.814437,0
17696,0.162303,0
17697,1.568592,0
17698,9.530546,0
17699,0.282345,0
17700,0.197815,0
17701,0.207586,0
17702,0.662677,0
17703,8.581162,0
17704,12.513926,1
17705,0.457236,0
17706,0.311869,0
17707,1.373848,0
17708,0.190245,0
17709,0.634642,0
17710,0.437511,0
17711,0.396829,0
17712,0.518855,0
17713,2.044681,0
17714,0.631692,0
17715,9.448533,0
17716,1.436096,0
17717,0.376215,0
17718,9.42489,0
17719,0.472328,0
17720,0.148266,0
17721,3.067108,0
17722,0.066712,0
17723,0.408363,0
17724,9.837913,0
17725,1.032958,1
17726,0.43133,0
17727,0.447555,0
17728,0.22838,0
17729,2.562143,0
17730,0.187711,0
17731,0.681518,0
17732,9.912319,0
17733,0.822938,0
17734,9.998494,0
17735,0.059375,0
17736,0.433489,0
17737,2.110879,0
17738,0.498683,0
17739,0.338737,0
17740,0.569444,0
17741,2.754006,1
17742,0.132517,0
17743,0.374979,0
17744,2.658472,0
17745,0.275193,0
17746,2.495501,0
17747,0.413162,0
17748,9.598483,0
17749,9.109578,0
17750,0.091903,0
17751,1.484781,0
17752,9.747903,0
17753,0.835153,0
17754,0.762906,0
17755,0.167976,0
17756,0.171035,0
17757,9.235271,1
17758,0.79601,0
17759,0.30556,0
17760,0.929914,0
17761,10.576077,0
17762,0.389004,0
17763,0.765358,0
17764,0.893756,0
17765,1.672176,0
17766,0.345427,0
17767,9.926011,0
17768,4.160089,1
17769,9.953967,0
17770,0.795647,1
17771,9.737611,1
17772,1.940706,0
17773,9.164312,0
17774,0.413645,0
17775,0.467751,0
17776,0.446087,0
17777,0.290859,0
17778,12.916804,0
17779,9.46545,0
17780,0.63747,0
17781,9.361816,0
17782,0.73102,0
17783,0.633627,0
17784,9.971774,0
17785,0.960946,0
17786,0.371524,0
17787,1.229681,0
17788,0.362616,0
17789,0.296044,0
17790,1.356633,0
17791,0.982316,1
17792,9.237713,1
17793,1.712665,0
17794,0.320523,0
17795,0.621785,1
17796,0.579381,0
17797,0.724386,0
17798,0.859381,1
17799,1.018285,0
17800,4.81743,1
17801,0.592832,0
17802,2.171965,0
17803,10.225574,0
17804,0.295515,0
17805,9.572987,0
17806,0.780398,0
17807,4.236248,1
17808,0.267031,0
17809,0.258072,0
17810,0.384872,0
17811,9.028324,0
17812,0.303628,0
17813,1.884403,1
17814,0.331031,0
17815,2.400984,0
17816,0.612892,0
17817,0.911996,0
17818,0.316936,0
17819,1.181569,0
17820,2.500935,0
17821,0.502956,0
17822,0.815594,0
17823,0.955225,1
17824,2.511055,1
17825,1.161646,0
17826,1.70718,0
17827,0.348224,0
17828,9.82839,0
17829,0.620297,0
17830,1.373711,0
17831,1.558773,0
17832,0.657357,0
17833,1.868697,1
17834,0.33636,0
17835,0.985235,0
17836,1.769768,1
17837,1.928193,0
17838,2.315057,0
17839,1.319294,0
17840,1.743821,1
17841,11.60041,1
17842,0.533786,0
17843,0.7605,0
17844,0.380384,0
17845,0.416076,0
17846,0.093512,0
17847,9.347417,0
17848,0.465528,0
17849,3.245376,0
17850,3.296226,0
17851,0.81346,0
17852,3.072799,1
17853,0.428054,0
17854,0.214238,0
17855,0.239017,0
17856,0.626829,0
17857,0.422414,0
17858,0.553954,0
17859,4.26513,0
17860,0.473595,0
17861,0.333786,0
17862,10.534291,1
17863,0.193566,0
17864,1.131021,0
17865,8.748225,0
17866,0.488868,0
17867,0.383218,0
17868,0.637908,0
17869,0.482464,0
17870,0.205996,0
17871,0.382595,0
17872,1.380658,0
17873,0.589596,0
17874,0.296507,0
17875,0.284902,0
17876,0.137138,0
17877,0.388775,0
17878,0.381418,0
17879,0.246991,0
17880,2.321684,0
17881,0.315884,0
17882,0.555425,0
17883,9.239309,0
17884,3.067159,0
17885,0.560922,0
17886,1.445726,0
17887,0.261405,0
17888,0.166426,0
17889,1.663479,1
17890,3.1698,0
17891,2.73523,0
17892,11.626353,0
17893,11.608073,0
17894,9.747215,0
17895,0.612067,0
17896,9.221169,1
17897,4.415123,1
17898,0.251864,0
17899,2.220455,0
17900,0.391314,0
17901,10.274864,0
17902,1.902536,0
17903,1.052293,0
17904,1.297265,0
17905,0.144266,0
17906,9.772468,0
17907,8.926982,0
17908,0.265167,0
17909,0.38908,0
17910,2.339284,0
17911,0.301626,0
17912,0.08374,0
17913,11.769764,0
17914,2.002682,1
17915,0.358822,0
17916,0.359244,0
17917,0.03115,0
17918,9.586751,0
17919,9.710055,0
17920,0.41567,0
17921,0.235842,0
17922,0.338116,0
17923,0.762705,0
17924,0.841579,0
17925,0.186135,0
17926,2.069065,0
17927,0.328545,0
17928,0.337901,0
17929,1.12054,0
17930,0.32331,0
17931,0.543044,0
17932,9.785717,0
17933,0.573644,1
17934,1.467327,1
17935,0.465992,0
17936,0.746402,0
17937,0.304834,0
17938,1.116521,0
17939,0.292467,0
17940,0.226793,0
17941,0.60905,0
17942,0.259351,1
17943,10.391667,0
17944,3.032994,0
17945,8.318849,1
17946,0.288837,0
17947,0.319512,0
17948,3.335902,1
17949,0.194197,0
17950,0.197123,0
17951,0.187433,0
17952,0.040161,0
17953,0.253017,0
17954,9.055208,0
17955,0.606283,0
17956,11.197515,0
17957,2.534423,0
17958,1.448748,1
17959,0.434515,0
17960,0.712167,0
17961,1.556683,0
17962,0.237611,0
17963,0.577436,0
17964,0.240508,0
17965,0.167306,0
17966,0.658223,0
17967,0.29963,0
17968,0.414351,0
17969,0.563457,0
17970,0.650427,0
17971,0.142644,0
17972,4.392138,1
17973,0.211666,0
17974,0.428366,0
17975,0.542908,0
17976,0.216844,0
17977,0.3492,0
17978,11.977968,1
17979,1.453378,0
17980,9.497932,0
17981,0.809269,1
17982,1.727747,0
17983,1.013857,0
17984,0.242997,0
17985,10.38456,0
17986,0.491416,0
17987,2.51267,0
17988,1.378902,0
17989,0.759745,0
17990,9.055235,0
17991,0.306107,0
17992,0.431346,0
17993,0.011459,0
17994,0.300849,0
17995,0.27655,0
17996,1.526875,1
17997,0.888575,0
17998,0.045081,0
17999,0.263526,0
18000,0.201323,0
18001,0.296312,0
18002,0.936432,0
18003,0.474296,0
18004,0.226707,0
18005,0.114637,0
18006,0.87593,0
18007,0.373826,0
18008,0.50493,0
18009,10.383651,0
18010,0.524577,0
18011,0.127976,0
18012,1.432053,0
18013,0.241556,0
18014,0.539222,0
18015,0.228887,0
18016,0.603109,0
18017,1.815433,1
18018,0.302528,0
18019,0.231544,0
18020,1.260553,0
18021,0.478909,0
18022,8.991491,0
18023,0.263129,0
18024,0.525374,0
18025,0.220077,0
18026,0.495516,0
18027,0.643385,1
18028,10.441299,0
18029,0.628794,0
18030,0.32229,0
18031,1.51994,0
18032,11.235478,1
18033,0.434054,0
18034,0.389229,0
18035,0.198047,0
18036,0.612046,0
18037,1.441907,1
18038,0.614205,1
18039,0.970044,0
18040,0.307162,0
18041,0.980476,0
18042,0.323196,0
18043,10.260435,0
18044,10.709645,0
18045,0.862907,0
18046,1.727123,0
18047,11.592801,0
18048,9.994194,0
18049,10.641134,0
18050,0.233213,0
18051,0.223218,0
18052,3.292446,1
18053,0.578439,0
18054,0.387059,0
18055,0.268338,0
18056,8.634113,1
18057,0.44787,0
18058,1.050132,0
18059,1.637741,0
18060,0.430393,0
18061,0.272858,0
18062,8.904745,0
18063,0.256497,0
18064,1.382925,0
18065,0.335229,0
18066,0.186975,0
18067,1.851356,0
18068,0.059116,0
18069,0.68815,0
18070,0.426314,0
18071,0.932452,0
18072,0.280207,0
18073,9.109127,0
18074,0.006497,0
18075,1.438097,0
18076,8.270229,0
18077,0.348403,0
18078,0.474481,0
18079,0.240429,0
18080,0.125147,0
18081,0.252672,0
18082,0.396268,0
18083,1.676539,0
18084,0.173208,0
18085,0.29639,0
18086,1.11532,0
18087,0.270975,0
18088,0.522739,0
18089,0.879456,0
18090,0.491767,0
18091,1.554054,0
18092,0.566807,0
18093,0.324847,0
18094,0.821223,0
18095,0.891521,0
18096,10.057354,1
18097,0.334105,0
18098,0.355277,0
18099,0.327456,0
18100,0.910592,0
18101,8.83342,1
18102,0.762226,0
18103,8.654199,1
18104,10.705808,0
18105,3.071097,1
18106,0.593931,0
18107,0.618982,0
18108,0.79999,1
18109,0.41727,0
18110,0.40078,0
18111,0.050372,0
18112,0.253909,0
18113,0.170712,0
18114,1.671767,1
18115,1.371666,1
18116,1.624207,0
18117,0.204261,0
18118,0.049863,0
18119,0.097074,0
18120,0.312683,0
18121,11.144807,0
18122,0.388607,0
18123,1.887247,0
18124,0.348089,0
18125,8.455298,0
18126,0.675144,0
18127,11.389816,0
18128,2.304114,1
18129,0.136326,0
18130,0.524343,0
18131,0.181775,0
18132,0.913074,0
18133,0.651535,0
18134,11.444098,0
18135,1.374621,0
18136,8.749447,1
18137,0.218909,0
18138,0.673755,0
18139,0.131935,0
18140,0.06961,0
18141,0.963621,0
18142,9.553542,0
18143,0.940416,0
18144,0.20457,0
18145,9.652989,0
18146,0.898417,0
18147,0.193506,0
18148,0.444049,0
18149,1.078127,0
18150,0.25635,0
18151,10.03168,1
18152,9.457779,0
18153,0.260126,0
18154,0.171545,0
18155,0.302941,0
18156,0.461497,0
18157,0.43534,0
18158,3.768894,0
18159,0.515442,0
18160,1.091706,0
18161,10.363451,0
18162,10.327572,0
18163,0.151793,0
18164,9.349422,1
18165,0.354333,0
18166,0.682475,0
18167,0.191542,0
18168,0.48838,0
18169,0.550259,0
18170,9.297069,0
18171,0.467135,0
18172,0.510502,0
18173,0.389921,0
18174,0.132307,0
18175,10.345717,1
18176,9.782543,0
18177,2.080685,0
18178,1.398868,0
18179,1.391624,0
18180,0.262941,0
18181,9.186811,0
18182,0.364629,0
18183,0.361887,0
18184,0.45147,0
18185,0.16738,1
18186,1.027815,0
18187,9.728716,0
18188,0.48349,0
18189,0.176875,0
18190,0.176528,0
18191,11.603949,0
18192,1.71673,1
18193,0.446507,0
18194,0.12871,0
18195,3.209768,1
18196,0.737557,0
18197,0.174546,0
18198,12.13693,1
18199,0.152734,0
18200,0.418169,0
18201,0.26947,0
18202,1.177489,0
18203,0.188199,0
18204,0.117193,0
18205,0.342266,0
18206,1.414976,0
18207,0.93817,0
18208,8.830098,0
18209,1.037974,0
18210,0.187316,0
18211,9.219386,1
18212,0.40396,0
18213,0.53663,0
18214,0.399814,0
18215,9.824481,0
18216,0.281011,0
18217,1.128968,0
18218,0.821749,0
18219,2.337909,1
18220,0.025175,0
18221,0.203089,0
18222,8.318363,0
18223,0.456221,0
18224,2.510563,0
18225,10.235503,0
18226,11.443182,1
18227,0.360509,0
18228,0.459135,0
18229,0.859238,0
18230,8.747065,0
18231,0.389156,0
18232,0.660872,0
18233,0.835858,0
18234,9.466589,0
18235,8.725835,0
18236,1.141513,0
18237,0.696059,0
18238,0.412747,0
18239,10.230742,0
18240,0.337176,0
18241,10.125483,0
18242,0.420039,0
18243,0.359148,0
18244,0.243707,0
18245,9.693621,0
18246,0.221789,0
18247,0.449507,0
18248,0.196423,0
18249,0.672198,0
18250,0.468142,0
18251,0.712725,0
18252,9.195498,1
18253,0.296256,0
18254,2.367107,0
18255,0.21759,0
18256,0.930991,0
18257,0.551347,0
18258,0.297147,0
18259,10.759793,0
18260,0.180204,0
18261,1.340096,0
18262,9.31919,0
18263,0.441349,0
18264,0.278313,0
18265,0.720766,0
18266,0.623238,0
18267,9.812927,0
18268,0.663799,0
18269,0.554361,0
18270,1.090235,0
18271,0.319603,0
18272,0.287758,0
18273,0.337729,0
18274,0.276995,0
18275,0.238256,0
18276,9.979636,0
18277,0.529477,0
18278,0.393032,0
18279,0.05874,0
18280,0.310245,0
18281,0.224644,0
18282,2.083342,0
18283,1.64303,0
18284,1.481614,0
18285,0.655476,0
18286,0.293316,0
18287,10.544947,0
18288,0.353009,0
18289,2.464771,1
18290,0.24996,0
18291,9.640938,0
18292,0.491161,0
18293,0.445658,0
18294,1.445005,0
18295,0.801136,0
18296,11.368127,0
18297,0.370933,0
18298,10.252724,0
18299,0.412018,0
18300,0.168062,0
18301,1.038735,0
18302,11.317269,1
18303,0.258477,0
18304,0.409944,0
18305,0.398667,0
18306,0.492947,0
18307,10.324507,0
18308,0.651066,0
18309,0.433104,0
18310,9.104478,0
18311,0.804952,0
18312,0.34498,0
18313,0.413858,0
18314,0.167492,0
18315,9.534925,0
18316,0.279336,0
18317,0.328747,0
18318,6.01259,1
18319,4.362713,0
18320,10.050273,0
18321,0.707437,0
18322,2.26787,0
18323,8.254601,0
18324,1.385393,0
18325,0.24897,0
18326,0.465336,0
18327,0.584029,0
18328,0.672629,0
18329,10.053382,0
18330,0.592482,0
18331,0.388322,0
18332,0.429739,0
18333,0.345182,0
18334,0.523901,0
18335,1.757548,0
18336,0.273305,0
18337,0.778755,0
18338,0.259544,0
18339,0.560587,0
18340,2.754032,0
18341,0.325855,0
18342,10.47074,1
18343,0.233436,0
18344,4.664567,1
18345,2.359509,0
18346,2.492425,0
18347,0.347903,0
18348,0.539669,0
18349,9.786732,0
18350,0.825652,0
18351,1.593933,0
18352,1.218259,0
18353,1.758962,0
18354,0.130947,0
18355,0.663729,0
18356,2.95678,1
18357,0.396145,0
18358,9.731133,1
18359,0.080751,0
18360,0.515761,0
18361,10.042934,0
18362,0.655982,0
18363,0.46058,0
18364,9.87721,0
18365,11.354318,0
18366,1.02092,0
18367,9.424974,0
18368,0.298208,0
18369,0.079049,0
18370,0.550862,0
18371,0.206537,0
18372,10.383045,0
18373,10.149175,0
18374,0.390836,0
18375,0.442615,0
18376,0.307821,0
18377,1.1964,1
18378,0.279472,0
18379,0.560926,0
18380,0.862036,1
18381,0.739793,0
18382,0.257389,0
18383,1.641502,0
18384,0.501549,0
18385,10.889956,0
18386,0.250632,0
18387,2.413407,0
18388,0.309629,0
18389,1.241719,1
18390,0.138689,0
18391,0.23321,0
18392,0.72912,0
18393,0.80432,0
18394,0.448985,0
18395,8.548491,1
18396,9.583382,1
18397,9.768778,1
18398,0.687412,0
18399,0.210195,0
18400,1.025834,0
18401,0.750215,0
18402,9.252921,0
18403,0.5667,0
18404,8.801419,0
18405,0.290263,0
18406,0.575342,0
18407,1.482776,0
18408,0.918633,0
18409,0.481945,0
18410,0.713111,0
18411,9.075304,0
18412,2.553945,1
18413,0.446103,0
18414,0.425383,0
18415,0.304831,0
18416,0.600258,0
18417,3.086072,0
18418,10.688043,0
18419,8.568318,1
18420,9.356971,0
18421,0.369987,0
18422,2.939716,1
18423,4.868191,0
18424,0.317612,0
18425,0.955982,0
18426,0.701255,0
18427,1.380388,0
18428,0.273667,0
18429,0.208509,0
18430,0.089234,0
18431,8.999192,0
18432,0.050083,0
18433,0.261263,0
18434,9.969215,0
18435,0.053204,0
18436,0.996422,0
18437,0.206402,0
18438,0.426289,0
18439,9.884684,0
18440,3.997167,1
18441,0.736754,0
18442,0.889755,0
18443,1.05177,0
18444,0.141617,0
18445,0.49313,0
18446,1.72568,0
18447,0.567174,0
18448,10.774218,0
18449,0.358344,0
18450,0.70287,0
18451,9.381793,0
18452,0.307018,0
18453,0.555404,0
18454,0.278933,0
18455,0.387528,0
18456,2.082112,1
18457,0.504799,0
18458,0.556815,0
18459,8.369142,1
18460,0.442,0
18461,0.144391,0
18462,0.291137,0
18463,3.151386,1
18464,0.230386,0
18465,2.442634,0
18466,9.799312,0
18467,9.495368,0
18468,0.801632,0
18469,0.619208,0
18470,0.817225,0
18471,1.280568,0
18472,0.280204,0
18473,0.931961,0
18474,0.070755,0
18475,12.260066,0
18476,9.979268,0
18477,0.318928,0
18478,0.332328,0
18479,1.191585,0
18480,3.170149,0
18481,0.450721,0
18482,0.817684,0
18483,0.3563,0
18484,4.69291,1
18485,0.346066,0
18486,9.971195,0
18487,2.051652,0
18488,10.687238,0
18489,0.224344,0
18490,0.309417,0
18491,11.010436,0
18492,0.385177,1
18493,10.507042,0
18494,9.565081,0
18495,0.192092,0
18496,1.063757,0
18497,0.148455,0
18498,0.343136,0
18499,0.230543,0
18500,5.684556,1
18501,0.729172,0
18502,1.309625,0
18503,0.121386,0
18504,0.765114,0
18505,7.909155,0
18506,6.757293,1
18507,0.538581,0
18508,0.32467,0
18509,0.531931,0
18510,0.333369,0
18511,2.528413,1
18512,10.708482,1
18513,0.104332,0
18514,11.602672,0
18515,0.499071,0
18516,0.428443,0
18517,2.269286,0
18518,1.197957,0
18519,0.264358,0
18520,9.338609,0
18521,0.697515,0
18522,0.083237,0
18523,2.195528,0
18524,0.650336,0
18525,0.514044,0
18526,0.456467,0
18527,0.316034,0
18528,0.303256,0
18529,0.140884,0
18530,0.372937,0
18531,0.334905,0
18532,2.561577,0
18533,0.898417,0
18534,0.506,0
18535,0.962044,0
18536,0.99802,0
18537,0.238093,0
18538,0.491703,0
18539,0.787615,0
18540,4.30765,1
18541,0.397866,0
18542,10.087584,0
18543,0.343592,0
18544,9.639298,0
18545,1.666102,0
18546,2.691838,1
18547,0.728224,0
18548,0.319596,0
18549,1.835309,0
18550,0.56301,0
18551,0.243102,0
18552,1.995236,0
18553,0.099847,0
18554,0.51131,0
18555,0.501362,0
18556,0.720025,0
18557,1.025041,0
18558,0.997412,0
18559,1.155813,0
18560,0.450324,0
18561,1.471901,0
18562,0.281972,0
18563,2.585599,0
18564,0.564063,0
18565,1.333049,0
18566,0.747534,0
18567,3.83719,0
18568,0.394482,0
18569,1.781901,1
18570,9.992608,0
18571,0.962715,0
18572,1.176273,1
18573,9.978104,0
18574,3.749727,0
18575,10.784261,1
18576,9.86121,0
18577,1.343558,0
18578,9.695879,0
18579,0.203583,0
18580,1.017449,0
18581,0.34792,0
18582,0.876827,1
18583,0.67766,0
18584,11.310534,0
18585,0.438858,0
18586,0.422831,0
18587,0.456124,0
18588,9.630894,0
18589,10.677611,0
18590,0.613568,0
18591,10.105484,0
18592,9.086257,0
18593,10.378639,1
18594,0.093014,0
18595,8.66077,0
18596,0.719938,0
18597,0.281952,0
18598,8.94149,0
18599,0.577325,0
18600,0.472643,0
18601,2.025277,0
18602,11.099648,0
18603,1.045853,0
18604,0.27176,0
18605,9.929831,1
18606,0.048415,0
18607,0.428182,0
18608,1.365731,0
18609,1.527378,0
18610,2.6854,1
18611,0.596222,0
18612,1.66555,0
18613,0.207334,0
18614,3.527929,1
18615,2.117522,1
18616,8.858695,0
18617,0.093065,0
18618,0.877079,0
18619,1.819283,0
18620,1.51949,0
18621,1.024091,0
18622,0.666876,0
18623,1.584412,0
18624,0.608986,0
18625,0.596647,0
18626,10.235927,0
18627,9.756332,0
18628,0.314411,0
18629,0.196643,0
18630,1.25008,0
18631,1.492994,0
18632,0.257713,0
18633,0.241363,0
18634,9.529325,1
18635,0.245922,0
18636,0.121363,0
18637,0.732124,0
18638,0.262467,0
18639,0.457746,0
18640,0.529141,0
18641,0.600544,0
18642,12.365952,0
18643,9.964407,1
18644,0.802164,0
18645,1.133146,1
18646,0.175828,0
18647,1.88642,0
18648,8.835723,0
18649,3.744015,0
18650,1.195346,0
18651,0.266509,0
18652,9.450484,0
18653,0.275153,0
18654,0.594434,0
18655,0.137338,0
18656,0.580993,0
18657,0.828133,0
18658,10.614607,0
18659,0.720529,0
18660,0.467194,0
18661,0.303215,1
18662,0.868851,0
18663,0.10443,0
18664,0.485175,0
18665,0.622336,0
18666,5.066171,0
18667,2.396415,0
18668,0.159993,0
18669,10.031425,0
18670,2.627479,0
18671,9.489136,1
18672,1.322121,0
18673,9.568042,1
18674,0.339225,0
18675,0.340936,0
18676,10.972446,0
18677,0.237826,0
18678,10.76518,0
18679,10.410909,0
18680,10.81827,0
18681,0.07043,0
18682,0.018385,0
18683,0.785267,0
18684,0.767224,0
18685,1.546347,0
18686,1.563828,1
18687,0.445488,0
18688,9.32085,1
18689,10.521911,0
18690,0.255657,0
18691,0.874378,0
18692,11.458304,0
18693,0.286795,0
18694,8.504743,0
18695,0.761578,0
18696,0.755947,0
18697,0.273194,0
18698,2.39159,0
18699,0.365854,0
18700,0.124784,0
18701,0.33867,0
18702,0.339056,0
18703,2.005923,0
18704,0.626203,0
18705,1.148044,0
18706,1.393126,0
18707,0.552173,0
18708,0.461494,0
18709,1.663222,1
18710,0.363922,0
18711,1.290464,0
18712,0.192352,0
18713,0.562178,0
18714,0.415865,0
18715,0.145161,0
18716,0.886702,0
18717,0.377237,0
18718,10.397207,1
18719,0.478538,0
18720,0.482837,0
18721,0.39843,0
18722,0.45966,0
18723,0.113574,0
18724,0.416014,0
18725,0.551514,0
18726,0.922702,0
18727,0.511461,0
18728,0.573003,0
18729,1.047882,0
18730,3.113693,0
18731,0.477126,0
18732,0.257516,0
18733,0.747547,0
18734,9.081783,0
18735,3.111129,1
18736,0.333349,0
18737,8.977344,0
18738,10.806531,0
18739,0.244675,0
18740,0.308773,0
18741,10.397028,1
18742,1.92422,1
18743,0.792217,0
18744,0.702903,0
18745,1.072432,0
18746,9.976818,0
18747,10.856292,1
18748,0.384443,0
18749,0.469823,0
18750,9.655749,0
18751,11.070879,0
18752,0.946286,0
18753,0.489985,0
18754,10.605767,0
18755,10.832277,0
18756,9.450494,0
18757,0.045796,0
18758,0.395851,0
18759,0.220964,0
18760,8.351168,1
18761,0.254542,0
18762,0.801676,0
18763,0.920461,0
18764,0.583137,0
18765,0.081445,0
18766,0.677587,0
18767,0.589139,0
18768,0.128184,0
18769,0.643851,0
18770,0.94598,0
18771,0.236168,0
18772,0.573451,0
18773,0.437224,0
18774,0.833736,0
18775,9.844688,0
18776,0.901926,0
18777,0.595025,0
18778,8.45711,0
18779,0.598279,0
18780,9.185978,1
18781,0.336365,0
18782,0.557427,0
18783,1.492286,0
18784,0.364981,1
18785,0.827665,0
18786,1.764952,1
18787,2.668155,1
18788,0.324672,0
18789,2.744347,1
18790,0.14146,1
18791,0.376378,0
18792,3.058698,1
18793,4.079938,1
18794,1.134555,1
18795,0.387839,0
18796,10.244427,0
18797,9.60241,0
18798,3.171981,1
18799,10.92933,0
18800,0.167431,0
18801,0.143207,0
18802,0.758927,0
18803,0.2511,0
18804,1.158619,0
18805,0.414137,0
18806,0.96805,0
18807,1.105241,0
18808,0.347508,0
18809,1.57563,0
18810,1.935417,0
18811,9.323084,1
18812,1.875382,0
18813,1.721204,0
18814,0.641342,0
18815,0.269618,0
18816,0.327956,0
18817,10.212348,0
18818,0.066112,0
18819,2.421175,1
18820,9.773299,0
18821,11.132987,0
18822,0.656929,0
18823,1.651965,0
18824,2.472344,1
18825,0.231271,0
18826,0.17827,0
18827,0.296109,0
18828,0.366159,0
18829,0.69156,0
18830,0.289702,0
18831,0.431777,0
18832,0.361324,0
18833,0.330584,0
18834,2.024204,0
18835,0.689211,0
18836,9.574968,1
18837,0.366777,0
18838,2.674845,0
18839,0.328515,0
18840,1.531579,1
18841,0.898402,0
18842,1.396136,1
18843,3.202305,1
18844,0.288247,0
18845,1.697304,0
18846,0.882984,0
18847,0.022925,0
18848,9.266052,0
18849,8.821331,0
18850,0.159644,0
18851,9.835122,0
18852,1.570323,0
18853,9.85793,0
18854,0.099572,0
18855,0.854392,0
18856,1.029203,0
18857,0.365571,0
18858,0.135081,0
18859,0.043376,0
18860,0.35755,0
18861,0.818532,0
18862,4.107692,0
18863,2.091739,0
18864,0.987906,0
18865,0.184088,0
18866,0.725035,0
18867,0.791459,0
18868,0.298999,0
18869,0.556942,0
18870,0.407159,0
18871,0.345533,0
18872,0.295512,0
18873,0.285992,0
18874,1.0492,0
18875,10.043735,0
18876,10.422713,0
18877,0.462655,0
18878,2.746606,0
18879,0.375731,0
18880,9.51731,0
18881,0.024012,0
18882,2.410148,1
18883,0.188723,0
18884,0.395849,0
18885,2.950085,1
18886,0.87081,1
18887,0.669199,0
18888,0.153999,0
18889,0.245877,0
18890,8.624306,0
18891,0.139004,0
18892,2.116084,0
18893,0.198626,0
18894,9.600057,0
18895,3.178506,1
18896,0.699272,0
18897,0.400211,0
18898,10.161614,0
18899,0.361714,1
18900,11.977386,0
18901,9.651869,0
18902,2.940294,0
18903,9.840702,0
18904,1.771571,0
18905,0.874808,0
18906,0.055798,0
18907,0.197091,0
18908,0.549335,1
18909,0.268757,0
18910,0.46034,0
18911,1.370094,0
18912,3.744374,1
18913,11.760703,0
18914,0.964777,0
18915,0.352726,0
18916,0.504866,0
18917,0.831795,0
18918,0.254006,0
18919,1.158475,0
18920,1.738886,1
18921,9.164723,0
18922,0.335057,0
18923,2.209665,0
18924,0.18893,0
18925,1.475686,0
18926,8.914483,0
18927,2.016369,0
18928,2.03219,0
18929,1.906445,0
18930,0.948106,0
18931,0.94713,0
18932,0.332572,0
18933,0.451792,0
18934,9.976931,0
18935,0.359052,0
18936,0.725813,0
18937,1.732329,1
18938,0.285188,0
18939,0.516415,0
18940,0.418256,0
18941,0.324425,0
18942,0.146322,0
18943,8.702832,1
18944,0.032992,0
18945,1.226846,0
18946,0.194805,0
18947,2.977676,0
18948,0.8274,0
18949,9.526526,0
18950,3.446951,0
18951,1.634506,1
18952,0.474286,0
18953,2.932631,0
18954,0.84321,0
18955,0.625835,0
18956,0.090067,0
18957,0.270189,0
18958,0.533789,0
18959,3.162159,0
18960,9.149483,0
18961,1.337577,0
18962,10.420597,0
18963,9.648731,0
18964,9.997907,0
18965,0.338083,0
18966,0.369707,0
18967,1.154814,0
18968,1.714793,1
18969,0.382057,0
18970,10.875488,0
18971,0.499923,0
18972,0.84536,0
18973,10.679513,0
18974,3.519951,1
18975,0.291378,0
18976,0.221067,0
18977,0.889968,0
18978,0.131593,0
18979,0.236548,0
18980,10.298843,0
18981,0.280764,0
18982,0.855721,0
18983,0.624232,0
18984,0.534203,0
18985,0.437389,0
18986,0.042317,0
18987,0.079711,0
18988,1.487725,0
18989,0.411825,0
18990,0.289056,0
18991,1.106483,0
18992,0.409314,0
18993,0.234637,0
18994,1.023134,0
18995,9.855592,0
18996,0.457402,0
18997,0.165199,0
18998,3.751644,1
18999,0.338764,0
19000,3.942981,0
19001,0.736238,0
19002,1.121915,0
19003,0.807405,0
19004,0.072141,0
19005,5.554994,1
19006,0.543523,0
19007,0.751689,0
19008,0.769131,0
19009,1.045713,0
19010,0.475098,0
19011,1.047825,1
19012,9.270267,0
19013,0.423256,0
19014,0.786573,0
19015,1.065346,0
19016,0.225378,0
19017,0.29851,0
19018,0.764789,0
19019,2.24557,0
19020,0.031964,0
19021,0.683415,0
19022,0.165466,0
19023,0.329895,0
19024,2.37975,0
19025,0.336459,0
19026,1.378053,0
19027,0.286331,0
19028,10.916942,1
19029,1.48077,0
19030,9.732587,1
19031,0.2592,0
19032,0.043605,0
19033,4.682073,1
19034,0.363724,0
19035,0.895507,0
19036,0.449457,0
19037,0.377957,0
19038,1.284824,0
19039,0.23623,0
19040,9.040508,0
19041,2.041551,0
19042,0.827432,0
19043,0.33311,0
19044,0.059077,0
19045,9.258577,0
19046,0.26771,0
19047,1.215444,0
19048,1.449885,0
19049,0.722418,0
19050,0.91773,0
19051,0.488094,0
19052,0.296922,0
19053,0.749904,0
19054,1.497997,0
19055,0.357306,0
19056,8.801602,1
19057,11.371405,0
19058,0.873088,0
19059,0.276872,0
19060,0.352818,0
19061,0.414495,0
19062,10.974024,0
19063,0.584287,0
19064,0.552686,0
19065,10.309984,0
19066,0.572252,0
19067,2.055159,0
19068,0.10939,0
19069,0.394097,0
19070,0.463811,0
19071,0.676092,0
19072,0.549939,0
19073,0.218585,0
19074,1.044273,0
19075,0.228483,0
19076,0.491035,0
19077,0.529581,0
19078,0.278018,0
19079,0.205252,0
19080,0.913275,1
19081,0.063132,0
19082,3.502532,1
19083,0.367754,0
19084,0.399842,0
19085,0.240715,0
19086,1.742144,0
19087,9.880812,1
19088,0.336597,0
19089,0.244542,0
19090,0.375505,0
19091,0.038512,0
19092,0.600298,0
19093,0.116454,0
19094,0.668832,0
19095,1.099064,1
19096,0.370246,0
19097,0.092696,0
19098,9.356008,0
19099,10.656641,0
19100,2.983944,0
19101,2.304034,0
19102,0.253474,0
19103,9.881057,1
19104,0.301233,0
19105,0.752337,0
19106,10.727894,0
19107,9.789551,0
19108,9.112236,1
19109,9.384239,0
19110,1.047415,0
19111,0.587001,0
19112,9.111757,0
19113,2.760657,1
19114,9.925159,0
19115,0.306299,0
19116,0.188084,0
19117,9.469563,0
19118,0.049835,0
19119,8.677734,0
19120,0.381039,0
19121,10.644456,0
19122,9.971397,0
19123,3.628838,1
19124,9.037236,0
19125,11.958585,0
19126,1.285742,0
19127,10.065118,0
19128,0.716657,0
19129,0.800217,0
19130,0.286849,0
19131,0.388503,1
19132,0.398696,0
19133,8.488798,1
19134,0.766657,1
19135,1.212715,0
19136,0.081547,0
19137,0.510357,0
19138,0.358358,0
19139,1.520073,0
19140,0.408958,1
19141,0.286115,0
19142,9.159094,0
19143,0.08322,0
19144,13.611786,0
19145,0.540513,0
19146,11.051036,0
19147,1.307062,0
19148,1.77759,0
19149,0.369376,0
19150,10.857969,0
19151,0.69251,0
19152,0.14969,0
19153,0.159906,0
19154,0.093165,0
19155,0.068193,0
19156,0.128102,0
19157,0.643046,0
19158,0.175236,0
19159,0.321837,0
19160,1.293339,0
19161,9.667238,0
19162,0.801052,0
19163,0.381234,0
19164,0.403021,0
19165,0.940804,0
19166,0.443788,0
19167,1.51564,0
19168,0.82132,0
19169,9.855971,0
19170,0.465905,0
19171,0.582528,0
19172,1.658896,1
19173,0.871433,0
19174,0.208465,0
19175,10.017,0
19176,1.467066,0
19177,1.14088,0
19178,0.135373,0
19179,0.505355,0
19180,1.811798,0
19181,0.138871,0
19182,0.327989,0
19183,0.533404,0
19184,0.370637,0
19185,0.375081,0
19186,1.134493,0
19187,0.25579,0
19188,10.60567,1
19189,0.349063,0
19190,0.178752,0
19191,0.324307,0
19192,0.230933,0
19193,0.101202,0
19194,1.323913,0
19195,0.210491,0
19196,0.652851,0
19197,0.819696,0
19198,0.31011,0
19199,0.306514,0
19200,0.348813,0
19201,0.680604,0
19202,0.425739,0
19203,0.325496,0
19204,1.153791,0
19205,0.07471,0
19206,8.335212,0
19207,0.550465,0
19208,0.411679,0
19209,0.079671,0
19210,0.050733,0
19211,1.2384,0
19212,0.568206,0
19213,0.256678,0
19214,10.279185,0
19215,0.507726,0
19216,0.308487,0
19217,0.341467,0
19218,8.931002,1
19219,9.748627,1
19220,1.457033,0
19221,0.34937,0
19222,0.47672,0
19223,8.858994,0
19224,1.810413,1
19225,0.291967,0
19226,0.046857,0
19227,1.870881,0
19228,0.862763,0
19229,9.563174,1
19230,9.479729,0
19231,2.27254,0
19232,9.265058,0
19233,1.397446,0
19234,9.347379,1
19235,0.219107,0
19236,0.250394,0
19237,0.716795,0
19238,1.487638,0
19239,0.094264,0
19240,0.175688,0
19241,2.40728,0
19242,0.477355,0
19243,0.764863,0
19244,0.054042,0
19245,2.37919,0
19246,0.471414,0
19247,0.216872,0
19248,1.386362,0
19249,0.292427,0
19250,2.735127,1
19251,1.763383,0
19252,0.382908,0
19253,9.977862,0
19254,0.127714,0
19255,0.343515,0
19256,0.123385,0
19257,1.284184,0
19258,11.133755,0
19259,1.03755,0
19260,1.718588,0
19261,3.205741,1
19262,9.727367,0
19263,2.046893,0
19264,2.114519,0
19265,0.477813,0
19266,0.509208,0
19267,9.94713,0
19268,0.530295,0
19269,0.027741,0
19270,1.986382,1
19271,4.177404,1
19272,0.386472,0
19273,0.323092,0
19274,2.656773,1
19275,0.095476,0
19276,1.889506,0
19277,0.918482,0
19278,1.643324,0
19279,0.483779,0
19280,1.921388,0
19281,0.020764,0
19282,0.68152,0
19283,0.209672,0
19284,0.869054,0
19285,0.726307,0
19286,1.178102,0
19287,0.501951,0
19288,0.335325,0
19289,9.279767,1
19290,10.269496,0
19291,0.313179,0
19292,1.875486,1
19293,0.405633,0
19294,0.345649,0
19295,0.227115,0
19296,0.209629,0
19297,0.276444,0
19298,0.198706,0
19299,1.466611,0
19300,4.000537,1
19301,0.184662,0
19302,11.537137,0
19303,0.257642,0
19304,9.636583,0
19305,1.501576,0
19306,8.585141,0
19307,0.294748,0
19308,0.767181,1
19309,0.599063,0
19310,0.099821,0
19311,1.050456,0
19312,0.432251,0
19313,9.104734,0
19314,0.243782,0
19315,0.254522,0
19316,0.866764,0
19317,0.224061,0
19318,1.006725,1
19319,1.510289,0
19320,0.763226,0
19321,1.464702,1
19322,1.017764,0
19323,0.280667,0
19324,0.478611,0
19325,0.38208,0
19326,0.986551,0
19327,0.405686,0
19328,0.453833,0
19329,10.186399,0
19330,0.107976,0
19331,9.758858,0
19332,10.671165,1
19333,9.312405,0
19334,0.077774,0
19335,9.224955,0
19336,3.127834,1
19337,1.60303,0
19338,0.27141,0
19339,0.08038,0
19340,0.637708,0
19341,10.724072,1
19342,9.52459,0
19343,0.354246,0
19344,8.362625,0
19345,0.157001,0
19346,0.373498,0
19347,0.470922,0
19348,0.085622,0
19349,0.223283,0
19350,0.449555,0
19351,11.323034,0
19352,9.200516,0
19353,1.243945,0
19354,0.341706,0
19355,3.037126,1
19356,0.232188,0
19357,9.66433,0
19358,2.104925,0
19359,0.67696,0
19360,1.252202,0
19361,2.134495,0
19362,1.407648,0
19363,0.481604,0
19364,0.591589,0
19365,3.49001,1
19366,0.125387,0
19367,0.110438,0
19368,10.128115,0
19369,9.27043,0
19370,0.032582,0
19371,0.37722,0
19372,0.204608,0
19373,11.134004,0
19374,0.379593,0
19375,0.234823,0
19376,0.293737,0
19377,10.266742,0
19378,0.208762,0
19379,0.574685,0
19380,0.511275,0
19381,0.31563,0
19382,1.65169,0
19383,0.226448,0
19384,0.396082,0
19385,10.063478,0
19386,0.613906,0
19387,0.469179,0
19388,0.325034,1
19389,0.655009,0
19390,0.378406,0
19391,1.165193,0
19392,0.185174,0
19393,3.773206,0
19394,10.573689,0
19395,1.292904,0
19396,0.222369,0
19397,0.414568,0
19398,1.549983,1
19399,0.281855,0
19400,1.046138,0
19401,9.653494,0
19402,0.249633,0
19403,0.590832,0
19404,10.547535,0
19405,0.522866,0
19406,1.452069,0
19407,0.465983,0
19408,2.076319,0
19409,0.814857,0
19410,0.21044,0
19411,9.952702,0
19412,0.502181,0
19413,1.794826,1
19414,0.918563,0
19415,0.180061,0
19416,2.452833,0
19417,0.297109,0
19418,2.531342,1
19419,12.737724,0
19420,0.503123,1
19421,0.819791,1
19422,1.372644,1
19423,1.571396,0
19424,0.296876,0
19425,0.2794,0
19426,1.022662,0
19427,0.243255,0
19428,9.88133,0
19429,1.937115,1
19430,0.583559,1
19431,0.752927,0
19432,0.458584,0
19433,0.444245,0
19434,0.446246,0
19435,8.518453,0
19436,0.120677,0
19437,0.214801,0
19438,0.982172,0
19439,2.000562,0
19440,8.973737,0
19441,0.243861,0
19442,1.463839,0
19443,0.206335,0
19444,1.569856,1
19445,0.618942,0
19446,1.578828,0
19447,1.442689,0
19448,1.260665,0
19449,2.197936,0
19450,1.317128,0
19451,3.017965,1
19452,0.871064,0
19453,0.445983,0
19454,0.366316,0
19455,0.563302,0
19456,2.144479,0
19457,0.28503,0
19458,0.485407,0
19459,0.276025,0
19460,0.341156,0
19461,8.826673,0
19462,0.308408,0
19463,0.292547,0
19464,1.524037,0
19465,0.205434,0
19466,3.160083,0
19467,8.658083,0
19468,0.526777,1
19469,0.583623,0
19470,3.087983,1
19471,8.813986,0
19472,9.533887,0
19473,0.485599,0
19474,9.231165,0
19475,0.246954,0
19476,8.991781,0
19477,0.126256,0
19478,0.082352,0
19479,1.530988,0
19480,0.42016,0
19481,0.301084,0
19482,1.385444,0
19483,0.567977,0
19484,0.548374,0
19485,0.244071,0
19486,0.788056,0
19487,1.472664,1
19488,2.663831,0
19489,0.744622,0
19490,0.610995,0
19491,0.272363,0
19492,0.23105,0
19493,0.308587,0
19494,1.110137,0
19495,1.529006,0
19496,0.846957,0
19497,0.54944,0
19498,0.992592,0
19499,9.083603,1
19500,0.070792,0
19501,10.160302,0
19502,0.36221,0
19503,1.394207,0
19504,0.518745,0
19505,0.33136,0
19506,0.748848,0
19507,2.343959,0
19508,0.452029,0
19509,0.544314,0
19510,9.128711,1
19511,0.393984,0
19512,0.303839,0
19513,0.563003,0
19514,1.149022,1
19515,0.435011,0
19516,0.505274,0
19517,0.817721,0
19518,9.979568,0
19519,4.431576,1
19520,0.549662,0
19521,0.409966,0
19522,0.242527,0
19523,0.651719,0
19524,0.731922,0
19525,0.184116,0
19526,10.887429,0
19527,1.427181,0
19528,0.145948,1
19529,9.21473,0
19530,0.77787,0
19531,0.71526,0
19532,0.032403,0
19533,3.594654,0
19534,9.621802,0
19535,0.31255,0
19536,0.246709,0
19537,0.335747,0
19538,0.349535,0
19539,0.627387,0
19540,8.921762,0
19541,0.342096,0
19542,1.640307,0
19543,0.393386,0
19544,8.53826,0
19545,0.750823,0
19546,11.084582,0
19547,1.007767,0
19548,10.031338,0
19549,0.361133,0
19550,0.996787,0
19551,0.078172,0
19552,2.143756,0
19553,0.619598,0
19554,8.531794,0
19555,0.374611,0
19556,2.942499,0
19557,10.384621,1
19558,2.146718,0
19559,11.130316,0
19560,0.742178,0
19561,4.326004,0
19562,10.020548,0
19563,0.337332,0
19564,0.280957,0
19565,0.296768,0
19566,0.378844,0
19567,0.140193,0
19568,0.465952,0
19569,1.508653,0
19570,2.279407,1
19571,2.522865,1
19572,0.631797,0
19573,0.175662,0
19574,1.151745,0
19575,0.181171,0
19576,1.355961,0
19577,0.464045,0
19578,0.441034,0
19579,4.851977,0
19580,0.243868,0
19581,0.10022,0
19582,0.609283,0
19583,0.32238,0
19584,0.22519,0
19585,0.328648,0
19586,0.335722,0
19587,2.119694,0
19588,1.61793,0
19589,9.419897,0
19590,2.619285,0
19591,3.067588,1
19592,2.158076,0
19593,0.125135,0
19594,0.907178,0
19595,1.409737,0
19596,0.311987,0
19597,1.192835,0
19598,0.209507,0
19599,1.84108,0
19600,0.448119,0
19601,11.186727,0
19602,0.437693,0
19603,1.406764,0
19604,0.401316,0
19605,1.755701,0
19606,0.547573,0
19607,0.450316,0
19608,8.661874,0
19609,0.757474,0
19610,0.191768,0
19611,1.308177,0
19612,0.100994,0
19613,9.99766,0
19614,1.993415,0
19615,1.156725,0
19616,0.315205,0
19617,1.12561,0
19618,0.378785,0
19619,0.402383,0
19620,0.501651,0
19621,1.205988,0
19622,1.44373,0
19623,0.172596,0
19624,0.200183,0
19625,0.240046,0
19626,0.276829,0
19627,10.242303,0
19628,10.950428,0
19629,0.446076,0
19630,0.499955,0
19631,8.286683,1
19632,0.622768,0
19633,0.247569,0
19634,0.48855,0
19635,2.535312,0
19636,0.143529,0
19637,0.396458,0
19638,0.396133,0
19639,5.072896,1
19640,0.270038,0
19641,2.360624,0
19642,1.180086,0
19643,1.745103,1
19644,0.654525,0
19645,2.937834,1
19646,0.121753,0
19647,10.071431,1
19648,0.297064,0
19649,0.80964,0
19650,0.269816,0
19651,1.738111,0
19652,5.698581,1
19653,0.286369,0
19654,0.452262,0
19655,1.472737,0
19656,0.595665,1
19657,0.295254,0
19658,1.279083,0
19659,0.800705,0
19660,3.183575,1
19661,9.801184,0
19662,0.990573,0
19663,1.401768,0
19664,10.407625,0
19665,2.335055,0
19666,0.096378,0
19667,0.343747,0
19668,0.980767,0
19669,0.479995,0
19670,0.533919,0
19671,1.021259,0
19672,1.877764,0
19673,0.921185,0
19674,1.041984,0
19675,10.620743,0
19676,0.622656,0
19677,0.951149,0
19678,11.038042,1
19679,0.312081,0
19680,0.145361,0
19681,0.506522,1
19682,1.360025,0
19683,0.267151,0
19684,10.726565,0
19685,14.454187,0
19686,11.49782,0
19687,0.221719,0
19688,0.541283,0
19689,0.565623,0
19690,0.461223,0
19691,0.32754,0
19692,8.828413,0
19693,10.280951,0
19694,9.411988,0
19695,9.494208,0
19696,0.479687,0
19697,11.118219,0
19698,0.860188,0
19699,1.49898,1
19700,0.474214,0
19701,0.581372,0
19702,0.627189,1
19703,0.53395,0
19704,0.170558,0
19705,0.478835,0
19706,0.618016,1
19707,10.548089,0
19708,0.59755,0
19709,1.384822,0
19710,0.569695,0
19711,3.691754,0
19712,0.941446,0
19713,9.569939,0
19714,1.930091,0
19715,0.824507,0
19716,0.706259,0
19717,2.650313,0
19718,1.176411,0
19719,0.379453,0
19720,2.258954,1
19721,1.091012,0
19722,2.169003,0
19723,0.081366,0
19724,9.752398,0
19725,3.28758,1
19726,9.487388,0
19727,0.496958,0
19728,9.335148,0
19729,0.465186,0
19730,0.617868,0
19731,4.134783,0
19732,0.062366,0
19733,0.317157,0
19734,0.288128,0
19735,0.588944,0
19736,0.266859,0
19737,3.518963,0
19738,0.489272,1
19739,1.355878,0
19740,1.216242,0
19741,0.659411,0
19742,0.297684,0
19743,0.285033,0
19744,0.092716,0
19745,0.965626,0
19746,0.36235,0
19747,3.65159,0
19748,10.740455,0
19749,9.151917,0
19750,0.66101,0
19751,1.538841,0
19752,0.536973,0
19753,1.32377,0
19754,1.994464,0
19755,0.209552,0
19756,0.208416,0
19757,0.299518,0
19758,2.194111,0
19759,0.325348,0
19760,0.523607,0
19761,0.572465,0
19762,0.46682,0
19763,0.576782,0
19764,10.192906,0
19765,8.78606,0
19766,0.943667,0
19767,8.274896,0
19768,0.351712,0
19769,0.312364,0
19770,0.253256,0
19771,1.080338,0
19772,9.457044,0
19773,9.041763,0
19774,0.296106,0
19775,11.183117,0
19776,1.776394,0
19777,0.164575,0
19778,5.166463,1
19779,0.190677,1
19780,10.492563,0
19781,0.668794,0
19782,0.508306,0
19783,0.272649,0
19784,1.513972,0
19785,9.747376,0
19786,0.625809,0
19787,0.944011,0
19788,0.612508,0
19789,0.329326,0
19790,0.46937,0
19791,2.720886,0
19792,0.686976,0
19793,1.390321,1
19794,0.354514,0
19795,2.163689,1
19796,9.864433,0
19797,9.44628,0
19798,2.297814,1
19799,0.289152,0
19800,1.019141,0
19801,0.373876,0
19802,10.195766,0
19803,0.331897,0
19804,0.571835,0
19805,9.412911,0
19806,0.324952,0
19807,0.229444,0
19808,0.4228,0
19809,0.517134,0
19810,0.315448,0
19811,0.033525,0
19812,0.992943,0
19813,0.446358,0
19814,0.677705,0
19815,0.376227,0
19816,1.05533,0
19817,0.509516,0
19818,1.649369,0
19819,0.867739,0
19820,1.740068,0
19821,1.375515,1
19822,0.523508,0
19823,7.90998,0
19824,11.561017,0
19825,0.239405,0
19826,0.038308,0
19827,9.62666,0
19828,0.748098,0
19829,0.147244,0
19830,0.291873,0
19831,10.889286,0
19832,1.496627,0
19833,0.27853,1
19834,0.256457,0
19835,1.849735,0
19836,1.712505,0
19837,8.986008,0
19838,9.445082,0
19839,10.828003,0
19840,0.496971,0
19841,9.087106,0
19842,1.026599,0
19843,9.496955,0
19844,0.378485,0
19845,0.353965,0
19846,0.970382,0
19847,11.102877,1
19848,0.304961,0
19849,2.363655,1
19850,0.171475,1
19851,0.445838,0
19852,0.153759,0
19853,0.343103,0
19854,0.371627,0
19855,11.228323,0
19856,2.402542,0
19857,0.409557,0
19858,0.667561,1
19859,0.763235,0
19860,0.579346,0
19861,0.110843,0
19862,1.895376,0
19863,1.747672,0
19864,0.464346,0
19865,0.755774,0
19866,8.513705,1
19867,0.362817,0
19868,0.418646,0
19869,0.203502,0
19870,0.072809,0
19871,0.474287,0
19872,1.68733,0
19873,1.905113,0
19874,1.649023,0
19875,0.569933,0
19876,0.054173,0
19877,0.253037,0
19878,9.432899,0
19879,0.824019,0
19880,0.408582,0
19881,9.615262,0
19882,0.637484,0
19883,0.189972,0
19884,10.307306,0
19885,0.274416,0
19886,9.035603,1
19887,0.775594,0
19888,0.368278,0
19889,1.435916,0
19890,0.591528,0
19891,0.815035,0
19892,1.498565,0
19893,8.601568,0
19894,0.917137,0
19895,9.007727,0
19896,0.618435,0
19897,9.584665,0
19898,1.707961,0
19899,0.31956,0
19900,0.244575,0
19901,10.603343,0
19902,2.184496,0
19903,3.083961,1
19904,0.332319,0
19905,12.538006,0
19906,1.846452,0
19907,0.283108,0
19908,9.616561,0
19909,0.76078,0
19910,0.234193,0
19911,9.929871,0
19912,0.474364,0
19913,0.417664,0
19914,0.676232,0
19915,9.530579,0
19916,0.262361,0
19917,0.824049,0
19918,10.071448,0
19919,0.258051,0
19920,9.464592,0
19921,0.467964,0
19922,1.330208,0
19923,2.822222,1
19924,11.286902,0
19925,0.213165,0
19926,1.713238,0
19927,9.209154,0
19928,0.243321,0
19929,0.962221,0
19930,0.169613,0
19931,0.474707,0
19932,0.067187,0
19933,8.403144,0
19934,0.941898,0
19935,3.848405,0
19936,0.64029,0
19937,0.892263,0
19938,0.348592,0
19939,0.728431,0
19940,10.761759,0
19941,0.33586,0
19942,0.54516,0
19943,10.030032,0
19944,8.973786,1
19945,1.09885,1
19946,10.140444,0
19947,0.120761,0
19948,10.11266,0
19949,0.552714,0
19950,9.649796,0
19951,0.392235,0
19952,0.306691,0
19953,0.54209,0
19954,9.91975,0
19955,1.330007,1
19956,0.729717,0
19957,0.406135,0
19958,10.341205,0
19959,9.719619,0
19960,3.529647,0
19961,0.911548,0
19962,0.441544,0
19963,0.735971,0
19964,3.509238,1
19965,9.163459,1
19966,0.255794,0
19967,0.526002,0
19968,0.609036,0
19969,9.20959,0
19970,0.545449,1
19971,2.364328,1
19972,12.443828,0
19973,9.407412,1
19974,0.568913,0
19975,0.207965,0
19976,0.354747,0
19977,0.16548,0
19978,8.537374,0
19979,9.543101,0
19980,0.249228,0
19981,9.269902,0
19982,9.602276,0
19983,0.463646,0
19984,10.864359,0
19985,0.237047,0
19986,1.017013,0
19987,1.996365,0
19988,0.284976,0
19989,0.358179,0
19990,3.088447,1
19991,0.408801,0
19992,0.249061,0
19993,8.879322,0
19994,0.31547,0
19995,0.319046,0
19996,1.067704,0
19997,1.123473,0
19998,0.028664,0
19999,0.805665,0
20000,0.043806,0
20001,2.64323,0
20002,10.986355,0
20003,0.644842,0
20004,1.813132,0
20005,10.684559,0
20006,1.18438,0
20007,0.733133,0
20008,0.403525,0
20009,0.862923,0
20010,0.290186,0
20011,0.189967,0
20012,0.406132,0
20013,0.605053,0
20014,2.339128,1
20015,10.179684,0
20016,0.107571,0
20017,0.396634,0
20018,0.771978,0
20019,1.138317,0
20020,0.792592,0
20021,0.376184,0
20022,0.359841,0
20023,10.058521,0
20024,0.437649,0
20025,1.414586,0
20026,1.089709,0
20027,0.281089,0
20028,9.468075,0
20029,2.338814,0
20030,0.34629,0
20031,0.542229,0
20032,0.381998,0
20033,0.051058,0
20034,0.61926,0
20035,0.799479,0
20036,0.523021,1
20037,0.698231,0
20038,9.216222,0
20039,9.592349,1
20040,0.422373,0
20041,1.741327,0
20042,0.514143,0
20043,5.419631,1
20044,0.07709,0
20045,10.911072,0
20046,0.672455,0
20047,0.24742,0
20048,2.432852,0
20049,0.301186,0
20050,1.655239,0
20051,0.320137,0
20052,0.299262,0
20053,0.41666,0
20054,0.265404,0
20055,0.790403,0
20056,0.199103,0
20057,1.132728,0
20058,10.218404,0
20059,1.245417,0
20060,10.479837,0
20061,1.189638,1
20062,8.554388,0
20063,0.49764,0
20064,9.997092,0
20065,10.747139,0
20066,0.896853,0
20067,0.483611,0
20068,0.288792,0
20069,0.600241,0
20070,0.177424,0
20071,0.189028,0
20072,9.770033,1
20073,0.077233,0
20074,2.667237,0
20075,2.703281,1
20076,0.303853,0
20077,0.931379,0
20078,1.943955,0
20079,0.216615,0
20080,2.884468,0
20081,0.225562,0
20082,1.392836,0
20083,4.047079,1
20084,9.128338,0
20085,0.44215,0
20086,0.381174,0
20087,1.274255,0
20088,0.495913,0
20089,0.212262,0
20090,0.598991,0
20091,0.562286,0
20092,0.394056,0
20093,0.663841,0
20094,0.231971,0
20095,0.20386,0
20096,2.762625,0
20097,9.09663,0
20098,0.146095,0
20099,0.301069,0
20100,0.237485,0
20101,1.030074,0
20102,0.750253,0
20103,0.242073,0
20104,0.255941,0
20105,0.378521,0
20106,0.231504,0
20107,0.607857,0
20108,0.580306,0
20109,10.247743,0
20110,10.065936,0
20111,0.543091,0
20112,0.595688,0
20113,0.480849,0
20114,0.304969,0
20115,0.819539,0
20116,2.020423,0
20117,0.341086,0
20118,0.52333,0
20119,0.237813,0
20120,0.56243,0
20121,10.906698,0
20122,1.305953,0
20123,0.67224,0
20124,0.282382,0
20125,0.637614,0
20126,0.257182,0
20127,9.809044,0
20128,0.228975,0
20129,2.916801,0
20130,0.410054,0
20131,0.296957,0
20132,4.076021,1
20133,0.932425,1
20134,2.624225,1
20135,1.416301,0
20136,0.244754,0
20137,0.083716,0
20138,0.42173,0
20139,0.333305,0
20140,0.34017,0
20141,10.210341,0
20142,0.577634,0
20143,1.6755,0
20144,10.470791,0
20145,0.150048,0
20146,8.804692,0
20147,0.257,0
20148,9.992067,0
20149,0.61382,0
20150,0.464078,0
20151,9.585069,0
20152,0.25207,0
20153,1.463176,0
20154,0.217507,0
20155,10.407735,0
20156,11.541962,0
20157,8.919634,1
20158,1.022588,0
20159,0.411293,0
20160,1.361588,0
20161,0.248772,0
20162,0.483837,0
20163,0.694085,1
20164,1.770311,0
20165,0.542174,0
20166,3.97325,0
20167,0.305996,0
20168,0.326312,0
20169,1.276199,0
20170,0.282361,0
20171,0.190863,0
20172,0.328239,0
20173,1.646476,0
20174,0.262673,0
20175,0.400185,0
20176,2.9851,1
20177,2.837519,0
20178,9.292707,0
20179,0.325875,0
20180,0.354729,0
20181,9.327344,0
20182,9.519517,0
20183,1.109261,0
20184,0.526503,0
20185,0.527664,0
20186,9.222704,1
20187,0.596088,0
20188,0.93289,0
20189,0.343271,0
20190,0.436622,0
20191,0.97293,0
20192,0.135558,0
20193,9.924884,1
20194,0.2243,0
20195,10.37633,1
20196,10.90007,1
20197,0.269364,0
20198,0.191957,0
20199,2.442048,1
20200,0.285178,0
20201,2.624008,0
20202,10.999604,0
20203,9.381645,0
20204,0.245784,0
20205,0.3681,0
20206,0.659819,0
20207,0.899844,0
20208,0.274636,0
20209,10.519161,0
20210,10.09133,0
20211,0.297526,0
20212,0.234575,0
20213,1.374043,0
20214,0.525178,0
20215,0.644101,0
20216,1.263857,0
20217,0.243594,0
20218,11.453522,0
20219,1.484017,1
20220,10.234311,0
20221,1.102445,0
20222,0.604959,0
20223,4.01177,0
20224,11.058455,0
20225,3.446998,0
20226,9.308095,0
20227,1.581079,0
20228,0.284048,0
20229,9.561424,0
20230,0.50913,0
20231,0.341107,0
20232,0.026913,0
20233,9.674974,0
20234,0.355271,0
20235,0.596204,0
20236,11.516026,0
20237,0.34214,0
20238,0.323978,0
20239,0.500485,0
20240,0.308659,0
20241,9.564356,1
20242,0.203733,0
20243,0.637268,0
20244,2.100138,0
20245,1.005059,0
20246,0.273823,0
20247,0.482197,0
20248,0.820151,0
20249,9.158123,1
20250,0.352684,0
20251,8.959994,0
20252,0.570833,0
20253,0.261256,0
20254,8.449957,0
20255,2.293863,0
20256,0.368117,0
20257,0.193202,0
20258,0.224478,0
20259,10.826549,0
20260,1.293432,0
20261,0.601426,0
20262,10.726379,0
20263,9.607465,0
20264,0.987654,1
20265,1.311107,0
20266,1.657129,0
20267,0.701609,0
20268,1.0111,0
20269,0.605304,0
20270,0.057595,0
20271,0.514439,0
20272,0.208127,0
20273,0.680547,0
20274,0.391685,0
20275,0.575038,0
20276,2.824048,1
20277,0.032759,0
20278,0.512918,0
20279,9.442832,0
20280,0.701704,1
20281,0.560611,0
20282,0.135754,0
20283,0.267317,0
20284,10.041926,0
20285,0.52338,0
20286,0.80131,0
20287,0.191538,0
20288,0.258406,0
20289,0.862985,0
20290,0.214659,0
20291,10.16349,0
20292,0.972147,0
20293,0.293192,0
20294,0.464117,0
20295,0.943979,0
20296,9.45843,0
20297,0.752217,0
20298,1.022775,0
20299,0.65977,0
20300,0.245946,0
20301,0.064237,0
20302,1.372625,0
20303,1.339918,0
20304,0.22163,0
20305,0.195723,0
20306,1.06317,0
20307,9.734355,0
20308,0.511849,0
20309,0.884608,1
20310,0.214951,0
20311,0.830431,0
20312,0.532702,0
20313,0.240989,0
20314,0.406592,0
20315,0.332236,0
20316,0.402995,0
20317,1.844915,0
20318,0.283528,0
20319,0.308728,0
20320,0.551572,0
20321,9.250509,0
20322,10.89607,0
20323,0.829379,0
20324,0.348295,0
20325,10.647438,0
20326,1.389635,0
20327,0.233084,0
20328,9.733484,1
20329,9.570252,0
20330,10.887749,0
20331,1.762968,0
20332,0.103512,0
20333,2.544332,0
20334,10.00974,1
20335,0.344057,0
20336,2.289009,1
20337,0.339142,0
20338,0.264614,0
20339,1.332607,1
20340,0.227766,1
20341,0.418169,0
20342,11.598312,0
20343,10.46673,0
20344,0.357035,0
20345,0.352121,0
20346,0.291026,0
20347,0.651503,0
20348,0.229062,0
20349,0.208264,0
20350,4.268331,0
20351,0.362788,0
20352,0.352882,1
20353,0.551093,0
20354,1.669188,0
20355,0.26107,0
20356,0.294628,0
20357,0.18405,0
20358,1.028456,0
20359,11.123846,0
20360,9.446441,0
20361,3.550685,0
20362,12.483746,0
20363,0.231339,0
20364,0.814174,0
20365,1.787914,0
20366,0.60855,0
20367,10.543522,0
20368,0.576821,0
20369,0.317839,0
20370,0.240165,0
20371,0.784763,0
20372,0.701559,1
20373,0.353873,0
20374,1.573426,0
20375,0.096399,0
20376,0.666526,0
20377,0.35589,0
20378,0.551429,0
20379,8.967684,0
20380,0.643357,0
20381,3.447217,0
20382,2.190053,1
20383,9.58148,0
20384,2.115591,1
20385,0.114596,0
20386,0.156737,0
20387,0.317963,0
20388,0.903044,0
20389,3.270713,1
20390,0.141822,0
20391,0.240728,0
20392,0.124087,0
20393,0.222053,0
20394,0.250409,0
20395,2.864884,1
20396,0.661163,0
20397,10.888708,0
20398,0.694657,0
20399,0.183946,0
20400,0.332003,0
20401,0.315293,0
20402,9.800855,1
20403,10.841858,0
20404,0.686444,1
20405,0.407998,0
20406,0.369882,0
20407,8.731872,0
20408,1.581358,0
20409,0.402776,0
20410,0.116448,0
20411,0.498208,0
20412,0.265398,0
20413,8.809648,1
20414,0.521122,0
20415,10.001966,0
20416,0.409812,0
20417,0.582587,0
20418,9.449685,1
20419,0.548136,0
20420,0.324875,0
20421,0.402128,0
20422,0.924472,0
20423,2.34265,0
20424,0.627357,0
20425,0.300717,0
20426,0.242014,0
20427,1.392113,0
20428,0.263021,0
20429,0.200008,0
20430,0.240832,0
20431,0.406184,0
20432,0.24724,0
20433,0.309679,0
20434,0.568399,0
20435,0.283077,0
20436,0.897059,0
20437,10.251824,0
20438,9.868132,0
20439,0.117862,0
20440,0.814052,1
20441,0.807802,0
20442,0.587532,0
20443,0.521833,0
20444,11.951532,1
20445,1.089655,0
20446,0.698037,0
20447,0.248996,0
20448,8.799239,0
20449,0.371764,0
20450,0.128623,0
20451,0.459971,0
20452,0.865035,0
20453,0.337367,0
20454,0.767383,1
20455,9.43174,1
20456,10.338167,0
20457,2.95464,1
20458,10.323837,0
20459,0.26134,0
20460,0.354126,0
20461,9.568608,0
20462,10.330193,0
20463,0.749499,1
20464,8.508826,0
20465,0.316762,0
20466,0.170479,0
20467,0.293285,0
20468,11.65708,0
20469,11.461009,0
20470,10.260906,1
20471,11.836797,0
20472,2.077258,0
20473,8.672893,0
20474,0.425229,0
20475,11.238816,0
20476,0.93447,0
20477,1.270537,0
20478,1.420874,0
20479,0.21194,0
20480,0.197186,0
20481,0.328168,0
20482,0.203406,0
20483,2.263097,0
20484,0.218067,0
20485,0.39543,0
20486,0.367999,0
20487,10.657452,0
20488,10.534709,0
20489,0.165011,0
20490,0.458679,0
20491,1.036022,0
20492,10.688251,0
20493,0.217344,0
20494,9.203496,0
20495,0.47612,0
20496,1.04924,1
20497,0.372557,0
20498,9.605482,0
20499,0.698469,0
20500,0.393264,0
20501,0.103302,0
20502,8.551505,0
20503,9.748916,0
20504,8.393899,0
20505,0.103804,0
20506,10.677812,1
20507,0.203892,0
20508,0.71306,0
20509,0.929238,0
20510,0.896381,1
20511,1.898458,0
20512,2.019904,0
20513,0.581917,0
20514,0.218434,0
20515,0.502082,0
20516,0.175742,0
20517,1.234894,0
20518,0.102033,0
20519,11.630275,0
20520,0.299142,0
20521,0.433743,0
20522,10.598828,0
20523,10.039246,0
20524,9.381164,0
20525,0.102997,0
20526,10.55619,0
20527,0.546118,0
20528,0.562881,0
20529,0.4993,0
20530,9.895435,1
20531,9.155158,0
20532,0.415808,0
20533,1.287638,0
20534,0.497748,0
20535,0.694954,0
20536,1.410626,0
20537,0.05454,0
20538,9.142303,0
20539,2.318063,1
20540,1.868542,1
20541,8.737699,1
20542,1.838561,0
20543,3.36169,1
20544,0.656225,0
20545,10.226353,1
20546,0.360922,0
20547,0.394099,0
20548,0.397647,0
20549,0.904048,1
20550,0.691276,0
20551,0.196878,0
20552,2.177089,1
20553,2.493453,0
20554,9.969103,0
20555,0.824572,0
20556,0.742774,0
20557,10.945035,0
20558,2.480819,0
20559,0.533555,0
20560,0.378498,0
20561,0.323334,0
20562,1.612226,1
20563,0.122736,0
20564,0.281271,0
20565,0.100148,0
20566,0.423927,0
20567,0.270879,0
20568,2.813935,1
20569,9.614082,0
20570,0.463032,0
20571,10.191356,0
20572,9.226081,0
20573,0.419691,0
20574,0.199957,0
20575,0.377221,0
20576,0.404351,0
20577,0.462451,0
20578,1.78384,0
20579,9.280664,1
20580,0.244408,0
20581,0.601519,0
20582,0.509152,0
20583,0.158945,0
20584,9.439402,0
20585,3.368833,0
20586,0.203172,0
20587,1.550166,0
20588,0.892973,0
20589,0.315853,0
20590,0.748853,0
20591,2.212524,1
20592,0.187981,0
20593,0.254643,0
20594,1.132186,0
20595,1.032539,0
20596,0.09704,0
20597,0.24058,0
20598,0.43026,0
20599,10.916987,0
20600,1.270752,0
20601,0.073595,0
20602,1.137197,1
20603,0.225822,0
20604,0.161965,0
20605,0.29667,0
20606,0.322744,0
20607,0.73826,0
20608,0.93001,0
20609,0.534946,0
20610,0.889924,0
20611,0.297351,0
20612,0.414606,0
20613,9.199961,0
20614,9.568923,0
20615,0.438504,0
20616,9.753186,1
20617,0.411468,0
20618,0.26407,0
20619,11.49715,0
20620,0.340261,0
20621,0.361013,0
20622,0.342098,0
20623,2.006846,0
20624,0.896385,0
20625,0.526867,0
20626,0.486883,0
20627,0.486897,0
20628,0.342814,0
20629,1.850198,0
20630,0.333821,0
20631,3.44717,0
20632,10.76483,0
20633,1.531954,0
20634,0.52484,0
20635,0.686843,0
20636,0.41313,0
20637,0.974571,0
20638,9.341916,1
20639,10.481249,0
20640,0.040379,0
20641,1.123287,0
20642,0.314305,0
20643,0.493534,0
20644,0.160502,0
20645,10.128957,1
20646,8.81137,0
20647,0.938672,0
20648,0.207078,0
20649,0.038404,0
20650,1.129003,0
20651,0.51691,0
20652,0.681927,0
20653,8.47658,0
20654,1.073759,0
20655,0.795894,0
20656,0.418112,0
20657,9.294271,0
20658,9.988093,0
20659,0.557311,0
20660,0.681038,0
20661,2.624801,0
20662,8.847567,0
20663,2.074856,0
20664,9.297681,0
20665,0.565406,0
20666,12.460858,0
20667,9.003513,0
20668,11.204553,0
20669,2.20026,1
20670,1.288299,0
20671,0.21427,0
20672,10.039651,0
20673,0.336097,0
20674,0.192575,0
20675,0.113312,0
20676,0.419173,0
20677,0.912953,0
20678,0.849105,0
20679,0.156445,0
20680,12.402557,0
20681,0.432113,0
20682,1.622188,0
20683,0.706774,0
20684,0.374513,0
20685,0.557232,0
20686,3.287755,0
20687,0.823336,0
20688,8.535854,1
20689,0.398753,0
20690,9.742818,0
20691,0.199892,0
20692,9.138028,1
20693,2.203817,0
20694,0.240412,0
20695,9.06434,0
20696,0.201314,0
20697,0.4408,0
20698,0.216801,0
20699,1.005656,0
20700,0.134632,0
20701,0.58497,0
20702,9.082896,0
20703,0.339331,0
20704,0.150255,0
20705,10.203938,0
20706,0.309344,0
20707,2.694666,0
20708,0.127096,0
20709,0.230191,0
20710,0.195632,0
20711,9.092973,0
20712,1.047461,0
20713,0.065339,0
20714,0.681274,1
20715,0.33347,0
20716,0.811026,0
20717,0.433798,0
20718,0.283732,0
20719,0.576128,0
20720,0.360244,0
20721,0.759764,0
20722,9.879179,0
20723,0.513743,0
20724,10.753474,0
20725,0.475267,0
20726,0.27501,0
20727,10.067909,0
20728,9.415439,0
20729,1.884006,0
20730,0.328045,0
20731,9.548845,1
20732,0.238436,0
20733,0.551813,0
20734,0.951652,0
20735,9.859656,0
20736,9.747731,0
20737,1.281076,1
20738,3.489828,0
20739,0.181358,0
20740,0.40847,0
20741,0.395227,0
20742,11.161608,0
20743,11.983215,0
20744,0.71307,0
20745,0.362461,0
20746,0.439336,0
20747,0.890213,1
20748,0.560601,0
20749,10.098648,0
20750,10.155878,0
20751,0.291671,0
20752,1.598017,1
20753,2.927213,0
20754,10.456668,0
20755,3.0927,0
20756,0.326994,0
20757,0.511898,0
20758,9.602606,0
20759,0.165287,0
20760,0.108629,0
20761,0.174368,0
20762,0.224851,0
20763,0.407475,0
20764,0.118921,0
20765,0.62996,0
20766,0.165831,0
20767,1.211817,0
20768,0.358379,0
20769,0.23561,0
20770,0.360023,0
20771,3.501309,1
20772,0.47408,0
20773,0.243171,0
20774,0.661072,0
20775,0.055853,0
20776,0.69141,1
20777,0.357717,0
20778,0.392787,0
20779,9.806946,0
20780,0.31581,0
20781,0.459934,0
20782,0.37924,0
20783,0.305742,0
20784,0.582422,0
20785,0.235646,0
20786,0.212874,0
20787,3.058697,1
20788,10.677334,0
20789,8.999417,0
20790,9.474763,0
20791,0.358622,0
20792,0.435927,0
20793,0.302763,0
20794,2.058692,0
20795,0.203565,0
20796,0.49448,0
20797,0.499465,0
20798,8.848279,0
20799,10.569885,0
20800,10.020687,0
20801,10.968269,0
20802,9.890183,0
20803,1.695484,1
20804,0.115411,0
20805,1.262406,0
20806,0.312217,0
20807,0.161732,0
20808,0.11606,0
20809,0.31416,0
20810,0.387008,0
20811,9.006782,1
20812,0.185808,0
20813,0.364696,0
20814,0.110432,0
20815,1.717523,0
20816,0.39871,1
20817,0.530773,0
20818,10.141895,0
20819,0.211209,0
20820,0.314802,0
20821,0.3984,0
20822,2.527921,0
20823,1.967977,0
20824,10.744205,0
20825,10.504903,0
20826,9.423721,0
20827,9.05312,0
20828,3.124007,1
20829,10.498177,0
20830,1.1206,0
20831,0.577305,0
20832,0.135889,0
20833,0.466425,0
20834,0.308247,0
20835,0.347599,0
20836,0.178445,0
20837,1.63486,0
20838,10.943227,0
20839,1.249033,1
20840,0.360203,0
20841,1.233572,0
20842,0.472758,0
20843,10.770288,0
20844,0.178627,0
20845,1.013417,0
20846,12.804334,0
20847,0.597112,0
20848,0.326297,0
20849,10.019205,0
20850,1.722715,0
20851,2.153149,0
20852,0.612006,0
20853,9.060936,0
20854,8.319078,1
20855,9.493797,0
20856,11.390114,0
20857,0.465232,0
20858,1.134103,0
20859,0.28756,0
20860,0.221682,0
20861,0.831323,0
20862,0.819343,1
20863,8.806646,0
20864,9.366062,1
20865,2.684473,1
20866,0.30014,0
20867,0.238396,0
20868,0.730997,0
20869,1.579824,0
20870,0.145363,0
20871,0.468957,0
20872,0.661282,0
20873,0.582306,0
20874,0.092573,0
20875,10.252839,0
20876,0.86069,0
20877,9.22421,0
20878,9.335409,1
20879,0.96408,0
20880,1.09959,0
20881,0.327207,0
20882,10.446505,0
20883,0.341442,0
20884,13.90498,0
20885,0.718644,0
20886,3.524868,0
20887,0.265672,0
20888,0.422748,0
20889,0.322345,0
20890,9.785981,0
20891,9.389533,1
20892,0.752794,1
20893,0.444948,0
20894,9.4116,0
20895,9.069442,0
20896,3.709718,1
20897,11.241832,0
20898,0.166641,0
20899,0.329073,0
20900,0.341104,0
20901,1.162722,0
20902,0.52565,0
20903,1.148755,0
20904,3.178384,0
20905,2.391856,1
20906,1.880811,0
20907,9.478289,0
20908,0.45322,0
20909,12.402016,0
20910,1.164835,0
20911,1.158316,1
20912,0.306973,0
20913,0.21939,0
20914,0.871314,0
20915,0.193419,0
20916,10.056713,0
20917,4.105249,1
20918,0.725948,0
20919,9.466953,1
20920,1.506896,1
20921,0.243812,0
20922,9.507291,0
20923,0.529788,0
20924,0.624762,0
20925,11.25228,0
20926,0.341926,0
20927,9.607512,0
20928,0.210672,0
20929,1.021327,0
20930,9.520464,1
20931,0.774267,0
20932,0.563362,0
20933,1.59815,1
20934,0.080997,0
20935,0.534575,0
20936,9.317458,0
20937,1.529574,0
20938,0.545011,0
20939,11.063705,0
20940,0.311897,0
20941,9.17829,0
20942,0.467096,0
20943,2.809678,0
20944,0.562587,1
20945,0.674396,0
20946,0.423691,0
20947,0.140018,0
20948,2.266663,0
20949,0.399561,0
20950,0.59472,0
20951,9.826118,0
20952,8.757748,1
20953,0.357131,0
20954,0.741826,0
20955,0.055345,0
20956,0.150334,0
20957,0.536507,0
20958,1.129473,0
20959,0.231042,0
20960,0.4527,0
20961,2.367027,0
20962,0.35428,0
20963,0.206305,0
20964,8.645605,0
20965,0.274657,0
20966,0.504065,0
20967,9.449842,0
20968,11.154628,0
20969,12.799572,1
20970,8.846628,0
20971,0.501575,0
20972,2.00605,0
20973,0.427388,0
20974,1.336803,0
20975,11.659053,0
20976,0.118047,0
20977,9.33824,0
20978,0.644197,0
20979,0.479038,0
20980,0.031871,0
20981,0.174331,0
20982,0.536181,0
20983,0.602054,0
20984,0.175764,0
20985,9.996632,0
20986,0.360898,0
20987,3.16923,0
20988,0.984728,0
20989,0.911018,0
20990,0.166986,0
20991,0.351861,0
20992,2.64805,1
20993,2.480863,0
20994,8.920086,1
20995,10.958032,0
20996,1.772093,1
20997,0.537821,0
20998,1.760187,0
20999,0.441008,0
21000,10.219433,0
21001,0.140829,0
21002,0.281604,0
21003,1.895504,0
21004,0.289043,0
21005,1.59032,0
21006,0.418978,0
21007,3.963681,1
21008,0.4411,0
21009,10.676551,0
21010,0.248216,0
21011,3.611232,1
21012,0.311001,0
21013,0.234063,0
21014,8.930361,1
21015,1.448056,0
21016,0.057779,0
21017,8.999194,0
21018,0.763578,0
21019,0.662611,0
21020,10.680264,0
21021,0.067789,0
21022,0.560833,0
21023,1.31841,1
21024,8.903445,0
21025,9.840766,0
21026,0.411713,0
21027,0.390542,0
21028,0.41052,0
21029,0.662115,0
21030,0.490465,0
21031,10.258237,0
21032,0.994735,0
21033,0.172346,0
21034,2.20914,1
21035,2.50364,0
21036,0.252074,0
21037,1.099316,1
21038,0.26141,0
21039,0.523575,0
21040,0.727765,0
21041,1.057981,0
21042,0.416452,0
21043,1.416727,1
21044,0.471571,0
21045,0.047161,0
21046,0.444298,0
21047,0.276905,0
21048,9.391418,0
21049,0.099892,0
21050,0.472124,0
21051,8.888659,0
21052,0.074302,0
21053,0.762661,0
21054,10.122847,0
21055,0.755025,0
21056,0.137365,0
21057,0.376327,0
21058,0.120609,0
21059,0.966427,0
21060,0.620835,0
21061,0.378699,0
21062,0.351685,0
21063,0.312062,0
21064,0.275361,0
21065,0.392292,0
21066,0.42388,0
21067,0.322487,0
21068,9.952755,0
21069,10.981502,0
21070,0.284603,0
21071,0.327991,0
21072,0.188666,0
21073,10.394364,0
21074,0.286641,0
21075,1.381637,0
21076,1.409985,0
21077,0.040625,0
21078,0.236421,0
21079,9.46056,0
21080,0.317265,0
21081,2.136915,1
21082,1.069927,0
21083,0.905963,0
21084,0.775697,0
21085,10.686655,0
21086,0.61395,0
21087,11.021077,0
21088,0.13354,0
21089,9.343828,0
21090,0.357828,0
21091,2.355584,0
21092,0.580897,0
21093,0.22247,0
21094,10.406391,0
21095,0.963353,0
21096,0.829032,0
21097,0.392456,0
21098,0.352366,0
21099,0.645721,0
21100,0.769607,0
21101,3.959737,0
21102,0.220995,0
21103,0.165083,0
21104,0.136096,0
21105,0.237133,0
21106,0.472515,0
21107,0.349665,0
21108,9.703424,0
21109,0.490388,0
21110,0.283958,0
21111,2.134909,0
21112,0.586519,0
21113,1.247784,0
21114,0.181801,0
21115,8.906094,0
21116,9.659075,0
21117,0.650893,0
21118,9.387137,0
21119,9.077888,0
21120,0.560729,0
21121,11.209225,0
21122,1.150605,0
21123,0.495687,0
21124,0.086951,0
21125,2.470318,1
21126,0.23277,0
21127,2.400061,1
21128,0.254916,0
21129,0.563262,0
21130,0.765565,0
21131,0.281789,0
21132,0.484005,0
21133,1.744218,0
21134,11.809148,0
21135,12.557413,0
21136,0.582466,1
21137,2.597719,1
21138,0.4548,0
21139,0.682407,0
21140,0.226509,0
21141,0.245282,1
21142,3.330114,1
21143,1.220852,0
21144,10.548349,0
21145,0.448114,0
21146,0.258403,0
21147,0.400257,0
21148,9.950583,0
21149,0.071737,0
21150,0.943832,1
21151,1.836162,1
21152,0.588488,0
21153,0.477812,0
21154,0.258109,0
21155,0.379448,0
21156,0.453398,0
21157,0.690996,0
21158,0.340614,0
21159,8.293207,1
21160,10.177263,0
21161,2.055914,0
21162,1.185062,0
21163,1.241191,0
21164,0.232292,0
21165,9.213914,0
21166,0.423902,0
21167,2.383111,1
21168,1.37622,1
21169,0.731338,0
21170,0.284583,0
21171,0.414027,0
21172,0.470634,0
21173,0.588679,0
21174,0.617948,0
21175,0.222241,0
21176,0.143912,0
21177,1.241928,0
21178,0.579071,0
21179,1.668754,0
21180,12.74686,0
21181,11.063272,0
21182,0.119703,0
21183,0.898025,0
21184,9.353923,0
21185,2.041512,0
21186,2.145014,1
21187,0.260242,0
21188,0.24231,0
21189,0.496418,0
21190,10.065285,0
21191,0.544989,0
21192,0.501449,0
21193,0.988965,1
21194,0.436268,1
21195,0.439977,0
21196,1.357298,0
21197,0.218117,0
21198,0.036634,0
21199,0.821886,0
21200,8.554622,1
21201,0.400576,0
21202,0.523426,0
21203,0.533909,0
21204,0.095513,0
21205,0.514741,0
21206,0.153049,0
21207,2.717382,0
21208,1.819034,0
21209,0.408884,0
21210,11.397311,0
21211,0.184717,0
21212,0.417121,0
21213,0.405721,0
21214,10.679301,0
21215,1.444454,0
21216,0.304475,0
21217,0.559498,0
21218,0.077253,0
21219,0.202168,0
21220,11.056071,1
21221,9.356532,0
21222,0.262038,0
21223,10.222516,0
21224,1.134262,0
21225,0.373295,0
21226,1.267628,0
21227,2.744968,0
21228,0.381163,0
21229,0.321967,0
21230,0.385859,0
21231,0.228498,0
21232,0.44374,0
21233,0.047628,0
21234,0.318954,0
21235,0.197527,0
21236,0.307015,0
21237,0.284794,0
21238,0.157849,0
21239,1.240109,0
21240,0.819951,1
21241,9.647223,0
21242,1.116053,0
21243,1.986881,1
21244,0.429822,0
21245,0.347001,0
21246,10.81639,0
21247,0.867305,0
21248,1.323845,1
21249,10.080921,0
21250,0.812731,0
21251,11.704033,0
21252,0.437242,0
21253,0.376322,0
21254,10.696917,0
21255,1.993414,0
21256,1.857801,0
21257,0.159975,0
21258,2.702188,0
21259,0.282684,0
21260,0.214886,0
21261,0.27325,0
21262,1.766735,0
21263,0.836406,0
21264,2.939931,0
21265,0.442296,0
21266,0.077848,0
21267,9.471452,1
21268,0.303065,0
21269,0.21858,0
21270,1.470497,0
21271,9.236976,0
21272,1.120348,0
21273,1.301582,0
21274,1.629887,0
21275,0.435414,0
21276,2.445329,0
21277,0.338109,0
21278,2.982642,0
21279,9.683141,0
21280,1.125429,0
21281,0.187478,0
21282,0.063633,0
21283,9.140425,0
21284,0.772902,0
21285,0.256856,0
21286,0.719368,0
21287,0.479927,0
21288,0.289727,0
21289,0.737951,0
21290,0.121431,0
21291,0.425821,0
21292,0.628389,0
21293,10.526582,0
21294,0.281588,0
21295,0.511151,0
21296,8.476542,1
21297,0.471591,0
21298,0.42602,0
21299,0.368535,0
21300,2.73114,1
21301,11.750151,0
21302,0.115632,0
21303,1.912699,0
21304,10.565463,0
21305,0.18405,0
21306,4.499808,1
21307,0.520552,0
21308,0.120189,0
21309,0.411567,0
21310,0.123699,0
21311,2.105436,0
21312,0.415028,0
21313,1.91349,0
21314,1.563252,1
21315,0.146839,0
21316,0.267614,0
21317,0.501216,0
21318,0.421906,0
21319,0.267503,0
21320,0.185218,0
21321,0.299881,0
21322,0.355328,0
21323,0.518663,0
21324,0.544414,0
21325,0.805053,0
21326,0.372189,0
21327,9.835597,0
21328,0.047303,0
21329,0.21046,0
21330,0.266515,0
21331,0.137204,0
21332,3.205535,1
21333,0.150952,0
21334,0.468587,0
21335,10.441258,0
21336,0.459226,0
21337,0.652614,0
21338,12.062666,0
21339,0.818228,0
21340,1.124879,1
21341,0.299371,0
21342,0.15164,0
21343,0.642861,0
21344,0.448348,0
21345,0.232955,0
21346,1.869883,0
21347,2.042045,1
21348,0.675092,0
21349,0.606652,0
21350,3.107074,1
21351,0.22021,0
21352,0.279981,0
21353,0.129167,0
21354,9.4539,0
21355,8.8901,1
21356,0.261254,0
21357,0.275128,0
21358,9.068251,0
21359,0.166444,0
21360,10.334713,0
21361,0.336661,0
21362,0.545664,0
21363,0.531215,0
21364,0.699267,0
21365,0.045455,0
21366,8.901616,0
21367,0.392348,0
21368,11.321414,0
21369,0.626728,0
21370,0.579193,0
21371,9.165572,0
21372,0.336096,0
21373,9.800543,1
21374,0.739651,0
21375,0.154731,0
21376,9.46453,0
21377,0.314347,0
21378,9.754659,0
21379,10.908973,1
21380,2.550077,0
21381,0.768278,0
21382,0.277605,0
21383,0.273604,0
21384,9.745446,0
21385,1.222727,1
21386,0.292126,0
21387,8.914061,0
21388,1.056027,0
21389,0.093991,0
21390,2.399869,0
21391,3.967316,0
21392,0.441921,0
21393,0.225306,0
21394,0.680415,0
21395,0.318265,0
21396,0.195465,0
21397,10.630419,0
21398,1.333423,0
21399,0.116979,0
21400,0.314573,0
21401,0.445755,0
21402,0.162198,0
21403,0.347115,0
21404,0.347762,0
21405,0.654721,0
21406,1.554991,1
21407,0.396449,0
21408,0.30122,0
21409,0.27927,0
21410,0.415247,0
21411,0.491756,0
21412,1.501245,0
21413,0.621145,0
21414,9.35218,1
21415,0.581583,0
21416,0.318561,0
21417,0.321609,0
21418,9.194718,0
21419,1.489874,0
21420,0.263628,0
21421,0.469389,0
21422,0.089946,0
21423,0.062776,0
21424,0.839148,0
21425,0.485843,1
21426,0.063871,0
21427,9.876866,0
21428,0.426875,0
21429,8.319801,1
21430,0.310413,0
21431,0.312787,0
21432,0.468036,0
21433,0.365977,0
21434,0.382904,0
21435,0.481971,0
21436,11.154651,0
21437,12.115749,0
21438,0.200437,0
21439,2.691326,1
21440,0.15206,0
21441,0.632288,1
21442,0.332048,0
21443,1.476886,0
21444,9.466871,0
21445,10.830337,0
21446,0.269242,0
21447,8.962836,0
21448,0.436876,0
21449,0.554426,0
21450,1.731862,1
21451,0.76497,0
21452,1.341127,0
21453,1.213956,0
21454,9.523884,0
21455,0.356266,0
21456,0.379824,0
21457,0.676177,0
21458,0.071688,0
21459,1.23961,0
21460,0.45569,0
21461,8.910884,0
21462,1.003755,1
21463,1.122708,0
21464,0.742603,0
21465,0.363241,1
21466,0.497742,0
21467,10.729728,0
21468,0.122366,0
21469,9.87176,1
21470,1.226686,1
21471,0.75487,0
21472,0.267655,1
21473,1.25968,0
21474,11.653532,0
21475,0.626838,1
21476,3.079722,1
21477,10.229892,0
21478,10.073933,0
21479,1.011283,0
21480,0.617498,0
21481,0.870413,0
21482,1.272132,0
21483,0.556467,0
21484,0.290409,0
21485,0.486055,0
21486,10.217815,0
21487,0.154436,0
21488,0.305336,0
21489,8.808255,1
21490,9.707049,0
21491,0.099157,0
21492,0.704932,0
21493,2.784451,1
21494,0.196887,0
21495,0.296013,0
21496,10.087545,1
21497,0.028136,0
21498,0.295325,0
21499,0.313189,0
21500,11.357619,0
21501,0.042722,0
21502,10.002396,0
21503,9.195718,0
21504,0.258787,0
21505,9.335746,0
21506,0.479793,1
21507,0.126431,0
21508,1.931389,1
21509,0.135967,0
21510,1.145428,0
21511,8.559476,0
21512,0.960436,0
21513,9.644536,0
21514,1.306024,0
21515,9.708033,0
21516,0.55555,1
21517,0.115283,0
21518,3.448598,0
21519,4.149951,1
21520,0.11745,0
21521,10.450161,0
21522,4.358488,0
21523,0.233555,0
21524,10.047128,0
21525,1.671932,0
21526,0.186972,0
21527,10.842479,0
21528,0.193501,0
21529,3.494763,1
21530,0.665404,0
21531,0.424192,0
21532,0.251222,0
21533,0.372238,0
21534,2.075524,0
21535,0.282089,0
21536,9.234573,0
21537,2.859218,0
21538,9.636627,0
21539,0.423085,0
21540,2.735906,0
21541,0.6309,1
21542,0.394616,0
21543,1.701263,1
21544,0.968109,0
21545,0.11747,0
21546,3.243704,1
21547,0.503567,0
21548,0.320285,0
21549,0.211196,0
21550,10.355056,1
21551,2.279964,1
21552,0.428097,0
21553,1.668354,0
21554,9.288094,1
21555,0.100945,0
21556,0.292946,0
21557,10.373863,0
21558,10.109459,0
21559,0.965041,0
21560,9.659644,0
21561,11.164431,0
21562,0.992382,0
21563,3.084392,0
21564,9.451162,1
21565,9.645752,0
21566,0.51418,0
21567,8.77457,0
21568,9.255318,0
21569,9.649432,0
21570,0.277383,0
21571,3.954656,0
21572,0.336501,0
21573,0.898211,0
21574,0.453234,0
21575,9.119838,0
21576,4.293784,0
21577,9.828373,0
21578,0.516188,0
21579,0.937422,0
21580,10.804829,0
21581,0.203942,0
21582,2.907969,0
21583,0.304698,0
21584,0.131775,0
21585,0.707569,0
21586,1.242241,0
21587,0.304835,0
21588,3.526185,1
21589,0.510107,0
21590,0.070386,0
21591,0.512321,0
21592,0.68991,0
21593,0.110383,1
21594,1.581037,0
21595,0.108461,0
21596,0.047656,0
21597,0.599662,0
21598,1.301224,0
21599,0.401106,0
21600,1.790093,0
21601,9.436381,0
21602,0.901115,0
21603,10.102277,0
21604,11.212438,0
21605,0.348437,0
21606,0.21312,0
21607,2.349731,0
21608,2.113329,0
21609,3.846474,1
21610,10.084172,0
21611,0.702032,0
21612,0.296831,0
21613,0.199505,0
21614,1.195673,0
21615,8.872342,0
21616,0.691981,0
21617,0.500062,0
21618,10.082129,0
21619,10.837494,0
21620,0.88762,0
21621,0.074859,0
21622,10.136514,0
21623,1.012661,0
21624,0.823271,0
21625,0.314423,0
21626,0.296448,0
21627,1.542723,0
21628,0.223472,0
21629,10.459009,0
21630,11.327159,0
21631,0.263062,0
21632,0.279088,0
21633,0.47299,0
21634,1.000846,0
21635,0.389996,0
21636,0.7601,0
21637,0.072548,0
21638,1.065558,0
21639,1.322256,0
21640,0.246355,0
21641,0.426977,0
21642,0.601891,0
21643,0.76758,0
21644,10.062876,0
21645,0.444454,0
21646,0.404346,0
21647,0.380082,0
21648,1.040774,0
21649,1.620865,1
21650,0.270587,0
21651,0.409047,0
21652,0.34079,0
21653,0.352409,0
21654,0.410165,0
21655,0.64269,0
21656,10.830549,0
21657,9.687429,0
21658,0.365978,0
21659,0.257687,0
21660,0.215663,0
21661,2.373082,0
21662,0.316995,0
21663,0.235945,0
21664,2.701721,1
21665,0.223339,0
21666,0.200432,0
21667,1.211509,1
21668,1.19857,0
21669,0.836606,0
21670,0.240904,0
21671,0.484774,0
21672,10.497781,0
21673,2.711491,1
21674,0.324696,0
21675,0.561976,0
21676,1.958187,0
21677,1.070987,0
21678,11.169276,0
21679,1.233966,0
21680,0.362732,0
21681,10.29867,0
21682,3.987888,0
21683,0.817473,0
21684,8.991331,0
21685,0.484371,0
21686,0.371322,0
21687,11.020453,0
21688,10.301495,1
21689,0.315842,0
21690,9.02139,1
21691,0.21452,1
21692,0.951222,0
21693,0.424218,0
21694,3.646549,0
21695,8.920083,0
21696,1.134047,0
21697,0.306351,0
21698,0.76336,0
21699,0.387078,0
21700,0.941879,0
21701,0.091372,0
21702,0.21612,0
21703,0.545583,0
21704,1.130043,0
21705,0.454726,0
21706,9.841961,0
21707,0.989641,0
21708,0.481869,0
21709,9.36152,1
21710,1.470947,0
21711,0.680365,0
21712,1.038216,0
21713,0.516851,0
21714,0.325282,0
21715,2.120715,0
21716,1.090389,0
21717,0.544275,0
21718,0.099047,0
21719,0.274588,0
21720,0.388746,0
21721,9.87585,0
21722,0.239789,0
21723,0.433163,0
21724,0.159418,0
21725,0.500661,0
21726,2.06349,0
21727,0.60216,0
21728,0.315971,0
21729,9.166828,0
21730,0.279969,0
21731,0.374346,0
21732,10.103566,0
21733,0.756571,1
21734,0.467193,0
21735,1.157333,0
21736,0.455272,0
21737,0.563709,0
21738,0.441795,0
21739,0.091542,0
21740,9.704312,0
21741,0.602236,0
21742,8.889977,0
21743,0.16992,0
21744,0.991602,0
21745,0.202667,0
21746,0.369125,0
21747,10.968332,0
21748,9.81707,0
21749,0.499498,0
21750,11.180651,0
21751,0.293679,0
21752,0.599081,0
21753,0.26275,0
21754,0.10205,0
21755,0.383399,0
21756,0.271129,0
21757,1.032256,0
21758,0.366044,0
21759,9.850712,0
21760,0.263035,0
21761,0.175496,0
21762,0.055811,0
21763,2.028189,1
21764,0.502149,0
21765,8.80391,1
21766,0.68349,0
21767,0.060027,0
21768,0.248509,0
21769,8.356441,0
21770,0.222746,0
21771,11.922832,0
21772,0.444606,0
21773,0.364475,0
21774,9.649696,0
21775,9.087002,0
21776,2.708581,1
21777,1.631925,0
21778,0.253492,0
21779,0.083644,0
21780,2.749107,1
21781,3.93468,1
21782,0.459294,0
21783,1.008785,0
21784,0.777887,0
21785,10.053148,0
21786,10.022787,0
21787,0.700733,0
21788,2.564974,1
21789,0.230602,0
21790,0.247653,0
21791,0.40153,0
21792,1.306732,0
21793,0.383195,0
21794,9.27345,0
21795,5.106626,1
21796,0.792557,1
21797,0.578545,0
21798,0.050207,0
21799,0.451283,0
21800,0.410847,0
21801,0.696897,0
21802,0.493265,0
21803,0.525648,0
21804,8.88585,0
21805,10.210073,0
21806,10.877778,0
21807,0.131258,0
21808,0.049406,0
21809,1.579473,0
21810,0.282912,0
21811,1.516018,0
21812,0.085046,0
21813,9.317095,0
21814,0.383311,0
21815,4.197959,0
21816,0.144566,0
21817,0.726413,0
21818,0.509366,0
21819,0.310749,0
21820,10.956985,0
21821,8.823057,0
21822,0.381937,0
21823,0.400619,0
21824,0.249992,0
21825,0.203005,0
21826,0.455108,0
21827,9.057416,1
21828,0.075978,0
21829,3.718503,1
21830,0.581586,0
21831,2.409584,0
21832,9.870423,0
21833,0.181308,0
21834,11.770287,0
21835,2.421383,0
21836,10.012183,0
21837,1.017988,0
21838,0.764811,0
21839,0.146119,0
21840,2.902789,0
21841,1.496081,0
21842,0.765972,0
21843,7.845408,0
21844,0.439724,0
21845,0.476512,0
21846,0.416565,0
21847,0.964515,0
21848,0.361999,0
21849,0.392863,0
21850,10.497406,0
21851,0.137038,0
21852,0.19058,0
21853,0.893631,0
21854,0.396045,0
21855,0.301929,0
21856,0.639662,0
21857,11.592472,0
21858,2.389533,0
21859,0.27164,0
21860,2.036428,0
21861,8.885413,0
21862,2.153758,0
21863,0.553429,0
21864,0.362081,0
21865,0.089916,0
21866,0.061194,0
21867,0.404861,0
21868,0.30792,0
21869,10.039756,1
21870,0.586591,0
21871,0.325373,0
21872,0.424799,0
21873,9.109682,1
21874,2.193286,0
21875,11.505787,0
21876,0.323641,0
21877,9.174768,1
21878,9.30075,0
21879,0.300501,0
21880,0.71402,0
21881,0.501078,0
21882,0.06228,0
21883,0.488759,0
21884,0.477037,0
21885,0.203658,0
21886,0.323594,0
21887,9.789054,0
21888,0.126334,0
21889,0.982024,0
21890,0.144369,0
21891,0.128296,0
21892,0.799981,0
21893,0.545554,0
21894,0.230373,0
21895,0.356936,0
21896,0.285653,0
21897,1.312072,1
21898,3.473043,1
21899,0.687477,0
21900,10.215797,0
21901,11.906674,0
21902,10.495661,0
21903,0.27469,0
21904,0.293772,0
21905,0.269778,0
21906,0.868743,0
21907,1.072904,0
21908,2.883789,0
21909,9.393441,0
21910,1.035891,0
21911,8.417915,0
21912,10.199972,1
21913,11.283779,1
21914,0.742327,0
21915,1.476014,0
21916,0.945198,0
21917,0.046186,0
21918,0.540544,0
21919,0.209989,0
21920,0.727486,0
21921,9.800549,1
21922,1.143726,0
21923,0.338042,0
21924,0.674155,0
21925,2.070694,0
21926,0.390196,0
21927,0.16163,0
21928,0.819311,1
21929,0.85584,0
21930,9.327435,0
21931,3.228493,1
21932,0.478227,0
21933,9.807232,0
21934,0.44188,1
21935,1.278861,1
21936,0.893567,0
21937,10.479565,0
21938,0.435104,0
21939,0.715108,0
21940,0.583166,0
21941,0.415838,0
21942,0.728022,0
21943,9.380356,0
21944,2.432312,1
21945,0.381387,0
21946,0.405166,0
21947,0.382216,0
21948,9.396699,0
21949,10.910294,0
21950,0.191638,0
21951,1.135421,0
21952,0.263388,0
21953,0.350263,0
21954,0.248947,0
21955,0.592623,0
21956,2.288387,1
21957,1.980286,1
21958,9.156064,0
21959,2.083286,0
21960,0.686397,0
21961,0.446343,0
21962,0.319198,0
21963,1.972997,0
21964,0.745522,0
21965,0.13825,0
21966,0.843789,0
21967,11.230249,0
21968,0.572807,0
21969,0.222441,0
21970,9.159133,0
21971,0.24157,0
21972,0.294973,0
21973,2.554394,0
21974,2.676437,1
21975,1.302576,0
21976,0.326651,0
21977,1.755609,0
21978,5.703713,1
21979,0.800046,0
21980,2.236711,0
21981,0.053227,0
21982,0.181243,0
21983,0.022439,0
21984,0.560566,0
21985,9.403826,0
21986,1.01632,0
21987,10.422646,0
21988,9.85592,0
21989,0.386494,0
21990,0.245395,0
21991,0.45392,0
21992,0.271926,0
21993,1.60387,0
21994,0.231343,1
21995,2.889071,0
21996,0.567382,0
21997,0.440462,0
21998,9.023162,0
21999,0.536552,0
22000,0.488002,0
22001,10.213345,0
22002,0.244023,0
22003,0.256792,0
22004,0.284508,0
22005,0.232331,0
22006,1.148671,0
22007,0.305882,0
22008,1.150661,0
22009,0.679029,0
22010,0.535653,0
22011,9.398583,0
22012,0.268323,1
22013,0.606518,0
22014,0.451637,0
22015,0.251196,0
22016,1.555271,0
22017,1.140723,1
22018,0.082558,0
22019,10.435369,0
22020,0.912296,0
22021,8.739873,0
22022,0.215629,0
22023,10.616628,0
22024,0.488633,0
22025,10.056726,0
22026,2.299128,0
22027,0.542057,0
22028,1.121218,1
22029,1.124969,0
22030,1.489126,0
22031,10.798131,0
22032,0.362513,1
22033,0.347977,0
22034,1.534212,0
22035,0.868227,0
22036,0.864101,0
22037,0.94305,0
22038,0.166609,0
22039,8.85084,0
22040,2.162301,0
22041,9.321502,0
22042,0.90434,0
22043,1.909509,0
22044,1.430296,0
22045,0.294839,0
22046,0.443969,0
22047,0.193544,0
22048,4.120391,1
22049,0.148817,0
22050,10.651166,0
22051,0.427844,0
22052,0.393167,0
22053,1.372791,0
22054,0.169626,0
22055,0.149217,0
22056,0.508358,0
22057,3.013512,0
22058,3.336732,0
22059,0.914652,0
22060,1.769476,0
22061,0.045472,0
22062,0.893206,0
22063,0.784369,0
22064,1.508679,0
22065,3.498239,0
22066,8.135571,0
22067,0.210175,0
22068,0.179885,0
22069,0.547715,0
22070,0.442173,0
22071,0.655775,0
22072,0.090389,0
22073,0.389297,0
22074,0.566504,0
22075,0.770683,0
22076,0.297852,0
22077,1.351893,0
22078,8.859388,0
22079,0.46981,0
22080,0.267599,0
22081,0.508624,0
22082,1.291145,0
22083,1.832167,1
22084,1.120033,0
22085,1.5423,0
22086,2.243407,0
22087,1.244415,0
22088,0.517097,0
22089,0.320074,0
22090,10.448775,0
22091,0.508981,0
22092,11.698407,1
22093,9.86604,0
22094,0.422343,0
22095,0.399124,0
22096,0.485343,0
22097,0.170052,0
22098,1.696793,0
22099,0.425673,0
22100,1.814751,0
22101,0.385873,1
22102,10.188564,0
22103,0.425772,0
22104,0.838759,0
22105,8.674787,0
22106,0.408357,0
22107,1.578834,1
22108,10.005676,0
22109,0.102086,0
22110,0.514991,0
22111,0.236839,0
22112,0.804515,0
22113,2.361014,0
22114,9.25077,0
22115,1.462019,0
22116,9.881001,0
22117,0.180342,0
22118,0.873557,0
22119,0.052677,0
22120,0.449416,0
22121,8.587099,0
22122,0.413646,0
22123,9.898938,0
22124,0.203941,0
22125,2.180078,0
22126,0.318766,0
22127,3.074649,0
22128,0.093289,0
22129,1.438391,0
22130,0.578165,0
22131,5.008232,0
22132,0.160521,0
22133,1.664059,1
22134,0.854279,0
22135,1.767075,1
22136,0.775696,0
22137,9.521859,0
22138,0.48927,0
22139,0.369432,0
22140,0.720952,0
22141,10.605,0
22142,0.065204,0
22143,0.437865,0
22144,2.097219,1
22145,1.158845,0
22146,0.180792,0
22147,0.04194,0
22148,0.101367,0
22149,0.52486,0
22150,0.998656,0
22151,0.88182,0
22152,0.872804,0
22153,9.889933,0
22154,1.660298,0
22155,1.060495,0
22156,0.423141,0
22157,0.382001,0
22158,0.503499,1
22159,0.573432,0
22160,0.831182,0
22161,0.542809,0
22162,0.781774,0
22163,0.278363,0
22164,1.98354,0
22165,10.358239,0
22166,1.223628,0
22167,0.290018,0
22168,0.292942,0
22169,1.927114,0
22170,0.308246,0
22171,9.965589,0
22172,10.803811,0
22173,1.788257,0
22174,9.235709,0
22175,0.316925,0
22176,0.943329,0
22177,0.670943,0
22178,0.814202,0
22179,0.476932,0
22180,1.497969,1
22181,0.205379,1
22182,0.404277,0
22183,0.277449,0
22184,0.478196,0
22185,0.349609,0
22186,9.486322,0
22187,0.233495,0
22188,8.518573,0
22189,0.872154,0
22190,3.002403,0
22191,11.621556,0
22192,10.549351,1
22193,0.484092,0
22194,0.428313,0
22195,0.399588,0
22196,1.345963,0
22197,10.241296,1
22198,0.952178,0
22199,0.182803,0
22200,1.425589,0
22201,0.329452,0
22202,1.375251,0
22203,0.373048,0
22204,1.117208,0
22205,0.430083,0
22206,0.443473,0
22207,0.866953,1
22208,0.338524,0
22209,1.717042,0
22210,0.412516,0
22211,0.522595,0
22212,11.472849,0
22213,0.36123,0
22214,0.297282,0
22215,10.29654,0
22216,1.053093,0
22217,0.930145,0
22218,0.304996,0
22219,8.72268,1
22220,0.160151,0
22221,1.900199,0
22222,9.940591,0
22223,0.34181,0
22224,10.103102,1
22225,0.284818,0
22226,1.868828,0
22227,0.503611,0
22228,0.399498,0
22229,0.782151,0
22230,8.998531,1
22231,0.324375,0
22232,9.492419,0
22233,0.281736,0
22234,10.834198,0
22235,0.884569,0
22236,9.483225,0
22237,0.831763,0
22238,0.331707,0
22239,0.044239,0
22240,0.403639,0
22241,0.549506,0
22242,1.773372,0
22243,0.951729,0
22244,2.523382,1
22245,10.08801,0
22246,0.639558,0
22247,10.317023,0
22248,0.143476,0
22249,1.000617,0
22250,2.663755,0
22251,2.248713,0
22252,0.224518,0
22253,0.218759,0
22254,0.270518,0
22255,2.837404,0
22256,0.083992,0
22257,0.041223,0
22258,9.974316,0
22259,0.388908,0
22260,1.013309,0
22261,10.31306,0
22262,10.387965,0
22263,10.101553,1
22264,0.341953,0
22265,0.236178,0
22266,1.22428,0
22267,0.338742,0
22268,0.400652,0
22269,0.556275,1
22270,9.925762,0
22271,1.10913,0
22272,0.548558,0
22273,10.486589,0
22274,12.60617,0
22275,0.262879,0
22276,0.281084,0
22277,0.754291,0
22278,0.296118,0
22279,0.523425,0
22280,9.156805,0
22281,0.85147,0
22282,8.175178,0
22283,1.817103,0
22284,0.32549,0
22285,0.781585,0
22286,9.269939,0
22287,0.916805,1
22288,9.895662,0
22289,0.361359,0
22290,0.303707,0
22291,1.52549,0
22292,0.270504,0
22293,0.396447,0
22294,0.752505,0
22295,2.216007,0
22296,0.560225,0
22297,8.980333,0
22298,10.803562,0
22299,9.041095,1
22300,0.12931,0
22301,0.307734,0
22302,0.642289,1
22303,0.304054,0
22304,2.136979,0
22305,10.170053,0
22306,10.00624,0
22307,0.195599,0
22308,10.572547,0
22309,0.700011,0
22310,0.271582,0
22311,10.301908,0
22312,0.422106,0
22313,0.419384,0
22314,0.356047,0
22315,0.358282,0
22316,10.510293,1
22317,2.008739,0
22318,0.339559,0
22319,0.954642,0
22320,1.292337,0
22321,1.208464,0
22322,0.400861,0
22323,0.424558,0
22324,0.31237,0
22325,0.535608,0
22326,0.267095,0
22327,2.656368,1
22328,0.323343,0
22329,0.40217,0
22330,0.639692,0
22331,0.174067,0
22332,1.085818,0
22333,0.490321,0
22334,0.270752,0
22335,5.104837,0
22336,0.408054,0
22337,0.289576,0
22338,0.16901,0
22339,0.505892,0
22340,8.64944,0
22341,9.064922,0
22342,0.726316,0
22343,0.618343,1
22344,0.539454,0
22345,0.150362,0
22346,0.360204,0
22347,8.129873,0
22348,0.566632,0
22349,0.363905,0
22350,1.46225,0
22351,0.49586,0
22352,0.199044,0
22353,0.351896,0
22354,0.487259,0
22355,1.000964,1
22356,0.512582,0
22357,0.292604,0
22358,9.057506,0
22359,0.633431,0
22360,10.057081,1
22361,0.06776,0
22362,10.907958,0
22363,0.533138,1
22364,1.45012,0
22365,0.392195,0
22366,0.854066,0
22367,8.840523,0
22368,8.841418,0
22369,0.207024,0
22370,9.493085,0
22371,8.738876,0
22372,8.90156,0
22373,10.926842,0
22374,10.432094,0
22375,9.612473,0
22376,1.186255,0
22377,0.298361,0
22378,9.695973,0
22379,0.108138,0
22380,0.435326,0
22381,0.8752,0
22382,2.214652,0
22383,0.857019,1
22384,0.472074,0
22385,1.794685,0
22386,0.530581,0
22387,0.428543,0
22388,1.023523,0
22389,0.345324,0
22390,0.085607,0
22391,1.364706,0
22392,0.16951,0
22393,0.362096,0
22394,0.903425,0
22395,0.478582,0
22396,0.585495,0
22397,1.286417,0
22398,0.331784,0
22399,0.185738,0
22400,9.971873,0
22401,9.041918,0
22402,0.258995,0
22403,0.060149,0
22404,0.617211,0
22405,0.454105,0
22406,0.444892,0
22407,2.861284,0
22408,0.242783,1
22409,10.277305,0
22410,2.309484,0
22411,0.728981,0
22412,0.437593,0
22413,3.31278,0
22414,0.45305,0
22415,1.906799,1
22416,3.994293,0
22417,0.346544,0
22418,0.819112,0
22419,0.6601,0
22420,0.098666,0
22421,10.28651,0
22422,9.754169,0
22423,1.893087,0
22424,0.241732,0
22425,1.522974,0
22426,0.732955,0
22427,8.952968,0
22428,0.422166,0
22429,3.956098,1
22430,0.693461,0
22431,0.322354,0
22432,0.579366,0
22433,9.816188,0
22434,0.548059,0
22435,0.345384,0
22436,0.062284,0
22437,1.567812,0
22438,0.440961,0
22439,9.932433,0
22440,0.729299,0
22441,0.336255,0
22442,0.089862,0
22443,0.307295,0
22444,0.314642,0
22445,0.68953,1
22446,9.366549,0
22447,0.944819,0
22448,0.419706,0
22449,9.162908,0
22450,0.298958,0
22451,0.25701,0
22452,8.74865,0
22453,0.021365,0
22454,0.405804,0
22455,9.509798,0
22456,0.088506,0
22457,0.255281,0
22458,0.600707,1
22459,2.807107,0
22460,1.181344,0
22461,0.047083,0
22462,0.219055,0
22463,0.385228,0
22464,10.706481,0
22465,10.210914,0
22466,3.67609,0
22467,0.385551,0
22468,0.238932,0
22469,0.685218,0
22470,0.347892,0
22471,0.538707,0
22472,10.504675,1
22473,1.068972,0
22474,9.62272,1
22475,0.343749,0
22476,0.227817,0
22477,0.175172,0
22478,0.261838,0
22479,0.071888,0
22480,1.292875,0
22481,0.702524,0
22482,10.225047,0
22483,1.756629,0
22484,0.358666,0
22485,0.513206,0
22486,0.489765,0
22487,0.429823,0
22488,0.185811,0
22489,9.931468,0
22490,8.829884,0
22491,3.170794,1
22492,0.295822,0
22493,0.447004,0
22494,0.866024,1
22495,0.394052,0
22496,0.317198,0
22497,2.219331,0
22498,0.541462,1
22499,1.071991,0
