sample_idx,loss,is_noisy
0,9.403199,1
1,8.962053,1
2,10.214583,1
3,10.254067,1
4,10.645623,0
5,0.000262,1
6,8.599986,1
7,0.000198,1
8,0.000481,1
9,0.00031,1
10,7.902252,1
11,0.000139,0
12,0.000218,1
13,10.349925,1
14,12.413981,0
15,0.000401,1
16,10.677601,1
17,9.7526,1
18,10.492137,0
19,0.000498,1
20,10.804007,1
21,11.106554,0
22,11.453951,1
23,7.6e-05,1
24,6.5e-05,1
25,0.000141,1
26,9.696099,1
27,11.277288,0
28,10.533596,0
29,9.1e-05,1
30,8.65745,1
31,8.165536,0
32,12.382296,0
33,8.2e-05,1
34,10.389852,1
35,0.00053,1
36,8.59968,0
37,14.162929,1
38,0.000117,1
39,11.003443,1
40,9.901051,1
41,0.000202,1
42,0.000531,1
43,9.89357,0
44,9.631385,0
45,10.115524,1
46,6e-05,0
47,10.309355,1
48,0.00021,1
49,0.00043,1
50,4.9e-05,0
51,9.580632,0
52,0.000277,1
53,10.289282,1
54,0.00041,1
55,0.000508,1
56,9.950088,1
57,0.000365,0
58,0.000468,1
59,7.464968,0
60,10.616213,0
61,0.000105,1
62,8.055084,1
63,0.000367,1
64,7.1e-05,1
65,7.888097,1
66,10.681538,1
67,12.135256,1
68,12.538418,0
69,8.3e-05,0
70,0.000189,1
71,10.722259,1
72,8.1e-05,1
73,0.00022,1
74,8.9e-05,1
75,0.000311,1
76,10.239528,0
77,8.566221,1
78,8.916767,1
79,9.781999,1
80,0.000114,1
81,0.000112,1
82,11.43499,1
83,11.757791,1
84,9.619805,1
85,0.000105,1
86,9.611483,0
87,10.205009,0
88,7.272244,0
89,7.4e-05,1
90,0.000406,1
91,10.609773,1
92,10.056761,1
93,8.2e-05,0
94,0.000223,1
95,7.063576,0
96,0.000137,1
97,0.000209,1
98,10.691206,1
99,11.037308,1
100,10.831614,1
101,10.294849,1
102,7.3e-05,0
103,0.000199,1
104,0.000146,0
105,11.458285,1
106,11.976737,1
107,7.773296,1
108,8.936348,0
109,0.000105,0
110,10.775724,1
111,10.13904,0
112,4.1e-05,0
113,11.514077,0
114,11.525008,0
115,7.599899,1
116,10.577805,0
117,0.000215,1
118,10.261317,1
119,4.5e-05,1
120,0.000126,1
121,7.37246,0
122,9.387893,1
123,8.403608,0
124,10.109497,0
125,8.6e-05,1
126,0.000166,1
127,0.000382,1
128,9.787897,0
129,0.000255,0
130,0.000223,1
131,9.570441,1
132,0.001291,1
133,4.8e-05,0
134,10.663375,0
135,0.00011,1
136,7.420701,0
137,9.961236,0
138,12.964853,0
139,11.197508,1
140,0.000151,1
141,0.00017,1
142,10.826446,0
143,0.001135,1
144,10.892249,1
145,9.363483,1
146,0.000275,1
147,0.00011,0
148,8.53326,0
149,7.8e-05,1
150,9.837572,1
151,0.000189,0
152,0.000471,1
153,7.4e-05,1
154,11.669966,1
155,9.226642,0
156,8.1e-05,1
157,0.00045,1
158,8.251193,0
159,10.710665,1
160,0.000312,1
161,10.00271,1
162,8.819674,1
163,13.38371,0
164,8.853036,0
165,8.952942,0
166,12.40977,0
167,9.723751,1
168,9.687844,1
169,6.5e-05,1
170,0.000112,1
171,9.113355,0
172,11.256287,1
173,10.583288,0
174,11.25155,0
175,0.000181,1
176,11.279015,1
177,9.484094,1
178,0.000282,1
179,11.794536,1
180,9.490368,0
181,0.000165,1
182,0.000118,1
183,0.000358,1
184,10.764058,0
185,0.000338,1
186,8.85926,0
187,10.894887,1
188,9.659312,0
189,0.00024,1
190,4.2e-05,1
191,11.420389,0
192,0.00011,1
193,9.938707,1
194,4.8e-05,0
195,10.924517,1
196,9.64567,0
197,13.362153,0
198,0.000141,1
199,13.086536,1
200,0.001191,1
201,13.822345,0
202,9.14143,0
203,10.438391,1
204,0.000209,0
205,11.034904,0
206,14.217445,0
207,11.83281,0
208,7.789122,0
209,9.803117,1
210,0.000172,1
211,7.946688,0
212,0.000414,1
213,10.965529,0
214,10.556092,1
215,0.000219,1
216,9.4e-05,1
217,0.000112,1
218,10.321341,1
219,7.6e-05,1
220,10.279553,0
221,9.6e-05,1
222,0.000141,1
223,11.764309,1
224,9.350062,0
225,0.000152,1
226,7.09415,1
227,10.204445,1
228,12.185007,1
229,8.169594,1
230,8.530443,1
231,0.000132,0
232,11.696718,1
233,9.301769,0
234,8.536309,0
235,3.8e-05,1
236,8.622052,0
237,8.9e-05,1
238,0.000126,1
239,0.000183,1
240,12.415715,0
241,0.000311,1
242,10.700836,0
243,13.302182,0
244,0.000135,1
245,7.233729,1
246,8e-05,0
247,4.5e-05,1
248,0.000186,1
249,10.175561,0
250,10.821116,0
251,9.228241,0
252,11.070742,1
253,7.668575,0
254,10.367148,1
255,10.711004,1
256,9.5e-05,1
257,8.837676,1
258,11.138727,1
259,11.488354,0
260,11.568871,1
261,10.684362,1
262,0.000137,1
263,9.163107,1
264,4.1e-05,0
265,0.000186,0
266,0.000225,1
267,13.599655,1
268,0.000185,0
269,8.934947,1
270,9.159086,1
271,0.000466,1
272,10.375615,0
273,9.059733,1
274,0.000316,1
275,11.799921,1
276,10.939015,1
277,11.542531,1
278,7.6e-05,1
279,10.159677,1
280,0.000335,1
281,5.9e-05,1
282,7.02688,0
283,10.993587,1
284,11.952562,0
285,0.000233,1
286,0.000205,1
287,8.550122,0
288,12.672935,0
289,0.000243,0
290,0.000216,1
291,13.58448,0
292,0.000111,1
293,7.190496,0
294,11.308468,1
295,10.60075,0
296,11.841663,1
297,11.226329,1
298,10.977829,0
299,9.97762,1
300,4.8e-05,1
301,11.669818,0
302,10.511044,0
303,0.000148,1
304,10.904236,0
305,0.000159,0
306,0.000171,0
307,0.000269,1
308,12.162775,1
309,11.806242,0
310,0.000171,1
311,12.492897,1
312,0.000101,1
313,9.875491,1
314,9.477041,1
315,0.00077,1
316,9.700791,1
317,9.479179,0
318,8.753302,1
319,0.000772,1
320,7.480463,0
321,10.296827,0
322,0.0001,1
323,7.056287,0
324,11.094554,0
325,0.000159,1
326,10.180168,1
327,6.771653,1
328,8.795826,0
329,12.802766,1
330,11.291522,1
331,12.407731,1
332,10.508352,1
333,9.674089,0
334,8.343754,0
335,10.629687,1
336,9.573595,1
337,7.865942,0
338,12.090507,0
339,0.000272,1
340,7.535004,1
341,13.004319,1
342,10.301621,0
343,9.350172,0
344,8.06781,1
345,9.154972,0
346,0.000153,1
347,9.334447,1
348,9.855536,0
349,9.240776,0
350,0.000333,1
351,11.614259,0
352,3.6e-05,0
353,0.000166,0
354,0.000191,1
355,7.282189,0
356,10.667394,1
357,10.17667,1
358,10.918623,1
359,11.674041,0
360,9.1e-05,1
361,0.000115,0
362,10.590738,1
363,0.000136,1
364,10.549705,0
365,0.000173,1
366,9.899707,0
367,0.000415,1
368,9.792569,1
369,0.000111,1
370,8.5e-05,0
371,10.339582,1
372,11.224757,0
373,9.4e-05,0
374,0.000153,1
375,7.659253,0
376,0.000258,1
377,7.367862,1
378,7.460643,0
379,0.000163,1
380,0.000148,1
381,0.000985,1
382,9.5e-05,1
383,0.000195,1
384,0.00039,1
385,0.000395,1
386,11.214529,0
387,9.455226,1
388,7.422593,1
389,4.5e-05,0
390,0.000354,1
391,14.498537,0
392,7.330566,1
393,0.000117,1
394,4.1e-05,0
395,9.495125,1
396,10.618979,1
397,10.767355,0
398,11.166944,0
399,9.763663,1
400,0.000195,0
401,0.001222,1
402,0.000114,0
403,6.5e-05,1
404,7.307824,0
405,0.000265,1
406,9.325354,0
407,0.000461,1
408,10.852367,0
409,0.000334,1
410,13.393198,1
411,12.205943,1
412,9.958468,1
413,10.621802,0
414,11.046509,0
415,11.285424,1
416,10.304121,1
417,9.510844,1
418,12.952352,1
419,9.0743,0
420,9.373387,0
421,8.321637,1
422,10.891438,0
423,12.270915,0
424,8.159667,1
425,9.125865,1
426,10.504052,0
427,0.000819,1
428,9.314362,1
429,8.1e-05,1
430,9.888959,1
431,11.518188,0
432,10.610995,1
433,0.000416,1
434,10.943101,0
435,7.743847,1
436,9.795295,0
437,7.7e-05,1
438,7.7e-05,0
439,10.031533,1
440,0.000102,1
441,4.3e-05,0
442,10.294334,1
443,0.00042,0
444,5.7e-05,1
445,0.000164,0
446,0.000289,1
447,11.218131,1
448,9.128535,0
449,0.000212,1
450,11.861208,1
451,0.000116,1
452,10.083826,1
453,7.9e-05,0
454,0.00022,1
455,9.633594,0
456,0.000146,1
457,9.267608,0
458,0.000331,1
459,12.855365,1
460,11.329793,1
461,7.576778,1
462,0.00017,1
463,13.444354,1
464,8.5e-05,1
465,0.000532,1
466,0.000123,1
467,6.4e-05,1
468,9.034595,1
469,0.000109,1
470,10.119592,1
471,11.021716,1
472,9.120184,1
473,10.784311,1
474,13.141367,1
475,10.587575,0
476,11.880507,0
477,4.9e-05,1
478,4.8e-05,0
479,8.878593,1
480,0.00012,1
481,11.47895,0
482,4.9e-05,1
483,11.493469,1
484,7.572534,1
485,0.000132,1
486,12.268277,1
487,10.932384,0
488,10.181934,1
489,8.895278,0
490,0.000136,0
491,9.948136,0
492,10.252381,1
493,0.000654,0
494,9.9e-05,0
495,3.3e-05,1
496,12.462043,1
497,0.000158,1
498,11.053715,1
499,8.712741,1
500,11.72655,1
501,0.000437,1
502,13.428884,0
503,10.521877,0
504,10.304593,1
505,8.028437,1
506,9.9e-05,0
507,0.000344,1
508,9.2e-05,1
509,0.000699,1
510,0.000633,1
511,11.509441,0
512,0.000145,1
513,13.669824,0
514,10.09313,1
515,10.057297,1
516,0.000202,0
517,7.096527,0
518,8.797444,1
519,10.281227,1
520,11.98128,1
521,0.000748,1
522,5.8e-05,0
523,0.00062,1
524,9.325472,1
525,0.000307,1
526,5.6e-05,1
527,11.464573,1
528,0.000338,1
529,7.356637,0
530,10.901654,1
531,12.054322,1
532,11.869792,1
533,0.000265,1
534,7.535701,0
535,9.569981,0
536,7.7e-05,1
537,9.968758,1
538,9.485935,0
539,10.839809,0
540,0.000617,1
541,10.447145,1
542,10.56736,1
543,11.584662,1
544,0.000487,1
545,10.754423,0
546,10.947821,0
547,11.439451,1
548,6.8e-05,0
549,0.000195,0
550,7.421719,0
551,9.186274,0
552,6e-05,1
553,11.349898,1
554,0.000183,1
555,13.733127,0
556,10.540749,0
557,10.575659,0
558,12.815793,0
559,9.714525,1
560,0.000103,1
561,0.000363,1
562,11.272698,0
563,10.629031,0
564,6.802745,0
565,9.068269,1
566,12.852055,1
567,0.000292,1
568,8e-05,1
569,10.231093,1
570,4.8e-05,1
571,10.126586,0
572,9.389325,0
573,9.210538,1
574,8.956378,0
575,13.10109,0
576,11.398966,0
577,9.258472,1
578,10.813851,0
579,7.9e-05,1
580,9.960046,1
581,0.000332,1
582,11.010906,0
583,0.000127,1
584,9.136447,1
585,8.4e-05,0
586,7.36814,0
587,8.216956,1
588,9.890168,1
589,8.1e-05,1
590,3.9e-05,1
591,0.000275,0
592,8.398329,0
593,0.000201,1
594,10.944639,1
595,11.991364,1
596,7.880361,0
597,10.51131,1
598,0.000177,1
599,0.000105,1
600,9.290253,1
601,11.812159,1
602,10.251899,1
603,13.220226,0
604,0.000148,1
605,4.5e-05,0
606,0.000663,0
607,11.481462,0
608,11.701106,1
609,11.266305,0
610,10.690408,1
611,11.191171,0
612,9.971207,1
613,0.0007,1
614,7.463552,0
615,13.069764,0
616,8.392509,1
617,9.32687,1
618,0.000325,1
619,0.00054,1
620,7.763794,0
621,0.000204,1
622,11.003575,0
623,8.771468,0
624,0.000125,1
625,8.927526,1
626,9.9e-05,1
627,8.023934,1
628,10.704864,1
629,11.264187,0
630,12.324903,0
631,11.191689,1
632,12.169479,1
633,0.000127,1
634,6.90196,0
635,0.000241,1
636,7.627242,1
637,6.99446,1
638,7.845997,1
639,11.176346,0
640,9.096477,1
641,8.445653,0
642,0.000103,1
643,7.7e-05,1
644,0.000263,1
645,10.028335,0
646,0.000548,1
647,11.725451,1
648,0.000262,1
649,10.131413,1
650,12.386486,0
651,10.664027,0
652,8.36758,1
653,10.750395,1
654,0.000829,1
655,8.518933,1
656,8.646305,0
657,8.817509,1
658,0.000165,1
659,0.000562,1
660,0.000125,1
661,9.603142,0
662,9.834322,0
663,8.906602,1
664,0.00085,1
665,8.954356,1
666,7.362876,0
667,0.00032,1
668,0.000412,1
669,10.045243,0
670,9.774796,1
671,8.490556,0
672,0.000403,1
673,12.24849,0
674,7.589543,0
675,9.173578,0
676,0.000114,1
677,9.829762,0
678,0.000345,1
679,11.102706,0
680,9.4e-05,1
681,11.921871,0
682,0.000148,1
683,0.000254,1
684,7.452089,0
685,0.000221,1
686,0.000792,1
687,4.2e-05,1
688,9.328671,0
689,0.000167,0
690,12.411234,1
691,0.000206,1
692,13.414228,1
693,8.409549,1
694,0.000118,1
695,11.127143,0
696,9.307132,1
697,10.818662,1
698,10.750788,0
699,0.000882,1
700,0.000177,0
701,12.081066,0
702,10.463221,1
703,9.423598,1
704,13.052333,0
705,0.000326,1
706,0.00016,0
707,9.5e-05,1
708,11.838903,0
709,0.000181,1
710,10.795786,1
711,5.4e-05,1
712,10.755492,1
713,7.47055,0
714,11.569616,1
715,10.644926,1
716,8.436901,0
717,10.342857,0
718,0.000184,0
719,9.060458,0
720,0.000369,1
721,0.000377,1
722,0.000256,1
723,0.000217,1
724,10.159401,1
725,10.242599,0
726,10.124614,1
727,10.471321,1
728,0.000177,0
729,9.397054,1
730,10.026361,0
731,0.000246,1
732,9.715507,1
733,4.1e-05,0
734,12.302282,1
735,9.429341,0
736,7.51556,0
737,0.000134,0
738,10.684611,0
739,8.994158,0
740,0.00013,1
741,0.000145,1
742,0.000251,1
743,0.00022,1
744,9.7e-05,1
745,7.791417,1
746,0.000129,1
747,7.502776,0
748,9.394527,0
749,11.787302,1
750,7.258464,0
751,6e-05,1
752,0.000448,1
753,9.165068,1
754,4.4e-05,1
755,9.638291,0
756,11.220912,1
757,6.90994,1
758,7.832042,1
759,8.854912,0
760,11.200877,0
761,0.000125,0
762,9.95752,1
763,11.948272,0
764,11.809098,0
765,9.441882,0
766,0.000147,1
767,0.000146,1
768,0.000167,1
769,7.206957,0
770,10.707281,0
771,12.207447,0
772,13.459878,0
773,11.307218,1
774,12.771576,0
775,10.047132,1
776,11.275027,1
777,12.38381,1
778,11.245421,0
779,10.523052,0
780,8.984409,0
781,6.8e-05,0
782,13.698827,1
783,11.136067,1
784,11.355369,0
785,9.258494,1
786,0.000439,1
787,8.8e-05,0
788,12.661102,1
789,9.534581,1
790,10.909418,1
791,8.973455,0
792,0.000109,1
793,5.8e-05,1
794,8.781862,0
795,12.257086,0
796,7.9e-05,0
797,10.915834,1
798,0.000179,1
799,3.9e-05,1
800,7.398491,1
801,8.91943,0
802,7.191636,1
803,0.000375,1
804,10.217841,1
805,13.208942,0
806,11.966523,0
807,0.000438,1
808,8.234342,0
809,7.5e-05,1
810,0.000181,0
811,7e-05,1
812,0.000324,1
813,8.813672,1
814,9.030236,0
815,11.149985,0
816,10.060552,1
817,10.458376,1
818,10.175173,1
819,8.988722,0
820,11.407404,1
821,8.067354,0
822,0.000108,1
823,9.619597,0
824,7.536434,0
825,0.000134,1
826,8e-05,0
827,0.000139,1
828,11.649252,1
829,8.6e-05,1
830,0.000793,1
831,8.665049,1
832,8.62776,1
833,11.372074,0
834,12.557644,0
835,11.256866,0
836,9.572327,0
837,12.762472,1
838,7.073196,0
839,5.6e-05,1
840,5.5e-05,0
841,9.935525,1
842,11.409515,0
843,11.077953,0
844,11.599332,0
845,8.095138,0
846,10.578379,1
847,13.720738,0
848,0.000423,1
849,0.00011,1
850,11.237267,1
851,11.604661,0
852,10.308043,0
853,10.36202,1
854,9.221229,0
855,13.589753,1
856,11.389461,1
857,13.087668,0
858,10.606521,1
859,0.000283,1
860,0.000636,1
861,9.769333,1
862,0.000548,1
863,10.527057,1
864,11.986773,1
865,11.083834,0
866,8.636228,1
867,10.282681,1
868,9.044918,0
869,9.751353,1
870,0.000349,1
871,0.000231,1
872,11.078356,1
873,12.00213,1
874,10.614284,1
875,0.000136,1
876,10.794138,1
877,10.515814,1
878,9e-05,1
879,11.530812,1
880,2.9e-05,1
881,10.355315,1
882,0.000226,1
883,0.000297,1
884,0.000676,1
885,9.956331,1
886,0.000363,1
887,12.222678,0
888,8.033278,1
889,12.1826,0
890,0.000164,0
891,0.000303,1
892,0.000103,1
893,10.384105,0
894,0.000123,1
895,3.2e-05,1
896,8.140367,0
897,13.534302,0
898,0.000272,1
899,9.034449,0
900,12.052617,0
901,14.251339,1
902,11.402346,0
903,11.392767,1
904,7.352786,0
905,8.807778,1
906,9.555498,1
907,9.768977,1
908,9.904004,0
909,12.151427,1
910,9.8e-05,1
911,10.895259,1
912,0.000362,1
913,7.3e-05,1
914,9.617791,1
915,11.121447,1
916,4.7e-05,0
917,11.195934,1
918,8.522394,0
919,10.298508,1
920,0.000105,1
921,0.000203,1
922,0.000322,1
923,9.1e-05,1
924,0.000111,1
925,0.000257,1
926,8.876003,0
927,8.438271,0
928,9.758843,1
929,0.000108,1
930,14.267181,0
931,12.142674,1
932,0.00026,1
933,0.000137,1
934,10.561202,0
935,10.951858,1
936,11.293305,0
937,0.000233,1
938,8.817373,1
939,9.226249,0
940,11.035609,1
941,13.645516,0
942,8.455367,0
943,12.375097,0
944,11.112713,1
945,0.000621,1
946,9.252519,0
947,9.6e-05,0
948,9.852318,1
949,0.000128,1
950,8e-05,1
951,0.000492,1
952,10.333072,0
953,9.73838,1
954,8.134294,0
955,11.084064,1
956,6.3e-05,1
957,0.000146,1
958,8.778875,1
959,13.203595,0
960,0.000625,1
961,10.772069,1
962,9.572275,0
963,0.000246,1
964,10.726739,1
965,10.765251,1
966,0.000393,0
967,10.483571,0
968,0.000202,1
969,12.429748,0
970,11.211311,0
971,0.000352,1
972,9.772257,0
973,0.00025,1
974,8.605324,0
975,0.000548,1
976,7.317648,1
977,10.011646,0
978,9.819379,1
979,10.199516,1
980,0.000118,1
981,9.296515,1
982,0.00018,1
983,9.681384,1
984,4.1e-05,1
985,11.352431,0
986,9.231451,1
987,11.170024,0
988,0.000185,1
989,0.000378,1
990,10.608689,1
991,11.244335,1
992,9.80356,0
993,9.277962,0
994,5.9e-05,0
995,11.437121,0
996,11.685495,1
997,10.082421,0
998,13.604083,0
999,11.950723,0
1000,9.472574,1
1001,0.000238,1
1002,0.000182,0
1003,10.829376,1
1004,8.4e-05,0
1005,0.000397,1
1006,7.634578,1
1007,10.241213,0
1008,11.184367,1
1009,11.238201,1
1010,11.532301,1
1011,0.000382,1
1012,0.000247,0
1013,10.895952,1
1014,5.6e-05,1
1015,9.803733,0
1016,10.483464,1
1017,0.000474,1
1018,10.149889,0
1019,0.000129,1
1020,11.563674,1
1021,10.979809,1
1022,7.47156,0
1023,11.127888,1
1024,4.8e-05,1
1025,8.696677,1
1026,0.000302,0
1027,7.661549,0
1028,10.426086,0
1029,0.000421,1
1030,0.000307,1
1031,5.1e-05,0
1032,0.000637,1
1033,0.000291,1
1034,0.000515,1
1035,0.000287,0
1036,0.000616,1
1037,0.000259,0
1038,6.2e-05,1
1039,10.834458,0
1040,10.568543,1
1041,11.398953,0
1042,11.419077,1
1043,0.000213,1
1044,9.4e-05,1
1045,0.000198,1
1046,11.276195,0
1047,12.001834,1
1048,9.191744,0
1049,9.2e-05,1
1050,8.1e-05,1
1051,9.247152,1
1052,9.796636,0
1053,0.000108,1
1054,7.488254,1
1055,10.106543,1
1056,0.000169,0
1057,0.000129,1
1058,0.000136,1
1059,8.788252,0
1060,9.886706,0
1061,10.764171,0
1062,0.000258,1
1063,0.000174,1
1064,0.000161,1
1065,0.000249,1
1066,8.585858,0
1067,8.523701,1
1068,0.000845,1
1069,9.5e-05,0
1070,11.259402,1
1071,12.263211,0
1072,5.9e-05,1
1073,9.09433,1
1074,6.9e-05,1
1075,0.000775,1
1076,12.302575,1
1077,7.458776,0
1078,0.000334,1
1079,4.4e-05,0
1080,7.467924,0
1081,0.000105,1
1082,0.000157,1
1083,0.000156,1
1084,9.795574,1
1085,12.433473,1
1086,8.82114,1
1087,9.08745,1
1088,0.001208,1
1089,9.048003,1
1090,8.9e-05,0
1091,10.593605,0
1092,10.969223,1
1093,0.00027,1
1094,0.00011,1
1095,9.421136,0
1096,0.000176,1
1097,10.532969,1
1098,0.000282,1
1099,8.807048,1
1100,10.232712,1
1101,12.496941,1
1102,0.000196,1
1103,9.341048,1
1104,0.00011,1
1105,7.148021,0
1106,10.644032,1
1107,0.000132,1
1108,9.631444,0
1109,10.431794,1
1110,8.137532,0
1111,9.782912,0
1112,11.779989,1
1113,10.000779,1
1114,10.866084,1
1115,9.60002,1
1116,9.7e-05,1
1117,5.7e-05,1
1118,12.901133,1
1119,0.000246,1
1120,9.337802,0
1121,0.000251,1
1122,9.8e-05,0
1123,11.619349,1
1124,0.000256,1
1125,0.000144,1
1126,9.911011,1
1127,14.057749,0
1128,0.000821,1
1129,0.0002,1
1130,4e-05,0
1131,10.794941,0
1132,0.000177,1
1133,11.91347,1
1134,8.791008,0
1135,10.411656,1
1136,7.472591,1
1137,9.471344,1
1138,9.801105,0
1139,10.719074,0
1140,7.881262,1
1141,10.293167,0
1142,9.494567,1
1143,0.000246,0
1144,0.000367,1
1145,10.624765,0
1146,11.191955,0
1147,11.159218,0
1148,10.655487,0
1149,10.005228,0
1150,9.639149,1
1151,0.000134,0
1152,0.000159,1
1153,10.137432,0
1154,0.00034,1
1155,8.2e-05,1
1156,0.00015,1
1157,0.000163,1
1158,9.578289,0
1159,9.965232,1
1160,9.2e-05,1
1161,12.886732,1
1162,0.000409,1
1163,0.0004,1
1164,12.519185,1
1165,11.179279,0
1166,12.4381,1
1167,7.721698,1
1168,10.106371,0
1169,0.000262,0
1170,0.000586,1
1171,5e-05,1
1172,0.000175,1
1173,0.000381,1
1174,0.000118,1
1175,0.00031,1
1176,10.567972,1
1177,9.265244,1
1178,6.2e-05,1
1179,8.613811,0
1180,11.615358,0
1181,10.670802,1
1182,9.854095,1
1183,10.440931,1
1184,9.917896,1
1185,0.000184,1
1186,3.6e-05,0
1187,11.119954,0
1188,0.000647,1
1189,4e-05,0
1190,0.00024,1
1191,9.970716,0
1192,0.000274,1
1193,10.39998,0
1194,8.933969,0
1195,7.802937,1
1196,11.766581,1
1197,14.278522,1
1198,9.983409,1
1199,0.00022,1
1200,10.572989,1
1201,9.85002,0
1202,5.2e-05,1
1203,0.000125,1
1204,8.858237,0
1205,7.513944,0
1206,0.000165,1
1207,9.130433,0
1208,11.306312,0
1209,11.937715,1
1210,0.000471,1
1211,8.521685,1
1212,9.863637,0
1213,11.226974,1
1214,10.991897,0
1215,5.8e-05,1
1216,10.039249,0
1217,11.925716,0
1218,9.762986,1
1219,0.000109,1
1220,10.29003,0
1221,0.000138,0
1222,11.831385,0
1223,10.648469,1
1224,9.731015,1
1225,9.119292,1
1226,11.304063,1
1227,0.000241,1
1228,0.000101,1
1229,8.2e-05,1
1230,11.019981,1
1231,10.653708,1
1232,8.725205,1
1233,11.6473,1
1234,11.102226,0
1235,9.423287,0
1236,0.002072,1
1237,9.911906,1
1238,9.189151,1
1239,5.4e-05,0
1240,11.119314,1
1241,9.931798,0
1242,10.092199,0
1243,0.000986,1
1244,0.000113,1
1245,10.784822,1
1246,11.537078,1
1247,9.527889,1
1248,13.279463,1
1249,0.000167,0
1250,7.8e-05,1
1251,5.7e-05,1
1252,0.000217,1
1253,10.149651,0
1254,11.019299,1
1255,9.9e-05,1
1256,0.000523,1
1257,10.793297,0
1258,8.902409,1
1259,0.000259,1
1260,11.491119,1
1261,0.000106,1
1262,10.142196,1
1263,11.120398,0
1264,0.000244,1
1265,8.375539,0
1266,8.5e-05,0
1267,0.000151,1
1268,0.000293,1
1269,11.337338,0
1270,10.276174,1
1271,9.481087,1
1272,12.139255,1
1273,11.323933,0
1274,9.170417,1
1275,0.000681,1
1276,9.195181,1
1277,10.490129,1
1278,0.000166,1
1279,12.151737,1
1280,5.2e-05,1
1281,0.000207,1
1282,0.000227,1
1283,10.669641,1
1284,11.753724,0
1285,0.000198,1
1286,11.830955,1
1287,0.000235,0
1288,6.6e-05,1
1289,11.099733,1
1290,11.11485,0
1291,9.8e-05,0
1292,0.000113,1
1293,10.990168,1
1294,10.779013,0
1295,10.609063,0
1296,9.1e-05,1
1297,0.000545,1
1298,0.000807,1
1299,11.832721,1
1300,7.98328,0
1301,8.2e-05,1
1302,9.385798,0
1303,0.000165,1
1304,9.277741,0
1305,8.8e-05,1
1306,4.8e-05,0
1307,0.000223,1
1308,11.655185,1
1309,0.000116,1
1310,11.100201,1
1311,11.976853,0
1312,0.000263,1
1313,0.000439,0
1314,0.000636,1
1315,8.73033,1
1316,7.209478,0
1317,10.566791,0
1318,0.000137,1
1319,11.994756,0
1320,4e-05,1
1321,0.000121,1
1322,7.9e-05,0
1323,10.553164,1
1324,10.657088,1
1325,9.873546,0
1326,0.000596,0
1327,9.110485,1
1328,7.393974,1
1329,0.000179,0
1330,0.000325,0
1331,0.000161,1
1332,9.527424,0
1333,13.025292,0
1334,11.148253,1
1335,6.6e-05,1
1336,5.6e-05,0
1337,9.205614,0
1338,10.698217,1
1339,8.4e-05,0
1340,0.00042,1
1341,9.4e-05,1
1342,0.0001,1
1343,0.00014,1
1344,9.574725,0
1345,12.037526,0
1346,11.719225,1
1347,8.4e-05,0
1348,7.7e-05,1
1349,0.000316,0
1350,0.000197,0
1351,0.000722,1
1352,0.00016,1
1353,9.882872,0
1354,8.745494,1
1355,9.819346,1
1356,10.902437,1
1357,0.000157,1
1358,11.404662,1
1359,10.638645,0
1360,8.782705,1
1361,5.8e-05,0
1362,11.078642,1
1363,11.328029,0
1364,0.000176,1
1365,10.20469,0
1366,11.502554,1
1367,0.000462,1
1368,7.234161,1
1369,0.00026,0
1370,10.07427,1
1371,4.3e-05,1
1372,9.016833,1
1373,11.252982,1
1374,8.827399,0
1375,0.000275,1
1376,5.7e-05,1
1377,10.432783,1
1378,8.9e-05,1
1379,0.000199,1
1380,10.713737,0
1381,0.000679,1
1382,11.329398,0
1383,7.804225,1
1384,8.996176,0
1385,9.918884,0
1386,0.00012,1
1387,0.000257,1
1388,7.289624,0
1389,2.9e-05,1
1390,11.561052,1
1391,0.000349,1
1392,9.104085,0
1393,6.5e-05,1
1394,10.268401,1
1395,0.000236,1
1396,8.851588,1
1397,11.094808,1
1398,9.9e-05,1
1399,11.371288,0
1400,9.419473,0
1401,10.403391,1
1402,10.239171,1
1403,0.000128,1
1404,9.591328,1
1405,4.7e-05,1
1406,11.514124,1
1407,11.570139,1
1408,9.839282,0
1409,6.3e-05,1
1410,0.000301,1
1411,11.70414,1
1412,9.72062,1
1413,0.000481,1
1414,8.402903,1
1415,0.000125,1
1416,0.000345,1
1417,7.1e-05,0
1418,0.00023,1
1419,6.4e-05,1
1420,0.000159,0
1421,6.840852,0
1422,0.000144,1
1423,11.910056,1
1424,0.000319,1
1425,0.000127,1
1426,0.000277,1
1427,8.667342,0
1428,12.652622,1
1429,0.000277,1
1430,3.7e-05,1
1431,9.101528,0
1432,10.932447,0
1433,7.334755,0
1434,6.854405,1
1435,0.000194,1
1436,0.000109,1
1437,9.202548,1
1438,10.999902,1
1439,10.845312,1
1440,12.475865,0
1441,0.000208,1
1442,8.253311,1
1443,13.163431,0
1444,0.000165,1
1445,0.000155,1
1446,10.043543,1
1447,13.815354,0
1448,4.1e-05,1
1449,0.000112,1
1450,0.000225,1
1451,9.516776,1
1452,7.221789,0
1453,10.187805,0
1454,12.705705,1
1455,10.247366,1
1456,12.036614,1
1457,10.170379,1
1458,0.000205,1
1459,8.053769,1
1460,12.425507,1
1461,8.47276,0
1462,9.523283,1
1463,0.000563,1
1464,0.000329,1
1465,10.269051,1
1466,5.7e-05,1
1467,10.889121,1
1468,4.2e-05,1
1469,12.189837,1
1470,0.001156,1
1471,0.000289,1
1472,3e-05,1
1473,12.520471,1
1474,12.176288,1
1475,10.007727,0
1476,0.000164,1
1477,0.000218,1
1478,5.7e-05,0
1479,0.00022,1
1480,0.000181,0
1481,9.401544,1
1482,10.059723,1
1483,0.000116,1
1484,9.430759,0
1485,0.000236,1
1486,0.00021,1
1487,8.203766,1
1488,9.367743,1
1489,10.583801,1
1490,11.612385,0
1491,0.00014,1
1492,11.117822,1
1493,9.401084,1
1494,13.43101,1
1495,7.568101,0
1496,13.298521,0
1497,11.941208,1
1498,0.000137,1
1499,11.93707,0
1500,9.588311,0
1501,7.9e-05,1
1502,9.074441,0
1503,9.891342,0
1504,11.343444,0
1505,0.000503,1
1506,9.617454,1
1507,8.700354,0
1508,10.364113,0
1509,10.390282,1
1510,8.493171,0
1511,13.84202,1
1512,8.23831,0
1513,9.862782,1
1514,7.271222,0
1515,10.947114,0
1516,9.100232,1
1517,13.150637,0
1518,10.303472,0
1519,0.000846,1
1520,0.000174,1
1521,9.394288,1
1522,9.858974,1
1523,8.599439,1
1524,0.000176,1
1525,4.4e-05,1
1526,0.000137,1
1527,0.000187,1
1528,10.201162,1
1529,11.4559,0
1530,10.272378,1
1531,0.000756,1
1532,10.732315,1
1533,0.000204,1
1534,9.5e-05,1
1535,10.511089,1
1536,11.660436,0
1537,13.274268,0
1538,10.045643,1
1539,7.1e-05,1
1540,0.000168,0
1541,0.000204,0
1542,12.735699,0
1543,0.000246,1
1544,2.8e-05,0
1545,11.401403,0
1546,10.644469,1
1547,9.687032,1
1548,9.603702,0
1549,8.904007,0
1550,9.500265,1
1551,8.054626,0
1552,9.670405,1
1553,0.000103,1
1554,0.000193,1
1555,8.2e-05,0
1556,0.000461,1
1557,11.445609,0
1558,0.000367,1
1559,0.001808,1
1560,12.537046,1
1561,10.98826,1
1562,10.657962,1
1563,10.858791,0
1564,12.372169,1
1565,10.979555,1
1566,11.028387,1
1567,10.787462,0
1568,10.23733,0
1569,11.124185,0
1570,0.000661,1
1571,11.996915,0
1572,11.016551,1
1573,11.479997,0
1574,10.277208,0
1575,12.384612,1
1576,9.396792,0
1577,8.688065,1
1578,7.689748,0
1579,0.000302,1
1580,9.181723,0
1581,0.000363,1
1582,5.7e-05,1
1583,13.09746,1
1584,0.000521,1
1585,9.978096,1
1586,10.008817,1
1587,9.862902,0
1588,10.495494,0
1589,11.853326,0
1590,8.949948,1
1591,11.226716,1
1592,6.764073,0
1593,0.000136,1
1594,8.611862,0
1595,10.430989,0
1596,12.061354,1
1597,5.4e-05,0
1598,12.213784,0
1599,13.115114,0
1600,8.460685,1
1601,12.098575,0
1602,12.177668,1
1603,8.470194,0
1604,13.398146,0
1605,9.2e-05,1
1606,0.000107,1
1607,12.970484,1
1608,11.906653,0
1609,6.8e-05,1
1610,10.945507,1
1611,0.000133,1
1612,11.097664,0
1613,0.00011,0
1614,7.799255,0
1615,0.000143,1
1616,10.897592,0
1617,4.1e-05,1
1618,0.000192,1
1619,0.000175,1
1620,10.878252,0
1621,11.495337,1
1622,0.000665,1
1623,7.697143,0
1624,14.797468,0
1625,9.4e-05,0
1626,0.000108,1
1627,10.103554,1
1628,7.9e-05,0
1629,9.282791,1
1630,12.609459,1
1631,0.000113,1
1632,0.000286,1
1633,0.000192,1
1634,0.000345,1
1635,8.008735,0
1636,9.043839,0
1637,9.113651,1
1638,10.539635,1
1639,9.393824,1
1640,0.000146,1
1641,10.633356,1
1642,12.284427,1
1643,10.412262,1
1644,11.321901,1
1645,0.000122,1
1646,8.810076,1
1647,10.119637,1
1648,11.51976,0
1649,9.283025,0
1650,0.000226,1
1651,0.000139,1
1652,11.158957,1
1653,11.192495,1
1654,7.859691,0
1655,10.607502,1
1656,11.125988,1
1657,9.606586,0
1658,5.8e-05,1
1659,8e-05,1
1660,8.996211,1
1661,11.449221,0
1662,9.171147,0
1663,0.000173,1
1664,0.000962,1
1665,12.983669,1
1666,8e-05,0
1667,11.740225,1
1668,0.000125,1
1669,9.451281,0
1670,2.5e-05,0
1671,8.530781,1
1672,10.121201,1
1673,12.703045,0
1674,0.000259,1
1675,8.048074,0
1676,8.496129,1
1677,8.23192,0
1678,7.308983,0
1679,11.164372,1
1680,10.704833,1
1681,7.7e-05,1
1682,10.323746,1
1683,11.269888,0
1684,11.087962,1
1685,7.186381,0
1686,0.000275,1
1687,6.1e-05,0
1688,7.22886,1
1689,0.00019,1
1690,8.2e-05,0
1691,11.734759,1
1692,0.00053,1
1693,11.752543,1
1694,0.000102,0
1695,0.000748,1
1696,10.971998,1
1697,0.000149,1
1698,10.215812,0
1699,9.751485,1
1700,10.336649,1
1701,7.313929,1
1702,9.573998,0
1703,8.315784,1
1704,8.986975,1
1705,10.942511,0
1706,8.908997,0
1707,10.191031,1
1708,3.4e-05,1
1709,11.469382,0
1710,0.000162,1
1711,9.3e-05,1
1712,10.000522,1
1713,10.931515,0
1714,9.811117,0
1715,9.587183,1
1716,7.785913,1
1717,0.000319,1
1718,6.880389,1
1719,0.000112,1
1720,10.050883,0
1721,9.511303,1
1722,3.5e-05,0
1723,5.9e-05,0
1724,8.906268,1
1725,8.6e-05,1
1726,11.460698,0
1727,9.09442,1
1728,7.5e-05,1
1729,0.000444,1
1730,10.290064,1
1731,8.800029,0
1732,11.281169,0
1733,10.679819,1
1734,9.009822,1
1735,11.172236,1
1736,0.000109,0
1737,0.000239,0
1738,5.4e-05,0
1739,0.000134,1
1740,0.000103,1
1741,7.52738,0
1742,10.900591,0
1743,10.069874,0
1744,0.000227,0
1745,0.000231,1
1746,7.554366,1
1747,9.957447,0
1748,0.000144,1
1749,8.683539,1
1750,0.000221,1
1751,11.282566,1
1752,0.000118,1
1753,0.000963,1
1754,11.065933,0
1755,7.638178,1
1756,0.000239,1
1757,9.848997,0
1758,10.617995,0
1759,12.96121,1
1760,12.11576,1
1761,8.2e-05,1
1762,0.00058,1
1763,0.000137,0
1764,12.000334,0
1765,0.000334,1
1766,0.000195,1
1767,2.1e-05,1
1768,11.21349,1
1769,10.437113,0
1770,8.518171,1
1771,9.968071,0
1772,10.806616,0
1773,10.641974,1
1774,0.000209,1
1775,0.00054,1
1776,9e-05,1
1777,11.845425,1
1778,9.182085,0
1779,9.4e-05,1
1780,10.234611,1
1781,0.000144,1
1782,9.0219,1
1783,0.000312,1
1784,9.483574,1
1785,0.000995,1
1786,0.000135,1
1787,7.766899,1
1788,0.000259,1
1789,11.843472,1
1790,0.000358,1
1791,0.000848,1
1792,8.925547,0
1793,10.64093,1
1794,9.8e-05,0
1795,10.708647,0
1796,9.627784,1
1797,11.44018,1
1798,11.846326,0
1799,9.081301,1
1800,10.648005,1
1801,0.000127,1
1802,0.000265,1
1803,8.789996,1
1804,5.8e-05,1
1805,14.093769,0
1806,9.133129,0
1807,7.463516,0
1808,10.115181,0
1809,6.9e-05,0
1810,10.755695,0
1811,9.720573,1
1812,9.416413,1
1813,8.82634,1
1814,8.1e-05,1
1815,7.806624,1
1816,4.4e-05,1
1817,11.29418,1
1818,8.111901,1
1819,11.800486,0
1820,11.04998,1
1821,8.632739,1
1822,10.046972,1
1823,0.000193,1
1824,0.000495,1
1825,10.976506,1
1826,0.000206,1
1827,5.7e-05,1
1828,10.275468,1
1829,10.327168,1
1830,9.622601,1
1831,11.472018,1
1832,13.388606,1
1833,5.8e-05,0
1834,13.209875,1
1835,0.000307,0
1836,7.587604,0
1837,11.513683,0
1838,7.558583,0
1839,0.000107,1
1840,11.876082,0
1841,10.36137,1
1842,11.404022,1
1843,10.19068,1
1844,9.119355,1
1845,10.618863,0
1846,7.800893,1
1847,7.682814,0
1848,9.480587,1
1849,9.228306,0
1850,7.123459,0
1851,9.417631,1
1852,14.401957,1
1853,11.085786,1
1854,0.000149,1
1855,0.000461,1
1856,10.558804,1
1857,10.290298,1
1858,7.664131,0
1859,0.000124,1
1860,0.00029,0
1861,5.5e-05,1
1862,0.000186,1
1863,0.000387,1
1864,8.841847,0
1865,11.8339,0
1866,12.354889,1
1867,10.798069,0
1868,9.9e-05,0
1869,11.501161,1
1870,11.66756,1
1871,9.937535,0
1872,11.284648,1
1873,9.378415,1
1874,0.000111,1
1875,9.890305,0
1876,0.000251,1
1877,13.382715,1
1878,9.2e-05,0
1879,10.195687,1
1880,0.000124,1
1881,7.7e-05,0
1882,0.000659,1
1883,9.591011,1
1884,10.936718,1
1885,10.20176,1
1886,9.784906,1
1887,0.000167,1
1888,9.510327,0
1889,11.061125,1
1890,3.4e-05,1
1891,15.474979,0
1892,12.565633,1
1893,11.68635,0
1894,0.000344,1
1895,0.000645,1
1896,10.146264,1
1897,0.000183,0
1898,8.957405,0
1899,0.000132,1
1900,0.000152,1
1901,0.000106,1
1902,11.873874,1
1903,3.7e-05,0
1904,9.512986,0
1905,0.000133,1
1906,0.000382,1
1907,0.000121,1
1908,9.196215,0
1909,10.94335,1
1910,9.980841,1
1911,10.903094,0
1912,9.175696,1
1913,10.857106,0
1914,5.3e-05,1
1915,7.230406,0
1916,12.21945,0
1917,0.00029,1
1918,10.09858,0
1919,0.000229,1
1920,13.52048,1
1921,0.000157,1
1922,9.913433,0
1923,8e-05,1
1924,9.312756,1
1925,9.501189,0
1926,11.112699,1
1927,9.482178,0
1928,10.318604,0
1929,9.845896,0
1930,0.00057,1
1931,7.28002,1
1932,6.824503,0
1933,10.401662,1
1934,11.100225,1
1935,0.000402,1
1936,10.886038,1
1937,9.782341,0
1938,10.214407,0
1939,11.902747,0
1940,11.007129,0
1941,9.537792,0
1942,0.000271,0
1943,7.480296,1
1944,8.1e-05,0
1945,8.2e-05,1
1946,7.479179,0
1947,10.398241,1
1948,7.306363,1
1949,0.000303,1
1950,10.663688,1
1951,10.669787,1
1952,9.339399,0
1953,10.976357,0
1954,10.857983,0
1955,4.5e-05,1
1956,7.124203,1
1957,11.055342,1
1958,9.778159,1
1959,0.000166,0
1960,13.008468,0
1961,11.041028,1
1962,11.175611,1
1963,10.959247,0
1964,7.229016,1
1965,9.5e-05,1
1966,5.9e-05,0
1967,11.632538,0
1968,0.000146,1
1969,10.639872,1
1970,12.144154,0
1971,10.150733,1
1972,7.195816,0
1973,0.000267,1
1974,12.033323,1
1975,10.837969,0
1976,11.573646,1
1977,0.000139,1
1978,4e-05,1
1979,7.774675,0
1980,10.18663,0
1981,0.000285,1
1982,11.15852,1
1983,11.041614,1
1984,12.181369,0
1985,10.293131,1
1986,10.306753,1
1987,8.865416,0
1988,11.804021,1
1989,10.222388,1
1990,8.091303,0
1991,9.294748,0
1992,11.042776,1
1993,8.2e-05,0
1994,12.464971,1
1995,11.041074,0
1996,8.3e-05,1
1997,0.000546,1
1998,0.000474,1
1999,0.000138,0
2000,11.433059,0
2001,9.403892,1
2002,10.438964,0
2003,0.000233,1
2004,7.3e-05,1
2005,12.730491,1
2006,0.000166,0
2007,10.843395,1
2008,12.268944,0
2009,9.634965,1
2010,9.044868,1
2011,0.000328,1
2012,4.6e-05,1
2013,7.9e-05,0
2014,12.256508,1
2015,10.508419,0
2016,9.942338,1
2017,8.988646,0
2018,0.000349,0
2019,0.000459,1
2020,6.4e-05,1
2021,10.759727,0
2022,0.000199,1
2023,0.000148,1
2024,11.969219,1
2025,13.156038,1
2026,10.269096,1
2027,0.000678,1
2028,0.000232,1
2029,0.000416,1
2030,11.268762,0
2031,11.069334,1
2032,8.239601,1
2033,9.408412,1
2034,8.8e-05,1
2035,9.066668,1
2036,0.000102,1
2037,0.000385,1
2038,10.890347,1
2039,0.000396,1
2040,0.000502,1
2041,0.000713,1
2042,0.00012,1
2043,11.041045,1
2044,0.000188,1
2045,11.688177,1
2046,0.000425,1
2047,0.000403,1
2048,0.00012,1
2049,12.784577,1
2050,9.271908,0
2051,0.000105,1
2052,0.000117,1
2053,9.483083,1
2054,0.00036,1
2055,0.00022,1
2056,11.896808,1
2057,0.000268,1
2058,10.136775,0
2059,0.00016,1
2060,9.831472,1
2061,13.738502,0
2062,0.000166,1
2063,7.903517,0
2064,0.000129,1
2065,8.951796,0
2066,0.000126,1
2067,0.000201,1
2068,13.568758,1
2069,9.067509,1
2070,0.000111,1
2071,9.469908,0
2072,10.843144,1
2073,0.000248,1
2074,0.00017,0
2075,7.7e-05,1
2076,0.000399,0
2077,7.537874,0
2078,0.000539,1
2079,8.062087,0
2080,0.000254,1
2081,9.284284,0
2082,0.000121,1
2083,7.742337,1
2084,10.220488,1
2085,11.772008,1
2086,10.161943,1
2087,12.482361,1
2088,10.250633,0
2089,3.1e-05,0
2090,10.916404,1
2091,0.000646,1
2092,0.000231,1
2093,0.000187,0
2094,8.927814,1
2095,3.9e-05,1
2096,0.000656,1
2097,10.898149,0
2098,0.000268,1
2099,0.000223,1
2100,10.466319,0
2101,12.977803,1
2102,10.78608,0
2103,11.039951,1
2104,11.315202,1
2105,11.226969,1
2106,0.000545,1
2107,9.639419,0
2108,0.000201,0
2109,13.305237,0
2110,7.909968,1
2111,0.000197,1
2112,11.340913,1
2113,11.373108,1
2114,8.065182,0
2115,0.000199,1
2116,8.6e-05,1
2117,11.93348,1
2118,0.000112,0
2119,0.000153,1
2120,0.000148,1
2121,0.000379,1
2122,9.102356,1
2123,8.5e-05,1
2124,12.89864,1
2125,10.832368,0
2126,0.000702,0
2127,8.067345,0
2128,11.178192,0
2129,10.339391,1
2130,0.000115,1
2131,0.000147,1
2132,13.265967,1
2133,9.020255,0
2134,11.134287,1
2135,9.34326,1
2136,0.000312,1
2137,0.0001,1
2138,2.4e-05,1
2139,0.000128,1
2140,0.000236,1
2141,9.306354,1
2142,9.372811,0
2143,10.453159,0
2144,8.98553,0
2145,8.344382,1
2146,3.4e-05,1
2147,6.3e-05,1
2148,11.980201,1
2149,0.000213,1
2150,10.596657,1
2151,0.000108,1
2152,0.000207,1
2153,0.000261,1
2154,0.000224,1
2155,9.3e-05,0
2156,0.000147,1
2157,8.61411,0
2158,0.000224,1
2159,0.000312,1
2160,0.000169,1
2161,7.6e-05,1
2162,0.00011,1
2163,11.539697,1
2164,0.000365,0
2165,0.00028,0
2166,0.000204,1
2167,0.000355,0
2168,9.984299,0
2169,9.1e-05,1
2170,0.000447,1
2171,0.000344,1
2172,7e-05,1
2173,10.635133,1
2174,9.563569,0
2175,7.9e-05,1
2176,0.000187,0
2177,8.828212,1
2178,4.2e-05,0
2179,9.535686,0
2180,0.00052,1
2181,6.3e-05,0
2182,11.482194,0
2183,7.638298,0
2184,11.852492,0
2185,9.731877,1
2186,9.007167,0
2187,0.000145,1
2188,9.510737,0
2189,0.000126,1
2190,0.001047,1
2191,0.000362,1
2192,0.000215,1
2193,10.837917,0
2194,10.902716,0
2195,0.000123,1
2196,0.000122,0
2197,7.772667,1
2198,9.503482,0
2199,9.108057,0
2200,0.000296,1
2201,0.000113,1
2202,8.9e-05,1
2203,11.604897,1
2204,10.763796,0
2205,10.624899,1
2206,0.00031,1
2207,0.000152,1
2208,10.05155,0
2209,10.370497,0
2210,8.580987,1
2211,10.402032,1
2212,11.379175,0
2213,11.894359,0
2214,9.008637,0
2215,9.591228,1
2216,9.790042,1
2217,0.001048,1
2218,10.943334,1
2219,4.5e-05,1
2220,8.4e-05,0
2221,9.384843,0
2222,0.00013,1
2223,8.426998,1
2224,0.000121,1
2225,9.108701,1
2226,12.939935,1
2227,11.89871,1
2228,7.201472,1
2229,0.001011,1
2230,9.898574,0
2231,9.486763,0
2232,0.000155,1
2233,10.440879,1
2234,0.000128,1
2235,0.000104,1
2236,10.610638,1
2237,11.202287,0
2238,8.8e-05,0
2239,4.1e-05,1
2240,0.000318,1
2241,7.358266,0
2242,0.000342,1
2243,0.000244,1
2244,10.537167,1
2245,9.560262,1
2246,0.000297,1
2247,0.000146,0
2248,5.6e-05,1
2249,10.895059,1
2250,7.011239,0
2251,0.00013,0
2252,9e-05,0
2253,0.000331,1
2254,0.0001,0
2255,8.019143,0
2256,0.001095,1
2257,11.992953,1
2258,10.775412,0
2259,0.000115,0
2260,12.199761,0
2261,13.260769,0
2262,11.392813,0
2263,0.000292,1
2264,7.8e-05,1
2265,0.000141,0
2266,0.000137,1
2267,0.000149,1
2268,9.967407,1
2269,9.265679,0
2270,13.007781,1
2271,0.00015,1
2272,11.707933,0
2273,11.710915,0
2274,0.00021,1
2275,10.55016,1
2276,9.959052,1
2277,6.9e-05,0
2278,0.000206,0
2279,9.914912,0
2280,6e-05,1
2281,9.2e-05,1
2282,0.000403,1
2283,0.000117,1
2284,9.875021,1
2285,7.180715,0
2286,2.5e-05,1
2287,0.000143,1
2288,0.000761,1
2289,6.1e-05,0
2290,0.000359,0
2291,7.917139,1
2292,12.190727,1
2293,9.996984,1
2294,12.647194,1
2295,0.000139,0
2296,10.500872,0
2297,0.000747,1
2298,4.4e-05,0
2299,13.785379,0
2300,10.619342,1
2301,5.5e-05,1
2302,0.000408,0
2303,10.950929,1
2304,6.9e-05,1
2305,7.8e-05,1
2306,11.240851,0
2307,4.8e-05,1
2308,10.572229,1
2309,0.000172,0
2310,11.653794,0
2311,10.803594,1
2312,0.000112,1
2313,11.674564,0
2314,4.9e-05,0
2315,11.976351,0
2316,0.000977,1
2317,6.7e-05,1
2318,8.681496,0
2319,8.313077,1
2320,10.199677,0
2321,8.786499,0
2322,11.519609,0
2323,4.6e-05,0
2324,8.5e-05,1
2325,11.061986,1
2326,0.000205,1
2327,0.000194,1
2328,9.258286,0
2329,9.231411,0
2330,0.000775,0
2331,2.2e-05,1
2332,9.1e-05,1
2333,11.706769,0
2334,10.409273,1
2335,7.872498,0
2336,11.171737,1
2337,0.000151,1
2338,3.5e-05,1
2339,0.000123,1
2340,0.000177,1
2341,9.157666,1
2342,12.231209,0
2343,11.778966,1
2344,8.8e-05,0
2345,0.000111,1
2346,7.7e-05,0
2347,9.825326,1
2348,11.765607,1
2349,0.00103,1
2350,8.345011,1
2351,10.742544,0
2352,0.000351,1
2353,9.495214,1
2354,12.080794,0
2355,0.000231,1
2356,10.6057,1
2357,11.748816,1
2358,10.436922,0
2359,11.269882,1
2360,0.000325,1
2361,5e-05,0
2362,0.000496,1
2363,11.137455,1
2364,10.945819,1
2365,10.106402,1
2366,0.000749,0
2367,0.000272,0
2368,0.000132,1
2369,11.251646,1
2370,11.464841,1
2371,9.873779,0
2372,11.989075,1
2373,8.641943,1
2374,10.910856,1
2375,11.556596,1
2376,0.000283,1
2377,7.885202,1
2378,0.000945,1
2379,0.000233,1
2380,0.000331,1
2381,12.505367,0
2382,10.595956,0
2383,7.27431,1
2384,11.533712,1
2385,7.19551,0
2386,0.000177,1
2387,7.948165,0
2388,10.902383,1
2389,0.000348,1
2390,8.901778,0
2391,7.5e-05,1
2392,7.360352,1
2393,11.500657,0
2394,0.000385,1
2395,10.60134,1
2396,10.424716,0
2397,7e-05,1
2398,11.443572,1
2399,0.000127,1
2400,9.802342,0
2401,0.000275,1
2402,0.000687,1
2403,12.432952,1
2404,0.000216,1
2405,11.788608,0
2406,12.914131,0
2407,0.000137,1
2408,0.000135,1
2409,14.022889,1
2410,12.94802,0
2411,0.000297,1
2412,9.647923,0
2413,0.000217,1
2414,6.4e-05,1
2415,9.559431,0
2416,10.591644,0
2417,5.6e-05,1
2418,10.149889,0
2419,0.000139,0
2420,8.514183,0
2421,0.000121,1
2422,0.000169,0
2423,12.257692,0
2424,7.383218,1
2425,0.000145,1
2426,9.426743,1
2427,11.28937,0
2428,0.000325,1
2429,0.000117,1
2430,11.597878,1
2431,0.000173,1
2432,0.000114,1
2433,6.826964,0
2434,9.518227,1
2435,11.080812,0
2436,11.3507,0
2437,10.467989,1
2438,7.554019,0
2439,9.044185,1
2440,0.000196,1
2441,12.066887,1
2442,9.28598,1
2443,13.482815,0
2444,0.000339,1
2445,13.033051,1
2446,15.454021,1
2447,0.000134,0
2448,8.101254,1
2449,12.312352,0
2450,0.000117,0
2451,8.900778,0
2452,11.390393,1
2453,7.224097,1
2454,0.00018,1
2455,12.139009,1
2456,8.89172,0
2457,0.000123,0
2458,2.2e-05,0
2459,6.9e-05,0
2460,5.9e-05,0
2461,0.000197,1
2462,0.000123,1
2463,0.000338,1
2464,12.431229,1
2465,3.8e-05,1
2466,7.604194,0
2467,10.764604,1
2468,0.000146,1
2469,10.94271,1
2470,11.102729,1
2471,9.141077,1
2472,3e-05,1
2473,11.59148,1
2474,11.579409,0
2475,8.833138,0
2476,10.35837,1
2477,0.000117,0
2478,0.000169,1
2479,9.096494,1
2480,0.000145,0
2481,10.173961,1
2482,4.6e-05,0
2483,0.000154,1
2484,4e-05,0
2485,12.473636,0
2486,0.000604,1
2487,0.000347,1
2488,8.568806,1
2489,0.000225,1
2490,7.357532,0
2491,7.245373,1
2492,9.268654,1
2493,9.562704,1
2494,0.000114,1
2495,11.149752,1
2496,0.001322,1
2497,0.000128,1
2498,11.790766,0
2499,9.889312,1
2500,8.309163,0
2501,11.948925,0
2502,0.000219,1
2503,0.000199,1
2504,0.000165,1
2505,8.239381,0
2506,0.000276,1
2507,10.334581,1
2508,0.00096,1
2509,9.1e-05,0
2510,3.6e-05,1
2511,8e-05,1
2512,0.000135,1
2513,0.000213,1
2514,12.394945,0
2515,0.000196,1
2516,9.867846,1
2517,7.3e-05,1
2518,11.84299,1
2519,8.925339,0
2520,9.3e-05,1
2521,0.000195,1
2522,3e-05,1
2523,9.13363,1
2524,9.292799,0
2525,10.161996,1
2526,0.000114,1
2527,4.4e-05,1
2528,11.715361,0
2529,11.350262,1
2530,9.174447,0
2531,8.9e-05,1
2532,12.300368,0
2533,7.768899,1
2534,12.172045,0
2535,8.917361,0
2536,0.000172,0
2537,10.639527,0
2538,10.572501,0
2539,10.26564,0
2540,0.000719,1
2541,9.351886,1
2542,9.845963,0
2543,11.456903,1
2544,0.000812,1
2545,0.000109,0
2546,0.000166,0
2547,11.691766,1
2548,11.289713,0
2549,0.000176,1
2550,10.834805,1
2551,11.481798,1
2552,12.232868,0
2553,12.664893,1
2554,0.000262,1
2555,12.122311,1
2556,0.000222,1
2557,11.866953,1
2558,11.667108,1
2559,8.6e-05,1
2560,7.364836,0
2561,0.000216,1
2562,14.20855,1
2563,11.137699,0
2564,9.215323,1
2565,10.593762,1
2566,12.014887,0
2567,0.000179,1
2568,5.7e-05,1
2569,9.907428,0
2570,0.000335,1
2571,12.43285,0
2572,7.925117,0
2573,11.870129,1
2574,0.000223,1
2575,0.000295,1
2576,7.532579,0
2577,4e-05,1
2578,7.645,1
2579,8.056443,0
2580,10.744694,1
2581,9.9e-05,1
2582,9.361565,1
2583,9.071,1
2584,0.000297,1
2585,0.000417,1
2586,10.102528,0
2587,8.632181,1
2588,0.00037,1
2589,0.000114,1
2590,9.053842,0
2591,11.923955,0
2592,0.00014,1
2593,9.5e-05,1
2594,11.156862,0
2595,9.802471,1
2596,0.00012,0
2597,5.7e-05,1
2598,0.00041,1
2599,10.230731,1
2600,12.150793,0
2601,10.845943,1
2602,8.945243,1
2603,0.000244,1
2604,0.000176,1
2605,0.000142,0
2606,11.158655,0
2607,0.000226,1
2608,0.001165,1
2609,4e-05,0
2610,0.000167,1
2611,11.573402,0
2612,9.178484,1
2613,10.06274,1
2614,8.074565,0
2615,8.068312,1
2616,6.9e-05,1
2617,7.8e-05,1
2618,10.328834,1
2619,7.521817,0
2620,5.1e-05,1
2621,12.870151,1
2622,10.430534,1
2623,9.026454,1
2624,0.000228,1
2625,7.561736,0
2626,10.54188,0
2627,0.000497,1
2628,10.903363,0
2629,10.796913,1
2630,7.154773,0
2631,12.452603,1
2632,10.811774,0
2633,10.368892,0
2634,10.170581,1
2635,9.288753,1
2636,0.000498,1
2637,0.00033,1
2638,10.099276,1
2639,10.064548,0
2640,9.9e-05,0
2641,10.703323,0
2642,4.1e-05,1
2643,11.454762,0
2644,9.575362,1
2645,9.148145,0
2646,0.00016,1
2647,5.3e-05,1
2648,12.061743,0
2649,10.544468,0
2650,0.000139,1
2651,12.054367,1
2652,11.209767,1
2653,9.5e-05,1
2654,9.204522,0
2655,8.126851,1
2656,8.5e-05,1
2657,8.619333,0
2658,8.708036,1
2659,8.899783,1
2660,0.00032,1
2661,10.286529,1
2662,0.001541,1
2663,0.000683,1
2664,12.382049,0
2665,11.338544,1
2666,11.259742,0
2667,9.3e-05,0
2668,9.892757,1
2669,11.291718,1
2670,9.125765,0
2671,7.352093,1
2672,0.000195,1
2673,0.000697,1
2674,7.3e-05,1
2675,11.377234,1
2676,0.00038,1
2677,10.070326,1
2678,10.820581,1
2679,11.617809,0
2680,9.4e-05,0
2681,8.193543,1
2682,0.000106,1
2683,12.603718,1
2684,0.000122,1
2685,10.825049,0
2686,0.000199,1
2687,9.638625,1
2688,10.577436,1
2689,0.000104,1
2690,10.482411,1
2691,9.846522,0
2692,0.000137,1
2693,0.000235,1
2694,0.00058,1
2695,8.8e-05,1
2696,0.000543,1
2697,0.00048,1
2698,0.000871,1
2699,10.870386,1
2700,0.000356,1
2701,0.000282,1
2702,11.999273,0
2703,8.638455,0
2704,0.000282,1
2705,8.904622,1
2706,0.000136,1
2707,0.00014,1
2708,0.000147,1
2709,7.148061,0
2710,6.892927,1
2711,7.102636,0
2712,7.308513,0
2713,10.275363,0
2714,0.000709,1
2715,11.093886,1
2716,0.000113,1
2717,7.789644,0
2718,0.000275,1
2719,0.000411,1
2720,13.333985,0
2721,12.057006,0
2722,11.85881,0
2723,0.000253,1
2724,8.6261,0
2725,7.556854,0
2726,11.211968,0
2727,10.601199,1
2728,12.806287,0
2729,0.000254,1
2730,9.827189,0
2731,11.679136,1
2732,0.000284,0
2733,0.000172,1
2734,0.000212,0
2735,12.153319,0
2736,9.433308,1
2737,12.805042,1
2738,10.020305,1
2739,12.658203,1
2740,0.000215,1
2741,12.475696,0
2742,10.322365,0
2743,0.000311,1
2744,0.000102,0
2745,8.821368,1
2746,0.000155,1
2747,9.980108,0
2748,8.5e-05,1
2749,12.874268,0
2750,10.899051,1
2751,12.588166,1
2752,0.0001,1
2753,7.402282,1
2754,9.5e-05,1
2755,9.277634,1
2756,12.173987,1
2757,11.51842,0
2758,12.653034,0
2759,7.766851,1
2760,0.000113,1
2761,9.938812,1
2762,8.099221,1
2763,6e-05,1
2764,7.48977,0
2765,12.050352,0
2766,9.753913,0
2767,7.386889,0
2768,11.367479,0
2769,0.000589,1
2770,9.045611,1
2771,2.7e-05,1
2772,7.390315,0
2773,6.4e-05,1
2774,11.700533,0
2775,10.527182,1
2776,7.2e-05,0
2777,0.000152,0
2778,0.000472,1
2779,9.937877,1
2780,0.000182,1
2781,8.3e-05,1
2782,9.469234,1
2783,0.000113,1
2784,6.764745,0
2785,11.411998,0
2786,0.000126,1
2787,10.83092,1
2788,0.000118,1
2789,8.480408,0
2790,9e-05,1
2791,11.961988,0
2792,0.000218,1
2793,12.538109,0
2794,0.000938,1
2795,11.602208,1
2796,10.410204,0
2797,7.885644,0
2798,0.000131,1
2799,10.881239,0
2800,0.000336,1
2801,8.591763,0
2802,8.157258,1
2803,7.8e-05,1
2804,6.6e-05,1
2805,9.768864,1
2806,8.379387,1
2807,0.000319,1
2808,11.126042,0
2809,9.839319,0
2810,0.000103,1
2811,0.000198,0
2812,9e-05,1
2813,0.000242,1
2814,10.171844,1
2815,0.001382,1
2816,0.000504,1
2817,9.42206,0
2818,10.294495,1
2819,5.1e-05,1
2820,0.000161,1
2821,10.459408,0
2822,10.662781,1
2823,12.517278,1
2824,11.330806,1
2825,8.7e-05,1
2826,11.536193,1
2827,0.000145,1
2828,6.4e-05,1
2829,0.000177,1
2830,11.653218,1
2831,5.4e-05,1
2832,11.417497,1
2833,13.255249,0
2834,0.00086,1
2835,9.757038,0
2836,10.121616,1
2837,11.622031,1
2838,11.100523,1
2839,0.000131,1
2840,8.088367,1
2841,8.499391,1
2842,12.593849,1
2843,9.180801,1
2844,0.000774,1
2845,6.6e-05,1
2846,11.040311,0
2847,12.756906,0
2848,0.000368,1
2849,0.000153,1
2850,9.6e-05,1
2851,9.853968,1
2852,0.000248,1
2853,10.94755,0
2854,0.000517,1
2855,10.051633,0
2856,10.001016,1
2857,10.903797,1
2858,10.248836,1
2859,9.61678,1
2860,13.490766,1
2861,0.000263,1
2862,0.000157,1
2863,0.000138,1
2864,0.000404,1
2865,8.7e-05,0
2866,11.082771,0
2867,10.598408,0
2868,11.680773,0
2869,12.06306,1
2870,8.977218,0
2871,10.727443,1
2872,11.557921,1
2873,0.000193,1
2874,9.2119,0
2875,0.000303,1
2876,9.611055,0
2877,0.000156,1
2878,11.644529,0
2879,11.381069,1
2880,0.000994,1
2881,8.991198,1
2882,10.537329,0
2883,9.441789,0
2884,11.085413,1
2885,2e-05,0
2886,11.976037,1
2887,7.374306,0
2888,10.043446,1
2889,6.1e-05,1
2890,11.74699,0
2891,0.000255,0
2892,0.000287,1
2893,0.000486,1
2894,0.000111,1
2895,12.937325,1
2896,11.365185,0
2897,7.216722,0
2898,0.000106,1
2899,0.000156,1
2900,0.000131,1
2901,10.864704,0
2902,0.000162,1
2903,10.495574,0
2904,9.092606,0
2905,9.364451,1
2906,0.000157,1
2907,0.000269,0
2908,7.623085,0
2909,0.000241,1
2910,4.6e-05,1
2911,0.000312,1
2912,7.9e-05,0
2913,11.558143,1
2914,10.734222,1
2915,11.001645,0
2916,11.783898,1
2917,10.182086,0
2918,10.344104,0
2919,12.610795,0
2920,12.040802,1
2921,0.000351,1
2922,8.243827,1
2923,9.277339,1
2924,9.835124,1
2925,0.000244,1
2926,0.001015,1
2927,9.840096,1
2928,6.9e-05,0
2929,8.493293,1
2930,4.4e-05,1
2931,8.688108,0
2932,9.570322,0
2933,0.00045,0
2934,10.989239,0
2935,11.8086,0
2936,12.084961,1
2937,9.817198,0
2938,8.96753,1
2939,10.190627,1
2940,0.00011,1
2941,0.000479,1
2942,0.000135,1
2943,9.768391,1
2944,11.594298,0
2945,5.5e-05,1
2946,0.00011,1
2947,0.000718,1
2948,7.9e-05,1
2949,3e-05,0
2950,9.290445,1
2951,7.455288,0
2952,10.833132,1
2953,0.000309,1
2954,9.531917,0
2955,10.478841,1
2956,6.1e-05,0
2957,11.208265,1
2958,10.891638,1
2959,9.08137,1
2960,4e-05,0
2961,11.941113,0
2962,11.187139,1
2963,11.142003,1
2964,0.0001,1
2965,8.562842,0
2966,7.321952,0
2967,10.946093,0
2968,9.137442,1
2969,4.2e-05,0
2970,11.209105,1
2971,9.99638,0
2972,9.484481,0
2973,0.000162,0
2974,11.753833,0
2975,3.7e-05,0
2976,0.000258,1
2977,7.489806,1
2978,8e-05,0
2979,9.594592,1
2980,7.9e-05,0
2981,11.997194,1
2982,9.160361,1
2983,12.070781,1
2984,7.806009,1
2985,7.637243,0
2986,0.001612,1
2987,11.62183,1
2988,11.291773,1
2989,6e-05,1
2990,8.710781,1
2991,8.57165,0
2992,12.614009,1
2993,4.3e-05,1
2994,10.655493,1
2995,0.000119,1
2996,0.00015,0
2997,7.526533,0
2998,10.135904,1
2999,7.479461,1
3000,10.780526,1
3001,8.137762,0
3002,0.000262,1
3003,0.000188,1
3004,9.559508,0
3005,10.041199,0
3006,6.5e-05,1
3007,7.104246,0
3008,12.048166,0
3009,0.000107,1
3010,0.000172,1
3011,13.326417,0
3012,0.000138,1
3013,8.16892,1
3014,7.465255,1
3015,10.049804,1
3016,11.553291,0
3017,11.061891,0
3018,4.4e-05,1
3019,0.000147,0
3020,0.000275,1
3021,13.22389,0
3022,0.000155,1
3023,7.7e-05,1
3024,10.629836,0
3025,0.000437,1
3026,10.931581,1
3027,9.584039,1
3028,6.8e-05,0
3029,11.465199,1
3030,0.000185,1
3031,8.668616,1
3032,0.000148,1
3033,12.37874,1
3034,7.7e-05,1
3035,5.4e-05,1
3036,11.502982,1
3037,8.469681,0
3038,4e-05,1
3039,11.51327,1
3040,10.360332,1
3041,10.137315,1
3042,5.6e-05,1
3043,0.000237,1
3044,10.30771,1
3045,11.07253,1
3046,0.000117,0
3047,9.701138,1
3048,10.463909,1
3049,11.670955,0
3050,12.015801,1
3051,3e-05,0
3052,0.000145,0
3053,0.000511,1
3054,11.127927,0
3055,7.160116,0
3056,8.621897,0
3057,9.017694,1
3058,7.789309,1
3059,12.178837,0
3060,0.000116,1
3061,8.590226,0
3062,11.007941,1
3063,0.000878,1
3064,7.557217,1
3065,8.8e-05,1
3066,10.898403,0
3067,11.242499,0
3068,10.092762,0
3069,7.8e-05,1
3070,9.6e-05,0
3071,9.649774,0
3072,8.755888,1
3073,9.222801,1
3074,9.1e-05,0
3075,0.000709,1
3076,10.644738,0
3077,5.2e-05,1
3078,4.4e-05,1
3079,0.000193,1
3080,11.017721,1
3081,0.001407,0
3082,0.000171,1
3083,0.000123,0
3084,9.494528,0
3085,11.683559,1
3086,8.512177,0
3087,0.00038,1
3088,10.508908,1
3089,7.320496,1
3090,0.000117,1
3091,10.596263,0
3092,0.000761,1
3093,11.003322,1
3094,0.000338,1
3095,0.000155,1
3096,9.660317,0
3097,0.000118,0
3098,0.000518,1
3099,9.974978,0
3100,11.073443,0
3101,9.9e-05,1
3102,0.000278,1
3103,12.146496,0
3104,0.000159,1
3105,9.7e-05,1
3106,0.000124,1
3107,4e-05,1
3108,0.000156,1
3109,12.463865,0
3110,2.5e-05,0
3111,0.000267,1
3112,0.000329,1
3113,13.107959,0
3114,10.300018,1
3115,0.00015,1
3116,11.426381,1
3117,8.964375,1
3118,11.490334,0
3119,10.044293,0
3120,0.000149,1
3121,0.000805,0
3122,9.578827,1
3123,11.121436,1
3124,4.3e-05,1
3125,0.000158,1
3126,7.559925,0
3127,6.3e-05,0
3128,0.001001,1
3129,0.00042,1
3130,6e-05,1
3131,0.000132,0
3132,11.183125,1
3133,0.000109,0
3134,0.000199,1
3135,9.439847,0
3136,9.777448,0
3137,0.000573,1
3138,0.000131,1
3139,0.000255,1
3140,10.025421,1
3141,9.053513,1
3142,14.622127,0
3143,0.000163,0
3144,9.421369,1
3145,0.000216,1
3146,11.657241,1
3147,12.832349,0
3148,0.000205,0
3149,8.26589,0
3150,12.059197,0
3151,11.163321,0
3152,11.474334,0
3153,9.551323,0
3154,11.368996,1
3155,1.5e-05,1
3156,9.8e-05,1
3157,0.000386,1
3158,0.000183,0
3159,0.000429,1
3160,9.076738,1
3161,7.7e-05,1
3162,12.525938,0
3163,9.994205,0
3164,9e-05,1
3165,10.782726,1
3166,11.977162,1
3167,12.862082,1
3168,9.5e-05,1
3169,0.000399,1
3170,14.259235,0
3171,8.1e-05,0
3172,11.777685,0
3173,9.659155,1
3174,10.09942,0
3175,11.597648,1
3176,7.484102,1
3177,9.354969,1
3178,0.000154,0
3179,7e-05,1
3180,0.000129,1
3181,9.2e-05,1
3182,11.788561,1
3183,10.195004,0
3184,12.002313,1
3185,7.524456,0
3186,8.090423,1
3187,10.884584,0
3188,7.8e-05,0
3189,8.906948,1
3190,8.3e-05,0
3191,9.407706,1
3192,9.673016,1
3193,6.8e-05,1
3194,11.161007,0
3195,0.000364,1
3196,11.708182,0
3197,8.435956,0
3198,0.000133,1
3199,7.315883,0
3200,0.000103,1
3201,8.063986,1
3202,10.592718,0
3203,0.00018,1
3204,10.14019,1
3205,0.000273,1
3206,8.682593,0
3207,9.7e-05,1
3208,0.000846,1
3209,0.000825,1
3210,7.117858,1
3211,0.000188,1
3212,12.703189,0
3213,13.377248,0
3214,9.914886,1
3215,14.162276,1
3216,8.9e-05,1
3217,9.304214,1
3218,11.221338,1
3219,7.7e-05,0
3220,10.747236,1
3221,11.042297,1
3222,0.000879,0
3223,7.376214,0
3224,9.988927,0
3225,7.779003,1
3226,0.000428,1
3227,10.171102,1
3228,10.375751,1
3229,11.710688,1
3230,10.648843,0
3231,8.120804,0
3232,9.640134,0
3233,10.890753,1
3234,0.000204,1
3235,9.223191,0
3236,7.436345,0
3237,11.159724,1
3238,0.000387,1
3239,0.000435,1
3240,10.44925,1
3241,10.583396,1
3242,10.418954,1
3243,10.659286,0
3244,9.019103,0
3245,7.262682,0
3246,10.172714,1
3247,12.828908,1
3248,10.496103,1
3249,11.603531,1
3250,0.000115,0
3251,8.848309,1
3252,12.868435,1
3253,10.702389,0
3254,10.140657,1
3255,0.000106,1
3256,6.947877,0
3257,10.606459,1
3258,11.094309,1
3259,0.000246,1
3260,0.000202,0
3261,0.000279,1
3262,10.226535,0
3263,0.000126,0
3264,6.726539,0
3265,11.281353,0
3266,11.195692,0
3267,4.1e-05,1
3268,8.998437,1
3269,11.078407,1
3270,10.325182,0
3271,0.00012,1
3272,0.000163,0
3273,3e-05,0
3274,10.334396,1
3275,8e-05,0
3276,9.9e-05,1
3277,12.303662,0
3278,13.591777,0
3279,0.000124,0
3280,10.08494,1
3281,11.884437,0
3282,10.071748,0
3283,9.208226,0
3284,0.000667,1
3285,9.5e-05,1
3286,9e-05,1
3287,7.73525,1
3288,0.000763,1
3289,11.326464,1
3290,12.001901,0
3291,0.000474,1
3292,9.987506,0
3293,5.6e-05,1
3294,0.000109,1
3295,11.616955,1
3296,0.000196,1
3297,8.040975,0
3298,7.648041,0
3299,0.00016,1
3300,0.000375,0
3301,0.000123,1
3302,0.000124,1
3303,8.808437,1
3304,10.261627,1
3305,10.693907,1
3306,7.41878,0
3307,9.78497,0
3308,9.971327,0
3309,8.924815,0
3310,0.000258,1
3311,0.000195,1
3312,0.000263,1
3313,8.1e-05,0
3314,0.000124,1
3315,10.443989,1
3316,0.000534,1
3317,0.000315,1
3318,11.197257,1
3319,0.000122,1
3320,12.190163,0
3321,9.326862,1
3322,0.00016,1
3323,10.427632,1
3324,10.635151,0
3325,9.632675,0
3326,9.753211,0
3327,0.000317,1
3328,0.000276,1
3329,0.000354,1
3330,12.358565,0
3331,10.433097,1
3332,8.5e-05,1
3333,11.449077,0
3334,9.4e-05,0
3335,9.344403,1
3336,7.45198,1
3337,5e-05,0
3338,10.481064,0
3339,9.590665,1
3340,10.815167,1
3341,11.422858,1
3342,3.8e-05,1
3343,12.655378,0
3344,0.000109,0
3345,10.831855,0
3346,0.000111,1
3347,7.232978,0
3348,11.333068,1
3349,10.269925,0
3350,10.909814,1
3351,8.8e-05,1
3352,10.404304,0
3353,0.000161,0
3354,11.197186,1
3355,0.000136,1
3356,0.000661,1
3357,13.750711,0
3358,9.369724,1
3359,9.017105,1
3360,10.332266,0
3361,9.772289,1
3362,11.10904,1
3363,9.761962,1
3364,9.98244,1
3365,0.000124,1
3366,5.9e-05,1
3367,12.378635,1
3368,0.000101,1
3369,7.2e-05,0
3370,10.812181,1
3371,0.00017,1
3372,0.000188,1
3373,10.38052,1
3374,10.305997,1
3375,8.364944,0
3376,11.740918,1
3377,9.5e-05,0
3378,6.2e-05,1
3379,10.360331,1
3380,10.368578,1
3381,10.409352,1
3382,9.312882,1
3383,12.945783,1
3384,0.000138,1
3385,3.4e-05,1
3386,12.018226,1
3387,9.532385,1
3388,9.639021,1
3389,9.303643,1
3390,0.000209,0
3391,7.682261,0
3392,0.000404,1
3393,11.309506,0
3394,9.262089,1
3395,8.6e-05,1
3396,11.340448,0
3397,10.094052,0
3398,9.869988,1
3399,9.67309,1
3400,10.001612,1
3401,11.180346,1
3402,0.000224,0
3403,9.203416,0
3404,8.609183,1
3405,10.160096,0
3406,10.30485,1
3407,8.774432,0
3408,11.560928,0
3409,11.236415,0
3410,12.840941,1
3411,12.407552,1
3412,8.095763,0
3413,9.585006,1
3414,11.840197,0
3415,0.000731,1
3416,9.726218,0
3417,0.000858,1
3418,9.963091,1
3419,0.000344,1
3420,10.2312,0
3421,9.798859,1
3422,11.740755,0
3423,10.033567,0
3424,10.85286,1
3425,7e-05,1
3426,10.419454,1
3427,8.410855,0
3428,9.903533,1
3429,6.4e-05,1
3430,12.630442,1
3431,8.492589,1
3432,10.133255,1
3433,0.001483,1
3434,8.641769,0
3435,5.4e-05,1
3436,11.247884,1
3437,4.2e-05,1
3438,0.000162,1
3439,10.85346,0
3440,12.443446,0
3441,0.000176,1
3442,10.41639,1
3443,7.4e-05,1
3444,0.000383,1
3445,0.000637,1
3446,0.000435,1
3447,0.000149,1
3448,12.210558,1
3449,12.141438,1
3450,0.000131,1
3451,8e-05,0
3452,0.000153,1
3453,12.472234,0
3454,10.439766,1
3455,11.115766,1
3456,9.566442,1
3457,12.770003,0
3458,7.91257,0
3459,8.767239,0
3460,0.000102,1
3461,0.000187,1
3462,0.000244,1
3463,7.576208,0
3464,10.951421,0
3465,6.3e-05,1
3466,11.770079,1
3467,0.00013,0
3468,0.000343,1
3469,8.530033,1
3470,0.000335,1
3471,10.160783,1
3472,13.541389,1
3473,0.00013,1
3474,11.815732,1
3475,0.000199,1
3476,9.33299,1
3477,12.624528,1
3478,8.883732,1
3479,9.26719,0
3480,9.956079,1
3481,0.000126,0
3482,7.515423,1
3483,8.594817,1
3484,9.6e-05,0
3485,0.000266,1
3486,0.000158,1
3487,10.273051,1
3488,0.001068,1
3489,10.455145,0
3490,11.706456,1
3491,4.1e-05,1
3492,11.743451,1
3493,8.048646,1
3494,0.000184,1
3495,10.612564,1
3496,9.142056,0
3497,0.000346,1
3498,11.380532,0
3499,11.412737,1
3500,7.988844,1
3501,9.368779,0
3502,0.000156,1
3503,9.839866,1
3504,0.000138,1
3505,0.00019,1
3506,0.000124,1
3507,9.418073,1
3508,0.000275,0
3509,10.174817,1
3510,12.760455,1
3511,11.179705,1
3512,0.000119,1
3513,9.487015,1
3514,10.740732,0
3515,8.292482,0
3516,10.235084,1
3517,11.830846,0
3518,11.542854,1
3519,0.000539,1
3520,12.375688,1
3521,10.917345,0
3522,7.624082,0
3523,10.197604,1
3524,10.087343,0
3525,7.05266,1
3526,10.442361,1
3527,9.862564,1
3528,9.891968,1
3529,12.878326,1
3530,0.000224,1
3531,0.000103,1
3532,10.939987,1
3533,7.2e-05,1
3534,9.448184,0
3535,0.000266,1
3536,12.700092,1
3537,7.877775,1
3538,2.4e-05,1
3539,0.000105,1
3540,10.492671,0
3541,0.00017,1
3542,10.330354,0
3543,11.915808,1
3544,0.000148,1
3545,9.7e-05,1
3546,7.249842,0
3547,7.6e-05,0
3548,10.067035,1
3549,10.595374,0
3550,0.000298,1
3551,12.460409,1
3552,0.000518,1
3553,11.19888,0
3554,0.000107,1
3555,10.535627,0
3556,4.2e-05,0
3557,0.000199,0
3558,0.001077,1
3559,11.249228,1
3560,0.000381,1
3561,11.290768,0
3562,9.495304,1
3563,12.424041,0
3564,11.371112,0
3565,0.000111,0
3566,7.454879,0
3567,11.456641,0
3568,13.303651,0
3569,7.280717,0
3570,3.5e-05,1
3571,8.9e-05,1
3572,8.9184,1
3573,7.298026,1
3574,9.80069,0
3575,11.68806,0
3576,7.875788,0
3577,0.000427,1
3578,12.460068,0
3579,10.480947,1
3580,11.275839,1
3581,11.277295,1
3582,11.316862,0
3583,8.961841,0
3584,11.362102,1
3585,0.000815,1
3586,2.9e-05,0
3587,11.862133,1
3588,0.00055,1
3589,9.75527,1
3590,13.020009,0
3591,8.377686,1
3592,0.000157,1
3593,10.316668,1
3594,8.193358,1
3595,8.445301,0
3596,8.9e-05,1
3597,10.480406,0
3598,9.371825,1
3599,0.000101,1
3600,0.000118,0
3601,0.000101,0
3602,8.380308,1
3603,8e-05,1
3604,9.878516,1
3605,7.761293,1
3606,7.562172,0
3607,9.89193,0
3608,0.000114,1
3609,3.6e-05,0
3610,9.62214,1
3611,10.123065,1
3612,2.3e-05,1
3613,11.328814,0
3614,12.541641,1
3615,0.000907,1
3616,7.394829,1
3617,0.000133,0
3618,9.017127,0
3619,12.655022,0
3620,0.0002,1
3621,12.557993,1
3622,10.451518,1
3623,0.00015,0
3624,9.310192,0
3625,7.197601,1
3626,10.828901,0
3627,8.401255,0
3628,2.6e-05,0
3629,10.923537,0
3630,10.73479,0
3631,10.175794,1
3632,0.000253,1
3633,10.098271,0
3634,9.562626,1
3635,13.740908,1
3636,9.290246,1
3637,9.718143,0
3638,10.761423,1
3639,6.1e-05,0
3640,10.013805,0
3641,5.9e-05,0
3642,10.168943,0
3643,13.593054,1
3644,9.621807,0
3645,10.932918,0
3646,10.815637,1
3647,10.056027,1
3648,11.701882,0
3649,7.450567,0
3650,10.563414,1
3651,0.000588,1
3652,8.941064,1
3653,10.661551,1
3654,11.383297,1
3655,11.977947,1
3656,9.667102,1
3657,8.477188,0
3658,12.279287,0
3659,10.251985,0
3660,0.000114,1
3661,0.000649,1
3662,12.487709,1
3663,0.000285,1
3664,11.78158,1
3665,0.000328,1
3666,0.000182,1
3667,10.999125,0
3668,10.089303,0
3669,9.112959,1
3670,8.804632,1
3671,9.328579,1
3672,11.143208,1
3673,0.000223,1
3674,10.376068,0
3675,12.365148,0
3676,7.931705,1
3677,0.000594,1
3678,0.000423,1
3679,0.000226,0
3680,11.762387,1
3681,10.498575,1
3682,12.184617,0
3683,9.390252,1
3684,0.00019,1
3685,12.441722,0
3686,10.912912,1
3687,0.000305,1
3688,9.920892,1
3689,7.3e-05,1
3690,0.000361,1
3691,8.434204,0
3692,5.9e-05,0
3693,0.000246,1
3694,7.7e-05,0
3695,0.000734,1
3696,0.000114,1
3697,10.73014,1
3698,7.354173,1
3699,9.483952,0
3700,10.073414,1
3701,8.815248,1
3702,9.369966,1
3703,11.075959,1
3704,9.6e-05,1
3705,9.548032,0
3706,0.000104,1
3707,0.00023,0
3708,11.329734,1
3709,8.1e-05,1
3710,9.132622,0
3711,0.000142,1
3712,10.125381,1
3713,0.000583,1
3714,12.793579,1
3715,6.4e-05,1
3716,0.000192,1
3717,0.000128,0
3718,10.089616,1
3719,8.808476,1
3720,7.916101,0
3721,9.685675,1
3722,2e-05,1
3723,7.036941,0
3724,9.716248,0
3725,0.000242,1
3726,0.000506,1
3727,8.048624,0
3728,7.8e-05,1
3729,0.000179,1
3730,11.074773,0
3731,9.825339,1
3732,8.849198,1
3733,10.293879,1
3734,0.000804,1
3735,0.000293,0
3736,7.714544,0
3737,10.090452,1
3738,8.528496,1
3739,0.000221,1
3740,0.000246,1
3741,11.51563,0
3742,9.938502,0
3743,12.035412,0
3744,7.999396,1
3745,9.236783,1
3746,9.936426,1
3747,12.180713,1
3748,0.000227,1
3749,0.000216,1
3750,10.323702,1
3751,8.874861,0
3752,0.000173,0
3753,11.60253,0
3754,11.029978,1
3755,10.203537,0
3756,11.639788,1
3757,7.44808,0
3758,0.000405,1
3759,9.962068,0
3760,0.000646,1
3761,11.030989,0
3762,9.554441,1
3763,11.447904,1
3764,9.231461,1
3765,0.000215,1
3766,12.171334,1
3767,6.816278,0
3768,9.968157,0
3769,0.000947,1
3770,12.576195,1
3771,12.830022,0
3772,12.486712,1
3773,11.66521,1
3774,11.381389,1
3775,10.770612,1
3776,9.054742,0
3777,11.552199,0
3778,2.9e-05,1
3779,0.000801,1
3780,7.251802,1
3781,9.127984,1
3782,10.274568,1
3783,11.254842,1
3784,11.820928,1
3785,0.000181,1
3786,3.7e-05,0
3787,13.21305,0
3788,0.000577,1
3789,12.986983,0
3790,9.887976,1
3791,10.14552,1
3792,9.757692,0
3793,0.00042,1
3794,5e-05,1
3795,10.967966,0
3796,11.159785,1
3797,9.853763,1
3798,6.952507,0
3799,11.869157,1
3800,0.000289,1
3801,0.000735,1
3802,11.377008,0
3803,0.000154,1
3804,0.000305,1
3805,0.000263,1
3806,10.869784,0
3807,11.873776,0
3808,12.520436,1
3809,0.000136,0
3810,9.14659,1
3811,13.610899,0
3812,2.4e-05,1
3813,10.605676,1
3814,11.888651,1
3815,11.480262,1
3816,10.314524,0
3817,10.375808,0
3818,12.449169,0
3819,9.624412,1
3820,8.1e-05,1
3821,0.000266,1
3822,9.789281,0
3823,12.674059,1
3824,14.781101,0
3825,10.319695,1
3826,8.566185,1
3827,13.19436,0
3828,0.000498,1
3829,10.709763,1
3830,11.23987,0
3831,0.000111,1
3832,12.02191,0
3833,0.000144,1
3834,10.269341,0
3835,11.332386,0
3836,0.000669,1
3837,0.000111,0
3838,9.502208,0
3839,9.964301,0
3840,8.74685,1
3841,0.000333,1
3842,0.000325,1
3843,7.403038,0
3844,0.000146,0
3845,9.985736,0
3846,11.050909,1
3847,11.777235,1
3848,10.073141,0
3849,8.9e-05,1
3850,7.346888,0
3851,0.000165,1
3852,11.317792,1
3853,0.000149,1
3854,0.000223,1
3855,11.454082,0
3856,12.93724,0
3857,0.000538,1
3858,0.000262,1
3859,7.392504,0
3860,11.902081,0
3861,10.531806,1
3862,11.392511,0
3863,0.00034,1
3864,9.6e-05,1
3865,8.285357,0
3866,11.983338,1
3867,9.822461,1
3868,8.648251,0
3869,0.000198,1
3870,9.1e-05,1
3871,0.000119,1
3872,12.190336,0
3873,11.807719,0
3874,12.006781,1
3875,12.295388,1
3876,8.799411,1
3877,3.5e-05,1
3878,5.2e-05,1
3879,8.2e-05,1
3880,9.509054,1
3881,11.246187,1
3882,0.00152,1
3883,5.5e-05,1
3884,10.488047,0
3885,0.000332,1
3886,0.000112,0
3887,8.603607,0
3888,8.244769,1
3889,7.7e-05,1
3890,11.539336,1
3891,9.7e-05,1
3892,9.018993,1
3893,11.105453,0
3894,9.710734,0
3895,10.116441,1
3896,7.552639,0
3897,0.000259,1
3898,6.679122,0
3899,12.72463,0
3900,9.485466,0
3901,9.993561,1
3902,9.95944,0
3903,8.834023,0
3904,7.7e-05,1
3905,9.007423,0
3906,0.000122,0
3907,0.00013,1
3908,10.837066,1
3909,7.04074,0
3910,9.354203,1
3911,10.897791,1
3912,10.373962,1
3913,0.000111,1
3914,5.5e-05,1
3915,11.055768,1
3916,12.435484,1
3917,7.328278,0
3918,9.372127,0
3919,0.000353,1
3920,11.861517,1
3921,0.000546,1
3922,10.080001,0
3923,10.126975,1
3924,0.000351,1
3925,11.211445,1
3926,11.727852,0
3927,0.000399,1
3928,11.809913,1
3929,3.6e-05,0
3930,10.915853,1
3931,8.794325,0
3932,11.076614,1
3933,10.76388,1
3934,11.191072,0
3935,11.834145,1
3936,11.237839,1
3937,8.933949,1
3938,0.000413,1
3939,12.485728,0
3940,0.000201,1
3941,0.000219,1
3942,11.462751,1
3943,13.706676,1
3944,9.873331,1
3945,10.71272,0
3946,0.000383,1
3947,10.552245,0
3948,0.000216,1
3949,11.870832,0
3950,12.640855,1
3951,5.9e-05,1
3952,0.000274,1
3953,11.857567,1
3954,11.657206,0
3955,10.173346,0
3956,11.075752,1
3957,11.605687,0
3958,0.000132,1
3959,9.09551,1
3960,4.9e-05,1
3961,5.6e-05,1
3962,7.70255,0
3963,10.741319,1
3964,0.000221,1
3965,0.000425,1
3966,9.390931,1
3967,9.011588,1
3968,0.000103,1
3969,10.926009,1
3970,8.09767,1
3971,9.7e-05,1
3972,7.741596,0
3973,0.000232,1
3974,0.000114,1
3975,6.6e-05,1
3976,8.8e-05,1
3977,7.569355,0
3978,9.469618,0
3979,0.000172,1
3980,9.0355,1
3981,9.1e-05,1
3982,9.12877,1
3983,8.077009,1
3984,9.261181,1
3985,7.343241,0
3986,7.361199,0
3987,9.8e-05,1
3988,0.000228,1
3989,0.000521,1
3990,10.546804,1
3991,9.438778,0
3992,0.000821,0
3993,11.174441,1
3994,0.0001,1
3995,8.949677,1
3996,8.046375,0
3997,10.025309,0
3998,8.978396,0
3999,3.8e-05,0
4000,10.192099,0
4001,11.737865,1
4002,11.119032,0
4003,0.000227,1
4004,9.960159,1
4005,11.151344,0
4006,10.218469,1
4007,7.197762,0
4008,9.051493,0
4009,12.714867,1
4010,10.774793,1
4011,10.726435,1
4012,10.399175,1
4013,0.000267,1
4014,7.3e-05,1
4015,0.000131,1
4016,10.631041,0
4017,7e-05,1
4018,0.00022,1
4019,10.924265,0
4020,0.000456,1
4021,10.339564,0
4022,11.082773,1
4023,0.000317,1
4024,0.00026,1
4025,10.316669,1
4026,0.000127,0
4027,10.904895,1
4028,4.1e-05,1
4029,0.000235,0
4030,0.0002,1
4031,0.000125,1
4032,8.759331,1
4033,8.115122,0
4034,0.000166,1
4035,10.076358,1
4036,11.92296,1
4037,12.620988,0
4038,0.000139,1
4039,0.000227,1
4040,0.000202,1
4041,10.803761,1
4042,10.355871,1
4043,8.669998,0
4044,0.000548,1
4045,0.000139,1
4046,0.000127,1
4047,8.144106,0
4048,6.9e-05,1
4049,7.771966,1
4050,0.000308,1
4051,0.000256,1
4052,0.000188,0
4053,0.000262,0
4054,0.00012,1
4055,0.000173,1
4056,10.793655,1
4057,11.947785,1
4058,0.000221,1
4059,11.159524,1
4060,9.607813,0
4061,0.000176,1
4062,13.187958,0
4063,10.835158,0
4064,10.032155,0
4065,4.1e-05,1
4066,10.91157,1
4067,0.000582,1
4068,10.445707,1
4069,9.606211,0
4070,9.51188,1
4071,8.942165,0
4072,8.559857,0
4073,9.143599,1
4074,0.000175,1
4075,8.907786,1
4076,0.000365,1
4077,0.000514,1
4078,9.266643,0
4079,10.186731,1
4080,6e-05,1
4081,0.000192,1
4082,11.864133,1
4083,6.9e-05,1
4084,0.000203,0
4085,11.686685,0
4086,4.9e-05,1
4087,9.266747,0
4088,8.976256,0
4089,8.473877,0
4090,11.466949,0
4091,12.840794,1
4092,9.536534,1
4093,12.983243,1
4094,6.9e-05,0
4095,12.186328,0
4096,0.000171,1
4097,13.643357,0
4098,11.459368,1
4099,0.000701,1
4100,9.5e-05,0
4101,0.000248,1
4102,9.487,0
4103,9.95787,1
4104,10.703353,0
4105,14.118965,0
4106,7.525568,1
4107,10.988532,1
4108,5.3e-05,1
4109,0.000164,0
4110,0.000956,1
4111,10.130137,0
4112,9.7e-05,1
4113,0.000135,1
4114,11.111206,1
4115,7.264941,0
4116,7.6299,1
4117,7.247619,0
4118,0.000193,1
4119,0.000303,1
4120,12.125176,0
4121,10.484079,0
4122,10.118583,1
4123,9.2e-05,1
4124,10.48143,0
4125,10.975228,0
4126,0.000235,1
4127,10.080653,1
4128,0.000105,1
4129,0.000214,0
4130,8.468079,1
4131,8.978477,0
4132,10.673301,0
4133,0.000221,1
4134,12.393341,1
4135,0.000193,1
4136,9.847486,0
4137,9.558976,1
4138,7.906961,0
4139,12.188952,0
4140,8.88127,1
4141,12.100126,1
4142,9.744411,1
4143,10.760829,1
4144,8.9e-05,1
4145,0.000295,0
4146,12.830956,0
4147,10.686028,1
4148,7.381323,0
4149,9.279188,1
4150,11.341754,1
4151,10.217908,0
4152,0.000311,1
4153,9.470164,0
4154,10.578094,0
4155,11.033535,0
4156,11.205747,1
4157,10.821772,0
4158,8.938098,1
4159,0.000149,1
4160,0.000223,1
4161,12.166766,0
4162,10.973238,1
4163,10.400635,1
4164,7.076584,0
4165,10.445058,1
4166,8.708379,1
4167,10.050081,1
4168,0.000666,1
4169,9.591949,1
4170,0.000112,1
4171,10.650805,0
4172,0.000421,1
4173,8.582879,1
4174,0.00037,1
4175,10.907113,1
4176,0.000109,1
4177,0.000159,1
4178,7.3e-05,1
4179,0.000288,1
4180,9.8e-05,1
4181,0.000113,1
4182,10.312341,1
4183,11.569564,1
4184,7.546712,0
4185,11.969055,0
4186,11.165877,1
4187,0.000183,1
4188,0.000158,1
4189,9.740885,1
4190,11.162035,1
4191,12.117188,1
4192,0.000422,1
4193,0.000333,1
4194,10.805875,0
4195,11.638802,0
4196,10.807631,0
4197,4.8e-05,0
4198,0.001001,1
4199,7.788405,1
4200,12.264364,1
4201,12.822282,1
4202,6.9e-05,0
4203,8.284978,0
4204,6.895576,0
4205,13.580155,1
4206,11.087099,0
4207,9.604115,1
4208,11.298128,1
4209,7.363827,0
4210,7.138917,0
4211,9.056726,1
4212,8.244133,1
4213,11.137561,0
4214,8.792124,1
4215,9.748811,1
4216,8.352592,1
4217,0.000185,1
4218,12.620025,1
4219,9.300467,0
4220,0.00021,1
4221,7.371002,1
4222,0.000194,0
4223,10.291466,0
4224,9.041768,1
4225,0.000276,0
4226,10.941132,1
4227,0.000106,1
4228,6.821226,0
4229,10.883535,1
4230,14.227942,0
4231,7.466575,0
4232,0.000113,1
4233,0.000103,1
4234,8.96697,1
4235,11.07341,1
4236,10.069417,1
4237,13.021049,1
4238,8.581249,1
4239,0.000663,1
4240,9.015402,1
4241,8.985065,0
4242,0.000127,1
4243,11.141587,0
4244,0.000269,1
4245,0.000534,1
4246,0.000244,1
4247,0.000384,1
4248,4.3e-05,1
4249,0.000118,1
4250,11.038709,1
4251,0.000574,1
4252,0.000262,1
4253,12.352037,1
4254,9.7e-05,1
4255,10.121759,1
4256,10.278578,0
4257,8.916137,0
4258,8.628798,1
4259,8.2e-05,1
4260,0.000143,1
4261,7.718531,1
4262,10.916329,0
4263,6e-05,1
4264,9.099553,0
4265,6.9e-05,1
4266,9.74913,0
4267,12.200977,0
4268,0.000475,1
4269,8.874183,1
4270,11.930241,1
4271,0.000157,1
4272,11.647325,0
4273,0.000384,1
4274,9.2e-05,1
4275,10.679073,0
4276,9.646852,0
4277,12.930972,1
4278,10.398063,0
4279,8.100006,1
4280,9.1e-05,1
4281,10.195374,0
4282,10.34528,0
4283,8.817177,1
4284,0.000237,1
4285,0.000225,1
4286,13.101389,1
4287,0.000138,0
4288,9.050778,0
4289,11.181836,0
4290,0.000208,1
4291,9.782452,0
4292,9.015581,0
4293,0.000175,1
4294,13.095452,1
4295,10.186586,0
4296,11.222672,1
4297,0.000366,1
4298,0.000191,1
4299,7.273284,0
4300,11.621869,1
4301,9.36321,0
4302,9.875768,0
4303,8.109518,0
4304,10.310512,0
4305,10.684609,0
4306,8.013091,0
4307,0.000524,1
4308,9.895752,0
4309,0.000364,0
4310,0.000321,1
4311,11.309496,0
4312,9.2e-05,1
4313,0.00021,1
4314,11.99945,1
4315,10.652386,0
4316,0.000196,1
4317,9.55014,1
4318,10.504306,1
4319,9.128407,0
4320,6.2e-05,1
4321,11.172283,1
4322,10.525088,0
4323,0.000166,1
4324,0.00011,1
4325,9.425848,1
4326,9.138896,0
4327,0.000564,1
4328,11.512419,0
4329,0.000196,1
4330,9.702761,1
4331,10.3657,1
4332,0.000674,1
4333,10.778372,1
4334,8.963837,0
4335,9.804068,0
4336,0.000103,1
4337,10.699574,1
4338,12.9203,1
4339,8.167297,0
4340,11.451517,1
4341,8e-05,1
4342,9.379815,0
4343,0.000165,1
4344,7.245221,0
4345,0.00017,1
4346,7.625187,1
4347,11.129519,1
4348,0.000131,1
4349,0.000203,1
4350,12.079903,1
4351,0.000119,1
4352,10.854721,1
4353,9.953677,0
4354,11.565213,1
4355,9.343462,0
4356,10.786616,0
4357,0.000163,1
4358,5.6e-05,0
4359,12.615531,1
4360,10.270789,0
4361,11.54585,1
4362,4.2e-05,1
4363,0.000349,1
4364,10.536723,1
4365,11.88235,0
4366,9.565281,1
4367,10.625898,1
4368,9.327835,0
4369,0.000146,0
4370,7.1e-05,0
4371,0.000181,1
4372,8.80289,1
4373,0.000407,0
4374,3.6e-05,1
4375,10.997101,1
4376,11.666253,0
4377,11.812651,0
4378,9.828835,1
4379,10.445784,1
4380,8e-05,1
4381,11.57714,0
4382,0.000182,0
4383,10.372192,1
4384,7.2e-05,0
4385,8.049583,0
4386,8.918091,1
4387,0.00013,0
4388,7.595557,0
4389,9.771035,1
4390,0.000262,1
4391,9.3e-05,1
4392,0.00018,1
4393,7.679732,0
4394,7.2e-05,1
4395,8.755981,0
4396,0.000158,0
4397,0.000111,1
4398,0.00015,1
4399,11.124048,1
4400,7.358713,1
4401,12.864399,0
4402,0.000115,1
4403,6.9e-05,1
4404,10.105752,1
4405,0.00019,1
4406,0.00031,1
4407,0.000185,0
4408,0.0001,0
4409,7.8e-05,1
4410,9.97623,0
4411,9.674669,1
4412,12.048802,1
4413,11.233106,1
4414,0.000272,1
4415,8.2e-05,0
4416,0.000131,1
4417,0.00041,1
4418,7.3e-05,0
4419,7.77061,0
4420,10.128704,1
4421,0.000119,1
4422,13.301096,0
4423,8.032601,0
4424,0.000346,1
4425,11.391972,1
4426,10.152015,0
4427,0.000146,1
4428,0.000145,1
4429,0.000357,1
4430,4.1e-05,1
4431,11.222253,1
4432,10.837019,0
4433,11.040112,1
4434,12.698884,1
4435,5.8e-05,0
4436,10.591453,1
4437,9.637629,1
4438,11.093904,0
4439,0.001733,1
4440,11.118546,1
4441,7.8e-05,1
4442,12.684307,1
4443,9.700698,0
4444,7.493958,0
4445,0.000214,1
4446,8.6e-05,0
4447,3.5e-05,1
4448,0.000324,1
4449,6.9e-05,1
4450,8.681112,0
4451,0.000292,1
4452,13.269995,1
4453,7.25928,1
4454,0.000125,1
4455,0.000252,1
4456,9.150473,0
4457,10.544663,0
4458,0.000146,1
4459,0.000132,1
4460,4.4e-05,0
4461,0.000141,1
4462,10.203358,1
4463,2.8e-05,0
4464,11.760472,1
4465,0.00039,1
4466,8.191525,0
4467,10.576008,0
4468,11.391338,1
4469,10.248456,0
4470,0.00027,1
4471,0.000152,0
4472,11.663894,0
4473,11.315266,0
4474,10.252329,0
4475,12.109114,0
4476,0.000148,0
4477,0.000351,1
4478,5.4e-05,0
4479,9.434223,1
4480,10.519485,1
4481,6.970055,0
4482,10.856211,1
4483,10.684669,0
4484,9.936874,1
4485,11.025763,0
4486,7.955633,0
4487,0.000175,1
4488,9.277947,1
4489,6.6e-05,1
4490,11.536082,1
4491,10.96668,0
4492,11.772023,0
4493,10.606473,1
4494,0.000668,1
4495,12.848867,1
4496,12.059659,1
4497,4.6e-05,0
4498,12.7253,0
4499,0.000192,0
4500,7.349463,1
4501,11.16364,1
4502,10.794838,1
4503,13.419277,0
4504,0.000123,1
4505,10.868884,0
4506,13.225902,1
4507,0.000671,1
4508,0.000105,1
4509,0.000111,1
4510,9.006145,1
4511,0.000303,1
4512,9.125991,0
4513,10.759897,1
4514,6.806915,1
4515,11.31784,0
4516,7.40519,1
4517,10.624399,1
4518,6.998806,1
4519,0.000603,1
4520,11.35859,1
4521,8.985135,1
4522,4.7e-05,0
4523,7.7e-05,0
4524,12.461369,1
4525,7.338055,0
4526,10.587779,1
4527,13.258793,1
4528,11.229789,0
4529,0.000241,1
4530,7.577331,1
4531,7.099127,0
4532,8.899588,0
4533,6.920881,1
4534,0.000233,1
4535,4.5e-05,1
4536,0.000663,1
4537,6.865274,0
4538,0.000165,1
4539,9.838752,0
4540,11.685021,1
4541,0.000175,1
4542,0.000201,1
4543,9.444502,1
4544,12.630632,0
4545,0.000179,0
4546,7.2e-05,1
4547,10.537832,1
4548,0.00014,1
4549,0.000119,1
4550,14.795118,0
4551,12.473371,1
4552,7.576433,1
4553,0.000132,1
4554,10.038883,1
4555,0.000156,1
4556,6.2e-05,0
4557,12.563834,1
4558,5.1e-05,1
4559,11.118636,1
4560,9.3e-05,0
4561,0.000275,1
4562,10.191813,1
4563,11.244953,1
4564,6.6e-05,0
4565,0.000112,1
4566,12.838638,0
4567,10.173706,1
4568,5.2e-05,1
4569,4.7e-05,1
4570,12.174521,1
4571,11.060327,1
4572,0.000368,1
4573,11.89669,0
4574,9.550197,1
4575,0.000197,1
4576,13.391253,0
4577,8.798123,0
4578,9.816383,0
4579,10.613977,0
4580,10.910746,1
4581,12.564895,0
4582,0.000258,0
4583,0.000239,1
4584,0.000404,1
4585,12.981603,0
4586,8.4e-05,0
4587,11.373414,0
4588,9.818949,1
4589,0.000625,1
4590,10.85703,1
4591,0.000153,1
4592,9.082744,0
4593,0.00068,1
4594,0.000187,1
4595,10.626605,0
4596,0.000148,1
4597,0.000273,1
4598,8.5e-05,1
4599,10.74257,0
4600,13.329997,0
4601,0.000697,1
4602,11.479784,0
4603,10.940243,1
4604,10.889131,0
4605,9.463183,0
4606,0.000159,1
4607,0.000163,1
4608,9.052485,0
4609,0.000138,1
4610,11.686908,1
4611,9.311933,1
4612,13.93198,0
4613,12.262211,0
4614,0.000269,1
4615,10.851012,0
4616,0.000166,1
4617,11.001755,1
4618,5.2e-05,1
4619,9.483117,1
4620,10.436975,1
4621,8.909492,0
4622,9.792843,0
4623,7.440913,0
4624,8.2e-05,0
4625,11.573667,1
4626,0.000105,0
4627,11.195663,1
4628,10.936606,1
4629,10.037091,0
4630,0.000534,1
4631,0.000105,1
4632,0.000424,0
4633,0.000309,1
4634,0.00055,1
4635,13.009261,0
4636,9.247198,1
4637,0.000176,1
4638,0.000377,1
4639,11.094552,1
4640,12.302021,0
4641,8.42524,0
4642,11.481738,1
4643,0.001517,1
4644,8.805174,1
4645,8.49145,0
4646,11.994205,0
4647,11.831992,0
4648,12.954081,0
4649,5.1e-05,1
4650,10.44753,0
4651,12.656166,0
4652,8.388524,1
4653,0.000709,1
4654,9.537738,0
4655,10.764105,1
4656,0.00019,1
4657,9.287811,0
4658,10.104441,1
4659,0.000162,1
4660,0.000365,1
4661,9e-05,1
4662,0.000198,1
4663,9e-05,1
4664,0.000708,1
4665,9.34763,1
4666,7.497817,0
4667,12.356193,1
4668,9.83272,0
4669,0.000152,1
4670,8.1e-05,1
4671,10.641134,1
4672,11.95647,1
4673,0.000187,1
4674,9.124863,1
4675,11.486351,1
4676,9.330748,0
4677,10.026242,0
4678,13.14999,0
4679,11.6898,0
4680,10.304219,1
4681,9.523474,0
4682,11.868186,1
4683,8.378813,1
4684,0.000134,1
4685,0.000155,1
4686,11.535555,0
4687,11.943039,1
4688,13.634705,0
4689,10.142438,1
4690,10.423779,1
4691,9.4e-05,0
4692,11.903456,0
4693,10.406887,1
4694,10.146096,0
4695,7.237218,1
4696,10.141297,0
4697,6.8e-05,0
4698,7.3e-05,1
4699,12.800849,1
4700,9.456965,0
4701,11.568217,0
4702,10.91726,0
4703,13.43772,0
4704,10.265382,1
4705,10.096109,1
4706,6.3e-05,0
4707,12.562531,1
4708,12.217297,1
4709,0.000297,1
4710,11.177994,0
4711,11.270061,0
4712,0.000134,0
4713,0.000445,1
4714,9.862676,1
4715,12.162728,1
4716,10.765926,1
4717,10.899552,0
4718,11.340755,0
4719,0.00048,1
4720,12.775455,0
4721,9.64778,1
4722,5.8e-05,1
4723,11.551975,0
4724,9.110224,0
4725,8.6e-05,1
4726,6.5e-05,0
4727,0.000148,1
4728,0.000161,0
4729,10.28273,1
4730,0.000539,1
4731,9.0769,0
4732,10.35846,1
4733,0.000142,1
4734,10.420737,1
4735,0.000777,1
4736,7.666255,1
4737,10.382118,0
4738,10.139784,1
4739,9.246873,1
4740,7.353382,1
4741,10.120661,0
4742,11.63044,0
4743,11.538815,0
4744,0.000198,1
4745,7.6e-05,1
4746,0.000258,1
4747,0.000255,1
4748,0.000778,1
4749,4.4e-05,0
4750,11.094604,1
4751,9.073865,0
4752,0.000301,1
4753,12.690096,0
4754,11.863912,1
4755,11.241711,0
4756,0.000187,1
4757,8.547652,1
4758,3.6e-05,0
4759,0.000222,0
4760,6.4e-05,1
4761,0.00014,1
4762,0.000105,1
4763,10.042879,1
4764,0.00016,1
4765,0.000883,1
4766,11.113328,0
4767,11.332,1
4768,7.259275,0
4769,9.846808,1
4770,8.8e-05,1
4771,7.906489,1
4772,9.144773,0
4773,13.938248,1
4774,11.616873,0
4775,7.06846,0
4776,0.000192,1
4777,11.342516,0
4778,7.87087,1
4779,12.658103,0
4780,0.000156,0
4781,12.940223,0
4782,8.799891,1
4783,8.8e-05,1
4784,0.00017,1
4785,11.770416,1
4786,11.864011,1
4787,8.91957,0
4788,9.710611,1
4789,10.827405,1
4790,9.943887,0
4791,8.736252,0
4792,9.57045,0
4793,9.1e-05,1
4794,12.195224,0
4795,7.905823,0
4796,10.738294,0
4797,10.004951,1
4798,7.555503,0
4799,0.000185,1
4800,7.869999,1
4801,0.000119,1
4802,2.3e-05,0
4803,8.2e-05,1
4804,0.000383,1
4805,12.505831,1
4806,8.905334,1
4807,11.250916,0
4808,0.000188,1
4809,0.000576,1
4810,7.865159,1
4811,7.911315,1
4812,0.000335,1
4813,9.196244,1
4814,9.524526,1
4815,10.152178,0
4816,9.2e-05,1
4817,0.000118,1
4818,11.450531,1
4819,6.3e-05,0
4820,10.189634,0
4821,10.987953,1
4822,0.000488,1
4823,6.7e-05,0
4824,0.000369,1
4825,10.149516,0
4826,6.952616,1
4827,5.1e-05,0
4828,0.000179,1
4829,10.808414,1
4830,7.422452,0
4831,11.188968,0
4832,11.830296,1
4833,10.811482,0
4834,9.9e-05,1
4835,8.788338,1
4836,7.696548,0
4837,13.153449,1
4838,0.000104,1
4839,10.07205,1
4840,5.6e-05,1
4841,0.000234,1
4842,0.000112,0
4843,0.000677,1
4844,9.640286,1
4845,8.856162,1
4846,12.97949,0
4847,9.439793,1
4848,8.9e-05,0
4849,9.225936,1
4850,12.157311,1
4851,10.516315,0
4852,0.000103,1
4853,11.427569,1
4854,11.332433,0
4855,9.197417,1
4856,10.310054,0
4857,0.000283,1
4858,9.4e-05,1
4859,7.892429,0
4860,10.146649,1
4861,11.17271,1
4862,12.079803,1
4863,10.931685,1
4864,0.00018,1
4865,11.145864,1
4866,0.000273,1
4867,13.175775,0
4868,9.929875,0
4869,11.63938,0
4870,11.978786,0
4871,11.63672,0
4872,0.000175,1
4873,0.0001,1
4874,7.1e-05,0
4875,0.000133,1
4876,10.65313,0
4877,0.000175,1
4878,0.000123,1
4879,0.000318,1
4880,0.000171,1
4881,10.559875,1
4882,11.175466,1
4883,0.000184,0
4884,9.653414,1
4885,9.675119,1
4886,7.588787,0
4887,10.701744,0
4888,12.255708,0
4889,9.758958,1
4890,10.204501,1
4891,11.452672,1
4892,4.6e-05,0
4893,9.51254,1
4894,10.668594,1
4895,7.413188,1
4896,9.349629,1
4897,10.346206,0
4898,9.676179,1
4899,10.402633,1
4900,9.8e-05,0
4901,10.339883,1
4902,0.000304,0
4903,9.010998,0
4904,9.364336,0
4905,6.2e-05,1
4906,8.744956,1
4907,10.238707,0
4908,8.266147,1
4909,0.00013,1
4910,0.000287,1
4911,8.602391,1
4912,13.791455,0
4913,7.824285,0
4914,10.898412,1
4915,11.081448,0
4916,9.883432,0
4917,8.317824,0
4918,0.000132,1
4919,9.995912,0
4920,8.641908,1
4921,9.714545,0
4922,11.148848,0
4923,11.6559,0
4924,10.472609,0
4925,3.3e-05,0
4926,11.981969,1
4927,0.000123,1
4928,0.000218,1
4929,10.304951,0
4930,9.663074,1
4931,7.645081,0
4932,0.000154,0
4933,0.000344,1
4934,0.001129,1
4935,10.985999,1
4936,11.478665,1
4937,11.729455,0
4938,0.000422,1
4939,3.2e-05,1
4940,9.836456,0
4941,7.060684,0
4942,8.280769,1
4943,8.135185,1
4944,10.547541,0
4945,0.00052,0
4946,0.00019,1
4947,0.000115,1
4948,8.4e-05,0
4949,0.000273,1
4950,6.4e-05,1
4951,8.894448,0
4952,9.5e-05,1
4953,7.553313,0
4954,9.063722,0
4955,10.236216,1
4956,7.824721,1
4957,7.984775,1
4958,11.69941,0
4959,10.531541,1
4960,12.695282,1
4961,11.710591,1
4962,0.000427,1
4963,8.17942,1
4964,0.000214,1
4965,13.425451,1
4966,5.6e-05,0
4967,10.185986,1
4968,3e-05,0
4969,9.700521,1
4970,10.440242,0
4971,0.000276,1
4972,10.209159,0
4973,0.000215,1
4974,4.1e-05,1
4975,0.000128,1
4976,4.9e-05,1
4977,10.640635,0
4978,0.000246,1
4979,8.8e-05,1
4980,0.0002,0
4981,11.536218,0
4982,10.165543,0
4983,8.794625,1
4984,10.710679,1
4985,7.307437,1
4986,11.862267,0
4987,0.000568,1
4988,7.086958,1
4989,6.8e-05,1
4990,0.000166,1
4991,9.330379,0
4992,0.000375,1
4993,10.287146,0
4994,11.417483,1
4995,9.992592,1
4996,7.6e-05,1
4997,0.001704,1
4998,0.00027,1
4999,11.96024,1
5000,7e-05,1
5001,0.00103,1
5002,4.1e-05,0
5003,0.000136,1
5004,7.493514,1
5005,0.000251,1
5006,0.000162,0
5007,0.000451,1
5008,10.156642,0
5009,10.609319,0
5010,13.949883,1
5011,8.336125,0
5012,6.4e-05,1
5013,9.982101,1
5014,9.174147,1
5015,7.103251,1
5016,7.276576,0
5017,6.9e-05,1
5018,0.000553,1
5019,11.179214,1
5020,13.380703,1
5021,10.65525,1
5022,9.803904,1
5023,0.000141,1
5024,10.192943,0
5025,10.786922,0
5026,0.000266,1
5027,6.7e-05,0
5028,10.522954,1
5029,7.802988,1
5030,10.155798,0
5031,7.6e-05,1
5032,0.000166,1
5033,8.706458,0
5034,8.219742,0
5035,7.789655,1
5036,0.000404,1
5037,8.21717,0
5038,0.000129,1
5039,0.000239,1
5040,10.881909,0
5041,0.000114,1
5042,7.123209,0
5043,5.9e-05,1
5044,0.000101,1
5045,7.473145,0
5046,11.243076,0
5047,10.925703,0
5048,11.343922,1
5049,0.00019,0
5050,0.000261,1
5051,9.407415,1
5052,10.098239,1
5053,8.142885,0
5054,10.944899,1
5055,13.129695,0
5056,7.469133,0
5057,9.530647,1
5058,0.000129,1
5059,0.000393,1
5060,0.001068,1
5061,10.450995,1
5062,7.667252,1
5063,9.029476,0
5064,11.794157,1
5065,0.000426,1
5066,0.000109,0
5067,0.000138,0
5068,9.983472,1
5069,9e-05,1
5070,7.902507,0
5071,7.447298,1
5072,6.4e-05,1
5073,11.09589,1
5074,7.8e-05,0
5075,0.000414,1
5076,8.579641,0
5077,13.627077,1
5078,0.000104,0
5079,10.26919,1
5080,11.049633,0
5081,0.000217,1
5082,9.524172,0
5083,0.00031,1
5084,9.55089,0
5085,11.687576,1
5086,7.5e-05,1
5087,10.823124,1
5088,9.317068,1
5089,0.000187,1
5090,0.000193,0
5091,11.587114,1
5092,13.233705,1
5093,0.000116,0
5094,8.788703,0
5095,11.546389,1
5096,13.373762,0
5097,9.644929,0
5098,0.00014,1
5099,9.538021,0
5100,0.000298,0
5101,9.260224,0
5102,9.997056,0
5103,11.72098,1
5104,10.72466,0
5105,0.0001,1
5106,5.3e-05,0
5107,6.8e-05,0
5108,5.6e-05,1
5109,0.000231,1
5110,10.283072,0
5111,0.000157,0
5112,0.000174,0
5113,0.000103,1
5114,10.561278,0
5115,0.000146,0
5116,0.000696,1
5117,10.386507,1
5118,11.299018,1
5119,11.294625,1
5120,11.994466,0
5121,8.562561,1
5122,9.558381,1
5123,6.4e-05,0
5124,10.048431,0
5125,0.000143,0
5126,9.07139,0
5127,12.214601,1
5128,0.000219,0
5129,9.597773,1
5130,9.96594,1
5131,0.000148,1
5132,10.306951,1
5133,9.377464,1
5134,7.8e-05,1
5135,11.316992,1
5136,4.9e-05,1
5137,9.906878,1
5138,0.000168,0
5139,11.102211,1
5140,9.651696,1
5141,12.391714,0
5142,10.282714,1
5143,6.2e-05,1
5144,6e-05,1
5145,7.504694,0
5146,3.2e-05,1
5147,11.207091,1
5148,10.976438,0
5149,7.785251,1
5150,0.000972,1
5151,9.31023,1
5152,10.741594,1
5153,0.000707,1
5154,10.962557,0
5155,0.000204,1
5156,9.822279,1
5157,9.6e-05,1
5158,7.530075,0
5159,0.00034,1
5160,7.4e-05,1
5161,10.507607,1
5162,7.219581,1
5163,9.276785,0
5164,13.5137,0
5165,0.00033,1
5166,8.818318,1
5167,11.56025,1
5168,9.329716,0
5169,13.382772,0
5170,9e-05,0
5171,14.696939,1
5172,9.7e-05,1
5173,10.839894,0
5174,7.266379,1
5175,0.000208,1
5176,11.923401,0
5177,0.002148,1
5178,12.234927,0
5179,7.300612,1
5180,9.124128,1
5181,10.619158,1
5182,9.22369,1
5183,0.000213,1
5184,9.526235,1
5185,7.653896,1
5186,9.546116,0
5187,11.660081,1
5188,11.36564,0
5189,0.000195,1
5190,11.462701,0
5191,0.000137,0
5192,11.68741,0
5193,0.000102,1
5194,4.5e-05,0
5195,0.000167,1
5196,9.19819,0
5197,10.105211,1
5198,0.000142,1
5199,11.2054,1
5200,0.000202,1
5201,2.6e-05,0
5202,9.778109,0
5203,6.5e-05,1
5204,4.4e-05,1
5205,8.6e-05,1
5206,10.560888,0
5207,0.000294,1
5208,9.609862,0
5209,8.9e-05,1
5210,9e-05,0
5211,9.808883,1
5212,5.7e-05,1
5213,10.459085,1
5214,11.734235,1
5215,12.227208,0
5216,3.7e-05,0
5217,6.980546,1
5218,10.086861,0
5219,11.50473,0
5220,0.000489,1
5221,0.000359,1
5222,8.802127,1
5223,14.112485,0
5224,0.00036,1
5225,7.170605,1
5226,0.000216,1
5227,0.000126,0
5228,0.000293,1
5229,10.397124,0
5230,9.684053,0
5231,11.763617,0
5232,7.8e-05,1
5233,13.271547,1
5234,8.418342,0
5235,7.267272,1
5236,9.247271,0
5237,0.0001,1
5238,12.639807,1
5239,0.000142,1
5240,9.9e-05,0
5241,9.935324,0
5242,5.7e-05,1
5243,10.218567,0
5244,11.662367,1
5245,9.252285,1
5246,0.000436,1
5247,9.392975,1
5248,12.490336,1
5249,8.6e-05,0
5250,11.052821,0
5251,0.000221,1
5252,11.37989,1
5253,5e-05,1
5254,7.109459,0
5255,4.6e-05,0
5256,7.521422,0
5257,0.000125,1
5258,10.1302,1
5259,11.755209,0
5260,11.445486,1
5261,0.00033,1
5262,0.000231,1
5263,5.9e-05,0
5264,11.035286,1
5265,0.000242,1
5266,9.460621,1
5267,8.805825,1
5268,0.00024,1
5269,0.000477,1
5270,0.000269,1
5271,9.234734,1
5272,10.250193,1
5273,10.674277,0
5274,0.000111,1
5275,0.000206,1
5276,7.9e-05,0
5277,12.359652,0
5278,7e-05,1
5279,0.0002,1
5280,0.000152,1
5281,8.797822,1
5282,9.815989,0
5283,9.383557,1
5284,11.53011,1
5285,8.414952,0
5286,7.249509,0
5287,10.555559,1
5288,0.00018,1
5289,0.000377,1
5290,0.000153,1
5291,0.000225,1
5292,0.000347,1
5293,6.6e-05,1
5294,8.911419,1
5295,9.111845,1
5296,0.000215,0
5297,13.473319,0
5298,9.664195,1
5299,5.7e-05,1
5300,12.282627,1
5301,9.788415,1
5302,11.018753,1
5303,0.000279,1
5304,7.192044,0
5305,9.720752,1
5306,0.000256,1
5307,7.169836,0
5308,10.016849,0
5309,0.000107,1
5310,12.744535,1
5311,12.497703,1
5312,0.000188,1
5313,11.440788,0
5314,0.000186,1
5315,9.0866,1
5316,9.9e-05,1
5317,10.530089,0
5318,11.275795,0
5319,0.000224,1
5320,10.097938,0
5321,0.00045,1
5322,10.843402,1
5323,0.000197,0
5324,11.396004,1
5325,7.363149,0
5326,0.000161,1
5327,9.3e-05,1
5328,6e-05,1
5329,12.44708,1
5330,9.425042,0
5331,10.598508,1
5332,0.000194,1
5333,9.512236,0
5334,10.907729,0
5335,0.00011,1
5336,8.062774,1
5337,0.000664,1
5338,9.81828,1
5339,0.000368,1
5340,7.7e-05,0
5341,0.00013,1
5342,0.000105,1
5343,11.211903,1
5344,12.300746,1
5345,9.9e-05,1
5346,10.872965,0
5347,5.7e-05,1
5348,0.000749,1
5349,12.235463,0
5350,0.000336,1
5351,0.000174,0
5352,13.568274,0
5353,9.693476,1
5354,8.044022,0
5355,12.049501,1
5356,0.000132,1
5357,10.559209,1
5358,11.416871,0
5359,9.378707,1
5360,10.237547,1
5361,0.000122,1
5362,8.656786,0
5363,13.762901,0
5364,12.839036,0
5365,12.325029,0
5366,4.3e-05,1
5367,13.853562,1
5368,9.974833,1
5369,10.105239,1
5370,0.000305,1
5371,10.340993,1
5372,10.031375,1
5373,0.000216,1
5374,0.00013,1
5375,10.859053,0
5376,9.468451,0
5377,7.6e-05,1
5378,11.607014,1
5379,0.00014,0
5380,0.000132,0
5381,10.718999,1
5382,0.000301,0
5383,8e-05,1
5384,7.973858,0
5385,0.000214,1
5386,7.897137,1
5387,12.156588,0
5388,11.249404,1
5389,8.438125,1
5390,11.494739,0
5391,14.629,1
5392,13.299284,1
5393,9.28063,1
5394,10.924689,1
5395,7.3e-05,1
5396,0.000124,1
5397,10.233133,0
5398,0.000152,1
5399,0.000229,1
5400,8.91377,1
5401,0.000641,1
5402,8.364147,0
5403,8.8e-05,1
5404,0.000131,0
5405,12.171099,1
5406,0.000163,1
5407,7.88913,0
5408,0.000305,1
5409,0.0001,1
5410,9.005047,0
5411,0.000232,1
5412,8.19888,0
5413,10.778631,0
5414,7.48771,1
5415,11.031043,1
5416,9.533174,0
5417,0.000262,1
5418,8.803162,1
5419,7.12571,1
5420,0.000323,1
5421,7.490877,0
5422,10.090417,1
5423,12.345761,1
5424,10.860465,1
5425,0.000126,1
5426,12.832496,0
5427,0.000582,1
5428,0.000367,1
5429,0.0005,1
5430,13.435978,0
5431,8.675185,0
5432,10.783398,0
5433,12.457941,1
5434,12.173898,0
5435,7.363082,0
5436,13.063339,0
5437,7.438257,0
5438,0.000857,1
5439,9.978443,0
5440,5.3e-05,0
5441,10.836446,1
5442,0.000275,0
5443,0.000203,1
5444,0.000143,0
5445,0.000209,1
5446,0.000214,1
5447,9.91277,0
5448,9.333012,1
5449,10.176677,1
5450,0.000116,0
5451,10.194053,0
5452,0.00019,1
5453,11.37424,0
5454,11.143552,1
5455,10.302353,1
5456,11.722229,0
5457,8.69487,0
5458,10.193436,0
5459,0.000125,1
5460,8.929882,1
5461,8.866405,0
5462,12.01221,0
5463,7.435365,1
5464,9.085179,1
5465,0.00022,0
5466,0.00038,1
5467,9.318932,0
5468,11.506361,0
5469,7.6e-05,0
5470,0.000274,1
5471,0.00014,1
5472,11.760685,1
5473,11.792446,1
5474,12.020552,0
5475,7.206243,0
5476,0.000246,1
5477,12.469707,1
5478,2.4e-05,0
5479,11.060298,0
5480,0.000122,1
5481,10.564453,0
5482,7.068291,0
5483,11.583019,0
5484,9.990715,0
5485,0.000363,1
5486,11.6753,1
5487,11.5568,0
5488,0.000419,1
5489,12.287825,0
5490,0.000108,1
5491,9.313974,1
5492,0.000184,1
5493,12.484223,0
5494,0.000256,1
5495,11.706006,1
5496,10.150284,1
5497,0.000228,1
5498,0.00041,1
5499,13.194713,1
5500,0.000456,1
5501,0.00043,0
5502,0.000361,1
5503,9.23733,1
5504,10.742644,1
5505,0.000593,1
5506,13.249495,0
5507,10.064826,1
5508,7.1e-05,1
5509,9.873155,1
5510,7.5e-05,0
5511,10.954101,0
5512,0.000108,1
5513,11.249143,1
5514,8.033379,1
5515,9.1e-05,0
5516,8.890386,1
5517,0.00014,1
5518,9.8e-05,1
5519,12.556448,1
5520,9.526143,1
5521,12.240337,0
5522,11.738317,0
5523,11.896769,0
5524,7.8e-05,1
5525,12.057536,1
5526,10.725928,0
5527,9e-05,1
5528,9.815848,1
5529,0.000821,1
5530,8e-05,0
5531,0.000726,1
5532,0.000136,0
5533,11.583346,1
5534,10.918515,1
5535,12.575308,1
5536,0.000415,1
5537,9.652806,1
5538,11.502344,1
5539,12.673872,0
5540,4e-05,0
5541,12.367635,1
5542,0.000773,1
5543,9.6e-05,0
5544,0.000517,1
5545,4.1e-05,0
5546,0.00015,1
5547,0.000196,0
5548,0.00035,1
5549,0.00067,1
5550,8.569668,1
5551,13.244431,0
5552,7.400089,0
5553,12.015429,0
5554,10.83414,1
5555,8e-05,1
5556,0.000157,1
5557,9.200927,0
5558,0.000684,1
5559,6.2e-05,0
5560,0.000233,1
5561,0.000507,1
5562,11.836237,0
5563,3e-05,1
5564,10.349777,1
5565,0.000133,0
5566,0.000312,1
5567,9.6e-05,0
5568,0.000259,1
5569,10.661179,1
5570,10.248734,1
5571,11.327538,0
5572,7.2e-05,1
5573,0.000274,1
5574,0.000109,0
5575,6.7e-05,0
5576,7.581992,0
5577,0.000275,1
5578,10.834862,0
5579,0.000335,1
5580,7.386837,0
5581,9.678458,0
5582,10.054043,1
5583,11.674478,0
5584,7.364108,0
5585,11.577549,0
5586,0.000179,1
5587,10.287859,0
5588,0.000321,1
5589,9.944964,1
5590,9.161063,1
5591,6.3e-05,0
5592,0.000303,1
5593,0.000227,1
5594,0.00025,1
5595,0.000175,1
5596,0.000126,1
5597,11.040603,1
5598,6.723547,0
5599,8.4e-05,1
5600,12.118264,0
5601,9.987087,1
5602,10.601371,1
5603,9.992094,1
5604,7.726101,0
5605,11.15836,1
5606,0.000619,1
5607,7.50135,0
5608,0.000485,1
5609,7.472521,0
5610,9.650572,0
5611,12.210107,1
5612,9.838202,1
5613,0.000635,1
5614,0.000141,1
5615,5.1e-05,0
5616,7.5317,0
5617,0.000158,1
5618,4.3e-05,1
5619,0.000151,1
5620,0.000229,1
5621,10.279364,1
5622,7.886921,1
5623,10.132431,1
5624,0.000134,1
5625,10.494644,1
5626,9.724905,0
5627,0.000108,1
5628,0.000269,1
5629,11.433911,0
5630,11.443495,0
5631,11.219166,0
5632,11.994785,0
5633,11.052486,1
5634,0.000157,1
5635,10.64216,0
5636,9.432935,0
5637,0.000122,1
5638,9.694844,1
5639,8.850062,1
5640,0.000295,1
5641,0.000103,1
5642,10.383246,1
5643,0.000291,1
5644,0.000104,1
5645,0.000754,1
5646,9.683542,1
5647,13.518012,0
5648,7.580249,0
5649,9.14856,0
5650,9.332514,0
5651,0.0001,1
5652,9.665524,0
5653,0.000205,1
5654,12.366513,1
5655,9.971637,1
5656,11.113946,1
5657,0.00021,1
5658,8.684441,1
5659,0.000427,1
5660,10.832486,1
5661,8.7e-05,1
5662,8.997087,1
5663,11.714778,1
5664,0.000146,1
5665,6.1e-05,1
5666,10.226721,0
5667,10.196661,1
5668,7.807125,1
5669,11.660089,1
5670,0.000192,0
5671,0.000167,1
5672,11.484929,0
5673,0.00019,1
5674,0.000569,1
5675,10.759578,1
5676,0.000155,1
5677,7.434817,1
5678,11.232527,1
5679,0.000154,1
5680,10.391537,0
5681,0.000347,1
5682,12.650426,1
5683,0.000245,1
5684,10.670562,1
5685,9.131936,1
5686,4.2e-05,1
5687,10.994925,1
5688,0.000636,1
5689,0.000153,1
5690,8.113435,0
5691,0.000103,1
5692,2.7e-05,1
5693,0.000113,0
5694,5.5e-05,0
5695,0.00017,1
5696,8.225223,1
5697,7.388219,0
5698,8.82752,1
5699,11.383433,1
5700,7.626871,0
5701,7.2e-05,1
5702,11.436674,1
5703,0.000247,0
5704,0.000188,1
5705,9.199718,0
5706,0.000235,1
5707,0.000145,1
5708,12.044395,1
5709,12.563887,0
5710,7.608493,0
5711,0.000292,1
5712,0.000154,1
5713,11.419017,1
5714,9.497376,0
5715,0.000198,1
5716,9.858715,1
5717,12.151184,0
5718,11.428394,0
5719,10.347963,1
5720,7.9e-05,1
5721,8.344644,1
5722,11.877795,1
5723,0.00025,1
5724,0.000104,0
5725,0.000214,1
5726,0.000278,1
5727,6.96911,0
5728,8.806561,0
5729,8.844737,1
5730,0.000241,1
5731,0.000591,1
5732,2.1e-05,1
5733,10.874678,0
5734,9.7e-05,0
5735,8.335401,1
5736,11.271794,1
5737,9.111164,0
5738,0.000181,0
5739,9.042842,1
5740,11.697001,0
5741,10.339731,1
5742,12.306865,1
5743,11.850296,0
5744,0.000391,1
5745,0.000192,1
5746,9.055533,1
5747,11.656578,0
5748,13.640382,0
5749,12.611831,0
5750,0.000302,0
5751,11.944579,1
5752,10.806242,0
5753,7.815919,1
5754,0.000314,1
5755,9.655412,0
5756,10.304193,1
5757,9.372717,1
5758,9.44642,0
5759,6.9e-05,1
5760,7.088033,0
5761,0.000126,0
5762,9.952534,1
5763,8.1e-05,0
5764,0.000118,1
5765,7.482989,0
5766,5.1e-05,1
5767,13.888549,0
5768,9.173745,1
5769,10.913927,1
5770,0.000336,1
5771,11.414984,0
5772,0.000847,1
5773,7.307549,1
5774,10.817267,1
5775,7.075129,1
5776,9.889643,1
5777,10.150477,0
5778,0.000282,0
5779,0.000115,1
5780,0.000195,0
5781,0.000223,0
5782,0.000661,1
5783,7.412527,0
5784,6.9e-05,0
5785,12.02493,0
5786,8.309408,0
5787,5.2e-05,1
5788,11.315677,0
5789,10.909241,1
5790,6.967651,0
5791,10.481425,1
5792,8.89845,1
5793,9.612603,1
5794,10.325541,1
5795,0.000256,1
5796,10.76476,0
5797,8.83293,1
5798,9.526977,1
5799,0.000102,1
5800,10.676341,0
5801,10.25701,1
5802,0.000892,0
5803,0.000544,1
5804,12.965579,0
5805,12.203362,0
5806,11.54814,1
5807,8.2e-05,1
5808,11.562579,0
5809,5.6e-05,1
5810,12.070241,1
5811,9.233036,1
5812,10.208508,1
5813,8.9e-05,0
5814,8.596182,0
5815,0.000193,1
5816,10.906581,1
5817,6.3e-05,1
5818,9.413717,1
5819,11.112552,0
5820,12.612908,1
5821,10.026807,1
5822,0.000533,1
5823,11.093196,1
5824,7.066289,0
5825,13.868201,1
5826,7.519956,0
5827,10.531579,0
5828,0.000856,1
5829,0.000572,1
5830,2.8e-05,1
5831,11.668253,0
5832,6.3e-05,0
5833,0.000322,1
5834,4.7e-05,1
5835,6.9e-05,1
5836,7.518426,1
5837,0.000109,0
5838,10.789246,1
5839,0.000371,1
5840,5.1e-05,1
5841,7.327831,0
5842,10.22134,1
5843,9.908036,0
5844,11.220372,1
5845,9.224802,1
5846,10.320464,1
5847,0.000144,1
5848,10.776015,0
5849,7.513037,0
5850,10.223274,1
5851,9.010373,0
5852,0.000203,1
5853,9.107122,0
5854,0.000612,0
5855,5e-05,1
5856,11.946337,0
5857,6.9e-05,0
5858,0.0003,1
5859,0.000389,1
5860,10.370085,1
5861,10.900123,0
5862,0.000138,0
5863,11.668445,1
5864,0.000295,1
5865,0.000377,1
5866,0.000391,0
5867,10.555963,1
5868,10.674514,1
5869,9.50681,1
5870,7.431445,1
5871,10.935582,0
5872,5.8e-05,0
5873,0.000432,1
5874,11.1128,0
5875,11.716516,0
5876,8.342404,1
5877,7.686687,0
5878,12.633186,1
5879,5.1e-05,0
5880,0.000353,1
5881,0.000107,1
5882,7.2e-05,0
5883,10.768219,0
5884,11.572624,0
5885,12.485139,1
5886,8.022654,1
5887,0.0002,1
5888,5e-05,1
5889,10.718196,1
5890,4.3e-05,1
5891,0.000139,0
5892,12.542287,1
5893,0.000144,0
5894,12.575598,0
5895,10.037133,1
5896,11.327157,1
5897,0.000101,1
5898,12.740782,0
5899,11.687331,1
5900,10.68731,1
5901,0.000129,1
5902,0.000745,1
5903,10.096762,0
5904,8.937457,0
5905,9.299846,0
5906,9.763391,1
5907,10.273425,0
5908,11.950504,0
5909,11.673103,1
5910,8.514665,1
5911,7.7e-05,1
5912,11.471353,1
5913,7.248145,0
5914,13.08585,1
5915,11.830049,1
5916,0.00027,1
5917,0.000207,1
5918,8.896873,0
5919,0.000423,1
5920,11.827145,1
5921,9.350329,0
5922,7.699435,1
5923,0.000203,1
5924,12.819014,1
5925,10.892884,1
5926,10.117977,0
5927,9.1e-05,1
5928,0.000315,0
5929,10.533186,0
5930,0.000155,1
5931,10.433145,1
5932,10.513166,1
5933,0.000107,1
5934,0.00016,0
5935,7e-05,1
5936,0.000116,1
5937,0.000379,1
5938,0.00011,1
5939,6.7e-05,1
5940,3.6e-05,1
5941,10.246669,0
5942,9.03235,0
5943,8.075706,0
5944,9.319646,0
5945,8.842035,1
5946,11.03861,0
5947,0.000163,1
5948,0.000241,1
5949,9.186843,1
5950,0.000607,1
5951,7.886165,1
5952,0.000133,1
5953,12.905673,1
5954,10.340521,0
5955,9.342449,0
5956,10.123731,1
5957,6.2e-05,0
5958,8.962652,0
5959,9.710118,1
5960,11.42367,1
5961,2.9e-05,1
5962,7.09256,1
5963,0.000751,1
5964,0.000159,1
5965,0.000317,1
5966,0.000128,1
5967,0.000162,1
5968,0.000251,1
5969,0.000103,1
5970,7.387367,0
5971,0.000108,0
5972,11.778094,1
5973,10.898626,1
5974,8.6e-05,1
5975,7.2e-05,1
5976,10.936415,0
5977,0.000182,1
5978,6.788664,0
5979,11.554752,0
5980,0.000346,1
5981,11.905795,1
5982,6.4e-05,1
5983,10.730242,0
5984,9.503376,0
5985,5e-05,0
5986,11.940552,0
5987,9.214921,1
5988,7.44135,0
5989,0.000322,1
5990,11.055827,1
5991,11.05824,0
5992,11.473647,1
5993,11.543259,0
5994,0.000112,1
5995,5.3e-05,0
5996,7.5e-05,0
5997,0.00033,1
5998,0.000274,1
5999,10.71139,0
6000,0.000569,1
6001,10.876448,1
6002,8.78622,1
6003,0.001036,1
6004,6.818746,0
6005,11.274818,0
6006,10.792787,1
6007,0.000493,1
6008,7.487977,0
6009,9.622297,0
6010,8.1e-05,1
6011,7.282535,0
6012,11.892504,1
6013,10.971567,1
6014,7e-05,1
6015,11.835143,1
6016,0.000669,1
6017,7.8e-05,1
6018,0.0001,0
6019,12.392144,1
6020,9.538456,1
6021,11.877679,0
6022,0.000256,1
6023,0.000631,1
6024,0.000453,1
6025,11.880311,1
6026,11.010872,0
6027,0.000143,1
6028,12.153347,1
6029,8.5e-05,1
6030,8.507422,1
6031,0.00012,1
6032,4.6e-05,0
6033,0.000232,1
6034,0.000109,1
6035,9.517056,1
6036,11.860887,1
6037,8.832261,0
6038,9.975581,1
6039,0.000246,1
6040,8.8e-05,1
6041,0.000551,0
6042,12.89538,0
6043,5.8e-05,1
6044,12.93906,1
6045,10.847994,1
6046,0.00026,1
6047,0.000855,1
6048,9.967952,0
6049,9.406577,1
6050,9.753049,1
6051,11.133492,1
6052,9.97639,1
6053,13.473834,1
6054,0.000198,1
6055,11.969437,1
6056,0.000138,1
6057,0.000153,1
6058,9.466862,1
6059,12.857005,1
6060,6.9e-05,0
6061,9.7e-05,1
6062,0.000124,0
6063,13.820146,0
6064,0.000138,1
6065,8.4e-05,1
6066,9.919675,0
6067,10.505027,1
6068,8.351263,1
6069,0.000247,1
6070,0.000136,1
6071,10.431227,1
6072,11.099566,1
6073,11.020133,1
6074,11.470781,1
6075,11.014125,1
6076,0.000166,0
6077,12.611287,0
6078,9.961025,0
6079,0.000336,1
6080,11.073548,0
6081,8e-05,1
6082,12.783776,1
6083,0.00115,1
6084,9.004089,1
6085,11.351055,0
6086,9.778077,0
6087,7.742871,0
6088,0.000178,1
6089,12.590522,1
6090,9.431371,1
6091,10.528664,0
6092,11.685129,0
6093,0.000114,1
6094,11.184252,1
6095,0.000148,1
6096,0.00028,1
6097,8.1e-05,0
6098,11.226542,0
6099,12.389325,0
6100,9.5e-05,1
6101,6.8e-05,1
6102,10.984745,1
6103,9.115653,1
6104,0.000497,1
6105,0.00018,1
6106,9.828271,1
6107,10.427187,1
6108,10.736934,0
6109,0.000104,1
6110,11.287274,1
6111,0.000753,1
6112,0.000263,0
6113,7.8e-05,0
6114,0.000213,1
6115,11.181362,1
6116,0.000609,1
6117,10.353397,0
6118,9.694844,1
6119,9.00277,0
6120,12.798634,1
6121,8.769208,1
6122,10.841494,1
6123,10.711297,0
6124,10.748156,1
6125,11.691898,1
6126,10.770266,0
6127,7.356187,0
6128,12.666345,0
6129,10.241918,1
6130,6.7e-05,0
6131,10.879361,0
6132,8.021602,1
6133,7.9e-05,1
6134,0.000128,1
6135,0.000864,1
6136,12.383884,0
6137,7.4e-05,1
6138,0.000222,1
6139,10.508373,0
6140,9.943995,0
6141,0.000148,1
6142,10.319394,1
6143,0.000115,1
6144,7.869497,1
6145,10.718696,1
6146,11.283465,0
6147,7.252576,1
6148,12.683513,1
6149,14.190164,1
6150,9.788203,1
6151,12.104053,0
6152,9.066528,1
6153,11.606992,0
6154,8.514208,1
6155,9.1e-05,0
6156,10.775693,0
6157,5.6e-05,1
6158,0.00028,0
6159,0.000832,1
6160,0.000574,1
6161,8.407872,1
6162,9.397854,1
6163,0.000272,1
6164,0.000137,0
6165,7.1e-05,1
6166,10.664253,1
6167,0.000247,1
6168,0.000128,1
6169,9.451551,0
6170,7.317789,0
6171,0.000115,1
6172,8.1e-05,0
6173,7.840334,1
6174,0.000326,1
6175,7.481218,0
6176,10.647055,1
6177,0.000292,1
6178,8.854791,0
6179,9.416862,0
6180,11.257184,1
6181,10.595504,1
6182,10.711231,0
6183,6.747661,0
6184,9.180213,1
6185,0.00023,1
6186,10.62506,1
6187,0.000277,1
6188,0.000122,1
6189,12.060002,0
6190,12.390374,1
6191,11.27978,0
6192,7.79057,0
6193,10.678411,1
6194,11.162997,1
6195,5.5e-05,1
6196,0.000438,1
6197,11.018105,1
6198,10.229201,1
6199,11.877015,1
6200,11.410238,1
6201,11.613127,1
6202,0.000518,1
6203,9.586132,0
6204,0.000114,1
6205,12.188472,1
6206,0.00013,1
6207,10.079723,1
6208,0.000575,0
6209,11.586816,0
6210,11.265523,0
6211,9.30658,1
6212,9.133542,0
6213,8.718292,1
6214,5.6e-05,1
6215,11.393331,1
6216,8.8e-05,0
6217,10.497941,1
6218,7.308175,1
6219,11.233492,0
6220,0.001088,1
6221,0.000172,0
6222,4.7e-05,0
6223,9.1e-05,1
6224,10.67995,0
6225,9.907928,1
6226,12.425748,0
6227,0.000118,0
6228,0.000249,1
6229,11.782549,0
6230,9.206369,1
6231,0.000412,1
6232,12.464777,0
6233,10.267167,1
6234,9.625916,0
6235,0.000234,1
6236,8.873955,1
6237,7.505266,0
6238,7.8e-05,1
6239,12.808661,0
6240,0.000269,1
6241,10.048151,0
6242,12.854494,1
6243,7.6e-05,1
6244,11.001171,1
6245,10.268659,0
6246,0.000319,1
6247,0.000188,1
6248,10.444279,0
6249,0.000132,1
6250,10.254424,1
6251,0.000112,1
6252,10.205826,1
6253,6.7e-05,0
6254,0.00014,1
6255,9.554208,1
6256,11.090729,1
6257,13.2842,0
6258,0.000187,1
6259,0.000177,1
6260,0.000177,1
6261,7.418888,0
6262,11.627905,1
6263,7.064025,1
6264,9.544305,0
6265,0.000206,1
6266,3.2e-05,1
6267,4.6e-05,0
6268,10.599519,1
6269,9.904894,0
6270,8.6e-05,0
6271,0.000165,0
6272,10.79899,1
6273,0.000368,1
6274,0.000761,1
6275,9.866753,1
6276,10.291362,0
6277,0.000106,1
6278,0.001278,1
6279,10.795186,1
6280,0.00013,1
6281,0.000493,1
6282,0.000262,1
6283,0.000143,0
6284,0.000333,1
6285,9.227355,1
6286,11.579031,0
6287,12.570158,1
6288,8.656233,1
6289,9.396191,1
6290,9.935409,1
6291,0.000668,0
6292,0.000134,1
6293,7.5e-05,1
6294,9.119596,1
6295,0.000615,1
6296,10.55973,1
6297,10.822643,0
6298,0.000142,0
6299,0.00014,1
6300,11.947975,1
6301,13.433954,0
6302,11.626459,1
6303,8.649475,1
6304,8.87473,1
6305,10.691148,1
6306,12.190291,0
6307,13.183748,0
6308,0.000265,1
6309,7.606388,1
6310,8.907626,0
6311,9.6e-05,1
6312,0.000182,1
6313,11.830113,1
6314,10.702046,0
6315,0.000343,1
6316,0.000709,1
6317,13.37252,1
6318,13.186321,1
6319,12.221616,1
6320,4.8e-05,1
6321,11.24593,0
6322,9.072043,1
6323,11.294995,0
6324,9.935478,0
6325,8.799189,0
6326,11.348171,1
6327,10.92204,0
6328,0.0001,1
6329,0.000189,1
6330,5.1e-05,0
6331,12.383682,1
6332,10.520668,0
6333,13.373421,0
6334,8.777909,1
6335,10.456692,1
6336,11.289394,1
6337,4.3e-05,1
6338,9.01199,1
6339,9.803808,0
6340,11.181944,0
6341,10.934987,0
6342,0.000419,1
6343,9.342923,0
6344,9.335159,0
6345,8.78474,0
6346,10.977586,0
6347,0.000607,1
6348,9.906622,1
6349,12.744216,1
6350,0.000306,1
6351,13.338828,1
6352,0.000785,1
6353,11.129255,1
6354,10.309587,1
6355,0.00015,1
6356,0.000276,0
6357,0.000107,1
6358,6.2e-05,1
6359,0.000138,1
6360,8.235931,1
6361,0.001037,1
6362,10.155114,1
6363,0.000745,1
6364,8.453265,0
6365,0.000647,1
6366,0.000187,1
6367,10.101031,1
6368,10.013177,0
6369,0.000212,1
6370,0.000154,1
6371,11.167871,1
6372,8.5e-05,1
6373,8.996716,1
6374,9.436041,0
6375,11.162389,1
6376,12.330419,0
6377,0.000139,0
6378,0.000713,1
6379,9.420299,0
6380,9.3e-05,1
6381,11.441925,1
6382,10.707431,0
6383,11.453299,0
6384,9.552274,0
6385,12.636415,1
6386,8e-05,1
6387,10.911961,0
6388,12.944454,1
6389,0.000625,1
6390,9.901309,1
6391,8.88038,0
6392,10.73778,1
6393,8.043989,1
6394,7.650805,1
6395,10.958226,0
6396,0.000593,1
6397,9.5e-05,1
6398,7.733395,1
6399,0.000105,1
6400,0.000123,1
6401,9.007021,0
6402,0.000129,1
6403,10.780503,1
6404,12.299556,1
6405,0.000184,1
6406,8.374931,1
6407,0.000207,1
6408,7.42815,0
6409,8.1e-05,1
6410,12.213733,0
6411,0.000682,1
6412,7.580396,0
6413,7.5e-05,0
6414,10.05192,1
6415,3.8e-05,1
6416,0.000305,1
6417,0.000473,1
6418,0.000235,1
6419,11.169037,1
6420,11.346624,0
6421,0.000271,1
6422,0.000556,1
6423,10.143241,0
6424,10.45615,1
6425,8.2e-05,1
6426,0.000299,1
6427,11.791553,0
6428,12.801303,1
6429,10.363247,1
6430,10.857622,1
6431,0.000467,1
6432,7.374979,1
6433,11.754707,0
6434,10.55487,0
6435,8.683959,1
6436,11.068661,1
6437,9.553046,1
6438,0.000111,1
6439,11.588071,1
6440,9.556678,0
6441,9.188025,1
6442,0.001008,1
6443,12.959575,0
6444,0.000184,0
6445,9.236435,0
6446,0.000149,0
6447,12.017084,1
6448,0.000611,1
6449,3.9e-05,1
6450,13.435197,1
6451,10.839795,1
6452,0.000624,1
6453,0.000125,1
6454,12.033371,1
6455,11.496904,0
6456,0.000209,1
6457,11.208714,1
6458,8.899446,0
6459,0.00013,0
6460,9.104359,1
6461,7.414837,0
6462,8.581746,1
6463,8.189596,1
6464,8.834822,1
6465,8.916463,1
6466,0.00017,1
6467,0.000102,1
6468,0.001351,1
6469,9.803131,0
6470,11.209326,1
6471,0.000205,1
6472,9.992621,1
6473,8.563863,1
6474,0.000171,1
6475,7.321085,0
6476,0.000137,0
6477,11.496312,1
6478,10.86944,1
6479,7.641755,0
6480,9.192701,0
6481,10.745136,1
6482,11.089898,0
6483,4.9e-05,1
6484,9.85052,0
6485,4.1e-05,0
6486,0.000162,1
6487,12.68343,0
6488,10.511423,0
6489,11.292883,1
6490,8e-05,1
6491,7.128594,1
6492,9.33127,1
6493,7.513645,0
6494,8.8e-05,1
6495,9.272161,1
6496,10.066903,0
6497,7.9e-05,0
6498,11.260592,1
6499,7.50906,1
6500,0.000148,1
6501,12.996538,0
6502,9.06838,1
6503,11.823853,0
6504,7.6e-05,1
6505,0.000177,1
6506,11.557645,0
6507,0.000172,1
6508,9.079191,1
6509,5.3e-05,1
6510,7.468785,0
6511,10.018102,1
6512,9.373201,1
6513,0.000672,1
6514,12.65832,1
6515,10.371526,0
6516,0.000467,1
6517,9.649943,0
6518,9.337572,1
6519,11.310623,0
6520,7.830756,0
6521,10.068845,1
6522,9.609432,1
6523,8.075314,0
6524,10.772546,1
6525,9.174387,0
6526,9.160947,1
6527,0.000305,1
6528,0.000444,1
6529,8.685759,0
6530,0.00012,1
6531,0.000135,1
6532,9.099408,0
6533,8.3e-05,0
6534,9.3e-05,1
6535,7.9e-05,1
6536,7.992028,1
6537,8.967206,1
6538,5.1e-05,0
6539,11.094288,1
6540,11.474165,0
6541,11.26626,0
6542,4.6e-05,0
6543,0.00017,0
6544,3.9e-05,1
6545,9.192674,0
6546,9.687175,1
6547,12.387197,1
6548,0.000834,1
6549,10.650346,0
6550,9.064829,1
6551,10.146048,0
6552,11.458194,0
6553,9.968571,1
6554,9.542689,1
6555,10.739826,0
6556,11.335607,1
6557,0.000319,1
6558,10.900452,1
6559,9.705046,1
6560,10.365503,1
6561,0.000214,1
6562,9.962636,1
6563,0.000143,1
6564,12.472088,0
6565,8.843384,1
6566,8.320867,0
6567,8.7e-05,1
6568,9.077612,0
6569,8.120892,0
6570,11.658093,0
6571,0.000226,1
6572,0.00025,1
6573,0.000117,0
6574,1.8e-05,1
6575,8.696335,1
6576,11.235914,1
6577,11.411093,0
6578,10.817132,0
6579,9.178096,0
6580,0.000118,1
6581,9.999095,0
6582,12.159859,0
6583,9.266891,0
6584,0.000415,1
6585,11.758518,1
6586,8.6e-05,0
6587,9.617033,1
6588,0.000116,1
6589,12.57536,1
6590,0.000148,1
6591,8.749486,0
6592,3.9e-05,1
6593,10.749883,1
6594,10.955384,1
6595,7.687533,1
6596,6.91323,1
6597,13.585549,0
6598,11.896485,0
6599,10.111254,1
6600,9.187795,0
6601,7.533484,1
6602,10.349538,0
6603,0.00012,1
6604,3e-05,1
6605,0.000116,1
6606,0.00016,0
6607,6.2e-05,1
6608,9.84615,1
6609,11.171934,0
6610,11.531334,1
6611,12.764088,1
6612,0.00017,1
6613,5.6e-05,1
6614,8.166772,1
6615,12.527142,0
6616,12.150495,0
6617,11.23266,0
6618,10.619268,0
6619,10.377677,1
6620,7.505293,0
6621,0.000112,1
6622,4.8e-05,1
6623,0.000262,1
6624,0.000177,1
6625,10.008418,0
6626,13.084243,0
6627,10.708072,1
6628,8.67843,0
6629,13.434589,0
6630,8.625416,0
6631,10.214321,0
6632,0.00011,0
6633,11.227151,1
6634,8.882967,0
6635,0.000128,0
6636,10.371669,1
6637,14.444954,0
6638,10.495399,1
6639,0.000142,1
6640,0.000737,1
6641,8.5e-05,1
6642,0.000374,1
6643,12.092366,0
6644,0.000132,1
6645,10.507647,1
6646,10.69169,1
6647,8.5e-05,0
6648,11.409889,1
6649,10.800841,1
6650,9.292059,0
6651,10.393796,0
6652,0.000162,0
6653,10.187543,1
6654,0.000216,1
6655,0.000237,1
6656,5.9e-05,0
6657,0.000138,0
6658,0.000111,1
6659,0.000266,1
6660,10.107448,1
6661,7.407384,1
6662,0.000156,1
6663,9.87246,0
6664,0.000159,1
6665,11.068345,1
6666,0.000108,1
6667,10.66083,1
6668,6.4e-05,1
6669,9.635797,0
6670,9.984865,1
6671,10.575208,1
6672,11.429847,0
6673,0.00013,1
6674,10.655418,1
6675,9.589776,1
6676,9.916722,1
6677,0.000211,1
6678,0.000118,1
6679,12.442718,1
6680,7.601657,1
6681,0.000202,1
6682,0.000327,1
6683,7.4e-05,1
6684,9.117882,1
6685,0.000893,1
6686,3.1e-05,0
6687,9.939393,1
6688,0.000222,1
6689,9.901816,0
6690,6.641032,1
6691,11.109487,0
6692,11.906259,1
6693,7.7e-05,0
6694,7e-05,1
6695,10.667008,1
6696,0.000362,1
6697,0.000283,1
6698,9.8e-05,0
6699,10.392755,1
6700,12.363137,1
6701,0.00024,1
6702,0.000221,0
6703,9.3e-05,1
6704,0.000295,1
6705,0.000193,0
6706,10.546216,1
6707,8.59863,0
6708,11.158559,0
6709,0.000126,1
6710,8.72745,0
6711,7.927392,0
6712,0.000552,1
6713,11.878317,1
6714,13.416786,0
6715,8.866943,1
6716,12.59701,0
6717,0.000646,0
6718,8.5e-05,0
6719,9.534925,1
6720,9.326324,1
6721,11.770607,1
6722,0.000177,0
6723,0.00039,0
6724,9.70662,1
6725,0.000125,1
6726,8.888537,0
6727,9.059975,1
6728,12.709372,1
6729,0.000131,0
6730,9.239851,1
6731,9.55588,0
6732,0.000247,1
6733,12.533095,0
6734,10.749286,1
6735,10.571302,1
6736,0.000274,1
6737,0.000109,1
6738,7e-05,1
6739,0.000338,0
6740,0.000662,1
6741,0.000127,0
6742,7e-05,1
6743,0.000265,1
6744,0.000121,0
6745,11.475636,0
6746,8.55872,0
6747,9.86328,1
6748,13.12959,1
6749,9.866883,1
6750,12.460488,0
6751,10.26852,1
6752,11.56681,1
6753,8.569321,0
6754,10.039037,1
6755,9.280027,1
6756,0.0008,1
6757,5.2e-05,1
6758,10.328677,1
6759,7.476007,0
6760,6e-05,1
6761,9.9e-05,1
6762,9.338247,0
6763,12.487648,0
6764,0.000225,1
6765,0.000213,1
6766,10.99285,0
6767,10.148602,0
6768,9.935944,1
6769,9.150214,1
6770,0.000173,1
6771,0.0002,1
6772,0.000124,1
6773,10.644082,1
6774,5.9e-05,1
6775,10.167457,1
6776,0.000265,1
6777,8e-05,1
6778,0.000101,1
6779,10.954869,1
6780,0.000101,0
6781,0.00032,1
6782,0.000155,0
6783,11.122278,0
6784,0.000122,1
6785,11.247271,0
6786,10.276842,0
6787,11.864476,1
6788,0.000208,1
6789,0.000122,1
6790,3.5e-05,0
6791,0.000871,1
6792,8.704065,0
6793,8.436684,1
6794,8.068536,1
6795,0.000236,1
6796,11.043075,1
6797,10.572439,1
6798,10.416141,1
6799,0.000118,1
6800,0.00032,1
6801,10.934183,1
6802,10.505547,1
6803,10.81811,0
6804,0.000538,1
6805,0.000325,1
6806,0.00032,0
6807,0.000572,1
6808,11.263586,1
6809,10.645755,1
6810,6.618237,0
6811,0.000141,0
6812,0.000147,1
6813,9.469021,0
6814,0.00015,0
6815,9.383793,1
6816,8.619469,1
6817,13.597268,0
6818,8.137877,0
6819,11.445902,1
6820,9.075559,1
6821,8.4e-05,1
6822,9.817842,1
6823,9.415986,1
6824,11.226606,1
6825,7e-05,1
6826,11.284962,0
6827,11.930709,0
6828,10.834142,0
6829,8.7e-05,1
6830,10.086699,0
6831,7.893955,1
6832,11.464264,1
6833,0.001773,1
6834,10.363389,1
6835,12.815902,1
6836,11.0805,1
6837,11.759705,0
6838,12.341042,0
6839,10.406666,1
6840,10.579293,1
6841,5.3e-05,1
6842,0.000912,1
6843,0.000126,0
6844,6.8e-05,1
6845,5.3e-05,1
6846,0.000314,1
6847,10.857901,1
6848,0.000296,1
6849,0.000282,1
6850,0.000356,1
6851,9.143284,1
6852,10.617359,0
6853,8.952349,0
6854,0.000147,1
6855,0.000423,1
6856,10.049973,0
6857,8.607265,1
6858,9.461371,1
6859,0.000121,1
6860,9.264989,0
6861,12.738337,0
6862,6.9e-05,0
6863,9.491868,1
6864,9.909088,1
6865,11.453846,0
6866,0.000101,0
6867,0.000268,1
6868,7.8e-05,1
6869,0.000301,1
6870,11.218884,0
6871,6.1e-05,0
6872,0.000274,1
6873,7.7e-05,1
6874,3.3e-05,0
6875,8.452925,1
6876,10.865041,1
6877,10.893751,0
6878,8.370953,1
6879,8.9e-05,1
6880,10.032893,0
6881,10.175369,0
6882,10.328758,1
6883,8.2e-05,1
6884,12.049646,0
6885,7.627661,0
6886,7.990002,1
6887,7.4e-05,0
6888,4.4e-05,1
6889,0.000181,0
6890,0.00027,1
6891,9.71266,1
6892,0.000192,0
6893,10.45647,1
6894,9.927595,1
6895,0.000159,1
6896,8.4e-05,1
6897,11.808554,0
6898,10.824024,0
6899,10.568304,1
6900,7.961945,1
6901,0.000208,1
6902,9.771171,1
6903,0.000172,1
6904,0.00011,1
6905,12.124395,0
6906,7.2e-05,0
6907,10.73787,1
6908,0.000363,1
6909,0.000159,1
6910,9.8e-05,1
6911,0.000169,1
6912,8.012786,1
6913,6.2e-05,1
6914,11.98373,0
6915,7.1e-05,0
6916,0.000179,1
6917,0.000123,0
6918,9.111286,1
6919,10.174127,1
6920,9.13048,1
6921,10.792148,0
6922,10.348204,1
6923,0.000886,1
6924,11.647551,1
6925,0.000124,1
6926,11.125753,0
6927,9.019002,1
6928,0.000291,1
6929,0.000145,0
6930,9.920947,0
6931,11.385412,1
6932,11.946659,1
6933,0.000125,1
6934,0.000285,0
6935,0.000156,0
6936,0.000812,1
6937,0.000757,1
6938,7.88542,0
6939,0.001397,1
6940,5.7e-05,1
6941,12.736415,0
6942,7e-05,1
6943,8.296253,1
6944,11.444704,0
6945,9.466765,1
6946,10.246538,0
6947,4.1e-05,1
6948,4.2e-05,1
6949,10.788032,0
6950,0.000143,1
6951,10.604211,1
6952,7.2e-05,1
6953,12.223292,1
6954,8.267178,1
6955,0.000779,1
6956,0.000236,1
6957,10.330445,1
6958,9.284528,1
6959,11.65921,1
6960,12.525926,0
6961,0.000112,0
6962,9.229453,1
6963,9.876749,1
6964,6.4e-05,1
6965,5.5e-05,1
6966,10.94725,1
6967,0.000116,1
6968,10.828854,0
6969,0.000385,1
6970,0.000324,0
6971,0.000323,1
6972,10.222178,1
6973,0.000379,1
6974,11.553952,0
6975,9.784285,0
6976,9.687683,1
6977,7.734333,1
6978,13.095809,1
6979,11.978211,1
6980,0.000552,1
6981,6e-05,1
6982,3.8e-05,0
6983,10.267895,1
6984,11.270375,1
6985,10.322648,0
6986,0.000532,1
6987,0.000131,1
6988,11.157325,0
6989,11.359808,0
6990,5.4e-05,0
6991,0.00022,1
6992,10.779758,0
6993,0.000212,1
6994,0.00027,1
6995,0.000121,1
6996,8.921873,1
6997,10.230072,0
6998,9.6e-05,1
6999,0.00012,1
7000,0.000275,1
7001,12.772196,0
7002,10.302627,1
7003,10.471005,1
7004,11.669737,0
7005,11.874178,1
7006,6.9e-05,1
7007,9.888107,1
7008,8.785736,0
7009,9.299694,0
7010,0.000143,0
7011,2.6e-05,0
7012,13.570797,0
7013,11.048371,0
7014,11.542518,0
7015,13.548194,0
7016,11.070154,1
7017,11.110402,0
7018,0.000251,1
7019,0.000108,1
7020,9.274597,1
7021,7.703508,0
7022,7.235564,0
7023,0.000118,1
7024,11.796868,0
7025,7.93296,1
7026,5.5e-05,1
7027,10.495684,0
7028,10.279022,1
7029,0.000123,1
7030,13.517406,0
7031,0.000253,1
7032,8.139986,0
7033,9.243727,0
7034,11.818549,0
7035,11.326953,1
7036,11.206512,0
7037,8.85113,0
7038,10.911524,0
7039,8.157111,1
7040,0.000808,1
7041,3.2e-05,1
7042,0.000254,1
7043,0.00037,1
7044,7.287817,0
7045,10.767504,1
7046,9.835181,0
7047,10.465845,1
7048,10.231075,1
7049,0.000171,1
7050,0.000336,1
7051,0.000188,0
7052,9.077672,0
7053,7.9e-05,0
7054,7.754372,1
7055,8.3e-05,1
7056,0.000191,0
7057,9.2e-05,1
7058,12.753039,1
7059,0.000273,1
7060,10.499529,0
7061,9.5e-05,1
7062,7.612051,0
7063,0.000123,1
7064,12.778677,0
7065,4.5e-05,1
7066,0.000129,1
7067,6.9e-05,1
7068,11.925045,1
7069,9.863163,1
7070,7.505708,0
7071,0.000142,1
7072,0.000148,1
7073,10.369011,0
7074,12.451192,1
7075,11.165478,1
7076,0.000427,1
7077,12.837496,0
7078,0.000197,1
7079,0.000148,1
7080,9.92654,0
7081,12.140379,0
7082,10.973667,0
7083,0.00015,1
7084,10.871789,1
7085,8.776091,1
7086,0.000464,1
7087,13.230761,1
7088,0.000338,1
7089,10.01563,0
7090,10.917748,1
7091,8.871273,1
7092,12.320629,1
7093,8.3e-05,0
7094,8.714215,1
7095,0.000245,1
7096,9.1e-05,0
7097,2.5e-05,0
7098,8.227144,1
7099,0.000627,1
7100,5.6e-05,0
7101,0.00011,1
7102,0.000283,1
7103,11.037004,0
7104,0.000167,0
7105,9.683349,1
7106,8.422268,0
7107,10.481846,1
7108,0.000103,0
7109,9.7e-05,1
7110,9.608161,0
7111,8.763165,1
7112,9.34396,0
7113,5.7e-05,1
7114,0.0001,0
7115,11.814046,0
7116,12.994241,1
7117,9.8e-05,1
7118,13.545275,1
7119,5.4e-05,1
7120,11.692106,1
7121,0.000198,1
7122,0.00018,1
7123,8.530868,1
7124,8.728444,1
7125,7.544204,0
7126,0.000361,1
7127,9.177332,1
7128,7.600016,0
7129,10.755143,1
7130,11.755885,1
7131,0.000244,1
7132,10.0462,0
7133,9.479995,0
7134,10.778294,0
7135,10.930648,1
7136,0.000352,1
7137,0.000176,1
7138,0.000128,1
7139,0.000358,1
7140,8.7e-05,1
7141,6.61426,1
7142,12.497542,1
7143,9.239097,1
7144,0.000145,1
7145,11.134972,1
7146,10.085944,0
7147,0.000124,1
7148,11.468748,1
7149,11.680901,0
7150,12.005699,0
7151,9.806108,1
7152,9.7e-05,1
7153,10.759027,0
7154,9.047662,1
7155,9.72069,0
7156,13.950571,0
7157,9.659657,0
7158,10.658643,1
7159,8.110694,1
7160,0.000306,1
7161,0.000138,1
7162,10.745998,1
7163,7.2e-05,1
7164,0.000107,1
7165,0.000133,1
7166,10.006009,1
7167,10.033876,1
7168,0.000374,0
7169,10.759661,1
7170,11.910699,0
7171,10.711664,1
7172,3.4e-05,1
7173,0.000114,1
7174,10.925485,0
7175,6.2e-05,0
7176,12.588934,1
7177,11.413487,1
7178,0.000163,1
7179,2.2e-05,1
7180,0.000175,1
7181,0.000897,1
7182,9.899064,1
7183,0.000105,1
7184,9.802509,0
7185,11.494104,1
7186,0.000113,1
7187,9.310394,1
7188,0.000253,1
7189,10.533346,0
7190,9.374692,1
7191,11.086429,1
7192,9.216218,0
7193,11.94272,1
7194,8.1e-05,0
7195,10.416615,1
7196,10.348164,0
7197,0.000205,0
7198,12.604112,0
7199,8.6e-05,0
7200,8.692885,0
7201,8.755836,0
7202,9.972387,1
7203,9.9e-05,1
7204,0.000624,1
7205,10.661861,0
7206,9.413612,0
7207,11.104765,0
7208,8.796756,1
7209,8.3e-05,1
7210,11.550979,1
7211,11.23293,0
7212,9.358176,0
7213,11.37744,1
7214,10.365447,1
7215,10.623989,0
7216,9.448279,1
7217,11.058196,0
7218,0.000158,0
7219,0.000297,1
7220,11.11126,1
7221,10.454805,1
7222,7.189857,0
7223,0.000243,1
7224,8.387115,0
7225,9.857701,1
7226,0.000208,1
7227,8.640809,1
7228,5.4e-05,0
7229,9.785417,0
7230,9.481152,0
7231,2e-05,0
7232,10.100184,1
7233,11.84439,1
7234,13.047922,0
7235,0.000172,1
7236,9.413075,1
7237,8.723993,1
7238,11.396456,1
7239,0.000288,1
7240,10.632617,0
7241,10.92916,0
7242,0.000214,0
7243,1.8e-05,1
7244,0.000124,1
7245,8.848415,0
7246,7.058848,0
7247,0.000345,1
7248,8.5e-05,1
7249,12.232293,1
7250,0.00058,1
7251,7.1e-05,1
7252,10.476341,0
7253,0.000392,1
7254,0.000479,1
7255,9.463925,1
7256,11.370896,0
7257,9.565602,1
7258,0.000141,1
7259,9.954485,1
7260,4.4e-05,1
7261,8.733647,1
7262,0.000136,1
7263,0.000158,1
7264,7.500684,1
7265,9.05728,1
7266,0.000551,1
7267,10.217085,0
7268,0.000108,1
7269,7.861203,1
7270,0.000118,1
7271,12.169877,0
7272,0.000186,1
7273,0.000201,1
7274,10.903071,1
7275,9.191669,1
7276,0.00085,1
7277,0.000365,1
7278,9.884562,1
7279,9.8e-05,1
7280,7.52607,0
7281,9.666378,0
7282,0.000203,1
7283,9.08416,1
7284,0.000359,1
7285,0.000167,1
7286,7.887187,1
7287,11.282565,0
7288,0.000127,1
7289,0.000806,1
7290,10.298224,1
7291,12.025804,1
7292,11.400029,0
7293,9.336937,1
7294,11.611893,1
7295,9.320438,0
7296,10.373441,0
7297,5.4e-05,1
7298,12.882071,0
7299,10.218878,1
7300,0.000253,1
7301,9.5e-05,1
7302,9.508614,0
7303,10.437506,1
7304,8.9e-05,1
7305,8.6e-05,1
7306,0.000247,1
7307,12.032596,1
7308,9.629604,0
7309,0.000708,1
7310,0.000113,1
7311,10.686201,1
7312,4.1e-05,1
7313,0.000102,1
7314,0.000243,1
7315,0.000129,0
7316,9.062325,0
7317,7e-05,0
7318,0.000331,1
7319,9.002769,1
7320,12.801238,0
7321,12.33715,1
7322,0.000232,1
7323,10.743634,1
7324,0.000234,1
7325,9.846956,1
7326,10.951752,0
7327,5.3e-05,1
7328,11.949786,1
7329,9.729514,1
7330,0.000162,1
7331,9.138986,1
7332,13.177566,0
7333,11.463068,0
7334,0.0002,1
7335,12.916379,1
7336,11.668818,1
7337,0.000132,1
7338,13.01119,1
7339,0.00011,0
7340,8.58838,1
7341,0.00025,0
7342,10.115272,0
7343,6.797653,0
7344,0.000115,0
7345,10.476165,0
7346,9.666924,1
7347,13.14476,1
7348,0.000127,1
7349,2.2e-05,0
7350,7e-05,1
7351,0.001196,1
7352,7.3e-05,1
7353,10.763905,1
7354,13.411431,1
7355,10.187644,0
7356,8.3e-05,1
7357,8.639938,0
7358,9.726085,1
7359,9.862802,0
7360,4.1e-05,1
7361,0.000108,1
7362,8.128778,0
7363,13.702737,1
7364,6.5e-05,1
7365,0.000153,1
7366,2.6e-05,1
7367,8.736526,0
7368,0.000421,0
7369,0.00017,1
7370,10.722096,1
7371,10.144656,1
7372,11.084229,0
7373,10.715326,1
7374,7.8e-05,1
7375,9.225605,1
7376,7.1e-05,0
7377,8.77234,1
7378,9.330334,0
7379,0.00013,1
7380,9.992194,1
7381,0.000139,1
7382,0.000373,1
7383,11.430768,0
7384,0.000285,1
7385,8.904368,0
7386,11.096865,0
7387,10.115618,1
7388,0.0007,1
7389,0.000341,1
7390,0.000255,1
7391,8.711376,0
7392,11.325342,0
7393,11.298783,1
7394,7.7e-05,0
7395,9.4e-05,1
7396,8.950928,1
7397,10.351204,1
7398,0.000153,1
7399,0.000292,1
7400,0.000374,0
7401,5.2e-05,1
7402,11.915658,0
7403,0.000176,0
7404,0.000265,1
7405,7.871736,0
7406,10.878554,0
7407,12.148889,0
7408,10.573407,0
7409,0.001156,1
7410,0.000292,1
7411,0.000322,1
7412,11.000142,1
7413,10.957623,1
7414,10.578101,1
7415,9.020671,0
7416,9.716407,1
7417,0.000189,1
7418,11.659719,1
7419,2.1e-05,0
7420,10.25874,1
7421,8.71253,1
7422,0.000279,1
7423,9.81729,1
7424,10.235357,1
7425,11.928341,0
7426,7.588024,0
7427,8.697165,1
7428,9.467291,1
7429,9.73402,0
7430,8.8e-05,1
7431,7.201762,0
7432,12.245815,1
7433,11.771326,1
7434,10.556355,1
7435,11.600946,0
7436,7.955502,0
7437,7.2e-05,1
7438,4.6e-05,1
7439,8.5e-05,0
7440,14.483302,1
7441,0.000299,1
7442,9.256611,1
7443,9.604814,1
7444,11.533714,1
7445,0.000129,1
7446,8.5e-05,1
7447,6.4e-05,0
7448,8.685379,0
7449,0.000202,0
7450,10.567529,0
7451,2.8e-05,1
7452,0.000454,1
7453,10.82001,1
7454,0.00037,1
7455,9.174926,0
7456,0.000144,1
7457,6.9e-05,1
7458,8.621134,1
7459,9.562912,1
7460,0.000156,1
7461,9.383877,1
7462,0.000149,0
7463,0.000484,1
7464,0.000288,1
7465,0.000381,1
7466,0.000236,1
7467,8.702307,0
7468,0.000509,1
7469,9.503187,1
7470,10.023193,0
7471,0.00035,1
7472,0.000108,1
7473,13.33804,1
7474,2.8e-05,1
7475,9.947703,1
7476,8.8e-05,0
7477,8.929422,1
7478,9.449838,0
7479,8.508081,1
7480,0.000166,1
7481,8.7e-05,1
7482,8.731164,0
7483,7.382183,0
7484,12.295187,1
7485,0.000232,0
7486,7.372592,1
7487,9.225849,1
7488,13.017639,0
7489,0.000149,1
7490,0.000206,1
7491,11.064173,0
7492,8.980843,1
7493,12.298559,1
7494,8.01854,1
7495,0.000727,1
7496,0.000234,1
7497,9.007561,1
7498,11.156434,0
7499,0.000499,1
7500,9.166441,1
7501,0.000136,1
7502,0.000104,1
7503,9.123427,1
7504,9.652695,0
7505,10.298157,1
7506,0.000171,1
7507,0.000138,1
7508,8.704583,0
7509,0.000167,1
7510,7.850009,1
7511,0.000114,1
7512,9.685506,1
7513,9.399258,1
7514,0.000168,1
7515,0.000313,1
7516,11.869099,1
7517,12.343624,0
7518,10.234596,1
7519,8.406254,0
7520,8.4e-05,1
7521,12.739429,0
7522,9.228477,1
7523,9.818145,0
7524,0.000829,0
7525,11.30142,0
7526,11.679925,1
7527,10.680544,1
7528,8.585889,1
7529,10.370681,1
7530,0.000302,1
7531,9.625504,1
7532,11.35692,1
7533,5.7e-05,1
7534,10.78452,1
7535,8.85956,1
7536,11.482314,1
7537,0.000104,1
7538,9.32882,0
7539,0.000166,1
7540,0.000207,1
7541,4.4e-05,1
7542,9.273855,1
7543,8.731531,1
7544,9.056888,0
7545,10.003873,0
7546,9.6e-05,0
7547,11.902678,1
7548,9.153769,1
7549,0.000156,1
7550,0.000229,1
7551,7.448822,1
7552,9.280989,1
7553,8.086722,0
7554,11.333619,1
7555,10.586006,1
7556,7.226744,1
7557,0.000579,1
7558,13.337136,1
7559,8.999633,0
7560,6.7e-05,0
7561,0.000247,1
7562,0.000155,1
7563,0.000242,1
7564,12.327062,1
7565,0.000327,1
7566,8.5e-05,1
7567,10.96212,1
7568,11.717934,0
7569,0.000485,1
7570,7.06741,0
7571,9.824152,0
7572,0.000132,1
7573,8.04144,1
7574,0.000133,1
7575,7.7e-05,1
7576,12.566205,1
7577,0.000172,0
7578,0.000259,1
7579,11.728527,0
7580,11.710789,0
7581,12.445599,0
7582,3.2e-05,1
7583,3.1e-05,1
7584,0.000101,1
7585,10.326582,1
7586,10.445602,0
7587,7.587417,0
7588,7.2e-05,0
7589,10.891002,1
7590,7.706313,1
7591,10.505961,0
7592,9.330794,1
7593,0.000102,1
7594,0.000224,1
7595,8.432123,0
7596,11.360761,1
7597,0.000191,1
7598,10.721648,1
7599,9.191349,1
7600,7.494224,0
7601,12.4111,0
7602,11.468708,1
7603,11.104842,1
7604,12.205709,0
7605,10.594465,1
7606,7.602363,1
7607,5.7e-05,1
7608,0.000214,1
7609,7.5e-05,0
7610,0.000253,1
7611,0.000118,1
7612,0.000526,1
7613,10.897806,1
7614,0.000813,1
7615,8.928619,1
7616,0.000282,0
7617,9.8e-05,0
7618,11.132398,1
7619,7.620746,1
7620,0.000881,1
7621,10.995637,1
7622,11.640986,1
7623,0.000182,0
7624,11.567626,1
7625,2.3e-05,1
7626,11.004558,0
7627,6.2e-05,1
7628,11.853905,1
7629,0.000143,0
7630,0.000375,1
7631,9.731941,1
7632,0.000197,1
7633,10.314002,0
7634,11.633162,1
7635,12.431767,0
7636,11.643635,0
7637,10.667113,0
7638,0.000199,1
7639,12.173246,1
7640,8.554348,1
7641,0.000439,1
7642,0.000269,1
7643,9.9e-05,0
7644,0.000367,1
7645,0.000201,1
7646,9.066633,0
7647,11.944866,1
7648,10.216853,0
7649,0.00024,1
7650,12.969953,0
7651,11.496528,0
7652,7.840529,0
7653,12.767571,0
7654,7.520637,0
7655,11.465756,1
7656,12.19003,0
7657,10.035762,1
7658,10.173516,1
7659,10.101546,1
7660,0.000382,1
7661,8.407445,0
7662,0.00086,1
7663,9e-05,1
7664,6.7e-05,0
7665,0.000131,1
7666,9.443881,1
7667,11.934312,1
7668,10.469651,0
7669,10.742267,1
7670,0.000929,1
7671,10.977615,0
7672,0.00016,1
7673,0.000248,1
7674,8.3e-05,1
7675,11.840991,1
7676,9.704613,0
7677,0.000948,1
7678,7.6e-05,1
7679,4.1e-05,1
7680,0.0002,1
7681,8.746088,0
7682,0.000349,1
7683,0.000465,1
7684,0.000138,0
7685,0.000233,1
7686,0.000454,1
7687,0.000579,1
7688,12.355387,0
7689,10.369875,1
7690,13.379781,0
7691,7.733405,1
7692,0.000134,0
7693,7.682783,0
7694,0.000588,1
7695,0.000131,1
7696,12.471545,1
7697,0.000127,1
7698,11.38277,0
7699,10.509087,0
7700,10.940397,1
7701,0.000549,1
7702,9.591872,1
7703,8.242195,0
7704,8.9659,1
7705,9.25809,0
7706,0.00044,1
7707,5.5e-05,0
7708,6.8e-05,1
7709,11.051659,1
7710,10.483131,1
7711,11.104371,0
7712,0.000135,1
7713,12.184671,0
7714,9.231329,0
7715,0.000128,1
7716,13.750966,0
7717,4.4e-05,0
7718,7.475286,0
7719,11.035435,1
7720,0.000139,1
7721,8.7e-05,1
7722,0.000249,1
7723,0.000141,1
7724,7.637333,1
7725,12.052694,0
7726,12.476872,1
7727,8.490462,1
7728,8.8e-05,1
7729,0.000107,1
7730,10.725466,1
7731,0.000461,1
7732,6.7e-05,1
7733,0.000165,0
7734,11.463615,1
7735,10.426125,1
7736,11.625073,0
7737,9.945274,1
7738,9.947587,0
7739,0.000168,0
7740,10.468001,1
7741,12.403619,1
7742,0.000265,1
7743,0.000123,1
7744,7.399474,1
7745,5.6e-05,1
7746,12.036462,0
7747,11.209997,1
7748,0.000126,0
7749,11.25588,1
7750,6.9e-05,1
7751,12.046388,0
7752,11.350882,0
7753,11.315633,1
7754,11.330291,1
7755,11.639716,1
7756,10.111722,0
7757,10.577708,0
7758,9.914008,1
7759,9.799829,1
7760,9.671077,0
7761,4.4e-05,0
7762,7.574292,1
7763,10.252387,1
7764,11.697535,1
7765,5.8e-05,1
7766,10.632341,1
7767,0.00025,1
7768,11.601599,0
7769,0.000268,1
7770,12.015864,0
7771,6.7e-05,1
7772,6.4e-05,0
7773,0.000182,1
7774,7.325162,1
7775,0.000814,1
7776,10.37871,1
7777,11.923115,0
7778,9.444012,1
7779,9.117658,1
7780,5e-05,1
7781,0.000222,1
7782,8.946873,0
7783,8.050605,1
7784,11.432347,1
7785,0.000338,0
7786,0.000134,1
7787,10.353162,1
7788,8.885571,1
7789,8.814347,0
7790,8.647094,0
7791,0.000143,1
7792,0.000259,1
7793,10.037057,1
7794,5.5e-05,1
7795,9.962794,0
7796,10.4828,0
7797,0.000884,1
7798,9.994709,1
7799,0.000338,1
7800,0.000138,1
7801,7.1e-05,1
7802,11.857581,1
7803,0.00018,1
7804,0.000361,1
7805,11.167797,0
7806,10.952238,0
7807,3.9e-05,1
7808,8.450301,0
7809,10.574001,0
7810,10.498348,0
7811,0.000285,1
7812,11.515962,0
7813,11.139559,1
7814,11.34438,1
7815,9.78626,1
7816,12.461206,0
7817,10.699808,1
7818,11.229752,0
7819,0.000149,1
7820,11.975067,1
7821,7.364303,0
7822,11.814927,0
7823,11.614219,1
7824,10.721153,1
7825,0.000583,1
7826,9.7e-05,1
7827,11.027067,1
7828,12.184619,0
7829,11.614399,1
7830,11.268489,0
7831,8.89553,1
7832,12.577833,1
7833,10.089264,1
7834,4.8e-05,1
7835,8.7e-05,0
7836,9.139574,0
7837,12.724856,1
7838,10.356945,0
7839,9.564719,1
7840,11.078324,0
7841,12.62875,0
7842,10.402851,1
7843,6.5e-05,1
7844,0.0003,1
7845,0.000324,1
7846,10.27978,1
7847,6.6e-05,1
7848,0.000253,1
7849,7.387851,0
7850,13.685635,0
7851,13.074385,0
7852,7.420633,0
7853,3.8e-05,1
7854,0.000873,1
7855,10.304725,1
7856,5.5e-05,1
7857,0.000114,0
7858,0.000106,1
7859,0.000353,1
7860,10.949816,0
7861,8e-05,1
7862,0.000208,1
7863,0.000107,1
7864,0.001193,1
7865,11.65283,0
7866,11.681459,0
7867,0.000294,1
7868,10.708234,1
7869,11.269048,0
7870,0.000324,1
7871,10.97499,1
7872,9.882958,0
7873,2.9e-05,1
7874,9.097274,1
7875,7.940385,1
7876,0.000102,1
7877,3.5e-05,0
7878,0.000369,1
7879,6.2e-05,1
7880,10.786485,0
7881,0.000109,1
7882,9.927043,1
7883,9.947302,0
7884,11.205306,0
7885,0.000307,1
7886,13.495673,0
7887,3.9e-05,0
7888,0.000117,0
7889,11.158545,1
7890,6.2e-05,1
7891,0.000226,1
7892,11.002807,0
7893,11.036055,1
7894,12.896834,0
7895,10.433117,1
7896,9.694767,1
7897,3.3e-05,1
7898,0.000263,1
7899,0.000156,1
7900,10.71437,1
7901,9.421214,0
7902,11.273685,1
7903,11.697576,1
7904,10.777284,1
7905,8.950258,1
7906,12.85304,1
7907,12.644949,0
7908,14.634275,0
7909,9.932664,1
7910,11.197288,1
7911,6.7e-05,1
7912,9.6915,1
7913,0.000163,1
7914,11.203701,0
7915,0.000131,0
7916,0.0001,0
7917,9.839431,0
7918,10.547072,1
7919,0.000436,0
7920,10.00418,0
7921,11.158466,1
7922,0.000729,1
7923,8.915203,1
7924,9.944131,0
7925,0.000128,1
7926,0.000205,1
7927,9.934833,0
7928,12.469937,0
7929,12.245702,0
7930,10.818733,0
7931,11.6847,1
7932,10.701894,1
7933,0.000201,1
7934,9.570667,1
7935,7.7e-05,1
7936,7e-05,1
7937,9.134921,1
7938,0.00024,1
7939,9.504335,1
7940,0.000455,1
7941,0.000293,1
7942,0.000122,1
7943,0.000323,1
7944,8.96184,0
7945,0.000191,0
7946,7.467296,0
7947,4.5e-05,0
7948,8.160195,0
7949,0.000305,1
7950,9.8e-05,0
7951,12.190915,1
7952,0.000305,1
7953,0.000263,0
7954,8.699512,1
7955,0.000168,1
7956,8.7e-05,1
7957,0.000127,0
7958,9.039326,1
7959,0.000114,1
7960,12.18471,1
7961,7.531876,0
7962,0.000306,1
7963,0.000222,1
7964,10.448982,0
7965,0.000231,0
7966,11.79798,0
7967,0.000343,1
7968,10.175975,0
7969,10.627438,1
7970,11.800325,0
7971,0.000109,0
7972,10.434289,0
7973,5.2e-05,0
7974,11.149575,1
7975,9.581374,1
7976,7.4e-05,0
7977,9.833873,1
7978,11.267773,1
7979,12.05046,0
7980,0.000167,1
7981,9.862123,0
7982,9.520926,1
7983,12.798874,0
7984,9.976925,0
7985,8.2e-05,1
7986,8.571433,1
7987,10.720584,1
7988,10.13033,0
7989,0.00014,1
7990,8.579991,1
7991,13.620773,1
7992,9.738153,1
7993,0.000177,1
7994,0.000117,1
7995,7.265691,0
7996,0.000498,1
7997,11.131379,0
7998,9.945866,0
7999,10.132377,0
8000,10.820259,1
8001,10.354218,1
8002,10.876092,0
8003,0.000144,1
8004,8.782066,0
8005,11.483215,1
8006,0.000159,1
8007,0.000196,1
8008,0.000138,0
8009,9.46633,1
8010,11.152933,1
8011,9.536185,0
8012,0.000364,1
8013,11.543238,1
8014,9.166846,1
8015,12.615525,0
8016,0.000126,1
8017,9.403337,1
8018,7.729419,0
8019,10.235089,0
8020,9.3e-05,1
8021,10.62053,1
8022,7.771004,1
8023,10.160731,0
8024,0.000214,1
8025,14.208351,1
8026,0.000242,1
8027,11.933127,1
8028,11.917583,0
8029,7.227768,0
8030,0.000103,1
8031,10.360662,1
8032,8.9e-05,1
8033,0.000128,1
8034,0.000341,1
8035,9.46539,1
8036,6.9e-05,0
8037,0.000142,1
8038,5.7e-05,1
8039,7.484025,0
8040,10.194066,0
8041,12.920175,1
8042,11.683081,1
8043,11.103333,0
8044,9.180211,1
8045,0.00031,1
8046,11.548575,0
8047,11.765162,1
8048,0.000178,1
8049,8.1e-05,1
8050,0.001439,1
8051,10.7657,1
8052,5.1e-05,1
8053,0.000241,0
8054,9.371662,0
8055,7.558962,0
8056,3.7e-05,1
8057,7.477187,0
8058,9.595623,1
8059,11.326295,0
8060,10.557174,1
8061,9.901312,1
8062,9.705307,1
8063,10.66611,1
8064,10.162748,0
8065,0.00019,1
8066,0.00011,1
8067,0.00062,0
8068,0.000155,1
8069,9.059048,1
8070,9.131913,1
8071,10.42656,1
8072,0.000177,1
8073,0.000275,1
8074,0.000109,0
8075,6.849891,0
8076,13.197697,1
8077,4.7e-05,1
8078,9.866202,0
8079,10.428782,0
8080,5.8e-05,0
8081,12.508936,1
8082,8.8e-05,1
8083,14.816586,1
8084,0.00014,0
8085,0.000151,1
8086,0.000105,1
8087,4.6e-05,0
8088,0.000444,1
8089,10.341236,1
8090,0.000259,0
8091,8.5e-05,1
8092,0.000167,1
8093,9.5e-05,1
8094,10.297081,1
8095,10.061432,1
8096,0.000162,0
8097,10.334231,0
8098,12.649573,1
8099,9.951584,1
8100,11.603325,1
8101,0.00024,1
8102,10.853009,0
8103,12.493131,0
8104,7.548027,0
8105,0.00025,1
8106,9.097754,0
8107,10.84098,1
8108,3.1e-05,0
8109,9.829896,0
8110,10.54669,0
8111,0.000321,1
8112,6.7e-05,0
8113,10.722262,1
8114,7.746886,0
8115,10.408939,0
8116,0.000423,1
8117,2.3e-05,0
8118,0.000383,1
8119,9.692777,0
8120,0.000111,1
8121,0.000245,1
8122,10.854183,0
8123,0.00027,0
8124,0.000107,0
8125,10.172722,1
8126,13.31648,1
8127,9.046389,0
8128,7.472122,0
8129,4.5e-05,1
8130,9.866849,0
8131,9.470272,0
8132,10.42054,1
8133,10.470951,0
8134,8.3571,1
8135,0.000131,1
8136,0.000282,1
8137,9.1e-05,1
8138,9.413157,1
8139,9.227396,0
8140,5.4e-05,0
8141,10.849647,0
8142,11.51553,0
8143,10.1357,0
8144,9.763026,0
8145,0.000199,1
8146,10.189474,1
8147,9.905596,1
8148,11.09203,1
8149,11.307908,0
8150,0.000323,1
8151,0.000177,1
8152,13.628323,0
8153,11.567287,1
8154,0.000107,1
8155,11.402657,1
8156,12.382537,1
8157,9.60355,1
8158,0.000108,1
8159,7.872591,0
8160,10.660841,0
8161,0.000248,1
8162,9.931474,1
8163,0.000105,1
8164,7.40325,0
8165,7.455486,1
8166,10.92735,1
8167,11.121695,1
8168,0.000235,1
8169,8.911602,0
8170,11.352859,1
8171,12.414011,0
8172,0.000623,1
8173,12.254766,1
8174,8.045889,0
8175,9.211575,0
8176,9.302578,0
8177,10.138193,1
8178,0.000476,1
8179,11.104675,1
8180,10.937564,1
8181,0.000454,1
8182,0.000128,1
8183,11.831056,0
8184,8.888308,1
8185,0.000192,0
8186,12.756177,0
8187,5.9e-05,0
8188,7.072778,1
8189,8.580771,1
8190,8.018988,0
8191,11.019605,1
8192,7.434719,0
8193,10.105851,1
8194,0.000268,1
8195,0.000205,1
8196,0.000157,1
8197,8.5e-05,1
8198,0.000103,1
8199,9.8e-05,0
8200,0.000147,0
8201,10.253798,1
8202,0.000105,1
8203,0.00055,1
8204,10.341334,0
8205,0.000425,1
8206,9.492318,0
8207,12.358656,0
8208,8.126093,0
8209,6.4e-05,1
8210,10.521194,0
8211,7.197862,0
8212,9.064194,0
8213,0.000218,0
8214,5.6e-05,0
8215,8.5e-05,1
8216,11.155567,0
8217,12.431017,1
8218,12.750222,0
8219,9.3e-05,1
8220,11.016315,0
8221,0.000432,1
8222,12.007445,0
8223,10.254944,1
8224,0.000131,1
8225,11.197299,0
8226,10.857282,0
8227,12.280392,0
8228,10.555279,1
8229,0.000135,1
8230,6.2e-05,1
8231,0.000146,0
8232,12.695695,0
8233,10.567071,1
8234,12.503427,0
8235,11.104175,1
8236,6.961226,0
8237,6.9e-05,1
8238,10.968677,0
8239,8.069063,1
8240,0.000621,1
8241,11.578379,0
8242,10.787296,1
8243,8.727757,0
8244,1.9e-05,1
8245,11.100679,1
8246,10.3465,1
8247,8.926705,1
8248,0.000464,1
8249,7.496198,1
8250,7.132688,0
8251,9.282383,1
8252,0.000264,1
8253,9.056652,0
8254,0.000102,1
8255,8.80921,1
8256,7.611322,1
8257,8.584303,1
8258,11.528097,1
8259,12.289881,0
8260,12.221177,0
8261,0.000467,1
8262,10.980826,0
8263,8.889172,1
8264,0.000426,1
8265,13.905255,0
8266,0.000431,1
8267,9.968732,1
8268,13.48593,0
8269,0.000268,1
8270,13.176301,0
8271,9.628999,1
8272,9.2401,1
8273,10.660605,0
8274,0.00011,1
8275,9.81446,1
8276,0.000277,1
8277,0.000219,1
8278,6.2e-05,1
8279,10.00725,1
8280,9.541476,1
8281,13.417459,0
8282,11.279681,1
8283,12.061543,1
8284,0.000169,0
8285,10.739349,1
8286,13.880725,0
8287,9.024755,0
8288,10.271912,0
8289,9.891554,0
8290,11.441818,0
8291,12.172815,0
8292,7.5e-05,1
8293,8.867249,0
8294,0.000101,1
8295,0.000149,1
8296,0.000337,1
8297,12.235947,0
8298,9.650128,0
8299,10.696162,1
8300,11.989561,0
8301,7.732837,1
8302,11.793091,0
8303,12.583693,0
8304,0.000169,1
8305,11.613427,0
8306,0.000136,1
8307,8.437631,1
8308,9.957028,1
8309,8.27677,1
8310,0.000111,1
8311,11.197144,1
8312,6.2e-05,1
8313,11.154959,1
8314,8.613698,1
8315,11.633454,1
8316,7.273996,0
8317,8.11233,1
8318,10.982527,0
8319,0.000273,0
8320,0.000207,1
8321,10.87809,0
8322,0.000181,0
8323,13.25139,0
8324,11.514823,0
8325,10.274482,1
8326,13.170947,0
8327,4.9e-05,1
8328,9e-05,1
8329,10.489837,1
8330,11.53634,0
8331,6.6e-05,1
8332,7.55151,1
8333,0.000183,1
8334,7.762835,1
8335,11.482656,1
8336,6.4e-05,0
8337,0.000199,1
8338,10.135243,0
8339,6.6e-05,1
8340,10.216726,1
8341,0.000273,1
8342,0.000633,1
8343,9.551276,1
8344,7.6e-05,0
8345,0.000169,1
8346,0.000128,1
8347,0.000348,1
8348,10.254932,1
8349,8.3e-05,0
8350,9.670936,1
8351,11.738421,1
8352,11.768307,0
8353,8.993084,0
8354,11.105136,1
8355,8.48758,0
8356,0.000786,1
8357,10.291348,1
8358,9.040917,0
8359,12.77331,1
8360,11.495509,1
8361,7.192949,0
8362,8.291766,0
8363,9.551964,1
8364,10.139466,1
8365,14.569575,0
8366,11.01998,0
8367,8.740458,1
8368,10.8267,1
8369,10.230125,0
8370,11.800304,1
8371,10.601582,0
8372,0.000327,0
8373,7.649277,0
8374,0.000136,0
8375,10.726763,1
8376,11.161389,1
8377,8.901514,1
8378,9.877567,1
8379,10.854402,1
8380,8.2e-05,0
8381,9.677748,1
8382,11.639165,0
8383,9.827112,1
8384,0.000213,1
8385,7.276586,0
8386,10.346079,1
8387,6.949534,0
8388,0.001626,1
8389,9.875451,0
8390,11.011632,1
8391,0.000459,1
8392,7.690312,1
8393,10.281552,1
8394,8.002536,0
8395,11.693583,1
8396,0.000442,1
8397,10.328934,1
8398,10.103749,0
8399,8.811885,0
8400,3.6e-05,1
8401,10.483123,1
8402,0.000125,0
8403,0.000238,1
8404,9.253933,0
8405,7.67177,1
8406,12.729682,0
8407,8.923706,1
8408,8.876395,0
8409,6.1e-05,0
8410,10.171541,0
8411,0.000489,1
8412,11.981774,0
8413,10.775031,0
8414,10.272964,0
8415,13.234424,1
8416,11.807552,1
8417,0.000142,1
8418,11.252126,1
8419,6.819111,0
8420,7.640557,0
8421,9.830837,1
8422,0.000145,1
8423,10.966131,1
8424,10.440913,1
8425,10.822345,1
8426,8.328219,1
8427,0.000258,1
8428,0.000264,1
8429,0.000154,1
8430,0.000116,0
8431,10.457239,1
8432,0.000228,1
8433,10.239978,1
8434,8.863112,1
8435,8.525997,1
8436,8.018322,0
8437,11.473665,0
8438,10.97578,0
8439,0.000178,1
8440,9.29869,1
8441,12.111695,0
8442,0.000964,1
8443,9.9e-05,1
8444,0.000202,1
8445,9.441877,0
8446,6.979316,0
8447,0.000185,1
8448,11.979365,0
8449,0.000221,1
8450,6.5e-05,1
8451,11.982666,0
8452,9.091773,1
8453,7.572193,0
8454,8.781433,0
8455,8.60372,0
8456,0.000106,1
8457,0.000132,0
8458,9.723642,0
8459,0.000364,1
8460,12.102377,0
8461,13.603111,1
8462,9.099482,0
8463,0.000369,1
8464,7.382888,0
8465,0.000126,0
8466,3.1e-05,0
8467,0.00017,1
8468,8.011564,1
8469,4.5e-05,1
8470,0.000269,1
8471,9.2e-05,1
8472,9.980771,0
8473,0.00017,0
8474,10.238238,0
8475,9.840388,1
8476,12.369421,0
8477,7.470148,0
8478,9.4e-05,0
8479,11.97711,1
8480,9.320607,0
8481,0.000146,1
8482,10.202756,1
8483,8.963105,1
8484,0.000342,0
8485,6.2e-05,0
8486,7.391496,0
8487,0.000105,1
8488,9.991442,0
8489,10.066688,0
8490,0.000115,1
8491,0.000223,1
8492,0.000172,1
8493,8.436424,0
8494,10.531915,1
8495,0.0013,1
8496,0.000114,1
8497,11.296678,0
8498,11.941675,1
8499,9.609845,1
8500,7.364146,0
8501,11.527513,1
8502,12.610997,0
8503,0.000139,1
8504,0.000966,0
8505,0.000295,1
8506,12.545642,1
8507,10.163089,1
8508,10.638492,0
8509,12.287179,1
8510,0.000193,1
8511,0.000242,1
8512,12.93567,0
8513,12.563056,1
8514,9.8e-05,1
8515,0.00058,1
8516,9.738714,0
8517,11.278262,1
8518,0.000136,0
8519,0.000428,1
8520,8e-05,0
8521,8.697465,1
8522,10.753599,1
8523,9.882273,1
8524,0.000137,1
8525,9.376878,0
8526,10.76526,1
8527,10.646765,0
8528,0.000113,0
8529,11.970565,0
8530,11.174979,0
8531,11.253768,1
8532,8.8e-05,1
8533,9.157386,1
8534,0.000159,1
8535,0.000164,1
8536,0.000365,1
8537,0.000451,1
8538,0.000228,0
8539,0.000252,1
8540,10.649079,1
8541,0.000176,0
8542,11.426438,0
8543,7.681016,0
8544,8.8e-05,1
8545,7.381126,1
8546,10.529696,1
8547,8.7e-05,1
8548,0.000144,1
8549,10.760607,1
8550,0.00016,1
8551,9.117168,0
8552,4.4e-05,1
8553,10.650675,1
8554,11.240533,0
8555,0.00028,1
8556,7.419083,0
8557,9.430309,1
8558,0.0002,1
8559,9.284804,0
8560,11.551576,0
8561,0.000216,1
8562,6e-05,1
8563,10.2546,1
8564,8.893812,1
8565,0.000225,1
8566,0.000272,1
8567,10.272899,0
8568,9.153493,0
8569,0.000293,1
8570,7.415658,0
8571,10.911801,1
8572,10.016505,1
8573,9.711665,0
8574,13.507835,1
8575,10.565601,1
8576,10.087805,1
8577,8.170382,0
8578,5.2e-05,0
8579,0.0001,1
8580,12.654789,1
8581,11.674581,0
8582,13.366243,0
8583,0.000233,1
8584,0.000312,1
8585,8.499413,1
8586,8.649498,0
8587,0.000647,1
8588,9.202304,1
8589,0.000604,0
8590,0.000408,1
8591,0.000216,1
8592,0.00013,0
8593,12.169448,0
8594,0.000217,1
8595,5.3e-05,1
8596,0.000464,1
8597,0.000139,1
8598,10.702496,0
8599,10.45024,0
8600,12.819582,1
8601,0.000157,1
8602,8.301758,1
8603,10.747065,1
8604,9.745843,1
8605,0.000165,1
8606,0.00018,1
8607,8.24394,0
8608,0.000106,1
8609,12.368899,1
8610,8.3e-05,1
8611,13.569978,1
8612,11.71717,0
8613,11.926058,0
8614,12.46699,0
8615,0.000145,0
8616,9.657588,0
8617,11.409164,1
8618,0.000128,0
8619,9.3e-05,1
8620,9.053446,1
8621,0.000234,1
8622,11.671608,1
8623,6.4e-05,1
8624,9.463147,1
8625,10.082607,0
8626,8.639499,1
8627,10.962974,1
8628,8.143868,0
8629,5.6e-05,1
8630,9.984624,0
8631,13.342563,1
8632,7.1e-05,1
8633,14.713346,1
8634,10.79849,0
8635,0.000278,1
8636,2.4e-05,0
8637,8.3e-05,0
8638,5.8e-05,1
8639,7.755322,0
8640,8.847254,0
8641,9.480905,1
8642,10.20554,0
8643,0.000349,1
8644,0.000525,1
8645,9.017874,0
8646,10.318249,1
8647,4.2e-05,1
8648,0.000145,1
8649,11.579238,0
8650,10.877321,1
8651,11.007193,0
8652,8.16921,0
8653,0.000101,1
8654,11.763332,1
8655,0.000125,0
8656,7.569759,0
8657,6.5e-05,1
8658,9.394854,1
8659,11.824996,0
8660,11.877434,0
8661,0.000185,1
8662,10.556125,0
8663,8.661984,0
8664,11.502235,0
8665,0.000121,0
8666,11.317863,1
8667,11.482218,1
8668,13.075443,1
8669,0.000738,1
8670,5.1e-05,1
8671,8.181043,0
8672,0.000625,1
8673,7.882635,1
8674,8.892341,0
8675,7.256894,1
8676,0.000476,1
8677,11.804242,0
8678,10.898181,1
8679,11.56301,0
8680,10.258939,0
8681,5.8e-05,1
8682,7.445877,0
8683,0.000144,1
8684,10.20152,0
8685,7.589684,0
8686,11.139535,1
8687,9.408921,1
8688,0.000177,1
8689,0.000383,1
8690,9.56843,0
8691,0.000143,1
8692,0.000199,1
8693,0.000262,1
8694,0.000112,1
8695,10.16744,0
8696,10.131198,0
8697,0.000675,1
8698,10.98276,1
8699,10.766304,0
8700,10.126913,0
8701,10.034305,0
8702,9.822144,1
8703,2.2e-05,1
8704,12.941008,1
8705,0.000323,1
8706,0.000279,1
8707,9.529843,0
8708,7.451803,0
8709,10.326357,1
8710,10.665058,1
8711,11.015967,1
8712,11.971292,1
8713,0.000117,1
8714,0.000124,1
8715,0.00041,1
8716,7.952656,0
8717,0.000283,1
8718,9.514239,0
8719,0.000123,1
8720,1.9e-05,0
8721,12.044596,1
8722,0.000145,1
8723,9.196118,0
8724,9.282865,0
8725,0.000305,1
8726,12.169916,1
8727,7.449196,0
8728,0.000402,1
8729,12.001147,0
8730,8.8e-05,1
8731,8.481486,1
8732,6.2e-05,0
8733,10.411109,1
8734,11.14551,0
8735,0.000102,1
8736,7.363751,1
8737,10.351549,0
8738,11.624148,1
8739,0.000358,1
8740,9.624296,0
8741,11.144066,0
8742,9.9e-05,0
8743,0.000904,1
8744,0.000366,0
8745,0.00051,1
8746,11.128436,1
8747,0.000574,1
8748,9.860063,1
8749,6.9e-05,0
8750,11.044273,0
8751,8.492927,0
8752,12.961771,1
8753,0.000202,1
8754,0.000252,1
8755,10.1937,0
8756,5.8e-05,0
8757,11.644942,0
8758,12.615703,0
8759,7.171037,1
8760,9.945235,1
8761,8.647484,1
8762,10.052566,1
8763,0.000142,1
8764,12.790562,0
8765,7.391082,0
8766,11.006244,1
8767,10.108628,0
8768,12.44955,1
8769,8.958972,1
8770,10.579127,0
8771,9.508267,0
8772,0.000166,1
8773,7.8e-05,1
8774,0.000135,1
8775,2.4e-05,0
8776,0.000222,1
8777,11.884473,1
8778,10.105578,1
8779,14.632135,1
8780,11.804094,0
8781,12.235033,0
8782,11.994943,0
8783,0.000104,1
8784,7.22289,0
8785,11.059501,1
8786,11.410311,1
8787,10.119401,1
8788,13.869124,1
8789,0.00018,1
8790,10.504127,1
8791,8.960561,0
8792,11.495739,1
8793,0.000253,1
8794,13.472141,1
8795,8.3e-05,1
8796,7.59799,1
8797,10.823439,0
8798,8.882079,1
8799,9.549335,1
8800,7.2e-05,0
8801,10.270568,0
8802,11.977887,1
8803,10.433738,1
8804,8.6e-05,1
8805,0.000408,1
8806,8.019396,1
8807,0.000136,1
8808,8.664444,0
8809,7.656611,1
8810,0.000204,1
8811,10.226757,1
8812,11.272586,0
8813,0.000104,1
8814,8.804695,1
8815,7.516603,1
8816,9.2332,0
8817,0.000635,0
8818,9.737187,1
8819,0.000125,1
8820,9.152276,0
8821,10.218082,1
8822,0.000285,1
8823,0.000881,1
8824,7.346087,1
8825,10.050632,0
8826,11.041289,1
8827,0.000229,1
8828,8.66516,1
8829,11.580305,1
8830,12.221351,1
8831,9.759255,1
8832,0.000114,1
8833,9.578956,0
8834,0.000131,0
8835,11.257547,1
8836,0.000349,1
8837,0.000115,1
8838,9.641335,1
8839,0.000265,1
8840,0.000122,0
8841,7.670438,1
8842,0.000137,1
8843,11.048021,0
8844,9.3e-05,1
8845,0.000186,1
8846,0.000296,1
8847,11.497047,0
8848,9.002595,1
8849,10.870691,1
8850,10.248538,0
8851,0.000167,1
8852,0.000564,1
8853,0.000122,0
8854,0.000235,1
8855,0.00028,1
8856,12.102366,1
8857,9.161828,1
8858,0.000188,1
8859,0.000115,1
8860,3e-05,0
8861,9.086525,0
8862,0.000216,1
8863,12.949634,1
8864,9.798023,0
8865,0.000335,1
8866,0.000162,0
8867,12.027482,0
8868,9.35723,0
8869,0.000135,0
8870,9.98055,0
8871,9.6e-05,0
8872,11.575722,0
8873,9.929451,0
8874,0.000249,1
8875,11.1495,1
8876,10.630049,1
8877,11.656481,0
8878,12.170079,1
8879,0.000454,1
8880,10.311549,1
8881,0.000531,1
8882,12.554862,1
8883,10.098735,0
8884,0.000143,1
8885,12.001484,0
8886,8e-05,0
8887,0.000671,1
8888,0.00021,1
8889,3.5e-05,1
8890,0.000284,1
8891,9.2e-05,1
8892,11.754678,1
8893,0.000182,1
8894,4.5e-05,1
8895,13.60766,1
8896,8.793365,1
8897,12.194465,1
8898,5.5e-05,0
8899,0.000489,1
8900,7.580721,0
8901,7.387802,1
8902,12.620155,1
8903,10.677121,1
8904,10.736023,1
8905,11.469141,0
8906,10.634253,1
8907,9.654032,1
8908,9.4e-05,1
8909,0.000155,1
8910,12.837156,1
8911,0.000408,1
8912,8.287388,1
8913,11.192979,1
8914,10.309297,0
8915,3.9e-05,1
8916,12.474477,0
8917,11.463596,0
8918,12.206663,0
8919,0.000446,1
8920,7.950843,1
8921,12.25815,0
8922,7.2e-05,0
8923,9.304164,1
8924,6.8e-05,1
8925,7.962903,0
8926,11.536449,1
8927,0.000371,1
8928,10.45308,1
8929,10.29705,0
8930,10.566911,1
8931,0.000313,1
8932,11.333889,0
8933,10.010212,1
8934,10.410553,0
8935,11.507367,0
8936,5.9e-05,0
8937,11.8869,0
8938,0.000267,1
8939,6.4e-05,1
8940,10.033287,0
8941,8.686699,1
8942,9.813014,1
8943,12.343442,1
8944,9.137001,1
8945,0.000176,0
8946,7.662038,0
8947,10.086985,1
8948,10.474054,0
8949,0.00056,1
8950,12.415841,0
8951,11.646456,0
8952,10.04397,1
8953,9.642282,0
8954,0.000274,1
8955,4.9e-05,1
8956,9.927059,0
8957,9.227927,0
8958,10.691154,1
8959,11.494001,1
8960,0.000159,1
8961,11.714549,1
8962,0.000161,0
8963,4.9e-05,0
8964,0.000238,1
8965,0.000509,1
8966,11.020689,1
8967,0.000171,1
8968,11.375624,0
8969,9.313422,1
8970,8e-05,1
8971,11.05279,1
8972,7.463331,0
8973,9.766508,1
8974,10.977984,0
8975,6.4e-05,1
8976,8.792132,0
8977,12.346254,1
8978,10.899126,1
8979,10.442983,1
8980,9.340923,1
8981,10.225667,0
8982,6.3e-05,1
8983,11.043895,1
8984,0.000185,1
8985,0.000363,1
8986,9.893276,1
8987,13.365662,1
8988,13.122546,1
8989,0.000198,0
8990,0.000148,1
8991,5.7e-05,0
8992,6.6e-05,1
8993,11.31417,0
8994,10.265121,1
8995,0.001361,1
8996,0.000116,1
8997,5.9e-05,1
8998,9.181593,0
8999,6.7e-05,1
9000,9.740499,1
9001,9.042656,1
9002,9.007969,1
9003,0.000151,1
9004,11.150745,1
9005,9.183392,0
9006,10.693307,1
9007,10.918713,0
9008,12.019547,0
9009,8.428831,1
9010,2.2e-05,1
9011,10.792773,0
9012,0.000157,1
9013,0.000394,1
9014,10.858617,1
9015,11.397137,1
9016,10.866743,1
9017,10.525735,0
9018,5.4e-05,1
9019,0.000377,1
9020,9.207532,0
9021,0.000127,1
9022,0.000115,1
9023,8.654016,0
9024,9.310987,1
9025,11.422938,0
9026,7.7e-05,1
9027,9.019564,1
9028,10.503159,0
9029,12.835584,1
9030,0.000293,1
9031,7.394804,0
9032,4.9e-05,0
9033,12.600529,0
9034,9.8e-05,1
9035,11.628306,0
9036,11.827555,0
9037,0.000124,1
9038,4e-05,1
9039,9.1e-05,1
9040,9.302909,0
9041,9.178709,1
9042,8.811808,1
9043,6.3e-05,1
9044,11.978448,0
9045,9.1e-05,1
9046,7.7e-05,1
9047,0.000164,1
9048,3.3e-05,0
9049,3.1e-05,0
9050,0.000203,1
9051,8.619896,0
9052,12.143118,1
9053,7.739614,1
9054,0.000449,1
9055,12.071418,0
9056,7.9e-05,1
9057,8.6e-05,1
9058,0.000211,1
9059,0.000507,1
9060,11.768902,1
9061,0.000201,1
9062,7.7e-05,1
9063,11.905514,1
9064,9.389516,1
9065,0.001628,1
9066,0.000169,1
9067,11.067812,0
9068,7.481598,0
9069,9.1e-05,1
9070,0.000133,1
9071,10.779567,1
9072,11.668011,1
9073,0.000126,1
9074,9.981157,1
9075,0.000109,1
9076,0.000187,1
9077,12.7745,0
9078,0.000513,1
9079,11.841572,1
9080,8.227324,1
9081,0.000249,1
9082,0.00012,1
9083,8.420399,0
9084,11.883902,0
9085,9.502251,0
9086,11.752797,0
9087,10.823287,1
9088,9.838865,1
9089,10.683147,0
9090,8.170934,0
9091,9.360864,0
9092,5.2e-05,0
9093,10.047168,1
9094,6.7e-05,0
9095,7.321596,0
9096,10.865478,0
9097,7.3e-05,1
9098,0.00015,1
9099,0.000117,0
9100,8.509813,1
9101,11.341766,1
9102,0.000113,0
9103,10.468912,0
9104,0.000284,1
9105,10.579295,1
9106,0.000213,1
9107,10.352841,1
9108,9.520418,0
9109,0.000252,1
9110,12.432312,1
9111,0.000164,1
9112,8.996826,1
9113,3.3e-05,1
9114,7.36739,0
9115,10.968848,0
9116,10.689933,1
9117,11.00629,1
9118,11.550011,1
9119,0.000166,1
9120,10.512115,1
9121,9.286463,0
9122,12.424692,0
9123,0.000157,0
9124,0.000207,1
9125,11.554072,1
9126,0.000257,1
9127,0.000149,1
9128,0.000513,1
9129,10.072385,1
9130,11.178728,1
9131,6e-05,0
9132,8.055916,1
9133,10.751964,0
9134,0.000573,1
9135,3e-05,1
9136,9.584316,1
9137,12.055971,1
9138,8.8e-05,1
9139,9.030329,0
9140,10.188,0
9141,7.802334,0
9142,11.165442,1
9143,11.906666,0
9144,11.428138,1
9145,9.562667,0
9146,0.000126,0
9147,0.000108,1
9148,11.615686,1
9149,10.249432,1
9150,8.956779,1
9151,0.000168,0
9152,0.000332,1
9153,3e-05,0
9154,0.000446,1
9155,8.8e-05,1
9156,11.76298,1
9157,8.849735,1
9158,0.000172,1
9159,11.576097,1
9160,11.235415,1
9161,10.213351,0
9162,0.000486,1
9163,10.592724,1
9164,9.670292,1
9165,3.2e-05,1
9166,9.699929,1
9167,11.868778,0
9168,10.123411,1
9169,11.034678,1
9170,3.7e-05,1
9171,3.5e-05,1
9172,10.78137,1
9173,8.462186,1
9174,8.441653,1
9175,9.960394,1
9176,8.412868,0
9177,12.516807,1
9178,10.130312,1
9179,5.3e-05,0
9180,9.840322,1
9181,10.268377,0
9182,9e-05,0
9183,11.15809,1
9184,13.837897,0
9185,6.7e-05,1
9186,0.000565,1
9187,0.000556,1
9188,9.367671,0
9189,8.822678,0
9190,10.04786,1
9191,10.207532,1
9192,0.000314,1
9193,11.479912,0
9194,6.99146,0
9195,0.00015,1
9196,12.797999,0
9197,11.016609,1
9198,0.00016,1
9199,4.7e-05,0
9200,10.424626,1
9201,8.226037,1
9202,9.484176,1
9203,9.3672,1
9204,7.669514,1
9205,11.138206,1
9206,0.000359,0
9207,9.491822,0
9208,0.000343,1
9209,10.964276,1
9210,12.119014,0
9211,13.096512,1
9212,0.000295,1
9213,0.000186,0
9214,12.706333,0
9215,0.000105,1
9216,11.080043,1
9217,0.000358,0
9218,0.000331,1
9219,0.000162,0
9220,11.537144,1
9221,11.012301,0
9222,8.705853,0
9223,5.5e-05,0
9224,11.325191,1
9225,12.113855,1
9226,12.507716,0
9227,12.048302,1
9228,10.955197,1
9229,10.600705,0
9230,9.878793,1
9231,10.902571,0
9232,10.917927,1
9233,0.00032,1
9234,0.000776,1
9235,0.000282,1
9236,7.601262,1
9237,11.84714,1
9238,0.000102,0
9239,0.000129,0
9240,10.905051,0
9241,12.656184,1
9242,0.000712,1
9243,0.000339,1
9244,0.000131,1
9245,0.000237,1
9246,0.000219,0
9247,10.438641,1
9248,10.01828,1
9249,0.000305,1
9250,7.2e-05,1
9251,12.112317,0
9252,0.000154,0
9253,7.499824,0
9254,10.395868,1
9255,12.204901,0
9256,4.9e-05,1
9257,0.00015,0
9258,12.315036,1
9259,10.287516,0
9260,0.000131,0
9261,13.65112,0
9262,11.387231,1
9263,11.40878,1
9264,0.000179,0
9265,0.000121,1
9266,9.572665,0
9267,6e-05,1
9268,10.060358,0
9269,0.000409,1
9270,12.905409,0
9271,12.126316,0
9272,7.395967,0
9273,5.2e-05,0
9274,0.000232,1
9275,0.000105,1
9276,11.266714,1
9277,8.23253,0
9278,11.089926,1
9279,10.834661,1
9280,9e-05,1
9281,9.931779,1
9282,7.523962,1
9283,6e-05,1
9284,0.000207,1
9285,11.141339,1
9286,10.247606,1
9287,8.713696,1
9288,0.000633,0
9289,10.098272,1
9290,7.4e-05,0
9291,0.00026,1
9292,3.6e-05,1
9293,8.803557,1
9294,0.000309,1
9295,9.477646,0
9296,7.137285,1
9297,0.000113,1
9298,13.101796,1
9299,10.382108,1
9300,14.854755,1
9301,9.783455,0
9302,0.000123,1
9303,11.029385,1
9304,7.041863,1
9305,10.781697,0
9306,9.527122,1
9307,12.131594,0
9308,10.021588,1
9309,7.457248,0
9310,0.000332,1
9311,10.444393,1
9312,0.000215,1
9313,0.000109,1
9314,12.504457,1
9315,0.000352,1
9316,13.212899,0
9317,8.3e-05,1
9318,11.175535,1
9319,8.301073,1
9320,0.00014,1
9321,10.517564,0
9322,9.195492,1
9323,0.000121,1
9324,0.000163,0
9325,9.55719,0
9326,0.000438,1
9327,10.635285,1
9328,11.6668,1
9329,4.8e-05,0
9330,10.872089,0
9331,8.3e-05,1
9332,11.837019,0
9333,10.942442,0
9334,9.22457,1
9335,9.22802,1
9336,0.000121,0
9337,11.700428,1
9338,8.906503,1
9339,0.001444,1
9340,0.000142,1
9341,10.976736,1
9342,0.00014,1
9343,0.000218,1
9344,11.531218,1
9345,13.21364,0
9346,11.835149,0
9347,8.858587,0
9348,0.000118,1
9349,6.8e-05,0
9350,7.278279,0
9351,0.000108,1
9352,9.804379,1
9353,9.202089,0
9354,11.374227,1
9355,0.000173,1
9356,0.000124,1
9357,0.000353,1
9358,12.819027,0
9359,11.907252,1
9360,0.000526,1
9361,9.422177,1
9362,10.657358,1
9363,0.000424,1
9364,9.666577,1
9365,8.471934,1
9366,0.000239,1
9367,13.110379,0
9368,10.590413,1
9369,9.790349,0
9370,0.000224,1
9371,11.179973,1
9372,0.000182,1
9373,11.335347,0
9374,0.000136,0
9375,0.000146,1
9376,8.9e-05,1
9377,10.185936,1
9378,0.000101,0
9379,0.000328,1
9380,7.985473,0
9381,11.043505,1
9382,10.29486,1
9383,10.654761,0
9384,8.930933,0
9385,0.000152,1
9386,11.793838,1
9387,8.460116,1
9388,12.53538,0
9389,0.000404,1
9390,11.193873,0
9391,0.000132,1
9392,10.729475,0
9393,11.543143,1
9394,8.793993,1
9395,0.000128,0
9396,0.000124,1
9397,5.7e-05,0
9398,10.831121,1
9399,11.08474,1
9400,6.5e-05,1
9401,9.72359,1
9402,5.1e-05,0
9403,0.000173,0
9404,11.380318,1
9405,11.728754,1
9406,9.6e-05,1
9407,5.8e-05,1
9408,0.000145,1
9409,8.283677,1
9410,0.000356,0
9411,0.000113,1
9412,0.000149,1
9413,10.665456,1
9414,11.588917,1
9415,0.000196,1
9416,0.000472,1
9417,0.000643,1
9418,6.1e-05,0
9419,7.355559,0
9420,0.000513,1
9421,0.000242,0
9422,8.61723,0
9423,0.000237,0
9424,10.853088,1
9425,9.316323,0
9426,8.904399,0
9427,7.88057,0
9428,9.877604,1
9429,13.763425,0
9430,8.9e-05,1
9431,10.948909,0
9432,9.235082,1
9433,0.000375,1
9434,9.331315,1
9435,10.948103,1
9436,10.303517,0
9437,0.000185,1
9438,9.678682,1
9439,0.000118,1
9440,7.352161,1
9441,4.4e-05,1
9442,10.039841,0
9443,8.4e-05,1
9444,7.524255,1
9445,0.000113,1
9446,6.9e-05,0
9447,10.839669,0
9448,5.2e-05,1
9449,0.000185,0
9450,0.001028,1
9451,11.69217,0
9452,7.291604,0
9453,11.049428,0
9454,0.000513,1
9455,0.000554,1
9456,12.26369,1
9457,8.1e-05,1
9458,0.000232,1
9459,9.823362,1
9460,5.5e-05,1
9461,9.282738,0
9462,14.207588,0
9463,10.204514,1
9464,12.375969,0
9465,8.208756,0
9466,11.766797,0
9467,11.803162,1
9468,9.060111,1
9469,4.8e-05,0
9470,8.622095,1
9471,10.617333,1
9472,11.215751,1
9473,11.140972,1
9474,8.152343,1
9475,7.6e-05,1
9476,11.044113,0
9477,0.000209,1
9478,11.122156,0
9479,9.128617,1
9480,6.3e-05,1
9481,12.288056,1
9482,0.000141,1
9483,9.513195,1
9484,4.9e-05,1
9485,4.6e-05,1
9486,11.432503,1
9487,8e-05,0
9488,10.206955,0
9489,0.000204,1
9490,8.30377,0
9491,12.466013,0
9492,9.347132,1
9493,7.526279,0
9494,9.4e-05,0
9495,0.000128,1
9496,11.54661,1
9497,11.745842,1
9498,12.438834,1
9499,9.366275,1
9500,8.120527,1
9501,10.563281,1
9502,12.161414,1
9503,10.020429,0
9504,9.905237,1
9505,0.000489,1
9506,13.073495,1
9507,10.058304,1
9508,10.475395,1
9509,10.825045,0
9510,9.3e-05,0
9511,0.000242,1
9512,9e-05,1
9513,10.684353,0
9514,7.810265,1
9515,0.000288,1
9516,9.758648,0
9517,12.47018,0
9518,0.000129,1
9519,9.620976,0
9520,0.000207,1
9521,9.622942,0
9522,0.000809,1
9523,10.794909,0
9524,11.176223,0
9525,9.526222,0
9526,5e-05,1
9527,6.90883,1
9528,12.071417,0
9529,0.000643,1
9530,0.000367,1
9531,12.531477,1
9532,6.7e-05,1
9533,13.169746,1
9534,0.000443,1
9535,10.854951,1
9536,10.359332,1
9537,0.000771,1
9538,12.243377,1
9539,10.824083,0
9540,8.92302,0
9541,0.000153,1
9542,0.000301,1
9543,8.887717,0
9544,5.9e-05,0
9545,0.000205,1
9546,0.000736,1
9547,0.000228,1
9548,9.685431,1
9549,10.379866,1
9550,10.918368,1
9551,10.66614,0
9552,0.000127,1
9553,0.000154,1
9554,12.019039,1
9555,8.867124,0
9556,12.535946,0
9557,0.000193,1
9558,10.575358,1
9559,9.94115,1
9560,0.000113,1
9561,0.000104,1
9562,0.000295,1
9563,10.882795,1
9564,0.000276,1
9565,0.000247,1
9566,0.001014,1
9567,9.720493,0
9568,9.410795,0
9569,10.011862,1
9570,8.942807,1
9571,0.000314,1
9572,10.916144,1
9573,10.648596,1
9574,8.542559,0
9575,8.569789,1
9576,12.406174,1
9577,10.210628,0
9578,0.000171,0
9579,0.000128,1
9580,11.225054,0
9581,11.67312,0
9582,7.1e-05,1
9583,7.506193,0
9584,6.6e-05,1
9585,11.332881,1
9586,10.361448,1
9587,0.00015,1
9588,10.988585,1
9589,9.313985,0
9590,10.771661,0
9591,10.763165,0
9592,7.5653,1
9593,9.827574,0
9594,7.710586,0
9595,8.6e-05,1
9596,8.6e-05,1
9597,8.40286,1
9598,10.550369,1
9599,9.009887,1
9600,0.000116,1
9601,13.848302,1
9602,10.170834,1
9603,0.000767,1
9604,0.000126,1
9605,0.000489,1
9606,10.290235,1
9607,0.000622,1
9608,9.393126,1
9609,0.000316,1
9610,10.48245,1
9611,10.309191,1
9612,8.844002,1
9613,9.322991,0
9614,9.264647,0
9615,0.000228,0
9616,7.924497,1
9617,10.033137,1
9618,8e-05,1
9619,13.286904,0
9620,11.516899,0
9621,0.000237,1
9622,9.875865,0
9623,0.000467,1
9624,0.000697,1
9625,10.999283,1
9626,0.001829,1
9627,8.593077,1
9628,0.000161,1
9629,8.448418,1
9630,9.772656,0
9631,7.610046,0
9632,9.559052,0
9633,2.9e-05,1
9634,0.000198,1
9635,12.568406,0
9636,0.000456,1
9637,10.344724,1
9638,11.26552,1
9639,9.466346,0
9640,9.073101,1
9641,11.020339,1
9642,7.294559,1
9643,12.649431,0
9644,7.7e-05,0
9645,7.178758,1
9646,4.8e-05,1
9647,10.858425,1
9648,0.000154,1
9649,10.647393,1
9650,8.781794,1
9651,11.049743,1
9652,0.000288,1
9653,7.434719,0
9654,7.592497,1
9655,13.018288,1
9656,9.629073,1
9657,8.364964,0
9658,9.426502,1
9659,0.00014,1
9660,9.517192,0
9661,8.429015,0
9662,10.704205,0
9663,0.001182,1
9664,0.000166,1
9665,5.4e-05,1
9666,12.976423,1
9667,7.5e-05,0
9668,11.741715,0
9669,11.818545,1
9670,10.19999,1
9671,8.662994,1
9672,11.72005,1
9673,0.000257,0
9674,5.6e-05,1
9675,8.777422,1
9676,7.2e-05,0
9677,0.000262,1
9678,10.041024,0
9679,11.456533,0
9680,10.367742,0
9681,3.6e-05,0
9682,5.7e-05,1
9683,11.319912,1
9684,11.016728,1
9685,0.000845,1
9686,0.000151,1
9687,0.000119,1
9688,9.781303,0
9689,0.000206,1
9690,9.761013,1
9691,0.000664,1
9692,0.000116,1
9693,0.00014,1
9694,8.901556,1
9695,11.543417,1
9696,0.000233,1
9697,0.000229,0
9698,12.706293,0
9699,10.335496,0
9700,10.754273,1
9701,10.622779,0
9702,9.3e-05,0
9703,9.266873,1
9704,11.353601,1
9705,11.457415,0
9706,10.217987,0
9707,0.000129,1
9708,10.83,0
9709,0.00025,1
9710,7.382727,0
9711,7.124861,1
9712,9.977593,1
9713,9.903155,0
9714,12.043267,1
9715,0.000491,1
9716,10.376811,0
9717,0.000268,1
9718,10.599044,1
9719,7.8e-05,1
9720,0.00042,1
9721,0.000203,1
9722,11.365069,1
9723,10.720271,1
9724,3.6e-05,1
9725,9.202643,0
9726,11.327119,0
9727,11.004423,1
9728,9.000037,0
9729,8.946199,1
9730,9.859373,1
9731,12.304075,0
9732,0.000393,1
9733,0.000266,1
9734,0.000141,1
9735,0.000349,1
9736,12.014598,0
9737,0.000198,1
9738,10.096994,0
9739,2.3e-05,1
9740,0.000122,1
9741,11.233522,0
9742,2.9e-05,0
9743,10.622367,1
9744,0.000155,1
9745,8.2e-05,0
9746,0.000278,1
9747,0.000187,1
9748,10.108811,1
9749,8.413822,0
9750,12.568299,1
9751,0.000282,1
9752,6.779552,0
9753,10.194195,1
9754,0.000386,1
9755,0.000174,1
9756,10.095966,0
9757,9.167793,1
9758,12.495055,0
9759,11.249834,1
9760,10.811222,0
9761,10.016863,1
9762,11.49241,1
9763,9.604594,1
9764,6.686728,1
9765,9.643008,1
9766,10.978693,1
9767,7.857756,1
9768,9.58268,0
9769,10.187271,1
9770,9.513212,1
9771,0.00131,1
9772,11.864349,0
9773,3.7e-05,1
9774,9.912361,0
9775,9.391599,1
9776,10.81706,1
9777,9.291147,1
9778,3e-05,1
9779,0.000235,1
9780,7.920448,1
9781,12.268542,0
9782,7.348239,0
9783,0.000182,0
9784,9.414397,1
9785,9.057267,0
9786,11.070657,1
9787,0.000207,0
9788,0.00012,1
9789,0.000199,1
9790,9.327945,1
9791,4.9e-05,0
9792,10.210303,0
9793,11.08672,0
9794,12.494983,0
9795,0.000202,1
9796,0.00029,1
9797,11.068423,1
9798,10.529783,1
9799,11.526851,1
9800,11.607512,0
9801,9.859813,0
9802,9.863013,1
9803,7.1e-05,1
9804,8.9e-05,0
9805,9.505187,1
9806,11.544042,0
9807,0.000284,1
9808,7.6e-05,1
9809,7.98236,1
9810,0.00185,1
9811,10.902588,1
9812,7.990381,1
9813,0.000198,1
9814,0.000201,1
9815,10.78987,0
9816,0.000129,0
9817,10.823323,1
9818,0.000184,1
9819,9.742826,0
9820,9.736873,1
9821,0.000378,1
9822,0.000109,1
9823,0.00031,1
9824,10.964787,1
9825,0.000172,1
9826,12.430363,0
9827,10.887598,0
9828,11.163476,1
9829,10.366199,0
9830,9.913509,0
9831,10.006975,0
9832,0.000453,1
9833,11.103749,0
9834,0.000115,1
9835,7.3e-05,1
9836,10.12596,0
9837,10.762823,0
9838,11.226818,1
9839,0.000276,1
9840,0.00025,1
9841,0.000262,1
9842,0.000182,0
9843,11.09833,1
9844,5.3e-05,1
9845,8.180949,0
9846,10.219,1
9847,8.3e-05,1
9848,6.5e-05,1
9849,0.000177,0
9850,0.000237,1
9851,8.208893,1
9852,7.4e-05,1
9853,0.00031,0
9854,0.000304,1
9855,0.000544,1
9856,10.553255,1
9857,0.00033,1
9858,12.432351,0
9859,10.598747,1
9860,10.589284,1
9861,10.917612,1
9862,10.22263,0
9863,10.992529,0
9864,9.1272,1
9865,11.102974,0
9866,10.755182,0
9867,7.6e-05,1
9868,10.953159,1
9869,10.155116,1
9870,0.00014,1
9871,8.846937,0
9872,0.000163,1
9873,11.328331,0
9874,10.185871,1
9875,11.876467,0
9876,0.000173,0
9877,8.7e-05,1
9878,10.39315,0
9879,11.357343,0
9880,0.000107,0
9881,7.453575,0
9882,0.000309,1
9883,0.000132,0
9884,9.148493,0
9885,10.330104,1
9886,0.000136,1
9887,0.00027,1
9888,12.316576,1
9889,11.025172,1
9890,11.777164,1
9891,0.000275,0
9892,8.563736,1
9893,0.000124,1
9894,0.000282,1
9895,11.627149,1
9896,10.642689,0
9897,9.831393,1
9898,0.000188,1
9899,12.192547,1
9900,14.245604,0
9901,7.028002,0
9902,9.765431,1
9903,7.913793,1
9904,9.009257,0
9905,12.088347,0
9906,0.000726,1
9907,9e-05,0
9908,11.230145,1
9909,7.642709,1
9910,9.85374,1
9911,4.8e-05,1
9912,0.000175,1
9913,2.8e-05,1
9914,9.584785,1
9915,11.714695,0
9916,11.060845,0
9917,9.989944,0
9918,0.00023,1
9919,10.37152,1
9920,0.000136,1
9921,11.75017,0
9922,9.687992,1
9923,9.616076,0
9924,7.968894,0
9925,11.503737,0
9926,7.632608,1
9927,0.000133,1
9928,11.862862,1
9929,0.000224,1
9930,4e-05,1
9931,6.9e-05,1
9932,9.197112,0
9933,0.00017,1
9934,11.80716,0
9935,0.000123,1
9936,10.210781,0
9937,9.755495,0
9938,10.620105,1
9939,0.000172,1
9940,12.195146,0
9941,9.843179,1
9942,4.9e-05,0
9943,0.00023,1
9944,10.074111,1
9945,4e-05,1
9946,0.000159,1
9947,7.666654,1
9948,9.9e-05,1
9949,0.000378,1
9950,12.240026,1
9951,0.000155,1
9952,9.322488,0
9953,0.000715,1
9954,8.895107,0
9955,12.285842,0
9956,0.00018,1
9957,10.298972,1
9958,0.000109,1
9959,9.9e-05,1
9960,0.000247,1
9961,0.000142,1
9962,0.00066,0
9963,0.000136,0
9964,1.7e-05,0
9965,0.000128,1
9966,0.00024,1
9967,11.986419,0
9968,10.371028,0
9969,8.831983,0
9970,11.892959,0
9971,11.050018,1
9972,9.96347,0
9973,11.450537,1
9974,9.754552,0
9975,12.184077,0
9976,0.000421,0
9977,9.556981,1
9978,0.00047,1
9979,0.000165,0
9980,0.001312,1
9981,10.678671,0
9982,11.046584,0
9983,11.778387,1
9984,0.000374,1
9985,0.000198,1
9986,8.5e-05,1
9987,0.000415,1
9988,4.3e-05,1
9989,4.9e-05,0
9990,0.000175,1
9991,0.000198,0
9992,9.520502,1
9993,6.940061,0
9994,10.044949,0
9995,11.722169,0
9996,8.8e-05,1
9997,0.000216,1
9998,11.536429,1
9999,8.764275,0
10000,11.340072,1
10001,11.055528,1
10002,11.593067,1
10003,0.000157,0
10004,8.124583,1
10005,8.92717,0
10006,10.345177,0
10007,10.685531,1
10008,7.689906,0
10009,9.839836,1
10010,9.792579,1
10011,8.5e-05,0
10012,10.454294,1
10013,0.001042,1
10014,0.000154,1
10015,0.00023,1
10016,0.000226,1
10017,9.629809,1
10018,8.810818,0
10019,9.410128,0
10020,12.545856,1
10021,12.33259,0
10022,0.000203,0
10023,5.6e-05,1
10024,12.401489,0
10025,8.8e-05,0
10026,8.121651,1
10027,9.487334,0
10028,13.596889,0
10029,11.346763,0
10030,0.000187,0
10031,0.001172,1
10032,10.437254,0
10033,5.9e-05,1
10034,12.589909,0
10035,12.204297,1
10036,12.589635,0
10037,0.00068,1
10038,9.63632,1
10039,7.338418,0
10040,11.343487,0
10041,12.613494,1
10042,11.43568,0
10043,8.418112,1
10044,13.778093,0
10045,0.000107,1
10046,0.000241,1
10047,12.36652,0
10048,8.851368,0
10049,8.265713,1
10050,10.19182,1
10051,10.030648,0
10052,8.03364,1
10053,0.000491,1
10054,5.3e-05,1
10055,8.943952,0
10056,0.000674,1
10057,7.158131,0
10058,0.000135,1
10059,0.000411,1
10060,10.777725,0
10061,0.000451,1
10062,9.891628,0
10063,11.762369,0
10064,0.000113,1
10065,11.351637,0
10066,10.185503,1
10067,9.73658,1
10068,10.719759,0
10069,9.588031,1
10070,9e-05,1
10071,0.000617,1
10072,0.000112,1
10073,13.579304,1
10074,8.857645,1
10075,9.085004,1
10076,5.1e-05,1
10077,11.204779,0
10078,0.000253,0
10079,7.848907,1
10080,10.690269,0
10081,0.000996,1
10082,0.000186,1
10083,11.202039,0
10084,9.4e-05,1
10085,11.111347,1
10086,0.000229,1
10087,13.026107,0
10088,10.058507,0
10089,11.264764,0
10090,0.000211,1
10091,0.000583,1
10092,9.872214,0
10093,0.000261,1
10094,10.709394,1
10095,0.000437,1
10096,10.538439,0
10097,11.058802,1
10098,8.94841,1
10099,0.00023,1
10100,11.402891,0
10101,0.000512,1
10102,10.171061,0
10103,10.502906,1
10104,5.6e-05,1
10105,5.4e-05,0
10106,8.853952,1
10107,9e-05,1
10108,11.476632,0
10109,7.5e-05,0
10110,11.118489,0
10111,0.000266,1
10112,8.2e-05,1
10113,0.000196,0
10114,11.362615,0
10115,10.654126,0
10116,10.620603,1
10117,12.568078,0
10118,11.430883,1
10119,0.000167,1
10120,0.000191,1
10121,0.000619,1
10122,0.000374,1
10123,12.340445,0
10124,0.000273,1
10125,0.000159,1
10126,0.000349,1
10127,6.8e-05,1
10128,9.051406,1
10129,9.906909,1
10130,9.186325,1
10131,0.000441,1
10132,12.279172,1
10133,0.000257,1
10134,9.586005,0
10135,9.533835,1
10136,0.0006,1
10137,10.188704,1
10138,0.00012,1
10139,10.592189,1
10140,0.000246,1
10141,6.4e-05,1
10142,0.000178,1
10143,9.690632,1
10144,8.8e-05,1
10145,0.000224,1
10146,9.172632,1
10147,0.000382,1
10148,6.9e-05,0
10149,11.504311,0
10150,12.906051,1
10151,7.534363,0
10152,0.000179,1
10153,15.021856,1
10154,11.567816,0
10155,0.000264,1
10156,11.70701,1
10157,0.000167,1
10158,10.93322,1
10159,11.186494,0
10160,6.859051,0
10161,0.000171,1
10162,11.404888,0
10163,6.8e-05,1
10164,0.000117,1
10165,12.582565,0
10166,9.1e-05,1
10167,8.376702,1
10168,9.981474,1
10169,11.201365,0
10170,0.000155,1
10171,0.000527,1
10172,9.708682,1
10173,0.000145,1
10174,8.535604,1
10175,10.138683,1
10176,4.5e-05,1
10177,7.400998,0
10178,8.658347,0
10179,12.228959,0
10180,0.000373,1
10181,7.9e-05,1
10182,11.464886,0
10183,0.00012,1
10184,6.974516,0
10185,11.97098,1
10186,12.352542,0
10187,10.361007,0
10188,0.000221,1
10189,5.9e-05,0
10190,10.886968,0
10191,13.329072,0
10192,0.000142,1
10193,10.453326,0
10194,0.000138,1
10195,12.550686,1
10196,8.471171,0
10197,0.000285,0
10198,11.682722,0
10199,0.000157,1
10200,0.000149,1
10201,8.179497,1
10202,0.000127,1
10203,10.100577,0
10204,13.901045,1
10205,9.924903,1
10206,8.939717,1
10207,7.9e-05,0
10208,0.00033,1
10209,9.071213,1
10210,7.300531,1
10211,7.854846,1
10212,7.7e-05,0
10213,10.85797,1
10214,9.150521,0
10215,10.102906,1
10216,0.000189,1
10217,7.757803,1
10218,9.8e-05,1
10219,0.001202,1
10220,11.023994,1
10221,8.40132,0
10222,9.895951,1
10223,0.000204,1
10224,11.551943,1
10225,11.193978,0
10226,7.6e-05,1
10227,12.654784,0
10228,9.853395,1
10229,10.422465,1
10230,7.440957,0
10231,11.17312,1
10232,9.873725,0
10233,0.00012,1
10234,10.847001,1
10235,0.00025,1
10236,9.724275,1
10237,10.677931,1
10238,11.822142,0
10239,11.44791,0
10240,0.000113,1
10241,0.000144,0
10242,7.59933,0
10243,11.045031,1
10244,9.620399,0
10245,10.874295,1
10246,8.73488,1
10247,0.000108,0
10248,11.253725,0
10249,11.68688,1
10250,0.000203,1
10251,10.79016,0
10252,0.000116,1
10253,10.548265,1
10254,0.000164,0
10255,12.726108,0
10256,0.000353,1
10257,10.032514,1
10258,8.1e-05,1
10259,11.096495,1
10260,9.113643,1
10261,10.134417,1
10262,8.2e-05,0
10263,11.774708,0
10264,0.00013,1
10265,11.004755,0
10266,0.000209,1
10267,10.972495,0
10268,9.9e-05,1
10269,0.000222,1
10270,0.000166,1
10271,10.199374,0
10272,0.001121,1
10273,2.4e-05,0
10274,10.209011,1
10275,9.636819,1
10276,0.000152,1
10277,0.00046,0
10278,0.000102,1
10279,0.000219,1
10280,8.168518,0
10281,9.117159,0
10282,12.037954,1
10283,8.154083,1
10284,0.000158,1
10285,11.669147,1
10286,11.306637,0
10287,9.501419,0
10288,7.344543,0
10289,9.866756,0
10290,0.000395,1
10291,0.000161,1
10292,0.000231,1
10293,0.000199,1
10294,10.487679,0
10295,12.346384,0
10296,0.000187,1
10297,10.980901,0
10298,10.796732,0
10299,0.000366,1
10300,10.365999,1
10301,0.000162,1
10302,9.995451,0
10303,0.000188,1
10304,11.146241,0
10305,3.8e-05,1
10306,0.000274,1
10307,7.352901,0
10308,0.000267,0
10309,12.709464,0
10310,0.000348,0
10311,10.725544,1
10312,10.399078,0
10313,7.330256,0
10314,0.000318,1
10315,8.576347,1
10316,8.856113,0
10317,0.000174,1
10318,8.305975,0
10319,0.000168,0
10320,0.0006,1
10321,12.445538,1
10322,0.000126,0
10323,0.000561,1
10324,7.431282,0
10325,9.563307,1
10326,11.307756,0
10327,0.000155,1
10328,12.178629,1
10329,9.277386,0
10330,9.273027,1
10331,0.000143,0
10332,11.171454,1
10333,10.77577,0
10334,13.033511,0
10335,10.852626,1
10336,5.1e-05,1
10337,0.000385,1
10338,4.6e-05,1
10339,12.509647,0
10340,10.749814,0
10341,9.294227,0
10342,9.231642,1
10343,7.485125,0
10344,11.341716,0
10345,10.620828,1
10346,3.1e-05,1
10347,5.9e-05,0
10348,10.007852,1
10349,8.900809,1
10350,10.251294,1
10351,0.0001,1
10352,11.869744,1
10353,0.000145,1
10354,10.11908,1
10355,9.88756,0
10356,7.59833,0
10357,8.19813,0
10358,0.000236,1
10359,10.366278,1
10360,7.8e-05,0
10361,0.00046,1
10362,7.369538,1
10363,11.051885,1
10364,0.000151,1
10365,0.000123,1
10366,0.000113,1
10367,13.23341,0
10368,9.437995,0
10369,0.000189,1
10370,5.9e-05,1
10371,0.000601,1
10372,0.000108,1
10373,0.000105,1
10374,9.287346,0
10375,7.443153,0
10376,12.683179,1
10377,0.000232,0
10378,9.510822,1
10379,0.000119,1
10380,0.000138,1
10381,11.776812,0
10382,0.000165,0
10383,11.611073,1
10384,12.08084,1
10385,0.00015,1
10386,8.679893,1
10387,0.000407,0
10388,0.000143,1
10389,10.82773,1
10390,0.000117,1
10391,12.134173,1
10392,10.899403,1
10393,9.550775,1
10394,0.000869,1
10395,9.843874,1
10396,9.51011,1
10397,0.000129,1
10398,0.00055,1
10399,0.000138,1
10400,9.38238,1
10401,9.382467,1
10402,8.778635,1
10403,12.236403,1
10404,11.163008,0
10405,0.000125,1
10406,10.728855,0
10407,9.844361,1
10408,4.7e-05,1
10409,11.072106,1
10410,9.5085,1
10411,9.248887,1
10412,0.000199,1
10413,10.649707,1
10414,11.932458,1
10415,9.701749,1
10416,12.140621,0
10417,0.000123,1
10418,7.530892,0
10419,7.541615,1
10420,5.3e-05,0
10421,9.589949,1
10422,0.00046,1
10423,0.000575,1
10424,3.1e-05,1
10425,12.200821,1
10426,8.9e-05,1
10427,5.8e-05,0
10428,1.8e-05,1
10429,10.18317,1
10430,9.514294,1
10431,0.000212,1
10432,8.3e-05,1
10433,10.853687,0
10434,0.000202,1
10435,2.3e-05,0
10436,12.037627,1
10437,10.317046,0
10438,9.683375,1
10439,9.193235,1
10440,13.574436,0
10441,0.000107,1
10442,0.000316,1
10443,11.079071,0
10444,0.000356,1
10445,0.00016,1
10446,9.8e-05,1
10447,0.000356,1
10448,14.812825,1
10449,10.937571,1
10450,10.884173,0
10451,0.000327,1
10452,0.000326,1
10453,9.759496,1
10454,9.833559,0
10455,10.471609,0
10456,9.204709,0
10457,0.000108,1
10458,6.8e-05,1
10459,8.663167,0
10460,9.908579,0
10461,10.752888,0
10462,10.700768,1
10463,0.000301,1
10464,0.00051,0
10465,5.5e-05,0
10466,8e-05,1
10467,10.542955,0
10468,12.678107,0
10469,11.087184,1
10470,0.000224,1
10471,13.098346,0
10472,0.000207,1
10473,7.7e-05,1
10474,7.7e-05,1
10475,9.924772,1
10476,8.421177,0
10477,0.000124,0
10478,7.366892,0
10479,12.759643,1
10480,10.822679,0
10481,0.000135,1
10482,0.000201,1
10483,10.672793,1
10484,0.001007,0
10485,10.737524,0
10486,4.6e-05,1
10487,11.007198,1
10488,9.604811,1
10489,12.924354,1
10490,10.578615,1
10491,8.967957,1
10492,7.244546,0
10493,0.000839,1
10494,9.283917,0
10495,0.000217,1
10496,8.763847,1
10497,0.000294,1
10498,7.281482,1
10499,9.6e-05,1
10500,0.000184,1
10501,9.542404,1
10502,0.000121,1
10503,7.477082,0
10504,0.000104,0
10505,11.821853,1
10506,8.3e-05,1
10507,9.9e-05,1
10508,11.212687,0
10509,11.998308,1
10510,0.000252,0
10511,0.000213,0
10512,10.534119,1
10513,9.7e-05,1
10514,14.328292,1
10515,7.324899,1
10516,11.065587,0
10517,0.000149,1
10518,11.140707,0
10519,9.451166,1
10520,11.825391,1
10521,8.706328,1
10522,10.434824,1
10523,11.732862,0
10524,0.000166,1
10525,0.00028,1
10526,9.1e-05,1
10527,11.342878,0
10528,10.918828,1
10529,0.000108,0
10530,7.895898,1
10531,5.3e-05,0
10532,0.000131,1
10533,13.708112,0
10534,0.000116,1
10535,0.000815,1
10536,0.000142,0
10537,10.449583,1
10538,6.2e-05,1
10539,0.000151,1
10540,8.803068,0
10541,8.950167,0
10542,0.002935,0
10543,8.421797,0
10544,10.89999,1
10545,4.5e-05,0
10546,7.8e-05,1
10547,0.000425,1
10548,0.000126,1
10549,9.907051,1
10550,0.000499,0
10551,11.384093,0
10552,0.000188,1
10553,11.851921,1
10554,3.6e-05,0
10555,11.290363,1
10556,9.718022,0
10557,8.713377,0
10558,4.1e-05,0
10559,11.773578,0
10560,12.064303,0
10561,10.813662,0
10562,0.000119,1
10563,0.000108,1
10564,0.00016,0
10565,3.3e-05,0
10566,10.361943,0
10567,12.263609,1
10568,0.000121,1
10569,11.226936,1
10570,0.000122,0
10571,10.723095,0
10572,3.8e-05,1
10573,0.000209,1
10574,10.024242,0
10575,0.000112,1
10576,0.000332,1
10577,7.641203,1
10578,10.740606,1
10579,6.886769,1
10580,11.389481,0
10581,11.086868,0
10582,0.000303,1
10583,9.2e-05,0
10584,10.924003,1
10585,0.000113,1
10586,0.000103,1
10587,11.828959,1
10588,11.050148,0
10589,8.969787,1
10590,11.2995,1
10591,7.98204,1
10592,9.780775,0
10593,9.497795,1
10594,10.489324,1
10595,13.177902,1
10596,10.313258,1
10597,12.99559,1
10598,0.000888,1
10599,10.26682,0
10600,12.108015,0
10601,0.000959,1
10602,10.539598,1
10603,0.000266,1
10604,12.273112,0
10605,9.917665,0
10606,11.828425,1
10607,11.289939,1
10608,10.382724,0
10609,8.770617,0
10610,10.960296,1
10611,4.1e-05,1
10612,10.503071,0
10613,11.085099,1
10614,6.9e-05,0
10615,9.6e-05,1
10616,3.7e-05,0
10617,9.969974,0
10618,12.816268,0
10619,10.47632,1
10620,0.000113,1
10621,8.5e-05,1
10622,11.155418,1
10623,4e-05,0
10624,0.000273,0
10625,9.271333,0
10626,4.6e-05,0
10627,9.851703,1
10628,10.947808,1
10629,0.00031,1
10630,11.09686,1
10631,11.550576,0
10632,9.615537,1
10633,0.000381,1
10634,11.241779,1
10635,10.43189,1
10636,9.297394,1
10637,10.307146,1
10638,10.988936,0
10639,0.00015,0
10640,6.1e-05,1
10641,0.00013,1
10642,11.538383,1
10643,10.114999,0
10644,9.592183,0
10645,5.2e-05,1
10646,8.126235,0
10647,0.000317,1
10648,9.177965,1
10649,10.06951,1
10650,7.3e-05,0
10651,10.499118,1
10652,9.462667,1
10653,0.000107,1
10654,10.470533,1
10655,10.473763,1
10656,0.000211,0
10657,9.1e-05,0
10658,9.086988,0
10659,8.645086,0
10660,10.330493,1
10661,8.750484,1
10662,11.494366,1
10663,10.717932,1
10664,12.485045,0
10665,0.001128,1
10666,14.16074,0
10667,11.138271,1
10668,10.45231,0
10669,11.916044,1
10670,12.975269,0
10671,10.802085,1
10672,8.430659,1
10673,12.959614,0
10674,0.000465,1
10675,7.478139,0
10676,11.749396,0
10677,8.545302,0
10678,9.956601,1
10679,11.416647,1
10680,12.395092,1
10681,12.845762,1
10682,9.685211,0
10683,10.234569,1
10684,9.81863,1
10685,11.656599,1
10686,8.2e-05,1
10687,0.000706,1
10688,8.000375,1
10689,9.631795,1
10690,11.15226,0
10691,9.772995,0
10692,11.754509,1
10693,9.352051,1
10694,7.426732,0
10695,8.7e-05,1
10696,7.457472,0
10697,9.626724,1
10698,10.523293,0
10699,10.921608,1
10700,0.000614,1
10701,0.000275,1
10702,10.814481,1
10703,0.000172,1
10704,10.463614,0
10705,10.688975,0
10706,11.346502,1
10707,14.205611,1
10708,0.000165,0
10709,0.000212,1
10710,8.982989,1
10711,4.2e-05,1
10712,8.614081,1
10713,9.6e-05,1
10714,9.3e-05,0
10715,11.341497,1
10716,13.227379,1
10717,2.1e-05,1
10718,0.000972,1
10719,0.00051,1
10720,7.448272,0
10721,4.5e-05,1
10722,0.00015,1
10723,11.368999,0
10724,11.012797,0
10725,10.703977,1
10726,8.184795,0
10727,11.10925,1
10728,0.000134,1
10729,0.000285,1
10730,7.054208,0
10731,0.000224,0
10732,8.867493,0
10733,10.091953,1
10734,11.370581,1
10735,8.1e-05,1
10736,9.719414,0
10737,0.000155,0
10738,0.000121,1
10739,0.000251,1
10740,12.892367,0
10741,0.000102,0
10742,9.5e-05,1
10743,8.864168,1
10744,0.000855,1
10745,10.892611,0
10746,7.502312,0
10747,0.000275,1
10748,7.1e-05,1
10749,0.000195,1
10750,11.390608,1
10751,0.00017,1
10752,7.8e-05,1
10753,0.000186,1
10754,0.000383,1
10755,9.421654,1
10756,11.459253,0
10757,9.481343,1
10758,6.2e-05,0
10759,10.504858,1
10760,11.609336,1
10761,8.74754,1
10762,0.000229,1
10763,13.377267,1
10764,0.000744,1
10765,0.000425,1
10766,0.000115,1
10767,0.000213,1
10768,0.000141,1
10769,10.910399,0
10770,7.154032,0
10771,9.171812,0
10772,7.9e-05,1
10773,0.00037,1
10774,11.654107,0
10775,8.186306,1
10776,12.249902,0
10777,7.4e-05,1
10778,3.2e-05,1
10779,4.9e-05,1
10780,9.845268,0
10781,12.227951,1
10782,11.746641,1
10783,8.835311,0
10784,9.2e-05,1
10785,9.536972,0
10786,7.618651,1
10787,7.49262,1
10788,0.000423,1
10789,10.401759,0
10790,10.661117,1
10791,0.000406,1
10792,12.102071,1
10793,12.73191,1
10794,9.43703,0
10795,0.000681,1
10796,4.4e-05,1
10797,9.331713,0
10798,0.000558,1
10799,8e-05,1
10800,3e-05,1
10801,11.456896,1
10802,0.000106,0
10803,11.21702,1
10804,9.156355,1
10805,0.000509,1
10806,8.964751,1
10807,0.000277,1
10808,10.052153,1
10809,10.610587,1
10810,10.726053,1
10811,9.9e-05,1
10812,8.662296,0
10813,10.149263,1
10814,12.185469,1
10815,8.669903,1
10816,9.910812,0
10817,8.671098,0
10818,8.020532,0
10819,0.000129,0
10820,10.09685,1
10821,10.995005,1
10822,0.000248,1
10823,0.000932,1
10824,9.047016,1
10825,10.942058,1
10826,7.207101,0
10827,0.000263,1
10828,0.000433,1
10829,11.704663,1
10830,0.000141,1
10831,10.187792,1
10832,0.000227,1
10833,11.045453,1
10834,12.735381,1
10835,9.1e-05,0
10836,6.9e-05,0
10837,9.358326,1
10838,0.000169,1
10839,8.004508,1
10840,9.381148,1
10841,11.670173,0
10842,7e-05,0
10843,12.137985,0
10844,8.797517,0
10845,0.000136,1
10846,4.1e-05,0
10847,5e-05,1
10848,0.000235,1
10849,7.7e-05,1
10850,0.000195,1
10851,9.7e-05,1
10852,0.000173,0
10853,10.956736,1
10854,10.033425,0
10855,12.891808,1
10856,7.3e-05,1
10857,0.00033,1
10858,11.800546,0
10859,4.4e-05,1
10860,0.000187,0
10861,0.000215,1
10862,9.912593,1
10863,7.809151,1
10864,0.000106,1
10865,9.845104,1
10866,0.000614,1
10867,0.000268,1
10868,0.000187,1
10869,0.000265,1
10870,10.991895,0
10871,9.267229,1
10872,0.000466,1
10873,7.984475,1
10874,10.995961,1
10875,0.000127,1
10876,0.000227,1
10877,9.865273,1
10878,11.832899,0
10879,0.000902,0
10880,11.73706,1
10881,9.810868,0
10882,3.4e-05,1
10883,10.608586,0
10884,0.000182,0
10885,0.000124,1
10886,0.000226,1
10887,0.000477,1
10888,11.635448,0
10889,10.232212,0
10890,6.4e-05,0
10891,9.386583,1
10892,8.8e-05,1
10893,0.000278,1
10894,12.310387,0
10895,11.82001,0
10896,8.802114,0
10897,12.156259,0
10898,7.947075,1
10899,0.000393,1
10900,11.284864,1
10901,8.778942,1
10902,4.7e-05,1
10903,0.000225,0
10904,3.7e-05,1
10905,14.66895,0
10906,10.838617,1
10907,10.587813,0
10908,10.887614,0
10909,0.000147,1
10910,7.661431,1
10911,7.24834,0
10912,11.339723,0
10913,10.330953,0
10914,6.5e-05,1
10915,11.944577,0
10916,10.249824,1
10917,0.000262,1
10918,11.193974,0
10919,11.675689,1
10920,10.16349,1
10921,8.119671,0
10922,0.000393,1
10923,13.941274,0
10924,7.9e-05,1
10925,5.4e-05,0
10926,0.000908,1
10927,8.924109,1
10928,0.00017,1
10929,7.537273,0
10930,0.000195,1
10931,11.186303,1
10932,11.848373,1
10933,11.97327,1
10934,0.0007,1
10935,10.500963,1
10936,0.000122,1
10937,12.777038,1
10938,2.8e-05,0
10939,10.954177,1
10940,7.149491,1
10941,10.535029,0
10942,9.310171,1
10943,12.601168,1
10944,9.783888,1
10945,0.000615,1
10946,0.000106,1
10947,0.000323,1
10948,7.2e-05,1
10949,12.465898,1
10950,11.181779,0
10951,11.650862,0
10952,0.000112,1
10953,0.000245,1
10954,0.000169,1
10955,9.1e-05,1
10956,7.852315,0
10957,9.898503,1
10958,9.2e-05,1
10959,12.018316,1
10960,9.422646,0
10961,9.618371,0
10962,10.459795,0
10963,12.977336,1
10964,0.000943,1
10965,9.044095,0
10966,0.000336,1
10967,11.596649,0
10968,0.000124,1
10969,9.598741,1
10970,8.833069,0
10971,0.000666,0
10972,10.196529,0
10973,7.8e-05,1
10974,9.3e-05,1
10975,8.529116,1
10976,14.109327,0
10977,7.137341,0
10978,6.2e-05,0
10979,12.090648,0
10980,11.72719,0
10981,12.654984,1
10982,8.271143,0
10983,12.621434,1
10984,0.000224,1
10985,8.648465,1
10986,9.537141,1
10987,0.00014,1
10988,9.976383,0
10989,10.706458,1
10990,9.841836,1
10991,10.16645,1
10992,0.000148,1
10993,0.000369,1
10994,12.101717,0
10995,5.7e-05,1
10996,7.516467,1
10997,10.711267,1
10998,0.000146,1
10999,0.0002,1
11000,4e-05,0
11001,12.738848,0
11002,9.244395,0
11003,9.70237,0
11004,10.428595,0
11005,0.000593,1
11006,12.136715,0
11007,0.000224,1
11008,11.834535,1
11009,8.808266,1
11010,0.00011,1
11011,0.000124,1
11012,13.173273,0
11013,5.6e-05,1
11014,9.245066,0
11015,7.728404,0
11016,7.3e-05,1
11017,8.776689,1
11018,8.644223,0
11019,0.000177,1
11020,0.000192,1
11021,7.252032,1
11022,0.000529,1
11023,10.869955,1
11024,0.000169,1
11025,0.000276,1
11026,8.743792,0
11027,12.680288,1
11028,8.718092,1
11029,7.284537,0
11030,0.000223,1
11031,9.560718,1
11032,12.167674,0
11033,12.314964,0
11034,6.2e-05,1
11035,10.601864,0
11036,0.00016,1
11037,8.699677,1
11038,11.271876,1
11039,0.000109,1
11040,10.192761,1
11041,0.000195,1
11042,9.1e-05,1
11043,11.216669,1
11044,0.000898,1
11045,10.407408,0
11046,10.975192,1
11047,13.11407,1
11048,10.358527,1
11049,5.8e-05,1
11050,9.8e-05,1
11051,0.000346,1
11052,7.972652,0
11053,7.565325,0
11054,4.6e-05,0
11055,10.189902,0
11056,0.000187,1
11057,14.357573,0
11058,0.000188,1
11059,9.179853,0
11060,0.000271,1
11061,5e-05,1
11062,0.000102,0
11063,0.000156,1
11064,0.000296,1
11065,0.00048,1
11066,9.212598,1
11067,9.1e-05,1
11068,10.491118,1
11069,0.000124,0
11070,10.917363,0
11071,9.839779,1
11072,10.634376,1
11073,0.000251,1
11074,11.426506,0
11075,10.367357,0
11076,9.217624,1
11077,10.924773,0
11078,9.364287,1
11079,0.000528,1
11080,7.707098,0
11081,7.7e-05,1
11082,11.28353,1
11083,8.940222,1
11084,0.000103,0
11085,13.505523,0
11086,8.2e-05,1
11087,0.00079,1
11088,0.000772,1
11089,12.54017,1
11090,11.262642,1
11091,10.447929,1
11092,8.686417,0
11093,10.850388,0
11094,0.000722,1
11095,8.926402,1
11096,8.3e-05,0
11097,9.129694,0
11098,0.000341,0
11099,11.390528,0
11100,11.619748,1
11101,10.38579,0
11102,9.668675,1
11103,0.000215,1
11104,10.185817,1
11105,0.000271,0
11106,7.2e-05,1
11107,0.000441,1
11108,10.414194,0
11109,11.832846,1
11110,9.545889,0
11111,0.000953,0
11112,10.430787,1
11113,11.737934,0
11114,10.408192,0
11115,0.000294,1
11116,9.16865,1
11117,10.191533,0
11118,8.897905,0
11119,0.000141,1
11120,11.652028,1
11121,9.782511,0
11122,10.091665,0
11123,8.262486,1
11124,0.000416,1
11125,8.084779,0
11126,0.00026,1
11127,0.000129,1
11128,11.077855,0
11129,5.2e-05,0
11130,10.224359,1
11131,10.085404,1
11132,0.000163,1
11133,0.0001,1
11134,10.067961,1
11135,9.132968,0
11136,4.9e-05,1
11137,12.384727,0
11138,9.659108,1
11139,6.83346,0
11140,9.83561,0
11141,0.000134,1
11142,9.836337,0
11143,11.065391,1
11144,8.7e-05,0
11145,0.000361,1
11146,11.387523,1
11147,12.141892,1
11148,9.172879,1
11149,12.17221,1
11150,11.336512,0
11151,0.000136,1
11152,11.145026,1
11153,9.290846,0
11154,7.127352,0
11155,10.435498,1
11156,0.000198,1
11157,9.403001,0
11158,0.00061,1
11159,0.000107,1
11160,7.445209,0
11161,10.016764,1
11162,0.000107,1
11163,8.168928,0
11164,0.000647,1
11165,12.438771,0
11166,9.037251,1
11167,8.666616,1
11168,0.000126,1
11169,0.000125,0
11170,10.722273,0
11171,10.818069,0
11172,0.000114,1
11173,9.6e-05,1
11174,4.3e-05,0
11175,9.325755,1
11176,6.920015,0
11177,0.000133,1
11178,8.526052,1
11179,9.836271,1
11180,4.5e-05,1
11181,10.311047,1
11182,11.39032,1
11183,9.886168,0
11184,9.389484,1
11185,10.101163,0
11186,10.366167,0
11187,0.000214,0
11188,11.587933,0
11189,0.000176,0
11190,0.000784,1
11191,5.2e-05,1
11192,9.574463,0
11193,11.235052,1
11194,9.55901,1
11195,0.000846,1
11196,10.370401,1
11197,0.000211,1
11198,7.396305,0
11199,11.569465,1
11200,8.975978,0
11201,0.000281,1
11202,8.271662,1
11203,0.000196,1
11204,12.07669,0
11205,0.000217,0
11206,0.000152,0
11207,8.341948,0
11208,3.7e-05,1
11209,8.8e-05,0
11210,12.183082,0
11211,7.9e-05,1
11212,0.000395,1
11213,9.234174,1
11214,7.005028,0
11215,3.6e-05,0
11216,10.803611,1
11217,8.1e-05,1
11218,9.83889,1
11219,7.342844,0
11220,9.529295,0
11221,11.378874,1
11222,10.543256,1
11223,11.687531,0
11224,9.763554,0
11225,7.7e-05,1
11226,11.363137,1
11227,0.000219,1
11228,0.000107,0
11229,0.000185,1
11230,8.493242,0
11231,8.559413,0
11232,0.000233,1
11233,10.5697,1
11234,11.609373,1
11235,11.320577,1
11236,10.167511,1
11237,10.035896,1
11238,0.00018,1
11239,11.557366,1
11240,0.000257,1
11241,0.000516,1
11242,8.929811,1
11243,11.412097,1
11244,11.47408,1
11245,9.965475,1
11246,8.942934,0
11247,11.341996,0
11248,0.000169,1
11249,6.919651,1
11250,11.603986,0
11251,0.000185,1
11252,11.954615,1
11253,9.2e-05,0
11254,0.000388,1
11255,10.257762,1
11256,0.000158,1
11257,11.146935,1
11258,11.63786,1
11259,0.000284,1
11260,0.000118,1
11261,9.654201,1
11262,9.829702,1
11263,0.000714,1
11264,0.000103,1
11265,0.000313,1
11266,0.000103,1
11267,10.30623,0
11268,8.001156,0
11269,0.000142,1
11270,0.000423,1
11271,6.914774,0
11272,4.1e-05,1
11273,11.757691,0
11274,0.000225,1
11275,10.146224,0
11276,7.484605,1
11277,11.214573,1
11278,10.001554,1
11279,0.00048,1
11280,0.000119,0
11281,4.2e-05,1
11282,9.680458,1
11283,0.000258,1
11284,0.000329,0
11285,0.000331,1
11286,7.564478,0
11287,10.749506,0
11288,10.446772,1
11289,0.000114,0
11290,0.000104,1
11291,9.286172,1
11292,0.000179,1
11293,12.180379,0
11294,0.000184,1
11295,6.7e-05,0
11296,9.905498,1
11297,11.852353,0
11298,10.150828,0
11299,11.558579,1
11300,0.000399,1
11301,9.1e-05,1
11302,10.290504,1
11303,7.5e-05,1
11304,7.640925,0
11305,7.198679,0
11306,13.63303,0
11307,11.544144,1
11308,0.00013,1
11309,9.550266,1
11310,9.854131,0
11311,6.8e-05,1
11312,0.000228,1
11313,7.745319,1
11314,9.497319,1
11315,11.354668,1
11316,8.921806,1
11317,9.9e-05,1
11318,12.724509,0
11319,9.264663,0
11320,11.921478,1
11321,8.5e-05,1
11322,12.28874,1
11323,9.31121,0
11324,0.000195,1
11325,0.000523,1
11326,7.247655,0
11327,13.245459,0
11328,11.659441,0
11329,13.316912,0
11330,7.596268,1
11331,3.7e-05,1
11332,9.56755,1
11333,9.41494,1
11334,9.72962,1
11335,11.034042,1
11336,11.611083,1
11337,7.463736,0
11338,8.894648,1
11339,9.516091,1
11340,0.000313,1
11341,0.000344,1
11342,8.713302,1
11343,10.256035,1
11344,7.9e-05,1
11345,12.407393,1
11346,0.000359,1
11347,0.000174,1
11348,12.921933,0
11349,8.745916,1
11350,0.000118,0
11351,4.8e-05,0
11352,9.940499,0
11353,9.376977,0
11354,10.850055,0
11355,0.000103,1
11356,0.000151,1
11357,6.1e-05,1
11358,11.831882,0
11359,0.000265,1
11360,9e-05,1
11361,6.646578,0
11362,11.005916,1
11363,10.025503,1
11364,10.867328,0
11365,11.490641,1
11366,10.894295,1
11367,7.899686,1
11368,0.000204,1
11369,0.000112,0
11370,9.9e-05,1
11371,0.000101,1
11372,10.741,1
11373,9.3e-05,0
11374,0.000222,0
11375,8.969121,0
11376,0.000402,1
11377,9.334233,1
11378,9.308493,1
11379,0.00051,1
11380,12.811396,1
11381,0.000112,1
11382,10.759527,1
11383,0.000146,1
11384,7.485526,1
11385,10.940619,1
11386,9.511724,1
11387,10.021191,0
11388,10.892918,0
11389,0.000207,1
11390,12.507608,0
11391,0.000223,1
11392,0.000337,1
11393,10.590822,0
11394,0.00019,1
11395,11.532174,1
11396,0.000199,0
11397,7.445778,0
11398,9.795582,0
11399,7.843391,1
11400,11.240739,1
11401,8.798895,0
11402,10.435401,0
11403,10.739036,1
11404,10.24233,1
11405,0.00013,0
11406,7.8e-05,1
11407,11.228189,0
11408,10.902745,1
11409,12.85389,0
11410,0.000204,0
11411,0.000104,0
11412,12.743472,0
11413,7.103046,0
11414,0.000427,1
11415,0.000154,1
11416,0.000311,0
11417,10.108581,1
11418,8.908228,1
11419,10.540148,0
11420,3.8e-05,1
11421,0.000122,0
11422,12.099217,0
11423,10.551579,0
11424,10.682265,1
11425,10.353991,0
11426,0.000402,1
11427,0.000372,1
11428,0.000494,1
11429,7.555357,1
11430,9.86895,1
11431,0.000134,1
11432,0.000292,1
11433,0.000281,1
11434,11.655907,1
11435,12.650976,1
11436,0.000637,0
11437,9.75668,0
11438,10.56396,0
11439,0.000107,0
11440,9.602904,0
11441,9.45753,1
11442,0.000205,1
11443,4.7e-05,1
11444,7.3e-05,1
11445,0.000129,0
11446,11.471805,0
11447,11.044032,1
11448,0.000242,1
11449,8.161139,0
11450,10.947608,0
11451,12.123733,1
11452,10.180419,1
11453,11.165754,1
11454,8.793469,0
11455,12.83278,0
11456,0.000192,1
11457,10.879878,0
11458,7.585659,0
11459,0.000326,1
11460,8.793864,0
11461,9.710528,1
11462,12.477448,1
11463,8.2e-05,0
11464,9.075774,1
11465,0.000187,1
11466,7.678424,1
11467,0.000292,0
11468,0.000194,1
11469,0.000123,1
11470,7.421212,0
11471,0.000203,1
11472,10.596015,0
11473,8.472628,1
11474,10.926958,1
11475,10.703238,1
11476,13.554423,0
11477,5.2e-05,1
11478,11.527937,1
11479,12.647771,0
11480,0.000168,1
11481,0.000131,1
11482,0.000216,0
11483,7.836957,0
11484,10.543123,1
11485,7.771335,0
11486,12.766479,1
11487,7.615305,0
11488,0.000261,1
11489,10.767512,0
11490,13.988539,1
11491,0.000318,1
11492,10.260312,1
11493,12.313365,0
11494,12.026666,1
11495,8.8e-05,1
11496,10.789051,0
11497,7.112512,0
11498,10.419691,1
11499,12.159698,0
11500,9.48619,0
11501,10.330075,1
11502,7.10432,0
11503,4.9e-05,1
11504,6.2e-05,1
11505,0.000348,1
11506,12.312962,0
11507,10.939882,1
11508,8.116988,0
11509,6.4e-05,1
11510,0.000302,1
11511,11.364036,0
11512,9.696614,1
11513,0.000124,1
11514,11.106173,1
11515,9.9e-05,1
11516,0.000234,1
11517,0.000295,1
11518,11.506644,0
11519,10.581276,0
11520,10.870134,0
11521,9.9e-05,1
11522,12.12081,0
11523,10.646866,0
11524,0.000114,0
11525,11.109345,1
11526,0.000113,1
11527,12.16825,0
11528,10.391451,1
11529,8.164742,0
11530,0.000114,1
11531,7.324882,0
11532,0.000407,1
11533,12.746994,1
11534,0.00032,1
11535,0.000251,1
11536,11.180043,1
11537,6.7e-05,0
11538,12.798141,0
11539,11.562867,0
11540,9.868787,0
11541,10.264362,1
11542,0.001138,1
11543,10.780573,1
11544,8.2e-05,1
11545,9.205439,0
11546,12.793359,0
11547,0.000164,1
11548,11.266836,0
11549,0.000145,1
11550,0.000151,1
11551,12.707386,0
11552,7.010935,1
11553,0.000175,1
11554,0.00027,1
11555,12.091666,1
11556,11.164372,0
11557,9.660876,0
11558,10.494947,1
11559,0.001094,1
11560,10.440435,1
11561,0.000172,1
11562,8.885211,0
11563,8.441439,1
11564,0.000711,1
11565,7.426125,0
11566,0.000177,1
11567,9.531594,1
11568,10.293909,1
11569,6.8e-05,1
11570,0.000232,1
11571,8.237996,1
11572,4.7e-05,1
11573,9.948513,1
11574,0.000802,1
11575,9.42622,1
11576,0.000463,1
11577,0.000723,1
11578,0.000158,1
11579,9.87559,0
11580,0.000891,1
11581,11.3694,1
11582,10.28987,0
11583,11.549294,1
11584,7.223674,0
11585,12.44309,0
11586,10.152692,1
11587,4.2e-05,0
11588,10.322981,1
11589,0.000124,1
11590,7.9e-05,0
11591,14.687257,0
11592,9.486755,1
11593,0.000694,1
11594,6.7e-05,0
11595,9.642216,0
11596,11.799237,0
11597,0.000106,0
11598,8.197394,0
11599,10.133953,0
11600,3.8e-05,0
11601,8e-05,1
11602,9.924363,1
11603,9.72935,0
11604,10.984711,1
11605,8.5e-05,0
11606,10.652404,1
11607,6.768318,0
11608,11.449702,1
11609,9.289883,0
11610,9.285518,1
11611,0.000268,1
11612,0.000126,0
11613,10.409958,0
11614,11.127196,0
11615,10.398551,0
11616,8.736736,1
11617,9.1e-05,0
11618,0.000111,1
11619,8.375417,1
11620,4.9e-05,1
11621,11.027724,0
11622,9.406126,0
11623,0.000187,1
11624,8.675767,0
11625,11.29398,0
11626,0.000176,1
11627,0.000162,1
11628,0.000635,1
11629,10.42336,1
11630,9.714606,0
11631,10.12209,1
11632,9.381484,1
11633,10.200416,0
11634,9.931566,1
11635,8.3e-05,1
11636,11.043976,0
11637,8.759164,0
11638,11.643353,1
11639,9.9e-05,0
11640,10.030015,1
11641,4.6e-05,1
11642,10.839717,1
11643,0.00023,1
11644,0.000185,1
11645,11.144785,1
11646,9.097754,1
11647,11.975292,0
11648,11.221831,1
11649,10.130779,1
11650,9.914777,1
11651,11.013822,0
11652,9.8e-05,1
11653,0.000192,1
11654,10.129875,1
11655,10.209527,0
11656,0.000763,1
11657,6.4e-05,1
11658,10.277763,0
11659,10.601489,1
11660,9.286238,1
11661,10.900736,1
11662,0.000124,1
11663,10.284565,0
11664,0.000175,1
11665,6.9e-05,0
11666,10.651473,1
11667,5.6e-05,0
11668,8.1e-05,1
11669,6e-05,1
11670,10.053725,1
11671,10.835515,1
11672,12.229622,1
11673,0.000144,0
11674,8.6e-05,1
11675,0.000373,0
11676,2.8e-05,1
11677,7.841478,1
11678,0.000302,1
11679,6.286434,0
11680,6.3e-05,0
11681,8.877803,1
11682,11.664398,1
11683,0.000115,1
11684,0.000182,1
11685,0.000542,1
11686,9.961474,1
11687,7.457914,0
11688,0.000121,1
11689,0.000118,1
11690,11.347859,0
11691,5.9e-05,1
11692,12.321683,0
11693,8.140635,1
11694,0.000118,1
11695,10.819736,1
11696,3.7e-05,0
11697,11.506275,0
11698,0.000261,1
11699,13.056518,1
11700,10.180956,1
11701,11.756217,1
11702,8.6e-05,1
11703,9.9914,0
11704,11.091129,1
11705,9.01102,0
11706,11.079327,1
11707,8.025517,1
11708,0.000156,1
11709,9.4e-05,0
11710,12.719633,1
11711,8.766916,1
11712,11.593855,0
11713,0.000104,1
11714,7.421759,1
11715,11.10541,1
11716,8.2e-05,0
11717,8.002247,1
11718,9.61402,1
11719,9.210179,0
11720,5.5e-05,1
11721,0.000104,0
11722,0.000571,1
11723,8.376594,1
11724,7.9e-05,1
11725,9.043285,0
11726,11.188649,1
11727,9.742809,1
11728,11.153562,1
11729,8.058033,0
11730,7.567152,0
11731,8.849968,1
11732,12.082449,1
11733,10.92243,1
11734,0.000143,1
11735,0.000129,1
11736,13.712783,0
11737,0.000101,0
11738,10.50848,0
11739,12.121037,0
11740,8.777473,0
11741,0.00026,1
11742,0.000114,0
11743,10.395751,1
11744,0.000148,1
11745,0.000269,1
11746,9.6e-05,1
11747,9.912723,1
11748,11.846345,1
11749,11.219453,0
11750,0.000105,0
11751,10.498418,1
11752,10.008099,1
11753,5.4e-05,0
11754,7.548848,1
11755,10.911427,1
11756,12.140047,0
11757,9.582601,1
11758,7.454883,0
11759,8.046148,1
11760,9.31233,0
11761,9.684388,0
11762,11.447409,0
11763,9.068543,0
11764,0.000224,0
11765,8.11122,1
11766,7.350542,0
11767,13.640675,0
11768,0.000591,1
11769,0.000155,1
11770,5.5e-05,1
11771,7.760273,0
11772,12.876595,0
11773,0.0002,1
11774,7.3e-05,1
11775,0.000786,1
11776,0.000661,1
11777,0.000258,0
11778,9.074728,0
11779,11.328781,1
11780,4.7e-05,1
11781,8.662078,1
11782,9.250309,0
11783,0.000108,1
11784,0.000224,0
11785,0.000173,0
11786,7.259545,0
11787,10.265714,0
11788,8.62081,0
11789,10.351384,0
11790,11.83634,1
11791,9.322175,1
11792,0.000346,1
11793,0.000127,0
11794,9.9e-05,0
11795,0.000126,0
11796,10.938766,1
11797,12.887008,1
11798,9.131737,1
11799,0.000164,1
11800,10.07091,1
11801,0.000346,1
11802,0.000732,1
11803,0.000152,1
11804,0.000535,1
11805,9.469108,1
11806,12.080307,1
11807,8.61896,0
11808,6.9e-05,1
11809,0.000178,1
11810,8.310145,1
11811,0.000317,1
11812,0.000518,1
11813,0.000229,0
11814,9.605936,1
11815,7.486434,1
11816,0.000404,0
11817,0.000116,1
11818,0.000174,1
11819,0.000108,1
11820,8.361578,0
11821,0.000157,1
11822,0.000109,1
11823,12.172491,0
11824,11.771079,0
11825,9.737513,1
11826,11.478983,0
11827,10.792884,1
11828,8.736076,0
11829,10.56671,1
11830,0.000172,0
11831,0.000202,1
11832,9.36258,0
11833,7.1e-05,0
11834,0.000129,1
11835,8.2e-05,1
11836,10.10639,0
11837,9.5e-05,1
11838,8.897801,1
11839,12.144936,0
11840,13.331566,1
11841,9.958592,0
11842,7.66008,0
11843,11.189057,0
11844,12.790504,1
11845,10.475025,1
11846,11.141972,1
11847,10.981894,1
11848,0.000138,0
11849,9.107229,1
11850,9.6e-05,1
11851,8.806554,0
11852,12.165991,0
11853,7e-05,1
11854,0.00013,1
11855,7.9e-05,1
11856,0.000291,1
11857,0.000151,0
11858,10.246864,1
11859,6.9e-05,1
11860,0.001632,1
11861,0.00035,1
11862,6.3e-05,1
11863,9.59737,0
11864,0.00022,1
11865,9.972839,1
11866,11.984041,1
11867,0.000176,1
11868,9.748241,1
11869,8.392114,0
11870,6.1e-05,1
11871,10.774284,1
11872,5.7e-05,1
11873,0.000156,1
11874,6.5e-05,0
11875,0.000143,1
11876,9.6e-05,1
11877,0.000169,1
11878,10.641651,0
11879,10.109952,1
11880,7.8e-05,1
11881,0.000134,1
11882,10.73534,1
11883,11.325648,0
11884,10.387687,1
11885,10.438107,1
11886,10.939573,0
11887,2.2e-05,1
11888,11.311042,0
11889,9.876572,0
11890,0.000482,1
11891,10.737414,0
11892,11.880317,0
11893,3.8e-05,1
11894,0.000118,1
11895,11.423964,0
11896,8.3e-05,0
11897,0.0002,1
11898,10.018935,1
11899,10.804887,0
11900,8.269061,0
11901,9.5e-05,1
11902,12.192506,0
11903,7.35896,0
11904,0.000399,1
11905,11.87487,1
11906,8.2e-05,1
11907,11.584924,1
11908,10.835604,0
11909,0.000161,1
11910,9.776471,0
11911,9.05699,1
11912,0.000171,1
11913,0.000165,1
11914,0.000246,1
11915,0.00011,0
11916,0.000267,1
11917,7.9e-05,0
11918,7.6e-05,0
11919,8.011744,0
11920,0.000393,1
11921,10.756969,0
11922,9.551699,1
11923,10.464182,0
11924,0.000457,1
11925,0.00047,1
11926,7.386891,0
11927,9.603626,0
11928,0.000173,1
11929,8.8e-05,1
11930,7.036325,0
11931,9.814853,0
11932,11.335208,1
11933,9.742947,1
11934,9.371052,0
11935,11.936633,0
11936,9.361151,0
11937,4.2e-05,0
11938,0.00256,1
11939,0.000449,1
11940,10.49196,1
11941,4.6e-05,1
11942,10.5126,1
11943,0.000443,1
11944,11.440359,1
11945,8.007101,1
11946,11.053556,1
11947,0.000327,1
11948,0.000153,0
11949,0.000385,1
11950,7.89248,1
11951,10.993787,1
11952,2.7e-05,1
11953,10.467942,1
11954,0.000576,1
11955,7.3e-05,0
11956,10.710528,1
11957,0.000464,1
11958,0.000317,1
11959,7.496159,1
11960,0.000198,1
11961,3.3e-05,1
11962,0.00013,1
11963,8.087844,1
11964,9.657707,1
11965,12.116518,1
11966,10.69276,1
11967,6.906054,0
11968,11.762174,0
11969,9.939973,1
11970,0.000247,1
11971,0.000214,1
11972,9.3e-05,1
11973,11.022248,1
11974,9.6393,1
11975,7.540765,0
11976,10.156216,0
11977,0.000182,1
11978,11.738667,0
11979,0.000163,1
11980,9.8e-05,1
11981,0.000235,1
11982,0.000388,0
11983,14.277302,0
11984,12.313309,1
11985,0.000237,1
11986,10.165824,1
11987,10.864216,1
11988,7.390815,0
11989,11.285892,1
11990,7.6e-05,1
11991,10.191334,1
11992,8.6e-05,0
11993,0.000504,1
11994,0.00025,0
11995,7.573223,0
11996,8.128946,1
11997,8.8e-05,1
11998,9.828158,1
11999,6.8e-05,1
12000,0.000113,1
12001,0.000112,0
12002,10.482359,1
12003,12.073279,1
12004,7.228571,0
12005,7.8e-05,0
12006,0.000127,1
12007,7.7e-05,1
12008,9.894449,0
12009,9.133176,1
12010,11.347311,0
12011,8.5e-05,1
12012,0.000581,1
12013,0.000218,1
12014,10.95555,1
12015,7.221976,0
12016,7.82818,1
12017,7.8e-05,1
12018,0.000464,1
12019,10.390478,0
12020,7.936804,0
12021,10.066287,0
12022,10.681321,1
12023,9.3e-05,1
12024,6.4e-05,1
12025,6.757004,1
12026,11.227428,0
12027,12.448351,0
12028,4.8e-05,1
12029,8.1e-05,1
12030,0.00011,1
12031,8.925771,0
12032,5.8e-05,1
12033,0.000131,1
12034,11.730662,1
12035,8.5e-05,0
12036,11.99545,1
12037,10.351439,1
12038,0.000227,1
12039,12.929922,1
12040,12.982935,1
12041,9.654477,0
12042,11.357216,1
12043,10.817569,0
12044,0.000165,1
12045,0.000383,1
12046,9.598475,1
12047,10.653226,1
12048,7.723764,1
12049,0.000208,1
12050,0.00013,1
12051,10.903021,0
12052,12.404365,0
12053,0.000389,1
12054,9.453959,1
12055,0.000102,1
12056,10.075998,1
12057,11.562069,0
12058,7.512812,0
12059,8.496103,1
12060,0.000246,1
12061,11.471553,1
12062,11.4669,1
12063,4.5e-05,1
12064,8.6e-05,1
12065,11.412504,0
12066,5.6e-05,1
12067,10.042433,0
12068,12.00174,1
12069,0.000372,1
12070,0.00015,1
12071,9.902366,1
12072,7.64889,1
12073,0.000169,1
12074,12.201491,0
12075,13.529213,0
12076,9.233704,1
12077,10.238458,1
12078,9.640146,0
12079,7.1e-05,1
12080,5.5e-05,1
12081,0.000156,1
12082,0.000109,1
12083,11.939263,1
12084,10.076737,1
12085,0.000185,1
12086,11.477633,0
12087,0.000122,1
12088,0.000106,1
12089,7.3e-05,1
12090,0.000388,1
12091,8.768473,1
12092,0.000401,0
12093,9.21846,0
12094,0.000148,1
12095,0.000574,1
12096,12.55794,1
12097,0.000183,1
12098,12.667792,0
12099,9.334957,0
12100,4.2e-05,1
12101,0.000661,1
12102,8e-05,0
12103,12.275046,0
12104,9.339404,1
12105,0.000184,1
12106,8.128554,0
12107,0.000157,1
12108,0.000144,1
12109,4.9e-05,1
12110,0.000133,0
12111,10.125269,0
12112,8.51533,1
12113,8.6e-05,1
12114,11.538924,0
12115,0.000166,1
12116,7.372045,0
12117,10.302078,1
12118,8.551722,0
12119,9.075467,1
12120,9.54848,1
12121,12.669875,0
12122,0.000116,0
12123,0.000548,1
12124,7.1e-05,1
12125,10.053626,1
12126,9.979149,1
12127,0.000146,1
12128,0.000351,1
12129,9.6e-05,1
12130,0.000781,1
12131,0.000151,0
12132,10.960527,1
12133,11.536406,1
12134,11.092194,1
12135,9.021236,1
12136,11.06547,1
12137,0.000135,1
12138,3.9e-05,1
12139,10.882193,0
12140,0.00077,1
12141,9.597241,1
12142,0.000104,1
12143,0.000262,1
12144,0.000616,1
12145,0.000131,1
12146,8.958515,1
12147,0.000192,1
12148,0.000268,1
12149,8.268867,0
12150,6.89338,0
12151,4.9e-05,1
12152,11.343498,0
12153,9.751024,0
12154,6.4e-05,1
12155,0.000188,1
12156,11.684382,1
12157,12.439439,1
12158,9.863108,1
12159,10.434077,1
12160,10.101341,1
12161,11.032371,1
12162,9.349084,0
12163,9.140359,1
12164,0.000225,1
12165,10.412264,1
12166,3.6e-05,0
12167,9.9e-05,1
12168,10.686814,1
12169,11.719732,1
12170,10.448502,1
12171,0.00299,1
12172,0.000363,1
12173,0.001073,1
12174,11.482126,0
12175,3.3e-05,0
12176,0.000512,1
12177,0.000745,1
12178,0.000106,1
12179,8.6e-05,1
12180,10.221083,1
12181,12.469861,1
12182,0.000181,0
12183,10.496596,0
12184,3.9e-05,0
12185,10.692417,1
12186,12.933641,1
12187,0.000134,1
12188,0.000257,0
12189,0.000201,1
12190,9.09679,0
12191,12.831617,1
12192,10.095323,0
12193,10.196736,1
12194,7.466788,0
12195,8.444461,1
12196,8.476093,1
12197,9.725772,0
12198,10.604319,0
12199,14.732566,0
12200,9.500396,1
12201,10.762656,1
12202,7.894783,1
12203,12.185654,0
12204,0.000186,1
12205,7.02621,0
12206,7.979271,1
12207,0.000196,1
12208,8.241714,0
12209,0.000136,1
12210,8.957718,1
12211,10.567894,1
12212,8.778106,1
12213,9.540288,1
12214,10.646431,1
12215,10.478599,1
12216,10.345044,1
12217,12.108243,1
12218,10.124813,0
12219,9.244829,0
12220,0.000201,1
12221,12.607312,0
12222,10.512933,0
12223,7.941973,0
12224,9.49125,1
12225,13.065471,1
12226,9.016134,1
12227,13.353573,0
12228,12.920297,0
12229,8.113445,0
12230,0.000109,0
12231,9.9e-05,1
12232,7.4e-05,1
12233,0.000105,1
12234,11.294372,1
12235,7.562347,0
12236,10.873217,1
12237,0.000562,1
12238,0.000225,1
12239,0.000106,1
12240,0.00015,1
12241,0.000525,1
12242,8.916203,0
12243,8.18744,1
12244,11.203223,0
12245,10.832282,0
12246,0.000168,1
12247,11.812715,1
12248,11.438437,1
12249,12.816279,1
12250,10.936296,1
12251,10.581126,1
12252,8.9e-05,1
12253,0.000727,1
12254,8.833202,0
12255,11.235209,1
12256,9.894063,1
12257,0.000275,1
12258,8.107286,1
12259,8.647467,1
12260,6.7e-05,1
12261,11.682454,1
12262,12.385629,0
12263,9.744402,0
12264,12.191632,0
12265,7.440828,0
12266,0.000147,1
12267,9.863272,1
12268,9.639313,0
12269,0.00011,1
12270,9.306013,0
12271,0.00058,1
12272,10.91955,1
12273,12.50565,0
12274,5.3e-05,0
12275,12.839455,1
12276,0.00037,1
12277,10.255713,0
12278,8.895851,0
12279,8.5e-05,0
12280,0.000681,1
12281,7.089826,0
12282,0.000187,1
12283,0.000197,1
12284,8.626457,1
12285,8.91481,0
12286,10.621864,0
12287,0.000113,0
12288,14.038466,0
12289,9.328485,1
12290,11.915195,1
12291,0.000116,1
12292,12.947679,0
12293,7.5e-05,0
12294,10.771161,0
12295,10.195834,1
12296,10.606261,1
12297,0.000671,1
12298,0.000108,1
12299,5.6e-05,1
12300,5.7e-05,1
12301,9.585368,1
12302,0.00011,0
12303,10.856707,0
12304,8.9e-05,1
12305,10.565832,1
12306,13.294685,0
12307,10.751431,1
12308,6.982015,0
12309,8.2e-05,1
12310,7.450175,0
12311,10.631583,1
12312,0.000726,1
12313,9.157543,1
12314,0.000415,1
12315,10.267593,0
12316,0.000213,0
12317,10.732688,0
12318,9.830103,1
12319,9.103218,1
12320,12.697389,0
12321,0.000174,1
12322,0.000372,1
12323,0.00013,1
12324,10.68957,0
12325,10.436311,0
12326,8.7e-05,0
12327,10.427378,0
12328,11.766947,1
12329,0.000264,1
12330,10.475937,1
12331,10.173043,1
12332,11.03242,0
12333,8.279789,0
12334,10.452777,0
12335,9.595808,1
12336,10.15494,1
12337,9.743965,0
12338,9.938724,1
12339,10.401251,1
12340,9.976269,1
12341,3.6e-05,1
12342,10.258474,1
12343,8e-05,1
12344,4.9e-05,1
12345,0.00015,1
12346,8.415654,0
12347,9.823056,1
12348,0.000194,1
12349,0.000183,0
12350,12.432187,0
12351,13.286445,0
12352,11.543503,0
12353,7e-05,1
12354,7.536731,0
12355,0.000433,1
12356,9.8e-05,1
12357,9.121845,0
12358,0.000208,1
12359,9.7e-05,1
12360,0.000135,1
12361,7.5e-05,1
12362,8.1e-05,1
12363,11.422394,1
12364,0.000127,1
12365,7.6e-05,0
12366,11.128167,0
12367,9.8e-05,1
12368,7.483462,0
12369,0.000141,1
12370,0.000182,1
12371,0.000303,1
12372,0.000202,1
12373,0.000555,1
12374,10.809695,0
12375,0.000496,1
12376,10.920041,0
12377,9.383253,1
12378,0.000239,1
12379,0.000185,1
12380,11.061289,0
12381,8.1e-05,1
12382,0.00026,1
12383,0.000103,1
12384,6.1e-05,0
12385,0.000333,1
12386,10.765309,1
12387,3e-05,0
12388,0.000126,1
12389,4.6e-05,1
12390,10.254585,1
12391,10.774799,0
12392,11.530836,1
12393,8.583152,0
12394,0.001106,1
12395,0.000149,0
12396,0.000172,1
12397,10.199656,1
12398,0.000207,1
12399,5.9e-05,1
12400,0.000179,1
12401,7.3e-05,1
12402,8.807488,1
12403,11.408172,0
12404,0.000211,1
12405,6.7e-05,1
12406,11.38015,0
12407,0.000121,1
12408,0.000244,1
12409,12.938055,1
12410,6.2e-05,0
12411,0.000342,1
12412,10.130352,0
12413,4.7e-05,1
12414,0.000205,1
12415,9.900942,0
12416,4.5e-05,0
12417,7.7e-05,1
12418,11.589118,1
12419,0.000408,1
12420,0.000412,0
12421,0.000102,0
12422,0.000508,1
12423,8.088297,1
12424,0.000351,1
12425,9.251802,0
12426,10.795829,1
12427,10.621609,0
12428,0.000181,1
12429,7.179285,0
12430,0.00017,1
12431,10.592845,1
12432,0.000292,1
12433,4e-05,0
12434,10.07811,1
12435,11.339412,1
12436,10.660639,1
12437,0.00034,1
12438,0.000115,1
12439,10.34659,1
12440,0.000277,1
12441,7.606115,1
12442,12.001819,0
12443,0.00038,1
12444,0.000145,1
12445,0.000106,1
12446,9.164965,0
12447,0.00028,0
12448,0.000254,1
12449,8.065262,1
12450,9.181062,0
12451,9.703222,0
12452,8.1e-05,1
12453,9.144089,1
12454,0.00067,1
12455,10.066415,1
12456,0.000101,1
12457,7.44706,0
12458,11.587733,0
12459,0.000282,1
12460,11.50378,1
12461,9.681437,1
12462,9.441559,1
12463,0.001149,1
12464,10.270241,1
12465,7.5e-05,1
12466,12.488489,1
12467,0.000246,1
12468,0.000367,1
12469,0.000136,1
12470,11.860684,0
12471,11.074306,1
12472,8.47734,1
12473,14.752057,0
12474,7.840543,1
12475,11.086421,0
12476,9.832846,1
12477,0.000105,1
12478,11.403289,0
12479,0.000181,1
12480,0.001149,1
12481,11.417881,0
12482,0.000572,1
12483,11.675936,1
12484,11.916981,1
12485,4e-05,0
12486,9.573214,0
12487,6e-05,1
12488,9.013711,1
12489,11.266701,1
12490,11.1608,0
12491,10.931864,1
12492,13.679798,0
12493,0.000103,1
12494,7.439208,1
12495,0.000488,1
12496,7.7e-05,1
12497,9.700514,0
12498,9.49486,0
12499,0.000202,1
12500,9.912118,0
12501,11.543386,1
12502,0.000251,1
12503,10.748026,0
12504,12.654614,1
12505,7.352691,1
12506,0.000121,1
12507,12.45619,1
12508,0.000101,1
12509,0.000117,1
12510,12.043684,1
12511,0.000119,1
12512,7.9e-05,1
12513,11.423564,0
12514,10.190878,0
12515,11.12852,0
12516,9.654581,1
12517,11.577536,1
12518,11.509407,0
12519,10.414814,1
12520,0.001222,1
12521,13.296771,1
12522,9.134903,1
12523,8.136373,1
12524,0.000214,1
12525,11.196278,1
12526,12.197383,1
12527,0.000154,1
12528,0.000505,1
12529,9.704498,0
12530,0.00011,0
12531,0.00012,1
12532,0.000159,0
12533,11.769874,0
12534,0.000663,1
12535,10.220694,1
12536,0.000296,1
12537,9.7e-05,1
12538,12.446173,0
12539,10.767173,0
12540,9.364602,1
12541,0.00022,1
12542,0.000116,1
12543,11.641251,1
12544,0.000134,1
12545,3.3e-05,1
12546,4.6e-05,1
12547,5.9e-05,0
12548,0.000145,1
12549,0.00017,1
12550,9.236842,0
12551,9.677017,0
12552,9.477893,1
12553,10.483822,1
12554,13.339577,0
12555,0.000169,0
12556,0.000128,0
12557,7.143173,0
12558,9.1716,1
12559,0.000242,1
12560,8.597319,0
12561,13.043997,1
12562,4e-05,1
12563,8.7e-05,0
12564,10.004569,0
12565,11.07387,0
12566,9.784537,1
12567,10.391321,1
12568,0.000121,1
12569,7.763056,0
12570,8.822197,1
12571,0.000293,1
12572,7.345649,0
12573,0.000101,1
12574,0.000474,1
12575,10.719804,1
12576,9.886819,1
12577,9.489796,0
12578,0.0001,1
12579,11.163341,1
12580,6.8e-05,1
12581,10.018728,1
12582,0.000194,1
12583,8.998557,0
12584,0.000331,1
12585,7.292874,0
12586,11.621767,1
12587,10.366299,0
12588,5.9e-05,1
12589,0.000166,1
12590,11.867328,1
12591,12.096131,0
12592,9.398062,0
12593,12.291406,0
12594,0.0001,0
12595,0.000215,1
12596,12.12079,0
12597,8.642544,1
12598,0.000102,1
12599,0.000235,1
12600,12.327851,1
12601,10.329296,1
12602,11.829281,0
12603,8.3e-05,1
12604,8.1e-05,1
12605,9.7e-05,1
12606,0.000477,1
12607,9.981489,1
12608,0.000423,1
12609,9.442137,1
12610,13.393616,0
12611,0.000299,1
12612,12.193969,1
12613,8.471299,0
12614,7.301645,0
12615,0.000147,1
12616,9.042868,1
12617,9.045243,0
12618,10.95906,1
12619,9.617397,0
12620,11.946232,0
12621,11.59355,1
12622,0.000197,1
12623,8.6e-05,1
12624,0.00012,1
12625,13.361096,0
12626,6.3e-05,1
12627,12.736713,0
12628,9.415265,1
12629,9.363746,0
12630,4e-05,1
12631,8.388058,0
12632,11.473252,1
12633,0.000128,1
12634,11.934067,0
12635,10.51471,1
12636,0.000104,1
12637,0.000157,1
12638,7.135048,0
12639,9.419646,1
12640,10.142427,0
12641,11.27788,0
12642,10.484529,1
12643,10.639402,1
12644,12.794444,0
12645,0.000131,0
12646,8.001728,1
12647,11.5829,0
12648,0.0001,1
12649,2.2e-05,1
12650,0.000408,1
12651,10.025028,1
12652,11.237099,0
12653,0.000263,1
12654,0.000204,1
12655,12.305762,1
12656,11.14283,1
12657,9.323514,1
12658,10.091599,1
12659,9.462518,0
12660,0.000123,1
12661,11.822143,1
12662,0.000363,0
12663,9.540568,1
12664,9.605619,1
12665,0.000117,1
12666,6.7e-05,1
12667,4.3e-05,1
12668,13.228778,0
12669,9.607276,1
12670,11.353324,1
12671,9.709402,0
12672,0.000104,1
12673,7.9e-05,1
12674,8.7e-05,1
12675,0.000133,0
12676,0.000312,1
12677,8.1577,0
12678,0.000274,1
12679,0.000216,1
12680,9.674103,1
12681,9.649365,1
12682,8.98503,0
12683,7.477621,1
12684,13.271242,1
12685,0.0001,1
12686,12.505774,0
12687,12.837036,0
12688,7.869524,0
12689,0.000272,1
12690,10.080641,0
12691,0.00029,1
12692,13.300369,1
12693,6.7e-05,0
12694,8.78935,1
12695,8e-05,1
12696,0.000205,1
12697,10.390352,1
12698,0.000166,1
12699,0.000217,1
12700,0.00025,1
12701,8.74488,0
12702,10.118417,1
12703,10.758782,0
12704,9.694066,1
12705,0.000197,1
12706,11.043525,1
12707,10.1259,1
12708,0.000125,1
12709,9.961596,0
12710,10.220087,1
12711,8.3584,1
12712,11.117593,1
12713,9.792835,1
12714,0.000659,1
12715,0.000129,1
12716,7.407423,1
12717,0.000487,1
12718,0.000482,1
12719,10.384061,1
12720,10.343945,0
12721,0.00023,0
12722,3.7e-05,1
12723,8.2e-05,1
12724,9.018988,1
12725,9.417169,1
12726,11.148194,1
12727,13.234333,1
12728,10.855913,1
12729,10.606575,1
12730,10.657085,0
12731,10.095448,1
12732,12.30961,1
12733,0.000127,0
12734,12.369062,1
12735,11.098468,0
12736,9.815834,0
12737,14.25755,0
12738,10.463768,1
12739,8.1e-05,1
12740,0.000219,1
12741,6.457618,1
12742,10.678495,1
12743,7.736736,1
12744,11.245752,1
12745,8.640368,1
12746,10.599511,1
12747,0.000234,1
12748,10.160149,1
12749,9.770042,1
12750,10.384513,0
12751,12.883379,1
12752,11.27494,1
12753,12.580837,0
12754,8.5e-05,1
12755,0.000108,0
12756,6.9e-05,1
12757,9.306641,0
12758,12.907059,0
12759,0.000329,1
12760,9.2e-05,1
12761,4.1e-05,1
12762,9.431633,0
12763,11.369764,1
12764,11.585426,1
12765,0.000246,1
12766,0.000132,0
12767,9.370487,1
12768,4.3e-05,1
12769,0.000169,1
12770,0.000111,1
12771,0.000114,1
12772,5.2e-05,0
12773,4.8e-05,1
12774,9.459288,1
12775,9.408573,1
12776,7.546282,0
12777,9.828336,0
12778,0.000157,0
12779,11.703292,1
12780,9.643226,1
12781,0.000179,1
12782,0.00014,0
12783,13.932447,1
12784,9.259412,0
12785,10.294036,1
12786,11.409415,1
12787,8.796939,1
12788,7.9e-05,1
12789,10.185773,0
12790,0.00019,1
12791,12.074296,0
12792,0.000217,1
12793,9.762396,0
12794,10.646982,1
12795,0.000242,1
12796,9.690362,1
12797,0.000182,1
12798,8.903877,1
12799,0.000408,1
12800,7.1e-05,1
12801,0.00031,1
12802,11.215796,1
12803,11.310331,1
12804,0.000131,1
12805,0.000252,1
12806,0.000195,1
12807,7.854422,1
12808,9.470815,0
12809,9.793892,1
12810,0.000475,1
12811,8.1e-05,1
12812,11.988347,0
12813,10.05744,1
12814,0.000188,1
12815,9.952391,0
12816,7.337177,1
12817,11.915383,1
12818,8.951906,0
12819,0.000104,1
12820,12.388513,1
12821,10.512618,0
12822,0.000159,1
12823,0.000145,1
12824,10.464091,1
12825,0.000222,1
12826,12.293392,0
12827,0.000339,1
12828,0.000247,1
12829,4.7e-05,1
12830,7.45781,1
12831,9.480393,1
12832,10.794546,0
12833,10.112381,0
12834,0.000106,1
12835,7.10128,1
12836,11.761409,1
12837,5.8e-05,0
12838,9.86315,0
12839,6.649988,0
12840,11.074665,1
12841,10.207367,1
12842,9.03324,0
12843,6.9e-05,1
12844,0.000239,1
12845,10.178667,0
12846,10.395482,0
12847,10.62542,1
12848,7.2e-05,1
12849,7.411973,0
12850,11.396384,1
12851,0.00019,1
12852,11.511701,1
12853,9.347775,1
12854,0.000255,0
12855,7.025838,0
12856,9.801303,1
12857,11.295679,0
12858,0.000113,0
12859,8.944487,1
12860,8.339861,1
12861,7.963856,0
12862,0.000289,1
12863,10.49249,1
12864,10.513119,0
12865,11.245296,1
12866,9e-05,1
12867,9.216247,0
12868,8.915285,0
12869,9.538583,1
12870,11.853124,1
12871,11.293778,1
12872,7.459121,0
12873,12.970642,1
12874,0.000227,1
12875,6.874235,0
12876,9.877979,1
12877,11.093481,0
12878,10.499765,1
12879,8e-05,1
12880,10.051412,1
12881,10.839824,1
12882,11.287359,1
12883,10.606043,1
12884,9.3e-05,0
12885,0.000502,1
12886,0.000457,1
12887,8.3e-05,0
12888,0.000203,1
12889,10.875178,1
12890,9.88733,1
12891,0.000121,1
12892,9.8e-05,1
12893,9.037227,1
12894,8.071037,1
12895,12.587031,1
12896,0.000236,1
12897,7.297232,1
12898,9.610975,1
12899,11.894771,1
12900,11.508945,1
12901,6.5e-05,0
12902,12.760103,0
12903,11.921002,1
12904,9.130179,0
12905,8.736856,0
12906,11.373741,0
12907,11.030203,1
12908,10.270698,1
12909,0.000189,1
12910,12.679675,0
12911,0.000823,1
12912,10.408131,0
12913,10.284072,0
12914,6.2e-05,1
12915,0.000108,0
12916,9.033707,1
12917,0.000395,1
12918,0.000408,1
12919,8.807908,1
12920,10.261037,1
12921,0.000285,1
12922,8.984135,0
12923,0.000375,1
12924,10.357679,1
12925,7.582316,0
12926,9.858553,1
12927,10.333917,1
12928,0.000496,1
12929,8.077896,1
12930,11.335858,1
12931,7.8e-05,1
12932,11.171949,1
12933,9.054727,1
12934,7.516452,1
12935,0.000748,1
12936,11.120646,1
12937,11.348113,1
12938,10.969193,0
12939,10.439155,0
12940,5.1e-05,0
12941,11.331058,0
12942,0.000145,1
12943,10.917936,1
12944,9.480396,0
12945,8.740334,1
12946,8.939275,1
12947,10.756235,0
12948,0.000507,1
12949,8.82767,0
12950,0.00029,1
12951,0.000181,1
12952,9.319238,0
12953,0.000162,1
12954,9.687831,1
12955,10.951223,0
12956,0.000725,1
12957,7.454389,0
12958,11.53315,1
12959,0.000241,1
12960,13.088718,0
12961,0.000173,1
12962,12.47749,0
12963,0.0003,1
12964,0.000209,1
12965,7.364065,0
12966,10.35219,1
12967,7.069158,0
12968,8.483432,0
12969,7.874064,0
12970,12.543085,0
12971,0.0003,1
12972,7.297088,1
12973,0.000408,1
12974,0.000145,1
12975,0.000594,1
12976,0.000189,1
12977,11.279772,1
12978,10.092812,1
12979,11.565281,1
12980,7.318087,1
12981,0.000149,1
12982,7.9e-05,1
12983,8.346456,1
12984,12.839007,0
12985,0.000122,1
12986,7.649144,0
12987,6e-05,1
12988,10.479559,1
12989,7.241757,0
12990,0.000274,1
12991,9.426071,0
12992,10.566431,1
12993,10.795009,0
12994,0.000236,1
12995,11.458244,1
12996,10.779632,0
12997,0.000237,0
12998,10.828113,0
12999,10.659287,1
13000,0.000118,0
13001,9.79163,1
13002,6.5e-05,0
13003,0.000259,0
13004,0.000152,1
13005,9.862073,1
13006,9.968432,1
13007,12.143374,0
13008,13.754597,1
13009,10.920362,0
13010,10.879801,0
13011,10.385115,1
13012,0.00016,1
13013,10.948709,1
13014,5.8e-05,1
13015,0.000156,1
13016,9.8e-05,1
13017,9.58827,0
13018,11.595179,1
13019,10.97914,1
13020,6.3e-05,1
13021,0.000482,1
13022,11.479761,0
13023,0.000286,1
13024,0.000212,1
13025,8.193966,1
13026,4.4e-05,1
13027,9.521461,1
13028,9.470181,0
13029,10.687162,1
13030,0.0002,1
13031,8.234698,0
13032,9.703162,1
13033,9.665372,1
13034,10.751825,0
13035,13.285984,0
13036,9.972075,0
13037,0.000221,0
13038,10.383329,1
13039,10.032639,0
13040,9.43524,0
13041,0.000273,1
13042,12.644704,0
13043,0.000264,1
13044,14.239628,0
13045,0.000807,1
13046,10.921496,1
13047,0.000465,0
13048,0.000128,1
13049,0.000401,1
13050,11.323593,1
13051,12.816421,0
13052,9.9e-05,1
13053,10.844328,1
13054,8.91578,1
13055,10.405058,1
13056,5e-05,1
13057,2.9e-05,0
13058,0.000109,1
13059,11.157469,0
13060,10.521434,1
13061,10.059663,0
13062,0.000106,1
13063,7.804922,1
13064,9.585522,1
13065,8.2e-05,0
13066,0.000151,0
13067,9.352977,1
13068,10.894902,1
13069,8e-05,1
13070,0.000162,1
13071,7.116796,0
13072,8.346655,0
13073,0.000253,1
13074,10.163552,1
13075,0.000327,1
13076,12.428559,0
13077,8.77088,0
13078,0.000185,1
13079,13.151248,1
13080,0.000133,1
13081,9.976787,1
13082,11.609188,1
13083,0.000319,1
13084,0.000128,1
13085,0.000254,1
13086,0.000413,1
13087,11.338737,0
13088,13.083046,1
13089,9.1e-05,1
13090,12.953205,0
13091,10.612368,1
13092,9.9e-05,0
13093,7.999581,1
13094,11.174496,0
13095,11.607125,1
13096,7.783703,1
13097,13.329026,1
13098,0.001649,1
13099,10.982093,1
13100,0.000295,1
13101,0.000173,1
13102,9.148751,1
13103,9.959192,1
13104,10.133152,1
13105,7.295228,1
13106,0.000526,1
13107,0.000236,1
13108,0.000283,1
13109,10.780983,1
13110,0.000269,1
13111,0.0001,1
13112,8.50099,0
13113,12.395867,0
13114,8.634611,0
13115,12.44506,0
13116,10.210441,1
13117,11.87047,1
13118,10.246155,1
13119,0.000222,0
13120,0.000542,1
13121,0.000185,1
13122,9.919449,1
13123,14.481709,0
13124,11.910086,1
13125,11.534363,0
13126,0.000579,1
13127,10.693654,1
13128,11.20035,0
13129,9.4e-05,1
13130,0.000121,0
13131,8.549047,1
13132,7.4416,0
13133,7.7e-05,1
13134,0.000135,1
13135,0.000163,1
13136,9.372646,1
13137,9.320882,0
13138,9.942104,1
13139,11.144352,1
13140,0.000628,1
13141,10.791029,1
13142,3.1e-05,1
13143,11.647731,1
13144,0.000134,0
13145,13.486964,1
13146,0.000244,1
13147,9.313206,1
13148,3.5e-05,1
13149,10.589948,1
13150,0.000241,1
13151,0.000368,1
13152,9.107852,0
13153,10.392455,0
13154,11.916287,0
13155,9.827696,1
13156,0.00016,1
13157,9.602668,0
13158,6.8e-05,1
13159,11.409903,1
13160,7.7e-05,0
13161,10.333863,0
13162,11.073818,0
13163,7.4e-05,1
13164,0.000246,1
13165,11.50676,1
13166,9.221326,1
13167,13.024005,1
13168,0.000301,0
13169,14.936259,0
13170,0.001173,1
13171,0.000296,1
13172,10.178426,1
13173,0.000521,1
13174,10.774741,1
13175,9.111969,0
13176,0.000399,1
13177,8.2e-05,1
13178,8.981975,0
13179,9.429748,1
13180,10.093299,1
13181,0.000225,1
13182,11.60963,0
13183,10.392635,1
13184,9.536889,0
13185,9.9e-05,1
13186,7.665902,1
13187,0.000103,1
13188,7.4e-05,0
13189,8.913577,0
13190,10.423327,1
13191,9e-05,1
13192,0.000307,1
13193,6.2e-05,1
13194,10.065115,1
13195,9.585467,0
13196,8.923569,1
13197,8.461002,1
13198,10.862772,1
13199,8.987314,0
13200,10.566685,1
13201,12.380751,1
13202,0.000104,1
13203,0.000329,1
13204,0.000128,0
13205,8.850663,1
13206,0.000242,1
13207,9e-05,0
13208,0.000266,1
13209,11.216083,0
13210,11.629953,1
13211,11.04525,1
13212,0.000334,1
13213,10.027778,1
13214,9.788441,1
13215,11.670786,0
13216,11.926925,0
13217,9.7e-05,1
13218,10.886547,0
13219,12.025648,1
13220,9.282141,1
13221,11.843872,1
13222,5.4e-05,1
13223,9.415536,1
13224,4.6e-05,0
13225,11.922137,0
13226,0.000966,1
13227,0.000135,1
13228,0.000121,1
13229,6.759026,0
13230,0.000126,1
13231,0.001532,1
13232,10.767251,1
13233,11.121341,0
13234,13.100798,0
13235,9.2e-05,1
13236,10.803535,1
13237,0.000284,1
13238,10.073443,1
13239,9.697064,1
13240,9.138723,1
13241,7.5e-05,1
13242,7.487938,0
13243,4.5e-05,0
13244,0.000142,1
13245,10.965751,1
13246,0.000107,1
13247,9.58789,1
13248,12.111293,0
13249,6.9e-05,0
13250,0.000211,1
13251,0.000125,0
13252,9.721416,0
13253,9.158796,1
13254,9.323646,1
13255,10.423325,1
13256,10.158105,1
13257,7.676316,0
13258,9.970276,1
13259,0.000152,1
13260,11.068472,1
13261,0.000137,1
13262,10.229519,1
13263,6.4e-05,1
13264,11.387908,0
13265,9.168502,0
13266,7.345441,0
13267,13.375147,1
13268,9.6293,0
13269,0.000387,1
13270,0.000209,1
13271,11.713457,0
13272,7.094814,0
13273,10.612952,1
13274,8.454104,0
13275,9.979799,1
13276,11.590439,0
13277,10.312641,0
13278,9.957327,0
13279,0.000318,1
13280,0.000501,1
13281,0.00024,1
13282,12.407073,0
13283,8.03309,1
13284,10.849882,1
13285,0.000636,1
13286,5.7e-05,0
13287,7.482337,0
13288,12.180646,1
13289,9.4e-05,1
13290,0.000301,1
13291,9.568415,0
13292,11.503294,1
13293,9.4288,1
13294,10.384335,0
13295,0.000149,1
13296,8.197092,1
13297,7.40786,0
13298,9.960896,1
13299,9.611508,0
13300,0.000178,1
13301,10.497941,1
13302,0.000678,1
13303,0.000359,1
13304,10.381351,0
13305,0.000632,1
13306,12.806474,1
13307,10.90697,0
13308,8.1e-05,1
13309,11.999223,1
13310,6e-05,1
13311,9.668523,0
13312,10.987404,1
13313,11.510995,0
13314,11.072602,1
13315,11.007757,1
13316,8.34767,0
13317,0.000405,1
13318,8.443224,1
13319,9.490082,1
13320,7.097304,0
13321,8.661102,0
13322,11.056757,0
13323,9.179442,0
13324,0.000429,1
13325,8.389677,1
13326,12.53264,1
13327,12.545384,0
13328,4.3e-05,0
13329,10.52211,0
13330,8.74214,0
13331,11.191788,0
13332,0.000161,0
13333,10.377656,0
13334,10.38885,0
13335,0.000154,1
13336,9.157858,0
13337,0.000108,1
13338,6.5e-05,0
13339,6.824197,0
13340,4.8e-05,1
13341,0.000167,1
13342,10.507264,1
13343,7.33763,0
13344,0.000224,1
13345,11.123138,0
13346,0.000455,1
13347,7.43862,0
13348,8.980182,1
13349,10.850039,1
13350,0.000923,1
13351,8.831366,0
13352,0.000161,1
13353,12.100491,1
13354,6.4e-05,1
13355,11.307685,1
13356,0.000465,1
13357,0.000113,0
13358,0.000115,0
13359,11.120902,0
13360,7.607767,1
13361,0.000145,0
13362,11.007642,1
13363,12.080813,1
13364,11.995304,0
13365,12.480504,0
13366,7.8e-05,1
13367,0.000183,1
13368,10.387615,1
13369,11.090399,0
13370,11.580444,1
13371,10.436494,0
13372,11.717844,1
13373,10.233414,1
13374,12.28489,1
13375,12.709788,0
13376,8.140924,0
13377,0.000199,0
13378,11.541761,0
13379,11.489087,0
13380,0.000102,1
13381,8.762927,0
13382,10.650349,0
13383,0.000436,1
13384,11.850939,1
13385,10.837613,1
13386,0.000232,1
13387,13.425566,0
13388,7.5e-05,1
13389,9.967594,0
13390,11.180898,1
13391,10.531531,1
13392,11.470961,0
13393,11.271229,1
13394,10.604502,0
13395,0.000236,1
13396,10.342417,0
13397,9.916265,1
13398,10.194314,1
13399,0.000572,1
13400,8.994371,1
13401,3e-05,0
13402,7.4e-05,1
13403,9.751198,1
13404,7.447046,0
13405,9.89356,0
13406,12.278676,1
13407,8.316296,1
13408,0.000295,0
13409,11.371744,0
13410,8.736664,0
13411,9.010132,0
13412,13.149627,0
13413,9.785648,1
13414,12.027835,1
13415,0.00021,1
13416,10.933766,0
13417,8.7e-05,1
13418,0.000162,0
13419,12.259013,1
13420,7.21308,1
13421,0.000603,1
13422,9.5e-05,1
13423,0.000317,1
13424,11.774855,1
13425,7.322807,0
13426,0.000347,1
13427,7.361391,1
13428,0.000368,1
13429,8.934027,1
13430,8.439117,1
13431,12.397163,1
13432,5.8e-05,1
13433,11.514094,1
13434,0.000276,1
13435,11.124938,1
13436,9.881219,0
13437,10.79147,0
13438,10.338585,1
13439,9.893799,0
13440,9.104603,0
13441,11.640113,0
13442,7.236754,0
13443,9.214869,1
13444,8.237264,0
13445,11.251719,1
13446,5.9e-05,1
13447,9.920617,1
13448,0.000129,0
13449,11.950706,1
13450,0.000184,1
13451,11.469612,1
13452,0.00045,1
13453,11.587944,0
13454,10.37445,1
13455,10.427838,1
13456,12.546184,0
13457,7.8e-05,1
13458,9.609123,1
13459,0.000247,1
13460,12.8898,0
13461,10.090259,1
13462,5.2e-05,0
13463,11.804346,1
13464,10.377673,0
13465,0.000156,1
13466,0.000259,1
13467,9.168108,0
13468,0.000257,1
13469,0.000272,1
13470,5.7e-05,1
13471,0.001172,1
13472,9.350719,1
13473,9.08977,1
13474,9.418697,1
13475,0.000412,1
13476,0.000122,1
13477,0.000123,1
13478,0.000346,1
13479,7.954304,0
13480,0.000503,1
13481,9.474433,0
13482,0.000182,1
13483,9.735258,1
13484,7.3e-05,1
13485,8.986157,1
13486,0.000577,1
13487,12.023781,1
13488,9.8e-05,1
13489,11.354891,1
13490,8.5e-05,0
13491,11.064384,1
13492,8.187821,0
13493,11.592235,1
13494,11.468055,0
13495,11.021397,1
13496,0.000141,0
13497,9.445015,0
13498,11.001961,1
13499,8.448488,1
13500,4.8e-05,1
13501,13.468677,0
13502,7.12978,0
13503,11.047071,1
13504,0.000419,1
13505,0.00031,1
13506,12.949245,0
13507,0.000135,1
13508,7.361949,1
13509,11.039213,0
13510,0.000125,1
13511,0.000346,0
13512,9.72736,1
13513,0.000346,1
13514,0.000116,0
13515,10.872884,0
13516,6.9e-05,0
13517,9.5e-05,1
13518,0.000732,0
13519,8.1e-05,1
13520,10.94402,1
13521,10.604309,0
13522,9.1e-05,1
13523,0.000283,1
13524,0.000164,1
13525,12.68444,0
13526,11.46304,0
13527,9.6e-05,1
13528,10.924664,1
13529,6.1e-05,1
13530,10.704666,0
13531,0.000104,1
13532,0.000388,1
13533,8.932715,1
13534,11.786912,0
13535,8.600631,1
13536,10.060086,1
13537,11.863701,0
13538,13.247871,1
13539,0.000198,1
13540,9.834599,1
13541,0.00015,0
13542,12.306771,0
13543,9.304235,1
13544,0.000165,1
13545,8.3e-05,1
13546,0.000103,0
13547,0.000387,1
13548,11.227779,1
13549,8.500932,1
13550,0.000284,1
13551,10.794902,1
13552,0.000122,1
13553,0.0005,1
13554,0.000166,1
13555,7.764196,0
13556,11.675525,1
13557,9.256604,0
13558,11.253299,0
13559,8.498417,1
13560,11.471256,0
13561,8.659352,1
13562,6.3e-05,1
13563,7.7e-05,1
13564,11.055609,1
13565,12.111455,0
13566,9.7e-05,0
13567,8.983454,0
13568,8.59753,0
13569,8e-05,1
13570,0.000491,1
13571,0.000162,1
13572,11.090661,1
13573,9.2e-05,1
13574,6e-05,0
13575,12.317092,0
13576,9.859594,1
13577,0.00105,1
13578,4.4e-05,1
13579,7.2e-05,0
13580,8.640303,0
13581,8.530061,1
13582,6.5e-05,1
13583,5.9e-05,1
13584,0.000262,1
13585,0.000212,0
13586,8.205756,0
13587,10.836734,0
13588,7.319893,0
13589,0.000274,0
13590,0.000113,0
13591,9.575912,1
13592,3.4e-05,1
13593,0.000113,1
13594,9.444274,1
13595,9.943299,0
13596,6.9e-05,0
13597,0.000135,1
13598,0.000135,1
13599,7.987902,0
13600,0.000384,1
13601,11.960692,1
13602,8.279436,1
13603,0.000131,1
13604,9.3e-05,1
13605,0.000298,1
13606,0.000326,1
13607,9.251899,0
13608,13.965051,0
13609,0.00029,1
13610,9.248651,0
13611,11.674647,0
13612,5e-05,1
13613,11.050378,0
13614,10.139925,1
13615,8.82477,0
13616,12.85846,1
13617,0.000116,1
13618,0.000165,0
13619,9.932072,1
13620,11.960527,1
13621,0.000153,1
13622,8.854916,0
13623,10.73631,0
13624,0.000126,1
13625,0.000167,1
13626,12.086657,0
13627,13.534268,1
13628,10.208989,0
13629,11.493522,1
13630,0.000445,1
13631,11.961846,0
13632,0.000428,1
13633,10.760064,1
13634,8.421714,0
13635,12.426187,0
13636,0.000143,1
13637,7.615139,0
13638,0.000956,1
13639,8.887599,0
13640,10.284204,0
13641,5.1e-05,1
13642,9.382718,0
13643,10.652771,1
13644,10.985326,1
13645,0.000134,1
13646,12.033222,1
13647,0.00012,1
13648,9.354159,1
13649,0.000152,1
13650,10.85401,0
13651,9.612273,1
13652,0.000178,0
13653,9.061105,0
13654,8.795822,0
13655,10.986096,1
13656,12.086825,0
13657,9.977008,0
13658,7e-05,1
13659,12.567323,1
13660,12.380959,1
13661,8.653914,1
13662,8.856494,0
13663,0.000133,0
13664,12.653537,0
13665,11.380862,1
13666,0.000101,1
13667,3e-05,0
13668,10.961173,0
13669,10.444427,1
13670,10.938708,1
13671,12.388484,0
13672,7.753781,1
13673,6.790913,0
13674,8.020466,1
13675,10.327881,1
13676,13.154351,0
13677,11.583721,0
13678,0.000123,0
13679,9.123417,1
13680,7.452469,1
13681,11.706798,0
13682,8.450091,0
13683,10.732242,1
13684,9.125549,1
13685,9.559302,1
13686,4.4e-05,1
13687,4.8e-05,1
13688,10.435929,1
13689,0.000179,1
13690,9.624584,1
13691,12.502042,0
13692,0.000321,1
13693,0.000274,1
13694,0.000156,1
13695,12.326962,1
13696,11.30565,1
13697,12.856605,1
13698,0.000109,0
13699,9.014151,1
13700,0.000126,0
13701,9.391253,1
13702,12.398161,1
13703,7.257947,0
13704,11.495659,1
13705,0.000269,1
13706,0.000548,1
13707,0.000176,0
13708,6.786798,0
13709,8.964523,0
13710,10.149256,1
13711,0.000187,1
13712,9.627417,1
13713,0.000269,0
13714,0.000151,0
13715,9.179287,0
13716,11.310309,0
13717,9.101534,1
13718,8.1e-05,1
13719,0.000194,1
13720,13.037483,0
13721,0.000517,1
13722,0.000416,1
13723,10.391748,0
13724,10.759398,0
13725,9.6e-05,1
13726,9.30372,0
13727,8.953157,1
13728,8.316929,0
13729,13.332134,0
13730,8.186161,1
13731,9.212128,1
13732,0.000349,1
13733,9.721578,0
13734,9.437836,1
13735,0.000264,1
13736,11.622912,1
13737,0.000346,1
13738,8.146699,0
13739,10.004905,1
13740,11.202525,1
13741,10.292603,1
13742,0.000333,1
13743,10.476253,0
13744,0.000233,1
13745,9.2e-05,1
13746,11.270711,1
13747,0.000566,1
13748,10.922788,0
13749,0.000518,0
13750,0.000119,1
13751,7.7e-05,1
13752,9.639634,0
13753,0.00024,1
13754,6.3e-05,1
13755,10.332957,1
13756,0.000867,1
13757,5e-05,1
13758,5.1e-05,1
13759,11.840254,1
13760,0.000202,1
13761,8.4e-05,1
13762,7.3799,0
13763,7.200862,0
13764,0.000371,1
13765,0.000137,1
13766,9.305034,1
13767,10.525805,0
13768,9.898246,1
13769,0.000405,1
13770,10.989694,1
13771,0.000217,1
13772,0.000624,1
13773,0.000122,0
13774,8.187959,1
13775,10.788005,1
13776,11.600377,1
13777,11.485266,1
13778,0.000177,1
13779,0.000244,1
13780,0.000161,0
13781,0.000216,1
13782,7.979731,0
13783,8.5e-05,1
13784,0.000805,1
13785,0.000183,1
13786,10.031243,0
13787,9e-05,1
13788,3.1e-05,1
13789,10.321357,1
13790,12.118056,1
13791,10.375244,1
13792,0.000136,1
13793,10.499435,1
13794,9.5e-05,1
13795,0.000819,1
13796,0.000411,1
13797,9.103156,1
13798,0.000144,1
13799,10.748904,0
13800,11.31308,0
13801,10.825002,1
13802,12.5423,0
13803,0.000478,1
13804,9.9e-05,1
13805,8.838647,0
13806,10.789227,1
13807,8.559276,1
13808,9.004298,1
13809,10.100499,1
13810,10.518329,0
13811,10.562308,1
13812,0.000141,0
13813,10.782975,0
13814,0.000265,1
13815,0.000754,1
13816,9.905678,0
13817,8.608953,0
13818,11.023877,0
13819,11.245088,1
13820,0.000941,1
13821,8.880624,1
13822,0.000395,1
13823,0.000121,1
13824,0.000162,1
13825,12.105908,0
13826,10.890384,1
13827,7.408587,0
13828,11.170101,0
13829,0.000977,1
13830,9.051214,1
13831,9.4e-05,0
13832,7.6e-05,1
13833,0.000229,1
13834,9.40511,0
13835,11.737763,0
13836,11.306934,1
13837,7.131771,1
13838,0.000865,1
13839,8.393078,1
13840,0.000222,1
13841,7.856829,1
13842,0.000205,1
13843,0.000265,1
13844,0.000389,1
13845,11.286461,0
13846,11.866925,1
13847,12.024143,0
13848,11.143021,0
13849,5.6e-05,1
13850,0.000289,1
13851,6.9e-05,1
13852,11.519774,1
13853,10.539926,0
13854,0.000282,1
13855,11.048552,1
13856,8.610291,1
13857,7.9e-05,1
13858,5.2e-05,0
13859,9.2e-05,0
13860,0.00055,1
13861,7.549507,0
13862,10.31845,0
13863,0.000167,1
13864,0.000108,0
13865,11.415886,1
13866,10.946896,1
13867,7.220634,0
13868,7.5e-05,1
13869,9.470752,0
13870,11.199752,1
13871,9.101601,0
13872,0.000204,1
13873,6.3e-05,0
13874,0.000194,1
13875,9.7e-05,1
13876,0.000241,1
13877,7.4e-05,1
13878,0.00018,1
13879,11.143353,0
13880,10.420696,0
13881,8.523384,1
13882,9.674648,0
13883,0.000443,1
13884,0.00015,1
13885,9.769938,1
13886,10.360822,1
13887,0.001195,1
13888,6.5e-05,1
13889,8.852485,1
13890,9.442966,1
13891,8.657317,1
13892,0.00013,1
13893,10.540195,0
13894,11.530466,1
13895,7.003715,0
13896,10.446668,1
13897,0.000402,1
13898,0.000282,1
13899,10.538932,1
13900,10.949792,1
13901,12.514923,1
13902,0.000434,1
13903,7.5e-05,1
13904,0.000283,1
13905,8.819242,0
13906,0.001363,1
13907,9.911805,1
13908,9.2e-05,1
13909,0.000432,1
13910,7.2e-05,1
13911,0.00018,1
13912,4.1e-05,0
13913,0.000258,1
13914,8e-05,1
13915,8.671966,0
13916,10.473081,1
13917,8.699251,1
13918,0.000234,1
13919,8.4e-05,1
13920,8.305821,0
13921,8.682538,1
13922,9.8e-05,1
13923,0.000162,1
13924,8.147384,0
13925,11.488075,1
13926,0.0002,1
13927,12.817868,0
13928,9.642258,1
13929,11.944754,1
13930,8.2e-05,1
13931,0.000133,1
13932,12.055813,1
13933,8.6e-05,1
13934,3e-05,1
13935,8.230401,0
13936,7.4e-05,0
13937,0.000227,1
13938,10.950237,0
13939,11.464342,1
13940,10.312289,0
13941,9.489086,1
13942,0.000434,1
13943,0.000171,0
13944,11.194503,0
13945,3.9e-05,1
13946,12.81484,0
13947,0.000733,1
13948,12.276577,1
13949,8.375728,0
13950,10.537422,0
13951,0.000626,1
13952,0.000116,1
13953,0.0001,1
13954,12.476231,0
13955,0.00022,1
13956,9.295314,1
13957,10.230714,0
13958,0.000751,1
13959,11.000446,0
13960,13.56914,1
13961,10.414865,1
13962,10.73831,1
13963,0.000199,0
13964,11.816722,0
13965,0.000794,1
13966,9.848323,1
13967,7.447862,0
13968,7.618515,1
13969,10.918245,0
13970,10.564751,1
13971,9.676289,0
13972,0.000772,1
13973,9.445802,0
13974,0.000306,1
13975,13.131222,0
13976,7.3e-05,1
13977,12.267357,0
13978,8.792853,0
13979,12.563711,0
13980,0.000106,1
13981,12.496911,0
13982,11.280356,0
13983,0.000118,1
13984,0.000121,1
13985,8.1e-05,1
13986,7.611252,0
13987,7.429483,1
13988,0.000117,1
13989,11.609789,1
13990,5.9e-05,1
13991,11.018118,1
13992,11.367243,0
13993,10.305652,1
13994,0.000116,1
13995,12.094968,1
13996,11.649609,0
13997,14.574515,0
13998,9.350981,1
13999,9.7e-05,0
14000,0.000184,1
14001,11.439678,1
14002,9.136749,0
14003,12.412307,0
14004,5.4e-05,1
14005,7.104804,1
14006,0.000677,1
14007,7.907092,0
14008,13.626859,1
14009,10.494189,1
14010,10.116666,1
14011,8.7e-05,1
14012,9.103726,0
14013,10.255339,0
14014,8.104562,0
14015,0.00098,1
14016,9.5e-05,1
14017,0.000134,1
14018,9.608699,0
14019,0.000727,1
14020,0.000416,1
14021,7.92318,1
14022,7.631562,0
14023,10.501558,1
14024,8.379984,0
14025,0.000142,1
14026,5.8e-05,0
14027,8.9e-05,1
14028,11.867261,0
14029,12.408047,0
14030,0.000212,1
14031,0.00035,0
14032,12.153122,1
14033,0.000195,1
14034,9.987844,0
14035,9.383055,1
14036,5.7e-05,1
14037,0.001051,1
14038,8.505681,0
14039,10.893849,1
14040,0.00032,1
14041,7.365309,0
14042,4.2e-05,1
14043,0.000286,0
14044,10.417588,1
14045,0.000232,1
14046,6.9e-05,1
14047,6.5e-05,1
14048,0.00013,1
14049,10.969691,1
14050,8.7e-05,0
14051,0.000184,0
14052,0.000139,1
14053,14.516402,1
14054,0.000235,1
14055,7.600451,1
14056,12.956447,1
14057,0.000368,1
14058,11.478913,1
14059,0.000189,1
14060,0.000332,0
14061,10.162389,0
14062,0.000132,1
14063,8.752161,0
14064,4.5e-05,1
14065,0.000171,0
14066,0.000163,1
14067,0.000482,0
14068,11.726598,1
14069,12.890923,0
14070,0.000116,1
14071,0.000162,1
14072,5.3e-05,0
14073,12.075984,0
14074,9.86673,0
14075,0.000316,1
14076,10.17226,0
14077,0.00044,0
14078,10.266179,0
14079,0.000463,1
14080,11.636617,1
14081,0.000189,1
14082,0.000168,1
14083,7.5796,0
14084,10.582022,0
14085,7.460784,1
14086,0.000101,0
14087,0.000131,1
14088,7.891226,0
14089,11.507657,0
14090,0.00031,1
14091,0.000105,1
14092,7.1554,1
14093,12.257874,0
14094,9e-05,1
14095,0.000216,0
14096,9.849687,0
14097,0.000133,0
14098,9.091634,0
14099,8.502172,1
14100,7.160101,0
14101,12.333193,0
14102,9.917658,1
14103,10.755653,0
14104,10.526208,1
14105,0.000203,1
14106,13.613536,1
14107,11.675781,1
14108,10.184821,0
14109,0.000473,1
14110,6.5e-05,1
14111,8.943721,0
14112,11.933484,0
14113,10.147984,0
14114,9.703315,0
14115,8.7e-05,1
14116,10.617831,1
14117,7.6e-05,1
14118,9.968472,0
14119,12.199593,1
14120,10.767146,1
14121,0.00017,1
14122,10.376054,1
14123,8.046749,1
14124,9.418899,0
14125,0.000122,1
14126,0.000298,1
14127,8.700396,0
14128,9.28257,1
14129,9.552508,1
14130,0.000116,1
14131,8.989345,1
14132,8.88638,0
14133,10.25198,0
14134,8.531959,0
14135,11.091916,0
14136,11.326631,0
14137,0.000121,1
14138,0.000248,1
14139,12.380268,1
14140,10.564095,1
14141,0.001363,1
14142,9.7363,0
14143,9.531857,1
14144,14.376141,1
14145,0.00014,1
14146,10.101906,0
14147,11.402195,1
14148,7.181571,0
14149,0.000205,0
14150,11.099062,1
14151,11.694085,0
14152,9.60171,1
14153,12.374118,0
14154,9.119039,0
14155,10.926198,1
14156,12.471356,1
14157,0.000132,0
14158,6.7e-05,0
14159,11.599791,0
14160,8.526989,0
14161,0.000123,1
14162,9.410743,0
14163,7.320798,0
14164,10.701351,1
14165,8.999004,0
14166,0.000176,1
14167,10.856966,1
14168,10.758323,1
14169,11.000384,0
14170,10.867498,1
14171,11.303068,1
14172,9.2e-05,1
14173,0.0002,1
14174,11.409663,0
14175,0.000168,0
14176,8.680464,0
14177,11.038769,0
14178,0.000302,1
14179,7.425158,1
14180,10.150898,1
14181,11.40147,1
14182,11.718563,0
14183,0.000232,1
14184,10.669378,1
14185,0.000139,0
14186,0.000157,1
14187,10.779925,1
14188,8.686827,0
14189,0.000154,1
14190,0.000522,1
14191,0.00085,1
14192,2.7e-05,1
14193,0.000216,1
14194,11.030684,0
14195,9.769648,1
14196,0.000272,1
14197,8.318543,1
14198,0.000349,1
14199,0.000177,1
14200,9.585331,0
14201,12.263278,1
14202,0.000303,1
14203,10.817742,1
14204,9.934827,0
14205,7.398242,1
14206,11.176299,0
14207,0.000157,1
14208,0.000108,1
14209,10.867137,0
14210,8e-05,1
14211,8.5e-05,0
14212,7.805005,0
14213,9.562057,1
14214,10.15842,0
14215,12.137414,1
14216,11.219695,1
14217,0.000119,1
14218,6.808339,1
14219,5.4e-05,1
14220,10.750736,1
14221,13.736252,0
14222,8.597163,1
14223,11.791684,0
14224,0.000676,1
14225,12.843408,0
14226,12.759412,0
14227,11.265037,1
14228,0.000525,1
14229,10.608731,1
14230,8.933421,1
14231,10.519676,0
14232,7.4e-05,1
14233,9.468621,0
14234,8.4e-05,0
14235,4.6e-05,1
14236,11.143407,1
14237,12.16743,0
14238,7.577533,0
14239,0.000521,1
14240,8.778093,0
14241,0.000173,1
14242,9.536667,0
14243,0.000223,1
14244,9.474137,0
14245,12.439072,1
14246,12.545562,1
14247,0.000231,1
14248,7.945304,1
14249,0.000331,1
14250,0.000235,1
14251,0.000229,0
14252,9.591849,0
14253,0.000182,0
14254,8.8e-05,0
14255,0.000116,1
14256,11.210477,1
14257,10.074333,0
14258,7.449474,1
14259,10.586349,1
14260,7.224977,0
14261,0.000301,1
14262,0.00026,1
14263,0.000109,1
14264,0.000193,1
14265,0.000346,1
14266,0.000173,1
14267,8.334851,1
14268,0.000148,1
14269,0.000563,1
14270,3.6e-05,0
14271,8.9e-05,1
14272,10.536679,1
14273,9.922511,0
14274,10.462086,1
14275,9.427586,0
14276,0.000287,1
14277,11.040691,1
14278,9.75686,1
14279,0.000177,1
14280,8.868207,1
14281,10.275171,1
14282,9.760063,1
14283,0.000348,1
14284,12.227932,1
14285,14.647991,0
14286,0.000263,1
14287,0.000121,1
14288,9.711374,1
14289,0.000216,1
14290,0.00066,1
14291,12.013679,1
14292,0.000257,1
14293,8.337519,1
14294,11.249289,0
14295,10.755903,1
14296,6e-05,1
14297,6.6e-05,1
14298,0.000176,1
14299,3.4e-05,0
14300,9.827171,1
14301,2.8e-05,0
14302,0.000149,0
14303,9.07906,0
14304,12.775211,1
14305,10.864995,1
14306,0.000195,1
14307,9.3e-05,1
14308,9.653379,0
14309,12.038861,0
14310,6.4e-05,1
14311,10.45339,1
14312,10.501228,1
14313,9.312961,1
14314,11.699164,1
14315,12.178968,1
14316,0.000232,1
14317,0.000134,0
14318,13.369742,0
14319,0.000147,0
14320,9.940299,1
14321,8.761601,1
14322,0.000418,1
14323,0.000141,0
14324,0.000211,1
14325,0.000138,1
14326,10.096141,0
14327,7.158603,0
14328,6.7e-05,0
14329,7.171604,1
14330,12.961809,1
14331,0.000168,0
14332,10.20049,1
14333,8.814956,1
14334,11.937482,1
14335,8.4e-05,1
14336,14.251454,0
14337,0.000296,1
14338,9.355227,0
14339,9.64332,1
14340,7.448918,0
14341,12.311164,0
14342,10.793838,1
14343,9.435098,0
14344,0.000141,1
14345,0.000537,1
14346,12.328357,0
14347,11.326139,1
14348,0.000202,1
14349,0.00015,1
14350,6.3e-05,0
14351,9.9e-05,1
14352,11.057397,1
14353,8.379176,0
14354,6.764699,0
14355,11.112391,0
14356,12.969863,0
14357,9.860952,0
14358,0.000369,1
14359,7.502635,0
14360,9.195098,0
14361,12.857763,0
14362,0.000119,1
14363,9.862678,1
14364,9.369118,0
14365,7.4e-05,1
14366,0.000778,1
14367,0.000191,0
14368,12.827093,1
14369,10.163325,1
14370,9.9e-05,1
14371,13.631283,0
14372,10.388103,1
14373,9.130988,0
14374,9.41286,1
14375,0.000457,1
14376,3.2e-05,1
14377,0.000162,1
14378,13.319232,1
14379,7.505388,0
14380,9.981443,0
14381,11.247069,1
14382,0.00072,0
14383,10.860987,1
14384,10.045321,0
14385,4.9e-05,1
14386,12.044029,0
14387,7.184986,0
14388,11.797459,1
14389,0.00013,1
14390,0.000307,1
14391,11.174632,0
14392,0.000601,1
14393,0.000117,1
14394,10.507508,0
14395,10.914968,1
14396,11.250093,0
14397,11.167927,0
14398,7.3e-05,1
14399,0.00026,1
14400,11.621473,1
14401,11.796984,0
14402,0.00023,1
14403,0.000108,1
14404,0.000647,1
14405,11.32361,0
14406,9.7e-05,0
14407,8.187657,1
14408,5.9e-05,1
14409,7.330702,0
14410,8.817729,0
14411,12.006028,0
14412,0.00027,1
14413,14.375834,0
14414,9.868983,0
14415,6.978751,0
14416,10.122618,1
14417,0.000797,1
14418,0.000162,1
14419,3.9e-05,1
14420,10.784594,1
14421,11.465132,0
14422,10.95928,1
14423,10.253835,1
14424,7.759711,1
14425,0.000334,1
14426,9.334561,1
14427,0.000146,0
14428,12.728083,1
14429,9.95304,0
14430,9.931356,1
14431,8.663773,0
14432,7.656927,1
14433,0.000415,1
14434,6.956127,0
14435,10.721134,1
14436,10.225285,1
14437,10.073258,1
14438,0.000221,1
14439,4e-05,0
14440,6.966639,0
14441,10.527615,1
14442,0.000237,0
14443,0.000422,1
14444,13.830318,0
14445,8.747132,0
14446,12.426017,0
14447,8.6e-05,1
14448,9.78853,1
14449,7.2e-05,1
14450,9.485904,1
14451,0.000683,1
14452,13.129683,0
14453,5.1e-05,0
14454,10.720612,0
14455,7.734337,0
14456,8.782779,0
14457,0.000109,1
14458,12.94784,1
14459,10.351109,1
14460,9.067339,1
14461,0.000186,1
14462,7.790138,0
14463,9.585012,1
14464,0.000141,1
14465,10.689766,1
14466,10.803649,1
14467,10.128622,1
14468,11.365418,1
14469,7.392004,0
14470,3.9e-05,1
14471,10.354764,1
14472,9.598125,0
14473,12.040611,0
14474,10.259617,1
14475,0.000186,1
14476,0.00028,1
14477,11.462641,1
14478,0.00026,1
14479,0.000205,1
14480,11.186982,1
14481,0.00013,1
14482,8.940083,1
14483,0.000136,1
14484,9.878644,0
14485,10.248279,1
14486,9.580057,0
14487,0.00034,1
14488,8.620624,1
14489,0.000124,1
14490,11.87887,0
14491,10.050361,0
14492,9.122857,0
14493,9.648634,1
14494,7.196119,0
14495,9.95629,0
14496,0.000139,1
14497,9.50423,0
14498,10.379414,0
14499,7.265707,0
14500,8.930571,0
14501,0.000473,1
14502,10.044667,1
14503,11.278565,1
14504,0.000114,0
14505,9.626587,0
14506,9.662253,1
14507,0.000118,0
14508,13.256305,0
14509,8.766165,0
14510,0.000582,1
14511,9.888097,0
14512,13.143278,1
14513,0.000323,0
14514,9.405533,1
14515,7.320973,0
14516,12.025343,0
14517,10.903196,1
14518,11.369085,1
14519,8.732052,0
14520,9.622431,1
14521,10.997732,1
14522,0.000216,1
14523,9.004973,0
14524,10.467463,1
14525,9.166018,1
14526,8.91192,1
14527,9.495275,1
14528,12.899641,1
14529,10.516033,1
14530,3.7e-05,1
14531,0.001861,1
14532,10.573463,0
14533,0.000141,0
14534,0.000886,1
14535,0.00019,1
14536,9.5e-05,1
14537,9.377522,1
14538,10.074091,0
14539,8.201875,1
14540,0.000113,1
14541,9.696686,0
14542,0.000165,0
14543,11.724806,1
14544,10.702979,1
14545,10.741325,1
14546,11.842994,1
14547,12.476834,0
14548,0.000109,1
14549,0.000107,1
14550,11.402022,1
14551,0.000302,1
14552,0.000337,0
14553,8.8e-05,1
14554,0.000166,1
14555,9.559971,0
14556,10.470076,1
14557,8.219443,0
14558,9.977412,0
14559,0.000239,1
14560,10.858932,1
14561,11.95179,1
14562,7.378794,0
14563,11.566703,0
14564,0.000502,1
14565,11.202179,0
14566,11.846199,0
14567,0.000643,1
14568,4.5e-05,0
14569,0.001071,1
14570,0.000134,0
14571,7.662337,1
14572,9.992837,0
14573,0.000122,1
14574,10.176608,1
14575,0.0002,1
14576,4.2e-05,0
14577,11.589156,0
14578,6e-05,1
14579,9e-05,1
14580,10.340415,1
14581,9.45695,1
14582,0.000339,1
14583,7.6e-05,0
14584,7.18967,0
14585,10.07075,1
14586,0.000465,1
14587,0.000154,1
14588,0.000164,1
14589,11.431435,0
14590,0.000412,1
14591,9.919909,0
14592,10.793525,1
14593,10.964347,1
14594,11.985828,1
14595,9.955327,1
14596,10.679019,1
14597,0.000237,1
14598,0.000359,1
14599,9.069201,0
14600,0.000215,1
14601,9.764123,1
14602,13.1009,0
14603,11.354775,0
14604,10.929009,1
14605,0.000491,1
14606,9.8072,0
14607,9.683871,1
14608,10.021914,0
14609,11.979949,0
14610,9.788383,0
14611,0.000261,1
14612,0.000189,1
14613,8.487721,0
14614,9.150967,0
14615,7.438681,1
14616,8.395695,1
14617,9.024981,1
14618,0.000227,1
14619,8.883202,1
14620,7.63557,0
14621,7.521881,0
14622,0.000257,1
14623,0.00062,1
14624,15.64344,0
14625,13.724326,1
14626,0.000157,1
14627,6.2e-05,1
14628,3.8e-05,0
14629,9.4e-05,1
14630,10.652187,1
14631,11.287707,1
14632,0.000285,1
14633,11.903789,0
14634,11.749499,0
14635,9.683887,0
14636,0.000124,1
14637,10.798979,1
14638,4.4e-05,0
14639,10.607939,1
14640,14.115089,0
14641,10.770879,0
14642,7.91545,1
14643,10.527673,1
14644,10.437385,1
14645,6.4e-05,0
14646,11.271117,1
14647,0.00016,1
14648,10.500172,0
14649,10.382702,1
14650,11.700014,0
14651,0.000362,1
14652,8.035028,0
14653,0.000392,1
14654,6.3e-05,0
14655,5.5e-05,0
14656,0.000252,0
14657,11.69656,0
14658,11.055127,1
14659,9.644799,0
14660,7.495937,0
14661,7.89384,0
14662,10.249272,1
14663,0.000131,1
14664,0.000166,1
14665,6.3e-05,1
14666,10.174154,1
14667,0.000256,1
14668,12.294835,0
14669,5.9e-05,0
14670,9.1e-05,1
14671,0.000436,1
14672,8.7e-05,0
14673,0.000131,1
14674,0.000219,1
14675,11.427188,1
14676,0.000191,0
14677,4.4e-05,1
14678,0.000307,1
14679,0.000779,1
14680,9.321113,1
14681,10.935596,1
14682,0.000413,1
14683,8.4e-05,1
14684,8.956143,1
14685,0.000174,1
14686,10.230612,1
14687,4.7e-05,1
14688,0.000317,1
14689,11.490062,1
14690,10.454635,0
14691,0.000162,1
14692,10.632749,0
14693,11.63121,1
14694,11.679787,1
14695,10.681134,1
14696,8.998173,0
14697,11.085154,0
14698,0.000601,1
14699,0.000201,0
14700,5.5e-05,1
14701,7.671273,1
14702,9.596455,0
14703,12.233633,1
14704,9.181646,1
14705,3.7e-05,1
14706,13.591324,1
14707,0.000211,0
14708,11.452886,1
14709,12.421251,0
14710,9.303185,0
14711,0.000374,1
14712,0.000178,1
14713,0.00011,1
14714,11.638204,1
14715,12.197812,0
14716,5.7e-05,1
14717,12.92123,1
14718,5.7e-05,1
14719,0.00023,1
14720,0.000138,1
14721,4.4e-05,1
14722,3.8e-05,0
14723,10.388805,1
14724,0.000242,0
14725,12.639638,0
14726,0.00023,1
14727,8.044504,0
14728,0.000231,0
14729,11.388565,0
14730,0.000207,1
14731,11.211067,0
14732,0.000692,1
14733,0.000622,1
14734,0.000109,1
14735,10.992242,0
14736,9.311873,1
14737,10.701535,1
14738,10.840366,1
14739,10.492167,0
14740,10.000879,1
14741,10.698913,1
14742,9.8e-05,1
14743,12.373114,1
14744,6.7e-05,1
14745,11.139814,1
14746,9.39199,0
14747,4.8e-05,0
14748,8.968201,0
14749,10.397832,1
14750,0.000179,1
14751,11.17022,0
14752,11.376182,1
14753,12.538962,1
14754,9.42733,1
14755,0.00011,1
14756,7.828962,0
14757,5.5e-05,1
14758,0.000135,1
14759,0.000152,1
14760,12.783591,1
14761,0.000243,1
14762,9.1e-05,0
14763,0.000205,1
14764,0.000103,1
14765,7.319634,0
14766,0.00246,1
14767,10.680661,0
14768,0.000112,1
14769,5.1e-05,0
14770,8.66337,1
14771,9.53867,1
14772,11.52472,0
14773,7.612214,0
14774,0.000929,1
14775,0.000177,1
14776,8.659917,1
14777,4.4e-05,0
14778,6.9e-05,1
14779,9.411975,0
14780,0.000168,1
14781,7.324409,1
14782,0.000213,1
14783,8.173869,1
14784,10.125572,0
14785,6.947989,0
14786,9.2e-05,1
14787,11.044812,0
14788,0.000177,0
14789,0.000211,1
14790,0.000317,1
14791,9.839768,0
14792,11.242303,1
14793,11.216742,1
14794,13.247519,0
14795,8.612913,1
14796,10.718554,1
14797,0.000104,0
14798,12.438093,0
14799,10.411057,1
14800,3.7e-05,0
14801,11.264853,1
14802,7.598322,1
14803,0.000309,1
14804,5.8e-05,1
14805,13.793165,1
14806,0.000272,1
14807,6.5e-05,1
14808,0.000254,1
14809,0.000451,1
14810,8.942119,1
14811,11.461745,1
14812,11.406216,1
14813,0.000161,1
14814,12.446129,0
14815,9.112244,0
14816,0.000484,1
14817,0.000288,1
14818,7.395804,0
14819,0.000217,0
14820,9.264495,1
14821,0.000161,1
14822,0.000122,1
14823,9.300132,0
14824,10.471948,1
14825,0.000141,1
14826,0.000178,1
14827,3.7e-05,1
14828,11.345953,1
14829,9.403231,1
14830,9.778172,1
14831,11.794861,0
14832,11.913859,1
14833,8.205705,0
14834,9.863897,0
14835,4e-05,1
14836,0.000292,1
14837,9.497222,1
14838,11.001922,0
14839,0.000209,1
14840,9.410732,0
14841,9.878512,0
14842,9.612412,0
14843,0.000378,1
14844,11.906865,1
14845,3.7e-05,1
14846,0.000501,1
14847,7.74477,0
14848,10.308022,0
14849,13.148383,0
14850,0.000472,1
14851,12.092217,0
14852,0.000164,1
14853,8.137511,0
14854,12.138196,1
14855,11.928319,1
14856,7.604282,1
14857,12.001355,1
14858,0.000146,1
14859,10.128076,1
14860,5.5e-05,0
14861,10.87756,0
14862,10.578023,1
14863,8.187174,1
14864,9.24181,0
14865,11.33708,1
14866,12.031862,1
14867,8.988556,0
14868,0.000246,1
14869,0.000182,1
14870,8.848784,0
14871,9.412041,1
14872,0.000102,0
14873,9.676079,1
14874,10.667775,0
14875,10.517214,1
14876,11.217723,0
14877,11.334213,0
14878,11.048409,0
14879,9.287445,0
14880,9.218521,0
14881,9.547292,0
14882,11.88018,1
14883,12.436106,1
14884,0.00029,1
14885,11.545607,1
14886,0.000422,0
14887,11.610947,1
14888,0.000272,1
14889,9.297046,0
14890,7.146943,1
14891,0.000206,1
14892,9.561747,1
14893,11.856889,1
14894,0.000359,1
14895,13.076033,0
14896,10.438766,1
14897,0.000203,1
14898,10.889266,1
14899,13.119752,1
14900,6.1e-05,1
14901,0.000167,1
14902,7.8e-05,1
14903,10.032182,1
14904,7.259737,1
14905,10.542854,1
14906,0.000101,1
14907,0.000674,1
14908,0.000227,0
14909,9.358105,1
14910,11.278925,1
14911,0.000206,0
14912,11.068609,0
14913,0.00025,1
14914,0.000247,0
14915,12.231483,1
14916,9.659777,1
14917,10.640508,1
14918,10.856426,1
14919,10.099748,1
14920,6.2e-05,1
14921,0.000587,1
14922,10.835348,0
14923,0.000458,1
14924,9.069238,0
14925,0.000324,1
14926,9.125262,1
14927,11.369408,0
14928,11.321956,1
14929,11.403317,1
14930,11.160645,0
14931,9.208881,0
14932,0.000296,1
14933,0.000246,1
14934,6.8e-05,1
14935,0.000181,0
14936,12.852991,1
14937,0.000158,1
14938,9.466356,1
14939,13.652477,0
14940,0.000401,1
14941,0.00014,1
14942,3.9e-05,1
14943,10.747716,1
14944,0.000121,1
14945,10.09824,1
14946,9.763367,0
14947,11.73231,1
14948,12.189573,0
14949,9.795638,1
14950,11.655461,0
14951,0.000147,1
14952,0.000262,1
14953,7.187869,0
14954,7.287289,1
14955,14.02789,0
14956,13.702771,1
14957,11.32013,0
14958,9.72166,0
14959,8.353307,1
14960,9.487173,1
14961,5e-05,0
14962,10.924563,0
14963,11.206494,0
14964,0.00027,1
14965,10.499956,1
14966,0.000224,0
14967,10.511195,1
14968,11.41838,1
14969,10.876145,1
14970,11.47738,1
14971,0.00014,1
14972,6.3e-05,0
14973,6.847737,1
14974,9.80468,0
14975,10.75716,0
14976,10.287724,1
14977,9.28915,0
14978,0.00014,0
14979,0.00011,1
14980,7.193083,0
14981,0.000359,0
14982,10.860966,1
14983,14.339144,0
14984,0.000122,1
14985,10.433648,1
14986,10.707635,0
14987,0.000106,1
14988,8.8e-05,0
14989,10.110794,1
14990,7.956448,0
14991,9.632709,0
14992,0.00046,1
14993,7.2e-05,1
14994,9e-05,1
14995,10.048592,0
14996,9.209455,0
14997,0.000215,1
14998,9.742704,1
14999,11.210247,0
15000,0.000104,0
15001,0.000215,1
15002,11.735441,1
15003,9.542357,1
15004,0.000156,1
15005,0.000293,1
15006,0.000136,1
15007,0.000246,0
15008,7.543746,0
15009,9.192771,1
15010,6.4e-05,0
15011,3.6e-05,1
15012,8.509758,0
15013,4.6e-05,1
15014,9.566364,1
15015,5.7e-05,1
15016,7.66076,0
15017,7.780587,0
15018,6.2e-05,1
15019,11.118342,1
15020,10.429993,1
15021,11.342122,0
15022,0.000445,1
15023,9.7e-05,1
15024,11.443,1
15025,0.00015,0
15026,7.306923,0
15027,10.416422,0
15028,10.764801,1
15029,0.000131,1
15030,10.850907,1
15031,0.000273,1
15032,12.327061,1
15033,9.1e-05,0
15034,0.000493,1
15035,0.000102,0
15036,13.790317,1
15037,10.535409,0
15038,0.000813,1
15039,11.657055,1
15040,7.1e-05,1
15041,0.000341,1
15042,9.6e-05,1
15043,7.8e-05,1
15044,0.000153,1
15045,10.857136,1
15046,10.455295,1
15047,10.733152,0
15048,9.842781,1
15049,0.000154,1
15050,0.000121,1
15051,7.45172,0
15052,10.449743,1
15053,11.513387,1
15054,0.000277,1
15055,0.000175,0
15056,9.285787,1
15057,0.000119,1
15058,0.000346,1
15059,0.003366,0
15060,12.144653,1
15061,4.2e-05,0
15062,0.000148,1
15063,12.245818,0
15064,9.088936,0
15065,0.000172,1
15066,12.533789,0
15067,0.001591,1
15068,0.000729,1
15069,12.229486,0
15070,0.000578,1
15071,0.00016,0
15072,10.621119,1
15073,9.7e-05,0
15074,0.000644,1
15075,0.000161,1
15076,0.000195,1
15077,11.546781,1
15078,11.871626,1
15079,0.000114,1
15080,0.000182,1
15081,0.000186,1
15082,10.261687,0
15083,10.427831,1
15084,8.614679,0
15085,0.000154,1
15086,8.7e-05,1
15087,7.977459,1
15088,0.000213,1
15089,8.469309,0
15090,13.923452,1
15091,0.000139,1
15092,0.000223,1
15093,10.561847,1
15094,11.276736,1
15095,10.680711,0
15096,0.000622,1
15097,14.557464,1
15098,7.563935,0
15099,0.000466,1
15100,0.000341,1
15101,11.982379,0
15102,11.048572,1
15103,6.9e-05,0
15104,8.688981,1
15105,10.290936,1
15106,9.527138,1
15107,9.034362,1
15108,11.41811,0
15109,11.278099,0
15110,0.00011,0
15111,10.463932,1
15112,7.464726,0
15113,4.4e-05,0
15114,8.737888,0
15115,9.903773,1
15116,9.642422,1
15117,7.269554,1
15118,9.334847,1
15119,6.9e-05,1
15120,12.398128,0
15121,0.000172,1
15122,0.000193,1
15123,12.350636,1
15124,0.000109,1
15125,5.9e-05,1
15126,8.7e-05,0
15127,0.000143,0
15128,7.550673,1
15129,9.855443,0
15130,0.000306,1
15131,10.58485,0
15132,7.330109,0
15133,10.494234,1
15134,13.180532,1
15135,0.000278,1
15136,0.000143,0
15137,0.000246,1
15138,0.000563,1
15139,12.204263,0
15140,11.225588,1
15141,8.944836,1
15142,8.984262,0
15143,0.000113,1
15144,9.338469,1
15145,9.61643,1
15146,8.992043,1
15147,9.593053,1
15148,12.685533,0
15149,10.70552,1
15150,9.933482,0
15151,0.000185,1
15152,9.510537,0
15153,5.4e-05,1
15154,0.000102,1
15155,0.000105,1
15156,0.000126,1
15157,9.048002,0
15158,12.06099,0
15159,12.514475,0
15160,8.276914,0
15161,12.653613,1
15162,9.8e-05,0
15163,10.480095,1
15164,10.983791,1
15165,8.829306,0
15166,11.203266,1
15167,10.39738,1
15168,0.000103,1
15169,7.717174,0
15170,0.00013,1
15171,0.000161,1
15172,7.2e-05,1
15173,10.999368,1
15174,12.278277,1
15175,10.857021,1
15176,0.000117,1
15177,0.000162,1
15178,10.679499,0
15179,10.986779,0
15180,0.000185,1
15181,11.73046,0
15182,12.199506,0
15183,9.522308,1
15184,8.1e-05,1
15185,9.799921,0
15186,9.6e-05,1
15187,0.000112,0
15188,7.5e-05,1
15189,7.9e-05,1
15190,0.000168,1
15191,0.000112,1
15192,0.000139,1
15193,0.000139,1
15194,0.000227,1
15195,11.295755,0
15196,10.499371,1
15197,0.000688,1
15198,9.593694,1
15199,11.289065,1
15200,0.000354,1
15201,7.7e-05,1
15202,11.306459,0
15203,0.000139,1
15204,11.424655,1
15205,10.853711,1
15206,0.000464,1
15207,0.000111,1
15208,7.445185,0
15209,0.000137,1
15210,10.14619,1
15211,9.946735,1
15212,9.159036,0
15213,0.000403,1
15214,0.000178,0
15215,10.326379,0
15216,0.000177,1
15217,9.468685,1
15218,9.957894,1
15219,10.638204,1
15220,9.629935,1
15221,13.323092,1
15222,8e-05,0
15223,0.000386,1
15224,10.97226,1
15225,0.000391,1
15226,0.000174,1
15227,7.689929,1
15228,4.1e-05,1
15229,11.381327,0
15230,11.205822,0
15231,9.356153,0
15232,7.144108,0
15233,0.000244,1
15234,11.101508,1
15235,0.000151,1
15236,10.477251,0
15237,7.766783,0
15238,0.000279,1
15239,0.000233,0
15240,0.00021,1
15241,10.536981,1
15242,12.507459,0
15243,0.000529,1
15244,11.088161,1
15245,2e-05,0
15246,10.484333,0
15247,7.704516,0
15248,7.415236,0
15249,8.1e-05,1
15250,0.002575,1
15251,0.000105,1
15252,7.4e-05,1
15253,9.09023,1
15254,11.56166,0
15255,0.000146,1
15256,0.000158,0
15257,10.18796,0
15258,0.000334,1
15259,0.000468,1
15260,0.000127,1
15261,9.137948,1
15262,9.8e-05,0
15263,0.000188,1
15264,0.000221,1
15265,10.889514,1
15266,10.089398,0
15267,9.59775,0
15268,11.558584,1
15269,10.04267,0
15270,10.531784,1
15271,0.000159,0
15272,0.000135,0
15273,7.8e-05,1
15274,9.266977,1
15275,1.9e-05,1
15276,9.746045,0
15277,10.476246,1
15278,12.710171,0
15279,13.160148,1
15280,0.000141,1
15281,8.983566,0
15282,0.000539,1
15283,0.000257,1
15284,8.413141,1
15285,0.00014,1
15286,9.592579,1
15287,13.209422,0
15288,10.32301,1
15289,9.987536,0
15290,9.840819,0
15291,0.000149,1
15292,9.2e-05,0
15293,0.000125,1
15294,0.000184,1
15295,0.000158,1
15296,9.08548,0
15297,5.7e-05,1
15298,10.33453,0
15299,0.000251,0
15300,0.000105,0
15301,10.061913,1
15302,9.25572,1
15303,0.000197,1
15304,0.000243,1
15305,9.581674,0
15306,10.307517,1
15307,11.581772,0
15308,10.250384,0
15309,11.087068,0
15310,10.674358,0
15311,10.157477,1
15312,9.8e-05,1
15313,9.71202,0
15314,0.000358,1
15315,10.603119,0
15316,13.887174,0
15317,9.140329,1
15318,11.968964,0
15319,11.667969,1
15320,9.485207,1
15321,10.206775,0
15322,0.000135,0
15323,0.00017,1
15324,0.000136,1
15325,12.634532,0
15326,11.125473,0
15327,8.119351,0
15328,0.000218,1
15329,8.469062,1
15330,10.247991,1
15331,12.303752,0
15332,0.000356,0
15333,8.582547,1
15334,10.899013,1
15335,10.975462,0
15336,0.000426,0
15337,10.522779,0
15338,9.592663,1
15339,9.542925,1
15340,7.482188,1
15341,0.000339,1
15342,6.871248,0
15343,10.997867,1
15344,12.128847,1
15345,10.420429,0
15346,0.000116,1
15347,9.346652,1
15348,12.172556,1
15349,4.8e-05,0
15350,5.8e-05,1
15351,9.30691,1
15352,0.000456,1
15353,10.022836,0
15354,11.152706,1
15355,12.124848,1
15356,10.731526,0
15357,0.000162,1
15358,10.002878,1
15359,0.000318,1
15360,9.021029,1
15361,0.000143,1
15362,0.000171,1
15363,10.832413,1
15364,10.08082,0
15365,11.730371,1
15366,10.833457,1
15367,5.6e-05,0
15368,0.000189,1
15369,11.637391,0
15370,10.643452,0
15371,8.147346,0
15372,7.733953,0
15373,9.220122,1
15374,8.869466,0
15375,7.926107,1
15376,0.000163,1
15377,9.624516,0
15378,12.352728,0
15379,13.034167,1
15380,0.00016,1
15381,10.538065,0
15382,0.000156,1
15383,0.000164,1
15384,11.624259,0
15385,10.413107,0
15386,8.815525,0
15387,0.000421,1
15388,8e-05,1
15389,0.000288,1
15390,12.882673,1
15391,6.9e-05,0
15392,10.622737,1
15393,10.298163,0
15394,10.470759,1
15395,0.000262,1
15396,10.321896,0
15397,7.582048,1
15398,7.583093,0
15399,0.000176,1
15400,11.794993,0
15401,13.254717,1
15402,10.64119,1
15403,0.000302,1
15404,10.373274,1
15405,0.000199,1
15406,11.226645,0
15407,0.000285,1
15408,12.339396,1
15409,10.085663,0
15410,11.040008,0
15411,9.236444,0
15412,10.474966,0
15413,9.945132,0
15414,11.774325,1
15415,0.000172,1
15416,8.075372,0
15417,0.0001,0
15418,9.413422,1
15419,0.000154,1
15420,4.3e-05,1
15421,0.000107,0
15422,11.53646,0
15423,7.861845,0
15424,9.499177,1
15425,11.459257,0
15426,10.307762,1
15427,11.080643,0
15428,9.694258,1
15429,0.000208,0
15430,14.151661,0
15431,11.614911,1
15432,9.904505,1
15433,10.608597,1
15434,6.5e-05,1
15435,10.331235,0
15436,11.422476,1
15437,0.000152,1
15438,8.58998,0
15439,0.000683,1
15440,0.000236,0
15441,0.000589,1
15442,8.792685,1
15443,0.000141,1
15444,10.03622,0
15445,11.976169,1
15446,0.000133,1
15447,0.000207,1
15448,11.141759,1
15449,8.33545,1
15450,11.007742,1
15451,0.0003,1
15452,9.726919,0
15453,0.000204,1
15454,6.8e-05,1
15455,0.000357,1
15456,10.911019,1
15457,9.377025,0
15458,7.530739,1
15459,10.772575,1
15460,6.3e-05,1
15461,0.000137,1
15462,0.000326,1
15463,6.6e-05,1
15464,10.799178,1
15465,0.00013,1
15466,10.65516,1
15467,11.690567,1
15468,7.780762,1
15469,5.2e-05,1
15470,0.00023,1
15471,12.443822,0
15472,9.80434,1
15473,13.718595,1
15474,7.3e-05,1
15475,11.045208,0
15476,0.001047,1
15477,11.371691,0
15478,9.5e-05,1
15479,10.178943,1
15480,4.7e-05,1
15481,12.355213,1
15482,10.266291,0
15483,5.9e-05,0
15484,7.496125,0
15485,12.629343,1
15486,0.000325,1
15487,10.68773,0
15488,8.955092,0
15489,8.846008,0
15490,9.136864,0
15491,0.000156,1
15492,10.012551,0
15493,9.238146,1
15494,10.65812,1
15495,0.00019,1
15496,9.362739,1
15497,0.000116,1
15498,0.000177,0
15499,8.9e-05,0
15500,0.000169,1
15501,8.686478,1
15502,0.000138,1
15503,9.034098,0
15504,0.000312,1
15505,9.36129,1
15506,13.824101,1
15507,10.921323,1
15508,0.000124,1
15509,9.674644,0
15510,12.107938,0
15511,8.025353,0
15512,8.685334,1
15513,0.000158,1
15514,10.113936,1
15515,6.1e-05,1
15516,0.000244,1
15517,0.000182,1
15518,7.531992,1
15519,7.6e-05,0
15520,10.50417,1
15521,11.840274,1
15522,0.000107,1
15523,10.567442,0
15524,11.729606,0
15525,10.462412,1
15526,0.000118,0
15527,11.66179,0
15528,11.718309,1
15529,12.148622,1
15530,11.276511,1
15531,0.000224,1
15532,10.656978,1
15533,11.222571,1
15534,0.000146,0
15535,0.000101,1
15536,10.271304,1
15537,9.5e-05,1
15538,9.846426,0
15539,11.260841,1
15540,11.092336,1
15541,10.588737,1
15542,7.937055,1
15543,11.53698,1
15544,12.470387,1
15545,9.503438,0
15546,7.705836,0
15547,9.277906,1
15548,10.373466,1
15549,9.010813,1
15550,11.223376,0
15551,13.448263,1
15552,8.6e-05,1
15553,14.231427,0
15554,12.350129,0
15555,8.593695,0
15556,9.762202,0
15557,8.156514,0
15558,10.011375,0
15559,10.849771,0
15560,4.9e-05,1
15561,9.590602,1
15562,9.739472,1
15563,8.07513,1
15564,11.737192,1
15565,0.000459,1
15566,7.522704,0
15567,0.000324,0
15568,7.915319,1
15569,0.000101,1
15570,0.00064,1
15571,0.00023,1
15572,0.000134,1
15573,10.185053,1
15574,10.878889,0
15575,8.979673,1
15576,5.1e-05,0
15577,8.112303,0
15578,8.675297,0
15579,13.056152,1
15580,9.641871,1
15581,11.819381,0
15582,1.7e-05,0
15583,13.057967,1
15584,0.000102,1
15585,0.000212,0
15586,8.1e-05,0
15587,0.000156,1
15588,12.531699,1
15589,12.308984,1
15590,0.000182,1
15591,6.9e-05,1
15592,9.918674,0
15593,0.000155,1
15594,10.311809,1
15595,4.1e-05,0
15596,8.625752,1
15597,9.879795,1
15598,10.956949,1
15599,13.225822,1
15600,8.1e-05,1
15601,11.129828,0
15602,10.165074,1
15603,0.001666,1
15604,5.9e-05,1
15605,11.618898,1
15606,5.1e-05,0
15607,10.855418,1
15608,11.525824,0
15609,0.000153,1
15610,0.00012,1
15611,0.000189,1
15612,9.1e-05,0
15613,0.000117,1
15614,0.000244,1
15615,9.582893,1
15616,10.081173,1
15617,8.455642,0
15618,8.471258,1
15619,0.000182,0
15620,0.000243,1
15621,5.2e-05,1
15622,11.280794,1
15623,0.000354,1
15624,10.721135,1
15625,9.385628,1
15626,0.000152,1
15627,0.000317,1
15628,4.4e-05,1
15629,0.000537,0
15630,6.1e-05,1
15631,0.000547,1
15632,11.787831,0
15633,11.293179,1
15634,5.7e-05,0
15635,8.664448,1
15636,0.000393,1
15637,13.612376,0
15638,0.00025,1
15639,9.262475,0
15640,0.000161,0
15641,11.757929,0
15642,4e-05,1
15643,9.466226,1
15644,0.000244,1
15645,11.317242,0
15646,0.000102,0
15647,12.05264,1
15648,7.710539,0
15649,0.000218,1
15650,10.121631,0
15651,8.971098,1
15652,0.000403,1
15653,0.000153,0
15654,0.00013,1
15655,8.671688,0
15656,0.000187,1
15657,9.577909,0
15658,8.7e-05,0
15659,9.248798,1
15660,7.059187,1
15661,0.00033,1
15662,0.000128,0
15663,12.265388,1
15664,12.28351,1
15665,8.144855,1
15666,3.2e-05,0
15667,0.000543,1
15668,11.429161,0
15669,11.42251,0
15670,9.831372,1
15671,0.000279,1
15672,10.723039,1
15673,0.000276,1
15674,9.465906,0
15675,12.08635,0
15676,0.000262,1
15677,10.42057,1
15678,0.000256,1
15679,9.008556,0
15680,0.000765,1
15681,0.000129,0
15682,10.611806,1
15683,0.000105,1
15684,10.24095,1
15685,11.300897,1
15686,11.71745,1
15687,10.637027,0
15688,9.923888,1
15689,0.00076,1
15690,10.456583,1
15691,8.958646,1
15692,9.761517,1
15693,11.276549,0
15694,11.510799,0
15695,9.851942,1
15696,0.000586,1
15697,12.046077,1
15698,6.973258,1
15699,12.266249,1
15700,10.130934,0
15701,10.985468,1
15702,11.807513,1
15703,10.890325,0
15704,0.000361,1
15705,0.000213,1
15706,9.683587,1
15707,7.4e-05,1
15708,8.836213,0
15709,5.7e-05,1
15710,0.000134,1
15711,6.9e-05,1
15712,9.213799,0
15713,12.440869,0
15714,0.000277,1
15715,10.089043,1
15716,8.605662,0
15717,7.020556,0
15718,0.000179,1
15719,0.000285,1
15720,10.51543,1
15721,9.078195,0
15722,0.000201,1
15723,7.7e-05,1
15724,8.411929,0
15725,0.000135,1
15726,12.305989,1
15727,8.592129,1
15728,7.77848,1
15729,9.544806,0
15730,12.595337,1
15731,0.000312,0
15732,0.000146,1
15733,7.556437,0
15734,6.1e-05,0
15735,0.000118,1
15736,10.611225,1
15737,12.118254,0
15738,0.000361,1
15739,2e-05,0
15740,7.185742,0
15741,0.000122,1
15742,7.9e-05,1
15743,0.000114,0
15744,11.351028,1
15745,9.90098,1
15746,12.120841,0
15747,0.000102,1
15748,0.000423,1
15749,9.811595,0
15750,9.656155,0
15751,7.550797,0
15752,9.290552,0
15753,0.000169,1
15754,10.152319,0
15755,10.226053,1
15756,10.051959,0
15757,10.28858,0
15758,0.000188,1
15759,0.00018,1
15760,10.09171,1
15761,0.000116,1
15762,4.3e-05,1
15763,0.000141,1
15764,0.000188,1
15765,10.164334,0
15766,8.271487,0
15767,0.000402,1
15768,11.804504,1
15769,10.310849,1
15770,0.000233,1
15771,10.14728,1
15772,10.33958,1
15773,7.495602,0
15774,9.552377,1
15775,7.127992,1
15776,9.960462,1
15777,0.000245,1
15778,0.000382,1
15779,9.135684,0
15780,8.536598,1
15781,0.000291,1
15782,0.000468,1
15783,11.056012,1
15784,9.718283,0
15785,6.1e-05,0
15786,8.936136,1
15787,0.000256,1
15788,6e-05,0
15789,0.000176,1
15790,10.703502,1
15791,11.375653,1
15792,9.144714,1
15793,10.266879,1
15794,0.000143,1
15795,0.000127,1
15796,10.286746,1
15797,12.198582,1
15798,10.922159,0
15799,8.375529,1
15800,9.243254,1
15801,10.184891,1
15802,10.421548,0
15803,10.488542,1
15804,0.000168,1
15805,0.000997,1
15806,9.072781,0
15807,7.60204,0
15808,0.000129,0
15809,7.874144,1
15810,11.83773,1
15811,10.029317,0
15812,0.000216,1
15813,8.929005,1
15814,9.562773,0
15815,9.174269,1
15816,9.380548,1
15817,9.6e-05,1
15818,8.892161,0
15819,11.840227,0
15820,8.710895,1
15821,0.000181,1
15822,9.655484,0
15823,10.603806,1
15824,8.582975,1
15825,12.821429,0
15826,0.000199,1
15827,0.000333,1
15828,9.8e-05,1
15829,10.120513,0
15830,6.857712,1
15831,0.000655,1
15832,11.993252,1
15833,0.000207,1
15834,0.000203,1
15835,10.153922,0
15836,0.000226,1
15837,0.000124,1
15838,0.000277,1
15839,11.53582,1
15840,11.582248,1
15841,0.000135,1
15842,0.000441,1
15843,8.7e-05,1
15844,3.6e-05,0
15845,9.480467,0
15846,0.000229,1
15847,0.000145,0
15848,4.1e-05,0
15849,9.98823,1
15850,10.05692,1
15851,0.000693,1
15852,10.611401,0
15853,12.48159,1
15854,11.496273,1
15855,8.513861,0
15856,4.2e-05,0
15857,8.073233,1
15858,0.000518,1
15859,8.768635,1
15860,9.058693,0
15861,6.3e-05,1
15862,10.968635,1
15863,8.1e-05,1
15864,7.018743,0
15865,0.000244,1
15866,0.000157,1
15867,9.45959,0
15868,10.547744,0
15869,10.812318,1
15870,0.000356,1
15871,12.788232,1
15872,9.1e-05,1
15873,0.000532,1
15874,9.825906,1
15875,6.706055,0
15876,0.000355,1
15877,8.459279,1
15878,13.355584,0
15879,0.000239,1
15880,7.363498,0
15881,4.6e-05,1
15882,10.362537,1
15883,0.000197,1
15884,0.000149,1
15885,0.000135,1
15886,11.080951,1
15887,9.57159,1
15888,10.301221,1
15889,9.560023,0
15890,9.181866,1
15891,3e-05,1
15892,0.000121,1
15893,0.000138,1
15894,7.45172,0
15895,9.022918,0
15896,0.000309,1
15897,9.958563,1
15898,9.5e-05,0
15899,11.738341,1
15900,7.6e-05,0
15901,4.4e-05,1
15902,10.839873,1
15903,9.63854,0
15904,8.963435,0
15905,10.317906,0
15906,3.9e-05,1
15907,11.346711,0
15908,9.068738,0
15909,12.594601,1
15910,0.000142,0
15911,9.2e-05,1
15912,7.2e-05,1
15913,11.011792,0
15914,0.000298,1
15915,12.56655,0
15916,8.277066,0
15917,0.000883,1
15918,0.00026,0
15919,10.536822,0
15920,0.000134,0
15921,13.292899,1
15922,0.000201,1
15923,0.000545,1
15924,11.415983,1
15925,9.402409,1
15926,0.000196,1
15927,12.607018,1
15928,11.67148,1
15929,0.000121,1
15930,8.500136,0
15931,0.000198,1
15932,11.284932,0
15933,0.000154,1
15934,11.056295,0
15935,11.219864,1
15936,8.434131,0
15937,9.942014,1
15938,9.852017,0
15939,0.000254,1
15940,0.00041,1
15941,12.857821,0
15942,11.375398,1
15943,10.689829,1
15944,11.037995,1
15945,8.983953,0
15946,11.487668,1
15947,11.525062,0
15948,5.1e-05,1
15949,0.000114,1
15950,9.5e-05,1
15951,8.859678,0
15952,11.171221,0
15953,5.2e-05,0
15954,0.001802,1
15955,10.350836,1
15956,4.9e-05,0
15957,0.000115,1
15958,9.17879,0
15959,0.00016,0
15960,0.000236,0
15961,0.000116,1
15962,8.208964,0
15963,9.766884,0
15964,13.391744,0
15965,7.641236,0
15966,11.006429,1
15967,10.538806,1
15968,4.5e-05,0
15969,10.140452,1
15970,0.001164,1
15971,8.4e-05,0
15972,7.849143,1
15973,6.1e-05,1
15974,10.831257,1
15975,12.020665,0
15976,9.6e-05,0
15977,0.000112,1
15978,11.580689,0
15979,9.319418,1
15980,10.788096,0
15981,0.000121,1
15982,10.750853,0
15983,12.545912,1
15984,6.7e-05,1
15985,12.010506,1
15986,11.426293,1
15987,6.69721,0
15988,9.700581,1
15989,0.000195,1
15990,11.433165,1
15991,10.826632,1
15992,10.80119,1
15993,0.000102,0
15994,10.269615,0
15995,0.000218,1
15996,10.316531,0
15997,9.944651,0
15998,10.603159,1
15999,10.549203,1
16000,0.000212,1
16001,11.061718,1
16002,0.000218,1
16003,10.078782,1
16004,0.000111,1
16005,8.508242,1
16006,8.920742,1
16007,6.3e-05,0
16008,8.584455,0
16009,0.00023,1
16010,0.000333,1
16011,11.167402,1
16012,8.560531,1
16013,9.6e-05,1
16014,0.000229,0
16015,7.463244,1
16016,12.756378,0
16017,13.255981,1
16018,13.085689,1
16019,0.000182,1
16020,11.300224,0
16021,8.651818,1
16022,8.347006,1
16023,0.000127,0
16024,0.000109,1
16025,7.7e-05,1
16026,11.362844,1
16027,12.137816,1
16028,8.305622,1
16029,10.367344,1
16030,0.000155,1
16031,10.927495,1
16032,0.000309,1
16033,0.00035,1
16034,0.000178,1
16035,8.718696,0
16036,10.513244,1
16037,0.000274,1
16038,9.477481,0
16039,9.9e-05,0
16040,0.000293,0
16041,0.0002,1
16042,11.842101,0
16043,8.072426,0
16044,9.714344,1
16045,10.220922,1
16046,7.614542,1
16047,9.948414,1
16048,0.000151,1
16049,7.1e-05,1
16050,0.000215,1
16051,0.000149,1
16052,0.000591,1
16053,8.7e-05,1
16054,0.000249,1
16055,10.866167,0
16056,0.00039,1
16057,0.000166,1
16058,12.74242,1
16059,0.000109,1
16060,10.94448,1
16061,8.6e-05,0
16062,7.799097,0
16063,8.346291,1
16064,11.266477,0
16065,0.000454,1
16066,11.719344,1
16067,9.443357,0
16068,4.1e-05,0
16069,6.1e-05,1
16070,7.824747,0
16071,7.171056,0
16072,0.000164,1
16073,11.979325,1
16074,0.00011,1
16075,7e-05,1
16076,0.000262,1
16077,8.665347,0
16078,0.000229,1
16079,10.480696,1
16080,10.983109,1
16081,7.796764,0
16082,0.000262,1
16083,10.72671,1
16084,10.695889,1
16085,11.181414,1
16086,8.166538,1
16087,8.396804,1
16088,0.000101,0
16089,9.874635,0
16090,6.9e-05,0
16091,12.174402,1
16092,0.000587,1
16093,0.000602,1
16094,13.746918,0
16095,12.791792,0
16096,10.776571,1
16097,8.4e-05,0
16098,11.437265,1
16099,7.2e-05,1
16100,0.000139,1
16101,9.444129,0
16102,0.000146,1
16103,0.000984,1
16104,12.267272,0
16105,10.809518,1
16106,9.310584,1
16107,11.992966,0
16108,9.173354,0
16109,8.524217,0
16110,10.092575,0
16111,0.000186,1
16112,0.000248,1
16113,12.946572,0
16114,11.028173,0
16115,10.988187,1
16116,10.970883,0
16117,14.077448,0
16118,9.467624,1
16119,9.563169,0
16120,12.572571,1
16121,11.472418,1
16122,0.000119,1
16123,8.484285,0
16124,8.916174,1
16125,9.86268,1
16126,0.000602,1
16127,7.333402,0
16128,8.926723,0
16129,12.225419,1
16130,12.435145,0
16131,9.106022,1
16132,0.000123,1
16133,10.686143,0
16134,0.000234,1
16135,13.412326,0
16136,9.314883,0
16137,8.1e-05,1
16138,12.408553,0
16139,0.000474,1
16140,9.745842,1
16141,8.681584,1
16142,0.000113,1
16143,0.000591,1
16144,3.5e-05,1
16145,0.000137,1
16146,7.232464,0
16147,8.993393,1
16148,0.000457,0
16149,0.000178,1
16150,0.00032,1
16151,0.000159,1
16152,3.8e-05,1
16153,11.568662,1
16154,11.936672,0
16155,9.078773,0
16156,0.00011,1
16157,11.936068,1
16158,11.954283,1
16159,7.6e-05,0
16160,11.069958,1
16161,12.225395,1
16162,7.601754,1
16163,8.297073,0
16164,0.000217,1
16165,0.000681,1
16166,14.713804,0
16167,0.000239,1
16168,10.041322,0
16169,0.000219,1
16170,11.032983,1
16171,11.768566,1
16172,0.000124,1
16173,9.537562,1
16174,11.056305,0
16175,11.387219,1
16176,5.5e-05,0
16177,13.222262,1
16178,15.459102,0
16179,11.080113,0
16180,10.421412,1
16181,11.210951,1
16182,8.846562,0
16183,6.1e-05,1
16184,0.000121,1
16185,10.580431,1
16186,11.508945,1
16187,8.720662,1
16188,0.000744,1
16189,0.000199,1
16190,9.58193,1
16191,10.108487,1
16192,0.000107,1
16193,9.000858,0
16194,11.222224,1
16195,12.974561,1
16196,6.792967,1
16197,11.410718,1
16198,0.000163,1
16199,9.882812,1
16200,9.689226,0
16201,8.5e-05,1
16202,7.970989,1
16203,9.37177,1
16204,0.00014,0
16205,11.23006,1
16206,0.00029,1
16207,7.490633,1
16208,0.000131,1
16209,12.740354,1
16210,9.340148,1
16211,9e-05,0
16212,11.475421,0
16213,9.714996,1
16214,11.357113,1
16215,7.9e-05,1
16216,11.453022,1
16217,12.730815,1
16218,0.000172,1
16219,11.084827,1
16220,11.463791,1
16221,10.837985,1
16222,8.7e-05,1
16223,0.000381,1
16224,0.000124,1
16225,0.000183,1
16226,0.000481,1
16227,11.348737,1
16228,11.607942,1
16229,10.179938,1
16230,0.000169,1
16231,10.598291,0
16232,10.008307,1
16233,7.5e-05,1
16234,3.7e-05,1
16235,11.368075,1
16236,0.000231,1
16237,9.17043,1
16238,0.000177,1
16239,11.871552,1
16240,9.892149,1
16241,11.003635,0
16242,0.000175,1
16243,0.000125,1
16244,0.000107,1
16245,12.008574,1
16246,11.500832,1
16247,12.698552,1
16248,10.030057,0
16249,9.900495,1
16250,7.9e-05,1
16251,11.17536,1
16252,4.9e-05,0
16253,11.553022,1
16254,0.000129,0
16255,10.800695,1
16256,12.3251,1
16257,8.085701,0
16258,11.433277,1
16259,10.247406,0
16260,9.581211,0
16261,10.254552,0
16262,8.031958,1
16263,7.829741,1
16264,11.636601,0
16265,0.000149,1
16266,0.000156,1
16267,9.790542,1
16268,0.000146,0
16269,6.858114,0
16270,13.160085,1
16271,0.000156,1
16272,6.5e-05,0
16273,11.239312,0
16274,14.389246,0
16275,11.472247,0
16276,7.667313,0
16277,12.750194,1
16278,8.003915,1
16279,0.000136,1
16280,13.436456,0
16281,11.395127,1
16282,9.264657,0
16283,0.000258,1
16284,0.000201,1
16285,12.712344,1
16286,8.127786,0
16287,12.993253,1
16288,0.000413,1
16289,0.000133,0
16290,11.6912,0
16291,12.519086,0
16292,3.7e-05,1
16293,7.7e-05,0
16294,12.026405,1
16295,0.00039,0
16296,7.4e-05,1
16297,10.680519,0
16298,0.000249,0
16299,0.000499,1
16300,9.19118,0
16301,0.000256,1
16302,9.00421,1
16303,0.000241,1
16304,0.000244,1
16305,8.447846,0
16306,7.469718,0
16307,11.677903,1
16308,10.717694,1
16309,9.353576,0
16310,7.444812,0
16311,0.000181,1
16312,9.908134,1
16313,7.254596,1
16314,0.000218,1
16315,9.6e-05,1
16316,10.82351,1
16317,10.351941,1
16318,9.161888,0
16319,0.00011,1
16320,11.027156,0
16321,0.000128,1
16322,0.000179,0
16323,0.000164,1
16324,0.000771,1
16325,12.568915,1
16326,10.075866,0
16327,10.714202,0
16328,9.214922,0
16329,9.369974,1
16330,0.000255,1
16331,0.000456,1
16332,0.00038,1
16333,0.000403,1
16334,9.59756,1
16335,0.000422,1
16336,11.854785,0
16337,7.422889,0
16338,9.930133,1
16339,9.267442,1
16340,0.000158,1
16341,0.000153,1
16342,10.830901,0
16343,10.307072,0
16344,8.180387,0
16345,10.443535,1
16346,10.48459,0
16347,7.742002,0
16348,9.881564,1
16349,10.543001,1
16350,0.000155,1
16351,9.162456,1
16352,8.460334,0
16353,10.978881,1
16354,0.000119,1
16355,10.744937,1
16356,10.252522,0
16357,0.000696,0
16358,7.3e-05,1
16359,0.000123,1
16360,0.000758,1
16361,11.00982,1
16362,7.2e-05,1
16363,10.466065,0
16364,0.000213,1
16365,0.000128,1
16366,0.000172,1
16367,9.296837,1
16368,3.2e-05,1
16369,0.000144,0
16370,11.780405,0
16371,13.282634,0
16372,9.975797,0
16373,9.703243,0
16374,11.316156,1
16375,9.918311,1
16376,7.240493,0
16377,9.952669,0
16378,9.603832,0
16379,12.333445,1
16380,0.000122,0
16381,0.000318,1
16382,9.917049,1
16383,12.071484,0
16384,9.247962,0
16385,10.583217,1
16386,11.22748,0
16387,12.372217,0
16388,0.000496,1
16389,0.000185,1
16390,0.000115,1
16391,5e-05,0
16392,12.960074,1
16393,10.024314,0
16394,0.00019,1
16395,10.452277,1
16396,12.706625,0
16397,0.000154,0
16398,11.372511,1
16399,12.493123,1
16400,6.8e-05,1
16401,0.000232,0
16402,12.770534,1
16403,0.000116,1
16404,11.520133,1
16405,0.000732,1
16406,10.67018,0
16407,6.2e-05,0
16408,9.958433,1
16409,11.49566,1
16410,9.1e-05,1
16411,11.038947,1
16412,10.210426,0
16413,8.6e-05,0
16414,0.000108,1
16415,11.201552,0
16416,0.000324,1
16417,9.785361,0
16418,0.000333,1
16419,9.011096,1
16420,0.000299,1
16421,10.601336,1
16422,12.141061,1
16423,0.000161,1
16424,0.000295,1
16425,12.124643,0
16426,10.251227,0
16427,9.018951,1
16428,11.537878,0
16429,11.130898,1
16430,8.285351,1
16431,9.511637,1
16432,10.773874,1
16433,7.880152,1
16434,8.719758,1
16435,9.5e-05,1
16436,7.278379,0
16437,11.278739,1
16438,7.646224,0
16439,0.000144,1
16440,0.000213,0
16441,12.292123,1
16442,7.343798,0
16443,6.7e-05,0
16444,11.266346,1
16445,9.131439,0
16446,0.000631,1
16447,11.09471,0
16448,0.000141,1
16449,12.779864,0
16450,7.05743,0
16451,5.1e-05,1
16452,10.063237,0
16453,12.902736,0
16454,10.724727,1
16455,9e-05,1
16456,11.501695,1
16457,9.459355,0
16458,10.507621,1
16459,0.000356,0
16460,7.247573,0
16461,12.948275,1
16462,0.000308,1
16463,0.000206,1
16464,11.119129,0
16465,0.000114,1
16466,9.83689,1
16467,10.01739,0
16468,0.000166,1
16469,10.410855,0
16470,0.000102,1
16471,0.000528,1
16472,7.5e-05,1
16473,12.035606,1
16474,9.805502,0
16475,9.693991,0
16476,0.000554,1
16477,0.000434,1
16478,0.000101,0
16479,8.037743,0
16480,8.5e-05,0
16481,10.659755,1
16482,14.0578,0
16483,12.772965,1
16484,7.8e-05,1
16485,10.910588,0
16486,10.125147,0
16487,0.0003,0
16488,10.544318,1
16489,11.164375,1
16490,10.008681,1
16491,0.001117,0
16492,0.000232,1
16493,10.287788,1
16494,0.000221,0
16495,0.000113,1
16496,11.395511,1
16497,10.616051,0
16498,0.000338,1
16499,0.000135,1
16500,0.000517,1
16501,9.154824,1
16502,11.067313,1
16503,0.000511,1
16504,0.000185,1
16505,14.482577,0
16506,5.5e-05,0
16507,12.26212,0
16508,0.000316,1
16509,11.418218,1
16510,7.45822,0
16511,0.000742,1
16512,10.881288,1
16513,0.000178,1
16514,11.880029,0
16515,7.781704,1
16516,12.296387,0
16517,6.2e-05,1
16518,0.00016,1
16519,7.591576,1
16520,0.000131,0
16521,10.983826,1
16522,0.000176,1
16523,10.178622,1
16524,10.588206,0
16525,12.891471,1
16526,10.806791,1
16527,12.131814,1
16528,9.479994,1
16529,10.044978,1
16530,10.02896,0
16531,9.425904,1
16532,10.144052,0
16533,11.815407,1
16534,11.362592,1
16535,0.000211,0
16536,9.814683,1
16537,8.592108,0
16538,11.566926,1
16539,10.001564,1
16540,0.000226,0
16541,0.000228,1
16542,6.9e-05,1
16543,0.000211,1
16544,0.000188,1
16545,9.568983,0
16546,9.651966,0
16547,11.104573,0
16548,10.362324,0
16549,10.59627,1
16550,10.531206,1
16551,7e-05,1
16552,0.000661,1
16553,11.322389,1
16554,0.00033,1
16555,12.738463,0
16556,0.000305,1
16557,8.8e-05,1
16558,9.054964,0
16559,10.482404,1
16560,11.009854,1
16561,10.426785,1
16562,8.973447,0
16563,0.000119,1
16564,11.695471,0
16565,10.180552,0
16566,0.000267,1
16567,10.467793,0
16568,0.000404,1
16569,10.0781,1
16570,0.000218,1
16571,10.154387,0
16572,8.204563,1
16573,11.315975,0
16574,11.195149,0
16575,10.71187,0
16576,7.741188,0
16577,10.195638,1
16578,10.397871,0
16579,8.237231,1
16580,11.994498,1
16581,10.048655,0
16582,0.00011,1
16583,9.694395,1
16584,8.932312,1
16585,0.000202,1
16586,3.1e-05,0
16587,0.000185,1
16588,10.665121,1
16589,7.67055,0
16590,10.384821,1
16591,11.668257,1
16592,9.989369,1
16593,0.000137,1
16594,9.327711,1
16595,9.585031,1
16596,11.034616,1
16597,7.440325,0
16598,7.53536,0
16599,12.469633,0
16600,10.764921,1
16601,0.000582,1
16602,8.073904,0
16603,10.108741,0
16604,8.3e-05,1
16605,10.187816,1
16606,10.806147,1
16607,10.663197,0
16608,8.535876,0
16609,0.000205,1
16610,11.459867,1
16611,0.001257,1
16612,11.665821,1
16613,11.282003,1
16614,10.350759,0
16615,12.576243,1
16616,7.242978,0
16617,0.000289,1
16618,11.198459,1
16619,0.0001,1
16620,10.076945,0
16621,8.082635,1
16622,0.000353,1
16623,9.204041,1
16624,11.252947,1
16625,0.000502,1
16626,0.000155,1
16627,11.239773,1
16628,9.018638,1
16629,11.059752,1
16630,11.026602,1
16631,0.000138,1
16632,12.524541,0
16633,7.131518,1
16634,12.687075,1
16635,11.287059,1
16636,0.000306,1
16637,6.4e-05,1
16638,11.021515,1
16639,6e-05,0
16640,12.754938,0
16641,0.000161,1
16642,11.128337,0
16643,8.466396,0
16644,10.722334,1
16645,0.000151,1
16646,10.907424,0
16647,0.00013,1
16648,0.000276,1
16649,0.000203,1
16650,11.330846,1
16651,13.680845,0
16652,6.7e-05,0
16653,10.515962,0
16654,0.000229,1
16655,0.000111,1
16656,7.880572,0
16657,11.421106,1
16658,9.562232,1
16659,0.000286,1
16660,10.773393,0
16661,0.00063,1
16662,8.349367,1
16663,10.278548,0
16664,7.655362,0
16665,9.997896,0
16666,0.000136,1
16667,8.33182,0
16668,10.891622,1
16669,5.3e-05,1
16670,11.002872,1
16671,6.8e-05,0
16672,11.328582,1
16673,10.075363,1
16674,0.00023,1
16675,12.790665,1
16676,10.189357,1
16677,0.000136,1
16678,12.539135,0
16679,10.354571,1
16680,13.433734,1
16681,0.000239,1
16682,11.734378,1
16683,0.000155,1
16684,9e-05,1
16685,0.000175,0
16686,0.000534,1
16687,13.71915,1
16688,10.222166,0
16689,0.000185,1
16690,0.000179,1
16691,12.25548,0
16692,0.000202,1
16693,7.363604,0
16694,8.626863,1
16695,9.898705,1
16696,7.756186,0
16697,8.912854,1
16698,10.90735,1
16699,8.602464,0
16700,8.948568,1
16701,0.000206,1
16702,0.000359,1
16703,9.850705,1
16704,0.000198,1
16705,10.300967,1
16706,0.000184,1
16707,10.273344,1
16708,5.7e-05,0
16709,10.620199,0
16710,0.000224,0
16711,9.399805,0
16712,8.009117,0
16713,7.12819,1
16714,10.871244,0
16715,8.1e-05,0
16716,0.000158,1
16717,10.515241,0
16718,9.673437,1
16719,9.184196,1
16720,8.969118,0
16721,12.021787,0
16722,0.000156,1
16723,10.416073,1
16724,0.000173,1
16725,9.515908,1
16726,7.516047,0
16727,11.269908,1
16728,10.899973,0
16729,11.694018,1
16730,5.9e-05,0
16731,0.000438,1
16732,9.915534,0
16733,9.96907,1
16734,0.000203,1
16735,9.128126,0
16736,11.899269,0
16737,12.779098,0
16738,0.000127,1
16739,11.39788,1
16740,9.986067,0
16741,11.03869,1
16742,9.3e-05,0
16743,7.510035,0
16744,0.00039,1
16745,0.000205,1
16746,12.517172,0
16747,0.000292,1
16748,8.159781,0
16749,10.352826,1
16750,14.645353,0
16751,13.33923,1
16752,4.5e-05,0
16753,5.3e-05,1
16754,10.942269,0
16755,9.141357,1
16756,11.601665,1
16757,9.350681,1
16758,9.859704,1
16759,4.9e-05,0
16760,9.329554,0
16761,0.000233,1
16762,9.593661,0
16763,0.000162,1
16764,0.000365,1
16765,11.553702,0
16766,9.086463,0
16767,11.089554,0
16768,9.626243,0
16769,0.000279,1
16770,0.000172,0
16771,10.361319,1
16772,10.300747,1
16773,11.514512,0
16774,11.695146,1
16775,7.5e-05,1
16776,11.551698,0
16777,9.949882,0
16778,10.764365,1
16779,13.814611,0
16780,12.762877,0
16781,2.2e-05,0
16782,12.682768,0
16783,0.000327,1
16784,7.156029,1
16785,8.736239,1
16786,0.000119,1
16787,10.150837,0
16788,13.79578,0
16789,7.2e-05,0
16790,9.4e-05,1
16791,11.733166,1
16792,10.155285,0
16793,7.302776,0
16794,12.133955,1
16795,0.000142,1
16796,11.553259,0
16797,8.5e-05,1
16798,0.000206,1
16799,7.926908,1
16800,0.000128,1
16801,9.024395,1
16802,11.872288,0
16803,10.101382,1
16804,12.200014,1
16805,7.320686,0
16806,12.885645,1
16807,4.5e-05,1
16808,5.2e-05,1
16809,10.568972,1
16810,0.000143,1
16811,9.53129,1
16812,12.763436,1
16813,0.000492,1
16814,0.000193,1
16815,11.425361,0
16816,12.407938,1
16817,11.05941,0
16818,0.000167,0
16819,5.4e-05,1
16820,0.00014,1
16821,0.000168,1
16822,10.651056,1
16823,0.000253,1
16824,13.730663,1
16825,11.934793,1
16826,10.345719,1
16827,11.799983,0
16828,7.3e-05,1
16829,10.309704,1
16830,9.539186,1
16831,12.022848,0
16832,2.4e-05,0
16833,8.635067,0
16834,9.311205,0
16835,0.000133,1
16836,8.896866,0
16837,0.00028,1
16838,12.65083,1
16839,0.000109,1
16840,9.930311,0
16841,0.000161,1
16842,0.000109,0
16843,7.431902,0
16844,10.688713,1
16845,5.2e-05,1
16846,0.000274,0
16847,14.637874,0
16848,0.000734,1
16849,13.338871,1
16850,8.55906,1
16851,0.000121,0
16852,5e-05,1
16853,9.758863,1
16854,0.000327,1
16855,8.076241,1
16856,5.7e-05,1
16857,0.000182,1
16858,0.000853,1
16859,0.000317,1
16860,0.000151,1
16861,4.4e-05,0
16862,0.000635,1
16863,7.94544,0
16864,10.74468,1
16865,11.549667,0
16866,0.000174,1
16867,6.7e-05,1
16868,9.8e-05,1
16869,9.04634,1
16870,0.001078,1
16871,9.13937,1
16872,7.44214,0
16873,0.000101,1
16874,11.310199,1
16875,11.282446,1
16876,9.435019,1
16877,0.000253,1
16878,9.377637,0
16879,8.973895,1
16880,8.6e-05,1
16881,7.10368,0
16882,8.9e-05,1
16883,7.853509,1
16884,11.46935,0
16885,9.9e-05,1
16886,7.883827,1
16887,9.5e-05,0
16888,10.051475,0
16889,10.551281,1
16890,0.000167,1
16891,0.000441,1
16892,0.000285,0
16893,1.8e-05,0
16894,0.000456,1
16895,11.497758,0
16896,9.123144,0
16897,4.2e-05,1
16898,8.561678,0
16899,13.424129,0
16900,8.619228,0
16901,0.000258,1
16902,3.3e-05,1
16903,7.344552,0
16904,12.660618,1
16905,0.00029,1
16906,11.388025,1
16907,0.000304,1
16908,12.550914,0
16909,8.529805,0
16910,0.000122,1
16911,10.716539,1
16912,4.8e-05,0
16913,0.000383,1
16914,10.804006,1
16915,11.074903,0
16916,10.332787,0
16917,7.457942,0
16918,6.1e-05,1
16919,10.218167,1
16920,9.326599,1
16921,0.000173,1
16922,12.594875,0
16923,0.000106,1
16924,8.144868,0
16925,12.872304,1
16926,12.311803,1
16927,9.628099,1
16928,9.328217,1
16929,12.005519,1
16930,0.000118,0
16931,9.407993,0
16932,10.845843,1
16933,0.000352,1
16934,9.771517,0
16935,10.846235,1
16936,12.932995,1
16937,9.753998,0
16938,0.00043,1
16939,11.78765,0
16940,11.580251,0
16941,0.000106,1
16942,0.001134,0
16943,0.000171,1
16944,9.815068,0
16945,8.903514,1
16946,11.166324,1
16947,10.931853,1
16948,11.982707,1
16949,4.5e-05,1
16950,11.631217,0
16951,9.021675,0
16952,6e-05,0
16953,10.401237,1
16954,0.000115,1
16955,9.9e-05,0
16956,3.8e-05,1
16957,8.271713,1
16958,9.353087,1
16959,10.913314,1
16960,10.538019,0
16961,9.2e-05,0
16962,10.620186,1
16963,7.417707,0
16964,13.327703,0
16965,12.231529,1
16966,0.000107,1
16967,7.327675,0
16968,0.00011,1
16969,11.978404,0
16970,8.830334,0
16971,7.4e-05,0
16972,10.969528,1
16973,0.000191,1
16974,8.889244,1
16975,4.3e-05,1
16976,5.5e-05,0
16977,10.593839,1
16978,0.000333,1
16979,10.364468,0
16980,0.000428,1
16981,0.000506,1
16982,8.551068,1
16983,7.38382,0
16984,8.126623,0
16985,11.130531,1
16986,12.223671,1
16987,12.28364,0
16988,10.364486,0
16989,0.001632,1
16990,3.1e-05,1
16991,9.03906,1
16992,6e-05,1
16993,11.248773,0
16994,9.032258,1
16995,11.050787,1
16996,9.508445,0
16997,0.000157,1
16998,9.743866,0
16999,7.4e-05,1
17000,0.000182,1
17001,12.762535,1
17002,11.412549,1
17003,0.000274,1
17004,9.841988,0
17005,11.859819,0
17006,10.64649,1
17007,11.524146,1
17008,9.520859,1
17009,11.725927,1
17010,10.858848,1
17011,0.000178,1
17012,0.000191,1
17013,9.120235,1
17014,11.695054,0
17015,10.67398,0
17016,10.82544,1
17017,12.303555,1
17018,7.847244,1
17019,10.216748,1
17020,11.188503,0
17021,0.000203,1
17022,7.880338,1
17023,7.603828,0
17024,10.384836,1
17025,5.2e-05,1
17026,11.344149,0
17027,8.471171,0
17028,0.000254,1
17029,11.214313,1
17030,7.6e-05,1
17031,10.447611,1
17032,9.190922,1
17033,0.00018,1
17034,11.512337,0
17035,13.226419,1
17036,10.778139,1
17037,9.8e-05,1
17038,8.754183,0
17039,8.163131,1
17040,9.679453,1
17041,9.447733,1
17042,7.676038,0
17043,0.000248,1
17044,0.000348,1
17045,8e-05,0
17046,8.709436,0
17047,10.049335,1
17048,7.184993,0
17049,10.550244,0
17050,0.000174,1
17051,10.314441,1
17052,0.000242,1
17053,0.000105,1
17054,9.2e-05,0
17055,10.30782,1
17056,11.210682,1
17057,4.1e-05,1
17058,11.856848,0
17059,8.941616,1
17060,9.827466,1
17061,0.000156,1
17062,10.411934,1
17063,12.023244,0
17064,10.197378,1
17065,0.000429,0
17066,7.570937,0
17067,10.085604,1
17068,7.7e-05,1
17069,11.839263,0
17070,8.8e-05,1
17071,11.622527,0
17072,0.000197,1
17073,5.2e-05,1
17074,9.162709,0
17075,12.013278,0
17076,7.7e-05,1
17077,0.000412,1
17078,5.4e-05,1
17079,9.259768,1
17080,8.995694,0
17081,0.00014,0
17082,13.289607,0
17083,12.258335,0
17084,0.000667,1
17085,0.000248,1
17086,9.115628,0
17087,4.3e-05,1
17088,11.371488,1
17089,0.001208,1
17090,12.839961,0
17091,0.000187,1
17092,10.389716,1
17093,12.846722,1
17094,0.000655,0
17095,12.78695,0
17096,10.133229,0
17097,7.1e-05,1
17098,9.183322,0
17099,11.224218,1
17100,10.82247,1
17101,8.8e-05,0
17102,12.498748,0
17103,0.000188,1
17104,9.978005,1
17105,14.5836,1
17106,0.000167,1
17107,8.790336,1
17108,7.664444,0
17109,9.280867,0
17110,11.384847,0
17111,0.00042,1
17112,5.7e-05,1
17113,0.000192,1
17114,9.83644,1
17115,10.406373,1
17116,9.551014,1
17117,7.726115,0
17118,11.017386,0
17119,10.753296,0
17120,0.000382,1
17121,11.3094,1
17122,9.177163,1
17123,11.249967,1
17124,7.711417,0
17125,7.040715,0
17126,0.000382,1
17127,0.000648,1
17128,5.3e-05,0
17129,10.934364,1
17130,8.801311,1
17131,4.4e-05,0
17132,0.000404,1
17133,10.324844,1
17134,8.614992,0
17135,8.901565,0
17136,7.976949,0
17137,11.290193,1
17138,12.382929,0
17139,11.239948,0
17140,0.000114,1
17141,0.000315,0
17142,0.000111,0
17143,0.000118,1
17144,0.000587,1
17145,0.000249,1
17146,12.399857,1
17147,13.363974,0
17148,0.000148,1
17149,7.152179,1
17150,10.415048,0
17151,11.258162,0
17152,10.439594,0
17153,11.436735,1
17154,0.00018,1
17155,7.7e-05,1
17156,10.573495,0
17157,0.000116,1
17158,0.00016,1
17159,5.1e-05,0
17160,10.418769,0
17161,3.4e-05,1
17162,0.000126,0
17163,11.104883,1
17164,8.811926,1
17165,9.164916,1
17166,11.925173,1
17167,3.9e-05,0
17168,0.000138,1
17169,11.194676,1
17170,10.758193,1
17171,7.889171,1
17172,11.002744,0
17173,12.819725,0
17174,11.309552,1
17175,9.8e-05,1
17176,9.201413,0
17177,0.000269,1
17178,6.892241,0
17179,4.5e-05,1
17180,0.000191,1
17181,11.554381,0
17182,5.1e-05,0
17183,3.2e-05,1
17184,9.083075,0
17185,12.780425,1
17186,12.70639,0
17187,9.63918,0
17188,0.000165,1
17189,7.984346,1
17190,9.704469,1
17191,8e-05,1
17192,0.000115,1
17193,12.035397,1
17194,3e-05,1
17195,0.000433,1
17196,10.620879,1
17197,9.306304,0
17198,9.545346,1
17199,11.508895,1
17200,0.000919,1
17201,11.506205,1
17202,8.396653,1
17203,7.513405,0
17204,10.131048,0
17205,11.238417,0
17206,10.481463,1
17207,10.893586,1
17208,12.770305,1
17209,11.973596,1
17210,9.569394,0
17211,8.511675,1
17212,10.354866,0
17213,9.296127,1
17214,0.000484,1
17215,9.9556,0
17216,0.000367,1
17217,0.000605,1
17218,12.016604,1
17219,9.5e-05,1
17220,12.282787,1
17221,10.308505,1
17222,3.8e-05,1
17223,10.985107,1
17224,8.227538,1
17225,0.000137,1
17226,11.142227,0
17227,0.000369,1
17228,0.000137,1
17229,0.000105,1
17230,0.000316,1
17231,8.6e-05,0
17232,11.332089,0
17233,0.000164,0
17234,9.9e-05,0
17235,9.771829,1
17236,8.416714,0
17237,0.000138,1
17238,0.000208,1
17239,10.197515,1
17240,11.015946,0
17241,9.529711,0
17242,7.869002,1
17243,0.0006,1
17244,0.000103,1
17245,12.519825,0
17246,0.00037,0
17247,10.060158,0
17248,10.00174,0
17249,8.777006,0
17250,8.857894,1
17251,10.153913,0
17252,4.1e-05,0
17253,8.784146,1
17254,0.000169,1
17255,0.000105,1
17256,0.000178,1
17257,6e-05,1
17258,10.945389,1
17259,0.000505,1
17260,0.000469,1
17261,10.178643,0
17262,0.000155,0
17263,13.685823,1
17264,10.548856,1
17265,11.324456,1
17266,2.5e-05,1
17267,10.707648,1
17268,9.019559,0
17269,0.000424,1
17270,11.504554,0
17271,11.195619,0
17272,8.927024,1
17273,7.556776,0
17274,11.392892,0
17275,0.00011,1
17276,9e-05,0
17277,8.7e-05,1
17278,12.689989,0
17279,0.00073,1
17280,10.747816,1
17281,12.43568,1
17282,4.6e-05,0
17283,7.319237,0
17284,0.000299,1
17285,7.387792,0
17286,12.274474,0
17287,0.000167,1
17288,5.5e-05,1
17289,12.165049,0
17290,0.000397,1
17291,7.383941,0
17292,10.036552,0
17293,0.000578,1
17294,11.02159,1
17295,0.000119,1
17296,0.000216,1
17297,10.476253,1
17298,7.446848,1
17299,0.000184,1
17300,10.951634,1
17301,9.955029,1
17302,10.260466,0
17303,9.751487,1
17304,7.436001,1
17305,11.498819,1
17306,12.164316,1
17307,0.000116,0
17308,7.597612,0
17309,12.929506,1
17310,0.000363,1
17311,7.615386,0
17312,11.918451,1
17313,10.043298,1
17314,11.648958,1
17315,0.000144,1
17316,0.000104,0
17317,11.472194,1
17318,5.7e-05,1
17319,10.990177,0
17320,0.000201,1
17321,9.286773,1
17322,0.000186,1
17323,9.763785,1
17324,0.000142,1
17325,13.142839,0
17326,10.406924,0
17327,10.449638,0
17328,0.000168,1
17329,0.000465,1
17330,7.455509,0
17331,0.000174,1
17332,7.12857,0
17333,8.763899,0
17334,9.196091,1
17335,10.238235,1
17336,6.6e-05,1
17337,6.953841,0
17338,0.000826,1
17339,10.967653,1
17340,10.096058,1
17341,8.823534,1
17342,0.000147,0
17343,9.630476,1
17344,5.2e-05,1
17345,8.732519,0
17346,6.6e-05,1
17347,10.5548,0
17348,0.000402,0
17349,12.63492,0
17350,11.283086,1
17351,0.00014,1
17352,10.71947,0
17353,6.9e-05,0
17354,9.298115,0
17355,10.992536,0
17356,7.4e-05,1
17357,12.53205,1
17358,8.09077,0
17359,10.960362,0
17360,0.000125,0
17361,10.042238,1
17362,0.000232,1
17363,9.749382,0
17364,0.000142,1
17365,0.000135,1
17366,0.000502,1
17367,0.000295,1
17368,9.6e-05,1
17369,13.755466,0
17370,0.000126,1
17371,0.00022,1
17372,5.8e-05,1
17373,8.3e-05,1
17374,11.42404,1
17375,13.335412,1
17376,0.000617,1
17377,9.2e-05,0
17378,8.781481,0
17379,11.674541,0
17380,10.466242,1
17381,0.000546,1
17382,13.534083,1
17383,8.206033,0
17384,11.650512,1
17385,0.000364,1
17386,8.8e-05,1
17387,9.552965,0
17388,4.8e-05,1
17389,11.957734,1
17390,0.000103,1
17391,9.220391,0
17392,11.077824,0
17393,10.998556,1
17394,9.392677,0
17395,12.381424,1
17396,10.377998,0
17397,0.000335,1
17398,7.889907,0
17399,0.000266,1
17400,5.9e-05,1
17401,8.470103,0
17402,9.054952,1
17403,8.991862,0
17404,7.3e-05,0
17405,9.264781,0
17406,0.00053,0
17407,10.115707,1
17408,0.000171,0
17409,10.688131,1
17410,0.000128,1
17411,0.00023,1
17412,9.6e-05,1
17413,0.000315,0
17414,0.0001,1
17415,8.1e-05,1
17416,0.000107,1
17417,0.000123,1
17418,9.297892,1
17419,7.500177,0
17420,13.518555,0
17421,10.325397,1
17422,0.00106,1
17423,11.449502,1
17424,0.000132,1
17425,8.768317,0
17426,10.935868,1
17427,0.000114,1
17428,12.044766,0
17429,8.625637,1
17430,11.808081,1
17431,0.000553,0
17432,11.255986,1
17433,11.262226,1
17434,10.641364,0
17435,9.841986,0
17436,11.595218,1
17437,9.362075,1
17438,0.000342,1
17439,4.8e-05,1
17440,0.000119,1
17441,6e-05,1
17442,9.106928,1
17443,0.000136,1
17444,0.000183,1
17445,0.000584,1
17446,10.852195,1
17447,11.355739,0
17448,13.262759,1
17449,9.634721,0
17450,0.000291,0
17451,9.750972,1
17452,10.569246,1
17453,10.484159,1
17454,0.000569,1
17455,10.144656,1
17456,10.17914,1
17457,7.109764,1
17458,10.991198,0
17459,0.000201,1
17460,11.257707,1
17461,9.5e-05,1
17462,0.000365,1
17463,0.000329,1
17464,10.770211,1
17465,10.392907,1
17466,0.000232,0
17467,0.001049,1
17468,12.125934,1
17469,9.699236,1
17470,4.3e-05,0
17471,10.679346,1
17472,11.349986,1
17473,7.466998,0
17474,11.779107,1
17475,9.6e-05,1
17476,7.3e-05,1
17477,0.000192,1
17478,11.352167,1
17479,0.000137,0
17480,0.000212,1
17481,6.7e-05,1
17482,9.672719,1
17483,11.21119,1
17484,9.18917,1
17485,10.293496,0
17486,0.000875,1
17487,12.561085,0
17488,8.756824,1
17489,0.000536,1
17490,9.319241,1
17491,10.710367,0
17492,0.000315,1
17493,9.67929,1
17494,9.192867,0
17495,0.000419,1
17496,13.68199,1
17497,10.46384,1
17498,13.585253,0
17499,9.782723,0
17500,5.9e-05,1
17501,7.936701,0
17502,10.455594,1
17503,12.14185,1
17504,9.8e-05,1
17505,4.8e-05,0
17506,10.742809,1
17507,0.000148,0
17508,7.9e-05,1
17509,9.211098,1
17510,12.11143,0
17511,0.00102,1
17512,11.935843,0
17513,9.6e-05,1
17514,5.4e-05,1
17515,9.393991,1
17516,7.324685,1
17517,11.131511,0
17518,0.000577,1
17519,11.032016,1
17520,0.000575,1
17521,8.602204,0
17522,10.745717,1
17523,9.76919,0
17524,9.561285,1
17525,11.341486,1
17526,0.000246,1
17527,0.000161,1
17528,0.000133,0
17529,10.581435,0
17530,10.351629,1
17531,7.542076,1
17532,10.937633,1
17533,13.18729,1
17534,8.968584,1
17535,3.4e-05,0
17536,7.763613,0
17537,11.823946,0
17538,7.163472,0
17539,8.500719,1
17540,11.191546,1
17541,12.553482,1
17542,9.887599,1
17543,0.000243,0
17544,9.806703,0
17545,11.271689,1
17546,10.485498,1
17547,9.804576,1
17548,8.332094,0
17549,0.000358,1
17550,7.419416,0
17551,10.662394,1
17552,11.875791,1
17553,11.016263,0
17554,9.010009,1
17555,0.000334,0
17556,7.6e-05,0
17557,0.000111,0
17558,0.000356,1
17559,10.257263,1
17560,0.000273,0
17561,9.404089,0
17562,0.000171,1
17563,11.13921,1
17564,4.2e-05,1
17565,12.109916,0
17566,9.576156,0
17567,8.902844,1
17568,8.972358,1
17569,11.255749,1
17570,0.000223,1
17571,9.372122,0
17572,3.3e-05,1
17573,8.916791,1
17574,0.000194,1
17575,10.299241,1
17576,7.529916,0
17577,10.153577,0
17578,10.052336,1
17579,9.094134,0
17580,10.194979,0
17581,9.897896,1
17582,0.001407,1
17583,10.500356,0
17584,6e-05,0
17585,8.353875,1
17586,9.536559,0
17587,9.659856,0
17588,10.658798,0
17589,11.909819,1
17590,10.636348,0
17591,0.000157,1
17592,10.135545,1
17593,10.61937,1
17594,12.151063,0
17595,0.0003,1
17596,10.93946,0
17597,7.354935,0
17598,0.000578,1
17599,11.493332,0
17600,4.4e-05,1
17601,7.409718,0
17602,5.7e-05,1
17603,0.000274,1
17604,0.000167,1
17605,4.4e-05,0
17606,11.174159,0
17607,0.00011,1
17608,8.983779,0
17609,12.136179,0
17610,9.85591,0
17611,11.265922,1
17612,9.847136,0
17613,4.3e-05,1
17614,0.00018,1
17615,0.000257,1
17616,10.958977,1
17617,9.97573,1
17618,0.000181,1
17619,0.000193,1
17620,12.189931,0
17621,7.735875,1
17622,10.020837,1
17623,0.000849,1
17624,9.7e-05,1
17625,9.21362,0
17626,0.000266,1
17627,10.751537,1
17628,9.864857,1
17629,0.000179,1
17630,10.092555,0
17631,9.637868,1
17632,9.62162,0
17633,0.000169,1
17634,8.155933,1
17635,0.000143,0
17636,8.5e-05,1
17637,8.724344,0
17638,10.088346,0
17639,10.074262,1
17640,8.347888,0
17641,0.000213,1
17642,0.000457,1
17643,0.000833,1
17644,8.325058,1
17645,6.3e-05,1
17646,0.000281,1
17647,11.081308,1
17648,0.000565,1
17649,8.47844,1
17650,7.2e-05,1
17651,10.009164,1
17652,0.000286,1
17653,10.117082,0
17654,9.3e-05,1
17655,8.846983,1
17656,8.926119,1
17657,9.276877,1
17658,7.1e-05,1
17659,0.000118,1
17660,11.399799,0
17661,9.558021,1
17662,0.000295,1
17663,0.000193,1
17664,10.406548,1
17665,9.2e-05,1
17666,0.000302,1
17667,11.270674,1
17668,11.183017,1
17669,11.506934,1
17670,0.000138,1
17671,0.000206,1
17672,0.000217,1
17673,9.997139,0
17674,8.723076,0
17675,0.000146,1
17676,7.359664,0
17677,9.7124,1
17678,9.079741,1
17679,9.49846,0
17680,6.7e-05,0
17681,11.060614,1
17682,0.000245,1
17683,12.347259,0
17684,0.000258,1
17685,0.000376,0
17686,0.000104,1
17687,12.372187,1
17688,11.442863,0
17689,10.387323,0
17690,8.962056,1
17691,8.5e-05,1
17692,6.8e-05,1
17693,0.000101,1
17694,9.150508,0
17695,3.8e-05,0
17696,10.917225,1
17697,7.796372,1
17698,8.3e-05,1
17699,13.075453,1
17700,9.758271,1
17701,8.876879,0
17702,7e-05,1
17703,0.000289,1
17704,0.000123,1
17705,0.000189,1
17706,9.084159,0
17707,9.789771,1
17708,0.000161,1
17709,11.384295,0
17710,10.427532,1
17711,9.753366,0
17712,10.767878,1
17713,11.924612,0
17714,0.000107,1
17715,0.000396,1
17716,11.029496,1
17717,0.000194,1
17718,9.896502,1
17719,11.183095,0
17720,10.4795,0
17721,10.25493,1
17722,8.946958,0
17723,6.782275,0
17724,9.56986,1
17725,5e-05,1
17726,0.000201,0
17727,10.587691,1
17728,9.181165,0
17729,8.8e-05,0
17730,0.00016,1
17731,10.542748,1
17732,0.000117,1
17733,0.002146,1
17734,10.142531,1
17735,0.000247,1
17736,12.620513,1
17737,6.808502,1
17738,9.530659,1
17739,3e-05,1
17740,10.988116,0
17741,9.311836,1
17742,8.866315,0
17743,10.912092,1
17744,10.75065,0
17745,11.771131,1
17746,8.958662,0
17747,7.7e-05,1
17748,13.804709,0
17749,11.203855,0
17750,0.000506,1
17751,11.431025,1
17752,0.000372,1
17753,10.298071,0
17754,9.150933,0
17755,0.000233,1
17756,10.720826,1
17757,0.000147,1
17758,8.9e-05,1
17759,10.953499,0
17760,0.00028,1
17761,0.000102,1
17762,7.252987,0
17763,13.396352,1
17764,0.000167,1
17765,0.000144,0
17766,11.701445,1
17767,9.490106,1
17768,0.000191,1
17769,11.02422,1
17770,0.000392,1
17771,13.528127,0
17772,0.000109,1
17773,0.000233,1
17774,10.499185,0
17775,10.725125,0
17776,7.5e-05,1
17777,9.477319,1
17778,11.189299,0
17779,0.000564,1
17780,7.535287,0
17781,0.000251,1
17782,9.574342,1
17783,0.000149,1
17784,8.9e-05,1
17785,9.173926,0
17786,0.000281,1
17787,13.332211,0
17788,4.9e-05,1
17789,0.000107,0
17790,6.8e-05,1
17791,12.39398,1
17792,0.000246,1
17793,10.498378,0
17794,0.000473,1
17795,9.492969,1
17796,4.1e-05,1
17797,8.968519,1
17798,0.000183,1
17799,10.92682,1
17800,0.000109,1
17801,11.387466,0
17802,12.649492,0
17803,11.311311,1
17804,0.000228,1
17805,9.260279,1
17806,8.902889,1
17807,0.000258,1
17808,10.667927,0
17809,10.782577,1
17810,0.000224,1
17811,12.402198,1
17812,10.620993,0
17813,0.00051,1
17814,10.622381,0
17815,9.229154,1
17816,10.856695,0
17817,0.000174,1
17818,10.649032,0
17819,9.711444,1
17820,9e-05,1
17821,0.000178,1
17822,8.285119,1
17823,9.903732,0
17824,10.159069,1
17825,0.000122,1
17826,11.214747,1
17827,9.46668,1
17828,12.488109,1
17829,10.360673,1
17830,0.000118,0
17831,2.9e-05,1
17832,7.862591,1
17833,9.59071,1
17834,11.180455,1
17835,0.000176,1
17836,9.078861,0
17837,7.2e-05,1
17838,8.463686,0
17839,5.6e-05,1
17840,3.4e-05,1
17841,10.619525,1
17842,7.25208,0
17843,0.000136,1
17844,11.839052,0
17845,0.000133,1
17846,8.469926,1
17847,12.917922,0
17848,8.318932,0
17849,9.398794,1
17850,0.000429,1
17851,8.936973,1
17852,0.000128,1
17853,6.896965,1
17854,10.615119,0
17855,11.152589,0
17856,6e-05,1
17857,9.534826,0
17858,0.00026,1
17859,12.314852,1
17860,10.770347,1
17861,10.273083,1
17862,8e-05,1
17863,8.2e-05,1
17864,7.8e-05,1
17865,0.000172,1
17866,7.4e-05,0
17867,12.129162,1
17868,11.147422,1
17869,8.898072,1
17870,0.000359,1
17871,11.809899,1
17872,9.450446,0
17873,12.202737,0
17874,9.117078,0
17875,11.20435,0
17876,9.815463,0
17877,0.000202,1
17878,0.000533,1
17879,0.000247,1
17880,0.000114,1
17881,0.000265,1
17882,10.040765,1
17883,12.051415,1
17884,5.7e-05,1
17885,0.000199,1
17886,0.000133,1
17887,8.256206,1
17888,0.000107,0
17889,6e-05,1
17890,0.000291,1
17891,0.000295,1
17892,6.2e-05,1
17893,0.000187,1
17894,10.661674,1
17895,10.980928,1
17896,6.3e-05,0
17897,10.908846,1
17898,9.498563,1
17899,9.722942,0
17900,13.364479,1
17901,11.37104,0
17902,0.000567,1
17903,0.000172,1
17904,0.000202,1
17905,10.196551,0
17906,8.518742,1
17907,9.907226,1
17908,11.118924,0
17909,8.884012,1
17910,11.36668,0
17911,9.560411,1
17912,0.000196,1
17913,8.89214,1
17914,10.415892,1
17915,0.000237,0
17916,8.954009,0
17917,8.848488,0
17918,11.733727,0
17919,11.653668,0
17920,7e-05,0
17921,7.022741,0
17922,8.657784,0
17923,0.000308,1
17924,10.796711,1
17925,11.800951,0
17926,0.000185,0
17927,0.0002,0
17928,11.677637,1
17929,11.427143,1
17930,10.765798,1
17931,11.890924,1
17932,12.175827,0
17933,6.1e-05,1
17934,10.69486,1
17935,11.822802,0
17936,11.937768,1
17937,0.000164,1
17938,13.177213,1
17939,10.188456,0
17940,12.406137,0
17941,9.3e-05,1
17942,11.717427,1
17943,6.9e-05,1
17944,0.00013,0
17945,8.450912,1
17946,10.930066,1
17947,2.6e-05,1
17948,10.604529,1
17949,12.747213,1
17950,8.654106,1
17951,0.000322,1
17952,10.565584,0
17953,11.42823,1
17954,9.370796,1
17955,0.000367,1
17956,9.722548,1
17957,11.071765,0
17958,0.000351,1
17959,7.395161,0
17960,0.000229,1
17961,10.105077,1
17962,7.8e-05,0
17963,9.09337,1
17964,9.567305,1
17965,9.693409,0
17966,10.008754,1
17967,8.671005,1
17968,9.821803,1
17969,10.677075,0
17970,0.00026,0
17971,11.165697,0
17972,0.00018,0
17973,7e-05,0
17974,11.263617,1
17975,4.3e-05,1
17976,11.482981,0
17977,10.609837,0
17978,12.627005,1
17979,0.000171,1
17980,5.6e-05,1
17981,0.000124,1
17982,0.000704,1
17983,11.44991,0
17984,11.245701,0
17985,11.713126,0
17986,9.342503,1
17987,0.000117,0
17988,12.430282,0
17989,5.5e-05,1
17990,9.625998,1
17991,11.95437,0
17992,10.533974,1
17993,0.000188,1
17994,0.000307,0
17995,10.371475,0
17996,12.784027,1
17997,0.000183,1
17998,8.66829,0
17999,10.124442,1
18000,10.626794,1
18001,0.000267,1
18002,9.83114,0
18003,12.477434,1
18004,8.95747,1
18005,9.974336,0
18006,8.002522,1
18007,0.000373,1
18008,9.77086,0
18009,10.746208,1
18010,9.936353,1
18011,10.196172,0
18012,8.487778,0
18013,10.293661,1
18014,7.7e-05,1
18015,10.234332,0
18016,0.000176,1
18017,9.358974,1
18018,11.249458,0
18019,9.451838,0
18020,0.000123,1
18021,0.0003,1
18022,8.7e-05,1
18023,11.624115,0
18024,0.000317,0
18025,0.000728,1
18026,0.000167,1
18027,0.000223,1
18028,0.000381,1
18029,0.000134,1
18030,0.000325,1
18031,0.000229,1
18032,0.000204,1
18033,0.000113,1
18034,10.577377,0
18035,10.972384,1
18036,7.53838,0
18037,11.021112,1
18038,7.682536,1
18039,10.30997,0
18040,9.07135,1
18041,12.475633,1
18042,11.968335,0
18043,9.851886,1
18044,0.000153,1
18045,0.000437,1
18046,12.975463,1
18047,12.628793,0
18048,0.000358,1
18049,11.782597,1
18050,10.593968,0
18051,13.195509,1
18052,12.313483,1
18053,10.646202,1
18054,9.145379,1
18055,0.000112,0
18056,10.493793,0
18057,0.00031,1
18058,0.000503,1
18059,0.000228,1
18060,7.479509,0
18061,0.00031,1
18062,0.000148,1
18063,10.065904,0
18064,8.885682,1
18065,0.000127,1
18066,13.168669,1
18067,10.665255,1
18068,0.001173,1
18069,0.000103,1
18070,11.277499,1
18071,10.752297,0
18072,12.128127,1
18073,9.09317,1
18074,10.01014,0
18075,8.931084,1
18076,5.9e-05,1
18077,4.2e-05,0
18078,9.200332,1
18079,11.045712,1
18080,8.538377,0
18081,6.5e-05,0
18082,9.92483,0
18083,10.15034,0
18084,11.401113,0
18085,9.763954,0
18086,6.2e-05,1
18087,9.590261,0
18088,9.100173,1
18089,8.097946,1
18090,6.4e-05,1
18091,7.978133,0
18092,0.000103,1
18093,0.001045,1
18094,0.001773,0
18095,6.6e-05,1
18096,0.000242,1
18097,4e-05,0
18098,10.741812,0
18099,11.299632,1
18100,12.05963,0
18101,9.317971,1
18102,10.305108,0
18103,0.000148,0
18104,9.897686,1
18105,0.000181,1
18106,0.000162,0
18107,7.125412,0
18108,10.049833,1
18109,11.948499,1
18110,11.056377,0
18111,7.2e-05,1
18112,7.404745,0
18113,7.539025,0
18114,0.000271,1
18115,0.000188,0
18116,11.885919,1
18117,7.106964,0
18118,9.436349,0
18119,9.442921,0
18120,7.44721,0
18121,11.467627,0
18122,7.131662,0
18123,8.647856,1
18124,7.1e-05,0
18125,12.231091,0
18126,8e-05,1
18127,10.692004,1
18128,12.522389,1
18129,12.622062,0
18130,11.443902,1
18131,10.334547,0
18132,0.00019,1
18133,9.261464,1
18134,0.000139,1
18135,0.0001,1
18136,10.769719,0
18137,8.170918,1
18138,10.132539,1
18139,7.738539,0
18140,8.010134,1
18141,9.327075,0
18142,11.844595,0
18143,0.000174,1
18144,8.654567,0
18145,0.000111,1
18146,7.557338,1
18147,7.758483,0
18148,12.202559,1
18149,9.844095,1
18150,10.506779,0
18151,0.000143,1
18152,10.475416,1
18153,7.346406,0
18154,7.00889,0
18155,7.666383,1
18156,8.621621,1
18157,11.635427,0
18158,0.000193,0
18159,11.59089,1
18160,0.000169,1
18161,12.17291,0
18162,8.634722,1
18163,10.115126,0
18164,5.2e-05,0
18165,4.9e-05,0
18166,11.273602,1
18167,5.4e-05,1
18168,7.415602,0
18169,8.484262,0
18170,0.000243,1
18171,4.2e-05,1
18172,9.905206,1
18173,11.613199,0
18174,10.640063,1
18175,0.000118,0
18176,0.000646,1
18177,9.227565,1
18178,10.494689,1
18179,9.791878,1
18180,0.00017,0
18181,12.235632,1
18182,0.000221,1
18183,10.537168,1
18184,0.000156,1
18185,8.395581,1
18186,7.545124,0
18187,0.000114,1
18188,9.851237,0
18189,9.154262,0
18190,10.019917,0
18191,12.909903,0
18192,10.089382,1
18193,12.639607,1
18194,9.66432,0
18195,13.028606,1
18196,0.000279,0
18197,9.879759,0
18198,8.388537,1
18199,10.864192,0
18200,9.187979,0
18201,3e-05,0
18202,8e-05,0
18203,0.000178,1
18204,9.269349,0
18205,8.943967,1
18206,10.139736,1
18207,0.000185,1
18208,0.000123,1
18209,0.000274,1
18210,9.829782,0
18211,0.000307,1
18212,10.719151,1
18213,10.718728,1
18214,11.923109,0
18215,0.00011,1
18216,0.000174,0
18217,11.083324,1
18218,11.595067,1
18219,9.796574,1
18220,10.368618,1
18221,11.209466,0
18222,0.000162,1
18223,14.191902,1
18224,12.716628,1
18225,9.769923,1
18226,12.528832,0
18227,11.524753,0
18228,11.52431,0
18229,0.00014,1
18230,10.789431,0
18231,9.505338,1
18232,10.888839,0
18233,12.23243,1
18234,10.235636,1
18235,0.000157,1
18236,0.000254,1
18237,0.000117,1
18238,0.000202,1
18239,0.000101,1
18240,10.890305,1
18241,6.6e-05,1
18242,10.372285,0
18243,0.000281,1
18244,10.552687,0
18245,0.000323,1
18246,0.000772,1
18247,11.028904,1
18248,7.695607,0
18249,7.488597,0
18250,6.2e-05,0
18251,5.5e-05,0
18252,0.000327,1
18253,5.5e-05,0
18254,10.936596,1
18255,0.00028,1
18256,7.614134,0
18257,10.765068,1
18258,0.00021,1
18259,11.16927,1
18260,12.281353,0
18261,0.000234,1
18262,0.000236,1
18263,3.8e-05,0
18264,9.730837,1
18265,2.9e-05,0
18266,9.911123,0
18267,0.000141,1
18268,8.722261,0
18269,0.000138,0
18270,10.874427,1
18271,0.000146,0
18272,12.227069,0
18273,0.00013,1
18274,7.121929,1
18275,7.1e-05,0
18276,9.115801,1
18277,0.000192,1
18278,10.300785,1
18279,0.000358,1
18280,7.701726,0
18281,11.930993,1
18282,0.000388,1
18283,0.000145,0
18284,7.3e-05,1
18285,0.000219,0
18286,9.234446,1
18287,10.964097,1
18288,12.347914,1
18289,10.780753,1
18290,11.036838,1
18291,0.00023,1
18292,11.76532,1
18293,9.768056,1
18294,10.136117,1
18295,0.000198,1
18296,10.227209,0
18297,9.178059,0
18298,0.000135,1
18299,0.000854,1
18300,11.241836,0
18301,3.2e-05,1
18302,13.999563,0
18303,9.231866,1
18304,6.2e-05,1
18305,9.817767,1
18306,0.00031,1
18307,11.846645,1
18308,0.000144,1
18309,0.000494,1
18310,0.000173,1
18311,0.000165,1
18312,0.000694,1
18313,11.486383,0
18314,0.000259,0
18315,0.000211,1
18316,0.000261,1
18317,9.866138,0
18318,11.866497,1
18319,11.441315,1
18320,12.355457,1
18321,9.119819,0
18322,0.000226,1
18323,0.000217,1
18324,10.46056,0
18325,0.0003,1
18326,7.429848,1
18327,0.000682,1
18328,10.205018,1
18329,0.000122,1
18330,10.718661,1
18331,8.337486,0
18332,9.9e-05,0
18333,11.56383,0
18334,0.000169,1
18335,7.842434,1
18336,6.768751,0
18337,12.304546,1
18338,12.929708,0
18339,12.153919,0
18340,10.513014,1
18341,9.616719,0
18342,8.428704,1
18343,9.735683,0
18344,0.000185,1
18345,0.000411,1
18346,9.160709,0
18347,0.000361,1
18348,5.1e-05,1
18349,10.629575,0
18350,11.684585,0
18351,10.996284,1
18352,0.000168,1
18353,8.717828,1
18354,11.068399,1
18355,11.899969,1
18356,0.000226,1
18357,0.000285,1
18358,9.697298,1
18359,0.000646,1
18360,5.3e-05,1
18361,9.2e-05,1
18362,9.091994,0
18363,13.022091,0
18364,12.380925,1
18365,0.000103,1
18366,7.273346,0
18367,8.626799,1
18368,0.000121,0
18369,10.121262,0
18370,10.864202,1
18371,8.3e-05,1
18372,0.000191,1
18373,10.370641,1
18374,11.741017,1
18375,4.9e-05,0
18376,7.760339,1
18377,11.363173,1
18378,10.993367,1
18379,11.73143,1
18380,9.546524,1
18381,0.000112,0
18382,7.210733,0
18383,0.00017,1
18384,11.398281,0
18385,11.477747,0
18386,11.248761,0
18387,11.168643,1
18388,9.366034,1
18389,7.9e-05,1
18390,10.238603,1
18391,8.767963,0
18392,9.7e-05,0
18393,11.535481,1
18394,8.343808,1
18395,9.734417,1
18396,0.000264,1
18397,10.8617,1
18398,10.444681,0
18399,12.075998,0
18400,10.276462,1
18401,7.426385,1
18402,0.000253,1
18403,10.467415,1
18404,0.000226,1
18405,7.812964,1
18406,5.2e-05,0
18407,9.201029,0
18408,10.3421,1
18409,8.774572,1
18410,10.062153,1
18411,0.000123,1
18412,12.589653,0
18413,0.000126,1
18414,10.453594,0
18415,9.095484,1
18416,8.793313,0
18417,0.000218,0
18418,0.000103,1
18419,10.326685,1
18420,10.420804,1
18421,11.715938,1
18422,10.237865,1
18423,0.000257,1
18424,12.699548,0
18425,11.742252,1
18426,12.133147,0
18427,11.403772,1
18428,11.338252,0
18429,8.437983,0
18430,10.072768,0
18431,10.649464,1
18432,0.000348,1
18433,9.406104,0
18434,11.412516,0
18435,0.000761,1
18436,0.0001,1
18437,0.000139,1
18438,11.819703,0
18439,11.100042,1
18440,10.136789,0
18441,8.411192,0
18442,11.616931,0
18443,0.000203,0
18444,9.322434,0
18445,0.000149,0
18446,10.2214,1
18447,11.34976,1
18448,9.953124,1
18449,8.419584,1
18450,8.6e-05,0
18451,10.559669,1
18452,0.000433,1
18453,7.351963,0
18454,7.271318,0
18455,12.136634,0
18456,7.387583,1
18457,10.185846,1
18458,0.000115,1
18459,11.596602,1
18460,9.644514,1
18461,5.5e-05,0
18462,11.103768,1
18463,0.000162,0
18464,7.872802,1
18465,9.24525,1
18466,0.000172,1
18467,0.000174,1
18468,12.464502,0
18469,12.044085,0
18470,0.000128,0
18471,9.120638,1
18472,0.000304,1
18473,11.138398,1
18474,10.61926,0
18475,11.139544,0
18476,11.7518,1
18477,8.984884,1
18478,8.601561,1
18479,0.000226,1
18480,12.896544,0
18481,0.000183,1
18482,0.000687,1
18483,12.136725,0
18484,0.000133,1
18485,11.224746,1
18486,8.785405,1
18487,0.000154,0
18488,12.178599,0
18489,9.078587,0
18490,0.000241,1
18491,11.076666,0
18492,13.500576,1
18493,0.000154,1
18494,7.533897,1
18495,3e-05,0
18496,4e-05,1
18497,0.000186,1
18498,10.080823,1
18499,10.330782,1
18500,0.000127,1
18501,8.893739,1
18502,0.000138,0
18503,10.708853,0
18504,7.2e-05,0
18505,7.7e-05,1
18506,9.226756,1
18507,7.419377,0
18508,9.544196,1
18509,10.578367,1
18510,10.68408,1
18511,9.9e-05,1
18512,0.000151,1
18513,7.573064,1
18514,11.591693,1
18515,9.621797,0
18516,11.512072,1
18517,9.190355,1
18518,10.209385,0
18519,0.000247,1
18520,9.828463,1
18521,0.000711,1
18522,9.712749,0
18523,10.540352,1
18524,7.503146,0
18525,7.461857,1
18526,3.9e-05,1
18527,8.696795,1
18528,0.000733,1
18529,10.457646,1
18530,11.417352,1
18531,10.611434,0
18532,12.99311,1
18533,8.929679,0
18534,9.566454,1
18535,0.000184,1
18536,9.822465,1
18537,0.0006,1
18538,7.073658,1
18539,11.718056,0
18540,12.222169,1
18541,10.971013,1
18542,8.794217,1
18543,0.00024,1
18544,11.225265,1
18545,0.000108,1
18546,9.15346,1
18547,0.00023,1
18548,8.885561,1
18549,9.771989,1
18550,10.266539,1
18551,8.281007,1
18552,12.6893,0
18553,9.573717,0
18554,8.5e-05,1
18555,10.018825,1
18556,0.000222,1
18557,10.450767,1
18558,10.045276,0
18559,3.4e-05,0
18560,0.000166,1
18561,10.800952,1
18562,0.000144,0
18563,0.000197,1
18564,0.000125,1
18565,9.141809,0
18566,0.000181,1
18567,10.704303,1
18568,5.2e-05,0
18569,8.897284,0
18570,10.144331,1
18571,0.000128,0
18572,10.40976,1
18573,10.477283,1
18574,0.000161,1
18575,9.389335,1
18576,13.233247,1
18577,9.891963,1
18578,0.000136,1
18579,6.798159,0
18580,11.523945,1
18581,7.921278,0
18582,0.000111,1
18583,0.000193,1
18584,11.264619,1
18585,12.437222,1
18586,10.305799,0
18587,11.633214,0
18588,13.30032,0
18589,5e-05,1
18590,12.338025,0
18591,0.000354,1
18592,9.11401,1
18593,10.972322,0
18594,10.913096,1
18595,6.5e-05,1
18596,0.000558,1
18597,12.661288,1
18598,10.12304,1
18599,0.000169,1
18600,0.000147,0
18601,10.631875,1
18602,11.73618,0
18603,9.746065,1
18604,0.000145,0
18605,12.814272,0
18606,9.654178,0
18607,0.000243,1
18608,10.159989,1
18609,0.00013,1
18610,0.000467,1
18611,7.419833,0
18612,0.000115,1
18613,10.543869,0
18614,13.239857,1
18615,13.036227,1
18616,10.571335,1
18617,9.134093,0
18618,10.501319,0
18619,11.66708,1
18620,7.057577,0
18621,9.2e-05,1
18622,0.000158,1
18623,12.345986,1
18624,0.000403,1
18625,0.000139,1
18626,12.246091,1
18627,0.000284,1
18628,6.5e-05,0
18629,0.000128,1
18630,0.000177,1
18631,7.178314,1
18632,7.071295,0
18633,7.2306,0
18634,12.760118,1
18635,9.993774,0
18636,9.731156,0
18637,10.861909,1
18638,11.542253,1
18639,7.2e-05,1
18640,0.000545,1
18641,8.867741,0
18642,9.758133,1
18643,0.000197,0
18644,11.282099,1
18645,8.967682,1
18646,5.2e-05,1
18647,9.964808,0
18648,0.000101,1
18649,0.000192,0
18650,11.225114,1
18651,9.937129,0
18652,8.7e-05,1
18653,0.000356,1
18654,0.000224,1
18655,11.698456,1
18656,0.000196,1
18657,7.458729,0
18658,7.8e-05,1
18659,10.885571,0
18660,8.6e-05,1
18661,0.000261,1
18662,11.554636,1
18663,0.001181,1
18664,5.3e-05,1
18665,0.000174,1
18666,9.785783,1
18667,9.118461,1
18668,10.843396,1
18669,9.092614,1
18670,0.000311,1
18671,0.000509,1
18672,0.000199,0
18673,11.66263,1
18674,9.250886,0
18675,8.1e-05,0
18676,14.596073,0
18677,11.545092,0
18678,3e-05,1
18679,12.245152,1
18680,0.000173,1
18681,0.000468,1
18682,9.904737,0
18683,11.053362,1
18684,0.000378,1
18685,5.4e-05,1
18686,5.7e-05,1
18687,0.000187,1
18688,10.260822,1
18689,6.9e-05,1
18690,11.335893,0
18691,7.585747,0
18692,11.356175,1
18693,2.9e-05,0
18694,13.313729,1
18695,10.594054,1
18696,10.986179,0
18697,0.000493,1
18698,10.575907,1
18699,7.148692,0
18700,10.44545,0
18701,8.3e-05,1
18702,9.772134,0
18703,0.000164,0
18704,10.210551,1
18705,11.212781,1
18706,11.175697,1
18707,8.683709,1
18708,9.815873,1
18709,0.000226,1
18710,13.235709,0
18711,7.4e-05,0
18712,2.7e-05,0
18713,0.000302,1
18714,10.72294,1
18715,9.8519,0
18716,0.000124,0
18717,11.095235,0
18718,0.000352,1
18719,10.624147,0
18720,9.119123,0
18721,0.000138,1
18722,8.935489,1
18723,9.702439,1
18724,11.332046,0
18725,9.652331,0
18726,7.3e-05,0
18727,9.819427,0
18728,0.000112,1
18729,0.00024,1
18730,0.000452,1
18731,7.429069,0
18732,0.000221,0
18733,12.471921,1
18734,0.000357,1
18735,9.522468,1
18736,7.1e-05,1
18737,0.000477,1
18738,10.232744,1
18739,0.000463,1
18740,7.481949,0
18741,0.000177,1
18742,0.000136,1
18743,0.000242,1
18744,10.857344,1
18745,0.000595,1
18746,9.554201,1
18747,14.079543,0
18748,10.80825,0
18749,9.597251,0
18750,0.000111,1
18751,0.000237,1
18752,0.000136,1
18753,10.115531,1
18754,0.000103,1
18755,10.262263,1
18756,12.963059,0
18757,10.518948,0
18758,7.269242,0
18759,10.553558,0
18760,0.000118,1
18761,12.328424,0
18762,11.947034,0
18763,7.085839,0
18764,11.269302,0
18765,9.72555,0
18766,13.970295,0
18767,0.00012,1
18768,0.00024,1
18769,9.775294,1
18770,13.125887,0
18771,9.306326,1
18772,0.000806,1
18773,0.000602,1
18774,0.000192,1
18775,10.993007,0
18776,9.281594,0
18777,11.656184,1
18778,8.6e-05,1
18779,11.810412,1
18780,13.045218,1
18781,9.880422,1
18782,0.000236,0
18783,0.000172,0
18784,10.096384,0
18785,0.000673,1
18786,4.8e-05,1
18787,0.000115,1
18788,0.000556,1
18789,11.307641,1
18790,10.146646,1
18791,11.495422,1
18792,11.617397,0
18793,5.8e-05,1
18794,0.000109,1
18795,11.171787,0
18796,0.000666,1
18797,8.5e-05,1
18798,3.7e-05,0
18799,13.926533,0
18800,0.000261,1
18801,9.711123,0
18802,12.044553,0
18803,9.666009,0
18804,12.553664,1
18805,7.917667,0
18806,11.374405,0
18807,10.295028,1
18808,3.9e-05,1
18809,7.509269,0
18810,10.632235,0
18811,0.000114,1
18812,9.845658,1
18813,7.7e-05,1
18814,7.702096,0
18815,11.936417,0
18816,8.806945,0
18817,9.674542,1
18818,10.37859,1
18819,9.670389,1
18820,10.231986,1
18821,10.073205,1
18822,0.000507,1
18823,12.874611,0
18824,9.221761,1
18825,8.829254,0
18826,9.923402,0
18827,9.858741,0
18828,9.654126,0
18829,7.447816,0
18830,11.396955,1
18831,0.000147,1
18832,11.715919,1
18833,5e-05,1
18834,12.227074,1
18835,9.753871,1
18836,10.793002,1
18837,9.658541,1
18838,0.000218,1
18839,7.319136,1
18840,4.1e-05,0
18841,4.9e-05,0
18842,10.427416,1
18843,9.211801,1
18844,9.635668,0
18845,9.941769,0
18846,0.000112,1
18847,10.606785,0
18848,12.391697,1
18849,13.859165,0
18850,8.12632,0
18851,11.022485,0
18852,9.494905,1
18853,0.000111,1
18854,10.017607,0
18855,11.898019,0
18856,12.420175,1
18857,9.618211,0
18858,11.742324,0
18859,9.990036,0
18860,10.649096,0
18861,0.000556,1
18862,0.000855,1
18863,0.000171,1
18864,12.666665,0
18865,11.104427,0
18866,0.000148,1
18867,11.649412,1
18868,5.1e-05,0
18869,11.215165,1
18870,11.106877,1
18871,9.378437,1
18872,10.439259,0
18873,8.693409,0
18874,0.000249,1
18875,9.702873,1
18876,10.964121,1
18877,0.000287,1
18878,9.935752,1
18879,11.293097,0
18880,3.8e-05,1
18881,9.487306,0
18882,9.99303,1
18883,9.006388,1
18884,0.000744,1
18885,0.000244,0
18886,0.000116,1
18887,0.00039,1
18888,8.248981,0
18889,10.639984,0
18890,6.2e-05,1
18891,8.444569,0
18892,6.843471,1
18893,0.000131,0
18894,8.04204,1
18895,0.000205,1
18896,0.000718,1
18897,0.00026,1
18898,9.62777,1
18899,10.464895,1
18900,0.000103,1
18901,15.09645,0
18902,0.000296,1
18903,10.05292,1
18904,8.003404,0
18905,11.813941,0
18906,8.145149,1
18907,0.000197,0
18908,0.000127,1
18909,0.000141,1
18910,0.000494,1
18911,11.561005,1
18912,10.075194,1
18913,0.000379,1
18914,7.151406,0
18915,9.4e-05,1
18916,0.000103,1
18917,10.924889,1
18918,7.7e-05,0
18919,9.088446,0
18920,0.000145,1
18921,0.000185,1
18922,3.6e-05,0
18923,0.000116,1
18924,9.13011,1
18925,9.34309,0
18926,10.804002,1
18927,11.043233,1
18928,10.314334,0
18929,0.000163,0
18930,0.000614,1
18931,12.048396,0
18932,10.698138,0
18933,6e-05,0
18934,13.556878,1
18935,12.914325,0
18936,10.25398,0
18937,13.084508,1
18938,10.689349,0
18939,0.000266,1
18940,11.795401,0
18941,0.000421,1
18942,10.243231,0
18943,8.89541,1
18944,0.000335,1
18945,12.422519,0
18946,6.8e-05,0
18947,10.05513,1
18948,11.423457,0
18949,11.118848,1
18950,11.322286,1
18951,0.000127,0
18952,0.000655,1
18953,7.4e-05,1
18954,0.000512,1
18955,0.0001,1
18956,11.0625,1
18957,10.169005,1
18958,10.389839,1
18959,0.000681,0
18960,11.119765,1
18961,10.388723,1
18962,7.9e-05,1
18963,10.892074,1
18964,13.869133,0
18965,11.719905,1
18966,0.000259,1
18967,10.769538,0
18968,10.054034,1
18969,11.020226,0
18970,10.561061,1
18971,10.120429,1
18972,11.176243,1
18973,0.000332,1
18974,11.515004,1
18975,0.000145,0
18976,7.513179,0
18977,0.000108,1
18978,9.703906,0
18979,0.000398,1
18980,0.000157,1
18981,8.907722,0
18982,10.972616,0
18983,13.221456,1
18984,9.524013,1
18985,9.665861,1
18986,11.11619,1
18987,0.0003,1
18988,11.487267,0
18989,7.426165,1
18990,7.429993,0
18991,0.001033,1
18992,6.735242,0
18993,8.5e-05,1
18994,11.190368,1
18995,10.696108,1
18996,9.43499,1
18997,9.009861,0
18998,9.523518,1
18999,12.149302,0
19000,11.83042,1
19001,0.000259,0
19002,0.000121,1
19003,10.268145,1
19004,10.631772,1
19005,8.606028,1
19006,9.412259,1
19007,5.3e-05,1
19008,4.6e-05,1
19009,10.653204,1
19010,9.5e-05,1
19011,0.000401,1
19012,13.567694,0
19013,0.000163,1
19014,9.294507,1
19015,9.2e-05,0
19016,10.077929,0
19017,0.000128,0
19018,8.853017,1
19019,10.714127,1
19020,12.10335,0
19021,9.740865,1
19022,0.000187,1
19023,4.3e-05,1
19024,0.000109,1
19025,7.4e-05,0
19026,10.321117,0
19027,9.577866,1
19028,0.000236,1
19029,9.676311,1
19030,11.596045,0
19031,10.32279,0
19032,9.319042,0
19033,0.000418,1
19034,8.9e-05,1
19035,12.778303,1
19036,9.593092,1
19037,0.00019,1
19038,3.5e-05,0
19039,9.451519,1
19040,0.000281,1
19041,0.000697,1
19042,8.785717,1
19043,12.847554,1
19044,9.582792,0
19045,0.000314,1
19046,0.000402,1
19047,0.000196,1
19048,8.898205,0
19049,10.507807,0
19050,7.347618,0
19051,0.000212,1
19052,4.6e-05,0
19053,9.952179,0
19054,10.406279,0
19055,0.000109,0
19056,10.381557,1
19057,6.9e-05,1
19058,0.000196,1
19059,7.293969,0
19060,11.26668,1
19061,6.9e-05,0
19062,12.277884,0
19063,10.055134,1
19064,12.546746,1
19065,12.86748,1
19066,7.1e-05,1
19067,0.000136,0
19068,10.802561,1
19069,9.5e-05,1
19070,6.5e-05,1
19071,11.932132,1
19072,9.421936,1
19073,0.000993,1
19074,11.450882,0
19075,0.000116,1
19076,0.000684,1
19077,0.000533,1
19078,8.268521,0
19079,11.045301,1
19080,0.000269,0
19081,8.496302,0
19082,5.9e-05,1
19083,11.001316,0
19084,10.922412,1
19085,8.150678,0
19086,4.6e-05,0
19087,13.064771,1
19088,10.142254,0
19089,11.442017,0
19090,7.004947,0
19091,9.256302,0
19092,0.000105,1
19093,8.269839,1
19094,10.519507,1
19095,7.922657,1
19096,0.000144,1
19097,0.00023,1
19098,10.153637,1
19099,9.9e-05,1
19100,0.000146,1
19101,12.3505,0
19102,10.681174,1
19103,11.161661,1
19104,10.068864,0
19105,12.49999,1
19106,13.409003,0
19107,0.000268,1
19108,0.000134,1
19109,0.000302,1
19110,13.455546,1
19111,0.000247,1
19112,0.000101,1
19113,9.16919,0
19114,0.000117,1
19115,4.6e-05,0
19116,0.000302,1
19117,0.000336,1
19118,8.793389,1
19119,5.8e-05,1
19120,0.000144,1
19121,12.239785,1
19122,12.19226,0
19123,0.000344,1
19124,0.000111,1
19125,12.644352,0
19126,11.334447,0
19127,8.977948,1
19128,0.000593,0
19129,13.044064,1
19130,9.912837,1
19131,11.262793,1
19132,9.851974,1
19133,10.120665,1
19134,11.792921,1
19135,0.000155,0
19136,9.179832,0
19137,7.186043,0
19138,11.882179,0
19139,10.244314,0
19140,12.836291,1
19141,0.000269,0
19142,0.000189,1
19143,9.476302,0
19144,0.000353,1
19145,11.270599,1
19146,0.000134,1
19147,7.956966,1
19148,8.915937,0
19149,10.962078,1
19150,11.107015,1
19151,9.416777,1
19152,9.792598,1
19153,10.792502,0
19154,0.000137,1
19155,0.000245,1
19156,9.353703,0
19157,12.904351,0
19158,11.300406,0
19159,0.000211,0
19160,10.523617,0
19161,5.1e-05,1
19162,4e-05,1
19163,7.187622,0
19164,7.13524,0
19165,7.602458,0
19166,0.000611,1
19167,0.000204,1
19168,10.538268,1
19169,10.186966,1
19170,10.653357,1
19171,0.000312,1
19172,8.224143,1
19173,4.3e-05,0
19174,10.706419,1
19175,6.9e-05,1
19176,4.5e-05,1
19177,0.000326,1
19178,12.717521,0
19179,0.000595,1
19180,0.000341,0
19181,9.049549,0
19182,11.018022,1
19183,12.475392,0
19184,10.641735,1
19185,10.229403,1
19186,8.360008,1
19187,9.305282,1
19188,0.000413,1
19189,9.1e-05,1
19190,8.915716,0
19191,10.261806,1
19192,0.000159,0
19193,10.236618,0
19194,0.000496,1
19195,0.0005,1
19196,10.560359,0
19197,12.03441,1
19198,9.927307,1
19199,10.952023,0
19200,10.086755,1
19201,7.73465,1
19202,9.68415,1
19203,11.121106,0
19204,9.549713,0
19205,8.731176,0
19206,0.000404,1
19207,0.000265,0
19208,0.000286,1
19209,10.649662,0
19210,0.000105,1
19211,2.1e-05,0
19212,0.000511,1
19213,6.2e-05,1
19214,8.9e-05,1
19215,0.000154,1
19216,6.9e-05,0
19217,0.000229,1
19218,7.8e-05,1
19219,0.000166,0
19220,0.000222,1
19221,0.000304,1
19222,7.478007,0
19223,0.000206,1
19224,7.3e-05,1
19225,8.9253,0
19226,11.21008,1
19227,12.484389,1
19228,12.851524,0
19229,9.980454,1
19230,11.207068,1
19231,11.445961,1
19232,12.237753,0
19233,9.30159,1
19234,8.5e-05,1
19235,8.366909,0
19236,8.635303,1
19237,0.000424,1
19238,0.000143,0
19239,9.898026,0
19240,0.000812,1
19241,2.5e-05,1
19242,0.00037,1
19243,7.913091,0
19244,9.179832,0
19245,9.048815,0
19246,0.000141,1
19247,10.594312,0
19248,9.1e-05,1
19249,10.598501,0
19250,9.574235,1
19251,0.000484,1
19252,3.2e-05,0
19253,0.000373,1
19254,8.914299,0
19255,0.000337,1
19256,9.903698,0
19257,0.000284,1
19258,0.000178,1
19259,0.000221,1
19260,0.000123,1
19261,0.00022,1
19262,8.320862,0
19263,12.589087,1
19264,10.170301,0
19265,10.102438,1
19266,0.001304,1
19267,0.000202,1
19268,10.353608,1
19269,9.472665,0
19270,9.279934,1
19271,10.328206,1
19272,11.011944,1
19273,11.028593,1
19274,0.000108,0
19275,9.158933,0
19276,10.855024,1
19277,0.000112,1
19278,9.182203,0
19279,0.000103,0
19280,12.749289,1
19281,10.492383,1
19282,10.73812,1
19283,6.7e-05,0
19284,0.000146,1
19285,10.825999,1
19286,0.000265,1
19287,9.8e-05,1
19288,0.000109,1
19289,2.7e-05,1
19290,0.000159,1
19291,0.000332,1
19292,11.827027,0
19293,11.362678,1
19294,0.000198,1
19295,11.17012,1
19296,0.000142,1
19297,12.000415,0
19298,6.727938,0
19299,10.61859,0
19300,0.000119,1
19301,10.888941,1
19302,10.151584,1
19303,11.257827,0
19304,5.2e-05,1
19305,0.000147,1
19306,9.808137,1
19307,0.000563,1
19308,8.924676,1
19309,13.853982,0
19310,11.544623,1
19311,11.582921,1
19312,9.637412,0
19313,0.000103,1
19314,9.569216,1
19315,9.95492,0
19316,11.135024,0
19317,10.796925,1
19318,0.000471,1
19319,0.000142,1
19320,7.050332,0
19321,8.624822,1
19322,9.151999,1
19323,9.226415,1
19324,9.355099,1
19325,8.936832,0
19326,0.000103,1
19327,8.649572,0
19328,0.000423,1
19329,12.728769,0
19330,9.227571,0
19331,9.925829,1
19332,9.689745,1
19333,0.00025,1
19334,9.273972,0
19335,0.000285,1
19336,10.968754,1
19337,10.827133,1
19338,6.5e-05,0
19339,0.000415,1
19340,12.033095,1
19341,0.000137,1
19342,5e-05,1
19343,7.039704,0
19344,10.07996,1
19345,9.069519,0
19346,11.312127,0
19347,7.431108,0
19348,8.628286,0
19349,9.303237,0
19350,12.839565,0
19351,11.735553,0
19352,0.000121,1
19353,9.478426,0
19354,11.709829,1
19355,0.000135,1
19356,0.000139,0
19357,0.000193,1
19358,3e-05,1
19359,3.1e-05,0
19360,7.734831,0
19361,10.661908,1
19362,11.579969,0
19363,9.463855,1
19364,10.585537,1
19365,9e-05,1
19366,7.544472,1
19367,10.418424,0
19368,13.050663,0
19369,0.000181,1
19370,10.181067,0
19371,0.000282,1
19372,0.000146,0
19373,5.2e-05,1
19374,10.112142,1
19375,6.5e-05,0
19376,0.000751,1
19377,10.022419,1
19378,0.000211,1
19379,0.000395,1
19380,13.53488,0
19381,9.738941,1
19382,9.1e-05,1
19383,9.72995,0
19384,10.278523,1
19385,8.829052,1
19386,10.884755,0
19387,9.434374,0
19388,8.8e-05,1
19389,0.000377,1
19390,8.6e-05,1
19391,12.244363,0
19392,9.749969,0
19393,0.000399,0
19394,3.7e-05,1
19395,10.468058,1
19396,7.231956,0
19397,0.000181,1
19398,0.000482,1
19399,10.192023,0
19400,10.555788,0
19401,6.9e-05,1
19402,0.000125,0
19403,0.000107,1
19404,8.476329,0
19405,10.132772,0
19406,7.027209,1
19407,9.058132,1
19408,9.840419,1
19409,8.792135,1
19410,0.000116,0
19411,10.481151,1
19412,0.00066,1
19413,0.000232,1
19414,12.363953,1
19415,7.200074,1
19416,9.004378,1
19417,0.000416,1
19418,11.753712,1
19419,0.000158,1
19420,9.961386,1
19421,0.000428,1
19422,13.236966,1
19423,9.26909,0
19424,10.631084,1
19425,10.994098,0
19426,6.7e-05,1
19427,11.978046,0
19428,11.90116,1
19429,11.698855,1
19430,11.446271,0
19431,7.720338,0
19432,9.410275,1
19433,0.000107,1
19434,10.584869,1
19435,0.00013,1
19436,11.150046,0
19437,8.766634,0
19438,0.000172,1
19439,10.38612,1
19440,0.000104,1
19441,9.162699,0
19442,11.267353,1
19443,10.868713,1
19444,10.176376,1
19445,10.998152,1
19446,7.985325,0
19447,0.000378,1
19448,10.348774,1
19449,9.6e-05,0
19450,6.9e-05,1
19451,0.000147,0
19452,11.471211,1
19453,9.7e-05,1
19454,10.576698,1
19455,0.000537,1
19456,10.853318,1
19457,0.000116,1
19458,10.135568,0
19459,8.269427,1
19460,0.000132,1
19461,12.490564,0
19462,10.544191,0
19463,7.45572,0
19464,0.001843,1
19465,11.213458,0
19466,6.8e-05,1
19467,6.7e-05,1
19468,0.000151,1
19469,7.366952,1
19470,10.969361,0
19471,4.9e-05,1
19472,12.012432,0
19473,8.267678,1
19474,8.297757,1
19475,0.000115,1
19476,0.000409,1
19477,10.795147,1
19478,8.876408,0
19479,11.10346,1
19480,11.459291,1
19481,0.000362,1
19482,10.927597,0
19483,9.9e-05,1
19484,10.780965,0
19485,5.4e-05,1
19486,7.630048,0
19487,0.000318,1
19488,0.000195,1
19489,6.853952,0
19490,6.5e-05,1
19491,10.827658,1
19492,11.837866,0
19493,13.625286,0
19494,0.00026,0
19495,0.000473,1
19496,4.4e-05,1
19497,10.975186,1
19498,0.000165,0
19499,0.000173,0
19500,9.365044,0
19501,8.963541,1
19502,9.769588,0
19503,7.1e-05,0
19504,0.000107,0
19505,4.1e-05,0
19506,12.420734,0
19507,0.00011,0
19508,11.067921,1
19509,0.000182,1
19510,12.465968,0
19511,9.58,0
19512,10.213035,0
19513,0.000451,1
19514,0.000185,1
19515,12.522845,1
19516,0.000188,0
19517,0.000105,1
19518,0.000262,1
19519,9.3e-05,1
19520,9.4e-05,0
19521,0.000172,1
19522,10.214263,0
19523,8.233324,0
19524,8.988559,1
19525,11.883091,0
19526,8.993081,1
19527,3.2e-05,1
19528,0.000101,0
19529,0.0003,1
19530,7.375753,0
19531,11.004693,0
19532,9.352649,1
19533,7.596012,1
19534,11.628399,1
19535,0.000311,1
19536,0.000134,1
19537,11.119181,1
19538,11.45428,1
19539,7.354379,0
19540,0.000118,1
19541,10.958862,1
19542,8.6e-05,0
19543,0.000496,1
19544,10.453218,1
19545,11.501591,1
19546,0.000364,1
19547,8.99964,0
19548,8.806454,1
19549,9.139342,0
19550,0.000298,1
19551,9.75471,0
19552,9.367543,0
19553,0.000376,0
19554,0.000208,1
19555,3.1e-05,0
19556,9.321818,1
19557,7.6e-05,1
19558,6.4e-05,1
19559,7.4e-05,1
19560,10.330353,0
19561,11.006039,1
19562,11.698052,0
19563,12.749753,0
19564,9.260592,0
19565,8.110567,0
19566,0.00029,1
19567,9.779935,1
19568,10.100158,1
19569,11.064521,0
19570,0.000109,1
19571,11.904011,0
19572,9.898409,1
19573,3.6e-05,0
19574,9.537573,0
19575,0.000341,1
19576,11.619618,1
19577,12.524196,0
19578,12.599412,0
19579,10.610317,1
19580,0.000319,1
19581,0.000339,1
19582,7.860732,0
19583,0.000655,1
19584,0.000344,1
19585,10.412187,0
19586,10.031844,1
19587,11.045307,1
19588,9.862,0
19589,0.000111,1
19590,0.000454,0
19591,11.176968,1
19592,12.277599,0
19593,12.949448,0
19594,12.267471,1
19595,0.000104,1
19596,12.320187,0
19597,7.538387,1
19598,0.000117,1
19599,0.00011,0
19600,11.480563,0
19601,9.789499,1
19602,0.000543,1
19603,0.000295,0
19604,10.904053,1
19605,6e-05,0
19606,0.000231,1
19607,0.000102,1
19608,10.917682,1
19609,0.00015,1
19610,0.000164,1
19611,0.002159,1
19612,12.258908,0
19613,0.000383,1
19614,9.548581,1
19615,0.000105,1
19616,0.000303,1
19617,10.890809,1
19618,0.000286,1
19619,3.6e-05,1
19620,7.904548,0
19621,11.659738,0
19622,11.306531,1
19623,0.000762,1
19624,10.684751,0
19625,0.000187,1
19626,9.868776,1
19627,12.85592,0
19628,0.000126,1
19629,9.609617,1
19630,9.900117,0
19631,10.499511,0
19632,7.233747,0
19633,7.681266,0
19634,0.000221,0
19635,0.000211,1
19636,7.7e-05,0
19637,9.054419,0
19638,9.842573,1
19639,9.734102,0
19640,9.532952,1
19641,8.2e-05,0
19642,11.56934,0
19643,10.852652,1
19644,3.1e-05,1
19645,10.336658,1
19646,8.691337,0
19647,0.0002,1
19648,11.180018,0
19649,9.863193,1
19650,8.020678,0
19651,7.4e-05,1
19652,4.3e-05,0
19653,11.740814,0
19654,10.286194,1
19655,10.939417,1
19656,9.34403,1
19657,7.946708,1
19658,9.013412,0
19659,11.899949,1
19660,10.160362,1
19661,10.333297,1
19662,8.1e-05,1
19663,11.760774,1
19664,4.1e-05,1
19665,11.674489,1
19666,10.856227,0
19667,0.00044,1
19668,0.000203,1
19669,7.573397,0
19670,7.887635,1
19671,8.008661,1
19672,0.00014,1
19673,12.804647,0
19674,7.906726,0
19675,10.315678,0
19676,13.541924,1
19677,10.344008,1
19678,10.650861,0
19679,7.459457,0
19680,7.227815,1
19681,11.359278,1
19682,9.212674,0
19683,0.000106,1
19684,12.577574,0
19685,0.000202,1
19686,12.545022,0
19687,9.504747,1
19688,0.00034,1
19689,10.492808,1
19690,12.105085,0
19691,9.393087,1
19692,11.590717,0
19693,0.000124,1
19694,0.000107,1
19695,9.4e-05,1
19696,8.815858,1
19697,14.364364,0
19698,4.1e-05,0
19699,7.319596,1
19700,8.306793,1
19701,7.316111,0
19702,8.68262,0
19703,0.000676,1
19704,10.944407,0
19705,0.000122,0
19706,8.943177,1
19707,14.034894,0
19708,0.000165,1
19709,9.045039,0
19710,12.354747,0
19711,0.000134,1
19712,0.00019,1
19713,0.000163,1
19714,10.002474,0
19715,0.000461,1
19716,6.2e-05,1
19717,12.744181,0
19718,9.797916,1
19719,8.709016,1
19720,8.4e-05,0
19721,10.728506,1
19722,11.093824,1
19723,11.021197,0
19724,0.000301,1
19725,0.00033,1
19726,11.456679,1
19727,9.292032,1
19728,13.109959,0
19729,12.162085,1
19730,10.151386,1
19731,11.259456,1
19732,0.000285,1
19733,10.706441,1
19734,12.486579,0
19735,0.000317,1
19736,9.445475,1
19737,9.40709,1
19738,0.001774,1
19739,9.571754,0
19740,9.413258,1
19741,0.000173,1
19742,7.635632,0
19743,8.525654,1
19744,9.745318,0
19745,11.522538,1
19746,0.000277,1
19747,15.251503,1
19748,12.433028,0
19749,12.16257,1
19750,10.418932,1
19751,10.606882,1
19752,11.14892,0
19753,0.000139,1
19754,0.000188,1
19755,9.9e-05,0
19756,0.000148,1
19757,0.0002,1
19758,10.208337,1
19759,10.051485,0
19760,10.424867,1
19761,8.487473,0
19762,7.757403,0
19763,7.247244,0
19764,9.3e-05,1
19765,0.000565,1
19766,0.000115,1
19767,12.002943,1
19768,6.843346,0
19769,10.650321,1
19770,9.53543,1
19771,9.966646,1
19772,10.97964,0
19773,0.000187,1
19774,9.112578,1
19775,8.684292,1
19776,0.0001,0
19777,11.103463,0
19778,8.114771,0
19779,8.292479,1
19780,4e-05,1
19781,4.9e-05,0
19782,7.050241,0
19783,10.080083,1
19784,7.306439,0
19785,6.4e-05,1
19786,7.820663,1
19787,11.296257,1
19788,11.518669,0
19789,7.7e-05,0
19790,4.5e-05,0
19791,11.434063,1
19792,8.715168,1
19793,0.000138,0
19794,0.000144,1
19795,11.605926,1
19796,8.9e-05,1
19797,2.6e-05,1
19798,10.602416,0
19799,7.649096,0
19800,0.000156,1
19801,9.165994,1
19802,10.750969,0
19803,0.000401,0
19804,7.281559,1
19805,0.000207,1
19806,0.000182,1
19807,9.948644,1
19808,9.564134,1
19809,10.406941,0
19810,0.000585,1
19811,7.455387,1
19812,9.896286,1
19813,7.490682,0
19814,3.5e-05,0
19815,3.9e-05,0
19816,10.442121,1
19817,10.771413,1
19818,9.268591,1
19819,9.594817,1
19820,8e-05,1
19821,0.000244,1
19822,10.264898,1
19823,0.000191,1
19824,0.000155,1
19825,0.000211,1
19826,9.131232,0
19827,10.701468,1
19828,2.1e-05,0
19829,10.828215,1
19830,9.058115,0
19831,11.92352,0
19832,0.00035,1
19833,11.836531,1
19834,0.000294,1
19835,0.000329,1
19836,12.733208,1
19837,0.000215,1
19838,4e-05,1
19839,9.25543,1
19840,9.899505,0
19841,5.2e-05,1
19842,11.249417,0
19843,0.000127,1
19844,0.000138,1
19845,11.329566,0
19846,0.000222,1
19847,12.119386,1
19848,10.124222,0
19849,9.965529,1
19850,11.253974,1
19851,0.000106,1
19852,9.556968,0
19853,0.000235,1
19854,11.44898,0
19855,0.000215,1
19856,0.000309,1
19857,11.084116,0
19858,9.620673,1
19859,9.433547,1
19860,11.291693,1
19861,9.69117,0
19862,10.139186,0
19863,9.689537,1
19864,7.251222,0
19865,7.510888,0
19866,12.032787,0
19867,12.216249,1
19868,9.417638,1
19869,0.000347,1
19870,9.889853,0
19871,13.525023,1
19872,7.046473,1
19873,0.000352,1
19874,11.5439,1
19875,0.000394,1
19876,11.498633,1
19877,10.406904,1
19878,9.878974,1
19879,13.43519,1
19880,9.645296,1
19881,0.000113,1
19882,13.909895,1
19883,0.000225,1
19884,11.782388,0
19885,9.916458,1
19886,9e-05,1
19887,9.205853,1
19888,0.000213,1
19889,9.919682,0
19890,10.514829,1
19891,8.186667,0
19892,0.000388,0
19893,12.122857,1
19894,0.000175,1
19895,8.837874,1
19896,9.4e-05,1
19897,11.849526,0
19898,0.000101,1
19899,10.606869,0
19900,10.331631,1
19901,0.000125,1
19902,0.000122,1
19903,9.368494,0
19904,0.000311,1
19905,15.533775,0
19906,13.116869,1
19907,7.248643,0
19908,8.1e-05,1
19909,0.000774,1
19910,9.985332,0
19911,9e-05,1
19912,11.585407,0
19913,12.08843,0
19914,9.028456,0
19915,9.3e-05,1
19916,12.071741,0
19917,9.535901,0
19918,9.269665,0
19919,10.375434,0
19920,10.930117,1
19921,9.9879,1
19922,10.831789,0
19923,8.2e-05,1
19924,0.000298,1
19925,9.8e-05,1
19926,0.000139,1
19927,10.589402,1
19928,9.832487,0
19929,7.607448,0
19930,0.000367,1
19931,9.906945,1
19932,10.042165,0
19933,12.074426,1
19934,9.109106,0
19935,0.000174,1
19936,0.000368,1
19937,0.000417,1
19938,7.252886,0
19939,11.131983,0
19940,0.00013,1
19941,10.88218,0
19942,10.633973,1
19943,5.9e-05,1
19944,9.185703,1
19945,0.000208,1
19946,9.491676,1
19947,0.000138,1
19948,8.558518,1
19949,0.000143,1
19950,8.062862,1
19951,8.759854,1
19952,11.276059,0
19953,10.209456,1
19954,0.000133,1
19955,0.000134,1
19956,5.1e-05,0
19957,10.124074,1
19958,13.686048,0
19959,9.204401,1
19960,11.526511,0
19961,10.034073,1
19962,11.854286,1
19963,7.7e-05,0
19964,3.1e-05,1
19965,11.791621,1
19966,0.000112,1
19967,7.576051,0
19968,0.00019,0
19969,0.000176,1
19970,0.000152,0
19971,0.000236,1
19972,0.00025,1
19973,8.7e-05,1
19974,10.135702,1
19975,8.825462,1
19976,0.000408,1
19977,10.651381,0
19978,12.684052,0
19979,10.693283,1
19980,11.430001,1
19981,10.35209,1
19982,2.7e-05,1
19983,11.994749,0
19984,9.377847,1
19985,8.655322,0
19986,9.777431,1
19987,7.775302,0
19988,10.962255,0
19989,7.402822,0
19990,12.243567,0
19991,13.124993,1
19992,6.962855,0
19993,9.3e-05,1
19994,7.498333,0
19995,6.4e-05,1
19996,0.001014,1
19997,0.000136,1
19998,9.071943,0
19999,10.404762,1
20000,7.078653,1
20001,0.00031,1
20002,0.000471,1
20003,9.8e-05,1
20004,12.240052,1
20005,6.1e-05,1
20006,11.108848,0
20007,0.000282,0
20008,10.414258,1
20009,0.000113,0
20010,10.796698,1
20011,0.000275,1
20012,9.684553,1
20013,12.820037,1
20014,0.000345,0
20015,0.000334,1
20016,11.016137,1
20017,0.000177,1
20018,7.904078,0
20019,12.21963,1
20020,10.806735,0
20021,11.081856,1
20022,12.727942,1
20023,6.4e-05,1
20024,12.364491,0
20025,0.000339,1
20026,10.970348,1
20027,0.000158,1
20028,0.000159,1
20029,0.000484,1
20030,0.000193,1
20031,10.107169,1
20032,10.525888,0
20033,10.236054,1
20034,0.000319,1
20035,0.000379,0
20036,11.230858,1
20037,9.256786,1
20038,8.4e-05,1
20039,0.000394,1
20040,0.000433,1
20041,13.516595,1
20042,9.899947,1
20043,0.000167,1
20044,9.653002,0
20045,0.000271,1
20046,3e-05,0
20047,10.49184,1
20048,0.000766,0
20049,7.257733,0
20050,9.7e-05,0
20051,11.789003,1
20052,0.000144,1
20053,8.496906,0
20054,12.275727,0
20055,9.908503,1
20056,10.413991,1
20057,0.000116,1
20058,13.262941,1
20059,11.076991,1
20060,0.000131,1
20061,10.945411,1
20062,0.000226,1
20063,10.572201,0
20064,10.64837,1
20065,8.162392,1
20066,0.000227,1
20067,0.00014,1
20068,11.050365,0
20069,10.255859,0
20070,0.000701,1
20071,0.00012,0
20072,9.9e-05,1
20073,11.897068,1
20074,9.769111,1
20075,0.00011,1
20076,10.104578,0
20077,0.000899,1
20078,11.559109,1
20079,7.514425,0
20080,0.000201,1
20081,10.837044,1
20082,10.217093,1
20083,14.45222,1
20084,12.678742,0
20085,0.000473,1
20086,0.00023,1
20087,11.251824,0
20088,10.107781,1
20089,8.505273,0
20090,7.531811,1
20091,12.045326,0
20092,0.000317,0
20093,12.98399,1
20094,10.958415,1
20095,10.922457,0
20096,0.000113,1
20097,0.000291,1
20098,9.764625,0
20099,8e-05,0
20100,8.017128,0
20101,0.000213,1
20102,11.676202,0
20103,0.000659,1
20104,9.136742,0
20105,6e-05,1
20106,12.927909,0
20107,0.000641,1
20108,8.931807,0
20109,11.988464,0
20110,0.000104,1
20111,7.252348,0
20112,0.000134,1
20113,8.610635,0
20114,7.617782,1
20115,10.785523,1
20116,10.689651,1
20117,12.952632,0
20118,7.3e-05,1
20119,0.000106,1
20120,8.222886,0
20121,0.000141,1
20122,0.001272,1
20123,11.466976,1
20124,8.809036,1
20125,0.000837,1
20126,10.214534,1
20127,0.000133,1
20128,10.417155,0
20129,0.000216,1
20130,7.806569,0
20131,11.035393,1
20132,0.000183,1
20133,0.000157,1
20134,10.932061,1
20135,0.000377,0
20136,0.000246,1
20137,9.466558,0
20138,10.103705,0
20139,7.505239,0
20140,12.519423,0
20141,0.000438,1
20142,0.001513,1
20143,0.000165,1
20144,0.000561,1
20145,8.781427,0
20146,0.000736,1
20147,0.000429,1
20148,0.000133,1
20149,10.402174,1
20150,0.000266,1
20151,5.1e-05,1
20152,0.000111,1
20153,0.000104,1
20154,7.5e-05,1
20155,0.000162,1
20156,9.778072,1
20157,0.000146,1
20158,9.681549,1
20159,9.85248,0
20160,12.564982,1
20161,8.5e-05,0
20162,7.579607,0
20163,8.164544,1
20164,11.540597,0
20165,12.777864,1
20166,6.5e-05,1
20167,0.000367,1
20168,9.744654,1
20169,9.114124,0
20170,8.168132,1
20171,10.423206,0
20172,8.821279,0
20173,7.6e-05,0
20174,8.019741,0
20175,7.8e-05,1
20176,0.0004,1
20177,8.546073,1
20178,8.234992,1
20179,10.15745,0
20180,0.000126,1
20181,11.778362,0
20182,14.048285,0
20183,7.6e-05,1
20184,11.949616,1
20185,0.000248,1
20186,8.633684,1
20187,0.000396,0
20188,0.000149,1
20189,0.000515,0
20190,8.404156,0
20191,0.000482,1
20192,10.39241,0
20193,10.745607,1
20194,9.008706,0
20195,0.00014,1
20196,9.7e-05,1
20197,0.00017,1
20198,8.4348,0
20199,9.06945,1
20200,10.867465,1
20201,9.936542,0
20202,9.464837,1
20203,0.000194,1
20204,11.376163,1
20205,10.393497,0
20206,0.000361,1
20207,10.568398,1
20208,11.733232,0
20209,0.000123,1
20210,0.000249,1
20211,2.9e-05,0
20212,7.366326,0
20213,5.6e-05,1
20214,0.000152,1
20215,0.000107,1
20216,0.000254,1
20217,6.960111,0
20218,9.2391,1
20219,9.835007,1
20220,0.000235,1
20221,0.000598,1
20222,11.717641,0
20223,10.263585,1
20224,13.572562,0
20225,10.013331,0
20226,9.853312,1
20227,0.000465,0
20228,0.000147,1
20229,0.000292,1
20230,12.399359,0
20231,10.886818,1
20232,12.744319,0
20233,0.000139,1
20234,11.242483,0
20235,0.000226,1
20236,9.66594,1
20237,6.8e-05,1
20238,0.00065,1
20239,12.559058,0
20240,7.450311,0
20241,7.996761,1
20242,9.450613,1
20243,3.9e-05,1
20244,0.000643,1
20245,9.375577,1
20246,0.000102,1
20247,11.913945,0
20248,8.9e-05,1
20249,9.3e-05,1
20250,10.721056,1
20251,8.871255,1
20252,0.000276,1
20253,11.094527,0
20254,6.2e-05,1
20255,0.000366,1
20256,10.52304,0
20257,0.00012,1
20258,11.48169,0
20259,12.240179,0
20260,0.000206,0
20261,7.109029,0
20262,9.547536,1
20263,9.4e-05,1
20264,8.139197,0
20265,9.356718,1
20266,10.451421,1
20267,9.450657,1
20268,11.458121,0
20269,11.177019,1
20270,10.215726,1
20271,11.041502,0
20272,11.473278,0
20273,4.5e-05,1
20274,0.000136,1
20275,11.007697,1
20276,11.33434,1
20277,11.276066,0
20278,9.411328,1
20279,0.000183,1
20280,0.000223,1
20281,0.000205,1
20282,9.745098,1
20283,0.000151,1
20284,0.000184,1
20285,10.682487,1
20286,11.84195,0
20287,12.416628,0
20288,8.9e-05,0
20289,7.23759,1
20290,0.000199,0
20291,11.008805,1
20292,7.545794,0
20293,10.523999,0
20294,7.232456,1
20295,0.000201,0
20296,10.481771,1
20297,10.861614,1
20298,9.790278,0
20299,10.884251,1
20300,0.000371,1
20301,8.84672,0
20302,8.833379,1
20303,11.39121,1
20304,7.1e-05,0
20305,11.500122,0
20306,7.823165,1
20307,7e-05,1
20308,10.413756,1
20309,9.780982,1
20310,8.209876,1
20311,7.370941,0
20312,10.006796,1
20313,0.000368,1
20314,10.33652,0
20315,0.001133,1
20316,10.793602,0
20317,9.881902,1
20318,10.137366,1
20319,9.807068,0
20320,0.0003,1
20321,0.000948,1
20322,3.1e-05,1
20323,0.000256,0
20324,13.215002,1
20325,7.2e-05,1
20326,11.349411,0
20327,0.000232,1
20328,10.186377,1
20329,9.1e-05,1
20330,0.000295,1
20331,7.5e-05,0
20332,12.022887,0
20333,7.7e-05,1
20334,8.9e-05,1
20335,0.000759,0
20336,10.861072,0
20337,6e-05,0
20338,0.000104,1
20339,10.911075,1
20340,0.00017,1
20341,0.000373,1
20342,13.059451,0
20343,0.000174,1
20344,0.000149,1
20345,8.89192,1
20346,9.493576,0
20347,9.053204,1
20348,4.7e-05,0
20349,11.146354,1
20350,0.000395,0
20351,11.294463,1
20352,0.000161,1
20353,0.000249,1
20354,13.165425,0
20355,7.39351,0
20356,7.97022,0
20357,11.100869,1
20358,0.000318,0
20359,8.684736,1
20360,12.453163,1
20361,9.469796,0
20362,11.66493,0
20363,10.316227,0
20364,9.707716,1
20365,4.8e-05,0
20366,11.131805,1
20367,0.000101,1
20368,11.922529,0
20369,10.897323,1
20370,0.000166,1
20371,12.830221,1
20372,3.6e-05,1
20373,10.174435,1
20374,0.000275,1
20375,11.620197,0
20376,11.494447,1
20377,7.969538,0
20378,0.000735,1
20379,10.006964,1
20380,7.113532,0
20381,13.145625,0
20382,0.000231,1
20383,0.000234,1
20384,0.000132,1
20385,9.241241,0
20386,10.811744,0
20387,9.637883,1
20388,9.21251,0
20389,0.000114,1
20390,6.7e-05,1
20391,9.772177,0
20392,9.647938,0
20393,6.983646,0
20394,0.000166,1
20395,7.998653,1
20396,8.1e-05,0
20397,13.066489,0
20398,9.8e-05,1
20399,0.00012,1
20400,11.396513,1
20401,7.256917,0
20402,11.552804,1
20403,11.336228,1
20404,6.6e-05,1
20405,9e-05,1
20406,0.00013,0
20407,0.000152,1
20408,0.000319,0
20409,11.157557,0
20410,8.851799,0
20411,10.783308,1
20412,0.000283,1
20413,0.000103,0
20414,12.920758,1
20415,6.3e-05,1
20416,6.795644,0
20417,0.000198,1
20418,4.8e-05,0
20419,11.179699,1
20420,9.881706,0
20421,0.000168,1
20422,10.290325,1
20423,13.238811,0
20424,11.267379,1
20425,10.357279,1
20426,7.318902,0
20427,0.00011,0
20428,7.721319,0
20429,9.681835,0
20430,0.000472,1
20431,0.000174,0
20432,0.00012,0
20433,10.4221,1
20434,8.2e-05,1
20435,0.000101,1
20436,0.000773,1
20437,9.194596,1
20438,9e-05,1
20439,0.000126,1
20440,7.267407,1
20441,0.000234,1
20442,7.418673,0
20443,9.869982,1
20444,0.000281,1
20445,0.000225,0
20446,0.000321,1
20447,8.008852,0
20448,9.325398,1
20449,9.726124,0
20450,10.390556,1
20451,8.404634,1
20452,8.95737,1
20453,0.000257,1
20454,0.00012,1
20455,11.075467,1
20456,0.000281,1
20457,9.610547,1
20458,0.000198,1
20459,0.000396,1
20460,0.000371,1
20461,10.129133,1
20462,0.000107,1
20463,0.000233,1
20464,9.24625,1
20465,11.208452,0
20466,11.313107,0
20467,10.996565,1
20468,9.253756,1
20469,12.886211,0
20470,12.213943,1
20471,8.617241,1
20472,8e-05,1
20473,0.000115,1
20474,7.59963,0
20475,12.049938,1
20476,0.000106,1
20477,0.000276,1
20478,8.1e-05,0
20479,12.270592,0
20480,10.203491,0
20481,0.000339,1
20482,9.476106,0
20483,0.000261,0
20484,9.342319,0
20485,11.108095,1
20486,8.9e-05,0
20487,12.867776,1
20488,14.322226,0
20489,8.182675,0
20490,0.000162,1
20491,8.659688,0
20492,9.699974,1
20493,9.41919,0
20494,0.00014,1
20495,12.226126,0
20496,9.007414,1
20497,0.000156,1
20498,14.137602,0
20499,5.7e-05,0
20500,10.808397,1
20501,10.681379,0
20502,0.000203,1
20503,15.343257,0
20504,10.198673,1
20505,7.50458,0
20506,0.000263,1
20507,0.000245,1
20508,6.603323,0
20509,7.747469,0
20510,0.00021,1
20511,0.000354,1
20512,11.376525,1
20513,11.893852,0
20514,12.544828,0
20515,9.7e-05,1
20516,11.839095,1
20517,9.074344,0
20518,0.000245,1
20519,11.646583,0
20520,8.928958,0
20521,10.045584,1
20522,12.820401,0
20523,9.181489,1
20524,6.3e-05,1
20525,7.4e-05,1
20526,14.55502,0
20527,10.633601,1
20528,8.972973,1
20529,11.548106,0
20530,12.864486,1
20531,0.000116,1
20532,7.2e-05,1
20533,9.599713,0
20534,9.420787,1
20535,0.000283,1
20536,11.081234,0
20537,8.801101,0
20538,0.000243,1
20539,9.664927,1
20540,10.735112,1
20541,10.410121,1
20542,10.246883,1
20543,0.000183,1
20544,9.738195,1
20545,0.000158,0
20546,5e-05,1
20547,7.142194,0
20548,10.955193,0
20549,2e-05,1
20550,10.620098,1
20551,0.000118,0
20552,10.215042,0
20553,12.421373,0
20554,0.000159,1
20555,10.103348,0
20556,10.756721,0
20557,4.6e-05,1
20558,7e-05,1
20559,0.00029,1
20560,9.506131,0
20561,0.000134,1
20562,10.590984,1
20563,8.024866,0
20564,8.998288,0
20565,9.763242,0
20566,12.820781,1
20567,10.947773,0
20568,10.081823,1
20569,0.000133,1
20570,0.000142,0
20571,13.584079,0
20572,0.000154,1
20573,0.000102,1
20574,10.21398,1
20575,11.139572,1
20576,3.4e-05,0
20577,11.657849,1
20578,12.825544,1
20579,0.000343,1
20580,13.682514,0
20581,0.000348,0
20582,10.938814,1
20583,12.801826,0
20584,10.506555,1
20585,0.00023,1
20586,0.000189,0
20587,10.581201,0
20588,0.00037,1
20589,10.185737,1
20590,0.000121,0
20591,10.734705,1
20592,0.000178,1
20593,10.848286,1
20594,10.454628,1
20595,7.8e-05,1
20596,9.445379,0
20597,0.000284,1
20598,12.595481,0
20599,0.00026,1
20600,0.000105,1
20601,10.605765,0
20602,6.798119,1
20603,13.362121,1
20604,10.201107,1
20605,4.6e-05,0
20606,13.282347,1
20607,10.248954,1
20608,11.078901,1
20609,6.1e-05,1
20610,10.922195,0
20611,5.9e-05,1
20612,9.765793,1
20613,12.221282,0
20614,4.4e-05,1
20615,9.947746,1
20616,0.000327,1
20617,9.614058,1
20618,0.000589,1
20619,7.981796,1
20620,0.000454,1
20621,9.552889,1
20622,0.000293,1
20623,9.966553,1
20624,0.000133,1
20625,0.000244,1
20626,12.853911,1
20627,10.720729,1
20628,12.011689,1
20629,3.4e-05,1
20630,10.54996,1
20631,0.000333,1
20632,0.000132,1
20633,10.940158,0
20634,10.619125,1
20635,9.26325,1
20636,0.000136,1
20637,4.3e-05,1
20638,0.000147,1
20639,11.465619,1
20640,11.206836,0
20641,12.179301,0
20642,9.251402,0
20643,0.000124,1
20644,7.164885,1
20645,8.855327,1
20646,0.000305,1
20647,0.000199,1
20648,9.2e-05,0
20649,9.495651,0
20650,9.854368,0
20651,8.906294,0
20652,5.1e-05,0
20653,10.284106,1
20654,11.274284,0
20655,10.919241,1
20656,10.407704,0
20657,0.000177,1
20658,0.000133,1
20659,8.040014,1
20660,9.254561,0
20661,0.000112,1
20662,8.21472,1
20663,8.403351,0
20664,10.698627,1
20665,10.7046,1
20666,12.387928,0
20667,8.7e-05,1
20668,0.000273,1
20669,10.855865,1
20670,12.002865,1
20671,0.000259,0
20672,7.4e-05,1
20673,6.1e-05,0
20674,9.629479,0
20675,7.154194,0
20676,11.326815,1
20677,8.93182,0
20678,0.000183,0
20679,0.000183,0
20680,11.999352,1
20681,0.000174,1
20682,0.000334,1
20683,9.489968,1
20684,9.697012,0
20685,7.177611,0
20686,0.000133,1
20687,9.15903,1
20688,11.784892,1
20689,11.938955,1
20690,11.333807,0
20691,0.000875,1
20692,6.6e-05,1
20693,0.000158,1
20694,8.603457,0
20695,12.577179,0
20696,10.032784,0
20697,9.728827,0
20698,0.000125,0
20699,0.000925,1
20700,10.773005,0
20701,11.997042,1
20702,10.617826,1
20703,10.163096,1
20704,10.681433,0
20705,11.61357,0
20706,11.544291,1
20707,11.707652,1
20708,0.000229,1
20709,0.000251,1
20710,10.844772,0
20711,9.985974,1
20712,11.671186,0
20713,11.316183,1
20714,0.000115,1
20715,7.349874,0
20716,0.000112,0
20717,9.467079,0
20718,0.000304,1
20719,0.000152,1
20720,7.747668,0
20721,9.801073,1
20722,0.000157,1
20723,0.000112,1
20724,0.000135,1
20725,0.000213,1
20726,0.000209,1
20727,11.95836,1
20728,12.193317,1
20729,0.000123,0
20730,0.000262,0
20731,11.547574,1
20732,9.776825,1
20733,0.000152,1
20734,0.000268,1
20735,0.000231,1
20736,0.000348,1
20737,10.473526,1
20738,2.2e-05,1
20739,11.46026,1
20740,0.000188,0
20741,9.6e-05,1
20742,0.000392,1
20743,10.694201,1
20744,11.612795,0
20745,0.000114,1
20746,7.3e-05,0
20747,0.000192,1
20748,8.061903,0
20749,10.62519,1
20750,0.00021,1
20751,9.8383,0
20752,7.518023,0
20753,12.290718,1
20754,9.76497,1
20755,7.993418,1
20756,0.000156,0
20757,9.545736,0
20758,0.000326,1
20759,11.919659,0
20760,9.999969,1
20761,9.030287,0
20762,0.000717,1
20763,5.3e-05,0
20764,9.629113,1
20765,10.382631,1
20766,8.918003,0
20767,10.673041,1
20768,11.539171,1
20769,11.670317,1
20770,10.094787,0
20771,9.711678,1
20772,0.000186,1
20773,10.458979,0
20774,0.000183,1
20775,7.964033,0
20776,8.974056,0
20777,6.4e-05,1
20778,0.000185,1
20779,8.468667,1
20780,11.182723,1
20781,8.1e-05,0
20782,8.466036,1
20783,0.00018,1
20784,10.982568,0
20785,0.000207,1
20786,11.412284,0
20787,8.2e-05,1
20788,13.468897,0
20789,9.4e-05,1
20790,0.000104,1
20791,12.715561,0
20792,10.654086,1
20793,10.640154,1
20794,11.403946,1
20795,6.4e-05,1
20796,14.056731,0
20797,7.391509,0
20798,8.3e-05,1
20799,9.036452,1
20800,0.000179,1
20801,11.366756,1
20802,10.540296,1
20803,11.217607,0
20804,10.602591,0
20805,0.000111,1
20806,0.000141,1
20807,9.216846,1
20808,11.561399,0
20809,9.722738,0
20810,8.496467,0
20811,0.000131,1
20812,0.000219,0
20813,5.4e-05,1
20814,11.329817,0
20815,8.68972,0
20816,11.12457,1
20817,10.804266,0
20818,9.5e-05,1
20819,12.010553,0
20820,11.49503,0
20821,10.580073,1
20822,10.27988,0
20823,11.96938,0
20824,12.226836,0
20825,0.000381,1
20826,11.77335,1
20827,9.570393,1
20828,13.034202,1
20829,10.580682,1
20830,0.000279,1
20831,0.000611,1
20832,10.45575,0
20833,7.564966,0
20834,7.362096,1
20835,10.73307,1
20836,10.131314,1
20837,6.3e-05,0
20838,13.750593,0
20839,8.1e-05,1
20840,7.4e-05,0
20841,9.909052,1
20842,0.001939,1
20843,11.755024,0
20844,8.190559,1
20845,0.00013,0
20846,10.274516,0
20847,9.140488,1
20848,0.000126,0
20849,8.7e-05,1
20850,8.695189,0
20851,6.1e-05,1
20852,0.000651,1
20853,0.000208,1
20854,9.93667,1
20855,12.666903,0
20856,9.930809,1
20857,11.677466,1
20858,7.419768,1
20859,0.000481,1
20860,8.781847,1
20861,7.4e-05,1
20862,9.7e-05,1
20863,9.614632,1
20864,10.02739,0
20865,0.000181,1
20866,0.000111,0
20867,10.060332,0
20868,11.47023,1
20869,10.508643,1
20870,9.062784,0
20871,11.684328,1
20872,11.151972,1
20873,12.467922,1
20874,0.00137,1
20875,8.974913,1
20876,10.409615,1
20877,8.606428,1
20878,10.073837,1
20879,8.934371,0
20880,9.104886,1
20881,0.000217,1
20882,0.000132,1
20883,9.613653,0
20884,0.000488,1
20885,0.000216,1
20886,10.545986,0
20887,9.652697,1
20888,9.181716,1
20889,0.000615,1
20890,0.000128,1
20891,8.7e-05,1
20892,0.000166,1
20893,7.481207,1
20894,10.221269,0
20895,11.917271,0
20896,0.000173,1
20897,0.000189,1
20898,7.6e-05,0
20899,12.781255,1
20900,0.000135,1
20901,14.258186,1
20902,0.000203,1
20903,7.7e-05,1
20904,0.000254,1
20905,11.790744,1
20906,10.472852,0
20907,12.898193,1
20908,0.000103,1
20909,0.000306,1
20910,0.000271,0
20911,9.110201,0
20912,11.243318,1
20913,8.032129,1
20914,0.000117,1
20915,9.437538,0
20916,10.259557,1
20917,0.000813,1
20918,0.000218,1
20919,10.485811,1
20920,0.00019,1
20921,10.13374,0
20922,10.700061,1
20923,6.6e-05,1
20924,11.214805,0
20925,0.000337,1
20926,0.000522,1
20927,0.000109,1
20928,9.377493,1
20929,11.957756,1
20930,0.000252,1
20931,9.306297,1
20932,10.752457,1
20933,10.694595,1
20934,10.343337,0
20935,10.601499,1
20936,12.26274,1
20937,0.000136,1
20938,0.000327,1
20939,0.000135,1
20940,8.965253,1
20941,7.5e-05,1
20942,15.427885,1
20943,9.406683,0
20944,0.003091,1
20945,7.6e-05,1
20946,9.677231,1
20947,5.6e-05,1
20948,11.046297,1
20949,9.158836,1
20950,11.841881,1
20951,12.966022,1
20952,11.194525,1
20953,11.268418,0
20954,9e-05,1
20955,9.129507,0
20956,8.928937,1
20957,10.463138,1
20958,8.618678,1
20959,10.030515,1
20960,8.931802,0
20961,9.215656,1
20962,0.000212,0
20963,10.848381,0
20964,10.060124,1
20965,7.492983,1
20966,10.373255,1
20967,0.000919,1
20968,0.000168,1
20969,6.8e-05,1
20970,5.7e-05,1
20971,0.000278,1
20972,11.812429,1
20973,0.000701,1
20974,10.886992,1
20975,0.000127,1
20976,0.000574,1
20977,0.000184,1
20978,0.000836,1
20979,7.580634,0
20980,8.869102,0
20981,0.000152,1
20982,10.067358,0
20983,0.00019,1
20984,10.192542,1
20985,10.84809,1
20986,0.000456,1
20987,0.000113,1
20988,9.673343,0
20989,7.64514,0
20990,9.720133,0
20991,0.000282,1
20992,0.000793,1
20993,11.248436,1
20994,6.2e-05,1
20995,0.00011,1
20996,8.516018,0
20997,3.5e-05,1
20998,12.772762,0
20999,0.000565,1
21000,12.658613,1
21001,10.237096,0
21002,9.086675,0
21003,9.835476,1
21004,10.308104,1
21005,7.473073,1
21006,0.000274,0
21007,0.000219,1
21008,8.616475,0
21009,0.000146,1
21010,0.000348,1
21011,11.031827,1
21012,0.000137,1
21013,7.981834,1
21014,10.777874,0
21015,12.449914,0
21016,11.130587,1
21017,12.322424,1
21018,10.069723,1
21019,11.345059,1
21020,9.3e-05,1
21021,9.676814,0
21022,0.000233,1
21023,0.000919,1
21024,11.459173,0
21025,10.126663,0
21026,0.000212,1
21027,0.000272,1
21028,9.603845,0
21029,7.519534,0
21030,10.274978,0
21031,11.475529,0
21032,11.340853,0
21033,11.162103,0
21034,0.000135,1
21035,9.718387,0
21036,9.887939,0
21037,0.00024,1
21038,0.000373,1
21039,7.059055,0
21040,10.879398,1
21041,8.626026,1
21042,0.000122,1
21043,9.497429,1
21044,8.156146,0
21045,0.000442,1
21046,8.128122,1
21047,11.134921,0
21048,10.783323,1
21049,0.000817,1
21050,10.843172,1
21051,10.984364,1
21052,9.503507,0
21053,0.000181,0
21054,12.390306,0
21055,7.283088,0
21056,0.000216,1
21057,10.681434,1
21058,11.698794,0
21059,9.372339,0
21060,5e-05,1
21061,0.000903,1
21062,9.7e-05,0
21063,11.001755,0
21064,11.481669,1
21065,8.937356,0
21066,10.218723,0
21067,6.1e-05,1
21068,12.015842,1
21069,9e-05,1
21070,0.000118,1
21071,9.737417,0
21072,0.000311,1
21073,10.840961,1
21074,11.036051,0
21075,11.172058,0
21076,10.756019,1
21077,8.908853,0
21078,0.000188,1
21079,0.000185,1
21080,10.948699,0
21081,8.739583,0
21082,10.847903,0
21083,9.116493,1
21084,8e-05,0
21085,0.000133,1
21086,10.918648,1
21087,11.000937,1
21088,9.874149,0
21089,10.251511,1
21090,0.000345,1
21091,10.295768,1
21092,12.682684,1
21093,7.497903,1
21094,9.568026,1
21095,9.291254,1
21096,13.332705,1
21097,0.00041,1
21098,8.458335,1
21099,9.799469,0
21100,8.811688,0
21101,8e-05,1
21102,10.212117,1
21103,10.188272,1
21104,12.883577,0
21105,10.93025,0
21106,0.0001,1
21107,0.00016,1
21108,11.204256,1
21109,11.163694,1
21110,8.138696,1
21111,7.981563,1
21112,12.062261,1
21113,8.3e-05,0
21114,0.000195,0
21115,13.440139,0
21116,9.556913,1
21117,0.000153,1
21118,10.787009,1
21119,11.785967,1
21120,8.726708,1
21121,9.995203,1
21122,10.912609,0
21123,8.948076,0
21124,9.539242,0
21125,10.607475,1
21126,9.3e-05,1
21127,0.000631,1
21128,0.000131,0
21129,7.748581,0
21130,10.041592,1
21131,10.772056,1
21132,7.658809,1
21133,8.365417,0
21134,7.7e-05,1
21135,0.000271,1
21136,8.595016,1
21137,10.68029,1
21138,4.7e-05,1
21139,8.935793,0
21140,11.556437,1
21141,0.000372,1
21142,10.601754,1
21143,9.810158,0
21144,9.835022,1
21145,11.302894,0
21146,0.000154,0
21147,0.000295,1
21148,12.050955,1
21149,10.549516,1
21150,8.925271,1
21151,9.383097,1
21152,6.2e-05,0
21153,8.601174,1
21154,0.0001,1
21155,0.000216,1
21156,11.716555,1
21157,0.000141,1
21158,11.166905,1
21159,0.000328,1
21160,0.000309,1
21161,8.2e-05,1
21162,0.000537,1
21163,6.864188,0
21164,9.991239,0
21165,7.870164,1
21166,11.523024,0
21167,10.268597,1
21168,10.843256,1
21169,0.000104,1
21170,11.212501,0
21171,7.426613,0
21172,0.000202,1
21173,9.602777,0
21174,10.942804,1
21175,9.443809,1
21176,11.491668,0
21177,11.619944,0
21178,0.000889,1
21179,10.401198,0
21180,11.289182,1
21181,0.000905,1
21182,11.245261,0
21183,8.823598,0
21184,8.849898,1
21185,0.000137,1
21186,0.00037,1
21187,9.350099,0
21188,11.630755,1
21189,11.131641,1
21190,13.750727,1
21191,11.13715,1
21192,0.000557,1
21193,7.257748,1
21194,6.991269,1
21195,0.000244,1
21196,0.000674,1
21197,9.351416,0
21198,0.00015,1
21199,10.436809,0
21200,11.176249,1
21201,0.000237,1
21202,7.171379,0
21203,0.000356,1
21204,9.520759,0
21205,10.49623,0
21206,10.561486,0
21207,5.7e-05,1
21208,11.255961,1
21209,12.144074,1
21210,9.494035,1
21211,0.000125,0
21212,9.807,1
21213,0.000132,1
21214,0.000159,1
21215,0.000182,1
21216,0.00016,1
21217,0.000231,1
21218,9.039582,0
21219,10.211592,1
21220,9.401449,1
21221,11.007154,1
21222,9.219143,0
21223,9.8e-05,1
21224,10.291595,1
21225,12.09357,0
21226,10.78752,0
21227,8.358137,0
21228,0.000175,1
21229,10.56511,1
21230,10.799286,0
21231,8.944523,0
21232,10.222349,0
21233,9.35688,0
21234,0.000183,1
21235,5.6e-05,1
21236,11.2722,0
21237,0.000136,0
21238,11.282148,0
21239,12.594077,0
21240,10.667996,1
21241,0.000174,1
21242,9.207742,0
21243,0.00023,1
21244,9.329803,1
21245,11.40242,1
21246,4.2e-05,1
21247,9.654111,0
21248,7.180435,0
21249,9.404487,1
21250,7.490324,0
21251,0.000152,1
21252,7.399034,0
21253,0.000142,1
21254,0.000437,1
21255,14.095991,0
21256,10.251742,1
21257,11.665504,0
21258,0.000156,0
21259,9.04651,1
21260,10.505276,0
21261,8.953815,0
21262,5.5e-05,1
21263,13.390873,1
21264,11.389618,1
21265,0.000253,1
21266,9.996728,1
21267,11.539195,1
21268,0.000248,1
21269,12.2177,1
21270,7.667036,1
21271,0.000153,1
21272,7.7779,0
21273,0.000286,1
21274,11.074663,0
21275,8.87816,1
21276,8.3e-05,1
21277,6.3e-05,1
21278,0.000162,1
21279,0.000113,1
21280,10.969935,1
21281,11.287964,0
21282,7.150051,1
21283,0.000375,1
21284,11.394552,1
21285,11.041054,0
21286,0.000189,1
21287,8.6e-05,0
21288,0.000135,0
21289,0.000197,1
21290,9.7e-05,1
21291,9.700683,1
21292,0.000405,1
21293,9.966127,1
21294,0.000272,1
21295,7.395347,0
21296,0.00036,1
21297,0.000901,1
21298,0.000267,1
21299,9.031071,1
21300,0.000142,1
21301,9.815415,1
21302,0.00012,0
21303,8.014066,1
21304,10.855913,1
21305,7.376748,0
21306,0.000267,1
21307,10.773876,1
21308,0.000113,1
21309,0.000331,1
21310,11.299481,0
21311,8.583541,1
21312,7.3e-05,0
21313,8.567104,0
21314,0.000105,1
21315,0.000456,1
21316,0.000164,1
21317,10.283535,1
21318,10.196162,1
21319,8.408663,0
21320,11.404005,1
21321,13.312325,1
21322,12.119905,0
21323,11.336459,1
21324,0.000763,1
21325,12.211268,0
21326,11.079414,0
21327,0.000176,1
21328,8.233918,1
21329,10.746492,1
21330,0.000114,1
21331,2.8e-05,0
21332,0.00027,1
21333,7.174463,1
21334,7.668015,0
21335,0.000188,1
21336,8.938343,1
21337,13.830055,1
21338,0.000273,1
21339,7.639096,0
21340,7.703006,0
21341,11.234076,0
21342,10.025108,0
21343,8.90085,0
21344,11.177688,1
21345,10.407999,0
21346,9.074895,0
21347,0.000173,0
21348,7.3e-05,1
21349,11.262089,0
21350,9.574284,1
21351,0.000249,0
21352,10.29122,0
21353,7.487271,0
21354,0.000129,1
21355,12.521885,1
21356,7.808556,0
21357,11.311286,1
21358,9.5e-05,1
21359,9.999628,1
21360,10.581158,0
21361,8.074959,0
21362,0.000235,1
21363,0.000114,0
21364,0.00121,1
21365,9.807794,0
21366,9.2e-05,1
21367,0.00031,1
21368,0.000146,1
21369,0.000337,1
21370,0.000183,1
21371,11.753867,0
21372,11.334488,1
21373,0.000934,1
21374,0.000432,0
21375,10.278551,1
21376,0.0002,1
21377,10.303012,1
21378,0.000251,1
21379,8.9e-05,1
21380,10.266058,1
21381,11.358701,1
21382,10.459925,1
21383,12.016675,1
21384,10.766375,1
21385,10.68867,1
21386,9.091766,0
21387,12.811389,1
21388,10.291818,0
21389,0.000459,1
21390,9.1e-05,1
21391,0.001312,1
21392,9.558446,1
21393,0.000908,1
21394,10.26551,1
21395,10.814797,1
21396,6.93638,0
21397,0.0002,1
21398,12.796574,1
21399,9.127448,0
21400,0.000142,1
21401,10.163236,1
21402,7.267482,1
21403,6.848376,1
21404,0.000105,1
21405,0.000249,1
21406,6.7e-05,1
21407,12.156136,0
21408,11.093512,1
21409,4.2e-05,0
21410,0.000206,1
21411,7.155312,0
21412,9.387401,0
21413,13.303108,0
21414,6.1e-05,1
21415,9.537297,0
21416,8.730991,1
21417,10.045233,1
21418,4.1e-05,1
21419,11.06337,1
21420,12.348092,0
21421,10.430474,0
21422,9.436321,0
21423,9.671673,1
21424,0.000425,1
21425,9.8e-05,1
21426,9.903985,0
21427,13.125086,0
21428,0.000162,0
21429,7.626626,0
21430,0.0005,1
21431,0.00012,0
21432,0.000203,1
21433,10.869767,1
21434,11.185304,1
21435,0.000547,1
21436,0.000202,1
21437,9.343186,1
21438,10.120536,1
21439,7.1e-05,0
21440,10.763695,0
21441,0.000217,1
21442,8.493177,1
21443,10.549382,1
21444,8.806211,1
21445,6.7e-05,1
21446,0.000129,1
21447,12.279236,0
21448,7.54277,1
21449,0.000372,0
21450,11.681799,1
21451,6.929354,0
21452,0.001369,1
21453,11.613379,1
21454,9.6e-05,1
21455,0.000208,1
21456,7.287902,0
21457,0.000115,1
21458,0.000606,1
21459,12.570492,1
21460,10.913213,1
21461,11.464723,1
21462,7.975543,1
21463,0.000348,0
21464,11.076462,0
21465,10.36403,1
21466,9.169944,1
21467,11.370631,1
21468,8.469352,0
21469,11.210686,1
21470,9.727976,1
21471,6.3e-05,0
21472,11.632317,1
21473,9.31146,1
21474,6.1e-05,1
21475,9.858946,1
21476,8.3e-05,0
21477,0.000185,1
21478,0.000228,1
21479,7.391788,0
21480,0.000328,1
21481,0.000281,1
21482,7.2e-05,1
21483,10.76714,1
21484,12.299746,1
21485,10.793755,1
21486,0.001484,1
21487,7.664094,0
21488,0.000256,1
21489,0.000354,0
21490,9.785832,1
21491,7.240037,1
21492,10.021152,1
21493,0.000379,0
21494,8.75364,1
21495,7.768754,0
21496,9.751073,1
21497,10.151834,0
21498,10.49896,1
21499,5.1e-05,1
21500,13.210952,1
21501,9.215224,0
21502,10.07023,1
21503,12.545541,0
21504,0.000336,1
21505,10.930471,1
21506,11.238716,1
21507,0.000325,1
21508,0.000532,0
21509,12.062944,0
21510,9.84591,0
21511,11.273935,1
21512,0.000703,1
21513,0.0001,1
21514,8.370755,1
21515,11.708323,0
21516,0.00066,1
21517,8.2965,1
21518,0.000145,1
21519,12.587552,0
21520,8.271465,1
21521,9.395982,1
21522,0.000159,1
21523,9.992395,0
21524,0.000235,1
21525,0.000185,0
21526,10.153334,0
21527,0.000131,1
21528,9.790615,0
21529,0.000129,1
21530,0.000217,1
21531,0.000393,1
21532,10.43875,0
21533,10.787435,1
21534,8.077999,1
21535,0.000167,1
21536,10.661316,1
21537,8.2e-05,1
21538,0.000139,1
21539,0.000168,0
21540,9.181657,1
21541,7.2e-05,1
21542,9.144556,1
21543,0.000285,1
21544,0.000272,0
21545,9.940757,0
21546,0.000223,0
21547,13.595094,1
21548,10.051215,0
21549,0.000104,1
21550,10.363586,1
21551,8.2e-05,1
21552,0.000142,1
21553,0.000122,1
21554,9.3e-05,0
21555,10.281777,0
21556,4.6e-05,1
21557,10.200757,1
21558,9.674965,1
21559,9.469162,1
21560,0.000526,1
21561,9.205742,1
21562,10.761391,0
21563,0.000155,1
21564,9.8e-05,1
21565,9.611699,1
21566,8.650456,0
21567,0.000518,1
21568,11.410393,1
21569,12.060584,0
21570,12.390237,0
21571,11.07331,1
21572,9.477414,0
21573,0.000217,1
21574,11.653382,0
21575,9.1e-05,1
21576,9.159647,0
21577,10.495815,1
21578,11.386169,0
21579,10.846298,1
21580,9.997674,1
21581,13.342574,1
21582,9.223878,0
21583,9.690335,1
21584,12.000343,0
21585,7.2e-05,0
21586,0.00017,1
21587,9.767732,1
21588,7.9e-05,1
21589,0.000159,0
21590,9.459138,0
21591,0.000102,0
21592,12.726945,1
21593,10.851239,1
21594,0.000344,1
21595,9.628881,0
21596,12.072688,0
21597,11.038776,1
21598,0.000154,1
21599,7.306798,0
21600,0.00044,1
21601,8.269784,1
21602,10.594224,1
21603,0.000188,1
21604,12.339686,0
21605,13.176912,1
21606,9.179784,1
21607,5.1e-05,1
21608,5e-05,1
21609,0.000447,1
21610,10.490839,1
21611,10.424408,1
21612,0.000644,1
21613,11.255762,0
21614,0.000153,1
21615,0.000226,1
21616,9.80946,1
21617,9.490948,1
21618,11.264518,1
21619,0.000153,1
21620,11.155972,0
21621,9.400275,0
21622,0.000169,1
21623,11.83921,0
21624,0.000147,0
21625,0.000203,0
21626,12.015639,1
21627,0.000305,0
21628,0.000395,1
21629,0.000294,1
21630,9.532241,1
21631,0.000601,1
21632,9.687614,1
21633,9.6e-05,0
21634,11.078428,0
21635,8.136276,1
21636,0.000843,0
21637,8.822078,0
21638,9.744829,0
21639,10.929973,1
21640,7.99649,0
21641,9.478107,0
21642,9.874958,0
21643,7.309321,0
21644,11.217873,1
21645,7.373984,0
21646,0.000168,1
21647,0.000195,1
21648,13.083536,1
21649,0.00037,1
21650,0.000175,1
21651,10.916051,1
21652,9.237734,0
21653,10.107797,1
21654,0.000235,1
21655,10.750571,1
21656,9.9e-05,1
21657,12.19768,1
21658,11.767827,0
21659,7.322803,0
21660,9.276557,1
21661,10.109612,1
21662,10.365473,0
21663,11.902349,1
21664,10.708168,1
21665,0.000234,1
21666,9.504085,0
21667,0.000119,1
21668,9.187029,0
21669,10.113087,0
21670,6.4e-05,0
21671,8.518402,1
21672,9.80376,1
21673,9.852282,1
21674,10.142688,0
21675,5.1e-05,1
21676,0.000264,1
21677,9.792065,1
21678,3.8e-05,1
21679,0.000126,0
21680,7.909869,1
21681,11.041391,1
21682,7.5e-05,0
21683,0.000452,0
21684,10.783279,1
21685,0.000227,1
21686,7.675413,0
21687,11.970439,1
21688,9.873001,1
21689,10.722658,0
21690,9.829419,1
21691,10.706531,1
21692,10.151498,1
21693,0.000357,1
21694,11.653487,0
21695,10.730735,1
21696,10.790462,1
21697,9.2e-05,1
21698,0.000327,1
21699,10.798745,1
21700,0.000207,1
21701,8.145488,0
21702,0.000128,0
21703,0.000443,1
21704,11.56656,0
21705,7.459811,0
21706,9.782679,1
21707,9.004027,1
21708,10.307775,0
21709,11.517882,0
21710,12.447029,1
21711,7.438962,0
21712,0.000276,1
21713,6.545174,0
21714,9.2e-05,1
21715,9.2e-05,1
21716,11.388759,0
21717,12.444798,0
21718,9.067881,0
21719,10.447522,0
21720,9.333623,1
21721,0.000317,1
21722,9.601604,1
21723,0.00018,0
21724,12.246471,1
21725,0.000266,1
21726,8.298847,1
21727,9.053497,0
21728,6.901095,0
21729,12.190806,0
21730,0.00021,1
21731,9.973028,0
21732,10.040686,1
21733,14.255603,0
21734,0.000203,1
21735,11.78223,0
21736,8.481005,1
21737,8.815737,0
21738,2.1e-05,1
21739,10.842048,0
21740,0.000186,1
21741,9.852616,1
21742,0.000404,1
21743,9.105438,0
21744,5.7e-05,1
21745,11.222814,1
21746,8.3e-05,0
21747,11.365508,0
21748,0.00018,1
21749,9.4e-05,1
21750,0.000344,1
21751,0.000251,1
21752,10.235381,0
21753,8.16498,0
21754,5.8e-05,1
21755,11.938795,1
21756,0.000551,1
21757,12.422618,1
21758,0.000146,1
21759,12.692176,1
21760,11.939209,0
21761,10.677113,1
21762,0.00033,1
21763,11.281592,1
21764,10.546959,1
21765,0.000254,0
21766,0.001103,1
21767,8.842233,0
21768,8.657558,1
21769,10.731576,1
21770,7.11123,0
21771,5.9e-05,1
21772,13.426884,1
21773,9.10649,0
21774,13.357666,0
21775,11.773131,1
21776,10.977655,0
21777,7.6e-05,0
21778,6.8e-05,0
21779,10.109114,0
21780,0.000369,1
21781,0.000603,1
21782,0.000613,1
21783,7.928747,0
21784,10.944184,0
21785,0.0001,1
21786,0.000225,1
21787,0.000197,1
21788,10.940759,0
21789,0.000984,1
21790,7.084336,0
21791,0.000326,1
21792,8.380989,1
21793,10.800183,1
21794,12.191018,1
21795,9.959048,1
21796,10.459913,1
21797,0.000211,0
21798,10.04228,0
21799,9.327066,0
21800,10.442241,0
21801,13.168218,1
21802,0.000382,1
21803,9.4e-05,1
21804,10.387969,1
21805,0.000743,1
21806,11.549831,0
21807,10.049679,0
21808,9.462234,0
21809,9.204571,0
21810,10.057222,1
21811,10.564415,1
21812,10.930972,1
21813,0.000249,1
21814,9.505543,1
21815,0.000129,1
21816,9.991208,0
21817,10.19551,0
21818,0.000146,1
21819,10.200788,0
21820,11.787583,1
21821,11.354441,0
21822,10.52122,1
21823,10.159494,1
21824,9.431748,0
21825,4e-05,0
21826,10.467052,1
21827,0.00019,1
21828,0.000172,1
21829,9.49807,0
21830,0.000123,0
21831,10.34149,1
21832,11.607887,1
21833,9.5e-05,1
21834,11.246195,0
21835,0.000142,0
21836,8.593397,1
21837,10.285783,1
21838,11.325586,1
21839,0.000127,1
21840,10.366038,1
21841,0.000248,1
21842,7.531753,0
21843,0.000212,1
21844,0.000297,1
21845,5.7e-05,1
21846,12.606789,0
21847,6.2e-05,0
21848,0.000237,1
21849,0.000301,1
21850,0.000265,1
21851,11.394702,0
21852,8e-05,0
21853,8.9e-05,1
21854,10.515948,1
21855,7.334906,0
21856,12.757894,0
21857,11.892155,0
21858,0.000199,1
21859,8.723307,0
21860,9.749434,0
21861,0.000177,1
21862,0.0001,1
21863,0.000323,1
21864,9.766371,0
21865,8.418517,0
21866,10.259721,0
21867,8.898803,1
21868,0.000139,0
21869,9.465735,1
21870,9.5e-05,1
21871,9.9e-05,1
21872,11.788518,0
21873,0.000106,0
21874,10.023161,1
21875,13.024183,1
21876,11.14046,1
21877,0.000108,1
21878,5.9e-05,1
21879,9.984366,1
21880,7.479581,0
21881,0.000409,1
21882,11.208522,0
21883,0.000101,1
21884,11.724716,1
21885,11.403593,0
21886,11.013955,1
21887,12.180644,0
21888,10.116697,0
21889,9.960997,1
21890,0.000364,1
21891,0.000281,1
21892,0.000157,1
21893,8.5677,1
21894,3.1e-05,0
21895,0.00037,1
21896,8.3e-05,1
21897,0.000129,1
21898,10.84956,1
21899,0.000185,1
21900,0.000202,1
21901,9.895966,1
21902,11.43241,1
21903,13.390408,0
21904,7.491933,1
21905,7.383139,0
21906,2.8e-05,1
21907,0.000102,1
21908,8.384672,1
21909,5.6e-05,1
21910,5.3e-05,1
21911,0.00011,1
21912,0.000238,0
21913,10.444718,1
21914,0.000148,1
21915,0.000119,1
21916,0.000115,0
21917,9.369895,0
21918,0.000139,1
21919,10.199481,1
21920,11.096056,1
21921,9.765941,1
21922,0.000221,1
21923,10.849481,1
21924,0.000242,1
21925,12.282564,1
21926,0.000108,1
21927,6.9e-05,0
21928,9.347424,1
21929,12.291746,0
21930,0.000236,1
21931,10.892886,0
21932,11.381806,1
21933,7.9e-05,1
21934,0.000205,1
21935,8.5e-05,0
21936,2.5e-05,0
21937,9.236112,1
21938,11.346757,0
21939,9.127223,0
21940,12.768806,1
21941,11.194271,0
21942,9.832658,0
21943,0.000322,1
21944,12.968664,1
21945,11.130296,1
21946,11.065763,0
21947,11.69684,0
21948,0.000224,1
21949,9.44284,1
21950,11.226453,0
21951,0.000251,1
21952,8.2e-05,0
21953,5.4e-05,0
21954,10.876926,1
21955,0.000213,1
21956,10.076086,1
21957,9.8e-05,1
21958,10.317627,1
21959,11.212455,0
21960,12.265005,0
21961,11.645924,0
21962,10.35337,0
21963,12.961644,1
21964,11.320983,1
21965,9.755406,0
21966,9.6e-05,1
21967,7.6e-05,1
21968,8.763006,0
21969,12.948188,0
21970,0.000454,1
21971,0.000113,0
21972,7.3e-05,0
21973,8.345545,0
21974,9.620333,1
21975,7.454817,0
21976,0.000462,1
21977,6.3e-05,0
21978,9.4e-05,1
21979,7.534902,0
21980,11.258409,0
21981,0.000212,1
21982,9.824076,1
21983,8.866249,0
21984,12.374157,0
21985,8.089432,1
21986,13.205873,0
21987,8.892963,1
21988,5.7e-05,1
21989,6.4e-05,0
21990,10.351854,1
21991,0.000175,0
21992,11.724898,0
21993,6.9e-05,1
21994,0.000173,1
21995,10.751894,0
21996,0.000136,0
21997,0.000325,1
21998,0.000128,1
21999,10.950428,0
22000,0.000501,1
22001,0.000236,1
22002,7.261105,0
22003,9.440031,1
22004,0.000402,1
22005,11.022141,0
22006,10.246898,1
22007,12.670983,1
22008,8.435183,0
22009,7.1e-05,0
22010,7.459755,0
22011,11.47366,0
22012,4.4e-05,1
22013,0.000214,1
22014,0.000127,0
22015,10.828786,1
22016,8.5e-05,0
22017,9.074734,1
22018,10.159846,0
22019,9.1059,1
22020,0.00025,1
22021,7.4e-05,1
22022,2.9e-05,0
22023,8.935988,0
22024,0.000299,1
22025,10.746707,1
22026,11.33259,1
22027,10.912189,1
22028,0.000202,1
22029,8.844506,0
22030,0.000168,0
22031,10.145926,0
22032,7.417227,0
22033,10.751657,1
22034,11.261775,0
22035,9.587982,1
22036,6e-05,1
22037,6.4e-05,1
22038,9.146036,0
22039,9.556058,1
22040,9.9e-05,1
22041,0.000139,1
22042,10.354818,1
22043,10.40641,1
22044,9.742275,1
22045,9.218797,0
22046,10.50536,0
22047,0.000132,1
22048,0.000105,1
22049,10.996099,1
22050,12.060602,0
22051,9.154927,0
22052,11.401926,0
22053,5.7e-05,1
22054,12.27747,0
22055,9.622043,0
22056,8.372616,1
22057,6.3e-05,1
22058,11.24473,1
22059,11.64546,0
22060,3.4e-05,0
22061,9.058974,1
22062,7e-05,0
22063,9.401267,1
22064,9.360789,0
22065,9.505397,1
22066,0.000185,1
22067,10.04661,0
22068,8.5e-05,0
22069,0.00012,0
22070,7.7e-05,1
22071,10.627536,0
22072,10.038811,0
22073,13.473742,0
22074,11.318486,1
22075,10.910034,0
22076,0.000146,0
22077,0.000194,1
22078,7.774604,1
22079,8.6e-05,1
22080,5.2e-05,1
22081,10.409369,1
22082,7.887796,1
22083,11.497849,1
22084,0.000173,1
22085,11.693721,1
22086,0.000101,0
22087,9.6e-05,1
22088,0.000447,1
22089,9.669728,1
22090,7.722166,1
22091,0.00011,1
22092,11.230051,1
22093,10.646456,1
22094,0.000314,1
22095,10.785492,1
22096,11.438807,0
22097,7.210506,0
22098,7.2e-05,0
22099,9.138674,1
22100,0.000554,1
22101,0.001392,1
22102,8.5e-05,1
22103,11.782447,0
22104,0.00026,0
22105,9.156383,1
22106,9.184316,1
22107,0.000944,1
22108,14.33464,0
22109,0.000521,1
22110,10.70472,1
22111,9.041285,1
22112,10.42763,0
22113,5.9e-05,0
22114,10.468556,1
22115,0.000434,1
22116,5.5e-05,1
22117,0.000284,1
22118,10.084191,0
22119,8.797956,0
22120,0.000159,1
22121,0.000148,1
22122,8.375811,0
22123,10.78333,0
22124,5.2e-05,0
22125,12.395145,0
22126,12.124746,1
22127,12.261202,0
22128,7.932066,1
22129,7.7e-05,1
22130,11.99017,1
22131,10.163016,1
22132,4.5e-05,1
22133,0.000194,1
22134,7.433403,0
22135,10.044257,1
22136,0.000101,1
22137,0.000401,1
22138,11.004759,1
22139,10.299306,0
22140,10.220591,1
22141,9.665432,1
22142,9.905707,0
22143,10.509743,1
22144,0.000299,1
22145,7.505455,0
22146,10.836769,0
22147,7.303189,1
22148,8.526702,0
22149,0.00011,1
22150,0.000244,1
22151,0.000138,0
22152,0.000134,1
22153,0.000115,1
22154,10.628282,0
22155,9.4e-05,1
22156,10.496483,0
22157,10.482027,1
22158,0.000621,1
22159,0.000289,1
22160,10.275999,0
22161,9.549878,1
22162,5.9e-05,0
22163,0.001327,1
22164,0.00034,1
22165,12.031834,0
22166,9.9e-05,0
22167,10.550302,0
22168,10.05511,0
22169,11.341372,0
22170,9.493908,0
22171,8.260519,1
22172,4.8e-05,1
22173,10.9194,1
22174,0.000176,1
22175,8.61169,0
22176,0.000106,1
22177,9.4e-05,1
22178,0.000135,0
22179,4.2e-05,0
22180,13.054074,0
22181,0.000127,1
22182,12.417289,0
22183,10.397163,0
22184,7.3e-05,0
22185,10.150047,0
22186,12.296834,0
22187,10.614248,1
22188,0.00019,1
22189,8.583224,1
22190,8.5e-05,1
22191,5.8e-05,1
22192,4.4e-05,1
22193,0.000165,1
22194,9.671232,1
22195,8.091049,0
22196,10.521072,1
22197,0.000125,1
22198,9.168235,1
22199,10.545415,1
22200,9.709678,1
22201,4.9e-05,1
22202,9.312554,1
22203,11.096726,0
22204,2.8e-05,1
22205,0.000182,1
22206,7.576624,0
22207,8.840535,1
22208,9.73496,0
22209,0.000489,1
22210,12.217733,0
22211,12.426638,0
22212,0.000201,1
22213,0.000117,1
22214,7.7e-05,0
22215,8.6e-05,1
22216,11.072417,1
22217,8e-05,1
22218,0.000247,1
22219,10.940966,1
22220,8.891048,0
22221,11.602907,1
22222,0.000308,1
22223,7.323436,1
22224,10.251139,1
22225,11.423483,0
22226,11.522705,1
22227,0.000206,0
22228,0.000398,1
22229,0.000171,0
22230,13.122226,1
22231,11.423549,0
22232,0.000301,1
22233,7.37501,0
22234,8.6e-05,1
22235,8.735349,0
22236,11.201568,1
22237,0.00044,1
22238,0.000164,0
22239,9.824222,0
22240,7.4e-05,1
22241,10.558615,0
22242,10.674232,1
22243,7.521116,0
22244,9.193681,1
22245,0.000373,1
22246,11.934668,1
22247,0.001195,1
22248,0.00065,1
22249,10.337511,0
22250,9.8e-05,1
22251,8.2e-05,1
22252,5.2e-05,1
22253,11.269224,0
22254,0.000133,1
22255,8.915788,1
22256,10.491932,0
22257,9.736118,1
22258,3.9e-05,1
22259,9.40277,0
22260,0.00027,1
22261,6.3e-05,1
22262,8.801625,1
22263,9.030276,1
22264,0.000174,1
22265,9.654253,0
22266,12.059951,0
22267,0.000727,1
22268,11.570399,0
22269,11.290991,1
22270,11.954468,1
22271,8.9e-05,0
22272,7.101892,0
22273,8.2e-05,1
22274,0.000128,1
22275,6.996895,1
22276,10.300527,0
22277,0.000148,1
22278,9.138363,1
22279,9.872689,1
22280,0.000113,1
22281,12.101418,1
22282,0.000248,1
22283,10.858284,0
22284,10.116646,1
22285,8.192959,0
22286,11.0223,1
22287,12.238996,0
22288,6.6e-05,1
22289,10.705094,1
22290,10.631011,1
22291,7.878426,0
22292,0.000906,1
22293,9.478759,1
22294,9.008379,1
22295,5.1e-05,1
22296,10.350509,0
22297,12.227221,0
22298,9.028543,1
22299,8.720714,1
22300,10.936627,1
22301,7.248714,1
22302,0.000714,1
22303,8.059649,0
22304,0.000109,1
22305,10.617733,1
22306,5.9e-05,1
22307,8.664957,1
22308,8.260025,1
22309,8.3e-05,1
22310,9.966543,0
22311,14.223394,0
22312,6.5e-05,0
22313,9.12914,1
22314,0.000142,1
22315,10.365347,0
22316,6.9e-05,1
22317,7.916826,1
22318,10.903219,0
22319,9.79479,1
22320,6.5e-05,1
22321,11.08827,0
22322,12.282627,0
22323,0.000431,1
22324,0.000143,1
22325,0.000158,1
22326,10.734329,0
22327,2.6e-05,1
22328,13.180005,1
22329,4.7e-05,0
22330,0.000472,0
22331,7.382368,1
22332,8.669065,0
22333,7.549029,0
22334,11.94117,0
22335,0.0001,0
22336,0.000226,1
22337,2.2e-05,0
22338,12.475113,0
22339,9.620189,0
22340,5.5e-05,1
22341,10.969665,1
22342,9.179493,1
22343,10.826984,1
22344,0.00108,0
22345,7.655587,1
22346,0.000293,1
22347,0.000963,1
22348,0.000308,1
22349,10.486176,1
22350,10.473907,0
22351,8.4e-05,0
22352,11.431342,0
22353,0.000182,1
22354,0.000341,1
22355,9.842747,1
22356,11.456426,1
22357,11.635086,0
22358,0.000248,1
22359,11.110331,0
22360,8.389921,1
22361,9.668283,1
22362,0.000379,1
22363,8.791472,0
22364,11.146362,1
22365,13.405553,0
22366,8.908205,0
22367,10.623305,1
22368,12.885684,0
22369,12.982295,1
22370,10.318506,1
22371,0.000167,1
22372,0.000669,1
22373,0.000342,1
22374,12.588486,1
22375,13.338422,1
22376,9.324816,0
22377,11.062427,1
22378,8.031889,1
22379,8.797042,0
22380,5.9e-05,1
22381,9.912642,1
22382,9.344594,1
22383,10.411316,1
22384,9.291551,1
22385,9.854255,1
22386,7.160005,1
22387,0.000185,1
22388,0.0003,1
22389,11.293795,1
22390,9.210999,0
22391,11.223102,1
22392,8.34407,1
22393,7.2e-05,1
22394,10.810726,1
22395,7.531155,0
22396,0.000109,1
22397,11.491259,1
22398,6.4e-05,1
22399,10.625783,1
22400,11.812649,0
22401,0.000221,1
22402,9.545979,1
22403,0.000725,1
22404,10.939763,1
22405,0.000308,1
22406,0.000108,1
22407,12.181783,1
22408,11.175879,1
22409,0.000157,1
22410,10.277658,0
22411,0.000278,1
22412,9.920966,1
22413,6e-05,1
22414,9.709003,1
22415,0.000171,0
22416,10.121762,1
22417,0.000111,0
22418,10.058625,1
22419,0.000758,1
22420,9.574585,0
22421,10.234583,0
22422,8e-05,1
22423,0.000237,0
22424,11.056458,1
22425,8.090538,1
22426,0.000178,0
22427,13.080514,1
22428,0.000159,0
22429,0.000222,1
22430,12.848242,1
22431,10.167624,1
22432,11.597826,1
22433,0.000173,1
22434,11.266245,0
22435,0.000878,1
22436,7.337313,1
22437,0.000208,0
22438,7.084533,0
22439,0.000359,1
22440,0.001128,0
22441,0.00042,1
22442,9.975093,0
22443,0.000159,1
22444,10.882761,0
22445,8.635602,1
22446,10.958718,1
22447,9.79078,0
22448,10.297005,1
22449,11.961236,0
22450,7.1e-05,0
22451,8.879989,1
22452,0.000415,1
22453,11.762335,1
22454,11.817573,0
22455,13.285204,1
22456,8.980259,0
22457,6.7e-05,1
22458,9.554904,1
22459,8.5e-05,1
22460,11.380872,1
22461,11.472452,1
22462,0.00013,1
22463,11.567085,0
22464,13.100352,1
22465,0.000401,1
22466,0.000194,1
22467,10.439023,1
22468,10.814116,1
22469,9.805876,1
22470,11.744465,1
22471,0.000399,1
22472,10.531782,1
22473,9.213184,1
22474,10.148792,1
22475,10.426565,0
22476,8.3e-05,0
22477,10.117929,1
22478,11.540484,1
22479,12.865136,1
22480,6.2e-05,1
22481,10.639153,0
22482,9.535208,1
22483,8.662838,1
22484,4.7e-05,0
22485,11.375198,1
22486,7.813308,1
22487,9.437605,1
22488,8.5e-05,1
22489,10.120965,1
22490,6.3e-05,1
22491,9.897355,1
22492,1.4e-05,1
22493,12.599124,0
22494,6e-05,1
22495,8.338093,1
22496,9.110088,0
22497,8.976676,1
22498,10.605749,1
22499,9.537458,1
