sample_idx,loss,is_noisy
0,0.663306,1
1,3.181883,0
2,0.129274,1
3,0.177061,0
4,2.764029,0
5,0.337616,1
6,2.423167,1
7,2.921381,1
8,0.283106,1
9,4.3855,0
10,4.52061,0
11,2.564693,0
12,0.15969,0
13,2.468894,0
14,2.36557,0
15,1.006158,0
16,0.847473,1
17,0.488892,1
18,2.621611,0
19,0.174415,1
20,0.785439,1
21,3.294286,0
22,1.032696,1
23,3.447539,0
24,3.789926,0
25,3.348671,0
26,3.45956,1
27,1.018432,1
28,3.62676,1
29,2.640805,0
30,2.324325,0
31,0.952766,0
32,3.553931,1
33,2.586201,1
34,3.164647,0
35,0.26463,1
36,3.05656,0
37,3.281301,1
38,0.19198,1
39,3.651911,1
40,4.705117,0
41,1.72398,0
42,2.754425,0
43,4.759492,0
44,0.246406,0
45,3.630229,0
46,1.465993,0
47,0.785788,1
48,3.924778,1
49,0.143864,0
50,1.137316,0
51,0.198898,0
52,0.769186,1
53,0.377473,1
54,0.548462,1
55,1.305078,1
56,4.046994,1
57,4.108086,0
58,0.433644,1
59,0.684497,0
60,3.216524,0
61,2.653722,0
62,3.828594,0
63,0.5419,1
64,3.606292,1
65,2.867477,1
66,3.427532,0
67,0.289836,0
68,1.644015,1
69,4.31691,1
70,2.334882,1
71,0.1792,1
72,0.448306,0
73,4.101276,0
74,4.557364,1
75,2.609873,0
76,0.58914,1
77,0.159338,1
78,2.315218,0
79,0.238557,0
80,0.223811,1
81,0.603305,1
82,1.965813,1
83,0.22384,1
84,0.255562,1
85,4.462124,1
86,0.56394,0
87,0.076368,0
88,0.708758,1
89,3.985329,1
90,1.28494,0
91,1.580641,0
92,3.057403,1
93,0.403764,1
94,3.294805,0
95,0.753601,0
96,0.733751,1
97,0.124893,1
98,1.691326,1
99,4.122522,0
100,3.565538,0
101,0.335067,1
102,1.788816,1
103,0.442251,1
104,2.162738,1
105,3.557759,0
106,4.643998,1
107,0.179153,1
108,0.196255,0
109,1.262963,0
110,0.606131,0
111,4.151141,0
112,0.206814,1
113,1.416499,1
114,0.261977,0
115,0.105874,1
116,0.230692,1
117,0.390894,1
118,0.502489,1
119,0.518371,1
120,0.824478,1
121,0.841651,0
122,0.150336,1
123,4.969425,0
124,0.839946,1
125,4.792331,0
126,0.144814,1
127,3.083382,0
128,0.098018,0
129,0.152054,1
130,2.04529,0
131,3.822549,0
132,3.441448,1
133,3.785742,0
134,3.869236,0
135,3.581632,1
136,1.055867,0
137,0.283672,0
138,4.902115,0
139,2.619991,0
140,0.183902,0
141,3.802502,0
142,4.831871,1
143,0.309932,0
144,0.357161,0
145,3.450542,1
146,0.440164,1
147,0.111744,1
148,0.615396,0
149,0.789185,0
150,2.82435,1
151,3.611101,0
152,2.377218,0
153,5.066619,0
154,3.997262,0
155,0.184085,1
156,0.114494,1
157,2.574779,1
158,0.136709,0
159,1.083219,1
160,0.2833,0
161,1.069317,0
162,3.966807,0
163,0.159198,0
164,0.517211,0
165,0.287301,1
166,0.273965,0
167,1.169092,0
168,4.774326,0
169,3.824224,0
170,4.838831,0
171,2.790469,0
172,0.538327,1
173,0.219341,1
174,0.754135,1
175,4.804006,0
176,1.913891,1
177,0.584571,0
178,0.868905,0
179,1.830415,1
180,4.687582,1
181,1.166602,1
182,3.464143,1
183,4.255289,0
184,2.052446,0
185,2.615452,1
186,1.79493,0
187,0.151443,1
188,0.163098,0
189,3.50972,1
190,0.142298,0
191,0.229911,0
192,0.200545,1
193,0.177789,1
194,2.244377,0
195,2.885924,0
196,0.564999,1
197,1.313991,1
198,4.011595,0
199,3.788255,0
200,0.29869,0
201,1.311252,1
202,2.508094,0
203,0.918163,0
204,3.006567,0
205,2.768381,0
206,2.627729,0
207,0.339179,0
208,0.649904,0
209,4.025991,0
210,4.695178,0
211,0.540356,0
212,5.500966,0
213,4.250551,0
214,3.78109,0
215,3.057673,1
216,5.051727,1
217,3.428847,0
218,3.434611,0
219,0.236738,0
220,1.367982,0
221,0.349213,1
222,0.518029,1
223,3.61158,0
224,0.496196,1
225,2.47085,0
226,5.796842,0
227,0.136125,1
228,1.95647,1
229,3.9376,1
230,3.401157,1
231,0.157992,1
232,0.332366,1
233,1.342144,1
234,1.473213,0
235,0.226442,1
236,0.636425,0
237,3.322169,0
238,0.143266,1
239,0.347115,1
240,0.598621,1
241,4.601582,0
242,0.200528,1
243,1.903209,0
244,3.831637,0
245,0.218935,0
246,3.512501,1
247,2.170618,1
248,0.654971,1
249,3.064792,1
250,0.406703,1
251,0.86422,0
252,1.004434,1
253,0.716759,0
254,3.322389,1
255,0.867167,0
256,2.269278,0
257,0.340898,1
258,0.490393,0
259,2.970035,0
260,1.19825,0
261,4.04688,0
262,2.997193,1
263,3.539081,0
264,1.6714,0
265,1.328773,1
266,2.658859,0
267,0.263328,1
268,4.980269,1
269,0.113849,1
270,0.148142,0
271,0.18397,1
272,3.014415,0
273,0.831008,0
274,0.402615,1
275,1.137546,1
276,0.609553,0
277,0.398577,1
278,4.408455,0
279,0.525648,1
280,5.316214,1
281,3.866207,0
282,0.851944,0
283,0.132848,1
284,4.141442,0
285,3.650463,1
286,0.334371,1
287,0.954095,1
288,1.782091,0
289,5.652599,1
290,5.118415,1
291,2.856375,1
292,2.539195,1
293,0.437989,0
294,2.743678,0
295,1.292022,1
296,0.418398,1
297,3.793678,1
298,0.800992,1
299,2.841551,0
300,0.286501,1
301,1.096201,1
302,3.800187,1
303,0.773795,1
304,0.158435,0
305,3.705428,0
306,1.140452,0
307,0.57789,0
308,2.990796,1
309,0.208489,1
310,0.26805,1
311,3.167361,0
312,0.147001,0
313,1.443607,0
314,0.295825,1
315,0.134623,0
316,4.360674,0
317,2.375956,0
318,0.744673,0
319,5.046171,0
320,2.673574,0
321,2.964923,0
322,0.382939,1
323,0.641885,0
324,2.539505,0
325,4.008782,0
326,0.446587,1
327,1.364502,1
328,0.718236,0
329,3.536261,0
330,3.472522,0
331,0.702587,0
332,5.307723,1
333,0.64333,0
334,4.050379,0
335,0.287138,1
336,1.012694,0
337,1.530962,1
338,3.498805,0
339,0.487101,0
340,0.850341,0
341,3.04527,0
342,4.163852,0
343,0.305348,0
344,4.304258,0
345,3.71623,0
346,2.897597,0
347,0.154939,0
348,3.686914,0
349,0.477805,0
350,4.513078,1
351,2.136871,0
352,3.026209,0
353,0.309687,1
354,0.117419,1
355,0.509222,0
356,3.291467,0
357,3.518485,0
358,3.396405,0
359,0.123187,1
360,2.366229,0
361,0.632878,1
362,2.776579,0
363,3.187294,0
364,2.180526,0
365,2.862935,0
366,0.106008,0
367,3.673891,1
368,4.752843,1
369,0.361057,1
370,0.135606,1
371,5.323525,1
372,0.250314,0
373,2.832152,1
374,1.364585,1
375,0.063136,1
376,2.31619,1
377,0.289007,0
378,1.022192,1
379,0.407094,1
380,1.92053,1
381,3.522499,0
382,4.437556,0
383,3.982074,0
384,3.552792,1
385,5.160041,0
386,3.397265,0
387,2.650789,0
388,0.591934,1
389,1.755392,1
390,4.479725,1
391,0.857303,1
392,0.565523,0
393,0.758383,1
394,2.065961,1
395,0.28133,0
396,1.826655,1
397,1.029959,1
398,2.162449,0
399,4.256178,0
400,2.656421,0
401,0.651748,1
402,4.396611,0
403,2.461558,0
404,0.518527,1
405,1.930326,1
406,2.131673,1
407,2.973828,0
408,1.051687,1
409,0.617506,1
410,0.260328,0
411,1.381796,1
412,1.976869,0
413,2.56691,0
414,2.685516,0
415,3.945959,0
416,3.244614,0
417,1.115878,1
418,3.451205,0
419,2.009658,1
420,3.104588,0
421,0.209323,1
422,3.4489,0
423,0.464955,1
424,2.864413,1
425,0.163216,1
426,0.278008,1
427,0.569792,0
428,0.126522,0
429,0.603054,1
430,0.236458,0
431,0.98204,0
432,0.225143,1
433,0.195452,1
434,3.729722,0
435,3.388004,1
436,0.246813,0
437,0.31094,1
438,0.165574,1
439,0.340619,0
440,0.260053,1
441,1.381547,0
442,1.086123,1
443,0.538216,1
444,3.744117,0
445,0.707946,1
446,1.262955,1
447,0.613602,0
448,0.104106,0
449,0.547694,1
450,0.322225,1
451,3.304011,1
452,0.176675,1
453,3.152853,0
454,0.550898,1
455,2.920182,0
456,1.009258,1
457,0.25354,0
458,4.130443,1
459,2.706461,0
460,5.143668,1
461,0.263535,1
462,3.036922,0
463,2.121618,1
464,2.587539,1
465,0.236635,0
466,0.211705,1
467,0.521854,1
468,7.009144,0
469,2.341401,1
470,0.814594,1
471,1.325403,0
472,1.35908,0
473,2.498094,0
474,2.689621,0
475,2.136102,1
476,0.178581,1
477,0.292931,0
478,0.30484,1
479,3.805413,0
480,2.410789,1
481,2.78749,1
482,0.251763,1
483,0.209745,1
484,0.088506,0
485,0.382559,0
486,0.126223,1
487,2.981154,0
488,4.220225,1
489,3.112322,1
490,0.217445,1
491,3.467809,0
492,0.276936,1
493,0.986444,1
494,1.72821,0
495,4.636463,0
496,4.609324,0
497,0.872632,0
498,0.3467,1
499,0.185009,1
500,0.116705,1
501,2.061196,1
502,1.787126,0
503,0.269942,0
504,2.80808,0
505,1.127472,1
506,3.063548,0
507,2.923925,1
508,0.188959,0
509,0.655579,1
510,2.086992,1
511,0.723319,1
512,1.017815,1
513,2.91127,0
514,2.920128,0
515,0.279127,1
516,0.106684,1
517,0.635376,0
518,4.699039,0
519,4.490211,0
520,2.273256,1
521,4.158237,0
522,1.887902,0
523,1.222563,0
524,0.382656,1
525,3.121825,0
526,3.246908,1
527,4.826319,0
528,4.513169,0
529,1.21525,0
530,3.085477,0
531,1.163446,1
532,3.753587,0
533,2.449998,1
534,1.113099,0
535,3.713971,0
536,0.239262,1
537,2.374872,0
538,4.390263,0
539,0.418321,0
540,4.440172,1
541,0.126014,1
542,0.278528,1
543,4.088111,0
544,0.137183,0
545,1.720696,0
546,0.216157,1
547,1.623357,1
548,2.210829,0
549,0.113807,1
550,0.461365,0
551,0.447837,0
552,2.436948,0
553,4.192867,1
554,0.185457,1
555,0.175328,0
556,3.535831,0
557,2.829268,0
558,3.972555,1
559,4.007076,1
560,0.213028,1
561,0.094877,1
562,3.064997,0
563,0.249077,1
564,0.35165,1
565,0.193376,0
566,2.739008,1
567,1.078761,0
568,2.871537,1
569,0.19148,0
570,2.976121,1
571,3.870044,0
572,0.309917,0
573,1.622221,1
574,3.194839,1
575,1.839231,0
576,3.259374,1
577,3.574217,0
578,3.135279,0
579,3.191748,0
580,3.932692,1
581,0.219147,1
582,3.824358,0
583,1.097985,0
584,0.305987,1
585,0.334915,1
586,0.515637,0
587,5.10155,0
588,0.126454,0
589,4.968485,0
590,1.408482,0
591,0.141234,1
592,3.407091,0
593,0.202257,1
594,0.128542,1
595,3.339982,0
596,0.615186,0
597,2.606242,1
598,3.256763,0
599,2.497469,0
600,4.306656,1
601,3.147604,1
602,0.423464,1
603,0.165973,1
604,0.888006,0
605,2.756181,1
606,0.468008,1
607,0.303622,0
608,3.68191,0
609,1.761199,1
610,3.383774,0
611,3.266205,0
612,0.221022,1
613,0.106272,0
614,0.472711,0
615,3.636847,1
616,0.370279,1
617,4.261216,0
618,3.87346,0
619,0.473847,0
620,2.417259,0
621,4.689966,0
622,5.26571,0
623,0.227639,0
624,3.008006,0
625,0.150016,1
626,0.562133,1
627,0.575835,0
628,3.175297,0
629,0.205929,1
630,2.656943,0
631,3.650835,0
632,1.379282,1
633,0.152634,1
634,0.675056,0
635,3.801933,1
636,0.221853,0
637,0.669106,0
638,2.656595,1
639,3.72038,1
640,0.285369,1
641,0.357876,0
642,0.14631,1
643,3.13458,0
644,3.945092,1
645,2.843834,0
646,3.976271,1
647,0.350353,1
648,0.32442,1
649,3.839312,1
650,0.16371,1
651,2.024228,0
652,0.69352,1
653,4.213757,0
654,3.135796,1
655,3.189791,1
656,1.458699,0
657,4.736572,0
658,0.836073,0
659,3.68826,1
660,0.755468,1
661,4.610904,0
662,4.751968,0
663,0.270163,1
664,0.134034,1
665,3.896698,0
666,0.345001,0
667,3.6684,0
668,0.156816,0
669,2.364765,0
670,0.925535,0
671,1.365625,1
672,0.706121,1
673,0.799879,0
674,0.086934,1
675,0.136498,0
676,0.144557,0
677,0.270335,0
678,1.393257,1
679,4.092678,0
680,3.067132,0
681,3.709818,0
682,3.653431,1
683,0.623222,1
684,0.559853,0
685,0.163903,1
686,2.083333,1
687,0.183748,0
688,2.548637,1
689,0.217824,1
690,2.153249,1
691,0.144898,0
692,3.262304,0
693,0.131564,1
694,0.721455,0
695,3.323309,0
696,0.231953,0
697,3.42245,0
698,3.393765,0
699,0.298356,1
700,0.210812,1
701,0.421566,0
702,0.148629,0
703,0.226895,0
704,4.124511,1
705,3.932338,1
706,0.29639,1
707,5.420427,0
708,1.03539,1
709,0.121329,1
710,3.584235,1
711,3.152785,0
712,4.269933,0
713,1.033632,0
714,0.572814,1
715,1.000867,0
716,0.866119,0
717,2.546511,0
718,0.122106,1
719,1.31023,1
720,3.240438,0
721,3.004746,0
722,0.529428,1
723,0.182473,0
724,0.492429,0
725,1.292391,1
726,0.731538,1
727,0.364615,1
728,0.914761,1
729,0.379312,1
730,0.701734,1
731,1.835702,0
732,1.849685,0
733,0.15258,1
734,0.159483,1
735,0.180457,1
736,0.093398,1
737,0.099542,1
738,0.126236,1
739,4.951144,0
740,3.309814,0
741,3.046557,0
742,3.343128,1
743,4.225369,1
744,4.169838,0
745,4.045352,0
746,2.600749,0
747,1.025008,1
748,0.6902,0
749,0.802983,1
750,0.925038,0
751,4.17344,0
752,0.538212,0
753,4.326782,0
754,4.158718,0
755,4.421365,0
756,2.032592,1
757,2.426692,1
758,0.237777,0
759,0.83934,1
760,1.104425,0
761,2.92273,0
762,3.214587,0
763,1.085069,1
764,0.222607,0
765,0.170798,0
766,0.994853,0
767,3.415696,1
768,0.130313,0
769,2.265389,0
770,0.219596,0
771,3.830231,0
772,0.439946,1
773,1.028607,1
774,0.153589,1
775,0.402569,1
776,3.812578,0
777,0.760267,1
778,1.161332,1
779,2.15089,1
780,0.714057,1
781,0.326313,1
782,3.66431,0
783,0.574152,0
784,3.130766,1
785,1.143353,0
786,2.86476,0
787,2.936857,0
788,0.255663,1
789,2.94396,0
790,3.695569,0
791,0.288685,1
792,1.947488,0
793,2.764741,1
794,0.612029,0
795,3.459435,0
796,4.492362,1
797,0.169027,0
798,3.838754,0
799,2.971113,1
800,0.253261,0
801,3.975544,0
802,1.038133,0
803,0.380571,1
804,3.659668,0
805,2.172302,0
806,3.703667,0
807,5.676874,1
808,0.259169,0
809,2.562221,0
810,1.490507,0
811,2.27524,0
812,2.789606,0
813,0.124359,1
814,0.295287,1
815,4.436251,0
816,0.765479,1
817,1.18062,0
818,0.538468,1
819,0.372835,0
820,5.305474,1
821,2.223224,0
822,3.889195,1
823,3.59128,1
824,1.097687,0
825,2.232331,1
826,0.996911,1
827,2.90118,1
828,0.116788,1
829,3.414607,1
830,0.254552,1
831,3.36975,0
832,1.090405,1
833,0.952429,0
834,1.418487,1
835,2.805567,0
836,2.323092,0
837,1.097021,1
838,0.476312,0
839,2.96947,1
840,1.510635,0
841,0.948811,0
842,1.089292,1
843,3.635213,0
844,1.775136,1
845,1.092906,0
846,1.967716,0
847,1.609669,1
848,2.848154,1
849,1.234694,1
850,2.831743,1
851,0.789682,0
852,0.728047,1
853,2.992871,0
854,2.904165,0
855,3.463348,0
856,0.717273,1
857,2.599708,0
858,3.874703,0
859,0.426896,1
860,2.12895,1
861,0.153444,0
862,3.389212,0
863,1.826891,1
864,0.600748,0
865,2.293796,1
866,2.527135,0
867,2.494169,0
868,4.267873,1
869,0.125486,1
870,0.156387,1
871,0.169843,0
872,0.29553,0
873,3.579981,0
874,0.584929,1
875,4.118054,0
876,0.361871,1
877,0.601912,1
878,5.036896,1
879,1.725862,1
880,0.270034,1
881,0.156238,1
882,1.069268,0
883,2.806541,1
884,1.415199,0
885,2.413157,1
886,0.439327,0
887,1.407327,0
888,4.625739,0
889,1.086948,1
890,2.994051,1
891,0.12522,1
892,4.057343,0
893,0.24405,1
894,3.624917,0
895,0.757274,1
896,1.321182,1
897,3.162725,0
898,1.800069,1
899,5.243123,0
900,2.816877,0
901,1.915816,1
902,4.70584,0
903,0.964321,1
904,0.969539,0
905,3.54688,0
906,2.938736,0
907,0.810241,1
908,4.525943,0
909,3.329927,0
910,0.279183,1
911,2.095728,0
912,4.215712,0
913,0.352563,1
914,2.76694,0
915,2.391741,1
916,4.24213,1
917,0.907422,0
918,0.841322,1
919,0.261552,1
920,2.75418,1
921,3.659857,0
922,1.173573,1
923,0.311588,0
924,0.678378,1
925,2.92221,0
926,0.122044,0
927,3.022669,1
928,0.107498,0
929,0.799747,0
930,2.399403,0
931,1.220047,1
932,3.770981,0
933,4.831391,0
934,0.977109,1
935,3.956285,0
936,0.553146,0
937,0.145576,0
938,0.906421,1
939,3.591289,0
940,0.154315,0
941,3.430866,0
942,0.549399,0
943,1.197885,1
944,0.383413,1
945,4.328467,0
946,0.44867,0
947,4.723084,1
948,0.158173,1
949,0.140915,1
950,3.732682,0
951,0.768367,0
952,0.565278,0
953,0.504118,0
954,3.526691,0
955,3.756633,0
956,2.801418,1
957,0.441716,1
958,3.643503,0
959,0.597517,1
960,0.200527,1
961,0.302302,1
962,0.147793,1
963,0.20414,1
964,3.60478,1
965,0.598783,1
966,0.273144,1
967,0.564444,0
968,0.233557,0
969,1.662467,1
970,1.089078,1
971,0.139699,0
972,0.233489,0
973,5.039608,0
974,1.957179,1
975,0.151426,0
976,0.365482,0
977,3.771763,0
978,2.797861,0
979,1.652807,0
980,4.023653,0
981,2.623349,0
982,3.770355,0
983,3.803825,0
984,1.381095,1
985,3.365276,0
986,0.236288,1
987,2.741754,1
988,2.771732,1
989,0.815026,0
990,4.363764,0
991,0.767174,1
992,2.423126,1
993,0.904938,1
994,1.635437,0
995,4.088508,0
996,0.739813,1
997,3.080333,0
998,0.361265,1
999,0.604349,0
1000,2.640151,0
1001,0.926273,1
1002,2.542158,0
1003,0.496805,0
1004,0.266675,1
1005,0.627628,1
1006,0.337867,0
1007,0.732764,0
1008,0.313386,1
1009,1.032183,1
1010,3.536618,1
1011,1.500052,1
1012,3.850733,0
1013,0.297031,1
1014,3.019156,0
1015,2.913243,0
1016,0.421985,1
1017,0.217087,1
1018,1.756322,0
1019,0.652865,0
1020,2.912661,0
1021,0.129434,1
1022,0.549657,0
1023,0.241889,0
1024,0.19252,1
1025,4.810601,0
1026,3.871146,0
1027,0.943702,0
1028,2.843623,0
1029,0.314097,0
1030,3.909261,0
1031,1.400214,0
1032,2.368233,0
1033,0.813249,1
1034,3.733967,0
1035,4.075402,0
1036,0.689559,0
1037,0.111683,1
1038,1.000647,1
1039,5.352534,1
1040,0.193831,1
1041,0.783865,0
1042,1.133464,0
1043,0.353946,1
1044,4.405557,0
1045,2.317965,0
1046,3.95492,0
1047,2.236631,0
1048,0.531336,0
1049,1.189477,1
1050,0.255403,0
1051,1.305942,1
1052,3.482539,0
1053,3.910238,0
1054,1.472595,0
1055,0.48814,1
1056,2.0759,1
1057,0.120534,0
1058,0.979596,1
1059,1.015822,1
1060,0.568552,1
1061,0.464299,1
1062,1.409485,1
1063,1.262456,1
1064,3.554061,0
1065,3.570438,0
1066,2.302928,0
1067,0.14096,1
1068,1.615914,0
1069,0.998606,0
1070,0.198661,1
1071,5.167789,1
1072,3.021918,1
1073,3.07344,1
1074,0.782558,1
1075,3.329362,0
1076,1.057006,1
1077,0.403007,0
1078,4.592156,0
1079,0.121415,1
1080,0.431044,0
1081,2.673311,0
1082,0.166001,0
1083,3.45415,1
1084,0.489205,1
1085,0.209603,0
1086,0.199037,1
1087,0.717842,0
1088,0.70708,0
1089,0.258907,1
1090,1.992419,0
1091,0.928865,0
1092,0.439157,0
1093,2.722548,0
1094,0.269547,0
1095,0.351427,0
1096,0.10539,1
1097,0.602909,0
1098,3.506683,1
1099,0.849439,0
1100,0.214145,0
1101,3.310833,1
1102,0.753064,0
1103,4.659881,0
1104,3.675531,0
1105,0.275665,0
1106,0.374364,0
1107,1.178866,1
1108,0.342945,1
1109,1.235367,1
1110,3.177986,0
1111,0.332286,0
1112,2.971828,0
1113,3.66178,0
1114,0.804688,1
1115,2.322731,0
1116,0.221951,1
1117,1.453964,0
1118,1.334455,1
1119,0.747049,1
1120,0.254313,1
1121,2.929228,0
1122,0.110512,1
1123,4.670808,0
1124,3.971425,0
1125,1.862128,1
1126,3.637767,1
1127,3.064114,0
1128,0.712971,1
1129,2.770756,1
1130,2.244427,0
1131,0.925001,1
1132,2.247417,1
1133,0.185225,0
1134,0.428328,1
1135,0.414747,1
1136,0.898247,0
1137,0.17631,1
1138,0.248604,1
1139,4.340066,1
1140,1.220659,1
1141,2.386464,1
1142,2.559829,0
1143,4.025758,0
1144,4.391908,0
1145,2.174947,0
1146,1.011015,1
1147,1.162024,1
1148,5.015402,0
1149,0.135294,0
1150,3.834773,0
1151,3.167659,0
1152,4.485075,0
1153,2.966247,1
1154,5.110523,0
1155,0.238016,0
1156,3.207545,0
1157,0.423279,0
1158,2.864197,0
1159,0.235792,1
1160,0.30619,1
1161,0.780727,1
1162,3.836206,0
1163,0.301562,0
1164,2.734004,0
1165,0.843753,0
1166,0.310491,1
1167,0.097065,0
1168,0.239734,1
1169,4.572751,0
1170,0.650878,0
1171,2.176431,1
1172,3.970744,0
1173,4.160148,0
1174,0.133957,0
1175,3.256102,1
1176,3.936973,0
1177,3.448159,1
1178,0.118752,1
1179,1.897202,0
1180,2.785146,0
1181,3.716489,0
1182,0.135553,1
1183,0.177978,1
1184,2.881608,0
1185,2.390919,1
1186,1.115539,1
1187,3.079869,0
1188,0.852488,1
1189,0.191644,1
1190,0.518586,0
1191,3.480834,0
1192,0.283646,1
1193,0.408462,0
1194,0.205056,0
1195,4.59035,0
1196,0.126608,0
1197,0.160153,0
1198,4.214271,1
1199,3.383679,0
1200,2.000393,0
1201,0.180132,1
1202,0.462446,1
1203,3.518391,1
1204,1.541212,1
1205,1.008732,0
1206,3.025074,0
1207,1.23404,0
1208,0.185403,0
1209,3.717336,1
1210,0.441998,0
1211,4.477836,0
1212,1.790817,1
1213,0.59697,1
1214,3.824713,1
1215,3.909137,0
1216,0.88324,0
1217,4.404548,0
1218,0.14173,1
1219,0.124737,1
1220,0.777222,0
1221,2.886763,0
1222,0.142929,1
1223,4.162963,1
1224,0.138203,1
1225,0.198242,0
1226,0.236062,1
1227,3.580916,0
1228,3.568828,0
1229,0.50344,1
1230,3.25726,1
1231,2.597891,1
1232,0.48636,1
1233,0.402882,1
1234,4.200165,0
1235,3.684203,0
1236,1.340567,0
1237,0.201983,0
1238,2.845479,1
1239,1.567772,0
1240,3.698052,0
1241,0.163993,0
1242,3.098083,0
1243,0.422341,1
1244,2.940473,0
1245,3.959526,1
1246,1.238001,1
1247,3.860293,1
1248,2.768187,1
1249,0.127603,1
1250,2.870915,1
1251,0.193952,1
1252,2.327862,0
1253,1.841137,1
1254,0.18673,1
1255,1.70859,1
1256,1.090062,1
1257,4.656271,0
1258,1.218798,1
1259,0.393589,0
1260,2.941647,0
1261,0.17513,1
1262,0.335169,1
1263,2.746141,0
1264,1.68706,1
1265,4.839304,0
1266,0.809222,1
1267,0.138273,1
1268,0.787642,1
1269,4.338504,0
1270,4.170239,1
1271,3.552902,1
1272,5.205581,0
1273,3.263998,1
1274,0.814575,0
1275,0.241192,0
1276,4.098776,0
1277,3.054068,0
1278,0.208232,0
1279,0.285279,1
1280,4.542359,0
1281,3.548187,0
1282,3.917132,0
1283,4.467563,1
1284,2.433048,0
1285,4.272882,0
1286,3.161356,0
1287,1.764063,1
1288,3.530295,0
1289,2.645008,0
1290,0.961958,1
1291,2.541811,0
1292,3.643829,0
1293,3.159308,0
1294,0.49434,1
1295,2.989471,0
1296,0.942326,1
1297,0.58308,0
1298,1.16078,1
1299,0.541692,1
1300,1.596239,1
1301,0.73641,1
1302,0.089,0
1303,2.983823,0
1304,1.031341,1
1305,2.363464,0
1306,0.205885,1
1307,0.370015,1
1308,0.19349,0
1309,0.607617,1
1310,2.503777,0
1311,0.13334,1
1312,0.098607,1
1313,2.54076,0
1314,5.488275,0
1315,0.127131,0
1316,2.041279,0
1317,4.303676,0
1318,2.901265,0
1319,4.574151,0
1320,3.158033,0
1321,0.174849,1
1322,1.122706,0
1323,3.498856,1
1324,3.009127,1
1325,0.23605,0
1326,2.68522,0
1327,0.319432,1
1328,0.29632,0
1329,5.125899,1
1330,2.83083,0
1331,2.749717,0
1332,0.107421,0
1333,1.594175,0
1334,0.209447,0
1335,4.657062,0
1336,1.489172,0
1337,0.201132,1
1338,0.234453,1
1339,1.84579,0
1340,0.3268,1
1341,0.139112,0
1342,5.21423,0
1343,2.919535,1
1344,0.448925,0
1345,4.001305,0
1346,0.805863,1
1347,0.408108,1
1348,2.530602,0
1349,1.029871,1
1350,2.537531,0
1351,1.267478,0
1352,0.317857,1
1353,0.361041,1
1354,3.32164,0
1355,3.684032,0
1356,0.307365,1
1357,2.990826,0
1358,0.229617,1
1359,0.66871,1
1360,0.597993,1
1361,0.400023,1
1362,0.170012,1
1363,0.192068,1
1364,0.915646,1
1365,0.186995,0
1366,2.73739,0
1367,0.589197,1
1368,7.108365,0
1369,0.181791,1
1370,0.373967,1
1371,3.80655,1
1372,0.166438,1
1373,0.158309,1
1374,3.669136,0
1375,2.869473,1
1376,4.543396,0
1377,4.678753,0
1378,3.947309,1
1379,0.742182,1
1380,0.154843,1
1381,0.1252,1
1382,3.733184,0
1383,4.79913,1
1384,0.215379,0
1385,4.115442,0
1386,3.420289,0
1387,0.143113,1
1388,0.572975,1
1389,0.34955,0
1390,3.226648,0
1391,3.673654,1
1392,0.118622,0
1393,0.128328,1
1394,2.560354,0
1395,0.552147,1
1396,3.45474,0
1397,1.378757,0
1398,0.675845,1
1399,0.122175,1
1400,3.333322,0
1401,3.784443,0
1402,0.301015,1
1403,0.316344,1
1404,0.821825,1
1405,2.851382,1
1406,3.495567,0
1407,2.984095,1
1408,0.789216,1
1409,0.29158,0
1410,4.249681,0
1411,0.123091,1
1412,5.392703,0
1413,2.674913,0
1414,4.200314,0
1415,0.742382,0
1416,4.074418,1
1417,3.717095,1
1418,0.16342,0
1419,0.354893,0
1420,0.298846,1
1421,0.287372,1
1422,4.172125,0
1423,4.083437,0
1424,1.176835,0
1425,3.700658,1
1426,4.648899,1
1427,0.894819,0
1428,2.843555,0
1429,4.390917,0
1430,0.228215,1
1431,0.546805,1
1432,2.441617,1
1433,0.154532,1
1434,0.390061,0
1435,3.964916,0
1436,4.586048,0
1437,0.349428,1
1438,2.801486,0
1439,3.987367,1
1440,2.559674,0
1441,3.834114,1
1442,0.634255,0
1443,2.586652,0
1444,2.554595,0
1445,3.510371,0
1446,1.533723,1
1447,1.121702,1
1448,0.198605,0
1449,1.894951,1
1450,0.452046,1
1451,0.178579,1
1452,0.365536,0
1453,4.429737,0
1454,0.336449,1
1455,0.308311,1
1456,0.2336,0
1457,0.512016,0
1458,2.530465,0
1459,3.816605,0
1460,1.926288,1
1461,0.167803,1
1462,0.678057,1
1463,2.103552,0
1464,0.179816,1
1465,0.1144,0
1466,2.219261,0
1467,4.215779,0
1468,0.646107,1
1469,1.352607,1
1470,0.415214,0
1471,5.081974,0
1472,0.267912,0
1473,0.335279,0
1474,0.835544,1
1475,4.712264,0
1476,0.633506,1
1477,0.142186,1
1478,0.551749,1
1479,3.386451,1
1480,0.128644,1
1481,3.850159,1
1482,0.541751,0
1483,2.949252,0
1484,3.447529,1
1485,2.027622,0
1486,0.595428,0
1487,3.402841,0
1488,3.0909,0
1489,0.296683,1
1490,0.377143,1
1491,2.939001,0
1492,0.140483,0
1493,0.100219,0
1494,0.370762,0
1495,0.122687,1
1496,1.358383,1
1497,3.428571,0
1498,3.484747,0
1499,2.620211,0
1500,1.149009,1
1501,0.180542,0
1502,0.330677,0
1503,3.735716,0
1504,0.74293,1
1505,0.878564,0
1506,0.145076,1
1507,0.12098,0
1508,0.222446,1
1509,1.376913,0
1510,1.114867,1
1511,2.845953,1
1512,0.178244,1
1513,2.543134,0
1514,0.222435,1
1515,3.544788,1
1516,0.15728,0
1517,3.579539,1
1518,0.14154,0
1519,0.977743,1
1520,0.124111,1
1521,4.08367,1
1522,3.641206,0
1523,3.508485,0
1524,0.775265,1
1525,0.248865,1
1526,0.131574,0
1527,0.614243,0
1528,3.275009,0
1529,3.154314,0
1530,2.870673,1
1531,0.301396,0
1532,0.884715,0
1533,0.578283,1
1534,0.440275,0
1535,4.817847,0
1536,1.148449,1
1537,3.454017,1
1538,3.524276,0
1539,0.42461,1
1540,5.476152,1
1541,3.184013,1
1542,0.960577,0
1543,1.289056,1
1544,0.167061,1
1545,3.50247,0
1546,3.212559,0
1547,4.048044,0
1548,1.084796,1
1549,0.195681,0
1550,2.804927,0
1551,0.163921,1
1552,2.911272,1
1553,2.78288,0
1554,2.826822,1
1555,2.928821,0
1556,1.200575,1
1557,1.700802,1
1558,0.156095,1
1559,0.234391,0
1560,0.290044,1
1561,3.17103,1
1562,4.560167,0
1563,0.260433,1
1564,0.114671,1
1565,3.197621,1
1566,0.35211,0
1567,2.240524,1
1568,0.72032,1
1569,4.347139,0
1570,0.95531,0
1571,0.215337,1
1572,0.236107,1
1573,3.76189,1
1574,3.667145,1
1575,0.407628,0
1576,0.168802,1
1577,0.227236,1
1578,0.736747,1
1579,0.277154,1
1580,0.929709,1
1581,4.864428,1
1582,0.307875,0
1583,0.367842,1
1584,0.175328,1
1585,0.126932,1
1586,5.000144,1
1587,4.308287,0
1588,4.75107,0
1589,3.539274,0
1590,0.889987,1
1591,2.300396,1
1592,0.199921,1
1593,0.14604,1
1594,0.818034,0
1595,1.741707,0
1596,1.744694,1
1597,1.276615,0
1598,0.799576,1
1599,4.088372,0
1600,0.114851,1
1601,3.992735,1
1602,0.206638,1
1603,1.287112,0
1604,1.005852,1
1605,0.117873,1
1606,0.18535,0
1607,4.07525,1
1608,0.482761,0
1609,0.303793,1
1610,4.474765,1
1611,0.153568,1
1612,0.57346,0
1613,1.77738,0
1614,2.112149,0
1615,3.17762,1
1616,0.2651,0
1617,0.960345,1
1618,0.133804,0
1619,0.220184,1
1620,3.128057,0
1621,1.53857,1
1622,0.730736,0
1623,0.422376,0
1624,2.616848,1
1625,3.059631,0
1626,0.177978,0
1627,2.518655,1
1628,0.127923,1
1629,0.290457,0
1630,4.562001,1
1631,0.234186,1
1632,0.466877,1
1633,3.042966,1
1634,2.858047,1
1635,1.173532,1
1636,0.204919,1
1637,0.493583,1
1638,1.29727,1
1639,0.193748,1
1640,0.514215,0
1641,3.146563,0
1642,3.474732,0
1643,0.720061,1
1644,1.840681,1
1645,0.314522,1
1646,5.663796,0
1647,3.650474,0
1648,2.200956,0
1649,3.99401,1
1650,3.303356,0
1651,1.786039,1
1652,1.773611,1
1653,0.721217,0
1654,3.687465,1
1655,2.917816,0
1656,0.760254,0
1657,2.475718,1
1658,3.812301,0
1659,1.380045,1
1660,4.258636,0
1661,2.199022,0
1662,2.367077,0
1663,0.999752,0
1664,0.410404,1
1665,0.364962,1
1666,2.647882,1
1667,4.042742,0
1668,0.1552,0
1669,0.177185,0
1670,1.799458,0
1671,0.154645,1
1672,4.68085,1
1673,0.729256,1
1674,0.413985,1
1675,1.018821,0
1676,1.689819,0
1677,5.451052,0
1678,0.360178,0
1679,1.770909,1
1680,3.691774,1
1681,2.014222,1
1682,3.356637,0
1683,3.225454,0
1684,1.547943,0
1685,0.377596,0
1686,0.773783,1
1687,2.823735,0
1688,0.445561,0
1689,3.253508,1
1690,4.415136,1
1691,3.521399,0
1692,0.811486,0
1693,0.494192,1
1694,1.210134,0
1695,0.193706,1
1696,4.111463,0
1697,0.373769,1
1698,3.390865,0
1699,0.128163,1
1700,0.261851,1
1701,0.352899,0
1702,0.145717,0
1703,1.879653,0
1704,3.922993,0
1705,1.44381,1
1706,1.280288,0
1707,0.531184,1
1708,0.266104,1
1709,0.204886,1
1710,2.622672,0
1711,1.903517,0
1712,0.224753,0
1713,1.671975,0
1714,1.97992,0
1715,0.364808,0
1716,0.398715,0
1717,1.812678,1
1718,3.660936,0
1719,4.436877,0
1720,0.396064,0
1721,4.410454,0
1722,2.93384,0
1723,3.762298,1
1724,3.818604,1
1725,0.252099,0
1726,3.790868,0
1727,0.697881,0
1728,3.387278,0
1729,1.000764,1
1730,3.960037,0
1731,5.033095,0
1732,1.710986,1
1733,0.362347,0
1734,4.301864,1
1735,0.145569,1
1736,0.154818,1
1737,0.407909,1
1738,0.214074,1
1739,3.306023,0
1740,0.514954,0
1741,0.518666,0
1742,0.273106,1
1743,1.786387,0
1744,4.089059,0
1745,0.560045,1
1746,1.038328,1
1747,0.172195,0
1748,0.576772,1
1749,0.640058,1
1750,0.127311,0
1751,0.324927,1
1752,1.043929,1
1753,1.015606,0
1754,0.16499,1
1755,0.521046,1
1756,1.841753,1
1757,0.166729,0
1758,3.933564,0
1759,2.520854,1
1760,3.076318,0
1761,0.311829,1
1762,0.985365,1
1763,5.527211,1
1764,0.175454,0
1765,2.543156,1
1766,2.70707,0
1767,1.82044,1
1768,0.302955,0
1769,4.243518,0
1770,0.254011,1
1771,3.634804,0
1772,2.960936,0
1773,3.015491,1
1774,1.565341,1
1775,0.316696,1
1776,0.226669,1
1777,4.969139,0
1778,0.327835,0
1779,0.354703,1
1780,4.417552,0
1781,1.432886,0
1782,3.438094,1
1783,3.98644,1
1784,0.224098,1
1785,0.550828,1
1786,0.185108,1
1787,0.096544,1
1788,2.004189,1
1789,3.487394,0
1790,3.829163,0
1791,0.15165,1
1792,0.454443,1
1793,4.438148,0
1794,0.903411,1
1795,2.564897,1
1796,1.845487,0
1797,4.218613,0
1798,3.694017,0
1799,3.019326,1
1800,0.369195,0
1801,0.207013,0
1802,0.333856,1
1803,4.283701,0
1804,2.640081,0
1805,3.085721,0
1806,0.118549,0
1807,0.845908,0
1808,3.369324,0
1809,3.016075,1
1810,0.135426,1
1811,4.391047,1
1812,0.32651,0
1813,0.380731,1
1814,0.267037,1
1815,4.963892,0
1816,1.147424,1
1817,2.654243,1
1818,0.157514,0
1819,1.811289,0
1820,3.284122,0
1821,1.443593,1
1822,0.120081,1
1823,4.508924,0
1824,2.622597,1
1825,0.409286,1
1826,0.126,0
1827,0.728212,1
1828,1.68715,1
1829,0.227449,1
1830,0.370882,1
1831,0.231942,1
1832,0.144583,0
1833,0.180878,1
1834,3.790756,0
1835,0.125106,1
1836,1.402777,0
1837,3.437392,0
1838,0.758322,0
1839,0.262013,1
1840,0.119454,0
1841,0.408298,1
1842,2.956486,1
1843,3.120556,1
1844,0.154648,1
1845,2.154805,0
1846,0.776467,0
1847,1.265447,0
1848,3.7653,1
1849,2.266979,1
1850,0.822928,0
1851,2.499365,1
1852,0.589426,1
1853,0.318313,1
1854,0.44146,1
1855,2.346676,1
1856,0.634916,1
1857,3.181096,0
1858,1.803503,1
1859,3.861773,0
1860,4.608881,0
1861,2.235013,0
1862,4.513709,1
1863,0.207395,0
1864,0.255593,1
1865,3.397428,0
1866,0.287567,1
1867,1.49592,1
1868,3.767267,0
1869,4.085495,1
1870,4.384288,0
1871,3.819626,0
1872,0.501815,1
1873,0.81953,1
1874,3.717271,0
1875,0.549263,1
1876,1.846469,1
1877,3.762547,0
1878,4.152234,1
1879,0.129893,0
1880,3.749146,1
1881,3.163914,0
1882,3.932688,1
1883,0.143314,1
1884,2.558832,1
1885,0.437475,1
1886,0.124815,1
1887,1.183477,1
1888,0.415075,0
1889,1.001115,0
1890,0.622459,1
1891,2.755828,0
1892,1.133381,1
1893,1.333144,1
1894,0.263729,1
1895,1.892465,0
1896,0.658871,0
1897,3.962931,1
1898,3.873798,1
1899,0.536284,0
1900,1.066023,1
1901,0.213547,0
1902,3.916585,0
1903,1.954571,0
1904,1.542529,1
1905,4.606014,0
1906,2.229633,0
1907,0.374958,1
1908,4.201371,0
1909,2.036182,0
1910,0.276112,1
1911,2.685492,1
1912,0.150209,0
1913,1.473407,1
1914,2.957824,0
1915,0.493938,0
1916,3.623722,1
1917,5.036643,0
1918,0.340133,0
1919,3.937903,0
1920,0.270732,1
1921,0.565625,1
1922,3.664015,0
1923,0.225268,1
1924,0.908205,0
1925,0.107371,0
1926,0.648726,1
1927,1.006652,0
1928,0.752525,1
1929,0.409413,0
1930,1.15723,1
1931,1.674711,1
1932,1.026327,0
1933,3.529347,0
1934,1.918629,1
1935,1.245216,1
1936,3.34501,0
1937,2.802907,0
1938,1.09471,1
1939,0.223379,1
1940,2.794323,0
1941,0.354906,0
1942,1.29469,1
1943,1.046001,1
1944,1.296715,0
1945,0.22439,1
1946,0.919496,0
1947,1.85123,0
1948,0.698206,0
1949,4.108001,1
1950,0.424382,1
1951,2.002568,1
1952,0.209617,1
1953,4.763006,1
1954,3.964533,1
1955,3.193849,0
1956,0.919282,0
1957,2.811681,1
1958,3.754262,0
1959,0.162787,1
1960,0.122399,0
1961,0.187241,1
1962,1.044482,1
1963,1.91588,0
1964,0.117575,1
1965,2.172673,0
1966,1.922582,0
1967,0.244587,1
1968,2.188435,0
1969,0.633842,0
1970,3.442681,0
1971,0.50745,1
1972,0.376147,0
1973,0.256033,0
1974,3.066271,1
1975,1.215385,1
1976,3.441277,1
1977,0.243533,0
1978,3.709825,1
1979,0.754335,0
1980,2.701926,1
1981,4.688082,0
1982,2.188701,1
1983,3.00491,0
1984,0.542734,1
1985,4.84212,0
1986,3.233272,0
1987,3.617172,0
1988,1.087667,1
1989,0.144803,1
1990,0.582363,1
1991,0.17988,1
1992,4.010373,0
1993,3.131357,0
1994,2.870962,1
1995,4.068841,0
1996,1.260102,1
1997,3.430229,0
1998,0.580509,0
1999,0.214268,1
2000,3.518396,0
2001,3.438194,0
2002,0.802331,0
2003,0.722852,1
2004,2.998271,0
2005,3.604692,0
2006,0.141078,1
2007,0.198836,0
2008,2.144935,0
2009,4.336686,0
2010,0.64172,0
2011,1.600406,0
2012,0.31548,1
2013,2.936472,0
2014,0.125729,1
2015,2.885372,0
2016,0.311798,0
2017,4.051989,0
2018,2.707426,0
2019,1.541354,0
2020,4.071389,1
2021,3.462472,0
2022,0.119399,0
2023,0.44236,1
2024,0.736718,1
2025,0.984291,0
2026,1.778721,0
2027,0.749369,1
2028,0.162207,0
2029,3.027664,0
2030,0.990858,1
2031,0.146196,1
2032,2.273649,1
2033,3.218475,1
2034,0.230093,1
2035,2.831596,0
2036,0.123207,0
2037,0.512854,0
2038,0.776453,0
2039,1.52179,1
2040,3.694543,0
2041,0.167132,0
2042,0.128049,0
2043,2.189253,0
2044,3.515059,0
2045,2.518396,1
2046,0.113947,0
2047,0.132385,1
2048,1.379202,1
2049,1.984895,1
2050,3.087905,1
2051,4.683716,1
2052,0.548684,1
2053,0.150705,1
2054,0.308678,0
2055,3.183616,1
2056,1.417445,1
2057,1.064112,0
2058,3.192679,1
2059,4.204577,1
2060,0.447201,1
2061,3.317613,0
2062,3.572923,0
2063,0.458148,1
2064,0.903063,1
2065,4.039631,0
2066,0.491185,0
2067,0.128983,1
2068,0.93921,1
2069,2.809046,0
2070,0.319805,1
2071,2.156638,0
2072,3.994285,0
2073,0.215603,0
2074,0.140826,1
2075,4.496427,0
2076,0.308922,1
2077,0.366367,0
2078,4.497632,0
2079,1.000391,1
2080,0.181772,0
2081,1.989805,0
2082,3.120512,1
2083,2.935884,1
2084,0.664061,1
2085,0.263922,1
2086,2.488939,0
2087,3.430004,0
2088,0.459437,0
2089,0.14013,1
2090,0.868118,0
2091,1.768431,1
2092,0.148542,1
2093,2.288559,0
2094,2.926416,0
2095,3.839214,0
2096,0.446704,0
2097,0.977377,1
2098,3.965806,1
2099,0.441048,1
2100,4.483526,0
2101,5.576514,0
2102,0.273029,1
2103,0.415098,1
2104,0.489727,0
2105,0.559587,1
2106,3.803701,0
2107,4.206908,1
2108,3.030502,0
2109,2.940434,0
2110,0.454486,0
2111,3.534455,0
2112,1.300942,0
2113,0.408981,1
2114,1.203146,0
2115,0.340857,0
2116,0.157311,1
2117,0.337808,1
2118,3.079217,0
2119,0.318677,1
2120,4.467012,0
2121,0.748015,1
2122,0.118321,0
2123,2.095526,1
2124,4.392588,0
2125,3.078051,1
2126,4.242647,0
2127,4.569006,1
2128,1.873637,1
2129,0.610678,0
2130,0.534775,1
2131,0.181944,1
2132,0.946646,1
2133,4.347026,0
2134,0.71245,1
2135,4.116019,0
2136,4.098865,0
2137,0.198891,1
2138,1.772298,0
2139,0.151935,1
2140,0.647804,1
2141,3.96302,1
2142,0.788714,1
2143,4.508832,0
2144,0.512882,0
2145,1.476859,0
2146,0.254872,1
2147,3.785933,0
2148,3.497159,0
2149,0.520038,0
2150,4.504124,0
2151,0.174335,1
2152,2.942312,0
2153,4.92226,1
2154,0.862954,1
2155,4.629043,0
2156,3.185484,1
2157,0.371621,1
2158,0.917518,1
2159,0.23891,0
2160,1.095147,1
2161,0.360982,0
2162,1.443915,1
2163,0.797421,0
2164,4.125495,0
2165,4.090843,0
2166,1.75885,1
2167,1.574074,0
2168,1.769547,1
2169,0.462556,1
2170,2.257952,0
2171,3.167101,0
2172,3.620804,0
2173,0.280354,1
2174,0.265366,0
2175,0.247321,1
2176,4.089304,1
2177,1.883646,1
2178,1.629889,0
2179,3.919724,0
2180,0.214705,0
2181,0.169948,1
2182,3.834546,0
2183,4.797081,1
2184,0.231227,1
2185,3.651026,1
2186,0.789125,0
2187,0.286531,1
2188,0.185627,0
2189,3.163248,0
2190,1.104562,1
2191,1.698148,0
2192,4.177257,0
2193,0.520651,1
2194,4.591592,0
2195,0.291783,1
2196,0.152854,1
2197,0.15051,0
2198,0.1322,0
2199,3.731454,0
2200,0.737958,0
2201,0.52234,0
2202,2.91578,0
2203,3.303745,1
2204,3.729706,0
2205,4.369974,1
2206,0.277848,0
2207,2.259821,0
2208,0.529215,0
2209,0.566954,1
2210,1.350992,0
2211,4.340245,1
2212,2.039362,0
2213,4.704035,0
2214,0.195513,0
2215,0.42769,0
2216,0.231464,1
2217,2.179157,0
2218,0.253014,1
2219,0.385816,1
2220,3.741011,0
2221,0.1399,1
2222,0.677082,1
2223,3.621161,0
2224,3.327062,1
2225,4.257168,0
2226,3.457268,0
2227,0.365328,0
2228,0.456678,0
2229,3.246811,0
2230,4.560556,0
2231,2.789658,1
2232,2.403103,0
2233,0.371302,1
2234,4.096499,0
2235,0.746921,1
2236,0.860485,1
2237,0.231497,1
2238,0.381529,1
2239,1.81314,1
2240,0.345786,0
2241,0.711042,1
2242,0.173806,0
2243,2.844909,0
2244,3.749599,0
2245,0.518981,0
2246,4.046534,1
2247,1.865662,0
2248,3.456182,0
2249,0.289361,1
2250,0.500866,0
2251,0.228001,1
2252,1.076222,1
2253,0.547675,1
2254,2.507371,0
2255,2.489339,0
2256,3.824884,0
2257,0.836494,0
2258,5.946971,0
2259,3.485347,1
2260,1.795427,0
2261,3.074003,0
2262,0.151337,1
2263,0.740655,1
2264,0.197721,1
2265,0.315006,1
2266,2.905627,0
2267,4.01086,0
2268,4.77908,0
2269,0.118316,0
2270,2.74304,0
2271,4.157424,0
2272,3.471614,0
2273,0.740458,0
2274,0.331929,0
2275,2.904204,1
2276,0.22101,1
2277,2.31264,0
2278,0.159019,1
2279,4.092986,0
2280,0.137037,0
2281,0.219487,0
2282,4.095054,0
2283,4.029368,0
2284,0.074736,1
2285,0.40521,0
2286,5.504495,0
2287,4.736352,1
2288,2.703089,1
2289,4.650678,1
2290,1.648438,1
2291,0.114107,1
2292,3.623147,1
2293,0.130059,0
2294,3.357264,0
2295,2.836891,1
2296,1.806225,0
2297,1.276011,1
2298,5.803701,1
2299,0.396878,1
2300,0.618682,1
2301,3.110354,1
2302,4.325037,1
2303,0.433931,1
2304,0.149868,0
2305,2.936389,0
2306,1.947006,0
2307,2.310066,0
2308,0.350102,1
2309,2.386008,0
2310,2.296391,1
2311,1.410722,1
2312,0.153852,0
2313,0.138401,0
2314,4.283155,0
2315,2.545207,0
2316,0.415465,0
2317,0.421518,1
2318,0.328363,1
2319,2.191166,1
2320,0.161716,0
2321,1.327701,1
2322,3.287854,1
2323,1.724788,1
2324,1.135875,1
2325,4.954407,0
2326,4.012402,1
2327,0.132253,0
2328,0.233062,0
2329,2.43563,0
2330,2.317023,1
2331,0.974997,1
2332,0.302208,0
2333,3.728226,0
2334,2.439388,1
2335,5.318026,1
2336,4.35013,0
2337,1.445735,0
2338,0.144909,1
2339,1.262094,1
2340,0.902395,0
2341,4.334612,0
2342,5.435391,0
2343,4.600917,1
2344,2.361002,0
2345,4.319721,0
2346,0.318793,1
2347,7.423148,1
2348,3.536044,0
2349,1.686819,1
2350,3.99018,0
2351,0.607341,1
2352,2.136537,0
2353,5.248848,1
2354,0.695868,1
2355,4.158995,0
2356,3.084843,0
2357,4.165467,1
2358,4.699242,1
2359,0.31332,0
2360,1.280221,1
2361,4.878101,1
2362,0.278539,1
2363,1.99617,1
2364,4.438664,0
2365,0.254261,1
2366,3.642167,0
2367,3.945544,0
2368,0.213176,1
2369,4.42453,1
2370,0.463927,1
2371,1.345334,0
2372,3.915664,1
2373,5.135672,0
2374,1.839673,0
2375,0.399218,0
2376,0.355116,0
2377,3.424549,1
2378,0.396002,1
2379,3.437096,0
2380,0.359484,1
2381,2.689564,0
2382,4.077223,0
2383,0.496042,1
2384,0.691207,0
2385,2.150882,0
2386,1.083787,1
2387,0.346218,0
2388,1.074182,0
2389,4.548921,1
2390,0.481,0
2391,1.851127,0
2392,0.388888,1
2393,3.451075,0
2394,0.224995,1
2395,0.302923,1
2396,0.255428,1
2397,0.1354,1
2398,0.13704,0
2399,0.258093,1
2400,3.235088,1
2401,1.225904,1
2402,0.954553,0
2403,0.432843,0
2404,2.021898,1
2405,3.574441,0
2406,3.47403,1
2407,2.479727,0
2408,4.518153,0
2409,4.138094,1
2410,4.261527,0
2411,1.591282,1
2412,3.827884,0
2413,0.136049,0
2414,0.689537,1
2415,0.141619,0
2416,0.588465,0
2417,2.692072,0
2418,0.168699,1
2419,0.148177,1
2420,3.274081,0
2421,0.339637,1
2422,0.178744,1
2423,3.364409,0
2424,0.885472,1
2425,2.405945,0
2426,3.877309,0
2427,4.014941,0
2428,4.199407,0
2429,4.189574,0
2430,4.805346,0
2431,3.083497,0
2432,0.642828,0
2433,0.791287,0
2434,0.447106,0
2435,0.401222,1
2436,0.360908,0
2437,3.771763,0
2438,2.069223,0
2439,2.640498,0
2440,2.550124,1
2441,4.91364,1
2442,2.096429,0
2443,1.19614,1
2444,3.00771,1
2445,3.631021,0
2446,3.16741,1
2447,1.940697,1
2448,0.391363,1
2449,1.796762,0
2450,0.147508,1
2451,0.574067,1
2452,3.439754,0
2453,2.757756,1
2454,3.477983,1
2455,3.500711,0
2456,3.735003,0
2457,3.14081,0
2458,1.929733,0
2459,4.195785,0
2460,0.131287,1
2461,3.630446,1
2462,4.742157,1
2463,3.860509,0
2464,0.214371,0
2465,3.531115,0
2466,0.886248,0
2467,0.768454,1
2468,3.49544,0
2469,0.709545,1
2470,3.547467,1
2471,4.419014,1
2472,3.65507,0
2473,2.2621,0
2474,0.224671,1
2475,0.312907,0
2476,0.489564,1
2477,0.158523,1
2478,3.627383,0
2479,2.307724,0
2480,0.23566,1
2481,0.247816,1
2482,1.146719,0
2483,0.875734,0
2484,2.189624,0
2485,0.10809,0
2486,0.541557,1
2487,4.277112,1
2488,0.663143,1
2489,4.075716,1
2490,0.829184,0
2491,0.080419,1
2492,1.212271,1
2493,0.916194,1
2494,0.971124,0
2495,0.420244,1
2496,0.454799,1
2497,0.387403,1
2498,3.447598,1
2499,0.266469,1
2500,0.246691,1
2501,0.169889,0
2502,0.742065,1
2503,0.112845,0
2504,0.41985,0
2505,2.60775,0
2506,1.488598,0
2507,1.14173,1
2508,1.929734,1
2509,5.32879,1
2510,0.142951,0
2511,0.133185,0
2512,2.093107,1
2513,4.494186,0
2514,0.163689,1
2515,0.123861,1
2516,0.412056,1
2517,0.155387,1
2518,2.926622,0
2519,0.396827,1
2520,3.203163,0
2521,3.860884,0
2522,3.632022,0
2523,0.832134,1
2524,4.10006,0
2525,4.213719,1
2526,0.592208,1
2527,0.439665,1
2528,1.624899,0
2529,0.209126,1
2530,0.252579,0
2531,2.40621,1
2532,0.219291,1
2533,0.139225,1
2534,0.218368,0
2535,0.640181,1
2536,2.056684,0
2537,2.455945,0
2538,2.877343,0
2539,3.067775,1
2540,0.096323,1
2541,0.545302,1
2542,2.980751,0
2543,1.487581,1
2544,0.285683,1
2545,1.477771,0
2546,0.112983,1
2547,0.950975,1
2548,3.194148,1
2549,0.428641,1
2550,0.11899,1
2551,3.157906,0
2552,3.254688,1
2553,3.656907,1
2554,4.072927,0
2555,3.513816,1
2556,0.832342,1
2557,4.851141,1
2558,3.505872,0
2559,2.162847,0
2560,0.58072,1
2561,3.73458,1
2562,2.37598,0
2563,2.62609,0
2564,0.587365,1
2565,0.158557,1
2566,2.482892,0
2567,0.538139,1
2568,1.570952,1
2569,0.441069,0
2570,0.172517,1
2571,3.947982,0
2572,1.831777,1
2573,4.558964,1
2574,2.615261,0
2575,1.146742,1
2576,0.52357,0
2577,0.673068,1
2578,0.888798,1
2579,0.547007,1
2580,0.478166,1
2581,3.894122,0
2582,0.148515,1
2583,0.868396,0
2584,4.050372,0
2585,0.231359,0
2586,1.721965,0
2587,0.880265,1
2588,4.062131,0
2589,2.485739,0
2590,4.44384,1
2591,1.036324,1
2592,0.128495,0
2593,4.094869,1
2594,0.177934,1
2595,2.625902,1
2596,0.165409,1
2597,3.804275,1
2598,3.650306,1
2599,3.474639,0
2600,0.208062,1
2601,0.151986,0
2602,3.521584,0
2603,4.946397,1
2604,3.271471,0
2605,0.102617,1
2606,0.448273,1
2607,0.142686,1
2608,0.194615,1
2609,0.241522,1
2610,0.333163,1
2611,0.109705,0
2612,0.699144,1
2613,1.069227,1
2614,1.576877,1
2615,0.494693,0
2616,3.188249,0
2617,3.473403,0
2618,2.814698,0
2619,2.544939,0
2620,2.610718,1
2621,0.760979,1
2622,2.870903,0
2623,5.126415,1
2624,3.780172,1
2625,2.106168,0
2626,3.924703,0
2627,1.827241,1
2628,4.169148,0
2629,4.033282,1
2630,1.235968,0
2631,3.40663,0
2632,0.359255,1
2633,1.961984,1
2634,4.518142,0
2635,0.453449,1
2636,1.280987,1
2637,1.203512,1
2638,1.185975,1
2639,2.576933,1
2640,0.460069,1
2641,0.279444,1
2642,0.64716,0
2643,0.338009,1
2644,3.65796,1
2645,1.318557,0
2646,5.047121,1
2647,3.858466,0
2648,3.181254,0
2649,3.92335,0
2650,0.180529,1
2651,3.574757,0
2652,0.647893,1
2653,0.324513,1
2654,0.160871,0
2655,0.274222,0
2656,0.228209,1
2657,3.69167,0
2658,3.045169,0
2659,2.080483,1
2660,0.128024,1
2661,3.527947,0
2662,0.228197,1
2663,3.084681,0
2664,3.488227,0
2665,2.154953,0
2666,3.548245,1
2667,2.731185,0
2668,2.298743,1
2669,0.30715,1
2670,1.096961,1
2671,0.192163,1
2672,3.371371,0
2673,0.279294,0
2674,0.924208,0
2675,0.280451,1
2676,1.989384,0
2677,2.864112,1
2678,3.919513,0
2679,2.742427,1
2680,0.364404,1
2681,3.946091,0
2682,0.114453,1
2683,0.261345,1
2684,5.010156,0
2685,0.170827,1
2686,0.223197,0
2687,0.535615,1
2688,4.545075,0
2689,0.22583,1
2690,4.012832,1
2691,0.210326,0
2692,0.218738,1
2693,0.607032,0
2694,2.656321,0
2695,3.810557,0
2696,3.131049,0
2697,1.584368,1
2698,0.064035,0
2699,3.096635,1
2700,2.422755,0
2701,4.437487,0
2702,3.274309,0
2703,0.885857,0
2704,0.098264,0
2705,2.563816,0
2706,4.082617,1
2707,0.418889,0
2708,2.89162,0
2709,0.827449,0
2710,0.593374,0
2711,2.174649,0
2712,0.239208,0
2713,4.634515,1
2714,0.184128,1
2715,3.986881,1
2716,0.162605,0
2717,3.641791,0
2718,2.859274,0
2719,0.2056,1
2720,0.169364,0
2721,0.566207,1
2722,1.202252,0
2723,0.362425,0
2724,0.434009,0
2725,0.513051,0
2726,0.210898,1
2727,0.597663,1
2728,3.99155,0
2729,4.86377,0
2730,1.261181,1
2731,4.15447,1
2732,0.831007,1
2733,1.476333,0
2734,0.149618,1
2735,2.645431,1
2736,0.526404,1
2737,3.027025,0
2738,3.643549,1
2739,3.009716,0
2740,0.464673,1
2741,1.667383,1
2742,0.39062,1
2743,3.488425,0
2744,1.240055,1
2745,0.912668,1
2746,3.284017,0
2747,3.597349,0
2748,2.463491,1
2749,3.155491,0
2750,4.65291,1
2751,1.123747,1
2752,2.557207,1
2753,0.44961,1
2754,1.056058,0
2755,0.134744,1
2756,3.559505,0
2757,3.390182,1
2758,0.40697,1
2759,3.734394,0
2760,0.199574,0
2761,1.421584,0
2762,4.625805,0
2763,3.540822,0
2764,0.905213,0
2765,0.352198,0
2766,0.145657,1
2767,0.914691,0
2768,2.454673,1
2769,3.674938,0
2770,3.526517,1
2771,3.728568,0
2772,0.649431,0
2773,0.534171,1
2774,0.126884,0
2775,1.322817,0
2776,1.059293,0
2777,0.134525,1
2778,0.945603,1
2779,2.775993,1
2780,2.040094,0
2781,3.207335,1
2782,0.196941,0
2783,0.571006,1
2784,0.315912,0
2785,1.046704,1
2786,0.358222,1
2787,3.384756,0
2788,3.058176,0
2789,0.415732,0
2790,3.808407,1
2791,0.409271,1
2792,0.180929,1
2793,0.689795,1
2794,0.8918,0
2795,3.720703,1
2796,1.018188,1
2797,0.720003,0
2798,0.340592,1
2799,4.454973,0
2800,1.713634,1
2801,1.764813,1
2802,0.286534,0
2803,0.133563,0
2804,0.291714,0
2805,1.714146,0
2806,0.304183,1
2807,3.858269,0
2808,1.87185,1
2809,0.262336,0
2810,4.650217,0
2811,0.13934,1
2812,2.713392,0
2813,3.76236,0
2814,2.351976,0
2815,0.195082,1
2816,1.815492,1
2817,1.489691,1
2818,4.394496,0
2819,2.422283,1
2820,0.175525,0
2821,0.298946,0
2822,0.748623,1
2823,4.096838,0
2824,2.777097,1
2825,3.43335,1
2826,0.903166,0
2827,0.932279,1
2828,3.446262,0
2829,4.200469,1
2830,4.002078,0
2831,3.587316,1
2832,0.200612,0
2833,2.35584,0
2834,1.185994,1
2835,1.311673,1
2836,1.00103,1
2837,4.513045,0
2838,4.09668,1
2839,3.528065,0
2840,0.602784,1
2841,0.407539,0
2842,3.336297,1
2843,0.135003,1
2844,0.951698,1
2845,4.085025,0
2846,3.161521,1
2847,1.311712,0
2848,1.602824,1
2849,3.990859,1
2850,4.36427,1
2851,0.129608,1
2852,3.997404,1
2853,2.647905,1
2854,3.394865,0
2855,2.916835,0
2856,4.051459,0
2857,0.424519,1
2858,0.642849,1
2859,0.440564,1
2860,0.279057,1
2861,3.244133,0
2862,2.190365,1
2863,0.200015,1
2864,0.979375,1
2865,1.562493,0
2866,1.065101,1
2867,2.667384,0
2868,2.688405,1
2869,2.817558,1
2870,2.158342,0
2871,0.201348,0
2872,1.329645,1
2873,2.819542,1
2874,0.746155,0
2875,0.469066,1
2876,4.161676,0
2877,4.09897,0
2878,1.86318,0
2879,0.147147,1
2880,5.583472,1
2881,3.59604,1
2882,3.412576,1
2883,0.068617,0
2884,0.09764,0
2885,3.369826,1
2886,0.377574,0
2887,0.819431,0
2888,0.461206,1
2889,3.094571,1
2890,1.906778,1
2891,3.796021,0
2892,2.956956,0
2893,2.099099,0
2894,0.347883,1
2895,1.490679,1
2896,0.30919,1
2897,0.298472,0
2898,2.578683,0
2899,2.918949,1
2900,0.161934,0
2901,2.408501,0
2902,2.696237,0
2903,0.611929,1
2904,3.379932,0
2905,0.256433,1
2906,0.31117,0
2907,1.00193,1
2908,0.442839,0
2909,0.564406,0
2910,0.366019,0
2911,0.272305,1
2912,0.274084,1
2913,2.606694,0
2914,0.453788,1
2915,4.340037,0
2916,3.190171,1
2917,0.53381,1
2918,0.558309,0
2919,4.565941,0
2920,3.454733,0
2921,0.792046,1
2922,4.143325,0
2923,2.974155,0
2924,0.251697,1
2925,0.132417,1
2926,1.479201,1
2927,4.333619,1
2928,2.43482,0
2929,0.623374,0
2930,0.40317,1
2931,0.271072,1
2932,0.543514,1
2933,4.500327,0
2934,0.765823,1
2935,2.375755,0
2936,0.208523,1
2937,0.409454,1
2938,0.498298,1
2939,0.171281,1
2940,0.251732,1
2941,0.7905,1
2942,0.589985,1
2943,0.37624,1
2944,3.524879,1
2945,4.196864,1
2946,4.513808,1
2947,4.996853,0
2948,0.161031,0
2949,0.240765,1
2950,0.543281,0
2951,1.079825,1
2952,0.218991,0
2953,0.1188,0
2954,2.075054,0
2955,2.220419,0
2956,2.541566,0
2957,2.209853,0
2958,4.193698,0
2959,0.86077,1
2960,2.906387,0
2961,1.801255,0
2962,0.689794,1
2963,3.705818,0
2964,1.859843,1
2965,0.175637,1
2966,2.572615,0
2967,3.221887,0
2968,1.422244,1
2969,1.197061,0
2970,1.610192,0
2971,0.279532,1
2972,0.72679,1
2973,3.964963,1
2974,4.640543,0
2975,5.138022,1
2976,2.627099,0
2977,0.606705,0
2978,3.35845,0
2979,1.818863,1
2980,2.760335,0
2981,0.711993,1
2982,3.686349,1
2983,0.107303,1
2984,2.266006,0
2985,0.346207,1
2986,2.044378,0
2987,3.140682,0
2988,2.220579,1
2989,3.844844,0
2990,0.128313,1
2991,0.855554,1
2992,2.64692,0
2993,2.960009,0
2994,0.600425,1
2995,1.241377,1
2996,1.666446,1
2997,0.825841,0
2998,4.748522,1
2999,0.703843,0
3000,1.163867,1
3001,1.681056,0
3002,3.091532,0
3003,4.306675,1
3004,0.848726,1
3005,0.398508,0
3006,0.91099,1
3007,0.525428,0
3008,2.252363,0
3009,3.56488,0
3010,4.084148,0
3011,4.193469,0
3012,2.863786,1
3013,4.365917,0
3014,3.274911,0
3015,2.659297,0
3016,0.144522,1
3017,0.893295,1
3018,0.697466,1
3019,4.475599,1
3020,1.753206,1
3021,3.362972,0
3022,1.199386,1
3023,0.851534,0
3024,2.266219,0
3025,3.544672,0
3026,1.265246,1
3027,4.698956,0
3028,0.111437,1
3029,0.241438,1
3030,1.521845,0
3031,0.210972,1
3032,0.150778,0
3033,1.281318,1
3034,0.160819,1
3035,3.216386,0
3036,0.274383,0
3037,1.959517,0
3038,2.572976,0
3039,1.257674,0
3040,2.905248,0
3041,4.815822,0
3042,2.48833,0
3043,0.238761,1
3044,1.509774,0
3045,5.542696,0
3046,2.816417,0
3047,0.173569,0
3048,2.480562,0
3049,1.587522,1
3050,3.07712,0
3051,4.065267,1
3052,0.123419,1
3053,0.310232,0
3054,0.475159,1
3055,0.660347,0
3056,0.475261,0
3057,5.201326,0
3058,0.243443,1
3059,3.600336,0
3060,1.733901,1
3061,0.753355,0
3062,0.621202,1
3063,2.780993,0
3064,0.149704,0
3065,0.161626,0
3066,4.18204,0
3067,0.224238,0
3068,2.340289,0
3069,2.734409,0
3070,0.210044,1
3071,0.227827,0
3072,0.182532,1
3073,0.365201,1
3074,2.703353,0
3075,0.28891,0
3076,1.617858,1
3077,3.053227,0
3078,0.626709,1
3079,3.310801,0
3080,3.673868,1
3081,0.998203,1
3082,0.402708,1
3083,2.339503,0
3084,0.607281,0
3085,0.941037,1
3086,2.317263,0
3087,3.733613,0
3088,0.556401,1
3089,0.476409,1
3090,4.863225,1
3091,0.20353,1
3092,1.351456,1
3093,4.477947,0
3094,1.351458,1
3095,1.062867,0
3096,0.262571,0
3097,0.263301,1
3098,1.983021,1
3099,4.420974,0
3100,3.471338,0
3101,0.867925,1
3102,1.019651,1
3103,0.139583,1
3104,3.608233,0
3105,2.814996,0
3106,0.698685,1
3107,3.55965,0
3108,4.771433,0
3109,3.663585,0
3110,1.617337,0
3111,0.08768,1
3112,0.672836,0
3113,4.298387,1
3114,0.175263,1
3115,1.949,0
3116,0.286841,1
3117,0.249424,0
3118,5.369984,1
3119,3.69598,1
3120,2.052201,1
3121,4.220973,0
3122,0.685912,0
3123,3.157216,0
3124,3.74689,1
3125,0.566083,1
3126,0.83457,1
3127,2.47225,0
3128,4.864558,0
3129,0.903288,1
3130,0.59597,1
3131,1.542711,0
3132,3.568556,0
3133,4.111321,1
3134,0.123193,1
3135,0.265622,0
3136,0.934156,1
3137,4.242525,1
3138,4.135967,0
3139,2.285335,1
3140,1.873712,1
3141,0.110306,1
3142,0.242942,1
3143,3.495461,0
3144,0.216863,0
3145,0.393338,1
3146,0.517067,0
3147,2.544865,0
3148,3.990911,1
3149,0.356854,0
3150,3.314101,0
3151,0.143831,0
3152,0.114938,0
3153,0.280015,1
3154,0.381091,0
3155,0.257314,1
3156,0.28774,1
3157,0.253085,1
3158,0.518682,1
3159,3.362753,0
3160,0.899689,1
3161,0.304205,1
3162,3.468641,0
3163,0.174995,1
3164,0.567525,1
3165,3.987447,0
3166,0.798188,1
3167,2.315029,1
3168,1.78804,1
3169,2.720095,0
3170,1.065485,1
3171,1.565723,0
3172,1.019657,1
3173,1.063007,0
3174,0.61768,1
3175,7.484226,0
3176,0.098215,0
3177,2.604529,0
3178,2.352674,0
3179,0.329088,1
3180,0.138508,0
3181,0.229081,0
3182,0.804964,1
3183,2.959206,0
3184,3.232258,1
3185,0.647,0
3186,0.635196,0
3187,0.332628,1
3188,4.377169,1
3189,0.482191,1
3190,0.133535,1
3191,0.110884,0
3192,2.886587,1
3193,0.186028,1
3194,2.013308,0
3195,2.501454,1
3196,1.763593,1
3197,1.189684,1
3198,0.111176,1
3199,0.836938,0
3200,2.969066,0
3201,0.177492,0
3202,1.060653,1
3203,4.218591,1
3204,0.180643,1
3205,3.491021,1
3206,0.071944,0
3207,1.359877,1
3208,0.818395,1
3209,4.03304,1
3210,0.581588,0
3211,3.744002,0
3212,0.1144,0
3213,0.167324,0
3214,0.302666,1
3215,0.220411,0
3216,1.448305,0
3217,0.177401,0
3218,4.89592,0
3219,0.227526,1
3220,0.13294,1
3221,3.332194,0
3222,0.329153,1
3223,0.510455,0
3224,4.084805,0
3225,3.826702,0
3226,4.799114,0
3227,0.163919,1
3228,0.367256,1
3229,0.210028,1
3230,3.208866,0
3231,0.209206,1
3232,0.354065,0
3233,4.932045,0
3234,0.149307,0
3235,0.732953,1
3236,0.74594,0
3237,3.562858,1
3238,0.247795,0
3239,2.442933,1
3240,0.113035,1
3241,3.348012,0
3242,0.298701,1
3243,2.884715,0
3244,3.672107,0
3245,0.511981,0
3246,3.482754,0
3247,0.300371,1
3248,3.939517,1
3249,0.255556,1
3250,1.14996,0
3251,3.350271,0
3252,1.14733,0
3253,0.560308,0
3254,3.793232,1
3255,0.149325,0
3256,1.303984,0
3257,4.325354,1
3258,1.199822,0
3259,0.445848,1
3260,0.968343,0
3261,0.160794,1
3262,3.033548,0
3263,0.366118,1
3264,0.918546,0
3265,0.191356,1
3266,0.75166,0
3267,0.360959,1
3268,2.835365,1
3269,0.313001,0
3270,2.982574,1
3271,3.048223,1
3272,5.44681,1
3273,1.990457,0
3274,0.988889,1
3275,2.124547,0
3276,4.440033,1
3277,1.852051,0
3278,3.225555,0
3279,2.93442,0
3280,0.370599,1
3281,0.158553,1
3282,0.439897,0
3283,0.20796,0
3284,3.444365,0
3285,3.051472,0
3286,3.11245,0
3287,0.115558,0
3288,2.978777,1
3289,0.597176,1
3290,3.101439,0
3291,3.800023,0
3292,3.789429,1
3293,2.682322,0
3294,0.135744,1
3295,0.181742,1
3296,0.407642,0
3297,0.974164,1
3298,0.716832,0
3299,0.594847,1
3300,4.357738,1
3301,0.209157,1
3302,2.19084,1
3303,4.277886,0
3304,0.202817,1
3305,2.506854,1
3306,0.465148,1
3307,3.189479,0
3308,1.940523,0
3309,0.698352,1
3310,1.26413,1
3311,0.268012,1
3312,0.205007,1
3313,0.151034,1
3314,5.03159,0
3315,0.36068,1
3316,2.435673,1
3317,3.826172,0
3318,2.875465,0
3319,3.321331,1
3320,0.149907,1
3321,4.575558,1
3322,1.897583,0
3323,3.951299,0
3324,3.232502,0
3325,1.738526,1
3326,2.053312,0
3327,1.042099,1
3328,1.421399,0
3329,0.096821,1
3330,3.358499,0
3331,4.024951,0
3332,0.154876,1
3333,1.151042,1
3334,1.544304,0
3335,0.477993,1
3336,4.842653,1
3337,3.055032,0
3338,3.784138,0
3339,0.288457,1
3340,1.660434,1
3341,4.133106,0
3342,3.93605,0
3343,0.448791,1
3344,2.014944,1
3345,0.721153,1
3346,4.033947,1
3347,0.558598,0
3348,3.41243,0
3349,0.491458,0
3350,0.19765,1
3351,1.65043,1
3352,2.61802,0
3353,3.264968,0
3354,1.631201,0
3355,2.157417,0
3356,1.144591,0
3357,3.036869,0
3358,3.811835,1
3359,2.533654,0
3360,2.394839,0
3361,0.324515,1
3362,3.342848,1
3363,0.490174,0
3364,0.707498,1
3365,3.977499,1
3366,2.909121,0
3367,2.363849,1
3368,5.790201,0
3369,3.855292,0
3370,3.578619,0
3371,0.884004,1
3372,0.201601,0
3373,0.950706,0
3374,1.389252,0
3375,0.337782,1
3376,4.457535,1
3377,0.092302,1
3378,3.368052,1
3379,3.940404,1
3380,0.13328,0
3381,0.297001,0
3382,5.137366,1
3383,0.206518,0
3384,4.018696,0
3385,0.154526,0
3386,3.004478,0
3387,3.428731,0
3388,1.490945,1
3389,2.459045,1
3390,4.585979,0
3391,1.23069,0
3392,4.508286,0
3393,0.582635,1
3394,0.857995,0
3395,0.225456,0
3396,1.83216,0
3397,0.215794,0
3398,3.64634,1
3399,1.382983,0
3400,2.830109,0
3401,2.403471,0
3402,2.570094,1
3403,0.233595,1
3404,0.516192,0
3405,0.17775,1
3406,0.129748,1
3407,1.866374,0
3408,3.142423,0
3409,5.350457,1
3410,0.22388,1
3411,3.759317,0
3412,3.678444,1
3413,2.805135,0
3414,0.819972,1
3415,1.779323,1
3416,0.337759,0
3417,3.623232,1
3418,0.143039,1
3419,3.030593,0
3420,2.42141,0
3421,2.278675,0
3422,1.042284,0
3423,2.249004,1
3424,0.802547,0
3425,3.703803,0
3426,3.114919,0
3427,3.833464,0
3428,3.88224,0
3429,0.320527,1
3430,2.215155,0
3431,0.452259,0
3432,2.348862,0
3433,3.735775,0
3434,0.231896,1
3435,4.047091,0
3436,1.252693,0
3437,3.562102,0
3438,0.608551,1
3439,2.626966,0
3440,3.926026,0
3441,0.667171,1
3442,0.131024,1
3443,0.351819,1
3444,0.209451,1
3445,0.15102,0
3446,4.152568,0
3447,0.150981,1
3448,0.301463,1
3449,0.525895,1
3450,0.664266,0
3451,2.569169,0
3452,3.962443,1
3453,2.320328,0
3454,0.48805,1
3455,0.626104,0
3456,3.425704,0
3457,1.050326,1
3458,2.072495,1
3459,0.772761,0
3460,0.467577,0
3461,3.101372,1
3462,3.760398,0
3463,0.377355,0
3464,0.516968,1
3465,4.078754,0
3466,1.310642,1
3467,4.031587,0
3468,1.608834,1
3469,0.301273,0
3470,4.092289,0
3471,4.198228,1
3472,0.358805,1
3473,0.207549,1
3474,2.267278,1
3475,0.241082,1
3476,0.098872,0
3477,3.746101,0
3478,0.292427,0
3479,1.705652,1
3480,3.333322,0
3481,0.146185,1
3482,0.145996,1
3483,4.372455,1
3484,3.070366,0
3485,0.454206,1
3486,1.790634,1
3487,0.41462,1
3488,0.593053,1
3489,0.841631,0
3490,3.333683,0
3491,3.388167,0
3492,4.600644,0
3493,3.473607,0
3494,3.605412,1
3495,0.183409,1
3496,0.988916,0
3497,0.575291,0
3498,3.864204,1
3499,1.398,1
3500,4.082283,0
3501,3.839748,0
3502,0.128342,1
3503,4.244126,0
3504,0.540453,0
3505,3.9924,0
3506,3.521349,0
3507,0.151965,0
3508,1.125947,1
3509,3.586062,0
3510,4.197412,0
3511,1.25778,1
3512,2.802441,0
3513,0.154313,0
3514,0.119062,1
3515,0.130266,1
3516,4.579428,0
3517,2.172341,0
3518,0.178213,1
3519,3.392776,0
3520,3.26234,0
3521,2.933131,0
3522,3.504632,1
3523,1.776585,1
3524,0.237085,0
3525,0.350865,1
3526,4.696622,0
3527,3.839365,0
3528,5.457354,0
3529,3.247936,1
3530,0.326633,0
3531,0.172921,0
3532,0.138932,1
3533,0.241288,0
3534,0.152203,1
3535,0.211178,1
3536,2.909213,0
3537,1.02922,1
3538,0.689605,1
3539,3.836128,1
3540,0.438716,1
3541,2.627623,0
3542,0.648028,0
3543,3.254742,1
3544,0.647639,1
3545,0.405497,0
3546,1.095721,0
3547,0.166682,1
3548,0.703003,1
3549,4.632727,0
3550,4.339544,0
3551,0.443003,1
3552,3.961394,0
3553,1.879555,0
3554,5.30168,0
3555,2.756152,1
3556,3.933442,1
3557,3.823991,0
3558,0.618711,1
3559,0.444068,0
3560,1.63515,0
3561,0.261355,0
3562,0.215882,1
3563,2.411586,0
3564,0.255068,1
3565,1.807096,0
3566,0.567064,0
3567,0.290833,1
3568,0.531261,1
3569,0.243286,0
3570,2.087181,1
3571,0.124801,0
3572,3.06339,0
3573,0.905423,1
3574,2.674487,0
3575,0.152893,0
3576,0.227741,1
3577,4.108743,0
3578,0.585875,0
3579,3.347215,0
3580,0.067986,1
3581,2.242321,0
3582,4.268898,0
3583,0.260374,1
3584,0.39146,1
3585,0.446747,0
3586,2.428934,0
3587,3.590132,1
3588,0.944951,0
3589,3.407233,1
3590,1.865129,0
3591,0.204194,1
3592,3.93781,0
3593,1.543622,1
3594,0.194655,0
3595,2.72338,0
3596,4.149001,0
3597,3.721302,0
3598,3.788629,1
3599,2.916991,0
3600,0.826918,1
3601,1.286759,0
3602,0.470902,1
3603,4.227776,0
3604,3.389769,1
3605,4.278477,0
3606,0.695361,0
3607,0.155833,0
3608,4.267039,0
3609,1.057827,0
3610,0.229483,0
3611,2.59019,0
3612,0.613504,0
3613,0.473333,1
3614,0.17805,1
3615,0.464191,0
3616,0.847243,0
3617,1.940338,1
3618,3.856816,0
3619,0.26694,0
3620,0.368384,0
3621,0.785651,1
3622,4.331134,1
3623,3.113955,0
3624,4.762688,0
3625,0.149743,0
3626,1.483411,1
3627,3.089119,1
3628,0.371407,1
3629,0.483611,1
3630,0.312267,1
3631,1.316413,0
3632,0.475532,1
3633,0.434383,0
3634,1.964568,0
3635,0.797961,1
3636,5.018715,1
3637,0.231203,0
3638,4.03958,0
3639,5.166909,1
3640,0.247339,1
3641,0.186395,1
3642,0.722627,0
3643,3.264265,1
3644,3.8127,0
3645,0.345965,1
3646,4.169271,0
3647,0.194634,1
3648,0.873824,1
3649,0.743625,0
3650,0.733845,1
3651,1.102908,0
3652,0.59002,1
3653,0.747982,1
3654,0.224537,1
3655,1.988878,1
3656,1.190023,0
3657,3.329437,0
3658,2.346488,1
3659,3.101367,0
3660,4.310975,1
3661,3.633211,0
3662,3.392319,0
3663,3.17267,0
3664,3.482352,1
3665,1.666001,1
3666,0.995645,1
3667,4.511048,0
3668,2.404654,0
3669,1.221876,0
3670,0.103564,0
3671,0.287368,0
3672,0.203835,1
3673,0.232352,1
3674,0.125822,0
3675,0.977747,0
3676,3.653134,0
3677,1.116403,1
3678,3.238214,0
3679,0.197531,1
3680,0.913053,1
3681,2.925342,0
3682,0.196378,0
3683,0.66124,0
3684,0.15343,1
3685,3.286787,0
3686,1.052579,1
3687,2.816752,0
3688,2.237185,0
3689,0.278774,1
3690,0.244856,1
3691,1.132752,0
3692,0.129397,1
3693,0.602092,0
3694,2.087704,0
3695,2.656096,1
3696,0.528673,0
3697,0.243383,1
3698,5.218318,0
3699,2.894898,0
3700,3.820338,0
3701,0.342196,1
3702,0.312506,1
3703,2.781938,0
3704,0.553542,1
3705,0.414599,0
3706,0.159337,1
3707,0.3203,1
3708,2.003567,0
3709,3.236563,1
3710,2.180894,0
3711,2.762376,0
3712,1.63657,0
3713,3.431559,1
3714,2.531507,1
3715,0.35175,1
3716,0.15295,1
3717,4.380253,0
3718,0.2455,0
3719,2.282719,0
3720,3.173321,0
3721,3.738248,0
3722,0.277898,0
3723,0.388288,1
3724,4.309175,1
3725,1.554332,1
3726,3.253293,0
3727,0.561761,0
3728,1.829423,0
3729,3.458964,0
3730,4.572798,1
3731,0.199174,0
3732,1.424521,1
3733,0.27649,1
3734,0.40641,0
3735,3.896781,0
3736,0.372018,0
3737,0.59111,1
3738,1.707662,0
3739,3.19733,1
3740,4.047279,0
3741,3.728606,0
3742,3.381202,0
3743,3.541366,0
3744,1.464969,1
3745,0.280929,1
3746,0.173893,1
3747,0.135482,1
3748,2.88297,0
3749,0.876817,0
3750,0.454072,1
3751,3.994242,1
3752,0.318731,1
3753,1.004734,0
3754,1.83942,1
3755,3.104285,1
3756,5.29823,0
3757,0.6949,0
3758,3.888278,0
3759,0.621711,0
3760,3.697158,0
3761,3.087374,0
3762,1.346696,1
3763,3.665599,0
3764,2.214901,0
3765,3.420005,1
3766,0.167139,1
3767,0.32968,1
3768,1.211485,1
3769,0.411792,1
3770,0.250542,0
3771,4.12147,0
3772,4.424175,0
3773,0.134752,1
3774,3.802481,0
3775,3.195789,0
3776,0.286504,1
3777,1.408165,1
3778,0.223426,0
3779,0.652526,1
3780,0.239009,0
3781,2.4403,1
3782,0.196608,1
3783,3.899544,1
3784,4.805508,0
3785,4.518889,0
3786,0.992726,1
3787,3.550571,0
3788,0.193416,1
3789,2.973963,0
3790,2.277078,1
3791,4.016801,0
3792,1.433322,1
3793,0.938531,1
3794,2.911393,0
3795,3.64888,1
3796,2.496638,0
3797,3.801798,0
3798,0.437119,1
3799,3.624198,0
3800,0.75405,1
3801,2.571516,1
3802,0.737724,1
3803,0.954705,1
3804,1.077266,0
3805,0.210544,1
3806,3.286197,1
3807,0.210805,1
3808,0.358194,1
3809,5.57646,1
3810,1.768154,0
3811,3.128054,0
3812,4.349146,1
3813,2.620226,0
3814,3.234132,1
3815,1.347741,1
3816,0.342279,0
3817,5.820999,1
3818,1.928834,1
3819,3.479837,0
3820,3.362319,0
3821,0.493523,1
3822,0.734668,0
3823,1.070039,1
3824,2.707251,0
3825,0.186037,1
3826,3.42295,0
3827,2.363873,0
3828,3.656423,1
3829,0.472789,1
3830,1.620648,1
3831,0.720288,0
3832,0.23978,1
3833,3.672406,0
3834,0.316611,1
3835,1.110781,1
3836,0.558291,0
3837,5.162923,1
3838,4.651827,0
3839,0.214743,1
3840,0.684016,0
3841,4.033566,1
3842,3.708164,0
3843,0.530532,0
3844,0.363136,1
3845,1.308131,1
3846,0.591472,0
3847,3.249529,0
3848,1.410064,0
3849,2.301547,0
3850,0.571948,0
3851,0.44727,1
3852,0.319934,1
3853,0.172612,1
3854,0.301137,1
3855,4.476309,1
3856,1.192796,1
3857,3.412675,0
3858,0.335272,1
3859,0.869696,0
3860,0.25864,1
3861,0.360547,1
3862,0.611623,0
3863,4.337687,0
3864,3.148782,0
3865,2.701158,0
3866,3.643261,1
3867,3.841332,1
3868,3.570674,0
3869,3.715633,0
3870,0.675544,0
3871,0.160595,1
3872,2.577852,0
3873,3.323683,1
3874,0.374989,0
3875,2.487762,0
3876,0.12878,1
3877,0.188768,1
3878,0.240923,0
3879,1.297936,1
3880,4.268191,0
3881,3.267155,1
3882,0.645398,0
3883,1.858037,1
3884,4.028428,0
3885,5.531417,0
3886,0.154192,1
3887,0.383175,0
3888,4.014506,0
3889,3.135515,0
3890,0.188262,1
3891,1.093231,1
3892,0.596364,0
3893,4.586339,1
3894,4.370595,0
3895,2.296482,0
3896,0.382435,0
3897,2.356037,0
3898,2.235916,0
3899,3.058314,0
3900,0.436037,0
3901,3.30591,1
3902,0.241952,0
3903,6.118623,0
3904,4.054379,1
3905,0.329646,0
3906,0.160691,1
3907,5.609993,1
3908,2.863281,0
3909,0.597602,0
3910,0.935975,0
3911,0.520244,0
3912,0.993226,1
3913,3.095151,0
3914,0.160013,1
3915,0.177011,1
3916,5.849176,1
3917,0.496867,0
3918,0.788862,1
3919,3.579421,0
3920,3.847952,0
3921,2.390275,0
3922,1.791279,1
3923,2.187288,0
3924,5.294113,1
3925,1.297462,1
3926,3.151432,0
3927,2.708032,0
3928,0.26796,1
3929,1.596185,0
3930,3.813004,0
3931,1.638805,0
3932,0.102072,1
3933,0.974393,1
3934,1.074988,1
3935,1.791077,1
3936,0.229354,1
3937,0.081216,1
3938,3.461064,0
3939,2.993515,0
3940,3.464858,1
3941,0.546227,1
3942,0.977574,1
3943,0.160353,1
3944,4.307616,1
3945,3.76413,0
3946,1.187289,1
3947,0.535067,0
3948,0.531787,1
3949,3.023922,0
3950,0.538416,1
3951,0.205777,1
3952,0.303598,0
3953,0.368238,0
3954,4.717474,0
3955,3.654685,0
3956,0.157732,0
3957,0.473802,1
3958,1.778088,1
3959,0.152709,1
3960,3.645823,1
3961,1.690324,0
3962,0.425836,0
3963,4.026284,1
3964,2.322763,1
3965,0.165954,1
3966,0.119315,1
3967,4.592721,1
3968,4.623522,1
3969,3.055066,0
3970,4.719805,0
3971,3.012795,1
3972,1.897312,0
3973,0.281108,1
3974,4.474625,1
3975,0.164781,1
3976,0.123427,0
3977,0.917761,1
3978,3.585064,0
3979,3.859666,0
3980,0.156151,0
3981,3.551287,0
3982,1.789408,0
3983,3.826207,0
3984,4.454043,1
3985,0.587479,0
3986,0.732692,0
3987,3.894127,0
3988,1.072386,0
3989,3.338456,0
3990,2.014391,0
3991,4.824663,0
3992,0.418883,1
3993,0.194791,1
3994,3.001574,0
3995,0.252419,0
3996,4.429876,1
3997,4.112168,1
3998,4.213652,0
3999,1.767801,1
4000,0.25988,1
4001,3.861383,0
4002,0.194711,1
4003,1.054757,1
4004,4.17522,0
4005,0.504512,0
4006,1.308703,1
4007,0.675747,0
4008,0.293741,1
4009,3.931394,0
4010,2.103583,0
4011,0.316714,1
4012,3.558357,1
4013,0.502422,0
4014,0.184562,1
4015,3.33481,0
4016,0.268679,0
4017,0.25363,1
4018,1.973394,0
4019,4.564127,0
4020,3.943554,0
4021,2.864886,1
4022,0.464835,0
4023,1.431065,1
4024,0.233639,1
4025,0.166466,1
4026,0.987932,0
4027,1.403889,1
4028,3.648608,1
4029,0.548489,1
4030,2.54403,1
4031,0.19493,1
4032,1.112872,1
4033,2.690722,0
4034,3.176179,1
4035,4.614149,0
4036,3.486364,1
4037,0.651273,1
4038,0.996706,0
4039,0.707476,1
4040,0.320291,1
4041,1.742838,0
4042,3.753925,0
4043,0.70411,0
4044,0.428659,1
4045,0.680222,1
4046,4.329546,0
4047,0.597205,0
4048,3.34479,1
4049,2.353069,0
4050,0.980102,1
4051,3.945949,0
4052,4.062016,0
4053,3.432688,1
4054,2.42889,0
4055,0.657972,0
4056,2.993714,1
4057,4.256097,1
4058,1.033914,0
4059,0.123461,0
4060,0.403678,1
4061,1.0192,1
4062,2.518866,0
4063,1.682268,1
4064,1.863352,1
4065,1.062423,1
4066,0.195161,1
4067,0.145087,1
4068,4.219761,0
4069,0.210758,0
4070,0.964793,1
4071,4.618809,1
4072,0.297767,1
4073,2.751262,1
4074,1.285543,0
4075,2.816221,0
4076,3.448625,0
4077,4.235257,0
4078,0.169976,0
4079,3.28931,0
4080,0.30385,1
4081,0.15417,0
4082,4.637561,0
4083,0.117753,1
4084,0.144642,1
4085,4.05732,0
4086,0.138845,0
4087,0.559621,0
4088,0.18957,0
4089,0.510429,0
4090,0.853239,1
4091,1.253538,1
4092,2.36021,0
4093,2.892639,0
4094,1.781348,0
4095,2.789496,0
4096,0.77774,0
4097,3.631886,0
4098,1.25049,1
4099,1.133785,1
4100,5.422878,1
4101,4.438718,0
4102,1.576628,1
4103,3.470831,0
4104,4.301996,0
4105,2.320534,0
4106,0.118931,0
4107,3.859793,0
4108,0.293451,0
4109,3.648698,1
4110,0.225665,0
4111,0.426572,0
4112,0.158519,0
4113,0.182699,0
4114,3.264849,0
4115,0.977715,1
4116,4.587285,0
4117,0.180459,0
4118,0.24643,0
4119,1.312172,1
4120,0.21036,0
4121,3.605954,0
4122,0.816494,1
4123,0.316998,1
4124,0.236133,1
4125,5.002173,0
4126,0.227617,0
4127,0.074248,1
4128,3.887012,0
4129,4.538878,1
4130,0.220231,1
4131,0.543515,0
4132,2.268066,0
4133,4.083847,0
4134,0.264311,0
4135,0.171082,0
4136,0.803013,1
4137,0.888258,1
4138,0.11167,1
4139,0.190155,1
4140,5.140591,1
4141,4.968253,0
4142,2.963339,1
4143,1.985771,1
4144,3.376896,0
4145,4.357489,0
4146,3.317491,0
4147,2.390854,0
4148,0.568075,0
4149,0.292466,1
4150,0.2179,0
4151,0.389981,0
4152,4.132403,0
4153,1.621667,1
4154,3.412437,1
4155,3.013617,1
4156,0.184461,1
4157,3.266331,0
4158,0.293455,1
4159,2.983168,0
4160,0.626599,0
4161,0.22817,1
4162,0.35412,1
4163,0.36631,1
4164,0.317975,0
4165,0.635188,0
4166,3.847686,0
4167,3.811465,1
4168,3.719541,1
4169,4.934232,1
4170,1.886271,1
4171,0.168007,0
4172,0.813828,0
4173,2.942278,1
4174,4.239834,0
4175,4.688406,0
4176,0.875268,0
4177,0.208781,1
4178,3.456589,0
4179,2.505375,0
4180,4.773758,0
4181,0.201359,1
4182,2.90357,0
4183,3.921697,0
4184,0.127847,1
4185,3.187138,0
4186,0.469679,0
4187,3.603029,0
4188,0.766977,0
4189,0.390036,1
4190,0.50834,1
4191,2.897372,0
4192,0.500584,1
4193,2.915557,0
4194,3.293602,0
4195,3.168211,1
4196,4.026422,0
4197,0.134898,1
4198,0.17411,0
4199,2.047341,1
4200,1.187675,1
4201,3.734856,0
4202,0.179827,1
4203,0.735434,1
4204,1.325909,0
4205,2.155508,1
4206,4.11923,0
4207,3.904406,0
4208,4.053118,0
4209,1.006176,0
4210,2.098946,0
4211,5.326102,0
4212,0.84991,0
4213,0.13976,1
4214,2.391728,0
4215,0.288751,0
4216,4.736434,0
4217,0.883469,1
4218,3.262494,0
4219,0.252419,0
4220,3.294921,1
4221,6.399551,0
4222,2.309613,1
4223,0.541142,1
4224,0.104973,0
4225,3.997373,0
4226,4.453448,0
4227,0.177031,1
4228,1.320302,0
4229,2.379535,0
4230,3.328904,1
4231,0.845039,0
4232,0.167962,1
4233,1.987326,1
4234,0.251391,1
4235,0.839746,1
4236,2.711037,0
4237,3.510867,0
4238,0.487877,1
4239,0.503992,1
4240,0.133556,1
4241,1.228692,1
4242,2.941711,0
4243,3.412459,0
4244,3.535441,0
4245,1.473386,1
4246,0.229014,1
4247,0.76695,1
4248,3.685728,0
4249,2.23035,1
4250,0.422419,1
4251,3.523326,0
4252,0.141019,1
4253,3.9683,0
4254,0.259183,0
4255,0.416482,0
4256,0.337509,1
4257,1.711993,1
4258,1.784713,0
4259,5.159564,0
4260,2.97714,1
4261,0.383973,1
4262,4.187679,1
4263,1.02282,1
4264,1.679068,0
4265,2.527843,0
4266,0.304523,1
4267,0.33787,1
4268,0.580824,0
4269,1.554506,0
4270,4.249597,1
4271,0.246727,1
4272,4.15531,0
4273,2.648271,0
4274,0.273225,1
4275,1.814557,1
4276,4.153292,0
4277,4.408637,0
4278,3.125737,1
4279,0.611201,1
4280,2.90107,1
4281,0.82132,0
4282,0.290375,1
4283,0.559706,0
4284,2.681041,1
4285,1.029209,0
4286,3.522768,0
4287,0.301812,1
4288,4.2772,1
4289,3.142447,0
4290,3.117307,0
4291,4.540462,0
4292,2.8919,0
4293,0.147835,1
4294,3.00778,0
4295,1.748191,1
4296,0.145685,0
4297,1.221935,1
4298,2.494281,1
4299,3.938635,1
4300,0.514667,1
4301,4.376609,1
4302,1.389185,1
4303,2.660795,0
4304,4.133038,1
4305,6.98756,0
4306,0.628777,0
4307,4.03457,0
4308,0.087644,0
4309,4.115323,0
4310,1.712435,1
4311,2.745178,1
4312,2.777701,0
4313,2.585032,0
4314,3.270268,0
4315,0.800036,1
4316,3.241213,1
4317,4.640798,1
4318,3.001694,0
4319,0.878282,0
4320,0.269855,0
4321,0.62191,1
4322,4.281936,1
4323,3.151647,0
4324,2.343309,1
4325,1.831495,0
4326,0.544573,0
4327,0.133456,1
4328,0.210739,0
4329,4.695413,1
4330,2.932023,1
4331,0.160361,0
4332,1.41595,0
4333,3.228159,0
4334,0.640929,0
4335,3.063133,1
4336,0.241679,1
4337,3.785457,0
4338,1.485644,0
4339,1.218023,0
4340,2.871585,0
4341,0.231208,1
4342,0.359892,0
4343,4.288853,1
4344,0.270835,0
4345,0.133719,0
4346,0.500906,1
4347,3.467587,1
4348,0.27831,1
4349,4.074723,0
4350,3.947532,0
4351,0.238348,1
4352,4.041509,0
4353,3.222778,0
4354,3.336341,0
4355,0.821512,0
4356,2.027264,1
4357,2.277914,1
4358,1.957977,0
4359,2.418784,1
4360,0.793821,0
4361,2.680972,0
4362,4.202064,1
4363,4.694439,1
4364,2.230256,1
4365,0.851804,1
4366,0.671709,0
4367,2.576393,0
4368,3.971292,0
4369,3.182624,0
4370,3.339522,0
4371,1.035439,1
4372,4.423616,0
4373,3.376462,0
4374,0.28954,1
4375,3.138634,1
4376,2.951355,0
4377,4.043949,1
4378,3.839848,0
4379,1.484387,1
4380,0.338196,1
4381,0.126698,0
4382,1.089497,0
4383,1.253912,1
4384,2.228812,0
4385,0.660906,1
4386,3.632079,1
4387,4.772151,1
4388,0.377375,1
4389,2.78515,0
4390,2.40634,0
4391,3.102499,0
4392,0.941491,1
4393,0.400984,0
4394,1.747891,0
4395,1.929047,1
4396,0.222347,1
4397,6.124414,1
4398,3.533594,0
4399,2.092864,1
4400,1.145332,0
4401,1.070548,1
4402,1.083645,0
4403,0.11413,1
4404,3.340168,0
4405,3.519794,0
4406,0.108638,1
4407,4.985214,1
4408,2.112159,1
4409,0.31299,0
4410,1.012378,0
4411,1.581785,0
4412,4.831927,0
4413,2.346032,0
4414,3.546242,0
4415,0.199414,1
4416,2.98525,0
4417,0.394696,1
4418,3.508289,0
4419,3.011846,0
4420,0.395858,1
4421,0.691225,1
4422,2.17633,0
4423,0.210167,1
4424,2.835948,0
4425,3.906799,0
4426,0.452774,0
4427,0.348439,1
4428,0.494463,1
4429,0.296791,1
4430,3.382495,0
4431,0.308165,1
4432,0.401288,0
4433,0.926764,1
4434,0.371582,1
4435,1.040649,0
4436,1.403691,1
4437,3.62225,0
4438,0.250596,0
4439,0.232246,0
4440,0.960994,0
4441,0.135331,0
4442,4.337378,0
4443,0.191102,0
4444,1.115865,0
4445,0.195581,0
4446,2.707717,1
4447,2.616312,0
4448,0.35687,0
4449,4.449371,0
4450,0.502858,0
4451,1.620912,0
4452,2.784442,0
4453,1.096781,1
4454,4.010346,1
4455,3.422055,1
4456,0.212873,0
4457,2.339008,0
4458,2.39682,0
4459,0.312655,1
4460,3.082124,0
4461,1.114636,0
4462,0.144164,0
4463,2.204024,0
4464,0.200504,1
4465,4.305351,0
4466,0.952136,1
4467,3.371321,0
4468,0.79803,1
4469,5.281871,0
4470,4.153902,0
4471,1.510769,0
4472,3.325425,1
4473,2.465666,1
4474,0.270116,0
4475,0.143872,0
4476,3.289453,0
4477,3.266907,1
4478,0.477608,1
4479,2.484975,0
4480,0.565117,1
4481,2.381629,0
4482,0.1426,1
4483,4.624127,1
4484,0.202798,1
4485,4.3469,0
4486,0.109821,1
4487,0.132752,1
4488,2.926077,0
4489,3.294896,1
4490,0.401861,1
4491,3.179344,1
4492,3.09903,1
4493,5.44187,1
4494,2.205175,1
4495,0.187909,1
4496,3.414523,1
4497,2.439388,0
4498,4.132243,0
4499,0.400562,1
4500,0.430706,0
4501,0.315346,0
4502,0.969229,0
4503,3.131141,1
4504,0.477339,1
4505,4.62087,1
4506,2.124749,0
4507,2.917938,0
4508,3.376607,0
4509,2.51943,1
4510,3.355254,1
4511,0.113505,0
4512,0.344696,0
4513,0.387134,1
4514,0.313746,1
4515,2.992,0
4516,1.583488,0
4517,0.522485,0
4518,0.309235,0
4519,5.237647,1
4520,0.479496,0
4521,0.245446,1
4522,3.294597,0
4523,2.894825,0
4524,4.232557,0
4525,0.877848,0
4526,3.452913,0
4527,2.467623,0
4528,2.881721,0
4529,3.974258,1
4530,0.055905,0
4531,0.15329,1
4532,0.568117,0
4533,1.112274,0
4534,0.491017,1
4535,3.892524,0
4536,2.685579,0
4537,1.438641,1
4538,0.309819,1
4539,4.126777,0
4540,3.714561,1
4541,5.322571,0
4542,1.643828,1
4543,1.086221,1
4544,3.944372,0
4545,2.831314,0
4546,0.190639,0
4547,0.203698,1
4548,2.102993,1
4549,0.263681,0
4550,2.980027,0
4551,0.225697,1
4552,0.069546,0
4553,0.141313,0
4554,0.366447,1
4555,1.375156,1
4556,2.720881,1
4557,0.479516,1
4558,2.47815,1
4559,1.321659,1
4560,0.337067,1
4561,4.131051,0
4562,2.898229,1
4563,0.209529,1
4564,2.880077,0
4565,0.561022,1
4566,4.468977,1
4567,0.21839,1
4568,0.2226,1
4569,3.673681,0
4570,1.408013,1
4571,3.375139,0
4572,0.6034,0
4573,2.807337,1
4574,1.649815,1
4575,4.426956,0
4576,0.666548,1
4577,4.315387,0
4578,4.41871,1
4579,4.675643,0
4580,0.189772,1
4581,3.310875,1
4582,1.636951,1
4583,0.786409,0
4584,1.440181,0
4585,0.720451,1
4586,0.184017,1
4587,2.214827,0
4588,3.314731,1
4589,0.316443,0
4590,2.548542,0
4591,2.622449,1
4592,0.116518,0
4593,0.366968,0
4594,1.583278,1
4595,1.639925,0
4596,1.220095,1
4597,0.521856,1
4598,0.600638,0
4599,2.935869,0
4600,3.184538,0
4601,0.726429,0
4602,0.218826,1
4603,0.241728,1
4604,0.427254,0
4605,0.650882,0
4606,2.42937,1
4607,3.370338,0
4608,0.099613,0
4609,3.772065,1
4610,0.648751,1
4611,0.21562,1
4612,3.700915,0
4613,0.307253,0
4614,0.172515,1
4615,0.488704,1
4616,0.993395,0
4617,0.304719,0
4618,4.546102,1
4619,0.260374,1
4620,1.474061,1
4621,0.18374,0
4622,0.333942,0
4623,1.081828,0
4624,2.508176,0
4625,0.953963,1
4626,1.75091,1
4627,3.105484,0
4628,5.175147,0
4629,2.413449,0
4630,2.148175,0
4631,3.39671,1
4632,1.206003,1
4633,1.357025,0
4634,0.449189,1
4635,0.512603,0
4636,5.127669,1
4637,4.300535,1
4638,1.394729,1
4639,0.644242,1
4640,2.126846,0
4641,0.31192,1
4642,4.894963,1
4643,1.032858,0
4644,0.304345,1
4645,3.26078,0
4646,4.284275,1
4647,0.334651,0
4648,3.358658,0
4649,2.45477,0
4650,1.844281,0
4651,0.573673,1
4652,0.138172,0
4653,0.554691,1
4654,0.238915,1
4655,0.137876,1
4656,3.386511,0
4657,0.750366,0
4658,3.811373,1
4659,0.208684,0
4660,2.35704,1
4661,3.287116,0
4662,0.166869,1
4663,0.268944,1
4664,1.242023,1
4665,0.124145,0
4666,0.46837,0
4667,0.815933,1
4668,0.20265,1
4669,1.721572,0
4670,0.229621,0
4671,3.795573,1
4672,3.929786,0
4673,3.598084,0
4674,0.369827,0
4675,0.288488,1
4676,6.919155,1
4677,0.409716,0
4678,2.08064,0
4679,2.909398,1
4680,3.502017,0
4681,0.466017,1
4682,1.299737,1
4683,0.120894,0
4684,4.824398,1
4685,0.393291,1
4686,3.783221,1
4687,2.94044,1
4688,2.746216,0
4689,0.282829,1
4690,1.345421,1
4691,2.182733,1
4692,2.602932,0
4693,0.235827,0
4694,3.389583,0
4695,0.911878,0
4696,2.994892,0
4697,1.544226,0
4698,3.159745,0
4699,0.246468,1
4700,0.367031,0
4701,4.510644,0
4702,2.709947,0
4703,1.757546,1
4704,3.733439,1
4705,0.676692,1
4706,0.142523,1
4707,1.854347,1
4708,0.197909,1
4709,1.344291,0
4710,1.713447,0
4711,3.210364,1
4712,3.063393,0
4713,2.955901,1
4714,2.109623,0
4715,0.956746,1
4716,2.916039,1
4717,0.647246,1
4718,0.614832,1
4719,3.727637,0
4720,3.662881,0
4721,0.123082,0
4722,4.059233,0
4723,0.19107,1
4724,4.796335,0
4725,4.837539,1
4726,4.714227,1
4727,3.053441,0
4728,0.156699,1
4729,0.477816,0
4730,2.542399,1
4731,2.32761,0
4732,0.229363,0
4733,0.15608,0
4734,0.210052,1
4735,4.677428,1
4736,3.82444,0
4737,3.404494,0
4738,0.341587,1
4739,0.226216,0
4740,1.378962,1
4741,2.509332,0
4742,2.666361,1
4743,1.278859,1
4744,0.477424,1
4745,2.185787,0
4746,0.538613,1
4747,0.178893,1
4748,0.437328,1
4749,2.961033,0
4750,1.309685,0
4751,5.995679,1
4752,1.674678,1
4753,2.257631,0
4754,3.823067,1
4755,2.788121,0
4756,0.491773,0
4757,0.210015,0
4758,0.551011,1
4759,0.205139,1
4760,3.809428,1
4761,3.196517,1
4762,0.809554,1
4763,3.119961,1
4764,0.180083,1
4765,0.195878,0
4766,3.687374,0
4767,0.25967,1
4768,2.969924,1
4769,1.664099,0
4770,3.516654,0
4771,0.130461,1
4772,0.099078,0
4773,3.114859,1
4774,0.410778,0
4775,2.672939,0
4776,3.033761,0
4777,4.710614,1
4778,5.474871,0
4779,0.633828,1
4780,1.084056,1
4781,0.483718,0
4782,4.890749,0
4783,0.537569,1
4784,0.249304,1
4785,0.58924,1
4786,3.551002,0
4787,0.794,0
4788,3.762972,0
4789,0.143948,1
4790,1.090622,1
4791,0.251832,0
4792,0.16831,1
4793,0.201724,1
4794,5.202849,0
4795,0.770168,1
4796,3.702654,0
4797,0.507557,0
4798,1.63121,0
4799,0.131047,1
4800,1.11089,1
4801,4.598533,1
4802,0.955938,0
4803,0.32126,1
4804,4.273742,0
4805,2.879416,1
4806,0.296533,0
4807,7.157218,0
4808,4.263353,1
4809,0.32348,1
4810,0.196354,1
4811,4.948185,1
4812,0.932187,0
4813,3.568988,1
4814,1.75506,0
4815,2.728561,1
4816,3.817306,0
4817,0.322194,0
4818,0.456484,0
4819,1.514423,0
4820,1.499558,1
4821,3.984902,0
4822,3.094081,0
4823,0.135349,1
4824,2.450193,0
4825,3.839226,1
4826,5.560165,1
4827,1.962023,0
4828,3.090858,1
4829,1.881359,1
4830,0.531632,0
4831,0.413304,1
4832,0.33802,1
4833,1.221218,1
4834,0.261086,0
4835,1.349809,0
4836,0.379847,1
4837,2.872863,0
4838,0.17745,0
4839,2.596678,0
4840,0.633312,1
4841,4.550791,0
4842,3.219205,0
4843,0.115998,1
4844,3.882978,0
4845,1.163548,1
4846,4.218747,0
4847,1.839743,1
4848,0.196582,1
4849,0.384736,1
4850,2.302959,1
4851,0.600285,1
4852,3.944647,0
4853,0.609007,1
4854,0.494027,0
4855,4.488306,1
4856,3.085144,0
4857,0.794303,1
4858,0.153089,0
4859,0.58574,0
4860,0.836051,1
4861,4.504921,0
4862,0.227726,1
4863,0.227712,1
4864,1.770211,1
4865,0.586953,1
4866,0.14669,0
4867,3.648754,1
4868,0.346791,1
4869,1.854205,0
4870,2.764704,0
4871,5.088294,1
4872,3.738559,0
4873,4.753642,0
4874,3.004141,1
4875,4.088384,0
4876,0.104135,1
4877,3.216094,1
4878,5.255753,0
4879,2.258126,1
4880,0.596952,1
4881,0.124729,1
4882,4.076945,0
4883,4.517786,1
4884,1.589168,0
4885,1.04559,1
4886,0.70295,0
4887,1.767901,0
4888,1.475783,1
4889,6.701827,1
4890,1.251537,1
4891,3.458239,1
4892,0.322593,1
4893,3.350602,0
4894,3.435131,0
4895,2.575845,1
4896,0.159199,0
4897,0.873512,1
4898,3.862696,0
4899,5.437832,0
4900,1.443288,0
4901,0.162695,0
4902,1.758638,1
4903,0.765008,1
4904,0.21421,1
4905,0.135825,1
4906,4.561192,0
4907,1.464507,1
4908,0.714407,0
4909,1.006897,0
4910,0.350072,0
4911,0.16924,1
4912,0.334762,0
4913,1.030468,1
4914,3.835846,0
4915,4.028045,0
4916,0.186501,0
4917,0.355877,0
4918,3.711318,0
4919,3.01518,0
4920,0.149607,1
4921,0.044234,0
4922,3.506836,1
4923,4.473292,0
4924,4.335815,1
4925,1.2458,0
4926,0.182527,0
4927,2.664365,0
4928,0.526158,1
4929,4.123807,0
4930,3.668968,0
4931,0.296582,0
4932,3.414883,0
4933,2.484057,1
4934,0.901938,0
4935,3.840521,0
4936,3.303707,1
4937,4.715317,0
4938,3.20542,0
4939,0.438377,0
4940,0.584911,0
4941,0.135664,1
4942,0.86272,1
4943,1.285435,1
4944,0.94213,1
4945,4.387242,0
4946,3.421092,0
4947,4.009921,1
4948,0.135591,1
4949,3.151246,0
4950,2.439762,1
4951,0.198805,0
4952,0.394589,0
4953,0.571106,0
4954,0.240749,0
4955,0.702502,0
4956,0.103631,1
4957,1.670854,0
4958,1.68826,1
4959,3.462188,1
4960,0.308728,1
4961,3.635974,1
4962,0.138872,1
4963,0.578889,1
4964,2.139057,1
4965,1.796142,1
4966,3.495709,0
4967,0.275533,1
4968,1.803325,1
4969,0.166869,1
4970,0.557567,0
4971,0.596823,1
4972,0.28638,1
4973,3.882575,0
4974,0.305932,1
4975,0.40091,0
4976,3.471951,1
4977,0.283143,0
4978,2.746168,0
4979,4.06024,0
4980,0.132758,1
4981,1.577075,1
4982,0.482691,1
4983,5.054114,0
4984,0.285811,1
4985,5.817248,0
4986,4.146029,0
4987,3.85792,1
4988,1.023015,0
4989,0.271715,1
4990,3.518373,0
4991,0.430862,0
4992,0.588137,1
4993,0.124078,1
4994,3.862862,0
4995,2.829551,0
4996,3.821166,1
4997,2.007978,0
4998,3.830385,1
4999,4.070821,0
5000,3.115801,1
5001,3.954843,0
5002,2.541817,1
5003,3.889317,0
5004,5.020102,0
5005,0.15492,0
5006,3.363954,1
5007,1.547262,0
5008,3.827559,0
5009,4.773902,0
5010,3.187984,1
5011,0.110863,1
5012,3.762191,1
5013,0.170299,0
5014,0.733982,1
5015,0.806,0
5016,0.289518,0
5017,0.130007,0
5018,5.010699,0
5019,1.104404,0
5020,0.288084,1
5021,2.954787,0
5022,0.17209,0
5023,1.606731,1
5024,3.615278,0
5025,0.120896,0
5026,0.192093,1
5027,2.650367,0
5028,1.172247,1
5029,0.157978,1
5030,2.547646,0
5031,3.890627,0
5032,3.244524,0
5033,4.060385,0
5034,4.402458,0
5035,0.080653,1
5036,0.738175,0
5037,0.433253,0
5038,0.252502,0
5039,0.788728,1
5040,0.282044,0
5041,4.948435,0
5042,0.302708,0
5043,0.922657,0
5044,0.209043,1
5045,0.287754,0
5046,3.906749,0
5047,4.067741,0
5048,0.367292,1
5049,3.18762,0
5050,3.771184,1
5051,0.170572,0
5052,5.656521,0
5053,2.72543,0
5054,0.161398,1
5055,2.770634,0
5056,1.503666,0
5057,3.813069,1
5058,4.743601,1
5059,1.730122,1
5060,1.696354,1
5061,1.571031,0
5062,0.270293,1
5063,2.517646,1
5064,4.48398,0
5065,2.970969,0
5066,1.325529,0
5067,3.124043,0
5068,4.444144,1
5069,2.819925,0
5070,0.272891,1
5071,0.068866,0
5072,2.78151,0
5073,0.709624,1
5074,2.971081,0
5075,0.200245,1
5076,1.747986,1
5077,1.935991,0
5078,0.150364,1
5079,0.169389,1
5080,0.578485,1
5081,0.170396,1
5082,0.185371,1
5083,4.176414,0
5084,1.271988,0
5085,0.599871,1
5086,3.562567,1
5087,0.4499,0
5088,4.514214,1
5089,4.400117,1
5090,0.473827,1
5091,1.885368,1
5092,0.159764,0
5093,3.141471,0
5094,3.005258,0
5095,2.85519,0
5096,2.230533,0
5097,0.336334,0
5098,0.215391,0
5099,3.023914,0
5100,0.106792,1
5101,0.133109,1
5102,1.876207,1
5103,0.212353,0
5104,3.71125,1
5105,0.187181,1
5106,1.899874,0
5107,3.447025,0
5108,1.811707,0
5109,3.855372,0
5110,1.336524,1
5111,3.657752,0
5112,4.16412,0
5113,4.931701,1
5114,2.659633,0
5115,3.974923,0
5116,2.349017,1
5117,1.3695,0
5118,2.779267,0
5119,4.089245,0
5120,4.267893,0
5121,1.309485,0
5122,0.317473,0
5123,3.260868,0
5124,0.976528,1
5125,0.188001,1
5126,4.021292,0
5127,3.720235,0
5128,2.777364,0
5129,0.167163,1
5130,2.549347,0
5131,3.271863,0
5132,0.136819,0
5133,0.110007,0
5134,4.694878,1
5135,0.493732,1
5136,2.34139,1
5137,4.990167,1
5138,3.702624,1
5139,1.930451,1
5140,0.798633,1
5141,1.851006,1
5142,0.222018,1
5143,0.547475,1
5144,0.567515,1
5145,0.631144,0
5146,4.632891,1
5147,1.25274,0
5148,2.241675,0
5149,5.066942,0
5150,3.16357,0
5151,0.19105,1
5152,2.402982,0
5153,5.588446,0
5154,0.234896,0
5155,0.599092,0
5156,0.276664,1
5157,0.482973,0
5158,0.674479,0
5159,0.262487,1
5160,0.17018,0
5161,3.161055,1
5162,0.669206,1
5163,0.595585,1
5164,1.271065,1
5165,3.843771,0
5166,1.69682,0
5167,0.167071,1
5168,0.5036,0
5169,0.847472,1
5170,0.222458,1
5171,0.291528,0
5172,0.65938,1
5173,2.770495,1
5174,0.304614,1
5175,2.813829,0
5176,0.568714,0
5177,4.001826,0
5178,3.351335,0
5179,0.478932,0
5180,3.376621,0
5181,0.154365,0
5182,3.511487,1
5183,3.783336,1
5184,0.544497,0
5185,0.269147,0
5186,0.263227,0
5187,2.133256,0
5188,0.684219,1
5189,3.909873,0
5190,0.526965,1
5191,3.590317,1
5192,3.14667,0
5193,4.229951,1
5194,3.277059,0
5195,3.896967,0
5196,0.844079,0
5197,0.772369,0
5198,0.918809,1
5199,3.823114,0
5200,4.617652,1
5201,0.968756,1
5202,0.456277,0
5203,2.203889,0
5204,0.207588,1
5205,0.165566,0
5206,1.006584,1
5207,0.59712,0
5208,1.825787,1
5209,1.743554,0
5210,3.854996,0
5211,0.111298,0
5212,0.632939,1
5213,4.178943,1
5214,2.603435,0
5215,1.073372,1
5216,0.268599,1
5217,0.354166,1
5218,0.336343,0
5219,0.278701,0
5220,1.851018,0
5221,2.513407,0
5222,0.114565,1
5223,0.562285,1
5224,2.187022,1
5225,0.340283,0
5226,4.474202,0
5227,0.150263,1
5228,0.359356,0
5229,2.312289,0
5230,0.267641,0
5231,2.48549,1
5232,1.673575,1
5233,1.712109,0
5234,1.733419,0
5235,0.418402,1
5236,0.947051,0
5237,0.19442,1
5238,1.375151,1
5239,2.736784,1
5240,3.646851,0
5241,4.997614,0
5242,2.479683,0
5243,0.54746,0
5244,1.764905,1
5245,5.177364,1
5246,0.188779,1
5247,0.130688,0
5248,1.33971,1
5249,3.681017,1
5250,3.964099,0
5251,2.458201,0
5252,0.110737,1
5253,0.280909,0
5254,2.821613,1
5255,3.394859,1
5256,3.839686,1
5257,0.141066,0
5258,0.210799,0
5259,3.989214,1
5260,3.274772,0
5261,3.195927,0
5262,0.348496,1
5263,4.179819,0
5264,3.988186,0
5265,0.899006,1
5266,3.843033,0
5267,4.495409,1
5268,3.228718,0
5269,2.794255,1
5270,0.298551,1
5271,1.124303,0
5272,0.556,1
5273,3.928504,0
5274,3.08924,0
5275,3.030297,1
5276,2.214558,0
5277,3.463113,1
5278,0.266404,1
5279,0.467714,1
5280,0.95368,1
5281,0.412476,1
5282,0.135027,0
5283,3.887254,0
5284,3.240582,0
5285,0.400219,0
5286,0.454044,1
5287,0.310569,1
5288,2.586299,1
5289,3.18832,0
5290,4.023497,1
5291,2.324716,1
5292,2.420105,1
5293,0.199783,1
5294,0.956238,1
5295,2.883482,0
5296,3.037278,0
5297,0.453222,1
5298,3.287479,0
5299,0.215705,1
5300,1.791305,0
5301,0.16916,1
5302,0.597133,1
5303,0.226009,0
5304,0.463526,0
5305,3.074275,0
5306,2.07939,0
5307,0.946678,0
5308,4.628639,0
5309,3.185605,0
5310,0.138147,1
5311,0.22829,1
5312,3.212724,0
5313,0.892479,0
5314,2.238245,0
5315,1.324329,1
5316,0.28247,1
5317,1.819038,0
5318,3.202607,1
5319,0.776718,1
5320,0.564261,0
5321,4.204758,0
5322,0.16187,0
5323,2.467272,0
5324,0.528933,1
5325,3.969738,1
5326,4.088867,0
5327,4.040255,0
5328,4.832733,0
5329,0.609366,1
5330,0.663472,1
5331,5.103617,0
5332,0.128247,1
5333,0.721969,1
5334,1.878172,1
5335,3.749199,1
5336,0.810281,0
5337,0.567619,0
5338,3.751446,0
5339,1.447919,0
5340,3.648769,0
5341,0.134851,1
5342,0.677191,1
5343,0.936115,1
5344,4.45787,0
5345,2.670782,0
5346,3.922162,1
5347,4.154734,0
5348,2.99993,0
5349,0.238019,1
5350,4.33853,1
5351,3.305302,0
5352,0.203389,1
5353,1.698701,1
5354,4.941683,0
5355,0.360507,1
5356,3.512878,0
5357,1.32139,0
5358,0.163255,1
5359,3.089934,1
5360,0.595806,1
5361,1.800769,0
5362,0.617958,1
5363,0.194094,1
5364,2.511426,0
5365,0.640279,1
5366,5.264752,1
5367,0.357058,0
5368,0.151458,1
5369,4.164354,1
5370,2.966741,1
5371,4.611337,0
5372,4.246053,0
5373,2.714731,1
5374,0.231011,1
5375,2.843473,0
5376,4.102188,0
5377,0.26664,1
5378,1.310634,1
5379,0.190575,1
5380,3.782841,0
5381,4.27036,0
5382,4.002972,0
5383,1.150859,1
5384,0.701484,0
5385,0.14518,0
5386,3.437919,1
5387,2.243297,0
5388,0.274102,0
5389,0.766551,1
5390,3.290444,0
5391,4.051732,1
5392,0.513263,1
5393,0.521751,0
5394,2.098933,1
5395,2.395037,0
5396,3.725475,0
5397,1.23355,0
5398,0.143923,0
5399,3.428684,1
5400,3.704118,0
5401,3.435493,1
5402,1.039194,1
5403,2.906013,0
5404,2.303426,0
5405,2.626029,1
5406,4.639263,0
5407,0.586627,0
5408,3.963463,0
5409,0.173725,1
5410,1.174658,1
5411,4.112675,0
5412,3.604515,0
5413,0.89603,1
5414,5.373871,0
5415,3.156705,0
5416,0.566437,1
5417,2.651752,0
5418,0.140411,1
5419,0.676426,0
5420,0.260078,1
5421,1.17397,0
5422,0.161032,0
5423,0.772289,1
5424,0.554402,1
5425,3.872459,0
5426,1.109484,1
5427,0.334066,0
5428,0.409276,1
5429,0.633414,1
5430,0.982023,0
5431,0.918023,0
5432,0.151124,1
5433,0.470403,0
5434,0.224908,1
5435,0.26764,0
5436,2.331167,0
5437,1.519255,1
5438,0.394727,1
5439,0.926806,1
5440,2.595596,0
5441,3.601514,0
5442,0.370202,1
5443,0.351779,1
5444,0.199088,1
5445,4.48677,0
5446,1.013121,1
5447,3.425669,0
5448,0.875429,0
5449,4.049606,1
5450,1.24118,0
5451,3.771764,1
5452,0.124536,0
5453,0.997123,1
5454,0.80569,1
5455,3.589112,0
5456,1.899078,1
5457,0.301062,1
5458,0.451377,0
5459,1.141483,1
5460,4.721851,1
5461,0.553592,0
5462,0.199701,0
5463,0.304789,0
5464,3.423266,1
5465,0.169773,1
5466,0.460296,0
5467,0.264491,0
5468,1.972093,0
5469,0.449484,1
5470,3.032515,0
5471,3.25105,0
5472,3.690297,0
5473,5.424673,0
5474,3.074719,0
5475,1.340632,1
5476,0.637914,0
5477,0.199063,0
5478,0.240895,1
5479,2.396944,0
5480,3.655424,0
5481,1.976182,1
5482,0.790833,0
5483,0.716163,0
5484,1.840191,0
5485,1.586549,1
5486,0.826959,1
5487,3.771174,0
5488,0.125057,1
5489,3.599208,0
5490,3.182623,0
5491,0.537462,0
5492,0.39771,1
5493,0.635638,1
5494,2.618464,0
5495,0.745199,1
5496,0.788526,1
5497,0.130875,1
5498,0.626985,0
5499,1.267797,1
5500,4.361831,1
5501,4.069052,1
5502,4.031024,0
5503,0.363709,1
5504,2.380107,1
5505,4.065272,0
5506,3.995436,0
5507,0.156021,1
5508,0.610511,1
5509,0.227584,0
5510,2.827014,1
5511,3.564027,0
5512,0.727241,1
5513,0.299075,1
5514,3.892025,0
5515,2.299566,0
5516,0.171229,1
5517,0.354615,1
5518,0.768643,1
5519,1.513234,0
5520,0.1687,0
5521,0.272132,0
5522,3.767045,1
5523,0.258034,1
5524,2.969916,0
5525,3.449277,1
5526,4.492291,0
5527,0.429878,1
5528,1.078682,1
5529,0.515712,0
5530,3.338484,1
5531,2.362141,0
5532,3.187186,1
5533,1.37621,1
5534,3.318401,1
5535,0.550713,1
5536,3.191195,0
5537,1.214008,1
5538,3.568262,0
5539,3.474627,0
5540,1.860793,0
5541,2.643332,0
5542,2.936246,0
5543,3.469782,0
5544,3.887996,1
5545,2.626093,1
5546,3.987416,0
5547,3.1881,0
5548,4.796672,0
5549,0.180341,0
5550,3.402761,0
5551,1.818464,0
5552,0.47126,0
5553,1.663135,1
5554,0.353855,0
5555,2.794603,0
5556,4.216277,1
5557,0.394867,0
5558,1.908893,1
5559,0.222783,1
5560,2.827673,0
5561,3.281692,0
5562,0.139157,0
5563,2.321696,0
5564,5.443456,1
5565,1.554044,0
5566,3.948074,0
5567,0.924752,1
5568,4.073569,0
5569,3.064489,1
5570,1.096524,1
5571,0.19397,0
5572,0.254707,1
5573,4.161645,0
5574,0.255633,1
5575,0.150354,1
5576,1.752301,0
5577,1.023028,1
5578,2.002791,1
5579,4.106398,0
5580,6.413526,1
5581,0.536009,1
5582,4.626384,0
5583,3.165792,1
5584,0.941438,0
5585,4.056547,0
5586,3.695913,0
5587,3.906916,0
5588,3.534321,0
5589,3.927167,0
5590,1.323246,1
5591,3.304361,0
5592,0.227315,1
5593,3.162771,1
5594,0.411509,0
5595,0.754182,0
5596,2.221613,1
5597,2.572073,1
5598,0.363189,0
5599,2.3703,0
5600,2.813703,0
5601,0.975974,1
5602,3.025757,1
5603,0.194773,1
5604,0.358859,0
5605,3.803293,0
5606,3.979941,1
5607,0.168799,1
5608,4.480867,1
5609,0.402592,0
5610,0.813172,0
5611,1.305891,1
5612,2.979196,0
5613,0.724589,1
5614,3.273509,1
5615,0.245442,1
5616,1.880948,0
5617,3.418094,1
5618,0.381348,0
5619,3.598596,0
5620,5.235271,1
5621,3.175383,0
5622,1.877223,1
5623,3.253823,1
5624,3.17296,0
5625,3.818437,0
5626,3.508661,0
5627,0.152945,1
5628,0.442169,1
5629,3.906378,0
5630,2.172593,0
5631,2.976633,0
5632,1.011373,1
5633,0.751964,1
5634,0.118122,0
5635,0.16833,0
5636,0.133662,0
5637,0.46028,1
5638,0.507221,1
5639,5.481929,1
5640,4.908551,1
5641,0.229184,1
5642,1.653614,1
5643,0.123832,0
5644,0.21111,1
5645,3.250735,0
5646,3.464639,0
5647,0.357848,1
5648,0.584488,1
5649,0.229029,1
5650,5.505861,0
5651,0.103181,0
5652,3.06573,1
5653,1.282179,1
5654,4.387403,0
5655,4.574278,1
5656,0.164893,1
5657,3.331615,1
5658,0.133993,1
5659,3.550115,1
5660,4.827253,1
5661,2.623807,1
5662,3.582918,1
5663,3.709925,0
5664,3.73383,0
5665,4.206253,1
5666,2.809701,0
5667,1.754192,1
5668,0.858153,0
5669,4.103897,0
5670,2.553619,0
5671,3.567768,1
5672,4.139182,0
5673,3.087679,0
5674,2.900642,1
5675,3.246463,0
5676,3.670626,0
5677,0.832723,1
5678,0.755116,1
5679,0.138474,0
5680,1.592613,1
5681,3.731576,1
5682,0.515113,1
5683,0.548485,1
5684,3.064898,1
5685,4.750783,1
5686,2.40015,0
5687,0.988674,1
5688,4.082896,0
5689,3.926759,0
5690,1.020813,0
5691,4.194737,1
5692,3.421972,1
5693,1.239899,1
5694,3.56689,1
5695,3.889143,0
5696,0.208127,1
5697,0.037354,1
5698,0.809036,0
5699,2.739231,0
5700,0.940779,0
5701,0.226268,0
5702,0.104787,1
5703,4.650394,1
5704,0.601373,1
5705,0.25076,0
5706,3.117337,0
5707,3.721368,0
5708,0.209682,1
5709,0.327422,0
5710,0.169763,1
5711,0.163917,0
5712,2.615327,1
5713,1.761705,1
5714,0.420705,1
5715,0.99433,0
5716,2.881646,1
5717,4.378792,0
5718,1.935856,1
5719,1.278556,1
5720,0.155114,0
5721,3.741621,0
5722,1.781882,1
5723,0.405813,1
5724,1.123676,0
5725,3.763198,0
5726,0.209226,0
5727,1.684353,0
5728,1.360167,0
5729,0.230107,0
5730,3.337467,0
5731,1.21431,1
5732,3.774606,1
5733,0.226044,0
5734,2.60871,1
5735,4.96657,0
5736,1.939779,0
5737,0.169901,0
5738,0.46936,1
5739,0.156176,1
5740,0.218188,1
5741,4.581607,0
5742,0.218173,0
5743,4.192377,1
5744,4.851161,1
5745,3.449636,0
5746,4.492319,1
5747,2.909454,1
5748,2.817496,1
5749,2.289069,0
5750,0.134545,1
5751,0.77706,1
5752,2.006553,0
5753,4.335491,0
5754,0.297177,0
5755,0.239787,0
5756,0.335441,1
5757,2.574599,0
5758,0.419048,0
5759,0.660854,0
5760,2.143268,0
5761,0.215245,1
5762,0.460026,0
5763,1.062584,1
5764,0.490386,1
5765,1.308887,1
5766,0.427695,1
5767,0.836253,1
5768,4.010106,0
5769,4.684603,0
5770,4.517604,0
5771,0.233645,1
5772,5.192422,0
5773,0.261157,1
5774,0.905687,0
5775,0.835274,0
5776,4.423062,0
5777,1.028869,1
5778,0.26323,1
5779,2.442196,0
5780,1.047586,0
5781,3.504072,0
5782,0.528628,0
5783,0.596764,1
5784,3.145345,0
5785,0.463599,1
5786,1.757757,0
5787,2.742926,1
5788,0.297226,1
5789,0.180851,1
5790,0.317666,0
5791,2.319607,0
5792,3.43772,1
5793,0.199235,0
5794,0.204241,1
5795,4.366176,0
5796,0.286019,1
5797,5.049685,0
5798,0.530345,1
5799,3.05873,0
5800,0.46721,1
5801,4.173707,0
5802,5.572606,0
5803,4.963993,0
5804,0.192445,0
5805,3.210864,1
5806,2.828787,1
5807,0.280309,1
5808,1.643541,1
5809,0.440363,1
5810,3.33449,1
5811,3.690312,1
5812,3.590286,1
5813,0.404766,1
5814,0.338988,0
5815,4.734893,0
5816,4.175159,0
5817,0.284396,1
5818,2.665149,0
5819,1.281465,1
5820,0.741025,0
5821,3.478942,0
5822,2.757701,0
5823,0.409717,1
5824,0.997209,1
5825,0.235281,1
5826,1.955379,1
5827,2.609993,0
5828,4.661989,1
5829,1.463653,1
5830,4.891654,1
5831,0.236069,0
5832,1.235389,0
5833,3.375424,1
5834,1.340868,1
5835,0.537059,1
5836,0.423749,1
5837,4.119482,0
5838,2.132779,1
5839,3.811538,0
5840,0.220015,1
5841,0.300683,0
5842,0.634676,0
5843,0.258586,0
5844,0.493264,1
5845,4.812056,0
5846,0.225065,1
5847,2.778221,0
5848,3.514189,0
5849,0.756794,0
5850,0.157798,1
5851,1.014413,1
5852,3.232139,0
5853,0.384787,0
5854,1.923358,0
5855,4.147075,0
5856,3.205418,0
5857,0.110564,1
5858,3.001365,0
5859,4.293623,1
5860,0.174363,1
5861,0.353497,1
5862,0.186655,1
5863,0.185022,1
5864,3.947578,0
5865,3.959037,1
5866,4.223411,0
5867,3.664026,1
5868,0.589607,1
5869,3.904855,1
5870,0.609055,1
5871,0.124547,0
5872,3.263278,0
5873,0.093578,0
5874,2.392289,1
5875,3.583371,0
5876,0.81171,1
5877,1.707458,0
5878,0.438789,1
5879,3.567111,0
5880,3.960362,0
5881,1.933529,1
5882,4.127706,1
5883,2.692333,0
5884,3.199731,0
5885,0.22684,0
5886,3.427121,1
5887,0.171425,1
5888,0.19075,0
5889,0.823733,0
5890,3.622877,1
5891,0.310771,1
5892,1.03378,1
5893,0.142887,1
5894,4.005459,1
5895,3.308691,0
5896,0.618918,1
5897,0.134356,0
5898,0.552495,0
5899,2.568038,0
5900,0.973966,1
5901,3.125477,0
5902,0.4256,0
5903,0.427287,1
5904,3.358395,0
5905,3.867028,1
5906,3.195926,0
5907,2.724831,0
5908,0.31484,1
5909,0.495489,1
5910,0.146053,0
5911,0.423264,1
5912,1.406872,0
5913,6.946903,1
5914,2.456302,1
5915,0.560429,1
5916,3.357565,0
5917,3.67811,1
5918,0.164506,0
5919,4.175021,0
5920,3.718644,0
5921,1.360822,1
5922,3.483721,1
5923,0.516111,1
5924,3.438288,1
5925,0.394074,1
5926,3.41427,0
5927,3.750062,1
5928,3.160322,0
5929,0.601481,0
5930,3.741137,0
5931,2.340987,1
5932,4.443579,0
5933,1.861588,1
5934,1.857956,0
5935,0.190847,1
5936,1.270364,1
5937,0.733885,0
5938,0.167138,1
5939,0.254031,1
5940,4.298565,1
5941,0.949629,1
5942,3.499753,0
5943,0.18209,1
5944,0.697543,0
5945,0.12954,0
5946,3.755418,0
5947,3.547787,1
5948,0.50132,0
5949,3.297247,1
5950,0.577291,1
5951,1.093507,1
5952,4.54519,0
5953,3.54787,0
5954,0.694551,0
5955,0.086576,0
5956,0.190076,1
5957,3.105672,0
5958,0.337166,0
5959,0.169059,1
5960,2.822913,0
5961,0.632685,1
5962,1.49586,1
5963,2.782897,1
5964,3.168493,0
5965,1.659502,1
5966,0.185021,1
5967,0.297948,1
5968,3.676992,0
5969,0.632792,1
5970,1.376684,1
5971,3.353082,0
5972,0.091328,0
5973,1.746242,1
5974,3.338785,1
5975,3.020041,0
5976,0.593641,1
5977,0.661561,1
5978,0.621858,0
5979,2.810997,0
5980,0.318585,1
5981,4.159093,0
5982,2.037751,1
5983,2.514747,0
5984,2.776682,0
5985,4.16483,0
5986,3.832696,0
5987,1.521549,0
5988,0.824596,0
5989,0.51228,1
5990,1.365395,1
5991,1.051893,1
5992,0.531415,0
5993,3.513402,1
5994,5.262862,0
5995,1.365364,0
5996,1.564188,0
5997,0.642498,1
5998,0.772278,0
5999,3.561781,1
6000,0.054779,0
6001,0.750805,1
6002,4.479419,0
6003,0.720829,0
6004,0.978817,0
6005,1.91261,1
6006,0.607777,0
6007,2.263308,0
6008,0.826488,1
6009,0.266693,0
6010,0.330685,1
6011,0.329735,0
6012,2.160536,1
6013,0.231109,1
6014,0.937066,1
6015,0.794486,0
6016,1.208983,0
6017,4.35364,0
6018,0.459139,1
6019,0.80556,1
6020,2.23258,0
6021,1.837173,1
6022,3.397011,1
6023,3.272226,0
6024,0.876154,1
6025,1.04267,1
6026,4.877995,0
6027,0.209384,0
6028,3.195186,1
6029,0.323541,0
6030,2.640774,1
6031,0.377171,1
6032,2.053985,0
6033,0.138386,1
6034,0.194315,1
6035,2.013084,1
6036,3.626981,1
6037,2.2182,0
6038,0.245401,1
6039,0.386728,1
6040,0.209293,1
6041,0.220158,1
6042,0.227953,1
6043,2.278374,0
6044,2.167763,0
6045,2.145841,1
6046,2.522667,0
6047,1.036108,0
6048,0.423669,0
6049,4.152418,0
6050,0.558395,0
6051,0.268877,0
6052,0.070256,1
6053,0.432137,0
6054,4.275759,0
6055,3.108241,1
6056,0.143872,0
6057,0.693073,0
6058,3.669336,0
6059,0.527633,1
6060,0.242555,1
6061,2.718352,1
6062,3.66282,0
6063,0.242491,1
6064,2.950207,0
6065,0.544096,1
6066,0.461234,0
6067,0.11068,1
6068,0.106234,1
6069,0.321953,0
6070,4.761196,0
6071,0.438435,0
6072,1.274817,1
6073,0.875286,1
6074,2.788632,0
6075,3.529499,0
6076,0.174537,1
6077,0.288305,1
6078,0.494757,1
6079,0.280745,1
6080,5.084566,0
6081,0.679028,0
6082,3.672175,0
6083,4.617198,0
6084,4.230431,0
6085,4.088401,0
6086,0.324429,1
6087,4.146442,1
6088,2.704181,1
6089,3.994531,1
6090,0.797748,1
6091,4.737368,0
6092,0.131057,1
6093,0.519642,1
6094,5.218764,1
6095,0.42888,0
6096,1.039138,1
6097,0.448738,1
6098,0.654934,0
6099,1.568445,1
6100,2.819088,0
6101,4.277633,0
6102,3.248345,1
6103,0.694116,1
6104,0.619004,0
6105,3.798847,0
6106,2.727545,0
6107,0.601196,1
6108,1.682325,0
6109,1.836316,1
6110,0.772267,0
6111,0.377422,1
6112,0.150376,1
6113,0.262874,1
6114,0.587944,0
6115,3.734727,1
6116,1.247204,1
6117,0.309583,0
6118,5.604256,1
6119,3.078799,1
6120,0.228593,1
6121,2.968235,1
6122,3.65379,0
6123,0.62926,0
6124,4.166227,1
6125,1.308939,1
6126,4.433256,0
6127,1.823729,0
6128,0.243265,0
6129,0.620309,1
6130,3.053938,0
6131,0.174651,1
6132,3.144883,1
6133,4.457474,0
6134,0.180965,1
6135,2.65303,1
6136,3.740862,0
6137,2.608986,0
6138,0.255482,1
6139,2.523186,0
6140,4.305164,0
6141,0.285169,1
6142,2.908951,0
6143,0.580173,1
6144,0.673253,1
6145,0.890078,1
6146,3.643998,0
6147,0.599692,1
6148,0.178113,1
6149,3.73874,0
6150,0.884169,1
6151,2.687136,0
6152,0.312416,1
6153,1.110616,0
6154,4.228376,1
6155,2.594012,0
6156,0.41892,1
6157,2.933692,0
6158,1.827376,1
6159,0.76955,0
6160,4.562209,1
6161,0.266801,0
6162,2.554052,1
6163,0.490167,0
6164,0.207023,1
6165,2.865844,1
6166,4.280728,0
6167,3.753544,0
6168,4.816267,1
6169,4.013108,0
6170,0.445877,0
6171,1.250793,0
6172,1.716326,1
6173,1.843129,1
6174,0.748788,1
6175,1.045505,0
6176,2.862356,0
6177,3.157507,0
6178,3.344615,0
6179,0.509256,1
6180,0.406094,0
6181,4.719991,1
6182,0.795215,0
6183,0.329719,0
6184,0.479335,1
6185,3.354778,1
6186,0.628132,0
6187,0.157672,1
6188,3.578873,1
6189,2.980393,0
6190,2.821341,0
6191,2.01611,0
6192,0.869985,1
6193,0.669817,1
6194,0.176546,1
6195,2.27026,0
6196,1.309801,1
6197,3.95472,0
6198,2.552809,0
6199,3.048895,0
6200,1.080777,1
6201,3.9348,0
6202,4.308863,0
6203,5.339291,1
6204,0.384276,0
6205,3.225532,1
6206,4.005091,0
6207,2.693498,1
6208,1.151383,1
6209,0.205474,1
6210,3.405673,0
6211,0.133358,0
6212,3.933321,0
6213,0.465578,0
6214,1.292619,0
6215,4.33672,0
6216,0.109337,1
6217,5.913233,0
6218,4.66751,0
6219,0.132808,1
6220,2.646559,1
6221,1.42995,1
6222,3.001229,0
6223,0.191244,0
6224,0.069674,1
6225,0.601688,1
6226,0.301655,1
6227,3.912903,0
6228,0.143207,1
6229,0.165187,0
6230,4.148364,0
6231,0.36358,0
6232,4.050849,0
6233,1.234041,1
6234,2.23051,0
6235,4.149962,0
6236,0.094326,1
6237,1.327488,0
6238,4.571668,1
6239,2.51974,1
6240,1.041775,1
6241,1.447846,1
6242,1.88917,0
6243,4.084633,0
6244,0.131716,0
6245,2.401829,1
6246,1.574263,0
6247,1.034634,1
6248,0.227781,1
6249,2.711634,1
6250,1.621683,1
6251,4.28172,0
6252,0.256903,1
6253,3.622781,0
6254,1.13409,0
6255,0.246642,0
6256,0.24643,1
6257,0.480563,1
6258,0.858245,1
6259,0.553685,1
6260,3.282054,1
6261,0.450849,0
6262,0.14594,1
6263,0.435996,0
6264,3.996081,0
6265,0.453465,1
6266,0.14445,1
6267,0.119276,1
6268,3.346481,0
6269,1.100456,1
6270,0.756405,1
6271,0.455396,1
6272,4.209776,1
6273,1.103851,1
6274,0.50687,0
6275,3.271284,0
6276,0.401789,0
6277,0.150373,1
6278,1.617758,0
6279,0.719954,1
6280,3.444716,1
6281,4.267595,1
6282,3.647999,1
6283,0.195688,1
6284,0.181987,1
6285,0.793941,1
6286,1.04821,0
6287,2.902216,1
6288,0.83562,1
6289,2.898192,0
6290,4.172359,1
6291,1.794121,1
6292,0.187629,1
6293,0.946606,0
6294,3.303588,0
6295,3.517034,0
6296,3.005129,0
6297,1.911899,1
6298,2.327328,0
6299,3.283293,0
6300,0.440119,1
6301,0.856062,1
6302,4.136803,1
6303,5.064459,0
6304,3.010953,1
6305,2.699904,0
6306,2.713248,0
6307,1.938037,0
6308,1.654893,1
6309,3.977516,0
6310,1.050271,0
6311,0.181577,0
6312,1.890108,1
6313,0.387088,1
6314,3.925077,1
6315,2.744667,1
6316,1.405688,1
6317,4.009178,0
6318,0.741752,0
6319,0.304291,1
6320,0.251767,1
6321,0.818267,0
6322,0.160175,1
6323,3.623277,1
6324,4.706486,0
6325,0.266146,1
6326,4.440424,1
6327,2.352749,1
6328,2.904269,0
6329,2.562912,0
6330,1.008846,1
6331,0.273612,1
6332,2.463724,1
6333,0.137949,1
6334,0.993433,0
6335,0.142375,1
6336,2.962165,0
6337,2.842203,1
6338,1.014268,0
6339,0.295776,1
6340,0.533933,1
6341,0.341335,1
6342,3.655993,0
6343,0.171334,1
6344,0.21593,0
6345,0.969472,0
6346,0.147981,1
6347,2.098016,1
6348,4.403283,0
6349,3.826944,0
6350,1.083717,1
6351,0.777659,1
6352,0.204714,1
6353,2.336922,0
6354,0.524786,1
6355,0.144084,0
6356,0.776997,1
6357,1.551276,1
6358,3.868084,1
6359,2.690391,0
6360,0.194158,0
6361,0.406025,1
6362,0.190121,1
6363,1.323025,0
6364,1.549184,1
6365,2.167695,1
6366,2.173589,0
6367,1.838338,1
6368,2.180886,0
6369,1.091527,1
6370,3.719361,0
6371,1.702637,0
6372,0.597304,1
6373,0.187647,0
6374,2.025261,1
6375,0.771954,1
6376,0.1632,1
6377,0.485395,1
6378,0.290962,0
6379,0.320936,0
6380,0.395843,0
6381,2.08559,0
6382,3.651175,0
6383,0.918486,1
6384,0.232211,0
6385,4.194624,1
6386,0.275791,0
6387,2.802213,0
6388,1.656643,0
6389,1.339666,1
6390,3.99896,0
6391,1.014806,1
6392,0.121961,0
6393,2.00028,1
6394,0.348375,1
6395,4.296224,1
6396,4.780966,0
6397,1.953861,1
6398,0.981945,1
6399,0.135691,0
6400,0.2263,1
6401,0.200202,0
6402,4.31371,1
6403,3.050852,0
6404,5.261235,0
6405,2.837108,1
6406,0.813392,0
6407,2.515999,0
6408,1.083739,1
6409,2.675309,0
6410,3.969591,0
6411,4.304132,0
6412,0.531649,1
6413,0.932745,1
6414,2.038313,0
6415,4.458882,0
6416,0.083102,1
6417,0.121435,1
6418,0.422184,1
6419,3.699938,1
6420,2.218193,1
6421,0.939902,1
6422,2.368855,0
6423,0.49576,0
6424,2.835902,0
6425,0.185983,0
6426,2.658013,0
6427,3.730366,0
6428,0.290776,1
6429,0.375326,1
6430,3.974175,1
6431,1.380864,1
6432,0.372388,1
6433,1.036159,1
6434,0.779564,0
6435,0.941775,0
6436,0.385328,1
6437,3.619542,0
6438,0.149715,1
6439,1.354783,1
6440,0.818829,0
6441,0.439963,1
6442,0.222006,1
6443,2.55232,0
6444,1.134656,0
6445,0.947929,1
6446,0.20103,1
6447,2.976021,0
6448,2.656698,0
6449,4.384053,0
6450,1.621348,0
6451,3.180684,1
6452,7.159874,0
6453,3.999161,1
6454,0.492199,1
6455,2.589291,0
6456,0.29571,1
6457,2.825045,1
6458,0.186773,0
6459,4.746103,1
6460,3.875108,0
6461,0.397632,0
6462,3.688841,1
6463,0.443939,0
6464,1.881554,0
6465,0.149088,1
6466,1.666229,1
6467,0.126305,0
6468,2.120776,0
6469,3.585301,1
6470,1.030934,1
6471,4.11015,0
6472,5.159427,1
6473,3.608094,1
6474,0.133829,1
6475,0.366132,0
6476,0.119205,1
6477,0.748703,0
6478,0.193545,0
6479,1.945334,1
6480,0.822076,1
6481,0.239516,1
6482,3.857957,1
6483,0.196096,1
6484,0.226481,1
6485,4.570787,1
6486,3.489323,0
6487,3.451423,0
6488,0.823421,1
6489,0.897073,0
6490,2.122035,1
6491,0.701854,0
6492,2.791196,0
6493,0.587509,0
6494,2.655156,0
6495,0.281513,0
6496,4.031043,0
6497,3.012881,0
6498,0.328602,1
6499,1.141378,1
6500,0.319612,0
6501,4.084023,1
6502,0.13781,1
6503,0.225831,0
6504,3.5154,0
6505,3.616677,0
6506,3.116277,0
6507,3.695274,1
6508,0.515105,1
6509,0.177865,1
6510,0.238245,0
6511,4.275023,0
6512,1.153477,1
6513,0.352095,1
6514,2.076754,0
6515,1.791176,0
6516,0.137031,0
6517,0.242754,0
6518,3.489498,0
6519,0.193722,1
6520,1.77874,0
6521,0.112184,0
6522,0.383743,1
6523,3.190912,1
6524,3.527809,0
6525,0.255042,0
6526,0.248924,0
6527,0.3419,1
6528,2.521556,0
6529,1.167766,0
6530,4.139079,0
6531,4.045869,0
6532,1.503336,1
6533,0.149062,1
6534,4.032887,0
6535,1.976436,1
6536,0.093025,1
6537,4.533494,0
6538,2.833332,0
6539,0.487073,1
6540,3.020159,0
6541,0.323051,1
6542,0.245706,1
6543,0.147273,1
6544,3.079259,1
6545,0.088032,0
6546,1.111595,1
6547,0.147419,0
6548,2.369331,0
6549,2.559988,1
6550,0.77174,0
6551,0.298696,1
6552,0.292327,1
6553,4.897925,1
6554,3.503569,1
6555,0.269529,1
6556,0.62261,0
6557,3.111135,1
6558,3.247289,0
6559,3.055985,0
6560,0.196979,0
6561,0.66085,1
6562,5.515585,1
6563,0.138868,1
6564,0.125678,1
6565,3.773705,1
6566,1.42232,1
6567,0.197315,0
6568,3.132498,0
6569,0.508506,1
6570,2.31316,0
6571,0.176338,1
6572,0.561716,1
6573,0.464011,1
6574,4.761773,1
6575,0.459719,1
6576,0.280277,1
6577,1.313108,0
6578,4.795542,0
6579,1.014518,0
6580,0.11618,0
6581,0.719807,1
6582,2.514393,0
6583,4.548438,1
6584,0.335266,1
6585,3.127328,1
6586,2.700423,0
6587,3.306333,0
6588,0.17598,1
6589,1.280009,1
6590,0.745623,0
6591,0.111631,0
6592,0.25776,0
6593,0.426773,1
6594,0.146031,0
6595,2.386594,1
6596,6.289964,0
6597,1.674248,0
6598,0.506058,1
6599,3.29844,0
6600,0.75935,1
6601,0.08495,0
6602,0.55553,1
6603,0.224487,1
6604,3.628651,0
6605,4.056681,0
6606,0.151529,1
6607,2.971712,0
6608,5.89035,1
6609,0.680752,1
6610,3.235713,1
6611,0.296631,1
6612,3.527297,1
6613,4.456005,1
6614,0.174717,1
6615,0.801874,1
6616,0.252955,0
6617,2.364993,0
6618,3.864086,0
6619,0.205476,0
6620,1.034956,0
6621,0.960679,1
6622,0.421749,1
6623,0.185152,1
6624,4.368339,1
6625,0.548172,0
6626,3.808576,0
6627,3.659053,0
6628,0.160652,0
6629,1.89331,0
6630,1.502892,1
6631,0.425885,0
6632,3.280961,0
6633,3.812274,0
6634,0.103394,1
6635,1.020228,1
6636,0.398143,1
6637,0.41525,1
6638,0.387969,0
6639,3.334006,1
6640,4.742512,0
6641,3.102595,0
6642,0.550342,0
6643,1.338136,1
6644,0.270861,1
6645,2.792574,1
6646,4.219643,0
6647,0.102925,1
6648,3.677863,0
6649,0.959254,0
6650,0.238202,0
6651,0.288912,0
6652,3.675874,0
6653,0.904507,1
6654,0.428355,1
6655,0.206966,1
6656,2.793902,0
6657,2.611329,0
6658,4.165494,1
6659,0.17467,1
6660,2.416076,0
6661,0.324776,1
6662,2.817122,0
6663,1.374152,1
6664,4.708799,1
6665,4.293934,0
6666,0.293807,1
6667,0.228272,1
6668,2.907532,0
6669,0.513775,1
6670,3.184896,1
6671,3.649124,0
6672,0.269016,0
6673,4.110144,0
6674,3.148939,1
6675,4.765532,1
6676,0.698545,1
6677,1.729316,1
6678,3.580911,1
6679,3.33244,0
6680,0.243025,0
6681,3.75193,0
6682,2.167115,1
6683,0.420043,0
6684,0.778562,0
6685,1.048957,0
6686,2.9574,0
6687,0.363609,1
6688,0.397736,1
6689,2.838956,0
6690,4.909907,0
6691,2.41492,1
6692,0.388815,0
6693,0.105799,1
6694,3.246231,0
6695,2.737058,1
6696,0.575879,0
6697,3.280454,0
6698,0.13133,1
6699,0.73667,0
6700,3.69585,0
6701,0.573665,0
6702,4.153249,0
6703,3.708593,1
6704,4.168987,1
6705,0.153208,1
6706,4.549374,1
6707,0.880293,0
6708,4.424494,1
6709,0.231911,1
6710,0.274325,0
6711,0.506312,0
6712,0.193699,0
6713,0.497432,0
6714,2.761079,0
6715,0.114131,1
6716,3.597307,1
6717,1.181953,1
6718,0.337613,1
6719,0.135293,1
6720,0.659317,0
6721,3.645354,0
6722,3.68301,0
6723,3.159559,1
6724,3.799236,0
6725,0.221647,1
6726,0.372773,0
6727,4.158854,1
6728,4.977501,1
6729,1.131695,0
6730,3.647487,1
6731,4.601243,0
6732,0.44692,1
6733,0.407907,0
6734,2.618165,0
6735,0.483247,1
6736,5.12758,0
6737,0.140969,1
6738,3.513292,0
6739,0.40768,1
6740,3.219287,1
6741,0.123401,1
6742,0.204081,1
6743,4.019966,1
6744,3.741202,0
6745,0.332135,1
6746,2.632969,0
6747,1.431094,1
6748,0.272763,1
6749,1.882237,0
6750,2.551808,0
6751,3.847701,0
6752,3.648542,1
6753,2.856995,0
6754,3.593306,0
6755,1.859134,0
6756,1.841941,1
6757,0.143556,0
6758,0.197292,1
6759,0.951566,1
6760,0.327102,1
6761,0.143151,0
6762,1.18955,1
6763,0.952385,1
6764,0.198123,1
6765,0.152035,1
6766,2.246189,0
6767,1.010488,1
6768,4.062081,0
6769,4.61225,1
6770,4.211392,0
6771,4.256643,1
6772,0.341876,1
6773,3.217913,1
6774,2.798537,0
6775,2.49647,1
6776,3.892384,0
6777,4.658791,0
6778,0.134311,1
6779,1.282436,0
6780,1.453921,0
6781,0.165142,0
6782,0.239267,1
6783,1.703119,0
6784,0.210362,0
6785,3.213665,0
6786,0.283607,0
6787,0.108169,0
6788,4.407457,0
6789,0.172429,1
6790,1.505694,0
6791,0.447075,1
6792,1.004648,1
6793,4.613084,0
6794,0.178542,1
6795,2.790215,1
6796,0.115544,1
6797,0.116647,1
6798,0.320827,1
6799,4.148765,1
6800,0.302247,1
6801,6.841047,0
6802,0.393526,0
6803,0.281283,1
6804,5.131912,0
6805,0.415925,1
6806,4.204402,0
6807,2.958469,0
6808,0.300527,1
6809,5.068309,1
6810,0.747163,0
6811,0.983803,1
6812,0.288035,1
6813,1.057286,1
6814,4.900265,1
6815,4.955081,1
6816,0.578863,0
6817,0.142237,1
6818,0.569348,0
6819,0.429189,1
6820,0.334598,1
6821,3.650825,1
6822,0.1564,0
6823,2.883147,0
6824,3.873368,0
6825,0.187218,0
6826,0.715876,1
6827,3.036386,0
6828,1.272018,1
6829,4.491642,0
6830,4.516531,0
6831,0.664445,0
6832,4.124753,1
6833,0.835963,1
6834,2.834517,0
6835,3.728766,0
6836,0.572669,0
6837,2.315196,0
6838,0.162453,0
6839,3.798367,0
6840,1.910596,0
6841,0.159275,1
6842,2.410411,1
6843,1.026896,1
6844,3.319104,0
6845,0.191089,0
6846,4.717927,0
6847,0.244309,0
6848,2.820624,0
6849,2.484555,0
6850,0.088686,0
6851,2.679275,1
6852,0.249378,0
6853,1.018535,1
6854,3.861112,0
6855,2.267228,0
6856,0.343705,0
6857,4.827049,1
6858,0.149248,1
6859,0.918788,1
6860,0.770675,0
6861,0.173343,1
6862,1.665608,0
6863,4.227022,0
6864,0.155897,0
6865,1.040993,1
6866,0.185433,1
6867,0.734912,1
6868,0.430846,0
6869,2.056912,0
6870,4.983785,0
6871,3.179667,0
6872,1.919342,1
6873,3.534225,1
6874,4.070151,0
6875,0.239789,0
6876,4.170628,0
6877,3.032032,0
6878,0.282276,1
6879,0.900385,0
6880,2.755977,1
6881,0.296557,0
6882,3.991689,0
6883,4.686442,0
6884,4.335509,0
6885,0.560723,0
6886,1.865966,1
6887,0.122222,1
6888,2.551964,0
6889,2.419978,0
6890,2.341451,1
6891,2.434078,0
6892,0.944485,1
6893,2.866375,0
6894,3.458748,0
6895,0.180994,1
6896,0.126031,1
6897,1.032645,1
6898,1.308053,1
6899,0.16506,1
6900,0.396378,1
6901,4.217357,0
6902,2.478686,0
6903,0.192502,1
6904,0.87065,1
6905,2.786704,0
6906,0.158673,1
6907,3.320901,1
6908,0.514826,1
6909,4.464665,1
6910,3.894053,0
6911,1.034369,0
6912,0.273446,1
6913,1.382219,0
6914,1.076418,1
6915,2.398976,0
6916,0.140129,0
6917,4.765512,0
6918,0.232581,1
6919,3.001079,0
6920,0.131286,1
6921,0.864661,1
6922,2.155325,0
6923,3.045506,0
6924,4.315058,0
6925,3.588554,0
6926,3.258112,0
6927,0.9132,1
6928,1.516075,1
6929,1.303693,1
6930,4.592063,0
6931,0.074866,0
6932,2.689829,1
6933,2.704198,0
6934,2.791138,0
6935,0.232691,1
6936,1.224709,0
6937,0.694868,1
6938,2.070433,0
6939,1.00145,0
6940,4.551179,0
6941,2.531353,0
6942,4.658344,0
6943,2.029101,1
6944,3.861344,0
6945,3.55629,0
6946,1.759911,0
6947,3.998571,1
6948,3.57894,0
6949,3.680178,0
6950,4.678189,1
6951,0.193848,1
6952,3.568836,0
6953,0.352588,1
6954,0.174188,1
6955,4.591974,0
6956,3.188104,1
6957,4.370196,0
6958,2.013984,1
6959,2.035356,1
6960,3.370081,0
6961,1.153594,1
6962,0.26291,0
6963,0.144233,1
6964,3.039193,1
6965,0.769727,1
6966,0.568005,1
6967,4.102292,0
6968,0.115658,1
6969,0.474791,1
6970,1.029245,0
6971,1.271587,1
6972,0.572603,1
6973,3.249904,0
6974,0.222267,1
6975,2.878476,0
6976,2.881943,0
6977,3.973712,0
6978,1.327728,1
6979,3.492152,0
6980,1.092479,1
6981,0.126966,1
6982,3.063803,0
6983,4.627934,1
6984,2.948587,1
6985,0.345165,1
6986,4.363381,1
6987,0.283818,0
6988,3.297394,0
6989,0.109002,1
6990,0.131145,1
6991,2.120798,1
6992,2.952721,1
6993,0.147661,0
6994,0.814508,1
6995,1.261184,0
6996,0.739132,1
6997,0.268687,0
6998,0.563114,1
6999,4.08663,0
7000,2.286477,1
7001,0.175187,0
7002,0.220563,0
7003,0.120042,0
7004,3.440877,0
7005,4.481792,0
7006,2.701047,0
7007,3.845173,0
7008,0.693813,0
7009,0.451308,1
7010,3.597159,1
7011,0.394965,1
7012,0.19529,1
7013,3.186465,1
7014,0.206013,0
7015,3.037685,1
7016,2.729043,1
7017,4.250468,0
7018,1.719812,1
7019,3.820679,1
7020,0.654046,1
7021,0.921265,0
7022,0.385965,0
7023,0.370431,1
7024,0.622927,1
7025,1.941102,1
7026,0.630305,0
7027,0.210363,1
7028,4.201769,1
7029,3.737009,0
7030,2.621053,0
7031,1.364309,1
7032,0.451965,0
7033,3.875458,1
7034,0.989141,1
7035,3.1187,1
7036,1.896222,1
7037,0.184567,1
7038,0.295079,0
7039,0.856268,0
7040,3.522513,0
7041,0.287684,1
7042,0.14745,1
7043,2.083223,1
7044,0.764844,1
7045,0.214979,1
7046,0.313832,1
7047,3.013459,0
7048,0.278589,1
7049,1.054647,1
7050,0.124304,1
7051,0.263619,1
7052,0.272575,0
7053,1.04533,1
7054,1.794607,0
7055,3.167666,0
7056,5.587812,1
7057,2.914875,0
7058,1.272875,1
7059,3.048524,0
7060,2.720378,0
7061,0.144725,1
7062,3.434423,1
7063,2.377594,0
7064,2.369009,0
7065,1.012852,1
7066,5.06227,0
7067,2.711518,0
7068,5.14239,0
7069,0.144897,0
7070,0.930463,0
7071,0.619881,1
7072,2.582132,1
7073,1.187872,0
7074,0.648294,1
7075,0.236525,1
7076,0.24095,1
7077,2.09997,1
7078,0.2296,1
7079,1.871329,0
7080,0.498947,0
7081,2.673604,0
7082,2.036659,0
7083,1.812879,1
7084,0.571459,1
7085,0.266468,1
7086,4.240373,0
7087,3.741859,1
7088,3.315331,0
7089,0.105347,0
7090,3.512734,0
7091,3.76403,0
7092,0.486865,0
7093,3.34088,0
7094,0.145943,1
7095,0.252122,1
7096,1.278065,1
7097,2.99642,0
7098,0.198417,1
7099,0.164148,0
7100,2.900219,1
7101,0.184226,0
7102,4.581307,0
7103,0.178662,1
7104,1.874978,0
7105,3.609395,1
7106,1.403377,0
7107,2.717742,0
7108,3.540192,0
7109,0.996042,0
7110,0.102973,0
7111,5.286819,0
7112,0.445107,0
7113,0.282612,1
7114,2.53755,0
7115,3.344808,0
7116,2.769844,0
7117,3.344043,0
7118,3.691763,1
7119,0.21873,0
7120,0.136646,0
7121,1.887022,0
7122,2.37094,1
7123,2.725177,1
7124,0.537313,1
7125,0.675047,1
7126,0.324949,1
7127,0.60037,0
7128,0.457885,1
7129,0.626167,1
7130,4.657934,1
7131,0.468864,1
7132,2.666277,1
7133,3.751522,0
7134,2.245761,1
7135,3.664617,0
7136,4.727307,0
7137,2.636599,0
7138,2.879983,0
7139,4.731437,0
7140,0.110018,0
7141,0.758772,0
7142,0.337502,1
7143,0.483741,1
7144,1.981425,0
7145,3.209503,1
7146,0.393227,1
7147,1.73381,0
7148,2.58678,0
7149,0.407705,0
7150,0.319067,0
7151,1.580956,1
7152,0.31255,1
7153,0.513131,1
7154,0.303619,0
7155,2.061082,1
7156,0.672081,1
7157,0.247428,0
7158,1.626416,0
7159,0.524999,0
7160,5.024341,1
7161,3.438821,0
7162,1.350813,1
7163,3.581449,0
7164,0.174694,0
7165,1.770111,1
7166,2.816006,1
7167,3.604815,1
7168,3.532246,1
7169,5.285833,1
7170,3.702808,0
7171,0.54028,1
7172,0.504227,0
7173,3.252201,0
7174,2.202551,0
7175,0.361692,1
7176,1.654508,1
7177,2.803247,1
7178,3.040603,0
7179,4.554406,1
7180,4.461968,1
7181,0.374441,0
7182,3.467069,0
7183,2.894073,0
7184,1.251818,1
7185,4.644719,1
7186,1.99904,1
7187,0.170331,1
7188,2.815771,0
7189,0.262366,0
7190,4.79506,1
7191,2.99374,0
7192,0.296477,1
7193,0.80596,1
7194,2.560396,0
7195,2.786088,0
7196,0.118107,1
7197,2.720195,0
7198,4.504829,0
7199,0.956698,1
7200,0.285484,0
7201,1.148491,1
7202,0.195295,1
7203,0.579818,1
7204,0.964893,1
7205,0.148666,1
7206,0.353974,1
7207,3.475641,0
7208,3.331178,1
7209,2.568268,0
7210,1.864046,1
7211,4.435434,0
7212,0.133565,0
7213,4.159169,1
7214,3.72267,0
7215,3.822513,0
7216,1.956029,0
7217,0.323015,1
7218,4.00987,0
7219,3.693375,0
7220,2.043568,1
7221,4.984203,0
7222,0.81713,0
7223,4.014833,0
7224,4.463166,1
7225,0.216225,0
7226,0.339495,0
7227,3.205617,0
7228,1.062575,0
7229,0.368615,0
7230,0.356619,0
7231,3.145014,1
7232,0.259431,0
7233,1.536878,1
7234,1.883631,0
7235,3.493452,0
7236,2.65329,0
7237,0.295198,1
7238,3.190687,1
7239,0.730109,1
7240,0.301348,0
7241,0.719003,1
7242,1.291903,0
7243,0.472251,0
7244,0.268915,1
7245,0.526063,0
7246,0.481261,0
7247,2.630729,1
7248,0.25876,1
7249,0.508826,1
7250,4.242845,1
7251,0.888855,1
7252,2.991187,0
7253,0.185007,1
7254,0.591888,1
7255,0.719205,1
7256,3.157048,0
7257,1.369777,0
7258,3.726469,1
7259,3.258317,0
7260,3.329246,0
7261,0.807373,1
7262,2.741533,1
7263,2.515531,1
7264,0.38866,0
7265,1.687216,0
7266,1.205774,0
7267,3.506651,0
7268,0.686167,1
7269,0.746082,1
7270,4.584204,0
7271,4.455088,0
7272,4.13584,0
7273,3.724069,0
7274,2.919726,1
7275,0.549832,0
7276,0.555339,1
7277,0.229889,1
7278,0.174876,0
7279,0.156085,1
7280,2.197292,0
7281,2.564517,0
7282,4.31279,0
7283,1.721132,0
7284,2.508062,1
7285,0.428324,0
7286,1.398439,0
7287,0.523993,1
7288,0.178519,1
7289,0.128663,1
7290,3.47144,0
7291,2.116086,1
7292,4.183571,1
7293,0.542478,1
7294,0.151427,0
7295,3.924438,0
7296,0.116354,0
7297,0.416885,0
7298,2.721314,1
7299,4.165375,0
7300,2.930952,0
7301,1.030101,1
7302,0.707613,0
7303,1.601118,0
7304,2.759101,0
7305,3.05481,0
7306,4.356593,1
7307,5.217062,1
7308,4.624233,0
7309,4.950298,0
7310,0.699333,1
7311,0.149707,1
7312,2.532508,0
7313,3.964679,0
7314,4.391542,0
7315,3.016227,1
7316,0.313993,0
7317,0.229696,1
7318,5.22286,0
7319,3.281647,1
7320,2.873301,1
7321,2.912365,0
7322,0.183325,0
7323,3.347253,0
7324,2.457952,0
7325,0.831505,1
7326,0.536309,1
7327,5.15718,0
7328,0.303146,1
7329,0.132942,0
7330,3.109744,1
7331,0.272913,0
7332,0.303076,0
7333,4.81855,1
7334,3.61495,0
7335,0.225994,1
7336,2.244969,0
7337,4.415833,0
7338,0.213482,1
7339,4.454495,1
7340,4.672637,0
7341,0.27986,1
7342,3.005265,0
7343,1.777983,0
7344,0.13171,1
7345,0.115306,0
7346,0.14418,1
7347,1.224508,1
7348,0.24578,1
7349,0.297699,1
7350,0.329496,0
7351,0.201516,1
7352,0.206377,1
7353,3.481654,0
7354,0.566701,0
7355,3.660618,0
7356,0.459097,0
7357,0.246038,0
7358,4.35958,1
7359,0.488225,0
7360,3.566094,1
7361,0.168679,0
7362,0.323273,0
7363,0.197247,0
7364,2.236621,0
7365,2.477564,0
7366,4.011503,1
7367,1.342667,1
7368,0.978044,1
7369,0.496157,1
7370,0.169182,1
7371,3.746987,1
7372,3.34759,1
7373,0.801957,0
7374,0.174673,0
7375,1.516386,1
7376,0.120568,1
7377,0.165651,1
7378,3.231981,1
7379,0.294377,1
7380,1.770579,1
7381,0.484897,1
7382,3.830285,0
7383,3.376674,0
7384,0.211898,1
7385,0.153792,0
7386,3.337449,0
7387,4.456214,1
7388,0.670903,1
7389,0.363247,1
7390,0.168971,1
7391,0.573363,0
7392,2.72605,0
7393,3.064226,0
7394,0.716527,1
7395,2.348037,1
7396,2.713484,1
7397,1.278803,1
7398,0.281807,1
7399,0.169539,1
7400,3.509855,0
7401,0.251941,0
7402,2.878768,0
7403,2.765877,1
7404,3.12763,0
7405,0.442522,1
7406,3.338018,0
7407,3.984751,0
7408,4.847243,0
7409,0.439181,0
7410,3.821865,0
7411,0.221973,0
7412,3.305643,0
7413,2.885092,0
7414,0.79891,0
7415,0.398955,0
7416,0.160989,1
7417,0.301229,0
7418,0.405019,1
7419,1.465228,0
7420,0.113401,1
7421,4.709046,0
7422,3.168125,0
7423,0.141331,0
7424,2.311075,1
7425,3.424075,0
7426,0.976496,0
7427,0.133684,1
7428,0.139683,1
7429,1.795658,1
7430,0.125787,0
7431,0.644422,0
7432,4.048512,1
7433,0.796449,1
7434,0.554419,1
7435,4.61173,0
7436,0.71498,1
7437,3.896111,0
7438,0.118497,0
7439,1.849773,1
7440,2.57642,1
7441,1.332459,1
7442,0.460355,1
7443,1.789604,1
7444,0.233812,1
7445,1.071793,1
7446,3.326267,1
7447,3.690401,1
7448,3.950455,1
7449,3.807808,1
7450,4.450028,0
7451,0.238327,1
7452,1.632591,1
7453,4.458394,0
7454,5.616277,0
7455,0.148947,0
7456,0.133977,0
7457,3.385411,0
7458,1.118925,1
7459,4.356066,1
7460,0.184665,0
7461,0.12302,1
7462,3.640527,0
7463,2.992994,1
7464,4.494193,0
7465,2.017079,1
7466,0.427686,0
7467,0.12026,0
7468,3.953653,0
7469,3.473016,1
7470,0.267259,0
7471,4.497265,0
7472,0.144237,1
7473,0.250484,0
7474,0.411146,1
7475,1.058873,1
7476,1.622415,0
7477,2.676448,0
7478,0.2944,0
7479,0.301979,1
7480,4.156661,1
7481,1.700429,1
7482,0.264836,0
7483,1.153279,1
7484,0.325872,1
7485,3.456739,0
7486,0.131405,0
7487,0.153379,1
7488,0.99225,0
7489,0.540169,1
7490,3.437938,0
7491,0.179,0
7492,0.75784,0
7493,3.862999,0
7494,5.265353,0
7495,0.339943,1
7496,0.503709,1
7497,1.622689,0
7498,0.736011,1
7499,0.230226,0
7500,0.251659,0
7501,2.685613,1
7502,0.174031,0
7503,3.25299,0
7504,6.328708,0
7505,3.706792,0
7506,3.065808,0
7507,4.039846,1
7508,0.926982,0
7509,0.601097,1
7510,0.220314,0
7511,0.148547,1
7512,1.707638,1
7513,3.222991,0
7514,3.665539,0
7515,3.962087,0
7516,2.578342,0
7517,2.992148,0
7518,0.924173,0
7519,0.857997,0
7520,0.223137,0
7521,0.25274,1
7522,4.027474,0
7523,0.205226,1
7524,4.429379,0
7525,4.007481,0
7526,0.384896,0
7527,1.09919,0
7528,4.494792,0
7529,0.115528,1
7530,0.552322,0
7531,4.263553,0
7532,0.834377,1
7533,3.613052,0
7534,1.668778,1
7535,0.41693,1
7536,1.122069,1
7537,0.224103,1
7538,4.841479,0
7539,3.381545,1
7540,0.133423,1
7541,0.337288,1
7542,3.427923,0
7543,0.42087,0
7544,0.291638,0
7545,3.595957,0
7546,0.146654,1
7547,3.62922,0
7548,0.901188,0
7549,0.249523,0
7550,2.592194,0
7551,2.607748,1
7552,3.822883,0
7553,3.234581,0
7554,0.596873,1
7555,3.603377,1
7556,0.38972,0
7557,1.961622,1
7558,0.624971,1
7559,0.514155,0
7560,3.370369,0
7561,0.663768,0
7562,0.151879,1
7563,1.334807,1
7564,3.313029,1
7565,0.643448,1
7566,3.922701,1
7567,3.57759,0
7568,2.876675,0
7569,0.276838,1
7570,1.195401,0
7571,0.185985,1
7572,3.331194,0
7573,0.168656,0
7574,0.224116,0
7575,3.396394,0
7576,1.874686,1
7577,0.143843,1
7578,3.992381,0
7579,2.926665,0
7580,0.249717,1
7581,0.952741,1
7582,0.615534,0
7583,1.236346,1
7584,0.165785,1
7585,4.248294,0
7586,2.136292,0
7587,0.736861,1
7588,0.133633,1
7589,3.104268,0
7590,4.449207,1
7591,2.777684,0
7592,0.124469,1
7593,3.30655,0
7594,2.461974,0
7595,2.469446,0
7596,3.447918,0
7597,0.245891,1
7598,3.945389,0
7599,3.313037,0
7600,0.644003,0
7601,0.574735,1
7602,5.260357,0
7603,0.34916,1
7604,2.734102,1
7605,4.426644,0
7606,0.378525,0
7607,4.116185,1
7608,0.431961,1
7609,0.429176,1
7610,4.12738,0
7611,3.240947,0
7612,3.46827,0
7613,5.737144,0
7614,3.559296,0
7615,0.271004,1
7616,4.292028,0
7617,3.254717,1
7618,0.557497,1
7619,1.96356,0
7620,0.551266,0
7621,0.259035,1
7622,2.20552,0
7623,3.56182,0
7624,0.141989,1
7625,4.242014,0
7626,0.164726,1
7627,0.595372,1
7628,1.720472,1
7629,0.1978,1
7630,1.680157,0
7631,0.238403,1
7632,0.508628,0
7633,0.155643,1
7634,0.494451,1
7635,1.79595,0
7636,0.201574,0
7637,0.155003,1
7638,4.148198,1
7639,4.07689,0
7640,2.339905,1
7641,4.705879,1
7642,0.963996,1
7643,0.303897,1
7644,3.182884,1
7645,0.114319,1
7646,0.511222,1
7647,2.58027,0
7648,0.502239,0
7649,3.387454,1
7650,2.284236,1
7651,2.920831,0
7652,0.198223,1
7653,3.08559,1
7654,1.100517,0
7655,1.640876,1
7656,5.140658,0
7657,2.83674,1
7658,2.14031,0
7659,0.775281,1
7660,0.179335,1
7661,0.393653,1
7662,2.349337,0
7663,2.707228,1
7664,0.165521,1
7665,2.134809,0
7666,1.754218,0
7667,0.967207,1
7668,2.807982,0
7669,1.853954,1
7670,3.841768,1
7671,0.277855,1
7672,2.976434,0
7673,0.484157,0
7674,0.438834,0
7675,0.562143,1
7676,2.944377,0
7677,5.660481,0
7678,3.055697,0
7679,5.227323,1
7680,3.611304,0
7681,2.921375,0
7682,1.848601,1
7683,3.158214,1
7684,4.230428,1
7685,0.154641,1
7686,0.181854,0
7687,1.25145,0
7688,4.351576,1
7689,0.339313,1
7690,3.492951,0
7691,1.29921,1
7692,0.174332,1
7693,0.22096,1
7694,0.878777,1
7695,1.063748,1
7696,2.071365,1
7697,3.881586,0
7698,3.604746,1
7699,0.225996,1
7700,3.12418,0
7701,3.439718,0
7702,0.198147,1
7703,0.642797,0
7704,0.355438,1
7705,0.446861,1
7706,2.03655,1
7707,2.165064,0
7708,3.24783,1
7709,0.391412,0
7710,4.441244,0
7711,4.315777,0
7712,0.30589,1
7713,0.476691,1
7714,0.335963,1
7715,3.502866,1
7716,3.960715,1
7717,0.185299,1
7718,0.252726,0
7719,3.992734,0
7720,1.228484,1
7721,3.709715,0
7722,1.758005,1
7723,0.522423,1
7724,3.934356,1
7725,2.996201,1
7726,0.708158,1
7727,4.231747,0
7728,0.172375,1
7729,2.991727,0
7730,4.245423,1
7731,0.176052,1
7732,0.687565,1
7733,3.35681,0
7734,0.18526,1
7735,2.619696,0
7736,4.464771,0
7737,0.102513,1
7738,0.69889,0
7739,3.347162,0
7740,1.349086,1
7741,3.795126,0
7742,0.165532,0
7743,3.405421,0
7744,3.023904,1
7745,4.304796,1
7746,0.134733,1
7747,0.186306,0
7748,2.835636,0
7749,1.768375,1
7750,2.941505,1
7751,2.134482,1
7752,3.147013,0
7753,3.296105,0
7754,2.481424,1
7755,0.191676,1
7756,2.786885,0
7757,4.03307,0
7758,0.257193,0
7759,4.318326,0
7760,1.21018,1
7761,1.123787,0
7762,0.21527,0
7763,0.540504,0
7764,2.898862,0
7765,3.910511,0
7766,0.196869,0
7767,0.46068,1
7768,0.920483,1
7769,3.894284,1
7770,0.287754,0
7771,4.453115,1
7772,2.288884,0
7773,2.769854,1
7774,0.28358,0
7775,4.947494,1
7776,0.243772,1
7777,1.882214,0
7778,4.501981,0
7779,1.579695,0
7780,0.173774,1
7781,0.490117,1
7782,4.087957,1
7783,0.945624,1
7784,4.701665,1
7785,3.89591,1
7786,1.118374,1
7787,4.104799,1
7788,2.47582,0
7789,0.199326,1
7790,0.204429,1
7791,2.874792,1
7792,4.383797,0
7793,1.982401,0
7794,0.304021,1
7795,0.233148,0
7796,0.581359,0
7797,2.786582,0
7798,3.178622,0
7799,3.110957,0
7800,3.085804,0
7801,0.14059,0
7802,4.340436,0
7803,0.173109,1
7804,2.865692,0
7805,3.556528,0
7806,3.5601,1
7807,4.184729,0
7808,0.842336,0
7809,4.683066,0
7810,4.099907,0
7811,1.724989,1
7812,3.60299,1
7813,0.923646,1
7814,3.290589,0
7815,0.170473,0
7816,3.480917,0
7817,0.203152,1
7818,0.211094,1
7819,0.120132,0
7820,0.773522,1
7821,0.759257,0
7822,2.647283,0
7823,1.032859,0
7824,1.293315,0
7825,0.232099,1
7826,0.42936,1
7827,4.463689,1
7828,0.594786,1
7829,1.604088,1
7830,3.769917,0
7831,3.752497,0
7832,3.072214,1
7833,3.591093,0
7834,0.15807,0
7835,4.160277,1
7836,0.213689,0
7837,0.246337,1
7838,0.948324,1
7839,1.760572,0
7840,0.212216,1
7841,5.834241,1
7842,0.137219,1
7843,4.718561,1
7844,0.260937,1
7845,0.232197,1
7846,3.554636,0
7847,2.446897,0
7848,4.148488,1
7849,0.274978,1
7850,3.314039,1
7851,2.937189,0
7852,1.390564,1
7853,3.67277,1
7854,0.514268,1
7855,1.8376,0
7856,0.319382,1
7857,0.232476,1
7858,2.542668,1
7859,0.258922,0
7860,0.846595,0
7861,3.532902,0
7862,0.157516,1
7863,0.399679,1
7864,4.126585,0
7865,0.143482,0
7866,0.555905,1
7867,3.962214,1
7868,2.466216,0
7869,4.050895,0
7870,1.452964,1
7871,6.130678,1
7872,0.201174,1
7873,0.123122,0
7874,0.427276,0
7875,4.48315,0
7876,3.265552,0
7877,1.661352,0
7878,4.026993,1
7879,2.573243,0
7880,0.286422,0
7881,4.470817,1
7882,0.22674,1
7883,4.894357,1
7884,3.325325,0
7885,4.138874,1
7886,3.378208,0
7887,0.615255,1
7888,1.877498,1
7889,4.254958,0
7890,3.435525,0
7891,0.684976,0
7892,2.699746,0
7893,3.189308,1
7894,0.258193,1
7895,2.264843,0
7896,1.6949,1
7897,2.229533,0
7898,0.317033,0
7899,3.253387,0
7900,0.233244,1
7901,1.051831,1
7902,0.494785,1
7903,2.563907,1
7904,3.902281,0
7905,0.71292,0
7906,2.770652,0
7907,2.982232,1
7908,0.420732,1
7909,0.18231,0
7910,0.397869,1
7911,4.547177,0
7912,3.721605,0
7913,0.154554,1
7914,0.447587,1
7915,2.12116,0
7916,0.192854,1
7917,3.764886,1
7918,0.969879,1
7919,1.767305,1
7920,0.374343,1
7921,2.609144,0
7922,0.378285,0
7923,0.165985,0
7924,2.546856,0
7925,4.723074,1
7926,0.668247,1
7927,0.381554,0
7928,1.125326,1
7929,4.112761,0
7930,3.724502,0
7931,0.170085,1
7932,4.456045,1
7933,4.289425,0
7934,4.182458,0
7935,4.355947,0
7936,0.270788,1
7937,0.137174,1
7938,2.126784,1
7939,0.163889,1
7940,2.270777,0
7941,0.244107,1
7942,0.198539,1
7943,0.11925,1
7944,3.318764,0
7945,1.556442,0
7946,0.972797,0
7947,0.221395,1
7948,1.726948,1
7949,3.547262,0
7950,3.007629,0
7951,0.643435,1
7952,3.333926,0
7953,3.245624,0
7954,0.868937,1
7955,1.206133,1
7956,2.186982,0
7957,3.443826,0
7958,0.243039,1
7959,0.153504,1
7960,3.219834,1
7961,1.123547,1
7962,0.402099,1
7963,3.163188,0
7964,3.371915,0
7965,1.650531,1
7966,3.70654,0
7967,0.139327,1
7968,2.015603,1
7969,0.66384,1
7970,0.768922,1
7971,2.892103,0
7972,0.497402,0
7973,3.237408,0
7974,4.70972,1
7975,1.206798,0
7976,3.628601,1
7977,3.71612,0
7978,0.318759,0
7979,0.20655,1
7980,0.137111,0
7981,3.427599,1
7982,2.452762,0
7983,4.534837,1
7984,0.075228,0
7985,0.554434,1
7986,2.483612,0
7987,0.141814,0
7988,0.320046,1
7989,2.842664,0
7990,3.556016,0
7991,0.269264,0
7992,1.489703,0
7993,1.781267,1
7994,0.208386,0
7995,0.704935,0
7996,0.153729,1
7997,3.637742,1
7998,0.896141,0
7999,0.617667,0
8000,1.574157,1
8001,0.321188,1
8002,4.673053,0
8003,1.363258,1
8004,0.676101,0
8005,4.441759,0
8006,2.488266,0
8007,3.68464,1
8008,0.223261,1
8009,0.247551,0
8010,0.507209,1
8011,3.14579,1
8012,0.57368,0
8013,3.346584,0
8014,2.565762,0
8015,4.815134,1
8016,3.156199,1
8017,3.533288,0
8018,0.480275,0
8019,1.630253,1
8020,1.294536,1
8021,3.549277,0
8022,0.143125,1
8023,3.564606,0
8024,0.151871,0
8025,0.586729,1
8026,0.362543,0
8027,2.444341,1
8028,2.726931,0
8029,0.834091,0
8030,0.117624,0
8031,4.630764,1
8032,0.476157,1
8033,3.01424,1
8034,2.449433,0
8035,3.315859,0
8036,1.406873,0
8037,3.875294,0
8038,0.136399,0
8039,2.045498,0
8040,0.409411,0
8041,0.163181,1
8042,2.052302,0
8043,1.712023,0
8044,0.353216,0
8045,0.228724,1
8046,3.891565,0
8047,4.847314,1
8048,3.76097,1
8049,0.622121,1
8050,1.9503,1
8051,0.773467,1
8052,3.522255,1
8053,2.286491,0
8054,1.011826,1
8055,0.568567,0
8056,4.454114,0
8057,0.687695,1
8058,4.946903,1
8059,2.528113,1
8060,4.38973,1
8061,0.3116,1
8062,0.124416,1
8063,2.73608,1
8064,2.036978,0
8065,2.910107,1
8066,2.170176,0
8067,2.523382,1
8068,1.624492,1
8069,2.831488,0
8070,1.492604,0
8071,2.617206,0
8072,3.667281,0
8073,3.003538,1
8074,0.113623,1
8075,2.224172,0
8076,2.332492,1
8077,0.283781,0
8078,3.468808,0
8079,2.764089,0
8080,1.219285,0
8081,1.997094,0
8082,5.286296,0
8083,0.767249,1
8084,4.637865,1
8085,3.962132,1
8086,0.304408,1
8087,2.864891,0
8088,3.443161,0
8089,0.649226,1
8090,4.213481,0
8091,2.183414,1
8092,3.556358,0
8093,3.552618,1
8094,4.040879,0
8095,0.380653,0
8096,0.166349,1
8097,3.887493,0
8098,0.636778,1
8099,0.280709,1
8100,4.023372,1
8101,1.791978,1
8102,3.230732,0
8103,0.156125,0
8104,0.491995,0
8105,0.399903,1
8106,0.09442,0
8107,2.41449,1
8108,0.123787,1
8109,0.223901,1
8110,3.45929,0
8111,4.874248,0
8112,0.305189,1
8113,3.938674,0
8114,3.41801,0
8115,3.156633,0
8116,0.661187,1
8117,0.866065,1
8118,2.98789,1
8119,0.199462,0
8120,0.624379,1
8121,4.614776,0
8122,0.138036,1
8123,0.380456,1
8124,0.138337,1
8125,0.529075,1
8126,1.241529,1
8127,0.118405,0
8128,0.457964,0
8129,2.627719,0
8130,0.632117,0
8131,3.318272,0
8132,4.471821,1
8133,0.448609,1
8134,0.179244,0
8135,0.130911,0
8136,0.1226,1
8137,0.283345,1
8138,0.702329,0
8139,0.321187,0
8140,0.206389,1
8141,3.526889,1
8142,3.792091,0
8143,3.980906,0
8144,0.113502,0
8145,0.478149,1
8146,2.717917,0
8147,4.707098,1
8148,2.379385,0
8149,0.453525,0
8150,4.310321,0
8151,3.760131,1
8152,0.259022,0
8153,0.154975,0
8154,0.14375,1
8155,3.11165,0
8156,0.405534,1
8157,1.833112,1
8158,4.969047,0
8159,1.869433,0
8160,4.370577,0
8161,3.661812,0
8162,2.863864,0
8163,4.617516,0
8164,0.548076,0
8165,0.256673,1
8166,3.972295,1
8167,0.685011,0
8168,2.815492,0
8169,0.21099,0
8170,3.249216,1
8171,1.069843,1
8172,2.926397,0
8173,0.93936,1
8174,0.224958,1
8175,0.568578,0
8176,1.110296,1
8177,0.264789,0
8178,0.550161,1
8179,0.384639,0
8180,5.690274,1
8181,0.279209,1
8182,0.185894,1
8183,0.374846,1
8184,1.979377,0
8185,3.495029,0
8186,2.481621,0
8187,0.148967,1
8188,0.427717,0
8189,4.521291,0
8190,3.356989,0
8191,0.554658,1
8192,0.402074,0
8193,3.952996,0
8194,5.437852,1
8195,4.106503,0
8196,4.576354,1
8197,2.077055,1
8198,3.211609,1
8199,5.401111,1
8200,1.451807,0
8201,0.324028,0
8202,0.151973,1
8203,2.445147,0
8204,6.434433,0
8205,0.319043,0
8206,0.386349,1
8207,1.026474,1
8208,0.423527,0
8209,2.199172,0
8210,0.334435,1
8211,2.201566,0
8212,0.365103,0
8213,0.319174,1
8214,2.081453,1
8215,4.025596,1
8216,4.873674,0
8217,0.324277,1
8218,3.023611,0
8219,3.419282,0
8220,0.941809,1
8221,3.173257,0
8222,3.070599,0
8223,2.878038,0
8224,2.608965,1
8225,0.868404,1
8226,0.608648,1
8227,4.240973,0
8228,4.274611,0
8229,3.317115,0
8230,0.483547,0
8231,4.2761,0
8232,2.501248,0
8233,0.579793,1
8234,4.971636,1
8235,3.617581,0
8236,2.079597,0
8237,4.861433,1
8238,3.805032,0
8239,0.908791,0
8240,1.088755,1
8241,4.206232,0
8242,1.155094,0
8243,3.866955,1
8244,2.870614,1
8245,4.100679,1
8246,0.270866,1
8247,4.878248,1
8248,0.848905,1
8249,0.216751,0
8250,2.869368,0
8251,3.913601,0
8252,0.120256,0
8253,4.245992,0
8254,0.167271,0
8255,2.51808,0
8256,0.236115,1
8257,0.234053,1
8258,0.611923,0
8259,1.618517,1
8260,1.086118,1
8261,3.71186,1
8262,2.211958,0
8263,0.250574,0
8264,0.400052,0
8265,2.66152,0
8266,0.309046,1
8267,5.552873,1
8268,3.287157,0
8269,0.854816,1
8270,2.739714,1
8271,0.644589,1
8272,3.810621,0
8273,1.341467,1
8274,2.11848,1
8275,5.314168,0
8276,2.715929,0
8277,0.180733,1
8278,0.913767,0
8279,2.826894,0
8280,0.194758,0
8281,2.373004,0
8282,1.339488,1
8283,0.324704,0
8284,4.198615,1
8285,1.240574,1
8286,0.485007,1
8287,0.218612,1
8288,0.115189,0
8289,0.18852,1
8290,3.193767,0
8291,2.570336,1
8292,0.11605,0
8293,3.419977,0
8294,0.248268,0
8295,0.196051,0
8296,4.20532,1
8297,3.886239,0
8298,0.157535,1
8299,3.106082,0
8300,2.984972,0
8301,0.930936,1
8302,0.370636,0
8303,3.136536,0
8304,3.130614,0
8305,2.835799,0
8306,0.161272,0
8307,4.686415,0
8308,3.628905,0
8309,1.671924,1
8310,2.860215,1
8311,3.098851,0
8312,3.468041,0
8313,0.56445,1
8314,2.827591,0
8315,1.297705,1
8316,0.581661,0
8317,3.195919,1
8318,0.196041,0
8319,0.151132,1
8320,3.910811,0
8321,0.159656,1
8322,0.115467,1
8323,2.969798,0
8324,2.758445,0
8325,3.840357,0
8326,2.415821,1
8327,2.933536,0
8328,5.266695,1
8329,1.580322,1
8330,0.917302,1
8331,3.577302,1
8332,0.077144,0
8333,4.781254,0
8334,1.151876,0
8335,0.547737,1
8336,0.236682,1
8337,3.307608,1
8338,1.11434,1
8339,3.368226,1
8340,4.227605,1
8341,0.275313,1
8342,1.614838,0
8343,0.504476,0
8344,2.330588,0
8345,4.095035,0
8346,2.666061,0
8347,0.13,0
8348,1.13477,0
8349,3.957627,0
8350,3.230466,1
8351,0.169929,1
8352,1.268698,1
8353,0.369729,0
8354,2.771253,0
8355,0.136412,0
8356,1.775411,0
8357,0.357898,1
8358,1.834237,1
8359,3.308119,0
8360,1.735387,0
8361,2.045262,1
8362,0.612498,0
8363,1.337792,1
8364,0.160681,1
8365,2.947429,0
8366,4.511168,0
8367,5.240111,0
8368,0.979665,1
8369,5.000926,0
8370,4.033708,0
8371,0.453561,1
8372,2.933388,1
8373,1.491908,1
8374,0.103238,1
8375,0.542983,1
8376,2.177916,1
8377,0.138164,1
8378,0.133484,0
8379,0.670786,1
8380,0.636786,1
8381,4.702383,0
8382,0.776186,1
8383,2.574515,0
8384,0.812786,1
8385,0.319166,0
8386,5.049472,0
8387,1.36415,0
8388,4.12213,0
8389,0.387048,0
8390,3.416245,1
8391,1.778583,0
8392,0.264022,0
8393,0.394005,1
8394,0.4129,1
8395,1.379603,1
8396,3.423479,1
8397,0.36155,1
8398,0.477655,1
8399,2.966988,1
8400,1.151127,0
8401,3.492335,1
8402,1.087534,1
8403,2.813557,0
8404,1.928088,0
8405,0.043405,0
8406,3.436805,1
8407,1.062288,1
8408,1.438898,1
8409,1.726125,0
8410,3.155833,0
8411,0.37059,1
8412,0.219912,1
8413,2.755398,1
8414,3.820183,0
8415,0.117848,0
8416,3.31847,0
8417,2.123152,1
8418,1.221354,1
8419,0.397684,0
8420,0.488689,0
8421,0.117501,0
8422,0.37781,1
8423,0.223032,0
8424,0.235678,1
8425,1.769319,1
8426,4.02662,0
8427,3.37286,0
8428,1.734592,1
8429,3.164522,1
8430,0.203616,1
8431,4.450796,0
8432,0.528545,0
8433,0.117768,1
8434,2.970726,1
8435,5.357803,1
8436,0.549519,0
8437,0.476343,1
8438,0.161498,1
8439,5.065064,0
8440,3.716295,0
8441,3.630225,1
8442,1.024016,1
8443,2.631163,1
8444,2.801363,1
8445,0.149909,1
8446,0.801493,0
8447,0.17233,1
8448,0.375002,0
8449,0.375935,1
8450,0.512947,1
8451,3.873005,0
8452,0.29093,1
8453,0.650524,1
8454,0.18946,0
8455,1.4916,1
8456,3.460282,1
8457,4.173923,0
8458,1.169698,0
8459,2.827539,0
8460,1.733565,1
8461,3.818002,0
8462,1.76941,0
8463,3.300023,0
8464,0.498063,0
8465,2.228957,0
8466,0.149026,1
8467,3.730382,1
8468,3.279404,1
8469,1.228261,1
8470,1.682075,1
8471,0.152917,1
8472,4.279976,1
8473,4.46957,1
8474,3.715574,0
8475,2.092722,1
8476,0.37133,1
8477,0.712849,0
8478,2.455682,0
8479,0.612804,0
8480,0.415724,0
8481,3.716455,0
8482,1.482924,0
8483,0.483912,1
8484,0.958767,1
8485,0.440676,1
8486,0.79806,0
8487,2.374984,0
8488,2.631516,0
8489,2.014757,0
8490,1.815541,1
8491,2.645832,1
8492,0.245268,1
8493,0.866621,0
8494,3.187062,1
8495,0.32807,1
8496,0.926812,1
8497,3.572172,0
8498,3.455684,0
8499,4.187357,1
8500,0.537656,0
8501,0.15518,1
8502,0.346363,1
8503,0.621515,1
8504,1.421683,1
8505,0.29972,1
8506,0.771855,1
8507,1.765763,1
8508,0.960488,1
8509,4.544277,1
8510,1.171411,1
8511,0.252508,1
8512,3.003255,0
8513,0.462168,0
8514,2.783545,0
8515,2.86353,0
8516,0.299967,1
8517,5.224897,0
8518,3.037647,0
8519,0.404028,1
8520,2.940338,0
8521,0.211939,1
8522,0.152598,1
8523,3.977058,1
8524,0.139448,1
8525,4.081137,0
8526,1.841999,0
8527,1.277314,0
8528,1.745847,0
8529,1.053559,0
8530,0.258889,0
8531,4.205917,0
8532,0.286386,1
8533,0.196051,1
8534,0.254123,1
8535,0.176845,1
8536,0.697475,1
8537,0.106723,1
8538,0.184964,1
8539,0.271896,1
8540,2.432419,0
8541,0.201617,1
8542,4.188947,1
8543,0.313001,0
8544,0.404168,1
8545,0.753354,0
8546,2.261677,1
8547,3.747754,0
8548,3.633283,0
8549,3.800242,1
8550,0.273546,0
8551,0.349849,0
8552,3.005944,0
8553,4.131257,0
8554,2.832096,0
8555,5.38533,1
8556,0.68956,0
8557,1.006498,1
8558,0.60833,0
8559,0.233762,0
8560,1.321184,1
8561,0.235523,1
8562,0.920647,1
8563,1.855594,0
8564,3.710726,0
8565,0.385011,0
8566,3.290721,1
8567,3.054065,0
8568,3.280652,0
8569,0.683607,0
8570,0.257898,0
8571,0.285475,1
8572,4.434668,0
8573,0.499668,0
8574,1.745926,0
8575,0.164861,1
8576,0.216596,1
8577,0.512877,1
8578,0.227907,1
8579,6.154403,0
8580,1.718998,0
8581,0.149185,0
8582,2.889686,1
8583,2.614163,0
8584,5.020283,0
8585,0.305885,0
8586,1.611523,1
8587,0.315539,1
8588,0.375959,0
8589,1.70249,1
8590,1.522358,1
8591,0.227579,0
8592,2.132702,0
8593,0.115994,0
8594,0.360742,1
8595,0.41284,1
8596,0.169582,0
8597,1.130337,0
8598,4.152973,0
8599,1.132177,1
8600,0.826497,1
8601,0.140623,1
8602,1.570304,1
8603,2.467027,0
8604,1.925807,0
8605,0.129507,1
8606,3.532279,0
8607,0.33841,0
8608,0.166365,1
8609,2.647647,1
8610,4.347231,0
8611,2.701603,1
8612,0.345143,1
8613,0.251478,1
8614,0.157035,0
8615,3.867464,1
8616,0.455355,0
8617,0.118826,0
8618,4.011752,0
8619,0.151404,1
8620,4.122018,1
8621,3.80985,0
8622,4.310637,0
8623,4.361145,0
8624,0.802444,1
8625,1.858466,1
8626,3.333205,0
8627,4.324084,0
8628,1.656427,0
8629,1.211635,1
8630,0.17385,1
8631,1.34111,1
8632,3.210086,1
8633,3.776969,0
8634,2.427214,1
8635,2.329615,0
8636,4.857574,1
8637,0.161667,1
8638,1.114223,1
8639,0.371676,1
8640,2.205502,0
8641,0.285491,1
8642,3.207748,0
8643,3.422478,1
8644,0.679916,0
8645,0.927376,1
8646,0.410386,0
8647,0.653794,1
8648,3.938545,0
8649,2.165851,0
8650,4.561636,0
8651,3.307773,0
8652,0.196743,1
8653,0.1232,1
8654,0.157514,0
8655,1.021748,1
8656,0.506866,0
8657,2.658091,0
8658,1.494262,1
8659,3.639995,0
8660,3.563098,1
8661,3.292838,0
8662,3.385326,1
8663,5.003697,0
8664,3.983547,0
8665,2.722791,0
8666,3.601298,0
8667,0.371104,0
8668,2.82458,1
8669,0.593884,0
8670,3.050011,0
8671,0.736141,1
8672,2.214992,1
8673,3.945713,0
8674,2.254688,0
8675,4.28406,0
8676,0.161533,1
8677,1.855497,0
8678,0.334703,1
8679,3.148359,0
8680,0.093509,0
8681,0.619784,1
8682,0.396538,0
8683,0.283233,0
8684,4.332514,0
8685,0.350728,0
8686,3.679992,0
8687,0.849434,1
8688,0.458465,1
8689,0.180135,0
8690,2.833214,0
8691,1.799142,0
8692,2.610033,0
8693,3.027146,0
8694,3.964907,0
8695,2.627412,1
8696,0.894348,1
8697,3.473617,0
8698,0.324288,1
8699,3.458332,0
8700,0.988844,1
8701,0.920695,0
8702,0.37999,0
8703,3.594363,0
8704,0.701806,1
8705,0.652105,0
8706,0.839809,0
8707,3.019161,0
8708,0.414899,0
8709,3.183522,0
8710,0.138445,1
8711,0.075838,0
8712,2.968627,0
8713,0.314956,1
8714,3.619429,0
8715,6.165784,0
8716,0.335255,0
8717,0.383061,0
8718,0.321566,0
8719,3.531519,1
8720,2.623883,0
8721,2.015377,0
8722,0.155314,0
8723,4.622613,0
8724,0.088133,1
8725,0.201562,0
8726,3.077097,1
8727,0.547177,0
8728,0.367364,1
8729,3.684093,0
8730,3.477518,1
8731,4.210569,0
8732,2.939574,1
8733,0.136309,1
8734,0.182878,0
8735,3.154159,1
8736,4.537947,0
8737,0.159974,0
8738,0.134098,1
8739,1.742497,1
8740,0.572901,0
8741,3.464993,0
8742,2.262304,0
8743,0.563478,1
8744,5.092264,0
8745,0.172212,1
8746,1.493432,1
8747,1.445371,0
8748,5.299643,1
8749,3.626542,0
8750,1.073831,0
8751,0.191058,1
8752,0.307311,1
8753,0.120178,1
8754,2.872545,0
8755,0.473889,0
8756,4.860941,1
8757,2.526474,0
8758,0.531866,0
8759,4.157049,0
8760,2.901225,0
8761,4.486194,0
8762,3.613458,1
8763,2.856665,0
8764,3.359566,1
8765,1.445683,0
8766,5.370521,0
8767,2.832773,0
8768,0.278102,1
8769,0.379267,1
8770,3.641097,1
8771,0.870405,1
8772,0.167711,1
8773,2.385242,1
8774,3.400355,0
8775,1.818437,0
8776,5.559717,0
8777,0.457801,1
8778,0.61411,1
8779,5.093752,1
8780,3.792197,0
8781,0.668695,1
8782,2.835387,0
8783,4.096577,0
8784,0.618616,0
8785,2.7765,0
8786,1.304178,1
8787,0.700284,0
8788,0.209637,0
8789,0.374802,1
8790,2.830132,1
8791,1.920049,1
8792,3.510636,0
8793,2.871197,0
8794,3.777642,1
8795,0.228218,1
8796,5.164276,0
8797,1.610323,1
8798,0.129678,1
8799,3.354624,0
8800,3.726311,1
8801,0.204871,0
8802,1.369696,1
8803,3.923189,0
8804,0.176205,0
8805,1.102394,1
8806,1.41974,1
8807,0.446664,1
8808,0.402478,0
8809,0.857673,0
8810,3.182289,0
8811,0.605891,1
8812,2.272928,0
8813,0.160378,0
8814,2.007328,1
8815,0.417675,1
8816,3.37337,0
8817,3.731608,0
8818,2.131845,0
8819,0.284454,0
8820,0.460906,0
8821,4.101877,1
8822,0.289981,1
8823,0.4385,1
8824,0.533883,0
8825,3.359797,0
8826,0.172205,0
8827,1.617671,1
8828,3.473072,0
8829,2.000677,1
8830,0.907804,1
8831,0.301314,1
8832,5.3239,1
8833,3.090431,1
8834,2.171118,1
8835,0.340083,1
8836,5.941438,0
8837,0.121745,0
8838,0.122862,1
8839,5.147383,1
8840,0.260171,1
8841,0.476331,1
8842,4.395144,1
8843,2.121422,0
8844,5.306037,1
8845,1.008845,1
8846,0.457082,1
8847,2.202976,0
8848,0.437763,1
8849,4.836211,0
8850,0.434825,1
8851,4.138618,0
8852,0.153206,0
8853,4.132811,1
8854,3.984466,1
8855,0.776003,0
8856,4.374467,0
8857,0.325154,0
8858,3.488213,1
8859,3.934803,1
8860,2.040932,0
8861,0.260194,0
8862,0.204349,1
8863,4.18306,1
8864,0.21342,1
8865,2.407318,0
8866,0.156899,1
8867,3.066022,0
8868,1.242304,1
8869,1.148681,1
8870,0.287182,0
8871,4.142042,0
8872,2.421875,0
8873,1.739918,0
8874,2.651098,1
8875,3.491444,0
8876,3.012352,0
8877,0.216708,0
8878,0.294846,1
8879,1.736791,1
8880,1.897726,1
8881,0.591228,0
8882,0.91602,1
8883,3.821095,0
8884,3.365918,1
8885,4.364357,0
8886,4.551984,1
8887,2.633111,0
8888,2.846664,0
8889,0.698454,0
8890,4.355791,0
8891,3.304285,0
8892,3.939914,0
8893,3.074015,1
8894,3.389738,0
8895,0.532039,0
8896,1.668423,0
8897,0.206271,1
8898,0.227923,1
8899,0.270003,0
8900,1.060826,0
8901,0.301918,0
8902,0.175858,1
8903,0.198864,0
8904,3.087771,1
8905,1.090326,0
8906,2.485863,1
8907,4.647207,0
8908,0.598777,1
8909,5.189592,1
8910,3.420563,1
8911,0.263838,1
8912,0.524182,1
8913,0.563861,0
8914,4.707066,0
8915,0.331479,1
8916,0.333159,1
8917,3.121028,0
8918,0.160227,1
8919,0.630421,0
8920,6.815974,0
8921,0.176388,0
8922,1.988443,0
8923,0.130752,0
8924,1.161641,1
8925,0.7717,0
8926,2.508001,1
8927,0.342264,1
8928,3.476534,0
8929,4.213555,0
8930,0.145011,1
8931,1.586734,1
8932,3.260615,0
8933,0.212117,1
8934,1.297539,1
8935,0.185889,1
8936,0.213973,1
8937,2.511069,0
8938,0.842397,1
8939,0.276279,1
8940,3.224891,0
8941,1.955237,1
8942,2.395988,0
8943,0.113747,1
8944,4.095753,0
8945,0.152173,1
8946,0.198114,1
8947,2.271075,1
8948,2.435819,0
8949,2.411471,1
8950,4.068563,0
8951,4.232141,0
8952,0.797959,0
8953,1.005739,1
8954,0.265981,1
8955,2.09791,0
8956,0.966916,1
8957,0.242532,0
8958,0.989356,1
8959,3.576368,1
8960,3.692413,1
8961,3.558555,1
8962,3.428792,0
8963,2.514328,0
8964,0.286844,1
8965,3.271463,0
8966,2.201922,1
8967,0.241304,1
8968,4.036195,0
8969,1.180007,0
8970,3.089658,1
8971,3.92558,0
8972,1.086714,0
8973,0.193178,1
8974,0.302271,1
8975,0.767276,0
8976,0.202029,0
8977,2.945269,1
8978,3.788913,1
8979,4.572501,0
8980,4.234572,0
8981,0.215133,0
8982,0.282022,0
8983,0.22697,1
8984,4.112832,0
8985,0.175954,1
8986,0.172325,0
8987,3.604834,0
8988,4.152664,0
8989,0.293882,1
8990,4.617378,0
8991,4.310466,1
8992,1.292091,1
8993,0.738809,0
8994,0.085164,1
8995,5.618514,1
8996,1.184387,1
8997,0.380075,1
8998,0.892112,1
8999,4.407874,0
9000,3.308933,0
9001,0.514501,1
9002,3.958765,0
9003,0.378097,0
9004,2.822367,0
9005,0.131145,0
9006,0.16219,1
9007,2.275321,1
9008,3.06443,0
9009,0.117819,0
9010,3.49775,0
9011,0.356972,1
9012,1.213609,0
9013,3.681624,0
9014,3.500622,0
9015,3.994374,0
9016,0.301182,1
9017,0.189612,1
9018,0.150152,1
9019,4.304914,0
9020,0.185893,0
9021,0.167908,1
9022,3.141258,1
9023,0.152544,0
9024,3.534779,0
9025,0.310528,0
9026,2.593944,1
9027,0.146479,1
9028,0.390936,1
9029,3.899649,1
9030,4.113545,1
9031,0.991434,0
9032,0.367937,1
9033,3.942321,0
9034,3.291118,1
9035,0.259312,1
9036,1.313955,0
9037,0.140737,1
9038,2.65723,0
9039,0.62114,1
9040,4.088183,0
9041,3.917836,0
9042,2.62178,0
9043,3.93384,0
9044,3.874102,0
9045,3.427244,0
9046,0.279744,0
9047,5.073077,0
9048,4.004278,1
9049,3.997041,1
9050,3.308564,0
9051,0.117268,0
9052,0.158032,0
9053,4.11491,0
9054,0.399722,1
9055,3.602862,0
9056,0.177791,0
9057,2.23481,0
9058,3.983757,1
9059,3.528921,0
9060,2.362263,1
9061,2.516286,1
9062,3.265672,1
9063,4.443684,1
9064,2.322493,0
9065,0.7396,1
9066,0.149244,0
9067,3.45753,0
9068,0.416375,0
9069,1.683211,0
9070,0.324021,0
9071,3.495646,1
9072,4.032569,1
9073,3.17357,0
9074,1.453759,1
9075,0.180085,1
9076,3.216525,0
9077,2.920584,0
9078,0.603037,0
9079,4.185807,0
9080,0.560958,0
9081,1.716421,1
9082,2.49562,0
9083,4.109914,0
9084,2.214967,0
9085,0.282555,0
9086,3.94543,0
9087,0.554559,1
9088,0.101977,0
9089,0.178201,1
9090,2.626998,0
9091,0.993599,1
9092,4.5358,1
9093,0.16061,0
9094,2.531162,0
9095,0.48513,0
9096,3.272502,0
9097,1.447906,1
9098,4.467663,0
9099,0.122278,1
9100,1.589972,0
9101,1.354827,1
9102,0.205018,1
9103,0.339866,0
9104,0.182055,1
9105,0.262277,0
9106,0.316399,1
9107,3.806141,0
9108,5.435044,1
9109,1.577592,1
9110,0.139559,1
9111,5.243231,0
9112,4.21658,1
9113,0.169756,1
9114,1.856315,0
9115,1.319845,0
9116,0.280552,0
9117,3.955815,0
9118,2.514777,0
9119,1.986868,1
9120,3.018654,1
9121,0.338059,0
9122,3.666933,1
9123,4.502344,1
9124,0.530397,1
9125,1.646992,1
9126,0.288506,1
9127,3.387927,0
9128,4.646338,0
9129,3.300151,0
9130,3.64929,1
9131,0.139379,1
9132,5.29603,1
9133,0.13286,0
9134,0.217598,1
9135,3.126816,1
9136,1.735698,0
9137,0.18686,0
9138,3.121043,1
9139,0.352505,0
9140,3.136934,0
9141,0.583781,0
9142,3.202424,0
9143,4.093285,0
9144,2.871751,1
9145,0.117334,0
9146,0.100318,1
9147,3.160816,0
9148,1.307135,1
9149,0.202827,0
9150,4.641169,0
9151,0.389585,1
9152,0.565023,1
9153,1.026978,0
9154,0.237412,1
9155,0.473466,1
9156,0.689537,1
9157,0.150355,0
9158,1.707944,1
9159,3.270395,0
9160,1.059418,1
9161,0.796834,0
9162,2.009352,0
9163,0.120345,1
9164,1.442794,0
9165,0.124342,1
9166,2.285487,0
9167,0.77236,0
9168,4.552582,1
9169,0.585021,1
9170,0.142722,0
9171,1.025864,1
9172,0.134203,0
9173,0.317629,0
9174,3.687955,0
9175,4.093049,0
9176,1.800039,0
9177,0.237357,0
9178,3.143148,1
9179,4.06689,0
9180,4.562286,1
9181,1.91356,0
9182,4.509894,1
9183,2.82162,0
9184,3.985859,0
9185,2.589421,1
9186,3.404532,0
9187,1.985696,1
9188,0.236104,1
9189,2.268048,1
9190,0.460063,1
9191,0.226886,1
9192,0.524545,0
9193,1.745027,0
9194,0.595248,0
9195,2.365593,0
9196,4.41795,1
9197,4.261919,0
9198,3.492498,0
9199,3.45324,1
9200,1.469319,0
9201,4.043702,1
9202,0.173114,1
9203,0.175028,0
9204,4.084482,0
9205,1.044024,1
9206,0.113569,1
9207,0.105068,0
9208,0.249217,1
9209,3.224477,0
9210,1.480539,1
9211,2.504061,1
9212,4.898554,1
9213,1.284614,0
9214,0.480748,0
9215,4.247933,0
9216,3.63989,1
9217,0.147437,1
9218,0.676908,0
9219,0.793746,1
9220,3.285578,0
9221,3.390553,0
9222,3.4752,0
9223,3.064289,1
9224,3.056805,0
9225,4.042968,0
9226,1.096386,1
9227,0.448519,0
9228,0.303161,1
9229,3.614567,0
9230,1.666341,1
9231,3.322478,0
9232,3.863526,1
9233,3.431566,1
9234,5.883506,0
9235,4.70524,1
9236,0.53432,0
9237,4.431078,0
9238,5.892371,1
9239,0.128792,1
9240,3.216354,0
9241,3.890836,1
9242,3.18731,1
9243,3.977148,0
9244,0.708614,1
9245,2.12264,1
9246,0.877693,1
9247,3.507114,0
9248,0.306139,1
9249,0.386823,0
9250,0.469047,1
9251,3.211853,0
9252,3.205459,0
9253,0.357982,0
9254,3.639704,1
9255,2.287122,0
9256,3.050469,0
9257,3.42682,0
9258,0.203032,0
9259,0.232543,0
9260,3.812131,1
9261,2.380942,0
9262,3.120703,1
9263,0.267376,1
9264,1.370208,1
9265,4.420374,0
9266,2.297806,1
9267,4.323164,1
9268,1.581016,1
9269,3.128755,0
9270,0.223778,1
9271,0.168308,1
9272,0.299024,0
9273,0.118718,1
9274,1.562423,0
9275,3.355095,0
9276,3.433725,0
9277,1.079643,1
9278,0.106882,1
9279,4.073737,0
9280,0.30594,1
9281,0.218015,1
9282,0.708833,0
9283,0.340672,1
9284,4.417969,0
9285,0.469242,1
9286,0.420073,1
9287,1.292801,0
9288,0.893502,1
9289,0.173089,1
9290,3.096275,0
9291,0.114273,1
9292,0.762142,0
9293,0.149783,1
9294,4.392398,0
9295,0.916905,0
9296,5.615713,0
9297,3.304492,1
9298,2.698394,0
9299,0.954218,1
9300,2.890049,1
9301,0.399414,0
9302,3.281404,0
9303,0.407728,1
9304,5.221911,0
9305,1.287351,1
9306,4.468431,1
9307,4.255697,0
9308,0.868207,0
9309,0.353887,1
9310,3.161937,0
9311,2.571146,0
9312,1.158704,0
9313,2.521313,1
9314,3.623937,0
9315,3.774444,0
9316,2.152231,0
9317,1.829168,1
9318,0.164647,0
9319,0.915237,0
9320,1.338829,1
9321,2.262413,0
9322,0.360365,0
9323,1.426887,1
9324,0.182298,1
9325,0.161503,0
9326,2.798172,0
9327,0.755422,1
9328,0.430069,1
9329,0.771245,1
9330,2.369788,0
9331,3.818398,0
9332,2.635553,0
9333,0.21102,1
9334,2.796,0
9335,0.23414,0
9336,5.337796,1
9337,2.437803,0
9338,0.45913,1
9339,3.234908,0
9340,1.135838,1
9341,3.111497,0
9342,0.896119,1
9343,0.60908,0
9344,0.181153,1
9345,0.358632,1
9346,0.686961,1
9347,2.618847,0
9348,3.97051,1
9349,4.591075,1
9350,0.678272,0
9351,4.292802,0
9352,2.552034,0
9353,2.251822,0
9354,0.484349,0
9355,0.143617,1
9356,3.256725,0
9357,3.892931,0
9358,0.747874,1
9359,3.058356,0
9360,4.767223,0
9361,3.506053,0
9362,0.867355,1
9363,1.028217,1
9364,4.833056,0
9365,0.192639,1
9366,4.179326,0
9367,3.681385,0
9368,1.905258,0
9369,0.605927,1
9370,3.225251,0
9371,2.081592,0
9372,0.29756,0
9373,3.710906,1
9374,0.17256,1
9375,0.694647,0
9376,3.792432,0
9377,3.485747,0
9378,1.41055,0
9379,4.221632,0
9380,0.666217,0
9381,0.233306,0
9382,0.249309,1
9383,1.624409,1
9384,0.167713,0
9385,5.396948,1
9386,3.603484,0
9387,2.907686,0
9388,1.7389,0
9389,0.889949,1
9390,2.71855,0
9391,2.340039,1
9392,0.139503,1
9393,3.038961,0
9394,1.228815,0
9395,0.996121,0
9396,0.12725,0
9397,2.551569,0
9398,3.508136,0
9399,1.128378,0
9400,0.165757,0
9401,0.215054,0
9402,0.13458,1
9403,2.210598,1
9404,0.325958,0
9405,2.48184,0
9406,0.213338,1
9407,0.340643,1
9408,0.117843,1
9409,0.271324,1
9410,3.35609,0
9411,3.560503,1
9412,3.703434,0
9413,1.289827,0
9414,3.749994,0
9415,1.470955,0
9416,1.894449,0
9417,0.722744,1
9418,2.005188,1
9419,1.304698,1
9420,6.082355,0
9421,1.855407,1
9422,2.477531,0
9423,4.384238,0
9424,3.131765,0
9425,2.982914,1
9426,0.392149,0
9427,0.951994,0
9428,4.336994,0
9429,1.893332,0
9430,1.099548,1
9431,4.666861,1
9432,4.456737,0
9433,1.871554,1
9434,2.97432,0
9435,0.918022,1
9436,1.119428,1
9437,3.173712,0
9438,0.461769,1
9439,0.640338,0
9440,3.072848,1
9441,0.411545,1
9442,4.542922,0
9443,0.956423,1
9444,0.08718,0
9445,3.485832,1
9446,2.46734,0
9447,2.795032,0
9448,0.371037,1
9449,0.15391,1
9450,1.429558,1
9451,6.080142,1
9452,1.19514,1
9453,1.228797,1
9454,0.490207,0
9455,1.230068,0
9456,3.374329,1
9457,0.219312,1
9458,4.655838,1
9459,3.201368,0
9460,4.116105,0
9461,0.458035,1
9462,0.495077,1
9463,0.684132,1
9464,2.011152,0
9465,0.084286,1
9466,2.282862,0
9467,0.324499,1
9468,1.150819,1
9469,4.95295,1
9470,0.609707,1
9471,1.057026,1
9472,0.180716,1
9473,0.210717,1
9474,0.123218,0
9475,0.353981,1
9476,1.090435,1
9477,2.182369,0
9478,1.782336,1
9479,3.424874,0
9480,3.583874,1
9481,3.146148,0
9482,4.073178,1
9483,0.142264,1
9484,3.671017,0
9485,3.228352,0
9486,0.138884,1
9487,2.024401,1
9488,0.825645,1
9489,3.800523,0
9490,0.218182,1
9491,4.300399,1
9492,3.884648,0
9493,0.206968,1
9494,0.261027,1
9495,3.998969,1
9496,2.87832,1
9497,3.191128,0
9498,1.465443,0
9499,0.119488,1
9500,0.123696,0
9501,1.637203,0
9502,4.791828,0
9503,4.610107,0
9504,3.631032,1
9505,0.063953,1
9506,3.361459,1
9507,4.035242,1
9508,2.907995,0
9509,2.000897,0
9510,0.195765,1
9511,1.068678,1
9512,0.66807,1
9513,0.472922,0
9514,5.078627,1
9515,3.161692,1
9516,2.263872,1
9517,0.385338,0
9518,3.726076,0
9519,4.874963,0
9520,3.434577,0
9521,4.98905,1
9522,0.175108,1
9523,0.219261,1
9524,4.086299,1
9525,3.851428,0
9526,3.65004,1
9527,1.355385,1
9528,2.239002,0
9529,1.657027,1
9530,0.471396,1
9531,4.717025,0
9532,2.468278,0
9533,0.410237,1
9534,0.052989,1
9535,0.158434,0
9536,1.145695,1
9537,0.277113,0
9538,0.343716,0
9539,1.693036,0
9540,0.482323,0
9541,3.956826,0
9542,2.721826,0
9543,0.492218,0
9544,0.332559,1
9545,1.358715,1
9546,0.206803,1
9547,1.941241,1
9548,0.234916,0
9549,1.183682,0
9550,2.634128,0
9551,2.783649,0
9552,3.338016,0
9553,0.208767,1
9554,4.42266,0
9555,0.450574,0
9556,4.472094,0
9557,0.43721,1
9558,0.571514,0
9559,0.191993,1
9560,0.98838,0
9561,4.171615,1
9562,0.144431,0
9563,2.842665,0
9564,4.097589,1
9565,4.015874,0
9566,0.232845,0
9567,3.31159,0
9568,0.223166,0
9569,4.101877,0
9570,3.184966,0
9571,0.973515,0
9572,0.20323,1
9573,4.074029,0
9574,0.357772,1
9575,0.139126,1
9576,1.112465,1
9577,5.100628,0
9578,1.04951,1
9579,0.927498,1
9580,3.809055,0
9581,1.182137,1
9582,2.808015,0
9583,0.47599,0
9584,0.925076,1
9585,1.663434,0
9586,4.069354,0
9587,0.225771,1
9588,3.431363,1
9589,1.721257,1
9590,2.949066,0
9591,1.761006,0
9592,0.087923,0
9593,0.144578,1
9594,1.091531,0
9595,1.459783,1
9596,4.254769,0
9597,0.766609,1
9598,4.820608,0
9599,3.849813,0
9600,0.2767,0
9601,1.530951,1
9602,1.548669,1
9603,0.477653,1
9604,3.685487,0
9605,0.139205,1
9606,0.81057,0
9607,0.272784,0
9608,0.331766,1
9609,2.705989,0
9610,0.927454,1
9611,0.79292,1
9612,3.256828,0
9613,0.129863,0
9614,0.42974,1
9615,0.137057,1
9616,0.50481,1
9617,2.833328,1
9618,4.070397,1
9619,0.776176,1
9620,3.406907,0
9621,1.251788,0
9622,4.840514,1
9623,0.796592,0
9624,2.629869,0
9625,1.19616,0
9626,3.053876,1
9627,3.735529,0
9628,1.421094,1
9629,0.238932,1
9630,0.25167,0
9631,2.510566,1
9632,0.237997,1
9633,1.857397,1
9634,3.823412,1
9635,2.705503,1
9636,1.162402,1
9637,5.077699,1
9638,0.235637,0
9639,4.633369,0
9640,0.207343,1
9641,3.143604,0
9642,4.540264,1
9643,4.700688,1
9644,3.516133,0
9645,5.747843,0
9646,0.461941,0
9647,3.538082,1
9648,5.560215,0
9649,0.185148,0
9650,4.002852,0
9651,0.305129,0
9652,1.505951,1
9653,0.555522,0
9654,1.45277,1
9655,0.657263,1
9656,3.311321,1
9657,2.616226,0
9658,4.130806,0
9659,3.890159,1
9660,0.251644,0
9661,0.137033,1
9662,0.182244,0
9663,1.805352,0
9664,4.3318,1
9665,0.163601,1
9666,2.394562,1
9667,0.340048,1
9668,2.627001,0
9669,3.057505,0
9670,1.956721,0
9671,3.768344,1
9672,3.605753,0
9673,0.173036,1
9674,0.120968,0
9675,3.733768,0
9676,0.556936,1
9677,0.875164,1
9678,0.159827,1
9679,1.221003,1
9680,1.727757,1
9681,0.154807,1
9682,0.603664,1
9683,3.678715,0
9684,0.24733,1
9685,1.41427,0
9686,3.297374,0
9687,0.166056,1
9688,0.653298,1
9689,0.664132,1
9690,2.830994,0
9691,0.251839,1
9692,1.704209,0
9693,2.99244,0
9694,4.332015,1
9695,0.508819,1
9696,2.966478,0
9697,4.14032,0
9698,3.185444,0
9699,2.376615,0
9700,0.575491,1
9701,2.671998,1
9702,1.988883,0
9703,2.421958,0
9704,4.526966,0
9705,0.168528,1
9706,3.81839,0
9707,4.301917,0
9708,0.302041,1
9709,3.101624,1
9710,0.471852,0
9711,0.123667,0
9712,0.628969,1
9713,1.071967,0
9714,2.595758,1
9715,3.437786,1
9716,0.214123,0
9717,0.918662,1
9718,3.403122,0
9719,3.197256,0
9720,0.08016,1
9721,0.373707,0
9722,3.873483,0
9723,0.854501,1
9724,4.101213,1
9725,3.523249,0
9726,3.025899,0
9727,6.363182,0
9728,3.988476,0
9729,0.675133,1
9730,0.163268,1
9731,4.108769,1
9732,1.44921,1
9733,2.592483,0
9734,0.223615,1
9735,3.141793,0
9736,1.223856,0
9737,3.042239,0
9738,0.471377,1
9739,0.203411,1
9740,2.857829,0
9741,0.349047,1
9742,5.372283,1
9743,0.444212,0
9744,3.558264,0
9745,5.124329,1
9746,0.231136,1
9747,1.976801,0
9748,1.107966,1
9749,0.581668,0
9750,3.85903,1
9751,3.835125,0
9752,0.762889,0
9753,5.022031,1
9754,1.705095,1
9755,3.680024,1
9756,3.428235,0
9757,0.144427,0
9758,1.920694,0
9759,0.15391,1
9760,0.207441,0
9761,0.206611,0
9762,0.150851,1
9763,2.788696,0
9764,0.527729,0
9765,0.795754,1
9766,0.354224,1
9767,0.444154,0
9768,2.355361,0
9769,2.865858,1
9770,1.217432,1
9771,5.711691,0
9772,3.960556,0
9773,0.202075,0
9774,0.143064,0
9775,0.271074,1
9776,3.272013,0
9777,4.432244,1
9778,0.172589,1
9779,3.475585,1
9780,0.218327,1
9781,0.10805,1
9782,0.995695,0
9783,3.627362,0
9784,0.305409,1
9785,0.558475,0
9786,4.323013,1
9787,4.529206,1
9788,2.391704,0
9789,2.583316,0
9790,3.355091,0
9791,1.54816,0
9792,0.130386,0
9793,2.754615,0
9794,4.715489,1
9795,0.691484,1
9796,3.747672,1
9797,3.254564,1
9798,1.477722,0
9799,1.052623,1
9800,4.164786,0
9801,0.72282,1
9802,1.827419,0
9803,0.177399,1
9804,2.788998,0
9805,3.287856,0
9806,2.724281,0
9807,3.174107,1
9808,0.120539,1
9809,4.865553,0
9810,4.005657,0
9811,1.002758,0
9812,0.128246,0
9813,4.013316,0
9814,2.253266,1
9815,4.157112,0
9816,4.412643,1
9817,3.213021,0
9818,4.533883,1
9819,2.106294,1
9820,4.678131,1
9821,3.753729,0
9822,4.145504,0
9823,1.296833,1
9824,2.709116,0
9825,1.422285,1
9826,4.640818,0
9827,1.871943,0
9828,0.223429,0
9829,1.713453,1
9830,0.334856,0
9831,0.79516,1
9832,0.093462,0
9833,3.251191,0
9834,0.504869,1
9835,0.252096,0
9836,0.939704,1
9837,0.118682,1
9838,0.495055,0
9839,4.278249,0
9840,4.329621,1
9841,3.842698,0
9842,0.463888,1
9843,1.13335,1
9844,0.146149,1
9845,1.46192,1
9846,3.038438,0
9847,0.205163,0
9848,2.586157,1
9849,4.103271,0
9850,3.816751,1
9851,4.142039,0
9852,3.851174,0
9853,2.244245,0
9854,2.690749,0
9855,4.090149,0
9856,4.858625,0
9857,2.564596,0
9858,4.480186,0
9859,0.529463,0
9860,1.248701,0
9861,0.54029,1
9862,0.180446,0
9863,3.939077,0
9864,0.190168,1
9865,4.95734,0
9866,1.903364,1
9867,0.73146,1
9868,4.117199,0
9869,4.253056,0
9870,0.472246,1
9871,0.293037,0
9872,3.661057,0
9873,0.980196,0
9874,2.578899,0
9875,0.144479,0
9876,1.564203,1
9877,4.39909,0
9878,3.077211,0
9879,3.333038,0
9880,1.743207,0
9881,0.608786,1
9882,0.221534,0
9883,0.227658,1
9884,3.534338,0
9885,3.790109,0
9886,3.746052,1
9887,5.506377,1
9888,5.04092,1
9889,0.399998,1
9890,5.602119,0
9891,3.172808,0
9892,1.515932,1
9893,3.072976,0
9894,3.441934,0
9895,0.426539,1
9896,1.08272,0
9897,3.111503,1
9898,3.328852,0
9899,4.382627,0
9900,1.768137,1
9901,0.817626,1
9902,3.527824,1
9903,0.237109,0
9904,0.598806,1
9905,3.824229,0
9906,0.117242,1
9907,0.171881,1
9908,5.205084,0
9909,3.847856,0
9910,1.389338,1
9911,0.137907,0
9912,0.207443,1
9913,0.586618,1
9914,0.517411,1
9915,3.41936,0
9916,3.561337,0
9917,3.364709,1
9918,0.203004,1
9919,0.476418,1
9920,0.262683,0
9921,0.15608,1
9922,0.339255,1
9923,0.091059,0
9924,1.874844,0
9925,3.458589,0
9926,0.382092,0
9927,0.127934,1
9928,1.160402,0
9929,0.486919,1
9930,2.308757,0
9931,4.085421,1
9932,0.467515,1
9933,4.667181,0
9934,3.192491,0
9935,4.489025,1
9936,2.867454,1
9937,2.646019,1
9938,2.767619,0
9939,3.112206,1
9940,3.639151,1
9941,2.787855,0
9942,2.365565,0
9943,2.972602,0
9944,3.360742,0
9945,1.790094,0
9946,1.1144,1
9947,1.419751,1
9948,0.307286,1
9949,0.115944,0
9950,3.168689,1
9951,1.762034,0
9952,0.804871,0
9953,1.766514,0
9954,0.601646,0
9955,0.930631,1
9956,0.361837,1
9957,0.120405,0
9958,3.229511,1
9959,0.200885,1
9960,3.255319,0
9961,0.145813,1
9962,5.322569,0
9963,0.183252,1
9964,0.722355,1
9965,0.223062,1
9966,1.397407,1
9967,0.323839,0
9968,2.110611,0
9969,0.434796,0
9970,0.180201,1
9971,0.140561,0
9972,3.568627,1
9973,1.029038,0
9974,1.281925,1
9975,0.87184,1
9976,1.112553,0
9977,2.3233,0
9978,2.500734,0
9979,2.326186,0
9980,0.231907,1
9981,4.12123,0
9982,3.566827,0
9983,0.36465,0
9984,1.729061,1
9985,3.536119,0
9986,0.137435,0
9987,0.107491,1
9988,0.100321,1
9989,0.856967,1
9990,3.802695,0
9991,1.337654,0
9992,0.167137,0
9993,0.557658,0
9994,0.131839,1
9995,3.237168,1
9996,0.357183,1
9997,4.538234,1
9998,3.582361,0
9999,0.112074,1
10000,2.941525,0
10001,2.386322,1
10002,3.079844,1
10003,1.098508,1
10004,4.783449,0
10005,0.822593,1
10006,3.53394,0
10007,0.590804,1
10008,0.907334,0
10009,1.844259,0
10010,1.632324,0
10011,3.597002,0
10012,0.175314,1
10013,4.012047,0
10014,4.479117,0
10015,5.378778,1
10016,1.790253,0
10017,3.505738,1
10018,3.484499,1
10019,1.792158,1
10020,4.588594,0
10021,2.319905,0
10022,3.642784,0
10023,2.745586,0
10024,2.94814,0
10025,2.825212,0
10026,0.101845,1
10027,0.381244,0
10028,0.307529,0
10029,0.404334,1
10030,3.368029,0
10031,0.16286,1
10032,3.838397,0
10033,0.209728,0
10034,5.006571,1
10035,0.403461,0
10036,3.927665,0
10037,3.401499,0
10038,0.230629,1
10039,0.31241,0
10040,3.486614,0
10041,0.122939,0
10042,3.22735,0
10043,1.6285,1
10044,2.463311,0
10045,3.871927,0
10046,4.274748,0
10047,4.045466,0
10048,0.209521,0
10049,5.75899,0
10050,4.133433,0
10051,0.455898,1
10052,3.588119,0
10053,0.707471,0
10054,2.178606,0
10055,0.070739,0
10056,3.002668,1
10057,0.303967,0
10058,3.611577,1
10059,0.172212,1
10060,0.196046,0
10061,0.420714,1
10062,3.945506,0
10063,3.586365,0
10064,0.131941,1
10065,0.511236,1
10066,3.206603,1
10067,2.71711,1
10068,3.158778,0
10069,0.290339,1
10070,4.839564,0
10071,1.230154,1
10072,0.15693,0
10073,4.593184,0
10074,5.813432,1
10075,0.233295,1
10076,3.234941,0
10077,3.693253,0
10078,4.005239,0
10079,3.929994,1
10080,1.094064,1
10081,0.288042,1
10082,0.174451,0
10083,1.820562,0
10084,5.136195,0
10085,1.778181,1
10086,4.849829,0
10087,2.346635,0
10088,3.409819,1
10089,0.897335,0
10090,0.156686,1
10091,2.487641,0
10092,3.564144,1
10093,2.893458,0
10094,0.55462,0
10095,3.148996,0
10096,1.816307,0
10097,0.954538,1
10098,3.523309,1
10099,0.293798,1
10100,3.854478,0
10101,0.147999,1
10102,0.35349,1
10103,0.276748,1
10104,0.111448,0
10105,3.318594,1
10106,1.522887,0
10107,0.631298,1
10108,4.204883,0
10109,1.041433,0
10110,3.751123,0
10111,3.610379,1
10112,3.804066,1
10113,0.139487,1
10114,1.278266,0
10115,1.751745,0
10116,0.246218,1
10117,1.027505,1
10118,0.432752,1
10119,0.279548,1
10120,3.767149,1
10121,3.590846,1
10122,3.339558,0
10123,0.73068,1
10124,1.477147,1
10125,4.014737,0
10126,0.940666,0
10127,4.234625,0
10128,0.063906,1
10129,1.001739,0
10130,1.728828,1
10131,3.254319,0
10132,2.754412,0
10133,5.355051,0
10134,1.752036,1
10135,0.730173,0
10136,1.268456,1
10137,3.351964,0
10138,0.361558,0
10139,0.322833,1
10140,3.383334,0
10141,3.410472,1
10142,1.140327,1
10143,0.133512,0
10144,3.345635,0
10145,2.169444,0
10146,3.515107,0
10147,4.248562,0
10148,5.095081,1
10149,3.286455,0
10150,4.054634,0
10151,0.577952,0
10152,2.543636,0
10153,2.376399,1
10154,2.824964,0
10155,2.335506,0
10156,0.133905,1
10157,3.571401,0
10158,0.355368,1
10159,4.579736,1
10160,0.43139,0
10161,3.954908,0
10162,0.483504,0
10163,0.297028,1
10164,1.148247,1
10165,0.114948,0
10166,4.950295,0
10167,1.078955,0
10168,3.145502,0
10169,3.761594,0
10170,0.195801,1
10171,0.253556,1
10172,3.21418,0
10173,0.136349,1
10174,2.654823,1
10175,3.295892,1
10176,0.508866,1
10177,2.14413,0
10178,2.672704,1
10179,2.133111,0
10180,1.172839,1
10181,0.201327,1
10182,3.7274,0
10183,0.132261,1
10184,4.043635,0
10185,3.986459,0
10186,3.842096,0
10187,1.727704,0
10188,0.110928,1
10189,0.306708,1
10190,0.104244,1
10191,4.218612,1
10192,2.656598,1
10193,0.150999,1
10194,4.07951,1
10195,0.255205,0
10196,0.747842,0
10197,0.179859,1
10198,2.681916,0
10199,0.135613,1
10200,0.633329,0
10201,0.233255,1
10202,0.189942,0
10203,4.431777,0
10204,3.046218,1
10205,0.313367,1
10206,1.007685,1
10207,2.916917,0
10208,0.484797,1
10209,0.454117,1
10210,0.110846,1
10211,3.982278,0
10212,2.246105,0
10213,3.905163,0
10214,1.713291,1
10215,0.154327,1
10216,1.848813,1
10217,4.388993,0
10218,0.203485,1
10219,3.266051,0
10220,0.25467,1
10221,0.132665,0
10222,1.602471,1
10223,3.645423,0
10224,0.272989,1
10225,1.570491,1
10226,4.841961,0
10227,3.183807,0
10228,0.15333,1
10229,0.368307,0
10230,0.773524,0
10231,3.807344,0
10232,1.567026,0
10233,0.369853,0
10234,0.394757,0
10235,0.654033,1
10236,0.4461,1
10237,0.154972,0
10238,1.002844,0
10239,0.305173,1
10240,4.354204,0
10241,0.226303,1
10242,0.354397,0
10243,4.899869,1
10244,0.584957,1
10245,0.505844,1
10246,3.10409,0
10247,2.919403,0
10248,0.334113,0
10249,3.217288,1
10250,2.764551,1
10251,0.685062,1
10252,2.661914,1
10253,2.258669,0
10254,0.14902,1
10255,0.671585,1
10256,0.352512,1
10257,0.190416,0
10258,4.127698,0
10259,0.336259,1
10260,0.476211,0
10261,4.239028,1
10262,0.186768,1
10263,3.387507,1
10264,5.022614,1
10265,0.127547,0
10266,4.007412,0
10267,1.561592,1
10268,0.112924,1
10269,0.249563,0
10270,0.275197,1
10271,0.100957,1
10272,3.39864,0
10273,3.223711,1
10274,3.96242,0
10275,4.196118,1
10276,3.316948,0
10277,4.080774,0
10278,0.760983,0
10279,0.33304,1
10280,1.769588,0
10281,4.229506,0
10282,4.100297,0
10283,3.935791,1
10284,0.436404,1
10285,3.280071,0
10286,0.832151,1
10287,0.947496,1
10288,0.320307,0
10289,2.975593,1
10290,2.623039,0
10291,0.261832,0
10292,3.468732,0
10293,0.811513,1
10294,0.278493,1
10295,2.578212,0
10296,1.778982,1
10297,2.855069,0
10298,0.362571,1
10299,3.40537,0
10300,3.421525,1
10301,0.763977,1
10302,0.139502,0
10303,4.218696,0
10304,2.851924,1
10305,2.912082,0
10306,1.563606,0
10307,0.380443,0
10308,5.253236,0
10309,2.409225,0
10310,3.006938,1
10311,4.690261,0
10312,0.861012,1
10313,0.797648,0
10314,0.493868,1
10315,3.50692,0
10316,2.433913,1
10317,1.74673,1
10318,0.642496,0
10319,3.183912,0
10320,0.588747,1
10321,0.369522,1
10322,1.637375,0
10323,2.306721,1
10324,1.269963,1
10325,2.502371,0
10326,4.185352,1
10327,4.487722,0
10328,4.985057,1
10329,0.358163,0
10330,3.369192,0
10331,1.014298,0
10332,2.34535,0
10333,2.872926,1
10334,0.164685,1
10335,4.676691,0
10336,3.254275,0
10337,0.933939,0
10338,3.783964,0
10339,2.840005,0
10340,4.034498,0
10341,0.642401,1
10342,0.068051,1
10343,1.404896,1
10344,3.145373,0
10345,1.864351,0
10346,1.381408,1
10347,3.0179,0
10348,3.355799,0
10349,0.58129,0
10350,0.453636,1
10351,0.368052,1
10352,1.236617,1
10353,0.316419,1
10354,3.400105,1
10355,3.852549,0
10356,0.598125,0
10357,3.282317,0
10358,4.628212,0
10359,0.18436,0
10360,2.62038,1
10361,2.151498,1
10362,0.311245,0
10363,3.614354,1
10364,2.059059,1
10365,3.266126,1
10366,3.955214,0
10367,3.097738,1
10368,0.312194,0
10369,3.075113,0
10370,5.130138,1
10371,2.872448,0
10372,0.263309,0
10373,3.471612,0
10374,0.263911,0
10375,0.417818,0
10376,0.854587,1
10377,0.148485,1
10378,0.398055,1
10379,3.937248,1
10380,4.029959,1
10381,3.948703,0
10382,3.270483,0
10383,0.643882,1
10384,3.253475,1
10385,3.385966,0
10386,0.713794,0
10387,0.279295,1
10388,0.123012,1
10389,0.138501,1
10390,5.144288,1
10391,1.790114,1
10392,3.810936,1
10393,4.157986,0
10394,0.660736,0
10395,3.319651,1
10396,0.698751,1
10397,0.339406,1
10398,2.1044,0
10399,0.558835,1
10400,0.121376,0
10401,0.637971,1
10402,4.418842,0
10403,0.413657,1
10404,2.239543,0
10405,0.178143,0
10406,3.878689,1
10407,3.8923,0
10408,3.171122,0
10409,3.87845,0
10410,2.457469,1
10411,4.456404,1
10412,0.227214,1
10413,2.049817,0
10414,3.721592,0
10415,3.658473,1
10416,2.931749,0
10417,0.208478,0
10418,0.659531,0
10419,0.567744,1
10420,2.546944,0
10421,1.747072,1
10422,0.322392,1
10423,3.716389,0
10424,0.676776,0
10425,0.127378,1
10426,1.206662,0
10427,0.307101,1
10428,0.585218,0
10429,2.769646,1
10430,3.167133,1
10431,5.288982,0
10432,0.179885,0
10433,2.15204,1
10434,3.070541,0
10435,3.774168,1
10436,0.29133,1
10437,0.194492,0
10438,3.177496,0
10439,3.864376,1
10440,2.591419,1
10441,3.450971,0
10442,0.428583,1
10443,3.308068,0
10444,0.294808,1
10445,2.800263,0
10446,0.235401,1
10447,0.440588,0
10448,0.167558,0
10449,3.168201,1
10450,0.148204,1
10451,6.376935,0
10452,2.880088,0
10453,0.153095,0
10454,2.300513,1
10455,3.022691,0
10456,0.887631,1
10457,3.470367,0
10458,3.513695,0
10459,0.424617,0
10460,0.107358,0
10461,4.322597,0
10462,1.324763,0
10463,1.073809,0
10464,4.162378,0
10465,0.23228,1
10466,2.122057,0
10467,0.374579,1
10468,1.826078,1
10469,2.794546,1
10470,3.442879,0
10471,0.189485,0
10472,3.967714,1
10473,4.204226,0
10474,2.451759,0
10475,1.829767,1
10476,2.035522,0
10477,2.826961,0
10478,0.47566,0
10479,0.868567,1
10480,2.525437,0
10481,0.623159,0
10482,0.274121,1
10483,4.575881,0
10484,3.610529,0
10485,4.056767,1
10486,3.359062,0
10487,1.123001,0
10488,1.434546,0
10489,4.009511,1
10490,2.596047,1
10491,3.736322,0
10492,0.332609,0
10493,0.19406,1
10494,1.163652,1
10495,3.765938,0
10496,4.451224,1
10497,5.172456,0
10498,0.432398,0
10499,0.453579,0
10500,0.492877,1
10501,0.558231,1
10502,0.170085,1
10503,0.23941,0
10504,0.295076,1
10505,0.313443,1
10506,0.131536,1
10507,0.241733,0
10508,0.510053,1
10509,4.561948,0
10510,1.034785,0
10511,0.238743,1
10512,4.655046,0
10513,1.452497,1
10514,0.158095,0
10515,0.301987,1
10516,3.621095,0
10517,0.163133,1
10518,4.620917,0
10519,4.077435,0
10520,3.849114,0
10521,1.073516,1
10522,0.279134,0
10523,0.313357,1
10524,2.592134,0
10525,3.160992,1
10526,3.168462,0
10527,3.039067,0
10528,3.763722,1
10529,0.577938,1
10530,0.229251,1
10531,1.143789,0
10532,2.874768,0
10533,3.512734,1
10534,4.27338,0
10535,2.728439,0
10536,4.461137,0
10537,0.115888,1
10538,0.617286,1
10539,0.239907,0
10540,2.383949,1
10541,0.085132,0
10542,7.387135,0
10543,0.284837,0
10544,4.490495,1
10545,1.040144,0
10546,0.34856,1
10547,3.927663,1
10548,0.228295,1
10549,2.257804,0
10550,0.22508,1
10551,0.125512,0
10552,3.516035,0
10553,0.167185,1
10554,0.416718,1
10555,2.849378,0
10556,2.015406,0
10557,1.303328,1
10558,3.42736,0
10559,3.155973,0
10560,0.209595,1
10561,3.248579,0
10562,2.355962,1
10563,3.745942,0
10564,2.842173,0
10565,2.330971,0
10566,0.682106,0
10567,0.198278,0
10568,2.535406,0
10569,0.572391,1
10570,2.998087,1
10571,1.841891,1
10572,0.79649,1
10573,0.20636,1
10574,1.175464,1
10575,0.253627,1
10576,1.808253,1
10577,0.525828,1
10578,2.599597,0
10579,0.639532,0
10580,2.981252,0
10581,1.754939,1
10582,3.620321,0
10583,5.401204,1
10584,0.440243,0
10585,0.738919,1
10586,2.724589,1
10587,2.885869,0
10588,4.239136,1
10589,4.436527,0
10590,3.929869,1
10591,5.342649,1
10592,4.767545,0
10593,0.096825,1
10594,0.857697,1
10595,3.717313,0
10596,4.650074,0
10597,0.837781,1
10598,4.399274,0
10599,1.057876,1
10600,0.778301,1
10601,1.509454,0
10602,4.801267,1
10603,0.84473,1
10604,0.123208,1
10605,0.445306,0
10606,4.105292,1
10607,2.048953,1
10608,1.076598,0
10609,2.156907,1
10610,3.224883,0
10611,0.15852,1
10612,2.773088,0
10613,0.38357,1
10614,0.990469,1
10615,0.485675,0
10616,0.964708,0
10617,2.992291,0
10618,0.159265,1
10619,2.73294,0
10620,4.563888,1
10621,0.255943,0
10622,2.731416,0
10623,3.095094,0
10624,3.880955,0
10625,1.656231,0
10626,0.176596,1
10627,3.193031,0
10628,0.734886,1
10629,0.218805,1
10630,0.205779,1
10631,4.140158,0
10632,1.809553,1
10633,0.428823,0
10634,2.002727,1
10635,0.253198,1
10636,2.155965,1
10637,3.554702,0
10638,1.939764,1
10639,3.516722,0
10640,0.183771,0
10641,1.125167,0
10642,3.775485,1
10643,1.686321,0
10644,0.853392,0
10645,0.177389,1
10646,0.193722,1
10647,2.704688,1
10648,2.964402,0
10649,0.560893,1
10650,1.703529,0
10651,0.158251,1
10652,1.702994,1
10653,1.477775,1
10654,0.845081,1
10655,3.932967,0
10656,2.218057,0
10657,1.922439,0
10658,0.173431,0
10659,2.901025,0
10660,0.753396,1
10661,0.215977,0
10662,3.830658,0
10663,0.207129,1
10664,0.469564,1
10665,2.131615,0
10666,3.196627,0
10667,0.25681,1
10668,1.801348,1
10669,3.349213,0
10670,0.380198,1
10671,0.23029,0
10672,0.123747,1
10673,0.255135,1
10674,1.831403,1
10675,0.826441,0
10676,0.545443,1
10677,3.474426,0
10678,3.44193,0
10679,3.866638,1
10680,4.500117,0
10681,0.438758,0
10682,1.922377,0
10683,1.811917,0
10684,3.065396,0
10685,3.178921,0
10686,2.848519,1
10687,1.99245,0
10688,4.254808,1
10689,0.288552,1
10690,0.473794,1
10691,0.376384,1
10692,0.856857,1
10693,0.165891,1
10694,0.307846,0
10695,2.384971,0
10696,0.229266,0
10697,2.990707,1
10698,0.601753,1
10699,1.262548,0
10700,0.825849,0
10701,0.779537,0
10702,2.611578,0
10703,2.608224,1
10704,0.335949,0
10705,0.6121,0
10706,2.801249,0
10707,2.391093,0
10708,2.998638,0
10709,0.268507,1
10710,1.876441,1
10711,0.169667,0
10712,1.573009,1
10713,0.375117,1
10714,2.040905,0
10715,3.588568,1
10716,0.845259,0
10717,0.25644,1
10718,0.121942,1
10719,0.233532,1
10720,0.758887,0
10721,0.465713,1
10722,0.11907,1
10723,1.761354,1
10724,3.246846,0
10725,0.775243,1
10726,1.191125,1
10727,0.850033,1
10728,2.589083,0
10729,0.150794,0
10730,1.901454,1
10731,0.990363,0
10732,0.291301,1
10733,0.502649,1
10734,4.018962,1
10735,0.325709,0
10736,4.182669,1
10737,2.381198,0
10738,0.936442,1
10739,1.829654,0
10740,0.90047,1
10741,2.549818,1
10742,4.072147,0
10743,3.395924,0
10744,0.249397,0
10745,0.167186,0
10746,0.565733,0
10747,5.603141,1
10748,1.484821,1
10749,2.58504,1
10750,0.780805,1
10751,4.454406,0
10752,0.320326,0
10753,2.999002,0
10754,3.576379,0
10755,3.897238,0
10756,1.118824,1
10757,0.111918,0
10758,1.550993,0
10759,1.910063,1
10760,4.224126,0
10761,0.32684,0
10762,3.787223,0
10763,3.893144,1
10764,0.94098,0
10765,0.116346,0
10766,2.486575,0
10767,3.617369,0
10768,2.979709,1
10769,3.641402,0
10770,2.465008,0
10771,4.946652,0
10772,0.173116,1
10773,4.275733,0
10774,0.554266,1
10775,0.181745,0
10776,0.570073,1
10777,2.743387,0
10778,1.693851,0
10779,0.436,1
10780,0.800435,0
10781,0.608111,1
10782,3.091225,0
10783,0.237954,0
10784,3.439385,0
10785,0.22121,0
10786,1.838596,1
10787,4.044182,1
10788,1.202701,1
10789,1.246932,0
10790,3.833378,0
10791,1.631447,1
10792,3.867914,0
10793,0.461749,1
10794,2.764237,1
10795,5.310932,0
10796,1.929223,1
10797,4.691685,0
10798,4.548849,0
10799,2.580937,0
10800,3.340879,1
10801,0.214357,0
10802,1.89411,0
10803,2.236795,0
10804,0.180111,0
10805,3.416243,0
10806,1.975817,0
10807,2.808376,1
10808,3.224075,1
10809,0.17732,1
10810,4.739777,1
10811,4.066294,0
10812,0.395714,0
10813,0.198939,1
10814,0.877212,1
10815,4.496776,0
10816,0.264942,0
10817,0.36553,0
10818,0.061684,1
10819,3.711735,0
10820,2.895968,0
10821,0.180933,0
10822,3.839696,0
10823,5.123898,0
10824,0.807034,1
10825,0.221886,1
10826,0.702998,0
10827,2.101981,1
10828,0.263991,1
10829,2.644348,0
10830,3.650941,0
10831,3.808068,0
10832,2.629884,1
10833,0.117513,0
10834,3.479016,0
10835,0.171371,1
10836,0.195764,1
10837,1.056519,1
10838,0.358135,1
10839,0.771565,0
10840,3.076028,0
10841,3.720442,0
10842,0.279251,1
10843,2.337638,1
10844,0.267506,0
10845,3.86434,0
10846,4.236119,0
10847,0.445443,1
10848,1.863814,1
10849,3.135108,0
10850,0.56977,0
10851,3.32489,0
10852,4.126276,0
10853,3.173274,0
10854,0.265152,0
10855,0.967843,1
10856,0.944627,1
10857,1.736634,0
10858,1.95357,1
10859,0.854026,1
10860,0.316942,1
10861,3.937114,0
10862,0.721023,1
10863,0.156839,1
10864,3.56551,1
10865,0.174643,1
10866,0.333073,1
10867,4.140317,1
10868,0.182683,1
10869,0.130681,1
10870,0.27394,1
10871,0.243248,1
10872,5.953742,0
10873,0.276254,1
10874,3.28159,1
10875,2.702228,1
10876,3.363836,0
10877,0.103146,1
10878,0.493283,1
10879,0.687295,1
10880,0.158667,0
10881,2.582093,0
10882,4.354721,0
10883,1.967438,0
10884,2.633738,0
10885,0.780584,1
10886,2.754202,0
10887,4.735056,0
10888,4.547822,1
10889,0.609688,0
10890,4.049735,1
10891,3.115613,0
10892,3.593593,1
10893,0.138315,1
10894,0.841854,1
10895,1.796568,0
10896,1.002345,0
10897,2.90103,1
10898,5.290002,0
10899,3.200659,0
10900,0.131393,1
10901,2.968016,0
10902,0.561017,1
10903,0.129086,1
10904,0.221643,1
10905,3.39608,0
10906,0.318878,0
10907,0.300071,1
10908,0.857784,0
10909,2.225622,1
10910,1.310728,1
10911,0.663412,0
10912,2.960495,0
10913,0.31862,0
10914,3.837778,1
10915,0.148727,0
10916,4.101789,0
10917,5.294972,1
10918,0.23185,1
10919,1.882994,1
10920,2.229817,1
10921,0.518326,0
10922,0.988548,1
10923,0.549816,1
10924,3.954973,0
10925,0.969781,0
10926,0.094474,1
10927,0.204225,1
10928,0.555277,0
10929,1.61412,0
10930,3.592186,0
10931,4.804611,1
10932,0.694034,1
10933,3.322139,0
10934,3.22264,0
10935,0.642739,1
10936,3.225745,1
10937,1.846229,1
10938,1.177372,0
10939,1.628762,0
10940,0.408986,1
10941,1.035358,1
10942,0.185444,1
10943,2.787563,1
10944,1.23292,1
10945,0.485531,1
10946,2.598724,0
10947,3.210101,0
10948,0.469742,1
10949,3.615412,0
10950,0.214456,0
10951,0.896238,0
10952,0.901822,1
10953,5.426423,1
10954,3.171088,1
10955,2.36063,0
10956,0.665344,0
10957,4.366735,0
10958,3.980842,1
10959,1.822693,0
10960,0.504312,0
10961,0.199426,0
10962,0.505192,1
10963,0.733657,1
10964,1.153153,1
10965,2.840127,0
10966,4.014197,1
10967,2.747725,0
10968,4.018545,0
10969,5.172594,0
10970,1.484548,1
10971,0.335372,1
10972,0.45317,0
10973,2.601432,0
10974,1.79371,0
10975,3.587275,0
10976,0.285944,1
10977,2.597507,0
10978,1.135984,0
10979,3.706097,1
10980,3.976602,0
10981,0.339503,1
10982,0.728921,0
10983,5.793162,1
10984,3.666208,0
10985,0.27924,0
10986,1.522678,0
10987,2.580502,0
10988,3.384703,0
10989,0.318939,1
10990,0.939789,0
10991,0.138127,1
10992,3.346659,1
10993,4.116196,0
10994,2.644578,0
10995,2.897438,1
10996,0.963677,1
10997,2.684994,0
10998,0.149485,1
10999,0.957778,1
11000,0.582522,1
11001,3.22204,0
11002,1.042693,1
11003,3.550557,1
11004,4.501494,0
11005,2.206855,1
11006,2.804024,1
11007,0.51882,1
11008,4.192129,0
11009,0.498805,1
11010,3.618198,0
11011,0.130601,0
11012,2.539433,0
11013,0.754674,0
11014,4.258068,0
11015,4.427658,1
11016,2.369863,0
11017,1.822586,1
11018,0.308671,0
11019,0.270024,1
11020,0.250903,1
11021,4.332089,0
11022,2.064872,1
11023,4.171045,0
11024,2.590956,0
11025,2.530726,1
11026,2.027745,0
11027,3.869437,0
11028,4.179117,0
11029,0.407469,0
11030,4.240883,0
11031,3.671348,0
11032,0.262207,1
11033,0.174793,0
11034,3.4922,0
11035,4.137503,0
11036,1.281432,1
11037,4.610973,0
11038,0.130813,1
11039,0.174477,0
11040,2.490222,0
11041,2.424868,0
11042,0.55869,0
11043,5.329672,0
11044,1.515484,0
11045,0.940756,1
11046,1.733894,0
11047,0.69488,1
11048,0.834133,1
11049,3.931306,0
11050,0.186073,1
11051,3.92707,0
11052,1.925222,0
11053,1.123629,0
11054,2.463864,0
11055,0.330418,1
11056,0.100306,1
11057,0.197001,1
11058,0.259414,1
11059,2.087834,1
11060,5.56833,0
11061,4.183246,1
11062,1.625618,0
11063,3.97492,1
11064,3.249608,1
11065,0.371522,0
11066,3.824028,1
11067,5.004775,1
11068,2.409171,0
11069,0.398157,1
11070,4.09717,0
11071,3.115498,1
11072,3.798113,1
11073,2.404047,1
11074,0.328407,1
11075,5.266249,0
11076,0.590091,0
11077,2.037122,0
11078,0.432823,0
11079,2.63692,0
11080,0.906885,1
11081,0.129297,0
11082,2.315418,1
11083,2.267968,0
11084,3.004146,0
11085,0.398247,1
11086,3.086466,0
11087,3.749737,1
11088,2.826554,0
11089,2.701222,1
11090,4.627802,0
11091,4.028755,0
11092,1.138704,1
11093,3.482036,0
11094,2.817961,0
11095,0.228451,1
11096,0.16473,1
11097,3.823245,0
11098,0.692754,1
11099,0.32503,1
11100,2.990431,0
11101,0.147117,0
11102,3.496477,1
11103,4.213065,1
11104,0.796066,1
11105,3.94739,0
11106,1.109046,1
11107,0.462137,1
11108,0.43088,0
11109,4.528401,0
11110,0.533774,1
11111,5.946799,1
11112,0.372714,1
11113,3.579255,0
11114,0.34853,0
11115,0.390424,1
11116,0.589711,0
11117,0.213416,0
11118,0.357251,0
11119,3.737906,0
11120,0.231706,1
11121,0.157135,0
11122,1.132106,1
11123,5.355324,0
11124,4.468862,0
11125,2.844697,1
11126,2.963264,0
11127,0.193254,0
11128,2.11625,0
11129,2.276418,0
11130,2.710747,0
11131,3.103742,0
11132,0.294506,1
11133,4.295552,1
11134,2.540818,0
11135,1.291252,0
11136,0.179091,1
11137,2.805731,0
11138,2.303077,1
11139,0.252334,0
11140,0.817788,0
11141,0.150894,1
11142,4.650466,1
11143,3.265659,0
11144,3.147787,0
11145,2.220394,1
11146,0.443229,1
11147,3.967641,0
11148,4.9472,1
11149,4.04228,0
11150,1.478064,0
11151,1.761914,0
11152,3.122177,0
11153,2.45096,0
11154,0.468518,0
11155,0.152813,1
11156,0.159375,0
11157,2.240523,0
11158,0.140719,1
11159,0.228527,0
11160,1.220821,0
11161,3.377676,1
11162,3.072974,1
11163,1.50996,0
11164,0.474164,1
11165,0.214756,1
11166,0.144237,1
11167,0.493858,1
11168,0.128522,0
11169,0.240642,1
11170,0.213575,1
11171,1.096098,1
11172,3.633709,1
11173,0.131858,1
11174,0.173975,1
11175,3.987489,1
11176,0.664475,0
11177,2.696669,0
11178,4.126204,1
11179,3.605397,0
11180,1.490866,0
11181,1.897756,0
11182,3.311868,0
11183,3.935576,1
11184,0.254647,0
11185,0.35149,0
11186,1.064991,1
11187,3.242671,0
11188,2.96408,0
11189,2.427418,0
11190,4.155431,0
11191,3.284902,0
11192,1.064598,1
11193,3.72265,0
11194,1.763661,0
11195,5.125695,1
11196,4.208246,0
11197,2.614104,0
11198,1.904435,0
11199,3.551417,0
11200,1.461164,1
11201,1.795652,0
11202,1.987425,1
11203,2.296867,1
11204,3.465792,1
11205,1.107316,1
11206,3.982796,0
11207,0.215196,1
11208,3.827384,0
11209,4.033401,1
11210,1.0882,1
11211,2.630274,1
11212,0.24796,1
11213,0.770127,1
11214,0.907695,1
11215,0.122385,1
11216,3.940902,0
11217,0.169258,1
11218,2.790481,0
11219,0.244826,1
11220,0.216951,0
11221,3.03834,1
11222,1.667749,1
11223,0.150292,0
11224,4.338045,0
11225,4.218018,0
11226,3.532574,0
11227,1.516524,1
11228,1.875877,0
11229,0.509993,1
11230,1.545222,0
11231,3.039623,0
11232,3.648365,0
11233,4.242445,0
11234,3.92557,0
11235,0.946967,0
11236,0.249369,1
11237,2.061718,0
11238,3.774517,0
11239,0.418023,1
11240,0.414516,0
11241,0.125915,1
11242,0.16663,1
11243,4.04529,0
11244,2.951566,0
11245,2.919372,0
11246,0.714997,0
11247,0.199539,0
11248,0.137988,0
11249,4.023341,0
11250,0.168047,0
11251,3.398184,0
11252,0.32849,1
11253,0.887561,1
11254,2.225533,0
11255,3.205588,0
11256,0.693526,0
11257,0.434732,1
11258,3.043444,1
11259,3.357216,0
11260,0.315234,0
11261,1.392905,0
11262,4.581822,0
11263,0.682415,1
11264,0.425057,1
11265,1.010718,1
11266,2.925957,1
11267,1.528417,0
11268,1.622709,1
11269,2.95288,1
11270,2.919752,0
11271,0.327152,0
11272,0.219495,1
11273,1.076152,1
11274,0.65642,0
11275,1.655676,1
11276,0.372286,0
11277,3.425345,0
11278,2.461715,1
11279,0.088595,0
11280,0.108652,1
11281,0.182082,0
11282,4.995473,0
11283,0.272342,0
11284,0.167536,1
11285,3.565055,0
11286,1.145228,0
11287,1.032578,1
11288,0.129297,1
11289,0.174215,1
11290,0.214755,1
11291,2.224839,1
11292,3.496902,0
11293,4.259471,0
11294,5.936723,1
11295,4.809088,1
11296,3.71119,0
11297,3.396089,0
11298,3.835731,0
11299,3.911025,0
11300,2.376353,1
11301,4.294041,1
11302,2.810601,0
11303,3.879092,0
11304,0.357508,1
11305,0.760388,1
11306,0.217233,1
11307,1.196863,1
11308,0.84591,1
11309,0.270121,0
11310,5.072732,0
11311,0.186583,1
11312,4.035279,0
11313,0.248962,0
11314,3.454871,0
11315,0.606802,0
11316,5.506107,1
11317,0.208473,1
11318,1.534565,0
11319,0.083282,0
11320,3.04715,0
11321,0.483172,1
11322,4.391659,1
11323,0.085242,0
11324,0.726639,0
11325,0.912421,0
11326,1.820615,0
11327,2.691447,0
11328,0.270287,1
11329,0.132902,0
11330,3.914057,1
11331,2.500098,1
11332,0.303896,1
11333,0.491892,0
11334,2.873984,1
11335,0.98476,0
11336,0.842131,1
11337,1.044547,0
11338,3.157536,1
11339,0.205725,0
11340,2.947192,0
11341,0.872805,1
11342,3.309293,0
11343,4.10551,0
11344,2.423363,0
11345,3.043913,0
11346,2.518671,0
11347,0.350526,1
11348,2.737234,0
11349,0.92953,0
11350,3.334055,0
11351,2.456975,0
11352,2.921573,1
11353,3.814398,0
11354,4.289983,1
11355,5.601881,1
11356,0.62713,1
11357,2.219852,0
11358,0.147368,0
11359,3.109759,1
11360,3.119597,0
11361,0.4442,0
11362,4.908257,0
11363,0.580973,0
11364,4.110144,0
11365,3.425217,0
11366,0.186736,1
11367,0.598969,1
11368,1.431575,1
11369,1.657549,0
11370,4.985178,0
11371,3.846639,0
11372,1.836973,0
11373,4.707713,1
11374,3.442772,0
11375,1.985577,0
11376,1.795287,0
11377,0.242093,0
11378,2.536834,0
11379,0.602197,1
11380,0.134063,1
11381,4.359529,0
11382,1.082168,1
11383,3.466172,0
11384,4.218185,0
11385,2.986629,0
11386,3.58517,0
11387,3.119585,1
11388,0.119726,0
11389,2.230101,0
11390,4.431369,1
11391,0.619802,0
11392,0.323345,1
11393,0.614464,0
11394,2.59417,1
11395,0.213365,1
11396,4.294952,0
11397,2.708816,0
11398,4.030717,0
11399,3.222531,1
11400,0.269679,1
11401,0.16298,0
11402,2.219633,1
11403,1.020052,1
11404,4.836882,1
11405,1.178876,0
11406,1.668812,1
11407,3.094985,0
11408,0.354084,0
11409,3.895106,0
11410,3.685075,0
11411,0.115533,1
11412,4.969919,0
11413,0.884822,0
11414,3.355966,1
11415,3.297791,1
11416,0.100452,1
11417,0.220163,1
11418,3.152927,0
11419,1.223937,1
11420,0.438693,1
11421,2.219583,0
11422,0.408847,0
11423,0.43683,1
11424,0.276358,1
11425,3.910744,0
11426,0.424702,0
11427,3.121129,0
11428,0.163788,1
11429,0.257172,1
11430,0.875676,0
11431,3.257531,0
11432,1.039309,1
11433,3.538927,0
11434,0.195495,1
11435,0.630854,1
11436,4.16073,1
11437,0.357674,0
11438,0.271273,1
11439,0.123685,1
11440,1.740197,0
11441,4.168149,0
11442,1.161979,1
11443,0.51423,1
11444,0.879007,1
11445,2.335935,1
11446,3.323442,0
11447,0.59022,1
11448,0.276683,0
11449,2.35606,0
11450,0.757087,1
11451,3.364963,0
11452,1.991004,0
11453,3.576642,0
11454,0.195247,1
11455,2.268385,1
11456,3.842883,0
11457,2.363214,0
11458,1.318436,0
11459,1.320792,1
11460,0.457097,0
11461,0.952722,1
11462,1.398158,1
11463,4.29196,1
11464,0.13514,0
11465,0.137385,1
11466,0.301784,0
11467,4.204241,0
11468,4.257092,1
11469,0.642779,1
11470,0.746706,0
11471,4.032783,0
11472,2.974019,0
11473,0.165709,1
11474,1.488039,1
11475,2.978535,0
11476,0.177131,1
11477,0.239879,0
11478,3.97696,0
11479,3.073622,1
11480,0.3235,0
11481,2.905366,0
11482,1.403094,0
11483,1.205975,0
11484,0.242491,0
11485,2.382547,1
11486,2.226338,1
11487,0.424829,0
11488,0.294586,1
11489,0.355602,1
11490,4.109955,0
11491,3.785034,1
11492,3.87223,0
11493,3.415055,0
11494,4.321892,0
11495,0.990908,1
11496,2.120889,0
11497,0.256598,0
11498,0.690843,0
11499,4.022552,1
11500,0.072291,0
11501,2.213555,0
11502,0.280295,0
11503,0.539533,1
11504,0.950153,0
11505,0.165984,0
11506,0.157811,1
11507,0.484525,0
11508,3.908169,0
11509,2.439584,1
11510,4.137522,0
11511,3.991951,1
11512,2.091467,0
11513,3.561849,0
11514,0.217529,0
11515,4.418238,1
11516,3.735829,0
11517,2.552589,0
11518,0.102373,0
11519,0.902858,1
11520,3.274503,0
11521,0.816395,0
11522,0.145617,1
11523,1.868132,1
11524,3.863131,1
11525,1.533836,1
11526,2.860652,1
11527,1.060296,0
11528,1.615322,0
11529,0.424783,0
11530,2.985246,0
11531,0.73554,0
11532,0.410965,1
11533,0.328702,1
11534,4.819185,0
11535,0.338164,0
11536,4.036851,1
11537,1.780733,0
11538,2.333366,0
11539,0.365979,1
11540,0.331389,0
11541,0.498453,1
11542,0.17166,0
11543,0.432393,1
11544,1.424619,1
11545,0.1411,0
11546,0.405762,1
11547,1.288772,1
11548,5.166459,1
11549,4.216323,0
11550,0.254989,1
11551,0.638141,1
11552,0.297613,1
11553,0.465211,1
11554,2.943844,1
11555,0.27953,0
11556,0.268658,1
11557,3.336566,0
11558,2.85572,1
11559,1.645777,0
11560,0.432161,1
11561,4.850696,1
11562,0.646308,0
11563,0.190131,0
11564,0.476776,0
11565,0.369697,0
11566,5.599857,0
11567,2.437766,0
11568,4.114305,0
11569,0.234869,0
11570,0.147886,1
11571,3.330847,0
11572,2.838361,0
11573,1.340296,1
11574,0.449643,0
11575,3.650303,0
11576,2.702833,0
11577,2.012717,0
11578,1.407625,1
11579,0.399385,0
11580,2.084803,0
11581,3.906129,1
11582,1.868757,1
11583,2.488803,1
11584,1.883413,0
11585,0.315802,1
11586,2.80021,0
11587,2.756715,0
11588,0.457599,0
11589,0.365854,1
11590,0.591756,1
11591,4.47768,0
11592,0.634433,1
11593,0.199832,0
11594,2.420307,1
11595,4.063896,0
11596,3.530195,1
11597,2.752698,1
11598,1.540972,1
11599,4.086519,1
11600,1.228092,0
11601,3.306984,1
11602,4.385211,1
11603,3.842794,1
11604,3.315976,0
11605,3.888878,1
11606,0.736625,1
11607,1.333562,0
11608,3.324166,0
11609,1.040524,1
11610,3.386072,1
11611,0.346194,1
11612,3.233217,0
11613,1.450614,0
11614,3.131509,0
11615,4.498798,1
11616,6.409215,0
11617,0.122023,1
11618,4.107539,1
11619,4.72293,0
11620,4.080943,1
11621,3.533952,0
11622,2.892646,0
11623,3.942989,1
11624,0.749913,1
11625,3.26591,0
11626,2.322393,0
11627,4.143168,0
11628,1.826732,1
11629,0.284613,0
11630,0.25825,1
11631,0.48866,1
11632,4.154342,0
11633,0.665974,0
11634,3.276644,0
11635,2.818056,0
11636,3.073482,0
11637,0.299723,1
11638,0.171058,1
11639,3.722678,0
11640,1.799432,1
11641,4.069249,1
11642,2.648606,0
11643,0.142317,1
11644,1.650857,0
11645,4.176697,0
11646,1.79319,0
11647,2.737504,0
11648,2.204799,1
11649,2.613939,0
11650,0.170517,0
11651,3.68639,0
11652,0.998749,0
11653,3.945076,0
11654,0.120401,1
11655,1.871062,0
11656,1.840872,0
11657,2.070548,1
11658,0.131863,0
11659,4.173761,0
11660,0.368782,0
11661,2.372545,0
11662,2.937187,0
11663,1.105751,1
11664,3.515893,0
11665,4.3148,1
11666,1.296217,1
11667,3.932202,0
11668,3.190323,0
11669,0.14948,0
11670,1.772291,1
11671,0.580949,1
11672,0.362331,1
11673,0.162217,1
11674,0.341754,1
11675,0.729975,1
11676,0.533543,0
11677,0.267448,0
11678,5.911224,0
11679,1.668048,1
11680,0.260733,1
11681,4.139853,0
11682,3.768408,0
11683,0.129764,0
11684,2.221657,1
11685,1.171317,1
11686,5.722205,0
11687,3.187701,1
11688,0.848972,1
11689,0.302023,0
11690,3.445939,0
11691,1.30613,1
11692,3.00518,0
11693,6.420668,1
11694,2.882343,0
11695,0.23457,1
11696,1.288718,0
11697,0.210407,0
11698,2.93691,1
11699,1.352908,1
11700,2.423839,1
11701,0.187148,1
11702,1.74013,1
11703,2.686514,0
11704,4.320627,0
11705,0.188761,0
11706,4.325991,1
11707,0.141906,0
11708,0.80823,1
11709,0.12667,1
11710,4.387119,1
11711,3.757543,1
11712,2.628016,0
11713,3.729923,1
11714,0.295917,1
11715,1.111052,1
11716,3.281936,0
11717,1.158645,1
11718,1.116784,1
11719,0.203859,1
11720,0.121589,1
11721,2.249053,1
11722,4.622289,1
11723,0.132897,1
11724,3.712908,1
11725,0.507284,1
11726,2.745176,0
11727,3.611884,0
11728,2.716805,0
11729,1.306158,0
11730,2.408927,0
11731,2.198997,0
11732,1.486137,1
11733,1.648054,0
11734,2.28095,0
11735,3.642768,0
11736,2.056915,0
11737,4.936195,1
11738,2.043453,0
11739,0.245867,0
11740,0.375261,0
11741,0.970899,1
11742,2.641577,0
11743,0.490941,1
11744,1.429289,0
11745,0.347866,1
11746,5.259961,1
11747,3.157752,0
11748,0.442139,0
11749,2.022647,1
11750,0.204653,1
11751,0.312873,1
11752,1.88684,0
11753,1.246885,0
11754,0.4663,0
11755,2.989489,0
11756,0.273513,1
11757,1.000323,1
11758,0.666297,0
11759,0.520511,1
11760,2.208723,1
11761,3.258679,0
11762,0.378534,0
11763,0.396769,1
11764,0.115291,1
11765,0.106048,0
11766,0.821361,0
11767,3.062934,0
11768,0.859872,1
11769,0.560234,1
11770,1.314088,1
11771,0.337623,0
11772,3.305355,0
11773,0.485374,1
11774,0.123147,1
11775,3.752227,1
11776,2.384746,0
11777,0.134477,1
11778,0.495399,0
11779,0.523264,1
11780,0.207469,1
11781,0.182814,1
11782,2.312809,0
11783,2.280094,1
11784,3.955627,0
11785,0.421071,1
11786,0.607885,0
11787,0.082002,0
11788,0.253517,0
11789,0.278712,1
11790,0.117791,1
11791,1.681227,1
11792,0.619648,1
11793,0.405694,1
11794,1.973077,0
11795,0.525157,1
11796,1.736831,1
11797,0.467503,1
11798,0.622161,1
11799,3.491326,0
11800,0.212196,1
11801,1.781501,1
11802,0.226778,0
11803,0.29245,1
11804,1.357136,0
11805,0.161339,0
11806,4.109663,0
11807,2.921168,1
11808,3.217047,1
11809,3.604109,0
11810,0.285391,1
11811,2.022182,1
11812,4.26323,1
11813,4.519186,0
11814,3.941737,0
11815,3.857356,0
11816,1.790374,1
11817,4.322308,0
11818,3.678167,1
11819,3.444629,1
11820,2.786612,0
11821,0.850191,1
11822,0.195029,1
11823,3.463195,1
11824,3.218886,0
11825,2.243044,1
11826,3.118737,0
11827,0.773967,1
11828,3.982306,0
11829,0.817457,1
11830,4.346396,1
11831,3.058396,0
11832,4.041506,1
11833,2.320411,0
11834,3.233233,0
11835,1.734852,0
11836,0.301116,0
11837,4.054177,0
11838,3.588099,0
11839,0.520944,0
11840,3.797787,1
11841,0.144172,0
11842,0.389583,0
11843,4.366888,0
11844,3.965193,0
11845,3.374536,0
11846,3.760422,0
11847,2.974808,1
11848,3.460682,0
11849,0.34263,1
11850,0.186781,0
11851,2.135332,0
11852,0.641197,0
11853,3.776223,0
11854,4.071702,0
11855,3.161072,0
11856,0.153589,1
11857,0.234,1
11858,4.003164,0
11859,3.142124,1
11860,6.09488,0
11861,2.536969,0
11862,0.956931,1
11863,1.019447,1
11864,2.948995,1
11865,0.310296,1
11866,3.466569,0
11867,0.999295,0
11868,0.304201,1
11869,0.214167,1
11870,5.035172,0
11871,0.211342,1
11872,2.879109,0
11873,2.923111,0
11874,2.117931,0
11875,2.071418,1
11876,4.468355,1
11877,1.376941,0
11878,4.647142,1
11879,0.422014,1
11880,1.600363,1
11881,2.523598,1
11882,3.144715,0
11883,0.958313,0
11884,2.58124,0
11885,0.660713,0
11886,4.294645,0
11887,3.44466,0
11888,0.182953,0
11889,2.608735,0
11890,1.492628,1
11891,2.300646,0
11892,3.405607,0
11893,0.41462,1
11894,4.518117,1
11895,1.655739,0
11896,4.156114,1
11897,1.50727,1
11898,3.588258,1
11899,1.704736,1
11900,0.446128,0
11901,0.866663,0
11902,4.990288,0
11903,1.311893,1
11904,4.805562,0
11905,0.308571,1
11906,0.548398,1
11907,2.390136,0
11908,3.485768,1
11909,3.938168,0
11910,4.159664,1
11911,0.605704,1
11912,0.936802,1
11913,0.75277,1
11914,1.806021,1
11915,3.287642,0
11916,3.33914,0
11917,3.149505,1
11918,2.791425,0
11919,0.607849,0
11920,2.345317,1
11921,4.094758,1
11922,4.154904,0
11923,2.684225,0
11924,0.180379,0
11925,3.668164,0
11926,0.483124,0
11927,0.105165,0
11928,3.028052,0
11929,5.116606,0
11930,0.279496,0
11931,0.212969,0
11932,2.708955,1
11933,2.668018,1
11934,0.320498,1
11935,4.512769,0
11936,2.705928,0
11937,4.489744,1
11938,0.765547,1
11939,0.728039,1
11940,2.355988,0
11941,0.231733,1
11942,0.154601,1
11943,0.376308,1
11944,0.639844,1
11945,4.503558,0
11946,5.589789,1
11947,0.845859,0
11948,3.122439,0
11949,5.77108,0
11950,0.598355,0
11951,3.976652,0
11952,1.767573,0
11953,1.200678,1
11954,1.310183,1
11955,0.222904,1
11956,4.235153,1
11957,0.935985,0
11958,0.603439,0
11959,0.303773,1
11960,0.121583,1
11961,0.370852,1
11962,0.282362,1
11963,1.475422,1
11964,1.067616,1
11965,3.868209,1
11966,0.33772,0
11967,3.097721,0
11968,1.899895,0
11969,4.03468,0
11970,1.7561,1
11971,4.655418,0
11972,3.910136,0
11973,0.289025,0
11974,1.852741,1
11975,1.610634,0
11976,3.745134,0
11977,3.441714,1
11978,3.65381,1
11979,0.290067,1
11980,2.622972,0
11981,4.563246,0
11982,1.714771,1
11983,3.710434,0
11984,2.61888,0
11985,3.539357,1
11986,0.306232,1
11987,4.007902,1
11988,0.395029,0
11989,0.285938,0
11990,0.300552,1
11991,2.626015,1
11992,3.137123,1
11993,3.900893,0
11994,3.945629,0
11995,0.279439,1
11996,0.17146,1
11997,0.152693,0
11998,0.163847,1
11999,0.369245,0
12000,0.122752,0
12001,0.112431,1
12002,0.756789,1
12003,0.102602,0
12004,0.455401,0
12005,1.917463,1
12006,0.132828,1
12007,2.341638,0
12008,0.1627,1
12009,0.579762,1
12010,3.094847,0
12011,0.604527,1
12012,3.038686,1
12013,3.395967,0
12014,1.113453,1
12015,0.448641,0
12016,3.732188,0
12017,0.667744,1
12018,0.495724,1
12019,0.226748,1
12020,1.154491,1
12021,0.187178,1
12022,3.553555,0
12023,3.215498,0
12024,4.201097,0
12025,2.793369,1
12026,0.182398,0
12027,2.666957,0
12028,4.099679,0
12029,3.838927,0
12030,1.005766,1
12031,1.763066,1
12032,0.228205,1
12033,3.11022,0
12034,3.261993,0
12035,2.115265,0
12036,4.243265,1
12037,3.884656,0
12038,2.864943,0
12039,1.134016,0
12040,1.637744,0
12041,0.126032,1
12042,1.670294,1
12043,2.572387,0
12044,0.224659,1
12045,1.787523,0
12046,0.218312,1
12047,2.42586,0
12048,2.84233,0
12049,0.286941,1
12050,3.925679,0
12051,0.70637,1
12052,0.214097,1
12053,0.365081,1
12054,2.934876,1
12055,2.848973,0
12056,0.232108,1
12057,4.147079,0
12058,0.409646,0
12059,4.894848,0
12060,4.734591,1
12061,3.015721,0
12062,3.178758,0
12063,4.525794,0
12064,0.194042,1
12065,4.26951,1
12066,2.198713,0
12067,4.173447,0
12068,3.35661,0
12069,0.773506,1
12070,4.646909,0
12071,1.728705,0
12072,0.112915,1
12073,0.491421,0
12074,2.785776,0
12075,0.241906,1
12076,0.195195,1
12077,0.242208,1
12078,4.819108,0
12079,1.809302,0
12080,0.540965,0
12081,2.947176,0
12082,1.366126,1
12083,2.405169,0
12084,3.629572,0
12085,2.930084,0
12086,0.221769,0
12087,0.620269,1
12088,0.158482,0
12089,2.348112,0
12090,1.791747,1
12091,4.583405,0
12092,3.25447,0
12093,2.093888,0
12094,3.831013,1
12095,0.345904,0
12096,0.759289,0
12097,1.570946,1
12098,3.547436,0
12099,0.998729,1
12100,3.674405,1
12101,0.300997,0
12102,0.115285,1
12103,4.517799,0
12104,2.730777,1
12105,0.195459,1
12106,1.36114,1
12107,2.728826,0
12108,0.306317,1
12109,4.176671,0
12110,3.374901,0
12111,0.98973,1
12112,0.111313,1
12113,0.181218,1
12114,1.969427,0
12115,3.964674,1
12116,2.216992,1
12117,0.080044,1
12118,0.172719,1
12119,0.647301,1
12120,0.254602,1
12121,3.901153,0
12122,0.153559,1
12123,1.36436,1
12124,2.589064,1
12125,0.197889,0
12126,4.080832,0
12127,0.256105,1
12128,2.687946,1
12129,3.409079,0
12130,3.90801,0
12131,1.29239,0
12132,0.625887,1
12133,3.451491,0
12134,0.559313,1
12135,0.143252,1
12136,3.878932,0
12137,3.722894,0
12138,1.606792,0
12139,0.361328,0
12140,3.096782,0
12141,0.417777,1
12142,2.679381,0
12143,0.722772,1
12144,2.961415,0
12145,3.578688,1
12146,2.443115,0
12147,0.230288,1
12148,0.29472,1
12149,0.194511,1
12150,0.438983,0
12151,4.288196,1
12152,3.107621,0
12153,1.128055,0
12154,2.420658,0
12155,0.932823,0
12156,0.973443,1
12157,1.086548,1
12158,3.694176,0
12159,0.900822,1
12160,0.222638,1
12161,2.036038,0
12162,2.319533,1
12163,3.741932,0
12164,0.26669,1
12165,0.534536,1
12166,3.595249,0
12167,3.529758,0
12168,0.734957,0
12169,4.288453,0
12170,0.266631,1
12171,2.599376,1
12172,3.849639,1
12173,1.68604,0
12174,4.4582,1
12175,0.146427,1
12176,2.980393,0
12177,1.703105,1
12178,1.100474,1
12179,0.317796,1
12180,0.163241,0
12181,3.0379,0
12182,3.735414,0
12183,4.976193,0
12184,1.816865,0
12185,4.650311,0
12186,2.249367,1
12187,2.832503,0
12188,0.185841,1
12189,2.558437,0
12190,3.806747,0
12191,3.731031,0
12192,1.798894,0
12193,0.300874,0
12194,0.520829,0
12195,0.216731,0
12196,4.647456,1
12197,0.184015,1
12198,0.158406,1
12199,0.988408,1
12200,2.680871,0
12201,4.55301,0
12202,5.420201,1
12203,0.181658,0
12204,1.213103,1
12205,0.633628,1
12206,0.506076,1
12207,3.362063,0
12208,0.700462,1
12209,4.998791,1
12210,1.176864,0
12211,2.443022,1
12212,4.14419,0
12213,0.141521,1
12214,2.271088,0
12215,0.048772,1
12216,4.707471,1
12217,3.07398,0
12218,2.194613,1
12219,1.795433,1
12220,5.365191,1
12221,2.260294,0
12222,2.897577,0
12223,0.405387,0
12224,4.034777,0
12225,0.224826,1
12226,0.537568,0
12227,0.749332,0
12228,2.432714,0
12229,0.98802,1
12230,0.161113,1
12231,4.429079,1
12232,2.892912,0
12233,2.809185,0
12234,3.355281,0
12235,1.113423,0
12236,2.355857,1
12237,2.29285,0
12238,0.234303,1
12239,2.724638,0
12240,3.398768,0
12241,3.473178,0
12242,0.282849,0
12243,0.185652,0
12244,0.155849,1
12245,3.615602,1
12246,1.247587,1
12247,0.239021,1
12248,0.778614,0
12249,2.790704,0
12250,0.339523,0
12251,0.898974,1
12252,0.234991,1
12253,0.385231,0
12254,0.674503,0
12255,0.400386,1
12256,4.28407,0
12257,3.584776,1
12258,0.68843,1
12259,0.187697,0
12260,5.996252,0
12261,0.626142,1
12262,1.807413,0
12263,0.140037,0
12264,2.615066,0
12265,0.814783,1
12266,0.260685,0
12267,2.544583,1
12268,1.751057,1
12269,3.735748,0
12270,0.32297,0
12271,4.70978,0
12272,1.975327,0
12273,5.183107,1
12274,0.763227,1
12275,3.814213,0
12276,1.193733,1
12277,0.145003,0
12278,0.436516,0
12279,1.351561,0
12280,4.43031,1
12281,2.777217,1
12282,3.736396,1
12283,0.176372,1
12284,3.610787,1
12285,0.21889,1
12286,2.855935,0
12287,2.203695,1
12288,4.746171,0
12289,0.142941,1
12290,2.023974,0
12291,0.181072,1
12292,1.784467,0
12293,0.19844,1
12294,0.169053,1
12295,2.563097,1
12296,2.285801,0
12297,2.476175,1
12298,3.630278,1
12299,2.965101,0
12300,4.523679,1
12301,3.152327,0
12302,3.60299,0
12303,4.276598,0
12304,4.088045,1
12305,0.187961,1
12306,0.158416,0
12307,0.396911,0
12308,1.575746,0
12309,0.325987,1
12310,1.163054,0
12311,0.894309,1
12312,0.594316,1
12313,3.927986,1
12314,5.753381,1
12315,4.340863,0
12316,4.048849,1
12317,3.125127,0
12318,2.191162,0
12319,0.650651,1
12320,2.901844,0
12321,0.246524,0
12322,0.849613,1
12323,2.925539,0
12324,0.453493,1
12325,2.56995,1
12326,4.611428,1
12327,2.950886,0
12328,3.244587,1
12329,4.700417,0
12330,3.775135,0
12331,4.342196,0
12332,0.688504,1
12333,0.301442,1
12334,1.831315,0
12335,1.716768,0
12336,0.171796,1
12337,2.702337,1
12338,3.332273,0
12339,2.349721,0
12340,7.368696,1
12341,0.253217,1
12342,1.637996,1
12343,0.188494,1
12344,3.520374,1
12345,0.137147,1
12346,2.615323,0
12347,0.158443,1
12348,0.454247,0
12349,0.206228,1
12350,0.256064,1
12351,0.242734,1
12352,0.826455,0
12353,0.371817,1
12354,1.172302,1
12355,0.117954,1
12356,3.657542,1
12357,1.113478,1
12358,0.300385,1
12359,2.603431,1
12360,0.286215,0
12361,4.092852,0
12362,2.776589,0
12363,4.960728,0
12364,1.367587,1
12365,2.74868,1
12366,2.760369,1
12367,3.445828,1
12368,0.360143,0
12369,1.063092,1
12370,0.445821,1
12371,3.055629,0
12372,2.240154,0
12373,0.22616,1
12374,2.977643,0
12375,0.114167,0
12376,0.187744,0
12377,3.353182,0
12378,4.083694,0
12379,3.725908,0
12380,0.281072,1
12381,4.612263,1
12382,4.196303,0
12383,2.777278,1
12384,0.606149,1
12385,1.091593,0
12386,0.482195,1
12387,1.43833,0
12388,3.403415,0
12389,0.401555,1
12390,0.205241,0
12391,0.426681,0
12392,0.315897,1
12393,0.121663,1
12394,1.273823,1
12395,1.29501,0
12396,1.253249,1
12397,0.14922,0
12398,1.665803,1
12399,3.331482,1
12400,0.407279,1
12401,0.210012,1
12402,0.254175,1
12403,2.494287,0
12404,4.206367,0
12405,2.896785,0
12406,3.101362,0
12407,0.17101,0
12408,0.196624,1
12409,0.108025,1
12410,4.781753,1
12411,2.710847,1
12412,0.242839,0
12413,3.486048,0
12414,0.854044,0
12415,0.288136,0
12416,2.181885,1
12417,4.848937,0
12418,0.518318,0
12419,1.17779,1
12420,4.203653,1
12421,1.713712,0
12422,2.705499,0
12423,3.938075,1
12424,0.394773,1
12425,3.028429,0
12426,2.894576,1
12427,0.120211,0
12428,1.17176,0
12429,0.337273,0
12430,3.567941,1
12431,3.010856,0
12432,4.152157,0
12433,0.693658,1
12434,1.859636,1
12435,3.023186,0
12436,0.40978,0
12437,0.506725,1
12438,2.272348,0
12439,3.730813,0
12440,0.402296,1
12441,1.119188,0
12442,3.377732,0
12443,2.127686,1
12444,2.897717,0
12445,0.218501,0
12446,4.501467,0
12447,3.832952,0
12448,0.94793,1
12449,1.23247,1
12450,1.379878,1
12451,3.791584,0
12452,3.191997,1
12453,0.544829,0
12454,0.697794,0
12455,0.101837,1
12456,2.864494,0
12457,0.693392,0
12458,0.119608,0
12459,2.667148,0
12460,1.560084,0
12461,3.017397,0
12462,0.138907,0
12463,2.972964,0
12464,2.864965,1
12465,4.300913,0
12466,4.579049,0
12467,3.371439,0
12468,3.818257,0
12469,0.485162,1
12470,2.702492,1
12471,0.886948,1
12472,1.822,0
12473,2.511065,0
12474,0.445679,1
12475,1.705067,1
12476,4.129066,0
12477,0.847614,1
12478,1.992989,0
12479,2.964244,1
12480,0.409512,0
12481,2.946967,1
12482,1.261771,1
12483,2.144473,0
12484,2.931706,0
12485,0.427842,1
12486,3.366732,1
12487,0.787477,1
12488,1.488154,0
12489,0.542196,0
12490,3.095921,0
12491,0.258016,1
12492,3.323623,0
12493,0.19358,1
12494,0.432179,0
12495,0.546668,0
12496,1.181126,1
12497,0.194594,0
12498,0.928155,1
12499,0.611232,0
12500,3.508194,0
12501,1.291877,1
12502,2.196327,1
12503,3.212903,0
12504,1.468443,0
12505,0.318963,1
12506,4.971444,0
12507,0.313713,1
12508,4.347378,0
12509,3.383867,0
12510,1.32689,0
12511,1.92676,0
12512,2.884604,0
12513,1.924975,1
12514,3.113495,0
12515,1.055438,1
12516,0.225193,1
12517,3.471142,0
12518,4.077837,1
12519,3.364095,1
12520,4.512374,0
12521,2.32653,1
12522,3.88283,1
12523,0.168577,0
12524,3.145051,1
12525,1.951603,1
12526,0.431325,1
12527,3.164361,1
12528,4.166587,0
12529,0.211401,0
12530,2.351486,0
12531,2.845614,0
12532,2.866646,0
12533,1.042196,1
12534,0.762136,1
12535,3.602092,0
12536,0.154206,1
12537,0.186322,1
12538,0.2823,1
12539,0.980242,1
12540,0.202118,1
12541,4.443158,0
12542,2.267707,0
12543,0.843601,1
12544,4.001657,0
12545,0.509938,1
12546,4.169999,1
12547,0.328665,1
12548,4.417839,0
12549,5.568722,0
12550,1.57427,1
12551,0.358424,1
12552,0.767698,0
12553,2.454222,0
12554,0.176914,1
12555,0.167833,1
12556,1.753295,0
12557,0.235534,1
12558,0.239715,1
12559,3.423896,0
12560,0.342925,0
12561,3.750242,0
12562,3.932958,1
12563,1.125788,0
12564,0.751902,0
12565,4.629204,1
12566,0.207701,1
12567,5.635676,1
12568,2.770187,0
12569,1.835618,0
12570,3.644462,0
12571,0.150282,0
12572,1.139186,0
12573,0.391694,0
12574,2.716009,0
12575,0.373595,1
12576,0.681128,1
12577,2.695347,1
12578,4.273861,1
12579,0.478458,0
12580,2.060524,1
12581,0.199135,0
12582,3.37315,1
12583,0.19687,0
12584,0.864269,0
12585,1.020082,0
12586,0.283444,1
12587,0.901927,1
12588,4.166879,0
12589,0.129566,0
12590,3.760363,0
12591,2.925782,0
12592,0.649972,0
12593,2.945304,0
12594,0.196833,1
12595,0.393819,1
12596,3.394144,0
12597,0.41012,1
12598,4.205059,0
12599,4.137974,0
12600,4.259377,0
12601,3.235577,1
12602,3.303634,1
12603,2.654015,1
12604,3.906207,0
12605,3.029521,0
12606,4.947306,0
12607,0.321683,0
12608,0.700351,1
12609,0.3051,0
12610,0.44601,1
12611,3.886709,0
12612,3.796069,1
12613,4.416816,0
12614,0.52596,0
12615,3.206358,0
12616,0.369083,1
12617,1.555469,0
12618,1.868803,0
12619,0.979358,1
12620,0.767447,0
12621,0.239289,1
12622,2.128838,1
12623,5.215593,1
12624,0.992749,1
12625,1.971928,0
12626,0.707157,0
12627,0.249275,1
12628,0.900113,1
12629,0.310542,1
12630,4.442896,1
12631,3.182144,0
12632,0.695244,1
12633,3.246109,0
12634,3.994014,0
12635,2.96344,0
12636,0.527359,1
12637,3.523842,0
12638,0.244632,0
12639,0.109262,1
12640,0.600555,0
12641,3.830188,0
12642,3.229799,0
12643,4.178543,0
12644,1.81009,0
12645,0.31634,1
12646,1.28762,1
12647,0.687957,1
12648,3.704032,1
12649,2.212931,0
12650,0.611253,1
12651,3.782243,0
12652,1.556603,1
12653,0.218652,0
12654,4.390544,1
12655,0.222703,1
12656,0.144197,1
12657,0.318776,1
12658,0.505409,1
12659,5.03893,0
12660,0.757099,1
12661,0.667983,0
12662,4.50279,1
12663,0.212677,0
12664,0.885154,1
12665,2.809035,0
12666,0.180796,0
12667,3.682358,1
12668,2.307766,0
12669,3.867509,0
12670,3.80508,1
12671,4.597796,1
12672,0.145133,0
12673,1.67885,0
12674,4.742009,1
12675,3.381306,0
12676,4.471462,1
12677,1.955942,0
12678,0.44935,1
12679,0.853633,0
12680,2.202661,0
12681,3.277584,0
12682,0.360185,0
12683,1.1035,1
12684,2.676121,0
12685,3.964744,1
12686,1.9184,0
12687,2.234669,0
12688,3.510356,0
12689,2.527913,1
12690,3.264829,0
12691,0.382098,1
12692,0.203569,1
12693,4.294806,0
12694,1.037786,1
12695,0.763132,1
12696,3.807807,1
12697,4.456565,0
12698,0.433365,1
12699,0.168229,1
12700,3.401346,0
12701,0.332081,1
12702,1.756569,0
12703,2.227147,0
12704,1.340609,1
12705,4.163339,0
12706,4.029166,0
12707,0.203164,0
12708,0.818443,1
12709,1.750561,0
12710,4.041174,0
12711,3.904998,0
12712,2.354674,0
12713,3.676718,0
12714,0.191162,1
12715,0.462678,1
12716,0.13156,1
12717,3.146496,1
12718,0.472951,1
12719,0.907008,1
12720,0.235365,1
12721,2.6061,1
12722,2.264195,1
12723,2.470668,0
12724,1.587437,0
12725,2.602943,0
12726,4.37641,1
12727,3.437506,1
12728,0.161456,1
12729,4.594318,1
12730,3.352806,0
12731,0.154853,1
12732,3.132448,0
12733,0.320953,1
12734,3.336035,0
12735,2.456851,0
12736,1.703835,0
12737,0.705849,1
12738,4.73933,0
12739,3.687375,0
12740,3.315711,0
12741,0.635207,0
12742,0.188525,1
12743,1.065971,1
12744,4.373023,1
12745,3.43472,0
12746,0.129745,0
12747,1.763538,0
12748,0.250457,1
12749,3.112702,0
12750,0.738685,0
12751,0.672301,1
12752,0.983757,0
12753,0.121569,1
12754,3.26204,0
12755,1.851375,1
12756,2.569766,0
12757,3.01202,1
12758,1.516385,0
12759,2.782707,0
12760,0.194709,1
12761,0.127677,0
12762,0.052214,0
12763,4.149666,0
12764,0.93984,0
12765,1.534509,1
12766,1.479052,0
12767,3.828887,0
12768,3.154361,0
12769,0.11719,1
12770,4.579388,1
12771,4.671198,0
12772,1.171388,0
12773,2.898429,1
12774,0.287909,1
12775,3.980403,0
12776,1.953627,0
12777,1.805799,0
12778,0.105077,1
12779,2.951863,1
12780,4.463768,0
12781,3.254246,0
12782,3.790035,0
12783,3.20735,0
12784,0.155118,0
12785,2.16244,0
12786,3.437076,1
12787,2.837493,0
12788,1.952651,1
12789,1.197744,1
12790,4.839828,0
12791,3.374573,1
12792,0.368541,0
12793,4.713391,0
12794,4.468204,0
12795,0.331716,0
12796,3.619593,0
12797,0.14628,1
12798,3.079686,0
12799,3.158695,1
12800,0.187892,1
12801,3.68083,0
12802,4.115047,0
12803,1.145021,1
12804,3.763943,0
12805,4.060929,0
12806,4.14271,0
12807,0.218969,0
12808,0.482212,1
12809,1.455914,1
12810,0.577169,1
12811,4.807641,1
12812,1.709909,0
12813,0.519551,0
12814,0.329656,1
12815,0.112574,0
12816,4.917844,0
12817,3.414968,0
12818,3.919708,0
12819,3.992398,1
12820,0.273601,0
12821,1.728601,1
12822,1.701422,0
12823,0.384297,1
12824,3.988074,1
12825,2.802343,0
12826,2.555512,0
12827,0.648416,1
12828,0.134715,0
12829,1.163635,1
12830,4.394238,1
12831,3.673481,1
12832,1.863634,1
12833,0.913382,1
12834,2.665148,0
12835,6.458751,0
12836,2.717315,0
12837,1.567434,0
12838,0.613526,1
12839,0.228741,0
12840,0.43715,1
12841,3.204739,0
12842,4.043153,0
12843,2.753045,0
12844,3.605671,0
12845,3.94388,0
12846,0.444669,1
12847,3.242145,0
12848,2.86919,0
12849,2.322263,0
12850,2.291528,0
12851,0.444954,0
12852,4.036374,1
12853,3.33602,0
12854,3.718876,0
12855,0.737015,0
12856,1.135003,1
12857,2.897875,0
12858,3.93555,1
12859,3.604307,0
12860,4.698863,0
12861,2.783187,0
12862,3.776764,0
12863,1.034882,1
12864,4.092183,0
12865,1.668563,0
12866,0.107028,0
12867,0.168963,1
12868,0.231688,0
12869,3.567052,1
12870,0.37951,0
12871,3.389258,0
12872,0.411143,0
12873,3.751359,0
12874,0.145868,1
12875,0.341436,0
12876,4.054602,1
12877,4.181866,1
12878,0.143008,1
12879,0.216006,0
12880,4.537338,1
12881,2.155918,0
12882,0.277976,1
12883,0.239183,1
12884,0.118397,1
12885,5.086725,0
12886,0.240543,0
12887,2.963253,0
12888,1.070629,1
12889,0.405466,1
12890,0.310458,1
12891,4.703885,0
12892,3.310026,0
12893,0.154351,1
12894,0.753939,1
12895,1.122199,0
12896,4.380153,1
12897,0.408827,0
12898,0.351376,0
12899,2.310292,1
12900,4.283657,1
12901,4.467794,0
12902,0.91798,1
12903,2.676025,1
12904,1.389869,1
12905,1.11506,1
12906,0.448917,1
12907,0.418828,1
12908,0.398467,1
12909,1.387664,1
12910,0.623998,1
12911,4.980571,0
12912,4.107057,1
12913,1.204914,1
12914,2.841706,0
12915,4.831103,1
12916,2.363664,0
12917,3.931098,1
12918,4.182886,1
12919,4.113341,0
12920,0.489052,1
12921,0.11387,0
12922,0.213111,1
12923,0.958656,1
12924,0.228538,1
12925,0.656888,0
12926,3.433697,1
12927,0.30897,0
12928,1.161756,1
12929,0.095637,0
12930,3.391032,0
12931,3.471581,1
12932,0.884783,1
12933,5.294921,0
12934,4.514853,0
12935,1.546649,1
12936,0.923372,1
12937,0.261969,1
12938,2.945777,1
12939,3.027953,0
12940,4.159468,0
12941,0.1802,0
12942,2.995365,0
12943,2.208562,1
12944,3.39234,0
12945,0.396224,1
12946,0.168065,0
12947,1.168755,1
12948,4.352205,0
12949,0.927014,1
12950,3.724448,1
12951,3.923258,0
12952,3.741047,0
12953,0.614149,1
12954,2.959359,0
12955,1.527439,0
12956,3.984966,0
12957,1.578485,1
12958,1.264606,1
12959,0.196604,1
12960,0.712814,1
12961,2.208864,1
12962,0.141261,1
12963,3.670295,0
12964,2.090848,0
12965,0.466286,0
12966,3.471675,1
12967,0.255034,0
12968,0.433395,0
12969,1.047528,0
12970,3.779991,0
12971,3.2796,0
12972,0.147092,0
12973,0.098994,1
12974,2.79605,1
12975,0.657629,1
12976,2.984474,0
12977,3.285272,0
12978,0.234144,1
12979,3.530014,0
12980,0.426381,0
12981,3.940107,1
12982,1.044717,0
12983,2.799783,0
12984,2.766815,0
12985,3.487549,1
12986,0.605623,0
12987,0.175037,0
12988,0.264087,1
12989,2.61763,0
12990,0.260815,1
12991,0.123545,1
12992,2.055142,0
12993,1.221058,1
12994,4.482099,0
12995,4.148853,1
12996,0.242051,0
12997,0.174645,1
12998,2.75041,0
12999,0.658583,1
13000,4.10136,0
13001,0.337297,0
13002,1.7706,1
13003,0.280193,1
13004,0.549124,1
13005,0.476902,1
13006,0.174157,1
13007,3.397948,0
13008,0.225099,0
13009,0.142122,0
13010,0.249136,0
13011,3.16659,0
13012,0.477707,1
13013,2.798097,0
13014,4.568719,0
13015,0.803952,0
13016,1.053898,1
13017,0.639432,0
13018,0.159052,1
13019,4.166324,1
13020,4.1299,0
13021,4.035499,1
13022,1.807462,0
13023,0.188331,1
13024,0.243441,1
13025,0.109325,1
13026,0.161796,0
13027,0.200922,1
13028,0.752569,0
13029,0.277905,0
13030,5.296699,0
13031,2.899313,0
13032,0.140346,1
13033,1.661582,1
13034,3.539756,0
13035,0.385942,0
13036,0.12638,1
13037,0.435049,1
13038,0.427815,1
13039,0.284894,1
13040,4.365809,0
13041,0.281602,1
13042,0.205491,0
13043,0.647855,1
13044,1.686988,0
13045,4.005926,1
13046,4.037081,0
13047,0.23816,1
13048,0.116939,0
13049,0.680463,1
13050,0.808162,1
13051,2.840433,1
13052,0.249406,0
13053,3.819278,0
13054,2.462333,0
13055,1.044419,1
13056,1.90665,1
13057,3.137787,0
13058,4.292371,0
13059,0.855144,1
13060,3.569239,0
13061,1.966703,0
13062,4.581868,0
13063,3.725378,1
13064,0.444937,1
13065,1.728041,1
13066,2.551974,0
13067,2.60437,1
13068,2.949526,0
13069,0.620677,1
13070,0.987942,1
13071,0.745217,0
13072,2.512243,0
13073,0.117914,0
13074,0.544563,1
13075,2.43505,1
13076,0.180714,1
13077,0.575541,1
13078,4.107894,0
13079,1.995225,1
13080,0.398201,1
13081,2.094774,0
13082,0.170373,0
13083,0.212837,1
13084,0.854923,1
13085,3.617951,1
13086,3.340646,0
13087,1.76677,0
13088,3.601983,1
13089,4.699318,1
13090,0.507421,1
13091,1.410847,0
13092,2.040756,0
13093,1.941918,1
13094,2.411634,1
13095,4.586986,0
13096,0.350959,1
13097,2.706738,0
13098,2.425326,0
13099,3.140124,1
13100,3.583963,0
13101,3.854878,0
13102,3.167714,0
13103,0.22306,0
13104,0.193779,1
13105,0.18713,0
13106,2.455342,1
13107,2.728924,0
13108,0.151926,1
13109,1.927101,0
13110,1.213923,1
13111,3.882208,0
13112,2.356881,0
13113,2.69121,0
13114,3.246911,0
13115,2.702646,0
13116,0.266687,1
13117,0.154987,0
13118,3.077637,0
13119,4.172301,0
13120,1.054008,0
13121,4.867533,1
13122,0.315706,1
13123,3.382831,0
13124,2.643183,0
13125,0.126737,0
13126,4.511869,0
13127,3.004497,0
13128,2.315958,0
13129,2.721098,0
13130,0.15859,1
13131,0.338984,0
13132,0.921209,0
13133,3.099777,0
13134,4.506564,1
13135,4.082446,1
13136,0.186678,1
13137,4.482535,0
13138,2.562305,0
13139,3.16197,1
13140,1.758595,1
13141,0.355041,0
13142,2.106458,0
13143,2.809438,0
13144,4.00809,0
13145,3.081017,1
13146,4.377825,0
13147,3.133272,0
13148,0.212806,1
13149,0.209486,1
13150,3.907214,1
13151,0.677337,1
13152,2.323054,1
13153,3.417509,0
13154,3.130247,1
13155,1.007053,0
13156,3.183188,0
13157,1.543226,1
13158,0.510918,1
13159,4.042019,0
13160,2.631953,0
13161,0.476748,0
13162,0.894037,1
13163,3.440264,0
13164,0.331382,1
13165,1.054793,0
13166,0.152307,1
13167,3.097363,0
13168,0.165918,1
13169,1.733669,1
13170,1.169458,1
13171,0.100576,1
13172,3.537035,0
13173,2.14348,0
13174,0.743576,0
13175,0.361776,0
13176,2.868719,0
13177,4.989488,1
13178,0.365065,1
13179,3.318509,1
13180,1.082371,1
13181,3.089582,0
13182,4.081487,0
13183,1.262067,1
13184,0.074593,0
13185,4.751613,1
13186,1.483713,1
13187,2.985448,0
13188,2.365604,0
13189,0.077742,0
13190,4.603392,0
13191,3.509202,0
13192,4.081367,0
13193,0.157321,1
13194,0.33822,1
13195,0.998181,0
13196,0.152663,0
13197,0.120021,0
13198,2.061463,1
13199,1.208757,1
13200,2.352489,0
13201,0.212886,1
13202,0.259606,0
13203,0.107163,1
13204,4.004371,1
13205,4.619159,0
13206,2.646314,0
13207,2.859913,0
13208,0.835456,1
13209,1.189864,1
13210,0.507635,0
13211,0.507863,0
13212,3.021651,0
13213,3.502797,0
13214,3.792934,1
13215,1.87534,0
13216,3.541165,0
13217,3.554435,0
13218,2.887513,1
13219,0.243869,1
13220,0.208021,0
13221,0.215445,1
13222,4.164912,0
13223,1.595804,0
13224,1.595806,0
13225,0.54491,0
13226,0.495079,1
13227,0.70238,1
13228,3.703633,0
13229,0.215668,0
13230,2.695222,1
13231,0.316145,0
13232,2.936727,0
13233,1.704447,0
13234,4.026142,0
13235,1.738421,0
13236,2.953736,1
13237,0.903287,1
13238,0.769018,1
13239,1.641069,0
13240,0.321316,1
13241,0.947833,1
13242,2.363585,0
13243,0.924216,0
13244,3.833641,0
13245,0.536402,1
13246,2.801366,0
13247,3.768989,1
13248,2.960936,0
13249,3.431638,1
13250,0.77207,1
13251,0.126031,1
13252,0.86461,1
13253,3.343283,1
13254,3.315584,1
13255,4.011121,0
13256,0.161564,1
13257,2.379049,0
13258,2.943739,1
13259,0.158443,0
13260,2.797545,1
13261,4.224302,0
13262,0.358538,1
13263,3.5722,0
13264,3.478122,0
13265,0.71575,0
13266,0.783948,0
13267,0.617664,1
13268,0.7528,0
13269,2.254109,0
13270,0.616566,1
13271,0.253739,1
13272,1.793715,0
13273,3.681188,0
13274,3.520213,0
13275,0.374933,1
13276,3.053172,0
13277,2.589984,1
13278,0.640071,1
13279,3.74526,0
13280,4.264137,0
13281,4.819667,0
13282,4.977132,0
13283,1.044975,1
13284,4.365924,0
13285,3.74312,0
13286,3.325263,0
13287,0.473753,0
13288,0.977961,1
13289,0.39024,0
13290,2.118055,1
13291,4.592359,0
13292,0.370063,1
13293,4.026999,0
13294,4.520368,0
13295,0.534285,1
13296,0.268568,0
13297,0.41121,0
13298,0.245558,1
13299,0.899905,1
13300,3.189203,1
13301,3.693089,0
13302,0.493523,1
13303,0.170132,1
13304,3.722474,0
13305,0.212708,1
13306,4.27248,0
13307,3.015659,0
13308,3.986087,1
13309,3.814943,0
13310,4.819663,0
13311,0.23948,1
13312,4.206451,0
13313,0.166234,0
13314,3.34257,0
13315,0.609895,0
13316,0.264964,0
13317,1.718114,1
13318,4.939157,0
13319,3.866576,0
13320,0.522473,0
13321,4.391618,0
13322,1.014422,1
13323,0.173213,0
13324,0.364288,1
13325,3.564378,0
13326,0.637083,1
13327,3.450282,0
13328,3.511728,0
13329,0.16911,1
13330,0.3107,1
13331,4.697812,0
13332,0.508008,1
13333,0.316097,0
13334,1.792345,1
13335,3.839287,1
13336,0.083258,0
13337,4.277123,1
13338,4.793967,1
13339,1.788556,0
13340,4.419139,0
13341,3.400296,0
13342,5.352021,0
13343,0.521641,0
13344,1.985893,1
13345,2.815594,0
13346,0.97818,0
13347,0.338236,0
13348,1.552186,1
13349,0.207776,1
13350,1.35124,1
13351,0.56905,0
13352,4.130212,0
13353,0.132385,1
13354,0.167016,1
13355,3.152189,0
13356,4.269056,0
13357,2.229589,0
13358,3.017865,0
13359,0.18313,1
13360,3.196723,0
13361,0.178712,1
13362,0.952261,0
13363,0.181275,1
13364,0.419689,1
13365,3.34898,1
13366,2.599421,0
13367,0.204809,1
13368,1.005328,1
13369,3.994338,0
13370,3.911711,0
13371,0.83161,1
13372,1.540041,1
13373,0.450127,1
13374,0.16842,0
13375,3.863175,0
13376,1.358628,0
13377,3.325887,0
13378,0.133253,0
13379,0.584871,1
13380,3.319466,1
13381,4.914623,1
13382,1.745888,1
13383,0.189044,1
13384,2.676943,1
13385,0.528644,1
13386,0.114461,1
13387,2.699846,0
13388,0.194552,0
13389,0.687865,1
13390,2.122289,0
13391,4.236796,0
13392,1.833681,1
13393,0.365424,1
13394,2.497923,0
13395,3.964197,0
13396,3.209096,0
13397,1.556665,1
13398,1.075259,1
13399,0.678523,0
13400,3.712758,0
13401,3.329459,0
13402,0.260143,1
13403,3.232189,0
13404,0.297235,0
13405,0.16227,0
13406,1.741497,1
13407,3.683264,0
13408,4.246181,1
13409,4.134699,0
13410,4.506747,0
13411,0.498467,0
13412,0.398803,1
13413,0.254983,1
13414,3.068996,1
13415,3.490255,0
13416,4.889866,0
13417,3.606043,0
13418,1.588485,0
13419,2.453882,0
13420,0.40347,0
13421,0.5985,0
13422,0.656986,0
13423,1.8069,1
13424,0.510788,1
13425,0.556878,0
13426,0.296704,1
13427,1.029406,1
13428,1.38371,1
13429,4.436134,0
13430,2.186506,1
13431,4.59503,0
13432,2.619952,0
13433,1.153565,1
13434,0.31216,1
13435,0.705065,1
13436,4.622766,0
13437,2.554537,0
13438,3.301774,1
13439,0.14959,1
13440,0.854399,0
13441,1.728587,0
13442,0.620729,1
13443,2.523558,1
13444,0.482367,1
13445,3.761508,1
13446,0.3852,0
13447,1.779713,1
13448,2.186361,0
13449,0.420222,1
13450,2.512964,0
13451,3.90053,0
13452,4.625769,1
13453,0.153871,1
13454,0.149011,1
13455,2.752386,0
13456,3.633988,0
13457,0.235672,0
13458,0.156496,1
13459,0.65384,0
13460,2.240168,0
13461,2.34465,1
13462,0.264952,1
13463,3.574402,0
13464,1.078486,0
13465,4.37359,0
13466,1.554307,1
13467,5.972659,0
13468,0.235025,1
13469,0.219155,1
13470,5.259798,0
13471,4.954468,0
13472,0.214518,1
13473,3.097666,1
13474,0.375154,0
13475,0.245983,1
13476,3.614591,1
13477,0.445848,1
13478,4.833467,0
13479,3.640608,1
13480,2.016585,1
13481,0.141805,0
13482,3.341015,0
13483,5.401783,0
13484,3.014138,1
13485,2.409767,0
13486,1.549251,1
13487,5.476511,1
13488,2.769775,0
13489,4.049244,0
13490,2.0734,0
13491,0.379672,1
13492,1.937893,0
13493,3.104205,0
13494,0.140264,0
13495,3.313641,1
13496,0.388587,1
13497,1.440142,1
13498,0.294498,1
13499,3.454951,0
13500,2.744513,0
13501,0.170594,1
13502,0.337184,0
13503,0.781573,0
13504,4.07485,0
13505,4.250143,1
13506,2.294899,0
13507,3.861769,0
13508,2.293339,1
13509,0.464123,1
13510,0.211433,1
13511,1.134819,0
13512,0.365328,1
13513,0.521025,1
13514,1.075977,0
13515,0.23189,1
13516,3.018534,0
13517,4.216903,0
13518,0.429099,1
13519,1.421546,1
13520,1.97792,0
13521,0.65786,1
13522,0.23555,0
13523,3.666402,0
13524,2.903313,0
13525,3.272563,1
13526,0.256639,1
13527,2.253624,0
13528,4.546061,0
13529,4.008602,0
13530,4.365958,0
13531,4.856152,0
13532,2.502985,0
13533,3.56845,1
13534,4.70476,0
13535,0.630032,1
13536,5.514894,0
13537,4.238011,1
13538,4.263821,1
13539,1.730798,1
13540,3.485308,1
13541,2.532281,0
13542,0.989953,0
13543,1.00859,1
13544,3.230916,0
13545,4.059423,1
13546,1.454074,0
13547,0.129334,1
13548,3.703195,0
13549,4.517742,0
13550,0.125338,0
13551,2.881247,1
13552,4.315711,0
13553,4.202516,1
13554,4.15951,0
13555,0.942396,0
13556,3.328643,1
13557,3.61547,0
13558,4.640706,0
13559,0.336685,1
13560,0.380975,1
13561,0.225539,1
13562,4.352365,0
13563,2.967035,0
13564,2.376404,0
13565,4.594185,1
13566,0.108118,1
13567,0.30538,0
13568,0.310033,0
13569,0.584185,0
13570,0.80018,1
13571,0.290591,0
13572,2.566137,1
13573,1.577139,1
13574,0.273698,1
13575,0.200312,0
13576,1.957079,0
13577,1.576399,1
13578,3.228911,0
13579,0.116097,1
13580,0.44352,0
13581,4.51251,0
13582,3.1229,0
13583,3.556957,0
13584,0.634984,0
13585,0.716162,1
13586,0.81428,1
13587,4.361988,0
13588,0.369672,0
13589,4.759245,1
13590,0.342266,1
13591,0.2528,1
13592,3.553219,1
13593,0.909677,0
13594,3.314155,1
13595,0.52098,1
13596,2.870139,0
13597,2.313141,1
13598,1.015494,1
13599,2.652352,0
13600,1.851684,1
13601,3.872672,1
13602,2.678004,1
13603,0.153415,0
13604,0.977558,1
13605,3.361231,0
13606,3.793282,0
13607,5.281611,0
13608,0.570222,1
13609,3.79456,0
13610,0.892073,1
13611,4.460902,1
13612,0.170564,0
13613,2.367178,1
13614,0.160036,1
13615,0.229842,1
13616,0.684361,1
13617,0.202196,1
13618,0.162497,1
13619,2.749193,0
13620,2.053441,1
13621,4.054866,0
13622,0.283072,1
13623,3.316414,0
13624,4.56263,1
13625,3.372811,1
13626,3.678529,1
13627,1.835929,1
13628,0.651618,1
13629,3.99168,0
13630,0.210916,0
13631,5.247704,0
13632,2.92683,0
13633,2.73451,1
13634,0.575919,0
13635,2.992213,0
13636,0.582079,1
13637,1.141841,1
13638,0.272324,0
13639,2.955332,1
13640,1.56607,0
13641,2.134141,0
13642,0.129282,1
13643,0.162357,0
13644,0.426418,1
13645,0.148258,1
13646,2.075613,1
13647,3.935644,0
13648,3.294805,0
13649,0.149408,0
13650,0.114305,1
13651,0.524226,1
13652,4.446062,0
13653,3.622257,0
13654,0.053873,0
13655,0.731767,1
13656,2.686208,0
13657,3.86062,0
13658,0.151491,0
13659,3.888991,0
13660,3.750798,0
13661,3.305161,0
13662,0.222886,0
13663,2.620771,1
13664,2.760807,0
13665,0.175911,0
13666,3.795605,1
13667,0.390431,1
13668,3.340742,0
13669,1.850168,0
13670,4.419824,1
13671,4.104652,0
13672,0.43046,0
13673,2.859226,0
13674,4.922257,1
13675,2.350184,0
13676,2.774412,0
13677,0.208065,1
13678,0.233841,1
13679,3.225602,0
13680,0.696328,1
13681,2.481504,0
13682,3.226315,0
13683,3.129629,1
13684,0.461859,0
13685,3.902483,1
13686,0.555439,1
13687,3.726646,0
13688,0.241986,1
13689,1.135734,1
13690,0.21782,1
13691,2.093949,1
13692,0.289297,1
13693,2.483484,0
13694,0.217999,0
13695,2.920989,1
13696,3.157315,0
13697,0.259295,1
13698,0.210394,1
13699,2.517815,1
13700,2.785428,0
13701,0.47649,0
13702,0.151086,0
13703,1.609458,1
13704,4.695474,0
13705,3.235799,0
13706,2.69805,0
13707,0.226867,1
13708,0.21409,1
13709,3.833594,1
13710,1.150844,0
13711,3.938365,1
13712,0.895513,0
13713,0.677373,1
13714,3.584898,1
13715,2.90475,0
13716,3.830867,1
13717,4.290336,0
13718,0.33425,1
13719,1.31182,1
13720,3.236608,0
13721,3.634851,0
13722,1.236387,1
13723,3.788063,0
13724,2.59016,1
13725,4.232334,0
13726,0.677273,0
13727,0.219626,1
13728,0.127205,1
13729,0.342677,1
13730,0.115315,0
13731,2.770894,1
13732,0.144827,0
13733,0.305256,1
13734,4.419587,1
13735,0.323204,1
13736,2.600793,0
13737,3.1008,0
13738,0.733613,1
13739,0.182568,1
13740,3.055819,1
13741,4.114944,1
13742,3.957747,1
13743,2.344743,1
13744,1.739961,0
13745,2.82279,1
13746,2.245414,0
13747,0.755519,1
13748,1.769894,0
13749,1.502247,1
13750,3.615065,0
13751,1.184845,1
13752,0.063275,0
13753,0.750742,1
13754,0.235471,1
13755,0.325031,1
13756,0.653536,1
13757,1.418681,1
13758,0.174501,1
13759,0.558547,1
13760,0.544726,1
13761,0.108452,0
13762,2.548893,1
13763,0.090502,1
13764,0.181479,1
13765,1.804208,0
13766,4.467216,0
13767,5.210361,1
13768,4.124781,1
13769,0.590862,1
13770,0.350978,1
13771,0.253696,1
13772,2.479253,0
13773,0.173147,1
13774,0.23947,1
13775,1.15365,1
13776,4.650859,0
13777,3.638979,0
13778,0.125202,0
13779,3.529968,0
13780,3.564719,0
13781,4.942181,1
13782,2.468728,0
13783,4.338899,0
13784,4.620327,0
13785,3.05878,1
13786,3.406042,0
13787,3.844506,1
13788,3.637704,1
13789,0.626759,1
13790,4.906015,1
13791,3.086577,0
13792,0.34759,1
13793,2.154225,0
13794,0.678064,1
13795,0.100632,0
13796,4.196257,0
13797,0.37632,0
13798,1.355036,1
13799,0.477399,1
13800,0.130016,0
13801,0.126392,1
13802,0.238763,0
13803,0.358373,1
13804,3.646696,0
13805,1.802691,1
13806,0.48997,0
13807,1.749119,0
13808,3.644512,0
13809,4.088534,0
13810,1.883095,1
13811,0.235637,1
13812,3.351074,0
13813,4.46337,0
13814,2.085948,0
13815,0.223279,0
13816,2.696016,1
13817,1.523466,1
13818,1.158236,1
13819,0.120335,1
13820,0.830431,1
13821,3.365145,0
13822,3.335688,1
13823,2.866999,0
13824,3.221984,0
13825,0.932653,1
13826,2.225686,0
13827,0.556855,0
13828,4.212903,1
13829,0.124304,1
13830,2.820504,1
13831,0.441287,1
13832,0.345724,0
13833,0.967101,0
13834,0.656085,0
13835,0.365527,1
13836,0.170446,1
13837,1.072411,1
13838,6.584727,0
13839,0.101054,1
13840,0.36806,1
13841,0.224953,1
13842,0.33345,1
13843,3.353532,0
13844,3.327741,0
13845,1.00105,1
13846,3.872796,1
13847,1.732368,0
13848,0.239754,1
13849,4.452267,1
13850,2.797762,0
13851,1.915858,1
13852,0.667942,1
13853,0.609663,1
13854,2.415918,1
13855,0.449899,1
13856,0.291645,1
13857,1.423734,1
13858,2.828984,0
13859,3.350724,0
13860,0.495967,1
13861,1.019793,0
13862,1.377392,1
13863,2.666634,0
13864,2.682886,1
13865,0.241911,1
13866,2.189786,0
13867,0.302946,1
13868,2.418127,1
13869,0.271511,1
13870,0.179636,1
13871,0.248069,0
13872,4.556881,0
13873,2.289464,0
13874,0.438443,1
13875,3.061028,1
13876,3.831564,1
13877,1.00894,0
13878,2.359266,1
13879,1.028937,1
13880,3.782167,0
13881,5.828449,1
13882,2.616308,0
13883,2.978737,0
13884,0.132943,0
13885,2.148113,1
13886,2.298531,0
13887,0.222661,0
13888,0.125474,0
13889,3.033258,0
13890,3.322932,0
13891,2.816493,0
13892,2.823825,1
13893,0.276411,0
13894,3.41953,0
13895,1.851022,0
13896,0.936249,1
13897,0.159198,1
13898,3.517478,0
13899,0.890028,1
13900,1.464361,1
13901,0.339853,1
13902,0.285523,0
13903,2.517525,1
13904,3.239499,1
13905,0.299437,0
13906,0.36884,1
13907,2.222056,1
13908,0.300227,1
13909,3.091537,0
13910,3.397213,0
13911,3.854406,0
13912,2.425266,0
13913,0.41545,1
13914,3.926468,1
13915,1.584367,0
13916,0.157839,0
13917,0.169601,0
13918,3.544081,0
13919,3.093607,1
13920,3.021751,0
13921,3.965498,1
13922,2.900338,0
13923,0.183339,0
13924,0.477664,0
13925,1.255342,1
13926,0.499442,1
13927,2.395222,1
13928,3.217675,0
13929,0.948476,1
13930,3.605917,0
13931,0.16511,0
13932,3.278423,1
13933,0.217178,0
13934,0.214638,1
13935,0.756817,0
13936,1.924023,1
13937,0.631531,1
13938,4.264317,1
13939,5.314687,1
13940,0.333753,0
13941,2.938264,0
13942,0.236427,1
13943,0.194589,1
13944,1.600702,1
13945,4.754679,0
13946,3.926786,1
13947,1.783914,1
13948,0.11633,1
13949,0.135906,1
13950,0.49044,0
13951,0.192339,1
13952,2.520044,0
13953,0.123177,0
13954,0.143847,0
13955,3.391541,0
13956,3.966145,0
13957,3.612523,1
13958,5.915937,0
13959,1.899591,0
13960,2.900612,0
13961,2.877747,0
13962,0.382961,0
13963,3.403568,0
13964,1.725656,0
13965,3.000104,1
13966,3.981561,1
13967,0.331045,0
13968,2.667557,1
13969,2.939538,0
13970,0.094171,0
13971,4.954757,1
13972,3.030608,1
13973,4.627929,0
13974,4.251411,0
13975,1.472604,1
13976,0.285586,1
13977,0.49685,0
13978,0.665716,0
13979,4.145517,0
13980,4.501718,1
13981,0.339231,0
13982,0.190943,1
13983,0.427563,0
13984,0.397183,1
13985,0.8736,0
13986,0.356805,0
13987,3.659276,0
13988,6.403639,0
13989,4.085045,0
13990,0.363672,1
13991,3.787773,0
13992,0.212126,1
13993,0.448968,0
13994,0.150247,1
13995,3.307857,1
13996,3.460582,1
13997,2.138085,1
13998,0.240713,1
13999,0.444536,1
14000,4.450544,0
14001,2.791829,0
14002,4.124447,1
14003,3.566563,0
14004,0.157871,1
14005,0.939111,0
14006,4.582063,0
14007,1.211416,0
14008,4.773529,1
14009,0.739939,1
14010,0.157073,0
14011,3.975386,0
14012,0.300804,0
14013,0.15666,0
14014,0.510528,1
14015,0.550716,1
14016,4.197901,0
14017,2.377422,0
14018,0.404678,0
14019,4.116785,1
14020,2.537066,0
14021,5.408671,0
14022,1.663987,1
14023,3.357999,0
14024,3.175791,0
14025,0.311742,1
14026,0.151263,1
14027,3.309256,0
14028,2.637422,0
14029,3.342487,1
14030,0.249975,1
14031,1.750735,1
14032,3.506577,0
14033,0.462276,0
14034,0.293602,0
14035,0.329446,1
14036,2.349881,1
14037,0.392845,0
14038,0.525514,1
14039,2.651888,0
14040,3.154109,1
14041,0.745916,1
14042,0.205482,1
14043,2.433755,0
14044,0.404974,1
14045,1.212732,1
14046,0.274188,0
14047,0.169297,1
14048,2.61391,1
14049,2.986544,0
14050,2.339198,0
14051,3.783091,1
14052,0.314435,1
14053,0.224053,1
14054,0.832191,1
14055,0.883407,0
14056,2.689216,0
14057,1.649299,0
14058,1.955825,1
14059,0.446812,0
14060,0.140122,1
14061,3.773087,0
14062,4.247657,1
14063,3.5841,0
14064,0.221361,0
14065,4.000754,1
14066,4.353961,1
14067,3.535891,0
14068,1.897334,1
14069,1.911835,0
14070,4.295103,0
14071,0.981436,1
14072,3.175285,0
14073,1.463699,0
14074,0.808954,1
14075,0.261171,0
14076,0.296468,0
14077,0.296526,1
14078,0.894312,1
14079,2.024634,0
14080,0.123881,0
14081,3.269776,0
14082,1.867715,1
14083,0.771449,0
14084,0.386082,0
14085,4.567174,1
14086,2.671666,0
14087,3.071187,1
14088,0.501958,0
14089,3.258338,0
14090,3.236044,0
14091,0.179733,0
14092,0.659945,0
14093,2.431191,0
14094,0.550522,1
14095,0.136071,1
14096,3.746859,0
14097,2.931345,0
14098,7.699154,1
14099,0.320597,1
14100,0.671107,0
14101,0.148755,0
14102,2.718333,1
14103,2.640266,1
14104,0.165558,1
14105,0.195211,1
14106,3.804972,0
14107,2.944249,0
14108,3.08326,0
14109,3.086388,1
14110,3.478179,0
14111,0.623624,1
14112,4.147066,0
14113,2.342953,1
14114,2.340628,1
14115,4.091165,0
14116,1.499426,0
14117,3.98521,1
14118,3.154607,0
14119,3.416015,1
14120,4.671165,0
14121,2.217874,0
14122,0.885852,0
14123,0.972761,1
14124,1.720358,0
14125,0.478947,1
14126,2.552517,1
14127,0.540692,1
14128,1.757324,1
14129,2.20277,0
14130,3.67768,0
14131,2.683944,1
14132,1.370371,1
14133,0.580399,0
14134,0.430466,1
14135,4.07759,0
14136,0.907554,0
14137,1.397957,0
14138,3.104588,1
14139,1.368107,1
14140,0.1819,0
14141,4.305474,1
14142,3.941278,0
14143,2.411798,0
14144,2.893243,1
14145,2.782001,0
14146,0.646141,0
14147,0.154424,1
14148,1.227665,1
14149,2.286122,0
14150,0.276452,1
14151,2.53769,0
14152,1.14788,0
14153,1.831812,1
14154,0.351613,1
14155,3.09956,0
14156,0.830375,1
14157,1.219048,1
14158,0.223948,1
14159,2.786821,1
14160,0.311195,1
14161,0.706789,1
14162,2.167346,0
14163,0.540625,0
14164,2.372624,0
14165,0.446702,0
14166,3.173774,0
14167,0.441119,1
14168,2.509741,1
14169,5.147315,1
14170,2.820737,0
14171,0.121751,0
14172,0.341781,1
14173,3.164651,1
14174,1.173882,1
14175,4.406363,0
14176,0.612595,0
14177,1.076768,1
14178,0.38988,1
14179,0.421437,1
14180,1.135772,0
14181,0.543513,1
14182,4.125969,1
14183,3.448307,1
14184,3.515225,1
14185,3.312793,0
14186,0.20254,1
14187,0.298857,1
14188,0.130416,0
14189,4.477696,0
14190,2.710333,0
14191,0.148995,0
14192,2.201646,0
14193,3.531111,1
14194,0.50021,1
14195,3.125031,1
14196,1.663972,1
14197,4.928461,1
14198,2.737722,0
14199,3.817509,0
14200,0.775951,0
14201,0.918158,1
14202,0.821271,0
14203,5.100839,1
14204,0.505572,0
14205,0.304524,1
14206,0.521912,0
14207,0.311275,0
14208,4.132423,0
14209,3.680496,0
14210,0.51444,1
14211,1.927182,0
14212,3.733721,1
14213,4.262934,0
14214,3.722472,0
14215,0.781491,1
14216,2.113123,0
14217,4.816079,1
14218,0.331292,0
14219,3.933924,1
14220,4.305597,0
14221,4.138711,0
14222,5.714795,0
14223,0.419809,1
14224,0.606451,1
14225,2.969979,0
14226,1.355784,0
14227,4.424496,0
14228,2.897921,0
14229,3.992337,1
14230,2.030524,0
14231,3.664552,1
14232,3.127927,1
14233,2.208502,1
14234,1.635627,0
14235,2.453337,1
14236,0.764927,0
14237,3.990607,1
14238,0.364767,1
14239,0.202018,1
14240,2.326334,1
14241,3.728078,1
14242,0.968833,1
14243,3.762344,0
14244,1.936502,1
14245,3.250621,0
14246,0.244014,1
14247,4.177558,1
14248,2.990945,0
14249,0.954301,0
14250,3.421753,1
14251,4.065983,0
14252,2.315253,0
14253,3.281719,0
14254,0.162749,1
14255,2.097221,1
14256,1.428547,1
14257,0.21618,1
14258,0.335984,0
14259,0.216377,1
14260,0.954838,0
14261,3.30775,0
14262,3.620882,0
14263,0.264223,1
14264,0.282045,0
14265,4.893578,0
14266,3.229829,0
14267,2.462017,1
14268,3.146164,0
14269,0.725505,1
14270,0.328806,1
14271,3.113758,0
14272,0.812999,0
14273,0.281831,1
14274,1.775855,0
14275,0.168818,1
14276,4.175323,0
14277,2.679485,0
14278,4.475333,0
14279,2.983766,1
14280,1.928125,0
14281,0.167465,1
14282,1.201273,0
14283,0.216948,1
14284,3.666409,0
14285,2.535922,0
14286,0.341916,1
14287,3.368616,0
14288,3.651681,0
14289,5.549772,0
14290,3.394522,0
14291,4.622585,0
14292,5.327542,0
14293,0.801994,1
14294,3.963966,1
14295,0.429551,1
14296,4.756485,0
14297,3.954763,0
14298,1.649258,1
14299,3.258543,0
14300,3.066913,0
14301,0.150387,1
14302,0.313247,1
14303,3.618881,0
14304,0.136639,1
14305,0.399367,0
14306,0.369909,0
14307,1.4336,0
14308,0.514937,1
14309,0.275629,0
14310,4.54395,0
14311,0.186459,1
14312,4.729151,0
14313,0.421829,1
14314,4.762238,1
14315,0.679191,1
14316,5.206842,1
14317,1.092313,1
14318,0.180588,1
14319,0.31357,1
14320,0.252511,0
14321,0.745641,1
14322,2.238116,1
14323,0.129621,1
14324,2.781626,0
14325,0.24031,1
14326,0.148595,0
14327,0.307775,0
14328,0.152083,1
14329,4.899711,0
14330,2.908055,0
14331,0.140756,1
14332,3.032658,0
14333,0.174985,0
14334,0.337576,1
14335,3.723329,0
14336,3.54342,0
14337,1.229447,0
14338,0.194668,0
14339,3.867083,0
14340,0.370376,0
14341,0.348123,1
14342,4.342107,1
14343,1.59421,1
14344,3.797044,1
14345,0.163134,1
14346,4.365262,0
14347,2.423941,0
14348,3.605141,0
14349,0.1296,0
14350,2.225606,0
14351,2.889971,0
14352,1.205626,1
14353,4.361413,0
14354,0.374396,0
14355,0.171586,1
14356,2.008559,0
14357,0.050443,0
14358,0.239652,0
14359,0.783698,0
14360,3.316848,1
14361,1.703264,0
14362,3.834441,0
14363,5.27062,1
14364,2.761774,0
14365,2.324811,0
14366,2.507398,1
14367,4.482537,1
14368,3.02383,0
14369,0.638483,1
14370,1.34847,1
14371,4.656586,1
14372,1.721802,1
14373,0.300944,1
14374,3.841654,0
14375,1.1393,1
14376,0.399645,0
14377,0.373991,0
14378,1.897169,1
14379,0.981001,0
14380,0.260381,1
14381,2.197106,0
14382,0.154691,1
14383,0.610256,1
14384,5.578347,0
14385,0.334719,1
14386,0.791943,1
14387,0.647067,0
14388,1.559716,1
14389,0.181628,1
14390,1.145899,1
14391,0.607492,1
14392,4.020874,0
14393,1.824481,0
14394,2.169187,0
14395,3.035326,1
14396,0.141063,1
14397,0.70688,1
14398,4.579114,0
14399,0.229038,1
14400,0.147001,0
14401,3.690749,0
14402,2.120807,1
14403,0.182079,0
14404,0.210135,0
14405,3.05574,0
14406,1.526022,0
14407,0.363013,0
14408,2.596806,1
14409,0.441774,0
14410,5.519589,1
14411,0.189478,0
14412,4.922697,1
14413,0.752287,1
14414,0.135928,0
14415,0.458948,0
14416,0.446084,0
14417,0.395957,1
14418,3.978554,1
14419,1.033687,1
14420,3.68348,0
14421,3.433239,1
14422,2.556949,0
14423,3.565535,0
14424,1.918452,1
14425,3.888465,0
14426,0.944847,0
14427,1.866119,0
14428,4.660197,0
14429,0.283861,0
14430,0.210601,0
14431,3.33679,0
14432,1.407924,0
14433,3.004593,1
14434,0.518391,1
14435,3.080418,0
14436,0.34193,1
14437,1.500296,0
14438,0.15797,1
14439,0.22143,1
14440,2.512475,0
14441,0.164547,1
14442,2.239026,0
14443,0.233242,0
14444,3.690999,0
14445,1.01274,0
14446,4.081604,0
14447,0.821273,1
14448,0.164552,0
14449,0.655713,1
14450,1.080141,1
14451,0.69502,0
14452,3.321082,0
14453,0.14093,1
14454,1.804377,0
14455,0.829652,0
14456,1.311932,1
14457,3.063146,0
14458,2.928273,1
14459,0.347127,1
14460,0.171201,1
14461,0.812626,1
14462,1.064146,1
14463,0.394086,1
14464,4.848991,1
14465,3.254826,0
14466,3.948574,0
14467,3.50766,1
14468,0.466448,1
14469,1.090068,0
14470,0.202356,1
14471,4.106104,0
14472,3.926934,1
14473,2.452206,0
14474,0.842502,1
14475,3.881902,1
14476,3.328462,1
14477,0.122195,1
14478,4.000391,1
14479,3.593401,0
14480,2.389734,0
14481,2.715086,0
14482,3.52228,1
14483,3.650707,0
14484,4.463103,0
14485,3.507591,0
14486,0.198801,1
14487,4.350703,0
14488,1.304133,1
14489,4.571566,1
14490,1.040872,1
14491,1.312272,1
14492,3.59589,0
14493,3.441378,1
14494,1.822644,0
14495,3.912207,0
14496,2.858963,0
14497,1.398867,0
14498,2.342729,1
14499,0.596315,1
14500,0.917355,0
14501,3.623006,1
14502,3.206746,1
14503,4.105797,0
14504,0.359492,1
14505,3.890183,0
14506,0.214057,1
14507,1.819161,0
14508,3.819603,1
14509,0.592266,0
14510,0.516158,0
14511,0.272295,0
14512,4.133077,1
14513,1.835816,0
14514,0.575275,1
14515,0.34294,0
14516,0.223656,1
14517,0.060183,1
14518,0.163122,1
14519,2.400493,0
14520,0.188218,1
14521,4.729534,0
14522,1.485851,1
14523,1.918962,0
14524,0.662421,1
14525,2.612494,0
14526,0.721144,0
14527,2.021134,1
14528,0.431415,1
14529,2.632642,0
14530,0.119448,0
14531,3.651418,0
14532,0.739092,1
14533,1.665263,1
14534,0.19462,1
14535,4.061769,0
14536,0.162314,0
14537,3.492224,0
14538,0.282666,0
14539,0.26684,0
14540,0.918555,0
14541,5.201446,0
14542,2.206125,0
14543,3.227749,0
14544,2.246846,1
14545,4.447499,0
14546,0.713507,0
14547,1.042674,1
14548,0.162393,1
14549,2.256226,1
14550,3.546979,0
14551,3.37256,0
14552,0.255806,1
14553,4.447947,0
14554,3.903183,0
14555,0.230273,0
14556,2.082151,1
14557,0.644701,0
14558,0.112132,1
14559,0.20443,0
14560,0.692538,1
14561,0.534539,0
14562,1.596183,0
14563,3.032381,0
14564,2.720743,0
14565,5.136708,1
14566,0.927682,1
14567,4.900185,1
14568,1.403641,0
14569,4.434593,1
14570,2.106749,0
14571,0.44198,0
14572,0.135087,0
14573,0.224751,0
14574,3.396685,1
14575,0.137195,1
14576,1.609642,0
14577,0.290388,1
14578,0.158494,0
14579,0.201588,1
14580,3.66039,0
14581,3.5039,1
14582,0.973755,1
14583,0.166205,1
14584,2.192753,0
14585,0.490227,1
14586,2.141442,1
14587,2.78777,0
14588,3.225809,1
14589,0.499407,0
14590,3.626584,0
14591,4.079,0
14592,0.686636,0
14593,0.274913,1
14594,0.178684,1
14595,4.35362,1
14596,3.273932,0
14597,0.301938,0
14598,2.938145,0
14599,0.276578,0
14600,3.870236,0
14601,0.214719,0
14602,2.742557,0
14603,2.800802,0
14604,3.229878,0
14605,4.417821,0
14606,0.204787,1
14607,1.763568,0
14608,0.423021,1
14609,5.45303,0
14610,2.741382,0
14611,4.0342,0
14612,0.174688,0
14613,0.625149,0
14614,1.082804,0
14615,0.218109,0
14616,0.572166,0
14617,3.871723,0
14618,3.4725,1
14619,1.273341,1
14620,0.340352,1
14621,0.613662,0
14622,0.702324,1
14623,2.330158,0
14624,3.170305,0
14625,4.899314,1
14626,3.819642,0
14627,0.144372,1
14628,4.687513,1
14629,3.023228,0
14630,0.588537,0
14631,5.763446,1
14632,3.074159,0
14633,2.106596,0
14634,2.051059,1
14635,1.834564,1
14636,0.678149,0
14637,2.711113,1
14638,3.094081,0
14639,1.967994,0
14640,3.053421,0
14641,3.527543,0
14642,5.357765,1
14643,4.506588,1
14644,0.220367,0
14645,1.161755,1
14646,0.195167,0
14647,0.680371,0
14648,4.306081,0
14649,2.748116,0
14650,2.943733,1
14651,4.766658,1
14652,0.843138,0
14653,4.312607,0
14654,4.109939,1
14655,0.485827,1
14656,1.103971,1
14657,0.204602,1
14658,1.095246,1
14659,0.189068,0
14660,0.647065,0
14661,0.467131,1
14662,3.697467,0
14663,3.816036,0
14664,3.415598,1
14665,0.483087,1
14666,4.481145,1
14667,2.621571,1
14668,3.292135,0
14669,0.6444,1
14670,4.311343,0
14671,0.188771,1
14672,1.700131,0
14673,5.411091,0
14674,4.455094,1
14675,3.140877,0
14676,3.688074,0
14677,0.199203,1
14678,2.345484,1
14679,0.736805,0
14680,0.659942,1
14681,2.424787,0
14682,2.674128,1
14683,0.169014,1
14684,1.100667,1
14685,3.215711,1
14686,0.588386,1
14687,0.380552,0
14688,2.687443,0
14689,0.381069,1
14690,1.019837,1
14691,0.120755,1
14692,0.12399,1
14693,0.214541,1
14694,3.349067,0
14695,0.364885,0
14696,4.192254,0
14697,3.865897,0
14698,3.381638,0
14699,0.751358,1
14700,2.347411,1
14701,0.828787,0
14702,5.089635,0
14703,4.900818,1
14704,1.221708,1
14705,1.146619,1
14706,3.170006,0
14707,3.279284,0
14708,0.120278,1
14709,4.060212,0
14710,1.012033,0
14711,0.132801,1
14712,4.950735,1
14713,3.470487,0
14714,4.254992,0
14715,3.00161,1
14716,0.996784,1
14717,0.345497,0
14718,0.167755,0
14719,0.197793,1
14720,4.96806,0
14721,1.146949,1
14722,1.598294,0
14723,2.5138,0
14724,0.92528,1
14725,4.722167,0
14726,3.299605,0
14727,2.45792,0
14728,0.872892,1
14729,0.231404,1
14730,1.757771,1
14731,0.50236,1
14732,1.481594,1
14733,0.222209,1
14734,4.293825,0
14735,1.92314,0
14736,0.289157,1
14737,0.945626,1
14738,4.709788,0
14739,0.483358,0
14740,1.772809,1
14741,3.28073,0
14742,3.648975,0
14743,1.810509,1
14744,2.100061,0
14745,4.696789,0
14746,4.655972,0
14747,1.135315,0
14748,0.158045,1
14749,4.440322,1
14750,3.367005,1
14751,3.177683,0
14752,1.165757,1
14753,0.437244,1
14754,0.544342,0
14755,4.264947,1
14756,0.591344,0
14757,1.117605,1
14758,2.8969,1
14759,0.158865,1
14760,5.139933,0
14761,3.111837,0
14762,3.510365,0
14763,0.446095,1
14764,1.06273,1
14765,0.399626,0
14766,0.430602,0
14767,1.571402,1
14768,2.717386,0
14769,2.557156,0
14770,2.353088,1
14771,1.479821,0
14772,3.074753,1
14773,2.376284,0
14774,3.18307,0
14775,0.182373,1
14776,0.289827,0
14777,0.207206,1
14778,3.769548,1
14779,0.092672,0
14780,0.141255,1
14781,0.141003,1
14782,0.204989,0
14783,0.146344,0
14784,2.589407,0
14785,0.270716,0
14786,0.402895,1
14787,0.214099,1
14788,0.144753,1
14789,4.934207,0
14790,0.195871,1
14791,1.565083,1
14792,0.368102,0
14793,0.54002,0
14794,2.747428,0
14795,4.04354,1
14796,1.068581,0
14797,0.126105,1
14798,3.82236,0
14799,0.691153,1
14800,0.681131,1
14801,3.301103,0
14802,0.609645,1
14803,1.738797,1
14804,3.820649,0
14805,4.943213,1
14806,5.640013,1
14807,1.850545,0
14808,0.725324,0
14809,1.520288,0
14810,0.143821,1
14811,4.768654,0
14812,1.377577,1
14813,3.424484,1
14814,0.385051,1
14815,1.686713,1
14816,1.707133,0
14817,0.247873,1
14818,0.752985,0
14819,3.029568,0
14820,3.548923,0
14821,0.188137,1
14822,2.455935,0
14823,0.056436,0
14824,3.616644,0
14825,0.763204,1
14826,4.450948,0
14827,3.806459,0
14828,2.300259,1
14829,2.366291,1
14830,1.681935,0
14831,0.601032,1
14832,0.504448,1
14833,0.453889,1
14834,1.332643,0
14835,4.100743,0
14836,0.934791,1
14837,2.86556,1
14838,4.290738,0
14839,0.334914,1
14840,1.166027,1
14841,0.660435,1
14842,0.228098,0
14843,3.872089,0
14844,3.506366,1
14845,0.230118,0
14846,2.972951,0
14847,0.525429,0
14848,4.393217,1
14849,2.294027,1
14850,0.139007,0
14851,2.610887,0
14852,3.709445,1
14853,0.772363,0
14854,3.057397,1
14855,4.788497,1
14856,0.825891,1
14857,3.727959,0
14858,0.325324,1
14859,2.558679,0
14860,0.340803,1
14861,4.287541,0
14862,1.721353,1
14863,5.507998,0
14864,1.05789,1
14865,1.062009,1
14866,1.205298,0
14867,0.461184,0
14868,0.220415,1
14869,0.201153,1
14870,5.04628,0
14871,0.154202,1
14872,3.12609,0
14873,0.215848,1
14874,0.246066,1
14875,3.084201,0
14876,0.394856,0
14877,2.616169,0
14878,0.20444,1
14879,2.608698,0
14880,0.814149,0
14881,2.673056,0
14882,2.932992,0
14883,0.246449,1
14884,0.179858,0
14885,2.720429,0
14886,3.687003,0
14887,0.979722,1
14888,3.137789,0
14889,0.261849,1
14890,0.816471,1
14891,3.569929,0
14892,0.21809,1
14893,0.530884,0
14894,0.181451,1
14895,4.972147,1
14896,2.027102,0
14897,0.243656,1
14898,1.255307,1
14899,2.021936,1
14900,3.521385,1
14901,3.681588,0
14902,0.687194,1
14903,0.200368,0
14904,0.932579,1
14905,0.518183,0
14906,0.290537,1
14907,2.684827,0
14908,3.879134,0
14909,1.157443,1
14910,0.537374,1
14911,3.200171,0
14912,3.880241,0
14913,0.398104,1
14914,4.347256,0
14915,2.862816,0
14916,0.162216,0
14917,0.671832,1
14918,2.654871,0
14919,2.841757,1
14920,4.680973,0
14921,0.610932,1
14922,0.488282,1
14923,2.907606,0
14924,0.562157,1
14925,0.324745,0
14926,3.578712,0
14927,0.729328,1
14928,3.6624,0
14929,0.226345,1
14930,2.616875,0
14931,0.534654,1
14932,0.155794,1
14933,4.633421,0
14934,0.155848,1
14935,0.251008,1
14936,4.524247,1
14937,0.234948,1
14938,0.424579,1
14939,0.237719,1
14940,3.414696,0
14941,2.887801,0
14942,1.578769,1
14943,4.554354,0
14944,1.149934,1
14945,1.901907,1
14946,0.55555,0
14947,1.113319,1
14948,3.41315,0
14949,4.48062,0
14950,0.335325,1
14951,3.803304,1
14952,0.906673,1
14953,0.320932,0
14954,4.343575,0
14955,2.888183,0
14956,3.426921,0
14957,0.165326,0
14958,0.546132,1
14959,0.695929,0
14960,3.360449,1
14961,1.361963,0
14962,0.732175,0
14963,2.522587,0
14964,3.668668,1
14965,2.130338,0
14966,1.523877,0
14967,2.873607,0
14968,3.893508,0
14969,4.771336,0
14970,2.221241,1
14971,2.124946,0
14972,2.360655,0
14973,0.237042,1
14974,0.125356,0
14975,0.466141,0
14976,2.957025,0
14977,0.575441,0
14978,0.167865,1
14979,3.263534,0
14980,0.407271,0
14981,4.31963,1
14982,0.272852,1
14983,0.569076,1
14984,2.003844,1
14985,3.428683,1
14986,1.672264,0
14987,0.415861,1
14988,3.792895,0
14989,4.22614,0
14990,0.199975,1
14991,0.586668,0
14992,1.176687,0
14993,4.22624,0
14994,3.900442,1
14995,0.172808,1
14996,0.63609,0
14997,0.475807,1
14998,0.160718,0
14999,4.48916,0
15000,3.585822,0
15001,0.277899,1
15002,4.310552,1
15003,0.446179,1
15004,0.148788,1
15005,1.299448,0
15006,0.733369,1
15007,0.211548,1
15008,1.994458,0
15009,0.262187,1
15010,2.380787,0
15011,0.27866,1
15012,4.034798,0
15013,3.749239,0
15014,0.163195,1
15015,2.433735,1
15016,1.129775,0
15017,0.1877,1
15018,4.66834,0
15019,1.761926,0
15020,0.256322,1
15021,1.708668,1
15022,4.335177,0
15023,0.2509,0
15024,2.703753,0
15025,3.653272,0
15026,2.487634,0
15027,1.542106,0
15028,1.730106,1
15029,0.592869,1
15030,4.136117,0
15031,0.618435,0
15032,1.412755,1
15033,2.13531,0
15034,0.490765,1
15035,1.01996,0
15036,0.288237,1
15037,0.202432,0
15038,0.419673,0
15039,3.266582,0
15040,0.206204,0
15041,0.176701,1
15042,3.306091,1
15043,0.545051,1
15044,3.382607,0
15045,0.768893,1
15046,0.216228,1
15047,0.58358,1
15048,2.090151,0
15049,0.241856,0
15050,0.431342,1
15051,1.098755,0
15052,2.018595,0
15053,1.265177,1
15054,4.018442,0
15055,1.131557,0
15056,1.984163,0
15057,1.027383,1
15058,0.233134,0
15059,0.125744,1
15060,1.331879,0
15061,1.686903,0
15062,0.145714,1
15063,1.037633,0
15064,1.884047,1
15065,0.108365,1
15066,1.758513,1
15067,0.736368,1
15068,3.502949,0
15069,2.873261,0
15070,0.500642,0
15071,2.637022,0
15072,2.873964,0
15073,2.127578,1
15074,4.490163,1
15075,0.163837,0
15076,3.675482,0
15077,0.19943,1
15078,2.700751,1
15079,3.651738,1
15080,3.557683,0
15081,3.063871,0
15082,0.721359,1
15083,0.538967,1
15084,3.979909,0
15085,0.125507,0
15086,0.906937,1
15087,0.604474,1
15088,3.514533,1
15089,0.56923,0
15090,0.251563,1
15091,2.819606,0
15092,0.680048,1
15093,0.575333,1
15094,1.856995,1
15095,2.968704,0
15096,0.260715,1
15097,0.711584,1
15098,1.224248,0
15099,3.935419,0
15100,4.513803,0
15101,4.338755,0
15102,2.888107,1
15103,2.677613,0
15104,4.064723,0
15105,3.494552,0
15106,0.12955,1
15107,1.607183,0
15108,3.069016,0
15109,2.674845,1
15110,3.144713,1
15111,0.127382,0
15112,1.12457,0
15113,3.054502,0
15114,0.538475,0
15115,3.410366,0
15116,3.007966,1
15117,0.357698,1
15118,4.036618,1
15119,0.453406,1
15120,0.753937,1
15121,4.10464,0
15122,0.159675,1
15123,0.534362,1
15124,2.520303,0
15125,4.130312,1
15126,3.251656,0
15127,2.059314,0
15128,0.166679,0
15129,2.157794,1
15130,4.031743,0
15131,0.132436,1
15132,0.642759,0
15133,3.014405,0
15134,1.845582,1
15135,0.145951,1
15136,1.140641,0
15137,0.183417,1
15138,0.323009,1
15139,0.903134,1
15140,0.21577,1
15141,0.112287,0
15142,2.024146,0
15143,3.508054,0
15144,3.700352,0
15145,2.969817,0
15146,0.147634,0
15147,3.630469,0
15148,3.987437,0
15149,3.679638,0
15150,3.777774,0
15151,0.114949,0
15152,0.646692,0
15153,3.089664,0
15154,0.126101,0
15155,4.654205,0
15156,2.563403,1
15157,0.549051,0
15158,2.501964,1
15159,1.034349,0
15160,2.439594,0
15161,0.243789,1
15162,3.304872,0
15163,3.581242,0
15164,2.912677,0
15165,5.211146,0
15166,1.866212,0
15167,0.118997,0
15168,3.626599,0
15169,4.528749,0
15170,0.333924,1
15171,0.94758,0
15172,0.278508,0
15173,2.149415,0
15174,3.859508,1
15175,3.53566,0
15176,3.062849,1
15177,4.688881,0
15178,0.644933,0
15179,0.148494,1
15180,3.390931,0
15181,3.791803,0
15182,0.155308,1
15183,2.46594,1
15184,3.749554,0
15185,0.176193,1
15186,0.217048,0
15187,2.558608,0
15188,2.445323,1
15189,0.097004,1
15190,3.909194,0
15191,0.185061,0
15192,2.534541,1
15193,2.577393,0
15194,0.281893,1
15195,2.436899,0
15196,0.399739,1
15197,0.721256,1
15198,4.882639,0
15199,4.581372,0
15200,0.763173,0
15201,0.300198,1
15202,1.071136,1
15203,2.804826,0
15204,1.241961,1
15205,0.153408,1
15206,0.292485,1
15207,0.958751,1
15208,0.325463,0
15209,4.233696,0
15210,1.343037,0
15211,0.404046,0
15212,0.287787,0
15213,1.819459,1
15214,3.004834,0
15215,3.277129,0
15216,0.166713,0
15217,0.18772,0
15218,2.062964,1
15219,0.937939,0
15220,0.181809,1
15221,0.481364,0
15222,0.236518,1
15223,1.701352,1
15224,2.356781,0
15225,0.150333,0
15226,2.717537,1
15227,1.602161,1
15228,3.651148,0
15229,3.3828,1
15230,2.027246,0
15231,4.002681,0
15232,4.71443,1
15233,0.201273,1
15234,2.288212,0
15235,3.276032,0
15236,0.725987,0
15237,0.561107,1
15238,2.502923,0
15239,2.888665,0
15240,0.184614,0
15241,0.742613,0
15242,0.308213,1
15243,0.472056,1
15244,4.078358,1
15245,2.044119,0
15246,0.201974,0
15247,0.75142,0
15248,0.803307,0
15249,4.154715,0
15250,0.954491,0
15251,0.524175,0
15252,2.065868,1
15253,0.525798,1
15254,3.692765,0
15255,0.463661,1
15256,1.744538,0
15257,1.769222,0
15258,0.306761,0
15259,3.356843,0
15260,2.463763,0
15261,3.33416,0
15262,0.922074,1
15263,0.507697,1
15264,0.259833,1
15265,3.497851,0
15266,4.582791,0
15267,2.625603,0
15268,0.559759,1
15269,0.260706,0
15270,2.535914,0
15271,3.681203,1
15272,5.60477,1
15273,0.277526,1
15274,3.4387,1
15275,1.867046,0
15276,0.124268,0
15277,4.094933,0
15278,0.225668,1
15279,0.868276,1
15280,0.493914,0
15281,3.603256,0
15282,3.137979,1
15283,5.503633,0
15284,1.706559,0
15285,2.441205,1
15286,0.108357,1
15287,4.248665,0
15288,3.79346,0
15289,0.612746,0
15290,0.234406,0
15291,2.36065,0
15292,3.413261,0
15293,0.930707,1
15294,0.118995,0
15295,2.449096,1
15296,0.194242,1
15297,2.647671,0
15298,0.168098,0
15299,2.599974,0
15300,5.453547,1
15301,4.369585,0
15302,0.868353,0
15303,2.309745,0
15304,2.822002,0
15305,1.756454,0
15306,0.898182,0
15307,2.677677,1
15308,0.193957,0
15309,1.10771,1
15310,4.909791,0
15311,4.820053,0
15312,0.393305,1
15313,0.113973,1
15314,2.727285,0
15315,3.086963,0
15316,0.369191,1
15317,0.405945,0
15318,0.331828,1
15319,0.491586,1
15320,3.247825,0
15321,0.571422,0
15322,3.09331,0
15323,0.455655,0
15324,4.10571,0
15325,1.176733,1
15326,1.411052,1
15327,4.350522,0
15328,0.223521,1
15329,0.161398,1
15330,0.582817,0
15331,2.167545,1
15332,1.438557,1
15333,0.637596,1
15334,3.648241,1
15335,0.428899,1
15336,1.031789,0
15337,0.164524,0
15338,3.878651,1
15339,3.495933,1
15340,1.415731,1
15341,3.956524,0
15342,0.292408,1
15343,0.50712,1
15344,3.005802,0
15345,0.172723,1
15346,1.437109,1
15347,3.603765,1
15348,0.193527,1
15349,3.332171,1
15350,1.251199,1
15351,1.777547,1
15352,2.31083,1
15353,0.647499,0
15354,2.508731,1
15355,2.436572,0
15356,3.358693,0
15357,0.711496,1
15358,0.396543,1
15359,0.387421,1
15360,0.534051,0
15361,2.44384,0
15362,0.552383,0
15363,0.231458,0
15364,3.866771,0
15365,0.487929,1
15366,0.150634,1
15367,2.451369,1
15368,2.041562,0
15369,3.914869,0
15370,3.097364,1
15371,0.533765,0
15372,1.21376,1
15373,3.485369,0
15374,0.117734,1
15375,4.634295,0
15376,4.356122,1
15377,0.167191,0
15378,0.157306,1
15379,0.196459,0
15380,4.333164,0
15381,4.829117,1
15382,1.878034,0
15383,2.126374,1
15384,4.39211,0
15385,5.899053,0
15386,1.652942,1
15387,0.52612,0
15388,3.548831,1
15389,2.75471,0
15390,4.506575,0
15391,4.392114,0
15392,0.492211,0
15393,0.959307,1
15394,2.650423,0
15395,3.912579,0
15396,3.700366,0
15397,0.386691,1
15398,0.852593,0
15399,3.571057,1
15400,1.716365,0
15401,2.652945,0
15402,0.30303,1
15403,3.134235,0
15404,4.969704,0
15405,0.66022,1
15406,0.398268,1
15407,1.170356,1
15408,2.450712,1
15409,1.945655,1
15410,0.178977,0
15411,0.147449,1
15412,1.784843,1
15413,3.372265,0
15414,4.109139,0
15415,0.714495,1
15416,0.794718,0
15417,4.249817,1
15418,3.518138,0
15419,2.93221,0
15420,3.745422,0
15421,3.050961,0
15422,2.31096,0
15423,0.303163,1
15424,3.61741,0
15425,0.17248,0
15426,0.204236,0
15427,4.564278,0
15428,0.267616,1
15429,4.38961,1
15430,4.071542,1
15431,3.324153,0
15432,3.068964,0
15433,4.398474,0
15434,4.180419,0
15435,0.14401,0
15436,4.678154,1
15437,0.878662,1
15438,3.975145,0
15439,2.548261,1
15440,2.773699,0
15441,0.109518,0
15442,2.911486,0
15443,3.215352,0
15444,1.048129,0
15445,0.156138,0
15446,0.477097,1
15447,4.45269,0
15448,1.936151,1
15449,0.711714,1
15450,1.283802,1
15451,0.423313,1
15452,0.656332,0
15453,0.869285,0
15454,3.661331,0
15455,2.721039,1
15456,0.523419,1
15457,4.191664,0
15458,5.027747,0
15459,4.292309,0
15460,0.138217,0
15461,3.415584,0
15462,0.777847,0
15463,2.762941,0
15464,1.29707,1
15465,0.93266,0
15466,0.578921,1
15467,1.08638,1
15468,3.925376,0
15469,3.233981,0
15470,3.434626,0
15471,3.509908,1
15472,4.246525,0
15473,0.138452,0
15474,2.841204,1
15475,3.059401,0
15476,2.985066,0
15477,2.753082,0
15478,1.143707,1
15479,0.215712,1
15480,1.956816,0
15481,0.561129,1
15482,4.165486,0
15483,2.579246,0
15484,0.667519,0
15485,4.517107,1
15486,0.351672,1
15487,0.28839,1
15488,0.501626,0
15489,1.163306,0
15490,4.101,0
15491,2.290849,0
15492,0.645991,1
15493,2.532168,1
15494,3.223704,0
15495,2.632215,1
15496,1.93199,1
15497,2.956281,0
15498,0.219694,1
15499,1.756743,1
15500,1.964587,0
15501,0.138641,1
15502,0.11436,0
15503,3.565619,1
15504,0.453336,0
15505,4.076992,0
15506,3.103249,0
15507,0.118347,1
15508,0.237898,1
15509,0.178652,1
15510,3.729483,0
15511,0.511936,0
15512,1.167272,1
15513,0.867635,1
15514,3.402736,0
15515,0.217698,0
15516,0.105849,0
15517,3.567194,0
15518,0.190333,0
15519,2.727639,0
15520,0.281745,1
15521,2.646893,0
15522,1.946925,1
15523,3.169308,0
15524,0.487352,1
15525,0.835691,1
15526,4.621801,1
15527,4.809428,0
15528,4.371191,1
15529,2.555931,0
15530,3.896262,0
15531,0.186115,0
15532,1.55304,1
15533,0.633107,1
15534,2.826728,0
15535,3.090109,0
15536,4.429927,0
15537,2.925101,0
15538,1.57691,1
15539,2.886434,1
15540,0.194985,1
15541,1.610327,1
15542,4.100606,0
15543,2.596095,0
15544,2.937829,0
15545,2.54255,0
15546,0.790801,1
15547,3.560104,0
15548,0.324924,1
15549,3.38511,1
15550,0.289974,1
15551,3.14235,0
15552,3.128594,0
15553,0.122261,1
15554,3.660681,0
15555,0.166312,0
15556,0.91997,1
15557,1.340075,0
15558,0.876276,1
15559,4.515282,1
15560,0.182319,1
15561,0.122558,1
15562,0.264942,1
15563,2.939847,0
15564,0.176811,0
15565,3.012377,0
15566,0.457559,0
15567,1.208068,1
15568,3.559624,1
15569,1.09884,1
15570,0.529966,1
15571,4.82048,1
15572,0.337191,0
15573,0.154539,1
15574,2.468993,0
15575,0.499547,1
15576,1.081727,1
15577,0.116155,1
15578,1.933892,1
15579,2.667342,0
15580,4.400892,0
15581,0.17648,1
15582,3.772362,0
15583,0.424209,1
15584,1.552716,1
15585,1.529069,0
15586,2.477917,1
15587,0.136007,0
15588,4.658304,1
15589,0.374292,1
15590,0.845773,1
15591,0.131678,1
15592,0.110811,0
15593,0.173631,1
15594,4.17996,0
15595,1.349267,0
15596,0.098815,0
15597,0.829457,0
15598,2.899151,0
15599,3.716865,0
15600,3.485449,0
15601,0.154611,0
15602,4.653272,0
15603,5.496843,1
15604,0.298991,1
15605,3.646736,0
15606,4.998356,1
15607,4.229643,0
15608,0.167753,0
15609,3.591094,0
15610,0.187203,0
15611,0.140113,1
15612,4.88656,1
15613,0.219642,1
15614,4.345951,0
15615,0.160926,0
15616,2.784822,0
15617,0.290403,0
15618,0.250383,0
15619,0.763426,1
15620,0.133433,1
15621,0.383237,1
15622,0.162268,1
15623,3.010543,1
15624,3.852023,0
15625,0.18633,0
15626,2.935383,0
15627,0.250962,0
15628,4.133738,0
15629,1.687057,1
15630,0.141709,0
15631,0.239078,1
15632,0.166247,1
15633,0.802147,0
15634,0.251995,1
15635,0.588086,1
15636,0.195647,1
15637,1.196129,1
15638,2.800251,0
15639,0.798765,1
15640,4.168449,0
15641,1.146943,0
15642,0.158194,0
15643,2.574124,0
15644,3.956291,1
15645,0.120582,1
15646,0.279532,1
15647,3.052443,0
15648,1.995762,0
15649,2.270103,0
15650,1.00402,1
15651,4.683441,0
15652,3.435413,1
15653,0.168654,1
15654,0.519652,1
15655,4.964404,0
15656,3.555592,0
15657,3.757368,0
15658,0.221889,1
15659,0.439265,0
15660,0.090869,0
15661,0.197853,0
15662,2.575927,0
15663,0.5362,0
15664,0.157541,1
15665,0.276117,1
15666,2.316525,0
15667,4.684774,0
15668,0.141071,1
15669,0.207511,0
15670,2.628347,0
15671,0.141383,1
15672,3.332879,0
15673,2.769635,0
15674,3.618711,0
15675,0.382035,0
15676,2.859054,1
15677,2.376657,0
15678,0.691923,1
15679,0.206397,0
15680,1.044488,1
15681,3.51185,0
15682,3.660318,0
15683,3.544094,0
15684,0.156806,0
15685,1.118226,1
15686,2.794206,0
15687,4.890119,0
15688,2.637657,0
15689,0.336527,0
15690,0.475602,1
15691,2.845212,0
15692,0.231931,0
15693,5.073241,0
15694,0.257313,1
15695,0.102926,1
15696,3.863069,0
15697,3.049181,1
15698,0.409248,1
15699,1.321028,1
15700,3.155548,0
15701,3.212153,0
15702,3.879077,0
15703,1.714282,0
15704,0.157466,0
15705,0.197341,1
15706,2.88325,0
15707,1.20446,1
15708,0.853785,0
15709,1.035525,1
15710,3.746704,0
15711,4.127707,1
15712,1.12057,0
15713,0.653132,1
15714,3.165366,0
15715,4.168792,0
15716,0.165234,0
15717,1.676211,0
15718,0.153053,0
15719,2.275647,1
15720,1.134625,1
15721,0.193778,1
15722,0.942419,0
15723,5.015555,1
15724,4.210409,0
15725,0.142228,1
15726,1.373742,1
15727,0.196172,0
15728,4.209903,0
15729,0.187474,0
15730,4.471454,0
15731,0.965541,0
15732,0.167512,1
15733,4.303485,1
15734,4.790297,1
15735,2.468144,1
15736,0.124301,1
15737,0.205277,0
15738,2.566773,1
15739,1.069213,0
15740,0.462326,1
15741,2.735048,0
15742,0.147986,1
15743,0.163181,1
15744,2.738232,0
15745,4.288515,1
15746,0.643783,0
15747,0.227095,1
15748,3.504812,0
15749,0.630172,1
15750,2.636766,1
15751,0.816702,0
15752,0.310275,0
15753,0.234973,1
15754,0.194436,1
15755,3.754904,1
15756,0.213359,0
15757,1.119467,1
15758,2.15612,0
15759,4.668756,0
15760,2.498124,0
15761,0.161153,1
15762,2.529404,0
15763,3.846729,0
15764,1.432775,1
15765,0.642469,0
15766,4.173454,1
15767,3.916294,0
15768,4.04654,1
15769,0.811895,1
15770,0.213794,1
15771,2.269979,1
15772,2.686731,0
15773,0.353018,1
15774,4.423143,1
15775,0.122252,0
15776,0.348691,1
15777,0.197594,0
15778,2.583268,0
15779,0.244035,0
15780,0.13762,1
15781,3.913696,1
15782,4.83735,1
15783,1.226836,1
15784,3.756223,0
15785,2.631062,1
15786,2.283581,1
15787,0.45363,0
15788,2.478186,0
15789,0.375256,1
15790,1.718984,0
15791,3.2775,1
15792,1.454191,1
15793,2.711438,1
15794,0.869815,0
15795,3.0067,0
15796,3.45945,0
15797,1.57495,1
15798,3.750343,0
15799,0.129148,0
15800,4.702862,0
15801,1.079538,0
15802,3.139221,0
15803,3.341913,0
15804,3.352403,0
15805,4.702097,0
15806,0.314598,0
15807,0.366152,0
15808,1.328005,0
15809,0.650319,1
15810,0.490564,1
15811,3.595825,0
15812,3.456343,1
15813,0.196901,1
15814,0.395249,1
15815,4.003395,1
15816,0.118655,0
15817,0.17842,0
15818,5.485463,0
15819,0.213554,0
15820,0.396544,0
15821,0.340966,0
15822,0.377771,0
15823,2.945587,1
15824,4.780527,1
15825,0.897986,1
15826,3.843389,0
15827,0.236688,0
15828,4.454777,1
15829,4.345371,0
15830,0.24006,1
15831,4.084552,0
15832,4.438365,1
15833,1.161229,1
15834,1.530476,1
15835,4.07724,0
15836,0.998075,1
15837,4.199317,1
15838,0.133329,1
15839,0.432375,1
15840,0.268386,1
15841,3.596989,0
15842,0.237444,1
15843,1.270923,1
15844,2.666418,0
15845,4.242255,1
15846,4.967293,0
15847,0.238,1
15848,0.497555,1
15849,2.660393,0
15850,0.333657,0
15851,0.30194,1
15852,3.566076,0
15853,0.543525,1
15854,2.350008,0
15855,0.694836,0
15856,3.269154,1
15857,0.438535,1
15858,4.294292,0
15859,0.232217,1
15860,0.161948,0
15861,0.219156,0
15862,0.984795,0
15863,2.347091,0
15864,0.544751,0
15865,5.099203,0
15866,0.661081,1
15867,2.031884,0
15868,4.059276,0
15869,0.119979,1
15870,0.62786,0
15871,3.079777,0
15872,4.698126,0
15873,0.355291,1
15874,4.156862,0
15875,0.68945,1
15876,0.29499,1
15877,0.202591,0
15878,1.556449,1
15879,2.882283,0
15880,0.33893,0
15881,1.222133,1
15882,2.577629,0
15883,0.240618,1
15884,0.533912,1
15885,3.079947,0
15886,1.116026,0
15887,2.681599,1
15888,3.471412,0
15889,0.42876,0
15890,2.506777,0
15891,3.65524,1
15892,0.128921,0
15893,3.075993,0
15894,0.620585,0
15895,0.264378,0
15896,0.183872,1
15897,1.343051,1
15898,1.014859,0
15899,2.779721,1
15900,2.469275,0
15901,0.16034,0
15902,1.670072,1
15903,2.572727,0
15904,3.363516,0
15905,2.261379,1
15906,0.167365,1
15907,3.403581,0
15908,5.551516,0
15909,0.104907,0
15910,4.579209,1
15911,0.258026,0
15912,2.852267,0
15913,1.64954,0
15914,0.259083,1
15915,0.49474,1
15916,0.290111,1
15917,0.124891,0
15918,0.197373,1
15919,5.241866,0
15920,0.370271,1
15921,3.880261,1
15922,2.586123,0
15923,0.818296,1
15924,3.54752,0
15925,0.154622,1
15926,2.936427,0
15927,4.00365,0
15928,0.369981,1
15929,3.539413,0
15930,3.29529,0
15931,4.281845,0
15932,2.896108,1
15933,3.666017,1
15934,0.268734,1
15935,4.395579,0
15936,0.789066,1
15937,3.834002,0
15938,0.350814,1
15939,2.540496,0
15940,4.088822,0
15941,0.325197,1
15942,0.474695,0
15943,1.266503,1
15944,4.392219,0
15945,0.559944,1
15946,4.528931,0
15947,0.238121,0
15948,2.954966,0
15949,0.429436,0
15950,3.476494,0
15951,0.419826,0
15952,2.232446,1
15953,2.948658,0
15954,4.369094,1
15955,0.971441,1
15956,0.183705,1
15957,3.892007,1
15958,0.703234,1
15959,1.013833,1
15960,3.20753,1
15961,0.277048,0
15962,4.618687,0
15963,4.782945,1
15964,3.073164,1
15965,2.830838,0
15966,0.168777,1
15967,0.525932,1
15968,3.194423,0
15969,0.058036,0
15970,2.175702,1
15971,3.895145,1
15972,0.205226,0
15973,0.258432,1
15974,4.378137,1
15975,0.236137,1
15976,3.687504,0
15977,0.275402,1
15978,2.432053,0
15979,1.110345,0
15980,1.434652,1
15981,2.578387,0
15982,4.86389,0
15983,0.837658,1
15984,0.612359,1
15985,0.174188,1
15986,3.45004,0
15987,0.475335,0
15988,2.575993,0
15989,1.019546,1
15990,0.783357,1
15991,3.992183,0
15992,2.117184,1
15993,2.157334,0
15994,0.506274,1
15995,3.431337,0
15996,0.644228,1
15997,3.960544,1
15998,0.983148,0
15999,4.379889,0
16000,3.258106,0
16001,2.716753,0
16002,0.162624,1
16003,0.143506,1
16004,0.129174,1
16005,4.237483,1
16006,4.07481,1
16007,0.594322,1
16008,0.431836,0
16009,2.602375,0
16010,0.244544,1
16011,4.705837,1
16012,4.44056,0
16013,0.447602,0
16014,4.330528,1
16015,0.603248,1
16016,3.5738,0
16017,3.177435,1
16018,0.254724,1
16019,4.90449,0
16020,3.92123,1
16021,0.674788,1
16022,0.093459,1
16023,1.624889,0
16024,1.346783,1
16025,3.486083,0
16026,0.29352,1
16027,1.149372,1
16028,0.182041,1
16029,1.774496,1
16030,2.617213,0
16031,0.218307,1
16032,3.680301,0
16033,1.226205,0
16034,1.213181,0
16035,0.464525,1
16036,0.336598,1
16037,1.791718,0
16038,0.487761,0
16039,2.075691,0
16040,3.858717,0
16041,3.320664,0
16042,0.939225,1
16043,1.851451,1
16044,0.651787,1
16045,1.849818,0
16046,0.162807,1
16047,2.413548,0
16048,0.146747,0
16049,2.72333,0
16050,3.524292,1
16051,4.294259,0
16052,3.57139,0
16053,3.853028,0
16054,3.621826,0
16055,4.481441,1
16056,2.711317,0
16057,0.218568,1
16058,2.10972,0
16059,5.340464,0
16060,3.757359,1
16061,3.424388,0
16062,3.428024,0
16063,1.577524,0
16064,2.142734,1
16065,2.423972,0
16066,3.304185,0
16067,3.987386,0
16068,3.680243,1
16069,4.027069,0
16070,1.590731,0
16071,0.498201,0
16072,3.178665,0
16073,0.406821,1
16074,3.272649,1
16075,0.306181,1
16076,4.130372,0
16077,0.576507,0
16078,3.200735,0
16079,0.234464,1
16080,4.637445,0
16081,1.096429,0
16082,0.79031,1
16083,4.82761,1
16084,0.266719,1
16085,0.174089,0
16086,0.449698,1
16087,0.812609,0
16088,2.096607,0
16089,4.177419,0
16090,1.055395,0
16091,3.535265,1
16092,0.800071,0
16093,0.138548,1
16094,0.719007,0
16095,0.772642,1
16096,2.716149,0
16097,0.121401,1
16098,0.385579,0
16099,0.172546,0
16100,1.831761,1
16101,0.664743,1
16102,1.784363,1
16103,2.118607,1
16104,1.812229,0
16105,1.539829,1
16106,3.303128,0
16107,6.311196,0
16108,0.194692,1
16109,0.191982,1
16110,4.022896,0
16111,0.158587,1
16112,2.960488,0
16113,3.52781,0
16114,3.48526,0
16115,1.658257,1
16116,3.026373,0
16117,2.790228,0
16118,0.13378,1
16119,1.060408,0
16120,3.434238,0
16121,4.170731,0
16122,0.116878,1
16123,0.394972,1
16124,2.962736,0
16125,0.17961,0
16126,0.308109,0
16127,0.823047,0
16128,1.280778,1
16129,0.65422,0
16130,3.787308,0
16131,0.398046,0
16132,3.597698,0
16133,4.093364,1
16134,0.41641,1
16135,0.455024,1
16136,0.243284,0
16137,0.273822,0
16138,3.577161,1
16139,0.072783,1
16140,3.321407,0
16141,4.892254,0
16142,0.719481,1
16143,3.442509,0
16144,2.556308,0
16145,1.183535,1
16146,0.360464,1
16147,4.453151,1
16148,3.084242,0
16149,0.530004,1
16150,3.233398,0
16151,1.175463,1
16152,0.277798,0
16153,0.435994,1
16154,4.730452,1
16155,2.088114,0
16156,1.086025,1
16157,1.00759,1
16158,0.707659,1
16159,0.960584,1
16160,0.142818,0
16161,1.232546,1
16162,0.374554,0
16163,1.036003,1
16164,3.853329,0
16165,0.840955,1
16166,4.668769,1
16167,0.246564,1
16168,4.163559,1
16169,2.551383,0
16170,0.302891,1
16171,1.019788,1
16172,2.486872,1
16173,3.845837,1
16174,2.238007,0
16175,3.191236,0
16176,3.349796,1
16177,0.182537,0
16178,0.944104,1
16179,3.63284,1
16180,3.517277,0
16181,1.124859,0
16182,0.718102,1
16183,0.656778,1
16184,0.156082,1
16185,4.054642,1
16186,0.439181,1
16187,3.016202,0
16188,4.377712,0
16189,4.06576,1
16190,0.165869,1
16191,0.312334,1
16192,1.12902,0
16193,0.223834,0
16194,2.124712,0
16195,0.243898,1
16196,0.663572,1
16197,1.338997,0
16198,2.379571,0
16199,0.180947,0
16200,4.541838,0
16201,4.359425,0
16202,3.411469,0
16203,0.51999,0
16204,4.686596,1
16205,2.68244,1
16206,2.820099,0
16207,0.52144,1
16208,0.171226,1
16209,0.764099,1
16210,3.626723,0
16211,3.022717,1
16212,1.038708,1
16213,3.628714,1
16214,0.148884,1
16215,2.192908,0
16216,1.249583,1
16217,0.153617,1
16218,5.38966,1
16219,1.152216,0
16220,3.578713,0
16221,3.655464,0
16222,3.812344,0
16223,4.148356,1
16224,4.312727,0
16225,0.124939,0
16226,4.491401,0
16227,0.150587,1
16228,1.647055,1
16229,0.160203,0
16230,1.799304,0
16231,0.672678,0
16232,0.365898,1
16233,0.797329,1
16234,1.761377,1
16235,0.361097,1
16236,0.489154,1
16237,0.198268,0
16238,3.724385,0
16239,0.668294,1
16240,3.854013,1
16241,0.408895,1
16242,0.264011,1
16243,0.241544,1
16244,0.916432,1
16245,3.126337,0
16246,0.406828,0
16247,0.713782,1
16248,3.368893,0
16249,2.029713,1
16250,0.262294,0
16251,0.356769,0
16252,0.320009,1
16253,3.733002,0
16254,1.736005,0
16255,2.440895,0
16256,2.321177,1
16257,0.331374,1
16258,2.893625,1
16259,3.923542,1
16260,0.739841,0
16261,0.429513,0
16262,4.059099,0
16263,3.654308,0
16264,4.281785,0
16265,3.588305,0
16266,3.136444,0
16267,0.101925,1
16268,3.533283,1
16269,0.627608,0
16270,2.906547,1
16271,0.238469,1
16272,1.907456,0
16273,2.019697,0
16274,2.649077,1
16275,3.530133,0
16276,1.120208,0
16277,0.231443,1
16278,0.148473,1
16279,2.939811,1
16280,2.505845,0
16281,0.705925,1
16282,4.31697,0
16283,4.090671,0
16284,3.004018,0
16285,0.285439,1
16286,4.678202,0
16287,2.703065,1
16288,0.162965,1
16289,0.30269,1
16290,4.275358,0
16291,2.63561,0
16292,4.284804,0
16293,2.214259,0
16294,1.254678,1
16295,4.452535,0
16296,1.532299,1
16297,2.65987,1
16298,0.160632,1
16299,2.572236,1
16300,0.152477,1
16301,4.570034,0
16302,4.016733,0
16303,0.478269,1
16304,3.604167,0
16305,1.57536,0
16306,0.487345,0
16307,4.010557,0
16308,0.311508,1
16309,1.146392,1
16310,0.830911,1
16311,0.461798,1
16312,3.993845,1
16313,0.097659,1
16314,0.119668,0
16315,4.03812,0
16316,0.362697,1
16317,1.33473,0
16318,0.394741,0
16319,0.323034,0
16320,0.204738,1
16321,3.041634,0
16322,0.176484,1
16323,3.308747,1
16324,0.379265,0
16325,4.345331,1
16326,4.389489,0
16327,0.370606,1
16328,0.136161,0
16329,3.442576,0
16330,3.352366,0
16331,1.197637,1
16332,1.939254,1
16333,4.136312,0
16334,0.157957,1
16335,0.275831,1
16336,2.958425,0
16337,0.822139,0
16338,3.193892,0
16339,0.55369,0
16340,3.298426,0
16341,3.26428,0
16342,0.399357,1
16343,1.350187,1
16344,0.336157,0
16345,3.771835,0
16346,4.770326,0
16347,0.936635,0
16348,0.169561,0
16349,2.812929,0
16350,0.161308,1
16351,4.39014,1
16352,0.263887,1
16353,4.226123,0
16354,0.360225,1
16355,1.328738,1
16356,1.158622,1
16357,0.957722,1
16358,0.648701,0
16359,4.989011,0
16360,1.300244,0
16361,2.174419,0
16362,3.54523,0
16363,3.621343,0
16364,0.188123,1
16365,0.144172,1
16366,1.157421,1
16367,4.610465,1
16368,0.245329,0
16369,2.959899,1
16370,0.569145,1
16371,2.214829,0
16372,0.217544,0
16373,0.332076,0
16374,3.509789,1
16375,0.316475,1
16376,0.507818,0
16377,1.310187,1
16378,0.776105,0
16379,0.132574,1
16380,3.136707,0
16381,0.944614,1
16382,4.606228,0
16383,1.012915,1
16384,2.838667,0
16385,0.229372,1
16386,0.415918,1
16387,1.997234,0
16388,3.13506,0
16389,0.383769,0
16390,1.614002,1
16391,4.286611,1
16392,2.523778,0
16393,3.831165,0
16394,2.978148,0
16395,2.785688,0
16396,0.623361,1
16397,5.733021,1
16398,2.682022,0
16399,2.302323,1
16400,0.352282,0
16401,0.274923,1
16402,0.376251,1
16403,3.306119,0
16404,1.741131,0
16405,3.234702,0
16406,2.671758,0
16407,4.054423,1
16408,2.407487,0
16409,2.59625,0
16410,4.658732,1
16411,1.672248,0
16412,0.741366,0
16413,1.83172,0
16414,0.590198,1
16415,0.430423,0
16416,1.250179,1
16417,0.977368,0
16418,3.552803,0
16419,4.239748,1
16420,0.202179,1
16421,0.414487,1
16422,4.221249,0
16423,0.375357,1
16424,0.430288,1
16425,3.176073,0
16426,3.316459,0
16427,3.635481,0
16428,0.134045,1
16429,0.731679,0
16430,2.344444,1
16431,0.424257,1
16432,0.927913,1
16433,4.130661,1
16434,4.630818,0
16435,4.184422,1
16436,0.384456,0
16437,4.070816,0
16438,0.722189,0
16439,2.181327,0
16440,2.602427,0
16441,0.797773,0
16442,0.244109,1
16443,4.925143,1
16444,0.184958,0
16445,4.6611,0
16446,2.340054,0
16447,3.480528,0
16448,3.860034,0
16449,2.553141,0
16450,8.159739,1
16451,0.243076,0
16452,0.335423,0
16453,4.840112,1
16454,5.390449,0
16455,0.315811,0
16456,1.084731,0
16457,0.359614,0
16458,4.945265,0
16459,0.517074,1
16460,0.889199,0
16461,2.850682,0
16462,0.318305,1
16463,4.277027,0
16464,0.680985,0
16465,0.162147,0
16466,0.982855,1
16467,0.11861,0
16468,3.341761,0
16469,0.570142,0
16470,0.154335,0
16471,2.20481,0
16472,2.743894,0
16473,1.15073,1
16474,1.985499,1
16475,2.294203,1
16476,0.89481,1
16477,0.181802,1
16478,2.699954,1
16479,0.336007,1
16480,0.202546,1
16481,3.257369,0
16482,0.232214,1
16483,3.962101,1
16484,0.283792,1
16485,3.930681,0
16486,0.395774,1
16487,3.458384,1
16488,0.346968,1
16489,3.72861,1
16490,0.673848,1
16491,0.29065,1
16492,0.14556,1
16493,1.703837,1
16494,3.799152,0
16495,0.380872,0
16496,1.470895,1
16497,3.303853,0
16498,4.035684,0
16499,0.251782,1
16500,0.20852,1
16501,0.170934,1
16502,0.943512,1
16503,2.642189,0
16504,3.445892,0
16505,1.050474,1
16506,0.193428,1
16507,3.213398,0
16508,1.836014,1
16509,3.658597,0
16510,0.479771,0
16511,1.586751,0
16512,3.483279,0
16513,4.606863,0
16514,5.513027,0
16515,4.556845,0
16516,2.456719,0
16517,0.697752,1
16518,2.820781,1
16519,1.952139,0
16520,0.254647,1
16521,2.664515,1
16522,2.700489,0
16523,0.906421,0
16524,0.642753,1
16525,3.211121,0
16526,1.916555,1
16527,2.501587,1
16528,4.294763,0
16529,0.179031,0
16530,0.210835,0
16531,0.597057,0
16532,3.812966,0
16533,0.420024,0
16534,3.408793,1
16535,1.868407,1
16536,3.589755,1
16537,0.346261,1
16538,0.832549,1
16539,3.194722,0
16540,4.378375,1
16541,0.242961,1
16542,4.152768,0
16543,0.256519,0
16544,0.631642,1
16545,0.363082,1
16546,0.322601,1
16547,3.197749,0
16548,0.315983,1
16549,0.765445,1
16550,2.381056,1
16551,2.366912,0
16552,3.477561,1
16553,3.989094,1
16554,4.636564,0
16555,1.98036,1
16556,1.778301,0
16557,2.717969,0
16558,0.187787,0
16559,4.379125,0
16560,0.570179,1
16561,4.266747,1
16562,0.106451,0
16563,0.465595,1
16564,3.120862,0
16565,5.676635,1
16566,4.644411,1
16567,2.687255,0
16568,3.002678,1
16569,0.298917,1
16570,3.482569,0
16571,4.062134,0
16572,7.309242,0
16573,2.610771,1
16574,1.77786,0
16575,1.756449,0
16576,0.59938,0
16577,2.663184,0
16578,2.660742,0
16579,3.917922,0
16580,3.391515,1
16581,1.720794,0
16582,0.768824,0
16583,0.362956,1
16584,0.273995,1
16585,1.809775,1
16586,0.138295,1
16587,0.769845,1
16588,6.109696,0
16589,1.95226,0
16590,0.690586,1
16591,0.339649,1
16592,2.801478,0
16593,0.213878,1
16594,4.928963,0
16595,4.153854,0
16596,0.940296,0
16597,0.664381,0
16598,0.186197,1
16599,0.67228,1
16600,2.058618,0
16601,0.184817,1
16602,0.276812,0
16603,0.262111,0
16604,3.869935,0
16605,0.104065,1
16606,0.309603,1
16607,1.058418,0
16608,0.344419,0
16609,0.119077,1
16610,2.761173,0
16611,0.434737,0
16612,3.681268,0
16613,0.763671,1
16614,0.633597,0
16615,4.447882,0
16616,0.275145,1
16617,1.091754,1
16618,0.265681,1
16619,3.528733,1
16620,0.37847,0
16621,4.332685,0
16622,3.14319,0
16623,3.16169,0
16624,0.219368,1
16625,0.363518,1
16626,3.109143,0
16627,0.442434,1
16628,0.528842,1
16629,4.352736,0
16630,3.833194,0
16631,0.235031,0
16632,4.79458,1
16633,6.02286,0
16634,3.655371,0
16635,2.840572,1
16636,1.410955,1
16637,3.804807,1
16638,2.999352,0
16639,0.37664,1
16640,3.548735,1
16641,5.378828,1
16642,0.129772,0
16643,0.732309,1
16644,2.302155,1
16645,4.24645,1
16646,4.223072,0
16647,2.696372,1
16648,3.994742,0
16649,0.242997,1
16650,0.949767,1
16651,0.298544,0
16652,0.378639,1
16653,4.171308,0
16654,3.788645,1
16655,1.04213,1
16656,0.284942,1
16657,0.48547,0
16658,3.309274,0
16659,0.108176,1
16660,3.088477,0
16661,0.48082,0
16662,0.228094,0
16663,0.462329,1
16664,1.95432,0
16665,1.98726,0
16666,0.314135,1
16667,0.11672,1
16668,0.110073,1
16669,2.302979,1
16670,0.20647,1
16671,1.583731,0
16672,3.58555,0
16673,0.185015,0
16674,3.634913,0
16675,0.4349,1
16676,0.138058,1
16677,3.318103,1
16678,0.725635,0
16679,2.156651,1
16680,0.143499,1
16681,0.469057,1
16682,2.186165,0
16683,0.363024,1
16684,5.236755,1
16685,0.535314,1
16686,0.423369,1
16687,2.502255,0
16688,3.483424,0
16689,4.793338,0
16690,3.953802,0
16691,4.66302,0
16692,3.001488,0
16693,1.103762,0
16694,3.019916,0
16695,3.624035,1
16696,0.174832,1
16697,1.908931,0
16698,3.807415,0
16699,2.587299,0
16700,0.378829,0
16701,0.219791,1
16702,0.658474,0
16703,3.148376,0
16704,0.707885,0
16705,2.900975,1
16706,2.519193,1
16707,1.676674,1
16708,2.01631,1
16709,3.267618,0
16710,3.559319,0
16711,3.596453,0
16712,4.021136,0
16713,5.318488,0
16714,0.358389,1
16715,2.201301,0
16716,4.118408,0
16717,2.105256,0
16718,2.581567,1
16719,0.161215,0
16720,0.175486,0
16721,0.179989,0
16722,4.477421,0
16723,0.487144,1
16724,0.260891,1
16725,0.761984,0
16726,0.630062,0
16727,0.58402,0
16728,3.046399,0
16729,3.315244,0
16730,1.551285,0
16731,4.960342,0
16732,1.186911,0
16733,3.27515,0
16734,0.769239,1
16735,1.529645,1
16736,1.780153,0
16737,4.961949,1
16738,3.889596,0
16739,2.006766,0
16740,3.29709,1
16741,1.298349,1
16742,1.75036,0
16743,0.5268,0
16744,0.576551,1
16745,0.544986,1
16746,0.260789,0
16747,1.525474,0
16748,0.764407,0
16749,3.159752,1
16750,3.991842,0
16751,2.898518,0
16752,0.180132,1
16753,0.697301,1
16754,3.361271,1
16755,0.452684,1
16756,0.159207,1
16757,2.155348,1
16758,0.269391,1
16759,1.088699,0
16760,0.775901,0
16761,2.449542,1
16762,3.949416,0
16763,0.294486,0
16764,0.254358,0
16765,0.979692,0
16766,0.476368,0
16767,0.165819,0
16768,0.706804,0
16769,0.284629,0
16770,2.502563,0
16771,4.3633,0
16772,0.983029,1
16773,0.217749,1
16774,4.339012,0
16775,1.13035,1
16776,4.372373,0
16777,3.865653,1
16778,0.179043,1
16779,2.427027,0
16780,0.271367,1
16781,0.211381,1
16782,3.83816,1
16783,3.583526,0
16784,4.678552,0
16785,3.053185,1
16786,0.249755,1
16787,2.981658,0
16788,0.188971,0
16789,0.529397,1
16790,1.091114,1
16791,0.262776,1
16792,0.583641,1
16793,2.104704,0
16794,3.265014,1
16795,3.944703,1
16796,1.667247,1
16797,0.149747,0
16798,4.541934,0
16799,2.130808,0
16800,1.967004,1
16801,1.236042,1
16802,1.80587,1
16803,0.192314,1
16804,0.469093,0
16805,0.498028,0
16806,0.704915,1
16807,3.809496,1
16808,0.285151,1
16809,4.114941,0
16810,0.586276,0
16811,1.276252,1
16812,3.730705,0
16813,0.419121,0
16814,0.404253,1
16815,3.054397,0
16816,3.104721,1
16817,5.176334,0
16818,2.956296,0
16819,0.740729,0
16820,0.167835,1
16821,2.831805,0
16822,2.57384,1
16823,3.484153,1
16824,3.636747,1
16825,0.161048,0
16826,0.81744,0
16827,1.706044,0
16828,1.793838,1
16829,3.927765,0
16830,0.507048,1
16831,1.813539,0
16832,3.421025,0
16833,0.268823,0
16834,4.76818,1
16835,0.759895,1
16836,3.985114,0
16837,0.25849,1
16838,2.655265,0
16839,4.429606,1
16840,0.316385,1
16841,2.505839,0
16842,0.167399,1
16843,0.591827,0
16844,3.812041,0
16845,3.508811,0
16846,4.601535,0
16847,2.551616,0
16848,4.286043,0
16849,4.515414,0
16850,0.43861,1
16851,3.659154,0
16852,3.351265,0
16853,0.141682,1
16854,0.335095,1
16855,0.125646,1
16856,0.251014,0
16857,2.75015,0
16858,0.221075,0
16859,3.709389,0
16860,0.199824,1
16861,1.581526,0
16862,0.833197,1
16863,0.770603,1
16864,2.191797,0
16865,4.15768,0
16866,0.330682,1
16867,0.134233,1
16868,3.045033,1
16869,0.698072,1
16870,0.388409,0
16871,0.190534,1
16872,0.051954,1
16873,2.166147,0
16874,3.493673,0
16875,2.688379,0
16876,3.54431,0
16877,3.166853,0
16878,0.246375,1
16879,4.270445,0
16880,2.054675,1
16881,0.604354,0
16882,0.722746,1
16883,0.182151,0
16884,0.208969,1
16885,1.02265,0
16886,2.477012,0
16887,4.813874,1
16888,4.407061,0
16889,3.017543,1
16890,0.187251,1
16891,0.245134,1
16892,0.117208,1
16893,2.367894,0
16894,4.271767,0
16895,3.956527,0
16896,0.112514,0
16897,0.621596,1
16898,1.459588,1
16899,0.673095,1
16900,3.816832,0
16901,4.117884,0
16902,0.416028,1
16903,0.91922,0
16904,3.532948,0
16905,2.604294,0
16906,3.96584,0
16907,0.106989,0
16908,0.702845,0
16909,1.807326,1
16910,1.086769,1
16911,3.813385,0
16912,3.254402,1
16913,3.785176,1
16914,2.951996,0
16915,0.19256,0
16916,1.676309,1
16917,0.830485,0
16918,0.229691,0
16919,2.708266,0
16920,5.507697,1
16921,3.951859,1
16922,4.221698,0
16923,3.069821,1
16924,3.216869,1
16925,3.167306,1
16926,4.142465,1
16927,0.17714,1
16928,1.854361,1
16929,4.274864,1
16930,0.823642,1
16931,1.229196,1
16932,0.15965,1
16933,4.141823,1
16934,0.268511,0
16935,3.523975,0
16936,2.346979,1
16937,0.357758,0
16938,3.950634,1
16939,0.176051,0
16940,0.359309,1
16941,3.641901,0
16942,4.04279,0
16943,0.584871,1
16944,4.260702,0
16945,0.171306,0
16946,2.417325,0
16947,2.548071,0
16948,3.376537,0
16949,1.635985,1
16950,3.023157,0
16951,0.195678,0
16952,2.025015,0
16953,0.236161,1
16954,0.191259,1
16955,4.125884,0
16956,3.890427,1
16957,3.45159,1
16958,3.997887,0
16959,3.769845,1
16960,3.442172,0
16961,0.181451,1
16962,2.646936,0
16963,0.447344,0
16964,3.415016,0
16965,0.157195,1
16966,0.18131,1
16967,0.390493,1
16968,0.208624,1
16969,4.634334,1
16970,0.554579,0
16971,3.089149,0
16972,4.093739,0
16973,3.55573,1
16974,3.746669,0
16975,0.288949,1
16976,2.82391,0
16977,2.919872,0
16978,1.706293,0
16979,0.114479,0
16980,3.602326,1
16981,0.516813,1
16982,0.917825,1
16983,0.459646,0
16984,3.496699,1
16985,2.398153,0
16986,3.611303,0
16987,0.297877,1
16988,3.244406,0
16989,5.499502,0
16990,0.322521,1
16991,4.496605,1
16992,3.275456,0
16993,0.506801,1
16994,4.82721,0
16995,3.216664,0
16996,0.337883,0
16997,0.126457,1
16998,3.852674,0
16999,3.418791,1
17000,1.229173,1
17001,0.542143,1
17002,1.890531,0
17003,2.756037,0
17004,0.512743,1
17005,0.219044,0
17006,3.061631,0
17007,0.306965,1
17008,3.32969,0
17009,3.941979,0
17010,1.309288,1
17011,0.292788,0
17012,2.40126,0
17013,1.530876,1
17014,0.357514,1
17015,0.545754,0
17016,0.373411,1
17017,0.420181,1
17018,2.187242,1
17019,4.601558,0
17020,4.194255,0
17021,0.156953,0
17022,3.657663,0
17023,0.47933,0
17024,0.742773,1
17025,5.28536,0
17026,3.714585,1
17027,0.778733,0
17028,3.498474,0
17029,4.237902,0
17030,0.198642,1
17031,2.583907,0
17032,1.972652,1
17033,0.445306,1
17034,3.696646,0
17035,0.73472,1
17036,0.862369,0
17037,0.180879,1
17038,4.258214,0
17039,0.20989,1
17040,1.490005,1
17041,4.402652,0
17042,0.387716,0
17043,3.456011,0
17044,0.069516,1
17045,2.544516,1
17046,2.807146,0
17047,1.370639,0
17048,0.68707,0
17049,4.493538,0
17050,3.887142,0
17051,2.19597,0
17052,0.132944,1
17053,3.66573,0
17054,1.767719,0
17055,0.604611,0
17056,0.702024,0
17057,3.736859,1
17058,0.203592,1
17059,1.414409,1
17060,2.467532,1
17061,2.868665,1
17062,0.622946,0
17063,2.763874,0
17064,0.197573,0
17065,3.75301,1
17066,2.269925,1
17067,0.384464,0
17068,0.210897,1
17069,5.275196,1
17070,4.582379,0
17071,0.408437,1
17072,0.458721,0
17073,0.125293,1
17074,0.987839,1
17075,3.465481,1
17076,2.915508,0
17077,0.315811,1
17078,2.009652,1
17079,3.117556,1
17080,1.427005,1
17081,1.505203,0
17082,4.493738,0
17083,2.650692,1
17084,2.551654,0
17085,4.585064,0
17086,0.413302,0
17087,3.676726,0
17088,3.809841,0
17089,0.267808,0
17090,2.990732,0
17091,1.659163,1
17092,0.530466,1
17093,2.992879,0
17094,0.236206,1
17095,2.950952,0
17096,0.395097,1
17097,3.342119,1
17098,0.833202,0
17099,1.137592,1
17100,3.28765,1
17101,2.344996,0
17102,1.700134,1
17103,0.171349,1
17104,2.615669,0
17105,1.661388,1
17106,2.29987,1
17107,2.744885,0
17108,0.441226,0
17109,1.999892,0
17110,3.421313,0
17111,0.308689,1
17112,0.164529,0
17113,2.901548,0
17114,1.293197,0
17115,0.301778,0
17116,0.210407,1
17117,1.443146,0
17118,0.29433,1
17119,3.638373,0
17120,1.150438,0
17121,3.15937,0
17122,0.241959,1
17123,0.351209,0
17124,0.434508,0
17125,0.233064,0
17126,4.095413,0
17127,0.275259,1
17128,4.781329,1
17129,3.968984,1
17130,0.24472,0
17131,3.302848,0
17132,4.211122,0
17133,1.867046,1
17134,0.252784,1
17135,0.203374,0
17136,0.179963,1
17137,4.654827,1
17138,4.546267,0
17139,0.644419,1
17140,4.098459,0
17141,3.850017,0
17142,3.339785,0
17143,0.164801,1
17144,3.122748,0
17145,0.534119,0
17146,2.962,0
17147,0.516702,1
17148,0.173603,1
17149,3.551746,0
17150,0.518886,0
17151,1.159332,1
17152,5.458175,0
17153,0.489321,1
17154,1.163833,1
17155,2.783215,0
17156,0.411779,0
17157,0.17076,1
17158,2.222196,0
17159,3.549052,0
17160,0.512171,1
17161,4.77586,0
17162,2.905955,0
17163,3.373444,1
17164,4.289565,0
17165,0.177833,1
17166,0.911743,1
17167,0.258681,1
17168,3.100639,0
17169,0.446985,1
17170,0.275816,1
17171,0.085523,0
17172,2.958287,0
17173,0.233845,0
17174,0.855452,0
17175,1.213128,1
17176,0.473503,0
17177,1.054453,0
17178,0.522391,0
17179,0.34009,1
17180,4.419355,0
17181,2.931409,0
17182,2.491503,1
17183,0.1386,0
17184,0.225178,0
17185,1.311625,1
17186,0.416211,1
17187,1.351083,1
17188,4.045548,0
17189,0.565925,1
17190,2.27523,0
17191,4.056405,0
17192,0.523533,1
17193,0.108045,0
17194,4.077281,0
17195,0.868928,1
17196,0.262171,1
17197,1.353101,1
17198,0.24373,1
17199,3.795335,0
17200,1.281053,1
17201,0.409751,0
17202,1.654085,1
17203,1.137561,0
17204,3.621971,0
17205,0.141964,0
17206,0.79791,1
17207,3.46973,0
17208,3.040503,0
17209,4.439302,0
17210,0.386576,1
17211,4.062393,0
17212,0.206871,0
17213,5.860723,1
17214,0.64581,1
17215,0.476612,0
17216,1.263244,1
17217,2.42341,0
17218,0.264579,0
17219,3.58075,1
17220,0.284592,0
17221,3.429733,1
17222,0.213482,1
17223,0.136029,0
17224,0.146857,1
17225,3.590291,0
17226,0.122422,0
17227,2.749532,1
17228,0.524775,0
17229,0.39608,0
17230,0.46692,1
17231,2.917822,0
17232,0.497686,1
17233,4.485644,1
17234,3.488756,0
17235,0.383296,1
17236,2.122357,0
17237,3.259764,0
17238,4.471999,1
17239,3.915204,0
17240,3.733541,0
17241,4.091744,0
17242,1.912588,0
17243,0.253217,1
17244,2.447524,0
17245,2.796197,0
17246,1.121569,1
17247,0.654486,1
17248,5.449178,0
17249,3.924975,0
17250,2.596246,0
17251,0.14072,0
17252,1.787034,1
17253,4.312359,0
17254,0.200303,1
17255,3.049025,0
17256,3.756964,0
17257,0.865679,1
17258,4.674463,0
17259,0.299828,0
17260,0.09004,0
17261,5.320913,1
17262,1.453773,1
17263,0.51089,1
17264,1.699714,1
17265,0.136065,1
17266,0.467234,1
17267,2.162282,1
17268,0.549584,0
17269,0.32481,1
17270,2.742268,0
17271,1.616085,0
17272,0.8671,0
17273,1.666081,0
17274,4.323026,0
17275,0.501487,1
17276,2.705139,1
17277,4.184513,0
17278,3.43729,0
17279,0.134682,0
17280,0.293965,1
17281,0.122285,1
17282,2.085131,0
17283,0.928663,0
17284,2.719274,0
17285,0.651378,0
17286,3.257366,0
17287,0.75812,1
17288,4.705039,0
17289,0.348602,1
17290,2.433558,1
17291,0.778188,0
17292,0.116329,0
17293,4.70652,0
17294,0.23691,1
17295,0.337582,1
17296,0.266428,1
17297,1.777884,1
17298,0.441303,0
17299,4.602131,0
17300,4.76873,0
17301,2.500484,1
17302,4.075145,1
17303,0.18546,1
17304,0.464274,0
17305,1.402506,0
17306,3.389585,0
17307,0.292148,1
17308,1.562142,0
17309,3.795935,1
17310,2.705789,0
17311,0.356725,1
17312,0.502441,0
17313,0.45547,0
17314,0.190363,1
17315,0.730716,1
17316,3.980975,0
17317,3.023901,1
17318,0.343638,0
17319,3.477389,0
17320,0.305899,0
17321,3.275393,0
17322,3.480039,1
17323,0.302814,1
17324,4.047643,0
17325,2.816931,1
17326,5.63061,0
17327,0.679734,1
17328,3.947853,1
17329,0.278568,1
17330,2.433863,0
17331,0.112922,0
17332,0.933283,0
17333,3.326591,0
17334,3.016267,1
17335,0.385629,1
17336,3.848927,0
17337,1.071905,0
17338,4.339533,1
17339,1.562279,0
17340,3.347593,0
17341,0.760177,0
17342,3.070705,0
17343,0.175359,1
17344,3.703293,1
17345,0.465447,0
17346,3.438406,0
17347,2.523397,0
17348,0.924248,1
17349,2.888658,0
17350,3.539011,1
17351,4.147745,0
17352,1.702694,1
17353,3.16437,0
17354,0.144543,0
17355,2.741203,0
17356,3.233408,0
17357,3.283574,0
17358,0.601384,0
17359,0.178808,1
17360,1.19084,0
17361,2.460318,0
17362,4.161252,0
17363,0.285366,0
17364,3.084209,0
17365,3.420343,0
17366,0.312116,1
17367,0.777897,1
17368,0.161435,1
17369,2.687914,0
17370,3.189975,0
17371,4.123042,0
17372,4.199657,1
17373,0.181072,1
17374,4.28464,0
17375,4.107468,0
17376,1.886674,1
17377,3.144664,1
17378,2.97102,0
17379,2.048744,0
17380,2.389399,1
17381,1.57888,1
17382,0.249917,0
17383,0.294162,1
17384,2.875096,0
17385,1.573411,1
17386,2.87332,0
17387,2.83524,0
17388,3.193899,0
17389,1.169612,0
17390,0.619492,1
17391,0.420763,0
17392,0.630344,1
17393,3.124443,0
17394,0.166451,1
17395,4.135172,1
17396,1.534704,1
17397,3.264139,0
17398,0.456901,1
17399,0.439554,1
17400,3.754928,0
17401,2.382378,0
17402,0.139514,0
17403,4.240431,1
17404,0.576283,1
17405,0.263578,0
17406,0.407396,1
17407,1.221898,1
17408,0.535298,1
17409,2.896181,0
17410,3.896655,1
17411,3.091399,0
17412,2.875058,1
17413,1.577399,0
17414,3.476064,0
17415,3.266165,0
17416,3.482832,0
17417,0.680189,1
17418,2.376062,1
17419,0.579461,0
17420,0.285815,1
17421,0.779142,1
17422,2.806148,0
17423,0.866174,0
17424,4.113136,0
17425,0.192944,0
17426,2.261006,0
17427,3.620441,0
17428,3.298989,0
17429,3.766703,0
17430,4.267088,0
17431,0.89332,1
17432,2.812083,0
17433,3.437015,1
17434,0.839874,1
17435,1.135667,1
17436,4.420226,0
17437,0.246666,1
17438,0.459925,1
17439,3.399817,0
17440,3.647683,1
17441,0.252758,1
17442,0.135949,0
17443,3.929115,0
17444,3.963663,1
17445,0.204992,0
17446,3.603,0
17447,0.47855,0
17448,2.093785,1
17449,3.231565,0
17450,4.113214,1
17451,2.455806,1
17452,0.916775,0
17453,3.376579,0
17454,0.384432,0
17455,2.276012,1
17456,0.158863,0
17457,0.758056,0
17458,0.223397,1
17459,2.076266,1
17460,4.262647,0
17461,3.130765,1
17462,4.161002,0
17463,4.578335,0
17464,1.540128,1
17465,0.352541,0
17466,4.102452,0
17467,3.40246,1
17468,0.268342,1
17469,0.346084,0
17470,0.166516,1
17471,0.564596,1
17472,3.114884,0
17473,0.455476,0
17474,1.398615,1
17475,0.331657,0
17476,0.227483,0
17477,0.693761,1
17478,0.492312,1
17479,1.714659,0
17480,2.100539,1
17481,0.957464,0
17482,3.68619,0
17483,1.156539,1
17484,4.31129,1
17485,1.839114,0
17486,0.705023,0
17487,2.812983,0
17488,0.222809,1
17489,0.248671,1
17490,2.301625,1
17491,2.060853,0
17492,4.942126,1
17493,0.146162,1
17494,2.406135,0
17495,2.9247,0
17496,4.498376,0
17497,0.22173,1
17498,4.085186,0
17499,0.182484,0
17500,0.120833,0
17501,0.519323,0
17502,2.349697,0
17503,0.976382,1
17504,2.643861,0
17505,0.294242,1
17506,0.544038,1
17507,2.697316,0
17508,4.457066,0
17509,3.506912,1
17510,0.77629,1
17511,1.064098,0
17512,1.227781,1
17513,0.866279,0
17514,0.249904,0
17515,2.854168,1
17516,1.618256,1
17517,0.13566,0
17518,0.328906,1
17519,1.226431,1
17520,1.170921,1
17521,0.230727,0
17522,0.770244,1
17523,0.340431,1
17524,0.214467,0
17525,0.491477,0
17526,4.940612,0
17527,0.242233,1
17528,2.444161,0
17529,2.568181,0
17530,2.583776,1
17531,0.420237,0
17532,0.43349,1
17533,3.097012,0
17534,0.154229,1
17535,0.111126,1
17536,1.262518,0
17537,0.158484,0
17538,1.063502,0
17539,0.214068,0
17540,4.536883,0
17541,2.310493,0
17542,0.294977,0
17543,1.438781,0
17544,3.589365,1
17545,0.7983,0
17546,3.725495,0
17547,1.969815,0
17548,1.427844,0
17549,5.636473,1
17550,0.143976,1
17551,1.723084,0
17552,0.247049,1
17553,2.058312,1
17554,0.214411,0
17555,1.122403,1
17556,0.166996,1
17557,2.883969,0
17558,0.20748,1
17559,3.225051,1
17560,0.128983,1
17561,0.232601,0
17562,0.789788,0
17563,4.410434,0
17564,3.322884,0
17565,4.412353,1
17566,3.136535,1
17567,0.829749,1
17568,3.006234,0
17569,3.804191,1
17570,3.077298,0
17571,0.586742,0
17572,4.204317,0
17573,2.7732,1
17574,0.101851,0
17575,3.639671,0
17576,0.429589,0
17577,1.060925,1
17578,2.617448,0
17579,0.22097,0
17580,0.273188,0
17581,3.66936,0
17582,3.718994,1
17583,2.963161,0
17584,3.422894,0
17585,0.593834,1
17586,2.542613,0
17587,0.178809,0
17588,1.358112,1
17589,3.831663,0
17590,2.714704,0
17591,3.656435,0
17592,1.366129,0
17593,0.964747,0
17594,0.349961,1
17595,3.36675,1
17596,0.844116,1
17597,0.547726,1
17598,0.082918,1
17599,3.202283,0
17600,0.179047,0
17601,0.53569,0
17602,0.206268,0
17603,0.804549,1
17604,4.113042,1
17605,0.200223,1
17606,0.282982,1
17607,2.77888,0
17608,0.759286,0
17609,1.301119,1
17610,1.789923,1
17611,3.578412,0
17612,3.237703,0
17613,3.361874,0
17614,0.302169,0
17615,3.717274,1
17616,0.46326,1
17617,0.138303,1
17618,0.977864,1
17619,0.475274,0
17620,0.487182,0
17621,0.220646,0
17622,1.073621,1
17623,0.190785,1
17624,0.74008,1
17625,0.776031,0
17626,2.681033,1
17627,3.689876,1
17628,0.132576,1
17629,0.534855,1
17630,2.733443,1
17631,3.870554,0
17632,0.122056,0
17633,0.257764,0
17634,3.445438,0
17635,0.139476,1
17636,0.302597,1
17637,0.175869,1
17638,1.983515,0
17639,0.827227,0
17640,1.521194,0
17641,0.418836,1
17642,1.564956,0
17643,2.634685,0
17644,4.180291,0
17645,1.950681,0
17646,3.384381,0
17647,0.131097,1
17648,4.568859,0
17649,0.327408,0
17650,3.744529,1
17651,0.355448,1
17652,3.643308,0
17653,3.804539,0
17654,2.872886,1
17655,1.480266,0
17656,2.457461,0
17657,5.514526,0
17658,0.133334,0
17659,2.212594,1
17660,0.271369,0
17661,3.916619,0
17662,0.321879,1
17663,3.881914,1
17664,0.273754,1
17665,0.41283,1
17666,2.511089,1
17667,0.597148,1
17668,4.77554,0
17669,0.254688,0
17670,3.505567,1
17671,2.463481,1
17672,0.146726,1
17673,0.207979,0
17674,6.568706,1
17675,2.13772,0
17676,2.002472,0
17677,1.023749,0
17678,3.828618,0
17679,4.292058,0
17680,2.071362,0
17681,0.41126,0
17682,0.226651,1
17683,4.781291,0
17684,4.404682,1
17685,3.832978,0
17686,1.550138,1
17687,0.377914,0
17688,0.164209,1
17689,4.214012,0
17690,3.023135,0
17691,6.586635,1
17692,0.304046,1
17693,0.126325,1
17694,1.465172,0
17695,0.249429,1
17696,3.107338,0
17697,3.958667,0
17698,4.144815,1
17699,2.26635,0
17700,1.115755,1
17701,4.225253,0
17702,2.568967,1
17703,0.290588,1
17704,0.123903,0
17705,4.252526,0
17706,0.277258,1
17707,2.160305,1
17708,2.446163,1
17709,0.184185,1
17710,3.900187,0
17711,0.18689,1
17712,0.362165,0
17713,1.234334,1
17714,0.859626,1
17715,4.50441,1
17716,4.178591,0
17717,0.889849,1
17718,2.936814,1
17719,3.579366,1
17720,1.740553,0
17721,0.146101,1
17722,0.318844,0
17723,1.589221,0
17724,0.217282,0
17725,3.424449,0
17726,0.208092,1
17727,3.181193,0
17728,3.8335,0
17729,3.10998,0
17730,3.201328,0
17731,2.833352,0
17732,2.934612,0
17733,1.324245,0
17734,0.195442,0
17735,0.592368,0
17736,0.262818,0
17737,2.064132,1
17738,1.395035,1
17739,3.124753,0
17740,4.686842,0
17741,0.767356,1
17742,0.161824,0
17743,3.280504,1
17744,0.950676,1
17745,0.662947,1
17746,0.434327,0
17747,3.860763,0
17748,0.581798,1
17749,0.158413,0
17750,0.370815,0
17751,0.241399,1
17752,1.806555,0
17753,0.902518,1
17754,0.390692,0
17755,4.045405,1
17756,1.650885,0
17757,1.169873,1
17758,2.089132,0
17759,3.791862,0
17760,4.310621,0
17761,0.131203,1
17762,0.331986,1
17763,0.415822,1
17764,3.507897,1
17765,0.870745,1
17766,3.502228,0
17767,0.123348,0
17768,0.343253,1
17769,1.566358,0
17770,3.710907,0
17771,0.164338,1
17772,0.302637,1
17773,0.179564,0
17774,3.894886,0
17775,0.656039,0
17776,2.801041,0
17777,0.161365,1
17778,0.148015,0
17779,3.534702,0
17780,0.444392,1
17781,0.129794,0
17782,5.053694,0
17783,0.160634,1
17784,2.625434,0
17785,3.220708,0
17786,0.182587,1
17787,0.393886,1
17788,5.967652,0
17789,3.189763,0
17790,2.591382,1
17791,1.077904,1
17792,5.356003,1
17793,0.179956,1
17794,4.426669,0
17795,0.15679,1
17796,1.023293,1
17797,4.381247,0
17798,3.822563,1
17799,1.784176,1
17800,0.282317,1
17801,3.099973,0
17802,3.977988,0
17803,2.954578,0
17804,3.801049,0
17805,2.607786,0
17806,0.215646,0
17807,1.594922,1
17808,3.934527,0
17809,1.03115,0
17810,0.293007,1
17811,2.744219,0
17812,5.110673,1
17813,3.424533,1
17814,3.16154,0
17815,5.166942,0
17816,5.208886,1
17817,1.659154,1
17818,3.01545,0
17819,3.977515,1
17820,0.14642,1
17821,3.232605,0
17822,1.602389,1
17823,5.963778,0
17824,3.789468,1
17825,2.583067,0
17826,3.406522,0
17827,1.452055,0
17828,1.708759,1
17829,3.374256,1
17830,0.327235,1
17831,0.594334,1
17832,2.174833,1
17833,2.779096,0
17834,4.529729,0
17835,3.570891,0
17836,1.929805,1
17837,2.495415,1
17838,1.742519,1
17839,0.389749,1
17840,1.804956,1
17841,3.854914,1
17842,0.373102,0
17843,1.078449,1
17844,2.263186,0
17845,0.850137,1
17846,1.029181,0
17847,1.611512,0
17848,2.440151,0
17849,2.867633,0
17850,0.76261,1
17851,2.943033,0
17852,3.997411,1
17853,0.521232,1
17854,3.810656,0
17855,0.920962,0
17856,4.075664,0
17857,2.960272,0
17858,1.365521,1
17859,1.524791,1
17860,0.242393,1
17861,4.823547,0
17862,0.340472,1
17863,3.982334,0
17864,1.048066,1
17865,0.456838,0
17866,2.326185,0
17867,3.853562,0
17868,0.542974,0
17869,6.288401,1
17870,0.686914,1
17871,4.460632,0
17872,1.683004,1
17873,0.326264,1
17874,2.71232,0
17875,0.629489,0
17876,3.706693,0
17877,0.328618,1
17878,0.198984,1
17879,0.383526,1
17880,4.919073,0
17881,0.983339,1
17882,2.328888,1
17883,3.775354,1
17884,0.447261,1
17885,0.985031,1
17886,3.386655,1
17887,4.430928,0
17888,0.166854,1
17889,1.540473,1
17890,5.403272,0
17891,0.620774,1
17892,0.19153,0
17893,0.193779,1
17894,0.098635,0
17895,3.501558,1
17896,2.407099,0
17897,3.227503,0
17898,0.33124,1
17899,3.234467,0
17900,4.057009,0
17901,1.10903,0
17902,0.164134,1
17903,4.772306,1
17904,3.534144,0
17905,0.201511,0
17906,5.770949,1
17907,0.720658,0
17908,3.336224,0
17909,0.768834,0
17910,4.397368,0
17911,2.840743,0
17912,0.368422,0
17913,0.129187,0
17914,3.395457,0
17915,3.736727,1
17916,0.664525,1
17917,0.640733,0
17918,2.633553,1
17919,0.151128,1
17920,2.883142,0
17921,1.028336,0
17922,2.501063,0
17923,3.340933,1
17924,4.144038,1
17925,1.29209,0
17926,0.343205,1
17927,0.16375,1
17928,2.612935,0
17929,1.32918,1
17930,2.639743,1
17931,4.582353,0
17932,0.146728,0
17933,1.731861,1
17934,0.232125,1
17935,1.867123,1
17936,0.921147,0
17937,0.274584,1
17938,0.350874,1
17939,3.153421,0
17940,3.39281,1
17941,3.095325,0
17942,0.960147,0
17943,3.909378,0
17944,2.089214,0
17945,2.841936,0
17946,0.534186,1
17947,2.221169,0
17948,4.388197,1
17949,0.645925,1
17950,3.813893,0
17951,0.174152,1
17952,0.524274,0
17953,2.502836,0
17954,2.965304,1
17955,1.057416,1
17956,0.214069,0
17957,4.550014,0
17958,4.059647,0
17959,0.258464,1
17960,0.349632,1
17961,4.937534,0
17962,3.320263,1
17963,0.621938,1
17964,1.146466,0
17965,3.623509,1
17966,0.232216,1
17967,3.478189,0
17968,3.597889,0
17969,0.641864,1
17970,0.9984,1
17971,2.264123,0
17972,0.117675,1
17973,1.114112,0
17974,2.672976,0
17975,1.558915,1
17976,5.804254,0
17977,3.420668,0
17978,0.177582,0
17979,0.342599,1
17980,0.177392,0
17981,0.342878,1
17982,2.133182,1
17983,2.396124,0
17984,2.540817,1
17985,0.198929,1
17986,4.146358,1
17987,3.722407,1
17988,3.884164,1
17989,3.645319,0
17990,0.22683,0
17991,0.592702,1
17992,3.498535,0
17993,0.528608,0
17994,3.586407,0
17995,4.175355,0
17996,2.826344,1
17997,0.161532,1
17998,0.082604,0
17999,2.669504,0
18000,0.385233,1
18001,0.39923,1
18002,4.239425,1
18003,4.868118,0
18004,1.672365,0
18005,0.098458,0
18006,0.14876,0
18007,0.244152,0
18008,0.20619,1
18009,0.147014,0
18010,2.998083,1
18011,0.113844,0
18012,6.39352,0
18013,0.603608,0
18014,3.579114,1
18015,0.444479,0
18016,1.848715,0
18017,0.082036,1
18018,3.801867,1
18019,0.466874,0
18020,4.56577,1
18021,0.198093,1
18022,3.854789,1
18023,0.573861,1
18024,3.679061,0
18025,3.083115,1
18026,4.385417,1
18027,4.069542,0
18028,0.15851,0
18029,0.622359,1
18030,4.029783,0
18031,3.222551,0
18032,0.136085,1
18033,0.415109,1
18034,0.601132,1
18035,1.193501,1
18036,0.656433,0
18037,0.392776,0
18038,0.372514,1
18039,2.79899,0
18040,2.778014,0
18041,0.321976,1
18042,3.848541,0
18043,3.78858,1
18044,0.247028,0
18045,3.801161,1
18046,1.703249,1
18047,2.357536,1
18048,0.124055,0
18049,0.926304,0
18050,2.90857,1
18051,3.641675,0
18052,0.155911,0
18053,3.522755,0
18054,4.108634,0
18055,2.568597,0
18056,5.195935,0
18057,3.275918,0
18058,0.47593,1
18059,0.181372,1
18060,0.58045,0
18061,0.128441,1
18062,0.882576,0
18063,2.002079,0
18064,3.728751,0
18065,2.502164,1
18066,0.586063,0
18067,1.150406,1
18068,0.306326,0
18069,1.083202,1
18070,3.829686,1
18071,3.23049,1
18072,4.79101,0
18073,4.063801,0
18074,1.590727,1
18075,1.759556,0
18076,4.303253,0
18077,1.470621,0
18078,3.417836,1
18079,0.100925,1
18080,0.068421,0
18081,0.299275,1
18082,3.558562,0
18083,2.374415,1
18084,2.973188,0
18085,2.810153,1
18086,0.414166,1
18087,3.06433,0
18088,4.814625,1
18089,0.055613,0
18090,1.187308,1
18091,1.129721,1
18092,3.235012,0
18093,2.104591,1
18094,3.905416,1
18095,3.467365,0
18096,0.132613,1
18097,1.965218,1
18098,0.154703,1
18099,2.99349,0
18100,0.164674,1
18101,0.444885,1
18102,4.598419,1
18103,3.8335,1
18104,0.804519,0
18105,4.45728,0
18106,4.064762,1
18107,0.303105,0
18108,0.35554,1
18109,0.142487,1
18110,2.572289,0
18111,3.975247,0
18112,2.428343,0
18113,2.089357,0
18114,0.106745,0
18115,3.202571,0
18116,0.139238,1
18117,1.421325,0
18118,0.347045,0
18119,1.501898,1
18120,0.867858,0
18121,0.168877,0
18122,0.70744,1
18123,3.692996,0
18124,0.972063,0
18125,1.989322,1
18126,1.023119,0
18127,0.915331,0
18128,0.785833,1
18129,3.253341,1
18130,1.146097,1
18131,0.32713,0
18132,0.217392,1
18133,0.831175,1
18134,0.157367,1
18135,0.272685,1
18136,3.072836,1
18137,4.280806,1
18138,1.887776,1
18139,0.390151,0
18140,0.154049,0
18141,0.24268,1
18142,0.307421,0
18143,4.195766,1
18144,3.703333,0
18145,0.370927,0
18146,1.136262,0
18147,0.322562,0
18148,3.930662,1
18149,4.140728,1
18150,0.378928,1
18151,0.193593,1
18152,4.32581,1
18153,1.607893,1
18154,1.772833,0
18155,0.278213,1
18156,3.905607,0
18157,4.026619,0
18158,0.182703,1
18159,0.6651,1
18160,0.421918,1
18161,0.419811,0
18162,0.239258,1
18163,0.627835,0
18164,0.351556,1
18165,1.017252,0
18166,2.210827,1
18167,0.565781,1
18168,4.391668,1
18169,0.591775,0
18170,0.330189,0
18171,3.779224,0
18172,0.311677,1
18173,0.949334,1
18174,3.538921,1
18175,1.602197,0
18176,1.484326,0
18177,0.149728,1
18178,0.147144,1
18179,3.680905,0
18180,0.14018,1
18181,0.132564,1
18182,1.764155,0
18183,0.622826,0
18184,3.071665,0
18185,0.520856,1
18186,0.346501,0
18187,3.745224,0
18188,3.173627,1
18189,2.329549,0
18190,0.358676,0
18191,3.182159,0
18192,4.211234,0
18193,0.92427,1
18194,0.614635,0
18195,1.827503,0
18196,2.445045,0
18197,0.27773,0
18198,0.130761,1
18199,0.365365,1
18200,0.158598,0
18201,1.88959,1
18202,0.204412,1
18203,0.175022,1
18204,0.244542,0
18205,0.323812,1
18206,1.916609,1
18207,3.466035,0
18208,0.330485,0
18209,0.457881,1
18210,3.606497,0
18211,0.114652,1
18212,1.306413,1
18213,2.717515,0
18214,0.312379,1
18215,4.217669,0
18216,5.096871,1
18217,0.727402,0
18218,0.269159,1
18219,3.314968,0
18220,0.311975,0
18221,3.27849,0
18222,4.935848,0
18223,3.667583,0
18224,0.845521,1
18225,3.513015,0
18226,4.062809,0
18227,3.108555,0
18228,2.398034,1
18229,0.725861,1
18230,0.176538,0
18231,1.068368,1
18232,0.167943,1
18233,3.043423,1
18234,0.720236,0
18235,0.192065,0
18236,2.294009,1
18237,3.027731,0
18238,0.657059,1
18239,0.913939,1
18240,3.164108,0
18241,0.232927,0
18242,1.286487,1
18243,0.713254,1
18244,0.395418,1
18245,2.837874,0
18246,0.929105,1
18247,2.979732,0
18248,2.331395,0
18249,0.41109,0
18250,3.98004,0
18251,2.761579,1
18252,0.166913,1
18253,2.502355,0
18254,0.180668,1
18255,3.286553,1
18256,0.378499,0
18257,1.669629,0
18258,3.020157,0
18259,2.325483,0
18260,3.24983,0
18261,0.218815,1
18262,0.147752,1
18263,4.038303,1
18264,0.302116,1
18265,2.936331,0
18266,0.314265,0
18267,0.239083,0
18268,1.289064,1
18269,1.148144,0
18270,0.399915,1
18271,3.985172,0
18272,2.551344,0
18273,0.657634,1
18274,0.864581,0
18275,4.929501,1
18276,2.559298,0
18277,3.986559,0
18278,4.34337,1
18279,2.022609,1
18280,0.644545,0
18281,0.908056,1
18282,3.199593,0
18283,0.182949,1
18284,0.190261,1
18285,1.031402,0
18286,3.686018,0
18287,2.900025,0
18288,3.482026,0
18289,0.659137,1
18290,3.694377,1
18291,0.754476,0
18292,3.637097,1
18293,0.739814,1
18294,0.264692,1
18295,2.314811,1
18296,1.011587,0
18297,2.454051,0
18298,0.176503,0
18299,0.300885,0
18300,0.283796,1
18301,2.611283,0
18302,0.199671,1
18303,1.939252,0
18304,3.761901,0
18305,0.307031,1
18306,3.475466,0
18307,0.449156,0
18308,0.201163,1
18309,5.078949,1
18310,2.750493,0
18311,0.53696,1
18312,0.671963,0
18313,0.740092,1
18314,0.153574,1
18315,0.184551,1
18316,0.38636,0
18317,0.129419,0
18318,0.24236,1
18319,0.385143,1
18320,0.313994,0
18321,3.716368,1
18322,3.778463,1
18323,0.92163,0
18324,4.220232,0
18325,3.977023,0
18326,2.981214,1
18327,1.178996,0
18328,0.632534,1
18329,0.124102,1
18330,0.654586,1
18331,0.338529,0
18332,4.281374,0
18333,3.051455,0
18334,2.372597,1
18335,4.735935,0
18336,1.311985,0
18337,0.915502,1
18338,2.21607,0
18339,3.447762,0
18340,4.091656,0
18341,3.444048,1
18342,0.096289,0
18343,2.996036,0
18344,1.224373,1
18345,0.800319,1
18346,2.677481,0
18347,2.177717,1
18348,3.508561,0
18349,0.262123,0
18350,3.550375,0
18351,4.122511,0
18352,2.446037,1
18353,5.586778,1
18354,1.735469,0
18355,0.578702,1
18356,0.148895,1
18357,0.173888,1
18358,0.886464,1
18359,3.134808,0
18360,0.47597,1
18361,0.199345,0
18362,0.461864,0
18363,0.452738,1
18364,3.26424,0
18365,0.793504,0
18366,0.337356,1
18367,0.172478,0
18368,1.758375,0
18369,0.575442,0
18370,2.603423,1
18371,2.663431,0
18372,0.535136,1
18373,0.458529,0
18374,3.564836,0
18375,2.545111,0
18376,4.359289,0
18377,2.900685,1
18378,0.840628,1
18379,1.381779,1
18380,1.660636,1
18381,1.025805,1
18382,1.197993,0
18383,5.52458,0
18384,0.150591,1
18385,0.153568,0
18386,4.096304,1
18387,4.39639,1
18388,0.579591,1
18389,1.794758,1
18390,0.321504,1
18391,0.651565,0
18392,0.126698,1
18393,3.209861,0
18394,4.997665,0
18395,0.113212,1
18396,1.139693,1
18397,4.403647,1
18398,3.061815,0
18399,1.995532,0
18400,0.224139,1
18401,1.694421,0
18402,0.192489,1
18403,1.863185,0
18404,1.081823,1
18405,0.353819,1
18406,1.820613,1
18407,0.275304,1
18408,0.403711,1
18409,0.132341,1
18410,3.1552,0
18411,2.735512,1
18412,4.189846,1
18413,0.814639,1
18414,4.681084,0
18415,1.666926,0
18416,0.423843,1
18417,0.327815,1
18418,1.151267,0
18419,0.304922,1
18420,0.232357,1
18421,0.671887,1
18422,1.349284,0
18423,3.323023,0
18424,1.826801,1
18425,3.867486,0
18426,3.146866,0
18427,4.08021,0
18428,2.476771,0
18429,1.725501,1
18430,0.509652,0
18431,0.16495,0
18432,3.969359,0
18433,0.46829,1
18434,0.215444,0
18435,0.236066,0
18436,2.194609,0
18437,0.446888,1
18438,0.333673,1
18439,2.997696,0
18440,2.68118,0
18441,1.958998,1
18442,3.661242,1
18443,0.291653,1
18444,1.307181,1
18445,1.221593,0
18446,4.571765,0
18447,3.778169,0
18448,0.204663,0
18449,5.061816,0
18450,1.236198,0
18451,0.522334,0
18452,4.525484,0
18453,1.848781,0
18454,6.269103,0
18455,3.00472,0
18456,3.818202,1
18457,0.194649,1
18458,4.119975,0
18459,0.312824,1
18460,3.596668,0
18461,1.147504,1
18462,4.057221,0
18463,3.960053,1
18464,4.705249,0
18465,0.136414,1
18466,2.887956,0
18467,5.517506,1
18468,1.940912,0
18469,4.932436,0
18470,0.163883,1
18471,1.073762,1
18472,1.470803,0
18473,0.39438,1
18474,0.646013,0
18475,2.93901,0
18476,0.616898,0
18477,0.141037,1
18478,3.624608,0
18479,4.069429,0
18480,1.039744,1
18481,1.811183,1
18482,0.87945,0
18483,0.868485,0
18484,2.457992,1
18485,0.707293,1
18486,0.126803,1
18487,0.19675,1
18488,0.293776,0
18489,3.67933,0
18490,2.609896,0
18491,0.179884,0
18492,0.473014,1
18493,0.756891,0
18494,1.451849,0
18495,2.300541,0
18496,0.190841,1
18497,0.494974,0
18498,3.293485,0
18499,3.705207,0
18500,3.145167,1
18501,2.306801,1
18502,3.705811,1
18503,0.379126,0
18504,3.270298,0
18505,0.345175,1
18506,0.194705,1
18507,0.43242,0
18508,2.858316,0
18509,0.650362,1
18510,0.757318,1
18511,4.350964,1
18512,4.24994,1
18513,4.11128,0
18514,0.182556,0
18515,4.332489,0
18516,3.405876,0
18517,3.148222,1
18518,0.268705,1
18519,0.09851,1
18520,1.265304,0
18521,0.29347,1
18522,3.492353,0
18523,1.767425,1
18524,0.938708,0
18525,0.39544,0
18526,2.020217,0
18527,0.416747,1
18528,0.366244,1
18529,3.723989,0
18530,3.684139,0
18531,0.200604,0
18532,0.203352,1
18533,0.368667,0
18534,3.725497,0
18535,0.251883,1
18536,0.503399,0
18537,0.116004,1
18538,0.759071,0
18539,0.137912,1
18540,0.703154,1
18541,5.158899,0
18542,0.530868,0
18543,3.502761,1
18544,0.194287,0
18545,0.193775,1
18546,3.999191,0
18547,0.521847,1
18548,4.122446,0
18549,0.363942,1
18550,4.01872,1
18551,1.890861,1
18552,4.092642,1
18553,0.313159,0
18554,3.330972,0
18555,2.676211,1
18556,0.201843,1
18557,1.067713,1
18558,4.407841,0
18559,1.06718,0
18560,0.748901,1
18561,1.039236,1
18562,4.381109,0
18563,2.809629,1
18564,4.336595,0
18565,0.81008,0
18566,1.572835,0
18567,0.565612,1
18568,0.192438,1
18569,0.412861,1
18570,0.892417,0
18571,1.448399,0
18572,4.169623,1
18573,1.842811,0
18574,4.441558,0
18575,3.597892,1
18576,0.243159,1
18577,0.138714,1
18578,0.164378,0
18579,2.007274,0
18580,3.383439,0
18581,0.830264,0
18582,3.438603,0
18583,0.158293,1
18584,0.156977,1
18585,3.811414,1
18586,5.454914,0
18587,3.74255,1
18588,3.395744,0
18589,2.65333,0
18590,3.101714,0
18591,1.270092,0
18592,0.240489,1
18593,4.925622,1
18594,0.891524,0
18595,4.121089,0
18596,3.265366,0
18597,1.808895,1
18598,0.873013,0
18599,4.084931,0
18600,0.542487,1
18601,1.961243,1
18602,2.880592,1
18603,0.163745,1
18604,3.118667,0
18605,0.467522,1
18606,0.347873,0
18607,3.255403,0
18608,4.013991,0
18609,3.276892,0
18610,4.09972,1
18611,0.714352,0
18612,4.876609,0
18613,0.221021,1
18614,0.564597,0
18615,0.778822,1
18616,0.42888,0
18617,1.680383,0
18618,2.764739,0
18619,0.162096,1
18620,0.20486,1
18621,2.945577,0
18622,3.337247,1
18623,2.787972,0
18624,2.080587,0
18625,0.304494,1
18626,1.389282,1
18627,0.489611,0
18628,2.863555,0
18629,0.303227,1
18630,2.112402,0
18631,0.299715,1
18632,2.272309,0
18633,1.869457,0
18634,0.45483,1
18635,4.086616,0
18636,0.24967,0
18637,3.636694,0
18638,1.189394,1
18639,3.507842,1
18640,2.518069,1
18641,0.186733,1
18642,0.511063,1
18643,3.336487,0
18644,0.757541,1
18645,0.29128,0
18646,0.938961,1
18647,2.774284,0
18648,0.17483,0
18649,0.204197,1
18650,1.2775,0
18651,3.57563,1
18652,3.959456,1
18653,3.803388,0
18654,0.183084,1
18655,0.172039,1
18656,3.608326,0
18657,0.341473,1
18658,0.144204,0
18659,0.269945,1
18660,2.882295,0
18661,0.778309,0
18662,1.23593,1
18663,1.495233,1
18664,2.428276,0
18665,2.907227,0
18666,0.223878,1
18667,0.150071,1
18668,0.183379,1
18669,0.125028,0
18670,1.21599,1
18671,4.491311,0
18672,3.298096,0
18673,3.876015,0
18674,4.165599,0
18675,1.162882,0
18676,2.637607,0
18677,3.793051,0
18678,2.967133,0
18679,0.502304,1
18680,0.20475,0
18681,0.401395,0
18682,0.177499,0
18683,4.949533,1
18684,2.241015,1
18685,0.192767,1
18686,4.31136,1
18687,2.813527,1
18688,1.476492,1
18689,0.336352,1
18690,1.713705,1
18691,0.577575,0
18692,0.56521,1
18693,4.242362,1
18694,2.417928,1
18695,4.421601,1
18696,3.497546,0
18697,0.82463,1
18698,6.008886,0
18699,1.242542,0
18700,0.246371,0
18701,3.112142,0
18702,4.039926,0
18703,0.411725,1
18704,1.155263,1
18705,0.378656,0
18706,1.85866,1
18707,1.400496,1
18708,4.148256,0
18709,0.19418,1
18710,3.341368,0
18711,2.625409,0
18712,1.307116,0
18713,2.781294,0
18714,0.300789,1
18715,1.797831,0
18716,3.668492,0
18717,1.813464,1
18718,0.916951,0
18719,1.812331,0
18720,0.208204,1
18721,1.320935,1
18722,0.231887,1
18723,3.341789,1
18724,0.375335,1
18725,3.602145,0
18726,0.746419,1
18727,1.760283,0
18728,0.996228,1
18729,1.156882,0
18730,4.551283,0
18731,1.091872,0
18732,0.297144,1
18733,2.864756,0
18734,0.691557,1
18735,3.243299,1
18736,3.519988,0
18737,0.178192,1
18738,0.5501,0
18739,5.049551,0
18740,0.74641,0
18741,0.222715,1
18742,0.62305,1
18743,4.132963,0
18744,4.098891,0
18745,0.633875,0
18746,4.237995,0
18747,0.231647,0
18748,3.439138,0
18749,0.282717,0
18750,4.251936,1
18751,0.218624,0
18752,3.701087,0
18753,1.751109,1
18754,0.177789,1
18755,0.916297,0
18756,0.379435,1
18757,0.396021,0
18758,0.558726,0
18759,2.939442,0
18760,0.145751,1
18761,2.783229,0
18762,4.260207,0
18763,0.292172,0
18764,3.561724,1
18765,0.089111,0
18766,3.636171,0
18767,1.016558,1
18768,3.312009,0
18769,5.502967,1
18770,1.75663,0
18771,3.41555,0
18772,1.008607,0
18773,0.828365,1
18774,0.111834,1
18775,5.133457,1
18776,3.84363,0
18777,4.20791,1
18778,0.975922,1
18779,4.225357,1
18780,0.764425,1
18781,0.116066,1
18782,0.151505,1
18783,4.738946,0
18784,4.125536,0
18785,0.160739,1
18786,1.305405,1
18787,3.248293,0
18788,3.949056,1
18789,3.386512,0
18790,1.258318,1
18791,4.119596,0
18792,1.763893,0
18793,0.8026,1
18794,1.918849,0
18795,0.157664,1
18796,0.594756,0
18797,0.250276,0
18798,3.858849,0
18799,0.945151,1
18800,0.28305,0
18801,0.151647,0
18802,2.020762,0
18803,2.338633,0
18804,0.286345,1
18805,1.254942,0
18806,3.310179,0
18807,3.584215,0
18808,3.528003,0
18809,0.378827,0
18810,0.124976,1
18811,0.122769,0
18812,0.795835,1
18813,0.238553,1
18814,1.28453,1
18815,0.282268,1
18816,2.733419,1
18817,1.388841,0
18818,0.23412,0
18819,2.668848,1
18820,3.740237,1
18821,3.38598,0
18822,0.127578,1
18823,0.384895,1
18824,4.393706,0
18825,0.299058,0
18826,0.717733,1
18827,0.165116,1
18828,0.417888,1
18829,0.920861,0
18830,4.394258,0
18831,1.737477,1
18832,3.573165,0
18833,4.010638,0
18834,3.181755,1
18835,0.911966,1
18836,0.134611,1
18837,0.13009,1
18838,0.52686,1
18839,0.756808,1
18840,0.363185,1
18841,0.138485,1
18842,0.140303,1
18843,4.427822,1
18844,4.015958,0
18845,1.772748,1
18846,3.932949,0
18847,0.434129,0
18848,3.427699,1
18849,2.597489,0
18850,0.514739,0
18851,0.643629,0
18852,3.748416,0
18853,0.451308,0
18854,0.358446,0
18855,1.043932,1
18856,0.685015,1
18857,0.568961,0
18858,0.727954,1
18859,0.7099,0
18860,3.838802,0
18861,5.604471,0
18862,5.164793,0
18863,3.746384,1
18864,3.749607,0
18865,2.08891,0
18866,3.687616,0
18867,0.459471,1
18868,1.844324,0
18869,3.64351,0
18870,2.713442,0
18871,3.587593,0
18872,0.388666,1
18873,0.866424,1
18874,0.328285,1
18875,1.21466,1
18876,1.868205,0
18877,4.366458,0
18878,0.667667,1
18879,0.382755,1
18880,0.360691,1
18881,0.277074,0
18882,1.052405,1
18883,1.923036,0
18884,3.438204,0
18885,4.960623,1
18886,0.112927,1
18887,2.308329,0
18888,0.815373,0
18889,0.714042,1
18890,0.476611,0
18891,0.699008,0
18892,0.255046,1
18893,0.222877,1
18894,0.146841,0
18895,3.59214,1
18896,0.282565,1
18897,2.091894,1
18898,3.942734,0
18899,2.026059,1
18900,0.11764,0
18901,2.892997,0
18902,0.241448,1
18903,3.925146,1
18904,0.33577,1
18905,3.38991,0
18906,0.971851,1
18907,2.157593,0
18908,1.90555,1
18909,0.15525,0
18910,4.118425,0
18911,3.296378,0
18912,2.877031,1
18913,4.136309,1
18914,0.241524,0
18915,3.646334,0
18916,0.229063,1
18917,0.776922,1
18918,0.648957,1
18919,0.30797,0
18920,3.681552,1
18921,2.9429,0
18922,3.15566,0
18923,3.597553,0
18924,5.309133,1
18925,3.349329,0
18926,0.234104,0
18927,1.074569,1
18928,3.70241,0
18929,4.502596,0
18930,0.176117,1
18931,0.231158,1
18932,3.142817,0
18933,1.450932,0
18934,2.611367,0
18935,0.605754,1
18936,0.175431,1
18937,1.896644,1
18938,4.013488,0
18939,2.725631,0
18940,5.90847,0
18941,2.577253,0
18942,1.604944,1
18943,0.163005,0
18944,2.075431,0
18945,1.698718,0
18946,0.202135,1
18947,4.394324,0
18948,0.24672,1
18949,3.314717,1
18950,0.440843,1
18951,1.277606,0
18952,4.260365,0
18953,5.096119,0
18954,3.400237,1
18955,0.372473,1
18956,0.340589,0
18957,4.567228,0
18958,1.019082,0
18959,1.033419,1
18960,0.148409,1
18961,1.503441,0
18962,0.417609,0
18963,2.73951,0
18964,2.602286,0
18965,0.429146,1
18966,2.928893,0
18967,2.552497,1
18968,2.702391,0
18969,4.008826,0
18970,0.157515,0
18971,6.278492,1
18972,2.562706,1
18973,4.587831,1
18974,0.535301,0
18975,0.213538,1
18976,2.075397,0
18977,2.864977,0
18978,0.494455,0
18979,1.52994,1
18980,0.404177,0
18981,0.262523,0
18982,0.841955,1
18983,1.807389,1
18984,0.213261,1
18985,3.638486,1
18986,0.067272,0
18987,3.243919,0
18988,1.893684,0
18989,0.924677,0
18990,1.32103,0
18991,0.293762,1
18992,1.376751,0
18993,0.459095,1
18994,0.304397,0
18995,0.402197,1
18996,4.388743,0
18997,0.498499,0
18998,0.904287,1
18999,0.157061,1
19000,0.213957,1
19001,4.155158,0
19002,3.46321,0
19003,3.734843,0
19004,0.467922,1
19005,2.193773,1
19006,4.542227,1
19007,3.70261,1
19008,0.901144,0
19009,1.419199,1
19010,0.17024,1
19011,4.032605,1
19012,4.025725,1
19013,0.504727,1
19014,2.304232,1
19015,4.235837,1
19016,4.185308,0
19017,0.250916,1
19018,0.251404,1
19019,4.574021,0
19020,0.099291,0
19021,1.768113,0
19022,2.790691,0
19023,0.423316,1
19024,0.470781,1
19025,0.202622,1
19026,5.277112,0
19027,1.933283,0
19028,0.791731,1
19029,2.162014,0
19030,4.881295,1
19031,2.955019,0
19032,0.198698,0
19033,3.51347,1
19034,3.0883,0
19035,0.367119,1
19036,3.691979,0
19037,1.888401,0
19038,0.154122,1
19039,3.088021,0
19040,3.540992,0
19041,3.500768,0
19042,4.112652,0
19043,1.830261,1
19044,0.862068,0
19045,0.180335,0
19046,2.639928,0
19047,4.673957,1
19048,0.286862,0
19049,3.628704,1
19050,0.405645,0
19051,2.911588,0
19052,2.988191,1
19053,0.24967,1
19054,2.46753,0
19055,2.843327,0
19056,0.147106,1
19057,4.56363,1
19058,3.689404,1
19059,2.326426,0
19060,3.49213,0
19061,0.331862,1
19062,3.545093,0
19063,0.557036,1
19064,1.646827,1
19065,1.809924,1
19066,3.42049,0
19067,1.275426,0
19068,1.682641,0
19069,0.665386,1
19070,3.628864,1
19071,0.340477,1
19072,3.264015,0
19073,5.468921,0
19074,0.34129,1
19075,4.511042,0
19076,3.560085,0
19077,3.510423,1
19078,0.880255,1
19079,5.303046,0
19080,0.158671,1
19081,0.297028,0
19082,0.134152,1
19083,5.146983,0
19084,2.279144,1
19085,0.333968,1
19086,4.157371,0
19087,2.446779,1
19088,4.536572,0
19089,0.215,1
19090,0.189404,1
19091,2.305879,1
19092,4.669544,0
19093,0.131355,0
19094,0.351736,1
19095,1.897896,0
19096,2.863192,0
19097,0.216821,1
19098,0.154323,0
19099,0.163813,0
19100,4.889803,0
19101,3.929379,0
19102,2.321651,0
19103,0.095357,1
19104,0.452708,1
19105,1.724448,1
19106,2.807911,0
19107,5.46371,1
19108,4.401801,1
19109,0.130856,0
19110,5.341618,1
19111,2.036853,0
19112,4.204885,1
19113,1.169899,1
19114,0.24879,0
19115,4.273788,1
19116,3.639683,0
19117,1.182757,1
19118,0.201048,0
19119,0.191819,1
19120,0.277161,1
19121,0.368483,0
19122,0.296821,0
19123,0.847212,0
19124,5.143863,1
19125,0.147757,1
19126,0.169764,1
19127,3.129692,1
19128,3.964928,0
19129,1.663373,0
19130,3.429469,0
19131,1.131085,1
19132,0.462995,1
19133,0.144348,1
19134,1.593939,0
19135,1.147512,1
19136,0.121502,0
19137,1.189045,0
19138,0.991841,1
19139,3.675738,1
19140,0.577343,1
19141,0.103154,1
19142,0.297673,1
19143,1.382132,1
19144,0.133771,1
19145,0.197405,0
19146,4.434281,1
19147,1.080561,1
19148,0.411931,1
19149,0.272743,0
19150,0.266008,0
19151,0.687025,1
19152,0.131533,1
19153,2.215552,0
19154,1.460625,1
19155,2.971144,1
19156,2.051498,1
19157,2.45485,1
19158,0.766229,0
19159,3.308848,0
19160,0.307153,1
19161,2.437496,0
19162,5.611029,1
19163,2.029354,0
19164,1.314936,0
19165,0.76634,1
19166,4.74167,1
19167,3.840527,0
19168,6.391623,0
19169,3.913408,0
19170,0.247836,1
19171,1.250835,1
19172,1.680795,0
19173,0.196308,1
19174,4.070879,0
19175,3.616929,0
19176,3.61755,0
19177,4.114623,1
19178,1.804428,0
19179,1.119137,1
19180,0.738523,1
19181,0.841371,1
19182,0.792382,1
19183,4.151119,0
19184,1.356386,1
19185,4.240584,0
19186,3.461657,0
19187,4.378436,0
19188,4.331858,0
19189,4.256497,0
19190,2.192664,1
19191,1.241848,1
19192,0.428943,1
19193,0.248229,0
19194,1.73044,0
19195,0.475427,0
19196,4.346833,0
19197,3.089875,1
19198,2.074985,0
19199,2.812008,0
19200,1.474175,0
19201,6.787045,0
19202,0.596457,1
19203,1.979388,0
19204,2.530409,0
19205,0.338815,0
19206,0.134439,1
19207,5.65946,1
19208,3.779164,0
19209,0.622682,1
19210,1.726231,0
19211,2.651633,0
19212,2.000561,1
19213,3.361621,0
19214,0.168127,0
19215,5.693401,0
19216,0.195071,1
19217,0.265958,1
19218,0.491562,1
19219,2.65184,0
19220,3.301999,0
19221,3.312759,0
19222,0.887904,0
19223,2.019552,1
19224,3.008327,0
19225,3.540886,0
19226,0.223517,0
19227,4.37887,1
19228,1.839976,0
19229,4.746551,1
19230,1.032729,0
19231,0.333956,1
19232,2.667341,0
19233,0.187224,1
19234,3.442579,1
19235,0.472119,1
19236,2.874213,1
19237,4.250446,0
19238,1.013844,1
19239,3.285654,0
19240,0.269842,0
19241,2.25421,0
19242,2.540158,0
19243,2.973736,0
19244,0.362809,0
19245,0.916109,1
19246,1.627557,0
19247,2.720625,0
19248,3.513354,1
19249,0.534713,1
19250,4.226649,0
19251,0.798967,1
19252,4.436529,1
19253,1.006252,1
19254,0.198131,0
19255,0.152767,1
19256,0.750164,0
19257,2.180546,0
19258,3.932751,0
19259,0.440769,1
19260,4.536786,1
19261,0.216255,1
19262,0.143494,0
19263,0.246335,1
19264,4.837029,0
19265,0.352976,1
19266,1.314035,1
19267,4.541283,1
19268,1.169843,1
19269,0.485171,0
19270,0.626627,0
19271,3.236886,1
19272,3.586686,0
19273,1.676949,0
19274,3.734079,1
19275,0.389281,0
19276,0.578624,1
19277,3.09796,0
19278,1.251311,1
19279,1.016409,0
19280,0.5987,1
19281,0.389303,0
19282,4.043341,0
19283,3.250748,0
19284,2.252175,0
19285,2.415439,1
19286,1.487576,0
19287,3.742902,0
19288,3.620246,1
19289,0.314172,1
19290,0.146849,0
19291,1.050612,1
19292,0.253369,0
19293,2.493826,0
19294,0.559773,0
19295,0.141304,1
19296,5.220219,0
19297,0.604121,1
19298,1.878761,0
19299,0.239658,1
19300,0.763823,1
19301,1.048504,1
19302,4.894664,1
19303,0.579482,1
19304,4.217238,0
19305,5.836615,0
19306,0.134493,1
19307,1.678765,1
19308,0.319512,1
19309,2.706266,0
19310,0.11014,0
19311,0.79237,1
19312,0.207169,0
19313,0.302978,1
19314,3.602739,1
19315,1.813237,0
19316,0.432659,1
19317,0.229396,1
19318,5.440652,0
19319,3.376763,0
19320,0.300118,0
19321,2.761614,1
19322,3.683538,0
19323,3.151157,0
19324,0.347962,0
19325,3.494509,0
19326,1.40016,1
19327,0.865445,1
19328,1.311863,0
19329,3.460245,0
19330,0.1649,0
19331,2.590939,0
19332,0.385005,1
19333,0.216126,0
19334,0.098341,0
19335,3.716386,1
19336,0.205124,1
19337,0.441452,1
19338,4.441077,1
19339,1.439102,0
19340,4.301937,0
19341,3.435099,1
19342,4.059729,1
19343,1.447762,0
19344,0.191229,0
19345,1.202584,1
19346,4.369485,0
19347,0.559969,0
19348,0.355843,0
19349,0.275364,0
19350,2.337645,0
19351,0.09954,1
19352,0.295193,1
19353,3.244991,0
19354,3.620955,1
19355,1.927779,1
19356,0.140193,1
19357,1.249704,0
19358,0.125265,1
19359,0.594314,1
19360,1.158884,0
19361,3.329281,0
19362,2.297529,1
19363,0.483931,1
19364,0.332355,1
19365,0.231561,1
19366,0.810003,0
19367,0.379737,0
19368,0.42556,1
19369,0.138385,1
19370,0.173944,0
19371,4.971807,1
19372,0.320667,1
19373,4.403155,1
19374,3.708663,0
19375,0.346629,1
19376,0.120943,0
19377,0.37933,1
19378,3.143831,1
19379,4.201637,0
19380,3.132827,0
19381,2.072576,0
19382,4.315386,0
19383,0.201028,1
19384,2.802737,0
19385,3.421769,0
19386,3.262483,1
19387,1.122277,1
19388,4.173526,1
19389,5.321941,0
19390,2.689017,1
19391,1.046139,1
19392,3.894437,0
19393,2.383566,1
19394,1.892092,1
19395,0.231906,1
19396,2.75705,1
19397,4.84013,1
19398,0.163258,1
19399,1.197333,1
19400,1.097085,1
19401,0.184682,1
19402,0.292773,1
19403,1.937925,1
19404,3.624564,0
19405,0.850073,0
19406,0.28833,1
19407,0.751199,0
19408,1.734106,0
19409,1.140928,1
19410,0.113771,1
19411,0.292215,0
19412,0.853414,1
19413,3.712917,1
19414,0.613363,1
19415,2.642375,1
19416,6.182989,0
19417,3.999576,0
19418,3.911391,1
19419,2.829358,0
19420,2.143086,0
19421,2.989629,0
19422,3.43219,0
19423,2.370773,0
19424,2.37525,0
19425,5.376946,0
19426,0.252761,1
19427,4.781673,0
19428,0.124988,1
19429,3.909691,1
19430,3.831467,1
19431,0.803475,1
19432,0.891537,0
19433,2.399209,1
19434,3.038223,1
19435,0.560563,0
19436,2.956175,0
19437,0.447465,1
19438,0.312286,1
19439,4.089845,0
19440,3.793862,0
19441,0.73726,1
19442,0.142852,0
19443,0.222515,1
19444,2.670746,0
19445,4.648217,0
19446,0.614586,0
19447,2.069301,1
19448,1.127894,1
19449,0.150283,1
19450,3.263416,0
19451,0.174448,1
19452,1.74729,0
19453,3.009134,0
19454,2.520239,0
19455,4.136565,0
19456,4.276861,0
19457,3.103771,1
19458,3.600948,1
19459,4.366274,0
19460,3.430135,0
19461,0.430065,1
19462,3.954977,0
19463,0.559516,0
19464,2.892365,1
19465,0.587681,1
19466,2.132276,0
19467,0.696961,0
19468,2.884648,0
19469,1.660003,1
19470,0.421549,1
19471,0.322689,0
19472,1.54466,0
19473,4.522258,0
19474,1.359676,1
19475,3.722693,0
19476,0.141453,1
19477,1.591901,0
19478,0.45834,0
19479,0.545086,1
19480,0.682455,1
19481,0.125567,1
19482,0.749236,1
19483,0.183939,1
19484,4.294057,0
19485,2.906967,1
19486,0.678572,0
19487,0.234623,1
19488,3.947508,0
19489,0.321142,0
19490,4.741967,1
19491,2.637883,1
19492,3.227128,0
19493,2.858314,0
19494,0.77031,1
19495,0.376383,1
19496,0.872456,1
19497,5.0519,0
19498,1.119405,0
19499,3.497455,0
19500,0.491724,0
19501,0.211605,0
19502,4.128376,0
19503,1.131996,1
19504,2.018922,0
19505,1.022177,0
19506,1.096041,1
19507,4.466992,0
19508,2.975424,0
19509,3.678675,0
19510,3.647947,0
19511,0.536197,0
19512,0.825337,1
19513,0.93291,0
19514,0.841694,1
19515,3.738881,1
19516,1.067444,1
19517,2.604048,0
19518,0.311018,0
19519,0.294441,1
19520,0.947368,0
19521,1.49872,1
19522,3.032229,0
19523,0.673833,1
19524,0.814371,0
19525,0.666146,0
19526,1.717939,1
19527,4.317441,0
19528,4.254695,0
19529,2.720368,1
19530,0.443484,0
19531,0.677266,1
19532,0.49755,0
19533,0.193181,1
19534,3.308763,0
19535,0.27519,1
19536,0.736711,1
19537,0.182545,1
19538,3.948044,0
19539,0.711987,1
19540,3.685784,0
19541,0.487145,0
19542,0.25732,1
19543,2.90372,0
19544,3.424503,1
19545,3.038195,0
19546,0.130782,0
19547,5.161616,0
19548,0.204542,1
19549,3.536609,0
19550,4.232948,0
19551,0.285782,1
19552,1.081663,0
19553,2.01557,1
19554,0.907864,0
19555,3.073615,1
19556,3.995548,0
19557,0.389125,1
19558,0.260066,1
19559,0.139427,0
19560,3.990474,0
19561,4.18742,0
19562,0.251989,0
19563,0.270511,1
19564,0.274362,0
19565,2.25796,0
19566,3.160258,0
19567,0.754914,1
19568,1.713078,0
19569,1.158945,1
19570,2.401016,1
19571,3.678376,0
19572,2.930861,0
19573,3.535891,0
19574,1.801116,1
19575,0.14335,1
19576,2.635216,0
19577,1.593807,1
19578,4.323793,0
19579,0.518449,1
19580,4.153024,1
19581,3.693317,0
19582,5.250883,1
19583,5.886408,0
19584,3.162509,0
19585,2.678067,0
19586,0.973614,1
19587,0.403028,1
19588,0.196841,1
19589,0.352446,0
19590,1.237062,1
19591,0.402148,1
19592,3.188442,1
19593,3.071967,1
19594,2.955308,0
19595,5.990521,1
19596,2.779991,0
19597,0.718052,1
19598,4.680202,0
19599,0.191899,1
19600,3.88382,0
19601,0.196344,1
19602,0.268953,1
19603,0.32868,1
19604,2.222599,1
19605,3.034163,0
19606,3.736132,0
19607,0.831192,1
19608,0.72989,1
19609,3.411778,1
19610,3.553416,0
19611,1.279967,1
19612,1.179783,0
19613,4.120704,1
19614,3.340408,0
19615,3.921463,0
19616,0.266024,1
19617,3.205828,1
19618,3.082528,0
19619,0.414586,1
19620,2.383046,0
19621,2.96951,1
19622,3.163157,1
19623,1.56315,1
19624,4.891596,0
19625,2.764145,0
19626,4.733777,0
19627,0.1363,1
19628,3.326514,1
19629,2.381886,0
19630,3.481087,0
19631,1.004005,1
19632,0.434116,0
19633,0.130162,1
19634,3.839707,0
19635,3.112794,0
19636,3.605097,0
19637,2.102946,0
19638,2.099201,1
19639,0.517098,1
19640,1.394693,0
19641,3.450788,0
19642,3.087724,0
19643,3.595699,1
19644,2.758214,0
19645,3.909821,1
19646,2.616519,0
19647,3.45499,1
19648,4.073033,1
19649,0.667997,1
19650,0.416471,0
19651,2.968464,1
19652,0.105993,1
19653,0.870494,1
19654,3.006793,0
19655,1.076008,1
19656,3.568922,1
19657,0.282174,0
19658,1.288558,0
19659,3.739188,0
19660,0.175486,1
19661,1.126248,1
19662,1.189325,1
19663,2.754125,0
19664,0.281262,0
19665,4.199739,0
19666,1.757459,0
19667,3.985001,0
19668,3.952389,0
19669,1.105241,0
19670,0.406633,0
19671,5.679482,0
19672,2.215335,1
19673,1.915056,0
19674,1.700752,1
19675,0.177893,0
19676,3.839224,0
19677,0.149025,1
19678,3.650871,1
19679,0.941587,0
19680,1.155338,0
19681,0.782323,0
19682,0.19352,1
19683,3.195724,0
19684,0.180247,1
19685,0.119772,0
19686,0.187233,1
19687,3.482578,0
19688,4.116882,0
19689,0.592751,0
19690,0.144988,1
19691,1.620352,1
19692,3.285139,0
19693,0.163482,0
19694,0.294246,0
19695,0.594673,1
19696,3.75609,1
19697,2.611286,0
19698,3.93308,0
19699,0.359838,1
19700,0.895079,1
19701,0.93118,0
19702,1.078451,1
19703,2.752758,0
19704,2.378265,0
19705,2.710821,0
19706,0.139588,1
19707,0.172032,1
19708,3.70018,0
19709,0.363347,0
19710,0.828917,1
19711,0.192181,1
19712,0.86942,1
19713,0.230002,1
19714,3.649371,0
19715,2.937903,0
19716,2.794893,0
19717,0.170948,1
19718,1.816963,1
19719,3.651185,0
19720,1.0883,0
19721,1.588226,1
19722,1.570637,0
19723,0.248654,0
19724,0.109648,0
19725,0.299022,1
19726,0.786287,1
19727,1.057204,0
19728,0.24364,1
19729,3.311328,0
19730,2.771613,0
19731,0.850848,1
19732,1.732854,1
19733,2.665559,0
19734,3.872725,0
19735,2.464716,1
19736,4.021756,0
19737,0.274349,1
19738,0.60223,1
19739,2.235746,1
19740,3.422318,0
19741,2.941644,0
19742,0.567478,0
19743,2.547433,0
19744,0.179856,0
19745,3.948865,1
19746,2.742896,0
19747,3.86111,0
19748,0.138256,1
19749,0.465541,0
19750,3.938303,0
19751,3.573935,0
19752,3.243243,0
19753,0.233334,1
19754,0.119043,1
19755,4.29934,0
19756,1.25832,1
19757,3.025104,1
19758,0.197308,1
19759,0.633593,1
19760,0.311957,1
19761,1.784317,1
19762,0.57281,0
19763,0.804668,0
19764,0.973458,0
19765,3.038595,0
19766,0.162213,1
19767,0.262718,1
19768,0.584442,0
19769,1.264835,1
19770,3.019923,0
19771,3.733284,0
19772,0.116678,0
19773,3.389806,0
19774,0.749689,0
19775,0.774707,0
19776,5.149198,1
19777,1.351534,1
19778,1.907935,0
19779,3.162744,0
19780,0.10802,1
19781,0.428392,1
19782,0.822771,0
19783,5.909075,0
19784,0.641448,0
19785,3.852692,0
19786,5.002098,1
19787,2.977339,0
19788,3.492593,0
19789,0.219365,1
19790,1.625327,0
19791,0.155137,1
19792,4.495008,0
19793,0.483213,1
19794,3.142723,0
19795,1.720482,0
19796,0.457611,0
19797,2.65745,1
19798,1.622511,1
19799,0.755876,0
19800,4.492056,1
19801,0.386047,0
19802,4.057019,1
19803,3.207028,0
19804,0.602926,0
19805,0.342452,1
19806,4.037302,0
19807,3.123766,0
19808,3.745786,0
19809,0.772887,0
19810,6.859716,0
19811,0.257143,0
19812,1.016811,1
19813,0.649767,0
19814,0.156477,1
19815,0.359912,1
19816,0.306012,1
19817,0.705271,1
19818,3.053762,0
19819,0.383692,1
19820,0.140592,1
19821,3.234674,0
19822,2.224321,0
19823,2.069528,1
19824,3.046699,0
19825,0.914438,1
19826,0.477314,0
19827,0.173901,0
19828,2.416043,0
19829,2.464086,0
19830,2.321316,0
19831,2.570635,0
19832,0.419726,1
19833,1.796977,1
19834,3.621532,1
19835,3.758506,0
19836,3.315151,0
19837,0.440179,1
19838,3.826092,0
19839,0.426448,0
19840,0.165039,1
19841,0.233989,0
19842,3.240141,1
19843,0.697256,0
19844,2.021244,1
19845,3.283016,0
19846,1.196406,1
19847,0.178585,1
19848,1.945331,0
19849,3.159761,0
19850,2.929473,1
19851,3.529279,0
19852,0.259394,0
19853,4.64947,0
19854,1.414208,1
19855,2.464989,0
19856,0.166347,1
19857,3.158909,0
19858,0.756097,0
19859,3.480709,0
19860,1.112833,0
19861,1.828891,0
19862,3.475758,0
19863,4.347661,0
19864,0.275599,0
19865,0.734397,1
19866,2.663134,1
19867,3.101093,1
19868,0.829929,1
19869,4.557099,1
19870,4.181085,0
19871,3.857964,1
19872,1.152633,1
19873,0.82189,1
19874,4.126408,0
19875,0.174148,1
19876,0.597454,0
19877,2.855374,0
19878,1.437868,0
19879,0.657471,1
19880,0.391393,1
19881,4.441437,0
19882,4.065085,1
19883,2.485986,0
19884,0.131442,0
19885,0.238754,1
19886,0.235581,1
19887,0.242386,1
19888,3.151962,0
19889,4.373666,1
19890,0.330701,1
19891,1.918462,1
19892,4.516262,1
19893,3.516934,0
19894,3.890196,0
19895,4.471392,1
19896,0.161503,1
19897,0.159003,0
19898,3.97621,0
19899,4.646619,0
19900,1.093949,1
19901,0.134446,0
19902,0.119919,1
19903,5.377212,1
19904,3.317349,0
19905,0.213884,1
19906,4.381892,0
19907,0.513553,1
19908,0.969896,1
19909,0.352549,1
19910,0.285484,0
19911,2.65114,0
19912,3.127333,0
19913,2.311472,0
19914,0.519047,0
19915,4.619835,0
19916,1.720378,0
19917,0.312907,0
19918,3.046645,1
19919,3.519189,0
19920,3.914787,0
19921,4.179329,0
19922,0.589704,1
19923,0.148424,1
19924,2.361785,0
19925,1.816167,0
19926,3.875674,1
19927,0.747741,1
19928,2.298345,1
19929,0.351126,0
19930,0.254033,1
19931,0.202703,1
19932,2.076267,1
19933,2.885735,0
19934,1.025675,0
19935,3.865393,0
19936,0.579722,1
19937,0.272815,1
19938,0.413293,0
19939,2.45515,0
19940,3.043407,0
19941,3.42347,0
19942,0.196408,0
19943,0.182413,1
19944,2.33476,1
19945,3.47281,1
19946,0.209188,0
19947,0.979631,0
19948,1.14639,0
19949,3.953461,0
19950,0.281305,0
19951,3.224045,1
19952,5.075976,1
19953,0.178731,1
19954,0.148859,1
19955,3.646174,1
19956,3.571483,0
19957,2.587638,0
19958,2.952041,0
19959,0.179138,0
19960,4.566197,0
19961,3.978981,0
19962,3.913382,0
19963,0.157447,1
19964,3.460006,1
19965,4.74352,0
19966,1.668803,1
19967,1.809158,0
19968,3.829737,0
19969,3.424154,1
19970,4.201461,0
19971,0.630609,1
19972,0.156763,1
19973,3.43671,0
19974,1.928284,1
19975,2.454666,1
19976,4.803472,0
19977,0.892478,1
19978,0.625746,0
19979,3.009677,0
19980,1.883333,0
19981,0.283948,0
19982,0.107394,0
19983,2.977993,0
19984,0.127956,1
19985,1.177526,1
19986,4.82927,1
19987,0.779751,1
19988,4.212396,0
19989,0.770658,1
19990,3.435292,1
19991,2.910796,0
19992,1.724086,0
19993,1.889508,1
19994,0.583838,0
19995,2.602813,1
19996,2.876401,0
19997,3.975579,0
19998,0.112268,0
19999,2.415786,1
20000,0.362211,0
20001,4.521603,1
20002,1.786268,0
20003,1.654086,1
20004,0.136904,1
20005,0.195122,0
20006,3.240813,1
20007,4.50673,1
20008,0.803583,1
20009,0.177419,1
20010,3.187122,0
20011,0.283481,0
20012,0.626573,1
20013,0.203034,1
20014,0.32335,1
20015,1.075715,1
20016,4.051637,0
20017,3.128239,0
20018,0.268537,0
20019,0.580243,1
20020,4.972196,0
20021,0.2048,1
20022,2.240239,0
20023,4.795444,0
20024,4.099777,1
20025,3.657067,0
20026,3.699038,0
20027,2.97389,1
20028,2.605994,0
20029,1.572873,1
20030,1.862128,1
20031,2.99085,0
20032,2.594408,1
20033,0.32554,0
20034,1.802843,1
20035,0.123671,1
20036,0.15358,1
20037,0.352379,0
20038,0.264027,1
20039,3.589152,1
20040,3.204321,0
20041,3.714223,0
20042,1.975254,0
20043,2.731341,0
20044,0.413513,0
20045,5.236456,1
20046,4.652055,1
20047,2.635988,0
20048,0.215245,1
20049,0.912847,1
20050,2.309918,0
20051,2.457148,1
20052,3.020215,1
20053,0.249979,1
20054,3.042647,0
20055,1.104228,1
20056,2.93319,1
20057,3.85771,1
20058,3.824435,1
20059,2.025235,0
20060,0.37348,0
20061,0.751076,1
20062,0.332099,0
20063,3.666134,1
20064,0.144189,0
20065,0.260628,0
20066,0.409612,1
20067,4.632889,0
20068,3.868848,0
20069,4.055822,0
20070,0.333448,0
20071,4.100088,0
20072,0.341503,1
20073,3.902771,0
20074,0.542776,1
20075,1.106433,1
20076,4.677564,0
20077,0.927021,1
20078,3.410763,0
20079,0.265473,1
20080,0.900714,0
20081,3.654503,0
20082,0.239737,1
20083,0.832172,1
20084,0.215788,0
20085,0.227796,1
20086,3.228738,0
20087,5.29947,0
20088,1.030522,1
20089,0.524974,0
20090,0.502091,1
20091,1.034452,1
20092,1.062532,1
20093,1.933221,0
20094,0.284506,1
20095,2.644832,1
20096,0.286269,1
20097,1.298619,0
20098,0.505223,0
20099,5.598567,1
20100,1.763255,0
20101,0.322381,1
20102,4.631847,0
20103,2.397976,0
20104,0.089318,0
20105,4.173989,0
20106,2.916167,0
20107,0.344282,0
20108,2.301832,0
20109,2.538867,0
20110,0.21861,1
20111,1.038857,0
20112,3.15261,1
20113,1.183313,0
20114,0.111796,1
20115,3.349336,0
20116,5.341231,0
20117,1.802774,0
20118,0.424949,1
20119,3.680269,0
20120,3.203424,1
20121,0.16596,0
20122,0.645305,1
20123,0.965082,1
20124,0.191292,1
20125,0.46747,1
20126,2.508959,0
20127,0.131782,1
20128,1.963851,1
20129,0.479662,1
20130,0.850144,1
20131,0.303223,1
20132,0.187885,1
20133,1.815102,0
20134,5.652582,1
20135,4.659708,1
20136,3.289831,1
20137,2.944849,0
20138,3.259684,1
20139,0.244368,1
20140,3.527611,0
20141,1.541323,0
20142,4.696584,0
20143,4.741857,1
20144,1.829542,0
20145,0.537507,0
20146,0.496064,1
20147,0.935975,1
20148,3.126145,0
20149,1.284233,0
20150,4.590456,0
20151,0.417103,1
20152,2.674556,0
20153,4.820747,1
20154,2.574651,1
20155,0.13406,1
20156,2.744829,0
20157,0.125395,0
20158,0.334396,1
20159,2.280878,0
20160,0.387718,1
20161,2.758709,0
20162,0.582561,0
20163,3.651552,0
20164,3.853472,0
20165,1.404522,1
20166,4.505789,0
20167,4.232089,0
20168,2.650037,1
20169,2.117154,1
20170,0.255862,0
20171,0.355028,1
20172,0.430925,0
20173,0.115675,1
20174,2.376012,0
20175,3.37158,0
20176,0.740479,1
20177,0.655825,1
20178,0.180003,0
20179,3.099526,0
20180,3.437483,0
20181,0.211402,0
20182,2.425133,1
20183,3.035329,1
20184,2.173751,1
20185,0.393867,1
20186,0.146075,0
20187,3.730079,0
20188,2.022312,0
20189,3.146097,1
20190,3.115324,1
20191,0.979927,1
20192,0.652791,0
20193,0.209006,1
20194,3.840124,0
20195,0.144285,1
20196,0.942477,1
20197,3.848112,1
20198,0.256963,0
20199,3.628053,0
20200,1.126276,0
20201,3.791275,1
20202,0.128869,0
20203,4.050133,1
20204,0.135929,1
20205,3.993443,0
20206,0.236427,0
20207,4.86027,0
20208,2.277504,0
20209,0.099921,1
20210,0.106984,0
20211,3.160599,1
20212,0.983733,0
20213,4.275633,1
20214,1.165391,1
20215,3.078989,0
20216,3.315554,0
20217,0.097672,1
20218,0.123227,0
20219,0.487372,1
20220,0.637987,1
20221,0.330387,0
20222,0.637254,1
20223,4.312343,0
20224,1.122997,1
20225,4.181765,1
20226,3.971485,0
20227,3.825235,0
20228,2.741675,0
20229,3.779539,1
20230,0.337445,1
20231,2.98704,0
20232,0.650852,0
20233,0.122762,1
20234,0.103174,1
20235,1.360632,1
20236,0.125685,0
20237,2.495584,0
20238,0.196459,1
20239,2.046028,0
20240,0.495021,0
20241,4.051971,1
20242,3.532293,0
20243,2.4059,0
20244,0.745624,1
20245,0.335824,0
20246,4.276489,0
20247,3.616991,1
20248,0.142003,1
20249,4.206352,1
20250,3.728959,0
20251,0.119233,0
20252,2.660502,1
20253,1.130376,1
20254,3.367436,1
20255,2.103616,1
20256,0.317986,1
20257,0.499688,1
20258,2.847231,0
20259,0.155433,0
20260,0.537102,1
20261,5.704951,1
20262,0.232403,0
20263,0.21068,1
20264,3.251067,1
20265,1.065362,1
20266,3.279497,0
20267,0.717708,1
20268,3.126905,1
20269,2.905705,1
20270,0.40392,0
20271,2.873518,0
20272,2.717204,0
20273,0.408687,1
20274,2.778341,1
20275,3.96808,0
20276,3.918012,0
20277,1.970215,0
20278,2.59491,1
20279,0.455997,0
20280,3.219508,0
20281,3.816469,0
20282,3.738584,0
20283,0.135758,1
20284,3.471592,0
20285,2.570247,0
20286,2.824144,0
20287,0.255154,1
20288,3.858983,0
20289,0.272349,0
20290,0.232135,1
20291,1.413551,1
20292,0.469583,1
20293,1.702499,1
20294,0.67783,0
20295,4.582821,0
20296,2.98246,1
20297,0.785074,1
20298,0.229496,0
20299,5.504501,0
20300,0.126044,0
20301,0.182745,0
20302,4.810802,1
20303,4.129065,0
20304,1.52425,0
20305,2.356568,1
20306,5.830801,0
20307,0.204715,0
20308,0.580415,1
20309,1.266353,1
20310,0.65346,0
20311,1.574129,0
20312,0.383819,1
20313,2.538309,0
20314,3.895267,1
20315,4.235879,0
20316,4.594089,0
20317,4.983733,1
20318,4.899289,0
20319,3.97453,1
20320,3.971755,0
20321,2.670176,0
20322,0.279053,1
20323,4.407808,0
20324,0.193557,1
20325,0.292156,0
20326,3.383319,0
20327,1.305912,1
20328,0.176536,0
20329,0.7569,0
20330,4.980927,1
20331,3.040947,1
20332,2.942751,0
20333,4.798733,0
20334,0.262387,1
20335,1.023389,1
20336,4.122606,0
20337,0.260998,1
20338,0.638533,1
20339,2.500169,0
20340,0.264874,1
20341,3.435664,0
20342,0.596791,0
20343,0.789425,1
20344,3.655996,0
20345,0.310748,0
20346,1.288352,0
20347,0.176215,1
20348,1.149355,1
20349,1.325233,0
20350,5.875907,0
20351,2.538255,1
20352,2.3179,1
20353,3.51604,0
20354,2.807244,1
20355,1.314777,0
20356,1.693504,0
20357,1.023022,0
20358,0.125524,1
20359,4.123324,1
20360,3.722021,0
20361,0.416531,1
20362,0.155419,0
20363,0.569613,1
20364,4.173858,0
20365,4.557331,1
20366,2.3861,0
20367,2.732806,1
20368,1.680161,0
20369,4.880148,0
20370,5.85788,1
20371,2.493322,1
20372,1.111645,1
20373,3.051342,0
20374,0.888996,1
20375,3.722127,0
20376,4.089693,0
20377,1.294987,0
20378,0.2392,0
20379,0.613487,1
20380,1.062464,0
20381,3.442204,0
20382,0.331676,1
20383,0.21213,0
20384,3.488237,1
20385,0.461353,0
20386,2.705242,0
20387,2.411307,1
20388,1.929761,1
20389,0.40676,1
20390,3.660698,0
20391,0.249557,0
20392,0.189876,1
20393,0.550278,0
20394,3.045485,0
20395,1.373858,0
20396,0.821741,1
20397,0.343916,0
20398,0.142133,1
20399,0.24194,0
20400,2.093559,1
20401,0.500762,0
20402,3.400814,0
20403,0.690138,0
20404,1.167213,1
20405,3.694557,0
20406,1.866509,1
20407,0.190269,1
20408,0.177049,1
20409,0.28718,1
20410,0.625134,0
20411,2.643375,0
20412,2.3791,0
20413,0.350128,1
20414,1.178872,1
20415,0.170492,0
20416,1.630365,0
20417,1.241298,1
20418,4.74181,1
20419,2.358684,1
20420,0.151626,0
20421,4.185151,0
20422,2.912002,0
20423,1.98932,0
20424,0.207777,1
20425,0.702782,1
20426,0.257921,1
20427,1.136958,0
20428,1.060313,0
20429,4.098897,0
20430,4.877874,0
20431,0.332801,1
20432,4.47863,1
20433,3.083015,1
20434,3.649283,1
20435,2.682974,0
20436,0.524611,1
20437,0.132643,0
20438,0.146654,1
20439,3.583811,0
20440,0.798437,0
20441,0.287839,1
20442,0.601022,0
20443,0.803666,0
20444,0.132458,1
20445,2.203128,1
20446,4.06929,0
20447,1.293522,1
20448,0.741919,0
20449,1.823375,1
20450,1.084216,0
20451,4.627362,0
20452,3.524491,0
20453,4.037005,0
20454,3.463797,1
20455,4.253087,1
20456,0.130664,0
20457,0.375528,1
20458,3.770692,0
20459,4.122643,0
20460,2.266378,0
20461,3.388831,0
20462,0.129455,0
20463,2.065694,1
20464,0.711952,1
20465,3.25252,1
20466,0.85158,0
20467,2.487288,0
20468,2.625164,0
20469,0.225546,0
20470,0.16575,1
20471,0.836245,1
20472,3.78003,0
20473,4.900497,0
20474,4.915455,1
20475,3.103323,0
20476,3.273061,1
20477,3.213688,0
20478,1.638105,0
20479,3.469173,1
20480,3.43628,0
20481,2.858069,1
20482,4.113199,0
20483,0.21186,1
20484,0.481167,0
20485,4.845568,0
20486,2.1776,0
20487,2.858528,0
20488,0.364471,1
20489,2.169826,0
20490,2.779088,0
20491,0.373081,0
20492,0.230896,1
20493,0.989238,1
20494,0.246536,1
20495,0.532009,1
20496,1.06354,1
20497,0.40656,1
20498,3.654089,1
20499,0.164898,1
20500,0.486545,1
20501,0.74374,0
20502,3.775749,0
20503,2.560868,0
20504,2.618979,0
20505,4.017884,0
20506,0.301796,1
20507,0.773114,1
20508,0.53021,0
20509,1.133233,0
20510,1.46801,1
20511,0.337626,1
20512,0.191225,1
20513,0.409734,1
20514,1.309955,1
20515,0.263522,1
20516,3.636882,0
20517,0.617498,0
20518,2.098763,1
20519,0.159777,1
20520,0.818636,1
20521,3.33726,0
20522,0.736808,0
20523,0.124626,1
20524,3.989375,1
20525,2.383555,1
20526,3.699481,0
20527,0.372962,1
20528,2.478629,1
20529,4.531423,1
20530,1.502879,1
20531,0.167381,0
20532,3.477666,1
20533,0.208108,1
20534,4.803989,0
20535,1.634344,0
20536,3.490857,0
20537,0.138316,0
20538,0.125879,0
20539,4.550838,1
20540,3.967442,1
20541,3.073677,1
20542,3.364111,1
20543,0.158481,0
20544,0.188935,1
20545,3.853894,0
20546,2.497545,0
20547,1.948967,0
20548,3.501072,0
20549,4.039338,1
20550,0.469548,1
20551,0.131358,1
20552,2.474536,0
20553,3.072083,0
20554,0.121639,0
20555,1.532131,0
20556,0.138521,0
20557,0.250441,0
20558,0.130449,1
20559,3.985408,0
20560,2.904696,1
20561,0.195872,1
20562,0.164827,1
20563,2.351767,0
20564,0.162605,0
20565,0.668749,0
20566,3.340387,0
20567,2.387632,0
20568,3.676146,1
20569,3.007094,0
20570,0.187242,1
20571,3.281694,0
20572,0.448173,0
20573,3.382653,0
20574,0.66907,1
20575,0.916522,0
20576,0.19485,1
20577,2.867194,1
20578,3.841132,1
20579,3.357719,1
20580,1.081669,1
20581,0.350647,1
20582,3.695344,0
20583,2.948659,0
20584,0.221116,0
20585,0.435272,1
20586,1.107375,0
20587,1.026515,1
20588,1.432048,0
20589,3.283604,0
20590,3.838445,0
20591,0.130809,1
20592,0.36154,1
20593,1.795817,0
20594,2.100992,1
20595,2.898453,1
20596,0.273888,0
20597,0.771678,0
20598,0.264719,1
20599,0.333633,0
20600,3.933945,0
20601,0.470688,1
20602,0.254455,1
20603,0.625141,1
20604,3.766251,0
20605,1.683149,0
20606,2.961231,0
20607,3.706243,0
20608,2.12592,1
20609,3.378737,0
20610,0.842876,1
20611,0.203253,1
20612,3.653487,0
20613,0.479146,1
20614,3.906522,1
20615,0.130478,1
20616,0.161917,1
20617,2.641791,0
20618,2.4748,0
20619,4.340973,1
20620,6.134979,0
20621,0.14217,1
20622,3.15329,0
20623,3.81058,0
20624,0.408687,1
20625,0.288322,1
20626,4.120674,0
20627,0.189017,1
20628,1.709912,1
20629,0.280612,1
20630,0.807819,1
20631,0.195538,1
20632,0.145266,0
20633,3.547333,0
20634,2.852888,0
20635,0.183975,1
20636,1.25806,1
20637,0.501624,1
20638,0.204971,1
20639,0.15522,1
20640,1.076867,1
20641,2.368458,1
20642,4.9771,0
20643,1.459412,1
20644,0.97424,1
20645,3.738587,1
20646,1.211112,0
20647,2.955777,0
20648,3.096819,1
20649,0.306694,0
20650,2.204522,0
20651,1.561522,1
20652,1.768967,1
20653,0.960351,0
20654,0.20664,1
20655,1.610312,1
20656,0.412303,0
20657,0.151313,0
20658,5.118747,1
20659,0.082708,1
20660,1.525516,1
20661,4.439953,0
20662,0.209529,0
20663,2.848718,0
20664,3.945162,1
20665,0.968639,1
20666,0.124245,0
20667,0.181485,0
20668,0.174683,0
20669,3.582385,1
20670,4.230171,0
20671,2.283939,0
20672,0.394289,1
20673,1.775722,0
20674,0.666169,0
20675,0.42177,1
20676,0.26751,1
20677,3.783406,0
20678,0.110843,1
20679,4.799879,1
20680,0.691373,1
20681,0.452068,0
20682,0.078195,1
20683,4.282517,0
20684,4.508407,0
20685,0.661138,0
20686,4.14224,0
20687,0.194675,1
20688,4.114806,0
20689,2.857909,0
20690,3.032109,0
20691,0.428679,0
20692,2.761036,1
20693,4.014052,1
20694,0.506617,0
20695,0.236761,0
20696,0.790698,1
20697,0.327526,0
20698,2.170845,0
20699,3.917125,0
20700,3.364854,0
20701,0.446327,1
20702,0.771661,1
20703,0.372427,1
20704,2.510719,1
20705,0.114171,1
20706,0.481721,1
20707,3.513576,0
20708,0.828614,0
20709,3.458021,1
20710,3.923395,0
20711,0.166815,1
20712,0.28573,1
20713,0.264913,0
20714,4.947972,0
20715,1.268219,0
20716,0.771907,1
20717,0.445947,0
20718,1.383553,1
20719,3.034961,0
20720,1.00935,0
20721,2.849713,0
20722,0.115749,0
20723,2.762668,1
20724,0.154833,1
20725,0.665961,1
20726,2.898535,1
20727,0.5194,0
20728,3.438828,0
20729,3.618515,1
20730,3.615441,0
20731,1.417048,1
20732,0.54102,1
20733,0.616963,1
20734,3.676463,0
20735,0.172508,1
20736,1.325013,0
20737,3.389464,0
20738,4.91119,0
20739,0.816671,0
20740,4.121816,0
20741,0.132725,1
20742,4.426762,1
20743,0.113725,1
20744,0.77088,0
20745,2.433894,0
20746,2.016759,0
20747,0.231051,1
20748,0.522908,0
20749,4.286211,1
20750,1.524177,0
20751,0.195505,1
20752,0.30385,0
20753,4.570796,0
20754,3.104903,1
20755,4.253702,0
20756,3.747379,0
20757,0.829043,1
20758,3.654205,0
20759,1.673181,0
20760,1.479467,1
20761,0.374202,0
20762,0.267427,0
20763,2.743185,0
20764,4.57429,0
20765,0.464658,1
20766,0.309191,0
20767,0.134175,1
20768,4.231248,1
20769,3.379896,0
20770,4.309452,0
20771,0.516573,1
20772,0.330186,1
20773,2.415156,1
20774,2.825901,0
20775,0.636078,0
20776,3.371464,1
20777,3.192726,0
20778,2.684666,1
20779,0.419561,0
20780,0.912803,1
20781,4.439112,1
20782,0.291314,1
20783,3.62911,0
20784,0.180115,1
20785,4.40583,0
20786,1.019337,0
20787,0.736368,1
20788,0.274716,1
20789,0.512191,1
20790,0.195594,0
20791,0.688371,1
20792,5.399903,1
20793,3.304669,1
20794,0.246415,1
20795,2.871555,0
20796,3.839113,0
20797,1.974627,0
20798,2.376634,1
20799,0.336554,0
20800,0.162508,0
20801,0.175974,0
20802,1.383899,1
20803,0.977671,1
20804,3.765256,0
20805,4.263924,1
20806,5.084955,1
20807,3.414501,0
20808,1.757306,0
20809,0.913218,1
20810,0.686146,1
20811,3.720965,1
20812,3.998829,0
20813,1.646731,1
20814,1.19498,1
20815,3.757355,1
20816,0.719068,1
20817,0.485039,1
20818,0.69236,1
20819,0.276452,1
20820,1.274214,1
20821,3.049882,0
20822,0.231325,1
20823,4.774765,0
20824,0.131049,0
20825,3.051126,0
20826,4.341448,0
20827,0.465201,0
20828,0.686781,1
20829,0.185807,0
20830,0.36255,1
20831,5.495751,0
20832,2.094018,0
20833,0.725792,0
20834,4.433758,0
20835,3.002221,0
20836,2.707496,1
20837,1.898535,0
20838,2.876881,0
20839,2.716526,1
20840,0.382074,1
20841,0.117565,1
20842,0.385199,1
20843,4.902998,0
20844,4.906399,0
20845,3.967078,0
20846,0.12645,0
20847,0.098042,1
20848,1.680015,0
20849,1.43756,1
20850,2.475137,0
20851,0.240461,1
20852,5.172071,0
20853,0.13966,0
20854,1.149492,0
20855,0.571246,1
20856,0.171267,0
20857,3.731089,0
20858,0.468562,0
20859,3.670658,0
20860,2.388883,0
20861,0.456148,1
20862,1.124947,1
20863,0.160563,0
20864,3.534923,0
20865,0.761444,0
20866,4.449012,1
20867,1.436042,1
20868,4.455141,1
20869,0.145989,1
20870,0.689497,0
20871,0.500999,0
20872,4.012092,0
20873,4.292612,0
20874,0.353314,0
20875,3.321676,0
20876,2.065133,0
20877,0.853904,0
20878,0.407743,1
20879,0.366139,1
20880,3.694926,0
20881,0.289396,1
20882,0.16775,0
20883,2.161397,0
20884,0.096535,0
20885,3.57779,0
20886,2.225612,1
20887,2.623339,0
20888,0.891383,0
20889,4.735831,0
20890,0.198938,0
20891,4.996315,0
20892,0.327295,1
20893,1.047252,0
20894,0.70318,1
20895,4.006411,0
20896,0.275655,1
20897,0.828541,0
20898,3.035362,1
20899,3.495849,0
20900,3.657893,0
20901,1.902825,0
20902,3.234319,0
20903,1.84544,1
20904,3.346224,1
20905,2.808822,0
20906,4.037651,1
20907,0.105593,0
20908,1.781883,0
20909,4.253167,1
20910,3.445187,0
20911,0.460987,1
20912,0.653888,0
20913,4.983072,0
20914,0.456462,0
20915,0.723003,1
20916,4.014197,1
20917,0.103344,1
20918,0.514498,1
20919,1.618152,1
20920,1.571012,1
20921,0.194739,0
20922,0.862271,0
20923,1.732677,1
20924,0.414706,1
20925,3.851952,1
20926,0.33321,0
20927,3.845639,0
20928,2.854699,0
20929,0.435833,1
20930,0.115898,1
20931,2.766227,0
20932,3.316147,1
20933,4.027836,1
20934,1.140608,1
20935,3.12815,0
20936,0.18225,1
20937,0.163253,1
20938,5.004566,1
20939,0.157925,0
20940,0.353656,1
20941,0.150565,1
20942,0.200801,1
20943,4.374177,0
20944,1.338653,1
20945,0.231205,1
20946,3.946318,0
20947,1.653618,0
20948,0.315616,1
20949,3.123764,0
20950,4.932687,0
20951,2.541167,1
20952,4.623703,0
20953,3.511984,0
20954,0.592153,1
20955,0.328456,0
20956,0.145272,1
20957,1.306977,0
20958,0.124222,1
20959,2.329273,0
20960,5.161547,1
20961,0.836314,0
20962,1.918645,0
20963,2.980283,0
20964,2.104206,1
20965,5.342683,0
20966,0.31384,0
20967,0.23618,0
20968,0.116205,0
20969,0.553399,0
20970,4.953192,0
20971,3.395611,1
20972,1.099398,0
20973,0.616205,1
20974,0.823635,0
20975,0.153318,0
20976,3.037948,0
20977,0.552164,1
20978,5.122773,0
20979,1.484894,1
20980,0.292648,0
20981,2.296641,1
20982,1.61857,1
20983,1.920138,0
20984,0.976712,0
20985,0.192282,1
20986,4.669539,0
20987,4.791131,0
20988,0.161757,1
20989,4.441185,0
20990,0.579592,0
20991,2.096621,1
20992,0.997049,1
20993,2.471734,1
20994,4.495934,1
20995,0.246741,0
20996,0.907615,1
20997,2.59617,0
20998,3.972061,0
20999,4.193876,0
21000,2.824647,0
21001,0.344806,0
21002,0.208139,0
21003,3.709501,0
21004,0.470264,1
21005,0.321127,1
21006,2.350251,0
21007,0.146468,0
21008,4.341625,1
21009,3.866419,0
21010,3.510328,0
21011,1.05235,1
21012,2.109303,0
21013,4.165185,0
21014,3.547704,0
21015,2.806532,0
21016,0.160642,0
21017,0.252702,1
21018,1.778063,0
21019,3.55956,0
21020,0.195589,1
21021,0.140971,0
21022,3.401137,1
21023,1.545515,1
21024,3.786299,0
21025,5.470141,1
21026,0.377394,1
21027,1.958232,1
21028,0.228347,1
21029,0.814704,1
21030,3.477659,1
21031,0.187636,0
21032,2.873219,1
21033,3.209673,0
21034,3.120817,0
21035,1.411143,1
21036,0.275348,0
21037,0.371431,0
21038,0.459006,0
21039,0.389122,0
21040,3.939659,0
21041,0.13508,1
21042,3.903641,1
21043,0.691944,0
21044,2.63329,0
21045,0.593783,0
21046,5.707479,0
21047,0.144448,1
21048,3.457993,1
21049,0.189421,0
21050,3.247409,0
21051,0.161558,1
21052,0.142095,0
21053,0.196221,1
21054,0.181689,1
21055,1.016151,0
21056,3.457009,0
21057,0.680309,1
21058,1.083913,1
21059,3.376361,1
21060,3.568215,0
21061,4.210344,0
21062,0.957264,0
21063,0.31556,1
21064,4.668641,0
21065,4.202847,0
21066,3.064571,0
21067,2.794364,1
21068,3.13657,1
21069,0.142271,0
21070,2.846797,0
21071,4.283315,0
21072,4.376858,0
21073,4.461113,0
21074,2.130275,1
21075,0.323071,1
21076,4.004463,0
21077,0.363149,0
21078,1.985629,0
21079,0.2704,0
21080,4.382793,0
21081,0.601981,0
21082,0.502358,1
21083,4.124717,0
21084,0.138814,1
21085,0.209577,0
21086,2.521098,0
21087,0.485637,1
21088,4.671624,1
21089,3.076943,0
21090,2.517306,1
21091,2.11364,1
21092,0.285015,1
21093,0.249589,0
21094,3.088159,1
21095,4.424201,1
21096,0.392594,1
21097,3.67926,0
21098,0.204736,1
21099,5.324014,0
21100,0.510336,1
21101,4.92126,0
21102,3.943815,0
21103,2.795781,0
21104,2.91373,0
21105,0.577884,0
21106,3.988188,1
21107,4.064543,0
21108,3.152531,0
21109,0.53576,1
21110,4.116356,0
21111,1.537785,1
21112,0.176691,1
21113,0.162684,1
21114,1.123367,0
21115,0.313033,1
21116,0.989048,0
21117,1.967029,1
21118,0.441434,0
21119,4.060369,1
21120,0.793064,0
21121,4.15818,1
21122,2.162823,1
21123,1.629265,1
21124,0.444469,0
21125,4.73068,0
21126,3.807166,1
21127,0.776575,1
21128,4.853413,1
21129,2.136517,0
21130,0.165925,1
21131,0.504801,1
21132,0.125389,1
21133,3.513317,0
21134,0.180586,0
21135,0.151886,1
21136,0.38797,1
21137,0.487516,1
21138,3.374681,0
21139,0.229217,1
21140,2.328011,0
21141,3.029947,1
21142,0.349112,1
21143,2.232059,1
21144,1.045272,0
21145,0.321519,1
21146,3.362725,1
21147,3.629647,0
21148,3.663988,1
21149,0.478745,0
21150,0.120331,1
21151,3.335446,0
21152,1.171715,1
21153,2.492641,0
21154,3.578839,0
21155,2.648573,1
21156,3.982421,0
21157,4.601996,0
21158,0.091569,1
21159,0.79455,1
21160,0.854513,0
21161,5.038215,0
21162,1.789464,1
21163,0.352752,0
21164,0.451496,0
21165,3.038981,0
21166,3.228574,0
21167,3.795626,0
21168,0.999014,1
21169,0.562371,1
21170,2.971014,0
21171,0.785997,0
21172,0.509419,1
21173,2.625602,0
21174,2.514599,0
21175,2.482355,0
21176,0.443339,1
21177,0.81087,1
21178,4.111234,0
21179,2.694174,0
21180,2.361072,1
21181,0.390008,1
21182,0.128356,1
21183,1.077806,1
21184,4.272205,1
21185,0.620901,1
21186,4.445247,0
21187,3.152902,1
21188,3.281599,1
21189,2.616533,1
21190,0.393807,1
21191,1.708255,1
21192,2.637652,0
21193,0.322258,1
21194,0.262773,1
21195,3.291812,0
21196,0.265922,1
21197,0.162746,0
21198,0.317165,0
21199,4.105171,0
21200,3.730778,0
21201,1.059987,1
21202,2.18592,0
21203,4.830254,0
21204,0.345168,0
21205,2.995282,0
21206,0.473705,0
21207,1.053618,1
21208,1.189157,1
21209,2.744868,0
21210,1.640624,1
21211,3.009543,0
21212,2.833812,0
21213,0.460368,1
21214,3.409312,1
21215,4.172812,0
21216,3.846613,0
21217,1.748549,1
21218,0.241921,1
21219,0.633318,1
21220,0.109075,1
21221,3.016845,0
21222,0.631772,1
21223,3.030247,1
21224,4.009839,0
21225,5.729004,1
21226,2.5918,0
21227,0.299445,1
21228,3.873154,0
21229,3.402994,1
21230,0.20854,0
21231,3.230352,1
21232,3.135431,0
21233,0.57515,0
21234,3.849074,0
21235,2.222771,1
21236,3.524672,0
21237,3.034326,0
21238,0.528928,0
21239,1.965514,1
21240,0.709224,1
21241,0.407772,0
21242,0.196351,1
21243,2.377315,1
21244,0.752923,0
21245,1.061581,1
21246,0.472799,0
21247,0.136164,0
21248,1.095921,0
21249,0.924327,0
21250,0.416922,0
21251,4.630587,1
21252,0.321784,0
21253,2.610627,0
21254,4.991135,0
21255,3.633087,1
21256,4.26088,0
21257,1.725187,0
21258,5.298931,1
21259,2.242275,0
21260,2.780785,0
21261,6.591197,1
21262,0.360283,1
21263,1.130281,1
21264,4.19642,0
21265,0.211031,1
21266,1.325558,1
21267,0.200842,1
21268,3.121237,1
21269,2.183305,0
21270,0.51959,0
21271,3.664187,0
21272,1.090081,0
21273,3.620079,0
21274,0.25765,1
21275,0.517282,1
21276,0.998907,1
21277,2.220795,0
21278,1.220503,1
21279,0.175479,0
21280,3.064112,0
21281,0.937578,1
21282,0.873783,0
21283,0.862187,0
21284,4.42379,1
21285,4.473946,0
21286,2.159818,1
21287,0.179512,1
21288,0.140709,1
21289,0.459218,1
21290,1.801562,0
21291,3.424033,0
21292,3.1982,1
21293,1.449993,0
21294,0.438089,1
21295,1.277166,1
21296,0.283414,1
21297,0.215957,1
21298,4.63641,0
21299,0.921139,0
21300,5.246918,1
21301,3.829496,1
21302,0.211619,1
21303,3.466147,0
21304,0.323582,1
21305,1.847638,0
21306,0.496589,1
21307,4.023959,0
21308,2.364616,1
21309,3.609199,1
21310,4.056208,1
21311,0.725319,1
21312,0.441505,1
21313,1.167789,1
21314,4.257408,0
21315,0.303416,1
21316,3.030264,0
21317,2.994948,1
21318,3.451251,0
21319,4.179348,0
21320,3.363425,0
21321,1.506135,1
21322,3.960434,0
21323,0.377357,0
21324,0.44591,0
21325,2.871056,0
21326,0.249351,1
21327,0.179546,1
21328,2.716,1
21329,2.831128,0
21330,3.357533,1
21331,2.865288,1
21332,4.958397,1
21333,1.473248,1
21334,1.259305,1
21335,0.656389,0
21336,4.396082,0
21337,0.948084,1
21338,0.267312,1
21339,2.812986,0
21340,1.071386,0
21341,3.011265,0
21342,0.831821,1
21343,0.939556,0
21344,4.559935,1
21345,0.439809,0
21346,4.059344,0
21347,0.13836,1
21348,2.165862,1
21349,2.999225,0
21350,3.975731,0
21351,3.357286,0
21352,0.271966,0
21353,2.050912,0
21354,2.642238,1
21355,0.21818,1
21356,0.240742,1
21357,3.305651,0
21358,0.216031,0
21359,1.193518,0
21360,0.159895,0
21361,2.41967,0
21362,0.377491,1
21363,0.5499,1
21364,1.609267,0
21365,0.46141,0
21366,2.791511,0
21367,3.062657,0
21368,5.206508,1
21369,2.145057,1
21370,4.558932,0
21371,3.425962,0
21372,4.564506,1
21373,1.103892,1
21374,0.180175,1
21375,2.231475,1
21376,0.567875,0
21377,4.274483,1
21378,0.883095,1
21379,4.041611,0
21380,0.173812,1
21381,2.560549,1
21382,4.418341,0
21383,3.770848,0
21384,1.288926,1
21385,2.873792,1
21386,0.35357,0
21387,2.707056,1
21388,3.745137,0
21389,0.252453,0
21390,0.176036,1
21391,1.931877,1
21392,3.638003,0
21393,3.859225,0
21394,3.76425,0
21395,0.550948,1
21396,0.232261,1
21397,0.136676,0
21398,2.814312,0
21399,0.742319,0
21400,0.407159,0
21401,0.22598,1
21402,0.318457,1
21403,5.177333,0
21404,3.47795,0
21405,4.325439,0
21406,3.764537,1
21407,0.329406,1
21408,0.35208,0
21409,3.3932,0
21410,0.609428,1
21411,0.359679,1
21412,3.801667,1
21413,3.526904,0
21414,0.15424,1
21415,5.171246,0
21416,1.723424,1
21417,0.307415,1
21418,2.795686,0
21419,2.608572,0
21420,3.797451,0
21421,3.481402,0
21422,0.206433,0
21423,0.591183,0
21424,3.377225,0
21425,1.677018,1
21426,0.076022,0
21427,1.219514,1
21428,1.223655,0
21429,0.148883,1
21430,0.090293,1
21431,2.856247,0
21432,4.263638,0
21433,2.769041,0
21434,2.470532,0
21435,0.361721,1
21436,3.457508,1
21437,0.198049,1
21438,3.552154,0
21439,1.092473,1
21440,0.285223,0
21441,0.696542,0
21442,4.512743,0
21443,3.691367,0
21444,3.886767,1
21445,0.459197,1
21446,3.878747,0
21447,0.522792,0
21448,0.125584,1
21449,1.135804,0
21450,1.87909,1
21451,2.724816,0
21452,0.214917,1
21453,3.694975,1
21454,4.18348,0
21455,3.512084,0
21456,0.392269,0
21457,3.915645,0
21458,3.04528,0
21459,3.217688,1
21460,3.602468,0
21461,0.916566,0
21462,2.003003,1
21463,3.843723,0
21464,0.210397,0
21465,3.427717,0
21466,0.511418,0
21467,0.18222,1
21468,0.801525,1
21469,0.486564,1
21470,0.288388,1
21471,2.344368,1
21472,3.077999,0
21473,3.100974,0
21474,3.763822,1
21475,0.773823,0
21476,1.784388,0
21477,0.505722,0
21478,0.294982,1
21479,0.141106,0
21480,3.766461,1
21481,0.910136,0
21482,3.486721,0
21483,1.469797,1
21484,2.876253,0
21485,2.260324,0
21486,2.67616,0
21487,0.861852,0
21488,0.383233,1
21489,0.097791,1
21490,2.501153,0
21491,0.169233,0
21492,4.382867,0
21493,4.445982,1
21494,2.369603,0
21495,0.751885,0
21496,3.132877,0
21497,0.11698,0
21498,1.966211,0
21499,2.413332,0
21500,0.276464,1
21501,0.42359,0
21502,0.151083,1
21503,0.416045,1
21504,3.679202,0
21505,0.222648,0
21506,3.248705,1
21507,1.337087,1
21508,4.109061,0
21509,1.120131,0
21510,0.692517,1
21511,0.251982,0
21512,2.54695,0
21513,0.137832,0
21514,0.082886,1
21515,0.134143,0
21516,0.418099,1
21517,0.185704,0
21518,3.84821,1
21519,3.502926,0
21520,0.124953,0
21521,4.333313,1
21522,3.539435,1
21523,0.217149,0
21524,0.219843,0
21525,0.544458,1
21526,0.76234,1
21527,0.152405,0
21528,1.727345,1
21529,0.208095,0
21530,4.198472,0
21531,2.006367,0
21532,3.232719,0
21533,0.57523,1
21534,3.700342,0
21535,0.191708,1
21536,0.164521,1
21537,1.675117,1
21538,0.263573,0
21539,0.37071,1
21540,0.643621,0
21541,0.2417,1
21542,1.695047,0
21543,5.615557,1
21544,2.558563,0
21545,3.438015,0
21546,0.842582,1
21547,3.893695,0
21548,4.907381,1
21549,0.54439,1
21550,2.193079,1
21551,0.555748,1
21552,3.995882,0
21553,3.789681,0
21554,3.865173,1
21555,0.287103,0
21556,2.146175,1
21557,3.295245,1
21558,0.409273,1
21559,0.142635,1
21560,0.320547,1
21561,0.145353,0
21562,3.799624,0
21563,5.959939,1
21564,0.310982,1
21565,0.134797,1
21566,0.892586,0
21567,1.418237,1
21568,1.11331,1
21569,1.645825,0
21570,1.841017,0
21571,3.24956,0
21572,4.826236,1
21573,1.348997,1
21574,3.833952,0
21575,2.830998,0
21576,0.188222,1
21577,2.982778,0
21578,3.275427,0
21579,0.349893,1
21580,0.495747,0
21581,1.122908,1
21582,2.118182,1
21583,4.826509,0
21584,2.021374,0
21585,1.826938,1
21586,2.398214,0
21587,1.256447,0
21588,1.754296,0
21589,2.589797,0
21590,0.164446,0
21591,0.928406,1
21592,3.352704,1
21593,0.500568,1
21594,0.281693,0
21595,2.238421,1
21596,2.666174,1
21597,0.861891,1
21598,3.263552,1
21599,0.298025,0
21600,0.365103,1
21601,3.223442,0
21602,0.196142,1
21603,0.256707,1
21604,2.553078,0
21605,4.223347,0
21606,0.373839,1
21607,0.160645,1
21608,0.138989,1
21609,2.020907,1
21610,3.410019,1
21611,2.683838,1
21612,4.312718,0
21613,3.102178,0
21614,0.589336,1
21615,0.812208,0
21616,4.359072,0
21617,2.957313,1
21618,0.413761,0
21619,0.307517,0
21620,3.63824,0
21621,0.223398,0
21622,0.25386,0
21623,1.734075,0
21624,3.950575,0
21625,3.972519,1
21626,4.041705,0
21627,3.6751,0
21628,0.085673,1
21629,1.646462,0
21630,0.109793,0
21631,1.669715,1
21632,1.637429,0
21633,0.194369,1
21634,1.34717,1
21635,0.188828,1
21636,5.703897,0
21637,0.20695,0
21638,0.189294,1
21639,2.371478,1
21640,4.678554,0
21641,0.886939,1
21642,1.805883,0
21643,0.387352,0
21644,0.144614,0
21645,0.815652,0
21646,0.899007,1
21647,3.360771,0
21648,0.583455,0
21649,0.295805,1
21650,0.937555,1
21651,0.815581,1
21652,0.541136,0
21653,3.320892,0
21654,0.259354,1
21655,0.909238,0
21656,0.165386,0
21657,3.08377,1
21658,2.425773,1
21659,1.024757,0
21660,0.952571,0
21661,3.274745,1
21662,3.580703,0
21663,2.734073,0
21664,0.880144,1
21665,0.410667,1
21666,0.134116,0
21667,0.179472,0
21668,0.596415,0
21669,3.447407,1
21670,2.532502,0
21671,1.133045,0
21672,0.141761,0
21673,0.136103,1
21674,3.081136,1
21675,1.245146,1
21676,5.326554,0
21677,4.190376,0
21678,0.193948,1
21679,0.255292,1
21680,3.653272,0
21681,0.176694,0
21682,1.978755,0
21683,0.144277,1
21684,0.353172,1
21685,0.221988,1
21686,1.792185,0
21687,1.663489,1
21688,3.964458,1
21689,2.891042,1
21690,1.969148,1
21691,2.911898,1
21692,0.545215,1
21693,1.973696,1
21694,3.491846,0
21695,1.045833,1
21696,0.806277,1
21697,2.733352,0
21698,5.015869,1
21699,0.964258,1
21700,3.592526,0
21701,0.552362,0
21702,1.065107,1
21703,2.460691,1
21704,3.289853,0
21705,0.917199,0
21706,2.920466,0
21707,5.543028,0
21708,2.485283,0
21709,3.09865,0
21710,0.274346,0
21711,3.644486,1
21712,3.261589,0
21713,6.048482,0
21714,3.722646,1
21715,2.994525,0
21716,2.645332,1
21717,4.051671,0
21718,0.285275,0
21719,2.688315,0
21720,0.696619,0
21721,3.522272,0
21722,3.856668,0
21723,3.66873,1
21724,1.019463,1
21725,3.883884,0
21726,0.192197,1
21727,0.437158,1
21728,0.579273,0
21729,0.8694,0
21730,0.990275,0
21731,0.304673,1
21732,0.340491,1
21733,0.838675,1
21734,3.414669,0
21735,0.308059,1
21736,3.888837,0
21737,0.403719,0
21738,2.220184,0
21739,4.771991,0
21740,0.166931,0
21741,0.494476,0
21742,2.889224,0
21743,0.361639,0
21744,2.93466,1
21745,2.407654,0
21746,1.048377,0
21747,0.215487,0
21748,2.777272,1
21749,3.659685,1
21750,0.549055,0
21751,4.275596,0
21752,1.982012,0
21753,0.416408,0
21754,2.607962,0
21755,0.818837,1
21756,1.217706,1
21757,1.161556,1
21758,2.221367,0
21759,4.668855,1
21760,3.750508,1
21761,0.072562,1
21762,3.710865,1
21763,4.167206,1
21764,3.800713,0
21765,5.474902,1
21766,4.013125,0
21767,0.576645,0
21768,3.63089,0
21769,2.900884,1
21770,2.292128,0
21771,2.751537,1
21772,2.713763,0
21773,5.784786,0
21774,3.85387,1
21775,3.345612,0
21776,0.619393,1
21777,4.841858,1
21778,1.281036,0
21779,3.939177,0
21780,0.790705,0
21781,0.25107,1
21782,2.647917,0
21783,0.263087,0
21784,0.396872,1
21785,3.08286,1
21786,1.834428,1
21787,0.583255,1
21788,3.387243,1
21789,2.581559,0
21790,0.524555,1
21791,2.696448,0
21792,5.873838,0
21793,3.183019,0
21794,0.450652,1
21795,4.327421,0
21796,4.485956,1
21797,0.201847,1
21798,0.328026,0
21799,2.852658,0
21800,2.700409,0
21801,0.4995,1
21802,0.176862,0
21803,0.199527,1
21804,2.588593,0
21805,3.272659,0
21806,0.137681,0
21807,1.407814,1
21808,0.222413,0
21809,3.834362,0
21810,1.11973,1
21811,2.785589,0
21812,3.071681,0
21813,3.323935,0
21814,4.344712,0
21815,4.590978,1
21816,0.203689,0
21817,5.040093,0
21818,3.756272,0
21819,4.664732,0
21820,0.144301,0
21821,0.267503,0
21822,3.864602,0
21823,4.36405,0
21824,2.394778,0
21825,0.230713,1
21826,0.477262,1
21827,3.534348,0
21828,0.564111,1
21829,0.61595,1
21830,0.218565,1
21831,0.272528,1
21832,0.142393,1
21833,1.687169,1
21834,0.185187,0
21835,5.132119,1
21836,0.818364,0
21837,2.170818,0
21838,4.556385,1
21839,0.231845,1
21840,5.149405,0
21841,4.782359,1
21842,0.769858,0
21843,0.718367,0
21844,0.363082,0
21845,3.456322,0
21846,2.673545,1
21847,3.494913,1
21848,3.810557,0
21849,6.171517,1
21850,0.647385,0
21851,3.954688,0
21852,0.422058,1
21853,0.206133,1
21854,4.135167,0
21855,2.425041,0
21856,3.421888,0
21857,2.873264,1
21858,3.869009,0
21859,0.607909,0
21860,4.210577,1
21861,0.404759,0
21862,0.173707,1
21863,3.40597,0
21864,2.912404,0
21865,0.255936,0
21866,0.347139,0
21867,3.666067,0
21868,3.200002,0
21869,0.237556,0
21870,3.558911,0
21871,3.427992,0
21872,3.397534,0
21873,5.61898,1
21874,0.187004,1
21875,3.81106,0
21876,0.215268,1
21877,0.810364,1
21878,0.415788,0
21879,3.538518,0
21880,0.313704,0
21881,3.415309,0
21882,3.449826,0
21883,3.504509,0
21884,2.5339,0
21885,2.575441,0
21886,2.576994,0
21887,2.695589,0
21888,0.453389,0
21889,0.253135,1
21890,2.827516,1
21891,3.661497,0
21892,3.226374,1
21893,4.404991,0
21894,4.11762,1
21895,3.476985,0
21896,2.903674,0
21897,0.233648,0
21898,3.155693,1
21899,0.183318,1
21900,0.139982,1
21901,3.186433,0
21902,0.243969,0
21903,1.047317,1
21904,0.994145,1
21905,0.507456,1
21906,4.216286,0
21907,4.524725,1
21908,0.697649,1
21909,3.555586,0
21910,3.775261,0
21911,4.176757,1
21912,1.013912,0
21913,2.560231,0
21914,2.650412,1
21915,0.396764,1
21916,0.516305,1
21917,0.12711,0
21918,3.370321,0
21919,2.224427,1
21920,0.300044,0
21921,0.150676,1
21922,5.16358,0
21923,1.136145,0
21924,2.936914,0
21925,5.067784,0
21926,4.173586,0
21927,4.855244,1
21928,0.600684,1
21929,2.916808,1
21930,0.405106,0
21931,4.412022,0
21932,3.888609,0
21933,0.967167,0
21934,0.431654,1
21935,3.159244,0
21936,1.474193,0
21937,0.183156,0
21938,3.336089,0
21939,0.294782,0
21940,1.794802,0
21941,1.790266,1
21942,4.394622,0
21943,4.122949,0
21944,1.079531,1
21945,1.621814,0
21946,3.135054,0
21947,0.433755,1
21948,0.302834,1
21949,2.266618,1
21950,4.266257,0
21951,1.261159,1
21952,0.21699,1
21953,0.463463,1
21954,0.902233,1
21955,0.213801,1
21956,0.468951,1
21957,0.187899,0
21958,4.110436,0
21959,4.436265,0
21960,2.407898,1
21961,2.531597,0
21962,0.089325,1
21963,0.233891,1
21964,0.192167,1
21965,0.194052,0
21966,2.568423,1
21967,0.183129,1
21968,3.461937,1
21969,3.503239,0
21970,0.146541,0
21971,3.247413,0
21972,4.751164,1
21973,1.102753,0
21974,3.920234,1
21975,1.227553,1
21976,0.955805,0
21977,1.886231,0
21978,0.145978,0
21979,0.827158,0
21980,2.076873,1
21981,4.593319,1
21982,0.434835,1
21983,2.604515,1
21984,4.924723,0
21985,1.566026,0
21986,0.640332,1
21987,2.720771,0
21988,3.244684,1
21989,1.281418,0
21990,4.136715,0
21991,0.728674,1
21992,0.289837,1
21993,3.706741,0
21994,0.464088,1
21995,3.187343,1
21996,4.104619,1
21997,3.50949,0
21998,3.008005,0
21999,4.308211,0
22000,0.220561,1
22001,0.152823,0
22002,1.032228,0
22003,5.149622,1
22004,3.871852,0
22005,4.043749,0
22006,0.379879,1
22007,0.997657,1
22008,0.773193,1
22009,0.231092,1
22010,0.461229,0
22011,0.290363,0
22012,3.821448,1
22013,0.744309,1
22014,2.622097,0
22015,0.321645,1
22016,0.129342,1
22017,3.927639,1
22018,4.092402,0
22019,0.166995,0
22020,0.240724,1
22021,0.201672,0
22022,2.084815,1
22023,5.438448,1
22024,3.201389,0
22025,3.175065,1
22026,3.639927,0
22027,0.472032,1
22028,4.730112,0
22029,1.394437,1
22030,0.967737,0
22031,0.331827,0
22032,1.171916,1
22033,1.298156,1
22034,0.309488,0
22035,2.199842,0
22036,0.864233,1
22037,0.160893,1
22038,0.291579,0
22039,3.707935,0
22040,1.246492,1
22041,0.959318,0
22042,3.654779,1
22043,0.284333,1
22044,3.765805,0
22045,0.300544,1
22046,2.777483,0
22047,2.119371,0
22048,3.572283,0
22049,3.878402,0
22050,0.171573,1
22051,3.927329,0
22052,0.409434,1
22053,3.201954,1
22054,4.518767,0
22055,0.225711,0
22056,5.037162,0
22057,1.904617,0
22058,3.990487,0
22059,1.782928,1
22060,0.115658,1
22061,1.168372,0
22062,3.2125,0
22063,0.983236,1
22064,1.033256,1
22065,0.179247,1
22066,3.904945,1
22067,3.829277,1
22068,1.955645,0
22069,1.577059,0
22070,3.366182,1
22071,2.889576,1
22072,2.904542,0
22073,4.050315,0
22074,4.115441,0
22075,0.846795,1
22076,0.244289,1
22077,1.118177,1
22078,0.821927,1
22079,1.813051,1
22080,4.801786,1
22081,5.281394,0
22082,5.081883,1
22083,3.044157,1
22084,0.817074,1
22085,1.00723,1
22086,2.259356,0
22087,2.785613,1
22088,0.650137,1
22089,0.247086,1
22090,0.258399,1
22091,3.888427,0
22092,2.800622,0
22093,0.1296,1
22094,0.859547,1
22095,4.243817,0
22096,3.206408,1
22097,2.480663,0
22098,1.227005,0
22099,3.81454,1
22100,0.191456,1
22101,1.758491,1
22102,0.126824,0
22103,0.458444,0
22104,3.951542,0
22105,2.611284,1
22106,3.547709,0
22107,0.458342,1
22108,3.117765,0
22109,3.592533,0
22110,2.030084,0
22111,1.20684,0
22112,0.202524,0
22113,3.765407,1
22114,2.156085,1
22115,3.147444,0
22116,0.404315,0
22117,0.218188,0
22118,5.566661,0
22119,0.14998,0
22120,3.627967,0
22121,0.39482,1
22122,0.867775,1
22123,0.143917,0
22124,0.165176,1
22125,1.650017,1
22126,3.316985,0
22127,2.095361,1
22128,0.10776,0
22129,0.532478,1
22130,3.198517,1
22131,0.158952,1
22132,1.067996,0
22133,2.439511,1
22134,0.21727,1
22135,1.027251,0
22136,3.398833,0
22137,1.172101,0
22138,3.099366,1
22139,0.40983,1
22140,2.618884,0
22141,2.940292,1
22142,0.405339,0
22143,2.631854,0
22144,2.962917,1
22145,0.375011,0
22146,3.640583,0
22147,1.979002,1
22148,0.326008,0
22149,0.204067,1
22150,3.725992,1
22151,2.123828,0
22152,0.568405,1
22153,2.156772,0
22154,0.466876,1
22155,0.367519,1
22156,0.222405,1
22157,0.411496,1
22158,0.361838,1
22159,2.581361,1
22160,3.907384,0
22161,0.26323,1
22162,2.365834,0
22163,1.139852,1
22164,4.538546,0
22165,3.751482,1
22166,0.196981,1
22167,0.190145,0
22168,4.100392,0
22169,3.594247,0
22170,0.387471,1
22171,0.237286,0
22172,0.420811,0
22173,0.243784,1
22174,0.771259,0
22175,2.811777,0
22176,3.209408,0
22177,4.932943,1
22178,1.383647,0
22179,1.151857,0
22180,1.131488,1
22181,2.976631,0
22182,1.051481,1
22183,1.739379,0
22184,0.177666,1
22185,3.39034,1
22186,3.076052,0
22187,1.427795,1
22188,3.893499,1
22189,0.592164,0
22190,0.154504,1
22191,3.95569,1
22192,1.892631,1
22193,5.306854,1
22194,4.399637,1
22195,2.497009,0
22196,0.83422,0
22197,0.16694,1
22198,0.320671,1
22199,1.038822,1
22200,4.903384,1
22201,3.431378,0
22202,0.27604,1
22203,2.956159,0
22204,0.310834,1
22205,3.76245,0
22206,1.017484,0
22207,1.5933,0
22208,0.131084,0
22209,2.147672,0
22210,0.429247,1
22211,0.533615,0
22212,0.152102,1
22213,3.243251,0
22214,3.677575,0
22215,2.36545,1
22216,4.428968,0
22217,3.506251,1
22218,0.303163,0
22219,4.527294,1
22220,0.119816,0
22221,0.17556,1
22222,0.16927,1
22223,2.632522,1
22224,0.30069,1
22225,3.835955,0
22226,3.617019,0
22227,2.510945,0
22228,0.230518,1
22229,1.947339,1
22230,0.217368,1
22231,4.786013,1
22232,0.248025,1
22233,0.508543,0
22234,0.19347,0
22235,0.254083,0
22236,0.177808,0
22237,1.095694,1
22238,1.675665,0
22239,0.502654,0
22240,2.928615,0
22241,0.166543,1
22242,0.173891,1
22243,0.641506,0
22244,1.210142,0
22245,0.212954,0
22246,0.096197,0
22247,0.718188,0
22248,3.745333,1
22249,1.815411,1
22250,4.057414,0
22251,4.414515,0
22252,2.490445,1
22253,3.85764,0
22254,0.639303,1
22255,3.272405,0
22256,0.541338,1
22257,0.906887,0
22258,0.603329,0
22259,0.120173,0
22260,4.204881,1
22261,0.197743,0
22262,3.449492,0
22263,3.777066,1
22264,0.328325,1
22265,4.309245,0
22266,0.268411,1
22267,0.521117,1
22268,0.283148,1
22269,2.404929,1
22270,0.810073,1
22271,4.472267,1
22272,1.232422,0
22273,0.138618,0
22274,0.133666,0
22275,2.313353,1
22276,0.595591,1
22277,3.548347,0
22278,3.802079,0
22279,0.129555,1
22280,0.263023,1
22281,3.292468,1
22282,3.448628,1
22283,1.75205,1
22284,2.045492,1
22285,2.759821,0
22286,3.136843,0
22287,2.222341,1
22288,3.408687,0
22289,0.570738,0
22290,3.752774,0
22291,1.58993,1
22292,2.087853,0
22293,0.33883,1
22294,1.28948,0
22295,0.557558,1
22296,0.747166,1
22297,0.747541,1
22298,0.182695,0
22299,0.200077,1
22300,0.532159,0
22301,4.835981,0
22302,2.836909,1
22303,1.787821,0
22304,0.241043,1
22305,2.956093,1
22306,2.956168,0
22307,1.040397,1
22308,1.94635,0
22309,4.499087,0
22310,0.613624,1
22311,0.302762,1
22312,1.281408,0
22313,2.898467,0
22314,0.438065,1
22315,1.135641,1
22316,0.341417,1
22317,0.588736,0
22318,2.520816,0
22319,4.988782,1
22320,0.950307,1
22321,4.099801,1
22322,4.275556,1
22323,1.712522,0
22324,4.980666,1
22325,2.461417,1
22326,4.793277,0
22327,4.130488,1
22328,2.79561,1
22329,2.233391,0
22330,0.15648,1
22331,0.180424,0
22332,2.438579,0
22333,0.405352,0
22334,3.873942,0
22335,0.258875,1
22336,4.541456,1
22337,2.501192,0
22338,1.854018,0
22339,0.664334,1
22340,3.928837,1
22341,3.979789,1
22342,0.402107,1
22343,1.467299,0
22344,0.559225,1
22345,0.259504,0
22346,1.202429,1
22347,0.62595,1
22348,2.79043,1
22349,0.188028,1
22350,3.992553,1
22351,1.989667,1
22352,3.763371,0
22353,0.401401,1
22354,2.747035,0
22355,2.940059,0
22356,2.605928,1
22357,0.771596,0
22358,3.802535,1
22359,4.302934,0
22360,0.219479,1
22361,4.439613,0
22362,0.285645,0
22363,3.071817,0
22364,4.684658,0
22365,3.199116,0
22366,3.765773,0
22367,0.592483,0
22368,0.435424,1
22369,3.433521,0
22370,3.536269,0
22371,0.640635,0
22372,0.147508,1
22373,0.227511,1
22374,4.496274,0
22375,0.250613,1
22376,3.896938,0
22377,2.767165,0
22378,0.189635,1
22379,0.192155,1
22380,2.818445,1
22381,0.380976,1
22382,6.855592,0
22383,0.755374,1
22384,2.026647,0
22385,1.802529,0
22386,0.150748,0
22387,1.979364,1
22388,1.974215,0
22389,4.221136,0
22390,0.114749,0
22391,1.210139,1
22392,3.312034,0
22393,1.667108,1
22394,2.540361,1
22395,0.608264,0
22396,0.151502,1
22397,3.993602,0
22398,3.589128,0
22399,0.557297,0
22400,0.255384,0
22401,0.656197,0
22402,1.956111,1
22403,0.304458,0
22404,0.973226,1
22405,0.55072,1
22406,3.659366,0
22407,4.799811,0
22408,3.348716,1
22409,0.406917,0
22410,2.720088,0
22411,2.67371,1
22412,0.620553,1
22413,0.21051,1
22414,4.243497,1
22415,1.871378,1
22416,0.260126,1
22417,0.400701,1
22418,0.579482,1
22419,0.294561,1
22420,1.593063,1
22421,0.111709,0
22422,0.294586,0
22423,0.37732,1
22424,0.643915,0
22425,0.228799,1
22426,0.290827,1
22427,0.937708,1
22428,6.077439,1
22429,1.075377,0
22430,0.568556,1
22431,0.324585,1
22432,0.202134,1
22433,0.407665,1
22434,4.492657,1
22435,2.590472,0
22436,0.54943,0
22437,0.466941,1
22438,0.497684,0
22439,3.109842,0
22440,5.537177,0
22441,4.846024,0
22442,0.081478,0
22443,0.570442,1
22444,3.62765,0
22445,0.548877,1
22446,0.317598,1
22447,0.256418,1
22448,4.007029,1
22449,0.229867,1
22450,0.219927,1
22451,3.996414,0
22452,1.69609,0
22453,0.223607,0
22454,0.365347,1
22455,1.350025,1
22456,0.071019,0
22457,3.17971,0
22458,3.975886,0
22459,3.24407,0
22460,0.204125,1
22461,1.978867,0
22462,0.52088,1
22463,3.044331,0
22464,2.738577,0
22465,0.223247,0
22466,3.697268,0
22467,1.865991,0
22468,0.303637,1
22469,3.713069,0
22470,3.211088,0
22471,2.253037,1
22472,0.177374,1
22473,2.841512,0
22474,3.999128,0
22475,0.982368,1
22476,0.170022,1
22477,2.598001,0
22478,0.487813,1
22479,3.817227,0
22480,2.902246,0
22481,0.947203,1
22482,2.417965,0
22483,0.214444,1
22484,0.991917,0
22485,3.058206,1
22486,0.12386,0
22487,4.758617,0
22488,0.627748,0
22489,0.1786,0
22490,0.332105,1
22491,4.050408,0
22492,3.90883,1
22493,1.292413,1
22494,4.736674,0
22495,5.321335,0
22496,0.941875,1
22497,3.320845,0
22498,0.175218,1
22499,1.263301,1
