sample_idx,loss,is_noisy
0,1.941491,1
1,2.280287,1
2,4.103528,1
3,2.20733,1
4,1.280548,0
5,0.286795,1
6,2.146021,1
7,0.160832,1
8,0.639474,1
9,0.31378,1
10,1.617741,1
11,0.068041,0
12,0.13239,1
13,4.68009,1
14,4.439699,0
15,0.377028,1
16,3.002555,1
17,4.757615,1
18,2.462548,0
19,0.323876,1
20,2.807233,1
21,1.523194,0
22,2.494208,1
23,0.146848,1
24,0.848463,1
25,0.195628,1
26,1.641692,1
27,3.003469,0
28,2.143044,0
29,0.086127,1
30,1.788169,1
31,1.1023,0
32,6.701261,0
33,0.118497,1
34,2.344946,1
35,0.48818,1
36,1.767431,0
37,3.682132,1
38,0.262102,1
39,2.798911,1
40,1.844975,1
41,0.530327,1
42,0.414184,1
43,2.395468,0
44,3.170762,0
45,2.081488,1
46,0.383011,0
47,4.066937,1
48,0.126348,1
49,0.770207,1
50,0.324494,0
51,1.06,0
52,0.085355,1
53,2.776769,1
54,0.378207,1
55,1.132431,1
56,3.681749,1
57,0.202079,0
58,0.105163,1
59,0.694842,0
60,3.388902,0
61,0.275468,1
62,3.220744,1
63,0.969833,1
64,0.084526,1
65,3.066768,1
66,3.067493,1
67,3.232875,1
68,3.604635,0
69,0.127179,0
70,0.319105,1
71,3.611835,1
72,0.370041,1
73,0.408017,1
74,0.479429,1
75,0.509578,1
76,2.827373,0
77,1.309835,1
78,2.591001,1
79,1.841089,1
80,0.217158,1
81,0.574421,1
82,2.283651,1
83,3.790807,1
84,0.976188,1
85,0.253117,1
86,1.69871,0
87,1.476429,0
88,1.369685,0
89,0.160077,1
90,0.56813,1
91,0.902161,1
92,2.943293,1
93,0.03362,0
94,0.289599,1
95,0.414691,0
96,0.412734,1
97,0.191774,1
98,4.590829,1
99,3.1383,1
100,2.58938,1
101,3.39276,1
102,0.614478,0
103,0.588629,1
104,0.210533,0
105,1.890052,1
106,3.564816,1
107,0.744913,1
108,1.954967,0
109,0.443806,0
110,0.805838,1
111,1.94888,0
112,0.657025,0
113,5.396863,0
114,4.119132,0
115,1.380413,1
116,2.651058,0
117,0.163338,1
118,1.793237,1
119,0.207392,1
120,0.404973,1
121,0.588783,0
122,1.779506,1
123,2.902895,0
124,1.129787,0
125,0.094713,1
126,0.092663,1
127,0.521983,1
128,1.559705,0
129,0.170713,0
130,0.711034,1
131,2.173202,1
132,0.445431,1
133,0.307933,0
134,1.718162,0
135,0.076259,1
136,1.099409,0
137,1.337754,0
138,3.234732,0
139,2.577299,1
140,0.222893,1
141,0.545865,1
142,4.965543,0
143,0.796099,1
144,1.480563,1
145,2.813061,1
146,0.702745,1
147,0.133963,0
148,1.188444,0
149,1.249901,1
150,1.708853,1
151,0.059964,0
152,0.227066,1
153,0.084488,1
154,2.919235,1
155,1.760904,0
156,0.177406,1
157,0.686239,1
158,0.760394,0
159,1.921195,1
160,0.216205,1
161,1.960367,1
162,2.825348,1
163,3.521775,0
164,1.505715,0
165,1.379532,0
166,5.036998,0
167,3.02352,1
168,1.747451,1
169,0.20147,1
170,0.374645,1
171,1.05713,0
172,2.653327,1
173,4.125833,0
174,4.524423,0
175,0.239763,1
176,4.061223,1
177,3.249863,1
178,0.356395,1
179,3.718142,1
180,1.884948,0
181,0.109023,1
182,0.379049,1
183,0.240178,1
184,2.895386,0
185,0.234139,1
186,2.311739,0
187,2.650534,1
188,1.754733,0
189,0.191467,1
190,0.082674,1
191,5.025745,0
192,0.268355,1
193,1.594943,1
194,0.157592,0
195,2.643128,1
196,2.969994,0
197,4.348186,0
198,0.136764,1
199,3.028376,1
200,0.59275,1
201,2.699293,0
202,2.47831,0
203,2.481091,1
204,0.084019,0
205,1.94095,0
206,5.127429,0
207,2.897594,0
208,1.261479,0
209,4.608048,1
210,0.511465,1
211,1.115521,0
212,0.424259,1
213,1.967804,0
214,3.064373,1
215,0.208712,1
216,0.207361,1
217,0.22722,1
218,4.058043,1
219,0.349086,1
220,2.491347,0
221,0.156438,1
222,0.225727,1
223,5.412126,1
224,0.651216,0
225,1.323916,1
226,1.760206,1
227,2.048396,1
228,2.101385,1
229,2.747105,1
230,3.402434,1
231,0.135068,0
232,4.012804,1
233,1.870906,0
234,1.042976,0
235,0.05959,1
236,1.667426,0
237,0.425221,1
238,0.333536,1
239,0.225262,1
240,4.375482,0
241,0.261873,1
242,4.138624,0
243,2.131804,0
244,0.154313,1
245,1.45659,1
246,0.041868,0
247,0.13645,1
248,0.29234,1
249,3.620294,0
250,3.566387,0
251,1.897583,0
252,1.451323,1
253,0.744908,0
254,3.169431,1
255,2.788076,1
256,0.164401,1
257,0.99952,1
258,1.42845,1
259,4.213165,0
260,3.446844,1
261,3.409456,1
262,0.099885,1
263,5.247452,1
264,0.032198,0
265,0.464845,0
266,0.403345,1
267,4.140643,1
268,0.101535,0
269,2.294126,1
270,1.547232,1
271,0.625617,1
272,3.985987,0
273,0.867231,1
274,0.115633,1
275,2.752141,1
276,2.579504,1
277,2.755982,1
278,0.499368,1
279,3.670899,1
280,0.180002,1
281,0.462897,1
282,0.412874,0
283,4.405927,1
284,3.050791,0
285,0.30653,1
286,0.172769,1
287,1.902491,0
288,1.896979,0
289,0.139109,0
290,0.391333,1
291,4.743641,0
292,0.320125,1
293,0.60558,0
294,3.847566,1
295,1.100814,0
296,4.461438,1
297,2.28675,1
298,2.078726,0
299,2.475453,1
300,0.232092,1
301,2.344933,0
302,2.211953,0
303,0.433186,1
304,5.473266,0
305,0.304506,0
306,0.482574,0
307,0.113592,1
308,3.273367,1
309,5.049788,0
310,0.360666,1
311,6.028518,1
312,0.118653,1
313,2.489033,1
314,4.259507,1
315,0.464292,1
316,1.871716,1
317,2.212173,0
318,1.649042,1
319,0.660482,1
320,1.647636,0
321,3.738423,0
322,0.161328,1
323,0.380371,0
324,2.338268,0
325,0.580167,1
326,4.16714,1
327,1.047897,1
328,1.292335,0
329,4.042516,1
330,1.493067,1
331,3.158819,1
332,3.605958,1
333,1.125356,0
334,2.111449,0
335,2.4246,1
336,2.667778,1
337,1.801278,0
338,4.656416,0
339,0.64101,1
340,0.491521,1
341,1.759206,1
342,1.696128,0
343,1.161375,0
344,2.031709,1
345,1.703565,0
346,0.669655,1
347,3.321697,1
348,2.242911,0
349,1.289804,0
350,0.156019,1
351,2.706889,0
352,0.059031,0
353,0.090175,0
354,0.136354,1
355,0.534557,0
356,5.152373,1
357,2.75563,1
358,1.631328,1
359,4.537158,0
360,0.083273,1
361,0.158268,0
362,1.489519,1
363,0.149832,1
364,1.860414,0
365,0.692836,1
366,3.2561,0
367,0.270536,1
368,2.409784,1
369,0.44259,1
370,0.404251,0
371,4.530576,1
372,3.703989,0
373,0.083117,0
374,0.151985,1
375,2.27747,0
376,0.552536,1
377,1.618993,1
378,0.746097,0
379,0.215375,1
380,0.088656,1
381,0.412853,1
382,0.156603,1
383,0.343942,1
384,0.459352,1
385,0.344872,1
386,5.223267,0
387,1.860138,1
388,0.997169,1
389,0.122558,0
390,0.594743,1
391,4.930043,0
392,1.278038,1
393,0.765349,1
394,0.093527,0
395,0.962905,1
396,1.815711,1
397,2.858494,0
398,1.921639,0
399,1.717517,1
400,0.197961,0
401,1.0297,1
402,0.167805,0
403,0.155162,1
404,0.499311,0
405,0.336721,1
406,1.051938,0
407,0.838505,1
408,2.082538,0
409,0.300539,1
410,4.470429,1
411,4.071372,1
412,4.140868,1
413,2.210715,0
414,1.478256,0
415,2.654491,1
416,1.802329,1
417,1.928172,1
418,5.590248,1
419,0.983126,0
420,1.975668,0
421,2.123722,1
422,4.105579,0
423,4.318041,0
424,1.285026,1
425,4.039186,1
426,1.807569,0
427,0.876992,1
428,2.595641,1
429,0.616987,1
430,2.402832,1
431,4.458268,0
432,3.018232,1
433,0.229967,1
434,2.82913,0
435,0.810715,1
436,0.771865,0
437,0.215099,1
438,0.033142,0
439,2.289223,1
440,0.472319,1
441,0.074516,0
442,1.441149,1
443,0.457074,0
444,0.047753,1
445,0.507519,0
446,0.436783,1
447,2.071978,1
448,1.103066,0
449,0.330984,1
450,6.410425,1
451,0.205847,1
452,5.073942,1
453,0.036429,0
454,0.146284,1
455,2.949919,0
456,0.883721,1
457,1.801081,0
458,0.103846,1
459,2.797994,1
460,3.636866,1
461,0.930821,1
462,0.591137,1
463,2.731032,1
464,0.478077,1
465,0.225349,1
466,0.117463,1
467,0.127609,1
468,1.490593,1
469,0.284767,1
470,2.403047,1
471,2.606701,1
472,1.675796,1
473,3.081908,1
474,3.279967,1
475,0.694767,0
476,4.258863,0
477,0.586174,1
478,0.53605,0
479,2.680731,1
480,0.220306,1
481,4.942263,0
482,0.28028,1
483,4.329559,1
484,1.216002,1
485,0.493134,1
486,2.601301,1
487,2.003595,0
488,3.490748,1
489,2.405302,0
490,0.192275,0
491,1.426374,0
492,4.768849,1
493,0.747684,0
494,0.262317,0
495,0.406576,1
496,4.312147,1
497,0.620934,1
498,4.603156,1
499,2.027878,1
500,3.925087,1
501,0.570233,1
502,1.769349,0
503,1.945197,0
504,1.20852,1
505,3.225499,1
506,0.041309,0
507,0.793117,1
508,0.082462,1
509,0.748117,1
510,0.682987,1
511,2.969795,0
512,0.114903,1
513,5.593362,0
514,1.713537,1
515,5.272986,1
516,0.056474,0
517,0.288495,0
518,2.998308,1
519,2.957616,1
520,3.026457,1
521,0.512354,1
522,0.027184,0
523,0.391505,1
524,1.071638,1
525,0.5617,1
526,0.122381,1
527,4.082218,1
528,0.671606,1
529,0.900898,0
530,3.786975,1
531,1.599906,1
532,2.395279,1
533,0.691061,1
534,0.865388,0
535,1.471709,0
536,0.184885,1
537,5.166982,1
538,3.919094,0
539,2.004875,0
540,0.468099,1
541,3.131033,1
542,1.365185,1
543,4.908603,1
544,0.53691,1
545,1.703121,0
546,5.086877,0
547,2.238174,1
548,0.035394,0
549,0.122775,0
550,0.42941,0
551,2.42944,0
552,0.135352,1
553,4.319783,1
554,0.129464,1
555,4.571931,0
556,1.99258,0
557,1.999557,0
558,1.85825,0
559,3.515948,1
560,0.068333,1
561,0.269461,1
562,4.110422,0
563,4.334389,0
564,0.792101,0
565,1.575823,1
566,6.807168,1
567,0.638564,1
568,0.099478,1
569,3.960109,1
570,0.11182,1
571,1.277808,0
572,2.005769,0
573,2.563634,1
574,1.77254,0
575,2.280971,0
576,1.773478,0
577,2.613079,1
578,2.743914,0
579,0.131524,1
580,2.869585,1
581,0.311983,1
582,3.270511,0
583,0.463357,1
584,3.108608,1
585,0.497662,0
586,0.824462,0
587,1.615104,1
588,2.753731,1
589,0.178015,1
590,0.230895,1
591,0.022827,0
592,0.988486,0
593,0.442539,1
594,2.999007,1
595,6.959719,1
596,0.475121,0
597,3.171378,1
598,0.402012,1
599,0.446191,1
600,1.636904,1
601,1.602805,1
602,2.492891,1
603,4.916331,0
604,0.383562,1
605,0.084639,0
606,0.750991,0
607,3.175468,0
608,3.799124,1
609,2.35905,0
610,2.041915,1
611,1.476708,0
612,1.997674,1
613,0.69714,1
614,0.652957,0
615,5.812984,0
616,1.888241,1
617,3.187922,1
618,0.356716,1
619,0.711791,1
620,2.915176,0
621,0.106628,1
622,3.527443,0
623,1.039361,0
624,0.22968,1
625,2.247734,1
626,0.338695,1
627,2.429423,1
628,2.037879,1
629,5.462865,0
630,3.556631,0
631,4.864543,1
632,4.820841,1
633,0.273648,1
634,1.071361,0
635,0.207579,1
636,2.942389,1
637,1.039776,1
638,1.633964,1
639,1.897432,0
640,2.212287,1
641,0.823721,0
642,0.236638,1
643,0.695855,1
644,0.398169,1
645,4.37891,0
646,0.491026,1
647,6.153433,1
648,0.387177,1
649,1.953117,1
650,4.297053,0
651,2.240857,0
652,0.880128,1
653,3.811044,1
654,0.523153,1
655,2.489455,1
656,1.778017,0
657,2.145944,1
658,0.815312,1
659,0.430347,1
660,0.41758,1
661,0.988392,0
662,2.476008,0
663,1.55306,1
664,0.513577,1
665,2.290414,1
666,0.507768,0
667,0.565202,1
668,0.320154,1
669,1.928299,0
670,3.556475,1
671,1.942498,0
672,0.372848,1
673,1.030142,0
674,1.820786,0
675,1.233074,0
676,0.219098,1
677,2.221181,0
678,0.335372,1
679,4.170579,0
680,0.295245,1
681,4.070117,0
682,0.154864,1
683,0.259888,1
684,0.537495,0
685,0.065538,1
686,0.90723,1
687,0.250947,1
688,1.469199,0
689,0.138784,0
690,3.279319,1
691,0.115543,1
692,5.310828,1
693,2.096177,1
694,0.082043,1
695,3.337106,0
696,1.135766,1
697,2.111892,1
698,2.536129,0
699,0.828594,1
700,0.11981,0
701,3.991525,0
702,2.019252,1
703,1.991084,1
704,3.033904,0
705,0.266834,1
706,0.080553,0
707,0.044692,1
708,4.648836,0
709,0.299063,1
710,1.736312,1
711,0.145053,1
712,4.273516,1
713,1.384266,0
714,3.20426,1
715,1.226638,1
716,1.134908,0
717,1.980849,0
718,0.123188,0
719,1.226079,0
720,0.339345,1
721,0.451314,1
722,0.161329,1
723,0.318094,1
724,2.406357,1
725,1.384366,0
726,3.067551,1
727,2.857806,1
728,0.770083,0
729,1.397345,1
730,0.793758,0
731,0.235947,1
732,1.964799,1
733,0.028139,0
734,4.888283,1
735,2.238714,0
736,1.877146,0
737,0.102176,0
738,5.38105,0
739,1.3487,0
740,0.491117,1
741,0.55943,1
742,0.151583,1
743,0.234788,1
744,0.232154,1
745,0.940779,1
746,0.383045,1
747,0.452458,0
748,1.847828,0
749,2.562042,1
750,0.465578,0
751,0.209273,1
752,0.169538,1
753,2.871298,1
754,0.081508,1
755,2.408825,0
756,1.429038,1
757,1.062439,1
758,2.341764,1
759,2.427199,0
760,1.256561,0
761,0.393046,0
762,2.213283,1
763,1.658431,0
764,3.443554,0
765,1.295964,0
766,0.395399,1
767,0.240402,1
768,0.09731,1
769,1.598287,0
770,4.569628,0
771,4.846142,0
772,4.743128,0
773,1.413042,1
774,4.37219,0
775,1.291418,1
776,4.521938,1
777,3.803252,1
778,2.162619,0
779,2.148354,0
780,1.479562,0
781,0.1368,0
782,5.896232,1
783,1.42643,1
784,2.677232,0
785,1.052379,1
786,0.492823,1
787,0.029681,0
788,3.367641,1
789,1.415591,1
790,1.923079,1
791,1.689914,0
792,0.494122,1
793,0.313774,1
794,1.036219,0
795,3.31029,0
796,0.275776,0
797,1.319928,1
798,0.425931,1
799,0.257237,1
800,1.363244,1
801,1.296331,0
802,0.617682,1
803,0.42926,1
804,1.432857,1
805,4.380903,0
806,3.503296,0
807,0.381232,1
808,0.549441,0
809,0.113208,1
810,0.114793,0
811,0.428375,1
812,0.465439,1
813,2.314129,1
814,1.467775,0
815,2.379698,0
816,4.078133,1
817,0.862743,1
818,4.454112,1
819,1.316647,0
820,3.734568,1
821,1.519731,0
822,0.042577,1
823,1.60886,0
824,0.686509,0
825,0.572786,1
826,0.088064,0
827,0.737906,1
828,4.974053,1
829,0.709451,1
830,0.324126,1
831,2.72396,1
832,1.970515,1
833,3.145894,0
834,4.5323,0
835,3.755263,0
836,2.74915,0
837,5.316615,1
838,0.400994,0
839,0.391882,1
840,0.046778,0
841,1.872518,1
842,1.535249,0
843,2.006054,0
844,3.26328,0
845,1.260121,0
846,2.061917,1
847,2.977376,0
848,0.224795,1
849,0.289953,1
850,2.138474,1
851,4.265109,0
852,2.799506,0
853,2.907397,1
854,2.250525,0
855,5.272333,1
856,3.974149,1
857,2.923932,0
858,2.310025,1
859,0.602857,1
860,0.581365,1
861,1.850852,1
862,0.865449,1
863,2.286407,1
864,5.520122,1
865,3.715467,0
866,0.999025,1
867,1.671179,1
868,1.28369,0
869,1.521306,1
870,0.164883,1
871,0.543128,1
872,2.290399,1
873,3.640308,1
874,4.134329,1
875,0.251429,1
876,1.843892,1
877,2.456044,1
878,0.065714,1
879,2.050128,1
880,0.297755,1
881,5.024765,1
882,0.197605,1
883,0.300784,1
884,0.997298,1
885,1.025698,1
886,0.211472,1
887,3.013213,0
888,2.460447,1
889,1.931376,0
890,0.037089,0
891,0.10196,1
892,0.117305,1
893,2.506609,0
894,0.508053,1
895,0.243996,1
896,1.735486,0
897,5.815429,0
898,0.746789,1
899,1.691874,0
900,3.949596,0
901,3.892114,1
902,5.380942,0
903,2.684841,1
904,0.822642,0
905,2.245123,1
906,1.079899,1
907,1.372028,1
908,3.08351,0
909,4.292361,1
910,0.380548,1
911,1.778769,1
912,0.194384,1
913,0.054454,1
914,1.072277,1
915,2.668669,1
916,0.045962,0
917,4.464303,1
918,1.585601,0
919,2.88664,1
920,0.098937,1
921,0.2154,1
922,0.842718,1
923,0.244395,1
924,0.123928,1
925,0.588154,1
926,1.427426,0
927,0.861937,0
928,1.032414,1
929,0.626498,1
930,4.189742,0
931,4.2178,1
932,0.669391,1
933,0.281278,1
934,1.03202,0
935,3.834941,1
936,3.218943,0
937,0.204659,1
938,0.466609,1
939,1.076297,0
940,2.051496,1
941,4.607457,0
942,0.698772,0
943,6.090499,0
944,2.533802,1
945,0.896728,1
946,1.046503,0
947,0.121565,0
948,2.833449,1
949,0.390288,1
950,0.299669,1
951,0.364976,1
952,0.878403,0
953,1.632281,1
954,1.619941,0
955,2.528217,1
956,0.1242,1
957,0.451416,1
958,1.412687,1
959,2.77871,0
960,0.822805,1
961,1.730536,1
962,3.670207,0
963,0.253818,1
964,2.352553,1
965,2.785094,1
966,0.306388,0
967,2.613129,0
968,0.30635,1
969,4.516661,0
970,1.760876,0
971,0.282425,1
972,0.679631,0
973,0.197156,1
974,1.048425,0
975,0.507605,1
976,0.979871,1
977,1.422311,0
978,2.724612,1
979,4.007835,1
980,0.356227,1
981,2.365182,1
982,0.090424,1
983,5.167736,1
984,0.467557,1
985,1.990806,0
986,0.828791,1
987,3.299805,0
988,0.158753,1
989,0.161402,1
990,1.755599,1
991,2.212931,1
992,3.551917,0
993,1.011977,0
994,0.293734,0
995,5.163783,0
996,3.788148,1
997,1.973856,0
998,2.09776,0
999,3.215373,0
1000,1.530645,1
1001,0.166535,1
1002,0.232481,0
1003,3.436772,1
1004,0.255365,0
1005,0.27941,1
1006,1.079978,1
1007,1.3034,0
1008,2.413672,1
1009,1.516963,1
1010,4.00786,1
1011,0.363878,1
1012,0.182094,0
1013,5.388372,1
1014,0.510265,1
1015,2.632895,0
1016,2.464519,1
1017,0.987301,1
1018,1.789986,0
1019,0.144221,1
1020,1.829151,1
1021,6.006201,1
1022,0.868306,0
1023,2.566672,1
1024,0.283758,1
1025,1.511095,1
1026,0.10527,0
1027,0.966793,0
1028,3.357824,0
1029,0.420857,1
1030,0.286349,1
1031,0.183995,0
1032,0.457783,1
1033,0.392811,1
1034,0.663188,1
1035,0.322431,0
1036,0.395574,1
1037,0.052236,0
1038,0.114464,1
1039,4.215758,0
1040,1.670955,1
1041,4.023013,0
1042,2.936486,1
1043,0.365207,1
1044,0.290272,1
1045,0.718109,1
1046,3.841064,0
1047,4.153248,1
1048,1.599468,0
1049,0.390494,1
1050,0.122625,1
1051,1.335225,1
1052,2.851771,0
1053,0.148588,1
1054,0.64628,1
1055,2.464035,1
1056,0.26721,0
1057,0.105585,1
1058,0.141952,1
1059,2.446279,0
1060,1.418908,0
1061,1.36244,0
1062,0.41253,1
1063,0.368607,1
1064,0.18834,1
1065,0.238667,1
1066,2.368315,0
1067,2.174814,1
1068,0.472983,1
1069,0.092079,0
1070,4.508746,1
1071,4.169828,0
1072,0.145251,1
1073,2.965318,1
1074,0.19423,1
1075,0.440785,1
1076,6.318829,1
1077,0.571969,0
1078,0.182706,1
1079,0.047452,0
1080,0.969183,0
1081,0.193925,1
1082,0.141101,1
1083,0.270928,1
1084,1.50662,1
1085,5.185929,1
1086,1.817633,1
1087,2.388168,1
1088,0.844795,1
1089,4.044501,1
1090,0.076559,0
1091,1.125986,0
1092,0.907182,1
1093,0.332797,1
1094,0.355806,1
1095,1.589365,0
1096,0.109397,1
1097,3.844215,1
1098,0.695928,1
1099,2.614526,1
1100,2.402718,1
1101,4.741764,1
1102,0.588166,1
1103,1.383867,1
1104,0.314424,1
1105,0.300287,0
1106,2.935965,1
1107,0.089919,1
1108,3.027178,0
1109,1.39403,1
1110,0.77888,0
1111,1.277881,0
1112,3.094803,1
1113,2.695225,1
1114,2.026202,1
1115,1.315262,1
1116,0.070111,1
1117,0.187478,1
1118,4.773317,1
1119,0.4478,1
1120,1.921049,0
1121,0.149239,1
1122,0.098577,0
1123,2.577959,1
1124,0.09601,1
1125,0.328657,1
1126,1.459983,1
1127,5.214486,0
1128,0.130922,1
1129,0.372129,1
1130,0.088751,0
1131,1.353516,0
1132,0.605687,1
1133,5.090054,1
1134,1.624849,0
1135,4.191626,1
1136,1.679472,1
1137,2.937891,1
1138,2.871797,0
1139,3.945065,0
1140,2.401167,1
1141,0.829292,0
1142,2.731868,1
1143,0.38065,0
1144,0.133478,1
1145,2.65707,0
1146,1.6232,0
1147,1.311723,0
1148,3.867765,0
1149,1.336027,0
1150,2.247597,1
1151,0.330378,0
1152,0.193463,1
1153,2.442356,0
1154,0.621351,1
1155,0.591202,1
1156,0.48944,1
1157,0.373708,1
1158,1.726082,0
1159,2.427444,1
1160,0.430343,1
1161,4.463104,1
1162,0.2633,1
1163,0.672918,1
1164,4.079795,1
1165,3.328375,0
1166,5.005685,1
1167,2.055766,1
1168,1.695054,0
1169,0.839403,0
1170,0.830711,1
1171,0.100391,1
1172,0.185728,1
1173,0.182528,1
1174,0.095434,1
1175,0.511309,1
1176,3.033923,1
1177,3.793585,1
1178,0.293691,1
1179,0.720821,0
1180,3.446558,0
1181,2.949825,1
1182,2.116315,1
1183,3.674668,1
1184,1.990035,1
1185,0.124711,1
1186,0.485306,0
1187,2.244816,0
1188,0.518123,1
1189,0.128818,0
1190,0.264561,1
1191,0.460577,0
1192,0.438229,1
1193,2.082438,0
1194,1.951304,0
1195,1.716641,1
1196,6.006619,1
1197,6.348738,1
1198,3.217258,1
1199,0.373997,1
1200,3.456432,1
1201,2.959479,0
1202,0.290485,1
1203,0.731441,1
1204,0.947667,0
1205,0.788621,0
1206,0.093036,1
1207,1.98736,0
1208,3.067167,0
1209,2.176457,1
1210,0.407897,1
1211,1.540738,1
1212,3.681151,0
1213,1.527699,1
1214,2.62792,0
1215,0.226158,1
1216,1.421935,0
1217,3.32051,0
1218,1.885211,1
1219,0.269211,1
1220,1.719634,0
1221,0.080077,0
1222,2.413503,0
1223,2.129837,1
1224,3.479609,1
1225,2.816468,1
1226,3.861248,1
1227,0.223952,1
1228,0.179394,1
1229,0.57441,1
1230,3.535907,1
1231,3.218825,1
1232,2.07496,1
1233,1.085951,1
1234,2.665748,0
1235,1.595003,0
1236,1.096285,1
1237,1.933157,1
1238,3.762628,1
1239,0.055042,0
1240,2.752679,1
1241,2.093439,0
1242,2.046413,0
1243,1.005129,1
1244,0.62737,1
1245,2.978203,1
1246,2.59424,1
1247,2.4733,1
1248,3.330914,1
1249,0.343696,0
1250,0.098672,1
1251,0.186133,1
1252,0.179353,1
1253,1.280405,0
1254,2.871609,1
1255,0.195442,1
1256,0.545978,1
1257,3.795162,0
1258,3.177696,1
1259,0.344047,1
1260,2.407619,1
1261,0.637083,1
1262,2.361063,1
1263,4.018273,0
1264,0.492067,1
1265,0.756239,0
1266,0.123014,0
1267,0.202373,1
1268,0.373417,1
1269,3.792058,0
1270,4.830942,1
1271,1.837245,1
1272,4.591253,1
1273,3.69159,0
1274,2.264106,1
1275,0.788001,1
1276,2.952735,1
1277,2.090723,1
1278,0.32432,1
1279,2.815531,1
1280,0.509919,1
1281,0.755468,1
1282,0.141129,1
1283,2.805984,1
1284,2.009438,0
1285,0.159984,1
1286,3.51581,1
1287,0.345015,0
1288,0.139791,1
1289,1.465151,1
1290,1.698842,0
1291,0.097506,0
1292,0.665061,1
1293,1.416818,1
1294,4.707637,0
1295,1.9734,0
1296,0.314431,1
1297,0.708192,1
1298,0.512426,1
1299,4.175981,1
1300,1.026855,0
1301,0.340256,1
1302,2.717973,0
1303,1.134758,1
1304,1.228531,0
1305,0.180376,1
1306,0.058664,0
1307,0.135874,1
1308,2.868089,1
1309,0.18543,1
1310,2.573732,1
1311,6.667737,0
1312,0.266098,1
1313,0.25401,0
1314,0.42618,1
1315,1.260051,1
1316,1.375205,0
1317,3.610446,0
1318,0.467282,1
1319,3.80537,0
1320,0.226486,1
1321,0.178939,1
1322,0.038727,0
1323,3.770084,1
1324,3.297019,1
1325,1.323568,0
1326,0.087286,0
1327,2.895375,1
1328,2.59812,1
1329,0.032388,0
1330,0.091928,0
1331,0.127301,1
1332,1.140532,0
1333,3.84934,0
1334,3.304733,1
1335,0.080804,1
1336,0.03968,0
1337,2.377798,0
1338,2.42549,1
1339,0.068301,0
1340,0.511191,1
1341,0.15934,1
1342,0.395823,1
1343,0.127022,1
1344,1.179483,0
1345,2.932882,0
1346,4.399653,1
1347,0.073018,0
1348,0.395092,1
1349,0.375236,0
1350,0.100722,0
1351,0.360931,1
1352,0.160005,1
1353,2.892193,0
1354,2.55875,1
1355,2.405224,1
1356,3.134339,1
1357,0.747041,1
1358,2.13416,1
1359,2.570079,0
1360,2.005648,1
1361,0.185445,0
1362,6.010043,1
1363,2.889679,0
1364,0.604685,1
1365,2.663116,0
1366,5.46699,1
1367,0.327022,1
1368,1.616463,1
1369,0.123678,0
1370,4.509796,1
1371,0.106734,1
1372,1.186402,1
1373,3.020555,1
1374,1.552444,0
1375,0.494415,1
1376,0.168333,1
1377,1.66915,1
1378,0.054586,1
1379,0.757883,1
1380,4.18686,0
1381,0.656647,1
1382,1.942376,0
1383,1.819066,1
1384,0.799457,0
1385,1.577761,0
1386,0.083451,1
1387,0.112767,1
1388,0.632301,0
1389,0.151295,1
1390,2.114688,1
1391,0.340731,1
1392,1.120751,0
1393,0.417741,1
1394,5.136612,1
1395,0.998464,1
1396,2.346207,1
1397,2.181,1
1398,0.140789,1
1399,4.899701,0
1400,3.375504,0
1401,1.640103,1
1402,1.908292,1
1403,0.235866,1
1404,2.464771,1
1405,0.299695,1
1406,2.39024,1
1407,4.052938,1
1408,2.401724,0
1409,0.150042,1
1410,0.282593,1
1411,2.483967,1
1412,5.956204,1
1413,0.702172,1
1414,2.284422,1
1415,0.285405,1
1416,0.339763,1
1417,0.079271,0
1418,0.330093,1
1419,0.171332,1
1420,0.138554,0
1421,1.088815,0
1422,0.264021,1
1423,5.316004,1
1424,0.324405,1
1425,0.287517,1
1426,0.195997,1
1427,1.83273,0
1428,3.010173,1
1429,0.132731,1
1430,0.267201,1
1431,0.966613,0
1432,2.385489,0
1433,1.133761,0
1434,1.427215,1
1435,0.109248,1
1436,0.490362,1
1437,2.216949,1
1438,2.881891,1
1439,1.68577,1
1440,4.607726,0
1441,0.589598,1
1442,2.02945,1
1443,4.616104,0
1444,0.506179,1
1445,0.215337,1
1446,1.937048,1
1447,3.412972,0
1448,0.322005,1
1449,0.328232,1
1450,0.125527,1
1451,2.811311,1
1452,0.408241,0
1453,1.181048,0
1454,5.251523,1
1455,2.941205,1
1456,3.563408,1
1457,1.669836,1
1458,0.482204,1
1459,1.185642,1
1460,2.796868,1
1461,1.552159,0
1462,1.776552,1
1463,0.585102,1
1464,0.277066,1
1465,2.27302,1
1466,0.277812,1
1467,2.661582,1
1468,0.51983,1
1469,5.486024,1
1470,0.594882,1
1471,0.387124,1
1472,0.127273,1
1473,4.029692,1
1474,2.598609,1
1475,0.711329,0
1476,0.309694,1
1477,0.364835,1
1478,0.095029,0
1479,0.160536,1
1480,0.061262,0
1481,2.20095,1
1482,2.027111,1
1483,0.375219,1
1484,3.069942,0
1485,0.579364,1
1486,1.043393,1
1487,1.709725,1
1488,2.69587,1
1489,2.131667,1
1490,2.648591,0
1491,0.300085,1
1492,2.71832,1
1493,4.134185,1
1494,4.868933,1
1495,0.897331,0
1496,6.018615,0
1497,5.260444,1
1498,0.246669,1
1499,2.353743,0
1500,0.501996,0
1501,0.360468,1
1502,1.247402,0
1503,1.15211,0
1504,2.025076,0
1505,0.573264,1
1506,2.994864,1
1507,0.782086,0
1508,2.918825,0
1509,0.712556,1
1510,1.105267,0
1511,2.950111,1
1512,0.919255,0
1513,2.302365,1
1514,1.544953,0
1515,3.875741,0
1516,2.481873,1
1517,2.707311,0
1518,2.701684,0
1519,0.720465,1
1520,0.2623,1
1521,1.897732,1
1522,2.337317,1
1523,1.643108,1
1524,0.548381,1
1525,0.369887,1
1526,0.049128,1
1527,0.692692,1
1528,1.695592,1
1529,5.21414,0
1530,3.312068,1
1531,1.097091,1
1532,3.244832,1
1533,0.283834,1
1534,0.562117,1
1535,2.952127,1
1536,1.271903,0
1537,3.297188,0
1538,1.553794,1
1539,0.105556,1
1540,0.033792,0
1541,0.098121,0
1542,3.846666,0
1543,0.20157,1
1544,0.035039,0
1545,5.532545,0
1546,4.323627,1
1547,2.32865,1
1548,1.519527,0
1549,1.279339,0
1550,1.586348,1
1551,1.170837,0
1552,2.997883,1
1553,0.662971,1
1554,0.066783,1
1555,0.051703,0
1556,0.384075,1
1557,1.639957,0
1558,0.217215,1
1559,1.071704,1
1560,4.03638,1
1561,2.839651,1
1562,1.934458,1
1563,3.691347,0
1564,3.408856,1
1565,1.692141,1
1566,1.643252,1
1567,2.163632,0
1568,2.149252,0
1569,4.52183,0
1570,0.585265,1
1571,2.446614,0
1572,2.435181,1
1573,3.47642,0
1574,2.822776,0
1575,3.93529,1
1576,1.639315,0
1577,2.223251,1
1578,0.370782,0
1579,0.244267,1
1580,1.95941,0
1581,0.23471,1
1582,0.135103,1
1583,4.19571,1
1584,0.807379,1
1585,1.546687,1
1586,3.881772,1
1587,2.17399,0
1588,2.048185,0
1589,3.255585,0
1590,1.299498,1
1591,4.09558,1
1592,0.889341,0
1593,0.169159,1
1594,0.995129,0
1595,1.363853,0
1596,4.682308,1
1597,0.068749,0
1598,2.230664,0
1599,3.440061,0
1600,2.061114,1
1601,2.535094,0
1602,4.198239,1
1603,1.952071,0
1604,2.526912,0
1605,0.154674,1
1606,0.114892,1
1607,3.220558,1
1608,4.480314,0
1609,0.13047,1
1610,2.080713,1
1611,0.158735,1
1612,2.984609,0
1613,0.114602,0
1614,1.444733,0
1615,0.230185,1
1616,4.016476,0
1617,0.608452,1
1618,0.373136,1
1619,0.262124,1
1620,4.065098,0
1621,2.58847,1
1622,0.605784,1
1623,1.563668,0
1624,4.132517,0
1625,0.106844,0
1626,0.12671,1
1627,1.508609,1
1628,0.105346,0
1629,1.554343,1
1630,3.538231,1
1631,0.047134,1
1632,0.183186,1
1633,0.042231,1
1634,0.336822,1
1635,1.406563,0
1636,1.851348,0
1637,2.911161,1
1638,1.923587,1
1639,1.154375,1
1640,0.14012,1
1641,4.181127,1
1642,4.973002,1
1643,1.867005,1
1644,2.427465,1
1645,0.309418,1
1646,1.199286,1
1647,4.611282,1
1648,1.453848,0
1649,1.503213,0
1650,0.221603,1
1651,0.262671,1
1652,1.471885,1
1653,3.454747,1
1654,2.281329,0
1655,1.983414,1
1656,4.139717,1
1657,2.357291,0
1658,0.225304,1
1659,0.301446,1
1660,3.055297,1
1661,3.796015,0
1662,2.441129,0
1663,0.924834,1
1664,0.990372,1
1665,5.570839,1
1666,0.291144,0
1667,4.762493,1
1668,0.338463,1
1669,1.456298,0
1670,0.123587,0
1671,2.773072,1
1672,2.775467,1
1673,2.926336,0
1674,0.459568,1
1675,1.562108,0
1676,1.917792,1
1677,0.888208,0
1678,0.633537,0
1679,3.014436,1
1680,2.935208,1
1681,0.175879,1
1682,3.403578,1
1683,2.629821,0
1684,3.325092,1
1685,0.828403,0
1686,0.984892,1
1687,0.037156,0
1688,1.201083,1
1689,0.077421,1
1690,0.070517,0
1691,2.003739,1
1692,0.727983,1
1693,3.038482,1
1694,0.131851,0
1695,0.664698,1
1696,1.615545,1
1697,0.19366,1
1698,3.285454,0
1699,2.978727,1
1700,4.827853,1
1701,0.752181,1
1702,0.743432,0
1703,1.133167,1
1704,1.650884,1
1705,4.328851,0
1706,2.037379,0
1707,2.351503,1
1708,0.259978,1
1709,5.322473,0
1710,0.270096,1
1711,0.124038,1
1712,1.269112,1
1713,1.246698,0
1714,1.596203,0
1715,2.7414,1
1716,1.915303,1
1717,0.817437,1
1718,0.775786,1
1719,0.144909,1
1720,1.78481,0
1721,3.468589,1
1722,0.068543,0
1723,0.062246,0
1724,1.769793,1
1725,0.161168,1
1726,1.656722,0
1727,2.469445,1
1728,0.208902,1
1729,1.14986,1
1730,3.485115,1
1731,1.303796,0
1732,4.784498,0
1733,2.085036,1
1734,1.238343,1
1735,3.973908,1
1736,0.05994,0
1737,0.250179,0
1738,0.031886,0
1739,0.173863,1
1740,0.48957,1
1741,1.22503,0
1742,2.681871,0
1743,3.007048,0
1744,0.394176,0
1745,0.123638,1
1746,0.768003,1
1747,0.796312,0
1748,0.428412,1
1749,2.70688,1
1750,0.39795,1
1751,4.219849,1
1752,0.094869,1
1753,0.720169,1
1754,3.508263,0
1755,0.837008,1
1756,0.263021,1
1757,1.182017,0
1758,3.422052,0
1759,4.299397,1
1760,5.528873,1
1761,0.151602,1
1762,0.21626,1
1763,0.085146,0
1764,3.163109,0
1765,0.043825,1
1766,0.427647,1
1767,0.255346,1
1768,2.581001,1
1769,3.69874,0
1770,2.835745,1
1771,1.573494,0
1772,0.832376,0
1773,1.927638,1
1774,0.272782,1
1775,0.320479,1
1776,0.31338,1
1777,5.494519,1
1778,1.769052,0
1779,0.088212,1
1780,2.718256,1
1781,0.231184,1
1782,2.229036,1
1783,0.643902,1
1784,1.183271,1
1785,0.580834,1
1786,0.281052,1
1787,1.745263,1
1788,0.265453,1
1789,5.496933,1
1790,0.263859,1
1791,0.365247,1
1792,2.424813,0
1793,1.304443,1
1794,0.225979,0
1795,2.518265,0
1796,2.202723,1
1797,3.404032,1
1798,2.785914,0
1799,1.733451,1
1800,2.502032,1
1801,0.209181,1
1802,0.322138,1
1803,4.152365,1
1804,0.606937,1
1805,6.114349,0
1806,1.094065,0
1807,0.71075,0
1808,3.195571,0
1809,0.044488,0
1810,3.82294,0
1811,1.362889,1
1812,2.719463,1
1813,1.50631,1
1814,0.124054,1
1815,1.315638,1
1816,0.588778,1
1817,2.889068,1
1818,1.349352,1
1819,1.959308,0
1820,3.379882,1
1821,2.07996,1
1822,3.068448,1
1823,0.347807,1
1824,0.433793,1
1825,4.390605,1
1826,0.480402,1
1827,0.244988,1
1828,4.225736,1
1829,1.774728,1
1830,1.897914,1
1831,4.528972,1
1832,6.172991,1
1833,0.048696,0
1834,3.867136,1
1835,0.124713,0
1836,1.331857,0
1837,5.270591,0
1838,0.712334,0
1839,0.266515,1
1840,3.926589,0
1841,2.751288,1
1842,4.617393,1
1843,2.089883,1
1844,1.154926,1
1845,1.877414,0
1846,1.650078,1
1847,1.335862,0
1848,1.62763,1
1849,2.2181,0
1850,0.544415,0
1851,0.733028,1
1852,5.294238,1
1853,2.815789,1
1854,0.131948,1
1855,0.61064,1
1856,4.710514,1
1857,2.785763,1
1858,1.300442,0
1859,0.742888,1
1860,0.317131,0
1861,0.172699,1
1862,0.456321,1
1863,0.126233,1
1864,2.495919,0
1865,5.106093,0
1866,2.554311,1
1867,2.212528,0
1868,0.120808,0
1869,4.898226,1
1870,3.094435,1
1871,1.543121,0
1872,2.168663,1
1873,2.576796,1
1874,0.093765,1
1875,1.610442,0
1876,0.238195,1
1877,3.873162,1
1878,0.058036,0
1879,2.007238,1
1880,0.271829,1
1881,0.092812,0
1882,0.58746,1
1883,3.839685,1
1884,3.750648,1
1885,1.19262,1
1886,4.733003,1
1887,0.832989,1
1888,1.7462,0
1889,2.551543,1
1890,0.053365,1
1891,5.48537,0
1892,4.537988,1
1893,2.093063,0
1894,0.367107,1
1895,0.297847,1
1896,3.117796,1
1897,0.025895,0
1898,1.086706,0
1899,0.140784,1
1900,0.243514,1
1901,0.46,1
1902,1.640523,1
1903,0.402667,0
1904,2.002105,0
1905,0.132757,1
1906,0.569532,1
1907,0.593894,1
1908,2.877108,0
1909,4.222396,1
1910,1.442463,1
1911,1.915604,0
1912,1.644924,1
1913,1.972953,0
1914,0.296106,1
1915,0.343851,0
1916,4.679726,0
1917,0.158862,1
1918,2.179256,0
1919,0.333205,1
1920,3.50999,1
1921,0.105263,1
1922,2.670997,0
1923,0.128575,1
1924,3.38709,1
1925,0.854151,0
1926,2.904439,1
1927,2.57873,0
1928,2.345402,0
1929,0.724146,0
1930,0.827049,1
1931,2.057543,1
1932,0.850345,0
1933,2.484723,1
1934,3.729336,1
1935,0.364794,1
1936,2.481285,1
1937,2.613778,0
1938,1.762664,0
1939,3.019369,0
1940,2.652207,0
1941,1.160351,0
1942,0.440036,0
1943,0.594755,1
1944,0.175168,0
1945,0.059256,1
1946,0.641714,0
1947,3.063149,1
1948,0.787207,1
1949,0.267778,1
1950,3.80018,1
1951,3.289062,1
1952,1.514988,0
1953,2.569375,0
1954,1.417092,0
1955,0.089322,1
1956,0.97838,1
1957,2.238635,1
1958,2.358397,1
1959,0.068997,0
1960,4.682746,0
1961,3.699727,1
1962,2.05917,1
1963,1.546825,0
1964,1.014549,1
1965,0.234352,1
1966,0.0666,0
1967,4.289474,0
1968,0.079314,1
1969,1.206351,1
1970,6.112988,0
1971,3.392812,1
1972,0.451622,0
1973,0.33987,1
1974,4.819993,1
1975,3.163683,0
1976,3.639003,1
1977,0.125502,1
1978,0.076981,1
1979,0.671858,0
1980,2.245322,0
1981,0.188961,1
1982,1.45201,1
1983,1.830276,1
1984,4.536444,0
1985,3.07804,1
1986,1.644701,1
1987,1.68475,0
1988,4.101668,1
1989,4.004891,1
1990,0.555254,0
1991,2.010812,0
1992,3.659819,1
1993,0.027808,0
1994,3.954616,1
1995,2.486421,0
1996,0.123194,1
1997,0.818652,1
1998,0.898393,1
1999,0.270273,0
2000,4.387296,0
2001,1.801795,1
2002,2.189652,0
2003,1.088464,1
2004,0.131448,1
2005,3.653254,1
2006,0.072702,0
2007,3.960664,1
2008,4.571826,0
2009,2.870988,1
2010,2.279619,1
2011,0.229061,1
2012,0.327964,1
2013,0.070706,0
2014,6.536399,1
2015,4.338938,0
2016,3.393079,1
2017,2.614776,0
2018,0.251903,0
2019,0.520386,1
2020,0.199175,1
2021,1.944466,0
2022,0.361813,1
2023,0.418549,1
2024,2.771374,1
2025,3.659813,1
2026,4.813878,1
2027,1.011196,1
2028,0.231649,1
2029,1.122741,1
2030,1.97898,0
2031,2.692882,1
2032,2.41436,1
2033,2.470999,1
2034,0.642604,1
2035,2.00643,1
2036,0.233964,1
2037,0.638968,1
2038,2.55451,1
2039,0.395401,1
2040,0.350209,1
2041,0.445939,1
2042,0.119748,1
2043,2.227077,1
2044,0.188833,1
2045,5.775182,1
2046,0.562697,1
2047,0.388087,1
2048,0.660091,1
2049,1.871635,1
2050,1.291394,0
2051,0.063134,1
2052,0.176538,1
2053,2.111166,1
2054,0.438491,1
2055,0.86718,1
2056,5.791935,1
2057,0.613131,1
2058,1.919083,0
2059,0.257592,1
2060,1.956548,1
2061,5.036787,0
2062,0.552963,1
2063,1.926269,0
2064,0.156494,1
2065,0.633706,0
2066,0.344472,1
2067,0.413054,1
2068,5.165533,1
2069,0.89864,1
2070,0.574378,1
2071,1.611554,0
2072,3.876755,1
2073,0.511919,1
2074,0.044789,0
2075,0.170229,1
2076,0.621908,0
2077,0.455902,0
2078,0.561545,1
2079,1.454676,0
2080,0.178609,1
2081,1.50176,0
2082,0.298968,1
2083,1.196261,1
2084,2.868105,1
2085,4.277449,1
2086,5.211938,1
2087,5.457075,1
2088,1.42817,0
2089,0.062625,0
2090,2.580138,1
2091,0.567092,1
2092,0.114021,1
2093,0.089978,0
2094,1.567606,1
2095,0.617075,1
2096,0.810722,1
2097,1.812779,0
2098,0.282971,1
2099,0.403284,1
2100,2.204452,0
2101,6.211497,1
2102,3.589076,0
2103,3.285157,1
2104,2.099982,1
2105,3.193264,1
2106,0.644141,1
2107,2.179824,0
2108,0.133103,0
2109,3.349667,0
2110,1.884656,1
2111,0.179509,1
2112,4.651059,1
2113,2.530814,1
2114,1.28241,0
2115,0.356405,1
2116,0.209882,1
2117,4.31546,1
2118,0.051248,0
2119,0.179463,1
2120,0.22637,1
2121,0.307469,1
2122,2.067132,1
2123,0.401072,1
2124,4.688227,1
2125,4.414527,0
2126,0.343991,0
2127,1.48184,0
2128,2.202427,0
2129,2.24424,1
2130,0.149443,1
2131,0.372247,1
2132,2.816283,1
2133,1.189496,0
2134,5.001884,1
2135,5.121859,1
2136,0.12303,1
2137,0.19698,1
2138,0.53456,1
2139,0.103803,1
2140,0.821268,1
2141,1.675005,1
2142,1.60234,0
2143,1.856248,0
2144,1.377514,0
2145,1.943072,1
2146,0.102312,1
2147,0.293695,1
2148,7.855848,1
2149,0.517985,1
2150,3.095955,1
2151,0.437325,1
2152,0.673109,1
2153,0.552149,1
2154,0.072171,1
2155,0.18557,0
2156,0.192479,1
2157,1.625373,0
2158,0.311518,1
2159,0.27968,1
2160,0.632603,1
2161,0.135874,1
2162,0.039565,1
2163,4.051325,1
2164,0.401235,0
2165,0.166117,0
2166,0.203771,1
2167,0.5716,0
2168,2.164957,0
2169,0.476973,1
2170,1.009658,1
2171,0.206289,1
2172,0.223586,1
2173,1.396194,1
2174,1.105886,0
2175,0.200252,1
2176,0.207494,0
2177,2.471296,1
2178,0.27849,0
2179,3.311197,0
2180,0.172117,1
2181,0.099441,0
2182,4.006815,0
2183,1.462926,0
2184,2.206274,0
2185,1.81243,1
2186,1.314426,0
2187,0.252787,1
2188,1.272781,0
2189,0.665657,1
2190,0.815399,1
2191,0.609768,1
2192,0.142961,1
2193,1.756416,0
2194,4.967557,0
2195,0.433079,1
2196,0.062603,0
2197,1.316886,1
2198,1.344776,0
2199,2.058723,0
2200,0.512321,1
2201,0.357801,1
2202,0.132157,1
2203,3.938842,1
2204,4.316179,0
2205,2.438949,1
2206,0.463089,1
2207,0.494606,1
2208,0.833101,0
2209,1.371197,0
2210,2.207669,1
2211,5.332625,1
2212,1.86991,0
2213,2.733546,0
2214,1.404333,0
2215,2.867414,1
2216,1.935335,1
2217,0.675204,1
2218,2.343685,1
2219,0.383828,1
2220,0.096898,0
2221,4.865675,0
2222,0.433064,1
2223,1.188749,1
2224,0.260152,1
2225,2.72817,1
2226,4.600409,1
2227,2.54407,1
2228,1.056541,1
2229,0.872133,1
2230,2.489555,0
2231,1.809777,0
2232,0.296302,1
2233,2.720923,1
2234,0.470958,1
2235,0.717306,1
2236,2.497324,1
2237,1.932296,0
2238,0.434699,0
2239,0.103564,1
2240,0.433425,1
2241,1.407511,0
2242,0.667707,1
2243,0.228911,1
2244,2.137021,1
2245,2.149107,1
2246,0.635421,1
2247,0.235215,0
2248,0.31521,1
2249,1.435189,1
2250,0.321229,0
2251,0.051521,0
2252,0.355709,0
2253,0.218309,1
2254,0.058899,0
2255,2.333224,0
2256,0.5194,1
2257,3.707196,1
2258,4.689738,0
2259,0.14557,0
2260,1.23393,0
2261,4.91598,0
2262,2.557976,0
2263,0.1948,1
2264,0.178373,1
2265,0.179307,0
2266,0.175532,1
2267,0.488988,1
2268,2.19361,1
2269,1.333458,0
2270,4.046347,1
2271,0.225584,1
2272,3.96029,0
2273,2.910739,0
2274,0.098568,1
2275,2.626032,1
2276,2.310457,1
2277,0.17577,0
2278,0.212153,0
2279,1.381244,0
2280,0.138008,1
2281,0.102448,1
2282,0.234087,1
2283,0.175753,1
2284,2.633306,1
2285,0.523631,0
2286,0.03988,1
2287,0.167215,1
2288,0.323628,1
2289,0.052642,0
2290,0.462612,0
2291,1.250111,1
2292,6.107258,1
2293,3.30759,1
2294,2.189734,1
2295,0.093492,0
2296,3.107149,0
2297,0.692179,1
2298,0.151484,0
2299,3.849098,0
2300,2.073507,1
2301,0.142023,1
2302,0.454814,0
2303,3.519684,1
2304,0.262856,1
2305,0.527598,1
2306,1.80099,0
2307,0.089599,1
2308,2.393843,1
2309,0.06127,0
2310,3.663268,0
2311,1.758736,1
2312,0.140983,1
2313,5.393316,0
2314,0.045075,0
2315,2.55583,0
2316,0.786828,1
2317,0.072733,1
2318,2.415348,0
2319,2.379139,1
2320,2.301954,0
2321,1.359617,0
2322,4.317338,0
2323,0.212906,0
2324,0.113171,1
2325,1.941057,1
2326,0.100341,1
2327,0.327682,1
2328,1.025983,0
2329,1.714581,0
2330,0.194309,0
2331,0.12556,1
2332,0.118201,1
2333,5.272754,0
2334,3.328749,1
2335,2.79625,0
2336,1.845524,1
2337,0.262429,1
2338,0.239693,1
2339,0.685072,1
2340,0.155811,1
2341,2.980255,1
2342,3.589851,0
2343,4.161906,1
2344,0.241532,0
2345,0.209024,1
2346,0.097248,0
2347,2.033276,1
2348,4.499796,1
2349,0.839003,1
2350,1.280402,1
2351,4.051123,0
2352,0.670359,1
2353,4.30149,1
2354,4.53809,0
2355,0.546728,1
2356,1.361973,1
2357,4.061971,1
2358,3.846212,0
2359,2.381397,1
2360,0.379211,1
2361,0.341973,0
2362,0.377641,1
2363,2.735587,1
2364,1.077885,1
2365,2.252712,1
2366,0.149446,0
2367,0.521186,0
2368,0.104277,1
2369,5.228214,1
2370,3.428408,1
2371,2.00479,0
2372,2.330125,1
2373,1.756505,1
2374,1.801419,1
2375,1.229348,1
2376,0.543462,1
2377,1.89419,1
2378,0.589835,1
2379,0.390404,1
2380,0.58906,1
2381,4.442839,0
2382,2.23503,0
2383,0.792594,1
2384,4.15001,1
2385,2.23407,0
2386,0.826621,1
2387,0.967967,0
2388,1.594244,1
2389,0.612676,1
2390,1.614311,0
2391,0.276464,1
2392,0.843181,1
2393,2.059522,0
2394,0.45145,1
2395,1.489202,1
2396,2.76545,0
2397,0.447537,1
2398,3.433732,1
2399,0.207441,1
2400,1.002317,0
2401,0.131839,1
2402,0.241447,1
2403,4.232498,1
2404,0.552708,1
2405,2.972944,0
2406,1.062873,0
2407,0.351333,1
2408,0.258424,1
2409,5.497349,1
2410,5.633062,0
2411,0.451623,1
2412,1.020754,0
2413,0.222518,1
2414,0.089355,1
2415,1.847422,0
2416,1.996999,0
2417,0.194419,1
2418,2.688645,0
2419,0.033222,0
2420,1.225618,0
2421,0.123143,1
2422,0.163185,0
2423,5.144478,0
2424,0.548072,1
2425,0.643361,1
2426,3.041361,1
2427,1.959203,0
2428,0.225864,1
2429,0.229448,1
2430,2.093432,1
2431,0.330576,1
2432,0.203412,1
2433,0.393368,0
2434,1.182138,1
2435,4.347931,0
2436,3.39324,0
2437,2.549415,1
2438,1.026761,0
2439,2.631595,1
2440,0.509615,1
2441,7.024948,1
2442,1.590126,1
2443,1.80192,0
2444,0.417796,1
2445,5.078599,1
2446,5.883977,1
2447,0.115768,0
2448,1.895303,1
2449,2.443978,0
2450,0.13239,0
2451,1.941722,0
2452,2.490623,1
2453,0.859168,1
2454,0.817861,1
2455,4.95862,1
2456,0.873146,0
2457,0.032195,0
2458,0.109552,0
2459,0.234538,0
2460,0.121223,0
2461,0.182289,1
2462,0.273492,1
2463,0.240704,1
2464,4.025785,1
2465,0.111925,1
2466,1.030949,0
2467,4.415722,1
2468,0.916658,1
2469,3.157514,1
2470,1.404315,1
2471,1.31775,1
2472,0.042252,1
2473,3.163105,1
2474,1.435797,0
2475,1.933288,0
2476,4.921691,1
2477,0.16721,0
2478,0.211343,1
2479,3.743932,1
2480,0.032676,0
2481,1.868808,1
2482,0.906777,0
2483,0.152145,1
2484,0.113153,0
2485,3.161011,0
2486,0.664998,1
2487,0.442025,1
2488,2.216221,1
2489,0.344124,1
2490,0.827781,0
2491,1.260181,1
2492,2.760271,1
2493,2.619558,1
2494,0.307103,1
2495,2.402009,1
2496,0.640967,1
2497,0.285765,1
2498,5.101718,0
2499,0.956237,1
2500,1.560579,0
2501,3.767965,0
2502,0.165379,1
2503,0.231975,1
2504,0.495589,1
2505,2.583774,0
2506,0.436556,1
2507,2.533909,1
2508,0.849974,1
2509,0.050226,0
2510,0.297294,1
2511,0.254137,1
2512,0.305424,1
2513,0.151745,1
2514,4.466023,0
2515,0.556808,1
2516,1.255399,1
2517,0.333318,1
2518,2.332483,1
2519,2.592836,0
2520,0.490402,1
2521,0.298874,1
2522,0.700418,1
2523,2.044525,1
2524,1.422418,0
2525,4.850783,1
2526,0.256395,1
2527,0.284994,1
2528,3.63818,0
2529,4.809154,1
2530,1.095286,0
2531,0.145015,1
2532,1.733347,0
2533,1.789355,1
2534,3.2107,0
2535,0.827679,0
2536,0.01778,0
2537,2.903901,0
2538,2.906375,0
2539,2.818786,0
2540,0.481953,1
2541,1.881083,1
2542,1.689833,0
2543,2.96935,1
2544,0.568916,1
2545,0.03455,0
2546,0.500009,0
2547,3.228362,1
2548,3.452732,0
2549,0.298789,1
2550,5.559191,1
2551,3.529362,1
2552,3.322683,0
2553,2.9042,1
2554,0.21949,1
2555,2.005183,1
2556,0.756488,1
2557,4.932615,1
2558,4.425001,1
2559,0.544645,1
2560,0.726464,0
2561,0.315852,1
2562,4.483683,1
2563,2.63519,0
2564,4.888877,1
2565,3.184588,1
2566,3.335505,0
2567,0.223308,1
2568,0.320731,1
2569,1.586812,0
2570,0.44795,1
2571,5.647959,0
2572,1.679372,0
2573,2.942481,1
2574,0.293646,1
2575,0.203972,1
2576,0.706407,0
2577,0.207229,1
2578,2.616211,1
2579,1.284273,0
2580,2.372633,1
2581,0.189469,1
2582,1.313482,1
2583,2.551526,1
2584,0.253018,1
2585,0.499717,1
2586,1.393077,0
2587,1.35567,1
2588,0.468432,1
2589,0.534273,1
2590,1.934818,0
2591,1.427477,0
2592,0.19736,1
2593,0.186513,1
2594,3.244451,0
2595,2.292167,1
2596,0.073974,0
2597,0.633316,1
2598,0.313462,1
2599,3.032744,1
2600,4.657247,0
2601,5.016629,1
2602,2.807131,1
2603,0.223726,1
2604,0.15488,1
2605,0.096517,0
2606,2.515972,0
2607,0.210649,1
2608,0.728636,1
2609,0.092297,0
2610,0.499845,1
2611,3.730659,0
2612,2.049618,1
2613,2.028223,1
2614,0.816704,0
2615,2.03638,1
2616,0.17889,1
2617,0.192016,1
2618,2.239683,1
2619,1.508952,0
2620,0.149981,1
2621,2.623928,1
2622,1.841088,1
2623,1.564896,1
2624,0.604161,1
2625,2.441929,0
2626,2.87676,0
2627,0.708589,1
2628,1.754218,0
2629,2.483044,1
2630,0.611124,0
2631,3.983796,1
2632,3.23646,0
2633,1.771019,0
2634,2.895481,1
2635,1.997096,1
2636,0.671173,1
2637,0.268692,1
2638,2.355827,1
2639,2.192725,0
2640,0.114562,0
2641,3.120507,0
2642,0.155339,1
2643,4.424087,0
2644,1.867311,1
2645,1.299764,0
2646,0.209323,1
2647,0.326183,1
2648,4.50687,0
2649,2.604346,0
2650,0.100313,1
2651,5.132761,1
2652,2.918514,1
2653,0.041076,1
2654,0.905523,0
2655,1.487902,1
2656,0.274424,1
2657,1.621907,0
2658,3.439901,1
2659,1.893189,1
2660,0.543569,1
2661,3.515376,1
2662,0.831942,1
2663,0.581363,1
2664,3.858591,0
2665,4.175632,1
2666,4.126064,0
2667,0.05966,0
2668,2.42786,1
2669,3.994036,1
2670,1.912245,0
2671,0.444142,1
2672,0.139155,1
2673,0.51432,1
2674,0.241252,1
2675,4.223669,1
2676,0.312054,1
2677,1.532714,1
2678,2.627529,1
2679,1.861804,0
2680,0.313318,0
2681,1.727352,1
2682,0.196456,1
2683,2.381749,1
2684,0.336297,1
2685,3.248546,0
2686,0.188067,1
2687,4.820249,1
2688,2.986176,1
2689,0.378508,1
2690,3.721773,1
2691,0.939512,0
2692,0.241825,1
2693,0.538153,1
2694,0.945924,1
2695,0.172736,1
2696,0.381712,1
2697,0.522348,1
2698,0.871854,1
2699,3.07387,1
2700,0.429344,1
2701,0.886108,1
2702,3.463444,0
2703,0.724832,0
2704,0.509765,1
2705,2.282052,1
2706,0.293458,1
2707,0.272646,1
2708,0.586246,1
2709,0.64605,0
2710,1.101193,1
2711,1.571455,0
2712,0.461179,0
2713,2.188509,0
2714,0.260403,1
2715,2.937951,1
2716,0.4999,1
2717,0.986686,0
2718,0.454901,1
2719,0.424831,1
2720,5.221487,0
2721,5.928435,0
2722,0.821659,0
2723,0.558254,1
2724,1.038447,0
2725,0.428571,0
2726,4.018632,0
2727,1.610949,1
2728,3.017068,0
2729,0.181514,1
2730,1.293139,0
2731,3.211253,1
2732,0.300445,0
2733,0.402817,1
2734,0.185179,0
2735,3.554347,0
2736,3.298914,1
2737,4.877841,1
2738,2.425024,1
2739,3.368732,1
2740,0.284166,1
2741,3.274753,0
2742,1.73434,0
2743,0.335807,1
2744,0.279337,0
2745,1.855406,1
2746,0.713689,1
2747,4.48414,0
2748,0.057709,1
2749,6.316298,0
2750,3.173561,1
2751,4.615956,1
2752,0.476656,1
2753,0.697945,1
2754,0.832265,1
2755,1.812575,1
2756,2.831635,1
2757,4.331856,0
2758,4.725917,0
2759,1.481066,1
2760,0.237017,1
2761,0.927265,1
2762,2.264329,1
2763,0.159438,1
2764,1.67379,0
2765,3.187445,0
2766,1.218461,0
2767,0.49956,0
2768,3.971377,0
2769,0.308337,1
2770,1.732687,1
2771,0.120928,1
2772,1.016617,0
2773,0.119238,1
2774,4.519127,0
2775,1.767558,1
2776,0.15977,0
2777,0.035092,0
2778,1.001617,1
2779,1.528074,1
2780,0.24484,1
2781,0.182922,1
2782,1.93191,1
2783,0.118055,1
2784,0.382853,0
2785,3.84339,0
2786,0.089522,1
2787,5.396259,1
2788,0.130019,1
2789,2.171339,0
2790,0.144346,1
2791,4.956067,0
2792,0.254454,1
2793,1.478787,0
2794,0.911237,1
2795,1.57909,1
2796,3.232364,0
2797,1.503381,0
2798,0.543339,1
2799,4.65158,0
2800,0.420289,1
2801,0.777148,0
2802,1.591122,1
2803,0.205398,1
2804,0.129344,1
2805,4.167531,1
2806,1.379113,1
2807,0.124498,1
2808,2.804731,0
2809,1.502429,0
2810,0.069533,1
2811,0.331567,0
2812,0.332523,1
2813,0.252517,1
2814,1.707685,1
2815,1.134543,1
2816,0.547237,1
2817,1.806018,0
2818,1.393722,1
2819,0.203548,1
2820,0.240098,1
2821,2.822534,0
2822,1.969083,1
2823,5.514858,1
2824,4.321189,1
2825,0.38127,1
2826,1.412278,1
2827,0.214465,1
2828,0.444127,1
2829,0.262987,1
2830,4.267528,1
2831,0.158174,1
2832,4.635167,1
2833,4.056533,0
2834,0.412461,1
2835,1.962982,0
2836,1.78443,1
2837,4.997332,1
2838,4.877309,1
2839,0.250022,1
2840,3.476465,1
2841,3.108137,1
2842,4.257567,1
2843,2.702333,1
2844,0.737401,1
2845,0.119666,1
2846,4.34262,0
2847,3.746836,0
2848,0.754652,1
2849,0.217974,1
2850,0.098142,1
2851,2.91739,1
2852,0.247166,1
2853,3.337373,0
2854,0.506226,1
2855,4.348327,0
2856,2.161157,1
2857,2.585284,1
2858,3.086115,1
2859,1.872996,1
2860,3.698775,1
2861,0.367011,1
2862,0.460461,1
2863,0.096411,1
2864,0.921435,1
2865,0.107214,0
2866,3.640244,0
2867,1.507778,0
2868,5.839003,0
2869,4.003245,1
2870,1.706244,0
2871,3.034512,1
2872,1.397328,1
2873,1.105751,1
2874,1.814659,0
2875,0.588667,1
2876,3.835264,0
2877,0.536665,1
2878,2.313514,0
2879,4.676511,1
2880,0.64814,1
2881,0.85403,1
2882,2.217627,0
2883,0.896188,0
2884,5.141112,1
2885,0.217337,0
2886,2.360521,1
2887,0.892168,0
2888,1.840257,1
2889,0.292743,1
2890,3.452478,0
2891,0.060302,0
2892,0.263009,1
2893,0.450565,1
2894,0.121434,1
2895,4.534059,1
2896,4.774575,0
2897,0.352882,0
2898,0.08096,1
2899,0.201353,1
2900,0.57036,1
2901,2.183917,0
2902,0.646082,1
2903,1.689394,0
2904,1.037075,0
2905,2.178145,1
2906,0.220363,1
2907,0.47081,0
2908,0.657646,0
2909,0.418417,1
2910,0.090788,1
2911,1.025114,1
2912,0.045341,0
2913,2.245721,1
2914,2.944589,1
2915,5.073658,0
2916,1.791554,1
2917,3.157736,0
2918,2.126943,0
2919,2.565003,0
2920,4.394979,1
2921,0.44546,1
2922,1.961415,1
2923,1.734021,1
2924,1.056967,1
2925,0.135071,1
2926,0.704159,1
2927,1.90027,1
2928,0.020917,0
2929,1.138029,1
2930,0.123452,1
2931,1.442495,0
2932,3.229325,0
2933,0.644825,0
2934,3.005822,0
2935,2.316202,0
2936,3.078429,1
2937,4.022192,0
2938,3.083356,1
2939,2.98189,1
2940,0.618102,1
2941,0.874874,1
2942,0.430385,1
2943,2.900167,1
2944,4.117839,0
2945,0.045386,1
2946,0.260725,1
2947,0.464766,1
2948,0.389102,1
2949,0.062154,0
2950,2.9012,1
2951,1.083419,0
2952,2.482936,1
2953,0.761147,1
2954,2.193669,0
2955,4.79599,1
2956,0.122339,0
2957,3.214707,1
2958,3.543403,1
2959,2.475305,1
2960,0.058942,0
2961,1.718186,0
2962,1.690652,1
2963,2.581036,1
2964,0.25427,1
2965,1.61165,0
2966,1.057134,0
2967,1.232146,0
2968,5.043379,1
2969,0.358091,0
2970,1.376872,1
2971,1.840585,0
2972,1.849048,0
2973,0.076549,0
2974,3.477473,0
2975,0.084608,0
2976,0.211337,1
2977,1.259492,1
2978,0.174392,0
2979,1.781153,1
2980,0.080942,0
2981,4.616295,1
2982,2.139084,1
2983,4.70937,1
2984,2.074059,1
2985,1.837257,0
2986,0.669252,1
2987,5.086865,1
2988,1.898602,1
2989,0.127071,1
2990,1.489303,1
2991,3.778671,0
2992,5.690458,1
2993,0.990705,1
2994,1.004243,1
2995,0.413261,1
2996,0.626669,0
2997,0.731808,0
2998,1.357413,1
2999,0.618276,1
3000,1.284976,1
3001,2.607736,0
3002,0.105343,1
3003,0.159352,1
3004,1.914171,0
3005,2.025451,0
3006,0.311512,1
3007,0.537231,0
3008,2.401267,0
3009,0.495426,1
3010,0.102947,1
3011,4.603786,0
3012,0.300677,1
3013,2.284938,1
3014,1.850865,1
3015,3.086682,1
3016,4.044763,0
3017,3.253565,0
3018,0.230082,1
3019,0.157429,0
3020,0.499057,1
3021,4.967916,0
3022,0.175973,1
3023,0.401999,1
3024,2.608325,0
3025,0.492,1
3026,2.800018,1
3027,3.012027,1
3028,0.052467,0
3029,3.693453,1
3030,0.842887,1
3031,0.939136,1
3032,0.108573,1
3033,3.565867,1
3034,0.190098,1
3035,0.216223,1
3036,3.226108,1
3037,2.442187,0
3038,0.408915,1
3039,1.083276,1
3040,3.206348,1
3041,2.468143,1
3042,0.55086,1
3043,0.678462,1
3044,1.546355,1
3045,3.067255,1
3046,0.050012,0
3047,2.075835,1
3048,2.212445,1
3049,4.399428,0
3050,1.709467,1
3051,0.245751,0
3052,0.053679,0
3053,0.570289,1
3054,1.733884,0
3055,0.529141,0
3056,0.847076,0
3057,3.084045,1
3058,4.271494,1
3059,4.035066,0
3060,0.726367,1
3061,0.947149,0
3062,3.543204,1
3063,0.476695,1
3064,1.000136,1
3065,0.07612,1
3066,4.80957,0
3067,4.202117,0
3068,2.227001,0
3069,0.474874,1
3070,0.084807,0
3071,1.070953,0
3072,2.2534,1
3073,2.302886,1
3074,0.114691,0
3075,0.833607,1
3076,1.698698,0
3077,0.255463,1
3078,0.246837,1
3079,0.133421,1
3080,5.113656,1
3081,1.36895,0
3082,0.528471,1
3083,0.327982,0
3084,1.13994,0
3085,2.433478,1
3086,1.383721,0
3087,0.202123,1
3088,2.876531,1
3089,2.014856,1
3090,0.038451,1
3091,2.053489,0
3092,0.530786,1
3093,2.07189,1
3094,0.216989,1
3095,0.230158,1
3096,1.232092,0
3097,0.129748,0
3098,0.234254,1
3099,3.336701,0
3100,4.773987,0
3101,0.128755,1
3102,0.340356,1
3103,4.670053,0
3104,0.658541,1
3105,0.28466,1
3106,0.27126,1
3107,0.117899,1
3108,0.094716,1
3109,3.877553,0
3110,0.121873,0
3111,0.367952,1
3112,0.710418,1
3113,5.597219,0
3114,3.829115,1
3115,0.372637,1
3116,4.777319,1
3117,2.975992,1
3118,4.108572,0
3119,2.881056,0
3120,0.483947,1
3121,0.683199,0
3122,1.424734,1
3123,3.490441,1
3124,0.071273,1
3125,0.2227,1
3126,0.679558,0
3127,0.061713,0
3128,0.476811,1
3129,0.586235,1
3130,0.142178,1
3131,0.091727,0
3132,5.188288,1
3133,0.053974,0
3134,0.240938,1
3135,0.880125,0
3136,1.854165,0
3137,0.1845,1
3138,0.171516,1
3139,0.151199,1
3140,1.915238,1
3141,0.77361,1
3142,4.879905,0
3143,0.053689,0
3144,1.371598,1
3145,0.447701,1
3146,4.313234,1
3147,5.254059,0
3148,0.0599,0
3149,1.508051,0
3150,4.381641,0
3151,4.169312,0
3152,2.774471,0
3153,3.993246,0
3154,2.233047,1
3155,0.138332,1
3156,0.234982,1
3157,0.297171,1
3158,0.406803,0
3159,0.140351,1
3160,1.887778,1
3161,0.299725,1
3162,4.770101,0
3163,2.726967,0
3164,0.552338,1
3165,3.349231,1
3166,2.231026,1
3167,1.921632,1
3168,0.44545,1
3169,0.303105,1
3170,5.544943,0
3171,0.105832,0
3172,1.582289,0
3173,3.275241,1
3174,1.79838,0
3175,5.401543,1
3176,2.066002,1
3177,3.546145,1
3178,0.33147,0
3179,0.35606,1
3180,0.23417,1
3181,0.153609,1
3182,2.127875,1
3183,2.045163,0
3184,3.197227,1
3185,0.381999,0
3186,1.941007,1
3187,2.91706,0
3188,0.15732,0
3189,1.290969,1
3190,0.160082,0
3191,1.648394,1
3192,2.703219,1
3193,0.153423,1
3194,2.306251,0
3195,0.365028,1
3196,3.482153,0
3197,1.743713,0
3198,0.094546,1
3199,0.513485,0
3200,0.245108,1
3201,1.871883,1
3202,1.915723,0
3203,0.45428,1
3204,3.70536,1
3205,0.495335,1
3206,0.802839,0
3207,0.564349,1
3208,0.657381,1
3209,0.795476,1
3210,1.294621,1
3211,0.316507,1
3212,4.126956,0
3213,4.096686,0
3214,1.767804,1
3215,5.456411,1
3216,0.328205,1
3217,1.162687,1
3218,3.271252,1
3219,0.040598,0
3220,4.785841,1
3221,3.332383,1
3222,0.803203,0
3223,0.544317,0
3224,1.307316,0
3225,2.209158,1
3226,0.64949,1
3227,2.889398,1
3228,1.2362,1
3229,4.356677,1
3230,1.56944,0
3231,1.669445,0
3232,2.135525,0
3233,4.502499,1
3234,0.375618,1
3235,3.028218,0
3236,0.884268,0
3237,4.454656,1
3238,0.523312,1
3239,0.49211,1
3240,3.075824,1
3241,2.879377,1
3242,1.767433,1
3243,2.570238,0
3244,2.202013,0
3245,0.525496,0
3246,4.807794,1
3247,4.857186,1
3248,5.157857,1
3249,5.742373,1
3250,0.54715,0
3251,1.499301,1
3252,3.498234,1
3253,1.220042,0
3254,1.728917,1
3255,0.163818,1
3256,1.501548,0
3257,2.492923,1
3258,1.231724,1
3259,0.258434,1
3260,0.094097,0
3261,0.513573,1
3262,4.090346,0
3263,0.190928,0
3264,2.046681,0
3265,4.394662,0
3266,2.422908,0
3267,0.049387,1
3268,2.129517,1
3269,1.873814,1
3270,2.155702,0
3271,0.07263,1
3272,0.101709,0
3273,0.051459,0
3274,1.494098,1
3275,0.4023,0
3276,0.205488,1
3277,1.393199,0
3278,5.383458,0
3279,0.179877,0
3280,4.550804,1
3281,4.856206,0
3282,1.627201,0
3283,0.790152,0
3284,0.787146,1
3285,0.242914,1
3286,0.167845,1
3287,2.040728,1
3288,0.554319,1
3289,3.856297,1
3290,1.285334,0
3291,0.287452,1
3292,1.989775,0
3293,0.065174,1
3294,0.349826,1
3295,2.60185,1
3296,0.426583,1
3297,1.665255,0
3298,1.629137,0
3299,0.117958,1
3300,0.334197,0
3301,0.095016,1
3302,0.286463,1
3303,1.466329,1
3304,2.503789,1
3305,2.01866,1
3306,0.532608,0
3307,1.956949,0
3308,2.638519,0
3309,0.726606,0
3310,0.566154,1
3311,0.268738,1
3312,0.32261,1
3313,0.052883,0
3314,0.394567,1
3315,4.205288,1
3316,0.136782,1
3317,0.265808,1
3318,3.399916,1
3319,0.43412,1
3320,5.597343,0
3321,3.958945,1
3322,0.199825,1
3323,1.354747,1
3324,1.679621,0
3325,1.548605,0
3326,2.482927,0
3327,0.790182,1
3328,0.665066,1
3329,0.836537,1
3330,4.402797,0
3331,1.723603,1
3332,0.108922,1
3333,0.503436,0
3334,0.130933,0
3335,2.930906,1
3336,0.84946,1
3337,0.162737,0
3338,1.529373,0
3339,1.488449,1
3340,3.32872,1
3341,3.83983,1
3342,0.180172,1
3343,3.934315,0
3344,0.138254,0
3345,3.070494,0
3346,0.100219,1
3347,0.571727,0
3348,5.161253,1
3349,0.950117,0
3350,1.569972,1
3351,0.241468,1
3352,4.322049,0
3353,0.364364,0
3354,3.417176,1
3355,0.685972,1
3356,0.328518,1
3357,5.188935,0
3358,1.142674,1
3359,1.422957,1
3360,2.098607,0
3361,2.350223,1
3362,2.858548,1
3363,3.053179,1
3364,1.596724,1
3365,0.523369,1
3366,0.110455,1
3367,3.700559,1
3368,0.493732,1
3369,0.169977,0
3370,1.764935,1
3371,0.274934,1
3372,0.064712,1
3373,2.272536,1
3374,3.945247,1
3375,1.617066,0
3376,3.33273,1
3377,0.166662,0
3378,0.265112,1
3379,2.201299,1
3380,1.56598,1
3381,4.070304,1
3382,1.273822,1
3383,3.170912,1
3384,0.063946,1
3385,0.474558,1
3386,5.086346,1
3387,3.445276,1
3388,2.109151,1
3389,3.128088,1
3390,0.347006,0
3391,0.975502,0
3392,0.152093,1
3393,1.598175,0
3394,1.127908,1
3395,0.336858,1
3396,1.513418,0
3397,1.40078,0
3398,1.194476,1
3399,2.46103,1
3400,2.25686,1
3401,2.298405,1
3402,0.442091,0
3403,1.630474,0
3404,0.871787,1
3405,3.914779,0
3406,1.513692,1
3407,1.551833,0
3408,3.949751,0
3409,3.070683,0
3410,5.477011,1
3411,4.278283,1
3412,1.494787,0
3413,1.305856,1
3414,1.713834,0
3415,0.452899,1
3416,1.71166,0
3417,1.042614,1
3418,1.973631,1
3419,0.204508,1
3420,2.126456,0
3421,0.993989,1
3422,4.975171,0
3423,2.485555,0
3424,2.409931,1
3425,0.099949,1
3426,1.682372,1
3427,1.195469,0
3428,4.212911,1
3429,0.262213,1
3430,2.154439,1
3431,2.098097,1
3432,2.348446,1
3433,0.417568,1
3434,2.983696,0
3435,0.112058,1
3436,3.257401,1
3437,0.050289,1
3438,0.527136,1
3439,2.756154,0
3440,3.016378,0
3441,0.303434,1
3442,2.326393,1
3443,0.066897,1
3444,0.279941,1
3445,0.937831,1
3446,0.091665,1
3447,0.097323,1
3448,3.682223,1
3449,1.843941,1
3450,0.566804,1
3451,0.247995,0
3452,0.363806,1
3453,2.320077,0
3454,2.210739,1
3455,3.044374,1
3456,3.943083,1
3457,3.017269,0
3458,1.473263,0
3459,1.384483,0
3460,0.242809,1
3461,0.123506,1
3462,0.278247,1
3463,0.382779,0
3464,1.801965,0
3465,0.05375,1
3466,2.397741,1
3467,0.062985,0
3468,0.561312,1
3469,1.462049,1
3470,0.294225,1
3471,2.253582,1
3472,4.355752,1
3473,0.17841,1
3474,2.188987,1
3475,0.838807,1
3476,3.902993,1
3477,4.822163,1
3478,2.178402,1
3479,2.070832,0
3480,2.291035,1
3481,0.050691,0
3482,2.676942,1
3483,2.040709,1
3484,0.14189,0
3485,0.296013,1
3486,0.212616,1
3487,3.280481,1
3488,0.37509,1
3489,2.751456,0
3490,6.462686,1
3491,0.227017,1
3492,3.136013,1
3493,1.503849,1
3494,0.219127,1
3495,1.500685,1
3496,0.761317,0
3497,0.712027,1
3498,4.731961,0
3499,3.635593,1
3500,2.01998,1
3501,1.586655,0
3502,0.259631,1
3503,2.909854,1
3504,0.536198,1
3505,0.374746,1
3506,0.064061,1
3507,2.782239,1
3508,0.431814,0
3509,4.175669,1
3510,4.341739,1
3511,3.912459,1
3512,0.160401,1
3513,3.501447,1
3514,4.951536,0
3515,2.125635,0
3516,2.495761,1
3517,1.414109,0
3518,3.902275,1
3519,0.288957,1
3520,5.213397,1
3521,3.980332,0
3522,0.673419,0
3523,1.826715,1
3524,1.044998,0
3525,1.130406,1
3526,2.672888,1
3527,2.795655,1
3528,2.795265,1
3529,2.158137,1
3530,0.364296,1
3531,0.202806,1
3532,2.047883,1
3533,0.397154,1
3534,5.171638,0
3535,0.80331,1
3536,4.081806,1
3537,1.692252,1
3538,0.146198,1
3539,0.174242,1
3540,3.681333,0
3541,0.092724,1
3542,2.215752,0
3543,4.199812,1
3544,0.231484,1
3545,0.288077,1
3546,1.692842,0
3547,0.02582,0
3548,2.591266,1
3549,4.826494,0
3550,0.427411,1
3551,2.784802,1
3552,0.730353,1
3553,2.261675,0
3554,0.10004,1
3555,3.564044,0
3556,0.030113,0
3557,0.091714,0
3558,0.893522,1
3559,1.902308,1
3560,0.421466,1
3561,2.26577,0
3562,4.157644,1
3563,4.229083,0
3564,3.265429,0
3565,0.506721,0
3566,0.661797,0
3567,2.223278,0
3568,1.907102,0
3569,0.628311,0
3570,0.049496,1
3571,0.160893,1
3572,3.013391,1
3573,0.460825,1
3574,0.906504,0
3575,3.825557,0
3576,2.208663,0
3577,0.512899,1
3578,4.494877,0
3579,2.844729,1
3580,3.32936,1
3581,4.261902,1
3582,4.357523,0
3583,1.050041,0
3584,2.334041,1
3585,0.797551,1
3586,0.107045,0
3587,5.186862,1
3588,0.682873,1
3589,1.095664,1
3590,2.47122,0
3591,1.993729,1
3592,0.122865,1
3593,1.249146,1
3594,1.723413,1
3595,1.306146,0
3596,0.356998,1
3597,1.425257,0
3598,3.012532,1
3599,0.141156,1
3600,0.627481,0
3601,0.404577,0
3602,2.457877,1
3603,0.152434,1
3604,1.585913,1
3605,1.320287,1
3606,0.510783,0
3607,2.501042,0
3608,0.429101,1
3609,0.327597,0
3610,1.702157,1
3611,4.02716,1
3612,0.049096,1
3613,4.335512,0
3614,3.164631,1
3615,0.450779,1
3616,0.66013,1
3617,0.330088,0
3618,0.77455,0
3619,3.736305,0
3620,0.100954,1
3621,5.826424,1
3622,2.242666,1
3623,0.125629,0
3624,1.09489,0
3625,2.022105,1
3626,2.384205,0
3627,1.897265,0
3628,0.070875,0
3629,4.107692,0
3630,1.547852,0
3631,1.554218,1
3632,0.126388,1
3633,2.537777,0
3634,1.904013,1
3635,2.771856,1
3636,1.24871,1
3637,1.516075,0
3638,4.006605,1
3639,0.168984,0
3640,3.017931,0
3641,0.207166,0
3642,0.975966,0
3643,4.283109,1
3644,1.406724,0
3645,4.309087,0
3646,4.041165,1
3647,2.787849,1
3648,4.30427,0
3649,0.618189,0
3650,4.121187,1
3651,0.296506,1
3652,4.204515,1
3653,3.406928,1
3654,4.446648,1
3655,1.67899,1
3656,2.029356,1
3657,3.044731,0
3658,2.504354,0
3659,0.627789,0
3660,0.116252,1
3661,0.135429,1
3662,3.103481,1
3663,0.261046,1
3664,1.797559,1
3665,0.415684,1
3666,0.214666,1
3667,5.335979,0
3668,2.030976,0
3669,1.537511,1
3670,1.389783,1
3671,1.144845,1
3672,4.798075,1
3673,0.180995,1
3674,2.852105,0
3675,5.5562,0
3676,1.091725,1
3677,0.877909,1
3678,0.361861,1
3679,0.379232,0
3680,3.318652,1
3681,2.592764,1
3682,3.840894,0
3683,2.794059,1
3684,0.20503,1
3685,2.921783,0
3686,1.836132,1
3687,0.394062,1
3688,1.510091,1
3689,0.089387,1
3690,0.207194,1
3691,1.020381,0
3692,0.138154,0
3693,0.075094,1
3694,0.044631,0
3695,0.486961,1
3696,0.249256,1
3697,2.02385,1
3698,0.761524,1
3699,1.168388,0
3700,2.310626,1
3701,1.429323,1
3702,2.96302,1
3703,2.742154,1
3704,0.075197,1
3705,1.227012,0
3706,0.178237,1
3707,0.064561,0
3708,2.004618,1
3709,0.775583,1
3710,1.590875,0
3711,0.283706,1
3712,2.78621,1
3713,0.658472,1
3714,7.953899,1
3715,0.084426,1
3716,0.186464,1
3717,0.672452,0
3718,3.025543,1
3719,1.454982,1
3720,1.092508,0
3721,1.453915,1
3722,0.209846,1
3723,1.20064,0
3724,2.492722,0
3725,0.620849,1
3726,0.433603,1
3727,1.015423,0
3728,0.158433,1
3729,0.214682,1
3730,3.452262,0
3731,1.790809,1
3732,1.952835,1
3733,2.715132,1
3734,0.624757,1
3735,0.240373,0
3736,1.032948,0
3737,1.924513,1
3738,2.665411,1
3739,0.123564,1
3740,0.540668,1
3741,3.37942,0
3742,3.548131,0
3743,2.365584,0
3744,0.906765,1
3745,4.075236,1
3746,2.994454,1
3747,3.882357,1
3748,0.514338,1
3749,0.362692,1
3750,2.242941,1
3751,0.591612,0
3752,0.29373,0
3753,3.727725,0
3754,2.02926,1
3755,0.957024,0
3756,3.892287,1
3757,0.591443,0
3758,0.521913,1
3759,2.176631,0
3760,0.209813,1
3761,4.011235,0
3762,2.519646,1
3763,2.256272,1
3764,1.506725,1
3765,0.452312,1
3766,5.280593,1
3767,0.885108,0
3768,1.200744,0
3769,0.48399,1
3770,2.999893,1
3771,4.619348,0
3772,2.848519,1
3773,3.267844,1
3774,6.015662,1
3775,2.798716,1
3776,1.013345,0
3777,2.985188,0
3778,0.125241,1
3779,1.027427,1
3780,0.954821,1
3781,1.233827,1
3782,2.001904,1
3783,2.030585,1
3784,3.941548,1
3785,0.576641,1
3786,0.069355,0
3787,3.133538,0
3788,0.127276,1
3789,5.203734,0
3790,1.537971,1
3791,2.531107,1
3792,1.27768,0
3793,0.636829,1
3794,0.143186,1
3795,3.68336,0
3796,3.180145,1
3797,2.230458,1
3798,0.860481,0
3799,5.610474,1
3800,0.445073,1
3801,0.259603,1
3802,3.641263,0
3803,0.205339,1
3804,0.702848,1
3805,0.108358,1
3806,2.820316,0
3807,6.767673,0
3808,5.408404,1
3809,0.050459,0
3810,1.909993,1
3811,4.987045,0
3812,0.316809,1
3813,2.269556,1
3814,5.027079,1
3815,4.492759,1
3816,1.408805,0
3817,1.154408,0
3818,4.998909,0
3819,1.949778,1
3820,0.209615,1
3821,0.441026,1
3822,1.786485,0
3823,5.322692,1
3824,4.250835,0
3825,2.767677,1
3826,1.823198,1
3827,4.711049,0
3828,0.563062,1
3829,2.54074,1
3830,3.812037,0
3831,0.682291,1
3832,4.198609,0
3833,0.249341,1
3834,2.694547,0
3835,1.568171,0
3836,0.956546,1
3837,0.129551,0
3838,1.904239,0
3839,1.816763,0
3840,4.943285,1
3841,0.206792,1
3842,0.430993,1
3843,1.321757,0
3844,0.456921,0
3845,1.991117,0
3846,2.312461,1
3847,4.827254,1
3848,2.392148,0
3849,0.251223,1
3850,0.963914,0
3851,0.141135,1
3852,3.790631,1
3853,0.286469,1
3854,0.363905,1
3855,3.29427,0
3856,4.669691,0
3857,0.825952,1
3858,0.183059,1
3859,0.591554,0
3860,4.370003,0
3861,2.37071,1
3862,1.709043,0
3863,0.326718,1
3864,0.263599,1
3865,1.942917,0
3866,4.574718,1
3867,1.854028,1
3868,2.028232,0
3869,0.223926,1
3870,0.956634,1
3871,0.115951,1
3872,3.052364,0
3873,3.117717,0
3874,4.516405,1
3875,3.887053,1
3876,1.511823,1
3877,0.272373,1
3878,0.084432,1
3879,0.110034,1
3880,2.165804,1
3881,3.90246,1
3882,0.881882,1
3883,0.186015,1
3884,2.690394,0
3885,0.774672,1
3886,0.212913,0
3887,1.510042,0
3888,1.491095,1
3889,0.526134,1
3890,3.38254,1
3891,0.909071,1
3892,2.172431,1
3893,4.366378,0
3894,2.833938,0
3895,1.955184,1
3896,0.723903,0
3897,0.33401,1
3898,1.200562,0
3899,4.588026,0
3900,0.903292,0
3901,1.12775,1
3902,1.314851,0
3903,0.904342,0
3904,0.111997,1
3905,2.155626,0
3906,0.026168,0
3907,0.160416,1
3908,1.536606,1
3909,0.379507,0
3910,0.573663,1
3911,4.339044,1
3912,4.474388,1
3913,0.199557,1
3914,0.347842,1
3915,4.464199,1
3916,5.559454,1
3917,0.517521,0
3918,1.445125,0
3919,0.480338,1
3920,4.899354,1
3921,0.512387,1
3922,2.654263,0
3923,2.064798,1
3924,0.20316,1
3925,3.707482,1
3926,4.255164,0
3927,0.65132,1
3928,2.154191,1
3929,0.478108,0
3930,3.91137,1
3931,1.794886,0
3932,2.566787,1
3933,2.535291,1
3934,4.472603,0
3935,4.781576,1
3936,1.971565,1
3937,1.636976,1
3938,0.204669,1
3939,4.664511,0
3940,0.331674,1
3941,0.215445,1
3942,4.073371,1
3943,3.718564,1
3944,1.949252,1
3945,1.612966,0
3946,0.284234,1
3947,1.398386,0
3948,0.733185,1
3949,2.329531,0
3950,3.385229,1
3951,0.075016,1
3952,0.410819,1
3953,3.521966,1
3954,4.453115,0
3955,1.529608,0
3956,1.924362,1
3957,5.43308,0
3958,0.135344,1
3959,1.170533,1
3960,0.617804,1
3961,0.54903,1
3962,0.829364,0
3963,2.685102,1
3964,0.581555,1
3965,0.291929,1
3966,3.313217,1
3967,1.553496,1
3968,0.170183,1
3969,1.407556,1
3970,1.846439,1
3971,0.124483,1
3972,2.086114,0
3973,0.409067,1
3974,0.028857,1
3975,0.346563,1
3976,0.109839,1
3977,1.499589,0
3978,2.797435,0
3979,0.359178,1
3980,1.706077,1
3981,0.442865,1
3982,1.355084,1
3983,1.709098,1
3984,3.437129,1
3985,0.456442,0
3986,1.421941,0
3987,0.5518,1
3988,0.84482,1
3989,0.387031,1
3990,2.684232,1
3991,1.232608,0
3992,0.37921,0
3993,4.077304,1
3994,0.253323,1
3995,1.518811,1
3996,1.876471,0
3997,1.727329,0
3998,1.033913,0
3999,0.085424,0
4000,4.800606,0
4001,3.314183,1
4002,2.977479,0
4003,0.100913,1
4004,4.518779,1
4005,2.539961,0
4006,3.950977,1
4007,0.486149,0
4008,2.436489,0
4009,2.12401,1
4010,3.267948,1
4011,1.79604,1
4012,1.282214,1
4013,0.199396,1
4014,0.1784,1
4015,0.220292,1
4016,1.430095,0
4017,0.483672,1
4018,0.537346,1
4019,4.359745,0
4020,0.258033,1
4021,1.694931,0
4022,2.021588,1
4023,0.524862,1
4024,0.309614,1
4025,2.747325,1
4026,0.167985,0
4027,3.180819,1
4028,0.26923,1
4029,0.125092,0
4030,0.100143,1
4031,0.250953,1
4032,2.097887,1
4033,2.846405,0
4034,0.303539,1
4035,2.410824,1
4036,2.020793,1
4037,5.007347,0
4038,0.383474,1
4039,0.338481,1
4040,0.266381,1
4041,3.010535,1
4042,4.63714,1
4043,0.663345,0
4044,0.126908,1
4045,0.274308,1
4046,0.184669,1
4047,0.976861,0
4048,0.541663,1
4049,1.036915,1
4050,0.703313,1
4051,0.205683,1
4052,0.319176,0
4053,0.1254,0
4054,0.434903,1
4055,0.78917,1
4056,2.783508,1
4057,3.665735,1
4058,0.489433,1
4059,3.63581,1
4060,1.730424,0
4061,0.448496,1
4062,4.372123,0
4063,1.361815,0
4064,1.547611,0
4065,0.218543,1
4066,3.298655,1
4067,0.24359,1
4068,2.380577,1
4069,1.093432,0
4070,3.2074,1
4071,1.795918,0
4072,1.445222,0
4073,1.01911,1
4074,0.158186,1
4075,1.530359,1
4076,0.320317,1
4077,0.795728,1
4078,0.820197,0
4079,3.330682,1
4080,0.085912,1
4081,0.453413,1
4082,4.068377,1
4083,0.296627,1
4084,0.151615,0
4085,2.946862,0
4086,0.136187,1
4087,0.892573,0
4088,0.913441,0
4089,1.441954,0
4090,4.592553,0
4091,3.865837,1
4092,1.863917,1
4093,4.932286,1
4094,0.113092,0
4095,3.494093,0
4096,0.616733,1
4097,5.448274,0
4098,2.114875,1
4099,0.354185,1
4100,0.027904,0
4101,0.233722,1
4102,0.425112,0
4103,2.018803,1
4104,1.758132,0
4105,2.688429,0
4106,1.205563,1
4107,5.393953,1
4108,0.258748,1
4109,0.638973,0
4110,0.537154,1
4111,1.434486,0
4112,0.16102,1
4113,0.369475,1
4114,4.755587,1
4115,0.507277,0
4116,1.34711,1
4117,0.451533,0
4118,0.617813,1
4119,0.610611,1
4120,5.691442,0
4121,3.450233,0
4122,1.873896,1
4123,0.319386,1
4124,3.14537,0
4125,2.793949,0
4126,0.289827,1
4127,1.586757,1
4128,0.301159,1
4129,0.082699,0
4130,1.669089,1
4131,1.664392,0
4132,2.376796,0
4133,0.381533,1
4134,4.158717,1
4135,0.327494,1
4136,1.371701,0
4137,3.313296,1
4138,1.593199,0
4139,2.184389,0
4140,1.473289,1
4141,3.356486,1
4142,2.089849,1
4143,3.659301,1
4144,0.093599,1
4145,0.260151,0
4146,2.415427,0
4147,2.831193,1
4148,0.443743,0
4149,2.842512,1
4150,2.960785,1
4151,1.543102,0
4152,0.392404,1
4153,1.475277,0
4154,2.651515,0
4155,1.785581,0
4156,2.46762,1
4157,2.207489,0
4158,3.651252,1
4159,0.741989,1
4160,0.404435,1
4161,5.349938,0
4162,2.811129,1
4163,1.54277,1
4164,0.612431,0
4165,1.433859,1
4166,2.120198,1
4167,3.007585,1
4168,0.817613,1
4169,1.435747,1
4170,0.238546,1
4171,3.627659,0
4172,0.820724,1
4173,1.061789,1
4174,0.252995,1
4175,3.669384,1
4176,0.226353,1
4177,0.448031,1
4178,0.210919,1
4179,0.366483,1
4180,0.412547,1
4181,0.3023,1
4182,3.063008,1
4183,3.229842,1
4184,1.605584,0
4185,4.617207,0
4186,2.547318,1
4187,0.126922,1
4188,0.497815,1
4189,1.17931,1
4190,2.36093,1
4191,4.018936,1
4192,1.175319,1
4193,0.687639,1
4194,2.596264,0
4195,3.655994,0
4196,2.433119,0
4197,0.067587,0
4198,1.02878,1
4199,0.81338,1
4200,4.971327,1
4201,4.551477,1
4202,0.074993,0
4203,0.628696,0
4204,0.685899,0
4205,3.305854,1
4206,4.506094,0
4207,2.715747,1
4208,4.427938,1
4209,1.263788,0
4210,1.132369,0
4211,3.21573,1
4212,2.441565,1
4213,3.831488,0
4214,0.861448,1
4215,1.871401,1
4216,1.599956,1
4217,0.281552,1
4218,5.516046,1
4219,1.552927,0
4220,0.265222,1
4221,1.212868,1
4222,0.588238,0
4223,2.086821,0
4224,1.36976,1
4225,0.70502,0
4226,4.660742,1
4227,0.04926,1
4228,1.017481,0
4229,1.954394,1
4230,5.750494,0
4231,1.070187,0
4232,0.090724,1
4233,0.040262,1
4234,2.502573,1
4235,2.343816,1
4236,2.513993,1
4237,3.779865,1
4238,2.575954,1
4239,0.469859,1
4240,2.52593,1
4241,0.908401,0
4242,0.203981,1
4243,4.63757,0
4244,0.427093,1
4245,0.486553,1
4246,0.226536,1
4247,0.280542,1
4248,0.164341,1
4249,0.508192,1
4250,3.141498,1
4251,0.325272,1
4252,0.172616,1
4253,2.420206,1
4254,0.276969,1
4255,2.436479,1
4256,2.344144,0
4257,1.27103,0
4258,1.89282,1
4259,0.397186,1
4260,0.44055,1
4261,2.210981,1
4262,3.132877,0
4263,0.451059,1
4264,2.365338,0
4265,0.220037,1
4266,2.040281,0
4267,4.157566,0
4268,0.458314,1
4269,2.044633,1
4270,6.308209,1
4271,0.440003,1
4272,4.563512,0
4273,0.105533,1
4274,0.292324,1
4275,1.798146,0
4276,0.616197,0
4277,3.607464,1
4278,4.212046,0
4279,2.414175,1
4280,0.514153,1
4281,2.740892,0
4282,2.039245,0
4283,1.754608,1
4284,0.719737,1
4285,0.582971,1
4286,4.706699,1
4287,0.159373,0
4288,1.685016,0
4289,1.791881,0
4290,0.824995,1
4291,4.561064,0
4292,0.814643,0
4293,0.152047,1
4294,3.192465,1
4295,4.1564,0
4296,4.227373,1
4297,0.701565,1
4298,0.371113,1
4299,1.25676,0
4300,4.941313,1
4301,1.72829,0
4302,2.123616,0
4303,2.027592,0
4304,2.981644,0
4305,3.548052,0
4306,0.693173,0
4307,0.578222,1
4308,2.030938,0
4309,0.451877,0
4310,0.469939,1
4311,2.840763,0
4312,0.295886,1
4313,0.754373,1
4314,2.470214,1
4315,1.685871,0
4316,0.275765,1
4317,1.484619,1
4318,4.772824,1
4319,1.272489,0
4320,0.11231,1
4321,1.916345,1
4322,4.74912,0
4323,0.324768,1
4324,0.133493,1
4325,1.781209,1
4326,1.086066,0
4327,0.534493,1
4328,3.358737,0
4329,0.198024,1
4330,2.237353,1
4331,5.08596,1
4332,0.657828,1
4333,4.471769,1
4334,1.651499,0
4335,2.293704,0
4336,0.18903,1
4337,2.103255,1
4338,4.693749,1
4339,2.295964,0
4340,1.918343,1
4341,0.177867,1
4342,1.003389,0
4343,0.190371,1
4344,0.474583,0
4345,0.206543,1
4346,2.087864,1
4347,2.78277,1
4348,0.731343,1
4349,0.344429,1
4350,2.537935,1
4351,0.385475,1
4352,3.00353,1
4353,1.930035,0
4354,3.454011,1
4355,1.793413,0
4356,1.786489,0
4357,0.232512,1
4358,0.111196,0
4359,5.601488,1
4360,2.508755,0
4361,2.974653,1
4362,0.289385,1
4363,0.408027,1
4364,3.081287,1
4365,3.472028,0
4366,2.842121,1
4367,4.222739,1
4368,2.295328,0
4369,0.098546,0
4370,0.235181,0
4371,0.759374,1
4372,2.373673,1
4373,0.118999,0
4374,0.406847,1
4375,4.807568,1
4376,4.226709,0
4377,1.297299,0
4378,2.396373,1
4379,1.683309,1
4380,0.328184,1
4381,5.107455,0
4382,0.733196,0
4383,3.301616,1
4384,0.087372,0
4385,1.430564,0
4386,1.7271,1
4387,0.046749,0
4388,1.347238,0
4389,1.271622,1
4390,0.425547,1
4391,0.137533,1
4392,0.547432,1
4393,1.039439,0
4394,0.29509,1
4395,0.846656,0
4396,0.108048,0
4397,0.290344,1
4398,0.070445,1
4399,3.264114,1
4400,0.607105,1
4401,3.999877,0
4402,0.304919,1
4403,0.284044,1
4404,2.639921,1
4405,0.426048,1
4406,0.348462,1
4407,0.172799,0
4408,0.153568,0
4409,0.286717,1
4410,1.608323,0
4411,2.971929,1
4412,3.703614,1
4413,3.804007,1
4414,0.264503,1
4415,0.121261,0
4416,0.237516,1
4417,0.471084,1
4418,0.071724,0
4419,1.978687,0
4420,3.473178,1
4421,0.28725,1
4422,3.984052,0
4423,1.609494,0
4424,0.352243,1
4425,5.685236,1
4426,1.411061,0
4427,0.105932,1
4428,0.214924,1
4429,0.459929,1
4430,0.400243,1
4431,4.20032,1
4432,3.716688,0
4433,4.90114,1
4434,3.163846,1
4435,0.106697,0
4436,0.788256,1
4437,2.125225,1
4438,3.695786,0
4439,0.426147,1
4440,3.010524,1
4441,0.204603,1
4442,5.61241,1
4443,1.643735,0
4444,1.237661,0
4445,0.414159,1
4446,0.096847,0
4447,0.382689,1
4448,0.54052,1
4449,0.370314,1
4450,1.062431,0
4451,0.54611,1
4452,2.241979,1
4453,1.335965,1
4454,0.248143,1
4455,0.29946,1
4456,1.122938,0
4457,1.842237,0
4458,0.361856,1
4459,0.45701,1
4460,0.043877,0
4461,0.315496,1
4462,1.608231,1
4463,0.053183,0
4464,3.358879,1
4465,0.322513,1
4466,1.3704,0
4467,0.709925,0
4468,1.362437,1
4469,3.172511,0
4470,0.730538,1
4471,0.387291,0
4472,4.075263,0
4473,4.500096,0
4474,2.281488,0
4475,4.842536,0
4476,0.073982,0
4477,0.740174,1
4478,0.053771,0
4479,2.417814,1
4480,3.021502,1
4481,1.835072,0
4482,3.209687,1
4483,3.481549,0
4484,2.583319,1
4485,1.776312,0
4486,3.107418,0
4487,0.225123,1
4488,2.102048,1
4489,0.373612,1
4490,5.609748,1
4491,2.466751,0
4492,3.390952,0
4493,2.452456,1
4494,0.8051,1
4495,5.695367,1
4496,4.331356,1
4497,0.070475,0
4498,2.982189,0
4499,0.050656,0
4500,1.115681,1
4501,2.725817,1
4502,1.534398,1
4503,4.334236,0
4504,0.263463,1
4505,2.828812,0
4506,5.060806,1
4507,0.266938,1
4508,0.233936,1
4509,0.117798,1
4510,1.89366,1
4511,0.203136,1
4512,1.153909,0
4513,1.883423,1
4514,2.287884,1
4515,2.609412,0
4516,0.501601,1
4517,2.911925,1
4518,1.955993,1
4519,0.489944,1
4520,3.1168,1
4521,1.51017,1
4522,0.057075,0
4523,0.18055,0
4524,5.285143,1
4525,0.535912,0
4526,1.873168,1
4527,3.192157,1
4528,1.517094,0
4529,0.295198,1
4530,3.429112,1
4531,2.149658,0
4532,0.748003,0
4533,1.394072,1
4534,0.165007,1
4535,0.154284,1
4536,0.754847,1
4537,0.81393,0
4538,0.171607,1
4539,3.134132,0
4540,4.177651,1
4541,0.379202,1
4542,0.26589,1
4543,3.037528,1
4544,4.125763,0
4545,0.097476,0
4546,0.285312,1
4547,2.587189,1
4548,0.147169,1
4549,0.321976,1
4550,4.952422,0
4551,4.752005,1
4552,2.286242,1
4553,0.18498,1
4554,1.346862,1
4555,0.610158,1
4556,0.145725,0
4557,3.914302,1
4558,0.125189,1
4559,1.624945,1
4560,0.1471,0
4561,0.141809,1
4562,3.548649,1
4563,3.748152,1
4564,0.056613,0
4565,0.190579,1
4566,2.620477,0
4567,2.27422,1
4568,0.488806,1
4569,0.392802,1
4570,3.831318,1
4571,2.455678,1
4572,0.395754,1
4573,3.625603,0
4574,1.334873,1
4575,0.344511,1
4576,2.397404,0
4577,1.414435,0
4578,2.856555,0
4579,2.617721,0
4580,2.491886,1
4581,5.056956,0
4582,0.203816,0
4583,0.063978,1
4584,0.494907,1
4585,4.806668,0
4586,0.094102,0
4587,1.811948,0
4588,1.523158,1
4589,0.683345,1
4590,2.650124,1
4591,0.348282,1
4592,1.903249,0
4593,0.83073,1
4594,0.343291,1
4595,2.995388,0
4596,0.863492,1
4597,0.39538,1
4598,0.455282,1
4599,3.207098,0
4600,2.370172,0
4601,0.699218,1
4602,2.567012,0
4603,2.152223,1
4604,1.916612,0
4605,3.462601,0
4606,0.068071,1
4607,0.10044,1
4608,0.748518,0
4609,0.053166,1
4610,3.954494,1
4611,1.448681,1
4612,4.447307,0
4613,3.125092,0
4614,0.330123,1
4615,1.669771,0
4616,0.446073,1
4617,2.622299,1
4618,0.377623,1
4619,0.637017,1
4620,2.239781,1
4621,0.803554,0
4622,3.034259,0
4623,1.233074,0
4624,0.061144,0
4625,4.612009,1
4626,0.675413,0
4627,2.916239,1
4628,1.779105,1
4629,2.086603,0
4630,0.315999,1
4631,0.418688,1
4632,1.001969,0
4633,0.379483,1
4634,0.465425,1
4635,5.325039,0
4636,2.484113,1
4637,0.239617,1
4638,0.844597,1
4639,4.395452,1
4640,1.479515,0
4641,1.922664,0
4642,5.291698,1
4643,1.259016,1
4644,3.447794,1
4645,1.176209,0
4646,3.779263,0
4647,4.350394,0
4648,3.67497,0
4649,0.106748,1
4650,2.161736,0
4651,4.213387,0
4652,1.133196,1
4653,0.882103,1
4654,1.311217,0
4655,2.019849,1
4656,0.180988,1
4657,2.697273,0
4658,4.872461,1
4659,0.495604,1
4660,0.250082,1
4661,0.094346,1
4662,0.09176,1
4663,0.127286,1
4664,0.524108,1
4665,0.986879,1
4666,0.43421,0
4667,2.345163,1
4668,1.640681,0
4669,0.20684,1
4670,0.217962,1
4671,1.742323,1
4672,3.527927,1
4673,0.420942,1
4674,2.844429,1
4675,3.340158,1
4676,1.624761,0
4677,1.37001,0
4678,2.049536,0
4679,3.871063,0
4680,2.710065,1
4681,3.579372,0
4682,5.116907,1
4683,1.381615,1
4684,0.088749,1
4685,0.672988,1
4686,4.414609,0
4687,2.263399,1
4688,5.173244,0
4689,3.668339,1
4690,1.246145,1
4691,0.45562,0
4692,5.453102,0
4693,2.111722,1
4694,4.877532,0
4695,0.745241,1
4696,3.354942,0
4697,0.064183,0
4698,0.193122,1
4699,5.408285,1
4700,1.295411,0
4701,3.282799,0
4702,3.595752,0
4703,5.391992,0
4704,1.254471,1
4705,3.813376,1
4706,0.172848,0
4707,2.375082,1
4708,3.455311,1
4709,0.621557,1
4710,1.616907,0
4711,2.237624,0
4712,0.068345,0
4713,0.220704,1
4714,2.886173,1
4715,4.125509,1
4716,2.684911,1
4717,3.652201,0
4718,5.083136,0
4719,0.647968,1
4720,4.680709,0
4721,1.968176,1
4722,0.12963,1
4723,2.083668,0
4724,1.187071,0
4725,0.050701,1
4726,0.121024,0
4727,0.472253,1
4728,0.153926,0
4729,0.836915,1
4730,0.227193,1
4731,3.237113,0
4732,2.604088,1
4733,0.325105,1
4734,3.770725,1
4735,0.546481,1
4736,3.225298,1
4737,3.974886,0
4738,2.944235,1
4739,1.625039,1
4740,1.076056,1
4741,2.933949,0
4742,2.732951,0
4743,1.654652,0
4744,0.182765,1
4745,0.192494,1
4746,0.298913,1
4747,0.145258,1
4748,0.826414,1
4749,0.050691,0
4750,1.711068,1
4751,1.847028,0
4752,0.236714,1
4753,2.254126,0
4754,2.649251,1
4755,4.067287,0
4756,0.236009,1
4757,1.936407,1
4758,0.027341,0
4759,0.08008,0
4760,0.241374,1
4761,0.464451,1
4762,0.372691,1
4763,1.422613,1
4764,0.227371,1
4765,0.158895,1
4766,4.311715,0
4767,4.655996,1
4768,1.195953,0
4769,3.755053,1
4770,0.125595,1
4771,1.522593,1
4772,1.508476,0
4773,1.64578,1
4774,1.012022,0
4775,1.255538,0
4776,0.56886,1
4777,2.954016,0
4778,0.716934,1
4779,6.372408,0
4780,0.461883,0
4781,4.263121,0
4782,1.855121,1
4783,0.159864,1
4784,0.450133,1
4785,1.267744,1
4786,1.491627,1
4787,1.745028,0
4788,2.438755,1
4789,3.269342,1
4790,1.178487,0
4791,0.58686,0
4792,2.22527,0
4793,0.311844,1
4794,3.488313,0
4795,0.761158,0
4796,2.860821,0
4797,3.641716,1
4798,1.162448,0
4799,0.200778,1
4800,0.966464,1
4801,0.318805,1
4802,0.314343,0
4803,0.358454,1
4804,0.28336,1
4805,3.213585,1
4806,1.988053,1
4807,4.487262,0
4808,0.486773,1
4809,0.404906,1
4810,1.021785,1
4811,1.019981,1
4812,0.840393,1
4813,1.654913,1
4814,1.699186,1
4815,1.997236,0
4816,0.201157,1
4817,0.12581,1
4818,2.954783,1
4819,0.017924,0
4820,2.03739,0
4821,3.871523,1
4822,0.20777,1
4823,0.125477,0
4824,0.496549,1
4825,3.433039,0
4826,0.950038,1
4827,0.104562,0
4828,0.257105,1
4829,4.652003,1
4830,0.75781,0
4831,4.345598,0
4832,4.399085,1
4833,2.181127,0
4834,0.117711,1
4835,2.508006,1
4836,2.026093,0
4837,2.297126,1
4838,0.107053,1
4839,1.781863,1
4840,0.130285,1
4841,0.094651,1
4842,0.061777,0
4843,0.645073,1
4844,2.185457,1
4845,4.489817,1
4846,3.819667,0
4847,1.88685,1
4848,0.23318,0
4849,1.093357,1
4850,3.687512,1
4851,1.645482,0
4852,0.123823,1
4853,3.747278,1
4854,3.056748,0
4855,2.052083,1
4856,3.957342,0
4857,0.471684,1
4858,0.203648,1
4859,1.268731,0
4860,3.304241,1
4861,5.226588,1
4862,4.529533,1
4863,3.178667,1
4864,0.611235,1
4865,1.497051,1
4866,0.19228,1
4867,3.906498,0
4868,3.199905,0
4869,1.528788,0
4870,4.599885,0
4871,5.172049,0
4872,0.396823,1
4873,0.323208,1
4874,0.029697,0
4875,0.23215,1
4876,5.42127,0
4877,0.216678,1
4878,0.599921,1
4879,0.171737,1
4880,0.329969,1
4881,4.091766,1
4882,3.228183,1
4883,0.029734,0
4884,2.619418,1
4885,4.141172,1
4886,0.461576,0
4887,1.570763,0
4888,5.040062,0
4889,5.429331,1
4890,5.266399,1
4891,4.59002,1
4892,0.155286,0
4893,1.762332,1
4894,3.828944,1
4895,2.032258,1
4896,1.823578,1
4897,3.531061,0
4898,0.801264,1
4899,2.493491,1
4900,0.067793,0
4901,1.627411,1
4902,0.265029,0
4903,1.685907,0
4904,2.516465,0
4905,0.084928,1
4906,1.708737,1
4907,4.296224,0
4908,2.376332,1
4909,0.275416,1
4910,1.033694,1
4911,2.125592,1
4912,6.055816,0
4913,1.468538,0
4914,3.378776,1
4915,2.398981,0
4916,1.191442,0
4917,0.829062,0
4918,0.559557,1
4919,4.105912,0
4920,1.781798,1
4921,1.328902,0
4922,3.845642,0
4923,2.979422,0
4924,3.060986,0
4925,0.275169,0
4926,4.573332,1
4927,0.538985,1
4928,0.424578,1
4929,2.608815,0
4930,1.941968,1
4931,0.66327,0
4932,0.032364,0
4933,0.859768,1
4934,1.070141,1
4935,4.930573,1
4936,4.273858,1
4937,3.777328,0
4938,0.437113,1
4939,0.079916,1
4940,1.73192,0
4941,1.153427,0
4942,0.715379,1
4943,1.963869,1
4944,2.413999,0
4945,0.621374,0
4946,0.560365,1
4947,0.422729,1
4948,0.041428,0
4949,0.454403,1
4950,0.128016,1
4951,0.909377,0
4952,0.169029,1
4953,0.46287,0
4954,1.676161,0
4955,3.40315,1
4956,0.873071,1
4957,1.810112,1
4958,4.156255,0
4959,1.419236,1
4960,4.124578,1
4961,3.923826,1
4962,0.117179,1
4963,2.139545,1
4964,0.160944,1
4965,2.405263,1
4966,0.154267,0
4967,2.583304,1
4968,0.260484,0
4969,1.585621,1
4970,1.80593,0
4971,0.525758,1
4972,3.656625,0
4973,0.08497,1
4974,0.137338,1
4975,0.171434,1
4976,0.101705,1
4977,3.781183,0
4978,0.499694,1
4979,0.327837,1
4980,0.078854,0
4981,5.792723,0
4982,4.340533,0
4983,2.010767,1
4984,5.526494,1
4985,1.163715,1
4986,3.799627,0
4987,0.469041,1
4988,1.59113,1
4989,0.247505,1
4990,0.226832,1
4991,1.483642,0
4992,0.322107,1
4993,1.498554,0
4994,4.075257,1
4995,1.977557,1
4996,0.148162,1
4997,0.804334,1
4998,0.272368,1
4999,3.673804,1
5000,0.174686,1
5001,0.224662,1
5002,0.040069,0
5003,0.428755,1
5004,0.387036,1
5005,0.329697,1
5006,0.054613,0
5007,0.698233,1
5008,1.972426,0
5009,1.782997,0
5010,4.373326,1
5011,1.927583,0
5012,0.393947,1
5013,1.924176,1
5014,1.7659,1
5015,0.891886,1
5016,0.435291,0
5017,0.326717,1
5018,0.712327,1
5019,4.716332,1
5020,5.475553,1
5021,2.710592,1
5022,2.904824,1
5023,0.143778,1
5024,1.875984,0
5025,2.641122,0
5026,0.557266,1
5027,0.026336,0
5028,1.072125,1
5029,0.435791,1
5030,2.183047,0
5031,0.224477,1
5032,0.100476,1
5033,2.996912,0
5034,0.593121,0
5035,1.143444,1
5036,0.539674,1
5037,1.01192,0
5038,0.19596,1
5039,0.553302,1
5040,3.814392,0
5041,0.217093,1
5042,0.37796,0
5043,0.125355,1
5044,0.206182,1
5045,0.455825,0
5046,1.684333,0
5047,1.432075,0
5048,2.367596,1
5049,0.06537,0
5050,0.271927,1
5051,1.605503,1
5052,2.732759,1
5053,1.803487,0
5054,4.238942,1
5055,4.185715,0
5056,0.662657,0
5057,1.971454,1
5058,0.184333,1
5059,0.417589,1
5060,0.892364,1
5061,2.625282,1
5062,1.215936,1
5063,1.26542,0
5064,4.667252,1
5065,0.957838,1
5066,0.281821,0
5067,0.425484,0
5068,2.618163,1
5069,0.481278,1
5070,1.601203,0
5071,2.51998,1
5072,0.32508,1
5073,2.163709,1
5074,0.167654,0
5075,0.838841,1
5076,2.633778,0
5077,6.753764,1
5078,0.050061,0
5079,1.44413,1
5080,4.344268,0
5081,0.642611,1
5082,3.299183,0
5083,0.676616,1
5084,3.101783,0
5085,2.545562,1
5086,0.275604,1
5087,1.879764,1
5088,3.687632,1
5089,0.119369,1
5090,0.311657,0
5091,1.502076,1
5092,5.210824,1
5093,0.133147,0
5094,3.126407,0
5095,2.52523,1
5096,4.589801,0
5097,1.985941,0
5098,0.454854,1
5099,2.059366,0
5100,0.063162,0
5101,2.330448,0
5102,1.615369,0
5103,3.461422,1
5104,2.965666,0
5105,0.241373,1
5106,0.258179,0
5107,0.104168,0
5108,0.132814,1
5109,0.176902,1
5110,2.180795,0
5111,0.04682,0
5112,0.061618,0
5113,0.278718,1
5114,3.457966,0
5115,0.135995,0
5116,0.69215,1
5117,2.213043,1
5118,3.205952,1
5119,4.572135,1
5120,2.970334,0
5121,2.049966,1
5122,2.092483,1
5123,0.04767,0
5124,3.411114,0
5125,0.179731,0
5126,1.730001,0
5127,3.876899,1
5128,0.138183,0
5129,2.743621,1
5130,1.195927,1
5131,0.086754,1
5132,1.75846,1
5133,1.591178,1
5134,0.222337,1
5135,3.507402,1
5136,0.085658,1
5137,1.296808,1
5138,0.081409,0
5139,2.746091,1
5140,1.506135,1
5141,5.039333,0
5142,2.1432,1
5143,0.091717,1
5144,0.129484,1
5145,0.446216,0
5146,0.106651,1
5147,3.048616,1
5148,3.643673,0
5149,2.016856,1
5150,0.519061,1
5151,1.674117,1
5152,1.584734,1
5153,0.932377,1
5154,3.977463,0
5155,0.715094,1
5156,2.184999,1
5157,0.468705,1
5158,0.658839,0
5159,0.553581,1
5160,0.376444,1
5161,2.596414,1
5162,1.37815,1
5163,0.868781,0
5164,4.465538,0
5165,0.154398,1
5166,1.59083,1
5167,3.067474,1
5168,2.477732,0
5169,5.792112,0
5170,0.138796,0
5171,3.314529,1
5172,0.137824,1
5173,1.685929,0
5174,1.057515,1
5175,0.40387,1
5176,3.306162,0
5177,0.159515,1
5178,3.65452,0
5179,1.937462,1
5180,2.077413,1
5181,2.077361,1
5182,0.968785,1
5183,0.201635,1
5184,1.922875,1
5185,1.126813,1
5186,0.999099,0
5187,5.556659,1
5188,4.520319,0
5189,0.614108,1
5190,2.026133,0
5191,0.109725,0
5192,4.015375,0
5193,0.065475,1
5194,0.023553,0
5195,0.18878,1
5196,1.883922,0
5197,2.046815,1
5198,0.498012,1
5199,3.388149,1
5200,0.081223,1
5201,0.168987,0
5202,1.485564,0
5203,0.238466,1
5204,0.318999,1
5205,0.110071,1
5206,1.354192,0
5207,0.322861,1
5208,2.490788,0
5209,0.280692,1
5210,0.024222,0
5211,2.941408,1
5212,0.244258,1
5213,1.527053,1
5214,4.510305,1
5215,3.97093,0
5216,0.166852,0
5217,0.307859,1
5218,1.665174,0
5219,3.81264,0
5220,0.907861,1
5221,0.209142,1
5222,1.765126,1
5223,5.017168,0
5224,0.56004,1
5225,0.599178,1
5226,0.298883,1
5227,0.046015,0
5228,0.483144,1
5229,2.553262,0
5230,3.811006,0
5231,5.102864,0
5232,0.065358,1
5233,5.977156,1
5234,2.998641,0
5235,1.903497,1
5236,1.217418,0
5237,0.205744,1
5238,5.442235,1
5239,0.250108,1
5240,0.110053,0
5241,1.991484,0
5242,0.474594,1
5243,1.783476,0
5244,3.109612,1
5245,2.872466,1
5246,0.405068,1
5247,4.468879,1
5248,4.614719,1
5249,0.03149,0
5250,4.726882,0
5251,0.389731,1
5252,4.706264,1
5253,0.483362,1
5254,1.072463,0
5255,0.092028,0
5256,2.777331,0
5257,0.266036,1
5258,2.040771,1
5259,5.919744,0
5260,1.887623,1
5261,0.572352,1
5262,0.267995,1
5263,0.09707,0
5264,3.844499,1
5265,0.26468,1
5266,4.066821,1
5267,1.267377,1
5268,0.414591,1
5269,0.479883,1
5270,0.346645,1
5271,1.805469,1
5272,3.662797,1
5273,2.897792,0
5274,0.092887,1
5275,0.266888,1
5276,0.318499,0
5277,4.018988,0
5278,0.107088,1
5279,0.347181,1
5280,0.08637,1
5281,0.874669,1
5282,0.802465,0
5283,3.117499,1
5284,4.291163,1
5285,0.652108,0
5286,1.222378,0
5287,3.000099,1
5288,0.095159,1
5289,0.207371,1
5290,0.65924,1
5291,0.309979,1
5292,0.267247,1
5293,0.326144,1
5294,1.933426,1
5295,2.261481,1
5296,0.29416,0
5297,5.063067,0
5298,3.157282,1
5299,0.150345,1
5300,5.483888,1
5301,2.777111,1
5302,2.410449,1
5303,0.152822,1
5304,0.811556,0
5305,1.515472,1
5306,0.326409,1
5307,0.801569,0
5308,4.212452,0
5309,0.231921,1
5310,2.823806,1
5311,3.366541,1
5312,0.107633,1
5313,3.662571,0
5314,0.387285,1
5315,1.604468,1
5316,0.250712,1
5317,1.545011,0
5318,3.846138,0
5319,0.245186,1
5320,1.486144,0
5321,0.527391,1
5322,4.474937,1
5323,0.032758,0
5324,1.971857,1
5325,1.524595,0
5326,0.17764,1
5327,0.431749,1
5328,0.060227,1
5329,3.727069,1
5330,0.435033,0
5331,4.560991,1
5332,0.505385,1
5333,2.167135,0
5334,1.716968,0
5335,0.458724,1
5336,1.36161,1
5337,0.848266,1
5338,3.865686,1
5339,0.63774,1
5340,0.03235,0
5341,0.285259,1
5342,0.320289,1
5343,2.633378,1
5344,3.964536,1
5345,0.106453,1
5346,2.748549,0
5347,0.318903,1
5348,0.567594,1
5349,1.585306,0
5350,0.256761,1
5351,0.085585,0
5352,5.180094,0
5353,1.400893,1
5354,0.385332,0
5355,3.596278,1
5356,0.480759,1
5357,2.865346,1
5358,4.406948,0
5359,2.397794,1
5360,2.609492,1
5361,0.337888,1
5362,1.471527,0
5363,4.669281,0
5364,4.462707,0
5365,3.40518,0
5366,0.086581,1
5367,4.336641,1
5368,1.819697,1
5369,1.597091,1
5370,1.168246,1
5371,2.1977,1
5372,3.458442,1
5373,0.080651,1
5374,0.500774,1
5375,3.532613,0
5376,1.524403,0
5377,0.219442,1
5378,2.643225,1
5379,0.136954,0
5380,0.082591,0
5381,2.561563,1
5382,0.214794,0
5383,0.215702,1
5384,0.672539,0
5385,0.249615,1
5386,1.008162,1
5387,2.169421,0
5388,2.142714,1
5389,2.320441,1
5390,2.788716,0
5391,5.26855,1
5392,4.776337,1
5393,2.558673,1
5394,1.546925,1
5395,0.059611,1
5396,0.331175,1
5397,2.194912,0
5398,0.147848,1
5399,0.152458,1
5400,2.178438,1
5401,0.698969,1
5402,1.389338,0
5403,0.126218,1
5404,0.135176,0
5405,4.342335,1
5406,0.215988,1
5407,1.096017,0
5408,0.232212,1
5409,0.091743,1
5410,1.095763,0
5411,0.274804,1
5412,1.279096,0
5413,1.2812,0
5414,0.988616,1
5415,3.055411,1
5416,2.745402,0
5417,0.261025,1
5418,1.367702,1
5419,0.762307,1
5420,0.190988,1
5421,0.541592,0
5422,2.259129,1
5423,4.7746,1
5424,2.46221,1
5425,0.399528,1
5426,1.924034,0
5427,0.618071,1
5428,0.63484,1
5429,0.541157,1
5430,4.611911,0
5431,1.526667,0
5432,2.774864,0
5433,2.031511,1
5434,5.340925,0
5435,0.333736,0
5436,3.624829,0
5437,0.610213,0
5438,0.528206,1
5439,2.150833,0
5440,0.038179,0
5441,1.733082,1
5442,0.242451,0
5443,0.247332,1
5444,0.175765,0
5445,0.21156,1
5446,0.458935,1
5447,2.542739,0
5448,3.03382,1
5449,3.380104,1
5450,0.050016,0
5451,0.803317,0
5452,0.24863,1
5453,2.685748,0
5454,2.6734,1
5455,3.232379,1
5456,1.37592,0
5457,0.949472,0
5458,0.661543,0
5459,0.748171,1
5460,3.100294,1
5461,0.990553,0
5462,4.09208,0
5463,1.593766,1
5464,2.68829,1
5465,0.072555,0
5466,0.599927,1
5467,0.920953,0
5468,1.52962,0
5469,0.05708,0
5470,0.176605,1
5471,0.23961,1
5472,2.810784,1
5473,2.627539,1
5474,4.419439,0
5475,0.501392,0
5476,0.633375,1
5477,3.101995,1
5478,0.041891,0
5479,4.382191,0
5480,0.200396,1
5481,4.538558,0
5482,0.663692,0
5483,3.584825,0
5484,1.497824,0
5485,0.253666,1
5486,3.731138,1
5487,1.567832,0
5488,0.535089,1
5489,4.121409,0
5490,0.127476,1
5491,1.761354,1
5492,0.299308,1
5493,4.579109,0
5494,0.55493,1
5495,3.521437,1
5496,1.946694,1
5497,0.379507,1
5498,0.441387,1
5499,3.115483,1
5500,0.132467,1
5501,0.521885,0
5502,0.478039,1
5503,2.45744,1
5504,2.049678,1
5505,0.374204,1
5506,4.453771,0
5507,3.858539,1
5508,0.149456,1
5509,2.586514,1
5510,0.275188,0
5511,3.155225,0
5512,0.271665,1
5513,4.745337,1
5514,1.740587,1
5515,0.301952,0
5516,1.860191,1
5517,0.430821,1
5518,0.097546,1
5519,4.443989,1
5520,1.213716,1
5521,4.13484,0
5522,1.776113,0
5523,3.522185,0
5524,0.381266,1
5525,6.670496,1
5526,2.087736,0
5527,0.106203,1
5528,1.805893,1
5529,0.819161,1
5530,0.02384,0
5531,0.45188,1
5532,0.190566,0
5533,1.377702,1
5534,3.249009,1
5535,3.311219,1
5536,0.288508,1
5537,2.284116,1
5538,4.916902,1
5539,4.077133,0
5540,0.11625,0
5541,4.457614,1
5542,0.355961,1
5543,0.352623,0
5544,0.163209,1
5545,0.075738,0
5546,0.227368,1
5547,0.160434,0
5548,0.236726,1
5549,0.701922,1
5550,2.12982,1
5551,1.480976,0
5552,0.49482,0
5553,4.190829,0
5554,3.031569,1
5555,0.106223,1
5556,0.137857,1
5557,0.863487,0
5558,0.582283,1
5559,0.199631,0
5560,0.076895,1
5561,0.363264,1
5562,3.520952,0
5563,0.336925,1
5564,2.61182,1
5565,0.041221,0
5566,0.342558,1
5567,0.618893,0
5568,0.288048,1
5569,2.776986,1
5570,2.166727,1
5571,2.761866,0
5572,0.185817,1
5573,0.695569,1
5574,0.049374,0
5575,0.132629,0
5576,0.570988,0
5577,0.606747,1
5578,1.326953,0
5579,0.202554,1
5580,0.365691,0
5581,1.882475,0
5582,3.618283,1
5583,4.076287,0
5584,0.801248,0
5585,2.387424,0
5586,0.352664,1
5587,2.467882,0
5588,0.534935,1
5589,3.059273,1
5590,1.760612,1
5591,0.125544,0
5592,0.617859,1
5593,0.120501,1
5594,0.473152,1
5595,0.363372,1
5596,0.380556,1
5597,2.489358,1
5598,0.363823,0
5599,0.140016,1
5600,2.876654,0
5601,2.550126,1
5602,1.807873,1
5603,2.235226,1
5604,1.15714,0
5605,1.383084,1
5606,0.468554,1
5607,2.10014,0
5608,0.2526,1
5609,0.388028,0
5610,1.955153,0
5611,3.168348,1
5612,1.629075,1
5613,0.40069,1
5614,0.210849,1
5615,0.12317,0
5616,1.894246,0
5617,0.36949,1
5618,0.273237,1
5619,0.339725,1
5620,0.323782,1
5621,1.932246,1
5622,2.329278,1
5623,1.432821,1
5624,0.301712,1
5625,2.301404,1
5626,1.233239,0
5627,0.455704,1
5628,0.363615,1
5629,1.936258,0
5630,1.949935,0
5631,4.012678,0
5632,5.388252,0
5633,1.549916,1
5634,0.225722,1
5635,3.33811,0
5636,0.843635,0
5637,0.518523,1
5638,3.332282,1
5639,2.455641,1
5640,0.379082,1
5641,0.272791,1
5642,1.935769,1
5643,0.54186,1
5644,0.257611,1
5645,0.902765,1
5646,2.667312,1
5647,5.674154,0
5648,0.766576,0
5649,3.121028,0
5650,1.968418,0
5651,0.299019,1
5652,1.980161,0
5653,0.600326,1
5654,1.772776,1
5655,2.690911,1
5656,4.568013,1
5657,0.30409,1
5658,2.35982,1
5659,0.420332,1
5660,6.11978,1
5661,0.484678,1
5662,1.346016,1
5663,3.679154,1
5664,0.07282,1
5665,0.150711,1
5666,3.476907,0
5667,1.365792,1
5668,1.94235,1
5669,4.834388,1
5670,0.037136,0
5671,0.269762,1
5672,2.872095,0
5673,0.493531,1
5674,0.479943,1
5675,4.535932,1
5676,0.136651,1
5677,1.282364,1
5678,2.761736,1
5679,0.435502,1
5680,4.007262,0
5681,0.431089,1
5682,2.912418,1
5683,0.628051,1
5684,2.809732,1
5685,1.448235,1
5686,0.135932,1
5687,1.720201,1
5688,0.359533,1
5689,0.299057,1
5690,1.036075,0
5691,0.084948,1
5692,0.297619,1
5693,0.121802,0
5694,0.098284,0
5695,0.075362,1
5696,1.339788,1
5697,1.412374,0
5698,2.552642,1
5699,1.78202,1
5700,1.226301,0
5701,0.089128,1
5702,2.567633,1
5703,0.047208,0
5704,0.327174,1
5705,1.268891,0
5706,0.378431,1
5707,0.071089,1
5708,3.652387,1
5709,2.91215,0
5710,1.45435,0
5711,0.536065,1
5712,0.402968,1
5713,2.077941,1
5714,0.902831,0
5715,0.465703,1
5716,2.666391,1
5717,4.687575,0
5718,2.486251,0
5719,4.163544,1
5720,0.249294,1
5721,2.193455,1
5722,3.885209,1
5723,0.219873,1
5724,0.148509,0
5725,0.116116,1
5726,0.472813,1
5727,1.46939,0
5728,1.730059,0
5729,3.427085,1
5730,0.244807,1
5731,0.666568,1
5732,0.077585,1
5733,4.06548,0
5734,0.034919,0
5735,1.698352,1
5736,2.468916,1
5737,0.855436,0
5738,0.191756,0
5739,1.37826,1
5740,4.343501,0
5741,2.532793,1
5742,4.038917,1
5743,2.656881,0
5744,0.605368,1
5745,0.135804,1
5746,1.928762,1
5747,1.634021,0
5748,4.28727,0
5749,4.283855,0
5750,0.273207,0
5751,4.164132,1
5752,3.565916,0
5753,2.721974,1
5754,0.496206,1
5755,1.602947,0
5756,3.202532,1
5757,2.82216,1
5758,2.109369,0
5759,0.418738,1
5760,1.497178,0
5761,0.119932,0
5762,1.227306,1
5763,0.172479,0
5764,0.220016,1
5765,0.451027,0
5766,0.109196,1
5767,2.862391,0
5768,2.798916,1
5769,1.321803,1
5770,0.206553,1
5771,6.052381,0
5772,0.728613,1
5773,0.644071,1
5774,2.333482,1
5775,0.842171,1
5776,2.142971,1
5777,1.840097,0
5778,0.186643,0
5779,0.465073,1
5780,0.122569,0
5781,0.165821,0
5782,0.638691,1
5783,0.917238,0
5784,0.035795,0
5785,4.213442,0
5786,0.934917,0
5787,0.201541,1
5788,3.1855,0
5789,5.417422,1
5790,0.43089,0
5791,1.992157,1
5792,2.101881,1
5793,2.527212,1
5794,1.317829,1
5795,0.130227,1
5796,5.037879,0
5797,1.892005,1
5798,5.800196,1
5799,0.293681,1
5800,1.352181,0
5801,4.362167,1
5802,0.200631,0
5803,0.235722,1
5804,5.488493,0
5805,4.53536,0
5806,2.692384,1
5807,0.17132,1
5808,1.757478,0
5809,0.221279,1
5810,1.778625,1
5811,1.878893,1
5812,1.903774,1
5813,0.303749,0
5814,1.146782,0
5815,0.209711,1
5816,2.616121,1
5817,0.262822,1
5818,1.911324,1
5819,2.923417,0
5820,3.73443,1
5821,3.094928,1
5822,0.356221,1
5823,2.287565,1
5824,0.338338,0
5825,3.760612,1
5826,0.475018,0
5827,2.978688,0
5828,1.094374,1
5829,0.955943,1
5830,0.084952,1
5831,2.720183,0
5832,0.073206,0
5833,0.422288,1
5834,0.404966,1
5835,0.1697,1
5836,0.415057,1
5837,0.182941,0
5838,2.770623,1
5839,1.001783,1
5840,0.246325,1
5841,0.43629,0
5842,1.717988,1
5843,1.600079,0
5844,3.215684,1
5845,2.150592,1
5846,2.543984,1
5847,0.392389,1
5848,4.060035,0
5849,0.539857,0
5850,1.495159,1
5851,1.514964,0
5852,0.384793,1
5853,0.695817,0
5854,1.073442,0
5855,0.20287,1
5856,4.416604,0
5857,0.035633,0
5858,0.226015,1
5859,0.288306,1
5860,4.01843,1
5861,1.460637,0
5862,0.021115,0
5863,5.25455,1
5864,0.235507,1
5865,0.182008,1
5866,0.411622,0
5867,2.322233,1
5868,2.725919,1
5869,2.759749,1
5870,0.942086,1
5871,3.470182,0
5872,0.196009,0
5873,0.488794,1
5874,3.091862,0
5875,3.861498,0
5876,2.461098,1
5877,3.353651,0
5878,2.341245,1
5879,0.029894,0
5880,0.518195,1
5881,0.38892,1
5882,0.090446,0
5883,2.948353,0
5884,2.53737,0
5885,5.618624,1
5886,2.120311,1
5887,0.326121,1
5888,0.269756,1
5889,1.779909,1
5890,0.056055,1
5891,0.050589,0
5892,4.796568,1
5893,0.462718,0
5894,4.834457,0
5895,2.643561,1
5896,1.523844,1
5897,0.117185,1
5898,3.499339,0
5899,1.983666,1
5900,2.971762,1
5901,0.883336,1
5902,0.529491,1
5903,2.192917,0
5904,1.761591,0
5905,1.611914,0
5906,3.627489,1
5907,2.343028,0
5908,4.182319,0
5909,3.491474,1
5910,0.931359,1
5911,0.178258,1
5912,3.09309,1
5913,0.496515,0
5914,6.028536,1
5915,5.317419,1
5916,0.392583,1
5917,0.231086,1
5918,0.821485,0
5919,0.150224,1
5920,3.3492,1
5921,1.356013,0
5922,0.990924,1
5923,0.308673,1
5924,2.934876,1
5925,2.003588,1
5926,0.902836,0
5927,0.442205,1
5928,0.052122,0
5929,2.574043,0
5930,0.43009,1
5931,2.554422,1
5932,3.538916,1
5933,0.184317,1
5934,0.042954,0
5935,0.082036,1
5936,0.514548,1
5937,0.586859,1
5938,0.176048,1
5939,0.178289,1
5940,0.106829,1
5941,2.034374,0
5942,1.627113,0
5943,3.099696,0
5944,1.598815,0
5945,1.293322,1
5946,4.113982,0
5947,0.733813,1
5948,0.168705,1
5949,1.711358,1
5950,0.732304,1
5951,2.1787,1
5952,0.155751,1
5953,2.616132,1
5954,3.094121,0
5955,0.963801,0
5956,2.955086,1
5957,0.045865,0
5958,0.944558,0
5959,3.432837,1
5960,3.350943,1
5961,0.232555,1
5962,2.520388,1
5963,0.612543,1
5964,0.147656,1
5965,0.83459,1
5966,0.173245,1
5967,0.166235,1
5968,0.14964,1
5969,0.211071,1
5970,1.045489,0
5971,0.053148,0
5972,4.976585,1
5973,1.617202,1
5974,0.229986,1
5975,0.255794,1
5976,1.505391,0
5977,0.376845,1
5978,0.41631,0
5979,2.487268,0
5980,0.294289,1
5981,4.127581,1
5982,0.656957,1
5983,1.694473,0
5984,1.216488,0
5985,0.123066,0
5986,4.581398,0
5987,1.83639,1
5988,0.6538,0
5989,0.621829,1
5990,2.242757,1
5991,2.136278,0
5992,2.714038,1
5993,2.983251,0
5994,0.226823,1
5995,0.079965,0
5996,0.364004,0
5997,0.206887,1
5998,0.231026,1
5999,1.478623,0
6000,0.562796,1
6001,2.682022,1
6002,2.16803,1
6003,1.224259,1
6004,0.611573,0
6005,3.209216,0
6006,2.175497,1
6007,0.646814,1
6008,1.597312,0
6009,1.636907,0
6010,0.539109,1
6011,0.497474,0
6012,1.99526,1
6013,2.702271,1
6014,0.398641,1
6015,3.7407,1
6016,1.310177,1
6017,0.055788,1
6018,0.183959,0
6019,2.680737,1
6020,2.992331,1
6021,4.04623,0
6022,0.266627,1
6023,0.532659,1
6024,0.151491,1
6025,2.96934,1
6026,3.463498,0
6027,0.149181,1
6028,6.346616,1
6029,0.389946,1
6030,2.503739,1
6031,0.070046,1
6032,0.043377,0
6033,0.237258,1
6034,0.17012,1
6035,2.898099,1
6036,5.714701,1
6037,1.960543,0
6038,2.632484,1
6039,0.427349,1
6040,0.248973,1
6041,0.271195,0
6042,4.694003,0
6043,0.29995,1
6044,4.523457,1
6045,4.51556,1
6046,0.128033,1
6047,1.165742,1
6048,0.995782,0
6049,3.100875,1
6050,1.32131,1
6051,3.304147,1
6052,1.347684,1
6053,3.512907,1
6054,0.908779,1
6055,2.520876,1
6056,0.134348,1
6057,0.235543,1
6058,1.501555,1
6059,5.100019,1
6060,0.105883,0
6061,0.362943,1
6062,0.053102,0
6063,5.729101,0
6064,0.378804,1
6065,0.19885,1
6066,1.457713,0
6067,2.265314,1
6068,1.473066,1
6069,0.213611,1
6070,0.388678,1
6071,3.661143,1
6072,3.952592,1
6073,2.619369,1
6074,3.310491,1
6075,3.136474,1
6076,0.20686,0
6077,4.241936,0
6078,2.174385,0
6079,0.272004,1
6080,2.292747,0
6081,0.114628,1
6082,4.558425,1
6083,0.765841,1
6084,1.515426,1
6085,2.341583,0
6086,2.699017,0
6087,2.336581,0
6088,0.121374,1
6089,4.909781,1
6090,2.523525,1
6091,1.135352,0
6092,4.369936,0
6093,0.572708,1
6094,3.917991,1
6095,0.134665,1
6096,0.515333,1
6097,0.080614,0
6098,2.89312,0
6099,4.145669,0
6100,0.431258,1
6101,0.213018,1
6102,4.875247,1
6103,1.431157,1
6104,0.43375,1
6105,0.488663,1
6106,3.794995,1
6107,1.764635,1
6108,1.278086,0
6109,0.211308,1
6110,1.708569,1
6111,0.726821,1
6112,0.264446,0
6113,0.074652,0
6114,0.261073,1
6115,2.220819,1
6116,0.663762,1
6117,1.780475,0
6118,1.544216,1
6119,1.309364,0
6120,3.824687,1
6121,1.706114,1
6122,4.555347,1
6123,0.798935,0
6124,2.775403,1
6125,4.086346,1
6126,2.849933,0
6127,1.467033,0
6128,4.27111,0
6129,1.472056,1
6130,0.147113,0
6131,2.245612,0
6132,1.685787,1
6133,0.120798,1
6134,0.085599,1
6135,0.783038,1
6136,4.314203,0
6137,0.373196,1
6138,0.25922,1
6139,2.048881,0
6140,1.4366,0
6141,0.301812,1
6142,4.414165,1
6143,0.253559,1
6144,0.64901,1
6145,1.290256,1
6146,4.535921,0
6147,1.054945,1
6148,6.114242,1
6149,4.98389,1
6150,2.082183,1
6151,3.130296,0
6152,1.298949,1
6153,3.832218,0
6154,2.625653,1
6155,0.297362,0
6156,4.892153,0
6157,0.077305,1
6158,0.503538,0
6159,0.514855,1
6160,0.282312,1
6161,2.066426,1
6162,2.682364,1
6163,0.352882,1
6164,0.052992,0
6165,0.102288,1
6166,3.002727,1
6167,0.225099,1
6168,0.145795,1
6169,2.063103,0
6170,0.530745,0
6171,0.759911,1
6172,0.426805,0
6173,2.161307,1
6174,0.233054,1
6175,0.469592,0
6176,3.089526,1
6177,0.15644,1
6178,0.86366,0
6179,2.140777,0
6180,2.575635,1
6181,3.148709,1
6182,1.639102,0
6183,1.53657,0
6184,1.85961,1
6185,0.259703,1
6186,1.740924,1
6187,0.446394,1
6188,0.239917,1
6189,2.400254,0
6190,3.648689,1
6191,1.242386,0
6192,0.827693,0
6193,4.146191,1
6194,3.973344,1
6195,0.127263,1
6196,0.839918,1
6197,2.281092,1
6198,2.62678,1
6199,3.692653,1
6200,4.828625,1
6201,4.471947,1
6202,0.306089,1
6203,2.530502,0
6204,0.632149,1
6205,3.1277,1
6206,0.280287,1
6207,2.310778,1
6208,0.455621,0
6209,2.877361,0
6210,4.332163,0
6211,2.41489,1
6212,2.248425,0
6213,2.257885,1
6214,0.237323,1
6215,3.882437,1
6216,0.063054,0
6217,2.505884,1
6218,0.846145,1
6219,5.275514,0
6220,1.046184,1
6221,0.109108,0
6222,0.03303,0
6223,0.294403,1
6224,4.93795,0
6225,1.694761,1
6226,4.579203,0
6227,0.019661,0
6228,0.096279,1
6229,4.610878,0
6230,0.98844,1
6231,0.466945,1
6232,3.094634,0
6233,1.557476,1
6234,1.991386,0
6235,0.318513,1
6236,1.897054,1
6237,0.679561,0
6238,0.161083,1
6239,3.439318,0
6240,0.461285,1
6241,1.858852,0
6242,3.18939,1
6243,0.131148,1
6244,3.866406,1
6245,1.161367,0
6246,0.335964,1
6247,0.334513,1
6248,4.841317,0
6249,0.426529,1
6250,1.400026,1
6251,0.188199,1
6252,1.678835,1
6253,0.086686,0
6254,0.360973,1
6255,1.965025,1
6256,2.679535,1
6257,2.67039,0
6258,0.203568,1
6259,0.153414,1
6260,0.466078,1
6261,0.560053,0
6262,5.698106,1
6263,0.940981,1
6264,2.014191,0
6265,0.341028,1
6266,0.24746,1
6267,0.12071,0
6268,1.966689,1
6269,1.875022,0
6270,0.311777,0
6271,0.237489,0
6272,2.330762,1
6273,0.614214,1
6274,0.712598,1
6275,2.419163,1
6276,2.014091,0
6277,0.090918,1
6278,0.419221,1
6279,4.20958,1
6280,0.173481,1
6281,0.11405,1
6282,0.628953,1
6283,0.119231,0
6284,0.376554,1
6285,3.663351,1
6286,3.58658,0
6287,4.371506,1
6288,1.806888,1
6289,2.226051,1
6290,1.214293,1
6291,0.767385,0
6292,0.123367,1
6293,0.145547,1
6294,1.901134,1
6295,0.239949,1
6296,2.392438,1
6297,3.351078,0
6298,0.065871,0
6299,0.174353,1
6300,3.817887,1
6301,4.21729,0
6302,2.88827,1
6303,2.432009,1
6304,1.999322,1
6305,4.988292,1
6306,4.458619,0
6307,2.068605,0
6308,0.545972,1
6309,0.649655,1
6310,1.33851,0
6311,0.429431,1
6312,0.499734,1
6313,2.832303,1
6314,2.420072,0
6315,0.154465,1
6316,1.059373,1
6317,4.239403,1
6318,5.779181,1
6319,4.541524,1
6320,0.161365,1
6321,4.858023,0
6322,1.545357,1
6323,3.089442,0
6324,3.336904,0
6325,2.188274,0
6326,3.89619,1
6327,2.75904,0
6328,0.391132,1
6329,0.661953,1
6330,0.072136,0
6331,4.964959,1
6332,0.831682,0
6333,4.313003,0
6334,1.566956,1
6335,3.77214,1
6336,2.20429,1
6337,0.101653,1
6338,1.902013,1
6339,2.633982,0
6340,3.146296,0
6341,4.135085,0
6342,0.443173,1
6343,2.112402,0
6344,1.733304,0
6345,1.737797,0
6346,1.983097,0
6347,0.693463,1
6348,2.796529,1
6349,2.698177,1
6350,0.411948,1
6351,4.882876,1
6352,0.653678,1
6353,1.261024,1
6354,2.925016,1
6355,0.256232,1
6356,0.162255,0
6357,0.295856,1
6358,0.230338,1
6359,0.201246,1
6360,0.779662,1
6361,0.4313,1
6362,2.674491,1
6363,0.533048,1
6364,1.877404,0
6365,0.496944,1
6366,0.538122,1
6367,2.375092,1
6368,2.453357,0
6369,0.551235,1
6370,0.068035,1
6371,5.341525,1
6372,0.209469,1
6373,1.871535,1
6374,2.007494,0
6375,4.306579,1
6376,4.499126,0
6377,0.155278,0
6378,0.300735,1
6379,0.564346,0
6380,0.1213,1
6381,4.469911,1
6382,2.159944,0
6383,1.997055,0
6384,1.346579,0
6385,5.49513,1
6386,0.453047,1
6387,1.742706,0
6388,2.638922,1
6389,0.999674,1
6390,1.683341,1
6391,1.639894,0
6392,5.28607,1
6393,1.221251,1
6394,1.850812,1
6395,2.621449,0
6396,0.325536,1
6397,0.6641,1
6398,1.224818,1
6399,0.361448,1
6400,0.036362,1
6401,0.811775,0
6402,0.189721,1
6403,5.189341,1
6404,5.222624,1
6405,0.192712,1
6406,1.830965,1
6407,0.270988,1
6408,0.531984,0
6409,0.091834,1
6410,4.983962,0
6411,0.295926,1
6412,0.805896,0
6413,0.137141,0
6414,3.198101,1
6415,0.259419,1
6416,0.746171,1
6417,0.207789,1
6418,0.314205,1
6419,2.801327,1
6420,2.020224,0
6421,0.44477,1
6422,1.016587,1
6423,2.499383,0
6424,2.482229,1
6425,0.393264,1
6426,0.35559,1
6427,3.228652,0
6428,2.360121,1
6429,3.534065,1
6430,1.612488,1
6431,0.737321,1
6432,0.493552,1
6433,4.028909,0
6434,1.923867,0
6435,2.578959,1
6436,3.448824,1
6437,2.559868,1
6438,0.195709,1
6439,2.528395,1
6440,0.948863,0
6441,1.499282,1
6442,0.439342,1
6443,4.536743,0
6444,0.106546,0
6445,2.136371,0
6446,0.222031,0
6447,4.912238,1
6448,0.649873,1
6449,0.104484,1
6450,3.171829,1
6451,4.118289,1
6452,0.434507,1
6453,0.022492,1
6454,2.885439,1
6455,2.768717,0
6456,0.499047,1
6457,4.971717,1
6458,0.773815,0
6459,0.077762,0
6460,1.4219,1
6461,0.522597,0
6462,2.184936,1
6463,2.416316,1
6464,0.709484,1
6465,3.358093,1
6466,0.519323,1
6467,0.102206,1
6468,0.388066,1
6469,1.375006,0
6470,2.27551,1
6471,0.182439,1
6472,3.48127,1
6473,4.345063,1
6474,0.490571,1
6475,0.330654,0
6476,0.168887,0
6477,2.038214,1
6478,2.180738,1
6479,2.90289,0
6480,2.846495,0
6481,2.009608,1
6482,3.800408,0
6483,0.254323,1
6484,2.225481,0
6485,0.030683,0
6486,0.116359,1
6487,4.694258,0
6488,3.281558,0
6489,1.148077,1
6490,0.125249,1
6491,0.916265,1
6492,1.638801,1
6493,0.5657,0
6494,0.245161,1
6495,1.319833,1
6496,4.516905,0
6497,0.068464,0
6498,2.445595,1
6499,2.492347,1
6500,0.47225,1
6501,4.189803,0
6502,2.287023,1
6503,3.670709,0
6504,0.328683,1
6505,0.735176,1
6506,3.13058,0
6507,0.263548,1
6508,3.847348,1
6509,0.1227,1
6510,0.820623,0
6511,2.401681,1
6512,2.232954,1
6513,0.435508,1
6514,6.606106,1
6515,1.544371,0
6516,0.352372,1
6517,1.047402,0
6518,2.787322,1
6519,2.411058,0
6520,1.996114,0
6521,1.649472,1
6522,4.618508,1
6523,1.925665,0
6524,4.257171,1
6525,2.608456,0
6526,0.867378,1
6527,0.251154,1
6528,0.393387,1
6529,1.577372,0
6530,0.208405,1
6531,0.292735,1
6532,0.776144,0
6533,0.326607,0
6534,0.202053,1
6535,0.482775,1
6536,1.891629,1
6537,2.751641,1
6538,0.064972,0
6539,2.34684,1
6540,3.872045,0
6541,2.638341,0
6542,0.069453,0
6543,0.24163,0
6544,0.169933,1
6545,0.831383,0
6546,1.91168,1
6547,6.192997,1
6548,0.787927,1
6549,1.863404,0
6550,2.084924,1
6551,2.54465,0
6552,2.507347,0
6553,3.257503,1
6554,2.342049,1
6555,3.076563,0
6556,2.573639,1
6557,0.473308,1
6558,3.62892,1
6559,3.050457,1
6560,3.543833,1
6561,0.703032,1
6562,4.052818,1
6563,0.326811,1
6564,5.249527,0
6565,2.014194,1
6566,1.329739,0
6567,0.070633,1
6568,1.853744,0
6569,1.553312,0
6570,1.814754,0
6571,0.434182,1
6572,0.830865,1
6573,0.277391,0
6574,0.098703,1
6575,1.647126,1
6576,2.501423,1
6577,4.777514,0
6578,4.620166,0
6579,1.908581,0
6580,0.199396,1
6581,1.912668,0
6582,4.552129,0
6583,2.812962,0
6584,0.166376,1
6585,5.789602,1
6586,0.196023,0
6587,1.831428,1
6588,0.067388,1
6589,5.060298,1
6590,0.6528,1
6591,1.496186,0
6592,0.262454,1
6593,3.645708,1
6594,1.418824,1
6595,1.717862,1
6596,1.092349,1
6597,2.784258,0
6598,1.931072,0
6599,4.264441,1
6600,0.763034,0
6601,1.806062,1
6602,1.024132,0
6603,0.386003,1
6604,0.259949,1
6605,0.309861,1
6606,0.167324,0
6607,0.206193,1
6608,3.790044,1
6609,4.637918,0
6610,2.257125,1
6611,4.126431,1
6612,0.185014,1
6613,0.124773,1
6614,2.274775,1
6615,5.471042,0
6616,3.007627,0
6617,2.679653,0
6618,2.229527,0
6619,1.770053,1
6620,0.517918,0
6621,0.267101,1
6622,0.2224,1
6623,0.518943,1
6624,0.314005,1
6625,1.830008,0
6626,4.147066,0
6627,3.049066,1
6628,0.863847,0
6629,2.456349,0
6630,2.367271,0
6631,1.279536,0
6632,0.041587,0
6633,2.648332,1
6634,1.399963,0
6635,0.269249,0
6636,2.85746,1
6637,4.080148,0
6638,2.251213,1
6639,0.039397,1
6640,0.480529,1
6641,0.120698,1
6642,0.7821,1
6643,3.631382,0
6644,0.054678,1
6645,1.775577,1
6646,3.422297,1
6647,0.239135,0
6648,5.668742,1
6649,5.123955,1
6650,0.615738,0
6651,0.722245,0
6652,0.099433,0
6653,2.721819,1
6654,0.119905,1
6655,0.326734,1
6656,0.098045,0
6657,0.084105,0
6658,0.568568,1
6659,0.748537,1
6660,1.364584,1
6661,0.386282,1
6662,0.065838,1
6663,0.995766,0
6664,0.164592,1
6665,1.017482,1
6666,0.153067,1
6667,4.677412,1
6668,0.370588,1
6669,1.847606,0
6670,3.851097,1
6671,1.288226,1
6672,3.77145,0
6673,0.120692,1
6674,1.787925,1
6675,1.879247,1
6676,2.712098,1
6677,0.664166,1
6678,0.459411,1
6679,4.336638,1
6680,2.606712,1
6681,0.303392,1
6682,0.317625,1
6683,0.132988,1
6684,2.453339,1
6685,0.91643,1
6686,0.040497,0
6687,4.302956,1
6688,0.519506,1
6689,2.794155,0
6690,0.888555,1
6691,4.30863,0
6692,4.932641,1
6693,0.23133,0
6694,0.332682,1
6695,2.201072,1
6696,0.090894,1
6697,0.752053,1
6698,0.102275,0
6699,2.254642,1
6700,5.631722,1
6701,0.141753,1
6702,0.277441,0
6703,0.138675,1
6704,0.099635,1
6705,0.04029,0
6706,2.060583,1
6707,1.900674,0
6708,3.120513,0
6709,0.324184,1
6710,0.58185,0
6711,1.653126,0
6712,0.414523,1
6713,5.762595,1
6714,3.544808,0
6715,1.637612,1
6716,2.365111,0
6717,0.428436,0
6718,0.099053,0
6719,2.156069,1
6720,2.396395,1
6721,3.334453,1
6722,0.276186,0
6723,0.630738,0
6724,1.96938,1
6725,0.402827,1
6726,0.858878,0
6727,1.923845,1
6728,4.379605,1
6729,0.264671,0
6730,0.86469,1
6731,1.445476,0
6732,0.178633,1
6733,4.442858,0
6734,3.124719,1
6735,2.889665,1
6736,0.278583,1
6737,0.478437,1
6738,0.226913,1
6739,0.513787,0
6740,0.88205,1
6741,0.053132,0
6742,0.217922,1
6743,0.311518,1
6744,0.513523,0
6745,3.000372,0
6746,1.618994,0
6747,3.3692,1
6748,4.914086,1
6749,4.238748,1
6750,3.534184,0
6751,2.846213,1
6752,4.089692,1
6753,2.139084,0
6754,2.056716,1
6755,3.000706,1
6756,0.241216,1
6757,0.233096,1
6758,2.436691,1
6759,0.701707,0
6760,0.059023,1
6761,0.105266,1
6762,1.982026,0
6763,3.87373,0
6764,0.232976,1
6765,0.52154,1
6766,2.996006,0
6767,1.256382,0
6768,2.696035,1
6769,1.859113,1
6770,0.171737,1
6771,0.136544,1
6772,0.282436,1
6773,2.654348,1
6774,0.218116,1
6775,1.39304,1
6776,0.09717,1
6777,0.141702,1
6778,0.320239,1
6779,2.76086,1
6780,0.301868,0
6781,0.50063,1
6782,0.122162,0
6783,1.355776,0
6784,0.079293,1
6785,3.100842,0
6786,1.04255,0
6787,6.543322,1
6788,0.559964,1
6789,0.263856,1
6790,0.083277,0
6791,0.366603,1
6792,2.23544,0
6793,1.511979,1
6794,1.985985,1
6795,0.043878,1
6796,6.072152,1
6797,5.333658,1
6798,3.719795,1
6799,0.223251,1
6800,0.196361,1
6801,5.046537,1
6802,2.114087,1
6803,1.510771,0
6804,1.075854,1
6805,0.519736,1
6806,0.44544,0
6807,0.474267,1
6808,2.064835,1
6809,2.002264,1
6810,0.651457,0
6811,0.068804,0
6812,0.239333,1
6813,1.745573,0
6814,0.201797,0
6815,2.036079,1
6816,1.024206,1
6817,2.479444,0
6818,1.291993,0
6819,4.430697,1
6820,2.483774,1
6821,0.291855,1
6822,2.533565,1
6823,2.304623,1
6824,3.240194,1
6825,0.318089,1
6826,4.23064,0
6827,2.704793,0
6828,1.339241,0
6829,0.503319,1
6830,2.026226,0
6831,0.386323,1
6832,2.560305,1
6833,0.400871,1
6834,3.92162,1
6835,5.918876,1
6836,1.936347,1
6837,2.257243,0
6838,3.688987,0
6839,2.693375,1
6840,2.690008,1
6841,0.143442,1
6842,0.434591,1
6843,0.120403,0
6844,0.287448,1
6845,0.338395,1
6846,0.50043,1
6847,2.136088,1
6848,0.36325,1
6849,0.066482,1
6850,0.196927,1
6851,1.380628,1
6852,1.489245,0
6853,1.180656,0
6854,0.455277,1
6855,0.304221,1
6856,2.2669,0
6857,1.563199,1
6858,2.734627,1
6859,0.360962,1
6860,3.261576,0
6861,4.167959,0
6862,0.108771,0
6863,3.134967,1
6864,2.521538,1
6865,1.354158,0
6866,0.074062,0
6867,0.689586,1
6868,0.462287,1
6869,0.176554,1
6870,3.727257,0
6871,0.021807,0
6872,0.58744,1
6873,0.074718,1
6874,0.345549,0
6875,1.707246,1
6876,4.23464,1
6877,3.202268,0
6878,3.157117,1
6879,0.438298,1
6880,2.684843,0
6881,1.986522,0
6882,2.649143,1
6883,0.191203,1
6884,5.622785,0
6885,0.619882,0
6886,0.815768,1
6887,0.076233,0
6888,0.104696,1
6889,0.239059,0
6890,0.487362,1
6891,3.353172,1
6892,0.337765,0
6893,2.071118,1
6894,3.960003,1
6895,0.545238,1
6896,0.200775,1
6897,1.16997,0
6898,3.1685,0
6899,3.23897,1
6900,1.490605,1
6901,0.165494,1
6902,1.244772,1
6903,0.043781,1
6904,0.134621,1
6905,5.202618,0
6906,0.083566,0
6907,1.658191,1
6908,0.750216,1
6909,0.431161,1
6910,0.169189,1
6911,0.666131,1
6912,1.321892,1
6913,0.149846,1
6914,2.506969,0
6915,0.051093,0
6916,0.396803,1
6917,0.380699,0
6918,2.517945,1
6919,1.884303,1
6920,5.175614,1
6921,2.244784,0
6922,1.511558,1
6923,0.489204,1
6924,2.909848,1
6925,0.190922,1
6926,1.195184,0
6927,1.719823,1
6928,0.915227,1
6929,0.501245,0
6930,3.436646,0
6931,3.328265,1
6932,3.269501,1
6933,0.102987,1
6934,0.266242,0
6935,0.104845,0
6936,1.087192,1
6937,0.774178,1
6938,1.473125,0
6939,0.97622,1
6940,0.203151,1
6941,4.037477,0
6942,0.499882,1
6943,1.332391,1
6944,4.714942,0
6945,1.91815,1
6946,1.251842,0
6947,0.086445,1
6948,0.143599,1
6949,2.230332,0
6950,0.147472,1
6951,1.617149,1
6952,0.133624,1
6953,4.250204,1
6954,2.334561,1
6955,0.266901,1
6956,0.424899,1
6957,3.774139,1
6958,1.952708,1
6959,1.295265,1
6960,3.774792,0
6961,0.214382,0
6962,2.98125,1
6963,2.41077,1
6964,0.037286,1
6965,0.083147,1
6966,1.881464,1
6967,0.293389,1
6968,3.977533,0
6969,0.545816,1
6970,0.150807,0
6971,0.279304,1
6972,1.759198,1
6973,0.368481,1
6974,5.761649,0
6975,2.783194,0
6976,2.382499,1
6977,1.385925,1
6978,2.708862,1
6979,4.420611,1
6980,0.93462,1
6981,0.09627,1
6982,0.02648,0
6983,1.862724,1
6984,4.569321,1
6985,1.319156,0
6986,0.308434,1
6987,0.339691,1
6988,4.192714,0
6989,4.510365,0
6990,0.050037,0
6991,0.151718,1
6992,3.788401,0
6993,0.127735,1
6994,0.354701,1
6995,0.24289,1
6996,1.957304,1
6997,0.951029,0
6998,0.110178,1
6999,0.384299,1
7000,0.726922,1
7001,3.37786,0
7002,5.612121,1
7003,3.24743,1
7004,5.731147,0
7005,3.161761,1
7006,0.112368,1
7007,2.108268,1
7008,1.178055,0
7009,2.047329,0
7010,0.269549,0
7011,0.106431,0
7012,4.494421,0
7013,3.501395,0
7014,3.457999,0
7015,2.576749,0
7016,2.710292,1
7017,2.335089,0
7018,0.599712,1
7019,0.519315,1
7020,1.661792,1
7021,0.622541,0
7022,0.365413,0
7023,0.640497,1
7024,4.097346,0
7025,2.259275,1
7026,1.084813,1
7027,2.20955,0
7028,4.293582,1
7029,0.133238,1
7030,4.443392,0
7031,0.083403,1
7032,0.876651,0
7033,2.71913,0
7034,4.605913,0
7035,3.145197,1
7036,2.498744,0
7037,2.698984,0
7038,2.112056,0
7039,1.492592,1
7040,0.303399,1
7041,0.304466,1
7042,0.941171,1
7043,0.747214,1
7044,1.257726,0
7045,4.011539,1
7046,1.78149,0
7047,4.264149,1
7048,3.524032,1
7049,0.44241,1
7050,0.422878,1
7051,0.026274,0
7052,0.804114,0
7053,0.247973,0
7054,1.522028,1
7055,0.162253,1
7056,0.023211,0
7057,0.48424,1
7058,6.823079,1
7059,0.817514,1
7060,2.975744,0
7061,0.419579,1
7062,0.62869,0
7063,0.12909,1
7064,4.394792,0
7065,0.178681,1
7066,0.080033,1
7067,0.117798,1
7068,3.706099,1
7069,1.290154,1
7070,0.821644,0
7071,0.110555,1
7072,0.481261,1
7073,3.222461,0
7074,5.307699,1
7075,6.414264,1
7076,0.232323,1
7077,6.029409,0
7078,0.480699,1
7079,0.340513,1
7080,1.075597,0
7081,5.442666,0
7082,1.576998,0
7083,0.222495,1
7084,2.665639,1
7085,3.571078,1
7086,0.67779,1
7087,6.117051,1
7088,0.216258,1
7089,0.845304,0
7090,1.987991,1
7091,1.260312,1
7092,3.331044,1
7093,0.106027,0
7094,2.488625,1
7095,0.128243,1
7096,0.430342,0
7097,0.093831,0
7098,1.300914,1
7099,0.237522,1
7100,0.173774,0
7101,0.18012,1
7102,0.648438,1
7103,4.475574,0
7104,0.081763,0
7105,2.09056,1
7106,0.926058,0
7107,1.533474,1
7108,0.12728,0
7109,0.462128,1
7110,1.275921,0
7111,2.128834,1
7112,1.999694,0
7113,0.305947,1
7114,0.351131,0
7115,4.287021,0
7116,4.229492,1
7117,0.654727,1
7118,4.518067,1
7119,0.100764,1
7120,4.320027,1
7121,0.69395,1
7122,0.642785,1
7123,2.264539,1
7124,3.89558,1
7125,0.978499,0
7126,0.435426,1
7127,1.985714,1
7128,1.173528,0
7129,4.078685,1
7130,3.05665,1
7131,0.827789,1
7132,1.963118,0
7133,1.094494,0
7134,5.063968,0
7135,1.510894,1
7136,0.508837,1
7137,0.297869,1
7138,0.083049,1
7139,0.682424,1
7140,0.14767,1
7141,1.03576,1
7142,2.446564,1
7143,1.185673,1
7144,0.616399,1
7145,4.50306,1
7146,1.430866,0
7147,0.553862,1
7148,4.122152,1
7149,4.355839,0
7150,4.280657,0
7151,1.596899,1
7152,0.442514,1
7153,1.916633,0
7154,2.354316,1
7155,1.251115,0
7156,4.813979,0
7157,2.744453,0
7158,2.074581,1
7159,3.041853,1
7160,0.347302,1
7161,0.238861,1
7162,2.079764,1
7163,0.292764,1
7164,0.129783,1
7165,0.550351,1
7166,4.785284,1
7167,1.426466,1
7168,0.838118,0
7169,4.030604,1
7170,3.847872,0
7171,3.245337,1
7172,0.107654,1
7173,0.633136,1
7174,2.316659,0
7175,0.136428,0
7176,3.422389,1
7177,4.736406,1
7178,0.178537,1
7179,0.103434,1
7180,0.163035,1
7181,1.014279,1
7182,2.289174,1
7183,0.209592,1
7184,1.452475,0
7185,2.73586,1
7186,0.202521,1
7187,2.047076,1
7188,0.603388,1
7189,1.442329,0
7190,3.242497,1
7191,4.484701,1
7192,1.053602,0
7193,2.573113,1
7194,0.082748,0
7195,2.220062,1
7196,3.480108,0
7197,0.036609,0
7198,3.573351,0
7199,0.359564,0
7200,0.622983,0
7201,0.994351,0
7202,2.859152,1
7203,0.252896,1
7204,0.981767,1
7205,4.823569,0
7206,1.939381,0
7207,4.145849,0
7208,2.601885,1
7209,0.335571,1
7210,1.212339,1
7211,4.718793,0
7212,1.756925,0
7213,4.765062,1
7214,2.052891,1
7215,2.737746,0
7216,2.203344,1
7217,1.448292,0
7218,0.185616,0
7219,0.251896,1
7220,4.321678,1
7221,2.25119,1
7222,0.407462,0
7223,0.59083,1
7224,3.078136,0
7225,3.701559,1
7226,0.260995,1
7227,1.349236,1
7228,0.068322,0
7229,1.589675,0
7230,1.384042,0
7231,0.19541,0
7232,2.006625,1
7233,2.72711,1
7234,2.5536,0
7235,0.650222,1
7236,1.822989,1
7237,2.441554,1
7238,2.037004,1
7239,0.474096,1
7240,1.73578,0
7241,1.812118,0
7242,0.11158,0
7243,0.20791,1
7244,0.106429,1
7245,0.905015,0
7246,1.561198,0
7247,0.429406,1
7248,0.326561,1
7249,2.749137,1
7250,0.483978,1
7251,0.525165,1
7252,2.1373,0
7253,0.359335,1
7254,0.11981,1
7255,4.271097,1
7256,3.998598,0
7257,1.76409,1
7258,0.184608,1
7259,2.983992,1
7260,0.374683,1
7261,3.21698,1
7262,0.203985,1
7263,0.351062,1
7264,1.2599,1
7265,1.244039,1
7266,0.656972,1
7267,1.638041,0
7268,0.409965,1
7269,1.939965,1
7270,0.098958,1
7271,3.127455,0
7272,0.258656,1
7273,0.43486,1
7274,1.862767,1
7275,2.329492,1
7276,0.582652,1
7277,0.452446,1
7278,2.998207,1
7279,0.139042,1
7280,0.682475,0
7281,2.734172,0
7282,0.554279,1
7283,1.705328,1
7284,0.149865,1
7285,0.302463,1
7286,1.581598,1
7287,5.778541,0
7288,0.22936,1
7289,0.648043,1
7290,3.069469,1
7291,4.712431,1
7292,2.310091,0
7293,1.963136,1
7294,4.983572,1
7295,2.447698,0
7296,2.908799,0
7297,0.127806,1
7298,3.296686,0
7299,4.779495,1
7300,0.452848,1
7301,0.370254,1
7302,1.905552,0
7303,2.467635,1
7304,0.06423,1
7305,0.136316,1
7306,0.359517,1
7307,4.002322,1
7308,0.834397,0
7309,0.328956,1
7310,0.199754,1
7311,2.568683,1
7312,0.095017,1
7313,0.772148,1
7314,0.543887,1
7315,0.131371,0
7316,1.333588,0
7317,0.131647,0
7318,0.208477,1
7319,3.070359,1
7320,3.365912,0
7321,3.087765,1
7322,0.561193,1
7323,3.336222,1
7324,0.325405,1
7325,1.381793,1
7326,4.294981,0
7327,0.104087,1
7328,4.789595,1
7329,1.978208,1
7330,0.334368,1
7331,1.703496,1
7332,4.214044,0
7333,4.20961,0
7334,0.159738,1
7335,5.004832,1
7336,1.282086,1
7337,0.144109,1
7338,6.908879,1
7339,0.053527,0
7340,1.717695,1
7341,0.276032,0
7342,2.902148,0
7343,1.163059,0
7344,0.045899,0
7345,2.9065,0
7346,2.036311,1
7347,3.542055,1
7348,0.260767,1
7349,0.052512,0
7350,0.40646,1
7351,0.541154,1
7352,0.137926,1
7353,2.964716,1
7354,4.064768,1
7355,3.903898,0
7356,0.202351,1
7357,0.446271,0
7358,1.477602,1
7359,0.973409,0
7360,0.30526,1
7361,0.16629,1
7362,1.503912,0
7363,5.690326,1
7364,0.521637,1
7365,0.754232,1
7366,0.082923,1
7367,1.608961,0
7368,0.114414,0
7369,0.389746,1
7370,5.27284,1
7371,3.043568,1
7372,2.792815,0
7373,2.626965,1
7374,0.079337,1
7375,2.231722,1
7376,0.059823,0
7377,1.243382,1
7378,1.727949,0
7379,0.339424,1
7380,4.520287,1
7381,0.50316,1
7382,0.480562,1
7383,4.037133,0
7384,0.259903,1
7385,0.62714,0
7386,3.59041,0
7387,3.407896,1
7388,0.670892,1
7389,0.261822,1
7390,0.126345,1
7391,1.927584,0
7392,2.734316,0
7393,3.722328,1
7394,0.267645,0
7395,0.093674,1
7396,2.25022,1
7397,1.404792,1
7398,0.443298,1
7399,0.167134,1
7400,0.64032,0
7401,0.19733,1
7402,1.922237,0
7403,0.183829,0
7404,0.262913,1
7405,2.53329,0
7406,2.213503,0
7407,3.790513,0
7408,4.092012,0
7409,0.532955,1
7410,0.459978,1
7411,0.223765,1
7412,1.509339,1
7413,2.591718,1
7414,2.148853,1
7415,1.367474,0
7416,2.018425,1
7417,0.337075,1
7418,4.859556,1
7419,0.067721,0
7420,2.856224,1
7421,1.994564,1
7422,0.402564,1
7423,1.439016,1
7424,3.441009,1
7425,4.800051,0
7426,0.50272,0
7427,1.360299,1
7428,2.981599,1
7429,2.34214,0
7430,0.048736,1
7431,0.804198,0
7432,1.701636,1
7433,1.935231,1
7434,2.587764,1
7435,5.691843,0
7436,2.955652,0
7437,0.34758,1
7438,0.183375,1
7439,0.18718,0
7440,3.864579,1
7441,0.713647,1
7442,4.077478,1
7443,2.665636,1
7444,4.438146,1
7445,0.215031,1
7446,0.232532,1
7447,0.11318,0
7448,1.03543,0
7449,0.314793,0
7450,2.782403,0
7451,0.162141,1
7452,0.292733,1
7453,3.035234,1
7454,0.306102,1
7455,2.319987,0
7456,0.220197,1
7457,0.159053,1
7458,2.658966,1
7459,1.91759,1
7460,0.266123,1
7461,2.084834,1
7462,0.111467,0
7463,0.550354,1
7464,0.331232,1
7465,0.500848,1
7466,0.451234,1
7467,2.067855,0
7468,0.739053,1
7469,1.648564,1
7470,1.657822,0
7471,0.445999,1
7472,0.503995,1
7473,6.462582,1
7474,0.377966,1
7475,2.375951,1
7476,0.270167,0
7477,2.134795,1
7478,1.041171,0
7479,2.515347,1
7480,0.248045,1
7481,0.36906,1
7482,0.640572,0
7483,0.641455,0
7484,3.603236,1
7485,0.14871,0
7486,1.902646,1
7487,2.078093,1
7488,1.260956,0
7489,0.925928,1
7490,0.232887,1
7491,4.138433,0
7492,2.035168,1
7493,3.62738,1
7494,2.368405,1
7495,0.178727,1
7496,0.231937,1
7497,2.947583,1
7498,3.54474,0
7499,0.560612,1
7500,2.079069,1
7501,0.133877,1
7502,0.184845,1
7503,2.958987,1
7504,1.351937,0
7505,2.390006,1
7506,0.134369,1
7507,0.189225,1
7508,1.869011,0
7509,0.131196,1
7510,2.32944,1
7511,0.147443,1
7512,1.345309,1
7513,3.293505,1
7514,0.290076,1
7515,0.33372,1
7516,4.336409,1
7517,1.760598,0
7518,2.857738,1
7519,1.580487,0
7520,0.280184,1
7521,4.524867,0
7522,3.665293,1
7523,2.532024,0
7524,1.046131,0
7525,1.045149,0
7526,5.411054,1
7527,4.934802,1
7528,2.74149,1
7529,3.364095,1
7530,0.53645,1
7531,0.962681,1
7532,1.692353,1
7533,0.314393,1
7534,3.782099,1
7535,3.452188,1
7536,1.815701,1
7537,0.207456,1
7538,1.292111,0
7539,0.748452,1
7540,0.511218,1
7541,0.217583,1
7542,2.004256,1
7543,1.77875,1
7544,2.034845,0
7545,2.996798,0
7546,0.199596,0
7547,4.473635,1
7548,3.080547,1
7549,0.111099,1
7550,0.172722,1
7551,1.370549,1
7552,4.837014,1
7553,2.113647,0
7554,1.743056,1
7555,2.780257,1
7556,1.456301,1
7557,0.554132,1
7558,3.801262,1
7559,1.430369,0
7560,0.355767,0
7561,0.303074,1
7562,0.162561,1
7563,1.245313,1
7564,2.290556,1
7565,0.130742,1
7566,0.198257,1
7567,5.005324,1
7568,2.084125,0
7569,0.478648,1
7570,0.947822,0
7571,2.204063,0
7572,0.190831,1
7573,2.243846,1
7574,0.200242,1
7575,0.228705,1
7576,2.87078,1
7577,0.128846,0
7578,0.108657,1
7579,2.426651,0
7580,3.519063,0
7581,5.037855,0
7582,0.397729,1
7583,0.130426,1
7584,0.232592,1
7585,1.508986,1
7586,2.269234,0
7587,0.950126,0
7588,0.114956,0
7589,1.938825,1
7590,2.777849,1
7591,2.913615,0
7592,1.680926,1
7593,0.247014,1
7594,0.649536,1
7595,2.268414,0
7596,3.14586,1
7597,0.2167,1
7598,3.084486,1
7599,2.450698,1
7600,0.451169,0
7601,1.907314,0
7602,2.430376,1
7603,1.504182,1
7604,3.743461,0
7605,4.019552,1
7606,1.226402,1
7607,0.501461,1
7608,0.163089,1
7609,0.194652,0
7610,0.452559,1
7611,0.354155,1
7612,0.35751,1
7613,4.689043,1
7614,0.340386,1
7615,1.741525,1
7616,0.315949,0
7617,0.026941,0
7618,2.004277,1
7619,0.930106,1
7620,1.250003,1
7621,4.130548,1
7622,4.724516,1
7623,0.099358,0
7624,2.62556,1
7625,0.295234,1
7626,2.869009,0
7627,0.238683,1
7628,4.984169,1
7629,0.082787,0
7630,0.726519,1
7631,1.896905,1
7632,0.11886,1
7633,2.577909,0
7634,3.820189,1
7635,5.288061,0
7636,2.860021,0
7637,2.64222,0
7638,0.209799,1
7639,5.058188,1
7640,1.216363,1
7641,0.484542,1
7642,0.87133,1
7643,0.051044,0
7644,0.403843,1
7645,0.285923,1
7646,2.759308,0
7647,2.84243,1
7648,2.426009,0
7649,0.250294,1
7650,3.24475,0
7651,4.736317,0
7652,1.894612,0
7653,3.172325,0
7654,0.929389,0
7655,5.023947,1
7656,2.954773,0
7657,2.666374,1
7658,2.815842,1
7659,2.821977,1
7660,0.49972,1
7661,1.608819,0
7662,0.577449,1
7663,0.358102,1
7664,0.027624,0
7665,0.142898,1
7666,1.798201,1
7667,3.79142,1
7668,4.708297,0
7669,2.153632,1
7670,0.6013,1
7671,1.285193,0
7672,0.407101,1
7673,0.515785,1
7674,0.303403,1
7675,4.194516,1
7676,1.418696,0
7677,0.395818,1
7678,0.12688,1
7679,0.208077,1
7680,0.133108,1
7681,1.480506,0
7682,0.333846,1
7683,0.573534,1
7684,0.073056,0
7685,0.547227,1
7686,0.542562,1
7687,0.861154,1
7688,2.693017,0
7689,2.344232,1
7690,5.861028,0
7691,1.924559,1
7692,0.461786,0
7693,1.01898,0
7694,0.89899,1
7695,0.143803,1
7696,5.320223,1
7697,0.479119,1
7698,3.584953,0
7699,3.571093,0
7700,1.423707,1
7701,0.664271,1
7702,2.522994,1
7703,1.243083,0
7704,2.431686,1
7705,0.595234,0
7706,1.090557,1
7707,0.097396,0
7708,0.081379,1
7709,2.778976,1
7710,1.976249,1
7711,1.64945,0
7712,0.411104,1
7713,4.817317,0
7714,2.470309,0
7715,0.111274,1
7716,3.55121,0
7717,0.11479,0
7718,0.380444,0
7719,2.777719,1
7720,0.593277,1
7721,0.219386,1
7722,0.195566,1
7723,0.235368,1
7724,1.457822,1
7725,3.186089,0
7726,4.969251,1
7727,3.002375,1
7728,0.136503,1
7729,0.671339,1
7730,5.224303,1
7731,0.564097,1
7732,0.572179,1
7733,0.030376,0
7734,3.443724,1
7735,3.884946,1
7736,4.271462,0
7737,4.452992,1
7738,2.0254,0
7739,0.058233,0
7740,1.430772,1
7741,3.82109,1
7742,0.171223,1
7743,0.37332,1
7744,3.033605,1
7745,0.07272,1
7746,5.854762,0
7747,2.116499,1
7748,0.154104,0
7749,3.174997,1
7750,0.16366,1
7751,3.972999,0
7752,1.507138,0
7753,3.135247,1
7754,3.717866,1
7755,3.573466,1
7756,2.679039,0
7757,1.54771,0
7758,3.616008,1
7759,3.270699,1
7760,1.800116,0
7761,0.11601,0
7762,1.333899,1
7763,1.544417,1
7764,1.876238,1
7765,0.127987,1
7766,2.308254,1
7767,0.357523,1
7768,3.789211,0
7769,0.099146,1
7770,3.364717,0
7771,0.295352,1
7772,0.137911,0
7773,0.580858,1
7774,1.160008,1
7775,0.725647,1
7776,4.257783,1
7777,1.951937,0
7778,2.903308,1
7779,1.743014,1
7780,0.189742,1
7781,0.081359,1
7782,2.740259,0
7783,2.733217,1
7784,4.1322,1
7785,0.199512,0
7786,1.166082,1
7787,2.196058,1
7788,1.054372,1
7789,1.423174,0
7790,1.53023,0
7791,0.178302,1
7792,0.348498,1
7793,2.066078,1
7794,0.189513,1
7795,1.470858,0
7796,1.960796,0
7797,0.508581,1
7798,2.114069,1
7799,0.336355,1
7800,0.735305,1
7801,0.289262,1
7802,3.652377,1
7803,0.582048,1
7804,0.412116,1
7805,1.452627,0
7806,2.435344,0
7807,0.096141,1
7808,1.155855,0
7809,2.60665,0
7810,3.035935,0
7811,0.680432,1
7812,2.969445,0
7813,2.534157,1
7814,4.012885,1
7815,1.683992,1
7816,3.489936,0
7817,2.831261,1
7818,2.446436,0
7819,0.579176,1
7820,4.689155,1
7821,0.464434,0
7822,4.294447,0
7823,2.321974,1
7824,1.824074,1
7825,0.072358,1
7826,0.191063,1
7827,2.620358,1
7828,3.558804,0
7829,3.421449,1
7830,4.045629,0
7831,1.761867,1
7832,4.158359,1
7833,3.571039,1
7834,0.282476,1
7835,0.088491,0
7836,1.724838,0
7837,7.620601,1
7838,1.031962,0
7839,3.635064,1
7840,5.550156,0
7841,2.475839,0
7842,3.353081,1
7843,0.130553,1
7844,0.581349,1
7845,0.305318,1
7846,3.165359,1
7847,0.179442,1
7848,0.215348,1
7849,0.910528,0
7850,2.259039,0
7851,2.233354,0
7852,0.404218,0
7853,0.288681,1
7854,0.677115,1
7855,2.601023,1
7856,0.096747,1
7857,0.150509,0
7858,0.342816,1
7859,0.391068,1
7860,4.035922,0
7861,0.085732,1
7862,0.283926,1
7863,0.486887,1
7864,0.482597,1
7865,4.148766,0
7866,3.313554,0
7867,0.072653,1
7868,3.045389,1
7869,4.673364,0
7870,0.12773,1
7871,3.909062,1
7872,1.369816,0
7873,0.137838,1
7874,2.456028,1
7875,1.083302,1
7876,0.199162,1
7877,0.062375,0
7878,0.537988,1
7879,0.046618,1
7880,1.767735,0
7881,0.147762,1
7882,2.296564,1
7883,1.581364,0
7884,4.517661,0
7885,0.709132,1
7886,4.900146,0
7887,0.057141,0
7888,0.323405,0
7889,1.085503,1
7890,0.086526,1
7891,0.317009,1
7892,3.661941,0
7893,3.054554,1
7894,4.749807,0
7895,2.965378,1
7896,1.497094,1
7897,0.121924,1
7898,0.205664,1
7899,0.267314,1
7900,2.593579,1
7901,1.357183,0
7902,1.421101,1
7903,2.302078,1
7904,1.707979,1
7905,1.777882,1
7906,2.82148,1
7907,3.732746,0
7908,4.995381,0
7909,2.736837,1
7910,3.28697,1
7911,0.224188,1
7912,3.399966,1
7913,0.319879,1
7914,1.877189,0
7915,0.020423,0
7916,0.23603,0
7917,3.895606,0
7918,2.874617,1
7919,0.613595,0
7920,1.908612,0
7921,5.631104,1
7922,0.636166,1
7923,0.965894,1
7924,1.919905,0
7925,0.324525,1
7926,0.216295,1
7927,0.781987,0
7928,4.136466,0
7929,5.12752,0
7930,2.769997,0
7931,4.793357,1
7932,1.925849,1
7933,0.893166,1
7934,5.017536,1
7935,0.431212,1
7936,0.302336,1
7937,1.10697,1
7938,0.346111,1
7939,3.117659,1
7940,0.318633,1
7941,0.606601,1
7942,0.144486,1
7943,0.390009,1
7944,1.574083,0
7945,0.214024,0
7946,0.450589,0
7947,0.068666,0
7948,2.634255,0
7949,0.139702,1
7950,0.09561,0
7951,1.970173,1
7952,0.19985,1
7953,0.434637,0
7954,1.256399,1
7955,0.236472,1
7956,0.317149,1
7957,0.02504,0
7958,1.351838,1
7959,0.385789,1
7960,4.758808,1
7961,0.898868,0
7962,0.33602,1
7963,1.370601,1
7964,1.506582,0
7965,0.742218,0
7966,2.750035,0
7967,0.350349,1
7968,2.941311,0
7969,2.272487,1
7970,4.325524,0
7971,0.098035,0
7972,1.653232,0
7973,0.201727,0
7974,5.253057,1
7975,2.222585,1
7976,0.143947,0
7977,2.786452,1
7978,3.124943,1
7979,2.379155,0
7980,0.238277,1
7981,1.756152,0
7982,3.716459,1
7983,3.829014,0
7984,1.301588,0
7985,0.150518,1
7986,1.630245,1
7987,2.048991,1
7988,4.132483,0
7989,0.355606,1
7990,2.044168,1
7991,4.025236,1
7992,1.980134,1
7993,0.542665,1
7994,0.352598,1
7995,0.787029,0
7996,0.415167,1
7997,4.221705,0
7998,2.1879,0
7999,1.77224,0
8000,3.425871,1
8001,2.478805,1
8002,1.138203,0
8003,0.372855,1
8004,0.750805,0
8005,5.141267,1
8006,0.44578,1
8007,0.49045,1
8008,0.037791,0
8009,1.573754,1
8010,4.456747,1
8011,3.497038,0
8012,0.46805,1
8013,3.322182,1
8014,2.816763,1
8015,5.77131,0
8016,0.277462,1
8017,3.671348,1
8018,0.590916,0
8019,1.704086,0
8020,0.065914,1
8021,3.103838,1
8022,1.584488,1
8023,1.4048,0
8024,0.46843,1
8025,5.190547,1
8026,0.553255,1
8027,4.868996,1
8028,2.997247,0
8029,0.438308,0
8030,0.292289,1
8031,2.417006,1
8032,0.52568,1
8033,0.134845,1
8034,0.17261,1
8035,5.333467,1
8036,0.236264,0
8037,0.145516,1
8038,0.037746,1
8039,1.420517,0
8040,1.123636,0
8041,4.348903,1
8042,5.466581,1
8043,1.288489,0
8044,2.18386,1
8045,0.247429,1
8046,2.766031,0
8047,3.593997,1
8048,0.266235,1
8049,0.309859,1
8050,0.509785,1
8051,2.990785,1
8052,0.262247,1
8053,0.137622,0
8054,1.640003,0
8055,0.539895,0
8056,0.139157,1
8057,1.366033,0
8058,1.757855,1
8059,2.566307,0
8060,2.950772,1
8061,1.179551,1
8062,2.506293,1
8063,2.082223,1
8064,2.235341,0
8065,0.306323,1
8066,0.052555,1
8067,0.631718,0
8068,0.597707,1
8069,2.045334,1
8070,2.203412,1
8071,2.558876,1
8072,0.158865,1
8073,0.525478,1
8074,0.037412,0
8075,1.731299,0
8076,4.977895,1
8077,0.268939,1
8078,1.945293,0
8079,3.561281,0
8080,0.130089,0
8081,5.729806,1
8082,0.071584,1
8083,4.919552,1
8084,0.074344,0
8085,0.424671,1
8086,0.280057,1
8087,0.086393,0
8088,0.303342,1
8089,4.128369,1
8090,0.453807,0
8091,0.193679,1
8092,0.155089,1
8093,0.092263,1
8094,1.369294,1
8095,2.772628,1
8096,0.096871,0
8097,2.840386,0
8098,2.752013,1
8099,3.205916,1
8100,4.115032,1
8101,0.388099,1
8102,3.972875,0
8103,3.39787,0
8104,0.435282,0
8105,0.328726,1
8106,1.016719,0
8107,4.821525,1
8108,0.148557,0
8109,1.811205,0
8110,3.868574,0
8111,0.335158,1
8112,0.035343,0
8113,5.189494,1
8114,1.722927,0
8115,0.501031,0
8116,0.624864,1
8117,0.06399,0
8118,0.078227,1
8119,1.31584,0
8120,0.446771,1
8121,0.225823,1
8122,4.602442,0
8123,0.23938,0
8124,0.241203,0
8125,2.68429,1
8126,4.605221,1
8127,0.673371,0
8128,0.430521,0
8129,0.098271,1
8130,1.582723,0
8131,2.523837,0
8132,4.774537,1
8133,3.857621,0
8134,2.527956,1
8135,0.365893,1
8136,0.27501,1
8137,0.104082,1
8138,2.842321,1
8139,1.145933,0
8140,0.165184,0
8141,2.946913,0
8142,3.902831,0
8143,1.678755,0
8144,0.785408,0
8145,0.25801,1
8146,0.819023,1
8147,2.017525,1
8148,2.979363,1
8149,2.16688,0
8150,0.301525,1
8151,0.683845,1
8152,5.065097,0
8153,3.654725,1
8154,0.219898,1
8155,4.088465,1
8156,4.656234,1
8157,2.39412,1
8158,0.130189,1
8159,0.881427,0
8160,1.488036,0
8161,0.176926,1
8162,3.753255,1
8163,0.062782,1
8164,0.933172,0
8165,1.59901,1
8166,1.578942,1
8167,3.971639,1
8168,0.149314,1
8169,1.094401,0
8170,2.229045,1
8171,4.38513,0
8172,0.648111,1
8173,3.627508,1
8174,0.858155,0
8175,1.45017,0
8176,1.025026,0
8177,3.673641,1
8178,0.532198,1
8179,2.557684,1
8180,5.257239,1
8181,0.213852,1
8182,0.319324,1
8183,4.106363,0
8184,2.505326,1
8185,0.066822,0
8186,1.92277,0
8187,0.097688,0
8188,1.767933,1
8189,1.527062,1
8190,3.285053,0
8191,2.258196,1
8192,0.39764,0
8193,1.789169,1
8194,0.067816,1
8195,0.254547,1
8196,0.193258,1
8197,0.722737,1
8198,0.144755,1
8199,0.082752,0
8200,0.086925,0
8201,1.681597,1
8202,0.072292,1
8203,0.416642,1
8204,2.793106,0
8205,0.540144,1
8206,1.149981,0
8207,5.199975,0
8208,0.90867,0
8209,0.06104,1
8210,4.066581,0
8211,0.660906,0
8212,1.757751,0
8213,0.286828,0
8214,0.035905,0
8215,0.174879,1
8216,5.673647,0
8217,3.347621,1
8218,3.562773,0
8219,0.163905,1
8220,1.979297,0
8221,0.142063,1
8222,4.190369,0
8223,2.166393,1
8224,0.161169,1
8225,2.661832,0
8226,2.835969,0
8227,3.776313,0
8228,2.473881,1
8229,0.542348,1
8230,0.812366,1
8231,0.354134,0
8232,5.201314,0
8233,3.770785,1
8234,3.552778,0
8235,3.968503,1
8236,1.091376,0
8237,0.34903,1
8238,4.751192,0
8239,2.341569,1
8240,0.778752,1
8241,3.453025,0
8242,2.080885,1
8243,3.021983,0
8244,0.092713,1
8245,3.679907,1
8246,1.509228,1
8247,2.418264,1
8248,0.222214,1
8249,1.165086,1
8250,1.716725,0
8251,0.852062,1
8252,0.174572,1
8253,3.914268,0
8254,0.070468,1
8255,1.579513,1
8256,0.673831,1
8257,1.504138,1
8258,2.599657,1
8259,2.061259,0
8260,2.521887,0
8261,0.613083,1
8262,2.493791,0
8263,1.109573,1
8264,0.597933,1
8265,5.494344,0
8266,0.479009,1
8267,3.72495,1
8268,4.590868,0
8269,0.293448,1
8270,5.423552,0
8271,3.241548,1
8272,1.527666,1
8273,3.226082,0
8274,0.278863,1
8275,2.466123,1
8276,0.533559,1
8277,0.130915,1
8278,0.456538,1
8279,2.023612,1
8280,2.587244,1
8281,2.140318,0
8282,2.625059,1
8283,3.955899,1
8284,0.262078,0
8285,1.776307,1
8286,4.737326,0
8287,1.111839,0
8288,0.945788,0
8289,1.953065,0
8290,4.311277,0
8291,2.955245,0
8292,0.089576,1
8293,2.021282,0
8294,0.286658,1
8295,0.145023,1
8296,0.200099,1
8297,2.549286,0
8298,1.831956,0
8299,3.131883,1
8300,2.569407,0
8301,2.80885,1
8302,4.644255,0
8303,3.593592,0
8304,0.544448,1
8305,3.799526,0
8306,0.31578,1
8307,1.715528,1
8308,1.967859,1
8309,2.924928,1
8310,0.224142,1
8311,1.861048,1
8312,0.248079,1
8313,5.427277,1
8314,2.793092,1
8315,4.333549,1
8316,0.354255,0
8317,1.208737,1
8318,1.566067,0
8319,0.069674,0
8320,0.182278,1
8321,3.521801,0
8322,0.065132,0
8323,4.707249,0
8324,2.980828,0
8325,2.889093,1
8326,3.93411,0
8327,0.126595,1
8328,0.176074,1
8329,1.372885,1
8330,1.965833,0
8331,0.231243,1
8332,1.590551,1
8333,0.752781,1
8334,1.464674,1
8335,1.551544,1
8336,0.076712,0
8337,0.120828,1
8338,1.293095,0
8339,0.181915,1
8340,2.610998,1
8341,0.532312,1
8342,0.258391,1
8343,1.994557,1
8344,0.053306,0
8345,0.306964,1
8346,0.457284,1
8347,0.767757,1
8348,3.032151,1
8349,0.117819,0
8350,1.512096,1
8351,4.988047,1
8352,1.474913,0
8353,1.464338,0
8354,2.94445,1
8355,1.391545,0
8356,1.476878,1
8357,2.360104,1
8358,2.621207,0
8359,5.135231,1
8360,5.033459,1
8361,0.997691,0
8362,1.084568,0
8363,4.819782,1
8364,2.550245,1
8365,5.247039,0
8366,2.113246,0
8367,2.203514,1
8368,2.585744,1
8369,1.960948,0
8370,3.997865,1
8371,1.045246,0
8372,0.673463,0
8373,3.299245,0
8374,0.353268,0
8375,2.822017,1
8376,4.586255,1
8377,1.987146,1
8378,2.056424,1
8379,2.420226,1
8380,0.294004,0
8381,5.300139,1
8382,4.455343,0
8383,1.33265,1
8384,0.27396,1
8385,0.647285,0
8386,2.689518,1
8387,0.742011,0
8388,0.434707,1
8389,1.75464,0
8390,1.509058,1
8391,0.278654,1
8392,1.339256,1
8393,2.883612,1
8394,2.070701,0
8395,1.948817,1
8396,0.363476,1
8397,1.619293,1
8398,2.45835,0
8399,1.304591,0
8400,0.185629,1
8401,1.621188,1
8402,0.601377,0
8403,0.770473,1
8404,2.070232,0
8405,2.143373,1
8406,2.984152,0
8407,2.167092,1
8408,0.908722,0
8409,0.080799,0
8410,1.504338,0
8411,0.368049,1
8412,5.627371,0
8413,4.666131,0
8414,2.650458,0
8415,4.817674,1
8416,4.081551,1
8417,0.342276,1
8418,1.846206,1
8419,0.417304,0
8420,0.475522,0
8421,2.775759,1
8422,0.862978,1
8423,2.686564,1
8424,4.008568,1
8425,4.467282,1
8426,1.410053,1
8427,0.173353,1
8428,0.411904,1
8429,0.208889,1
8430,0.061248,0
8431,3.839239,1
8432,0.147617,1
8433,2.207177,1
8434,1.220377,1
8435,2.61636,1
8436,0.847102,0
8437,4.557456,0
8438,3.612451,0
8439,0.129549,1
8440,2.067772,1
8441,3.667607,0
8442,0.339968,1
8443,0.105353,1
8444,0.47802,1
8445,1.885047,0
8446,0.579747,0
8447,0.356294,1
8448,2.029588,0
8449,0.581988,1
8450,0.118664,1
8451,5.143759,0
8452,3.194309,1
8453,1.387884,0
8454,1.009917,0
8455,2.039244,0
8456,0.142418,1
8457,0.21496,0
8458,2.340778,0
8459,0.734111,1
8460,4.973968,0
8461,2.443086,1
8462,1.728964,0
8463,0.922516,1
8464,0.724118,0
8465,0.20472,0
8466,0.10851,0
8467,0.251963,1
8468,2.663997,1
8469,0.332175,1
8470,0.67613,1
8471,0.367517,1
8472,2.126041,0
8473,0.081556,0
8474,1.757304,0
8475,2.218971,1
8476,2.588849,0
8477,0.430219,0
8478,0.055092,0
8479,5.139735,1
8480,1.467998,0
8481,0.35691,1
8482,1.551671,1
8483,1.659227,1
8484,0.666049,0
8485,0.165563,0
8486,0.667058,0
8487,0.087629,1
8488,2.556681,0
8489,1.408478,0
8490,0.690678,1
8491,0.113878,1
8492,0.445481,1
8493,1.266701,0
8494,1.522666,1
8495,0.998234,1
8496,0.131673,1
8497,4.537187,0
8498,3.826814,1
8499,2.682187,1
8500,0.408465,0
8501,2.444133,1
8502,4.489988,0
8503,0.121157,1
8504,1.893355,0
8505,0.084469,1
8506,4.112692,1
8507,1.559448,1
8508,2.837922,0
8509,4.584015,1
8510,0.653348,1
8511,0.216431,1
8512,5.555348,0
8513,5.333449,1
8514,0.126087,1
8515,0.789675,1
8516,3.505986,0
8517,3.012003,1
8518,0.587044,0
8519,0.275264,1
8520,0.043172,0
8521,1.304492,1
8522,3.234133,1
8523,1.658545,1
8524,0.076832,1
8525,0.86943,0
8526,2.851887,1
8527,2.080236,0
8528,0.059939,0
8529,4.074862,0
8530,2.773232,0
8531,4.017109,1
8532,0.304506,1
8533,1.96503,1
8534,0.07453,1
8535,0.48397,1
8536,0.404441,1
8537,0.643584,1
8538,0.153636,0
8539,1.054116,1
8540,3.904972,1
8541,0.150208,0
8542,4.66552,0
8543,0.662853,0
8544,0.50545,1
8545,1.159111,1
8546,2.645633,1
8547,0.133464,1
8548,0.12897,1
8549,2.364133,1
8550,0.273883,1
8551,1.512835,0
8552,0.061896,1
8553,1.363469,1
8554,3.162169,0
8555,0.799941,1
8556,0.884812,0
8557,1.494047,1
8558,0.339211,1
8559,1.480958,0
8560,1.221778,0
8561,0.293582,1
8562,0.15604,1
8563,1.375278,1
8564,4.186504,1
8565,0.621585,1
8566,0.259173,1
8567,2.273838,0
8568,1.668526,0
8569,0.267305,1
8570,0.397884,0
8571,4.980355,1
8572,2.871783,1
8573,0.661828,0
8574,6.049075,1
8575,1.330904,1
8576,2.153411,1
8577,0.715852,0
8578,0.140843,0
8579,0.460899,1
8580,4.755516,1
8581,2.868175,0
8582,2.738857,0
8583,0.333575,1
8584,0.166265,1
8585,1.697527,1
8586,0.944888,0
8587,0.48303,1
8588,1.638123,1
8589,0.325798,0
8590,0.47762,1
8591,0.169932,1
8592,0.166899,0
8593,3.050142,0
8594,0.122875,1
8595,0.287606,1
8596,0.310759,1
8597,0.381619,1
8598,5.345303,0
8599,2.721547,0
8600,3.845419,1
8601,0.320276,1
8602,2.595834,1
8603,2.397048,1
8604,1.670632,1
8605,0.091249,1
8606,0.115524,1
8607,0.699148,0
8608,0.202396,1
8609,5.072476,1
8610,0.393884,1
8611,3.475231,1
8612,5.035747,0
8613,3.834662,0
8614,3.502936,0
8615,0.02566,0
8616,1.657895,0
8617,3.620064,1
8618,0.238844,0
8619,0.297574,1
8620,2.247637,1
8621,0.968693,1
8622,4.395455,1
8623,0.093256,1
8624,2.861512,1
8625,2.783386,0
8626,2.867933,1
8627,2.31152,1
8628,1.582051,0
8629,0.478944,1
8630,1.2718,0
8631,6.63276,1
8632,0.175977,1
8633,3.792139,1
8634,2.363645,0
8635,0.157849,1
8636,0.078482,0
8637,0.038843,0
8638,0.564774,1
8639,0.503935,0
8640,1.628908,0
8641,3.279006,1
8642,2.419284,0
8643,0.25345,1
8644,0.690977,1
8645,2.529495,0
8646,1.722204,1
8647,0.058583,1
8648,0.534407,1
8649,2.008711,0
8650,2.589045,1
8651,2.175,0
8652,1.959706,0
8653,0.26781,1
8654,5.777953,1
8655,0.334643,0
8656,0.606748,0
8657,0.121234,1
8658,1.301521,1
8659,2.694576,0
8660,4.723331,0
8661,0.242196,1
8662,1.198589,0
8663,1.080799,0
8664,3.956095,0
8665,0.071193,0
8666,2.758761,1
8667,2.983695,1
8668,5.529828,1
8669,0.552013,1
8670,0.025946,1
8671,1.369931,0
8672,1.013848,1
8673,2.80086,1
8674,1.821882,0
8675,1.529624,1
8676,0.305043,1
8677,1.26285,0
8678,2.510922,1
8679,4.32381,0
8680,1.258073,0
8681,0.219695,1
8682,0.442426,0
8683,0.323505,1
8684,2.279969,0
8685,0.491429,0
8686,2.184495,1
8687,3.780193,1
8688,0.11241,1
8689,0.424779,1
8690,1.910719,0
8691,0.410197,1
8692,0.329637,1
8693,0.784382,1
8694,0.112635,1
8695,2.138156,0
8696,1.271276,0
8697,0.324953,1
8698,2.513249,1
8699,1.327714,0
8700,1.262414,0
8701,1.511294,0
8702,1.015888,1
8703,0.16624,1
8704,3.965417,1
8705,0.63731,1
8706,0.127888,1
8707,3.375411,0
8708,0.467576,0
8709,3.173859,1
8710,4.013612,1
8711,3.402963,1
8712,3.454483,1
8713,0.738853,1
8714,0.253575,1
8715,0.323533,1
8716,0.694612,0
8717,0.487945,1
8718,1.73288,0
8719,0.254395,1
8720,0.104339,0
8721,2.081944,1
8722,0.234236,1
8723,2.045463,0
8724,1.969721,0
8725,0.567081,1
8726,3.149986,1
8727,0.354795,0
8728,0.681783,1
8729,4.859081,0
8730,0.190339,1
8731,2.398844,1
8732,0.211325,0
8733,3.537682,1
8734,3.259634,0
8735,0.463603,1
8736,0.836581,1
8737,3.384229,0
8738,3.292545,1
8739,0.711992,1
8740,0.969068,0
8741,2.08497,0
8742,0.12568,0
8743,0.539499,1
8744,0.872281,0
8745,0.413872,1
8746,2.376493,1
8747,0.639358,1
8748,3.200507,1
8749,0.233182,0
8750,2.22401,0
8751,1.799438,0
8752,4.94929,1
8753,0.164826,1
8754,0.233415,1
8755,1.74057,0
8756,0.07126,0
8757,1.527246,0
8758,3.088309,0
8759,2.610369,1
8760,1.841406,1
8761,1.241814,1
8762,5.620042,1
8763,0.220434,1
8764,3.616526,0
8765,0.738962,0
8766,4.657259,1
8767,0.957529,0
8768,1.910988,1
8769,1.693053,1
8770,1.682354,0
8771,1.597121,0
8772,0.19859,1
8773,0.189344,1
8774,0.066371,1
8775,0.0609,0
8776,0.155726,1
8777,2.274369,1
8778,1.537914,1
8779,7.871398,1
8780,4.742226,0
8781,1.534376,0
8782,5.052053,0
8783,0.127746,1
8784,0.778558,0
8785,3.409652,1
8786,1.952099,1
8787,2.023446,1
8788,4.818498,1
8789,0.145313,1
8790,4.74156,1
8791,0.836152,0
8792,4.881341,1
8793,0.430991,1
8794,5.409549,1
8795,0.383933,1
8796,1.543086,1
8797,3.191117,0
8798,3.158432,1
8799,2.346938,1
8800,0.051735,0
8801,0.930436,0
8802,4.617422,1
8803,2.54845,1
8804,0.324404,1
8805,0.900918,1
8806,1.086501,1
8807,0.246778,1
8808,0.605218,0
8809,1.242943,1
8810,0.445673,1
8811,1.66112,1
8812,3.371514,0
8813,0.209045,1
8814,2.564583,1
8815,0.952683,1
8816,2.458919,0
8817,0.641611,0
8818,3.338877,1
8819,0.160159,1
8820,2.201907,0
8821,3.45357,1
8822,0.220824,1
8823,0.687372,1
8824,1.05503,1
8825,2.45988,0
8826,2.796701,1
8827,0.681041,1
8828,1.825197,1
8829,3.428752,1
8830,2.843546,1
8831,2.114132,1
8832,0.09478,1
8833,3.593635,0
8834,0.159076,0
8835,2.884321,1
8836,0.549326,1
8837,0.124567,1
8838,3.525227,1
8839,0.427077,1
8840,0.170797,0
8841,1.420614,1
8842,0.059403,1
8843,1.493852,0
8844,0.271899,1
8845,0.169443,1
8846,0.124104,1
8847,1.509146,0
8848,1.711979,1
8849,2.390973,1
8850,2.560597,0
8851,0.216926,1
8852,0.766814,1
8853,0.045019,0
8854,0.266981,1
8855,0.164117,1
8856,4.369945,1
8857,2.799943,1
8858,0.709784,1
8859,0.246707,1
8860,0.060365,0
8861,0.737556,0
8862,0.347304,1
8863,5.791807,1
8864,1.3719,0
8865,0.483691,1
8866,0.208333,0
8867,4.633883,0
8868,1.438868,0
8869,0.162812,0
8870,1.838256,0
8871,0.573109,0
8872,2.831471,0
8873,1.354967,0
8874,0.504685,1
8875,3.612628,1
8876,2.336777,1
8877,3.431041,0
8878,3.013588,1
8879,0.266596,1
8880,2.409031,1
8881,0.628746,1
8882,2.886318,1
8883,3.243243,0
8884,0.363705,1
8885,4.24664,0
8886,0.284876,0
8887,0.369218,1
8888,1.04457,1
8889,0.280574,1
8890,0.515316,1
8891,0.214133,1
8892,2.545424,1
8893,0.220453,1
8894,0.123904,1
8895,6.800786,1
8896,2.280251,1
8897,4.909049,1
8898,0.170843,0
8899,0.728529,1
8900,0.734617,0
8901,1.533933,1
8902,3.849149,1
8903,2.205223,1
8904,1.888361,1
8905,4.070236,0
8906,3.620634,1
8907,2.190669,1
8908,0.131442,1
8909,0.641641,1
8910,6.494274,1
8911,0.262669,1
8912,2.387625,1
8913,2.306516,1
8914,2.972399,0
8915,0.039578,1
8916,4.125401,0
8917,5.07495,0
8918,5.608643,0
8919,0.470497,1
8920,1.145358,1
8921,5.85703,0
8922,0.141793,0
8923,1.797483,1
8924,0.286243,1
8925,1.40773,0
8926,4.607459,1
8927,0.372878,1
8928,3.888036,1
8929,2.843825,0
8930,3.795449,1
8931,0.416893,1
8932,4.573763,0
8933,3.780853,1
8934,2.552843,0
8935,4.885636,0
8936,0.249214,0
8937,4.331617,0
8938,0.430673,1
8939,0.332776,1
8940,1.242599,0
8941,2.057151,1
8942,2.903572,1
8943,5.640224,1
8944,1.251222,1
8945,0.080015,0
8946,1.760438,0
8947,4.504211,1
8948,2.476872,0
8949,0.551961,1
8950,2.784524,0
8951,4.272952,0
8952,2.652003,1
8953,1.737238,0
8954,0.118025,1
8955,0.140257,1
8956,3.512771,0
8957,1.29285,0
8958,2.583459,1
8959,5.40927,1
8960,0.536424,1
8961,2.941921,1
8962,0.096454,0
8963,0.022991,0
8964,0.283626,1
8965,0.505039,1
8966,1.776209,1
8967,0.201296,1
8968,4.014054,0
8969,2.175839,1
8970,0.588835,1
8971,2.025289,1
8972,1.517991,0
8973,2.26772,1
8974,4.635388,0
8975,0.140497,1
8976,0.695897,0
8977,2.84036,1
8978,3.705891,1
8979,2.439325,1
8980,1.114082,1
8981,1.471841,0
8982,0.093959,1
8983,4.188411,1
8984,0.12987,1
8985,0.188634,1
8986,3.013347,1
8987,5.019164,1
8988,3.822199,1
8989,0.457343,0
8990,0.257213,1
8991,0.052783,0
8992,0.820909,1
8993,2.804608,0
8994,2.462702,1
8995,0.632299,1
8996,0.852815,1
8997,0.516163,1
8998,1.50114,0
8999,0.33349,1
9000,2.138626,1
9001,1.274192,1
9002,2.389499,1
9003,0.683679,1
9004,2.458868,1
9005,1.78334,0
9006,3.360029,1
9007,2.063275,0
9008,4.251055,0
9009,1.322996,1
9010,0.189971,1
9011,0.602516,0
9012,0.48607,1
9013,0.163743,1
9014,3.46828,1
9015,2.204433,1
9016,2.83361,1
9017,1.691147,0
9018,0.092967,1
9019,0.236171,1
9020,1.069431,0
9021,0.237609,1
9022,0.121627,1
9023,1.345237,0
9024,3.720011,1
9025,3.281003,0
9026,0.708506,1
9027,2.378417,1
9028,2.621718,0
9029,7.056049,1
9030,0.476,1
9031,0.699869,0
9032,0.203192,0
9033,5.166169,0
9034,0.714097,1
9035,2.212774,0
9036,4.357903,0
9037,0.251339,1
9038,0.051405,1
9039,0.14419,1
9040,2.157175,0
9041,1.867604,1
9042,1.326374,1
9043,0.165108,1
9044,2.784964,0
9045,0.676106,1
9046,0.076874,1
9047,0.152202,1
9048,0.072257,0
9049,0.109113,0
9050,0.11822,1
9051,0.525984,0
9052,3.864546,1
9053,1.359406,1
9054,0.249665,1
9055,3.886921,0
9056,0.024755,1
9057,0.085607,1
9058,0.423958,1
9059,0.374689,1
9060,2.153866,1
9061,0.640946,1
9062,0.279747,1
9063,4.688498,1
9064,2.90067,1
9065,0.205775,1
9066,0.093488,1
9067,3.785298,0
9068,0.913061,0
9069,0.417695,1
9070,0.360227,1
9071,3.3096,1
9072,3.573353,1
9073,0.401896,1
9074,2.95617,1
9075,0.358909,1
9076,0.428456,1
9077,5.492901,0
9078,0.635404,1
9079,4.463741,1
9080,2.323635,1
9081,0.614623,1
9082,0.1452,1
9083,0.981739,0
9084,4.127083,0
9085,1.6145,0
9086,5.703701,0
9087,3.349691,1
9088,3.009673,1
9089,3.454246,0
9090,1.916292,0
9091,2.420762,0
9092,0.158949,0
9093,3.149993,1
9094,0.092091,0
9095,0.612626,0
9096,3.079499,0
9097,0.069479,1
9098,0.168134,1
9099,0.164716,0
9100,1.847115,1
9101,5.169121,1
9102,0.103998,0
9103,2.173909,0
9104,1.101783,1
9105,2.637466,1
9106,0.07648,1
9107,3.550126,1
9108,2.450427,0
9109,0.260698,1
9110,6.690102,1
9111,0.239672,1
9112,1.704103,1
9113,0.127161,1
9114,1.678959,0
9115,1.206813,0
9116,1.234422,1
9117,1.858879,1
9118,2.570316,1
9119,0.086518,1
9120,5.29959,1
9121,1.570446,0
9122,4.661539,0
9123,0.042605,0
9124,0.080363,1
9125,3.172858,1
9126,0.137433,1
9127,0.678537,1
9128,0.143548,1
9129,2.135397,1
9130,5.00007,1
9131,0.146901,0
9132,1.829089,1
9133,3.079983,0
9134,0.566433,1
9135,0.154673,1
9136,2.103734,1
9137,4.561142,1
9138,0.294081,1
9139,0.980791,0
9140,2.60544,0
9141,0.738025,0
9142,2.499635,1
9143,2.98717,0
9144,3.471656,1
9145,1.216728,0
9146,0.054077,0
9147,0.718893,1
9148,1.922963,1
9149,2.464428,1
9150,1.15785,1
9151,0.113639,0
9152,0.380289,1
9153,0.127028,0
9154,0.274526,1
9155,0.565247,1
9156,4.354465,1
9157,1.217487,1
9158,0.140994,1
9159,3.33592,1
9160,1.960831,1
9161,3.171998,0
9162,0.781585,1
9163,3.767216,1
9164,1.916667,1
9165,0.096152,1
9166,2.250937,1
9167,4.459302,0
9168,2.440036,1
9169,1.199355,1
9170,0.283183,1
9171,0.303677,1
9172,5.558475,1
9173,1.408504,1
9174,1.569113,1
9175,3.276795,1
9176,2.031597,0
9177,5.481513,1
9178,2.598469,1
9179,0.213193,0
9180,2.078633,1
9181,2.051417,0
9182,0.090795,0
9183,4.346406,1
9184,4.324367,0
9185,0.235014,1
9186,0.365326,1
9187,0.452692,1
9188,1.201873,0
9189,0.657119,0
9190,2.20736,1
9191,1.518699,1
9192,0.69044,1
9193,1.579033,0
9194,0.807771,0
9195,0.098713,1
9196,4.233157,0
9197,4.326797,1
9198,0.161086,1
9199,0.078695,0
9200,1.635469,1
9201,1.498875,1
9202,2.08669,1
9203,4.050717,1
9204,1.924035,1
9205,4.66268,1
9206,0.103894,0
9207,1.315192,0
9208,0.476537,1
9209,5.708584,1
9210,1.374845,0
9211,5.281449,1
9212,0.282764,1
9213,0.142779,0
9214,3.802217,0
9215,0.593389,1
9216,4.756247,1
9217,0.054299,0
9218,0.791954,1
9219,0.095346,0
9220,1.902056,1
9221,2.070266,0
9222,0.966963,0
9223,0.069353,0
9224,2.104641,1
9225,5.120383,1
9226,4.563224,0
9227,3.960966,1
9228,4.699241,1
9229,3.362342,0
9230,1.422772,1
9231,4.094167,0
9232,3.494526,1
9233,0.378663,1
9234,0.760051,1
9235,0.123981,1
9236,1.805193,1
9237,4.494671,1
9238,0.06143,0
9239,0.304615,0
9240,2.326744,0
9241,4.287913,1
9242,0.549656,1
9243,0.374989,1
9244,0.410351,1
9245,0.272553,1
9246,0.378763,0
9247,4.514842,1
9248,3.661935,1
9249,0.420828,1
9250,0.224654,1
9251,3.35721,0
9252,0.153264,0
9253,0.432146,0
9254,3.168586,1
9255,4.782712,0
9256,0.147578,1
9257,0.11366,0
9258,3.441497,1
9259,2.760459,0
9260,0.083068,0
9261,2.941821,0
9262,4.769871,1
9263,4.133816,1
9264,0.259241,0
9265,0.334677,1
9266,1.471641,0
9267,0.121207,1
9268,4.551004,0
9269,0.745429,1
9270,2.452069,0
9271,2.522781,0
9272,0.389892,0
9273,0.298656,0
9274,0.245264,1
9275,0.284956,1
9276,2.650486,1
9277,1.229573,0
9278,3.495791,1
9279,1.402451,1
9280,0.402046,1
9281,1.651159,1
9282,0.485565,1
9283,0.164584,1
9284,0.202634,1
9285,4.091358,1
9286,2.742023,1
9287,5.369432,1
9288,0.745272,0
9289,5.087952,1
9290,0.114251,0
9291,0.369699,1
9292,0.285232,1
9293,1.037274,1
9294,0.618231,1
9295,1.762264,0
9296,0.698742,1
9297,0.135866,1
9298,3.804151,1
9299,2.71621,1
9300,5.814925,1
9301,1.229177,0
9302,0.502339,1
9303,2.562662,1
9304,1.168612,1
9305,1.158333,0
9306,3.425623,1
9307,5.084607,0
9308,1.592097,1
9309,1.483708,0
9310,0.353992,1
9311,3.279728,1
9312,0.177881,1
9313,0.55488,1
9314,4.07303,1
9315,0.264974,1
9316,5.355758,0
9317,0.39227,1
9318,4.706192,1
9319,3.027453,1
9320,0.187338,1
9321,2.47035,0
9322,2.715305,1
9323,0.17839,1
9324,0.088398,0
9325,1.136754,0
9326,0.23591,1
9327,2.364568,1
9328,3.039974,1
9329,0.340346,0
9330,1.887926,0
9331,0.317791,1
9332,2.599503,0
9333,2.98484,0
9334,4.265732,1
9335,1.550183,1
9336,0.026557,0
9337,3.378585,1
9338,1.540256,1
9339,0.861724,1
9340,0.242176,1
9341,4.441177,1
9342,0.414589,1
9343,0.506368,1
9344,2.512957,1
9345,5.645458,0
9346,2.574688,0
9347,1.562462,0
9348,0.389917,1
9349,0.029042,0
9350,0.513534,0
9351,0.450153,1
9352,3.092093,1
9353,2.180569,0
9354,2.238979,1
9355,0.088282,1
9356,0.20256,1
9357,0.276701,1
9358,3.849987,0
9359,3.402542,1
9360,0.350277,1
9361,2.150916,1
9362,1.870481,1
9363,0.368275,1
9364,2.422494,1
9365,1.946074,1
9366,0.169523,1
9367,5.050665,0
9368,1.792537,1
9369,2.452408,0
9370,0.080493,1
9371,4.887779,1
9372,0.23702,1
9373,2.967381,0
9374,0.019378,0
9375,0.310037,1
9376,0.147431,1
9377,3.323385,1
9378,0.232032,0
9379,0.736853,1
9380,0.975612,0
9381,2.250395,1
9382,2.032932,1
9383,5.070333,0
9384,1.94181,0
9385,0.294222,1
9386,1.389876,1
9387,2.171644,1
9388,1.564237,0
9389,0.161482,1
9390,2.746998,0
9391,0.381098,1
9392,2.640516,0
9393,3.615133,1
9394,1.185559,1
9395,0.138062,0
9396,0.243756,1
9397,0.024354,0
9398,1.520867,1
9399,1.616398,1
9400,0.206757,1
9401,2.475164,1
9402,0.033607,0
9403,0.240844,0
9404,4.296951,1
9405,5.874391,1
9406,0.580612,1
9407,0.475037,1
9408,0.30897,1
9409,1.808091,1
9410,0.034344,0
9411,0.120608,1
9412,0.068929,1
9413,1.761224,1
9414,4.283638,1
9415,0.198946,1
9416,0.880428,1
9417,0.538382,1
9418,0.112712,0
9419,0.881715,0
9420,0.372469,1
9421,0.552886,0
9422,2.796982,0
9423,0.435355,0
9424,3.566113,1
9425,5.487105,0
9426,0.784106,0
9427,0.888649,0
9428,1.537661,1
9429,2.142303,0
9430,0.622182,1
9431,5.405095,0
9432,2.245018,1
9433,0.736934,1
9434,0.948649,1
9435,1.446213,1
9436,1.537311,0
9437,0.203487,1
9438,3.974766,1
9439,0.583104,1
9440,0.781056,1
9441,0.093573,1
9442,4.356287,0
9443,0.17037,1
9444,2.251603,1
9445,0.096046,1
9446,0.047934,0
9447,1.819827,0
9448,0.093846,1
9449,0.039299,0
9450,1.123244,1
9451,2.443558,0
9452,1.663908,0
9453,4.722509,0
9454,0.49401,1
9455,0.653828,1
9456,5.508915,1
9457,0.574703,1
9458,0.320355,1
9459,2.568955,1
9460,0.575943,1
9461,0.95909,0
9462,4.5815,0
9463,1.803975,1
9464,2.861933,0
9465,1.867862,0
9466,3.761581,0
9467,2.547563,1
9468,1.701799,1
9469,0.133684,0
9470,2.2452,1
9471,1.122549,1
9472,4.44141,1
9473,4.222815,1
9474,1.65024,1
9475,0.119286,1
9476,2.630199,0
9477,0.748305,1
9478,3.484822,0
9479,1.908976,1
9480,0.129001,1
9481,3.749171,1
9482,0.550509,1
9483,2.322704,1
9484,0.051233,1
9485,0.333321,1
9486,5.105603,1
9487,0.067983,0
9488,2.836209,0
9489,0.202436,1
9490,0.728606,0
9491,3.038023,0
9492,1.470016,1
9493,1.091196,0
9494,0.38142,0
9495,0.300395,1
9496,3.928336,1
9497,5.828984,1
9498,4.912155,1
9499,2.589858,1
9500,2.28898,1
9501,2.374403,1
9502,5.833507,1
9503,2.953356,0
9504,2.047829,1
9505,0.310376,1
9506,2.816379,1
9507,4.871286,1
9508,3.27959,1
9509,1.653718,0
9510,0.052321,0
9511,0.150482,1
9512,0.164129,1
9513,1.443819,0
9514,1.878788,1
9515,0.173512,1
9516,1.341598,0
9517,3.794498,0
9518,0.20884,1
9519,1.703311,0
9520,0.119518,1
9521,1.594634,0
9522,0.566928,1
9523,4.078907,0
9524,2.562203,0
9525,1.844552,0
9526,0.484422,1
9527,1.454247,1
9528,4.111027,0
9529,1.119645,1
9530,0.319219,1
9531,5.264008,1
9532,0.182747,1
9533,3.484727,1
9534,0.533456,1
9535,2.320128,1
9536,1.795265,1
9537,0.479378,1
9538,2.571359,1
9539,1.708049,0
9540,1.283637,0
9541,0.476189,1
9542,0.81786,1
9543,0.546922,0
9544,0.067769,0
9545,0.551509,1
9546,0.503472,1
9547,0.21347,1
9548,3.81509,1
9549,2.247437,1
9550,2.959816,1
9551,1.430859,0
9552,0.985746,1
9553,0.759133,1
9554,5.536016,1
9555,0.774046,0
9556,4.028967,0
9557,0.247093,1
9558,3.407223,1
9559,2.253652,1
9560,0.187543,1
9561,0.178161,1
9562,0.119466,1
9563,1.452205,1
9564,0.528446,1
9565,0.521724,1
9566,0.346816,1
9567,0.813455,0
9568,0.792136,0
9569,1.755398,1
9570,1.524277,1
9571,0.321308,1
9572,1.869768,1
9573,1.562776,1
9574,1.68611,0
9575,0.928667,1
9576,1.388059,1
9577,3.159917,0
9578,0.297376,0
9579,0.18902,1
9580,4.804419,0
9581,4.222419,0
9582,0.134412,1
9583,0.365806,0
9584,0.574095,1
9585,2.657456,1
9586,2.36535,1
9587,0.489574,1
9588,2.267996,1
9589,4.887142,0
9590,4.378738,0
9591,1.651193,0
9592,2.345927,1
9593,3.513736,0
9594,0.551312,0
9595,0.150777,1
9596,0.134219,1
9597,1.602093,1
9598,3.252912,1
9599,2.100784,1
9600,0.381525,1
9601,6.002149,1
9602,1.765774,1
9603,0.341183,1
9604,0.432353,1
9605,0.600397,1
9606,2.51662,1
9607,0.278521,1
9608,2.391063,1
9609,0.183035,1
9610,1.541792,1
9611,4.954261,1
9612,2.001886,1
9613,0.671435,0
9614,2.298577,0
9615,0.055673,0
9616,1.228665,1
9617,2.705359,1
9618,0.412212,1
9619,1.676114,0
9620,5.05038,0
9621,0.479436,1
9622,1.485845,0
9623,0.82326,1
9624,0.189467,1
9625,3.337246,1
9626,0.36655,1
9627,1.350303,1
9628,0.348115,1
9629,1.377602,1
9630,2.33288,0
9631,1.570266,0
9632,2.156975,0
9633,0.737763,1
9634,0.308014,1
9635,2.840954,0
9636,0.064876,1
9637,2.555401,1
9638,1.997368,1
9639,2.298298,0
9640,2.932638,1
9641,3.562716,1
9642,1.025519,1
9643,5.089633,0
9644,0.044792,0
9645,1.747772,1
9646,0.072397,1
9647,2.659299,1
9648,0.168643,1
9649,2.089832,1
9650,2.534743,1
9651,3.674019,1
9652,0.246541,1
9653,0.762017,0
9654,1.334833,1
9655,3.60093,1
9656,1.997109,1
9657,1.52858,0
9658,2.265322,1
9659,0.12305,1
9660,1.124778,0
9661,0.739673,0
9662,3.068474,0
9663,1.396421,1
9664,0.07701,1
9665,0.358699,1
9666,5.299812,1
9667,0.077409,0
9668,4.382784,0
9669,4.720095,1
9670,1.89918,1
9671,1.66508,1
9672,5.147496,1
9673,0.23664,0
9674,0.199157,1
9675,1.818568,1
9676,0.22085,0
9677,0.324081,1
9678,2.341384,0
9679,2.735458,0
9680,2.292116,0
9681,0.024207,0
9682,0.266087,1
9683,3.592764,1
9684,3.745995,1
9685,0.679895,1
9686,0.478685,1
9687,0.378391,1
9688,2.473857,0
9689,0.19285,1
9690,1.722007,1
9691,0.163922,1
9692,0.688513,1
9693,0.282967,1
9694,1.631187,1
9695,3.669167,1
9696,0.230933,1
9697,0.344502,0
9698,4.184649,0
9699,2.788287,0
9700,3.739295,1
9701,2.400088,0
9702,0.019815,0
9703,2.438169,1
9704,4.060174,1
9705,2.539728,0
9706,2.539455,0
9707,0.170346,1
9708,3.28715,0
9709,0.145508,1
9710,0.503764,0
9711,3.070548,1
9712,2.569842,1
9713,2.38965,0
9714,3.660313,1
9715,0.787183,1
9716,1.242321,0
9717,0.387986,1
9718,3.17309,1
9719,0.298061,1
9720,0.284587,1
9721,0.417131,1
9722,3.308731,1
9723,2.417567,1
9724,0.232452,1
9725,3.118003,0
9726,1.466911,0
9727,1.877748,1
9728,1.337781,0
9729,2.926875,1
9730,1.250026,1
9731,3.74261,0
9732,0.085798,1
9733,0.508188,1
9734,0.505515,1
9735,0.278355,1
9736,3.177627,0
9737,0.24401,1
9738,2.078629,0
9739,0.41107,1
9740,0.259093,1
9741,3.488681,0
9742,0.065757,0
9743,2.928947,1
9744,0.545565,1
9745,0.048958,0
9746,0.31882,1
9747,0.255117,1
9748,1.127429,1
9749,1.335359,0
9750,2.442474,1
9751,0.40552,1
9752,0.412372,0
9753,3.518757,1
9754,0.584768,1
9755,0.414602,1
9756,1.461596,0
9757,1.47282,1
9758,2.074578,0
9759,2.942922,1
9760,3.004732,0
9761,1.559961,1
9762,3.591659,1
9763,2.398615,1
9764,1.856835,1
9765,1.356266,1
9766,2.943095,1
9767,1.079728,1
9768,1.769561,0
9769,3.882387,1
9770,1.302898,1
9771,0.632619,1
9772,4.016767,0
9773,0.237832,1
9774,1.103091,0
9775,2.348683,1
9776,3.650865,1
9777,0.940996,1
9778,0.107998,1
9779,0.18211,1
9780,0.978989,1
9781,4.656296,0
9782,0.597801,0
9783,0.042447,0
9784,3.362432,1
9785,1.554875,0
9786,4.563242,1
9787,0.112482,0
9788,0.079726,1
9789,0.809589,1
9790,0.822999,1
9791,0.112858,0
9792,1.616534,0
9793,3.828341,0
9794,4.944334,0
9795,0.679868,1
9796,0.439056,1
9797,2.387502,1
9798,2.96807,1
9799,4.171956,1
9800,4.638532,0
9801,2.330866,0
9802,2.095254,1
9803,0.074164,1
9804,0.024826,0
9805,3.42569,1
9806,3.2276,0
9807,0.094883,1
9808,0.332031,1
9809,2.19935,1
9810,1.724129,1
9811,2.157217,1
9812,1.076607,1
9813,0.615384,1
9814,0.153701,1
9815,4.685963,0
9816,0.176612,0
9817,1.804738,1
9818,0.202495,1
9819,1.728293,0
9820,2.279988,1
9821,0.274558,1
9822,0.098371,1
9823,0.344142,1
9824,3.742928,1
9825,0.566866,1
9826,3.111269,0
9827,1.752568,0
9828,2.73379,1
9829,3.406014,0
9830,0.828632,0
9831,0.747227,0
9832,0.621873,1
9833,4.608081,0
9834,0.330436,1
9835,0.530572,1
9836,2.528612,0
9837,5.86877,0
9838,2.61193,1
9839,0.409588,1
9840,0.224927,1
9841,0.540093,1
9842,0.236077,0
9843,1.683963,1
9844,0.173707,1
9845,1.32334,0
9846,2.344583,1
9847,0.175306,1
9848,0.066314,1
9849,0.398049,0
9850,0.326339,1
9851,2.288828,1
9852,0.282543,1
9853,0.501821,0
9854,0.821166,1
9855,0.24739,1
9856,2.989786,1
9857,0.414916,1
9858,2.96894,0
9859,1.954089,1
9860,3.124495,1
9861,2.284709,1
9862,3.052159,0
9863,3.278665,0
9864,2.249382,1
9865,2.689038,0
9866,2.79685,0
9867,0.470183,1
9868,2.523459,1
9869,3.62667,1
9870,0.317194,1
9871,0.554862,0
9872,0.204052,1
9873,3.539791,0
9874,2.859077,1
9875,3.300137,0
9876,0.299551,0
9877,0.160692,1
9878,2.140493,0
9879,4.308046,0
9880,0.153261,0
9881,0.454552,0
9882,0.207775,1
9883,0.288296,0
9884,0.641442,0
9885,3.945691,1
9886,0.100855,1
9887,0.569404,1
9888,5.289025,1
9889,2.761096,1
9890,3.948777,1
9891,0.100485,0
9892,0.848894,1
9893,0.174839,1
9894,0.10378,1
9895,3.591782,1
9896,3.877873,0
9897,3.81641,1
9898,0.095584,1
9899,3.410568,1
9900,4.864697,0
9901,0.556086,0
9902,1.048655,1
9903,2.005107,1
9904,2.445779,0
9905,3.208287,0
9906,0.737959,1
9907,0.032167,0
9908,2.643085,1
9909,0.936973,1
9910,2.1966,1
9911,0.177307,1
9912,0.839769,1
9913,0.548653,1
9914,1.104336,1
9915,4.998907,0
9916,3.643425,0
9917,2.143476,0
9918,0.406529,1
9919,1.982829,1
9920,0.365457,1
9921,2.022237,0
9922,2.79737,1
9923,0.771977,0
9924,2.063174,0
9925,4.688848,0
9926,1.39201,1
9927,0.21592,1
9928,3.468344,1
9929,0.216767,1
9930,0.045016,1
9931,0.198401,1
9932,1.532833,0
9933,0.223012,1
9934,1.735388,0
9935,0.129498,1
9936,1.81214,0
9937,4.772889,0
9938,2.721136,1
9939,0.137024,1
9940,4.282643,0
9941,2.913962,1
9942,0.035956,0
9943,0.263982,1
9944,1.895899,1
9945,0.247564,1
9946,0.197795,1
9947,0.67741,1
9948,0.356895,1
9949,0.204494,1
9950,5.347464,1
9951,0.550455,1
9952,2.437547,0
9953,1.144027,1
9954,1.268168,0
9955,3.837532,0
9956,0.295727,1
9957,4.424767,1
9958,0.132242,1
9959,0.414477,1
9960,0.677884,1
9961,0.250869,1
9962,0.574043,0
9963,0.137036,0
9964,0.103602,0
9965,0.436698,1
9966,0.51152,1
9967,3.788041,0
9968,2.179153,0
9969,1.750729,0
9970,4.17322,0
9971,2.831507,1
9972,2.545464,0
9973,2.389614,1
9974,5.047318,0
9975,4.181822,0
9976,0.317712,0
9977,1.996575,1
9978,1.031232,1
9979,0.306851,0
9980,0.851851,1
9981,4.339748,0
9982,3.898074,0
9983,3.293139,1
9984,0.572121,1
9985,0.346041,1
9986,0.221562,1
9987,0.598948,1
9988,0.080461,1
9989,0.092772,0
9990,0.594364,1
9991,0.135743,0
9992,2.344499,1
9993,0.310594,0
9994,2.911721,0
9995,3.604841,0
9996,0.196375,1
9997,0.091997,1
9998,5.247917,1
9999,2.382046,0
10000,4.563748,1
10001,2.350376,1
10002,4.619019,1
10003,0.215325,0
10004,1.922684,1
10005,1.276618,0
10006,3.425614,0
10007,2.230595,1
10008,0.78085,0
10009,3.557998,1
10010,2.603402,1
10011,0.01625,0
10012,4.40913,1
10013,0.185395,1
10014,0.303704,1
10015,0.355954,1
10016,0.333667,1
10017,2.387962,1
10018,2.170562,0
10019,1.235356,0
10020,3.517624,1
10021,3.261337,0
10022,0.258863,0
10023,0.235258,1
10024,5.853065,0
10025,0.243567,0
10026,2.028938,1
10027,0.845899,0
10028,4.023417,0
10029,3.935453,0
10030,0.15412,0
10031,0.673497,1
10032,2.714151,0
10033,0.205812,1
10034,4.604502,0
10035,3.129603,1
10036,3.9081,0
10037,0.721558,1
10038,2.295616,1
10039,0.409303,0
10040,4.791865,0
10041,4.940642,1
10042,3.698387,0
10043,2.52949,1
10044,4.301408,0
10045,0.175891,1
10046,0.275713,1
10047,3.079658,0
10048,0.936441,0
10049,1.433544,1
10050,1.926879,1
10051,2.126887,0
10052,1.930112,1
10053,0.729522,1
10054,0.116326,1
10055,0.628215,0
10056,0.244833,1
10057,0.618839,0
10058,0.21063,1
10059,0.352154,1
10060,1.695672,0
10061,0.162208,1
10062,2.885534,0
10063,4.165071,0
10064,0.101788,1
10065,4.393643,0
10066,2.595762,1
10067,2.30689,1
10068,1.801931,0
10069,2.947648,1
10070,0.511416,1
10071,0.492245,1
10072,0.148646,1
10073,6.671883,1
10074,3.635567,1
10075,2.063448,1
10076,0.328584,1
10077,2.6669,0
10078,0.378304,0
10079,1.84873,1
10080,3.713615,0
10081,0.947305,1
10082,0.251009,1
10083,1.491438,0
10084,0.124696,1
10085,1.587284,1
10086,0.190089,1
10087,4.227659,0
10088,3.702102,0
10089,3.003851,0
10090,0.112348,1
10091,0.358779,1
10092,2.764456,0
10093,0.190693,1
10094,2.01391,1
10095,0.078633,1
10096,1.924651,0
10097,2.327421,1
10098,2.731729,1
10099,0.359389,1
10100,1.087514,0
10101,0.510718,1
10102,3.703747,0
10103,1.790351,1
10104,0.178991,1
10105,0.170537,0
10106,4.140929,1
10107,0.101217,1
10108,3.57421,0
10109,0.171639,0
10110,1.734754,0
10111,0.311273,1
10112,0.261895,1
10113,0.110748,0
10114,2.192208,0
10115,2.033648,0
10116,3.339674,1
10117,4.622727,0
10118,4.956966,1
10119,0.292501,1
10120,0.297448,1
10121,0.417165,1
10122,0.524747,1
10123,4.600592,0
10124,0.409979,1
10125,0.328166,1
10126,0.373242,1
10127,0.253733,1
10128,1.481167,1
10129,1.155946,1
10130,1.460462,1
10131,0.375688,1
10132,3.147706,1
10133,0.206258,1
10134,3.465572,0
10135,2.702807,1
10136,0.648865,1
10137,2.649764,1
10138,0.600056,1
10139,4.03585,1
10140,0.481794,1
10141,0.111331,1
10142,0.23048,1
10143,2.044957,1
10144,0.12853,1
10145,0.497839,1
10146,1.1425,1
10147,0.398309,1
10148,0.093258,0
10149,4.182129,0
10150,1.519317,1
10151,0.449844,0
10152,0.056709,1
10153,5.397652,1
10154,2.510352,0
10155,0.309507,1
10156,6.012554,1
10157,0.235497,1
10158,2.425455,1
10159,4.42533,0
10160,1.103666,0
10161,0.24149,1
10162,3.144277,0
10163,0.05538,1
10164,0.395895,1
10165,3.930997,0
10166,0.274351,1
10167,0.937033,1
10168,2.263742,1
10169,4.182464,0
10170,0.22758,1
10171,0.535311,1
10172,1.677291,1
10173,0.219497,1
10174,1.576015,1
10175,2.318009,1
10176,0.06801,1
10177,1.259469,0
10178,1.183367,0
10179,2.085026,0
10180,0.706177,1
10181,0.325787,1
10182,3.492416,0
10183,0.218396,1
10184,0.67571,0
10185,2.659133,1
10186,3.673663,0
10187,1.468108,0
10188,0.187477,1
10189,0.102942,0
10190,4.510335,0
10191,2.81844,0
10192,0.20671,1
10193,2.504289,0
10194,0.059046,1
10195,4.837019,1
10196,1.436284,0
10197,0.348432,0
10198,1.916542,0
10199,0.259622,1
10200,0.440317,1
10201,1.540167,1
10202,0.072545,1
10203,1.736498,0
10204,2.586184,1
10205,1.592384,1
10206,1.985312,1
10207,0.090752,0
10208,0.23182,1
10209,2.174212,1
10210,1.002929,1
10211,2.098977,1
10212,0.097303,0
10213,2.488894,1
10214,1.166852,0
10215,1.47374,1
10216,0.119974,1
10217,2.09183,1
10218,0.481251,1
10219,0.187107,1
10220,1.716824,1
10221,1.893168,0
10222,1.629683,1
10223,0.131441,1
10224,3.10649,1
10225,2.49514,0
10226,0.463491,1
10227,2.99626,0
10228,2.208016,1
10229,1.371193,1
10230,0.651795,0
10231,1.509906,1
10232,1.698369,0
10233,0.360874,1
10234,3.522491,1
10235,0.243345,1
10236,2.301157,1
10237,1.572268,1
10238,3.699663,0
10239,1.968794,0
10240,0.235051,1
10241,0.091904,0
10242,0.502654,0
10243,4.589863,1
10244,1.451106,0
10245,4.274245,1
10246,0.694725,1
10247,0.13167,0
10248,3.201442,0
10249,2.535071,1
10250,0.248181,1
10251,4.534731,0
10252,0.066664,1
10253,3.184085,1
10254,0.131793,0
10255,4.785716,0
10256,0.447394,1
10257,2.893281,1
10258,0.142041,1
10259,4.612077,1
10260,0.625742,1
10261,3.112819,1
10262,0.11959,0
10263,3.099988,0
10264,0.470392,1
10265,2.706627,0
10266,0.379241,1
10267,0.872109,0
10268,0.270638,1
10269,0.234182,1
10270,0.222012,1
10271,4.529418,0
10272,0.171297,1
10273,0.059137,0
10274,1.46643,1
10275,2.39096,1
10276,0.159938,1
10277,0.47595,0
10278,0.247319,1
10279,0.199389,1
10280,1.637794,0
10281,3.479934,0
10282,4.692416,1
10283,2.219471,1
10284,0.59554,1
10285,2.36349,1
10286,1.321227,0
10287,3.020322,0
10288,0.479829,0
10289,1.479709,0
10290,0.737931,1
10291,0.498725,1
10292,0.283458,1
10293,0.722035,1
10294,2.349306,0
10295,5.35459,0
10296,0.278181,1
10297,2.05326,0
10298,2.807563,0
10299,0.376776,1
10300,2.619504,1
10301,0.773427,1
10302,2.563759,0
10303,0.565434,1
10304,2.56825,0
10305,0.525813,1
10306,0.596816,1
10307,0.497459,0
10308,0.214795,0
10309,4.566185,0
10310,0.54152,0
10311,3.501123,1
10312,1.689273,0
10313,0.532446,0
10314,0.347936,1
10315,1.879306,1
10316,2.056867,0
10317,0.235619,1
10318,1.634894,0
10319,0.048811,0
10320,0.433701,1
10321,5.139265,1
10322,0.192392,0
10323,0.297324,1
10324,0.914238,0
10325,3.37252,1
10326,2.329514,0
10327,0.303935,1
10328,3.945225,1
10329,1.565204,0
10330,1.881296,1
10331,0.101383,0
10332,3.496765,1
10333,2.583498,0
10334,5.116701,0
10335,4.098339,1
10336,0.166587,1
10337,0.694966,1
10338,0.346329,1
10339,4.412655,0
10340,2.613861,0
10341,1.398375,0
10342,1.431528,1
10343,0.472414,0
10344,2.345529,0
10345,2.50662,1
10346,0.15668,1
10347,0.323172,0
10348,3.080052,1
10349,3.005843,1
10350,1.364455,1
10351,0.253665,1
10352,3.631792,1
10353,0.21081,1
10354,1.80405,1
10355,4.415087,0
10356,0.417171,0
10357,1.561927,0
10358,0.37124,1
10359,2.511174,1
10360,0.121431,0
10361,0.190353,1
10362,1.203752,1
10363,5.339868,1
10364,0.136934,1
10365,0.587033,1
10366,0.214927,1
10367,4.741256,0
10368,0.854638,0
10369,0.421575,1
10370,0.098531,1
10371,0.696069,1
10372,0.135469,1
10373,0.121016,1
10374,1.166033,0
10375,0.643198,0
10376,3.116318,1
10377,0.091101,0
10378,3.231676,1
10379,0.167055,1
10380,0.149415,1
10381,3.881434,0
10382,0.029737,0
10383,1.173052,1
10384,3.539252,1
10385,0.275981,1
10386,2.430133,1
10387,0.108084,0
10388,0.264941,1
10389,3.936167,1
10390,0.244066,1
10391,1.787512,1
10392,2.67273,1
10393,1.847585,1
10394,0.939668,1
10395,1.111736,1
10396,2.193793,1
10397,0.30015,1
10398,0.380536,1
10399,0.772928,1
10400,1.519775,1
10401,3.107002,1
10402,1.562152,1
10403,5.119641,1
10404,2.186649,0
10405,0.152103,1
10406,2.139188,0
10407,1.860518,1
10408,0.059051,1
10409,3.325948,1
10410,2.633405,1
10411,3.344527,1
10412,0.169607,1
10413,3.012283,1
10414,4.830623,1
10415,3.468123,1
10416,4.573166,0
10417,0.445439,1
10418,0.484676,0
10419,1.474365,1
10420,0.08608,0
10421,2.063318,1
10422,0.169153,1
10423,0.326948,1
10424,0.225209,1
10425,4.878653,1
10426,0.476998,1
10427,0.046696,0
10428,0.40816,1
10429,1.68553,1
10430,3.667514,1
10431,0.214503,1
10432,0.060481,1
10433,2.248394,0
10434,0.355262,1
10435,0.052347,0
10436,3.50706,1
10437,1.880341,0
10438,4.632867,1
10439,1.693597,1
10440,2.22287,0
10441,0.178036,1
10442,0.327526,1
10443,1.695574,0
10444,0.325073,1
10445,0.345777,1
10446,0.277204,1
10447,0.428629,1
10448,5.37495,1
10449,1.875755,1
10450,3.714654,0
10451,0.43202,1
10452,0.406263,1
10453,1.484712,1
10454,1.159031,0
10455,1.518069,0
10456,1.65844,0
10457,0.227975,1
10458,0.177898,1
10459,0.690528,0
10460,2.878418,0
10461,4.53475,0
10462,1.590249,1
10463,0.495933,1
10464,0.76061,0
10465,0.197146,0
10466,0.393622,1
10467,2.076075,0
10468,2.167515,0
10469,3.012255,1
10470,0.701361,1
10471,4.813538,0
10472,0.255037,1
10473,0.497269,1
10474,0.523507,1
10475,2.446862,1
10476,1.865139,0
10477,0.179297,0
10478,0.588087,0
10479,3.840595,1
10480,2.383359,0
10481,0.564378,1
10482,0.393433,1
10483,4.289896,1
10484,0.18976,0
10485,2.293236,0
10486,0.092149,1
10487,2.25985,1
10488,2.365448,1
10489,5.524851,1
10490,1.888843,1
10491,2.260486,1
10492,0.355228,0
10493,0.315993,1
10494,5.351411,0
10495,0.170214,1
10496,2.437277,1
10497,0.387517,1
10498,0.75155,1
10499,0.366786,1
10500,0.164638,1
10501,2.719802,1
10502,0.177077,1
10503,0.863129,0
10504,0.095443,0
10505,3.048716,1
10506,0.300683,1
10507,0.066494,1
10508,3.569474,0
10509,4.159664,1
10510,0.442741,0
10511,0.030672,0
10512,6.042643,1
10513,0.414616,1
10514,6.405719,1
10515,1.892868,1
10516,3.083284,0
10517,0.227576,1
10518,3.093238,0
10519,1.708784,1
10520,3.59598,1
10521,4.108071,1
10522,1.24449,1
10523,6.25535,0
10524,0.348257,1
10525,0.268949,1
10526,0.122411,1
10527,3.614235,0
10528,0.939807,1
10529,0.163411,0
10530,0.806098,1
10531,0.05502,0
10532,0.167684,1
10533,5.100017,0
10534,0.102212,1
10535,0.681465,1
10536,0.288149,0
10537,2.316379,1
10538,0.372228,1
10539,0.517342,1
10540,2.371699,0
10541,0.904119,0
10542,1.055363,0
10543,0.516174,0
10544,3.990278,1
10545,0.237015,0
10546,0.336978,1
10547,0.274943,1
10548,0.261611,1
10549,1.756463,1
10550,0.464427,0
10551,3.29239,0
10552,0.180973,1
10553,3.420508,1
10554,0.038239,0
10555,4.833166,1
10556,1.572767,0
10557,1.400313,0
10558,0.14221,0
10559,3.601969,0
10560,2.437243,0
10561,2.033329,0
10562,0.114232,1
10563,0.093098,1
10564,0.067387,0
10565,0.065063,0
10566,0.978047,0
10567,4.373287,1
10568,0.406601,1
10569,2.280338,1
10570,0.091425,0
10571,2.041428,0
10572,0.199998,1
10573,0.354095,1
10574,1.357419,0
10575,0.267264,1
10576,0.22869,1
10577,3.25151,1
10578,1.480728,1
10579,1.797909,1
10580,4.290336,0
10581,2.972328,0
10582,0.171126,1
10583,0.203581,0
10584,2.430381,1
10585,0.335859,1
10586,0.288627,1
10587,3.64287,1
10588,1.345528,0
10589,2.264129,1
10590,2.026619,1
10591,1.062647,1
10592,1.343465,0
10593,1.722565,1
10594,2.407877,1
10595,3.695976,1
10596,4.742895,1
10597,5.384303,1
10598,1.449964,1
10599,1.468993,0
10600,4.195934,0
10601,1.056231,1
10602,3.670921,1
10603,0.208422,1
10604,4.464903,0
10605,0.744268,0
10606,1.559955,1
10607,3.375411,1
10608,2.592323,0
10609,1.032087,0
10610,3.290775,1
10611,0.274271,1
10612,4.015891,0
10613,3.51503,1
10614,0.032476,0
10615,0.036338,1
10616,0.258517,0
10617,0.646458,0
10618,4.66462,0
10619,2.118793,1
10620,0.141626,1
10621,0.178329,1
10622,2.877094,1
10623,0.041073,0
10624,0.317764,0
10625,1.568216,0
10626,0.137748,0
10627,1.883621,1
10628,3.88642,1
10629,0.469129,1
10630,2.817704,1
10631,4.334045,0
10632,1.751148,1
10633,0.584065,1
10634,2.977045,1
10635,2.590715,1
10636,1.20535,1
10637,4.976401,1
10638,2.170987,0
10639,0.16006,0
10640,0.322788,1
10641,0.190023,1
10642,3.875698,1
10643,2.358847,0
10644,2.277474,0
10645,0.400281,1
10646,1.303078,0
10647,0.625893,1
10648,2.070072,1
10649,2.60579,1
10650,0.272367,0
10651,1.874972,1
10652,3.098847,1
10653,0.112274,1
10654,2.660972,1
10655,3.604106,1
10656,0.176521,0
10657,0.181464,0
10658,1.486324,0
10659,2.481701,0
10660,2.657375,1
10661,2.572057,1
10662,2.380299,1
10663,3.730494,1
10664,4.955753,0
10665,0.964848,1
10666,4.293522,0
10667,5.000552,1
10668,2.132334,0
10669,1.778084,1
10670,1.97659,0
10671,4.546206,1
10672,1.238172,1
10673,5.007049,0
10674,0.697235,1
10675,0.578695,0
10676,2.934912,0
10677,1.971171,0
10678,3.521504,1
10679,4.402605,1
10680,4.567184,1
10681,5.165629,1
10682,1.243027,0
10683,4.401779,1
10684,2.121995,1
10685,2.41464,1
10686,0.114265,1
10687,0.883621,1
10688,2.932796,1
10689,2.978276,1
10690,4.312254,0
10691,1.741438,0
10692,2.162538,1
10693,1.696485,1
10694,0.405483,0
10695,0.114286,1
10696,0.678555,0
10697,0.916984,1
10698,3.550572,0
10699,2.404135,1
10700,0.346614,1
10701,0.670874,1
10702,5.400517,1
10703,0.166983,1
10704,1.200057,0
10705,1.549684,0
10706,2.627328,1
10707,3.561094,1
10708,0.081377,0
10709,0.075362,1
10710,2.839155,1
10711,0.416679,1
10712,3.624371,1
10713,0.332925,1
10714,0.043485,0
10715,1.820582,1
10716,3.179415,1
10717,0.210211,1
10718,0.624385,1
10719,0.42149,1
10720,0.57567,0
10721,0.093627,1
10722,0.182952,1
10723,3.482244,0
10724,3.528682,0
10725,1.625013,1
10726,1.593446,0
10727,3.091979,1
10728,0.201488,1
10729,0.380614,1
10730,1.584887,0
10731,0.517428,0
10732,1.00718,0
10733,1.186633,1
10734,4.080935,1
10735,0.325671,1
10736,2.720446,0
10737,0.061811,0
10738,0.226005,1
10739,0.444494,1
10740,3.073929,0
10741,0.07606,0
10742,0.057398,1
10743,3.726229,1
10744,0.881022,1
10745,1.943588,0
10746,0.513763,0
10747,0.524691,1
10748,0.329158,1
10749,0.751639,1
10750,4.862993,1
10751,0.54735,1
10752,0.29928,1
10753,0.059233,1
10754,0.240935,1
10755,2.447956,1
10756,1.369713,0
10757,2.623257,1
10758,0.029289,0
10759,6.406809,1
10760,4.638584,1
10761,1.138862,1
10762,0.507798,1
10763,6.798869,1
10764,0.908949,1
10765,0.315079,1
10766,0.211421,1
10767,0.321912,1
10768,0.172438,1
10769,2.10938,0
10770,0.604826,0
10771,2.659527,0
10772,0.451178,1
10773,0.146793,1
10774,3.144392,0
10775,1.432013,1
10776,4.568789,0
10777,0.152017,1
10778,0.317021,1
10779,0.040328,1
10780,1.309846,0
10781,5.144257,1
10782,5.12297,1
10783,1.119347,0
10784,0.297688,1
10785,3.149438,0
10786,2.597374,1
10787,2.89268,1
10788,0.651518,1
10789,3.489089,0
10790,1.835607,1
10791,0.198124,1
10792,3.092677,1
10793,4.949773,1
10794,2.339979,0
10795,0.217146,1
10796,0.132744,1
10797,1.414633,0
10798,0.368776,1
10799,0.350254,1
10800,0.396615,1
10801,3.360274,1
10802,0.133963,0
10803,3.029966,1
10804,1.564206,1
10805,0.272873,1
10806,1.221545,1
10807,0.563136,1
10808,2.607365,1
10809,2.57233,1
10810,3.08636,1
10811,0.08079,1
10812,0.766778,0
10813,2.467539,1
10814,4.037951,1
10815,2.513014,1
10816,1.623946,0
10817,0.63996,0
10818,2.487623,0
10819,0.122105,0
10820,2.020362,1
10821,3.823463,1
10822,0.381366,1
10823,0.512243,1
10824,2.677963,1
10825,4.8209,1
10826,0.596033,0
10827,0.394623,1
10828,0.099777,1
10829,3.502603,1
10830,0.257817,1
10831,3.16134,1
10832,0.165621,1
10833,6.547952,1
10834,4.532648,1
10835,0.031189,0
10836,0.077647,0
10837,1.470094,1
10838,0.09226,1
10839,0.68262,1
10840,2.068157,1
10841,2.892425,0
10842,0.19627,0
10843,4.29936,0
10844,0.950611,0
10845,0.149579,1
10846,0.084528,0
10847,0.11582,1
10848,0.333253,1
10849,0.145578,1
10850,0.228353,1
10851,0.431259,1
10852,0.458116,0
10853,3.37977,1
10854,1.260186,0
10855,3.042611,1
10856,0.116244,1
10857,0.347564,1
10858,3.308234,0
10859,0.16065,1
10860,0.387931,0
10861,0.552669,1
10862,2.820378,1
10863,1.933851,1
10864,0.102637,1
10865,3.152055,1
10866,0.390163,1
10867,0.522132,1
10868,0.18097,1
10869,0.268145,1
10870,4.68711,0
10871,2.51682,1
10872,1.038832,1
10873,3.150782,1
10874,2.368384,1
10875,0.061821,1
10876,0.226548,1
10877,1.649007,1
10878,4.274894,0
10879,0.615495,0
10880,4.000648,1
10881,2.215201,0
10882,0.187512,1
10883,1.783101,0
10884,0.030084,0
10885,0.255385,1
10886,0.064742,1
10887,0.033848,1
10888,4.480802,0
10889,1.485542,0
10890,0.106939,0
10891,1.269807,1
10892,0.210434,1
10893,0.412282,1
10894,4.213584,0
10895,1.780037,0
10896,1.21796,0
10897,4.569478,0
10898,1.965593,1
10899,0.565088,1
10900,2.819291,1
10901,1.269707,1
10902,0.164099,1
10903,0.1105,0
10904,0.079758,1
10905,5.495684,0
10906,2.428578,1
10907,3.208032,0
10908,3.241509,0
10909,0.145818,1
10910,2.499702,1
10911,0.715863,0
10912,4.896824,0
10913,1.205111,0
10914,0.27519,1
10915,3.907883,0
10916,2.012101,1
10917,0.549621,1
10918,4.224186,0
10919,2.292993,1
10920,3.83122,1
10921,1.657831,0
10922,0.957332,1
10923,5.064827,0
10924,0.251569,1
10925,0.122314,0
10926,0.766493,1
10927,1.725398,1
10928,0.429304,1
10929,1.10893,0
10930,0.204178,1
10931,4.854797,1
10932,4.889914,1
10933,5.653391,1
10934,0.527058,1
10935,3.703005,1
10936,0.158394,1
10937,5.670991,1
10938,0.254634,0
10939,3.649215,1
10940,1.14845,1
10941,2.34693,0
10942,0.897549,1
10943,1.913491,1
10944,2.926344,1
10945,0.929179,1
10946,0.133309,1
10947,0.347707,1
10948,0.240191,1
10949,3.401593,1
10950,3.016033,0
10951,0.8757,0
10952,0.371615,1
10953,0.540587,1
10954,0.323378,1
10955,0.237964,1
10956,0.646027,0
10957,1.404054,1
10958,0.216678,1
10959,5.216663,1
10960,0.800798,0
10961,0.7436,0
10962,2.172317,0
10963,3.02939,1
10964,0.499584,1
10965,1.795633,0
10966,0.234265,1
10967,4.987317,0
10968,0.221956,1
10969,1.21064,1
10970,2.01635,0
10971,0.248493,0
10972,1.364217,0
10973,0.235336,1
10974,0.978804,1
10975,1.179494,1
10976,5.300075,0
10977,1.933501,0
10978,0.053898,0
10979,3.465838,0
10980,3.562348,0
10981,3.577589,1
10982,1.128161,0
10983,2.986737,1
10984,0.221738,1
10985,1.833077,1
10986,1.788352,1
10987,0.250464,1
10988,2.234739,0
10989,1.653689,1
10990,0.743474,1
10991,3.679665,1
10992,0.132655,1
10993,0.344475,1
10994,2.599476,0
10995,0.531795,1
10996,1.335959,1
10997,2.129204,1
10998,0.075283,1
10999,0.427057,1
11000,0.062697,0
11001,5.318099,0
11002,1.389835,0
11003,1.347274,0
11004,1.748145,0
11005,0.424148,1
11006,4.565705,0
11007,0.321589,1
11008,3.651803,1
11009,1.78335,1
11010,0.085382,1
11011,0.128375,1
11012,5.218712,0
11013,0.169917,1
11014,2.205802,0
11015,0.86241,0
11016,0.454443,1
11017,2.278004,1
11018,1.119935,0
11019,0.442609,1
11020,0.435004,1
11021,1.109635,1
11022,0.199367,1
11023,2.691282,1
11024,0.367162,1
11025,0.207156,1
11026,2.357523,0
11027,5.039468,1
11028,4.160176,1
11029,0.757269,0
11030,0.086727,1
11031,1.343885,1
11032,3.149942,0
11033,3.727232,0
11034,0.066947,1
11035,5.343501,0
11036,0.336483,1
11037,3.521606,1
11038,4.64441,1
11039,0.127209,1
11040,1.908978,1
11041,0.245152,1
11042,0.104712,1
11043,4.881415,1
11044,0.672541,1
11045,1.893449,0
11046,3.923699,1
11047,3.729466,1
11048,2.733366,1
11049,0.722682,1
11050,0.356994,1
11051,0.228778,1
11052,1.442096,0
11053,1.299142,0
11054,0.038426,0
11055,3.024864,0
11056,0.406909,1
11057,4.449585,0
11058,0.154009,1
11059,3.007989,0
11060,0.622921,1
11061,0.237954,1
11062,0.23263,0
11063,0.244396,1
11064,0.298047,1
11065,0.781582,1
11066,2.701663,1
11067,0.079425,1
11068,2.306591,1
11069,0.267816,0
11070,3.48924,0
11071,2.437026,1
11072,1.943181,1
11073,0.206118,1
11074,2.047869,0
11075,3.122368,0
11076,1.248213,1
11077,1.911658,0
11078,3.013994,1
11079,0.392625,1
11080,0.766737,0
11081,0.072559,1
11082,3.221387,1
11083,1.751214,1
11084,0.028673,0
11085,5.382022,0
11086,0.450145,1
11087,0.721103,1
11088,0.755059,1
11089,2.979494,1
11090,2.157454,1
11091,4.150629,1
11092,0.763494,0
11093,4.304575,0
11094,0.6233,1
11095,2.061741,1
11096,0.058577,0
11097,1.279094,0
11098,0.579459,0
11099,4.346833,0
11100,3.318492,1
11101,3.330687,0
11102,3.681097,1
11103,0.070062,1
11104,2.306481,1
11105,0.249788,0
11106,0.343366,1
11107,0.305496,1
11108,2.312428,0
11109,4.912579,1
11110,1.043027,0
11111,0.502394,0
11112,1.492746,1
11113,4.146113,0
11114,1.688199,0
11115,0.641099,1
11116,3.033915,1
11117,2.347888,0
11118,0.513816,0
11119,0.283123,1
11120,2.93824,1
11121,1.654752,0
11122,2.627735,0
11123,1.453804,1
11124,0.381901,1
11125,1.598973,0
11126,0.131411,1
11127,0.073317,1
11128,2.509317,0
11129,0.042503,0
11130,4.339156,1
11131,1.510633,1
11132,0.505111,1
11133,0.166924,1
11134,3.431462,1
11135,3.088362,0
11136,0.186574,1
11137,2.210548,0
11138,1.73191,1
11139,0.350285,0
11140,4.049917,0
11141,0.37597,1
11142,2.903137,0
11143,3.610927,1
11144,0.111124,0
11145,0.547009,1
11146,4.607717,1
11147,5.237747,1
11148,1.869957,1
11149,4.218176,1
11150,3.414471,0
11151,0.351607,1
11152,2.995148,1
11153,1.532739,0
11154,0.342684,0
11155,3.895805,1
11156,0.537739,1
11157,2.295148,0
11158,0.350449,1
11159,0.24853,1
11160,1.347435,0
11161,2.494334,1
11162,0.105077,1
11163,1.685696,0
11164,0.60262,1
11165,4.273719,0
11166,1.16543,1
11167,2.139003,1
11168,0.164724,1
11169,0.128398,0
11170,2.573419,0
11171,2.0216,0
11172,0.170383,1
11173,0.261106,1
11174,0.272948,0
11175,2.110618,1
11176,0.808136,0
11177,0.205364,1
11178,1.820011,1
11179,3.045187,1
11180,0.658122,1
11181,2.467384,1
11182,2.036889,1
11183,1.677527,0
11184,2.181494,1
11185,1.573682,0
11186,1.702862,0
11187,0.091357,0
11188,3.212042,0
11189,0.098763,0
11190,0.412492,1
11191,0.112281,1
11192,0.722085,0
11193,3.264474,1
11194,2.584589,1
11195,0.135583,1
11196,1.678678,1
11197,0.143481,1
11198,0.994691,0
11199,2.8396,1
11200,1.394874,0
11201,0.48408,1
11202,1.495129,1
11203,0.569427,1
11204,3.869552,0
11205,0.33453,0
11206,0.769534,0
11207,1.500124,0
11208,0.121731,1
11209,0.072119,0
11210,1.358027,0
11211,0.228608,1
11212,0.825011,1
11213,3.290727,1
11214,1.023509,0
11215,0.114365,0
11216,2.433337,1
11217,0.370945,1
11218,2.695364,1
11219,1.428432,0
11220,1.530179,0
11221,2.965772,1
11222,2.455212,1
11223,3.912237,0
11224,1.205554,0
11225,0.611342,1
11226,5.46203,1
11227,0.12773,1
11228,0.487559,0
11229,0.13179,1
11230,1.350509,0
11231,1.545666,0
11232,0.303362,1
11233,3.011362,1
11234,3.34654,1
11235,1.411177,1
11236,2.96426,1
11237,3.856729,1
11238,0.752443,1
11239,1.94429,1
11240,0.469123,1
11241,0.529688,1
11242,1.757598,1
11243,4.428329,1
11244,4.874814,1
11245,1.107786,1
11246,0.760854,0
11247,4.388068,0
11248,0.591886,1
11249,1.579708,1
11250,3.258552,0
11251,1.039949,1
11252,2.897804,1
11253,0.232636,0
11254,0.555979,1
11255,2.503693,1
11256,0.384725,1
11257,2.854201,1
11258,3.942425,1
11259,0.407965,1
11260,0.115388,1
11261,0.805603,1
11262,5.706221,1
11263,0.791292,1
11264,0.438889,1
11265,0.246902,1
11266,0.179934,1
11267,2.305173,0
11268,1.07332,0
11269,0.34487,1
11270,0.486955,1
11271,0.859895,0
11272,0.438334,1
11273,3.064173,0
11274,1.069472,1
11275,0.876572,0
11276,0.682137,1
11277,2.272586,1
11278,2.06338,1
11279,0.767825,1
11280,0.06196,0
11281,0.186004,1
11282,2.107116,1
11283,0.510885,1
11284,0.060999,0
11285,0.89771,1
11286,0.686913,0
11287,1.202849,0
11288,3.249856,1
11289,0.177008,0
11290,0.094237,1
11291,6.062863,1
11292,0.444131,1
11293,4.905303,0
11294,0.16741,1
11295,0.040935,0
11296,3.011928,1
11297,4.737694,0
11298,2.583078,0
11299,3.502625,1
11300,0.344488,1
11301,0.059476,1
11302,2.862964,1
11303,0.065285,1
11304,0.854436,0
11305,0.692473,0
11306,5.090409,0
11307,3.704687,1
11308,0.308076,1
11309,1.493745,1
11310,3.769386,0
11311,0.208866,1
11312,0.431396,1
11313,1.485686,1
11314,3.60754,1
11315,1.747537,1
11316,1.881032,1
11317,0.0845,1
11318,3.834535,0
11319,1.045141,0
11320,1.93082,1
11321,0.314151,1
11322,2.457589,1
11323,1.362922,0
11324,0.573218,1
11325,0.962353,1
11326,0.542183,0
11327,4.399394,0
11328,2.587759,0
11329,3.508876,0
11330,1.499908,1
11331,0.165947,1
11332,1.222477,1
11333,2.649008,1
11334,1.005068,1
11335,1.570338,1
11336,2.485218,1
11337,0.403854,0
11338,1.347093,1
11339,1.262974,1
11340,0.131159,1
11341,0.311714,1
11342,2.799754,1
11343,2.545342,1
11344,0.120127,1
11345,3.27776,1
11346,0.773479,1
11347,0.244,1
11348,3.6051,0
11349,1.870177,1
11350,0.043962,0
11351,0.189818,0
11352,1.762376,0
11353,1.457767,0
11354,2.365386,0
11355,0.087477,1
11356,0.159588,1
11357,0.119384,1
11358,5.747225,0
11359,0.296443,1
11360,0.42472,1
11361,0.946484,0
11362,2.759365,1
11363,2.948793,1
11364,1.393804,0
11365,3.704694,1
11366,1.333236,1
11367,2.084906,1
11368,0.732458,1
11369,0.166619,0
11370,0.204683,1
11371,0.293682,1
11372,1.71258,1
11373,0.034501,0
11374,0.530368,0
11375,2.009107,0
11376,0.557888,1
11377,3.664971,1
11378,3.71231,1
11379,0.795148,1
11380,5.176365,1
11381,0.147545,1
11382,3.994068,1
11383,0.143183,1
11384,2.841231,1
11385,1.892486,1
11386,1.960338,1
11387,1.661033,0
11388,2.138333,0
11389,0.189687,1
11390,4.60748,0
11391,0.420805,1
11392,0.264336,1
11393,3.379638,0
11394,0.452089,1
11395,5.190952,1
11396,0.153155,0
11397,0.891134,0
11398,4.12266,0
11399,2.183126,1
11400,3.303492,1
11401,0.762435,0
11402,2.92877,0
11403,2.344035,1
11404,4.196829,1
11405,0.615465,0
11406,0.201338,1
11407,1.880553,0
11408,2.637312,1
11409,4.595505,0
11410,0.052468,0
11411,0.315726,0
11412,4.902611,0
11413,1.232597,0
11414,0.63244,1
11415,0.114145,1
11416,0.12877,0
11417,3.238744,1
11418,1.281573,1
11419,1.262499,0
11420,0.183828,1
11421,0.205984,0
11422,3.122975,0
11423,3.721385,0
11424,1.996864,1
11425,1.064383,0
11426,0.680227,1
11427,0.36004,1
11428,0.514453,1
11429,0.586472,1
11430,5.998283,1
11431,0.065824,1
11432,0.167182,1
11433,0.274617,1
11434,3.041809,1
11435,4.286718,1
11436,0.289233,0
11437,0.489288,0
11438,2.411263,0
11439,0.169366,0
11440,1.596719,0
11441,2.087636,1
11442,0.224552,1
11443,0.117818,1
11444,0.425842,1
11445,0.056738,0
11446,0.86274,0
11447,3.072011,1
11448,0.609587,1
11449,1.530904,0
11450,1.34984,0
11451,5.192261,1
11452,2.282659,1
11453,4.87833,1
11454,2.160796,0
11455,3.742525,0
11456,0.160231,1
11457,2.494433,0
11458,0.976394,0
11459,0.770064,1
11460,0.740349,0
11461,2.183475,1
11462,5.075708,1
11463,0.198652,0
11464,1.769274,1
11465,0.424365,1
11466,1.60506,1
11467,0.321091,0
11468,0.229836,1
11469,0.251067,1
11470,0.444004,0
11471,0.28894,1
11472,2.689008,0
11473,2.699654,1
11474,1.679002,1
11475,1.668869,1
11476,6.390677,0
11477,0.343637,1
11478,4.862114,1
11479,3.16683,0
11480,0.332436,1
11481,0.133439,1
11482,0.092183,0
11483,0.813398,0
11484,3.192199,1
11485,1.613375,0
11486,1.973226,1
11487,0.781216,0
11488,0.183253,1
11489,2.221909,0
11490,5.946739,1
11491,0.212213,1
11492,2.986773,1
11493,4.630305,0
11494,4.551455,1
11495,0.178606,1
11496,2.690161,0
11497,0.303714,0
11498,2.131693,1
11499,2.480106,0
11500,0.896168,0
11501,3.200089,1
11502,0.297978,0
11503,0.126442,1
11504,0.172627,1
11505,0.215236,1
11506,2.890636,0
11507,2.008454,1
11508,2.089097,0
11509,0.150488,1
11510,0.251854,1
11511,2.237613,0
11512,2.143875,1
11513,0.236128,1
11514,1.497286,1
11515,0.344851,1
11516,0.406984,1
11517,0.142367,1
11518,2.823269,0
11519,1.622283,0
11520,2.600806,0
11521,0.508573,1
11522,3.979813,0
11523,3.346883,0
11524,0.0506,0
11525,2.466099,1
11526,0.087621,1
11527,4.018868,0
11528,4.822091,1
11529,0.671617,0
11530,0.867116,1
11531,0.505331,0
11532,0.425964,1
11533,3.307501,1
11534,0.280436,1
11535,0.302161,1
11536,4.754523,1
11537,0.07385,0
11538,4.298166,0
11539,3.782189,0
11540,3.949838,0
11541,2.984097,1
11542,0.640433,1
11543,3.988769,1
11544,0.465462,1
11545,1.212766,0
11546,6.267914,0
11547,0.637084,1
11548,6.657878,0
11549,0.108885,1
11550,0.685946,1
11551,4.699201,0
11552,0.259441,1
11553,0.30807,1
11554,0.320258,1
11555,5.820886,1
11556,3.068169,0
11557,1.644952,0
11558,1.702648,1
11559,0.582187,1
11560,1.268718,1
11561,0.319335,1
11562,1.600096,0
11563,2.581453,1
11564,0.879764,1
11565,0.431038,0
11566,0.307302,1
11567,1.924273,1
11568,1.995325,1
11569,0.096127,1
11570,0.294478,1
11571,1.088569,1
11572,0.385025,1
11573,3.900353,1
11574,0.784579,1
11575,3.556455,1
11576,0.540864,1
11577,0.315482,1
11578,0.285653,1
11579,0.974658,0
11580,0.351096,1
11581,1.673245,1
11582,2.657261,0
11583,4.052953,1
11584,0.823282,0
11585,4.04902,0
11586,4.13821,1
11587,0.052387,0
11588,1.920585,1
11589,0.254896,1
11590,0.232174,0
11591,5.719638,0
11592,1.862996,1
11593,0.620387,1
11594,0.040273,0
11595,2.989499,0
11596,1.913673,0
11597,0.143878,0
11598,1.815633,0
11599,2.102857,0
11600,0.670179,0
11601,0.216797,1
11602,3.226386,1
11603,2.498385,0
11604,3.681314,1
11605,0.12645,0
11606,2.907531,1
11607,0.761765,0
11608,4.299624,1
11609,1.796771,0
11610,2.090782,1
11611,0.610337,1
11612,0.14302,0
11613,3.493037,0
11614,5.070107,0
11615,1.262116,0
11616,0.997871,1
11617,0.066324,0
11618,0.107542,1
11619,1.86352,1
11620,0.087934,1
11621,1.295683,0
11622,2.83498,0
11623,0.164845,1
11624,1.194729,0
11625,2.905529,0
11626,0.560146,1
11627,0.328417,1
11628,1.027892,1
11629,2.278928,1
11630,2.215813,0
11631,1.362631,1
11632,0.719747,1
11633,2.585391,0
11634,4.551434,1
11635,0.164368,1
11636,3.415834,0
11637,2.263721,0
11638,4.94916,1
11639,0.031084,0
11640,2.41328,1
11641,0.173483,1
11642,2.983587,1
11643,0.330281,1
11644,0.739614,1
11645,1.973709,1
11646,2.999387,1
11647,4.474072,0
11648,4.236241,1
11649,4.399674,1
11650,1.857484,1
11651,2.646722,0
11652,0.250783,1
11653,0.524361,1
11654,2.797149,1
11655,1.689099,0
11656,0.418025,1
11657,0.23558,1
11658,1.711342,0
11659,2.383168,1
11660,1.93351,1
11661,3.251241,1
11662,0.245628,1
11663,1.648253,0
11664,0.086637,1
11665,0.077327,0
11666,1.939682,1
11667,0.196485,0
11668,0.228013,1
11669,0.290323,1
11670,4.667958,1
11671,3.020005,1
11672,4.580857,1
11673,0.075373,0
11674,0.256986,1
11675,0.634658,0
11676,0.380373,1
11677,3.815966,1
11678,0.257986,1
11679,0.189494,0
11680,0.039497,0
11681,1.542742,1
11682,4.532341,1
11683,0.392882,1
11684,0.223798,1
11685,0.542665,1
11686,4.407363,1
11687,1.037379,0
11688,0.296853,1
11689,0.133621,1
11690,5.032418,0
11691,0.273486,1
11692,4.843132,0
11693,2.443642,1
11694,0.448645,1
11695,2.660517,1
11696,0.342194,0
11697,3.027222,0
11698,0.250522,1
11699,4.208049,1
11700,2.759483,1
11701,3.053377,1
11702,0.325179,1
11703,3.464253,0
11704,5.80436,1
11705,1.08953,0
11706,4.438195,1
11707,2.621621,1
11708,0.228838,1
11709,0.025116,0
11710,3.39354,1
11711,0.580305,1
11712,3.475582,0
11713,0.088045,1
11714,0.467598,1
11715,1.514953,1
11716,0.075603,0
11717,1.769134,1
11718,4.679518,1
11719,4.996798,0
11720,0.315559,1
11721,0.145163,0
11722,0.403024,1
11723,1.723685,1
11724,0.164119,1
11725,5.795862,0
11726,3.477631,1
11727,1.874145,1
11728,3.510734,1
11729,2.045944,0
11730,0.938956,0
11731,2.809885,1
11732,4.585233,1
11733,1.723753,1
11734,0.443146,1
11735,0.235121,1
11736,4.145953,0
11737,0.058827,0
11738,1.970605,0
11739,5.994836,0
11740,0.976656,0
11741,0.272092,1
11742,0.082471,0
11743,5.231674,1
11744,0.249153,1
11745,0.82678,1
11746,0.147215,1
11747,3.145086,1
11748,2.524378,1
11749,2.491719,0
11750,0.181071,0
11751,2.879261,1
11752,2.269217,1
11753,0.076445,0
11754,0.949571,1
11755,2.281062,1
11756,4.152788,0
11757,3.937129,1
11758,0.409622,0
11759,0.953747,1
11760,0.922557,0
11761,0.690566,0
11762,5.106714,0
11763,1.180508,0
11764,0.110377,0
11765,1.588295,1
11766,0.754595,0
11767,4.679282,0
11768,1.010204,1
11769,0.613891,1
11770,0.091613,1
11771,1.262326,0
11772,6.06517,0
11773,0.102669,1
11774,0.475757,1
11775,0.693676,1
11776,0.832785,1
11777,0.17059,0
11778,0.814204,0
11779,3.270377,1
11780,0.386453,1
11781,2.311619,1
11782,1.758953,0
11783,0.22956,1
11784,0.282004,0
11785,0.228294,0
11786,0.6122,0
11787,0.876318,0
11788,0.790037,0
11789,2.294253,0
11790,4.526826,1
11791,3.114332,1
11792,0.371798,1
11793,0.359867,0
11794,0.040042,0
11795,0.224745,0
11796,2.979337,1
11797,5.971026,1
11798,4.163158,1
11799,0.307273,1
11800,3.780365,1
11801,0.343978,1
11802,0.310277,1
11803,0.229489,1
11804,0.388847,1
11805,2.123716,1
11806,5.79839,1
11807,1.452104,0
11808,0.102172,1
11809,0.265736,1
11810,2.668568,1
11811,0.569817,1
11812,0.233793,1
11813,0.539402,0
11814,2.448237,1
11815,2.90614,1
11816,0.297433,0
11817,0.134462,1
11818,0.255165,1
11819,0.099128,1
11820,2.175377,0
11821,0.134038,1
11822,0.228516,1
11823,4.758415,0
11824,4.634799,0
11825,1.509051,1
11826,5.102664,0
11827,1.518551,1
11828,1.465676,0
11829,2.669934,1
11830,0.035547,0
11831,0.254248,1
11832,1.81302,0
11833,0.202593,0
11834,0.532302,1
11835,0.11755,1
11836,1.193111,0
11837,0.128147,1
11838,2.353372,1
11839,2.984532,0
11840,4.054267,1
11841,1.348049,0
11842,0.609104,0
11843,2.370588,0
11844,3.364535,1
11845,5.229255,1
11846,3.618312,1
11847,3.0848,1
11848,0.029962,0
11849,0.983815,1
11850,0.246349,1
11851,1.832583,0
11852,2.878188,0
11853,0.214995,1
11854,0.477641,1
11855,0.17398,1
11856,0.346481,1
11857,0.059763,0
11858,4.218681,1
11859,0.171019,1
11860,1.470063,1
11861,0.426927,1
11862,0.246188,1
11863,1.548582,0
11864,0.288668,1
11865,2.678207,1
11866,4.579776,1
11867,0.995257,1
11868,2.689431,1
11869,1.885365,0
11870,0.053718,1
11871,1.317603,1
11872,0.179822,1
11873,0.701898,1
11874,0.289221,0
11875,0.237994,1
11876,0.062362,1
11877,0.59194,1
11878,3.537673,0
11879,2.028843,1
11880,0.181057,1
11881,0.382833,1
11882,3.264984,1
11883,1.29504,0
11884,5.699571,1
11885,1.935974,1
11886,2.240628,0
11887,0.262007,1
11888,4.85884,0
11889,2.241793,0
11890,0.423576,1
11891,2.467556,0
11892,2.479389,0
11893,0.459885,1
11894,0.082414,1
11895,1.434441,0
11896,0.095706,0
11897,0.532124,1
11898,2.225657,1
11899,1.406038,0
11900,1.025492,0
11901,0.121794,1
11902,6.623837,0
11903,0.989865,0
11904,0.158687,1
11905,3.610528,1
11906,0.160351,1
11907,2.255785,1
11908,3.743524,0
11909,0.153978,1
11910,1.616555,0
11911,1.052472,1
11912,0.513772,1
11913,0.206141,1
11914,0.056461,1
11915,0.074394,0
11916,0.526205,1
11917,0.084677,0
11918,0.071768,0
11919,1.357536,0
11920,0.847352,1
11921,4.864949,0
11922,1.747933,1
11923,3.556556,0
11924,0.268863,1
11925,0.749665,1
11926,1.339088,0
11927,1.048664,0
11928,0.248794,1
11929,0.474638,1
11930,0.31273,0
11931,2.627133,0
11932,1.934658,1
11933,1.882441,1
11934,2.545471,0
11935,3.304031,0
11936,0.745007,0
11937,0.034975,0
11938,0.566056,1
11939,0.339073,1
11940,3.560251,1
11941,0.549856,1
11942,2.0207,1
11943,0.668698,1
11944,3.238982,1
11945,1.913818,1
11946,3.014016,1
11947,0.451371,1
11948,0.094002,0
11949,0.336745,1
11950,1.010036,1
11951,2.279973,1
11952,0.193383,1
11953,1.178681,1
11954,0.66477,1
11955,0.129639,0
11956,3.616254,1
11957,0.812964,1
11958,0.570715,1
11959,0.529962,1
11960,0.375583,1
11961,0.251721,1
11962,0.407279,1
11963,2.104535,1
11964,3.71705,1
11965,3.376589,1
11966,2.199634,1
11967,0.966986,0
11968,1.522772,0
11969,4.251414,1
11970,0.394248,1
11971,0.2703,1
11972,0.181471,1
11973,2.348406,1
11974,2.381894,1
11975,1.355892,0
11976,2.307605,0
11977,0.102511,1
11978,3.636909,0
11979,0.327528,1
11980,0.210591,1
11981,0.358201,1
11982,0.508316,0
11983,5.527098,0
11984,2.173021,1
11985,0.460633,1
11986,2.555049,1
11987,1.772168,1
11988,0.71389,0
11989,3.573851,1
11990,0.104892,1
11991,1.813915,1
11992,0.06635,0
11993,0.414673,1
11994,0.380052,0
11995,0.840786,0
11996,1.93342,1
11997,0.167534,1
11998,1.489428,1
11999,0.13111,1
12000,0.100923,1
12001,0.036551,0
12002,1.815984,1
12003,5.983618,1
12004,0.340067,0
12005,0.038042,0
12006,0.35047,1
12007,0.109994,1
12008,1.292394,0
12009,3.571774,1
12010,0.908467,0
12011,0.076931,1
12012,0.643711,1
12013,0.176411,1
12014,1.397713,1
12015,0.469585,0
12016,1.31208,1
12017,0.290339,1
12018,0.572146,1
12019,1.396067,0
12020,2.005898,0
12021,1.660866,0
12022,2.875267,1
12023,0.294162,1
12024,0.110996,1
12025,1.300712,1
12026,3.444955,0
12027,2.306211,0
12028,0.151869,1
12029,0.423541,1
12030,0.137224,1
12031,1.110288,0
12032,0.316306,1
12033,0.141468,1
12034,4.795866,1
12035,0.110406,0
12036,1.970036,1
12037,3.782804,1
12038,0.28391,1
12039,1.873722,1
12040,4.479446,1
12041,1.761029,0
12042,1.874287,1
12043,5.189292,0
12044,0.210712,1
12045,0.551952,1
12046,1.326843,1
12047,0.661291,1
12048,1.420125,1
12049,0.3213,1
12050,0.338494,1
12051,4.542754,0
12052,2.231179,0
12053,0.205333,1
12054,1.873444,1
12055,0.492683,1
12056,3.486689,1
12057,3.096807,0
12058,0.489843,0
12059,2.26307,1
12060,0.247691,1
12061,2.085562,1
12062,5.261003,1
12063,0.177956,1
12064,0.253629,1
12065,4.481874,0
12066,0.175591,1
12067,4.002499,0
12068,3.26549,1
12069,0.542655,1
12070,0.135303,1
12071,3.481643,1
12072,1.446637,1
12073,0.487402,1
12074,1.841531,0
12075,5.134359,0
12076,2.54542,1
12077,3.341134,1
12078,0.761888,0
12079,0.42354,1
12080,0.185452,1
12081,0.159515,1
12082,0.047324,1
12083,2.310452,1
12084,1.71307,1
12085,0.368345,1
12086,3.3806,0
12087,0.143876,1
12088,0.063238,1
12089,0.362674,1
12090,0.690933,1
12091,0.744561,1
12092,0.195201,0
12093,1.328117,0
12094,0.110005,1
12095,1.074651,1
12096,3.046437,1
12097,0.418063,1
12098,3.827777,0
12099,0.842562,0
12100,0.290908,1
12101,0.632532,1
12102,0.048627,0
12103,4.249506,0
12104,2.881168,1
12105,0.148917,1
12106,1.66957,0
12107,0.752843,1
12108,0.250947,1
12109,0.097065,1
12110,0.043864,0
12111,2.737528,0
12112,1.189276,1
12113,0.216079,1
12114,1.754262,0
12115,0.266567,1
12116,1.205505,0
12117,1.86402,1
12118,2.521466,0
12119,3.898608,1
12120,1.754356,1
12121,4.684376,0
12122,0.090097,0
12123,0.142924,1
12124,0.101558,1
12125,3.460817,1
12126,4.373723,1
12127,0.278873,1
12128,0.318777,1
12129,0.051953,1
12130,0.361381,1
12131,0.038327,0
12132,2.28459,1
12133,3.345649,1
12134,2.819326,1
12135,3.022647,1
12136,1.770957,1
12137,0.260545,1
12138,0.172744,1
12139,1.565242,0
12140,0.531771,1
12141,1.496246,1
12142,0.080051,1
12143,0.372071,1
12144,0.405091,1
12145,0.233019,1
12146,1.348421,1
12147,0.455176,1
12148,0.313858,1
12149,0.540138,0
12150,0.935661,0
12151,0.05951,1
12152,4.074686,0
12153,1.521578,0
12154,0.390881,1
12155,0.743373,1
12156,1.962059,1
12157,4.76426,1
12158,2.224296,1
12159,4.467124,1
12160,3.977176,1
12161,2.187625,1
12162,1.729878,0
12163,1.524405,1
12164,0.30472,1
12165,4.476463,1
12166,0.195145,0
12167,0.087137,1
12168,1.47933,1
12169,2.566106,1
12170,1.316563,1
12171,0.481641,1
12172,0.627417,1
12173,0.655275,1
12174,3.016451,0
12175,0.035739,0
12176,0.716085,1
12177,0.528815,1
12178,0.147106,1
12179,0.258525,1
12180,1.518337,1
12181,1.668948,1
12182,0.453159,0
12183,4.627615,0
12184,0.059674,0
12185,3.948165,1
12186,3.866869,1
12187,0.50915,1
12188,0.047793,0
12189,0.168441,1
12190,1.974542,0
12191,4.566545,1
12192,2.054719,0
12193,1.144134,1
12194,0.871953,0
12195,1.422754,1
12196,1.492315,1
12197,2.449283,0
12198,2.813129,0
12199,4.549834,0
12200,3.064552,1
12201,3.816826,1
12202,1.717723,1
12203,3.948375,0
12204,0.178061,1
12205,1.02046,0
12206,1.170908,1
12207,0.18009,1
12208,1.735223,0
12209,0.06329,1
12210,1.313205,1
12211,5.662801,1
12212,1.017632,1
12213,2.586376,1
12214,2.584392,1
12215,1.490544,1
12216,3.451541,1
12217,2.88818,1
12218,1.606266,0
12219,1.708573,0
12220,0.092725,1
12221,3.841661,0
12222,2.071368,0
12223,0.820891,0
12224,2.07804,1
12225,3.275843,1
12226,3.509303,1
12227,3.650153,0
12228,2.235092,0
12229,1.72156,0
12230,0.033182,0
12231,0.557783,1
12232,0.482236,1
12233,0.308146,1
12234,1.833424,1
12235,1.869933,0
12236,2.66649,1
12237,0.465264,1
12238,0.111775,1
12239,0.109037,1
12240,0.136452,1
12241,0.349449,1
12242,0.646813,0
12243,1.42943,1
12244,3.983414,0
12245,3.870634,0
12246,0.673481,1
12247,4.063962,1
12248,1.248055,1
12249,4.703218,1
12250,2.175627,1
12251,1.588718,1
12252,0.165572,1
12253,1.375644,1
12254,1.373801,0
12255,2.964221,1
12256,3.759331,1
12257,0.479601,1
12258,4.865262,1
12259,1.480734,1
12260,0.219798,1
12261,4.478485,1
12262,1.836523,0
12263,1.691478,0
12264,1.186424,0
12265,0.523529,0
12266,0.195992,1
12267,1.317658,1
12268,1.497124,0
12269,0.822099,1
12270,1.641049,0
12271,0.415451,1
12272,2.334697,1
12273,4.598766,0
12274,0.183274,0
12275,3.878176,1
12276,0.186251,1
12277,2.78166,0
12278,1.412348,0
12279,0.215347,0
12280,0.388089,1
12281,2.033824,0
12282,0.291467,1
12283,0.292096,1
12284,1.888199,1
12285,0.886079,0
12286,2.516553,0
12287,0.047655,0
12288,5.172316,0
12289,2.855785,1
12290,2.869287,1
12291,0.118801,1
12292,1.319494,0
12293,0.042357,0
12294,1.708059,0
12295,2.354869,1
12296,2.99048,1
12297,0.31902,1
12298,0.199184,1
12299,0.505529,1
12300,0.165955,1
12301,3.297941,1
12302,0.206179,0
12303,1.915215,0
12304,0.41196,1
12305,2.292645,1
12306,4.157418,0
12307,1.714437,1
12308,0.797655,0
12309,0.40406,1
12310,1.011895,0
12311,1.838642,1
12312,0.472869,1
12313,2.564416,1
12314,0.312407,1
12315,2.720749,0
12316,0.550688,0
12317,4.705268,0
12318,1.979222,1
12319,1.984137,1
12320,4.827344,0
12321,0.108702,1
12322,0.232777,1
12323,0.169253,1
12324,1.406001,0
12325,2.469661,0
12326,0.167307,0
12327,3.58837,0
12328,5.184609,1
12329,0.151515,1
12330,2.889657,1
12331,1.83127,1
12332,1.744113,0
12333,1.11707,0
12334,1.473731,0
12335,1.722454,1
12336,1.733845,1
12337,2.78364,0
12338,3.802611,1
12339,2.490369,1
12340,1.881383,1
12341,0.207923,1
12342,1.978242,1
12343,0.056989,1
12344,0.293325,1
12345,0.06917,1
12346,1.163216,0
12347,1.085844,1
12348,0.279893,1
12349,0.058841,0
12350,4.493602,0
12351,4.183093,0
12352,1.237979,0
12353,0.372451,1
12354,0.674476,0
12355,0.483502,1
12356,0.197633,1
12357,1.503264,0
12358,0.225468,1
12359,0.101891,1
12360,0.369663,1
12361,0.19001,1
12362,0.293047,1
12363,3.685209,1
12364,0.683469,1
12365,0.155077,0
12366,3.876317,0
12367,0.1376,1
12368,0.345415,0
12369,0.21802,1
12370,0.198702,1
12371,0.233238,1
12372,0.369788,1
12373,0.450718,1
12374,4.970748,0
12375,0.354807,1
12376,3.112503,0
12377,1.015865,1
12378,0.30781,1
12379,0.464573,1
12380,1.528025,0
12381,0.112994,1
12382,0.278433,1
12383,0.152138,1
12384,0.07726,0
12385,0.394881,1
12386,2.480615,1
12387,0.069419,0
12388,0.732047,1
12389,0.279733,1
12390,1.563264,1
12391,2.436912,0
12392,4.514004,1
12393,2.504353,0
12394,0.508917,1
12395,0.772277,0
12396,0.215045,1
12397,2.303021,1
12398,0.356103,1
12399,0.352545,1
12400,0.471215,1
12401,0.463291,1
12402,1.03851,1
12403,2.674282,0
12404,0.206137,1
12405,0.166256,1
12406,2.046285,0
12407,0.466886,1
12408,0.399606,1
12409,5.41492,1
12410,0.050461,0
12411,0.248092,1
12412,1.043099,0
12413,0.199803,1
12414,0.298779,1
12415,0.812016,0
12416,0.024563,0
12417,0.098262,1
12418,1.996284,1
12419,0.744551,1
12420,0.203773,0
12421,0.207182,0
12422,0.353197,1
12423,2.329072,1
12424,0.223966,1
12425,1.919896,0
12426,2.559263,1
12427,2.702644,0
12428,0.661745,1
12429,0.319783,0
12430,0.492173,1
12431,3.631293,1
12432,0.221962,1
12433,0.173545,0
12434,3.452374,1
12435,2.578838,1
12436,3.103045,1
12437,0.145368,1
12438,0.164941,1
12439,2.228378,1
12440,0.263727,1
12441,2.623252,1
12442,4.749691,0
12443,0.351587,1
12444,0.07344,1
12445,0.418253,1
12446,1.262819,0
12447,0.064037,0
12448,0.32107,1
12449,2.441242,1
12450,0.802245,0
12451,2.488977,0
12452,0.196764,1
12453,2.384103,1
12454,0.440236,1
12455,4.16875,1
12456,0.165421,1
12457,0.373529,0
12458,3.734179,0
12459,0.680443,1
12460,0.799194,1
12461,2.354262,1
12462,1.669851,1
12463,0.232113,1
12464,1.133245,1
12465,0.220152,1
12466,3.651741,1
12467,0.232705,1
12468,0.326505,1
12469,0.576775,1
12470,4.573724,0
12471,1.97944,1
12472,1.251755,1
12473,4.600171,0
12474,1.699928,1
12475,4.825397,0
12476,3.894629,1
12477,0.277434,1
12478,1.697444,0
12479,0.300738,1
12480,1.144881,1
12481,4.653032,0
12482,0.427472,1
12483,2.436033,1
12484,2.888044,1
12485,0.100789,0
12486,2.223001,0
12487,0.256265,1
12488,2.016216,1
12489,2.945641,1
12490,6.144064,0
12491,4.214688,1
12492,2.695868,0
12493,0.16063,1
12494,1.415821,1
12495,0.642663,1
12496,0.590942,1
12497,1.523164,0
12498,0.89245,0
12499,1.010101,1
12500,3.068646,0
12501,4.92538,1
12502,0.329902,1
12503,3.799084,0
12504,3.90231,1
12505,1.300028,1
12506,0.152665,1
12507,5.247916,1
12508,0.183939,1
12509,0.440276,1
12510,1.516956,1
12511,0.225654,1
12512,0.743903,1
12513,3.439825,0
12514,1.716312,0
12515,1.384102,0
12516,2.886403,1
12517,4.432414,1
12518,3.743403,0
12519,1.537606,1
12520,1.10653,1
12521,2.699953,1
12522,2.385906,1
12523,2.058637,1
12524,0.147619,1
12525,1.191223,1
12526,5.279546,1
12527,0.574354,1
12528,0.418351,1
12529,1.666936,0
12530,0.107642,0
12531,0.367682,1
12532,0.050069,0
12533,1.943628,0
12534,0.745171,1
12535,1.604844,1
12536,0.37523,1
12537,0.313758,1
12538,3.543182,0
12539,4.190188,0
12540,2.303203,1
12541,0.331613,1
12542,0.219047,1
12543,2.174318,1
12544,0.271844,1
12545,0.283259,1
12546,0.209262,1
12547,0.097098,0
12548,0.098629,1
12549,0.147996,1
12550,1.011263,0
12551,1.50686,0
12552,2.670818,1
12553,1.628511,1
12554,5.010766,0
12555,0.060056,0
12556,0.031985,0
12557,1.350967,0
12558,2.098136,1
12559,0.526761,1
12560,1.608392,0
12561,3.234591,1
12562,0.101369,1
12563,0.204046,0
12564,2.554127,0
12565,1.76477,0
12566,2.347172,1
12567,4.235663,1
12568,0.062918,1
12569,1.215097,0
12570,3.612758,1
12571,0.539638,1
12572,1.091808,0
12573,0.521329,1
12574,0.596133,1
12575,4.045265,1
12576,3.189455,1
12577,2.316594,0
12578,0.339443,1
12579,1.696384,1
12580,0.168306,1
12581,1.869545,1
12582,0.178141,1
12583,0.786217,0
12584,0.77002,1
12585,1.217339,0
12586,5.233439,1
12587,2.603786,0
12588,0.534176,1
12589,0.865031,1
12590,5.618219,1
12591,2.366289,0
12592,2.282016,0
12593,3.150667,0
12594,0.165111,0
12595,0.232979,1
12596,4.337034,0
12597,0.859057,1
12598,0.471486,1
12599,0.388086,1
12600,5.051859,1
12601,2.041714,1
12602,3.33701,0
12603,0.295896,1
12604,0.234741,1
12605,0.242589,1
12606,0.410452,1
12607,1.431978,1
12608,1.153831,1
12609,5.911902,1
12610,3.103537,0
12611,0.370738,1
12612,4.045861,1
12613,1.786491,0
12614,1.409229,0
12615,0.293296,1
12616,2.03492,1
12617,1.994093,0
12618,3.14835,1
12619,1.621703,0
12620,3.44105,0
12621,3.360622,1
12622,0.64067,1
12623,0.268167,1
12624,0.30102,1
12625,3.389181,0
12626,0.088805,1
12627,5.306626,0
12628,2.991533,1
12629,1.296261,0
12630,0.133152,1
12631,1.069563,0
12632,4.809939,1
12633,0.318697,1
12634,2.94235,0
12635,2.918215,1
12636,0.232171,1
12637,0.253973,1
12638,0.307306,0
12639,1.387196,1
12640,0.908805,0
12641,4.520993,0
12642,2.83041,1
12643,3.517767,1
12644,1.58781,0
12645,0.125707,0
12646,1.035098,1
12647,2.806356,0
12648,0.178219,1
12649,0.110854,1
12650,0.453057,1
12651,1.655262,1
12652,1.871657,0
12653,0.331481,1
12654,0.141094,1
12655,1.992412,1
12656,4.567245,1
12657,1.884932,1
12658,2.935012,1
12659,2.750176,0
12660,0.09052,1
12661,4.077796,1
12662,0.055213,0
12663,1.471938,1
12664,2.012333,1
12665,0.593818,1
12666,0.144658,1
12667,0.149776,1
12668,4.239339,0
12669,2.135271,1
12670,3.024923,1
12671,4.955029,0
12672,0.19241,1
12673,0.270237,1
12674,0.437626,1
12675,0.084087,0
12676,0.726076,1
12677,0.864179,0
12678,0.325461,1
12679,0.095961,1
12680,4.390845,1
12681,4.149142,1
12682,1.6903,0
12683,1.134128,1
12684,3.753322,1
12685,0.550981,1
12686,1.768087,0
12687,2.055784,0
12688,1.606756,0
12689,0.597645,1
12690,5.077571,0
12691,0.71042,1
12692,4.192828,1
12693,0.044691,0
12694,0.853896,1
12695,0.161447,1
12696,0.603903,1
12697,3.126639,1
12698,0.257886,1
12699,0.097604,1
12700,0.100992,1
12701,2.169933,0
12702,2.98387,1
12703,3.909327,0
12704,2.261341,1
12705,0.266242,1
12706,4.042262,1
12707,1.38602,1
12708,0.352906,1
12709,1.754075,0
12710,1.826098,1
12711,0.950555,1
12712,4.545531,1
12713,1.304582,1
12714,0.34446,1
12715,0.208997,1
12716,0.984976,1
12717,1.015267,1
12718,0.558454,1
12719,2.757275,1
12720,4.12143,0
12721,0.725945,0
12722,0.119679,1
12723,0.112414,1
12724,1.994837,1
12725,5.137267,1
12726,2.047526,1
12727,3.323962,1
12728,4.209649,1
12729,3.98496,1
12730,2.08344,0
12731,2.046862,1
12732,3.567765,1
12733,0.206159,0
12734,5.758942,1
12735,2.563485,0
12736,1.638757,0
12737,4.474705,0
12738,2.801593,1
12739,0.26343,1
12740,0.329719,1
12741,1.319453,1
12742,1.674255,1
12743,1.834787,1
12744,4.796579,1
12745,1.150822,1
12746,3.181354,1
12747,0.807981,1
12748,2.156721,1
12749,2.844332,1
12750,0.689255,0
12751,5.674845,1
12752,1.260358,1
12753,6.153231,0
12754,0.336412,1
12755,0.052385,0
12756,0.277912,1
12757,0.849921,0
12758,4.329737,0
12759,0.392505,1
12760,0.525775,1
12761,0.171324,1
12762,1.108642,0
12763,1.764577,1
12764,4.869795,1
12765,0.540397,1
12766,0.10458,0
12767,2.1079,1
12768,0.307173,1
12769,0.287854,1
12770,0.102071,1
12771,0.246299,1
12772,0.295695,0
12773,0.222344,1
12774,2.326416,1
12775,2.279457,1
12776,1.250813,0
12777,1.299119,0
12778,0.064165,0
12779,4.633079,1
12780,1.793224,1
12781,0.246591,1
12782,0.052199,0
12783,7.297073,1
12784,0.660545,0
12785,2.202683,1
12786,3.453829,1
12787,0.722871,1
12788,0.468228,1
12789,1.284509,0
12790,0.325043,1
12791,2.273707,0
12792,0.429541,1
12793,2.269826,0
12794,2.846036,1
12795,0.365211,1
12796,4.142454,1
12797,0.278145,1
12798,3.153413,1
12799,0.190658,1
12800,0.169862,1
12801,0.186969,1
12802,1.664233,1
12803,2.057405,1
12804,0.08402,1
12805,0.220699,1
12806,0.379044,1
12807,1.957562,1
12808,3.258968,0
12809,1.928647,1
12810,0.344553,1
12811,0.076598,1
12812,1.563049,0
12813,1.692563,1
12814,0.232363,1
12815,1.078403,0
12816,0.664377,1
12817,5.398622,1
12818,1.753285,0
12819,0.2119,1
12820,4.040776,1
12821,4.128407,0
12822,0.282272,1
12823,0.328547,1
12824,2.239576,1
12825,0.470021,1
12826,1.946569,0
12827,0.371296,1
12828,0.481199,1
12829,0.51871,1
12830,0.927685,1
12831,1.516936,1
12832,4.77009,0
12833,1.938485,0
12834,0.316314,1
12835,0.303496,1
12836,2.997274,1
12837,0.049403,0
12838,3.067642,0
12839,0.58124,0
12840,1.692343,1
12841,2.429517,1
12842,1.476212,0
12843,0.39124,1
12844,0.85444,1
12845,1.595803,0
12846,1.637414,0
12847,2.825916,1
12848,0.299058,1
12849,2.078038,0
12850,5.03531,1
12851,0.428987,1
12852,4.65758,1
12853,1.194218,1
12854,0.671574,0
12855,0.673261,0
12856,1.788356,1
12857,1.579992,0
12858,0.159607,0
12859,2.308536,1
12860,2.302748,1
12861,2.172245,0
12862,0.21038,1
12863,2.573703,1
12864,1.698434,0
12865,4.434123,1
12866,0.186379,1
12867,1.4479,0
12868,0.642403,0
12869,2.124991,1
12870,5.532256,1
12871,3.606283,1
12872,0.459635,0
12873,3.255672,1
12874,0.137394,1
12875,1.430606,0
12876,4.552031,1
12877,2.147519,0
12878,3.799006,1
12879,0.452958,1
12880,1.829958,1
12881,5.353445,1
12882,6.595162,1
12883,3.061918,1
12884,0.118439,0
12885,0.599867,1
12886,0.631957,1
12887,0.082932,0
12888,0.533549,1
12889,5.237607,1
12890,2.287092,1
12891,0.127137,1
12892,0.312612,1
12893,1.478215,1
12894,2.427511,1
12895,5.813829,1
12896,0.407131,1
12897,1.451142,1
12898,1.006068,1
12899,1.855247,1
12900,4.728883,1
12901,0.123368,0
12902,5.081059,0
12903,4.52765,1
12904,1.48425,0
12905,1.13999,0
12906,2.17869,0
12907,2.764373,1
12908,1.395365,1
12909,0.319348,1
12910,2.088257,0
12911,0.56242,1
12912,1.70596,0
12913,1.84855,0
12914,0.195127,1
12915,0.027858,0
12916,2.212744,1
12917,0.254776,1
12918,0.342354,1
12919,2.160601,1
12920,2.99907,1
12921,0.167508,1
12922,1.315619,0
12923,0.665223,1
12924,1.424833,1
12925,0.454442,0
12926,1.39799,1
12927,1.249537,1
12928,0.918889,1
12929,2.502586,1
12930,1.577361,1
12931,0.505632,1
12932,4.500187,1
12933,3.58593,1
12934,1.727363,1
12935,0.753772,1
12936,2.742778,1
12937,2.744065,1
12938,4.717748,0
12939,1.232425,0
12940,0.091892,0
12941,3.066162,0
12942,0.620803,1
12943,1.80037,1
12944,0.841512,0
12945,2.847373,1
12946,1.736607,1
12947,1.305522,0
12948,0.149874,1
12949,1.608244,0
12950,0.248161,1
12951,0.405262,1
12952,0.995588,0
12953,0.401033,1
12954,3.04364,1
12955,2.144943,0
12956,0.276369,1
12957,0.48857,0
12958,5.092665,1
12959,0.237496,1
12960,4.247418,0
12961,0.073109,1
12962,5.102067,0
12963,0.210778,1
12964,0.146601,1
12965,0.768281,0
12966,1.865209,1
12967,0.363715,0
12968,0.477587,0
12969,0.798839,0
12970,3.566393,0
12971,0.463614,1
12972,2.051674,1
12973,0.382029,1
12974,0.130634,1
12975,0.3025,1
12976,0.347634,1
12977,3.02527,1
12978,1.742525,1
12979,2.486454,1
12980,0.972396,1
12981,0.210867,1
12982,0.582924,1
12983,2.222515,1
12984,4.927795,0
12985,0.7798,1
12986,2.149561,0
12987,0.442059,1
12988,4.271373,1
12989,1.788761,0
12990,0.211458,1
12991,5.495327,0
12992,1.536082,1
12993,3.949772,0
12994,0.197201,1
12995,5.109829,1
12996,3.296653,0
12997,0.355076,0
12998,2.698877,0
12999,2.004534,1
13000,0.300265,0
13001,1.180502,1
13002,0.227515,0
13003,0.197376,0
13004,0.312146,1
13005,3.017127,1
13006,2.786642,1
13007,4.810306,0
13008,4.241079,1
13009,2.884305,0
13010,3.966539,0
13011,2.237003,1
13012,0.753514,1
13013,3.628883,1
13014,0.418578,1
13015,0.365295,1
13016,0.194917,1
13017,1.61302,0
13018,3.091757,1
13019,1.367479,1
13020,0.250476,1
13021,0.573605,1
13022,1.223816,0
13023,0.298369,1
13024,0.089692,1
13025,1.660681,1
13026,0.117196,1
13027,2.286286,1
13028,1.612653,0
13029,1.559292,1
13030,0.191678,1
13031,2.841416,0
13032,1.303603,1
13033,2.397102,1
13034,2.856115,0
13035,4.750162,0
13036,1.844922,0
13037,0.524469,0
13038,3.227491,1
13039,4.518388,0
13040,0.790365,0
13041,0.22962,1
13042,6.765437,0
13043,0.330761,1
13044,2.166299,0
13045,0.731248,1
13046,2.962381,1
13047,0.345215,0
13048,0.352488,1
13049,0.254812,1
13050,4.810945,1
13051,4.034229,0
13052,0.436005,1
13053,2.707232,1
13054,2.81502,1
13055,2.789159,1
13056,0.164741,1
13057,0.303439,0
13058,0.476434,1
13059,2.467098,0
13060,3.995676,1
13061,1.828128,0
13062,0.139859,1
13063,1.863,1
13064,1.048619,1
13065,0.527053,0
13066,0.029168,0
13067,2.149508,1
13068,1.572403,1
13069,0.441423,1
13070,0.617167,1
13071,0.572894,0
13072,2.265926,0
13073,0.415391,1
13074,3.192659,1
13075,0.535146,1
13076,2.784006,0
13077,1.740321,0
13078,0.38565,1
13079,5.543561,1
13080,0.097288,1
13081,1.299224,1
13082,4.683519,1
13083,0.280476,1
13084,0.890475,1
13085,0.180594,1
13086,0.301498,1
13087,1.467448,0
13088,5.938969,1
13089,0.204666,1
13090,4.631691,0
13091,2.805402,1
13092,0.303719,0
13093,1.203675,1
13094,3.218568,0
13095,4.527151,1
13096,2.937082,1
13097,3.497306,1
13098,0.761966,1
13099,2.514354,1
13100,0.144937,1
13101,0.114342,1
13102,2.605739,1
13103,1.147923,1
13104,1.584441,1
13105,0.600943,1
13106,0.665124,1
13107,0.387878,1
13108,0.266958,1
13109,4.298586,1
13110,0.438864,1
13111,0.220036,1
13112,1.380278,0
13113,4.009672,0
13114,1.358104,0
13115,4.255049,0
13116,2.118867,1
13117,6.138416,1
13118,1.659712,1
13119,0.320057,0
13120,0.839084,1
13121,0.09918,1
13122,1.250572,1
13123,4.979029,0
13124,2.719214,1
13125,3.691769,0
13126,0.358473,1
13127,2.993834,1
13128,2.326012,0
13129,0.565564,1
13130,0.048163,0
13131,1.974765,1
13132,0.908783,0
13133,0.160718,1
13134,0.034431,1
13135,0.111575,1
13136,1.974303,1
13137,1.891547,0
13138,3.770067,1
13139,2.573219,1
13140,0.713566,1
13141,1.753375,1
13142,0.070536,1
13143,1.94548,1
13144,0.081887,0
13145,5.689984,1
13146,0.21836,1
13147,3.129361,1
13148,0.274546,1
13149,3.841335,1
13150,0.251271,1
13151,0.411266,1
13152,1.193816,0
13153,2.644889,0
13154,2.107334,0
13155,0.716734,1
13156,0.828347,1
13157,1.659386,0
13158,0.406041,1
13159,4.220495,1
13160,0.059415,0
13161,2.191729,0
13162,1.441426,0
13163,0.278369,1
13164,0.491851,1
13165,2.44524,1
13166,1.966709,1
13167,5.477372,1
13168,0.147935,0
13169,5.229615,0
13170,1.35031,1
13171,0.322799,1
13172,1.553131,1
13173,0.438886,1
13174,1.394767,1
13175,2.988546,0
13176,0.467436,1
13177,0.106397,1
13178,1.597093,0
13179,1.827819,1
13180,1.436751,1
13181,0.142437,1
13182,3.227407,0
13183,2.039106,1
13184,1.155329,0
13185,0.054873,1
13186,1.757885,1
13187,0.400946,1
13188,0.096569,0
13189,0.868796,0
13190,2.516335,1
13191,0.227398,1
13192,0.544942,1
13193,0.112693,1
13194,3.152327,1
13195,2.015568,0
13196,2.871338,1
13197,1.436943,1
13198,3.822076,1
13199,2.139669,0
13200,2.132718,1
13201,3.701351,1
13202,0.065537,1
13203,0.297776,1
13204,0.042981,0
13205,1.108739,1
13206,0.38706,1
13207,0.086773,0
13208,0.454075,1
13209,1.055305,0
13210,3.833581,1
13211,2.488286,1
13212,0.561391,1
13213,1.932115,1
13214,1.545284,1
13215,3.806204,0
13216,4.533642,0
13217,0.055783,1
13218,1.588483,0
13219,2.597677,1
13220,1.784752,1
13221,3.466485,1
13222,0.058944,1
13223,1.803483,1
13224,0.042877,0
13225,2.890575,0
13226,1.163134,1
13227,0.284339,1
13228,0.164014,1
13229,0.332743,0
13230,0.130687,1
13231,0.259367,1
13232,1.280878,1
13233,1.262992,0
13234,2.869338,0
13235,0.313257,1
13236,2.579418,1
13237,0.842779,1
13238,2.299734,1
13239,2.302175,1
13240,1.75717,1
13241,0.227991,1
13242,1.942629,0
13243,0.32422,0
13244,0.908319,1
13245,1.898086,1
13246,0.690887,1
13247,2.382859,1
13248,4.496418,0
13249,0.026528,0
13250,0.19639,1
13251,0.133238,0
13252,2.064375,0
13253,3.482803,1
13254,3.035527,1
13255,5.898477,1
13256,3.716385,1
13257,1.228527,0
13258,3.751084,1
13259,0.437877,1
13260,2.823089,1
13261,0.131874,1
13262,4.183169,1
13263,0.299922,1
13264,2.162779,0
13265,1.609329,0
13266,0.877434,0
13267,4.699084,1
13268,1.795918,0
13269,0.795942,1
13270,0.1541,1
13271,2.182638,0
13272,2.008092,0
13273,3.456317,1
13274,2.350834,0
13275,2.972305,1
13276,2.692661,0
13277,1.807543,0
13278,2.236329,0
13279,0.348935,1
13280,0.568403,1
13281,0.096083,1
13282,6.241254,0
13283,1.06568,1
13284,4.273677,1
13285,0.220457,1
13286,0.049403,0
13287,0.435937,0
13288,4.398894,1
13289,0.179532,1
13290,0.37397,1
13291,1.622913,0
13292,3.243573,1
13293,2.358819,1
13294,3.591518,0
13295,0.108345,1
13296,1.120499,1
13297,0.658889,0
13298,1.518056,1
13299,2.370901,0
13300,0.22731,1
13301,3.149198,1
13302,0.60744,1
13303,0.148578,1
13304,5.199894,0
13305,0.262522,1
13306,4.738622,1
13307,2.973216,0
13308,0.363933,1
13309,4.046981,1
13310,0.071838,1
13311,1.91679,0
13312,2.16806,1
13313,3.107784,0
13314,2.119834,1
13315,2.201245,1
13316,1.259752,0
13317,0.554316,1
13318,5.011724,1
13319,3.424021,1
13320,0.67677,0
13321,2.174495,0
13322,0.736502,0
13323,0.933992,0
13324,0.848112,1
13325,1.785584,1
13326,4.395565,1
13327,1.933996,0
13328,0.050969,0
13329,2.505162,0
13330,2.693034,0
13331,1.58447,0
13332,0.041124,0
13333,1.490959,0
13334,2.515205,0
13335,0.322801,1
13336,0.723182,0
13337,0.144439,1
13338,0.070371,0
13339,0.818961,0
13340,0.173128,1
13341,0.542971,1
13342,3.826297,1
13343,0.621151,0
13344,0.607824,1
13345,3.869284,0
13346,0.543234,1
13347,0.486083,0
13348,5.497507,1
13349,3.35461,1
13350,0.419686,1
13351,1.907922,0
13352,0.242685,1
13353,4.701971,1
13354,0.153417,1
13355,3.82697,1
13356,0.200864,1
13357,0.036359,0
13358,0.120646,0
13359,2.028337,0
13360,1.799744,1
13361,0.078553,0
13362,1.509657,1
13363,3.18869,1
13364,4.225557,0
13365,4.899425,0
13366,0.742596,1
13367,0.210921,1
13368,1.564245,1
13369,4.981479,0
13370,4.929261,1
13371,1.855418,0
13372,1.535994,1
13373,2.740519,1
13374,4.06808,1
13375,3.09313,0
13376,0.865192,0
13377,0.045948,0
13378,3.279316,0
13379,2.157656,0
13380,0.094411,1
13381,2.861344,0
13382,2.677809,0
13383,0.630687,1
13384,1.510192,1
13385,2.731972,1
13386,0.227543,1
13387,4.700902,0
13388,0.320989,1
13389,4.113605,0
13390,1.291847,1
13391,3.703973,1
13392,1.514075,0
13393,4.684246,1
13394,2.495619,0
13395,0.310939,1
13396,2.48324,0
13397,2.147047,1
13398,1.270249,1
13399,0.98816,1
13400,1.764789,1
13401,0.024438,0
13402,0.118879,1
13403,2.008454,1
13404,0.537924,0
13405,0.752597,0
13406,2.428121,1
13407,1.537869,1
13408,0.092823,0
13409,4.315479,0
13410,0.521897,0
13411,1.127744,0
13412,3.808103,0
13413,3.2279,1
13414,2.81441,1
13415,0.623266,1
13416,1.4864,0
13417,0.575524,1
13418,0.183945,0
13419,4.961669,1
13420,1.06036,1
13421,0.963009,1
13422,0.273772,1
13423,0.393328,1
13424,5.100635,1
13425,0.879145,0
13426,0.322255,1
13427,0.753635,1
13428,0.482881,1
13429,1.653666,1
13430,1.631461,1
13431,7.15196,1
13432,0.289612,1
13433,1.979621,1
13434,0.574493,1
13435,2.041969,1
13436,4.655835,0
13437,2.253059,0
13438,1.6186,1
13439,3.231509,0
13440,1.608088,0
13441,1.322747,0
13442,0.392014,0
13443,2.743977,1
13444,0.757219,0
13445,3.045888,1
13446,0.150025,1
13447,1.385444,1
13448,0.105009,0
13449,5.299794,1
13450,0.341496,1
13451,4.674937,1
13452,0.242178,1
13453,2.83761,0
13454,3.459963,1
13455,4.166181,1
13456,4.685958,0
13457,0.193915,1
13458,1.727195,1
13459,0.408664,1
13460,4.844077,0
13461,1.798974,1
13462,0.158749,0
13463,3.543962,1
13464,1.242698,0
13465,0.817994,1
13466,0.147555,1
13467,0.601791,0
13468,0.746501,1
13469,0.351317,1
13470,0.106216,1
13471,1.057745,1
13472,1.676496,1
13473,1.272154,1
13474,1.094052,1
13475,0.670462,1
13476,0.140801,1
13477,0.385015,1
13478,0.188293,1
13479,0.91961,0
13480,0.367553,1
13481,1.179696,0
13482,0.373189,1
13483,2.258337,1
13484,0.132707,1
13485,1.346942,1
13486,0.442732,1
13487,4.348197,1
13488,0.054647,1
13489,2.944235,1
13490,0.07255,0
13491,3.098735,1
13492,1.680018,0
13493,3.301192,1
13494,3.082713,0
13495,0.928139,1
13496,0.403853,0
13497,2.292861,0
13498,4.170149,1
13499,1.396936,1
13500,0.140797,1
13501,7.073186,0
13502,0.377171,0
13503,3.281005,1
13504,0.336972,1
13505,0.051677,1
13506,3.991178,0
13507,0.026966,1
13508,2.310496,1
13509,2.111003,0
13510,0.063898,1
13511,0.756496,0
13512,1.984816,1
13513,0.260401,1
13514,0.130291,0
13515,4.744211,0
13516,0.039505,0
13517,0.285784,1
13518,0.473443,0
13519,0.045217,1
13520,3.08261,1
13521,2.637472,0
13522,0.196901,1
13523,0.239334,1
13524,0.218399,1
13525,3.038495,0
13526,2.882151,0
13527,0.135429,1
13528,3.107017,1
13529,0.086449,1
13530,1.59264,0
13531,0.194344,1
13532,0.518716,1
13533,2.013999,1
13534,2.577647,0
13535,1.537664,1
13536,3.361624,1
13537,3.227812,0
13538,4.035882,1
13539,0.331462,1
13540,2.064302,1
13541,0.356716,0
13542,4.139229,0
13543,3.32658,1
13544,0.31131,1
13545,0.181519,1
13546,0.025035,0
13547,0.283364,1
13548,2.820251,1
13549,2.183182,1
13550,0.490665,1
13551,2.261697,1
13552,0.194866,1
13553,0.732074,1
13554,0.120606,1
13555,0.702328,0
13556,1.277554,1
13557,5.101145,0
13558,2.010186,0
13559,1.503227,1
13560,4.70019,0
13561,2.017514,1
13562,0.463929,1
13563,0.459992,1
13564,4.447382,1
13565,2.125546,0
13566,0.097368,0
13567,1.405338,0
13568,0.796405,0
13569,0.236254,1
13570,0.568071,1
13571,0.202797,1
13572,1.964124,1
13573,0.192053,1
13574,0.069461,0
13575,3.22194,0
13576,3.136729,1
13577,0.391463,1
13578,0.241556,1
13579,0.025389,0
13580,1.25725,0
13581,2.73559,1
13582,0.343801,1
13583,0.606966,1
13584,0.451753,1
13585,0.66614,0
13586,0.609869,0
13587,1.95925,0
13588,0.390732,0
13589,0.259262,0
13590,0.160817,0
13591,1.349659,1
13592,0.443463,1
13593,0.22942,1
13594,1.317388,1
13595,3.243926,0
13596,0.025036,0
13597,0.318432,1
13598,0.375163,1
13599,3.239177,0
13600,0.696728,1
13601,6.013153,1
13602,1.946474,1
13603,0.282366,1
13604,0.079433,1
13605,0.422539,1
13606,0.347669,1
13607,2.056687,0
13608,5.310234,0
13609,0.79872,1
13610,1.707165,0
13611,4.403178,0
13612,0.092963,1
13613,4.561281,0
13614,4.116235,1
13615,1.838591,0
13616,5.886284,1
13617,0.214908,1
13618,0.097019,0
13619,1.900971,1
13620,4.313333,1
13621,0.334734,1
13622,1.619125,0
13623,3.286255,0
13624,0.233854,1
13625,0.122489,1
13626,1.806261,0
13627,3.526423,1
13628,2.562819,0
13629,2.890099,1
13630,0.72565,1
13631,3.693296,0
13632,0.609378,1
13633,2.441269,1
13634,0.596478,0
13635,3.167687,0
13636,0.148274,1
13637,0.880505,0
13638,0.669499,1
13639,3.321955,0
13640,2.633448,0
13641,0.066536,1
13642,1.57919,0
13643,3.355427,1
13644,4.945858,1
13645,0.140328,1
13646,1.455656,1
13647,0.08731,1
13648,1.293918,1
13649,0.191612,1
13650,4.515597,0
13651,1.784902,1
13652,0.247128,0
13653,1.915737,0
13654,1.001251,0
13655,3.49296,1
13656,3.43433,0
13657,0.524765,0
13658,0.072653,1
13659,6.665019,1
13660,3.322354,1
13661,1.763565,1
13662,1.370275,0
13663,0.060823,0
13664,4.051824,0
13665,2.481391,1
13666,0.11007,1
13667,0.039883,0
13668,5.598162,0
13669,3.309065,1
13670,2.69894,1
13671,5.152475,0
13672,0.889775,1
13673,1.372735,0
13674,0.845786,1
13675,2.071236,1
13676,2.81186,0
13677,3.182547,0
13678,0.046986,0
13679,3.912458,1
13680,2.043507,1
13681,5.184807,0
13682,2.662695,0
13683,2.512056,1
13684,2.690064,1
13685,1.707532,1
13686,0.488902,1
13687,0.269091,1
13688,2.542808,1
13689,0.35185,1
13690,3.098138,1
13691,5.428132,0
13692,0.627783,1
13693,0.248353,1
13694,0.103244,1
13695,4.977415,1
13696,4.877887,1
13697,4.794131,1
13698,0.058355,0
13699,2.83572,1
13700,0.313642,0
13701,1.963046,1
13702,4.018672,1
13703,2.324224,0
13704,4.968643,1
13705,0.262895,1
13706,0.815751,1
13707,0.19635,0
13708,0.899832,0
13709,1.086135,0
13710,1.428967,1
13711,0.139511,1
13712,1.684998,1
13713,0.33713,0
13714,0.153474,0
13715,1.045653,0
13716,2.737982,0
13717,2.30933,1
13718,0.253887,1
13719,0.521966,1
13720,2.917785,0
13721,0.188659,1
13722,0.124267,1
13723,2.246426,0
13724,3.190465,0
13725,0.500901,1
13726,1.889653,0
13727,1.329104,1
13728,2.489741,0
13729,5.201727,0
13730,2.029582,1
13731,4.094509,1
13732,0.369042,1
13733,1.327847,0
13734,2.695576,1
13735,0.25853,1
13736,3.158979,1
13737,0.258682,1
13738,0.93889,0
13739,2.741116,1
13740,2.716326,1
13741,5.336556,1
13742,0.210792,1
13743,0.962525,0
13744,0.839481,1
13745,0.156044,1
13746,2.225597,1
13747,0.686523,1
13748,1.555422,0
13749,0.425111,0
13750,0.529094,1
13751,0.104862,1
13752,1.202288,0
13753,0.078259,1
13754,0.125048,1
13755,3.545251,1
13756,0.566723,1
13757,0.377362,1
13758,0.041954,1
13759,3.704355,1
13760,0.40954,1
13761,0.088602,1
13762,0.917309,0
13763,1.319234,0
13764,0.091088,1
13765,0.080835,1
13766,2.229661,1
13767,4.017367,0
13768,1.925834,1
13769,0.215091,1
13770,2.329217,1
13771,0.3746,1
13772,0.910331,1
13773,0.036683,0
13774,2.689716,1
13775,4.375419,1
13776,5.212301,1
13777,3.614889,1
13778,0.200317,1
13779,0.712822,1
13780,0.029429,0
13781,0.406614,1
13782,2.557605,0
13783,0.098059,1
13784,0.796939,1
13785,0.268156,1
13786,2.129724,0
13787,0.159084,1
13788,0.160471,1
13789,2.443942,1
13790,3.810673,1
13791,1.668146,1
13792,0.39226,1
13793,3.007533,1
13794,0.441282,1
13795,0.496371,1
13796,0.162933,1
13797,3.074869,1
13798,0.065871,1
13799,3.911095,0
13800,3.030829,0
13801,3.597106,1
13802,2.805239,0
13803,0.235632,1
13804,0.259405,1
13805,1.440567,0
13806,1.906298,1
13807,1.415476,1
13808,2.24827,1
13809,1.942975,1
13810,1.69416,0
13811,3.413657,1
13812,0.253896,0
13813,3.767482,0
13814,0.387434,1
13815,0.706053,1
13816,0.856391,0
13817,1.942275,0
13818,1.40794,0
13819,3.694251,1
13820,1.135486,1
13821,3.435176,1
13822,0.455512,1
13823,0.275605,1
13824,0.200336,1
13825,4.079898,0
13826,3.618953,1
13827,0.945588,0
13828,1.271555,0
13829,0.602771,1
13830,1.639576,1
13831,0.099168,0
13832,0.126242,1
13833,0.691064,1
13834,1.128838,0
13835,1.72868,0
13836,4.70081,1
13837,0.539958,1
13838,0.414577,1
13839,3.26535,1
13840,0.635396,1
13841,2.161683,1
13842,0.211501,1
13843,0.367765,1
13844,0.211772,1
13845,2.584432,0
13846,2.769158,1
13847,1.307876,0
13848,1.746903,0
13849,0.138538,1
13850,0.281245,1
13851,0.215371,1
13852,2.876143,1
13853,1.27854,0
13854,0.211997,1
13855,1.819839,1
13856,3.160643,1
13857,0.380529,1
13858,0.069206,0
13859,0.028613,0
13860,0.276712,1
13861,0.73764,0
13862,1.263296,0
13863,0.396752,1
13864,0.043961,0
13865,3.724376,1
13866,2.534082,1
13867,1.195316,0
13868,0.101697,1
13869,1.803518,0
13870,2.592933,1
13871,0.977157,0
13872,0.303676,1
13873,0.081797,0
13874,0.568776,1
13875,0.338598,1
13876,0.160271,1
13877,0.409064,1
13878,0.304834,1
13879,1.671646,0
13880,2.390842,0
13881,0.928377,1
13882,2.301058,0
13883,0.733111,1
13884,0.086404,1
13885,2.542308,1
13886,2.422016,1
13887,0.446163,1
13888,0.221891,1
13889,2.518901,1
13890,1.166612,1
13891,2.949406,1
13892,0.084379,1
13893,2.393817,0
13894,3.533773,1
13895,0.856912,0
13896,3.02739,1
13897,0.521765,1
13898,0.403293,1
13899,3.65789,1
13900,2.362,1
13901,4.194109,1
13902,0.550911,1
13903,0.279458,1
13904,0.255541,1
13905,0.72552,0
13906,0.68889,1
13907,2.65361,1
13908,0.258004,1
13909,0.644289,1
13910,0.105823,1
13911,0.274197,1
13912,0.077629,0
13913,0.700611,1
13914,0.558369,1
13915,1.263882,0
13916,2.336948,1
13917,2.658775,1
13918,0.158133,1
13919,0.100799,1
13920,1.222132,0
13921,2.222303,1
13922,0.468454,1
13923,0.092749,1
13924,1.106943,0
13925,5.078586,1
13926,0.241567,1
13927,1.899034,0
13928,3.989959,1
13929,2.979207,1
13930,0.143712,1
13931,0.285636,1
13932,3.202744,1
13933,0.399453,1
13934,0.359824,1
13935,1.116301,0
13936,0.283011,0
13937,0.112519,1
13938,3.560318,0
13939,3.045181,1
13940,1.63735,0
13941,2.532423,1
13942,0.58588,1
13943,0.062099,0
13944,4.514251,0
13945,0.144865,1
13946,3.17528,0
13947,1.039952,1
13948,5.272225,1
13949,1.707287,0
13950,3.04243,0
13951,0.589717,1
13952,0.194389,1
13953,0.546864,1
13954,4.29528,0
13955,0.323926,1
13956,0.736919,1
13957,3.988362,0
13958,0.742634,1
13959,2.745715,0
13960,3.844735,1
13961,0.949762,1
13962,2.607369,1
13963,0.12231,0
13964,1.714147,0
13965,0.516277,1
13966,2.921523,1
13967,0.310013,0
13968,1.461963,1
13969,2.246884,0
13970,4.212193,1
13971,1.972941,0
13972,0.438305,1
13973,1.958488,0
13974,0.454555,1
13975,4.185915,0
13976,0.420274,1
13977,2.434928,0
13978,2.39263,0
13979,4.906468,0
13980,0.069255,1
13981,3.056058,0
13982,2.948149,0
13983,0.538481,1
13984,0.172232,1
13985,0.420698,1
13986,0.764179,0
13987,1.985539,1
13988,0.428458,1
13989,3.479184,1
13990,0.151122,1
13991,2.313957,1
13992,3.882031,0
13993,2.554016,1
13994,0.156423,1
13995,3.653558,1
13996,3.821402,0
13997,5.187376,0
13998,1.991106,1
13999,0.140473,0
14000,0.327094,1
14001,5.24475,1
14002,1.639004,0
14003,5.413851,0
14004,0.329724,1
14005,0.570876,1
14006,0.547304,1
14007,0.984238,0
14008,4.879988,1
14009,1.716148,1
14010,1.612525,1
14011,0.32709,1
14012,1.574169,0
14013,1.33851,0
14014,0.357063,0
14015,0.55357,1
14016,0.184731,1
14017,0.173861,1
14018,0.657686,0
14019,1.272705,1
14020,0.320061,1
14021,2.228487,1
14022,0.55689,0
14023,2.50935,1
14024,2.198089,0
14025,0.414679,1
14026,0.041797,0
14027,0.205473,1
14028,3.082664,0
14029,3.133125,0
14030,0.872718,1
14031,0.668924,0
14032,2.409169,1
14033,0.104753,1
14034,1.306542,0
14035,0.844527,1
14036,0.197906,1
14037,1.017526,1
14038,0.941164,0
14039,3.181598,1
14040,0.385521,1
14041,0.647917,0
14042,0.177019,1
14043,0.218281,0
14044,2.809464,1
14045,0.269334,1
14046,0.224092,1
14047,0.072662,1
14048,0.852423,1
14049,2.758583,1
14050,0.087029,0
14051,0.563259,0
14052,0.238062,1
14053,5.640351,1
14054,0.49668,1
14055,0.575004,1
14056,4.309823,1
14057,0.810273,1
14058,2.626336,1
14059,0.384598,1
14060,0.317819,0
14061,1.385191,0
14062,0.242482,1
14063,1.896635,0
14064,0.158126,1
14065,0.028456,0
14066,0.195629,1
14067,0.146064,0
14068,2.462535,1
14069,3.637772,0
14070,0.561942,1
14071,0.603501,1
14072,0.171813,0
14073,4.170649,0
14074,2.181367,0
14075,0.344219,1
14076,5.079906,0
14077,0.233191,0
14078,0.419509,0
14079,0.167446,1
14080,3.828243,1
14081,0.142712,1
14082,0.36416,1
14083,0.741307,0
14084,1.349627,0
14085,0.482228,1
14086,0.125859,0
14087,0.348539,1
14088,1.300082,0
14089,3.54949,0
14090,0.536613,1
14091,0.484514,1
14092,0.960092,1
14093,2.946362,0
14094,0.460104,1
14095,0.054,0
14096,1.494624,0
14097,0.070117,0
14098,2.463544,0
14099,1.698613,1
14100,0.428377,0
14101,4.782872,0
14102,3.139272,1
14103,1.280953,0
14104,1.909757,1
14105,0.372873,1
14106,2.59429,1
14107,1.792264,1
14108,2.263338,0
14109,0.500647,1
14110,0.927258,1
14111,1.690701,0
14112,5.021503,0
14113,2.32213,0
14114,1.242085,0
14115,0.656773,1
14116,2.15052,1
14117,0.255582,1
14118,2.284578,0
14119,3.361929,1
14120,2.28419,1
14121,0.175359,1
14122,2.819278,1
14123,3.429173,1
14124,1.263643,0
14125,0.483442,1
14126,0.219958,1
14127,2.074008,0
14128,1.582573,1
14129,1.995597,1
14130,0.167292,1
14131,3.268664,1
14132,1.356575,0
14133,1.658588,0
14134,1.710958,0
14135,2.900275,0
14136,3.343042,0
14137,0.120874,1
14138,0.092438,1
14139,5.03127,1
14140,1.769075,1
14141,0.618964,1
14142,2.50551,0
14143,3.048607,1
14144,6.148638,1
14145,0.128572,1
14146,1.815437,0
14147,2.980587,1
14148,1.039206,0
14149,0.090964,0
14150,6.240907,1
14151,2.770527,0
14152,2.124088,1
14153,4.884442,0
14154,2.141583,0
14155,4.100792,1
14156,3.405162,1
14157,0.981973,0
14158,0.159444,0
14159,1.944424,0
14160,1.791978,0
14161,0.143797,1
14162,1.292252,0
14163,0.357074,0
14164,4.030264,1
14165,1.655023,0
14166,0.513584,1
14167,1.797294,1
14168,3.056663,1
14169,3.299698,0
14170,3.748658,1
14171,5.145088,1
14172,0.397592,1
14173,0.403511,1
14174,3.048888,0
14175,0.383253,0
14176,1.753473,0
14177,1.949327,0
14178,0.330784,1
14179,0.396237,1
14180,2.504572,1
14181,3.376174,1
14182,4.20992,0
14183,0.151682,1
14184,3.36336,1
14185,0.084821,0
14186,0.13795,1
14187,4.174514,1
14188,0.853949,0
14189,0.430458,1
14190,0.501676,1
14191,0.208362,1
14192,0.168604,1
14193,0.18827,1
14194,2.173479,0
14195,3.177597,1
14196,0.184117,1
14197,1.923064,1
14198,0.385722,1
14199,0.322725,1
14200,1.741133,0
14201,3.751784,1
14202,0.576297,1
14203,1.855042,1
14204,0.435934,0
14205,0.51498,1
14206,3.69611,0
14207,0.133285,1
14208,0.321973,1
14209,2.022262,0
14210,0.475597,1
14211,0.054199,0
14212,1.13375,0
14213,1.70405,1
14214,2.328969,0
14215,4.093469,1
14216,3.335178,1
14217,0.372256,1
14218,2.773344,1
14219,0.254719,1
14220,4.436539,1
14221,4.293342,0
14222,2.524091,1
14223,4.236149,0
14224,0.810832,1
14225,4.709426,0
14226,3.612184,0
14227,2.828618,1
14228,0.263601,1
14229,1.78669,1
14230,2.263778,1
14231,3.09446,0
14232,0.307984,1
14233,1.600047,0
14234,0.079378,0
14235,0.257969,1
14236,2.245648,1
14237,2.551182,0
14238,0.580801,0
14239,0.558149,1
14240,1.434825,0
14241,0.188968,1
14242,1.59144,0
14243,0.15303,1
14244,1.10111,0
14245,2.835883,1
14246,3.633502,1
14247,0.232022,1
14248,1.15357,1
14249,0.607497,1
14250,0.156422,1
14251,0.382911,0
14252,1.609888,0
14253,0.086918,0
14254,0.081748,0
14255,0.263456,1
14256,3.301259,1
14257,3.401662,0
14258,1.96534,1
14259,1.739643,1
14260,1.389511,0
14261,0.502982,1
14262,0.612941,1
14263,0.196829,1
14264,0.358881,1
14265,0.4623,1
14266,0.291454,1
14267,2.528069,1
14268,0.136257,1
14269,0.406633,1
14270,0.157599,0
14271,0.037673,1
14272,1.061201,1
14273,1.553273,0
14274,1.828168,1
14275,3.71266,0
14276,0.328465,1
14277,3.35769,1
14278,3.487309,1
14279,0.228164,1
14280,1.465667,1
14281,1.833151,1
14282,1.73253,1
14283,0.243813,1
14284,4.261467,1
14285,5.004587,0
14286,0.871815,1
14287,0.22264,1
14288,2.59317,1
14289,0.523519,1
14290,0.690373,1
14291,4.04258,1
14292,0.160777,1
14293,3.255033,1
14294,3.715758,0
14295,2.50354,1
14296,0.161825,1
14297,0.407156,1
14298,0.634742,1
14299,0.057701,0
14300,1.256459,1
14301,0.238506,0
14302,0.02223,0
14303,2.242845,0
14304,4.261803,1
14305,2.007713,1
14306,0.214214,1
14307,0.929683,1
14308,1.330654,0
14309,2.884137,0
14310,0.165874,1
14311,2.824114,1
14312,3.335246,1
14313,1.096229,1
14314,4.896636,1
14315,3.770824,1
14316,0.089817,1
14317,0.492713,0
14318,2.532878,0
14319,0.550013,0
14320,0.909058,1
14321,1.394296,1
14322,0.889475,1
14323,0.199862,0
14324,0.414241,1
14325,0.334662,1
14326,0.877855,0
14327,0.484147,0
14328,0.076004,0
14329,1.577775,1
14330,2.307689,1
14331,0.158835,0
14332,2.212902,1
14333,1.547566,1
14334,6.282891,1
14335,0.168647,1
14336,4.943913,0
14337,0.425156,1
14338,1.013694,0
14339,2.026509,1
14340,0.660176,0
14341,4.884811,0
14342,4.112156,1
14343,1.705242,0
14344,0.260201,1
14345,0.400487,1
14346,5.024029,0
14347,2.474456,1
14348,0.371454,1
14349,0.20266,1
14350,0.371217,0
14351,0.167045,1
14352,1.755364,1
14353,2.15022,0
14354,0.485281,0
14355,2.2264,0
14356,2.755527,0
14357,1.551627,0
14358,0.123675,1
14359,0.601142,0
14360,2.665408,0
14361,1.564824,0
14362,0.355959,1
14363,3.143887,1
14364,2.925499,0
14365,0.403304,1
14366,0.29498,1
14367,0.111674,0
14368,4.16453,1
14369,2.590761,1
14370,0.087027,1
14371,5.558035,0
14372,1.261477,1
14373,1.129951,0
14374,3.215243,1
14375,0.889725,1
14376,0.187802,1
14377,0.346686,1
14378,3.355054,1
14379,0.518494,0
14380,1.476896,0
14381,2.502374,1
14382,0.425308,0
14383,3.571822,1
14384,2.400418,0
14385,0.156895,1
14386,2.826109,0
14387,0.343816,0
14388,1.901901,1
14389,0.317282,1
14390,0.180843,1
14391,4.150002,0
14392,0.387757,1
14393,0.512354,1
14394,1.640903,0
14395,1.830766,1
14396,2.915512,0
14397,1.087921,0
14398,0.181341,1
14399,0.309538,1
14400,2.4998,1
14401,1.554217,0
14402,0.28088,1
14403,0.2731,1
14404,0.739648,1
14405,2.225195,0
14406,0.027615,0
14407,2.106691,1
14408,0.528933,1
14409,0.357294,0
14410,2.07662,0
14411,2.968148,0
14412,0.258112,1
14413,5.003481,0
14414,0.905738,0
14415,0.303677,0
14416,2.104758,1
14417,0.441181,1
14418,0.339322,1
14419,0.586216,1
14420,1.968809,1
14421,2.026906,0
14422,5.832428,1
14423,2.468061,1
14424,2.090857,1
14425,0.117522,1
14426,1.493575,1
14427,0.134515,0
14428,4.23847,1
14429,1.603718,0
14430,2.150405,1
14431,1.707087,0
14432,0.64796,1
14433,0.408929,1
14434,0.738659,0
14435,4.15284,1
14436,2.554177,1
14437,2.313261,1
14438,0.135356,1
14439,0.022796,0
14440,1.411801,0
14441,4.211376,1
14442,0.226454,0
14443,0.323815,1
14444,3.892813,0
14445,1.516751,0
14446,4.158162,0
14447,0.338458,1
14448,2.582685,1
14449,0.122386,1
14450,0.488252,1
14451,0.831969,1
14452,3.012981,0
14453,0.069543,0
14454,2.230455,0
14455,1.267727,0
14456,1.349,0
14457,0.168628,1
14458,3.321884,1
14459,2.956502,1
14460,2.571434,1
14461,0.256307,1
14462,0.709682,0
14463,2.759294,1
14464,0.286695,1
14465,1.409091,1
14466,3.42572,1
14467,2.833675,1
14468,5.210172,1
14469,0.650387,0
14470,0.282738,1
14471,2.537862,1
14472,0.690253,0
14473,1.798096,0
14474,2.28411,1
14475,0.408542,1
14476,0.165751,1
14477,4.99963,1
14478,0.375191,1
14479,0.142397,1
14480,3.747632,1
14481,0.388222,1
14482,1.565072,1
14483,0.60656,1
14484,1.627874,0
14485,2.071052,1
14486,1.745428,0
14487,0.64533,1
14488,3.164003,1
14489,0.634012,1
14490,2.87688,0
14491,0.689495,0
14492,1.484002,0
14493,2.039074,1
14494,1.576321,0
14495,1.700035,0
14496,0.333915,1
14497,3.373608,0
14498,4.209435,0
14499,0.626493,0
14500,0.956685,0
14501,0.469466,1
14502,1.920227,1
14503,2.22469,1
14504,0.082577,0
14505,2.052666,0
14506,3.002678,1
14507,0.218911,0
14508,4.838698,0
14509,1.030723,0
14510,0.825489,1
14511,2.478515,0
14512,4.578842,1
14513,0.132858,0
14514,1.904732,1
14515,0.502205,0
14516,4.92082,0
14517,5.440344,1
14518,3.781768,1
14519,1.882179,0
14520,2.171593,1
14521,3.122225,1
14522,0.8588,1
14523,1.466217,0
14524,3.481949,1
14525,3.071375,1
14526,0.65721,1
14527,2.895776,1
14528,4.061374,1
14529,3.259133,1
14530,0.094914,1
14531,0.511799,1
14532,1.431806,0
14533,0.299162,0
14534,0.362496,1
14535,0.29162,1
14536,0.134087,1
14537,2.392896,1
14538,2.568637,0
14539,2.126703,1
14540,0.174279,1
14541,1.627904,0
14542,0.127228,0
14543,2.317225,1
14544,2.595685,1
14545,2.860978,1
14546,1.414297,1
14547,1.450234,0
14548,0.050265,1
14549,0.444239,1
14550,2.965764,1
14551,0.249639,1
14552,0.489043,0
14553,0.254529,1
14554,0.512365,1
14555,2.324135,0
14556,1.944286,1
14557,1.880551,0
14558,2.48766,0
14559,0.449015,1
14560,4.051668,1
14561,4.498438,1
14562,1.283291,0
14563,2.796309,0
14564,0.471182,1
14565,4.107278,0
14566,3.240097,0
14567,0.499985,1
14568,0.178753,0
14569,0.57805,1
14570,0.756092,0
14571,1.992269,1
14572,3.073281,0
14573,0.705122,1
14574,1.716471,1
14575,0.093995,1
14576,0.311941,0
14577,1.724072,0
14578,0.390721,1
14579,0.119722,1
14580,1.067756,1
14581,1.977895,1
14582,0.294274,1
14583,0.040435,0
14584,2.005661,0
14585,2.511106,1
14586,0.260232,1
14587,0.222587,1
14588,0.154928,1
14589,3.279982,0
14590,0.539738,1
14591,3.016956,0
14592,2.711823,1
14593,3.866694,1
14594,2.180297,1
14595,1.696577,1
14596,1.899757,1
14597,0.218447,1
14598,0.598308,1
14599,1.444044,0
14600,0.215838,1
14601,3.19213,1
14602,3.347614,0
14603,1.964027,0
14604,4.952003,1
14605,0.210549,1
14606,2.775518,0
14607,1.840083,1
14608,4.546975,0
14609,2.875016,0
14610,2.380234,0
14611,0.383057,1
14612,0.118769,1
14613,1.158831,0
14614,2.898369,0
14615,0.644506,1
14616,1.942677,1
14617,1.946389,1
14618,0.143763,1
14619,1.957155,1
14620,1.012939,0
14621,0.436485,0
14622,0.732768,1
14623,0.247133,1
14624,5.394679,0
14625,6.765121,1
14626,0.378615,1
14627,0.123538,1
14628,0.070801,0
14629,0.249437,1
14630,2.663935,1
14631,3.211499,1
14632,0.141041,1
14633,1.571326,0
14634,3.20396,0
14635,2.192053,0
14636,0.291437,1
14637,3.011999,1
14638,0.081395,0
14639,3.686992,1
14640,5.110231,0
14641,2.25024,0
14642,1.454975,1
14643,2.247828,1
14644,2.34426,1
14645,0.333805,0
14646,3.987222,1
14647,0.488582,1
14648,1.964107,0
14649,3.652252,1
14650,2.66732,0
14651,0.226699,1
14652,1.724617,0
14653,0.19335,1
14654,0.138496,0
14655,0.094987,0
14656,0.342337,0
14657,2.816957,0
14658,2.887428,1
14659,0.790596,0
14660,0.534123,0
14661,1.950193,0
14662,2.24644,1
14663,0.276559,1
14664,0.227358,1
14665,0.19275,1
14666,3.600435,1
14667,0.233499,1
14668,4.040985,0
14669,0.305618,0
14670,0.187067,1
14671,0.233666,1
14672,0.042782,0
14673,0.089047,1
14674,0.443038,1
14675,4.694705,1
14676,0.242875,0
14677,0.51564,1
14678,0.25501,1
14679,0.719941,1
14680,3.264337,1
14681,1.363402,1
14682,0.493198,1
14683,0.231513,1
14684,2.947781,1
14685,0.445781,1
14686,3.433702,1
14687,0.468868,1
14688,0.201103,1
14689,4.688677,1
14690,2.080155,0
14691,0.206479,1
14692,3.759899,0
14693,2.340665,1
14694,1.80396,1
14695,2.29403,1
14696,2.088202,0
14697,3.783696,0
14698,0.561556,1
14699,1.125493,0
14700,0.356092,1
14701,1.366256,1
14702,2.206983,0
14703,4.50852,1
14704,1.660945,1
14705,0.274432,1
14706,5.139605,1
14707,0.157782,0
14708,3.929521,1
14709,4.880818,0
14710,1.76484,0
14711,0.249345,1
14712,0.312448,1
14713,0.096764,1
14714,4.962312,1
14715,1.458237,0
14716,0.059144,1
14717,5.129471,1
14718,0.08648,1
14719,0.385934,1
14720,0.105704,1
14721,0.663971,1
14722,0.168712,0
14723,2.330413,1
14724,0.765056,0
14725,6.803437,0
14726,0.329483,1
14727,2.369783,0
14728,0.591686,0
14729,2.638389,0
14730,0.298029,1
14731,3.867644,0
14732,0.682377,1
14733,0.173188,1
14734,0.114104,1
14735,1.356393,0
14736,2.230674,1
14737,2.247532,1
14738,2.198338,1
14739,1.320478,0
14740,1.969766,1
14741,2.419922,1
14742,0.213728,1
14743,5.916626,1
14744,0.164237,1
14745,2.258959,1
14746,1.431108,0
14747,0.215239,0
14748,0.924006,0
14749,3.217572,1
14750,0.398368,1
14751,3.627314,0
14752,1.37999,1
14753,2.596036,1
14754,1.502301,1
14755,0.064087,1
14756,1.291901,0
14757,0.71229,1
14758,0.082333,1
14759,0.208837,1
14760,5.762246,1
14761,0.197764,1
14762,0.190055,0
14763,0.590691,1
14764,0.401962,1
14765,0.377413,0
14766,0.825109,1
14767,1.604252,0
14768,0.223082,1
14769,0.223601,0
14770,3.206314,1
14771,2.572935,1
14772,1.622862,0
14773,2.462087,0
14774,0.866875,1
14775,0.265412,1
14776,2.568875,1
14777,0.30475,0
14778,0.326742,1
14779,1.157849,0
14780,0.5899,1
14781,1.250743,1
14782,0.074801,1
14783,2.438559,1
14784,2.313597,0
14785,0.331893,0
14786,0.136633,1
14787,3.984262,0
14788,0.428664,0
14789,0.127917,1
14790,0.299894,1
14791,1.640047,0
14792,4.304777,1
14793,3.542053,1
14794,3.276488,0
14795,2.948779,1
14796,2.594232,1
14797,0.03469,0
14798,2.450122,0
14799,2.743336,1
14800,0.213057,0
14801,3.442018,1
14802,0.799698,1
14803,0.670961,1
14804,0.067264,1
14805,6.271038,1
14806,0.195468,1
14807,0.235156,1
14808,0.57215,1
14809,0.618796,1
14810,3.101867,1
14811,1.964937,1
14812,2.299589,1
14813,0.44884,1
14814,4.791252,0
14815,1.665985,0
14816,0.332119,1
14817,0.201205,1
14818,0.761983,0
14819,0.042339,0
14820,2.006267,1
14821,0.09526,1
14822,0.26898,1
14823,0.959207,0
14824,1.886654,1
14825,0.123619,1
14826,0.713059,1
14827,0.23042,1
14828,2.868229,1
14829,2.388731,1
14830,1.527043,1
14831,4.488545,0
14832,3.615537,1
14833,1.351312,0
14834,1.546582,0
14835,0.174808,1
14836,0.501439,1
14837,2.220965,1
14838,1.866979,0
14839,0.260936,1
14840,0.913012,0
14841,2.549482,0
14842,1.202079,0
14843,0.400639,1
14844,3.733658,1
14845,0.174394,1
14846,0.487699,1
14847,0.576195,0
14848,2.626392,0
14849,4.812454,0
14850,0.551407,1
14851,4.669755,0
14852,0.158654,1
14853,1.253368,0
14854,5.034828,1
14855,5.270431,1
14856,1.174318,1
14857,3.977841,1
14858,0.401844,1
14859,2.229658,1
14860,0.029338,0
14861,4.557747,0
14862,1.393873,1
14863,2.096157,1
14864,2.032503,0
14865,1.637567,1
14866,3.727863,1
14867,2.331598,0
14868,0.067952,1
14869,0.258581,1
14870,0.546001,0
14871,1.569857,1
14872,0.150933,0
14873,1.60306,1
14874,2.226755,0
14875,1.929326,1
14876,1.27122,0
14877,3.945254,0
14878,2.866715,0
14879,2.98683,0
14880,2.12538,0
14881,1.951494,0
14882,3.678574,1
14883,5.806253,1
14884,0.095293,1
14885,3.28527,1
14886,0.146134,0
14887,2.898749,1
14888,0.761015,1
14889,2.185542,0
14890,0.646623,1
14891,0.17502,1
14892,1.814333,1
14893,4.550417,1
14894,0.146169,1
14895,1.606378,0
14896,2.852128,1
14897,0.233601,1
14898,3.874546,1
14899,4.4233,1
14900,0.097563,1
14901,0.381348,1
14902,0.212157,1
14903,2.640504,1
14904,2.396209,1
14905,1.14965,1
14906,0.341092,1
14907,0.840574,1
14908,0.643856,0
14909,1.669161,1
14910,4.131151,1
14911,0.094418,0
14912,4.62113,0
14913,0.551994,1
14914,0.42744,0
14915,2.685457,1
14916,1.084237,1
14917,2.50669,1
14918,2.759747,1
14919,2.235036,1
14920,0.24349,1
14921,0.259983,1
14922,1.957849,0
14923,0.754932,1
14924,0.846755,0
14925,0.213735,1
14926,2.738621,1
14927,0.821468,0
14928,3.645455,1
14929,3.505808,1
14930,1.799357,0
14931,1.079406,0
14932,0.164238,1
14933,0.621337,1
14934,0.381416,1
14935,0.323367,0
14936,4.693177,1
14937,0.21453,1
14938,2.755523,1
14939,5.427921,0
14940,1.229447,1
14941,0.526722,1
14942,0.17344,1
14943,1.474176,1
14944,0.566914,1
14945,3.11234,1
14946,1.116984,0
14947,1.222654,1
14948,4.236497,0
14949,2.315437,1
14950,4.325991,0
14951,0.255843,1
14952,0.291631,1
14953,0.306076,0
14954,1.284926,1
14955,5.102569,0
14956,5.845176,1
14957,3.374223,0
14958,3.68738,0
14959,2.464544,1
14960,2.323786,1
14961,0.124274,0
14962,2.818172,0
14963,2.015197,0
14964,0.172381,1
14965,0.723148,1
14966,0.099066,0
14967,2.958512,1
14968,4.499242,1
14969,3.619968,1
14970,3.885973,1
14971,0.479375,1
14972,0.264328,0
14973,0.626189,1
14974,0.862339,0
14975,0.863235,0
14976,1.506231,1
14977,1.916889,0
14978,0.072077,0
14979,0.321013,1
14980,0.340844,0
14981,0.236965,0
14982,4.606968,1
14983,4.944364,0
14984,0.089892,1
14985,3.048931,1
14986,1.307853,0
14987,0.519963,1
14988,0.068648,0
14989,2.566564,1
14990,1.281056,0
14991,2.102965,0
14992,0.524608,1
14993,0.286592,1
14994,0.677546,1
14995,3.950958,0
14996,1.595491,0
14997,0.234215,1
14998,2.38462,1
14999,3.999556,0
15000,0.031169,0
15001,0.264011,1
15002,2.87568,1
15003,1.076292,1
15004,0.097292,1
15005,0.593002,1
15006,0.074515,1
15007,0.437301,0
15008,1.122902,0
15009,2.461774,1
15010,0.058299,0
15011,0.15049,1
15012,1.971466,0
15013,0.257492,1
15014,2.421983,1
15015,0.169316,1
15016,0.934728,0
15017,1.361953,0
15018,0.168576,1
15019,4.350569,1
15020,2.774606,1
15021,2.695687,0
15022,0.227116,1
15023,0.389192,1
15024,2.986997,1
15025,0.208917,0
15026,1.691668,0
15027,1.664386,0
15028,1.469149,1
15029,0.166237,1
15030,2.891486,1
15031,0.822489,1
15032,4.265867,1
15033,0.094647,0
15034,1.225145,1
15035,0.653156,0
15036,5.052735,1
15037,2.763274,0
15038,1.043821,1
15039,3.101339,1
15040,0.184535,1
15041,0.092871,1
15042,0.19429,1
15043,0.361681,1
15044,0.222823,1
15045,1.000549,1
15046,3.234879,1
15047,1.632553,0
15048,1.97695,1
15049,0.362368,1
15050,0.33898,1
15051,0.712531,0
15052,2.320333,1
15053,2.223777,1
15054,0.260623,1
15055,0.211901,0
15056,2.873635,1
15057,0.117382,1
15058,0.211813,1
15059,0.971584,0
15060,3.295353,1
15061,0.090498,0
15062,0.1576,1
15063,3.969302,0
15064,1.503819,0
15065,0.176592,1
15066,4.742577,0
15067,0.251641,1
15068,0.496636,1
15069,4.530054,0
15070,0.810988,1
15071,0.135447,0
15072,1.119175,1
15073,0.1579,0
15074,0.298216,1
15075,0.405955,1
15076,0.178407,1
15077,3.352284,1
15078,4.856482,1
15079,0.205118,1
15080,0.239426,1
15081,0.087629,1
15082,3.266993,0
15083,2.532352,1
15084,1.045902,0
15085,0.319045,1
15086,0.206172,1
15087,2.410592,1
15088,0.153302,1
15089,1.42262,0
15090,5.285036,1
15091,0.232868,1
15092,0.325294,1
15093,2.248656,1
15094,5.071204,1
15095,2.801895,0
15096,0.363323,1
15097,5.195689,1
15098,0.599319,0
15099,0.341067,1
15100,0.79849,1
15101,3.541512,0
15102,4.358389,1
15103,0.074293,0
15104,1.264321,1
15105,3.718034,1
15106,3.516942,1
15107,1.073459,1
15108,3.155889,0
15109,3.250237,0
15110,0.04719,0
15111,1.815688,1
15112,0.975081,0
15113,0.252449,0
15114,0.99259,0
15115,3.395349,1
15116,2.766221,1
15117,0.610988,1
15118,1.83662,1
15119,0.314008,1
15120,4.75346,0
15121,0.220124,1
15122,0.240719,1
15123,4.77593,1
15124,0.083391,1
15125,0.614195,1
15126,0.13869,0
15127,0.06583,0
15128,2.632564,1
15129,1.347166,0
15130,0.196914,1
15131,3.943511,0
15132,0.528316,0
15133,2.812716,1
15134,3.91678,1
15135,0.111519,1
15136,0.193664,0
15137,0.374155,1
15138,0.215688,1
15139,2.558075,0
15140,2.711244,1
15141,2.040974,1
15142,2.017077,0
15143,0.241971,1
15144,5.465334,1
15145,3.374492,1
15146,2.325607,1
15147,4.267391,1
15148,5.815487,0
15149,1.564079,1
15150,2.124361,0
15151,0.182177,1
15152,1.223437,0
15153,0.106765,1
15154,0.657844,1
15155,0.389008,1
15156,0.274276,1
15157,1.424148,0
15158,2.59771,0
15159,4.329093,0
15160,1.51056,0
15161,2.59245,1
15162,0.189552,0
15163,5.707327,1
15164,2.045727,1
15165,0.846961,0
15166,1.933737,1
15167,3.835774,1
15168,0.360911,1
15169,0.989251,0
15170,0.153412,1
15171,0.330926,1
15172,0.181178,1
15173,5.713485,1
15174,4.093111,1
15175,1.952581,1
15176,0.200513,1
15177,0.263038,1
15178,1.979021,0
15179,1.882956,0
15180,0.160166,1
15181,4.441088,0
15182,4.644073,0
15183,1.992747,1
15184,0.165552,1
15185,1.622361,0
15186,0.271168,1
15187,0.031902,0
15188,0.066156,1
15189,0.158441,1
15190,0.198704,1
15191,0.351114,1
15192,0.316409,1
15193,0.152046,1
15194,0.18332,1
15195,2.815587,0
15196,2.811007,1
15197,0.277889,1
15198,5.224022,1
15199,5.037446,1
15200,0.372926,1
15201,0.482575,1
15202,1.43293,0
15203,0.539334,1
15204,2.434097,1
15205,2.341501,1
15206,0.353387,1
15207,0.446278,1
15208,0.392405,0
15209,0.150714,1
15210,1.217464,1
15211,1.230188,1
15212,1.049142,0
15213,0.459381,1
15214,0.11263,0
15215,3.976568,0
15216,0.384736,1
15217,4.047994,1
15218,0.902242,1
15219,1.652053,1
15220,3.007672,1
15221,4.953313,1
15222,0.160304,0
15223,0.614656,1
15224,2.150014,1
15225,0.238149,1
15226,0.19894,1
15227,3.669869,1
15228,0.231242,1
15229,4.488745,0
15230,1.176731,0
15231,1.980444,0
15232,1.594679,0
15233,0.201092,1
15234,3.346126,1
15235,0.195436,1
15236,3.187285,0
15237,1.086818,0
15238,0.377397,1
15239,0.096776,0
15240,0.590514,1
15241,2.652872,1
15242,3.881346,0
15243,0.679211,1
15244,1.474443,1
15245,0.059702,0
15246,1.680042,0
15247,0.87974,0
15248,0.902671,0
15249,0.306747,1
15250,0.701018,1
15251,0.651256,1
15252,0.194509,1
15253,1.862239,1
15254,4.299233,0
15255,0.302767,1
15256,0.207747,0
15257,1.838555,0
15258,0.421016,1
15259,0.434166,1
15260,0.281363,1
15261,2.62174,1
15262,0.165608,0
15263,0.175813,1
15264,0.266321,1
15265,6.105019,1
15266,4.082857,0
15267,2.295458,0
15268,3.189413,1
15269,1.686738,0
15270,2.570033,1
15271,0.236489,0
15272,0.020077,0
15273,0.290314,1
15274,3.900276,1
15275,0.435162,1
15276,0.797097,0
15277,1.48979,1
15278,4.124565,0
15279,4.617461,1
15280,0.133437,1
15281,2.802284,0
15282,0.523536,1
15283,0.284264,1
15284,1.961132,1
15285,0.095954,1
15286,5.018136,1
15287,6.359562,0
15288,2.795761,1
15289,1.827712,0
15290,0.916443,0
15291,0.13284,1
15292,0.03556,0
15293,0.29304,1
15294,0.272093,1
15295,0.282031,1
15296,2.590396,0
15297,0.184495,1
15298,2.909308,0
15299,0.08077,0
15300,0.118865,0
15301,2.159276,1
15302,3.494282,1
15303,0.800865,1
15304,0.106002,1
15305,1.28002,0
15306,3.162651,1
15307,4.041169,0
15308,1.100403,0
15309,5.277874,0
15310,4.680118,0
15311,1.107415,1
15312,0.191157,1
15313,4.472986,0
15314,0.307751,1
15315,3.345065,0
15316,5.34464,0
15317,2.419104,1
15318,4.854995,0
15319,4.895738,1
15320,2.991779,1
15321,1.5193,0
15322,0.052723,0
15323,0.629588,1
15324,0.12297,1
15325,2.692626,0
15326,1.028235,0
15327,1.665102,0
15328,0.465892,1
15329,2.787927,1
15330,1.887757,1
15331,1.279237,0
15332,0.535584,0
15333,2.412698,1
15334,2.005894,1
15335,3.959999,0
15336,0.433956,0
15337,2.945295,0
15338,2.332531,1
15339,1.80117,1
15340,1.479473,1
15341,0.264243,1
15342,0.9882,0
15343,2.754289,1
15344,4.391936,1
15345,3.190408,0
15346,0.41757,1
15347,2.837008,1
15348,6.335107,1
15349,0.137738,0
15350,0.292265,1
15351,3.631176,1
15352,0.631286,1
15353,1.41876,0
15354,2.337184,1
15355,4.895529,1
15356,4.146377,0
15357,0.447698,1
15358,3.03566,1
15359,0.203168,1
15360,2.158156,1
15361,0.406141,1
15362,0.698984,1
15363,2.888834,1
15364,3.199054,0
15365,3.037019,1
15366,2.969876,1
15367,0.108783,0
15368,0.201305,1
15369,4.046301,0
15370,2.344895,0
15371,1.112345,0
15372,1.396499,0
15373,2.131536,1
15374,2.203456,0
15375,0.929843,1
15376,0.224115,1
15377,2.773017,0
15378,4.224622,0
15379,6.631381,1
15380,0.379967,1
15381,2.197783,0
15382,1.10547,1
15383,0.231519,1
15384,2.850166,0
15385,5.544025,0
15386,0.911947,0
15387,0.475932,1
15388,0.428786,1
15389,0.20202,1
15390,2.953625,1
15391,0.188638,0
15392,2.801907,1
15393,2.092095,0
15394,3.541083,1
15395,0.349309,1
15396,3.399611,0
15397,1.172421,1
15398,0.563363,0
15399,0.388635,1
15400,1.698119,0
15401,5.969625,1
15402,1.90423,1
15403,0.702409,1
15404,1.468635,1
15405,0.213334,1
15406,3.895903,0
15407,0.316181,1
15408,4.724681,1
15409,1.614056,0
15410,3.820163,0
15411,1.884764,0
15412,2.15064,0
15413,2.299329,0
15414,2.1012,1
15415,0.121862,1
15416,0.973474,0
15417,0.049411,0
15418,1.128839,1
15419,0.290964,1
15420,0.142464,1
15421,0.0174,0
15422,2.002944,0
15423,0.404125,0
15424,2.753092,1
15425,3.061219,0
15426,1.625891,1
15427,4.694268,0
15428,2.809221,1
15429,0.112382,0
15430,5.303985,0
15431,4.107004,1
15432,1.776081,1
15433,3.158483,1
15434,0.324475,1
15435,1.825326,0
15436,3.343684,1
15437,0.278395,1
15438,2.518391,0
15439,0.775001,1
15440,0.333742,0
15441,0.473982,1
15442,2.41276,1
15443,0.270981,1
15444,2.284783,0
15445,4.807652,1
15446,0.206273,1
15447,0.161601,1
15448,4.058455,1
15449,2.642003,1
15450,5.26781,1
15451,0.317003,1
15452,2.83644,0
15453,0.222211,1
15454,0.605707,1
15455,0.192164,1
15456,4.601791,1
15457,1.63569,0
15458,0.925274,1
15459,3.561723,1
15460,0.275797,1
15461,0.346982,1
15462,0.368004,1
15463,0.148903,1
15464,2.134728,1
15465,0.302661,1
15466,1.578491,1
15467,2.346197,1
15468,0.521041,1
15469,0.189274,1
15470,0.275438,1
15471,3.840646,0
15472,2.243291,1
15473,4.67897,1
15474,0.263532,1
15475,4.1466,0
15476,0.653283,1
15477,3.782345,0
15478,0.403859,1
15479,2.204462,1
15480,0.361163,1
15481,4.887382,1
15482,3.319795,0
15483,0.074344,0
15484,0.500367,0
15485,2.95651,1
15486,0.13636,1
15487,2.424727,0
15488,2.011669,0
15489,0.513753,0
15490,1.304715,0
15491,0.389007,1
15492,2.095768,0
15493,1.669432,1
15494,2.208506,1
15495,0.207245,1
15496,1.703604,1
15497,0.206929,1
15498,0.381089,0
15499,0.109385,0
15500,0.176637,1
15501,0.951991,1
15502,0.421453,1
15503,0.752448,0
15504,0.716605,1
15505,3.135599,1
15506,3.52967,1
15507,4.174019,1
15508,0.290524,1
15509,1.91439,0
15510,5.030962,0
15511,1.09513,0
15512,1.69932,1
15513,0.65674,1
15514,1.115,1
15515,0.306157,1
15516,0.461336,1
15517,0.450088,1
15518,1.451741,1
15519,0.2101,0
15520,0.983785,1
15521,5.159081,1
15522,0.282468,1
15523,3.902847,0
15524,4.676486,0
15525,1.646289,1
15526,0.028584,0
15527,2.563128,0
15528,4.656926,1
15529,3.984333,1
15530,4.009225,1
15531,0.479984,1
15532,1.729398,1
15533,5.296552,1
15534,0.238777,0
15535,0.103089,1
15536,2.711197,1
15537,0.399389,1
15538,2.818167,0
15539,4.012571,1
15540,4.714572,1
15541,2.694039,1
15542,1.55256,1
15543,2.37807,1
15544,4.899988,1
15545,2.589626,0
15546,0.686126,0
15547,2.128096,1
15548,2.014945,1
15549,2.780609,1
15550,4.810998,0
15551,5.078059,1
15552,0.331013,1
15553,5.80496,0
15554,5.240988,0
15555,0.662179,0
15556,1.684945,0
15557,2.019899,0
15558,1.854004,0
15559,2.540411,0
15560,0.200392,1
15561,3.733866,1
15562,1.510883,1
15563,1.492119,1
15564,5.219979,1
15565,0.550109,1
15566,0.453906,0
15567,0.224228,0
15568,1.709962,1
15569,0.162332,1
15570,1.071486,1
15571,0.309761,1
15572,0.301982,1
15573,1.547181,1
15574,3.472247,0
15575,2.434232,1
15576,0.367869,0
15577,2.195776,0
15578,1.575149,0
15579,3.539413,1
15580,2.447406,1
15581,5.344096,0
15582,0.036926,0
15583,4.615806,1
15584,0.191535,1
15585,0.238989,0
15586,0.460076,0
15587,0.395686,1
15588,3.570114,1
15589,5.132044,1
15590,0.209441,1
15591,0.163493,1
15592,1.09443,0
15593,0.099228,1
15594,1.729932,1
15595,0.196492,0
15596,1.050106,1
15597,1.947573,1
15598,3.228204,1
15599,6.478454,1
15600,0.185587,1
15601,3.484939,0
15602,3.713505,1
15603,0.463669,1
15604,0.428568,1
15605,4.014411,1
15606,0.197775,0
15607,2.983766,1
15608,5.074507,0
15609,0.268298,1
15610,0.436154,1
15611,0.221073,1
15612,0.039657,0
15613,0.334628,1
15614,0.07999,1
15615,1.917963,1
15616,1.88381,1
15617,1.558292,0
15618,2.5906,1
15619,0.270497,0
15620,0.274497,1
15621,0.181082,1
15622,2.490444,1
15623,0.667181,1
15624,2.044881,1
15625,1.725231,1
15626,0.161966,1
15627,0.463621,1
15628,0.164953,1
15629,0.828295,0
15630,0.169776,1
15631,0.487487,1
15632,4.595666,0
15633,2.793746,1
15634,0.142968,0
15635,2.165951,1
15636,0.207085,1
15637,5.497548,0
15638,0.659598,1
15639,2.907285,0
15640,0.322598,0
15641,3.830293,0
15642,0.506964,1
15643,1.027182,1
15644,0.164162,1
15645,5.560164,0
15646,0.16146,0
15647,4.3961,1
15648,1.219815,0
15649,0.980739,1
15650,1.202701,0
15651,1.08079,1
15652,0.286283,1
15653,0.03965,0
15654,0.137202,1
15655,1.02361,0
15656,0.636488,1
15657,2.12849,0
15658,0.059083,0
15659,4.733566,1
15660,0.766656,1
15661,0.733732,1
15662,0.022183,0
15663,5.169563,1
15664,3.834002,1
15665,1.121417,1
15666,0.031942,0
15667,0.243626,1
15668,2.954164,0
15669,2.825837,0
15670,1.06064,1
15671,0.363972,1
15672,3.520972,1
15673,0.570303,1
15674,0.927639,0
15675,3.826781,0
15676,0.85948,1
15677,1.907659,1
15678,0.139396,1
15679,1.387365,0
15680,1.214401,1
15681,0.116217,0
15682,2.06001,1
15683,0.109596,1
15684,4.870143,1
15685,4.018426,1
15686,4.325242,1
15687,2.34092,0
15688,3.091276,1
15689,0.622797,1
15690,2.453752,1
15691,3.071862,1
15692,2.29485,1
15693,2.512532,0
15694,4.380599,0
15695,2.81307,1
15696,0.535107,1
15697,2.641938,1
15698,0.333799,1
15699,4.097531,1
15700,3.832018,0
15701,4.364755,1
15702,5.075051,1
15703,1.362216,0
15704,0.499414,1
15705,0.370116,1
15706,1.347934,1
15707,0.687439,1
15708,2.14837,0
15709,0.13357,1
15710,0.177806,1
15711,0.193496,1
15712,0.841002,0
15713,4.838634,0
15714,0.1546,1
15715,2.27728,1
15716,0.756382,0
15717,0.96299,0
15718,0.134986,1
15719,0.485241,1
15720,1.450498,1
15721,1.931952,0
15722,0.257798,1
15723,0.120906,1
15724,0.745246,0
15725,0.144485,1
15726,2.979277,1
15727,1.6539,1
15728,0.834087,1
15729,1.187941,0
15730,4.424688,1
15731,0.150916,0
15732,0.603135,1
15733,0.945049,0
15734,0.108512,0
15735,0.502784,1
15736,3.292375,1
15737,2.952098,0
15738,0.620672,1
15739,0.252015,0
15740,1.213288,0
15741,0.266203,1
15742,0.363927,1
15743,0.271776,0
15744,2.279117,1
15745,3.348465,1
15746,3.326601,0
15747,0.244151,1
15748,0.237712,1
15749,2.176245,0
15750,1.980692,0
15751,0.486738,0
15752,0.733428,0
15753,0.328502,1
15754,2.611791,0
15755,4.724512,1
15756,1.450427,0
15757,3.939146,0
15758,0.659983,1
15759,0.178655,1
15760,3.129184,1
15761,0.165592,1
15762,0.098235,1
15763,0.185085,1
15764,0.421102,1
15765,2.668765,0
15766,1.406068,0
15767,0.096988,1
15768,5.048885,1
15769,2.867047,1
15770,0.232467,1
15771,1.876025,1
15772,1.224065,1
15773,2.205356,0
15774,3.001585,1
15775,1.390723,1
15776,1.58904,1
15777,0.404413,1
15778,0.195888,1
15779,1.425607,0
15780,2.158954,1
15781,0.309893,1
15782,0.215175,1
15783,2.764953,1
15784,4.834198,0
15785,0.021082,0
15786,4.073535,1
15787,0.160022,1
15788,0.108724,0
15789,0.345687,1
15790,2.711354,1
15791,2.885964,1
15792,2.669522,1
15793,3.115575,1
15794,0.190629,1
15795,0.604285,1
15796,3.391999,1
15797,1.347982,1
15798,3.281488,0
15799,1.358868,1
15800,2.329544,1
15801,2.772024,1
15802,1.771238,0
15803,2.38375,1
15804,0.610849,1
15805,0.24094,1
15806,1.208461,0
15807,0.912453,0
15808,0.075538,0
15809,1.803227,1
15810,4.245511,1
15811,2.459602,0
15812,0.471172,1
15813,1.600076,1
15814,2.340727,0
15815,4.374634,1
15816,1.56823,1
15817,0.095605,1
15818,0.752531,0
15819,5.296188,0
15820,1.283632,1
15821,0.371492,1
15822,1.107751,0
15823,3.456388,1
15824,2.664504,1
15825,2.861078,0
15826,0.379552,1
15827,0.317819,1
15828,0.428177,1
15829,2.167571,0
15830,0.524868,1
15831,0.740157,1
15832,6.250337,1
15833,0.446338,1
15834,0.317792,1
15835,2.370758,0
15836,0.141139,1
15837,0.361171,1
15838,0.458518,1
15839,4.590649,1
15840,2.469314,1
15841,0.136003,1
15842,0.274572,1
15843,0.603245,1
15844,0.04532,0
15845,1.778424,0
15846,0.663596,1
15847,0.093033,0
15848,0.147727,0
15849,3.034109,1
15850,1.691782,1
15851,1.193107,1
15852,1.472847,0
15853,5.368237,1
15854,4.016277,1
15855,1.064881,0
15856,0.155302,0
15857,3.35567,1
15858,0.528509,1
15859,1.675267,1
15860,0.966785,0
15861,0.297336,1
15862,2.963197,1
15863,0.295273,1
15864,0.414494,0
15865,0.215018,1
15866,0.221682,1
15867,1.827026,0
15868,2.543101,0
15869,3.382647,1
15870,0.545121,1
15871,3.679355,1
15872,0.263444,1
15873,0.577537,1
15874,2.869874,1
15875,0.840969,0
15876,0.156532,1
15877,2.752825,1
15878,5.363625,0
15879,0.363788,1
15880,0.361419,0
15881,0.116245,1
15882,4.594934,1
15883,0.432139,1
15884,0.303761,1
15885,0.250369,1
15886,1.871822,1
15887,1.440046,1
15888,3.73939,1
15889,1.314496,0
15890,3.698249,1
15891,0.21048,1
15892,0.231198,1
15893,0.525814,1
15894,0.47078,0
15895,1.158196,0
15896,0.119347,1
15897,2.031618,1
15898,0.442442,0
15899,2.945464,1
15900,0.035434,0
15901,0.378797,1
15902,1.786181,1
15903,2.799582,0
15904,1.370266,0
15905,2.07674,0
15906,0.509931,1
15907,3.524429,0
15908,0.663195,0
15909,4.902569,1
15910,0.025514,0
15911,0.489946,1
15912,0.1753,1
15913,1.7456,0
15914,0.212217,1
15915,3.883277,0
15916,1.57373,0
15917,0.885842,1
15918,0.099308,0
15919,4.601685,0
15920,0.1275,0
15921,3.669935,1
15922,0.305552,1
15923,0.268015,1
15924,3.29824,1
15925,1.383741,1
15926,0.609924,1
15927,4.332407,1
15928,5.84205,1
15929,0.136323,1
15930,2.48932,0
15931,0.179678,1
15932,2.910125,0
15933,0.359485,1
15934,3.358454,0
15935,2.974259,1
15936,2.035503,0
15937,4.225275,1
15938,3.271138,0
15939,0.572262,1
15940,0.819648,1
15941,2.639719,0
15942,2.815892,1
15943,1.646599,1
15944,2.401305,1
15945,2.639999,0
15946,4.425629,1
15947,4.510326,0
15948,0.3644,1
15949,0.225335,1
15950,0.210236,1
15951,1.763666,0
15952,1.581567,0
15953,0.127309,0
15954,0.580741,1
15955,3.401115,1
15956,0.045207,0
15957,0.22375,1
15958,2.732081,0
15959,0.200367,0
15960,0.753762,0
15961,0.235353,1
15962,0.945078,0
15963,2.495018,0
15964,3.826436,0
15965,1.860395,0
15966,4.290773,1
15967,1.744365,1
15968,0.100591,0
15969,2.996886,1
15970,0.691109,1
15971,0.173993,0
15972,2.589142,1
15973,0.187262,1
15974,1.659786,1
15975,2.17966,0
15976,0.033926,0
15977,0.220319,1
15978,4.068666,0
15979,1.940808,1
15980,2.264462,0
15981,0.442251,1
15982,4.462234,0
15983,4.485629,1
15984,0.607815,1
15985,5.051785,1
15986,3.594208,1
15987,0.516096,0
15988,3.293132,1
15989,0.235548,1
15990,2.585164,1
15991,2.587446,1
15992,6.460076,1
15993,0.07529,0
15994,1.080789,0
15995,0.426228,1
15996,1.711591,0
15997,1.946923,0
15998,1.726429,1
15999,2.276242,1
16000,0.753362,1
16001,1.609328,1
16002,0.190958,1
16003,2.433021,1
16004,0.326587,1
16005,1.017486,1
16006,2.357164,1
16007,0.061232,0
16008,1.766249,0
16009,0.359737,1
16010,0.291431,1
16011,3.122045,1
16012,2.340667,1
16013,0.04596,1
16014,0.069221,0
16015,0.64014,1
16016,2.951869,0
16017,2.960367,1
16018,4.242221,1
16019,0.313891,1
16020,2.807759,0
16021,1.782752,1
16022,1.925809,1
16023,0.201278,0
16024,0.627743,1
16025,0.084184,1
16026,2.375859,1
16027,3.560343,1
16028,3.082507,1
16029,1.519174,1
16030,0.056031,1
16031,5.420887,1
16032,0.309207,1
16033,0.207214,1
16034,0.273833,1
16035,1.169093,0
16036,3.251407,1
16037,0.309895,1
16038,1.292243,0
16039,0.169577,0
16040,0.583509,0
16041,0.591799,1
16042,2.069097,0
16043,3.141709,0
16044,2.238361,1
16045,1.586563,1
16046,1.885007,1
16047,0.97175,1
16048,0.184914,1
16049,0.155612,1
16050,0.241823,1
16051,0.188184,1
16052,0.213693,1
16053,0.211302,1
16054,0.271256,1
16055,4.279798,0
16056,0.429269,1
16057,0.201016,1
16058,4.856887,1
16059,0.148563,1
16060,3.908203,1
16061,0.087682,0
16062,1.284462,0
16063,0.885517,1
16064,3.913691,0
16065,0.511843,1
16066,3.494785,1
16067,1.360917,0
16068,0.150315,0
16069,0.159121,1
16070,1.478153,0
16071,0.338145,0
16072,0.181157,1
16073,2.621866,1
16074,0.083671,1
16075,0.210119,1
16076,0.12603,1
16077,1.066181,0
16078,0.713612,1
16079,1.537569,1
16080,2.167207,1
16081,0.781232,0
16082,0.173828,1
16083,4.457295,1
16084,2.647842,1
16085,2.717709,1
16086,1.523848,1
16087,3.299479,1
16088,0.079743,0
16089,1.211436,0
16090,0.037635,0
16091,4.317267,1
16092,0.318326,1
16093,0.187364,1
16094,2.914791,0
16095,2.555341,0
16096,2.439111,1
16097,0.079167,0
16098,4.894096,1
16099,0.176809,1
16100,0.115737,1
16101,1.662061,0
16102,0.159956,1
16103,0.610069,1
16104,2.323443,0
16105,2.976365,1
16106,4.360129,1
16107,2.90052,0
16108,1.390757,0
16109,1.745086,0
16110,1.427344,0
16111,0.298238,1
16112,0.806963,1
16113,4.193013,0
16114,1.829491,0
16115,4.508061,1
16116,3.361932,0
16117,4.433063,0
16118,3.336788,1
16119,2.292769,0
16120,4.653408,1
16121,3.575526,1
16122,0.094023,1
16123,2.489231,0
16124,2.512501,1
16125,2.023292,1
16126,0.285662,1
16127,0.784462,0
16128,1.028862,0
16129,3.314751,1
16130,3.792636,0
16131,2.643885,1
16132,0.377477,1
16133,3.735932,0
16134,0.183513,1
16135,5.479873,0
16136,0.64626,0
16137,0.155725,1
16138,3.067754,0
16139,0.349851,1
16140,1.311784,1
16141,3.062275,1
16142,0.216858,1
16143,0.698001,1
16144,0.269616,1
16145,0.524528,1
16146,1.515938,0
16147,0.986855,1
16148,0.045604,0
16149,0.242647,1
16150,0.515385,1
16151,0.771466,1
16152,0.093611,1
16153,3.56864,1
16154,3.586016,0
16155,2.693392,0
16156,0.894374,1
16157,5.460995,1
16158,1.75201,1
16159,0.160975,0
16160,4.877264,1
16161,4.155859,1
16162,1.403838,1
16163,0.535865,0
16164,0.163325,1
16165,0.435343,1
16166,4.628953,0
16167,0.153349,1
16168,2.357526,0
16169,0.321851,1
16170,3.557987,1
16171,1.58173,1
16172,0.427952,1
16173,5.045784,1
16174,1.86152,0
16175,2.897639,1
16176,0.089473,0
16177,5.550501,1
16178,7.129612,0
16179,1.993781,0
16180,1.329193,1
16181,1.454177,1
16182,2.273264,0
16183,0.314587,1
16184,0.306273,1
16185,2.726093,1
16186,4.699471,1
16187,2.143772,1
16188,1.177544,1
16189,0.359137,1
16190,2.3314,1
16191,2.214724,1
16192,0.559844,1
16193,0.989859,0
16194,3.661237,1
16195,4.083181,1
16196,0.852448,1
16197,4.291869,1
16198,0.081553,1
16199,1.726121,1
16200,4.85491,0
16201,0.233697,1
16202,0.601851,1
16203,3.209237,1
16204,0.036229,0
16205,4.479994,1
16206,0.136694,1
16207,0.503369,1
16208,0.327448,1
16209,2.961084,1
16210,1.499081,1
16211,0.068544,0
16212,1.342725,0
16213,1.587221,1
16214,3.795815,1
16215,0.18829,1
16216,2.428262,1
16217,4.830504,1
16218,0.374293,1
16219,1.397122,1
16220,3.677321,1
16221,3.811587,1
16222,0.118061,1
16223,0.332627,1
16224,0.334751,1
16225,0.423678,1
16226,0.089844,1
16227,3.88523,1
16228,1.946182,1
16229,1.655217,1
16230,0.263425,1
16231,3.634807,0
16232,3.282026,1
16233,0.065613,1
16234,0.416858,1
16235,3.344439,1
16236,0.724818,1
16237,1.433377,1
16238,0.215079,1
16239,2.350896,1
16240,1.992554,1
16241,2.350646,0
16242,0.467606,1
16243,0.534222,1
16244,0.148316,1
16245,6.303441,1
16246,1.764823,1
16247,3.342473,1
16248,4.409426,0
16249,2.054808,1
16250,0.054432,1
16251,2.808178,1
16252,0.215829,0
16253,3.460834,1
16254,0.233304,0
16255,3.754159,1
16256,2.778013,1
16257,1.159598,0
16258,2.25427,1
16259,3.231123,0
16260,0.971574,0
16261,1.677436,0
16262,2.443165,1
16263,1.81597,1
16264,3.039672,0
16265,0.283335,1
16266,0.632238,1
16267,1.528189,1
16268,0.056416,0
16269,0.727925,0
16270,5.276338,1
16271,0.156159,1
16272,0.135702,0
16273,2.086589,0
16274,5.946558,0
16275,2.30432,0
16276,1.168213,0
16277,4.636968,1
16278,1.271619,1
16279,0.435417,1
16280,4.384105,0
16281,4.609691,1
16282,1.759379,0
16283,0.237248,1
16284,0.339967,1
16285,5.337894,1
16286,0.919523,0
16287,2.444968,1
16288,0.376071,1
16289,0.044356,0
16290,1.559721,0
16291,4.907163,0
16292,0.543067,1
16293,0.045087,0
16294,4.909302,1
16295,0.328412,0
16296,0.229714,1
16297,3.340139,0
16298,0.076758,0
16299,0.184871,1
16300,1.383936,0
16301,0.545973,1
16302,2.749015,1
16303,0.666879,1
16304,0.143828,1
16305,1.969702,0
16306,0.659182,0
16307,2.81504,1
16308,1.448307,1
16309,2.078919,0
16310,1.126425,0
16311,0.134667,1
16312,4.041043,1
16313,1.050834,1
16314,0.177859,1
16315,0.090901,1
16316,4.292503,1
16317,2.739162,1
16318,0.735644,0
16319,0.218877,1
16320,2.727724,0
16321,0.343737,1
16322,0.128728,0
16323,0.345957,1
16324,0.688796,1
16325,3.118331,1
16326,1.751983,0
16327,1.878015,0
16328,0.663603,0
16329,2.679749,1
16330,0.660111,1
16331,0.352556,1
16332,0.672821,1
16333,0.682998,1
16334,4.256606,1
16335,0.308517,1
16336,4.006529,0
16337,0.993057,0
16338,3.597392,1
16339,3.168561,1
16340,0.212529,1
16341,0.229184,1
16342,2.800114,0
16343,1.708023,0
16344,0.699508,0
16345,1.652554,1
16346,5.564793,0
16347,0.667235,0
16348,1.743037,1
16349,3.455735,1
16350,0.291232,1
16351,3.483958,1
16352,1.488478,0
16353,4.242875,1
16354,0.192699,1
16355,3.89325,1
16356,1.658383,0
16357,0.641393,0
16358,0.2466,1
16359,0.141391,1
16360,0.736911,1
16361,4.602015,1
16362,0.111285,1
16363,4.934319,0
16364,0.336018,1
16365,0.190314,1
16366,0.28538,1
16367,2.622559,1
16368,0.171624,1
16369,0.366087,0
16370,3.829245,0
16371,5.767489,0
16372,1.877187,0
16373,1.049244,0
16374,1.590194,1
16375,1.248957,1
16376,0.535335,0
16377,3.099349,0
16378,0.920239,0
16379,6.951683,1
16380,0.075028,0
16381,0.75543,1
16382,2.141094,1
16383,1.83495,0
16384,3.444036,0
16385,4.441451,1
16386,5.23152,0
16387,2.708667,0
16388,0.727338,1
16389,0.326017,1
16390,0.366505,1
16391,0.403712,0
16392,3.756141,1
16393,2.936986,0
16394,0.514154,1
16395,1.988064,1
16396,4.508059,0
16397,0.120955,0
16398,4.013067,1
16399,2.350778,1
16400,0.126299,1
16401,0.145042,0
16402,3.618335,1
16403,0.114021,1
16404,1.082381,1
16405,0.517506,1
16406,1.982807,0
16407,0.235848,0
16408,2.262605,1
16409,3.670174,1
16410,0.122026,1
16411,2.865961,1
16412,1.188324,0
16413,0.071862,0
16414,0.205482,1
16415,2.107182,0
16416,0.60947,1
16417,1.448052,0
16418,0.591429,1
16419,2.241659,1
16420,0.257693,1
16421,1.988174,1
16422,3.985725,1
16423,0.584967,1
16424,0.276006,1
16425,4.941823,0
16426,2.403574,0
16427,2.610298,1
16428,4.385305,0
16429,2.564844,1
16430,1.060252,1
16431,2.582774,1
16432,1.843848,1
16433,1.81907,1
16434,2.296148,1
16435,0.195841,1
16436,0.738526,0
16437,2.712024,1
16438,0.836389,0
16439,0.217785,1
16440,0.09509,0
16441,5.710756,1
16442,1.396153,0
16443,0.272158,0
16444,5.040944,1
16445,1.761291,0
16446,0.900926,1
16447,3.221418,0
16448,0.015842,1
16449,4.139334,0
16450,0.612266,0
16451,0.236043,1
16452,1.690154,0
16453,3.463285,0
16454,3.878488,1
16455,0.451717,1
16456,2.80032,1
16457,2.057802,0
16458,4.431055,1
16459,0.385306,0
16460,1.147527,0
16461,2.5923,1
16462,0.678505,1
16463,0.236946,1
16464,1.348909,0
16465,0.22483,1
16466,1.264435,1
16467,0.955697,0
16468,0.660932,1
16469,0.642315,0
16470,0.331115,1
16471,0.448714,1
16472,0.123769,1
16473,2.282969,1
16474,2.179439,0
16475,1.554668,0
16476,0.801663,1
16477,0.274775,1
16478,0.56148,0
16479,3.22972,0
16480,0.099321,0
16481,3.008923,1
16482,2.10033,0
16483,5.334168,1
16484,0.439974,1
16485,4.680186,0
16486,1.062027,0
16487,0.182955,0
16488,1.341104,1
16489,4.134794,1
16490,3.223087,1
16491,1.071012,0
16492,0.214524,1
16493,1.20623,1
16494,0.519055,0
16495,0.227574,1
16496,4.348178,1
16497,3.021785,0
16498,0.515116,1
16499,0.150875,1
16500,0.676306,1
16501,0.79218,1
16502,3.193827,1
16503,0.473241,1
16504,0.503417,1
16505,5.416808,0
16506,0.047851,0
16507,4.588827,0
16508,0.745321,1
16509,3.120611,1
16510,0.63958,0
16511,0.699351,1
16512,2.217287,1
16513,0.28157,1
16514,5.039061,0
16515,1.421788,1
16516,4.389091,0
16517,0.150134,1
16518,0.204124,1
16519,0.527318,1
16520,0.038808,0
16521,3.146172,1
16522,0.115457,1
16523,1.715014,1
16524,2.522085,0
16525,3.705256,1
16526,2.156144,1
16527,4.412454,1
16528,2.082481,1
16529,1.58726,1
16530,1.467069,0
16531,1.903977,1
16532,2.716602,0
16533,2.240057,1
16534,3.024729,1
16535,0.187091,0
16536,3.143576,1
16537,1.649254,0
16538,4.801819,1
16539,2.452919,1
16540,0.090735,0
16541,0.083341,1
16542,0.130946,1
16543,0.120528,1
16544,0.121112,1
16545,1.190474,0
16546,1.028671,0
16547,1.606243,0
16548,4.983527,0
16549,2.529613,1
16550,2.970654,1
16551,0.196485,1
16552,0.152575,1
16553,3.538696,1
16554,0.260317,1
16555,4.335544,0
16556,0.487398,1
16557,0.0948,1
16558,1.280092,0
16559,2.881497,1
16560,2.928576,1
16561,2.428095,1
16562,0.50245,0
16563,0.647428,1
16564,5.049338,0
16565,3.496016,0
16566,0.312296,1
16567,2.206727,0
16568,0.335112,1
16569,1.482459,1
16570,0.335575,1
16571,2.575034,0
16572,0.61985,1
16573,3.256243,0
16574,1.31349,0
16575,1.895207,0
16576,0.594248,0
16577,4.221385,1
16578,3.50766,0
16579,1.018887,1
16580,3.430202,1
16581,1.520087,0
16582,0.245794,1
16583,1.126421,1
16584,4.401762,1
16585,0.630872,1
16586,0.048351,0
16587,0.372162,1
16588,1.254919,1
16589,1.646567,0
16590,3.182739,1
16591,3.053794,1
16592,2.651467,1
16593,0.2285,1
16594,5.003754,1
16595,2.88658,1
16596,2.483622,1
16597,0.6031,0
16598,1.334371,0
16599,2.917783,0
16600,5.344911,1
16601,0.280359,1
16602,0.74726,0
16603,1.114733,0
16604,0.165249,1
16605,4.474392,1
16606,3.183793,1
16607,2.201273,0
16608,0.907014,0
16609,0.118948,1
16610,1.459642,1
16611,0.634364,1
16612,5.047677,1
16613,1.975069,1
16614,1.824499,0
16615,4.135859,1
16616,0.817599,0
16617,0.50047,1
16618,4.276196,1
16619,0.594345,1
16620,1.619047,0
16621,2.422717,1
16622,0.615802,1
16623,1.811868,1
16624,3.166794,1
16625,0.910648,1
16626,0.667393,1
16627,1.298229,1
16628,2.184612,1
16629,5.782308,1
16630,1.687981,1
16631,0.218421,1
16632,1.725493,0
16633,1.326909,1
16634,4.603103,1
16635,2.968313,1
16636,0.401897,1
16637,0.182197,1
16638,3.085904,1
16639,0.313611,0
16640,4.731232,0
16641,0.166163,1
16642,4.151014,0
16643,1.680461,0
16644,3.107805,1
16645,0.391529,1
16646,1.704915,0
16647,0.134899,1
16648,0.14622,1
16649,0.502906,1
16650,1.814658,1
16651,4.535981,0
16652,0.201804,0
16653,4.189539,0
16654,0.06247,1
16655,0.792754,1
16656,0.863772,0
16657,2.167027,1
16658,1.170952,1
16659,0.252598,1
16660,2.061009,0
16661,0.917857,1
16662,1.815159,1
16663,1.242543,0
16664,2.396248,0
16665,1.498928,0
16666,0.102352,1
16667,2.691042,0
16668,3.902522,1
16669,0.203378,1
16670,2.400598,1
16671,0.108971,0
16672,3.762915,1
16673,2.467618,1
16674,0.112996,1
16675,5.106313,1
16676,3.14995,1
16677,0.264244,1
16678,3.554766,0
16679,1.55984,1
16680,5.121347,1
16681,0.514865,1
16682,2.41989,1
16683,0.266201,1
16684,0.17383,1
16685,0.198545,0
16686,0.303942,1
16687,2.957029,1
16688,5.478355,0
16689,0.151053,1
16690,0.128686,1
16691,3.430706,0
16692,0.521487,1
16693,0.738631,0
16694,2.477501,1
16695,2.509358,1
16696,0.560307,0
16697,1.275176,1
16698,2.576374,1
16699,1.214426,0
16700,1.946347,1
16701,0.263062,1
16702,0.606455,1
16703,1.564971,1
16704,0.225975,1
16705,1.578997,1
16706,0.337267,1
16707,4.113972,1
16708,0.041161,0
16709,1.842099,0
16710,0.080241,0
16711,1.050045,0
16712,1.811254,0
16713,0.368691,1
16714,3.228677,0
16715,0.052754,0
16716,0.236155,1
16717,1.815293,0
16718,1.812552,1
16719,1.766207,1
16720,1.181566,0
16721,4.632974,0
16722,0.192827,1
16723,5.064207,1
16724,0.240424,1
16725,2.566718,1
16726,0.429513,0
16727,2.030702,1
16728,2.426623,0
16729,3.370737,1
16730,0.337904,0
16731,0.487119,1
16732,1.47774,0
16733,3.214458,1
16734,0.387673,1
16735,1.882878,0
16736,1.371331,0
16737,3.135536,0
16738,0.108157,1
16739,2.050128,1
16740,1.929621,0
16741,2.993606,1
16742,0.31435,0
16743,0.394453,0
16744,0.767223,1
16745,0.439334,1
16746,3.59657,0
16747,0.712921,1
16748,1.326302,0
16749,2.487794,1
16750,7.231851,0
16751,4.243916,1
16752,0.183818,0
16753,0.208085,1
16754,2.800658,0
16755,3.065967,1
16756,2.878717,1
16757,1.947435,1
16758,2.57082,1
16759,0.283398,0
16760,1.607471,0
16761,0.199188,1
16762,1.811093,0
16763,0.045259,1
16764,0.244261,1
16765,3.792435,0
16766,1.116974,0
16767,4.700082,0
16768,1.319256,0
16769,0.217383,1
16770,0.135459,0
16771,1.69243,1
16772,1.234054,1
16773,4.363555,0
16774,3.604038,1
16775,0.63789,1
16776,4.003129,0
16777,3.09497,0
16778,2.697308,1
16779,4.840513,0
16780,4.178357,0
16781,0.029821,0
16782,5.69995,0
16783,0.257654,1
16784,0.349151,1
16785,0.634898,1
16786,0.351611,1
16787,1.791206,0
16788,5.872804,0
16789,0.096375,0
16790,0.30036,1
16791,3.003739,1
16792,2.754945,0
16793,1.584868,0
16794,5.245643,1
16795,0.541409,1
16796,3.623255,0
16797,0.138636,1
16798,0.327306,1
16799,2.011362,1
16800,0.322884,1
16801,2.767757,1
16802,4.521179,0
16803,2.200708,1
16804,4.435372,1
16805,0.509178,0
16806,1.928253,1
16807,0.392132,1
16808,0.293566,1
16809,2.978756,1
16810,0.280733,1
16811,1.968703,1
16812,5.392763,1
16813,0.994928,1
16814,0.145117,1
16815,4.229771,0
16816,4.947837,1
16817,4.793375,0
16818,0.128756,0
16819,0.050149,1
16820,0.399343,1
16821,0.110066,1
16822,3.415151,1
16823,0.311378,1
16824,5.554245,1
16825,4.806277,1
16826,1.839807,1
16827,1.583074,0
16828,0.319859,1
16829,3.077957,1
16830,1.809338,1
16831,2.62155,0
16832,0.073574,0
16833,1.295329,0
16834,1.782399,0
16835,0.215425,1
16836,1.209697,0
16837,0.262794,1
16838,3.638136,1
16839,0.089275,1
16840,1.595049,0
16841,0.418286,1
16842,0.185899,0
16843,0.506364,0
16844,3.281209,1
16845,0.219211,1
16846,0.453195,0
16847,4.219265,0
16848,0.354795,1
16849,5.902601,1
16850,3.305227,1
16851,0.186689,0
16852,0.140059,1
16853,2.530354,1
16854,0.15324,1
16855,1.133424,1
16856,0.172576,1
16857,0.4963,1
16858,0.484835,1
16859,0.142143,1
16860,0.3553,1
16861,0.115564,0
16862,0.655989,1
16863,1.836356,0
16864,2.875214,1
16865,2.460991,0
16866,0.129651,1
16867,0.438054,1
16868,0.267235,1
16869,1.979382,1
16870,0.77197,1
16871,2.226823,1
16872,0.92421,0
16873,0.081232,1
16874,1.736498,1
16875,3.138388,1
16876,1.568336,1
16877,0.492152,1
16878,2.076719,0
16879,3.872092,1
16880,0.506596,1
16881,0.325848,0
16882,0.303843,1
16883,0.996325,1
16884,3.902905,0
16885,0.223594,1
16886,2.058685,1
16887,0.029597,0
16888,2.186992,0
16889,3.435037,1
16890,0.249027,1
16891,0.291182,1
16892,0.290297,0
16893,0.103471,0
16894,0.663876,1
16895,3.622259,0
16896,0.646945,0
16897,0.03263,1
16898,1.005616,0
16899,5.510354,0
16900,1.920911,0
16901,0.288058,1
16902,0.563815,1
16903,0.591981,0
16904,6.028064,1
16905,0.946398,1
16906,3.287526,1
16907,0.414726,1
16908,4.206093,0
16909,1.446093,0
16910,0.45224,1
16911,3.155973,1
16912,0.199548,0
16913,0.37845,1
16914,1.663336,1
16915,2.872797,0
16916,2.136939,0
16917,0.664992,0
16918,0.162087,1
16919,3.84616,1
16920,1.181194,1
16921,0.224426,1
16922,5.2359,0
16923,0.130052,1
16924,1.072148,0
16925,4.261727,1
16926,5.417872,1
16927,3.798331,1
16928,1.473014,1
16929,5.634356,1
16930,0.082167,0
16931,1.80029,0
16932,2.385218,1
16933,0.208235,1
16934,1.440532,0
16935,2.554339,1
16936,2.717032,1
16937,2.107157,0
16938,0.263923,1
16939,2.717188,0
16940,3.476064,0
16941,0.733573,1
16942,1.135061,0
16943,0.0576,1
16944,2.582806,0
16945,2.818089,1
16946,3.642667,1
16947,4.644497,1
16948,5.753657,1
16949,0.13835,1
16950,2.67814,0
16951,1.051565,0
16952,0.092527,0
16953,2.417344,1
16954,0.085855,1
16955,0.142357,0
16956,0.222972,1
16957,1.466505,1
16958,2.170624,1
16959,2.210235,1
16960,4.033248,0
16961,0.034605,0
16962,4.188983,1
16963,0.543127,0
16964,6.331489,0
16965,4.823695,1
16966,0.141124,1
16967,0.981878,0
16968,0.490896,1
16969,2.923488,0
16970,1.645675,0
16971,0.039564,0
16972,2.231322,1
16973,0.21681,1
16974,2.509093,1
16975,0.169206,1
16976,0.145111,0
16977,3.413362,1
16978,0.762254,1
16979,3.888163,0
16980,0.966989,1
16981,0.244653,1
16982,2.617176,1
16983,0.720233,0
16984,0.71406,0
16985,2.425567,1
16986,2.51571,1
16987,7.458792,0
16988,4.538055,0
16989,1.424442,1
16990,0.52482,1
16991,2.527708,1
16992,0.628322,1
16993,4.517632,0
16994,2.073602,1
16995,2.089206,1
16996,1.151755,0
16997,0.216823,1
16998,2.340208,0
16999,0.098232,1
17000,0.173242,1
17001,3.991127,1
17002,3.557787,1
17003,0.521681,1
17004,2.126555,0
17005,3.892333,0
17006,2.713733,1
17007,3.143673,1
17008,2.296397,1
17009,2.398558,1
17010,2.566587,1
17011,0.536206,1
17012,0.713941,1
17013,1.822789,1
17014,3.879462,0
17015,1.329143,0
17016,1.589849,1
17017,3.765705,1
17018,1.029944,1
17019,2.343757,1
17020,2.847085,0
17021,0.670356,1
17022,2.500596,1
17023,1.009187,0
17024,1.587976,1
17025,0.418196,1
17026,3.51682,0
17027,1.283271,0
17028,0.32732,1
17029,3.667269,1
17030,0.237108,1
17031,3.680259,1
17032,1.494138,1
17033,0.159579,1
17034,3.405289,0
17035,4.848163,1
17036,1.398504,1
17037,0.032334,1
17038,0.714299,0
17039,1.364194,1
17040,2.751782,1
17041,1.406404,1
17042,0.402868,0
17043,0.449329,1
17044,0.312626,1
17045,0.090608,0
17046,2.463732,0
17047,4.857962,1
17048,0.98056,0
17049,3.08918,0
17050,0.193687,1
17051,1.575405,1
17052,0.151688,1
17053,0.478521,1
17054,0.014165,0
17055,2.994458,1
17056,2.308477,1
17057,0.253695,1
17058,4.828247,0
17059,2.991944,1
17060,1.410831,1
17061,0.294505,1
17062,2.312656,1
17063,4.482447,0
17064,2.104019,1
17065,0.379962,0
17066,0.491651,0
17067,1.72116,1
17068,0.250325,1
17069,3.154953,0
17070,0.195698,1
17071,3.642071,0
17072,0.665334,1
17073,0.329768,1
17074,2.185898,0
17075,4.446966,0
17076,0.429516,1
17077,0.481,1
17078,0.224395,1
17079,2.691822,1
17080,0.766762,0
17081,0.256477,0
17082,3.727265,0
17083,4.303589,0
17084,0.564398,1
17085,0.49284,1
17086,2.4505,0
17087,0.198478,1
17088,2.365739,1
17089,0.798294,1
17090,5.538373,0
17091,0.638015,1
17092,4.970318,1
17093,3.418312,1
17094,0.297404,0
17095,4.810997,0
17096,3.094775,0
17097,0.503854,1
17098,3.095507,0
17099,2.499201,1
17100,2.738395,1
17101,0.107696,0
17102,5.185063,0
17103,0.251851,1
17104,1.644239,1
17105,5.442712,1
17106,0.780874,1
17107,1.491796,1
17108,0.841576,0
17109,1.050679,0
17110,2.561563,0
17111,0.2086,1
17112,0.407841,1
17113,0.564829,1
17114,2.069643,1
17115,2.749232,1
17116,1.455662,1
17117,0.909961,0
17118,1.495372,0
17119,4.69659,0
17120,0.892342,1
17121,4.05122,1
17122,3.009722,1
17123,3.269378,1
17124,0.718231,0
17125,0.29704,0
17126,0.724069,1
17127,0.342677,1
17128,0.028459,0
17129,2.213476,1
17130,1.655433,1
17131,0.150063,0
17132,0.431009,1
17133,1.833078,1
17134,1.627931,0
17135,1.087366,0
17136,1.248348,0
17137,3.305916,1
17138,4.377513,0
17139,2.288072,0
17140,0.070472,1
17141,0.059763,0
17142,0.052579,0
17143,0.170949,1
17144,0.43757,1
17145,0.370255,1
17146,4.26286,1
17147,2.772001,0
17148,0.128329,1
17149,0.814153,1
17150,1.276159,0
17151,1.759469,0
17152,5.738583,0
17153,2.976706,1
17154,0.314697,1
17155,0.354359,1
17156,1.093356,0
17157,0.174331,1
17158,0.853722,1
17159,0.240665,0
17160,2.888983,0
17161,0.142935,1
17162,0.040567,0
17163,4.578391,1
17164,1.857924,1
17165,1.634671,1
17166,3.238183,1
17167,0.022525,0
17168,0.825014,1
17169,2.719909,1
17170,1.603931,1
17171,2.365455,1
17172,2.645595,0
17173,3.893783,0
17174,5.21176,1
17175,0.057901,1
17176,0.624486,0
17177,0.72992,1
17178,0.381411,0
17179,0.313555,1
17180,0.097876,1
17181,3.383625,0
17182,0.040429,0
17183,0.222724,1
17184,0.786815,0
17185,3.975961,1
17186,4.694948,0
17187,1.352062,0
17188,0.135704,1
17189,1.236959,1
17190,3.028239,1
17191,0.269291,1
17192,0.090924,1
17193,3.837202,1
17194,0.093522,1
17195,0.317521,1
17196,1.447545,1
17197,2.56265,0
17198,2.178356,1
17199,4.913466,1
17200,0.402217,1
17201,1.645491,1
17202,2.444998,1
17203,1.324055,0
17204,1.110065,0
17205,3.985112,0
17206,1.480731,1
17207,2.069078,1
17208,5.846201,1
17209,3.785306,1
17210,1.29735,0
17211,3.174875,1
17212,1.245493,0
17213,2.777306,1
17214,0.818705,1
17215,1.89606,0
17216,0.426405,1
17217,0.535867,1
17218,3.183508,1
17219,0.406136,1
17220,6.256169,1
17221,2.422209,1
17222,0.052958,1
17223,3.474214,1
17224,2.038526,1
17225,0.080378,1
17226,2.994153,0
17227,0.594266,1
17228,0.296209,1
17229,0.12972,1
17230,0.342999,1
17231,0.036135,0
17232,1.61311,0
17233,0.065552,0
17234,0.06547,0
17235,3.357329,1
17236,0.848786,0
17237,0.394157,1
17238,0.386568,1
17239,3.354658,1
17240,3.55298,0
17241,1.620796,0
17242,0.813488,1
17243,0.392772,1
17244,0.166725,1
17245,4.073842,0
17246,0.599607,0
17247,3.92433,0
17248,4.379217,0
17249,1.49336,0
17250,2.437911,1
17251,1.492758,0
17252,0.222364,0
17253,1.400842,1
17254,0.383421,1
17255,0.120063,1
17256,0.280813,1
17257,0.260803,1
17258,2.652466,1
17259,0.7057,1
17260,0.443236,1
17261,2.291052,0
17262,0.405288,0
17263,2.274655,1
17264,4.798891,1
17265,2.671945,1
17266,0.223491,1
17267,2.872834,1
17268,0.605201,0
17269,0.487193,1
17270,3.985721,0
17271,1.582895,0
17272,1.923081,1
17273,1.211811,0
17274,4.796371,0
17275,0.421205,1
17276,0.076203,0
17277,0.141139,1
17278,4.347566,0
17279,0.410287,1
17280,1.460039,1
17281,6.537636,1
17282,0.033097,0
17283,0.513198,0
17284,0.534885,1
17285,0.520019,0
17286,2.361086,0
17287,0.292202,1
17288,0.182826,1
17289,2.092159,0
17290,0.365039,1
17291,0.473622,0
17292,1.343466,0
17293,0.312024,1
17294,3.976342,1
17295,0.300963,1
17296,0.096544,1
17297,2.093125,1
17298,0.603553,1
17299,0.33076,1
17300,4.122336,1
17301,1.79109,1
17302,2.341533,0
17303,2.620892,1
17304,0.654891,1
17305,3.390017,1
17306,2.706412,1
17307,0.316116,0
17308,1.436191,0
17309,3.270855,1
17310,0.298261,1
17311,2.088227,0
17312,3.772648,1
17313,3.602863,1
17314,3.384905,1
17315,0.923303,1
17316,0.178732,0
17317,2.407199,1
17318,0.040805,1
17319,3.939938,0
17320,0.684334,1
17321,2.16679,1
17322,0.694009,1
17323,3.052209,1
17324,0.281102,1
17325,4.828122,0
17326,1.622537,0
17327,0.435885,0
17328,0.441529,1
17329,0.273432,1
17330,1.34179,0
17331,0.340267,1
17332,0.485325,0
17333,1.558475,0
17334,0.516046,1
17335,3.154507,1
17336,0.052121,1
17337,1.177627,0
17338,0.464619,1
17339,4.27554,1
17340,3.808866,1
17341,1.71076,1
17342,0.053048,0
17343,3.395269,1
17344,0.191184,1
17345,1.111149,0
17346,0.10539,1
17347,2.293577,0
17348,0.959528,0
17349,3.64121,0
17350,3.971342,1
17351,0.082494,1
17352,1.135785,0
17353,0.031938,0
17354,1.127056,0
17355,3.416003,0
17356,0.295723,1
17357,3.956816,1
17358,0.790413,0
17359,4.15505,0
17360,0.105672,0
17361,1.322426,1
17362,0.350845,1
17363,0.724178,0
17364,0.188731,1
17365,0.598892,1
17366,1.11885,1
17367,0.77955,1
17368,0.202586,1
17369,4.929204,0
17370,0.176542,1
17371,0.151905,1
17372,0.441474,1
17373,0.126018,1
17374,5.649767,1
17375,3.703302,1
17376,0.361486,1
17377,0.369921,0
17378,1.444781,0
17379,2.06731,0
17380,2.277628,1
17381,0.833372,1
17382,3.697401,1
17383,1.183267,0
17384,4.064042,1
17385,0.756075,1
17386,0.470231,1
17387,1.718118,0
17388,0.129595,1
17389,3.85649,1
17390,0.116689,1
17391,2.590612,0
17392,1.944922,0
17393,1.587738,1
17394,3.326451,0
17395,2.934702,1
17396,0.921322,0
17397,0.246473,1
17398,1.475944,0
17399,0.620879,1
17400,0.068295,1
17401,1.858644,0
17402,2.130176,1
17403,1.594133,0
17404,0.030739,0
17405,1.677824,0
17406,0.364825,0
17407,1.534564,1
17408,0.156884,0
17409,2.901166,1
17410,0.15496,1
17411,0.201124,1
17412,0.202102,1
17413,0.686757,0
17414,0.112392,1
17415,0.468633,1
17416,0.149553,1
17417,0.176881,1
17418,1.435775,1
17419,0.843065,0
17420,4.390869,0
17421,2.812806,1
17422,0.427076,1
17423,4.181804,1
17424,0.177814,1
17425,0.902393,0
17426,2.096605,1
17427,0.198652,1
17428,2.562548,0
17429,2.191694,1
17430,5.631281,1
17431,1.175838,0
17432,2.509583,1
17433,2.281045,1
17434,2.19043,0
17435,1.066317,0
17436,2.394627,1
17437,1.550952,1
17438,0.35261,1
17439,0.04714,1
17440,0.123804,1
17441,0.208912,1
17442,1.082527,1
17443,0.794033,1
17444,0.049426,1
17445,0.550368,1
17446,2.277043,1
17447,3.378599,0
17448,5.296618,1
17449,2.913899,0
17450,0.138695,0
17451,4.703919,1
17452,4.040993,1
17453,2.202496,1
17454,0.380167,1
17455,1.126761,1
17456,1.463289,1
17457,0.815424,1
17458,1.672776,0
17459,0.093897,1
17460,4.475226,1
17461,0.296308,1
17462,0.34278,1
17463,0.104867,1
17464,1.877358,1
17465,1.859923,1
17466,0.320762,0
17467,0.420849,1
17468,3.87695,1
17469,1.562258,1
17470,0.100847,0
17471,3.570113,1
17472,1.100977,1
17473,0.387656,0
17474,2.405426,1
17475,0.369441,1
17476,0.114148,1
17477,0.429878,1
17478,5.51226,1
17479,0.134678,0
17480,0.200831,1
17481,0.506668,1
17482,1.973088,1
17483,2.130302,1
17484,1.525327,1
17485,2.521987,0
17486,0.813967,1
17487,4.225914,0
17488,2.070244,1
17489,0.4767,1
17490,2.59779,1
17491,1.797744,0
17492,0.288298,1
17493,1.557373,1
17494,1.679093,0
17495,0.134398,1
17496,4.4895,1
17497,1.515652,1
17498,3.965212,0
17499,1.38529,0
17500,0.141361,1
17501,0.706107,0
17502,1.814207,1
17503,2.364146,1
17504,0.207158,1
17505,0.088027,0
17506,2.625934,1
17507,0.138502,0
17508,0.276675,1
17509,2.423697,1
17510,5.042043,0
17511,0.610545,1
17512,3.750834,0
17513,0.178701,1
17514,0.190358,1
17515,1.859392,1
17516,0.77479,1
17517,3.631823,0
17518,0.188714,1
17519,1.598671,1
17520,0.489569,1
17521,0.608744,0
17522,2.711971,1
17523,3.669881,0
17524,1.595653,1
17525,1.645223,1
17526,0.369606,1
17527,0.341154,1
17528,0.467569,0
17529,2.477644,0
17530,2.432395,1
17531,1.065551,1
17532,2.768873,1
17533,3.486457,1
17534,2.02816,1
17535,0.065267,0
17536,0.916545,0
17537,4.517235,0
17538,0.579402,0
17539,2.614159,1
17540,4.855704,1
17541,2.872797,1
17542,1.921218,1
17543,0.172576,0
17544,4.663297,0
17545,2.867562,1
17546,1.683356,1
17547,2.766935,1
17548,1.243368,0
17549,0.144518,1
17550,0.910034,0
17551,3.427812,1
17552,4.636415,1
17553,1.277977,0
17554,1.367963,1
17555,0.595439,0
17556,0.354557,0
17557,0.092798,0
17558,0.355333,1
17559,1.462945,1
17560,0.039738,0
17561,1.910866,0
17562,0.159589,1
17563,4.073304,1
17564,0.183172,1
17565,4.190438,0
17566,3.124739,0
17567,1.475485,1
17568,2.49256,1
17569,3.218871,1
17570,0.259197,1
17571,1.179944,0
17572,0.307002,1
17573,3.684153,1
17574,0.400064,1
17575,2.615329,1
17576,0.459449,0
17577,2.12185,0
17578,5.057738,1
17579,1.642212,0
17580,1.31605,0
17581,1.202183,1
17582,0.769318,1
17583,3.18839,0
17584,0.107563,0
17585,0.589818,1
17586,2.024784,0
17587,0.806465,0
17588,3.273249,0
17589,4.604408,1
17590,2.245605,0
17591,0.283781,1
17592,3.917026,1
17593,1.545907,1
17594,4.076525,0
17595,0.274536,1
17596,2.29767,0
17597,0.864666,0
17598,0.441825,1
17599,5.175624,0
17600,0.233955,1
17601,0.553549,0
17602,0.299627,1
17603,0.318115,1
17604,0.315457,1
17605,0.099037,0
17606,2.45777,0
17607,0.561629,1
17608,1.732273,0
17609,5.071163,0
17610,3.067742,0
17611,1.494279,1
17612,1.455877,0
17613,0.089615,1
17614,0.32376,1
17615,0.317861,1
17616,5.436008,1
17617,2.000576,1
17618,0.116917,1
17619,0.730169,1
17620,3.56893,0
17621,1.98805,1
17622,1.609211,1
17623,0.63881,1
17624,0.535868,1
17625,1.208436,0
17626,0.769807,1
17627,5.844042,1
17628,2.578203,1
17629,0.066018,1
17630,3.116533,0
17631,2.268038,1
17632,0.778868,0
17633,0.446807,1
17634,2.552284,1
17635,0.039376,0
17636,0.271895,1
17637,2.058017,0
17638,2.21906,0
17639,2.864261,1
17640,1.274044,0
17641,0.396895,1
17642,0.598834,1
17643,1.058377,1
17644,2.853676,1
17645,0.239488,1
17646,0.151869,1
17647,3.040162,1
17648,1.082451,1
17649,3.364855,1
17650,0.201581,1
17651,1.766298,1
17652,0.584552,1
17653,2.042848,0
17654,0.414739,1
17655,1.660119,1
17656,1.077527,1
17657,2.830873,1
17658,0.262571,1
17659,0.192316,1
17660,2.700539,0
17661,2.253121,1
17662,0.331655,1
17663,0.166059,1
17664,3.563768,1
17665,0.424003,1
17666,0.282272,1
17667,4.674725,1
17668,3.401657,1
17669,3.277618,1
17670,0.516565,1
17671,0.46118,1
17672,0.294667,1
17673,1.481098,0
17674,0.610669,0
17675,0.882249,1
17676,1.428089,0
17677,1.796487,1
17678,2.291846,1
17679,1.908056,0
17680,0.060926,0
17681,2.322789,1
17682,0.425054,1
17683,5.29755,0
17684,0.111747,1
17685,0.257357,0
17686,0.435594,1
17687,3.966585,1
17688,4.657407,0
17689,2.408427,0
17690,3.739811,1
17691,0.328873,1
17692,0.399862,1
17693,0.529119,1
17694,2.316451,0
17695,0.246526,0
17696,3.290284,1
17697,2.735088,1
17698,0.413552,1
17699,4.131004,1
17700,1.571979,1
17701,2.313533,0
17702,0.187614,1
17703,0.517693,1
17704,0.103477,1
17705,0.052329,1
17706,1.5383,0
17707,4.917552,1
17708,0.319414,1
17709,2.081173,0
17710,1.620682,1
17711,1.42305,0
17712,1.943551,1
17713,1.796816,0
17714,0.142218,1
17715,0.607684,1
17716,1.435925,1
17717,0.115643,1
17718,0.465338,1
17719,3.093238,0
17720,1.523681,0
17721,2.75439,1
17722,1.627765,0
17723,1.169245,0
17724,1.451271,1
17725,0.072712,1
17726,0.224849,0
17727,4.546187,1
17728,2.938889,0
17729,0.215727,0
17730,0.590144,1
17731,2.579953,1
17732,0.291709,1
17733,1.007567,1
17734,2.733136,1
17735,0.278795,1
17736,3.91494,1
17737,1.438282,1
17738,2.279419,1
17739,0.124384,1
17740,4.633265,0
17741,1.655202,1
17742,1.232833,0
17743,2.584303,1
17744,2.332361,0
17745,5.041652,1
17746,2.1904,0
17747,0.161785,1
17748,5.07841,0
17749,4.369685,0
17750,0.373519,1
17751,3.124083,1
17752,0.309348,1
17753,1.106631,0
17754,1.292458,0
17755,0.414802,1
17756,4.205115,1
17757,0.274409,1
17758,0.348063,1
17759,4.572618,0
17760,0.20217,1
17761,0.4502,1
17762,1.216,0
17763,4.684772,1
17764,0.108637,1
17765,0.28558,0
17766,2.724593,1
17767,2.059037,1
17768,0.108371,1
17769,1.741631,1
17770,0.355684,1
17771,4.692934,0
17772,0.307496,1
17773,0.348767,1
17774,3.807898,0
17775,2.484043,0
17776,0.156219,1
17777,2.041153,1
17778,4.189136,0
17779,0.455444,1
17780,1.57409,0
17781,0.205824,1
17782,2.16372,1
17783,0.211324,1
17784,0.379244,1
17785,2.009799,0
17786,0.06923,1
17787,3.199832,0
17788,0.203276,1
17789,0.052298,0
17790,0.15404,1
17791,4.409223,1
17792,0.101499,1
17793,2.27971,0
17794,0.264578,1
17795,2.674171,1
17796,0.189784,1
17797,1.685844,1
17798,0.213165,1
17799,4.789824,1
17800,0.457002,1
17801,4.401777,0
17802,5.243167,0
17803,3.901642,1
17804,0.132472,1
17805,0.848658,1
17806,2.800182,1
17807,0.644623,1
17808,3.48242,0
17809,2.665173,1
17810,0.479103,1
17811,4.059458,1
17812,2.378973,0
17813,0.355795,1
17814,2.605737,0
17815,2.100746,1
17816,2.255109,0
17817,0.471981,1
17818,2.778738,0
17819,3.012094,1
17820,0.055254,1
17821,0.456948,1
17822,3.503255,1
17823,1.283888,0
17824,1.977688,1
17825,0.460197,1
17826,4.089189,1
17827,2.69993,1
17828,4.309373,1
17829,2.36483,1
17830,0.109799,0
17831,0.257837,1
17832,1.521224,1
17833,0.608442,1
17834,4.531366,1
17835,0.590179,1
17836,1.2717,0
17837,0.366254,1
17838,2.014657,0
17839,0.149984,1
17840,0.177198,1
17841,5.045298,1
17842,0.46202,0
17843,0.287235,1
17844,3.426519,0
17845,0.245052,1
17846,1.354669,1
17847,4.47619,0
17848,1.523396,0
17849,1.941589,1
17850,0.542614,1
17851,1.881356,1
17852,0.402298,1
17853,1.102643,1
17854,1.749606,0
17855,1.162458,0
17856,0.164267,1
17857,2.116456,0
17858,0.354266,1
17859,2.499858,1
17860,2.611263,1
17861,2.536712,1
17862,0.555353,1
17863,0.225744,1
17864,0.188512,1
17865,0.2995,1
17866,0.035345,0
17867,6.147308,1
17868,2.851663,1
17869,1.761513,1
17870,1.106975,1
17871,3.942841,1
17872,1.827767,0
17873,2.868024,0
17874,1.479488,0
17875,1.659271,0
17876,1.689586,0
17877,0.122827,1
17878,0.33049,1
17879,0.260124,1
17880,0.408653,1
17881,0.122862,1
17882,1.782173,1
17883,3.198543,1
17884,0.123719,1
17885,0.104694,1
17886,0.205207,1
17887,1.989422,1
17888,0.060332,0
17889,0.134321,1
17890,0.579348,1
17891,0.236001,1
17892,0.273337,1
17893,0.357726,1
17894,4.742011,1
17895,2.558261,1
17896,0.076845,0
17897,3.294577,1
17898,2.814993,1
17899,4.935688,0
17900,8.233002,1
17901,4.159873,0
17902,0.271031,1
17903,0.176249,1
17904,0.112718,1
17905,1.823287,0
17906,2.064111,1
17907,1.838529,1
17908,4.340854,0
17909,1.79906,1
17910,4.303067,0
17911,2.446935,1
17912,0.200418,1
17913,1.678844,1
17914,2.122563,1
17915,0.234145,0
17916,2.567252,0
17917,0.833398,0
17918,5.133481,0
17919,4.155991,0
17920,0.040533,0
17921,0.351185,0
17922,1.023746,0
17923,0.176573,1
17924,1.997704,1
17925,2.412121,0
17926,0.261388,0
17927,0.037977,0
17928,3.797866,1
17929,4.035323,1
17930,2.807805,1
17931,3.559565,1
17932,3.909041,0
17933,0.493832,1
17934,2.688128,1
17935,3.951563,0
17936,3.828239,1
17937,0.228717,1
17938,2.304046,1
17939,4.072297,0
17940,2.735947,0
17941,0.122049,1
17942,2.565807,1
17943,0.347385,1
17944,0.266377,0
17945,1.955332,1
17946,2.004476,1
17947,0.071054,1
17948,1.260916,1
17949,5.623617,1
17950,2.875942,1
17951,0.176215,1
17952,1.22564,0
17953,3.240664,1
17954,2.947524,1
17955,0.807736,1
17956,1.483423,1
17957,1.682195,0
17958,0.727827,1
17959,0.900756,0
17960,0.481849,1
17961,1.643751,1
17962,0.063541,0
17963,3.077133,1
17964,3.528246,1
17965,1.992498,0
17966,4.775562,1
17967,3.545504,1
17968,2.934403,1
17969,3.750502,0
17970,0.119237,0
17971,1.506509,0
17972,0.109868,0
17973,0.074688,0
17974,4.336025,1
17975,0.143582,1
17976,3.997552,0
17977,3.04834,0
17978,4.666544,1
17979,0.313616,1
17980,0.195575,1
17981,0.364494,1
17982,0.57723,1
17983,1.823131,0
17984,4.178789,0
17985,5.944298,0
17986,1.571437,1
17987,0.086262,0
17988,3.161707,0
17989,0.475806,1
17990,1.209393,1
17991,4.171904,0
17992,5.80716,1
17993,0.524554,1
17994,0.068647,0
17995,2.035578,0
17996,4.564921,1
17997,0.085348,1
17998,0.995503,0
17999,3.024353,1
18000,3.922542,1
18001,0.18151,1
18002,4.728829,0
18003,2.176406,1
18004,1.73999,1
18005,1.068069,0
18006,1.048146,1
18007,0.374312,1
18008,1.609355,0
18009,3.164392,1
18010,1.193193,1
18011,1.97544,0
18012,1.154591,0
18013,2.637053,1
18014,0.480203,1
18015,1.91685,0
18016,0.270505,1
18017,1.074876,1
18018,2.027287,0
18019,1.375829,0
18020,0.216503,1
18021,0.438253,1
18022,0.263334,1
18023,3.355579,0
18024,0.109371,0
18025,0.807332,1
18026,0.114985,1
18027,0.490141,1
18028,0.405801,1
18029,0.420862,1
18030,0.548831,1
18031,0.421997,1
18032,0.315601,1
18033,0.14601,1
18034,0.954645,0
18035,2.746376,1
18036,0.509331,0
18037,2.753353,1
18038,1.697379,1
18039,2.476081,0
18040,4.188403,1
18041,4.385549,1
18042,4.088415,0
18043,2.588449,1
18044,0.110809,1
18045,0.223162,1
18046,4.507068,1
18047,5.512854,0
18048,0.335515,1
18049,1.47319,1
18050,2.112103,0
18051,4.987792,1
18052,7.01474,1
18053,3.565777,1
18054,1.661959,1
18055,0.063941,0
18056,2.103041,0
18057,0.255315,1
18058,0.307414,1
18059,0.316605,1
18060,0.649919,0
18061,0.293211,1
18062,0.082251,1
18063,2.771994,0
18064,1.595381,1
18065,0.13775,1
18066,3.664866,1
18067,1.600565,1
18068,0.941478,1
18069,0.328304,1
18070,4.697545,1
18071,2.574434,0
18072,4.242719,1
18073,1.761323,1
18074,0.956198,0
18075,0.804014,1
18076,0.183399,1
18077,0.069195,0
18078,2.350132,1
18079,2.978011,1
18080,0.450761,0
18081,0.061865,0
18082,0.950187,0
18083,2.365962,0
18084,4.314975,0
18085,1.715017,0
18086,0.284755,1
18087,2.380258,0
18088,2.302185,1
18089,2.50058,1
18090,0.225464,1
18091,2.085673,0
18092,0.302831,1
18093,0.355583,1
18094,0.720267,0
18095,0.22629,1
18096,0.359064,1
18097,0.05333,0
18098,2.444204,0
18099,6.009897,1
18100,4.548979,0
18101,1.726827,1
18102,3.245064,0
18103,0.162643,0
18104,1.310549,1
18105,0.261977,1
18106,0.040242,0
18107,0.353375,0
18108,0.947889,1
18109,5.316938,1
18110,2.675437,0
18111,0.511963,1
18112,1.232698,0
18113,1.741704,0
18114,0.453159,1
18115,0.47392,0
18116,3.320643,1
18117,1.059296,0
18118,1.146487,0
18119,1.721235,0
18120,0.463671,0
18121,4.476399,0
18122,1.732242,0
18123,1.208942,1
18124,0.180732,0
18125,4.254886,0
18126,0.350148,1
18127,5.451087,1
18128,3.688147,1
18129,3.467245,0
18130,2.043425,1
18131,2.013766,0
18132,0.121244,1
18133,2.344254,1
18134,0.32372,1
18135,0.158544,1
18136,2.151107,0
18137,2.049327,1
18138,1.998488,1
18139,0.587653,0
18140,2.109442,1
18141,2.909854,0
18142,4.957821,0
18143,0.22228,1
18144,1.057273,0
18145,0.106791,1
18146,1.068979,1
18147,0.953578,0
18148,5.726248,1
18149,5.059986,1
18150,2.848615,0
18151,0.108669,1
18152,3.095528,1
18153,1.2899,0
18154,1.325853,0
18155,1.395817,1
18156,2.307608,1
18157,3.459872,0
18158,0.243489,0
18159,5.84942,1
18160,0.266462,1
18161,3.46593,0
18162,0.927014,1
18163,2.823579,0
18164,0.207648,0
18165,0.100952,0
18166,2.524241,1
18167,0.257274,1
18168,0.400764,0
18169,2.622774,0
18170,0.523099,1
18171,0.266838,1
18172,2.418472,1
18173,4.306439,0
18174,1.765692,1
18175,0.170231,0
18176,0.552431,1
18177,1.474942,1
18178,4.620814,1
18179,2.705582,1
18180,0.087026,0
18181,3.590207,1
18182,0.709938,1
18183,1.804884,1
18184,0.063294,1
18185,5.494554,1
18186,0.783146,0
18187,0.410322,1
18188,1.118809,0
18189,2.876118,0
18190,1.13884,0
18191,5.422566,0
18192,3.202301,1
18193,4.577963,1
18194,1.272553,0
18195,4.184167,1
18196,0.095336,0
18197,1.941255,0
18198,1.449058,1
18199,2.4556,0
18200,1.010427,0
18201,0.13312,0
18202,0.082578,0
18203,0.182242,1
18204,1.117623,0
18205,2.096322,1
18206,2.315332,1
18207,0.147513,1
18208,0.260823,1
18209,0.169043,1
18210,1.498043,0
18211,0.199289,1
18212,2.953142,1
18213,1.887864,1
18214,5.137547,0
18215,0.32747,1
18216,0.036296,0
18217,2.505307,1
18218,2.566723,1
18219,2.573273,1
18220,2.829169,1
18221,2.02301,0
18222,0.369261,1
18223,5.514889,1
18224,3.506464,1
18225,3.34517,1
18226,4.226971,0
18227,2.768099,0
18228,1.946524,0
18229,0.268962,1
18230,3.274496,0
18231,1.657092,1
18232,3.994684,0
18233,5.109404,1
18234,3.903269,1
18235,0.315232,1
18236,0.32348,1
18237,0.07184,1
18238,0.229957,1
18239,0.936633,1
18240,2.988105,1
18241,0.167068,1
18242,2.398526,0
18243,0.207205,1
18244,3.306622,0
18245,0.232451,1
18246,0.641678,1
18247,2.40635,1
18248,1.062773,0
18249,0.452688,0
18250,0.096007,0
18251,0.057177,0
18252,0.150056,1
18253,0.12068,0
18254,1.342365,1
18255,0.484782,1
18256,1.065968,0
18257,2.01777,1
18258,0.260806,1
18259,2.651671,1
18260,2.69525,0
18261,0.157232,1
18262,0.312083,1
18263,0.096332,0
18264,2.006425,1
18265,0.074976,0
18266,2.154412,0
18267,0.629081,1
18268,1.33911,0
18269,0.069872,0
18270,2.612056,1
18271,0.060566,0
18272,4.418412,0
18273,0.267239,1
18274,1.235963,1
18275,0.058942,0
18276,1.030292,1
18277,0.226,1
18278,2.645476,1
18279,0.608667,1
18280,0.723881,0
18281,2.057028,1
18282,0.31384,1
18283,0.090513,0
18284,0.300032,1
18285,0.310065,0
18286,2.727819,1
18287,3.823073,1
18288,4.647027,1
18289,4.481607,1
18290,4.003597,1
18291,0.395731,1
18292,3.474362,1
18293,3.145604,1
18294,2.803748,1
18295,0.327338,1
18296,3.836359,0
18297,1.423188,0
18298,0.365362,1
18299,0.774777,1
18300,3.710044,0
18301,0.224013,1
18302,5.082954,0
18303,1.775666,1
18304,0.144747,1
18305,3.550479,1
18306,0.303381,1
18307,2.660124,1
18308,0.098238,1
18309,0.46644,1
18310,0.217078,1
18311,0.175864,1
18312,0.710231,1
18313,3.723982,0
18314,0.064922,0
18315,0.729427,1
18316,0.69043,1
18317,1.159189,0
18318,2.463793,1
18319,4.958248,1
18320,5.397221,1
18321,2.711654,0
18322,0.409927,1
18323,0.450467,1
18324,3.597795,0
18325,0.456854,1
18326,1.733663,1
18327,0.925448,1
18328,2.058328,1
18329,0.095056,1
18330,2.334346,1
18331,0.966385,0
18332,0.334427,0
18333,4.325238,0
18334,0.256521,1
18335,1.629022,1
18336,1.170242,0
18337,5.436201,1
18338,3.474016,0
18339,3.220532,0
18340,2.462803,1
18341,2.581923,0
18342,1.932585,1
18343,1.420326,0
18344,0.426893,1
18345,0.328557,1
18346,3.509767,0
18347,0.446894,1
18348,0.261846,1
18349,2.859145,0
18350,1.429627,0
18351,1.63205,1
18352,0.24123,1
18353,1.961434,1
18354,5.373904,1
18355,2.110476,1
18356,0.070114,1
18357,0.223021,1
18358,1.522449,1
18359,0.75989,1
18360,0.165874,1
18361,0.093168,1
18362,1.411916,0
18363,4.506415,0
18364,4.227889,1
18365,0.403784,1
18366,1.698252,0
18367,1.11895,1
18368,0.10233,0
18369,2.248535,0
18370,4.416676,1
18371,0.5523,1
18372,0.543867,1
18373,1.272002,1
18374,3.225811,1
18375,0.354105,0
18376,2.682542,1
18377,5.237067,1
18378,4.003623,1
18379,6.076308,1
18380,2.200044,1
18381,0.280486,0
18382,0.790159,0
18383,0.055216,1
18384,2.60586,0
18385,3.076859,0
18386,2.475889,0
18387,2.961653,1
18388,3.011207,1
18389,0.062162,1
18390,2.088234,1
18391,1.184741,0
18392,0.254294,0
18393,2.934964,1
18394,3.021565,1
18395,1.274356,1
18396,0.472254,1
18397,4.155933,1
18398,3.493333,0
18399,1.458188,0
18400,1.288789,1
18401,0.501833,1
18402,0.399971,1
18403,2.515398,1
18404,0.40921,1
18405,0.979811,1
18406,0.231973,0
18407,1.237171,0
18408,3.028646,1
18409,1.358327,1
18410,2.756413,1
18411,0.093507,1
18412,3.245999,0
18413,0.713227,1
18414,3.067285,0
18415,1.347736,1
18416,0.611934,0
18417,0.264939,0
18418,0.635661,1
18419,2.601884,1
18420,1.793916,1
18421,3.239616,1
18422,1.741284,1
18423,0.101092,1
18424,4.108833,0
18425,3.675428,1
18426,2.486318,0
18427,4.24074,1
18428,2.831268,0
18429,1.516594,0
18430,1.651435,0
18431,2.861839,1
18432,0.389181,1
18433,3.128804,0
18434,5.83032,0
18435,0.754246,1
18436,0.148188,1
18437,0.536486,1
18438,3.970958,0
18439,2.981719,1
18440,3.346833,0
18441,3.092797,0
18442,1.580987,0
18443,0.188009,0
18444,1.593262,0
18445,0.088842,0
18446,1.858215,1
18447,4.41471,1
18448,5.025126,1
18449,2.343153,1
18450,0.099787,0
18451,2.358877,1
18452,0.277788,1
18453,1.116541,0
18454,0.446295,0
18455,4.293599,0
18456,0.908839,1
18457,3.625165,1
18458,0.462275,1
18459,3.610457,1
18460,1.671649,1
18461,0.072623,0
18462,2.512042,1
18463,0.541764,0
18464,1.783123,1
18465,3.246258,1
18466,0.313237,1
18467,0.43678,1
18468,2.705135,0
18469,2.862812,0
18470,0.088936,0
18471,1.61094,1
18472,0.542882,1
18473,1.749734,1
18474,2.287367,0
18475,4.673587,0
18476,3.964763,1
18477,3.326721,1
18478,1.247208,1
18479,0.179461,1
18480,1.985825,0
18481,0.434078,1
18482,0.882986,1
18483,3.953448,0
18484,0.482043,1
18485,4.763901,1
18486,0.992137,1
18487,0.233184,0
18488,5.107405,0
18489,1.209815,0
18490,0.186084,1
18491,3.369595,0
18492,6.776194,1
18493,0.450952,1
18494,3.38213,1
18495,0.075776,0
18496,0.170729,1
18497,0.289738,1
18498,2.837289,1
18499,3.329976,1
18500,0.692329,1
18501,1.211521,1
18502,0.196879,0
18503,3.836302,0
18504,0.258531,0
18505,0.121568,1
18506,3.510093,1
18507,0.340797,0
18508,1.820489,1
18509,3.717643,1
18510,2.246745,1
18511,0.314051,1
18512,0.231839,1
18513,1.609225,1
18514,4.697162,1
18515,2.397468,0
18516,3.463593,1
18517,2.52624,1
18518,4.229685,0
18519,0.389007,1
18520,3.259974,1
18521,0.673201,1
18522,1.338728,0
18523,2.412874,1
18524,1.27429,0
18525,1.17586,1
18526,0.115181,1
18527,3.084891,1
18528,0.349474,1
18529,4.026763,1
18530,2.269946,1
18531,2.309629,0
18532,3.641374,1
18533,1.812871,0
18534,5.60831,1
18535,0.35301,1
18536,1.869017,1
18537,0.738775,1
18538,0.861488,1
18539,4.49055,0
18540,4.488162,1
18541,4.986485,1
18542,1.087479,1
18543,0.613643,1
18544,2.949071,1
18545,0.22971,1
18546,2.111794,1
18547,0.117067,1
18548,3.4456,1
18549,1.339808,1
18550,2.477244,1
18551,0.977476,1
18552,3.670291,0
18553,1.03738,0
18554,0.115851,1
18555,2.906671,1
18556,0.132285,1
18557,4.911338,1
18558,2.123345,0
18559,0.197066,0
18560,0.136442,1
18561,2.683397,1
18562,0.23445,0
18563,0.469695,1
18564,0.293275,1
18565,1.380213,0
18566,0.2717,1
18567,2.888612,1
18568,0.051092,0
18569,2.541918,0
18570,2.042583,1
18571,0.477595,0
18572,2.317572,1
18573,2.28475,1
18574,0.214967,1
18575,1.627341,1
18576,4.177988,1
18577,2.217295,1
18578,0.49842,1
18579,1.33255,0
18580,5.774866,1
18581,1.262304,0
18582,0.057445,1
18583,0.099914,1
18584,3.88527,1
18585,4.206317,1
18586,2.88888,0
18587,4.005629,0
18588,4.606758,0
18589,0.369981,1
18590,3.975721,0
18591,0.489219,1
18592,2.087365,1
18593,3.167417,0
18594,3.002193,1
18595,0.303055,1
18596,0.461085,1
18597,4.215073,1
18598,1.783456,1
18599,0.230794,1
18600,0.145102,0
18601,1.129946,1
18602,3.17144,0
18603,4.338468,1
18604,0.070371,0
18605,4.546625,0
18606,0.837652,0
18607,0.174081,1
18608,3.137602,1
18609,0.441195,1
18610,0.256461,1
18611,0.558547,0
18612,0.09296,1
18613,3.237041,0
18614,4.903989,1
18615,4.844912,1
18616,1.54406,1
18617,2.313029,0
18618,1.961093,0
18619,5.628829,1
18620,1.254303,0
18621,0.093571,1
18622,0.278386,1
18623,3.078059,1
18624,0.533578,1
18625,0.325151,1
18626,2.821324,1
18627,0.820055,1
18628,0.03132,0
18629,0.833975,1
18630,0.244481,1
18631,0.313682,1
18632,1.140043,0
18633,1.050519,0
18634,5.246393,1
18635,3.936208,0
18636,1.002061,0
18637,3.037188,1
18638,2.634447,1
18639,0.094308,1
18640,0.354029,1
18641,2.072212,0
18642,0.998233,1
18643,0.074507,0
18644,2.14921,1
18645,1.645069,1
18646,0.378775,1
18647,1.904534,0
18648,0.347276,1
18649,0.143827,0
18650,1.748793,1
18651,2.954928,0
18652,0.16854,1
18653,0.248403,1
18654,0.187882,1
18655,4.462786,1
18656,0.144142,1
18657,2.247695,0
18658,0.372354,1
18659,3.530211,0
18660,0.181408,1
18661,0.663407,1
18662,2.052073,1
18663,1.223833,1
18664,0.185055,1
18665,0.624726,1
18666,1.034613,1
18667,1.557314,1
18668,2.200177,1
18669,1.140618,1
18670,0.396903,1
18671,0.248336,1
18672,0.160882,0
18673,3.94759,1
18674,1.76756,0
18675,0.098261,0
18676,4.532446,0
18677,3.959357,0
18678,0.46909,1
18679,3.579933,1
18680,0.421921,1
18681,0.468333,1
18682,1.08463,0
18683,4.535895,1
18684,0.314033,1
18685,0.670596,1
18686,0.032226,1
18687,0.230629,1
18688,2.549275,1
18689,0.453472,1
18690,3.850001,0
18691,0.372588,0
18692,2.407178,1
18693,0.046754,0
18694,4.274219,1
18695,2.249856,1
18696,3.163505,0
18697,0.312428,1
18698,5.124242,1
18699,0.653886,0
18700,1.09877,0
18701,0.079939,1
18702,4.806393,0
18703,0.130093,0
18704,1.389332,1
18705,1.721435,1
18706,4.662618,1
18707,2.722921,1
18708,4.396508,1
18709,0.20869,1
18710,2.959757,0
18711,0.028302,0
18712,0.048277,0
18713,0.106485,1
18714,2.046931,1
18715,1.744285,0
18716,0.186243,0
18717,2.21545,0
18718,0.241301,1
18719,1.691187,0
18720,1.077512,0
18721,0.187724,1
18722,1.453721,1
18723,1.687682,1
18724,3.242248,0
18725,1.758517,0
18726,0.189171,0
18727,3.45949,0
18728,0.68026,1
18729,0.31898,1
18730,0.192887,1
18731,1.293384,0
18732,0.086756,0
18733,5.93049,1
18734,0.851498,1
18735,4.206834,1
18736,0.07833,1
18737,0.314847,1
18738,0.965916,1
18739,0.450188,1
18740,1.200969,0
18741,0.485052,1
18742,0.43262,1
18743,0.848392,1
18744,2.946671,1
18745,0.77081,1
18746,2.474692,1
18747,4.132465,0
18748,2.640837,0
18749,1.760242,0
18750,0.256628,1
18751,0.159341,1
18752,0.254686,1
18753,3.198445,1
18754,0.31852,1
18755,1.380789,1
18756,3.980926,0
18757,1.225151,0
18758,0.881178,0
18759,2.814543,0
18760,0.395226,1
18761,4.064093,0
18762,3.291103,0
18763,0.879017,0
18764,2.205091,0
18765,1.04673,0
18766,4.831131,0
18767,0.178567,1
18768,1.14338,1
18769,1.864917,1
18770,1.499652,0
18771,4.118539,1
18772,0.236593,1
18773,0.499663,1
18774,0.230664,1
18775,4.075112,0
18776,5.4362,0
18777,3.881237,1
18778,0.811798,1
18779,2.475199,1
18780,3.905121,1
18781,2.698092,1
18782,0.05371,0
18783,0.276955,0
18784,2.176782,0
18785,0.137246,1
18786,0.205396,1
18787,0.134758,1
18788,0.888398,1
18789,1.340963,1
18790,1.053939,1
18791,1.010654,1
18792,1.845343,0
18793,0.141716,1
18794,0.203205,1
18795,2.546217,0
18796,0.792387,1
18797,0.265537,1
18798,0.141364,0
18799,5.157777,0
18800,0.381891,1
18801,1.048405,0
18802,1.269474,0
18803,2.688591,0
18804,3.092948,1
18805,0.701539,0
18806,4.18402,0
18807,2.22273,1
18808,0.112144,1
18809,0.585692,0
18810,2.799773,0
18811,0.177497,1
18812,2.05486,1
18813,0.670636,1
18814,1.844055,0
18815,4.478147,0
18816,1.658063,0
18817,1.096884,1
18818,3.244677,1
18819,1.432862,1
18820,3.078325,1
18821,2.18847,1
18822,0.146946,1
18823,5.145554,0
18824,1.161093,1
18825,1.257496,0
18826,1.784382,0
18827,2.462864,0
18828,2.766566,0
18829,0.663526,0
18830,2.552556,1
18831,0.461427,1
18832,4.944442,1
18833,0.36901,1
18834,4.708956,1
18835,1.966828,1
18836,3.163462,1
18837,3.253777,1
18838,0.410779,1
18839,1.438512,1
18840,0.442845,0
18841,0.143584,0
18842,2.138961,1
18843,2.038824,1
18844,1.563471,0
18845,1.91822,0
18846,0.300264,1
18847,1.004108,0
18848,4.217198,1
18849,3.785018,0
18850,1.260084,0
18851,2.963479,0
18852,1.375636,1
18853,0.192872,1
18854,1.825152,0
18855,1.319855,0
18856,3.366,1
18857,2.250849,0
18858,2.635551,0
18859,1.738678,0
18860,4.528951,0
18861,0.544408,1
18862,0.742932,1
18863,0.069017,1
18864,3.717357,0
18865,2.781902,0
18866,0.12293,1
18867,2.784333,1
18868,0.1022,0
18869,2.848443,1
18870,3.205952,1
18871,2.129363,1
18872,1.093621,0
18873,2.498239,0
18874,0.3396,1
18875,2.156259,1
18876,3.260295,1
18877,0.142524,1
18878,3.73849,1
18879,3.152432,0
18880,0.098439,1
18881,1.230323,0
18882,1.498707,1
18883,2.619211,1
18884,0.5977,1
18885,0.343645,0
18886,0.464477,1
18887,0.462212,1
18888,1.050052,0
18889,0.936135,0
18890,0.260899,1
18891,1.329256,0
18892,0.837385,1
18893,0.040556,0
18894,1.353725,1
18895,0.70524,1
18896,0.503047,1
18897,0.517125,1
18898,1.954573,1
18899,2.820489,1
18900,0.197214,1
18901,4.59759,0
18902,0.614011,1
18903,2.394859,1
18904,1.051592,0
18905,2.375175,0
18906,2.553133,1
18907,0.109809,0
18908,0.70947,1
18909,0.141053,1
18910,0.690469,1
18911,3.517405,1
18912,2.393388,1
18913,0.352442,1
18914,0.304164,0
18915,0.158348,1
18916,0.45468,1
18917,3.402536,1
18918,0.066422,0
18919,0.892811,0
18920,0.050016,1
18921,0.478532,1
18922,0.147347,0
18923,0.222473,1
18924,3.127777,1
18925,3.448259,0
18926,2.558379,1
18927,0.824887,1
18928,1.543525,0
18929,0.402058,0
18930,0.644915,1
18931,1.728716,0
18932,2.506396,0
18933,0.057722,0
18934,3.695337,1
18935,3.942333,0
18936,4.052276,0
18937,5.672888,1
18938,4.664022,0
18939,0.319068,1
18940,4.29911,0
18941,0.396634,1
18942,1.319109,0
18943,1.637308,1
18944,0.808457,1
18945,1.470091,0
18946,0.061544,0
18947,4.355614,1
18948,2.762009,0
18949,2.623903,1
18950,3.769085,1
18951,0.382371,0
18952,0.248045,1
18953,0.034254,1
18954,0.543844,1
18955,0.107874,1
18956,3.151183,1
18957,1.197743,1
18958,2.108202,1
18959,0.974447,0
18960,3.552032,1
18961,1.867603,1
18962,0.078758,1
18963,2.825801,1
18964,5.134843,0
18965,4.503293,1
18966,0.729945,1
18967,0.853791,0
18968,1.942895,1
18969,2.351012,0
18970,1.364288,1
18971,2.632188,1
18972,3.08383,1
18973,0.508214,1
18974,1.647943,1
18975,0.196515,0
18976,0.949669,0
18977,0.334533,1
18978,1.35597,0
18979,0.470363,1
18980,0.257027,1
18981,1.589328,0
18982,4.897336,0
18983,7.461679,1
18984,3.59821,1
18985,3.082346,1
18986,3.51488,1
18987,1.432458,1
18988,1.670329,0
18989,0.892094,1
18990,0.736395,0
18991,0.655036,1
18992,1.020023,0
18993,0.058429,1
18994,2.254365,1
18995,1.188727,1
18996,3.223811,1
18997,1.230689,0
18998,3.785039,1
18999,3.872184,0
19000,3.027839,1
19001,0.181178,0
19002,0.406381,1
19003,2.336221,1
19004,4.616796,1
19005,1.365165,1
19006,3.684387,1
19007,0.153816,1
19008,0.228891,1
19009,1.675715,1
19010,0.098135,1
19011,0.838694,1
19012,5.141437,0
19013,0.125838,1
19014,3.431025,1
19015,0.128747,0
19016,3.295001,0
19017,0.17239,0
19018,2.514269,1
19019,3.025985,1
19020,2.337454,0
19021,2.208472,1
19022,0.264162,1
19023,0.043245,1
19024,0.132659,1
19025,0.046321,0
19026,4.252329,0
19027,2.007528,1
19028,0.265389,1
19029,2.086433,1
19030,4.17815,0
19031,2.234509,0
19032,0.82226,0
19033,0.434775,1
19034,0.546084,1
19035,3.630741,1
19036,3.005556,1
19037,0.7685,1
19038,0.20115,0
19039,1.301272,1
19040,0.646374,1
19041,0.551936,1
19042,1.502566,1
19043,5.661383,1
19044,1.362639,0
19045,0.090634,1
19046,0.383332,1
19047,0.32454,1
19048,1.625069,0
19049,2.18767,0
19050,1.352096,0
19051,0.379888,1
19052,0.164442,0
19053,4.192069,0
19054,2.85288,0
19055,0.147227,0
19056,1.134472,1
19057,0.475522,1
19058,0.382107,1
19059,0.944593,0
19060,2.419346,1
19061,0.190972,0
19062,4.563544,0
19063,5.459066,1
19064,4.307326,1
19065,2.516634,1
19066,0.339276,1
19067,0.220551,0
19068,4.770599,1
19069,0.371743,1
19070,0.271058,1
19071,4.606897,1
19072,2.475108,1
19073,0.663864,1
19074,4.285117,0
19075,0.403526,1
19076,0.538768,1
19077,0.68604,1
19078,1.720337,0
19079,4.799196,1
19080,0.177663,0
19081,1.863304,0
19082,0.247556,1
19083,2.57737,0
19084,1.606514,1
19085,2.51584,0
19086,0.072679,0
19087,3.666,1
19088,4.125055,0
19089,4.319833,0
19090,1.045874,0
19091,0.954391,0
19092,0.398486,1
19093,2.971127,1
19094,3.962064,1
19095,0.8334,1
19096,0.338557,1
19097,0.726302,1
19098,2.244616,1
19099,0.1063,1
19100,0.236314,1
19101,3.201738,0
19102,3.299251,1
19103,3.180032,1
19104,1.807737,0
19105,2.261862,1
19106,5.455871,0
19107,0.258769,1
19108,0.174,1
19109,0.54084,1
19110,7.012203,1
19111,0.31812,1
19112,0.531066,1
19113,2.999675,0
19114,0.470523,1
19115,0.043474,0
19116,0.136485,1
19117,0.571053,1
19118,2.500854,1
19119,0.149506,1
19120,0.106961,1
19121,4.629526,1
19122,5.233976,0
19123,0.590688,1
19124,0.195544,1
19125,4.829046,0
19126,3.508559,0
19127,0.798055,1
19128,0.363693,0
19129,4.692647,1
19130,4.002346,1
19131,2.377277,1
19132,5.154574,1
19133,2.218476,1
19134,4.244966,1
19135,0.508441,0
19136,1.410882,0
19137,1.137213,0
19138,3.007975,0
19139,4.403116,0
19140,4.712845,1
19141,0.092214,0
19142,0.509047,1
19143,1.084886,0
19144,0.322081,1
19145,5.335193,1
19146,0.331952,1
19147,2.935447,1
19148,1.274474,0
19149,2.481131,1
19150,1.648961,1
19151,2.401917,1
19152,3.827365,1
19153,2.092803,0
19154,0.221833,1
19155,1.030118,1
19156,1.304663,0
19157,4.068548,0
19158,2.438913,0
19159,0.118046,0
19160,2.695115,0
19161,0.264658,1
19162,0.394694,1
19163,1.233609,0
19164,0.60108,0
19165,0.554073,0
19166,0.475573,1
19167,0.447578,1
19168,2.135503,1
19169,1.726316,1
19170,2.829754,1
19171,0.312346,1
19172,1.141711,1
19173,0.074637,0
19174,2.149384,1
19175,0.344877,1
19176,0.307256,1
19177,0.800304,1
19178,1.564394,0
19179,0.220506,1
19180,1.049571,0
19181,0.735554,0
19182,4.248059,1
19183,2.909952,0
19184,3.733083,1
19185,2.624572,1
19186,2.214355,1
19187,2.413338,1
19188,0.349439,1
19189,0.330497,1
19190,0.558405,0
19191,3.996241,1
19192,0.033428,0
19193,2.027279,0
19194,0.807905,1
19195,0.552487,1
19196,2.985758,0
19197,7.016034,1
19198,2.914534,1
19199,2.835373,0
19200,3.016985,1
19201,2.104398,1
19202,3.089809,1
19203,1.353868,0
19204,3.44296,0
19205,1.238942,0
19206,0.1818,1
19207,0.164146,0
19208,0.349201,1
19209,3.116649,0
19210,0.555486,1
19211,0.167801,0
19212,0.700805,1
19213,0.067063,1
19214,0.22714,1
19215,0.050805,1
19216,0.068461,0
19217,0.454511,1
19218,0.229794,1
19219,0.073369,0
19220,0.66236,1
19221,0.192231,1
19222,0.382605,0
19223,0.450859,1
19224,0.292343,1
19225,1.287435,0
19226,3.021882,1
19227,5.768206,1
19228,4.113073,0
19229,1.585425,1
19230,2.021116,1
19231,5.212236,1
19232,4.442271,0
19233,1.963365,1
19234,0.177789,1
19235,1.030565,0
19236,2.983469,1
19237,0.51124,1
19238,0.607349,0
19239,1.662038,0
19240,0.228713,1
19241,0.073027,1
19242,0.290623,1
19243,1.432451,0
19244,1.61303,0
19245,1.332917,0
19246,0.16681,1
19247,2.692359,0
19248,0.179298,1
19249,1.600101,0
19250,1.210031,1
19251,0.307577,1
19252,0.057133,0
19253,0.489586,1
19254,0.589427,0
19255,0.175703,1
19256,1.746613,0
19257,0.653532,1
19258,0.14929,1
19259,0.234075,1
19260,0.259846,1
19261,0.069978,1
19262,2.822268,0
19263,3.921074,1
19264,2.711418,0
19265,3.248762,1
19266,0.443569,1
19267,0.083036,1
19268,2.145804,1
19269,1.32179,0
19270,5.256538,1
19271,5.429834,1
19272,2.915997,1
19273,1.988093,1
19274,0.478294,0
19275,1.073325,0
19276,2.178479,1
19277,0.908545,1
19278,1.520338,0
19279,0.159588,0
19280,3.467605,1
19281,2.78384,1
19282,1.484887,1
19283,0.062311,0
19284,0.182712,1
19285,2.446387,1
19286,0.536854,1
19287,0.140303,1
19288,0.114519,1
19289,0.117966,1
19290,0.186245,1
19291,0.348491,1
19292,2.707863,0
19293,4.496079,1
19294,0.171051,1
19295,2.211832,1
19296,0.233277,1
19297,2.692567,0
19298,0.851505,0
19299,4.844941,0
19300,0.436119,1
19301,1.992972,1
19302,3.744186,1
19303,1.035032,0
19304,0.176409,1
19305,0.0912,1
19306,3.59667,1
19307,0.79929,1
19308,1.112869,1
19309,4.385547,0
19310,3.156478,1
19311,1.709821,1
19312,1.169656,0
19313,0.284632,1
19314,1.838808,1
19315,1.411385,0
19316,4.764175,0
19317,2.003482,1
19318,0.431277,1
19319,0.152794,1
19320,0.398073,0
19321,1.833622,1
19322,2.880065,1
19323,3.246856,1
19324,1.395301,1
19325,1.442309,0
19326,0.214887,1
19327,2.159795,0
19328,0.563729,1
19329,5.856002,0
19330,1.168994,0
19331,1.197162,1
19332,1.250594,1
19333,0.168426,1
19334,1.073776,0
19335,0.726215,1
19336,3.74455,1
19337,2.13996,1
19338,0.014181,0
19339,0.357861,1
19340,3.413722,1
19341,0.293827,1
19342,0.198429,1
19343,1.058849,0
19344,1.434262,1
19345,2.107685,0
19346,3.919123,0
19347,0.61416,0
19348,0.645826,0
19349,1.22513,0
19350,2.304051,0
19351,4.951759,0
19352,0.224581,1
19353,1.533556,0
19354,2.149726,1
19355,0.174879,1
19356,0.174904,0
19357,0.285774,1
19358,0.227326,1
19359,0.268192,0
19360,1.981961,0
19361,1.864796,1
19362,1.958811,0
19363,3.05088,1
19364,2.971353,1
19365,0.416793,1
19366,1.159234,1
19367,0.989957,0
19368,5.044035,0
19369,0.132786,1
19370,0.734061,0
19371,0.259138,1
19372,0.044929,0
19373,0.307217,1
19374,1.726283,1
19375,0.1282,0
19376,0.579449,1
19377,1.193867,1
19378,0.147045,1
19379,0.384763,1
19380,4.181636,0
19381,1.386739,1
19382,0.232664,1
19383,2.827345,0
19384,3.257644,1
19385,1.821926,1
19386,1.691249,0
19387,0.748821,0
19388,0.079924,1
19389,0.390946,1
19390,0.261254,1
19391,1.857916,0
19392,1.334318,0
19393,0.522734,0
19394,0.637037,1
19395,3.289592,1
19396,1.221778,0
19397,0.597791,1
19398,0.754329,1
19399,0.553856,0
19400,2.455613,0
19401,0.162991,1
19402,0.057343,0
19403,0.500626,1
19404,5.234192,0
19405,1.275045,0
19406,0.78157,1
19407,2.205181,1
19408,2.749451,1
19409,3.787896,1
19410,0.080193,0
19411,1.99408,1
19412,0.338451,1
19413,0.371127,1
19414,5.845697,1
19415,1.538691,1
19416,2.062495,1
19417,0.607536,1
19418,3.829112,1
19419,0.323151,1
19420,2.366215,1
19421,0.231151,1
19422,4.663477,1
19423,3.05963,0
19424,2.424453,1
19425,2.357894,0
19426,0.138967,1
19427,2.278844,0
19428,4.943799,1
19429,5.000657,1
19430,5.49426,0
19431,1.719192,0
19432,2.334845,1
19433,0.227606,1
19434,2.592096,1
19435,0.254553,1
19436,2.933242,0
19437,2.363651,0
19438,0.222756,1
19439,1.761572,1
19440,0.423328,1
19441,2.403376,0
19442,3.348707,1
19443,2.892239,1
19444,1.627416,1
19445,1.851713,1
19446,2.328629,0
19447,0.333868,1
19448,2.571078,1
19449,0.451648,0
19450,0.854911,1
19451,0.02954,0
19452,2.984252,1
19453,0.321498,1
19454,1.629793,1
19455,0.405691,1
19456,3.153814,1
19457,0.174452,1
19458,1.631709,0
19459,2.960119,1
19460,0.136114,1
19461,5.115226,0
19462,3.750861,0
19463,0.456891,0
19464,0.291781,1
19465,1.528019,0
19466,0.548117,1
19467,0.266491,1
19468,0.576275,1
19469,0.764908,1
19470,1.626859,0
19471,0.021482,1
19472,3.738594,0
19473,2.928434,1
19474,2.722896,1
19475,0.136042,1
19476,0.415787,1
19477,1.587328,1
19478,1.162371,0
19479,4.53278,1
19480,2.421547,1
19481,0.34427,1
19482,5.540491,0
19483,0.110694,1
19484,2.174375,0
19485,0.387196,1
19486,0.598918,0
19487,0.410085,1
19488,0.085344,1
19489,0.336461,0
19490,0.168132,1
19491,2.425204,1
19492,4.594178,0
19493,4.764628,0
19494,0.171391,0
19495,0.249648,1
19496,0.128308,1
19497,4.33902,1
19498,0.25724,0
19499,0.04098,0
19500,1.45488,0
19501,1.356752,1
19502,2.347882,0
19503,0.353541,0
19504,0.157612,0
19505,0.129686,0
19506,2.791638,0
19507,0.19029,0
19508,2.805356,1
19509,0.140133,1
19510,7.169535,0
19511,2.161211,0
19512,2.755088,0
19513,0.27854,1
19514,0.26009,1
19515,5.279282,1
19516,0.33541,0
19517,0.218466,1
19518,0.433431,1
19519,0.32976,1
19520,0.277822,0
19521,0.124791,1
19522,1.882178,0
19523,0.515542,0
19524,2.084069,1
19525,2.129817,0
19526,1.738481,1
19527,0.231756,1
19528,0.104784,0
19529,0.368777,1
19530,0.352988,0
19531,1.53993,0
19532,3.19538,1
19533,0.804231,1
19534,4.573728,1
19535,0.362198,1
19536,0.416907,1
19537,4.251026,1
19538,2.111017,1
19539,0.608973,0
19540,0.084512,1
19541,1.828826,1
19542,0.155603,0
19543,0.303682,1
19544,2.430708,1
19545,1.575494,1
19546,0.270723,1
19547,1.813585,0
19548,0.748717,1
19549,1.319272,0
19550,0.375731,1
19551,1.511899,0
19552,0.632635,0
19553,0.273128,0
19554,0.548351,1
19555,0.25189,0
19556,3.120924,1
19557,0.06696,1
19558,0.374671,1
19559,0.177834,1
19560,3.375729,0
19561,1.701853,1
19562,3.94685,0
19563,2.121989,0
19564,0.69624,0
19565,0.592519,0
19566,0.118346,1
19567,1.687204,1
19568,1.883999,1
19569,1.492693,0
19570,0.309418,1
19571,3.294962,0
19572,2.231487,1
19573,0.035973,0
19574,1.681423,0
19575,0.342817,1
19576,2.739084,1
19577,2.19505,0
19578,3.402317,0
19579,1.359397,1
19580,0.382153,1
19581,0.241431,1
19582,1.462826,0
19583,0.692234,1
19584,0.685397,1
19585,0.969695,0
19586,4.34872,1
19587,2.818774,1
19588,2.402102,0
19589,0.261673,1
19590,0.646902,0
19591,3.479709,1
19592,3.050353,0
19593,1.665035,0
19594,4.675515,1
19595,0.085539,1
19596,2.464441,0
19597,1.584364,1
19598,0.539577,1
19599,0.463235,0
19600,3.97784,0
19601,2.153279,1
19602,0.349535,1
19603,0.203459,0
19604,3.291497,1
19605,0.291045,0
19606,0.278669,1
19607,0.439548,1
19608,2.216182,1
19609,0.204467,1
19610,0.376492,1
19611,0.832466,1
19612,2.461668,0
19613,0.609442,1
19614,2.973459,1
19615,0.406502,1
19616,0.212409,1
19617,2.911904,1
19618,0.127391,1
19619,0.32993,1
19620,1.698768,0
19621,4.212985,0
19622,1.568768,1
19623,0.612939,1
19624,4.669778,0
19625,0.400517,1
19626,2.690618,1
19627,4.883316,0
19628,0.153817,1
19629,1.933679,1
19630,4.071406,0
19631,1.20767,0
19632,0.628341,0
19633,1.888763,0
19634,0.319713,0
19635,0.8337,1
19636,0.056648,0
19637,2.088277,0
19638,1.923226,1
19639,1.814877,0
19640,2.329623,1
19641,0.50601,0
19642,2.057939,0
19643,1.305206,1
19644,0.135446,1
19645,1.75525,1
19646,1.378314,0
19647,0.218172,1
19648,2.58969,0
19649,2.547796,1
19650,1.502775,0
19651,0.452373,1
19652,0.067911,0
19653,1.791492,0
19654,1.481784,1
19655,3.949908,1
19656,2.664977,1
19657,1.233569,1
19658,1.905136,0
19659,4.174496,1
19660,2.191715,1
19661,1.700453,1
19662,0.498384,1
19663,2.24119,1
19664,0.4217,1
19665,4.737757,1
19666,1.700258,0
19667,0.600797,1
19668,0.441833,1
19669,0.910953,0
19670,1.886829,1
19671,1.550314,1
19672,0.388796,1
19673,1.850514,0
19674,1.888349,0
19675,2.7284,0
19676,3.440436,1
19677,2.671811,1
19678,4.591539,0
19679,1.290813,0
19680,1.079402,1
19681,1.441684,1
19682,1.433448,0
19683,0.183176,1
19684,4.222123,0
19685,0.340438,1
19686,4.839593,0
19687,4.453467,1
19688,0.309956,1
19689,1.103466,1
19690,3.757447,0
19691,2.204495,1
19692,4.391976,0
19693,0.116532,1
19694,0.213293,1
19695,0.222272,1
19696,3.688061,1
19697,4.977142,0
19698,0.095994,0
19699,0.330694,1
19700,1.965126,1
19701,0.574681,0
19702,1.380036,0
19703,0.675637,1
19704,2.390039,0
19705,0.047084,0
19706,6.325358,1
19707,4.661858,0
19708,0.301023,1
19709,2.161406,0
19710,4.889584,0
19711,0.375033,1
19712,0.295348,1
19713,0.099351,1
19714,4.955285,0
19715,0.951038,1
19716,0.141795,1
19717,4.586031,0
19718,2.057292,1
19719,1.359882,1
19720,0.079503,0
19721,1.776517,1
19722,2.302091,1
19723,2.703206,0
19724,0.239677,1
19725,0.637755,1
19726,1.742954,1
19727,2.729557,1
19728,4.999105,0
19729,4.187762,1
19730,4.861763,1
19731,4.313519,1
19732,0.562811,1
19733,1.534039,1
19734,2.311141,0
19735,0.607138,1
19736,5.277909,1
19737,1.664942,1
19738,0.907164,1
19739,1.556592,0
19740,2.440933,1
19741,0.577312,1
19742,0.551879,0
19743,2.623765,1
19744,0.884801,0
19745,2.962073,1
19746,0.174163,1
19747,5.300982,1
19748,4.651731,0
19749,2.373527,1
19750,4.558467,1
19751,2.903429,1
19752,2.064263,0
19753,0.073203,1
19754,0.206206,1
19755,0.055484,0
19756,0.473268,1
19757,0.495172,1
19758,3.019143,1
19759,2.003809,0
19760,3.303202,1
19761,1.997974,0
19762,1.11074,0
19763,0.562188,0
19764,0.392712,1
19765,0.490589,1
19766,0.445409,1
19767,3.767303,1
19768,0.751684,0
19769,2.865114,1
19770,2.667085,1
19771,3.229481,1
19772,3.772486,0
19773,0.518876,1
19774,2.039805,1
19775,2.065179,1
19776,0.136669,0
19777,1.414106,0
19778,1.472494,0
19779,1.803136,1
19780,0.299286,1
19781,0.089036,0
19782,0.789476,0
19783,3.398927,1
19784,0.790981,0
19785,0.289896,1
19786,2.224733,1
19787,2.294267,1
19788,4.501259,0
19789,0.111221,0
19790,0.156717,0
19791,4.159356,1
19792,1.65555,1
19793,0.633286,0
19794,0.2227,1
19795,1.533747,1
19796,0.436776,1
19797,0.211631,1
19798,5.094833,0
19799,0.949614,0
19800,0.21828,1
19801,2.819771,1
19802,3.439425,0
19803,0.047355,0
19804,0.64062,1
19805,0.197186,1
19806,0.592668,1
19807,1.649186,1
19808,2.474492,1
19809,1.694876,0
19810,0.53547,1
19811,1.722062,1
19812,2.14769,1
19813,0.596712,0
19814,0.043571,0
19815,0.089667,0
19816,2.392178,1
19817,4.730771,1
19818,1.937338,1
19819,3.689665,1
19820,0.086166,1
19821,0.249544,1
19822,2.436198,1
19823,0.111694,1
19824,0.219713,1
19825,0.917507,1
19826,0.44259,0
19827,5.166287,1
19828,0.101047,0
19829,5.284406,1
19830,1.883497,0
19831,4.563394,0
19832,0.366142,1
19833,2.236191,1
19834,0.318103,1
19835,0.44202,1
19836,3.209223,1
19837,0.484729,1
19838,0.214834,1
19839,2.598152,1
19840,1.803727,0
19841,0.249624,1
19842,1.817628,0
19843,0.124845,1
19844,0.518513,1
19845,3.127667,0
19846,0.585383,1
19847,3.251958,1
19848,1.484674,0
19849,1.650441,1
19850,3.961746,1
19851,0.132074,1
19852,0.706475,0
19853,0.190942,1
19854,4.87666,0
19855,0.282325,1
19856,0.301923,1
19857,2.815276,0
19858,1.951514,1
19859,1.123865,1
19860,1.627581,1
19861,1.361546,0
19862,1.796991,0
19863,1.217791,1
19864,0.357808,0
19865,0.734388,0
19866,1.568188,0
19867,4.158946,1
19868,1.891938,1
19869,0.16485,1
19870,1.913243,0
19871,6.63564,1
19872,1.048117,1
19873,0.315103,1
19874,4.985774,1
19875,0.641095,1
19876,4.267701,1
19877,2.708769,1
19878,2.650541,1
19879,2.710977,1
19880,2.25685,1
19881,0.373332,1
19882,7.421715,1
19883,0.076776,1
19884,4.172534,0
19885,2.296727,1
19886,0.101977,1
19887,1.62493,1
19888,0.208752,1
19889,1.717633,0
19890,1.261485,1
19891,0.690438,0
19892,0.269786,0
19893,3.977853,1
19894,0.253921,1
19895,1.262801,1
19896,0.092296,1
19897,3.227906,0
19898,0.165198,1
19899,5.270985,0
19900,2.579557,1
19901,0.258582,1
19902,0.108118,1
19903,1.944344,0
19904,0.283945,1
19905,4.947081,0
19906,2.528596,1
19907,0.881764,0
19908,0.621954,1
19909,0.493916,1
19910,1.743281,0
19911,0.280907,1
19912,4.734807,0
19913,3.513965,0
19914,2.756716,0
19915,0.0808,1
19916,1.826194,0
19917,2.779635,0
19918,3.544821,0
19919,1.718008,0
19920,1.874146,1
19921,1.667959,1
19922,1.865502,0
19923,0.238848,1
19924,0.286085,1
19925,0.709743,1
19926,0.134159,1
19927,1.322327,1
19928,2.32973,0
19929,0.591949,0
19930,0.551989,1
19931,2.033899,1
19932,1.030385,0
19933,4.470506,1
19934,1.863029,0
19935,0.466666,1
19936,0.282779,1
19937,0.323462,1
19938,0.497001,0
19939,2.588529,0
19940,0.413029,1
19941,4.392011,0
19942,2.457098,1
19943,0.451141,1
19944,1.653411,1
19945,0.160888,1
19946,3.294872,1
19947,0.390303,1
19948,2.411047,1
19949,0.146213,1
19950,1.056464,1
19951,2.856476,1
19952,2.228661,0
19953,3.877061,1
19954,0.382552,1
19955,0.071758,1
19956,0.1186,0
19957,2.400596,1
19958,4.782442,0
19959,2.130836,1
19960,4.612816,0
19961,2.301438,1
19962,6.763673,1
19963,0.206494,0
19964,0.190172,1
19965,4.42606,1
19966,0.516773,1
19967,3.049612,0
19968,0.264893,0
19969,0.074333,1
19970,0.498227,0
19971,0.728915,1
19972,0.217582,1
19973,0.272399,1
19974,1.925416,1
19975,1.648415,1
19976,0.522836,1
19977,1.719364,0
19978,4.338754,0
19979,3.942082,1
19980,1.896649,1
19981,1.349171,1
19982,0.190313,1
19983,2.963532,0
19984,1.045896,1
19985,1.810466,0
19986,1.91754,1
19987,1.710213,0
19988,1.537911,0
19989,1.277117,0
19990,4.328615,0
19991,3.992549,1
19992,0.861447,0
19993,0.263628,1
19994,0.531622,0
19995,0.154735,1
19996,1.015911,1
19997,0.302498,1
19998,0.997209,0
19999,4.194101,1
20000,1.869832,1
20001,0.550371,1
20002,0.578691,1
20003,0.166809,1
20004,6.502416,1
20005,0.199331,1
20006,2.815815,0
20007,0.205335,0
20008,3.695377,1
20009,0.099581,0
20010,3.296399,1
20011,0.540096,1
20012,2.753372,1
20013,3.06079,1
20014,0.3271,0
20015,0.591806,1
20016,3.389455,1
20017,0.245716,1
20018,0.609284,0
20019,3.619463,1
20020,2.267414,0
20021,2.857189,1
20022,4.146322,1
20023,0.092079,1
20024,3.383576,0
20025,0.318909,1
20026,4.054393,1
20027,0.347919,1
20028,0.380941,1
20029,0.629627,1
20030,0.504348,1
20031,2.889298,1
20032,2.275827,0
20033,2.893583,1
20034,0.182606,1
20035,0.104237,0
20036,4.21471,1
20037,1.088267,1
20038,0.250324,1
20039,0.501717,1
20040,0.79314,1
20041,3.68402,1
20042,1.470501,1
20043,0.699621,1
20044,1.433902,0
20045,0.490079,1
20046,0.234205,0
20047,3.461503,1
20048,0.266239,0
20049,0.392577,0
20050,0.179379,0
20051,2.692586,1
20052,0.634946,1
20053,2.267142,0
20054,2.509476,0
20055,1.893945,1
20056,3.839,1
20057,0.602803,1
20058,5.316183,1
20059,0.90427,1
20060,0.515475,1
20061,1.158421,1
20062,0.316788,1
20063,2.580281,0
20064,2.296006,1
20065,0.774831,1
20066,0.249931,1
20067,0.289151,1
20068,1.303909,0
20069,1.333704,0
20070,0.404865,1
20071,0.064485,0
20072,0.272834,1
20073,4.805348,1
20074,3.133398,1
20075,0.283009,1
20076,2.589982,0
20077,0.506543,1
20078,3.23311,1
20079,1.1753,0
20080,0.659063,1
20081,3.909009,1
20082,1.407427,1
20083,3.886558,1
20084,3.80289,0
20085,0.318477,1
20086,0.09478,1
20087,3.69077,0
20088,3.432735,1
20089,1.671891,0
20090,0.484082,1
20091,4.111471,0
20092,0.766192,0
20093,6.423279,1
20094,3.793215,1
20095,2.213286,0
20096,0.280081,1
20097,0.874482,1
20098,1.017726,0
20099,0.048848,0
20100,1.030839,0
20101,0.17353,1
20102,3.274011,0
20103,0.557002,1
20104,1.326579,0
20105,0.095554,1
20106,2.918707,0
20107,0.512399,1
20108,1.99395,0
20109,4.398404,0
20110,0.283666,1
20111,0.708706,0
20112,0.39432,1
20113,0.729482,0
20114,1.507051,1
20115,1.544895,1
20116,4.999073,1
20117,2.022724,0
20118,0.098991,1
20119,0.257963,1
20120,1.73083,0
20121,0.120522,1
20122,0.278282,1
20123,2.648967,1
20124,2.099138,1
20125,0.394258,1
20126,1.005339,1
20127,0.270012,1
20128,2.019194,0
20129,0.431965,1
20130,2.292582,0
20131,2.572662,1
20132,0.173966,1
20133,0.377488,1
20134,2.079689,1
20135,0.141164,0
20136,0.475707,1
20137,1.112398,0
20138,2.974356,0
20139,1.3401,0
20140,2.738894,0
20141,0.438039,1
20142,0.450928,1
20143,0.17253,1
20144,0.523435,1
20145,1.37187,0
20146,0.604267,1
20147,0.149562,1
20148,0.365732,1
20149,1.945182,1
20150,0.285119,1
20151,0.310218,1
20152,0.2153,1
20153,0.317159,1
20154,0.498144,1
20155,0.597516,1
20156,1.288173,1
20157,0.342045,1
20158,1.572439,1
20159,1.544884,0
20160,2.406033,1
20161,0.031429,0
20162,0.599884,0
20163,1.91196,1
20164,3.822556,0
20165,4.714909,1
20166,0.486976,1
20167,0.117258,1
20168,2.024842,1
20169,2.366763,0
20170,2.218549,1
20171,2.618124,0
20172,1.175648,0
20173,0.094574,0
20174,1.295858,0
20175,0.212842,1
20176,0.374857,1
20177,1.925833,1
20178,1.564452,1
20179,1.973137,0
20180,0.076287,1
20181,3.174478,0
20182,5.323144,0
20183,0.157803,1
20184,4.347497,1
20185,0.287854,1
20186,1.155158,1
20187,0.215809,0
20188,0.915953,1
20189,0.257202,0
20190,1.853898,0
20191,0.330597,1
20192,0.556108,0
20193,1.526265,1
20194,1.327468,0
20195,0.181643,1
20196,0.636374,1
20197,0.106451,1
20198,0.575062,0
20199,1.660686,1
20200,2.87211,1
20201,2.561255,0
20202,0.9003,1
20203,0.154558,1
20204,4.098606,1
20205,2.633688,0
20206,0.694154,1
20207,2.176581,1
20208,3.49904,0
20209,0.283716,1
20210,0.316356,1
20211,0.050161,0
20212,0.754027,0
20213,0.057873,1
20214,0.073247,1
20215,0.127301,1
20216,0.875966,1
20217,1.03483,0
20218,2.612978,1
20219,3.308465,1
20220,0.575081,1
20221,0.61023,1
20222,3.551298,0
20223,1.750091,1
20224,4.90997,0
20225,1.51849,0
20226,1.506887,1
20227,0.34213,0
20228,0.214821,1
20229,0.433671,1
20230,4.167725,0
20231,3.797669,1
20232,3.260164,0
20233,0.281637,1
20234,3.750788,0
20235,1.002565,1
20236,1.635626,1
20237,0.12364,1
20238,0.459482,1
20239,2.662589,0
20240,0.503705,0
20241,2.566201,1
20242,3.608062,1
20243,0.057806,1
20244,0.294196,1
20245,3.275588,1
20246,0.563985,1
20247,3.107421,0
20248,0.108224,1
20249,0.152513,1
20250,3.686145,1
20251,2.163432,1
20252,0.47892,1
20253,3.33118,0
20254,0.349192,1
20255,0.512113,1
20256,2.341209,0
20257,0.249502,1
20258,3.82716,0
20259,3.564498,0
20260,0.618832,0
20261,0.70196,0
20262,1.375703,1
20263,0.500828,1
20264,2.330333,0
20265,2.195422,1
20266,3.150627,1
20267,3.808387,1
20268,2.54535,0
20269,3.66926,1
20270,4.910315,1
20271,3.427584,0
20272,4.355395,0
20273,0.195499,1
20274,0.149213,1
20275,3.029548,1
20276,2.188642,1
20277,1.717259,0
20278,2.17146,1
20279,0.337464,1
20280,0.106478,1
20281,0.913685,1
20282,3.581426,1
20283,0.310845,1
20284,0.389922,1
20285,4.014668,1
20286,3.200932,0
20287,2.121116,0
20288,0.208965,0
20289,0.871868,1
20290,0.056911,0
20291,2.956314,1
20292,1.786954,0
20293,3.517396,0
20294,0.642391,1
20295,0.359718,0
20296,1.260043,1
20297,2.457753,1
20298,2.996394,0
20299,6.012277,1
20300,0.543336,1
20301,0.735698,0
20302,1.291523,1
20303,2.011297,1
20304,0.055083,0
20305,3.273178,0
20306,1.147599,1
20307,0.336054,1
20308,2.294597,1
20309,1.447731,1
20310,2.39151,1
20311,1.172436,0
20312,1.737041,1
20313,0.187578,1
20314,1.757223,0
20315,0.670502,1
20316,4.422889,0
20317,1.803295,1
20318,1.456369,1
20319,2.990335,0
20320,0.067092,1
20321,0.572124,1
20322,0.668136,1
20323,0.336421,0
20324,5.819617,1
20325,0.065157,1
20326,2.055169,0
20327,0.099556,1
20328,1.169739,1
20329,0.412041,1
20330,0.708505,1
20331,0.320887,0
20332,2.176877,0
20333,0.03279,1
20334,0.406089,1
20335,0.622936,0
20336,2.733517,0
20337,0.035085,0
20338,0.157449,1
20339,4.479222,1
20340,0.18871,1
20341,0.067897,1
20342,3.768145,0
20343,0.262106,1
20344,0.045587,1
20345,1.409003,1
20346,3.123029,0
20347,1.710407,1
20348,0.055264,0
20349,2.78323,1
20350,0.508494,0
20351,2.908973,1
20352,0.22663,1
20353,0.160553,1
20354,3.170366,0
20355,0.839376,0
20356,1.975913,0
20357,3.626263,1
20358,0.162278,0
20359,0.825665,1
20360,4.137903,1
20361,1.88566,0
20362,2.625101,0
20363,2.240833,0
20364,2.049335,1
20365,0.080476,0
20366,1.608269,1
20367,0.398698,1
20368,1.865758,0
20369,3.207374,1
20370,0.153722,1
20371,2.625294,1
20372,0.485334,1
20373,3.25436,1
20374,0.26896,1
20375,4.155337,0
20376,2.577675,1
20377,0.889881,0
20378,1.092909,1
20379,1.484775,1
20380,1.176242,0
20381,3.307858,0
20382,0.136787,1
20383,0.594938,1
20384,0.096496,1
20385,0.60283,0
20386,3.173336,0
20387,1.180236,1
20388,1.659927,0
20389,0.444881,1
20390,0.177399,1
20391,1.267736,0
20392,1.333908,0
20393,0.496752,0
20394,0.788746,1
20395,1.755184,1
20396,0.267227,0
20397,5.271908,0
20398,0.435797,1
20399,0.492086,1
20400,4.39149,1
20401,0.495671,0
20402,3.742264,1
20403,2.168189,1
20404,0.444038,1
20405,0.362427,1
20406,0.170407,0
20407,0.154491,1
20408,0.173433,0
20409,3.603815,0
20410,0.441793,0
20411,3.452219,1
20412,0.763221,1
20413,0.523005,0
20414,4.900319,1
20415,0.10117,1
20416,1.121637,0
20417,0.306325,1
20418,0.101893,0
20419,2.40978,1
20420,0.856931,0
20421,0.314461,1
20422,1.592384,1
20423,3.049184,0
20424,3.609525,1
20425,2.477432,1
20426,1.852463,0
20427,1.108725,0
20428,1.057766,0
20429,2.21039,0
20430,0.244017,1
20431,0.100898,0
20432,0.040432,0
20433,3.623386,1
20434,0.537109,1
20435,0.33624,1
20436,0.982964,1
20437,1.451892,1
20438,0.073777,1
20439,0.531312,1
20440,1.469603,1
20441,0.233247,1
20442,0.656058,0
20443,1.238835,1
20444,0.381241,1
20445,0.064561,0
20446,0.154746,1
20447,1.331103,0
20448,2.341795,1
20449,1.403659,0
20450,2.964266,1
20451,1.783473,1
20452,3.854002,1
20453,0.28255,1
20454,0.08046,1
20455,1.820137,1
20456,0.331752,1
20457,3.198961,1
20458,0.31255,1
20459,0.225179,1
20460,0.569585,1
20461,1.7533,1
20462,0.105755,1
20463,0.193245,1
20464,3.824481,1
20465,4.875469,0
20466,3.440643,0
20467,2.392745,1
20468,1.873302,1
20469,3.377495,0
20470,3.83616,1
20471,0.737458,1
20472,0.239849,1
20473,0.060692,1
20474,0.692334,0
20475,3.908932,1
20476,0.162278,1
20477,0.502212,1
20478,0.065623,0
20479,4.204099,0
20480,1.091663,0
20481,0.202305,1
20482,2.641609,0
20483,0.228068,0
20484,0.866008,0
20485,4.641245,1
20486,0.048956,0
20487,3.576202,1
20488,4.283517,0
20489,1.04178,0
20490,0.122711,1
20491,1.651892,0
20492,3.895224,1
20493,1.452498,0
20494,0.098988,1
20495,4.925409,0
20496,2.373283,1
20497,0.378725,1
20498,4.727041,0
20499,0.066119,0
20500,3.146952,1
20501,1.957886,0
20502,0.422897,1
20503,4.85424,0
20504,1.473907,1
20505,0.588374,0
20506,0.33543,1
20507,0.161143,1
20508,1.444528,0
20509,0.788601,0
20510,0.422817,1
20511,0.357658,1
20512,2.769242,1
20513,1.757805,0
20514,4.349073,0
20515,0.219634,1
20516,3.706601,1
20517,1.490951,0
20518,0.533038,1
20519,4.558296,0
20520,4.854831,0
20521,1.950313,1
20522,4.527646,0
20523,1.694208,1
20524,0.145932,1
20525,0.946369,1
20526,5.080616,0
20527,2.525899,1
20528,1.935165,1
20529,1.946669,0
20530,5.156104,1
20531,0.387209,1
20532,0.057161,1
20533,1.308835,0
20534,1.735055,1
20535,0.345709,1
20536,4.061777,0
20537,1.181285,0
20538,0.164482,1
20539,1.849156,1
20540,0.842664,1
20541,2.541881,1
20542,2.096031,1
20543,0.1601,1
20544,2.517896,1
20545,0.196751,0
20546,0.083388,1
20547,1.415987,0
20548,1.036124,0
20549,0.208801,1
20550,3.323254,1
20551,0.031273,0
20552,2.288612,0
20553,3.014378,0
20554,0.14508,1
20555,2.088995,0
20556,1.967397,0
20557,0.561627,1
20558,0.090279,1
20559,0.166847,1
20560,1.92784,0
20561,0.217233,1
20562,1.903916,1
20563,1.335201,0
20564,1.71858,0
20565,1.837131,0
20566,4.630309,1
20567,2.614472,0
20568,1.66987,1
20569,0.311948,1
20570,0.197096,0
20571,5.948647,0
20572,0.084017,1
20573,0.19214,1
20574,4.851196,1
20575,1.455153,1
20576,0.041809,0
20577,2.931273,1
20578,3.848096,1
20579,0.276801,1
20580,3.039038,0
20581,0.402244,0
20582,2.561299,1
20583,2.454087,0
20584,2.91762,1
20585,0.619945,1
20586,0.165526,0
20587,1.939543,0
20588,0.410734,1
20589,2.058537,1
20590,0.519018,0
20591,4.188508,1
20592,0.126891,1
20593,4.186448,1
20594,1.596682,1
20595,0.16473,1
20596,1.465463,0
20597,0.340555,1
20598,3.783491,0
20599,0.583962,1
20600,0.048167,1
20601,2.546798,0
20602,1.863012,1
20603,5.487258,1
20604,3.713947,1
20605,0.344334,0
20606,6.671169,1
20607,2.395239,1
20608,1.209154,1
20609,0.195883,1
20610,1.274836,0
20611,0.052736,1
20612,2.787824,1
20613,4.567595,0
20614,0.080017,1
20615,2.2529,1
20616,0.263368,1
20617,4.700749,1
20618,0.398424,1
20619,0.830202,1
20620,0.517407,1
20621,3.367839,1
20622,0.456445,1
20623,3.861475,1
20624,0.104945,1
20625,0.147984,1
20626,4.134795,1
20627,2.310175,1
20628,1.53808,1
20629,0.377914,1
20630,2.328935,1
20631,0.631651,1
20632,0.115972,1
20633,3.52621,0
20634,2.532654,1
20635,2.296203,1
20636,0.216229,1
20637,0.186141,1
20638,0.471227,1
20639,4.483495,1
20640,2.295742,0
20641,2.723499,0
20642,1.436037,0
20643,0.188063,1
20644,0.920035,1
20645,1.57977,1
20646,0.406116,1
20647,0.402097,1
20648,0.083382,0
20649,1.455354,0
20650,3.310381,0
20651,0.554562,0
20652,0.402307,0
20653,1.95739,1
20654,3.218202,0
20655,1.615542,1
20656,0.567639,0
20657,0.137746,1
20658,0.363525,1
20659,1.908569,1
20660,1.556498,0
20661,0.164843,1
20662,0.768691,1
20663,1.892851,0
20664,2.883999,1
20665,1.717216,1
20666,3.108443,0
20667,0.092426,1
20668,0.27872,1
20669,4.356277,1
20670,3.223829,1
20671,0.025271,0
20672,0.439067,1
20673,0.082624,0
20674,1.007878,0
20675,0.530204,0
20676,2.207063,1
20677,1.25824,0
20678,0.070607,0
20679,0.034644,0
20680,3.241896,1
20681,0.112682,1
20682,0.719547,1
20683,1.582874,1
20684,1.290051,0
20685,0.438497,0
20686,0.270087,1
20687,1.557994,1
20688,4.842116,1
20689,3.221401,1
20690,4.522945,0
20691,0.478384,1
20692,0.335072,1
20693,0.163274,1
20694,1.334872,0
20695,4.072157,0
20696,1.223603,0
20697,0.900615,0
20698,0.028527,0
20699,0.536624,1
20700,0.895799,0
20701,5.171512,1
20702,1.711373,1
20703,2.136712,1
20704,1.769018,0
20705,4.246296,0
20706,3.761157,1
20707,1.529546,1
20708,0.153224,1
20709,0.468012,1
20710,2.477827,0
20711,1.57054,1
20712,2.430706,0
20713,4.979746,1
20714,0.129097,1
20715,0.602048,0
20716,0.378447,0
20717,0.987792,0
20718,0.334847,1
20719,0.251933,1
20720,0.678102,0
20721,2.268902,1
20722,0.168912,1
20723,0.248897,1
20724,0.253795,1
20725,0.53448,1
20726,0.269354,1
20727,3.791256,1
20728,3.528521,1
20729,0.362856,0
20730,0.439033,0
20731,4.830494,1
20732,2.988973,1
20733,0.329908,1
20734,0.524116,1
20735,0.512323,1
20736,0.293832,1
20737,4.101962,1
20738,0.050016,1
20739,1.41903,1
20740,0.272153,0
20741,0.391682,1
20742,0.250468,1
20743,2.533109,1
20744,2.537423,0
20745,0.464081,1
20746,0.071083,0
20747,0.585057,1
20748,0.882382,0
20749,1.93414,1
20750,0.458283,1
20751,1.98975,0
20752,0.457052,0
20753,3.976243,1
20754,1.312828,1
20755,0.838692,1
20756,0.107702,0
20757,3.392608,0
20758,0.57448,1
20759,1.216473,0
20760,4.391741,1
20761,1.671934,0
20762,0.876947,1
20763,0.104445,0
20764,1.914474,1
20765,2.816026,1
20766,1.371157,0
20767,2.272428,1
20768,2.827651,1
20769,2.88412,1
20770,3.254093,0
20771,3.2116,1
20772,0.151131,1
20773,2.206507,0
20774,0.249112,1
20775,1.06828,0
20776,2.324606,0
20777,0.182148,1
20778,0.220959,1
20779,1.132248,1
20780,2.58379,1
20781,0.040528,0
20782,2.438739,1
20783,0.372875,1
20784,2.937746,0
20785,0.224764,1
20786,1.167183,0
20787,0.143623,1
20788,4.71855,0
20789,0.496085,1
20790,0.388899,1
20791,3.198995,0
20792,4.849697,1
20793,2.358021,1
20794,2.816728,1
20795,0.364671,1
20796,3.326031,0
20797,1.999634,0
20798,0.287856,1
20799,1.676213,1
20800,0.167701,1
20801,4.814028,1
20802,2.467121,1
20803,2.103599,0
20804,1.097409,0
20805,0.313984,1
20806,0.240305,1
20807,1.094827,1
20808,1.477039,0
20809,1.193375,0
20810,1.431829,0
20811,0.592945,1
20812,0.248726,0
20813,0.725273,1
20814,1.401187,0
20815,2.064781,0
20816,2.879221,1
20817,3.00753,0
20818,0.167649,1
20819,4.094535,0
20820,4.374504,0
20821,1.981405,1
20822,4.254997,0
20823,3.754582,0
20824,4.106407,0
20825,0.363862,1
20826,3.167593,1
20827,0.898368,1
20828,3.983691,1
20829,2.037296,1
20830,0.30497,1
20831,0.879067,1
20832,2.792101,0
20833,0.751321,0
20834,1.683215,1
20835,2.180287,1
20836,3.01168,1
20837,0.116807,0
20838,5.923169,0
20839,0.196226,1
20840,0.068099,0
20841,2.560117,1
20842,0.321208,1
20843,5.392121,0
20844,2.23394,1
20845,0.16633,0
20846,3.100432,0
20847,0.807259,1
20848,0.050529,0
20849,0.196524,1
20850,1.640285,0
20851,0.202411,1
20852,0.171299,1
20853,0.261175,1
20854,1.529411,1
20855,6.654469,0
20856,1.693331,1
20857,3.270523,1
20858,1.119416,1
20859,0.266364,1
20860,1.359715,1
20861,0.138655,1
20862,0.573851,1
20863,1.913078,1
20864,3.531766,0
20865,0.201896,1
20866,0.040407,0
20867,1.871893,0
20868,2.98816,1
20869,1.874401,1
20870,1.240067,0
20871,3.234601,1
20872,1.922272,1
20873,5.80918,1
20874,1.085774,1
20875,1.616641,1
20876,2.753891,1
20877,2.132049,1
20878,1.868543,1
20879,1.813265,0
20880,1.834594,1
20881,0.229757,1
20882,0.173449,1
20883,2.100392,0
20884,0.442188,1
20885,0.279789,1
20886,3.235731,0
20887,1.009182,1
20888,2.546363,1
20889,0.266139,1
20890,0.198539,1
20891,0.147876,1
20892,0.484936,1
20893,1.037267,1
20894,3.610395,0
20895,5.08471,0
20896,0.320721,1
20897,0.26622,1
20898,0.029734,0
20899,4.559512,1
20900,0.503174,1
20901,4.31926,1
20902,0.146641,1
20903,0.053876,1
20904,0.290883,1
20905,5.309021,1
20906,3.166801,0
20907,5.721422,1
20908,0.334613,1
20909,0.372292,1
20910,0.654345,0
20911,3.271675,0
20912,1.922969,1
20913,2.871973,1
20914,0.304574,1
20915,0.703286,0
20916,1.554948,1
20917,0.373423,1
20918,0.653818,1
20919,1.729912,1
20920,0.226223,1
20921,3.361258,0
20922,2.666604,1
20923,0.655236,1
20924,1.958574,0
20925,0.320995,1
20926,0.6895,1
20927,0.13809,1
20928,1.832846,1
20929,1.562762,1
20930,0.204318,1
20931,1.756975,1
20932,2.283874,1
20933,0.906332,1
20934,1.614219,0
20935,1.287756,1
20936,3.471627,1
20937,0.221995,1
20938,0.258582,1
20939,0.351717,1
20940,1.30306,1
20941,0.088605,1
20942,6.355319,1
20943,2.483081,0
20944,1.224655,1
20945,0.143136,1
20946,2.132285,1
20947,0.303337,1
20948,3.484913,1
20949,2.424144,1
20950,1.903855,1
20951,2.996246,1
20952,3.849481,1
20953,1.194854,0
20954,0.614265,1
20955,1.078474,0
20956,1.650584,1
20957,4.195764,1
20958,2.263173,1
20959,1.497023,1
20960,1.769684,0
20961,0.495364,1
20962,0.389099,0
20963,1.23126,0
20964,2.351701,1
20965,0.968176,1
20966,2.298621,1
20967,0.264825,1
20968,0.095297,1
20969,0.582865,1
20970,0.029386,1
20971,0.239015,1
20972,3.485738,1
20973,0.381916,1
20974,1.555685,1
20975,0.350655,1
20976,0.706566,1
20977,0.426245,1
20978,0.313207,1
20979,0.517058,0
20980,0.951445,0
20981,0.42022,1
20982,2.057106,0
20983,0.562101,1
20984,2.435614,1
20985,1.672853,1
20986,0.220252,1
20987,0.269078,1
20988,3.230942,0
20989,1.266163,0
20990,2.31996,0
20991,0.405024,1
20992,0.187934,1
20993,1.277163,1
20994,0.183549,1
20995,0.472651,1
20996,0.552552,0
20997,0.141096,1
20998,3.391486,0
20999,0.500041,1
21000,5.23524,1
21001,1.02472,0
21002,1.233845,0
21003,1.307636,1
21004,1.615752,1
21005,0.426108,1
21006,0.262557,0
21007,0.165765,1
21008,1.13978,0
21009,0.306911,1
21010,0.208056,1
21011,3.458431,1
21012,0.315424,1
21013,1.687394,1
21014,4.380414,0
21015,5.15285,0
21016,5.454386,1
21017,5.224935,1
21018,2.696147,1
21019,2.65857,1
21020,0.306206,1
21021,0.725073,0
21022,0.232835,1
21023,1.25054,1
21024,5.031817,0
21025,3.847311,0
21026,0.093232,1
21027,0.147228,1
21028,1.413941,0
21029,0.539741,0
21030,1.739585,0
21031,2.936165,0
21032,1.662524,0
21033,4.059726,0
21034,0.198804,1
21035,1.689376,0
21036,2.262113,0
21037,0.31689,1
21038,0.266575,1
21039,0.489772,0
21040,1.773353,1
21041,1.522569,1
21042,0.224233,1
21043,3.084735,1
21044,1.861164,0
21045,0.669091,1
21046,1.906015,1
21047,3.589771,0
21048,1.317341,1
21049,0.971058,1
21050,2.203877,1
21051,3.34054,1
21052,1.189907,0
21053,0.096411,0
21054,4.401997,0
21055,0.7749,0
21056,0.473507,1
21057,3.522068,1
21058,5.845508,0
21059,3.049047,0
21060,0.168591,1
21061,0.323255,1
21062,0.15478,0
21063,3.187071,0
21064,3.132793,1
21065,1.428446,0
21066,3.27455,0
21067,0.231964,1
21068,3.31382,1
21069,0.195751,1
21070,0.140364,1
21071,2.604803,0
21072,0.116626,1
21073,4.862298,1
21074,2.006227,0
21075,3.034652,0
21076,1.784072,1
21077,1.346723,0
21078,0.527914,1
21079,0.578444,1
21080,5.08094,0
21081,1.980108,0
21082,1.953281,0
21083,5.540017,1
21084,0.231998,0
21085,0.339885,1
21086,5.589196,1
21087,1.224153,1
21088,1.811797,0
21089,1.695033,1
21090,0.396886,1
21091,2.18261,1
21092,4.542556,1
21093,1.029111,1
21094,1.421859,1
21095,1.451488,1
21096,3.550085,1
21097,0.604818,1
21098,2.041006,1
21099,1.631363,0
21100,2.904514,0
21101,0.16605,1
21102,2.298402,1
21103,2.488366,1
21104,2.241238,0
21105,1.972473,0
21106,0.237748,1
21107,0.411472,1
21108,1.769737,1
21109,4.314942,1
21110,1.721258,1
21111,1.57048,1
21112,3.695864,1
21113,0.29817,0
21114,0.108863,0
21115,5.199389,0
21116,4.360139,1
21117,0.30218,1
21118,5.203195,1
21119,4.274982,1
21120,1.632476,1
21121,1.934313,1
21122,2.077639,0
21123,2.147053,0
21124,1.796398,0
21125,2.398043,1
21126,0.373489,1
21127,0.693332,1
21128,0.033263,0
21129,1.30238,0
21130,2.305653,1
21131,2.069103,1
21132,1.962915,1
21133,1.21053,0
21134,0.26448,1
21135,0.396141,1
21136,1.354957,1
21137,2.794497,1
21138,0.193775,1
21139,2.254341,0
21140,4.979821,1
21141,0.608495,1
21142,3.079267,1
21143,2.169131,0
21144,1.203868,1
21145,4.733636,0
21146,0.042156,0
21147,0.296266,1
21148,5.067822,1
21149,1.83972,1
21150,1.039152,1
21151,2.786276,1
21152,0.11432,0
21153,3.527534,1
21154,0.159237,1
21155,0.274684,1
21156,4.476327,1
21157,0.342222,1
21158,2.769862,1
21159,0.230427,1
21160,0.821889,1
21161,0.406009,1
21162,0.403254,1
21163,0.532733,0
21164,1.439294,0
21165,1.774793,1
21166,4.475631,0
21167,3.805494,1
21168,3.726227,1
21169,0.454414,1
21170,3.911275,0
21171,0.546597,0
21172,0.393638,1
21173,2.569424,0
21174,3.277523,1
21175,1.692561,1
21176,3.601387,0
21177,1.535756,0
21178,0.683894,1
21179,3.70235,0
21180,1.226081,1
21181,0.965144,1
21182,4.302087,0
21183,2.816511,0
21184,1.551073,1
21185,0.16622,1
21186,0.153812,1
21187,2.236379,0
21188,4.082565,1
21189,4.725934,1
21190,3.875219,1
21191,3.851454,1
21192,0.404224,1
21193,0.884175,1
21194,1.433174,1
21195,0.18137,1
21196,0.420176,1
21197,0.948804,0
21198,0.365481,1
21199,4.106476,0
21200,3.698773,1
21201,0.701208,1
21202,2.133192,0
21203,0.395488,1
21204,1.510485,0
21205,2.369734,0
21206,1.396848,0
21207,0.495959,1
21208,2.39658,1
21209,2.698288,1
21210,0.742422,1
21211,0.064081,0
21212,2.113095,1
21213,0.350707,1
21214,0.476267,1
21215,0.282516,1
21216,0.134913,1
21217,0.241547,1
21218,1.162383,0
21219,3.015592,1
21220,3.660567,1
21221,4.552909,1
21222,0.676337,0
21223,0.315313,1
21224,1.075434,1
21225,3.046708,0
21226,4.069459,0
21227,1.230749,0
21228,0.135694,1
21229,4.127332,1
21230,1.9091,0
21231,1.009869,0
21232,3.641402,0
21233,1.330076,0
21234,0.114227,1
21235,0.428965,1
21236,4.072948,0
21237,0.051998,0
21238,2.294416,0
21239,1.821242,0
21240,2.728394,1
21241,0.360328,1
21242,1.965127,0
21243,0.371688,1
21244,1.54769,1
21245,4.866965,1
21246,0.079887,1
21247,2.11087,0
21248,0.615185,0
21249,1.209211,1
21250,0.630233,0
21251,0.137984,1
21252,0.434571,0
21253,0.481621,1
21254,0.606552,1
21255,1.872402,0
21256,2.520114,1
21257,1.554601,0
21258,0.120931,0
21259,1.687785,1
21260,1.819725,0
21261,1.895875,0
21262,0.13446,1
21263,2.821007,1
21264,3.274569,1
21265,0.310571,1
21266,2.462783,1
21267,4.294296,1
21268,0.095974,1
21269,2.122489,1
21270,0.782808,1
21271,0.371061,1
21272,1.351563,0
21273,0.606482,1
21274,1.854517,0
21275,2.438623,1
21276,0.446925,1
21277,0.118355,1
21278,0.287933,1
21279,0.164945,1
21280,2.316266,1
21281,4.770384,0
21282,0.920713,1
21283,1.015418,1
21284,4.317852,1
21285,3.387929,0
21286,0.064795,1
21287,0.193054,0
21288,0.064038,0
21289,0.217131,1
21290,0.500991,1
21291,2.112265,1
21292,0.177038,1
21293,0.571316,1
21294,0.15169,1
21295,0.559419,0
21296,0.41758,1
21297,0.755018,1
21298,0.534505,1
21299,2.001318,1
21300,0.069688,1
21301,1.458863,1
21302,0.019524,0
21303,1.458161,1
21304,1.737187,1
21305,1.201566,0
21306,0.589435,1
21307,1.47887,1
21308,0.468542,1
21309,0.28578,1
21310,1.85631,0
21311,3.259547,1
21312,0.093587,0
21313,1.681776,0
21314,0.186242,1
21315,0.540937,1
21316,0.352223,1
21317,2.686343,1
21318,3.580006,1
21319,2.180203,0
21320,3.14616,1
21321,5.123749,1
21322,4.088316,0
21323,2.693874,1
21324,0.896066,1
21325,2.504514,0
21326,2.238977,0
21327,0.579973,1
21328,2.121248,1
21329,3.997474,1
21330,0.113785,1
21331,0.0417,0
21332,0.301769,1
21333,0.942377,1
21334,2.030755,0
21335,0.547601,1
21336,1.806516,1
21337,5.547909,1
21338,0.467354,1
21339,1.813928,0
21340,1.518689,0
21341,3.659548,0
21342,1.368441,0
21343,1.793086,0
21344,2.042247,1
21345,2.375769,0
21346,2.259108,0
21347,0.080392,0
21348,0.162828,1
21349,4.965379,0
21350,2.346368,1
21351,0.162417,0
21352,1.325826,0
21353,0.842374,0
21354,0.243392,1
21355,8.118672,1
21356,0.588056,0
21357,2.768556,1
21358,0.09707,1
21359,3.868628,1
21360,2.823659,0
21361,1.362872,0
21362,0.227873,1
21363,0.259565,0
21364,0.529847,1
21365,0.898651,0
21366,0.202771,1
21367,0.71784,1
21368,0.06507,1
21369,0.684322,1
21370,0.323753,1
21371,4.01006,0
21372,2.458694,1
21373,0.728205,1
21374,0.524865,0
21375,2.661832,1
21376,0.156596,1
21377,3.847525,1
21378,0.582601,1
21379,0.380605,1
21380,2.743422,1
21381,2.670825,1
21382,3.092005,1
21383,2.911057,1
21384,2.151425,1
21385,3.450276,1
21386,1.769743,0
21387,2.378284,1
21388,3.743348,0
21389,0.65043,1
21390,0.254637,1
21391,1.002309,1
21392,2.581559,1
21393,0.47289,1
21394,1.672718,1
21395,4.349585,1
21396,1.461338,0
21397,0.16848,1
21398,5.286805,1
21399,2.37413,0
21400,0.114571,1
21401,2.495991,1
21402,0.491659,1
21403,1.115414,1
21404,0.059123,1
21405,0.288497,1
21406,0.388839,1
21407,3.980647,0
21408,4.661724,1
21409,0.069663,0
21410,0.267912,1
21411,0.513926,0
21412,1.915959,0
21413,3.534763,0
21414,0.312057,1
21415,1.995107,0
21416,1.452382,1
21417,4.570212,1
21418,0.169558,1
21419,3.457144,1
21420,4.622509,0
21421,3.528276,0
21422,1.258693,0
21423,3.781158,1
21424,0.586119,1
21425,0.14595,1
21426,1.477768,0
21427,5.105036,0
21428,0.310229,0
21429,0.589904,0
21430,0.632515,1
21431,0.02706,0
21432,0.125561,1
21433,2.609366,1
21434,4.874104,1
21435,0.323093,1
21436,0.118936,1
21437,0.794937,1
21438,4.151002,1
21439,0.52805,0
21440,1.393422,0
21441,0.420875,1
21442,2.721899,1
21443,3.568156,1
21444,1.347852,1
21445,0.473471,1
21446,0.2595,1
21447,4.577431,0
21448,1.391253,1
21449,0.436987,0
21450,3.394272,1
21451,1.773558,0
21452,0.393873,1
21453,2.661162,1
21454,0.099181,1
21455,0.31228,1
21456,0.350861,0
21457,0.198049,1
21458,0.602749,1
21459,6.253008,1
21460,3.348194,1
21461,2.920785,1
21462,1.458834,1
21463,0.273762,0
21464,1.810215,0
21465,1.104254,1
21466,2.367859,1
21467,4.346251,1
21468,0.509085,0
21469,1.813354,1
21470,3.083168,1
21471,0.09564,0
21472,2.890754,1
21473,2.774688,1
21474,0.270959,1
21475,4.017058,1
21476,0.059053,0
21477,0.678862,1
21478,0.332814,1
21479,0.38742,0
21480,0.206736,1
21481,0.357146,1
21482,0.31962,1
21483,2.365318,1
21484,4.340166,1
21485,3.479273,1
21486,0.228189,1
21487,0.962287,0
21488,0.168815,1
21489,0.42645,0
21490,1.487038,1
21491,2.208502,1
21492,2.584278,1
21493,0.193682,0
21494,1.88989,1
21495,0.809612,0
21496,3.697369,1
21497,1.476147,0
21498,3.811951,1
21499,0.091646,1
21500,3.575571,1
21501,0.701193,0
21502,1.936442,1
21503,4.015,0
21504,0.070585,1
21505,1.340594,1
21506,4.445472,1
21507,0.661074,1
21508,0.871625,0
21509,3.228032,0
21510,2.230609,0
21511,2.097763,1
21512,0.428316,1
21513,0.134738,1
21514,0.584258,1
21515,3.352745,0
21516,0.651877,1
21517,1.951071,1
21518,0.197703,1
21519,4.299322,0
21520,2.229258,1
21521,1.454008,1
21522,0.107932,1
21523,0.937457,0
21524,0.323532,1
21525,0.184833,0
21526,2.513148,0
21527,0.157985,1
21528,2.716508,0
21529,0.095439,1
21530,0.665389,1
21531,0.798485,1
21532,4.349117,0
21533,3.18405,1
21534,1.321845,1
21535,0.272168,1
21536,1.334358,1
21537,0.390411,1
21538,0.089596,1
21539,0.050345,0
21540,0.535634,1
21541,0.128313,1
21542,1.540199,1
21543,0.320041,1
21544,0.334511,0
21545,0.947628,0
21546,0.232378,0
21547,5.03932,1
21548,1.90354,0
21549,0.08352,1
21550,1.662104,1
21551,0.156654,1
21552,0.339347,1
21553,0.604204,1
21554,0.103996,0
21555,1.794786,0
21556,0.569442,1
21557,1.22381,1
21558,1.162395,1
21559,1.968019,1
21560,0.713542,1
21561,1.630793,1
21562,1.358268,0
21563,0.399509,1
21564,0.23128,1
21565,1.921564,1
21566,2.776784,0
21567,0.331547,1
21568,4.524054,1
21569,3.943442,0
21570,1.379529,0
21571,3.468192,1
21572,2.343539,0
21573,0.175185,1
21574,3.492224,0
21575,0.141373,1
21576,1.036316,0
21577,3.015573,1
21578,3.664692,0
21579,3.844942,1
21580,2.327125,1
21581,3.343372,1
21582,2.134497,0
21583,3.536017,1
21584,1.537077,0
21585,0.439643,0
21586,0.236865,1
21587,1.204986,1
21588,0.427725,1
21589,0.333013,0
21590,0.650524,0
21591,0.358288,0
21592,3.513022,1
21593,2.839539,1
21594,0.20088,1
21595,2.021737,0
21596,0.746519,0
21597,2.992079,1
21598,0.342643,1
21599,0.510495,0
21600,0.705664,1
21601,1.295353,1
21602,4.741478,1
21603,0.363467,1
21604,5.024145,0
21605,4.435077,1
21606,2.008407,1
21607,0.172224,1
21608,0.109758,1
21609,0.388152,1
21610,0.9963,1
21611,2.135184,1
21612,0.462959,1
21613,1.984496,0
21614,0.250837,1
21615,0.425532,1
21616,2.181147,1
21617,2.681434,1
21618,1.557898,1
21619,0.175058,1
21620,4.383904,0
21621,1.423708,0
21622,0.149156,1
21623,1.677024,0
21624,0.341531,0
21625,0.517427,0
21626,1.98185,1
21627,0.378009,0
21628,0.366315,1
21629,0.999852,1
21630,2.120439,1
21631,0.563334,1
21632,4.087851,1
21633,0.159134,0
21634,3.087934,0
21635,2.269236,1
21636,0.870806,0
21637,0.726157,0
21638,1.719018,0
21639,4.552181,1
21640,0.762796,0
21641,1.00004,0
21642,1.800772,0
21643,0.5635,0
21644,3.116436,1
21645,0.713659,0
21646,0.788883,1
21647,0.076551,1
21648,3.709392,1
21649,0.483345,1
21650,0.057117,1
21651,3.579214,1
21652,1.334153,0
21653,5.392417,1
21654,0.236665,1
21655,2.895131,1
21656,0.640407,1
21657,4.520144,1
21658,2.08708,0
21659,0.438562,0
21660,2.502062,1
21661,2.350169,1
21662,3.309836,0
21663,2.782393,1
21664,2.074046,1
21665,0.338564,1
21666,0.984125,0
21667,0.095813,1
21668,2.517341,0
21669,2.504221,0
21670,0.044109,0
21671,2.683626,1
21672,1.650179,1
21673,2.63051,1
21674,1.939256,0
21675,0.397757,1
21676,0.401812,1
21677,3.053577,1
21678,0.327358,1
21679,0.243895,0
21680,1.765387,1
21681,1.943212,1
21682,0.232914,0
21683,0.087274,0
21684,1.631392,1
21685,0.107774,1
21686,1.448594,0
21687,1.027171,1
21688,5.962381,1
21689,2.843648,0
21690,2.612701,1
21691,1.588618,1
21692,1.540462,1
21693,0.086238,1
21694,4.443159,0
21695,2.566314,1
21696,2.533348,1
21697,0.644167,1
21698,0.46899,1
21699,3.653949,1
21700,0.770255,1
21701,0.988996,0
21702,0.237828,0
21703,0.59149,1
21704,2.532099,0
21705,1.578667,0
21706,1.357857,1
21707,2.193582,1
21708,1.188194,0
21709,4.041801,0
21710,3.792272,1
21711,0.787598,0
21712,0.374641,1
21713,0.175515,0
21714,0.342385,1
21715,0.18575,1
21716,4.848077,0
21717,4.997858,0
21718,0.699223,0
21719,3.499659,0
21720,2.027238,1
21721,0.435418,1
21722,1.360489,1
21723,0.383814,0
21724,4.489175,1
21725,0.103863,1
21726,2.023129,1
21727,0.945857,0
21728,0.405844,0
21729,4.467392,0
21730,0.596535,1
21731,2.951179,0
21732,3.117504,1
21733,5.046279,0
21734,0.414767,1
21735,2.595867,0
21736,3.503917,1
21737,1.74461,0
21738,0.108616,1
21739,2.164036,0
21740,0.486131,1
21741,1.974198,1
21742,0.162834,1
21743,1.554617,0
21744,0.187718,1
21745,3.51083,1
21746,0.478102,0
21747,3.097013,0
21748,0.310289,1
21749,0.07043,1
21750,0.463484,1
21751,0.48042,1
21752,1.92185,0
21753,0.95645,0
21754,0.275365,1
21755,4.37275,1
21756,0.390736,1
21757,3.901436,1
21758,0.622066,1
21759,3.955614,1
21760,4.519719,0
21761,5.513522,1
21762,0.414792,1
21763,4.738789,1
21764,4.613149,1
21765,0.1539,0
21766,0.365443,1
21767,0.901556,0
21768,2.343431,1
21769,1.581433,1
21770,1.418692,0
21771,0.802367,1
21772,3.368329,1
21773,1.078312,0
21774,5.078328,0
21775,3.268668,1
21776,2.651002,0
21777,0.236367,0
21778,0.053208,0
21779,2.85876,0
21780,0.303502,1
21781,0.369789,1
21782,0.677244,1
21783,0.852635,0
21784,1.584547,0
21785,0.132833,1
21786,0.762016,1
21787,0.139497,1
21788,3.57708,0
21789,1.034329,1
21790,0.377896,0
21791,0.55069,1
21792,1.147016,1
21793,1.807595,1
21794,3.737837,1
21795,2.202889,1
21796,2.290731,1
21797,0.0751,0
21798,1.216725,0
21799,3.64671,0
21800,3.085667,0
21801,3.665703,1
21802,0.430576,1
21803,0.106281,1
21804,1.389316,1
21805,0.759449,1
21806,5.207127,0
21807,1.744572,0
21808,1.077378,0
21809,1.641789,0
21810,2.797937,1
21811,3.020018,1
21812,4.763706,1
21813,0.280242,1
21814,2.035258,1
21815,0.084547,1
21816,1.271199,0
21817,2.43646,0
21818,0.165784,1
21819,3.217036,0
21820,4.619069,1
21821,3.362301,0
21822,3.599434,1
21823,3.149282,1
21824,1.469933,0
21825,0.018151,0
21826,3.455594,1
21827,0.174439,1
21828,0.840816,1
21829,2.699565,0
21830,0.026858,0
21831,1.379174,1
21832,3.782161,1
21833,0.940769,1
21834,2.988816,0
21835,0.129737,0
21836,0.639121,1
21837,2.825606,1
21838,1.846866,1
21839,0.135607,1
21840,1.845212,1
21841,0.191236,1
21842,0.410447,0
21843,0.42892,1
21844,0.440899,1
21845,0.170207,1
21846,4.28266,0
21847,0.072069,0
21848,0.191318,1
21849,0.356878,1
21850,0.233033,1
21851,3.693018,0
21852,0.023464,0
21853,0.193695,1
21854,1.407794,1
21855,2.025579,0
21856,5.046417,0
21857,4.407331,0
21858,0.143743,1
21859,0.916344,0
21860,1.873137,0
21861,0.575237,1
21862,0.054724,1
21863,0.185951,1
21864,2.26082,0
21865,0.629593,0
21866,1.480227,0
21867,2.157586,1
21868,0.048106,0
21869,3.962494,1
21870,0.307723,1
21871,0.188526,1
21872,4.272264,0
21873,0.08197,0
21874,2.135045,1
21875,5.102207,1
21876,2.427287,1
21877,0.179815,1
21878,0.368033,1
21879,2.500805,1
21880,0.431348,0
21881,0.284994,1
21882,2.772751,0
21883,0.253861,1
21884,5.111231,1
21885,3.04947,0
21886,2.875088,1
21887,4.727902,0
21888,2.103438,0
21889,1.495313,1
21890,0.625224,1
21891,0.05851,1
21892,0.127303,1
21893,1.355,1
21894,0.060982,0
21895,0.281625,1
21896,0.177073,1
21897,0.355986,1
21898,1.93794,1
21899,0.238978,1
21900,0.21144,1
21901,1.839952,1
21902,1.775457,1
21903,3.204411,0
21904,0.528499,1
21905,1.363398,0
21906,0.424366,1
21907,0.043105,1
21908,2.270084,1
21909,0.228583,1
21910,0.047548,1
21911,0.184956,1
21912,0.313174,0
21913,1.609102,1
21914,0.129679,1
21915,0.229964,1
21916,0.632705,0
21917,1.456077,0
21918,0.138864,1
21919,2.608684,1
21920,2.488262,1
21921,1.510663,1
21922,0.178108,1
21923,2.838919,1
21924,0.207244,1
21925,3.764066,1
21926,0.14366,1
21927,0.024826,0
21928,2.042298,1
21929,4.111366,0
21930,0.470598,1
21931,2.435988,0
21932,4.381216,1
21933,0.432997,1
21934,0.176622,1
21935,0.073264,0
21936,0.247202,0
21937,1.856528,1
21938,2.465107,0
21939,1.332452,0
21940,3.546748,1
21941,1.740161,0
21942,0.852866,0
21943,0.584587,1
21944,3.75901,1
21945,3.509276,1
21946,2.601369,0
21947,1.637465,0
21948,0.837982,1
21949,2.147308,1
21950,4.307077,0
21951,0.160765,1
21952,0.167918,0
21953,0.065634,0
21954,2.92023,1
21955,0.275468,1
21956,2.015026,1
21957,0.054466,1
21958,2.751538,1
21959,4.092162,0
21960,3.343266,0
21961,2.980869,0
21962,4.709683,0
21963,4.4918,1
21964,3.622733,1
21965,1.153687,0
21966,0.168764,1
21967,0.290071,1
21968,1.471902,0
21969,4.199209,0
21970,0.333472,1
21971,0.079661,0
21972,0.020813,0
21973,2.270762,0
21974,2.32973,1
21975,2.921406,0
21976,0.167172,1
21977,0.077973,0
21978,0.317502,1
21979,0.700695,0
21980,2.186686,0
21981,0.265951,1
21982,1.851157,1
21983,0.79964,0
21984,3.665637,0
21985,2.011549,1
21986,2.820891,0
21987,1.228379,1
21988,0.323353,1
21989,0.179985,0
21990,3.431101,1
21991,0.16725,0
21992,1.893095,0
21993,0.242759,1
21994,0.570168,1
21995,3.030677,0
21996,0.069,0
21997,0.504735,1
21998,0.592407,1
21999,3.450683,0
22000,0.351898,1
22001,0.126102,1
22002,0.495128,0
22003,3.484697,1
22004,0.220839,1
22005,3.21576,0
22006,2.579099,1
22007,6.813822,1
22008,1.877761,0
22009,0.075256,0
22010,0.484825,0
22011,4.124041,0
22012,0.131115,1
22013,0.456465,1
22014,0.066741,0
22015,3.542903,1
22016,0.127293,0
22017,4.62912,1
22018,2.178534,0
22019,1.690768,1
22020,0.083087,1
22021,0.169569,1
22022,0.067835,0
22023,3.181834,0
22024,0.276185,1
22025,1.668503,1
22026,2.576107,1
22027,2.437032,1
22028,0.541565,1
22029,2.269978,0
22030,0.822528,0
22031,3.778973,0
22032,3.065864,0
22033,2.527867,1
22034,1.161759,0
22035,2.743979,1
22036,0.171684,1
22037,0.217726,1
22038,1.207248,0
22039,2.022407,1
22040,0.670362,1
22041,0.434693,1
22042,2.257418,1
22043,4.584973,1
22044,1.414065,1
22045,0.905023,0
22046,3.399562,0
22047,0.178941,1
22048,0.074688,1
22049,2.398013,1
22050,4.616148,0
22051,2.812673,0
22052,5.788876,0
22053,0.270256,1
22054,3.065441,0
22055,1.241634,0
22056,2.378262,1
22057,0.062265,1
22058,1.963129,1
22059,4.158221,0
22060,0.159828,0
22061,1.793043,1
22062,0.090533,0
22063,1.425993,1
22064,2.065088,0
22065,1.361525,1
22066,1.055064,1
22067,1.729953,0
22068,0.057326,0
22069,0.190797,0
22070,0.134557,1
22071,2.291216,0
22072,2.313494,0
22073,5.435956,0
22074,2.646264,1
22075,4.043035,0
22076,0.090755,0
22077,0.448179,1
22078,0.633955,1
22079,0.053219,1
22080,0.356059,1
22081,2.787661,1
22082,2.371966,1
22083,2.542452,1
22084,0.287706,1
22085,3.956604,1
22086,0.134418,0
22087,0.208361,1
22088,0.454766,1
22089,1.810939,1
22090,0.976798,1
22091,0.325288,1
22092,3.524319,1
22093,1.669276,1
22094,0.488895,1
22095,3.230986,1
22096,3.572555,0
22097,1.62955,0
22098,0.671922,0
22099,1.666802,1
22100,0.354251,1
22101,0.593074,1
22102,0.047926,1
22103,0.854557,0
22104,0.341312,0
22105,1.657548,1
22106,3.296756,1
22107,0.156441,1
22108,5.411309,0
22109,0.536431,1
22110,4.717544,1
22111,4.209507,1
22112,1.429006,0
22113,0.136511,0
22114,2.020014,1
22115,0.266429,1
22116,0.134728,1
22117,0.498485,1
22118,2.590437,0
22119,0.609599,0
22120,0.23261,1
22121,0.393976,1
22122,1.369399,0
22123,4.344249,0
22124,0.066128,0
22125,4.656556,0
22126,1.770779,1
22127,3.298241,0
22128,2.489878,1
22129,0.200204,1
22130,4.967652,1
22131,3.257899,1
22132,0.375745,1
22133,0.196034,1
22134,1.591465,0
22135,1.033413,1
22136,0.205704,1
22137,0.740203,1
22138,5.018317,1
22139,2.822394,0
22140,2.115302,1
22141,1.416396,1
22142,0.628206,0
22143,3.185614,1
22144,0.193138,1
22145,0.733548,0
22146,2.822747,0
22147,1.601367,1
22148,0.998508,0
22149,0.226554,1
22150,0.23015,1
22151,0.214986,0
22152,0.463424,1
22153,0.505845,1
22154,1.917005,0
22155,0.098916,1
22156,3.180611,0
22157,2.251147,1
22158,0.526795,1
22159,0.275136,1
22160,4.141936,0
22161,1.943972,1
22162,0.038343,0
22163,0.690163,1
22164,0.133281,1
22165,4.158278,0
22166,0.061127,0
22167,1.869756,0
22168,2.124664,0
22169,4.872513,0
22170,0.947226,0
22171,1.534786,1
22172,0.184706,1
22173,3.341403,1
22174,0.266162,1
22175,1.907048,0
22176,0.347453,1
22177,0.170426,1
22178,0.748139,0
22179,0.182868,0
22180,4.905413,0
22181,0.708713,1
22182,1.394704,0
22183,1.304003,0
22184,0.132961,0
22185,2.337982,0
22186,4.585678,0
22187,4.389003,1
22188,0.281225,1
22189,1.905777,1
22190,0.1638,1
22191,0.253554,1
22192,0.579892,1
22193,0.122462,1
22194,1.845038,1
22195,1.895847,0
22196,1.253977,1
22197,0.077898,1
22198,4.462621,1
22199,3.763189,1
22200,2.624816,1
22201,0.187413,1
22202,2.068202,1
22203,3.438973,0
22204,0.139409,1
22205,0.15582,1
22206,1.114413,0
22207,1.377119,1
22208,1.574422,0
22209,0.428767,1
22210,5.085259,0
22211,3.654569,0
22212,0.304946,1
22213,0.276373,1
22214,0.030578,0
22215,0.117663,1
22216,4.059375,1
22217,0.573679,1
22218,0.698613,1
22219,4.754468,1
22220,0.839391,0
22221,2.874857,1
22222,0.294627,1
22223,1.513347,1
22224,1.696316,1
22225,3.246088,0
22226,4.096858,1
22227,0.089719,0
22228,0.1936,1
22229,0.178063,0
22230,3.90718,1
22231,3.09289,0
22232,0.283505,1
22233,0.947012,0
22234,0.251762,1
22235,1.05918,0
22236,1.805637,1
22237,0.881926,1
22238,0.072605,0
22239,1.183861,0
22240,0.169168,1
22241,2.852382,0
22242,2.549218,1
22243,0.955492,0
22244,0.612197,1
22245,0.111963,1
22246,6.742555,1
22247,0.850534,1
22248,0.859246,1
22249,2.62936,0
22250,0.353179,1
22251,0.493808,1
22252,0.084006,1
22253,3.219635,0
22254,0.18618,1
22255,1.179381,1
22256,1.350944,0
22257,3.975475,1
22258,0.142143,1
22259,1.993323,0
22260,0.158695,1
22261,0.462165,1
22262,1.685614,1
22263,2.211632,1
22264,0.154862,1
22265,2.282563,0
22266,3.24942,0
22267,0.87622,1
22268,3.69766,0
22269,2.559953,1
22270,1.62785,1
22271,0.075634,0
22272,1.547084,0
22273,0.203874,1
22274,0.281144,1
22275,1.802614,1
22276,3.95328,0
22277,0.287408,1
22278,4.693182,1
22279,2.555847,1
22280,0.380289,1
22281,4.477933,1
22282,0.398388,1
22283,2.567563,0
22284,3.630338,1
22285,1.636063,0
22286,1.657918,1
22287,4.0856,0
22288,0.247878,1
22289,2.288998,1
22290,3.536769,1
22291,0.926959,0
22292,0.509295,1
22293,3.854753,1
22294,2.559693,1
22295,0.121613,1
22296,1.954598,0
22297,4.791712,0
22298,1.711792,1
22299,1.027302,1
22300,1.841241,1
22301,2.497737,1
22302,0.250175,1
22303,1.145487,0
22304,0.163711,1
22305,1.445126,1
22306,0.155453,1
22307,2.695841,1
22308,1.84972,1
22309,0.127614,1
22310,2.781319,0
22311,4.666922,0
22312,0.123609,0
22313,2.142455,1
22314,0.169359,1
22315,4.682714,0
22316,0.128174,1
22317,1.528107,1
22318,2.444587,0
22319,4.817819,1
22320,0.617161,1
22321,3.821742,0
22322,2.470183,0
22323,0.245853,1
22324,0.579998,1
22325,0.39629,1
22326,3.769132,0
22327,0.185256,1
22328,3.915589,1
22329,0.074926,0
22330,0.147742,0
22331,1.135642,1
22332,1.382572,0
22333,1.197199,0
22334,3.635928,0
22335,0.143024,0
22336,0.144274,1
22337,0.013107,0
22338,2.59124,0
22339,2.145367,0
22340,0.279226,1
22341,4.196258,1
22342,2.547489,1
22343,2.161587,1
22344,0.501035,0
22345,2.002688,1
22346,0.299103,1
22347,1.178861,1
22348,0.254353,1
22349,1.56106,1
22350,2.878767,0
22351,0.145802,0
22352,3.672484,0
22353,0.157706,1
22354,0.199482,1
22355,2.194517,1
22356,2.93759,1
22357,1.533918,0
22358,0.984825,1
22359,1.977908,0
22360,1.306974,1
22361,2.24306,1
22362,0.306508,1
22363,1.299896,0
22364,1.95382,1
22365,2.84776,0
22366,1.017228,0
22367,3.430325,1
22368,5.203538,0
22369,1.902344,1
22370,2.383264,1
22371,0.193657,1
22372,0.623361,1
22373,0.317897,1
22374,4.361234,1
22375,3.420177,1
22376,0.979327,0
22377,3.732006,1
22378,1.57058,1
22379,1.195767,0
22380,0.081359,1
22381,1.677806,1
22382,2.954025,1
22383,3.484937,1
22384,2.49987,1
22385,1.71009,1
22386,2.476857,1
22387,0.351957,1
22388,0.477328,1
22389,2.5788,1
22390,0.810935,0
22391,1.858857,1
22392,1.875835,1
22393,0.361366,1
22394,2.58716,1
22395,0.89729,0
22396,0.19952,1
22397,3.258267,1
22398,0.158081,1
22399,2.548835,1
22400,3.613426,0
22401,0.512494,1
22402,2.48266,1
22403,0.450633,1
22404,1.25029,1
22405,0.61519,1
22406,0.220122,1
22407,1.532973,1
22408,2.306678,1
22409,0.23553,1
22410,4.036314,0
22411,0.262193,1
22412,6.918511,1
22413,0.091991,1
22414,4.645147,1
22415,0.127486,0
22416,2.128617,1
22417,0.113061,0
22418,2.136305,1
22419,0.527357,1
22420,0.42177,0
22421,4.16839,0
22422,0.174549,1
22423,0.118875,0
22424,2.640448,1
22425,1.819348,1
22426,0.157997,0
22427,3.652646,1
22428,0.027002,0
22429,0.32058,1
22430,4.035625,1
22431,1.993002,1
22432,2.604177,1
22433,0.587789,1
22434,1.964102,0
22435,0.532999,1
22436,1.029438,1
22437,0.417769,0
22438,0.510927,0
22439,0.579189,1
22440,0.898917,0
22441,0.452796,1
22442,1.705884,0
22443,0.331156,1
22444,3.782157,0
22445,2.129347,1
22446,0.86965,1
22447,2.622726,0
22448,5.121689,1
22449,4.933794,0
22450,0.120289,0
22451,3.402683,1
22452,0.890576,1
22453,4.615088,1
22454,1.983153,0
22455,3.829981,1
22456,0.845566,0
22457,0.350375,1
22458,3.532188,1
22459,0.38343,1
22460,4.315322,1
22461,2.10495,1
22462,0.242386,1
22463,4.250516,0
22464,3.650928,1
22465,0.28538,1
22466,0.42058,1
22467,3.464998,1
22468,2.860596,1
22469,2.911515,1
22470,3.376259,1
22471,0.433175,1
22472,4.021753,1
22473,2.40309,1
22474,3.290647,1
22475,1.519478,0
22476,0.038137,0
22477,3.925865,1
22478,2.611046,1
22479,3.351439,1
22480,0.163394,1
22481,3.866308,0
22482,1.119156,1
22483,1.159463,1
22484,0.160873,0
22485,1.852999,1
22486,2.270903,1
22487,2.160559,1
22488,0.239692,1
22489,2.933302,1
22490,0.237886,1
22491,5.075265,1
22492,0.332831,1
22493,2.80195,0
22494,0.094093,1
22495,2.324137,1
22496,2.696897,0
22497,1.955282,1
22498,1.57547,1
22499,3.903701,1
