sample_idx,loss,is_noisy
0,0.504169,1
1,9.225366,0
2,0.056269,1
3,0.088448,0
4,9.064288,0
5,0.222444,1
6,1.933006,1
7,9.601855,1
8,0.221984,1
9,8.028009,0
10,9.043462,0
11,1.954267,0
12,0.097739,0
13,0.979264,0
14,10.000156,0
15,0.740295,0
16,2.487478,1
17,0.273601,1
18,8.574117,0
19,0.089456,1
20,0.237809,1
21,8.654133,0
22,0.549399,1
23,10.111029,0
24,11.101505,0
25,9.544458,0
26,10.831314,1
27,0.669377,1
28,4.261634,1
29,9.673512,0
30,9.212457,0
31,0.75043,0
32,7.809586,1
33,9.61178,1
34,10.381698,0
35,0.166224,1
36,2.740157,0
37,9.752728,1
38,0.05641,1
39,9.857881,1
40,10.684319,0
41,10.250092,0
42,9.595467,0
43,9.264648,0
44,0.357233,0
45,9.83185,0
46,1.882293,0
47,0.210841,1
48,4.85368,1
49,0.112265,0
50,2.314875,0
51,0.668404,0
52,0.29622,1
53,0.204435,1
54,0.472508,1
55,0.391435,1
56,9.226662,1
57,1.965677,0
58,0.543998,1
59,0.312943,0
60,9.661209,0
61,9.768153,0
62,9.19059,0
63,0.19898,1
64,2.798664,1
65,9.028448,1
66,9.131503,0
67,0.086938,0
68,3.294112,1
69,8.528872,1
70,2.7487,1
71,0.05698,1
72,0.13257,0
73,9.962273,0
74,10.246486,1
75,3.576304,0
76,0.178339,1
77,0.064799,1
78,8.822198,0
79,0.617531,0
80,0.104528,1
81,0.066689,1
82,10.71738,1
83,0.090444,1
84,0.101038,1
85,5.18022,1
86,0.892804,0
87,0.129559,0
88,0.884732,1
89,9.7815,1
90,1.225403,0
91,1.749329,0
92,8.834411,1
93,0.270771,1
94,9.520406,0
95,0.285676,0
96,1.078824,1
97,0.079194,1
98,9.109654,1
99,8.913433,0
100,9.082271,0
101,0.441696,1
102,11.436243,1
103,0.53933,1
104,9.008831,1
105,9.50342,0
106,9.619987,1
107,0.100245,1
108,0.157505,0
109,2.10655,0
110,1.686263,0
111,9.153419,0
112,0.236797,1
113,0.493333,1
114,0.242556,0
115,0.42443,1
116,0.142792,1
117,1.419395,1
118,0.326563,1
119,0.149977,1
120,1.447425,1
121,0.53121,0
122,0.067958,1
123,3.749334,0
124,0.503649,1
125,9.185613,0
126,0.156874,1
127,9.552768,0
128,0.143348,0
129,0.089483,1
130,0.52714,0
131,9.317726,0
132,8.925686,1
133,3.520369,0
134,11.30537,0
135,9.83649,1
136,0.400248,0
137,0.20403,0
138,10.336187,0
139,10.148993,0
140,0.069697,0
141,9.633719,0
142,9.820229,1
143,0.276515,0
144,0.4457,0
145,3.792083,1
146,0.13513,1
147,0.130854,1
148,0.340044,0
149,0.500903,0
150,8.665329,1
151,2.000958,0
152,3.086006,0
153,10.062496,0
154,11.419121,0
155,0.05895,1
156,0.096833,1
157,10.597964,1
158,0.178768,0
159,2.577589,1
160,0.238941,0
161,0.607181,0
162,10.380321,0
163,0.135058,0
164,0.507373,0
165,0.193214,1
166,0.134978,0
167,1.71494,0
168,10.030764,0
169,10.729586,0
170,10.858391,0
171,9.492745,0
172,0.924387,1
173,0.220894,1
174,1.062672,1
175,9.35589,0
176,1.041004,1
177,0.216293,0
178,0.258151,0
179,1.556396,1
180,4.137343,1
181,1.515549,1
182,10.635603,1
183,10.824286,0
184,10.844065,0
185,8.628563,1
186,0.393117,0
187,0.097172,1
188,0.472071,0
189,9.237675,1
190,0.132811,0
191,0.130832,0
192,0.048983,1
193,0.226626,1
194,2.303192,0
195,9.749986,0
196,0.698835,1
197,3.293953,1
198,10.78239,0
199,9.795018,0
200,0.204952,0
201,0.228239,1
202,7.803944,0
203,1.848222,0
204,1.973552,0
205,10.443068,0
206,9.992769,0
207,0.569858,0
208,0.350309,0
209,9.333809,0
210,9.327268,0
211,0.245137,0
212,10.064665,0
213,9.551673,0
214,8.442441,0
215,3.707414,1
216,3.406349,1
217,9.372956,0
218,9.369412,0
219,0.120426,0
220,2.147076,0
221,0.157238,1
222,0.186481,1
223,9.387487,0
224,0.131534,1
225,9.44137,0
226,10.941391,0
227,0.050811,1
228,10.098835,1
229,2.7958,1
230,9.152883,1
231,0.142924,1
232,0.457769,1
233,0.892112,1
234,0.89701,0
235,0.12607,1
236,0.366874,0
237,9.425476,0
238,0.06923,1
239,0.165396,1
240,0.122009,1
241,8.467724,0
242,0.154518,1
243,9.464825,0
244,9.518954,0
245,0.813904,0
246,9.197603,1
247,3.640485,1
248,0.523688,1
249,2.744274,1
250,0.060548,1
251,1.173537,0
252,0.812958,1
253,0.234416,0
254,3.852678,1
255,2.258573,0
256,2.506898,0
257,0.400022,1
258,0.14695,0
259,9.554993,0
260,1.252009,0
261,9.151667,0
262,3.201777,1
263,8.988766,0
264,1.350246,0
265,0.22603,1
266,8.692473,0
267,0.095515,1
268,8.834827,1
269,0.115209,1
270,0.080325,0
271,0.176078,1
272,9.77345,0
273,0.199411,0
274,0.216377,1
275,0.181092,1
276,0.186114,0
277,0.069438,1
278,9.335235,0
279,0.381849,1
280,9.258412,1
281,10.446961,0
282,0.688618,0
283,0.065489,1
284,9.631257,0
285,9.314857,1
286,0.440624,1
287,0.130056,1
288,9.512164,0
289,10.852901,1
290,11.630323,1
291,4.14909,1
292,9.495169,1
293,0.161926,0
294,10.411183,0
295,0.17798,1
296,0.09286,1
297,8.751582,1
298,0.137707,1
299,3.156015,0
300,0.129748,1
301,1.567601,1
302,10.619359,1
303,0.409527,1
304,0.131027,0
305,3.106275,0
306,2.180565,0
307,0.546674,0
308,9.044046,1
309,0.170046,1
310,0.072195,1
311,11.210941,0
312,0.132929,0
313,1.52154,0
314,0.695856,1
315,0.152083,0
316,9.161268,0
317,8.484176,0
318,0.693408,0
319,8.152695,0
320,1.497502,0
321,9.926704,0
322,0.068013,1
323,0.256675,0
324,9.183867,0
325,9.260027,0
326,1.486494,1
327,1.606699,1
328,0.784021,0
329,10.211882,0
330,10.55541,0
331,0.63272,0
332,9.664897,1
333,0.595736,0
334,10.968274,0
335,0.099746,1
336,0.242795,0
337,3.646995,1
338,10.933554,0
339,0.981122,0
340,0.784648,0
341,9.949357,0
342,9.533956,0
343,0.436262,0
344,9.610291,0
345,3.338329,0
346,8.620448,0
347,0.175018,0
348,8.192753,0
349,0.338983,0
350,4.581041,1
351,10.59357,0
352,2.093087,0
353,0.117769,1
354,0.064544,1
355,0.370348,0
356,9.057215,0
357,9.762882,0
358,10.444174,0
359,0.062672,1
360,10.345351,0
361,0.105441,1
362,9.952896,0
363,8.963506,0
364,9.061183,0
365,9.876662,0
366,0.052862,0
367,3.342368,1
368,9.227081,1
369,0.273589,1
370,0.113012,1
371,10.640252,1
372,0.232081,0
373,2.061639,1
374,0.289148,1
375,0.167,1
376,2.078337,1
377,1.083406,0
378,2.359718,1
379,0.145927,1
380,2.208805,1
381,10.275938,0
382,11.537165,0
383,8.852792,0
384,2.300145,1
385,10.02019,0
386,9.942245,0
387,8.97908,0
388,0.231354,1
389,10.50209,1
390,9.210011,1
391,0.105713,1
392,0.593705,0
393,0.081902,1
394,9.41923,1
395,0.091958,0
396,10.759015,1
397,0.1764,1
398,10.038506,0
399,1.995789,0
400,2.720157,0
401,0.551486,1
402,2.571148,0
403,9.597754,0
404,0.697482,1
405,1.709678,1
406,0.940402,1
407,9.37534,0
408,0.18463,1
409,1.011055,1
410,0.209058,0
411,1.367222,1
412,10.498369,0
413,8.623613,0
414,9.859075,0
415,9.158941,0
416,2.718101,0
417,0.140494,1
418,8.926569,0
419,1.562078,1
420,8.435179,0
421,0.207219,1
422,9.50882,0
423,0.108033,1
424,3.086981,1
425,0.196915,1
426,0.144708,1
427,0.337204,0
428,0.137663,0
429,0.136218,1
430,0.063842,0
431,1.43426,0
432,0.111353,1
433,0.216116,1
434,9.704821,0
435,8.560452,1
436,0.580127,0
437,0.481172,1
438,0.159661,1
439,1.07774,0
440,0.214311,1
441,1.952229,0
442,1.663001,1
443,1.068179,1
444,10.370121,0
445,0.64462,1
446,0.97688,1
447,0.509408,0
448,0.105554,0
449,0.780959,1
450,0.588052,1
451,8.95493,1
452,0.198839,1
453,2.105998,0
454,0.569069,1
455,8.73723,0
456,2.245778,1
457,0.267767,0
458,9.238365,1
459,9.014444,0
460,4.108772,1
461,1.545938,1
462,9.101286,0
463,3.36038,1
464,9.864873,1
465,0.215601,0
466,0.216902,1
467,0.070779,1
468,9.040516,0
469,10.546956,1
470,0.486348,1
471,1.648386,0
472,1.722849,0
473,9.511516,0
474,10.361326,0
475,2.772603,1
476,0.044546,1
477,0.132394,0
478,0.198441,1
479,10.623406,0
480,11.028411,1
481,8.867568,1
482,0.474186,1
483,0.548614,1
484,0.219867,0
485,0.313467,0
486,0.097614,1
487,3.079606,0
488,3.466021,1
489,8.820006,1
490,0.286192,1
491,10.056866,0
492,0.850831,1
493,0.333524,1
494,1.635436,0
495,11.297839,0
496,9.359282,0
497,1.223344,0
498,0.321151,1
499,0.270337,1
500,0.678452,1
501,2.550103,1
502,9.412794,0
503,0.523981,0
504,10.156014,0
505,0.801264,1
506,1.625506,0
507,9.82076,1
508,0.233992,0
509,0.769597,1
510,2.505242,1
511,0.494169,1
512,0.63087,1
513,9.950625,0
514,10.404014,0
515,0.657342,1
516,0.34187,1
517,0.236053,0
518,9.457935,0
519,9.042333,0
520,1.791268,1
521,9.550814,0
522,1.771412,0
523,0.712233,0
524,0.243813,1
525,8.972425,0
526,10.360929,1
527,10.061362,0
528,9.342141,0
529,0.388042,0
530,9.438913,0
531,2.932647,1
532,10.635227,0
533,2.689837,1
534,0.322269,0
535,11.035739,0
536,0.067667,1
537,9.308276,0
538,2.281855,0
539,0.622744,0
540,8.905429,1
541,0.090006,1
542,0.674821,1
543,8.822339,0
544,0.24716,0
545,9.267423,0
546,0.319585,1
547,1.286935,1
548,2.072665,0
549,0.270801,1
550,0.224411,0
551,0.284693,0
552,10.232225,0
553,9.017883,1
554,0.191075,1
555,0.21345,0
556,8.893217,0
557,9.592117,0
558,9.850785,1
559,9.389902,1
560,0.190398,1
561,0.039851,1
562,9.897667,0
563,0.192895,1
564,0.454118,1
565,0.118158,0
566,1.670696,1
567,0.425536,0
568,3.363849,1
569,0.322704,0
570,2.516468,1
571,11.094952,0
572,1.454836,0
573,0.248748,1
574,4.391083,1
575,8.293276,0
576,2.607625,1
577,9.490724,0
578,9.007198,0
579,9.944896,0
580,1.949422,1
581,0.138424,1
582,9.054699,0
583,1.767125,0
584,0.202331,1
585,0.622396,1
586,0.539087,0
587,10.000925,0
588,0.076983,0
589,7.665703,0
590,3.085855,0
591,0.286133,1
592,8.325202,0
593,0.041742,1
594,0.095759,1
595,9.008673,0
596,0.563809,0
597,10.065055,1
598,10.674199,0
599,9.01041,0
600,3.941549,1
601,10.992458,1
602,0.361766,1
603,0.173205,1
604,1.348689,0
605,1.99482,1
606,0.473367,1
607,0.395736,0
608,9.492409,0
609,2.475093,1
610,10.136998,0
611,8.980704,0
612,0.076656,1
613,0.316242,0
614,0.273859,0
615,10.155719,1
616,0.134419,1
617,8.233731,0
618,10.096445,0
619,0.163375,0
620,1.97482,0
621,9.711263,0
622,9.245324,0
623,0.277149,0
624,10.461126,0
625,0.068821,1
626,0.167177,1
627,0.797732,0
628,9.388004,0
629,0.36136,1
630,10.307457,0
631,10.005735,0
632,2.473024,1
633,0.102916,1
634,0.621851,0
635,2.798314,1
636,0.217232,0
637,0.774875,0
638,2.714054,1
639,9.168986,1
640,0.270751,1
641,0.283958,0
642,0.170392,1
643,9.121079,0
644,3.978015,1
645,9.446443,0
646,2.875288,1
647,0.869102,1
648,0.932232,1
649,9.837334,1
650,0.080414,1
651,1.926997,0
652,1.673882,1
653,10.253174,0
654,3.310554,1
655,9.664703,1
656,0.447622,0
657,9.533367,0
658,0.771664,0
659,8.348561,1
660,0.146662,1
661,10.357027,0
662,11.077585,0
663,0.190784,1
664,0.096004,1
665,10.205649,0
666,0.192989,0
667,9.544394,0
668,0.161463,0
669,9.669181,0
670,0.94816,0
671,1.056463,1
672,0.314271,1
673,0.586699,0
674,0.129959,1
675,0.182951,0
676,0.057361,0
677,0.412526,0
678,1.411173,1
679,10.360402,0
680,10.851846,0
681,10.409795,0
682,9.524799,1
683,0.373221,1
684,0.372754,0
685,0.071811,1
686,2.041938,1
687,0.207869,0
688,4.389454,1
689,0.085445,1
690,2.833513,1
691,0.126885,0
692,9.260969,0
693,0.092725,1
694,0.572186,0
695,9.902231,0
696,0.250551,0
697,9.619945,0
698,11.297832,0
699,0.466559,1
700,0.322149,1
701,0.157037,0
702,0.086421,0
703,0.04389,0
704,9.179649,1
705,9.964371,1
706,0.348373,1
707,10.868657,0
708,0.418619,1
709,0.659299,1
710,9.74471,1
711,9.583611,0
712,2.240454,0
713,0.374652,0
714,0.435146,1
715,0.401418,0
716,0.22989,0
717,9.466934,0
718,0.075333,1
719,2.356728,1
720,8.977841,0
721,10.01403,0
722,0.197112,1
723,0.082306,0
724,0.192824,0
725,2.624801,1
726,1.511845,1
727,0.44266,1
728,1.779075,1
729,0.979001,1
730,2.196804,1
731,9.248616,0
732,1.060008,0
733,0.291155,1
734,0.046404,1
735,0.05573,1
736,0.152488,1
737,0.078872,1
738,0.276398,1
739,10.680075,0
740,8.807583,0
741,8.407259,0
742,11.00345,1
743,8.937785,1
744,9.896589,0
745,10.423806,0
746,9.474604,0
747,2.073822,1
748,0.378098,0
749,0.170384,1
750,0.290695,0
751,9.56601,0
752,2.087607,0
753,11.389684,0
754,8.315933,0
755,10.352096,0
756,10.416563,1
757,10.240161,1
758,0.254643,0
759,0.375565,1
760,1.296304,0
761,2.351203,0
762,10.398304,0
763,2.526756,1
764,0.243122,0
765,0.417017,0
766,1.10527,0
767,8.824864,1
768,0.046359,0
769,1.40038,0
770,0.074727,0
771,8.944483,0
772,1.157216,1
773,1.278501,1
774,0.074827,1
775,1.199122,1
776,9.119109,0
777,0.784511,1
778,0.282607,1
779,10.317013,1
780,0.955173,1
781,0.212083,1
782,9.950856,0
783,0.510773,0
784,9.57814,1
785,0.355798,0
786,10.572059,0
787,1.670074,0
788,0.055171,1
789,9.305305,0
790,10.635626,0
791,0.558104,1
792,9.277634,0
793,8.879564,1
794,0.612659,0
795,10.604098,0
796,4.519608,1
797,0.118565,0
798,9.261524,0
799,8.933426,1
800,0.096489,0
801,10.680856,0
802,1.810013,0
803,1.280337,1
804,9.042418,0
805,9.272552,0
806,10.221113,0
807,9.748882,1
808,0.449067,0
809,9.394405,0
810,1.625046,0
811,9.99069,0
812,9.015938,0
813,0.274989,1
814,0.135642,1
815,10.199777,0
816,0.201702,1
817,0.309489,0
818,2.181924,1
819,0.344998,0
820,11.083356,1
821,1.125783,0
822,9.629702,1
823,3.809871,1
824,0.343546,0
825,10.86081,1
826,0.217393,1
827,8.704114,1
828,0.0849,1
829,9.014336,1
830,0.114036,1
831,9.197387,0
832,0.171638,1
833,0.987599,0
834,1.557415,1
835,10.406957,0
836,1.591601,0
837,0.923457,1
838,0.31039,0
839,2.692966,1
840,1.909564,0
841,0.78865,0
842,0.083286,1
843,9.653201,0
844,1.543225,1
845,0.313553,0
846,1.729822,0
847,1.759898,1
848,9.427125,1
849,1.457428,1
850,9.827173,1
851,0.908831,0
852,1.553583,1
853,9.178848,0
854,9.871566,0
855,10.784255,0
856,0.746796,1
857,9.096694,0
858,8.662926,0
859,0.877869,1
860,1.623886,1
861,0.203673,0
862,9.668975,0
863,10.813128,1
864,1.230273,0
865,10.063066,1
866,9.935306,0
867,9.498036,0
868,10.237184,1
869,0.60967,1
870,0.121153,1
871,0.196143,0
872,0.342073,0
873,9.332683,0
874,0.139,1
875,10.505615,0
876,0.640657,1
877,0.436359,1
878,7.992385,1
879,0.50656,1
880,0.071276,1
881,0.325433,1
882,1.070467,0
883,10.111932,1
884,1.261286,0
885,4.187751,1
886,0.223231,0
887,1.638975,0
888,8.572675,0
889,2.371773,1
890,3.741889,1
891,0.066035,1
892,9.662102,0
893,0.058428,1
894,2.210433,0
895,1.465508,1
896,2.580747,1
897,9.049915,0
898,1.251068,1
899,10.705317,0
900,10.412871,0
901,9.292409,1
902,3.478387,0
903,0.118531,1
904,0.548607,0
905,10.730094,0
906,8.709087,0
907,2.174135,1
908,10.374259,0
909,9.245393,0
910,0.098722,1
911,1.245103,0
912,9.120632,0
913,0.185777,1
914,2.632744,0
915,1.532989,1
916,3.93991,1
917,1.094468,0
918,0.096815,1
919,0.069468,1
920,9.990051,1
921,10.147449,0
922,0.143296,1
923,0.335014,0
924,0.215764,1
925,8.917797,0
926,0.138166,0
927,8.417307,1
928,0.149288,0
929,1.628976,0
930,10.214278,0
931,3.953227,1
932,10.395822,0
933,10.477814,0
934,2.511276,1
935,11.105202,0
936,0.46474,0
937,0.080095,0
938,0.734987,1
939,9.172256,0
940,0.058946,0
941,9.667206,0
942,0.751927,0
943,2.206612,1
944,0.107166,1
945,9.836505,0
946,0.398493,0
947,4.069641,1
948,0.062377,1
949,0.080311,1
950,9.571623,0
951,1.67672,0
952,0.829612,0
953,0.098151,0
954,9.023561,0
955,9.498262,0
956,2.853791,1
957,0.814447,1
958,10.315146,0
959,0.153874,1
960,0.260267,1
961,0.145173,1
962,0.069893,1
963,0.430163,1
964,3.225349,1
965,1.134437,1
966,0.269391,1
967,0.383471,0
968,0.248672,0
969,2.117486,1
970,0.047661,1
971,0.051948,0
972,0.441251,0
973,11.136794,0
974,1.394429,1
975,0.234608,0
976,0.752167,0
977,10.874594,0
978,10.591856,0
979,1.843114,0
980,10.973188,0
981,9.831097,0
982,8.571184,0
983,9.035781,0
984,2.223155,1
985,9.105438,0
986,0.06649,1
987,9.258218,1
988,1.318142,1
989,0.679038,0
990,9.186382,0
991,0.378627,1
992,3.029676,1
993,0.052161,1
994,2.304961,0
995,9.085133,0
996,1.196513,1
997,3.019944,0
998,0.090399,1
999,0.286192,0
1000,8.364607,0
1001,0.525098,1
1002,3.23084,0
1003,0.19974,0
1004,0.093609,1
1005,1.24631,1
1006,0.345075,0
1007,1.126297,0
1008,0.448656,1
1009,0.61377,1
1010,3.358932,1
1011,0.31561,1
1012,3.257856,0
1013,0.092246,1
1014,10.351145,0
1015,8.968699,0
1016,0.061566,1
1017,1.041578,1
1018,8.39587,0
1019,2.434864,0
1020,10.470706,0
1021,0.162146,1
1022,0.443251,0
1023,0.230223,0
1024,0.10249,1
1025,9.108685,0
1026,2.560216,0
1027,0.8913,0
1028,9.904589,0
1029,0.40836,0
1030,9.706671,0
1031,2.443547,0
1032,9.910029,0
1033,0.194422,1
1034,9.553716,0
1035,2.985934,0
1036,0.69544,0
1037,0.092953,1
1038,1.560509,1
1039,10.581263,1
1040,0.083098,1
1041,0.98964,0
1042,2.268757,0
1043,0.197738,1
1044,10.690401,0
1045,9.952204,0
1046,10.902479,0
1047,0.659524,0
1048,0.572504,0
1049,2.364453,1
1050,0.158077,0
1051,0.307299,1
1052,9.88606,0
1053,8.920183,0
1054,1.280884,0
1055,1.017551,1
1056,9.397689,1
1057,0.043278,0
1058,1.003536,1
1059,0.154754,1
1060,0.438876,1
1061,0.191758,1
1062,0.560814,1
1063,1.111614,1
1064,3.146099,0
1065,9.45745,0
1066,9.122599,0
1067,0.115114,1
1068,1.210141,0
1069,1.602805,0
1070,0.190797,1
1071,4.034382,1
1072,2.606844,1
1073,8.839561,1
1074,0.162701,1
1075,9.193823,0
1076,0.268202,1
1077,0.310735,0
1078,9.556512,0
1079,0.131886,1
1080,0.237425,0
1081,9.862113,0
1082,0.086406,0
1083,10.807497,1
1084,0.12631,1
1085,0.070796,0
1086,0.092765,1
1087,0.270213,0
1088,0.155473,0
1089,0.190825,1
1090,1.813156,0
1091,1.254151,0
1092,0.230382,0
1093,10.237182,0
1094,0.182883,0
1095,1.079626,0
1096,0.157674,1
1097,1.460033,0
1098,11.442125,1
1099,1.240146,0
1100,0.086219,0
1101,9.571497,1
1102,1.256312,0
1103,10.410935,0
1104,10.147826,0
1105,0.173606,0
1106,0.572564,0
1107,0.207425,1
1108,0.169564,1
1109,0.55929,1
1110,10.235065,0
1111,0.346364,0
1112,9.160909,0
1113,9.478611,0
1114,1.223247,1
1115,8.485568,0
1116,0.106075,1
1117,2.229378,0
1118,2.393182,1
1119,0.574847,1
1120,0.176256,1
1121,9.397723,0
1122,0.246284,1
1123,9.964132,0
1124,9.654748,0
1125,10.280523,1
1126,8.211371,1
1127,9.012772,0
1128,0.128174,1
1129,2.943738,1
1130,2.011353,0
1131,0.095182,1
1132,8.384601,1
1133,0.156099,0
1134,0.268783,1
1135,0.375003,1
1136,1.253716,0
1137,0.067713,1
1138,0.169095,1
1139,3.950349,1
1140,1.28173,1
1141,0.585412,1
1142,8.552752,0
1143,3.555222,0
1144,10.016569,0
1145,9.8523,0
1146,0.684941,1
1147,1.116134,1
1148,10.102311,0
1149,0.264337,0
1150,9.283926,0
1151,2.233244,0
1152,9.651632,0
1153,8.561947,1
1154,11.631743,0
1155,0.249157,0
1156,8.574781,0
1157,0.233671,0
1158,9.312376,0
1159,0.179215,1
1160,0.150221,1
1161,0.79631,1
1162,9.026686,0
1163,0.370101,0
1164,10.598245,0
1165,1.214599,0
1166,0.109689,1
1167,0.109692,0
1168,0.249997,1
1169,3.259036,0
1170,0.274806,0
1171,2.762296,1
1172,9.918638,0
1173,10.389506,0
1174,0.07153,0
1175,8.924196,1
1176,9.463921,0
1177,10.215255,1
1178,0.056228,1
1179,1.446142,0
1180,9.74885,0
1181,10.222689,0
1182,0.084426,1
1183,0.295991,1
1184,1.877435,0
1185,2.416236,1
1186,0.112115,1
1187,9.327351,0
1188,0.683667,1
1189,0.203633,1
1190,0.58815,0
1191,9.237202,0
1192,0.600608,1
1193,1.042887,0
1194,0.902126,0
1195,10.190039,0
1196,0.059179,0
1197,0.139827,0
1198,9.315722,1
1199,10.454627,0
1200,0.697265,0
1201,0.084683,1
1202,1.685719,1
1203,9.2036,1
1204,1.368676,1
1205,0.605424,0
1206,10.582576,0
1207,0.426578,0
1208,0.092934,0
1209,9.499969,1
1210,0.332315,0
1211,9.85293,0
1212,0.959895,1
1213,0.114378,1
1214,10.082179,1
1215,9.408686,0
1216,0.311928,0
1217,4.027428,0
1218,0.031508,1
1219,0.11017,1
1220,1.436764,0
1221,2.291279,0
1222,0.116732,1
1223,9.614494,1
1224,0.148492,1
1225,0.120542,0
1226,0.145191,1
1227,10.256392,0
1228,8.744522,0
1229,0.083297,1
1230,10.119143,1
1231,1.504331,1
1232,0.300126,1
1233,0.113539,1
1234,9.220556,0
1235,8.759003,0
1236,0.654949,0
1237,0.362432,0
1238,9.514567,1
1239,1.632177,0
1240,9.331231,0
1241,0.240319,0
1242,8.414104,0
1243,0.161836,1
1244,10.305627,0
1245,9.07942,1
1246,2.732446,1
1247,2.799741,1
1248,10.853849,1
1249,0.122636,1
1250,2.36028,1
1251,0.167174,1
1252,9.007142,0
1253,10.96571,1
1254,0.103845,1
1255,0.436787,1
1256,0.188473,1
1257,8.429948,0
1258,1.615284,1
1259,0.582683,0
1260,8.576908,0
1261,0.148483,1
1262,0.192616,1
1263,9.809662,0
1264,10.494037,1
1265,10.97763,0
1266,0.26748,1
1267,0.094224,1
1268,0.055166,1
1269,8.519796,0
1270,9.660771,1
1271,9.002781,1
1272,10.491253,0
1273,10.658102,1
1274,0.450134,0
1275,0.210335,0
1276,9.017893,0
1277,10.302085,0
1278,0.084896,0
1279,0.499786,1
1280,10.003993,0
1281,10.20597,0
1282,9.760383,0
1283,10.068171,1
1284,10.185085,0
1285,8.582027,0
1286,8.335349,0
1287,9.147266,1
1288,9.420319,0
1289,9.011706,0
1290,0.075946,1
1291,2.246699,0
1292,8.929371,0
1293,9.175273,0
1294,1.383957,1
1295,9.29928,0
1296,1.146698,1
1297,0.347803,0
1298,1.645661,1
1299,0.060416,1
1300,0.891581,1
1301,0.63162,1
1302,0.149377,0
1303,8.739108,0
1304,1.220785,1
1305,2.329615,0
1306,0.304683,1
1307,0.161338,1
1308,0.079641,0
1309,0.208896,1
1310,2.278763,0
1311,0.134837,1
1312,0.087634,1
1313,2.318556,0
1314,9.646626,0
1315,0.083227,0
1316,1.18239,0
1317,9.740672,0
1318,11.008725,0
1319,10.082538,0
1320,9.537349,0
1321,0.045249,1
1322,1.468779,0
1323,9.652787,1
1324,8.642227,1
1325,0.373452,0
1326,2.171277,0
1327,0.172718,1
1328,0.915309,0
1329,8.940308,1
1330,1.994704,0
1331,9.347747,0
1332,0.242478,0
1333,1.144963,0
1334,0.564137,0
1335,9.875273,0
1336,1.697425,0
1337,0.067576,1
1338,0.124028,1
1339,2.261048,0
1340,0.111918,1
1341,0.184417,0
1342,4.074074,0
1343,3.218864,1
1344,0.513348,0
1345,2.889303,0
1346,0.252942,1
1347,0.12126,1
1348,1.072458,0
1349,0.084588,1
1350,2.490028,0
1351,2.477092,0
1352,0.20858,1
1353,0.124032,1
1354,9.340651,0
1355,2.235652,0
1356,0.175433,1
1357,8.564016,0
1358,0.315549,1
1359,0.392275,1
1360,0.636627,1
1361,0.148332,1
1362,0.20909,1
1363,0.81802,1
1364,0.579356,1
1365,0.096322,0
1366,2.377433,0
1367,1.105718,1
1368,10.972734,0
1369,0.219217,1
1370,0.728541,1
1371,10.914019,1
1372,0.100236,1
1373,0.094065,1
1374,9.865996,0
1375,3.264561,1
1376,10.519037,0
1377,11.407166,0
1378,9.90045,1
1379,0.099016,1
1380,0.153077,1
1381,0.067408,1
1382,9.489265,0
1383,8.755953,1
1384,0.404842,0
1385,8.992047,0
1386,8.902714,0
1387,0.204051,1
1388,2.334972,1
1389,0.098226,0
1390,10.718471,0
1391,9.706954,1
1392,0.136755,0
1393,0.059413,1
1394,9.754133,0
1395,0.466309,1
1396,9.662709,0
1397,2.31113,0
1398,0.876863,1
1399,0.064064,1
1400,9.312013,0
1401,8.845778,0
1402,0.256352,1
1403,0.199373,1
1404,2.858503,1
1405,2.984559,1
1406,9.877052,0
1407,9.993694,1
1408,1.438596,1
1409,0.194184,0
1410,10.099884,0
1411,0.177993,1
1412,8.934642,0
1413,9.849401,0
1414,9.02149,0
1415,1.586994,0
1416,10.597589,1
1417,9.5191,1
1418,0.095137,0
1419,0.087619,0
1420,0.336619,1
1421,0.428515,1
1422,9.683253,0
1423,9.469695,0
1424,0.796704,0
1425,10.799518,1
1426,9.29329,1
1427,0.313124,0
1428,9.819727,0
1429,8.979105,0
1430,0.183356,1
1431,0.262755,1
1432,8.531581,1
1433,0.39934,1
1434,0.359712,0
1435,9.671023,0
1436,9.916495,0
1437,0.727045,1
1438,9.828243,0
1439,10.671231,1
1440,9.799869,0
1441,9.546571,1
1442,0.998564,0
1443,8.693905,0
1444,9.120622,0
1445,9.537322,0
1446,2.401293,1
1447,0.691248,1
1448,0.242206,0
1449,9.889014,1
1450,0.077925,1
1451,0.926556,1
1452,0.184684,0
1453,10.426894,0
1454,0.062787,1
1455,0.143835,1
1456,0.418887,0
1457,0.888692,0
1458,9.343228,0
1459,10.56253,0
1460,10.037873,1
1461,0.280456,1
1462,0.199235,1
1463,2.256161,0
1464,0.078806,1
1465,0.176003,0
1466,10.542757,0
1467,8.663349,0
1468,0.169225,1
1469,0.179542,1
1470,0.210326,0
1471,9.441667,0
1472,0.198338,0
1473,0.786652,0
1474,0.112897,1
1475,8.743032,0
1476,1.247727,1
1477,0.094821,1
1478,0.203263,1
1479,8.865899,1
1480,0.13512,1
1481,8.955504,1
1482,0.146436,0
1483,10.724595,0
1484,10.669019,1
1485,9.572724,0
1486,0.298915,0
1487,8.835307,0
1488,9.863016,0
1489,0.373545,1
1490,0.156715,1
1491,9.787577,0
1492,0.121428,0
1493,0.197714,0
1494,0.138316,0
1495,0.512442,1
1496,0.205381,1
1497,9.778424,0
1498,9.559829,0
1499,10.401248,0
1500,0.295044,1
1501,0.110078,0
1502,0.306959,0
1503,8.473343,0
1504,0.555397,1
1505,1.339435,0
1506,0.073904,1
1507,0.152612,0
1508,0.076652,1
1509,1.332523,0
1510,1.642659,1
1511,1.988955,1
1512,0.101967,1
1513,9.662868,0
1514,1.034331,1
1515,10.077724,1
1516,0.099585,0
1517,10.460464,1
1518,0.068138,0
1519,0.391393,1
1520,0.147442,1
1521,2.893251,1
1522,9.913195,0
1523,10.383677,0
1524,0.84989,1
1525,0.033577,1
1526,0.115643,0
1527,0.820812,0
1528,9.416289,0
1529,8.303146,0
1530,8.865251,1
1531,0.255144,0
1532,1.710929,0
1533,0.331155,1
1534,0.696696,0
1535,9.701681,0
1536,2.801549,1
1537,3.479382,1
1538,10.40531,0
1539,0.099615,1
1540,9.722344,1
1541,2.501252,1
1542,3.101614,0
1543,1.114054,1
1544,0.237294,1
1545,10.364098,0
1546,9.279488,0
1547,10.542838,0
1548,0.093723,1
1549,0.694471,0
1550,11.149817,0
1551,0.184824,1
1552,8.566268,1
1553,9.623813,0
1554,10.106203,1
1555,1.776156,0
1556,1.829669,1
1557,4.141426,1
1558,0.254441,1
1559,0.28823,0
1560,0.110528,1
1561,3.659056,1
1562,9.317484,0
1563,0.701787,1
1564,0.091509,1
1565,9.214139,1
1566,0.091671,0
1567,2.998627,1
1568,0.661037,1
1569,10.829615,0
1570,0.313035,0
1571,0.076467,1
1572,0.239426,1
1573,4.835734,1
1574,9.382828,1
1575,0.643143,0
1576,0.090999,1
1577,0.510389,1
1578,0.158948,1
1579,0.159285,1
1580,0.2281,1
1581,4.067027,1
1582,0.168016,0
1583,0.050526,1
1584,0.120332,1
1585,0.093413,1
1586,10.055725,1
1587,9.488794,0
1588,9.693645,0
1589,9.115282,0
1590,0.411656,1
1591,1.857942,1
1592,0.415067,1
1593,0.0376,1
1594,0.345832,0
1595,9.881014,0
1596,10.840235,1
1597,1.750565,0
1598,0.109488,1
1599,8.544304,0
1600,0.154598,1
1601,9.539744,1
1602,0.366263,1
1603,0.182506,0
1604,0.132269,1
1605,0.134605,1
1606,0.110093,0
1607,10.079898,1
1608,0.148559,0
1609,0.071557,1
1610,9.530794,1
1611,0.084495,1
1612,0.666363,0
1613,2.273596,0
1614,0.414466,0
1615,11.119248,1
1616,0.61192,0
1617,2.740965,1
1618,0.060213,0
1619,0.185745,1
1620,10.088023,0
1621,2.902288,1
1622,0.587296,0
1623,0.15763,0
1624,3.474612,1
1625,1.74938,0
1626,0.161982,0
1627,2.235667,1
1628,0.103833,1
1629,0.842289,0
1630,9.868073,1
1631,0.074603,1
1632,1.123345,1
1633,2.571349,1
1634,9.335639,1
1635,2.396662,1
1636,0.175588,1
1637,0.156424,1
1638,2.34952,1
1639,0.134847,1
1640,0.285127,0
1641,10.182568,0
1642,10.765985,0
1643,0.480265,1
1644,1.849622,1
1645,0.218143,1
1646,10.00162,0
1647,8.813705,0
1648,9.335833,0
1649,8.773238,1
1650,9.62034,0
1651,9.965353,1
1652,9.954377,1
1653,0.319479,0
1654,9.27707,1
1655,10.052408,0
1656,0.446019,0
1657,10.408314,1
1658,9.583431,0
1659,0.669806,1
1660,9.612474,0
1661,10.475075,0
1662,2.696158,0
1663,1.272865,0
1664,0.203239,1
1665,0.163706,1
1666,10.467617,1
1667,9.32091,0
1668,0.058644,0
1669,0.224654,0
1670,1.731682,0
1671,0.164558,1
1672,9.68009,1
1673,0.089492,1
1674,0.286244,1
1675,0.761822,0
1676,9.7171,0
1677,9.881121,0
1678,0.302007,0
1679,1.034606,1
1680,10.311657,1
1681,1.568727,1
1682,1.99797,0
1683,8.621958,0
1684,2.012316,0
1685,0.156688,0
1686,1.451532,1
1687,1.956343,0
1688,0.316891,0
1689,9.291691,1
1690,10.662764,1
1691,8.7185,0
1692,1.913523,0
1693,0.21505,1
1694,2.203918,0
1695,0.537702,1
1696,11.176553,0
1697,0.098199,1
1698,9.091436,0
1699,0.125802,1
1700,0.391369,1
1701,0.657659,0
1702,0.446441,0
1703,2.205615,0
1704,2.837017,0
1705,0.522516,1
1706,0.580369,0
1707,0.771214,1
1708,0.561891,1
1709,0.200723,1
1710,10.346076,0
1711,2.421327,0
1712,0.211746,0
1713,10.505523,0
1714,9.071788,0
1715,0.081577,0
1716,0.829654,0
1717,3.323745,1
1718,9.760957,0
1719,9.682101,0
1720,0.930245,0
1721,9.607821,0
1722,1.938733,0
1723,10.165134,1
1724,8.43672,1
1725,0.078998,0
1726,11.106032,0
1727,0.858742,0
1728,10.199473,0
1729,0.174058,1
1730,10.10577,0
1731,10.523132,0
1732,10.708203,1
1733,0.361675,0
1734,9.892653,1
1735,0.132269,1
1736,0.227508,1
1737,0.295607,1
1738,0.398525,1
1739,9.694126,0
1740,0.501381,0
1741,0.29903,0
1742,0.440579,1
1743,9.929376,0
1744,2.361784,0
1745,0.357114,1
1746,0.475957,1
1747,0.27811,0
1748,0.714512,1
1749,1.455147,1
1750,0.100669,0
1751,0.512801,1
1752,1.070984,1
1753,0.451737,0
1754,0.072945,1
1755,0.353366,1
1756,2.35353,1
1757,0.398295,0
1758,9.276438,0
1759,9.374534,1
1760,2.430491,0
1761,0.141499,1
1762,1.887874,1
1763,3.496829,1
1764,0.220231,0
1765,9.446908,1
1766,9.253657,0
1767,10.417904,1
1768,0.296692,0
1769,9.275212,0
1770,0.57254,1
1771,2.758013,0
1772,9.04267,0
1773,10.684435,1
1774,0.926766,1
1775,0.450369,1
1776,0.075964,1
1777,9.538596,0
1778,1.167279,0
1779,0.192384,1
1780,10.204696,0
1781,0.84025,0
1782,2.936218,1
1783,8.760334,1
1784,0.103381,1
1785,0.882018,1
1786,0.089632,1
1787,0.102328,1
1788,1.877863,1
1789,10.152029,0
1790,8.689322,0
1791,0.107229,1
1792,0.902219,1
1793,9.681758,0
1794,0.291959,1
1795,8.962265,1
1796,9.168934,0
1797,10.371204,0
1798,10.471241,0
1799,9.031517,1
1800,1.211381,0
1801,0.122487,0
1802,0.159189,1
1803,7.746829,0
1804,9.560158,0
1805,8.915714,0
1806,0.312301,0
1807,0.472349,0
1808,9.534672,0
1809,9.829932,1
1810,0.121743,1
1811,9.698213,1
1812,0.35342,0
1813,0.803821,1
1814,0.167704,1
1815,8.952704,0
1816,1.081994,1
1817,9.709287,1
1818,0.274805,0
1819,10.607996,0
1820,9.231521,0
1821,0.848637,1
1822,0.142468,1
1823,9.055173,0
1824,2.328717,1
1825,0.116352,1
1826,0.081193,0
1827,0.112569,1
1828,9.829023,1
1829,0.105885,1
1830,0.253631,1
1831,0.179195,1
1832,0.094266,0
1833,0.274278,1
1834,9.621788,0
1835,0.082785,1
1836,1.662969,0
1837,9.465884,0
1838,0.245673,0
1839,0.188942,1
1840,0.107342,0
1841,0.490142,1
1842,9.046958,1
1843,1.110327,1
1844,0.102272,1
1845,8.08384,0
1846,0.690202,0
1847,0.680547,0
1848,2.302912,1
1849,1.130339,1
1850,0.818167,0
1851,3.106328,1
1852,0.233936,1
1853,0.401751,1
1854,0.589,1
1855,9.952291,1
1856,0.36161,1
1857,8.597721,0
1858,2.290502,1
1859,3.328543,0
1860,3.47843,0
1861,10.444484,0
1862,10.535151,1
1863,0.080726,0
1864,0.226472,1
1865,10.107302,0
1866,0.163466,1
1867,3.158175,1
1868,2.435848,0
1869,9.428198,1
1870,10.709417,0
1871,10.271437,0
1872,0.451005,1
1873,0.447784,1
1874,9.974034,0
1875,0.104256,1
1876,1.019823,1
1877,9.489313,0
1878,10.417155,1
1879,0.09108,0
1880,9.086567,1
1881,2.701834,0
1882,8.775521,1
1883,0.211389,1
1884,2.77318,1
1885,0.786538,1
1886,0.104237,1
1887,0.406431,1
1888,0.482448,0
1889,0.533687,0
1890,0.078458,1
1891,10.166702,0
1892,0.618287,1
1893,2.812765,1
1894,0.105696,1
1895,1.6702,0
1896,0.206575,0
1897,3.271476,1
1898,10.263716,1
1899,0.681772,0
1900,0.649941,1
1901,0.566528,0
1902,9.832257,0
1903,2.880402,0
1904,2.328499,1
1905,9.912418,0
1906,8.573061,0
1907,0.070424,1
1908,11.14305,0
1909,1.561855,0
1910,0.517673,1
1911,9.394746,1
1912,0.072708,0
1913,0.303861,1
1914,9.513646,0
1915,0.344779,0
1916,11.220603,1
1917,10.599562,0
1918,0.535271,0
1919,9.033583,0
1920,0.156828,1
1921,0.393748,1
1922,9.73684,0
1923,0.115615,1
1924,1.113796,0
1925,0.223641,0
1926,0.180445,1
1927,0.917402,0
1928,0.285355,1
1929,0.365333,0
1930,2.417855,1
1931,1.087467,1
1932,0.410336,0
1933,10.37785,0
1934,1.97073,1
1935,2.018224,1
1936,10.151711,0
1937,10.930916,0
1938,0.150339,1
1939,0.129981,1
1940,8.573223,0
1941,0.542097,0
1942,0.811096,1
1943,0.900232,1
1944,2.014042,0
1945,0.140675,1
1946,0.495863,0
1947,1.816911,0
1948,0.444819,0
1949,10.630811,1
1950,0.260016,1
1951,1.498527,1
1952,0.169031,1
1953,9.301762,1
1954,9.822461,1
1955,9.585926,0
1956,0.70238,0
1957,3.590089,1
1958,10.144954,0
1959,0.3087,1
1960,0.090124,0
1961,0.768028,1
1962,0.717435,1
1963,9.110875,0
1964,0.143519,1
1965,10.240243,0
1966,1.788644,0
1967,0.306873,1
1968,9.710777,0
1969,0.971116,0
1970,9.407298,0
1971,0.387451,1
1972,0.254612,0
1973,0.323003,0
1974,1.307012,1
1975,0.319511,1
1976,9.646118,1
1977,0.081535,0
1978,3.55864,1
1979,0.590524,0
1980,2.758131,1
1981,9.054826,0
1982,8.238996,1
1983,9.399422,0
1984,2.074024,1
1985,10.622068,0
1986,3.360944,0
1987,10.237211,0
1988,0.273777,1
1989,0.161151,1
1990,1.146107,1
1991,0.749092,1
1992,8.594709,0
1993,1.598273,0
1994,8.824218,1
1995,9.778443,0
1996,2.384703,1
1997,9.089239,0
1998,1.057287,0
1999,0.221048,1
2000,9.388813,0
2001,10.110828,0
2002,0.490058,0
2003,0.470103,1
2004,10.030848,0
2005,9.50207,0
2006,0.095304,1
2007,0.104609,0
2008,9.113621,0
2009,8.80329,0
2010,1.055403,0
2011,1.55139,0
2012,0.082376,1
2013,2.107168,0
2014,0.201797,1
2015,8.750679,0
2016,0.174952,0
2017,8.10913,0
2018,1.979949,0
2019,0.91791,0
2020,10.796669,1
2021,8.357016,0
2022,0.051873,0
2023,1.335181,1
2024,0.104563,1
2025,2.149468,0
2026,8.319529,0
2027,0.89327,1
2028,0.177633,0
2029,8.915281,0
2030,0.4114,1
2031,0.082215,1
2032,1.615261,1
2033,3.234112,1
2034,0.138178,1
2035,9.845627,0
2036,0.081401,0
2037,0.537826,0
2038,0.197316,0
2039,1.910341,1
2040,8.444589,0
2041,0.284827,0
2042,0.124285,0
2043,2.373047,0
2044,11.21961,0
2045,2.332407,1
2046,0.338232,0
2047,0.112936,1
2048,1.390875,1
2049,2.030291,1
2050,9.654484,1
2051,10.140439,1
2052,0.549253,1
2053,0.279371,1
2054,0.237088,0
2055,9.826743,1
2056,0.39792,1
2057,1.582874,0
2058,8.887415,1
2059,4.861407,1
2060,0.100005,1
2061,10.27618,0
2062,9.283788,0
2063,0.558498,1
2064,0.746118,1
2065,10.178195,0
2066,0.130613,0
2067,0.046794,1
2068,2.028731,1
2069,9.606849,0
2070,0.042561,1
2071,0.692233,0
2072,9.561003,0
2073,0.11177,0
2074,0.230217,1
2075,11.253397,0
2076,0.137292,1
2077,0.375942,0
2078,9.6252,0
2079,2.546863,1
2080,0.175953,0
2081,0.851363,0
2082,9.401915,1
2083,1.281832,1
2084,1.958416,1
2085,0.063919,1
2086,10.044436,0
2087,9.404605,0
2088,1.517331,0
2089,0.182856,1
2090,0.189358,0
2091,2.794904,1
2092,0.049892,1
2093,2.274328,0
2094,9.947726,0
2095,9.819103,0
2096,0.465803,0
2097,0.106128,1
2098,2.871743,1
2099,0.513608,1
2100,9.52385,0
2101,9.035473,0
2102,0.179588,1
2103,0.912238,1
2104,0.1215,0
2105,0.676108,1
2106,9.775855,0
2107,1.867042,1
2108,3.072431,0
2109,9.756083,0
2110,1.565597,0
2111,9.852033,0
2112,1.296158,0
2113,0.877998,1
2114,0.756983,0
2115,0.767148,0
2116,0.098441,1
2117,0.10609,1
2118,1.676897,0
2119,0.378831,1
2120,9.768306,0
2121,0.652725,1
2122,0.037485,0
2123,2.750412,1
2124,10.089203,0
2125,8.9043,1
2126,2.515501,0
2127,8.676776,1
2128,9.53472,1
2129,0.186063,0
2130,0.431874,1
2131,0.09781,1
2132,0.333957,1
2133,9.670211,0
2134,0.169061,1
2135,8.846927,0
2136,9.47551,0
2137,0.073679,1
2138,10.721756,0
2139,0.170034,1
2140,0.171695,1
2141,7.937717,1
2142,0.959359,1
2143,10.441652,0
2144,0.422228,0
2145,1.463704,0
2146,0.221301,1
2147,10.580027,0
2148,2.231609,0
2149,0.47934,0
2150,8.448132,0
2151,0.064915,1
2152,8.826807,0
2153,9.418816,1
2154,1.078453,1
2155,2.16612,0
2156,9.140263,1
2157,0.34338,1
2158,0.180515,1
2159,0.206074,0
2160,2.052849,1
2161,0.111289,0
2162,1.449087,1
2163,0.446383,0
2164,3.033813,0
2165,3.479729,0
2166,2.456451,1
2167,3.149523,0
2168,9.947733,1
2169,0.225683,1
2170,1.743037,0
2171,9.338102,0
2172,10.287706,0
2173,0.468571,1
2174,0.333475,0
2175,0.067396,1
2176,2.899246,1
2177,1.143972,1
2178,2.104559,0
2179,11.256261,0
2180,0.432325,0
2181,0.204197,1
2182,10.038048,0
2183,9.339179,1
2184,0.095404,1
2185,9.94376,1
2186,0.933419,0
2187,0.286533,1
2188,0.573832,0
2189,9.608123,0
2190,2.338181,1
2191,2.704677,0
2192,8.565223,0
2193,0.403663,1
2194,10.719979,0
2195,0.550401,1
2196,0.118657,1
2197,0.069748,0
2198,0.24169,0
2199,10.4553,0
2200,0.724229,0
2201,0.531969,0
2202,9.789255,0
2203,2.997555,1
2204,10.350126,0
2205,9.251501,1
2206,0.433727,0
2207,10.093517,0
2208,0.909162,0
2209,0.952671,1
2210,2.476705,0
2211,9.382837,1
2212,9.70384,0
2213,3.927539,0
2214,0.419342,0
2215,0.573524,0
2216,0.146082,1
2217,1.267595,0
2218,0.313071,1
2219,0.188089,1
2220,2.396292,0
2221,0.073882,1
2222,0.047187,1
2223,2.837877,0
2224,3.431001,1
2225,9.653109,0
2226,10.411452,0
2227,0.265393,0
2228,0.269603,0
2229,8.154047,0
2230,10.857702,0
2231,2.583554,1
2232,10.75622,0
2233,0.502124,1
2234,10.372019,0
2235,0.664311,1
2236,1.278943,1
2237,0.082559,1
2238,0.115626,1
2239,2.421787,1
2240,0.237989,0
2241,1.6453,1
2242,0.202803,0
2243,9.88325,0
2244,9.606509,0
2245,0.187691,0
2246,9.476503,1
2247,2.260297,0
2248,9.336473,0
2249,0.132684,1
2250,0.248735,0
2251,0.3108,1
2252,0.125778,1
2253,0.624601,1
2254,1.728526,0
2255,1.265284,0
2256,9.918684,0
2257,0.202932,0
2258,11.091743,0
2259,9.956155,1
2260,9.723505,0
2261,9.875863,0
2262,0.156071,1
2263,2.11338,1
2264,0.104377,1
2265,0.143522,1
2266,10.164696,0
2267,8.756736,0
2268,10.531458,0
2269,0.41975,0
2270,9.593911,0
2271,8.875923,0
2272,9.063707,0
2273,1.841276,0
2274,0.701184,0
2275,2.291557,1
2276,0.215288,1
2277,2.288595,0
2278,0.059439,1
2279,10.27298,0
2280,0.092778,0
2281,0.097486,0
2282,9.433775,0
2283,8.890817,0
2284,0.069311,1
2285,0.219375,0
2286,9.529085,0
2287,10.269122,1
2288,10.436931,1
2289,2.305914,1
2290,1.258208,1
2291,0.082284,1
2292,10.341193,1
2293,0.211279,0
2294,9.812257,0
2295,9.105158,1
2296,9.702722,0
2297,0.626583,1
2298,4.652064,1
2299,0.087548,1
2300,0.226999,1
2301,10.090623,1
2302,2.507385,1
2303,0.110947,1
2304,0.052237,0
2305,9.609903,0
2306,9.771287,0
2307,9.340974,0
2308,0.204815,1
2309,2.291159,0
2310,9.842542,1
2311,1.786457,1
2312,0.065882,0
2313,0.433218,0
2314,1.890599,0
2315,9.883886,0
2316,0.241244,0
2317,0.173206,1
2318,0.407459,1
2319,2.125057,1
2320,0.103737,0
2321,1.340065,1
2322,10.747507,1
2323,9.130999,1
2324,0.432048,1
2325,8.834476,0
2326,8.460139,1
2327,0.064912,0
2328,0.325126,0
2329,2.143782,0
2330,3.136734,1
2331,0.220515,1
2332,0.333276,0
2333,9.678598,0
2334,9.624907,1
2335,10.250283,1
2336,9.117616,0
2337,2.576082,0
2338,0.073903,1
2339,3.610124,1
2340,0.130627,0
2341,9.506921,0
2342,10.416966,0
2343,10.055814,1
2344,1.872025,0
2345,10.272678,0
2346,0.07576,1
2347,4.158847,1
2348,9.359858,0
2349,1.319153,1
2350,10.154979,0
2351,0.593613,1
2352,8.499649,0
2353,10.432517,1
2354,1.881817,1
2355,10.85017,0
2356,9.209677,0
2357,10.736906,1
2358,9.416829,1
2359,0.295527,0
2360,3.250228,1
2361,2.446571,1
2362,1.62689,1
2363,1.042005,1
2364,9.131991,0
2365,0.739901,1
2366,2.918775,0
2367,3.04056,0
2368,0.274441,1
2369,10.785725,1
2370,0.120137,1
2371,1.129342,0
2372,9.861794,1
2373,9.710504,0
2374,9.181644,0
2375,0.116261,0
2376,0.696115,0
2377,2.297816,1
2378,0.17793,1
2379,9.204447,0
2380,0.372822,1
2381,9.97922,0
2382,9.058981,0
2383,0.179989,1
2384,0.341651,0
2385,1.251722,0
2386,0.157218,1
2387,0.263196,0
2388,0.04562,0
2389,3.233419,1
2390,0.390093,0
2391,9.780409,0
2392,0.275365,1
2393,9.564459,0
2394,0.429351,1
2395,0.794076,1
2396,0.888275,1
2397,0.078302,1
2398,0.553029,0
2399,0.178985,1
2400,2.566152,1
2401,0.383757,1
2402,2.509278,0
2403,0.665493,0
2404,10.22351,1
2405,9.386388,0
2406,8.176371,1
2407,9.222783,0
2408,10.308335,0
2409,8.026938,1
2410,10.342311,0
2411,0.838341,1
2412,9.497445,0
2413,0.046343,0
2414,0.247958,1
2415,0.106393,0
2416,1.095504,0
2417,10.963942,0
2418,0.099473,1
2419,0.163493,1
2420,10.235151,0
2421,0.19134,1
2422,0.179294,1
2423,9.532054,0
2424,0.291137,1
2425,8.914859,0
2426,9.788557,0
2427,9.961014,0
2428,9.126993,0
2429,10.633746,0
2430,9.659593,0
2431,9.234457,0
2432,0.069655,0
2433,0.21702,0
2434,0.144476,0
2435,0.221547,1
2436,0.370688,0
2437,8.962523,0
2438,0.526138,0
2439,9.189348,0
2440,9.273696,1
2441,9.178133,1
2442,2.919253,0
2443,0.113613,1
2444,9.458261,1
2445,10.314573,0
2446,9.287533,1
2447,9.049641,1
2448,1.762695,1
2449,8.975907,0
2450,0.105717,1
2451,0.826247,1
2452,2.439241,0
2453,9.655134,1
2454,10.40459,1
2455,10.121067,0
2456,10.581417,0
2457,2.085237,0
2458,1.754818,0
2459,3.751699,0
2460,0.152621,1
2461,2.862232,1
2462,9.373204,1
2463,9.238856,0
2464,0.125548,0
2465,9.507662,0
2466,0.475675,0
2467,1.769844,1
2468,10.272207,0
2469,0.622494,1
2470,9.529916,1
2471,11.210158,1
2472,9.091262,0
2473,9.42967,0
2474,0.446676,1
2475,0.318312,0
2476,0.084313,1
2477,0.112502,1
2478,8.845496,0
2479,9.205119,0
2480,0.195145,1
2481,0.128759,1
2482,2.677128,0
2483,0.774568,0
2484,2.155359,0
2485,0.052561,0
2486,1.024953,1
2487,11.184223,1
2488,0.224415,1
2489,8.741962,1
2490,0.271832,0
2491,0.076565,1
2492,0.908345,1
2493,0.917862,1
2494,1.616915,0
2495,0.395111,1
2496,0.390339,1
2497,0.488657,1
2498,8.170919,1
2499,0.222423,1
2500,0.170893,1
2501,0.085864,0
2502,0.476954,1
2503,0.152506,0
2504,0.370957,0
2505,2.670778,0
2506,1.740345,0
2507,0.450976,1
2508,2.249205,1
2509,10.788009,1
2510,0.126017,0
2511,0.063032,0
2512,1.857273,1
2513,9.75577,0
2514,0.100561,1
2515,0.053641,1
2516,0.258904,1
2517,0.092257,1
2518,10.558975,0
2519,0.726253,1
2520,10.275741,0
2521,9.957388,0
2522,3.208465,0
2523,1.571126,1
2524,9.965448,0
2525,10.370563,1
2526,0.043979,1
2527,0.699753,1
2528,1.594323,0
2529,0.154575,1
2530,0.212295,0
2531,2.666034,1
2532,0.063284,1
2533,0.134182,1
2534,0.084006,0
2535,0.26946,1
2536,1.520895,0
2537,9.750004,0
2538,9.339695,0
2539,10.920549,1
2540,0.257622,1
2541,1.071701,1
2542,8.230885,0
2543,2.171011,1
2544,0.277608,1
2545,1.544896,0
2546,0.076571,1
2547,0.606639,1
2548,10.36976,1
2549,0.502874,1
2550,0.210707,1
2551,10.451164,0
2552,9.706374,1
2553,9.457588,1
2554,8.364905,0
2555,10.104172,1
2556,0.758614,1
2557,10.68399,1
2558,8.789217,0
2559,9.503191,0
2560,1.892283,1
2561,3.277391,1
2562,9.298658,0
2563,10.570107,0
2564,0.474918,1
2565,0.145096,1
2566,10.280476,0
2567,0.257541,1
2568,1.019359,1
2569,0.593893,0
2570,0.115412,1
2571,8.408025,0
2572,9.362667,1
2573,9.744865,1
2574,0.509151,0
2575,0.334689,1
2576,0.406319,0
2577,0.345353,1
2578,0.638272,1
2579,1.574804,1
2580,0.087622,1
2581,8.822717,0
2582,0.206541,1
2583,0.583782,0
2584,10.111506,0
2585,0.268259,0
2586,8.860646,0
2587,0.295133,1
2588,9.001139,0
2589,1.744487,0
2590,10.94569,1
2591,0.086783,1
2592,0.257995,0
2593,9.567604,1
2594,0.159762,1
2595,3.400189,1
2596,0.206941,1
2597,2.920705,1
2598,8.986673,1
2599,1.966996,0
2600,0.278949,1
2601,0.117508,0
2602,2.362712,0
2603,11.136056,1
2604,11.243118,0
2605,0.157988,1
2606,0.295816,1
2607,0.246422,1
2608,0.151335,1
2609,0.147977,1
2610,0.078306,1
2611,0.044061,0
2612,0.483038,1
2613,0.842995,1
2614,1.153811,1
2615,1.133011,0
2616,10.254711,0
2617,9.821139,0
2618,8.800065,0
2619,1.865296,0
2620,2.845338,1
2621,0.201967,1
2622,10.561964,0
2623,10.343308,1
2624,10.499526,1
2625,0.879975,0
2626,10.318064,0
2627,1.869158,1
2628,9.91418,0
2629,9.975187,1
2630,1.333394,0
2631,1.054837,0
2632,0.692394,1
2633,0.150829,1
2634,9.384343,0
2635,0.435055,1
2636,0.408852,1
2637,2.181919,1
2638,0.508976,1
2639,10.538355,1
2640,0.161601,1
2641,0.183731,1
2642,0.366082,0
2643,0.115447,1
2644,9.784194,1
2645,1.50403,0
2646,10.755922,1
2647,10.426336,0
2648,11.035179,0
2649,8.598339,0
2650,0.088079,1
2651,10.264032,0
2652,0.402037,1
2653,0.148513,1
2654,0.345135,0
2655,0.867096,0
2656,0.047727,1
2657,9.691461,0
2658,10.092283,0
2659,2.118635,1
2660,0.060011,1
2661,9.247546,0
2662,0.313142,1
2663,10.448039,0
2664,9.878095,0
2665,9.923646,0
2666,2.755609,1
2667,2.216169,0
2668,2.147233,1
2669,0.070699,1
2670,1.152889,1
2671,0.251111,1
2672,8.499401,0
2673,0.211774,0
2674,0.469559,0
2675,0.272372,1
2676,2.107118,0
2677,3.420496,1
2678,2.031078,0
2679,3.61237,1
2680,0.232718,1
2681,9.983664,0
2682,0.047522,1
2683,0.11512,1
2684,9.52345,0
2685,0.047972,1
2686,0.202984,0
2687,0.132674,1
2688,7.832224,0
2689,0.129037,1
2690,9.97425,1
2691,0.117967,0
2692,0.094409,1
2693,0.40347,0
2694,9.407749,0
2695,9.722913,0
2696,9.201,0
2697,2.399991,1
2698,0.284315,0
2699,11.010939,1
2700,10.646928,0
2701,9.667917,0
2702,9.990227,0
2703,0.463558,0
2704,0.084921,0
2705,9.092596,0
2706,9.086373,1
2707,0.726742,0
2708,10.274439,0
2709,0.39122,0
2710,0.613675,0
2711,1.871034,0
2712,0.237552,0
2713,9.687613,1
2714,0.169445,1
2715,11.945205,1
2716,0.159465,0
2717,9.244645,0
2718,9.242035,0
2719,0.154061,1
2720,0.211773,0
2721,0.567418,1
2722,1.175026,0
2723,0.240314,0
2724,0.474817,0
2725,0.403321,0
2726,0.051276,1
2727,0.359861,1
2728,10.165051,0
2729,10.933627,0
2730,2.249929,1
2731,9.333791,1
2732,0.206978,1
2733,1.835798,0
2734,0.079894,1
2735,10.113321,1
2736,0.484812,1
2737,9.357181,0
2738,8.283633,1
2739,10.136456,0
2740,0.574887,1
2741,0.99108,1
2742,0.073178,1
2743,9.703156,0
2744,0.237717,1
2745,0.937834,1
2746,9.325013,0
2747,10.296086,0
2748,10.569014,1
2749,8.418444,0
2750,3.247298,1
2751,0.284094,1
2752,9.426723,1
2753,0.295973,1
2754,1.240715,0
2755,0.095864,1
2756,9.883575,0
2757,9.517647,1
2758,0.157786,1
2759,9.840168,0
2760,0.15358,0
2761,2.070252,0
2762,11.360456,0
2763,10.69421,0
2764,0.728873,0
2765,0.046782,0
2766,0.03932,1
2767,0.550093,0
2768,3.435699,1
2769,8.523657,0
2770,9.093225,1
2771,9.230536,0
2772,0.246728,0
2773,0.263152,1
2774,0.060734,0
2775,0.321779,0
2776,1.628047,0
2777,0.100644,1
2778,1.405515,1
2779,10.864585,1
2780,10.154435,0
2781,3.153741,1
2782,0.091552,0
2783,0.131969,1
2784,0.141478,0
2785,1.033293,1
2786,0.122287,1
2787,7.901369,0
2788,9.617017,0
2789,1.362001,0
2790,10.154348,1
2791,0.949587,1
2792,0.156852,1
2793,0.683072,1
2794,1.004305,0
2795,9.702476,1
2796,0.637291,1
2797,0.160705,0
2798,0.488855,1
2799,9.951676,0
2800,9.340261,1
2801,1.717912,1
2802,1.010723,0
2803,0.094525,0
2804,0.192393,0
2805,1.916303,0
2806,0.092947,1
2807,9.387684,0
2808,2.676556,1
2809,0.0991,0
2810,9.692542,0
2811,0.222562,1
2812,9.270622,0
2813,10.719951,0
2814,2.923468,0
2815,0.500627,1
2816,2.56512,1
2817,1.30692,1
2818,10.338709,0
2819,1.734917,1
2820,0.038,0
2821,0.583692,0
2822,0.174823,1
2823,10.158478,0
2824,9.5761,1
2825,10.300786,1
2826,1.572117,0
2827,0.181815,1
2828,9.613733,0
2829,9.98452,1
2830,10.46215,0
2831,10.941778,1
2832,0.262213,0
2833,2.612249,0
2834,0.78559,1
2835,2.67749,1
2836,0.096805,1
2837,9.2539,0
2838,8.559185,1
2839,9.879835,0
2840,0.285515,1
2841,0.304218,0
2842,3.161585,1
2843,0.126174,1
2844,1.691533,1
2845,10.082178,0
2846,2.458915,1
2847,2.021615,0
2848,1.923957,1
2849,10.50924,1
2850,9.7419,1
2851,0.083349,1
2852,9.120425,1
2853,10.113535,1
2854,9.683894,0
2855,11.457339,0
2856,9.580585,0
2857,1.214072,1
2858,0.198791,1
2859,0.342326,1
2860,0.344263,1
2861,8.767761,0
2862,2.465499,1
2863,0.146733,1
2864,0.19345,1
2865,1.925466,0
2866,0.432866,1
2867,9.851405,0
2868,8.750322,1
2869,2.778617,1
2870,0.529046,0
2871,0.512592,0
2872,2.232262,1
2873,4.296856,1
2874,0.435676,0
2875,0.416184,1
2876,9.678163,0
2877,10.416162,0
2878,9.663002,0
2879,0.266606,1
2880,10.503193,1
2881,10.28911,1
2882,9.791631,1
2883,0.088151,0
2884,0.039943,0
2885,8.059965,1
2886,0.208661,0
2887,0.737442,0
2888,0.336813,1
2889,9.261597,1
2890,3.494922,1
2891,2.014008,0
2892,9.456855,0
2893,0.57956,0
2894,0.117172,1
2895,3.776773,1
2896,0.162263,1
2897,0.193007,0
2898,10.300076,0
2899,3.427248,1
2900,0.102372,0
2901,9.865458,0
2902,9.436946,0
2903,0.461613,1
2904,10.257775,0
2905,0.143184,1
2906,0.136161,0
2907,0.184027,1
2908,0.309683,0
2909,0.585686,0
2910,0.136279,0
2911,0.678047,1
2912,0.233533,1
2913,9.637676,0
2914,0.178353,1
2915,10.081268,0
2916,4.597476,1
2917,3.221511,1
2918,0.670387,0
2919,9.864347,0
2920,9.664883,0
2921,0.518933,1
2922,9.870266,0
2923,10.032854,0
2924,0.050959,1
2925,0.100548,1
2926,1.693374,1
2927,8.747451,1
2928,1.462254,0
2929,0.9158,0
2930,0.097369,1
2931,0.208126,1
2932,0.42186,1
2933,3.622289,0
2934,2.66197,1
2935,10.728676,0
2936,0.070732,1
2937,0.920858,1
2938,0.229181,1
2939,0.044974,1
2940,0.068516,1
2941,1.058141,1
2942,0.279489,1
2943,0.478887,1
2944,8.910261,1
2945,8.951391,1
2946,2.872291,1
2947,9.978853,0
2948,0.13172,0
2949,0.311374,1
2950,0.828529,0
2951,2.463305,1
2952,0.294132,0
2953,0.06589,0
2954,1.886706,0
2955,9.545041,0
2956,1.985236,0
2957,9.283015,0
2958,9.744533,0
2959,0.137023,1
2960,2.482768,0
2961,9.675246,0
2962,0.07378,1
2963,9.517394,0
2964,9.365728,1
2965,0.036645,1
2966,1.410807,0
2967,10.338003,0
2968,0.263048,1
2969,2.91959,0
2970,1.652692,0
2971,0.062477,1
2972,0.807708,1
2973,9.25978,1
2974,9.114502,0
2975,3.614362,1
2976,9.5508,0
2977,0.902339,0
2978,2.393903,0
2979,0.560071,1
2980,1.808014,0
2981,0.090686,1
2982,9.694189,1
2983,0.122705,1
2984,9.013912,0
2985,0.659265,1
2986,1.893614,0
2987,8.672703,0
2988,1.274898,1
2989,9.359723,0
2990,0.190283,1
2991,1.814618,1
2992,8.654036,0
2993,8.61458,0
2994,0.167864,1
2995,0.262996,1
2996,9.477057,1
2997,0.413214,0
2998,9.236121,1
2999,0.454645,0
3000,1.023963,1
3001,0.891016,0
3002,9.876593,0
3003,10.813187,1
3004,0.636616,1
3005,0.525583,0
3006,2.612816,1
3007,0.264795,0
3008,9.348398,0
3009,10.437643,0
3010,9.670001,0
3011,10.401336,0
3012,2.322416,1
3013,8.900203,0
3014,8.794274,0
3015,10.255805,0
3016,0.069068,1
3017,0.681798,1
3018,0.118612,1
3019,10.07973,1
3020,3.202987,1
3021,8.653601,0
3022,1.521319,1
3023,1.89668,0
3024,8.91294,0
3025,8.559422,0
3026,0.329435,1
3027,7.78806,0
3028,0.148521,1
3029,0.107761,1
3030,2.136597,0
3031,0.150843,1
3032,0.213654,0
3033,2.515018,1
3034,0.057005,1
3035,8.531713,0
3036,0.406706,0
3037,2.367565,0
3038,8.703106,0
3039,1.462875,0
3040,9.594076,0
3041,8.885181,0
3042,8.610861,0
3043,0.131251,1
3044,0.328936,0
3045,10.062512,0
3046,1.936078,0
3047,0.091108,0
3048,0.952109,0
3049,1.315199,1
3050,10.074944,0
3051,4.601353,1
3052,0.177136,1
3053,0.22999,0
3054,0.291052,1
3055,0.302123,0
3056,0.314855,0
3057,10.863174,0
3058,1.008701,1
3059,10.158313,0
3060,9.510656,1
3061,0.788478,0
3062,1.553953,1
3063,10.158056,0
3064,0.064499,0
3065,0.13479,0
3066,8.88162,0
3067,0.083992,0
3068,8.68364,0
3069,10.34442,0
3070,0.215191,1
3071,0.212691,0
3072,0.074681,1
3073,1.644981,1
3074,1.66019,0
3075,0.388812,0
3076,1.046534,1
3077,9.853642,0
3078,0.070157,1
3079,9.769764,0
3080,8.430951,1
3081,0.286934,1
3082,0.541525,1
3083,2.372139,0
3084,0.925107,0
3085,0.235006,1
3086,1.205916,0
3087,9.99424,0
3088,0.240124,1
3089,0.118572,1
3090,10.520667,1
3091,0.137369,1
3092,2.895623,1
3093,8.436687,0
3094,1.685514,1
3095,0.300246,0
3096,0.40301,0
3097,0.400979,1
3098,1.752858,1
3099,10.041931,0
3100,9.955737,0
3101,0.354503,1
3102,1.686673,1
3103,0.068481,1
3104,10.909685,0
3105,10.624822,0
3106,0.847625,1
3107,9.513536,0
3108,9.607776,0
3109,9.611161,0
3110,2.341604,0
3111,0.082832,1
3112,0.508237,0
3113,8.205457,1
3114,0.178507,1
3115,1.827588,0
3116,0.133916,1
3117,0.062566,0
3118,8.312796,1
3119,8.926748,1
3120,1.343051,1
3121,3.215507,0
3122,0.233789,0
3123,2.968525,0
3124,9.455376,1
3125,0.397201,1
3126,1.456256,1
3127,2.103443,0
3128,10.278222,0
3129,1.114612,1
3130,0.076594,1
3131,2.148782,0
3132,9.443892,0
3133,2.607202,1
3134,0.088549,1
3135,0.297828,0
3136,0.083041,1
3137,9.320437,1
3138,8.940128,0
3139,1.810406,1
3140,10.598148,1
3141,0.55179,1
3142,0.146894,1
3143,2.3924,0
3144,0.094974,0
3145,0.510406,1
3146,0.690683,0
3147,9.824612,0
3148,9.286254,1
3149,0.721009,0
3150,4.231417,0
3151,0.102083,0
3152,0.058287,0
3153,0.681499,1
3154,0.458676,0
3155,0.12656,1
3156,0.208517,1
3157,0.661661,1
3158,0.319096,1
3159,9.715468,0
3160,0.442589,1
3161,0.055562,1
3162,9.802326,0
3163,0.08692,1
3164,0.09709,1
3165,9.960136,0
3166,0.109138,1
3167,10.141406,1
3168,0.732217,1
3169,9.529898,0
3170,0.547114,1
3171,1.759796,0
3172,0.087656,1
3173,1.847586,0
3174,0.743014,1
3175,9.680575,0
3176,0.243558,0
3177,1.928935,0
3178,2.400211,0
3179,0.291409,1
3180,0.033436,0
3181,0.066745,0
3182,0.345178,1
3183,9.63222,0
3184,10.388207,1
3185,0.499763,0
3186,0.776881,0
3187,1.132593,1
3188,9.784434,1
3189,1.105059,1
3190,0.273129,1
3191,0.091005,0
3192,2.792991,1
3193,0.073689,1
3194,8.968601,0
3195,2.969073,1
3196,10.501055,1
3197,2.336187,1
3198,0.102963,1
3199,0.573644,0
3200,1.063872,0
3201,0.143865,0
3202,0.080325,1
3203,10.283385,1
3204,0.359498,1
3205,8.33065,1
3206,0.331809,0
3207,0.362613,1
3208,0.206882,1
3209,8.945509,1
3210,0.411608,0
3211,9.361626,0
3212,0.072995,0
3213,0.312281,0
3214,2.008058,1
3215,0.117734,0
3216,0.966191,0
3217,0.111911,0
3218,10.22652,0
3219,0.252915,1
3220,0.062145,1
3221,9.717984,0
3222,0.173456,1
3223,0.205889,0
3224,11.41783,0
3225,9.722266,0
3226,9.091363,0
3227,0.105302,1
3228,0.115568,1
3229,0.06392,1
3230,10.427882,0
3231,0.152004,1
3232,0.524019,0
3233,9.724889,0
3234,0.05787,0
3235,2.262617,1
3236,0.457346,0
3237,3.195154,1
3238,0.335637,0
3239,9.713988,1
3240,0.066933,1
3241,9.53401,0
3242,0.27251,1
3243,9.089291,0
3244,11.069306,0
3245,0.237149,0
3246,11.221906,0
3247,0.117625,1
3248,10.797801,1
3249,0.196413,1
3250,2.656335,0
3251,9.317675,0
3252,0.119496,0
3253,0.429481,0
3254,10.371253,1
3255,0.056723,0
3256,1.270247,0
3257,9.355156,1
3258,1.655264,0
3259,0.421196,1
3260,1.925592,0
3261,0.425805,1
3262,8.742257,0
3263,0.416583,1
3264,0.198629,0
3265,0.040135,1
3266,1.285504,0
3267,0.148011,1
3268,3.357703,1
3269,0.213419,0
3270,3.391995,1
3271,10.2126,1
3272,10.782828,1
3273,2.009465,0
3274,2.27898,1
3275,3.316632,0
3276,9.072757,1
3277,11.026484,0
3278,9.248427,0
3279,2.440195,0
3280,0.262097,1
3281,0.045557,1
3282,0.512604,0
3283,0.525035,0
3284,8.035946,0
3285,10.67073,0
3286,9.746096,0
3287,0.073982,0
3288,8.753258,1
3289,0.266327,1
3290,9.696138,0
3291,9.484798,0
3292,4.237227,1
3293,10.18144,0
3294,0.122113,1
3295,0.053426,1
3296,0.410691,0
3297,0.099043,1
3298,0.231987,0
3299,0.179496,1
3300,8.114001,1
3301,0.136205,1
3302,11.411885,1
3303,2.633477,0
3304,0.04506,1
3305,10.4663,1
3306,1.574031,1
3307,10.07505,0
3308,9.818788,0
3309,0.065409,1
3310,2.267162,1
3311,0.131728,1
3312,0.958386,1
3313,0.189162,1
3314,10.26575,0
3315,0.215802,1
3316,1.265225,1
3317,9.125295,0
3318,10.041925,0
3319,10.433503,1
3320,0.080932,1
3321,9.277852,1
3322,10.763774,0
3323,9.421212,0
3324,8.775814,0
3325,2.993715,1
3326,3.202625,0
3327,0.251244,1
3328,0.939056,0
3329,0.048748,1
3330,10.389573,0
3331,9.125559,0
3332,0.09532,1
3333,0.706383,1
3334,1.875247,0
3335,0.727127,1
3336,10.406797,1
3337,1.98709,0
3338,10.571815,0
3339,0.072893,1
3340,1.346336,1
3341,9.809876,0
3342,10.429324,0
3343,0.141597,1
3344,8.386716,1
3345,0.080808,1
3346,3.759875,1
3347,0.169843,0
3348,9.25434,0
3349,0.703474,0
3350,0.087322,1
3351,0.522807,1
3352,10.100814,0
3353,3.00407,0
3354,0.385964,0
3355,9.575838,0
3356,0.793264,0
3357,9.1965,0
3358,9.928674,1
3359,9.611057,0
3360,10.082192,0
3361,0.623422,1
3362,8.556351,1
3363,0.219649,0
3364,0.877928,1
3365,3.63929,1
3366,9.992317,0
3367,9.613091,1
3368,9.666909,0
3369,2.391464,0
3370,9.873672,0
3371,0.739348,1
3372,0.177334,0
3373,2.314106,0
3374,0.607158,0
3375,0.40012,1
3376,9.594452,1
3377,0.131705,1
3378,10.040662,1
3379,9.204086,1
3380,0.104483,0
3381,0.712721,0
3382,10.974745,1
3383,0.179635,0
3384,9.115471,0
3385,0.100248,0
3386,9.154084,0
3387,2.457594,0
3388,1.311609,1
3389,2.448857,1
3390,3.799005,0
3391,0.603877,0
3392,10.510325,0
3393,0.102888,1
3394,0.104251,0
3395,0.134526,0
3396,1.267932,0
3397,0.120822,0
3398,9.066132,1
3399,0.502399,0
3400,2.391331,0
3401,1.775411,0
3402,8.473488,1
3403,0.32711,1
3404,0.158665,0
3405,0.209061,1
3406,0.038174,1
3407,1.607383,0
3408,10.370972,0
3409,9.903866,1
3410,0.095117,1
3411,8.88285,0
3412,3.281131,1
3413,10.907353,0
3414,0.165307,1
3415,1.071551,1
3416,0.163295,0
3417,9.26166,1
3418,0.073767,1
3419,9.736601,0
3420,9.425986,0
3421,1.708184,0
3422,0.923544,0
3423,11.08726,1
3424,0.508249,0
3425,10.997956,0
3426,2.622887,0
3427,10.271039,0
3428,9.781856,0
3429,0.530496,1
3430,10.761896,0
3431,0.273708,0
3432,9.482286,0
3433,8.324013,0
3434,0.430232,1
3435,10.67481,0
3436,0.33678,0
3437,9.93112,0
3438,1.184136,1
3439,8.877282,0
3440,9.383636,0
3441,0.290141,1
3442,0.186429,1
3443,0.059668,1
3444,0.070725,1
3445,0.377244,0
3446,7.476526,0
3447,0.103164,1
3448,0.376494,1
3449,0.088612,1
3450,0.715677,0
3451,2.360172,0
3452,2.910914,1
3453,10.144,0
3454,0.133801,1
3455,1.341726,0
3456,9.191529,0
3457,0.205092,1
3458,1.909079,1
3459,0.73839,0
3460,0.249529,0
3461,9.944116,1
3462,9.961254,0
3463,0.433284,0
3464,0.64292,1
3465,8.421912,0
3466,2.725593,1
3467,2.494185,0
3468,1.260138,1
3469,1.020271,0
3470,10.876791,0
3471,3.929998,1
3472,0.233289,1
3473,0.049276,1
3474,3.017408,1
3475,0.200498,1
3476,0.187045,0
3477,8.78234,0
3478,0.222373,0
3479,3.804363,1
3480,10.966297,0
3481,0.186592,1
3482,0.112489,1
3483,3.514631,1
3484,2.720874,0
3485,0.14962,1
3486,0.488264,1
3487,0.149875,1
3488,0.121174,1
3489,0.303292,0
3490,9.175964,0
3491,10.564857,0
3492,10.463078,0
3493,10.656813,0
3494,3.506772,1
3495,0.076576,1
3496,1.590316,0
3497,0.929084,0
3498,9.960233,1
3499,0.544481,1
3500,9.792502,0
3501,9.302063,0
3502,0.141036,1
3503,9.37702,0
3504,0.702695,0
3505,9.684785,0
3506,9.332759,0
3507,0.117273,0
3508,2.177191,1
3509,9.602442,0
3510,9.311948,0
3511,0.276658,1
3512,9.395194,0
3513,0.108693,0
3514,0.089931,1
3515,0.40243,1
3516,9.345435,0
3517,10.161641,0
3518,0.292386,1
3519,9.86056,0
3520,9.375592,0
3521,8.950272,0
3522,8.691458,1
3523,1.908627,1
3524,0.347415,0
3525,0.381099,1
3526,9.05564,0
3527,1.86461,0
3528,9.508842,0
3529,10.959359,1
3530,0.754376,0
3531,0.080944,0
3532,0.089793,1
3533,0.084415,0
3534,0.58539,1
3535,0.47002,1
3536,10.18404,0
3537,0.124803,1
3538,0.118556,1
3539,9.804722,1
3540,1.2803,1
3541,9.300094,0
3542,0.634099,0
3543,2.920513,1
3544,0.421907,1
3545,0.239422,0
3546,0.509367,0
3547,0.164167,1
3548,0.588628,1
3549,9.829082,0
3550,9.378426,0
3551,0.176754,1
3552,9.90911,0
3553,8.086769,0
3554,9.878704,0
3555,1.884849,1
3556,8.873865,1
3557,1.873115,0
3558,0.266882,1
3559,0.602388,0
3560,2.039487,0
3561,0.327034,0
3562,0.230995,1
3563,9.882334,0
3564,0.090895,1
3565,2.314842,0
3566,0.215412,0
3567,0.06661,1
3568,0.434329,1
3569,0.115721,0
3570,1.781877,1
3571,0.071067,0
3572,10.976375,0
3573,0.059376,1
3574,9.737433,0
3575,0.041365,0
3576,0.404696,1
3577,9.556724,0
3578,0.254804,0
3579,8.64315,0
3580,0.181082,1
3581,9.64311,0
3582,9.166369,0
3583,0.199073,1
3584,0.547437,1
3585,0.158964,0
3586,3.117034,0
3587,9.765251,1
3588,0.720235,0
3589,9.041283,1
3590,9.618594,0
3591,0.371515,1
3592,9.005088,0
3593,3.251117,1
3594,0.675104,0
3595,8.675054,0
3596,8.121413,0
3597,8.780263,0
3598,9.611259,1
3599,10.077429,0
3600,0.376776,1
3601,1.927162,0
3602,0.252749,1
3603,11.286707,0
3604,9.560997,1
3605,9.981804,0
3606,0.849241,0
3607,0.099645,0
3608,9.732134,0
3609,1.969934,0
3610,0.112216,0
3611,1.91522,0
3612,0.203038,0
3613,1.488657,1
3614,0.111133,1
3615,0.451776,0
3616,0.932036,0
3617,3.410336,1
3618,9.258889,0
3619,0.207977,0
3620,0.848451,0
3621,0.16619,1
3622,3.564084,1
3623,3.380881,0
3624,11.536241,0
3625,0.238904,0
3626,0.24143,1
3627,10.323084,1
3628,0.285777,1
3629,0.215487,1
3630,0.158914,1
3631,1.133326,0
3632,0.089343,1
3633,0.704098,0
3634,10.483972,0
3635,2.160784,1
3636,10.651834,1
3637,0.222298,0
3638,8.411159,0
3639,4.012006,1
3640,0.154329,1
3641,0.143892,1
3642,0.376538,0
3643,3.237537,1
3644,8.742141,0
3645,0.171359,1
3646,3.848783,0
3647,0.094457,1
3648,0.372658,1
3649,0.290336,0
3650,2.126898,1
3651,0.396069,0
3652,1.750543,1
3653,0.344301,1
3654,1.384334,1
3655,10.574445,1
3656,0.561552,0
3657,1.903616,0
3658,11.062584,1
3659,9.485785,0
3660,9.672608,1
3661,9.171566,0
3662,9.720961,0
3663,9.77722,0
3664,8.448979,1
3665,0.823735,1
3666,1.770373,1
3667,9.463139,0
3668,7.925989,0
3669,0.151011,0
3670,0.084272,0
3671,0.187355,0
3672,0.07833,1
3673,0.374941,1
3674,0.049346,0
3675,0.839319,0
3676,8.866795,0
3677,1.23052,1
3678,9.418172,0
3679,0.462318,1
3680,0.15698,1
3681,10.875271,0
3682,0.319589,0
3683,1.468221,0
3684,0.107944,1
3685,8.214731,0
3686,1.586991,1
3687,2.175749,0
3688,10.855756,0
3689,0.23312,1
3690,0.578096,1
3691,1.464428,0
3692,0.138546,1
3693,0.408259,0
3694,1.656459,0
3695,9.317945,1
3696,1.396376,0
3697,0.091964,1
3698,9.908251,0
3699,8.876865,0
3700,2.83506,0
3701,0.132576,1
3702,0.143757,1
3703,9.512256,0
3704,0.144223,1
3705,0.272341,0
3706,0.121124,1
3707,0.324932,1
3708,8.878969,0
3709,8.963749,1
3710,8.457647,0
3711,10.841145,0
3712,0.860007,0
3713,9.883512,1
3714,9.891433,1
3715,0.188376,1
3716,0.072101,1
3717,3.742964,0
3718,0.078086,0
3719,9.951427,0
3720,9.437678,0
3721,10.573638,0
3722,0.209861,0
3723,0.442162,1
3724,10.135952,1
3725,0.527213,1
3726,9.85883,0
3727,1.006603,0
3728,9.163428,0
3729,8.999185,0
3730,9.727777,1
3731,0.075556,0
3732,0.545629,1
3733,0.092269,1
3734,0.277958,0
3735,3.071878,0
3736,0.27163,0
3737,0.552404,1
3738,2.194506,0
3739,9.264417,1
3740,10.684569,0
3741,8.941014,0
3742,11.344903,0
3743,9.676483,0
3744,1.395573,1
3745,0.34457,1
3746,0.168343,1
3747,0.162912,1
3748,9.770883,0
3749,0.545327,0
3750,0.997101,1
3751,9.538378,1
3752,0.261761,1
3753,1.479579,0
3754,3.713923,1
3755,8.861625,1
3756,10.11462,0
3757,0.238962,0
3758,9.59824,0
3759,1.905956,0
3760,8.952024,0
3761,10.180802,0
3762,2.122441,1
3763,11.059608,0
3764,0.491105,0
3765,9.142234,1
3766,0.314197,1
3767,0.465154,1
3768,1.913909,1
3769,1.628476,1
3770,0.116545,0
3771,10.83421,0
3772,10.07552,0
3773,0.048001,1
3774,10.368824,0
3775,2.816646,0
3776,0.302542,1
3777,1.389255,1
3778,0.172984,0
3779,0.341869,1
3780,0.119188,0
3781,8.664021,1
3782,0.393533,1
3783,9.170264,1
3784,9.672553,0
3785,9.635211,0
3786,0.227727,1
3787,9.704108,0
3788,0.090491,1
3789,10.20369,0
3790,9.043787,1
3791,8.906855,0
3792,3.4596,1
3793,1.102382,1
3794,9.358319,0
3795,2.223266,1
3796,9.611445,0
3797,3.657615,0
3798,0.781917,1
3799,10.421866,0
3800,0.098638,1
3801,1.506921,1
3802,0.23734,1
3803,0.407549,1
3804,0.21223,0
3805,0.123559,1
3806,10.011788,1
3807,0.142992,1
3808,0.082903,1
3809,9.013035,1
3810,10.420424,0
3811,9.307016,0
3812,10.072586,1
3813,9.750401,0
3814,2.196857,1
3815,0.961879,1
3816,0.176132,0
3817,8.133475,1
3818,2.672532,1
3819,9.792141,0
3820,9.723141,0
3821,1.311504,1
3822,1.217265,0
3823,0.080587,1
3824,9.846231,0
3825,0.169351,1
3826,9.595983,0
3827,9.79752,0
3828,9.059832,1
3829,0.185414,1
3830,0.659779,1
3831,0.96094,0
3832,0.046628,1
3833,9.557593,0
3834,0.786756,1
3835,0.075088,1
3836,0.811514,0
3837,10.051267,1
3838,10.137192,0
3839,0.299938,1
3840,0.784068,0
3841,11.113984,1
3842,10.153924,0
3843,0.130335,0
3844,0.507582,1
3845,1.777854,1
3846,0.22615,0
3847,9.98053,0
3848,1.71182,0
3849,10.207708,0
3850,0.339427,0
3851,1.889744,1
3852,0.873881,1
3853,0.152685,1
3854,0.403474,1
3855,10.159547,1
3856,0.22487,1
3857,9.894491,0
3858,0.343713,1
3859,1.077872,0
3860,0.081516,1
3861,0.586799,1
3862,0.390494,0
3863,8.654551,0
3864,10.182811,0
3865,0.449537,0
3866,2.424003,1
3867,2.233811,1
3868,9.851743,0
3869,10.346105,0
3870,0.841583,0
3871,0.037134,1
3872,10.591743,0
3873,9.972619,1
3874,0.285719,0
3875,9.149144,0
3876,0.117651,1
3877,0.162253,1
3878,0.160322,0
3879,1.931025,1
3880,2.537213,0
3881,7.958209,1
3882,0.418319,0
3883,10.405877,1
3884,10.526603,0
3885,9.79807,0
3886,0.119879,1
3887,0.247874,0
3888,1.558701,0
3889,10.080181,0
3890,0.07719,1
3891,0.069314,1
3892,0.683017,0
3893,10.270103,1
3894,11.176552,0
3895,8.921617,0
3896,0.184777,0
3897,10.874175,0
3898,2.238031,0
3899,10.929832,0
3900,0.267647,0
3901,2.698804,1
3902,0.64176,0
3903,9.700537,0
3904,9.63199,1
3905,0.156636,0
3906,0.156773,1
3907,10.61068,1
3908,10.351949,0
3909,0.206898,0
3910,0.814104,0
3911,0.176222,0
3912,0.746478,1
3913,9.869693,0
3914,0.080561,1
3915,0.163743,1
3916,4.182884,1
3917,0.227642,0
3918,0.520511,1
3919,9.270617,0
3920,10.24162,0
3921,10.679498,0
3922,10.384301,1
3923,2.211228,0
3924,4.418425,1
3925,0.519373,1
3926,11.270272,0
3927,8.924389,0
3928,0.200329,1
3929,2.685956,0
3930,9.113993,0
3931,1.286535,0
3932,0.075121,1
3933,0.08197,1
3934,1.67896,1
3935,0.396726,1
3936,0.159291,1
3937,0.270807,1
3938,8.670193,0
3939,9.708621,0
3940,3.505636,1
3941,0.324684,1
3942,0.113069,1
3943,0.174187,1
3944,10.353355,1
3945,9.077686,0
3946,0.190743,1
3947,0.913588,0
3948,0.38255,1
3949,9.733196,0
3950,1.025311,1
3951,0.135804,1
3952,0.118676,0
3953,0.554306,0
3954,9.834018,0
3955,9.393375,0
3956,0.096736,0
3957,0.112247,1
3958,1.485846,1
3959,0.058059,1
3960,4.333418,1
3961,1.428173,0
3962,0.149465,0
3963,4.736403,1
3964,1.88919,1
3965,0.105888,1
3966,0.271471,1
3967,1.68351,1
3968,10.471649,1
3969,9.048013,0
3970,10.35379,0
3971,3.878542,1
3972,1.224289,0
3973,0.15663,1
3974,10.073986,1
3975,0.072183,1
3976,0.062849,0
3977,1.057287,1
3978,8.779883,0
3979,9.785557,0
3980,0.15882,0
3981,10.27367,0
3982,1.251662,0
3983,9.174821,0
3984,10.081279,1
3985,0.258419,0
3986,0.394682,0
3987,10.253505,0
3988,2.581691,0
3989,8.965163,0
3990,3.271186,0
3991,11.766755,0
3992,0.552995,1
3993,0.259032,1
3994,11.298661,0
3995,0.131367,0
3996,4.836464,1
3997,8.449039,1
3998,9.433116,0
3999,9.132562,1
4000,0.259341,1
4001,10.46648,0
4002,0.156974,1
4003,0.373757,1
4004,10.337295,0
4005,0.528162,0
4006,0.18335,1
4007,0.570938,0
4008,0.501163,1
4009,9.646238,0
4010,8.353881,0
4011,0.108134,1
4012,10.422013,1
4013,1.261999,0
4014,0.06987,1
4015,9.631729,0
4016,0.421538,0
4017,0.148102,1
4018,8.760782,0
4019,9.657185,0
4020,9.982354,0
4021,3.319915,1
4022,0.246241,0
4023,0.469693,1
4024,0.140404,1
4025,0.106358,1
4026,1.591374,0
4027,0.701466,1
4028,10.929803,1
4029,0.981924,1
4030,9.131365,1
4031,0.408054,1
4032,0.260759,1
4033,1.811212,0
4034,9.745301,1
4035,9.112082,0
4036,9.440138,1
4037,0.369497,1
4038,1.007093,0
4039,0.358784,1
4040,0.175358,1
4041,0.745573,0
4042,9.471663,0
4043,0.447359,0
4044,0.877268,1
4045,0.248331,1
4046,10.214059,0
4047,0.273259,0
4048,8.576914,1
4049,2.275765,0
4050,0.576279,1
4051,9.405522,0
4052,2.983055,0
4053,9.587783,1
4054,2.400401,0
4055,0.912349,0
4056,2.915174,1
4057,11.227061,1
4058,1.945326,0
4059,0.050877,0
4060,0.437144,1
4061,2.651883,1
4062,9.820848,0
4063,0.906939,1
4064,10.781851,1
4065,2.189965,1
4066,0.150366,1
4067,0.07629,1
4068,9.734955,0
4069,0.407915,0
4070,0.751689,1
4071,2.390572,1
4072,0.472881,1
4073,10.606703,1
4074,1.668107,0
4075,8.510103,0
4076,8.81017,0
4077,8.876789,0
4078,0.236133,0
4079,3.385022,0
4080,0.165658,1
4081,0.078493,0
4082,11.08538,0
4083,0.08879,1
4084,0.292655,1
4085,9.376244,0
4086,0.109266,0
4087,0.456058,0
4088,0.590431,0
4089,0.12967,0
4090,0.163266,1
4091,1.944695,1
4092,0.468539,0
4093,1.268472,0
4094,2.045722,0
4095,10.003433,0
4096,1.185414,0
4097,8.871098,0
4098,2.45008,1
4099,0.335827,1
4100,4.221004,1
4101,8.67427,0
4102,1.532727,1
4103,9.818415,0
4104,9.880395,0
4105,9.827876,0
4106,0.214866,0
4107,9.075359,0
4108,0.149724,0
4109,9.85291,1
4110,0.479351,0
4111,0.568383,0
4112,0.08182,0
4113,0.063371,0
4114,9.614214,0
4115,0.502024,1
4116,10.589311,0
4117,0.174392,0
4118,0.201192,0
4119,0.173763,1
4120,0.165956,0
4121,8.901358,0
4122,0.49563,1
4123,0.574804,1
4124,0.169484,1
4125,10.055669,0
4126,0.269338,0
4127,0.400678,1
4128,9.306189,0
4129,10.824361,1
4130,0.082062,1
4131,0.575516,0
4132,10.747887,0
4133,9.05038,0
4134,0.568035,0
4135,0.11353,0
4136,0.172753,1
4137,1.101657,1
4138,0.207857,1
4139,0.05049,1
4140,9.096076,1
4141,2.999696,0
4142,9.539015,1
4143,1.543052,1
4144,10.798952,0
4145,2.742414,0
4146,10.447304,0
4147,2.235407,0
4148,0.234251,0
4149,0.130713,1
4150,0.258196,0
4151,0.284157,0
4152,9.940437,0
4153,0.447743,1
4154,2.839631,1
4155,9.443398,1
4156,0.119197,1
4157,10.446754,0
4158,0.331931,1
4159,8.954816,0
4160,1.180073,0
4161,0.099419,1
4162,0.468208,1
4163,0.259778,1
4164,0.167466,0
4165,0.520108,0
4166,10.172365,0
4167,3.556526,1
4168,2.841984,1
4169,10.249041,1
4170,10.576557,1
4171,0.158684,0
4172,0.948079,0
4173,8.711918,1
4174,9.020676,0
4175,10.328977,0
4176,0.613364,0
4177,0.318208,1
4178,10.517184,0
4179,8.505405,0
4180,9.942915,0
4181,0.183042,1
4182,2.538857,0
4183,9.321317,0
4184,0.686846,1
4185,9.496951,0
4186,0.286417,0
4187,10.48586,0
4188,0.621527,0
4189,0.37972,1
4190,0.430783,1
4191,8.433213,0
4192,0.498603,1
4193,9.713402,0
4194,9.57052,0
4195,1.781635,1
4196,11.681855,0
4197,0.138127,1
4198,0.287322,0
4199,1.388716,1
4200,3.07047,1
4201,9.500283,0
4202,0.348546,1
4203,0.398702,1
4204,0.737002,0
4205,2.586329,1
4206,9.115168,0
4207,3.100914,0
4208,9.220216,0
4209,0.488407,0
4210,1.573441,0
4211,10.279044,0
4212,1.442072,0
4213,0.065175,1
4214,9.993818,0
4215,0.184226,0
4216,10.396324,0
4217,0.158675,1
4218,9.273032,0
4219,0.695255,0
4220,10.348859,1
4221,10.127213,0
4222,10.078613,1
4223,0.095181,1
4224,0.048753,0
4225,3.46318,0
4226,9.878773,0
4227,0.075962,1
4228,1.999469,0
4229,2.103094,0
4230,2.646766,1
4231,0.381873,0
4232,0.053861,1
4233,9.926113,1
4234,0.125563,1
4235,0.721855,1
4236,9.862615,0
4237,9.489277,0
4238,0.989624,1
4239,0.408459,1
4240,0.096222,1
4241,1.38918,1
4242,9.658365,0
4243,9.302641,0
4244,8.850217,0
4245,2.00359,1
4246,0.055728,1
4247,0.563622,1
4248,9.014397,0
4249,3.042716,1
4250,0.15452,1
4251,9.144036,0
4252,0.092681,1
4253,10.230334,0
4254,0.117781,0
4255,0.378759,0
4256,0.074747,1
4257,9.837249,1
4258,1.582385,0
4259,11.389048,0
4260,11.3467,1
4261,0.169801,1
4262,9.932697,1
4263,2.87858,1
4264,0.384737,0
4265,10.000921,0
4266,0.130242,1
4267,0.124086,1
4268,1.529681,0
4269,0.877514,0
4270,3.806145,1
4271,0.091581,1
4272,9.818559,0
4273,9.944458,0
4274,0.11413,1
4275,2.651144,1
4276,9.655669,0
4277,9.401961,0
4278,9.827563,1
4279,1.56746,1
4280,1.809111,1
4281,0.444894,0
4282,0.138787,1
4283,0.96216,0
4284,8.895356,1
4285,1.653931,0
4286,9.552976,0
4287,0.502456,1
4288,3.908641,1
4289,8.252847,0
4290,9.600437,0
4291,10.003463,0
4292,9.349426,0
4293,0.14218,1
4294,10.635559,0
4295,10.494636,1
4296,0.262954,0
4297,0.554919,1
4298,2.915135,1
4299,3.383882,1
4300,1.545578,1
4301,8.422435,1
4302,3.210469,1
4303,0.833368,0
4304,3.650111,1
4305,10.973563,0
4306,0.340328,0
4307,9.562111,0
4308,0.532677,0
4309,3.046993,0
4310,1.333157,1
4311,2.26412,1
4312,10.560337,0
4313,8.938332,0
4314,9.577645,0
4315,0.186442,1
4316,10.940709,1
4317,10.414574,1
4318,9.241788,0
4319,0.869632,0
4320,0.131746,0
4321,0.407641,1
4322,10.114657,1
4323,8.464811,0
4324,2.145275,1
4325,10.638819,0
4326,0.284789,0
4327,0.21766,1
4328,0.17406,0
4329,10.301707,1
4330,3.238294,1
4331,0.061815,0
4332,0.634938,0
4333,10.736938,0
4334,0.512807,0
4335,4.25075,1
4336,0.102383,1
4337,2.547695,0
4338,1.496168,0
4339,0.706062,0
4340,9.493611,0
4341,0.208357,1
4342,0.621009,0
4343,7.732398,1
4344,0.179136,0
4345,0.058748,0
4346,0.199081,1
4347,9.162104,1
4348,0.299944,1
4349,10.092328,0
4350,8.972899,0
4351,0.246299,1
4352,9.704908,0
4353,9.299691,0
4354,9.214678,0
4355,0.954269,0
4356,3.130491,1
4357,1.357953,1
4358,2.212032,0
4359,2.232274,1
4360,0.283808,0
4361,9.995078,0
4362,10.169168,1
4363,8.748899,1
4364,2.101068,1
4365,0.273347,1
4366,0.588249,0
4367,1.63362,0
4368,9.452278,0
4369,2.052842,0
4370,3.541605,0
4371,0.105985,1
4372,10.885799,0
4373,2.626069,0
4374,0.123633,1
4375,9.90764,1
4376,9.470822,0
4377,9.028049,1
4378,9.832185,0
4379,0.848175,1
4380,0.189504,1
4381,0.13031,0
4382,3.148047,0
4383,1.431494,1
4384,2.097049,0
4385,0.217669,1
4386,2.336372,1
4387,10.819051,1
4388,2.018847,1
4389,9.518606,0
4390,11.135588,0
4391,8.723392,0
4392,0.324354,1
4393,0.34731,0
4394,8.992709,0
4395,1.269613,1
4396,0.095696,1
4397,10.151284,1
4398,10.16497,0
4399,1.674821,1
4400,1.439895,0
4401,1.727182,1
4402,0.88649,0
4403,0.04994,1
4404,3.133889,0
4405,10.510018,0
4406,0.1094,1
4407,11.514347,1
4408,8.858732,1
4409,0.151589,0
4410,0.687095,0
4411,2.695757,0
4412,3.794748,0
4413,10.42095,0
4414,8.481244,0
4415,0.288793,1
4416,9.3084,0
4417,0.574024,1
4418,2.448052,0
4419,1.527082,0
4420,0.265501,1
4421,0.161453,1
4422,9.616619,0
4423,0.599229,1
4424,10.754066,0
4425,9.314971,0
4426,0.667749,0
4427,0.147221,1
4428,0.124565,1
4429,0.478604,1
4430,10.135285,0
4431,0.255675,1
4432,0.656537,0
4433,0.628263,1
4434,0.38325,1
4435,1.560786,0
4436,0.688033,1
4437,8.861491,0
4438,0.473926,0
4439,0.2706,0
4440,1.245249,0
4441,0.087567,0
4442,9.952183,0
4443,0.540404,0
4444,1.025643,0
4445,0.143793,0
4446,9.433708,1
4447,10.62708,0
4448,0.707849,0
4449,11.110376,0
4450,0.241476,0
4451,3.098994,0
4452,9.913767,0
4453,1.406484,1
4454,9.424284,1
4455,11.09197,1
4456,0.119528,0
4457,9.642593,0
4458,3.218174,0
4459,0.615749,1
4460,1.846073,0
4461,1.011554,0
4462,0.074072,0
4463,1.732087,0
4464,0.101326,1
4465,9.483117,0
4466,1.918625,1
4467,9.536839,0
4468,0.529754,1
4469,8.805476,0
4470,9.51432,0
4471,1.601641,0
4472,9.238491,1
4473,9.00835,1
4474,1.057671,0
4475,0.086223,0
4476,1.979629,0
4477,9.383849,1
4478,0.269641,1
4479,0.786895,0
4480,0.16453,1
4481,1.72733,0
4482,0.07155,1
4483,11.271123,1
4484,0.223558,1
4485,10.338844,0
4486,0.398695,1
4487,0.056869,1
4488,10.205755,0
4489,2.992805,1
4490,0.281458,1
4491,10.898634,1
4492,10.008174,1
4493,3.806704,1
4494,1.832008,1
4495,0.254755,1
4496,8.79489,1
4497,1.638968,0
4498,10.03578,0
4499,0.303069,1
4500,0.198624,0
4501,0.771199,0
4502,1.822681,0
4503,10.092739,1
4504,0.470084,1
4505,10.152295,1
4506,10.121333,0
4507,9.308228,0
4508,9.361096,0
4509,9.482289,1
4510,2.804156,1
4511,0.068872,0
4512,0.500418,0
4513,0.165476,1
4514,0.083471,1
4515,9.606226,0
4516,1.224745,0
4517,0.494311,0
4518,0.304484,0
4519,2.818621,1
4520,1.401217,0
4521,0.238629,1
4522,1.867762,0
4523,3.465291,0
4524,9.490528,0
4525,0.392402,0
4526,10.710853,0
4527,9.654746,0
4528,9.540675,0
4529,9.036769,1
4530,0.128409,0
4531,0.210029,1
4532,0.388141,0
4533,0.553124,0
4534,0.756188,1
4535,10.065393,0
4536,3.275697,0
4537,0.884642,1
4538,0.923857,1
4539,8.801388,0
4540,3.934544,1
4541,9.983345,0
4542,1.466161,1
4543,1.560811,1
4544,9.497373,0
4545,2.582783,0
4546,0.121822,0
4547,0.051039,1
4548,2.021693,1
4549,0.277523,0
4550,9.869872,0
4551,0.343965,1
4552,0.119682,0
4553,0.092956,0
4554,0.453083,1
4555,1.700146,1
4556,9.814716,1
4557,0.465985,1
4558,9.915307,1
4559,1.177445,1
4560,0.199459,1
4561,10.295074,0
4562,9.066807,1
4563,0.135552,1
4564,2.130847,0
4565,0.60228,1
4566,9.420244,1
4567,0.075217,1
4568,0.251717,1
4569,10.28266,0
4570,1.461145,1
4571,10.083263,0
4572,0.473619,0
4573,9.721664,1
4574,10.067705,1
4575,9.67449,0
4576,0.373882,1
4577,10.520205,0
4578,9.633011,1
4579,9.849993,0
4580,0.109202,1
4581,10.063846,1
4582,1.506355,1
4583,0.1948,0
4584,0.488293,0
4585,0.378406,1
4586,0.133015,1
4587,9.245761,0
4588,9.864076,1
4589,0.171335,0
4590,10.508942,0
4591,9.185527,1
4592,0.860091,0
4593,0.90324,0
4594,1.100982,1
4595,2.71901,0
4596,2.999628,1
4597,1.082241,1
4598,0.248446,0
4599,10.762283,0
4600,10.308873,0
4601,0.448044,0
4602,0.093311,1
4603,0.337699,1
4604,0.946518,0
4605,1.869736,0
4606,2.367583,1
4607,8.778383,0
4608,0.167575,0
4609,10.209253,1
4610,1.167761,1
4611,0.175984,1
4612,9.815204,0
4613,0.265472,0
4614,0.714261,1
4615,1.242698,1
4616,1.096455,0
4617,0.158424,0
4618,4.177422,1
4619,0.471685,1
4620,1.320732,1
4621,0.17528,0
4622,0.439827,0
4623,0.787208,0
4624,1.641832,0
4625,0.057503,1
4626,9.883554,1
4627,8.837844,0
4628,9.805687,0
4629,8.874395,0
4630,9.025909,0
4631,3.155351,1
4632,0.125483,1
4633,0.391251,0
4634,1.910767,1
4635,0.135591,0
4636,11.216024,1
4637,11.016031,1
4638,0.408326,1
4639,0.244188,1
4640,10.363911,0
4641,0.547524,1
4642,4.402587,1
4643,0.752012,0
4644,0.290734,1
4645,9.460786,0
4646,8.639076,1
4647,0.364974,0
4648,8.780613,0
4649,10.577612,0
4650,8.92525,0
4651,1.4101,1
4652,0.080022,0
4653,0.289526,1
4654,0.134897,1
4655,0.281583,1
4656,11.005972,0
4657,2.116255,0
4658,3.249928,1
4659,0.099237,0
4660,2.54609,1
4661,9.790296,0
4662,0.088838,1
4663,0.067462,1
4664,0.865864,1
4665,0.410256,0
4666,0.280651,0
4667,0.15882,1
4668,0.212862,1
4669,0.579278,0
4670,0.100532,0
4671,9.982177,1
4672,10.0939,0
4673,9.599043,0
4674,0.371374,0
4675,0.306251,1
4676,11.139231,1
4677,0.569969,0
4678,8.901593,0
4679,9.292544,1
4680,9.791719,0
4681,1.171308,1
4682,0.545907,1
4683,0.058096,0
4684,9.284664,1
4685,0.82434,1
4686,3.343007,1
4687,3.931409,1
4688,9.782258,0
4689,0.160032,1
4690,0.508937,1
4691,9.615272,1
4692,9.545482,0
4693,0.387887,0
4694,9.684667,0
4695,0.523244,0
4696,10.103672,0
4697,1.877434,0
4698,10.824997,0
4699,0.093033,1
4700,0.60626,0
4701,9.952731,0
4702,8.81942,0
4703,10.33906,1
4704,8.768694,1
4705,0.185842,1
4706,0.170142,1
4707,10.598186,1
4708,0.057757,1
4709,2.160896,0
4710,8.64599,0
4711,8.712708,1
4712,1.988876,0
4713,9.893333,1
4714,10.392159,0
4715,1.853832,1
4716,2.951308,1
4717,0.789641,1
4718,0.107996,1
4719,10.815039,0
4720,9.063414,0
4721,0.061152,0
4722,10.113544,0
4723,0.083377,1
4724,11.112427,0
4725,11.320095,1
4726,3.319493,1
4727,8.646327,0
4728,0.292703,1
4729,0.129086,0
4730,2.329859,1
4731,1.824816,0
4732,0.18507,0
4733,0.072107,0
4734,0.097038,1
4735,9.697498,1
4736,8.266128,0
4737,10.092574,0
4738,1.213828,1
4739,0.079398,0
4740,0.484567,1
4741,9.528152,0
4742,9.595178,1
4743,0.993018,1
4744,0.425479,1
4745,10.400182,0
4746,1.246684,1
4747,0.102311,1
4748,0.372982,1
4749,1.890294,0
4750,0.48599,0
4751,9.908307,1
4752,2.029936,1
4753,9.450735,0
4754,10.799104,1
4755,8.73695,0
4756,0.991874,0
4757,0.546854,0
4758,0.340614,1
4759,0.153339,1
4760,9.630957,1
4761,9.754473,1
4762,0.395065,1
4763,1.965986,1
4764,0.18879,1
4765,0.602478,0
4766,10.226198,0
4767,0.184787,1
4768,1.880578,1
4769,1.470313,0
4770,10.287303,0
4771,0.06199,1
4772,0.110233,0
4773,9.331445,1
4774,0.71734,0
4775,1.31096,0
4776,9.736807,0
4777,10.951566,1
4778,9.251508,0
4779,0.964913,1
4780,0.327942,1
4781,0.201188,0
4782,10.379303,0
4783,0.233722,1
4784,0.095289,1
4785,0.093321,1
4786,9.552871,0
4787,0.18236,0
4788,8.107386,0
4789,0.171987,1
4790,2.361013,1
4791,0.599194,0
4792,0.166326,1
4793,0.04012,1
4794,9.508107,0
4795,1.268119,1
4796,8.717361,0
4797,1.170213,0
4798,0.447288,0
4799,0.056867,1
4800,0.363448,1
4801,9.579906,1
4802,2.438325,0
4803,0.09894,1
4804,8.92248,0
4805,10.740357,1
4806,0.408015,0
4807,10.800809,0
4808,9.781841,1
4809,0.276159,1
4810,0.499105,1
4811,10.767054,1
4812,1.257857,0
4813,9.060553,1
4814,7.967875,0
4815,3.592782,1
4816,9.51939,0
4817,0.08776,0
4818,0.643163,0
4819,1.627528,0
4820,1.021664,1
4821,10.226234,0
4822,1.433671,0
4823,0.14731,1
4824,2.876833,0
4825,9.617382,1
4826,2.511948,1
4827,2.179318,0
4828,8.947594,1
4829,1.866946,1
4830,0.242814,0
4831,0.534518,1
4832,0.047029,1
4833,2.934147,1
4834,0.124761,0
4835,1.430791,0
4836,0.442044,1
4837,9.971395,0
4838,0.134826,0
4839,10.687494,0
4840,0.13854,1
4841,10.176704,0
4842,2.940783,0
4843,0.176246,1
4844,8.652966,0
4845,0.250774,1
4846,10.372599,0
4847,3.031845,1
4848,0.090223,1
4849,0.219276,1
4850,9.503395,1
4851,0.296867,1
4852,9.074215,0
4853,2.200177,1
4854,0.504696,0
4855,8.682841,1
4856,10.146306,0
4857,0.232876,1
4858,0.10872,0
4859,0.146876,0
4860,3.198215,1
4861,10.09153,0
4862,0.136058,1
4863,0.080769,1
4864,8.812108,1
4865,2.016954,1
4866,0.114665,0
4867,2.855287,1
4868,0.584996,1
4869,9.741766,0
4870,9.432745,0
4871,10.046683,1
4872,9.100486,0
4873,10.770958,0
4874,9.114002,1
4875,9.764934,0
4876,0.068105,1
4877,9.35068,1
4878,9.624194,0
4879,2.317677,1
4880,0.508914,1
4881,0.084336,1
4882,10.090286,0
4883,9.923506,1
4884,2.043901,0
4885,0.127669,1
4886,0.731857,0
4887,9.677052,0
4888,0.337705,1
4889,10.68971,1
4890,2.266736,1
4891,2.784245,1
4892,0.252293,1
4893,11.486404,0
4894,9.308459,0
4895,1.797554,1
4896,0.060877,0
4897,0.830351,1
4898,9.277766,0
4899,9.597157,0
4900,2.215932,0
4901,0.104358,0
4902,9.818111,1
4903,0.369652,1
4904,0.209896,1
4905,0.169707,1
4906,8.887668,0
4907,2.301989,1
4908,0.92775,0
4909,0.666112,0
4910,0.460265,0
4911,0.217018,1
4912,0.205211,0
4913,0.090673,1
4914,8.722695,0
4915,9.077943,0
4916,0.35395,0
4917,0.402672,0
4918,11.158983,0
4919,9.789104,0
4920,0.073844,1
4921,0.09556,0
4922,10.480412,1
4923,9.397873,0
4924,8.943344,1
4925,1.775611,0
4926,0.08553,0
4927,9.712667,0
4928,0.345392,1
4929,9.952645,0
4930,11.031204,0
4931,0.315247,0
4932,1.86898,0
4933,1.50563,1
4934,0.419868,0
4935,9.661054,0
4936,9.813495,1
4937,9.659916,0
4938,9.574226,0
4939,0.137479,0
4940,0.596176,0
4941,0.218536,1
4942,0.492643,1
4943,1.660852,1
4944,0.690035,1
4945,3.160199,0
4946,10.333958,0
4947,10.820682,1
4948,0.169244,1
4949,10.050611,0
4950,2.649874,1
4951,0.332349,0
4952,0.375784,0
4953,0.435837,0
4954,0.739409,0
4955,0.293915,0
4956,0.041274,1
4957,9.304279,0
4958,9.824886,1
4959,9.601539,1
4960,0.121408,1
4961,9.215491,1
4962,0.089589,1
4963,0.66557,1
4964,8.65858,1
4965,10.194507,1
4966,2.371438,0
4967,0.144837,1
4968,10.62307,1
4969,0.490217,1
4970,2.030662,0
4971,0.531251,1
4972,1.332411,1
4973,8.106206,0
4974,0.275417,1
4975,1.505644,0
4976,3.517851,1
4977,0.050617,0
4978,9.510797,0
4979,10.251736,0
4980,0.203865,1
4981,1.452546,1
4982,0.265344,1
4983,9.751307,0
4984,0.165336,1
4985,8.828061,0
4986,10.777204,0
4987,10.779449,1
4988,1.067304,0
4989,0.1991,1
4990,10.22891,0
4991,0.64966,0
4992,0.77888,1
4993,0.678147,1
4994,8.975422,0
4995,9.951864,0
4996,10.076843,1
4997,1.528934,0
4998,9.40946,1
4999,10.305861,0
5000,9.144461,1
5001,9.874166,0
5002,9.415643,1
5003,9.441103,0
5004,9.038917,0
5005,0.176593,0
5006,2.981405,1
5007,2.393203,0
5008,10.456756,0
5009,8.660194,0
5010,3.201899,1
5011,0.051577,1
5012,10.736259,1
5013,0.082519,0
5014,0.964574,1
5015,0.513078,0
5016,0.226281,0
5017,0.064297,0
5018,9.215227,0
5019,0.674804,0
5020,0.082297,1
5021,9.943423,0
5022,0.112827,0
5023,1.932151,1
5024,9.523341,0
5025,0.058215,0
5026,0.489614,1
5027,1.831002,0
5028,2.285775,1
5029,0.518743,1
5030,2.074595,0
5031,10.520541,0
5032,10.822447,0
5033,9.598228,0
5034,10.171398,0
5035,0.069372,1
5036,1.180677,0
5037,0.399332,0
5038,0.155011,0
5039,0.337317,1
5040,0.271444,0
5041,11.358228,0
5042,0.174976,0
5043,1.006137,0
5044,0.091393,1
5045,0.178517,0
5046,9.766727,0
5047,8.957904,0
5048,0.09711,1
5049,1.947435,0
5050,9.189326,1
5051,0.243942,0
5052,9.988124,0
5053,3.399603,0
5054,0.061023,1
5055,9.333586,0
5056,0.406375,0
5057,2.321783,1
5058,9.530223,1
5059,2.087831,1
5060,2.128447,1
5061,2.09537,0
5062,0.696347,1
5063,2.613151,1
5064,10.417818,0
5065,9.436944,0
5066,1.922574,0
5067,2.435537,0
5068,3.246106,1
5069,10.843861,0
5070,0.333944,1
5071,0.398233,0
5072,9.5564,0
5073,1.114457,1
5074,2.807731,0
5075,0.085971,1
5076,9.564332,1
5077,3.453754,0
5078,0.289097,1
5079,0.077825,1
5080,0.2755,1
5081,0.111649,1
5082,0.051365,1
5083,8.669987,0
5084,1.698239,0
5085,0.104733,1
5086,10.978415,1
5087,0.392369,0
5088,9.623721,1
5089,10.267128,1
5090,0.400311,1
5091,9.902092,1
5092,0.05383,0
5093,2.434373,0
5094,2.804412,0
5095,1.013413,0
5096,10.588085,0
5097,0.480458,0
5098,0.143608,0
5099,8.696918,0
5100,0.151359,1
5101,0.057446,1
5102,10.318779,1
5103,0.270662,0
5104,9.796745,1
5105,0.24442,1
5106,2.870484,0
5107,2.599739,0
5108,9.960855,0
5109,9.273789,0
5110,0.385265,1
5111,2.186533,0
5112,2.633676,0
5113,2.918325,1
5114,11.012531,0
5115,2.099196,0
5116,1.981163,1
5117,1.018274,0
5118,10.190328,0
5119,9.20495,0
5120,10.663845,0
5121,1.430912,0
5122,0.126781,0
5123,2.01422,0
5124,0.408814,1
5125,0.306077,1
5126,9.377204,0
5127,9.651464,0
5128,1.973893,0
5129,0.120868,1
5130,9.048614,0
5131,10.36242,0
5132,0.120072,0
5133,0.062609,0
5134,9.690676,1
5135,1.106235,1
5136,10.110689,1
5137,10.143273,1
5138,7.856762,1
5139,2.486478,1
5140,0.102884,1
5141,10.434053,1
5142,0.107,1
5143,0.142744,1
5144,0.149353,1
5145,0.289056,0
5146,10.527133,1
5147,1.02002,0
5148,10.101479,0
5149,11.20774,0
5150,9.972418,0
5151,0.161477,1
5152,10.032134,0
5153,9.882376,0
5154,0.269719,0
5155,0.797867,0
5156,0.083496,1
5157,1.830924,0
5158,0.406462,0
5159,0.152814,1
5160,0.08394,0
5161,3.216701,1
5162,0.581937,1
5163,0.812611,1
5164,1.075572,1
5165,9.918461,0
5166,9.62296,0
5167,0.092094,1
5168,1.446323,0
5169,0.232588,1
5170,0.26672,1
5171,0.110196,0
5172,0.136738,1
5173,3.216711,1
5174,0.088826,1
5175,8.06093,0
5176,0.723083,0
5177,9.096098,0
5178,9.53198,0
5179,0.206462,0
5180,9.620584,0
5181,0.079041,0
5182,3.102526,1
5183,11.022615,1
5184,0.347188,0
5185,0.710253,0
5186,0.188952,0
5187,9.918586,0
5188,0.20988,1
5189,10.39775,0
5190,0.096178,1
5191,8.796871,1
5192,10.289119,0
5193,9.998381,1
5194,1.858751,0
5195,10.114855,0
5196,0.659339,0
5197,0.162157,0
5198,0.744728,1
5199,8.575977,0
5200,10.27142,1
5201,0.389824,1
5202,0.396405,0
5203,2.094331,0
5204,0.136827,1
5205,0.0959,0
5206,2.652992,1
5207,0.132612,0
5208,1.854643,1
5209,9.708587,0
5210,2.299916,0
5211,0.141745,0
5212,0.17829,1
5213,9.922976,1
5214,3.12696,0
5215,3.054115,1
5216,0.114842,1
5217,0.42288,1
5218,0.323758,0
5219,0.234471,0
5220,1.603794,0
5221,10.234776,0
5222,0.096689,1
5223,0.360907,1
5224,1.429068,1
5225,0.266953,0
5226,9.955692,0
5227,0.20241,1
5228,0.37999,0
5229,9.404284,0
5230,0.302672,0
5231,2.693233,1
5232,2.026253,1
5233,1.971296,0
5234,0.896892,0
5235,0.35399,1
5236,1.109666,0
5237,0.063701,1
5238,2.911339,1
5239,9.233666,1
5240,2.926508,0
5241,9.497373,0
5242,10.513539,0
5243,0.352483,0
5244,8.77905,1
5245,11.16453,1
5246,0.085522,1
5247,0.091725,0
5248,1.337273,1
5249,2.287912,1
5250,9.682115,0
5251,10.325809,0
5252,0.345471,1
5253,0.229282,0
5254,2.30966,1
5255,9.296971,1
5256,9.439829,1
5257,0.048988,0
5258,0.095646,0
5259,4.028343,1
5260,9.861339,0
5261,9.895106,0
5262,0.453453,1
5263,2.371976,0
5264,10.625902,0
5265,0.275777,1
5266,1.768919,0
5267,10.105281,1
5268,8.710274,0
5269,11.336934,1
5270,0.091933,1
5271,0.96065,0
5272,0.301516,1
5273,8.733442,0
5274,8.533213,0
5275,9.974111,1
5276,2.805136,0
5277,10.440699,1
5278,0.228409,1
5279,0.250777,1
5280,0.113592,1
5281,1.938048,1
5282,0.220214,0
5283,9.095978,0
5284,9.380341,0
5285,0.786469,0
5286,0.459798,1
5287,0.059254,1
5288,2.33406,1
5289,9.944118,0
5290,3.981838,1
5291,2.086379,1
5292,2.364196,1
5293,0.061731,1
5294,0.125121,1
5295,1.9198,0
5296,2.367167,0
5297,1.112693,1
5298,10.144066,0
5299,0.088298,1
5300,1.772526,0
5301,0.304045,1
5302,1.274136,1
5303,0.067473,0
5304,0.074185,0
5305,9.323466,0
5306,1.41326,0
5307,0.643853,0
5308,10.169484,0
5309,10.746657,0
5310,0.06375,1
5311,0.2376,1
5312,9.000991,0
5313,0.417813,0
5314,9.990442,0
5315,2.274753,1
5316,0.083797,1
5317,9.624399,0
5318,10.112821,1
5319,0.219838,1
5320,0.348204,0
5321,8.823813,0
5322,0.1155,0
5323,1.855052,0
5324,0.48513,1
5325,9.124758,1
5326,10.23564,0
5327,10.117128,0
5328,9.479612,0
5329,0.166286,1
5330,0.141927,1
5331,2.274945,0
5332,0.155747,1
5333,0.814325,1
5334,2.483712,1
5335,10.564159,1
5336,1.210158,0
5337,0.386939,0
5338,9.029203,0
5339,2.347904,0
5340,1.877425,0
5341,0.064662,1
5342,0.15211,1
5343,0.796096,1
5344,9.263816,0
5345,10.690374,0
5346,2.936997,1
5347,10.555499,0
5348,9.568989,0
5349,0.088628,1
5350,9.990749,1
5351,1.819973,0
5352,0.300212,1
5353,10.035316,1
5354,9.853049,0
5355,0.450675,1
5356,9.771276,0
5357,1.310763,0
5358,0.073244,1
5359,9.717328,1
5360,0.065635,1
5361,9.612713,0
5362,0.208596,1
5363,0.380753,1
5364,9.600198,0
5365,0.646212,1
5366,11.27655,1
5367,0.171167,0
5368,0.147011,1
5369,10.341375,1
5370,9.047102,1
5371,9.999326,0
5372,1.636368,0
5373,3.215128,1
5374,1.06666,1
5375,9.711409,0
5376,9.579496,0
5377,0.125282,1
5378,1.217252,1
5379,0.16626,1
5380,3.234915,0
5381,9.294795,0
5382,2.875179,0
5383,1.215013,1
5384,0.296239,0
5385,0.042452,0
5386,9.616127,1
5387,9.286065,0
5388,0.411095,0
5389,0.058411,1
5390,8.818258,0
5391,9.592853,1
5392,0.060553,1
5393,0.276253,0
5394,10.135254,1
5395,9.717853,0
5396,8.288144,0
5397,1.139383,0
5398,0.078754,0
5399,8.740414,1
5400,10.029936,0
5401,8.343322,1
5402,2.92471,1
5403,10.399524,0
5404,2.361874,0
5405,9.478313,1
5406,9.762794,0
5407,0.272806,0
5408,9.30651,0
5409,0.075594,1
5410,0.480154,1
5411,10.124611,0
5412,10.235991,0
5413,0.074123,1
5414,1.307479,0
5415,10.481395,0
5416,0.592839,1
5417,7.615923,0
5418,0.123635,1
5419,0.762186,0
5420,0.161066,1
5421,0.487317,0
5422,0.070823,0
5423,0.278063,1
5424,0.209412,1
5425,9.275083,0
5426,0.326655,1
5427,0.587808,0
5428,1.42585,1
5429,0.440359,1
5430,0.344787,0
5431,0.699405,0
5432,0.119749,1
5433,0.34239,0
5434,0.129003,1
5435,0.309125,0
5436,9.618764,0
5437,1.128905,1
5438,1.252929,1
5439,0.078471,1
5440,2.012378,0
5441,10.651193,0
5442,0.155831,1
5443,0.060817,1
5444,0.274693,1
5445,8.809886,0
5446,0.068496,1
5447,10.357468,0
5448,0.227936,0
5449,10.458217,1
5450,2.15695,0
5451,9.268013,1
5452,0.047627,0
5453,0.174302,1
5454,1.539099,1
5455,9.949258,0
5456,2.594194,1
5457,0.613391,1
5458,0.344739,0
5459,2.341862,1
5460,9.407954,1
5461,0.573728,0
5462,0.294288,0
5463,0.229236,0
5464,9.329156,1
5465,0.375642,1
5466,0.747841,0
5467,0.380266,0
5468,9.443734,0
5469,0.290996,1
5470,10.701919,0
5471,8.498744,0
5472,10.889232,0
5473,11.101188,0
5474,9.664318,0
5475,1.435037,1
5476,0.34127,0
5477,0.060151,0
5478,0.181129,1
5479,9.230176,0
5480,10.062155,0
5481,2.608559,1
5482,0.176617,0
5483,2.302093,0
5484,9.255403,0
5485,2.106193,1
5486,0.124761,1
5487,1.25814,0
5488,0.096705,1
5489,10.113136,0
5490,9.132777,0
5491,0.601015,0
5492,0.19245,1
5493,2.620851,1
5494,9.973816,0
5495,0.049956,1
5496,1.387235,1
5497,0.074454,1
5498,0.681225,0
5499,1.169235,1
5500,9.424767,1
5501,8.347228,1
5502,0.882377,0
5503,0.218633,1
5504,4.066706,1
5505,9.263456,0
5506,10.293761,0
5507,0.181185,1
5508,0.105402,1
5509,0.069497,0
5510,9.897208,1
5511,9.622166,0
5512,1.814476,1
5513,0.382353,1
5514,9.239941,0
5515,2.742346,0
5516,0.07041,1
5517,0.571267,1
5518,0.511194,1
5519,0.963709,0
5520,0.072482,0
5521,0.13526,0
5522,10.068626,1
5523,0.094518,1
5524,10.063805,0
5525,10.400745,1
5526,8.38953,0
5527,0.111582,1
5528,0.165627,1
5529,0.404768,0
5530,2.586301,1
5531,1.352789,0
5532,10.47427,1
5533,0.538036,1
5534,3.468442,1
5535,0.129877,1
5536,10.499952,0
5537,2.041789,1
5538,9.475659,0
5539,10.475426,0
5540,1.608544,0
5541,9.698925,0
5542,10.723258,0
5543,3.143727,0
5544,9.98441,1
5545,9.603877,1
5546,9.334991,0
5547,2.367402,0
5548,9.726381,0
5549,0.41985,0
5550,9.885585,0
5551,9.00287,0
5552,0.341202,0
5553,10.226474,1
5554,0.726662,0
5555,9.318291,0
5556,2.698021,1
5557,0.314343,0
5558,3.222017,1
5559,0.073622,1
5560,3.135378,0
5561,9.254554,0
5562,0.037459,0
5563,3.390755,0
5564,4.272466,1
5565,1.559442,0
5566,8.454533,0
5567,0.170967,1
5568,8.943361,0
5569,2.929536,1
5570,0.988527,1
5571,0.124298,0
5572,0.079118,1
5573,10.072067,0
5574,0.186919,1
5575,0.16561,1
5576,0.600713,0
5577,1.066716,1
5578,1.505009,1
5579,8.36832,0
5580,8.0407,1
5581,0.464211,1
5582,10.858112,0
5583,3.041368,1
5584,0.420431,0
5585,10.593451,0
5586,8.161817,0
5587,8.621544,0
5588,10.63052,0
5589,9.818576,0
5590,0.482442,1
5591,2.295859,0
5592,0.340584,1
5593,8.284226,1
5594,0.634667,0
5595,0.487118,0
5596,9.110439,1
5597,2.950208,1
5598,0.339047,0
5599,1.484352,0
5600,9.310662,0
5601,0.586018,1
5602,10.623223,1
5603,0.084923,1
5604,0.165276,0
5605,10.449896,0
5606,9.201746,1
5607,0.147068,1
5608,9.582554,1
5609,0.469135,0
5610,0.667164,0
5611,3.257694,1
5612,10.434355,0
5613,0.19395,1
5614,10.109678,1
5615,0.087482,1
5616,1.210681,0
5617,4.499879,1
5618,0.247557,0
5619,9.405712,0
5620,11.391726,1
5621,9.585893,0
5622,1.442577,1
5623,3.57008,1
5624,9.79283,0
5625,10.839305,0
5626,9.683362,0
5627,0.060777,1
5628,0.427313,1
5629,10.104739,0
5630,8.665675,0
5631,9.941854,0
5632,1.051244,1
5633,1.460116,1
5634,0.057477,0
5635,0.075896,0
5636,0.530097,0
5637,0.182602,1
5638,0.337846,1
5639,3.958527,1
5640,9.628881,1
5641,0.128586,1
5642,10.771512,1
5643,0.05389,0
5644,0.094307,1
5645,9.619808,0
5646,9.801106,0
5647,0.159234,1
5648,2.275894,1
5649,1.93169,1
5650,10.859258,0
5651,0.070581,0
5652,3.540187,1
5653,0.574706,1
5654,9.906031,0
5655,9.077065,1
5656,0.222952,1
5657,9.57181,1
5658,0.068883,1
5659,10.417129,1
5660,3.548045,1
5661,9.63205,1
5662,11.032474,1
5663,10.28182,0
5664,8.846323,0
5665,10.715693,1
5666,10.84823,0
5667,1.122139,1
5668,0.698475,0
5669,10.233518,0
5670,1.775373,0
5671,10.764765,1
5672,10.098577,0
5673,2.083286,0
5674,9.128647,1
5675,8.648774,0
5676,10.019614,0
5677,0.38281,1
5678,0.961387,1
5679,0.183357,0
5680,0.33362,1
5681,8.288504,1
5682,0.79306,1
5683,0.245357,1
5684,10.455843,1
5685,3.793811,1
5686,9.603004,0
5687,0.062024,1
5688,9.260217,0
5689,9.059503,0
5690,0.391953,0
5691,4.20499,1
5692,9.323632,1
5693,0.233043,1
5694,8.219847,1
5695,10.11037,0
5696,0.191359,1
5697,0.098024,1
5698,0.53452,0
5699,9.88146,0
5700,1.239748,0
5701,0.143857,0
5702,0.090218,1
5703,9.965291,1
5704,0.059796,1
5705,0.73509,0
5706,9.156874,0
5707,9.495582,0
5708,0.120939,1
5709,0.234194,0
5710,0.509078,1
5711,0.163037,0
5712,9.685901,1
5713,9.601147,1
5714,2.179477,1
5715,2.32737,0
5716,8.487686,1
5717,10.534341,0
5718,2.701114,1
5719,0.271685,1
5720,0.193544,0
5721,10.09751,0
5722,1.554219,1
5723,0.144388,1
5724,1.774054,0
5725,8.785587,0
5726,0.786186,0
5727,1.963795,0
5728,0.796904,0
5729,0.134329,0
5730,10.814868,0
5731,1.655989,1
5732,8.452018,1
5733,0.098864,0
5734,9.293588,1
5735,9.630984,0
5736,8.834857,0
5737,0.157429,0
5738,0.642581,1
5739,0.214566,1
5740,0.04036,1
5741,9.207128,0
5742,0.178109,0
5743,12.056705,1
5744,11.128795,1
5745,9.692373,0
5746,3.286359,1
5747,7.963436,1
5748,3.211919,1
5749,10.473063,0
5750,0.070226,1
5751,1.691124,1
5752,2.117658,0
5753,9.343336,0
5754,0.301304,0
5755,0.155459,0
5756,0.226189,1
5757,2.066199,0
5758,1.005372,0
5759,0.503703,0
5760,2.552123,0
5761,0.195064,1
5762,0.86221,0
5763,0.319792,1
5764,0.116132,1
5765,3.442133,1
5766,0.141825,1
5767,0.24613,1
5768,2.199868,0
5769,10.154827,0
5770,9.575169,0
5771,0.405461,1
5772,10.428608,0
5773,1.681111,1
5774,0.209054,0
5775,0.429968,0
5776,10.94587,0
5777,0.117199,1
5778,0.278404,1
5779,10.057483,0
5780,1.663888,0
5781,3.262369,0
5782,1.071311,0
5783,1.093484,1
5784,2.097557,0
5785,0.964597,1
5786,1.174061,0
5787,9.669563,1
5788,0.107539,1
5789,0.11142,1
5790,0.183863,0
5791,9.061631,0
5792,9.052715,1
5793,0.180389,0
5794,0.054292,1
5795,10.243952,0
5796,0.31225,1
5797,8.644329,0
5798,1.236864,1
5799,10.15757,0
5800,0.24341,1
5801,10.023856,0
5802,3.142599,0
5803,8.774845,0
5804,0.181636,0
5805,4.060125,1
5806,3.373377,1
5807,0.114584,1
5808,1.391328,1
5809,0.206512,1
5810,9.603775,1
5811,9.516211,1
5812,9.181149,1
5813,0.405441,1
5814,0.449984,0
5815,9.561744,0
5816,9.259846,0
5817,0.1206,1
5818,9.610892,0
5819,0.658935,1
5820,0.555317,0
5821,2.293612,0
5822,2.810767,0
5823,0.117933,1
5824,1.382854,1
5825,0.367583,1
5826,2.582221,1
5827,9.2636,0
5828,8.721184,1
5829,2.22981,1
5830,9.210139,1
5831,0.156339,0
5832,1.999903,0
5833,10.159342,1
5834,3.598068,1
5835,0.227323,1
5836,0.420031,1
5837,3.94653,0
5838,3.178668,1
5839,9.394684,0
5840,0.157082,1
5841,0.259242,0
5842,0.182572,0
5843,0.388244,0
5844,1.573451,1
5845,9.66855,0
5846,0.177569,1
5847,9.628957,0
5848,9.637266,0
5849,0.174665,0
5850,0.334225,1
5851,1.113808,1
5852,10.22112,0
5853,0.643098,0
5854,2.240705,0
5855,10.574793,0
5856,9.899506,0
5857,0.225587,1
5858,9.073693,0
5859,10.118463,1
5860,0.088131,1
5861,0.177265,1
5862,0.266896,1
5863,0.654905,1
5864,10.192449,0
5865,8.801787,1
5866,2.960674,0
5867,9.307789,1
5868,0.462796,1
5869,2.699301,1
5870,0.573416,1
5871,0.155928,0
5872,2.967423,0
5873,0.099919,0
5874,11.222219,1
5875,9.879533,0
5876,0.797463,1
5877,0.121731,0
5878,0.142878,1
5879,2.293725,0
5880,9.397022,0
5881,2.276893,1
5882,8.313471,1
5883,9.64994,0
5884,10.29542,0
5885,0.471872,0
5886,9.365574,1
5887,0.183787,1
5888,0.153689,0
5889,0.591076,0
5890,9.847942,1
5891,0.21529,1
5892,0.590613,1
5893,0.098261,1
5894,10.328846,1
5895,10.291794,0
5896,0.84588,1
5897,0.153896,0
5898,0.297807,0
5899,10.396289,0
5900,1.031462,1
5901,10.038504,0
5902,0.532575,0
5903,0.087164,1
5904,1.324537,0
5905,3.359167,1
5906,10.053869,0
5907,9.787514,0
5908,1.695546,1
5909,0.245451,1
5910,0.409151,0
5911,1.29432,1
5912,2.172587,0
5913,9.558016,1
5914,2.288025,1
5915,0.747084,1
5916,10.025389,0
5917,9.524253,1
5918,0.15776,0
5919,9.239482,0
5920,10.439815,0
5921,2.921796,1
5922,8.957626,1
5923,0.801364,1
5924,11.133715,1
5925,0.15581,1
5926,9.470759,0
5927,3.949512,1
5928,2.266066,0
5929,0.828686,0
5930,9.688913,0
5931,0.662132,1
5932,9.349251,0
5933,9.721642,1
5934,1.701517,0
5935,0.130737,1
5936,2.188437,1
5937,0.321098,0
5938,0.053133,1
5939,0.115761,1
5940,9.888066,1
5941,0.113222,1
5942,10.170401,0
5943,0.296014,1
5944,1.821213,0
5945,0.038781,0
5946,10.331837,0
5947,9.38896,1
5948,1.136153,0
5949,9.201594,1
5950,0.383363,1
5951,0.426173,1
5952,9.21788,0
5953,2.049052,0
5954,0.60819,0
5955,0.436286,0
5956,0.110598,1
5957,1.754202,0
5958,1.003169,0
5959,0.641169,1
5960,2.934587,0
5961,0.223149,1
5962,0.88151,1
5963,2.779838,1
5964,10.125756,0
5965,0.678995,1
5966,0.16449,1
5967,0.152319,1
5968,9.040649,0
5969,1.110676,1
5970,3.216299,1
5971,2.435528,0
5972,0.161517,0
5973,9.41112,1
5974,4.071127,1
5975,10.451019,0
5976,0.246762,1
5977,0.489481,1
5978,0.419931,0
5979,9.966483,0
5980,0.072806,1
5981,9.631103,0
5982,10.221952,1
5983,9.416572,0
5984,9.571075,0
5985,2.95896,0
5986,9.031898,0
5987,1.230347,0
5988,0.839957,0
5989,0.366097,1
5990,0.915675,1
5991,1.022758,1
5992,1.153439,0
5993,10.230121,1
5994,3.478152,0
5995,1.513438,0
5996,2.566436,0
5997,1.556694,1
5998,0.644108,0
5999,10.584063,1
6000,0.098771,0
6001,1.336688,1
6002,8.422756,0
6003,0.15869,0
6004,0.316566,0
6005,0.495928,1
6006,0.424396,0
6007,0.856384,0
6008,1.231009,1
6009,0.214274,0
6010,0.118829,1
6011,0.220839,0
6012,8.933,1
6013,0.082934,1
6014,0.126515,1
6015,0.734943,0
6016,0.073328,0
6017,9.981487,0
6018,0.711553,1
6019,0.491743,1
6020,1.307499,0
6021,0.978705,1
6022,9.244041,1
6023,11.14058,0
6024,0.678215,1
6025,2.011305,1
6026,10.629057,0
6027,0.114777,0
6028,8.080462,1
6029,0.077114,0
6030,2.848432,1
6031,0.153122,1
6032,1.995948,0
6033,0.244916,1
6034,0.139629,1
6035,1.681384,1
6036,9.893829,1
6037,0.854147,0
6038,0.089178,1
6039,0.149376,1
6040,0.218081,1
6041,0.509925,1
6042,0.256646,1
6043,2.474702,0
6044,8.761455,0
6045,1.786361,1
6046,9.176934,0
6047,0.539758,0
6048,0.633573,0
6049,8.31742,0
6050,0.138897,0
6051,0.630885,0
6052,0.207896,1
6053,0.120354,0
6054,10.486197,0
6055,9.575081,1
6056,0.079907,0
6057,0.297091,0
6058,9.32097,0
6059,1.190357,1
6060,0.342885,1
6061,2.919534,1
6062,2.015533,0
6063,0.353112,1
6064,10.828039,0
6065,1.012404,1
6066,0.484055,0
6067,0.12208,1
6068,0.068447,1
6069,0.207877,0
6070,9.930158,0
6071,0.138515,0
6072,0.382135,1
6073,0.775204,1
6074,2.586169,0
6075,10.90706,0
6076,0.095222,1
6077,0.771107,1
6078,0.152898,1
6079,0.120757,1
6080,10.184874,0
6081,1.794192,0
6082,10.346466,0
6083,9.315959,0
6084,2.101129,0
6085,9.924857,0
6086,0.733402,1
6087,10.550272,1
6088,9.711912,1
6089,9.544049,1
6090,0.100638,1
6091,9.058658,0
6092,0.142382,1
6093,0.639913,1
6094,11.69553,1
6095,0.304871,0
6096,0.37449,1
6097,0.160071,1
6098,1.553949,0
6099,0.190663,1
6100,9.529737,0
6101,10.8029,0
6102,10.479262,1
6103,1.227959,1
6104,0.244615,0
6105,10.380011,0
6106,10.244854,0
6107,0.537459,1
6108,8.891401,0
6109,11.128344,1
6110,0.223943,0
6111,1.582128,1
6112,0.262998,1
6113,0.181693,1
6114,0.503195,0
6115,9.15245,1
6116,1.054486,1
6117,0.831818,0
6118,3.881231,1
6119,9.716898,1
6120,0.20777,1
6121,2.629179,1
6122,10.489806,0
6123,0.700877,0
6124,9.684081,1
6125,1.351353,1
6126,9.233644,0
6127,1.937538,0
6128,0.178996,0
6129,0.27954,1
6130,3.444558,0
6131,0.122628,1
6132,9.597683,1
6133,8.203493,0
6134,0.078678,1
6135,3.14657,1
6136,10.273787,0
6137,10.052749,0
6138,0.234714,1
6139,9.456838,0
6140,9.738953,0
6141,0.36462,1
6142,10.210948,0
6143,0.117304,1
6144,0.619148,1
6145,0.662723,1
6146,9.700901,0
6147,1.556968,1
6148,0.04425,1
6149,10.487148,0
6150,1.533627,1
6151,9.801739,0
6152,0.143405,1
6153,1.630331,0
6154,8.827196,1
6155,2.470951,0
6156,0.275785,1
6157,9.755059,0
6158,2.873723,1
6159,0.662001,0
6160,10.665502,1
6161,0.49664,0
6162,1.978245,1
6163,0.812485,0
6164,0.135993,1
6165,1.117652,1
6166,8.543722,0
6167,10.428016,0
6168,11.144088,1
6169,9.253384,0
6170,0.249666,0
6171,0.984965,0
6172,10.438502,1
6173,2.048167,1
6174,0.085985,1
6175,0.581802,0
6176,11.459232,0
6177,10.136597,0
6178,11.35006,0
6179,0.717229,1
6180,0.16056,0
6181,2.308355,1
6182,0.852161,0
6183,0.134678,0
6184,0.811122,1
6185,9.940851,1
6186,0.944292,0
6187,0.235923,1
6188,4.327557,1
6189,10.488156,0
6190,10.227793,0
6191,10.783906,0
6192,2.020636,1
6193,1.075866,1
6194,0.114104,1
6195,9.178403,0
6196,3.035002,1
6197,10.352446,0
6198,10.585631,0
6199,10.39321,0
6200,0.163321,1
6201,9.203654,0
6202,11.33266,0
6203,9.902637,1
6204,0.784239,0
6205,3.487367,1
6206,8.757215,0
6207,9.62315,1
6208,1.825737,1
6209,0.063167,1
6210,8.493655,0
6211,0.057981,0
6212,8.842832,0
6213,0.152103,0
6214,0.917934,0
6215,9.722963,0
6216,0.172288,1
6217,9.11055,0
6218,9.916697,0
6219,0.064367,1
6220,1.470139,1
6221,0.843549,1
6222,1.962567,0
6223,0.083356,0
6224,0.121236,1
6225,0.16536,1
6226,0.054195,1
6227,1.555076,0
6228,0.074846,1
6229,0.139473,0
6230,3.36932,0
6231,0.41724,0
6232,8.884791,0
6233,2.16005,1
6234,9.128149,0
6235,9.796297,0
6236,0.112996,1
6237,0.660519,0
6238,10.62031,1
6239,8.853248,1
6240,0.366694,1
6241,1.961388,1
6242,9.287023,0
6243,11.108531,0
6244,0.049231,0
6245,2.855297,1
6246,1.985407,0
6247,1.553812,1
6248,0.099219,1
6249,9.375815,1
6250,2.263647,1
6251,10.157893,0
6252,0.670125,1
6253,1.84727,0
6254,0.597672,0
6255,0.066608,0
6256,0.20975,1
6257,0.129557,1
6258,0.418062,1
6259,0.075962,1
6260,8.573277,1
6261,0.37675,0
6262,0.05696,1
6263,0.371506,0
6264,9.435158,0
6265,1.377646,1
6266,0.120218,1
6267,0.115083,1
6268,10.696964,0
6269,2.351362,1
6270,0.155576,1
6271,0.213714,1
6272,9.682777,1
6273,0.875349,1
6274,0.346147,0
6275,8.762444,0
6276,0.51614,0
6277,0.081278,1
6278,0.524205,0
6279,0.242009,1
6280,10.043276,1
6281,3.048815,1
6282,3.703881,1
6283,0.209065,1
6284,0.06409,1
6285,1.272762,1
6286,0.756022,0
6287,10.33421,1
6288,0.284903,1
6289,9.498446,0
6290,9.806391,1
6291,1.933125,1
6292,0.285491,1
6293,0.164572,0
6294,10.607992,0
6295,9.164487,0
6296,10.165768,0
6297,0.407052,1
6298,2.041406,0
6299,9.118792,0
6300,0.160945,1
6301,0.819401,1
6302,10.92623,1
6303,7.790491,0
6304,9.206002,1
6305,9.31256,0
6306,10.044313,0
6307,10.737543,0
6308,9.515169,1
6309,9.011087,0
6310,0.572272,0
6311,0.334335,0
6312,1.324298,1
6313,0.313637,1
6314,10.711246,1
6315,9.32107,1
6316,0.973747,1
6317,9.017612,0
6318,2.278145,0
6319,0.36858,1
6320,0.210743,1
6321,2.056462,0
6322,0.156642,1
6323,9.791584,1
6324,9.607822,0
6325,0.215221,1
6326,9.355534,1
6327,9.859193,1
6328,2.523516,0
6329,10.287137,0
6330,0.161384,1
6331,0.252268,1
6332,1.265972,1
6333,0.075333,1
6334,0.225402,0
6335,0.201578,1
6336,9.537826,0
6337,10.431117,1
6338,1.263772,0
6339,0.2057,1
6340,0.52731,1
6341,0.074015,1
6342,9.129817,0
6343,0.077896,1
6344,0.775797,0
6345,0.823316,0
6346,0.080857,1
6347,2.882349,1
6348,8.802489,0
6349,9.375265,0
6350,2.29853,1
6351,2.002205,1
6352,0.157233,1
6353,10.392909,0
6354,0.366156,1
6355,0.115226,0
6356,0.810259,1
6357,3.072981,1
6358,10.297147,1
6359,9.985438,0
6360,0.243352,0
6361,0.865805,1
6362,0.484803,1
6363,1.67827,0
6364,2.495084,1
6365,1.448496,1
6366,8.322693,0
6367,2.65768,1
6368,9.230387,0
6369,2.194394,1
6370,11.069385,0
6371,9.77624,0
6372,0.562537,1
6373,0.045424,0
6374,2.16745,1
6375,1.14722,1
6376,0.070725,1
6377,0.395362,1
6378,0.487898,0
6379,0.468233,0
6380,0.311132,0
6381,9.918766,0
6382,8.748533,0
6383,0.075059,1
6384,0.298179,0
6385,10.840456,1
6386,0.139312,0
6387,9.476389,0
6388,1.787038,0
6389,2.046564,1
6390,10.048244,0
6391,0.084404,1
6392,0.090333,0
6393,2.908667,1
6394,0.13841,1
6395,2.703777,1
6396,0.824474,0
6397,1.174746,1
6398,0.227446,1
6399,0.095415,0
6400,0.097389,1
6401,0.479323,0
6402,10.272333,1
6403,9.434042,0
6404,10.370552,0
6405,10.558696,1
6406,1.240446,0
6407,9.554775,0
6408,1.432656,1
6409,8.367837,0
6410,10.817954,0
6411,9.133977,0
6412,1.21732,1
6413,0.238844,1
6414,1.997877,0
6415,4.514032,0
6416,0.180931,1
6417,0.082124,1
6418,0.333319,1
6419,8.655767,1
6420,8.975907,1
6421,2.420893,1
6422,9.635616,0
6423,1.717875,0
6424,9.479101,0
6425,0.415821,0
6426,10.559395,0
6427,9.636045,0
6428,0.173901,1
6429,0.166969,1
6430,10.159358,1
6431,0.7032,1
6432,0.256724,1
6433,0.417382,1
6434,0.734082,0
6435,0.293399,0
6436,0.130301,1
6437,9.713295,0
6438,0.046635,1
6439,1.21673,1
6440,0.79488,0
6441,0.602815,1
6442,0.203881,1
6443,8.941032,0
6444,1.551921,0
6445,1.333672,1
6446,0.080939,1
6447,9.941352,0
6448,9.559402,0
6449,10.511058,0
6450,1.595553,0
6451,1.078107,1
6452,11.446959,0
6453,2.031428,1
6454,0.04055,1
6455,9.821129,0
6456,0.664358,1
6457,2.721999,1
6458,0.452034,0
6459,10.575786,1
6460,8.805367,0
6461,0.242376,0
6462,10.274426,1
6463,0.313733,0
6464,1.110345,0
6465,0.175426,1
6466,2.486729,1
6467,0.1142,0
6468,2.303273,0
6469,9.558148,1
6470,0.142699,1
6471,9.510185,0
6472,10.077129,1
6473,9.373351,1
6474,0.124011,1
6475,0.314288,0
6476,0.159636,1
6477,0.6005,0
6478,0.112364,0
6479,1.988432,1
6480,0.734113,1
6481,0.085553,1
6482,11.423288,1
6483,0.071747,1
6484,0.092316,1
6485,3.835639,1
6486,9.154134,0
6487,9.57025,0
6488,1.044551,1
6489,0.676061,0
6490,9.606631,1
6491,0.706736,0
6492,8.577754,0
6493,0.375274,0
6494,9.61062,0
6495,0.68095,0
6496,9.183468,0
6497,2.720391,0
6498,0.358399,1
6499,0.203953,1
6500,0.924635,0
6501,3.652582,1
6502,0.10492,1
6503,0.077988,0
6504,9.960754,0
6505,11.374379,0
6506,9.253781,0
6507,8.29828,1
6508,0.180144,1
6509,0.145412,1
6510,0.159979,0
6511,10.73215,0
6512,1.706947,1
6513,0.314472,1
6514,10.028426,0
6515,10.530671,0
6516,0.052098,0
6517,0.430869,0
6518,9.554916,0
6519,0.089421,1
6520,0.763842,0
6521,0.060016,0
6522,0.20159,1
6523,10.633486,1
6524,10.355158,0
6525,0.073215,0
6526,0.278116,0
6527,0.140014,1
6528,9.234722,0
6529,0.216896,0
6530,9.388477,0
6531,10.123228,0
6532,2.895124,1
6533,0.064999,1
6534,9.328904,0
6535,1.671383,1
6536,0.064529,1
6537,9.993367,0
6538,2.416309,0
6539,0.173802,1
6540,10.769038,0
6541,0.12952,1
6542,0.211552,1
6543,0.268672,1
6544,3.432449,1
6545,0.135004,0
6546,0.435568,1
6547,0.100523,0
6548,1.628959,0
6549,9.350242,1
6550,0.530719,0
6551,0.333421,1
6552,0.08703,1
6553,11.193838,1
6554,3.051612,1
6555,0.205513,1
6556,1.318707,0
6557,10.048356,1
6558,9.984894,0
6559,9.449126,0
6560,0.08992,0
6561,1.176959,1
6562,10.220076,1
6563,0.067746,1
6564,0.093034,1
6565,2.223542,1
6566,1.567104,1
6567,0.087833,0
6568,8.996187,0
6569,1.849088,1
6570,10.669036,0
6571,0.047763,1
6572,0.123454,1
6573,0.636529,1
6574,8.635026,1
6575,1.879098,1
6576,0.130359,1
6577,0.861897,0
6578,9.34327,0
6579,0.394675,0
6580,0.050845,0
6581,1.244038,1
6582,10.332408,0
6583,3.39674,1
6584,0.113512,1
6585,8.508851,1
6586,2.943373,0
6587,9.953368,0
6588,0.120321,1
6589,0.665561,1
6590,0.523109,0
6591,0.188676,0
6592,0.16202,0
6593,0.341807,1
6594,0.061546,0
6595,2.370363,1
6596,8.771459,0
6597,10.115485,0
6598,0.139269,1
6599,1.809852,0
6600,2.951886,1
6601,0.110698,0
6602,0.064435,1
6603,0.072812,1
6604,9.923169,0
6605,10.169796,0
6606,0.130645,1
6607,8.834557,0
6608,3.981134,1
6609,1.899591,1
6610,10.300599,1
6611,1.068337,1
6612,2.572436,1
6613,9.541944,1
6614,0.09846,1
6615,0.787561,1
6616,0.275369,0
6617,9.359838,0
6618,8.818448,0
6619,0.412807,0
6620,0.400114,0
6621,0.356677,1
6622,0.148679,1
6623,0.398845,1
6624,10.291983,1
6625,0.447912,0
6626,9.481823,0
6627,9.413303,0
6628,0.265087,0
6629,9.295466,0
6630,3.263344,1
6631,0.187848,0
6632,1.959203,0
6633,8.674877,0
6634,0.04678,1
6635,0.134541,1
6636,0.293907,1
6637,0.21453,1
6638,0.252245,0
6639,3.659825,1
6640,10.095877,0
6641,9.13438,0
6642,0.842308,0
6643,2.299803,1
6644,0.085037,1
6645,4.186263,1
6646,9.009315,0
6647,0.176542,1
6648,9.906548,0
6649,0.115684,0
6650,0.467772,0
6651,0.290796,0
6652,2.298919,0
6653,0.665662,1
6654,0.069737,1
6655,0.080228,1
6656,2.355906,0
6657,2.912019,0
6658,9.088087,1
6659,0.115522,1
6660,2.974372,0
6661,0.361527,1
6662,10.11243,0
6663,1.80645,1
6664,4.196191,1
6665,9.679862,0
6666,0.150171,1
6667,0.262609,1
6668,9.580545,0
6669,0.673837,1
6670,10.138206,1
6671,9.746582,0
6672,0.139761,0
6673,9.493184,0
6674,8.434048,1
6675,10.75025,1
6676,0.17557,1
6677,1.391786,1
6678,9.777965,1
6679,10.063525,0
6680,0.363476,0
6681,9.69873,0
6682,9.117786,1
6683,0.170042,0
6684,0.254093,0
6685,0.451423,0
6686,1.932511,0
6687,0.623174,1
6688,0.311104,1
6689,10.659371,0
6690,9.647934,0
6691,1.249962,1
6692,0.416178,0
6693,0.192296,1
6694,9.219523,0
6695,10.103946,1
6696,0.917435,0
6697,9.090307,0
6698,0.181689,1
6699,0.520629,0
6700,10.110801,0
6701,1.791347,0
6702,2.471997,0
6703,11.045448,1
6704,9.315989,1
6705,0.162848,1
6706,10.892884,1
6707,0.192662,0
6708,9.32448,1
6709,0.438962,1
6710,0.214893,0
6711,0.151431,0
6712,0.316686,0
6713,0.668885,0
6714,10.649331,0
6715,0.055991,1
6716,9.698832,1
6717,0.244125,1
6718,0.405976,1
6719,0.099384,1
6720,0.313723,0
6721,9.1721,0
6722,2.725388,0
6723,9.15157,1
6724,9.891422,0
6725,0.059373,1
6726,0.26622,0
6727,9.190572,1
6728,10.308781,1
6729,2.042111,0
6730,9.714757,1
6731,9.812749,0
6732,0.712636,1
6733,0.468843,0
6734,9.139746,0
6735,0.115684,1
6736,10.333528,0
6737,0.082489,1
6738,9.582181,0
6739,1.432593,1
6740,2.69844,1
6741,0.238202,1
6742,0.072666,1
6743,9.628363,1
6744,2.914184,0
6745,0.726239,1
6746,9.45697,0
6747,0.72025,1
6748,0.173372,1
6749,1.45273,0
6750,9.562023,0
6751,9.291004,0
6752,1.446002,1
6753,2.086542,0
6754,9.347044,0
6755,8.439122,0
6756,1.326615,1
6757,0.14531,0
6758,0.084467,1
6759,2.183945,1
6760,0.100169,1
6761,0.066138,0
6762,2.108185,1
6763,0.574914,1
6764,0.115201,1
6765,0.126591,1
6766,1.698627,0
6767,0.171009,1
6768,9.080194,0
6769,10.498737,1
6770,8.120142,0
6771,3.726352,1
6772,0.117799,1
6773,9.130584,1
6774,9.790244,0
6775,9.79126,1
6776,8.126567,0
6777,9.845957,0
6778,0.059347,1
6779,2.54054,0
6780,1.736531,0
6781,0.146274,0
6782,0.141163,1
6783,9.770265,0
6784,0.1351,0
6785,7.719361,0
6786,0.51043,0
6787,0.060669,0
6788,11.650801,0
6789,0.281794,1
6790,1.924304,0
6791,0.286161,1
6792,0.571573,1
6793,9.762581,0
6794,0.176477,1
6795,9.060944,1
6796,0.08268,1
6797,0.065525,1
6798,0.830016,1
6799,9.345381,1
6800,0.897075,1
6801,10.410261,0
6802,0.251605,0
6803,0.1297,1
6804,9.625207,0
6805,0.456731,1
6806,3.283297,0
6807,9.272633,0
6808,0.29745,1
6809,10.523427,1
6810,0.143979,0
6811,0.282648,1
6812,0.153719,1
6813,0.147127,1
6814,9.943155,1
6815,10.753151,1
6816,0.269349,0
6817,0.093414,1
6818,0.38507,0
6819,0.176844,1
6820,0.223539,1
6821,2.481187,1
6822,0.056203,0
6823,10.275616,0
6824,8.811534,0
6825,0.204776,0
6826,0.23056,1
6827,10.113148,0
6828,1.251064,1
6829,10.140474,0
6830,9.865634,0
6831,0.922887,0
6832,9.223787,1
6833,1.746051,1
6834,10.135776,0
6835,11.026441,0
6836,0.126525,0
6837,10.292939,0
6838,0.145354,0
6839,9.430941,0
6840,1.045417,0
6841,0.238696,1
6842,9.095412,1
6843,0.667217,1
6844,10.307919,0
6845,0.082681,0
6846,10.200523,0
6847,0.427995,0
6848,9.330034,0
6849,9.235707,0
6850,0.077909,0
6851,1.196232,1
6852,0.258203,0
6853,1.252348,1
6854,10.821597,0
6855,9.507314,0
6856,0.317542,0
6857,8.255118,1
6858,0.196776,1
6859,0.493755,1
6860,1.190032,0
6861,0.079704,1
6862,1.844327,0
6863,8.913446,0
6864,0.195824,0
6865,2.608977,1
6866,0.177845,1
6867,0.035604,1
6868,0.191046,0
6869,10.53214,0
6870,8.689202,0
6871,1.703228,0
6872,10.137235,1
6873,3.157816,1
6874,3.329829,0
6875,0.203828,0
6876,10.49273,0
6877,10.44849,0
6878,1.062238,1
6879,0.432361,0
6880,0.617833,1
6881,0.284129,0
6882,9.056884,0
6883,10.096828,0
6884,10.006307,0
6885,0.401239,0
6886,3.5661,1
6887,0.175017,1
6888,9.882611,0
6889,2.366393,0
6890,9.48228,1
6891,8.763263,0
6892,1.127202,1
6893,10.0509,0
6894,10.265398,0
6895,0.032405,1
6896,0.085252,1
6897,0.472975,1
6898,2.473636,1
6899,0.27464,1
6900,0.359856,1
6901,9.29996,0
6902,1.796094,0
6903,0.116023,1
6904,0.643654,1
6905,9.320625,0
6906,0.220282,1
6907,10.00991,1
6908,0.641215,1
6909,9.656416,1
6910,10.420043,0
6911,0.295108,0
6912,0.20742,1
6913,1.921914,0
6914,0.606569,1
6915,1.916438,0
6916,0.259098,0
6917,3.348622,0
6918,0.101012,1
6919,10.059234,0
6920,0.183425,1
6921,0.142541,1
6922,0.867005,0
6923,9.466487,0
6924,2.478536,0
6925,10.447199,0
6926,9.228677,0
6927,0.08312,1
6928,1.197552,1
6929,0.2863,1
6930,11.136292,0
6931,0.137681,0
6932,8.09761,1
6933,10.382774,0
6934,3.303795,0
6935,0.156576,1
6936,0.478101,0
6937,0.591065,1
6938,1.587902,0
6939,1.039175,0
6940,10.561792,0
6941,10.199165,0
6942,10.691965,0
6943,8.614169,1
6944,9.523074,0
6945,2.288344,0
6946,9.403086,0
6947,10.219381,1
6948,9.451073,0
6949,9.6138,0
6950,10.399129,1
6951,0.075384,1
6952,9.098744,0
6953,0.179929,1
6954,0.155417,1
6955,11.289025,0
6956,10.374435,1
6957,10.185383,0
6958,10.651175,1
6959,2.448063,1
6960,9.546112,0
6961,0.159342,1
6962,0.305342,0
6963,0.322703,1
6964,2.169985,1
6965,0.094383,1
6966,0.1492,1
6967,8.739842,0
6968,0.099643,1
6969,0.897306,1
6970,2.407297,0
6971,0.22112,1
6972,2.256275,1
6973,10.853805,0
6974,0.123497,1
6975,8.303823,0
6976,1.999947,0
6977,7.707489,0
6978,2.241426,1
6979,9.197042,0
6980,0.134527,1
6981,0.103947,1
6982,1.763576,0
6983,10.02135,1
6984,3.602776,1
6985,0.610247,1
6986,7.984756,1
6987,0.330311,0
6988,10.509542,0
6989,0.102825,1
6990,0.171453,1
6991,2.71568,1
6992,2.333382,1
6993,0.105363,0
6994,0.300857,1
6995,2.337289,0
6996,1.075825,1
6997,0.332304,0
6998,0.427871,1
6999,9.889068,0
7000,3.721515,1
7001,0.130437,0
7002,0.144297,0
7003,0.044953,0
7004,10.108776,0
7005,9.90013,0
7006,9.897259,0
7007,8.870323,0
7008,0.71474,0
7009,0.147988,1
7010,10.242843,1
7011,0.250384,1
7012,0.099422,1
7013,9.268731,1
7014,0.064088,0
7015,2.503758,1
7016,9.843657,1
7017,9.2726,0
7018,2.735639,1
7019,10.541253,1
7020,0.419334,1
7021,0.260933,0
7022,0.139393,0
7023,0.848772,1
7024,0.205707,1
7025,1.922385,1
7026,0.981218,0
7027,0.273654,1
7028,10.396881,1
7029,10.213376,0
7030,9.625748,0
7031,1.130291,1
7032,0.471826,0
7033,2.938981,1
7034,0.154134,1
7035,9.353779,1
7036,9.23614,1
7037,0.202408,1
7038,0.778815,0
7039,0.709499,0
7040,9.156049,0
7041,0.168903,1
7042,0.082692,1
7043,2.292882,1
7044,2.047184,1
7045,0.182013,1
7046,0.222113,1
7047,10.639416,0
7048,0.867124,1
7049,1.957846,1
7050,0.088958,1
7051,0.123199,1
7052,0.69872,0
7053,0.166061,1
7054,8.644315,0
7055,9.501885,0
7056,8.980257,1
7057,10.623884,0
7058,0.228747,1
7059,9.770304,0
7060,10.624301,0
7061,0.085935,1
7062,8.245772,1
7063,9.26784,0
7064,9.108399,0
7065,0.313788,1
7066,9.659852,0
7067,10.695569,0
7068,10.538518,0
7069,0.053289,0
7070,0.789607,0
7071,2.850734,1
7072,2.283361,1
7073,0.808493,0
7074,0.084479,1
7075,0.323248,1
7076,0.100943,1
7077,2.24488,1
7078,0.077171,1
7079,0.995558,0
7080,0.744804,0
7081,10.187581,0
7082,9.611594,0
7083,0.359584,1
7084,0.630454,1
7085,0.255852,1
7086,10.43598,0
7087,10.289347,1
7088,9.512586,0
7089,0.154641,0
7090,9.844123,0
7091,10.794156,0
7092,0.080221,0
7093,2.561602,0
7094,0.373578,1
7095,0.428495,1
7096,0.665291,1
7097,2.429849,0
7098,0.116479,1
7099,0.206507,0
7100,9.778804,1
7101,0.110322,0
7102,10.119597,0
7103,0.142764,1
7104,1.914125,0
7105,9.842038,1
7106,0.178969,0
7107,2.206362,0
7108,2.58536,0
7109,0.119755,0
7110,0.123448,0
7111,10.868792,0
7112,0.302273,0
7113,0.121151,1
7114,3.05014,0
7115,9.550634,0
7116,10.112798,0
7117,10.001338,0
7118,10.085603,1
7119,0.144334,0
7120,0.048729,0
7121,1.084695,0
7122,3.620441,1
7123,0.406403,1
7124,0.628485,1
7125,1.682614,1
7126,0.159881,1
7127,0.899765,0
7128,0.741378,1
7129,0.152758,1
7130,9.131926,1
7131,0.057459,1
7132,3.056515,1
7133,9.181384,0
7134,1.974677,1
7135,8.482466,0
7136,10.819536,0
7137,9.862763,0
7138,9.347814,0
7139,10.458888,0
7140,0.086501,0
7141,0.495714,0
7142,0.22537,1
7143,0.205577,1
7144,1.979678,0
7145,9.39961,1
7146,0.085817,1
7147,1.294933,0
7148,10.036784,0
7149,2.054581,0
7150,0.097784,0
7151,2.075083,1
7152,0.173248,1
7153,0.387571,1
7154,0.6148,0
7155,1.627074,1
7156,0.117197,1
7157,0.409887,0
7158,2.736995,0
7159,0.506131,0
7160,3.676558,1
7161,8.634745,0
7162,0.761856,1
7163,9.490727,0
7164,0.103717,0
7165,9.613123,1
7166,9.921416,1
7167,9.354777,1
7168,9.169188,1
7169,3.285345,1
7170,9.650871,0
7171,1.028378,1
7172,0.095517,0
7173,10.827711,0
7174,10.7798,0
7175,0.418767,1
7176,1.825807,1
7177,10.08396,1
7178,10.671438,0
7179,10.517158,1
7180,9.465482,1
7181,0.640287,0
7182,8.388318,0
7183,9.50641,0
7184,2.952137,1
7185,10.65569,1
7186,3.062376,1
7187,0.067889,1
7188,9.716075,0
7189,0.370625,0
7190,9.789708,1
7191,8.722518,0
7192,0.076689,1
7193,0.630531,1
7194,1.695584,0
7195,1.382881,0
7196,0.084415,1
7197,2.091353,0
7198,10.363488,0
7199,0.134447,1
7200,0.432316,0
7201,1.705399,1
7202,0.093837,1
7203,0.726162,1
7204,0.828738,1
7205,0.154193,1
7206,0.447012,1
7207,9.313479,0
7208,8.356225,1
7209,9.444044,0
7210,9.101043,1
7211,9.033283,0
7212,0.29053,0
7213,10.828179,1
7214,9.774579,0
7215,9.715785,0
7216,0.347412,0
7217,0.110846,1
7218,2.817277,0
7219,10.441365,0
7220,3.319061,1
7221,9.81699,0
7222,0.511619,0
7223,10.428853,0
7224,3.403587,1
7225,0.238895,0
7226,0.64453,0
7227,11.079203,0
7228,1.786458,0
7229,0.618989,0
7230,0.255717,0
7231,3.685864,1
7232,0.135821,0
7233,0.620207,1
7234,8.35682,0
7235,9.78252,0
7236,1.295304,0
7237,1.353352,1
7238,9.22002,1
7239,0.726425,1
7240,0.679745,0
7241,0.065902,1
7242,1.783697,0
7243,0.057497,0
7244,0.070176,1
7245,0.30526,0
7246,0.158604,0
7247,2.513557,1
7248,0.04971,1
7249,0.132236,1
7250,9.587996,1
7251,0.594598,1
7252,9.717844,0
7253,0.141199,1
7254,0.122248,1
7255,0.146101,1
7256,10.42414,0
7257,0.366091,0
7258,9.526477,1
7259,9.8722,0
7260,10.281041,0
7261,1.049212,1
7262,9.260527,1
7263,10.833993,1
7264,0.549406,0
7265,10.461875,0
7266,0.512692,0
7267,8.989911,0
7268,1.789266,1
7269,0.30306,1
7270,11.14557,0
7271,9.471095,0
7272,8.673664,0
7273,11.093753,0
7274,9.583591,1
7275,0.477711,0
7276,0.514644,1
7277,0.851949,1
7278,0.08452,0
7279,0.066304,1
7280,0.704723,0
7281,10.698888,0
7282,10.87766,0
7283,2.361885,0
7284,3.605016,1
7285,0.273774,0
7286,2.400927,0
7287,0.147901,1
7288,0.170932,1
7289,0.178872,1
7290,9.168337,0
7291,7.621975,1
7292,3.823416,1
7293,0.912464,1
7294,0.165415,0
7295,8.250956,0
7296,0.055739,0
7297,0.334319,0
7298,10.254595,1
7299,9.177504,0
7300,9.559993,0
7301,2.838921,1
7302,1.083901,0
7303,1.574774,0
7304,9.849302,0
7305,10.849025,0
7306,12.109256,1
7307,3.881421,1
7308,9.393311,0
7309,9.560277,0
7310,0.240563,1
7311,0.105115,1
7312,9.931564,0
7313,11.131004,0
7314,10.320341,0
7315,2.973998,1
7316,0.978384,0
7317,0.184564,1
7318,8.794641,0
7319,9.101944,1
7320,10.351116,1
7321,10.492046,0
7322,0.070112,0
7323,9.079278,0
7324,11.010119,0
7325,0.118361,1
7326,0.278232,1
7327,9.077499,0
7328,0.312907,1
7329,0.039197,0
7330,3.555896,1
7331,0.355792,0
7332,0.168478,0
7333,8.835608,1
7334,8.780138,0
7335,0.09649,1
7336,1.901604,0
7337,11.200034,0
7338,0.194923,1
7339,9.917295,1
7340,3.909412,0
7341,0.217203,1
7342,2.354871,0
7343,0.27906,0
7344,0.066978,1
7345,0.145979,0
7346,0.09386,1
7347,0.337661,1
7348,0.386526,1
7349,0.292568,1
7350,0.316829,0
7351,0.131626,1
7352,0.083202,1
7353,9.501653,0
7354,0.148366,0
7355,2.735173,0
7356,0.091678,0
7357,0.141982,0
7358,10.500831,1
7359,0.605956,0
7360,9.928262,1
7361,0.122399,0
7362,0.353668,0
7363,0.102939,0
7364,9.123974,0
7365,10.328989,0
7366,10.452571,1
7367,2.714157,1
7368,0.157126,1
7369,0.456993,1
7370,0.052999,1
7371,9.623106,1
7372,11.054367,1
7373,0.354409,0
7374,0.280063,0
7375,1.748292,1
7376,0.14327,1
7377,0.116167,1
7378,3.256862,1
7379,0.125008,1
7380,9.690976,1
7381,0.275089,1
7382,10.839631,0
7383,9.45873,0
7384,0.105727,1
7385,0.422262,0
7386,10.484923,0
7387,9.812284,1
7388,0.85916,1
7389,0.466184,1
7390,0.06453,1
7391,0.769358,0
7392,9.701956,0
7393,9.955512,0
7394,0.433879,1
7395,9.294143,1
7396,3.42784,1
7397,1.265414,1
7398,0.320611,1
7399,0.079128,1
7400,2.878031,0
7401,0.105499,0
7402,9.946981,0
7403,2.440703,1
7404,9.802295,0
7405,1.229322,1
7406,10.391068,0
7407,10.512495,0
7408,10.466203,0
7409,0.678262,0
7410,10.207028,0
7411,0.102569,0
7412,9.15248,0
7413,2.997468,0
7414,0.228952,0
7415,0.57344,0
7416,0.147936,1
7417,0.343769,0
7418,0.299937,1
7419,1.635009,0
7420,0.314652,1
7421,9.474328,0
7422,10.281039,0
7423,0.072435,0
7424,9.943759,1
7425,9.902363,0
7426,0.430748,0
7427,0.484545,1
7428,0.753938,1
7429,10.184046,1
7430,0.156781,0
7431,0.388702,0
7432,10.725884,1
7433,0.093533,1
7434,0.212807,1
7435,10.763417,0
7436,1.108015,1
7437,9.991934,0
7438,0.109275,0
7439,9.957452,1
7440,9.145709,1
7441,3.217734,1
7442,0.53335,1
7443,9.886546,1
7444,0.120933,1
7445,1.675802,1
7446,9.654401,1
7447,3.650655,1
7448,9.39229,1
7449,7.991076,1
7450,9.69007,0
7451,0.118999,1
7452,0.613229,1
7453,8.68236,0
7454,9.739474,0
7455,0.140865,0
7456,0.081577,0
7457,9.934743,0
7458,1.763537,1
7459,9.962352,1
7460,0.058906,0
7461,0.105367,1
7462,2.213916,0
7463,9.794281,1
7464,11.186783,0
7465,1.903519,1
7466,0.586937,0
7467,0.404437,0
7468,9.858385,0
7469,9.201222,1
7470,1.064142,0
7471,8.792895,0
7472,0.301238,1
7473,0.148487,0
7474,0.203225,1
7475,0.491935,1
7476,2.174783,0
7477,9.713943,0
7478,0.283875,0
7479,0.406664,1
7480,9.649446,1
7481,9.183094,1
7482,0.327113,0
7483,0.282151,1
7484,1.350514,1
7485,1.860607,0
7486,0.173187,0
7487,0.095927,1
7488,0.870595,0
7489,0.040675,1
7490,9.109923,0
7491,0.187802,0
7492,0.809425,0
7493,9.303866,0
7494,9.503297,0
7495,0.54362,1
7496,1.292384,1
7497,1.154066,0
7498,1.576555,1
7499,0.314298,0
7500,0.092554,0
7501,9.345444,1
7502,0.102401,0
7503,9.041133,0
7504,11.307039,0
7505,10.07754,0
7506,8.313345,0
7507,3.860864,1
7508,0.250702,0
7509,1.626913,1
7510,0.193411,0
7511,0.095356,1
7512,9.804806,1
7513,9.13668,0
7514,10.507773,0
7515,10.746406,0
7516,9.288756,0
7517,9.910763,0
7518,0.73097,0
7519,0.234729,0
7520,0.141468,0
7521,0.062974,1
7522,2.906036,0
7523,0.058934,1
7524,3.016315,0
7525,8.943553,0
7526,0.298169,0
7527,2.864032,0
7528,2.804214,0
7529,0.054661,1
7530,0.84281,0
7531,9.785659,0
7532,0.152703,1
7533,10.170447,0
7534,1.523802,1
7535,0.572501,1
7536,1.236567,1
7537,0.092738,1
7538,10.784937,0
7539,8.896222,1
7540,0.762292,1
7541,0.09504,1
7542,11.113199,0
7543,0.23834,0
7544,0.551178,0
7545,8.714668,0
7546,0.205294,1
7547,10.312304,0
7548,0.357486,0
7549,0.196882,0
7550,10.408691,0
7551,2.93884,1
7552,8.797297,0
7553,0.525853,0
7554,0.450606,1
7555,9.453104,1
7556,1.125549,0
7557,1.321961,1
7558,0.098698,1
7559,0.511985,0
7560,2.636991,0
7561,0.724173,0
7562,0.050514,1
7563,2.035717,1
7564,10.735553,1
7565,0.516231,1
7566,9.733693,1
7567,9.730414,0
7568,10.267228,0
7569,0.062694,1
7570,1.492799,0
7571,0.17546,1
7572,10.317163,0
7573,0.159471,0
7574,0.09409,0
7575,10.20779,0
7576,2.629168,1
7577,0.142259,1
7578,8.905139,0
7579,9.801532,0
7580,0.142601,1
7581,0.32937,1
7582,0.072195,0
7583,2.455904,1
7584,0.046602,1
7585,9.892482,0
7586,10.24954,0
7587,1.09158,1
7588,0.222665,1
7589,9.025273,0
7590,10.046795,1
7591,11.22458,0
7592,0.543915,1
7593,9.619675,0
7594,2.441403,0
7595,1.121655,0
7596,10.113343,0
7597,0.408465,1
7598,9.299218,0
7599,9.895083,0
7600,0.333188,0
7601,0.079229,1
7602,8.61411,0
7603,0.21987,1
7604,10.1871,1
7605,9.515992,0
7606,0.245972,0
7607,9.069944,1
7608,0.199402,1
7609,0.190063,1
7610,9.744374,0
7611,9.736481,0
7612,10.380739,0
7613,9.710655,0
7614,10.476232,0
7615,0.140056,1
7616,3.172493,0
7617,2.255801,1
7618,0.752529,1
7619,2.426355,0
7620,0.280538,0
7621,0.121337,1
7622,9.674271,0
7623,2.169271,0
7624,0.20835,1
7625,9.486021,0
7626,0.042591,1
7627,0.249485,1
7628,0.571013,1
7629,0.240205,1
7630,9.249875,0
7631,0.122233,1
7632,0.692579,0
7633,0.162603,1
7634,0.899425,1
7635,1.127923,0
7636,0.07243,0
7637,0.047659,1
7638,10.670897,1
7639,8.544786,0
7640,3.107128,1
7641,4.238706,1
7642,1.683116,1
7643,0.193892,1
7644,9.71617,1
7645,0.084681,1
7646,0.281933,1
7647,9.243233,0
7648,1.853482,0
7649,9.763036,1
7650,2.075299,1
7651,10.79081,0
7652,0.776984,1
7653,9.807237,1
7654,0.632289,0
7655,2.344997,1
7656,9.213736,0
7657,3.22977,1
7658,10.330263,0
7659,0.392573,1
7660,0.125845,1
7661,1.893351,1
7662,2.166631,0
7663,2.912253,1
7664,0.201164,1
7665,8.884508,0
7666,1.087779,0
7667,1.903031,1
7668,8.618664,0
7669,0.515454,1
7670,7.737791,1
7671,0.125975,1
7672,10.392861,0
7673,0.946645,0
7674,1.266724,0
7675,0.805523,1
7676,8.467109,0
7677,9.802176,0
7678,9.794555,0
7679,10.046134,1
7680,9.404195,0
7681,2.034172,0
7682,1.163512,1
7683,9.558193,1
7684,9.972369,1
7685,0.242434,1
7686,0.052452,0
7687,0.183915,0
7688,10.765365,1
7689,0.273394,1
7690,9.369317,0
7691,1.933974,1
7692,0.213498,1
7693,0.305647,1
7694,0.313745,1
7695,0.869568,1
7696,2.285254,1
7697,10.355628,0
7698,10.256696,1
7699,0.108193,1
7700,1.88942,0
7701,8.438389,0
7702,0.194469,1
7703,0.196318,0
7704,0.853586,1
7705,0.176544,1
7706,0.706627,1
7707,2.155068,0
7708,2.09007,1
7709,0.532165,0
7710,9.774191,0
7711,10.11725,0
7712,1.072479,1
7713,0.076999,1
7714,0.71304,1
7715,9.534055,1
7716,3.934365,1
7717,0.115738,1
7718,0.291983,0
7719,2.658547,0
7720,1.962224,1
7721,9.802074,0
7722,1.226425,1
7723,0.731773,1
7724,2.806233,1
7725,11.349852,1
7726,0.527543,1
7727,8.993091,0
7728,0.135579,1
7729,10.083096,0
7730,9.025586,1
7731,0.16871,1
7732,0.721572,1
7733,2.11511,0
7734,0.079074,1
7735,8.961576,0
7736,9.902265,0
7737,0.076563,1
7738,0.924221,0
7739,2.495261,0
7740,2.415174,1
7741,8.687519,0
7742,0.102721,0
7743,10.498346,0
7744,3.901742,1
7745,4.300262,1
7746,0.090491,1
7747,0.11229,0
7748,2.2634,0
7749,9.652268,1
7750,9.990243,1
7751,0.932205,1
7752,8.215826,0
7753,9.701371,0
7754,10.216628,1
7755,0.079748,1
7756,9.227572,0
7757,9.822204,0
7758,0.297925,0
7759,9.721862,0
7760,2.808661,1
7761,1.585801,0
7762,0.320022,0
7763,0.150902,0
7764,9.18308,0
7765,10.211266,0
7766,0.994964,0
7767,0.161473,1
7768,0.967629,1
7769,8.458129,1
7770,0.500264,0
7771,11.02006,1
7772,1.477294,0
7773,4.071264,1
7774,0.46781,0
7775,10.324992,1
7776,0.508233,1
7777,10.956751,0
7778,9.692444,0
7779,0.999681,0
7780,0.074915,1
7781,1.690325,1
7782,9.75626,1
7783,0.30106,1
7784,10.855077,1
7785,2.367274,1
7786,1.29135,1
7787,9.353637,1
7788,9.966207,0
7789,0.150541,1
7790,0.151183,1
7791,3.093138,1
7792,8.154742,0
7793,0.894581,0
7794,0.105118,1
7795,0.288923,0
7796,1.562342,0
7797,2.586671,0
7798,8.685096,0
7799,10.067932,0
7800,10.434337,0
7801,0.141906,0
7802,8.426575,0
7803,0.294399,1
7804,3.989956,0
7805,9.710182,0
7806,10.084595,1
7807,10.138947,0
7808,0.652162,0
7809,10.649221,0
7810,10.093406,0
7811,8.781658,1
7812,3.096323,1
7813,0.109975,1
7814,9.306762,0
7815,0.103578,0
7816,10.166715,0
7817,0.165717,1
7818,0.119354,1
7819,0.077735,0
7820,2.02564,1
7821,0.461796,0
7822,10.045197,0
7823,0.113557,0
7824,0.407024,0
7825,0.859236,1
7826,0.06828,1
7827,9.598203,1
7828,0.214162,1
7829,2.057529,1
7830,9.236864,0
7831,10.053354,0
7832,8.900718,1
7833,9.039639,0
7834,0.114744,0
7835,9.964346,1
7836,0.429126,0
7837,0.19957,1
7838,0.124885,1
7839,1.66284,0
7840,0.302436,1
7841,10.723989,1
7842,0.071831,1
7843,10.006358,1
7844,0.198647,1
7845,0.835155,1
7846,9.375653,0
7847,9.983538,0
7848,10.347866,1
7849,0.346268,1
7850,9.042948,1
7851,10.559818,0
7852,2.348861,1
7853,10.551288,1
7854,0.257718,1
7855,0.88009,0
7856,0.120342,1
7857,0.094058,1
7858,11.043766,1
7859,0.158375,0
7860,1.538375,0
7861,10.125807,0
7862,0.102567,1
7863,0.055721,1
7864,9.892404,0
7865,0.074959,0
7866,0.954275,1
7867,8.852969,1
7868,10.044865,0
7869,9.272791,0
7870,0.737681,1
7871,8.907994,1
7872,0.208584,1
7873,0.117984,0
7874,0.370696,0
7875,9.885744,0
7876,8.834303,0
7877,1.829635,0
7878,9.283751,1
7879,10.293963,0
7880,0.246285,0
7881,10.322547,1
7882,0.452968,1
7883,9.956554,1
7884,10.167954,0
7885,10.881204,1
7886,10.661802,0
7887,0.284841,1
7888,11.438515,1
7889,9.78821,0
7890,9.372118,0
7891,0.428121,0
7892,10.112211,0
7893,10.290854,1
7894,0.081475,1
7895,0.832122,0
7896,11.341733,1
7897,9.646198,0
7898,0.755262,0
7899,9.645435,0
7900,0.090782,1
7901,0.072204,1
7902,0.186782,1
7903,3.715953,1
7904,9.457249,0
7905,0.101257,0
7906,9.207082,0
7907,8.880094,1
7908,0.096175,1
7909,0.102856,0
7910,0.396869,1
7911,11.009297,0
7912,9.069139,0
7913,0.051,1
7914,0.122535,1
7915,1.688833,0
7916,0.073679,1
7917,2.619994,1
7918,1.792175,1
7919,2.356463,1
7920,0.406926,1
7921,2.324545,0
7922,0.754565,0
7923,0.076849,0
7924,10.677129,0
7925,4.687892,1
7926,0.412193,1
7927,0.700077,0
7928,1.272527,1
7929,11.023106,0
7930,9.331295,0
7931,0.163245,1
7932,10.048529,1
7933,8.831363,0
7934,9.822045,0
7935,10.388491,0
7936,0.099004,1
7937,0.080223,1
7938,1.142321,1
7939,0.081857,1
7940,9.406164,0
7941,0.684892,1
7942,0.055354,1
7943,0.222376,1
7944,9.110154,0
7945,2.744029,0
7946,0.447953,0
7947,0.275539,1
7948,8.517154,1
7949,9.688363,0
7950,1.731803,0
7951,0.085011,1
7952,10.386173,0
7953,3.504938,0
7954,0.130196,1
7955,0.595087,1
7956,9.406535,0
7957,1.474464,0
7958,0.324194,1
7959,0.115178,1
7960,10.677115,1
7961,1.214534,1
7962,0.084169,1
7963,9.827483,0
7964,8.341555,0
7965,2.760468,1
7966,8.676627,0
7967,0.176807,1
7968,1.666826,1
7969,0.49964,1
7970,0.609576,1
7971,2.082652,0
7972,0.34386,0
7973,2.91963,0
7974,9.673999,1
7975,0.583655,0
7976,9.487702,1
7977,9.735924,0
7978,1.60977,0
7979,0.113115,1
7980,0.229651,0
7981,10.005548,1
7982,9.088264,0
7983,10.206535,1
7984,0.120744,0
7985,0.394105,1
7986,9.161642,0
7987,0.080924,0
7988,0.399896,1
7989,9.8941,0
7990,10.246009,0
7991,0.052402,0
7992,0.913781,0
7993,10.8363,1
7994,0.401807,0
7995,0.476972,0
7996,0.049391,1
7997,8.421835,1
7998,2.012828,0
7999,0.301116,0
8000,1.312587,1
8001,0.279792,1
8002,9.481413,0
8003,1.027984,1
8004,0.398594,0
8005,9.334011,0
8006,9.432021,0
8007,11.069192,1
8008,0.222959,1
8009,0.373388,0
8010,0.326851,1
8011,9.336997,1
8012,1.449116,0
8013,9.287804,0
8014,2.68596,0
8015,10.201406,1
8016,9.624049,1
8017,9.285966,0
8018,0.618209,0
8019,1.740767,1
8020,0.503161,1
8021,9.350221,0
8022,0.272326,1
8023,9.988372,0
8024,0.04734,0
8025,0.477821,1
8026,0.252614,0
8027,10.247654,1
8028,9.792483,0
8029,0.466143,0
8030,0.086892,0
8031,3.284969,1
8032,0.112218,1
8033,9.14108,1
8034,3.337176,0
8035,9.857103,0
8036,1.936124,0
8037,8.845744,0
8038,0.224869,0
8039,0.595777,0
8040,0.704684,0
8041,0.051954,1
8042,1.94981,0
8043,9.977968,0
8044,0.293995,0
8045,0.141548,1
8046,10.216852,0
8047,10.093667,1
8048,9.59218,1
8049,0.185143,1
8050,7.895764,1
8051,0.063602,1
8052,10.293298,1
8053,2.549216,0
8054,0.466584,1
8055,0.645953,0
8056,9.633702,0
8057,1.216219,1
8058,9.20042,1
8059,2.862987,1
8060,3.425831,1
8061,0.346587,1
8062,0.083525,1
8063,8.627754,1
8064,8.769827,0
8065,3.33094,1
8066,10.368545,0
8067,9.680757,1
8068,1.488211,1
8069,10.315677,0
8070,1.456417,0
8071,8.515159,0
8072,9.434928,0
8073,8.038196,1
8074,0.165543,1
8075,3.067957,0
8076,0.979106,1
8077,0.487489,0
8078,10.231436,0
8079,8.892115,0
8080,1.437544,0
8081,1.873271,0
8082,9.561432,0
8083,0.136145,1
8084,3.816344,1
8085,10.929418,1
8086,0.412565,1
8087,1.726541,0
8088,8.379108,0
8089,1.5439,1
8090,2.607392,0
8091,10.444023,1
8092,10.915051,0
8093,10.078323,1
8094,4.500596,0
8095,0.182886,0
8096,0.474236,1
8097,9.685981,0
8098,0.106513,1
8099,0.36895,1
8100,9.409328,1
8101,2.914783,1
8102,9.27908,0
8103,0.040942,0
8104,0.484411,0
8105,0.489539,1
8106,0.48563,0
8107,9.881275,1
8108,0.289032,1
8109,0.111846,1
8110,10.708179,0
8111,9.675568,0
8112,0.127917,1
8113,8.722753,0
8114,1.927802,0
8115,9.268625,0
8116,0.597554,1
8117,0.240419,1
8118,9.294757,1
8119,0.532616,0
8120,1.579971,1
8121,9.697744,0
8122,0.076524,1
8123,0.300374,1
8124,0.085985,1
8125,0.118272,1
8126,2.20327,1
8127,0.133182,0
8128,0.575089,0
8129,10.365586,0
8130,0.422204,0
8131,1.626836,0
8132,9.675156,1
8133,0.121113,1
8134,0.417605,0
8135,0.056192,0
8136,0.054304,1
8137,0.087267,1
8138,2.487666,0
8139,0.283779,0
8140,0.110552,1
8141,3.412488,1
8142,8.99839,0
8143,10.112405,0
8144,0.115218,0
8145,0.919174,1
8146,10.580613,0
8147,11.267916,1
8148,10.647717,0
8149,0.237986,0
8150,10.281995,0
8151,9.433536,1
8152,0.112482,0
8153,0.061237,0
8154,0.104627,1
8155,8.558353,0
8156,0.139039,1
8157,2.144908,1
8158,9.446703,0
8159,1.42248,0
8160,10.854423,0
8161,8.755086,0
8162,2.295646,0
8163,9.008673,0
8164,0.689746,0
8165,0.215003,1
8166,9.1884,1
8167,0.65611,0
8168,10.302261,0
8169,0.244666,0
8170,8.567259,1
8171,0.154981,1
8172,8.607088,0
8173,0.678788,1
8174,0.20766,1
8175,0.308262,0
8176,3.424295,1
8177,0.330825,0
8178,0.961448,1
8179,0.476699,0
8180,2.169496,1
8181,0.130645,1
8182,0.1392,1
8183,0.132131,1
8184,0.511879,0
8185,2.24566,0
8186,11.09385,0
8187,0.130479,1
8188,1.173228,0
8189,9.871259,0
8190,3.124161,0
8191,0.609481,1
8192,0.314942,0
8193,8.798494,0
8194,10.306107,1
8195,10.28054,0
8196,9.765106,1
8197,3.609659,1
8198,3.611562,1
8199,9.275008,1
8200,1.81017,0
8201,0.185629,0
8202,0.127739,1
8203,3.076088,0
8204,10.106874,0
8205,0.905891,0
8206,0.0486,1
8207,0.134975,1
8208,0.232837,0
8209,9.911999,0
8210,0.115145,1
8211,0.865008,0
8212,0.51548,0
8213,0.251087,1
8214,9.810077,1
8215,10.573693,1
8216,10.922029,0
8217,0.178594,1
8218,9.498459,0
8219,9.729573,0
8220,0.84145,1
8221,8.513308,0
8222,10.188361,0
8223,2.821448,0
8224,9.355186,1
8225,0.061436,1
8226,0.457744,1
8227,9.559488,0
8228,9.617198,0
8229,10.512085,0
8230,0.659685,0
8231,2.38383,0
8232,10.45947,0
8233,0.316768,1
8234,9.966595,1
8235,10.017323,0
8236,1.706378,0
8237,11.045308,1
8238,10.188278,0
8239,0.424093,0
8240,0.180602,1
8241,9.10573,0
8242,0.739424,0
8243,9.972429,1
8244,9.649962,1
8245,9.769301,1
8246,0.393746,1
8247,9.58697,1
8248,1.295211,1
8249,0.218396,0
8250,1.7898,0
8251,3.18918,0
8252,0.056483,0
8253,8.640017,0
8254,0.12874,0
8255,1.557979,0
8256,0.433357,1
8257,0.312945,1
8258,0.587604,0
8259,2.37356,1
8260,0.238791,1
8261,8.712337,1
8262,8.741144,0
8263,0.24052,0
8264,1.537462,0
8265,9.82515,0
8266,1.868221,1
8267,3.864137,1
8268,9.414299,0
8269,0.33706,1
8270,8.930894,1
8271,0.430513,1
8272,10.438715,0
8273,0.830689,1
8274,9.758473,1
8275,11.30801,0
8276,9.704076,0
8277,0.079718,1
8278,1.259925,0
8279,9.175344,0
8280,0.066049,0
8281,8.949711,0
8282,2.636589,1
8283,0.227259,0
8284,9.743049,1
8285,3.384615,1
8286,0.876543,1
8287,0.416473,1
8288,0.274531,0
8289,0.073543,1
8290,10.500184,0
8291,10.095813,1
8292,0.119729,0
8293,8.346926,0
8294,0.103822,0
8295,0.151118,0
8296,9.13143,1
8297,9.138317,0
8298,0.075788,1
8299,2.032042,0
8300,9.947889,0
8301,0.244598,1
8302,0.050742,0
8303,10.458277,0
8304,8.555294,0
8305,10.563112,0
8306,0.085647,0
8307,10.616114,0
8308,3.029792,0
8309,3.927278,1
8310,9.876601,1
8311,9.668493,0
8312,10.963836,0
8313,1.691822,1
8314,9.247055,0
8315,0.584428,1
8316,0.413537,0
8317,2.981847,1
8318,0.627863,0
8319,0.145406,1
8320,9.361462,0
8321,0.090612,1
8322,0.1878,1
8323,8.740182,0
8324,1.107988,0
8325,8.698435,0
8326,9.909712,1
8327,9.900359,0
8328,10.283122,1
8329,0.892545,1
8330,0.149963,1
8331,10.627699,1
8332,0.201977,0
8333,8.149729,0
8334,1.45713,0
8335,0.973839,1
8336,0.288622,1
8337,9.593332,1
8338,1.362864,1
8339,10.010071,1
8340,9.272907,1
8341,0.175835,1
8342,0.863722,0
8343,0.448854,0
8344,1.9873,0
8345,11.024218,0
8346,2.53399,0
8347,0.367988,0
8348,1.811617,0
8349,3.17117,0
8350,3.242483,1
8351,0.079038,1
8352,2.629104,1
8353,0.254238,0
8354,10.577899,0
8355,0.1666,0
8356,1.580545,0
8357,0.211918,1
8358,1.861774,1
8359,10.143099,0
8360,9.567934,0
8361,1.255948,1
8362,0.252715,0
8363,2.572302,1
8364,0.129132,1
8365,10.262369,0
8366,9.584832,0
8367,9.956839,0
8368,0.344554,1
8369,9.188217,0
8370,8.896999,0
8371,0.24025,1
8372,8.212669,1
8373,0.422386,1
8374,0.073575,1
8375,0.12099,1
8376,10.318463,1
8377,0.051,1
8378,0.065014,0
8379,1.118765,1
8380,2.401068,1
8381,9.399298,0
8382,0.7585,1
8383,10.088466,0
8384,0.36278,1
8385,0.146217,0
8386,9.661035,0
8387,0.702827,0
8388,8.90795,0
8389,0.307599,0
8390,8.428998,1
8391,10.491359,0
8392,0.210322,0
8393,0.508312,1
8394,0.496596,1
8395,2.882384,1
8396,2.690282,1
8397,0.274231,1
8398,0.104119,1
8399,4.63716,1
8400,2.382716,0
8401,3.382084,1
8402,0.107322,1
8403,9.644714,0
8404,1.709979,0
8405,0.14589,0
8406,9.59417,1
8407,0.546932,1
8408,2.090901,1
8409,1.938502,0
8410,9.387355,0
8411,0.29759,1
8412,0.521398,1
8413,10.501661,1
8414,9.620908,0
8415,0.042222,0
8416,8.931922,0
8417,1.051699,1
8418,1.113912,1
8419,0.471841,0
8420,0.296467,0
8421,0.130874,0
8422,0.244733,1
8423,0.200384,0
8424,0.139656,1
8425,1.736866,1
8426,10.367067,0
8427,9.294902,0
8428,10.707576,1
8429,10.084345,1
8430,0.157254,1
8431,9.274364,0
8432,0.371964,0
8433,0.095194,1
8434,10.179714,1
8435,10.894138,1
8436,0.290994,0
8437,1.03276,1
8438,0.109673,1
8439,9.113009,0
8440,10.456369,0
8441,11.329077,1
8442,1.035289,1
8443,3.30696,1
8444,11.353861,1
8445,0.174519,1
8446,0.408958,0
8447,0.590632,1
8448,1.054251,0
8449,0.044087,1
8450,0.120284,1
8451,10.614262,0
8452,0.252435,1
8453,1.904336,1
8454,0.145756,0
8455,1.295122,1
8456,9.141765,1
8457,3.431559,0
8458,1.207155,0
8459,8.537414,0
8460,10.109751,1
8461,2.818023,0
8462,1.22045,0
8463,9.155254,0
8464,0.382106,0
8465,1.939513,0
8466,0.113045,1
8467,9.673533,1
8468,2.769948,1
8469,0.230618,1
8470,9.966866,1
8471,0.065422,1
8472,3.929215,1
8473,8.327287,1
8474,9.326219,0
8475,2.544029,1
8476,0.130399,1
8477,0.340726,0
8478,2.289992,0
8479,0.449062,0
8480,0.538044,0
8481,9.102267,0
8482,0.370191,0
8483,1.155027,1
8484,1.081736,1
8485,0.190277,1
8486,0.225383,0
8487,10.624785,0
8488,8.793158,0
8489,8.544222,0
8490,3.026418,1
8491,9.18757,1
8492,0.051832,1
8493,0.269861,0
8494,10.156262,1
8495,0.656673,1
8496,2.663374,1
8497,9.828802,0
8498,9.425028,0
8499,10.154088,1
8500,0.289634,0
8501,0.103666,1
8502,0.263636,1
8503,0.089464,1
8504,1.448512,1
8505,0.406754,1
8506,0.744788,1
8507,2.803046,1
8508,0.117978,1
8509,11.428118,1
8510,0.874752,1
8511,0.230347,1
8512,10.228089,0
8513,1.62414,0
8514,10.217657,0
8515,9.042521,0
8516,0.295197,1
8517,9.827598,0
8518,3.215184,0
8519,0.333852,1
8520,2.118827,0
8521,0.112954,1
8522,0.071944,1
8523,9.896675,1
8524,0.088509,1
8525,11.704186,0
8526,1.788753,0
8527,1.295209,0
8528,2.077946,0
8529,0.763185,0
8530,0.762625,0
8531,8.923676,0
8532,0.059396,1
8533,0.126795,1
8534,0.161411,1
8535,0.296289,1
8536,0.30189,1
8537,0.094178,1
8538,0.324069,1
8539,3.176503,1
8540,9.797566,0
8541,0.183559,1
8542,10.442127,1
8543,0.191916,0
8544,0.343392,1
8545,0.787828,0
8546,2.152341,1
8547,10.726559,0
8548,10.017771,0
8549,8.562372,1
8550,0.218969,0
8551,0.511378,0
8552,9.103529,0
8553,9.641912,0
8554,9.777425,0
8555,9.840347,1
8556,0.401634,0
8557,2.291005,1
8558,0.860123,0
8559,0.373772,0
8560,0.43324,1
8561,0.265521,1
8562,1.098472,1
8563,2.322813,0
8564,9.725627,0
8565,0.20578,0
8566,8.614047,1
8567,1.269158,0
8568,8.981608,0
8569,0.301587,0
8570,0.255986,0
8571,0.406002,1
8572,8.4074,0
8573,0.984957,0
8574,2.042613,0
8575,0.088766,1
8576,0.338391,1
8577,0.087867,1
8578,0.151215,1
8579,10.451136,0
8580,8.720548,0
8581,0.076568,0
8582,2.913648,1
8583,11.06597,0
8584,8.698173,0
8585,0.444986,0
8586,2.102075,1
8587,0.848096,1
8588,0.446486,0
8589,9.641723,1
8590,1.769071,1
8591,0.29021,0
8592,2.587211,0
8593,0.034389,0
8594,0.329923,1
8595,0.102472,1
8596,0.04904,0
8597,0.978592,0
8598,10.819509,0
8599,1.869849,1
8600,0.250256,1
8601,0.076956,1
8602,0.125436,1
8603,9.393156,0
8604,9.314512,0
8605,0.111661,1
8606,9.413431,0
8607,0.399738,0
8608,0.117766,1
8609,1.512461,1
8610,11.106939,0
8611,9.875751,1
8612,0.176904,1
8613,0.065069,1
8614,0.062354,0
8615,9.925224,1
8616,0.754841,0
8617,0.093771,0
8618,2.145661,0
8619,0.055249,1
8620,9.110707,1
8621,9.77767,0
8622,9.467925,0
8623,10.724786,0
8624,2.007443,1
8625,9.456556,1
8626,9.541366,0
8627,8.759524,0
8628,1.11944,0
8629,2.281631,1
8630,0.124039,1
8631,0.850631,1
8632,3.217647,1
8633,10.673027,0
8634,2.100279,1
8635,10.240278,0
8636,8.881468,1
8637,0.229851,1
8638,0.0894,1
8639,0.103514,1
8640,1.667577,0
8641,0.208927,1
8642,9.039536,0
8643,9.435134,1
8644,1.271173,0
8645,0.621906,1
8646,0.295375,0
8647,0.277109,1
8648,10.579723,0
8649,9.994127,0
8650,9.337316,0
8651,7.561991,0
8652,0.982474,1
8653,0.079385,1
8654,0.067488,0
8655,0.728002,1
8656,0.216795,0
8657,8.526445,0
8658,1.58711,1
8659,10.27583,0
8660,9.871714,1
8661,8.645392,0
8662,10.608483,1
8663,11.138494,0
8664,9.694102,0
8665,2.11231,0
8666,8.92782,0
8667,0.18708,0
8668,9.310243,1
8669,0.333933,0
8670,9.363504,0
8671,2.31916,1
8672,3.608886,1
8673,9.554117,0
8674,9.933001,0
8675,9.329386,0
8676,0.283534,1
8677,10.851439,0
8678,0.751902,1
8679,11.315627,0
8680,0.163156,0
8681,0.339935,1
8682,0.252864,0
8683,0.741021,0
8684,10.011366,0
8685,0.424919,0
8686,9.681098,0
8687,0.533705,1
8688,0.901195,1
8689,0.158631,0
8690,10.486973,0
8691,10.103682,0
8692,10.016796,0
8693,9.924285,0
8694,9.454426,0
8695,9.793414,1
8696,0.221835,1
8697,2.854683,0
8698,0.12016,1
8699,8.722816,0
8700,2.443035,1
8701,1.847789,0
8702,0.165364,0
8703,10.393042,0
8704,0.125812,1
8705,1.491663,0
8706,0.37865,0
8707,9.822316,0
8708,0.321974,0
8709,2.874239,0
8710,0.074838,1
8711,0.169136,0
8712,9.120345,0
8713,0.776627,1
8714,9.489586,0
8715,9.814875,0
8716,0.456869,0
8717,0.562327,0
8718,0.287177,0
8719,10.91935,1
8720,2.686041,0
8721,2.628483,0
8722,0.038809,0
8723,9.937155,0
8724,0.155432,1
8725,0.130818,0
8726,9.822018,1
8727,0.525868,0
8728,0.154178,1
8729,9.852398,0
8730,3.514486,1
8731,10.372396,0
8732,2.731421,1
8733,0.11917,1
8734,0.050038,0
8735,10.674584,1
8736,8.967913,0
8737,0.055741,0
8738,0.05728,1
8739,9.421674,1
8740,1.041557,0
8741,1.696761,0
8742,2.352131,0
8743,0.568712,1
8744,4.462924,0
8745,0.111988,1
8746,2.406103,1
8747,2.195877,0
8748,9.893495,1
8749,2.880764,0
8750,0.823701,0
8751,1.198897,1
8752,0.19992,1
8753,0.041899,1
8754,10.275211,0
8755,0.991554,0
8756,9.881213,1
8757,10.486379,0
8758,2.012569,0
8759,9.545249,0
8760,9.04287,0
8761,10.222559,0
8762,9.259624,1
8763,10.56606,0
8764,9.983464,1
8765,0.617697,0
8766,9.258221,0
8767,9.778305,0
8768,0.287164,1
8769,0.083793,1
8770,4.402933,1
8771,0.263609,1
8772,0.096475,1
8773,1.884519,1
8774,4.016729,0
8775,2.199796,0
8776,11.04796,0
8777,0.185693,1
8778,0.059963,1
8779,8.352392,1
8780,9.301559,0
8781,0.087593,1
8782,10.42866,0
8783,9.803568,0
8784,0.239027,0
8785,10.113893,0
8786,2.806046,1
8787,0.372915,0
8788,0.131932,0
8789,1.194914,1
8790,10.368411,1
8791,1.875153,1
8792,9.328122,0
8793,10.119976,0
8794,9.904575,1
8795,0.230149,1
8796,10.126463,0
8797,2.105567,1
8798,0.104755,1
8799,9.529331,0
8800,9.551996,1
8801,0.211482,0
8802,1.411598,1
8803,10.086059,0
8804,0.322723,0
8805,1.110784,1
8806,0.829556,1
8807,0.675082,1
8808,0.310869,0
8809,2.469613,0
8810,9.777682,0
8811,1.260716,1
8812,10.171433,0
8813,0.235493,0
8814,3.198492,1
8815,0.136556,1
8816,2.652233,0
8817,2.393226,0
8818,2.524337,0
8819,0.24984,0
8820,1.103783,0
8821,2.764778,1
8822,0.27859,1
8823,0.483297,1
8824,0.299513,0
8825,10.046527,0
8826,0.254666,0
8827,2.104546,1
8828,8.656316,0
8829,1.901019,1
8830,1.574116,1
8831,0.112172,1
8832,3.231769,1
8833,8.925035,1
8834,9.290057,1
8835,0.722784,1
8836,9.901068,0
8837,0.351129,0
8838,0.482633,1
8839,11.751938,1
8840,0.08442,1
8841,0.159323,1
8842,10.035228,1
8843,9.96604,0
8844,10.483129,1
8845,0.119527,1
8846,0.115489,1
8847,9.264037,0
8848,0.168892,1
8849,8.525411,0
8850,0.227584,1
8851,10.932631,0
8852,0.383086,0
8853,3.389531,1
8854,9.304873,1
8855,0.115989,0
8856,9.227121,0
8857,0.600718,0
8858,9.683429,1
8859,9.117527,1
8860,1.877493,0
8861,0.141249,0
8862,0.305702,1
8863,4.661829,1
8864,0.202451,1
8865,8.911116,0
8866,0.209417,1
8867,11.238456,0
8868,0.554767,1
8869,0.513991,1
8870,0.408119,0
8871,3.133692,0
8872,9.071247,0
8873,9.722292,0
8874,2.82186,1
8875,9.06387,0
8876,9.629849,0
8877,0.145058,0
8878,0.122109,1
8879,8.719979,1
8880,2.664497,1
8881,0.224661,0
8882,0.125287,1
8883,9.669776,0
8884,8.693156,1
8885,8.79536,0
8886,9.884405,1
8887,9.604886,0
8888,9.975019,0
8889,1.231497,0
8890,9.423473,0
8891,8.551187,0
8892,10.596009,0
8893,3.40209,1
8894,9.28557,0
8895,0.448713,0
8896,9.423443,0
8897,0.129444,1
8898,0.131789,1
8899,0.654522,0
8900,0.767787,0
8901,0.344745,0
8902,0.106753,1
8903,0.501888,0
8904,8.729578,1
8905,0.457149,0
8906,9.530151,1
8907,10.749484,0
8908,0.081961,1
8909,9.925664,1
8910,3.526262,1
8911,0.186366,1
8912,0.682615,1
8913,1.622787,0
8914,9.574112,0
8915,0.204942,1
8916,0.473732,1
8917,9.440965,0
8918,0.177532,1
8919,1.15574,0
8920,11.250362,0
8921,0.146898,0
8922,2.048014,0
8923,0.078939,0
8924,0.190717,1
8925,0.33979,0
8926,3.523988,1
8927,0.875821,1
8928,8.949771,0
8929,9.045947,0
8930,0.049493,1
8931,3.042661,1
8932,9.18935,0
8933,0.143312,1
8934,0.797169,1
8935,0.138073,1
8936,0.166396,1
8937,9.889043,0
8938,0.237147,1
8939,0.124771,1
8940,8.913241,0
8941,1.762556,1
8942,2.355246,0
8943,0.04488,1
8944,3.213966,0
8945,0.129958,1
8946,0.435811,1
8947,3.040848,1
8948,8.63047,0
8949,4.004162,1
8950,9.518687,0
8951,10.368235,0
8952,0.873294,0
8953,0.240444,1
8954,0.355906,1
8955,8.801337,0
8956,1.017924,1
8957,0.361239,0
8958,1.088377,1
8959,8.719317,1
8960,9.68388,1
8961,9.329884,1
8962,1.728772,0
8963,1.953655,0
8964,0.062915,1
8965,9.80634,0
8966,1.299358,1
8967,0.145593,1
8968,10.883816,0
8969,1.380425,0
8970,8.623739,1
8971,10.334066,0
8972,0.722405,0
8973,0.157469,1
8974,0.308287,1
8975,0.148117,0
8976,0.18852,0
8977,9.166317,1
8978,1.337561,1
8979,4.285647,0
8980,3.644078,0
8981,0.334661,0
8982,0.234277,0
8983,0.263131,1
8984,9.791224,0
8985,0.07201,1
8986,0.232985,0
8987,8.960045,0
8988,10.130315,0
8989,0.705741,1
8990,3.731529,0
8991,5.015464,1
8992,1.924566,1
8993,0.740236,0
8994,0.308382,1
8995,9.908451,1
8996,0.116668,1
8997,0.195813,1
8998,0.611679,1
8999,9.88533,0
9000,9.715773,0
9001,0.936356,1
9002,8.851367,0
9003,0.15941,0
9004,9.832246,0
9005,0.351782,0
9006,0.077129,1
9007,9.398761,1
9008,10.186303,0
9009,0.042678,0
9010,8.781065,0
9011,0.260636,1
9012,1.193966,0
9013,9.069722,0
9014,9.646185,0
9015,3.847293,0
9016,0.512466,1
9017,0.047883,1
9018,0.05646,1
9019,9.188957,0
9020,0.725199,0
9021,0.103714,1
9022,11.064073,1
9023,0.450526,0
9024,8.704906,0
9025,0.079509,0
9026,0.816368,1
9027,0.089743,1
9028,0.782678,1
9029,3.769811,1
9030,3.572087,1
9031,0.98147,0
9032,0.446215,1
9033,9.830619,0
9034,9.766343,1
9035,0.11669,1
9036,2.362892,0
9037,0.082424,1
9038,10.273121,0
9039,0.283359,1
9040,10.247281,0
9041,9.876854,0
9042,1.817886,0
9043,10.306758,0
9044,10.030519,0
9045,9.877978,0
9046,0.098075,0
9047,10.925296,0
9048,3.175462,1
9049,10.451976,1
9050,8.091577,0
9051,0.290141,0
9052,0.080623,0
9053,9.679959,0
9054,0.2382,1
9055,9.928022,0
9056,0.211509,0
9057,9.101529,0
9058,3.493375,1
9059,9.442536,0
9060,2.676759,1
9061,8.356533,1
9062,2.243437,1
9063,11.341953,1
9064,1.979185,0
9065,1.0202,1
9066,0.114697,0
9067,9.208662,0
9068,0.213773,0
9069,9.683423,0
9070,0.126014,0
9071,3.395912,1
9072,10.127452,1
9073,8.207714,0
9074,1.713602,1
9075,0.081769,1
9076,10.547894,0
9077,8.802853,0
9078,1.236461,0
9079,9.539023,0
9080,0.427736,0
9081,2.301079,1
9082,9.989524,0
9083,10.118067,0
9084,3.460823,0
9085,0.250032,0
9086,9.487111,0
9087,1.079826,1
9088,0.148069,0
9089,0.05486,1
9090,2.706193,0
9091,0.641631,1
9092,8.112462,1
9093,0.201335,0
9094,2.500075,0
9095,0.186654,0
9096,9.63908,0
9097,0.086481,1
9098,9.610709,0
9099,0.167907,1
9100,2.134428,0
9101,2.166342,1
9102,0.163539,1
9103,0.265231,0
9104,0.26903,1
9105,0.046608,0
9106,0.411026,1
9107,9.264283,0
9108,9.37697,1
9109,1.539105,1
9110,0.090497,1
9111,8.770419,0
9112,9.60586,1
9113,0.173596,1
9114,1.227185,0
9115,1.960956,0
9116,0.436364,0
9117,9.710439,0
9118,0.566933,0
9119,2.677417,1
9120,1.891812,1
9121,0.354651,0
9122,3.343326,1
9123,8.588742,1
9124,0.099354,1
9125,0.303536,1
9126,0.350898,1
9127,10.372652,0
9128,8.05919,0
9129,9.592512,0
9130,0.945098,1
9131,0.174303,1
9132,9.941065,1
9133,0.029287,0
9134,0.119454,1
9135,2.188087,1
9136,8.995567,0
9137,0.129378,0
9138,2.229372,1
9139,0.297774,0
9140,9.758943,0
9141,0.155257,0
9142,9.935036,0
9143,9.893544,0
9144,3.265351,1
9145,0.228151,0
9146,0.191591,1
9147,10.260231,0
9148,2.667581,1
9149,0.093244,0
9150,10.43803,0
9151,0.379243,1
9152,0.422182,1
9153,1.686064,0
9154,0.168485,1
9155,0.202875,1
9156,0.317706,1
9157,0.073737,0
9158,1.823142,1
9159,10.924325,0
9160,1.233084,1
9161,1.02941,0
9162,2.094019,0
9163,0.137277,1
9164,1.228753,0
9165,0.062337,1
9166,10.115479,0
9167,0.116038,0
9168,8.974518,1
9169,0.315306,1
9170,0.061186,0
9171,0.275639,1
9172,0.1055,0
9173,0.5119,0
9174,11.118679,0
9175,10.331431,0
9176,0.814979,0
9177,0.088925,0
9178,11.192539,1
9179,3.658108,0
9180,8.860272,1
9181,9.549374,0
9182,8.937043,1
9183,9.834573,0
9184,8.738733,0
9185,2.273958,1
9186,2.548028,0
9187,1.096068,1
9188,0.434199,1
9189,2.105945,1
9190,0.38765,1
9191,0.13226,1
9192,0.258403,0
9193,8.814358,0
9194,0.313489,0
9195,9.381966,0
9196,9.504933,1
9197,10.598082,0
9198,9.142711,0
9199,8.803514,1
9200,1.231358,0
9201,9.832885,1
9202,0.078103,1
9203,0.070318,0
9204,10.202302,0
9205,0.971296,1
9206,0.078658,1
9207,0.224319,0
9208,0.27757,1
9209,10.216731,0
9210,2.425069,1
9211,9.184603,1
9212,2.985436,1
9213,1.84656,0
9214,0.323832,0
9215,10.928267,0
9216,10.818007,1
9217,0.169014,1
9218,0.74204,0
9219,0.247559,1
9220,9.59911,0
9221,9.404085,0
9222,10.018561,0
9223,9.003478,1
9224,9.323545,0
9225,10.170425,0
9226,0.822977,1
9227,0.198964,0
9228,0.497557,1
9229,8.756551,0
9230,10.829518,1
9231,10.12036,0
9232,3.418736,1
9233,9.123024,1
9234,8.988516,0
9235,3.908555,1
9236,1.089486,0
9237,9.821441,0
9238,4.241611,1
9239,0.094791,1
9240,9.816776,0
9241,10.860313,1
9242,9.570615,1
9243,9.158677,0
9244,0.633168,1
9245,0.996235,1
9246,0.960519,1
9247,8.552791,0
9248,0.557243,1
9249,0.260591,0
9250,0.126104,1
9251,9.479403,0
9252,2.636024,0
9253,0.265856,0
9254,10.535788,1
9255,9.680869,0
9256,10.637449,0
9257,1.847753,0
9258,0.170535,0
9259,0.157109,0
9260,3.706024,1
9261,8.934966,0
9262,9.861929,1
9263,0.853354,1
9264,0.205283,1
9265,8.835381,0
9266,5.270231,1
9267,4.52665,1
9268,1.166119,1
9269,9.081517,0
9270,0.087232,1
9271,0.086981,1
9272,0.237547,0
9273,0.069514,1
9274,1.215379,0
9275,9.772182,0
9276,10.428812,0
9277,2.902534,1
9278,0.073664,1
9279,9.544584,0
9280,0.869145,1
9281,0.14687,1
9282,0.624288,0
9283,0.062787,1
9284,9.436078,0
9285,0.839835,1
9286,0.22155,1
9287,1.197808,0
9288,0.74709,1
9289,0.244531,1
9290,2.175562,0
9291,0.043607,1
9292,0.750693,0
9293,0.053625,1
9294,9.279083,0
9295,0.147392,0
9296,9.635064,0
9297,2.849905,1
9298,9.689906,0
9299,2.362156,1
9300,9.75534,1
9301,0.233808,0
9302,9.892664,0
9303,0.623289,1
9304,1.726826,0
9305,0.891661,1
9306,10.111939,1
9307,10.349133,0
9308,1.08639,0
9309,0.310531,1
9310,2.085443,0
9311,8.911217,0
9312,0.988224,0
9313,3.083617,1
9314,9.148403,0
9315,9.257035,0
9316,9.728669,0
9317,10.854725,1
9318,0.223573,0
9319,0.262233,0
9320,0.812752,1
9321,1.926165,0
9322,0.36627,0
9323,2.078053,1
9324,0.178561,1
9325,0.241014,0
9326,3.054539,0
9327,0.41027,1
9328,0.545944,1
9329,0.227803,1
9330,8.523573,0
9331,11.391782,0
9332,10.446127,0
9333,0.089839,1
9334,10.292336,0
9335,0.159704,0
9336,9.97926,1
9337,9.898675,0
9338,0.842324,1
9339,9.777933,0
9340,0.301137,1
9341,1.850453,0
9342,0.193878,1
9343,0.549983,0
9344,0.036373,1
9345,0.483751,1
9346,0.338272,1
9347,3.15216,0
9348,11.158002,1
9349,9.162932,1
9350,0.246978,0
9351,10.202247,0
9352,2.053033,0
9353,2.006332,0
9354,0.364316,0
9355,0.206283,1
9356,9.769307,0
9357,9.014417,0
9358,1.525085,1
9359,8.737309,0
9360,10.039798,0
9361,9.919712,0
9362,1.109578,1
9363,0.547796,1
9364,10.662779,0
9365,0.126507,1
9366,8.589714,0
9367,10.186918,0
9368,0.345915,0
9369,0.269641,1
9370,9.170906,0
9371,9.052174,0
9372,0.225358,0
9373,9.835676,1
9374,0.221646,1
9375,0.188375,0
9376,9.55762,0
9377,9.633988,0
9378,2.007457,0
9379,8.74866,0
9380,0.377503,0
9381,0.251457,0
9382,0.125986,1
9383,1.50211,1
9384,0.197362,0
9385,9.017793,1
9386,9.723881,0
9387,1.785943,0
9388,9.571594,0
9389,1.764485,1
9390,9.573074,0
9391,3.285793,1
9392,0.071908,1
9393,1.961963,0
9394,1.993298,0
9395,1.777685,0
9396,0.13366,0
9397,1.870724,0
9398,10.282812,0
9399,0.359158,0
9400,0.054239,0
9401,0.172631,0
9402,0.155357,1
9403,11.443868,1
9404,0.249546,0
9405,10.304674,0
9406,0.084286,1
9407,0.062206,1
9408,0.06279,1
9409,0.605945,1
9410,2.096151,0
9411,9.319801,1
9412,10.2644,0
9413,1.017864,0
9414,9.901073,0
9415,1.262245,0
9416,7.806497,0
9417,0.861875,1
9418,9.850679,1
9419,1.703781,1
9420,9.883621,0
9421,10.048987,1
9422,2.460673,0
9423,3.400802,0
9424,9.959582,0
9425,8.925555,1
9426,0.282258,0
9427,0.727952,0
9428,2.981668,0
9429,10.052444,0
9430,2.359457,1
9431,3.896171,1
9432,9.010704,0
9433,1.155883,1
9434,1.906285,0
9435,0.137688,1
9436,0.111154,1
9437,9.072669,0
9438,0.297284,1
9439,1.102335,0
9440,0.484786,1
9441,0.121371,1
9442,9.517658,0
9443,2.113902,1
9444,0.199029,0
9445,10.186838,1
9446,1.839575,0
9447,9.143807,0
9448,0.220642,1
9449,0.241443,1
9450,2.044107,1
9451,4.187251,1
9452,0.439713,1
9453,0.464652,1
9454,1.537704,0
9455,1.836043,0
9456,9.463763,1
9457,0.20448,1
9458,11.485285,1
9459,10.884183,0
9460,9.499526,0
9461,0.763961,1
9462,0.16393,1
9463,0.87829,1
9464,9.254602,0
9465,0.256332,1
9466,9.668906,0
9467,0.596768,1
9468,0.274358,1
9469,10.434479,1
9470,0.173889,1
9471,0.20477,1
9472,0.388635,1
9473,0.062367,1
9474,0.067721,0
9475,0.099463,1
9476,1.464671,1
9477,9.304757,0
9478,11.219737,1
9479,8.653429,0
9480,9.836994,1
9481,10.213,0
9482,9.048968,1
9483,0.173439,1
9484,10.494054,0
9485,10.077446,0
9486,0.141573,1
9487,9.484225,1
9488,0.212376,1
9489,8.950155,0
9490,0.070849,1
9491,9.422989,1
9492,8.577098,0
9493,1.060482,1
9494,0.281011,1
9495,3.661116,1
9496,2.756981,1
9497,9.448374,0
9498,2.594837,0
9499,0.065586,1
9500,0.215432,0
9501,1.42677,0
9502,9.846582,0
9503,9.080404,0
9504,10.758375,1
9505,0.075005,1
9506,10.131897,1
9507,9.67934,1
9508,8.57174,0
9509,9.010633,0
9510,0.245285,1
9511,0.593182,1
9512,0.147156,1
9513,0.443398,0
9514,9.73999,1
9515,2.947091,1
9516,2.550031,1
9517,0.217717,0
9518,8.960001,0
9519,10.855573,0
9520,10.21963,0
9521,10.80022,1
9522,0.170314,1
9523,0.772832,1
9524,9.499074,1
9525,8.739166,0
9526,9.52934,1
9527,1.914818,1
9528,10.405419,0
9529,2.820125,1
9530,0.795114,1
9531,7.607524,0
9532,10.565524,0
9533,0.182022,1
9534,0.102788,1
9535,0.075413,0
9536,2.468856,1
9537,0.455845,0
9538,0.13157,0
9539,10.530898,0
9540,0.92595,0
9541,9.334601,0
9542,9.313745,0
9543,0.349489,0
9544,0.107478,1
9545,0.623004,1
9546,0.066557,1
9547,2.807706,1
9548,0.163482,0
9549,0.493382,0
9550,9.868379,0
9551,8.997023,0
9552,8.737034,0
9553,0.196801,1
9554,9.305596,0
9555,0.7483,0
9556,9.887622,0
9557,0.120097,1
9558,0.466384,0
9559,0.431069,1
9560,2.426394,0
9561,9.900762,1
9562,0.069988,0
9563,9.564405,0
9564,3.670581,1
9565,9.273014,0
9566,0.209411,0
9567,9.193902,0
9568,0.353373,0
9569,3.708109,0
9570,9.499783,0
9571,0.536849,0
9572,0.07728,1
9573,10.0874,0
9574,0.352005,1
9575,0.279052,1
9576,2.678311,1
9577,9.198936,0
9578,0.197415,1
9579,0.127467,1
9580,8.704329,0
9581,0.83505,1
9582,9.741436,0
9583,0.430824,0
9584,0.089273,1
9585,1.22127,0
9586,10.037943,0
9587,0.836445,1
9588,8.446717,1
9589,2.432996,1
9590,10.214436,0
9591,11.067775,0
9592,0.349053,0
9593,0.069173,1
9594,0.459892,0
9595,2.796717,1
9596,9.940661,0
9597,2.068138,1
9598,2.950205,0
9599,10.261996,0
9600,0.43117,0
9601,0.33002,1
9602,2.055446,1
9603,1.108614,1
9604,11.491117,0
9605,0.051244,1
9606,0.265612,0
9607,0.418572,0
9608,0.243428,1
9609,10.263851,0
9610,1.45669,1
9611,0.071094,1
9612,9.50616,0
9613,0.182574,0
9614,0.138535,1
9615,0.060824,1
9616,0.25893,1
9617,9.967011,1
9618,10.154964,1
9619,0.153806,1
9620,9.389085,0
9621,1.399386,0
9622,9.335188,1
9623,0.289112,0
9624,1.74248,0
9625,1.353906,0
9626,1.68206,1
9627,9.408499,0
9628,0.758895,1
9629,0.282398,1
9630,0.433383,0
9631,8.727721,1
9632,0.195782,1
9633,10.660736,1
9634,3.666093,1
9635,9.781153,1
9636,0.242325,1
9637,11.086004,1
9638,0.267107,0
9639,8.435815,0
9640,0.123698,1
9641,10.390333,0
9642,8.733682,1
9643,3.411935,1
9644,2.243531,0
9645,10.324628,0
9646,0.301579,0
9647,8.799475,1
9648,10.896969,0
9649,0.105563,0
9650,10.167332,0
9651,0.099654,0
9652,1.67739,1
9653,0.399478,0
9654,3.70398,1
9655,0.873091,1
9656,2.221318,1
9657,0.562353,0
9658,9.805439,0
9659,9.834035,1
9660,0.312615,0
9661,0.101087,1
9662,0.123863,0
9663,1.357168,0
9664,9.22884,1
9665,0.133052,1
9666,3.609841,1
9667,0.247879,1
9668,10.478533,0
9669,11.203413,0
9670,10.462299,0
9671,9.918818,1
9672,8.783403,0
9673,0.064052,1
9674,0.073179,0
9675,8.148587,0
9676,0.347939,1
9677,0.308363,1
9678,0.072653,1
9679,1.679253,1
9680,2.311345,1
9681,0.214046,1
9682,0.093922,1
9683,8.287226,0
9684,0.913929,1
9685,0.406323,0
9686,10.49122,0
9687,0.113853,1
9688,0.994476,1
9689,0.833979,1
9690,8.967964,0
9691,0.192999,1
9692,8.821235,0
9693,9.829093,0
9694,3.403707,1
9695,0.539229,1
9696,10.315061,0
9697,3.870804,0
9698,9.182328,0
9699,8.772073,0
9700,0.209159,1
9701,3.346573,1
9702,1.813571,0
9703,8.397699,0
9704,9.835258,0
9705,0.073069,1
9706,8.736475,0
9707,9.47036,0
9708,0.91826,1
9709,9.649355,1
9710,0.377605,0
9711,0.277748,0
9712,0.457783,1
9713,0.849514,0
9714,9.003078,1
9715,9.560218,1
9716,0.220373,0
9717,1.709034,1
9718,8.728724,0
9719,10.396784,0
9720,0.114299,1
9721,0.128004,0
9722,9.32924,0
9723,0.188712,1
9724,4.345748,1
9725,10.217914,0
9726,9.975875,0
9727,9.894914,0
9728,11.177528,0
9729,1.535116,1
9730,0.208534,1
9731,3.459913,1
9732,1.888613,1
9733,8.757801,0
9734,0.177277,1
9735,8.856253,0
9736,1.256997,0
9737,10.527109,0
9738,0.188476,1
9739,0.117389,1
9740,8.846223,0
9741,0.346128,1
9742,9.790632,1
9743,0.808971,0
9744,9.508998,0
9745,10.09311,1
9746,0.594556,1
9747,9.48449,0
9748,0.082382,1
9749,0.650087,0
9750,10.28763,1
9751,10.477471,0
9752,0.382299,0
9753,8.991566,1
9754,2.190844,1
9755,3.685622,1
9756,9.12674,0
9757,0.094264,0
9758,8.176797,0
9759,0.069083,1
9760,0.181167,0
9761,0.13638,0
9762,0.043824,1
9763,10.81891,0
9764,0.38553,0
9765,0.102811,1
9766,0.9209,1
9767,0.618094,0
9768,0.432263,0
9769,8.398221,1
9770,1.666404,1
9771,9.239655,0
9772,9.34431,0
9773,0.151402,0
9774,0.261751,0
9775,0.148723,1
9776,11.419827,0
9777,9.983994,1
9778,0.096231,1
9779,11.100286,1
9780,0.49329,1
9781,0.063281,1
9782,0.400208,0
9783,1.988453,0
9784,0.337341,1
9785,0.406136,0
9786,9.759792,1
9787,9.023607,1
9788,9.888569,0
9789,9.611288,0
9790,9.737047,0
9791,2.292754,0
9792,0.21662,0
9793,10.4851,0
9794,9.876583,1
9795,0.44755,1
9796,10.739404,1
9797,3.635519,1
9798,2.00882,0
9799,0.172188,1
9800,10.746547,0
9801,0.124691,1
9802,11.451611,0
9803,0.082075,1
9804,2.082181,0
9805,10.33436,0
9806,8.990338,0
9807,2.014683,1
9808,0.098236,1
9809,9.916736,0
9810,9.700931,0
9811,2.266594,0
9812,0.07118,0
9813,8.387217,0
9814,1.603484,1
9815,10.409222,0
9816,10.51836,1
9817,10.462946,0
9818,8.984375,1
9819,2.120116,1
9820,10.658184,1
9821,9.506998,0
9822,9.303685,0
9823,0.489154,1
9824,10.121843,0
9825,2.184074,1
9826,9.201625,0
9827,9.881843,0
9828,0.07371,0
9829,9.759604,1
9830,0.787593,0
9831,0.4769,1
9832,0.079405,0
9833,11.043635,0
9834,0.154586,1
9835,0.115257,0
9836,0.973842,1
9837,0.121819,1
9838,0.41995,0
9839,8.715023,0
9840,8.881717,1
9841,9.466127,0
9842,0.237829,1
9843,0.137385,1
9844,0.082051,1
9845,2.136913,1
9846,9.888832,0
9847,0.108958,0
9848,2.826171,1
9849,3.121194,0
9850,10.383348,1
9851,9.498523,0
9852,2.681234,0
9853,2.509459,0
9854,9.019372,0
9855,10.027199,0
9856,9.157605,0
9857,2.274372,0
9858,9.734165,0
9859,0.337965,0
9860,0.850646,0
9861,0.187102,1
9862,0.172932,0
9863,10.62904,0
9864,0.116903,1
9865,9.733663,0
9866,1.961014,1
9867,1.291028,1
9868,9.215888,0
9869,9.289043,0
9870,0.134044,1
9871,0.375212,0
9872,10.008716,0
9873,1.597004,0
9874,2.530452,0
9875,0.053016,0
9876,1.407481,1
9877,9.579082,0
9878,8.911691,0
9879,10.03538,0
9880,2.803016,0
9881,1.768222,1
9882,0.437555,0
9883,0.103834,1
9884,9.448412,0
9885,11.31793,0
9886,3.738546,1
9887,3.602463,1
9888,9.475082,1
9889,0.072233,1
9890,10.152988,0
9891,2.409173,0
9892,0.27128,1
9893,2.742129,0
9894,9.017315,0
9895,0.615571,1
9896,1.449157,0
9897,9.288214,1
9898,8.841347,0
9899,10.607515,0
9900,10.816304,1
9901,2.346531,1
9902,9.304263,1
9903,0.665247,0
9904,0.669596,1
9905,9.257126,0
9906,0.104519,1
9907,0.408956,1
9908,9.647288,0
9909,8.243343,0
9910,1.700747,1
9911,0.054736,0
9912,1.234278,1
9913,0.17887,1
9914,1.643814,1
9915,10.139585,0
9916,9.910619,0
9917,9.762559,1
9918,0.85498,1
9919,0.849778,1
9920,0.07818,0
9921,0.107541,1
9922,0.223911,1
9923,0.233415,0
9924,0.828687,0
9925,9.654961,0
9926,0.284982,0
9927,0.078371,1
9928,0.309481,0
9929,1.452128,1
9930,10.464342,0
9931,3.786331,1
9932,0.234488,1
9933,11.230638,0
9934,7.757227,0
9935,9.991132,1
9936,2.347887,1
9937,3.116062,1
9938,2.27046,0
9939,10.18297,1
9940,9.176225,1
9941,1.858166,0
9942,1.602159,0
9943,3.188496,0
9944,10.02083,0
9945,9.847304,0
9946,0.278109,1
9947,0.422534,1
9948,0.149862,1
9949,0.082063,0
9950,3.19854,1
9951,9.9896,0
9952,0.446412,0
9953,1.062677,0
9954,0.531407,0
9955,0.072847,1
9956,0.330136,1
9957,0.070643,0
9958,5.040951,1
9959,0.07817,1
9960,9.967798,0
9961,0.09844,1
9962,3.152108,0
9963,0.169725,1
9964,0.422621,1
9965,0.068095,1
9966,1.308838,1
9967,0.570599,0
9968,9.997824,0
9969,0.210724,0
9970,0.4423,1
9971,0.188449,0
9972,9.151443,1
9973,1.148583,0
9974,2.50949,1
9975,0.170304,1
9976,2.213205,0
9977,2.342688,0
9978,8.608138,0
9979,2.935548,0
9980,0.579059,1
9981,9.618134,0
9982,9.554596,0
9983,0.283938,0
9984,3.390231,1
9985,10.48994,0
9986,0.081484,0
9987,0.229832,1
9988,0.098957,1
9989,0.310559,1
9990,9.762556,0
9991,1.84927,0
9992,0.087873,0
9993,0.355533,0
9994,0.09691,1
9995,9.63695,1
9996,0.066109,1
9997,10.295877,1
9998,9.398999,0
9999,0.396707,1
10000,10.079282,0
10001,1.065237,1
10002,9.189692,1
10003,0.138649,1
10004,10.514504,0
10005,0.817919,1
10006,10.202025,0
10007,0.358033,1
10008,0.437454,0
10009,9.109934,0
10010,2.056825,0
10011,1.580815,0
10012,0.07712,1
10013,9.480123,0
10014,10.975026,0
10015,3.974569,1
10016,9.981663,0
10017,9.675892,1
10018,9.973549,1
10019,3.154661,1
10020,10.729885,0
10021,9.862575,0
10022,3.688692,0
10023,9.32938,0
10024,9.920155,0
10025,2.390767,0
10026,0.068155,1
10027,0.305502,0
10028,0.097635,0
10029,0.107861,1
10030,3.415193,0
10031,0.478781,1
10032,1.612313,0
10033,0.112913,0
10034,4.819072,1
10035,1.135517,0
10036,9.475821,0
10037,10.05798,0
10038,0.307315,1
10039,0.24545,0
10040,8.956876,0
10041,0.037789,0
10042,9.298223,0
10043,1.11564,1
10044,10.811171,0
10045,11.063777,0
10046,9.912395,0
10047,9.983587,0
10048,0.183909,0
10049,10.055198,0
10050,9.394702,0
10051,1.717211,1
10052,9.293752,0
10053,0.254778,0
10054,10.056937,0
10055,0.2415,0
10056,9.740857,1
10057,0.150478,0
10058,3.728391,1
10059,0.15076,1
10060,0.27561,0
10061,2.208653,1
10062,9.936618,0
10063,11.427898,0
10064,0.19032,1
10065,0.110514,1
10066,4.34415,1
10067,3.021871,1
10068,9.44921,0
10069,0.402559,1
10070,10.893812,0
10071,0.179128,1
10072,0.08442,0
10073,10.452387,0
10074,9.334919,1
10075,0.20497,1
10076,9.52389,0
10077,10.05504,0
10078,2.893934,0
10079,10.516397,1
10080,0.868284,1
10081,0.527284,1
10082,0.048043,0
10083,10.274864,0
10084,9.482114,0
10085,1.527214,1
10086,9.618325,0
10087,9.838935,0
10088,2.091092,1
10089,0.712715,0
10090,0.096086,1
10091,10.298862,0
10092,3.310547,1
10093,9.853265,0
10094,1.11518,0
10095,10.831047,0
10096,1.474206,0
10097,0.248657,1
10098,3.951465,1
10099,0.206259,1
10100,9.608347,0
10101,0.05129,1
10102,0.413093,1
10103,1.722895,1
10104,0.058849,0
10105,10.621646,1
10106,2.08627,0
10107,1.582242,1
10108,9.633167,0
10109,1.595331,0
10110,10.642448,0
10111,3.804966,1
10112,11.05291,1
10113,0.231472,1
10114,1.324673,0
10115,8.941319,0
10116,0.11744,1
10117,2.182497,1
10118,0.2599,1
10119,0.415013,1
10120,10.93315,1
10121,2.664348,1
10122,9.698457,0
10123,0.120194,1
10124,2.368364,1
10125,8.607743,0
10126,0.669989,0
10127,9.011606,0
10128,0.163855,1
10129,0.837179,0
10130,10.431961,1
10131,2.514324,0
10132,9.93111,0
10133,11.172552,0
10134,2.476432,1
10135,0.447922,0
10136,1.589135,1
10137,9.000862,0
10138,0.393438,0
10139,0.497403,1
10140,9.580121,0
10141,4.552801,1
10142,0.538023,1
10143,0.119148,0
10144,10.434543,0
10145,1.691814,0
10146,10.644814,0
10147,9.611188,0
10148,8.648096,1
10149,10.676846,0
10150,8.937273,0
10151,0.388407,0
10152,9.136509,0
10153,2.084968,1
10154,10.55909,0
10155,1.559705,0
10156,0.190991,1
10157,10.376816,0
10158,0.081445,1
10159,4.471708,1
10160,0.143308,0
10161,8.871941,0
10162,0.909737,0
10163,0.077159,1
10164,1.356541,1
10165,0.041948,0
10166,10.163441,0
10167,1.555282,0
10168,9.900585,0
10169,9.413904,0
10170,0.055189,1
10171,0.28416,1
10172,2.310379,0
10173,0.058129,1
10174,10.619425,1
10175,8.78504,1
10176,0.100157,1
10177,2.469053,0
10178,9.824034,1
10179,9.045748,0
10180,2.531048,1
10181,0.086943,1
10182,9.095478,0
10183,0.06354,1
10184,9.714689,0
10185,8.682957,0
10186,10.241052,0
10187,9.53758,0
10188,0.086595,1
10189,0.152987,1
10190,0.054013,1
10191,8.274813,1
10192,9.913799,1
10193,0.140431,1
10194,9.483804,1
10195,0.612257,0
10196,0.693622,0
10197,0.168611,1
10198,10.437321,0
10199,0.114823,1
10200,1.51749,0
10201,0.453787,1
10202,0.174146,0
10203,10.375204,0
10204,9.250133,1
10205,0.275191,1
10206,0.847203,1
10207,2.090023,0
10208,1.496125,1
10209,0.694116,1
10210,0.112115,1
10211,9.204155,0
10212,1.851067,0
10213,8.876784,0
10214,1.130143,1
10215,0.073893,1
10216,0.667071,1
10217,10.25779,0
10218,0.067647,1
10219,8.840717,0
10220,0.578145,1
10221,0.6713,0
10222,1.072126,1
10223,11.132313,0
10224,0.084655,1
10225,2.073924,1
10226,9.721136,0
10227,10.032377,0
10228,0.091338,1
10229,0.22532,0
10230,0.352853,0
10231,10.180563,0
10232,1.600066,0
10233,0.241237,0
10234,0.184624,0
10235,0.168208,1
10236,0.231951,1
10237,0.068211,0
10238,1.422675,0
10239,0.064992,1
10240,10.640357,0
10241,0.132373,1
10242,0.20733,0
10243,9.930224,1
10244,0.65203,1
10245,0.250274,1
10246,10.872727,0
10247,2.183299,0
10248,0.629652,0
10249,8.778072,1
10250,2.963068,1
10251,0.254388,1
10252,3.482018,1
10253,1.323496,0
10254,0.130869,1
10255,0.381102,1
10256,0.19599,1
10257,0.102709,0
10258,9.829135,0
10259,0.398849,1
10260,0.609803,0
10261,9.264508,1
10262,0.110309,1
10263,9.910859,1
10264,10.082005,1
10265,0.051452,0
10266,9.916416,0
10267,0.518906,1
10268,0.054689,1
10269,0.201254,0
10270,0.131251,1
10271,0.089963,1
10272,9.668682,0
10273,2.705317,1
10274,8.566859,0
10275,8.631632,1
10276,8.254786,0
10277,2.954484,0
10278,0.7043,0
10279,0.18083,1
10280,1.134696,0
10281,8.689859,0
10282,9.93254,0
10283,10.665967,1
10284,0.134804,1
10285,8.980055,0
10286,0.112769,1
10287,0.242166,1
10288,0.207257,0
10289,9.026677,1
10290,9.680924,0
10291,0.415359,0
10292,9.422651,0
10293,0.914425,1
10294,0.052486,1
10295,9.843721,0
10296,9.828257,1
10297,9.721716,0
10298,0.106963,1
10299,10.881932,0
10300,8.682461,1
10301,0.341764,1
10302,0.103843,0
10303,8.674238,0
10304,2.471196,1
10305,9.283246,0
10306,0.421878,0
10307,0.274482,0
10308,4.185166,0
10309,10.194883,0
10310,8.637552,1
10311,9.354036,0
10312,0.152493,1
10313,0.755714,0
10314,0.242994,1
10315,8.61272,0
10316,2.606412,1
10317,0.933823,1
10318,0.151848,0
10319,1.885948,0
10320,0.606778,1
10321,0.1215,1
10322,1.883853,0
10323,3.158314,1
10324,2.14228,1
10325,1.601525,0
10326,4.049179,1
10327,10.800135,0
10328,10.852989,1
10329,0.288681,0
10330,2.982937,0
10331,1.841247,0
10332,10.791039,0
10333,10.471891,1
10334,0.094027,1
10335,10.562542,0
10336,9.477863,0
10337,0.291692,0
10338,9.798712,0
10339,9.672626,0
10340,8.907434,0
10341,1.459247,1
10342,0.091789,1
10343,2.021272,1
10344,9.129018,0
10345,3.120035,0
10346,0.146116,1
10347,3.358655,0
10348,2.209553,0
10349,0.410965,0
10350,0.588638,1
10351,1.150244,1
10352,2.807537,1
10353,0.538772,1
10354,9.017291,1
10355,10.729587,0
10356,0.547936,0
10357,9.183254,0
10358,8.563855,0
10359,0.115832,0
10360,9.64526,1
10361,1.596306,1
10362,0.972768,0
10363,2.895364,1
10364,1.967465,1
10365,9.518932,1
10366,9.257674,0
10367,10.121768,1
10368,0.316286,0
10369,9.614339,0
10370,9.299884,1
10371,8.766474,0
10372,0.115354,0
10373,10.036452,0
10374,0.580719,0
10375,0.164649,0
10376,1.869587,1
10377,0.099282,1
10378,0.327592,1
10379,10.206453,1
10380,9.011003,1
10381,8.934343,0
10382,1.910569,0
10383,0.823572,1
10384,10.065928,1
10385,9.499709,0
10386,2.157179,0
10387,0.181455,1
10388,0.180135,1
10389,0.081435,1
10390,9.296288,1
10391,10.407763,1
10392,8.840842,1
10393,10.105165,0
10394,0.675133,0
10395,10.177525,1
10396,0.963954,1
10397,0.138145,1
10398,0.525031,0
10399,0.065736,1
10400,0.18009,0
10401,0.088828,1
10402,10.656035,0
10403,0.699335,1
10404,1.428834,0
10405,0.092383,0
10406,8.358088,1
10407,8.806081,0
10408,9.574454,0
10409,9.04227,0
10410,0.66328,1
10411,10.268167,1
10412,0.173302,1
10413,9.949272,0
10414,9.551126,0
10415,9.560575,1
10416,10.932231,0
10417,0.105379,0
10418,0.347452,0
10419,0.388819,1
10420,1.707819,0
10421,8.793203,1
10422,0.755333,1
10423,9.400566,0
10424,0.698082,0
10425,0.089852,1
10426,1.200229,0
10427,0.22184,1
10428,0.095659,0
10429,9.536852,1
10430,1.917614,1
10431,9.450915,0
10432,0.182673,0
10433,2.180357,1
10434,11.254885,0
10435,3.089657,1
10436,0.285032,1
10437,0.199193,0
10438,10.550177,0
10439,9.920966,1
10440,3.654779,1
10441,9.518527,0
10442,0.327995,1
10443,8.10979,0
10444,0.230026,1
10445,9.368938,0
10446,0.074465,1
10447,1.329261,0
10448,0.10018,0
10449,10.607024,1
10450,0.178701,1
10451,9.353708,0
10452,10.669404,0
10453,0.086459,0
10454,2.872724,1
10455,9.805167,0
10456,0.108556,1
10457,10.628152,0
10458,8.681565,0
10459,0.634109,0
10460,0.090561,0
10461,10.971562,0
10462,1.78279,0
10463,1.7199,0
10464,3.449646,0
10465,0.178247,1
10466,9.896691,0
10467,0.283321,1
10468,2.907804,1
10469,2.975142,1
10470,9.176593,0
10471,0.141942,0
10472,9.631874,1
10473,9.327272,0
10474,9.768635,0
10475,9.721722,1
10476,0.81906,0
10477,2.637573,0
10478,0.190036,0
10479,0.172232,1
10480,8.25518,0
10481,0.869608,0
10482,0.558425,1
10483,9.949739,0
10484,2.877008,0
10485,4.795154,1
10486,10.058222,0
10487,0.352482,0
10488,1.421206,0
10489,10.031563,1
10490,10.553687,1
10491,9.263211,0
10492,0.267121,0
10493,0.223051,1
10494,1.288608,1
10495,9.618771,0
10496,8.225906,1
10497,10.898267,0
10498,0.332944,0
10499,0.224372,0
10500,0.385086,1
10501,0.34093,1
10502,0.098327,1
10503,0.073908,0
10504,0.226475,1
10505,0.168807,1
10506,0.069474,1
10507,0.240454,0
10508,0.104517,1
10509,9.427818,0
10510,1.904818,0
10511,0.286166,1
10512,8.458437,0
10513,3.217013,1
10514,0.077522,0
10515,1.460696,1
10516,2.19704,0
10517,0.324018,1
10518,9.665952,0
10519,11.730492,0
10520,9.277527,0
10521,2.766746,1
10522,0.074127,0
10523,0.090474,1
10524,2.350894,0
10525,2.874543,1
10526,10.192761,0
10527,8.866581,0
10528,9.231722,1
10529,0.366993,1
10530,0.989867,1
10531,1.425964,0
10532,9.670611,0
10533,10.649417,1
10534,9.773834,0
10535,2.98289,0
10536,5.043917,0
10537,0.15312,1
10538,0.242897,1
10539,0.747455,0
10540,8.011302,1
10541,0.534795,0
10542,4.03811,0
10543,0.301964,0
10544,10.310161,1
10545,1.911849,0
10546,0.065934,1
10547,10.554973,1
10548,0.096243,1
10549,9.713572,0
10550,0.29112,1
10551,0.065429,0
10552,9.163658,0
10553,0.171902,1
10554,0.152053,1
10555,9.510035,0
10556,0.323938,0
10557,1.056462,1
10558,2.859938,0
10559,9.617689,0
10560,0.290001,1
10561,10.920293,0
10562,9.257943,1
10563,9.73666,0
10564,2.517349,0
10565,1.888885,0
10566,1.129563,0
10567,0.072327,0
10568,9.56521,0
10569,0.221133,1
10570,2.99467,1
10571,1.987051,1
10572,0.160667,1
10573,0.276055,1
10574,2.569156,1
10575,0.234015,1
10576,2.431128,1
10577,0.693689,1
10578,10.994696,0
10579,0.591507,0
10580,9.240432,0
10581,10.470942,1
10582,9.489358,0
10583,3.202827,1
10584,0.231807,0
10585,0.800425,1
10586,9.708928,1
10587,9.734904,0
10588,10.169728,1
10589,8.751166,0
10590,9.743729,1
10591,4.113301,1
10592,10.113553,0
10593,0.959486,1
10594,0.085202,1
10595,9.933603,0
10596,8.733723,0
10597,0.710962,1
10598,10.01311,0
10599,2.781426,1
10600,2.087812,1
10601,1.440844,0
10602,9.933104,1
10603,0.135943,1
10604,0.056582,1
10605,0.520573,0
10606,9.412655,1
10607,1.641207,1
10608,2.249805,0
10609,0.36887,1
10610,10.300511,0
10611,0.129385,1
10612,10.769041,0
10613,0.828741,1
10614,0.169629,1
10615,0.25997,0
10616,1.399826,0
10617,8.957148,0
10618,0.051896,1
10619,10.343122,0
10620,8.565115,1
10621,0.397963,0
10622,9.548186,0
10623,1.685712,0
10624,2.465696,0
10625,1.640439,0
10626,0.14907,1
10627,10.200936,0
10628,0.112575,1
10629,0.35989,1
10630,0.123575,1
10631,9.130778,0
10632,1.928477,1
10633,0.65075,0
10634,1.776075,1
10635,0.740847,1
10636,1.227341,1
10637,9.034514,0
10638,1.722589,1
10639,2.233052,0
10640,0.084087,0
10641,0.812378,0
10642,10.106656,1
10643,9.304751,0
10644,0.377553,0
10645,0.11204,1
10646,0.029729,1
10647,3.516276,1
10648,10.905427,0
10649,0.291005,1
10650,2.038574,0
10651,0.277629,1
10652,1.950093,1
10653,0.785479,1
10654,0.189179,1
10655,8.800642,0
10656,2.233941,0
10657,1.802416,0
10658,0.423685,0
10659,2.551615,0
10660,0.103073,1
10661,0.120022,0
10662,8.712678,0
10663,0.066386,1
10664,0.207254,1
10665,0.652368,0
10666,9.543279,0
10667,0.364864,1
10668,9.81076,1
10669,9.670904,0
10670,0.344363,1
10671,0.19338,0
10672,0.058688,1
10673,0.058548,1
10674,2.069759,1
10675,0.500229,0
10676,0.265734,1
10677,2.673179,0
10678,10.451733,0
10679,9.862433,1
10680,10.391403,0
10681,0.691284,0
10682,9.868575,0
10683,1.953218,0
10684,9.233549,0
10685,9.677362,0
10686,9.291879,1
10687,1.740825,0
10688,9.887217,1
10689,0.283979,1
10690,0.134033,1
10691,0.133348,1
10692,0.151652,1
10693,0.288142,1
10694,0.348942,0
10695,9.041672,0
10696,0.2317,0
10697,8.74627,1
10698,0.215898,1
10699,0.906579,0
10700,0.389815,0
10701,1.149454,0
10702,10.654009,0
10703,9.502579,1
10704,0.576359,0
10705,1.467406,0
10706,10.657779,0
10707,10.05479,0
10708,2.294458,0
10709,0.326275,1
10710,1.404596,1
10711,0.140537,0
10712,3.522986,1
10713,0.10136,1
10714,1.835679,0
10715,8.289242,1
10716,1.147609,0
10717,0.131994,1
10718,0.234222,1
10719,0.114876,1
10720,0.492738,0
10721,0.099487,1
10722,0.044361,1
10723,1.519082,1
10724,9.800838,0
10725,0.102679,1
10726,0.163653,1
10727,0.365577,1
10728,10.429619,0
10729,0.174739,0
10730,2.097716,1
10731,2.18109,0
10732,0.079961,1
10733,0.526989,1
10734,10.657593,1
10735,0.49664,0
10736,3.527942,1
10737,2.097412,0
10738,0.089925,1
10739,0.770106,0
10740,0.096313,1
10741,9.587871,1
10742,9.238407,0
10743,9.17582,0
10744,0.371786,0
10745,0.355657,0
10746,0.546673,0
10747,10.438745,1
10748,2.551732,1
10749,8.640533,1
10750,0.283712,1
10751,9.254519,0
10752,0.185588,0
10753,10.090684,0
10754,9.129063,0
10755,2.111225,0
10756,0.189779,1
10757,0.071114,0
10758,2.107662,0
10759,8.858995,1
10760,10.678789,0
10761,0.573408,0
10762,9.369423,0
10763,3.311014,1
10764,0.374492,0
10765,0.100812,0
10766,10.941536,0
10767,9.834806,0
10768,9.162611,1
10769,10.380255,0
10770,1.106367,0
10771,2.742953,0
10772,0.093216,1
10773,8.810423,0
10774,0.131773,1
10775,0.111079,0
10776,0.457842,1
10777,10.26739,0
10778,2.952783,0
10779,0.212218,1
10780,1.005605,0
10781,0.920238,1
10782,3.053628,0
10783,0.134821,0
10784,8.784961,0
10785,0.634037,0
10786,1.416982,1
10787,8.975233,1
10788,0.299048,1
10789,2.68361,0
10790,8.362469,0
10791,1.787895,1
10792,10.144235,0
10793,0.19873,1
10794,9.668478,1
10795,8.994716,0
10796,1.573341,1
10797,10.204162,0
10798,8.051798,0
10799,10.835846,0
10800,9.588818,1
10801,0.085944,0
10802,2.84956,0
10803,9.735314,0
10804,0.050185,0
10805,9.29284,0
10806,1.443605,0
10807,9.627993,1
10808,3.968054,1
10809,0.111215,1
10810,10.519707,1
10811,10.339912,0
10812,0.208261,0
10813,0.171821,1
10814,0.073332,1
10815,9.75969,0
10816,0.196849,0
10817,0.368544,0
10818,0.308799,1
10819,2.821577,0
10820,9.388968,0
10821,0.227847,0
10822,9.1436,0
10823,10.381968,0
10824,1.184994,1
10825,0.075812,1
10826,0.312254,0
10827,2.618984,1
10828,0.107417,1
10829,3.780942,0
10830,10.329259,0
10831,9.178013,0
10832,9.608977,1
10833,0.146696,0
10834,3.545718,0
10835,0.202654,1
10836,0.258916,1
10837,0.218064,1
10838,0.140892,1
10839,1.62377,0
10840,9.355056,0
10841,8.908791,0
10842,0.123382,1
10843,0.599381,1
10844,0.129269,0
10845,9.05763,0
10846,3.358358,0
10847,0.09092,1
10848,1.80619,1
10849,11.276011,0
10850,0.275688,0
10851,10.153007,0
10852,3.359964,0
10853,2.099846,0
10854,0.405986,0
10855,0.238026,1
10856,0.145923,1
10857,8.684226,0
10858,1.158722,1
10859,0.237053,1
10860,0.108049,1
10861,11.143849,0
10862,0.506071,1
10863,0.123882,1
10864,3.672501,1
10865,0.12916,1
10866,0.425807,1
10867,9.504807,1
10868,0.137746,1
10869,0.205358,1
10870,0.1554,1
10871,0.172067,1
10872,9.535697,0
10873,0.398377,1
10874,8.573243,1
10875,10.229389,1
10876,10.020531,0
10877,0.117675,1
10878,0.213195,1
10879,1.440481,1
10880,0.140401,0
10881,10.345515,0
10882,9.874454,0
10883,9.311992,0
10884,1.806087,0
10885,0.081379,1
10886,9.643422,0
10887,9.223861,0
10888,10.235358,1
10889,0.635947,0
10890,10.7481,1
10891,10.427941,0
10892,10.249185,1
10893,0.807501,1
10894,0.322414,1
10895,10.045696,0
10896,0.527878,0
10897,10.055003,1
10898,9.809041,0
10899,8.947615,0
10900,0.104247,1
10901,10.291301,0
10902,2.153167,1
10903,0.120963,1
10904,0.169326,1
10905,9.982249,0
10906,0.293969,0
10907,0.149713,1
10908,0.196621,0
10909,2.493003,1
10910,1.362592,1
10911,0.243054,0
10912,10.140362,0
10913,0.388398,0
10914,9.217693,1
10915,0.067673,0
10916,9.853713,0
10917,3.542281,1
10918,0.378145,1
10919,0.887732,1
10920,2.620811,1
10921,0.46902,0
10922,1.700817,1
10923,0.075286,1
10924,10.403823,0
10925,1.792063,0
10926,0.215464,1
10927,0.050157,1
10928,1.204234,0
10929,0.525546,0
10930,9.994077,0
10931,9.194242,1
10932,0.242257,1
10933,10.050059,0
10934,2.568598,0
10935,1.24595,1
10936,1.311405,1
10937,10.908849,1
10938,1.534937,0
10939,1.383503,0
10940,0.076245,1
10941,0.492668,1
10942,0.057129,1
10943,8.94599,1
10944,3.367929,1
10945,0.382232,1
10946,9.251732,0
10947,9.497443,0
10948,0.117446,1
10949,10.304161,0
10950,0.429478,0
10951,1.213586,0
10952,0.574895,1
10953,9.664887,1
10954,9.589624,1
10955,9.905527,0
10956,0.293568,0
10957,10.510927,0
10958,9.062616,1
10959,9.119037,0
10960,0.889271,0
10961,0.236495,0
10962,0.086414,1
10963,0.338751,1
10964,0.680459,1
10965,9.314371,0
10966,3.315211,1
10967,8.54621,0
10968,10.70485,0
10969,3.748613,0
10970,1.694892,1
10971,0.324827,1
10972,0.820634,0
10973,9.83058,0
10974,10.358658,0
10975,9.679875,0
10976,0.239983,1
10977,1.515974,0
10978,1.506559,0
10979,9.867966,1
10980,9.533036,0
10981,0.068491,1
10982,0.348358,0
10983,8.989459,1
10984,10.322924,0
10985,0.394176,0
10986,0.34119,0
10987,9.294904,0
10988,9.530668,0
10989,0.189765,1
10990,0.518243,0
10991,0.319694,1
10992,8.992363,1
10993,9.014143,0
10994,9.82161,0
10995,9.789661,1
10996,0.556614,1
10997,9.937362,0
10998,0.149567,1
10999,1.120684,1
11000,0.23217,1
11001,9.805777,0
11002,0.0841,1
11003,10.599187,1
11004,9.524199,0
11005,1.947838,1
11006,4.357107,1
11007,0.152951,1
11008,9.291397,0
11009,0.75767,1
11010,8.810771,0
11011,0.072198,0
11012,8.74579,0
11013,1.940787,0
11014,9.363891,0
11015,8.56979,1
11016,11.407157,0
11017,10.0483,1
11018,0.276064,0
11019,0.061044,1
11020,0.286162,1
11021,8.404681,0
11022,2.419992,1
11023,9.365503,0
11024,9.261097,0
11025,2.268998,1
11026,0.620909,0
11027,9.475422,0
11028,8.641536,0
11029,0.214995,0
11030,9.952724,0
11031,9.911143,0
11032,0.203033,1
11033,0.180734,0
11034,9.383628,0
11035,10.296695,0
11036,1.935497,1
11037,8.621946,0
11038,0.110405,1
11039,0.164364,0
11040,8.08581,0
11041,10.261038,0
11042,0.43994,0
11043,10.525617,0
11044,1.074647,0
11045,0.875078,1
11046,10.366714,0
11047,1.093667,1
11048,0.225994,1
11049,11.579208,0
11050,0.086872,1
11051,8.361592,0
11052,1.378656,0
11053,0.568141,0
11054,2.048597,0
11055,0.462528,1
11056,0.186775,1
11057,0.192949,1
11058,0.094931,1
11059,1.654742,1
11060,10.376187,0
11061,3.877225,1
11062,1.92254,0
11063,2.82532,1
11064,4.397202,1
11065,0.696016,0
11066,10.230603,1
11067,4.262391,1
11068,2.431171,0
11069,0.143051,1
11070,10.044102,0
11071,10.655751,1
11072,10.061978,1
11073,1.694417,1
11074,0.125192,1
11075,3.482558,0
11076,0.237627,0
11077,9.025972,0
11078,0.645704,0
11079,2.685089,0
11080,1.566181,1
11081,0.177652,0
11082,9.349171,1
11083,1.136024,0
11084,1.772297,0
11085,0.388415,1
11086,10.788321,0
11087,9.524343,1
11088,9.01269,0
11089,9.607032,1
11090,10.138706,0
11091,8.508526,0
11092,2.212826,1
11093,9.667241,0
11094,2.74081,0
11095,0.057424,1
11096,0.42419,1
11097,9.832266,0
11098,0.58325,1
11099,0.367729,1
11100,9.531812,0
11101,0.461404,0
11102,10.873547,1
11103,2.177072,1
11104,0.162911,1
11105,2.777538,0
11106,0.132288,1
11107,0.293682,1
11108,0.550882,0
11109,10.838464,0
11110,2.009517,1
11111,10.425863,1
11112,0.336661,1
11113,10.548582,0
11114,0.26526,0
11115,0.617452,1
11116,0.529081,0
11117,0.395933,0
11118,0.516412,0
11119,9.863685,0
11120,0.139399,1
11121,0.334955,0
11122,1.886625,1
11123,8.965308,0
11124,10.309058,0
11125,2.747587,1
11126,8.542447,0
11127,0.075912,0
11128,9.402487,0
11129,2.073606,0
11130,1.404842,0
11131,8.347641,0
11132,0.088531,1
11133,4.138638,1
11134,1.14122,0
11135,0.284727,0
11136,0.11351,1
11137,10.096688,0
11138,3.491006,1
11139,0.138169,0
11140,0.592388,0
11141,0.112906,1
11142,9.439569,1
11143,10.104531,0
11144,2.820095,0
11145,2.276566,1
11146,0.346082,1
11147,9.896029,0
11148,3.016477,1
11149,9.575815,0
11150,3.419948,0
11151,9.678922,0
11152,9.299249,0
11153,8.661634,0
11154,0.319363,0
11155,0.063501,1
11156,0.212974,0
11157,0.971823,0
11158,0.052294,1
11159,0.152143,0
11160,0.819918,0
11161,10.834167,1
11162,10.634582,1
11163,0.638871,0
11164,0.5759,1
11165,0.084886,1
11166,0.07927,1
11167,0.566716,1
11168,0.141711,0
11169,0.340798,1
11170,0.056721,1
11171,2.572598,1
11172,10.572254,1
11173,0.114147,1
11174,0.176981,1
11175,9.894545,1
11176,0.203567,0
11177,10.948149,0
11178,4.138724,1
11179,9.821,0
11180,1.877775,0
11181,8.350845,0
11182,8.751934,0
11183,3.58762,1
11184,0.124656,0
11185,0.29002,0
11186,0.080566,1
11187,3.178015,0
11188,10.6798,0
11189,2.091837,0
11190,10.148532,0
11191,10.744768,0
11192,0.829001,1
11193,9.291365,0
11194,8.508158,0
11195,4.142416,1
11196,11.265913,0
11197,9.667172,0
11198,0.799186,0
11199,10.512795,0
11200,1.93693,1
11201,2.033513,0
11202,0.800328,1
11203,8.379626,1
11204,10.053033,1
11205,0.854634,1
11206,3.415261,0
11207,0.073146,1
11208,10.053158,0
11209,8.125596,1
11210,0.106245,1
11211,3.591911,1
11212,0.27376,1
11213,1.291126,1
11214,0.901381,1
11215,0.2914,1
11216,8.883285,0
11217,0.049547,1
11218,9.518559,0
11219,0.30892,1
11220,0.567246,0
11221,9.391053,1
11222,0.982763,1
11223,0.081915,0
11224,11.435872,0
11225,9.502981,0
11226,9.570563,0
11227,1.500512,1
11228,2.964135,0
11229,0.252555,1
11230,0.592558,0
11231,9.83005,0
11232,10.142655,0
11233,9.175766,0
11234,10.681692,0
11235,0.451507,0
11236,0.133041,1
11237,1.752807,0
11238,11.346704,0
11239,0.060607,1
11240,0.245943,0
11241,0.132269,1
11242,0.099639,1
11243,8.91437,0
11244,9.763637,0
11245,10.119474,0
11246,1.14696,0
11247,0.04999,0
11248,0.417464,0
11249,8.704811,0
11250,0.05374,0
11251,9.170679,0
11252,0.164763,1
11253,0.160786,1
11254,1.605188,0
11255,8.659264,0
11256,0.376396,0
11257,0.322708,1
11258,9.874591,1
11259,9.759847,0
11260,0.422942,0
11261,1.225663,0
11262,9.603641,0
11263,0.745641,1
11264,0.292881,1
11265,0.514193,1
11266,9.281887,1
11267,0.87498,0
11268,1.271211,1
11269,9.735702,1
11270,9.271025,0
11271,0.15631,0
11272,0.184714,1
11273,0.678425,1
11274,0.573077,0
11275,0.765698,1
11276,1.096008,0
11277,9.489712,0
11278,9.970781,1
11279,0.130313,0
11280,0.170679,1
11281,0.08981,0
11282,11.402583,0
11283,0.161293,0
11284,0.13212,1
11285,1.898045,0
11286,0.274931,0
11287,0.970476,1
11288,0.067074,1
11289,0.094107,1
11290,0.062864,1
11291,9.073893,1
11292,9.813196,0
11293,9.996923,0
11294,10.651783,1
11295,9.04428,1
11296,2.112043,0
11297,10.718273,0
11298,8.683323,0
11299,9.306071,0
11300,3.366761,1
11301,3.194871,1
11302,2.569322,0
11303,10.381989,0
11304,1.087587,1
11305,0.730171,1
11306,0.204277,1
11307,0.49884,1
11308,0.52971,1
11309,0.11149,0
11310,9.992407,0
11311,0.080403,1
11312,10.883158,0
11313,0.248069,0
11314,9.241646,0
11315,0.244995,0
11316,9.700974,1
11317,0.102143,1
11318,0.497932,0
11319,0.585503,0
11320,9.517655,0
11321,0.078142,1
11322,4.817006,1
11323,0.260401,0
11324,1.70962,0
11325,0.32712,0
11326,0.347081,0
11327,10.401436,0
11328,0.151583,1
11329,0.088577,0
11330,10.388862,1
11331,2.533776,1
11332,0.207726,1
11333,0.257084,0
11334,9.329925,1
11335,0.300987,0
11336,0.082621,1
11337,0.426464,0
11338,1.338047,1
11339,0.144541,0
11340,3.471514,0
11341,0.480745,1
11342,9.545469,0
11343,10.464693,0
11344,10.498879,0
11345,8.966839,0
11346,10.330917,0
11347,0.332248,1
11348,9.723298,0
11349,0.969401,0
11350,2.498183,0
11351,2.21912,0
11352,0.889649,1
11353,9.563782,0
11354,10.370788,1
11355,3.389436,1
11356,0.42961,1
11357,10.536486,0
11358,0.155079,0
11359,9.428937,1
11360,9.10204,0
11361,0.118334,0
11362,8.413892,0
11363,0.425767,0
11364,8.939103,0
11365,8.832497,0
11366,0.228522,1
11367,1.461622,1
11368,1.038965,1
11369,2.7065,0
11370,9.556198,0
11371,10.221531,0
11372,8.863382,0
11373,8.7031,1
11374,3.364105,0
11375,8.787093,0
11376,10.29927,0
11377,0.442979,0
11378,9.625853,0
11379,0.247873,1
11380,0.05883,1
11381,9.333178,0
11382,1.034547,1
11383,9.740579,0
11384,11.05652,0
11385,2.803119,0
11386,10.064411,0
11387,9.851477,1
11388,0.198053,0
11389,11.104944,0
11390,11.235543,1
11391,0.418334,0
11392,0.232391,1
11393,1.090747,0
11394,1.653267,1
11395,0.087591,1
11396,2.225142,0
11397,0.836109,0
11398,9.865007,0
11399,1.610315,1
11400,0.122709,1
11401,0.400284,0
11402,9.283625,1
11403,1.829123,1
11404,11.074672,1
11405,2.113505,0
11406,1.121449,1
11407,9.550058,0
11408,0.960823,0
11409,9.912826,0
11410,2.274243,0
11411,0.130232,1
11412,3.256995,0
11413,0.607174,0
11414,9.51148,1
11415,3.591753,1
11416,0.117562,1
11417,0.396171,1
11418,10.810355,0
11419,2.162525,1
11420,0.113868,1
11421,2.449961,0
11422,0.820442,0
11423,0.323712,1
11424,0.152354,1
11425,10.063903,0
11426,0.272767,0
11427,10.872972,0
11428,0.236628,1
11429,0.156613,1
11430,0.775494,0
11431,9.151839,0
11432,1.782247,1
11433,9.474896,0
11434,0.15915,1
11435,1.96067,1
11436,3.503429,1
11437,0.510194,0
11438,0.459727,1
11439,0.154501,1
11440,9.412879,0
11441,8.632025,0
11442,2.529625,1
11443,0.107672,1
11444,0.191728,1
11445,9.059775,1
11446,9.560725,0
11447,0.383648,1
11448,0.234049,0
11449,2.408543,0
11450,1.077664,1
11451,3.117683,0
11452,9.502916,0
11453,9.050812,0
11454,0.280186,1
11455,2.445067,1
11456,8.850225,0
11457,2.883121,0
11458,1.033309,0
11459,1.77844,1
11460,0.760237,0
11461,0.319712,1
11462,0.565602,1
11463,11.092717,1
11464,0.11475,0
11465,0.133544,1
11466,0.440268,0
11467,2.61317,0
11468,4.466088,1
11469,0.189692,1
11470,0.325664,0
11471,9.326551,0
11472,9.395999,0
11473,0.183963,1
11474,1.283811,1
11475,10.012426,0
11476,0.08171,1
11477,0.135866,0
11478,9.523329,0
11479,9.656507,1
11480,0.453025,0
11481,9.881274,0
11482,1.976256,0
11483,0.356523,0
11484,0.238232,0
11485,1.848721,1
11486,8.975622,1
11487,0.37022,0
11488,0.633974,1
11489,0.053916,1
11490,10.124156,0
11491,3.847091,1
11492,10.098684,0
11493,11.121496,0
11494,10.374991,0
11495,0.25995,1
11496,10.219085,0
11497,0.141329,0
11498,0.270586,0
11499,10.467407,1
11500,0.121817,0
11501,8.931099,0
11502,0.204578,0
11503,0.203554,1
11504,0.253469,0
11505,0.091638,0
11506,0.065589,1
11507,0.221187,0
11508,9.009081,0
11509,3.149025,1
11510,10.039538,0
11511,8.472034,1
11512,2.06391,0
11513,9.496486,0
11514,0.05772,0
11515,9.76463,1
11516,9.538414,0
11517,9.05402,0
11518,0.064169,0
11519,0.459933,1
11520,10.484777,0
11521,0.115202,0
11522,0.076501,1
11523,10.849919,1
11524,9.640135,1
11525,0.109207,1
11526,3.027877,1
11527,0.426524,0
11528,1.714256,0
11529,0.380773,0
11530,9.411985,0
11531,0.28604,0
11532,0.296778,1
11533,0.160347,1
11534,9.18712,0
11535,1.168913,0
11536,8.903851,1
11537,1.897821,0
11538,9.808887,0
11539,0.587476,1
11540,0.257108,0
11541,1.39695,1
11542,0.154884,0
11543,2.113826,1
11544,2.198456,1
11545,0.283679,0
11546,0.46052,1
11547,2.229574,1
11548,10.149509,1
11549,9.793756,0
11550,0.083743,1
11551,0.377488,1
11552,0.183145,1
11553,0.368094,1
11554,10.766963,1
11555,0.425229,0
11556,0.049753,1
11557,9.94059,0
11558,3.085176,1
11559,0.788007,0
11560,0.426857,1
11561,10.28566,1
11562,0.541875,0
11563,0.234069,0
11564,0.339677,0
11565,0.414992,0
11566,9.046971,0
11567,8.676665,0
11568,9.780672,0
11569,0.14057,0
11570,0.078469,1
11571,10.157809,0
11572,8.956198,0
11573,0.654974,1
11574,0.600862,0
11575,8.994345,0
11576,2.780366,0
11577,10.040956,0
11578,2.082788,1
11579,0.426903,0
11580,2.094658,0
11581,9.359022,1
11582,0.26266,1
11583,1.778658,1
11584,1.102082,0
11585,0.05098,1
11586,2.784938,0
11587,1.812798,0
11588,0.244078,0
11589,0.151486,1
11590,0.343976,1
11591,11.100762,0
11592,0.102287,1
11593,0.075676,0
11594,9.092195,1
11595,11.255532,0
11596,9.476089,1
11597,9.906511,1
11598,0.688457,1
11599,8.983061,1
11600,2.736141,0
11601,9.433806,1
11602,10.379045,1
11603,8.775327,1
11604,1.945421,0
11605,8.905965,1
11606,0.174149,1
11607,1.961052,0
11608,10.40407,0
11609,0.102807,1
11610,10.677067,1
11611,0.675931,1
11612,1.778398,0
11613,2.070662,0
11614,9.910496,0
11615,10.217929,1
11616,10.476623,0
11617,0.156694,1
11618,10.436066,1
11619,9.974805,0
11620,10.322087,1
11621,8.777051,0
11622,9.43936,0
11623,10.465682,1
11624,1.046709,1
11625,9.372267,0
11626,10.084373,0
11627,9.782644,0
11628,0.458161,1
11629,0.102863,0
11630,0.090046,1
11631,0.217514,1
11632,3.384463,0
11633,0.803543,0
11634,9.719684,0
11635,9.985029,0
11636,9.436132,0
11637,0.171106,1
11638,0.067752,1
11639,1.832536,0
11640,1.176952,1
11641,4.325588,1
11642,10.036228,0
11643,0.067228,1
11644,0.995096,0
11645,9.737514,0
11646,2.880226,0
11647,9.500547,0
11648,3.408425,1
11649,1.66953,0
11650,0.057773,0
11651,10.13702,0
11652,0.873301,0
11653,8.805091,0
11654,0.149014,1
11655,9.393259,0
11656,1.091179,0
11657,9.32905,1
11658,0.353116,0
11659,10.482145,0
11660,0.413325,0
11661,8.931742,0
11662,9.434946,0
11663,0.14943,1
11664,9.849797,0
11665,2.998663,1
11666,0.833374,1
11667,2.938235,0
11668,10.596137,0
11669,0.080633,0
11670,0.393012,1
11671,1.754389,1
11672,0.717095,1
11673,0.179459,1
11674,0.272943,1
11675,1.721203,1
11676,0.206921,0
11677,1.199872,0
11678,10.856394,0
11679,3.204288,1
11680,0.115191,1
11681,9.207673,0
11682,9.824674,0
11683,0.050503,0
11684,3.394458,1
11685,1.246664,1
11686,10.233623,0
11687,2.268922,1
11688,0.13436,1
11689,0.308298,0
11690,9.56954,0
11691,1.521778,1
11692,9.12015,0
11693,9.893046,1
11694,9.416633,0
11695,0.764966,1
11696,1.694296,0
11697,0.242237,0
11698,10.791817,1
11699,0.665801,1
11700,1.90031,1
11701,0.091034,1
11702,2.45272,1
11703,9.93625,0
11704,8.417122,0
11705,0.135158,0
11706,1.602146,1
11707,0.192788,0
11708,0.518948,1
11709,0.210531,1
11710,9.742084,1
11711,1.549604,1
11712,10.072023,0
11713,10.032393,1
11714,0.192047,1
11715,0.31375,1
11716,1.886727,0
11717,0.610062,1
11718,0.104268,1
11719,0.36128,1
11720,0.113624,1
11721,10.713452,1
11722,8.917254,1
11723,0.103754,1
11724,10.409118,1
11725,0.513868,1
11726,9.959343,0
11727,9.424856,0
11728,10.305801,0
11729,0.263457,0
11730,0.446816,0
11731,2.381341,0
11732,0.484026,1
11733,1.059696,0
11734,10.445438,0
11735,8.779579,0
11736,10.860383,0
11737,3.649241,1
11738,8.987732,0
11739,0.177157,0
11740,0.255492,0
11741,1.055218,1
11742,1.701775,0
11743,0.702805,1
11744,0.912451,0
11745,1.236996,1
11746,10.025016,1
11747,9.444467,0
11748,0.245816,0
11749,10.211568,1
11750,0.11535,1
11751,0.810855,1
11752,1.064254,0
11753,1.726949,0
11754,0.187071,0
11755,9.803655,0
11756,0.096942,1
11757,0.545186,1
11758,0.365535,0
11759,0.39335,1
11760,2.547924,1
11761,9.551428,0
11762,0.131428,0
11763,0.187712,1
11764,0.134208,1
11765,0.084695,0
11766,0.408565,0
11767,10.39258,0
11768,0.972398,1
11769,0.09157,1
11770,2.268201,1
11771,0.174264,0
11772,8.446513,0
11773,0.416745,1
11774,0.064337,1
11775,2.008293,1
11776,2.130732,0
11777,0.076949,1
11778,1.290017,0
11779,0.483976,1
11780,0.065716,1
11781,0.57182,1
11782,10.098408,0
11783,10.815705,1
11784,2.380546,0
11785,0.854314,1
11786,0.2411,0
11787,0.272078,0
11788,0.334074,0
11789,0.70265,1
11790,0.066987,1
11791,1.106784,1
11792,1.118758,1
11793,0.654375,1
11794,1.960847,0
11795,1.022388,1
11796,1.011741,1
11797,0.093148,1
11798,0.650187,1
11799,9.990959,0
11800,0.086264,1
11801,2.5942,1
11802,0.48209,0
11803,0.191903,1
11804,1.858235,0
11805,0.103435,0
11806,10.248197,0
11807,9.789986,1
11808,2.941602,1
11809,8.652069,0
11810,1.274651,1
11811,3.460502,1
11812,10.010939,1
11813,3.816979,0
11814,8.532248,0
11815,8.744205,0
11816,9.811826,1
11817,10.181906,0
11818,9.590677,1
11819,9.972615,1
11820,3.174986,0
11821,0.463782,1
11822,0.058471,1
11823,10.968621,1
11824,9.527739,0
11825,2.032192,1
11826,8.825431,0
11827,0.786604,1
11828,11.046603,0
11829,0.19907,1
11830,10.246443,1
11831,9.176754,0
11832,9.917604,1
11833,2.536155,0
11834,9.079101,0
11835,8.201533,0
11836,0.88391,0
11837,10.98614,0
11838,1.762451,0
11839,0.439478,0
11840,2.790801,1
11841,0.196353,0
11842,0.232478,0
11843,10.751331,0
11844,9.37428,0
11845,11.558889,0
11846,9.911083,0
11847,10.466983,1
11848,1.781504,0
11849,1.802888,1
11850,0.108949,0
11851,0.589821,0
11852,0.808967,0
11853,9.924276,0
11854,9.876513,0
11855,9.776237,0
11856,0.291138,1
11857,0.194959,1
11858,9.196613,0
11859,2.777535,1
11860,9.714568,0
11861,2.559847,0
11862,2.254838,1
11863,0.26441,1
11864,9.927481,1
11865,0.146123,1
11866,9.813417,0
11867,1.719851,0
11868,0.236766,1
11869,0.897575,1
11870,9.738261,0
11871,0.262964,1
11872,8.856243,0
11873,9.021127,0
11874,2.222251,0
11875,1.769288,1
11876,4.432549,1
11877,2.196414,0
11878,9.860816,1
11879,0.588037,1
11880,1.78431,1
11881,3.382379,1
11882,10.115955,0
11883,0.641757,0
11884,10.721813,0
11885,0.587485,0
11886,9.608431,0
11887,9.869239,0
11888,0.111183,0
11889,10.010484,0
11890,1.251419,1
11891,9.606429,0
11892,10.426808,0
11893,0.075494,1
11894,4.793445,1
11895,10.354115,0
11896,8.935001,1
11897,2.691198,1
11898,3.078253,1
11899,1.225019,1
11900,0.159077,0
11901,0.17995,0
11902,11.061019,0
11903,2.661635,1
11904,9.799712,0
11905,0.159751,1
11906,0.123386,1
11907,2.215304,0
11908,9.341192,1
11909,10.004782,0
11910,2.121281,1
11911,1.289024,1
11912,0.965398,1
11913,0.150938,1
11914,1.165653,1
11915,2.710641,0
11916,9.843539,0
11917,10.53029,1
11918,2.353099,0
11919,0.18219,0
11920,2.027849,1
11921,2.204499,1
11922,9.467532,0
11923,10.652267,0
11924,0.093253,0
11925,8.402173,0
11926,0.234178,0
11927,0.1706,0
11928,9.911259,0
11929,10.847538,0
11930,0.274191,0
11931,0.122316,0
11932,10.971674,1
11933,1.157039,1
11934,0.162712,1
11935,10.08003,0
11936,8.787135,0
11937,8.69517,1
11938,0.984323,1
11939,0.588252,1
11940,10.436797,0
11941,0.138911,1
11942,0.111625,1
11943,0.451409,1
11944,0.391166,1
11945,9.687205,0
11946,9.845285,1
11947,0.54205,0
11948,1.57523,0
11949,10.461739,0
11950,0.961401,0
11951,10.062596,0
11952,9.742828,0
11953,1.097758,1
11954,1.847817,1
11955,0.234819,1
11956,9.952073,1
11957,1.320383,0
11958,2.474556,0
11959,0.27227,1
11960,0.178895,1
11961,0.231192,1
11962,0.066435,1
11963,0.526649,1
11964,1.542773,1
11965,10.790258,1
11966,0.15522,0
11967,1.866183,0
11968,9.118616,0
11969,9.033996,0
11970,0.374033,1
11971,8.16339,0
11972,10.696624,0
11973,0.300893,0
11974,2.003401,1
11975,1.738266,0
11976,8.679152,0
11977,4.541736,1
11978,10.754732,1
11979,0.219578,1
11980,9.136162,0
11981,8.919174,0
11982,9.611676,1
11983,9.502259,0
11984,10.90418,0
11985,10.569609,1
11986,0.268435,1
11987,9.506512,1
11988,0.295405,0
11989,0.471096,0
11990,0.0832,1
11991,10.13703,1
11992,2.282094,1
11993,10.156965,0
11994,2.481411,0
11995,0.569058,1
11996,0.255364,1
11997,0.126508,0
11998,0.285863,1
11999,0.156771,0
12000,0.054725,0
12001,0.273983,1
12002,1.539512,1
12003,0.083313,0
12004,0.424391,0
12005,9.49759,1
12006,0.109623,1
12007,9.842004,0
12008,0.122818,1
12009,0.184455,1
12010,8.830007,0
12011,0.114563,1
12012,2.06116,1
12013,9.904269,0
12014,2.182051,1
12015,0.180854,0
12016,9.333014,0
12017,0.19996,1
12018,0.586602,1
12019,0.046868,1
12020,1.280835,1
12021,0.059879,1
12022,9.014717,0
12023,10.355292,0
12024,10.035904,0
12025,3.508106,1
12026,0.247126,0
12027,9.185791,0
12028,9.950119,0
12029,10.385434,0
12030,0.14681,1
12031,1.755899,1
12032,0.085459,1
12033,9.96024,0
12034,10.300649,0
12035,2.143564,0
12036,4.583944,1
12037,2.971315,0
12038,9.398623,0
12039,1.886154,0
12040,3.122975,0
12041,0.04596,1
12042,1.304561,1
12043,10.692296,0
12044,0.05763,1
12045,1.013249,0
12046,0.239889,1
12047,9.913285,0
12048,10.342539,0
12049,0.304769,1
12050,9.308784,0
12051,0.050871,1
12052,0.085716,1
12053,0.100556,1
12054,3.599968,1
12055,7.251575,0
12056,0.983583,1
12057,9.911566,0
12058,0.316411,0
12059,9.24776,0
12060,9.995557,1
12061,10.228747,0
12062,8.984606,0
12063,11.312574,0
12064,0.108612,1
12065,3.968672,1
12066,9.468089,0
12067,9.841464,0
12068,10.215141,0
12069,0.943982,1
12070,9.647776,0
12071,1.721942,0
12072,0.122041,1
12073,0.75344,0
12074,10.543535,0
12075,0.188609,1
12076,0.14753,1
12077,0.240953,1
12078,9.904016,0
12079,9.232987,0
12080,0.55236,0
12081,9.263804,0
12082,1.611573,1
12083,9.57468,0
12084,9.665446,0
12085,9.267617,0
12086,0.172588,0
12087,0.319274,1
12088,0.216048,0
12089,10.228404,0
12090,1.346679,1
12091,9.935073,0
12092,2.17076,0
12093,2.799414,0
12094,8.113711,1
12095,1.122898,0
12096,0.50702,0
12097,1.960573,1
12098,9.723433,0
12099,1.268703,1
12100,11.233152,1
12101,0.411268,0
12102,0.153356,1
12103,3.391978,0
12104,3.433606,1
12105,0.13473,1
12106,3.280295,1
12107,8.728559,0
12108,0.097454,1
12109,9.154039,0
12110,2.267127,0
12111,0.82374,1
12112,0.164808,1
12113,0.063756,1
12114,8.622711,0
12115,10.721429,1
12116,1.342376,1
12117,0.159918,1
12118,0.169931,1
12119,0.245079,1
12120,0.458274,1
12121,9.387305,0
12122,0.184321,1
12123,0.514242,1
12124,9.814586,1
12125,0.41718,0
12126,10.439325,0
12127,0.100842,1
12128,10.405082,1
12129,9.958048,0
12130,9.701882,0
12131,2.014354,0
12132,1.854109,1
12133,9.449363,0
12134,0.646472,1
12135,0.130884,1
12136,9.578885,0
12137,8.522641,0
12138,1.938981,0
12139,0.497801,0
12140,9.624828,0
12141,0.255366,1
12142,10.028994,0
12143,0.470293,1
12144,8.547938,0
12145,9.679475,1
12146,2.340969,0
12147,0.147349,1
12148,0.095919,1
12149,0.722082,1
12150,0.157182,0
12151,9.14339,1
12152,10.877362,0
12153,1.125899,0
12154,2.480501,0
12155,1.823044,0
12156,0.65594,1
12157,1.918935,1
12158,9.082763,0
12159,0.104104,1
12160,0.260003,1
12161,0.780294,0
12162,3.44489,1
12163,10.483717,0
12164,0.100554,1
12165,0.314402,1
12166,2.609792,0
12167,10.229952,0
12168,0.283309,0
12169,9.647491,0
12170,0.138481,1
12171,0.991212,1
12172,8.692124,1
12173,9.089904,0
12174,9.897977,1
12175,0.198019,1
12176,0.313924,0
12177,8.754463,1
12178,1.047547,1
12179,0.159991,1
12180,0.156138,0
12181,10.22398,0
12182,3.344187,0
12183,9.737787,0
12184,1.602525,0
12185,9.646736,0
12186,2.35034,1
12187,9.842744,0
12188,0.525881,1
12189,10.440374,0
12190,9.866476,0
12191,10.208385,0
12192,10.291553,0
12193,0.169103,0
12194,0.171595,0
12195,0.259094,0
12196,9.995488,1
12197,0.06943,1
12198,0.088644,1
12199,0.109933,1
12200,2.599368,0
12201,10.075122,0
12202,4.637984,1
12203,0.315908,0
12204,0.346549,1
12205,0.296812,1
12206,0.310929,1
12207,9.903152,0
12208,0.274015,1
12209,10.395921,1
12210,0.741645,0
12211,1.02069,1
12212,8.927749,0
12213,0.169043,1
12214,9.892395,0
12215,0.219335,1
12216,10.212735,1
12217,9.608377,0
12218,0.497869,1
12219,3.03898,1
12220,3.999279,1
12221,10.075441,0
12222,8.277505,0
12223,0.231526,0
12224,10.02283,0
12225,0.154122,1
12226,0.616273,0
12227,0.153478,0
12228,7.741754,0
12229,1.13682,1
12230,0.211238,1
12231,10.122549,1
12232,8.811222,0
12233,9.610823,0
12234,9.37211,0
12235,0.621583,0
12236,9.596454,1
12237,9.384019,0
12238,0.265886,1
12239,9.47052,0
12240,9.627983,0
12241,8.650674,0
12242,0.686491,0
12243,0.160482,0
12244,0.125917,1
12245,3.456853,1
12246,0.139369,1
12247,0.166622,1
12248,0.672982,0
12249,10.070216,0
12250,0.212702,0
12251,0.108846,1
12252,0.062785,1
12253,0.338377,0
12254,0.369139,0
12255,0.509136,1
12256,1.447362,0
12257,8.339853,1
12258,0.351338,1
12259,0.147844,0
12260,10.095995,0
12261,1.680965,1
12262,10.378799,0
12263,0.595234,0
12264,9.84968,0
12265,1.602436,1
12266,0.304811,0
12267,3.456265,1
12268,2.887166,1
12269,10.516544,0
12270,0.920411,0
12271,9.101696,0
12272,8.965837,0
12273,3.799294,1
12274,0.220618,1
12275,8.720359,0
12276,0.171961,1
12277,0.23393,0
12278,0.214413,0
12279,2.36833,0
12280,3.238611,1
12281,8.70898,1
12282,8.062764,1
12283,0.107806,1
12284,10.596865,1
12285,0.098935,1
12286,9.211239,0
12287,9.313706,1
12288,11.381914,0
12289,0.111235,1
12290,9.319987,0
12291,0.092433,1
12292,10.304219,0
12293,0.133392,1
12294,0.08403,1
12295,2.559788,1
12296,9.355602,0
12297,2.800981,1
12298,10.14497,1
12299,10.642817,0
12300,9.333875,1
12301,8.639683,0
12302,2.144773,0
12303,9.27064,0
12304,10.878878,1
12305,0.066057,1
12306,0.095266,0
12307,0.316605,0
12308,1.254872,0
12309,0.271875,1
12310,1.579708,0
12311,0.199658,1
12312,0.239517,1
12313,3.486243,1
12314,9.560781,1
12315,9.48089,0
12316,8.948134,1
12317,8.857723,0
12318,8.984853,0
12319,1.450469,1
12320,11.41497,0
12321,0.081441,0
12322,1.00648,1
12323,10.537794,0
12324,0.33639,1
12325,2.669066,1
12326,8.83507,1
12327,9.107759,0
12328,9.496123,1
12329,10.031709,0
12330,9.943279,0
12331,10.06083,0
12332,0.20722,1
12333,0.141164,1
12334,9.679304,0
12335,8.810729,0
12336,0.575471,1
12337,3.180179,1
12338,1.677764,0
12339,9.253547,0
12340,10.81753,1
12341,0.111839,1
12342,2.205465,1
12343,0.117362,1
12344,9.962399,1
12345,0.077745,1
12346,2.730427,0
12347,0.287396,1
12348,0.200472,0
12349,0.498339,1
12350,0.081179,1
12351,0.210541,1
12352,0.578216,0
12353,0.210999,1
12354,2.503214,1
12355,0.157012,1
12356,9.614361,1
12357,0.072662,1
12358,0.30994,1
12359,2.746951,1
12360,0.137605,0
12361,10.067353,0
12362,10.897781,0
12363,9.354785,0
12364,1.418546,1
12365,9.513057,1
12366,9.274501,1
12367,9.396022,1
12368,0.353164,0
12369,3.867735,1
12370,0.165193,1
12371,8.574121,0
12372,8.02346,0
12373,0.672321,1
12374,9.19366,0
12375,0.069194,0
12376,0.120644,0
12377,9.587933,0
12378,8.748861,0
12379,10.427079,0
12380,0.091072,1
12381,11.07543,1
12382,10.520159,0
12383,2.109883,1
12384,0.277031,1
12385,0.79968,0
12386,0.283513,1
12387,1.787901,0
12388,8.938486,0
12389,0.075345,1
12390,0.158412,0
12391,0.672908,0
12392,0.234005,1
12393,0.446631,1
12394,1.148846,1
12395,2.251588,0
12396,0.28486,1
12397,0.057449,0
12398,0.736636,1
12399,10.316025,1
12400,1.051887,1
12401,0.08957,1
12402,1.141441,1
12403,2.72476,0
12404,8.575396,0
12405,10.867705,0
12406,9.34348,0
12407,0.07106,0
12408,0.691039,1
12409,0.132027,1
12410,3.086101,1
12411,1.549416,1
12412,0.413627,0
12413,10.367458,0
12414,0.330626,0
12415,0.487693,0
12416,9.246611,1
12417,9.879218,0
12418,0.664778,0
12419,0.189054,1
12420,8.497837,1
12421,2.537372,0
12422,8.386241,0
12423,10.155635,1
12424,0.776213,1
12425,9.113193,0
12426,3.250356,1
12427,0.058699,0
12428,0.12497,0
12429,0.212382,0
12430,2.997537,1
12431,2.966014,0
12432,9.290525,0
12433,0.343846,1
12434,2.653381,1
12435,9.742568,0
12436,0.386175,0
12437,0.133582,1
12438,9.73695,0
12439,8.402395,0
12440,0.580239,1
12441,1.925894,0
12442,10.213387,0
12443,2.283584,1
12444,8.914376,0
12445,0.145412,0
12446,10.41519,0
12447,2.505827,0
12448,1.745623,1
12449,0.265096,1
12450,4.097265,1
12451,10.617055,0
12452,10.34568,1
12453,0.319671,0
12454,0.782103,0
12455,0.118798,1
12456,9.922651,0
12457,0.430016,0
12458,0.078883,0
12459,11.303811,0
12460,1.922739,0
12461,10.028616,0
12462,0.090771,0
12463,3.078512,0
12464,9.665167,1
12465,8.433008,0
12466,9.86727,0
12467,9.481499,0
12468,9.205192,0
12469,0.805985,1
12470,3.457654,1
12471,0.10997,1
12472,10.515763,0
12473,10.073685,0
12474,1.036911,1
12475,0.908099,1
12476,11.1002,0
12477,1.752655,1
12478,9.029018,0
12479,7.853554,1
12480,0.647672,0
12481,10.345927,1
12482,1.007161,1
12483,10.044881,0
12484,11.095878,0
12485,0.135338,1
12486,9.590975,1
12487,0.192482,1
12488,0.691644,0
12489,0.501072,0
12490,8.979746,0
12491,0.064406,1
12492,9.363555,0
12493,0.075386,1
12494,0.974375,0
12495,0.274348,0
12496,3.049387,1
12497,0.819901,0
12498,0.452134,1
12499,0.8679,0
12500,2.58885,0
12501,2.903868,1
12502,2.075843,1
12503,9.779456,0
12504,1.395754,0
12505,0.176325,1
12506,8.777219,0
12507,0.071287,1
12508,9.104387,0
12509,9.805482,0
12510,2.482729,0
12511,10.24613,0
12512,10.103229,0
12513,10.501579,1
12514,10.452464,0
12515,0.104274,1
12516,0.399592,1
12517,1.820274,0
12518,10.87274,1
12519,9.58776,1
12520,0.434277,0
12521,2.683464,1
12522,10.859048,1
12523,0.380329,0
12524,10.197934,1
12525,1.90259,1
12526,0.563154,1
12527,10.392816,1
12528,9.364879,0
12529,0.266357,0
12530,2.380254,0
12531,10.444457,0
12532,2.681447,0
12533,0.080736,1
12534,1.148732,1
12535,9.959208,0
12536,0.265357,1
12537,0.280727,1
12538,0.047417,1
12539,0.357749,1
12540,0.217905,1
12541,8.873449,0
12542,1.441844,0
12543,0.876018,1
12544,9.206193,0
12545,0.213092,1
12546,4.88131,1
12547,0.218968,1
12548,11.274454,0
12549,10.604742,0
12550,1.729442,1
12551,1.215748,1
12552,0.310532,0
12553,2.127491,0
12554,0.053009,1
12555,0.178403,1
12556,1.735416,0
12557,0.215384,1
12558,0.147438,1
12559,9.574777,0
12560,0.445517,0
12561,9.159062,0
12562,10.260072,1
12563,1.610322,0
12564,1.233082,0
12565,5.073349,1
12566,0.078975,1
12567,11.073381,1
12568,9.921572,0
12569,2.788575,0
12570,9.654359,0
12571,0.152305,0
12572,0.537275,0
12573,0.339542,0
12574,2.66118,0
12575,0.080192,1
12576,0.36222,1
12577,8.681396,1
12578,10.972983,1
12579,0.19692,0
12580,3.37146,1
12581,0.075515,0
12582,10.487514,1
12583,0.529614,0
12584,1.065917,0
12585,0.321988,0
12586,0.193805,1
12587,1.235857,1
12588,10.015646,0
12589,0.258426,0
12590,11.074749,0
12591,10.746761,0
12592,1.370727,0
12593,10.51125,0
12594,0.249221,1
12595,0.126159,1
12596,10.807428,0
12597,1.209771,1
12598,10.530074,0
12599,9.795503,0
12600,9.058789,0
12601,3.381475,1
12602,9.814702,1
12603,9.18131,1
12604,10.508111,0
12605,10.745625,0
12606,9.584669,0
12607,0.517562,0
12608,1.159438,1
12609,0.277242,0
12610,0.139554,1
12611,9.910768,0
12612,8.198732,1
12613,9.288398,0
12614,0.208348,0
12615,9.846185,0
12616,0.281766,1
12617,0.69103,0
12618,2.60614,0
12619,0.55145,1
12620,0.561476,0
12621,0.050637,1
12622,3.461813,1
12623,3.451774,1
12624,0.505369,1
12625,8.986848,0
12626,0.366886,0
12627,0.079926,1
12628,0.203926,1
12629,0.097115,1
12630,9.057961,1
12631,9.456879,0
12632,0.37894,1
12633,10.298906,0
12634,9.365277,0
12635,2.141862,0
12636,0.156222,1
12637,8.134908,0
12638,0.281665,0
12639,0.103531,1
12640,0.481032,0
12641,9.718788,0
12642,10.015997,0
12643,2.426511,0
12644,9.645168,0
12645,0.314572,1
12646,0.345139,1
12647,0.097886,1
12648,10.153076,1
12649,10.20516,0
12650,0.881596,1
12651,11.084145,0
12652,1.665521,1
12653,0.230804,0
12654,3.122725,1
12655,0.226359,1
12656,0.105711,1
12657,0.568366,1
12658,0.596933,1
12659,9.757292,0
12660,0.275645,1
12661,2.54525,0
12662,8.95628,1
12663,0.065185,0
12664,1.048208,1
12665,10.906704,0
12666,0.26092,0
12667,9.004902,1
12668,10.157914,0
12669,10.315029,0
12670,2.546099,1
12671,11.079005,1
12672,0.134475,0
12673,10.036308,0
12674,4.692386,1
12675,2.628506,0
12676,9.250565,1
12677,1.350795,0
12678,0.435298,1
12679,1.288663,0
12680,1.937608,0
12681,9.672074,0
12682,1.205934,0
12683,2.379635,1
12684,8.940491,0
12685,9.996907,1
12686,9.178941,0
12687,9.79212,0
12688,9.88505,0
12689,1.501057,1
12690,10.759718,0
12691,0.526272,1
12692,0.138987,1
12693,1.768182,0
12694,0.743758,1
12695,0.201251,1
12696,8.81443,1
12697,9.21669,0
12698,0.141268,1
12699,0.189202,1
12700,9.974094,0
12701,0.498536,1
12702,2.203562,0
12703,3.534231,0
12704,0.788537,1
12705,9.546209,0
12706,9.217861,0
12707,0.060898,0
12708,0.191323,1
12709,9.285663,0
12710,10.525341,0
12711,8.581352,0
12712,9.632335,0
12713,10.213104,0
12714,0.208023,1
12715,0.12965,1
12716,0.70661,1
12717,8.776495,1
12718,0.907965,1
12719,0.134023,1
12720,0.356113,1
12721,8.552425,1
12722,9.433833,1
12723,10.136346,0
12724,0.769248,0
12725,9.576902,0
12726,9.939543,1
12727,8.628494,1
12728,0.057626,1
12729,7.866149,1
12730,10.407285,0
12731,0.088627,1
12732,9.852563,0
12733,0.109088,1
12734,9.38938,0
12735,10.476757,0
12736,8.198706,0
12737,0.085308,1
12738,9.365725,0
12739,10.391148,0
12740,9.01348,0
12741,0.591271,0
12742,1.796735,1
12743,1.93337,1
12744,8.521149,1
12745,10.563423,0
12746,0.162965,0
12747,10.239143,0
12748,0.100153,1
12749,9.807065,0
12750,0.882232,0
12751,0.115984,1
12752,2.333484,0
12753,0.088497,1
12754,2.741922,0
12755,9.537803,1
12756,9.790338,0
12757,3.289541,1
12758,0.534936,0
12759,9.367351,0
12760,0.074474,1
12761,0.097057,0
12762,0.153331,0
12763,9.364615,0
12764,0.217143,0
12765,2.553648,1
12766,1.780933,0
12767,3.906032,0
12768,9.868877,0
12769,0.075178,1
12770,3.72801,1
12771,10.992138,0
12772,1.744597,0
12773,10.252792,1
12774,0.167654,1
12775,9.800273,0
12776,1.303795,0
12777,10.149409,0
12778,0.137447,1
12779,10.380499,1
12780,3.454199,0
12781,10.268328,0
12782,2.686392,0
12783,2.657281,0
12784,0.27789,0
12785,0.752695,0
12786,8.626481,1
12787,1.934257,0
12788,2.279252,1
12789,0.152217,1
12790,10.473891,0
12791,9.643748,1
12792,0.447412,0
12793,2.117672,0
12794,10.42325,0
12795,0.322135,0
12796,11.044944,0
12797,0.101481,1
12798,2.202807,0
12799,8.843699,1
12800,0.135552,1
12801,9.15717,0
12802,2.219947,0
12803,0.789217,1
12804,9.357763,0
12805,9.768287,0
12806,9.69312,0
12807,0.34389,0
12808,0.936677,1
12809,0.419195,1
12810,0.920249,1
12811,10.397389,1
12812,9.438494,0
12813,0.343157,0
12814,0.247613,1
12815,0.233006,0
12816,9.635651,0
12817,9.641198,0
12818,10.126153,0
12819,10.074269,1
12820,0.053664,0
12821,10.965284,1
12822,1.145368,0
12823,0.184089,1
12824,9.759403,1
12825,9.207593,0
12826,10.031665,0
12827,0.424454,1
12828,0.172342,0
12829,2.658858,1
12830,9.6401,1
12831,10.816862,1
12832,10.000583,1
12833,0.153022,1
12834,10.349319,0
12835,9.594267,0
12836,9.135777,0
12837,1.999214,0
12838,1.481134,1
12839,0.109663,0
12840,0.427727,1
12841,10.079738,0
12842,10.211184,0
12843,9.677399,0
12844,9.424876,0
12845,10.833983,0
12846,0.524419,1
12847,8.746154,0
12848,10.327124,0
12849,1.883947,0
12850,8.162499,0
12851,0.9393,0
12852,10.432168,1
12853,9.589449,0
12854,2.281565,0
12855,0.307534,0
12856,0.217522,1
12857,7.446162,0
12858,11.007985,1
12859,9.587755,0
12860,8.579593,0
12861,1.818469,0
12862,9.956734,0
12863,0.161756,1
12864,8.775598,0
12865,8.166659,0
12866,0.067421,0
12867,0.060556,1
12868,0.674064,0
12869,10.51096,1
12870,0.328492,0
12871,9.707758,0
12872,0.45086,0
12873,10.912694,0
12874,0.052491,1
12875,0.078946,0
12876,9.626877,1
12877,9.333511,1
12878,0.060809,1
12879,0.136692,0
12880,10.052939,1
12881,2.498473,0
12882,0.196582,1
12883,0.339042,1
12884,0.082351,1
12885,2.358032,0
12886,0.301344,0
12887,1.968697,0
12888,0.05367,1
12889,0.434981,1
12890,0.215177,1
12891,10.173762,0
12892,9.476027,0
12893,0.228949,1
12894,0.571897,1
12895,2.778763,0
12896,9.473173,1
12897,0.53324,0
12898,0.613344,0
12899,3.744603,1
12900,9.362587,1
12901,2.37265,0
12902,1.145248,1
12903,4.398509,1
12904,0.722499,1
12905,0.090275,1
12906,0.119857,1
12907,0.909984,1
12908,0.233351,1
12909,0.675395,1
12910,0.218705,1
12911,9.605783,0
12912,9.894197,1
12913,2.323853,1
12914,10.07,0
12915,9.573216,1
12916,9.028721,0
12917,9.484512,1
12918,11.302283,1
12919,3.288747,0
12920,1.219787,1
12921,0.08189,0
12922,0.161108,1
12923,0.198346,1
12924,0.098545,1
12925,0.347541,0
12926,3.090599,1
12927,0.175604,0
12928,0.076026,1
12929,0.189464,0
12930,8.157867,0
12931,9.449353,1
12932,0.268781,1
12933,9.792061,0
12934,8.628799,0
12935,1.741914,1
12936,0.77207,1
12937,0.380385,1
12938,2.289732,1
12939,8.816359,0
12940,4.673691,0
12941,0.202437,0
12942,8.56881,0
12943,2.974151,1
12944,9.169622,0
12945,0.218733,1
12946,0.048485,0
12947,2.686624,1
12948,10.202081,0
12949,1.470327,1
12950,8.087369,1
12951,10.101001,0
12952,10.621665,0
12953,0.254012,1
12954,9.222397,0
12955,8.111493,0
12956,8.864303,0
12957,1.836393,1
12958,1.401162,1
12959,0.03743,1
12960,0.086757,1
12961,8.888867,1
12962,0.075719,1
12963,8.935038,0
12964,9.30805,0
12965,0.197359,0
12966,1.442364,1
12967,0.246542,0
12968,0.202144,0
12969,0.567851,0
12970,10.808603,0
12971,8.524213,0
12972,0.142034,0
12973,0.281051,1
12974,3.65343,1
12975,0.182944,1
12976,9.242977,0
12977,9.487052,0
12978,0.096104,1
12979,8.757179,0
12980,0.180678,0
12981,10.612768,1
12982,1.859661,0
12983,9.037028,0
12984,11.004843,0
12985,2.063782,1
12986,0.828008,0
12987,0.371413,0
12988,0.039531,1
12989,1.233471,0
12990,0.16553,1
12991,0.076895,1
12992,1.095467,0
12993,0.20674,1
12994,11.531707,0
12995,3.912575,1
12996,0.149039,0
12997,0.295832,1
12998,8.924137,0
12999,2.088992,1
13000,2.765541,0
13001,0.523659,0
13002,8.862415,1
13003,0.076768,1
13004,0.757394,1
13005,0.166495,1
13006,0.102049,1
13007,9.630429,0
13008,0.053028,0
13009,0.108625,0
13010,0.0833,0
13011,10.513523,0
13012,1.130784,1
13013,9.287469,0
13014,9.508849,0
13015,0.462283,0
13016,2.213499,1
13017,1.524363,0
13018,0.034129,1
13019,9.896086,1
13020,10.357715,0
13021,1.036832,1
13022,10.304488,0
13023,0.835225,1
13024,0.183464,1
13025,0.230441,1
13026,0.143195,0
13027,0.09799,1
13028,1.430293,0
13029,0.12217,0
13030,10.45289,0
13031,2.35859,0
13032,0.037566,1
13033,1.007486,1
13034,9.651903,0
13035,0.119144,0
13036,0.058666,1
13037,1.228839,1
13038,0.46387,1
13039,0.377853,1
13040,8.887556,0
13041,0.141061,1
13042,0.32742,0
13043,0.198862,1
13044,9.340242,0
13045,8.955383,1
13046,9.625458,0
13047,0.972686,1
13048,0.047455,0
13049,0.374609,1
13050,0.232532,1
13051,9.464578,1
13052,0.381593,0
13053,9.569966,0
13054,9.513824,0
13055,1.702821,1
13056,0.600505,1
13057,3.497725,0
13058,10.247043,0
13059,1.171949,1
13060,9.780418,0
13061,10.730615,0
13062,10.588619,0
13063,9.799806,1
13064,0.076351,1
13065,9.481344,1
13066,1.702121,0
13067,0.750843,1
13068,8.672338,0
13069,0.610378,1
13070,0.733633,1
13071,0.197563,0
13072,2.901355,0
13073,0.039667,0
13074,1.176855,1
13075,10.524334,1
13076,0.169399,1
13077,0.153131,1
13078,9.773895,0
13079,3.305395,1
13080,0.278889,1
13081,2.228662,0
13082,0.079455,0
13083,0.085195,1
13084,0.671295,1
13085,8.956642,1
13086,8.116798,0
13087,9.496211,0
13088,9.927594,1
13089,10.846597,1
13090,0.073086,1
13091,0.930366,0
13092,2.727652,0
13093,0.31863,1
13094,9.373837,1
13095,8.686179,0
13096,1.6811,1
13097,10.690727,0
13098,10.362244,0
13099,9.607944,1
13100,10.68036,0
13101,9.333121,0
13102,8.490721,0
13103,0.157464,0
13104,0.550654,1
13105,0.490244,0
13106,2.707163,1
13107,8.428426,0
13108,0.3606,1
13109,1.850037,0
13110,1.244096,1
13111,10.303537,0
13112,0.881914,0
13113,10.206979,0
13114,9.841574,0
13115,10.071012,0
13116,0.632246,1
13117,0.034644,0
13118,10.115117,0
13119,2.711577,0
13120,2.357327,0
13121,9.833845,1
13122,0.469255,1
13123,9.912033,0
13124,9.695564,0
13125,0.070104,0
13126,10.964773,0
13127,9.688783,0
13128,8.997966,0
13129,10.08708,0
13130,0.145798,1
13131,0.470376,0
13132,0.220264,0
13133,1.592984,0
13134,10.314708,1
13135,9.672404,1
13136,0.074599,1
13137,9.847762,0
13138,8.866169,0
13139,10.216773,1
13140,1.432038,1
13141,0.229015,0
13142,9.839986,0
13143,9.770638,0
13144,3.490537,0
13145,9.882439,1
13146,8.700217,0
13147,9.387467,0
13148,0.146564,1
13149,0.067159,1
13150,1.64533,1
13151,0.229476,1
13152,2.209389,1
13153,3.332695,0
13154,0.984833,1
13155,0.326663,0
13156,9.11542,0
13157,1.773513,1
13158,0.383458,1
13159,9.354529,0
13160,1.813595,0
13161,2.115995,0
13162,0.654085,1
13163,10.103834,0
13164,0.068867,1
13165,0.976221,0
13166,0.084193,1
13167,8.384377,0
13168,0.196301,1
13169,10.133235,1
13170,0.137671,1
13171,0.057443,1
13172,9.931798,0
13173,8.525477,0
13174,0.508945,0
13175,1.057598,0
13176,1.514733,0
13177,10.636466,1
13178,0.162763,1
13179,9.115388,1
13180,0.078824,1
13181,9.08295,0
13182,7.982805,0
13183,2.56902,1
13184,0.105,0
13185,10.281132,1
13186,2.181223,1
13187,10.804173,0
13188,1.907422,0
13189,0.200296,0
13190,10.470648,0
13191,9.724447,0
13192,10.00907,0
13193,0.161467,1
13194,0.218684,1
13195,0.527252,0
13196,0.399291,0
13197,0.136748,0
13198,0.596072,1
13199,0.756651,1
13200,10.780953,0
13201,0.20664,1
13202,0.140419,0
13203,0.045722,1
13204,9.756786,1
13205,11.601162,0
13206,8.609684,0
13207,2.417603,0
13208,1.700288,1
13209,1.2284,1
13210,0.791948,0
13211,0.396577,0
13212,2.600172,0
13213,8.723404,0
13214,3.133006,1
13215,1.230115,0
13216,10.866189,0
13217,10.416811,0
13218,9.698416,1
13219,0.114417,1
13220,0.0838,0
13221,0.502512,1
13222,9.384382,0
13223,0.507686,0
13224,1.493757,0
13225,0.366155,0
13226,0.091391,1
13227,0.075576,1
13228,9.16987,0
13229,0.088797,0
13230,10.230223,1
13231,0.93381,0
13232,10.345666,0
13233,9.823249,0
13234,9.488852,0
13235,9.323002,0
13236,2.875621,1
13237,0.2204,1
13238,0.367588,1
13239,2.372908,0
13240,0.129067,1
13241,1.927992,1
13242,1.207673,0
13243,2.344331,0
13244,10.945102,0
13245,0.498976,1
13246,10.566064,0
13247,8.966478,1
13248,10.292774,0
13249,3.821166,1
13250,0.959538,1
13251,0.074819,1
13252,0.214766,1
13253,9.304327,1
13254,2.889423,1
13255,10.456295,0
13256,0.154581,1
13257,1.735837,0
13258,9.279255,1
13259,0.052484,0
13260,9.711075,1
13261,9.629736,0
13262,0.274981,1
13263,9.818313,0
13264,9.853333,0
13265,0.764282,0
13266,0.126941,0
13267,0.130132,1
13268,1.451564,0
13269,9.614255,0
13270,0.235767,1
13271,0.109941,1
13272,1.520868,0
13273,8.933343,0
13274,8.626266,0
13275,0.774804,1
13276,9.508176,0
13277,2.432865,1
13278,0.793748,1
13279,2.632946,0
13280,10.561245,0
13281,9.544016,0
13282,8.880039,0
13283,1.554216,1
13284,9.740942,0
13285,8.774843,0
13286,2.80649,0
13287,0.30159,0
13288,0.528446,1
13289,0.242959,0
13290,2.914199,1
13291,10.19251,0
13292,0.130462,1
13293,9.947021,0
13294,11.452127,0
13295,0.239811,1
13296,0.396164,0
13297,0.250265,0
13298,0.142886,1
13299,0.964089,1
13300,9.697017,1
13301,11.29705,0
13302,0.122964,1
13303,0.093458,1
13304,10.815642,0
13305,0.164288,1
13306,10.551492,0
13307,8.754552,0
13308,9.890839,1
13309,9.660803,0
13310,8.226907,0
13311,0.231694,1
13312,10.160293,0
13313,0.261987,0
13314,10.069869,0
13315,0.361468,0
13316,0.182125,0
13317,1.086375,1
13318,10.269375,0
13319,8.780426,0
13320,0.292793,0
13321,9.205522,0
13322,1.020478,1
13323,0.262903,0
13324,0.594393,1
13325,9.844015,0
13326,1.0125,1
13327,10.259762,0
13328,2.366181,0
13329,0.0858,1
13330,0.145873,1
13331,9.884683,0
13332,0.228879,1
13333,0.584857,0
13334,2.376114,1
13335,9.816849,1
13336,0.133332,0
13337,10.130737,1
13338,8.4076,1
13339,1.368353,0
13340,10.205581,0
13341,9.678724,0
13342,11.352182,0
13343,0.207648,0
13344,10.996596,1
13345,9.294151,0
13346,2.274948,0
13347,0.334494,0
13348,1.639273,1
13349,0.150133,1
13350,1.232935,1
13351,0.520886,0
13352,8.381787,0
13353,0.121969,1
13354,0.164338,1
13355,10.471087,0
13356,9.644829,0
13357,2.062578,0
13358,3.102329,0
13359,0.108318,1
13360,9.568764,0
13361,0.144319,1
13362,0.853305,0
13363,0.104729,1
13364,0.139155,1
13365,3.572176,1
13366,10.309797,0
13367,0.168556,1
13368,1.404922,1
13369,10.898269,0
13370,10.274653,0
13371,0.169746,1
13372,1.726446,1
13373,0.212669,1
13374,0.055787,0
13375,9.261566,0
13376,0.623615,0
13377,2.399104,0
13378,0.06779,0
13379,0.116765,1
13380,9.05504,1
13381,4.025576,1
13382,2.750439,1
13383,0.300859,1
13384,2.473402,1
13385,0.296334,1
13386,0.097885,1
13387,9.252066,0
13388,0.078524,0
13389,0.219934,1
13390,2.048468,0
13391,10.143408,0
13392,1.19858,1
13393,0.27647,1
13394,9.891535,0
13395,10.607958,0
13396,2.118,0
13397,1.538806,1
13398,2.623337,1
13399,1.541677,0
13400,9.872746,0
13401,1.726864,0
13402,0.131566,1
13403,9.356357,0
13404,0.228426,0
13405,0.317832,0
13406,8.965864,1
13407,9.289149,0
13408,8.602955,1
13409,11.896201,0
13410,8.546237,0
13411,0.661123,0
13412,0.110797,1
13413,0.324083,1
13414,9.594939,1
13415,9.490173,0
13416,9.815377,0
13417,8.890729,0
13418,2.362723,0
13419,9.692351,0
13420,0.639005,0
13421,0.743714,0
13422,0.342811,0
13423,1.953407,1
13424,0.320308,1
13425,0.20922,0
13426,0.131682,1
13427,1.944928,1
13428,1.652967,1
13429,9.469943,0
13430,1.574967,1
13431,4.02838,0
13432,10.398496,0
13433,0.39028,1
13434,0.472895,1
13435,1.133179,1
13436,10.515641,0
13437,10.84851,0
13438,9.378086,1
13439,0.153896,1
13440,1.048203,0
13441,9.664813,0
13442,0.230727,1
13443,9.451949,1
13444,0.311136,1
13445,11.127134,1
13446,0.247036,0
13447,9.099302,1
13448,2.84051,0
13449,0.763025,1
13450,10.14516,0
13451,9.975517,0
13452,10.011194,1
13453,0.075798,1
13454,0.190749,1
13455,1.627669,0
13456,9.967833,0
13457,0.239766,0
13458,0.058703,1
13459,0.682274,0
13460,10.435878,0
13461,2.50421,1
13462,0.134497,1
13463,9.23962,0
13464,0.925512,0
13465,9.695446,0
13466,2.104561,1
13467,8.799274,0
13468,0.316531,1
13469,0.050186,1
13470,10.02739,0
13471,10.602567,0
13472,0.112315,1
13473,10.262266,1
13474,0.635882,0
13475,0.541197,1
13476,4.517211,1
13477,0.271812,1
13478,9.864932,0
13479,8.728615,1
13480,3.998164,1
13481,0.33908,0
13482,9.464842,0
13483,9.877597,0
13484,1.983289,1
13485,9.803316,0
13486,1.675814,1
13487,10.160965,1
13488,9.122873,0
13489,9.639672,0
13490,3.061369,0
13491,1.192281,1
13492,1.580824,0
13493,10.519526,0
13494,0.053013,0
13495,10.797932,1
13496,0.087253,1
13497,1.822484,1
13498,0.360062,1
13499,10.849883,0
13500,10.676034,0
13501,0.182219,1
13502,0.169729,0
13503,0.453277,0
13504,11.646985,0
13505,9.195004,1
13506,10.550235,0
13507,9.707029,0
13508,2.057577,1
13509,0.142905,1
13510,0.049602,1
13511,2.288985,0
13512,0.321792,1
13513,0.95917,1
13514,2.051376,0
13515,0.352683,1
13516,1.796035,0
13517,9.24289,0
13518,0.954759,1
13519,1.56728,1
13520,2.108145,0
13521,0.738398,1
13522,0.300878,0
13523,8.996636,0
13524,9.10379,0
13525,9.756654,1
13526,0.069986,1
13527,10.079888,0
13528,10.776122,0
13529,9.922654,0
13530,10.879152,0
13531,9.980041,0
13532,11.38819,0
13533,1.919888,1
13534,9.695912,0
13535,0.933084,1
13536,9.627241,0
13537,3.449519,1
13538,3.198445,1
13539,1.788022,1
13540,10.157446,1
13541,2.94206,0
13542,0.171942,0
13543,0.294547,1
13544,10.727767,0
13545,4.051243,1
13546,1.649801,0
13547,0.075735,1
13548,10.010473,0
13549,10.252283,0
13550,0.146322,0
13551,2.987551,1
13552,9.669749,0
13553,10.359303,1
13554,11.007193,0
13555,0.436548,0
13556,8.295762,1
13557,3.674135,0
13558,9.76129,0
13559,0.064079,1
13560,1.969084,1
13561,0.89388,1
13562,10.481657,0
13563,9.044893,0
13564,9.859131,0
13565,3.379397,1
13566,0.126959,1
13567,0.169638,0
13568,0.437854,0
13569,0.666132,0
13570,1.712627,1
13571,0.118347,0
13572,2.553401,1
13573,2.260858,1
13574,0.227559,1
13575,0.112683,0
13576,2.012787,0
13577,1.495938,1
13578,10.321462,0
13579,0.160309,1
13580,0.518291,0
13581,9.249243,0
13582,9.386207,0
13583,9.816471,0
13584,0.542862,0
13585,0.362711,1
13586,0.171535,1
13587,9.992842,0
13588,0.377785,0
13589,8.63309,1
13590,0.430913,1
13591,0.141939,1
13592,10.070181,1
13593,0.295655,0
13594,0.849536,1
13595,0.783859,1
13596,2.166141,0
13597,2.020659,1
13598,2.411288,1
13599,2.899871,0
13600,0.420233,1
13601,3.44059,1
13602,2.197854,1
13603,0.122614,0
13604,0.43255,1
13605,10.023038,0
13606,9.616498,0
13607,9.783389,0
13608,0.162745,1
13609,9.553054,0
13610,0.661309,1
13611,11.210714,1
13612,0.099284,0
13613,3.322586,1
13614,0.504506,1
13615,0.246312,1
13616,0.65503,1
13617,0.069641,1
13618,0.162962,1
13619,11.108033,0
13620,9.897038,1
13621,9.65291,0
13622,0.723271,1
13623,9.995573,0
13624,10.202049,1
13625,9.780577,1
13626,9.894786,1
13627,11.601604,1
13628,0.243591,1
13629,10.886465,0
13630,0.550189,0
13631,3.323899,0
13632,9.159642,0
13633,10.129942,1
13634,0.397738,0
13635,8.897414,0
13636,1.314194,1
13637,2.312587,1
13638,0.224646,0
13639,2.311863,1
13640,0.479788,0
13641,10.566872,0
13642,0.054473,1
13643,0.211209,0
13644,0.133099,1
13645,0.172071,1
13646,10.623622,1
13647,10.746743,0
13648,9.784868,0
13649,0.054877,0
13650,0.11268,1
13651,0.119403,1
13652,3.577737,0
13653,10.447145,0
13654,0.377199,0
13655,0.846919,1
13656,9.64699,0
13657,10.139435,0
13658,0.206037,0
13659,9.653334,0
13660,9.475459,0
13661,9.025118,0
13662,0.318098,0
13663,8.868685,1
13664,10.25201,0
13665,0.280618,0
13666,10.708694,1
13667,0.20144,1
13668,9.470364,0
13669,2.093351,0
13670,9.812914,1
13671,10.788967,0
13672,0.463471,0
13673,1.875392,0
13674,11.461126,1
13675,2.207811,0
13676,8.628865,0
13677,0.401316,1
13678,0.146538,1
13679,8.80705,0
13680,0.237112,1
13681,10.093694,0
13682,2.945548,0
13683,10.607996,1
13684,0.238238,0
13685,10.799615,1
13686,0.084372,1
13687,9.830133,0
13688,1.358872,1
13689,0.737421,1
13690,0.093503,1
13691,9.587495,1
13692,0.22305,1
13693,10.23335,0
13694,0.384666,0
13695,2.455161,1
13696,10.104623,0
13697,0.090687,1
13698,0.145507,1
13699,3.921332,1
13700,2.598834,0
13701,0.933201,0
13702,0.049109,0
13703,0.703413,1
13704,10.65423,0
13705,9.209566,0
13706,8.490234,0
13707,0.118693,1
13708,0.244686,1
13709,10.387424,1
13710,0.244798,0
13711,10.814445,1
13712,2.185426,0
13713,3.463145,1
13714,4.239007,1
13715,9.150112,0
13716,3.129303,1
13717,10.271223,0
13718,0.263078,1
13719,0.475074,1
13720,9.795162,0
13721,7.397651,0
13722,0.979325,1
13723,10.078818,0
13724,3.125792,1
13725,2.908509,0
13726,1.742588,0
13727,0.103321,1
13728,0.27759,1
13729,0.082829,1
13730,0.347388,0
13731,2.942888,1
13732,0.040496,0
13733,0.054915,1
13734,9.817312,1
13735,0.193889,1
13736,9.330091,0
13737,9.743059,0
13738,1.509169,1
13739,0.072643,1
13740,9.706862,1
13741,10.013743,1
13742,10.200351,1
13743,2.349996,1
13744,10.615765,0
13745,3.419549,1
13746,9.990971,0
13747,1.477285,1
13748,8.87775,0
13749,1.479921,1
13750,9.119569,0
13751,3.619266,1
13752,0.124635,0
13753,0.228917,1
13754,0.159071,1
13755,0.075166,1
13756,0.885274,1
13757,0.405668,1
13758,0.092076,1
13759,0.72462,1
13760,0.342662,1
13761,0.121149,0
13762,1.937398,1
13763,0.211789,1
13764,0.077021,1
13765,9.607284,0
13766,10.292351,0
13767,10.537694,1
13768,10.906879,1
13769,0.568807,1
13770,0.354875,1
13771,0.096898,1
13772,10.174863,0
13773,0.18772,1
13774,0.387887,1
13775,0.548899,1
13776,8.925107,0
13777,8.480031,0
13778,0.138006,0
13779,8.962687,0
13780,1.888781,0
13781,10.398108,1
13782,1.255778,0
13783,10.082008,0
13784,8.339075,0
13785,8.998224,1
13786,10.925591,0
13787,9.378793,1
13788,2.781262,1
13789,0.236405,1
13790,8.949937,1
13791,9.630859,0
13792,0.345937,1
13793,10.558716,0
13794,0.356803,1
13795,0.200693,0
13796,8.673944,0
13797,1.226079,0
13798,0.983113,1
13799,0.351621,1
13800,0.083099,0
13801,0.050339,1
13802,0.200589,0
13803,1.068319,1
13804,9.333212,0
13805,0.934108,1
13806,0.218932,0
13807,10.665454,0
13808,7.713286,0
13809,9.051119,0
13810,1.849028,1
13811,0.088547,1
13812,1.932523,0
13813,8.833738,0
13814,8.878144,0
13815,0.217871,0
13816,2.055265,1
13817,1.13084,1
13818,1.331508,1
13819,0.093103,1
13820,3.912427,1
13821,8.971233,0
13822,8.779924,1
13823,10.840621,0
13824,10.538847,0
13825,1.599834,1
13826,1.06535,0
13827,0.234265,0
13828,9.425139,1
13829,0.071411,1
13830,8.714041,1
13831,0.136335,1
13832,0.873304,0
13833,0.739642,0
13834,0.898929,0
13835,0.112283,1
13836,0.179017,1
13837,1.151798,1
13838,10.274837,0
13839,0.156891,1
13840,0.086979,1
13841,0.153611,1
13842,0.209277,1
13843,11.485391,0
13844,9.823204,0
13845,1.520664,1
13846,3.512872,1
13847,10.215652,0
13848,0.149664,1
13849,2.568995,1
13850,2.945923,0
13851,1.459626,1
13852,0.268379,1
13853,0.387114,1
13854,2.060833,1
13855,0.419219,1
13856,0.26369,1
13857,0.265453,1
13858,2.586357,0
13859,1.942428,0
13860,1.662804,1
13861,0.337324,0
13862,2.991848,1
13863,8.84174,0
13864,9.561575,1
13865,0.223574,1
13866,2.290838,0
13867,0.443739,1
13868,3.291218,1
13869,0.248862,1
13870,0.093959,1
13871,0.304195,0
13872,10.305408,0
13873,2.265576,0
13874,0.422379,1
13875,9.424006,1
13876,3.58974,1
13877,2.113407,0
13878,3.361258,1
13879,0.222413,1
13880,10.276354,0
13881,9.011584,1
13882,8.400024,0
13883,8.905409,0
13884,0.072709,0
13885,2.61018,1
13886,0.862752,0
13887,0.321356,0
13888,0.11139,0
13889,9.721666,0
13890,11.163089,0
13891,8.738288,0
13892,2.054556,1
13893,0.360349,0
13894,9.99321,0
13895,1.857416,0
13896,1.105513,1
13897,0.116397,1
13898,10.475379,0
13899,0.202131,1
13900,1.168668,1
13901,0.689464,1
13902,0.587796,0
13903,9.440387,1
13904,10.044025,1
13905,0.470933,0
13906,0.894318,1
13907,1.934494,1
13908,0.170447,1
13909,9.437472,0
13910,8.650964,0
13911,8.838974,0
13912,2.446569,0
13913,0.989389,1
13914,3.505686,1
13915,0.48352,0
13916,0.082489,0
13917,0.750962,0
13918,8.9815,0
13919,10.428777,1
13920,9.23623,0
13921,9.111179,1
13922,10.294445,0
13923,0.248772,0
13924,0.286168,0
13925,1.405835,1
13926,0.693099,1
13927,3.390719,1
13928,11.08864,0
13929,2.343514,1
13930,10.064898,0
13931,0.070643,0
13932,9.605984,1
13933,0.334855,0
13934,0.059777,1
13935,0.22842,0
13936,10.49347,1
13937,1.802588,1
13938,10.014479,1
13939,10.114479,1
13940,0.418098,0
13941,9.037669,0
13942,0.069796,1
13943,0.149601,1
13944,0.884245,1
13945,10.428127,0
13946,10.454864,1
13947,3.351598,1
13948,0.155857,1
13949,0.04786,1
13950,1.171562,0
13951,0.40871,1
13952,10.504973,0
13953,0.151803,0
13954,0.094457,0
13955,9.726145,0
13956,9.700908,0
13957,2.999426,1
13958,10.994121,0
13959,10.421106,0
13960,10.019608,0
13961,9.515258,0
13962,0.219086,0
13963,2.476421,0
13964,9.248949,0
13965,8.708858,1
13966,9.894863,1
13967,0.308517,0
13968,2.905098,1
13969,9.991246,0
13970,0.327008,0
13971,2.44851,1
13972,8.726052,1
13973,10.746262,0
13974,9.563636,0
13975,1.400263,1
13976,0.137723,1
13977,1.100921,0
13978,0.443335,0
13979,10.834706,0
13980,10.422575,1
13981,0.23039,0
13982,0.150822,1
13983,0.752532,0
13984,0.062006,1
13985,1.648069,0
13986,0.174774,0
13987,8.791321,0
13988,9.913616,0
13989,9.715327,0
13990,0.081635,1
13991,9.459158,0
13992,0.214555,1
13993,0.236281,0
13994,0.095176,1
13995,10.239301,1
13996,10.061823,1
13997,1.322064,1
13998,0.352095,1
13999,0.171096,1
14000,9.013072,0
14001,9.19416,0
14002,4.41412,1
14003,9.734722,0
14004,0.094149,1
14005,1.333428,0
14006,8.58673,0
14007,1.040718,0
14008,4.231601,1
14009,0.219517,1
14010,0.111484,0
14011,9.890552,0
14012,0.372639,0
14013,0.276203,0
14014,0.226726,1
14015,0.392669,1
14016,10.321471,0
14017,10.196259,0
14018,0.430788,0
14019,4.07373,1
14020,0.784237,0
14021,11.24624,0
14022,3.175368,1
14023,8.942897,0
14024,8.470881,0
14025,0.401427,1
14026,0.212675,1
14027,9.952142,0
14028,10.312247,0
14029,2.806289,1
14030,0.123434,1
14031,9.628367,1
14032,10.686736,0
14033,2.853823,0
14034,0.429404,0
14035,0.903445,1
14036,10.096091,1
14037,0.396742,0
14038,0.081021,1
14039,1.609542,0
14040,10.531517,1
14041,1.055668,1
14042,0.069615,1
14043,2.204209,0
14044,1.548824,1
14045,0.126431,1
14046,0.094209,0
14047,0.196947,1
14048,8.907187,1
14049,10.046305,0
14050,2.327473,0
14051,4.764085,1
14052,0.173324,1
14053,0.047581,1
14054,0.959996,1
14055,0.983359,0
14056,7.904715,0
14057,8.833429,0
14058,2.248309,1
14059,0.550584,0
14060,0.086695,1
14061,8.9618,0
14062,8.785153,1
14063,9.528029,0
14064,0.266159,0
14065,3.804352,1
14066,2.602789,1
14067,2.801978,0
14068,10.120296,1
14069,2.386779,0
14070,2.650491,0
14071,1.142649,1
14072,2.400849,0
14073,1.718122,0
14074,0.144961,1
14075,0.947411,0
14076,0.326938,0
14077,0.246951,1
14078,0.22732,1
14079,2.06159,0
14080,0.046494,0
14081,2.089326,0
14082,10.455812,1
14083,0.540741,0
14084,0.32416,0
14085,4.669814,1
14086,2.063088,0
14087,10.249387,1
14088,0.147165,0
14089,10.650694,0
14090,9.480695,0
14091,0.136087,0
14092,0.699902,0
14093,10.56282,0
14094,0.118419,1
14095,0.185977,1
14096,10.114274,0
14097,2.126355,0
14098,9.650519,1
14099,0.491204,1
14100,0.347787,0
14101,0.11969,0
14102,9.207148,1
14103,9.93731,1
14104,0.076777,1
14105,0.069533,1
14106,8.343884,0
14107,10.174438,0
14108,7.95112,0
14109,2.029179,1
14110,10.04009,0
14111,0.673197,1
14112,9.987213,0
14113,9.127002,1
14114,2.995751,1
14115,9.313293,0
14116,2.100404,0
14117,3.477631,1
14118,9.383924,0
14119,9.067384,1
14120,9.988042,0
14121,8.418173,0
14122,0.280875,0
14123,0.477995,1
14124,9.929791,0
14125,0.962699,1
14126,8.697289,1
14127,0.70489,1
14128,10.908713,1
14129,0.415247,0
14130,10.079027,0
14131,2.645082,1
14132,0.565175,1
14133,0.592694,0
14134,0.433487,1
14135,10.009527,0
14136,1.630853,0
14137,2.658088,0
14138,9.09338,1
14139,0.198373,1
14140,0.078329,0
14141,9.0019,1
14142,10.035356,0
14143,9.506728,0
14144,3.04779,1
14145,9.474484,0
14146,1.064794,0
14147,0.14131,1
14148,1.106791,1
14149,2.587835,0
14150,0.214827,1
14151,8.663487,0
14152,1.937018,0
14153,2.265594,1
14154,0.307548,1
14155,9.971219,0
14156,0.244719,1
14157,0.213256,1
14158,0.073991,1
14159,10.048911,1
14160,0.655319,1
14161,1.030423,1
14162,9.691298,0
14163,0.403055,0
14164,8.690622,0
14165,0.547958,0
14166,9.915514,0
14167,0.188136,1
14168,3.328466,1
14169,10.441344,1
14170,10.129156,0
14171,0.042149,0
14172,0.147937,1
14173,3.242472,1
14174,0.718049,1
14175,3.0645,0
14176,0.564784,0
14177,0.196894,1
14178,1.171652,1
14179,1.63433,1
14180,2.325011,0
14181,0.281914,1
14182,10.021648,1
14183,9.328732,1
14184,9.20801,1
14185,2.120302,0
14186,0.073519,1
14187,0.32758,1
14188,0.28659,0
14189,10.737832,0
14190,9.82389,0
14191,0.098889,0
14192,10.218526,0
14193,8.502767,1
14194,0.3466,1
14195,9.98291,1
14196,1.512948,1
14197,8.603282,1
14198,9.731014,0
14199,9.519779,0
14200,0.831079,0
14201,0.57023,1
14202,1.338509,0
14203,8.566839,1
14204,0.612317,0
14205,0.228551,1
14206,0.547334,0
14207,0.106457,0
14208,9.939894,0
14209,7.860184,0
14210,0.052016,1
14211,1.784471,0
14212,3.872341,1
14213,10.240103,0
14214,10.687672,0
14215,0.195022,1
14216,9.90194,0
14217,10.435711,1
14218,1.668,0
14219,10.561193,1
14220,8.518826,0
14221,10.961464,0
14222,10.415259,0
14223,0.422528,1
14224,0.615523,1
14225,9.962803,0
14226,2.673577,0
14227,9.746636,0
14228,10.315741,0
14229,9.533196,1
14230,0.674654,0
14231,10.294162,1
14232,8.524683,1
14233,1.173847,1
14234,2.177865,0
14235,2.565497,1
14236,0.604065,0
14237,9.568808,1
14238,1.483934,1
14239,0.339518,1
14240,1.62082,1
14241,2.904052,1
14242,1.305775,1
14243,9.730284,0
14244,2.501746,1
14245,10.808479,0
14246,0.085524,1
14247,10.597359,1
14248,10.570657,0
14249,1.160895,0
14250,9.188228,1
14251,2.843102,0
14252,9.546864,0
14253,2.37082,0
14254,0.201639,1
14255,10.790956,1
14256,1.673537,1
14257,0.168029,1
14258,0.920723,0
14259,0.131988,1
14260,0.363973,0
14261,9.432778,0
14262,10.872208,0
14263,0.045577,1
14264,0.09276,0
14265,10.101007,0
14266,10.116725,0
14267,2.836978,1
14268,9.121748,0
14269,0.937823,1
14270,0.121435,1
14271,8.610044,0
14272,0.3325,0
14273,0.15389,1
14274,8.153868,0
14275,0.680665,1
14276,9.373366,0
14277,9.65111,0
14278,11.014051,0
14279,1.893025,1
14280,1.27809,0
14281,0.073111,1
14282,2.001764,0
14283,0.102044,1
14284,9.274486,0
14285,10.249185,0
14286,1.084292,1
14287,9.465846,0
14288,9.598939,0
14289,10.251664,0
14290,10.21603,0
14291,10.887869,0
14292,10.093445,0
14293,0.56942,1
14294,8.737059,1
14295,0.150938,1
14296,10.023352,0
14297,10.682891,0
14298,1.231102,1
14299,2.728665,0
14300,10.263906,0
14301,0.121288,1
14302,0.542639,1
14303,3.332039,0
14304,0.069391,1
14305,0.236158,0
14306,0.355664,0
14307,0.996154,0
14308,0.524948,1
14309,0.06773,0
14310,9.715322,0
14311,0.054563,1
14312,9.905977,0
14313,0.419343,1
14314,9.460996,1
14315,0.166729,1
14316,3.960831,1
14317,0.122935,1
14318,0.11177,1
14319,1.198276,1
14320,0.173402,0
14321,0.461911,1
14322,2.38595,1
14323,0.201898,1
14324,9.153082,0
14325,0.822423,1
14326,0.670518,0
14327,0.160774,0
14328,0.126888,1
14329,9.78385,0
14330,10.393452,0
14331,0.119763,1
14332,10.53304,0
14333,0.959626,0
14334,0.101288,1
14335,9.022388,0
14336,9.677917,0
14337,1.676048,0
14338,0.280609,0
14339,9.426699,0
14340,0.297781,0
14341,0.114649,1
14342,3.082107,1
14343,0.828305,1
14344,10.886648,1
14345,0.181531,1
14346,10.026958,0
14347,9.075443,0
14348,8.433494,0
14349,0.070384,0
14350,2.866701,0
14351,9.597751,0
14352,0.773419,1
14353,8.726028,0
14354,0.11986,0
14355,0.073236,1
14356,8.800153,0
14357,0.169564,0
14358,0.673677,0
14359,0.326672,0
14360,9.605693,1
14361,9.026731,0
14362,10.046903,0
14363,5.066558,1
14364,9.98845,0
14365,2.371001,0
14366,2.412835,1
14367,9.519666,1
14368,1.818624,0
14369,0.339715,1
14370,2.949641,1
14371,10.312079,1
14372,9.524852,1
14373,0.066697,1
14374,10.223812,0
14375,0.866475,1
14376,0.328381,0
14377,0.071247,0
14378,2.829315,1
14379,0.543589,0
14380,0.409704,1
14381,2.989485,0
14382,0.111564,1
14383,0.227662,1
14384,11.74741,0
14385,0.058488,1
14386,0.429348,1
14387,0.312528,0
14388,1.10354,1
14389,0.063275,1
14390,1.420289,1
14391,0.376966,1
14392,9.920301,0
14393,1.024347,0
14394,9.899898,0
14395,9.859565,1
14396,0.148294,1
14397,0.317577,1
14398,9.444966,0
14399,0.411339,1
14400,0.052606,0
14401,1.413345,0
14402,3.228059,1
14403,0.478845,0
14404,0.3538,0
14405,10.660743,0
14406,1.572903,0
14407,0.744985,0
14408,1.971532,1
14409,0.322327,0
14410,10.199743,1
14411,0.084984,0
14412,8.82587,1
14413,0.227589,1
14414,0.178805,0
14415,0.221116,0
14416,0.244081,0
14417,0.341859,1
14418,10.290752,1
14419,0.04744,1
14420,9.411262,0
14421,8.543397,1
14422,9.70973,0
14423,10.275202,0
14424,1.976931,1
14425,8.926097,0
14426,2.629239,0
14427,2.492259,0
14428,9.130495,0
14429,0.619825,0
14430,0.159789,0
14431,10.63558,0
14432,1.139289,0
14433,2.777432,1
14434,0.798406,1
14435,9.085282,0
14436,0.512024,1
14437,2.136471,0
14438,0.116028,1
14439,0.260454,1
14440,0.888872,0
14441,0.061881,1
14442,3.084598,0
14443,0.157643,0
14444,10.225003,0
14445,0.468032,0
14446,9.472484,0
14447,0.087676,1
14448,0.096125,0
14449,0.5375,1
14450,0.665479,1
14451,0.335276,0
14452,9.841526,0
14453,0.129845,1
14454,9.894706,0
14455,0.449681,0
14456,1.144038,1
14457,9.848489,0
14458,3.845654,1
14459,0.764169,1
14460,0.278812,1
14461,1.666941,1
14462,2.18512,1
14463,0.795285,1
14464,9.825,1
14465,9.969369,0
14466,4.405734,0
14467,1.466705,1
14468,0.396882,1
14469,0.5215,0
14470,0.050851,1
14471,10.183769,0
14472,9.741042,1
14473,3.038473,0
14474,0.093625,1
14475,10.787959,1
14476,9.556777,1
14477,0.061493,1
14478,11.024939,1
14479,10.63314,0
14480,10.340952,0
14481,8.920322,0
14482,9.683434,1
14483,8.531877,0
14484,9.606984,0
14485,9.961535,0
14486,0.233542,1
14487,9.514339,0
14488,0.249899,1
14489,10.401274,1
14490,0.195221,1
14491,2.348936,1
14492,8.789256,0
14493,9.489453,1
14494,1.261207,0
14495,10.770439,0
14496,2.052926,0
14497,1.7647,0
14498,9.057955,1
14499,1.682797,1
14500,1.542894,0
14501,10.111113,1
14502,1.858043,1
14503,9.133682,0
14504,0.584621,1
14505,8.992623,0
14506,0.189685,1
14507,2.44609,0
14508,9.219995,1
14509,0.27709,0
14510,0.53211,0
14511,0.439433,0
14512,8.867682,1
14513,2.096723,0
14514,1.112956,1
14515,0.185951,0
14516,0.122366,1
14517,0.109188,1
14518,0.056367,1
14519,2.045192,0
14520,0.091873,1
14521,10.864974,0
14522,0.828353,1
14523,0.471793,0
14524,0.483749,1
14525,9.363586,0
14526,1.041173,0
14527,0.785284,1
14528,0.409867,1
14529,9.702108,0
14530,0.056108,0
14531,9.245187,0
14532,2.830195,1
14533,2.587481,1
14534,0.131516,1
14535,9.317245,0
14536,0.077384,0
14537,9.201823,0
14538,0.195738,0
14539,1.206239,0
14540,1.978441,0
14541,10.159558,0
14542,3.130965,0
14543,9.954605,0
14544,2.700603,1
14545,8.925467,0
14546,0.760805,0
14547,2.191768,1
14548,0.262023,1
14549,1.497223,1
14550,9.72333,0
14551,9.08796,0
14552,0.359837,1
14553,8.378697,0
14554,10.415442,0
14555,0.196879,0
14556,0.534337,1
14557,0.301716,0
14558,0.062159,1
14559,0.192759,0
14560,0.3935,1
14561,0.577998,0
14562,1.856795,0
14563,10.224352,0
14564,10.184139,0
14565,9.921018,1
14566,0.288734,1
14567,8.679055,1
14568,1.501958,0
14569,9.204199,1
14570,1.966514,0
14571,0.380466,0
14572,0.129932,0
14573,0.396394,0
14574,8.628412,1
14575,0.138558,1
14576,1.942558,0
14577,0.111732,1
14578,0.080899,0
14579,0.098044,1
14580,9.642786,0
14581,9.853815,1
14582,0.488037,1
14583,0.257507,1
14584,1.678712,0
14585,0.196996,1
14586,1.030284,1
14587,11.116722,0
14588,9.899008,1
14589,1.555418,0
14590,10.282909,0
14591,9.321976,0
14592,0.573328,0
14593,0.135737,1
14594,0.19892,1
14595,10.837423,1
14596,9.921438,0
14597,0.170972,0
14598,9.414984,0
14599,0.806419,0
14600,8.717449,0
14601,0.375243,0
14602,10.279269,0
14603,8.895009,0
14604,8.541183,0
14605,10.041441,0
14606,0.898493,1
14607,10.545774,0
14608,0.37448,1
14609,10.363104,0
14610,8.975882,0
14611,10.585634,0
14612,0.068574,0
14613,0.252086,0
14614,0.194066,0
14615,0.406193,0
14616,0.836408,0
14617,9.59915,0
14618,9.878076,1
14619,2.801179,1
14620,0.283992,1
14621,0.756431,0
14622,0.862807,1
14623,9.799452,0
14624,9.287438,0
14625,3.461551,1
14626,10.893514,0
14627,0.088992,1
14628,8.974042,1
14629,9.212954,0
14630,0.475428,0
14631,9.772188,1
14632,8.516959,0
14633,10.554287,0
14634,11.548385,1
14635,9.89294,1
14636,1.158611,0
14637,8.763914,1
14638,2.33546,0
14639,1.770544,0
14640,10.748024,0
14641,9.343541,0
14642,4.347494,1
14643,9.619562,1
14644,0.620984,0
14645,0.215526,1
14646,0.24985,0
14647,0.603287,0
14648,8.777898,0
14649,2.250832,0
14650,11.263029,1
14651,10.762294,1
14652,0.506979,0
14653,9.010177,0
14654,10.605427,1
14655,0.200328,1
14656,0.259177,1
14657,0.176102,1
14658,0.965456,1
14659,0.384388,0
14660,0.460683,0
14661,0.250732,1
14662,10.02292,0
14663,8.977066,0
14664,9.037934,1
14665,0.113975,1
14666,9.35008,1
14667,10.358268,1
14668,9.563058,0
14669,0.89972,1
14670,9.04152,0
14671,0.225077,1
14672,1.618887,0
14673,9.732376,0
14674,9.047411,1
14675,9.11262,0
14676,2.355955,0
14677,0.052219,1
14678,2.037581,1
14679,0.320817,0
14680,0.435811,1
14681,9.211926,0
14682,2.045524,1
14683,0.052332,1
14684,0.216296,1
14685,8.568294,1
14686,0.835146,1
14687,0.234289,0
14688,10.210022,0
14689,0.200246,1
14690,0.179377,1
14691,0.038622,1
14692,0.127426,1
14693,0.305354,1
14694,9.625144,0
14695,0.152856,0
14696,8.895464,0
14697,8.88627,0
14698,8.962098,0
14699,1.267029,1
14700,2.616376,1
14701,0.297611,0
14702,11.400382,0
14703,9.998374,1
14704,2.132999,1
14705,1.924266,1
14706,10.658324,0
14707,2.32353,0
14708,0.202071,1
14709,10.310266,0
14710,0.481827,0
14711,0.070097,1
14712,9.124587,1
14713,9.521776,0
14714,9.864038,0
14715,9.770394,1
14716,1.653172,1
14717,0.093046,0
14718,0.171441,0
14719,0.158904,1
14720,9.267336,0
14721,2.405869,1
14722,2.19559,0
14723,2.272555,0
14724,0.357613,1
14725,10.092497,0
14726,9.458284,0
14727,2.578441,0
14728,0.661563,1
14729,0.106994,1
14730,1.092499,1
14731,0.562852,1
14732,1.129159,1
14733,0.107682,1
14734,9.400379,0
14735,9.765568,0
14736,0.15986,1
14737,0.276479,1
14738,9.575771,0
14739,0.595419,0
14740,9.875752,1
14741,9.496427,0
14742,9.016564,0
14743,9.501117,1
14744,2.518492,0
14745,9.160706,0
14746,10.659636,0
14747,2.402928,0
14748,0.034111,1
14749,11.395286,1
14750,9.325493,1
14751,10.232484,0
14752,1.197369,1
14753,0.730676,1
14754,1.60544,0
14755,10.498475,1
14756,0.278391,0
14757,3.464043,1
14758,9.291027,1
14759,0.063777,1
14760,10.081613,0
14761,10.643695,0
14762,2.31709,0
14763,0.111724,1
14764,0.101639,1
14765,0.271681,0
14766,0.295008,0
14767,0.829193,1
14768,9.893395,0
14769,2.32669,0
14770,10.871058,1
14771,1.691894,0
14772,2.922086,1
14773,1.190977,0
14774,9.023735,0
14775,0.089049,1
14776,1.149853,0
14777,0.106455,1
14778,10.718717,1
14779,0.151219,0
14780,0.068823,1
14781,0.136139,1
14782,0.141146,0
14783,0.175069,0
14784,9.573565,0
14785,0.149157,0
14786,0.513498,1
14787,0.483352,1
14788,0.059483,1
14789,9.934565,0
14790,0.091356,1
14791,2.423884,1
14792,0.740412,0
14793,0.454569,0
14794,10.759544,0
14795,9.501281,1
14796,0.446375,0
14797,0.189546,1
14798,9.060126,0
14799,0.464542,1
14800,0.113839,1
14801,10.056467,0
14802,0.380009,1
14803,9.52345,1
14804,9.480348,0
14805,10.471229,1
14806,5.398823,1
14807,8.934954,0
14808,1.00424,0
14809,2.080262,0
14810,0.123838,1
14811,9.240347,0
14812,1.973408,1
14813,2.600128,1
14814,0.146427,1
14815,7.97964,1
14816,2.212699,0
14817,0.294797,1
14818,0.173794,0
14819,2.133099,0
14820,9.162389,0
14821,0.071505,1
14822,9.687724,0
14823,0.152612,0
14824,9.69564,0
14825,1.503535,1
14826,2.076023,0
14827,9.614058,0
14828,3.213516,1
14829,9.246011,1
14830,10.184467,0
14831,0.13755,1
14832,0.378087,1
14833,2.183204,1
14834,1.19067,0
14835,9.830021,0
14836,1.944598,1
14837,10.456345,1
14838,8.851281,0
14839,0.255734,1
14840,0.144366,1
14841,0.741686,1
14842,0.512628,0
14843,8.759501,0
14844,3.565568,1
14845,0.12382,0
14846,9.001753,0
14847,0.285947,0
14848,10.977153,1
14849,2.647342,1
14850,0.30138,0
14851,10.113556,0
14852,9.670532,1
14853,0.15627,0
14854,9.272334,1
14855,10.485108,1
14856,0.286879,1
14857,9.223247,0
14858,0.17432,1
14859,10.079673,0
14860,0.248623,1
14861,10.36676,0
14862,2.685478,1
14863,11.183265,0
14864,0.31124,1
14865,1.619761,1
14866,0.667483,0
14867,0.590887,0
14868,0.175115,1
14869,0.104453,1
14870,9.916247,0
14871,0.095829,1
14872,2.874238,0
14873,0.087742,1
14874,0.080423,1
14875,10.439169,0
14876,0.446964,0
14877,10.580568,0
14878,0.083745,1
14879,9.727439,0
14880,1.017659,0
14881,9.581167,0
14882,9.05749,0
14883,0.327235,1
14884,0.222955,0
14885,9.336767,0
14886,1.858592,0
14887,1.625089,1
14888,8.404914,0
14889,0.405294,1
14890,0.32982,1
14891,8.412393,0
14892,0.065387,1
14893,0.205059,0
14894,0.060139,1
14895,4.157364,1
14896,10.195496,0
14897,0.085953,1
14898,1.116026,1
14899,2.585638,1
14900,9.329274,1
14901,9.227794,0
14902,0.158143,1
14903,0.122651,0
14904,0.873155,1
14905,1.106514,0
14906,0.234409,1
14907,10.324119,0
14908,4.917732,0
14909,2.932646,1
14910,0.88127,1
14911,2.649916,0
14912,10.601708,0
14913,0.320658,1
14914,2.778091,0
14915,9.371218,0
14916,0.084285,0
14917,0.044409,1
14918,8.963872,0
14919,11.3688,1
14920,10.7818,0
14921,0.643577,1
14922,0.108765,1
14923,8.761642,0
14924,1.17963,1
14925,0.431922,0
14926,8.901461,0
14927,0.407449,1
14928,9.693639,0
14929,0.234626,1
14930,9.729495,0
14931,1.192652,1
14932,0.110015,1
14933,9.121283,0
14934,0.079492,1
14935,0.795719,1
14936,10.839364,1
14937,0.100403,1
14938,0.491392,1
14939,0.048359,1
14940,10.469052,0
14941,9.537469,0
14942,1.935317,1
14943,9.485266,0
14944,3.002512,1
14945,0.866647,1
14946,1.138199,0
14947,0.537193,1
14948,10.177979,0
14949,10.158598,0
14950,0.106238,1
14951,9.225866,1
14952,0.73098,1
14953,0.215878,0
14954,9.915616,0
14955,9.137465,0
14956,9.752913,0
14957,0.101823,0
14958,0.306407,1
14959,0.260182,0
14960,9.778766,1
14961,1.643365,0
14962,1.765982,0
14963,8.991519,0
14964,10.001673,1
14965,1.707911,0
14966,1.837625,0
14967,10.270298,0
14968,0.699931,0
14969,10.614154,0
14970,1.987853,1
14971,9.79837,0
14972,2.52225,0
14973,0.071804,1
14974,0.404653,0
14975,0.901538,0
14976,9.291425,0
14977,0.829925,0
14978,0.180061,1
14979,9.90453,0
14980,0.131958,0
14981,7.648107,1
14982,0.115371,1
14983,0.928942,1
14984,2.875668,1
14985,10.022406,1
14986,9.931518,0
14987,0.257626,1
14988,2.171266,0
14989,9.57487,0
14990,0.167298,1
14991,0.940125,0
14992,1.713336,0
14993,10.680048,0
14994,11.334271,1
14995,0.215333,1
14996,0.637948,0
14997,1.28993,1
14998,0.067299,0
14999,8.522229,0
15000,2.352265,0
15001,0.093901,1
15002,11.223426,1
15003,0.089529,1
15004,0.058679,1
15005,1.139809,0
15006,0.232682,1
15007,0.207185,1
15008,2.152914,0
15009,0.105032,1
15010,2.184826,0
15011,0.282345,1
15012,9.374101,0
15013,9.678039,0
15014,0.106591,1
15015,3.530472,1
15016,0.78165,0
15017,0.595919,1
15018,9.414972,0
15019,9.625817,0
15020,0.1833,1
15021,2.211935,1
15022,9.680179,0
15023,0.25995,0
15024,9.76245,0
15025,3.391571,0
15026,1.272332,0
15027,1.915203,0
15028,10.57155,1
15029,0.063075,1
15030,3.076966,0
15031,0.468448,0
15032,2.849854,1
15033,2.38939,0
15034,0.134474,1
15035,2.16456,0
15036,0.114609,1
15037,1.691849,0
15038,0.276308,0
15039,10.022938,0
15040,0.263082,0
15041,0.468033,1
15042,8.741186,1
15043,0.310565,1
15044,10.794301,0
15045,0.312707,1
15046,0.130068,1
15047,0.215645,1
15048,9.655739,0
15049,0.057823,0
15050,0.147315,1
15051,0.61949,0
15052,8.158428,0
15053,1.227309,1
15054,9.501487,0
15055,1.600425,0
15056,2.020553,0
15057,1.796831,1
15058,0.165169,0
15059,0.114475,1
15060,1.177978,0
15061,1.515439,0
15062,0.079775,1
15063,0.318184,0
15064,2.721058,1
15065,0.085764,1
15066,9.954489,1
15067,0.793161,1
15068,8.164388,0
15069,10.114321,0
15070,0.667257,0
15071,2.413892,0
15072,10.111642,0
15073,9.540458,1
15074,10.121276,1
15075,0.049933,0
15076,9.029317,0
15077,1.231796,1
15078,1.780889,1
15079,3.334118,1
15080,10.645608,0
15081,9.195701,0
15082,0.123724,1
15083,0.856068,1
15084,10.518557,0
15085,0.165962,0
15086,1.257436,1
15087,0.418005,1
15088,9.348077,1
15089,0.312779,0
15090,0.15684,1
15091,10.601629,0
15092,0.127802,1
15093,2.267931,1
15094,2.535403,1
15095,9.052855,0
15096,0.371896,1
15097,0.124694,1
15098,0.699209,0
15099,9.513027,0
15100,9.299335,0
15101,8.915401,0
15102,3.09538,1
15103,2.13763,0
15104,10.429613,0
15105,2.292252,0
15106,0.323281,1
15107,1.112762,0
15108,9.383088,0
15109,9.830752,1
15110,9.145686,1
15111,0.045729,0
15112,0.582816,0
15113,3.344919,0
15114,0.175577,0
15115,2.171555,0
15116,11.142302,1
15117,0.195813,1
15118,9.361192,1
15119,0.493276,1
15120,0.131599,1
15121,8.486722,0
15122,0.12146,1
15123,0.117941,1
15124,9.494589,0
15125,9.017429,1
15126,2.299796,0
15127,1.957453,0
15128,0.346802,0
15129,2.950124,1
15130,8.836601,0
15131,0.046078,1
15132,0.511425,0
15133,10.925337,0
15134,10.178988,1
15135,0.178709,1
15136,2.225612,0
15137,0.177648,1
15138,0.21349,1
15139,0.863188,1
15140,0.173154,1
15141,0.056801,0
15142,0.413163,0
15143,2.413421,0
15144,10.888225,0
15145,2.477411,0
15146,0.088106,0
15147,9.507044,0
15148,9.3119,0
15149,10.359869,0
15150,9.5764,0
15151,0.09643,0
15152,0.643093,0
15153,8.951718,0
15154,0.056252,0
15155,9.418196,0
15156,10.285745,1
15157,0.664524,0
15158,2.09105,1
15159,2.680686,0
15160,2.558916,0
15161,0.211718,1
15162,3.214515,0
15163,9.647191,0
15164,1.859794,0
15165,10.530597,0
15166,1.312534,0
15167,0.050378,0
15168,9.761858,0
15169,8.343453,0
15170,0.906895,1
15171,1.118882,0
15172,0.285163,0
15173,10.205939,0
15174,9.166168,1
15175,9.407725,0
15176,10.685245,1
15177,9.676532,0
15178,0.546813,0
15179,0.21736,1
15180,9.465176,0
15181,9.770153,0
15182,0.072617,1
15183,0.877298,1
15184,9.997333,0
15185,0.154457,1
15186,0.11987,0
15187,1.506495,0
15188,10.040643,1
15189,0.069487,1
15190,8.459816,0
15191,0.054835,0
15192,1.70685,1
15193,10.763864,0
15194,0.195909,1
15195,9.678223,0
15196,0.093617,1
15197,0.952613,1
15198,9.01479,0
15199,9.281554,0
15200,0.218657,0
15201,0.207463,1
15202,0.064839,1
15203,2.602238,0
15204,0.212664,1
15205,0.912283,1
15206,0.24546,1
15207,0.134895,1
15208,0.259076,0
15209,10.524452,0
15210,2.75609,0
15211,0.221508,0
15212,0.436792,0
15213,2.379201,1
15214,2.115628,0
15215,9.136227,0
15216,0.103096,0
15217,0.876168,0
15218,0.365981,1
15219,0.280699,0
15220,0.149743,1
15221,0.522643,0
15222,0.229831,1
15223,2.036728,1
15224,0.528105,0
15225,0.068197,0
15226,8.947712,1
15227,0.242287,1
15228,10.353894,0
15229,9.266811,1
15230,9.712969,0
15231,9.15894,0
15232,9.64466,1
15233,0.115315,1
15234,0.821426,0
15235,9.297853,0
15236,1.611965,0
15237,0.442167,1
15238,3.13406,0
15239,2.128155,0
15240,0.222096,0
15241,0.257537,0
15242,0.114144,1
15243,0.656462,1
15244,9.836396,1
15245,1.818479,0
15246,0.871835,0
15247,0.339064,0
15248,0.697758,0
15249,11.069351,0
15250,0.388675,0
15251,1.050609,0
15252,1.65377,1
15253,0.100436,1
15254,8.415883,0
15255,0.187807,1
15256,2.1813,0
15257,10.366664,0
15258,0.106633,0
15259,9.887794,0
15260,10.18497,0
15261,8.180963,0
15262,0.450737,1
15263,0.803276,1
15264,0.25911,1
15265,9.266767,0
15266,9.552449,0
15267,9.386601,0
15268,1.280026,1
15269,0.295796,0
15270,9.289004,0
15271,9.239085,1
15272,8.96465,1
15273,0.253052,1
15274,9.557355,1
15275,8.6697,0
15276,0.302448,0
15277,9.091619,0
15278,0.08332,1
15279,0.510336,1
15280,0.872642,0
15281,0.982217,0
15282,8.569385,1
15283,10.17945,0
15284,2.104795,0
15285,9.320812,1
15286,0.249091,1
15287,9.824811,0
15288,8.617389,0
15289,0.784347,0
15290,0.683357,0
15291,9.276207,0
15292,1.963496,0
15293,0.110738,1
15294,0.070732,0
15295,4.641656,1
15296,0.062803,1
15297,9.387853,0
15298,0.088781,0
15299,1.999074,0
15300,9.566137,1
15301,9.381894,0
15302,0.248121,0
15303,9.0219,0
15304,8.773709,0
15305,9.030728,0
15306,0.468004,0
15307,8.253702,1
15308,0.619415,0
15309,0.826101,1
15310,10.00443,0
15311,9.471161,0
15312,0.106167,1
15313,0.149763,1
15314,3.275635,0
15315,9.952239,0
15316,0.247727,1
15317,1.464589,0
15318,1.060413,1
15319,0.294834,1
15320,2.045434,0
15321,1.052583,0
15322,2.085722,0
15323,0.828897,0
15324,9.810195,0
15325,0.175358,1
15326,2.028631,1
15327,9.657218,0
15328,0.300303,1
15329,0.125927,1
15330,0.533634,0
15331,3.023934,1
15332,0.535883,1
15333,1.777076,1
15334,3.737528,1
15335,0.264299,1
15336,1.509322,0
15337,0.069971,0
15338,9.670277,1
15339,10.283393,1
15340,0.931563,1
15341,9.952538,0
15342,0.545191,1
15343,0.821098,1
15344,10.52954,0
15345,0.082927,1
15346,1.836619,1
15347,9.233602,1
15348,0.080955,1
15349,2.943557,1
15350,2.184978,1
15351,2.34944,1
15352,10.357539,1
15353,0.499377,0
15354,9.203773,1
15355,9.058296,0
15356,9.233589,0
15357,0.738372,1
15358,0.781117,1
15359,0.208264,1
15360,0.309458,0
15361,11.041771,0
15362,0.568105,0
15363,0.223886,0
15364,9.029984,0
15365,0.472005,1
15366,0.13808,1
15367,10.645212,1
15368,10.47677,0
15369,10.204184,0
15370,2.995898,1
15371,0.415636,0
15372,1.608059,1
15373,10.178593,0
15374,0.067514,1
15375,9.524413,0
15376,10.157171,1
15377,0.113239,0
15378,0.088281,1
15379,0.303885,0
15380,8.498634,0
15381,10.497211,1
15382,8.374641,0
15383,1.93129,1
15384,10.940869,0
15385,9.903044,0
15386,1.606508,1
15387,0.160859,0
15388,2.219216,1
15389,10.302814,0
15390,9.693007,0
15391,3.592099,0
15392,0.294885,0
15393,0.67387,1
15394,9.677416,0
15395,11.255924,0
15396,9.308419,0
15397,0.489268,1
15398,0.627208,0
15399,3.692594,1
15400,10.227865,0
15401,1.724669,0
15402,0.752088,1
15403,9.505996,0
15404,2.605082,0
15405,0.709849,1
15406,0.361816,1
15407,0.703885,1
15408,10.276136,1
15409,1.244968,1
15410,0.060824,0
15411,0.099526,1
15412,2.244417,1
15413,9.81969,0
15414,10.139307,0
15415,0.179578,1
15416,0.197797,0
15417,8.987993,1
15418,10.245983,0
15419,10.40379,0
15420,8.803115,0
15421,1.646624,0
15422,10.248524,0
15423,0.145325,1
15424,10.014196,0
15425,0.116306,0
15426,0.071857,0
15427,9.768488,0
15428,0.234506,1
15429,9.964272,1
15430,3.843138,1
15431,10.23219,0
15432,10.210142,0
15433,9.527022,0
15434,4.533638,0
15435,0.437739,0
15436,10.115973,1
15437,0.853595,1
15438,10.364235,0
15439,0.882849,1
15440,2.122378,0
15441,0.517029,0
15442,9.691305,0
15443,9.848072,0
15444,1.569653,0
15445,0.171772,0
15446,0.227332,1
15447,8.91648,0
15448,3.112511,1
15449,0.595665,1
15450,0.753238,1
15451,0.317876,1
15452,1.569428,0
15453,0.642631,0
15454,10.649241,0
15455,8.730865,1
15456,0.489753,1
15457,11.020566,0
15458,9.61861,0
15459,8.641534,0
15460,0.059954,0
15461,10.23219,0
15462,0.348317,0
15463,10.632408,0
15464,1.180821,1
15465,0.891771,0
15466,0.286166,1
15467,1.082975,1
15468,9.561273,0
15469,8.386362,0
15470,8.485854,0
15471,10.048865,1
15472,10.723215,0
15473,0.062217,0
15474,2.874368,1
15475,9.728469,0
15476,1.142563,0
15477,10.046695,0
15478,2.397033,1
15479,0.061393,1
15480,10.03162,0
15481,0.567492,1
15482,10.150895,0
15483,1.700408,0
15484,0.578513,0
15485,9.587841,1
15486,1.038086,1
15487,0.468465,1
15488,0.639104,0
15489,0.71574,0
15490,10.42314,0
15491,10.105678,0
15492,1.081483,1
15493,1.14063,1
15494,9.539109,0
15495,3.167722,1
15496,1.696904,1
15497,10.156192,0
15498,0.053822,1
15499,9.648168,1
15500,9.196171,0
15501,0.171817,1
15502,0.043182,0
15503,9.66165,1
15504,1.054414,0
15505,9.952408,0
15506,8.881826,0
15507,0.093811,1
15508,0.153721,1
15509,0.101941,1
15510,9.285846,0
15511,0.212707,0
15512,1.828269,1
15513,0.809308,1
15514,8.749088,0
15515,0.166395,0
15516,0.041785,0
15517,10.767264,0
15518,0.37759,0
15519,2.919786,0
15520,1.616713,1
15521,10.276901,0
15522,2.392306,1
15523,10.128221,0
15524,0.871578,1
15525,1.644085,1
15526,9.8811,1
15527,9.359806,0
15528,8.370042,1
15529,9.733408,0
15530,9.630672,0
15531,0.070999,0
15532,2.403316,1
15533,0.518832,1
15534,2.603814,0
15535,9.744331,0
15536,2.297702,0
15537,10.441389,0
15538,0.806919,1
15539,10.378036,1
15540,0.073151,1
15541,1.351421,1
15542,9.953029,0
15543,9.990289,0
15544,9.33039,0
15545,9.269774,0
15546,1.68292,1
15547,9.60708,0
15548,0.183061,1
15549,8.564011,1
15550,0.167315,1
15551,10.699111,0
15552,9.145063,0
15553,0.10713,1
15554,10.212528,0
15555,0.49302,0
15556,0.224717,1
15557,0.437131,0
15558,0.200469,1
15559,11.551146,1
15560,0.185484,1
15561,0.399833,1
15562,0.105563,1
15563,9.592599,0
15564,0.148949,0
15565,8.621819,0
15566,0.302693,0
15567,0.214404,1
15568,2.619189,1
15569,1.532893,1
15570,1.339365,1
15571,3.387181,1
15572,0.719331,0
15573,0.151218,1
15574,10.486773,0
15575,0.799931,1
15576,0.220341,1
15577,0.244449,1
15578,1.895156,1
15579,9.679131,0
15580,9.189928,0
15581,0.154192,1
15582,1.751813,0
15583,0.087423,1
15584,1.726685,1
15585,1.968992,0
15586,0.648001,1
15587,0.074141,0
15588,10.907187,1
15589,0.096213,1
15590,2.429662,1
15591,0.137673,1
15592,0.257965,0
15593,0.116477,1
15594,10.35556,0
15595,2.2979,0
15596,0.064879,0
15597,0.662729,0
15598,10.333673,0
15599,9.491616,0
15600,10.954363,0
15601,0.041339,0
15602,10.159428,0
15603,10.19998,1
15604,0.098189,1
15605,10.625112,0
15606,3.866981,1
15607,10.467323,0
15608,0.127814,0
15609,9.160806,0
15610,0.243099,0
15611,0.176969,1
15612,10.403886,1
15613,0.111611,1
15614,9.278798,0
15615,0.138956,0
15616,10.659226,0
15617,0.37076,0
15618,0.187939,0
15619,0.185885,1
15620,0.063511,1
15621,0.114103,1
15622,0.26251,1
15623,9.090328,1
15624,9.135125,0
15625,0.068176,0
15626,9.097772,0
15627,0.200453,0
15628,9.143332,0
15629,9.885536,1
15630,0.087684,0
15631,1.177671,1
15632,0.135581,1
15633,1.147329,0
15634,0.149644,1
15635,0.066343,1
15636,0.833798,1
15637,0.632127,1
15638,9.401574,0
15639,1.06594,1
15640,2.627987,0
15641,1.738184,0
15642,0.058647,0
15643,11.046317,0
15644,10.229214,1
15645,0.040594,1
15646,0.407393,1
15647,10.121541,0
15648,1.401103,0
15649,1.06975,0
15650,2.877944,1
15651,10.967451,0
15652,2.753013,1
15653,0.185076,1
15654,0.092064,1
15655,10.011915,0
15656,9.872183,0
15657,10.25876,0
15658,0.23428,1
15659,0.228008,0
15660,0.213111,0
15661,0.07394,0
15662,1.680255,0
15663,0.456124,0
15664,0.090338,1
15665,0.682024,1
15666,1.878156,0
15667,9.197536,0
15668,0.107963,1
15669,0.158211,0
15670,2.734671,0
15671,0.174375,1
15672,9.553557,0
15673,9.885986,0
15674,9.813917,0
15675,0.106743,0
15676,9.2056,1
15677,10.018344,0
15678,1.331058,1
15679,0.429035,0
15680,1.040093,1
15681,2.297193,0
15682,9.111634,0
15683,10.900456,0
15684,0.085045,0
15685,0.348999,1
15686,11.129954,0
15687,9.286491,0
15688,9.104887,0
15689,0.355378,0
15690,0.344743,1
15691,9.836014,0
15692,0.115067,0
15693,8.720513,0
15694,0.504202,1
15695,0.121052,1
15696,10.891768,0
15697,9.574983,1
15698,0.352296,1
15699,1.642935,1
15700,9.958047,0
15701,10.193526,0
15702,8.830517,0
15703,10.256581,0
15704,0.178185,0
15705,0.423564,1
15706,10.274697,0
15707,2.435894,1
15708,0.847314,0
15709,2.214465,1
15710,10.38962,0
15711,3.037884,1
15712,1.49298,0
15713,1.020021,1
15714,8.854821,0
15715,2.90395,0
15716,0.291142,0
15717,1.626368,0
15718,0.168035,0
15719,1.193201,1
15720,0.11626,1
15721,0.210505,1
15722,1.914935,0
15723,10.3276,1
15724,10.525729,0
15725,0.115088,1
15726,1.969799,1
15727,0.225671,0
15728,9.056334,0
15729,0.393378,0
15730,10.267104,0
15731,1.784598,0
15732,0.080756,1
15733,9.563995,1
15734,9.180133,1
15735,3.988041,1
15736,0.08021,1
15737,0.09666,0
15738,2.796525,1
15739,1.939143,0
15740,1.730507,1
15741,9.671836,0
15742,0.109353,1
15743,0.089844,1
15744,9.944108,0
15745,9.555419,1
15746,0.993916,0
15747,0.123049,1
15748,10.017879,0
15749,0.315575,1
15750,3.577913,1
15751,0.671406,0
15752,0.414269,0
15753,0.09432,1
15754,0.054222,1
15755,11.015095,1
15756,0.30373,0
15757,0.248744,1
15758,10.038535,0
15759,9.824628,0
15760,1.897902,0
15761,0.167865,1
15762,10.273211,0
15763,9.70102,0
15764,0.750244,1
15765,2.586168,0
15766,9.194305,1
15767,9.557457,0
15768,9.48818,1
15769,0.237979,1
15770,0.229433,1
15771,0.945795,1
15772,9.559521,0
15773,0.677237,1
15774,8.14957,1
15775,0.184045,0
15776,0.403242,1
15777,0.527777,0
15778,9.57257,0
15779,0.224318,0
15780,0.138769,1
15781,11.284238,1
15782,9.532863,1
15783,1.664107,1
15784,9.650168,0
15785,8.945676,1
15786,0.572815,1
15787,0.387231,0
15788,1.940713,0
15789,0.099327,1
15790,0.81512,0
15791,8.69487,1
15792,0.345842,1
15793,2.29466,1
15794,1.488318,0
15795,9.574876,0
15796,10.372007,0
15797,2.622145,1
15798,10.297799,0
15799,0.113127,0
15800,10.142451,0
15801,0.354593,0
15802,9.813048,0
15803,0.765742,0
15804,10.595942,0
15805,10.250628,0
15806,0.558752,0
15807,0.272963,0
15808,2.08759,0
15809,0.242569,1
15810,0.511648,1
15811,9.404186,0
15812,10.560884,1
15813,0.261143,1
15814,0.603043,1
15815,8.953499,1
15816,0.098154,0
15817,0.124698,0
15818,10.849362,0
15819,0.429222,0
15820,0.792831,0
15821,0.796969,0
15822,0.376043,0
15823,9.371322,1
15824,9.56179,1
15825,0.389074,1
15826,8.522773,0
15827,0.156116,0
15828,1.602125,1
15829,10.712749,0
15830,0.13193,1
15831,9.407291,0
15832,9.5259,1
15833,1.414054,1
15834,1.063282,1
15835,4.51955,0
15836,0.662654,1
15837,3.835195,1
15838,0.108405,1
15839,0.527735,1
15840,0.060687,1
15841,10.145508,0
15842,0.638159,1
15843,0.256984,1
15844,2.074616,0
15845,8.597937,1
15846,10.308817,0
15847,0.508328,1
15848,0.197519,1
15849,3.051658,0
15850,0.516699,0
15851,0.195081,1
15852,8.5783,0
15853,1.456147,1
15854,10.000989,0
15855,0.430843,0
15856,3.700315,1
15857,0.7857,1
15858,8.667609,0
15859,0.58354,1
15860,0.15218,0
15861,0.114196,0
15862,0.415652,0
15863,9.755201,0
15864,0.451266,0
15865,10.30982,0
15866,0.615355,1
15867,8.933893,0
15868,10.183068,0
15869,0.050033,1
15870,0.20626,0
15871,8.910735,0
15872,11.290257,0
15873,0.072283,1
15874,10.199219,0
15875,1.25527,1
15876,0.057662,1
15877,0.124115,0
15878,1.498894,1
15879,2.038162,0
15880,0.370452,0
15881,2.367654,1
15882,2.035522,0
15883,0.206048,1
15884,0.956535,1
15885,9.416896,0
15886,0.441281,0
15887,4.009147,1
15888,9.483268,0
15889,0.632952,0
15890,1.752916,0
15891,9.595076,1
15892,0.080337,0
15893,11.054769,0
15894,0.255249,0
15895,0.591594,0
15896,0.234372,1
15897,2.677891,1
15898,1.943422,0
15899,8.708059,1
15900,1.702853,0
15901,0.116051,0
15902,10.006064,1
15903,8.492058,0
15904,10.170472,0
15905,3.119245,1
15906,0.166613,1
15907,8.794999,0
15908,10.432694,0
15909,0.071349,0
15910,10.002787,1
15911,0.393023,0
15912,9.880694,0
15913,10.006212,0
15914,0.084663,1
15915,0.153312,1
15916,0.516205,1
15917,0.333947,0
15918,0.675757,1
15919,9.828482,0
15920,0.176207,1
15921,10.751589,1
15922,10.771672,0
15923,0.345069,1
15924,10.209797,0
15925,0.052008,1
15926,9.839411,0
15927,10.854893,0
15928,0.168618,1
15929,9.784977,0
15930,9.394765,0
15931,9.585901,0
15932,10.49299,1
15933,9.520556,1
15934,0.181351,1
15935,9.017015,0
15936,1.361385,1
15937,10.747956,0
15938,0.248514,1
15939,10.873826,0
15940,9.0038,0
15941,0.076152,1
15942,1.401534,0
15943,0.686727,1
15944,9.438297,0
15945,1.273632,1
15946,10.980864,0
15947,0.111821,0
15948,9.946694,0
15949,0.196573,0
15950,10.395066,0
15951,1.338415,0
15952,2.266541,1
15953,2.545723,0
15954,8.68036,1
15955,1.8953,1
15956,0.169392,1
15957,10.133145,1
15958,0.983602,1
15959,0.436619,1
15960,9.115352,1
15961,0.293859,0
15962,10.505817,0
15963,3.848526,1
15964,2.859753,1
15965,2.842959,0
15966,0.062446,1
15967,0.118511,1
15968,1.822364,0
15969,0.097743,0
15970,0.971527,1
15971,1.537671,1
15972,0.517131,0
15973,0.125653,1
15974,9.7201,1
15975,0.29043,1
15976,2.212879,0
15977,0.206706,1
15978,10.053185,0
15979,0.538115,0
15980,3.723284,1
15981,10.493295,0
15982,11.175743,0
15983,1.845755,1
15984,0.771541,1
15985,0.1224,1
15986,2.519563,0
15987,0.26055,0
15988,10.079316,0
15989,0.342293,1
15990,0.190079,1
15991,9.59562,0
15992,0.59268,1
15993,1.996669,0
15994,3.374626,1
15995,8.731094,0
15996,0.126767,1
15997,9.429248,1
15998,0.913146,0
15999,11.279064,0
16000,8.719905,0
16001,10.405986,0
16002,0.051831,1
16003,0.066912,1
16004,0.077673,1
16005,9.202386,1
16006,10.163864,1
16007,0.287032,1
16008,0.322893,0
16009,9.846207,0
16010,0.207327,1
16011,8.139625,1
16012,8.829906,0
16013,0.196563,0
16014,9.713727,1
16015,0.762089,1
16016,10.722577,0
16017,9.25523,1
16018,0.322033,1
16019,9.201406,0
16020,9.258323,1
16021,0.137111,1
16022,0.339973,1
16023,2.533278,0
16024,3.779763,1
16025,10.198915,0
16026,1.075429,1
16027,0.326284,1
16028,0.164656,1
16029,10.858299,1
16030,9.918138,0
16031,0.07628,1
16032,9.752616,0
16033,0.56557,0
16034,1.230771,0
16035,0.108872,1
16036,0.492381,1
16037,9.169529,0
16038,0.876111,0
16039,2.098968,0
16040,4.197565,0
16041,8.701073,0
16042,0.583145,1
16043,0.562672,1
16044,1.170391,1
16045,10.881755,0
16046,0.120328,1
16047,9.916957,0
16048,0.137704,0
16049,9.569203,0
16050,9.140507,1
16051,10.433432,0
16052,9.624946,0
16053,9.616742,0
16054,9.214826,0
16055,10.616181,1
16056,9.61461,0
16057,0.167468,1
16058,1.110435,0
16059,10.399521,0
16060,9.188684,1
16061,2.434493,0
16062,8.892427,0
16063,1.311692,0
16064,1.760837,1
16065,8.718184,0
16066,2.288301,0
16067,11.195594,0
16068,9.541537,1
16069,9.281175,0
16070,0.231361,0
16071,0.197322,0
16072,8.497131,0
16073,0.214459,1
16074,2.47289,1
16075,0.060043,1
16076,10.155537,0
16077,2.156283,0
16078,9.599701,0
16079,0.062551,1
16080,10.033294,0
16081,0.409136,0
16082,1.504856,1
16083,3.757656,1
16084,0.202395,1
16085,0.312933,0
16086,0.195463,1
16087,0.709673,0
16088,1.505995,0
16089,8.980654,0
16090,1.731268,0
16091,9.460316,1
16092,0.629965,0
16093,0.214589,1
16094,0.936803,0
16095,0.256655,1
16096,8.381866,0
16097,0.169268,1
16098,0.349579,0
16099,0.080813,0
16100,3.73083,1
16101,0.090127,1
16102,1.047009,1
16103,2.275193,1
16104,8.73113,0
16105,2.484256,1
16106,1.046994,0
16107,11.376561,0
16108,0.144539,1
16109,0.16187,1
16110,8.843314,0
16111,0.083983,1
16112,10.948179,0
16113,8.599589,0
16114,10.09195,0
16115,10.117266,1
16116,9.539441,0
16117,10.510345,0
16118,0.222272,1
16119,1.260596,0
16120,10.970728,0
16121,9.60844,0
16122,0.087958,1
16123,0.337238,1
16124,10.081475,0
16125,0.2273,0
16126,0.865438,0
16127,0.270722,0
16128,0.603286,1
16129,0.177545,0
16130,9.530694,0
16131,0.577544,0
16132,8.838024,0
16133,9.220558,1
16134,0.284257,1
16135,0.435888,1
16136,0.300991,0
16137,0.448177,0
16138,10.992328,1
16139,0.152923,1
16140,11.150568,0
16141,8.547576,0
16142,0.102602,1
16143,9.390722,0
16144,10.447865,0
16145,2.120857,1
16146,1.466684,1
16147,11.540771,1
16148,2.203334,0
16149,0.809737,1
16150,10.583851,0
16151,0.99974,1
16152,0.196767,0
16153,1.081996,1
16154,10.01245,1
16155,1.123542,0
16156,2.580046,1
16157,0.130331,1
16158,0.461351,1
16159,0.188032,1
16160,0.054827,0
16161,0.615156,1
16162,0.1933,0
16163,2.210949,1
16164,9.142836,0
16165,0.290864,1
16166,8.349093,1
16167,0.080342,1
16168,2.95515,1
16169,1.546781,0
16170,0.054708,1
16171,0.095571,1
16172,9.832654,1
16173,9.664703,1
16174,0.822981,0
16175,1.583391,0
16176,9.455036,1
16177,0.156419,0
16178,0.368264,1
16179,10.700603,1
16180,9.520039,0
16181,1.02891,0
16182,0.34821,1
16183,0.191474,1
16184,0.047573,1
16185,10.162906,1
16186,0.092004,1
16187,9.412644,0
16188,8.837053,0
16189,9.028849,1
16190,0.063953,1
16191,0.102233,1
16192,0.665986,0
16193,0.192995,0
16194,1.376332,0
16195,0.127206,1
16196,0.293217,1
16197,0.26978,0
16198,10.356284,0
16199,0.154596,0
16200,9.659783,0
16201,10.162551,0
16202,8.042036,0
16203,0.297872,0
16204,4.430505,1
16205,1.778559,1
16206,9.088786,0
16207,0.602644,1
16208,0.083868,1
16209,1.676751,1
16210,9.252233,0
16211,2.02255,1
16212,0.085481,1
16213,9.661987,1
16214,0.517466,1
16215,9.038767,0
16216,2.173511,1
16217,0.201473,1
16218,3.005379,1
16219,1.860325,0
16220,8.699821,0
16221,9.297369,0
16222,9.81488,0
16223,10.018465,1
16224,10.353378,0
16225,0.151241,0
16226,9.776257,0
16227,0.07215,1
16228,0.902744,1
16229,0.06244,0
16230,2.533733,0
16231,2.100696,0
16232,0.266106,1
16233,0.163316,1
16234,2.934336,1
16235,0.078753,1
16236,0.390411,1
16237,0.072276,0
16238,8.973144,0
16239,2.033521,1
16240,7.77228,1
16241,0.213452,1
16242,0.982651,1
16243,0.136422,1
16244,1.492318,1
16245,3.15519,0
16246,0.287686,0
16247,0.253949,1
16248,9.956514,0
16249,8.948594,1
16250,0.134576,0
16251,0.32731,0
16252,0.07948,1
16253,9.104022,0
16254,2.477362,0
16255,2.070324,0
16256,2.793868,1
16257,0.35437,1
16258,2.955414,1
16259,4.09768,1
16260,1.443169,0
16261,0.727788,0
16262,9.478928,0
16263,10.044933,0
16264,8.543451,0
16265,9.753209,0
16266,10.373736,0
16267,0.153024,1
16268,3.00836,1
16269,0.177586,0
16270,9.077935,1
16271,0.148763,1
16272,1.798101,0
16273,10.554508,0
16274,2.95278,1
16275,1.755521,0
16276,0.407841,0
16277,0.064332,1
16278,0.389539,1
16279,10.246744,1
16280,9.81448,0
16281,0.288755,1
16282,9.630315,0
16283,8.878562,0
16284,9.662043,0
16285,0.344103,1
16286,9.982731,0
16287,10.453877,1
16288,0.147258,1
16289,0.138078,1
16290,9.624456,0
16291,10.167247,0
16292,4.095792,0
16293,1.726485,0
16294,1.561993,1
16295,4.38158,0
16296,2.885911,1
16297,10.190631,1
16298,0.239514,1
16299,3.02413,1
16300,0.067779,1
16301,10.546173,0
16302,9.084577,0
16303,1.301924,1
16304,9.888913,0
16305,2.580008,0
16306,0.253301,0
16307,9.45374,0
16308,1.237381,1
16309,0.087952,1
16310,2.060973,1
16311,0.163307,1
16312,3.356043,1
16313,0.193874,1
16314,0.122114,0
16315,4.06593,0
16316,0.1436,1
16317,2.148096,0
16318,0.368623,0
16319,0.265375,0
16320,0.0698,1
16321,10.591677,0
16322,0.175482,1
16323,10.002355,1
16324,0.796804,0
16325,11.008135,1
16326,8.661834,0
16327,0.359938,1
16328,0.272315,0
16329,10.570944,0
16330,10.348634,0
16331,2.226189,1
16332,0.911246,1
16333,8.906835,0
16334,0.126813,1
16335,0.129002,1
16336,10.829055,0
16337,0.5994,0
16338,8.936392,0
16339,0.667704,0
16340,10.139882,0
16341,3.264257,0
16342,0.228011,1
16343,1.62966,1
16344,0.623912,0
16345,8.904628,0
16346,10.493812,0
16347,0.450588,0
16348,0.070583,0
16349,10.100851,0
16350,0.107265,1
16351,4.123456,1
16352,0.825603,1
16353,8.686972,0
16354,0.110151,1
16355,0.922733,1
16356,2.493737,1
16357,0.128712,1
16358,1.33583,0
16359,10.861494,0
16360,1.774426,0
16361,9.657496,0
16362,10.321238,0
16363,10.71681,0
16364,0.225909,1
16365,0.055671,1
16366,0.572621,1
16367,10.327786,1
16368,0.18213,0
16369,8.786017,1
16370,0.100487,1
16371,10.168919,0
16372,1.11554,0
16373,1.401514,0
16374,9.48383,1
16375,0.157481,1
16376,0.334654,0
16377,0.648962,1
16378,0.488834,0
16379,0.089071,1
16380,2.989034,0
16381,0.94088,1
16382,10.606746,0
16383,1.868778,1
16384,0.536249,0
16385,0.220696,1
16386,1.287674,1
16387,9.63056,0
16388,9.193384,0
16389,0.478427,0
16390,2.714857,1
16391,3.901468,1
16392,9.819033,0
16393,10.681065,0
16394,7.702199,0
16395,9.768597,0
16396,0.084259,1
16397,3.966222,1
16398,9.706911,0
16399,2.493563,1
16400,0.624042,0
16401,0.167145,1
16402,0.150078,1
16403,9.680344,0
16404,1.01573,0
16405,11.029293,0
16406,10.034477,0
16407,10.037928,1
16408,0.565621,0
16409,1.421106,0
16410,11.054034,1
16411,1.259106,0
16412,0.557069,0
16413,2.168271,0
16414,2.750731,1
16415,0.455752,0
16416,1.965553,1
16417,1.098918,0
16418,10.43499,0
16419,9.779004,1
16420,0.391848,1
16421,0.084335,1
16422,9.954504,0
16423,0.102657,1
16424,0.223597,1
16425,10.269246,0
16426,9.310625,0
16427,8.822009,0
16428,0.043024,1
16429,0.450309,0
16430,0.885213,1
16431,0.056436,1
16432,1.293953,1
16433,10.44285,1
16434,10.606186,0
16435,10.671113,1
16436,0.27176,0
16437,8.733925,0
16438,0.193488,0
16439,1.749275,0
16440,2.87371,0
16441,1.368797,0
16442,1.501515,1
16443,3.280828,1
16444,0.669695,0
16445,10.189427,0
16446,2.274866,0
16447,9.942864,0
16448,9.05448,0
16449,9.894005,0
16450,9.847411,1
16451,0.186975,0
16452,1.069004,0
16453,3.821332,1
16454,9.180239,0
16455,0.458377,0
16456,0.796274,0
16457,0.415752,0
16458,8.671989,0
16459,0.505805,1
16460,0.466233,0
16461,9.508761,0
16462,0.081126,1
16463,9.899486,0
16464,1.440904,0
16465,0.134858,0
16466,2.522101,1
16467,0.195882,0
16468,8.757734,0
16469,0.927859,0
16470,0.048092,0
16471,9.895259,0
16472,10.923887,0
16473,2.550201,1
16474,2.556093,1
16475,1.572001,1
16476,0.400129,1
16477,0.230734,1
16478,4.063427,1
16479,0.451865,1
16480,0.151571,1
16481,9.270324,0
16482,0.176795,1
16483,8.967726,1
16484,0.294334,1
16485,8.826133,0
16486,0.533309,1
16487,8.947017,1
16488,0.17984,1
16489,10.304026,1
16490,1.620555,1
16491,1.770151,1
16492,0.391066,1
16493,9.150202,1
16494,2.546005,0
16495,0.495725,0
16496,1.531545,1
16497,11.127216,0
16498,8.216278,0
16499,0.065647,1
16500,0.119786,1
16501,0.430752,1
16502,1.081496,1
16503,8.872806,0
16504,10.646953,0
16505,0.464863,1
16506,0.280872,1
16507,9.961308,0
16508,0.632588,1
16509,9.25303,0
16510,0.465432,0
16511,0.698634,0
16512,9.141439,0
16513,8.596964,0
16514,10.737083,0
16515,9.795121,0
16516,10.912287,0
16517,0.291113,1
16518,5.296243,1
16519,1.748983,0
16520,0.24797,1
16521,9.863009,1
16522,9.146201,0
16523,1.441415,0
16524,0.929822,1
16525,10.248745,0
16526,0.98394,1
16527,3.355211,1
16528,0.707061,0
16529,0.09606,0
16530,0.211316,0
16531,0.045643,0
16532,9.260389,0
16533,1.737248,0
16534,10.437182,1
16535,8.47473,1
16536,9.147058,1
16537,0.377921,1
16538,0.595207,1
16539,10.051036,0
16540,8.28966,1
16541,0.12068,1
16542,10.02361,0
16543,0.371559,0
16544,0.265746,1
16545,0.333889,1
16546,0.441339,1
16547,9.325472,0
16548,0.121876,1
16549,0.59054,1
16550,1.345778,1
16551,10.212211,0
16552,2.232765,1
16553,3.699507,1
16554,9.818552,0
16555,2.287722,1
16556,10.10608,0
16557,8.945151,0
16558,0.301055,0
16559,10.65757,0
16560,0.166425,1
16561,9.338004,1
16562,0.52441,0
16563,0.148929,1
16564,9.532791,0
16565,3.920899,1
16566,10.223185,1
16567,9.894563,0
16568,2.013389,1
16569,0.15188,1
16570,9.372684,0
16571,9.074955,0
16572,10.528414,0
16573,9.367964,1
16574,11.047688,0
16575,9.320717,0
16576,0.366964,0
16577,1.885212,0
16578,9.552455,0
16579,9.073482,0
16580,9.172284,1
16581,9.887497,0
16582,0.908473,0
16583,0.361541,1
16584,0.122091,1
16585,9.564299,1
16586,0.3686,1
16587,0.20091,1
16588,9.927879,0
16589,1.218639,0
16590,0.488777,1
16591,0.106006,1
16592,9.545787,0
16593,0.135709,1
16594,8.90418,0
16595,8.72105,0
16596,0.488831,0
16597,0.220718,0
16598,0.164148,1
16599,0.112762,1
16600,2.819829,0
16601,0.176194,1
16602,0.221413,0
16603,0.456923,0
16604,9.972207,0
16605,0.264782,1
16606,0.450027,1
16607,0.492079,0
16608,0.594302,0
16609,0.050681,1
16610,9.75637,0
16611,0.224459,0
16612,8.818988,0
16613,1.063413,1
16614,1.365738,0
16615,2.108626,0
16616,1.507453,1
16617,1.60581,1
16618,0.356931,1
16619,3.195777,1
16620,0.566981,0
16621,9.231197,0
16622,9.33441,0
16623,2.092233,0
16624,0.688684,1
16625,0.461348,1
16626,9.283545,0
16627,0.151813,1
16628,1.448325,1
16629,9.95263,0
16630,9.279585,0
16631,0.271493,0
16632,4.167991,1
16633,10.309323,0
16634,9.793314,0
16635,9.553689,1
16636,0.202266,1
16637,4.437037,1
16638,1.426214,0
16639,0.119773,1
16640,10.38324,1
16641,10.070959,1
16642,0.08631,0
16643,0.083743,1
16644,1.141711,1
16645,10.126856,1
16646,9.127001,0
16647,10.107867,1
16648,8.420683,0
16649,0.157927,1
16650,1.158583,1
16651,0.184488,0
16652,0.172867,1
16653,8.724872,0
16654,4.121724,1
16655,0.105858,1
16656,0.296266,1
16657,0.309742,0
16658,10.095238,0
16659,0.059643,1
16660,10.602859,0
16661,0.433764,0
16662,0.066062,0
16663,0.440277,1
16664,0.962356,0
16665,10.146108,0
16666,0.295793,1
16667,0.096686,1
16668,0.263512,1
16669,9.004507,1
16670,0.05175,1
16671,2.313354,0
16672,10.314334,0
16673,0.081882,0
16674,8.648973,0
16675,0.127426,1
16676,0.674019,1
16677,10.557681,1
16678,0.581725,0
16679,8.80697,1
16680,0.144681,1
16681,0.371893,1
16682,10.118967,0
16683,0.776529,1
16684,10.966792,1
16685,0.813465,1
16686,1.500394,1
16687,10.368594,0
16688,11.106854,0
16689,10.214478,0
16690,9.777387,0
16691,3.043419,0
16692,9.838615,0
16693,0.5599,0
16694,10.322309,0
16695,10.073444,1
16696,0.049408,1
16697,1.757196,0
16698,8.836684,0
16699,2.935323,0
16700,0.951166,0
16701,0.059297,1
16702,0.932628,0
16703,9.756087,0
16704,0.219288,0
16705,3.866007,1
16706,9.058142,1
16707,10.509371,1
16708,8.832091,1
16709,10.514709,0
16710,2.478103,0
16711,10.941688,0
16712,10.357961,0
16713,8.794192,0
16714,0.258471,1
16715,1.906579,0
16716,10.897562,0
16717,8.918876,0
16718,8.590068,1
16719,0.20278,0
16720,0.423686,0
16721,0.216762,0
16722,9.838604,0
16723,0.438169,1
16724,0.193479,1
16725,1.655201,0
16726,0.515647,0
16727,0.335408,0
16728,9.836791,0
16729,9.582758,0
16730,2.155152,0
16731,8.994364,0
16732,1.513798,0
16733,8.740152,0
16734,0.318832,1
16735,0.761362,1
16736,10.039169,0
16737,3.53544,1
16738,10.037931,0
16739,1.784865,0
16740,9.131415,1
16741,1.554192,1
16742,3.08845,0
16743,0.531906,0
16744,0.25157,1
16745,0.063466,1
16746,0.064022,0
16747,1.503935,0
16748,0.425882,0
16749,4.445667,1
16750,10.108895,0
16751,2.910507,0
16752,0.287115,1
16753,0.644272,1
16754,2.566781,1
16755,0.223338,1
16756,0.033766,1
16757,8.833698,1
16758,0.499594,1
16759,2.30263,0
16760,0.337902,0
16761,8.797593,1
16762,10.101027,0
16763,0.292253,0
16764,0.762192,0
16765,0.845753,0
16766,0.285293,0
16767,0.191076,0
16768,1.83156,0
16769,0.142636,0
16770,2.616011,0
16771,9.540877,0
16772,1.708323,1
16773,0.079692,1
16774,11.026278,0
16775,0.111263,1
16776,9.059011,0
16777,9.143826,1
16778,0.162468,1
16779,10.453816,0
16780,0.100072,1
16781,0.270856,1
16782,9.923265,1
16783,9.637388,0
16784,8.804457,0
16785,11.634234,1
16786,0.075226,1
16787,9.218375,0
16788,0.247046,0
16789,0.172166,1
16790,1.951311,1
16791,0.104731,1
16792,2.068436,1
16793,1.259453,0
16794,10.075857,1
16795,8.811813,1
16796,2.773961,1
16797,0.110148,0
16798,9.598969,0
16799,0.716958,0
16800,2.776264,1
16801,0.94301,1
16802,10.257819,1
16803,0.068097,1
16804,1.412046,0
16805,0.345647,0
16806,0.338136,1
16807,9.982176,1
16808,0.066277,1
16809,2.80426,0
16810,0.430987,0
16811,0.538062,1
16812,9.60242,0
16813,0.616001,0
16814,0.497587,1
16815,9.713524,0
16816,3.411236,1
16817,9.760647,0
16818,2.281825,0
16819,0.154576,0
16820,0.065876,1
16821,10.283073,0
16822,11.04449,1
16823,8.837536,1
16824,8.928539,1
16825,0.202873,0
16826,0.636696,0
16827,9.555017,0
16828,2.871639,1
16829,9.229053,0
16830,1.110862,1
16831,11.174575,0
16832,2.464222,0
16833,0.261139,0
16834,9.896418,1
16835,2.596969,1
16836,8.629998,0
16837,0.957113,1
16838,10.030979,0
16839,3.009702,1
16840,0.277509,1
16841,9.558066,0
16842,0.184896,1
16843,0.398236,0
16844,8.858405,0
16845,10.489715,0
16846,3.028215,0
16847,9.581947,0
16848,9.820259,0
16849,9.428538,0
16850,0.250156,1
16851,2.283574,0
16852,10.041526,0
16853,0.087571,1
16854,0.224609,1
16855,0.165818,1
16856,0.159812,0
16857,9.314024,0
16858,0.42621,0
16859,9.08582,0
16860,0.348727,1
16861,1.548621,0
16862,0.756368,1
16863,0.759755,1
16864,0.457258,0
16865,9.985285,0
16866,0.089448,1
16867,0.150648,1
16868,10.290069,1
16869,0.123206,1
16870,0.496982,0
16871,0.227687,1
16872,0.329243,1
16873,9.211053,0
16874,11.241155,0
16875,9.822286,0
16876,10.160297,0
16877,9.921567,0
16878,0.084783,1
16879,9.790555,0
16880,1.246552,1
16881,0.36417,0
16882,0.198231,1
16883,0.271896,0
16884,0.10602,1
16885,1.648749,0
16886,0.889112,0
16887,10.521968,1
16888,9.213718,0
16889,9.719337,1
16890,0.231561,1
16891,0.336234,1
16892,0.143127,1
16893,1.509698,0
16894,8.944189,0
16895,10.403135,0
16896,0.616586,0
16897,0.646094,1
16898,1.060897,1
16899,0.56565,1
16900,3.289309,0
16901,8.800267,0
16902,0.390809,1
16903,0.393967,0
16904,2.0898,0
16905,9.902272,0
16906,9.967493,0
16907,0.056345,0
16908,1.478481,0
16909,9.497579,1
16910,1.429723,1
16911,10.531826,0
16912,9.95451,1
16913,7.982697,1
16914,9.606184,0
16915,0.109557,0
16916,1.400666,1
16917,1.073585,0
16918,0.144956,0
16919,1.64017,0
16920,4.061049,1
16921,9.44868,1
16922,9.685749,0
16923,9.933547,1
16924,3.224516,1
16925,1.978444,1
16926,9.642103,1
16927,0.132886,1
16928,0.952873,1
16929,8.803481,1
16930,0.451067,1
16931,1.108286,1
16932,0.92316,1
16933,9.068177,1
16934,0.393784,0
16935,8.752572,0
16936,10.336475,1
16937,1.021372,0
16938,2.80255,1
16939,0.099698,0
16940,0.237142,1
16941,8.835816,0
16942,3.21684,0
16943,1.179057,1
16944,11.132102,0
16945,0.156477,0
16946,10.267738,0
16947,2.374568,0
16948,2.674673,0
16949,2.872468,1
16950,10.711696,0
16951,0.363396,0
16952,2.312869,0
16953,0.516678,1
16954,0.096288,1
16955,2.966822,0
16956,3.709812,1
16957,9.40298,1
16958,10.7068,0
16959,3.275759,1
16960,10.004498,0
16961,0.19982,1
16962,1.229306,0
16963,0.295393,0
16964,9.307865,0
16965,0.086284,1
16966,0.313948,1
16967,0.969224,1
16968,0.062921,1
16969,9.92432,1
16970,0.371046,0
16971,2.275704,0
16972,10.065729,0
16973,2.585882,1
16974,1.896955,0
16975,0.129366,1
16976,2.387661,0
16977,2.744853,0
16978,9.518616,0
16979,0.09703,0
16980,8.96894,1
16981,0.177859,1
16982,0.426265,1
16983,0.216044,0
16984,8.787642,1
16985,2.399255,0
16986,9.942293,0
16987,0.063715,1
16988,8.918912,0
16989,9.332566,0
16990,0.313303,1
16991,2.014879,1
16992,7.923164,0
16993,1.439877,1
16994,2.104667,0
16995,9.132977,0
16996,0.502666,0
16997,0.087216,1
16998,9.266189,0
16999,9.458083,1
17000,0.889076,1
17001,0.149193,1
17002,1.634824,0
17003,8.56824,0
17004,0.368777,1
17005,0.075552,0
17006,2.618084,0
17007,0.164646,1
17008,8.623419,0
17009,9.613932,0
17010,0.215774,1
17011,0.130908,0
17012,8.662407,0
17013,1.383198,1
17014,0.61229,1
17015,1.262721,0
17016,0.533378,1
17017,0.115259,1
17018,2.164316,1
17019,10.466463,0
17020,9.58249,0
17021,0.142081,0
17022,1.39747,0
17023,0.385519,0
17024,0.596467,1
17025,9.908119,0
17026,9.029785,1
17027,0.225411,0
17028,9.218084,0
17029,8.359425,0
17030,0.267794,1
17031,1.936594,0
17032,3.335143,1
17033,0.985727,1
17034,10.593558,0
17035,0.161258,1
17036,0.346916,0
17037,0.106172,1
17038,9.969145,0
17039,0.435733,1
17040,0.692891,1
17041,10.027162,0
17042,0.264405,0
17043,9.556139,0
17044,0.142023,1
17045,9.7665,1
17046,2.464499,0
17047,2.50184,0
17048,0.263899,0
17049,6.757495,0
17050,9.887983,0
17051,9.058723,0
17052,0.0917,1
17053,8.7142,0
17054,1.727211,0
17055,0.06829,0
17056,0.304092,0
17057,9.400849,1
17058,0.164563,1
17059,0.684756,1
17060,2.293025,1
17061,9.326387,1
17062,0.244494,0
17063,9.900764,0
17064,0.122807,0
17065,7.829035,1
17066,3.109783,1
17067,0.289112,0
17068,0.251964,1
17069,4.808905,1
17070,10.342531,0
17071,0.664874,1
17072,0.767474,0
17073,0.080319,1
17074,1.413701,1
17075,10.303199,1
17076,10.306494,0
17077,0.315609,1
17078,2.889764,1
17079,3.055596,1
17080,1.38877,1
17081,1.780981,0
17082,9.162939,0
17083,9.973228,1
17084,1.220447,0
17085,9.369464,0
17086,0.940693,0
17087,10.019176,0
17088,7.640164,0
17089,0.185774,0
17090,10.064316,0
17091,1.487755,1
17092,1.077897,1
17093,9.582362,0
17094,0.513154,1
17095,9.478061,0
17096,0.19706,1
17097,10.200371,1
17098,1.100278,0
17099,0.593751,1
17100,3.423017,1
17101,2.06549,0
17102,8.775571,1
17103,0.07412,1
17104,8.878183,0
17105,1.751608,1
17106,0.978547,1
17107,9.961311,0
17108,0.232461,0
17109,0.39699,0
17110,9.328975,0
17111,2.308719,1
17112,0.093413,0
17113,8.749752,0
17114,2.225908,0
17115,0.052789,0
17116,0.415718,1
17117,0.362978,0
17118,0.295194,1
17119,9.170561,0
17120,0.126701,0
17121,9.818226,0
17122,0.089204,1
17123,1.049558,0
17124,0.287106,0
17125,0.162794,0
17126,10.933756,0
17127,0.210565,1
17128,4.221895,1
17129,9.08682,1
17130,0.305529,0
17131,3.34504,0
17132,9.525795,0
17133,1.278611,1
17134,0.19054,1
17135,0.577908,0
17136,0.472056,1
17137,10.331336,1
17138,10.724642,0
17139,0.192581,1
17140,10.339677,0
17141,2.007442,0
17142,1.751367,0
17143,0.044267,1
17144,8.538548,0
17145,0.791396,0
17146,10.787678,0
17147,0.117011,1
17148,0.096582,1
17149,10.010887,0
17150,0.301195,0
17151,3.221521,1
17152,10.904649,0
17153,0.290642,1
17154,1.503651,1
17155,2.849378,0
17156,0.383318,0
17157,0.172806,1
17158,2.963932,0
17159,3.657209,0
17160,0.246889,1
17161,9.972809,0
17162,1.666519,0
17163,2.353142,1
17164,10.974843,0
17165,0.095051,1
17166,0.302411,1
17167,0.234595,1
17168,7.829134,0
17169,0.713796,1
17170,0.114682,1
17171,0.117055,0
17172,10.580351,0
17173,0.095298,0
17174,0.78513,0
17175,0.145875,1
17176,1.108473,0
17177,2.687968,0
17178,0.162751,0
17179,0.45284,1
17180,9.28766,0
17181,9.798166,0
17182,9.524833,1
17183,0.10277,0
17184,0.484268,0
17185,0.51384,1
17186,0.575927,1
17187,2.173539,1
17188,9.152244,0
17189,2.963763,1
17190,10.032044,0
17191,9.340072,0
17192,0.135509,1
17193,0.136618,0
17194,10.177751,0
17195,0.887025,1
17196,0.211761,1
17197,0.752407,1
17198,0.120916,1
17199,9.558425,0
17200,0.414875,1
17201,0.799868,0
17202,1.970777,1
17203,0.340532,0
17204,11.215265,0
17205,0.076278,0
17206,1.369769,1
17207,2.601717,0
17208,2.755168,0
17209,9.220565,0
17210,0.726629,1
17211,8.801952,0
17212,0.189414,0
17213,10.663531,1
17214,0.735711,1
17215,1.149639,0
17216,2.84313,1
17217,9.447025,0
17218,1.014647,0
17219,11.360949,1
17220,0.110902,0
17221,2.901699,1
17222,0.136535,1
17223,0.220618,0
17224,0.049012,1
17225,10.351872,0
17226,0.126561,0
17227,1.845036,1
17228,0.393629,0
17229,0.325042,0
17230,1.193321,1
17231,2.126741,0
17232,0.634889,1
17233,10.593783,1
17234,2.074891,0
17235,0.101736,1
17236,1.19632,0
17237,10.030031,0
17238,8.429972,1
17239,8.923161,0
17240,10.070752,0
17241,9.640194,0
17242,1.483385,0
17243,0.600703,1
17244,10.452034,0
17245,8.973907,0
17246,0.102653,1
17247,1.336755,1
17248,10.818361,0
17249,9.342037,0
17250,10.187433,0
17251,0.250196,0
17252,10.389642,1
17253,11.373965,0
17254,0.169096,1
17255,10.364738,0
17256,10.271703,0
17257,0.291022,1
17258,10.346596,0
17259,0.678264,0
17260,0.169932,0
17261,4.017084,1
17262,1.893826,1
17263,0.259234,1
17264,2.007423,1
17265,0.612317,1
17266,0.150896,1
17267,0.970845,1
17268,0.992655,0
17269,1.424855,1
17270,9.703061,0
17271,2.002601,0
17272,0.748128,0
17273,0.683591,0
17274,9.890891,0
17275,0.205105,1
17276,8.567668,1
17277,9.826237,0
17278,9.871592,0
17279,0.210529,0
17280,0.115777,1
17281,0.196932,1
17282,1.511935,0
17283,0.439614,0
17284,9.262529,0
17285,0.427153,0
17286,8.721928,0
17287,0.104339,1
17288,4.085657,0
17289,0.188892,1
17290,1.136611,1
17291,0.521084,0
17292,0.137413,0
17293,9.117729,0
17294,0.104326,1
17295,0.182091,1
17296,0.184401,1
17297,2.588799,1
17298,0.814889,0
17299,8.950826,0
17300,10.840055,0
17301,2.599418,1
17302,3.667878,1
17303,0.081573,1
17304,0.77646,0
17305,0.94138,0
17306,10.33112,0
17307,0.064536,1
17308,0.408658,0
17309,9.017245,1
17310,8.907961,0
17311,0.229766,1
17312,0.280006,0
17313,0.54735,0
17314,0.812274,1
17315,1.340194,1
17316,3.386263,0
17317,1.541616,1
17318,0.32064,0
17319,9.538261,0
17320,0.234029,0
17321,9.344428,0
17322,9.978298,1
17323,0.212118,1
17324,10.035545,0
17325,9.058912,1
17326,8.079309,0
17327,0.441691,1
17328,3.244989,1
17329,0.324672,1
17330,1.620372,0
17331,0.065281,0
17332,0.255229,0
17333,10.160931,0
17334,5.091089,1
17335,0.084327,1
17336,9.821182,0
17337,0.829001,0
17338,8.898803,1
17339,0.78158,0
17340,8.800262,0
17341,0.751454,0
17342,1.842807,0
17343,0.431958,1
17344,9.534098,1
17345,0.322395,0
17346,10.416156,0
17347,9.917375,0
17348,2.054317,1
17349,9.688109,0
17350,8.623704,1
17351,9.573868,0
17352,3.046525,1
17353,2.10332,0
17354,0.227278,0
17355,9.440861,0
17356,9.329007,0
17357,8.580012,0
17358,0.568835,0
17359,0.154967,1
17360,2.050826,0
17361,10.08082,0
17362,9.079807,0
17363,0.281452,0
17364,9.872476,0
17365,7.31455,0
17366,0.30891,1
17367,0.854371,1
17368,0.140514,1
17369,9.416219,0
17370,10.957389,0
17371,9.049053,0
17372,10.437586,1
17373,0.111745,1
17374,10.649129,0
17375,9.376149,0
17376,1.708694,1
17377,9.31694,1
17378,2.553305,0
17379,8.891657,0
17380,1.963832,1
17381,1.613248,1
17382,0.166179,0
17383,1.003201,1
17384,9.373245,0
17385,0.528991,1
17386,10.554646,0
17387,9.454157,0
17388,9.093625,0
17389,1.298688,0
17390,0.152366,1
17391,0.543586,0
17392,0.073653,1
17393,8.247234,0
17394,0.038587,1
17395,10.365935,1
17396,0.999052,1
17397,9.336276,0
17398,0.519816,1
17399,0.375764,1
17400,10.106792,0
17401,1.877863,0
17402,0.055798,0
17403,9.37121,1
17404,0.216117,1
17405,0.47835,0
17406,1.173256,1
17407,2.673871,1
17408,0.197205,1
17409,10.038911,0
17410,10.027318,1
17411,9.472812,0
17412,9.249173,1
17413,2.793148,0
17414,8.951489,0
17415,9.831001,0
17416,10.200678,0
17417,0.193023,1
17418,2.00002,1
17419,0.182907,0
17420,0.101609,1
17421,0.20878,1
17422,9.359962,0
17423,1.064949,0
17424,9.066836,0
17425,0.286442,0
17426,9.111256,0
17427,10.588245,0
17428,9.571172,0
17429,8.784798,0
17430,8.570023,0
17431,0.123144,1
17432,9.111828,0
17433,3.433023,1
17434,0.112243,1
17435,1.95872,1
17436,8.892554,0
17437,0.291129,1
17438,1.298094,1
17439,9.379279,0
17440,3.09493,1
17441,0.064264,1
17442,0.041741,0
17443,8.823055,0
17444,3.307698,1
17445,0.141226,0
17446,10.892605,0
17447,0.313744,0
17448,9.172936,1
17449,8.737327,0
17450,9.357564,1
17451,2.331178,1
17452,0.41698,0
17453,10.065605,0
17454,0.522473,0
17455,1.902874,1
17456,0.124588,0
17457,0.538825,0
17458,1.245226,1
17459,9.501945,1
17460,8.97192,0
17461,10.291185,1
17462,10.049314,0
17463,9.215529,0
17464,2.674129,1
17465,0.343405,0
17466,2.892318,0
17467,2.418767,1
17468,0.080442,1
17469,0.440129,0
17470,0.137241,1
17471,0.277858,1
17472,8.833833,0
17473,0.45405,0
17474,1.405176,1
17475,0.476424,0
17476,0.22809,0
17477,0.118173,1
17478,0.178014,1
17479,1.898912,0
17480,1.743163,1
17481,0.260682,0
17482,10.248033,0
17483,1.002583,1
17484,10.495191,1
17485,0.795871,0
17486,2.145552,0
17487,9.794554,0
17488,0.188675,1
17489,0.207966,1
17490,10.192931,1
17491,9.245676,0
17492,9.020778,1
17493,0.058679,1
17494,1.4073,0
17495,8.570274,0
17496,9.543368,0
17497,0.081034,1
17498,10.093802,0
17499,0.304119,0
17500,0.225729,0
17501,0.525835,0
17502,1.326805,0
17503,1.871368,1
17504,10.411759,0
17505,0.247073,1
17506,0.615414,1
17507,2.745893,0
17508,8.712811,0
17509,7.943059,1
17510,0.091534,1
17511,0.857136,0
17512,2.072155,1
17513,0.162567,0
17514,0.288021,0
17515,10.217444,1
17516,0.313142,1
17517,0.064595,0
17518,0.115625,1
17519,3.283159,1
17520,0.587458,1
17521,0.340891,0
17522,0.223734,1
17523,1.529505,1
17524,0.05731,0
17525,0.336472,0
17526,10.166773,0
17527,0.455884,1
17528,2.391237,0
17529,10.660447,0
17530,2.849206,1
17531,0.290142,0
17532,0.173997,1
17533,9.135125,0
17534,0.134327,1
17535,0.16254,1
17536,0.440094,0
17537,0.119083,0
17538,0.249302,0
17539,0.220036,0
17540,10.371776,0
17541,9.999592,0
17542,0.22091,0
17543,3.369246,0
17544,9.501573,1
17545,0.121767,0
17546,9.911201,0
17547,10.141396,0
17548,0.730958,0
17549,4.688303,1
17550,0.093145,1
17551,1.029787,0
17552,0.074951,1
17553,2.44611,1
17554,0.257,0
17555,1.480912,1
17556,0.117928,1
17557,1.986602,0
17558,0.162195,1
17559,9.540672,1
17560,0.167579,1
17561,0.618345,0
17562,0.076392,0
17563,10.057015,0
17564,9.825208,0
17565,10.878908,1
17566,8.939125,1
17567,1.016501,1
17568,2.361434,0
17569,8.554585,1
17570,3.127779,0
17571,1.520684,0
17572,11.984195,0
17573,3.566177,1
17574,0.065308,0
17575,9.976764,0
17576,0.452873,0
17577,0.146738,1
17578,9.514111,0
17579,0.289735,0
17580,0.270847,0
17581,9.130127,0
17582,10.216975,1
17583,10.480246,0
17584,3.101772,0
17585,2.09853,1
17586,9.200455,0
17587,0.371962,0
17588,1.471557,1
17589,9.225826,0
17590,9.78009,0
17591,9.990772,0
17592,0.799219,0
17593,0.256261,0
17594,1.19225,1
17595,2.703884,1
17596,0.266013,1
17597,0.873627,1
17598,0.094204,1
17599,9.430768,0
17600,0.06711,0
17601,0.471438,0
17602,0.26399,0
17603,0.358736,1
17604,8.402473,1
17605,0.182088,1
17606,0.176757,1
17607,9.181208,0
17608,0.489388,0
17609,0.593028,1
17610,10.777728,1
17611,8.711195,0
17612,9.908196,0
17613,9.806244,0
17614,0.250297,0
17615,2.487672,1
17616,1.46852,1
17617,0.096423,1
17618,0.459354,1
17619,0.751108,0
17620,0.451605,0
17621,0.280436,0
17622,1.332908,1
17623,0.163014,1
17624,1.590078,1
17625,0.503246,0
17626,8.803885,1
17627,10.83738,1
17628,0.096499,1
17629,0.581965,1
17630,2.593304,1
17631,9.55312,0
17632,0.462754,0
17633,0.150081,0
17634,8.44251,0
17635,0.156259,1
17636,0.186323,1
17637,0.730393,1
17638,9.530743,0
17639,0.364377,0
17640,0.213431,0
17641,0.217127,1
17642,1.302866,0
17643,1.644969,0
17644,10.434362,0
17645,10.12974,0
17646,9.010907,0
17647,0.060099,1
17648,9.578647,0
17649,0.505212,0
17650,10.838801,1
17651,0.310153,1
17652,9.580098,0
17653,9.480828,0
17654,9.216495,1
17655,1.31393,0
17656,10.058686,0
17657,9.239761,0
17658,0.296935,0
17659,2.078208,1
17660,0.0845,0
17661,2.384662,0
17662,0.070959,1
17663,3.755749,1
17664,0.170397,1
17665,0.170068,1
17666,2.352033,1
17667,0.353772,1
17668,8.76332,0
17669,0.115797,0
17670,9.699636,1
17671,9.015343,1
17672,0.156765,1
17673,0.233062,0
17674,10.743925,1
17675,9.502069,0
17676,1.071414,0
17677,0.577801,0
17678,9.308423,0
17679,9.868853,0
17680,2.104064,0
17681,0.285864,0
17682,0.085902,1
17683,11.255022,0
17684,2.51298,1
17685,2.17071,0
17686,2.779803,1
17687,0.487309,0
17688,0.077445,1
17689,11.115273,0
17690,10.427201,0
17691,9.97111,1
17692,0.128381,1
17693,0.03934,1
17694,0.302506,0
17695,0.272472,1
17696,9.76475,0
17697,9.711423,0
17698,9.143306,1
17699,10.084121,0
17700,3.068778,1
17701,11.578226,0
17702,10.651769,1
17703,1.08555,1
17704,0.066405,0
17705,9.448499,0
17706,0.623951,1
17707,3.73691,1
17708,2.902565,1
17709,0.088232,1
17710,10.056514,0
17711,0.284474,1
17712,0.219523,0
17713,0.820156,1
17714,0.245539,1
17715,10.851284,1
17716,10.505579,0
17717,0.134354,1
17718,8.513826,1
17719,10.634959,1
17720,8.901072,0
17721,0.12911,1
17722,0.981197,0
17723,0.886053,0
17724,0.064279,0
17725,9.092136,0
17726,0.121458,1
17727,9.522666,0
17728,9.081054,0
17729,2.768234,0
17730,7.976207,0
17731,9.202451,0
17732,10.056602,0
17733,1.424877,0
17734,0.116252,0
17735,0.620642,0
17736,0.453678,0
17737,0.817866,1
17738,1.006814,1
17739,10.928357,0
17740,9.380383,0
17741,0.649909,1
17742,0.181141,0
17743,9.826471,1
17744,0.230393,1
17745,0.405386,1
17746,0.490059,0
17747,9.374726,0
17748,0.140405,1
17749,0.207252,0
17750,0.200913,0
17751,0.115003,1
17752,0.922396,0
17753,0.311394,1
17754,0.537499,0
17755,8.667448,1
17756,9.581998,0
17757,1.075701,1
17758,1.392265,0
17759,8.944498,0
17760,9.057958,0
17761,0.075501,1
17762,0.683667,1
17763,0.070171,1
17764,9.32695,1
17765,0.280325,1
17766,10.844698,0
17767,0.09669,0
17768,0.07446,1
17769,1.087866,0
17770,8.498637,0
17771,0.079822,1
17772,0.250451,1
17773,0.116892,0
17774,9.432411,0
17775,1.035141,0
17776,9.918233,0
17777,0.148146,1
17778,0.339332,0
17779,8.422394,0
17780,0.827332,1
17781,0.10399,0
17782,2.23834,0
17783,0.096391,1
17784,9.343785,0
17785,8.520728,0
17786,0.222107,1
17787,0.587534,1
17788,10.223642,0
17789,2.399433,0
17790,2.772027,1
17791,0.13684,1
17792,9.995296,1
17793,0.159193,1
17794,9.523921,0
17795,0.142272,1
17796,0.331162,1
17797,9.70835,0
17798,10.605128,1
17799,2.424725,1
17800,0.145558,1
17801,9.852929,0
17802,9.415461,0
17803,10.453608,0
17804,9.930058,0
17805,9.320979,0
17806,0.280329,0
17807,1.629889,1
17808,10.671156,0
17809,0.258534,0
17810,0.066321,1
17811,9.3664,0
17812,4.253673,1
17813,8.83707,1
17814,10.728965,0
17815,10.040792,0
17816,4.451902,1
17817,0.430359,1
17818,10.577991,0
17819,8.914258,1
17820,0.119817,1
17821,7.374127,0
17822,1.912122,1
17823,9.969951,0
17824,10.37225,1
17825,10.177179,0
17826,9.174214,0
17827,1.606054,0
17828,9.423893,1
17829,10.145889,1
17830,0.160898,1
17831,0.281104,1
17832,3.241811,1
17833,1.731864,0
17834,9.836749,0
17835,10.460114,0
17836,1.832711,1
17837,2.830896,1
17838,0.857428,1
17839,0.403823,1
17840,2.883569,1
17841,2.599224,1
17842,0.269327,0
17843,0.898498,1
17844,9.644712,0
17845,0.39996,1
17846,2.835554,0
17847,1.319795,0
17848,1.484507,0
17849,9.4123,0
17850,0.157867,1
17851,9.119444,0
17852,8.770025,1
17853,0.35769,1
17854,10.611365,0
17855,1.061719,0
17856,10.566262,0
17857,8.714731,0
17858,0.36699,1
17859,1.298802,1
17860,0.167024,1
17861,9.722095,0
17862,0.098566,1
17863,9.079406,0
17864,0.23333,1
17865,0.708696,0
17866,2.559086,0
17867,9.268997,0
17868,0.485395,0
17869,10.449655,1
17870,0.338443,1
17871,9.482701,0
17872,1.757459,1
17873,0.399325,1
17874,10.059334,0
17875,0.751699,0
17876,9.208603,0
17877,0.487279,1
17878,0.609026,1
17879,0.370698,1
17880,11.447718,0
17881,1.248636,1
17882,1.774559,1
17883,3.347612,1
17884,0.15791,1
17885,1.228534,1
17886,10.57917,1
17887,9.126616,0
17888,0.336929,1
17889,1.992666,1
17890,9.051879,0
17891,0.516593,1
17892,0.054846,0
17893,0.041285,1
17894,0.048085,0
17895,9.152283,1
17896,2.400588,0
17897,2.197505,0
17898,0.719685,1
17899,3.318757,0
17900,9.479625,0
17901,0.79944,0
17902,0.183673,1
17903,8.69953,1
17904,8.473234,0
17905,0.21246,0
17906,9.859,1
17907,0.95319,0
17908,11.143993,0
17909,0.592622,0
17910,9.618423,0
17911,9.183735,0
17912,0.574642,0
17913,0.125617,0
17914,8.812372,0
17915,9.583428,1
17916,0.301732,1
17917,0.564805,0
17918,1.393376,1
17919,0.070239,1
17920,2.418298,0
17921,0.417368,0
17922,8.634862,0
17923,9.371473,1
17924,9.923505,1
17925,0.672101,0
17926,0.112257,1
17927,0.15369,1
17928,9.529963,0
17929,3.494722,1
17930,2.4955,1
17931,9.224953,0
17932,0.073408,0
17933,9.059915,1
17934,0.341562,1
17935,0.338585,1
17936,0.417097,0
17937,0.594225,1
17938,0.309374,1
17939,9.131307,0
17940,10.502911,1
17941,9.815816,0
17942,0.713449,0
17943,10.42276,0
17944,3.013229,0
17945,9.028626,0
17946,1.145615,1
17947,10.592179,0
17948,9.295877,1
17949,1.749806,1
17950,10.255089,0
17951,0.427855,1
17952,0.428875,0
17953,10.050992,0
17954,9.595396,1
17955,2.594408,1
17956,0.088195,0
17957,10.585165,0
17958,9.242895,0
17959,0.942347,1
17960,1.237435,1
17961,9.00204,0
17962,9.420319,1
17963,1.138677,1
17964,0.969599,0
17965,9.407656,1
17966,0.242326,1
17967,9.46397,0
17968,10.886862,0
17969,1.252681,1
17970,0.728998,1
17971,9.376585,0
17972,0.138727,1
17973,1.621991,0
17974,10.828906,0
17975,3.021619,1
17976,11.168133,0
17977,9.791726,0
17978,0.049581,0
17979,0.080638,1
17980,0.058527,0
17981,0.766187,1
17982,2.95611,1
17983,8.860629,0
17984,3.49595,1
17985,0.048666,1
17986,9.797114,1
17987,3.704821,1
17988,9.797125,1
17989,9.612984,0
17990,0.321207,0
17991,0.095482,1
17992,9.258566,0
17993,0.598481,0
17994,2.079452,0
17995,8.814559,0
17996,8.82445,1
17997,0.071364,1
17998,0.136702,0
17999,2.119088,0
18000,0.192452,1
18001,0.095014,1
18002,10.747919,1
18003,10.040255,0
18004,9.165465,0
18005,0.175332,0
18006,1.088741,0
18007,0.238529,0
18008,0.128911,1
18009,0.07085,0
18010,3.663138,1
18011,0.173967,0
18012,10.651877,0
18013,1.531381,0
18014,9.034464,1
18015,0.791509,0
18016,1.785373,0
18017,0.326335,1
18018,9.850048,1
18019,0.72945,0
18020,10.578018,1
18021,0.073252,1
18022,10.495801,1
18023,0.094757,1
18024,2.665501,0
18025,9.504418,1
18026,9.407495,1
18027,10.582702,0
18028,0.159672,0
18029,1.166187,1
18030,9.447568,0
18031,10.213187,0
18032,0.093065,1
18033,0.189917,1
18034,0.268025,1
18035,0.224149,1
18036,0.556616,0
18037,0.252209,0
18038,0.169123,1
18039,10.16601,0
18040,9.181699,0
18041,0.085219,1
18042,8.87326,0
18043,10.45361,1
18044,0.181082,0
18045,3.779019,1
18046,2.564782,1
18047,2.801822,1
18048,0.062697,0
18049,0.929172,0
18050,9.340068,1
18051,9.882534,0
18052,0.074735,0
18053,9.433764,0
18054,9.793118,0
18055,1.943559,0
18056,10.35273,0
18057,9.185198,0
18058,0.948544,1
18059,0.105235,1
18060,0.506335,0
18061,0.843455,1
18062,0.168031,0
18063,9.307558,0
18064,10.797571,0
18065,9.574753,1
18066,1.329201,0
18067,0.703593,1
18068,0.417711,0
18069,0.920184,1
18070,9.102845,1
18071,9.099278,1
18072,8.868099,0
18073,10.514371,0
18074,1.837859,1
18075,1.291288,0
18076,10.088183,0
18077,1.809544,0
18078,8.57244,1
18079,0.700357,1
18080,0.353814,0
18081,0.314076,1
18082,9.398213,0
18083,10.40628,1
18084,9.476004,0
18085,8.606859,1
18086,0.152544,1
18087,10.295235,0
18088,10.671427,1
18089,0.154526,0
18090,0.434068,1
18091,1.141269,1
18092,9.719646,0
18093,1.416537,1
18094,9.252344,1
18095,11.031261,0
18096,0.16814,1
18097,10.050057,1
18098,0.070791,1
18099,8.83427,0
18100,0.102803,1
18101,0.412347,1
18102,10.455385,1
18103,10.032466,1
18104,1.322365,0
18105,8.656936,0
18106,3.639022,1
18107,0.145441,0
18108,0.273502,1
18109,0.289164,1
18110,9.712236,0
18111,10.171736,0
18112,0.919782,0
18113,1.019336,0
18114,0.053589,0
18115,3.486274,0
18116,0.065457,1
18117,0.362816,0
18118,0.714142,0
18119,3.393757,1
18120,0.521424,0
18121,0.070842,0
18122,1.028633,1
18123,10.74873,0
18124,1.679099,0
18125,10.367057,1
18126,0.51367,0
18127,2.17647,0
18128,0.550292,1
18129,10.816708,1
18130,1.253114,1
18131,0.552585,0
18132,0.21126,1
18133,0.922792,1
18134,0.059396,1
18135,0.151361,1
18136,2.710166,1
18137,2.419243,1
18138,11.295612,1
18139,0.309643,0
18140,0.220186,0
18141,0.256815,1
18142,0.253997,0
18143,3.520164,1
18144,10.066095,0
18145,0.181528,0
18146,1.332385,0
18147,0.238371,0
18148,8.765924,1
18149,9.021942,1
18150,0.877483,1
18151,0.089658,1
18152,9.748085,1
18153,2.20918,1
18154,1.366457,0
18155,0.652732,1
18156,9.284877,0
18157,10.187999,0
18158,0.073141,1
18159,0.913252,1
18160,0.223158,1
18161,0.248758,0
18162,0.503929,1
18163,0.902318,0
18164,0.130941,1
18165,1.544252,0
18166,2.535773,1
18167,0.230724,1
18168,8.172378,1
18169,0.284297,0
18170,0.211407,0
18171,10.219137,0
18172,0.160485,1
18173,0.179898,1
18174,9.72743,1
18175,2.741502,0
18176,1.165896,0
18177,0.263644,1
18178,0.063392,1
18179,2.349194,0
18180,0.216748,1
18181,0.098574,1
18182,10.264003,0
18183,0.388222,0
18184,9.722707,0
18185,0.298656,1
18186,0.243658,0
18187,10.379839,0
18188,3.257205,1
18189,2.357786,0
18190,0.509661,0
18191,9.904105,0
18192,8.301717,0
18193,1.026133,1
18194,0.691704,0
18195,9.249922,0
18196,2.976334,0
18197,0.241637,0
18198,0.062413,1
18199,0.124691,1
18200,0.239847,0
18201,9.059987,1
18202,0.111633,1
18203,0.19474,1
18204,0.604402,0
18205,0.700345,1
18206,1.309469,1
18207,10.061831,0
18208,0.602136,0
18209,0.405975,1
18210,10.725378,0
18211,0.16949,1
18212,0.371705,1
18213,9.729337,0
18214,0.673289,1
18215,10.425543,0
18216,10.216206,1
18217,1.101381,0
18218,0.236004,1
18219,9.435263,0
18220,0.61094,0
18221,9.409089,0
18222,11.438017,0
18223,9.903908,0
18224,0.37626,1
18225,10.009984,0
18226,9.285072,0
18227,10.242431,0
18228,1.119367,1
18229,0.753242,1
18230,0.061821,0
18231,0.165095,1
18232,0.179544,1
18233,9.949639,1
18234,0.894623,0
18235,0.107229,0
18236,2.30262,1
18237,9.171933,0
18238,0.459084,1
18239,0.224551,1
18240,9.638222,0
18241,0.063288,0
18242,0.509054,1
18243,0.535193,1
18244,0.456219,1
18245,8.367816,0
18246,3.008498,1
18247,9.476853,0
18248,1.801647,0
18249,0.297257,0
18250,2.975273,0
18251,3.035019,1
18252,0.266255,1
18253,2.37588,0
18254,0.049202,1
18255,3.375011,1
18256,0.160815,0
18257,0.88203,0
18258,10.509092,0
18259,10.427301,0
18260,10.420759,0
18261,0.0689,1
18262,0.171273,1
18263,8.418673,1
18264,0.211373,1
18265,2.614468,0
18266,0.218135,0
18267,0.432839,0
18268,1.232098,1
18269,2.043308,0
18270,0.378019,1
18271,2.208152,0
18272,10.685822,0
18273,1.951543,1
18274,0.882869,0
18275,8.739986,1
18276,8.689357,0
18277,10.786142,0
18278,9.51422,1
18279,1.767895,1
18280,0.165333,0
18281,0.080037,1
18282,2.427994,0
18283,0.045471,1
18284,0.166807,1
18285,2.089291,0
18286,8.233714,0
18287,9.249455,0
18288,10.188871,0
18289,0.287803,1
18290,9.135653,1
18291,0.050038,0
18292,9.131409,1
18293,1.641318,1
18294,0.248862,1
18295,10.149033,1
18296,0.722087,0
18297,1.702877,0
18298,0.204084,0
18299,0.46923,0
18300,0.378151,1
18301,9.613579,0
18302,0.098849,1
18303,10.558863,0
18304,9.691225,0
18305,0.239877,1
18306,9.453177,0
18307,0.592766,0
18308,0.112399,1
18309,3.559666,1
18310,9.304453,0
18311,0.856544,1
18312,0.583062,0
18313,0.614375,1
18314,0.329478,1
18315,0.173148,1
18316,0.162928,0
18317,0.273562,0
18318,0.151688,1
18319,0.155398,1
18320,0.367804,0
18321,8.97768,1
18322,9.592422,1
18323,0.959746,0
18324,9.9392,0
18325,9.962813,0
18326,2.442783,1
18327,1.015744,0
18328,0.068512,1
18329,0.062284,1
18330,0.470405,1
18331,0.335359,0
18332,2.263055,0
18333,10.248907,0
18334,10.550282,1
18335,9.160368,0
18336,1.768727,0
18337,0.542332,1
18338,10.798974,0
18339,9.667287,0
18340,2.809975,0
18341,9.473376,1
18342,0.142593,0
18343,9.739036,0
18344,1.776747,1
18345,0.708694,1
18346,8.968455,0
18347,9.720899,1
18348,9.391805,0
18349,0.077538,0
18350,8.540171,0
18351,9.661814,0
18352,10.375355,1
18353,9.596939,1
18354,8.999351,0
18355,0.216926,1
18356,0.102466,1
18357,0.1162,1
18358,2.397048,1
18359,9.403996,0
18360,0.119709,1
18361,0.138352,0
18362,0.560812,0
18363,0.115319,1
18364,9.824503,0
18365,0.504909,0
18366,0.414093,1
18367,0.143693,0
18368,2.062526,0
18369,1.132975,0
18370,8.917104,1
18371,2.373218,0
18372,0.253067,1
18373,1.586192,0
18374,10.292713,0
18375,2.304137,0
18376,8.470558,0
18377,3.064198,1
18378,1.180889,1
18379,0.714594,1
18380,2.985048,1
18381,0.202613,1
18382,0.728367,0
18383,8.901171,0
18384,0.514241,1
18385,0.083888,0
18386,8.985842,1
18387,10.863733,1
18388,2.212569,1
18389,2.49539,1
18390,0.126493,1
18391,0.56411,0
18392,0.111282,1
18393,10.167216,0
18394,8.657919,0
18395,0.073297,1
18396,0.749398,1
18397,2.853846,1
18398,9.972898,0
18399,10.783934,0
18400,0.331367,1
18401,1.610016,0
18402,0.458346,1
18403,1.49426,0
18404,1.10468,1
18405,0.436824,1
18406,9.613713,1
18407,0.19592,1
18408,0.787427,1
18409,0.053548,1
18410,10.254769,0
18411,3.539069,1
18412,9.812488,1
18413,1.251682,1
18414,8.875242,0
18415,1.463775,0
18416,1.922676,1
18417,0.068104,1
18418,0.096371,0
18419,0.112396,1
18420,0.078214,1
18421,0.242335,1
18422,2.055938,0
18423,9.670607,0
18424,8.562676,1
18425,9.275395,0
18426,10.170706,0
18427,2.648856,0
18428,9.768724,0
18429,9.826142,1
18430,0.364781,0
18431,0.659964,0
18432,10.484948,0
18433,0.567569,1
18434,0.500493,0
18435,0.377461,0
18436,2.081717,0
18437,0.147772,1
18438,1.058871,1
18439,9.975973,0
18440,10.404719,0
18441,1.603516,1
18442,9.315203,1
18443,0.13731,1
18444,1.606059,1
18445,2.130124,0
18446,9.565988,0
18447,9.830451,0
18448,0.070614,0
18449,8.988838,0
18450,1.795601,0
18451,0.083666,0
18452,9.762082,0
18453,0.75367,0
18454,9.451539,0
18455,9.732139,0
18456,2.155135,1
18457,0.190771,1
18458,10.114264,0
18459,0.090487,1
18460,9.401045,0
18461,0.312996,1
18462,10.450953,0
18463,8.948378,1
18464,10.348532,0
18465,0.071734,1
18466,9.513776,0
18467,10.577063,1
18468,9.846633,0
18469,10.2915,0
18470,0.158903,1
18471,2.77748,1
18472,2.016913,0
18473,1.696377,1
18474,0.423942,0
18475,10.958171,0
18476,0.147564,0
18477,0.167822,1
18478,10.676906,0
18479,10.716509,0
18480,0.168395,1
18481,0.757107,1
18482,0.290545,0
18483,2.358421,0
18484,9.279464,1
18485,0.238891,1
18486,0.165717,1
18487,0.091198,1
18488,0.220907,0
18489,11.76297,0
18490,9.751195,0
18491,0.139,0
18492,0.151034,1
18493,1.044031,0
18494,0.980078,0
18495,1.509943,0
18496,0.243902,1
18497,1.399084,0
18498,9.873966,0
18499,9.174648,0
18500,8.820911,1
18501,2.446183,1
18502,2.856411,1
18503,1.681102,0
18504,3.015039,0
18505,0.067556,1
18506,0.177668,1
18507,0.371436,0
18508,9.019046,0
18509,1.022504,1
18510,0.99822,1
18511,4.031329,1
18512,9.82265,1
18513,10.794566,0
18514,0.054329,0
18515,10.319722,0
18516,9.540025,0
18517,10.530912,1
18518,0.162888,1
18519,0.18828,1
18520,1.981841,0
18521,0.728499,1
18522,10.626499,0
18523,1.859626,1
18524,0.502037,0
18525,2.169146,0
18526,9.900901,0
18527,0.534031,1
18528,0.668483,1
18529,9.440116,0
18530,9.778188,0
18531,0.284276,0
18532,0.234579,1
18533,0.186454,0
18534,10.26459,0
18535,0.061287,1
18536,1.454906,0
18537,0.832225,1
18538,0.978694,0
18539,0.081688,1
18540,1.200516,1
18541,8.757318,0
18542,0.110891,0
18543,9.377931,1
18544,0.291924,0
18545,0.200191,1
18546,2.644012,0
18547,0.984447,1
18548,9.626779,0
18549,0.661009,1
18550,8.557895,1
18551,1.083837,1
18552,9.524662,1
18553,0.362457,0
18554,8.995386,0
18555,9.845831,1
18556,0.130245,1
18557,0.331535,1
18558,10.543894,0
18559,2.393773,0
18560,0.138321,1
18561,0.112696,1
18562,2.308755,0
18563,10.150343,1
18564,8.260435,0
18565,1.458476,0
18566,2.307362,0
18567,0.110062,1
18568,0.112152,1
18569,0.333529,1
18570,0.707875,0
18571,2.564532,0
18572,7.91171,1
18573,1.384578,0
18574,10.762174,0
18575,4.079031,1
18576,0.076144,1
18577,0.102033,1
18578,0.042174,0
18579,1.270057,0
18580,9.535318,0
18581,0.102549,0
18582,8.466533,0
18583,0.123562,1
18584,0.070517,1
18585,8.43137,1
18586,9.854712,0
18587,9.595918,1
18588,9.955568,0
18589,9.152482,0
18590,9.59755,0
18591,1.228172,0
18592,0.08343,1
18593,10.330454,1
18594,1.684773,0
18595,9.584566,0
18596,9.833741,0
18597,1.096202,1
18598,0.145389,0
18599,9.170205,0
18600,0.613744,1
18601,3.042695,1
18602,10.518703,1
18603,0.103462,1
18604,2.295504,0
18605,0.466252,1
18606,0.586994,0
18607,8.944063,0
18608,9.5951,0
18609,10.061609,0
18610,8.227685,1
18611,0.370261,0
18612,10.264191,0
18613,0.129082,1
18614,0.990577,0
18615,2.425454,1
18616,0.690745,0
18617,1.281122,0
18618,11.021461,0
18619,0.121627,1
18620,0.751819,1
18621,9.750692,0
18622,3.946766,1
18623,9.570918,0
18624,10.316656,0
18625,0.141517,1
18626,2.12955,1
18627,0.055572,0
18628,2.10685,0
18629,0.541546,1
18630,9.909261,0
18631,0.270306,1
18632,1.552591,0
18633,0.604166,0
18634,0.17719,1
18635,9.838973,0
18636,0.215455,0
18637,2.170726,0
18638,1.664213,1
18639,9.554337,1
18640,9.87113,1
18641,0.132065,1
18642,0.209506,1
18643,1.807512,0
18644,0.203716,1
18645,0.124369,0
18646,2.57417,1
18647,10.810614,0
18648,0.148354,0
18649,0.284462,1
18650,0.545136,0
18651,8.372555,1
18652,9.754536,1
18653,8.922594,0
18654,0.058195,1
18655,0.137026,1
18656,9.245147,0
18657,0.516761,1
18658,0.074456,0
18659,0.693996,1
18660,9.306156,0
18661,0.413802,0
18662,0.17413,1
18663,3.335828,1
18664,9.718284,0
18665,10.30931,0
18666,0.161004,1
18667,0.111454,1
18668,0.356819,1
18669,0.070546,0
18670,0.736142,1
18671,10.691963,0
18672,3.056174,0
18673,3.522428,0
18674,9.638268,0
18675,1.988136,0
18676,8.949551,0
18677,8.935009,0
18678,10.105775,0
18679,0.281627,1
18680,0.083229,0
18681,1.021986,0
18682,0.467607,0
18683,10.010003,1
18684,2.826571,1
18685,0.153328,1
18686,10.743354,1
18687,9.099388,1
18688,3.3789,1
18689,0.114973,1
18690,9.047695,1
18691,0.424306,0
18692,1.560488,1
18693,9.289839,1
18694,1.357085,1
18695,9.131963,1
18696,10.392761,0
18697,1.108137,1
18698,10.126025,0
18699,0.674623,0
18700,0.231813,0
18701,9.75095,0
18702,11.082165,0
18703,1.214403,1
18704,0.115059,1
18705,0.140497,0
18706,1.919072,1
18707,1.467664,1
18708,9.444197,0
18709,0.137673,1
18710,9.31309,0
18711,2.045282,0
18712,1.628619,0
18713,10.040821,0
18714,0.279408,1
18715,10.383562,0
18716,2.713513,0
18717,1.539775,1
18718,0.776524,0
18719,9.506978,0
18720,0.703437,1
18721,1.280571,1
18722,1.07006,1
18723,9.869644,1
18724,0.966804,1
18725,9.459081,0
18726,0.262935,1
18727,2.340339,0
18728,0.081858,1
18729,1.55523,0
18730,9.275575,0
18731,0.334698,0
18732,0.347428,1
18733,9.554402,0
18734,1.49732,1
18735,1.970473,1
18736,9.674247,0
18737,0.096797,1
18738,1.204152,0
18739,9.538266,0
18740,0.159981,0
18741,0.338658,1
18742,0.197546,1
18743,10.009697,0
18744,9.697687,0
18745,0.178836,0
18746,9.656796,0
18747,0.207863,0
18748,9.93226,0
18749,0.298739,0
18750,3.058311,1
18751,0.260704,0
18752,7.202667,0
18753,2.543287,1
18754,0.045213,1
18755,0.104691,0
18756,0.103181,1
18757,0.543999,0
18758,0.237707,0
18759,9.181643,0
18760,0.16297,1
18761,9.24976,0
18762,1.579426,0
18763,0.22833,0
18764,9.478072,1
18765,0.200171,0
18766,10.062895,0
18767,0.657034,1
18768,9.423862,0
18769,9.974793,1
18770,9.163299,0
18771,9.241261,0
18772,0.477131,0
18773,2.085488,1
18774,0.052563,1
18775,10.344346,1
18776,10.503851,0
18777,9.205648,1
18778,2.777698,1
18779,9.951568,1
18780,0.155913,1
18781,0.158793,1
18782,0.109392,1
18783,3.321649,0
18784,9.48186,0
18785,0.360262,1
18786,1.266427,1
18787,10.395963,0
18788,8.536331,1
18789,10.191922,0
18790,1.26254,1
18791,9.52872,0
18792,10.388317,0
18793,0.184599,1
18794,9.280971,0
18795,0.110831,1
18796,0.293527,0
18797,0.189069,0
18798,3.21775,0
18799,1.053589,1
18800,0.455,0
18801,0.308416,0
18802,9.530102,0
18803,10.676979,0
18804,0.09177,1
18805,0.816685,0
18806,8.976171,0
18807,9.307114,0
18808,9.483563,0
18809,0.346762,0
18810,0.105119,1
18811,0.131986,0
18812,0.386577,1
18813,0.360795,1
18814,0.844529,1
18815,0.068427,1
18816,9.356977,1
18817,0.387132,0
18818,0.585462,0
18819,2.332372,1
18820,1.897521,1
18821,10.753119,0
18822,0.319492,1
18823,0.193448,1
18824,10.974697,0
18825,0.452758,0
18826,0.081301,1
18827,0.181055,1
18828,0.191933,1
18829,0.814331,0
18830,9.407507,0
18831,1.877608,1
18832,9.137068,0
18833,9.901896,0
18834,2.860606,1
18835,1.357599,1
18836,0.065533,1
18837,0.20048,1
18838,0.205855,1
18839,0.972978,1
18840,0.075437,1
18841,0.117609,1
18842,0.431645,1
18843,10.481592,1
18844,9.480504,0
18845,9.559199,1
18846,8.443871,0
18847,0.508987,0
18848,2.862267,1
18849,9.953774,0
18850,0.541487,0
18851,0.218348,0
18852,10.312433,0
18853,0.424777,0
18854,0.318945,0
18855,2.404132,1
18856,0.183731,1
18857,1.23483,0
18858,1.087465,1
18859,0.375878,0
18860,9.208283,0
18861,9.968624,0
18862,10.920893,0
18863,3.655471,1
18864,9.58359,0
18865,9.551445,0
18866,9.2325,0
18867,0.141321,1
18868,1.621275,0
18869,2.501863,0
18870,10.211721,0
18871,9.830274,0
18872,0.741678,1
18873,0.217132,1
18874,0.202674,1
18875,2.659195,1
18876,1.642894,0
18877,9.659544,0
18878,1.155913,1
18879,0.139255,1
18880,0.210244,1
18881,0.274505,0
18882,0.415057,1
18883,0.611734,0
18884,9.573618,0
18885,8.992002,1
18886,0.069392,1
18887,8.941005,0
18888,0.319559,0
18889,0.151557,1
18890,0.267146,0
18891,0.329536,0
18892,0.24639,1
18893,0.268169,1
18894,0.123669,0
18895,8.919621,1
18896,0.136413,1
18897,1.384114,1
18898,10.283377,0
18899,1.800059,1
18900,0.061597,0
18901,10.021646,0
18902,0.067215,1
18903,4.00119,1
18904,0.143533,1
18905,1.490112,0
18906,0.134594,1
18907,1.714201,0
18908,0.274181,1
18909,0.175997,0
18910,9.809496,0
18911,8.433311,0
18912,9.582183,1
18913,11.407422,1
18914,0.201295,0
18915,8.960553,0
18916,0.093589,1
18917,0.689543,1
18918,0.3315,1
18919,0.309533,0
18920,9.071978,1
18921,10.281525,0
18922,2.285466,0
18923,10.49197,0
18924,9.647094,1
18925,8.809896,0
18926,0.705231,0
18927,1.226623,1
18928,10.177245,0
18929,4.018419,0
18930,0.055096,1
18931,0.097607,1
18932,8.965148,0
18933,1.936018,0
18934,10.28624,0
18935,1.122818,1
18936,0.163527,1
18937,2.426359,1
18938,10.130344,0
18939,9.782865,0
18940,10.839092,0
18941,9.574993,0
18942,2.607458,1
18943,0.066136,0
18944,1.434938,0
18945,10.069485,0
18946,0.22484,1
18947,11.347175,0
18948,0.16875,1
18949,10.834835,1
18950,0.23105,1
18951,2.066408,0
18952,9.152287,0
18953,8.781907,0
18954,9.806479,1
18955,0.116264,1
18956,0.220519,0
18957,9.132854,0
18958,2.127499,0
18959,0.572491,1
18960,0.372649,1
18961,1.86516,0
18962,0.158431,0
18963,10.57862,0
18964,10.321363,0
18965,1.75339,1
18966,9.331536,0
18967,3.64345,1
18968,2.700036,0
18969,7.876143,0
18970,0.073926,0
18971,9.097887,1
18972,1.662301,1
18973,4.179224,1
18974,1.207877,0
18975,0.096602,1
18976,1.513987,0
18977,1.826953,0
18978,1.973886,0
18979,1.369628,1
18980,0.698508,0
18981,0.48093,0
18982,0.422406,1
18983,2.539204,1
18984,0.334813,1
18985,8.632999,1
18986,0.11032,0
18987,9.525413,0
18988,10.164672,0
18989,0.920414,0
18990,0.872844,0
18991,0.1491,1
18992,1.640502,0
18993,0.096226,1
18994,0.330099,0
18995,0.064049,1
18996,9.00678,0
18997,0.362469,0
18998,0.256975,1
18999,0.177918,1
19000,0.07973,1
19001,2.756746,0
19002,10.001837,0
19003,2.557938,0
19004,0.923565,1
19005,1.951239,1
19006,9.447075,1
19007,9.864016,1
19008,2.083012,0
19009,4.218003,1
19010,0.083498,1
19011,8.599058,1
19012,10.6518,1
19013,0.11752,1
19014,1.201205,1
19015,10.117961,1
19016,9.359221,0
19017,0.26546,1
19018,0.311707,1
19019,9.135468,0
19020,0.243432,0
19021,9.845971,0
19022,10.042361,0
19023,0.135703,1
19024,0.133513,1
19025,0.183525,1
19026,3.824169,0
19027,9.881721,0
19028,0.346271,1
19029,1.690535,0
19030,2.970644,1
19031,9.41699,0
19032,0.518877,0
19033,9.497969,1
19034,10.693871,0
19035,0.340626,1
19036,9.639569,0
19037,9.210715,0
19038,0.087023,1
19039,9.383908,0
19040,9.136039,0
19041,9.363111,0
19042,7.408771,0
19043,1.861226,1
19044,0.68855,0
19045,0.213777,0
19046,10.607364,0
19047,10.89701,1
19048,0.367303,0
19049,9.695061,1
19050,0.109971,0
19051,9.470943,0
19052,8.709798,1
19053,0.566629,1
19054,9.303145,0
19055,2.601656,0
19056,0.113411,1
19057,10.791199,1
19058,8.202448,1
19059,1.271408,0
19060,8.487884,0
19061,0.496455,1
19062,10.283475,0
19063,0.404396,1
19064,2.26018,1
19065,10.831921,1
19066,10.609059,0
19067,1.982045,0
19068,8.927096,0
19069,1.121906,1
19070,3.359349,1
19071,0.317173,1
19072,9.290669,0
19073,10.335763,0
19074,0.05258,1
19075,9.354887,0
19076,9.172565,0
19077,9.928128,1
19078,2.093974,1
19079,9.793788,0
19080,0.120562,1
19081,0.199749,0
19082,0.051106,1
19083,10.508959,0
19084,9.418385,1
19085,0.417138,1
19086,2.2678,0
19087,2.796589,1
19088,10.871674,0
19089,0.490331,1
19090,0.701468,1
19091,2.222466,1
19092,10.567845,0
19093,0.174518,0
19094,1.233524,1
19095,1.637347,0
19096,9.596573,0
19097,0.643121,1
19098,0.054837,0
19099,0.124554,0
19100,9.13526,0
19101,10.461863,0
19102,10.190603,0
19103,0.087939,1
19104,0.643871,1
19105,10.886545,1
19106,9.763949,0
19107,9.740152,1
19108,8.413711,1
19109,0.046913,0
19110,10.580746,1
19111,2.798297,0
19112,9.04867,1
19113,0.157801,1
19114,0.106062,0
19115,4.408407,1
19116,9.68582,0
19117,0.583186,1
19118,0.223445,0
19119,0.084405,1
19120,0.060722,1
19121,0.049569,0
19122,0.091595,0
19123,0.57419,0
19124,10.571868,1
19125,0.038229,1
19126,0.083544,1
19127,9.588336,1
19128,3.286517,0
19129,9.496982,0
19130,9.035734,0
19131,0.774753,1
19132,0.218906,1
19133,0.113325,1
19134,0.969113,0
19135,0.121923,1
19136,0.543246,0
19137,0.768244,0
19138,1.050958,1
19139,2.784848,1
19140,2.065191,1
19141,0.075107,1
19142,0.162552,1
19143,0.637304,1
19144,0.040911,1
19145,0.234261,0
19146,11.139805,1
19147,0.965975,1
19148,0.318159,1
19149,0.115853,0
19150,0.187352,0
19151,0.584722,1
19152,0.192407,1
19153,8.59322,0
19154,2.805374,1
19155,9.678688,1
19156,2.104102,1
19157,9.301888,1
19158,1.834716,0
19159,2.351809,0
19160,0.272744,1
19161,9.583571,0
19162,8.829784,1
19163,1.613539,0
19164,0.78916,0
19165,0.80755,1
19166,8.853104,1
19167,9.556678,0
19168,9.267636,0
19169,10.8229,0
19170,0.383437,1
19171,1.61519,1
19172,9.729048,0
19173,0.144949,1
19174,9.900205,0
19175,9.407245,0
19176,9.946114,0
19177,9.836003,1
19178,9.862214,0
19179,0.330977,1
19180,0.319734,1
19181,0.30592,1
19182,0.446716,1
19183,8.75971,0
19184,0.145981,1
19185,9.662465,0
19186,8.732405,0
19187,9.11214,0
19188,9.42417,0
19189,10.617633,0
19190,1.750543,1
19191,0.962364,1
19192,0.302479,1
19193,0.211781,0
19194,9.260671,0
19195,0.238952,0
19196,9.345345,0
19197,9.339862,1
19198,0.667137,0
19199,10.354232,0
19200,1.69935,0
19201,9.738976,0
19202,0.092085,1
19203,9.120996,0
19204,10.852203,0
19205,0.264936,0
19206,0.130815,1
19207,9.835089,1
19208,9.017777,0
19209,0.184577,1
19210,1.674292,0
19211,2.177887,0
19212,1.284228,1
19213,9.359722,0
19214,0.073333,0
19215,8.664201,0
19216,0.552758,1
19217,0.150409,1
19218,0.12156,1
19219,2.437809,0
19220,9.068173,0
19221,9.798059,0
19222,0.441491,0
19223,2.238586,1
19224,10.117139,0
19225,9.428966,0
19226,0.251346,0
19227,4.259278,1
19228,2.993788,0
19229,2.485462,1
19230,0.158597,0
19231,0.103792,1
19232,10.530629,0
19233,0.168006,1
19234,9.104546,1
19235,0.809808,1
19236,3.046845,1
19237,10.196277,0
19238,0.146667,1
19239,9.488943,0
19240,0.440673,0
19241,9.015322,0
19242,2.507789,0
19243,2.390853,0
19244,0.153183,0
19245,0.940381,1
19246,1.129736,0
19247,9.53787,0
19248,10.61047,1
19249,0.635786,1
19250,8.844561,0
19251,1.809056,1
19252,3.299337,1
19253,0.523123,1
19254,0.899058,0
19255,0.083467,1
19256,0.884264,0
19257,1.356636,0
19258,10.942562,0
19259,0.455377,1
19260,10.417089,1
19261,0.521698,1
19262,0.143107,0
19263,0.131191,1
19264,9.322074,0
19265,0.531794,1
19266,3.254655,1
19267,10.526334,1
19268,0.351125,1
19269,0.194728,0
19270,0.148911,0
19271,9.224201,1
19272,2.291487,0
19273,11.061821,0
19274,9.321199,1
19275,0.231979,0
19276,0.37808,1
19277,9.392134,0
19278,0.524106,1
19279,2.126566,0
19280,0.087746,1
19281,0.107066,0
19282,8.926878,0
19283,1.797559,0
19284,10.427787,0
19285,3.88353,1
19286,0.490648,0
19287,9.426036,0
19288,10.3718,1
19289,0.216154,1
19290,0.14223,0
19291,1.418587,1
19292,0.347368,0
19293,10.477649,0
19294,0.594479,0
19295,0.056834,1
19296,9.795567,0
19297,0.430915,1
19298,1.236061,0
19299,0.19018,1
19300,0.359824,1
19301,1.93972,1
19302,9.813176,1
19303,1.621334,1
19304,9.588301,0
19305,9.499331,0
19306,0.190079,1
19307,2.167189,1
19308,0.414166,1
19309,8.606848,0
19310,0.260369,0
19311,0.404311,1
19312,0.396188,0
19313,0.191896,1
19314,9.755002,1
19315,0.477671,0
19316,0.342046,1
19317,0.070336,1
19318,9.413792,0
19319,9.354039,0
19320,0.194577,0
19321,3.457219,1
19322,8.607018,0
19323,9.060836,0
19324,0.176797,0
19325,9.463402,0
19326,1.300486,1
19327,0.387044,1
19328,2.362846,0
19329,9.795997,0
19330,0.34403,0
19331,9.68217,0
19332,0.466948,1
19333,0.128718,0
19334,0.236874,0
19335,8.727714,1
19336,0.157903,1
19337,0.500899,1
19338,10.221427,1
19339,1.970859,0
19340,9.664545,0
19341,11.021975,1
19342,3.577834,1
19343,0.912088,0
19344,0.063002,0
19345,2.183328,1
19346,9.6674,0
19347,0.306251,0
19348,0.753538,0
19349,0.2455,0
19350,10.240642,0
19351,0.085627,1
19352,0.138064,1
19353,9.756824,0
19354,9.452724,1
19355,1.044441,1
19356,0.482229,1
19357,0.789724,0
19358,0.109897,1
19359,0.108792,1
19360,0.364043,0
19361,10.023019,0
19362,1.97537,1
19363,0.386164,1
19364,0.224179,1
19365,0.127695,1
19366,0.615608,0
19367,0.900931,0
19368,0.104828,1
19369,0.07816,1
19370,0.453915,0
19371,9.641532,1
19372,0.410406,1
19373,4.264451,1
19374,8.685843,0
19375,0.458144,1
19376,0.233163,0
19377,0.318146,1
19378,1.436466,1
19379,9.386912,0
19380,10.099279,0
19381,1.34068,0
19382,10.4919,0
19383,0.406743,1
19384,8.766956,0
19385,10.000445,0
19386,3.509533,1
19387,0.111977,1
19388,3.399766,1
19389,9.647091,0
19390,10.042141,1
19391,3.364429,1
19392,10.546628,0
19393,11.102714,1
19394,2.980087,1
19395,0.079815,1
19396,2.267903,1
19397,10.213894,1
19398,0.309746,1
19399,2.881703,1
19400,0.123841,1
19401,0.044101,1
19402,0.223975,1
19403,10.634924,1
19404,9.209326,0
19405,0.54367,0
19406,0.140626,1
19407,0.391365,0
19408,0.895507,0
19409,1.590048,1
19410,0.207626,1
19411,0.144577,0
19412,0.732276,1
19413,10.795803,1
19414,0.242869,1
19415,3.388709,1
19416,10.097166,0
19417,8.809236,0
19418,9.623124,1
19419,11.365312,0
19420,8.207125,0
19421,9.483436,0
19422,9.828436,0
19423,10.562057,0
19424,10.188256,0
19425,9.746069,0
19426,0.090294,1
19427,9.368341,0
19428,0.079956,1
19429,9.406799,1
19430,10.188542,1
19431,2.083933,1
19432,0.437129,0
19433,2.897121,1
19434,10.305947,1
19435,1.046048,0
19436,10.762075,0
19437,0.458944,1
19438,0.139815,1
19439,3.775462,0
19440,10.313614,0
19441,1.502178,1
19442,0.251786,0
19443,0.783773,1
19444,9.472148,0
19445,10.419209,0
19446,0.231287,0
19447,0.778613,1
19448,1.29163,1
19449,0.085721,1
19450,10.599838,0
19451,0.217861,1
19452,1.362798,0
19453,8.874204,0
19454,8.623502,0
19455,9.556936,0
19456,10.514819,0
19457,2.664114,1
19458,9.094835,1
19459,9.747776,0
19460,10.226629,0
19461,0.093484,1
19462,11.298811,0
19463,0.373553,0
19464,2.125971,1
19465,0.68941,1
19466,9.218786,0
19467,0.250382,0
19468,9.108742,0
19469,0.675369,1
19470,0.065193,1
19471,0.164524,0
19472,1.278015,0
19473,10.542631,0
19474,0.374682,1
19475,10.389777,0
19476,0.128639,1
19477,1.370487,0
19478,0.316633,0
19479,0.076968,1
19480,0.94666,1
19481,0.076342,1
19482,1.099257,1
19483,0.070479,1
19484,8.695181,0
19485,4.150859,1
19486,0.456677,0
19487,0.285236,1
19488,8.201377,0
19489,0.272176,0
19490,10.456813,1
19491,9.619937,1
19492,9.787574,0
19493,9.662591,0
19494,0.114939,1
19495,0.607392,1
19496,0.599496,1
19497,9.011815,0
19498,1.781813,0
19499,2.213994,0
19500,1.000624,0
19501,0.051258,0
19502,9.432255,0
19503,0.173971,1
19504,2.961727,0
19505,1.622501,0
19506,1.646157,1
19507,4.019597,0
19508,9.238993,0
19509,9.993307,0
19510,10.455131,0
19511,0.311804,0
19512,1.973124,1
19513,0.546464,0
19514,0.285905,1
19515,10.147916,1
19516,0.642567,1
19517,9.876762,0
19518,0.470142,0
19519,0.183871,1
19520,2.146327,0
19521,0.618083,1
19522,8.430237,0
19523,1.54873,1
19524,0.738076,0
19525,2.037678,0
19526,8.410093,1
19527,10.547175,0
19528,2.796744,0
19529,9.388146,1
19530,0.423713,0
19531,0.730576,1
19532,0.269521,0
19533,0.252063,1
19534,9.447961,0
19535,0.254317,1
19536,0.495181,1
19537,0.275315,1
19538,8.902472,0
19539,1.640972,1
19540,9.784707,0
19541,0.20361,0
19542,0.17226,1
19543,9.587942,0
19544,2.390977,1
19545,9.969663,0
19546,0.079396,0
19547,10.549311,0
19548,0.469405,1
19549,9.72185,0
19550,9.281696,0
19551,0.071871,1
19552,0.980918,0
19553,1.472519,1
19554,1.160233,0
19555,10.14543,1
19556,8.651775,0
19557,0.14602,1
19558,0.073981,1
19559,0.109122,0
19560,10.753876,0
19561,9.236173,0
19562,0.128499,0
19563,0.062183,1
19564,0.54109,0
19565,1.810435,0
19566,9.66381,0
19567,1.687208,1
19568,9.852673,0
19569,1.461245,1
19570,2.523306,1
19571,9.902808,0
19572,8.971701,0
19573,1.660282,0
19574,10.667509,1
19575,1.456937,1
19576,3.728537,0
19577,2.359327,1
19578,9.744055,0
19579,0.246517,1
19580,10.074559,1
19581,9.001235,0
19582,10.22933,1
19583,9.806422,0
19584,9.067321,0
19585,8.819567,0
19586,0.069821,1
19587,0.510438,1
19588,0.136675,1
19589,0.371143,0
19590,0.517695,1
19591,0.376784,1
19592,9.385467,1
19593,4.381684,1
19594,10.672234,0
19595,3.855521,1
19596,10.99764,0
19597,0.297532,1
19598,11.104766,0
19599,0.15568,1
19600,10.13378,0
19601,0.080448,1
19602,0.126948,1
19603,0.16715,1
19604,10.242366,1
19605,2.896112,0
19606,8.475489,0
19607,0.957296,1
19608,0.522463,1
19609,9.701899,1
19610,9.334392,0
19611,0.56905,1
19612,1.318849,0
19613,9.000907,1
19614,10.184512,0
19615,9.426267,0
19616,0.194758,1
19617,9.610279,1
19618,9.164962,0
19619,0.306664,1
19620,1.258703,0
19621,2.574212,1
19622,9.566101,1
19623,0.963224,1
19624,10.176113,0
19625,9.272179,0
19626,9.657832,0
19627,0.059084,1
19628,9.973598,1
19629,10.503935,0
19630,3.631714,0
19631,0.530682,1
19632,0.40741,0
19633,1.461533,1
19634,2.915497,0
19635,10.322093,0
19636,1.898669,0
19637,0.501379,0
19638,10.168838,1
19639,0.262603,1
19640,2.087048,0
19641,3.097241,0
19642,9.148369,0
19643,9.830058,1
19644,10.163467,0
19645,11.448676,1
19646,10.146173,0
19647,8.666431,1
19648,9.636365,1
19649,0.155016,1
19650,0.512951,0
19651,10.421209,1
19652,0.183617,1
19653,0.131748,1
19654,8.847039,0
19655,0.922757,1
19656,8.461774,1
19657,0.544277,0
19658,0.310456,0
19659,9.623857,0
19660,0.134257,1
19661,2.221972,1
19662,0.227659,1
19663,2.438164,0
19664,0.165017,0
19665,9.813922,0
19666,9.4814,0
19667,9.844692,0
19668,9.269375,0
19669,0.518187,0
19670,0.213635,0
19671,9.869601,0
19672,1.443011,1
19673,9.916405,0
19674,9.079466,1
19675,0.157636,0
19676,9.334296,0
19677,0.120715,1
19678,2.700839,1
19679,0.442634,0
19680,0.742888,0
19681,0.632356,0
19682,0.179234,1
19683,10.29065,0
19684,0.093767,1
19685,0.066496,0
19686,0.079036,1
19687,9.418994,0
19688,8.33406,0
19689,0.99295,0
19690,0.114597,1
19691,2.837053,1
19692,9.646222,0
19693,0.1241,0
19694,0.502086,0
19695,0.136689,1
19696,9.504293,1
19697,9.529363,0
19698,2.901891,0
19699,0.361195,1
19700,2.497951,1
19701,0.184605,0
19702,1.44589,1
19703,9.470037,0
19704,10.122779,0
19705,2.256951,0
19706,0.332841,1
19707,0.34049,1
19708,10.596581,0
19709,0.884047,0
19710,0.511933,1
19711,0.139184,1
19712,0.468561,1
19713,0.086111,1
19714,9.478229,0
19715,9.867666,0
19716,9.868553,0
19717,0.18397,1
19718,2.209668,1
19719,9.743467,0
19720,1.656762,0
19721,0.484594,1
19722,1.922457,0
19723,0.606652,0
19724,0.134456,0
19725,0.141378,1
19726,0.143358,1
19727,1.937062,0
19728,0.052994,1
19729,10.991306,0
19730,9.059599,0
19731,0.857503,1
19732,1.827026,1
19733,8.683318,0
19734,10.247774,0
19735,2.944124,1
19736,10.059856,0
19737,0.200104,1
19738,0.367509,1
19739,3.768962,1
19740,2.621898,0
19741,10.056437,0
19742,0.396643,0
19743,9.643531,0
19744,0.541695,0
19745,3.115013,1
19746,9.584302,0
19747,10.000018,0
19748,0.082116,1
19749,0.071554,0
19750,9.832877,0
19751,9.117941,0
19752,8.899127,0
19753,0.094426,1
19754,0.093744,1
19755,1.807526,0
19756,0.551661,1
19757,10.993972,1
19758,0.340401,1
19759,0.543938,1
19760,0.258752,1
19761,4.469951,1
19762,0.218874,0
19763,0.511626,0
19764,0.483007,0
19765,8.617949,0
19766,0.041441,1
19767,0.145185,1
19768,0.17556,0
19769,0.235401,1
19770,8.596309,0
19771,2.81332,0
19772,0.051363,0
19773,8.351973,0
19774,0.390487,0
19775,1.303303,0
19776,9.970167,1
19777,1.401212,1
19778,1.137005,0
19779,8.096189,0
19780,0.064366,1
19781,0.161085,1
19782,0.24821,0
19783,9.352201,0
19784,0.513819,0
19785,10.955177,0
19786,9.501491,1
19787,1.671584,0
19788,9.498662,0
19789,0.161122,1
19790,2.216417,0
19791,0.070042,1
19792,9.126165,0
19793,0.608606,1
19794,9.395142,0
19795,3.357889,0
19796,0.276053,0
19797,2.406013,1
19798,2.10214,1
19799,0.188111,0
19800,10.425534,1
19801,0.344647,0
19802,10.676368,1
19803,2.636222,0
19804,0.193299,0
19805,0.546962,1
19806,8.356537,0
19807,8.552835,0
19808,9.058089,0
19809,1.32821,0
19810,10.520638,0
19811,0.214668,0
19812,0.449931,1
19813,0.368767,0
19814,0.117994,1
19815,0.278242,1
19816,0.062773,1
19817,1.140802,1
19818,3.169112,0
19819,0.764837,1
19820,0.121975,1
19821,9.456396,0
19822,9.11249,0
19823,2.496077,1
19824,10.576444,0
19825,1.190684,1
19826,0.609084,0
19827,0.09091,0
19828,1.981817,0
19829,2.697689,0
19830,8.345706,0
19831,9.134365,0
19832,1.040323,1
19833,3.240267,1
19834,10.953586,1
19835,8.221208,0
19836,9.817428,0
19837,0.080957,1
19838,9.385612,0
19839,1.274304,0
19840,0.085412,1
19841,0.138,0
19842,9.330111,1
19843,0.495492,0
19844,9.771363,1
19845,9.340472,0
19846,0.174188,1
19847,0.1869,1
19848,9.650857,0
19849,1.070177,0
19850,10.311022,1
19851,8.524912,0
19852,0.270498,0
19853,10.195772,0
19854,2.204134,1
19855,10.772541,0
19856,0.087786,1
19857,7.88583,0
19858,0.532911,0
19859,10.639099,0
19860,0.234405,0
19861,9.286382,0
19862,9.01857,0
19863,2.167826,0
19864,0.178058,0
19865,1.866235,1
19866,3.470922,1
19867,10.406054,1
19868,0.660756,1
19869,3.608637,1
19870,9.613014,0
19871,8.802253,1
19872,0.920468,1
19873,0.509964,1
19874,10.563217,0
19875,0.25428,1
19876,0.716405,0
19877,9.51531,0
19878,0.290787,0
19879,0.865476,1
19880,0.150748,1
19881,10.999849,0
19882,3.797823,1
19883,9.650447,0
19884,0.068085,0
19885,0.135082,1
19886,0.065382,1
19887,0.102635,1
19888,9.466977,0
19889,11.115076,1
19890,0.902923,1
19891,2.005179,1
19892,8.943398,1
19893,8.194962,0
19894,10.087662,0
19895,9.119436,1
19896,0.053323,1
19897,0.124955,0
19898,9.126449,0
19899,10.371201,0
19900,0.194017,1
19901,0.027448,0
19902,0.067781,1
19903,10.634185,1
19904,10.470443,0
19905,0.073868,1
19906,9.428742,0
19907,1.53682,1
19908,0.08118,1
19909,0.821057,1
19910,0.870723,0
19911,10.209637,0
19912,9.896148,0
19913,9.670712,0
19914,1.139435,0
19915,10.865066,0
19916,10.267751,0
19917,0.931086,0
19918,9.941215,1
19919,9.926833,0
19920,10.226853,0
19921,10.098733,0
19922,0.325326,1
19923,0.105139,1
19924,9.060802,0
19925,10.874622,0
19926,10.029514,1
19927,0.243686,1
19928,8.846084,1
19929,0.357309,0
19930,0.062653,1
19931,0.137669,1
19932,2.107599,1
19933,9.203907,0
19934,0.6315,0
19935,9.329556,0
19936,0.785527,1
19937,0.119792,1
19938,0.279891,0
19939,8.268614,0
19940,8.901923,0
19941,9.578889,0
19942,0.213638,0
19943,0.058902,1
19944,2.232146,1
19945,8.994954,1
19946,0.16099,0
19947,2.211337,0
19948,1.181674,0
19949,11.004862,0
19950,0.135785,0
19951,8.312361,1
19952,10.39823,1
19953,0.106062,1
19954,0.266929,1
19955,9.398619,1
19956,1.878342,0
19957,8.605902,0
19958,9.508001,0
19959,0.335896,0
19960,10.364564,0
19961,9.599778,0
19962,8.695407,0
19963,0.095508,1
19964,8.808562,1
19965,10.553093,0
19966,9.595373,1
19967,0.305301,0
19968,2.324372,0
19969,2.227107,1
19970,3.960304,0
19971,0.319182,1
19972,0.050823,1
19973,10.067842,0
19974,11.075965,1
19975,2.955626,1
19976,10.44809,0
19977,0.089368,1
19978,0.156587,0
19979,8.53075,0
19980,8.957108,0
19981,0.113016,0
19982,0.084013,0
19983,10.152025,0
19984,0.133648,1
19985,1.096863,1
19986,9.549571,1
19987,3.078011,1
19988,9.134491,0
19989,0.361866,1
19990,3.870477,1
19991,9.47259,0
19992,1.321803,0
19993,9.567583,1
19994,0.38134,0
19995,9.401002,1
19996,8.270348,0
19997,9.47055,0
19998,0.311308,0
19999,2.800933,1
20000,0.192781,0
20001,9.988222,1
20002,1.556239,0
20003,1.678866,1
20004,0.24143,1
20005,0.101442,0
20006,9.021108,1
20007,7.805534,1
20008,1.52956,1
20009,0.366244,1
20010,9.363464,0
20011,0.653107,0
20012,0.153335,1
20013,0.071354,1
20014,1.10838,1
20015,0.841964,1
20016,9.293957,0
20017,10.261085,0
20018,0.226725,0
20019,0.316362,1
20020,9.67751,0
20021,0.085826,1
20022,9.434546,0
20023,10.442269,0
20024,3.785869,1
20025,10.013895,0
20026,9.750325,0
20027,8.904554,1
20028,8.912283,0
20029,0.378434,1
20030,1.277145,1
20031,10.084324,0
20032,2.982464,1
20033,0.347546,0
20034,3.557252,1
20035,0.239186,1
20036,0.063567,1
20037,0.067983,0
20038,0.31242,1
20039,9.213672,1
20040,9.739904,0
20041,2.068411,0
20042,0.623168,0
20043,8.726955,0
20044,0.49084,0
20045,10.336154,1
20046,8.403369,1
20047,9.006042,0
20048,0.199109,1
20049,2.748236,1
20050,2.720662,0
20051,2.643857,1
20052,3.321738,1
20053,0.539319,1
20054,9.142543,0
20055,2.612329,1
20056,9.298287,1
20057,3.781975,1
20058,3.824189,1
20059,1.383552,0
20060,0.217195,0
20061,0.445098,1
20062,0.338708,0
20063,9.553229,1
20064,0.112943,0
20065,0.24571,0
20066,0.272345,1
20067,10.283961,0
20068,8.798788,0
20069,10.793249,0
20070,0.220637,0
20071,2.215052,0
20072,0.330679,1
20073,8.773027,0
20074,1.875209,1
20075,2.122227,1
20076,8.760606,0
20077,0.079571,1
20078,11.335262,0
20079,0.448251,1
20080,1.877161,0
20081,10.618709,0
20082,0.188282,1
20083,1.988247,1
20084,0.130807,0
20085,0.318589,1
20086,9.002013,0
20087,4.070342,0
20088,0.6983,1
20089,0.316677,0
20090,0.422603,1
20091,0.492556,1
20092,0.873766,1
20093,1.832243,0
20094,0.153265,1
20095,9.890639,1
20096,0.061917,1
20097,1.753059,0
20098,1.710063,0
20099,10.027838,1
20100,0.292456,0
20101,0.15733,1
20102,9.792609,0
20103,1.871384,0
20104,0.127064,0
20105,10.932151,0
20106,9.233253,0
20107,0.274735,0
20108,1.054137,0
20109,10.663943,0
20110,0.302642,1
20111,0.211993,0
20112,10.270658,1
20113,0.34903,0
20114,0.57215,1
20115,9.804137,0
20116,10.339409,0
20117,10.558259,0
20118,0.087301,1
20119,10.19705,0
20120,2.314748,1
20121,0.089603,0
20122,1.920165,1
20123,1.301743,1
20124,0.287783,1
20125,0.194545,1
20126,1.76384,0
20127,0.197342,1
20128,2.237151,1
20129,0.485907,1
20130,1.667385,1
20131,0.371231,1
20132,0.101473,1
20133,10.067944,0
20134,9.372799,1
20135,9.734557,1
20136,10.043867,1
20137,9.736678,0
20138,10.744803,1
20139,0.187741,1
20140,8.870004,0
20141,2.257773,0
20142,10.200377,0
20143,9.974359,1
20144,2.423706,0
20145,0.586682,0
20146,0.519612,1
20147,1.085283,1
20148,9.985953,0
20149,1.517469,0
20150,9.192611,0
20151,0.184833,1
20152,9.384676,0
20153,11.850508,1
20154,11.096604,1
20155,0.0742,1
20156,10.078683,0
20157,0.158788,0
20158,0.151642,1
20159,8.854769,0
20160,0.061306,1
20161,1.848407,0
20162,0.21962,0
20163,9.747185,0
20164,9.325836,0
20165,0.385368,1
20166,9.924191,0
20167,10.407958,0
20168,10.526835,1
20169,7.859756,1
20170,0.640818,0
20171,0.214409,1
20172,0.556744,0
20173,0.084744,1
20174,1.576407,0
20175,10.160819,0
20176,0.088589,1
20177,0.857804,1
20178,0.482876,0
20179,9.858915,0
20180,9.039144,0
20181,0.23972,0
20182,2.148331,1
20183,9.091762,1
20184,2.378745,1
20185,1.854789,1
20186,0.095813,0
20187,2.718205,0
20188,7.621065,0
20189,8.727078,1
20190,1.43524,1
20191,1.008116,1
20192,1.333486,0
20193,0.161784,1
20194,1.999197,0
20195,0.053415,1
20196,0.73944,1
20197,9.284506,1
20198,0.271222,0
20199,10.163433,0
20200,0.42453,0
20201,2.922829,1
20202,0.064321,0
20203,3.844269,1
20204,0.134648,1
20205,2.241544,0
20206,0.268028,0
20207,9.093603,0
20208,9.386486,0
20209,0.117181,1
20210,0.07419,0
20211,3.819899,1
20212,0.263748,0
20213,10.656629,1
20214,0.562103,1
20215,8.898944,0
20216,2.599615,0
20217,0.395625,1
20218,0.137585,0
20219,0.420082,1
20220,1.359143,1
20221,0.511848,0
20222,0.086322,1
20223,10.618174,0
20224,3.304935,1
20225,10.895587,1
20226,9.597431,0
20227,4.167398,0
20228,10.438776,0
20229,9.824041,1
20230,0.097855,1
20231,9.87752,0
20232,2.086423,0
20233,0.058526,1
20234,0.131122,1
20235,3.993335,1
20236,0.061091,0
20237,10.376531,0
20238,0.382588,1
20239,10.090654,0
20240,0.251381,0
20241,10.083312,1
20242,1.684022,0
20243,8.764349,0
20244,0.166796,1
20245,0.699304,0
20246,11.282608,0
20247,9.576553,1
20248,0.279374,1
20249,3.370897,1
20250,9.0752,0
20251,0.04398,0
20252,11.675117,1
20253,1.057206,1
20254,9.006363,1
20255,1.590897,1
20256,0.240743,1
20257,0.104695,1
20258,9.887492,0
20259,0.046256,0
20260,1.403584,1
20261,9.881602,1
20262,0.221565,0
20263,0.120237,1
20264,9.310543,1
20265,1.439108,1
20266,10.469467,0
20267,1.356933,1
20268,9.370214,1
20269,3.413801,1
20270,0.422789,0
20271,9.928796,0
20272,9.132708,0
20273,0.124202,1
20274,1.572068,1
20275,8.29356,0
20276,8.834402,0
20277,10.60192,0
20278,2.860319,1
20279,0.164933,0
20280,9.253057,0
20281,9.635209,0
20282,9.127271,0
20283,0.063352,1
20284,10.403562,0
20285,9.620825,0
20286,9.636776,0
20287,0.105922,1
20288,2.177265,0
20289,0.280421,0
20290,0.159062,1
20291,2.386681,1
20292,0.859598,1
20293,9.348075,1
20294,0.647991,0
20295,3.425173,0
20296,2.560036,1
20297,0.575074,1
20298,0.575562,0
20299,11.000693,0
20300,0.490191,0
20301,0.481516,0
20302,9.932111,1
20303,2.533285,0
20304,1.692234,0
20305,8.553386,1
20306,10.058658,0
20307,0.130176,0
20308,0.187243,1
20309,0.833148,1
20310,1.498942,0
20311,1.030418,0
20312,0.432065,1
20313,9.369548,0
20314,3.600472,1
20315,11.223073,0
20316,10.608193,0
20317,10.680895,1
20318,9.337652,0
20319,9.524292,1
20320,9.431301,0
20321,8.957154,0
20322,0.124924,1
20323,2.66256,0
20324,0.106343,1
20325,0.134517,0
20326,8.372749,0
20327,0.188747,1
20328,0.080822,0
20329,1.295577,0
20330,10.92264,1
20331,3.931275,1
20332,9.104158,0
20333,9.524611,0
20334,0.04661,1
20335,0.325293,1
20336,9.594907,0
20337,0.271004,1
20338,1.324602,1
20339,2.792783,0
20340,0.077182,1
20341,9.056025,0
20342,0.625354,0
20343,0.62312,1
20344,9.538443,0
20345,0.105384,0
20346,2.664521,0
20347,0.242184,1
20348,0.491078,1
20349,2.519417,0
20350,3.623256,0
20351,2.773249,1
20352,8.754425,1
20353,9.490249,0
20354,2.466598,1
20355,0.422498,0
20356,1.710034,0
20357,1.482061,0
20358,0.178707,1
20359,11.004164,1
20360,9.915398,0
20361,0.766716,1
20362,0.055399,0
20363,0.111123,1
20364,9.578415,0
20365,5.03635,1
20366,8.711528,0
20367,8.565396,1
20368,9.613824,0
20369,9.080687,0
20370,10.374473,1
20371,10.713709,1
20372,2.053859,1
20373,10.732916,0
20374,0.499607,1
20375,9.418362,0
20376,9.500416,0
20377,0.560886,0
20378,0.462931,0
20379,1.142262,1
20380,0.254708,0
20381,9.262644,0
20382,0.447851,1
20383,0.241587,0
20384,9.345588,1
20385,0.957777,0
20386,9.48687,0
20387,2.720777,1
20388,2.707123,1
20389,0.043821,1
20390,10.256008,0
20391,0.263856,0
20392,0.832401,1
20393,0.093861,0
20394,8.590999,0
20395,1.764145,0
20396,0.146253,1
20397,0.098722,0
20398,0.084697,1
20399,0.663082,0
20400,1.868724,1
20401,0.258484,0
20402,9.846063,0
20403,0.401154,0
20404,3.086196,1
20405,9.763905,0
20406,10.20342,1
20407,0.175576,1
20408,0.121453,1
20409,0.089464,1
20410,0.598968,0
20411,2.055019,0
20412,3.080588,0
20413,0.232647,1
20414,1.272803,1
20415,0.074871,0
20416,1.549546,0
20417,0.982497,1
20418,10.250533,1
20419,10.234702,1
20420,0.437985,0
20421,8.65176,0
20422,10.067776,0
20423,9.973238,0
20424,0.07417,1
20425,0.4719,1
20426,0.21278,1
20427,1.806671,0
20428,0.214621,0
20429,8.216895,0
20430,9.369796,0
20431,0.2857,1
20432,9.66553,1
20433,9.605044,1
20434,9.892954,1
20435,9.548852,0
20436,0.950067,1
20437,0.075594,0
20438,0.052347,1
20439,8.12208,0
20440,1.372792,0
20441,0.27621,1
20442,0.352373,0
20443,0.404397,0
20444,0.071513,1
20445,8.704321,1
20446,8.662239,0
20447,3.494395,1
20448,0.657876,0
20449,10.997186,1
20450,1.171853,0
20451,10.102474,0
20452,9.497997,0
20453,9.843989,0
20454,8.618552,1
20455,10.466221,1
20456,0.115954,0
20457,0.401429,1
20458,10.719613,0
20459,9.654067,0
20460,9.996745,0
20461,9.979712,0
20462,0.067871,0
20463,8.650569,1
20464,1.114374,1
20465,2.785498,1
20466,1.293264,0
20467,10.355915,0
20468,11.366664,0
20469,0.221504,0
20470,0.0675,1
20471,0.097554,1
20472,9.969891,0
20473,10.965973,0
20474,8.77859,1
20475,8.846772,0
20476,2.409794,1
20477,8.93904,0
20478,2.438839,0
20479,10.690404,1
20480,8.622202,0
20481,2.419191,1
20482,9.07484,0
20483,0.116887,1
20484,1.179952,0
20485,9.228739,0
20486,2.002166,0
20487,9.603472,0
20488,0.061418,1
20489,1.675172,0
20490,10.177135,0
20491,0.374645,0
20492,0.151198,1
20493,0.082699,1
20494,0.134212,1
20495,0.300208,1
20496,0.643747,1
20497,1.89567,1
20498,8.854674,1
20499,0.207864,1
20500,1.244846,1
20501,0.777956,0
20502,10.220636,0
20503,9.26073,0
20504,9.595319,0
20505,10.120222,0
20506,0.120485,1
20507,0.361331,1
20508,0.090365,0
20509,0.961579,0
20510,0.716684,1
20511,1.258858,1
20512,0.038094,1
20513,0.069219,1
20514,1.794163,1
20515,0.267914,1
20516,8.890759,0
20517,0.846407,0
20518,1.007,1
20519,0.085419,1
20520,0.106376,1
20521,8.845451,0
20522,1.498509,0
20523,0.129793,1
20524,9.974449,1
20525,2.159177,1
20526,9.680269,0
20527,0.258322,1
20528,10.129251,1
20529,9.459734,1
20530,2.489788,1
20531,0.149197,0
20532,3.286342,1
20533,0.067527,1
20534,9.460213,0
20535,0.529008,0
20536,11.003567,0
20537,0.417294,0
20538,0.157294,0
20539,10.362709,1
20540,9.390653,1
20541,8.815561,1
20542,10.543503,1
20543,0.135954,0
20544,0.306262,1
20545,3.006776,0
20546,8.999607,0
20547,0.642668,0
20548,9.146391,0
20549,10.521338,1
20550,0.793908,1
20551,0.239843,1
20552,9.208136,0
20553,8.607012,0
20554,0.052622,0
20555,1.68624,0
20556,0.168655,0
20557,0.205064,0
20558,0.084426,1
20559,9.488446,0
20560,9.057124,1
20561,0.068396,1
20562,0.094585,1
20563,1.732011,0
20564,0.185219,0
20565,1.051351,0
20566,10.513638,0
20567,9.234597,0
20568,8.959724,1
20569,9.519063,0
20570,0.132524,1
20571,10.41014,0
20572,0.644072,0
20573,9.223811,0
20574,0.411717,1
20575,0.663066,0
20576,0.314373,1
20577,3.473943,1
20578,10.17313,1
20579,9.82242,1
20580,0.635732,1
20581,0.285661,1
20582,10.609226,0
20583,9.585968,0
20584,0.081828,0
20585,0.158425,1
20586,1.934403,0
20587,0.065621,1
20588,0.602437,0
20589,9.46296,0
20590,3.707136,0
20591,0.086538,1
20592,0.192113,1
20593,10.1756,0
20594,1.880518,1
20595,9.149504,1
20596,0.403744,0
20597,0.765167,0
20598,0.088077,1
20599,0.297466,0
20600,9.796328,0
20601,0.475475,1
20602,0.240147,1
20603,0.701115,1
20604,1.980508,0
20605,2.215928,0
20606,2.078735,0
20607,9.976448,0
20608,1.552128,1
20609,10.700233,0
20610,0.917122,1
20611,0.119244,1
20612,9.415226,0
20613,0.286732,1
20614,10.067327,1
20615,0.047887,1
20616,0.103107,1
20617,9.118325,0
20618,2.187277,0
20619,11.311134,1
20620,9.654663,0
20621,0.084238,1
20622,10.36815,0
20623,8.709956,0
20624,0.926473,1
20625,0.173871,1
20626,8.918512,0
20627,0.18649,1
20628,10.446429,1
20629,0.087972,1
20630,0.21902,1
20631,0.077996,1
20632,0.143428,0
20633,9.858512,0
20634,10.326375,0
20635,0.252991,1
20636,1.415235,1
20637,0.174324,1
20638,0.117092,1
20639,0.069903,1
20640,1.155931,1
20641,2.363898,1
20642,8.991939,0
20643,0.341907,1
20644,1.340255,1
20645,10.216167,1
20646,0.611838,0
20647,1.164223,0
20648,8.788578,1
20649,0.187589,0
20650,2.541377,0
20651,3.185022,1
20652,10.45488,1
20653,0.143035,0
20654,0.067436,1
20655,2.313748,1
20656,0.888794,0
20657,0.089318,0
20658,10.516186,1
20659,0.037865,1
20660,0.893297,1
20661,10.109447,0
20662,0.397695,0
20663,2.963568,0
20664,9.331204,1
20665,0.199214,1
20666,0.082524,0
20667,0.096408,0
20668,0.287372,0
20669,2.747559,1
20670,1.929474,0
20671,1.845833,0
20672,0.1462,1
20673,1.611673,0
20674,0.832397,0
20675,0.18522,1
20676,0.110008,1
20677,9.696281,0
20678,0.167677,1
20679,10.104137,1
20680,0.300265,1
20681,0.886902,0
20682,0.077064,1
20683,3.182758,0
20684,11.897505,0
20685,0.322163,0
20686,9.89893,0
20687,0.207074,1
20688,8.93076,0
20689,10.247817,0
20690,10.008903,0
20691,0.421246,0
20692,3.011947,1
20693,10.396692,1
20694,0.469049,0
20695,0.09629,0
20696,0.486104,1
20697,0.856481,0
20698,1.783409,0
20699,9.654783,0
20700,9.51929,0
20701,0.278529,1
20702,0.213233,1
20703,0.165543,1
20704,3.161591,1
20705,0.053821,1
20706,0.168031,1
20707,10.408688,0
20708,1.451372,0
20709,10.028645,1
20710,9.811822,0
20711,0.084501,1
20712,0.190133,1
20713,0.524426,0
20714,10.382131,0
20715,0.35907,0
20716,0.219289,1
20717,0.369377,0
20718,1.103254,1
20719,9.312634,0
20720,0.247621,0
20721,11.293077,0
20722,0.048812,0
20723,2.716296,1
20724,0.055751,1
20725,0.619909,1
20726,2.031655,1
20727,0.190431,0
20728,9.879107,0
20729,8.262272,1
20730,2.482058,0
20731,2.583493,1
20732,0.83324,1
20733,1.227038,1
20734,8.366126,0
20735,0.480559,1
20736,1.911012,0
20737,10.728242,0
20738,10.17215,0
20739,0.738401,0
20740,2.215242,0
20741,0.094128,1
20742,10.426504,1
20743,0.068674,1
20744,0.707655,0
20745,9.66375,0
20746,2.178721,0
20747,0.810043,1
20748,0.184051,0
20749,10.330676,1
20750,0.55418,0
20751,0.197416,1
20752,0.347974,0
20753,8.783283,0
20754,3.455306,1
20755,2.721658,0
20756,2.492196,0
20757,0.480601,1
20758,8.796901,0
20759,10.165234,0
20760,1.646955,1
20761,0.459522,0
20762,0.522561,0
20763,2.075061,0
20764,10.12257,0
20765,1.291812,1
20766,0.710282,0
20767,0.336241,1
20768,9.183421,1
20769,9.753523,0
20770,8.901111,0
20771,0.346009,1
20772,0.132135,1
20773,9.036749,1
20774,9.236753,0
20775,0.46471,0
20776,1.493229,1
20777,8.8233,0
20778,8.717544,1
20779,1.501123,0
20780,0.773103,1
20781,3.739335,1
20782,0.426692,1
20783,8.569715,0
20784,0.067208,1
20785,9.366742,0
20786,1.683193,0
20787,0.458781,1
20788,0.080357,1
20789,0.09145,1
20790,0.091275,0
20791,0.077406,1
20792,3.890197,1
20793,8.880538,1
20794,0.075599,1
20795,9.08189,0
20796,9.430466,0
20797,1.569849,0
20798,11.343902,1
20799,0.090764,0
20800,0.090524,0
20801,0.134789,0
20802,1.812328,1
20803,0.1258,1
20804,9.568288,0
20805,10.330826,1
20806,4.307145,1
20807,10.90341,0
20808,9.899957,0
20809,0.059284,1
20810,0.69225,1
20811,9.669682,1
20812,2.603997,0
20813,1.996054,1
20814,2.021612,1
20815,4.343544,1
20816,0.813111,1
20817,0.442839,1
20818,0.218579,1
20819,0.35863,1
20820,2.706662,1
20821,9.707421,0
20822,0.190074,1
20823,9.937036,0
20824,0.06315,0
20825,10.192739,0
20826,10.144729,0
20827,0.628631,0
20828,1.171006,1
20829,0.088432,0
20830,0.687107,1
20831,9.864972,0
20832,11.146012,0
20833,0.303505,0
20834,10.534095,0
20835,1.726138,0
20836,2.436484,1
20837,2.327138,0
20838,8.899182,0
20839,8.847935,1
20840,0.150748,1
20841,0.084293,1
20842,0.480799,1
20843,10.764633,0
20844,9.748796,0
20845,3.373373,0
20846,0.038012,0
20847,0.28996,1
20848,2.283828,0
20849,2.105947,1
20850,1.962498,0
20851,0.109124,1
20852,10.691703,0
20853,0.17186,0
20854,0.5001,0
20855,0.147603,1
20856,0.061542,0
20857,9.674891,0
20858,0.390067,0
20859,8.776106,0
20860,1.850444,0
20861,0.232141,1
20862,0.384879,1
20863,0.155742,0
20864,8.677194,0
20865,0.190134,0
20866,9.893763,1
20867,0.424696,1
20868,8.545045,1
20869,0.098354,1
20870,0.391294,0
20871,0.419861,0
20872,2.41135,0
20873,8.981589,0
20874,0.166811,0
20875,10.60067,0
20876,2.063391,0
20877,0.795715,0
20878,0.113708,1
20879,0.26189,1
20880,3.362885,0
20881,0.154544,1
20882,0.065112,0
20883,8.075645,0
20884,0.050358,0
20885,9.297443,0
20886,9.46526,1
20887,1.344808,0
20888,0.434778,0
20889,10.195483,0
20890,0.067328,0
20891,9.677793,0
20892,0.443201,1
20893,0.650577,0
20894,0.775605,1
20895,9.184333,0
20896,1.747089,1
20897,0.4023,0
20898,9.199135,1
20899,11.171198,0
20900,8.637354,0
20901,9.409861,0
20902,9.540663,0
20903,2.054726,1
20904,10.39918,1
20905,9.061991,0
20906,3.573858,1
20907,0.141232,0
20908,8.834255,0
20909,3.144691,1
20910,3.139579,0
20911,0.521558,1
20912,1.152836,0
20913,9.15047,0
20914,0.749539,0
20915,0.199106,1
20916,9.475522,1
20917,0.41599,1
20918,0.066006,1
20919,0.606738,1
20920,0.659684,1
20921,0.365741,0
20922,0.19007,0
20923,2.905713,1
20924,0.110814,1
20925,10.212741,1
20926,0.89558,0
20927,11.23751,0
20928,10.101351,0
20929,0.070436,1
20930,0.119516,1
20931,10.929908,0
20932,2.778595,1
20933,9.479503,1
20934,0.44031,1
20935,9.925483,0
20936,0.135826,1
20937,0.099913,1
20938,4.82139,1
20939,0.081659,0
20940,1.273582,1
20941,0.246853,1
20942,0.122242,1
20943,9.313601,0
20944,0.186024,1
20945,0.057694,1
20946,9.458336,0
20947,0.974013,0
20948,1.065496,1
20949,2.562804,0
20950,9.674355,0
20951,9.439607,1
20952,10.356738,0
20953,8.447487,0
20954,0.215774,1
20955,0.173296,0
20956,0.094808,1
20957,1.442077,0
20958,0.198958,1
20959,9.399439,0
20960,2.673793,1
20961,0.369051,0
20962,2.119051,0
20963,8.538224,0
20964,2.905268,1
20965,9.586365,0
20966,0.274588,0
20967,0.657349,0
20968,0.157568,0
20969,0.19447,0
20970,9.946986,0
20971,8.267235,1
20972,2.358635,0
20973,0.398832,1
20974,0.276213,0
20975,0.069912,0
20976,8.308538,0
20977,0.673626,1
20978,8.48374,0
20979,2.407354,1
20980,0.424653,0
20981,8.934585,1
20982,0.249603,1
20983,0.641949,0
20984,1.066835,0
20985,0.229052,1
20986,9.205649,0
20987,8.917562,0
20988,0.520639,1
20989,10.691023,0
20990,0.458752,0
20991,2.177085,1
20992,0.434825,1
20993,8.893193,1
20994,10.774091,1
20995,0.478577,0
20996,0.6543,1
20997,9.918802,0
20998,9.537642,0
20999,8.900569,0
21000,10.922083,0
21001,0.327685,0
21002,0.476209,0
21003,10.015818,0
21004,0.30085,1
21005,0.400195,1
21006,2.290177,0
21007,0.062664,0
21008,10.009132,1
21009,8.74095,0
21010,9.704626,0
21011,0.708323,1
21012,0.881961,0
21013,10.035212,0
21014,9.777614,0
21015,9.698487,0
21016,0.231714,0
21017,0.087194,1
21018,10.387106,0
21019,10.183373,0
21020,0.237999,1
21021,0.373954,0
21022,10.777526,1
21023,2.259314,1
21024,9.988339,0
21025,10.449542,1
21026,0.107476,1
21027,2.391805,1
21028,0.061098,1
21029,1.627883,1
21030,10.500102,1
21031,0.136254,0
21032,9.301826,1
21033,9.381255,0
21034,10.195791,0
21035,2.88442,1
21036,0.338384,0
21037,0.201007,0
21038,0.462976,0
21039,0.275506,0
21040,2.425958,0
21041,0.199345,1
21042,10.695,1
21043,0.448257,0
21044,1.618037,0
21045,0.475975,0
21046,10.211172,0
21047,0.099195,1
21048,9.774074,1
21049,0.428006,0
21050,2.155334,0
21051,0.092445,1
21052,0.106458,0
21053,0.142716,1
21054,0.096562,1
21055,0.783148,0
21056,9.717436,0
21057,0.170285,1
21058,0.345331,1
21059,2.291383,1
21060,9.899668,0
21061,10.435524,0
21062,2.201548,0
21063,0.083584,1
21064,10.593748,0
21065,9.19657,0
21066,9.612677,0
21067,9.799752,1
21068,9.263771,1
21069,0.116697,0
21070,10.40391,0
21071,3.457466,0
21072,9.657758,0
21073,9.452544,0
21074,9.300958,1
21075,0.104862,1
21076,8.794527,0
21077,0.759948,0
21078,9.034772,0
21079,0.382702,0
21080,10.014491,0
21081,0.187193,0
21082,0.108161,1
21083,9.61748,0
21084,0.233367,1
21085,0.118987,0
21086,2.440405,0
21087,0.300254,1
21088,4.48681,1
21089,8.917064,0
21090,3.727503,1
21091,10.059139,1
21092,0.441491,1
21093,0.327588,0
21094,9.096192,1
21095,10.315009,1
21096,0.158094,1
21097,10.094479,0
21098,0.252639,1
21099,10.947149,0
21100,1.359436,1
21101,11.060531,0
21102,9.168131,0
21103,9.708861,0
21104,10.053531,0
21105,0.575911,0
21106,3.904784,1
21107,2.296082,0
21108,9.494099,0
21109,1.432741,1
21110,2.072846,0
21111,0.881081,1
21112,0.217593,1
21113,0.051273,1
21114,1.418648,0
21115,0.269227,1
21116,2.077883,0
21117,2.928987,1
21118,0.141036,0
21119,10.643232,1
21120,0.551327,0
21121,3.05156,1
21122,2.438386,1
21123,3.76618,1
21124,0.286814,0
21125,9.211743,0
21126,10.697407,1
21127,0.10791,1
21128,9.8605,1
21129,2.746591,0
21130,0.130907,1
21131,0.49228,1
21132,0.283275,1
21133,10.525733,0
21134,0.301194,0
21135,0.078833,1
21136,0.603617,1
21137,1.542312,1
21138,9.589478,0
21139,0.140329,1
21140,9.10062,0
21141,2.020159,1
21142,0.201069,1
21143,2.550768,1
21144,1.488199,0
21145,0.392496,1
21146,9.695371,1
21147,10.163985,0
21148,1.90469,1
21149,0.590082,0
21150,0.605978,1
21151,2.048003,0
21152,0.491273,1
21153,8.931749,0
21154,9.977374,0
21155,0.959884,1
21156,8.930346,0
21157,10.423694,0
21158,0.16829,1
21159,0.680984,1
21160,1.754692,0
21161,10.478258,0
21162,1.885689,1
21163,0.23078,0
21164,0.566782,0
21165,10.120226,0
21166,9.546289,0
21167,9.02847,0
21168,1.81102,1
21169,0.444862,1
21170,9.850847,0
21171,0.260594,0
21172,0.121309,1
21173,9.058795,0
21174,2.599262,0
21175,8.963123,0
21176,0.14313,1
21177,0.081939,1
21178,9.845065,0
21179,9.481421,0
21180,2.000992,1
21181,0.336399,1
21182,0.098054,1
21183,0.963524,1
21184,10.456057,1
21185,0.297206,1
21186,9.701302,0
21187,3.576739,1
21188,9.140431,1
21189,10.107287,1
21190,0.168992,1
21191,1.843614,1
21192,8.642076,0
21193,0.604317,1
21194,0.1712,1
21195,9.671134,0
21196,0.173033,1
21197,0.21208,0
21198,0.175904,0
21199,9.861025,0
21200,10.770797,0
21201,0.919542,1
21202,1.004842,0
21203,9.33809,0
21204,0.610875,0
21205,8.328522,0
21206,0.580362,0
21207,0.090988,1
21208,2.250034,1
21209,10.513708,0
21210,2.664907,1
21211,1.953832,0
21212,9.933505,0
21213,0.161508,1
21214,1.563243,1
21215,10.242211,0
21216,10.427785,0
21217,1.127422,1
21218,0.969204,1
21219,0.262252,1
21220,0.087758,1
21221,10.495336,0
21222,0.375815,1
21223,9.390939,1
21224,9.248772,0
21225,11.442519,1
21226,9.640108,0
21227,0.521042,1
21228,9.415529,0
21229,10.390964,1
21230,0.186612,0
21231,2.880072,1
21232,8.640224,0
21233,0.185949,0
21234,9.836658,0
21235,3.407903,1
21236,8.920925,0
21237,2.081069,0
21238,1.023946,0
21239,8.957405,1
21240,0.152236,1
21241,0.763426,0
21242,0.071413,1
21243,3.216282,1
21244,0.15465,0
21245,0.188099,1
21246,0.441929,0
21247,0.216964,0
21248,0.304366,0
21249,1.373163,0
21250,0.218572,0
21251,10.778865,1
21252,0.235709,0
21253,10.013933,0
21254,8.996056,0
21255,8.843461,1
21256,9.955447,0
21257,9.385909,0
21258,9.891971,1
21259,1.674527,0
21260,10.047786,0
21261,10.254588,1
21262,0.095648,1
21263,1.253382,1
21264,10.758588,0
21265,0.103444,1
21266,0.33558,1
21267,0.1868,1
21268,9.698827,1
21269,10.143795,0
21270,0.598844,0
21271,8.239211,0
21272,0.949642,0
21273,8.693665,0
21274,0.09223,1
21275,1.604128,1
21276,2.002448,1
21277,10.079362,0
21278,2.793508,1
21279,0.069154,0
21280,8.970785,0
21281,0.120205,1
21282,0.565407,0
21283,0.57486,0
21284,10.524167,1
21285,10.21672,0
21286,1.165322,1
21287,0.115069,1
21288,0.129418,1
21289,0.261561,1
21290,9.608228,0
21291,9.079031,0
21292,10.068038,1
21293,1.70163,0
21294,1.965165,1
21295,2.87834,1
21296,0.062915,1
21297,0.405397,1
21298,10.116142,0
21299,0.205808,0
21300,10.7361,1
21301,3.633416,1
21302,0.215953,1
21303,1.630544,0
21304,0.087586,1
21305,2.534206,0
21306,0.356456,1
21307,8.343963,0
21308,1.568133,1
21309,9.444644,1
21310,9.630161,1
21311,0.817487,1
21312,0.399828,1
21313,0.570784,1
21314,10.212747,0
21315,0.058057,1
21316,8.682669,0
21317,3.635894,1
21318,9.542635,0
21319,9.429126,0
21320,9.119435,0
21321,0.551722,1
21322,9.399342,0
21323,0.648048,0
21324,0.203749,0
21325,9.903666,0
21326,0.105688,1
21327,0.140615,1
21328,2.491514,1
21329,9.651787,0
21330,8.13474,1
21331,9.921254,1
21332,3.650512,1
21333,1.643516,1
21334,0.910399,1
21335,0.446594,0
21336,9.94786,0
21337,0.089604,1
21338,0.221226,1
21339,1.47054,0
21340,0.855749,0
21341,9.002618,0
21342,0.095184,1
21343,0.327141,0
21344,11.339294,1
21345,1.351336,0
21346,10.326143,0
21347,0.090143,1
21348,1.36649,1
21349,9.833504,0
21350,10.355602,0
21351,2.243273,0
21352,0.286278,0
21353,0.962641,0
21354,4.087259,1
21355,0.172983,1
21356,0.081692,1
21357,9.721989,0
21358,0.054684,0
21359,1.41806,0
21360,0.082746,0
21361,1.685671,0
21362,0.065168,1
21363,0.5237,1
21364,1.659606,0
21365,0.467068,0
21366,8.276792,0
21367,1.720684,0
21368,9.839595,1
21369,2.325567,1
21370,9.51293,0
21371,10.546074,0
21372,10.499727,1
21373,0.10073,1
21374,0.085786,1
21375,0.264897,1
21376,0.564059,0
21377,10.375538,1
21378,0.808168,1
21379,9.239522,0
21380,0.11481,1
21381,8.555818,1
21382,9.722146,0
21383,10.483362,0
21384,2.989416,1
21385,9.875872,1
21386,0.450617,0
21387,9.623158,1
21388,9.799985,0
21389,0.248547,0
21390,0.08471,1
21391,1.527901,1
21392,9.599381,0
21393,9.4798,0
21394,8.480014,0
21395,0.111195,1
21396,0.503556,1
21397,0.066867,0
21398,10.180576,0
21399,1.14681,0
21400,0.213855,0
21401,0.596278,1
21402,0.291423,1
21403,9.304229,0
21404,9.627401,0
21405,9.893861,0
21406,7.910613,1
21407,0.43775,1
21408,0.266783,0
21409,2.507698,0
21410,0.3759,1
21411,1.000036,1
21412,10.258227,1
21413,10.816264,0
21414,0.079655,1
21415,10.61715,0
21416,11.360603,1
21417,0.463528,1
21418,10.032675,0
21419,10.712686,0
21420,10.434983,0
21421,9.912376,0
21422,0.336296,0
21423,0.671968,0
21424,9.385707,0
21425,0.518603,1
21426,0.266854,0
21427,0.666751,1
21428,2.476133,0
21429,0.080928,1
21430,0.24091,1
21431,2.291425,0
21432,8.949262,0
21433,10.161546,0
21434,2.463144,0
21435,0.783383,1
21436,10.72648,1
21437,0.088925,1
21438,9.885202,0
21439,0.190869,1
21440,0.331867,0
21441,0.700199,0
21442,8.032888,0
21443,9.810905,0
21444,3.490617,1
21445,0.625772,1
21446,8.884003,0
21447,0.763407,0
21448,0.06641,1
21449,2.150237,0
21450,10.216098,1
21451,2.714823,0
21452,0.566078,1
21453,2.411211,1
21454,11.69204,0
21455,8.945558,0
21456,0.254334,0
21457,3.530077,0
21458,9.134724,0
21459,10.046079,1
21460,8.525634,0
21461,0.840189,0
21462,2.097662,1
21463,3.879439,0
21464,0.803389,0
21465,8.472076,0
21466,0.429341,0
21467,0.091119,1
21468,0.166443,1
21469,0.181218,1
21470,0.39609,1
21471,10.500263,1
21472,9.479603,0
21473,9.458124,0
21474,3.32533,1
21475,0.75788,0
21476,1.556544,0
21477,0.082972,0
21478,0.125585,1
21479,0.105805,0
21480,10.822471,1
21481,0.938492,0
21482,9.954381,0
21483,0.629053,1
21484,9.876685,0
21485,2.078364,0
21486,9.20873,0
21487,0.218897,0
21488,0.170152,1
21489,0.192741,1
21490,10.062433,0
21491,0.161949,0
21492,8.987716,0
21493,3.269031,1
21494,8.98919,0
21495,0.408581,0
21496,10.028006,0
21497,0.369878,0
21498,1.477251,0
21499,9.77214,0
21500,0.174303,1
21501,0.380963,0
21502,0.068881,1
21503,0.6489,1
21504,8.748281,0
21505,0.052883,0
21506,9.3408,1
21507,1.799514,1
21508,4.487329,0
21509,2.180912,0
21510,0.895677,1
21511,0.117671,0
21512,1.856823,0
21513,0.131391,0
21514,0.306476,1
21515,0.057922,0
21516,1.139205,1
21517,0.166584,0
21518,3.560694,1
21519,10.358202,0
21520,0.323723,0
21521,10.999882,1
21522,9.858993,1
21523,0.309024,0
21524,0.523897,0
21525,0.63391,1
21526,0.815221,1
21527,0.055741,0
21528,3.206378,1
21529,0.11494,0
21530,10.099202,0
21531,9.648226,0
21532,9.120006,0
21533,0.386785,1
21534,10.412346,0
21535,0.095876,1
21536,0.321698,1
21537,10.212502,1
21538,0.120402,0
21539,0.328147,1
21540,0.348585,0
21541,0.114565,1
21542,9.41227,0
21543,10.512551,1
21544,2.755264,0
21545,9.60466,0
21546,1.90658,1
21547,9.972368,0
21548,10.071617,1
21549,0.457606,1
21550,3.549518,1
21551,0.201081,1
21552,8.930804,0
21553,9.506702,0
21554,9.237276,1
21555,0.280064,0
21556,10.06093,1
21557,2.040658,1
21558,0.085407,1
21559,0.073327,1
21560,0.545476,1
21561,0.076969,0
21562,9.048316,0
21563,2.780176,1
21564,0.074633,1
21565,0.06115,1
21566,0.328143,0
21567,0.312153,1
21568,0.190838,1
21569,1.256368,0
21570,10.455888,0
21571,9.638977,0
21572,9.222908,1
21573,0.990951,1
21574,9.722489,0
21575,9.791735,0
21576,0.154756,1
21577,9.056841,0
21578,10.554415,0
21579,0.129282,1
21580,1.013218,0
21581,1.566105,1
21582,9.799942,1
21583,9.35146,0
21584,1.513748,0
21585,10.875207,1
21586,10.132987,0
21587,1.011794,0
21588,8.882899,0
21589,2.686167,0
21590,0.371028,0
21591,0.560874,1
21592,3.038089,1
21593,1.269143,1
21594,0.570438,0
21595,2.606342,1
21596,2.4493,1
21597,0.835982,1
21598,9.546602,1
21599,0.203142,0
21600,0.660049,1
21601,9.460864,0
21602,0.194803,1
21603,0.330836,1
21604,10.056693,0
21605,9.738761,0
21606,1.046524,1
21607,0.1164,1
21608,0.113405,1
21609,1.422767,1
21610,9.228524,1
21611,11.105258,1
21612,9.922873,0
21613,10.993909,0
21614,0.602992,1
21615,0.400533,0
21616,9.685349,0
21617,1.810975,1
21618,0.592291,0
21619,0.5917,0
21620,9.494568,0
21621,0.249991,0
21622,0.225631,0
21623,9.447639,0
21624,3.314477,0
21625,8.303102,1
21626,9.251224,0
21627,2.832248,0
21628,0.097329,1
21629,1.096047,0
21630,0.072884,0
21631,1.824104,1
21632,1.383117,0
21633,0.140071,1
21634,0.618436,1
21635,0.199669,1
21636,3.838162,0
21637,0.205656,0
21638,0.071005,1
21639,2.033866,1
21640,10.452347,0
21641,0.346411,1
21642,9.677853,0
21643,0.506894,0
21644,0.102165,0
21645,0.591227,0
21646,0.738986,1
21647,8.925191,0
21648,0.331531,0
21649,0.274903,1
21650,0.075675,1
21651,0.219756,1
21652,0.317846,0
21653,9.804641,0
21654,0.128606,1
21655,0.555501,0
21656,0.070191,0
21657,2.375342,1
21658,3.041744,1
21659,0.356743,0
21660,0.35945,0
21661,3.599633,1
21662,9.800463,0
21663,11.276438,0
21664,0.201736,1
21665,0.757585,1
21666,0.394638,0
21667,0.129617,0
21668,0.492481,0
21669,9.624136,1
21670,1.635801,0
21671,1.357996,0
21672,0.081767,0
21673,0.102463,1
21674,2.57353,1
21675,1.082013,1
21676,9.020914,0
21677,9.793799,0
21678,0.080867,1
21679,0.167075,1
21680,9.600079,0
21681,0.157825,0
21682,3.15007,0
21683,0.214512,1
21684,0.155562,1
21685,0.127282,1
21686,1.825933,0
21687,1.518193,1
21688,10.880564,1
21689,9.959302,1
21690,9.81226,1
21691,9.284451,1
21692,2.55504,1
21693,1.983353,1
21694,9.635915,0
21695,1.138621,1
21696,1.405734,1
21697,9.599198,0
21698,5.380557,1
21699,0.377089,1
21700,10.410782,0
21701,0.577516,0
21702,0.164376,1
21703,1.450194,1
21704,10.657256,0
21705,0.316577,0
21706,10.520839,0
21707,10.431471,0
21708,9.318455,0
21709,9.370303,0
21710,0.823854,0
21711,8.997321,1
21712,9.354496,0
21713,9.628258,0
21714,10.381773,1
21715,4.440581,0
21716,2.076111,1
21717,10.392509,0
21718,0.448505,0
21719,9.892458,0
21720,0.38521,0
21721,10.604424,0
21722,10.137884,0
21723,9.164017,1
21724,2.680172,1
21725,10.190371,0
21726,0.188743,1
21727,0.20907,1
21728,0.222304,0
21729,0.162545,0
21730,0.891016,0
21731,0.188653,1
21732,0.157968,1
21733,2.097511,1
21734,10.030515,0
21735,0.098077,1
21736,9.231139,0
21737,0.451201,0
21738,9.324464,0
21739,9.243144,0
21740,0.069111,0
21741,0.481667,0
21742,9.747824,0
21743,0.179125,0
21744,9.297242,1
21745,10.399704,0
21746,2.032291,0
21747,0.201297,0
21748,2.296811,1
21749,9.946213,1
21750,0.368421,0
21751,10.158175,0
21752,9.463937,0
21753,0.253303,0
21754,2.921009,0
21755,1.499218,1
21756,3.072516,1
21757,1.038475,1
21758,0.582404,0
21759,4.153542,1
21760,4.354219,1
21761,0.229522,1
21762,7.923243,1
21763,1.838694,1
21764,8.812594,0
21765,4.557308,1
21766,9.576442,0
21767,0.539256,0
21768,9.516143,0
21769,10.080193,1
21770,1.111105,0
21771,3.221419,1
21772,10.77189,0
21773,9.712063,0
21774,9.102184,1
21775,9.581684,0
21776,0.430449,1
21777,10.627521,1
21778,1.822603,0
21779,9.933617,0
21780,0.809337,0
21781,0.545731,1
21782,2.432093,0
21783,0.159804,0
21784,0.304715,1
21785,2.32785,1
21786,9.911583,1
21787,0.098978,1
21788,8.595946,1
21789,9.199595,0
21790,2.191463,1
21791,1.728092,0
21792,9.002405,0
21793,9.03159,0
21794,0.132856,1
21795,10.100874,0
21796,10.75678,1
21797,0.406672,1
21798,0.266286,0
21799,9.965975,0
21800,9.658088,0
21801,0.165418,1
21802,0.236121,0
21803,0.3859,1
21804,9.771517,0
21805,9.058173,0
21806,0.054219,0
21807,2.748613,1
21808,0.288005,0
21809,10.587257,0
21810,2.952224,1
21811,3.311093,0
21812,8.5964,0
21813,8.356081,0
21814,9.438807,0
21815,9.528245,1
21816,0.169296,0
21817,9.248852,0
21818,9.080217,0
21819,9.620846,0
21820,0.119805,0
21821,0.304005,0
21822,2.707929,0
21823,9.459149,0
21824,8.331389,0
21825,0.304698,1
21826,0.205694,1
21827,9.252445,0
21828,0.460075,1
21829,0.089719,1
21830,0.133481,1
21831,0.136582,1
21832,0.141332,1
21833,2.946637,1
21834,0.29022,0
21835,8.969603,1
21836,0.539717,0
21837,1.752129,0
21838,9.769462,1
21839,0.475078,1
21840,8.606589,0
21841,9.847908,1
21842,0.577753,0
21843,0.980663,0
21844,0.193904,0
21845,10.123267,0
21846,3.520777,1
21847,10.30547,1
21848,8.56065,0
21849,10.189464,1
21850,1.408952,0
21851,9.638477,0
21852,0.224948,1
21853,0.142146,1
21854,8.842937,0
21855,0.858666,0
21856,10.353763,0
21857,9.357652,1
21858,10.645493,0
21859,0.293734,0
21860,3.130345,1
21861,0.819502,0
21862,0.100761,1
21863,9.837312,0
21864,8.955398,0
21865,0.247745,0
21866,0.176629,0
21867,10.390907,0
21868,1.632598,0
21869,0.728024,0
21870,8.492167,0
21871,9.952084,0
21872,8.677258,0
21873,2.873966,1
21874,0.155716,1
21875,9.819527,0
21876,0.344503,1
21877,1.151734,1
21878,0.195147,0
21879,10.501931,0
21880,0.383344,0
21881,9.688295,0
21882,9.7862,0
21883,9.234754,0
21884,9.100261,0
21885,9.410022,0
21886,10.180392,0
21887,9.067989,0
21888,1.153827,0
21889,0.33658,1
21890,2.934825,1
21891,9.343118,0
21892,2.259312,1
21893,3.335759,0
21894,3.657541,1
21895,8.099136,0
21896,10.220228,0
21897,0.214131,0
21898,8.510516,1
21899,0.097378,1
21900,0.047762,1
21901,11.114363,0
21902,0.143881,0
21903,0.240706,1
21904,0.775764,1
21905,1.655402,1
21906,10.813292,0
21907,9.706835,1
21908,0.289515,1
21909,11.174101,0
21910,9.112241,0
21911,10.330935,1
21912,2.160019,0
21913,9.710484,0
21914,9.791944,1
21915,0.131625,1
21916,0.787516,1
21917,0.262525,0
21918,10.398022,0
21919,1.223067,1
21920,0.245143,0
21921,0.078139,1
21922,10.718535,0
21923,0.927081,0
21924,9.444095,0
21925,9.775455,0
21926,9.429081,0
21927,9.906691,1
21928,1.629659,1
21929,9.186419,1
21930,0.368372,0
21931,9.950577,0
21932,8.365781,0
21933,0.113611,0
21934,0.342195,1
21935,2.303734,0
21936,2.116799,0
21937,0.095424,0
21938,10.668447,0
21939,0.28239,0
21940,0.674679,0
21941,1.781862,1
21942,10.376257,0
21943,10.415211,0
21944,1.259073,1
21945,1.624921,0
21946,9.637525,0
21947,0.889905,1
21948,0.11749,1
21949,3.02852,1
21950,9.475138,0
21951,0.436618,1
21952,0.237021,1
21953,0.157548,1
21954,0.163152,1
21955,0.142009,1
21956,0.499166,1
21957,0.098426,0
21958,8.955993,0
21959,10.217212,0
21960,3.436357,1
21961,9.72815,0
21962,0.077907,1
21963,0.055147,1
21964,0.07864,1
21965,0.273952,0
21966,9.226502,1
21967,0.091737,1
21968,8.274637,1
21969,9.803743,0
21970,0.096794,0
21971,1.766302,0
21972,8.944863,1
21973,0.803479,0
21974,10.00766,1
21975,0.591123,1
21976,1.082292,0
21977,1.94229,0
21978,0.096821,0
21979,0.488997,0
21980,3.270493,1
21981,9.328886,1
21982,0.155555,1
21983,2.300673,1
21984,9.691004,0
21985,2.173548,0
21986,0.10124,1
21987,9.32793,0
21988,3.152053,1
21989,1.754072,0
21990,9.178007,0
21991,0.139524,1
21992,0.097743,1
21993,1.785078,0
21994,0.142281,1
21995,10.87612,1
21996,1.726317,1
21997,10.498398,0
21998,10.956633,0
21999,9.790309,0
22000,0.699621,1
22001,0.046873,0
22002,0.759939,0
22003,4.05748,1
22004,10.451469,0
22005,9.155531,0
22006,0.192899,1
22007,0.333992,1
22008,1.77582,1
22009,0.182874,1
22010,0.28186,0
22011,0.512165,0
22012,3.137158,1
22013,0.073174,1
22014,2.429797,0
22015,0.309075,1
22016,0.051541,1
22017,10.179649,1
22018,9.878132,0
22019,0.06479,0
22020,0.045005,1
22021,0.080882,0
22022,9.369274,1
22023,2.768528,1
22024,8.60009,0
22025,8.957563,1
22026,4.079171,0
22027,1.257023,1
22028,9.23211,0
22029,1.460533,1
22030,2.246008,0
22031,0.132373,0
22032,0.541912,1
22033,2.245908,1
22034,0.831326,0
22035,0.941236,0
22036,2.323795,1
22037,0.061575,1
22038,0.185196,0
22039,10.048245,0
22040,2.225819,1
22041,0.865999,0
22042,9.128035,1
22043,0.135197,1
22044,2.024182,0
22045,0.13425,1
22046,10.328759,0
22047,1.216075,0
22048,8.701933,0
22049,9.089427,0
22050,0.106006,1
22051,8.191483,0
22052,0.094466,1
22053,2.097282,1
22054,8.936046,0
22055,0.172989,0
22056,10.960502,0
22057,10.235182,0
22058,2.842484,0
22059,10.482969,1
22060,0.14951,1
22061,1.238142,0
22062,2.276781,0
22063,1.930267,1
22064,0.175889,1
22065,0.051617,1
22066,9.09171,1
22067,9.88986,1
22068,1.46707,0
22069,2.915195,0
22070,3.127128,1
22071,9.251593,1
22072,9.834008,0
22073,8.871959,0
22074,9.351858,0
22075,0.256284,1
22076,0.257091,1
22077,2.221599,1
22078,0.91911,1
22079,2.790056,1
22080,10.342741,1
22081,9.519836,0
22082,10.654601,1
22083,3.957826,1
22084,1.000369,1
22085,0.669831,1
22086,3.358052,0
22087,9.716425,1
22088,0.202414,1
22089,0.584852,1
22090,0.130349,1
22091,9.908011,0
22092,9.451065,0
22093,0.162987,1
22094,0.306563,1
22095,8.726608,0
22096,4.007394,1
22097,2.714833,0
22098,3.273226,0
22099,3.211789,1
22100,0.115834,1
22101,9.394574,1
22102,0.107803,0
22103,0.729055,0
22104,2.655543,0
22105,8.667449,1
22106,9.327435,0
22107,0.653705,1
22108,8.761559,0
22109,9.240347,0
22110,9.80067,0
22111,2.532452,0
22112,0.182201,0
22113,3.631455,1
22114,10.475138,1
22115,3.418269,0
22116,0.106484,0
22117,0.517744,0
22118,10.631154,0
22119,0.306176,0
22120,8.705832,0
22121,0.628425,1
22122,1.067423,1
22123,0.212735,0
22124,0.184716,1
22125,0.788183,1
22126,10.677047,0
22127,1.57507,1
22128,0.358823,0
22129,0.254436,1
22130,8.919647,1
22131,0.061816,1
22132,1.54085,0
22133,9.845839,1
22134,1.792481,1
22135,1.679217,0
22136,10.141836,0
22137,2.077767,0
22138,2.565361,1
22139,0.17804,1
22140,10.40996,0
22141,10.187665,1
22142,0.459721,0
22143,9.759531,0
22144,10.068846,1
22145,0.352794,0
22146,9.838047,0
22147,1.837433,1
22148,0.296629,0
22149,0.131379,1
22150,9.079354,1
22151,2.560179,0
22152,0.299875,1
22153,10.175945,0
22154,1.566676,1
22155,0.06634,1
22156,0.3493,1
22157,0.114426,1
22158,0.158997,1
22159,1.998847,1
22160,9.069448,0
22161,0.15635,1
22162,2.213812,0
22163,1.678063,1
22164,9.68375,0
22165,10.503105,1
22166,0.088357,1
22167,0.316948,0
22168,10.20648,0
22169,9.771008,0
22170,0.32658,1
22171,0.27043,0
22172,0.500378,0
22173,0.109744,1
22174,0.396824,0
22175,0.616007,0
22176,11.284349,0
22177,10.767261,1
22178,2.345712,0
22179,1.936896,0
22180,3.61905,1
22181,8.966357,0
22182,0.243311,1
22183,9.806691,0
22184,0.129186,1
22185,9.512546,1
22186,11.209253,0
22187,1.987513,1
22188,10.337744,1
22189,0.721441,0
22190,0.195046,1
22191,10.843656,1
22192,11.008676,1
22193,9.369851,1
22194,7.764499,1
22195,0.639935,0
22196,0.353844,0
22197,0.171504,1
22198,0.983442,1
22199,0.113921,1
22200,9.581926,1
22201,8.535857,0
22202,0.192435,1
22203,10.589101,0
22204,0.097078,1
22205,8.828508,0
22206,1.045192,0
22207,1.472964,0
22208,0.148203,0
22209,1.606467,0
22210,1.723853,1
22211,1.698919,0
22212,0.086059,1
22213,9.818651,0
22214,1.864765,0
22215,2.019611,1
22216,9.713401,0
22217,9.080301,1
22218,0.412603,0
22219,10.97004,1
22220,0.538089,0
22221,0.060331,1
22222,0.145953,1
22223,2.618104,1
22224,0.183988,1
22225,8.561689,0
22226,10.757789,0
22227,2.229115,0
22228,0.381811,1
22229,0.680856,1
22230,0.095926,1
22231,9.703908,1
22232,0.245595,1
22233,0.188062,0
22234,0.13121,0
22235,0.290808,0
22236,0.361201,0
22237,1.045233,1
22238,1.608847,0
22239,0.511978,0
22240,10.385662,0
22241,0.108307,1
22242,0.094675,1
22243,0.428984,0
22244,2.497158,0
22245,0.389665,0
22246,0.29699,0
22247,1.433668,0
22248,9.739281,1
22249,2.678426,1
22250,11.168839,0
22251,10.177456,0
22252,9.708061,1
22253,10.15601,0
22254,1.513643,1
22255,9.859338,0
22256,0.148253,1
22257,0.500087,0
22258,0.102991,0
22259,0.147271,0
22260,3.303813,1
22261,0.104146,0
22262,9.899478,0
22263,2.983815,1
22264,0.648197,1
22265,10.954739,0
22266,0.07476,1
22267,0.95695,1
22268,0.084161,1
22269,8.543447,1
22270,0.135751,1
22271,9.713485,1
22272,1.164891,0
22273,0.105587,0
22274,0.10617,0
22275,1.181893,1
22276,1.92113,1
22277,9.705783,0
22278,9.448611,0
22279,0.1068,1
22280,0.152287,1
22281,3.400105,1
22282,9.941958,1
22283,0.929615,1
22284,9.397568,1
22285,2.000603,0
22286,9.184445,0
22287,9.397568,1
22288,9.005947,0
22289,0.207045,0
22290,8.598921,0
22291,2.267969,1
22292,2.043045,0
22293,0.306669,1
22294,0.768531,0
22295,0.284611,1
22296,0.110913,1
22297,0.814391,1
22298,0.057602,0
22299,0.238138,1
22300,0.394127,0
22301,10.06691,0
22302,3.504923,1
22303,2.940671,0
22304,0.149495,1
22305,2.41814,1
22306,11.063426,0
22307,0.240249,1
22308,2.088243,0
22309,8.99897,0
22310,0.368236,1
22311,0.126311,1
22312,2.308113,0
22313,9.43967,0
22314,0.116216,1
22315,0.609171,1
22316,0.142705,1
22317,0.7848,0
22318,9.955618,0
22319,10.531856,1
22320,0.115681,1
22321,3.695867,1
22322,10.275707,1
22323,8.474527,0
22324,10.127707,1
22325,10.563498,1
22326,9.138529,0
22327,10.279389,1
22328,10.653707,1
22329,2.140638,0
22330,0.269141,1
22331,0.471799,0
22332,3.133199,0
22333,0.149875,0
22334,8.723231,0
22335,0.113743,1
22336,8.561581,1
22337,1.56507,0
22338,10.442983,0
22339,0.335152,1
22340,9.973301,1
22341,11.116532,1
22342,0.664649,1
22343,1.450454,0
22344,0.065766,1
22345,0.476389,0
22346,0.68739,1
22347,2.421783,1
22348,2.86557,1
22349,0.357291,1
22350,4.41195,1
22351,9.827212,1
22352,9.660542,0
22353,0.37281,1
22354,1.668136,0
22355,2.265792,0
22356,9.866506,1
22357,1.124591,0
22358,8.486547,1
22359,9.154705,0
22360,0.116299,1
22361,9.196733,0
22362,0.188083,0
22363,9.758166,0
22364,10.545907,0
22365,9.627787,0
22366,11.027246,0
22367,1.193096,0
22368,0.216457,1
22369,9.392265,0
22370,9.710654,0
22371,0.466914,0
22372,0.180969,1
22373,0.133855,1
22374,10.999261,0
22375,0.162349,1
22376,9.467605,0
22377,10.404546,0
22378,0.127178,1
22379,0.221756,1
22380,3.730924,1
22381,0.685102,1
22382,9.220408,0
22383,1.449857,1
22384,8.897699,0
22385,9.683727,0
22386,0.105771,0
22387,3.101966,1
22388,9.900199,0
22389,10.157702,0
22390,0.214564,0
22391,2.935798,1
22392,9.240855,0
22393,0.159075,1
22394,10.234966,1
22395,0.162296,0
22396,0.071358,1
22397,10.284738,0
22398,10.182985,0
22399,0.376034,0
22400,0.240207,0
22401,1.015175,0
22402,9.283319,1
22403,0.337846,0
22404,0.722144,1
22405,1.200059,1
22406,9.60187,0
22407,11.035643,0
22408,9.933443,1
22409,0.609491,0
22410,8.96948,0
22411,10.3925,1
22412,0.642889,1
22413,0.098265,1
22414,9.680977,1
22415,1.672953,1
22416,0.198926,1
22417,0.34863,1
22418,0.835926,1
22419,0.42979,1
22420,1.395026,1
22421,0.08278,0
22422,0.212898,0
22423,0.353308,1
22424,0.482937,0
22425,0.33515,1
22426,0.144427,1
22427,0.899955,1
22428,4.373078,1
22429,1.289024,0
22430,0.203709,1
22431,0.247871,1
22432,0.201635,1
22433,0.149347,1
22434,9.328089,1
22435,9.590444,0
22436,0.538083,0
22437,0.103511,1
22438,0.165008,0
22439,10.848033,0
22440,3.211013,0
22441,9.950559,0
22442,0.338278,0
22443,0.232851,1
22444,9.53286,0
22445,1.088454,1
22446,0.3034,1
22447,0.103491,1
22448,9.227177,1
22449,0.588538,1
22450,0.269661,1
22451,10.112349,0
22452,1.521554,0
22453,0.265544,0
22454,0.332904,1
22455,1.969813,1
22456,0.311675,0
22457,10.537745,0
22458,9.895569,0
22459,9.901188,0
22460,1.115325,1
22461,1.182025,0
22462,1.013655,1
22463,9.632695,0
22464,9.892997,0
22465,0.354627,0
22466,8.450462,0
22467,2.059601,0
22468,0.280293,1
22469,9.944348,0
22470,9.49443,0
22471,1.530964,1
22472,0.051775,1
22473,2.177248,0
22474,9.712727,0
22475,0.040541,1
22476,0.190218,1
22477,8.802496,0
22478,0.534742,1
22479,3.894008,0
22480,10.710944,0
22481,0.102042,1
22482,10.078746,0
22483,0.190127,1
22484,2.028676,0
22485,10.12409,1
22486,0.206817,0
22487,9.970461,0
22488,2.124347,0
22489,0.108983,0
22490,0.090008,1
22491,10.063137,0
22492,9.431798,1
22493,2.100404,1
22494,9.123884,0
22495,11.240681,0
22496,0.773497,1
22497,4.313355,0
22498,0.261972,1
22499,1.111011,1
