sample_idx,loss,is_noisy
0,1.841196,1
1,9.345787,0
2,0.102263,1
3,0.129485,0
4,1.238949,0
5,0.310431,1
6,1.064093,1
7,3.440867,1
8,1.49024,1
9,10.322516,0
10,2.099794,0
11,1.838688,0
12,0.1716,0
13,1.541516,0
14,9.337811,0
15,0.311056,0
16,2.614527,1
17,0.988241,1
18,1.197147,0
19,0.135281,1
20,0.087964,1
21,9.08222,0
22,0.532769,1
23,2.238401,0
24,11.264245,0
25,9.470963,0
26,3.177593,1
27,0.074665,1
28,4.387582,1
29,10.019215,0
30,0.969612,0
31,0.350723,0
32,8.775858,1
33,9.053006,1
34,1.910038,0
35,2.217193,1
36,1.670971,0
37,3.337245,1
38,0.100785,1
39,2.627387,1
40,3.337605,0
41,1.037805,0
42,2.728521,0
43,9.14333,0
44,0.133532,0
45,9.281273,0
46,1.020041,0
47,0.170029,1
48,3.574163,1
49,0.100847,0
50,2.258402,0
51,0.493675,0
52,0.199214,1
53,1.789147,1
54,0.12308,1
55,2.494061,1
56,4.594429,1
57,0.943278,0
58,1.740258,1
59,0.469874,0
60,2.58097,0
61,9.380035,0
62,8.679314,0
63,0.164834,1
64,3.157634,1
65,8.244461,1
66,9.918854,0
67,0.108825,0
68,3.600064,1
69,8.740658,1
70,4.419642,1
71,0.059244,1
72,0.07811,0
73,10.359776,0
74,2.705899,1
75,1.315023,0
76,0.109843,1
77,0.081022,1
78,1.435597,0
79,0.082908,0
80,0.748865,1
81,0.113148,1
82,1.880299,1
83,0.231665,1
84,0.049172,1
85,5.459184,1
86,0.631814,0
87,0.336418,0
88,1.107312,1
89,4.05289,1
90,0.079099,0
91,0.167937,0
92,9.593862,1
93,0.468258,1
94,2.858437,0
95,0.119132,0
96,0.127682,1
97,0.185272,1
98,2.648197,1
99,9.252807,0
100,10.280442,0
101,0.3763,1
102,1.744183,1
103,1.081173,1
104,2.394779,1
105,9.65254,0
106,1.959431,1
107,0.058567,1
108,0.737169,0
109,2.048262,0
110,1.162716,0
111,1.744112,0
112,0.14322,1
113,0.102322,1
114,0.040825,0
115,1.78684,1
116,0.313443,1
117,0.105067,1
118,0.196897,1
119,0.264914,1
120,3.106827,1
121,0.764917,0
122,0.093685,1
123,2.715818,0
124,1.15024,1
125,9.410082,0
126,0.060876,1
127,1.294991,0
128,0.397276,0
129,0.207138,1
130,1.479695,0
131,8.823183,0
132,7.836939,1
133,5.06012,0
134,9.455657,0
135,9.748579,1
136,0.58535,0
137,0.576409,0
138,3.649823,0
139,10.538957,0
140,0.113978,0
141,1.817642,0
142,9.104888,1
143,0.231174,0
144,0.14285,0
145,4.235836,1
146,0.102301,1
147,0.202782,1
148,0.194644,0
149,0.442836,0
150,8.342098,1
151,1.696233,0
152,2.206161,0
153,10.455549,0
154,10.8549,0
155,0.088816,1
156,0.125231,1
157,9.322674,1
158,0.133471,0
159,2.440676,1
160,0.161269,0
161,0.199741,0
162,9.690661,0
163,0.088767,0
164,0.191301,0
165,0.090602,1
166,0.115643,0
167,1.548375,0
168,3.92645,0
169,1.602214,0
170,9.345461,0
171,10.425918,0
172,0.953737,1
173,1.300988,1
174,2.767246,1
175,8.741647,0
176,0.296375,1
177,0.655383,0
178,0.091388,0
179,2.647424,1
180,4.672319,1
181,2.435359,1
182,9.716987,1
183,2.083207,0
184,1.957685,0
185,9.749164,1
186,0.648103,0
187,0.213135,1
188,0.469614,0
189,9.15209,1
190,0.180214,0
191,0.113952,0
192,0.114713,1
193,0.134009,1
194,2.31894,0
195,9.853745,0
196,2.236959,1
197,4.406837,1
198,1.701893,0
199,9.005803,0
200,0.390493,0
201,0.304711,1
202,2.332415,0
203,2.265098,0
204,2.088245,0
205,1.90196,0
206,10.112848,0
207,0.145875,0
208,0.261016,0
209,10.249785,0
210,1.491177,0
211,0.098105,0
212,2.915988,0
213,9.993667,0
214,9.319335,0
215,3.974202,1
216,4.107767,1
217,2.369157,0
218,1.377709,0
219,0.224283,0
220,1.887609,0
221,0.148525,1
222,0.432611,1
223,2.992461,0
224,2.098315,1
225,10.620425,0
226,9.365191,0
227,0.069183,1
228,1.79176,1
229,0.164427,1
230,9.332469,1
231,0.130435,1
232,1.329879,1
233,1.947376,1
234,0.429127,0
235,0.153929,1
236,0.228059,0
237,10.161959,0
238,0.148078,1
239,0.287343,1
240,0.043416,1
241,9.721786,0
242,2.013604,1
243,2.353758,0
244,2.352806,0
245,0.650373,0
246,2.362279,1
247,4.810828,1
248,2.319675,1
249,0.267142,1
250,0.731509,1
251,0.333893,0
252,1.949312,1
253,0.123752,0
254,3.664673,1
255,1.994205,0
256,3.752686,0
257,0.578501,1
258,0.169794,0
259,10.110396,0
260,1.567946,0
261,8.853325,0
262,4.050056,1
263,9.183637,0
264,0.825269,0
265,0.269327,1
266,0.974124,0
267,0.111877,1
268,9.882385,1
269,0.262818,1
270,0.061175,0
271,0.059101,1
272,1.869834,0
273,0.237891,0
274,2.350802,1
275,0.499293,1
276,0.294511,0
277,0.266103,1
278,9.511745,0
279,1.434021,1
280,8.983643,1
281,1.762958,0
282,0.402374,0
283,0.060601,1
284,3.840758,0
285,10.355995,1
286,1.460643,1
287,0.371509,1
288,1.320822,0
289,10.516016,1
290,10.292605,1
291,4.053375,1
292,2.545057,1
293,0.126177,0
294,2.830578,0
295,0.185286,1
296,0.089549,1
297,9.59102,1
298,0.079159,1
299,2.527054,0
300,0.231626,1
301,0.331069,1
302,9.864187,1
303,0.294378,1
304,0.150138,0
305,3.006181,0
306,1.428533,0
307,2.420109,0
308,9.46531,1
309,0.175948,1
310,0.186902,1
311,10.073163,0
312,0.20328,0
313,1.688573,0
314,0.179096,1
315,0.079828,0
316,9.555318,0
317,0.969516,0
318,1.071994,0
319,8.050985,0
320,1.036568,0
321,9.393433,0
322,0.094644,1
323,0.236961,0
324,2.486443,0
325,3.041145,0
326,0.410683,1
327,1.138543,1
328,0.378422,0
329,9.668228,0
330,10.519531,0
331,0.333761,0
332,7.772804,1
333,0.796372,0
334,9.462494,0
335,0.300163,1
336,0.272282,0
337,3.938358,1
338,9.660117,0
339,0.091648,0
340,0.593106,0
341,0.919483,0
342,10.557374,0
343,0.31765,0
344,3.26772,0
345,3.138178,0
346,8.310425,0
347,0.173823,0
348,8.758392,0
349,0.502114,0
350,4.664805,1
351,9.205759,0
352,1.184155,0
353,0.242775,1
354,0.256064,1
355,0.293893,0
356,10.919478,0
357,10.001855,0
358,10.382106,0
359,0.176832,1
360,9.838613,0
361,0.332618,1
362,10.134367,0
363,10.266528,0
364,2.068729,0
365,2.238939,0
366,0.081176,0
367,3.284177,1
368,7.942977,1
369,0.080209,1
370,0.084754,1
371,3.894633,1
372,0.116439,0
373,3.687801,1
374,0.23732,1
375,1.041848,1
376,1.565611,1
377,0.493634,0
378,2.595642,1
379,0.105141,1
380,1.942397,1
381,10.055365,0
382,3.579212,0
383,10.655896,0
384,4.344022,1
385,9.388362,0
386,10.43485,0
387,2.680343,0
388,0.533433,1
389,2.213662,1
390,9.538284,1
391,0.106897,1
392,0.71721,0
393,0.060112,1
394,2.733918,1
395,0.077295,0
396,3.22805,1
397,0.272819,1
398,1.906216,0
399,1.712105,0
400,2.028265,0
401,0.481494,1
402,0.872997,0
403,10.857765,0
404,0.523627,1
405,0.78348,1
406,0.716473,1
407,8.986114,0
408,0.438019,1
409,0.383038,1
410,0.098437,0
411,2.254295,1
412,1.175421,0
413,2.57245,0
414,1.564971,0
415,10.144657,0
416,1.072279,0
417,0.425947,1
418,9.557228,0
419,1.980242,1
420,8.374585,0
421,1.960878,1
422,9.00345,0
423,0.071853,1
424,3.950238,1
425,0.214098,1
426,0.16949,1
427,0.243931,0
428,0.146348,0
429,0.123878,1
430,0.137149,0
431,0.339342,0
432,2.204954,1
433,0.164152,1
434,3.080434,0
435,10.426322,1
436,0.212988,0
437,0.949132,1
438,0.066271,1
439,0.708418,0
440,0.120898,1
441,1.129567,0
442,0.398272,1
443,0.31926,1
444,9.190686,0
445,0.390184,1
446,3.62396,1
447,0.106172,0
448,0.251397,0
449,3.314724,1
450,0.939582,1
451,9.543547,1
452,0.423918,1
453,1.709859,0
454,2.513165,1
455,2.891853,0
456,1.267599,1
457,0.631531,0
458,9.658341,1
459,9.451922,0
460,4.076907,1
461,0.116196,1
462,10.839569,0
463,3.930918,1
464,2.686037,1
465,0.083686,0
466,0.10269,1
467,0.067165,1
468,9.263815,0
469,2.977798,1
470,0.592212,1
471,1.132864,0
472,0.982858,0
473,10.304359,0
474,10.183432,0
475,1.696355,1
476,0.04859,1
477,0.22608,0
478,0.18073,1
479,9.389486,0
480,3.097275,1
481,9.399713,1
482,0.277801,1
483,2.078468,1
484,0.154044,0
485,0.35003,0
486,0.151987,1
487,2.10756,0
488,2.927653,1
489,9.586778,1
490,0.382631,1
491,10.79049,0
492,1.30712,1
493,1.063893,1
494,1.389585,0
495,10.116473,0
496,10.09246,0
497,0.542303,0
498,1.282816,1
499,0.384704,1
500,1.468244,1
501,0.287761,1
502,1.218853,0
503,0.393026,0
504,11.179256,0
505,0.577935,1
506,1.770028,0
507,2.418436,1
508,0.217037,0
509,1.65502,1
510,0.771771,1
511,0.966226,1
512,0.108758,1
513,10.966084,0
514,1.315245,0
515,0.414687,1
516,0.392632,1
517,0.069372,0
518,8.221836,0
519,2.229734,0
520,0.612518,1
521,10.358865,0
522,1.587805,0
523,0.227584,0
524,0.144749,1
525,9.002925,0
526,2.796385,1
527,9.382706,0
528,10.225542,0
529,0.525351,0
530,9.582385,0
531,2.282135,1
532,8.973207,0
533,0.589081,1
534,0.136109,0
535,10.259097,0
536,0.082663,1
537,1.294104,0
538,2.474873,0
539,0.487911,0
540,9.472722,1
541,0.110816,1
542,0.465383,1
543,9.312112,0
544,0.811254,0
545,3.69323,0
546,0.123922,1
547,2.344216,1
548,1.655177,0
549,0.44285,1
550,0.105853,0
551,0.509689,0
552,10.855341,0
553,9.419816,1
554,2.475133,1
555,0.158115,0
556,9.095961,0
557,2.023906,0
558,8.671411,1
559,3.139966,1
560,0.126555,1
561,0.059708,1
562,2.590381,0
563,1.773925,1
564,1.483906,1
565,0.206468,0
566,0.935311,1
567,0.470569,0
568,3.296786,1
569,1.012682,0
570,3.52535,1
571,9.488472,0
572,1.179955,0
573,3.174635,1
574,5.28502,1
575,2.399355,0
576,2.835132,1
577,9.06077,0
578,2.217086,0
579,3.218659,0
580,3.181344,1
581,0.222039,1
582,2.753518,0
583,1.50353,0
584,0.329474,1
585,0.295999,1
586,0.256853,0
587,9.921495,0
588,0.135939,0
589,9.672007,0
590,3.920709,0
591,0.29373,1
592,9.400817,0
593,0.063546,1
594,0.07526,1
595,9.387682,0
596,0.737983,0
597,10.27972,1
598,9.15768,0
599,9.486362,0
600,4.010275,1
601,8.952293,1
602,0.064999,1
603,0.110671,1
604,0.369706,0
605,3.921703,1
606,2.094356,1
607,0.065176,0
608,3.223207,0
609,1.643804,1
610,1.122585,0
611,9.658906,0
612,0.218695,1
613,0.332722,0
614,0.215081,0
615,2.696744,1
616,0.967971,1
617,9.462868,0
618,9.623311,0
619,0.624821,0
620,1.930538,0
621,9.670075,0
622,10.069651,0
623,0.203135,0
624,10.632442,0
625,0.171796,1
626,0.112716,1
627,0.424258,0
628,1.659694,0
629,0.537674,1
630,2.204599,0
631,9.939099,0
632,2.139094,1
633,0.089362,1
634,0.857795,0
635,3.849369,1
636,0.113834,0
637,0.525365,0
638,3.197315,1
639,2.987661,1
640,0.73676,1
641,0.106307,0
642,0.136357,1
643,1.667868,0
644,4.341742,1
645,3.139242,0
646,2.915379,1
647,0.251446,1
648,3.051015,1
649,9.98785,1
650,0.066587,1
651,0.793327,0
652,0.0763,1
653,3.514768,0
654,3.233333,1
655,9.807529,1
656,0.362123,0
657,8.921724,0
658,1.00261,0
659,2.733231,1
660,0.166312,1
661,9.236846,0
662,8.993386,0
663,0.113791,1
664,0.153736,1
665,2.514206,0
666,0.143833,0
667,2.59761,0
668,0.158176,0
669,1.11263,0
670,0.229561,0
671,2.717077,1
672,1.205295,1
673,0.543127,0
674,1.457959,1
675,0.396417,0
676,0.123224,0
677,0.374082,0
678,2.148306,1
679,4.035287,0
680,10.230889,0
681,1.8401,0
682,9.967496,1
683,0.218163,1
684,0.322337,0
685,0.053283,1
686,0.673192,1
687,0.097342,0
688,3.614018,1
689,0.248619,1
690,2.993941,1
691,0.069355,0
692,2.601814,0
693,0.107936,1
694,0.564571,0
695,1.905927,0
696,0.396008,0
697,10.138349,0
698,1.218352,0
699,0.049398,1
700,0.417274,1
701,0.203687,0
702,0.218841,0
703,0.145866,0
704,4.56675,1
705,3.500716,1
706,0.369942,1
707,9.705626,0
708,0.099217,1
709,2.635508,1
710,3.155436,1
711,2.370697,0
712,2.451276,0
713,0.355191,0
714,0.463624,1
715,0.748327,0
716,0.21655,0
717,2.212023,0
718,0.274223,1
719,2.389047,1
720,9.860886,0
721,9.609487,0
722,2.912787,1
723,0.13769,0
724,0.32437,0
725,3.13413,1
726,0.212013,1
727,2.405964,1
728,1.65104,1
729,2.820632,1
730,1.314361,1
731,2.081278,0
732,0.461438,0
733,0.396756,1
734,0.0841,1
735,0.055958,1
736,0.345975,1
737,0.155401,1
738,0.103214,1
739,9.766991,0
740,2.768487,0
741,9.601843,0
742,9.564347,1
743,4.65328,1
744,9.568173,0
745,9.419443,0
746,11.770665,0
747,2.359967,1
748,0.107605,0
749,0.203095,1
750,0.460532,0
751,8.819539,0
752,1.946242,0
753,9.794165,0
754,8.974788,0
755,9.092562,0
756,1.464865,1
757,10.725753,1
758,0.544592,0
759,0.636965,1
760,0.313964,0
761,1.79813,0
762,10.744777,0
763,1.358516,1
764,0.132953,0
765,0.214286,0
766,0.12588,0
767,8.703653,1
768,0.066839,0
769,0.938765,0
770,0.116792,0
771,8.937845,0
772,0.067456,1
773,1.694437,1
774,0.059426,1
775,0.159131,1
776,9.874999,0
777,1.624753,1
778,0.399241,1
779,1.813904,1
780,2.176883,1
781,0.422745,1
782,10.725017,0
783,0.160086,0
784,2.646379,1
785,1.119465,0
786,2.114916,0
787,1.451875,0
788,0.081578,1
789,10.091208,0
790,10.312998,0
791,0.191865,1
792,1.93541,0
793,7.219842,1
794,0.744564,0
795,2.095104,0
796,4.327655,1
797,0.067688,0
798,10.024413,0
799,8.781039,1
800,0.559601,0
801,10.695324,0
802,1.27194,0
803,0.62057,1
804,8.551776,0
805,9.870217,0
806,1.734337,0
807,8.784403,1
808,0.743105,0
809,9.139923,0
810,1.397516,0
811,2.039746,0
812,1.035304,0
813,0.320705,1
814,0.111347,1
815,1.523047,0
816,0.768068,1
817,0.111253,0
818,0.438427,1
819,0.627978,0
820,9.572622,1
821,0.929912,0
822,4.200106,1
823,3.621023,1
824,0.196423,0
825,3.476214,1
826,0.457066,1
827,11.192086,1
828,0.109158,1
829,8.815831,1
830,0.166306,1
831,1.709683,0
832,0.334123,1
833,0.171454,0
834,2.489522,1
835,1.539754,0
836,0.974133,0
837,0.506215,1
838,0.16203,0
839,4.115551,1
840,1.49513,0
841,1.083505,0
842,0.541024,1
843,1.381057,0
844,0.790641,1
845,0.54635,0
846,0.78663,0
847,1.449057,1
848,0.901073,1
849,2.190425,1
850,8.634459,1
851,0.160273,0
852,0.392932,1
853,1.946441,0
854,0.967529,0
855,10.680271,0
856,0.796448,1
857,1.414057,0
858,2.03826,0
859,0.959124,1
860,1.826341,1
861,0.157638,0
862,10.986035,0
863,1.151175,1
864,2.207135,0
865,9.269662,1
866,9.434913,0
867,1.207842,0
868,3.585844,1
869,0.307722,1
870,0.293283,1
871,0.140293,0
872,0.348321,0
873,9.206477,0
874,0.280977,1
875,9.393643,0
876,0.264059,1
877,2.221649,1
878,8.801554,1
879,0.346581,1
880,0.114084,1
881,0.428073,1
882,0.168169,0
883,9.92883,1
884,0.131585,0
885,3.774941,1
886,0.904925,0
887,0.92807,0
888,9.412727,0
889,2.065305,1
890,3.907119,1
891,0.078964,1
892,2.333254,0
893,0.085716,1
894,2.610353,0
895,2.240862,1
896,2.957792,1
897,10.34419,0
898,3.024108,1
899,9.571138,0
900,1.743445,0
901,2.018698,1
902,2.95689,0
903,0.26202,1
904,0.389677,0
905,2.596748,0
906,10.5115,0
907,0.203987,1
908,10.719113,0
909,8.888185,0
910,0.041517,1
911,1.072078,0
912,10.735026,0
913,0.17741,1
914,1.82162,0
915,3.768337,1
916,4.423854,1
917,0.127646,0
918,0.073846,1
919,0.087686,1
920,3.539207,1
921,9.968906,0
922,0.913432,1
923,0.358141,0
924,0.118449,1
925,9.114498,0
926,0.071506,0
927,9.357649,1
928,0.153091,0
929,0.749843,0
930,11.066563,0
931,3.752884,1
932,10.801245,0
933,3.623033,0
934,1.453619,1
935,10.105775,0
936,0.432745,0
937,0.287299,0
938,2.657969,1
939,10.029976,0
940,0.091036,0
941,11.072919,0
942,0.478629,0
943,3.969916,1
944,0.089492,1
945,3.702912,0
946,0.148335,0
947,3.564477,1
948,0.048211,1
949,0.094109,1
950,10.094374,0
951,0.145174,0
952,0.775547,0
953,0.213137,0
954,8.908012,0
955,1.369362,0
956,3.641875,1
957,0.285632,1
958,1.557097,0
959,0.360559,1
960,0.1178,1
961,0.06612,1
962,0.149579,1
963,2.692436,1
964,2.228334,1
965,0.171296,1
966,0.128323,1
967,1.348995,0
968,0.528396,0
969,2.898371,1
970,0.126781,1
971,0.114536,0
972,0.372383,0
973,9.071972,0
974,1.560051,1
975,0.061547,0
976,0.417511,0
977,11.110606,0
978,1.16196,0
979,1.348772,0
980,10.338817,0
981,9.575465,0
982,9.423701,0
983,8.546641,0
984,1.878048,1
985,9.11199,0
986,0.031099,1
987,9.253597,1
988,2.912231,1
989,0.304224,0
990,9.282413,0
991,0.100748,1
992,2.430081,1
993,0.063877,1
994,2.080385,0
995,9.355864,0
996,3.352856,1
997,1.192658,0
998,0.400122,1
999,1.963986,0
1000,3.005058,0
1001,0.069955,1
1002,3.050324,0
1003,0.225762,0
1004,0.160646,1
1005,3.09503,1
1006,0.302916,0
1007,1.316884,0
1008,0.4018,1
1009,1.553149,1
1010,3.396913,1
1011,0.243145,1
1012,1.848958,0
1013,0.126803,1
1014,1.629464,0
1015,1.122188,0
1016,0.102244,1
1017,3.024803,1
1018,1.688205,0
1019,0.865825,0
1020,2.26596,0
1021,0.165316,1
1022,0.200878,0
1023,0.118625,0
1024,0.101024,1
1025,9.801126,0
1026,2.242266,0
1027,0.11029,0
1028,11.067122,0
1029,1.604326,0
1030,8.540715,0
1031,1.779494,0
1032,1.145314,0
1033,0.202089,1
1034,1.807215,0
1035,2.453419,0
1036,0.234111,0
1037,0.159178,1
1038,3.652253,1
1039,9.669905,1
1040,0.057932,1
1041,0.154748,0
1042,1.220372,0
1043,0.194832,1
1044,8.545939,0
1045,10.793213,0
1046,2.059887,0
1047,0.510233,0
1048,0.710529,0
1049,2.165064,1
1050,0.108341,0
1051,0.417144,1
1052,10.648736,0
1053,9.964931,0
1054,0.739746,0
1055,0.39047,1
1056,2.556822,1
1057,0.156632,0
1058,0.089733,1
1059,0.13057,1
1060,0.53348,1
1061,1.834926,1
1062,3.292582,1
1063,0.060096,1
1064,1.802411,0
1065,9.734621,0
1066,1.264402,0
1067,3.360507,1
1068,1.51129,0
1069,1.356651,0
1070,0.186703,1
1071,4.041196,1
1072,3.097863,1
1073,10.039398,1
1074,0.124463,1
1075,9.607412,0
1076,0.167197,1
1077,0.137986,0
1078,2.337599,0
1079,0.266768,1
1080,0.09584,0
1081,2.442826,0
1082,0.193873,0
1083,3.237257,1
1084,0.189586,1
1085,0.084507,0
1086,0.270284,1
1087,0.142388,0
1088,0.703581,0
1089,0.057415,1
1090,1.293046,0
1091,0.581632,0
1092,0.295122,0
1093,10.107666,0
1094,0.05834,0
1095,0.78973,0
1096,0.090002,1
1097,1.042799,0
1098,11.079217,1
1099,0.167416,0
1100,0.139281,0
1101,10.108852,1
1102,0.487427,0
1103,9.423867,0
1104,1.183105,0
1105,0.052655,0
1106,0.578266,0
1107,0.069165,1
1108,0.17899,1
1109,0.087955,1
1110,10.323136,0
1111,0.404435,0
1112,10.00126,0
1113,9.72506,0
1114,2.599127,1
1115,10.607642,0
1116,0.319792,1
1117,2.819919,0
1118,1.670369,1
1119,1.280073,1
1120,0.065772,1
1121,1.139526,0
1122,0.319466,1
1123,9.509768,0
1124,9.100882,0
1125,2.191977,1
1126,8.218572,1
1127,10.899803,0
1128,0.075381,1
1129,3.35707,1
1130,1.343381,0
1131,0.366897,1
1132,2.547048,1
1133,0.03733,0
1134,2.11308,1
1135,0.082513,1
1136,0.495349,0
1137,0.146577,1
1138,0.26352,1
1139,4.303743,1
1140,0.362738,1
1141,2.944432,1
1142,1.234137,0
1143,3.496286,0
1144,3.85344,0
1145,10.24526,0
1146,0.375414,1
1147,1.980563,1
1148,8.46581,0
1149,0.277771,0
1150,9.831599,0
1151,3.291357,0
1152,9.460534,0
1153,9.128732,1
1154,9.799992,0
1155,0.069771,0
1156,1.293486,0
1157,0.062632,0
1158,9.009061,0
1159,0.089638,1
1160,0.213127,1
1161,0.139902,1
1162,9.860444,0
1163,0.419143,0
1164,10.074526,0
1165,2.039665,0
1166,0.233953,1
1167,0.112081,0
1168,0.119364,1
1169,2.834066,0
1170,0.203122,0
1171,3.161265,1
1172,2.101845,0
1173,10.800865,0
1174,0.079529,0
1175,9.374691,1
1176,9.718097,0
1177,1.764545,1
1178,0.079814,1
1179,0.977084,0
1180,10.23034,0
1181,1.978442,0
1182,0.061483,1
1183,0.101253,1
1184,1.010599,0
1185,3.121233,1
1186,0.40274,1
1187,2.218342,0
1188,0.298358,1
1189,0.101982,1
1190,1.532381,0
1191,10.286124,0
1192,1.002767,1
1193,0.710559,0
1194,1.251127,0
1195,3.367788,0
1196,0.123318,0
1197,0.159969,0
1198,4.583337,1
1199,1.586452,0
1200,0.856162,0
1201,0.20194,1
1202,2.932422,1
1203,11.015084,1
1204,2.442494,1
1205,0.09958,0
1206,10.981269,0
1207,0.765775,0
1208,0.081952,0
1209,9.804022,1
1210,0.168979,0
1211,2.101809,0
1212,1.82652,1
1213,0.277696,1
1214,2.885764,1
1215,9.024433,0
1216,0.369638,0
1217,2.440245,0
1218,0.066307,1
1219,0.102428,1
1220,0.495909,0
1221,1.057278,0
1222,0.530555,1
1223,4.842414,1
1224,0.191965,1
1225,0.164204,0
1226,0.141818,1
1227,2.033981,0
1228,10.199729,0
1229,0.05982,1
1230,2.456473,1
1231,3.100102,1
1232,0.698505,1
1233,0.033024,1
1234,2.884574,0
1235,9.481364,0
1236,0.289998,0
1237,0.600972,0
1238,9.180811,1
1239,1.150358,0
1240,4.049026,0
1241,0.773458,0
1242,8.672329,0
1243,0.670567,1
1244,9.476276,0
1245,2.134775,1
1246,2.5559,1
1247,3.634133,1
1248,2.343651,1
1249,0.087028,1
1250,2.478672,1
1251,0.280559,1
1252,8.060394,0
1253,3.218163,1
1254,1.910541,1
1255,0.16898,1
1256,0.101318,1
1257,8.843711,0
1258,0.144803,1
1259,0.171921,0
1260,8.840701,0
1261,0.085232,1
1262,0.192129,1
1263,10.584281,0
1264,2.701565,1
1265,9.554607,0
1266,0.54376,1
1267,0.081033,1
1268,0.086819,1
1269,2.464093,0
1270,3.80603,1
1271,9.536606,1
1272,9.387963,0
1273,3.023324,1
1274,0.373613,0
1275,0.717288,0
1276,9.050911,0
1277,1.553274,0
1278,0.146171,0
1279,0.852041,1
1280,2.684739,0
1281,9.790494,0
1282,9.373111,0
1283,3.044945,1
1284,10.015378,0
1285,8.137747,0
1286,10.811993,0
1287,3.776445,1
1288,2.028266,0
1289,1.650705,0
1290,0.17645,1
1291,2.121292,0
1292,2.845918,0
1293,9.074616,0
1294,2.465161,1
1295,2.421289,0
1296,0.112923,1
1297,1.573874,0
1298,1.707363,1
1299,0.145785,1
1300,0.461464,1
1301,0.085752,1
1302,0.260576,0
1303,9.604145,0
1304,0.160873,1
1305,2.135506,0
1306,1.044863,1
1307,0.236946,1
1308,0.104411,0
1309,2.480398,1
1310,1.809671,0
1311,0.257293,1
1312,2.71761,1
1313,1.692637,0
1314,9.517964,0
1315,0.137767,0
1316,1.020488,0
1317,3.10047,0
1318,1.164352,0
1319,2.215777,0
1320,8.977279,0
1321,0.038241,1
1322,1.05502,0
1323,8.51562,1
1324,9.618602,1
1325,0.511497,0
1326,1.952349,0
1327,2.292646,1
1328,0.273205,0
1329,9.279418,1
1330,1.667025,0
1331,9.976968,0
1332,0.465914,0
1333,0.257863,0
1334,1.028938,0
1335,9.4495,0
1336,1.216082,0
1337,0.105863,1
1338,0.14309,1
1339,1.554902,0
1340,0.436576,1
1341,0.097503,0
1342,3.824206,0
1343,4.577404,1
1344,0.275361,0
1345,1.587339,0
1346,0.065186,1
1347,0.507187,1
1348,2.249063,0
1349,0.206806,1
1350,2.069658,0
1351,1.556501,0
1352,0.275041,1
1353,0.494132,1
1354,9.390505,0
1355,1.520352,0
1356,2.736269,1
1357,9.059075,0
1358,2.286194,1
1359,2.03678,1
1360,0.621277,1
1361,0.17208,1
1362,0.374245,1
1363,1.40227,1
1364,0.192132,1
1365,0.10355,0
1366,1.96688,0
1367,0.39954,1
1368,9.164472,0
1369,0.234774,1
1370,1.839271,1
1371,2.069986,1
1372,0.109404,1
1373,0.075342,1
1374,9.928493,0
1375,0.113982,1
1376,9.258595,0
1377,9.907525,0
1378,4.07644,1
1379,0.270555,1
1380,1.751662,1
1381,1.472669,1
1382,9.401515,0
1383,9.491716,1
1384,0.160961,0
1385,1.736819,0
1386,9.391833,0
1387,0.195213,1
1388,2.737087,1
1389,0.203416,0
1390,1.312167,0
1391,9.61242,1
1392,0.349855,0
1393,0.049737,1
1394,9.207381,0
1395,1.025757,1
1396,8.785357,0
1397,0.799927,0
1398,0.23925,1
1399,0.09644,1
1400,1.796365,0
1401,9.374936,0
1402,0.394889,1
1403,2.117009,1
1404,3.123051,1
1405,3.527848,1
1406,11.11159,0
1407,10.128325,1
1408,0.569871,1
1409,0.208373,0
1410,9.79579,0
1411,1.964862,1
1412,9.342711,0
1413,2.171977,0
1414,9.025648,0
1415,0.716657,0
1416,2.12265,1
1417,9.027799,1
1418,0.1555,0
1419,0.100138,0
1420,0.262078,1
1421,0.695566,1
1422,9.56786,0
1423,9.121146,0
1424,0.394364,0
1425,10.087598,1
1426,9.485566,1
1427,1.034815,0
1428,8.98307,0
1429,4.138851,0
1430,0.347412,1
1431,2.00782,1
1432,1.365114,1
1433,1.22161,1
1434,0.253963,0
1435,2.816976,0
1436,3.581146,0
1437,0.071151,1
1438,2.481372,0
1439,8.735859,1
1440,10.568802,0
1441,4.481631,1
1442,0.397807,0
1443,10.21064,0
1444,9.939051,0
1445,10.515747,0
1446,3.140691,1
1447,0.254113,1
1448,0.074606,0
1449,1.64036,1
1450,0.401612,1
1451,0.098648,1
1452,0.057232,0
1453,10.777468,0
1454,0.17342,1
1455,0.101419,1
1456,0.407051,0
1457,0.308473,0
1458,0.812112,0
1459,2.855742,0
1460,3.758973,1
1461,2.103096,1
1462,0.364786,1
1463,2.18691,0
1464,0.135352,1
1465,0.118099,0
1466,2.245192,0
1467,8.412554,0
1468,0.0691,1
1469,0.063648,1
1470,0.168283,0
1471,9.473283,0
1472,0.083616,0
1473,0.688115,0
1474,0.256368,1
1475,9.24259,0
1476,0.068531,1
1477,0.154748,1
1478,0.16188,1
1479,4.955354,1
1480,0.281835,1
1481,4.548694,1
1482,0.528094,0
1483,9.387622,0
1484,2.28445,1
1485,1.460371,0
1486,1.182586,0
1487,9.419541,0
1488,2.020551,0
1489,0.082261,1
1490,0.34732,1
1491,1.166932,0
1492,0.165488,0
1493,0.125904,0
1494,0.172255,0
1495,0.511323,1
1496,0.182444,1
1497,10.608553,0
1498,9.400569,0
1499,2.71108,0
1500,3.215847,1
1501,0.101708,0
1502,0.274387,0
1503,10.039886,0
1504,0.655613,1
1505,0.198192,0
1506,0.311078,1
1507,0.111606,0
1508,0.141545,1
1509,0.370843,0
1510,3.825752,1
1511,2.681955,1
1512,0.049305,1
1513,1.6924,0
1514,1.501055,1
1515,8.462836,1
1516,0.117811,0
1517,9.149854,1
1518,0.10584,0
1519,1.028703,1
1520,0.29819,1
1521,2.957658,1
1522,10.389463,0
1523,9.890367,0
1524,1.791422,1
1525,0.084274,1
1526,0.131785,0
1527,0.146778,0
1528,2.934506,0
1529,9.27271,0
1530,9.501468,1
1531,0.263187,0
1532,2.738363,0
1533,0.130891,1
1534,0.132422,0
1535,8.738384,0
1536,3.159542,1
1537,4.397772,1
1538,3.448818,0
1539,0.124632,1
1540,9.213869,1
1541,2.471002,1
1542,2.583801,0
1543,2.60031,1
1544,0.371815,1
1545,2.649352,0
1546,9.223289,0
1547,9.997813,0
1548,0.338687,1
1549,0.276785,0
1550,10.881124,0
1551,0.056341,1
1552,8.821513,1
1553,10.754417,0
1554,2.197091,1
1555,1.727992,0
1556,2.094155,1
1557,4.508453,1
1558,0.319112,1
1559,0.086859,0
1560,0.195532,1
1561,3.507262,1
1562,9.500012,0
1563,2.218659,1
1564,0.052474,1
1565,9.062535,1
1566,0.067537,0
1567,3.191835,1
1568,0.094373,1
1569,2.20932,0
1570,0.357061,0
1571,0.107119,1
1572,0.241033,1
1573,4.132222,1
1574,8.938591,1
1575,0.268569,0
1576,0.117241,1
1577,1.636087,1
1578,3.074433,1
1579,2.68809,1
1580,0.186669,1
1581,4.03133,1
1582,0.096824,0
1583,0.074848,1
1584,0.046374,1
1585,0.136409,1
1586,9.602766,1
1587,10.300468,0
1588,1.269117,0
1589,9.17671,0
1590,1.256449,1
1591,0.169565,1
1592,1.188532,1
1593,0.08317,1
1594,0.393467,0
1595,0.817702,0
1596,3.487726,1
1597,1.64582,0
1598,0.271459,1
1599,1.561738,0
1600,0.145505,1
1601,3.255791,1
1602,0.150358,1
1603,0.415511,0
1604,0.258997,1
1605,0.203921,1
1606,0.132097,0
1607,7.578711,1
1608,0.075957,0
1609,0.148652,1
1610,3.897374,1
1611,0.173936,1
1612,1.456116,0
1613,2.192342,0
1614,0.735476,0
1615,11.353368,1
1616,0.126218,0
1617,2.108781,1
1618,0.10202,0
1619,0.177117,1
1620,11.032281,0
1621,3.321858,1
1622,0.737961,0
1623,0.300461,0
1624,4.001625,1
1625,1.466666,0
1626,0.170024,0
1627,2.266817,1
1628,0.155621,1
1629,0.092373,0
1630,9.255419,1
1631,0.081967,1
1632,2.604418,1
1633,3.452404,1
1634,9.682131,1
1635,2.436048,1
1636,0.118417,1
1637,0.518641,1
1638,2.373602,1
1639,0.061089,1
1640,0.134112,0
1641,9.54957,0
1642,2.524005,0
1643,1.237268,1
1644,2.210703,1
1645,0.369572,1
1646,9.62691,0
1647,8.743767,0
1648,0.831489,0
1649,8.663388,1
1650,2.194346,0
1651,3.269143,1
1652,3.442052,1
1653,0.227948,0
1654,2.361666,1
1655,2.688595,0
1656,0.128341,0
1657,9.491437,1
1658,9.689687,0
1659,0.063487,1
1660,9.85534,0
1661,9.784163,0
1662,1.566377,0
1663,0.517147,0
1664,0.430222,1
1665,0.05697,1
1666,2.384005,1
1667,9.509221,0
1668,0.069709,0
1669,0.224992,0
1670,1.54293,0
1671,0.15621,1
1672,9.021944,1
1673,0.142199,1
1674,0.537309,1
1675,0.648192,0
1676,0.978249,0
1677,9.421535,0
1678,0.189609,0
1679,0.104298,1
1680,9.986929,1
1681,3.36733,1
1682,2.049971,0
1683,1.612946,0
1684,1.525586,0
1685,0.175292,0
1686,0.057464,1
1687,1.675424,0
1688,0.946615,0
1689,4.122747,1
1690,4.438424,1
1691,2.210383,0
1692,0.125646,0
1693,0.166009,1
1694,1.798713,0
1695,2.422979,1
1696,2.247032,0
1697,0.072028,1
1698,10.159198,0
1699,0.301649,1
1700,2.077127,1
1701,0.222323,0
1702,0.133017,0
1703,1.550559,0
1704,2.484415,0
1705,0.070406,1
1706,0.490983,0
1707,0.2237,1
1708,0.17745,1
1709,0.170842,1
1710,9.678249,0
1711,1.540057,0
1712,0.107419,0
1713,0.62946,0
1714,2.024397,0
1715,0.18501,0
1716,0.537151,0
1717,3.735079,1
1718,10.031425,0
1719,2.616779,0
1720,0.812147,0
1721,9.292982,0
1722,1.736657,0
1723,9.982267,1
1724,8.694307,1
1725,0.077779,0
1726,10.379088,0
1727,0.231181,0
1728,10.606091,0
1729,1.800829,1
1730,9.82177,0
1731,9.272835,0
1732,0.786348,1
1733,0.128494,0
1734,3.114425,1
1735,0.154178,1
1736,0.300397,1
1737,0.150369,1
1738,0.325724,1
1739,9.097432,0
1740,0.18287,0
1741,0.217162,0
1742,0.420136,1
1743,1.123021,0
1744,2.45485,0
1745,3.795478,1
1746,1.685408,1
1747,0.160322,0
1748,0.160646,1
1749,3.373538,1
1750,0.155596,0
1751,2.43085,1
1752,3.538174,1
1753,0.093538,0
1754,0.160267,1
1755,0.363215,1
1756,0.079054,1
1757,0.157005,0
1758,2.551779,0
1759,9.874371,1
1760,2.818693,0
1761,0.115086,1
1762,2.914884,1
1763,4.135374,1
1764,0.058327,0
1765,9.762253,1
1766,1.845579,0
1767,3.793533,1
1768,0.630387,0
1769,10.048307,0
1770,0.747195,1
1771,1.424658,0
1772,10.302402,0
1773,10.013837,1
1774,0.374503,1
1775,1.484979,1
1776,0.121849,1
1777,8.290133,0
1778,0.907507,0
1779,0.075263,1
1780,9.936844,0
1781,0.24122,0
1782,3.035464,1
1783,9.134713,1
1784,0.078296,1
1785,0.329455,1
1786,0.140608,1
1787,3.176871,1
1788,2.593787,1
1789,10.129974,0
1790,1.826661,0
1791,0.088129,1
1792,2.097857,1
1793,9.149926,0
1794,0.539678,1
1795,3.241034,1
1796,2.521949,0
1797,2.522514,0
1798,1.808667,0
1799,8.890617,1
1800,0.955032,0
1801,0.069778,0
1802,0.239213,1
1803,8.257371,0
1804,10.225265,0
1805,9.901031,0
1806,0.47177,0
1807,0.183717,0
1808,1.403194,0
1809,2.954799,1
1810,1.684945,1
1811,8.909315,1
1812,0.157364,0
1813,0.1153,1
1814,0.177626,1
1815,9.95534,0
1816,1.619293,1
1817,1.379935,1
1818,0.074158,0
1819,1.630297,0
1820,9.703075,0
1821,3.019278,1
1822,0.150144,1
1823,9.338877,0
1824,3.282181,1
1825,0.081396,1
1826,0.051161,0
1827,0.06612,1
1828,2.397272,1
1829,0.353628,1
1830,1.924667,1
1831,0.127713,1
1832,0.097173,0
1833,0.311091,1
1834,10.602398,0
1835,0.236546,1
1836,1.637501,0
1837,9.871438,0
1838,0.199328,0
1839,0.318691,1
1840,0.191714,0
1841,0.473626,1
1842,9.941612,1
1843,2.790088,1
1844,0.086679,1
1845,1.31986,0
1846,0.586235,0
1847,0.627163,0
1848,3.049813,1
1849,0.904527,1
1850,0.480686,0
1851,3.984194,1
1852,0.160216,1
1853,2.93312,1
1854,1.919795,1
1855,9.303369,1
1856,0.22273,1
1857,1.065286,0
1858,1.454559,1
1859,2.665998,0
1860,2.9617,0
1861,9.849098,0
1862,4.312917,1
1863,0.127318,0
1864,0.183623,1
1865,9.998749,0
1866,0.051833,1
1867,2.104964,1
1868,2.213506,0
1869,8.805012,1
1870,2.32399,0
1871,10.45616,0
1872,0.581916,1
1873,3.643688,1
1874,8.69595,0
1875,0.101443,1
1876,1.643696,1
1877,9.530002,0
1878,2.528226,1
1879,0.094293,0
1880,2.362147,1
1881,1.90495,0
1882,8.723065,1
1883,0.244345,1
1884,3.654722,1
1885,0.129646,1
1886,0.181516,1
1887,0.347095,1
1888,0.27173,0
1889,0.270514,0
1890,0.053161,1
1891,10.296018,0
1892,0.112394,1
1893,3.092726,1
1894,0.130397,1
1895,2.005196,0
1896,0.104103,0
1897,3.089583,1
1898,10.46587,1
1899,0.155511,0
1900,0.269084,1
1901,0.359268,0
1902,1.14859,0
1903,1.838617,0
1904,2.557356,1
1905,9.804986,0
1906,1.094172,0
1907,0.051158,1
1908,9.685625,0
1909,1.093529,0
1910,0.238217,1
1911,4.055009,1
1912,0.176593,0
1913,0.287001,1
1914,11.182512,0
1915,0.445696,0
1916,3.504841,1
1917,9.318597,0
1918,0.935027,0
1919,8.838395,0
1920,0.669121,1
1921,0.082112,1
1922,1.440401,0
1923,0.137106,1
1924,0.103721,0
1925,0.156884,0
1926,2.913872,1
1927,0.609167,0
1928,0.43515,1
1929,0.096103,0
1930,0.320148,1
1931,1.988357,1
1932,0.619018,0
1933,10.135239,0
1934,0.194955,1
1935,2.916063,1
1936,1.767258,0
1937,1.550594,0
1938,0.582075,1
1939,0.341009,1
1940,1.770825,0
1941,0.594223,0
1942,0.448856,1
1943,1.626997,1
1944,1.636005,0
1945,0.144758,1
1946,0.246579,0
1947,1.720054,0
1948,0.385284,0
1949,2.591554,1
1950,1.958736,1
1951,2.194256,1
1952,0.099996,1
1953,8.241427,1
1954,3.676418,1
1955,9.452242,0
1956,0.438719,0
1957,3.431545,1
1958,3.715063,0
1959,0.338562,1
1960,0.088379,0
1961,0.093617,1
1962,0.156426,1
1963,2.31098,0
1964,0.101947,1
1965,2.252824,0
1966,1.480256,0
1967,0.248779,1
1968,9.049749,0
1969,0.091741,0
1970,10.636873,0
1971,0.262528,1
1972,0.196475,0
1973,0.546189,0
1974,4.195001,1
1975,2.763764,1
1976,9.923881,1
1977,0.160104,0
1978,4.35173,1
1979,0.505836,0
1980,3.098901,1
1981,9.402507,0
1982,2.766664,1
1983,1.768882,0
1984,3.575163,1
1985,9.802634,0
1986,2.542722,0
1987,8.962147,0
1988,0.284537,1
1989,1.934766,1
1990,0.088039,1
1991,1.157424,1
1992,9.278613,0
1993,1.212793,0
1994,4.006854,1
1995,1.542349,0
1996,1.971876,1
1997,1.557502,0
1998,0.513719,0
1999,0.120487,1
2000,9.942308,0
2001,1.866152,0
2002,0.979171,0
2003,0.210331,1
2004,1.496543,0
2005,3.888448,0
2006,0.296142,1
2007,0.087873,0
2008,10.499825,0
2009,8.334043,0
2010,0.22222,0
2011,1.515165,0
2012,0.332263,1
2013,1.375557,0
2014,0.218694,1
2015,9.126421,0
2016,0.101272,0
2017,8.296373,0
2018,1.994906,0
2019,0.127588,0
2020,9.732022,1
2021,2.415312,0
2022,0.071945,0
2023,2.418857,1
2024,0.196848,1
2025,2.266224,0
2026,1.52928,0
2027,0.156522,1
2028,0.08961,0
2029,8.977818,0
2030,0.690296,1
2031,0.0556,1
2032,0.547845,1
2033,3.522559,1
2034,0.080415,1
2035,9.317702,0
2036,0.052859,0
2037,0.637764,0
2038,0.353027,0
2039,1.522406,1
2040,8.802043,0
2041,1.415537,0
2042,0.187372,0
2043,1.212643,0
2044,1.31504,0
2045,2.600979,1
2046,0.400345,0
2047,0.097308,1
2048,0.567908,1
2049,2.694524,1
2050,3.040749,1
2051,9.026745,1
2052,0.656538,1
2053,1.816448,1
2054,0.556676,0
2055,9.650631,1
2056,0.147448,1
2057,0.363729,0
2058,9.89512,1
2059,4.699045,1
2060,0.281632,1
2061,11.264573,0
2062,2.431067,0
2063,1.595391,1
2064,0.152648,1
2065,9.768926,0
2066,0.094931,0
2067,0.072178,1
2068,2.044227,1
2069,9.581405,0
2070,0.038725,1
2071,1.064299,0
2072,9.308925,0
2073,0.080609,0
2074,0.248416,1
2075,10.344768,0
2076,0.154597,1
2077,0.460485,0
2078,10.324162,0
2079,1.458624,1
2080,1.921856,0
2081,0.617062,0
2082,9.288739,1
2083,1.205762,1
2084,0.270435,1
2085,0.462674,1
2086,10.095546,0
2087,8.920922,0
2088,0.494715,0
2089,0.087784,1
2090,0.150719,0
2091,2.061817,1
2092,0.060431,1
2093,1.823638,0
2094,9.28342,0
2095,10.643295,0
2096,0.2575,0
2097,0.484003,1
2098,4.376678,1
2099,2.327762,1
2100,9.375151,0
2101,9.648773,0
2102,3.23866,1
2103,0.338545,1
2104,0.267323,0
2105,3.198664,1
2106,10.546953,0
2107,1.826103,1
2108,3.416209,0
2109,2.472669,0
2110,0.418514,0
2111,10.306858,0
2112,1.745456,0
2113,2.028192,1
2114,0.310956,0
2115,0.03754,0
2116,0.156913,1
2117,0.089085,1
2118,2.266668,0
2119,0.164815,1
2120,9.878431,0
2121,0.189951,1
2122,0.135864,0
2123,3.113226,1
2124,10.016512,0
2125,9.94617,1
2126,1.317376,0
2127,8.539482,1
2128,3.185372,1
2129,0.166666,0
2130,0.133337,1
2131,0.075472,1
2132,0.045998,1
2133,9.299416,0
2134,0.092253,1
2135,8.90769,0
2136,8.728354,0
2137,0.114874,1
2138,2.034735,0
2139,0.297977,1
2140,0.16504,1
2141,9.293624,1
2142,2.999737,1
2143,10.259792,0
2144,0.167659,0
2145,1.262468,0
2146,0.100452,1
2147,10.070582,0
2148,2.051215,0
2149,0.453152,0
2150,3.511906,0
2151,0.277272,1
2152,1.654492,0
2153,4.407516,1
2154,3.126018,1
2155,1.622128,0
2156,10.410311,1
2157,0.161092,1
2158,0.221218,1
2159,0.361272,0
2160,0.702729,1
2161,0.115695,0
2162,3.213343,1
2163,0.524145,0
2164,4.095606,0
2165,1.905522,0
2166,3.178046,1
2167,2.174836,0
2168,2.959932,1
2169,1.209807,1
2170,0.577796,0
2171,10.207439,0
2172,7.802381,0
2173,1.13684,1
2174,0.15826,0
2175,0.154864,1
2176,2.203309,1
2177,1.810889,1
2178,1.887467,0
2179,1.895154,0
2180,0.108579,0
2181,0.352725,1
2182,2.501917,0
2183,8.176296,1
2184,0.312748,1
2185,9.620862,1
2186,0.633654,0
2187,0.078041,1
2188,0.378016,0
2189,10.581802,0
2190,1.795932,1
2191,2.096334,0
2192,9.419396,0
2193,0.079413,1
2194,2.02043,0
2195,0.108445,1
2196,0.266349,1
2197,0.06095,0
2198,0.051015,0
2199,8.745549,0
2200,0.525462,0
2201,0.213713,0
2202,9.048292,0
2203,3.056216,1
2204,10.009457,0
2205,9.688341,1
2206,0.181007,0
2207,10.144799,0
2208,0.214247,0
2209,0.844285,1
2210,0.416626,0
2211,10.376383,1
2212,0.757345,0
2213,3.273624,0
2214,0.371601,0
2215,2.262619,0
2216,0.500455,1
2217,0.953527,0
2218,0.487464,1
2219,0.108694,1
2220,2.994813,0
2221,0.111389,1
2222,0.156077,1
2223,2.757223,0
2224,4.773764,1
2225,1.978359,0
2226,2.537333,0
2227,0.222625,0
2228,0.127718,0
2229,9.996965,0
2230,8.856905,0
2231,1.866381,1
2232,1.236447,0
2233,0.570632,1
2234,3.364383,0
2235,0.388843,1
2236,0.4808,1
2237,0.294375,1
2238,0.178471,1
2239,4.016044,1
2240,0.660992,0
2241,1.734525,1
2242,0.191092,0
2243,2.371924,0
2244,8.690804,0
2245,0.197871,0
2246,8.536171,1
2247,2.491588,0
2248,1.579964,0
2249,0.165541,1
2250,0.247086,0
2251,0.542985,1
2252,0.430037,1
2253,0.234353,1
2254,1.469796,0
2255,2.268454,0
2256,9.406726,0
2257,0.074804,0
2258,9.823431,0
2259,9.232384,1
2260,1.371291,0
2261,10.209615,0
2262,0.119042,1
2263,2.989225,1
2264,0.134938,1
2265,0.382975,1
2266,10.607542,0
2267,3.041447,0
2268,9.13138,0
2269,0.373798,0
2270,9.385827,0
2271,9.250683,0
2272,10.200533,0
2273,0.103294,0
2274,1.575443,0
2275,2.674617,1
2276,0.093477,1
2277,2.304781,0
2278,0.189737,1
2279,9.483308,0
2280,0.198816,0
2281,0.168916,0
2282,10.020522,0
2283,8.239758,0
2284,2.909692,1
2285,0.136032,0
2286,10.133158,0
2287,9.906574,1
2288,10.482263,1
2289,2.366816,1
2290,1.388703,1
2291,0.098825,1
2292,9.656406,1
2293,0.18089,0
2294,2.413553,0
2295,1.818701,1
2296,2.747625,0
2297,0.926418,1
2298,4.513756,1
2299,0.110522,1
2300,0.224596,1
2301,3.241175,1
2302,1.480547,1
2303,0.116291,1
2304,0.110692,0
2305,10.566088,0
2306,1.878449,0
2307,9.91995,0
2308,0.129085,1
2309,2.02185,0
2310,1.344947,1
2311,2.291149,1
2312,0.141791,0
2313,0.171455,0
2314,1.872617,0
2315,1.138603,0
2316,0.760334,0
2317,0.221984,1
2318,0.052059,1
2319,1.19742,1
2320,0.592056,0
2321,0.092957,1
2322,3.394366,1
2323,1.992556,1
2324,0.342648,1
2325,10.172927,0
2326,10.749319,1
2327,0.076867,0
2328,0.533857,0
2329,1.548006,0
2330,2.809961,1
2331,0.100456,1
2332,0.276958,0
2333,9.961864,0
2334,9.752138,1
2335,9.270964,1
2336,9.506433,0
2337,1.75646,0
2338,0.081905,1
2339,3.425417,1
2340,0.084858,0
2341,2.87314,0
2342,3.270975,0
2343,4.049489,1
2344,2.33729,0
2345,9.06169,0
2346,0.228392,1
2347,4.435546,1
2348,11.263153,0
2349,0.364317,1
2350,9.883602,0
2351,0.880105,1
2352,1.510293,0
2353,9.912709,1
2354,3.545568,1
2355,10.286374,0
2356,10.08749,0
2357,3.255086,1
2358,9.518209,1
2359,0.109661,0
2360,2.952318,1
2361,3.898525,1
2362,3.136047,1
2363,2.323717,1
2364,1.998033,0
2365,0.381068,1
2366,2.117536,0
2367,2.173261,0
2368,0.147209,1
2369,9.90691,1
2370,0.125753,1
2371,0.778744,0
2372,9.5623,1
2373,1.863725,0
2374,1.339506,0
2375,0.078126,0
2376,0.394806,0
2377,3.693087,1
2378,0.778864,1
2379,9.017921,0
2380,1.508156,1
2381,9.547821,0
2382,9.804998,0
2383,0.530378,1
2384,0.152775,0
2385,1.364587,0
2386,0.133766,1
2387,0.26762,0
2388,0.305717,0
2389,3.91814,1
2390,0.305596,0
2391,1.828173,0
2392,0.210226,1
2393,1.128706,0
2394,2.777744,1
2395,2.928233,1
2396,0.067894,1
2397,0.088948,1
2398,0.213443,0
2399,2.539035,1
2400,3.440946,1
2401,0.050243,1
2402,2.238065,0
2403,2.447642,0
2404,4.047235,1
2405,2.74133,0
2406,2.764171,1
2407,9.195238,0
2408,1.322262,0
2409,9.646832,1
2410,9.777974,0
2411,1.139469,1
2412,8.707478,0
2413,0.098508,0
2414,0.249876,1
2415,0.249877,0
2416,0.908708,0
2417,2.254614,0
2418,0.126151,1
2419,0.449146,1
2420,10.503265,0
2421,0.218514,1
2422,0.297501,1
2423,9.059889,0
2424,0.209114,1
2425,9.913486,0
2426,9.444916,0
2427,9.083358,0
2428,9.589055,0
2429,1.78249,0
2430,9.986533,0
2431,1.586206,0
2432,0.118047,0
2433,0.153574,0
2434,0.103088,0
2435,0.287592,1
2436,0.125498,0
2437,8.611722,0
2438,0.562694,0
2439,8.897825,0
2440,1.702309,1
2441,9.579436,1
2442,2.36224,0
2443,0.341356,1
2444,9.118836,1
2445,9.636616,0
2446,10.050764,1
2447,1.604532,1
2448,3.192303,1
2449,2.616143,0
2450,0.145619,1
2451,0.558527,1
2452,2.281614,0
2453,9.980104,1
2454,10.264647,1
2455,9.352659,0
2456,10.546035,0
2457,1.861573,0
2458,1.548851,0
2459,2.906925,0
2460,0.26202,1
2461,2.410554,1
2462,3.838832,1
2463,10.264827,0
2464,0.151422,0
2465,9.673923,0
2466,0.33479,0
2467,2.663638,1
2468,1.426972,0
2469,2.885897,1
2470,8.744601,1
2471,9.968942,1
2472,9.254945,0
2473,10.841367,0
2474,1.020256,1
2475,0.420415,0
2476,0.133874,1
2477,0.24287,1
2478,10.048068,0
2479,10.106881,0
2480,0.210118,1
2481,0.791906,1
2482,2.294036,0
2483,0.098824,0
2484,1.8245,0
2485,0.088694,0
2486,1.23248,1
2487,1.701589,1
2488,1.222564,1
2489,9.368562,1
2490,0.300933,0
2491,0.096352,1
2492,1.837822,1
2493,2.951608,1
2494,1.105178,0
2495,2.811813,1
2496,0.844039,1
2497,3.203248,1
2498,9.309062,1
2499,0.638688,1
2500,0.129889,1
2501,0.081064,0
2502,2.503242,1
2503,0.06953,0
2504,0.193165,0
2505,1.431121,0
2506,0.560833,0
2507,1.405505,1
2508,2.317593,1
2509,9.35086,1
2510,0.154355,0
2511,0.072206,0
2512,0.082501,1
2513,9.600801,0
2514,0.044734,1
2515,0.078172,1
2516,0.062069,1
2517,0.055397,1
2518,9.646366,0
2519,1.009407,1
2520,10.225647,0
2521,10.032717,0
2522,2.650195,0
2523,0.088554,1
2524,8.751275,0
2525,4.223854,1
2526,0.08842,1
2527,0.171339,1
2528,0.254888,0
2529,0.236123,1
2530,0.066888,0
2531,2.471875,1
2532,0.633121,1
2533,1.066707,1
2534,0.091502,0
2535,0.352712,1
2536,1.628762,0
2537,1.420655,0
2538,1.802341,0
2539,2.93269,1
2540,0.101415,1
2541,3.210783,1
2542,10.217369,0
2543,3.15977,1
2544,0.576458,1
2545,0.980023,0
2546,0.085737,1
2547,2.164932,1
2548,4.555611,1
2549,0.89931,1
2550,0.808951,1
2551,9.623772,0
2552,10.857013,1
2553,3.655562,1
2554,1.596223,0
2555,9.362535,1
2556,0.143678,1
2557,9.500645,1
2558,8.90487,0
2559,11.342201,0
2560,1.59752,1
2561,3.05747,1
2562,2.398866,0
2563,1.171537,0
2564,0.146047,1
2565,0.234168,1
2566,2.276888,0
2567,0.144577,1
2568,0.055108,1
2569,0.504326,0
2570,0.394779,1
2571,8.217165,0
2572,3.509162,1
2573,3.339523,1
2574,1.448725,0
2575,0.337581,1
2576,0.084567,0
2577,0.32038,1
2578,0.435885,1
2579,2.694662,1
2580,0.080245,1
2581,9.419059,0
2582,0.078878,1
2583,0.363517,0
2584,10.465434,0
2585,1.344474,0
2586,1.519669,0
2587,0.185381,1
2588,9.969785,0
2589,1.799932,0
2590,10.285328,1
2591,0.361358,1
2592,0.222858,0
2593,4.599815,1
2594,0.315318,1
2595,3.315614,1
2596,0.25464,1
2597,3.000517,1
2598,8.997132,1
2599,0.999376,0
2600,0.087497,1
2601,0.219251,0
2602,2.104426,0
2603,9.1308,1
2604,1.629582,0
2605,0.157958,1
2606,0.135228,1
2607,0.664384,1
2608,0.097393,1
2609,0.386293,1
2610,0.078003,1
2611,0.12323,0
2612,1.155253,1
2613,0.697827,1
2614,2.067415,1
2615,1.560859,0
2616,9.341835,0
2617,3.30955,0
2618,0.968849,0
2619,1.13151,0
2620,2.713261,1
2621,0.199765,1
2622,1.851199,0
2623,10.612428,1
2624,8.956658,1
2625,0.670144,0
2626,10.455883,0
2627,0.483971,1
2628,8.870319,0
2629,9.351109,1
2630,0.851483,0
2631,0.752064,0
2632,0.081759,1
2633,0.30852,1
2634,1.684205,0
2635,0.75615,1
2636,0.37478,1
2637,0.202606,1
2638,0.944193,1
2639,3.055617,1
2640,0.244956,1
2641,0.173532,1
2642,0.10706,0
2643,0.2107,1
2644,2.82425,1
2645,0.879222,0
2646,3.174834,1
2647,8.967098,0
2648,2.293329,0
2649,2.129724,0
2650,0.358109,1
2651,8.81363,0
2652,1.419887,1
2653,0.070335,1
2654,0.38315,0
2655,0.240559,0
2656,0.085132,1
2657,8.500179,0
2658,10.655826,0
2659,1.928341,1
2660,0.061275,1
2661,11.188946,0
2662,0.863713,1
2663,9.925269,0
2664,8.966104,0
2665,1.692033,0
2666,3.65124,1
2667,1.806828,0
2668,2.236142,1
2669,0.117785,1
2670,1.68835,1
2671,0.174531,1
2672,9.142742,0
2673,0.636283,0
2674,0.269116,0
2675,0.16137,1
2676,2.355158,0
2677,2.920877,1
2678,2.560372,0
2679,2.699121,1
2680,0.22326,1
2681,9.232719,0
2682,0.066086,1
2683,0.249937,1
2684,9.957365,0
2685,0.236326,1
2686,0.071414,0
2687,0.259739,1
2688,8.317323,0
2689,0.05496,1
2690,2.712832,1
2691,0.110858,0
2692,0.084956,1
2693,0.40981,0
2694,10.077053,0
2695,9.594316,0
2696,1.465181,0
2697,1.685818,1
2698,0.183146,0
2699,1.063337,1
2700,1.489982,0
2701,9.800797,0
2702,1.49857,0
2703,0.23303,0
2704,0.144915,0
2705,1.416855,0
2706,8.5331,1
2707,0.515341,0
2708,3.16549,0
2709,0.067141,0
2710,0.936539,0
2711,0.731236,0
2712,0.1129,0
2713,3.047133,1
2714,0.201654,1
2715,3.672823,1
2716,0.094127,0
2717,10.311224,0
2718,9.510158,0
2719,2.00426,1
2720,0.18582,0
2721,0.475016,1
2722,0.424447,0
2723,0.957993,0
2724,0.692365,0
2725,0.200865,0
2726,0.781882,1
2727,0.148399,1
2728,2.183066,0
2729,9.338363,0
2730,2.573654,1
2731,9.628574,1
2732,0.158121,1
2733,2.031213,0
2734,0.199642,1
2735,9.508857,1
2736,1.421425,1
2737,1.57419,0
2738,9.425218,1
2739,10.817987,0
2740,2.381305,1
2741,0.225104,1
2742,0.236099,1
2743,8.041022,0
2744,0.459432,1
2745,0.47626,1
2746,8.700469,0
2747,10.190608,0
2748,1.971964,1
2749,9.106692,0
2750,3.376025,1
2751,0.157828,1
2752,2.798247,1
2753,0.296843,1
2754,0.263902,0
2755,0.078745,1
2756,2.644102,0
2757,10.906119,1
2758,0.089405,1
2759,2.08048,0
2760,0.057405,0
2761,0.334408,0
2762,10.079887,0
2763,9.273658,0
2764,0.878121,0
2765,0.039918,0
2766,0.093682,1
2767,0.278031,0
2768,2.37238,1
2769,9.796444,0
2770,4.160999,1
2771,9.110816,0
2772,0.283994,0
2773,0.200411,1
2774,0.153076,0
2775,0.438232,0
2776,1.748174,0
2777,0.168665,1
2778,0.097866,1
2779,3.571162,1
2780,2.913863,0
2781,4.060827,1
2782,0.095812,0
2783,0.17481,1
2784,0.113427,0
2785,0.154434,1
2786,0.117866,1
2787,8.897635,0
2788,10.452689,0
2789,1.243546,0
2790,8.59642,1
2791,2.630869,1
2792,0.077898,1
2793,0.801201,1
2794,0.837242,0
2795,10.931723,1
2796,2.642767,1
2797,0.981718,0
2798,1.950235,1
2799,8.532303,0
2800,2.193665,1
2801,1.904603,1
2802,0.906428,0
2803,0.099449,0
2804,0.079672,0
2805,1.273861,0
2806,0.308409,1
2807,10.444395,0
2808,2.965649,1
2809,0.434286,0
2810,9.312959,0
2811,0.097769,1
2812,0.724636,0
2813,9.167633,0
2814,1.582303,0
2815,1.275255,1
2816,0.175217,1
2817,2.062864,1
2818,2.487049,0
2819,4.001005,1
2820,0.125999,0
2821,0.089344,0
2822,0.040861,1
2823,1.665717,0
2824,9.410322,1
2825,10.325749,1
2826,0.322152,0
2827,0.177288,1
2828,1.879987,0
2829,9.611124,1
2830,10.096921,0
2831,8.78053,1
2832,0.675965,0
2833,2.313529,0
2834,1.754174,1
2835,3.063869,1
2836,0.196257,1
2837,8.380323,0
2838,2.00267,1
2839,2.193408,0
2840,0.102414,1
2841,0.181712,0
2842,2.319372,1
2843,0.228437,1
2844,2.77396,1
2845,9.743291,0
2846,2.995334,1
2847,0.186363,0
2848,2.230865,1
2849,5.457479,1
2850,2.784802,1
2851,0.242827,1
2852,8.885925,1
2853,9.649834,1
2854,9.623174,0
2855,10.792109,0
2856,3.719334,0
2857,0.474978,1
2858,2.510816,1
2859,0.364304,1
2860,0.23943,1
2861,2.134684,0
2862,2.426759,1
2863,0.088746,1
2864,0.177107,1
2865,1.485637,0
2866,1.594822,1
2867,1.294256,0
2868,2.882779,1
2869,3.454827,1
2870,0.870881,0
2871,0.125277,0
2872,2.584297,1
2873,4.111203,1
2874,0.166853,0
2875,0.344169,1
2876,10.025874,0
2877,10.034478,0
2878,1.597005,0
2879,0.097141,1
2880,10.104039,1
2881,9.475393,1
2882,3.203786,1
2883,0.047987,0
2884,0.064695,0
2885,8.267463,1
2886,0.079355,0
2887,1.058054,0
2888,0.1775,1
2889,10.010958,1
2890,3.146661,1
2891,2.317962,0
2892,10.065586,0
2893,1.066831,0
2894,0.034985,1
2895,3.090178,1
2896,2.878436,1
2897,0.084933,0
2898,9.605388,0
2899,3.994313,1
2900,0.082262,0
2901,1.469089,0
2902,0.732962,0
2903,1.270507,1
2904,10.467085,0
2905,0.456922,1
2906,0.152062,0
2907,0.523961,1
2908,0.19674,0
2909,0.690957,0
2910,0.149406,0
2911,0.201112,1
2912,0.402869,1
2913,1.791476,0
2914,2.085083,1
2915,10.188828,0
2916,5.056117,1
2917,2.747012,1
2918,0.432286,0
2919,3.24191,0
2920,9.278286,0
2921,2.818993,1
2922,2.675299,0
2923,10.241267,0
2924,0.063784,1
2925,0.307893,1
2926,2.955009,1
2927,8.996275,1
2928,1.333621,0
2929,0.136546,0
2930,0.132463,1
2931,0.074726,1
2932,0.386866,1
2933,2.124334,0
2934,2.98305,1
2935,2.140167,0
2936,0.048254,1
2937,0.31559,1
2938,0.096002,1
2939,0.04076,1
2940,0.180951,1
2941,0.354773,1
2942,0.095229,1
2943,1.653603,1
2944,3.671469,1
2945,10.406455,1
2946,4.078126,1
2947,10.09112,0
2948,0.057816,0
2949,0.377941,1
2950,0.92371,0
2951,2.377399,1
2952,0.331719,0
2953,0.095272,0
2954,1.227728,0
2955,1.043133,0
2956,1.516282,0
2957,9.00755,0
2958,4.127646,0
2959,0.167555,1
2960,2.246013,0
2961,1.079529,0
2962,0.079671,1
2963,9.679866,0
2964,2.742423,1
2965,0.20824,1
2966,0.590057,0
2967,9.470971,0
2968,0.129397,1
2969,1.972168,0
2970,0.36983,0
2971,0.134861,1
2972,2.151397,1
2973,3.511375,1
2974,3.933634,0
2975,3.661063,1
2976,2.120305,0
2977,2.307862,0
2978,2.989825,0
2979,3.572271,1
2980,0.762019,0
2981,0.140195,1
2982,9.940844,1
2983,0.105449,1
2984,1.89573,0
2985,0.729317,1
2986,1.18655,0
2987,1.088125,0
2988,1.3344,1
2989,2.482558,0
2990,0.086488,1
2991,2.504676,1
2992,2.513191,0
2993,9.899566,0
2994,0.062125,1
2995,0.178262,1
2996,2.537754,1
2997,0.568587,0
2998,9.617076,1
2999,0.188303,0
3000,2.409268,1
3001,2.093188,0
3002,1.422077,0
3003,2.703477,1
3004,1.782922,1
3005,0.972312,0
3006,2.199349,1
3007,0.138423,0
3008,1.060622,0
3009,2.16569,0
3010,1.035682,0
3011,9.859468,0
3012,1.550368,1
3013,9.39123,0
3014,7.811469,0
3015,9.742926,0
3016,0.039402,1
3017,1.18063,1
3018,0.047481,1
3019,4.535466,1
3020,3.49992,1
3021,3.507553,0
3022,2.972166,1
3023,0.768433,0
3024,1.689562,0
3025,0.814065,0
3026,0.045917,1
3027,8.70942,0
3028,0.123605,1
3029,0.069404,1
3030,0.317949,0
3031,0.067159,1
3032,0.072808,0
3033,3.027633,1
3034,0.180183,1
3035,3.409607,0
3036,0.153418,0
3037,1.712968,0
3038,9.16446,0
3039,0.93218,0
3040,1.919307,0
3041,9.05518,0
3042,9.853797,0
3043,0.066114,1
3044,1.376354,0
3045,9.20632,0
3046,1.209118,0
3047,0.068613,0
3048,2.342481,0
3049,0.129651,1
3050,2.982282,0
3051,3.997424,1
3052,0.153949,1
3053,0.958603,0
3054,0.254179,1
3055,0.094967,0
3056,0.213167,0
3057,3.721918,0
3058,1.639027,1
3059,2.234063,0
3060,2.936113,1
3061,0.326084,0
3062,0.528695,1
3063,10.574453,0
3064,0.114314,0
3065,0.126214,0
3066,9.261045,0
3067,0.083868,0
3068,1.131017,0
3069,10.391513,0
3070,0.162704,1
3071,0.31064,0
3072,0.044093,1
3073,1.780191,1
3074,0.827444,0
3075,0.280426,0
3076,0.519866,1
3077,9.151078,0
3078,0.093993,1
3079,0.89491,0
3080,2.242654,1
3081,0.403364,1
3082,0.475662,1
3083,2.290466,0
3084,0.624707,0
3085,0.492333,1
3086,0.346627,0
3087,9.695693,0
3088,0.753338,1
3089,1.554626,1
3090,9.291918,1
3091,0.288761,1
3092,3.330436,1
3093,1.120168,0
3094,3.508085,1
3095,0.118833,0
3096,0.933233,0
3097,0.140194,1
3098,0.269542,1
3099,3.511622,0
3100,2.990865,0
3101,0.133745,1
3102,0.151602,1
3103,0.043191,1
3104,3.752546,0
3105,10.546718,0
3106,0.337943,1
3107,9.052048,0
3108,9.816932,0
3109,3.001651,0
3110,2.1119,0
3111,0.880252,1
3112,0.099568,0
3113,8.734621,1
3114,2.520838,1
3115,0.252634,0
3116,1.735126,1
3117,0.192137,0
3118,8.14428,1
3119,9.317562,1
3120,3.41454,1
3121,1.707457,0
3122,0.202057,0
3123,2.237187,0
3124,3.35974,1
3125,0.106208,1
3126,1.770811,1
3127,1.697477,0
3128,9.708348,0
3129,0.454291,1
3130,0.09116,1
3131,1.242165,0
3132,8.547767,0
3133,4.849631,1
3134,0.17528,1
3135,0.242832,0
3136,0.217608,1
3137,2.88609,1
3138,9.204013,0
3139,3.627712,1
3140,1.881043,1
3141,1.534569,1
3142,0.096693,1
3143,1.556066,0
3144,0.070595,0
3145,0.053773,1
3146,1.897148,0
3147,9.912741,0
3148,3.22962,1
3149,0.126813,0
3150,2.623906,0
3151,0.113647,0
3152,0.065106,0
3153,0.196238,1
3154,0.46878,0
3155,0.22195,1
3156,0.193964,1
3157,0.26033,1
3158,0.107185,1
3159,9.761255,0
3160,2.252404,1
3161,0.528754,1
3162,2.003607,0
3163,0.052654,1
3164,0.086994,1
3165,1.119065,0
3166,0.16311,1
3167,1.647981,1
3168,1.129399,1
3169,1.2873,0
3170,0.117804,1
3171,0.889591,0
3172,0.249925,1
3173,1.770686,0
3174,0.499766,1
3175,8.604531,0
3176,1.058595,0
3177,1.716656,0
3178,2.680886,0
3179,0.20388,1
3180,0.093804,0
3181,0.092466,0
3182,0.203804,1
3183,1.388673,0
3184,9.568184,1
3185,0.173652,0
3186,1.749855,0
3187,0.049756,1
3188,3.517663,1
3189,0.163087,1
3190,0.132166,1
3191,0.105273,0
3192,3.339736,1
3193,0.049029,1
3194,1.931169,0
3195,2.323543,1
3196,1.277968,1
3197,2.410481,1
3198,0.089489,1
3199,0.304529,0
3200,1.093958,0
3201,0.281067,0
3202,0.163743,1
3203,2.458578,1
3204,0.117036,1
3205,9.219091,1
3206,0.266665,0
3207,1.432168,1
3208,0.873817,1
3209,9.530657,1
3210,0.371568,0
3211,2.24837,0
3212,0.104986,0
3213,0.421979,0
3214,4.046767,1
3215,0.125376,0
3216,0.46052,0
3217,0.069284,0
3218,9.548626,0
3219,0.493756,1
3220,0.169589,1
3221,9.852762,0
3222,0.319204,1
3223,0.176634,0
3224,10.138197,0
3225,9.173218,0
3226,3.804067,0
3227,0.159545,1
3228,0.072649,1
3229,0.162537,1
3230,9.524184,0
3231,1.090461,1
3232,0.181411,0
3233,8.127302,0
3234,0.18053,0
3235,0.061191,1
3236,0.158698,0
3237,2.69241,1
3238,0.099797,0
3239,8.68511,1
3240,0.106848,1
3241,1.150584,0
3242,0.228687,1
3243,1.93143,0
3244,9.273245,0
3245,0.098472,0
3246,9.660553,0
3247,0.393974,1
3248,10.265283,1
3249,0.232512,1
3250,1.676763,0
3251,1.747937,0
3252,0.126989,0
3253,0.574906,0
3254,9.532374,1
3255,0.054452,0
3256,1.324638,0
3257,9.152979,1
3258,0.076393,0
3259,0.130525,1
3260,1.407602,0
3261,1.617946,1
3262,10.178773,0
3263,0.344081,1
3264,0.294649,0
3265,0.122067,1
3266,1.538078,0
3267,0.129436,1
3268,2.72764,1
3269,0.078848,0
3270,3.614101,1
3271,10.078942,1
3272,9.7531,1
3273,1.986796,0
3274,1.246021,1
3275,2.912,0
3276,9.254042,1
3277,1.942154,0
3278,10.087474,0
3279,1.640953,0
3280,0.168328,1
3281,0.038931,1
3282,0.277489,0
3283,0.243162,0
3284,2.494893,0
3285,9.673494,0
3286,9.981847,0
3287,0.637266,0
3288,2.721114,1
3289,2.808996,1
3290,3.308751,0
3291,10.074984,0
3292,3.878219,1
3293,9.238975,0
3294,0.084951,1
3295,0.113519,1
3296,0.113557,0
3297,0.263346,1
3298,0.525529,0
3299,0.095705,1
3300,9.081739,1
3301,0.289039,1
3302,2.958576,1
3303,2.363458,0
3304,0.143661,1
3305,9.618811,1
3306,1.178031,1
3307,9.356814,0
3308,1.706792,0
3309,0.106245,1
3310,3.580165,1
3311,3.0013,1
3312,2.297484,1
3313,0.216366,1
3314,8.832568,0
3315,2.527868,1
3316,0.282879,1
3317,10.019344,0
3318,10.101894,0
3319,9.551147,1
3320,0.053812,1
3321,4.949424,1
3322,0.964401,0
3323,3.356528,0
3324,7.858758,0
3325,2.687187,1
3326,0.892053,0
3327,3.739728,1
3328,1.119358,0
3329,0.06043,1
3330,10.191702,0
3331,1.607913,0
3332,0.104155,1
3333,1.597771,1
3334,1.553506,0
3335,2.282674,1
3336,4.886549,1
3337,1.683955,0
3338,1.771804,0
3339,0.180583,1
3340,0.797473,1
3341,8.302612,0
3342,10.330279,0
3343,0.114094,1
3344,2.618606,1
3345,0.377857,1
3346,4.120656,1
3347,0.39771,0
3348,8.151735,0
3349,0.430587,0
3350,0.093514,1
3351,0.094596,1
3352,1.738256,0
3353,3.091684,0
3354,0.310535,0
3355,10.072793,0
3356,0.404643,0
3357,8.857929,0
3358,9.753348,1
3359,9.875631,0
3360,1.643921,0
3361,1.681533,1
3362,9.25166,1
3363,0.209987,0
3364,2.281861,1
3365,4.334369,1
3366,9.548911,0
3367,3.148461,1
3368,9.729379,0
3369,2.164673,0
3370,1.484296,0
3371,1.629158,1
3372,0.232225,0
3373,1.619029,0
3374,0.179125,0
3375,0.158096,1
3376,4.750875,1
3377,0.139985,1
3378,3.382545,1
3379,9.388064,1
3380,0.126251,0
3381,0.195278,0
3382,8.987204,1
3383,0.313615,0
3384,8.832933,0
3385,0.079957,0
3386,9.623691,0
3387,2.357991,0
3388,1.64072,1
3389,0.745545,1
3390,3.993898,0
3391,0.173635,0
3392,10.088696,0
3393,0.446693,1
3394,0.122675,0
3395,0.143154,0
3396,0.390946,0
3397,0.11297,0
3398,3.165695,1
3399,0.735245,0
3400,1.999264,0
3401,0.862661,0
3402,9.057051,1
3403,0.108789,1
3404,0.417871,0
3405,0.636694,1
3406,0.122776,1
3407,0.686016,0
3408,9.772341,0
3409,9.238993,1
3410,0.166623,1
3411,9.100274,0
3412,3.749333,1
3413,3.158487,0
3414,0.312885,1
3415,0.158588,1
3416,1.280657,0
3417,2.517212,1
3418,0.192621,1
3419,1.987707,0
3420,0.973063,0
3421,0.527373,0
3422,0.457051,0
3423,1.221144,1
3424,1.144522,0
3425,9.631681,0
3426,2.980192,0
3427,9.620832,0
3428,4.161173,0
3429,0.536426,1
3430,1.202674,0
3431,0.222447,0
3432,1.851287,0
3433,8.804873,0
3434,1.408678,1
3435,9.75703,0
3436,0.485968,0
3437,9.276209,0
3438,0.182065,1
3439,8.965663,0
3440,2.107289,0
3441,0.254339,1
3442,2.648593,1
3443,0.038337,1
3444,0.284084,1
3445,0.081773,0
3446,8.132225,0
3447,0.167877,1
3448,0.083837,1
3449,0.348229,1
3450,1.390411,0
3451,1.761573,0
3452,3.757335,1
3453,1.034436,0
3454,0.13747,1
3455,0.247284,0
3456,11.078234,0
3457,0.291095,1
3458,0.247616,1
3459,0.572719,0
3460,0.090944,0
3461,9.722904,1
3462,10.316833,0
3463,0.421409,0
3464,0.582276,1
3465,3.54529,0
3466,1.727703,1
3467,2.465887,0
3468,2.623588,1
3469,0.363227,0
3470,2.936271,0
3471,4.154892,1
3472,0.057506,1
3473,0.142426,1
3474,3.823073,1
3475,0.101424,1
3476,0.141657,0
3477,2.589002,0
3478,0.672517,0
3479,3.66941,1
3480,10.903977,0
3481,0.198815,1
3482,0.610778,1
3483,4.865438,1
3484,2.751307,0
3485,2.706505,1
3486,0.11657,1
3487,0.043248,1
3488,0.198905,1
3489,0.546305,0
3490,9.100506,0
3491,10.070147,0
3492,9.511816,0
3493,9.890165,0
3494,3.594513,1
3495,0.068689,1
3496,0.448954,0
3497,0.245335,0
3498,3.885707,1
3499,0.244228,1
3500,9.356555,0
3501,8.734855,0
3502,0.075966,1
3503,9.483014,0
3504,0.177864,0
3505,9.587557,0
3506,9.339793,0
3507,0.166214,0
3508,0.242149,1
3509,2.2892,0
3510,10.736732,0
3511,0.106395,1
3512,1.430645,0
3513,0.132576,0
3514,0.190525,1
3515,1.05469,1
3516,10.084768,0
3517,1.086435,0
3518,0.182443,1
3519,9.857109,0
3520,9.725468,0
3521,2.098189,0
3522,9.312429,1
3523,2.121291,1
3524,0.621462,0
3525,0.442429,1
3526,8.203678,0
3527,1.888365,0
3528,9.441619,0
3529,10.027323,1
3530,0.188055,0
3531,0.116102,0
3532,0.231403,1
3533,0.088977,0
3534,0.158792,1
3535,0.196978,1
3536,8.722687,0
3537,0.213628,1
3538,0.081892,1
3539,2.437019,1
3540,0.232422,1
3541,9.741485,0
3542,1.472233,0
3543,4.584296,1
3544,2.859078,1
3545,0.134287,0
3546,0.29141,0
3547,0.193831,1
3548,2.631033,1
3549,3.432242,0
3550,10.441652,0
3551,0.44838,1
3552,9.153391,0
3553,1.705606,0
3554,9.324719,0
3555,2.188525,1
3556,5.587401,1
3557,1.848542,0
3558,0.337732,1
3559,0.262764,0
3560,0.412084,0
3561,1.237123,0
3562,0.150377,1
3563,8.157435,0
3564,0.154138,1
3565,2.110314,0
3566,0.070287,0
3567,0.119909,1
3568,1.215695,1
3569,0.068792,0
3570,2.575181,1
3571,0.134925,0
3572,1.62082,0
3573,0.071305,1
3574,10.828644,0
3575,0.161279,0
3576,1.03521,1
3577,9.451213,0
3578,0.105329,0
3579,9.333694,0
3580,0.425092,1
3581,10.746314,0
3582,9.201383,0
3583,0.182428,1
3584,0.401782,1
3585,0.652708,0
3586,3.336643,0
3587,3.964375,1
3588,0.378065,0
3589,9.211372,1
3590,1.86305,0
3591,0.083652,1
3592,9.5339,0
3593,3.655999,1
3594,0.358704,0
3595,9.226512,0
3596,9.919083,0
3597,8.919515,0
3598,9.500737,1
3599,2.013416,0
3600,0.439998,1
3601,1.925822,0
3602,1.609203,1
3603,9.911014,0
3604,10.717644,1
3605,1.996228,0
3606,0.301285,0
3607,0.041854,0
3608,9.181904,0
3609,1.510108,0
3610,0.16824,0
3611,2.671866,0
3612,0.248592,0
3613,2.743542,1
3614,0.374083,1
3615,0.472831,0
3616,0.591334,0
3617,3.696551,1
3618,10.308935,0
3619,0.212502,0
3620,1.485201,0
3621,0.22564,1
3622,4.264631,1
3623,3.792176,0
3624,10.834592,0
3625,0.435185,0
3626,0.559355,1
3627,2.405435,1
3628,0.308242,1
3629,0.12464,1
3630,0.115372,1
3631,0.810539,0
3632,0.374244,1
3633,0.775296,0
3634,1.885067,0
3635,2.519986,1
3636,8.865415,1
3637,0.137904,0
3638,9.957195,0
3639,3.950034,1
3640,0.092241,1
3641,0.277482,1
3642,0.281824,0
3643,4.093767,1
3644,8.891345,0
3645,1.290009,1
3646,3.603252,0
3647,0.200375,1
3648,0.030474,1
3649,0.099921,0
3650,2.69736,1
3651,0.152067,0
3652,3.406148,1
3653,0.347575,1
3654,2.155574,1
3655,0.824596,1
3656,2.482934,0
3657,1.699207,0
3658,3.066528,1
3659,9.666456,0
3660,3.255362,1
3661,9.383901,0
3662,9.033933,0
3663,10.01107,0
3664,8.424583,1
3665,0.094035,1
3666,2.849427,1
3667,10.377909,0
3668,1.04558,0
3669,0.394615,0
3670,0.127245,0
3671,0.041512,0
3672,0.388889,1
3673,0.188607,1
3674,0.052004,0
3675,0.3981,0
3676,10.389943,0
3677,0.241388,1
3678,9.726257,0
3679,0.363266,1
3680,0.142764,1
3681,1.40335,0
3682,0.088325,0
3683,0.686086,0
3684,0.236284,1
3685,1.136949,0
3686,2.414507,1
3687,1.341332,0
3688,10.704395,0
3689,0.116538,1
3690,0.104286,1
3691,1.336373,0
3692,0.258091,1
3693,0.171229,0
3694,1.098972,0
3695,9.828129,1
3696,0.977176,0
3697,0.05897,1
3698,10.71689,0
3699,10.206898,0
3700,3.904266,0
3701,0.064552,1
3702,0.112822,1
3703,9.552244,0
3704,0.118029,1
3705,0.363802,0
3706,0.065575,1
3707,0.161906,1
3708,2.632631,0
3709,9.842549,1
3710,1.176397,0
3711,10.118748,0
3712,0.328563,0
3713,4.297479,1
3714,9.854147,1
3715,0.120795,1
3716,0.169335,1
3717,3.542684,0
3718,0.081154,0
3719,1.860857,0
3720,10.968561,0
3721,10.420973,0
3722,0.168749,0
3723,1.688593,1
3724,8.850389,1
3725,1.608434,1
3726,9.235087,0
3727,0.719485,0
3728,1.567917,0
3729,8.8312,0
3730,7.361916,1
3731,0.111197,0
3732,2.371881,1
3733,0.061088,1
3734,0.654175,0
3735,3.16238,0
3736,0.078472,0
3737,0.352367,1
3738,3.23774,0
3739,3.052438,1
3740,9.867085,0
3741,9.103162,0
3742,1.210706,0
3743,1.646894,0
3744,0.923384,1
3745,0.477003,1
3746,2.957326,1
3747,0.098236,1
3748,10.612914,0
3749,0.229982,0
3750,3.301538,1
3751,9.425011,1
3752,0.297104,1
3753,0.120207,0
3754,3.639728,1
3755,9.929811,1
3756,9.529593,0
3757,0.237497,0
3758,2.330436,0
3759,1.345745,0
3760,10.243539,0
3761,1.890721,0
3762,3.421224,1
3763,2.519823,0
3764,0.64557,0
3765,9.894964,1
3766,0.565225,1
3767,1.502561,1
3768,0.131101,1
3769,2.650685,1
3770,0.119602,0
3771,9.093131,0
3772,1.443294,0
3773,0.055788,1
3774,2.260626,0
3775,2.521779,0
3776,0.319686,1
3777,0.231781,1
3778,0.183049,0
3779,1.206744,1
3780,0.258678,0
3781,10.076019,1
3782,1.197152,1
3783,9.845057,1
3784,9.796437,0
3785,3.476204,0
3786,0.314083,1
3787,4.042734,0
3788,0.142675,1
3789,11.225803,0
3790,0.855807,1
3791,9.096069,0
3792,3.693921,1
3793,2.006213,1
3794,9.376858,0
3795,3.599124,1
3796,10.393294,0
3797,3.885113,0
3798,1.151532,1
3799,9.544806,0
3800,0.11723,1
3801,3.867934,1
3802,0.061559,1
3803,0.0917,1
3804,0.521949,0
3805,0.081113,1
3806,2.663736,1
3807,0.128653,1
3808,0.293645,1
3809,9.715161,1
3810,1.726504,0
3811,10.137852,0
3812,8.799094,1
3813,2.947981,0
3814,2.716126,1
3815,1.214467,1
3816,0.452058,0
3817,3.113748,1
3818,2.614446,1
3819,2.394517,0
3820,2.921852,0
3821,0.128471,1
3822,0.889349,0
3823,0.235021,1
3824,8.877142,0
3825,0.156137,1
3826,1.544448,0
3827,10.080415,0
3828,9.125238,1
3829,2.790903,1
3830,2.115669,1
3831,0.354654,0
3832,0.269728,1
3833,9.043848,0
3834,0.052774,1
3835,0.674222,1
3836,0.586278,0
3837,9.272829,1
3838,8.149557,0
3839,0.208923,1
3840,0.716708,0
3841,4.763565,1
3842,10.393259,0
3843,0.209576,0
3844,0.178982,1
3845,0.393452,1
3846,0.417998,0
3847,8.963647,0
3848,0.826884,0
3849,10.749543,0
3850,0.473107,0
3851,2.378599,1
3852,0.161536,1
3853,0.17126,1
3854,2.783001,1
3855,3.654757,1
3856,0.10167,1
3857,9.402205,0
3858,2.048659,1
3859,0.366874,0
3860,0.07542,1
3861,2.345312,1
3862,0.611124,0
3863,8.699862,0
3864,9.730467,0
3865,0.287719,0
3866,3.959082,1
3867,3.478936,1
3868,9.36008,0
3869,10.236699,0
3870,0.255574,0
3871,0.07953,1
3872,1.734042,0
3873,8.371136,1
3874,0.28233,0
3875,9.432677,0
3876,0.123958,1
3877,0.102085,1
3878,0.130711,0
3879,3.330154,1
3880,2.50997,0
3881,8.53206,1
3882,0.204659,0
3883,1.75549,1
3884,1.948155,0
3885,1.291215,0
3886,0.226762,1
3887,0.122183,0
3888,1.395489,0
3889,2.0287,0
3890,0.367004,1
3891,0.10018,1
3892,0.098662,0
3893,10.159631,1
3894,0.706393,0
3895,0.947537,0
3896,0.952107,0
3897,1.245431,0
3898,1.298588,0
3899,11.145878,0
3900,0.111376,0
3901,3.647336,1
3902,0.715339,0
3903,10.342935,0
3904,8.044869,1
3905,0.513394,0
3906,0.359588,1
3907,9.547752,1
3908,2.271131,0
3909,0.135887,0
3910,0.102914,0
3911,0.600282,0
3912,0.185261,1
3913,10.808299,0
3914,0.066224,1
3915,0.086413,1
3916,4.726621,1
3917,0.088114,0
3918,0.858437,1
3919,1.959552,0
3920,10.617329,0
3921,1.367978,0
3922,1.326256,1
3923,1.430849,0
3924,4.69169,1
3925,3.046832,1
3926,10.255575,0
3927,8.722784,0
3928,0.149843,1
3929,2.031874,0
3930,1.957109,0
3931,1.024337,0
3932,0.04348,1
3933,0.293545,1
3934,0.074236,1
3935,0.490097,1
3936,0.331913,1
3937,1.288039,1
3938,9.457156,0
3939,8.862497,0
3940,3.466335,1
3941,3.467753,1
3942,0.450876,1
3943,0.307612,1
3944,8.891664,1
3945,9.088662,0
3946,1.766906,1
3947,0.542184,0
3948,0.11422,1
3949,3.262954,0
3950,1.409488,1
3951,0.167493,1
3952,0.61347,0
3953,0.136597,0
3954,9.714758,0
3955,9.693281,0
3956,0.130252,0
3957,0.07302,1
3958,1.657946,1
3959,0.079605,1
3960,5.079206,1
3961,0.771433,0
3962,0.078472,0
3963,4.301881,1
3964,0.292806,1
3965,0.219756,1
3966,0.336618,1
3967,2.46802,1
3968,9.455661,1
3969,9.377059,0
3970,9.659867,0
3971,3.772187,1
3972,1.238009,0
3973,0.354076,1
3974,4.307758,1
3975,0.039539,1
3976,0.14038,0
3977,1.161236,1
3978,7.591705,0
3979,10.971919,0
3980,0.102769,0
3981,10.461974,0
3982,1.704092,0
3983,10.233219,0
3984,4.681502,1
3985,0.147477,0
3986,0.678885,0
3987,4.324162,0
3988,3.356675,0
3989,10.364215,0
3990,0.690174,0
3991,9.794629,0
3992,0.185769,1
3993,0.174096,1
3994,9.879556,0
3995,0.112599,0
3996,4.998693,1
3997,7.795603,1
3998,9.022862,0
3999,2.130464,1
4000,2.44312,1
4001,10.119944,0
4002,0.044304,1
4003,0.09256,1
4004,9.563352,0
4005,1.747783,0
4006,0.439016,1
4007,0.388379,0
4008,0.281605,1
4009,1.350184,0
4010,1.503981,0
4011,0.064012,1
4012,10.159988,1
4013,0.822102,0
4014,0.070639,1
4015,10.33706,0
4016,0.37573,0
4017,0.089157,1
4018,2.570988,0
4019,3.343773,0
4020,9.279769,0
4021,3.329504,1
4022,0.237814,0
4023,1.029908,1
4024,2.494584,1
4025,0.116726,1
4026,0.96298,0
4027,2.280514,1
4028,3.386596,1
4029,0.366476,1
4030,2.365905,1
4031,0.081935,1
4032,1.674837,1
4033,1.082536,0
4034,8.160678,1
4035,9.101918,0
4036,1.746361,1
4037,0.171427,1
4038,0.207046,0
4039,0.438979,1
4040,0.718831,1
4041,0.455303,0
4042,9.935832,0
4043,0.288914,0
4044,0.240876,1
4045,0.268408,1
4046,10.430237,0
4047,0.092677,0
4048,10.215664,1
4049,1.076368,0
4050,1.93977,1
4051,10.053817,0
4052,3.102683,0
4053,4.505126,1
4054,2.858433,0
4055,0.236867,0
4056,1.465565,1
4057,9.29141,1
4058,1.173408,0
4059,0.128014,0
4060,0.052876,1
4061,2.733552,1
4062,9.925676,0
4063,2.749963,1
4064,3.055162,1
4065,2.627053,1
4066,1.208351,1
4067,0.134024,1
4068,1.63294,0
4069,0.182747,0
4070,2.289111,1
4071,1.807938,1
4072,1.003356,1
4073,10.718019,1
4074,1.71189,0
4075,9.090713,0
4076,10.308823,0
4077,9.630341,0
4078,0.075971,0
4079,3.068082,0
4080,0.044761,1
4081,0.089771,0
4082,9.573783,0
4083,0.127563,1
4084,0.420176,1
4085,9.825079,0
4086,0.124411,0
4087,0.492873,0
4088,0.254647,0
4089,0.155857,0
4090,0.054484,1
4091,1.91939,1
4092,0.341047,0
4093,1.531853,0
4094,1.778539,0
4095,9.860664,0
4096,0.079537,0
4097,8.718578,0
4098,3.155789,1
4099,1.2633,1
4100,4.10333,1
4101,8.449635,0
4102,0.20456,1
4103,2.179142,0
4104,10.061198,0
4105,1.595292,0
4106,0.671336,0
4107,3.395093,0
4108,0.280404,0
4109,9.976234,1
4110,0.93127,0
4111,0.222353,0
4112,0.121005,0
4113,0.068048,0
4114,9.389952,0
4115,1.590075,1
4116,9.533985,0
4117,0.040394,0
4118,0.127354,0
4119,0.497838,1
4120,0.193707,0
4121,1.873779,0
4122,1.834682,1
4123,0.886273,1
4124,2.59242,1
4125,9.207605,0
4126,1.182483,0
4127,0.729836,1
4128,9.329144,0
4129,9.755224,1
4130,0.346106,1
4131,0.398097,0
4132,1.140443,0
4133,8.535507,0
4134,0.721249,0
4135,0.103285,0
4136,1.556261,1
4137,0.131308,1
4138,0.687873,1
4139,0.214072,1
4140,8.262058,1
4141,4.195969,0
4142,8.76958,1
4143,0.058109,1
4144,10.476501,0
4145,3.184107,0
4146,1.086163,0
4147,2.392794,0
4148,0.152585,0
4149,0.083521,1
4150,0.111411,0
4151,0.461408,0
4152,10.124784,0
4153,1.140741,1
4154,2.499553,1
4155,9.163936,1
4156,0.277131,1
4157,1.047407,0
4158,2.20897,1
4159,1.005069,0
4160,0.131116,0
4161,0.458519,1
4162,0.209936,1
4163,1.426977,1
4164,0.099176,0
4165,0.22132,0
4166,1.922305,0
4167,2.888838,1
4168,3.172964,1
4169,9.908489,1
4170,2.642451,1
4171,0.055719,0
4172,1.865691,0
4173,10.074801,1
4174,9.011726,0
4175,9.637885,0
4176,0.181544,0
4177,0.182767,1
4178,1.59821,0
4179,10.495049,0
4180,9.781476,0
4181,0.252319,1
4182,2.939908,0
4183,9.318424,0
4184,1.359546,1
4185,9.947378,0
4186,0.200907,0
4187,2.528593,0
4188,0.380672,0
4189,0.186599,1
4190,0.347836,1
4191,10.568069,0
4192,0.644385,1
4193,2.53013,0
4194,2.542829,0
4195,1.879285,1
4196,9.418993,0
4197,0.292146,1
4198,0.069759,0
4199,3.390522,1
4200,2.588658,1
4201,2.800361,0
4202,0.21032,1
4203,1.722223,1
4204,0.510715,0
4205,2.940415,1
4206,10.164274,0
4207,2.494467,0
4208,9.018459,0
4209,0.380282,0
4210,0.680428,0
4211,10.417575,0
4212,0.232732,0
4213,0.060658,1
4214,10.129768,0
4215,0.088429,0
4216,8.797698,0
4217,0.093044,1
4218,9.863446,0
4219,0.224411,0
4220,3.533136,1
4221,10.086323,0
4222,9.120503,1
4223,0.145558,1
4224,0.074945,0
4225,3.268024,0
4226,10.170903,0
4227,0.044429,1
4228,0.60551,0
4229,1.86848,0
4230,3.326792,1
4231,0.545681,0
4232,0.135853,1
4233,2.932685,1
4234,0.220055,1
4235,1.315425,1
4236,1.162663,0
4237,8.535913,0
4238,0.473575,1
4239,1.262332,1
4240,0.156847,1
4241,0.368532,1
4242,10.37913,0
4243,9.816122,0
4244,10.100821,0
4245,0.547722,1
4246,0.231947,1
4247,0.222987,1
4248,9.328675,0
4249,3.844294,1
4250,0.160708,1
4251,8.857919,0
4252,0.096274,1
4253,1.054984,0
4254,0.177493,0
4255,0.883453,0
4256,0.277389,1
4257,2.497913,1
4258,1.531922,0
4259,9.830705,0
4260,9.346083,1
4261,0.196887,1
4262,3.143905,1
4263,3.005889,1
4264,0.492384,0
4265,1.823829,0
4266,0.091509,1
4267,0.044257,1
4268,1.354706,0
4269,0.533931,0
4270,3.6725,1
4271,0.079829,1
4272,9.407623,0
4273,9.042072,0
4274,0.111115,1
4275,3.21207,1
4276,10.335392,0
4277,10.394608,0
4278,1.144293,1
4279,1.890276,1
4280,3.596765,1
4281,1.141055,0
4282,0.18274,1
4283,0.835665,0
4284,10.249642,1
4285,0.741826,0
4286,8.983737,0
4287,0.262132,1
4288,4.119565,1
4289,9.813414,0
4290,1.844532,0
4291,8.80313,0
4292,9.716147,0
4293,0.06508,1
4294,1.910268,0
4295,0.956317,1
4296,0.062023,0
4297,0.484086,1
4298,0.188178,1
4299,1.595549,1
4300,2.922224,1
4301,9.340716,1
4302,3.11699,1
4303,0.295721,0
4304,4.35373,1
4305,2.653649,0
4306,0.153623,0
4307,2.695809,0
4308,0.815032,0
4309,1.890423,0
4310,1.48327,1
4311,2.974569,1
4312,10.2998,0
4313,9.506383,0
4314,1.318346,0
4315,1.062976,1
4316,9.890117,1
4317,3.701972,1
4318,2.770297,0
4319,0.259017,0
4320,0.093042,0
4321,0.134427,1
4322,2.932171,1
4323,9.016986,0
4324,2.314681,1
4325,1.671833,0
4326,0.136638,0
4327,1.185661,1
4328,0.071128,0
4329,9.890296,1
4330,3.118858,1
4331,0.121318,0
4332,1.04102,0
4333,1.221829,0
4334,0.852527,0
4335,3.00314,1
4336,0.156019,1
4337,3.143037,0
4338,1.398965,0
4339,1.108998,0
4340,1.094558,0
4341,0.487792,1
4342,0.453252,0
4343,8.836406,1
4344,0.02745,0
4345,0.123137,0
4346,0.415686,1
4347,9.171715,1
4348,0.136811,1
4349,9.58178,0
4350,9.111063,0
4351,0.045923,1
4352,9.023508,0
4353,10.794685,0
4354,1.739444,0
4355,0.471003,0
4356,3.224818,1
4357,1.641154,1
4358,2.126894,0
4359,2.729803,1
4360,0.236082,0
4361,1.587031,0
4362,3.241888,1
4363,8.422316,1
4364,1.878432,1
4365,0.285316,1
4366,0.269577,0
4367,1.550161,0
4368,9.811411,0
4369,1.595481,0
4370,3.421809,0
4371,0.25358,1
4372,9.191472,0
4373,2.535944,0
4374,0.105285,1
4375,9.880567,1
4376,9.6594,0
4377,8.407969,1
4378,4.114493,0
4379,0.909548,1
4380,0.253593,1
4381,0.119387,0
4382,2.838126,0
4383,1.975401,1
4384,2.198031,0
4385,0.092156,1
4386,3.699091,1
4387,9.69733,1
4388,3.196434,1
4389,9.439394,0
4390,1.463556,0
4391,9.768231,0
4392,0.112752,1
4393,0.107039,0
4394,1.131854,0
4395,1.802219,1
4396,0.155878,1
4397,8.951822,1
4398,3.182287,0
4399,2.602133,1
4400,0.314465,0
4401,2.726791,1
4402,0.281848,0
4403,0.101385,1
4404,3.843991,0
4405,2.367377,0
4406,1.827328,1
4407,9.849742,1
4408,2.226842,1
4409,0.139368,0
4410,0.937716,0
4411,2.803928,0
4412,5.842273,0
4413,1.178777,0
4414,9.884956,0
4415,0.341373,1
4416,8.768751,0
4417,1.891256,1
4418,1.568045,0
4419,1.990221,0
4420,2.708692,1
4421,0.055582,1
4422,10.196378,0
4423,1.394876,1
4424,10.213263,0
4425,9.004895,0
4426,0.475073,0
4427,0.040446,1
4428,0.399381,1
4429,1.156317,1
4430,2.375711,0
4431,2.755154,1
4432,0.163871,0
4433,0.063814,1
4434,0.689812,1
4435,1.31119,0
4436,0.659275,1
4437,1.612324,0
4438,0.147273,0
4439,0.103011,0
4440,0.801884,0
4441,0.16319,0
4442,9.453214,0
4443,0.443222,0
4444,0.998193,0
4445,0.081963,0
4446,3.052242,1
4447,10.5314,0
4448,0.204236,0
4449,10.777837,0
4450,0.160094,0
4451,2.435014,0
4452,1.387197,0
4453,2.159284,1
4454,10.692624,1
4455,9.604566,1
4456,0.111083,0
4457,1.585016,0
4458,2.640178,0
4459,0.249761,1
4460,1.96995,0
4461,0.350787,0
4462,0.050633,0
4463,1.430999,0
4464,0.157645,1
4465,1.683237,0
4466,1.987715,1
4467,10.73534,0
4468,2.139199,1
4469,8.615704,0
4470,10.356433,0
4471,1.499945,0
4472,4.009218,1
4473,2.999601,1
4474,0.695663,0
4475,0.112599,0
4476,1.7455,0
4477,10.724576,1
4478,0.466716,1
4479,0.512802,0
4480,0.077814,1
4481,0.914452,0
4482,0.217373,1
4483,2.976186,1
4484,0.166934,1
4485,10.014153,0
4486,1.487481,1
4487,0.110631,1
4488,8.645511,0
4489,4.149312,1
4490,0.967551,1
4491,10.155805,1
4492,9.000289,1
4493,3.8225,1
4494,0.630063,1
4495,0.342365,1
4496,7.858479,1
4497,1.472262,0
4498,3.554741,0
4499,0.447407,1
4500,0.158846,0
4501,0.620847,0
4502,1.130491,0
4503,10.997663,1
4504,0.11683,1
4505,3.565701,1
4506,1.150896,0
4507,2.643797,0
4508,9.416932,0
4509,9.310891,1
4510,3.73217,1
4511,0.131694,0
4512,0.411833,0
4513,0.103943,1
4514,0.189943,1
4515,1.54531,0
4516,0.998871,0
4517,0.084619,0
4518,0.918875,0
4519,2.527745,1
4520,1.223098,0
4521,0.291842,1
4522,1.470517,0
4523,3.085467,0
4524,1.7444,0
4525,0.198767,0
4526,2.450173,0
4527,10.00345,0
4528,0.652984,0
4529,3.208217,1
4530,0.192294,0
4531,1.036635,1
4532,0.076491,0
4533,0.454935,0
4534,2.3468,1
4535,9.19917,0
4536,1.671013,0
4537,1.671455,1
4538,0.085914,1
4539,9.144849,0
4540,3.750373,1
4541,9.392766,0
4542,0.27155,1
4543,0.055785,1
4544,3.183544,0
4545,1.873986,0
4546,0.089036,0
4547,0.059705,1
4548,2.828583,1
4549,0.076635,0
4550,2.032098,0
4551,1.481069,1
4552,0.331547,0
4553,0.165071,0
4554,0.070194,1
4555,1.175657,1
4556,9.964871,1
4557,0.131009,1
4558,10.075342,1
4559,2.040679,1
4560,0.093873,1
4561,0.93237,0
4562,9.035558,1
4563,0.079455,1
4564,3.19485,0
4565,3.321563,1
4566,8.776313,1
4567,0.815342,1
4568,0.098116,1
4569,3.711458,0
4570,2.782909,1
4571,2.325526,0
4572,1.561434,0
4573,8.717542,1
4574,1.771621,1
4575,9.329288,0
4576,1.451064,1
4577,10.258279,0
4578,8.360023,1
4579,10.17872,0
4580,0.188532,1
4581,9.396995,1
4582,2.791806,1
4583,0.199757,0
4584,0.360861,0
4585,0.31599,1
4586,0.37371,1
4587,1.133789,0
4588,9.690754,1
4589,0.323451,0
4590,2.386436,0
4591,9.682592,1
4592,0.724177,0
4593,0.770378,0
4594,2.941903,1
4595,3.417397,0
4596,2.289842,1
4597,2.94602,1
4598,0.096183,0
4599,1.276276,0
4600,2.279731,0
4601,0.496528,0
4602,0.048924,1
4603,1.334952,1
4604,0.578026,0
4605,0.148255,0
4606,4.869946,1
4607,9.848004,0
4608,0.181832,0
4609,3.357264,1
4610,0.195866,1
4611,0.097465,1
4612,10.235063,0
4613,0.133658,0
4614,0.113835,1
4615,0.458856,1
4616,0.242202,0
4617,0.109065,0
4618,3.491193,1
4619,0.278949,1
4620,2.404543,1
4621,0.234867,0
4622,0.065637,0
4623,0.527537,0
4624,1.694423,0
4625,0.257194,1
4626,2.094959,1
4627,9.056073,0
4628,9.227997,0
4629,2.622654,0
4630,1.815785,0
4631,2.775595,1
4632,0.343178,1
4633,1.102972,0
4634,0.903169,1
4635,0.262715,0
4636,10.154454,1
4637,3.462896,1
4638,3.055488,1
4639,3.300913,1
4640,0.625925,0
4641,0.498882,1
4642,3.256086,1
4643,0.456886,0
4644,0.426045,1
4645,9.206053,0
4646,8.558658,1
4647,0.312434,0
4648,3.000746,0
4649,10.093136,0
4650,1.140465,0
4651,1.467413,1
4652,0.06901,0
4653,0.577284,1
4654,0.057548,1
4655,0.362434,1
4656,1.902329,0
4657,1.563558,0
4658,2.755152,1
4659,0.092568,0
4660,3.895423,1
4661,1.402028,0
4662,0.338822,1
4663,0.043871,1
4664,1.446389,1
4665,0.102059,0
4666,0.08156,0
4667,0.077179,1
4668,0.145565,1
4669,0.295656,0
4670,0.103045,0
4671,2.971703,1
4672,9.860338,0
4673,9.222846,0
4674,0.34526,0
4675,2.854169,1
4676,2.66661,1
4677,0.384911,0
4678,0.645734,0
4679,3.129343,1
4680,3.099968,0
4681,0.467248,1
4682,1.287705,1
4683,0.165843,0
4684,8.502546,1
4685,0.084545,1
4686,2.978185,1
4687,4.354486,1
4688,9.995863,0
4689,0.185427,1
4690,0.184555,1
4691,2.311423,1
4692,10.728817,0
4693,0.10762,0
4694,1.967704,0
4695,0.35918,0
4696,9.937967,0
4697,1.441424,0
4698,10.280478,0
4699,0.139726,1
4700,0.355309,0
4701,3.410131,0
4702,1.951025,0
4703,2.394949,1
4704,10.012877,1
4705,0.49453,1
4706,0.380865,1
4707,2.531075,1
4708,0.049038,1
4709,0.10645,0
4710,2.045121,0
4711,9.327742,1
4712,1.634187,0
4713,9.82617,1
4714,10.464907,0
4715,1.005264,1
4716,3.423374,1
4717,2.406522,1
4718,0.094255,1
4719,4.197513,0
4720,9.176821,0
4721,0.102149,0
4722,9.400924,0
4723,0.214696,1
4724,8.773655,0
4725,9.428641,1
4726,2.869259,1
4727,9.385929,0
4728,0.293611,1
4729,0.22259,0
4730,2.148033,1
4731,2.977333,0
4732,1.749228,0
4733,0.055508,0
4734,0.186471,1
4735,8.375188,1
4736,9.280794,0
4737,2.211467,0
4738,0.783265,1
4739,0.130494,0
4740,0.414538,1
4741,1.018799,0
4742,9.833076,1
4743,0.309836,1
4744,2.47805,1
4745,9.866205,0
4746,2.308835,1
4747,0.103829,1
4748,0.401958,1
4749,2.446089,0
4750,0.656995,0
4751,8.934629,1
4752,0.729551,1
4753,2.940174,0
4754,2.862028,1
4755,10.222065,0
4756,0.635079,0
4757,0.17933,0
4758,0.328933,1
4759,0.315848,1
4760,9.172673,1
4761,8.69839,1
4762,0.115976,1
4763,1.83486,1
4764,2.196088,1
4765,0.393662,0
4766,10.154875,0
4767,0.054788,1
4768,0.771917,1
4769,1.688089,0
4770,8.885245,0
4771,0.044911,1
4772,0.468978,0
4773,9.490605,1
4774,0.094455,0
4775,0.551068,0
4776,9.701182,0
4777,8.704799,1
4778,9.876446,0
4779,1.651389,1
4780,0.312732,1
4781,0.248804,0
4782,2.971004,0
4783,0.295396,1
4784,0.054355,1
4785,0.062236,1
4786,2.871032,0
4787,0.114209,0
4788,8.970422,0
4789,0.227169,1
4790,1.821097,1
4791,0.500926,0
4792,0.090962,1
4793,0.381157,1
4794,3.036026,0
4795,1.867045,1
4796,1.958557,0
4797,0.137384,0
4798,0.70889,0
4799,0.101669,1
4800,1.095322,1
4801,9.598351,1
4802,1.584105,0
4803,0.161266,1
4804,9.480839,0
4805,10.053646,1
4806,0.110347,0
4807,8.657427,0
4808,11.049043,1
4809,0.563133,1
4810,1.273614,1
4811,10.233299,1
4812,1.177061,0
4813,8.923783,1
4814,2.918561,0
4815,2.681511,1
4816,10.162523,0
4817,0.127457,0
4818,0.957403,0
4819,1.527304,0
4820,0.922542,1
4821,9.543864,0
4822,0.951473,0
4823,0.146738,1
4824,1.552033,0
4825,2.544583,1
4826,5.520367,1
4827,1.873697,0
4828,10.5932,1
4829,3.056391,1
4830,0.173948,0
4831,0.134614,1
4832,0.104904,1
4833,2.219742,1
4834,0.120278,0
4835,1.042094,0
4836,1.170858,1
4837,1.359137,0
4838,0.091728,0
4839,1.198811,0
4840,0.125277,1
4841,9.944911,0
4842,3.517601,0
4843,2.803708,1
4844,9.748399,0
4845,1.002652,1
4846,2.562411,0
4847,4.731438,1
4848,0.346138,1
4849,0.187705,1
4850,3.499579,1
4851,1.755932,1
4852,9.254947,0
4853,3.714823,1
4854,1.645104,0
4855,7.413527,1
4856,2.280638,0
4857,3.209036,1
4858,0.117673,0
4859,0.128401,0
4860,3.304767,1
4861,9.356696,0
4862,0.153007,1
4863,0.029804,1
4864,4.0825,1
4865,2.589007,1
4866,0.197592,0
4867,3.954125,1
4868,0.332371,1
4869,1.755334,0
4870,10.410272,0
4871,9.189112,1
4872,2.906744,0
4873,8.537264,0
4874,2.235617,1
4875,2.722281,0
4876,0.105975,1
4877,9.111107,1
4878,10.613126,0
4879,3.941219,1
4880,0.15288,1
4881,0.192487,1
4882,10.298999,0
4883,8.924714,1
4884,1.548015,0
4885,0.206075,1
4886,0.60809,0
4887,1.054058,0
4888,0.237143,1
4889,9.186,1
4890,2.000432,1
4891,3.896935,1
4892,0.191021,1
4893,11.07332,0
4894,2.745468,0
4895,3.132234,1
4896,0.055196,0
4897,3.050124,1
4898,2.641496,0
4899,9.250462,0
4900,1.560639,0
4901,0.134367,0
4902,3.408812,1
4903,0.581774,1
4904,0.151091,1
4905,0.116685,1
4906,1.138523,0
4907,3.164108,1
4908,0.54548,0
4909,0.28556,0
4910,0.245468,0
4911,1.433689,1
4912,0.084492,0
4913,0.447944,1
4914,9.009533,0
4915,1.051471,0
4916,0.152777,0
4917,0.151512,0
4918,9.133924,0
4919,10.269876,0
4920,0.115843,1
4921,0.24602,0
4922,3.241463,1
4923,3.037307,0
4924,3.562692,1
4925,1.137571,0
4926,0.058666,0
4927,9.851938,0
4928,1.42346,1
4929,1.978106,0
4930,8.137788,0
4931,0.115469,0
4932,0.991705,0
4933,3.359532,1
4934,0.33899,0
4935,3.364541,0
4936,9.050114,1
4937,3.317343,0
4938,9.755077,0
4939,0.163301,0
4940,0.927978,0
4941,1.267888,1
4942,0.905631,1
4943,2.242828,1
4944,2.226712,1
4945,2.591111,0
4946,1.011134,0
4947,10.556569,1
4948,0.255548,1
4949,1.813701,0
4950,2.410639,1
4951,0.413287,0
4952,0.131075,0
4953,0.246194,0
4954,0.953423,0
4955,0.361895,0
4956,0.035165,1
4957,2.438669,0
4958,0.412018,1
4959,9.120537,1
4960,0.095665,1
4961,10.254925,1
4962,0.258959,1
4963,0.244259,1
4964,2.844715,1
4965,2.373628,1
4966,1.885878,0
4967,0.192134,1
4968,1.716989,1
4969,0.096417,1
4970,0.791273,0
4971,1.534301,1
4972,2.643463,1
4973,8.597865,0
4974,0.121431,1
4975,1.499378,0
4976,3.961092,1
4977,0.119108,0
4978,9.452855,0
4979,10.078892,0
4980,0.194834,1
4981,2.182746,1
4982,2.022742,1
4983,9.125509,0
4984,0.198703,1
4985,9.160951,0
4986,2.656728,0
4987,2.685765,1
4988,0.201011,0
4989,0.157067,1
4990,1.596107,0
4991,0.408434,0
4992,1.971902,1
4993,2.280666,1
4994,9.975725,0
4995,1.489898,0
4996,3.58452,1
4997,1.384042,0
4998,10.107728,1
4999,10.030965,0
5000,8.298355,1
5001,10.232218,0
5002,2.501645,1
5003,9.207206,0
5004,12.154364,0
5005,0.165681,0
5006,3.944095,1
5007,0.780274,0
5008,10.427028,0
5009,9.358374,0
5010,3.687852,1
5011,0.088978,1
5012,9.852229,1
5013,0.104184,0
5014,0.741445,1
5015,0.666929,0
5016,0.145721,0
5017,0.058716,0
5018,8.519171,0
5019,1.256753,0
5020,0.097827,1
5021,10.895114,0
5022,0.105623,0
5023,2.30116,1
5024,9.391691,0
5025,0.052383,0
5026,1.948579,1
5027,2.169871,0
5028,3.040134,1
5029,1.783789,1
5030,1.856299,0
5031,9.367286,0
5032,9.491323,0
5033,2.570055,0
5034,9.99648,0
5035,0.044769,1
5036,0.292851,0
5037,0.194302,0
5038,0.058822,0
5039,0.071862,1
5040,0.187413,0
5041,9.948416,0
5042,0.144175,0
5043,1.295513,0
5044,0.39873,1
5045,0.056758,0
5046,0.807473,0
5047,1.892097,0
5048,0.714675,1
5049,1.605658,0
5050,8.792606,1
5051,0.068905,0
5052,9.684134,0
5053,1.945096,0
5054,0.311232,1
5055,8.990795,0
5056,0.271947,0
5057,3.644939,1
5058,9.2342,1
5059,2.394869,1
5060,2.274651,1
5061,1.623134,0
5062,1.074059,1
5063,3.307774,1
5064,9.084475,0
5065,10.606856,0
5066,1.532916,0
5067,1.702652,0
5068,2.232516,1
5069,10.211944,0
5070,0.212539,1
5071,0.188568,0
5072,9.661924,0
5073,2.296047,1
5074,2.249496,0
5075,0.170547,1
5076,2.80243,1
5077,1.760011,0
5078,0.308876,1
5079,0.089987,1
5080,0.143255,1
5081,0.052194,1
5082,0.569314,1
5083,9.458678,0
5084,2.647922,0
5085,0.208262,1
5086,10.008625,1
5087,0.453105,0
5088,9.616564,1
5089,4.125324,1
5090,0.190771,1
5091,1.677972,1
5092,0.103175,0
5093,1.444104,0
5094,1.387804,0
5095,1.950569,0
5096,10.573878,0
5097,1.375076,0
5098,0.04923,0
5099,10.392356,0
5100,0.22511,1
5101,0.184326,1
5102,3.260481,1
5103,0.134099,0
5104,9.925201,1
5105,0.212464,1
5106,2.144717,0
5107,1.861787,0
5108,1.92168,0
5109,9.56194,0
5110,0.489258,1
5111,2.207954,0
5112,2.290017,0
5113,3.061525,1
5114,1.940143,0
5115,1.694516,0
5116,2.577697,1
5117,0.596895,0
5118,10.582833,0
5119,8.498601,0
5120,2.732264,0
5121,1.933086,0
5122,0.078099,0
5123,1.140584,0
5124,0.154792,1
5125,0.181462,1
5126,9.921565,0
5127,9.135906,0
5128,1.499302,0
5129,0.133597,1
5130,9.717361,0
5131,1.816275,0
5132,0.090408,0
5133,0.037968,0
5134,4.203485,1
5135,0.082345,1
5136,2.474664,1
5137,4.887576,1
5138,9.460892,1
5139,2.172489,1
5140,0.148892,1
5141,2.270236,1
5142,0.068776,1
5143,0.243637,1
5144,0.113431,1
5145,0.101961,0
5146,3.741491,1
5147,1.541201,0
5148,2.339551,0
5149,9.774719,0
5150,1.972833,0
5151,0.147533,1
5152,9.775543,0
5153,9.591133,0
5154,0.278456,0
5155,0.5898,0
5156,0.199478,1
5157,0.938394,0
5158,0.274691,0
5159,0.071241,1
5160,0.039756,0
5161,3.580107,1
5162,2.098304,1
5163,0.088344,1
5164,0.056998,1
5165,10.346402,0
5166,1.829254,0
5167,0.225055,1
5168,1.35387,0
5169,0.108455,1
5170,0.280331,1
5171,0.184881,0
5172,0.06843,1
5173,2.647824,1
5174,0.094984,1
5175,2.129696,0
5176,0.14208,0
5177,8.787492,0
5178,9.745311,0
5179,0.606189,0
5180,9.539491,0
5181,0.110347,0
5182,4.031067,1
5183,9.384789,1
5184,0.520226,0
5185,0.320089,0
5186,0.244699,0
5187,9.524607,0
5188,0.131143,1
5189,3.272488,0
5190,0.199906,1
5191,9.055552,1
5192,9.857176,0
5193,3.187355,1
5194,2.436994,0
5195,10.625996,0
5196,0.687635,0
5197,0.132001,0
5198,0.1166,1
5199,9.058574,0
5200,3.326665,1
5201,0.421756,1
5202,0.710731,0
5203,1.363424,0
5204,0.10031,1
5205,0.249198,0
5206,1.379092,1
5207,0.056932,0
5208,1.770288,1
5209,0.989348,0
5210,2.3905,0
5211,0.103149,0
5212,0.11547,1
5213,3.847094,1
5214,3.760352,0
5215,2.66801,1
5216,0.129953,1
5217,0.188343,1
5218,1.612157,0
5219,0.064544,0
5220,1.658339,0
5221,1.300141,0
5222,0.106476,1
5223,0.083931,1
5224,2.26404,1
5225,0.137084,0
5226,10.135505,0
5227,0.238575,1
5228,0.248821,0
5229,10.287572,0
5230,0.823904,0
5231,3.770547,1
5232,3.628092,1
5233,1.467769,0
5234,1.657753,0
5235,1.597242,1
5236,1.252228,0
5237,0.071638,1
5238,2.723049,1
5239,9.614521,1
5240,3.23915,0
5241,9.662647,0
5242,10.148071,0
5243,1.128437,0
5244,2.242721,1
5245,10.154326,1
5246,0.089502,1
5247,0.096157,0
5248,2.778927,1
5249,3.364551,1
5250,9.551105,0
5251,11.123531,0
5252,0.360044,1
5253,0.081733,0
5254,1.06633,1
5255,2.937323,1
5256,8.644497,1
5257,0.06864,0
5258,0.072263,0
5259,3.969121,1
5260,1.289904,0
5261,1.38647,0
5262,1.825802,1
5263,1.879231,0
5264,2.847083,0
5265,0.2216,1
5266,1.661519,0
5267,9.095626,1
5268,2.424493,0
5269,3.125361,1
5270,0.0615,1
5271,0.58177,0
5272,2.72869,1
5273,9.809577,0
5274,9.660488,0
5275,9.586367,1
5276,2.419757,0
5277,9.289538,1
5278,0.142017,1
5279,0.054268,1
5280,0.0466,1
5281,3.113036,1
5282,0.048509,0
5283,2.899372,0
5284,1.904109,0
5285,0.248043,0
5286,0.439496,1
5287,2.30783,1
5288,3.881966,1
5289,2.120806,0
5290,5.628981,1
5291,2.347522,1
5292,3.176634,1
5293,0.086658,1
5294,0.586575,1
5295,1.457202,0
5296,2.146868,0
5297,2.728872,1
5298,9.880332,0
5299,0.077877,1
5300,0.776173,0
5301,0.138899,1
5302,3.312517,1
5303,0.051996,0
5304,0.129508,0
5305,1.75802,0
5306,1.980722,0
5307,0.467164,0
5308,2.256658,0
5309,9.383096,0
5310,0.042002,1
5311,0.055525,1
5312,9.482261,0
5313,0.182087,0
5314,2.340631,0
5315,1.994863,1
5316,0.039187,1
5317,1.042481,0
5318,10.297107,1
5319,0.095075,1
5320,0.494146,0
5321,4.140471,0
5322,0.287399,0
5323,1.312957,0
5324,1.899231,1
5325,8.134678,1
5326,8.832565,0
5327,2.768002,0
5328,9.568273,0
5329,0.073004,1
5330,1.800685,1
5331,1.345154,0
5332,0.068131,1
5333,2.788627,1
5334,2.726948,1
5335,10.443026,1
5336,0.429971,0
5337,0.401947,0
5338,8.908002,0
5339,0.262106,0
5340,1.817477,0
5341,0.133741,1
5342,0.050944,1
5343,1.653867,1
5344,10.034454,0
5345,9.772087,0
5346,2.875029,1
5347,9.576283,0
5348,1.805564,0
5349,0.509208,1
5350,4.012522,1
5351,1.74016,0
5352,0.087269,1
5353,1.061741,1
5354,10.59052,0
5355,1.229752,1
5356,11.22983,0
5357,0.819976,0
5358,0.060184,1
5359,8.855133,1
5360,0.269892,1
5361,4.04901,0
5362,0.079276,1
5363,0.707146,1
5364,9.59413,0
5365,0.357026,1
5366,9.951699,1
5367,0.057767,0
5368,2.357173,1
5369,9.996497,1
5370,9.617979,1
5371,9.41993,0
5372,1.664509,0
5373,5.502091,1
5374,0.123118,1
5375,1.555057,0
5376,10.208887,0
5377,0.290208,1
5378,1.724477,1
5379,0.10064,1
5380,2.840268,0
5381,8.388203,0
5382,2.77589,0
5383,2.512736,1
5384,0.416729,0
5385,0.122282,0
5386,9.892653,1
5387,2.147794,0
5388,0.493527,0
5389,0.45831,1
5390,1.796681,0
5391,3.030144,1
5392,0.123993,1
5393,0.175319,0
5394,1.617367,1
5395,8.949616,0
5396,9.067254,0
5397,1.60103,0
5398,0.11643,0
5399,3.387493,1
5400,10.84598,0
5401,9.369037,1
5402,3.235142,1
5403,9.625264,0
5404,1.998011,0
5405,8.561236,1
5406,9.192343,0
5407,0.154681,0
5408,9.355714,0
5409,0.086158,1
5410,1.372374,1
5411,10.28731,0
5412,10.721869,0
5413,0.4265,1
5414,0.659301,0
5415,9.815251,0
5416,1.046305,1
5417,10.334635,0
5418,0.056676,1
5419,0.242574,0
5420,0.336376,1
5421,0.197816,0
5422,0.065579,0
5423,2.43486,1
5424,0.169884,1
5425,8.968111,0
5426,0.452872,1
5427,0.159343,0
5428,0.067269,1
5429,0.310114,1
5430,0.126397,0
5431,0.281174,0
5432,0.07045,1
5433,0.183395,0
5434,0.13079,1
5435,0.137835,0
5436,2.986077,0
5437,2.630491,1
5438,0.728962,1
5439,0.147883,1
5440,1.432788,0
5441,10.985134,0
5442,0.319896,1
5443,0.05378,1
5444,0.286152,1
5445,9.920046,0
5446,0.372028,1
5447,10.725137,0
5448,0.265996,0
5449,4.595837,1
5450,1.643408,0
5451,9.399659,1
5452,0.066676,0
5453,0.379526,1
5454,2.06081,1
5455,3.667711,0
5456,2.86687,1
5457,0.399089,1
5458,0.281694,0
5459,2.268084,1
5460,8.624947,1
5461,0.492437,0
5462,0.104358,0
5463,0.482488,0
5464,3.421921,1
5465,0.124163,1
5466,0.228273,0
5467,0.099052,0
5468,1.897014,0
5469,0.935232,1
5470,9.882846,0
5471,2.888817,0
5472,1.404557,0
5473,9.511312,0
5474,2.373452,0
5475,2.137507,1
5476,0.397792,0
5477,0.104988,0
5478,0.133753,1
5479,10.519748,0
5480,9.61269,0
5481,4.181251,1
5482,0.133068,0
5483,1.781443,0
5484,0.891049,0
5485,2.101453,1
5486,0.423908,1
5487,0.728822,0
5488,0.17512,1
5489,2.654617,0
5490,10.143526,0
5491,0.492254,0
5492,2.268399,1
5493,3.162869,1
5494,10.575419,0
5495,0.100252,1
5496,0.249335,1
5497,0.488269,1
5498,0.407479,0
5499,0.177473,1
5500,9.549532,1
5501,3.732954,1
5502,2.928226,0
5503,1.048775,1
5504,4.748371,1
5505,10.237059,0
5506,2.508338,0
5507,0.180131,1
5508,0.053172,1
5509,0.064476,0
5510,2.490344,1
5511,2.699315,0
5512,3.351268,1
5513,0.056632,1
5514,9.029193,0
5515,2.721384,0
5516,0.076812,1
5517,0.58142,1
5518,0.416047,1
5519,0.900186,0
5520,0.061441,0
5521,0.093258,0
5522,9.155249,1
5523,0.052779,1
5524,9.736887,0
5525,9.922702,1
5526,7.720085,0
5527,0.065103,1
5528,0.229803,1
5529,0.644772,0
5530,4.079801,1
5531,0.778636,0
5532,2.511325,1
5533,0.132761,1
5534,3.067889,1
5535,0.348576,1
5536,10.333389,0
5537,0.873963,1
5538,10.489284,0
5539,1.519361,0
5540,1.946113,0
5541,2.100224,0
5542,10.47322,0
5543,3.689866,0
5544,2.141809,1
5545,2.023701,1
5546,9.246135,0
5547,2.191671,0
5548,2.124669,0
5549,0.170568,0
5550,1.014192,0
5551,1.657975,0
5552,0.19295,0
5553,0.940962,1
5554,0.423994,0
5555,9.661577,0
5556,4.042636,1
5557,0.747866,0
5558,2.869758,1
5559,0.163546,1
5560,2.337265,0
5561,2.750475,0
5562,0.089279,0
5563,2.173008,0
5564,4.887673,1
5565,1.779803,0
5566,2.744231,0
5567,0.619161,1
5568,9.258685,0
5569,3.444384,1
5570,2.06008,1
5571,0.052951,0
5572,0.239119,1
5573,9.520733,0
5574,0.348717,1
5575,0.229505,1
5576,0.260531,0
5577,0.50725,1
5578,0.899856,1
5579,9.103864,0
5580,1.742472,1
5581,0.193072,1
5582,9.78724,0
5583,4.647454,1
5584,0.300775,0
5585,2.865234,0
5586,4.237852,0
5587,9.172849,0
5588,10.312391,0
5589,9.377012,0
5590,0.194761,1
5591,1.61645,0
5592,0.11183,1
5593,9.50927,1
5594,0.253434,0
5595,0.819362,0
5596,9.345707,1
5597,1.593562,1
5598,0.112983,0
5599,2.534158,0
5600,3.261865,0
5601,0.648456,1
5602,9.176776,1
5603,0.15324,1
5604,0.146296,0
5605,2.128718,0
5606,9.926965,1
5607,0.671893,1
5608,10.147455,1
5609,0.193282,0
5610,0.611255,0
5611,3.409756,1
5612,2.21593,0
5613,0.089786,1
5614,9.564211,1
5615,0.126979,1
5616,0.731402,0
5617,5.213709,1
5618,0.370007,0
5619,9.834344,0
5620,10.065248,1
5621,2.043044,0
5622,1.208982,1
5623,3.783972,1
5624,9.435804,0
5625,2.286622,0
5626,11.315218,0
5627,0.137449,1
5628,2.925072,1
5629,10.457123,0
5630,2.392613,0
5631,2.644444,0
5632,0.184875,1
5633,3.1149,1
5634,0.089215,0
5635,0.05927,0
5636,0.193229,0
5637,0.190307,1
5638,1.948001,1
5639,4.637867,1
5640,2.082142,1
5641,0.06061,1
5642,0.633514,1
5643,0.063321,0
5644,0.061482,1
5645,2.111276,0
5646,10.25228,0
5647,0.082447,1
5648,1.673233,1
5649,0.174299,1
5650,9.727738,0
5651,0.080865,0
5652,2.797783,1
5653,0.677109,1
5654,9.310589,0
5655,8.33823,1
5656,0.075632,1
5657,9.335855,1
5658,0.12626,1
5659,2.619589,1
5660,3.951482,1
5661,2.977076,1
5662,10.66025,1
5663,9.38001,0
5664,9.366949,0
5665,9.946296,1
5666,1.752321,0
5667,2.593577,1
5668,0.481821,0
5669,3.392111,0
5670,1.639686,0
5671,9.80229,1
5672,1.871768,0
5673,1.314552,0
5674,9.941087,1
5675,9.078139,0
5676,10.270068,0
5677,0.587804,1
5678,1.335537,1
5679,0.065675,0
5680,2.327923,1
5681,4.893407,1
5682,0.925623,1
5683,0.045574,1
5684,9.683382,1
5685,3.946578,1
5686,10.015689,0
5687,0.073901,1
5688,1.524451,0
5689,9.568366,0
5690,0.375181,0
5691,4.804593,1
5692,9.818407,1
5693,0.156973,1
5694,9.077732,1
5695,9.903917,0
5696,0.10001,1
5697,0.574133,1
5698,0.36331,0
5699,2.702441,0
5700,1.904128,0
5701,0.495519,0
5702,0.201695,1
5703,9.91559,1
5704,0.246778,1
5705,0.195915,0
5706,9.695376,0
5707,9.412212,0
5708,0.100413,1
5709,0.048874,0
5710,0.508887,1
5711,0.20632,0
5712,1.50338,1
5713,1.722307,1
5714,3.408286,1
5715,0.78003,0
5716,7.852674,1
5717,2.354273,0
5718,2.893048,1
5719,0.777457,1
5720,0.150866,0
5721,9.915958,0
5722,2.796983,1
5723,0.414653,1
5724,1.595422,0
5725,1.908349,0
5726,0.80294,0
5727,1.422832,0
5728,0.093794,0
5729,0.109954,0
5730,2.30445,0
5731,2.117539,1
5732,9.088402,1
5733,0.058347,0
5734,2.423597,1
5735,9.433305,0
5736,10.755586,0
5737,0.091541,0
5738,0.201342,1
5739,0.08751,1
5740,0.048264,1
5741,9.273361,0
5742,0.121703,0
5743,2.357225,1
5744,10.467192,1
5745,10.310158,0
5746,2.699501,1
5747,8.789666,1
5748,2.773133,1
5749,11.36727,0
5750,0.110466,1
5751,3.232744,1
5752,2.889573,0
5753,1.889466,0
5754,0.199082,0
5755,0.207626,0
5756,0.177909,1
5757,1.847337,0
5758,1.194691,0
5759,0.175005,0
5760,3.164413,0
5761,0.086653,1
5762,0.106588,0
5763,0.697207,1
5764,0.119804,1
5765,3.746708,1
5766,0.037613,1
5767,0.19759,1
5768,1.675976,0
5769,3.606612,0
5770,9.728469,0
5771,0.268519,1
5772,10.208628,0
5773,0.534265,1
5774,0.10924,0
5775,0.318762,0
5776,9.908777,0
5777,0.206548,1
5778,0.189817,1
5779,10.2332,0
5780,1.240989,0
5781,3.716578,0
5782,1.297404,0
5783,2.090958,1
5784,1.702312,0
5785,0.162616,1
5786,0.54837,0
5787,9.780591,1
5788,0.414789,1
5789,0.127775,1
5790,0.073669,0
5791,2.844342,0
5792,9.641431,1
5793,0.096544,0
5794,0.03506,1
5795,4.543564,0
5796,1.583933,1
5797,7.999888,0
5798,0.060939,1
5799,2.297509,0
5800,0.476649,1
5801,2.203604,0
5802,2.783134,0
5803,9.877168,0
5804,0.294833,0
5805,3.348658,1
5806,3.559824,1
5807,0.100172,1
5808,2.151358,1
5809,0.144289,1
5810,8.468927,1
5811,2.923522,1
5812,10.552632,1
5813,0.328008,1
5814,0.221401,0
5815,2.299382,0
5816,9.151202,0
5817,0.152735,1
5818,1.583538,0
5819,1.70496,1
5820,1.016559,0
5821,2.421672,0
5822,2.74399,0
5823,0.197324,1
5824,2.346828,1
5825,0.18624,1
5826,2.446699,1
5827,11.181092,0
5828,8.332464,1
5829,2.341463,1
5830,9.275745,1
5831,0.092511,0
5832,1.53344,0
5833,3.296607,1
5834,2.697038,1
5835,0.039106,1
5836,0.285921,1
5837,4.439588,0
5838,3.986961,1
5839,2.487382,0
5840,0.169636,1
5841,0.236648,0
5842,0.167109,0
5843,0.276638,0
5844,2.379107,1
5845,9.05818,0
5846,0.200447,1
5847,10.110792,0
5848,1.643305,0
5849,0.212882,0
5850,0.59219,1
5851,1.708463,1
5852,10.037545,0
5853,0.220968,0
5854,1.729254,0
5855,9.564671,0
5856,9.578058,0
5857,0.193614,1
5858,9.547721,0
5859,9.559101,1
5860,0.203927,1
5861,0.406814,1
5862,0.590553,1
5863,2.041339,1
5864,2.100718,0
5865,4.046283,1
5866,2.550791,0
5867,8.385887,1
5868,2.382091,1
5869,3.290524,1
5870,0.273557,1
5871,0.06211,0
5872,1.992257,0
5873,0.074091,0
5874,3.461101,1
5875,9.312481,0
5876,0.355171,1
5877,0.426956,0
5878,0.240659,1
5879,1.705881,0
5880,2.224371,0
5881,2.333258,1
5882,9.056251,1
5883,1.17694,0
5884,1.083888,0
5885,0.087,0
5886,9.270848,1
5887,0.06688,1
5888,0.076722,0
5889,0.301815,0
5890,10.474467,1
5891,0.239531,1
5892,0.06074,1
5893,0.114719,1
5894,4.378637,1
5895,2.487967,0
5896,0.176581,1
5897,0.222012,0
5898,0.170127,0
5899,1.4886,0
5900,0.337006,1
5901,10.117328,0
5902,0.871335,0
5903,0.128558,1
5904,0.731864,0
5905,4.505543,1
5906,9.499537,0
5907,1.386976,0
5908,3.071583,1
5909,0.090977,1
5910,0.153813,0
5911,2.849283,1
5912,2.921105,0
5913,2.854635,1
5914,0.112767,1
5915,0.170082,1
5916,8.86362,0
5917,2.988686,1
5918,0.147505,0
5919,9.954862,0
5920,4.254543,0
5921,2.260219,1
5922,3.320456,1
5923,0.09487,1
5924,10.010858,1
5925,0.161041,1
5926,10.315796,0
5927,4.239298,1
5928,1.639509,0
5929,0.944114,0
5930,2.436816,0
5931,0.128084,1
5932,3.868128,0
5933,1.839618,1
5934,1.191912,0
5935,0.246758,1
5936,2.339812,1
5937,1.37393,0
5938,0.111121,1
5939,0.267282,1
5940,2.53674,1
5941,0.237652,1
5942,11.27393,0
5943,1.10508,1
5944,0.955873,0
5945,0.080531,0
5946,9.24065,0
5947,9.081011,1
5948,1.577493,0
5949,1.162325,1
5950,0.470544,1
5951,1.14908,1
5952,9.909367,0
5953,1.856499,0
5954,0.322045,0
5955,1.070763,0
5956,0.199579,1
5957,1.365304,0
5958,0.169321,0
5959,0.189584,1
5960,3.020718,0
5961,0.110732,1
5962,0.136838,1
5963,2.509677,1
5964,10.568164,0
5965,2.551798,1
5966,0.115446,1
5967,0.497348,1
5968,9.057378,0
5969,2.20795,1
5970,3.335546,1
5971,2.130221,0
5972,0.599341,0
5973,2.465544,1
5974,3.891096,1
5975,4.405154,0
5976,0.074439,1
5977,3.37397,1
5978,0.243328,0
5979,9.009078,0
5980,0.10696,1
5981,10.121281,0
5982,2.652982,1
5983,1.078168,0
5984,10.037824,0
5985,3.128119,0
5986,3.693638,0
5987,1.748816,0
5988,0.369422,0
5989,2.815789,1
5990,0.265242,1
5991,0.1772,1
5992,0.766083,0
5993,1.296567,1
5994,4.487327,0
5995,1.069967,0
5996,2.251621,0
5997,1.988444,1
5998,0.125312,0
5999,4.233991,1
6000,0.440139,0
6001,0.553977,1
6002,1.769174,0
6003,0.123807,0
6004,0.119081,0
6005,2.669171,1
6006,0.12697,0
6007,0.331304,0
6008,0.70973,1
6009,0.348136,0
6010,0.168652,1
6011,0.085402,0
6012,2.794075,1
6013,0.083188,1
6014,0.092734,1
6015,0.625233,0
6016,1.280221,0
6017,9.781452,0
6018,0.353306,1
6019,0.860737,1
6020,0.911812,0
6021,0.15282,1
6022,9.166388,1
6023,1.702949,0
6024,0.120769,1
6025,1.654465,1
6026,9.791549,0
6027,0.106007,0
6028,9.170341,1
6029,0.338436,0
6030,0.066257,1
6031,0.31129,1
6032,1.469173,0
6033,2.204376,1
6034,0.294382,1
6035,2.204717,1
6036,3.318357,1
6037,0.732827,0
6038,0.120084,1
6039,0.050666,1
6040,0.276596,1
6041,0.173637,1
6042,0.068352,1
6043,2.610956,0
6044,2.10503,0
6045,0.452779,1
6046,9.839468,0
6047,0.38964,0
6048,0.45298,0
6049,10.350836,0
6050,0.13272,0
6051,0.193415,0
6052,1.110914,1
6053,0.165474,0
6054,10.642458,0
6055,9.987503,1
6056,0.058247,0
6057,1.890049,0
6058,2.133342,0
6059,2.117215,1
6060,0.247063,1
6061,3.50901,1
6062,2.277691,0
6063,0.078999,1
6064,1.096151,0
6065,2.694181,1
6066,0.385686,0
6067,0.060482,1
6068,0.111525,1
6069,0.911568,0
6070,10.701648,0
6071,0.299599,0
6072,0.393465,1
6073,3.227603,1
6074,1.551042,0
6075,2.191749,0
6076,0.068722,1
6077,1.424328,1
6078,0.271584,1
6079,0.414875,1
6080,8.788629,0
6081,1.813593,0
6082,10.128407,0
6083,1.208899,0
6084,2.00048,0
6085,2.971367,0
6086,0.082924,1
6087,1.403533,1
6088,9.352936,1
6089,9.619164,1
6090,0.442473,1
6091,8.886026,0
6092,0.084321,1
6093,0.148858,1
6094,9.776111,1
6095,0.367747,0
6096,0.286733,1
6097,0.168163,1
6098,0.356494,0
6099,0.127499,1
6100,10.313709,0
6101,10.075228,0
6102,11.015206,1
6103,0.063222,1
6104,0.616984,0
6105,3.635189,0
6106,1.866222,0
6107,0.391479,1
6108,1.401473,0
6109,1.741494,1
6110,0.358359,0
6111,0.335497,1
6112,0.222428,1
6113,0.340167,1
6114,0.298327,0
6115,9.721879,1
6116,0.848066,1
6117,1.237143,0
6118,2.879716,1
6119,9.225841,1
6120,0.10113,1
6121,2.568638,1
6122,9.508494,0
6123,0.352485,0
6124,2.807961,1
6125,0.286559,1
6126,2.886267,0
6127,1.22402,0
6128,0.1184,0
6129,0.549648,1
6130,2.783709,0
6131,0.102542,1
6132,9.979757,1
6133,8.505523,0
6134,0.076292,1
6135,3.34029,1
6136,2.13792,0
6137,11.520396,0
6138,1.950635,1
6139,9.434581,0
6140,8.977645,0
6141,3.035187,1
6142,10.805434,0
6143,0.130251,1
6144,0.348658,1
6145,1.81528,1
6146,10.43609,0
6147,2.919906,1
6148,0.197231,1
6149,3.701202,0
6150,0.17477,1
6151,1.653896,0
6152,0.118768,1
6153,0.343926,0
6154,8.517019,1
6155,2.241739,0
6156,1.838561,1
6157,3.021357,0
6158,2.193902,1
6159,0.399356,0
6160,3.202878,1
6161,0.108547,0
6162,1.269889,1
6163,0.210566,0
6164,0.194364,1
6165,2.426378,1
6166,8.622945,0
6167,1.313843,0
6168,10.013628,1
6169,10.418337,0
6170,0.246159,0
6171,1.912909,0
6172,2.3359,1
6173,0.151746,1
6174,0.054092,1
6175,0.249276,0
6176,11.577925,0
6177,10.696661,0
6178,10.428459,0
6179,1.311763,1
6180,1.03877,0
6181,2.060163,1
6182,0.646673,0
6183,0.163739,0
6184,0.891756,1
6185,9.75801,1
6186,1.337537,0
6187,2.524934,1
6188,5.896174,1
6189,1.426175,0
6190,10.352644,0
6191,1.133908,0
6192,3.052916,1
6193,2.7103,1
6194,0.101117,1
6195,2.200257,0
6196,3.077518,1
6197,2.54514,0
6198,10.406006,0
6199,2.045314,0
6200,0.132739,1
6201,8.579146,0
6202,9.589852,0
6203,9.358078,1
6204,0.159335,0
6205,3.240869,1
6206,8.921688,0
6207,2.572373,1
6208,0.445117,1
6209,0.065254,1
6210,8.791719,0
6211,0.083516,0
6212,3.121131,0
6213,0.133368,0
6214,0.767676,0
6215,9.828382,0
6216,0.169916,1
6217,4.293594,0
6218,11.375809,0
6219,0.097033,1
6220,0.380153,1
6221,1.955312,1
6222,1.876659,0
6223,0.103229,0
6224,2.068632,1
6225,0.444742,1
6226,0.069366,1
6227,1.733161,0
6228,0.136888,1
6229,0.295125,0
6230,2.213871,0
6231,1.051072,0
6232,1.346634,0
6233,1.856622,1
6234,1.005466,0
6235,8.603646,0
6236,1.773814,1
6237,0.344754,0
6238,9.824662,1
6239,9.182608,1
6240,0.28113,1
6241,1.814744,1
6242,10.18391,0
6243,9.668479,0
6244,0.054516,0
6245,0.074026,1
6246,1.091972,0
6247,2.920296,1
6248,0.08643,1
6249,9.418501,1
6250,3.058719,1
6251,9.819509,0
6252,2.222159,1
6253,1.691201,0
6254,1.73014,0
6255,0.104671,0
6256,2.137857,1
6257,0.221899,1
6258,2.678228,1
6259,0.166999,1
6260,8.302101,1
6261,0.219382,0
6262,0.069849,1
6263,1.05585,0
6264,9.167413,0
6265,2.039027,1
6266,0.219661,1
6267,0.222806,1
6268,9.977068,0
6269,2.636207,1
6270,0.340881,1
6271,0.159417,1
6272,1.262498,1
6273,0.905963,1
6274,0.30054,0
6275,9.192843,0
6276,0.339702,0
6277,0.168342,1
6278,0.3349,0
6279,0.124362,1
6280,9.758924,1
6281,2.53586,1
6282,4.197442,1
6283,0.2562,1
6284,0.263822,1
6285,2.137013,1
6286,0.14435,0
6287,9.138281,1
6288,0.237852,1
6289,10.017647,0
6290,10.604531,1
6291,0.66118,1
6292,0.078579,1
6293,0.236476,0
6294,10.98903,0
6295,9.257833,0
6296,9.50669,0
6297,1.4238,1
6298,1.453897,0
6299,9.420219,0
6300,0.178834,1
6301,0.156372,1
6302,9.554346,1
6303,8.314079,0
6304,9.323391,1
6305,1.935434,0
6306,9.692762,0
6307,0.56092,0
6308,3.114537,1
6309,10.312341,0
6310,0.570765,0
6311,0.305684,0
6312,3.030264,1
6313,2.771728,1
6314,8.791294,1
6315,8.165618,1
6316,1.450221,1
6317,8.913717,0
6318,1.708755,0
6319,0.192837,1
6320,0.266764,1
6321,0.846071,0
6322,0.219019,1
6323,3.033675,1
6324,9.500119,0
6325,0.14494,1
6326,3.319331,1
6327,10.610052,1
6328,1.8342,0
6329,10.903999,0
6330,0.4906,1
6331,3.2517,1
6332,2.027516,1
6333,0.070528,1
6334,0.150703,0
6335,1.21112,1
6336,2.00955,0
6337,4.418453,1
6338,1.447561,0
6339,0.523338,1
6340,2.262461,1
6341,0.439203,1
6342,10.357481,0
6343,0.114743,1
6344,1.126904,0
6345,0.31526,0
6346,0.066933,1
6347,2.88835,1
6348,9.624269,0
6349,2.058757,0
6350,2.219629,1
6351,2.035516,1
6352,0.158548,1
6353,10.275376,0
6354,1.365109,1
6355,0.059017,0
6356,0.198954,1
6357,2.58955,1
6358,9.631364,1
6359,1.885608,0
6360,0.110096,0
6361,0.045012,1
6362,0.116745,1
6363,0.390394,0
6364,3.164505,1
6365,2.72084,1
6366,2.401224,0
6367,2.352013,1
6368,0.877322,0
6369,1.94928,1
6370,2.532403,0
6371,2.022655,0
6372,0.140231,1
6373,0.073582,0
6374,2.132523,1
6375,0.072656,1
6376,0.046047,1
6377,0.464173,1
6378,2.233369,0
6379,0.114298,0
6380,0.204264,0
6381,2.581328,0
6382,2.766713,0
6383,0.298643,1
6384,0.405785,0
6385,4.399383,1
6386,0.079444,0
6387,1.550863,0
6388,2.095232,0
6389,1.591961,1
6390,9.946778,0
6391,0.30637,1
6392,0.156195,0
6393,3.166215,1
6394,0.691581,1
6395,3.173195,1
6396,0.778814,0
6397,2.643234,1
6398,0.40072,1
6399,0.06401,0
6400,0.24176,1
6401,0.323457,0
6402,4.674932,1
6403,1.997936,0
6404,9.112141,0
6405,10.256328,1
6406,0.474588,0
6407,10.598205,0
6408,1.778686,1
6409,8.927936,0
6410,9.610693,0
6411,9.138545,0
6412,1.533677,1
6413,0.62882,1
6414,1.890875,0
6415,3.867579,0
6416,0.892205,1
6417,0.089082,1
6418,1.590242,1
6419,8.720293,1
6420,9.093328,1
6421,0.064348,1
6422,10.193825,0
6423,1.753138,0
6424,3.193268,0
6425,0.369072,0
6426,1.34834,0
6427,1.436135,0
6428,0.122769,1
6429,0.070143,1
6430,8.620086,1
6431,1.834934,1
6432,0.21438,1
6433,0.316317,1
6434,1.283815,0
6435,0.173778,0
6436,0.135973,1
6437,2.433274,0
6438,0.188867,1
6439,1.673542,1
6440,0.477433,0
6441,0.16876,1
6442,1.684024,1
6443,9.318439,0
6444,1.198896,0
6445,0.336857,1
6446,0.10902,1
6447,1.076543,0
6448,0.985161,0
6449,10.37327,0
6450,0.246145,0
6451,0.654696,1
6452,9.961194,0
6453,2.050552,1
6454,0.070393,1
6455,1.280922,0
6456,0.175376,1
6457,3.066053,1
6458,0.544659,0
6459,3.844552,1
6460,8.47537,0
6461,0.036786,0
6462,2.521631,1
6463,0.681261,0
6464,0.932223,0
6465,0.171212,1
6466,2.655623,1
6467,0.092794,0
6468,1.86708,0
6469,9.039013,1
6470,0.080603,1
6471,8.361636,0
6472,9.322236,1
6473,9.324127,1
6474,0.069195,1
6475,0.145398,0
6476,0.191432,1
6477,1.633419,0
6478,0.088342,0
6479,0.738514,1
6480,0.5209,1
6481,0.202134,1
6482,3.364986,1
6483,0.057846,1
6484,0.239148,1
6485,3.618422,1
6486,9.534358,0
6487,1.948165,0
6488,0.082672,1
6489,1.926744,0
6490,9.213614,1
6491,0.353094,0
6492,10.06892,0
6493,0.339433,0
6494,9.589395,0
6495,0.824488,0
6496,8.250897,0
6497,3.775989,0
6498,2.588675,1
6499,3.425492,1
6500,1.993019,0
6501,3.650972,1
6502,0.142701,1
6503,0.07886,0
6504,2.442501,0
6505,10.014305,0
6506,2.016904,0
6507,9.545352,1
6508,2.967553,1
6509,0.184278,1
6510,0.075658,0
6511,10.015337,0
6512,1.572079,1
6513,1.670668,1
6514,2.483967,0
6515,1.064168,0
6516,0.062509,0
6517,0.11553,0
6518,8.801523,0
6519,0.267498,1
6520,0.965118,0
6521,0.058469,0
6522,0.975966,1
6523,2.453356,1
6524,1.234463,0
6525,0.051658,0
6526,1.06805,0
6527,0.035607,1
6528,2.541674,0
6529,0.665063,0
6530,10.019281,0
6531,3.134346,0
6532,3.200066,1
6533,0.151759,1
6534,9.734875,0
6535,2.183948,1
6536,0.082671,1
6537,1.893735,0
6538,2.18216,0
6539,0.168533,1
6540,1.727539,0
6541,0.886352,1
6542,0.226265,1
6543,0.27399,1
6544,3.809954,1
6545,0.286881,0
6546,0.25716,1
6547,0.097296,0
6548,1.069011,0
6549,9.659554,1
6550,0.492929,0
6551,0.202452,1
6552,0.299311,1
6553,9.769677,1
6554,0.07957,1
6555,0.269992,1
6556,1.029637,0
6557,9.56937,1
6558,9.346173,0
6559,10.119221,0
6560,0.203368,0
6561,2.40106,1
6562,9.750134,1
6563,0.07798,1
6564,0.081366,1
6565,3.10626,1
6566,1.369685,1
6567,0.170398,0
6568,8.763585,0
6569,2.111722,1
6570,2.50603,0
6571,0.02993,1
6572,0.461609,1
6573,0.173068,1
6574,8.825179,1
6575,2.985604,1
6576,1.645016,1
6577,0.337746,0
6578,9.218861,0
6579,0.632158,0
6580,0.114137,0
6581,0.747552,1
6582,9.345879,0
6583,3.347085,1
6584,0.105142,1
6585,3.679101,1
6586,2.849538,0
6587,9.711573,0
6588,0.066365,1
6589,0.301251,1
6590,0.654234,0
6591,0.256183,0
6592,0.080117,0
6593,1.709552,1
6594,0.054781,0
6595,2.454694,1
6596,9.46857,0
6597,1.374042,0
6598,0.166001,1
6599,1.334627,0
6600,2.595652,1
6601,0.280721,0
6602,0.520472,1
6603,0.108299,1
6604,9.339855,0
6605,10.04099,0
6606,0.26712,1
6607,2.310732,0
6608,2.481555,1
6609,3.443924,1
6610,1.507362,1
6611,0.136272,1
6612,4.714666,1
6613,9.37162,1
6614,0.164723,1
6615,0.874152,1
6616,0.299438,0
6617,1.809752,0
6618,9.879344,0
6619,1.321211,0
6620,0.23723,0
6621,0.774792,1
6622,0.160194,1
6623,0.398196,1
6624,2.260346,1
6625,0.829827,0
6626,2.20347,0
6627,10.622648,0
6628,0.223637,0
6629,2.335293,0
6630,3.560665,1
6631,0.290095,0
6632,1.584684,0
6633,8.786325,0
6634,0.108132,1
6635,0.41189,1
6636,0.108975,1
6637,0.041847,1
6638,0.181672,0
6639,4.180195,1
6640,9.920934,0
6641,9.359041,0
6642,0.304543,0
6643,1.881174,1
6644,0.121377,1
6645,4.150311,1
6646,11.199965,0
6647,0.261459,1
6648,1.930133,0
6649,2.189039,0
6650,0.262589,0
6651,0.124996,0
6652,2.856261,0
6653,0.828031,1
6654,0.069656,1
6655,0.167163,1
6656,1.783091,0
6657,2.167572,0
6658,5.299177,1
6659,0.063942,1
6660,2.313506,0
6661,0.234096,1
6662,10.011428,0
6663,0.471145,1
6664,4.228961,1
6665,3.548311,0
6666,0.068076,1
6667,0.812881,1
6668,2.611835,0
6669,0.182478,1
6670,1.932567,1
6671,8.526021,0
6672,0.139607,0
6673,2.619822,0
6674,8.628767,1
6675,4.824555,1
6676,0.195879,1
6677,3.354452,1
6678,8.827458,1
6679,1.22388,0
6680,0.196408,0
6681,1.416492,0
6682,9.27292,1
6683,0.124214,0
6684,0.206535,0
6685,0.277925,0
6686,1.289005,0
6687,1.119835,1
6688,0.096685,1
6689,9.568507,0
6690,8.940451,0
6691,0.25471,1
6692,1.091623,0
6693,0.229626,1
6694,2.797635,0
6695,3.141049,1
6696,0.892029,0
6697,1.03412,0
6698,0.161619,1
6699,0.149922,0
6700,9.178591,0
6701,1.137786,0
6702,1.454303,0
6703,9.331223,1
6704,3.338339,1
6705,0.232154,1
6706,9.903683,1
6707,0.315472,0
6708,8.493816,1
6709,2.140533,1
6710,0.291111,0
6711,0.100336,0
6712,0.186324,0
6713,0.962166,0
6714,1.812394,0
6715,0.111927,1
6716,9.429008,1
6717,0.239156,1
6718,0.212259,1
6719,0.141367,1
6720,0.318446,0
6721,8.749272,0
6722,2.630646,0
6723,10.917586,1
6724,9.800312,0
6725,0.105701,1
6726,0.132423,0
6727,9.221174,1
6728,9.06068,1
6729,1.622543,0
6730,9.064676,1
6731,10.190763,0
6732,0.058455,1
6733,0.144912,0
6734,9.783511,0
6735,0.064978,1
6736,9.950836,0
6737,0.131151,1
6738,8.221781,0
6739,0.376072,1
6740,0.356047,1
6741,0.299386,1
6742,0.112131,1
6743,8.371492,1
6744,3.739513,0
6745,0.668799,1
6746,10.073912,0
6747,2.624355,1
6748,0.156048,1
6749,2.730415,0
6750,1.770958,0
6751,10.605706,0
6752,3.166121,1
6753,1.142765,0
6754,9.729205,0
6755,1.566597,0
6756,2.887732,1
6757,0.150725,0
6758,0.03463,1
6759,2.966784,1
6760,0.091534,1
6761,0.121699,0
6762,2.845452,1
6763,0.444027,1
6764,0.12324,1
6765,0.073637,1
6766,1.599482,0
6767,0.097188,1
6768,0.838328,0
6769,8.90716,1
6770,9.797312,0
6771,3.399632,1
6772,0.197247,1
6773,9.333865,1
6774,1.416195,0
6775,9.11026,1
6776,1.980553,0
6777,9.755496,0
6778,0.063351,1
6779,0.594101,0
6780,1.398134,0
6781,0.417179,0
6782,0.088193,1
6783,1.582323,0
6784,0.089859,0
6785,2.182199,0
6786,0.68601,0
6787,0.09603,0
6788,11.006543,0
6789,0.075838,1
6790,1.311718,0
6791,2.531518,1
6792,0.303636,1
6793,10.000539,0
6794,1.531345,1
6795,9.895687,1
6796,0.17684,1
6797,0.073377,1
6798,2.625547,1
6799,9.919403,1
6800,2.576234,1
6801,9.151508,0
6802,0.120615,0
6803,0.074063,1
6804,9.437838,0
6805,0.428433,1
6806,2.874828,0
6807,9.954652,0
6808,1.040101,1
6809,8.564662,1
6810,0.087178,0
6811,0.216371,1
6812,0.106108,1
6813,0.118485,1
6814,10.045528,1
6815,9.443159,1
6816,1.172134,0
6817,0.140936,1
6818,0.151517,0
6819,0.569601,1
6820,1.188553,1
6821,2.611048,1
6822,0.11751,0
6823,9.551436,0
6824,8.717703,0
6825,0.274393,0
6826,0.138345,1
6827,2.277399,0
6828,2.128039,1
6829,10.101622,0
6830,9.580541,0
6831,0.050786,0
6832,8.205355,1
6833,0.126444,1
6834,9.575308,0
6835,9.222348,0
6836,0.182076,0
6837,9.909464,0
6838,0.303192,0
6839,9.483109,0
6840,0.894252,0
6841,0.078862,1
6842,9.100098,1
6843,2.557783,1
6844,8.789938,0
6845,0.137571,0
6846,9.691374,0
6847,0.120627,0
6848,10.371481,0
6849,8.841976,0
6850,0.080329,0
6851,3.645582,1
6852,0.350316,0
6853,2.472085,1
6854,1.944706,0
6855,1.158,0
6856,0.576023,0
6857,8.11228,1
6858,0.19248,1
6859,0.732807,1
6860,0.647351,0
6861,0.089024,1
6862,2.546487,0
6863,2.944432,0
6864,0.131651,0
6865,2.269328,1
6866,0.445827,1
6867,0.144153,1
6868,0.090615,0
6869,1.369975,0
6870,9.14121,0
6871,1.203991,0
6872,2.169544,1
6873,3.515851,1
6874,4.144007,0
6875,0.062527,0
6876,10.199896,0
6877,2.23716,0
6878,0.307608,1
6879,0.106018,0
6880,2.973789,1
6881,0.8347,0
6882,9.451468,0
6883,2.08651,0
6884,10.861776,0
6885,0.094615,0
6886,4.085512,1
6887,0.236779,1
6888,9.880557,0
6889,1.647564,0
6890,10.287041,1
6891,9.319602,0
6892,0.332086,1
6893,1.110331,0
6894,9.56415,0
6895,0.089617,1
6896,0.064142,1
6897,1.955732,1
6898,2.31679,1
6899,0.397356,1
6900,1.301744,1
6901,1.559422,0
6902,0.843252,0
6903,0.068437,1
6904,0.193496,1
6905,9.299781,0
6906,0.342414,1
6907,8.484286,1
6908,0.087486,1
6909,9.094628,1
6910,10.312369,0
6911,0.985315,0
6912,0.945965,1
6913,1.540326,0
6914,0.861052,1
6915,1.772471,0
6916,0.086,0
6917,1.461243,0
6918,0.281561,1
6919,1.597747,0
6920,0.059963,1
6921,0.098866,1
6922,0.93211,0
6923,3.318517,0
6924,2.358331,0
6925,9.990967,0
6926,9.948424,0
6927,0.255927,1
6928,1.951257,1
6929,0.373439,1
6930,2.464107,0
6931,0.208087,0
6932,1.16308,1
6933,9.489168,0
6934,3.658536,0
6935,0.162005,1
6936,0.695505,0
6937,1.129727,1
6938,1.061762,0
6939,0.368026,0
6940,9.415845,0
6941,9.722383,0
6942,10.95308,0
6943,2.265052,1
6944,3.298376,0
6945,2.30112,0
6946,0.947948,0
6947,4.002056,1
6948,9.789306,0
6949,0.955164,0
6950,8.822492,1
6951,0.074994,1
6952,10.330183,0
6953,0.183727,1
6954,0.13828,1
6955,10.110465,0
6956,9.72111,1
6957,9.882118,0
6958,2.435376,1
6959,0.281797,1
6960,2.928662,0
6961,0.338785,1
6962,0.426377,0
6963,0.174353,1
6964,1.987852,1
6965,0.085968,1
6966,0.106598,1
6967,9.404403,0
6968,1.519935,1
6969,0.387975,1
6970,2.274254,0
6971,0.521807,1
6972,2.499001,1
6973,9.332158,0
6974,0.068839,1
6975,1.136371,0
6976,1.972104,0
6977,9.742579,0
6978,2.146011,1
6979,9.864595,0
6980,0.136481,1
6981,0.11678,1
6982,1.456402,0
6983,8.961569,1
6984,3.155652,1
6985,0.20686,1
6986,9.065653,1
6987,0.16941,0
6988,2.13086,0
6989,0.066613,1
6990,0.176019,1
6991,2.272633,1
6992,3.371205,1
6993,0.141945,0
6994,1.456753,1
6995,2.389506,0
6996,2.049163,1
6997,0.354314,0
6998,2.300362,1
6999,10.507071,0
7000,4.619756,1
7001,0.094541,0
7002,0.205714,0
7003,0.316091,0
7004,2.918585,0
7005,2.03173,0
7006,7.981784,0
7007,2.390214,0
7008,0.544929,0
7009,0.382598,1
7010,9.14455,1
7011,0.19759,1
7012,0.04764,1
7013,8.328531,1
7014,0.086612,0
7015,3.192249,1
7016,4.077081,1
7017,2.154709,0
7018,3.232174,1
7019,11.420342,1
7020,0.250487,1
7021,0.126352,0
7022,0.033804,0
7023,0.29531,1
7024,2.385184,1
7025,2.017295,1
7026,0.135977,0
7027,0.203791,1
7028,9.447793,1
7029,9.127625,0
7030,10.395705,0
7031,3.421374,1
7032,0.505727,0
7033,3.116863,1
7034,0.12343,1
7035,9.921692,1
7036,1.924434,1
7037,0.203897,1
7038,0.779792,0
7039,0.536771,0
7040,10.223635,0
7041,0.094385,1
7042,0.064043,1
7043,3.26115,1
7044,1.681906,1
7045,0.125237,1
7046,0.07219,1
7047,2.347019,0
7048,0.577395,1
7049,1.3469,1
7050,0.210518,1
7051,0.240945,1
7052,0.45247,0
7053,0.378481,1
7054,0.781624,0
7055,10.240863,0
7056,9.484095,1
7057,9.761219,0
7058,0.319306,1
7059,9.851439,0
7060,1.868152,0
7061,0.063923,1
7062,10.215283,1
7063,9.763957,0
7064,9.541837,0
7065,0.189303,1
7066,9.427241,0
7067,9.745959,0
7068,9.237495,0
7069,0.104171,0
7070,0.35448,0
7071,2.935758,1
7072,2.449153,1
7073,2.140096,0
7074,0.072707,1
7075,0.150316,1
7076,2.223987,1
7077,2.320903,1
7078,0.052549,1
7079,1.481947,0
7080,0.122284,0
7081,9.140273,0
7082,1.943207,0
7083,0.143959,1
7084,0.022454,1
7085,1.750975,1
7086,10.474007,0
7087,9.509959,1
7088,10.280954,0
7089,0.181997,0
7090,9.508161,0
7091,10.248396,0
7092,0.224362,0
7093,2.403928,0
7094,1.265188,1
7095,0.331386,1
7096,0.214081,1
7097,2.699187,0
7098,0.035014,1
7099,1.273332,0
7100,2.131556,1
7101,0.178467,0
7102,9.780273,0
7103,0.990795,1
7104,1.434199,0
7105,1.85418,1
7106,0.355074,0
7107,2.548461,0
7108,1.987412,0
7109,0.190828,0
7110,0.229419,0
7111,9.522213,0
7112,1.307979,0
7113,0.167971,1
7114,2.458208,0
7115,11.042018,0
7116,1.835721,0
7117,9.869553,0
7118,9.96336,1
7119,0.184787,0
7120,0.039487,0
7121,1.799763,0
7122,3.900124,1
7123,1.626651,1
7124,1.74963,1
7125,2.222917,1
7126,2.441546,1
7127,0.153188,0
7128,1.670989,1
7129,0.079177,1
7130,2.028085,1
7131,0.074414,1
7132,3.173734,1
7133,9.902061,0
7134,2.575917,1
7135,9.961748,0
7136,10.159716,0
7137,9.050387,0
7138,8.994223,0
7139,9.257378,0
7140,0.083817,0
7141,0.092427,0
7142,0.375149,1
7143,0.238877,1
7144,1.975367,0
7145,9.955853,1
7146,0.077073,1
7147,0.420834,0
7148,9.871142,0
7149,1.595536,0
7150,0.088218,0
7151,0.437934,1
7152,0.082728,1
7153,0.368003,1
7154,1.184624,0
7155,2.487702,1
7156,0.192904,1
7157,0.087598,0
7158,0.681868,0
7159,0.259432,0
7160,3.953793,1
7161,9.807044,0
7162,0.662772,1
7163,10.508099,0
7164,0.150333,0
7165,2.256897,1
7166,9.251493,1
7167,9.34488,1
7168,8.654043,1
7169,3.239132,1
7170,9.981748,0
7171,0.082172,1
7172,0.109127,0
7173,3.287598,0
7174,2.752068,0
7175,0.355294,1
7176,3.228014,1
7177,8.954111,1
7178,9.935495,0
7179,10.58694,1
7180,9.984531,1
7181,0.41245,0
7182,9.611413,0
7183,1.816331,0
7184,2.711516,1
7185,9.185837,1
7186,3.413077,1
7187,0.311736,1
7188,9.643608,0
7189,0.462902,0
7190,4.605564,1
7191,9.974979,0
7192,0.070761,1
7193,0.213305,1
7194,1.645345,0
7195,1.384399,0
7196,0.104739,1
7197,2.096175,0
7198,2.417876,0
7199,0.534034,1
7200,0.184561,0
7201,2.73711,1
7202,0.221056,1
7203,1.637948,1
7204,0.845381,1
7205,0.054218,1
7206,0.19888,1
7207,9.43437,0
7208,7.871747,1
7209,10.185528,0
7210,1.086716,1
7211,9.475147,0
7212,0.724391,0
7213,10.099925,1
7214,8.90262,0
7215,8.021952,0
7216,0.888873,0
7217,0.545243,1
7218,2.42069,0
7219,10.142426,0
7220,3.725348,1
7221,3.538974,0
7222,0.17153,0
7223,2.51321,0
7224,3.853553,1
7225,0.199495,0
7226,1.259715,0
7227,1.978275,0
7228,1.257424,0
7229,0.28794,0
7230,0.371273,0
7231,2.997457,1
7232,0.106282,0
7233,0.085053,1
7234,1.590965,0
7235,0.731708,0
7236,0.897549,0
7237,1.298895,1
7238,9.205504,1
7239,0.253225,1
7240,0.681112,0
7241,0.325777,1
7242,1.584994,0
7243,0.074547,0
7244,0.080417,1
7245,0.206635,0
7246,0.438219,0
7247,0.179232,1
7248,0.147665,1
7249,0.10341,1
7250,8.349386,1
7251,0.273317,1
7252,1.086493,0
7253,2.384679,1
7254,0.170707,1
7255,0.773216,1
7256,9.989461,0
7257,0.467459,0
7258,2.002088,1
7259,1.727994,0
7260,9.576461,0
7261,3.786099,1
7262,9.521433,1
7263,9.281441,1
7264,0.522007,0
7265,3.238388,0
7266,0.566113,0
7267,8.85574,0
7268,2.511223,1
7269,2.256572,1
7270,9.833366,0
7271,2.585287,0
7272,9.619656,0
7273,2.905084,0
7274,9.557325,1
7275,0.272389,0
7276,1.054679,1
7277,0.521917,1
7278,0.085172,0
7279,0.152219,1
7280,0.448632,0
7281,10.573255,0
7282,2.511177,0
7283,0.891171,0
7284,3.297909,1
7285,1.621083,0
7286,1.193527,0
7287,0.197607,1
7288,0.184275,1
7289,1.363918,1
7290,9.122505,0
7291,2.080117,1
7292,5.07937,1
7293,0.089959,1
7294,0.060999,0
7295,9.387025,0
7296,0.111892,0
7297,0.503416,0
7298,2.973818,1
7299,9.401146,0
7300,1.77103,0
7301,2.630955,1
7302,0.604936,0
7303,1.653267,0
7304,9.5825,0
7305,9.313433,0
7306,11.519002,1
7307,4.861334,1
7308,9.428175,0
7309,9.613835,0
7310,0.33519,1
7311,0.279938,1
7312,9.569157,0
7313,11.014764,0
7314,9.15331,0
7315,2.335213,1
7316,0.322867,0
7317,0.133426,1
7318,10.395796,0
7319,9.609975,1
7320,10.989062,1
7321,2.856109,0
7322,0.099061,0
7323,8.902254,0
7324,1.342806,0
7325,0.122684,1
7326,2.758636,1
7327,9.976275,0
7328,0.099371,1
7329,0.15006,0
7330,5.387271,1
7331,0.282515,0
7332,0.183013,0
7333,9.813508,1
7334,9.757791,0
7335,0.093001,1
7336,1.176031,0
7337,10.002487,0
7338,0.231775,1
7339,10.353458,1
7340,5.44817,0
7341,0.225446,1
7342,0.697798,0
7343,0.431966,0
7344,0.089701,1
7345,0.045384,0
7346,0.124985,1
7347,1.610492,1
7348,0.225271,1
7349,0.496054,1
7350,0.212799,0
7351,1.164605,1
7352,0.093541,1
7353,0.952816,0
7354,0.055592,0
7355,3.059457,0
7356,0.333625,0
7357,0.089103,0
7358,4.006489,1
7359,0.132691,0
7360,8.760037,1
7361,0.212234,0
7362,0.197413,0
7363,0.09506,0
7364,1.329297,0
7365,10.845771,0
7366,4.156183,1
7367,2.81861,1
7368,0.160777,1
7369,2.235264,1
7370,0.056206,1
7371,10.864686,1
7372,10.227701,1
7373,0.123162,0
7374,0.208142,0
7375,2.5394,1
7376,0.151682,1
7377,0.058271,1
7378,3.449373,1
7379,0.309137,1
7380,0.743382,1
7381,1.434536,1
7382,8.50469,0
7383,9.478702,0
7384,0.085446,1
7385,0.205754,0
7386,1.254219,0
7387,8.601496,1
7388,2.170445,1
7389,2.719352,1
7390,0.336072,1
7391,0.451885,0
7392,0.804917,0
7393,1.2783,0
7394,0.291175,1
7395,9.277462,1
7396,2.591765,1
7397,0.223399,1
7398,0.145925,1
7399,0.257804,1
7400,2.91779,0
7401,0.473073,0
7402,1.08857,0
7403,3.07526,1
7404,10.328782,0
7405,1.205531,1
7406,1.15204,0
7407,10.142791,0
7408,9.441203,0
7409,0.432196,0
7410,10.536562,0
7411,0.126791,0
7412,2.524292,0
7413,0.890155,0
7414,0.33195,0
7415,0.399563,0
7416,0.08915,1
7417,0.224385,0
7418,0.496605,1
7419,1.125865,0
7420,1.072895,1
7421,2.650181,0
7422,10.077724,0
7423,0.120976,0
7424,3.334019,1
7425,10.389306,0
7426,0.284587,0
7427,0.994793,1
7428,0.056333,1
7429,2.917981,1
7430,0.082607,0
7431,0.150355,0
7432,9.568084,1
7433,0.222687,1
7434,0.300879,1
7435,10.116826,0
7436,1.422454,1
7437,3.260681,0
7438,0.134787,0
7439,1.851712,1
7440,8.755642,1
7441,2.72219,1
7442,1.396716,1
7443,3.10405,1
7444,0.103906,1
7445,3.151636,1
7446,9.956496,1
7447,3.824216,1
7448,4.006618,1
7449,8.803617,1
7450,8.910368,0
7451,0.036015,1
7452,3.137748,1
7453,3.252313,0
7454,9.52964,0
7455,0.488281,0
7456,0.108378,0
7457,9.482838,0
7458,0.12163,1
7459,4.404773,1
7460,0.154234,0
7461,0.462443,1
7462,1.899821,0
7463,9.470322,1
7464,9.68217,0
7465,1.077334,1
7466,0.679667,0
7467,0.828153,0
7468,1.524181,0
7469,9.065952,1
7470,0.863572,0
7471,3.049308,0
7472,0.182551,1
7473,0.147328,0
7474,0.134307,1
7475,0.174384,1
7476,1.459512,0
7477,1.460695,0
7478,0.424577,0
7479,3.127437,1
7480,4.153257,1
7481,2.802822,1
7482,0.155209,0
7483,1.026581,1
7484,1.7386,1
7485,1.770077,0
7486,0.851932,0
7487,0.156015,1
7488,0.731103,0
7489,0.054374,1
7490,2.842307,0
7491,0.100749,0
7492,0.511275,0
7493,2.345382,0
7494,8.96436,0
7495,2.595742,1
7496,2.675819,1
7497,0.341537,0
7498,2.452057,1
7499,0.539244,0
7500,0.173554,0
7501,3.053844,1
7502,0.133129,0
7503,9.365182,0
7504,10.266827,0
7505,9.057309,0
7506,9.655337,0
7507,3.680266,1
7508,0.868918,0
7509,2.636454,1
7510,0.171899,0
7511,0.109124,1
7512,0.912611,1
7513,10.081433,0
7514,9.610107,0
7515,9.560863,0
7516,11.074491,0
7517,0.963569,0
7518,0.274369,0
7519,0.77278,0
7520,0.068902,0
7521,0.046719,1
7522,1.257665,0
7523,0.135955,1
7524,2.612782,0
7525,9.371623,0
7526,0.10305,0
7527,3.116273,0
7528,2.807994,0
7529,0.063777,1
7530,0.240821,0
7531,9.479355,0
7532,0.074602,1
7533,10.437879,0
7534,0.089404,1
7535,0.466773,1
7536,0.155214,1
7537,0.114148,1
7538,9.324002,0
7539,3.480218,1
7540,2.050392,1
7541,0.058644,1
7542,2.02131,0
7543,0.23474,0
7544,0.508457,0
7545,9.538206,0
7546,0.154295,1
7547,9.855466,0
7548,0.168357,0
7549,0.156474,0
7550,2.738923,0
7551,0.158047,1
7552,9.058308,0
7553,0.141382,0
7554,0.188357,1
7555,8.712975,1
7556,0.425761,0
7557,1.824504,1
7558,0.083034,1
7559,0.807491,0
7560,2.307277,0
7561,0.677946,0
7562,0.055524,1
7563,0.296563,1
7564,2.3382,1
7565,0.534655,1
7566,10.119121,1
7567,2.200224,0
7568,1.121433,0
7569,0.610027,1
7570,1.299833,0
7571,0.337775,1
7572,10.103719,0
7573,0.307725,0
7574,0.106493,0
7575,0.93873,0
7576,2.746834,1
7577,0.136285,1
7578,8.685954,0
7579,1.226573,0
7580,0.466591,1
7581,0.034995,1
7582,0.166504,0
7583,3.046119,1
7584,0.127427,1
7585,9.370929,0
7586,10.779933,0
7587,0.922214,1
7588,0.265013,1
7589,1.402536,0
7590,9.194191,1
7591,1.880132,0
7592,0.055126,1
7593,1.858893,0
7594,1.324538,0
7595,1.23453,0
7596,10.393405,0
7597,0.848366,1
7598,9.850529,0
7599,9.693342,0
7600,0.122318,0
7601,0.681584,1
7602,2.19583,0
7603,0.039029,1
7604,1.405738,1
7605,10.256315,0
7606,0.284049,0
7607,3.188145,1
7608,0.18585,1
7609,0.155761,1
7610,9.701832,0
7611,9.523674,0
7612,9.477139,0
7613,8.929845,0
7614,2.349708,0
7615,0.129966,1
7616,1.273512,0
7617,3.006349,1
7618,1.518014,1
7619,1.624137,0
7620,0.682731,0
7621,0.079368,1
7622,9.319055,0
7623,1.834064,0
7624,2.709476,1
7625,3.162155,0
7626,0.07907,1
7627,0.130619,1
7628,0.131399,1
7629,0.510969,1
7630,1.261725,0
7631,0.072733,1
7632,0.128887,0
7633,0.322937,1
7634,0.281415,1
7635,0.184751,0
7636,0.051268,0
7637,0.267431,1
7638,1.21611,1
7639,9.239195,0
7640,3.107241,1
7641,4.043683,1
7642,0.354184,1
7643,0.428988,1
7644,9.496367,1
7645,0.102368,1
7646,2.379573,1
7647,2.047123,0
7648,1.164435,0
7649,1.74113,1
7650,0.94157,1
7651,10.73805,0
7652,1.537845,1
7653,3.003339,1
7654,0.318825,0
7655,2.647501,1
7656,9.463013,0
7657,4.091974,1
7658,11.222822,0
7659,2.126577,1
7660,0.067197,1
7661,2.88207,1
7662,0.677049,0
7663,3.832204,1
7664,0.343461,1
7665,9.524724,0
7666,1.475845,0
7667,2.700398,1
7668,2.162691,0
7669,3.472451,1
7670,8.73329,1
7671,0.079082,1
7672,1.81019,0
7673,0.126445,0
7674,1.341515,0
7675,2.826076,1
7676,10.126286,0
7677,9.613654,0
7678,10.225283,0
7679,10.258356,1
7680,9.95109,0
7681,1.365473,0
7682,2.366526,1
7683,8.847704,1
7684,9.137659,1
7685,0.311885,1
7686,0.033771,0
7687,0.436989,0
7688,9.466002,1
7689,1.341703,1
7690,8.429262,0
7691,0.304155,1
7692,0.154646,1
7693,0.682913,1
7694,0.834314,1
7695,0.083212,1
7696,2.315924,1
7697,10.453368,0
7698,9.759477,1
7699,0.172837,1
7700,1.502156,0
7701,1.770943,0
7702,1.777606,1
7703,0.201205,0
7704,2.295497,1
7705,1.721771,1
7706,0.934092,1
7707,1.381534,0
7708,1.577187,1
7709,0.656176,0
7710,2.984084,0
7711,9.398937,0
7712,2.675604,1
7713,0.070861,1
7714,1.068821,1
7715,3.522825,1
7716,3.671678,1
7717,0.23147,1
7718,0.098752,0
7719,2.595494,0
7720,3.807341,1
7721,9.007822,0
7722,0.32713,1
7723,0.683813,1
7724,0.167977,1
7725,9.748788,1
7726,0.169543,1
7727,8.875828,0
7728,0.064169,1
7729,9.50124,0
7730,3.969805,1
7731,0.142402,1
7732,1.477254,1
7733,1.999665,0
7734,0.072849,1
7735,10.446384,0
7736,8.94399,0
7737,0.068202,1
7738,0.924229,0
7739,2.721789,0
7740,2.826957,1
7741,9.350272,0
7742,0.106464,0
7743,10.133726,0
7744,4.920776,1
7745,4.760602,1
7746,0.141033,1
7747,0.074676,0
7748,1.949274,0
7749,2.686319,1
7750,2.584996,1
7751,2.274011,1
7752,10.199972,0
7753,9.116443,0
7754,9.067601,1
7755,0.160044,1
7756,9.997828,0
7757,9.628419,0
7758,0.487531,0
7759,1.654734,0
7760,2.271321,1
7761,1.402848,0
7762,0.229474,0
7763,0.125555,0
7764,9.432381,0
7765,10.5716,0
7766,1.877714,0
7767,2.327357,1
7768,1.554711,1
7769,8.020365,1
7770,0.264868,0
7771,9.570927,1
7772,1.278106,0
7773,4.36749,1
7774,0.584289,0
7775,8.697708,1
7776,1.570663,1
7777,2.863092,0
7778,9.765892,0
7779,0.931182,0
7780,0.261539,1
7781,3.483322,1
7782,3.156218,1
7783,1.894164,1
7784,9.469544,1
7785,2.678772,1
7786,0.084457,1
7787,3.106236,1
7788,10.58833,0
7789,0.092623,1
7790,0.071342,1
7791,2.205938,1
7792,8.714675,0
7793,0.921483,0
7794,0.085213,1
7795,0.720997,0
7796,0.385882,0
7797,1.920146,0
7798,9.589526,0
7799,1.994336,0
7800,10.789575,0
7801,0.072033,0
7802,9.059749,0
7803,0.104538,1
7804,1.864939,0
7805,10.309549,0
7806,9.43345,1
7807,8.933256,0
7808,0.103499,0
7809,11.029199,0
7810,2.360034,0
7811,2.891924,1
7812,3.557024,1
7813,0.102562,1
7814,2.537644,0
7815,0.241473,0
7816,1.910851,0
7817,0.287244,1
7818,0.302664,1
7819,0.111681,0
7820,3.72577,1
7821,0.443223,0
7822,9.329904,0
7823,0.392716,0
7824,0.823281,0
7825,1.58311,1
7826,0.109575,1
7827,8.473601,1
7828,0.194582,1
7829,0.305286,1
7830,9.759642,0
7831,10.560865,0
7832,9.999686,1
7833,10.157125,0
7834,0.136474,0
7835,3.378575,1
7836,0.663968,0
7837,0.18785,1
7838,2.103318,1
7839,1.514251,0
7840,0.162321,1
7841,9.464812,1
7842,0.055011,1
7843,10.154567,1
7844,0.061156,1
7845,0.301768,1
7846,8.515074,0
7847,1.483843,0
7848,9.775229,1
7849,1.467292,1
7850,9.29346,1
7851,1.229759,0
7852,2.889374,1
7853,3.459731,1
7854,0.519896,1
7855,0.459565,0
7856,0.134527,1
7857,0.22534,1
7858,3.223245,1
7859,0.047611,0
7860,1.896617,0
7861,9.286073,0
7862,0.356342,1
7863,0.050282,1
7864,9.575091,0
7865,0.14419,0
7866,2.810629,1
7867,8.508985,1
7868,9.323582,0
7869,1.872061,0
7870,0.073018,1
7871,8.841254,1
7872,0.09126,1
7873,0.119649,0
7874,0.247153,0
7875,2.48898,0
7876,4.374778,0
7877,0.93651,0
7878,3.057042,1
7879,10.545676,0
7880,0.753896,0
7881,1.530921,1
7882,0.12015,1
7883,9.875761,1
7884,9.920381,0
7885,2.75502,1
7886,11.028696,0
7887,0.575785,1
7888,2.787163,1
7889,1.148541,0
7890,8.827248,0
7891,0.158005,0
7892,1.638932,0
7893,9.953674,1
7894,0.047381,1
7895,0.945202,0
7896,2.47463,1
7897,9.425983,0
7898,1.363572,0
7899,2.251014,0
7900,0.170277,1
7901,0.336806,1
7902,0.070698,1
7903,4.486719,1
7904,2.330606,0
7905,0.140498,0
7906,9.794081,0
7907,9.881335,1
7908,0.059604,1
7909,0.11348,0
7910,3.960839,1
7911,9.746213,0
7912,2.975652,0
7913,0.171155,1
7914,0.219803,1
7915,1.71216,0
7916,0.110756,1
7917,4.278495,1
7918,3.24569,1
7919,1.142336,1
7920,0.155342,1
7921,2.104731,0
7922,0.636691,0
7923,0.066832,0
7924,9.755995,0
7925,4.647387,1
7926,3.221162,1
7927,0.201903,0
7928,1.310867,1
7929,10.205388,0
7930,9.678609,0
7931,0.116566,1
7932,9.465695,1
7933,2.66227,0
7934,9.486466,0
7935,3.500558,0
7936,0.209242,1
7937,0.046918,1
7938,0.111016,1
7939,0.247438,1
7940,9.905522,0
7941,2.663782,1
7942,0.088924,1
7943,0.144926,1
7944,9.937469,0
7945,2.716884,0
7946,0.246895,0
7947,0.264527,1
7948,1.727663,1
7949,10.754905,0
7950,1.881914,0
7951,0.1913,1
7952,9.865953,0
7953,3.705502,0
7954,0.142367,1
7955,0.114895,1
7956,10.396152,0
7957,1.791266,0
7958,0.061416,1
7959,0.090032,1
7960,4.810164,1
7961,0.959754,1
7962,0.154612,1
7963,10.405131,0
7964,11.745587,0
7965,2.828257,1
7966,1.63578,0
7967,0.089608,1
7968,1.696082,1
7969,0.60021,1
7970,0.513594,1
7971,1.521235,0
7972,0.232616,0
7973,2.296978,0
7974,9.469063,1
7975,0.577628,0
7976,2.734219,1
7977,9.975566,0
7978,1.567564,0
7979,0.141615,1
7980,0.135907,0
7981,9.662377,1
7982,3.173165,0
7983,1.775379,1
7984,0.275346,0
7985,0.074576,1
7986,9.330904,0
7987,0.104931,0
7988,1.373176,1
7989,8.762982,0
7990,11.332813,0
7991,0.162629,0
7992,0.29265,0
7993,2.215788,1
7994,0.091608,0
7995,0.187105,0
7996,0.044917,1
7997,9.288404,1
7998,0.432611,0
7999,0.752653,0
8000,0.29443,1
8001,0.489969,1
8002,10.375097,0
8003,1.387486,1
8004,0.145472,0
8005,7.512509,0
8006,10.973701,0
8007,10.280356,1
8008,0.296389,1
8009,0.98531,0
8010,2.816834,1
8011,2.648746,1
8012,0.793133,0
8013,11.094179,0
8014,1.551694,0
8015,8.591202,1
8016,3.721927,1
8017,9.110018,0
8018,0.245112,0
8019,2.81046,1
8020,0.039305,1
8021,9.436148,0
8022,0.130523,1
8023,9.534112,0
8024,0.080603,0
8025,0.170502,1
8026,0.142186,0
8027,2.590607,1
8028,2.604604,0
8029,0.244135,0
8030,0.068703,0
8031,3.064119,1
8032,0.237747,1
8033,8.686666,1
8034,1.115945,0
8035,10.526001,0
8036,1.739771,0
8037,9.391675,0
8038,0.231914,0
8039,0.45801,0
8040,0.334117,0
8041,0.05788,1
8042,1.71922,0
8043,1.87888,0
8044,0.144671,0
8045,0.280175,1
8046,1.290347,0
8047,9.204609,1
8048,9.320037,1
8049,0.236551,1
8050,3.938694,1
8051,0.108239,1
8052,8.880243,1
8053,2.265712,0
8054,1.647168,1
8055,0.45087,0
8056,10.126172,0
8057,2.410608,1
8058,9.659772,1
8059,2.897807,1
8060,5.756166,1
8061,1.186083,1
8062,2.121339,1
8063,9.074485,1
8064,1.083116,0
8065,3.508299,1
8066,10.324992,0
8067,9.313658,1
8068,0.192678,1
8069,3.127979,0
8070,0.507358,0
8071,9.518503,0
8072,2.560626,0
8073,2.116963,1
8074,0.202278,1
8075,1.9061,0
8076,1.434771,1
8077,0.333321,0
8078,1.173663,0
8079,1.860849,0
8080,0.742787,0
8081,1.43958,0
8082,8.796963,0
8083,0.191074,1
8084,4.594285,1
8085,2.961709,1
8086,0.089737,1
8087,1.639071,0
8088,9.833778,0
8089,2.921127,1
8090,2.295401,0
8091,2.160608,1
8092,0.973737,0
8093,9.204484,1
8094,4.75875,0
8095,0.108971,0
8096,0.253146,1
8097,1.438385,0
8098,0.05907,1
8099,0.105673,1
8100,4.510813,1
8101,2.925025,1
8102,9.399503,0
8103,0.045156,0
8104,0.217001,0
8105,0.188731,1
8106,0.585505,0
8107,2.893817,1
8108,0.17505,1
8109,0.103387,1
8110,2.021849,0
8111,10.232062,0
8112,0.250392,1
8113,3.879254,0
8114,1.361546,0
8115,10.305433,0
8116,0.983718,1
8117,0.509574,1
8118,8.832961,1
8119,0.638724,0
8120,2.422773,1
8121,9.836251,0
8122,0.059008,1
8123,0.352131,1
8124,0.146405,1
8125,0.251453,1
8126,2.607728,1
8127,0.218389,0
8128,0.105306,0
8129,1.950203,0
8130,0.112082,0
8131,1.747087,0
8132,2.170094,1
8133,0.635752,1
8134,0.26846,0
8135,0.072038,0
8136,0.094308,1
8137,0.04248,1
8138,1.268402,0
8139,0.393607,0
8140,0.181307,1
8141,3.295573,1
8142,1.765292,0
8143,9.611824,0
8144,0.189618,0
8145,0.083372,1
8146,11.23045,0
8147,2.103596,1
8148,9.541992,0
8149,0.903188,0
8150,9.624643,0
8151,2.513608,1
8152,0.135988,0
8153,0.088817,0
8154,0.087428,1
8155,8.94591,0
8156,0.413708,1
8157,2.091001,1
8158,10.554248,0
8159,0.951746,0
8160,10.258275,0
8161,9.396777,0
8162,3.064996,0
8163,8.522873,0
8164,0.203142,0
8165,1.025902,1
8166,9.459614,1
8167,0.808458,0
8168,1.440466,0
8169,0.435448,0
8170,9.015091,1
8171,0.139357,1
8172,10.492052,0
8173,0.472635,1
8174,1.264953,1
8175,0.420481,0
8176,3.413961,1
8177,0.928497,0
8178,1.547266,1
8179,0.136236,0
8180,3.322331,1
8181,0.148386,1
8182,0.032057,1
8183,0.168466,1
8184,0.276889,0
8185,2.151756,0
8186,2.908398,0
8187,0.237771,1
8188,0.920377,0
8189,8.812716,0
8190,2.711324,0
8191,1.94562,1
8192,0.110053,0
8193,9.690784,0
8194,8.915524,1
8195,8.771659,0
8196,10.048555,1
8197,3.289397,1
8198,3.353769,1
8199,8.897142,1
8200,1.547207,0
8201,0.255078,0
8202,0.059275,1
8203,0.956544,0
8204,2.473209,0
8205,1.331835,0
8206,0.119153,1
8207,0.086073,1
8208,0.094109,0
8209,10.215629,0
8210,0.110532,1
8211,0.401084,0
8212,0.755159,0
8213,0.312449,1
8214,2.138168,1
8215,3.018935,1
8216,10.737016,0
8217,0.164404,1
8218,3.023603,0
8219,10.191452,0
8220,0.96021,1
8221,8.999874,0
8222,10.784389,0
8223,3.852794,0
8224,8.610909,1
8225,0.154098,1
8226,0.868614,1
8227,9.888246,0
8228,8.988468,0
8229,8.671302,0
8230,0.253976,0
8231,1.513299,0
8232,10.267859,0
8233,2.85487,1
8234,10.211212,1
8235,9.721599,0
8236,1.664733,0
8237,9.906642,1
8238,9.690533,0
8239,0.288825,0
8240,0.16387,1
8241,1.770104,0
8242,0.626225,0
8243,4.309965,1
8244,4.224942,1
8245,5.672965,1
8246,0.378309,1
8247,2.931583,1
8248,1.932912,1
8249,0.123828,0
8250,1.182703,0
8251,4.989469,0
8252,0.072649,0
8253,9.254525,0
8254,0.227037,0
8255,0.642358,0
8256,1.404172,1
8257,0.562688,1
8258,0.438384,0
8259,2.461314,1
8260,0.956027,1
8261,1.55545,1
8262,0.921944,0
8263,0.054395,0
8264,0.276863,0
8265,9.91533,0
8266,2.572902,1
8267,3.999252,1
8268,9.818373,0
8269,3.460916,1
8270,9.020452,1
8271,2.230173,1
8272,2.82282,0
8273,0.933072,1
8274,2.606471,1
8275,9.274868,0
8276,10.8355,0
8277,0.127339,1
8278,0.248399,0
8279,2.296076,0
8280,0.055632,0
8281,2.708055,0
8282,2.227666,1
8283,0.173421,0
8284,4.819098,1
8285,3.473864,1
8286,0.125105,1
8287,0.077645,1
8288,0.262666,0
8289,0.092589,1
8290,2.175432,0
8291,1.934365,1
8292,0.118053,0
8293,8.117459,0
8294,0.053574,0
8295,0.181036,0
8296,10.317029,1
8297,9.980725,0
8298,0.266797,1
8299,2.384903,0
8300,9.818865,0
8301,1.103619,1
8302,0.09528,0
8303,1.742154,0
8304,10.409145,0
8305,1.628465,0
8306,0.087088,0
8307,2.992258,0
8308,2.02684,0
8309,3.190299,1
8310,2.248118,1
8311,9.974301,0
8312,1.455461,0
8313,2.120836,1
8314,9.268653,0
8315,0.147459,1
8316,0.176757,0
8317,2.545199,1
8318,0.378994,0
8319,0.185687,1
8320,3.662429,0
8321,0.072814,1
8322,0.106347,1
8323,10.273693,0
8324,0.353461,0
8325,10.151241,0
8326,9.348813,1
8327,9.987303,0
8328,9.507518,1
8329,2.244667,1
8330,0.602963,1
8331,10.285636,1
8332,0.248977,0
8333,9.037391,0
8334,0.765798,0
8335,1.997069,1
8336,0.10552,1
8337,2.964926,1
8338,0.456724,1
8339,5.050483,1
8340,2.994755,1
8341,0.100885,1
8342,0.285456,0
8343,0.434774,0
8344,1.564361,0
8345,9.864515,0
8346,2.934607,0
8347,0.108983,0
8348,1.608475,0
8349,2.361273,0
8350,4.520697,1
8351,0.241513,1
8352,2.457026,1
8353,0.186017,0
8354,10.235799,0
8355,0.406407,0
8356,0.870105,0
8357,0.398,1
8358,0.781155,1
8359,9.842858,0
8360,1.772327,0
8361,1.703374,1
8362,0.079704,0
8363,2.121566,1
8364,0.102867,1
8365,10.368521,0
8366,9.20429,0
8367,9.244786,0
8368,0.438123,1
8369,9.592577,0
8370,10.091139,0
8371,2.685361,1
8372,9.767399,1
8373,0.300292,1
8374,0.18533,1
8375,0.067705,1
8376,10.251768,1
8377,0.053268,1
8378,0.116845,0
8379,1.896088,1
8380,3.248876,1
8381,9.197481,0
8382,0.039649,1
8383,9.637954,0
8384,1.941616,1
8385,0.057111,0
8386,9.88327,0
8387,0.361531,0
8388,10.188285,0
8389,0.157142,0
8390,2.779317,1
8391,1.802777,0
8392,0.209568,0
8393,0.124771,1
8394,1.328333,1
8395,3.659306,1
8396,3.426258,1
8397,1.540679,1
8398,0.07628,1
8399,4.936107,1
8400,1.745225,0
8401,4.220429,1
8402,0.147751,1
8403,1.200542,0
8404,0.608504,0
8405,0.098659,0
8406,8.17521,1
8407,0.093107,1
8408,2.325845,1
8409,1.806317,0
8410,10.860991,0
8411,2.151027,1
8412,2.178988,1
8413,2.394788,1
8414,8.205725,0
8415,0.048969,0
8416,9.352912,0
8417,0.535184,1
8418,1.243457,1
8419,0.274911,0
8420,0.113206,0
8421,0.153839,0
8422,0.075231,1
8423,0.490753,0
8424,0.160283,1
8425,0.15554,1
8426,3.291829,0
8427,10.456981,0
8428,1.550261,1
8429,1.567754,1
8430,0.185092,1
8431,8.339413,0
8432,0.077761,0
8433,0.116845,1
8434,9.949572,1
8435,3.983359,1
8436,0.079275,0
8437,2.232038,1
8438,0.193169,1
8439,10.185611,0
8440,1.982366,0
8441,9.64644,1
8442,0.089916,1
8443,3.570629,1
8444,0.591043,1
8445,0.253797,1
8446,0.120036,0
8447,1.087292,1
8448,0.452159,0
8449,0.550305,1
8450,0.120553,1
8451,10.049257,0
8452,1.988878,1
8453,2.453903,1
8454,0.298389,0
8455,0.337423,1
8456,3.625684,1
8457,2.201891,0
8458,1.310076,0
8459,10.901718,0
8460,3.867218,1
8461,1.914386,0
8462,1.42767,0
8463,9.740256,0
8464,0.212026,0
8465,1.58982,0
8466,0.228031,1
8467,8.381562,1
8468,1.351056,1
8469,0.090596,1
8470,2.67168,1
8471,0.11091,1
8472,3.928934,1
8473,9.078573,1
8474,9.994724,0
8475,2.841234,1
8476,0.26276,1
8477,0.10455,0
8478,1.937811,0
8479,0.295358,0
8480,0.369691,0
8481,9.780923,0
8482,1.488653,0
8483,1.697331,1
8484,0.454055,1
8485,0.308056,1
8486,0.402209,0
8487,9.730645,0
8488,1.964396,0
8489,1.946817,0
8490,3.438401,1
8491,9.488926,1
8492,0.042094,1
8493,0.354291,0
8494,8.868917,1
8495,1.492435,1
8496,3.48353,1
8497,10.066474,0
8498,10.708079,0
8499,2.030753,1
8500,0.08989,0
8501,0.195828,1
8502,0.126397,1
8503,0.045501,1
8504,0.293542,1
8505,0.075356,1
8506,3.141889,1
8507,2.753211,1
8508,0.146858,1
8509,10.343304,1
8510,0.12089,1
8511,0.118545,1
8512,10.019462,0
8513,0.665034,0
8514,9.715846,0
8515,9.960602,0
8516,0.060226,1
8517,2.394778,0
8518,1.367683,0
8519,0.393376,1
8520,1.436631,0
8521,0.176484,1
8522,0.063777,1
8523,9.381244,1
8524,0.177913,1
8525,10.793203,0
8526,1.436606,0
8527,0.974399,0
8528,2.156795,0
8529,0.172827,0
8530,0.839514,0
8531,4.131597,0
8532,0.079576,1
8533,0.140134,1
8534,0.213918,1
8535,0.382375,1
8536,0.282568,1
8537,0.073524,1
8538,0.239779,1
8539,2.96017,1
8540,9.536779,0
8541,0.143115,1
8542,3.604379,1
8543,0.089925,0
8544,0.35078,1
8545,0.429559,0
8546,2.553961,1
8547,9.494692,0
8548,10.088994,0
8549,9.256369,1
8550,0.300534,0
8551,0.503882,0
8552,9.732882,0
8553,3.969441,0
8554,1.760743,0
8555,9.87271,1
8556,0.511153,0
8557,2.868935,1
8558,0.107985,0
8559,0.698559,0
8560,0.727557,1
8561,2.493179,1
8562,3.412391,1
8563,0.49522,0
8564,9.482503,0
8565,0.051931,0
8566,8.779161,1
8567,0.704989,0
8568,8.797746,0
8569,0.207393,0
8570,0.142155,0
8571,0.178889,1
8572,8.890203,0
8573,0.286976,0
8574,2.688518,0
8575,0.084581,1
8576,0.249334,1
8577,0.184494,1
8578,0.224109,1
8579,9.100748,0
8580,1.946115,0
8581,0.070145,0
8582,2.746593,1
8583,0.985704,0
8584,9.767364,0
8585,1.522447,0
8586,3.332101,1
8587,2.843727,1
8588,0.133251,0
8589,3.071546,1
8590,2.104054,1
8591,1.541155,0
8592,1.27048,0
8593,0.064973,0
8594,2.538077,1
8595,0.406001,1
8596,0.092092,0
8597,0.929936,0
8598,2.985414,0
8599,1.553757,1
8600,0.174016,1
8601,0.054968,1
8602,0.259927,1
8603,10.226865,0
8604,2.675796,0
8605,0.077119,1
8606,3.056734,0
8607,0.16711,0
8608,0.123403,1
8609,0.637053,1
8610,10.297203,0
8611,2.826399,1
8612,0.204173,1
8613,0.06143,1
8614,0.082888,0
8615,1.962928,1
8616,0.86441,0
8617,0.069236,0
8618,1.49027,0
8619,0.04247,1
8620,3.82376,1
8621,2.541786,0
8622,8.90502,0
8623,9.646043,0
8624,3.147106,1
8625,3.194128,1
8626,1.338681,0
8627,7.992959,0
8628,1.068943,0
8629,2.2518,1
8630,0.070447,1
8631,1.374359,1
8632,2.960324,1
8633,9.619971,0
8634,2.276983,1
8635,10.389027,0
8636,8.830926,1
8637,0.244476,1
8638,0.284091,1
8639,0.129586,1
8640,1.489951,0
8641,1.955964,1
8642,0.784637,0
8643,9.677892,1
8644,0.539386,0
8645,0.630742,1
8646,0.278451,0
8647,0.056897,1
8648,2.277014,0
8649,1.843684,0
8650,9.086159,0
8651,8.461751,0
8652,1.931193,1
8653,0.070388,1
8654,0.056073,0
8655,0.257045,1
8656,0.131896,0
8657,1.810033,0
8658,1.50348,1
8659,2.033564,0
8660,4.157825,1
8661,10.229086,0
8662,10.241577,1
8663,10.281646,0
8664,9.558975,0
8665,1.609235,0
8666,2.048652,0
8667,1.083637,0
8668,3.416687,1
8669,0.165337,0
8670,9.232669,0
8671,2.369651,1
8672,3.502002,1
8673,8.175003,0
8674,10.711771,0
8675,1.68138,0
8676,0.123487,1
8677,1.374494,0
8678,2.123931,1
8679,11.000978,0
8680,0.429528,0
8681,0.535221,1
8682,0.126711,0
8683,0.388807,0
8684,0.779878,0
8685,0.19245,0
8686,1.812107,0
8687,0.35583,1
8688,3.155402,1
8689,0.073416,0
8690,10.075156,0
8691,2.033038,0
8692,1.76938,0
8693,11.251767,0
8694,9.091579,0
8695,9.38154,1
8696,0.220745,1
8697,2.626355,0
8698,0.193571,1
8699,10.678075,0
8700,1.57028,1
8701,0.598695,0
8702,0.040607,0
8703,2.326415,0
8704,0.267157,1
8705,0.143705,0
8706,0.106961,0
8707,2.246391,0
8708,0.15748,0
8709,1.496564,0
8710,0.183487,1
8711,1.173771,0
8712,9.240264,0
8713,0.086056,1
8714,9.640542,0
8715,8.793907,0
8716,0.069662,0
8717,0.839503,0
8718,0.574995,0
8719,9.796796,1
8720,2.713718,0
8721,2.251701,0
8722,0.097365,0
8723,8.522805,0
8724,1.859169,1
8725,0.102363,0
8726,8.061131,1
8727,0.149343,0
8728,0.072281,1
8729,9.951058,0
8730,3.339183,1
8731,9.96637,0
8732,2.489763,1
8733,0.062739,1
8734,0.118238,0
8735,10.837427,1
8736,8.914924,0
8737,0.074036,0
8738,0.103046,1
8739,2.058824,1
8740,0.709655,0
8741,1.231974,0
8742,1.359993,0
8743,0.569864,1
8744,4.356169,0
8745,0.1206,1
8746,2.087732,1
8747,0.172091,0
8748,9.876241,1
8749,2.232938,0
8750,0.886995,0
8751,2.310496,1
8752,3.405785,1
8753,0.118119,1
8754,1.302698,0
8755,0.862521,0
8756,9.764204,1
8757,1.365235,0
8758,0.736392,0
8759,9.228437,0
8760,1.154745,0
8761,8.447182,0
8762,8.757676,1
8763,9.686653,0
8764,3.282564,1
8765,0.493722,0
8766,10.821629,0
8767,10.780687,0
8768,1.01013,1
8769,0.137916,1
8770,4.512362,1
8771,2.648209,1
8772,0.050374,1
8773,1.971799,1
8774,4.308578,0
8775,2.000489,0
8776,9.886617,0
8777,0.305849,1
8778,0.161516,1
8779,9.121858,1
8780,8.822098,0
8781,0.588437,1
8782,10.112082,0
8783,10.035659,0
8784,1.014052,0
8785,10.006879,0
8786,2.881001,1
8787,0.399246,0
8788,0.061084,0
8789,2.992657,1
8790,9.694712,1
8791,2.201903,1
8792,9.614438,0
8793,2.254972,0
8794,3.213776,1
8795,0.143352,1
8796,8.838552,0
8797,1.779473,1
8798,0.99082,1
8799,10.114599,0
8800,9.513495,1
8801,0.18353,0
8802,1.943521,1
8803,10.164244,0
8804,0.086797,0
8805,0.058896,1
8806,0.762196,1
8807,2.900216,1
8808,0.142766,0
8809,1.841268,0
8810,8.860996,0
8811,1.219072,1
8812,10.146321,0
8813,0.088473,0
8814,2.728003,1
8815,0.422256,1
8816,2.132666,0
8817,2.033262,0
8818,2.675155,0
8819,0.478298,0
8820,0.631499,0
8821,1.699771,1
8822,0.515315,1
8823,0.988818,1
8824,0.148358,0
8825,1.083079,0
8826,0.432642,0
8827,0.044308,1
8828,10.030479,0
8829,2.653462,1
8830,2.161757,1
8831,1.252158,1
8832,2.782001,1
8833,8.42275,1
8834,3.257106,1
8835,1.277847,1
8836,8.03721,0
8837,0.122584,0
8838,0.490181,1
8839,10.951048,1
8840,0.117352,1
8841,0.574908,1
8842,3.74542,1
8843,1.756799,0
8844,8.967408,1
8845,0.130991,1
8846,0.415467,1
8847,1.919296,0
8848,0.154012,1
8849,2.554878,0
8850,0.500592,1
8851,2.765105,0
8852,0.066031,0
8853,3.349211,1
8854,9.663684,1
8855,0.105998,0
8856,8.907007,0
8857,1.106415,0
8858,10.66477,1
8859,8.840389,1
8860,1.961802,0
8861,0.149234,0
8862,0.082231,1
8863,5.445525,1
8864,0.155253,1
8865,9.626873,0
8866,0.317856,1
8867,9.17329,0
8868,3.259735,1
8869,0.089043,1
8870,1.388604,0
8871,2.998778,0
8872,1.441524,0
8873,0.88051,0
8874,3.162907,1
8875,2.4803,0
8876,1.650755,0
8877,0.234003,0
8878,0.744764,1
8879,2.772518,1
8880,1.870627,1
8881,0.79386,0
8882,0.085903,1
8883,9.861438,0
8884,9.089592,1
8885,8.768003,0
8886,9.575539,1
8887,1.326234,0
8888,9.179605,0
8889,0.125125,0
8890,10.380386,0
8891,8.940736,0
8892,9.45709,0
8893,2.246447,1
8894,10.511683,0
8895,0.204131,0
8896,0.680409,0
8897,0.091695,1
8898,0.173446,1
8899,0.066982,0
8900,0.40327,0
8901,0.264427,0
8902,0.084838,1
8903,0.335908,0
8904,1.934978,1
8905,0.382958,0
8906,8.683325,1
8907,10.052959,0
8908,0.08665,1
8909,9.816712,1
8910,4.390677,1
8911,0.597578,1
8912,1.785316,1
8913,1.444413,0
8914,2.422143,0
8915,0.26493,1
8916,0.179437,1
8917,10.500093,0
8918,0.079225,1
8919,0.087348,0
8920,9.707376,0
8921,0.116285,0
8922,1.35142,0
8923,0.246761,0
8924,0.114315,1
8925,0.455421,0
8926,2.964543,1
8927,0.151718,1
8928,10.109131,0
8929,9.367594,0
8930,0.071645,1
8931,2.075377,1
8932,9.004737,0
8933,0.229536,1
8934,1.713145,1
8935,0.248936,1
8936,0.284697,1
8937,10.742353,0
8938,0.205125,1
8939,0.087216,1
8940,10.815454,0
8941,0.580626,1
8942,1.940051,0
8943,0.075127,1
8944,4.464766,0
8945,0.153756,1
8946,1.664368,1
8947,3.099788,1
8948,1.493894,0
8949,4.221913,1
8950,1.789858,0
8951,2.437314,0
8952,1.321121,0
8953,0.363552,1
8954,2.230069,1
8955,2.457772,0
8956,2.725016,1
8957,0.56532,0
8958,0.551784,1
8959,8.356679,1
8960,10.674037,1
8961,2.096335,1
8962,1.20273,0
8963,1.502305,0
8964,0.121206,1
8965,1.418867,0
8966,3.577378,1
8967,0.101899,1
8968,2.070891,0
8969,0.698937,0
8970,7.83953,1
8971,2.969147,0
8972,0.410726,0
8973,0.420597,1
8974,2.147505,1
8975,0.288675,0
8976,0.109054,0
8977,8.875309,1
8978,1.51102,1
8979,3.267024,0
8980,2.415273,0
8981,0.261625,0
8982,0.054392,0
8983,0.19827,1
8984,9.040747,0
8985,0.165038,1
8986,0.151709,0
8987,2.904607,0
8988,8.957922,0
8989,0.260955,1
8990,3.729214,0
8991,3.849717,1
8992,2.837787,1
8993,0.085784,0
8994,1.499934,1
8995,9.904505,1
8996,0.193618,1
8997,0.126884,1
8998,0.243588,1
8999,3.458239,0
9000,9.649895,0
9001,1.359395,1
9002,2.31991,0
9003,0.049765,0
9004,9.125885,0
9005,0.595343,0
9006,0.054637,1
9007,2.867756,1
9008,9.790504,0
9009,0.079682,0
9010,1.166987,0
9011,0.030762,1
9012,2.232263,0
9013,10.020902,0
9014,10.306974,0
9015,3.864751,0
9016,2.558478,1
9017,0.081266,1
9018,0.087762,1
9019,10.296698,0
9020,0.391396,0
9021,0.053533,1
9022,10.430932,1
9023,0.09148,0
9024,9.388328,0
9025,0.072077,0
9026,3.126798,1
9027,0.241811,1
9028,0.252736,1
9029,4.825775,1
9030,4.476745,1
9031,0.850206,0
9032,0.894406,1
9033,9.924329,0
9034,8.510127,1
9035,0.680491,1
9036,1.695634,0
9037,0.120316,1
9038,9.618916,0
9039,0.036399,1
9040,3.010246,0
9041,9.673141,0
9042,0.976053,0
9043,4.189768,0
9044,1.161709,0
9045,9.041201,0
9046,0.227561,0
9047,9.671618,0
9048,3.616886,1
9049,9.972267,1
9050,9.810363,0
9051,0.113894,0
9052,0.104261,0
9053,10.023593,0
9054,0.482472,1
9055,1.67672,0
9056,0.199143,0
9057,9.725964,0
9058,4.142457,1
9059,2.41899,0
9060,3.485928,1
9061,2.928588,1
9062,4.020733,1
9063,3.082549,1
9064,1.378692,0
9065,2.297317,1
9066,0.12892,0
9067,9.559278,0
9068,0.457634,0
9069,1.751642,0
9070,0.097352,0
9071,4.728222,1
9072,11.022994,1
9073,8.413671,0
9074,2.261549,1
9075,0.132698,1
9076,1.170644,0
9077,9.341048,0
9078,0.410241,0
9079,10.316656,0
9080,0.688717,0
9081,3.384742,1
9082,9.986845,0
9083,9.155613,0
9084,2.239271,0
9085,0.421397,0
9086,9.527783,0
9087,3.093669,1
9088,0.141798,0
9089,0.332167,1
9090,0.959886,0
9091,1.123016,1
9092,3.570652,1
9093,0.426384,0
9094,1.438433,0
9095,0.093839,0
9096,1.875176,0
9097,0.100729,1
9098,10.271075,0
9099,0.20204,1
9100,0.25962,0
9101,2.21399,1
9102,0.209241,1
9103,1.204745,0
9104,0.048984,1
9105,0.114801,0
9106,2.406665,1
9107,9.511863,0
9108,8.716266,1
9109,0.226188,1
9110,0.23782,1
9111,8.707024,0
9112,9.83308,1
9113,0.254613,1
9114,0.497193,0
9115,1.023832,0
9116,0.05672,0
9117,3.675307,0
9118,1.577366,0
9119,3.659034,1
9120,1.96269,1
9121,0.266751,0
9122,4.997876,1
9123,8.6983,1
9124,0.056788,1
9125,0.046738,1
9126,0.115885,1
9127,10.336085,0
9128,8.815192,0
9129,9.854522,0
9130,0.487626,1
9131,0.192313,1
9132,9.755275,1
9133,0.07529,0
9134,0.289917,1
9135,2.093118,1
9136,0.904929,0
9137,0.128688,0
9138,4.369164,1
9139,0.619955,0
9140,9.048686,0
9141,0.214638,0
9142,1.639179,0
9143,1.843132,0
9144,2.911738,1
9145,0.416547,0
9146,0.068248,1
9147,2.880906,0
9148,3.05201,1
9149,0.074692,0
9150,1.703846,0
9151,0.256852,1
9152,1.168872,1
9153,1.012753,0
9154,1.858926,1
9155,0.119691,1
9156,0.589344,1
9157,0.090289,0
9158,0.09986,1
9159,1.532448,0
9160,0.630244,1
9161,1.235008,0
9162,0.650682,0
9163,0.473087,1
9164,1.479618,0
9165,0.092411,1
9166,1.238699,0
9167,0.287615,0
9168,7.660484,1
9169,0.170742,1
9170,0.111055,0
9171,0.138165,1
9172,0.116226,0
9173,1.094488,0
9174,10.480212,0
9175,8.528934,0
9176,1.669749,0
9177,0.072161,0
9178,9.552194,1
9179,2.920277,0
9180,3.866203,1
9181,0.990608,0
9182,4.520243,1
9183,9.076727,0
9184,8.894727,0
9185,2.114012,1
9186,1.51742,0
9187,3.573471,1
9188,0.153116,1
9189,2.462564,1
9190,1.94242,1
9191,0.108673,1
9192,0.86247,0
9193,1.646966,0
9194,0.393481,0
9195,10.011363,0
9196,2.684538,1
9197,10.478729,0
9198,9.133152,0
9199,3.556855,1
9200,0.328309,0
9201,9.598544,1
9202,0.214799,1
9203,0.08079,0
9204,9.980172,0
9205,0.806037,1
9206,0.113013,1
9207,0.601631,0
9208,0.097876,1
9209,9.916858,0
9210,2.099828,1
9211,8.99861,1
9212,3.302875,1
9213,1.433258,0
9214,0.128819,0
9215,10.70792,0
9216,9.813084,1
9217,0.098014,1
9218,0.326747,0
9219,0.321189,1
9220,9.521896,0
9221,1.617953,0
9222,11.637584,0
9223,2.990587,1
9224,3.450031,0
9225,9.143899,0
9226,0.15861,1
9227,0.268188,0
9228,2.102282,1
9229,9.753447,0
9230,0.754616,1
9231,2.487884,0
9232,3.951162,1
9233,8.533908,1
9234,8.46614,0
9235,4.352416,1
9236,0.261634,0
9237,9.425844,0
9238,3.630419,1
9239,0.106227,1
9240,1.42261,0
9241,1.143806,1
9242,9.703107,1
9243,8.979464,0
9244,0.852113,1
9245,0.557657,1
9246,0.228119,1
9247,8.865415,0
9248,0.062011,1
9249,0.161144,0
9250,0.163661,1
9251,2.58607,0
9252,1.965676,0
9253,0.070944,0
9254,1.345967,1
9255,9.999548,0
9256,3.196702,0
9257,1.594222,0
9258,0.144437,0
9259,0.223631,0
9260,4.120784,1
9261,1.954201,0
9262,10.136076,1
9263,2.226663,1
9264,0.177824,1
9265,9.277295,0
9266,5.620392,1
9267,3.749214,1
9268,2.150274,1
9269,9.707375,0
9270,0.220851,1
9271,0.247858,1
9272,0.134593,0
9273,0.135691,1
9274,0.568581,0
9275,10.752528,0
9276,10.524143,0
9277,3.257459,1
9278,0.072562,1
9279,8.737416,0
9280,1.685676,1
9281,2.076467,1
9282,0.501717,0
9283,0.125245,1
9284,10.243503,0
9285,0.510757,1
9286,0.12364,1
9287,0.922272,0
9288,2.376587,1
9289,0.06841,1
9290,1.894915,0
9291,0.116712,1
9292,0.244035,0
9293,0.061882,1
9294,10.329286,0
9295,0.223926,0
9296,10.186957,0
9297,3.446324,1
9298,1.466523,0
9299,2.272436,1
9300,9.260785,1
9301,0.253235,0
9302,2.067564,0
9303,1.197142,1
9304,2.842816,0
9305,1.680235,1
9306,9.990865,1
9307,9.437201,0
9308,0.300002,0
9309,0.943199,1
9310,1.755449,0
9311,9.312865,0
9312,1.440162,0
9313,2.871389,1
9314,2.083013,0
9315,10.088626,0
9316,9.906142,0
9317,3.115794,1
9318,0.276768,0
9319,0.69033,0
9320,1.716659,1
9321,0.656988,0
9322,0.172881,0
9323,2.088549,1
9324,0.37326,1
9325,0.252566,0
9326,3.221702,0
9327,2.247322,1
9328,0.218583,1
9329,0.703559,1
9330,1.998297,0
9331,9.187521,0
9332,2.260726,0
9333,0.040988,1
9334,9.906367,0
9335,0.133912,0
9336,9.622714,1
9337,1.74629,0
9338,0.707698,1
9339,9.115379,0
9340,0.730645,1
9341,1.89908,0
9342,0.083427,1
9343,0.778765,0
9344,0.257859,1
9345,0.179046,1
9346,0.716302,1
9347,1.530575,0
9348,1.575057,1
9349,9.030171,1
9350,0.088478,0
9351,1.856041,0
9352,1.530237,0
9353,1.268161,0
9354,0.157355,0
9355,0.092836,1
9356,9.506262,0
9357,10.576567,0
9358,3.207761,1
9359,8.387311,0
9360,9.183857,0
9361,2.419599,0
9362,0.737827,1
9363,2.251816,1
9364,10.040017,0
9365,0.082197,1
9366,9.062244,0
9367,9.824143,0
9368,1.161828,0
9369,0.815253,1
9370,10.036672,0
9371,9.364719,0
9372,0.737644,0
9373,10.231339,1
9374,0.210929,1
9375,0.140481,0
9376,2.476266,0
9377,1.623448,0
9378,1.815371,0
9379,2.890461,0
9380,0.14264,0
9381,0.109946,0
9382,0.501364,1
9383,1.727649,1
9384,0.994772,0
9385,9.842068,1
9386,2.311098,0
9387,0.533709,0
9388,1.768687,0
9389,3.267682,1
9390,8.988571,0
9391,2.923886,1
9392,0.076213,1
9393,0.848136,0
9394,0.295485,0
9395,1.691019,0
9396,0.122999,0
9397,1.125722,0
9398,10.201576,0
9399,1.200796,0
9400,0.075407,0
9401,0.180939,0
9402,0.387431,1
9403,2.436396,1
9404,0.152222,0
9405,9.474994,0
9406,0.105702,1
9407,0.060482,1
9408,0.207646,1
9409,2.765683,1
9410,1.865857,0
9411,4.902389,1
9412,2.56114,0
9413,0.771608,0
9414,1.899782,0
9415,0.11965,0
9416,1.403882,0
9417,0.641732,1
9418,2.330251,1
9419,2.31733,1
9420,9.308813,0
9421,3.923965,1
9422,1.426695,0
9423,2.929187,0
9424,9.186526,0
9425,8.69347,1
9426,0.115984,0
9427,0.515407,0
9428,2.308389,0
9429,1.186821,0
9430,2.353796,1
9431,4.627788,1
9432,10.286741,0
9433,1.101534,1
9434,0.752996,0
9435,0.37644,1
9436,0.34599,1
9437,9.329535,0
9438,2.763884,1
9439,2.535863,0
9440,4.787416,1
9441,0.247773,1
9442,10.039978,0
9443,2.75083,1
9444,0.128191,0
9445,3.307183,1
9446,1.323445,0
9447,9.828324,0
9448,0.542289,1
9449,0.235271,1
9450,1.392639,1
9451,5.194585,1
9452,1.079176,1
9453,1.298962,1
9454,0.523585,0
9455,0.624417,0
9456,3.957045,1
9457,0.060844,1
9458,2.532131,1
9459,10.156673,0
9460,9.821215,0
9461,1.451132,1
9462,0.158439,1
9463,1.668265,1
9464,2.781143,0
9465,0.806909,1
9466,10.496591,0
9467,0.242133,1
9468,0.364377,1
9469,10.339313,1
9470,0.857488,1
9471,0.166996,1
9472,0.102018,1
9473,0.102827,1
9474,0.057604,0
9475,0.061219,1
9476,1.993824,1
9477,1.126828,0
9478,1.29615,1
9479,9.333736,0
9480,8.939866,1
9481,2.493348,0
9482,3.148019,1
9483,2.225799,1
9484,10.120194,0
9485,10.474959,0
9486,0.05573,1
9487,2.71106,1
9488,2.898718,1
9489,9.306217,0
9490,0.032318,1
9491,9.757509,1
9492,9.769554,0
9493,0.930029,1
9494,0.452115,1
9495,5.438607,1
9496,3.686392,1
9497,9.551419,0
9498,1.827929,0
9499,0.301341,1
9500,0.791181,0
9501,1.325761,0
9502,8.812207,0
9503,9.39661,0
9504,9.167985,1
9505,2.006012,1
9506,10.050823,1
9507,10.003766,1
9508,10.144,0
9509,2.550129,0
9510,0.321664,1
9511,0.056231,1
9512,0.062082,1
9513,0.840105,0
9514,9.300117,1
9515,3.331796,1
9516,2.8692,1
9517,0.119325,0
9518,9.534635,0
9519,8.014916,0
9520,10.217781,0
9521,2.993413,1
9522,1.623388,1
9523,0.31873,1
9524,2.896322,1
9525,9.736772,0
9526,8.808239,1
9527,3.139057,1
9528,10.869452,0
9529,3.911053,1
9530,0.363385,1
9531,8.832581,0
9532,9.918406,0
9533,0.13978,1
9534,0.781019,1
9535,0.064559,0
9536,1.909544,1
9537,0.56067,0
9538,0.15524,0
9539,3.264385,0
9540,0.447055,0
9541,4.680445,0
9542,10.326601,0
9543,0.15605,0
9544,0.321773,1
9545,0.267186,1
9546,0.342474,1
9547,0.077747,1
9548,0.092439,0
9549,0.138027,0
9550,1.156238,0
9551,1.232601,0
9552,9.515316,0
9553,0.053004,1
9554,9.174438,0
9555,0.288772,0
9556,9.373403,0
9557,0.248607,1
9558,0.092283,0
9559,0.857568,1
9560,2.14459,0
9561,10.113547,1
9562,0.130482,0
9563,10.687763,0
9564,3.762709,1
9565,1.283788,0
9566,0.10338,0
9567,9.863066,0
9568,0.374785,0
9569,2.530113,0
9570,1.943206,0
9571,1.318754,0
9572,0.677644,1
9573,1.848689,0
9574,1.887202,1
9575,0.209612,1
9576,2.643709,1
9577,10.468013,0
9578,0.476645,1
9579,0.066782,1
9580,2.166585,0
9581,0.184488,1
9582,10.134423,0
9583,0.271532,0
9584,0.330199,1
9585,0.393794,0
9586,10.232303,0
9587,0.071622,1
9588,2.227783,1
9589,1.283998,1
9590,1.876314,0
9591,1.771467,0
9592,0.23347,0
9593,0.36383,1
9594,0.08028,0
9595,2.440996,1
9596,10.005667,0
9597,1.913845,1
9598,1.235631,0
9599,11.113723,0
9600,0.236819,0
9601,0.302096,1
9602,0.218485,1
9603,1.178357,1
9604,1.416335,0
9605,0.062209,1
9606,0.063396,0
9607,1.854583,0
9608,2.378425,1
9609,9.289114,0
9610,1.876535,1
9611,0.220847,1
9612,9.460515,0
9613,0.131776,0
9614,0.197352,1
9615,0.172459,1
9616,0.991305,1
9617,2.717035,1
9618,2.835019,1
9619,0.196101,1
9620,8.505395,0
9621,0.973468,0
9622,8.604336,1
9623,0.172696,0
9624,1.394163,0
9625,0.783214,0
9626,1.864892,1
9627,9.257032,0
9628,0.842452,1
9629,0.246414,1
9630,1.068048,0
9631,8.813316,1
9632,0.101646,1
9633,2.608528,1
9634,3.85215,1
9635,9.947234,1
9636,0.433232,1
9637,10.154329,1
9638,0.345069,0
9639,8.877171,0
9640,2.701189,1
9641,1.43098,0
9642,9.197714,1
9643,4.074331,1
9644,1.851103,0
9645,9.229277,0
9646,0.190057,0
9647,9.082987,1
9648,9.32921,0
9649,0.139905,0
9650,3.602795,0
9651,0.13068,0
9652,0.089014,1
9653,0.406372,0
9654,3.778291,1
9655,2.122139,1
9656,3.845369,1
9657,0.387977,0
9658,10.068412,0
9659,9.8848,1
9660,0.192363,0
9661,0.107884,1
9662,0.059471,0
9663,0.83004,0
9664,2.108325,1
9665,0.282852,1
9666,3.823722,1
9667,0.294322,1
9668,10.307343,0
9669,9.806033,0
9670,2.836361,0
9671,3.969957,1
9672,9.921603,0
9673,0.072737,1
9674,0.103403,0
9675,7.899874,0
9676,0.341421,1
9677,1.902883,1
9678,0.048294,1
9679,3.274123,1
9680,2.12632,1
9681,0.368293,1
9682,0.087878,1
9683,8.930779,0
9684,2.81937,1
9685,0.217748,0
9686,9.194449,0
9687,0.104817,1
9688,0.669979,1
9689,0.097744,1
9690,1.674343,0
9691,0.246592,1
9692,1.651851,0
9693,9.927361,0
9694,3.974075,1
9695,0.06283,1
9696,9.423185,0
9697,2.547847,0
9698,2.190537,0
9699,1.632105,0
9700,0.085618,1
9701,3.317976,1
9702,1.8222,0
9703,1.090947,0
9704,8.537265,0
9705,0.051685,1
9706,9.275711,0
9707,1.457195,0
9708,0.074777,1
9709,10.096489,1
9710,0.109797,0
9711,0.393898,0
9712,0.480209,1
9713,0.324105,0
9714,9.062199,1
9715,8.362835,1
9716,0.268785,0
9717,0.33955,1
9718,1.627989,0
9719,10.060748,0
9720,2.681858,1
9721,0.133343,0
9722,9.35343,0
9723,0.289005,1
9724,3.829601,1
9725,9.560749,0
9726,9.29134,0
9727,1.413699,0
9728,10.620657,0
9729,0.314459,1
9730,0.238744,1
9731,3.600262,1
9732,1.710832,1
9733,9.75106,0
9734,0.043567,1
9735,9.255387,0
9736,0.384206,0
9737,9.611931,0
9738,0.065194,1
9739,0.109019,1
9740,2.752207,0
9741,0.170287,1
9742,9.870386,1
9743,1.40248,0
9744,9.629906,0
9745,9.749533,1
9746,0.061473,1
9747,1.25354,0
9748,0.104604,1
9749,0.597352,0
9750,2.508432,1
9751,9.597163,0
9752,0.125926,0
9753,8.9351,1
9754,1.961771,1
9755,3.651438,1
9756,9.828897,0
9757,0.075252,0
9758,1.968401,0
9759,0.054746,1
9760,0.186593,0
9761,0.101241,0
9762,0.071603,1
9763,1.599701,0
9764,0.072208,0
9765,0.276677,1
9766,1.514418,1
9767,1.153956,0
9768,1.033141,0
9769,8.739967,1
9770,1.473053,1
9771,8.943873,0
9772,3.409538,0
9773,0.211972,0
9774,0.73495,0
9775,0.264272,1
9776,2.821053,0
9777,10.598433,1
9778,0.063602,1
9779,2.907062,1
9780,0.109636,1
9781,0.071728,1
9782,0.111923,0
9783,1.850546,0
9784,2.113634,1
9785,0.328486,0
9786,3.153822,1
9787,8.257443,1
9788,10.119049,0
9789,10.148462,0
9790,10.773265,0
9791,1.693126,0
9792,0.209949,0
9793,1.405995,0
9794,9.663814,1
9795,0.224162,1
9796,9.921163,1
9797,2.879662,1
9798,1.47918,0
9799,0.094493,1
9800,9.865646,0
9801,0.086962,1
9802,1.945176,0
9803,0.140004,1
9804,1.295998,0
9805,10.103829,0
9806,2.04586,0
9807,3.172152,1
9808,0.057951,1
9809,8.799704,0
9810,10.670045,0
9811,1.067567,0
9812,0.059221,0
9813,10.49166,0
9814,0.09586,1
9815,11.110378,0
9816,4.462702,1
9817,2.547483,0
9818,10.27874,1
9819,2.96214,1
9820,4.325571,1
9821,8.208073,0
9822,10.115758,0
9823,0.089865,1
9824,2.010211,0
9825,3.2285,1
9826,8.981117,0
9827,1.470087,0
9828,0.116853,0
9829,1.457322,1
9830,0.163804,0
9831,1.15685,1
9832,0.09025,0
9833,11.466199,0
9834,0.185669,1
9835,0.066466,0
9836,1.256622,1
9837,0.088223,1
9838,0.687635,0
9839,9.917515,0
9840,8.963655,1
9841,8.493127,0
9842,0.272431,1
9843,0.187603,1
9844,0.057764,1
9845,2.217469,1
9846,8.480529,0
9847,0.109195,0
9848,2.931496,1
9849,1.37222,0
9850,10.020272,1
9851,1.61413,0
9852,2.114243,0
9853,1.687857,0
9854,1.031496,0
9855,9.47629,0
9856,9.193932,0
9857,0.803483,0
9858,2.199957,0
9859,0.172518,0
9860,0.272693,0
9861,0.233653,1
9862,0.103179,0
9863,1.864512,0
9864,0.173274,1
9865,10.66529,0
9866,2.563047,1
9867,2.508449,1
9868,9.7275,0
9869,3.489707,0
9870,0.123099,1
9871,0.107796,0
9872,9.766376,0
9873,0.133485,0
9874,1.076611,0
9875,0.078038,0
9876,0.708698,1
9877,9.317817,0
9878,1.237025,0
9879,10.337357,0
9880,2.224377,0
9881,2.191754,1
9882,0.28255,0
9883,0.220845,1
9884,9.159348,0
9885,1.690932,0
9886,5.172374,1
9887,5.172725,1
9888,8.578604,1
9889,0.079856,1
9890,2.247085,0
9891,2.449975,0
9892,1.953323,1
9893,2.041519,0
9894,9.306143,0
9895,2.37842,1
9896,0.637295,0
9897,9.633562,1
9898,9.974566,0
9899,4.455266,0
9900,3.661799,1
9901,2.466829,1
9902,11.237391,1
9903,1.161649,0
9904,1.744428,1
9905,2.300955,0
9906,0.069122,1
9907,0.697291,1
9908,10.361316,0
9909,10.47254,0
9910,1.211571,1
9911,0.036342,0
9912,2.164694,1
9913,0.168865,1
9914,2.221461,1
9915,1.697334,0
9916,1.921865,0
9917,10.185491,1
9918,0.12158,1
9919,2.759288,1
9920,0.176305,0
9921,0.269888,1
9922,0.059242,1
9923,0.112119,0
9924,0.860394,0
9925,10.777634,0
9926,0.256727,0
9927,0.062041,1
9928,1.027765,0
9929,0.059273,1
9930,9.522188,0
9931,4.244704,1
9932,0.095965,1
9933,2.094714,0
9934,8.179975,0
9935,3.485753,1
9936,3.378006,1
9937,2.997922,1
9938,1.067644,0
9939,9.18067,1
9940,7.689035,1
9941,1.915047,0
9942,1.079208,0
9943,2.088606,0
9944,3.036084,0
9945,2.67212,0
9946,0.710477,1
9947,0.842436,1
9948,0.541318,1
9949,0.120773,0
9950,3.64396,1
9951,1.108707,0
9952,0.934948,0
9953,0.168614,0
9954,0.811153,0
9955,0.311234,1
9956,0.088548,1
9957,0.098007,0
9958,5.043625,1
9959,0.095272,1
9960,9.300518,0
9961,0.053346,1
9962,2.121099,0
9963,0.146197,1
9964,0.327062,1
9965,0.246558,1
9966,2.392746,1
9967,0.149745,0
9968,1.52091,0
9969,0.710212,0
9970,2.730708,1
9971,0.184833,0
9972,8.682992,1
9973,2.4686,0
9974,3.38277,1
9975,0.195988,1
9976,1.639108,0
9977,1.622901,0
9978,9.886855,0
9979,3.198816,0
9980,1.202022,1
9981,9.265391,0
9982,9.762267,0
9983,0.211175,0
9984,2.345982,1
9985,10.155667,0
9986,0.130447,0
9987,0.090406,1
9988,0.161169,1
9989,0.327912,1
9990,9.323841,0
9991,1.877883,0
9992,0.094536,0
9993,0.208787,0
9994,0.04737,1
9995,2.919889,1
9996,0.076117,1
9997,5.20701,1
9998,10.028816,0
9999,2.03064,1
10000,2.683448,0
10001,1.429887,1
10002,9.620506,1
10003,0.130439,1
10004,9.376215,0
10005,1.675513,1
10006,1.554429,0
10007,1.466528,1
10008,0.464552,0
10009,1.855132,0
10010,1.843479,0
10011,0.950699,0
10012,0.144268,1
10013,9.553421,0
10014,2.262859,0
10015,4.574828,1
10016,0.606692,0
10017,3.298136,1
10018,2.305901,1
10019,4.088852,1
10020,3.058074,0
10021,1.187979,0
10022,4.249283,0
10023,3.243112,0
10024,10.620582,0
10025,2.113177,0
10026,3.760735,1
10027,0.319762,0
10028,0.035841,0
10029,0.131978,1
10030,4.108127,0
10031,1.183927,1
10032,1.471731,0
10033,0.15225,0
10034,5.340373,1
10035,0.117092,0
10036,3.353873,0
10037,9.058658,0
10038,0.307837,1
10039,0.052013,0
10040,10.424002,0
10041,0.075039,0
10042,9.740858,0
10043,0.226414,1
10044,9.668264,0
10045,9.972991,0
10046,8.82059,0
10047,2.562472,0
10048,0.351197,0
10049,10.368854,0
10050,2.365612,0
10051,0.078718,1
10052,10.695642,0
10053,0.236079,0
10054,10.050201,0
10055,0.235266,0
10056,9.483891,1
10057,0.052873,0
10058,3.501009,1
10059,0.110824,1
10060,1.186306,0
10061,2.421947,1
10062,8.708994,0
10063,10.587946,0
10064,0.102596,1
10065,0.062714,1
10066,3.506634,1
10067,3.323619,1
10068,1.785263,0
10069,2.070437,1
10070,10.104989,0
10071,0.282325,1
10072,0.11614,0
10073,9.948221,0
10074,3.261966,1
10075,1.193642,1
10076,8.7759,0
10077,2.142826,0
10078,1.539774,0
10079,8.984978,1
10080,1.058224,1
10081,1.09767,1
10082,0.063022,0
10083,1.214272,0
10084,8.911927,0
10085,0.940115,1
10086,9.066045,0
10087,10.96149,0
10088,4.117541,1
10089,1.464698,0
10090,0.187407,1
10091,1.495411,0
10092,4.439079,1
10093,9.791296,0
10094,0.590187,0
10095,9.791866,0
10096,1.13073,0
10097,0.184548,1
10098,3.511722,1
10099,1.712117,1
10100,10.44214,0
10101,0.188671,1
10102,0.448593,1
10103,3.3176,1
10104,0.053934,0
10105,2.458321,1
10106,1.191944,0
10107,2.573486,1
10108,9.240233,0
10109,1.111166,0
10110,9.377434,0
10111,4.679381,1
10112,9.481277,1
10113,0.475681,1
10114,0.161295,0
10115,1.675423,0
10116,0.125169,1
10117,2.473756,1
10118,0.121569,1
10119,0.137503,1
10120,9.995729,1
10121,3.536643,1
10122,2.022915,0
10123,0.084734,1
10124,2.276872,1
10125,8.54537,0
10126,1.289896,0
10127,10.836867,0
10128,1.074287,1
10129,0.255435,0
10130,1.383977,1
10131,2.923876,0
10132,10.010243,0
10133,10.148303,0
10134,3.026711,1
10135,0.198591,0
10136,2.600846,1
10137,1.451749,0
10138,0.640712,0
10139,0.692397,1
10140,9.476922,0
10141,3.974531,1
10142,0.085003,1
10143,0.06922,0
10144,9.636701,0
10145,1.252461,0
10146,10.438932,0
10147,10.780057,0
10148,8.501213,1
10149,11.590984,0
10150,8.252189,0
10151,0.206141,0
10152,9.386185,0
10153,3.231451,1
10154,1.671451,0
10155,0.807572,0
10156,0.200439,1
10157,1.853586,0
10158,0.491683,1
10159,5.655033,1
10160,0.297049,0
10161,9.658276,0
10162,0.337542,0
10163,0.081312,1
10164,1.635633,1
10165,0.099824,0
10166,9.390246,0
10167,0.797238,0
10168,2.27443,0
10169,9.354437,0
10170,0.056975,1
10171,0.13348,1
10172,2.395929,0
10173,0.10669,1
10174,10.467144,1
10175,7.824513,1
10176,0.108923,1
10177,1.452242,0
10178,9.643539,1
10179,2.570904,0
10180,2.094661,1
10181,0.107646,1
10182,1.661761,0
10183,0.094992,1
10184,9.411247,0
10185,8.847637,0
10186,1.692336,0
10187,1.343644,0
10188,0.141899,1
10189,0.219482,1
10190,0.226516,1
10191,8.407048,1
10192,10.10456,1
10193,0.107879,1
10194,3.929706,1
10195,0.302295,0
10196,0.396556,0
10197,0.217426,1
10198,1.00561,0
10199,0.071389,1
10200,0.992365,0
10201,0.096548,1
10202,0.122523,0
10203,8.989748,0
10204,10.146804,1
10205,0.174164,1
10206,2.400838,1
10207,1.878595,0
10208,2.757874,1
10209,0.917507,1
10210,0.156093,1
10211,10.612953,0
10212,1.292221,0
10213,8.259417,0
10214,1.248602,1
10215,0.04866,1
10216,0.116835,1
10217,10.078192,0
10218,0.156704,1
10219,9.940532,0
10220,0.190459,1
10221,0.513378,0
10222,1.712416,1
10223,9.558776,0
10224,0.053404,1
10225,2.048476,1
10226,9.249778,0
10227,1.316219,0
10228,0.081866,1
10229,0.151264,0
10230,0.238825,0
10231,2.358891,0
10232,0.403668,0
10233,0.086265,0
10234,0.125033,0
10235,0.355201,1
10236,3.081031,1
10237,0.06007,0
10238,0.364084,0
10239,0.107312,1
10240,2.1244,0
10241,0.164666,1
10242,0.053558,0
10243,3.713289,1
10244,0.190149,1
10245,0.059441,1
10246,10.870472,0
10247,1.594823,0
10248,0.216028,0
10249,2.88878,1
10250,2.864251,1
10251,0.05268,1
10252,3.528254,1
10253,0.788084,0
10254,0.145051,1
10255,0.06733,1
10256,0.180776,1
10257,0.094377,0
10258,9.504538,0
10259,2.173187,1
10260,0.078665,0
10261,10.809216,1
10262,0.115608,1
10263,10.180632,1
10264,10.59702,1
10265,0.058351,0
10266,10.477996,0
10267,0.189804,1
10268,0.065861,1
10269,0.299758,0
10270,1.784357,1
10271,0.215572,1
10272,8.640344,0
10273,3.400852,1
10274,1.210401,0
10275,8.67499,1
10276,4.570123,0
10277,1.474523,0
10278,0.876931,0
10279,0.134787,1
10280,0.924291,0
10281,8.618752,0
10282,8.831125,0
10283,10.498961,1
10284,0.083396,1
10285,1.369692,0
10286,0.079221,1
10287,0.327888,1
10288,0.130598,0
10289,8.121266,1
10290,9.853615,0
10291,0.086537,0
10292,2.091636,0
10293,0.426017,1
10294,0.106669,1
10295,10.067203,0
10296,2.098892,1
10297,1.30829,0
10298,1.785851,1
10299,9.733953,0
10300,9.023264,1
10301,0.225365,1
10302,0.07218,0
10303,8.131704,0
10304,2.086549,1
10305,10.076718,0
10306,1.031372,0
10307,0.254658,0
10308,3.597284,0
10309,9.959951,0
10310,3.566154,1
10311,8.280598,0
10312,0.252714,1
10313,0.528759,0
10314,2.572323,1
10315,9.893058,0
10316,3.640947,1
10317,3.036068,1
10318,0.213295,0
10319,1.700042,0
10320,2.025007,1
10321,0.447651,1
10322,2.032862,0
10323,3.114217,1
10324,0.963204,1
10325,1.400157,0
10326,4.23953,1
10327,9.849224,0
10328,9.837788,1
10329,0.231658,0
10330,3.498907,0
10331,1.17268,0
10332,9.65825,0
10333,9.584716,1
10334,0.039042,1
10335,10.232433,0
10336,8.877038,0
10337,0.133189,0
10338,9.268507,0
10339,2.165805,0
10340,2.638048,0
10341,0.140943,1
10342,1.46865,1
10343,2.299855,1
10344,2.356379,0
10345,1.225559,0
10346,0.115408,1
10347,4.885623,0
10348,1.873079,0
10349,0.510338,0
10350,0.068693,1
10351,2.915943,1
10352,3.030957,1
10353,0.153349,1
10354,9.444514,1
10355,1.732368,0
10356,0.202984,0
10357,9.034827,0
10358,9.09545,0
10359,0.056091,0
10360,2.055368,1
10361,0.103016,1
10362,0.223888,0
10363,3.751022,1
10364,2.207867,1
10365,8.380258,1
10366,9.789149,0
10367,3.585228,1
10368,0.140059,0
10369,10.0149,0
10370,10.423616,1
10371,10.00197,0
10372,0.103942,0
10373,1.664305,0
10374,0.584221,0
10375,0.06891,0
10376,2.279085,1
10377,0.195757,1
10378,0.273161,1
10379,9.605401,1
10380,3.703155,1
10381,8.114038,0
10382,1.615726,0
10383,0.135596,1
10384,10.055886,1
10385,9.547976,0
10386,0.711535,0
10387,0.280984,1
10388,0.129003,1
10389,0.120663,1
10390,9.708646,1
10391,2.582946,1
10392,3.972416,1
10393,3.944735,0
10394,0.331605,0
10395,9.475294,1
10396,0.407632,1
10397,0.670322,1
10398,0.50025,0
10399,0.044236,1
10400,0.098897,0
10401,0.087667,1
10402,4.280744,0
10403,2.634085,1
10404,0.945085,0
10405,0.245107,0
10406,8.670731,1
10407,9.189294,0
10408,10.460001,0
10409,10.017412,0
10410,3.025884,1
10411,4.292582,1
10412,0.167873,1
10413,2.734564,0
10414,10.114035,0
10415,9.110656,1
10416,11.089845,0
10417,0.068706,0
10418,0.121238,0
10419,0.462016,1
10420,1.007183,0
10421,3.394178,1
10422,2.42429,1
10423,10.382879,0
10424,0.160854,0
10425,0.169448,1
10426,0.368066,0
10427,0.275767,1
10428,0.120453,0
10429,1.72051,1
10430,2.256289,1
10431,10.375337,0
10432,0.129328,0
10433,2.854478,1
10434,11.235134,0
10435,3.620779,1
10436,0.051276,1
10437,0.348313,0
10438,9.593141,0
10439,9.447504,1
10440,4.881921,1
10441,9.75296,0
10442,0.089005,1
10443,8.818769,0
10444,0.783357,1
10445,2.091395,0
10446,0.107418,1
10447,0.513987,0
10448,0.124019,0
10449,9.7213,1
10450,0.075742,1
10451,9.186164,0
10452,1.366676,0
10453,0.115961,0
10454,3.137667,1
10455,0.873859,0
10456,0.372914,1
10457,3.052372,0
10458,9.013893,0
10459,0.205773,0
10460,0.12047,0
10461,9.612409,0
10462,1.404706,0
10463,2.417397,0
10464,1.016084,0
10465,0.258876,1
10466,1.655392,0
10467,2.509577,1
10468,2.230834,1
10469,2.957083,1
10470,1.273642,0
10471,0.262516,0
10472,9.249446,1
10473,2.943456,0
10474,8.717924,0
10475,1.533552,1
10476,1.154217,0
10477,2.821884,0
10478,0.087195,0
10479,0.149776,1
10480,1.330943,0
10481,0.113036,0
10482,2.316813,1
10483,9.396695,0
10484,2.682147,0
10485,4.408192,1
10486,9.337358,0
10487,0.666617,0
10488,0.670264,0
10489,4.195395,1
10490,2.457433,1
10491,9.32767,0
10492,0.156665,0
10493,1.928001,1
10494,1.475377,1
10495,9.665648,0
10496,7.878685,1
10497,10.174012,0
10498,0.594591,0
10499,0.071202,0
10500,2.613678,1
10501,0.316722,1
10502,0.126204,1
10503,0.149064,0
10504,0.215982,1
10505,0.316146,1
10506,0.107677,1
10507,0.308129,0
10508,0.140347,1
10509,9.665145,0
10510,0.987914,0
10511,0.277671,1
10512,9.517861,0
10513,2.136334,1
10514,0.110134,0
10515,3.116384,1
10516,1.3871,0
10517,0.094241,1
10518,1.901103,0
10519,1.717182,0
10520,10.199009,0
10521,3.420063,1
10522,0.054203,0
10523,0.104158,1
10524,2.251998,0
10525,3.236597,1
10526,1.958549,0
10527,9.716945,0
10528,10.823779,1
10529,0.859024,1
10530,0.109971,1
10531,0.987919,0
10532,7.86021,0
10533,4.211613,1
10534,3.800557,0
10535,1.079356,0
10536,3.687537,0
10537,0.20204,1
10538,0.297549,1
10539,1.0415,0
10540,3.844209,1
10541,0.207847,0
10542,3.215127,0
10543,0.34327,0
10544,4.237272,1
10545,1.40126,0
10546,0.312511,1
10547,9.127009,1
10548,0.1603,1
10549,9.617844,0
10550,0.202795,1
10551,0.216095,0
10552,9.413552,0
10553,2.390847,1
10554,0.342342,1
10555,9.43949,0
10556,0.637326,0
10557,1.14413,1
10558,2.595366,0
10559,2.1953,0
10560,0.495383,1
10561,1.442803,0
10562,10.499578,1
10563,9.458451,0
10564,2.377065,0
10565,1.988114,0
10566,0.380203,0
10567,0.09182,0
10568,10.559151,0
10569,0.31092,1
10570,4.071418,1
10571,2.914871,1
10572,0.062635,1
10573,0.147482,1
10574,2.10327,1
10575,3.548625,1
10576,3.535179,1
10577,2.204059,1
10578,10.129136,0
10579,0.255183,0
10580,2.169767,0
10581,1.441352,1
10582,1.568065,0
10583,3.94434,1
10584,0.311828,0
10585,2.419326,1
10586,8.677812,1
10587,9.185129,0
10588,4.052262,1
10589,3.02397,0
10590,8.645873,1
10591,5.773434,1
10592,9.502078,0
10593,1.052832,1
10594,0.08686,1
10595,9.993196,0
10596,8.854973,0
10597,0.268908,1
10598,11.319058,0
10599,2.42222,1
10600,3.032006,1
10601,0.561671,0
10602,9.634587,1
10603,0.07869,1
10604,0.103675,1
10605,0.797101,0
10606,9.336124,1
10607,0.686027,1
10608,1.579217,0
10609,2.343842,1
10610,1.617408,0
10611,0.090942,1
10612,1.606458,0
10613,2.440001,1
10614,0.406233,1
10615,0.361884,0
10616,0.94437,0
10617,11.243715,0
10618,0.041701,1
10619,1.583927,0
10620,3.525761,1
10621,0.138732,0
10622,10.210172,0
10623,1.3063,0
10624,1.385008,0
10625,1.698774,0
10626,0.176711,1
10627,1.572489,0
10628,0.100386,1
10629,0.195343,1
10630,2.121374,1
10631,10.205509,0
10632,3.142352,1
10633,0.24414,0
10634,0.115035,1
10635,0.489978,1
10636,1.755262,1
10637,8.551646,0
10638,1.50503,1
10639,1.197413,0
10640,0.082523,0
10641,0.543742,0
10642,1.795969,1
10643,1.185172,0
10644,0.370894,0
10645,0.042869,1
10646,0.077701,1
10647,4.371389,1
10648,1.172049,0
10649,0.767102,1
10650,2.016971,0
10651,1.720875,1
10652,0.347087,1
10653,0.06163,1
10654,0.367248,1
10655,9.524704,0
10656,2.035378,0
10657,1.18953,0
10658,0.215543,0
10659,3.467967,0
10660,0.281823,1
10661,0.088288,0
10662,8.614738,0
10663,0.096013,1
10664,0.500099,1
10665,0.780428,0
10666,2.01979,0
10667,0.155094,1
10668,1.947446,1
10669,1.262338,0
10670,1.409071,1
10671,0.78472,0
10672,0.092105,1
10673,0.059833,1
10674,0.648506,1
10675,0.252457,0
10676,0.257733,1
10677,1.734658,0
10678,10.197981,0
10679,2.939807,1
10680,10.170325,0
10681,0.084127,0
10682,1.520704,0
10683,0.861972,0
10684,2.851234,0
10685,9.813652,0
10686,2.63819,1
10687,0.836455,0
10688,8.901829,1
10689,3.113869,1
10690,2.613205,1
10691,0.277697,1
10692,0.103342,1
10693,0.407515,1
10694,0.106688,0
10695,10.193982,0
10696,0.133042,0
10697,9.611039,1
10698,0.235809,1
10699,0.071252,0
10700,0.185707,0
10701,0.368048,0
10702,2.808281,0
10703,10.202483,1
10704,0.24204,0
10705,0.175453,0
10706,1.821509,0
10707,10.42185,0
10708,2.031367,0
10709,0.200086,1
10710,3.615246,1
10711,0.121213,0
10712,3.313437,1
10713,0.066648,1
10714,1.269551,0
10715,9.851556,1
10716,0.969906,0
10717,0.080166,1
10718,0.066811,1
10719,3.042252,1
10720,0.45507,0
10721,0.126563,1
10722,0.076294,1
10723,0.114801,1
10724,3.603984,0
10725,0.070009,1
10726,0.284711,1
10727,1.852655,1
10728,10.348171,0
10729,0.125715,0
10730,0.657206,1
10731,2.002445,0
10732,0.04387,1
10733,0.112345,1
10734,9.390578,1
10735,0.082505,0
10736,4.034411,1
10737,1.396299,0
10738,0.217392,1
10739,0.660037,0
10740,0.319473,1
10741,2.841349,1
10742,1.988156,0
10743,11.03444,0
10744,0.271866,0
10745,0.633313,0
10746,0.329248,0
10747,9.512064,1
10748,2.296435,1
10749,1.926739,1
10750,2.090959,1
10751,9.736695,0
10752,0.07194,0
10753,9.87534,0
10754,9.961503,0
10755,2.256407,0
10756,0.595239,1
10757,0.105816,0
10758,1.846231,0
10759,2.720821,1
10760,10.311401,0
10761,0.246353,0
10762,3.035058,0
10763,2.668945,1
10764,0.35891,0
10765,0.154115,0
10766,10.567245,0
10767,9.798021,0
10768,9.147611,1
10769,1.376973,0
10770,0.978704,0
10771,1.555238,0
10772,0.076813,1
10773,9.363722,0
10774,0.176553,1
10775,0.198267,0
10776,0.075444,1
10777,10.671598,0
10778,2.17576,0
10779,0.247745,1
10780,1.027895,0
10781,3.791171,1
10782,2.32791,0
10783,0.119481,0
10784,9.316503,0
10785,2.102523,0
10786,0.238763,1
10787,9.313866,1
10788,0.160769,1
10789,0.075428,0
10790,8.77335,0
10791,2.839331,1
10792,2.327343,0
10793,0.691386,1
10794,9.271617,1
10795,9.03579,0
10796,3.662145,1
10797,9.434023,0
10798,8.117975,0
10799,10.626978,0
10800,10.687989,1
10801,0.290804,0
10802,2.057226,0
10803,9.827377,0
10804,0.183915,0
10805,9.949645,0
10806,2.311888,0
10807,7.521214,1
10808,4.532982,1
10809,0.125558,1
10810,8.173275,1
10811,10.070398,0
10812,0.158556,0
10813,0.063368,1
10814,0.144609,1
10815,9.062181,0
10816,1.398418,0
10817,0.184134,0
10818,1.271513,1
10819,2.379797,0
10820,9.278343,0
10821,0.133948,0
10822,8.398328,0
10823,9.60406,0
10824,3.2485,1
10825,0.074467,1
10826,0.146003,0
10827,4.21923,1
10828,0.348179,1
10829,2.384428,0
10830,2.221922,0
10831,9.823557,0
10832,3.370715,1
10833,0.09038,0
10834,2.741298,0
10835,0.378176,1
10836,0.381998,1
10837,0.743462,1
10838,0.182965,1
10839,0.112899,0
10840,9.279351,0
10841,1.688746,0
10842,0.197099,1
10843,0.170339,1
10844,0.235868,0
10845,9.844771,0
10846,3.076016,0
10847,0.263845,1
10848,3.212649,1
10849,3.631302,0
10850,0.223955,0
10851,10.086775,0
10852,1.679071,0
10853,2.238134,0
10854,0.246902,0
10855,0.28812,1
10856,0.075367,1
10857,1.051624,0
10858,0.444548,1
10859,0.346058,1
10860,0.136243,1
10861,10.003875,0
10862,0.308395,1
10863,3.325734,1
10864,3.950133,1
10865,0.260363,1
10866,2.778349,1
10867,9.704088,1
10868,0.208596,1
10869,0.183184,1
10870,0.188189,1
10871,0.104886,1
10872,8.365509,0
10873,2.15076,1
10874,2.220175,1
10875,9.996828,1
10876,10.509137,0
10877,0.087875,1
10878,0.754,1
10879,0.345265,1
10880,0.113582,0
10881,10.664097,0
10882,10.500395,0
10883,1.816811,0
10884,1.808107,0
10885,0.442085,1
10886,9.522546,0
10887,10.010038,0
10888,9.712924,1
10889,0.474973,0
10890,3.12529,1
10891,10.048177,0
10892,10.132053,1
10893,1.21294,1
10894,0.241285,1
10895,1.106746,0
10896,0.821776,0
10897,2.921492,1
10898,8.940496,0
10899,9.712254,0
10900,0.092074,1
10901,11.051714,0
10902,2.729594,1
10903,0.374792,1
10904,0.211301,1
10905,9.414448,0
10906,0.301346,0
10907,2.443843,1
10908,0.079813,0
10909,2.371996,1
10910,1.829566,1
10911,0.068425,0
10912,3.221065,0
10913,0.411097,0
10914,9.643346,1
10915,0.064014,0
10916,9.13924,0
10917,4.258188,1
10918,2.542099,1
10919,2.513614,1
10920,2.957866,1
10921,0.416525,0
10922,1.089227,1
10923,0.173127,1
10924,9.273905,0
10925,1.419019,0
10926,0.203096,1
10927,0.175473,1
10928,0.218623,0
10929,0.505504,0
10930,2.556761,0
10931,8.407916,1
10932,0.317393,1
10933,9.875681,0
10934,1.274252,0
10935,0.04803,1
10936,3.473035,1
10937,1.528633,1
10938,1.624385,0
10939,1.319711,0
10940,0.440537,1
10941,3.230122,1
10942,0.048772,1
10943,0.295763,1
10944,3.274593,1
10945,0.814205,1
10946,9.998773,0
10947,3.017058,0
10948,0.08377,1
10949,9.504827,0
10950,0.127343,0
10951,0.448081,0
10952,3.044869,1
10953,10.519692,1
10954,9.771833,1
10955,10.040504,0
10956,0.111726,0
10957,1.710128,0
10958,3.314791,1
10959,1.734984,0
10960,0.624013,0
10961,0.055984,0
10962,0.146086,1
10963,0.347251,1
10964,2.155746,1
10965,10.210179,0
10966,4.249,1
10967,9.302699,0
10968,9.899334,0
10969,4.030467,0
10970,1.242972,1
10971,0.24944,1
10972,0.334337,0
10973,8.6337,0
10974,1.982517,0
10975,8.570432,0
10976,0.069676,1
10977,0.585304,0
10978,1.192816,0
10979,2.792207,1
10980,1.724443,0
10981,0.086167,1
10982,0.17514,0
10983,8.356812,1
10984,9.111681,0
10985,0.681347,0
10986,0.205975,0
10987,2.75618,0
10988,10.520315,0
10989,0.12047,1
10990,0.275307,0
10991,0.267473,1
10992,2.464366,1
10993,9.463283,0
10994,1.306538,0
10995,8.82616,1
10996,0.637812,1
10997,10.043487,0
10998,0.281029,1
10999,2.140795,1
11000,0.536981,1
11001,10.536329,0
11002,0.108156,1
11003,10.005028,1
11004,9.428835,0
11005,0.144602,1
11006,2.83978,1
11007,1.414977,1
11008,3.993356,0
11009,0.614599,1
11010,9.761656,0
11011,0.1349,0
11012,9.243195,0
11013,1.19322,0
11014,8.99672,0
11015,9.021175,1
11016,11.047094,0
11017,1.411377,1
11018,0.186021,0
11019,0.070854,1
11020,0.057017,1
11021,7.795165,0
11022,2.897816,1
11023,1.509502,0
11024,10.044499,0
11025,0.101115,1
11026,1.699403,0
11027,2.02968,0
11028,8.933713,0
11029,0.295152,0
11030,9.471327,0
11031,1.973914,0
11032,0.337857,1
11033,0.086964,0
11034,10.119656,0
11035,10.36669,0
11036,2.984436,1
11037,8.056137,0
11038,0.220822,1
11039,0.188472,0
11040,1.504101,0
11041,2.537146,0
11042,0.101775,0
11043,10.420273,0
11044,0.690667,0
11045,0.221569,1
11046,2.782625,0
11047,1.386318,1
11048,0.828157,1
11049,10.408562,0
11050,0.132915,1
11051,9.045473,0
11052,0.7018,0
11053,0.298953,0
11054,1.209168,0
11055,0.079441,1
11056,0.116762,1
11057,0.091261,1
11058,0.245128,1
11059,2.462052,1
11060,9.593302,0
11061,3.78767,1
11062,1.964269,0
11063,2.597635,1
11064,2.814088,1
11065,0.201212,0
11066,3.500411,1
11067,4.442393,1
11068,1.823344,0
11069,0.242621,1
11070,2.367134,0
11071,2.084525,1
11072,3.702483,1
11073,0.232987,1
11074,0.131718,1
11075,3.194284,0
11076,0.281317,0
11077,1.859324,0
11078,0.342905,0
11079,1.996335,0
11080,2.393631,1
11081,0.184483,0
11082,9.486305,1
11083,1.154176,0
11084,1.231884,0
11085,1.458433,1
11086,10.497202,0
11087,9.26756,1
11088,10.784447,0
11089,1.97928,1
11090,3.559745,0
11091,7.90577,0
11092,0.108,1
11093,9.560686,0
11094,1.809189,0
11095,0.116033,1
11096,0.291656,1
11097,11.24438,0
11098,0.409601,1
11099,1.232489,1
11100,10.221669,0
11101,0.103269,0
11102,4.355718,1
11103,3.964462,1
11104,1.94855,1
11105,3.408345,0
11106,0.155591,1
11107,2.313765,1
11108,0.501141,0
11109,9.1533,0
11110,2.969158,1
11111,9.542369,1
11112,0.877995,1
11113,9.216113,0
11114,0.224066,0
11115,0.15346,1
11116,0.201667,0
11117,1.037282,0
11118,0.176478,0
11119,9.322126,0
11120,0.044725,1
11121,0.18728,0
11122,1.744388,1
11123,9.666131,0
11124,10.1768,0
11125,3.117431,1
11126,8.591892,0
11127,0.079124,0
11128,2.530621,0
11129,1.635958,0
11130,1.210303,0
11131,1.282914,0
11132,0.181118,1
11133,3.945439,1
11134,2.79486,0
11135,0.762901,0
11136,0.14167,1
11137,0.650729,0
11138,3.350529,1
11139,0.078259,0
11140,0.459815,0
11141,0.138245,1
11142,2.984952,1
11143,9.376942,0
11144,2.91242,0
11145,0.416071,1
11146,1.113985,1
11147,9.742146,0
11148,3.092113,1
11149,4.110322,0
11150,3.036646,0
11151,1.605454,0
11152,11.015733,0
11153,8.964056,0
11154,0.144373,0
11155,0.092675,1
11156,0.134649,0
11157,0.77731,0
11158,0.19344,1
11159,0.126206,0
11160,0.477122,0
11161,1.603509,1
11162,1.879102,1
11163,1.05948,0
11164,1.527312,1
11165,0.278547,1
11166,0.247659,1
11167,0.398422,1
11168,0.105599,0
11169,0.218002,1
11170,0.067765,1
11171,1.878372,1
11172,3.950376,1
11173,0.067985,1
11174,0.623309,1
11175,9.389283,1
11176,0.257392,0
11177,10.384789,0
11178,4.018399,1
11179,9.045597,0
11180,1.10254,0
11181,1.750442,0
11182,3.518211,0
11183,4.742864,1
11184,0.203949,0
11185,0.076804,0
11186,0.121845,1
11187,3.604664,0
11188,0.794104,0
11189,1.508574,0
11190,10.150923,0
11191,9.684868,0
11192,1.444015,1
11193,9.146861,0
11194,1.727638,0
11195,4.199261,1
11196,1.599766,0
11197,1.486428,0
11198,0.619233,0
11199,2.653967,0
11200,2.796407,1
11201,0.123216,0
11202,1.160564,1
11203,2.180408,1
11204,9.536217,1
11205,0.536839,1
11206,2.105269,0
11207,0.061953,1
11208,9.915922,0
11209,8.371603,1
11210,0.370715,1
11211,4.231325,1
11212,0.126942,1
11213,0.5462,1
11214,2.001472,1
11215,0.353869,1
11216,8.766631,0
11217,0.091451,1
11218,1.493758,0
11219,1.225568,1
11220,0.749019,0
11221,9.469812,1
11222,0.792587,1
11223,0.139521,0
11224,10.949368,0
11225,9.946619,0
11226,1.667523,0
11227,0.210827,1
11228,2.751113,0
11229,3.467586,1
11230,0.704306,0
11231,9.277331,0
11232,10.198293,0
11233,9.08184,0
11234,9.874668,0
11235,0.831746,0
11236,0.23895,1
11237,1.767702,0
11238,11.073669,0
11239,0.078446,1
11240,0.145274,0
11241,0.088849,1
11242,0.046382,1
11243,9.469503,0
11244,9.753845,0
11245,10.577767,0
11246,0.154739,0
11247,0.130173,0
11248,0.058741,0
11249,9.344824,0
11250,0.046212,0
11251,9.718937,0
11252,0.050359,1
11253,0.376809,1
11254,1.28259,0
11255,11.284139,0
11256,0.125166,0
11257,0.178439,1
11258,2.741887,1
11259,3.358199,0
11260,0.138128,0
11261,0.346965,0
11262,9.00214,0
11263,1.69768,1
11264,0.335387,1
11265,0.141216,1
11266,9.895759,1
11267,1.84722,0
11268,1.450495,1
11269,8.552165,1
11270,2.119768,0
11271,0.057566,0
11272,0.381428,1
11273,2.772474,1
11274,0.630415,0
11275,3.438776,1
11276,0.934521,0
11277,1.757571,0
11278,2.673645,1
11279,0.084371,0
11280,0.238079,1
11281,0.104335,0
11282,10.517108,0
11283,0.106943,0
11284,0.270448,1
11285,2.802435,0
11286,0.121084,0
11287,0.213643,1
11288,0.18335,1
11289,0.19928,1
11290,0.078941,1
11291,2.694032,1
11292,10.009113,0
11293,3.712571,0
11294,10.931743,1
11295,9.552418,1
11296,1.796355,0
11297,10.0348,0
11298,8.679234,0
11299,8.376822,0
11300,4.8484,1
11301,3.786444,1
11302,1.143002,0
11303,10.19175,0
11304,2.127397,1
11305,2.325299,1
11306,0.074288,1
11307,0.807228,1
11308,0.44258,1
11309,0.047832,0
11310,10.086956,0
11311,0.116579,1
11312,10.10283,0
11313,0.670129,0
11314,8.682007,0
11315,0.325122,0
11316,9.641103,1
11317,0.102867,1
11318,0.271539,0
11319,0.791789,0
11320,2.875902,0
11321,0.079024,1
11322,4.986864,1
11323,0.370153,0
11324,0.93771,0
11325,0.750632,0
11326,0.324665,0
11327,10.292624,0
11328,0.194369,1
11329,0.064944,0
11330,4.318677,1
11331,2.580958,1
11332,0.100013,1
11333,0.104459,0
11334,10.52227,1
11335,0.228781,0
11336,0.453887,1
11337,0.279951,0
11338,2.885147,1
11339,0.107266,0
11340,3.532498,0
11341,0.134602,1
11342,9.444801,0
11343,10.122131,0
11344,10.098881,0
11345,2.487216,0
11346,9.693503,0
11347,2.437752,1
11348,1.729474,0
11349,0.61781,0
11350,2.268278,0
11351,2.551052,0
11352,3.021143,1
11353,8.650686,0
11354,3.146667,1
11355,3.398281,1
11356,2.380487,1
11357,10.152385,0
11358,0.254713,0
11359,3.046061,1
11360,8.641771,0
11361,0.211358,0
11362,4.572073,0
11363,0.458022,0
11364,8.486584,0
11365,3.183932,0
11366,1.760667,1
11367,3.088131,1
11368,0.836242,1
11369,1.647571,0
11370,8.550488,0
11371,4.746809,0
11372,1.315742,0
11373,9.795765,1
11374,3.53248,0
11375,0.804288,0
11376,1.830585,0
11377,1.067503,0
11378,1.428187,0
11379,0.258586,1
11380,0.094991,1
11381,9.786061,0
11382,1.732077,1
11383,9.77062,0
11384,10.149717,0
11385,0.890256,0
11386,2.439818,0
11387,10.536205,1
11388,0.996668,0
11389,1.253366,0
11390,10.138444,1
11391,0.266396,0
11392,3.073438,1
11393,0.163178,0
11394,2.173258,1
11395,0.156461,1
11396,1.490817,0
11397,0.44932,0
11398,9.518357,0
11399,2.594896,1
11400,0.146979,1
11401,0.264146,0
11402,4.110166,1
11403,0.210308,1
11404,9.376797,1
11405,1.624887,0
11406,0.114518,1
11407,1.203207,0
11408,0.754942,0
11409,4.026086,0
11410,2.386631,0
11411,0.197217,1
11412,1.418861,0
11413,0.713649,0
11414,9.154799,1
11415,2.850491,1
11416,0.248613,1
11417,0.145999,1
11418,2.065464,0
11419,1.796422,1
11420,0.123218,1
11421,1.992354,0
11422,0.202104,0
11423,0.407643,1
11424,0.190461,1
11425,9.562598,0
11426,0.395801,0
11427,3.008723,0
11428,0.299854,1
11429,0.362847,1
11430,0.335341,0
11431,10.841211,0
11432,3.588156,1
11433,9.82103,0
11434,0.06541,1
11435,3.192443,1
11436,3.222994,1
11437,0.109332,0
11438,0.777096,1
11439,0.138769,1
11440,2.408777,0
11441,8.109018,0
11442,2.312926,1
11443,0.078259,1
11444,0.251616,1
11445,2.931892,1
11446,10.504415,0
11447,1.638546,1
11448,0.27407,0
11449,0.845024,0
11450,0.234953,1
11451,2.129631,0
11452,1.803154,0
11453,9.433115,0
11454,0.193722,1
11455,2.274036,1
11456,9.195662,0
11457,1.455741,0
11458,0.926913,0
11459,0.524797,1
11460,0.405947,0
11461,0.512536,1
11462,0.09086,1
11463,8.774236,1
11464,0.124244,0
11465,0.128471,1
11466,0.56489,0
11467,1.335131,0
11468,4.24827,1
11469,0.201619,1
11470,0.279976,0
11471,10.094029,0
11472,1.553569,0
11473,1.928564,1
11474,1.869553,1
11475,9.333153,0
11476,0.12413,1
11477,0.06549,0
11478,9.234284,0
11479,9.152508,1
11480,0.070662,0
11481,10.226773,0
11482,1.648208,0
11483,0.32704,0
11484,0.48635,0
11485,0.88449,1
11486,2.526771,1
11487,0.094427,0
11488,3.307096,1
11489,0.247082,1
11490,9.303281,0
11491,4.043378,1
11492,10.798927,0
11493,11.217444,0
11494,9.169148,0
11495,0.106467,1
11496,1.430283,0
11497,0.056912,0
11498,0.08395,0
11499,1.712214,1
11500,0.129726,0
11501,9.066852,0
11502,0.109578,0
11503,0.095795,1
11504,0.340515,0
11505,0.103282,0
11506,0.141453,1
11507,0.188397,0
11508,8.651227,0
11509,2.946234,1
11510,10.366178,0
11511,8.670976,1
11512,1.417066,0
11513,8.893116,0
11514,0.05185,0
11515,10.281732,1
11516,10.497974,0
11517,2.540607,0
11518,0.047957,0
11519,1.63195,1
11520,1.123255,0
11521,0.115324,0
11522,0.10191,1
11523,1.872946,1
11524,3.23752,1
11525,0.065604,1
11526,2.148191,1
11527,0.269205,0
11528,0.300248,0
11529,0.121951,0
11530,9.99653,0
11531,0.239999,0
11532,0.067618,1
11533,0.219869,1
11534,8.776624,0
11535,0.409586,0
11536,9.214168,1
11537,1.616667,0
11538,9.287079,0
11539,2.244268,1
11540,0.090649,0
11541,1.225282,1
11542,0.567206,0
11543,3.624903,1
11544,1.816728,1
11545,0.111028,0
11546,1.778741,1
11547,3.433594,1
11548,10.400626,1
11549,8.539845,0
11550,0.067712,1
11551,0.12542,1
11552,0.046726,1
11553,0.067573,1
11554,4.146015,1
11555,0.237089,0
11556,0.424474,1
11557,10.162507,0
11558,3.34218,1
11559,0.524819,0
11560,0.817358,1
11561,9.353152,1
11562,0.420935,0
11563,0.127688,0
11564,0.420744,0
11565,0.148304,0
11566,9.40828,0
11567,2.92242,0
11568,1.60619,0
11569,0.139682,0
11570,0.130339,1
11571,9.088471,0
11572,2.061271,0
11573,0.121021,1
11574,0.606261,0
11575,10.189645,0
11576,1.627717,0
11577,0.926398,0
11578,2.854005,1
11579,0.253248,0
11580,1.711193,0
11581,8.657626,1
11582,3.166854,1
11583,2.234265,1
11584,0.492556,0
11585,0.319012,1
11586,2.288682,0
11587,1.412022,0
11588,0.292565,0
11589,0.09158,1
11590,0.167017,1
11591,9.225609,0
11592,0.146846,1
11593,0.185878,0
11594,2.692628,1
11595,8.771196,0
11596,3.9863,1
11597,2.366837,1
11598,0.861407,1
11599,9.613436,1
11600,2.551775,0
11601,3.503443,1
11602,8.702208,1
11603,9.198094,1
11604,1.514708,0
11605,9.097812,1
11606,0.342072,1
11607,0.512933,0
11608,10.155047,0
11609,0.107376,1
11610,2.585477,1
11611,0.075284,1
11612,2.245604,0
11613,1.629632,0
11614,10.153332,0
11615,4.165079,1
11616,8.70083,0
11617,0.282417,1
11618,4.635902,1
11619,10.185622,0
11620,4.335224,1
11621,10.093135,0
11622,2.226762,0
11623,1.593224,1
11624,1.235636,1
11625,2.125965,0
11626,1.031064,0
11627,8.946374,0
11628,0.327966,1
11629,0.12632,0
11630,0.153161,1
11631,0.111971,1
11632,3.031237,0
11633,0.552609,0
11634,9.763289,0
11635,10.490904,0
11636,10.537871,0
11637,0.229424,1
11638,0.187849,1
11639,1.30129,0
11640,3.043196,1
11641,3.736763,1
11642,10.547965,0
11643,0.055789,1
11644,1.003688,0
11645,8.969262,0
11646,0.548279,0
11647,8.782511,0
11648,2.322536,1
11649,1.367455,0
11650,0.093446,0
11651,1.957559,0
11652,0.876007,0
11653,11.400563,0
11654,0.114482,1
11655,1.837572,0
11656,0.587053,0
11657,2.516723,1
11658,0.279754,0
11659,9.028611,0
11660,0.260028,0
11661,1.070998,0
11662,2.222795,0
11663,0.365775,1
11664,9.183593,0
11665,3.396733,1
11666,0.441857,1
11667,3.715182,0
11668,2.570833,0
11669,0.107028,0
11670,2.434279,1
11671,2.135357,1
11672,0.081117,1
11673,0.28017,1
11674,0.110318,1
11675,0.389834,1
11676,0.088421,0
11677,0.886033,0
11678,8.905396,0
11679,3.632809,1
11680,0.231397,1
11681,10.224381,0
11682,2.489676,0
11683,0.147169,0
11684,2.723,1
11685,0.212691,1
11686,9.17908,0
11687,1.1062,1
11688,0.152266,1
11689,0.090797,0
11690,10.224617,0
11691,4.415398,1
11692,10.44704,0
11693,3.641112,1
11694,2.123192,0
11695,1.164269,1
11696,1.773356,0
11697,0.287477,0
11698,1.613251,1
11699,2.821786,1
11700,0.114301,1
11701,0.046983,1
11702,2.770816,1
11703,1.415559,0
11704,8.585854,0
11705,0.086856,0
11706,2.310008,1
11707,0.962022,0
11708,2.458628,1
11709,0.272928,1
11710,10.262322,1
11711,1.900005,1
11712,1.319072,0
11713,9.154075,1
11714,0.072102,1
11715,0.122537,1
11716,2.210243,0
11717,2.031996,1
11718,0.206012,1
11719,2.815542,1
11720,0.332351,1
11721,2.939106,1
11722,9.183332,1
11723,0.182625,1
11724,3.557782,1
11725,0.09475,1
11726,10.972999,0
11727,9.695896,0
11728,10.604983,0
11729,0.506227,0
11730,0.28676,0
11731,2.10448,0
11732,0.301456,1
11733,1.146905,0
11734,0.954359,0
11735,1.38685,0
11736,11.554317,0
11737,4.123286,1
11738,0.968274,0
11739,0.251322,0
11740,0.243638,0
11741,3.123398,1
11742,1.657274,0
11743,2.273788,1
11744,0.187163,0
11745,0.295011,1
11746,9.928101,1
11747,10.494283,0
11748,0.595333,0
11749,1.892588,1
11750,0.161333,1
11751,2.149769,1
11752,0.899875,0
11753,1.301848,0
11754,0.256434,0
11755,9.620653,0
11756,0.204115,1
11757,0.095792,1
11758,0.128215,0
11759,0.379382,1
11760,3.674056,1
11761,9.711397,0
11762,0.0922,0
11763,0.125669,1
11764,0.130356,1
11765,0.131155,0
11766,0.254252,0
11767,2.092844,0
11768,1.435362,1
11769,0.058403,1
11770,1.837916,1
11771,0.227489,0
11772,8.306998,0
11773,3.37363,1
11774,0.099003,1
11775,2.713784,1
11776,0.56353,0
11777,0.141887,1
11778,0.61981,0
11779,0.361888,1
11780,0.068583,1
11781,3.238315,1
11782,1.206553,0
11783,2.48771,1
11784,2.162325,0
11785,0.174907,1
11786,0.361681,0
11787,0.303944,0
11788,0.159795,0
11789,0.056174,1
11790,0.139585,1
11791,1.395934,1
11792,0.090146,1
11793,0.356413,1
11794,1.745404,0
11795,0.180785,1
11796,1.767848,1
11797,0.081191,1
11798,0.585748,1
11799,9.872372,0
11800,0.083438,1
11801,2.451254,1
11802,0.358823,0
11803,2.13301,1
11804,0.652796,0
11805,0.109839,0
11806,9.064047,0
11807,9.648994,1
11808,2.763226,1
11809,10.92697,0
11810,2.747479,1
11811,3.374551,1
11812,5.131367,1
11813,3.921787,0
11814,2.745931,0
11815,9.781074,0
11816,1.545746,1
11817,10.114249,0
11818,9.172638,1
11819,9.847361,1
11820,1.564036,0
11821,0.066941,1
11822,0.075181,1
11823,2.852638,1
11824,9.472724,0
11825,2.902936,1
11826,10.808946,0
11827,1.585644,1
11828,10.654534,0
11829,2.537963,1
11830,3.73739,1
11831,9.234196,0
11832,8.938535,1
11833,2.201181,0
11834,8.821715,0
11835,2.075927,0
11836,0.247065,0
11837,2.79678,0
11838,0.785159,0
11839,1.38291,0
11840,2.908113,1
11841,0.706841,0
11842,0.131512,0
11843,1.976209,0
11844,8.836504,0
11845,11.245928,0
11846,9.598437,0
11847,3.330921,1
11848,1.234193,0
11849,2.025602,1
11850,0.145394,0
11851,0.931726,0
11852,0.145134,0
11853,10.402514,0
11854,9.140738,0
11855,9.511432,0
11856,0.211101,1
11857,0.189567,1
11858,8.822553,0
11859,3.100351,1
11860,8.674443,0
11861,2.853306,0
11862,3.655117,1
11863,0.169897,1
11864,3.741049,1
11865,0.445629,1
11866,2.247072,0
11867,0.113119,0
11868,0.312992,1
11869,0.816402,1
11870,9.200438,0
11871,0.287752,1
11872,10.181336,0
11873,9.831536,0
11874,2.380302,0
11875,3.108652,1
11876,4.238566,1
11877,2.05476,0
11878,9.666828,1
11879,2.578082,1
11880,3.147878,1
11881,3.034996,1
11882,9.741385,0
11883,0.190887,0
11884,9.366177,0
11885,0.536124,0
11886,3.09923,0
11887,3.203968,0
11888,0.121676,0
11889,1.352733,0
11890,3.604053,1
11891,9.743403,0
11892,9.633392,0
11893,0.088006,1
11894,5.66692,1
11895,2.115707,0
11896,3.865629,1
11897,2.877696,1
11898,3.966002,1
11899,2.17954,1
11900,0.117077,0
11901,0.108144,0
11902,9.249984,0
11903,2.12923,1
11904,9.775637,0
11905,0.21806,1
11906,0.115979,1
11907,2.483595,0
11908,9.013067,1
11909,1.286054,0
11910,2.77365,1
11911,0.150224,1
11912,2.824332,1
11913,2.728946,1
11914,0.08686,1
11915,2.149806,0
11916,1.844187,0
11917,2.517701,1
11918,1.787207,0
11919,0.257939,0
11920,2.716943,1
11921,3.317425,1
11922,9.524288,0
11923,1.295822,0
11924,0.243314,0
11925,8.794891,0
11926,0.259672,0
11927,0.563675,0
11928,9.211447,0
11929,9.961889,0
11930,0.16326,0
11931,0.035727,0
11932,1.178766,1
11933,1.663821,1
11934,1.832713,1
11935,1.711258,0
11936,11.150743,0
11937,9.53414,1
11938,0.971183,1
11939,1.377129,1
11940,9.921015,0
11941,0.071274,1
11942,2.154663,1
11943,2.456971,1
11944,0.109199,1
11945,9.831369,0
11946,9.821441,1
11947,0.667272,0
11948,1.207001,0
11949,9.910768,0
11950,1.580342,0
11951,9.657977,0
11952,1.452901,0
11953,0.255091,1
11954,0.173196,1
11955,0.181222,1
11956,3.927708,1
11957,0.22368,0
11958,0.204531,0
11959,0.135861,1
11960,0.154704,1
11961,0.386421,1
11962,0.359195,1
11963,2.241687,1
11964,1.950206,1
11965,3.472475,1
11966,0.084191,0
11967,1.140764,0
11968,1.092907,0
11969,9.733952,0
11970,0.104081,1
11971,9.340489,0
11972,10.71533,0
11973,0.091627,0
11974,2.224285,1
11975,1.100851,0
11976,9.302497,0
11977,5.097738,1
11978,10.024326,1
11979,0.337443,1
11980,9.143612,0
11981,9.712346,0
11982,2.638071,1
11983,10.022713,0
11984,1.115305,0
11985,9.797101,1
11986,2.80978,1
11987,9.700882,1
11988,0.351488,0
11989,0.098272,0
11990,0.112753,1
11991,1.227546,1
11992,3.586264,1
11993,1.812416,0
11994,2.307444,0
11995,0.474243,1
11996,0.174187,1
11997,0.196875,0
11998,0.389843,1
11999,0.081957,0
12000,0.126106,0
12001,0.203927,1
12002,0.199735,1
12003,0.066093,0
12004,0.169555,0
12005,1.739075,1
12006,0.073442,1
12007,10.474096,0
12008,0.028802,1
12009,1.472539,1
12010,10.080764,0
12011,0.081211,1
12012,1.986485,1
12013,9.907054,0
12014,3.344058,1
12015,0.098786,0
12016,10.460629,0
12017,0.251778,1
12018,1.120435,1
12019,0.140037,1
12020,0.850459,1
12021,0.037795,1
12022,9.248745,0
12023,2.267888,0
12024,9.088989,0
12025,2.211219,1
12026,0.118192,0
12027,2.773104,0
12028,8.672746,0
12029,9.639408,0
12030,0.057727,1
12031,3.191407,1
12032,0.084982,1
12033,10.660913,0
12034,10.654076,0
12035,1.583524,0
12036,4.008008,1
12037,2.420924,0
12038,10.38361,0
12039,1.724226,0
12040,2.209937,0
12041,0.068616,1
12042,3.367709,1
12043,3.408212,0
12044,0.382893,1
12045,0.967132,0
12046,0.57861,1
12047,8.695844,0
12048,1.425075,0
12049,2.279351,1
12050,9.334803,0
12051,0.254174,1
12052,0.604997,1
12053,0.101516,1
12054,3.74602,1
12055,9.009501,0
12056,3.021669,1
12057,1.813492,0
12058,0.087177,0
12059,8.869196,0
12060,9.6163,1
12061,1.173048,0
12062,10.447013,0
12063,9.35483,0
12064,0.06589,1
12065,3.623015,1
12066,1.36705,0
12067,2.610268,0
12068,10.158924,0
12069,2.354233,1
12070,9.715172,0
12071,1.414085,0
12072,0.104638,1
12073,0.128992,0
12074,0.964413,0
12075,0.08689,1
12076,1.137117,1
12077,0.518639,1
12078,9.118709,0
12079,2.340283,0
12080,1.100801,0
12081,9.232187,0
12082,1.401822,1
12083,2.558048,0
12084,1.689058,0
12085,9.266978,0
12086,0.201176,0
12087,0.128237,1
12088,0.102539,0
12089,10.275673,0
12090,2.524149,1
12091,9.274986,0
12092,1.012318,0
12093,1.24862,0
12094,3.477761,1
12095,0.311863,0
12096,0.183269,0
12097,1.13342,1
12098,2.065954,0
12099,0.082244,1
12100,9.927432,1
12101,0.176087,0
12102,0.188822,1
12103,2.558002,0
12104,3.476659,1
12105,0.113864,1
12106,3.561102,1
12107,11.062974,0
12108,0.068633,1
12109,8.668221,0
12110,1.669261,0
12111,2.18819,1
12112,0.085505,1
12113,0.134409,1
12114,2.510688,0
12115,9.275466,1
12116,1.277017,1
12117,1.942098,1
12118,0.191951,1
12119,0.377096,1
12120,1.216492,1
12121,4.461297,0
12122,0.286646,1
12123,3.368315,1
12124,9.763986,1
12125,0.36403,0
12126,2.077966,0
12127,0.066422,1
12128,1.616218,1
12129,10.349681,0
12130,9.460228,0
12131,1.38929,0
12132,2.69972,1
12133,9.831295,0
12134,2.034526,1
12135,0.239095,1
12136,1.295774,0
12137,4.769659,0
12138,1.46387,0
12139,0.976667,0
12140,1.777443,0
12141,0.427964,1
12142,9.207606,0
12143,2.268692,1
12144,2.532536,0
12145,9.397041,1
12146,1.980355,0
12147,0.257473,1
12148,2.193052,1
12149,0.066952,1
12150,0.179548,0
12151,4.820696,1
12152,1.704486,0
12153,0.281606,0
12154,3.124828,0
12155,2.391909,0
12156,0.335963,1
12157,1.731342,1
12158,8.913132,0
12159,0.16549,1
12160,0.446288,1
12161,0.263608,0
12162,2.730285,1
12163,4.067521,0
12164,0.034545,1
12165,3.677684,1
12166,3.002422,0
12167,9.565802,0
12168,0.304851,0
12169,10.300451,0
12170,0.107123,1
12171,0.640925,1
12172,8.044474,1
12173,1.10267,0
12174,4.946876,1
12175,0.236236,1
12176,0.758306,0
12177,1.82849,1
12178,0.078263,1
12179,0.132307,1
12180,0.087566,0
12181,1.471849,0
12182,4.031421,0
12183,8.82075,0
12184,1.436506,0
12185,10.419616,0
12186,3.198274,1
12187,8.929491,0
12188,0.646669,1
12189,9.686961,0
12190,8.480633,0
12191,9.664334,0
12192,2.585835,0
12193,0.061517,0
12194,0.179622,0
12195,0.088643,0
12196,8.583614,1
12197,0.054551,1
12198,0.207837,1
12199,0.604347,1
12200,2.238337,0
12201,10.560451,0
12202,5.513645,1
12203,0.088069,0
12204,0.218478,1
12205,0.578467,1
12206,0.441432,1
12207,9.212839,0
12208,0.207649,1
12209,3.699112,1
12210,0.442139,0
12211,1.189252,1
12212,2.587344,0
12213,0.144116,1
12214,9.377139,0
12215,1.28008,1
12216,4.340038,1
12217,1.310022,0
12218,1.020877,1
12219,3.367993,1
12220,4.600394,1
12221,10.248843,0
12222,1.444833,0
12223,0.185285,0
12224,9.092423,0
12225,0.061139,1
12226,0.174918,0
12227,0.092119,0
12228,2.728166,0
12229,1.991377,1
12230,0.264727,1
12231,10.359366,1
12232,9.855083,0
12233,10.160674,0
12234,3.277104,0
12235,1.643937,0
12236,10.026274,1
12237,1.599053,0
12238,0.15944,1
12239,2.52892,0
12240,8.595399,0
12241,10.279919,0
12242,0.140268,0
12243,0.114204,0
12244,0.226666,1
12245,2.767267,1
12246,0.206283,1
12247,0.13336,1
12248,0.099602,0
12249,9.798258,0
12250,0.099466,0
12251,0.21057,1
12252,0.035845,1
12253,0.127512,0
12254,0.329307,0
12255,1.500377,1
12256,0.842523,0
12257,8.359138,1
12258,1.766546,1
12259,0.097184,0
12260,10.269003,0
12261,1.973246,1
12262,1.362178,0
12263,0.653539,0
12264,2.42025,0
12265,3.212408,1
12266,0.125208,0
12267,1.659318,1
12268,3.597203,1
12269,8.567305,0
12270,0.610043,0
12271,9.416006,0
12272,2.12053,0
12273,3.953425,1
12274,0.439451,1
12275,9.151767,0
12276,0.128568,1
12277,0.056918,0
12278,0.477717,0
12279,2.190919,0
12280,3.578279,1
12281,1.871259,1
12282,10.10393,1
12283,1.382695,1
12284,2.65734,1
12285,0.078223,1
12286,2.225556,0
12287,1.940887,1
12288,9.384084,0
12289,0.199966,1
12290,1.149892,0
12291,0.096164,1
12292,0.973445,0
12293,0.284277,1
12294,0.418804,1
12295,2.71984,1
12296,8.211689,0
12297,3.50048,1
12298,3.309,1
12299,9.899504,0
12300,8.108087,1
12301,1.356909,0
12302,1.981476,0
12303,9.794032,0
12304,9.187761,1
12305,0.075089,1
12306,0.167462,0
12307,0.126337,0
12308,1.154187,0
12309,0.237532,1
12310,0.379584,0
12311,0.252512,1
12312,1.082175,1
12313,2.907471,1
12314,4.034594,1
12315,10.273452,0
12316,7.583988,1
12317,3.444772,0
12318,1.866233,0
12319,0.931436,1
12320,10.635571,0
12321,0.110696,0
12322,1.828186,1
12323,10.649925,0
12324,0.23599,1
12325,2.484199,1
12326,8.941477,1
12327,3.234497,0
12328,10.30802,1
12329,8.716298,0
12330,10.233745,0
12331,2.982075,0
12332,0.572293,1
12333,0.048928,1
12334,1.177871,0
12335,1.873527,0
12336,1.380326,1
12337,4.254043,1
12338,1.358938,0
12339,9.298813,0
12340,5.102201,1
12341,0.094106,1
12342,1.977648,1
12343,0.202416,1
12344,3.111266,1
12345,0.186131,1
12346,1.82987,0
12347,0.226721,1
12348,0.125555,0
12349,0.210519,1
12350,0.071857,1
12351,0.159115,1
12352,0.388596,0
12353,0.087092,1
12354,2.524137,1
12355,0.100168,1
12356,2.34264,1
12357,0.149706,1
12358,0.267094,1
12359,3.041797,1
12360,0.10607,0
12361,8.902468,0
12362,1.671655,0
12363,8.103598,0
12364,1.364582,1
12365,1.75545,1
12366,10.105762,1
12367,9.447359,1
12368,0.21397,0
12369,3.277966,1
12370,2.602479,1
12371,8.085466,0
12372,1.033445,0
12373,2.280618,1
12374,2.45833,0
12375,0.048635,0
12376,0.071123,0
12377,9.182003,0
12378,8.568398,0
12379,10.112974,0
12380,0.150292,1
12381,9.929969,1
12382,9.523348,0
12383,2.34863,1
12384,0.238231,1
12385,0.186647,0
12386,1.343944,1
12387,1.18201,0
12388,0.855259,0
12389,0.385421,1
12390,0.144339,0
12391,0.700751,0
12392,0.932859,1
12393,1.949625,1
12394,0.201678,1
12395,2.292224,0
12396,0.135178,1
12397,0.092587,0
12398,0.459519,1
12399,3.886173,1
12400,0.404781,1
12401,0.100093,1
12402,2.331403,1
12403,1.056378,0
12404,9.744507,0
12405,9.916537,0
12406,2.461631,0
12407,0.110064,0
12408,0.395126,1
12409,0.104929,1
12410,3.725224,1
12411,2.511441,1
12412,0.647299,0
12413,1.321675,0
12414,0.152241,0
12415,1.078513,0
12416,3.175584,1
12417,9.827327,0
12418,0.057481,0
12419,1.692476,1
12420,3.216518,1
12421,2.195569,0
12422,10.068773,0
12423,10.401504,1
12424,3.334553,1
12425,9.368265,0
12426,2.187526,1
12427,0.048633,0
12428,0.461337,0
12429,0.048498,0
12430,2.429383,1
12431,1.27088,0
12432,9.286523,0
12433,0.145236,1
12434,3.811964,1
12435,2.057621,0
12436,0.816251,0
12437,0.101287,1
12438,1.799129,0
12439,9.970458,0
12440,0.135124,1
12441,0.139728,0
12442,2.839789,0
12443,3.941242,1
12444,9.627049,0
12445,0.179835,0
12446,10.358029,0
12447,2.386937,0
12448,2.695046,1
12449,0.314609,1
12450,4.433215,1
12451,9.263658,0
12452,9.205297,1
12453,0.592938,0
12454,0.149944,0
12455,0.267157,1
12456,4.744988,0
12457,0.20551,0
12458,0.143702,0
12459,10.783806,0
12460,0.189003,0
12461,1.374677,0
12462,0.087739,0
12463,2.201791,0
12464,8.727634,1
12465,9.893378,0
12466,1.297791,0
12467,9.794717,0
12468,9.389552,0
12469,0.236624,1
12470,3.329627,1
12471,0.073999,1
12472,2.027832,0
12473,10.225947,0
12474,2.362818,1
12475,0.628891,1
12476,10.130417,0
12477,2.995327,1
12478,1.221252,0
12479,9.646805,1
12480,0.273214,0
12481,2.778661,1
12482,1.212222,1
12483,1.464605,0
12484,10.142587,0
12485,0.304142,1
12486,10.081593,1
12487,0.635318,1
12488,1.734934,0
12489,0.721572,0
12490,10.039147,0
12491,0.31679,1
12492,2.027378,0
12493,0.230213,1
12494,1.05723,0
12495,0.344099,0
12496,3.368577,1
12497,0.709404,0
12498,1.50992,1
12499,0.403921,0
12500,1.429205,0
12501,3.372677,1
12502,2.941078,1
12503,9.069211,0
12504,1.112534,0
12505,1.14645,1
12506,8.808053,0
12507,0.262363,1
12508,8.720691,0
12509,9.348394,0
12510,3.207026,0
12511,1.314539,0
12512,10.512687,0
12513,2.387156,1
12514,9.05687,0
12515,0.392929,1
12516,1.665483,1
12517,2.090532,0
12518,10.480005,1
12519,10.551368,1
12520,1.098692,0
12521,3.865997,1
12522,3.577164,1
12523,0.896041,0
12524,10.415407,1
12525,0.858434,1
12526,0.690601,1
12527,10.09335,1
12528,2.430067,0
12529,0.363337,0
12530,1.788322,0
12531,1.329917,0
12532,1.68814,0
12533,1.085484,1
12534,0.956802,1
12535,10.03433,0
12536,0.067453,1
12537,0.074618,1
12538,0.253996,1
12539,0.059475,1
12540,0.066143,1
12541,8.122227,0
12542,3.274677,0
12543,1.235544,1
12544,1.734036,0
12545,0.191372,1
12546,5.177071,1
12547,0.142626,1
12548,9.426492,0
12549,9.930524,0
12550,1.781066,1
12551,0.343711,1
12552,0.327579,0
12553,0.706556,0
12554,0.030102,1
12555,0.267745,1
12556,1.196833,0
12557,0.810049,1
12558,2.650532,1
12559,8.517736,0
12560,0.165085,0
12561,9.082608,0
12562,3.345678,1
12563,1.585315,0
12564,1.374014,0
12565,5.296265,1
12566,0.079882,1
12567,10.47163,1
12568,9.596356,0
12569,1.438316,0
12570,10.031417,0
12571,0.335547,0
12572,0.291036,0
12573,0.281534,0
12574,1.745574,0
12575,0.354453,1
12576,1.436475,1
12577,3.693094,1
12578,3.714957,1
12579,0.976832,0
12580,3.783963,1
12581,0.079215,0
12582,2.830234,1
12583,0.375354,0
12584,0.203463,0
12585,0.625417,0
12586,1.473537,1
12587,0.699104,1
12588,3.143314,0
12589,0.051015,0
12590,11.038786,0
12591,2.18482,0
12592,0.950294,0
12593,2.00838,0
12594,0.211001,1
12595,0.085486,1
12596,9.878635,0
12597,0.147361,1
12598,9.007854,0
12599,1.860475,0
12600,8.850044,0
12601,3.984852,1
12602,8.37108,1
12603,9.637015,1
12604,2.446209,0
12605,2.455336,0
12606,10.440518,0
12607,0.069346,0
12608,1.262214,1
12609,0.099494,0
12610,0.343111,1
12611,1.539848,0
12612,9.040998,1
12613,8.97764,0
12614,0.147331,0
12615,9.120047,0
12616,0.28148,1
12617,0.100059,0
12618,1.361547,0
12619,2.065258,1
12620,0.16715,0
12621,0.083158,1
12622,3.731847,1
12623,4.571336,1
12624,2.485286,1
12625,2.998808,0
12626,0.155239,0
12627,0.179016,1
12628,0.621111,1
12629,0.065581,1
12630,8.94845,1
12631,10.37658,0
12632,0.151534,1
12633,2.588372,0
12634,2.121168,0
12635,2.594249,0
12636,0.176765,1
12637,2.864795,0
12638,0.142371,0
12639,1.007317,1
12640,0.316688,0
12641,9.703274,0
12642,2.127057,0
12643,2.204722,0
12644,1.25839,0
12645,0.348638,1
12646,1.069302,1
12647,0.088233,1
12648,9.699539,1
12649,10.180668,0
12650,0.774112,1
12651,2.628883,0
12652,2.151699,1
12653,0.18473,0
12654,3.771567,1
12655,0.961556,1
12656,0.149517,1
12657,0.234604,1
12658,0.752085,1
12659,9.136878,0
12660,0.165235,1
12661,2.596957,0
12662,9.442688,1
12663,0.06887,0
12664,2.181023,1
12665,11.02179,0
12666,0.11041,0
12667,4.041538,1
12668,9.883088,0
12669,1.398537,0
12670,4.030865,1
12671,10.841276,1
12672,0.043877,0
12673,2.048615,0
12674,4.35356,1
12675,1.795858,0
12676,8.846851,1
12677,0.883535,0
12678,2.756331,1
12679,1.34296,0
12680,1.657102,0
12681,10.282109,0
12682,0.84441,0
12683,3.26518,1
12684,10.116446,0
12685,10.028976,1
12686,1.506739,0
12687,2.239045,0
12688,9.206522,0
12689,1.229465,1
12690,2.026457,0
12691,0.055357,1
12692,0.33056,1
12693,1.496649,0
12694,0.161527,1
12695,0.314082,1
12696,9.277372,1
12697,10.220057,0
12698,0.178871,1
12699,0.150352,1
12700,0.985653,0
12701,1.223903,1
12702,2.370891,0
12703,1.935312,0
12704,0.645821,1
12705,4.60772,0
12706,9.072233,0
12707,0.05121,0
12708,0.39418,1
12709,1.913741,0
12710,10.15234,0
12711,8.468983,0
12712,11.129877,0
12713,9.239737,0
12714,0.096743,1
12715,0.434396,1
12716,1.642525,1
12717,1.946862,1
12718,0.105556,1
12719,0.040968,1
12720,1.353357,1
12721,2.276542,1
12722,9.570341,1
12723,9.60313,0
12724,0.628475,0
12725,1.673163,0
12726,10.148856,1
12727,8.714424,1
12728,0.168479,1
12729,8.790405,1
12730,2.352118,0
12731,0.174808,1
12732,9.909863,0
12733,0.19197,1
12734,10.181842,0
12735,1.751187,0
12736,1.123472,0
12737,0.073366,1
12738,9.656378,0
12739,10.069731,0
12740,9.099679,0
12741,0.117718,0
12742,1.975976,1
12743,2.789938,1
12744,9.087926,1
12745,10.558382,0
12746,0.210471,0
12747,2.263072,0
12748,0.154369,1
12749,10.585175,0
12750,0.149122,0
12751,0.069642,1
12752,1.549574,0
12753,0.055658,1
12754,2.933488,0
12755,2.352619,1
12756,9.925944,0
12757,3.085491,1
12758,0.402927,0
12759,9.069186,0
12760,0.08585,1
12761,0.089736,0
12762,0.218761,0
12763,2.556372,0
12764,0.819384,0
12765,2.990005,1
12766,1.344725,0
12767,3.938685,0
12768,1.431173,0
12769,0.090616,1
12770,4.343392,1
12771,9.838456,0
12772,1.37138,0
12773,10.222272,1
12774,0.268495,1
12775,1.188435,0
12776,0.399195,0
12777,1.953092,0
12778,0.206172,1
12779,2.959672,1
12780,3.738678,0
12781,2.017586,0
12782,2.124021,0
12783,3.009345,0
12784,0.171475,0
12785,0.445171,0
12786,9.473097,1
12787,0.77423,0
12788,2.6617,1
12789,0.290823,1
12790,9.72779,0
12791,8.897406,1
12792,0.163816,0
12793,0.983367,0
12794,10.240777,0
12795,0.300962,0
12796,10.856325,0
12797,0.12686,1
12798,2.286992,0
12799,9.12114,1
12800,0.118225,1
12801,9.816201,0
12802,1.479864,0
12803,1.91811,1
12804,9.802581,0
12805,9.811215,0
12806,9.279714,0
12807,0.435356,0
12808,1.455447,1
12809,0.825444,1
12810,0.18477,1
12811,4.103606,1
12812,1.197005,0
12813,0.117008,0
12814,0.097521,1
12815,0.134073,0
12816,10.490094,0
12817,9.819698,0
12818,8.020923,0
12819,8.778487,1
12820,0.06753,0
12821,1.129987,1
12822,0.540354,0
12823,0.259147,1
12824,10.182732,1
12825,1.496889,0
12826,1.174788,0
12827,0.263415,1
12828,0.153648,0
12829,2.217527,1
12830,10.509396,1
12831,9.184132,1
12832,2.170856,1
12833,0.330096,1
12834,9.487087,0
12835,10.674181,0
12836,9.26322,0
12837,1.493228,0
12838,2.646531,1
12839,0.110372,0
12840,0.619394,1
12841,2.710821,0
12842,9.112974,0
12843,8.69185,0
12844,8.762083,0
12845,10.728724,0
12846,0.088498,1
12847,4.177793,0
12848,9.36423,0
12849,0.924937,0
12850,1.995951,0
12851,0.23202,0
12852,10.088834,1
12853,8.979871,0
12854,2.165895,0
12855,0.358121,0
12856,0.413786,1
12857,10.230272,0
12858,2.670819,1
12859,9.601732,0
12860,8.615583,0
12861,1.155424,0
12862,9.527514,0
12863,0.44692,1
12864,0.847775,0
12865,2.254816,0
12866,0.0826,0
12867,0.105294,1
12868,0.549513,0
12869,2.508861,1
12870,0.10857,0
12871,2.765708,0
12872,0.320612,0
12873,9.822453,0
12874,0.122349,1
12875,0.21807,0
12876,4.259468,1
12877,8.714433,1
12878,0.145123,1
12879,0.121807,0
12880,9.13012,1
12881,2.426154,0
12882,0.069432,1
12883,0.131599,1
12884,0.131691,1
12885,2.669113,0
12886,0.462977,0
12887,0.973582,0
12888,0.135783,1
12889,0.073201,1
12890,2.75661,1
12891,9.599252,0
12892,10.300975,0
12893,0.107008,1
12894,0.981429,1
12895,2.527934,0
12896,2.073151,1
12897,0.655638,0
12898,0.045999,0
12899,2.795695,1
12900,4.54753,1
12901,2.339323,0
12902,0.23192,1
12903,4.168458,1
12904,0.909585,1
12905,0.301261,1
12906,0.270711,1
12907,0.970298,1
12908,0.087073,1
12909,1.07167,1
12910,0.213304,1
12911,8.536757,0
12912,3.186261,1
12913,2.727675,1
12914,10.039676,0
12915,9.470815,1
12916,0.675314,0
12917,10.148696,1
12918,1.629678,1
12919,2.36249,0
12920,2.085328,1
12921,0.160831,0
12922,0.065164,1
12923,0.402754,1
12924,0.08061,1
12925,0.074295,0
12926,2.926483,1
12927,0.177471,0
12928,0.283138,1
12929,0.646952,0
12930,8.331792,0
12931,9.464071,1
12932,0.121018,1
12933,9.560063,0
12934,9.057064,0
12935,0.86662,1
12936,3.090941,1
12937,0.105899,1
12938,3.474098,1
12939,10.7453,0
12940,4.460754,0
12941,0.129537,0
12942,9.328175,0
12943,3.219682,1
12944,11.478498,0
12945,1.377675,1
12946,0.083654,0
12947,2.322986,1
12948,9.781763,0
12949,0.265375,1
12950,9.148081,1
12951,10.429647,0
12952,9.821377,0
12953,0.268207,1
12954,2.336761,0
12955,1.004943,0
12956,10.642966,0
12957,3.230732,1
12958,0.161057,1
12959,0.524827,1
12960,0.058741,1
12961,3.22428,1
12962,0.102501,1
12963,9.370507,0
12964,2.445031,0
12965,0.571147,0
12966,3.394638,1
12967,0.149318,0
12968,0.197527,0
12969,0.203394,0
12970,10.262404,0
12971,9.074646,0
12972,0.495229,0
12973,1.461817,1
12974,4.266123,1
12975,0.253521,1
12976,3.840912,0
12977,8.856355,0
12978,0.425081,1
12979,9.266348,0
12980,0.1103,0
12981,10.967367,1
12982,0.8492,0
12983,1.862883,0
12984,10.726246,0
12985,3.431006,1
12986,1.100487,0
12987,0.108983,0
12988,0.054241,1
12989,0.752523,0
12990,1.497034,1
12991,0.069504,1
12992,1.359212,0
12993,0.092177,1
12994,9.54136,0
12995,3.477511,1
12996,0.041931,0
12997,0.124856,1
12998,2.149957,0
12999,3.028049,1
13000,2.61684,0
13001,0.096333,0
13002,1.838439,1
13003,0.164813,1
13004,3.007649,1
13005,2.910634,1
13006,0.152301,1
13007,10.087943,0
13008,0.055227,0
13009,0.13031,0
13010,0.193605,0
13011,1.493752,0
13012,0.49127,1
13013,9.614532,0
13014,2.67457,0
13015,0.315191,0
13016,2.25085,1
13017,0.982074,0
13018,0.061456,1
13019,3.58645,1
13020,9.717154,0
13021,4.136523,1
13022,1.552638,0
13023,1.779194,1
13024,2.884359,1
13025,1.253042,1
13026,0.110953,0
13027,0.61323,1
13028,0.433804,0
13029,0.084493,0
13030,8.727958,0
13031,1.468804,0
13032,0.111796,1
13033,2.598693,1
13034,1.28395,0
13035,0.128614,0
13036,0.137002,1
13037,0.330955,1
13038,2.955981,1
13039,0.091725,1
13040,9.343656,0
13041,2.655098,1
13042,0.18624,0
13043,0.4168,1
13044,2.298518,0
13045,4.431599,1
13046,9.376757,0
13047,2.091554,1
13048,0.060524,0
13049,0.105194,1
13050,0.47902,1
13051,9.498123,1
13052,0.063546,0
13053,9.519164,0
13054,9.016623,0
13055,2.128513,1
13056,0.174277,1
13057,2.780311,0
13058,1.776289,0
13059,1.032367,1
13060,9.687778,0
13061,1.309651,0
13062,3.242905,0
13063,9.46403,1
13064,0.071944,1
13065,1.797248,1
13066,1.513853,0
13067,2.748884,1
13068,10.429994,0
13069,2.565139,1
13070,0.283315,1
13071,0.220481,0
13072,2.213705,0
13073,0.120007,0
13074,3.10076,1
13075,1.137216,1
13076,0.241431,1
13077,0.110342,1
13078,9.72515,0
13079,3.897787,1
13080,0.107735,1
13081,1.023218,0
13082,0.053735,0
13083,0.205579,1
13084,1.696184,1
13085,9.115468,1
13086,1.82678,0
13087,1.004736,0
13088,10.314769,1
13089,10.228974,1
13090,0.157259,1
13091,0.380876,0
13092,3.187889,0
13093,0.505873,1
13094,2.159285,1
13095,8.73999,0
13096,3.475765,1
13097,9.993487,0
13098,9.447656,0
13099,9.487525,1
13100,2.972127,0
13101,10.66597,0
13102,10.018394,0
13103,0.140177,0
13104,0.214313,1
13105,0.307197,0
13106,0.078646,1
13107,2.444263,0
13108,2.099669,1
13109,1.148321,0
13110,0.392546,1
13111,10.708215,0
13112,0.502734,0
13113,1.930329,0
13114,10.789064,0
13115,9.979095,0
13116,0.428954,1
13117,0.074786,0
13118,9.669233,0
13119,0.867253,0
13120,0.290861,0
13121,10.324087,1
13122,0.264811,1
13123,10.20823,0
13124,1.897624,0
13125,0.097092,0
13126,9.732706,0
13127,10.522169,0
13128,0.84077,0
13129,1.980928,0
13130,0.345051,1
13131,0.163359,0
13132,0.244378,0
13133,2.746049,0
13134,3.921543,1
13135,4.870684,1
13136,0.090123,1
13137,8.465878,0
13138,11.123767,0
13139,2.143717,1
13140,0.462977,1
13141,0.113234,0
13142,9.45388,0
13143,8.813235,0
13144,2.747186,0
13145,9.418048,1
13146,9.308994,0
13147,8.654269,0
13148,0.092595,1
13149,0.302832,1
13150,3.039562,1
13151,0.270776,1
13152,2.053671,1
13153,2.28255,0
13154,1.04434,1
13155,0.329458,0
13156,10.021513,0
13157,2.434115,1
13158,0.294804,1
13159,9.845027,0
13160,1.450484,0
13161,1.801796,0
13162,0.321358,1
13163,2.653978,0
13164,0.564139,1
13165,0.236155,0
13166,0.146701,1
13167,10.73448,0
13168,0.131864,1
13169,2.751197,1
13170,0.6231,1
13171,0.122399,1
13172,9.118362,0
13173,1.129397,0
13174,0.175378,0
13175,1.160348,0
13176,1.70486,0
13177,10.034387,1
13178,0.273644,1
13179,3.326219,1
13180,0.585904,1
13181,9.573423,0
13182,8.448261,0
13183,1.911559,1
13184,0.364871,0
13185,3.773592,1
13186,3.505171,1
13187,10.24324,0
13188,2.096132,0
13189,0.135009,0
13190,9.44008,0
13191,10.195071,0
13192,9.378879,0
13193,0.059302,1
13194,0.387144,1
13195,0.477739,0
13196,0.166545,0
13197,0.12069,0
13198,2.05222,1
13199,1.24216,1
13200,10.43604,0
13201,0.140783,1
13202,0.114168,0
13203,0.10084,1
13204,4.005039,1
13205,10.047996,0
13206,1.880146,0
13207,1.940379,0
13208,3.077466,1
13209,1.328141,1
13210,0.737548,0
13211,0.335555,0
13212,1.972351,0
13213,2.753157,0
13214,3.924024,1
13215,0.679287,0
13216,9.844565,0
13217,10.136387,0
13218,1.785178,1
13219,0.238461,1
13220,0.093121,0
13221,0.202978,1
13222,9.733227,0
13223,0.310054,0
13224,1.24227,0
13225,1.06714,0
13226,1.128232,1
13227,0.182086,1
13228,10.245672,0
13229,0.026131,0
13230,3.156424,1
13231,0.206717,0
13232,10.107131,0
13233,1.644068,0
13234,1.470191,0
13235,2.116698,0
13236,2.948638,1
13237,0.076683,1
13238,0.699727,1
13239,1.433365,0
13240,0.188783,1
13241,1.234697,1
13242,1.429655,0
13243,1.840055,0
13244,10.17128,0
13245,2.371473,1
13246,11.170331,0
13247,7.786736,1
13248,9.766261,0
13249,4.595961,1
13250,2.906928,1
13251,0.127989,1
13252,0.150339,1
13253,10.986844,1
13254,4.042447,1
13255,10.169687,0
13256,0.088278,1
13257,1.017872,0
13258,8.486035,1
13259,0.133316,0
13260,9.686952,1
13261,9.168973,0
13262,0.346606,1
13263,8.34645,0
13264,1.650341,0
13265,0.224615,0
13266,0.832149,0
13267,0.174342,1
13268,2.255271,0
13269,9.121307,0
13270,1.987036,1
13271,0.141526,1
13272,1.02222,0
13273,9.797995,0
13274,7.960107,0
13275,0.635144,1
13276,1.224756,0
13277,2.897995,1
13278,0.627242,1
13279,1.673259,0
13280,1.81065,0
13281,9.183748,0
13282,9.614516,0
13283,1.570318,1
13284,8.296443,0
13285,9.953772,0
13286,3.201022,0
13287,0.098919,0
13288,0.068911,1
13289,0.244102,0
13290,3.006744,1
13291,8.698005,0
13292,0.311434,1
13293,10.157727,0
13294,1.974354,0
13295,0.104993,1
13296,0.21976,0
13297,0.158024,0
13298,0.085866,1
13299,0.99698,1
13300,9.173987,1
13301,2.462464,0
13302,0.098407,1
13303,0.16417,1
13304,3.381299,0
13305,2.228542,1
13306,10.831168,0
13307,9.73764,0
13308,9.165293,1
13309,9.648722,0
13310,8.281138,0
13311,0.16224,1
13312,9.009046,0
13313,0.277925,0
13314,3.141136,0
13315,0.595465,0
13316,0.27519,0
13317,0.373826,1
13318,10.370548,0
13319,3.312668,0
13320,0.126348,0
13321,8.319311,0
13322,2.83088,1
13323,0.401221,0
13324,1.731622,1
13325,9.853552,0
13326,0.168833,1
13327,1.599514,0
13328,2.09809,0
13329,0.16585,1
13330,1.45125,1
13331,9.219674,0
13332,0.333129,1
13333,0.282401,0
13334,0.178266,1
13335,9.720407,1
13336,0.155062,0
13337,4.835813,1
13338,8.072896,1
13339,0.625577,0
13340,2.224804,0
13341,11.009117,0
13342,9.486732,0
13343,0.195272,0
13344,2.396684,1
13345,10.130483,0
13346,1.184933,0
13347,0.230243,0
13348,1.746628,1
13349,0.148546,1
13350,1.23987,1
13351,0.13717,0
13352,9.912776,0
13353,0.170621,1
13354,0.210164,1
13355,2.359885,0
13356,10.144288,0
13357,1.978384,0
13358,2.210401,0
13359,0.070018,1
13360,9.423315,0
13361,0.271734,1
13362,1.605203,0
13363,0.105233,1
13364,0.08987,1
13365,3.374404,1
13366,9.634079,0
13367,0.071494,1
13368,2.622909,1
13369,9.597107,0
13370,9.838182,0
13371,0.927915,1
13372,2.719808,1
13373,0.307745,1
13374,0.143424,0
13375,1.77604,0
13376,0.290944,0
13377,1.833414,0
13378,0.062051,0
13379,0.237767,1
13380,9.176193,1
13381,3.66994,1
13382,2.404727,1
13383,1.61174,1
13384,3.561929,1
13385,1.441032,1
13386,0.064208,1
13387,10.025668,0
13388,0.106938,0
13389,0.143198,1
13390,0.934258,0
13391,2.457109,0
13392,0.315354,1
13393,0.099954,1
13394,10.234876,0
13395,10.683857,0
13396,1.69149,0
13397,2.680358,1
13398,2.881913,1
13399,0.88174,0
13400,3.69362,0
13401,1.646103,0
13402,0.216085,1
13403,1.793251,0
13404,0.120077,0
13405,0.194484,0
13406,1.918573,1
13407,9.779128,0
13408,9.037249,1
13409,10.060748,0
13410,10.330088,0
13411,1.292334,0
13412,0.122832,1
13413,0.070532,1
13414,9.07043,1
13415,0.948618,0
13416,9.440471,0
13417,9.807852,0
13418,1.854828,0
13419,10.211411,0
13420,0.844546,0
13421,0.494575,0
13422,0.116521,0
13423,0.406256,1
13424,2.003078,1
13425,0.848796,0
13426,0.0979,1
13427,2.031269,1
13428,0.210291,1
13429,9.569692,0
13430,4.578592,1
13431,2.897677,0
13432,10.394669,0
13433,0.182353,1
13434,0.142411,1
13435,2.50888,1
13436,10.3843,0
13437,1.142426,0
13438,9.501079,1
13439,0.321635,1
13440,0.502659,0
13441,1.878197,0
13442,2.163498,1
13443,9.814863,1
13444,0.882383,1
13445,10.262678,1
13446,0.104651,0
13447,0.606647,1
13448,2.779027,0
13449,2.168261,1
13450,2.38055,0
13451,8.67721,0
13452,9.270686,1
13453,0.134796,1
13454,0.255137,1
13455,1.350173,0
13456,10.246963,0
13457,0.103394,0
13458,0.076795,1
13459,0.31365,0
13460,10.283098,0
13461,2.791198,1
13462,0.28763,1
13463,2.748282,0
13464,0.306363,0
13465,2.268737,0
13466,0.157657,1
13467,10.365692,0
13468,0.087514,1
13469,0.288075,1
13470,9.809975,0
13471,9.359119,0
13472,0.295577,1
13473,3.697987,1
13474,0.048517,0
13475,0.079315,1
13476,4.333687,1
13477,0.43696,1
13478,9.518706,0
13479,10.723621,1
13480,2.860624,1
13481,0.393026,0
13482,2.004534,0
13483,9.304255,0
13484,2.105592,1
13485,2.1845,0
13486,1.989309,1
13487,8.655812,1
13488,9.74257,0
13489,9.715907,0
13490,2.125713,0
13491,1.952694,1
13492,0.982416,0
13493,8.764571,0
13494,0.042592,0
13495,10.039155,1
13496,0.161831,1
13497,2.394974,1
13498,0.112337,1
13499,10.559695,0
13500,2.332348,0
13501,0.14622,1
13502,0.165768,0
13503,0.35294,0
13504,9.888089,0
13505,3.223746,1
13506,9.938072,0
13507,9.536555,0
13508,2.025426,1
13509,0.312609,1
13510,0.097929,1
13511,1.959088,0
13512,0.201036,1
13513,1.660317,1
13514,1.518865,0
13515,0.102847,1
13516,1.775792,0
13517,9.303416,0
13518,0.082542,1
13519,1.287052,1
13520,1.219334,0
13521,1.161765,1
13522,0.101758,0
13523,8.526159,0
13524,9.09277,0
13525,2.14215,1
13526,0.203837,1
13527,3.546176,0
13528,10.810191,0
13529,9.60374,0
13530,10.054634,0
13531,7.769492,0
13532,1.22585,0
13533,2.811064,1
13534,1.665974,0
13535,0.266267,1
13536,9.698581,0
13537,5.154233,1
13538,3.221809,1
13539,2.841749,1
13540,1.34908,1
13541,2.118963,0
13542,0.173298,0
13543,0.712085,1
13544,10.047447,0
13545,5.308757,1
13546,1.242395,0
13547,0.20254,1
13548,9.911845,0
13549,8.622211,0
13550,0.121842,0
13551,3.877016,1
13552,2.271309,0
13553,3.046101,1
13554,10.103254,0
13555,0.248672,0
13556,9.114288,1
13557,3.316224,0
13558,9.883476,0
13559,0.263602,1
13560,3.012154,1
13561,0.171455,1
13562,4.734447,0
13563,2.032799,0
13564,11.747461,0
13565,4.800311,1
13566,0.136764,1
13567,0.16163,0
13568,0.334763,0
13569,0.178043,0
13570,3.586457,1
13571,0.319016,0
13572,1.512166,1
13573,3.74873,1
13574,0.168366,1
13575,0.113392,0
13576,1.842464,0
13577,0.906762,1
13578,2.509373,0
13579,0.161394,1
13580,0.275906,0
13581,9.552153,0
13582,10.063385,0
13583,9.415028,0
13584,1.717532,0
13585,2.785587,1
13586,0.755013,1
13587,1.759573,0
13588,0.401161,0
13589,10.022606,1
13590,0.196736,1
13591,0.091741,1
13592,10.023911,1
13593,0.137667,0
13594,4.346105,1
13595,1.164168,1
13596,1.822705,0
13597,3.023364,1
13598,1.588619,1
13599,2.327072,0
13600,2.837401,1
13601,3.549413,1
13602,0.164852,1
13603,0.108897,0
13604,0.046811,1
13605,1.664541,0
13606,10.74847,0
13607,9.798088,0
13608,0.071711,1
13609,8.546217,0
13610,0.714919,1
13611,3.624912,1
13612,0.146608,0
13613,4.174551,1
13614,0.368821,1
13615,0.075567,1
13616,0.056946,1
13617,0.193054,1
13618,0.394302,1
13619,10.888577,0
13620,1.964556,1
13621,9.942101,0
13622,0.095579,1
13623,1.690058,0
13624,4.143387,1
13625,2.082163,1
13626,3.258824,1
13627,2.625191,1
13628,2.182698,1
13629,3.413061,0
13630,0.19667,0
13631,3.599252,0
13632,2.274931,0
13633,2.607752,1
13634,0.384322,0
13635,2.366923,0
13636,2.986587,1
13637,1.827206,1
13638,0.776696,0
13639,2.447526,1
13640,1.787539,0
13641,3.332656,0
13642,0.06817,1
13643,0.182337,0
13644,0.204499,1
13645,0.164795,1
13646,1.340633,1
13647,9.586802,0
13648,9.550154,0
13649,0.091385,0
13650,0.073172,1
13651,0.359039,1
13652,2.94675,0
13653,8.844025,0
13654,0.240712,0
13655,0.129875,1
13656,2.63144,0
13657,11.215061,0
13658,0.182045,0
13659,10.052612,0
13660,11.166603,0
13661,9.668507,0
13662,0.507857,0
13663,2.732873,1
13664,9.133637,0
13665,0.550483,0
13666,4.371881,1
13667,0.228368,1
13668,9.97593,0
13669,1.619593,0
13670,4.311182,1
13671,9.054664,0
13672,0.217589,0
13673,1.767256,0
13674,4.881427,1
13675,1.279724,0
13676,2.710927,0
13677,0.265755,1
13678,0.350589,1
13679,2.756832,0
13680,1.51689,1
13681,10.759584,0
13682,1.645432,0
13683,1.248544,1
13684,0.293121,0
13685,9.948606,1
13686,0.096533,1
13687,8.991165,0
13688,3.267905,1
13689,0.128992,1
13690,0.409371,1
13691,1.683005,1
13692,0.480966,1
13693,1.364528,0
13694,1.906015,0
13695,3.525109,1
13696,9.718189,0
13697,0.029897,1
13698,0.236832,1
13699,4.343749,1
13700,2.094879,0
13701,0.247135,0
13702,0.060628,0
13703,0.210552,1
13704,10.23748,0
13705,9.06124,0
13706,10.098244,0
13707,0.127908,1
13708,0.765711,1
13709,11.050492,1
13710,0.251495,0
13711,10.223664,1
13712,2.27808,0
13713,3.610104,1
13714,4.187665,1
13715,10.189557,0
13716,4.501564,1
13717,3.014863,0
13718,0.457984,1
13719,1.762874,1
13720,2.395275,0
13721,9.255571,0
13722,0.797258,1
13723,8.557196,0
13724,3.906011,1
13725,2.300186,0
13726,1.153031,0
13727,0.314141,1
13728,0.619919,1
13729,0.068545,1
13730,0.439176,0
13731,3.081879,1
13732,0.062234,0
13733,0.095917,1
13734,4.093802,1
13735,2.109033,1
13736,1.501702,0
13737,10.663713,0
13738,0.119407,1
13739,0.217906,1
13740,1.067186,1
13741,3.085364,1
13742,2.212497,1
13743,2.785815,1
13744,1.811098,0
13745,3.857024,1
13746,1.116084,0
13747,2.726541,1
13748,0.810088,0
13749,0.344797,1
13750,9.437609,0
13751,3.4886,1
13752,0.173978,0
13753,0.091563,1
13754,0.218097,1
13755,0.060749,1
13756,0.587082,1
13757,0.303031,1
13758,0.098101,1
13759,0.127829,1
13760,0.232966,1
13761,0.099457,0
13762,2.180847,1
13763,1.176932,1
13764,0.064158,1
13765,1.239678,0
13766,9.913794,0
13767,10.46709,1
13768,2.743447,1
13769,0.128832,1
13770,0.316185,1
13771,0.349334,1
13772,9.720988,0
13773,0.294785,1
13774,2.003484,1
13775,2.086687,1
13776,9.619008,0
13777,9.447347,0
13778,0.069348,0
13779,9.530251,0
13780,1.701913,0
13781,10.03682,1
13782,1.066199,0
13783,8.755793,0
13784,9.307691,0
13785,2.793815,1
13786,9.692758,0
13787,9.886999,1
13788,4.081048,1
13789,0.228204,1
13790,9.320595,1
13791,3.301445,0
13792,0.094194,1
13793,10.134261,0
13794,0.313576,1
13795,1.582696,0
13796,9.559978,0
13797,0.22533,0
13798,3.232426,1
13799,1.984076,1
13800,0.121025,0
13801,0.085815,1
13802,0.07741,0
13803,1.87697,1
13804,9.259883,0
13805,0.880896,1
13806,0.258217,0
13807,1.236209,0
13808,7.672982,0
13809,2.44934,0
13810,0.616568,1
13811,0.249698,1
13812,0.846687,0
13813,3.955946,0
13814,2.069751,0
13815,0.098565,0
13816,1.848367,1
13817,1.549128,1
13818,0.479488,1
13819,0.130292,1
13820,2.67159,1
13821,10.956068,0
13822,8.652856,1
13823,2.425197,0
13824,1.226054,0
13825,1.736965,1
13826,1.572468,0
13827,0.249192,0
13828,4.344204,1
13829,0.083238,1
13830,8.160247,1
13831,0.41464,1
13832,1.096089,0
13833,0.308559,0
13834,0.683688,0
13835,0.325079,1
13836,0.475987,1
13837,1.752062,1
13838,8.809323,0
13839,2.428354,1
13840,0.034222,1
13841,0.410744,1
13842,0.151933,1
13843,10.382341,0
13844,9.782263,0
13845,1.575252,1
13846,4.224313,1
13847,2.812942,0
13848,0.223222,1
13849,3.143651,1
13850,2.286057,0
13851,3.080087,1
13852,0.892236,1
13853,0.332987,1
13854,2.210302,1
13855,2.575263,1
13856,0.229545,1
13857,0.223713,1
13858,2.403439,0
13859,1.992576,0
13860,2.026717,1
13861,0.273534,0
13862,3.680824,1
13863,1.418437,0
13864,3.099045,1
13865,0.37238,1
13866,2.04552,0
13867,0.505628,1
13868,3.661861,1
13869,2.560239,1
13870,0.240692,1
13871,0.6072,0
13872,2.820251,0
13873,1.82934,0
13874,0.152793,1
13875,8.950314,1
13876,3.21853,1
13877,2.086317,0
13878,3.21656,1
13879,0.492382,1
13880,2.521527,0
13881,3.830066,1
13882,1.320084,0
13883,9.620418,0
13884,0.102203,0
13885,2.89998,1
13886,0.539157,0
13887,0.180303,0
13888,0.173648,0
13889,1.899542,0
13890,10.817688,0
13891,3.494497,0
13892,3.247567,1
13893,0.564299,0
13894,9.982591,0
13895,0.83893,0
13896,1.480971,1
13897,0.07833,1
13898,3.802568,0
13899,1.622623,1
13900,0.135323,1
13901,3.193818,1
13902,0.205005,0
13903,8.918675,1
13904,2.016026,1
13905,0.149783,0
13906,0.404097,1
13907,1.545049,1
13908,0.217582,1
13909,9.259956,0
13910,2.995448,0
13911,9.022219,0
13912,1.839908,0
13913,0.05994,1
13914,3.468494,1
13915,0.617859,0
13916,0.092419,0
13917,0.442565,0
13918,2.40467,0
13919,4.363492,1
13920,11.017457,0
13921,2.886169,1
13922,9.614388,0
13923,0.160402,0
13924,0.095954,0
13925,3.272157,1
13926,2.950937,1
13927,3.488667,1
13928,10.031816,0
13929,2.056582,1
13930,9.705072,0
13931,0.157086,0
13932,2.524424,1
13933,0.618052,0
13934,0.069695,1
13935,0.115281,0
13936,2.478847,1
13937,3.150609,1
13938,4.886982,1
13939,9.409891,1
13940,0.33086,0
13941,9.255358,0
13942,0.046656,1
13943,0.225193,1
13944,0.104319,1
13945,9.291274,0
13946,3.518777,1
13947,3.818115,1
13948,0.299314,1
13949,0.23719,1
13950,0.798057,0
13951,0.129968,1
13952,10.225624,0
13953,0.198909,0
13954,0.080249,0
13955,9.655089,0
13956,9.52126,0
13957,3.921696,1
13958,9.434422,0
13959,1.438457,0
13960,2.787744,0
13961,9.242027,0
13962,0.648564,0
13963,1.81884,0
13964,1.646912,0
13965,10.10502,1
13966,2.955152,1
13967,0.084792,0
13968,0.145449,1
13969,1.17485,0
13970,0.462659,0
13971,1.803643,1
13972,8.355052,1
13973,9.682381,0
13974,8.486563,0
13975,2.576381,1
13976,0.048117,1
13977,1.617976,0
13978,1.384684,0
13979,10.576596,0
13980,3.53021,1
13981,0.103182,0
13982,0.081166,1
13983,0.38593,0
13984,0.119086,1
13985,0.46821,0
13986,0.064315,0
13987,9.680427,0
13988,11.249662,0
13989,4.500433,0
13990,0.073636,1
13991,1.776068,0
13992,0.094434,1
13993,0.270582,0
13994,0.104404,1
13995,1.972383,1
13996,8.923776,1
13997,2.937078,1
13998,0.495529,1
13999,0.276589,1
14000,8.823912,0
14001,10.161031,0
14002,4.120588,1
14003,8.978527,0
14004,0.07884,1
14005,0.293596,0
14006,10.139262,0
14007,0.705797,0
14008,4.490895,1
14009,0.542104,1
14010,0.062847,0
14011,8.784415,0
14012,0.309854,0
14013,0.301282,0
14014,1.074628,1
14015,1.081819,1
14016,10.456747,0
14017,1.646654,0
14018,0.370621,0
14019,4.148468,1
14020,0.854321,0
14021,9.079173,0
14022,4.085355,1
14023,9.736477,0
14024,8.192694,0
14025,2.963016,1
14026,0.304473,1
14027,10.162579,0
14028,1.37456,0
14029,3.804128,1
14030,0.045591,1
14031,2.686176,1
14032,3.373969,0
14033,3.039165,0
14034,0.340828,0
14035,0.103513,1
14036,1.743835,1
14037,0.5497,0
14038,0.318566,1
14039,1.157257,0
14040,10.801369,1
14041,1.98297,1
14042,0.132274,1
14043,2.278802,0
14044,0.161034,1
14045,0.060524,1
14046,0.137974,0
14047,0.153968,1
14048,10.001001,1
14049,9.718581,0
14050,1.697016,0
14051,4.60981,1
14052,1.937555,1
14053,0.086626,1
14054,0.078244,1
14055,1.779755,0
14056,9.127109,0
14057,1.366185,0
14058,2.687238,1
14059,0.671389,0
14060,0.263374,1
14061,10.548073,0
14062,2.40535,1
14063,9.178071,0
14064,0.173308,0
14065,3.468982,1
14066,4.861885,1
14067,2.593541,0
14068,2.503167,1
14069,1.749859,0
14070,3.096296,0
14071,0.302718,1
14072,2.432931,0
14073,0.304924,0
14074,0.179595,1
14075,0.141392,0
14076,0.335818,0
14077,0.149686,1
14078,2.33232,1
14079,0.172727,0
14080,0.096706,0
14081,3.237392,0
14082,3.785884,1
14083,0.127332,0
14084,0.206552,0
14085,4.402134,1
14086,1.258097,0
14087,9.600938,1
14088,0.163383,0
14089,2.72976,0
14090,10.771744,0
14091,0.069781,0
14092,0.23969,0
14093,1.64314,0
14094,0.580657,1
14095,0.174403,1
14096,9.340094,0
14097,2.083433,0
14098,6.202926,1
14099,1.80436,1
14100,0.237001,0
14101,0.192243,0
14102,9.633497,1
14103,9.536127,1
14104,0.07182,1
14105,0.062841,1
14106,7.771287,0
14107,1.908911,0
14108,7.728454,0
14109,1.28182,1
14110,10.017196,0
14111,1.31885,1
14112,9.743613,0
14113,2.706501,1
14114,3.191719,1
14115,9.021461,0
14116,2.293565,0
14117,4.00298,1
14118,10.718212,0
14119,8.879515,1
14120,10.825316,0
14121,9.516472,0
14122,1.668357,0
14123,0.080366,1
14124,2.091583,0
14125,0.118031,1
14126,9.49646,1
14127,0.417184,1
14128,2.525757,1
14129,0.75363,0
14130,9.838242,0
14131,0.111308,1
14132,0.980062,1
14133,0.180708,0
14134,0.281931,1
14135,8.759519,0
14136,0.372054,0
14137,2.741778,0
14138,10.183905,1
14139,0.071062,1
14140,0.127183,0
14141,7.944762,1
14142,2.860656,0
14143,9.575307,0
14144,3.283274,1
14145,9.637119,0
14146,0.535218,0
14147,0.088091,1
14148,1.334288,1
14149,1.871989,0
14150,0.104103,1
14151,2.026395,0
14152,1.519572,0
14153,4.213573,1
14154,0.125792,1
14155,2.388035,0
14156,0.070981,1
14157,0.885033,1
14158,0.185999,1
14159,2.469739,1
14160,1.993199,1
14161,3.44853,1
14162,1.859191,0
14163,0.105478,0
14164,9.540389,0
14165,0.193568,0
14166,2.288529,0
14167,1.020467,1
14168,3.381664,1
14169,9.498559,1
14170,10.22928,0
14171,0.071161,0
14172,0.047751,1
14173,3.421128,1
14174,0.576795,1
14175,2.603016,0
14176,0.196548,0
14177,0.230563,1
14178,0.137034,1
14179,3.393188,1
14180,1.790414,0
14181,0.065276,1
14182,10.638845,1
14183,10.220132,1
14184,9.038989,1
14185,2.118824,0
14186,0.124889,1
14187,2.528867,1
14188,0.165076,0
14189,10.862211,0
14190,10.110533,0
14191,0.222859,0
14192,10.049005,0
14193,8.704572,1
14194,2.135646,1
14195,3.459431,1
14196,0.130138,1
14197,9.252898,1
14198,10.499334,0
14199,2.400007,0
14200,0.595271,0
14201,0.190426,1
14202,0.465579,0
14203,8.668414,1
14204,0.230268,0
14205,0.20662,1
14206,1.765477,0
14207,0.213442,0
14208,2.115177,0
14209,7.942877,0
14210,0.080706,1
14211,1.375557,0
14212,3.814383,1
14213,10.290292,0
14214,3.17917,0
14215,0.058829,1
14216,9.461046,0
14217,9.824591,1
14218,2.355393,0
14219,8.625271,1
14220,8.713061,0
14221,1.91466,0
14222,10.120463,0
14223,0.24953,1
14224,1.248365,1
14225,9.657228,0
14226,2.222214,0
14227,1.960753,0
14228,9.739084,0
14229,3.817605,1
14230,0.268246,0
14231,9.047154,1
14232,10.340606,1
14233,1.848599,1
14234,1.772831,0
14235,3.552604,1
14236,0.214106,0
14237,8.45178,1
14238,1.701931,1
14239,1.629348,1
14240,2.650177,1
14241,2.825365,1
14242,0.088206,1
14243,9.910692,0
14244,2.990829,1
14245,9.761806,0
14246,0.11283,1
14247,10.07948,1
14248,9.59578,0
14249,0.262528,0
14250,9.671977,1
14251,2.29302,0
14252,0.657519,0
14253,1.627452,0
14254,0.240915,1
14255,3.850474,1
14256,2.164018,1
14257,2.284765,1
14258,0.352556,0
14259,0.093731,1
14260,0.584478,0
14261,9.826793,0
14262,1.13337,0
14263,0.082483,1
14264,0.077728,0
14265,10.049275,0
14266,1.56069,0
14267,2.264933,1
14268,10.03143,0
14269,0.057172,1
14270,0.136621,1
14271,9.269229,0
14272,0.303122,0
14273,2.019058,1
14274,1.552476,0
14275,0.18136,1
14276,9.151366,0
14277,2.459723,0
14278,1.864351,0
14279,4.188146,1
14280,1.000837,0
14281,0.065449,1
14282,1.433211,0
14283,0.202773,1
14284,8.999221,0
14285,10.212356,0
14286,0.070208,1
14287,8.987492,0
14288,2.758353,0
14289,4.937023,0
14290,8.790366,0
14291,10.246066,0
14292,9.767169,0
14293,1.363966,1
14294,9.586218,1
14295,0.197668,1
14296,9.801385,0
14297,9.223613,0
14298,0.535896,1
14299,2.918656,0
14300,9.788414,0
14301,0.295266,1
14302,0.228237,1
14303,3.497529,0
14304,0.0672,1
14305,0.098162,0
14306,1.121891,0
14307,0.311182,0
14308,2.320061,1
14309,0.072492,0
14310,9.443761,0
14311,0.23731,1
14312,8.37217,0
14313,0.121852,1
14314,9.733442,1
14315,0.130646,1
14316,3.984804,1
14317,0.482746,1
14318,0.626338,1
14319,0.236387,1
14320,0.144662,0
14321,0.630146,1
14322,1.215514,1
14323,0.429631,1
14324,2.053084,0
14325,2.668029,1
14326,0.091118,0
14327,0.163527,0
14328,0.23365,1
14329,11.00733,0
14330,1.857428,0
14331,0.253634,1
14332,2.203197,0
14333,1.334808,0
14334,0.083742,1
14335,8.284809,0
14336,8.208863,0
14337,0.477646,0
14338,0.063277,0
14339,9.819354,0
14340,0.337085,0
14341,0.072923,1
14342,2.694861,1
14343,1.044283,1
14344,9.318033,1
14345,0.044567,1
14346,9.14279,0
14347,1.152923,0
14348,9.194118,0
14349,0.088196,0
14350,2.301471,0
14351,8.881851,0
14352,0.223168,1
14353,9.727557,0
14354,0.17164,0
14355,0.248575,1
14356,4.267895,0
14357,0.531796,0
14358,0.182416,0
14359,0.14403,0
14360,8.755973,1
14361,1.409787,0
14362,8.937478,0
14363,6.001871,1
14364,1.120223,0
14365,2.887452,0
14366,1.867006,1
14367,4.655346,1
14368,0.65993,0
14369,2.5945,1
14370,3.470496,1
14371,9.479124,1
14372,2.329504,1
14373,0.070802,1
14374,10.190124,0
14375,0.995794,1
14376,0.253589,0
14377,0.092312,0
14378,3.963719,1
14379,0.392244,0
14380,0.210079,1
14381,3.274572,0
14382,0.244534,1
14383,2.884977,1
14384,10.184035,0
14385,0.097272,1
14386,0.830649,1
14387,0.156943,0
14388,0.298776,1
14389,0.099678,1
14390,3.456861,1
14391,1.658173,1
14392,2.557055,0
14393,0.217049,0
14394,1.339572,0
14395,9.184271,1
14396,0.135763,1
14397,2.131524,1
14398,10.08352,0
14399,2.836908,1
14400,0.192087,0
14401,1.026149,0
14402,4.977225,1
14403,0.111217,0
14404,0.403253,0
14405,1.689155,0
14406,1.59488,0
14407,0.470128,0
14408,3.068832,1
14409,0.110043,0
14410,10.848579,1
14411,0.047354,0
14412,5.113883,1
14413,0.088573,1
14414,0.22232,0
14415,0.109951,0
14416,0.245567,0
14417,2.914824,1
14418,3.373982,1
14419,0.205976,1
14420,9.441151,0
14421,1.571373,1
14422,8.135129,0
14423,2.600447,0
14424,0.3602,1
14425,9.783469,0
14426,2.999015,0
14427,1.933161,0
14428,9.44343,0
14429,0.507108,0
14430,0.160287,0
14431,9.985023,0
14432,0.62842,0
14433,4.551339,1
14434,0.782324,1
14435,8.954306,0
14436,0.981945,1
14437,1.86525,0
14438,0.068014,1
14439,0.480196,1
14440,0.51738,0
14441,0.033037,1
14442,1.741515,0
14443,0.410379,0
14444,3.061532,0
14445,0.678976,0
14446,9.351976,0
14447,0.170734,1
14448,0.113258,0
14449,0.06902,1
14450,2.604665,1
14451,0.359233,0
14452,2.136256,0
14453,0.214899,1
14454,1.106157,0
14455,1.079794,0
14456,3.122363,1
14457,10.250545,0
14458,3.12483,1
14459,1.546084,1
14460,0.216444,1
14461,0.123691,1
14462,1.95168,1
14463,0.398883,1
14464,3.936484,1
14465,10.307763,0
14466,3.28933,0
14467,1.23607,1
14468,1.797303,1
14469,0.393951,0
14470,0.048329,1
14471,9.697589,0
14472,3.984045,1
14473,1.831314,0
14474,0.518326,1
14475,10.980224,1
14476,8.499104,1
14477,0.113671,1
14478,1.862973,1
14479,3.090972,0
14480,9.608938,0
14481,8.576438,0
14482,11.747207,1
14483,3.860019,0
14484,10.961473,0
14485,1.674839,0
14486,2.075472,1
14487,0.645156,0
14488,1.283818,1
14489,4.073991,1
14490,0.257166,1
14491,0.197567,1
14492,10.094682,0
14493,9.588644,1
14494,0.923022,0
14495,10.295218,0
14496,1.703643,0
14497,2.023875,0
14498,8.320806,1
14499,3.109923,1
14500,0.485703,0
14501,9.63894,1
14502,1.547486,1
14503,9.350404,0
14504,0.42939,1
14505,9.804436,0
14506,0.25884,1
14507,2.181367,0
14508,9.880662,1
14509,0.445777,0
14510,0.42606,0
14511,1.046339,0
14512,9.773499,1
14513,1.798335,0
14514,0.501421,1
14515,0.333028,0
14516,0.037364,1
14517,0.701262,1
14518,0.133372,1
14519,2.558586,0
14520,0.335184,1
14521,3.272264,0
14522,3.917969,1
14523,0.496245,0
14524,2.443683,1
14525,10.144794,0
14526,0.119555,0
14527,3.930625,1
14528,0.264626,1
14529,9.972231,0
14530,0.10457,0
14531,8.389586,0
14532,2.259102,1
14533,2.756742,1
14534,0.230442,1
14535,1.429301,0
14536,0.127494,0
14537,1.06451,0
14538,0.168579,0
14539,1.626779,0
14540,1.342267,0
14541,9.85518,0
14542,2.937315,0
14543,1.322842,0
14544,2.222028,1
14545,9.553847,0
14546,0.192847,0
14547,1.607758,1
14548,0.208517,1
14549,1.869144,1
14550,0.796579,0
14551,10.821813,0
14552,0.062453,1
14553,9.498723,0
14554,8.839636,0
14555,1.036224,0
14556,1.072806,1
14557,0.289714,0
14558,0.05523,1
14559,0.924363,0
14560,0.142165,1
14561,0.37809,0
14562,0.681373,0
14563,2.691398,0
14564,10.084651,0
14565,4.275021,1
14566,0.347734,1
14567,10.117605,1
14568,1.244143,0
14569,10.097408,1
14570,1.704143,0
14571,0.396406,0
14572,0.041286,0
14573,0.055883,0
14574,9.409295,1
14575,0.218546,1
14576,2.121111,0
14577,0.529736,1
14578,0.077359,0
14579,0.243092,1
14580,10.921943,0
14581,8.885867,1
14582,0.431491,1
14583,0.276578,1
14584,2.326633,0
14585,0.344537,1
14586,0.442343,1
14587,3.29026,0
14588,1.839587,1
14589,2.143811,0
14590,9.65886,0
14591,8.90024,0
14592,1.292626,0
14593,0.067651,1
14594,0.11109,1
14595,3.731678,1
14596,3.340644,0
14597,0.901595,0
14598,9.631115,0
14599,0.782776,0
14600,7.710689,0
14601,0.170563,0
14602,10.43037,0
14603,2.055809,0
14604,8.527968,0
14605,10.516456,0
14606,0.071722,1
14607,2.447628,0
14608,0.229517,1
14609,9.343663,0
14610,0.974328,0
14611,10.40096,0
14612,0.142289,0
14613,0.264346,0
14614,1.291891,0
14615,0.51241,0
14616,0.943442,0
14617,9.429188,0
14618,8.617781,1
14619,2.941841,1
14620,0.947446,1
14621,0.329609,0
14622,0.94227,1
14623,1.516892,0
14624,9.877454,0
14625,4.276377,1
14626,2.15087,0
14627,0.275549,1
14628,8.475516,1
14629,2.440989,0
14630,1.239599,0
14631,8.705109,1
14632,10.240541,0
14633,0.799588,0
14634,2.753337,1
14635,3.838395,1
14636,1.013987,0
14637,2.899907,1
14638,2.451096,0
14639,1.236737,0
14640,10.288317,0
14641,9.431381,0
14642,5.002927,1
14643,2.51684,1
14644,0.391484,0
14645,1.301645,1
14646,0.642861,0
14647,0.221629,0
14648,9.696877,0
14649,1.44201,0
14650,1.242721,1
14651,4.287859,1
14652,0.650703,0
14653,8.435858,0
14654,8.946898,1
14655,0.450154,1
14656,0.304113,1
14657,0.133083,1
14658,1.123425,1
14659,0.42699,0
14660,0.460909,0
14661,0.297922,1
14662,9.479719,0
14663,8.508195,0
14664,3.704506,1
14665,0.114619,1
14666,9.848473,1
14667,10.246717,1
14668,9.413352,0
14669,0.239307,1
14670,2.35817,0
14671,1.385312,1
14672,1.315742,0
14673,9.493919,0
14674,10.34128,1
14675,9.877128,0
14676,1.046841,0
14677,0.059422,1
14678,3.292408,1
14679,0.358581,0
14680,2.458101,1
14681,10.707174,0
14682,2.562709,1
14683,0.147793,1
14684,0.329032,1
14685,4.201742,1
14686,0.156671,1
14687,0.141355,0
14688,10.434993,0
14689,0.125588,1
14690,0.382849,1
14691,0.18222,1
14692,0.181453,1
14693,0.214979,1
14694,10.026875,0
14695,0.053953,0
14696,8.549714,0
14697,8.827386,0
14698,10.087628,0
14699,0.314954,1
14700,2.828239,1
14701,0.376041,0
14702,9.36685,0
14703,9.535093,1
14704,2.269814,1
14705,1.898526,1
14706,9.747836,0
14707,2.912601,0
14708,0.383529,1
14709,10.352962,0
14710,0.610554,0
14711,0.095275,1
14712,10.471061,1
14713,9.882401,0
14714,10.061891,0
14715,8.605291,1
14716,1.438112,1
14717,0.04246,0
14718,0.197659,0
14719,1.862514,1
14720,8.875829,0
14721,1.91054,1
14722,1.923126,0
14723,3.422516,0
14724,1.11816,1
14725,10.43126,0
14726,10.433942,0
14727,2.143092,0
14728,0.269945,1
14729,0.265802,1
14730,0.280804,1
14731,0.650669,1
14732,1.685589,1
14733,0.083895,1
14734,9.942183,0
14735,2.033422,0
14736,0.064889,1
14737,0.284171,1
14738,9.013204,0
14739,0.194286,0
14740,3.300078,1
14741,1.974067,0
14742,1.51125,0
14743,1.885828,1
14744,2.025497,0
14745,1.898419,0
14746,9.845361,0
14747,2.117118,0
14748,0.081127,1
14749,9.046362,1
14750,9.399799,1
14751,2.41388,0
14752,1.416691,1
14753,1.551496,1
14754,1.131601,0
14755,2.907071,1
14756,0.306666,0
14757,2.804574,1
14758,3.167678,1
14759,0.095532,1
14760,8.839949,0
14761,2.352452,0
14762,1.258357,0
14763,0.05788,1
14764,0.261147,1
14765,0.078393,0
14766,0.226901,0
14767,0.232841,1
14768,9.573323,0
14769,2.335875,0
14770,10.14559,1
14771,0.8372,0
14772,2.447724,1
14773,0.720037,0
14774,10.058529,0
14775,0.099683,1
14776,1.618733,0
14777,0.212445,1
14778,9.251975,1
14779,0.387814,0
14780,0.050403,1
14781,2.191752,1
14782,0.272417,0
14783,0.514514,0
14784,1.406742,0
14785,0.136141,0
14786,0.293394,1
14787,0.179406,1
14788,0.10334,1
14789,8.981418,0
14790,0.071019,1
14791,2.434797,1
14792,0.15192,0
14793,0.136559,0
14794,1.721207,0
14795,8.639237,1
14796,0.210499,0
14797,0.343765,1
14798,2.653103,0
14799,1.625644,1
14800,0.325574,1
14801,1.512128,0
14802,0.303011,1
14803,1.914615,1
14804,10.045786,0
14805,10.291531,1
14806,5.035546,1
14807,1.688228,0
14808,0.466389,0
14809,0.629683,0
14810,0.480236,1
14811,4.399485,0
14812,2.867815,1
14813,2.669532,1
14814,0.100408,1
14815,2.32508,1
14816,1.811079,0
14817,0.325706,1
14818,0.074913,0
14819,1.801437,0
14820,2.824604,0
14821,0.162944,1
14822,1.783312,0
14823,0.480229,0
14824,1.78517,0
14825,3.407578,1
14826,1.416613,0
14827,10.011388,0
14828,2.833617,1
14829,1.369929,1
14830,1.459917,0
14831,0.096832,1
14832,0.313399,1
14833,2.392252,1
14834,0.923987,0
14835,3.301257,0
14836,2.730111,1
14837,9.265012,1
14838,8.905356,0
14839,0.379011,1
14840,0.215454,1
14841,0.387281,1
14842,0.147869,0
14843,9.063068,0
14844,2.592929,1
14845,0.114936,0
14846,1.979092,0
14847,0.169168,0
14848,5.410165,1
14849,2.729002,1
14850,1.027579,0
14851,10.028828,0
14852,4.059112,1
14853,0.310482,0
14854,9.070893,1
14855,10.3873,1
14856,0.456502,1
14857,9.294095,0
14858,0.10467,1
14859,1.182463,0
14860,0.144344,1
14861,9.518355,0
14862,2.727234,1
14863,8.956738,0
14864,0.351516,1
14865,3.310574,1
14866,0.376198,0
14867,0.974741,0
14868,0.241415,1
14869,0.153278,1
14870,10.408988,0
14871,0.153548,1
14872,2.879083,0
14873,0.424971,1
14874,0.310172,1
14875,9.819095,0
14876,0.370979,0
14877,2.181454,0
14878,0.128329,1
14879,2.005756,0
14880,0.731185,0
14881,1.019626,0
14882,9.410702,0
14883,3.539931,1
14884,2.150743,0
14885,10.330112,0
14886,1.694968,0
14887,1.56625,1
14888,3.116283,0
14889,0.181779,1
14890,0.226324,1
14891,8.814763,0
14892,0.415599,1
14893,0.393458,0
14894,0.263248,1
14895,5.016227,1
14896,1.402529,0
14897,2.211459,1
14898,1.25082,1
14899,2.648684,1
14900,3.502369,1
14901,9.377537,0
14902,0.455316,1
14903,0.110924,0
14904,0.380752,1
14905,0.137438,0
14906,1.132796,1
14907,9.53636,0
14908,4.118334,0
14909,2.760114,1
14910,3.469237,1
14911,2.2415,0
14912,9.272203,0
14913,0.294052,1
14914,2.275748,0
14915,10.101157,0
14916,0.133001,0
14917,0.171959,1
14918,2.209505,0
14919,2.687834,1
14920,9.132841,0
14921,2.623348,1
14922,0.235107,1
14923,1.289989,0
14924,0.145206,1
14925,0.408182,0
14926,9.084246,0
14927,0.834287,1
14928,9.005688,0
14929,0.199432,1
14930,1.806232,0
14931,3.122811,1
14932,0.079406,1
14933,1.557694,0
14934,0.084718,1
14935,0.246511,1
14936,3.673179,1
14937,0.259234,1
14938,0.798366,1
14939,0.093119,1
14940,9.768782,0
14941,10.991942,0
14942,1.538898,1
14943,8.904452,0
14944,2.546827,1
14945,0.148624,1
14946,1.476944,0
14947,0.163838,1
14948,10.721349,0
14949,8.977555,0
14950,0.290412,1
14951,10.62177,1
14952,0.322081,1
14953,0.070076,0
14954,2.411777,0
14955,10.524694,0
14956,1.682208,0
14957,0.077131,0
14958,2.376207,1
14959,0.395676,0
14960,2.426091,1
14961,1.339467,0
14962,1.23456,0
14963,4.131033,0
14964,2.939265,1
14965,1.171961,0
14966,1.298906,0
14967,1.951018,0
14968,1.295348,0
14969,9.515092,0
14970,0.951693,1
14971,0.863944,0
14972,2.139843,0
14973,0.503666,1
14974,0.386656,0
14975,0.447375,0
14976,1.773606,0
14977,0.26164,0
14978,0.221732,1
14979,9.561785,0
14980,0.039956,0
14981,9.006004,1
14982,0.052417,1
14983,0.158094,1
14984,3.431942,1
14985,9.476727,1
14986,2.991151,0
14987,0.087079,1
14988,1.883142,0
14989,9.430145,0
14990,1.283581,1
14991,0.845421,0
14992,0.375304,0
14993,9.127514,0
14994,3.291638,1
14995,0.23886,1
14996,0.386889,0
14997,2.41485,1
14998,0.083422,0
14999,1.463811,0
15000,2.143959,0
15001,0.191844,1
15002,10.129988,1
15003,0.067105,1
15004,0.065079,1
15005,0.168035,0
15006,0.051137,1
15007,0.247286,1
15008,1.388314,0
15009,0.147216,1
15010,1.614037,0
15011,0.685209,1
15012,9.264658,0
15013,9.656675,0
15014,0.111225,1
15015,3.970004,1
15016,0.479962,0
15017,0.931164,1
15018,10.892525,0
15019,2.154475,0
15020,0.152383,1
15021,2.429802,1
15022,2.225663,0
15023,0.108259,0
15024,2.590352,0
15025,4.694547,0
15026,0.820012,0
15027,2.151012,0
15028,2.678269,1
15029,0.103733,1
15030,3.063146,0
15031,0.554415,0
15032,3.761989,1
15033,2.533369,0
15034,0.28613,1
15035,1.691632,0
15036,0.096159,1
15037,1.426415,0
15038,0.247127,0
15039,1.4315,0
15040,0.287534,0
15041,0.125503,1
15042,2.922475,1
15043,0.204932,1
15044,10.746778,0
15045,0.921429,1
15046,0.094478,1
15047,0.072141,1
15048,2.94157,0
15049,0.143371,0
15050,0.347953,1
15051,0.529471,0
15052,2.989494,0
15053,1.603498,1
15054,9.897277,0
15055,2.055092,0
15056,2.016759,0
15057,2.667862,1
15058,0.137821,0
15059,0.109324,1
15060,1.086313,0
15061,1.33714,0
15062,0.077842,1
15063,0.17385,0
15064,2.640221,1
15065,0.116263,1
15066,2.56973,1
15067,0.115182,1
15068,8.919188,0
15069,10.170042,0
15070,1.479627,0
15071,2.137222,0
15072,10.011243,0
15073,2.754417,1
15074,9.71653,1
15075,0.155527,0
15076,9.978117,0
15077,2.14457,1
15078,1.762813,1
15079,2.775588,1
15080,10.073,0
15081,9.688019,0
15082,0.194986,1
15083,0.413683,1
15084,10.283586,0
15085,0.159028,0
15086,0.137639,1
15087,0.384544,1
15088,2.154083,1
15089,0.337377,0
15090,0.157,1
15091,2.637073,0
15092,0.384252,1
15093,1.282622,1
15094,0.130973,1
15095,2.696227,0
15096,0.30162,1
15097,0.240946,1
15098,0.31132,0
15099,4.118313,0
15100,2.328743,0
15101,0.967513,0
15102,3.639893,1
15103,2.18276,0
15104,3.831117,0
15105,2.046647,0
15106,0.24975,1
15107,1.464098,0
15108,2.864614,0
15109,9.783247,1
15110,2.580534,1
15111,0.04772,0
15112,0.287686,0
15113,3.752855,0
15114,0.350503,0
15115,1.578377,0
15116,4.090056,1
15117,0.29238,1
15118,7.669705,1
15119,0.53133,1
15120,0.058064,1
15121,9.364723,0
15122,0.112113,1
15123,0.038383,1
15124,10.303547,0
15125,11.007894,1
15126,1.817145,0
15127,1.471414,0
15128,0.355469,0
15129,3.360329,1
15130,9.724895,0
15131,0.312959,1
15132,0.221053,0
15133,10.424687,0
15134,3.46953,1
15135,0.084602,1
15136,1.644591,0
15137,1.376538,1
15138,1.656552,1
15139,0.369807,1
15140,2.020617,1
15141,0.088299,0
15142,0.547748,0
15143,2.074232,0
15144,10.407928,0
15145,2.088613,0
15146,0.13309,0
15147,9.817059,0
15148,9.28387,0
15149,1.891619,0
15150,1.56787,0
15151,0.08595,0
15152,0.582188,0
15153,0.960313,0
15154,0.041582,0
15155,9.1002,0
15156,3.564981,1
15157,1.092933,0
15158,1.729608,1
15159,2.444602,0
15160,1.920966,0
15161,0.691837,1
15162,2.909542,0
15163,2.081364,0
15164,1.006548,0
15165,10.234769,0
15166,2.069623,0
15167,0.23538,0
15168,10.05504,0
15169,9.27902,0
15170,3.067137,1
15171,1.190762,0
15172,0.092516,0
15173,10.988882,0
15174,8.1177,1
15175,8.656898,0
15176,1.790407,1
15177,9.335145,0
15178,0.500444,0
15179,1.042945,1
15180,9.551711,0
15181,2.361583,0
15182,0.097234,1
15183,3.231653,1
15184,9.284012,0
15185,0.101652,1
15186,0.318938,0
15187,1.487735,0
15188,9.787391,1
15189,0.034721,1
15190,9.065763,0
15191,0.05131,0
15192,3.70246,1
15193,9.429574,0
15194,0.181031,1
15195,1.709225,0
15196,0.297927,1
15197,2.432413,1
15198,8.186485,0
15199,8.512569,0
15200,0.19327,0
15201,0.107828,1
15202,0.521865,1
15203,1.926894,0
15204,0.281986,1
15205,1.672734,1
15206,0.744429,1
15207,0.172425,1
15208,0.090629,0
15209,2.047462,0
15210,2.801087,0
15211,0.142897,0
15212,0.174587,0
15213,3.917381,1
15214,1.831696,0
15215,3.153931,0
15216,0.135962,0
15217,0.341294,0
15218,2.498127,1
15219,0.551082,0
15220,0.278246,1
15221,0.149017,0
15222,0.193119,1
15223,2.53495,1
15224,0.424223,0
15225,0.143027,0
15226,9.1716,1
15227,0.086353,1
15228,9.989805,0
15229,4.493927,1
15230,0.98686,0
15231,9.203695,0
15232,11.539382,1
15233,0.156881,1
15234,0.431992,0
15235,9.496133,0
15236,1.104234,0
15237,0.931782,1
15238,3.064924,0
15239,1.400428,0
15240,0.141953,0
15241,0.219322,0
15242,0.256437,1
15243,1.010094,1
15244,4.652218,1
15245,1.317047,0
15246,1.003889,0
15247,0.538206,0
15248,1.689777,0
15249,3.04082,0
15250,0.3589,0
15251,0.081489,0
15252,3.788842,1
15253,0.444288,1
15254,10.493982,0
15255,0.086241,1
15256,2.146925,0
15257,1.7193,0
15258,0.05374,0
15259,10.043517,0
15260,1.482072,0
15261,8.488002,0
15262,0.140442,1
15263,2.426916,1
15264,2.804587,1
15265,10.87243,0
15266,8.838688,0
15267,1.048729,0
15268,0.277446,1
15269,0.957981,0
15270,9.137959,0
15271,10.126911,1
15272,9.117679,1
15273,0.315666,1
15274,3.112001,1
15275,1.8504,0
15276,0.145042,0
15277,9.095543,0
15278,0.274838,1
15279,0.151267,1
15280,0.801966,0
15281,1.453046,0
15282,2.128241,1
15283,8.711379,0
15284,0.557823,0
15285,9.777443,1
15286,0.987205,1
15287,9.294888,0
15288,8.767612,0
15289,0.428825,0
15290,0.171736,0
15291,9.2872,0
15292,1.928696,0
15293,0.175916,1
15294,0.237724,0
15295,4.274948,1
15296,0.377693,1
15297,9.977034,0
15298,0.075425,0
15299,1.311562,0
15300,8.92203,1
15301,8.93326,0
15302,0.182571,0
15303,0.697839,0
15304,9.662205,0
15305,1.916885,0
15306,0.151568,0
15307,9.627398,1
15308,0.38628,0
15309,0.081574,1
15310,9.489918,0
15311,2.540438,0
15312,0.19613,1
15313,0.062418,1
15314,2.191707,0
15315,1.725468,0
15316,0.204929,1
15317,2.900531,0
15318,3.693342,1
15319,3.319284,1
15320,1.490133,0
15321,0.327164,0
15322,1.980379,0
15323,1.163461,0
15324,9.044595,0
15325,0.482579,1
15326,0.087853,1
15327,10.51962,0
15328,0.065001,1
15329,1.348996,1
15330,0.365516,0
15331,2.92223,1
15332,0.163804,1
15333,0.357666,1
15334,3.499632,1
15335,0.369004,1
15336,1.575516,0
15337,0.05607,0
15338,9.541971,1
15339,2.582182,1
15340,1.282882,1
15341,9.233898,0
15342,0.691027,1
15343,3.373513,1
15344,10.445062,0
15345,0.34882,1
15346,3.883442,1
15347,9.698334,1
15348,0.065164,1
15349,2.881416,1
15350,2.258123,1
15351,1.80131,1
15352,1.878142,1
15353,0.217268,0
15354,9.119447,1
15355,2.350764,0
15356,9.726486,0
15357,0.323882,1
15358,0.461135,1
15359,1.983847,1
15360,0.48379,0
15361,1.503399,0
15362,0.616883,0
15363,0.55601,0
15364,9.685236,0
15365,0.135441,1
15366,0.223577,1
15367,2.04524,1
15368,1.315639,0
15369,9.242677,0
15370,2.201437,1
15371,0.170691,0
15372,1.387021,1
15373,10.237604,0
15374,0.073679,1
15375,3.383646,0
15376,1.354574,1
15377,1.794461,0
15378,0.131885,1
15379,0.329592,0
15380,8.359564,0
15381,5.886156,1
15382,2.682916,0
15383,0.406466,1
15384,1.322279,0
15385,9.595755,0
15386,2.408741,1
15387,0.113719,0
15388,3.12406,1
15389,10.322613,0
15390,3.245894,0
15391,4.133089,0
15392,0.209168,0
15393,2.721851,1
15394,9.352135,0
15395,9.349461,0
15396,1.631134,0
15397,0.688323,1
15398,0.253808,0
15399,3.859949,1
15400,1.957899,0
15401,1.754196,0
15402,0.099646,1
15403,9.941616,0
15404,3.822999,0
15405,2.36396,1
15406,1.91836,1
15407,0.073564,1
15408,8.91571,1
15409,1.556679,1
15410,0.081548,0
15411,0.070555,1
15412,0.106864,1
15413,2.058782,0
15414,9.677326,0
15415,0.165986,1
15416,0.084369,0
15417,9.344423,1
15418,10.022973,0
15419,9.93234,0
15420,9.141634,0
15421,1.821301,0
15422,2.068244,0
15423,1.019672,1
15424,10.335521,0
15425,0.087648,0
15426,0.125876,0
15427,3.78668,0
15428,2.741564,1
15429,9.565409,1
15430,4.934938,1
15431,9.154508,0
15432,2.731281,0
15433,1.317386,0
15434,4.295434,0
15435,0.645779,0
15436,4.359609,1
15437,0.087643,1
15438,8.929288,0
15439,0.273049,1
15440,1.614012,0
15441,0.63331,0
15442,1.475214,0
15443,3.933738,0
15444,1.136082,0
15445,0.558694,0
15446,2.887439,1
15447,9.10743,0
15448,2.638516,1
15449,2.15529,1
15450,2.575701,1
15451,0.189186,1
15452,2.533888,0
15453,0.22523,0
15454,8.624805,0
15455,9.544436,1
15456,2.426055,1
15457,10.984139,0
15458,2.18733,0
15459,8.13156,0
15460,0.065318,0
15461,10.454815,0
15462,0.344937,0
15463,10.319359,0
15464,0.647049,1
15465,0.987075,0
15466,0.279681,1
15467,2.763898,1
15468,11.395063,0
15469,10.678042,0
15470,8.634427,0
15471,3.957076,1
15472,9.458393,0
15473,0.049707,0
15474,3.748229,1
15475,10.660859,0
15476,1.450709,0
15477,9.192981,0
15478,2.495269,1
15479,0.077256,1
15480,1.870152,0
15481,2.130355,1
15482,2.143133,0
15483,1.213951,0
15484,0.145378,0
15485,1.786572,1
15486,0.075177,1
15487,0.119751,1
15488,0.388098,0
15489,0.400038,0
15490,11.608045,0
15491,1.276549,0
15492,0.667463,1
15493,1.993421,1
15494,9.910272,0
15495,4.76111,1
15496,1.867412,1
15497,9.879327,0
15498,0.136487,1
15499,2.385878,1
15500,2.69134,0
15501,0.043706,1
15502,0.110033,0
15503,10.123777,1
15504,0.24643,0
15505,2.062264,0
15506,9.948863,0
15507,0.078617,1
15508,2.729639,1
15509,0.064295,1
15510,9.10464,0
15511,0.075396,0
15512,0.564657,1
15513,1.285027,1
15514,3.60695,0
15515,0.240599,0
15516,0.075579,0
15517,9.811464,0
15518,0.110851,0
15519,2.987381,0
15520,1.648958,1
15521,1.438625,0
15522,2.642975,1
15523,1.839173,0
15524,2.22186,1
15525,0.539047,1
15526,4.953997,1
15527,1.301094,0
15528,10.282438,1
15529,9.583131,0
15530,3.284247,0
15531,0.113025,0
15532,2.981475,1
15533,0.984544,1
15534,2.023115,0
15535,9.902611,0
15536,1.767551,0
15537,1.333068,0
15538,2.89148,1
15539,10.213615,1
15540,0.132019,1
15541,1.861365,1
15542,2.889702,0
15543,8.943478,0
15544,9.57177,0
15545,10.054476,0
15546,2.129608,1
15547,1.205843,0
15548,0.090265,1
15549,10.306459,1
15550,1.447681,1
15551,1.708768,0
15552,8.670565,0
15553,0.125464,1
15554,9.711009,0
15555,0.115667,0
15556,0.67417,1
15557,0.373647,0
15558,1.109227,1
15559,8.365601,1
15560,0.324605,1
15561,3.068255,1
15562,0.096242,1
15563,9.689529,0
15564,0.15328,0
15565,10.23304,0
15566,0.055122,0
15567,0.970086,1
15568,3.739996,1
15569,3.378649,1
15570,3.387385,1
15571,3.362974,1
15572,0.368384,0
15573,0.421154,1
15574,1.537005,0
15575,0.791387,1
15576,0.323848,1
15577,0.874369,1
15578,2.605119,1
15579,10.137504,0
15580,9.207947,0
15581,0.096101,1
15582,1.975449,0
15583,0.248508,1
15584,3.790229,1
15585,1.802413,0
15586,3.072656,1
15587,0.095353,0
15588,9.016781,1
15589,0.046296,1
15590,3.487711,1
15591,0.120419,1
15592,0.295933,0
15593,0.302546,1
15594,2.829194,0
15595,1.946362,0
15596,0.088554,0
15597,1.108072,0
15598,9.878955,0
15599,10.830007,0
15600,9.844418,0
15601,0.105171,0
15602,9.834916,0
15603,8.636194,1
15604,0.081401,1
15605,1.699931,0
15606,4.545139,1
15607,9.504376,0
15608,0.157648,0
15609,4.3681,0
15610,0.105654,0
15611,0.123391,1
15612,4.632009,1
15613,0.040901,1
15614,9.477094,0
15615,0.076714,0
15616,3.588774,0
15617,0.511672,0
15618,0.721097,0
15619,0.447578,1
15620,0.049256,1
15621,0.164255,1
15622,1.452536,1
15623,9.030028,1
15624,8.643583,0
15625,0.117085,0
15626,9.867718,0
15627,0.340577,0
15628,9.516698,0
15629,2.169242,1
15630,0.098462,0
15631,0.063936,1
15632,2.373058,1
15633,0.916783,0
15634,0.303182,1
15635,0.051818,1
15636,1.865221,1
15637,0.169848,1
15638,2.19065,0
15639,0.754628,1
15640,2.492859,0
15641,0.783571,0
15642,0.062939,0
15643,9.724401,0
15644,2.620566,1
15645,0.09248,1
15646,0.348739,1
15647,9.60275,0
15648,1.434518,0
15649,0.096114,0
15650,1.85754,1
15651,9.265892,0
15652,2.723744,1
15653,0.354186,1
15654,0.248192,1
15655,9.384706,0
15656,8.820102,0
15657,9.311027,0
15658,0.316774,1
15659,0.105332,0
15660,0.174361,0
15661,0.058597,0
15662,1.177078,0
15663,0.156478,0
15664,0.084586,1
15665,1.090314,1
15666,2.985663,0
15667,8.835881,0
15668,0.310337,1
15669,0.080709,0
15670,1.030417,0
15671,0.114545,1
15672,1.563176,0
15673,1.963698,0
15674,9.368551,0
15675,0.144041,0
15676,10.526633,1
15677,9.162466,0
15678,0.079615,1
15679,0.526252,0
15680,2.234183,1
15681,3.431571,0
15682,1.484562,0
15683,2.005407,0
15684,0.059493,0
15685,0.529996,1
15686,10.49651,0
15687,8.733779,0
15688,10.247507,0
15689,0.126749,0
15690,0.119335,1
15691,10.600984,0
15692,0.018727,0
15693,9.440862,0
15694,0.090888,1
15695,0.061653,1
15696,10.863922,0
15697,8.824816,1
15698,0.197752,1
15699,2.962572,1
15700,2.231952,0
15701,10.062773,0
15702,9.898042,0
15703,0.61208,0
15704,0.227158,0
15705,0.151717,1
15706,9.734237,0
15707,1.938952,1
15708,0.790247,0
15709,3.468981,1
15710,2.765895,0
15711,4.049992,1
15712,0.341554,0
15713,2.002118,1
15714,10.380042,0
15715,2.890884,0
15716,0.097042,0
15717,0.518115,0
15718,0.075004,0
15719,1.797073,1
15720,0.228091,1
15721,0.118266,1
15722,0.188378,0
15723,10.517116,1
15724,9.97816,0
15725,0.07956,1
15726,0.44504,1
15727,0.710413,0
15728,11.377229,0
15729,0.494355,0
15730,10.019401,0
15731,1.306761,0
15732,0.090552,1
15733,10.851029,1
15734,8.473446,1
15735,3.930269,1
15736,0.135161,1
15737,0.082249,0
15738,3.195422,1
15739,1.710199,0
15740,1.410584,1
15741,10.336927,0
15742,0.460531,1
15743,0.120212,1
15744,2.050855,0
15745,3.125791,1
15746,1.459708,0
15747,0.309419,1
15748,9.384686,0
15749,0.815025,1
15750,2.401373,1
15751,0.243694,0
15752,0.402039,0
15753,0.071606,1
15754,0.359237,1
15755,3.063975,1
15756,0.659875,0
15757,0.534865,1
15758,1.188828,0
15759,9.003483,0
15760,1.408013,0
15761,0.097951,1
15762,10.406573,0
15763,2.395241,0
15764,1.884528,1
15765,1.42208,0
15766,8.930496,1
15767,9.394826,0
15768,9.945213,1
15769,0.231749,1
15770,0.046328,1
15771,2.690528,1
15772,9.998228,0
15773,1.577835,1
15774,4.360791,1
15775,0.282988,0
15776,1.44719,1
15777,0.141333,0
15778,8.906599,0
15779,0.20803,0
15780,0.195643,1
15781,9.64908,1
15782,10.945538,1
15783,3.031151,1
15784,1.953061,0
15785,3.022206,1
15786,2.928166,1
15787,0.303872,0
15788,1.414004,0
15789,0.056722,1
15790,0.44783,0
15791,9.712427,1
15792,2.5144,1
15793,2.520038,1
15794,1.831897,0
15795,9.585345,0
15796,2.586194,0
15797,3.561987,1
15798,1.404811,0
15799,0.100489,0
15800,9.825816,0
15801,0.132277,0
15802,9.98584,0
15803,1.126729,0
15804,9.294058,0
15805,10.008473,0
15806,0.165508,0
15807,0.149224,0
15808,1.244463,0
15809,0.627315,1
15810,1.301637,1
15811,1.822034,0
15812,8.958873,1
15813,1.520603,1
15814,0.883476,1
15815,4.617914,1
15816,0.100282,0
15817,0.098269,0
15818,9.751038,0
15819,0.193999,0
15820,0.069541,0
15821,0.108296,0
15822,0.406965,0
15823,2.524077,1
15824,8.251954,1
15825,0.094149,1
15826,10.21706,0
15827,0.236679,0
15828,2.873588,1
15829,10.622271,0
15830,0.328718,1
15831,9.513935,0
15832,10.138559,1
15833,3.641504,1
15834,0.478778,1
15835,4.553658,0
15836,0.182191,1
15837,4.864056,1
15838,2.390175,1
15839,2.877161,1
15840,0.107195,1
15841,2.533187,0
15842,0.500867,1
15843,0.079175,1
15844,2.012486,0
15845,9.514511,1
15846,9.782051,0
15847,0.505137,1
15848,0.341755,1
15849,3.388932,0
15850,0.111625,0
15851,0.333775,1
15852,9.066082,0
15853,1.350403,1
15854,9.290302,0
15855,0.358678,0
15856,3.973511,1
15857,2.379901,1
15858,9.078605,0
15859,2.163424,1
15860,0.38027,0
15861,0.08432,0
15862,0.094803,0
15863,1.385973,0
15864,0.61078,0
15865,9.065524,0
15866,0.087816,1
15867,0.561836,0
15868,9.804339,0
15869,0.142535,1
15870,0.605463,0
15871,9.806731,0
15872,4.580595,0
15873,0.06629,1
15874,9.985065,0
15875,3.200819,1
15876,0.239072,1
15877,1.689631,0
15878,0.149242,1
15879,2.020478,0
15880,0.24733,0
15881,2.055779,1
15882,2.13074,0
15883,0.147488,1
15884,0.223101,1
15885,2.807767,0
15886,0.24101,0
15887,4.07013,1
15888,8.940844,0
15889,0.682897,0
15890,1.565737,0
15891,9.406884,1
15892,0.171578,0
15893,9.75615,0
15894,0.164294,0
15895,0.188413,0
15896,0.253741,1
15897,3.009295,1
15898,1.511617,0
15899,3.586758,1
15900,1.183986,0
15901,0.109013,0
15902,2.196546,1
15903,1.542867,0
15904,10.404038,0
15905,3.124658,1
15906,0.073607,1
15907,8.895483,0
15908,10.191946,0
15909,0.097035,0
15910,9.840005,1
15911,0.111303,0
15912,1.543802,0
15913,1.31882,0
15914,0.19501,1
15915,0.194812,1
15916,1.586034,1
15917,0.113178,0
15918,0.272881,1
15919,7.72945,0
15920,0.240777,1
15921,10.480618,1
15922,10.916508,0
15923,0.116205,1
15924,10.366973,0
15925,0.080733,1
15926,2.024143,0
15927,9.966844,0
15928,0.144082,1
15929,5.360757,0
15930,10.17705,0
15931,9.564967,0
15932,1.683688,1
15933,9.140708,1
15934,0.39226,1
15935,3.099713,0
15936,1.551943,1
15937,10.192421,0
15938,1.730192,1
15939,10.328479,0
15940,9.54415,0
15941,0.18935,1
15942,1.530358,0
15943,1.691662,1
15944,9.736367,0
15945,1.897436,1
15946,10.04183,0
15947,0.087231,0
15948,9.982321,0
15949,0.102185,0
15950,3.363616,0
15951,0.357124,0
15952,2.996298,1
15953,3.04349,0
15954,9.410533,1
15955,1.567023,1
15956,0.238446,1
15957,3.105525,1
15958,0.381707,1
15959,0.132803,1
15960,9.068712,1
15961,0.107013,0
15962,9.047976,0
15963,4.331447,1
15964,2.459527,1
15965,1.414935,0
15966,0.130854,1
15967,0.057034,1
15968,1.80715,0
15969,0.494824,0
15970,1.311973,1
15971,1.595767,1
15972,0.435272,0
15973,0.176939,1
15974,8.874049,1
15975,0.677267,1
15976,2.317336,0
15977,0.227037,1
15978,10.574146,0
15979,0.648817,0
15980,2.843577,1
15981,1.221856,0
15982,9.814713,0
15983,2.404612,1
15984,0.196997,1
15985,0.148947,1
15986,2.30153,0
15987,0.659498,0
15988,9.556087,0
15989,0.110531,1
15990,0.113323,1
15991,10.277036,0
15992,1.594625,1
15993,1.329565,0
15994,2.298383,1
15995,8.752491,0
15996,0.108017,1
15997,3.193882,1
15998,0.979196,0
15999,9.574815,0
16000,10.041632,0
16001,9.555923,0
16002,0.09502,1
16003,0.201554,1
16004,0.18683,1
16005,9.985193,1
16006,3.399512,1
16007,0.36439,1
16008,2.145175,0
16009,1.854107,0
16010,0.111404,1
16011,4.334587,1
16012,3.253159,0
16013,0.12434,0
16014,3.049729,1
16015,0.955768,1
16016,10.066432,0
16017,2.026644,1
16018,0.192798,1
16019,10.435265,0
16020,8.412974,1
16021,0.254502,1
16022,2.104598,1
16023,1.809481,0
16024,3.587359,1
16025,9.622478,0
16026,2.588132,1
16027,3.078864,1
16028,0.74672,1
16029,2.601676,1
16030,9.810369,0
16031,0.307031,1
16032,1.899745,0
16033,0.217993,0
16034,0.141765,0
16035,0.039547,1
16036,0.259464,1
16037,2.312438,0
16038,0.107616,0
16039,2.218724,0
16040,4.623307,0
16041,10.200369,0
16042,0.540398,1
16043,0.296653,1
16044,0.888379,1
16045,2.129939,0
16046,0.063631,1
16047,10.075538,0
16048,0.091896,0
16049,9.957386,0
16050,9.012495,1
16051,3.973379,0
16052,8.922316,0
16053,3.094419,0
16054,9.473163,0
16055,3.255777,1
16056,1.097557,0
16057,0.483408,1
16058,1.952218,0
16059,9.956652,0
16060,9.114271,1
16061,1.155211,0
16062,10.498629,0
16063,1.071604,0
16064,2.649396,1
16065,8.740693,0
16066,2.815043,0
16067,10.758762,0
16068,9.590596,1
16069,8.645075,0
16070,0.320254,0
16071,0.060571,0
16072,9.54565,0
16073,0.296742,1
16074,3.014641,1
16075,0.063359,1
16076,9.643326,0
16077,0.412834,0
16078,2.298841,0
16079,0.069461,1
16080,9.842594,0
16081,0.075128,0
16082,2.954464,1
16083,4.065412,1
16084,1.913051,1
16085,0.74364,0
16086,1.860373,1
16087,0.590727,0
16088,1.541626,0
16089,10.580121,0
16090,1.746805,0
16091,8.793481,1
16092,0.885408,0
16093,0.222484,1
16094,0.095307,0
16095,0.212261,1
16096,10.109892,0
16097,0.164172,1
16098,0.608654,0
16099,0.102255,0
16100,4.425049,1
16101,0.081838,1
16102,0.763236,1
16103,0.903482,1
16104,2.40134,0
16105,2.734645,1
16106,0.644985,0
16107,2.244823,0
16108,0.050519,1
16109,0.121668,1
16110,10.025405,0
16111,0.06456,1
16112,10.336715,0
16113,2.119811,0
16114,8.766221,0
16115,0.960995,1
16116,2.754604,0
16117,2.029777,0
16118,0.223032,1
16119,0.296057,0
16120,3.871435,0
16121,3.221634,0
16122,0.127701,1
16123,1.365395,1
16124,2.262905,0
16125,0.127712,0
16126,0.929725,0
16127,0.150681,0
16128,2.24255,1
16129,0.655491,0
16130,1.325364,0
16131,1.428216,0
16132,8.478349,0
16133,8.487794,1
16134,2.983517,1
16135,1.551836,1
16136,0.325469,0
16137,0.166311,0
16138,10.309046,1
16139,3.426128,1
16140,9.389606,0
16141,9.229155,0
16142,0.338384,1
16143,1.91149,0
16144,11.12765,0
16145,2.024921,1
16146,1.927423,1
16147,10.480131,1
16148,1.721202,0
16149,2.243124,1
16150,10.017025,0
16151,0.812449,1
16152,0.232439,0
16153,2.232305,1
16154,8.802812,1
16155,1.331349,0
16156,2.268968,1
16157,0.425536,1
16158,0.090751,1
16159,0.20895,1
16160,0.056608,0
16161,0.10549,1
16162,0.696407,0
16163,1.897533,1
16164,9.626133,0
16165,2.728384,1
16166,7.924079,1
16167,0.093574,1
16168,3.567001,1
16169,1.46648,0
16170,0.340127,1
16171,0.177935,1
16172,9.871067,1
16173,3.539293,1
16174,0.42033,0
16175,1.094401,0
16176,8.901223,1
16177,0.084105,0
16178,0.24315,1
16179,9.284431,1
16180,9.691986,0
16181,0.152525,0
16182,0.392084,1
16183,0.24693,1
16184,0.06507,1
16185,2.567379,1
16186,0.138065,1
16187,2.791354,0
16188,10.636536,0
16189,9.783286,1
16190,0.12725,1
16191,0.342235,1
16192,0.33732,0
16193,0.131155,0
16194,1.255438,0
16195,0.284028,1
16196,0.356584,1
16197,0.350384,0
16198,2.11082,0
16199,0.094045,0
16200,9.533959,0
16201,3.798295,0
16202,9.64712,0
16203,0.308,0
16204,5.369431,1
16205,2.604417,1
16206,2.387767,0
16207,0.216205,1
16208,0.063316,1
16209,2.486811,1
16210,11.227976,0
16211,2.06475,1
16212,0.575132,1
16213,3.475352,1
16214,0.195005,1
16215,3.173015,0
16216,1.860892,1
16217,0.143071,1
16218,3.992132,1
16219,1.325755,0
16220,9.883381,0
16221,9.74717,0
16222,2.918589,0
16223,1.251323,1
16224,10.040921,0
16225,0.126275,0
16226,8.653903,0
16227,0.094215,1
16228,2.490161,1
16229,0.191217,0
16230,0.484822,0
16231,1.748598,0
16232,1.752786,1
16233,0.159761,1
16234,2.881439,1
16235,0.117916,1
16236,0.197001,1
16237,0.0766,0
16238,10.071829,0
16239,2.721146,1
16240,9.513929,1
16241,0.153827,1
16242,0.057257,1
16243,0.421502,1
16244,2.955599,1
16245,1.995702,0
16246,0.246972,0
16247,0.424997,1
16248,9.718487,0
16249,3.138269,1
16250,0.18718,0
16251,0.276509,0
16252,0.083126,1
16253,10.23552,0
16254,2.216696,0
16255,1.635207,0
16256,3.508439,1
16257,0.354995,1
16258,2.954968,1
16259,4.26656,1
16260,1.155375,0
16261,0.50699,0
16262,9.49076,0
16263,9.91448,0
16264,3.088805,0
16265,2.773895,0
16266,1.313788,0
16267,1.789867,1
16268,2.816584,1
16269,0.114173,0
16270,10.263607,1
16271,0.155897,1
16272,1.457963,0
16273,1.790995,0
16274,3.818014,1
16275,1.175464,0
16276,0.459825,0
16277,0.279233,1
16278,3.153879,1
16279,4.284484,1
16280,9.044467,0
16281,0.302168,1
16282,9.859588,0
16283,8.731561,0
16284,1.844502,0
16285,2.44985,1
16286,8.74078,0
16287,9.268627,1
16288,0.10659,1
16289,0.129301,1
16290,1.405604,0
16291,10.167243,0
16292,4.227988,0
16293,1.327478,0
16294,0.367201,1
16295,2.579431,0
16296,2.959858,1
16297,1.866035,1
16298,0.370741,1
16299,4.177866,1
16300,0.08831,1
16301,10.206844,0
16302,9.378788,0
16303,0.063252,1
16304,9.166928,0
16305,1.932429,0
16306,0.087591,0
16307,10.229549,0
16308,1.277646,1
16309,0.14236,1
16310,3.075436,1
16311,0.30261,1
16312,5.529216,1
16313,0.17229,1
16314,0.195396,0
16315,4.487492,0
16316,0.609949,1
16317,0.565907,0
16318,0.125856,0
16319,0.156677,0
16320,0.120767,1
16321,1.140067,0
16322,0.142911,1
16323,10.133228,1
16324,0.279327,0
16325,3.099867,1
16326,8.981879,0
16327,0.383371,1
16328,0.189631,0
16329,2.195656,0
16330,10.737144,0
16331,1.901412,1
16332,0.076518,1
16333,9.769754,0
16334,0.19507,1
16335,0.072371,1
16336,10.043255,0
16337,0.592401,0
16338,10.388278,0
16339,0.344774,0
16340,10.192322,0
16341,1.619555,0
16342,0.178122,1
16343,0.222254,1
16344,0.179325,0
16345,1.773452,0
16346,9.610387,0
16347,0.274235,0
16348,0.079774,0
16349,10.498807,0
16350,0.238773,1
16351,4.773798,1
16352,0.088348,1
16353,10.675405,0
16354,0.094767,1
16355,0.129332,1
16356,2.467419,1
16357,0.172859,1
16358,0.403233,0
16359,9.455866,0
16360,1.586316,0
16361,1.084786,0
16362,2.083479,0
16363,1.568632,0
16364,0.088012,1
16365,0.053146,1
16366,2.278123,1
16367,3.805686,1
16368,0.117451,0
16369,3.053001,1
16370,0.075122,1
16371,10.441239,0
16372,0.608096,0
16373,0.192992,0
16374,9.879268,1
16375,0.14927,1
16376,0.418928,0
16377,2.683869,1
16378,0.193412,0
16379,0.142722,1
16380,2.706418,0
16381,3.721511,1
16382,3.281489,0
16383,1.390884,1
16384,1.391893,0
16385,0.072982,1
16386,3.770574,1
16387,1.195972,0
16388,9.070587,0
16389,0.980508,0
16390,1.952083,1
16391,4.353392,1
16392,10.410282,0
16393,1.527684,0
16394,9.876271,0
16395,0.929747,0
16396,0.055171,1
16397,3.701937,1
16398,1.729725,0
16399,3.362495,1
16400,0.133715,0
16401,0.29923,1
16402,0.080962,1
16403,9.589429,0
16404,1.251418,0
16405,10.162653,0
16406,10.15006,0
16407,10.327909,1
16408,0.451452,0
16409,1.120955,0
16410,8.672009,1
16411,1.137798,0
16412,0.422077,0
16413,1.717824,0
16414,3.790622,1
16415,0.737775,0
16416,2.36898,1
16417,0.661926,0
16418,8.919568,0
16419,3.10914,1
16420,0.131518,1
16421,0.60028,1
16422,0.94913,0
16423,0.146125,1
16424,2.240626,1
16425,11.323887,0
16426,3.20395,0
16427,9.054738,0
16428,0.051315,1
16429,0.445601,0
16430,2.733683,1
16431,0.428691,1
16432,0.145754,1
16433,3.269223,1
16434,9.954925,0
16435,3.14624,1
16436,0.36851,0
16437,8.502923,0
16438,0.137738,0
16439,2.606972,0
16440,1.818284,0
16441,1.147072,0
16442,2.022271,1
16443,3.536858,1
16444,0.154357,0
16445,9.090483,0
16446,1.710691,0
16447,1.794009,0
16448,3.237743,0
16449,9.843405,0
16450,8.7888,1
16451,0.201535,0
16452,0.477487,0
16453,4.241552,1
16454,9.10972,0
16455,0.094945,0
16456,0.237434,0
16457,0.475781,0
16458,9.940171,0
16459,0.666666,1
16460,0.447838,0
16461,9.474667,0
16462,0.263602,1
16463,9.833901,0
16464,0.176272,0
16465,0.069172,0
16466,2.542652,1
16467,0.073196,0
16468,9.961055,0
16469,0.342837,0
16470,0.061775,0
16471,2.274901,0
16472,9.355207,0
16473,2.689421,1
16474,3.07489,1
16475,1.779248,1
16476,1.604176,1
16477,2.494021,1
16478,3.320675,1
16479,2.072125,1
16480,0.159673,1
16481,9.787638,0
16482,0.392094,1
16483,9.649348,1
16484,0.067428,1
16485,9.405735,0
16486,1.220098,1
16487,3.724021,1
16488,0.053374,1
16489,1.287797,1
16490,2.400218,1
16491,0.569549,1
16492,1.600563,1
16493,0.951605,1
16494,1.2635,0
16495,0.19392,0
16496,0.270784,1
16497,1.37834,0
16498,7.398765,0
16499,0.21325,1
16500,0.12807,1
16501,1.001622,1
16502,0.189771,1
16503,9.861199,0
16504,1.447281,0
16505,0.408898,1
16506,0.376937,1
16507,9.410011,0
16508,0.163424,1
16509,1.85509,0
16510,0.182144,0
16511,0.34128,0
16512,9.87897,0
16513,9.771196,0
16514,10.231714,0
16515,9.474588,0
16516,10.154461,0
16517,0.065218,1
16518,3.871111,1
16519,0.923174,0
16520,0.165874,1
16521,10.18086,1
16522,10.499541,0
16523,0.457778,0
16524,0.197989,1
16525,9.576621,0
16526,1.834097,1
16527,4.477103,1
16528,0.282781,0
16529,0.219429,0
16530,0.590903,0
16531,0.249196,0
16532,1.987744,0
16533,0.915946,0
16534,9.668448,1
16535,2.417634,1
16536,8.995074,1
16537,0.964922,1
16538,3.278449,1
16539,9.679503,0
16540,9.00188,1
16541,0.470879,1
16542,2.135258,0
16543,0.164694,0
16544,0.091937,1
16545,0.197852,1
16546,0.169997,1
16547,9.375072,0
16548,0.129438,1
16549,1.343972,1
16550,1.497359,1
16551,9.549109,0
16552,2.754975,1
16553,4.762684,1
16554,9.818489,0
16555,2.362711,1
16556,1.369851,0
16557,9.681428,0
16558,0.390878,0
16559,9.266745,0
16560,0.435497,1
16561,9.690397,1
16562,0.099691,0
16563,0.093683,1
16564,10.564907,0
16565,3.707706,1
16566,3.851388,1
16567,2.055027,0
16568,3.962539,1
16569,0.196118,1
16570,9.461661,0
16571,2.269699,0
16572,4.111979,0
16573,1.898669,1
16574,2.022346,0
16575,3.003383,0
16576,0.14368,0
16577,1.31698,0
16578,2.139864,0
16579,1.590131,0
16580,10.25921,1
16581,1.762562,0
16582,0.120145,0
16583,0.108462,1
16584,0.054,1
16585,0.993535,1
16586,0.290719,1
16587,0.12966,1
16588,2.294175,0
16589,1.397248,0
16590,1.0345,1
16591,0.162247,1
16592,2.017972,0
16593,0.084192,1
16594,10.003829,0
16595,2.089046,0
16596,0.43111,0
16597,0.238374,0
16598,0.848593,1
16599,0.324442,1
16600,2.131587,0
16601,0.092953,1
16602,0.053333,0
16603,1.329647,0
16604,9.596072,0
16605,0.235538,1
16606,0.618486,1
16607,1.010923,0
16608,1.432334,0
16609,0.177038,1
16610,9.57935,0
16611,0.197573,0
16612,8.962882,0
16613,0.165036,1
16614,0.403114,0
16615,1.941185,0
16616,1.32446,1
16617,2.414115,1
16618,1.998313,1
16619,4.056532,1
16620,0.248105,0
16621,9.834764,0
16622,8.700274,0
16623,2.968079,0
16624,0.940352,1
16625,0.318798,1
16626,9.234965,0
16627,0.053546,1
16628,1.892672,1
16629,9.674049,0
16630,10.139375,0
16631,0.08278,0
16632,3.987916,1
16633,9.374458,0
16634,9.359982,0
16635,3.320253,1
16636,1.886809,1
16637,4.271533,1
16638,0.940733,0
16639,0.13971,1
16640,3.406594,1
16641,9.111348,1
16642,0.112428,0
16643,0.090372,1
16644,3.517769,1
16645,2.930029,1
16646,10.820374,0
16647,2.889602,1
16648,9.557788,0
16649,0.165976,1
16650,2.369954,1
16651,0.08855,0
16652,0.174859,1
16653,8.970301,0
16654,5.133882,1
16655,0.133225,1
16656,0.470878,1
16657,1.574768,0
16658,10.365695,0
16659,0.173596,1
16660,0.940518,0
16661,0.299376,0
16662,0.286514,0
16663,0.2133,1
16664,0.351258,0
16665,2.404799,0
16666,0.105864,1
16667,0.937189,1
16668,1.261173,1
16669,2.547938,1
16670,0.286434,1
16671,2.105287,0
16672,1.699744,0
16673,0.081132,0
16674,9.408072,0
16675,0.071696,1
16676,1.447232,1
16677,9.836197,1
16678,0.167439,0
16679,1.863852,1
16680,0.099936,1
16681,0.107395,1
16682,1.180691,0
16683,4.105236,1
16684,9.519559,1
16685,0.233689,1
16686,2.755269,1
16687,2.004385,0
16688,2.055377,0
16689,10.199861,0
16690,9.27227,0
16691,1.929794,0
16692,9.509924,0
16693,0.430115,0
16694,1.465564,0
16695,9.130393,1
16696,0.038547,1
16697,1.069598,0
16698,8.132655,0
16699,1.428089,0
16700,0.577159,0
16701,0.125205,1
16702,0.524159,0
16703,9.319235,0
16704,0.296615,0
16705,3.616626,1
16706,1.311495,1
16707,2.895502,1
16708,1.735529,1
16709,0.894086,0
16710,2.004878,0
16711,10.821244,0
16712,9.153067,0
16713,10.976127,0
16714,1.641789,1
16715,1.509145,0
16716,10.618612,0
16717,2.562311,0
16718,9.804678,1
16719,0.072073,0
16720,0.483188,0
16721,0.177419,0
16722,9.450165,0
16723,0.390997,1
16724,0.634342,1
16725,1.102869,0
16726,0.230971,0
16727,0.055975,0
16728,10.098523,0
16729,9.67222,0
16730,1.849269,0
16731,8.502073,0
16732,0.265311,0
16733,8.904678,0
16734,0.12159,1
16735,2.386203,1
16736,1.709157,0
16737,3.998259,1
16738,10.153327,0
16739,0.419762,0
16740,3.848386,1
16741,1.368659,1
16742,2.559488,0
16743,0.255057,0
16744,0.094326,1
16745,0.053397,1
16746,0.064016,0
16747,0.493719,0
16748,0.406713,0
16749,4.565938,1
16750,10.858859,0
16751,4.653366,0
16752,0.412761,1
16753,0.083226,1
16754,1.522264,1
16755,0.342334,1
16756,0.082745,1
16757,3.752469,1
16758,2.573882,1
16759,2.159343,0
16760,0.140576,0
16761,3.702879,1
16762,10.93719,0
16763,0.357979,0
16764,1.347762,0
16765,0.272023,0
16766,0.106022,0
16767,0.186037,0
16768,0.489507,0
16769,0.130171,0
16770,1.929142,0
16771,9.240072,0
16772,2.415131,1
16773,0.155356,1
16774,9.75209,0
16775,0.135265,1
16776,3.940586,0
16777,10.405089,1
16778,0.152782,1
16779,10.402447,0
16780,0.072546,1
16781,0.27875,1
16782,3.294864,1
16783,9.248776,0
16784,10.896447,0
16785,9.851731,1
16786,0.07471,1
16787,2.031454,0
16788,0.143919,0
16789,0.430414,1
16790,2.290428,1
16791,0.199546,1
16792,0.091506,1
16793,1.215923,0
16794,10.204768,1
16795,3.035923,1
16796,3.218518,1
16797,0.115946,0
16798,9.669391,0
16799,1.317486,0
16800,3.893685,1
16801,2.148808,1
16802,2.472136,1
16803,0.051664,1
16804,1.90892,0
16805,0.125082,0
16806,0.863912,1
16807,8.976659,1
16808,0.128302,1
16809,2.503284,0
16810,1.578983,0
16811,0.150901,1
16812,9.354704,0
16813,0.166544,0
16814,3.188093,1
16815,11.06413,0
16816,2.570128,1
16817,9.208161,0
16818,2.352305,0
16819,0.224245,0
16820,0.041146,1
16821,10.242744,0
16822,3.778497,1
16823,7.769447,1
16824,8.861929,1
16825,0.084518,0
16826,0.789836,0
16827,1.798684,0
16828,3.125583,1
16829,9.193316,0
16830,1.999521,1
16831,2.159535,0
16832,2.81851,0
16833,0.165072,0
16834,10.559466,1
16835,3.751241,1
16836,8.632259,0
16837,0.2253,1
16838,10.282946,0
16839,3.669033,1
16840,2.818721,1
16841,2.169345,0
16842,0.249034,1
16843,0.175117,0
16844,9.614398,0
16845,2.392956,0
16846,2.417529,0
16847,10.950991,0
16848,10.556077,0
16849,8.635676,0
16850,1.872625,1
16851,2.434832,0
16852,9.655623,0
16853,0.08266,1
16854,0.394853,1
16855,1.234982,1
16856,0.147873,0
16857,9.673789,0
16858,0.350172,0
16859,9.918368,0
16860,0.739903,1
16861,1.26072,0
16862,1.831336,1
16863,1.330816,1
16864,0.265341,0
16865,9.957376,0
16866,0.080539,1
16867,0.105827,1
16868,10.085205,1
16869,0.195013,1
16870,0.197657,0
16871,0.860362,1
16872,1.616999,1
16873,1.236065,0
16874,1.268854,0
16875,9.951263,0
16876,2.603868,0
16877,9.598202,0
16878,0.107434,1
16879,10.394518,0
16880,2.704935,1
16881,0.214731,0
16882,0.122612,1
16883,0.07404,0
16884,0.058222,1
16885,0.16051,0
16886,0.618074,0
16887,10.052341,1
16888,2.196354,0
16889,9.370034,1
16890,1.866344,1
16891,1.216808,1
16892,0.209376,1
16893,1.410837,0
16894,3.197958,0
16895,1.734757,0
16896,0.265432,0
16897,0.0306,1
16898,1.327821,1
16899,0.135755,1
16900,3.322944,0
16901,8.047882,0
16902,0.086773,1
16903,0.544135,0
16904,2.551114,0
16905,9.744705,0
16906,9.045509,0
16907,0.116603,0
16908,0.188728,0
16909,3.077014,1
16910,1.922341,1
16911,2.503569,0
16912,3.312533,1
16913,8.758885,1
16914,1.01136,0
16915,0.075022,0
16916,1.576316,1
16917,0.646215,0
16918,0.080043,0
16919,1.353008,0
16920,5.22343,1
16921,4.127045,1
16922,10.389789,0
16923,4.235512,1
16924,4.090346,1
16925,0.616252,1
16926,8.268451,1
16927,0.206591,1
16928,1.594955,1
16929,3.490263,1
16930,2.547319,1
16931,1.708444,1
16932,2.472635,1
16933,6.082988,1
16934,0.218878,0
16935,2.927367,0
16936,2.263934,1
16937,0.143264,0
16938,3.143735,1
16939,0.057663,0
16940,0.08666,1
16941,10.754553,0
16942,2.549624,0
16943,3.347294,1
16944,9.096263,0
16945,0.224882,0
16946,10.870343,0
16947,2.230222,0
16948,2.155898,0
16949,3.051069,1
16950,1.733504,0
16951,0.123513,0
16952,2.502782,0
16953,2.858291,1
16954,0.06052,1
16955,1.802667,0
16956,4.526084,1
16957,8.422519,1
16958,1.465556,0
16959,3.095925,1
16960,2.976177,0
16961,0.371678,1
16962,0.822345,0
16963,0.093496,0
16964,9.489734,0
16965,0.073514,1
16966,0.281164,1
16967,1.578202,1
16968,0.04824,1
16969,9.228611,1
16970,0.513115,0
16971,1.891325,0
16972,3.374884,0
16973,2.349758,1
16974,1.38184,0
16975,0.124389,1
16976,2.03058,0
16977,2.168911,0
16978,2.313885,0
16979,0.114163,0
16980,4.296243,1
16981,0.549364,1
16982,1.943308,1
16983,0.142477,0
16984,10.065674,1
16985,2.478822,0
16986,1.552386,0
16987,0.270302,1
16988,8.38407,0
16989,8.717226,0
16990,0.245601,1
16991,4.834446,1
16992,8.469285,0
16993,2.504274,1
16994,2.290319,0
16995,1.391204,0
16996,0.379487,0
16997,0.37212,1
16998,9.617693,0
16999,9.361222,1
17000,0.234003,1
17001,0.157453,1
17002,1.814855,0
17003,3.721658,0
17004,0.185608,1
17005,0.169059,0
17006,1.361345,0
17007,1.852333,1
17008,10.320687,0
17009,2.085416,0
17010,0.144736,1
17011,0.113541,0
17012,1.806235,0
17013,0.558499,1
17014,2.10791,1
17015,0.43015,0
17016,0.254637,1
17017,0.116683,1
17018,1.748887,1
17019,9.876964,0
17020,4.366202,0
17021,0.162883,0
17022,0.750939,0
17023,0.379019,0
17024,2.515059,1
17025,9.409684,0
17026,8.900358,1
17027,0.228883,0
17028,1.267052,0
17029,8.583285,0
17030,0.219814,1
17031,1.929448,0
17032,3.26771,1
17033,2.650366,1
17034,9.890025,0
17035,0.055159,1
17036,0.182934,0
17037,0.118946,1
17038,10.558677,0
17039,0.423178,1
17040,1.220454,1
17041,2.851695,0
17042,0.093453,0
17043,10.094129,0
17044,1.914358,1
17045,2.316424,1
17046,3.422596,0
17047,1.421093,0
17048,0.440261,0
17049,8.647593,0
17050,9.114997,0
17051,1.329095,0
17052,0.097085,1
17053,10.83256,0
17054,1.059917,0
17055,0.151088,0
17056,0.212261,0
17057,4.171293,1
17058,0.086199,1
17059,0.347615,1
17060,3.466512,1
17061,3.635705,1
17062,0.10172,0
17063,9.54303,0
17064,0.09272,0
17065,8.894571,1
17066,4.194783,1
17067,0.042893,0
17068,0.284621,1
17069,4.462065,1
17070,2.761876,0
17071,0.391968,1
17072,0.265849,0
17073,0.05185,1
17074,1.490544,1
17075,3.400651,1
17076,1.802769,0
17077,0.13089,1
17078,2.576491,1
17079,4.368406,1
17080,2.293595,1
17081,1.638802,0
17082,3.104936,0
17083,2.272135,1
17084,1.059701,0
17085,9.972032,0
17086,0.614813,0
17087,2.659888,0
17088,1.947634,0
17089,0.36918,0
17090,10.353529,0
17091,2.923914,1
17092,2.532061,1
17093,1.463275,0
17094,0.413446,1
17095,9.482628,0
17096,0.288987,1
17097,1.489973,1
17098,1.500492,0
17099,0.284979,1
17100,3.736272,1
17101,2.004636,0
17102,3.025054,1
17103,0.084785,1
17104,1.413685,0
17105,0.308688,1
17106,4.378717,1
17107,11.073683,0
17108,0.169415,0
17109,0.129348,0
17110,8.510383,0
17111,2.645113,1
17112,0.109981,0
17113,1.620748,0
17114,1.546092,0
17115,0.070049,0
17116,0.068994,1
17117,0.177782,0
17118,0.9697,1
17119,8.97486,0
17120,0.306154,0
17121,9.667569,0
17122,0.169538,1
17123,0.208664,0
17124,0.085569,0
17125,0.097668,0
17126,2.334685,0
17127,2.446394,1
17128,4.54318,1
17129,8.343099,1
17130,0.329177,0
17131,3.111499,0
17132,10.043323,0
17133,2.54098,1
17134,0.14761,1
17135,0.121044,0
17136,1.86763,1
17137,9.066049,1
17138,2.89392,0
17139,0.304388,1
17140,2.377816,0
17141,1.160167,0
17142,1.843785,0
17143,0.135787,1
17144,9.949435,0
17145,0.194813,0
17146,10.432624,0
17147,0.084955,1
17148,0.213997,1
17149,10.877594,0
17150,0.20422,0
17151,2.776139,1
17152,10.000093,0
17153,0.074775,1
17154,0.074287,1
17155,1.328224,0
17156,0.438579,0
17157,0.088342,1
17158,1.718887,0
17159,4.385952,0
17160,1.55078,1
17161,4.099098,0
17162,1.45049,0
17163,2.519816,1
17164,9.809067,0
17165,0.127202,1
17166,0.300208,1
17167,0.546508,1
17168,8.533831,0
17169,2.173765,1
17170,0.134429,1
17171,0.114205,0
17172,1.137674,0
17173,0.095209,0
17174,0.942056,0
17175,0.3109,1
17176,0.291126,0
17177,1.232789,0
17178,0.116802,0
17179,0.096357,1
17180,9.509865,0
17181,9.601752,0
17182,2.5198,1
17183,0.139731,0
17184,0.169544,0
17185,0.300855,1
17186,0.0604,1
17187,2.126058,1
17188,2.255915,0
17189,2.694007,1
17190,0.829978,0
17191,3.094714,0
17192,0.090914,1
17193,0.139247,0
17194,9.024026,0
17195,0.254719,1
17196,0.059091,1
17197,0.761869,1
17198,0.167824,1
17199,8.985227,0
17200,0.899899,1
17201,0.461152,0
17202,0.915002,1
17203,0.875684,0
17204,10.323493,0
17205,0.08607,0
17206,0.544824,1
17207,2.206255,0
17208,2.456665,0
17209,8.560115,0
17210,0.987198,1
17211,9.524963,0
17212,0.475762,0
17213,9.257927,1
17214,1.053894,1
17215,0.922867,0
17216,2.300925,1
17217,10.578418,0
17218,0.518402,0
17219,9.463685,1
17220,0.136857,0
17221,2.961399,1
17222,0.167326,1
17223,0.195534,0
17224,0.085278,1
17225,2.377679,0
17226,0.073952,0
17227,2.360584,1
17228,0.074901,0
17229,0.161563,0
17230,1.973504,1
17231,1.955894,0
17232,1.15031,1
17233,3.073189,1
17234,1.523616,0
17235,0.307455,1
17236,0.788253,0
17237,2.054518,0
17238,9.524838,1
17239,9.597054,0
17240,1.945892,0
17241,9.887297,0
17242,1.224676,0
17243,0.322778,1
17244,9.003362,0
17245,9.014565,0
17246,0.232879,1
17247,3.709254,1
17248,10.306004,0
17249,9.401011,0
17250,1.243367,0
17251,0.696109,0
17252,2.653567,1
17253,3.705856,0
17254,0.049826,1
17255,8.677303,0
17256,9.473228,0
17257,0.424318,1
17258,9.118576,0
17259,0.179432,0
17260,1.156028,0
17261,3.479989,1
17262,2.240627,1
17263,0.113264,1
17264,2.934085,1
17265,0.609697,1
17266,0.130762,1
17267,1.296128,1
17268,0.894223,0
17269,0.208283,1
17270,9.648948,0
17271,1.912988,0
17272,0.777035,0
17273,0.61351,0
17274,3.160624,0
17275,0.260491,1
17276,4.140573,1
17277,10.817973,0
17278,9.813227,0
17279,0.548775,0
17280,0.056575,1
17281,2.939123,1
17282,1.510719,0
17283,0.19396,0
17284,1.070482,0
17285,0.112074,0
17286,2.451895,0
17287,0.059188,1
17288,2.790462,0
17289,0.291842,1
17290,2.595955,1
17291,0.338445,0
17292,0.273693,0
17293,9.474207,0
17294,0.130628,1
17295,0.133184,1
17296,0.054452,1
17297,2.699849,1
17298,0.403825,0
17299,9.129299,0
17300,9.698178,0
17301,2.643373,1
17302,3.155273,1
17303,0.116195,1
17304,0.43268,0
17305,0.272555,0
17306,1.423347,0
17307,0.141958,1
17308,1.714473,0
17309,8.72563,1
17310,3.132709,0
17311,0.918068,1
17312,0.140703,0
17313,1.536712,0
17314,1.799438,1
17315,0.152215,1
17316,3.269472,0
17317,0.173327,1
17318,0.48459,0
17319,9.139702,0
17320,0.097047,0
17321,4.739156,0
17322,9.903044,1
17323,0.325808,1
17324,2.248694,0
17325,9.525578,1
17326,8.445161,0
17327,1.439476,1
17328,3.178615,1
17329,1.927851,1
17330,1.052318,0
17331,0.087807,0
17332,0.084336,0
17333,9.476431,0
17334,3.407444,1
17335,0.14904,1
17336,10.343097,0
17337,0.536474,0
17338,8.50899,1
17339,0.959857,0
17340,8.547757,0
17341,0.688429,0
17342,1.745457,0
17343,0.11785,1
17344,9.404754,1
17345,0.260052,0
17346,2.195974,0
17347,1.31584,0
17348,0.168354,1
17349,2.483482,0
17350,2.335525,1
17351,9.972079,0
17352,3.663532,1
17353,2.285743,0
17354,0.786827,0
17355,3.11566,0
17356,1.054633,0
17357,9.12471,0
17358,0.300885,0
17359,0.209531,1
17360,1.579042,0
17361,10.497507,0
17362,9.269647,0
17363,0.435015,0
17364,9.391814,0
17365,7.680482,0
17366,0.468437,1
17367,0.035278,1
17368,0.105406,1
17369,10.044353,0
17370,11.268093,0
17371,8.511189,0
17372,5.09044,1
17373,0.109542,1
17374,10.480756,0
17375,2.323971,0
17376,0.330122,1
17377,8.812482,1
17378,1.046178,0
17379,2.598408,0
17380,0.224454,1
17381,1.506878,1
17382,0.236572,0
17383,1.761377,1
17384,8.418864,0
17385,0.243848,1
17386,9.601899,0
17387,1.222348,0
17388,9.382454,0
17389,0.506299,0
17390,0.118589,1
17391,0.766788,0
17392,0.260642,1
17393,1.086206,0
17394,0.183652,1
17395,8.99332,1
17396,1.592391,1
17397,1.798111,0
17398,1.40385,1
17399,0.34698,1
17400,9.991215,0
17401,1.130021,0
17402,0.076765,0
17403,3.67653,1
17404,0.127034,1
17405,0.318594,0
17406,0.208347,1
17407,4.117978,1
17408,0.107155,1
17409,9.565425,0
17410,4.288362,1
17411,9.570681,0
17412,8.322492,1
17413,3.10936,0
17414,8.868278,0
17415,2.808039,0
17416,1.681759,0
17417,0.321475,1
17418,3.276854,1
17419,0.528082,0
17420,0.05948,1
17421,0.234175,1
17422,2.319439,0
17423,0.249843,0
17424,3.366283,0
17425,0.139681,0
17426,7.939991,0
17427,2.589379,0
17428,1.027458,0
17429,2.559255,0
17430,7.552855,0
17431,2.872542,1
17432,2.838465,0
17433,3.733439,1
17434,0.578585,1
17435,2.07813,1
17436,3.851768,0
17437,1.544426,1
17438,0.081702,1
17439,8.733001,0
17440,4.141665,1
17441,0.278761,1
17442,0.058028,0
17443,3.10724,0
17444,3.672119,1
17445,0.601546,0
17446,1.519024,0
17447,0.142295,0
17448,3.117379,1
17449,8.929503,0
17450,10.14535,1
17451,4.044657,1
17452,0.553399,0
17453,2.09015,0
17454,0.405518,0
17455,3.479926,1
17456,0.087489,0
17457,0.472474,0
17458,2.095582,1
17459,1.880295,1
17460,9.555724,0
17461,3.278567,1
17462,9.101343,0
17463,8.679515,0
17464,3.558939,1
17465,0.08262,0
17466,2.291043,0
17467,2.75772,1
17468,0.100815,1
17469,0.10642,0
17470,0.310312,1
17471,1.294457,1
17472,9.350229,0
17473,0.161708,0
17474,0.684034,1
17475,0.527142,0
17476,0.32617,0
17477,0.171134,1
17478,0.57025,1
17479,1.629845,0
17480,0.159943,1
17481,0.1189,0
17482,9.927492,0
17483,0.313576,1
17484,4.413367,1
17485,2.264544,0
17486,0.933928,0
17487,9.983372,0
17488,1.598138,1
17489,1.571649,1
17490,2.514987,1
17491,2.859895,0
17492,4.403936,1
17493,0.146615,1
17494,0.787719,0
17495,2.347067,0
17496,9.15379,0
17497,0.064015,1
17498,4.295605,0
17499,0.439978,0
17500,0.161382,0
17501,0.468303,0
17502,1.097897,0
17503,0.740876,1
17504,1.877567,0
17505,0.409703,1
17506,0.301059,1
17507,2.205894,0
17508,8.888054,0
17509,7.332972,1
17510,0.128517,1
17511,0.502277,0
17512,2.44225,1
17513,0.213796,0
17514,0.235693,0
17515,9.055779,1
17516,0.58106,1
17517,0.091308,0
17518,0.064814,1
17519,3.121593,1
17520,0.45523,1
17521,0.187153,0
17522,1.054255,1
17523,2.982909,1
17524,0.16082,0
17525,0.209852,0
17526,9.422481,0
17527,1.593459,1
17528,2.10269,0
17529,1.42714,0
17530,0.104265,1
17531,0.166988,0
17532,0.314182,1
17533,8.20012,0
17534,0.360884,1
17535,0.137989,1
17536,0.381062,0
17537,0.22995,0
17538,0.112656,0
17539,0.693202,0
17540,10.233479,0
17541,9.942318,0
17542,0.288222,0
17543,2.821094,0
17544,2.096095,1
17545,0.143409,0
17546,1.046462,0
17547,2.483806,0
17548,0.378952,0
17549,4.432246,1
17550,0.058156,1
17551,0.725289,0
17552,0.121438,1
17553,2.975435,1
17554,0.083286,0
17555,0.165282,1
17556,0.316706,1
17557,1.781815,0
17558,2.094251,1
17559,9.139925,1
17560,0.221328,1
17561,0.400925,0
17562,0.18238,0
17563,9.878101,0
17564,9.161872,0
17565,2.562771,1
17566,3.183279,1
17567,1.829874,1
17568,2.682343,0
17569,3.317587,1
17570,1.23552,0
17571,0.77155,0
17572,10.717813,0
17573,3.797877,1
17574,0.057715,0
17575,8.214013,0
17576,0.205144,0
17577,0.116934,1
17578,9.098368,0
17579,0.315732,0
17580,0.322095,0
17581,2.299578,0
17582,9.615853,1
17583,1.606443,0
17584,3.579957,0
17585,3.484711,1
17586,1.198235,0
17587,0.193537,0
17588,0.151075,1
17589,2.453696,0
17590,1.454954,0
17591,10.773423,0
17592,1.087693,0
17593,0.525071,0
17594,1.290778,1
17595,0.072549,1
17596,0.760586,1
17597,1.92776,1
17598,0.177803,1
17599,10.551933,0
17600,0.103035,0
17601,0.221519,0
17602,0.097619,0
17603,0.779957,1
17604,7.514934,1
17605,0.156843,1
17606,0.152723,1
17607,1.646286,0
17608,0.413769,0
17609,2.012249,1
17610,2.497208,1
17611,8.707338,0
17612,8.697273,0
17613,10.019594,0
17614,0.158222,0
17615,2.711777,1
17616,1.906311,1
17617,2.380491,1
17618,0.118137,1
17619,0.589689,0
17620,0.15933,0
17621,0.159988,0
17622,0.753142,1
17623,0.110402,1
17624,2.127104,1
17625,0.307009,0
17626,2.183586,1
17627,3.57842,1
17628,0.126133,1
17629,2.406346,1
17630,2.483083,1
17631,9.831944,0
17632,0.106198,0
17633,0.204196,0
17634,1.897528,0
17635,0.220014,1
17636,2.784046,1
17637,0.296523,1
17638,1.316474,0
17639,0.245806,0
17640,0.395103,0
17641,0.136573,1
17642,0.311356,0
17643,1.00698,0
17644,10.520342,0
17645,2.348872,0
17646,10.619821,0
17647,0.089347,1
17648,2.663731,0
17649,0.798754,0
17650,3.848279,1
17651,0.190382,1
17652,9.817225,0
17653,9.46074,0
17654,9.554639,1
17655,1.174002,0
17656,9.660347,0
17657,3.49035,0
17658,0.066951,0
17659,2.914517,1
17660,0.074458,0
17661,2.665353,0
17662,0.180342,1
17663,3.737117,1
17664,0.148584,1
17665,0.682448,1
17666,0.439637,1
17667,2.522883,1
17668,8.865299,0
17669,0.147423,0
17670,4.288548,1
17671,8.530705,1
17672,0.056169,1
17673,0.534299,0
17674,2.912585,1
17675,10.972717,0
17676,0.882592,0
17677,0.641725,0
17678,9.280986,0
17679,2.060089,0
17680,1.50193,0
17681,0.813669,0
17682,0.080114,1
17683,9.917259,0
17684,2.026529,1
17685,1.322228,0
17686,3.196335,1
17687,0.139506,0
17688,0.10473,1
17689,1.019766,0
17690,9.302608,0
17691,9.022221,1
17692,0.07667,1
17693,0.082273,1
17694,1.794745,0
17695,0.165205,1
17696,9.791642,0
17697,2.564298,0
17698,4.471801,1
17699,2.399138,0
17700,2.649728,1
17701,10.203584,0
17702,9.757335,1
17703,0.245452,1
17704,0.084914,0
17705,2.446496,0
17706,0.587748,1
17707,3.478474,1
17708,2.596799,1
17709,0.562138,1
17710,10.020848,0
17711,0.100439,1
17712,0.15552,0
17713,0.205348,1
17714,0.121575,1
17715,3.275825,1
17716,2.02419,0
17717,0.068108,1
17718,9.523399,1
17719,2.513304,1
17720,2.087165,0
17721,0.173992,1
17722,0.325337,0
17723,0.656922,0
17724,0.079565,0
17725,9.071271,0
17726,0.194798,1
17727,9.341664,0
17728,1.928267,0
17729,2.902951,0
17730,1.22421,0
17731,9.382511,0
17732,9.66983,0
17733,0.277506,0
17734,0.165472,0
17735,0.562815,0
17736,0.861485,0
17737,1.15889,1
17738,3.067563,1
17739,2.837986,0
17740,9.087056,0
17741,0.175266,1
17742,0.096986,0
17743,2.751266,1
17744,0.33214,1
17745,1.682006,1
17746,1.256062,0
17747,10.448482,0
17748,0.087903,1
17749,0.13025,0
17750,0.19728,0
17751,0.288135,1
17752,0.59155,0
17753,1.838145,1
17754,0.519184,0
17755,7.850446,1
17756,1.549158,0
17757,0.167307,1
17758,2.086764,0
17759,9.631763,0
17760,8.637061,0
17761,0.033999,1
17762,1.39584,1
17763,0.133804,1
17764,9.345988,1
17765,0.205182,1
17766,9.791464,0
17767,0.104624,0
17768,0.08315,1
17769,0.223653,0
17770,9.549978,0
17771,0.085832,1
17772,0.147661,1
17773,0.125611,0
17774,10.426423,0
17775,1.625195,0
17776,9.477257,0
17777,0.352381,1
17778,0.041393,0
17779,8.65786,0
17780,1.288975,1
17781,0.144487,0
17782,1.13119,0
17783,0.286744,1
17784,10.578149,0
17785,8.9787,0
17786,2.404706,1
17787,1.006055,1
17788,9.389043,0
17789,1.670748,0
17790,2.739225,1
17791,0.032773,1
17792,9.527884,1
17793,0.192761,1
17794,9.235105,0
17795,0.278284,1
17796,0.133973,1
17797,9.767385,0
17798,1.561622,1
17799,2.0179,1
17800,0.067964,1
17801,2.127938,0
17802,4.245464,0
17803,10.35296,0
17804,9.322548,0
17805,9.63235,0
17806,0.610436,0
17807,1.091002,1
17808,2.290757,0
17809,0.105669,0
17810,0.353992,1
17811,9.60197,0
17812,4.688631,1
17813,3.121694,1
17814,1.672864,0
17815,8.90612,0
17816,3.756239,1
17817,1.645345,1
17818,9.561017,0
17819,8.538094,1
17820,0.100089,1
17821,8.278568,0
17822,0.25356,1
17823,9.345654,0
17824,9.2874,1
17825,1.557484,0
17826,2.960568,0
17827,1.200667,0
17828,3.187102,1
17829,9.22699,1
17830,0.244825,1
17831,0.09483,1
17832,2.802287,1
17833,1.425394,0
17834,9.27247,0
17835,1.674364,0
17836,1.832937,1
17837,3.463412,1
17838,1.381487,1
17839,0.092786,1
17840,2.532007,1
17841,4.571488,1
17842,0.139416,0
17843,2.28478,1
17844,1.883088,0
17845,2.258262,1
17846,0.532329,0
17847,0.205177,0
17848,1.131723,0
17849,3.325024,0
17850,0.100606,1
17851,1.807853,0
17852,9.594989,1
17853,2.237133,1
17854,8.267835,0
17855,0.726376,0
17856,10.275224,0
17857,1.172275,0
17858,0.422481,1
17859,1.144935,1
17860,0.241702,1
17861,8.589106,0
17862,0.103086,1
17863,10.363972,0
17864,0.330013,1
17865,0.19261,0
17866,1.803963,0
17867,11.040088,0
17868,0.236637,0
17869,9.062558,1
17870,1.91725,1
17871,9.007976,0
17872,1.165065,1
17873,1.008486,1
17874,10.494528,0
17875,0.586617,0
17876,9.480374,0
17877,2.910927,1
17878,2.535019,1
17879,2.481855,1
17880,8.955036,0
17881,0.094588,1
17882,1.165482,1
17883,4.232912,1
17884,0.18171,1
17885,3.779129,1
17886,3.309823,1
17887,8.89689,0
17888,0.291839,1
17889,2.963001,1
17890,9.698484,0
17891,0.270974,1
17892,0.136506,0
17893,0.049253,1
17894,0.184243,0
17895,3.884562,1
17896,2.21792,0
17897,1.710554,0
17898,3.031939,1
17899,4.069126,0
17900,9.419773,0
17901,0.196422,0
17902,0.200033,1
17903,3.399444,1
17904,8.963854,0
17905,0.44778,0
17906,9.893682,1
17907,0.175445,0
17908,10.15556,0
17909,0.215922,0
17910,8.447474,0
17911,9.014889,0
17912,0.445025,0
17913,0.085321,0
17914,8.738813,0
17915,8.894959,1
17916,1.637723,1
17917,0.317013,0
17918,2.93445,1
17919,0.07118,1
17920,1.99782,0
17921,0.192158,0
17922,9.097399,0
17923,3.962955,1
17924,9.733192,1
17925,0.719326,0
17926,0.155168,1
17927,0.247867,1
17928,9.956006,0
17929,3.788543,1
17930,0.432023,1
17931,9.497222,0
17932,0.054045,0
17933,1.70357,1
17934,0.808165,1
17935,2.8284,1
17936,0.431379,0
17937,0.362771,1
17938,0.202251,1
17939,1.483424,0
17940,9.932343,1
17941,9.960179,0
17942,1.465627,0
17943,10.6912,0
17944,3.200904,0
17945,10.175077,0
17946,3.093927,1
17947,10.194201,0
17948,9.924599,1
17949,3.423717,1
17950,8.873082,0
17951,3.217802,1
17952,0.3763,0
17953,9.62603,0
17954,1.674524,1
17955,1.768406,1
17956,0.134683,0
17957,9.902203,0
17958,2.954247,0
17959,1.320687,1
17960,2.745012,1
17961,9.109647,0
17962,3.206781,1
17963,2.554674,1
17964,0.190782,0
17965,9.644055,1
17966,0.223459,1
17967,9.788459,0
17968,1.243133,0
17969,0.081129,1
17970,0.284426,1
17971,0.824359,0
17972,0.159805,1
17973,1.18512,0
17974,2.438927,0
17975,2.968059,1
17976,8.933312,0
17977,10.649221,0
17978,0.03748,0
17979,0.178774,1
17980,0.075097,0
17981,2.136273,1
17982,3.154107,1
17983,2.061565,0
17984,3.454199,1
17985,0.111895,1
17986,9.994431,1
17987,4.278198,1
17988,8.235784,1
17989,3.341043,0
17990,0.286526,0
17991,0.119563,1
17992,8.880004,0
17993,0.135408,0
17994,2.171674,0
17995,9.26731,0
17996,2.615593,1
17997,0.166472,1
17998,0.136251,0
17999,1.073715,0
18000,1.543536,1
18001,0.068696,1
18002,2.353447,1
18003,2.139027,0
18004,1.921641,0
18005,0.277232,0
18006,1.108822,0
18007,0.710089,0
18008,0.108444,1
18009,0.224469,0
18010,3.285093,1
18011,0.244052,0
18012,9.413801,0
18013,0.946168,0
18014,4.738824,1
18015,0.348557,0
18016,2.22817,0
18017,1.305363,1
18018,9.586434,1
18019,0.481708,0
18020,9.088623,1
18021,0.09678,1
18022,9.952888,1
18023,0.067873,1
18024,1.823766,0
18025,7.881607,1
18026,4.162284,1
18027,1.714621,0
18028,0.100214,0
18029,2.047899,1
18030,9.054298,0
18031,9.783805,0
18032,0.07835,1
18033,0.098312,1
18034,0.146104,1
18035,0.638613,1
18036,0.291616,0
18037,0.127844,0
18038,1.237418,1
18039,1.59293,0
18040,10.745268,0
18041,0.115346,1
18042,9.248581,0
18043,10.429867,1
18044,0.324263,0
18045,4.452046,1
18046,2.983155,1
18047,2.829185,1
18048,0.056681,0
18049,0.10083,0
18050,9.931758,1
18051,9.483191,0
18052,0.162929,0
18053,10.687379,0
18054,2.931867,0
18055,1.818341,0
18056,9.844217,0
18057,1.90999,0
18058,0.804537,1
18059,0.062237,1
18060,0.341963,0
18061,2.183261,1
18062,0.135953,0
18063,1.106641,0
18064,2.861073,0
18065,2.957972,1
18066,1.060207,0
18067,1.881991,1
18068,0.245483,0
18069,1.603256,1
18070,8.811419,1
18071,7.840443,1
18072,9.310613,0
18073,9.757618,0
18074,3.225091,1
18075,0.413429,0
18076,10.217143,0
18077,1.318697,0
18078,4.552708,1
18079,1.37118,1
18080,0.290953,0
18081,0.456785,1
18082,9.511717,0
18083,2.452821,1
18084,9.330496,0
18085,9.46649,1
18086,0.056185,1
18087,10.631557,0
18088,4.192563,1
18089,0.63997,0
18090,0.057198,1
18091,2.147687,1
18092,9.831105,0
18093,0.155614,1
18094,9.6245,1
18095,1.760371,0
18096,0.14833,1
18097,2.75226,1
18098,0.069708,1
18099,2.425858,0
18100,0.571778,1
18101,0.109484,1
18102,3.449459,1
18103,9.274264,1
18104,0.185878,0
18105,8.721481,0
18106,3.359563,1
18107,0.056358,0
18108,0.946884,1
18109,0.248272,1
18110,1.644858,0
18111,11.247362,0
18112,1.071874,0
18113,0.570189,0
18114,0.131029,0
18115,2.825017,0
18116,0.073496,1
18117,0.619941,0
18118,0.288539,0
18119,3.703844,1
18120,0.151762,0
18121,0.081459,0
18122,1.070889,1
18123,2.845761,0
18124,1.255162,0
18125,2.567341,1
18126,1.816589,0
18127,0.12875,0
18128,0.314296,1
18129,9.172539,1
18130,1.528115,1
18131,0.509424,0
18132,0.265852,1
18133,0.428944,1
18134,0.10514,1
18135,0.499787,1
18136,3.105994,1
18137,1.942254,1
18138,1.27413,1
18139,0.15357,0
18140,0.343522,0
18141,0.204722,1
18142,0.140979,0
18143,3.843244,1
18144,9.068933,0
18145,0.106268,0
18146,1.242841,0
18147,0.094929,0
18148,9.580038,1
18149,8.803644,1
18150,0.089048,1
18151,0.18392,1
18152,9.296546,1
18153,2.286431,1
18154,0.386098,0
18155,2.59064,1
18156,11.120809,0
18157,1.378458,0
18158,0.075513,1
18159,2.621278,1
18160,0.17073,1
18161,0.274204,0
18162,0.112702,1
18163,0.545089,0
18164,0.200935,1
18165,1.197838,0
18166,2.051833,1
18167,0.526307,1
18168,10.3806,1
18169,1.442166,0
18170,0.062139,0
18171,2.287987,0
18172,1.969375,1
18173,0.087669,1
18174,9.337113,1
18175,2.510031,0
18176,0.33135,0
18177,0.170184,1
18178,0.228801,1
18179,2.552371,0
18180,0.351912,1
18181,0.094689,1
18182,1.324941,0
18183,1.136405,0
18184,9.942276,0
18185,0.109989,1
18186,0.116672,0
18187,10.16757,0
18188,3.924669,1
18189,1.436748,0
18190,0.24701,0
18191,10.226129,0
18192,8.602423,0
18193,0.578031,1
18194,0.221889,0
18195,0.439922,0
18196,2.770742,0
18197,0.416398,0
18198,0.078398,1
18199,0.05504,1
18200,0.120027,0
18201,2.566046,1
18202,0.207211,1
18203,0.223305,1
18204,0.474713,0
18205,1.537717,1
18206,0.735072,1
18207,1.753165,0
18208,0.218598,0
18209,0.231535,1
18210,9.351141,0
18211,0.105816,1
18212,0.102892,1
18213,1.199066,0
18214,2.714238,1
18215,9.465936,0
18216,9.476462,1
18217,1.211637,0
18218,0.192932,1
18219,0.883173,0
18220,0.392844,0
18221,2.357551,0
18222,9.865878,0
18223,9.349616,0
18224,0.39025,1
18225,9.912635,0
18226,5.194299,0
18227,1.936464,0
18228,2.276448,1
18229,1.838662,1
18230,0.061182,0
18231,0.625703,1
18232,2.590277,1
18233,4.063489,1
18234,0.144086,0
18235,0.125446,0
18236,2.361187,1
18237,10.141468,0
18238,2.69378,1
18239,0.231261,1
18240,9.389155,0
18241,0.067108,0
18242,1.616964,1
18243,2.432641,1
18244,0.207903,1
18245,10.802836,0
18246,3.747396,1
18247,9.491358,0
18248,0.508771,0
18249,0.144433,0
18250,2.992692,0
18251,3.544316,1
18252,0.074944,1
18253,2.043894,0
18254,0.077467,1
18255,3.223353,1
18256,0.077256,0
18257,1.196766,0
18258,9.997998,0
18259,10.447033,0
18260,0.56072,0
18261,0.311053,1
18262,0.119273,1
18263,9.409605,1
18264,0.707977,1
18265,1.656108,0
18266,0.81945,0
18267,0.233584,0
18268,1.414842,1
18269,1.714562,0
18270,0.381999,1
18271,2.335331,0
18272,10.010687,0
18273,3.204574,1
18274,0.107988,0
18275,9.041057,1
18276,9.950397,0
18277,9.572908,0
18278,4.352828,1
18279,2.590916,1
18280,0.357495,0
18281,0.078265,1
18282,0.681567,0
18283,0.09221,1
18284,0.212938,1
18285,1.468361,0
18286,10.45085,0
18287,9.544647,0
18288,10.414887,0
18289,0.153165,1
18290,3.607985,1
18291,0.068548,0
18292,9.353677,1
18293,2.522245,1
18294,0.132051,1
18295,9.460744,1
18296,0.2855,0
18297,1.067643,0
18298,0.126576,0
18299,1.068787,0
18300,3.503601,1
18301,3.044369,0
18302,0.071838,1
18303,1.510158,0
18304,10.563803,0
18305,0.481048,1
18306,9.416574,0
18307,0.093269,0
18308,0.126183,1
18309,4.550486,1
18310,8.872731,0
18311,1.916732,1
18312,0.241747,0
18313,0.069006,1
18314,0.300823,1
18315,0.078882,1
18316,1.356183,0
18317,0.406344,0
18318,0.121153,1
18319,0.086896,1
18320,0.178889,0
18321,8.898657,1
18322,9.054919,1
18323,0.088301,0
18324,3.054162,0
18325,2.763229,0
18326,0.68642,1
18327,1.065696,0
18328,0.208201,1
18329,0.076193,1
18330,1.308957,1
18331,0.302208,0
18332,1.688463,0
18333,8.570693,0
18334,1.718689,1
18335,2.894904,0
18336,0.694781,0
18337,0.053431,1
18338,1.732078,0
18339,2.292851,0
18340,3.061982,0
18341,10.01657,1
18342,0.102814,0
18343,10.647146,0
18344,2.509485,1
18345,2.296234,1
18346,3.652519,0
18347,0.887246,1
18348,9.189548,0
18349,0.042503,0
18350,9.436612,0
18351,1.184556,0
18352,9.435878,1
18353,8.655899,1
18354,1.028216,0
18355,1.132766,1
18356,0.250014,1
18357,0.073897,1
18358,2.559042,1
18359,10.715305,0
18360,0.273879,1
18361,0.107879,0
18362,0.617,0
18363,0.419141,1
18364,9.889001,0
18365,0.209287,0
18366,0.979061,1
18367,0.083015,0
18368,1.782126,0
18369,0.556287,0
18370,10.117811,1
18371,1.182569,0
18372,0.086601,1
18373,1.592397,0
18374,2.236006,0
18375,1.868219,0
18376,8.742199,0
18377,3.556682,1
18378,2.961682,1
18379,2.752755,1
18380,2.817799,1
18381,0.278462,1
18382,0.552199,0
18383,8.442343,0
18384,0.671924,1
18385,0.089255,0
18386,1.666582,1
18387,2.321101,1
18388,2.91856,1
18389,1.515057,1
18390,0.121,1
18391,0.549076,0
18392,0.124894,1
18393,2.957336,0
18394,8.372922,0
18395,0.060787,1
18396,0.129696,1
18397,3.265864,1
18398,2.685538,0
18399,1.859775,0
18400,0.518279,1
18401,0.770714,0
18402,0.121453,1
18403,1.558707,0
18404,0.209593,1
18405,0.053612,1
18406,0.655121,1
18407,0.162397,1
18408,1.876587,1
18409,0.078932,1
18410,8.537232,0
18411,2.682602,1
18412,7.675186,1
18413,0.245544,1
18414,9.351932,0
18415,1.729925,0
18416,0.112423,1
18417,0.089958,1
18418,0.131041,0
18419,0.055474,1
18420,0.040055,1
18421,0.361339,1
18422,2.057465,0
18423,5.583264,0
18424,2.745398,1
18425,2.058663,0
18426,2.222717,0
18427,1.58642,0
18428,2.474729,0
18429,1.866141,1
18430,0.388754,0
18431,0.462847,0
18432,9.925235,0
18433,2.424214,1
18434,0.163272,0
18435,0.096496,0
18436,2.511638,0
18437,0.655966,1
18438,2.577408,1
18439,10.153655,0
18440,2.556193,0
18441,1.765578,1
18442,8.507243,1
18443,0.168169,1
18444,1.854084,1
18445,1.724148,0
18446,3.215739,0
18447,2.541375,0
18448,0.113708,0
18449,8.7178,0
18450,1.7548,0
18451,0.167375,0
18452,9.192463,0
18453,0.625923,0
18454,9.762992,0
18455,9.227493,0
18456,0.467234,1
18457,2.314633,1
18458,9.297047,0
18459,0.094554,1
18460,2.191411,0
18461,0.849657,1
18462,9.749907,0
18463,8.787079,1
18464,10.014081,0
18465,0.080284,1
18466,9.044827,0
18467,9.941399,1
18468,1.602412,0
18469,2.029762,0
18470,0.332015,1
18471,2.397545,1
18472,1.344677,0
18473,1.778701,1
18474,0.415168,0
18475,10.360883,0
18476,0.101095,0
18477,1.0477,1
18478,2.024817,0
18479,2.759283,0
18480,0.301832,1
18481,2.216271,1
18482,0.153559,0
18483,2.586643,0
18484,10.56318,1
18485,0.053484,1
18486,0.130479,1
18487,0.291984,1
18488,0.184038,0
18489,9.965495,0
18490,9.390898,0
18491,0.112624,0
18492,0.176262,1
18493,0.391429,0
18494,0.097333,0
18495,1.382386,0
18496,0.819344,1
18497,1.201028,0
18498,9.415417,0
18499,10.104842,0
18500,10.350275,1
18501,3.346026,1
18502,4.306684,1
18503,1.909987,0
18504,2.176713,0
18505,0.180172,1
18506,0.384814,1
18507,0.152707,0
18508,1.046156,0
18509,0.136467,1
18510,2.648929,1
18511,4.695858,1
18512,9.837446,1
18513,10.911091,0
18514,0.07272,0
18515,9.205817,0
18516,9.035228,0
18517,3.476761,1
18518,0.233062,1
18519,2.378879,1
18520,0.467844,0
18521,1.929918,1
18522,9.404788,0
18523,1.182096,1
18524,0.420461,0
18525,1.534364,0
18526,9.825252,0
18527,0.935513,1
18528,2.925075,1
18529,9.187885,0
18530,10.061233,0
18531,0.310694,0
18532,0.181036,1
18533,1.223784,0
18534,10.767435,0
18535,0.097292,1
18536,1.545358,0
18537,2.084754,1
18538,0.37435,0
18539,0.141243,1
18540,1.277083,1
18541,8.874071,0
18542,0.08856,0
18543,8.774105,1
18544,0.099244,0
18545,0.167429,1
18546,3.234131,0
18547,0.288527,1
18548,8.665345,0
18549,2.184757,1
18550,3.145651,1
18551,1.57615,1
18552,8.974561,1
18553,0.271351,0
18554,9.421607,0
18555,8.155969,1
18556,0.217077,1
18557,1.531977,1
18558,9.287514,0
18559,1.481913,0
18560,0.050294,1
18561,0.273762,1
18562,1.427763,0
18563,2.708558,1
18564,8.782252,0
18565,1.008428,0
18566,1.904698,0
18567,0.098473,1
18568,0.278074,1
18569,0.158903,1
18570,0.098446,0
18571,2.029769,0
18572,8.462359,1
18573,0.410826,0
18574,9.182487,0
18575,3.885933,1
18576,0.075211,1
18577,0.194856,1
18578,0.12927,0
18579,1.346496,0
18580,2.264443,0
18581,0.334299,0
18582,9.084292,0
18583,0.151979,1
18584,0.062289,1
18585,8.313446,1
18586,10.365485,0
18587,10.098172,1
18588,9.098241,0
18589,10.543208,0
18590,9.249549,0
18591,0.212712,0
18592,0.0994,1
18593,3.323812,1
18594,0.079755,0
18595,8.930466,0
18596,1.709648,0
18597,0.09327,1
18598,0.150269,0
18599,9.803278,0
18600,0.463469,1
18601,3.147513,1
18602,10.711262,1
18603,0.084127,1
18604,2.148871,0
18605,0.091734,1
18606,0.243664,0
18607,9.205281,0
18608,8.835435,0
18609,11.152087,0
18610,9.324182,1
18611,0.231066,0
18612,9.614728,0
18613,0.468185,1
18614,0.099955,0
18615,3.125679,1
18616,0.103074,0
18617,0.438664,0
18618,1.232969,0
18619,0.140419,1
18620,1.682521,1
18621,9.745143,0
18622,4.972044,1
18623,3.051286,0
18624,1.747752,0
18625,0.23652,1
18626,2.239749,1
18627,0.133091,0
18628,2.075876,0
18629,0.306706,1
18630,2.460833,0
18631,0.123852,1
18632,0.914264,0
18633,0.469203,0
18634,0.090951,1
18635,9.000372,0
18636,0.498865,0
18637,1.769693,0
18638,0.284567,1
18639,11.057238,1
18640,2.273311,1
18641,0.066616,1
18642,0.044564,1
18643,1.593432,0
18644,0.203268,1
18645,0.111573,0
18646,2.905233,1
18647,2.280007,0
18648,0.207327,0
18649,0.08968,1
18650,0.879493,0
18651,8.993079,1
18652,5.468604,1
18653,9.299665,0
18654,0.101693,1
18655,0.329409,1
18656,10.180202,0
18657,0.681043,1
18658,0.095514,0
18659,0.233766,1
18660,9.318782,0
18661,0.213878,0
18662,0.696185,1
18663,2.575378,1
18664,9.600821,0
18665,2.143775,0
18666,0.108695,1
18667,0.085791,1
18668,2.9618,1
18669,0.085484,0
18670,1.433293,1
18671,3.89893,0
18672,2.229219,0
18673,4.141643,0
18674,9.839397,0
18675,1.582725,0
18676,10.24366,0
18677,9.68847,0
18678,9.599447,0
18679,0.079352,1
18680,0.043795,0
18681,0.245466,0
18682,0.153077,0
18683,9.084151,1
18684,2.531425,1
18685,0.371865,1
18686,2.417492,1
18687,8.966637,1
18688,2.860496,1
18689,0.059519,1
18690,1.645034,1
18691,0.120512,0
18692,1.723078,1
18693,8.831551,1
18694,3.447879,1
18695,8.84098,1
18696,1.429,0
18697,2.593157,1
18698,8.769812,0
18699,0.292223,0
18700,0.575132,0
18701,9.982891,0
18702,1.247374,0
18703,0.360239,1
18704,0.352163,1
18705,0.642589,0
18706,0.281906,1
18707,0.210621,1
18708,9.125472,0
18709,0.199535,1
18710,2.096433,0
18711,2.273168,0
18712,1.120949,0
18713,9.030299,0
18714,0.079594,1
18715,0.729271,0
18716,2.346121,0
18717,3.023175,1
18718,0.160817,0
18719,0.745172,0
18720,0.050862,1
18721,0.044212,1
18722,1.34723,1
18723,3.126489,1
18724,2.52135,1
18725,8.51254,0
18726,0.321378,1
18727,1.607684,0
18728,0.150098,1
18729,1.715478,0
18730,10.104473,0
18731,1.141382,0
18732,0.593864,1
18733,8.957444,0
18734,0.102203,1
18735,2.173601,1
18736,9.946129,0
18737,0.118742,1
18738,0.105129,0
18739,9.51522,0
18740,0.676137,0
18741,0.055914,1
18742,0.412394,1
18743,2.025711,0
18744,9.893576,0
18745,0.318578,0
18746,8.228625,0
18747,0.06842,0
18748,10.143079,0
18749,0.548257,0
18750,2.635296,1
18751,0.618653,0
18752,8.207151,0
18753,2.274578,1
18754,0.081759,1
18755,0.129607,0
18756,0.07724,1
18757,0.281906,0
18758,0.293628,0
18759,8.661022,0
18760,0.127733,1
18761,9.743471,0
18762,1.631193,0
18763,0.136658,0
18764,2.055998,1
18765,0.340068,0
18766,4.094295,0
18767,0.653362,1
18768,10.981172,0
18769,9.32449,1
18770,1.287866,0
18771,10.064243,0
18772,1.624381,0
18773,2.36147,1
18774,0.091115,1
18775,8.794744,1
18776,2.17117,0
18777,10.366994,1
18778,2.257457,1
18779,1.094678,1
18780,0.162555,1
18781,2.372492,1
18782,0.340674,1
18783,3.110358,0
18784,9.374478,0
18785,0.404624,1
18786,2.019856,1
18787,9.623119,0
18788,9.313948,1
18789,10.079308,0
18790,1.118371,1
18791,1.522985,0
18792,2.226649,0
18793,0.102945,1
18794,1.474771,0
18795,0.517467,1
18796,0.327779,0
18797,0.179743,0
18798,3.551618,0
18799,0.263214,1
18800,0.846925,0
18801,0.238604,0
18802,1.823795,0
18803,1.784281,0
18804,0.179673,1
18805,0.792867,0
18806,2.427761,0
18807,3.245242,0
18808,9.413263,0
18809,0.310253,0
18810,0.183649,1
18811,0.150769,0
18812,0.878303,1
18813,0.047154,1
18814,1.657747,1
18815,0.102533,1
18816,3.469886,1
18817,0.335731,0
18818,0.185743,0
18819,3.5186,1
18820,3.667768,1
18821,10.790087,0
18822,0.178619,1
18823,0.126358,1
18824,3.566734,0
18825,0.531294,0
18826,0.074906,1
18827,1.635102,1
18828,0.320961,1
18829,0.23628,0
18830,9.81048,0
18831,0.380104,1
18832,10.591825,0
18833,9.653498,0
18834,3.557133,1
18835,0.122685,1
18836,0.062788,1
18837,0.394849,1
18838,0.320127,1
18839,1.889787,1
18840,0.156407,1
18841,0.207863,1
18842,2.430797,1
18843,2.829051,1
18844,9.532675,0
18845,2.534943,1
18846,2.124984,0
18847,0.287674,0
18848,3.348741,1
18849,9.559767,0
18850,0.421094,0
18851,0.0642,0
18852,2.658661,0
18853,0.101868,0
18854,0.277724,0
18855,1.556501,1
18856,0.44661,1
18857,0.87866,0
18858,0.421275,1
18859,0.346269,0
18860,10.132812,0
18861,9.593254,0
18862,10.223868,0
18863,3.79257,1
18864,2.210913,0
18865,1.336388,0
18866,8.851338,0
18867,0.17754,1
18868,1.108934,0
18869,1.900953,0
18870,11.064306,0
18871,1.97488,0
18872,0.087002,1
18873,0.16676,1
18874,0.194863,1
18875,2.622376,1
18876,0.441105,0
18877,9.75492,0
18878,0.13916,1
18879,0.264179,1
18880,0.117266,1
18881,0.182333,0
18882,1.21768,1
18883,0.380533,0
18884,9.916547,0
18885,9.857819,1
18886,0.101086,1
18887,1.58277,0
18888,0.120412,0
18889,0.128844,1
18890,0.188674,0
18891,0.113775,0
18892,0.77968,1
18893,0.4234,1
18894,0.205787,0
18895,2.715586,1
18896,0.755684,1
18897,1.214449,1
18898,9.063926,0
18899,2.624731,1
18900,0.124666,0
18901,10.533093,0
18902,0.07261,1
18903,3.730128,1
18904,0.35313,1
18905,1.60845,0
18906,3.39308,1
18907,1.68748,0
18908,1.288952,1
18909,1.43973,0
18910,1.342096,0
18911,8.988955,0
18912,10.419515,1
18913,9.49058,1
18914,0.078566,0
18915,9.132552,0
18916,0.198142,1
18917,0.071172,1
18918,0.442053,1
18919,0.430035,0
18920,9.382174,1
18921,9.589272,0
18922,2.05849,0
18923,2.7337,0
18924,10.189157,1
18925,2.826315,0
18926,0.176345,0
18927,0.566275,1
18928,9.601689,0
18929,4.520295,0
18930,0.049502,1
18931,0.25587,1
18932,1.853345,0
18933,1.856794,0
18934,10.635401,0
18935,2.777277,1
18936,0.231873,1
18937,2.916745,1
18938,2.487145,0
18939,8.719805,0
18940,9.918941,0
18941,10.265145,0
18942,3.969564,1
18943,0.105116,0
18944,0.804295,0
18945,2.605696,0
18946,0.262629,1
18947,8.819502,0
18948,0.149255,1
18949,9.246713,1
18950,0.189389,1
18951,1.44119,0
18952,9.241131,0
18953,8.761824,0
18954,9.839859,1
18955,0.265447,1
18956,0.41101,0
18957,10.149979,0
18958,1.618676,0
18959,0.263933,1
18960,0.064418,1
18961,1.585207,0
18962,0.188887,0
18963,10.734653,0
18964,9.877865,0
18965,2.312094,1
18966,8.106773,0
18967,2.910154,1
18968,2.562899,0
18969,10.102177,0
18970,0.044984,0
18971,3.256578,1
18972,2.501502,1
18973,4.928593,1
18974,0.122133,0
18975,0.260413,1
18976,0.76055,0
18977,2.086623,0
18978,0.623493,0
18979,0.985675,1
18980,0.348187,0
18981,0.297787,0
18982,0.129311,1
18983,3.28776,1
18984,1.820103,1
18985,8.930769,1
18986,0.144525,0
18987,10.867112,0
18988,2.601736,0
18989,0.59057,0
18990,0.436624,0
18991,0.129285,1
18992,0.46386,0
18993,0.059218,1
18994,0.138165,0
18995,0.11384,1
18996,8.914501,0
18997,0.289931,0
18998,1.044103,1
18999,1.981762,1
19000,0.080538,1
19001,2.32184,0
19002,3.479923,0
19003,2.704356,0
19004,0.256192,1
19005,2.45007,1
19006,9.39191,1
19007,4.181057,1
19008,1.254789,0
19009,4.49981,1
19010,0.334223,1
19011,1.845883,1
19012,3.937558,1
19013,0.103944,1
19014,2.849785,1
19015,2.647316,1
19016,10.060745,0
19017,0.155283,1
19018,0.346897,1
19019,2.97308,0
19020,0.423728,0
19021,1.507936,0
19022,1.154172,0
19023,0.11153,1
19024,0.363291,1
19025,0.199165,1
19026,3.336107,0
19027,2.069103,0
19028,0.08363,1
19029,1.443756,0
19030,3.325929,1
19031,0.912399,0
19032,0.18173,0
19033,3.888258,1
19034,1.975947,0
19035,0.719217,1
19036,10.287911,0
19037,1.149567,0
19038,0.103398,1
19039,11.452095,0
19040,9.861471,0
19041,8.622758,0
19042,8.095059,0
19043,3.216072,1
19044,0.23012,0
19045,0.175556,0
19046,1.99648,0
19047,11.049248,1
19048,0.589194,0
19049,3.074744,1
19050,0.161392,0
19051,1.377771,0
19052,9.570519,1
19053,0.121287,1
19054,1.559057,0
19055,2.046743,0
19056,0.048161,1
19057,9.597847,1
19058,3.210991,1
19059,1.072893,0
19060,9.820743,0
19061,0.262039,1
19062,10.098346,0
19063,2.488308,1
19064,3.136674,1
19065,2.476158,1
19066,9.114615,0
19067,2.158144,0
19068,1.294399,0
19069,3.429335,1
19070,3.618728,1
19071,2.056422,1
19072,2.261689,0
19073,9.627951,0
19074,0.116609,1
19075,10.298872,0
19076,8.708726,0
19077,3.703066,1
19078,3.226679,1
19079,9.633348,0
19080,0.166126,1
19081,0.58139,0
19082,0.067033,1
19083,9.480904,0
19084,0.431629,1
19085,1.139959,1
19086,3.620587,0
19087,3.445446,1
19088,9.449575,0
19089,2.262734,1
19090,1.467484,1
19091,3.01041,1
19092,9.68939,0
19093,0.991048,0
19094,2.842667,1
19095,1.146806,0
19096,1.672636,0
19097,0.093538,1
19098,0.117152,0
19099,0.106689,0
19100,3.945452,0
19101,2.991959,0
19102,9.695096,0
19103,0.069124,1
19104,0.280187,1
19105,1.979336,1
19106,10.598107,0
19107,9.290434,1
19108,9.9562,1
19109,0.050474,0
19110,9.181533,1
19111,1.980677,0
19112,4.246165,1
19113,0.391345,1
19114,0.052607,0
19115,4.396186,1
19116,9.981165,0
19117,0.348046,1
19118,0.207992,0
19119,0.140962,1
19120,0.135033,1
19121,0.098502,0
19122,0.145373,0
19123,0.278683,0
19124,8.709315,1
19125,0.0918,1
19126,0.259231,1
19127,10.187093,1
19128,1.972131,0
19129,0.695388,0
19130,8.589435,0
19131,0.267654,1
19132,2.644135,1
19133,0.260848,1
19134,0.538602,0
19135,0.244109,1
19136,0.655771,0
19137,0.402278,0
19138,0.450168,1
19139,3.266959,1
19140,1.400882,1
19141,0.163309,1
19142,0.121353,1
19143,2.195336,1
19144,0.03905,1
19145,0.36557,0
19146,10.780977,1
19147,0.94415,1
19148,0.154895,1
19149,0.158719,0
19150,0.087636,0
19151,2.012774,1
19152,0.266684,1
19153,0.908981,0
19154,2.778079,1
19155,3.120411,1
19156,2.528125,1
19157,9.086323,1
19158,1.360671,0
19159,2.26422,0
19160,1.591038,1
19161,9.549675,0
19162,10.543638,1
19163,1.456228,0
19164,0.305984,0
19165,0.834802,1
19166,5.130365,1
19167,9.413515,0
19168,2.497077,0
19169,9.419415,0
19170,2.804329,1
19171,2.500799,1
19172,3.072548,0
19173,0.135343,1
19174,1.932001,0
19175,9.95813,0
19176,10.436262,0
19177,8.878851,1
19178,1.223776,0
19179,0.450074,1
19180,0.126537,1
19181,0.659543,1
19182,0.102931,1
19183,2.067337,0
19184,0.064526,1
19185,9.380783,0
19186,2.244877,0
19187,10.323627,0
19188,9.194553,0
19189,1.817719,0
19190,2.103454,1
19191,0.320844,1
19192,0.339579,1
19193,1.066688,0
19194,1.316188,0
19195,1.15119,0
19196,2.391246,0
19197,2.648961,1
19198,1.274677,0
19199,10.156511,0
19200,1.269791,0
19201,8.958072,0
19202,0.123946,1
19203,1.759727,0
19204,1.591926,0
19205,0.093903,0
19206,0.150107,1
19207,9.199282,1
19208,8.897844,0
19209,0.520355,1
19210,1.2852,0
19211,1.812678,0
19212,0.367601,1
19213,9.686576,0
19214,0.138446,0
19215,9.315323,0
19216,0.621689,1
19217,0.221455,1
19218,0.074727,1
19219,2.266746,0
19220,2.721498,0
19221,9.744904,0
19222,0.261742,0
19223,3.209326,1
19224,9.860127,0
19225,8.705256,0
19226,0.195783,0
19227,4.019355,1
19228,2.91861,0
19229,2.595828,1
19230,0.126403,0
19231,0.15272,1
19232,10.346098,0
19233,0.223741,1
19234,11.286123,1
19235,1.247785,1
19236,2.744081,1
19237,2.201434,0
19238,0.301198,1
19239,11.640486,0
19240,0.593161,0
19241,2.844241,0
19242,1.980716,0
19243,2.742804,0
19244,0.222472,0
19245,0.549921,1
19246,1.572115,0
19247,1.245064,0
19248,1.7533,1
19249,0.249465,1
19250,9.475101,0
19251,3.660131,1
19252,3.076351,1
19253,2.779734,1
19254,0.344424,0
19255,0.092629,1
19256,0.33108,0
19257,1.096326,0
19258,10.183711,0
19259,1.083285,1
19260,3.956556,1
19261,3.459132,1
19262,0.108234,0
19263,0.14639,1
19264,8.52023,0
19265,2.941165,1
19266,4.136791,1
19267,3.791333,1
19268,0.514735,1
19269,0.150533,0
19270,1.123111,0
19271,8.190108,1
19272,1.802591,0
19273,2.016804,0
19274,4.794601,1
19275,0.203411,0
19276,0.253693,1
19277,8.819477,0
19278,0.634119,1
19279,1.41094,0
19280,0.128206,1
19281,0.183115,0
19282,8.281584,0
19283,0.822107,0
19284,2.160368,0
19285,4.37323,1
19286,0.669556,0
19287,2.06189,0
19288,10.822527,1
19289,0.173034,1
19290,0.158777,0
19291,0.078431,1
19292,0.692305,0
19293,10.470135,0
19294,0.301165,0
19295,0.057763,1
19296,10.104794,0
19297,0.54834,1
19298,0.53808,0
19299,0.114546,1
19300,0.124295,1
19301,1.404469,1
19302,9.710192,1
19303,0.074157,1
19304,9.496021,0
19305,10.628139,0
19306,0.078519,1
19307,2.553952,1
19308,0.548153,1
19309,9.197922,0
19310,0.425219,0
19311,0.17924,1
19312,0.232542,0
19313,0.087908,1
19314,8.206521,1
19315,0.184495,0
19316,1.609764,1
19317,0.057705,1
19318,9.65129,0
19319,1.917048,0
19320,0.104939,0
19321,2.0019,1
19322,9.932313,0
19323,10.132781,0
19324,0.068933,0
19325,10.379763,0
19326,0.292129,1
19327,0.808577,1
19328,0.97231,0
19329,11.416532,0
19330,0.085637,0
19331,10.91632,0
19332,0.124656,1
19333,0.116041,0
19334,0.074495,0
19335,2.662508,1
19336,0.109755,1
19337,1.896917,1
19338,9.842595,1
19339,0.48312,0
19340,1.259027,0
19341,3.886153,1
19342,3.674464,1
19343,0.779348,0
19344,0.076522,0
19345,2.617135,1
19346,1.109909,0
19347,0.222796,0
19348,0.104018,0
19349,0.303341,0
19350,1.451876,0
19351,0.101284,1
19352,0.114546,1
19353,9.090457,0
19354,10.210168,1
19355,2.614113,1
19356,0.168696,1
19357,0.182543,0
19358,0.058512,1
19359,0.215362,1
19360,0.412,0
19361,3.590462,0
19362,2.205158,1
19363,0.045909,1
19364,0.659259,1
19365,0.098921,1
19366,0.4714,0
19367,0.390512,0
19368,0.049991,1
19369,0.100487,1
19370,0.172369,0
19371,9.504066,1
19372,0.510158,1
19373,4.35267,1
19374,8.819204,0
19375,0.308169,1
19376,0.403571,0
19377,0.18243,1
19378,3.436981,1
19379,8.987419,0
19380,1.400783,0
19381,0.493331,0
19382,10.100313,0
19383,0.536426,1
19384,0.915336,0
19385,10.139328,0
19386,3.172654,1
19387,0.25381,1
19388,2.995564,1
19389,8.847197,0
19390,2.992116,1
19391,2.017898,1
19392,10.66222,0
19393,2.729432,1
19394,3.892316,1
19395,0.181774,1
19396,1.869976,1
19397,9.470336,1
19398,2.203861,1
19399,3.874054,1
19400,0.527652,1
19401,0.114148,1
19402,0.374451,1
19403,2.480103,1
19404,9.978831,0
19405,0.969251,0
19406,0.211316,1
19407,0.549923,0
19408,1.50508,0
19409,2.82308,1
19410,0.18694,1
19411,0.058272,0
19412,2.570374,1
19413,2.831702,1
19414,0.751154,1
19415,0.083553,1
19416,8.764471,0
19417,9.36575,0
19418,9.374128,1
19419,10.108829,0
19420,1.27943,0
19421,9.121979,0
19422,2.356771,0
19423,0.575433,0
19424,10.971072,0
19425,1.999456,0
19426,0.113163,1
19427,1.712423,0
19428,0.071816,1
19429,9.016659,1
19430,9.358801,1
19431,1.563982,1
19432,0.34545,0
19433,2.931199,1
19434,2.828647,1
19435,0.199435,0
19436,1.264469,0
19437,1.374409,1
19438,0.145487,1
19439,3.461276,0
19440,10.06637,0
19441,1.421956,1
19442,0.770921,0
19443,1.404043,1
19444,9.420344,0
19445,10.01012,0
19446,0.45786,0
19447,0.324379,1
19448,0.362308,1
19449,0.140492,1
19450,10.364745,0
19451,0.451182,1
19452,1.936675,0
19453,2.00989,0
19454,1.5163,0
19455,9.457042,0
19456,9.038697,0
19457,3.221266,1
19458,2.849529,1
19459,10.227503,0
19460,1.175566,0
19461,0.050773,1
19462,1.423709,0
19463,0.338421,0
19464,1.592693,1
19465,0.098626,1
19466,3.097003,0
19467,0.264165,0
19468,9.245847,0
19469,1.607675,1
19470,0.273836,1
19471,0.231302,0
19472,0.381722,0
19473,9.754782,0
19474,0.439834,1
19475,9.63031,0
19476,0.162564,1
19477,1.4812,0
19478,0.240792,0
19479,0.13541,1
19480,2.420724,1
19481,0.296542,1
19482,2.567881,1
19483,0.257843,1
19484,8.55488,0
19485,2.896993,1
19486,0.114433,0
19487,0.08245,1
19488,9.097831,0
19489,0.237518,0
19490,9.557979,1
19491,2.141182,1
19492,9.83693,0
19493,9.476784,0
19494,0.460318,1
19495,0.513274,1
19496,3.249729,1
19497,9.290762,0
19498,1.806073,0
19499,2.669924,0
19500,0.350771,0
19501,0.097659,0
19502,2.374085,0
19503,0.309219,1
19504,1.540781,0
19505,0.879044,0
19506,2.319392,1
19507,4.201973,0
19508,10.279002,0
19509,1.386519,0
19510,10.507318,0
19511,0.414625,0
19512,3.517432,1
19513,0.888366,0
19514,0.123643,1
19515,3.569181,1
19516,0.851866,1
19517,2.214239,0
19518,0.151692,0
19519,0.077265,1
19520,1.799175,0
19521,0.087575,1
19522,10.124654,0
19523,0.200621,1
19524,0.452361,0
19525,1.574529,0
19526,2.541844,1
19527,10.018519,0
19528,2.133151,0
19529,10.312782,1
19530,0.12795,0
19531,0.46741,1
19532,0.114343,0
19533,0.165375,1
19534,9.399458,0
19535,0.391714,1
19536,0.529746,1
19537,0.915156,1
19538,10.095577,0
19539,1.784495,1
19540,10.051836,0
19541,0.205188,0
19542,0.203312,1
19543,1.464891,0
19544,3.563729,1
19545,1.830375,0
19546,0.161348,0
19547,10.037827,0
19548,0.088206,1
19549,11.024499,0
19550,2.263084,0
19551,0.095342,1
19552,1.317197,0
19553,2.229129,1
19554,0.161984,0
19555,8.950067,1
19556,4.451192,0
19557,0.13158,1
19558,0.058364,1
19559,0.134716,0
19560,2.520792,0
19561,5.351654,0
19562,0.123114,0
19563,0.242844,1
19564,0.343711,0
19565,0.58968,0
19566,1.76618,0
19567,2.631886,1
19568,1.683172,0
19569,0.266673,1
19570,3.462844,1
19571,2.522913,0
19572,2.215728,0
19573,1.74732,0
19574,1.793078,1
19575,2.341753,1
19576,3.139292,0
19577,2.671596,1
19578,9.877225,0
19579,0.105544,1
19580,4.413656,1
19581,2.561126,0
19582,10.187325,1
19583,1.833802,0
19584,1.38393,0
19585,10.750229,0
19586,0.429319,1
19587,1.450176,1
19588,0.188913,1
19589,0.091898,0
19590,1.543122,1
19591,3.350137,1
19592,9.4371,1
19593,3.926555,1
19594,10.350923,0
19595,4.594844,1
19596,1.27712,0
19597,0.914717,1
19598,9.568511,0
19599,0.223978,1
19600,9.127434,0
19601,0.072307,1
19602,2.204707,1
19603,0.172019,1
19604,4.595543,1
19605,2.423165,0
19606,9.77392,0
19607,0.049293,1
19608,0.259602,1
19609,10.301881,1
19610,2.846271,0
19611,2.181985,1
19612,0.717358,0
19613,3.132156,1
19614,8.345201,0
19615,3.038855,0
19616,2.593211,1
19617,9.277899,1
19618,10.213214,0
19619,0.291107,1
19620,0.498801,0
19621,0.151679,1
19622,9.074924,1
19623,0.897221,1
19624,10.243836,0
19625,1.581681,0
19626,9.164718,0
19627,0.090848,1
19628,2.577879,1
19629,2.489573,0
19630,3.072481,0
19631,0.544711,1
19632,0.633842,0
19633,1.981325,1
19634,2.221145,0
19635,9.61837,0
19636,1.403966,0
19637,0.658464,0
19638,2.737481,1
19639,0.176907,1
19640,0.864691,0
19641,3.921498,0
19642,8.454563,0
19643,8.674913,1
19644,10.26072,0
19645,9.051957,1
19646,10.25273,0
19647,7.628238,1
19648,9.699383,1
19649,0.3208,1
19650,0.40504,0
19651,3.165628,1
19652,0.166677,1
19653,0.832992,1
19654,1.140728,0
19655,0.197634,1
19656,8.035107,1
19657,0.537246,0
19658,0.871329,0
19659,9.004031,0
19660,0.212924,1
19661,3.10568,1
19662,0.567705,1
19663,2.612337,0
19664,0.115287,0
19665,9.450738,0
19666,1.62284,0
19667,9.970493,0
19668,2.781264,0
19669,0.243504,0
19670,0.407602,0
19671,2.002333,0
19672,1.754681,1
19673,1.738147,0
19674,2.623586,1
19675,0.084961,0
19676,1.899118,0
19677,0.142487,1
19678,3.430672,1
19679,0.259757,0
19680,0.625402,0
19681,0.553924,0
19682,0.095467,1
19683,2.079366,0
19684,0.065264,1
19685,0.104451,0
19686,0.107994,1
19687,9.426708,0
19688,9.856685,0
19689,2.432389,0
19690,0.065747,1
19691,2.847526,1
19692,8.919693,0
19693,0.078643,0
19694,0.093714,0
19695,0.156726,1
19696,9.690772,1
19697,10.064445,0
19698,1.965423,0
19699,0.241247,1
19700,3.484082,1
19701,0.189556,0
19702,1.704276,1
19703,1.687563,0
19704,1.613805,0
19705,1.441292,0
19706,0.129753,1
19707,0.228465,1
19708,3.192787,0
19709,1.731276,0
19710,0.202833,1
19711,0.073855,1
19712,2.144125,1
19713,0.099474,1
19714,9.352481,0
19715,2.958651,0
19716,8.619114,0
19717,0.140524,1
19718,0.080419,1
19719,10.676925,0
19720,1.477182,0
19721,0.063627,1
19722,1.268182,0
19723,1.387233,0
19724,0.100136,0
19725,0.175731,1
19726,0.269224,1
19727,2.084108,0
19728,0.081111,1
19729,10.439981,0
19730,10.125926,0
19731,2.167196,1
19732,2.169573,1
19733,1.153975,0
19734,0.702425,0
19735,3.343899,1
19736,9.285075,0
19737,0.232375,1
19738,1.748532,1
19739,3.100659,1
19740,3.467771,0
19741,2.383521,0
19742,0.105407,0
19743,9.636405,0
19744,0.196148,0
19745,2.68131,1
19746,9.855947,0
19747,4.507029,0
19748,0.075073,1
19749,0.211105,0
19750,2.404779,0
19751,1.425001,0
19752,9.088996,0
19753,0.181278,1
19754,0.169357,1
19755,2.086867,0
19756,3.196804,1
19757,10.008728,1
19758,0.315727,1
19759,0.058567,1
19760,2.824265,1
19761,4.311004,1
19762,0.371287,0
19763,0.390151,0
19764,0.078884,0
19765,9.188623,0
19766,0.132079,1
19767,0.129706,1
19768,0.297887,0
19769,0.08801,1
19770,2.14025,0
19771,2.808194,0
19772,0.083222,0
19773,9.268665,0
19774,0.318724,0
19775,1.159179,0
19776,9.415849,1
19777,0.367948,1
19778,0.480421,0
19779,8.331717,0
19780,0.111874,1
19781,0.256809,1
19782,0.239939,0
19783,9.435383,0
19784,1.310444,0
19785,9.796918,0
19786,1.900397,1
19787,1.929825,0
19788,9.882298,0
19789,0.274982,1
19790,1.627641,0
19791,0.075934,1
19792,8.799485,0
19793,0.097489,1
19794,8.700977,0
19795,2.649019,0
19796,0.478323,0
19797,2.66958,1
19798,0.09186,1
19799,0.091021,0
19800,9.163382,1
19801,0.209214,0
19802,3.592406,1
19803,2.446756,0
19804,0.200554,0
19805,0.120203,1
19806,9.448664,0
19807,9.931561,0
19808,9.585384,0
19809,1.155305,0
19810,8.716182,0
19811,0.395245,0
19812,0.261865,1
19813,0.25016,0
19814,0.153479,1
19815,0.181737,1
19816,0.250332,1
19817,0.085367,1
19818,2.523395,0
19819,1.809983,1
19820,0.068787,1
19821,9.134448,0
19822,1.263372,0
19823,3.583145,1
19824,11.192553,0
19825,0.327732,1
19826,0.170214,0
19827,0.074284,0
19828,2.177947,0
19829,2.28369,0
19830,1.463076,0
19831,10.711653,0
19832,0.105165,1
19833,2.741857,1
19834,9.574059,1
19835,9.926454,0
19836,3.994841,0
19837,0.085067,1
19838,10.28495,0
19839,0.216291,0
19840,0.07997,1
19841,0.163176,0
19842,2.181587,1
19843,0.193695,0
19844,3.028689,1
19845,1.884893,0
19846,0.337578,1
19847,0.164231,1
19848,1.206515,0
19849,1.88327,0
19850,2.44716,1
19851,8.222345,0
19852,0.221758,0
19853,9.080326,0
19854,0.156626,1
19855,10.509897,0
19856,0.137061,1
19857,3.184829,0
19858,1.601736,0
19859,2.918967,0
19860,0.351651,0
19861,0.951562,0
19862,8.357386,0
19863,3.317945,0
19864,0.120638,0
19865,2.089882,1
19866,3.722234,1
19867,9.152741,1
19868,0.089617,1
19869,5.021209,1
19870,10.284113,0
19871,9.492688,1
19872,0.594086,1
19873,0.2429,1
19874,9.581764,0
19875,0.724956,1
19876,0.723729,0
19877,9.887053,0
19878,0.283011,0
19879,2.203921,1
19880,0.322888,1
19881,9.510764,0
19882,4.847261,1
19883,10.518206,0
19884,0.167229,0
19885,0.0913,1
19886,0.106219,1
19887,0.170363,1
19888,10.629355,0
19889,2.124604,1
19890,0.227333,1
19891,1.309604,1
19892,3.111511,1
19893,8.137721,0
19894,1.546366,0
19895,8.74281,1
19896,0.066796,1
19897,0.100478,0
19898,2.047278,0
19899,9.787451,0
19900,0.573975,1
19901,0.077948,0
19902,0.168654,1
19903,10.802189,1
19904,1.665069,0
19905,0.037623,1
19906,2.409216,0
19907,2.778746,1
19908,0.08696,1
19909,0.760257,1
19910,0.856303,0
19911,10.13,0
19912,10.031783,0
19913,9.173584,0
19914,1.721599,0
19915,10.731293,0
19916,1.465401,0
19917,1.307374,0
19918,9.565022,1
19919,0.751351,0
19920,9.70288,0
19921,2.266717,0
19922,0.268366,1
19923,0.066227,1
19924,10.540273,0
19925,1.61622,0
19926,3.504048,1
19927,0.076917,1
19928,0.959608,1
19929,0.18667,0
19930,0.061647,1
19931,0.222834,1
19932,2.85552,1
19933,9.25198,0
19934,1.188752,0
19935,3.973476,0
19936,0.05282,1
19937,0.330471,1
19938,0.317302,0
19939,2.593807,0
19940,9.943525,0
19941,8.408379,0
19942,1.299847,0
19943,0.079714,1
19944,3.558423,1
19945,8.850052,1
19946,0.181663,0
19947,0.716099,0
19948,0.151729,0
19949,9.939837,0
19950,0.085851,0
19951,10.64651,1
19952,4.749928,1
19953,0.197676,1
19954,0.059256,1
19955,9.355068,1
19956,2.709289,0
19957,1.210972,0
19958,9.625174,0
19959,0.102157,0
19960,9.187561,0
19961,8.947369,0
19962,9.723262,0
19963,0.226282,1
19964,10.257171,1
19965,9.882199,0
19966,2.25342,1
19967,0.906801,0
19968,1.657219,0
19969,4.043633,1
19970,5.62736,0
19971,2.072656,1
19972,0.114615,1
19973,10.465658,0
19974,1.87386,1
19975,3.119489,1
19976,9.533232,0
19977,0.278368,1
19978,0.108073,0
19979,9.958752,0
19980,1.62505,0
19981,0.106898,0
19982,0.155073,0
19983,1.680146,0
19984,0.0566,1
19985,1.091725,1
19986,8.367472,1
19987,2.564387,1
19988,10.049629,0
19989,0.319161,1
19990,3.243211,1
19991,10.313416,0
19992,0.262798,0
19993,2.9246,1
19994,0.208904,0
19995,8.289559,1
19996,8.618789,0
19997,8.838223,0
19998,0.13691,0
19999,2.087752,1
20000,0.183224,0
20001,8.175069,1
20002,0.394268,0
20003,3.310644,1
20004,0.138609,1
20005,0.034584,0
20006,2.506335,1
20007,9.278109,1
20008,0.150097,1
20009,0.216634,1
20010,9.526505,0
20011,0.339648,0
20012,0.140979,1
20013,0.113585,1
20014,0.25916,1
20015,2.624725,1
20016,9.820756,0
20017,9.838439,0
20018,0.047461,0
20019,1.065745,1
20020,9.183177,0
20021,3.341568,1
20022,9.74598,0
20023,10.012999,0
20024,3.395342,1
20025,3.604194,0
20026,2.194845,0
20027,9.328226,1
20028,10.807142,0
20029,2.262835,1
20030,1.121898,1
20031,9.471437,0
20032,4.382544,1
20033,0.367247,0
20034,3.389402,1
20035,0.201107,1
20036,0.164607,1
20037,0.095781,0
20038,0.261236,1
20039,9.278884,1
20040,9.999428,0
20041,3.237171,0
20042,0.794898,0
20043,10.980815,0
20044,0.144412,0
20045,10.970567,1
20046,8.872087,1
20047,9.744452,0
20048,0.218117,1
20049,3.152951,1
20050,2.595736,0
20051,3.09627,1
20052,2.737957,1
20053,1.193881,1
20054,1.722008,0
20055,3.676569,1
20056,3.356854,1
20057,2.281018,1
20058,3.3386,1
20059,0.667307,0
20060,0.148925,0
20061,1.239497,1
20062,0.139635,0
20063,8.549687,1
20064,0.137029,0
20065,0.084732,0
20066,1.702287,1
20067,10.010509,0
20068,9.266809,0
20069,9.648603,0
20070,0.496057,0
20071,2.19017,0
20072,0.07702,1
20073,11.002337,0
20074,0.177462,1
20075,2.568909,1
20076,9.682661,0
20077,0.185579,1
20078,3.088144,0
20079,0.406874,1
20080,2.210468,0
20081,10.339857,0
20082,0.31059,1
20083,2.733827,1
20084,0.101724,0
20085,2.310017,1
20086,9.999803,0
20087,4.29662,0
20088,1.928067,1
20089,0.455213,0
20090,0.167049,1
20091,0.255747,1
20092,0.892058,1
20093,1.906589,0
20094,2.900704,1
20095,2.098239,1
20096,0.091339,1
20097,0.239235,0
20098,0.298611,0
20099,10.032941,1
20100,0.572987,0
20101,0.321175,1
20102,3.534949,0
20103,0.883453,0
20104,0.146013,0
20105,9.631656,0
20106,9.387768,0
20107,0.605943,0
20108,0.676168,0
20109,10.555404,0
20110,0.255836,1
20111,0.106489,0
20112,9.401987,1
20113,0.140156,0
20114,0.065675,1
20115,9.370305,0
20116,10.361498,0
20117,2.085491,0
20118,0.356412,1
20119,1.255232,0
20120,0.481447,1
20121,0.089324,0
20122,2.083513,1
20123,0.674007,1
20124,1.330623,1
20125,0.115094,1
20126,1.291124,0
20127,0.065442,1
20128,2.342518,1
20129,0.17667,1
20130,2.734684,1
20131,2.357086,1
20132,0.088529,1
20133,1.728722,0
20134,9.884799,1
20135,10.736383,1
20136,8.778932,1
20137,10.309714,0
20138,10.211186,1
20139,0.584536,1
20140,1.581731,0
20141,0.89351,0
20142,8.535094,0
20143,9.851725,1
20144,0.268882,0
20145,0.742414,0
20146,0.183909,1
20147,4.154697,1
20148,9.127419,0
20149,1.218561,0
20150,9.169017,0
20151,0.15768,1
20152,9.252613,0
20153,9.336238,1
20154,2.154641,1
20155,0.080191,1
20156,9.940503,0
20157,0.107024,0
20158,0.095158,1
20159,1.170923,0
20160,0.239629,1
20161,1.723936,0
20162,0.085502,0
20163,10.134945,0
20164,9.219532,0
20165,0.065728,1
20166,3.66248,0
20167,10.355526,0
20168,2.13008,1
20169,1.965918,1
20170,0.638858,0
20171,2.432963,1
20172,0.28807,0
20173,0.151156,1
20174,0.431894,0
20175,9.659647,0
20176,0.118716,1
20177,2.432385,1
20178,0.102706,0
20179,1.993979,0
20180,9.270556,0
20181,0.097677,0
20182,3.636998,1
20183,2.615324,1
20184,3.474539,1
20185,3.611577,1
20186,0.09757,0
20187,2.371019,0
20188,2.673615,0
20189,8.97841,1
20190,2.79065,1
20191,2.085234,1
20192,0.644922,0
20193,0.096718,1
20194,1.132246,0
20195,0.101553,1
20196,0.040154,1
20197,9.339179,1
20198,0.261302,0
20199,2.524383,0
20200,0.530977,0
20201,2.900436,1
20202,0.030124,0
20203,4.300003,1
20204,2.401172,1
20205,2.450639,0
20206,0.808306,0
20207,9.666443,0
20208,8.868543,0
20209,0.081134,1
20210,0.089231,0
20211,3.842566,1
20212,0.189752,0
20213,9.116731,1
20214,0.068073,1
20215,10.071095,0
20216,2.1801,0
20217,0.670881,1
20218,0.123463,0
20219,0.842039,1
20220,0.19124,1
20221,0.312513,0
20222,0.360887,1
20223,3.736033,0
20224,3.190932,1
20225,2.94228,1
20226,10.673285,0
20227,3.00231,0
20228,10.361035,0
20229,9.2246,1
20230,0.042621,1
20231,9.753348,0
20232,0.96039,0
20233,0.057528,1
20234,2.811338,1
20235,3.6369,1
20236,0.08927,0
20237,8.916992,0
20238,1.346573,1
20239,1.313504,0
20240,0.108098,0
20241,2.857342,1
20242,1.368384,0
20243,9.808701,0
20244,0.372724,1
20245,2.232562,0
20246,2.109161,0
20247,8.871501,1
20248,0.137828,1
20249,4.218124,1
20250,9.063291,0
20251,0.087302,0
20252,2.001805,1
20253,0.178508,1
20254,10.555293,1
20255,0.77306,1
20256,0.496558,1
20257,0.358116,1
20258,9.430205,0
20259,0.050488,0
20260,0.131943,1
20261,9.823921,1
20262,0.087784,0
20263,0.084842,1
20264,2.932514,1
20265,0.122702,1
20266,3.573341,0
20267,2.95179,1
20268,8.482806,1
20269,3.04236,1
20270,0.153781,0
20271,9.459338,0
20272,9.29674,0
20273,0.09638,1
20274,0.143984,1
20275,9.753279,0
20276,3.352699,0
20277,1.936411,0
20278,2.607245,1
20279,0.055119,0
20280,9.807267,0
20281,9.011159,0
20282,1.356207,0
20283,0.237397,1
20284,10.211379,0
20285,9.968877,0
20286,2.231211,0
20287,0.16344,1
20288,2.217943,0
20289,0.410357,0
20290,0.368202,1
20291,2.3922,1
20292,1.611695,1
20293,1.024591,1
20294,0.591316,0
20295,3.037306,0
20296,3.687793,1
20297,0.06787,1
20298,1.023243,0
20299,9.729982,0
20300,0.590346,0
20301,0.107902,0
20302,8.737673,1
20303,1.62314,0
20304,1.193783,0
20305,1.931495,1
20306,9.36563,0
20307,0.17238,0
20308,2.045093,1
20309,2.128228,1
20310,0.794596,0
20311,0.531372,0
20312,2.979226,1
20313,9.954003,0
20314,4.040544,1
20315,9.927234,0
20316,9.098509,0
20317,8.851673,1
20318,9.857156,0
20319,8.998256,1
20320,2.812394,0
20321,10.202672,0
20322,0.067157,1
20323,1.812182,0
20324,0.06495,1
20325,0.162155,0
20326,8.63931,0
20327,0.124017,1
20328,0.053764,0
20329,0.098442,0
20330,11.760032,1
20331,3.560475,1
20332,1.593204,0
20333,9.782331,0
20334,0.05372,1
20335,0.223158,1
20336,2.804085,0
20337,0.336501,1
20338,2.608246,1
20339,2.236296,0
20340,0.065303,1
20341,9.419934,0
20342,0.082154,0
20343,0.072408,1
20344,9.709186,0
20345,0.036081,0
20346,1.283122,0
20347,0.167909,1
20348,0.546532,1
20349,1.315664,0
20350,4.364304,0
20351,0.087483,1
20352,1.966105,1
20353,10.09374,0
20354,2.887992,1
20355,0.207974,0
20356,1.530953,0
20357,0.954096,0
20358,0.144431,1
20359,11.124061,1
20360,9.538735,0
20361,0.32684,1
20362,0.064653,0
20363,0.115842,1
20364,2.049193,0
20365,5.173457,1
20366,1.562576,0
20367,11.144318,1
20368,2.366026,0
20369,9.277902,0
20370,11.043263,1
20371,9.399925,1
20372,1.909708,1
20373,1.486463,0
20374,0.379808,1
20375,3.144363,0
20376,9.494769,0
20377,0.72309,0
20378,0.50834,0
20379,0.887692,1
20380,0.204971,0
20381,3.530046,0
20382,0.078734,1
20383,0.401746,0
20384,9.684352,1
20385,0.421936,0
20386,9.668485,0
20387,1.305485,1
20388,2.867689,1
20389,0.077874,1
20390,1.427426,0
20391,0.70601,0
20392,0.046393,1
20393,0.076619,0
20394,9.886106,0
20395,0.996509,0
20396,0.248799,1
20397,0.133368,0
20398,0.269168,1
20399,0.939252,0
20400,0.35333,1
20401,0.215117,0
20402,8.336438,0
20403,0.131365,0
20404,3.045922,1
20405,1.677915,0
20406,2.324019,1
20407,0.160401,1
20408,0.135491,1
20409,0.052323,1
20410,0.281583,0
20411,1.342854,0
20412,1.865066,0
20413,0.080414,1
20414,3.386341,1
20415,0.143811,0
20416,0.643452,0
20417,0.507399,1
20418,10.344158,1
20419,9.830109,1
20420,0.357433,0
20421,10.952574,0
20422,9.483092,0
20423,3.585299,0
20424,0.276523,1
20425,0.330855,1
20426,0.818289,1
20427,1.460553,0
20428,0.171887,0
20429,9.369879,0
20430,8.944238,0
20431,0.487927,1
20432,3.046651,1
20433,9.628418,1
20434,10.239215,1
20435,9.435941,0
20436,1.895901,1
20437,0.0836,0
20438,0.05832,1
20439,1.065781,0
20440,1.88627,0
20441,1.2745,1
20442,0.16757,0
20443,0.841742,0
20444,0.074894,1
20445,2.195739,1
20446,8.666543,0
20447,3.426262,1
20448,0.344816,0
20449,2.616253,1
20450,0.955794,0
20451,10.158135,0
20452,8.62652,0
20453,8.923566,0
20454,3.788774,1
20455,10.384073,1
20456,0.274878,0
20457,2.247658,1
20458,9.542553,0
20459,10.056121,0
20460,1.231247,0
20461,9.641527,0
20462,0.120961,0
20463,1.801316,1
20464,0.352248,1
20465,0.103588,1
20466,0.856122,0
20467,9.803812,0
20468,11.363624,0
20469,0.163709,0
20470,0.066728,1
20471,0.112258,1
20472,5.226969,0
20473,8.82662,0
20474,3.845556,1
20475,9.838376,0
20476,2.391586,1
20477,10.570028,0
20478,2.182606,0
20479,2.894664,1
20480,10.248187,0
20481,4.248764,1
20482,9.866841,0
20483,0.164278,1
20484,0.412763,0
20485,8.515206,0
20486,1.623442,0
20487,9.268896,0
20488,0.065488,1
20489,0.642028,0
20490,10.849037,0
20491,0.542969,0
20492,0.153677,1
20493,0.435258,1
20494,0.140603,1
20495,0.114317,1
20496,1.485642,1
20497,3.3338,1
20498,8.471692,1
20499,0.129675,1
20500,2.441414,1
20501,0.981869,0
20502,9.692971,0
20503,9.499801,0
20504,10.498153,0
20505,9.533624,0
20506,0.117841,1
20507,3.090368,1
20508,0.105073,0
20509,0.676018,0
20510,1.626024,1
20511,3.046235,1
20512,0.106079,1
20513,0.215083,1
20514,2.503222,1
20515,0.072207,1
20516,8.631594,0
20517,0.543916,0
20518,1.641422,1
20519,0.098146,1
20520,0.08494,1
20521,2.514858,0
20522,0.45091,0
20523,0.096916,1
20524,8.710492,1
20525,2.357758,1
20526,9.629182,0
20527,0.298588,1
20528,9.628055,1
20529,7.689151,1
20530,2.046234,1
20531,0.065532,0
20532,2.998982,1
20533,0.068169,1
20534,9.78615,0
20535,1.091262,0
20536,2.603476,0
20537,0.196368,0
20538,0.129429,0
20539,8.688943,1
20540,2.843477,1
20541,8.102747,1
20542,9.385243,1
20543,0.224626,0
20544,0.068215,1
20545,2.844228,0
20546,8.979548,0
20547,0.41505,0
20548,11.407547,0
20549,8.984952,1
20550,1.798711,1
20551,0.448544,1
20552,9.751684,0
20553,3.081944,0
20554,0.051709,0
20555,1.04855,0
20556,0.993655,0
20557,0.187679,0
20558,0.229526,1
20559,9.031331,0
20560,10.090671,1
20561,0.147962,1
20562,0.117968,1
20563,0.909308,0
20564,0.758821,0
20565,1.194617,0
20566,1.988678,0
20567,1.549215,0
20568,9.136635,1
20569,9.696342,0
20570,0.174541,1
20571,10.304093,0
20572,0.125699,0
20573,10.126844,0
20574,0.118247,1
20575,1.287743,0
20576,0.402305,1
20577,3.884843,1
20578,2.601883,1
20579,2.734901,1
20580,2.530869,1
20581,0.526197,1
20582,10.460279,0
20583,1.338215,0
20584,0.099116,0
20585,0.142097,1
20586,1.11448,0
20587,0.065397,1
20588,1.018359,0
20589,0.448161,0
20590,3.573065,0
20591,0.046707,1
20592,0.368784,1
20593,2.283955,0
20594,1.997455,1
20595,3.451171,1
20596,0.577408,0
20597,0.341193,0
20598,0.083479,1
20599,0.558453,0
20600,2.271304,0
20601,0.593558,1
20602,0.313227,1
20603,2.939749,1
20604,1.189776,0
20605,1.684439,0
20606,1.356008,0
20607,10.122427,0
20608,0.4816,1
20609,10.33258,0
20610,0.172198,1
20611,0.07991,1
20612,8.691184,0
20613,0.07051,1
20614,9.59223,1
20615,0.346541,1
20616,0.172027,1
20617,9.793147,0
20618,1.560795,0
20619,10.990418,1
20620,9.74217,0
20621,0.070246,1
20622,1.547667,0
20623,8.74188,0
20624,3.749682,1
20625,1.777115,1
20626,10.005344,0
20627,2.529871,1
20628,1.826193,1
20629,0.127243,1
20630,2.394455,1
20631,0.106228,1
20632,0.177798,0
20633,2.343446,0
20634,10.603238,0
20635,0.132016,1
20636,2.394405,1
20637,0.093712,1
20638,0.272052,1
20639,0.095106,1
20640,2.070046,1
20641,3.403264,1
20642,10.574373,0
20643,0.092342,1
20644,2.177365,1
20645,1.730503,1
20646,0.293472,0
20647,0.652942,0
20648,9.420794,1
20649,0.416038,0
20650,3.146088,0
20651,3.580586,1
20652,1.93449,1
20653,0.313095,0
20654,0.225014,1
20655,3.119609,1
20656,0.441682,0
20657,0.08708,0
20658,9.087765,1
20659,1.659868,1
20660,1.112436,1
20661,1.597395,0
20662,0.346104,0
20663,2.135888,0
20664,2.588836,1
20665,0.1258,1
20666,0.051704,0
20667,0.09426,0
20668,0.080529,0
20669,4.198336,1
20670,1.882798,0
20671,0.945112,0
20672,0.050063,1
20673,1.199487,0
20674,0.269104,0
20675,1.946222,1
20676,0.090599,1
20677,9.617458,0
20678,0.209519,1
20679,3.930764,1
20680,0.213815,1
20681,0.644121,0
20682,2.083002,1
20683,2.795518,0
20684,10.889531,0
20685,0.277546,0
20686,3.719848,0
20687,0.101597,1
20688,8.664738,0
20689,9.593775,0
20690,11.07863,0
20691,0.83171,0
20692,2.891674,1
20693,9.429196,1
20694,0.339212,0
20695,0.096142,0
20696,0.14253,1
20697,0.535153,0
20698,1.502944,0
20699,1.48038,0
20700,9.790134,0
20701,0.161023,1
20702,0.226532,1
20703,0.452435,1
20704,3.129893,1
20705,0.065061,1
20706,0.060774,1
20707,4.695245,0
20708,1.532912,0
20709,8.987308,1
20710,1.283869,0
20711,0.069092,1
20712,0.283754,1
20713,0.477324,0
20714,10.267529,0
20715,0.742177,0
20716,0.52151,1
20717,0.302482,0
20718,0.521703,1
20719,9.67405,0
20720,0.110946,0
20721,1.47332,0
20722,0.104157,0
20723,4.314702,1
20724,0.050993,1
20725,0.494812,1
20726,2.645959,1
20727,0.131755,0
20728,9.926224,0
20729,9.697012,1
20730,0.763749,0
20731,2.958471,1
20732,2.287893,1
20733,3.495125,1
20734,9.704144,0
20735,0.146175,1
20736,0.14255,0
20737,9.68587,0
20738,9.113104,0
20739,0.765632,0
20740,1.308078,0
20741,0.291568,1
20742,3.247943,1
20743,0.055605,1
20744,1.392952,0
20745,0.946453,0
20746,1.384464,0
20747,2.934814,1
20748,0.156359,0
20749,9.778322,1
20750,1.058754,0
20751,0.246992,1
20752,0.108743,0
20753,9.648169,0
20754,3.418217,1
20755,2.547583,0
20756,1.991807,0
20757,2.365727,1
20758,9.707423,0
20759,1.373308,0
20760,2.649196,1
20761,0.29936,0
20762,0.164998,0
20763,2.264546,0
20764,2.475677,0
20765,1.572984,1
20766,0.60713,0
20767,1.563122,1
20768,9.741831,1
20769,2.68734,0
20770,1.540514,0
20771,0.164581,1
20772,0.105547,1
20773,2.412673,1
20774,10.174521,0
20775,0.095441,0
20776,1.110117,1
20777,10.186974,0
20778,9.277514,1
20779,0.351394,0
20780,3.81809,1
20781,4.754763,1
20782,2.796459,1
20783,9.021233,0
20784,0.096027,1
20785,9.236992,0
20786,0.464421,0
20787,0.128886,1
20788,0.091996,1
20789,0.092907,1
20790,0.099478,0
20791,0.110565,1
20792,3.723508,1
20793,3.119285,1
20794,0.17682,1
20795,1.647596,0
20796,3.206438,0
20797,0.702161,0
20798,3.326862,1
20799,0.12935,0
20800,0.133086,0
20801,0.104688,0
20802,2.432437,1
20803,0.232365,1
20804,10.333187,0
20805,9.164735,1
20806,5.77402,1
20807,10.378463,0
20808,1.156737,0
20809,0.095623,1
20810,1.269505,1
20811,3.983485,1
20812,1.264234,0
20813,1.95924,1
20814,2.038953,1
20815,3.654906,1
20816,0.441243,1
20817,0.048791,1
20818,0.135713,1
20819,2.965643,1
20820,3.523918,1
20821,10.325918,0
20822,0.212793,1
20823,3.933156,0
20824,0.062157,0
20825,9.662182,0
20826,9.949805,0
20827,0.106966,0
20828,0.21194,1
20829,0.100177,0
20830,0.49656,1
20831,10.274867,0
20832,1.289751,0
20833,0.104538,0
20834,9.357948,0
20835,1.461985,0
20836,2.681925,1
20837,1.660026,0
20838,10.496046,0
20839,3.118381,1
20840,0.245701,1
20841,0.170274,1
20842,1.520093,1
20843,10.495273,0
20844,1.552093,0
20845,3.205317,0
20846,0.054777,0
20847,0.563367,1
20848,1.269137,0
20849,2.97629,1
20850,1.253979,0
20851,0.118292,1
20852,9.511797,0
20853,0.073542,0
20854,0.243503,0
20855,0.141096,1
20856,0.055449,0
20857,8.135953,0
20858,0.542034,0
20859,8.77569,0
20860,1.0629,0
20861,0.630193,1
20862,0.344657,1
20863,0.190939,0
20864,2.96674,0
20865,0.206803,0
20866,4.465554,1
20867,0.481785,1
20868,3.096346,1
20869,0.162756,1
20870,1.485251,0
20871,1.386444,0
20872,2.482802,0
20873,9.195606,0
20874,0.283992,0
20875,10.585605,0
20876,1.783449,0
20877,0.790295,0
20878,0.300917,1
20879,0.435685,1
20880,3.869143,0
20881,3.118716,1
20882,0.044599,0
20883,1.219789,0
20884,0.068145,0
20885,3.418586,0
20886,1.70675,1
20887,1.331153,0
20888,0.218747,0
20889,9.784513,0
20890,0.094585,0
20891,9.294734,0
20892,1.097517,1
20893,0.298379,0
20894,0.978213,1
20895,9.042871,0
20896,3.275503,1
20897,0.183721,0
20898,3.528005,1
20899,10.453418,0
20900,8.595359,0
20901,2.804292,0
20902,2.741523,0
20903,1.85199,1
20904,3.143267,1
20905,3.881357,0
20906,3.131707,1
20907,0.183742,0
20908,1.335288,0
20909,4.362441,1
20910,1.987314,0
20911,1.248065,1
20912,0.858794,0
20913,9.307365,0
20914,1.65262,0
20915,1.043428,1
20916,5.384574,1
20917,1.99916,1
20918,0.189328,1
20919,2.390844,1
20920,0.300768,1
20921,0.846649,0
20922,0.102068,0
20923,3.241232,1
20924,0.219919,1
20925,3.126965,1
20926,0.881648,0
20927,9.830821,0
20928,10.955171,0
20929,0.111648,1
20930,0.10524,1
20931,9.306581,0
20932,3.552161,1
20933,8.961977,1
20934,0.163561,1
20935,2.266599,0
20936,0.208956,1
20937,0.234032,1
20938,4.466356,1
20939,0.099675,0
20940,1.573171,1
20941,0.187368,1
20942,0.182018,1
20943,10.153054,0
20944,0.686311,1
20945,0.166611,1
20946,1.369531,0
20947,1.085152,0
20948,0.911983,1
20949,2.925938,0
20950,8.528798,0
20951,9.821158,1
20952,9.137524,0
20953,9.059498,0
20954,0.37992,1
20955,0.143908,0
20956,0.145344,1
20957,1.547703,0
20958,0.10481,1
20959,1.341992,0
20960,2.413418,1
20961,1.203194,0
20962,1.539724,0
20963,11.748737,0
20964,3.722464,1
20965,9.898936,0
20966,0.114926,0
20967,0.158175,0
20968,0.1113,0
20969,0.072579,0
20970,10.220016,0
20971,9.678077,1
20972,1.593284,0
20973,0.350244,1
20974,0.393109,0
20975,0.100267,0
20976,8.998428,0
20977,0.056916,1
20978,8.495222,0
20979,2.926801,1
20980,0.355192,0
20981,3.459629,1
20982,1.728729,1
20983,0.943414,0
20984,0.755946,0
20985,0.076966,1
20986,9.975274,0
20987,8.219399,0
20988,2.150109,1
20989,9.943645,0
20990,0.453488,0
20991,0.46534,1
20992,0.082365,1
20993,8.225387,1
20994,4.353482,1
20995,0.083105,0
20996,0.958758,1
20997,8.985881,0
20998,2.916569,0
20999,8.735478,0
21000,10.403387,0
21001,0.331843,0
21002,0.206407,0
21003,3.956512,0
21004,0.390833,1
21005,0.127331,1
21006,2.044345,0
21007,0.167407,0
21008,5.108889,1
21009,8.530103,0
21010,9.797452,0
21011,2.602395,1
21012,1.804274,0
21013,9.368713,0
21014,2.454871,0
21015,3.810496,0
21016,0.193658,0
21017,0.098219,1
21018,1.135733,0
21019,10.264132,0
21020,0.059386,1
21021,0.271782,0
21022,1.924206,1
21023,2.931169,1
21024,9.154446,0
21025,10.86249,1
21026,0.097419,1
21027,0.053788,1
21028,0.087,1
21029,3.476565,1
21030,9.451592,1
21031,0.074873,0
21032,10.265084,1
21033,8.982083,0
21034,8.697474,0
21035,2.938825,1
21036,0.949466,0
21037,2.249423,0
21038,0.923283,0
21039,0.220415,0
21040,1.900868,0
21041,0.825835,1
21042,1.859043,1
21043,1.085512,0
21044,1.504191,0
21045,0.359097,0
21046,2.523095,0
21047,1.055024,1
21048,9.259904,1
21049,0.225943,0
21050,1.84551,0
21051,0.073275,1
21052,0.203937,0
21053,0.254461,1
21054,0.056044,1
21055,0.430015,0
21056,10.56849,0
21057,2.864776,1
21058,0.047366,1
21059,2.740059,1
21060,9.928603,0
21061,1.043596,0
21062,1.889664,0
21063,0.19527,1
21064,9.234529,0
21065,9.479144,0
21066,10.827116,0
21067,2.552707,1
21068,9.750833,1
21069,0.088943,0
21070,1.319044,0
21071,1.993615,0
21072,9.354531,0
21073,9.063894,0
21074,3.013164,1
21075,0.259015,1
21076,2.718973,0
21077,0.332541,0
21078,1.190611,0
21079,0.08686,0
21080,9.831561,0
21081,0.292521,0
21082,0.054717,1
21083,9.768023,0
21084,0.307575,1
21085,0.114617,0
21086,1.968954,0
21087,0.087569,1
21088,4.396834,1
21089,9.115142,0
21090,3.452486,1
21091,1.735484,1
21092,2.854967,1
21093,0.433831,0
21094,3.07894,1
21095,3.653909,1
21096,0.173939,1
21097,9.788733,0
21098,2.848582,1
21099,10.595173,0
21100,0.844268,1
21101,9.580068,0
21102,2.011034,0
21103,2.07539,0
21104,0.407601,0
21105,0.872482,0
21106,4.653246,1
21107,1.766595,0
21108,9.450893,0
21109,3.340507,1
21110,1.624413,0
21111,0.973359,1
21112,0.378118,1
21113,0.202259,1
21114,1.160114,0
21115,0.177842,1
21116,0.333903,0
21117,3.025953,1
21118,0.118766,0
21119,3.915551,1
21120,0.722521,0
21121,4.08919,1
21122,2.536469,1
21123,3.034845,1
21124,0.547477,0
21125,8.969934,0
21126,9.918338,1
21127,0.220144,1
21128,4.959455,1
21129,1.362731,0
21130,0.18713,1
21131,1.07988,1
21132,2.601557,1
21133,9.387444,0
21134,0.10411,0
21135,0.063716,1
21136,0.296417,1
21137,2.592324,1
21138,9.10428,0
21139,0.2241,1
21140,2.335431,0
21141,2.154608,1
21142,0.333707,1
21143,3.218956,1
21144,0.161531,0
21145,2.271447,1
21146,2.963909,1
21147,2.044881,0
21148,2.52446,1
21149,0.918413,0
21150,0.599014,1
21151,2.058454,0
21152,0.132946,1
21153,1.164382,0
21154,9.9561,0
21155,0.189857,1
21156,10.306493,0
21157,1.994769,0
21158,2.360828,1
21159,0.192783,1
21160,0.262501,0
21161,10.079273,0
21162,2.270062,1
21163,0.133082,0
21164,0.591242,0
21165,9.823812,0
21166,9.274282,0
21167,9.64703,0
21168,2.09921,1
21169,0.308127,1
21170,1.546836,0
21171,0.144446,0
21172,0.261914,1
21173,1.14835,0
21174,1.934543,0
21175,0.898654,0
21176,0.4179,1
21177,0.76304,1
21178,2.537742,0
21179,2.584515,0
21180,3.466089,1
21181,0.075535,1
21182,2.980502,1
21183,2.398317,1
21184,3.695825,1
21185,0.273117,1
21186,8.783225,0
21187,3.412148,1
21188,9.092715,1
21189,8.89627,1
21190,0.117125,1
21191,3.560551,1
21192,1.91542,0
21193,1.682081,1
21194,0.879332,1
21195,2.917413,0
21196,0.481123,1
21197,0.47355,0
21198,0.432599,0
21199,2.016173,0
21200,10.316254,0
21201,1.852049,1
21202,0.742804,0
21203,9.639621,0
21204,0.509194,0
21205,1.677785,0
21206,0.505396,0
21207,0.33082,1
21208,1.860676,1
21209,2.395661,0
21210,2.00928,1
21211,1.577441,0
21212,9.556726,0
21213,0.471196,1
21214,2.757693,1
21215,2.880188,0
21216,2.193715,0
21217,0.394376,1
21218,0.066902,1
21219,3.241329,1
21220,0.072936,1
21221,10.366096,0
21222,2.384113,1
21223,10.905214,1
21224,2.961514,0
21225,10.345768,1
21226,2.988935,0
21227,0.167609,1
21228,9.311838,0
21229,3.865266,1
21230,1.247929,0
21231,3.202276,1
21232,2.768446,0
21233,0.340127,0
21234,9.707738,0
21235,3.031468,1
21236,9.776296,0
21237,1.824154,0
21238,0.504167,0
21239,2.419279,1
21240,0.250152,1
21241,0.257894,0
21242,0.136119,1
21243,4.17339,1
21244,0.191923,0
21245,0.228959,1
21246,0.171346,0
21247,0.435226,0
21248,0.146478,0
21249,0.085781,0
21250,0.091627,0
21251,2.452915,1
21252,0.104963,0
21253,2.62423,0
21254,10.404899,0
21255,8.808742,1
21256,9.284236,0
21257,1.253995,0
21258,9.612202,1
21259,0.463462,0
21260,0.905516,0
21261,3.49991,1
21262,0.088911,1
21263,0.449108,1
21264,9.744686,0
21265,0.168812,1
21266,1.781762,1
21267,0.062791,1
21268,10.057739,1
21269,0.852292,0
21270,1.297314,0
21271,11.241014,0
21272,0.576913,0
21273,2.735412,0
21274,0.115455,1
21275,3.589498,1
21276,3.342795,1
21277,10.016521,0
21278,3.364627,1
21279,0.079705,0
21280,2.15428,0
21281,0.066716,1
21282,0.133351,0
21283,0.318559,0
21284,2.114523,1
21285,1.388546,0
21286,3.195544,1
21287,0.254004,1
21288,0.233297,1
21289,2.192514,1
21290,1.153306,0
21291,1.646967,0
21292,2.341904,1
21293,0.140891,0
21294,3.737939,1
21295,2.42631,1
21296,0.18189,1
21297,0.743836,1
21298,1.652484,0
21299,0.107696,0
21300,9.179082,1
21301,4.495526,1
21302,0.336363,1
21303,3.010443,0
21304,0.051028,1
21305,1.027215,0
21306,0.306563,1
21307,8.225053,0
21308,0.931587,1
21309,9.101266,1
21310,2.171915,1
21311,2.58174,1
21312,0.512506,1
21313,0.586639,1
21314,9.360784,0
21315,0.083976,1
21316,10.433681,0
21317,4.221104,1
21318,9.024968,0
21319,9.824529,0
21320,1.321842,0
21321,0.523763,1
21322,8.611871,0
21323,1.112062,0
21324,0.182432,0
21325,1.848713,0
21326,0.30042,1
21327,0.166032,1
21328,2.179703,1
21329,9.611854,0
21330,8.653802,1
21331,2.470691,1
21332,3.714988,1
21333,3.030908,1
21334,0.357381,1
21335,0.295845,0
21336,10.209184,0
21337,0.144537,1
21338,0.035199,1
21339,1.468138,0
21340,0.74143,0
21341,8.919782,0
21342,0.545421,1
21343,0.100337,0
21344,9.130812,1
21345,1.160546,0
21346,9.980155,0
21347,0.151992,1
21348,2.806429,1
21349,2.222727,0
21350,3.722869,0
21351,0.985133,0
21352,0.518016,0
21353,0.604796,0
21354,4.289484,1
21355,0.221787,1
21356,0.054474,1
21357,9.553066,0
21358,0.06586,0
21359,0.944173,0
21360,0.063417,0
21361,1.071579,0
21362,0.112366,1
21363,0.259038,1
21364,1.957653,0
21365,0.14217,0
21366,9.389071,0
21367,2.327316,0
21368,10.154314,1
21369,0.799788,1
21370,2.41799,0
21371,9.89134,0
21372,3.07573,1
21373,0.217095,1
21374,0.08621,1
21375,1.90124,1
21376,0.146747,0
21377,9.20393,1
21378,0.095944,1
21379,9.851404,0
21380,0.060921,1
21381,8.620995,1
21382,9.849072,0
21383,1.663274,0
21384,2.428978,1
21385,10.276169,1
21386,0.434705,0
21387,2.501239,1
21388,2.796122,0
21389,0.251494,0
21390,0.105784,1
21391,1.497731,1
21392,1.850181,0
21393,9.923866,0
21394,9.313232,0
21395,0.07315,1
21396,1.464708,1
21397,0.068528,0
21398,2.826538,0
21399,0.384486,0
21400,0.854311,0
21401,3.140614,1
21402,0.158971,1
21403,8.763444,0
21404,9.667077,0
21405,2.064887,0
21406,8.794047,1
21407,2.579743,1
21408,0.154096,0
21409,2.173664,0
21410,2.496881,1
21411,1.601794,1
21412,2.674562,1
21413,2.662905,0
21414,0.158012,1
21415,9.84656,0
21416,1.944319,1
21417,1.399668,1
21418,10.097131,0
21419,2.06646,0
21420,8.274447,0
21421,1.368216,0
21422,0.137275,0
21423,0.439937,0
21424,1.796492,0
21425,3.462049,1
21426,0.519075,0
21427,0.057339,1
21428,1.621666,0
21429,0.080789,1
21430,1.695243,1
21431,1.270988,0
21432,8.841264,0
21433,1.112708,0
21434,1.787063,0
21435,2.896533,1
21436,3.48385,1
21437,0.08479,1
21438,10.049134,0
21439,0.662259,1
21440,0.77239,0
21441,0.21313,0
21442,8.376736,0
21443,3.587244,0
21444,3.381101,1
21445,0.069753,1
21446,3.14561,0
21447,0.656825,0
21448,0.029746,1
21449,1.851703,0
21450,4.480124,1
21451,1.298111,0
21452,0.591919,1
21453,2.64158,1
21454,10.398086,0
21455,9.873245,0
21456,0.02356,0
21457,2.357612,0
21458,9.989313,0
21459,8.942039,1
21460,9.951072,0
21461,0.339086,0
21462,2.156088,1
21463,3.167216,0
21464,0.594922,0
21465,9.224199,0
21466,0.402723,0
21467,0.075265,1
21468,0.491034,1
21469,0.098491,1
21470,1.209706,1
21471,1.966398,1
21472,10.262088,0
21473,1.569837,0
21474,4.671755,1
21475,0.919401,0
21476,1.448838,0
21477,0.115237,0
21478,0.03722,1
21479,0.127536,0
21480,9.99552,1
21481,0.962139,0
21482,9.254677,0
21483,0.945791,1
21484,1.919673,0
21485,1.161674,0
21486,9.072839,0
21487,0.226828,0
21488,3.318902,1
21489,0.19013,1
21490,9.423427,0
21491,0.169794,0
21492,9.135285,0
21493,4.285707,1
21494,11.046705,0
21495,0.214074,0
21496,10.219897,0
21497,0.181738,0
21498,0.704591,0
21499,10.344896,0
21500,0.05639,1
21501,0.14349,0
21502,0.125695,1
21503,0.087103,1
21504,10.160239,0
21505,0.055294,0
21506,9.877952,1
21507,2.959812,1
21508,3.619016,0
21509,1.3571,0
21510,0.813829,1
21511,0.119674,0
21512,1.673062,0
21513,0.090742,0
21514,0.102054,1
21515,0.270723,0
21516,0.283438,1
21517,0.331991,0
21518,2.938439,1
21519,9.792212,0
21520,0.471849,0
21521,3.783635,1
21522,10.36854,1
21523,0.271675,0
21524,0.125143,0
21525,0.203865,1
21526,0.279286,1
21527,0.057941,0
21528,3.220205,1
21529,0.222914,0
21530,2.82921,0
21531,1.685186,0
21532,9.010004,0
21533,2.212113,1
21534,3.233071,0
21535,0.117801,1
21536,0.284771,1
21537,1.502988,1
21538,0.277954,0
21539,0.30038,1
21540,0.597261,0
21541,0.101017,1
21542,1.149106,0
21543,10.007686,1
21544,2.537713,0
21545,9.468358,0
21546,2.627032,1
21547,9.241482,0
21548,2.04441,1
21549,0.370125,1
21550,3.799877,1
21551,0.174663,1
21552,2.678745,0
21553,2.771139,0
21554,2.145641,1
21555,0.872235,0
21556,1.919246,1
21557,4.530107,1
21558,0.081306,1
21559,0.136407,1
21560,0.106169,1
21561,0.13057,0
21562,10.166762,0
21563,3.671988,1
21564,0.40051,1
21565,0.0696,1
21566,0.504293,0
21567,0.209767,1
21568,1.455024,1
21569,1.425936,0
21570,1.252136,0
21571,2.91104,0
21572,9.139053,1
21573,2.636631,1
21574,9.577653,0
21575,10.235319,0
21576,0.103314,1
21577,9.476614,0
21578,9.165778,0
21579,0.178342,1
21580,0.381952,0
21581,3.461853,1
21582,2.155076,1
21583,9.381804,0
21584,0.598353,0
21585,2.908341,1
21586,1.610461,0
21587,0.899383,0
21588,1.765039,0
21589,2.120657,0
21590,0.230554,0
21591,0.852872,1
21592,3.681406,1
21593,0.589239,1
21594,1.595661,0
21595,2.541253,1
21596,2.919915,1
21597,0.467259,1
21598,3.666659,1
21599,0.100102,0
21600,0.106754,1
21601,10.388103,0
21602,0.433598,1
21603,0.140182,1
21604,9.87519,0
21605,8.619487,0
21606,1.606088,1
21607,0.121614,1
21608,0.239572,1
21609,0.633893,1
21610,8.863038,1
21611,3.14882,1
21612,10.431119,0
21613,1.620033,0
21614,2.070983,1
21615,0.129797,0
21616,8.720521,0
21617,3.24692,1
21618,0.038577,0
21619,0.132011,0
21620,3.116716,0
21621,0.209361,0
21622,0.122496,0
21623,2.378876,0
21624,2.499102,0
21625,8.982188,1
21626,1.536825,0
21627,2.435345,0
21628,3.053046,1
21629,0.625542,0
21630,0.109247,0
21631,0.227623,1
21632,1.261101,0
21633,0.155652,1
21634,0.297964,1
21635,2.925347,1
21636,3.29302,0
21637,0.03747,0
21638,0.075055,1
21639,3.089046,1
21640,9.615353,0
21641,0.529688,1
21642,1.614673,0
21643,0.175811,0
21644,0.111199,0
21645,0.350672,0
21646,1.929322,1
21647,9.871565,0
21648,0.821353,0
21649,1.276418,1
21650,0.053044,1
21651,0.182929,1
21652,0.328069,0
21653,10.588057,0
21654,2.082297,1
21655,0.328777,0
21656,0.070581,0
21657,2.940062,1
21658,3.199153,1
21659,0.141633,0
21660,0.146821,0
21661,3.887359,1
21662,9.935599,0
21663,0.946932,0
21664,0.166358,1
21665,0.918559,1
21666,0.344763,0
21667,0.165392,0
21668,0.741047,0
21669,9.598138,1
21670,1.028134,0
21671,1.044358,0
21672,0.095475,0
21673,0.296787,1
21674,2.576985,1
21675,0.150398,1
21676,4.046508,0
21677,2.256374,0
21678,0.04197,1
21679,0.251312,1
21680,8.22823,0
21681,0.184265,0
21682,3.874311,0
21683,0.27091,1
21684,0.544559,1
21685,2.806781,1
21686,0.882147,0
21687,0.141983,1
21688,10.697063,1
21689,1.577258,1
21690,2.818669,1
21691,8.392932,1
21692,3.276841,1
21693,3.526742,1
21694,4.334335,0
21695,0.441463,1
21696,0.424994,1
21697,1.213134,0
21698,5.996227,1
21699,0.378835,1
21700,8.312221,0
21701,0.240155,0
21702,0.586885,1
21703,0.6981,1
21704,2.550194,0
21705,0.22127,0
21706,9.442996,0
21707,8.818014,0
21708,8.576188,0
21709,8.863671,0
21710,0.834576,0
21711,9.279744,1
21712,2.581388,0
21713,9.335542,0
21714,4.557079,1
21715,3.650837,0
21716,2.388841,1
21717,9.506582,0
21718,0.261442,0
21719,1.768971,0
21720,1.670405,0
21721,10.586088,0
21722,11.076339,0
21723,9.364646,1
21724,2.755276,1
21725,8.704885,0
21726,0.271951,1
21727,1.387729,1
21728,0.151575,0
21729,0.151359,0
21730,1.392175,0
21731,0.080797,1
21732,0.284061,1
21733,2.751809,1
21734,2.124505,0
21735,0.218121,1
21736,10.130952,0
21737,0.331354,0
21738,10.075842,0
21739,10.050983,0
21740,0.120057,0
21741,0.999987,0
21742,10.081044,0
21743,0.332891,0
21744,4.286593,1
21745,9.936175,0
21746,1.319403,0
21747,0.095724,0
21748,2.519694,1
21749,2.686911,1
21750,0.277348,0
21751,9.898077,0
21752,1.225459,0
21753,0.214031,0
21754,1.373322,0
21755,3.612747,1
21756,3.326918,1
21757,1.563594,1
21758,2.194463,0
21759,4.438961,1
21760,5.169735,1
21761,1.554435,1
21762,10.343852,1
21763,2.908874,1
21764,8.71327,0
21765,4.33766,1
21766,7.720612,0
21767,0.177325,0
21768,10.16665,0
21769,10.058318,1
21770,0.400254,0
21771,4.622931,1
21772,1.689749,0
21773,10.267274,0
21774,2.094543,1
21775,10.528002,0
21776,0.532848,1
21777,10.043072,1
21778,1.771207,0
21779,1.851935,0
21780,0.292071,0
21781,0.073343,1
21782,1.062187,0
21783,0.049609,0
21784,0.565286,1
21785,3.369091,1
21786,1.614627,1
21787,0.358992,1
21788,8.706488,1
21789,10.149231,0
21790,2.494498,1
21791,1.010834,0
21792,11.374812,0
21793,1.060824,0
21794,0.070155,1
21795,4.376523,0
21796,2.571801,1
21797,0.43645,1
21798,0.288688,0
21799,1.803647,0
21800,1.518358,0
21801,0.073662,1
21802,0.536271,0
21803,0.258746,1
21804,9.135664,0
21805,10.226336,0
21806,0.151139,0
21807,3.091916,1
21808,0.326959,0
21809,9.054746,0
21810,3.319244,1
21811,1.567819,0
21812,10.089081,0
21813,9.666924,0
21814,10.037717,0
21815,9.195195,1
21816,0.209069,0
21817,9.251604,0
21818,8.895773,0
21819,2.907653,0
21820,0.086447,0
21821,0.195612,0
21822,1.42652,0
21823,9.760797,0
21824,1.021756,0
21825,0.577012,1
21826,0.328186,1
21827,4.559404,0
21828,0.217595,1
21829,0.246915,1
21830,0.127859,1
21831,0.105605,1
21832,0.091282,1
21833,2.631176,1
21834,0.069387,0
21835,8.476867,1
21836,0.167873,0
21837,1.757958,0
21838,8.906682,1
21839,0.276491,1
21840,9.072525,0
21841,9.535236,1
21842,0.197077,0
21843,0.185234,0
21844,0.531739,0
21845,2.289611,0
21846,3.399627,1
21847,2.884582,1
21848,8.422623,0
21849,9.991406,1
21850,0.417793,0
21851,10.702922,0
21852,0.322147,1
21853,0.226959,1
21854,2.150176,0
21855,0.455176,0
21856,9.047825,0
21857,9.773053,1
21858,3.690618,0
21859,0.044838,0
21860,4.26426,1
21861,0.193576,0
21862,0.190333,1
21863,8.156828,0
21864,1.164112,0
21865,0.160691,0
21866,0.192066,0
21867,1.596311,0
21868,1.600679,0
21869,0.064145,0
21870,9.225425,0
21871,9.309426,0
21872,9.399968,0
21873,4.659841,1
21874,0.105528,1
21875,9.117264,0
21876,1.971732,1
21877,0.250441,1
21878,0.049372,0
21879,8.90873,0
21880,0.109408,0
21881,9.736031,0
21882,2.06875,0
21883,10.016206,0
21884,10.536592,0
21885,1.183764,0
21886,10.251379,0
21887,9.544596,0
21888,0.889567,0
21889,0.227705,1
21890,4.055227,1
21891,9.541574,0
21892,3.721714,1
21893,2.770381,0
21894,3.909697,1
21895,8.909952,0
21896,8.970276,0
21897,0.917714,0
21898,9.937032,1
21899,0.115174,1
21900,0.088794,1
21901,10.155782,0
21902,0.120324,0
21903,0.480224,1
21904,1.203651,1
21905,1.132409,1
21906,9.943123,0
21907,3.825679,1
21908,2.630234,1
21909,9.281891,0
21910,2.700991,0
21911,9.783353,1
21912,1.700281,0
21913,9.928308,0
21914,9.925764,1
21915,0.130741,1
21916,0.152887,1
21917,0.643161,0
21918,2.153781,0
21919,3.201299,1
21920,0.125491,0
21921,0.141117,1
21922,10.026612,0
21923,0.627024,0
21924,9.107304,0
21925,8.542684,0
21926,8.784316,0
21927,9.195525,1
21928,1.489425,1
21929,8.921984,1
21930,0.159767,0
21931,8.879967,0
21932,9.191642,0
21933,0.224772,0
21934,2.372447,1
21935,2.178892,0
21936,2.041238,0
21937,0.197982,0
21938,1.529629,0
21939,0.529083,0
21940,1.326471,0
21941,0.224308,1
21942,9.593997,0
21943,9.198942,0
21944,0.186161,1
21945,1.343274,0
21946,10.117884,0
21947,1.837968,1
21948,0.181921,1
21949,3.509422,1
21950,10.116761,0
21951,0.497965,1
21952,0.615273,1
21953,0.31221,1
21954,0.145811,1
21955,0.130619,1
21956,0.222392,1
21957,0.110604,0
21958,9.823955,0
21959,2.607613,0
21960,3.406625,1
21961,1.672884,0
21962,1.5465,1
21963,0.062182,1
21964,0.097924,1
21965,0.371494,0
21966,9.675632,1
21967,0.06655,1
21968,2.523129,1
21969,9.384563,0
21970,0.115236,0
21971,1.361251,0
21972,8.922199,1
21973,2.182222,0
21974,8.862397,1
21975,1.694906,1
21976,1.061607,0
21977,2.019522,0
21978,0.096431,0
21979,0.397233,0
21980,2.357609,1
21981,5.723793,1
21982,0.60774,1
21983,2.31084,1
21984,2.495293,0
21985,0.763403,0
21986,0.380133,1
21987,9.467419,0
21988,3.792229,1
21989,1.547649,0
21990,9.248511,0
21991,0.416181,1
21992,0.480281,1
21993,2.075095,0
21994,0.107814,1
21995,2.039881,1
21996,4.683696,1
21997,10.001301,0
21998,9.639997,0
21999,3.558203,0
22000,0.108067,1
22001,0.161931,0
22002,0.288019,0
22003,5.05547,1
22004,8.997546,0
22005,9.209812,0
22006,0.082461,1
22007,3.398706,1
22008,0.625306,1
22009,0.210868,1
22010,0.087534,0
22011,0.090268,0
22012,2.251327,1
22013,0.129301,1
22014,2.152172,0
22015,0.521741,1
22016,0.093308,1
22017,9.964351,1
22018,2.619734,0
22019,0.048108,0
22020,0.241723,1
22021,0.211523,0
22022,3.097004,1
22023,3.441412,1
22024,10.052705,0
22025,9.749312,1
22026,4.25691,0
22027,2.506114,1
22028,10.170302,0
22029,0.775781,1
22030,1.560621,0
22031,0.169607,0
22032,0.97406,1
22033,2.780213,1
22034,0.824602,0
22035,0.964901,0
22036,3.510638,1
22037,0.084944,1
22038,0.2297,0
22039,9.143526,0
22040,2.084462,1
22041,0.170649,0
22042,7.901682,1
22043,0.188491,1
22044,3.310312,0
22045,0.060666,1
22046,1.76903,0
22047,1.634123,0
22048,8.899503,0
22049,2.256722,0
22050,0.047253,1
22051,8.396185,0
22052,0.06434,1
22053,2.119665,1
22054,2.367379,0
22055,0.149617,0
22056,9.480536,0
22057,2.524792,0
22058,2.767131,0
22059,2.365181,1
22060,0.19442,1
22061,0.314922,0
22062,2.701138,0
22063,0.293338,1
22064,0.313494,1
22065,0.048946,1
22066,10.68012,1
22067,3.547603,1
22068,1.11203,0
22069,1.741706,0
22070,3.296801,1
22071,1.69191,1
22072,1.2048,0
22073,9.193812,0
22074,9.522904,0
22075,0.081577,1
22076,0.384191,1
22077,1.525317,1
22078,1.895424,1
22079,2.336556,1
22080,9.636352,1
22081,9.058858,0
22082,5.267771,1
22083,5.134333,1
22084,0.300664,1
22085,1.094856,1
22086,2.805769,0
22087,7.431081,1
22088,0.09806,1
22089,0.612666,1
22090,0.082656,1
22091,1.822781,0
22092,10.17644,0
22093,0.193327,1
22094,0.11921,1
22095,9.091238,0
22096,3.950423,1
22097,1.230451,0
22098,2.404843,0
22099,3.766487,1
22100,0.219375,1
22101,1.219743,1
22102,0.18598,0
22103,0.46923,0
22104,3.358461,0
22105,8.823756,1
22106,10.688809,0
22107,2.373933,1
22108,9.401411,0
22109,10.811708,0
22110,1.463209,0
22111,1.523039,0
22112,0.395862,0
22113,4.835878,1
22114,3.267969,1
22115,2.295333,0
22116,0.098134,0
22117,0.435842,0
22118,9.357444,0
22119,0.152754,0
22120,10.468749,0
22121,0.159914,1
22122,2.66206,1
22123,0.211744,0
22124,0.204082,1
22125,0.195721,1
22126,2.040648,0
22127,3.845264,1
22128,0.173497,0
22129,0.167592,1
22130,9.553053,1
22131,0.043191,1
22132,2.184682,0
22133,3.091678,1
22134,1.90557,1
22135,2.37517,0
22136,10.239078,0
22137,0.097258,0
22138,3.150902,1
22139,0.654879,1
22140,10.751098,0
22141,2.941263,1
22142,0.288979,0
22143,9.636638,0
22144,2.26826,1
22145,0.494956,0
22146,2.263618,0
22147,2.665922,1
22148,0.189987,0
22149,0.09328,1
22150,9.400423,1
22151,1.915211,0
22152,0.765432,1
22153,10.449395,0
22154,2.519373,1
22155,0.072681,1
22156,0.311918,1
22157,0.598034,1
22158,0.17141,1
22159,2.758138,1
22160,7.511402,0
22161,1.694838,1
22162,1.759894,0
22163,0.09972,1
22164,7.921785,0
22165,4.493974,1
22166,0.185503,1
22167,0.556339,0
22168,1.779396,0
22169,4.188333,0
22170,1.934394,1
22171,0.229438,0
22172,0.125913,0
22173,0.110224,1
22174,0.204162,0
22175,0.70742,0
22176,2.419446,0
22177,8.93699,1
22178,1.900229,0
22179,2.230401,0
22180,3.353809,1
22181,8.344574,0
22182,0.551354,1
22183,1.378518,0
22184,0.231641,1
22185,8.78553,1
22186,10.501842,0
22187,2.894681,1
22188,2.7354,1
22189,0.775614,0
22190,0.085496,1
22191,10.279937,1
22192,2.725521,1
22193,10.801241,1
22194,1.911586,1
22195,0.500209,0
22196,1.292946,0
22197,0.125047,1
22198,2.447117,1
22199,0.126569,1
22200,9.546041,1
22201,9.016563,0
22202,0.335412,1
22203,1.226597,0
22204,0.113232,1
22205,9.675141,0
22206,0.877532,0
22207,1.356943,0
22208,0.344545,0
22209,1.407008,0
22210,2.906641,1
22211,1.806234,0
22212,0.060179,1
22213,8.857445,0
22214,1.498356,0
22215,2.078853,1
22216,8.897465,0
22217,3.852805,1
22218,0.704738,0
22219,10.41341,1
22220,0.408955,0
22221,0.20205,1
22222,0.067687,1
22223,0.541077,1
22224,0.066348,1
22225,8.992051,0
22226,2.73882,0
22227,1.769414,0
22228,1.612617,1
22229,0.525234,1
22230,0.096829,1
22231,9.118135,1
22232,0.076866,1
22233,0.261375,0
22234,0.068444,0
22235,0.344555,0
22236,0.13945,0
22237,0.425771,1
22238,1.332275,0
22239,0.567366,0
22240,9.964967,0
22241,0.069058,1
22242,0.233916,1
22243,0.2773,0
22244,0.39011,0
22245,0.268429,0
22246,1.341634,0
22247,0.145447,0
22248,9.677364,1
22249,2.702574,1
22250,2.719594,0
22251,8.638671,0
22252,8.490799,1
22253,9.971509,0
22254,0.164801,1
22255,2.870344,0
22256,1.468531,1
22257,0.383054,0
22258,0.087444,0
22259,0.739746,0
22260,3.976393,1
22261,0.054566,0
22262,10.109552,0
22263,4.520316,1
22264,3.130977,1
22265,9.703185,0
22266,0.109158,1
22267,1.265323,1
22268,0.059754,1
22269,3.454948,1
22270,0.072043,1
22271,3.592421,1
22272,0.597231,0
22273,0.056075,0
22274,0.079303,0
22275,1.591876,1
22276,2.848459,1
22277,2.237085,0
22278,9.456609,0
22279,0.123827,1
22280,0.061986,1
22281,4.311372,1
22282,2.560594,1
22283,1.934768,1
22284,2.385494,1
22285,1.31089,0
22286,9.505336,0
22287,9.290524,1
22288,9.834146,0
22289,0.14918,0
22290,8.315248,0
22291,1.521976,1
22292,0.85814,0
22293,1.277415,1
22294,0.488919,0
22295,0.293656,1
22296,0.122061,1
22297,0.194216,1
22298,0.106031,0
22299,0.162547,1
22300,0.4658,0
22301,9.580072,0
22302,3.807528,1
22303,0.638172,0
22304,0.121067,1
22305,2.455865,1
22306,9.992023,0
22307,0.153517,1
22308,0.404932,0
22309,3.531818,0
22310,2.228453,1
22311,0.068882,1
22312,1.826845,0
22313,2.131229,0
22314,0.063868,1
22315,0.240386,1
22316,0.050246,1
22317,0.768307,0
22318,1.43741,0
22319,3.197932,1
22320,0.268076,1
22321,3.713773,1
22322,4.098245,1
22323,1.690459,0
22324,2.552958,1
22325,1.903856,1
22326,9.226192,0
22327,9.83574,1
22328,10.589178,1
22329,1.856633,0
22330,0.247815,1
22331,0.261829,0
22332,3.210131,0
22333,0.056697,0
22334,9.265187,0
22335,0.164338,1
22336,9.268366,1
22337,1.25009,0
22338,1.40882,0
22339,0.533025,1
22340,10.173467,1
22341,9.883974,1
22342,2.530736,1
22343,2.450776,0
22344,0.22672,1
22345,0.632332,0
22346,0.161405,1
22347,3.037279,1
22348,3.333551,1
22349,1.697662,1
22350,4.297711,1
22351,2.615005,1
22352,1.359562,0
22353,3.049119,1
22354,1.385182,0
22355,1.917003,0
22356,9.48732,1
22357,0.61047,0
22358,10.011782,1
22359,7.89853,0
22360,0.119533,1
22361,1.30861,0
22362,0.106215,0
22363,8.108191,0
22364,2.748549,0
22365,1.652341,0
22366,8.999207,0
22367,0.47926,0
22368,0.15562,1
22369,2.232513,0
22370,8.75603,0
22371,0.103286,0
22372,0.054482,1
22373,0.085096,1
22374,9.575281,0
22375,0.128388,1
22376,9.887203,0
22377,1.665389,0
22378,0.102082,1
22379,0.112946,1
22380,3.916083,1
22381,1.946826,1
22382,9.599437,0
22383,2.450895,1
22384,1.169564,0
22385,2.994719,0
22386,0.182542,0
22387,3.049253,1
22388,0.755134,0
22389,8.835077,0
22390,0.149338,0
22391,3.16894,1
22392,1.623608,0
22393,0.063084,1
22394,1.806912,1
22395,0.5498,0
22396,0.499435,1
22397,2.59332,0
22398,10.465299,0
22399,0.386665,0
22400,0.106087,0
22401,0.118187,0
22402,1.831211,1
22403,0.171439,0
22404,1.741933,1
22405,0.179063,1
22406,9.191416,0
22407,8.650043,0
22408,9.835621,1
22409,0.121252,0
22410,3.865153,0
22411,2.154974,1
22412,1.069222,1
22413,0.187576,1
22414,9.174026,1
22415,2.643472,1
22416,0.128675,1
22417,0.417249,1
22418,0.165201,1
22419,2.619657,1
22420,1.668298,1
22421,0.09046,0
22422,0.08405,0
22423,0.166073,1
22424,0.52992,0
22425,0.267777,1
22426,0.268122,1
22427,2.76381,1
22428,5.290929,1
22429,0.190704,0
22430,2.432645,1
22431,3.320758,1
22432,2.799182,1
22433,0.124117,1
22434,4.219522,1
22435,1.228335,0
22436,0.399715,0
22437,0.13186,1
22438,0.071349,0
22439,10.741324,0
22440,2.869995,0
22441,9.797543,0
22442,0.429444,0
22443,2.537238,1
22444,10.106454,0
22445,1.634555,1
22446,0.053107,1
22447,0.25092,1
22448,10.683523,1
22449,0.161533,1
22450,0.286072,1
22451,9.646424,0
22452,0.541661,0
22453,0.196206,0
22454,0.499256,1
22455,3.219868,1
22456,0.18223,0
22457,1.307473,0
22458,10.669259,0
22459,2.722455,0
22460,0.154839,1
22461,0.298174,0
22462,2.968789,1
22463,10.189422,0
22464,10.744772,0
22465,0.145036,0
22466,4.250767,0
22467,1.886026,0
22468,2.442388,1
22469,11.44208,0
22470,9.748108,0
22471,2.509841,1
22472,0.081329,1
22473,2.25705,0
22474,3.003616,0
22475,0.171051,1
22476,0.328495,1
22477,1.339009,0
22478,0.393134,1
22479,1.95897,0
22480,9.285494,0
22481,0.662652,1
22482,9.466784,0
22483,0.185854,1
22484,1.202033,0
22485,2.812443,1
22486,0.229707,0
22487,2.98973,0
22488,1.06287,0
22489,0.149107,0
22490,0.137237,1
22491,2.17815,0
22492,3.614395,1
22493,2.104578,1
22494,8.949367,0
22495,9.809393,0
22496,0.622878,1
22497,3.582837,0
22498,1.371961,1
22499,0.344776,1
