sample_idx,loss,is_noisy
0,13.273371,1
1,11.977329,1
2,16.89176,1
3,15.016376,1
4,12.447766,0
5,0.000138,1
6,12.861206,1
7,2.4e-05,1
8,0.000209,1
9,8e-06,1
10,9.680431,1
11,1e-06,0
12,1e-06,1
13,13.060517,1
14,12.42003,0
15,0.000325,1
16,15.983369,1
17,11.230569,1
18,10.537966,0
19,4e-06,1
20,15.537519,1
21,11.165827,0
22,11.039295,1
23,9.5e-05,1
24,5e-05,1
25,1.8e-05,1
26,15.091144,1
27,13.273938,0
28,16.32811,0
29,2.7e-05,1
30,14.664356,1
31,9.984394,0
32,14.137401,0
33,2e-06,1
34,14.061711,1
35,0.000105,1
36,12.363154,0
37,11.955129,1
38,7e-06,1
39,12.335625,1
40,15.652837,1
41,1.3e-05,1
42,5.1e-05,1
43,15.487228,0
44,12.852614,0
45,14.955107,1
46,8e-06,0
47,13.852948,1
48,2.5e-05,1
49,3e-06,1
50,5e-06,0
51,11.47668,0
52,5.8e-05,1
53,12.439259,1
54,2.3e-05,1
55,1.3e-05,1
56,17.97892,1
57,2e-06,0
58,0.000509,1
59,9.393295,0
60,11.780463,0
61,8e-06,1
62,10.741804,1
63,1.6e-05,1
64,1.2e-05,1
65,13.108616,1
66,14.244956,1
67,13.402068,1
68,9.604363,0
69,4.7e-05,0
70,7.1e-05,1
71,12.320666,1
72,5.6e-05,1
73,0.000191,1
74,3.8e-05,1
75,6.1e-05,1
76,12.685891,0
77,18.990513,1
78,13.42394,1
79,16.597197,1
80,5.4e-05,1
81,0.000486,1
82,11.629481,1
83,11.871496,1
84,13.985403,1
85,3e-06,1
86,10.158763,0
87,11.957808,0
88,8.161848,0
89,9e-06,1
90,8e-05,1
91,13.0168,1
92,15.271687,1
93,8e-06,0
94,2.4e-05,1
95,10.409,0
96,9.2e-05,1
97,4e-06,1
98,13.382902,1
99,13.762784,1
100,13.60609,1
101,12.142656,1
102,5e-06,0
103,7e-06,1
104,1.7e-05,0
105,13.335513,1
106,11.485703,1
107,17.841133,1
108,11.118865,0
109,5e-06,0
110,13.769484,1
111,10.776907,0
112,3.8e-05,0
113,12.409263,0
114,11.8678,0
115,11.438685,1
116,13.227278,0
117,3.5e-05,1
118,11.893512,1
119,0.000165,1
120,4.1e-05,1
121,9.702334,0
122,15.984369,1
123,11.359776,0
124,13.632812,0
125,4e-06,1
126,1e-06,1
127,4.6e-05,1
128,12.518733,0
129,0.0,0
130,4.5e-05,1
131,14.625277,1
132,9.2e-05,1
133,3e-06,0
134,15.181883,0
135,3e-06,1
136,9.782548,0
137,12.623087,0
138,11.669377,0
139,13.578488,1
140,0.0,1
141,1e-05,1
142,13.471231,0
143,0.000149,1
144,14.7602,1
145,15.483043,1
146,1.6e-05,1
147,5e-06,0
148,8.749686,0
149,0.000306,1
150,11.971914,1
151,2e-06,0
152,0.000202,1
153,3e-06,1
154,13.803706,1
155,15.391889,0
156,6e-06,1
157,2.9e-05,1
158,13.028021,0
159,12.75185,1
160,3.2e-05,1
161,11.017987,1
162,10.878489,1
163,12.828918,0
164,10.226052,0
165,13.409237,0
166,13.545405,0
167,16.979649,1
168,14.411905,1
169,1.5e-05,1
170,5e-06,1
171,11.579711,0
172,12.946675,1
173,9.436333,0
174,11.868516,0
175,7e-06,1
176,11.608041,1
177,11.180831,1
178,7.3e-05,1
179,13.062313,1
180,15.19114,0
181,1.5e-05,1
182,1.8e-05,1
183,1.6e-05,1
184,15.881221,0
185,9e-05,1
186,11.765005,0
187,14.231631,1
188,11.255754,0
189,8.8e-05,1
190,1.1e-05,1
191,13.528643,0
192,1e-06,1
193,14.591002,1
194,8e-06,0
195,15.450994,1
196,11.891204,0
197,13.568096,0
198,1e-06,1
199,13.761395,1
200,0.000259,1
201,12.3836,0
202,12.062471,0
203,13.456466,1
204,7.9e-05,0
205,14.088534,0
206,13.254592,0
207,10.277667,0
208,9.316653,0
209,12.731851,1
210,0.000402,1
211,11.83832,0
212,0.000118,1
213,13.332334,0
214,14.17143,1
215,0.000195,1
216,5e-06,1
217,1e-05,1
218,10.343335,1
219,1.1e-05,1
220,10.642758,0
221,0.000253,1
222,4.7e-05,1
223,15.377891,1
224,12.451638,0
225,1.5e-05,1
226,10.433167,1
227,16.168453,1
228,13.818527,1
229,12.514914,1
230,12.716797,1
231,5e-06,0
232,12.75511,1
233,13.521126,0
234,8.618435,0
235,1e-05,1
236,9.979428,0
237,0.000155,1
238,1.3e-05,1
239,7.1e-05,1
240,12.962897,0
241,2.5e-05,1
242,11.211596,0
243,11.82971,0
244,4e-06,1
245,10.275886,1
246,1e-06,0
247,5e-06,1
248,0.000147,1
249,10.497727,0
250,15.658791,0
251,10.833347,0
252,12.043735,1
253,10.797904,0
254,15.521763,1
255,14.467604,1
256,8.1e-05,1
257,10.064999,1
258,14.083977,1
259,11.715502,0
260,9.192784,1
261,12.122021,1
262,9e-06,1
263,12.378593,1
264,6e-06,0
265,5e-05,0
266,6e-06,1
267,11.889988,1
268,1e-06,0
269,15.240046,1
270,17.346405,1
271,7e-06,1
272,13.366109,0
273,13.923997,1
274,4.9e-05,1
275,14.789448,1
276,11.928741,1
277,14.334345,1
278,0.000142,1
279,10.630928,1
280,2.6e-05,1
281,0.000164,1
282,11.340986,0
283,16.190155,1
284,13.600135,0
285,8.5e-05,1
286,8.7e-05,1
287,13.313701,0
288,14.282419,0
289,2e-06,0
290,3e-06,1
291,11.890418,0
292,2e-06,1
293,10.813085,0
294,11.123156,1
295,12.203865,0
296,12.584371,1
297,11.142674,1
298,14.868204,0
299,11.220748,1
300,2e-05,1
301,10.141898,0
302,15.437065,0
303,2.1e-05,1
304,15.088926,0
305,1.4e-05,0
306,8e-06,0
307,0.000102,1
308,11.32669,1
309,13.858628,0
310,2e-06,1
311,14.517691,1
312,3e-06,1
313,14.188006,1
314,13.657264,1
315,2e-06,1
316,10.087343,1
317,12.674247,0
318,11.14567,1
319,8.9e-05,1
320,13.363886,0
321,12.969957,0
322,2.4e-05,1
323,11.198842,0
324,13.324486,0
325,0.00011,1
326,12.971448,1
327,11.005497,1
328,10.472139,0
329,13.791245,1
330,11.999018,1
331,11.271402,1
332,20.687019,1
333,10.041498,0
334,15.016371,0
335,16.295156,1
336,10.417732,1
337,11.167802,0
338,16.177973,0
339,3.7e-05,1
340,9.085709,1
341,9.548172,1
342,12.331264,0
343,10.636883,0
344,10.290579,1
345,11.006815,0
346,0.000104,1
347,19.625257,1
348,14.397016,0
349,9.947125,0
350,1.6e-05,1
351,12.765044,0
352,2.6e-05,0
353,5e-06,0
354,2e-06,1
355,9.784546,0
356,12.90747,1
357,15.019586,1
358,12.113098,1
359,15.236789,0
360,7e-06,1
361,3e-06,0
362,15.253746,1
363,2.1e-05,1
364,10.389785,0
365,1.1e-05,1
366,13.183862,0
367,7.3e-05,1
368,17.196375,1
369,9e-06,1
370,5e-06,0
371,15.229589,1
372,12.394891,0
373,3e-06,0
374,8e-06,1
375,11.76303,0
376,0.001075,1
377,10.871293,1
378,9.818258,0
379,1.6e-05,1
380,3e-06,1
381,5e-06,1
382,5e-06,1
383,0.000182,1
384,9e-06,1
385,1e-06,1
386,12.279388,0
387,13.690274,1
388,9.656706,1
389,3e-06,0
390,4.7e-05,1
391,13.656849,0
392,9.781378,1
393,3.1e-05,1
394,1e-06,0
395,15.495555,1
396,15.047298,1
397,17.131102,0
398,11.554423,0
399,15.973104,1
400,0.0,0
401,3.4e-05,1
402,4.5e-05,0
403,1.7e-05,1
404,10.563589,0
405,0.000251,1
406,8.674282,0
407,9.8e-05,1
408,14.014152,0
409,8e-06,1
410,12.308134,1
411,10.274418,1
412,13.911325,1
413,10.547544,0
414,12.459403,0
415,13.130792,1
416,11.772713,1
417,15.530273,1
418,12.783048,1
419,10.651687,0
420,14.635655,0
421,11.72869,1
422,10.220219,0
423,12.129826,0
424,13.462871,1
425,16.536095,1
426,13.629244,0
427,0.00082,1
428,19.724951,1
429,0.000155,1
430,17.631737,1
431,12.306698,0
432,11.422756,1
433,7e-06,1
434,13.494549,0
435,9.499674,1
436,9.963017,0
437,1.4e-05,1
438,3e-06,0
439,15.422505,1
440,2.4e-05,1
441,0.0,0
442,14.262481,1
443,2.1e-05,0
444,1.2e-05,1
445,0.000149,0
446,8.2e-05,1
447,12.622617,1
448,12.870134,0
449,0.000207,1
450,11.714046,1
451,0.000252,1
452,13.400332,1
453,2e-06,0
454,4.1e-05,1
455,11.294754,0
456,9.4e-05,1
457,11.463795,0
458,5.6e-05,1
459,9.580051,1
460,14.981793,1
461,15.3926,1
462,0.000115,1
463,12.391508,1
464,1.6e-05,1
465,2.3e-05,1
466,5e-06,1
467,1.6e-05,1
468,14.254672,1
469,1e-05,1
470,10.875581,1
471,11.693027,1
472,13.671824,1
473,13.612599,1
474,11.337451,1
475,8.632758,0
476,14.3112,0
477,2.5e-05,1
478,2e-06,0
479,10.322582,1
480,0.0,1
481,12.765012,0
482,0.00015,1
483,11.511231,1
484,12.098252,1
485,1.4e-05,1
486,12.355217,1
487,11.588752,0
488,13.077878,1
489,12.839228,0
490,3e-06,0
491,14.999762,0
492,11.130667,1
493,0.000182,0
494,1.6e-05,0
495,7e-06,1
496,11.055541,1
497,8.3e-05,1
498,10.727273,1
499,14.929261,1
500,10.840488,1
501,0.000231,1
502,12.606389,0
503,11.438443,0
504,14.854572,1
505,9.466807,1
506,1.1e-05,0
507,7.3e-05,1
508,1.1e-05,1
509,0.000222,1
510,0.000288,1
511,11.279258,0
512,3.8e-05,1
513,13.933737,0
514,12.596531,1
515,11.711911,1
516,2e-06,0
517,11.088472,0
518,12.539842,1
519,11.737555,1
520,11.44673,1
521,3e-06,1
522,1e-06,0
523,1.5e-05,1
524,12.78563,1
525,0.000374,1
526,9e-06,1
527,12.513179,1
528,9e-06,1
529,9.864804,0
530,11.688321,1
531,11.937931,1
532,13.367236,1
533,5.4e-05,1
534,9.942809,0
535,13.303959,0
536,6e-06,1
537,10.499098,1
538,11.02773,0
539,11.520039,0
540,0.000278,1
541,13.477479,1
542,11.939054,1
543,11.33823,1
544,0.000107,1
545,13.006642,0
546,12.832684,0
547,13.731304,1
548,1e-06,0
549,1e-06,0
550,10.035545,0
551,11.091743,0
552,1.7e-05,1
553,11.339538,1
554,0.000224,1
555,12.655897,0
556,14.112748,0
557,12.749043,0
558,12.64192,0
559,16.953499,1
560,2.3e-05,1
561,0.0,1
562,12.14786,0
563,10.513702,0
564,11.19319,0
565,15.442114,1
566,13.925303,1
567,3.9e-05,1
568,1.4e-05,1
569,10.593889,1
570,0.000174,1
571,14.08658,0
572,12.352339,0
573,11.763787,1
574,15.888124,0
575,12.45181,0
576,12.896528,0
577,11.663033,1
578,11.269839,0
579,4.6e-05,1
580,14.221967,1
581,2.4e-05,1
582,11.085767,0
583,0.00014,1
584,20.431837,1
585,1e-05,0
586,9.703399,0
587,18.115114,1
588,16.817829,1
589,6e-05,1
590,1.3e-05,1
591,1e-06,0
592,15.422743,0
593,1e-06,1
594,11.526472,1
595,12.625701,1
596,7.806833,0
597,14.890435,1
598,2.1e-05,1
599,2.1e-05,1
600,17.709925,1
601,11.038772,1
602,15.250056,1
603,13.455183,0
604,0.000103,1
605,3.1e-05,0
606,0.000169,0
607,13.615881,0
608,11.393846,1
609,9.423222,0
610,11.501311,1
611,13.004601,0
612,15.166085,1
613,0.00015,1
614,10.205343,0
615,12.935562,0
616,10.474355,1
617,11.063024,1
618,0.000176,1
619,0.000151,1
620,14.109191,0
621,3.1e-05,1
622,9.139071,0
623,10.493271,0
624,2e-06,1
625,15.797523,1
626,9e-06,1
627,10.80881,1
628,14.648835,1
629,11.548939,0
630,11.203649,0
631,14.061602,1
632,14.48632,1
633,9e-06,1
634,10.087731,0
635,7e-06,1
636,14.254273,1
637,9.535733,1
638,11.107666,1
639,12.387177,0
640,12.117925,1
641,11.041562,0
642,8e-06,1
643,6.1e-05,1
644,5e-06,1
645,11.759127,0
646,1e-05,1
647,11.561291,1
648,7.5e-05,1
649,14.795818,1
650,14.567571,0
651,12.973704,0
652,16.218616,1
653,11.231967,1
654,6e-06,1
655,13.052286,1
656,9.02956,0
657,11.346559,1
658,0.000221,1
659,0.000244,1
660,0.000167,1
661,14.636751,0
662,15.159927,0
663,14.729227,1
664,0.0,1
665,12.82349,1
666,10.32557,0
667,0.000109,1
668,1.2e-05,1
669,10.067419,0
670,11.092504,1
671,12.696077,0
672,0.000185,1
673,11.761388,0
674,11.917094,0
675,12.271093,0
676,1e-06,1
677,11.086803,0
678,0.000118,1
679,12.032306,0
680,7e-06,1
681,12.310304,0
682,2.3e-05,1
683,1.2e-05,1
684,9.683107,0
685,1e-06,1
686,6.2e-05,1
687,5e-06,1
688,14.864222,0
689,2e-06,0
690,10.588446,1
691,3e-06,1
692,12.28414,1
693,15.846268,1
694,6.4e-05,1
695,12.428067,0
696,14.55945,1
697,14.072697,1
698,10.728905,0
699,7e-06,1
700,3.2e-05,0
701,13.293568,0
702,16.205206,1
703,18.816685,1
704,10.69839,0
705,4.9e-05,1
706,5e-06,0
707,1.5e-05,1
708,11.671139,0
709,0.00031,1
710,12.476563,1
711,1.6e-05,1
712,16.692717,1
713,8.313931,0
714,12.798551,1
715,12.402775,1
716,9.566664,0
717,12.603108,0
718,0.0,0
719,9.925242,0
720,9.4e-05,1
721,5.6e-05,1
722,9.9e-05,1
723,2.4e-05,1
724,13.182617,1
725,15.451185,0
726,13.207788,1
727,14.768117,1
728,0.000105,0
729,14.27764,1
730,12.817507,0
731,6e-06,1
732,12.734153,1
733,2e-06,0
734,15.320589,1
735,16.588282,0
736,12.105404,0
737,2e-06,0
738,12.843875,0
739,17.254137,0
740,0.00024,1
741,2.7e-05,1
742,8e-06,1
743,2.3e-05,1
744,3.1e-05,1
745,16.810186,1
746,8e-06,1
747,9.215882,0
748,10.931754,0
749,15.18017,1
750,11.231693,0
751,4.1e-05,1
752,2.5e-05,1
753,17.362272,1
754,3.7e-05,1
755,15.71886,0
756,13.06341,1
757,17.840542,1
758,11.268456,1
759,11.93753,0
760,10.059511,0
761,2.7e-05,0
762,15.293972,1
763,14.897332,0
764,11.73513,0
765,9.482705,0
766,0.000454,1
767,3.6e-05,1
768,1e-06,1
769,10.202538,0
770,12.573165,0
771,12.601289,0
772,13.994825,0
773,12.874764,1
774,14.618872,0
775,14.539937,1
776,12.31754,1
777,10.364919,1
778,12.282387,0
779,13.41012,0
780,9.763474,0
781,5e-06,0
782,13.628043,1
783,12.982483,1
784,10.909434,0
785,13.351315,1
786,0.000117,1
787,2e-06,0
788,13.134583,1
789,13.00043,1
790,13.446284,1
791,13.272702,0
792,7e-06,1
793,7.2e-05,1
794,9.587417,0
795,10.81298,0
796,2e-06,0
797,15.639448,1
798,8e-06,1
799,1.5e-05,1
800,10.966331,1
801,12.841675,0
802,10.138294,1
803,7e-06,1
804,10.975256,1
805,13.181768,0
806,11.738119,0
807,0.000357,1
808,11.366443,0
809,5.6e-05,1
810,2e-06,0
811,3e-06,1
812,0.000136,1
813,17.466494,1
814,14.815969,0
815,11.401907,0
816,12.479597,1
817,12.566252,1
818,13.192935,1
819,12.086018,0
820,15.266896,1
821,8.539045,0
822,2.9e-05,1
823,14.012109,0
824,8.554071,0
825,6.7e-05,1
826,6e-06,0
827,0.000137,1
828,13.391623,1
829,5.8e-05,1
830,8e-06,1
831,13.057901,1
832,14.702845,1
833,11.65726,0
834,11.481372,0
835,11.938546,0
836,12.481502,0
837,12.215129,1
838,11.617821,0
839,3.5e-05,1
840,2e-06,0
841,12.234983,1
842,13.578279,0
843,11.180451,0
844,10.734725,0
845,10.381658,0
846,12.465668,1
847,12.284351,0
848,3.2e-05,1
849,0.000449,1
850,13.958832,1
851,11.310246,0
852,11.318461,0
853,13.586765,1
854,10.134896,0
855,13.822885,1
856,11.49577,1
857,10.697054,0
858,12.302933,1
859,0.000152,1
860,0.000127,1
861,15.326072,1
862,0.000101,1
863,16.734978,1
864,11.006746,1
865,11.93291,0
866,15.720977,1
867,12.383323,1
868,17.02264,0
869,13.569727,1
870,0.000132,1
871,1e-06,1
872,13.059855,1
873,14.484391,1
874,11.299433,1
875,2e-06,1
876,14.38971,1
877,13.47739,1
878,3e-06,1
879,11.782312,1
880,1.3e-05,1
881,11.562943,1
882,0.000399,1
883,1e-06,1
884,2.7e-05,1
885,13.444653,1
886,5.6e-05,1
887,11.619999,0
888,11.485974,1
889,14.338743,0
890,1e-06,0
891,0.0,1
892,6e-06,1
893,14.080147,0
894,1.7e-05,1
895,3e-05,1
896,11.09044,0
897,11.332234,0
898,0.000193,1
899,17.468002,0
900,11.732622,0
901,13.376773,1
902,14.56862,0
903,16.77129,1
904,10.290337,0
905,17.274103,1
906,14.720709,1
907,13.605657,1
908,14.876896,0
909,11.501002,1
910,1.1e-05,1
911,10.924955,1
912,6.6e-05,1
913,1e-06,1
914,11.914656,1
915,13.014697,1
916,8.1e-05,0
917,13.132464,1
918,13.926465,0
919,16.042067,1
920,1e-06,1
921,4e-06,1
922,4.4e-05,1
923,4.3e-05,1
924,6e-05,1
925,7.7e-05,1
926,11.748442,0
927,7.94918,0
928,13.625877,1
929,9.6e-05,1
930,14.081507,0
931,13.215243,1
932,1.3e-05,1
933,3.2e-05,1
934,11.807568,0
935,13.099908,1
936,12.263839,0
937,2e-06,1
938,13.316462,1
939,14.483716,0
940,12.177264,1
941,12.924993,0
942,10.331836,0
943,14.750341,0
944,15.767258,1
945,0.000512,1
946,9.650411,0
947,2.1e-05,0
948,14.410248,1
949,6e-06,1
950,3e-06,1
951,1.1e-05,1
952,11.860722,0
953,10.397728,1
954,12.630322,0
955,9.619575,1
956,4.8e-05,1
957,5.6e-05,1
958,13.247852,1
959,12.894666,0
960,3e-05,1
961,15.427525,1
962,14.716972,0
963,9.3e-05,1
964,13.034666,1
965,13.004392,1
966,2.1e-05,0
967,13.144075,0
968,5.8e-05,1
969,11.154062,0
970,16.852438,0
971,1e-06,1
972,11.020176,0
973,0.00028,1
974,10.247918,0
975,2e-06,1
976,8.709216,1
977,15.781371,0
978,16.810364,1
979,16.122887,1
980,6e-06,1
981,12.326647,1
982,0.00015,1
983,13.069871,1
984,5.3e-05,1
985,10.197268,0
986,15.408195,1
987,12.040864,0
988,1.7e-05,1
989,7.1e-05,1
990,13.586379,1
991,16.200432,1
992,11.344033,0
993,14.453156,0
994,5e-06,0
995,11.153374,0
996,11.479153,1
997,10.837763,0
998,12.298587,0
999,10.236365,0
1000,15.647154,1
1001,1.5e-05,1
1002,0.0,0
1003,11.922412,1
1004,2e-06,0
1005,0.000197,1
1006,9.774094,1
1007,10.41202,0
1008,11.668301,1
1009,11.261373,1
1010,11.174954,1
1011,0.000228,1
1012,1.9e-05,0
1013,13.84921,1
1014,1.6e-05,1
1015,14.056225,0
1016,13.783854,1
1017,0.00012,1
1018,12.459115,0
1019,2.1e-05,1
1020,13.426771,1
1021,15.111124,1
1022,8.452478,0
1023,14.274214,1
1024,1e-05,1
1025,16.541988,1
1026,6e-06,0
1027,9.491295,0
1028,13.362569,0
1029,0.000171,1
1030,7.4e-05,1
1031,7e-06,0
1032,9.8e-05,1
1033,0.0001,1
1034,4.1e-05,1
1035,3.4e-05,0
1036,0.000313,1
1037,1e-06,0
1038,7.5e-05,1
1039,16.750065,0
1040,15.382919,1
1041,11.892209,0
1042,14.45174,1
1043,6.7e-05,1
1044,7e-06,1
1045,2.1e-05,1
1046,11.482335,0
1047,12.070695,1
1048,10.414406,0
1049,2e-06,1
1050,7.7e-05,1
1051,13.552434,1
1052,11.63189,0
1053,4e-05,1
1054,7.915595,1
1055,11.442744,1
1056,3.5e-05,0
1057,1e-06,1
1058,1.3e-05,1
1059,15.147831,0
1060,12.976893,0
1061,11.965792,0
1062,5e-05,1
1063,1.7e-05,1
1064,4e-05,1
1065,2.9e-05,1
1066,12.479597,0
1067,10.104507,1
1068,0.000723,1
1069,2e-06,0
1070,12.337388,1
1071,13.308581,0
1072,9e-06,1
1073,10.981572,1
1074,3.8e-05,1
1075,5.1e-05,1
1076,13.155601,1
1077,9.663872,0
1078,2e-06,1
1079,1e-06,0
1080,11.066948,0
1081,3.6e-05,1
1082,1e-06,1
1083,1e-06,1
1084,15.088833,1
1085,15.321372,1
1086,15.712438,1
1087,10.750294,1
1088,9.2e-05,1
1089,15.063765,1
1090,4e-06,0
1091,10.502482,0
1092,11.814151,1
1093,1.8e-05,1
1094,3.2e-05,1
1095,10.367436,0
1096,1e-06,1
1097,11.657536,1
1098,1.4e-05,1
1099,12.878626,1
1100,17.56543,1
1101,10.835187,1
1102,8.9e-05,1
1103,15.363814,1
1104,6e-06,1
1105,11.190368,0
1106,12.538514,1
1107,5.6e-05,1
1108,17.343584,0
1109,14.337247,1
1110,15.702077,0
1111,11.175231,0
1112,10.551056,1
1113,11.985381,1
1114,11.321992,1
1115,16.106743,1
1116,3e-06,1
1117,9.3e-05,1
1118,15.415009,1
1119,1e-05,1
1120,13.675528,0
1121,2.4e-05,1
1122,6e-06,0
1123,13.229995,1
1124,8.8e-05,1
1125,3e-06,1
1126,12.944313,1
1127,11.032088,0
1128,0.000117,1
1129,1.4e-05,1
1130,2e-06,0
1131,13.395046,0
1132,0.000104,1
1133,15.414569,1
1134,10.92008,0
1135,13.62111,1
1136,9.096025,1
1137,18.417992,1
1138,18.002487,0
1139,14.888709,0
1140,9.297723,1
1141,14.763834,0
1142,12.019556,1
1143,9e-06,0
1144,6e-06,1
1145,15.138052,0
1146,12.198444,0
1147,12.286481,0
1148,10.869757,0
1149,11.858294,0
1150,12.159294,1
1151,2e-06,0
1152,4e-06,1
1153,12.105089,0
1154,5e-06,1
1155,4.3e-05,1
1156,0.000113,1
1157,0.000108,1
1158,11.693329,0
1159,15.949795,1
1160,1.3e-05,1
1161,11.830372,1
1162,3.2e-05,1
1163,0.000437,1
1164,13.410268,1
1165,13.162288,0
1166,12.87053,1
1167,11.579174,1
1168,14.036213,0
1169,0.000102,0
1170,0.000413,1
1171,4e-06,1
1172,6.6e-05,1
1173,2e-06,1
1174,5e-06,1
1175,0.000232,1
1176,13.790205,1
1177,12.708241,1
1178,2e-06,1
1179,12.625326,0
1180,16.710333,0
1181,16.141558,1
1182,15.585002,1
1183,16.024418,1
1184,15.11538,1
1185,4.6e-05,1
1186,8e-06,0
1187,13.449426,0
1188,1.1e-05,1
1189,8e-06,0
1190,5.1e-05,1
1191,13.731159,0
1192,0.000191,1
1193,11.496363,0
1194,10.474102,0
1195,10.421397,1
1196,17.198606,1
1197,16.070877,1
1198,16.224138,1
1199,3.8e-05,1
1200,10.894152,1
1201,13.073161,0
1202,5.8e-05,1
1203,0.000123,1
1204,10.98084,0
1205,9.167012,0
1206,7.9e-05,1
1207,12.831376,0
1208,13.653831,0
1209,13.262259,1
1210,7.5e-05,1
1211,9.536354,1
1212,10.20424,0
1213,14.504255,1
1214,13.591434,0
1215,6.1e-05,1
1216,11.821507,0
1217,12.029716,0
1218,15.655479,1
1219,3.8e-05,1
1220,12.504039,0
1221,4e-05,0
1222,14.49018,0
1223,16.662724,1
1224,17.744562,1
1225,14.014473,1
1226,13.700628,1
1227,3e-06,1
1228,4.8e-05,1
1229,8e-06,1
1230,13.632668,1
1231,11.365002,1
1232,13.941371,1
1233,14.816576,1
1234,8.964828,0
1235,15.613808,0
1236,0.000543,1
1237,15.149909,1
1238,12.004281,1
1239,0.0,0
1240,12.209394,1
1241,12.464375,0
1242,13.661135,0
1243,0.000122,1
1244,6.3e-05,1
1245,11.065598,1
1246,14.165733,1
1247,14.658728,1
1248,13.22353,1
1249,1e-06,0
1250,4e-06,1
1251,7e-06,1
1252,2.2e-05,1
1253,15.336706,0
1254,13.707735,1
1255,1.8e-05,1
1256,8.3e-05,1
1257,12.269057,0
1258,11.955046,1
1259,8.3e-05,1
1260,13.856029,1
1261,5.9e-05,1
1262,15.499846,1
1263,12.543983,0
1264,2e-06,1
1265,14.787683,0
1266,1e-05,0
1267,4e-06,1
1268,8e-06,1
1269,11.887609,0
1270,13.709433,1
1271,13.331719,1
1272,12.758117,1
1273,13.061764,0
1274,10.983484,1
1275,0.000257,1
1276,11.879261,1
1277,11.395482,1
1278,1.3e-05,1
1279,8.548167,1
1280,5.4e-05,1
1281,1e-05,1
1282,7e-06,1
1283,16.983719,1
1284,12.473896,0
1285,4.1e-05,1
1286,13.377171,1
1287,1e-06,0
1288,2.6e-05,1
1289,11.544983,1
1290,13.367302,0
1291,9e-06,0
1292,0.000252,1
1293,14.204782,1
1294,11.40149,0
1295,10.053946,0
1296,1.9e-05,1
1297,2.6e-05,1
1298,0.001091,1
1299,11.693723,1
1300,10.443082,0
1301,2.2e-05,1
1302,14.629716,0
1303,0.00014,1
1304,13.103208,0
1305,5e-06,1
1306,5e-06,0
1307,8e-06,1
1308,12.382675,1
1309,0.000159,1
1310,12.235794,1
1311,14.538617,0
1312,0.000189,1
1313,5e-06,0
1314,0.000397,1
1315,16.999849,1
1316,9.510347,0
1317,12.768305,0
1318,2e-06,1
1319,11.984192,0
1320,3e-05,1
1321,3e-06,1
1322,1e-06,0
1323,12.877728,1
1324,11.232475,1
1325,13.420223,0
1326,2.4e-05,0
1327,10.899952,1
1328,10.822159,1
1329,9e-06,0
1330,3e-06,0
1331,2.5e-05,1
1332,13.562911,0
1333,10.734808,0
1334,12.709205,1
1335,1e-06,1
1336,2e-06,0
1337,16.241863,0
1338,12.654397,1
1339,1e-06,0
1340,5.9e-05,1
1341,9e-06,1
1342,7e-06,1
1343,2.6e-05,1
1344,10.286772,0
1345,12.036931,0
1346,11.274379,1
1347,0.0,0
1348,0.000148,1
1349,4e-06,0
1350,1e-06,0
1351,0.000233,1
1352,2.5e-05,1
1353,12.644798,0
1354,15.157549,1
1355,15.24218,1
1356,13.98122,1
1357,7.8e-05,1
1358,11.635826,1
1359,11.97439,0
1360,13.06247,1
1361,1.1e-05,0
1362,14.687145,1
1363,12.335495,0
1364,9.1e-05,1
1365,13.234512,0
1366,14.758132,1
1367,6.9e-05,1
1368,10.883551,1
1369,7e-06,0
1370,10.485724,1
1371,2.6e-05,1
1372,14.207224,1
1373,12.753207,1
1374,13.40896,0
1375,7.9e-05,1
1376,6.4e-05,1
1377,16.11952,1
1378,1.5e-05,1
1379,1.3e-05,1
1380,10.57394,0
1381,0.000184,1
1382,15.011518,0
1383,10.712318,1
1384,10.769774,0
1385,12.745308,0
1386,1.1e-05,1
1387,1.2e-05,1
1388,10.507879,0
1389,1e-06,1
1390,13.187025,1
1391,7e-05,1
1392,11.921351,0
1393,3e-06,1
1394,13.012314,1
1395,8.6e-05,1
1396,11.619554,1
1397,12.50391,1
1398,2.2e-05,1
1399,14.975115,0
1400,12.543046,0
1401,14.615233,1
1402,12.103345,1
1403,0.000163,1
1404,9.498861,1
1405,2e-05,1
1406,16.632387,1
1407,13.485987,1
1408,13.688523,0
1409,4.9e-05,1
1410,0.0001,1
1411,11.972195,1
1412,12.004477,1
1413,5e-06,1
1414,10.833714,1
1415,3.8e-05,1
1416,9e-06,1
1417,1.9e-05,0
1418,4e-06,1
1419,2.8e-05,1
1420,1e-05,0
1421,10.930274,0
1422,4.9e-05,1
1423,14.698222,1
1424,9.3e-05,1
1425,4e-06,1
1426,0.000211,1
1427,10.737846,0
1428,12.620061,1
1429,8e-06,1
1430,6e-06,1
1431,10.409144,0
1432,12.990161,0
1433,10.771371,0
1434,11.071706,1
1435,3.7e-05,1
1436,1.1e-05,1
1437,13.57599,1
1438,12.744966,1
1439,12.771058,1
1440,14.152592,0
1441,6.1e-05,1
1442,8.797866,1
1443,12.205624,0
1444,2e-05,1
1445,7e-06,1
1446,14.303184,1
1447,9.263876,0
1448,7e-06,1
1449,4e-06,1
1450,1e-06,1
1451,14.44677,1
1452,10.334296,0
1453,13.462751,0
1454,14.51125,1
1455,14.991144,1
1456,13.40799,1
1457,12.774719,1
1458,0.00047,1
1459,16.808743,1
1460,11.720062,1
1461,12.45122,0
1462,11.906514,1
1463,0.00027,1
1464,5e-06,1
1465,16.669603,1
1466,3e-06,1
1467,12.733403,1
1468,1.8e-05,1
1469,13.144927,1
1470,0.000139,1
1471,0.0001,1
1472,5e-06,1
1473,10.852234,1
1474,13.967245,1
1475,12.190409,0
1476,3.4e-05,1
1477,3e-06,1
1478,1.9e-05,0
1479,1.4e-05,1
1480,0.0,0
1481,13.761744,1
1482,14.345983,1
1483,1.8e-05,1
1484,12.945477,0
1485,2.1e-05,1
1486,0.000131,1
1487,8.882614,1
1488,16.35569,1
1489,13.069232,1
1490,12.092647,0
1491,0.000206,1
1492,16.072289,1
1493,16.0515,1
1494,14.252585,1
1495,11.251144,0
1496,14.942867,0
1497,10.763253,1
1498,5.9e-05,1
1499,12.629629,0
1500,13.411065,0
1501,7e-06,1
1502,11.682883,0
1503,15.008702,0
1504,11.497684,0
1505,7.8e-05,1
1506,16.087706,1
1507,14.161516,0
1508,17.260843,0
1509,12.467813,1
1510,9.847796,0
1511,10.727106,1
1512,14.453612,0
1513,14.870633,1
1514,12.135432,0
1515,13.806157,0
1516,17.877302,1
1517,12.116637,0
1518,12.691875,0
1519,0.00057,1
1520,7e-06,1
1521,13.478298,1
1522,16.278515,1
1523,16.794777,1
1524,0.000122,1
1525,1.1e-05,1
1526,5e-06,1
1527,5.8e-05,1
1528,12.99864,1
1529,10.905792,0
1530,14.074737,1
1531,0.000268,1
1532,14.647962,1
1533,0.000293,1
1534,4.6e-05,1
1535,11.967613,1
1536,13.332201,0
1537,11.725279,0
1538,15.649326,1
1539,5e-06,1
1540,2e-06,0
1541,1.1e-05,0
1542,13.156511,0
1543,1.6e-05,1
1544,6e-06,0
1545,13.975136,0
1546,12.114002,1
1547,18.724316,1
1548,11.044306,0
1549,11.485425,0
1550,14.235074,1
1551,14.654918,0
1552,14.238769,1
1553,2.6e-05,1
1554,2.3e-05,1
1555,2e-06,0
1556,0.0005,1
1557,13.292372,0
1558,0.000116,1
1559,0.000129,1
1560,13.853965,1
1561,12.7542,1
1562,11.637397,1
1563,14.566415,0
1564,13.956614,1
1565,13.327434,1
1566,13.0073,1
1567,16.881273,0
1568,11.730463,0
1569,15.12198,0
1570,0.000151,1
1571,12.541501,0
1572,16.306458,1
1573,13.287631,0
1574,11.501676,0
1575,12.490451,1
1576,13.410171,0
1577,11.951476,1
1578,14.409655,0
1579,0.000134,1
1580,14.156508,0
1581,2.2e-05,1
1582,8e-06,1
1583,11.446524,1
1584,4e-06,1
1585,15.226478,1
1586,19.360744,1
1587,15.389473,0
1588,12.099473,0
1589,12.134007,0
1590,10.227356,1
1591,12.325947,1
1592,10.618046,0
1593,2e-06,1
1594,11.72426,0
1595,12.91827,0
1596,15.618993,1
1597,1e-06,0
1598,12.419857,0
1599,10.452184,0
1600,17.244875,1
1601,9.597775,0
1602,13.186074,1
1603,12.8982,0
1604,13.021227,0
1605,1e-06,1
1606,1e-05,1
1607,12.928934,1
1608,13.71825,0
1609,1.3e-05,1
1610,12.477883,1
1611,2e-06,1
1612,11.814164,0
1613,0.0,0
1614,11.448096,0
1615,1e-06,1
1616,12.530504,0
1617,3.2e-05,1
1618,2e-06,1
1619,5e-06,1
1620,15.516128,0
1621,12.498905,1
1622,0.000305,1
1623,10.066354,0
1624,10.436858,0
1625,7e-06,0
1626,2e-06,1
1627,14.842622,1
1628,2e-06,0
1629,15.148638,1
1630,10.921935,1
1631,2e-06,1
1632,3.1e-05,1
1633,7e-06,1
1634,1.4e-05,1
1635,10.073933,0
1636,14.215153,0
1637,13.659807,1
1638,14.597206,1
1639,14.619178,1
1640,1.7e-05,1
1641,13.557493,1
1642,16.648554,1
1643,10.632125,1
1644,11.543661,1
1645,0.000211,1
1646,12.148132,1
1647,10.993635,1
1648,12.333894,0
1649,7.502754,0
1650,2.5e-05,1
1651,1.7e-05,1
1652,12.432363,1
1653,13.007304,1
1654,10.194669,0
1655,12.276806,1
1656,9.902756,1
1657,9.986194,0
1658,7e-06,1
1659,0.000101,1
1660,11.629949,1
1661,12.271394,0
1662,11.211708,0
1663,0.000306,1
1664,0.000117,1
1665,14.408094,1
1666,5e-06,0
1667,11.181239,1
1668,1e-06,1
1669,13.277271,0
1670,6e-06,0
1671,14.065056,1
1672,16.184225,1
1673,13.373294,0
1674,8e-06,1
1675,9.099198,0
1676,15.436352,1
1677,13.465958,0
1678,10.694712,0
1679,12.384016,1
1680,13.203262,1
1681,4e-06,1
1682,15.417239,1
1683,10.65463,0
1684,15.621926,1
1685,10.516819,0
1686,4.7e-05,1
1687,4e-06,0
1688,10.598049,1
1689,2.7e-05,1
1690,1e-06,0
1691,11.261408,1
1692,2.5e-05,1
1693,13.136576,1
1694,2e-06,0
1695,0.00038,1
1696,12.942443,1
1697,1.1e-05,1
1698,15.266845,0
1699,16.173521,1
1700,10.223904,1
1701,9.439896,1
1702,12.208474,0
1703,9.801008,1
1704,16.874174,1
1705,11.228682,0
1706,9.653506,0
1707,14.04541,1
1708,2e-05,1
1709,14.061769,0
1710,8e-06,1
1711,1.5e-05,1
1712,14.853571,1
1713,13.463211,0
1714,11.963165,0
1715,14.396551,1
1716,9.771071,1
1717,0.000301,1
1718,16.489731,1
1719,0.0,1
1720,10.690345,0
1721,11.6192,1
1722,3e-06,0
1723,5e-06,0
1724,13.234015,1
1725,7e-06,1
1726,15.743296,0
1727,11.044278,1
1728,1e-06,1
1729,5.7e-05,1
1730,11.787756,1
1731,18.488173,0
1732,15.021407,0
1733,14.154351,1
1734,17.045898,1
1735,13.289155,1
1736,2e-06,0
1737,1.2e-05,0
1738,7e-06,0
1739,7.4e-05,1
1740,4e-05,1
1741,10.611107,0
1742,12.235198,0
1743,15.795421,0
1744,7e-06,0
1745,2.6e-05,1
1746,10.462758,1
1747,12.757675,0
1748,1.7e-05,1
1749,12.087303,1
1750,0.0,1
1751,13.270317,1
1752,3.5e-05,1
1753,0.000204,1
1754,14.591222,0
1755,9.187151,1
1756,6.8e-05,1
1757,11.00357,0
1758,12.192258,0
1759,14.536514,1
1760,14.840871,1
1761,2.7e-05,1
1762,8.7e-05,1
1763,9e-06,0
1764,13.407193,0
1765,3.5e-05,1
1766,0.00016,1
1767,3e-06,1
1768,13.824363,1
1769,11.956205,0
1770,15.924694,1
1771,11.998606,0
1772,13.091587,0
1773,17.711924,1
1774,5.4e-05,1
1775,0.000258,1
1776,4e-06,1
1777,11.1805,1
1778,10.632093,0
1779,0.00013,1
1780,11.234506,1
1781,4.1e-05,1
1782,14.778423,1
1783,0.000333,1
1784,14.57146,1
1785,0.000888,1
1786,3e-06,1
1787,10.168591,1
1788,0.000143,1
1789,13.202328,1
1790,6.9e-05,1
1791,3e-06,1
1792,10.487231,0
1793,13.787633,1
1794,2e-06,0
1795,15.895322,0
1796,16.043516,1
1797,11.936275,1
1798,13.664528,0
1799,11.098546,1
1800,11.310321,1
1801,1e-06,1
1802,0.000286,1
1803,12.772181,1
1804,6e-06,1
1805,12.380358,0
1806,10.696364,0
1807,9.941573,0
1808,15.867415,0
1809,4e-06,0
1810,11.21663,0
1811,13.280417,1
1812,9.880013,1
1813,15.606171,1
1814,4e-06,1
1815,10.625003,1
1816,0.000194,1
1817,12.681996,1
1818,16.81212,1
1819,13.64804,0
1820,10.296015,1
1821,11.117604,1
1822,17.877594,1
1823,6.2e-05,1
1824,2.6e-05,1
1825,13.224965,1
1826,1e-06,1
1827,3e-05,1
1828,11.098001,1
1829,11.323732,1
1830,10.992583,1
1831,12.780622,1
1832,16.138098,1
1833,2e-06,0
1834,13.334266,1
1835,2e-06,0
1836,8.802741,0
1837,12.227715,0
1838,10.065388,0
1839,2e-05,1
1840,14.65603,0
1841,14.962491,1
1842,12.859423,1
1843,15.107336,1
1844,13.508838,1
1845,11.531829,0
1846,11.145658,1
1847,10.206658,0
1848,17.171814,1
1849,12.819254,0
1850,9.790717,0
1851,14.712008,1
1852,12.136103,1
1853,13.825351,1
1854,0.000117,1
1855,2.1e-05,1
1856,12.90922,1
1857,13.793715,1
1858,9.724661,0
1859,1.5e-05,1
1860,0.000232,0
1861,5e-06,1
1862,3e-06,1
1863,1e-06,1
1864,14.084179,0
1865,13.464241,0
1866,13.626685,1
1867,13.346231,0
1868,5e-06,0
1869,15.685287,1
1870,10.613866,1
1871,14.787383,0
1872,11.462194,1
1873,14.191013,1
1874,1.6e-05,1
1875,15.123899,0
1876,0.000129,1
1877,11.633827,1
1878,5e-06,0
1879,15.829779,1
1880,3e-06,1
1881,1e-06,0
1882,0.001266,1
1883,19.098492,1
1884,12.857001,1
1885,14.485469,1
1886,16.791691,1
1887,3.8e-05,1
1888,10.509453,0
1889,12.318129,1
1890,3e-06,1
1891,13.430916,0
1892,11.123615,1
1893,14.975915,0
1894,1e-06,1
1895,0.000485,1
1896,11.63292,1
1897,4.2e-05,0
1898,17.818304,0
1899,9.5e-05,1
1900,0.000129,1
1901,8.3e-05,1
1902,12.764091,1
1903,2.9e-05,0
1904,13.041721,0
1905,6e-06,1
1906,5.7e-05,1
1907,6e-06,1
1908,15.276184,0
1909,11.316591,1
1910,15.011473,1
1911,12.222717,0
1912,18.741219,1
1913,10.387957,0
1914,8.3e-05,1
1915,11.223119,0
1916,15.051843,0
1917,1.5e-05,1
1918,11.804163,0
1919,1.9e-05,1
1920,13.045167,1
1921,5.2e-05,1
1922,12.536241,0
1923,1.1e-05,1
1924,10.314947,1
1925,10.787663,0
1926,13.270467,1
1927,10.66805,0
1928,12.941917,0
1929,10.667014,0
1930,4.4e-05,1
1931,9.870386,1
1932,11.563338,0
1933,12.078179,1
1934,11.0023,1
1935,0.0002,1
1936,10.607423,1
1937,13.877935,0
1938,11.37604,0
1939,12.547347,0
1940,11.602055,0
1941,10.837525,0
1942,0.000124,0
1943,7.602797,1
1944,8e-06,0
1945,2e-06,1
1946,9.624356,0
1947,18.075836,1
1948,8.834313,1
1949,2.1e-05,1
1950,13.397677,1
1951,13.362937,1
1952,13.655701,0
1953,9.755996,0
1954,12.548513,0
1955,1.9e-05,1
1956,9.404205,1
1957,14.325294,1
1958,17.171436,1
1959,8e-06,0
1960,14.32156,0
1961,10.99273,1
1962,12.749621,1
1963,13.552277,0
1964,18.233852,1
1965,1e-06,1
1966,0.0,0
1967,11.398336,0
1968,1.2e-05,1
1969,14.789158,1
1970,13.084402,0
1971,12.256952,1
1972,10.10317,0
1973,0.000153,1
1974,13.133894,1
1975,13.550905,0
1976,10.575659,1
1977,0.0,1
1978,1e-05,1
1979,8.542958,0
1980,16.22336,0
1981,5.7e-05,1
1982,12.308434,1
1983,12.713614,1
1984,11.766973,0
1985,11.008485,1
1986,17.243187,1
1987,12.536783,0
1988,12.476175,1
1989,11.251659,1
1990,13.840801,0
1991,12.42991,0
1992,13.804346,1
1993,3e-06,0
1994,11.307133,1
1995,9.55388,0
1996,2e-06,1
1997,1e-05,1
1998,8e-06,1
1999,1.4e-05,0
2000,10.558822,0
2001,13.146338,1
2002,11.592139,0
2003,2.1e-05,1
2004,4.7e-05,1
2005,12.151226,1
2006,0.0,0
2007,16.26911,1
2008,12.538786,0
2009,14.116745,1
2010,12.740104,1
2011,4e-05,1
2012,1e-06,1
2013,1e-06,0
2014,15.643409,1
2015,10.520316,0
2016,13.15445,1
2017,11.341482,0
2018,1e-05,0
2019,0.000509,1
2020,4e-06,1
2021,12.775789,0
2022,4e-06,1
2023,7.3e-05,1
2024,13.065242,1
2025,9.92028,1
2026,12.716868,1
2027,3.2e-05,1
2028,8e-06,1
2029,0.002,1
2030,12.665927,0
2031,14.664962,1
2032,10.361188,1
2033,15.533173,1
2034,0.000184,1
2035,16.668182,1
2036,1e-06,1
2037,0.000384,1
2038,12.485214,1
2039,0.000368,1
2040,3.6e-05,1
2041,7.2e-05,1
2042,0.0,1
2043,11.786383,1
2044,2e-06,1
2045,13.360152,1
2046,9e-06,1
2047,2e-06,1
2048,0.000113,1
2049,12.674175,1
2050,15.209131,0
2051,9e-06,1
2052,9.3e-05,1
2053,11.458223,1
2054,8.5e-05,1
2055,0.000267,1
2056,13.932651,1
2057,0.000181,1
2058,10.886852,0
2059,0.0,1
2060,14.79447,1
2061,13.719091,0
2062,1.7e-05,1
2063,11.206583,0
2064,7.1e-05,1
2065,12.784183,0
2066,2.4e-05,1
2067,4e-06,1
2068,14.176019,1
2069,12.915486,1
2070,6e-06,1
2071,11.075507,0
2072,13.338512,1
2073,7e-06,1
2074,2e-06,0
2075,0.0,1
2076,1.4e-05,0
2077,9.746482,0
2078,0.000725,1
2079,9.921045,0
2080,2.9e-05,1
2081,8.586722,0
2082,2.4e-05,1
2083,10.082563,1
2084,14.589414,1
2085,11.659909,1
2086,12.964327,1
2087,12.295725,1
2088,11.719258,0
2089,3e-06,0
2090,11.826662,1
2091,0.000218,1
2092,2e-06,1
2093,0.0,0
2094,14.890918,1
2095,1.4e-05,1
2096,9.9e-05,1
2097,13.367816,0
2098,1e-05,1
2099,8.2e-05,1
2100,14.249436,0
2101,11.44784,1
2102,10.358403,0
2103,11.048361,1
2104,11.195289,1
2105,11.360566,1
2106,7e-06,1
2107,15.903125,0
2108,1e-06,0
2109,11.969397,0
2110,11.485937,1
2111,5.2e-05,1
2112,13.525908,1
2113,13.349957,1
2114,10.474467,0
2115,3.4e-05,1
2116,7e-05,1
2117,14.112736,1
2118,1e-06,0
2119,9e-06,1
2120,1.5e-05,1
2121,0.000338,1
2122,16.525572,1
2123,3.3e-05,1
2124,14.720441,1
2125,11.280698,0
2126,3.5e-05,0
2127,8.947995,0
2128,11.416059,0
2129,12.067183,1
2130,7.1e-05,1
2131,2e-06,1
2132,11.810203,1
2133,14.59479,0
2134,12.556896,1
2135,12.073103,1
2136,7.9e-05,1
2137,1.3e-05,1
2138,2e-06,1
2139,4e-06,1
2140,2.3e-05,1
2141,14.470957,1
2142,10.78997,0
2143,15.700197,0
2144,10.214962,0
2145,10.532524,1
2146,8e-06,1
2147,4e-06,1
2148,13.521799,1
2149,0.000453,1
2150,10.197438,1
2151,1.1e-05,1
2152,6e-06,1
2153,6.4e-05,1
2154,4.4e-05,1
2155,3e-06,0
2156,0.000133,1
2157,12.112494,0
2158,6e-05,1
2159,3.6e-05,1
2160,0.00029,1
2161,1.5e-05,1
2162,1.7e-05,1
2163,9.642216,1
2164,0.000115,0
2165,1e-06,0
2166,3e-06,1
2167,5e-06,0
2168,15.704083,0
2169,0.00025,1
2170,6.9e-05,1
2171,8e-06,1
2172,4.2e-05,1
2173,10.957102,1
2174,10.430996,0
2175,9e-06,1
2176,1.1e-05,0
2177,12.257901,1
2178,1.3e-05,0
2179,13.244882,0
2180,0.0001,1
2181,2e-06,0
2182,12.616452,0
2183,11.042661,0
2184,11.370303,0
2185,11.775183,1
2186,10.795917,0
2187,4e-05,1
2188,10.364489,0
2189,0.001439,1
2190,1.6e-05,1
2191,4.5e-05,1
2192,4.1e-05,1
2193,14.524069,0
2194,13.265295,0
2195,1.2e-05,1
2196,0.0,0
2197,14.236262,1
2198,11.684855,0
2199,14.342696,0
2200,0.000164,1
2201,7.7e-05,1
2202,4.3e-05,1
2203,13.494933,1
2204,16.349907,0
2205,12.643163,1
2206,0.000101,1
2207,1.3e-05,1
2208,11.258718,0
2209,11.217611,0
2210,12.393017,1
2211,13.061528,1
2212,11.346663,0
2213,12.874203,0
2214,9.79126,0
2215,13.045433,1
2216,13.878333,1
2217,0.00025,1
2218,11.966444,1
2219,3.9e-05,1
2220,4e-06,0
2221,14.453302,0
2222,1e-06,1
2223,18.551897,1
2224,2e-05,1
2225,16.732742,1
2226,13.308645,1
2227,12.146033,1
2228,9.146659,1
2229,1.3e-05,1
2230,16.871187,0
2231,10.609097,0
2232,8.5e-05,1
2233,15.267553,1
2234,0.0,1
2235,0.000162,1
2236,11.474046,1
2237,11.464621,0
2238,5e-06,0
2239,6e-06,1
2240,9.7e-05,1
2241,9.7041,0
2242,0.00011,1
2243,0.000191,1
2244,11.986698,1
2245,15.700033,1
2246,0.000482,1
2247,4e-06,0
2248,0.00025,1
2249,16.763424,1
2250,11.71147,0
2251,2e-06,0
2252,1e-06,0
2253,3.3e-05,1
2254,4e-06,0
2255,9.963979,0
2256,0.000364,1
2257,10.647819,1
2258,10.671644,0
2259,4e-06,0
2260,11.824935,0
2261,12.558849,0
2262,13.590499,0
2263,4.6e-05,1
2264,5e-06,1
2265,4e-06,0
2266,3.9e-05,1
2267,8.5e-05,1
2268,15.76085,1
2269,10.941021,0
2270,11.798223,1
2271,0.000135,1
2272,11.562384,0
2273,11.35611,0
2274,3.8e-05,1
2275,13.559278,1
2276,16.176258,1
2277,0.0,0
2278,1e-06,0
2279,13.732419,0
2280,2e-06,1
2281,3e-06,1
2282,5e-06,1
2283,0.000157,1
2284,11.711169,1
2285,10.144352,0
2286,1.3e-05,1
2287,1e-06,1
2288,6e-06,1
2289,4e-05,0
2290,7.9e-05,0
2291,16.234053,1
2292,14.477616,1
2293,16.047716,1
2294,10.031982,1
2295,1e-06,0
2296,14.403029,0
2297,0.000377,1
2298,1e-06,0
2299,12.371568,0
2300,14.400384,1
2301,3.2e-05,1
2302,4e-06,0
2303,16.839777,1
2304,2e-06,1
2305,0.000164,1
2306,11.979597,0
2307,4e-06,1
2308,13.584609,1
2309,1e-06,0
2310,13.089819,0
2311,12.430799,1
2312,3e-06,1
2313,14.581665,0
2314,6.1e-05,0
2315,10.555577,0
2316,0.000686,1
2317,9e-06,1
2318,12.453259,0
2319,11.179089,1
2320,11.842916,0
2321,12.288122,0
2322,13.107478,0
2323,6e-06,0
2324,2.3e-05,1
2325,12.903695,1
2326,4e-05,1
2327,1e-06,1
2328,9.983682,0
2329,10.586699,0
2330,3.9e-05,0
2331,3.4e-05,1
2332,1.7e-05,1
2333,15.107369,0
2334,11.992635,1
2335,11.366779,0
2336,14.637197,1
2337,1.7e-05,1
2338,7e-06,1
2339,2e-06,1
2340,3.3e-05,1
2341,10.699073,1
2342,13.154142,0
2343,14.467247,1
2344,8e-06,0
2345,2.1e-05,1
2346,1e-06,0
2347,12.204643,1
2348,11.208022,1
2349,0.000102,1
2350,21.078575,1
2351,10.970384,0
2352,1.4e-05,1
2353,10.185712,1
2354,11.538321,0
2355,5e-06,1
2356,11.62,1
2357,11.276887,1
2358,12.088762,0
2359,12.149998,1
2360,3.3e-05,1
2361,2e-05,0
2362,0.000129,1
2363,12.358492,1
2364,12.524855,1
2365,14.050571,1
2366,3e-06,0
2367,3.2e-05,0
2368,2.6e-05,1
2369,14.940046,1
2370,15.772327,1
2371,11.507907,0
2372,9.861743,1
2373,10.457368,1
2374,11.61823,1
2375,12.598947,1
2376,2.6e-05,1
2377,13.182631,1
2378,0.000204,1
2379,5.6e-05,1
2380,8.6e-05,1
2381,11.365424,0
2382,13.165424,0
2383,9.812021,1
2384,14.297584,1
2385,12.203251,0
2386,8e-06,1
2387,11.450761,0
2388,11.70963,1
2389,4.6e-05,1
2390,10.608644,0
2391,3e-06,1
2392,10.686528,1
2393,12.161745,0
2394,0.000172,1
2395,12.745237,1
2396,13.927564,0
2397,1.3e-05,1
2398,13.772283,1
2399,8.5e-05,1
2400,13.687997,0
2401,8.3e-05,1
2402,0.00012,1
2403,12.232115,1
2404,6e-06,1
2405,11.242149,0
2406,8.422539,0
2407,0.000175,1
2408,8.6e-05,1
2409,13.131119,1
2410,15.301964,0
2411,0.00012,1
2412,11.237872,0
2413,1e-06,1
2414,0.000343,1
2415,10.72185,0
2416,11.431859,0
2417,2e-05,1
2418,13.496183,0
2419,0.0,0
2420,12.697358,0
2421,2.6e-05,1
2422,3e-06,0
2423,14.01187,0
2424,10.153625,1
2425,1.8e-05,1
2426,10.275126,1
2427,13.990654,0
2428,7.3e-05,1
2429,1e-06,1
2430,14.600358,1
2431,4.6e-05,1
2432,7e-06,1
2433,10.968894,0
2434,13.053303,1
2435,11.825263,0
2436,13.760816,0
2437,14.036272,1
2438,9.404518,0
2439,14.107406,1
2440,1.4e-05,1
2441,16.533491,1
2442,15.00325,1
2443,10.858679,0
2444,5e-06,1
2445,12.401541,1
2446,12.038071,1
2447,4e-06,0
2448,10.870413,1
2449,13.472099,0
2450,3e-06,0
2451,12.914333,0
2452,12.757909,1
2453,16.577047,1
2454,1.8e-05,1
2455,12.57878,1
2456,14.561957,0
2457,6e-06,0
2458,5e-06,0
2459,1.3e-05,0
2460,2e-06,0
2461,2e-06,1
2462,3e-05,1
2463,0.000292,1
2464,12.429767,1
2465,2.2e-05,1
2466,8.677871,0
2467,13.730923,1
2468,0.000131,1
2469,12.59228,1
2470,12.266211,1
2471,19.126053,1
2472,1.7e-05,1
2473,11.28509,1
2474,11.498192,0
2475,14.112895,0
2476,12.121631,1
2477,3e-06,0
2478,7.7e-05,1
2479,13.280503,1
2480,1e-06,0
2481,16.884029,1
2482,6e-06,0
2483,0.000215,1
2484,1e-06,0
2485,13.588862,0
2486,3.6e-05,1
2487,1.2e-05,1
2488,11.603966,1
2489,2.5e-05,1
2490,9.413645,0
2491,16.828209,1
2492,11.63314,1
2493,14.956388,1
2494,4.4e-05,1
2495,11.695055,1
2496,0.000124,1
2497,0.000119,1
2498,10.856079,0
2499,11.628445,1
2500,13.987625,0
2501,14.162521,0
2502,1.1e-05,1
2503,2e-06,1
2504,2.1e-05,1
2505,11.573302,0
2506,8.3e-05,1
2507,12.1936,1
2508,0.000252,1
2509,3e-06,0
2510,1e-06,1
2511,1e-06,1
2512,8e-05,1
2513,6.2e-05,1
2514,13.971025,0
2515,1.1e-05,1
2516,15.542267,1
2517,2e-06,1
2518,15.665676,1
2519,8.93393,0
2520,6e-06,1
2521,5.7e-05,1
2522,4.1e-05,1
2523,14.491564,1
2524,12.790536,0
2525,12.213238,1
2526,2e-06,1
2527,0.000117,1
2528,11.01679,0
2529,12.639972,1
2530,11.710191,0
2531,3e-06,1
2532,12.36206,0
2533,10.915442,1
2534,12.376459,0
2535,13.969139,0
2536,1e-06,0
2537,11.64821,0
2538,11.542857,0
2539,12.61267,0
2540,6e-06,1
2541,13.948541,1
2542,11.185913,0
2543,12.330411,1
2544,0.000312,1
2545,0.0,0
2546,1e-06,0
2547,11.125646,1
2548,12.913784,0
2549,5e-05,1
2550,10.924684,1
2551,13.503258,1
2552,11.359511,0
2553,10.905659,1
2554,0.000345,1
2555,12.21016,1
2556,5.5e-05,1
2557,14.491509,1
2558,11.473198,1
2559,1e-05,1
2560,8.900475,0
2561,2e-06,1
2562,12.506568,1
2563,10.301603,0
2564,11.038129,1
2565,16.433903,1
2566,14.25347,0
2567,9.4e-05,1
2568,2.6e-05,1
2569,11.360981,0
2570,1.7e-05,1
2571,11.151315,0
2572,14.864853,0
2573,11.857051,1
2574,0.000134,1
2575,9.8e-05,1
2576,9.339333,0
2577,2.2e-05,1
2578,10.513475,1
2579,10.208231,0
2580,13.247696,1
2581,0.000118,1
2582,14.112757,1
2583,10.931506,1
2584,9.1e-05,1
2585,0.000154,1
2586,11.220185,0
2587,11.440742,1
2588,1.6e-05,1
2589,2.7e-05,1
2590,10.096524,0
2591,11.973683,0
2592,6e-06,1
2593,1.8e-05,1
2594,15.069293,0
2595,14.157457,1
2596,1e-06,0
2597,4.8e-05,1
2598,2.7e-05,1
2599,16.170893,1
2600,13.546561,0
2601,14.817718,1
2602,17.292049,1
2603,0.000111,1
2604,3e-06,1
2605,3e-06,0
2606,14.637645,0
2607,5e-06,1
2608,3e-06,1
2609,1e-06,0
2610,1.4e-05,1
2611,14.516896,0
2612,11.810093,1
2613,12.006835,1
2614,10.503235,0
2615,10.34619,1
2616,5e-05,1
2617,9e-06,1
2618,11.926635,1
2619,11.082887,0
2620,3.6e-05,1
2621,11.069024,1
2622,13.93643,1
2623,16.821636,1
2624,1.8e-05,1
2625,10.636793,0
2626,11.223268,0
2627,6.9e-05,1
2628,12.083208,0
2629,12.548769,1
2630,10.507561,0
2631,12.542002,1
2632,13.693737,0
2633,13.181002,0
2634,10.562053,1
2635,11.41614,1
2636,0.002075,1
2637,8.9e-05,1
2638,11.335695,1
2639,13.902425,0
2640,1.2e-05,0
2641,10.321568,0
2642,9e-06,1
2643,14.260127,0
2644,14.012072,1
2645,12.163271,0
2646,2e-06,1
2647,1.3e-05,1
2648,13.521766,0
2649,11.653679,0
2650,1.4e-05,1
2651,13.425486,1
2652,11.911099,1
2653,8e-05,1
2654,8.370907,0
2655,12.760492,1
2656,0.0,1
2657,12.670845,0
2658,14.983433,1
2659,12.394685,1
2660,2e-06,1
2661,12.004519,1
2662,0.000565,1
2663,9e-06,1
2664,10.849522,0
2665,11.840853,1
2666,12.899179,0
2667,2e-06,0
2668,12.934655,1
2669,12.834663,1
2670,10.871808,0
2671,10.493495,1
2672,3.8e-05,1
2673,6.3e-05,1
2674,1.9e-05,1
2675,11.442221,1
2676,0.000135,1
2677,13.135328,1
2678,15.856535,1
2679,11.710248,0
2680,1e-06,0
2681,10.197098,1
2682,1e-06,1
2683,12.684958,1
2684,7.9e-05,1
2685,14.572345,0
2686,6e-06,1
2687,13.803304,1
2688,10.275376,1
2689,2e-05,1
2690,10.183578,1
2691,12.302026,0
2692,6e-06,1
2693,0.000261,1
2694,7e-06,1
2695,6e-06,1
2696,6e-05,1
2697,0.000503,1
2698,0.000142,1
2699,12.822955,1
2700,0.00013,1
2701,5.7e-05,1
2702,12.097469,0
2703,10.116303,0
2704,1e-06,1
2705,14.540996,1
2706,2.7e-05,1
2707,3.1e-05,1
2708,4.1e-05,1
2709,9.523938,0
2710,10.557108,1
2711,10.499969,0
2712,10.064118,0
2713,15.778515,0
2714,2.7e-05,1
2715,14.611051,1
2716,1e-06,1
2717,13.435962,0
2718,4.2e-05,1
2719,9.9e-05,1
2720,13.608254,0
2721,14.571587,0
2722,9.602802,0
2723,7e-05,1
2724,9.726217,0
2725,8.74309,0
2726,14.141884,0
2727,13.70833,1
2728,12.59046,0
2729,9e-05,1
2730,12.173182,0
2731,11.898432,1
2732,4e-06,0
2733,0.000111,1
2734,0.0,0
2735,12.039573,0
2736,9.208761,1
2737,10.791676,1
2738,15.06692,1
2739,12.979864,1
2740,0.000132,1
2741,10.772256,0
2742,14.285781,0
2743,1.5e-05,1
2744,8e-06,0
2745,8.693711,1
2746,2.9e-05,1
2747,11.533663,0
2748,3.2e-05,1
2749,10.678128,0
2750,15.979002,1
2751,12.436559,1
2752,1.7e-05,1
2753,9.442488,1
2754,4.1e-05,1
2755,17.61445,1
2756,12.584575,1
2757,12.284016,0
2758,14.121608,0
2759,10.634889,1
2760,3e-06,1
2761,13.222768,1
2762,11.617295,1
2763,1.5e-05,1
2764,8.535239,0
2765,13.660054,0
2766,15.026695,0
2767,9.0382,0
2768,12.439228,0
2769,6.9e-05,1
2770,16.24041,1
2771,9e-06,1
2772,10.853436,0
2773,9e-06,1
2774,14.569099,0
2775,12.27122,1
2776,2e-06,0
2777,1e-06,0
2778,8e-06,1
2779,12.077228,1
2780,3e-06,1
2781,1e-05,1
2782,17.976273,1
2783,9e-06,1
2784,12.14987,0
2785,11.413685,0
2786,3e-06,1
2787,10.702071,1
2788,6.1e-05,1
2789,11.838191,0
2790,2e-05,1
2791,10.477981,0
2792,3e-06,1
2793,10.309933,0
2794,0.000214,1
2795,13.207168,1
2796,13.456143,0
2797,11.679136,0
2798,5.1e-05,1
2799,9.420203,0
2800,6.3e-05,1
2801,11.108242,0
2802,10.339581,1
2803,6e-06,1
2804,3.8e-05,1
2805,18.476137,1
2806,14.09816,1
2807,1.8e-05,1
2808,14.029029,0
2809,10.633259,0
2810,3e-06,1
2811,1.2e-05,0
2812,1.5e-05,1
2813,2e-06,1
2814,11.936,1
2815,0.000106,1
2816,0.000201,1
2817,11.93576,0
2818,14.351586,1
2819,2.7e-05,1
2820,1e-06,1
2821,13.049804,0
2822,14.72455,1
2823,13.654199,1
2824,11.507408,1
2825,2e-05,1
2826,13.311518,1
2827,2e-06,1
2828,8.6e-05,1
2829,3e-06,1
2830,14.585814,1
2831,5e-06,1
2832,11.223361,1
2833,12.763126,0
2834,0.000261,1
2835,16.441975,0
2836,11.524912,1
2837,12.984734,1
2838,9.643719,1
2839,1e-05,1
2840,12.365247,1
2841,10.759503,1
2842,11.431267,1
2843,18.626066,1
2844,0.00016,1
2845,7e-06,1
2846,13.116949,0
2847,10.439662,0
2848,0.000477,1
2849,5.8e-05,1
2850,2e-06,1
2851,17.652617,1
2852,0.000108,1
2853,13.857866,0
2854,5e-06,1
2855,15.7838,0
2856,14.984112,1
2857,12.078629,1
2858,13.912147,1
2859,13.402477,1
2860,10.985846,1
2861,5.2e-05,1
2862,6.7e-05,1
2863,2.3e-05,1
2864,8.7e-05,1
2865,0.0,0
2866,12.126758,0
2867,9.375412,0
2868,12.862728,0
2869,12.366708,1
2870,10.01914,0
2871,12.205973,1
2872,12.147738,1
2873,0.000108,1
2874,10.151332,0
2875,0.000156,1
2876,11.001809,0
2877,6.1e-05,1
2878,13.052572,0
2879,13.991138,1
2880,0.000227,1
2881,13.56217,1
2882,14.434775,0
2883,12.175439,0
2884,15.917949,1
2885,8.7e-05,0
2886,13.030908,1
2887,9.056376,0
2888,14.49447,1
2889,6.8e-05,1
2890,14.010356,0
2891,4e-06,0
2892,3.3e-05,1
2893,0.000192,1
2894,5e-06,1
2895,12.431083,1
2896,10.253513,0
2897,10.623201,0
2898,1e-06,1
2899,0.000331,1
2900,2.3e-05,1
2901,10.644897,0
2902,4e-05,1
2903,10.787247,0
2904,14.073744,0
2905,16.243486,1
2906,5.8e-05,1
2907,8e-06,0
2908,11.181267,0
2909,8e-05,1
2910,1.4e-05,1
2911,1.2e-05,1
2912,0.0,0
2913,10.950081,1
2914,12.130464,1
2915,10.607818,0
2916,10.793094,1
2917,11.270747,0
2918,12.970312,0
2919,10.747683,0
2920,12.257882,1
2921,0.000107,1
2922,9.222911,1
2923,14.883567,1
2924,12.644464,1
2925,3e-06,1
2926,2.6e-05,1
2927,14.447473,1
2928,2.1e-05,0
2929,10.899441,1
2930,5e-06,1
2931,14.406777,0
2932,10.428312,0
2933,5.8e-05,0
2934,9.744959,0
2935,14.984188,0
2936,13.536223,1
2937,12.085051,0
2938,14.08633,1
2939,12.303594,1
2940,4.1e-05,1
2941,2e-05,1
2942,3.6e-05,1
2943,12.476755,1
2944,12.545903,0
2945,6e-06,1
2946,1e-05,1
2947,0.000114,1
2948,6e-06,1
2949,3e-06,0
2950,13.542268,1
2951,8.90781,0
2952,13.809339,1
2953,3e-06,1
2954,11.556515,0
2955,11.020369,1
2956,1e-06,0
2957,11.643423,1
2958,11.057312,1
2959,15.198967,1
2960,1.9e-05,0
2961,12.823653,0
2962,14.723536,1
2963,12.851319,1
2964,2.2e-05,1
2965,16.268375,0
2966,9.872429,0
2967,15.162854,0
2968,14.30381,1
2969,1.8e-05,0
2970,12.269264,1
2971,13.58777,0
2972,8.70428,0
2973,0.0,0
2974,9.762524,0
2975,3e-06,0
2976,1.7e-05,1
2977,11.513765,1
2978,1.2e-05,0
2979,14.481651,1
2980,3e-06,0
2981,13.612959,1
2982,17.167265,1
2983,14.416623,1
2984,13.534792,1
2985,11.415963,0
2986,0.000164,1
2987,11.424861,1
2988,13.745075,1
2989,2.2e-05,1
2990,16.245335,1
2991,11.635727,0
2992,11.683185,1
2993,7.4e-05,1
2994,12.192134,1
2995,3.1e-05,1
2996,4.2e-05,0
2997,8.431193,0
2998,12.18355,1
2999,9.395207,1
3000,12.75973,1
3001,11.264094,0
3002,2.8e-05,1
3003,0.0,1
3004,11.049203,0
3005,11.680831,0
3006,2e-05,1
3007,10.921971,0
3008,12.35046,0
3009,4e-06,1
3010,8e-06,1
3011,10.595668,0
3012,1.3e-05,1
3013,13.738328,1
3014,10.449336,1
3015,16.805492,1
3016,14.590253,0
3017,10.822228,0
3018,1.4e-05,1
3019,2e-06,0
3020,0.000106,1
3021,11.566379,0
3022,0.000148,1
3023,1.8e-05,1
3024,11.442378,0
3025,0.000261,1
3026,14.528164,1
3027,10.317071,1
3028,3e-06,0
3029,12.237936,1
3030,0.000167,1
3031,16.371561,1
3032,1.5e-05,1
3033,11.853373,1
3034,6e-06,1
3035,4.2e-05,1
3036,13.635495,1
3037,10.607327,0
3038,7.7e-05,1
3039,13.05772,1
3040,12.075202,1
3041,11.747993,1
3042,4.5e-05,1
3043,3e-06,1
3044,14.013212,1
3045,11.872023,1
3046,6e-06,0
3047,17.10788,1
3048,13.203267,1
3049,11.123075,0
3050,11.252514,1
3051,1.3e-05,0
3052,2e-06,0
3053,0.000172,1
3054,11.466306,0
3055,10.761252,0
3056,9.725946,0
3057,10.506053,1
3058,13.394024,1
3059,14.228953,0
3060,6e-06,1
3061,10.810514,0
3062,13.699944,1
3063,0.0,1
3064,15.073369,1
3065,7e-06,1
3066,10.464543,0
3067,14.614407,0
3068,11.127289,0
3069,2.8e-05,1
3070,1.2e-05,0
3071,11.84236,0
3072,15.237243,1
3073,13.59162,1
3074,1.5e-05,0
3075,0.000164,1
3076,8.956548,0
3077,5.3e-05,1
3078,1.3e-05,1
3079,1.5e-05,1
3080,11.175867,1
3081,0.000722,0
3082,2.3e-05,1
3083,9e-06,0
3084,10.564258,0
3085,14.670653,1
3086,10.764977,0
3087,5.4e-05,1
3088,12.270661,1
3089,11.61377,1
3090,1e-06,1
3091,12.900254,0
3092,3e-06,1
3093,12.073056,1
3094,4.2e-05,1
3095,2.3e-05,1
3096,11.200156,0
3097,2e-05,0
3098,0.000556,1
3099,15.276913,0
3100,12.222521,0
3101,3.6e-05,1
3102,3.9e-05,1
3103,14.556006,0
3104,7e-06,1
3105,2e-06,1
3106,8.6e-05,1
3107,7e-06,1
3108,1.2e-05,1
3109,10.80896,0
3110,1.5e-05,0
3111,8.9e-05,1
3112,0.000124,1
3113,12.650571,0
3114,10.393949,1
3115,0.000678,1
3116,10.394968,1
3117,16.661547,1
3118,13.453422,0
3119,12.101968,0
3120,4.3e-05,1
3121,6e-06,0
3122,12.370808,1
3123,13.733908,1
3124,2e-06,1
3125,5.6e-05,1
3126,8.708669,0
3127,1e-06,0
3128,0.00035,1
3129,0.0001,1
3130,8e-06,1
3131,1e-06,0
3132,13.030326,1
3133,5e-06,0
3134,1e-05,1
3135,10.856641,0
3136,12.737129,0
3137,1.5e-05,1
3138,3.2e-05,1
3139,5.8e-05,1
3140,12.903262,1
3141,10.69817,1
3142,12.138222,0
3143,2.6e-05,0
3144,14.795823,1
3145,8e-06,1
3146,12.006651,1
3147,13.249689,0
3148,1e-06,0
3149,11.073397,0
3150,11.588063,0
3151,11.052853,0
3152,14.127584,0
3153,14.178649,0
3154,13.782919,1
3155,2.4e-05,1
3156,1.4e-05,1
3157,0.000136,1
3158,3.1e-05,0
3159,8.8e-05,1
3160,14.241706,1
3161,1.1e-05,1
3162,11.429369,0
3163,15.571363,0
3164,8.5e-05,1
3165,11.03213,1
3166,11.988183,1
3167,13.000453,1
3168,4.5e-05,1
3169,0.000239,1
3170,12.929343,0
3171,1e-06,0
3172,13.771179,0
3173,16.485962,1
3174,12.610526,0
3175,11.213152,1
3176,11.610674,1
3177,19.484751,1
3178,5e-06,0
3179,3.1e-05,1
3180,1e-06,1
3181,1.1e-05,1
3182,13.70347,1
3183,13.575774,0
3184,13.252649,1
3185,9.150448,0
3186,10.233464,1
3187,14.399302,0
3188,2e-06,0
3189,14.66817,1
3190,4.7e-05,0
3191,17.30645,1
3192,14.099006,1
3193,1.5e-05,1
3194,13.943175,0
3195,6e-06,1
3196,12.502007,0
3197,11.551282,0
3198,1e-06,1
3199,8.932555,0
3200,0.000142,1
3201,10.914313,1
3202,15.260458,0
3203,2e-06,1
3204,13.392127,1
3205,2.1e-05,1
3206,11.132278,0
3207,3.6e-05,1
3208,0.0001,1
3209,0.000105,1
3210,9.762157,1
3211,1e-05,1
3212,15.274736,0
3213,12.341849,0
3214,13.51288,1
3215,15.260511,1
3216,1.5e-05,1
3217,16.291637,1
3218,9.69449,1
3219,2.1e-05,0
3220,14.470164,1
3221,13.718603,1
3222,0.00012,0
3223,9.854437,0
3224,15.030518,0
3225,10.764387,1
3226,0.000279,1
3227,18.111731,1
3228,15.241657,1
3229,14.003587,1
3230,14.448908,0
3231,9.59361,0
3232,12.096196,0
3233,10.837529,1
3234,3e-06,1
3235,12.746827,0
3236,9.566356,0
3237,11.584829,1
3238,2e-05,1
3239,4.3e-05,1
3240,14.162183,1
3241,12.90074,1
3242,13.868773,1
3243,9.744476,0
3244,14.750656,0
3245,9.957228,0
3246,14.866306,1
3247,15.051116,1
3248,15.232315,1
3249,11.064314,1
3250,6e-06,0
3251,12.651505,1
3252,10.771765,1
3253,9.101534,0
3254,11.730579,1
3255,3e-06,1
3256,9.288884,0
3257,13.022758,1
3258,12.087433,1
3259,3.3e-05,1
3260,2e-06,0
3261,7.7e-05,1
3262,12.673051,0
3263,1.3e-05,0
3264,11.632183,0
3265,13.626806,0
3266,11.351119,0
3267,8e-06,1
3268,12.372389,1
3269,15.373623,1
3270,13.360309,0
3271,0.000116,1
3272,0.0,0
3273,1e-06,0
3274,12.720963,1
3275,6e-06,0
3276,2e-06,1
3277,12.628592,0
3278,11.831813,0
3279,1.8e-05,0
3280,11.949467,1
3281,17.358032,0
3282,11.178656,0
3283,11.817379,0
3284,0.00011,1
3285,6e-06,1
3286,1.2e-05,1
3287,10.104433,1
3288,1.4e-05,1
3289,12.062809,1
3290,12.069149,0
3291,0.000116,1
3292,14.518323,0
3293,9e-06,1
3294,5e-06,1
3295,13.921328,1
3296,0.000147,1
3297,14.676506,0
3298,11.287285,0
3299,8e-06,1
3300,6.4e-05,0
3301,3e-06,1
3302,7e-06,1
3303,15.944782,1
3304,16.631676,1
3305,11.53443,1
3306,9.010841,0
3307,13.569403,0
3308,10.857765,0
3309,17.731798,0
3310,0.000172,1
3311,3.9e-05,1
3312,0.000114,1
3313,1e-06,0
3314,0.0,1
3315,12.132376,1
3316,5.7e-05,1
3317,0.00017,1
3318,12.850822,1
3319,7e-06,1
3320,13.896484,0
3321,11.673758,1
3322,1e-06,1
3323,13.537723,1
3324,13.489196,0
3325,9.963885,0
3326,13.994473,0
3327,4.1e-05,1
3328,3.1e-05,1
3329,1e-06,1
3330,12.412023,0
3331,13.462295,1
3332,1.8e-05,1
3333,11.925183,0
3334,2e-06,0
3335,12.005887,1
3336,17.058439,1
3337,2.6e-05,0
3338,13.243488,0
3339,15.281659,1
3340,11.610386,1
3341,14.389827,1
3342,5e-05,1
3343,9.773226,0
3344,1.7e-05,0
3345,11.575263,0
3346,1.1e-05,1
3347,10.55892,0
3348,13.479013,1
3349,13.793421,0
3350,15.793631,1
3351,3.7e-05,1
3352,12.986318,0
3353,3e-06,0
3354,9.508978,1
3355,3.4e-05,1
3356,1.6e-05,1
3357,10.483996,0
3358,16.188925,1
3359,14.806671,1
3360,12.179285,0
3361,12.144168,1
3362,13.041439,1
3363,10.815536,1
3364,12.392262,1
3365,1.3e-05,1
3366,5e-06,1
3367,12.869243,1
3368,5.2e-05,1
3369,3e-05,0
3370,13.495922,1
3371,2.4e-05,1
3372,4e-06,1
3373,15.420736,1
3374,12.369554,1
3375,14.123618,0
3376,12.523354,1
3377,1.5e-05,0
3378,0.000245,1
3379,12.006302,1
3380,15.592693,1
3381,12.796597,1
3382,17.038012,1
3383,13.382955,1
3384,3.1e-05,1
3385,3.4e-05,1
3386,8.298702,1
3387,15.890029,1
3388,12.690396,1
3389,11.26454,1
3390,7.6e-05,0
3391,10.290604,0
3392,0.000232,1
3393,13.949199,0
3394,17.622087,1
3395,1.5e-05,1
3396,13.503594,0
3397,11.292125,0
3398,12.987985,1
3399,11.070387,1
3400,16.661644,1
3401,11.367313,1
3402,4e-06,0
3403,13.845818,0
3404,12.830797,1
3405,13.081412,0
3406,16.370081,1
3407,9.734509,0
3408,14.219515,0
3409,12.473058,0
3410,13.880213,1
3411,11.447359,1
3412,14.084641,0
3413,14.500738,1
3414,11.184638,0
3415,0.000271,1
3416,13.70193,0
3417,6e-06,1
3418,14.273913,1
3419,7.1e-05,1
3420,11.466187,0
3421,13.224163,1
3422,11.912343,0
3423,13.224885,0
3424,10.690213,1
3425,3.6e-05,1
3426,13.743099,1
3427,14.240209,0
3428,15.865569,1
3429,2e-05,1
3430,12.174225,1
3431,9.998257,1
3432,15.039955,1
3433,7.9e-05,1
3434,12.64684,0
3435,6e-06,1
3436,10.522212,1
3437,6e-06,1
3438,2.1e-05,1
3439,13.01345,0
3440,9.574669,0
3441,8.8e-05,1
3442,14.03897,1
3443,1.1e-05,1
3444,4e-06,1
3445,0.000159,1
3446,0.000186,1
3447,1e-05,1
3448,13.195634,1
3449,13.770614,1
3450,1.2e-05,1
3451,6e-06,0
3452,1.1e-05,1
3453,12.628318,0
3454,14.795874,1
3455,14.831377,1
3456,12.750067,1
3457,12.00969,0
3458,10.387957,0
3459,9.083652,0
3460,3.3e-05,1
3461,9.8e-05,1
3462,0.000138,1
3463,8.742634,0
3464,13.359064,0
3465,2.8e-05,1
3466,12.241611,1
3467,7e-06,0
3468,3.9e-05,1
3469,15.789887,1
3470,3e-06,1
3471,15.555716,1
3472,13.081426,1
3473,1e-06,1
3474,12.815531,1
3475,7e-06,1
3476,13.623242,1
3477,13.0544,1
3478,10.605444,1
3479,12.216314,0
3480,16.483223,1
3481,1.2e-05,0
3482,10.611875,1
3483,15.751465,1
3484,1e-06,0
3485,7.8e-05,1
3486,0.000176,1
3487,14.241819,1
3488,1.5e-05,1
3489,12.839685,0
3490,12.305099,1
3491,1.2e-05,1
3492,14.738173,1
3493,10.175309,1
3494,4e-05,1
3495,13.994545,1
3496,10.641556,0
3497,1.9e-05,1
3498,14.377962,0
3499,15.744962,1
3500,10.429723,1
3501,14.723951,0
3502,1e-06,1
3503,12.686959,1
3504,1.2e-05,1
3505,1e-06,1
3506,4.3e-05,1
3507,15.689375,1
3508,4.7e-05,0
3509,13.051765,1
3510,12.940754,1
3511,10.919868,1
3512,2.1e-05,1
3513,17.4153,1
3514,17.810354,0
3515,11.121452,0
3516,12.035512,1
3517,13.397682,0
3518,12.708061,1
3519,0.000123,1
3520,12.138,1
3521,13.658768,0
3522,8.75005,0
3523,13.003558,1
3524,11.140523,0
3525,9.054608,1
3526,10.851697,1
3527,18.360434,1
3528,11.007388,1
3529,12.256529,1
3530,6.9e-05,1
3531,5e-06,1
3532,15.123697,1
3533,4.3e-05,1
3534,13.244031,0
3535,1.9e-05,1
3536,12.642736,1
3537,11.141365,1
3538,2e-05,1
3539,8.1e-05,1
3540,13.565285,0
3541,7.5e-05,1
3542,11.048418,0
3543,12.987494,1
3544,0.000139,1
3545,0.000308,1
3546,12.977213,0
3547,8e-06,0
3548,13.063408,1
3549,14.727988,0
3550,6e-06,1
3551,12.348004,1
3552,2.5e-05,1
3553,12.179409,0
3554,3e-06,1
3555,10.549158,0
3556,9e-06,0
3557,5e-06,0
3558,0.000157,1
3559,14.299256,1
3560,0.000113,1
3561,12.02473,0
3562,12.587862,1
3563,13.274293,0
3564,14.806667,0
3565,3.5e-05,0
3566,10.462421,0
3567,13.532701,0
3568,12.804381,0
3569,10.603155,0
3570,1.4e-05,1
3571,1e-06,1
3572,15.659784,1
3573,13.610313,1
3574,13.512109,0
3575,14.457461,0
3576,11.070451,0
3577,3e-06,1
3578,14.601499,0
3579,11.760048,1
3580,13.967235,1
3581,15.371777,1
3582,9.794912,0
3583,15.094509,0
3584,10.407906,1
3585,0.00021,1
3586,3e-06,0
3587,11.886943,1
3588,0.002493,1
3589,12.255423,1
3590,12.934905,0
3591,15.095291,1
3592,1.3e-05,1
3593,12.80122,1
3594,10.783528,1
3595,13.912168,0
3596,5.4e-05,1
3597,11.226333,0
3598,17.965847,1
3599,1e-06,1
3600,0.00049,0
3601,3e-06,0
3602,11.47997,1
3603,1e-06,1
3604,13.730053,1
3605,12.758877,1
3606,9.49888,0
3607,14.160064,0
3608,3.5e-05,1
3609,5e-06,0
3610,15.142463,1
3611,10.868002,1
3612,2.8e-05,1
3613,11.515319,0
3614,13.080161,1
3615,9.4e-05,1
3616,9.299834,1
3617,1.6e-05,0
3618,13.473163,0
3619,12.45048,0
3620,1.9e-05,1
3621,15.975298,1
3622,14.240252,1
3623,3.1e-05,0
3624,14.717034,0
3625,11.045582,1
3626,12.392272,0
3627,15.454635,0
3628,1.3e-05,0
3629,12.835747,0
3630,13.418717,0
3631,13.92393,1
3632,7.4e-05,1
3633,11.321478,0
3634,15.558912,1
3635,9.422073,1
3636,14.690004,1
3637,11.373104,0
3638,12.528621,1
3639,1e-06,0
3640,18.647692,0
3641,1e-06,0
3642,12.127684,0
3643,12.920563,1
3644,14.85635,0
3645,10.221516,0
3646,17.665344,1
3647,12.313923,1
3648,11.761817,0
3649,9.091745,0
3650,11.485338,1
3651,2.5e-05,1
3652,11.416759,1
3653,10.176004,1
3654,10.447632,1
3655,11.417605,1
3656,14.43697,1
3657,11.721377,0
3658,13.390049,0
3659,12.484199,0
3660,1e-06,1
3661,8.1e-05,1
3662,11.684264,1
3663,8.8e-05,1
3664,14.725963,1
3665,0.000388,1
3666,3.4e-05,1
3667,16.092054,0
3668,10.79808,0
3669,14.36801,1
3670,18.164093,1
3671,15.024638,1
3672,14.232512,1
3673,1.8e-05,1
3674,13.882986,0
3675,13.391315,0
3676,10.341884,1
3677,0.000136,1
3678,4e-06,1
3679,1.3e-05,0
3680,12.839509,1
3681,12.133759,1
3682,13.496732,0
3683,14.035943,1
3684,2e-06,1
3685,10.075523,0
3686,11.989538,1
3687,0.000831,1
3688,13.507188,1
3689,8e-06,1
3690,3e-05,1
3691,11.996981,0
3692,2e-06,0
3693,4.4e-05,1
3694,1.1e-05,0
3695,1.5e-05,1
3696,7.6e-05,1
3697,15.828453,1
3698,10.407171,1
3699,12.061513,0
3700,15.153712,1
3701,16.050961,1
3702,13.418775,1
3703,14.947542,1
3704,1.1e-05,1
3705,11.748185,0
3706,6e-06,1
3707,5.7e-05,0
3708,10.74157,1
3709,0.000289,1
3710,10.454676,0
3711,4e-05,1
3712,12.626636,1
3713,0.000175,1
3714,14.849339,1
3715,5e-05,1
3716,2e-06,1
3717,0.000134,0
3718,16.268637,1
3719,13.381472,1
3720,14.813439,0
3721,15.111005,1
3722,5.5e-05,1
3723,10.598845,0
3724,9.972179,0
3725,0.000464,1
3726,0.000209,1
3727,11.593033,0
3728,8.2e-05,1
3729,1.7e-05,1
3730,10.741035,0
3731,15.400769,1
3732,15.419066,1
3733,15.256796,1
3734,0.000313,1
3735,6e-06,0
3736,9.706718,0
3737,12.996611,1
3738,12.16977,1
3739,1.9e-05,1
3740,0.000315,1
3741,11.31941,0
3742,15.432356,0
3743,11.020551,0
3744,9.572852,1
3745,11.505384,1
3746,10.359745,1
3747,13.750213,1
3748,5e-06,1
3749,0.000154,1
3750,12.614899,1
3751,13.718644,0
3752,5e-06,0
3753,11.769128,0
3754,14.947293,1
3755,11.866156,0
3756,12.802812,1
3757,10.474101,0
3758,0.000308,1
3759,13.145381,0
3760,0.000215,1
3761,12.048065,0
3762,9.860781,1
3763,11.923367,1
3764,10.535783,1
3765,2.2e-05,1
3766,13.365381,1
3767,11.125667,0
3768,13.318179,0
3769,0.0006,1
3770,11.195274,1
3771,14.240766,0
3772,10.489539,1
3773,13.674253,1
3774,14.561233,1
3775,14.677436,1
3776,15.413619,0
3777,10.299275,0
3778,5e-06,1
3779,0.000165,1
3780,11.261472,1
3781,16.342062,1
3782,11.757716,1
3783,12.894918,1
3784,10.835093,1
3785,2.6e-05,1
3786,5e-06,0
3787,9.60397,0
3788,1e-05,1
3789,14.536959,0
3790,11.715643,1
3791,13.678714,1
3792,13.528171,0
3793,7.3e-05,1
3794,4e-06,1
3795,12.631649,0
3796,14.870786,1
3797,15.623889,1
3798,8.272355,0
3799,12.788884,1
3800,4e-06,1
3801,2e-06,1
3802,14.40871,0
3803,3.3e-05,1
3804,0.000121,1
3805,1.3e-05,1
3806,13.836928,0
3807,13.512512,0
3808,15.0599,1
3809,3e-06,0
3810,13.600842,1
3811,12.438896,0
3812,3.8e-05,1
3813,12.940563,1
3814,13.92856,1
3815,11.150833,1
3816,11.49581,0
3817,12.210974,0
3818,13.981144,0
3819,15.70194,1
3820,7.2e-05,1
3821,3e-05,1
3822,11.868305,0
3823,14.134185,1
3824,12.528691,0
3825,13.250178,1
3826,9.646874,1
3827,12.091946,0
3828,5e-06,1
3829,12.292832,1
3830,12.075623,0
3831,1e-05,1
3832,13.115184,0
3833,7.2e-05,1
3834,15.072717,0
3835,11.931214,0
3836,0.000235,1
3837,3e-06,0
3838,13.656428,0
3839,13.267904,0
3840,10.200426,1
3841,6e-06,1
3842,4e-05,1
3843,11.091022,0
3844,1.4e-05,0
3845,11.111549,0
3846,12.475566,1
3847,9.949609,1
3848,12.727508,0
3849,6e-06,1
3850,9.31657,0
3851,0.000148,1
3852,13.591415,1
3853,5.6e-05,1
3854,0.000292,1
3855,13.833433,0
3856,11.928187,0
3857,0.000184,1
3858,6.8e-05,1
3859,9.175576,0
3860,13.81099,0
3861,10.746695,1
3862,11.334536,0
3863,8.3e-05,1
3864,3.8e-05,1
3865,11.284333,0
3866,10.821133,1
3867,14.639475,1
3868,15.534242,0
3869,1e-06,1
3870,0.000256,1
3871,0.0,1
3872,11.945877,0
3873,11.120232,0
3874,12.216915,1
3875,12.606461,1
3876,19.191921,1
3877,1e-05,1
3878,4.5e-05,1
3879,1.5e-05,1
3880,17.495747,1
3881,11.432678,1
3882,0.000524,1
3883,3e-06,1
3884,9.996454,0
3885,0.000195,1
3886,8e-06,0
3887,11.979501,0
3888,14.929346,1
3889,3e-06,1
3890,13.242109,1
3891,7e-06,1
3892,14.021526,1
3893,14.77882,0
3894,14.360999,0
3895,11.384056,1
3896,11.025753,0
3897,1.5e-05,1
3898,9.546843,0
3899,12.876716,0
3900,11.497462,0
3901,11.870641,1
3902,11.372634,0
3903,13.162969,0
3904,4.4e-05,1
3905,13.37282,0
3906,1e-06,0
3907,1e-06,1
3908,12.46042,1
3909,10.779429,0
3910,13.407729,1
3911,10.965456,1
3912,10.147931,1
3913,2.4e-05,1
3914,4e-06,1
3915,12.078288,1
3916,14.187407,1
3917,10.049252,0
3918,13.933499,0
3919,0.000201,1
3920,13.201593,1
3921,6e-06,1
3922,12.244824,0
3923,13.346318,1
3924,1e-06,1
3925,12.979909,1
3926,15.49888,0
3927,4.4e-05,1
3928,14.323665,1
3929,4e-06,0
3930,11.972712,1
3931,8.726071,0
3932,13.702503,1
3933,16.542486,1
3934,12.476925,0
3935,9.554965,1
3936,12.2875,1
3937,11.459909,1
3938,2.2e-05,1
3939,12.705319,0
3940,0.000233,1
3941,2.4e-05,1
3942,12.039701,1
3943,13.249517,1
3944,14.435078,1
3945,11.615196,0
3946,4.6e-05,1
3947,9.993431,0
3948,2.1e-05,1
3949,10.048788,0
3950,12.15459,1
3951,3e-06,1
3952,2.7e-05,1
3953,13.709881,1
3954,10.803114,0
3955,13.898553,0
3956,16.12249,1
3957,12.777686,0
3958,0.000173,1
3959,16.398886,1
3960,1.3e-05,1
3961,6.6e-05,1
3962,11.048859,0
3963,16.362019,1
3964,2.2e-05,1
3965,6e-06,1
3966,16.69326,1
3967,13.885652,1
3968,3e-06,1
3969,13.767358,1
3970,10.287235,1
3971,3e-05,1
3972,10.3456,0
3973,0.000176,1
3974,6.9e-05,1
3975,8e-06,1
3976,3e-06,1
3977,8.72723,0
3978,13.863015,0
3979,6e-06,1
3980,17.912359,1
3981,8e-06,1
3982,10.297985,1
3983,10.758039,1
3984,12.307438,1
3985,10.887636,0
3986,10.762041,0
3987,1.8e-05,1
3988,0.000109,1
3989,0.000185,1
3990,15.585986,1
3991,17.828251,0
3992,1.8e-05,0
3993,13.574086,1
3994,2e-06,1
3995,16.300663,1
3996,10.758552,0
3997,12.770157,0
3998,13.987976,0
3999,6e-06,0
4000,9.7126,0
4001,11.688992,1
4002,14.505848,0
4003,0.000114,1
4004,18.83713,1
4005,10.488625,0
4006,13.836136,1
4007,11.332984,0
4008,11.831772,0
4009,9.102858,1
4010,11.902643,1
4011,13.055514,1
4012,14.923888,1
4013,5.2e-05,1
4014,1.3e-05,1
4015,3e-06,1
4016,11.343974,0
4017,1.5e-05,1
4018,2.5e-05,1
4019,12.016457,0
4020,2.2e-05,1
4021,13.910059,0
4022,12.035223,1
4023,0.000148,1
4024,5.1e-05,1
4025,15.622115,1
4026,4e-06,0
4027,13.782307,1
4028,1.8e-05,1
4029,2e-05,0
4030,2.1e-05,1
4031,7e-06,1
4032,11.715298,1
4033,10.666535,0
4034,7.2e-05,1
4035,13.110071,1
4036,11.497437,1
4037,12.409476,0
4038,4.7e-05,1
4039,0.000562,1
4040,5.7e-05,1
4041,11.930006,1
4042,10.674883,1
4043,11.251732,0
4044,7e-05,1
4045,1.8e-05,1
4046,6e-06,1
4047,9.440196,0
4048,7.1e-05,1
4049,10.935301,1
4050,0.000337,1
4051,6.3e-05,1
4052,8e-06,0
4053,4e-06,0
4054,1.5e-05,1
4055,8.3e-05,1
4056,12.235137,1
4057,13.760741,1
4058,2.5e-05,1
4059,15.183297,1
4060,14.46251,0
4061,1e-06,1
4062,12.312251,0
4063,13.21205,0
4064,17.097557,0
4065,8.3e-05,1
4066,13.343679,1
4067,4e-06,1
4068,11.096334,1
4069,11.509528,0
4070,12.164391,1
4071,12.987134,0
4072,11.229664,0
4073,14.90008,1
4074,1.2e-05,1
4075,8.381947,1
4076,8.1e-05,1
4077,5.8e-05,1
4078,13.45307,0
4079,11.579453,1
4080,3e-06,1
4081,1e-06,1
4082,13.46345,1
4083,1.1e-05,1
4084,5e-06,0
4085,12.316132,0
4086,5e-06,1
4087,8.884131,0
4088,11.646203,0
4089,11.023373,0
4090,12.020987,0
4091,12.883199,1
4092,13.014151,1
4093,10.574902,1
4094,2e-06,0
4095,13.210181,0
4096,8.7e-05,1
4097,14.589993,0
4098,12.920776,1
4099,0.000411,1
4100,8e-06,0
4101,7.1e-05,1
4102,12.748673,0
4103,12.944518,1
4104,15.018519,0
4105,11.322361,0
4106,11.29493,1
4107,15.158023,1
4108,1.1e-05,1
4109,6e-06,0
4110,0.000166,1
4111,9.820792,0
4112,1e-06,1
4113,0.0,1
4114,12.026197,1
4115,8.736144,0
4116,11.145456,1
4117,10.531837,0
4118,4e-06,1
4119,0.000296,1
4120,13.646671,0
4121,12.196283,0
4122,13.302453,1
4123,1e-05,1
4124,12.138386,0
4125,15.474505,0
4126,7.1e-05,1
4127,12.375153,1
4128,5.8e-05,1
4129,2e-06,0
4130,14.414196,1
4131,10.232464,0
4132,11.83628,0
4133,2.9e-05,1
4134,11.572651,1
4135,3e-06,1
4136,13.720201,0
4137,12.97471,1
4138,11.676543,0
4139,12.267356,0
4140,14.778734,1
4141,13.160273,1
4142,11.09509,1
4143,14.497797,1
4144,1.9e-05,1
4145,0.000337,0
4146,11.351001,0
4147,16.377348,1
4148,10.632097,0
4149,16.758068,1
4150,14.125953,1
4151,11.624465,0
4152,0.000129,1
4153,10.514194,0
4154,11.052999,0
4155,11.691749,0
4156,18.165445,1
4157,10.801353,0
4158,12.967522,1
4159,0.000234,1
4160,3.5e-05,1
4161,13.919967,0
4162,13.002852,1
4163,10.477581,1
4164,10.128313,0
4165,12.159039,1
4166,10.625052,1
4167,11.663774,1
4168,0.0,1
4169,16.013233,1
4170,4.4e-05,1
4171,13.697897,0
4172,2.8e-05,1
4173,12.022631,1
4174,0.000144,1
4175,10.640351,1
4176,8.1e-05,1
4177,1.6e-05,1
4178,5e-06,1
4179,1.6e-05,1
4180,6e-06,1
4181,2e-05,1
4182,16.163242,1
4183,13.532908,1
4184,10.124116,0
4185,10.514519,0
4186,12.197538,1
4187,1.7e-05,1
4188,0.000456,1
4189,13.893788,1
4190,13.721541,1
4191,9.675228,1
4192,0.000167,1
4193,0.000118,1
4194,13.351591,0
4195,12.578052,0
4196,15.958072,0
4197,2e-06,0
4198,0.0,1
4199,18.352348,1
4200,13.329658,1
4201,13.23418,1
4202,3.3e-05,0
4203,13.412448,0
4204,11.257229,0
4205,10.193628,1
4206,11.439795,0
4207,16.152842,1
4208,10.29647,1
4209,10.792411,0
4210,11.184157,0
4211,11.519115,1
4212,10.86106,1
4213,16.204353,0
4214,15.424666,1
4215,13.366853,1
4216,11.35242,1
4217,4.8e-05,1
4218,13.07726,1
4219,9.757737,0
4220,1.5e-05,1
4221,9.289605,1
4222,6.4e-05,0
4223,14.928882,0
4224,19.756973,1
4225,2.1e-05,0
4226,13.443248,1
4227,1e-06,1
4228,8.486838,0
4229,13.316473,1
4230,12.793325,0
4231,11.171162,0
4232,1e-06,1
4233,3e-06,1
4234,14.997363,1
4235,10.004653,1
4236,13.173709,1
4237,11.275747,1
4238,11.470864,1
4239,0.000203,1
4240,18.851746,1
4241,14.630474,0
4242,1.5e-05,1
4243,10.202135,0
4244,5e-06,1
4245,3.5e-05,1
4246,5e-06,1
4247,1.5e-05,1
4248,0.000123,1
4249,5.5e-05,1
4250,18.178198,1
4251,6.3e-05,1
4252,7e-06,1
4253,10.000374,1
4254,0.000299,1
4255,12.769611,1
4256,14.771299,0
4257,13.540467,0
4258,9.882281,1
4259,5e-06,1
4260,4.9e-05,1
4261,13.039826,1
4262,14.103827,0
4263,0.000199,1
4264,10.396162,0
4265,9.2e-05,1
4266,16.316032,0
4267,13.191828,0
4268,0.000252,1
4269,11.642567,1
4270,12.452265,1
4271,6e-06,1
4272,16.317413,0
4273,2.2e-05,1
4274,3e-06,1
4275,15.995208,0
4276,12.927413,0
4277,11.67065,1
4278,15.630392,0
4279,12.807143,1
4280,1.9e-05,1
4281,12.343771,0
4282,10.791255,0
4283,13.912545,1
4284,2.7e-05,1
4285,0.000117,1
4286,11.585869,1
4287,6.4e-05,0
4288,14.499798,0
4289,10.479399,0
4290,3e-05,1
4291,10.23379,0
4292,14.207987,0
4293,1e-06,1
4294,10.854239,1
4295,16.95331,0
4296,11.9561,1
4297,0.000298,1
4298,4e-05,1
4299,9.782006,0
4300,10.820221,1
4301,10.502051,0
4302,15.701997,0
4303,12.215393,0
4304,14.101676,0
4305,13.245725,0
4306,9.250817,0
4307,0.000431,1
4308,11.592909,0
4309,0.000112,0
4310,0.00058,1
4311,14.416266,0
4312,4e-06,1
4313,1e-05,1
4314,15.278806,1
4315,11.200356,0
4316,8e-06,1
4317,16.597704,1
4318,10.183373,1
4319,8.997878,0
4320,3.8e-05,1
4321,12.851748,1
4322,13.290243,0
4323,0.000287,1
4324,0.0,1
4325,14.762679,1
4326,11.297425,0
4327,0.000156,1
4328,13.118587,0
4329,0.000115,1
4330,10.564361,1
4331,13.778507,1
4332,9.6e-05,1
4333,12.865033,1
4334,10.062976,0
4335,11.71001,0
4336,4e-06,1
4337,16.674486,1
4338,11.656501,1
4339,10.485721,0
4340,13.263916,1
4341,1.6e-05,1
4342,11.035618,0
4343,0.000104,1
4344,10.554288,0
4345,1e-06,1
4346,10.809469,1
4347,14.847194,1
4348,1.4e-05,1
4349,0.000337,1
4350,11.71956,1
4351,1.1e-05,1
4352,13.451374,1
4353,12.357079,0
4354,10.657532,1
4355,10.41967,0
4356,14.521068,0
4357,5.7e-05,1
4358,1.9e-05,0
4359,13.574622,1
4360,10.999673,0
4361,11.195313,1
4362,1.9e-05,1
4363,1.4e-05,1
4364,17.431644,1
4365,12.253634,0
4366,9.995946,1
4367,15.240479,1
4368,16.080523,0
4369,2e-06,0
4370,4e-06,0
4371,2.1e-05,1
4372,11.564873,1
4373,6e-06,0
4374,1e-05,1
4375,11.869129,1
4376,13.290086,0
4377,13.176426,0
4378,15.455315,1
4379,12.938108,1
4380,2.3e-05,1
4381,15.47812,0
4382,1.7e-05,0
4383,11.158894,1
4384,2e-06,0
4385,13.143151,0
4386,17.578657,1
4387,0.0,0
4388,9.478664,0
4389,14.055551,1
4390,1.8e-05,1
4391,3e-06,1
4392,0.001347,1
4393,9.551319,0
4394,1.1e-05,1
4395,9.997185,0
4396,0.0,0
4397,0.000257,1
4398,3e-06,1
4399,12.298722,1
4400,8.645738,1
4401,9.273172,0
4402,0.000173,1
4403,1e-06,1
4404,18.112709,1
4405,6e-06,1
4406,0.000293,1
4407,0.0,0
4408,8e-06,0
4409,9e-06,1
4410,11.295509,0
4411,17.793333,1
4412,10.205612,1
4413,11.883473,1
4414,6.9e-05,1
4415,1.2e-05,0
4416,7.5e-05,1
4417,0.000108,1
4418,8.3e-05,0
4419,10.404288,0
4420,13.701175,1
4421,1.8e-05,1
4422,11.571509,0
4423,10.913014,0
4424,9e-06,1
4425,12.1027,1
4426,11.156122,0
4427,1e-05,1
4428,6e-06,1
4429,0.000217,1
4430,8.9e-05,1
4431,13.499202,1
4432,11.597917,0
4433,12.08519,1
4434,12.505355,1
4435,2e-06,0
4436,9.278916,1
4437,11.884316,1
4438,11.396931,0
4439,1.8e-05,1
4440,14.477051,1
4441,5e-06,1
4442,11.939769,1
4443,12.268613,0
4444,8.727387,0
4445,1.1e-05,1
4446,2e-06,0
4447,1.8e-05,1
4448,0.00016,1
4449,3e-06,1
4450,11.179498,0
4451,7.8e-05,1
4452,11.066019,1
4453,10.228697,1
4454,3e-06,1
4455,8e-06,1
4456,12.429004,0
4457,11.580499,0
4458,0.000183,1
4459,1.3e-05,1
4460,2e-05,0
4461,2.5e-05,1
4462,15.64432,1
4463,1.6e-05,0
4464,14.572247,1
4465,0.000157,1
4466,8.229874,0
4467,11.946332,0
4468,11.491796,1
4469,15.785062,0
4470,4.8e-05,1
4471,3.2e-05,0
4472,12.066741,0
4473,13.072463,0
4474,10.493618,0
4475,14.83531,0
4476,1.6e-05,0
4477,2.2e-05,1
4478,7e-06,0
4479,10.303926,1
4480,14.651356,1
4481,10.683928,0
4482,15.691488,1
4483,14.152544,0
4484,13.795314,1
4485,12.165064,0
4486,11.653713,0
4487,0.0,1
4488,16.929623,1
4489,1.8e-05,1
4490,12.865545,1
4491,12.637342,0
4492,11.313701,0
4493,16.288006,1
4494,2.2e-05,1
4495,14.356045,1
4496,11.510536,1
4497,6e-06,0
4498,12.41567,0
4499,2.4e-05,0
4500,10.72775,1
4501,14.472207,1
4502,11.332248,1
4503,12.647489,0
4504,5.6e-05,1
4505,12.950943,0
4506,12.790705,1
4507,5.3e-05,1
4508,1e-05,1
4509,1.8e-05,1
4510,12.581635,1
4511,2e-06,1
4512,10.138929,0
4513,15.093592,1
4514,12.549753,1
4515,10.448691,0
4516,7.590254,1
4517,10.691439,1
4518,9.550974,1
4519,4e-06,1
4520,14.486913,1
4521,15.208396,1
4522,1e-06,0
4523,0.0,0
4524,13.487372,1
4525,8.973556,0
4526,13.73028,1
4527,13.740058,1
4528,11.481232,0
4529,9e-06,1
4530,13.112413,1
4531,10.859566,0
4532,10.11144,0
4533,6.949032,1
4534,0.000123,1
4535,8e-06,1
4536,6.1e-05,1
4537,9.767076,0
4538,2e-05,1
4539,10.573124,0
4540,14.381726,1
4541,7.5e-05,1
4542,0.000209,1
4543,11.997163,1
4544,11.11668,0
4545,1e-06,0
4546,4.2e-05,1
4547,17.620716,1
4548,5e-06,1
4549,1.1e-05,1
4550,11.807486,0
4551,12.870405,1
4552,11.281752,1
4553,0.0,1
4554,13.363872,1
4555,1.8e-05,1
4556,8e-06,0
4557,10.780081,1
4558,7e-06,1
4559,10.550996,1
4560,8e-06,0
4561,8.2e-05,1
4562,11.775254,1
4563,11.9862,1
4564,2.2e-05,0
4565,3.9e-05,1
4566,12.900636,0
4567,14.859992,1
4568,3.1e-05,1
4569,2.4e-05,1
4570,11.006234,1
4571,13.001092,1
4572,4.1e-05,1
4573,12.457811,0
4574,13.132959,1
4575,9.5e-05,1
4576,9.809071,0
4577,16.483768,0
4578,11.760186,0
4579,13.787485,0
4580,16.431705,1
4581,10.862115,0
4582,8.3e-05,0
4583,2e-06,1
4584,5.1e-05,1
4585,13.4185,0
4586,1e-06,0
4587,9.78763,0
4588,12.936641,1
4589,8.8e-05,1
4590,14.298501,1
4591,0.000266,1
4592,11.589331,0
4593,4.7e-05,1
4594,1.4e-05,1
4595,13.299623,0
4596,7.1e-05,1
4597,3.3e-05,1
4598,0.000144,1
4599,14.255381,0
4600,10.072136,0
4601,0.000359,1
4602,13.107908,0
4603,14.468855,1
4604,11.161699,0
4605,12.893104,0
4606,0.000162,1
4607,3e-05,1
4608,11.902793,0
4609,1e-06,1
4610,13.672007,1
4611,12.798199,1
4612,12.719671,0
4613,12.899523,0
4614,1.4e-05,1
4615,9.836743,0
4616,5.9e-05,1
4617,11.937167,1
4618,3e-05,1
4619,9.544977,1
4620,13.375989,1
4621,13.4838,0
4622,12.373086,0
4623,9.812431,0
4624,2e-06,0
4625,12.233303,1
4626,1.2e-05,0
4627,11.13017,1
4628,11.698036,1
4629,14.85805,0
4630,4.4e-05,1
4631,9.2e-05,1
4632,1.1e-05,0
4633,9e-06,1
4634,0.000321,1
4635,13.328456,0
4636,17.918743,1
4637,2e-06,1
4638,9.8e-05,1
4639,13.330112,1
4640,12.880329,0
4641,11.507572,0
4642,10.205071,1
4643,0.00046,1
4644,10.756591,1
4645,13.462395,0
4646,12.192645,0
4647,13.563175,0
4648,10.295456,0
4649,1.2e-05,1
4650,9.860635,0
4651,11.876006,0
4652,19.083284,1
4653,0.000361,1
4654,14.23549,0
4655,11.893457,1
4656,2e-06,1
4657,11.816395,0
4658,10.185033,1
4659,4e-06,1
4660,0.000179,1
4661,1e-06,1
4662,1e-06,1
4663,9e-06,1
4664,0.000197,1
4665,14.681735,1
4666,9.867848,0
4667,12.306993,1
4668,14.126512,0
4669,1e-05,1
4670,7e-06,1
4671,11.5701,1
4672,12.446897,1
4673,1.1e-05,1
4674,10.422373,1
4675,11.814972,1
4676,13.049968,0
4677,10.671206,0
4678,11.120962,0
4679,11.981918,0
4680,17.758276,1
4681,12.272399,0
4682,9.948103,1
4683,12.549058,1
4684,3.2e-05,1
4685,2.7e-05,1
4686,14.90587,0
4687,12.572713,1
4688,13.221208,0
4689,13.430661,1
4690,13.173038,1
4691,4e-06,0
4692,13.285374,0
4693,13.779541,1
4694,14.003491,0
4695,8.897363,1
4696,13.707271,0
4697,1e-06,0
4698,4e-06,1
4699,15.413037,1
4700,9.068944,0
4701,10.521546,0
4702,12.858222,0
4703,14.480432,0
4704,13.92892,1
4705,11.755899,1
4706,4e-06,0
4707,11.20255,1
4708,13.174496,1
4709,2.8e-05,1
4710,12.226651,0
4711,9.832901,0
4712,0.0,0
4713,4e-06,1
4714,17.639568,1
4715,12.211861,1
4716,10.844523,1
4717,10.763575,0
4718,13.017475,0
4719,1e-06,1
4720,11.037369,0
4721,18.674126,1
4722,3e-06,1
4723,13.47889,0
4724,15.25459,0
4725,0.0,1
4726,1.3e-05,0
4727,0.000143,1
4728,5e-06,0
4729,12.500559,1
4730,0.000636,1
4731,12.049216,0
4732,13.502879,1
4733,1e-05,1
4734,12.604723,1
4735,0.000362,1
4736,12.663937,1
4737,12.953916,0
4738,10.252565,1
4739,17.918661,1
4740,10.018512,1
4741,12.459948,0
4742,13.110545,0
4743,11.986898,0
4744,4.9e-05,1
4745,3e-06,1
4746,0.000347,1
4747,6e-06,1
4748,0.000409,1
4749,2e-06,0
4750,12.614603,1
4751,11.587087,0
4752,5.5e-05,1
4753,10.772601,0
4754,11.45114,1
4755,11.943102,0
4756,5.8e-05,1
4757,10.622217,1
4758,1.1e-05,0
4759,1e-06,0
4760,9.6e-05,1
4761,4.1e-05,1
4762,2.4e-05,1
4763,13.795398,1
4764,3.2e-05,1
4765,0.000285,1
4766,16.156576,0
4767,15.283799,1
4768,11.240685,0
4769,12.610622,1
4770,1.5e-05,1
4771,15.844054,1
4772,10.676777,0
4773,10.624366,1
4774,11.979105,0
4775,10.727907,0
4776,1e-06,1
4777,15.728746,0
4778,15.607388,1
4779,10.32563,0
4780,6e-06,0
4781,11.764943,0
4782,12.582936,1
4783,1.8e-05,1
4784,1.6e-05,1
4785,11.871079,1
4786,12.20488,1
4787,11.884443,0
4788,13.541478,1
4789,17.46866,1
4790,12.445432,0
4791,9.827815,0
4792,16.668608,0
4793,1.8e-05,1
4794,11.53045,0
4795,10.08233,0
4796,13.323431,0
4797,12.832228,1
4798,10.879093,0
4799,0.0,1
4800,9.452487,1
4801,1e-05,1
4802,3e-06,0
4803,1.5e-05,1
4804,7.2e-05,1
4805,12.831036,1
4806,16.860958,1
4807,10.189124,0
4808,5e-06,1
4809,5e-05,1
4810,11.183526,1
4811,16.064119,1
4812,1.8e-05,1
4813,15.472865,1
4814,12.543255,1
4815,16.240082,0
4816,7e-06,1
4817,2.1e-05,1
4818,13.697127,1
4819,1e-06,0
4820,10.800517,0
4821,11.634438,1
4822,6.9e-05,1
4823,6e-06,0
4824,0.000119,1
4825,11.580106,0
4826,16.8855,1
4827,5.9e-05,0
4828,3.1e-05,1
4829,12.921622,1
4830,9.380531,0
4831,12.993499,0
4832,13.478597,1
4833,16.051228,0
4834,2.1e-05,1
4835,11.910796,1
4836,11.024069,0
4837,9.598592,1
4838,2.8e-05,1
4839,13.695122,1
4840,1e-05,1
4841,8e-05,1
4842,1e-06,0
4843,9.2e-05,1
4844,15.299709,1
4845,10.508688,1
4846,12.337999,0
4847,16.254364,1
4848,1e-06,0
4849,14.955113,1
4850,12.39085,1
4851,12.331343,0
4852,2.5e-05,1
4853,11.070925,1
4854,11.931379,0
4855,12.97626,1
4856,13.4433,0
4857,1.9e-05,1
4858,2e-06,1
4859,11.381458,0
4860,10.336319,1
4861,10.891366,1
4862,13.038668,1
4863,13.865443,1
4864,1.7e-05,1
4865,11.209746,1
4866,0.0,1
4867,13.996615,0
4868,10.991676,0
4869,13.19254,0
4870,13.141366,0
4871,11.33485,0
4872,7.4e-05,1
4873,1e-06,1
4874,3e-06,0
4875,0.0,1
4876,15.295453,0
4877,3.8e-05,1
4878,6.7e-05,1
4879,2.2e-05,1
4880,2.2e-05,1
4881,12.902155,1
4882,13.242207,1
4883,2e-06,0
4884,16.130703,1
4885,14.16874,1
4886,7.417604,0
4887,14.290087,0
4888,11.800899,0
4889,9.873649,1
4890,12.726665,1
4891,12.01263,1
4892,8e-06,0
4893,18.624804,1
4894,13.236746,1
4895,11.612374,1
4896,17.297266,1
4897,14.080315,0
4898,14.672537,1
4899,11.442894,1
4900,2e-06,0
4901,15.363764,1
4902,2e-06,0
4903,16.430191,0
4904,17.01965,0
4905,5e-06,1
4906,9.242804,1
4907,11.102112,0
4908,12.112831,1
4909,7e-06,1
4910,5.3e-05,1
4911,11.935678,1
4912,15.861268,0
4913,14.140461,0
4914,14.521832,1
4915,9.708794,0
4916,12.362086,0
4917,9.039636,0
4918,6.5e-05,1
4919,11.336998,0
4920,16.332874,1
4921,11.530085,0
4922,12.631223,0
4923,9.111905,0
4924,12.595744,0
4925,5e-06,0
4926,14.698392,1
4927,1.8e-05,1
4928,5.9e-05,1
4929,11.375724,0
4930,13.207435,1
4931,9.359925,0
4932,8e-06,0
4933,0.000175,1
4934,0.000769,1
4935,14.642601,1
4936,13.620095,1
4937,14.116377,0
4938,7.7e-05,1
4939,2e-06,1
4940,11.484364,0
4941,10.124358,0
4942,11.102905,1
4943,10.137534,1
4944,14.454156,0
4945,0.000249,0
4946,8e-06,1
4947,5e-06,1
4948,0.0,0
4949,1e-06,1
4950,3e-06,1
4951,12.049588,0
4952,2e-05,1
4953,8.821958,0
4954,12.350294,0
4955,12.740576,1
4956,19.263552,1
4957,10.386437,1
4958,13.005257,0
4959,11.798207,1
4960,15.139446,1
4961,11.501875,1
4962,1e-06,1
4963,8.861606,1
4964,2e-06,1
4965,11.376711,1
4966,2e-06,0
4967,13.716679,1
4968,7e-06,0
4969,13.89941,1
4970,12.223777,0
4971,0.000168,1
4972,10.996958,0
4973,0.000155,1
4974,2.1e-05,1
4975,0.000124,1
4976,3e-06,1
4977,13.178427,0
4978,2.4e-05,1
4979,6e-06,1
4980,3e-06,0
4981,11.1987,0
4982,11.131021,0
4983,9.009048,1
4984,14.513525,1
4985,11.073079,1
4986,15.204207,0
4987,4e-06,1
4988,9.783426,1
4989,2.4e-05,1
4990,6.8e-05,1
4991,12.075721,0
4992,8.7e-05,1
4993,14.412884,0
4994,11.735511,1
4995,10.55479,1
4996,4e-06,1
4997,7.3e-05,1
4998,7e-05,1
4999,13.967259,1
5000,1.7e-05,1
5001,0.000185,1
5002,1e-06,0
5003,6e-06,1
5004,10.001541,1
5005,3e-06,1
5006,5e-06,0
5007,0.000185,1
5008,15.49679,0
5009,13.599717,0
5010,11.592102,1
5011,17.543489,0
5012,1.3e-05,1
5013,15.21904,1
5014,14.249973,1
5015,8.896223,1
5016,10.054849,0
5017,1e-06,1
5018,5.4e-05,1
5019,11.023625,1
5020,13.751319,1
5021,12.130408,1
5022,17.942471,1
5023,7.7e-05,1
5024,11.158139,0
5025,13.105561,0
5026,0.000271,1
5027,1e-06,0
5028,12.792197,1
5029,14.293264,1
5030,11.499208,0
5031,4e-06,1
5032,4.7e-05,1
5033,12.235735,0
5034,16.984285,0
5035,17.724195,1
5036,0.000111,1
5037,10.380571,0
5038,2.2e-05,1
5039,0.000215,1
5040,12.737443,0
5041,1e-06,1
5042,11.32134,0
5043,3.5e-05,1
5044,1e-06,1
5045,10.548695,0
5046,10.0258,0
5047,11.987155,0
5048,11.922304,1
5049,1.3e-05,0
5050,0.000678,1
5051,13.64648,1
5052,10.791941,1
5053,8.616812,0
5054,15.072522,1
5055,12.938055,0
5056,10.07651,0
5057,14.433508,1
5058,7.8e-05,1
5059,7e-06,1
5060,8.4e-05,1
5061,15.715677,1
5062,11.392842,1
5063,13.170065,0
5064,14.125679,1
5065,4.5e-05,1
5066,1.8e-05,0
5067,3.7e-05,0
5068,10.284487,1
5069,7e-06,1
5070,13.605385,0
5071,10.884323,1
5072,1.7e-05,1
5073,12.266545,1
5074,1e-06,0
5075,2e-06,1
5076,13.332482,0
5077,16.267365,1
5078,2e-06,0
5079,15.90526,1
5080,16.534599,0
5081,8e-06,1
5082,12.850569,0
5083,0.000101,1
5084,10.225746,0
5085,13.256947,1
5086,2.7e-05,1
5087,11.774275,1
5088,18.312462,1
5089,3e-06,1
5090,2.8e-05,0
5091,11.712425,1
5092,12.382401,1
5093,1e-06,0
5094,10.260821,0
5095,9.27745,1
5096,12.311723,0
5097,12.877546,0
5098,2e-06,1
5099,12.935122,0
5100,0.0,0
5101,18.283854,0
5102,14.099832,0
5103,11.980284,1
5104,11.35948,0
5105,7.2e-05,1
5106,7e-06,0
5107,6e-05,0
5108,1.2e-05,1
5109,5.6e-05,1
5110,11.443301,0
5111,6e-06,0
5112,7e-06,0
5113,1.7e-05,1
5114,12.98395,0
5115,2e-06,0
5116,0.000628,1
5117,12.797083,1
5118,14.972072,1
5119,11.592954,1
5120,12.899932,0
5121,9.945282,1
5122,13.107919,1
5123,6.5e-05,0
5124,12.360468,0
5125,3.1e-05,0
5126,12.173675,0
5127,11.11905,1
5128,6e-06,0
5129,14.637396,1
5130,14.05845,1
5131,1e-06,1
5132,15.608685,1
5133,18.677755,1
5134,1.1e-05,1
5135,11.713451,1
5136,9e-06,1
5137,15.167863,1
5138,0.000192,0
5139,10.68582,1
5140,15.112829,1
5141,13.895042,0
5142,15.236422,1
5143,3e-06,1
5144,8e-06,1
5145,9.556037,0
5146,7e-06,1
5147,11.095659,1
5148,13.779941,0
5149,11.565511,1
5150,7e-06,1
5151,16.267826,1
5152,12.725367,1
5153,0.000241,1
5154,13.095283,0
5155,8.4e-05,1
5156,14.777054,1
5157,1.1e-05,1
5158,9.072705,0
5159,1e-06,1
5160,4e-06,1
5161,15.191854,1
5162,10.212869,1
5163,15.180861,0
5164,10.807826,0
5165,0.000209,1
5166,16.243767,1
5167,12.342788,1
5168,9.261625,0
5169,13.29092,0
5170,7.2e-05,0
5171,10.531778,1
5172,2.5e-05,1
5173,11.289834,0
5174,11.075571,1
5175,0.0001,1
5176,11.413279,0
5177,3e-05,1
5178,12.04872,0
5179,11.626487,1
5180,15.721742,1
5181,15.609597,1
5182,14.809564,1
5183,3e-06,1
5184,12.31328,1
5185,10.736768,1
5186,11.213815,0
5187,15.608746,1
5188,12.290336,0
5189,1e-05,1
5190,12.888639,0
5191,1.3e-05,0
5192,11.024284,0
5193,5e-06,1
5194,1.2e-05,0
5195,4e-05,1
5196,10.449426,0
5197,14.119222,1
5198,5.1e-05,1
5199,12.613872,1
5200,3e-06,1
5201,1.9e-05,0
5202,11.652674,0
5203,1.9e-05,1
5204,0.00022,1
5205,1e-06,1
5206,11.44222,0
5207,4.3e-05,1
5208,9.202022,0
5209,1e-05,1
5210,2e-06,0
5211,18.255117,1
5212,3.5e-05,1
5213,11.715788,1
5214,11.566293,1
5215,12.695584,0
5216,4e-06,0
5217,12.344138,1
5218,12.629157,0
5219,14.109166,0
5220,0.00021,1
5221,2.9e-05,1
5222,18.242844,1
5223,12.986413,0
5224,1.9e-05,1
5225,10.12626,1
5226,2e-06,1
5227,1e-06,0
5228,7.7e-05,1
5229,13.755009,0
5230,13.599815,0
5231,12.48225,0
5232,2.6e-05,1
5233,13.01212,1
5234,11.700106,0
5235,10.157365,1
5236,8.537667,0
5237,5e-06,1
5238,13.211876,1
5239,4.9e-05,1
5240,2e-06,0
5241,13.3025,0
5242,1.6e-05,1
5243,11.691346,0
5244,13.609619,1
5245,14.397038,1
5246,3e-06,1
5247,16.378155,1
5248,12.832903,1
5249,1e-06,0
5250,11.193932,0
5251,0.00032,1
5252,13.837752,1
5253,0.000115,1
5254,10.277967,0
5255,3e-06,0
5256,12.24822,0
5257,0.0,1
5258,16.048843,1
5259,16.079342,0
5260,11.573832,1
5261,6.9e-05,1
5262,0.000103,1
5263,1e-05,0
5264,13.645169,1
5265,0.000207,1
5266,19.834457,1
5267,16.24123,1
5268,0.000638,1
5269,0.0,1
5270,4e-06,1
5271,9.31153,1
5272,11.57054,1
5273,11.403962,0
5274,4.7e-05,1
5275,0.000301,1
5276,8e-06,0
5277,11.394147,0
5278,3.8e-05,1
5279,3.7e-05,1
5280,2.7e-05,1
5281,15.09544,1
5282,13.021821,0
5283,14.256598,1
5284,11.432061,1
5285,8.675022,0
5286,9.294834,0
5287,13.107383,1
5288,1.9e-05,1
5289,4e-06,1
5290,1.2e-05,1
5291,6e-06,1
5292,0.000131,1
5293,1e-06,1
5294,14.914963,1
5295,14.142612,1
5296,2e-06,0
5297,11.621049,0
5298,11.069575,1
5299,6e-06,1
5300,15.955127,1
5301,13.750621,1
5302,14.452189,1
5303,9e-06,1
5304,11.350471,0
5305,15.562119,1
5306,2.7e-05,1
5307,9.728568,0
5308,12.437492,0
5309,2e-06,1
5310,12.58343,1
5311,11.523005,1
5312,1.7e-05,1
5313,10.735404,0
5314,4.1e-05,1
5315,11.781382,1
5316,2.3e-05,1
5317,13.766167,0
5318,12.800663,0
5319,6e-05,1
5320,11.595627,0
5321,0.000149,1
5322,14.876584,1
5323,0.0,0
5324,13.782592,1
5325,11.084283,0
5326,4e-06,1
5327,2e-06,1
5328,2e-06,1
5329,10.51418,1
5330,12.884045,0
5331,13.769393,1
5332,1.5e-05,1
5333,10.92741,0
5334,10.957583,0
5335,1e-06,1
5336,8.678802,1
5337,9.1e-05,1
5338,12.287854,1
5339,6.2e-05,1
5340,2e-06,0
5341,2e-06,1
5342,3.9e-05,1
5343,12.694824,1
5344,12.350418,1
5345,1.2e-05,1
5346,13.817962,0
5347,2e-06,1
5348,2.5e-05,1
5349,13.404678,0
5350,7e-06,1
5351,7e-06,0
5352,14.836259,0
5353,13.30899,1
5354,13.801068,0
5355,11.864504,1
5356,4e-06,1
5357,14.071856,1
5358,14.408225,0
5359,13.943628,1
5360,17.939741,1
5361,5.9e-05,1
5362,15.236582,0
5363,12.530482,0
5364,12.666316,0
5365,11.971641,0
5366,7.7e-05,1
5367,11.096923,1
5368,12.60885,1
5369,14.457405,1
5370,4.6e-05,1
5371,12.298862,1
5372,17.069361,1
5373,4e-06,1
5374,5.1e-05,1
5375,12.544429,0
5376,13.556531,0
5377,3.6e-05,1
5378,10.580569,1
5379,7e-06,0
5380,4.8e-05,0
5381,15.346971,1
5382,2.3e-05,0
5383,5.4e-05,1
5384,10.955254,0
5385,3e-06,1
5386,13.714031,1
5387,9.533451,0
5388,12.790145,1
5389,11.51774,1
5390,10.506752,0
5391,10.657788,1
5392,14.673674,1
5393,10.780213,1
5394,13.095769,1
5395,7e-06,1
5396,5e-06,1
5397,10.113634,0
5398,1e-06,1
5399,1.2e-05,1
5400,11.282716,1
5401,0.003642,1
5402,14.586841,0
5403,2e-05,1
5404,1e-06,0
5405,13.261333,1
5406,4e-06,1
5407,9.725853,0
5408,0.000278,1
5409,2e-06,1
5410,12.473536,0
5411,9.1e-05,1
5412,13.390372,0
5413,12.471531,0
5414,17.084538,1
5415,12.389096,1
5416,10.139488,0
5417,2.1e-05,1
5418,15.041127,1
5419,8.138246,1
5420,1.3e-05,1
5421,11.56225,0
5422,17.072796,1
5423,11.712869,1
5424,15.057455,1
5425,4.9e-05,1
5426,11.951175,0
5427,3.7e-05,1
5428,1e-05,1
5429,6.6e-05,1
5430,11.987703,0
5431,8.694529,0
5432,16.361286,0
5433,13.098886,1
5434,14.328076,0
5435,10.430045,0
5436,13.146742,0
5437,9.493091,0
5438,0.0001,1
5439,15.596079,0
5440,6e-06,0
5441,12.595997,1
5442,7e-06,0
5443,2e-06,1
5444,1.7e-05,0
5445,6.1e-05,1
5446,2.2e-05,1
5447,15.083459,0
5448,11.678299,1
5449,17.590866,1
5450,4e-06,0
5451,13.169519,0
5452,2e-06,1
5453,10.444371,0
5454,11.567185,1
5455,16.789919,1
5456,10.441277,0
5457,13.039056,0
5458,10.111374,0
5459,5.9e-05,1
5460,17.083626,1
5461,10.802288,0
5462,11.376472,0
5463,10.356542,1
5464,14.351601,1
5465,4e-06,0
5466,0.0002,1
5467,11.600526,0
5468,14.073573,0
5469,1e-06,0
5470,2e-06,1
5471,1.3e-05,1
5472,10.009699,1
5473,12.219983,1
5474,10.432323,0
5475,11.728275,0
5476,7.6e-05,1
5477,13.45478,1
5478,7e-06,0
5479,14.408211,0
5480,1.8e-05,1
5481,10.379695,0
5482,10.475318,0
5483,11.946646,0
5484,12.727415,0
5485,0.0002,1
5486,12.309586,1
5487,12.775278,0
5488,0.0,1
5489,12.108147,0
5490,6.4e-05,1
5491,10.2012,1
5492,8.9e-05,1
5493,11.958858,0
5494,4e-06,1
5495,10.953595,1
5496,13.178371,1
5497,5e-06,1
5498,3e-05,1
5499,9.342516,1
5500,7.9e-05,1
5501,0.000123,0
5502,2e-06,1
5503,11.620874,1
5504,14.185451,1
5505,0.000785,1
5506,12.256139,0
5507,17.569265,1
5508,5e-06,1
5509,16.772488,1
5510,1e-06,0
5511,14.01991,0
5512,4.4e-05,1
5513,12.839152,1
5514,9.422672,1
5515,1e-06,0
5516,17.260775,1
5517,7.3e-05,1
5518,5.9e-05,1
5519,11.870138,1
5520,16.473259,1
5521,14.433008,0
5522,13.833748,0
5523,14.761353,0
5524,0.000121,1
5525,15.39559,1
5526,12.713808,0
5527,5e-06,1
5528,13.323347,1
5529,0.000105,1
5530,1.2e-05,0
5531,0.000336,1
5532,2e-06,0
5533,12.021062,1
5534,14.808521,1
5535,12.503323,1
5536,3.9e-05,1
5537,10.739401,1
5538,11.157887,1
5539,13.55635,0
5540,2.7e-05,0
5541,13.071215,1
5542,1e-06,1
5543,1.1e-05,0
5544,2.1e-05,1
5545,2e-06,0
5546,1.2e-05,1
5547,6e-06,0
5548,0.000132,1
5549,0.000461,1
5550,11.461037,1
5551,11.553378,0
5552,9.826938,0
5553,12.229012,0
5554,12.200587,1
5555,8e-06,1
5556,2e-06,1
5557,10.221858,0
5558,0.00034,1
5559,1.1e-05,0
5560,4.4e-05,1
5561,0.000145,1
5562,14.180667,0
5563,2.4e-05,1
5564,15.80204,1
5565,5e-06,0
5566,0.000303,1
5567,5e-06,0
5568,6e-06,1
5569,12.861064,1
5570,11.687323,1
5571,13.136365,0
5572,1.2e-05,1
5573,2.4e-05,1
5574,1e-06,0
5575,2e-06,0
5576,9.512559,0
5577,0.000341,1
5578,15.685843,0
5579,6.2e-05,1
5580,10.887734,0
5581,12.939139,0
5582,13.445768,1
5583,13.784659,0
5584,9.770539,0
5585,9.307705,0
5586,2.3e-05,1
5587,10.549757,0
5588,2e-06,1
5589,15.870329,1
5590,12.892897,1
5591,3e-06,0
5592,5e-06,1
5593,7.3e-05,1
5594,3.4e-05,1
5595,7.6e-05,1
5596,0.000135,1
5597,11.247577,1
5598,12.025304,0
5599,0.000151,1
5600,12.184771,0
5601,11.15783,1
5602,14.516845,1
5603,14.233275,1
5604,10.347931,0
5605,14.288072,1
5606,5.4e-05,1
5607,10.432981,0
5608,0.000274,1
5609,9.785157,0
5610,10.494347,0
5611,12.650287,1
5612,13.882504,1
5613,2.7e-05,1
5614,1e-06,1
5615,9e-06,0
5616,10.816968,0
5617,2.8e-05,1
5618,4.1e-05,1
5619,1.6e-05,1
5620,0.0,1
5621,12.339475,1
5622,9.991512,1
5623,10.852242,1
5624,1.3e-05,1
5625,13.610673,1
5626,12.84446,0
5627,7e-06,1
5628,8.6e-05,1
5629,13.863639,0
5630,12.73204,0
5631,16.323521,0
5632,10.63958,0
5633,13.265305,1
5634,1e-06,1
5635,14.02711,0
5636,11.819353,0
5637,0.000137,1
5638,13.109792,1
5639,18.606165,1
5640,8.7e-05,1
5641,2e-06,1
5642,14.032618,1
5643,4e-06,1
5644,1.1e-05,1
5645,1.7e-05,1
5646,12.824217,1
5647,13.221577,0
5648,9.939838,0
5649,14.847429,0
5650,16.870779,0
5651,0.0,1
5652,11.609805,0
5653,3.8e-05,1
5654,12.692122,1
5655,15.239088,1
5656,13.616732,1
5657,5.3e-05,1
5658,18.97464,1
5659,1.8e-05,1
5660,13.607988,1
5661,8e-06,1
5662,17.033669,1
5663,14.136931,1
5664,0.000207,1
5665,3e-06,1
5666,11.048708,0
5667,13.73294,1
5668,10.931617,1
5669,15.238898,1
5670,2e-06,0
5671,3e-06,1
5672,12.462833,0
5673,6.2e-05,1
5674,7e-06,1
5675,12.466827,1
5676,0.000156,1
5677,9.953456,1
5678,10.968168,1
5679,9e-06,1
5680,12.919707,0
5681,2.7e-05,1
5682,10.268693,1
5683,5.5e-05,1
5684,17.179979,1
5685,15.366739,1
5686,1.6e-05,1
5687,13.442959,1
5688,5.6e-05,1
5689,8.3e-05,1
5690,9.528971,0
5691,2.6e-05,1
5692,6.5e-05,1
5693,5e-06,0
5694,1.2e-05,0
5695,1e-06,1
5696,14.608043,1
5697,11.834679,0
5698,11.539701,1
5699,12.409827,1
5700,9.38511,0
5701,3e-06,1
5702,13.595298,1
5703,0.0,0
5704,2e-05,1
5705,10.499156,0
5706,3.8e-05,1
5707,0.000117,1
5708,13.864046,1
5709,11.837525,0
5710,11.142613,0
5711,2e-06,1
5712,0.000155,1
5713,13.788862,1
5714,12.579392,0
5715,8.6e-05,1
5716,15.191656,1
5717,14.604363,0
5718,15.755786,0
5719,12.981071,1
5720,5e-06,1
5721,10.570533,1
5722,10.180694,1
5723,2e-06,1
5724,5e-06,0
5725,7.5e-05,1
5726,8.8e-05,1
5727,9.133409,0
5728,12.104044,0
5729,12.027065,1
5730,7e-06,1
5731,0.000109,1
5732,0.000224,1
5733,13.320421,0
5734,2e-06,0
5735,10.861579,1
5736,12.37114,1
5737,11.469206,0
5738,3e-06,0
5739,16.651075,1
5740,14.58534,0
5741,12.209598,1
5742,11.496136,1
5743,10.006915,0
5744,2e-06,1
5745,6.2e-05,1
5746,13.992347,1
5747,10.178442,0
5748,12.929482,0
5749,13.345753,0
5750,0.0,0
5751,12.248703,1
5752,14.57338,0
5753,10.312648,1
5754,0.00016,1
5755,11.955684,0
5756,13.95022,1
5757,14.141252,1
5758,10.589205,0
5759,0.000181,1
5760,13.844879,0
5761,5e-06,0
5762,13.547666,1
5763,2e-06,0
5764,1.2e-05,1
5765,14.505011,0
5766,5e-06,1
5767,11.116123,0
5768,15.920789,1
5769,11.601541,1
5770,0.000147,1
5771,14.793967,0
5772,0.000273,1
5773,15.079329,1
5774,12.658588,1
5775,8.268142,1
5776,11.552349,1
5777,12.267549,0
5778,1e-06,0
5779,1.1e-05,1
5780,6e-06,0
5781,1e-06,0
5782,0.001029,1
5783,9.876864,0
5784,1.1e-05,0
5785,10.187235,0
5786,9.755895,0
5787,8e-06,1
5788,15.131668,0
5789,14.426342,1
5790,11.190952,0
5791,13.715777,1
5792,16.530014,1
5793,16.073093,1
5794,15.327101,1
5795,4e-06,1
5796,10.21983,0
5797,11.756118,1
5798,12.616229,1
5799,3e-05,1
5800,11.633694,0
5801,10.327202,1
5802,0.0006,0
5803,0.00014,1
5804,12.475255,0
5805,12.766118,0
5806,11.287744,1
5807,3e-06,1
5808,11.081749,0
5809,4.8e-05,1
5810,15.269941,1
5811,17.737404,1
5812,14.213535,1
5813,1e-05,0
5814,11.681688,0
5815,1.3e-05,1
5816,12.850816,1
5817,4e-06,1
5818,15.53761,1
5819,10.471486,0
5820,8.63158,1
5821,15.10683,1
5822,0.000217,1
5823,14.407251,1
5824,11.770451,0
5825,11.517857,1
5826,7.723372,0
5827,15.257629,0
5828,0.000348,1
5829,0.0011,1
5830,8e-06,1
5831,12.759203,0
5832,1e-06,0
5833,5e-06,1
5834,2e-06,1
5835,3e-05,1
5836,9.760043,1
5837,0.0,0
5838,16.434895,1
5839,0.000332,1
5840,6e-06,1
5841,10.023842,0
5842,14.019274,1
5843,10.873399,0
5844,11.853209,1
5845,15.503323,1
5846,14.197576,1
5847,4.8e-05,1
5848,12.230441,0
5849,10.774483,0
5850,11.189069,1
5851,9.983871,0
5852,7e-06,1
5853,11.637121,0
5854,1e-06,0
5855,3e-06,1
5856,12.162492,0
5857,2e-06,0
5858,2.8e-05,1
5859,1.5e-05,1
5860,14.01694,1
5861,12.104085,0
5862,1e-06,0
5863,9.857557,1
5864,2e-06,1
5865,3.6e-05,1
5866,4e-06,0
5867,12.808584,1
5868,12.028179,1
5869,15.334773,1
5870,17.274502,1
5871,12.978419,0
5872,1.2e-05,0
5873,2e-06,1
5874,13.904996,0
5875,13.108253,0
5876,11.226666,1
5877,14.27017,0
5878,12.388792,1
5879,1.4e-05,0
5880,0.000248,1
5881,1.5e-05,1
5882,1.4e-05,0
5883,11.603076,0
5884,10.990475,0
5885,13.497499,1
5886,10.861862,1
5887,2e-06,1
5888,1.2e-05,1
5889,11.400375,1
5890,1.1e-05,1
5891,4e-06,0
5892,13.212666,1
5893,1e-05,0
5894,13.356067,0
5895,16.924791,1
5896,14.157144,1
5897,1e-06,1
5898,11.889787,0
5899,12.916459,1
5900,13.628189,1
5901,1.1e-05,1
5902,0.000114,1
5903,14.687011,0
5904,12.291428,0
5905,14.769325,0
5906,14.087,1
5907,11.25428,0
5908,11.601745,0
5909,11.72698,1
5910,14.290879,1
5911,8.1e-05,1
5912,13.336712,1
5913,10.35755,0
5914,10.522679,1
5915,14.250642,1
5916,1.9e-05,1
5917,1.6e-05,1
5918,9.890121,0
5919,7e-06,1
5920,11.136522,1
5921,11.556678,0
5922,9.967511,1
5923,0.000134,1
5924,10.760765,1
5925,14.349854,1
5926,14.497135,0
5927,6e-06,1
5928,2e-06,0
5929,13.118329,0
5930,2e-05,1
5931,12.9544,1
5932,13.163747,1
5933,2e-06,1
5934,0.0,0
5935,0.0,1
5936,4e-06,1
5937,0.000191,1
5938,1e-06,1
5939,5e-06,1
5940,2.1e-05,1
5941,16.62505,0
5942,13.896578,0
5943,9.006903,0
5944,10.852003,0
5945,17.308813,1
5946,10.980674,0
5947,2.3e-05,1
5948,2.2e-05,1
5949,13.268849,1
5950,0.00012,1
5951,11.99985,1
5952,0.000124,1
5953,12.564901,1
5954,11.788621,0
5955,12.743382,0
5956,12.570817,1
5957,2e-06,0
5958,12.780245,0
5959,13.022835,1
5960,13.610062,1
5961,8e-06,1
5962,12.141731,1
5963,9.8e-05,1
5964,5.3e-05,1
5965,3.3e-05,1
5966,3.9e-05,1
5967,0.0001,1
5968,3e-05,1
5969,3.9e-05,1
5970,8.695816,0
5971,1.5e-05,0
5972,11.595191,1
5973,14.429796,1
5974,1.6e-05,1
5975,9e-06,1
5976,14.353986,0
5977,6.5e-05,1
5978,10.986263,0
5979,14.032516,0
5980,3.1e-05,1
5981,11.168814,1
5982,0.000118,1
5983,10.840324,0
5984,14.976086,0
5985,1.2e-05,0
5986,9.689607,0
5987,11.437334,1
5988,10.98977,0
5989,7.3e-05,1
5990,12.446857,1
5991,14.125834,0
5992,16.127625,1
5993,11.757568,0
5994,2e-06,1
5995,4e-06,0
5996,5e-06,0
5997,3.1e-05,1
5998,0.000131,1
5999,16.123735,0
6000,0.000184,1
6001,11.038465,1
6002,14.530159,1
6003,0.000434,1
6004,11.727448,0
6005,12.556265,0
6006,15.809627,1
6007,0.000123,1
6008,7.967867,0
6009,11.136927,0
6010,0.00011,1
6011,10.211884,0
6012,12.575211,1
6013,15.144256,1
6014,2e-05,1
6015,9.125448,1
6016,8.5e-05,1
6017,1.1e-05,1
6018,3.9e-05,0
6019,10.049521,1
6020,10.685007,1
6021,11.60984,0
6022,7.5e-05,1
6023,1e-06,1
6024,0.0001,1
6025,11.248918,1
6026,16.855942,0
6027,1.2e-05,1
6028,14.35301,1
6029,1e-05,1
6030,11.785045,1
6031,1e-06,1
6032,2e-06,0
6033,7.4e-05,1
6034,7e-06,1
6035,10.423851,1
6036,13.073052,1
6037,12.432661,0
6038,15.031771,1
6039,4.7e-05,1
6040,1.1e-05,1
6041,1.1e-05,0
6042,12.976447,0
6043,2.1e-05,1
6044,13.295792,1
6045,10.618227,1
6046,1.5e-05,1
6047,0.000784,1
6048,10.553814,0
6049,12.053124,1
6050,13.321531,1
6051,13.417561,1
6052,12.316252,1
6053,12.028916,1
6054,2.7e-05,1
6055,13.626114,1
6056,5e-06,1
6057,9.1e-05,1
6058,14.35169,1
6059,11.872343,1
6060,1.3e-05,0
6061,0.000166,1
6062,6e-06,0
6063,13.008614,0
6064,7.4e-05,1
6065,1.5e-05,1
6066,11.535103,0
6067,12.718105,1
6068,19.089869,1
6069,0.000102,1
6070,4e-06,1
6071,10.601178,1
6072,13.515048,1
6073,13.288539,1
6074,13.406074,1
6075,13.044621,1
6076,2e-06,0
6077,10.33381,0
6078,13.349155,0
6079,9.8e-05,1
6080,11.782294,0
6081,5.7e-05,1
6082,13.675675,1
6083,0.000605,1
6084,14.898086,1
6085,11.452286,0
6086,14.830394,0
6087,16.01111,0
6088,4.9e-05,1
6089,12.273471,1
6090,11.072082,1
6091,13.356315,0
6092,16.077633,0
6093,5.8e-05,1
6094,16.81625,1
6095,4.5e-05,1
6096,2.2e-05,1
6097,3e-06,0
6098,12.526999,0
6099,13.533822,0
6100,4e-05,1
6101,1e-06,1
6102,15.377279,1
6103,11.929978,1
6104,5.1e-05,1
6105,9e-06,1
6106,14.00636,1
6107,14.343756,1
6108,10.982229,0
6109,3e-06,1
6110,12.069782,1
6111,1.5e-05,1
6112,1e-06,0
6113,0.0,0
6114,5.7e-05,1
6115,12.628752,1
6116,0.000233,1
6117,10.361669,0
6118,19.580078,1
6119,15.156466,0
6120,10.370534,1
6121,13.241962,1
6122,17.214722,1
6123,9.894741,0
6124,15.06548,1
6125,11.310627,1
6126,10.235686,0
6127,8.867895,0
6128,11.905538,0
6129,10.602211,1
6130,7e-06,0
6131,13.270344,0
6132,14.652508,1
6133,6.6e-05,1
6134,1e-06,1
6135,1.9e-05,1
6136,10.779361,0
6137,1e-06,1
6138,9.8e-05,1
6139,13.762217,0
6140,17.231232,0
6141,3.4e-05,1
6142,13.585928,1
6143,3.9e-05,1
6144,8.528682,1
6145,11.988733,1
6146,11.990165,0
6147,9.484854,1
6148,14.647504,1
6149,13.069022,1
6150,14.876985,1
6151,11.181772,0
6152,15.900802,1
6153,11.556337,0
6154,10.815118,1
6155,1.1e-05,0
6156,10.62244,0
6157,2e-06,1
6158,0.000141,0
6159,0.000161,1
6160,0.0,1
6161,14.713902,1
6162,14.105388,1
6163,1.6e-05,1
6164,3e-06,0
6165,8.8e-05,1
6166,14.116577,1
6167,3.5e-05,1
6168,0.0,1
6169,15.573913,0
6170,11.116508,0
6171,0.000143,1
6172,4e-06,0
6173,10.183355,1
6174,1.5e-05,1
6175,9.08944,0
6176,15.036095,1
6177,3.3e-05,1
6178,14.394885,0
6179,13.155984,0
6180,12.051068,1
6181,14.349443,1
6182,11.336068,0
6183,12.974795,0
6184,10.885021,1
6185,4.4e-05,1
6186,12.952234,1
6187,0.000115,1
6188,5.6e-05,1
6189,10.592943,0
6190,11.556192,1
6191,11.921778,0
6192,9.577063,0
6193,12.029288,1
6194,11.593742,1
6195,7e-06,1
6196,7e-06,1
6197,15.235516,1
6198,15.725389,1
6199,12.287081,1
6200,14.55677,1
6201,15.267441,1
6202,2.8e-05,1
6203,12.815052,0
6204,1.6e-05,1
6205,10.261628,1
6206,2e-05,1
6207,13.072454,1
6208,6.7e-05,0
6209,13.194712,0
6210,11.27361,0
6211,19.315872,1
6212,13.333886,0
6213,16.090347,1
6214,2.7e-05,1
6215,12.166312,1
6216,3e-06,0
6217,12.080939,1
6218,10.486173,1
6219,14.282463,0
6220,8.2e-05,1
6221,6.6e-05,0
6222,1e-05,0
6223,4e-06,1
6224,10.415502,0
6225,12.717502,1
6226,13.87741,0
6227,2.4e-05,0
6228,2e-06,1
6229,15.319141,0
6230,14.957973,1
6231,0.000176,1
6232,11.74516,0
6233,13.017715,1
6234,10.119474,0
6235,0.000109,1
6236,12.869823,1
6237,9.14826,0
6238,2e-06,1
6239,11.874868,0
6240,3.6e-05,1
6241,11.408257,0
6242,11.968348,1
6243,5e-06,1
6244,14.703567,1
6245,14.191728,0
6246,2.3e-05,1
6247,1.2e-05,1
6248,12.182962,0
6249,2.6e-05,1
6250,14.237915,1
6251,1e-06,1
6252,11.542348,1
6253,9e-06,0
6254,9e-06,1
6255,16.131447,1
6256,13.686705,1
6257,11.76662,0
6258,3.5e-05,1
6259,7e-06,1
6260,5.7e-05,1
6261,9.846914,0
6262,16.198565,1
6263,10.687112,1
6264,13.813131,0
6265,6e-05,1
6266,7e-06,1
6267,1.7e-05,0
6268,13.817644,1
6269,12.9831,0
6270,1e-06,0
6271,1.3e-05,0
6272,11.535839,1
6273,6.9e-05,1
6274,0.000135,1
6275,10.647355,1
6276,10.865863,0
6277,1e-06,1
6278,5.8e-05,1
6279,13.24273,1
6280,7e-05,1
6281,3.7e-05,1
6282,7e-06,1
6283,1.4e-05,0
6284,1e-06,1
6285,11.376793,1
6286,12.242527,0
6287,12.812582,1
6288,11.010921,1
6289,15.57931,1
6290,14.780517,1
6291,8.9e-05,0
6292,9e-06,1
6293,2e-06,1
6294,17.723042,1
6295,6e-05,1
6296,15.112267,1
6297,12.593629,0
6298,4e-06,0
6299,9.6e-05,1
6300,10.666287,1
6301,11.13152,0
6302,13.535268,1
6303,11.372706,1
6304,16.851162,1
6305,11.047678,1
6306,13.066985,0
6307,11.026627,0
6308,3.3e-05,1
6309,9.277892,1
6310,12.171937,0
6311,0.000132,1
6312,2.1e-05,1
6313,13.517787,1
6314,9.321731,0
6315,3.6e-05,1
6316,0.000529,1
6317,12.639052,1
6318,11.705822,1
6319,13.696033,1
6320,1.5e-05,1
6321,11.303617,0
6322,16.43784,1
6323,15.172738,0
6324,18.300713,0
6325,15.750652,0
6326,11.401887,1
6327,12.864668,0
6328,2.6e-05,1
6329,6.1e-05,1
6330,4e-06,0
6331,10.851493,1
6332,11.910967,0
6333,12.867476,0
6334,14.20459,1
6335,11.726552,1
6336,11.337608,1
6337,8e-06,1
6338,9.509023,1
6339,13.206975,0
6340,9.883625,0
6341,15.344309,0
6342,5.2e-05,1
6343,16.199896,0
6344,11.215668,0
6345,11.219629,0
6346,13.037024,0
6347,0.000156,1
6348,11.178134,1
6349,10.410361,1
6350,0.000264,1
6351,10.205672,1
6352,2.5e-05,1
6353,14.251746,1
6354,10.698633,1
6355,0.0,1
6356,2.1e-05,0
6357,2e-06,1
6358,2.1e-05,1
6359,5e-06,1
6360,14.701326,1
6361,9e-06,1
6362,15.41393,1
6363,0.000626,1
6364,14.396464,0
6365,0.000324,1
6366,2.6e-05,1
6367,17.464872,1
6368,13.688284,0
6369,5e-06,1
6370,5e-06,1
6371,13.153963,1
6372,5.5e-05,1
6373,18.273134,1
6374,11.712537,0
6375,12.163436,1
6376,13.597415,0
6377,3.1e-05,0
6378,9.4e-05,1
6379,9.545994,0
6380,7e-05,1
6381,12.923138,1
6382,12.295096,0
6383,14.894067,0
6384,12.443787,0
6385,12.449926,1
6386,8e-06,1
6387,8.078364,0
6388,12.189852,1
6389,4.4e-05,1
6390,15.733402,1
6391,13.381878,0
6392,19.690144,1
6393,8.259983,1
6394,11.542492,1
6395,12.971328,0
6396,8.3e-05,1
6397,0.000409,1
6398,9.114863,1
6399,1e-06,1
6400,6e-06,1
6401,12.008525,0
6402,1.5e-05,1
6403,11.288856,1
6404,12.614055,1
6405,3e-06,1
6406,11.139104,1
6407,3.1e-05,1
6408,9.065963,0
6409,4.5e-05,1
6410,15.069218,0
6411,0.000488,1
6412,9.926144,0
6413,8e-06,0
6414,17.854553,1
6415,3e-06,1
6416,0.000105,1
6417,1e-06,1
6418,3e-05,1
6419,14.122537,1
6420,8.787683,0
6421,1.3e-05,1
6422,1e-06,1
6423,11.436131,0
6424,14.533522,1
6425,1.3e-05,1
6426,2.3e-05,1
6427,11.275018,0
6428,13.17876,1
6429,16.503588,1
6430,14.741785,1
6431,9.6e-05,1
6432,10.303536,1
6433,10.782904,0
6434,12.20498,0
6435,11.236395,1
6436,12.024855,1
6437,11.935468,1
6438,1e-06,1
6439,9.994392,1
6440,8.655994,0
6441,15.257031,1
6442,6.6e-05,1
6443,11.654424,0
6444,3e-06,0
6445,10.402964,0
6446,8e-06,0
6447,13.571599,1
6448,2.1e-05,1
6449,3.6e-05,1
6450,10.395594,1
6451,11.561874,1
6452,5.4e-05,1
6453,1e-06,1
6454,11.444116,1
6455,12.936094,0
6456,2e-05,1
6457,10.684297,1
6458,11.226744,0
6459,0.0,0
6460,11.771308,1
6461,9.51777,0
6462,14.614311,1
6463,12.544853,1
6464,10.278746,1
6465,17.493238,1
6466,3.4e-05,1
6467,0.0,1
6468,0.000322,1
6469,13.129448,0
6470,14.76945,1
6471,0.000124,1
6472,16.355833,1
6473,10.284308,1
6474,2e-06,1
6475,10.959266,0
6476,2e-06,0
6477,11.270283,1
6478,16.416775,1
6479,13.050832,0
6480,11.171068,0
6481,15.264228,1
6482,11.883984,0
6483,2e-06,1
6484,16.678043,0
6485,4.6e-05,0
6486,7.7e-05,1
6487,9.783547,0
6488,13.472791,0
6489,11.009082,1
6490,2.6e-05,1
6491,9.903131,1
6492,12.929435,1
6493,8.979818,0
6494,1.3e-05,1
6495,13.637736,1
6496,9.806441,0
6497,1e-06,0
6498,11.160659,1
6499,12.42899,1
6500,8.6e-05,1
6501,12.809214,0
6502,19.249353,1
6503,13.609764,0
6504,7.8e-05,1
6505,5e-06,1
6506,11.32199,0
6507,4.5e-05,1
6508,11.642374,1
6509,4e-06,1
6510,9.86088,0
6511,17.736282,1
6512,10.981215,1
6513,0.000201,1
6514,14.237574,1
6515,13.483391,0
6516,1e-06,1
6517,12.193665,0
6518,10.92979,1
6519,13.736878,0
6520,10.428288,0
6521,16.615183,1
6522,12.296374,1
6523,16.418924,0
6524,10.92467,1
6525,14.483935,0
6526,10.817666,1
6527,5e-06,1
6528,4.2e-05,1
6529,12.283298,0
6530,9e-06,1
6531,0.000106,1
6532,13.177766,0
6533,6e-06,0
6534,0.000255,1
6535,7.1e-05,1
6536,17.96752,1
6537,11.577564,1
6538,1e-05,0
6539,13.643229,1
6540,12.076825,0
6541,10.453964,0
6542,3e-06,0
6543,6e-06,0
6544,3.7e-05,1
6545,12.61268,0
6546,11.806073,1
6547,14.696578,1
6548,8.5e-05,1
6549,11.22685,0
6550,10.528647,1
6551,14.914461,0
6552,15.577095,0
6553,14.018614,1
6554,11.123654,1
6555,11.451024,0
6556,13.017733,1
6557,6e-06,1
6558,11.765344,1
6559,12.159966,1
6560,19.802921,1
6561,0.00012,1
6562,17.914,1
6563,2e-06,1
6564,15.836797,0
6565,15.541614,1
6566,9.331344,0
6567,1.4e-05,1
6568,13.479586,0
6569,10.886169,0
6570,12.920642,0
6571,6e-06,1
6572,0.000141,1
6573,3.7e-05,0
6574,3e-06,1
6575,11.489895,1
6576,13.873042,1
6577,11.056267,0
6578,12.799103,0
6579,10.788227,0
6580,3e-06,1
6581,12.522495,0
6582,12.383624,0
6583,16.074286,0
6584,2.3e-05,1
6585,11.488819,1
6586,3e-06,0
6587,16.7987,1
6588,1e-06,1
6589,11.503633,1
6590,0.00037,1
6591,11.094174,0
6592,3.1e-05,1
6593,12.179068,1
6594,13.671584,1
6595,10.41275,1
6596,11.856506,1
6597,11.427014,0
6598,13.980694,0
6599,14.862196,1
6600,13.743307,0
6601,11.27131,1
6602,13.795838,0
6603,5e-06,1
6604,1.2e-05,1
6605,9e-06,1
6606,1e-06,0
6607,3.7e-05,1
6608,16.723989,1
6609,12.787649,0
6610,10.811586,1
6611,13.459454,1
6612,2e-06,1
6613,1e-05,1
6614,14.59502,1
6615,11.495522,0
6616,11.495259,0
6617,11.441157,0
6618,13.518658,0
6619,14.382685,1
6620,8.825696,0
6621,4.6e-05,1
6622,3e-06,1
6623,6e-06,1
6624,1.2e-05,1
6625,11.091803,0
6626,13.054287,0
6627,15.552978,1
6628,10.922698,0
6629,10.927213,0
6630,14.505912,0
6631,11.818685,0
6632,0.000179,0
6633,10.313286,1
6634,16.532122,0
6635,1e-06,0
6636,12.490433,1
6637,12.663841,0
6638,13.348022,1
6639,2e-06,1
6640,2e-06,1
6641,5e-05,1
6642,5.2e-05,1
6643,13.334013,0
6644,1e-06,1
6645,12.431378,1
6646,12.582107,1
6647,8e-06,0
6648,15.405467,1
6649,13.681128,1
6650,9.369308,0
6651,11.888969,0
6652,2.7e-05,0
6653,11.99975,1
6654,2.5e-05,1
6655,1e-05,1
6656,5e-06,0
6657,1e-06,0
6658,4.6e-05,1
6659,1e-06,1
6660,10.648377,1
6661,10.138968,1
6662,5.6e-05,1
6663,11.854848,0
6664,1.2e-05,1
6665,12.144106,1
6666,1e-05,1
6667,10.077425,1
6668,4.2e-05,1
6669,12.870378,0
6670,17.678692,1
6671,11.209282,1
6672,13.756151,0
6673,0.0,1
6674,14.030602,1
6675,15.913565,1
6676,14.787192,1
6677,2.1e-05,1
6678,3.7e-05,1
6679,12.106565,1
6680,10.942021,1
6681,1e-05,1
6682,0.00012,1
6683,5.2e-05,1
6684,10.86845,1
6685,0.000465,1
6686,2e-06,0
6687,10.719626,1
6688,1.8e-05,1
6689,15.135948,0
6690,16.428619,1
6691,11.012512,0
6692,11.409441,1
6693,2e-06,0
6694,7.7e-05,1
6695,14.740644,1
6696,6.5e-05,1
6697,8e-05,1
6698,4e-06,0
6699,12.633992,1
6700,14.133768,1
6701,7e-06,1
6702,4.2e-05,0
6703,1.7e-05,1
6704,5e-06,1
6705,1e-06,0
6706,14.14438,1
6707,12.302276,0
6708,14.925599,0
6709,0.000127,1
6710,11.411583,0
6711,12.447646,0
6712,1e-06,1
6713,12.136301,1
6714,12.40495,0
6715,17.710825,1
6716,14.168901,0
6717,8e-06,0
6718,1.3e-05,0
6719,15.657547,1
6720,10.14053,1
6721,12.660002,1
6722,7.3e-05,0
6723,5e-06,0
6724,15.388036,1
6725,7e-06,1
6726,12.137967,0
6727,13.449913,1
6728,12.0439,1
6729,9e-06,0
6730,14.111101,1
6731,13.365404,0
6732,2.8e-05,1
6733,12.69127,0
6734,11.429349,1
6735,15.648645,1
6736,0.000133,1
6737,1e-05,1
6738,2e-05,1
6739,2e-06,0
6740,9.3e-05,1
6741,4e-06,0
6742,1.4e-05,1
6743,2.9e-05,1
6744,1.3e-05,0
6745,13.334855,0
6746,12.459822,0
6747,13.71785,1
6748,12.671196,1
6749,13.874547,1
6750,10.228707,0
6751,11.003246,1
6752,13.686234,1
6753,9.631573,0
6754,13.237028,1
6755,12.999782,1
6756,0.00116,1
6757,6e-06,1
6758,12.974921,1
6759,9.629371,0
6760,1.1e-05,1
6761,8e-06,1
6762,16.600815,0
6763,10.812604,0
6764,4e-06,1
6765,1e-06,1
6766,11.966758,0
6767,12.3096,0
6768,10.832562,1
6769,15.965425,1
6770,2.4e-05,1
6771,1.3e-05,1
6772,5e-06,1
6773,13.351513,1
6774,1e-06,1
6775,14.952882,1
6776,0.000131,1
6777,3e-06,1
6778,0.0,1
6779,17.49369,1
6780,1.5e-05,0
6781,7.6e-05,1
6782,1.9e-05,0
6783,11.901339,0
6784,4e-06,1
6785,10.335073,0
6786,10.252263,0
6787,18.778288,1
6788,1e-06,1
6789,1e-05,1
6790,1e-06,0
6791,0.000871,1
6792,13.283897,0
6793,16.461914,1
6794,9.615578,1
6795,2e-06,1
6796,16.100281,1
6797,15.824883,1
6798,11.532707,1
6799,4.6e-05,1
6800,8e-05,1
6801,10.152324,1
6802,14.303975,1
6803,13.872671,0
6804,0.00036,1
6805,0.00014,1
6806,2.6e-05,0
6807,0.000304,1
6808,11.396413,1
6809,13.288935,1
6810,12.193608,0
6811,2.4e-05,0
6812,4e-06,1
6813,15.597158,0
6814,1e-06,0
6815,18.131605,1
6816,12.656035,1
6817,13.275986,0
6818,9.698462,0
6819,13.753773,1
6820,11.926268,1
6821,3.5e-05,1
6822,17.984571,1
6823,14.212183,1
6824,12.556476,1
6825,1.2e-05,1
6826,14.54084,0
6827,12.919267,0
6828,11.898937,0
6829,3.1e-05,1
6830,11.330179,0
6831,15.30528,1
6832,11.265455,1
6833,3.6e-05,1
6834,13.592373,1
6835,15.742419,1
6836,15.726357,1
6837,13.282409,0
6838,11.534305,0
6839,16.786385,1
6840,12.829481,1
6841,5e-06,1
6842,5.4e-05,1
6843,8.8e-05,0
6844,1.3e-05,1
6845,8e-06,1
6846,2e-06,1
6847,14.531596,1
6848,3.5e-05,1
6849,4.1e-05,1
6850,1e-06,1
6851,13.813675,1
6852,11.96779,0
6853,7.626662,0
6854,2.2e-05,1
6855,5.4e-05,1
6856,11.536319,0
6857,12.170979,1
6858,15.914646,1
6859,9.8e-05,1
6860,11.152977,0
6861,13.863185,0
6862,5e-06,0
6863,17.129652,1
6864,16.082008,1
6865,12.959646,0
6866,2e-06,0
6867,3e-06,1
6868,5.8e-05,1
6869,5e-06,1
6870,11.252042,0
6871,5e-06,0
6872,1.1e-05,1
6873,9e-06,1
6874,9e-06,0
6875,14.31682,1
6876,16.143532,1
6877,13.165071,0
6878,15.541873,1
6879,5.9e-05,1
6880,14.479045,0
6881,11.88534,0
6882,14.467165,1
6883,3.2e-05,1
6884,14.205162,0
6885,9.489502,0
6886,9.118637,1
6887,4e-06,0
6888,9e-06,1
6889,4e-06,0
6890,8e-06,1
6891,14.358219,1
6892,3.2e-05,0
6893,14.000555,1
6894,15.209831,1
6895,1e-06,1
6896,3e-06,1
6897,11.736399,0
6898,11.802399,0
6899,18.607653,1
6900,9.045189,1
6901,0.000141,1
6902,13.302,1
6903,1.6e-05,1
6904,0.000109,1
6905,13.944492,0
6906,4e-06,0
6907,13.653993,1
6908,3.7e-05,1
6909,5e-06,1
6910,1e-06,1
6911,0.000128,1
6912,9.826182,1
6913,2.1e-05,1
6914,11.401378,0
6915,3e-06,0
6916,0.000122,1
6917,8.8e-05,0
6918,15.443505,1
6919,10.512501,1
6920,16.434349,1
6921,16.5009,0
6922,11.357249,1
6923,6e-06,1
6924,13.381772,1
6925,6e-06,1
6926,11.94062,0
6927,15.430619,1
6928,0.000216,1
6929,6.1e-05,0
6930,13.337646,0
6931,15.283573,1
6932,10.797215,1
6933,1.5e-05,1
6934,4e-06,0
6935,3e-06,0
6936,0.000263,1
6937,0.000513,1
6938,9.583332,0
6939,0.000145,1
6940,2.4e-05,1
6941,12.955053,0
6942,4e-06,1
6943,15.046979,1
6944,13.814169,0
6945,14.828425,1
6946,13.96104,0
6947,1.2e-05,1
6948,2.9e-05,1
6949,11.083733,0
6950,0.0,1
6951,16.441856,1
6952,1.2e-05,1
6953,12.7395,1
6954,14.515181,1
6955,0.000555,1
6956,1e-05,1
6957,13.250116,1
6958,14.148088,1
6959,13.071947,1
6960,10.812569,0
6961,4e-06,0
6962,12.100185,1
6963,13.261641,1
6964,2e-06,1
6965,5e-06,1
6966,10.741702,1
6967,5.7e-05,1
6968,10.44007,0
6969,0.000245,1
6970,4e-06,0
6971,8.9e-05,1
6972,13.341421,1
6973,6e-06,1
6974,14.838956,0
6975,11.993412,0
6976,11.512414,1
6977,11.885887,1
6978,13.346232,1
6979,12.977622,1
6980,0.00011,1
6981,2e-06,1
6982,2.6e-05,0
6983,14.940919,1
6984,10.631276,1
6985,13.972143,0
6986,0.000184,1
6987,1.2e-05,1
6988,13.377258,0
6989,13.335621,0
6990,1e-06,0
6991,1.3e-05,1
6992,12.911552,0
6993,1e-06,1
6994,0.000105,1
6995,2.9e-05,1
6996,10.826829,1
6997,12.289489,0
6998,4.8e-05,1
6999,8e-06,1
7000,8.9e-05,1
7001,13.76461,0
7002,17.37933,1
7003,12.657784,1
7004,16.700706,0
7005,11.135008,1
7006,1.2e-05,1
7007,14.032218,1
7008,10.048873,0
7009,11.922285,0
7010,3.1e-05,0
7011,7e-06,0
7012,13.871445,0
7013,12.85594,0
7014,13.546493,0
7015,12.776858,0
7016,14.858744,1
7017,11.261055,0
7018,1.8e-05,1
7019,1e-06,1
7020,13.083577,1
7021,10.636815,0
7022,10.272485,0
7023,2.3e-05,1
7024,12.069983,0
7025,11.418763,1
7026,5.8e-05,1
7027,11.888344,0
7028,11.42954,1
7029,7e-06,1
7030,13.286905,0
7031,1.8e-05,1
7032,10.414683,0
7033,11.371126,0
7034,12.986605,0
7035,13.857982,1
7036,13.679554,0
7037,17.610834,0
7038,11.239597,0
7039,9.690228,1
7040,3.6e-05,1
7041,2.3e-05,1
7042,3e-06,1
7043,5e-05,1
7044,9.243049,0
7045,15.656718,1
7046,14.322164,0
7047,12.518787,1
7048,11.941522,1
7049,2e-06,1
7050,2e-06,1
7051,3e-06,0
7052,11.155289,0
7053,6e-06,0
7054,13.608391,1
7055,1.1e-05,1
7056,1.5e-05,0
7057,1.3e-05,1
7058,15.683887,1
7059,1.9e-05,1
7060,13.523988,0
7061,3e-06,1
7062,8.749309,0
7063,2.4e-05,1
7064,12.009226,0
7065,1.1e-05,1
7066,9e-06,1
7067,7e-06,1
7068,14.749718,1
7069,16.568499,1
7070,9.723884,0
7071,7e-06,1
7072,3.6e-05,1
7073,13.552599,0
7074,13.228754,1
7075,13.181775,1
7076,0.000145,1
7077,11.708889,0
7078,8e-06,1
7079,4.4e-05,1
7080,11.219535,0
7081,12.59543,0
7082,11.147674,0
7083,0.000111,1
7084,14.328874,1
7085,9.822348,1
7086,2e-06,1
7087,12.679297,1
7088,5.1e-05,1
7089,12.623312,0
7090,14.184364,1
7091,17.245459,1
7092,14.100643,1
7093,2.4e-05,0
7094,13.570282,1
7095,7e-06,1
7096,2.2e-05,0
7097,1.8e-05,0
7098,17.571089,1
7099,0.000132,1
7100,7e-06,0
7101,3e-06,1
7102,2e-06,1
7103,10.527996,0
7104,1.2e-05,0
7105,12.224157,1
7106,10.392683,0
7107,12.381173,1
7108,3e-06,0
7109,1e-06,1
7110,11.829086,0
7111,15.676021,1
7112,11.715849,0
7113,5.4e-05,1
7114,2e-06,0
7115,12.966147,0
7116,12.278049,1
7117,2.6e-05,1
7118,14.086244,1
7119,3e-06,1
7120,15.549725,1
7121,0.000256,1
7122,9.6e-05,1
7123,12.194644,1
7124,10.675094,1
7125,11.748821,0
7126,8.7e-05,1
7127,11.253769,1
7128,10.28973,0
7129,15.868979,1
7130,10.911269,1
7131,1e-06,1
7132,9.402568,0
7133,15.321128,0
7134,9.667589,0
7135,13.302779,1
7136,1e-06,1
7137,1.5e-05,1
7138,3.4e-05,1
7139,7e-06,1
7140,2e-06,1
7141,9.769952,1
7142,10.730084,1
7143,13.301557,1
7144,3.6e-05,1
7145,13.879397,1
7146,16.106932,0
7147,7.8e-05,1
7148,13.719419,1
7149,12.838882,0
7150,14.621284,0
7151,13.379238,1
7152,3.5e-05,1
7153,11.070305,0
7154,11.821185,1
7155,12.658521,0
7156,12.640873,0
7157,12.670521,0
7158,13.478919,1
7159,12.525116,1
7160,1e-06,1
7161,2.5e-05,1
7162,11.444184,1
7163,6.7e-05,1
7164,4e-06,1
7165,1.4e-05,1
7166,13.313547,1
7167,16.189695,1
7168,0.000248,0
7169,14.930228,1
7170,10.708097,0
7171,12.158079,1
7172,9e-06,1
7173,1.9e-05,1
7174,16.981176,0
7175,3.6e-05,0
7176,9.315157,1
7177,12.844477,1
7178,8.7e-05,1
7179,3.7e-05,1
7180,4.5e-05,1
7181,0.000339,1
7182,12.113646,1
7183,9.3e-05,1
7184,10.742114,0
7185,13.641944,1
7186,1.3e-05,1
7187,17.21356,1
7188,2e-06,1
7189,12.869232,0
7190,13.968423,1
7191,12.910109,1
7192,15.476247,0
7193,12.66611,1
7194,5.2e-05,0
7195,12.088541,1
7196,15.371081,0
7197,1e-06,0
7198,13.345663,0
7199,0.0,0
7200,10.482424,0
7201,10.413787,0
7202,13.318811,1
7203,5.9e-05,1
7204,0.001001,1
7205,15.218926,0
7206,14.734304,0
7207,11.656356,0
7208,10.974094,1
7209,9.2e-05,1
7210,13.639308,1
7211,10.649556,0
7212,11.494468,0
7213,13.58667,1
7214,13.880987,1
7215,13.298874,0
7216,10.633423,1
7217,13.686571,0
7218,6e-06,0
7219,3e-06,1
7220,10.696415,1
7221,16.044294,1
7222,10.897313,0
7223,2.3e-05,1
7224,11.787904,0
7225,13.572202,1
7226,7.1e-05,1
7227,17.065105,1
7228,2e-06,0
7229,10.722507,0
7230,10.74249,0
7231,1.7e-05,0
7232,12.874496,1
7233,13.021168,1
7234,10.663945,0
7235,5.7e-05,1
7236,11.474861,1
7237,13.074492,1
7238,12.733936,1
7239,2.4e-05,1
7240,12.367507,0
7241,10.677479,0
7242,1e-06,0
7243,1.5e-05,1
7244,4e-06,1
7245,11.773183,0
7246,10.510541,0
7247,0.000316,1
7248,3.1e-05,1
7249,11.761424,1
7250,0.000121,1
7251,3.1e-05,1
7252,11.124531,0
7253,0.000198,1
7254,2.8e-05,1
7255,12.543033,1
7256,11.75171,0
7257,10.417157,1
7258,1e-05,1
7259,14.727201,1
7260,2.1e-05,1
7261,13.810262,1
7262,1.5e-05,1
7263,5.5e-05,1
7264,9.698468,1
7265,15.636531,1
7266,0.000367,1
7267,14.283433,0
7268,6.6e-05,1
7269,11.765045,1
7270,2e-06,1
7271,9.634994,0
7272,4.7e-05,1
7273,0.0,1
7274,12.783642,1
7275,10.717582,1
7276,0.000285,1
7277,1.9e-05,1
7278,17.538939,1
7279,0.0,1
7280,9.413851,0
7281,13.778637,0
7282,1.3e-05,1
7283,12.136562,1
7284,2.2e-05,1
7285,0.000122,1
7286,10.694273,1
7287,13.812533,0
7288,8e-06,1
7289,0.000384,1
7290,14.805818,1
7291,12.250972,1
7292,13.630138,0
7293,15.966695,1
7294,16.213074,1
7295,14.020082,0
7296,14.0518,0
7297,3e-06,1
7298,12.545756,0
7299,11.435811,1
7300,2.3e-05,1
7301,0.000103,1
7302,11.749319,0
7303,12.66469,1
7304,1e-05,1
7305,1e-06,1
7306,1e-06,1
7307,13.34143,1
7308,14.16487,0
7309,1.8e-05,1
7310,0.000212,1
7311,13.500728,1
7312,7.5e-05,1
7313,5e-06,1
7314,4.5e-05,1
7315,6.6e-05,0
7316,11.73199,0
7317,8e-06,0
7318,6e-06,1
7319,11.502641,1
7320,14.390339,0
7321,11.633797,1
7322,0.0,1
7323,13.797557,1
7324,2.6e-05,1
7325,14.096645,1
7326,13.673311,0
7327,1.1e-05,1
7328,12.803992,1
7329,16.537235,1
7330,2.4e-05,1
7331,16.730532,1
7332,12.510093,0
7333,11.346019,0
7334,5.5e-05,1
7335,12.854421,1
7336,11.591884,1
7337,1e-06,1
7338,13.783923,1
7339,0.0,0
7340,10.286404,1
7341,3e-06,0
7342,11.608203,0
7343,11.822814,0
7344,1e-06,0
7345,13.774321,0
7346,14.443337,1
7347,11.535837,1
7348,1.9e-05,1
7349,5e-06,0
7350,5e-05,1
7351,4.3e-05,1
7352,0.0,1
7353,11.82039,1
7354,11.736079,1
7355,11.583906,0
7356,9e-06,1
7357,12.411457,0
7358,20.015671,1
7359,9.256733,0
7360,1e-05,1
7361,6e-06,1
7362,10.972562,0
7363,15.144005,1
7364,5.4e-05,1
7365,1.4e-05,1
7366,2e-06,1
7367,15.943233,0
7368,6e-06,0
7369,9.3e-05,1
7370,16.186893,1
7371,11.781264,1
7372,14.030245,0
7373,11.741697,1
7374,1.4e-05,1
7375,15.618428,1
7376,4e-06,0
7377,17.091967,1
7378,12.396824,0
7379,1.8e-05,1
7380,12.169997,1
7381,0.000199,1
7382,1e-06,1
7383,11.540267,0
7384,7e-06,1
7385,9.79405,0
7386,10.267675,0
7387,15.987023,1
7388,0.000418,1
7389,0.000267,1
7390,5e-06,1
7391,11.671124,0
7392,11.943021,0
7393,13.377759,1
7394,6e-05,0
7395,7.5e-05,1
7396,12.226612,1
7397,12.788733,1
7398,1e-05,1
7399,1e-06,1
7400,4e-06,0
7401,1e-06,1
7402,10.483738,0
7403,2.3e-05,0
7404,7e-06,1
7405,10.10351,0
7406,15.166547,0
7407,13.216159,0
7408,10.320414,0
7409,5.5e-05,1
7410,6e-06,1
7411,2e-06,1
7412,9.740986,1
7413,12.596429,1
7414,12.1562,1
7415,10.703578,0
7416,15.521514,1
7417,0.000259,1
7418,10.041633,1
7419,6e-06,0
7420,11.666389,1
7421,17.098284,1
7422,5e-06,1
7423,13.897181,1
7424,16.36813,1
7425,11.880032,0
7426,9.362911,0
7427,10.36802,1
7428,15.732964,1
7429,9.900083,0
7430,3e-06,1
7431,8.533856,0
7432,10.209484,1
7433,12.185611,1
7434,12.365362,1
7435,14.491835,0
7436,10.500978,0
7437,5.7e-05,1
7438,4e-06,1
7439,1e-05,0
7440,11.078732,1
7441,0.000634,1
7442,10.786897,1
7443,16.722853,1
7444,12.714089,1
7445,2.3e-05,1
7446,5.5e-05,1
7447,2.1e-05,0
7448,15.78845,0
7449,6.1e-05,0
7450,9.375626,0
7451,8e-06,1
7452,3.6e-05,1
7453,9.565698,1
7454,0.000147,1
7455,11.100075,0
7456,7e-06,1
7457,2e-05,1
7458,12.101473,1
7459,13.739661,1
7460,5e-06,1
7461,12.526756,1
7462,1e-06,0
7463,5.3e-05,1
7464,4e-06,1
7465,0.000148,1
7466,0.000184,1
7467,11.999489,0
7468,0.000196,1
7469,15.608709,1
7470,11.661411,0
7471,0.000123,1
7472,7e-06,1
7473,13.937405,1
7474,0.000336,1
7475,12.116452,1
7476,4e-06,0
7477,14.880857,1
7478,11.38793,0
7479,10.527863,1
7480,0.000136,1
7481,4.5e-05,1
7482,9.9149,0
7483,14.663114,0
7484,12.55042,1
7485,1e-05,0
7486,10.298537,1
7487,16.389368,1
7488,9.688139,0
7489,1.7e-05,1
7490,2.8e-05,1
7491,14.407374,0
7492,11.313481,1
7493,10.195844,1
7494,12.249172,1
7495,0.000644,1
7496,0.000374,1
7497,12.009683,1
7498,11.450724,0
7499,0.000217,1
7500,16.888435,1
7501,6e-06,1
7502,3e-06,1
7503,9.784592,1
7504,13.082179,0
7505,14.075481,1
7506,4.7e-05,1
7507,3.1e-05,1
7508,11.24777,0
7509,2.3e-05,1
7510,16.685093,1
7511,5e-06,1
7512,12.812888,1
7513,13.27816,1
7514,3e-06,1
7515,8.8e-05,1
7516,13.796446,1
7517,12.400419,0
7518,15.976872,1
7519,11.698108,0
7520,6e-06,1
7521,13.488722,0
7522,12.448748,1
7523,17.451324,0
7524,0.000122,0
7525,13.094739,0
7526,15.232524,1
7527,13.317068,1
7528,12.465803,1
7529,13.927951,1
7530,2.1e-05,1
7531,15.473246,1
7532,12.920936,1
7533,3.1e-05,1
7534,12.422267,1
7535,12.434686,1
7536,12.654171,1
7537,6e-06,1
7538,14.442087,0
7539,5.4e-05,1
7540,9.4e-05,1
7541,1.4e-05,1
7542,15.020518,1
7543,12.177859,1
7544,9.383098,0
7545,15.267006,0
7546,1.3e-05,0
7547,13.930631,1
7548,10.590959,1
7549,1e-06,1
7550,9.6e-05,1
7551,10.512855,1
7552,11.651384,1
7553,11.921244,0
7554,14.891453,1
7555,13.948755,1
7556,9.823917,1
7557,0.000589,1
7558,11.704774,1
7559,9.24317,0
7560,1.2e-05,0
7561,5.9e-05,1
7562,0.0,1
7563,4.2e-05,1
7564,10.46162,1
7565,3.1e-05,1
7566,5.8e-05,1
7567,12.451173,1
7568,13.441173,0
7569,1.7e-05,1
7570,10.410544,0
7571,10.495265,0
7572,0.0,1
7573,12.292439,1
7574,1.1e-05,1
7575,0.00018,1
7576,12.129984,1
7577,5e-06,0
7578,0.000158,1
7579,10.129903,0
7580,11.86971,0
7581,11.873041,0
7582,5.3e-05,1
7583,5e-06,1
7584,1e-06,1
7585,15.198657,1
7586,13.277912,0
7587,9.194235,0
7588,1.8e-05,0
7589,11.365314,1
7590,11.482975,1
7591,12.927051,0
7592,14.711272,1
7593,9.7e-05,1
7594,8.4e-05,1
7595,10.626823,0
7596,14.005124,1
7597,1.8e-05,1
7598,11.334711,1
7599,12.59644,1
7600,8.998713,0
7601,13.955022,0
7602,12.412488,1
7603,14.330997,1
7604,11.815372,0
7605,10.39962,1
7606,10.0446,1
7607,1.2e-05,1
7608,1e-06,1
7609,1.3e-05,0
7610,2.4e-05,1
7611,2.9e-05,1
7612,5.4e-05,1
7613,13.910613,1
7614,1e-06,1
7615,14.519801,1
7616,0.000354,0
7617,2e-06,0
7618,11.199899,1
7619,12.151464,1
7620,0.000115,1
7621,12.994881,1
7622,14.924925,1
7623,1e-06,0
7624,13.403553,1
7625,4.1e-05,1
7626,15.294269,0
7627,3.5e-05,1
7628,12.455953,1
7629,2e-06,0
7630,8.5e-05,1
7631,12.614821,1
7632,9.9e-05,1
7633,13.20225,0
7634,11.375549,1
7635,12.132952,0
7636,14.180812,0
7637,12.654411,0
7638,8.5e-05,1
7639,11.595698,1
7640,12.684561,1
7641,0.000116,1
7642,0.000185,1
7643,0.0,0
7644,1.9e-05,1
7645,1e-06,1
7646,11.058228,0
7647,11.041846,1
7648,10.914824,0
7649,1.3e-05,1
7650,10.781657,0
7651,14.582641,0
7652,10.763203,0
7653,12.334914,0
7654,9.93901,0
7655,12.193305,1
7656,12.142692,0
7657,15.716805,1
7658,16.370024,1
7659,10.846951,1
7660,2e-05,1
7661,10.251818,0
7662,7.3e-05,1
7663,3.6e-05,1
7664,1e-06,0
7665,9e-06,1
7666,10.770863,1
7667,12.025649,1
7668,13.619649,0
7669,12.425384,1
7670,1.8e-05,1
7671,14.795371,0
7672,4e-06,1
7673,1.6e-05,1
7674,4.8e-05,1
7675,13.142252,1
7676,13.708368,0
7677,0.000213,1
7678,5e-06,1
7679,6e-06,1
7680,0.000149,1
7681,9.871168,0
7682,7.7e-05,1
7683,0.000229,1
7684,6e-06,0
7685,4.3e-05,1
7686,0.0,1
7687,0.000125,1
7688,11.308123,0
7689,12.974433,1
7690,13.794615,0
7691,12.403514,1
7692,2e-06,0
7693,9.24672,0
7694,6.2e-05,1
7695,4.9e-05,1
7696,17.017214,1
7697,1e-06,1
7698,11.188522,0
7699,12.582258,0
7700,15.121475,1
7701,0.000225,1
7702,14.670506,1
7703,9.953796,0
7704,10.182388,1
7705,12.87042,0
7706,0.000119,1
7707,0.0,0
7708,7e-06,1
7709,14.402336,1
7710,14.099668,1
7711,15.509842,0
7712,0.000146,1
7713,14.319701,0
7714,10.343311,0
7715,1.2e-05,1
7716,13.519445,0
7717,4e-06,0
7718,9.5118,0
7719,14.609783,1
7720,5e-06,1
7721,1e-05,1
7722,3.4e-05,1
7723,1.3e-05,1
7724,9.709681,1
7725,11.793131,0
7726,12.215291,1
7727,11.34732,1
7728,1.3e-05,1
7729,2.4e-05,1
7730,13.311913,1
7731,3e-06,1
7732,0.000164,1
7733,4e-06,0
7734,14.546333,1
7735,13.931875,1
7736,9.744147,0
7737,17.922001,1
7738,9.674448,0
7739,1e-06,0
7740,12.582348,1
7741,11.623645,1
7742,1e-06,1
7743,5e-06,1
7744,11.932031,1
7745,4.1e-05,1
7746,14.922154,0
7747,15.268229,1
7748,1.2e-05,0
7749,13.527977,1
7750,0.000146,1
7751,12.76817,0
7752,13.989426,0
7753,14.861477,1
7754,14.116958,1
7755,11.669844,1
7756,14.760262,0
7757,15.067514,0
7758,11.90889,1
7759,14.001588,1
7760,17.242895,0
7761,9e-06,0
7762,9.786633,1
7763,12.610746,1
7764,10.601138,1
7765,0.0,1
7766,14.71545,1
7767,9e-06,1
7768,11.92239,0
7769,3.7e-05,1
7770,11.69279,0
7771,6e-06,1
7772,1.8e-05,0
7773,2.2e-05,1
7774,10.355754,1
7775,5e-06,1
7776,9.286133,1
7777,11.82907,0
7778,14.73223,1
7779,9.099259,1
7780,3.1e-05,1
7781,0.000112,1
7782,17.946484,0
7783,11.807285,1
7784,13.435742,1
7785,1.8e-05,0
7786,5.7e-05,1
7787,14.643499,1
7788,16.173164,1
7789,15.478775,0
7790,16.139875,0
7791,2e-06,1
7792,0.000218,1
7793,10.867718,1
7794,9e-06,1
7795,11.68075,0
7796,10.762515,0
7797,0.000442,1
7798,13.557357,1
7799,4e-06,1
7800,1.2e-05,1
7801,3e-06,1
7802,12.875266,1
7803,5e-06,1
7804,1.2e-05,1
7805,14.093703,0
7806,13.168308,0
7807,4e-06,1
7808,10.053516,0
7809,16.9597,0
7810,11.88585,0
7811,8e-06,1
7812,12.557115,0
7813,12.894183,1
7814,12.034982,1
7815,12.603314,1
7816,11.830214,0
7817,16.273745,1
7818,13.315582,0
7819,1.3e-05,1
7820,12.237134,1
7821,9.806025,0
7822,12.737524,0
7823,10.937512,1
7824,14.075102,1
7825,0.000384,1
7826,2e-06,1
7827,13.827936,1
7828,11.674368,0
7829,12.339805,1
7830,10.573458,0
7831,15.746272,1
7832,9.163523,1
7833,10.474059,1
7834,1.1e-05,1
7835,0.0,0
7836,11.34615,0
7837,14.921289,1
7838,13.446434,0
7839,10.239351,1
7840,13.604478,0
7841,9.10851,0
7842,12.790545,1
7843,3.3e-05,1
7844,9e-06,1
7845,1.6e-05,1
7846,13.025179,1
7847,3e-06,1
7848,1.4e-05,1
7849,10.818185,0
7850,10.341794,0
7851,11.594142,0
7852,9.493167,0
7853,2e-05,1
7854,0.000195,1
7855,12.977944,1
7856,1e-05,1
7857,1e-06,0
7858,4e-06,1
7859,3.1e-05,1
7860,11.468704,0
7861,3e-06,1
7862,5e-06,1
7863,1e-06,1
7864,0.000103,1
7865,13.511538,0
7866,11.583528,0
7867,1.7e-05,1
7868,12.035408,1
7869,11.220786,0
7870,0.000112,1
7871,11.401151,1
7872,14.9576,0
7873,3e-06,1
7874,10.921252,1
7875,13.103569,1
7876,7.1e-05,1
7877,6e-06,0
7878,7.8e-05,1
7879,9e-06,1
7880,12.930977,0
7881,1e-06,1
7882,15.76105,1
7883,11.528978,0
7884,12.873528,0
7885,3e-05,1
7886,15.441678,0
7887,6e-06,0
7888,1e-06,0
7889,11.70121,1
7890,3e-06,1
7891,0.000299,1
7892,10.044318,0
7893,11.343191,1
7894,15.217311,0
7895,15.902796,1
7896,14.755122,1
7897,4.1e-05,1
7898,2.5e-05,1
7899,0.000119,1
7900,11.583172,1
7901,14.441907,0
7902,14.401156,1
7903,10.66625,1
7904,11.747121,1
7905,15.736515,1
7906,10.640895,1
7907,12.197229,0
7908,12.877916,0
7909,16.765924,1
7910,13.935045,1
7911,2e-06,1
7912,10.57988,1
7913,4e-06,1
7914,14.204435,0
7915,2e-06,0
7916,1e-06,0
7917,12.661245,0
7918,14.337419,1
7919,0.000109,0
7920,13.739193,0
7921,15.327423,1
7922,0.000514,1
7923,15.248262,1
7924,13.512945,0
7925,1e-05,1
7926,0.000117,1
7927,13.256732,0
7928,11.12773,0
7929,15.507036,0
7930,11.385051,0
7931,13.387873,1
7932,16.374189,1
7933,0.000296,1
7934,13.162924,1
7935,1.8e-05,1
7936,9e-06,1
7937,15.286582,1
7938,9.4e-05,1
7939,16.47644,1
7940,6e-06,1
7941,0.00014,1
7942,7e-06,1
7943,5e-06,1
7944,13.031794,0
7945,5e-06,0
7946,10.103226,0
7947,7e-06,0
7948,14.222523,0
7949,0.000249,1
7950,1e-06,0
7951,11.740061,1
7952,7.1e-05,1
7953,2e-06,0
7954,15.377294,1
7955,1.9e-05,1
7956,2.7e-05,1
7957,4e-06,0
7958,12.406526,1
7959,2.5e-05,1
7960,12.832837,1
7961,9.420245,0
7962,7.9e-05,1
7963,0.000162,1
7964,13.677674,0
7965,2.8e-05,0
7966,13.04744,0
7967,2e-06,1
7968,10.655975,0
7969,9.957551,1
7970,12.15143,0
7971,2e-06,0
7972,11.587087,0
7973,1.4e-05,0
7974,13.305696,1
7975,11.176226,1
7976,4e-06,0
7977,12.04359,1
7978,13.346932,1
7979,11.156981,0
7980,1e-05,1
7981,11.448433,0
7982,12.224605,1
7983,11.231865,0
7984,12.260933,0
7985,4.1e-05,1
7986,11.690575,1
7987,16.547157,1
7988,9.826066,0
7989,2.1e-05,1
7990,11.050015,1
7991,13.95385,1
7992,13.271564,1
7993,1.4e-05,1
7994,2e-05,1
7995,8.414515,0
7996,2e-06,1
7997,10.852038,0
7998,11.204839,0
7999,12.106203,0
8000,14.868087,1
8001,13.444135,1
8002,11.973767,0
8003,6.9e-05,1
8004,8.294767,0
8005,13.844565,1
8006,3e-06,1
8007,6e-06,1
8008,1e-06,0
8009,10.604605,1
8010,11.467617,1
8011,11.097733,0
8012,5.1e-05,1
8013,11.842637,1
8014,12.384548,1
8015,13.519157,0
8016,4.4e-05,1
8017,13.26199,1
8018,9.956989,0
8019,11.000036,0
8020,5.3e-05,1
8021,13.151369,1
8022,14.517564,1
8023,14.839929,0
8024,2e-06,1
8025,12.527186,1
8026,2.3e-05,1
8027,11.601247,1
8028,14.624607,0
8029,11.099283,0
8030,1e-06,1
8031,13.810276,1
8032,0.00088,1
8033,0.000105,1
8034,5e-06,1
8035,15.552532,1
8036,2.3e-05,0
8037,7.7e-05,1
8038,1e-06,1
8039,10.852834,0
8040,10.703033,0
8041,14.495484,1
8042,10.109565,1
8043,12.98801,0
8044,14.064407,1
8045,8.7e-05,1
8046,11.193586,0
8047,11.274336,1
8048,1.3e-05,1
8049,0.000129,1
8050,0.000367,1
8051,13.937704,1
8052,2.3e-05,1
8053,1.3e-05,0
8054,10.757923,0
8055,8.713629,0
8056,6e-06,1
8057,9.400454,0
8058,15.866244,1
8059,11.946877,0
8060,13.678006,1
8061,11.700814,1
8062,12.230932,1
8063,11.67087,1
8064,11.567712,0
8065,3.5e-05,1
8066,1.2e-05,1
8067,9.2e-05,0
8068,0.0001,1
8069,18.515812,1
8070,9.347943,1
8071,14.377568,1
8072,2.7e-05,1
8073,3.6e-05,1
8074,3e-06,0
8075,11.725125,0
8076,11.885066,1
8077,0.000152,1
8078,12.1905,0
8079,13.207168,0
8080,6.9e-05,0
8081,13.56526,1
8082,7e-06,1
8083,14.009184,1
8084,1e-06,0
8085,7.3e-05,1
8086,1e-05,1
8087,1.6e-05,0
8088,3.7e-05,1
8089,15.292381,1
8090,2.1e-05,0
8091,2e-06,1
8092,7e-06,1
8093,1e-06,1
8094,14.57036,1
8095,12.563401,1
8096,1e-05,0
8097,10.944441,0
8098,12.140056,1
8099,14.873867,1
8100,13.945468,1
8101,0.000326,1
8102,11.001084,0
8103,14.557197,0
8104,7.04214,0
8105,1.8e-05,1
8106,11.073474,0
8107,16.415833,1
8108,1.7e-05,0
8109,16.122032,0
8110,14.517144,0
8111,3e-06,1
8112,1e-06,0
8113,12.079839,1
8114,11.714561,0
8115,12.316875,0
8116,0.000131,1
8117,5e-06,0
8118,0.000115,1
8119,11.311597,0
8120,0.000101,1
8121,1e-06,1
8122,15.504801,0
8123,4e-06,0
8124,2e-06,0
8125,14.325442,1
8126,13.217407,1
8127,9.823979,0
8128,9.513653,0
8129,6e-06,1
8130,10.317978,0
8131,13.63222,0
8132,15.774428,1
8133,11.448314,0
8134,10.764993,1
8135,0.0,1
8136,0.0,1
8137,1.9e-05,1
8138,11.763741,1
8139,13.260438,0
8140,0.0,0
8141,12.358987,0
8142,12.077418,0
8143,15.257206,0
8144,10.276409,0
8145,3.9e-05,1
8146,13.678839,1
8147,19.272108,1
8148,15.465445,1
8149,12.66604,0
8150,0.00051,1
8151,1.3e-05,1
8152,13.694676,0
8153,13.488567,1
8154,3e-06,1
8155,12.041069,1
8156,14.000214,1
8157,9.995714,1
8158,1e-06,1
8159,10.658318,0
8160,13.341232,0
8161,2.7e-05,1
8162,16.872692,1
8163,6e-06,1
8164,10.219914,0
8165,12.355808,1
8166,12.390636,1
8167,9.348413,1
8168,5.9e-05,1
8169,14.366673,0
8170,12.14123,1
8171,11.937202,0
8172,1.8e-05,1
8173,9.728991,1
8174,11.115235,0
8175,11.116081,0
8176,14.860686,0
8177,12.153928,1
8178,0.000237,1
8179,13.273883,1
8180,15.721339,1
8181,5e-06,1
8182,2e-06,1
8183,13.307242,0
8184,10.364785,1
8185,0.000102,0
8186,14.977977,0
8187,1e-06,0
8188,11.287608,1
8189,16.090271,1
8190,12.664877,0
8191,11.46758,1
8192,9.394555,0
8193,11.274335,1
8194,1.7e-05,1
8195,4.8e-05,1
8196,2e-06,1
8197,0.000198,1
8198,2.4e-05,1
8199,8e-06,0
8200,4e-06,0
8201,12.857263,1
8202,8e-06,1
8203,0.000139,1
8204,12.306355,0
8205,0.000352,1
8206,14.906475,0
8207,11.20308,0
8208,9.9408,0
8209,1.8e-05,1
8210,12.650697,0
8211,9.564413,0
8212,11.153734,0
8213,5e-06,0
8214,1e-06,0
8215,1e-06,1
8216,15.482704,0
8217,12.601645,1
8218,11.248364,0
8219,2.6e-05,1
8220,11.554005,0
8221,6.6e-05,1
8222,11.999471,0
8223,14.612433,1
8224,3.4e-05,1
8225,14.99773,0
8226,10.69142,0
8227,10.827333,0
8228,15.178269,1
8229,9e-06,1
8230,7.6e-05,1
8231,1.5e-05,0
8232,12.638117,0
8233,10.629731,1
8234,13.289111,0
8235,11.454778,1
8236,12.575062,0
8237,1e-06,1
8238,12.638299,0
8239,10.173056,1
8240,6.5e-05,1
8241,11.361242,0
8242,12.964602,1
8243,11.777534,0
8244,6e-06,1
8245,11.335292,1
8246,14.920217,1
8247,18.222654,1
8248,4.4e-05,1
8249,11.500998,1
8250,11.780438,0
8251,14.231283,1
8252,0.0,1
8253,10.115523,0
8254,5e-06,1
8255,11.087102,1
8256,10.84391,1
8257,10.931308,1
8258,13.422867,1
8259,10.035338,0
8260,10.892759,0
8261,0.000292,1
8262,12.240793,0
8263,15.833368,1
8264,3.1e-05,1
8265,12.416963,0
8266,0.000125,1
8267,16.768284,1
8268,10.881817,0
8269,6.3e-05,1
8270,12.998546,0
8271,11.221939,1
8272,14.280824,1
8273,11.349731,0
8274,1.7e-05,1
8275,12.273105,1
8276,6e-06,1
8277,2e-06,1
8278,0.000113,1
8279,14.035442,1
8280,16.718128,1
8281,12.416473,0
8282,11.009645,1
8283,10.757318,1
8284,2.1e-05,0
8285,15.125168,1
8286,12.503473,0
8287,13.715331,0
8288,13.309864,0
8289,15.680301,0
8290,14.985861,0
8291,9.832814,0
8292,2e-06,1
8293,13.208825,0
8294,1.9e-05,1
8295,5e-06,1
8296,2.9e-05,1
8297,14.103694,0
8298,14.163169,0
8299,14.925538,1
8300,14.19587,0
8301,12.639572,1
8302,13.922363,0
8303,10.705433,0
8304,2.7e-05,1
8305,9.868056,0
8306,4e-06,1
8307,15.463029,1
8308,15.905861,1
8309,12.961774,1
8310,2.4e-05,1
8311,13.907299,1
8312,5.2e-05,1
8313,10.636372,1
8314,12.034778,1
8315,11.732911,1
8316,10.255385,0
8317,16.856897,1
8318,10.099647,0
8319,5e-06,0
8320,4e-06,1
8321,16.134445,0
8322,5e-06,0
8323,10.698912,0
8324,12.43348,0
8325,12.437976,1
8326,9.482465,0
8327,1e-06,1
8328,1.8e-05,1
8329,14.358016,1
8330,12.919404,0
8331,0.0,1
8332,11.483937,1
8333,0.000177,1
8334,11.918516,1
8335,13.121945,1
8336,0.000151,0
8337,1.1e-05,1
8338,12.908881,0
8339,4.8e-05,1
8340,10.360568,1
8341,2e-06,1
8342,0.000469,1
8343,11.137741,1
8344,1e-06,0
8345,2e-06,1
8346,2.1e-05,1
8347,7e-05,1
8348,16.248528,1
8349,5e-06,0
8350,15.887695,1
8351,13.711818,1
8352,12.50693,0
8353,11.149705,0
8354,14.718003,1
8355,12.102092,0
8356,0.002205,1
8357,13.416169,1
8358,9.816503,0
8359,13.853638,1
8360,11.852669,1
8361,8.423688,0
8362,10.711797,0
8363,12.446862,1
8364,14.304035,1
8365,14.50405,0
8366,14.730201,0
8367,11.319976,1
8368,13.835881,1
8369,11.024611,0
8370,12.495976,1
8371,12.870863,0
8372,5e-06,0
8373,11.627831,0
8374,1e-06,0
8375,15.202326,1
8376,15.579834,1
8377,17.039782,1
8378,18.139244,1
8379,10.617849,1
8380,7.7e-05,0
8381,11.371994,1
8382,12.131524,0
8383,15.054377,1
8384,4.5e-05,1
8385,10.634724,0
8386,13.32293,1
8387,9.388854,0
8388,3.4e-05,1
8389,11.577889,0
8390,11.525,1
8391,4e-06,1
8392,10.345928,1
8393,12.7757,1
8394,12.802812,0
8395,13.598977,1
8396,9.5e-05,1
8397,11.235583,1
8398,13.384902,0
8399,13.605982,0
8400,2.4e-05,1
8401,14.408215,1
8402,7e-06,0
8403,1.8e-05,1
8404,12.380081,0
8405,12.122153,1
8406,9.809261,0
8407,12.694462,1
8408,8.882198,0
8409,1e-06,0
8410,15.386799,0
8411,0.000111,1
8412,11.371595,0
8413,17.035765,0
8414,13.045675,0
8415,15.831645,1
8416,11.329921,1
8417,2.1e-05,1
8418,12.172193,1
8419,11.715065,0
8420,9.841643,0
8421,14.951057,1
8422,0.000149,1
8423,13.455534,1
8424,12.412074,1
8425,11.983363,1
8426,18.898254,1
8427,0.000116,1
8428,1.7e-05,1
8429,3e-05,1
8430,2e-06,0
8431,10.551827,1
8432,3.6e-05,1
8433,16.621861,1
8434,16.537998,1
8435,11.061124,1
8436,9.395777,0
8437,11.953026,0
8438,14.070173,0
8439,5.4e-05,1
8440,16.432562,1
8441,12.786249,0
8442,5.4e-05,1
8443,1e-05,1
8444,8.7e-05,1
8445,13.358612,0
8446,9.414007,0
8447,2e-05,1
8448,12.945066,0
8449,8e-06,1
8450,6e-06,1
8451,15.985433,0
8452,11.142464,1
8453,13.184307,0
8454,9.961203,0
8455,9.802646,0
8456,4.8e-05,1
8457,8e-06,0
8458,8.851648,0
8459,8.3e-05,1
8460,12.670695,0
8461,12.173921,1
8462,11.875799,0
8463,0.000188,1
8464,9.987596,0
8465,1e-06,0
8466,2e-06,0
8467,9e-05,1
8468,12.344229,1
8469,7.1e-05,1
8470,4.2e-05,1
8471,1.3e-05,1
8472,17.975561,0
8473,1.1e-05,0
8474,14.756317,0
8475,11.256675,1
8476,13.319143,0
8477,9.823092,0
8478,1e-06,0
8479,11.223369,1
8480,11.202682,0
8481,5.4e-05,1
8482,10.717599,1
8483,11.973184,1
8484,5.3e-05,0
8485,1.1e-05,0
8486,10.454404,0
8487,1.6e-05,1
8488,11.72744,0
8489,12.333102,0
8490,1.8e-05,1
8491,0.000102,1
8492,7e-06,1
8493,9.072909,0
8494,11.763686,1
8495,0.000137,1
8496,2.1e-05,1
8497,10.79225,0
8498,10.709629,1
8499,17.024361,1
8500,9.973821,0
8501,16.360399,1
8502,12.806535,0
8503,7e-06,1
8504,5.4e-05,0
8505,7.2e-05,1
8506,11.695649,1
8507,10.622193,1
8508,16.442047,0
8509,15.240381,1
8510,0.000214,1
8511,2.8e-05,1
8512,13.587432,0
8513,10.422833,1
8514,1e-05,1
8515,8e-06,1
8516,12.76822,0
8517,14.117258,1
8518,1.1e-05,0
8519,4.7e-05,1
8520,1.8e-05,0
8521,11.952033,1
8522,15.368913,1
8523,17.58037,1
8524,2e-06,1
8525,16.597977,0
8526,17.513649,1
8527,10.187143,0
8528,2e-06,0
8529,9.46261,0
8530,12.304395,0
8531,9.274783,1
8532,6e-06,1
8533,16.140057,1
8534,1e-06,1
8535,1.3e-05,1
8536,2.2e-05,1
8537,1e-06,1
8538,2e-06,0
8539,0.000236,1
8540,15.1077,1
8541,6e-06,0
8542,15.546271,0
8543,10.394237,0
8544,8.8e-05,1
8545,9.016683,1
8546,14.637394,1
8547,1e-06,1
8548,0.00012,1
8549,14.669918,1
8550,5.4e-05,1
8551,10.517548,0
8552,9e-06,1
8553,14.679465,1
8554,14.50772,0
8555,1.5e-05,1
8556,8.502205,0
8557,13.101867,1
8558,9e-05,1
8559,10.977577,0
8560,12.999773,0
8561,6.9e-05,1
8562,2.7e-05,1
8563,13.358624,1
8564,11.899857,1
8565,1.7e-05,1
8566,7.9e-05,1
8567,12.499561,0
8568,12.476057,0
8569,4e-05,1
8570,10.018274,0
8571,11.675231,1
8572,14.839969,1
8573,13.132114,0
8574,12.015859,1
8575,15.072771,1
8576,17.432735,1
8577,15.883705,0
8578,2e-06,0
8579,0.000128,1
8580,13.1242,1
8581,14.5602,0
8582,10.872834,0
8583,4e-05,1
8584,2.3e-05,1
8585,11.992167,1
8586,10.903605,0
8587,0.000324,1
8588,15.093994,1
8589,3.6e-05,0
8590,6.8e-05,1
8591,2.6e-05,1
8592,9e-06,0
8593,12.907892,0
8594,6.1e-05,1
8595,3.1e-05,1
8596,4e-06,1
8597,1.3e-05,1
8598,16.603853,0
8599,16.462379,0
8600,10.996624,1
8601,9e-06,1
8602,11.326969,1
8603,15.643635,1
8604,14.505024,1
8605,5e-06,1
8606,1e-06,1
8607,9.843208,0
8608,3e-06,1
8609,12.499369,1
8610,4e-06,1
8611,14.208617,1
8612,14.927789,0
8613,14.123654,0
8614,11.320792,0
8615,2e-06,0
8616,10.916417,0
8617,13.518792,1
8618,7e-06,0
8619,4e-06,1
8620,16.072275,1
8621,0.000495,1
8622,11.781927,1
8623,2e-06,1
8624,11.542958,1
8625,15.82543,0
8626,12.053666,1
8627,11.739826,1
8628,11.238838,0
8629,1.3e-05,1
8630,13.346412,0
8631,10.183495,1
8632,7e-06,1
8633,12.020549,1
8634,17.349323,0
8635,5e-06,1
8636,2.4e-05,0
8637,5e-06,0
8638,2.8e-05,1
8639,13.1706,0
8640,11.886219,0
8641,11.706389,1
8642,12.782757,0
8643,0.000181,1
8644,0.000373,1
8645,11.345713,0
8646,14.354254,1
8647,3.3e-05,1
8648,3.1e-05,1
8649,13.909008,0
8650,13.125138,1
8651,11.084415,0
8652,11.560926,0
8653,4.1e-05,1
8654,15.77578,1
8655,0.000285,0
8656,10.006399,0
8657,2.9e-05,1
8658,11.263118,1
8659,9.788169,0
8660,11.931561,0
8661,2e-05,1
8662,14.026744,0
8663,17.226254,0
8664,10.858409,0
8665,9e-06,0
8666,10.697648,1
8667,12.495206,1
8668,13.189244,1
8669,7.5e-05,1
8670,1.4e-05,1
8671,11.212422,0
8672,0.000117,1
8673,10.676131,1
8674,13.987197,0
8675,9.727288,1
8676,9e-06,1
8677,12.819715,0
8678,12.199535,1
8679,13.759251,0
8680,12.545329,0
8681,3e-05,1
8682,10.71387,0
8683,1.4e-05,1
8684,11.727168,0
8685,8.929214,0
8686,14.223392,1
8687,10.557867,1
8688,7.7e-05,1
8689,5e-06,1
8690,13.498487,0
8691,2.2e-05,1
8692,0.000125,1
8693,3e-06,1
8694,9.6e-05,1
8695,14.934957,0
8696,11.157747,0
8697,0.000148,1
8698,14.494037,1
8699,13.764145,0
8700,10.766646,0
8701,12.74139,0
8702,15.495596,1
8703,4e-06,1
8704,10.158658,1
8705,1.2e-05,1
8706,9.8e-05,1
8707,12.558632,0
8708,9.599079,0
8709,13.058763,1
8710,15.413614,1
8711,12.137913,1
8712,13.193098,1
8713,3.6e-05,1
8714,2.8e-05,1
8715,0.000189,1
8716,10.672078,0
8717,4.3e-05,1
8718,11.05676,0
8719,6e-06,1
8720,1e-06,0
8721,13.185026,1
8722,2e-06,1
8723,16.335396,0
8724,11.222936,0
8725,1.4e-05,1
8726,9.585123,1
8727,10.051757,0
8728,1.6e-05,1
8729,14.705143,0
8730,2.4e-05,1
8731,10.375175,1
8732,8e-06,0
8733,17.066854,1
8734,13.95942,0
8735,1.4e-05,1
8736,8.81522,1
8737,12.089124,0
8738,14.714606,1
8739,2.2e-05,1
8740,9.331553,0
8741,11.952595,0
8742,0.0,0
8743,0.00014,1
8744,0.000276,0
8745,2.5e-05,1
8746,11.612884,1
8747,0.00011,1
8748,14.808524,1
8749,8e-06,0
8750,13.18854,0
8751,12.216981,0
8752,11.113718,1
8753,0.0,1
8754,0.000109,1
8755,10.530584,0
8756,1e-06,0
8757,12.585059,0
8758,12.994731,0
8759,15.3104,1
8760,11.553827,1
8761,11.745783,1
8762,13.41836,1
8763,5.7e-05,1
8764,12.276715,0
8765,8.97061,0
8766,9.64285,1
8767,14.015329,0
8768,12.702781,1
8769,16.6334,1
8770,11.349826,0
8771,11.143398,0
8772,2.3e-05,1
8773,1.5e-05,1
8774,3.6e-05,1
8775,9e-06,0
8776,1e-06,1
8777,10.113711,1
8778,17.248755,1
8779,13.767226,1
8780,11.97437,0
8781,12.004078,0
8782,13.894477,0
8783,1e-06,1
8784,9.837379,0
8785,13.050483,1
8786,9.122861,1
8787,16.260448,1
8788,14.905633,1
8789,5.5e-05,1
8790,12.898447,1
8791,9.64377,0
8792,12.566538,1
8793,9.3e-05,1
8794,12.82133,1
8795,2.5e-05,1
8796,10.711603,1
8797,11.16628,0
8798,13.351113,1
8799,14.613695,1
8800,1e-06,0
8801,11.739498,0
8802,11.080545,1
8803,14.213814,1
8804,6e-06,1
8805,3.5e-05,1
8806,12.612369,1
8807,2.7e-05,1
8808,10.961614,0
8809,10.418217,1
8810,1.9e-05,1
8811,11.911552,1
8812,12.704814,0
8813,7e-06,1
8814,11.803226,1
8815,10.123473,1
8816,11.665713,0
8817,2.1e-05,0
8818,18.918381,1
8819,1.2e-05,1
8820,10.920306,0
8821,16.437971,1
8822,1.9e-05,1
8823,0.000154,1
8824,9.771522,1
8825,9.783579,0
8826,12.158138,1
8827,1.8e-05,1
8828,11.686771,1
8829,11.164114,1
8830,10.664497,1
8831,12.566153,1
8832,1.3e-05,1
8833,13.666064,0
8834,1.4e-05,0
8835,13.084143,1
8836,0.000128,1
8837,1.3e-05,1
8838,12.482274,1
8839,1e-06,1
8840,1e-06,0
8841,10.96973,1
8842,2.6e-05,1
8843,11.808613,0
8844,1e-06,1
8845,8e-05,1
8846,6e-06,1
8847,11.584708,0
8848,14.684895,1
8849,13.215086,1
8850,10.851562,0
8851,0.0,1
8852,5.7e-05,1
8853,1e-05,0
8854,5e-05,1
8855,2.5e-05,1
8856,12.609794,1
8857,12.472631,1
8858,3.1e-05,1
8859,3.9e-05,1
8860,9e-06,0
8861,11.536547,0
8862,1.5e-05,1
8863,14.240648,1
8864,14.820969,0
8865,1.7e-05,1
8866,1e-06,0
8867,12.156191,0
8868,11.55237,0
8869,0.000117,0
8870,12.324369,0
8871,2.5e-05,0
8872,13.729724,0
8873,11.130027,0
8874,0.000101,1
8875,10.907872,1
8876,11.522037,1
8877,11.1437,0
8878,10.755169,1
8879,1.1e-05,1
8880,17.389109,1
8881,0.000189,1
8882,11.952069,1
8883,14.524148,0
8884,1.5e-05,1
8885,11.727564,0
8886,2e-06,0
8887,0.000176,1
8888,1.5e-05,1
8889,1e-05,1
8890,6e-06,1
8891,1.1e-05,1
8892,13.330935,1
8893,5.1e-05,1
8894,6e-06,1
8895,13.536553,1
8896,13.597596,1
8897,14.913087,1
8898,4e-06,0
8899,1.3e-05,1
8900,9.707307,0
8901,11.367033,1
8902,12.750994,1
8903,13.427526,1
8904,13.630786,1
8905,12.54812,0
8906,13.133855,1
8907,16.783226,1
8908,7.3e-05,1
8909,4.3e-05,1
8910,13.105202,1
8911,1.8e-05,1
8912,11.593705,1
8913,11.926879,1
8914,10.446084,0
8915,2e-06,1
8916,12.177043,0
8917,13.72576,0
8918,13.687557,0
8919,0.000176,1
8920,12.975397,1
8921,14.022685,0
8922,1e-06,0
8923,19.054222,1
8924,1.3e-05,1
8925,10.664967,0
8926,12.119492,1
8927,1.8e-05,1
8928,15.104435,1
8929,13.114598,0
8930,13.886559,1
8931,1.6e-05,1
8932,11.886002,0
8933,17.442123,1
8934,15.09617,0
8935,14.884281,0
8936,5.5e-05,0
8937,13.173755,0
8938,0.0004,1
8939,2e-06,1
8940,13.165491,0
8941,10.836875,1
8942,19.530914,1
8943,14.807117,1
8944,16.131708,1
8945,2e-06,0
8946,10.153106,0
8947,11.990519,1
8948,12.04024,0
8949,9.7e-05,1
8950,8.864432,0
8951,14.448757,0
8952,11.414918,1
8953,11.618087,0
8954,4.8e-05,1
8955,3.1e-05,1
8956,11.515738,0
8957,10.697038,0
8958,10.767229,1
8959,12.788509,1
8960,1.8e-05,1
8961,9.874378,1
8962,6e-06,0
8963,5e-06,0
8964,3.2e-05,1
8965,2e-06,1
8966,13.096655,1
8967,3e-06,1
8968,13.596686,0
8969,12.453718,1
8970,0.000277,1
8971,12.806795,1
8972,9.547289,0
8973,15.54572,1
8974,12.149841,0
8975,2e-05,1
8976,11.961695,0
8977,10.098345,1
8978,12.999156,1
8979,13.248755,1
8980,14.432579,1
8981,11.747821,0
8982,2.3e-05,1
8983,12.768601,1
8984,0.000119,1
8985,1.8e-05,1
8986,17.841328,1
8987,12.140131,1
8988,11.73096,1
8989,4e-06,0
8990,8e-06,1
8991,6e-06,0
8992,0.000355,1
8993,12.131184,0
8994,11.502585,1
8995,1e-06,1
8996,1.3e-05,1
8997,3.2e-05,1
8998,8.600254,0
8999,6.5e-05,1
9000,10.453197,1
9001,10.035577,1
9002,15.141355,1
9003,1.4e-05,1
9004,11.380125,1
9005,10.050868,0
9006,15.014244,1
9007,12.942118,0
9008,11.675833,0
9009,16.347586,1
9010,3e-05,1
9011,12.036176,0
9012,0.000165,1
9013,5.4e-05,1
9014,12.355385,1
9015,13.354746,1
9016,12.817706,1
9017,16.345247,0
9018,4e-06,1
9019,0.0002,1
9020,10.9849,0
9021,3e-06,1
9022,1e-06,1
9023,10.8546,0
9024,15.782206,1
9025,13.620034,0
9026,0.000195,1
9027,18.966507,1
9028,12.606311,0
9029,13.773048,1
9030,5.2e-05,1
9031,8.951877,0
9032,1.2e-05,0
9033,14.318631,0
9034,2.3e-05,1
9035,9.662062,0
9036,13.495988,0
9037,1.2e-05,1
9038,2.6e-05,1
9039,2.1e-05,1
9040,13.756928,0
9041,15.845318,1
9042,11.396206,1
9043,1.2e-05,1
9044,11.53799,0
9045,8.8e-05,1
9046,8e-06,1
9047,1e-06,1
9048,4e-06,0
9049,8e-06,0
9050,0.000101,1
9051,11.95076,0
9052,14.570974,1
9053,17.635742,1
9054,3.3e-05,1
9055,12.722806,0
9056,3e-06,1
9057,1.6e-05,1
9058,4e-06,1
9059,3.7e-05,1
9060,13.269561,1
9061,7e-05,1
9062,3.9e-05,1
9063,12.593371,1
9064,10.353621,1
9065,8.7e-05,1
9066,1e-06,1
9067,12.235779,0
9068,9.803775,0
9069,1e-05,1
9070,6e-06,1
9071,10.601149,1
9072,11.966311,1
9073,0.000336,1
9074,11.200835,1
9075,6e-06,1
9076,0.0,1
9077,12.210769,0
9078,0.000115,1
9079,12.114551,1
9080,9.112395,1
9081,6.7e-05,1
9082,4e-06,1
9083,14.104229,0
9084,11.86239,0
9085,9.844024,0
9086,12.323882,0
9087,13.176104,1
9088,15.0186,1
9089,13.605022,0
9090,11.408059,0
9091,8.596214,0
9092,1.5e-05,0
9093,14.168541,1
9094,5e-06,0
9095,10.230074,0
9096,11.2856,0
9097,2.8e-05,1
9098,0.000174,1
9099,6e-06,0
9100,11.978601,1
9101,8.80197,1
9102,4e-06,0
9103,10.699309,0
9104,9e-06,1
9105,10.296209,1
9106,9.8e-05,1
9107,13.790082,1
9108,11.051761,0
9109,0.000178,1
9110,16.34668,1
9111,8e-06,1
9112,16.477711,1
9113,2.2e-05,1
9114,9.941072,0
9115,9.532164,0
9116,15.270436,1
9117,11.615635,1
9118,14.757902,1
9119,8e-06,1
9120,10.793709,1
9121,11.430057,0
9122,12.984554,0
9123,4.8e-05,0
9124,9e-06,1
9125,15.102088,1
9126,1e-06,1
9127,5.5e-05,1
9128,7.3e-05,1
9129,11.257133,1
9130,11.212663,1
9131,2e-06,0
9132,17.70933,1
9133,13.990222,0
9134,7.7e-05,1
9135,7.5e-05,1
9136,14.964954,1
9137,16.520044,1
9138,3.2e-05,1
9139,9.692676,0
9140,13.377779,0
9141,10.073015,0
9142,12.947473,1
9143,10.279796,0
9144,13.384495,1
9145,11.369507,0
9146,1e-06,0
9147,1.5e-05,1
9148,13.876937,1
9149,16.789499,1
9150,15.374673,1
9151,0.000302,0
9152,6.9e-05,1
9153,3e-06,0
9154,0.000109,1
9155,1.2e-05,1
9156,11.746275,1
9157,14.740729,1
9158,8.1e-05,1
9159,13.433058,1
9160,12.021109,1
9161,10.928469,0
9162,0.000223,1
9163,11.266012,1
9164,15.185605,1
9165,2.6e-05,1
9166,14.998176,1
9167,11.710728,0
9168,13.28599,1
9169,12.163179,1
9170,2e-06,1
9171,4.8e-05,1
9172,17.477919,1
9173,10.802958,1
9174,15.893127,1
9175,16.988098,1
9176,10.177656,0
9177,15.401017,1
9178,15.07889,1
9179,2.1e-05,0
9180,13.199533,1
9181,11.624957,0
9182,1e-05,0
9183,12.266765,1
9184,11.981751,0
9185,2e-05,1
9186,0.000246,1
9187,7e-06,1
9188,14.640159,0
9189,10.958482,0
9190,12.691744,1
9191,13.945367,1
9192,0.000111,1
9193,11.494378,0
9194,10.996292,0
9195,3.2e-05,1
9196,10.720734,0
9197,14.773096,1
9198,6.6e-05,1
9199,2.3e-05,0
9200,12.892285,1
9201,10.70864,1
9202,17.775826,1
9203,14.168631,1
9204,10.834582,1
9205,11.524575,1
9206,0.0,0
9207,11.648119,0
9208,4e-06,1
9209,13.247962,1
9210,12.027615,0
9211,12.724449,1
9212,2.4e-05,1
9213,5e-06,0
9214,12.402298,0
9215,8e-06,1
9216,15.803574,1
9217,1.8e-05,0
9218,0.000111,1
9219,3e-06,0
9220,13.152147,1
9221,8.535404,0
9222,13.743756,0
9223,1.7e-05,0
9224,12.796847,1
9225,13.627926,1
9226,12.531672,0
9227,10.343033,1
9228,8.276668,1
9229,12.362461,0
9230,13.380856,1
9231,12.383245,0
9232,11.322661,1
9233,2e-05,1
9234,0.000402,1
9235,9e-06,1
9236,9.70205,1
9237,12.731107,1
9238,0.0,0
9239,0.0,0
9240,11.622727,0
9241,11.861074,1
9242,0.000161,1
9243,5.1e-05,1
9244,1.8e-05,1
9245,1.8e-05,1
9246,7.6e-05,0
9247,12.368015,1
9248,15.304282,1
9249,7e-06,1
9250,3e-06,1
9251,13.823261,0
9252,8e-06,0
9253,9.806757,0
9254,10.630903,1
9255,13.430473,0
9256,3e-06,1
9257,2e-06,0
9258,13.506418,1
9259,13.561707,0
9260,8e-06,0
9261,12.497943,0
9262,13.170821,1
9263,11.255396,1
9264,2.6e-05,0
9265,6.4e-05,1
9266,14.261478,0
9267,4e-06,1
9268,12.846478,0
9269,3.7e-05,1
9270,12.613652,0
9271,11.983322,0
9272,10.361775,0
9273,1e-06,0
9274,1.8e-05,1
9275,9e-06,1
9276,13.394172,1
9277,14.306872,0
9278,13.918306,1
9279,12.614532,1
9280,8e-06,1
9281,12.939107,1
9282,8.734231,1
9283,1.7e-05,1
9284,4e-06,1
9285,11.92827,1
9286,16.067619,1
9287,8.623686,1
9288,5.4e-05,0
9289,15.37958,1
9290,4e-06,0
9291,1e-06,1
9292,6e-05,1
9293,16.772898,1
9294,2.3e-05,1
9295,11.634839,0
9296,11.478389,1
9297,3e-06,1
9298,10.646219,1
9299,11.584947,1
9300,11.207952,1
9301,11.479123,0
9302,9.1e-05,1
9303,12.877806,1
9304,16.116739,1
9305,11.377404,0
9306,12.117896,1
9307,10.78984,0
9308,13.311702,1
9309,8.579053,0
9310,4.6e-05,1
9311,12.317183,1
9312,4.1e-05,1
9313,5.2e-05,1
9314,10.97578,1
9315,6.9e-05,1
9316,13.850406,0
9317,1e-05,1
9318,11.062279,1
9319,11.927206,1
9320,3.1e-05,1
9321,12.434344,0
9322,10.665296,1
9323,4.6e-05,1
9324,1e-06,0
9325,11.205276,0
9326,4.3e-05,1
9327,14.434763,1
9328,11.015515,1
9329,6e-06,0
9330,11.712266,0
9331,6e-06,1
9332,10.941586,0
9333,14.12216,0
9334,12.126428,1
9335,13.171375,1
9336,0.0,0
9337,12.280275,1
9338,9.594336,1
9339,4e-06,1
9340,5e-05,1
9341,15.099753,1
9342,7.8e-05,1
9343,9.1e-05,1
9344,12.577032,1
9345,14.146753,0
9346,11.75962,0
9347,10.623453,0
9348,0.000118,1
9349,5e-06,0
9350,9.774868,0
9351,1.3e-05,1
9352,17.831018,1
9353,11.834739,0
9354,11.476783,1
9355,6e-06,1
9356,3e-06,1
9357,1.4e-05,1
9358,12.632247,0
9359,10.032721,1
9360,0.000143,1
9361,13.266493,1
9362,10.795581,1
9363,3.2e-05,1
9364,15.787046,1
9365,15.010157,1
9366,7.2e-05,1
9367,12.855992,0
9368,14.444606,1
9369,11.359779,0
9370,1.6e-05,1
9371,13.109014,1
9372,4.2e-05,1
9373,13.101541,0
9374,3e-06,0
9375,0.000326,1
9376,6e-06,1
9377,13.527652,1
9378,2e-06,0
9379,0.000115,1
9380,9.989654,0
9381,14.207456,1
9382,13.87284,1
9383,9.725144,0
9384,10.144867,0
9385,3.6e-05,1
9386,12.930779,1
9387,11.532085,1
9388,12.300019,0
9389,3.8e-05,1
9390,14.393973,0
9391,4.2e-05,1
9392,14.308537,0
9393,11.251218,1
9394,13.396798,1
9395,5e-06,0
9396,1e-06,1
9397,3e-06,0
9398,14.556797,1
9399,12.051307,1
9400,6e-06,1
9401,16.440018,1
9402,4e-06,0
9403,1e-06,0
9404,11.206045,1
9405,15.745037,1
9406,1e-05,1
9407,2.7e-05,1
9408,3e-06,1
9409,10.766399,1
9410,6e-06,0
9411,3.6e-05,1
9412,1.1e-05,1
9413,11.533999,1
9414,10.714415,1
9415,0.000216,1
9416,9.3e-05,1
9417,7.4e-05,1
9418,3e-06,0
9419,9.310721,0
9420,0.000224,1
9421,5e-06,0
9422,12.615335,0
9423,6.5e-05,0
9424,10.355202,1
9425,12.387596,0
9426,12.235497,0
9427,8.761178,0
9428,15.137915,1
9429,11.616072,0
9430,8e-06,1
9431,14.127135,0
9432,15.840748,1
9433,2.8e-05,1
9434,10.126336,1
9435,12.067534,1
9436,13.466974,0
9437,7.1e-05,1
9438,11.75631,1
9439,0.00023,1
9440,15.520166,1
9441,3e-06,1
9442,10.646611,0
9443,6.3e-05,1
9444,11.562362,1
9445,5e-06,1
9446,1e-06,0
9447,13.790302,0
9448,3e-06,1
9449,2e-06,0
9450,9.5e-05,1
9451,15.279303,0
9452,8.91506,0
9453,10.484058,0
9454,0.000115,1
9455,0.000114,1
9456,10.497707,1
9457,1.1e-05,1
9458,1e-06,1
9459,16.049177,1
9460,2.3e-05,1
9461,9.086421,0
9462,13.534669,0
9463,13.22968,1
9464,12.908222,0
9465,11.88625,0
9466,14.622984,0
9467,12.665772,1
9468,13.761465,1
9469,8e-06,0
9470,13.487125,1
9471,13.936361,1
9472,13.01593,1
9473,14.354477,1
9474,16.952278,1
9475,1.8e-05,1
9476,9.427683,0
9477,0.000188,1
9478,13.255715,0
9479,15.106021,1
9480,5e-06,1
9481,10.97333,1
9482,1.5e-05,1
9483,10.430129,1
9484,9e-06,1
9485,5.3e-05,1
9486,14.965422,1
9487,8e-06,0
9488,11.851369,0
9489,9e-06,1
9490,16.858622,0
9491,13.897081,0
9492,13.889303,1
9493,9.598595,0
9494,1.5e-05,0
9495,5.7e-05,1
9496,11.259235,1
9497,11.517577,1
9498,14.562138,1
9499,20.455908,1
9500,11.858279,1
9501,12.197764,1
9502,18.927498,1
9503,14.639262,0
9504,15.262785,1
9505,0.000108,1
9506,11.362191,1
9507,11.660653,1
9508,12.911258,1
9509,12.895297,0
9510,8e-06,0
9511,4e-05,1
9512,1.1e-05,1
9513,9.386354,0
9514,11.588733,1
9515,8e-06,1
9516,13.093363,0
9517,11.616139,0
9518,8.9e-05,1
9519,15.06731,0
9520,1.8e-05,1
9521,14.424277,0
9522,0.000122,1
9523,13.108911,0
9524,13.803522,0
9525,15.168286,0
9526,5.3e-05,1
9527,11.117971,1
9528,14.074528,0
9529,0.000221,1
9530,2.3e-05,1
9531,12.748845,1
9532,4e-06,1
9533,12.067045,1
9534,4.3e-05,1
9535,15.407694,1
9536,13.940891,1
9537,0.000173,1
9538,14.714715,1
9539,11.98663,0
9540,9.104594,0
9541,8.4e-05,1
9542,8.3e-05,1
9543,11.65912,0
9544,3e-06,0
9545,3.1e-05,1
9546,6e-06,1
9547,7e-05,1
9548,11.574306,1
9549,14.321725,1
9550,14.913073,1
9551,12.040972,0
9552,5e-06,1
9553,7e-06,1
9554,12.342724,1
9555,8.958046,0
9556,11.435246,0
9557,0.000136,1
9558,11.56299,1
9559,13.65283,1
9560,8e-06,1
9561,5.4e-05,1
9562,5e-06,1
9563,14.826797,1
9564,4e-05,1
9565,8.3e-05,1
9566,6.6e-05,1
9567,12.418432,0
9568,11.184893,0
9569,15.831132,1
9570,15.869219,1
9571,0.000312,1
9572,13.070331,1
9573,14.045677,1
9574,10.19214,0
9575,15.877191,1
9576,11.619641,1
9577,15.378148,0
9578,5e-06,0
9579,7e-06,1
9580,11.372886,0
9581,12.390975,0
9582,1.1e-05,1
9583,9.560621,0
9584,0.0001,1
9585,13.590616,1
9586,11.699065,1
9587,1.3e-05,1
9588,10.504967,1
9589,9.740636,0
9590,16.222435,0
9591,12.84314,0
9592,10.785372,1
9593,14.575357,0
9594,10.019015,0
9595,3e-06,1
9596,1e-06,1
9597,9.433238,1
9598,13.280063,1
9599,12.499395,1
9600,2.7e-05,1
9601,10.619501,1
9602,12.326077,1
9603,0.000547,1
9604,1.8e-05,1
9605,0.0,1
9606,13.425312,1
9607,0.000215,1
9608,11.32853,1
9609,7e-06,1
9610,11.44006,1
9611,11.215919,1
9612,10.490547,1
9613,12.430776,0
9614,13.168386,0
9615,3e-06,0
9616,10.590209,1
9617,16.411963,1
9618,6e-06,1
9619,11.310834,0
9620,12.245495,0
9621,5.1e-05,1
9622,11.894726,0
9623,0.000272,1
9624,0.000135,1
9625,11.994991,1
9626,2.9e-05,1
9627,16.146616,1
9628,2.1e-05,1
9629,15.227342,1
9630,10.217189,0
9631,14.127187,0
9632,14.503026,0
9633,0.000321,1
9634,2.4e-05,1
9635,11.419987,0
9636,2.4e-05,1
9637,18.652967,1
9638,13.315846,1
9639,12.58147,0
9640,10.733738,1
9641,13.267526,1
9642,9.592118,1
9643,13.134432,0
9644,7e-06,0
9645,10.72826,1
9646,5e-05,1
9647,15.707765,1
9648,4e-06,1
9649,15.33516,1
9650,11.995999,1
9651,13.084937,1
9652,4.4e-05,1
9653,9.323363,0
9654,10.169621,1
9655,8.206353,1
9656,16.199741,1
9657,9.74052,0
9658,11.777282,1
9659,2.9e-05,1
9660,10.271636,0
9661,12.594979,0
9662,12.531602,0
9663,5.6e-05,1
9664,0.0,1
9665,4e-06,1
9666,14.223258,1
9667,3e-06,0
9668,14.794663,0
9669,13.454001,1
9670,15.801354,1
9671,15.13588,1
9672,13.164728,1
9673,1e-06,0
9674,2e-06,1
9675,11.797747,1
9676,0.000159,0
9677,4.5e-05,1
9678,13.918989,0
9679,12.10683,0
9680,11.950922,0
9681,1e-06,0
9682,2.3e-05,1
9683,11.182457,1
9684,12.528321,1
9685,0.000272,1
9686,8.1e-05,1
9687,7e-06,1
9688,11.386139,0
9689,2.4e-05,1
9690,12.840602,1
9691,0.000109,1
9692,8.6e-05,1
9693,7e-06,1
9694,14.240212,1
9695,11.889165,1
9696,2e-06,1
9697,2e-06,0
9698,11.873866,0
9699,14.38575,0
9700,12.272025,1
9701,11.680359,0
9702,1e-06,0
9703,11.55887,1
9704,10.704845,1
9705,15.097122,0
9706,12.548924,0
9707,2.9e-05,1
9708,13.141447,0
9709,3.2e-05,1
9710,9.841873,0
9711,13.350405,1
9712,10.013367,1
9713,11.057796,0
9714,10.193891,1
9715,1.3e-05,1
9716,11.412409,0
9717,6.5e-05,1
9718,11.511633,1
9719,5e-06,1
9720,8.4e-05,1
9721,1e-05,1
9722,11.406939,1
9723,11.740091,1
9724,8e-06,1
9725,12.942181,0
9726,11.699698,0
9727,12.031136,1
9728,14.745113,0
9729,12.627902,1
9730,15.994318,1
9731,12.550508,0
9732,2e-06,1
9733,0.000106,1
9734,6e-06,1
9735,1.5e-05,1
9736,10.215255,0
9737,1.2e-05,1
9738,13.268677,0
9739,1.3e-05,1
9740,2.2e-05,1
9741,11.109848,0
9742,2e-06,0
9743,16.716417,1
9744,2.7e-05,1
9745,3e-06,0
9746,1.6e-05,1
9747,4e-06,1
9748,14.712343,1
9749,8.71721,0
9750,9.126392,1
9751,9e-05,1
9752,11.596204,0
9753,17.707413,1
9754,0.001127,1
9755,5e-06,1
9756,12.638558,0
9757,15.768671,1
9758,12.574484,0
9759,14.103863,1
9760,13.192094,0
9761,14.039029,1
9762,14.631765,1
9763,15.736098,1
9764,10.299606,1
9765,14.536768,1
9766,12.191775,1
9767,9.577176,1
9768,12.013597,0
9769,13.533318,1
9770,13.482896,1
9771,0.000185,1
9772,13.613333,0
9773,1.6e-05,1
9774,10.303346,0
9775,15.312135,1
9776,13.156731,1
9777,14.539866,1
9778,7e-06,1
9779,0.0,1
9780,15.55409,1
9781,16.111603,0
9782,9.510748,0
9783,2e-06,0
9784,12.003894,1
9785,8.403284,0
9786,12.969058,1
9787,2.2e-05,0
9788,1e-05,1
9789,0.000158,1
9790,14.475516,1
9791,1e-06,0
9792,12.365218,0
9793,11.812356,0
9794,12.373899,0
9795,0.000341,1
9796,4e-06,1
9797,15.683384,1
9798,14.188867,1
9799,14.138118,1
9800,15.567477,0
9801,16.393671,0
9802,16.784576,1
9803,1e-06,1
9804,2e-06,0
9805,10.618021,1
9806,14.270322,0
9807,8e-06,1
9808,4e-06,1
9809,12.240455,1
9810,1e-05,1
9811,13.713365,1
9812,16.232275,1
9813,4e-06,1
9814,4.5e-05,1
9815,10.186315,0
9816,5e-06,0
9817,14.046188,1
9818,0.000126,1
9819,11.352417,0
9820,16.579723,1
9821,2.5e-05,1
9822,1.2e-05,1
9823,0.000171,1
9824,14.112494,1
9825,9.4e-05,1
9826,12.231094,0
9827,12.171944,0
9828,13.335387,1
9829,14.648313,0
9830,11.430331,0
9831,11.683385,0
9832,0.0,1
9833,16.380274,0
9834,3.4e-05,1
9835,2.6e-05,1
9836,11.490668,0
9837,15.489918,0
9838,13.273028,1
9839,0.000172,1
9840,8.7e-05,1
9841,2e-05,1
9842,2e-06,0
9843,13.72135,1
9844,1e-06,1
9845,8.846138,0
9846,14.417397,1
9847,1e-06,1
9848,3e-06,1
9849,2.9e-05,0
9850,2e-06,1
9851,9.439056,1
9852,0.000116,1
9853,2.2e-05,0
9854,3.2e-05,1
9855,0.000172,1
9856,13.3672,1
9857,0.000192,1
9858,11.076024,0
9859,14.358488,1
9860,10.415165,1
9861,14.228113,1
9862,12.404679,0
9863,10.029864,0
9864,16.851095,1
9865,12.734199,0
9866,10.524993,0
9867,7e-05,1
9868,14.580143,1
9869,16.359573,1
9870,9.1e-05,1
9871,10.541408,0
9872,6.1e-05,1
9873,11.715746,0
9874,12.080358,1
9875,13.394734,0
9876,3.2e-05,0
9877,1.1e-05,1
9878,11.628719,0
9879,12.040431,0
9880,2e-06,0
9881,10.212796,0
9882,9e-06,1
9883,1e-06,0
9884,13.607664,0
9885,13.316689,1
9886,3.2e-05,1
9887,2e-06,1
9888,13.866549,1
9889,15.912713,1
9890,10.596277,1
9891,1e-06,0
9892,14.305156,1
9893,4.5e-05,1
9894,0.000316,1
9895,10.858516,1
9896,10.911368,0
9897,12.20038,1
9898,2.2e-05,1
9899,13.474874,1
9900,13.080591,0
9901,10.609419,0
9902,12.809334,1
9903,9.214023,1
9904,10.825707,0
9905,14.124625,0
9906,4e-06,1
9907,1.1e-05,0
9908,13.128431,1
9909,8.893629,1
9910,10.835097,1
9911,2e-06,1
9912,3.7e-05,1
9913,0.000225,1
9914,8.945117,1
9915,13.155153,0
9916,12.685897,0
9917,11.15773,0
9918,1.3e-05,1
9919,13.240999,1
9920,1.1e-05,1
9921,12.418689,0
9922,14.58583,1
9923,9.65002,0
9924,9.147827,0
9925,11.482735,0
9926,9.876693,1
9927,4e-06,1
9928,8.875753,1
9929,3.3e-05,1
9930,1.7e-05,1
9931,5e-06,1
9932,15.584028,0
9933,1e-06,1
9934,13.707676,0
9935,4e-06,1
9936,12.076486,0
9937,12.889426,0
9938,14.427923,1
9939,9.6e-05,1
9940,10.717901,0
9941,15.626474,1
9942,2e-06,0
9943,9e-05,1
9944,15.243887,1
9945,3e-06,1
9946,8.3e-05,1
9947,13.891997,1
9948,9e-06,1
9949,4e-06,1
9950,14.519989,1
9951,9e-06,1
9952,8.948009,0
9953,7.2e-05,1
9954,8.981625,0
9955,11.898766,0
9956,6.1e-05,1
9957,18.29351,1
9958,3.5e-05,1
9959,3e-06,1
9960,0.000238,1
9961,1e-06,1
9962,0.000331,0
9963,3e-06,0
9964,8.3e-05,0
9965,3e-05,1
9966,0.000168,1
9967,12.54366,0
9968,12.081549,0
9969,10.655338,0
9970,10.594919,0
9971,11.355229,1
9972,11.978453,0
9973,12.170233,1
9974,13.099136,0
9975,9.944078,0
9976,6e-06,0
9977,11.232705,1
9978,2.1e-05,1
9979,2e-06,0
9980,2.5e-05,1
9981,9.757696,0
9982,10.810587,0
9983,11.353207,1
9984,7.1e-05,1
9985,1e-05,1
9986,1e-06,1
9987,8e-06,1
9988,2e-06,1
9989,8e-06,0
9990,1.1e-05,1
9991,1.3e-05,0
9992,15.523272,1
9993,12.653188,0
9994,15.232222,0
9995,13.624638,0
9996,5e-06,1
9997,2.3e-05,1
9998,11.126626,1
9999,11.807687,0
10000,12.119031,1
10001,10.389471,1
10002,11.799463,1
10003,7e-06,0
10004,9.957905,1
10005,8.496888,0
10006,12.833574,0
10007,12.33533,1
10008,8.365233,0
10009,16.138929,1
10010,17.041468,1
10011,2e-06,0
10012,14.186579,1
10013,5.1e-05,1
10014,1e-06,1
10015,5.1e-05,1
10016,8e-06,1
10017,13.072043,1
10018,13.742553,0
10019,17.197115,0
10020,13.459781,1
10021,10.189289,0
10022,2.8e-05,0
10023,1.3e-05,1
10024,14.083174,0
10025,2e-06,0
10026,10.994768,1
10027,11.311901,0
10028,12.718777,0
10029,12.664711,0
10030,0.0,0
10031,0.000248,1
10032,12.891403,0
10033,1e-05,1
10034,15.599637,0
10035,11.950246,1
10036,12.230021,0
10037,3e-06,1
10038,14.481711,1
10039,10.140383,0
10040,12.607036,0
10041,15.463675,1
10042,12.871672,0
10043,11.164283,1
10044,13.815463,0
10045,1e-06,1
10046,0.000146,1
10047,11.115519,0
10048,11.048212,0
10049,10.789856,1
10050,14.5814,1
10051,12.107063,0
10052,10.330768,1
10053,0.000246,1
10054,1e-05,1
10055,11.319932,0
10056,1.3e-05,1
10057,10.532124,0
10058,4.9e-05,1
10059,5e-06,1
10060,11.428514,0
10061,3.5e-05,1
10062,10.901248,0
10063,14.465314,0
10064,3.5e-05,1
10065,14.488383,0
10066,15.23966,1
10067,13.559263,1
10068,12.775537,0
10069,12.881018,1
10070,5e-06,1
10071,4.2e-05,1
10072,0.0,1
10073,13.579556,1
10074,11.838104,1
10075,11.382798,1
10076,1.3e-05,1
10077,10.143546,0
10078,4.2e-05,0
10079,11.546234,1
10080,12.986792,0
10081,0.00041,1
10082,2e-06,1
10083,14.485687,0
10084,5e-06,1
10085,11.031023,1
10086,2e-06,1
10087,13.088593,0
10088,10.946143,0
10089,11.101492,0
10090,1e-06,1
10091,5.3e-05,1
10092,12.95703,0
10093,5.7e-05,1
10094,13.539567,1
10095,3e-06,1
10096,12.229875,0
10097,12.870431,1
10098,8.508488,1
10099,2.2e-05,1
10100,12.441498,0
10101,0.0,1
10102,12.890502,0
10103,13.449736,1
10104,1e-06,1
10105,4e-06,0
10106,15.189903,1
10107,1.3e-05,1
10108,10.678841,0
10109,3.1e-05,0
10110,15.45034,0
10111,0.0,1
10112,7e-06,1
10113,2e-06,0
10114,13.499358,0
10115,14.313372,0
10116,14.4923,1
10117,10.937489,0
10118,13.933739,1
10119,5e-06,1
10120,1e-06,1
10121,1.6e-05,1
10122,5e-06,1
10123,12.529595,0
10124,0.000243,1
10125,3e-06,1
10126,0.000106,1
10127,3.3e-05,1
10128,12.225774,1
10129,14.109645,1
10130,13.884768,1
10131,3.6e-05,1
10132,12.669132,1
10133,5.3e-05,1
10134,12.156998,0
10135,10.439664,1
10136,0.000438,1
10137,13.697673,1
10138,4.9e-05,1
10139,9.799001,1
10140,0.000215,1
10141,9e-06,1
10142,2.5e-05,1
10143,16.423643,1
10144,1.8e-05,1
10145,0.000243,1
10146,15.478488,1
10147,2e-06,1
10148,1e-06,0
10149,14.598579,0
10150,10.987114,1
10151,9.090683,0
10152,2.2e-05,1
10153,13.023816,1
10154,12.421253,0
10155,0.000316,1
10156,17.356438,1
10157,1.1e-05,1
10158,15.659152,1
10159,11.82309,0
10160,11.023247,0
10161,1.5e-05,1
10162,11.608008,0
10163,8e-06,1
10164,2.7e-05,1
10165,14.081075,0
10166,3e-06,1
10167,6.940048,1
10168,14.098242,1
10169,12.545008,0
10170,1e-06,1
10171,2.4e-05,1
10172,14.236627,1
10173,1e-06,1
10174,14.531231,1
10175,14.395647,1
10176,1e-05,1
10177,11.743478,0
10178,14.492818,0
10179,11.576107,0
10180,1.6e-05,1
10181,3e-06,1
10182,11.240066,0
10183,1e-06,1
10184,15.840184,0
10185,11.038012,1
10186,15.629978,0
10187,13.253829,0
10188,1e-06,1
10189,3e-06,0
10190,17.091019,0
10191,10.380577,0
10192,1.9e-05,1
10193,16.14938,0
10194,1.6e-05,1
10195,13.828638,1
10196,9.220912,0
10197,4e-06,0
10198,12.604302,0
10199,3e-06,1
10200,8e-06,1
10201,14.621835,1
10202,5e-06,1
10203,14.378962,0
10204,9.797244,1
10205,14.406971,1
10206,10.397056,1
10207,9e-06,0
10208,0.000131,1
10209,10.517589,1
10210,17.736801,1
10211,12.047987,1
10212,1e-06,0
10213,13.608384,1
10214,12.626162,0
10215,16.268681,1
10216,9.3e-05,1
10217,9.939995,1
10218,1.5e-05,1
10219,6.4e-05,1
10220,12.438499,1
10221,12.81583,0
10222,13.447726,1
10223,9.9e-05,1
10224,12.606039,1
10225,15.380026,0
10226,5e-06,1
10227,11.316235,0
10228,16.047142,1
10229,11.996999,1
10230,9.885434,0
10231,13.310826,1
10232,12.313901,0
10233,3.7e-05,1
10234,13.227735,1
10235,0.000103,1
10236,14.668944,1
10237,15.730936,1
10238,10.67145,0
10239,14.154342,0
10240,3e-06,1
10241,3e-06,0
10242,9.825669,0
10243,12.702473,1
10244,14.758712,0
10245,12.397196,1
10246,11.043297,1
10247,1.6e-05,0
10248,12.17221,0
10249,12.020642,1
10250,2.7e-05,1
10251,11.146141,0
10252,1.5e-05,1
10253,12.489306,1
10254,3e-06,0
10255,13.832919,0
10256,0.000584,1
10257,17.8738,1
10258,1.6e-05,1
10259,9.851469,1
10260,14.276665,1
10261,13.780734,1
10262,7e-06,0
10263,10.434825,0
10264,1.6e-05,1
10265,13.121637,0
10266,3e-06,1
10267,12.565835,0
10268,2e-06,1
10269,7e-05,1
10270,0.000118,1
10271,13.114738,0
10272,2.1e-05,1
10273,1.3e-05,0
10274,10.238796,1
10275,11.054773,1
10276,1e-05,1
10277,1.2e-05,0
10278,2.1e-05,1
10279,3.9e-05,1
10280,8.207333,0
10281,15.06739,0
10282,10.12133,1
10283,11.485141,1
10284,4e-06,1
10285,10.12624,1
10286,12.636573,0
10287,10.845913,0
10288,10.101478,0
10289,11.912378,0
10290,2.9e-05,1
10291,0.000114,1
10292,1.1e-05,1
10293,0.000359,1
10294,14.691045,0
10295,13.589122,0
10296,2e-06,1
10297,12.820103,0
10298,14.094455,0
10299,3e-06,1
10300,11.747581,1
10301,8.1e-05,1
10302,14.155246,0
10303,4.6e-05,1
10304,15.742577,0
10305,5.9e-05,1
10306,0.000239,1
10307,10.939991,0
10308,2.9e-05,0
10309,12.90105,0
10310,0.000149,0
10311,10.15818,1
10312,14.483624,0
10313,8.715353,0
10314,0.000321,1
10315,11.068323,1
10316,11.075998,0
10317,7.9e-05,1
10318,11.043242,0
10319,0.0,0
10320,0.000191,1
10321,12.09608,1
10322,1.2e-05,0
10323,3.4e-05,1
10324,10.676702,0
10325,16.708193,1
10326,13.440125,0
10327,1e-06,1
10328,14.259791,1
10329,11.413808,0
10330,18.698343,1
10331,1e-06,0
10332,16.418234,1
10333,12.489117,0
10334,14.830361,0
10335,14.297795,1
10336,1.6e-05,1
10337,2.2e-05,1
10338,1.6e-05,1
10339,13.824009,0
10340,11.777332,0
10341,13.98253,0
10342,14.989772,1
10343,9.011124,0
10344,12.189266,0
10345,15.777831,1
10346,1.7e-05,1
10347,1e-05,0
10348,18.277409,1
10349,13.432375,1
10350,15.394465,1
10351,2.7e-05,1
10352,13.035179,1
10353,0.000121,1
10354,12.446716,1
10355,13.581041,0
10356,8.860598,0
10357,14.337781,0
10358,0.000191,1
10359,17.24824,1
10360,0.0,0
10361,0.000126,1
10362,7.357412,1
10363,14.078977,1
10364,4e-06,1
10365,5.1e-05,1
10366,6.2e-05,1
10367,12.840354,0
10368,11.610628,0
10369,0.000161,1
10370,0.0,1
10371,2.5e-05,1
10372,7e-06,1
10373,6e-06,1
10374,10.825224,0
10375,9.560413,0
10376,12.694051,1
10377,1e-06,0
10378,17.029718,1
10379,1.5e-05,1
10380,5.6e-05,1
10381,11.392802,0
10382,6e-06,0
10383,14.41134,1
10384,13.388751,1
10385,2.6e-05,1
10386,11.393277,1
10387,2e-06,0
10388,4e-06,1
10389,13.21069,1
10390,0.000127,1
10391,12.527609,1
10392,13.450336,1
10393,18.140499,1
10394,0.000261,1
10395,14.857402,1
10396,12.873794,1
10397,4.1e-05,1
10398,0.000891,1
10399,4.6e-05,1
10400,17.420311,1
10401,13.383375,1
10402,18.796732,1
10403,11.759907,1
10404,12.080102,0
10405,1e-06,1
10406,12.658243,0
10407,15.585047,1
10408,2.3e-05,1
10409,12.864086,1
10410,14.646302,1
10411,14.321162,1
10412,3e-06,1
10413,16.266193,1
10414,12.127316,1
10415,9.844965,1
10416,15.192573,0
10417,1.1e-05,1
10418,9.469835,0
10419,10.788363,1
10420,1.6e-05,0
10421,12.815318,1
10422,4.7e-05,1
10423,0.000121,1
10424,5.8e-05,1
10425,14.568193,1
10426,0.000506,1
10427,2e-06,0
10428,6e-05,1
10429,10.559567,1
10430,13.028723,1
10431,1e-06,1
10432,2.8e-05,1
10433,11.484234,0
10434,0.0,1
10435,9.9e-05,0
10436,13.600105,1
10437,12.957368,0
10438,13.82721,1
10439,16.12607,1
10440,12.424632,0
10441,5.8e-05,1
10442,6e-06,1
10443,11.950673,0
10444,0.000219,1
10445,3e-06,1
10446,1.4e-05,1
10447,0.000104,1
10448,13.025842,1
10449,14.397321,1
10450,16.132759,0
10451,8e-05,1
10452,9.4e-05,1
10453,15.215982,1
10454,11.277883,0
10455,10.904175,0
10456,10.482094,0
10457,5e-06,1
10458,1.2e-05,1
10459,12.351667,0
10460,13.811954,0
10461,9.559317,0
10462,11.774591,1
10463,0.000291,1
10464,9e-06,0
10465,0.0,0
10466,1.5e-05,1
10467,11.096676,0
10468,11.84289,0
10469,13.77229,1
10470,3.1e-05,1
10471,13.125054,0
10472,6e-06,1
10473,1.1e-05,1
10474,4.1e-05,1
10475,16.372164,1
10476,10.833755,0
10477,1.4e-05,0
10478,10.047415,0
10479,11.990351,1
10480,9.307323,0
10481,9.8e-05,1
10482,5e-05,1
10483,13.044813,1
10484,2e-06,0
10485,15.150172,0
10486,2.4e-05,1
10487,12.839188,1
10488,10.365636,1
10489,15.470765,1
10490,14.721305,1
10491,10.542246,1
10492,9.790007,0
10493,0.000364,1
10494,9.619297,0
10495,5.1e-05,1
10496,11.887303,1
10497,9e-06,1
10498,10.619817,1
10499,7e-06,1
10500,5.7e-05,1
10501,14.146882,1
10502,3e-06,1
10503,10.562098,0
10504,4e-05,0
10505,13.121415,1
10506,3e-06,1
10507,1e-06,1
10508,12.733186,0
10509,12.847204,1
10510,2e-06,0
10511,7e-06,0
10512,13.797457,1
10513,9e-05,1
10514,16.099619,1
10515,10.6518,1
10516,13.271948,0
10517,6e-06,1
10518,10.062125,0
10519,16.412189,1
10520,11.466058,1
10521,13.312741,1
10522,13.942252,1
10523,14.56036,0
10524,5.6e-05,1
10525,1.6e-05,1
10526,3e-06,1
10527,11.294451,0
10528,12.616978,1
10529,7e-06,0
10530,14.564584,1
10531,1e-06,0
10532,1e-05,1
10533,13.643828,0
10534,7e-06,1
10535,0.000194,1
10536,4.5e-05,0
10537,16.278904,1
10538,6e-06,1
10539,4.2e-05,1
10540,14.94008,0
10541,10.464523,0
10542,0.000143,0
10543,12.49887,0
10544,17.266865,1
10545,3e-06,0
10546,3e-06,1
10547,5.1e-05,1
10548,2e-06,1
10549,11.699144,1
10550,5.2e-05,0
10551,13.255369,0
10552,3.4e-05,1
10553,10.109216,1
10554,7e-06,0
10555,13.746135,1
10556,10.868195,0
10557,10.293004,0
10558,5e-06,0
10559,10.778131,0
10560,12.748549,0
10561,13.458566,0
10562,1.9e-05,1
10563,2e-06,1
10564,2e-06,0
10565,3e-06,0
10566,9.133699,0
10567,13.51701,1
10568,9e-05,1
10569,15.609525,1
10570,6e-06,0
10571,13.634827,0
10572,1.7e-05,1
10573,1e-06,1
10574,11.808035,0
10575,7.3e-05,1
10576,7.2e-05,1
10577,9.776201,1
10578,16.093567,1
10579,10.333176,1
10580,11.666712,0
10581,13.639589,0
10582,9.1e-05,1
10583,1.3e-05,0
10584,12.121328,1
10585,7.4e-05,1
10586,3.7e-05,1
10587,12.783462,1
10588,12.78517,0
10589,12.412401,1
10590,15.098216,1
10591,17.401423,1
10592,16.739511,0
10593,10.622549,1
10594,13.738103,1
10595,14.898171,1
10596,10.975746,1
10597,13.202065,1
10598,4e-05,1
10599,10.505809,0
10600,12.490403,0
10601,0.0004,1
10602,13.782487,1
10603,0.0001,1
10604,13.853189,0
10605,13.169392,0
10606,12.184072,1
10607,15.522667,1
10608,10.717291,0
10609,14.237126,0
10610,13.369021,1
10611,3.3e-05,1
10612,13.034375,0
10613,12.830485,1
10614,1e-05,0
10615,2e-06,1
10616,1e-06,0
10617,13.217889,0
10618,15.309689,0
10619,12.053677,1
10620,1.8e-05,1
10621,1.5e-05,1
10622,14.325749,1
10623,9e-06,0
10624,4e-06,0
10625,11.146256,0
10626,2e-06,0
10627,12.831509,1
10628,13.850734,1
10629,1.3e-05,1
10630,12.334945,1
10631,11.525137,0
10632,16.657209,1
10633,0.000111,1
10634,12.945333,1
10635,13.643007,1
10636,14.21452,1
10637,13.002321,1
10638,12.302594,0
10639,4e-05,0
10640,2e-05,1
10641,7.9e-05,1
10642,15.55729,1
10643,12.942425,0
10644,11.093831,0
10645,2e-06,1
10646,17.076765,0
10647,0.000361,1
10648,13.516253,1
10649,10.33725,1
10650,8e-06,0
10651,12.07284,1
10652,11.143821,1
10653,6.2e-05,1
10654,12.193454,1
10655,10.460546,1
10656,3e-06,0
10657,0.0,0
10658,11.759021,0
10659,11.69265,0
10660,15.062476,1
10661,16.613922,1
10662,12.738534,1
10663,15.3794,1
10664,10.68292,0
10665,0.000279,1
10666,11.786449,0
10667,15.384916,1
10668,11.680926,0
10669,13.184374,1
10670,12.685418,0
10671,10.25007,1
10672,16.696072,1
10673,13.113264,0
10674,0.000138,1
10675,9.424666,0
10676,13.516795,0
10677,11.763549,0
10678,16.991816,1
10679,12.044191,1
10680,13.880985,1
10681,14.740724,1
10682,11.945611,0
10683,9.357047,1
10684,13.901601,1
10685,14.240161,1
10686,0.000123,1
10687,0.000825,1
10688,12.901149,1
10689,11.902365,1
10690,10.200115,0
10691,12.862489,0
10692,14.867919,1
10693,12.429802,1
10694,9.448083,0
10695,6e-06,1
10696,9.756878,0
10697,13.231355,1
10698,13.267595,0
10699,13.082232,1
10700,0.000113,1
10701,0.000201,1
10702,14.130052,1
10703,1.7e-05,1
10704,10.201129,0
10705,11.99775,0
10706,11.100423,1
10707,9.982862,1
10708,1e-06,0
10709,1.9e-05,1
10710,11.545074,1
10711,6e-06,1
10712,11.841979,1
10713,2.7e-05,1
10714,1e-06,0
10715,11.883846,1
10716,10.725768,1
10717,2.6e-05,1
10718,1e-05,1
10719,0.000193,1
10720,9.064739,0
10721,1.7e-05,1
10722,3e-06,1
10723,10.912367,0
10724,10.382803,0
10725,13.998938,1
10726,12.797118,0
10727,12.162693,1
10728,2.4e-05,1
10729,1e-06,1
10730,12.403936,0
10731,4e-06,0
10732,12.920884,0
10733,15.730464,1
10734,11.734776,1
10735,1.7e-05,1
10736,13.428525,0
10737,4e-06,0
10738,3e-06,1
10739,0.000103,1
10740,11.750051,0
10741,2e-06,0
10742,3e-06,1
10743,12.726419,1
10744,0.000913,1
10745,12.103354,0
10746,9.924264,0
10747,1.9e-05,1
10748,6e-06,1
10749,2.6e-05,1
10750,12.225086,1
10751,6.8e-05,1
10752,1.6e-05,1
10753,1e-05,1
10754,3.2e-05,1
10755,14.117836,1
10756,12.382793,0
10757,17.876822,1
10758,1e-06,0
10759,13.421548,1
10760,13.918611,1
10761,14.275773,1
10762,0.000117,1
10763,13.873092,1
10764,0.000112,1
10765,1e-06,1
10766,5e-06,1
10767,2.6e-05,1
10768,7e-06,1
10769,8.947205,0
10770,11.192839,0
10771,11.341891,0
10772,7e-06,1
10773,0.000283,1
10774,13.336953,0
10775,12.837044,1
10776,11.905222,0
10777,1.2e-05,1
10778,4.5e-05,1
10779,2.3e-05,1
10780,9.785082,0
10781,12.660392,1
10782,13.229955,1
10783,11.88295,0
10784,7e-06,1
10785,11.785811,0
10786,11.898221,1
10787,10.073876,1
10788,3e-06,1
10789,11.902777,0
10790,13.373514,1
10791,9.8e-05,1
10792,10.907295,1
10793,12.71487,1
10794,14.585382,0
10795,3.1e-05,1
10796,2.6e-05,1
10797,13.902904,0
10798,5.1e-05,1
10799,1e-06,1
10800,3.5e-05,1
10801,13.956331,1
10802,1e-06,0
10803,12.210669,1
10804,16.120333,1
10805,6.5e-05,1
10806,14.360959,1
10807,0.000242,1
10808,12.33727,1
10809,16.880873,1
10810,14.783641,1
10811,4e-06,1
10812,10.872715,0
10813,11.865657,1
10814,13.913651,1
10815,10.544761,1
10816,11.476132,0
10817,10.540733,0
10818,11.652161,0
10819,0.0,0
10820,12.358394,1
10821,13.80973,1
10822,7.7e-05,1
10823,0.000341,1
10824,14.340082,1
10825,14.804962,1
10826,10.219851,0
10827,4.5e-05,1
10828,4e-06,1
10829,13.680431,1
10830,0.000104,1
10831,14.542636,1
10832,5e-06,1
10833,16.062527,1
10834,12.678916,1
10835,2e-06,0
10836,5e-06,0
10837,11.681795,1
10838,2.2e-05,1
10839,13.956718,1
10840,14.841556,1
10841,8.923685,0
10842,0.0,0
10843,10.913922,0
10844,12.416177,0
10845,4.3e-05,1
10846,8e-06,0
10847,9e-06,1
10848,1.6e-05,1
10849,6e-06,1
10850,4.2e-05,1
10851,1.2e-05,1
10852,9.5e-05,0
10853,16.250555,1
10854,10.769143,0
10855,13.560856,1
10856,3e-05,1
10857,1.4e-05,1
10858,10.104229,0
10859,4e-06,1
10860,3e-06,0
10861,1.2e-05,1
10862,15.369629,1
10863,9.768167,1
10864,1e-05,1
10865,15.99237,1
10866,0.000416,1
10867,7.9e-05,1
10868,4e-06,1
10869,1.2e-05,1
10870,14.055349,0
10871,12.971839,1
10872,5.8e-05,1
10873,11.550666,1
10874,12.765826,1
10875,2.5e-05,1
10876,4.9e-05,1
10877,17.821066,1
10878,13.870809,0
10879,9e-06,0
10880,12.592518,1
10881,13.797902,0
10882,2e-06,1
10883,11.376796,0
10884,1e-06,0
10885,1e-05,1
10886,9e-06,1
10887,2.2e-05,1
10888,13.377131,0
10889,11.754026,0
10890,3e-06,0
10891,16.256096,1
10892,3.8e-05,1
10893,0.000273,1
10894,11.499601,0
10895,13.251322,0
10896,7.837141,0
10897,14.461466,0
10898,10.292133,1
10899,1.8e-05,1
10900,12.183446,1
10901,13.177961,1
10902,0.000125,1
10903,0.0,0
10904,1.2e-05,1
10905,13.583826,0
10906,12.972085,1
10907,12.902075,0
10908,12.622927,0
10909,2.6e-05,1
10910,11.729165,1
10911,10.140612,0
10912,14.899558,0
10913,11.018099,0
10914,6.4e-05,1
10915,13.257487,0
10916,14.601104,1
10917,5e-06,1
10918,11.355792,0
10919,14.250822,1
10920,12.065072,1
10921,12.041212,0
10922,0.000169,1
10923,14.782248,0
10924,1.2e-05,1
10925,1e-06,0
10926,1e-06,1
10927,18.174759,1
10928,9e-06,1
10929,8.906196,0
10930,5e-06,1
10931,10.88673,1
10932,11.60189,1
10933,14.140727,1
10934,0.000269,1
10935,14.608536,1
10936,0.000121,1
10937,15.5505,1
10938,1.2e-05,0
10939,10.291,1
10940,11.111358,1
10941,12.219399,0
10942,15.532703,1
10943,10.885777,1
10944,16.705381,1
10945,0.000445,1
10946,5e-06,1
10947,0.000117,1
10948,1.9e-05,1
10949,12.082413,1
10950,12.549475,0
10951,9.504325,0
10952,1.9e-05,1
10953,0.000454,1
10954,1.6e-05,1
10955,2.5e-05,1
10956,8.694049,0
10957,11.919802,1
10958,5.2e-05,1
10959,10.84345,1
10960,9.969201,0
10961,11.77007,0
10962,14.361154,0
10963,10.712908,1
10964,0.000177,1
10965,11.517643,0
10966,2.3e-05,1
10967,12.552024,0
10968,4e-06,1
10969,12.603152,1
10970,8.969346,0
10971,2.5e-05,0
10972,11.001143,0
10973,6e-06,1
10974,0.000207,1
10975,11.682208,1
10976,12.961686,0
10977,11.192692,0
10978,4e-06,0
10979,11.844137,0
10980,10.94696,0
10981,12.439476,1
10982,12.250816,0
10983,10.972632,1
10984,6e-06,1
10985,12.575058,1
10986,11.873701,1
10987,3e-06,1
10988,11.820436,0
10989,14.686697,1
10990,14.793642,1
10991,15.685743,1
10992,0.00012,1
10993,0.000233,1
10994,11.722591,0
10995,0.000901,1
10996,9.175033,1
10997,16.047335,1
10998,1e-05,1
10999,1.6e-05,1
11000,1e-06,0
11001,13.79515,0
11002,14.551865,0
11003,13.921737,0
11004,13.589528,0
11005,0.000508,1
11006,12.340975,0
11007,4.7e-05,1
11008,11.454592,1
11009,11.031843,1
11010,5.9e-05,1
11011,0.0,1
11012,13.515045,0
11013,7e-06,1
11014,14.942561,0
11015,9.916976,0
11016,8e-06,1
11017,15.533287,1
11018,10.992052,0
11019,2e-05,1
11020,4.7e-05,1
11021,10.073227,1
11022,3.2e-05,1
11023,10.166047,1
11024,8e-06,1
11025,9.2e-05,1
11026,10.97831,0
11027,10.700628,1
11028,11.855932,1
11029,9.879793,0
11030,1e-06,1
11031,12.208492,1
11032,12.434501,0
11033,12.715706,0
11034,8e-06,1
11035,13.476705,0
11036,1.1e-05,1
11037,11.678253,1
11038,13.965,1
11039,3e-06,1
11040,10.00546,1
11041,7e-05,1
11042,4.4e-05,1
11043,16.738054,1
11044,0.000355,1
11045,13.00397,0
11046,12.681524,1
11047,10.159725,1
11048,10.149607,1
11049,6e-06,1
11050,2e-06,1
11051,4.6e-05,1
11052,8.923263,0
11053,9.163607,0
11054,1e-06,0
11055,15.99167,0
11056,4e-06,1
11057,13.137949,0
11058,1.2e-05,1
11059,17.390024,0
11060,9.6e-05,1
11061,1.6e-05,1
11062,9e-06,0
11063,2e-06,1
11064,6.3e-05,1
11065,4e-06,1
11066,17.170517,1
11067,1e-06,1
11068,16.551229,1
11069,3e-06,0
11070,13.80732,0
11071,14.204606,1
11072,15.390924,1
11073,2.9e-05,1
11074,13.773021,0
11075,11.829475,0
11076,12.839296,1
11077,11.792583,0
11078,13.217224,1
11079,9.6e-05,1
11080,9.850447,0
11081,3e-06,1
11082,17.687754,1
11083,11.8012,1
11084,1.4e-05,0
11085,10.925845,0
11086,3.5e-05,1
11087,0.000717,1
11088,7.6e-05,1
11089,13.518881,1
11090,11.710244,1
11091,11.40661,1
11092,15.385149,0
11093,12.785955,0
11094,5e-05,1
11095,14.853032,1
11096,0.000137,0
11097,15.563026,0
11098,0.000106,0
11099,11.165355,0
11100,14.981767,1
11101,14.764533,0
11102,12.992405,1
11103,4e-06,1
11104,13.590414,1
11105,0.0,0
11106,1e-06,1
11107,0.000176,1
11108,10.496795,0
11109,14.122157,1
11110,15.040855,0
11111,0.0,0
11112,15.613729,1
11113,12.794395,0
11114,12.652685,0
11115,1.5e-05,1
11116,13.247905,1
11117,13.235194,0
11118,12.128598,0
11119,6.1e-05,1
11120,12.841602,1
11121,12.060986,0
11122,14.057795,0
11123,15.329268,1
11124,3e-06,1
11125,11.67665,0
11126,3.2e-05,1
11127,2e-06,1
11128,11.658524,0
11129,2e-06,0
11130,16.971596,1
11131,12.440062,1
11132,2e-06,1
11133,8e-06,1
11134,11.044121,1
11135,12.43662,0
11136,5e-06,1
11137,12.14719,0
11138,15.572576,1
11139,10.7344,0
11140,10.360814,0
11141,4e-06,1
11142,11.186869,0
11143,12.790106,1
11144,1.9e-05,0
11145,0.0001,1
11146,10.445889,1
11147,14.888659,1
11148,14.977163,1
11149,12.366426,1
11150,11.988399,0
11151,1.2e-05,1
11152,15.094542,1
11153,12.560049,0
11154,11.053271,0
11155,12.800046,1
11156,2.4e-05,1
11157,9.704102,0
11158,5e-06,1
11159,1.2e-05,1
11160,8.306225,0
11161,15.872297,1
11162,2.6e-05,1
11163,10.456486,0
11164,4.3e-05,1
11165,13.936395,0
11166,18.153694,1
11167,11.319431,1
11168,1e-06,1
11169,3e-06,0
11170,14.439801,0
11171,14.791398,0
11172,2e-06,1
11173,0.0,1
11174,1.4e-05,0
11175,17.747158,1
11176,11.841238,0
11177,7e-06,1
11178,15.822725,1
11179,9.90274,1
11180,1.7e-05,1
11181,15.789094,1
11182,13.737342,1
11183,14.6398,0
11184,16.077524,1
11185,12.143612,0
11186,13.862648,0
11187,3e-06,0
11188,10.400298,0
11189,2e-06,0
11190,0.000211,1
11191,5.7e-05,1
11192,11.944198,0
11193,12.362131,1
11194,17.801718,1
11195,1.2e-05,1
11196,12.977328,1
11197,2.7e-05,1
11198,10.609198,0
11199,10.305071,1
11200,10.52339,0
11201,9.2e-05,1
11202,9.494089,1
11203,8e-06,1
11204,13.181584,0
11205,0.000383,0
11206,1.2e-05,0
11207,15.099155,0
11208,7e-06,1
11209,8.2e-05,0
11210,12.790099,0
11211,6e-06,1
11212,4e-06,1
11213,12.255583,1
11214,9.727472,0
11215,1e-05,0
11216,12.286842,1
11217,2e-06,1
11218,13.947143,1
11219,9.99263,0
11220,11.894699,0
11221,13.994143,1
11222,11.781669,1
11223,13.912671,0
11224,15.976081,0
11225,7.2e-05,1
11226,12.041346,1
11227,3.2e-05,1
11228,2e-06,0
11229,6.6e-05,1
11230,10.716602,0
11231,12.866806,0
11232,0.000362,1
11233,12.972774,1
11234,15.183702,1
11235,12.287163,1
11236,13.081159,1
11237,16.613068,1
11238,2e-06,1
11239,12.35938,1
11240,7e-05,1
11241,1.4e-05,1
11242,17.504877,1
11243,12.590868,1
11244,10.018199,1
11245,16.533173,1
11246,9.05695,0
11247,12.461322,0
11248,2e-06,1
11249,12.527521,1
11250,13.687419,0
11251,3.1e-05,1
11252,11.805904,1
11253,3e-06,0
11254,0.00051,1
11255,12.935812,1
11256,9.4e-05,1
11257,14.048661,1
11258,15.027674,1
11259,7e-06,1
11260,1.9e-05,1
11261,14.210167,1
11262,15.246264,1
11263,0.00062,1
11264,8.8e-05,1
11265,1e-05,1
11266,1.7e-05,1
11267,11.475635,0
11268,8.958282,0
11269,3.4e-05,1
11270,0.0002,1
11271,11.695115,0
11272,2.9e-05,1
11273,12.767934,0
11274,0.000717,1
11275,12.852582,0
11276,9.252948,1
11277,11.238756,1
11278,11.684132,1
11279,8.8e-05,1
11280,3e-06,0
11281,7e-06,1
11282,11.867678,1
11283,3.9e-05,1
11284,1e-06,0
11285,1.3e-05,1
11286,9.571929,0
11287,13.614124,0
11288,17.307047,1
11289,3e-06,0
11290,3e-05,1
11291,12.679587,1
11292,0.000127,1
11293,14.31313,0
11294,5.9e-05,1
11295,5e-06,0
11296,18.334909,1
11297,14.568464,0
11298,15.222225,0
11299,11.175309,1
11300,1.6e-05,1
11301,1.2e-05,1
11302,14.728007,1
11303,1.3e-05,1
11304,9.218609,0
11305,10.088523,0
11306,12.704961,0
11307,9.489485,1
11308,0.000143,1
11309,12.073652,1
11310,17.382273,0
11311,2e-06,1
11312,1e-06,1
11313,10.885123,1
11314,13.704314,1
11315,11.516652,1
11316,15.597517,1
11317,4e-06,1
11318,11.144145,0
11319,10.477015,0
11320,13.184008,1
11321,5e-06,1
11322,8.195767,1
11323,10.878375,0
11324,3.1e-05,1
11325,0.00029,1
11326,10.49441,0
11327,14.330635,0
11328,11.785662,0
11329,14.285426,0
11330,15.98628,1
11331,1.3e-05,1
11332,15.889443,1
11333,11.799862,1
11334,13.106555,1
11335,11.93373,1
11336,14.395091,1
11337,9.804279,0
11338,16.402735,1
11339,14.108315,1
11340,3.9e-05,1
11341,8.2e-05,1
11342,11.318476,1
11343,11.029809,1
11344,7e-06,1
11345,12.02466,1
11346,1.5e-05,1
11347,9e-05,1
11348,11.988088,0
11349,10.258707,1
11350,7.2e-05,0
11351,5e-06,0
11352,13.792312,0
11353,13.601579,0
11354,13.37505,0
11355,2e-06,1
11356,5e-05,1
11357,2.8e-05,1
11358,14.410922,0
11359,1.5e-05,1
11360,0.0002,1
11361,12.603595,0
11362,11.584688,1
11363,11.99187,1
11364,12.495205,0
11365,12.282526,1
11366,13.897664,1
11367,12.268977,1
11368,0.000164,1
11369,3e-06,0
11370,3e-06,1
11371,8.9e-05,1
11372,11.819942,1
11373,8e-06,0
11374,0.000264,0
11375,13.091673,0
11376,4e-06,1
11377,13.295042,1
11378,12.117606,1
11379,0.000189,1
11380,13.942696,1
11381,1.1e-05,1
11382,12.579981,1
11383,0.000102,1
11384,11.536717,1
11385,15.712902,1
11386,15.771139,1
11387,15.137084,0
11388,12.397644,0
11389,1.7e-05,1
11390,14.649591,0
11391,0.000124,1
11392,7.1e-05,1
11393,10.599689,0
11394,0.000135,1
11395,16.708414,1
11396,5.2e-05,0
11397,9.654566,0
11398,10.247961,0
11399,14.13209,1
11400,15.243833,1
11401,10.708202,0
11402,16.49296,0
11403,13.574569,1
11404,12.187296,1
11405,5.1e-05,0
11406,6.7e-05,1
11407,10.749433,0
11408,11.816031,1
11409,12.224708,0
11410,2.1e-05,0
11411,4e-06,0
11412,14.384535,0
11413,10.486148,0
11414,4.7e-05,1
11415,3.5e-05,1
11416,1e-06,0
11417,11.581249,1
11418,15.269848,1
11419,11.009233,0
11420,4e-06,1
11421,0.0,0
11422,12.524534,0
11423,11.176406,0
11424,15.422175,1
11425,11.909644,0
11426,4.8e-05,1
11427,1e-06,1
11428,2e-06,1
11429,10.790884,1
11430,10.057719,1
11431,1.2e-05,1
11432,3e-06,1
11433,8.3e-05,1
11434,11.36387,1
11435,11.343348,1
11436,2.3e-05,0
11437,10.830853,0
11438,13.359282,0
11439,2e-06,0
11440,10.71234,0
11441,14.341849,1
11442,1e-06,1
11443,7e-06,1
11444,1.4e-05,1
11445,6e-06,0
11446,12.381573,0
11447,12.120141,1
11448,6.7e-05,1
11449,13.026697,0
11450,12.303301,0
11451,13.230395,1
11452,15.807668,1
11453,12.249449,1
11454,13.761467,0
11455,10.849716,0
11456,2.7e-05,1
11457,13.596461,0
11458,9.275941,0
11459,9.4e-05,1
11460,10.280123,0
11461,14.132168,1
11462,11.263268,1
11463,2e-06,0
11464,13.388535,1
11465,3e-06,1
11466,9.573287,1
11467,1.9e-05,0
11468,2.1e-05,1
11469,2.1e-05,1
11470,10.137013,0
11471,7e-06,1
11472,10.522201,0
11473,10.995695,1
11474,13.1172,1
11475,13.760214,1
11476,13.738304,0
11477,3e-06,1
11478,11.564287,1
11479,9.753703,0
11480,1e-05,1
11481,6.4e-05,1
11482,0.0,0
11483,10.046721,0
11484,14.463278,1
11485,11.086128,0
11486,11.733603,1
11487,10.07781,0
11488,5.2e-05,1
11489,15.57548,0
11490,13.698119,1
11491,1.9e-05,1
11492,16.467758,1
11493,15.9889,0
11494,14.613484,1
11495,5.6e-05,1
11496,11.299177,0
11497,11.150805,0
11498,13.986975,1
11499,9.215751,0
11500,12.860235,0
11501,16.79027,1
11502,11.506067,0
11503,5.2e-05,1
11504,8.8e-05,1
11505,0.0,1
11506,11.826197,0
11507,12.035525,1
11508,13.020496,0
11509,6e-06,1
11510,9.2e-05,1
11511,8.951389,0
11512,13.583947,1
11513,2.6e-05,1
11514,14.296727,1
11515,4e-06,1
11516,6e-06,1
11517,1.2e-05,1
11518,14.140694,0
11519,11.14362,0
11520,13.065125,0
11521,2.1e-05,1
11522,13.165237,0
11523,12.707858,0
11524,1e-06,0
11525,16.087202,1
11526,3.1e-05,1
11527,10.984134,0
11528,9.428992,1
11529,12.684707,0
11530,4.5e-05,1
11531,10.45793,0
11532,3e-06,1
11533,10.609279,1
11534,2e-06,1
11535,6e-06,1
11536,10.372581,1
11537,2e-06,0
11538,13.163003,0
11539,10.617202,0
11540,11.7281,0
11541,13.27578,1
11542,0.000162,1
11543,12.16213,1
11544,3.4e-05,1
11545,10.791511,0
11546,11.3897,0
11547,5.5e-05,1
11548,15.285018,0
11549,7e-06,1
11550,4.6e-05,1
11551,11.631521,0
11552,11.535398,1
11553,1.1e-05,1
11554,1.6e-05,1
11555,13.774623,1
11556,11.909885,0
11557,13.890325,0
11558,14.336054,1
11559,0.000429,1
11560,14.971734,1
11561,6.7e-05,1
11562,10.113877,0
11563,10.624584,1
11564,0.000201,1
11565,10.096055,0
11566,5.1e-05,1
11567,13.506426,1
11568,11.716271,1
11569,1e-06,1
11570,3e-06,1
11571,15.804041,1
11572,1e-05,1
11573,12.092691,1
11574,0.000305,1
11575,11.486286,1
11576,3.1e-05,1
11577,5.3e-05,1
11578,6.8e-05,1
11579,11.337125,0
11580,0.000115,1
11581,11.667609,1
11582,14.840796,0
11583,12.609035,1
11584,11.639389,0
11585,12.509624,0
11586,13.627118,1
11587,4e-06,0
11588,12.408299,1
11589,3e-06,1
11590,3.1e-05,0
11591,13.942496,0
11592,15.644641,1
11593,0.0001,1
11594,7e-06,0
11595,15.946066,0
11596,11.752053,0
11597,2e-06,0
11598,11.496268,0
11599,14.062263,0
11600,5.3e-05,0
11601,1e-05,1
11602,16.054405,1
11603,11.8828,0
11604,16.399807,1
11605,3.1e-05,0
11606,11.192553,1
11607,10.533306,0
11608,11.198954,1
11609,15.427729,0
11610,15.764522,1
11611,1.6e-05,1
11612,3.3e-05,0
11613,11.0225,0
11614,14.939036,0
11615,12.806709,0
11616,13.217547,1
11617,0.0,0
11618,2.5e-05,1
11619,10.622952,1
11620,1.6e-05,1
11621,11.608087,0
11622,10.52308,0
11623,5.3e-05,1
11624,9.822781,0
11625,10.162657,0
11626,0.000122,1
11627,4.5e-05,1
11628,0.000391,1
11629,15.42113,1
11630,12.698029,0
11631,13.363759,1
11632,15.673923,1
11633,10.854885,0
11634,12.848199,1
11635,1.5e-05,1
11636,13.206844,0
11637,12.883663,0
11638,13.342583,1
11639,4e-06,0
11640,10.894371,1
11641,2e-05,1
11642,11.487171,1
11643,1e-06,1
11644,0.000216,1
11645,13.291492,1
11646,12.425303,1
11647,11.528551,0
11648,9.830498,1
11649,9.654119,1
11650,16.566599,1
11651,10.844027,0
11652,5.3e-05,1
11653,9e-06,1
11654,15.994969,1
11655,11.459561,0
11656,0.000264,1
11657,1.3e-05,1
11658,11.941189,0
11659,16.766487,1
11660,12.469494,1
11661,11.82567,1
11662,3.4e-05,1
11663,9.520101,0
11664,9e-05,1
11665,2.6e-05,0
11666,12.472767,1
11667,1.3e-05,0
11668,6.2e-05,1
11669,6.3e-05,1
11670,14.59001,1
11671,12.138044,1
11672,15.045234,1
11673,0.0,0
11674,1.7e-05,1
11675,1.3e-05,0
11676,1.3e-05,1
11677,13.685218,1
11678,0.000404,1
11679,14.955372,0
11680,2e-06,0
11681,14.797459,1
11682,13.841576,1
11683,1e-06,1
11684,1e-06,1
11685,0.000607,1
11686,11.557301,1
11687,11.612351,0
11688,7e-06,1
11689,9e-06,1
11690,15.122132,0
11691,1.3e-05,1
11692,11.732866,0
11693,10.332044,1
11694,4e-05,1
11695,12.643394,1
11696,7e-06,0
11697,12.157385,0
11698,5e-06,1
11699,9.731404,1
11700,11.818069,1
11701,12.867938,1
11702,4e-06,1
11703,13.704375,0
11704,12.190856,1
11705,10.730995,0
11706,12.401957,1
11707,11.103878,1
11708,0.000145,1
11709,1e-06,0
11710,11.178683,1
11711,11.766735,1
11712,10.670606,0
11713,1e-05,1
11714,9.607869,1
11715,12.891789,1
11716,3.9e-05,0
11717,10.541226,1
11718,12.242392,1
11719,14.054541,0
11720,2.6e-05,1
11721,1e-06,0
11722,5.4e-05,1
11723,21.309757,1
11724,0.000128,1
11725,13.788692,0
11726,13.951168,1
11727,12.500319,1
11728,14.658268,1
11729,10.829927,0
11730,9.805178,0
11731,16.998119,1
11732,11.013473,1
11733,12.301963,1
11734,2e-06,1
11735,9.6e-05,1
11736,13.541335,0
11737,7e-06,0
11738,10.352449,0
11739,14.014257,0
11740,10.841824,0
11741,0.00037,1
11742,4.3e-05,0
11743,11.885959,1
11744,7.2e-05,1
11745,1e-05,1
11746,1.3e-05,1
11747,14.543525,1
11748,14.279139,1
11749,10.94181,0
11750,1.1e-05,0
11751,10.875644,1
11752,11.728156,1
11753,2e-06,0
11754,10.881815,1
11755,13.71005,1
11756,12.240307,0
11757,11.782619,1
11758,9.698561,0
11759,10.188821,1
11760,11.564748,0
11761,13.128047,0
11762,14.115931,0
11763,13.906978,0
11764,2e-06,0
11765,16.057095,1
11766,10.266893,0
11767,12.553321,0
11768,3.4e-05,1
11769,1.9e-05,1
11770,2e-06,1
11771,9.717918,0
11772,10.04531,0
11773,8.3e-05,1
11774,4e-06,1
11775,0.000172,1
11776,0.000171,1
11777,0.0,0
11778,10.108774,0
11779,14.070835,1
11780,2e-06,1
11781,11.147303,1
11782,10.62736,0
11783,2e-05,1
11784,1.1e-05,0
11785,2.1e-05,0
11786,9.827141,0
11787,11.106657,0
11788,11.450002,0
11789,11.505483,0
11790,15.775126,1
11791,9.91291,1
11792,1.6e-05,1
11793,2.3e-05,0
11794,0.0,0
11795,3.8e-05,0
11796,12.729101,1
11797,14.436942,1
11798,11.777989,1
11799,8e-06,1
11800,14.037532,1
11801,0.0002,1
11802,5.4e-05,1
11803,0.0001,1
11804,0.000216,1
11805,18.354786,1
11806,13.312688,1
11807,15.480165,0
11808,3.1e-05,1
11809,9e-06,1
11810,11.940924,1
11811,6.3e-05,1
11812,0.000312,1
11813,3.4e-05,0
11814,11.619995,1
11815,11.253037,1
11816,4e-06,0
11817,4e-06,1
11818,1.1e-05,1
11819,2.8e-05,1
11820,13.26287,0
11821,2.9e-05,1
11822,6e-06,1
11823,13.708742,0
11824,12.601931,0
11825,12.942859,1
11826,12.320098,0
11827,12.660845,1
11828,17.365068,0
11829,13.489933,1
11830,7e-06,0
11831,5.9e-05,1
11832,14.491591,0
11833,1.1e-05,0
11834,8.3e-05,1
11835,3e-06,1
11836,10.685395,0
11837,1e-06,1
11838,17.044868,1
11839,12.461785,0
11840,11.987855,1
11841,12.40045,0
11842,9.714044,0
11843,11.09241,0
11844,11.979622,1
11845,17.948093,1
11846,15.848032,1
11847,14.370385,1
11848,3e-06,0
11849,13.419287,1
11850,6e-06,1
11851,12.819065,0
11852,11.878798,0
11853,5e-06,1
11854,4e-05,1
11855,2e-05,1
11856,6e-06,1
11857,3.3e-05,0
11858,13.719934,1
11859,0.000207,1
11860,0.00011,1
11861,3.3e-05,1
11862,8.6e-05,1
11863,13.571837,0
11864,2e-05,1
11865,13.66263,1
11866,10.415553,1
11867,2.8e-05,1
11868,17.335407,1
11869,11.02632,0
11870,3e-06,1
11871,13.780762,1
11872,4e-05,1
11873,5e-05,1
11874,5e-06,0
11875,1.5e-05,1
11876,6e-06,1
11877,3.9e-05,1
11878,14.108315,0
11879,14.198853,1
11880,1e-05,1
11881,3e-06,1
11882,15.446869,1
11883,11.260583,0
11884,15.790507,1
11885,11.054508,1
11886,12.72185,0
11887,4e-06,1
11888,13.782518,0
11889,12.736699,0
11890,7.5e-05,1
11891,14.60552,0
11892,12.225997,0
11893,1e-05,1
11894,2.1e-05,1
11895,12.586543,0
11896,1.3e-05,0
11897,0.000111,1
11898,17.142235,1
11899,10.255869,0
11900,11.429371,0
11901,8.7e-05,1
11902,17.258871,0
11903,10.004567,0
11904,3.6e-05,1
11905,12.727083,1
11906,5e-06,1
11907,14.961082,1
11908,13.681896,0
11909,1.9e-05,1
11910,14.982703,0
11911,14.854672,1
11912,7e-05,1
11913,2.4e-05,1
11914,6.3e-05,1
11915,5e-06,0
11916,9e-05,1
11917,0.0,0
11918,1e-06,0
11919,11.038373,0
11920,0.000127,1
11921,13.69315,0
11922,14.154888,1
11923,13.13001,0
11924,7e-06,1
11925,3e-05,1
11926,9.993277,0
11927,11.439751,0
11928,5e-06,1
11929,4.3e-05,1
11930,11.854032,0
11931,13.629531,0
11932,12.148389,1
11933,11.498383,1
11934,11.592825,0
11935,9.3217,0
11936,13.576956,0
11937,7e-06,0
11938,0.000447,1
11939,0.000233,1
11940,16.665337,1
11941,5.6e-05,1
11942,12.891544,1
11943,1.1e-05,1
11944,11.469327,1
11945,16.264502,1
11946,11.674161,1
11947,5.5e-05,1
11948,1e-06,0
11949,2e-06,1
11950,8.89153,1
11951,14.117508,1
11952,7e-06,1
11953,12.123055,1
11954,6.4e-05,1
11955,2e-06,0
11956,14.470184,1
11957,0.000178,1
11958,0.000115,1
11959,9.538544,1
11960,0.000187,1
11961,1.1e-05,1
11962,2e-06,1
11963,15.311938,1
11964,11.338217,1
11965,10.222471,1
11966,15.38724,1
11967,10.986396,0
11968,14.348623,0
11969,13.763667,1
11970,7.5e-05,1
11971,0.000101,1
11972,6.1e-05,1
11973,11.283656,1
11974,11.95926,1
11975,11.277166,0
11976,13.164184,0
11977,3.1e-05,1
11978,13.927185,0
11979,8e-06,1
11980,8.8e-05,1
11981,0.000157,1
11982,3.6e-05,0
11983,11.227879,0
11984,10.68048,1
11985,1.5e-05,1
11986,13.626828,1
11987,14.350407,1
11988,9.683061,0
11989,14.201004,1
11990,2e-06,1
11991,13.544629,1
11992,1.3e-05,0
11993,1e-05,1
11994,5e-06,0
11995,10.821862,0
11996,14.543379,1
11997,1.9e-05,1
11998,15.347904,1
11999,2.4e-05,1
12000,1e-06,1
12001,0.0,0
12002,13.461946,1
12003,17.100597,1
12004,11.206985,0
12005,1e-06,0
12006,2e-06,1
12007,1.1e-05,1
12008,14.797412,0
12009,11.658863,1
12010,11.084205,0
12011,7e-06,1
12012,7.3e-05,1
12013,0.000116,1
12014,11.699762,1
12015,9.934363,0
12016,10.761265,1
12017,1.7e-05,1
12018,0.000361,1
12019,16.144262,0
12020,11.42606,0
12021,16.420418,0
12022,14.17321,1
12023,5.9e-05,1
12024,4e-06,1
12025,11.767607,1
12026,14.365693,0
12027,12.672175,0
12028,0.000109,1
12029,3e-06,1
12030,4.1e-05,1
12031,10.913468,0
12032,4e-06,1
12033,2e-05,1
12034,13.702808,1
12035,5e-06,0
12036,13.738875,1
12037,15.17042,1
12038,0.000295,1
12039,13.048326,1
12040,12.833084,1
12041,17.704157,0
12042,13.300313,1
12043,14.439289,0
12044,9e-06,1
12045,5e-05,1
12046,13.064019,1
12047,12.991514,1
12048,14.347445,1
12049,5.6e-05,1
12050,1.7e-05,1
12051,14.84567,0
12052,10.438272,0
12053,5e-06,1
12054,13.989713,1
12055,0.00111,1
12056,12.168173,1
12057,12.434186,0
12058,9.624254,0
12059,12.230705,1
12060,1e-06,1
12061,12.094908,1
12062,11.227957,1
12063,6e-06,1
12064,1.6e-05,1
12065,14.344078,0
12066,9e-06,1
12067,13.829693,0
12068,12.696491,1
12069,0.000416,1
12070,3e-06,1
12071,17.339277,1
12072,16.656322,1
12073,2.9e-05,1
12074,13.287737,0
12075,11.299867,0
12076,15.187982,1
12077,12.710796,1
12078,13.222716,0
12079,3.3e-05,1
12080,3.2e-05,1
12081,3e-05,1
12082,2e-06,1
12083,10.57081,1
12084,12.892007,1
12085,1.8e-05,1
12086,12.771721,0
12087,0.000133,1
12088,1.4e-05,1
12089,7.5e-05,1
12090,0.000112,1
12091,14.796863,1
12092,1.1e-05,0
12093,10.216569,0
12094,2e-05,1
12095,9.3e-05,1
12096,10.190194,1
12097,0.000137,1
12098,10.500525,0
12099,10.335556,0
12100,5.6e-05,1
12101,2e-05,1
12102,4e-06,0
12103,12.618696,0
12104,11.178477,1
12105,3e-06,1
12106,11.024151,0
12107,3.8e-05,1
12108,6e-06,1
12109,4.1e-05,1
12110,2.9e-05,0
12111,10.78749,0
12112,17.206392,1
12113,4e-06,1
12114,12.475019,0
12115,4e-06,1
12116,10.014311,0
12117,12.31695,1
12118,15.654694,0
12119,12.39623,1
12120,12.204937,1
12121,10.899972,0
12122,8e-06,0
12123,7.3e-05,1
12124,1.9e-05,1
12125,10.833305,1
12126,10.881914,1
12127,0.000184,1
12128,4.3e-05,1
12129,1.3e-05,1
12130,5.3e-05,1
12131,1e-06,0
12132,10.047508,1
12133,11.680403,1
12134,11.713036,1
12135,17.023804,1
12136,10.48813,1
12137,2.5e-05,1
12138,2.4e-05,1
12139,9.816281,0
12140,5.6e-05,1
12141,11.916066,1
12142,1.2e-05,1
12143,0.000182,1
12144,8e-06,1
12145,2.5e-05,1
12146,12.732621,1
12147,7.8e-05,1
12148,6.4e-05,1
12149,17.162067,0
12150,11.159794,0
12151,0.0,1
12152,13.147449,0
12153,8.869718,0
12154,9.6e-05,1
12155,0.000402,1
12156,14.223989,1
12157,14.11127,1
12158,15.495923,1
12159,11.953873,1
12160,13.192135,1
12161,11.975634,1
12162,18.116148,0
12163,20.365355,1
12164,6.5e-05,1
12165,13.214833,1
12166,1.3e-05,0
12167,1.3e-05,1
12168,13.944536,1
12169,13.277708,1
12170,13.98776,1
12171,6.1e-05,1
12172,1.1e-05,1
12173,3.4e-05,1
12174,12.953609,0
12175,3e-06,0
12176,3.3e-05,1
12177,2.3e-05,1
12178,3.9e-05,1
12179,2.9e-05,1
12180,15.854325,1
12181,11.481877,1
12182,3e-06,0
12183,11.293068,0
12184,3e-06,0
12185,12.544502,1
12186,10.246368,1
12187,4e-05,1
12188,1.2e-05,0
12189,5e-06,1
12190,15.707287,0
12191,13.606583,1
12192,14.056546,0
12193,14.724562,1
12194,10.641538,0
12195,15.462729,1
12196,19.897156,1
12197,15.874052,0
12198,13.522615,0
12199,11.627672,0
12200,16.508179,1
12201,12.047154,1
12202,16.676577,1
12203,12.634055,0
12204,2.7e-05,1
12205,10.905446,0
12206,9.221894,1
12207,2.8e-05,1
12208,13.809528,0
12209,1.2e-05,1
12210,10.065176,1
12211,11.549438,1
12212,14.354115,1
12213,12.765794,1
12214,15.796311,1
12215,12.529627,1
12216,17.176825,1
12217,9.837873,1
12218,13.93596,0
12219,15.769355,0
12220,9e-06,1
12221,13.175723,0
12222,10.915746,0
12223,11.627439,0
12224,12.651415,1
12225,10.854725,1
12226,12.277378,1
12227,11.781954,0
12228,10.894832,0
12229,9.09866,0
12230,4e-06,0
12231,3e-06,1
12232,1.1e-05,1
12233,0.000482,1
12234,13.296371,1
12235,10.208055,0
12236,10.779127,1
12237,6e-06,1
12238,2e-06,1
12239,8e-06,1
12240,8e-05,1
12241,9.8e-05,1
12242,11.785198,0
12243,14.619363,1
12244,15.451115,0
12245,12.935619,0
12246,5.8e-05,1
12247,11.730531,1
12248,11.858906,1
12249,11.866621,1
12250,14.99046,1
12251,13.392536,1
12252,2e-05,1
12253,0.000487,1
12254,9.246363,0
12255,15.194645,1
12256,11.428517,1
12257,1e-05,1
12258,14.207579,1
12259,16.479881,1
12260,3.7e-05,1
12261,10.110662,1
12262,11.927082,0
12263,9.926404,0
12264,11.982693,0
12265,9.712508,0
12266,5e-06,1
12267,12.695202,1
12268,12.359865,0
12269,1.5e-05,1
12270,11.273946,0
12271,2.3e-05,1
12272,15.351803,1
12273,13.683343,0
12274,2e-06,0
12275,12.419998,1
12276,8.5e-05,1
12277,14.129674,0
12278,8.526698,0
12279,1e-06,0
12280,9.1e-05,1
12281,10.753648,0
12282,4.4e-05,1
12283,1.6e-05,1
12284,13.895431,1
12285,14.149212,0
12286,10.552636,0
12287,8e-06,0
12288,13.13116,0
12289,19.111801,1
12290,11.462662,1
12291,1e-06,1
12292,10.859251,0
12293,1e-06,0
12294,13.074895,0
12295,18.346998,1
12296,14.518741,1
12297,0.000414,1
12298,5.7e-05,1
12299,4.2e-05,1
12300,6.1e-05,1
12301,11.319729,1
12302,2e-06,0
12303,11.563283,0
12304,5e-06,1
12305,15.496988,1
12306,13.060957,0
12307,11.785472,1
12308,9.26389,0
12309,4.5e-05,1
12310,8.099755,0
12311,15.557928,1
12312,9e-05,1
12313,14.713066,1
12314,6.8e-05,1
12315,13.09285,0
12316,0.00022,0
12317,13.510032,0
12318,15.252067,1
12319,10.354951,1
12320,15.603784,0
12321,1e-06,1
12322,1.8e-05,1
12323,1e-06,1
12324,13.87243,0
12325,16.248108,0
12326,5e-06,0
12327,12.805943,0
12328,15.281516,1
12329,5e-06,1
12330,11.075438,1
12331,17.868389,1
12332,12.414315,0
12333,13.677843,0
12334,12.043211,0
12335,15.149061,1
12336,11.959129,1
12337,16.341366,0
12338,15.815604,1
12339,16.707764,1
12340,11.56708,1
12341,1e-05,1
12342,14.105116,1
12343,1e-06,1
12344,5.2e-05,1
12345,2e-06,1
12346,9.50631,0
12347,11.810559,1
12348,7.8e-05,1
12349,1.2e-05,0
12350,13.471513,0
12351,11.446692,0
12352,9.614244,0
12353,7e-06,1
12354,7.862625,0
12355,1e-05,1
12356,2e-06,1
12357,15.255674,0
12358,1e-05,1
12359,4.9e-05,1
12360,2.5e-05,1
12361,1e-05,1
12362,1e-06,1
12363,16.356342,1
12364,4.7e-05,1
12365,1.3e-05,0
12366,13.144717,0
12367,9e-06,1
12368,9.401325,0
12369,0.000143,1
12370,6.9e-05,1
12371,4.9e-05,1
12372,3.2e-05,1
12373,0.000155,1
12374,13.39256,0
12375,0.0,1
12376,13.173778,0
12377,14.195044,1
12378,1.9e-05,1
12379,1.5e-05,1
12380,12.225228,0
12381,3e-06,1
12382,7.4e-05,1
12383,6e-06,1
12384,2.7e-05,0
12385,0.000563,1
12386,12.741204,1
12387,0.0,0
12388,0.000157,1
12389,1.5e-05,1
12390,15.114194,1
12391,11.680515,0
12392,11.155433,1
12393,11.890771,0
12394,8.5e-05,1
12395,1e-06,0
12396,7.8e-05,1
12397,18.548012,1
12398,0.000312,1
12399,8e-06,1
12400,6.4e-05,1
12401,1.7e-05,1
12402,11.39387,1
12403,14.174867,0
12404,0.00012,1
12405,1.1e-05,1
12406,13.443752,0
12407,6e-06,1
12408,1.4e-05,1
12409,14.333231,1
12410,2.2e-05,0
12411,0.000223,1
12412,9.761165,0
12413,7.5e-05,1
12414,5.3e-05,1
12415,10.994501,0
12416,1e-06,0
12417,4e-06,1
12418,13.041156,1
12419,2.1e-05,1
12420,0.000251,0
12421,4e-06,0
12422,5.4e-05,1
12423,10.616569,1
12424,4.9e-05,1
12425,12.134826,0
12426,14.879807,1
12427,13.197686,0
12428,2.5e-05,1
12429,11.441762,0
12430,3.9e-05,1
12431,10.644145,1
12432,0.000122,1
12433,8.8e-05,0
12434,11.759871,1
12435,12.611369,1
12436,14.332221,1
12437,1.2e-05,1
12438,1e-06,1
12439,14.052728,1
12440,1.6e-05,1
12441,11.235025,1
12442,12.030206,0
12443,0.000261,1
12444,1.5e-05,1
12445,3.3e-05,1
12446,16.062113,0
12447,4.6e-05,0
12448,0.00016,1
12449,11.693336,1
12450,14.463785,0
12451,15.614594,0
12452,3.6e-05,1
12453,10.297421,1
12454,0.000429,1
12455,15.856659,1
12456,1e-06,1
12457,9.561298,0
12458,15.823248,0
12459,3e-06,1
12460,12.574918,1
12461,12.830176,1
12462,15.832144,1
12463,0.000127,1
12464,11.161101,1
12465,1e-05,1
12466,10.720638,1
12467,0.000117,1
12468,5.8e-05,1
12469,0.000851,1
12470,12.543963,0
12471,12.200697,1
12472,12.973522,1
12473,12.084617,0
12474,9.725657,1
12475,8.996822,0
12476,10.884377,1
12477,7.4e-05,1
12478,12.335077,0
12479,3.3e-05,1
12480,6.8e-05,1
12481,13.383329,0
12482,0.000639,1
12483,10.189095,1
12484,12.028492,1
12485,7e-06,0
12486,13.840598,0
12487,3e-06,1
12488,15.407561,1
12489,13.570974,1
12490,13.975903,0
12491,11.352877,1
12492,11.216856,0
12493,1.2e-05,1
12494,9.544963,1
12495,0.000156,1
12496,6e-06,1
12497,10.429124,0
12498,12.977298,0
12499,2.2e-05,1
12500,13.877965,0
12501,13.343569,1
12502,6.7e-05,1
12503,12.194169,0
12504,12.316399,1
12505,9.930284,1
12506,1.1e-05,1
12507,12.628686,1
12508,2.6e-05,1
12509,7e-06,1
12510,12.932365,1
12511,3.9e-05,1
12512,0.000121,1
12513,14.536146,0
12514,11.686977,0
12515,13.274019,0
12516,14.353329,1
12517,11.836483,1
12518,13.443741,0
12519,16.799238,1
12520,6e-06,1
12521,11.270736,1
12522,14.882515,1
12523,9.533438,1
12524,1e-06,1
12525,12.019107,1
12526,13.652597,1
12527,1.3e-05,1
12528,0.001235,1
12529,10.526289,0
12530,0.0,0
12531,2.9e-05,1
12532,0.0,0
12533,11.823723,0
12534,0.000324,1
12535,15.941607,1
12536,2.6e-05,1
12537,5e-06,1
12538,12.732728,0
12539,11.170994,0
12540,15.415012,1
12541,4.9e-05,1
12542,2.2e-05,1
12543,10.838107,1
12544,2e-05,1
12545,1.7e-05,1
12546,2e-06,1
12547,9e-06,0
12548,2e-06,1
12549,4e-06,1
12550,12.789217,0
12551,13.920858,0
12552,10.546543,1
12553,12.260829,1
12554,15.089501,0
12555,0.0,0
12556,1e-06,0
12557,10.29932,0
12558,12.836335,1
12559,6.9e-05,1
12560,10.534274,0
12561,10.623569,1
12562,1e-05,1
12563,9e-06,0
12564,8.887894,0
12565,7.854531,0
12566,16.297531,1
12567,15.023285,1
12568,4.5e-05,1
12569,9.629808,0
12570,12.516565,1
12571,6e-06,1
12572,10.908897,0
12573,3.2e-05,1
12574,0.000197,1
12575,12.522687,1
12576,12.401052,1
12577,12.209119,0
12578,6e-06,1
12579,11.434753,1
12580,7e-06,1
12581,14.694579,1
12582,0.00016,1
12583,10.801683,0
12584,9.1e-05,1
12585,10.340299,0
12586,11.317848,1
12587,9.826531,0
12588,0.000108,1
12589,1e-06,1
12590,15.606725,1
12591,13.29669,0
12592,12.170392,0
12593,11.326536,0
12594,9e-06,0
12595,1.8e-05,1
12596,15.043964,0
12597,14.456585,1
12598,1.6e-05,1
12599,1.5e-05,1
12600,11.501243,1
12601,16.745375,1
12602,12.339224,0
12603,0.000103,1
12604,1.2e-05,1
12605,3.4e-05,1
12606,1e-06,1
12607,12.660583,1
12608,8.2e-05,1
12609,11.098907,1
12610,10.42198,0
12611,4.8e-05,1
12612,11.825201,1
12613,16.283251,0
12614,10.991052,0
12615,5.5e-05,1
12616,14.134489,1
12617,12.586226,0
12618,13.747813,1
12619,10.637009,0
12620,13.121859,0
12621,13.875752,1
12622,4.9e-05,1
12623,4e-06,1
12624,2.3e-05,1
12625,13.840858,0
12626,3.7e-05,1
12627,16.488674,0
12628,11.874337,1
12629,15.669928,0
12630,4.4e-05,1
12631,14.432706,0
12632,15.580645,1
12633,3e-05,1
12634,11.645852,0
12635,16.024433,1
12636,2.2e-05,1
12637,2.4e-05,1
12638,11.358717,0
12639,11.674491,1
12640,8.59912,0
12641,11.969055,0
12642,14.479336,1
12643,11.056698,1
12644,12.69045,0
12645,5e-06,0
12646,14.559768,1
12647,15.926576,0
12648,6e-06,1
12649,1.3e-05,1
12650,2.5e-05,1
12651,14.449839,1
12652,11.244362,0
12653,1.2e-05,1
12654,2.1e-05,1
12655,12.983137,1
12656,12.763466,1
12657,15.12889,1
12658,11.925846,1
12659,16.813242,0
12660,5.8e-05,1
12661,17.005222,1
12662,0.0,0
12663,16.405523,1
12664,12.590275,1
12665,6e-06,1
12666,1.7e-05,1
12667,9e-06,1
12668,12.342411,0
12669,15.205024,1
12670,13.363785,1
12671,16.61729,0
12672,1e-06,1
12673,5e-06,1
12674,1e-05,1
12675,5e-06,0
12676,0.000231,1
12677,11.059124,0
12678,0.000121,1
12679,1.8e-05,1
12680,10.962027,1
12681,11.688884,1
12682,10.713634,0
12683,10.77564,1
12684,11.74025,1
12685,4.5e-05,1
12686,14.423526,0
12687,13.224886,0
12688,14.616442,0
12689,8.8e-05,1
12690,16.877838,0
12691,3.6e-05,1
12692,13.639651,1
12693,3e-06,0
12694,15.264841,1
12695,8.9e-05,1
12696,0.000173,1
12697,12.463037,1
12698,8e-06,1
12699,5e-06,1
12700,0.0,1
12701,10.580749,0
12702,17.373079,1
12703,10.735589,0
12704,10.435481,1
12705,0.000107,1
12706,12.789558,1
12707,16.41157,1
12708,2e-05,1
12709,11.477914,0
12710,14.37553,1
12711,8.507641,1
12712,12.882957,1
12713,14.142385,1
12714,7e-06,1
12715,1.8e-05,1
12716,10.708366,1
12717,0.000319,1
12718,9e-06,1
12719,14.750124,1
12720,10.314642,0
12721,7e-06,0
12722,2.5e-05,1
12723,2.8e-05,1
12724,11.219441,1
12725,10.278607,1
12726,12.876125,1
12727,11.963799,1
12728,14.023865,1
12729,14.94831,1
12730,12.821074,0
12731,16.919277,1
12732,12.226575,1
12733,0.0,0
12734,12.5517,1
12735,12.870987,0
12736,12.735053,0
12737,11.140477,0
12738,11.753445,1
12739,3.1e-05,1
12740,4.4e-05,1
12741,8.674129,1
12742,14.240274,1
12743,9.959023,1
12744,10.816684,1
12745,15.689528,1
12746,15.236073,1
12747,1.1e-05,1
12748,15.18003,1
12749,14.297372,1
12750,11.956225,0
12751,12.000972,1
12752,12.959578,1
12753,14.45227,0
12754,8e-06,1
12755,1e-06,0
12756,1.8e-05,1
12757,13.660629,0
12758,10.519793,0
12759,1.3e-05,1
12760,2.1e-05,1
12761,5e-06,1
12762,11.355712,0
12763,12.927192,1
12764,12.328318,1
12765,8.2e-05,1
12766,0.0,0
12767,15.370269,1
12768,0.000239,1
12769,1e-06,1
12770,1e-06,1
12771,6e-06,1
12772,1.1e-05,0
12773,1.9e-05,1
12774,14.866964,1
12775,12.267401,1
12776,10.300411,0
12777,12.854183,0
12778,1e-06,0
12779,12.082699,1
12780,15.747452,1
12781,1.3e-05,1
12782,0.0,0
12783,15.155658,1
12784,10.901704,0
12785,12.544185,1
12786,11.060373,1
12787,11.354043,1
12788,7.8e-05,1
12789,14.729703,0
12790,9e-06,1
12791,12.283532,0
12792,0.000117,1
12793,10.484704,0
12794,12.341323,1
12795,2.8e-05,1
12796,16.597786,1
12797,5e-06,1
12798,19.21907,1
12799,6e-05,1
12800,2e-06,1
12801,9.8e-05,1
12802,13.775475,1
12803,11.543299,1
12804,3.8e-05,1
12805,3.3e-05,1
12806,5e-06,1
12807,10.695271,1
12808,11.379189,0
12809,12.362877,1
12810,3.4e-05,1
12811,4.5e-05,1
12812,11.481645,0
12813,14.654428,1
12814,5e-06,1
12815,12.474073,0
12816,10.132505,1
12817,13.058496,1
12818,14.295389,0
12819,1.7e-05,1
12820,12.967092,1
12821,14.326553,0
12822,1.9e-05,1
12823,1.9e-05,1
12824,13.343105,1
12825,0.000124,1
12826,10.788308,0
12827,2.6e-05,1
12828,8e-06,1
12829,1.7e-05,1
12830,15.912974,1
12831,13.272863,1
12832,15.524,0
12833,14.280702,0
12834,4e-06,1
12835,11.372068,1
12836,12.030296,1
12837,1e-06,0
12838,10.133724,0
12839,11.272305,0
12840,11.206476,1
12841,15.227963,1
12842,13.885086,0
12843,7.3e-05,1
12844,5.5e-05,1
12845,14.274564,0
12846,12.861697,0
12847,14.63576,1
12848,5e-06,1
12849,10.146405,0
12850,11.402364,1
12851,0.000115,1
12852,12.766802,1
12853,13.851082,1
12854,0.000594,0
12855,11.368434,0
12856,13.752085,1
12857,13.010592,0
12858,2e-06,0
12859,11.394893,1
12860,10.417228,1
12861,11.36072,0
12862,4.4e-05,1
12863,17.536259,1
12864,10.983073,0
12865,14.020693,1
12866,1e-06,1
12867,16.757784,0
12868,9.741037,0
12869,15.048143,1
12870,13.647009,1
12871,13.055423,1
12872,9.597288,0
12873,12.82545,1
12874,4e-06,1
12875,12.20449,0
12876,16.869015,1
12877,7.920439,0
12878,14.848349,1
12879,9.7e-05,1
12880,17.874493,1
12881,10.80678,1
12882,14.468132,1
12883,12.14067,1
12884,1e-06,0
12885,3e-06,1
12886,0.000326,1
12887,1.9e-05,0
12888,2e-06,1
12889,13.204362,1
12890,13.655936,1
12891,8e-06,1
12892,1.7e-05,1
12893,16.223675,1
12894,12.935253,1
12895,14.622216,1
12896,7.4e-05,1
12897,9.463087,1
12898,15.213868,1
12899,12.003502,1
12900,11.204428,1
12901,1.5e-05,0
12902,11.50561,0
12903,12.265957,1
12904,10.321983,0
12905,14.334117,0
12906,14.931667,0
12907,11.77584,1
12908,13.82681,1
12909,1.8e-05,1
12910,13.094671,0
12911,9.6e-05,1
12912,15.115472,0
12913,15.431499,0
12914,6e-06,1
12915,0.0,0
12916,15.346997,1
12917,2e-06,1
12918,3.5e-05,1
12919,14.254033,1
12920,11.519733,1
12921,0.0,1
12922,14.033001,0
12923,1e-05,1
12924,14.544071,1
12925,9.763736,0
12926,10.937898,1
12927,12.920065,1
12928,7e-06,1
12929,11.977098,1
12930,11.110448,1
12931,3.8e-05,1
12932,13.506805,1
12933,12.848055,1
12934,10.420493,1
12935,0.000205,1
12936,12.73837,1
12937,12.284502,1
12938,13.78418,0
12939,13.319692,0
12940,7.6e-05,0
12941,12.604445,0
12942,0.000746,1
12943,12.427153,1
12944,13.202381,0
12945,14.053929,1
12946,16.321857,1
12947,10.726614,0
12948,0.000329,1
12949,10.767439,0
12950,2.2e-05,1
12951,9e-06,1
12952,13.045503,0
12953,4.3e-05,1
12954,12.584222,1
12955,9.743465,0
12956,7.9e-05,1
12957,9.591496,0
12958,11.340075,1
12959,1.2e-05,1
12960,12.78558,0
12961,2e-05,1
12962,14.657748,0
12963,0.000269,1
12964,7.8e-05,1
12965,10.483126,0
12966,12.432561,1
12967,11.142542,0
12968,11.740788,0
12969,8.15111,0
12970,12.732198,0
12971,0.000176,1
12972,10.972201,1
12973,0.000194,1
12974,2.5e-05,1
12975,4.6e-05,1
12976,7.3e-05,1
12977,14.524461,1
12978,12.508435,1
12979,12.276744,1
12980,16.70438,1
12981,1e-06,1
12982,1.9e-05,1
12983,10.255567,1
12984,12.00466,0
12985,5.3e-05,1
12986,11.882027,0
12987,1.5e-05,1
12988,14.594357,1
12989,8.481826,0
12990,7.1e-05,1
12991,16.039513,0
12992,11.714954,1
12993,12.300151,0
12994,0.0,1
12995,16.343832,1
12996,13.219536,0
12997,1.2e-05,0
12998,10.792506,0
12999,14.766852,1
13000,3e-06,0
13001,14.048563,1
13002,5e-06,0
13003,0.0,0
13004,0.000176,1
13005,14.705323,1
13006,12.166055,1
13007,12.299861,0
13008,12.135842,1
13009,14.551831,0
13010,14.159619,0
13011,15.210662,1
13012,2.6e-05,1
13013,14.919692,1
13014,1.1e-05,1
13015,6.3e-05,1
13016,8e-06,1
13017,10.39023,0
13018,14.92799,1
13019,13.850327,1
13020,6e-06,1
13021,2.3e-05,1
13022,12.559196,0
13023,0.000117,1
13024,0.000121,1
13025,9.305618,1
13026,1.2e-05,1
13027,15.990016,1
13028,10.68958,0
13029,12.845851,1
13030,0.0,1
13031,13.6001,0
13032,16.872404,1
13033,12.759301,1
13034,14.036571,0
13035,13.233266,0
13036,18.957897,0
13037,2.3e-05,0
13038,11.610381,1
13039,12.999217,0
13040,12.909949,0
13041,4.9e-05,1
13042,12.885259,0
13043,3e-06,1
13044,13.173272,0
13045,0.000192,1
13046,15.589236,1
13047,5.3e-05,0
13048,1e-06,1
13049,1.8e-05,1
13050,11.943434,1
13051,11.303878,0
13052,4.3e-05,1
13053,14.100694,1
13054,12.63577,1
13055,13.083379,1
13056,4.8e-05,1
13057,2e-06,0
13058,1e-05,1
13059,10.414878,0
13060,12.420087,1
13061,14.617337,0
13062,2e-06,1
13063,10.607571,1
13064,14.916082,1
13065,3.2e-05,0
13066,5e-06,0
13067,15.697397,1
13068,9.58964,1
13069,3.7e-05,1
13070,0.000171,1
13071,11.195341,0
13072,11.141317,0
13073,0.0,1
13074,11.378461,1
13075,2.5e-05,1
13076,12.336935,0
13077,15.306304,0
13078,5.5e-05,1
13079,13.974403,1
13080,4.2e-05,1
13081,12.650957,1
13082,13.381989,1
13083,6e-06,1
13084,0.000164,1
13085,6.3e-05,1
13086,2.6e-05,1
13087,14.745685,0
13088,13.516027,1
13089,1e-06,1
13090,13.217281,0
13091,11.868309,1
13092,6e-06,0
13093,9.933796,1
13094,10.130222,0
13095,13.115152,1
13096,11.811955,1
13097,11.629564,1
13098,1e-06,1
13099,11.866574,1
13100,2e-06,1
13101,9.3e-05,1
13102,12.5442,1
13103,14.061183,1
13104,12.900615,1
13105,11.700537,1
13106,1.8e-05,1
13107,7e-05,1
13108,0.000126,1
13109,16.39102,1
13110,0.000129,1
13111,3e-06,1
13112,11.887877,0
13113,13.04001,0
13114,13.606681,0
13115,12.64809,0
13116,16.533758,1
13117,17.64603,1
13118,14.24789,1
13119,1.1e-05,0
13120,7.1e-05,1
13121,2.1e-05,1
13122,14.946828,1
13123,13.490941,0
13124,10.165319,1
13125,14.492606,0
13126,0.000395,1
13127,12.528548,1
13128,12.141393,0
13129,0.000145,1
13130,0.0,0
13131,10.606417,1
13132,10.610169,0
13133,5.4e-05,1
13134,3.8e-05,1
13135,1.5e-05,1
13136,15.645254,1
13137,15.62858,0
13138,11.383994,1
13139,11.315436,1
13140,0.000122,1
13141,12.158128,1
13142,5e-06,1
13143,11.635099,1
13144,1.2e-05,0
13145,15.005338,1
13146,0.000118,1
13147,10.987352,1
13148,8e-06,1
13149,10.277328,1
13150,4.5e-05,1
13151,7.2e-05,1
13152,11.632129,0
13153,11.198561,0
13154,12.954561,0
13155,12.152637,1
13156,5.1e-05,1
13157,8.630373,0
13158,0.000223,1
13159,11.338575,1
13160,4e-06,0
13161,11.251831,0
13162,13.362009,0
13163,2.4e-05,1
13164,3.4e-05,1
13165,14.267896,1
13166,16.469944,1
13167,13.456157,1
13168,1e-05,0
13169,14.054554,0
13170,4.9e-05,1
13171,3e-06,1
13172,13.163587,1
13173,7.3e-05,1
13174,14.911521,1
13175,12.160429,0
13176,0.000787,1
13177,5e-06,1
13178,11.933629,0
13179,14.227248,1
13180,14.05385,1
13181,8.5e-05,1
13182,10.790634,0
13183,15.184713,1
13184,11.009781,0
13185,1.5e-05,1
13186,9.808133,1
13187,5e-06,1
13188,1e-06,0
13189,10.680639,0
13190,11.208545,1
13191,1e-05,1
13192,3.6e-05,1
13193,2e-06,1
13194,15.050425,1
13195,8.854929,0
13196,16.031723,1
13197,19.646849,1
13198,10.931322,1
13199,10.719838,0
13200,12.230637,1
13201,11.434914,1
13202,0.0,1
13203,1e-06,1
13204,2e-06,0
13205,14.928302,1
13206,3.3e-05,1
13207,2e-06,0
13208,6e-05,1
13209,11.238945,0
13210,10.545569,1
13211,12.143833,1
13212,3.7e-05,1
13213,14.471974,1
13214,16.38203,1
13215,11.489444,0
13216,13.468987,0
13217,2.3e-05,1
13218,12.048249,0
13219,12.082139,1
13220,14.104562,1
13221,10.642669,1
13222,2e-05,1
13223,10.743084,1
13224,4e-06,0
13225,12.532388,0
13226,5.4e-05,1
13227,9e-06,1
13228,2.3e-05,1
13229,12.075106,0
13230,2e-05,1
13231,2.4e-05,1
13232,13.658607,1
13233,12.360456,0
13234,10.585755,0
13235,1e-05,1
13236,15.497323,1
13237,9e-06,1
13238,12.328305,1
13239,14.174726,1
13240,13.990377,1
13241,1.4e-05,1
13242,10.366713,0
13243,0.0,0
13244,6e-06,1
13245,12.877592,1
13246,1.3e-05,1
13247,14.130128,1
13248,14.97822,0
13249,2e-06,0
13250,0.00011,1
13251,6e-06,0
13252,13.86472,0
13253,13.135867,1
13254,17.628025,1
13255,14.686952,1
13256,13.59424,1
13257,10.795312,0
13258,12.071188,1
13259,4e-06,1
13260,14.472497,1
13261,1.5e-05,1
13262,12.904778,1
13263,1.8e-05,1
13264,11.054013,0
13265,11.503278,0
13266,10.940421,0
13267,13.944813,1
13268,10.911081,0
13269,2.4e-05,1
13270,1.5e-05,1
13271,11.461107,0
13272,9.787706,0
13273,11.118055,1
13274,14.434267,0
13275,12.790964,1
13276,10.73735,0
13277,12.14584,0
13278,11.782991,0
13279,1.5e-05,1
13280,5e-06,1
13281,1e-06,1
13282,13.204738,0
13283,7.981067,1
13284,13.6502,1
13285,4.1e-05,1
13286,2e-06,0
13287,9.904368,0
13288,14.274173,1
13289,1.5e-05,1
13290,0.000245,1
13291,15.825597,0
13292,10.955171,1
13293,17.302799,1
13294,13.252916,0
13295,2.1e-05,1
13296,15.170654,1
13297,9.797276,0
13298,15.460243,1
13299,10.243829,0
13300,3e-06,1
13301,14.030407,1
13302,1.8e-05,1
13303,9e-06,1
13304,15.255011,0
13305,0.000534,1
13306,13.989028,1
13307,11.871988,0
13308,2.7e-05,1
13309,10.609715,1
13310,8.3e-05,1
13311,15.339504,0
13312,15.869876,1
13313,11.919574,0
13314,13.053214,1
13315,12.551733,1
13316,11.708519,0
13317,2.8e-05,1
13318,12.433887,1
13319,13.813842,1
13320,11.153322,0
13321,13.898755,0
13322,10.066665,0
13323,9.371416,0
13324,0.00021,1
13325,10.410902,1
13326,10.551632,1
13327,9.459233,0
13328,1.2e-05,0
13329,13.816856,0
13330,14.326058,0
13331,13.208486,0
13332,2e-06,0
13333,10.264107,0
13334,10.81478,0
13335,2.3e-05,1
13336,12.296798,0
13337,2.2e-05,1
13338,1.3e-05,0
13339,11.153794,0
13340,5e-06,1
13341,3e-06,1
13342,15.573278,1
13343,9.962481,0
13344,1.2e-05,1
13345,10.680585,0
13346,4.7e-05,1
13347,10.270524,0
13348,11.055825,1
13349,12.41724,1
13350,0.000681,1
13351,10.102503,0
13352,2.4e-05,1
13353,13.17598,1
13354,3e-06,1
13355,12.634234,1
13356,0.000117,1
13357,0.0,0
13358,2e-06,0
13359,12.23349,0
13360,10.323104,1
13361,4e-06,0
13362,9.408841,1
13363,11.719751,1
13364,10.162074,0
13365,13.812393,0
13366,6.7e-05,1
13367,7e-06,1
13368,13.169336,1
13369,10.493803,0
13370,13.842532,1
13371,11.341808,0
13372,12.966408,1
13373,15.829804,1
13374,14.587837,1
13375,9.982285,0
13376,10.938092,0
13377,6e-06,0
13378,15.11069,0
13379,13.451394,0
13380,2.3e-05,1
13381,14.119589,0
13382,9.513257,0
13383,0.000172,1
13384,13.646988,1
13385,13.194249,1
13386,1e-06,1
13387,13.875834,0
13388,9e-06,1
13389,15.034124,0
13390,12.335196,1
13391,16.42255,1
13392,12.136615,0
13393,13.383,1
13394,15.574857,0
13395,1.1e-05,1
13396,13.991827,0
13397,13.830595,1
13398,9.268702,1
13399,7.7e-05,1
13400,16.849213,1
13401,1.8e-05,0
13402,1.7e-05,1
13403,13.02111,1
13404,10.345003,0
13405,11.419444,0
13406,13.783442,1
13407,8.694536,1
13408,2e-05,0
13409,10.634837,0
13410,13.377192,0
13411,10.788176,0
13412,11.651732,0
13413,14.249603,1
13414,15.012245,1
13415,4.7e-05,1
13416,14.850456,0
13417,6.9e-05,1
13418,6e-06,0
13419,13.602749,1
13420,9.811187,1
13421,0.000796,1
13422,2.3e-05,1
13423,0.000433,1
13424,9.913558,1
13425,9.382176,0
13426,0.00011,1
13427,10.278388,1
13428,4.9e-05,1
13429,11.227847,1
13430,14.189899,1
13431,13.694581,1
13432,3.3e-05,1
13433,13.780154,1
13434,9e-06,1
13435,13.852803,1
13436,10.089597,0
13437,10.410891,0
13438,12.499079,1
13439,16.138634,0
13440,11.113108,0
13441,12.700532,0
13442,14.084159,0
13443,12.448798,1
13444,12.546003,0
13445,12.695282,1
13446,9.6e-05,1
13447,12.181912,1
13448,3e-06,0
13449,10.520397,1
13450,5e-05,1
13451,15.214403,1
13452,2.8e-05,1
13453,14.19649,0
13454,18.373535,1
13455,15.723945,1
13456,12.023425,0
13457,0.000353,1
13458,17.798115,1
13459,0.000113,1
13460,12.892953,0
13461,11.969635,1
13462,3e-06,0
13463,10.023183,1
13464,12.95666,0
13465,0.000257,1
13466,2.3e-05,1
13467,13.565806,0
13468,5e-06,1
13469,9e-06,1
13470,1e-06,1
13471,0.000546,1
13472,13.347557,1
13473,15.393642,1
13474,14.182398,1
13475,1.7e-05,1
13476,3.3e-05,1
13477,1.1e-05,1
13478,7e-06,1
13479,9.040518,0
13480,9.9e-05,1
13481,10.816355,0
13482,5.3e-05,1
13483,12.775311,1
13484,2e-06,1
13485,12.826151,1
13486,0.000986,1
13487,13.714382,1
13488,1.9e-05,1
13489,13.310349,1
13490,1e-06,0
13491,12.580818,1
13492,10.632627,0
13493,12.393412,1
13494,13.042072,0
13495,13.932188,1
13496,6e-06,0
13497,14.644193,0
13498,12.348451,1
13499,18.042236,1
13500,2.1e-05,1
13501,13.76504,0
13502,10.623352,0
13503,10.106647,1
13504,6e-06,1
13505,1.4e-05,1
13506,13.019994,0
13507,3e-06,1
13508,10.072968,1
13509,12.45917,0
13510,1e-06,1
13511,1.9e-05,0
13512,14.624235,1
13513,0.00021,1
13514,2e-06,0
13515,13.321132,0
13516,5.2e-05,0
13517,3.2e-05,1
13518,6e-06,0
13519,3e-06,1
13520,13.297795,1
13521,11.646284,0
13522,9e-06,1
13523,9.9e-05,1
13524,7.2e-05,1
13525,10.644459,0
13526,12.770438,0
13527,4.5e-05,1
13528,14.48101,1
13529,1.7e-05,1
13530,13.820663,0
13531,1e-05,1
13532,8e-06,1
13533,14.932407,1
13534,9.031245,0
13535,13.431596,1
13536,10.617531,1
13537,13.275275,0
13538,13.46382,1
13539,2.3e-05,1
13540,10.537734,1
13541,1e-05,0
13542,11.201229,0
13543,15.931229,1
13544,1e-06,1
13545,1.9e-05,1
13546,1.1e-05,0
13547,1e-06,1
13548,14.01316,1
13549,10.21869,1
13550,0.000133,1
13551,14.010023,1
13552,7e-06,1
13553,1.2e-05,1
13554,0.0,1
13555,10.188663,0
13556,12.280509,1
13557,12.349849,0
13558,14.301812,0
13559,14.001253,1
13560,11.980412,0
13561,14.876499,1
13562,0.00011,1
13563,5.9e-05,1
13564,11.359267,1
13565,12.395364,0
13566,1e-06,0
13567,10.35268,0
13568,10.095526,0
13569,2.5e-05,1
13570,3.6e-05,1
13571,1.4e-05,1
13572,11.792913,1
13573,7.7e-05,1
13574,1.7e-05,0
13575,13.067052,0
13576,16.537239,1
13577,8.4e-05,1
13578,2.9e-05,1
13579,2e-06,0
13580,8.913633,0
13581,12.444676,1
13582,1.1e-05,1
13583,0.000111,1
13584,0.000226,1
13585,1.7e-05,0
13586,14.041964,0
13587,14.510007,0
13588,10.011907,0
13589,1.4e-05,0
13590,2.5e-05,0
13591,15.080382,1
13592,3.6e-05,1
13593,1.4e-05,1
13594,14.574184,1
13595,11.57585,0
13596,1.8e-05,0
13597,0.000176,1
13598,4e-06,1
13599,11.994807,0
13600,1.3e-05,1
13601,13.615708,1
13602,10.711942,1
13603,2.2e-05,1
13604,0.000166,1
13605,1.7e-05,1
13606,1.4e-05,1
13607,18.477507,0
13608,11.926178,0
13609,0.000343,1
13610,10.443148,0
13611,14.729167,0
13612,2e-06,1
13613,14.443139,0
13614,15.020013,1
13615,14.009591,0
13616,14.980369,1
13617,1e-06,1
13618,1.4e-05,0
13619,16.048225,1
13620,11.815572,1
13621,1.8e-05,1
13622,13.822567,0
13623,13.566825,0
13624,8e-06,1
13625,1.5e-05,1
13626,10.588495,0
13627,12.624787,1
13628,11.039681,0
13629,14.411984,1
13630,0.000174,1
13631,14.049931,0
13632,3e-06,1
13633,13.161038,1
13634,11.047834,0
13635,12.041527,0
13636,1.7e-05,1
13637,9.222553,0
13638,0.000129,1
13639,10.421724,0
13640,12.994403,0
13641,1e-06,1
13642,16.767574,0
13643,13.19999,1
13644,13.96546,1
13645,3.3e-05,1
13646,12.381104,1
13647,1e-05,1
13648,11.906441,1
13649,0.0,1
13650,18.107094,0
13651,14.592714,1
13652,3e-06,0
13653,15.092752,0
13654,12.348457,0
13655,12.023926,1
13656,13.862171,0
13657,14.435143,0
13658,1e-06,1
13659,14.342873,1
13660,11.477085,1
13661,16.943386,1
13662,11.75717,0
13663,2e-06,0
13664,12.026728,0
13665,12.144839,1
13666,1.4e-05,1
13667,4e-06,0
13668,11.93766,0
13669,17.309443,1
13670,15.880771,1
13671,13.077529,0
13672,8.579288,1
13673,9.351027,0
13674,15.384064,1
13675,13.476105,1
13676,12.121718,0
13677,14.850502,0
13678,2e-06,0
13679,12.084375,1
13680,12.533866,1
13681,14.673834,0
13682,11.056347,0
13683,11.373335,1
13684,10.489106,1
13685,18.606344,1
13686,4e-06,1
13687,1.1e-05,1
13688,12.251687,1
13689,0.00053,1
13690,19.314684,1
13691,13.41322,0
13692,7e-06,1
13693,6e-06,1
13694,5.3e-05,1
13695,13.440072,1
13696,14.228343,1
13697,14.910694,1
13698,0.0,0
13699,13.194857,1
13700,5e-06,0
13701,14.113336,1
13702,12.683594,1
13703,9.865025,0
13704,10.501946,1
13705,3.3e-05,1
13706,8e-06,1
13707,0.0,0
13708,11.650407,0
13709,15.599117,0
13710,13.787649,1
13711,1e-06,1
13712,14.375294,1
13713,9.3e-05,0
13714,2e-06,0
13715,12.880128,0
13716,15.068425,0
13717,16.385468,1
13718,1.5e-05,1
13719,8e-05,1
13720,11.718795,0
13721,0.0001,1
13722,0.000176,1
13723,14.328984,0
13724,14.737741,0
13725,2.4e-05,1
13726,9.632576,0
13727,15.325667,1
13728,11.464024,0
13729,14.034386,0
13730,11.567215,1
13731,13.293901,1
13732,3e-06,1
13733,15.069734,0
13734,16.291431,1
13735,0.00013,1
13736,11.161695,1
13737,6.1e-05,1
13738,15.165048,0
13739,18.010736,1
13740,11.663746,1
13741,14.168776,1
13742,9e-06,1
13743,13.213426,0
13744,4.3e-05,1
13745,6.4e-05,1
13746,9.431028,1
13747,0.000448,1
13748,13.237611,0
13749,0.000197,0
13750,4.3e-05,1
13751,3.3e-05,1
13752,11.074766,0
13753,1.5e-05,1
13754,5e-06,1
13755,12.311032,1
13756,0.000146,1
13757,3.5e-05,1
13758,1e-06,1
13759,10.038207,1
13760,7e-06,1
13761,2e-06,1
13762,9.820681,0
13763,11.696365,0
13764,1e-06,1
13765,6e-06,1
13766,15.085784,1
13767,15.590729,0
13768,18.307421,1
13769,6.1e-05,1
13770,14.114303,1
13771,4.9e-05,1
13772,1.3e-05,1
13773,1e-06,0
13774,10.918572,1
13775,12.472465,1
13776,12.478619,1
13777,14.919065,1
13778,1.2e-05,1
13779,0.000102,1
13780,2e-06,0
13781,3e-06,1
13782,9.832211,0
13783,1.6e-05,1
13784,0.000194,1
13785,5.5e-05,1
13786,14.169656,0
13787,3.4e-05,1
13788,3.8e-05,1
13789,12.810122,1
13790,14.132048,1
13791,13.920963,1
13792,8e-05,1
13793,12.312633,1
13794,2.3e-05,1
13795,0.000135,1
13796,0.000172,1
13797,13.196723,1
13798,3.3e-05,1
13799,10.976956,0
13800,14.152057,0
13801,17.107874,1
13802,12.80085,0
13803,0.000287,1
13804,2.4e-05,1
13805,9.771976,0
13806,15.371119,1
13807,16.559141,1
13808,11.911737,1
13809,13.726024,1
13810,11.831726,0
13811,16.176828,1
13812,9e-06,0
13813,13.480704,0
13814,6e-06,1
13815,4e-05,1
13816,10.680025,0
13817,9.0157,0
13818,11.476128,0
13819,12.674325,1
13820,0.000142,1
13821,11.084254,1
13822,4.4e-05,1
13823,7e-06,1
13824,3e-05,1
13825,9.873631,0
13826,10.668453,1
13827,10.009048,0
13828,10.98475,0
13829,2e-06,1
13830,11.285881,1
13831,1e-06,0
13832,2e-05,1
13833,9.7e-05,1
13834,12.116492,0
13835,13.042829,0
13836,14.564333,1
13837,9.228077,1
13838,0.00022,1
13839,10.708611,1
13840,5e-06,1
13841,13.642938,1
13842,4.6e-05,1
13843,3e-06,1
13844,3.1e-05,1
13845,13.975423,0
13846,12.971171,1
13847,11.726269,0
13848,13.470657,0
13849,8e-06,1
13850,7.7e-05,1
13851,5.6e-05,1
13852,10.49574,1
13853,11.464584,0
13854,0.00021,1
13855,13.691876,1
13856,12.356725,1
13857,1.1e-05,1
13858,3e-06,0
13859,3e-06,0
13860,0.000391,1
13861,9.8543,0
13862,11.701434,0
13863,0.000117,1
13864,0.0,0
13865,12.323101,1
13866,15.574466,1
13867,10.552149,0
13868,1e-06,1
13869,9.674054,0
13870,17.987694,1
13871,9.570397,0
13872,3e-05,1
13873,1e-06,0
13874,7e-06,1
13875,2.4e-05,1
13876,0.0,1
13877,4.9e-05,1
13878,2.8e-05,1
13879,12.750771,0
13880,11.72963,0
13881,10.692989,1
13882,12.135962,0
13883,1.3e-05,1
13884,3e-06,1
13885,9.765935,1
13886,12.627058,1
13887,0.000101,1
13888,1e-06,1
13889,14.313013,1
13890,16.565405,1
13891,12.713622,1
13892,0.0,1
13893,11.323087,0
13894,11.903398,1
13895,11.268888,0
13896,13.714354,1
13897,8e-06,1
13898,0.000155,1
13899,12.507051,1
13900,13.138542,1
13901,11.710808,1
13902,2e-06,1
13903,3e-05,1
13904,8.2e-05,1
13905,10.661865,0
13906,0.000353,1
13907,11.278204,1
13908,1.5e-05,1
13909,6e-06,1
13910,3.4e-05,1
13911,9.1e-05,1
13912,2e-06,0
13913,1.1e-05,1
13914,1.8e-05,1
13915,10.074804,0
13916,17.009298,1
13917,13.487308,1
13918,5e-06,1
13919,9e-06,1
13920,13.595956,0
13921,8.700143,1
13922,1.2e-05,1
13923,5e-06,1
13924,11.824739,0
13925,11.618533,1
13926,8.2e-05,1
13927,12.981732,0
13928,14.662187,1
13929,11.235611,1
13930,2.4e-05,1
13931,2e-06,1
13932,10.778273,1
13933,1.7e-05,1
13934,6e-06,1
13935,9.918092,0
13936,2e-06,0
13937,2.4e-05,1
13938,12.184537,0
13939,12.301373,1
13940,11.169169,0
13941,11.861938,1
13942,4e-06,1
13943,3e-06,0
13944,10.364233,0
13945,3e-06,1
13946,9.741425,0
13947,8.8e-05,1
13948,13.996826,1
13949,18.883785,0
13950,12.135933,0
13951,2e-06,1
13952,4e-06,1
13953,8e-06,1
13954,14.380164,0
13955,9e-06,1
13956,13.626076,1
13957,14.586447,0
13958,0.000339,1
13959,14.224754,0
13960,11.367078,1
13961,14.133595,1
13962,12.037843,1
13963,2e-06,0
13964,13.468363,0
13965,9e-06,1
13966,15.644562,1
13967,9.861403,0
13968,9.863838,1
13969,16.308348,0
13970,10.577491,1
13971,13.74228,0
13972,4.1e-05,1
13973,18.408485,0
13974,0.000165,1
13975,11.156407,0
13976,5.8e-05,1
13977,11.871686,0
13978,11.175573,0
13979,15.302543,0
13980,1e-05,1
13981,12.866453,0
13982,12.389121,0
13983,3.5e-05,1
13984,9.5e-05,1
13985,0.000185,1
13986,10.333688,0
13987,10.058626,1
13988,6e-06,1
13989,9.954556,1
13990,5e-06,1
13991,11.960829,1
13992,12.810344,0
13993,13.834592,1
13994,1e-06,1
13995,10.341677,1
13996,11.815162,0
13997,11.049271,0
13998,12.647543,1
13999,4e-06,0
14000,5e-05,1
14001,14.298931,1
14002,14.012753,0
14003,14.173944,0
14004,8e-06,1
14005,10.857593,1
14006,0.000156,1
14007,9.431786,0
14008,13.100315,1
14009,13.81262,1
14010,13.521686,1
14011,2.1e-05,1
14012,9.108862,0
14013,11.499039,0
14014,13.934457,0
14015,2e-05,1
14016,5e-06,1
14017,2.5e-05,1
14018,12.197695,0
14019,1.8e-05,1
14020,0.000412,1
14021,11.774505,1
14022,9.68835,0
14023,11.806611,1
14024,14.337396,0
14025,1.6e-05,1
14026,2e-06,0
14027,9e-06,1
14028,10.437834,0
14029,13.37701,0
14030,4e-06,1
14031,2e-06,0
14032,12.807917,1
14033,6.7e-05,1
14034,10.520986,0
14035,16.009041,1
14036,1.6e-05,1
14037,0.000195,1
14038,13.337073,0
14039,14.219079,1
14040,4e-06,1
14041,9.536282,0
14042,2e-06,1
14043,0.0,0
14044,11.112987,1
14045,3.7e-05,1
14046,2e-06,1
14047,2e-06,1
14048,0.000145,1
14049,13.657921,1
14050,3e-06,0
14051,0.0,0
14052,7.3e-05,1
14053,14.579877,1
14054,5.1e-05,1
14055,9.40939,1
14056,13.708672,1
14057,7.1e-05,1
14058,12.957653,1
14059,5.6e-05,1
14060,2e-06,0
14061,14.890522,0
14062,8e-06,1
14063,11.239399,0
14064,1.8e-05,1
14065,8.5e-05,0
14066,3e-06,1
14067,7e-06,0
14068,12.18219,1
14069,12.022384,0
14070,3.1e-05,1
14071,0.000153,1
14072,2e-06,0
14073,11.616604,0
14074,15.926057,0
14075,3.4e-05,1
14076,11.311644,0
14077,6e-06,0
14078,12.37222,0
14079,0.000156,1
14080,14.462083,1
14081,1e-05,1
14082,2e-06,1
14083,11.333631,0
14084,10.94543,0
14085,6.658566,1
14086,1.3e-05,0
14087,5.6e-05,1
14088,11.124549,0
14089,12.008084,0
14090,3e-06,1
14091,1e-05,1
14092,9.382465,1
14093,10.953,0
14094,2e-05,1
14095,1.9e-05,0
14096,11.308176,0
14097,0.000129,0
14098,11.819052,0
14099,11.772998,1
14100,9.984605,0
14101,13.962382,0
14102,13.107584,1
14103,13.374008,0
14104,15.31473,1
14105,1.8e-05,1
14106,10.370503,1
14107,13.594398,1
14108,13.642209,0
14109,0.000182,1
14110,8.3e-05,1
14111,10.049557,0
14112,14.488067,0
14113,14.803993,0
14114,14.034523,0
14115,3.6e-05,1
14116,11.130991,1
14117,5e-06,1
14118,13.595259,0
14119,12.203135,1
14120,13.814798,1
14121,3.4e-05,1
14122,12.344904,1
14123,11.332132,1
14124,12.187515,0
14125,0.000124,1
14126,3.1e-05,1
14127,11.793414,0
14128,14.177086,1
14129,12.799326,1
14130,1.4e-05,1
14131,11.163898,1
14132,10.956933,0
14133,11.624463,0
14134,15.204863,0
14135,14.624616,0
14136,11.560227,0
14137,6e-06,1
14138,0.00016,1
14139,13.194639,1
14140,16.616283,1
14141,0.000315,1
14142,12.087354,0
14143,10.958393,1
14144,14.19755,1
14145,5.9e-05,1
14146,10.274739,0
14147,12.488309,1
14148,11.871017,0
14149,1e-06,0
14150,14.588108,1
14151,9.934711,0
14152,15.992621,1
14153,14.760535,0
14154,13.389796,0
14155,12.937037,1
14156,12.28202,1
14157,8.6e-05,0
14158,2e-06,0
14159,11.576892,0
14160,10.603827,0
14161,2.9e-05,1
14162,11.779717,0
14163,10.412146,0
14164,12.448096,1
14165,9.844673,0
14166,3e-05,1
14167,15.764606,1
14168,13.057205,1
14169,14.223033,0
14170,15.495004,1
14171,15.70282,1
14172,1.9e-05,1
14173,3e-06,1
14174,11.390776,0
14175,1.1e-05,0
14176,9.386388,0
14177,16.842108,0
14178,8e-06,1
14179,14.184774,1
14180,17.028215,1
14181,10.905592,1
14182,15.846303,0
14183,7.5e-05,1
14184,11.780312,1
14185,2e-06,0
14186,3e-06,1
14187,12.345241,1
14188,11.41371,0
14189,0.000122,1
14190,1.8e-05,1
14191,6.4e-05,1
14192,2.3e-05,1
14193,1e-05,1
14194,10.553453,0
14195,16.899302,1
14196,0.00013,1
14197,11.86017,1
14198,2e-06,1
14199,3.6e-05,1
14200,9.662524,0
14201,9.698741,1
14202,8.7e-05,1
14203,13.912342,1
14204,11.182608,0
14205,9.404994,1
14206,12.477802,0
14207,0.0,1
14208,4e-06,1
14209,10.288664,0
14210,2.9e-05,1
14211,1e-06,0
14212,11.515473,0
14213,17.562979,1
14214,15.354056,0
14215,12.556753,1
14216,15.892035,1
14217,4e-06,1
14218,13.469241,1
14219,2e-06,1
14220,9.610168,1
14221,14.364015,0
14222,12.118129,1
14223,12.280591,0
14224,0.000443,1
14225,12.552001,0
14226,13.078734,0
14227,10.765846,1
14228,2e-06,1
14229,12.399212,1
14230,9.748374,1
14231,14.82341,0
14232,2.6e-05,1
14233,10.723686,0
14234,3e-06,0
14235,8.8e-05,1
14236,13.250675,1
14237,11.394769,0
14238,8.811537,0
14239,0.000116,1
14240,12.073088,0
14241,7e-06,1
14242,11.437841,0
14243,4e-05,1
14244,12.459008,0
14245,12.048866,1
14246,13.260209,1
14247,8.4e-05,1
14248,16.740705,1
14249,0.00026,1
14250,2.9e-05,1
14251,1.6e-05,0
14252,12.272558,0
14253,2e-06,0
14254,3e-06,0
14255,2e-06,1
14256,9.907236,1
14257,10.798213,0
14258,10.024858,1
14259,14.122406,1
14260,8.574999,0
14261,5e-05,1
14262,6.9e-05,1
14263,5e-06,1
14264,1.4e-05,1
14265,0.000145,1
14266,3.2e-05,1
14267,12.516722,1
14268,5.4e-05,1
14269,2.9e-05,1
14270,1e-05,0
14271,8.4e-05,1
14272,13.030162,1
14273,12.307861,0
14274,12.722464,1
14275,12.208964,0
14276,0.000136,1
14277,10.41397,1
14278,13.278429,1
14279,0.000101,1
14280,9.497144,1
14281,13.549238,1
14282,13.686846,1
14283,2e-06,1
14284,13.797001,1
14285,11.953895,0
14286,1e-05,1
14287,4.5e-05,1
14288,15.387745,1
14289,5.2e-05,1
14290,3.4e-05,1
14291,13.592873,1
14292,4e-06,1
14293,9.981877,1
14294,14.151143,0
14295,13.178857,1
14296,1e-06,1
14297,6.8e-05,1
14298,1.3e-05,1
14299,2e-06,0
14300,13.94256,1
14301,3e-06,0
14302,1.4e-05,0
14303,12.314027,0
14304,15.651614,1
14305,13.113994,1
14306,3.2e-05,1
14307,0.000208,1
14308,10.378762,0
14309,12.502592,0
14310,2.4e-05,1
14311,13.89916,1
14312,11.323965,1
14313,15.093439,1
14314,16.866484,1
14315,11.990549,1
14316,0.0,1
14317,2e-06,0
14318,12.795996,0
14319,5e-06,0
14320,16.61908,1
14321,11.322496,1
14322,5.6e-05,1
14323,5e-06,0
14324,2.4e-05,1
14325,2.8e-05,1
14326,11.737975,0
14327,10.971157,0
14328,4e-06,0
14329,10.933195,1
14330,10.900977,1
14331,4e-06,0
14332,14.110039,1
14333,11.935086,1
14334,15.901251,1
14335,6.3e-05,1
14336,13.451302,0
14337,2.7e-05,1
14338,10.537528,0
14339,15.709416,1
14340,9.881495,0
14341,13.681921,0
14342,11.757567,1
14343,11.264903,0
14344,5.4e-05,1
14345,1.3e-05,1
14346,15.17724,0
14347,14.979628,1
14348,0.000301,1
14349,2e-06,1
14350,7e-06,0
14351,1.4e-05,1
14352,11.414547,1
14353,16.250683,0
14354,11.80482,0
14355,11.099769,0
14356,12.270477,0
14357,12.371754,0
14358,0.000126,1
14359,8.89557,0
14360,14.184365,0
14361,10.278716,0
14362,4e-06,1
14363,15.68112,1
14364,12.972664,0
14365,4.8e-05,1
14366,0.000141,1
14367,0.0,0
14368,14.800867,1
14369,14.530247,1
14370,3.1e-05,1
14371,13.751596,0
14372,13.552224,1
14373,14.425636,0
14374,15.451229,1
14375,0.000464,1
14376,2.4e-05,1
14377,3.1e-05,1
14378,10.99614,1
14379,10.372727,0
14380,16.631638,0
14381,13.659921,1
14382,0.0,0
14383,12.976414,1
14384,16.498777,0
14385,3e-06,1
14386,9.586315,0
14387,10.407835,0
14388,12.81493,1
14389,1.2e-05,1
14390,3e-06,1
14391,11.108501,0
14392,0.000856,1
14393,3e-05,1
14394,12.576482,0
14395,14.361462,1
14396,13.378214,0
14397,11.986294,0
14398,1.1e-05,1
14399,7.5e-05,1
14400,14.734015,1
14401,13.138928,0
14402,4.5e-05,1
14403,2e-05,1
14404,0.000122,1
14405,13.058083,0
14406,3e-06,0
14407,13.188137,1
14408,0.000135,1
14409,10.836617,0
14410,10.980742,0
14411,12.574726,0
14412,3.3e-05,1
14413,10.857015,0
14414,11.835591,0
14415,12.322891,0
14416,15.127184,1
14417,9.8e-05,1
14418,0.000157,1
14419,9e-06,1
14420,13.216016,1
14421,10.793449,0
14422,12.973739,1
14423,17.084209,1
14424,11.789827,1
14425,0.000144,1
14426,14.436542,1
14427,1e-06,0
14428,10.234936,1
14429,10.708864,0
14430,16.383625,1
14431,11.722718,0
14432,8.103488,1
14433,3.5e-05,1
14434,9.174988,0
14435,10.917252,1
14436,11.200127,1
14437,16.146458,1
14438,4e-06,1
14439,1e-06,0
14440,10.230769,0
14441,13.876495,1
14442,2e-06,0
14443,0.000305,1
14444,11.839823,0
14445,9.677011,0
14446,9.87556,0
14447,1.4e-05,1
14448,17.297258,1
14449,0.00013,1
14450,14.806096,1
14451,0.000228,1
14452,11.069869,0
14453,3e-06,0
14454,14.152483,0
14455,10.610712,0
14456,10.170898,0
14457,2.4e-05,1
14458,12.850212,1
14459,11.565039,1
14460,16.649181,1
14461,5.3e-05,1
14462,8.335218,0
14463,12.627263,1
14464,4e-06,1
14465,14.158011,1
14466,16.917547,1
14467,11.189005,1
14468,13.583437,1
14469,11.042702,0
14470,3e-06,1
14471,14.379332,1
14472,14.38168,0
14473,12.017845,0
14474,16.966644,1
14475,2e-06,1
14476,2e-06,1
14477,16.441332,1
14478,0.000109,1
14479,2e-06,1
14480,14.259273,1
14481,6.8e-05,1
14482,17.136581,1
14483,5.9e-05,1
14484,16.958391,0
14485,15.571428,1
14486,10.088521,0
14487,5.1e-05,1
14488,12.282302,1
14489,9e-06,1
14490,12.387254,0
14491,13.356452,0
14492,12.411979,0
14493,16.89456,1
14494,8.94559,0
14495,13.767082,0
14496,1.4e-05,1
14497,13.647954,0
14498,10.973689,0
14499,10.863161,0
14500,11.646898,0
14501,8.3e-05,1
14502,13.59577,1
14503,11.274347,1
14504,9e-06,0
14505,11.116302,0
14506,16.558472,1
14507,1e-06,0
14508,11.437619,0
14509,9.434094,0
14510,7.7e-05,1
14511,11.859542,0
14512,12.200882,1
14513,0.0,0
14514,10.40919,1
14515,10.254045,0
14516,13.022639,0
14517,11.152514,1
14518,15.17568,1
14519,11.623795,0
14520,15.655637,1
14521,14.838044,1
14522,1.3e-05,1
14523,10.663021,0
14524,13.688441,1
14525,13.700188,1
14526,15.848162,1
14527,11.37569,1
14528,11.19286,1
14529,15.639529,1
14530,0.0,1
14531,2.1e-05,1
14532,13.413365,0
14533,0.000107,0
14534,6.8e-05,1
14535,0.000382,1
14536,2e-06,1
14537,12.294141,1
14538,11.919182,0
14539,10.70558,1
14540,1.9e-05,1
14541,17.187956,0
14542,1.5e-05,0
14543,13.289566,1
14544,13.636381,1
14545,11.717396,1
14546,13.229587,1
14547,14.472396,0
14548,5e-06,1
14549,4e-05,1
14550,10.141555,1
14551,9e-05,1
14552,1.7e-05,0
14553,1.2e-05,1
14554,6e-06,1
14555,11.183077,0
14556,14.081803,1
14557,11.456826,0
14558,16.079706,0
14559,5.8e-05,1
14560,11.518271,1
14561,9.110414,1
14562,8.829427,0
14563,9.80583,0
14564,4.3e-05,1
14565,10.376225,0
14566,9.042067,0
14567,0.000212,1
14568,1.2e-05,0
14569,0.000142,1
14570,3e-05,0
14571,9.884324,1
14572,13.395788,0
14573,6e-06,1
14574,13.453863,1
14575,1e-06,1
14576,1.1e-05,0
14577,13.537268,0
14578,1.7e-05,1
14579,5e-06,1
14580,14.236791,1
14581,14.045516,1
14582,4.1e-05,1
14583,1e-05,0
14584,10.627732,0
14585,12.446859,1
14586,7.3e-05,1
14587,1e-05,1
14588,1.5e-05,1
14589,12.113976,0
14590,1e-06,1
14591,12.712814,0
14592,11.66449,1
14593,13.81965,1
14594,13.481507,1
14595,15.006393,1
14596,14.006598,1
14597,2.7e-05,1
14598,6.3e-05,1
14599,9.837511,0
14600,3.8e-05,1
14601,11.413125,1
14602,12.286604,0
14603,10.921239,0
14604,12.226747,1
14605,0.000347,1
14606,14.493977,0
14607,16.136972,1
14608,11.277917,0
14609,14.819184,0
14610,12.375771,0
14611,3e-06,1
14612,1e-06,1
14613,10.69613,0
14614,12.884076,0
14615,10.97229,1
14616,11.47745,1
14617,11.770849,1
14618,1.6e-05,1
14619,16.654619,1
14620,9.82944,0
14621,8.530248,0
14622,6.7e-05,1
14623,5.8e-05,1
14624,12.874628,0
14625,12.645776,1
14626,5.1e-05,1
14627,7e-06,1
14628,3e-06,0
14629,6e-06,1
14630,14.567329,1
14631,15.311981,1
14632,1.4e-05,1
14633,14.832218,0
14634,14.106329,0
14635,12.339227,0
14636,1.4e-05,1
14637,15.791942,1
14638,6e-06,0
14639,17.126919,1
14640,14.163082,0
14641,14.664376,0
14642,17.527277,1
14643,14.458284,1
14644,13.835299,1
14645,3e-06,0
14646,12.017584,1
14647,2.8e-05,1
14648,15.663312,0
14649,18.209042,1
14650,10.43242,0
14651,6e-06,1
14652,10.373633,0
14653,8.3e-05,1
14654,4e-06,0
14655,1e-06,0
14656,1.5e-05,0
14657,16.241426,0
14658,13.150537,1
14659,11.548911,0
14660,9.363198,0
14661,12.415639,0
14662,15.352793,1
14663,0.000168,1
14664,3.4e-05,1
14665,1.8e-05,1
14666,16.372765,1
14667,2.8e-05,1
14668,12.468262,0
14669,1.6e-05,0
14670,7.9e-05,1
14671,0.000237,1
14672,3e-06,0
14673,1e-05,1
14674,2.7e-05,1
14675,12.880096,1
14676,9e-06,0
14677,5e-06,1
14678,1.5e-05,1
14679,0.000469,1
14680,12.033265,1
14681,12.129982,1
14682,0.000133,1
14683,1e-06,1
14684,11.329384,1
14685,0.000104,1
14686,12.590789,1
14687,4.1e-05,1
14688,1e-05,1
14689,12.395776,1
14690,12.369546,0
14691,1e-06,1
14692,14.320524,0
14693,12.804117,1
14694,13.360714,1
14695,16.71884,1
14696,12.729945,0
14697,12.02535,0
14698,4e-05,1
14699,6.4e-05,0
14700,2.3e-05,1
14701,9.101063,1
14702,15.497476,0
14703,12.221197,1
14704,13.033039,1
14705,6e-06,1
14706,13.333173,1
14707,0.000104,0
14708,12.800178,1
14709,15.532062,0
14710,12.354149,0
14711,3e-06,1
14712,0.000152,1
14713,7.6e-05,1
14714,11.910382,1
14715,11.51643,0
14716,4e-06,1
14717,14.959335,1
14718,2e-06,1
14719,6.7e-05,1
14720,1.1e-05,1
14721,2.8e-05,1
14722,6e-06,0
14723,14.00726,1
14724,0.000335,0
14725,16.839905,0
14726,1.8e-05,1
14727,9.798026,0
14728,3.7e-05,0
14729,13.642178,0
14730,4.7e-05,1
14731,12.251166,0
14732,0.000299,1
14733,1.6e-05,1
14734,2e-05,1
14735,12.744896,0
14736,15.517586,1
14737,14.043074,1
14738,11.886894,1
14739,11.892357,0
14740,15.116729,1
14741,15.281951,1
14742,1.6e-05,1
14743,13.984232,1
14744,9e-06,1
14745,10.64733,1
14746,15.70048,0
14747,4e-06,0
14748,17.648922,0
14749,15.073247,1
14750,3e-05,1
14751,12.262378,0
14752,12.51973,1
14753,11.929939,1
14754,12.46459,1
14755,3e-06,1
14756,10.21955,0
14757,2.6e-05,1
14758,1.5e-05,1
14759,2e-06,1
14760,12.292657,1
14761,3e-06,1
14762,3e-05,0
14763,0.000216,1
14764,1.8e-05,1
14765,10.73577,0
14766,0.000155,1
14767,13.631461,0
14768,1e-05,1
14769,5e-06,0
14770,14.619231,1
14771,10.557327,1
14772,13.703745,0
14773,10.864759,0
14774,2.1e-05,1
14775,2e-06,1
14776,12.942338,1
14777,6.6e-05,0
14778,1.1e-05,1
14779,11.882504,0
14780,8e-06,1
14781,10.781351,1
14782,3.9e-05,1
14783,9.709636,1
14784,14.95377,0
14785,11.742463,0
14786,2.7e-05,1
14787,11.98582,0
14788,3e-06,0
14789,1.2e-05,1
14790,5e-06,1
14791,12.184634,0
14792,11.139176,1
14793,13.087495,1
14794,12.417491,0
14795,10.335777,1
14796,11.625066,1
14797,2e-06,0
14798,10.52371,0
14799,12.562382,1
14800,1e-06,0
14801,14.27275,1
14802,7.459565,1
14803,1.2e-05,1
14804,2.1e-05,1
14805,11.104399,1
14806,1e-06,1
14807,6e-06,1
14808,0.000344,1
14809,0.000147,1
14810,16.67034,1
14811,13.283,1
14812,13.941359,1
14813,1.8e-05,1
14814,13.754208,0
14815,14.225043,0
14816,0.000428,1
14817,3e-06,1
14818,10.111672,0
14819,0.0,0
14820,14.810623,1
14821,1e-06,1
14822,8.2e-05,1
14823,13.689169,0
14824,15.344467,1
14825,7.9e-05,1
14826,2.4e-05,1
14827,1.4e-05,1
14828,14.762356,1
14829,13.114397,1
14830,15.713802,1
14831,14.907157,0
14832,14.63691,1
14833,10.193051,0
14834,9.866543,0
14835,1e-05,1
14836,9.1e-05,1
14837,10.95225,1
14838,16.189493,0
14839,1.4e-05,1
14840,14.681051,0
14841,15.15766,0
14842,11.495661,0
14843,8.4e-05,1
14844,14.909123,1
14845,1.3e-05,1
14846,7.2e-05,1
14847,9.575096,0
14848,12.978908,0
14849,13.257273,0
14850,0.000587,1
14851,14.041298,0
14852,3.6e-05,1
14853,12.038914,0
14854,12.884348,1
14855,15.891506,1
14856,11.135808,1
14857,11.430688,1
14858,1.2e-05,1
14859,13.606174,1
14860,1.5e-05,0
14861,17.127604,0
14862,12.471473,1
14863,10.77362,1
14864,10.877539,0
14865,10.634883,1
14866,11.629118,1
14867,10.57256,0
14868,7e-06,1
14869,2e-06,1
14870,13.165443,0
14871,14.615009,1
14872,1e-06,0
14873,15.163523,1
14874,13.689028,0
14875,15.975369,1
14876,12.323973,0
14877,15.257183,0
14878,10.686955,0
14879,10.90087,0
14880,9.702091,0
14881,10.007539,0
14882,9.716204,1
14883,12.818653,1
14884,0.00016,1
14885,14.361426,1
14886,1e-06,0
14887,14.678975,1
14888,6.6e-05,1
14889,13.479139,0
14890,10.094914,1
14891,8.3e-05,1
14892,15.523296,1
14893,10.881029,1
14894,1e-06,1
14895,14.555731,0
14896,16.426935,1
14897,0.000103,1
14898,10.283878,1
14899,15.034286,1
14900,3.1e-05,1
14901,7e-06,1
14902,1e-05,1
14903,15.161402,1
14904,9.902229,1
14905,12.881928,1
14906,1.2e-05,1
14907,3e-06,1
14908,2e-06,0
14909,14.862338,1
14910,11.019794,1
14911,3.3e-05,0
14912,13.063601,0
14913,6.5e-05,1
14914,3.3e-05,0
14915,11.871117,1
14916,14.608101,1
14917,15.596292,1
14918,12.305297,1
14919,15.849514,1
14920,5e-06,1
14921,0.000185,1
14922,13.424213,0
14923,0.000118,1
14924,15.443978,0
14925,2.7e-05,1
14926,12.070966,1
14927,11.02007,0
14928,12.654288,1
14929,12.125688,1
14930,11.620899,0
14931,14.42754,0
14932,1.9e-05,1
14933,0.000322,1
14934,1e-06,1
14935,3e-06,0
14936,14.525927,1
14937,1.2e-05,1
14938,10.704113,1
14939,14.01674,0
14940,3.9e-05,1
14941,0.000286,1
14942,1.3e-05,1
14943,13.541932,1
14944,5e-06,1
14945,12.592485,1
14946,10.607348,0
14947,10.811702,1
14948,15.703402,0
14949,10.476912,1
14950,14.14857,0
14951,2.9e-05,1
14952,0.000415,1
14953,11.129409,0
14954,9.618378,1
14955,11.468495,0
14956,12.698815,1
14957,13.770119,0
14958,11.63817,0
14959,12.017719,1
14960,14.713765,1
14961,2e-05,0
14962,12.789637,0
14963,11.774743,0
14964,4.3e-05,1
14965,12.53011,1
14966,8e-06,0
14967,14.136062,1
14968,12.090797,1
14969,14.90244,1
14970,10.267246,1
14971,7.2e-05,1
14972,2e-06,0
14973,11.733727,1
14974,11.39027,0
14975,8.258762,0
14976,13.897099,1
14977,12.194446,0
14978,2.6e-05,0
14979,4e-06,1
14980,10.922094,0
14981,7.9e-05,0
14982,16.65131,1
14983,11.77168,0
14984,3e-06,1
14985,11.622821,1
14986,11.906165,0
14987,1.3e-05,1
14988,1e-06,0
14989,12.143688,1
14990,9.103566,0
14991,10.6595,0
14992,0.000132,1
14993,1.6e-05,1
14994,2.3e-05,1
14995,16.150467,0
14996,11.411718,0
14997,2.1e-05,1
14998,18.632195,1
14999,11.219468,0
15000,3e-06,0
15001,1.3e-05,1
15002,14.23458,1
15003,15.869422,1
15004,1e-06,1
15005,0.00016,1
15006,1e-05,1
15007,3.6e-05,0
15008,9.700184,0
15009,16.852942,1
15010,3e-06,0
15011,2e-05,1
15012,14.509272,0
15013,5e-05,1
15014,19.740822,1
15015,2.2e-05,1
15016,9.392799,0
15017,8.752741,0
15018,5e-06,1
15019,15.258285,1
15020,9.600043,1
15021,14.955561,0
15022,4e-06,1
15023,1.5e-05,1
15024,10.000723,1
15025,1e-06,0
15026,9.734597,0
15027,9.890031,0
15028,13.205499,1
15029,2.1e-05,1
15030,13.56776,1
15031,0.000442,1
15032,13.61758,1
15033,1e-06,0
15034,0.00021,1
15035,1.9e-05,0
15036,11.766438,1
15037,14.121013,0
15038,0.000391,1
15039,11.152431,1
15040,3e-06,1
15041,2.4e-05,1
15042,2.9e-05,1
15043,3.1e-05,1
15044,2e-06,1
15045,11.934774,1
15046,10.899175,1
15047,14.675284,0
15048,14.231476,1
15049,5.3e-05,1
15050,6.7e-05,1
15051,8.796231,0
15052,14.488015,1
15053,11.804876,1
15054,8e-05,1
15055,6.9e-05,0
15056,14.873671,1
15057,6.5e-05,1
15058,1.8e-05,1
15059,1e-06,0
15060,10.25553,1
15061,8e-06,0
15062,1e-06,1
15063,10.431351,0
15064,12.091112,0
15065,1e-06,1
15066,13.333704,0
15067,0.000104,1
15068,0.001045,1
15069,11.708191,0
15070,0.000125,1
15071,0.0,0
15072,13.936437,1
15073,2e-06,0
15074,4e-05,1
15075,2e-06,1
15076,0.000135,1
15077,14.508499,1
15078,12.045991,1
15079,1e-05,1
15080,0.0,1
15081,2.4e-05,1
15082,11.660688,0
15083,13.472782,1
15084,15.991438,0
15085,4e-06,1
15086,3.1e-05,1
15087,12.497272,1
15088,9e-06,1
15089,9.980526,0
15090,13.516019,1
15091,3e-06,1
15092,1.1e-05,1
15093,11.052896,1
15094,11.534687,1
15095,13.031713,0
15096,0.000106,1
15097,14.123476,1
15098,9.072113,0
15099,2e-06,1
15100,0.000303,1
15101,10.314034,0
15102,13.961784,1
15103,2e-06,0
15104,12.367601,1
15105,14.870448,1
15106,14.576283,1
15107,8.533683,1
15108,13.348114,0
15109,12.058376,0
15110,1e-06,0
15111,17.931652,1
15112,10.718241,0
15113,4e-06,0
15114,10.546849,0
15115,17.242693,1
15116,17.011309,1
15117,9.937263,1
15118,13.309057,1
15119,6e-05,1
15120,12.836283,0
15121,0.000315,1
15122,1e-06,1
15123,11.635878,1
15124,2.2e-05,1
15125,6.1e-05,1
15126,4.6e-05,0
15127,1e-06,0
15128,9.748262,1
15129,12.528238,0
15130,6.7e-05,1
15131,14.19718,0
15132,9.738248,0
15133,15.779992,1
15134,11.933135,1
15135,1e-06,1
15136,3e-06,0
15137,8.1e-05,1
15138,5.1e-05,1
15139,9.62626,0
15140,13.49454,1
15141,13.990221,1
15142,12.301442,0
15143,9e-06,1
15144,12.230653,1
15145,18.830709,1
15146,17.130358,1
15147,11.089939,1
15148,11.204135,0
15149,13.970268,1
15150,10.299026,0
15151,0.0,1
15152,8.613974,0
15153,1.1e-05,1
15154,2e-06,1
15155,6.2e-05,1
15156,5e-06,1
15157,10.705077,0
15158,11.6162,0
15159,12.144711,0
15160,11.89021,0
15161,13.119217,1
15162,9e-06,0
15163,15.105708,1
15164,11.507445,1
15165,14.581907,0
15166,11.492037,1
15167,14.280474,1
15168,1e-06,1
15169,16.015947,0
15170,5.5e-05,1
15171,9.9e-05,1
15172,4.9e-05,1
15173,14.461398,1
15174,12.018401,1
15175,14.976373,1
15176,0.0,1
15177,0.000178,1
15178,9.905096,0
15179,10.295454,0
15180,3.9e-05,1
15181,15.802419,0
15182,14.713786,0
15183,13.631324,1
15184,3e-06,1
15185,13.987676,0
15186,3e-06,1
15187,2e-05,0
15188,2.3e-05,1
15189,1e-06,1
15190,9.2e-05,1
15191,2e-06,1
15192,2.9e-05,1
15193,3.3e-05,1
15194,2.3e-05,1
15195,10.838927,0
15196,17.168095,1
15197,9.3e-05,1
15198,10.190244,1
15199,13.57512,1
15200,0.0001,1
15201,4.3e-05,1
15202,12.285874,0
15203,0.000108,1
15204,15.001885,1
15205,11.564865,1
15206,0.00021,1
15207,2.4e-05,1
15208,9.656663,0
15209,4e-06,1
15210,15.480291,1
15211,14.631546,1
15212,11.06828,0
15213,2.6e-05,1
15214,1.8e-05,0
15215,13.16661,0
15216,5e-06,1
15217,12.053075,1
15218,15.647091,1
15219,12.1856,1
15220,16.621168,1
15221,12.307629,1
15222,3e-06,0
15223,9.1e-05,1
15224,12.063158,1
15225,1e-05,1
15226,0.000101,1
15227,13.180882,1
15228,2.4e-05,1
15229,13.856832,0
15230,11.9878,0
15231,10.233051,0
15232,10.666604,0
15233,7e-06,1
15234,12.427992,1
15235,2.9e-05,1
15236,12.270599,0
15237,10.074136,0
15238,6.8e-05,1
15239,9e-06,0
15240,7e-06,1
15241,10.247476,1
15242,11.833624,0
15243,0.000169,1
15244,13.590727,1
15245,1.1e-05,0
15246,10.644682,0
15247,9.939341,0
15248,10.312559,0
15249,9e-06,1
15250,0.000115,1
15251,8e-05,1
15252,5e-06,1
15253,16.090698,1
15254,10.653664,0
15255,0.000237,1
15256,1e-06,0
15257,11.76406,0
15258,3e-06,1
15259,8e-06,1
15260,9.8e-05,1
15261,12.118699,1
15262,6.7e-05,0
15263,8e-05,1
15264,2.8e-05,1
15265,15.711539,1
15266,13.221878,0
15267,13.481492,0
15268,11.871336,1
15269,10.943349,0
15270,13.773602,1
15271,6e-06,0
15272,1e-06,0
15273,1.3e-05,1
15274,10.979235,1
15275,2e-05,1
15276,11.615782,0
15277,12.119595,1
15278,12.977988,0
15279,12.335618,1
15280,1.3e-05,1
15281,11.668165,0
15282,3.6e-05,1
15283,2.9e-05,1
15284,11.53537,1
15285,1.7e-05,1
15286,10.43151,1
15287,13.730606,0
15288,13.523402,1
15289,11.85014,0
15290,12.902961,0
15291,2.7e-05,1
15292,0.0,0
15293,1.6e-05,1
15294,0.0,1
15295,1.2e-05,1
15296,12.680632,0
15297,2e-05,1
15298,14.476482,0
15299,2.6e-05,0
15300,0.0,0
15301,14.675988,1
15302,12.941818,1
15303,7.4e-05,1
15304,6.4e-05,1
15305,12.585284,0
15306,10.222384,1
15307,11.926702,0
15308,11.031462,0
15309,10.795485,0
15310,10.759973,0
15311,12.873094,1
15312,6e-06,1
15313,15.286083,0
15314,0.000106,1
15315,12.097332,0
15316,12.110413,0
15317,11.429797,1
15318,12.313974,0
15319,12.062875,1
15320,17.901361,1
15321,11.213024,0
15322,1e-06,0
15323,8.5e-05,1
15324,6.5e-05,1
15325,10.917302,0
15326,13.510169,0
15327,17.508266,0
15328,1e-05,1
15329,12.387534,1
15330,12.871753,1
15331,11.804672,0
15332,1.4e-05,0
15333,14.471678,1
15334,13.53792,1
15335,15.481646,0
15336,4e-06,0
15337,12.38745,0
15338,16.617836,1
15339,15.440805,1
15340,10.709523,1
15341,1.4e-05,1
15342,8.627714,0
15343,13.828629,1
15344,15.4933,1
15345,13.87433,0
15346,3.3e-05,1
15347,14.103805,1
15348,15.128483,1
15349,2.9e-05,0
15350,2e-06,1
15351,10.547392,1
15352,4.3e-05,1
15353,10.635251,0
15354,10.780909,1
15355,11.507003,1
15356,11.29931,0
15357,7.2e-05,1
15358,13.81374,1
15359,6.3e-05,1
15360,13.38365,1
15361,5.1e-05,1
15362,7.3e-05,1
15363,12.334801,1
15364,12.520957,0
15365,12.625424,1
15366,13.933976,1
15367,1e-06,0
15368,6e-06,1
15369,14.333696,0
15370,12.206407,0
15371,10.463064,0
15372,9.729759,0
15373,16.869017,1
15374,17.710518,0
15375,15.430836,1
15376,1.8e-05,1
15377,11.638381,0
15378,14.072294,0
15379,13.303708,1
15380,6.4e-05,1
15381,13.72593,0
15382,3e-05,1
15383,0.0001,1
15384,10.245216,0
15385,10.344725,0
15386,9.801896,0
15387,5.7e-05,1
15388,3.4e-05,1
15389,1e-06,1
15390,11.633747,1
15391,4e-05,0
15392,14.148143,1
15393,12.191977,0
15394,15.923433,1
15395,1.4e-05,1
15396,10.94635,0
15397,10.282653,1
15398,8.230004,0
15399,6e-06,1
15400,13.928753,0
15401,11.962878,1
15402,13.741693,1
15403,2.1e-05,1
15404,14.626249,1
15405,9e-05,1
15406,10.634206,0
15407,9.2e-05,1
15408,13.437737,1
15409,10.460552,0
15410,13.515191,0
15411,15.842271,0
15412,10.828771,0
15413,15.707567,0
15414,15.484771,1
15415,2.5e-05,1
15416,11.068218,0
15417,5e-06,0
15418,16.213242,1
15419,2.7e-05,1
15420,3.7e-05,1
15421,5e-06,0
15422,13.241283,0
15423,13.201039,0
15424,15.084759,1
15425,13.611046,0
15426,15.101946,1
15427,14.35544,0
15428,11.998484,1
15429,1e-06,0
15430,9.850948,0
15431,13.651656,1
15432,11.694341,1
15433,13.683357,1
15434,4e-06,1
15435,11.667326,0
15436,11.443068,1
15437,0.000143,1
15438,16.475027,0
15439,0.000136,1
15440,1.4e-05,0
15441,0.00031,1
15442,10.53885,1
15443,5e-06,1
15444,10.455723,0
15445,11.56431,1
15446,0.000119,1
15447,3.8e-05,1
15448,14.242725,1
15449,11.617598,1
15450,13.086329,1
15451,1e-05,1
15452,11.565177,0
15453,1.5e-05,1
15454,1.7e-05,1
15455,7.8e-05,1
15456,11.545046,1
15457,15.095342,0
15458,9.449169,1
15459,12.749651,1
15460,2e-06,1
15461,1e-06,1
15462,9.6e-05,1
15463,3.6e-05,1
15464,11.985372,1
15465,2.1e-05,1
15466,14.333561,1
15467,13.130188,1
15468,9.857,1
15469,4.8e-05,1
15470,5.3e-05,1
15471,13.155059,0
15472,15.743944,1
15473,15.275566,1
15474,2e-05,1
15475,11.319019,0
15476,0.000517,1
15477,15.722216,0
15478,5e-06,1
15479,17.219599,1
15480,5e-06,1
15481,11.330254,1
15482,17.697035,0
15483,1e-06,0
15484,9.138566,0
15485,12.565863,1
15486,2.9e-05,1
15487,12.424771,0
15488,10.957115,0
15489,8.068514,0
15490,15.005164,0
15491,2.5e-05,1
15492,12.047817,0
15493,12.287163,1
15494,13.396948,1
15495,1.5e-05,1
15496,10.343477,1
15497,1.7e-05,1
15498,1e-06,0
15499,5e-06,0
15500,3e-06,1
15501,15.823104,1
15502,1e-06,1
15503,12.896344,0
15504,4.3e-05,1
15505,12.146912,1
15506,11.624961,1
15507,15.810662,1
15508,0.00043,1
15509,16.885448,0
15510,13.312498,0
15511,12.2082,0
15512,9.313237,1
15513,0.000176,1
15514,14.202549,1
15515,3.5e-05,1
15516,0.0,1
15517,3e-06,1
15518,10.155787,1
15519,3e-06,0
15520,12.011415,1
15521,14.363188,1
15522,2.6e-05,1
15523,13.860209,0
15524,12.719086,0
15525,14.247666,1
15526,1e-06,0
15527,9.847484,0
15528,13.157774,1
15529,10.441501,1
15530,10.371029,1
15531,1.1e-05,1
15532,13.548609,1
15533,9.10107,1
15534,6e-05,0
15535,1e-06,1
15536,14.511724,1
15537,1.2e-05,1
15538,11.795791,0
15539,11.150517,1
15540,16.290775,1
15541,12.52508,1
15542,10.501112,1
15543,14.932648,1
15544,12.407713,1
15545,12.789016,0
15546,8.103275,0
15547,15.502748,1
15548,14.904537,1
15549,11.097551,1
15550,11.538842,0
15551,13.588301,1
15552,8.5e-05,1
15553,15.967615,0
15554,14.016693,0
15555,10.46137,0
15556,13.700562,0
15557,10.467037,0
15558,11.844415,0
15559,11.679077,0
15560,8e-06,1
15561,12.726162,1
15562,15.672761,1
15563,11.236271,1
15564,14.406141,1
15565,6.2e-05,1
15566,9.339609,0
15567,4e-06,0
15568,16.04137,1
15569,2.1e-05,1
15570,5.8e-05,1
15571,7.1e-05,1
15572,5.4e-05,1
15573,13.559828,1
15574,11.675145,0
15575,10.526737,1
15576,1.9e-05,0
15577,10.079356,0
15578,12.42746,0
15579,11.026815,1
15580,15.8051,1
15581,14.801403,0
15582,1.4e-05,0
15583,14.522458,1
15584,3e-06,1
15585,5e-06,0
15586,3e-05,0
15587,4e-06,1
15588,12.238822,1
15589,14.275085,1
15590,2.5e-05,1
15591,4e-06,1
15592,10.509745,0
15593,4e-06,1
15594,12.89354,1
15595,2e-06,0
15596,19.618664,1
15597,12.814593,1
15598,11.121593,1
15599,13.374667,1
15600,2e-06,1
15601,13.595815,0
15602,14.213448,1
15603,2e-06,1
15604,5.8e-05,1
15605,12.788855,1
15606,7e-06,0
15607,13.438928,1
15608,14.446313,0
15609,8.2e-05,1
15610,1.7e-05,1
15611,1e-06,1
15612,1e-06,0
15613,1.3e-05,1
15614,1.3e-05,1
15615,16.502203,1
15616,12.389003,1
15617,10.97829,0
15618,11.31781,1
15619,2e-06,0
15620,1e-06,1
15621,5.7e-05,1
15622,14.199808,1
15623,7.3e-05,1
15624,12.22446,1
15625,14.089254,1
15626,3.6e-05,1
15627,0.000267,1
15628,1.6e-05,1
15629,8.5e-05,0
15630,7e-06,1
15631,3e-06,1
15632,10.687965,0
15633,12.726006,1
15634,4e-06,0
15635,16.410105,1
15636,0.000425,1
15637,12.382529,0
15638,3.3e-05,1
15639,11.580553,0
15640,3.6e-05,0
15641,11.060274,0
15642,4e-06,1
15643,13.828553,1
15644,1e-06,1
15645,16.576168,0
15646,4e-05,0
15647,12.772951,1
15648,9.234309,0
15649,4.9e-05,1
15650,11.424871,0
15651,14.265532,1
15652,0.0,1
15653,0.0,0
15654,2e-06,1
15655,17.407169,0
15656,0.000841,1
15657,15.379526,0
15658,5e-06,0
15659,9.614738,1
15660,14.254131,1
15661,0.000208,1
15662,1e-06,0
15663,14.139847,1
15664,13.353878,1
15665,11.146299,1
15666,3e-05,0
15667,0.000164,1
15668,14.682112,0
15669,12.147309,0
15670,11.518363,1
15671,1.9e-05,1
15672,13.542839,1
15673,0.000131,1
15674,14.731031,0
15675,12.803061,0
15676,5.2e-05,1
15677,14.727441,1
15678,1.8e-05,1
15679,10.793198,0
15680,0.002717,1
15681,1.1e-05,0
15682,14.429324,1
15683,2.3e-05,1
15684,16.157932,1
15685,10.332197,1
15686,14.412236,1
15687,15.30719,0
15688,13.323253,1
15689,0.000232,1
15690,14.641548,1
15691,13.148159,1
15692,12.730846,1
15693,12.351204,0
15694,13.161382,0
15695,16.864895,1
15696,3e-06,1
15697,9.923159,1
15698,12.214063,1
15699,11.398607,1
15700,13.561585,0
15701,16.018423,1
15702,11.373041,1
15703,11.731847,0
15704,0.000203,1
15705,3e-06,1
15706,12.137667,1
15707,1.2e-05,1
15708,10.973382,0
15709,3.4e-05,1
15710,2e-06,1
15711,6e-06,1
15712,10.593247,0
15713,10.855381,0
15714,0.000102,1
15715,12.770429,1
15716,12.417653,0
15717,8.720422,0
15718,4e-06,1
15719,0.000412,1
15720,12.806915,1
15721,14.4642,0
15722,0.000268,1
15723,3e-06,1
15724,14.368637,0
15725,3e-06,1
15726,9.863823,1
15727,10.901813,1
15728,9.295025,1
15729,9.947681,0
15730,14.316901,1
15731,1e-06,0
15732,3e-06,1
15733,9.932351,0
15734,5.3e-05,0
15735,7.7e-05,1
15736,14.078742,1
15737,11.454734,0
15738,1.2e-05,1
15739,2.2e-05,0
15740,9.100307,0
15741,3.4e-05,1
15742,1.8e-05,1
15743,1e-06,0
15744,11.866728,1
15745,9.721581,1
15746,12.900361,0
15747,2e-06,1
15748,5.5e-05,1
15749,10.10231,0
15750,15.867784,0
15751,8.797337,0
15752,10.048556,0
15753,5e-06,1
15754,15.8395,0
15755,11.464222,1
15756,11.731767,0
15757,13.583941,0
15758,0.000193,1
15759,7.7e-05,1
15760,17.859383,1
15761,2e-06,1
15762,2.1e-05,1
15763,3e-06,1
15764,1.9e-05,1
15765,12.804855,0
15766,10.853705,0
15767,0.000166,1
15768,14.485214,1
15769,13.368587,1
15770,2e-05,1
15771,13.47535,1
15772,13.160886,1
15773,10.317334,0
15774,9.809809,1
15775,9.203391,1
15776,11.116468,1
15777,4.9e-05,1
15778,1.7e-05,1
15779,11.068874,0
15780,18.129904,1
15781,0.000112,1
15782,1e-06,1
15783,14.892587,1
15784,14.328176,0
15785,7e-06,0
15786,13.601819,1
15787,2.3e-05,1
15788,3.5e-05,0
15789,9e-06,1
15790,11.415836,1
15791,14.009234,1
15792,10.988252,1
15793,14.238847,1
15794,2.3e-05,1
15795,9.1e-05,1
15796,13.896143,1
15797,11.984501,1
15798,14.962554,0
15799,17.357073,1
15800,11.099239,1
15801,11.131099,1
15802,14.135967,0
15803,13.656445,1
15804,2.7e-05,1
15805,1.8e-05,1
15806,11.982399,0
15807,9.224154,0
15808,0.0,0
15809,11.424752,1
15810,9.957644,1
15811,12.482765,0
15812,8.7e-05,1
15813,15.089544,1
15814,12.734558,0
15815,12.838818,1
15816,15.126983,1
15817,2e-06,1
15818,13.406287,0
15819,12.409746,0
15820,17.123331,1
15821,8.7e-05,1
15822,10.298803,0
15823,15.388648,1
15824,16.185558,1
15825,11.289653,0
15826,8e-06,1
15827,6e-06,1
15828,6.3e-05,1
15829,14.666467,0
15830,11.453124,1
15831,0.00014,1
15832,14.699617,1
15833,2.5e-05,1
15834,4.8e-05,1
15835,10.329099,0
15836,7e-06,1
15837,8e-06,1
15838,0.000184,1
15839,12.052288,1
15840,13.025216,1
15841,4e-06,1
15842,1.2e-05,1
15843,4.6e-05,1
15844,5e-06,0
15845,14.777205,0
15846,3.2e-05,1
15847,6e-06,0
15848,4e-06,0
15849,14.220502,1
15850,15.089866,1
15851,0.000204,1
15852,13.0677,0
15853,14.507138,1
15854,12.852274,1
15855,10.167835,0
15856,9e-06,0
15857,11.733247,1
15858,2.3e-05,1
15859,11.715107,1
15860,12.184737,0
15861,4.7e-05,1
15862,12.21366,1
15863,3e-06,1
15864,11.364179,0
15865,0.000322,1
15866,2e-06,1
15867,10.551806,0
15868,14.90035,0
15869,14.882619,1
15870,0.000179,1
15871,10.151433,1
15872,2e-06,1
15873,3e-06,1
15874,10.521906,1
15875,11.471993,0
15876,1e-06,1
15877,13.210803,1
15878,11.458103,0
15879,3.6e-05,1
15880,9.718496,0
15881,1e-06,1
15882,11.962572,1
15883,2.1e-05,1
15884,6.5e-05,1
15885,0.000125,1
15886,11.228189,1
15887,17.146431,1
15888,12.669153,1
15889,10.38536,0
15890,17.54788,1
15891,1.5e-05,1
15892,1e-06,1
15893,8e-06,1
15894,11.227598,0
15895,9.790422,0
15896,3.3e-05,1
15897,13.820527,1
15898,1.2e-05,0
15899,12.594666,1
15900,6e-06,0
15901,2.4e-05,1
15902,12.398781,1
15903,11.894255,0
15904,13.874473,0
15905,15.11083,0
15906,3.8e-05,1
15907,12.922883,0
15908,13.839035,0
15909,15.540113,1
15910,1e-06,0
15911,4.5e-05,1
15912,3.7e-05,1
15913,12.44105,0
15914,1e-06,1
15915,12.27534,0
15916,10.874532,0
15917,4.8e-05,1
15918,3e-06,0
15919,9.308678,0
15920,6e-06,0
15921,12.650134,1
15922,2.1e-05,1
15923,0.000189,1
15924,13.290338,1
15925,17.704378,1
15926,1.5e-05,1
15927,12.436001,1
15928,15.28883,1
15929,2.9e-05,1
15930,11.384971,0
15931,2.5e-05,1
15932,11.941765,0
15933,8e-06,1
15934,13.234281,0
15935,10.991685,1
15936,9.701156,0
15937,12.87482,1
15938,11.436457,0
15939,6.5e-05,1
15940,1.4e-05,1
15941,13.257478,0
15942,15.122977,1
15943,13.245388,1
15944,13.983814,1
15945,10.277594,0
15946,17.6432,1
15947,14.061304,0
15948,0.000128,1
15949,7.5e-05,1
15950,0.000117,1
15951,12.931244,0
15952,11.874009,0
15953,3e-06,0
15954,0.000119,1
15955,13.981025,1
15956,2e-06,0
15957,1e-06,1
15958,13.695132,0
15959,8.4e-05,0
15960,4.8e-05,0
15961,8e-06,1
15962,15.05629,0
15963,18.103834,0
15964,11.205401,0
15965,10.571178,0
15966,13.305658,1
15967,15.063766,1
15968,1.4e-05,0
15969,14.878456,1
15970,0.000198,1
15971,1.4e-05,0
15972,11.340655,1
15973,0.000213,1
15974,13.535221,1
15975,10.943069,0
15976,2e-06,0
15977,4.7e-05,1
15978,14.227369,0
15979,14.367237,1
15980,9.075622,0
15981,1e-05,1
15982,16.167749,0
15983,12.360593,1
15984,0.0002,1
15985,13.409874,1
15986,15.302794,1
15987,11.671072,0
15988,12.409807,1
15989,0.000185,1
15990,14.795217,1
15991,14.081366,1
15992,11.819206,1
15993,0.0,0
15994,14.546983,0
15995,1.4e-05,1
15996,16.363146,0
15997,9.775967,0
15998,11.240873,1
15999,17.7754,1
16000,5.2e-05,1
16001,14.355847,1
16002,0.0,1
16003,15.375149,1
16004,8e-06,1
16005,15.062845,1
16006,15.750873,1
16007,2e-06,0
16008,10.656461,0
16009,1e-05,1
16010,1.8e-05,1
16011,13.511271,1
16012,15.595169,1
16013,2.9e-05,1
16014,4e-06,0
16015,9.287652,1
16016,13.419881,0
16017,10.468597,1
16018,12.241582,1
16019,7e-06,1
16020,12.151052,0
16021,15.453893,1
16022,11.901378,1
16023,1e-05,0
16024,2e-05,1
16025,3.1e-05,1
16026,12.496899,1
16027,10.344322,1
16028,12.732545,1
16029,14.814909,1
16030,1.6e-05,1
16031,13.408645,1
16032,7.4e-05,1
16033,5.3e-05,1
16034,2.8e-05,1
16035,14.480628,0
16036,12.546698,1
16037,5e-06,1
16038,11.202847,0
16039,9e-06,0
16040,4.8e-05,0
16041,0.000287,1
16042,12.766808,0
16043,12.000578,0
16044,10.737953,1
16045,14.275269,1
16046,17.259054,1
16047,14.808714,1
16048,7e-06,1
16049,4e-05,1
16050,0.000193,1
16051,2.1e-05,1
16052,5.8e-05,1
16053,1e-05,1
16054,2.8e-05,1
16055,12.561889,0
16056,9.5e-05,1
16057,5e-06,1
16058,11.443436,1
16059,9e-06,1
16060,10.206067,1
16061,3e-05,0
16062,14.251113,0
16063,9.882021,1
16064,12.215661,0
16065,1.6e-05,1
16066,10.853452,1
16067,17.092367,0
16068,3e-06,0
16069,8e-06,1
16070,10.826237,0
16071,10.684395,0
16072,5.3e-05,1
16073,12.272451,1
16074,3e-06,1
16075,2e-06,1
16076,5e-06,1
16077,10.188628,0
16078,1.3e-05,1
16079,12.668255,1
16080,14.790583,1
16081,10.524098,0
16082,0.000208,1
16083,14.391129,1
16084,13.080163,1
16085,11.582454,1
16086,10.371612,1
16087,12.65052,1
16088,2e-06,0
16089,15.195183,0
16090,6e-06,0
16091,10.835228,1
16092,0.000429,1
16093,6e-06,1
16094,11.015301,0
16095,11.349743,0
16096,14.165429,1
16097,4e-06,0
16098,11.551713,1
16099,6e-06,1
16100,1e-05,1
16101,16.780514,0
16102,0.000209,1
16103,6.8e-05,1
16104,12.51951,0
16105,16.139868,1
16106,10.048947,1
16107,12.00617,0
16108,14.532407,0
16109,14.711741,0
16110,13.418796,0
16111,1e-06,1
16112,1.1e-05,1
16113,10.930477,0
16114,10.883764,0
16115,12.062218,1
16116,10.995184,0
16117,13.221093,0
16118,18.295734,1
16119,10.037137,0
16120,14.285167,1
16121,10.012081,1
16122,2e-06,1
16123,11.401551,0
16124,18.167809,1
16125,16.520378,1
16126,4.8e-05,1
16127,9.550945,0
16128,14.532696,0
16129,11.105027,1
16130,9.704298,0
16131,12.659252,1
16132,6.9e-05,1
16133,13.280767,0
16134,5.8e-05,1
16135,11.406975,0
16136,12.253114,0
16137,3.6e-05,1
16138,11.981592,0
16139,0.00055,1
16140,17.612482,1
16141,9.543929,1
16142,9e-06,1
16143,0.000172,1
16144,7e-06,1
16145,2.5e-05,1
16146,9.362366,0
16147,17.211136,1
16148,1e-06,0
16149,5.8e-05,1
16150,3e-06,1
16151,0.000106,1
16152,2e-05,1
16153,13.692943,1
16154,13.073895,0
16155,11.504933,0
16156,1.6e-05,1
16157,14.789736,1
16158,14.066954,1
16159,5e-06,0
16160,15.406822,1
16161,11.988301,1
16162,13.373633,1
16163,13.497477,0
16164,5.1e-05,1
16165,0.000122,1
16166,10.304234,0
16167,4e-06,1
16168,12.18242,0
16169,6e-06,1
16170,11.548731,1
16171,12.997036,1
16172,2.9e-05,1
16173,13.123637,1
16174,12.133399,0
16175,16.576584,1
16176,1.5e-05,0
16177,13.552586,1
16178,13.055635,0
16179,15.319309,0
16180,14.674461,1
16181,12.949882,1
16182,14.448079,0
16183,4.5e-05,1
16184,1e-06,1
16185,12.752735,1
16186,15.255894,1
16187,14.50202,1
16188,0.000101,1
16189,1.4e-05,1
16190,14.534834,1
16191,13.857471,1
16192,0.000141,1
16193,11.081147,0
16194,14.031426,1
16195,14.18018,1
16196,13.246843,1
16197,11.507421,1
16198,4e-06,1
16199,15.403548,1
16200,10.110172,0
16201,3e-06,1
16202,8.454053,1
16203,11.412547,1
16204,0.0,0
16205,11.060013,1
16206,1.9e-05,1
16207,9.383032,1
16208,1.3e-05,1
16209,12.099648,1
16210,10.076422,1
16211,0.000165,0
16212,13.508725,0
16213,15.712406,1
16214,12.084822,1
16215,1.5e-05,1
16216,15.195426,1
16217,14.109035,1
16218,9e-06,1
16219,13.074135,1
16220,10.350068,1
16221,11.112592,1
16222,1.2e-05,1
16223,0.000144,1
16224,3e-06,1
16225,2e-06,1
16226,1.3e-05,1
16227,12.577008,1
16228,12.216151,1
16229,16.078566,1
16230,3.4e-05,1
16231,10.856685,0
16232,13.419169,1
16233,7e-06,1
16234,0.000136,1
16235,12.432472,1
16236,3e-06,1
16237,16.829472,1
16238,2.7e-05,1
16239,12.111213,1
16240,14.115156,1
16241,13.390422,0
16242,1.3e-05,1
16243,0.000137,1
16244,5.6e-05,1
16245,13.939019,1
16246,13.922995,1
16247,9.185513,1
16248,11.291101,0
16249,15.454815,1
16250,3e-06,1
16251,11.965346,1
16252,1.1e-05,0
16253,12.210071,1
16254,1e-06,0
16255,11.38569,1
16256,10.984433,1
16257,10.584287,0
16258,13.021515,1
16259,13.415963,0
16260,11.271423,0
16261,10.573973,0
16262,10.12474,1
16263,11.056997,1
16264,10.216389,0
16265,7e-06,1
16266,2.4e-05,1
16267,11.147343,1
16268,1.9e-05,0
16269,11.231323,0
16270,12.602149,1
16271,1.1e-05,1
16272,2.9e-05,0
16273,11.978782,0
16274,12.001357,0
16275,12.514187,0
16276,11.195844,0
16277,15.643379,1
16278,11.441734,1
16279,2.2e-05,1
16280,12.520336,0
16281,11.473837,1
16282,14.911998,0
16283,6e-06,1
16284,3e-06,1
16285,10.896753,1
16286,16.575884,0
16287,12.712293,1
16288,6e-06,1
16289,0.0,0
16290,7.720051,0
16291,11.633919,0
16292,8e-06,1
16293,3e-06,0
16294,11.413494,1
16295,3.5e-05,0
16296,3e-06,1
16297,10.598907,0
16298,4e-06,0
16299,2.6e-05,1
16300,16.370279,0
16301,5e-06,1
16302,11.555593,1
16303,6e-06,1
16304,0.000216,1
16305,10.664701,0
16306,9.982683,0
16307,12.70858,1
16308,14.286853,1
16309,12.438356,0
16310,9.729218,0
16311,1.6e-05,1
16312,14.126617,1
16313,16.639879,1
16314,1e-06,1
16315,1e-05,1
16316,12.009192,1
16317,10.577443,1
16318,11.102879,0
16319,3.4e-05,1
16320,16.017675,0
16321,1e-05,1
16322,2.8e-05,0
16323,1e-05,1
16324,0.000199,1
16325,11.104914,1
16326,11.663787,0
16327,12.223231,0
16328,11.446033,0
16329,16.002047,1
16330,2e-06,1
16331,1e-05,1
16332,8.9e-05,1
16333,1.8e-05,1
16334,13.99465,1
16335,4.5e-05,1
16336,12.797564,0
16337,9.708178,0
16338,12.830653,1
16339,12.314669,1
16340,3.5e-05,1
16341,4.4e-05,1
16342,14.458212,0
16343,13.061712,0
16344,10.959063,0
16345,12.849843,1
16346,10.008019,0
16347,9.855207,0
16348,17.014519,1
16349,12.069762,1
16350,4e-06,1
16351,18.477373,1
16352,14.35895,0
16353,14.344913,1
16354,5e-06,1
16355,11.385674,1
16356,13.923152,0
16357,5e-06,0
16358,1.6e-05,1
16359,2e-06,1
16360,0.000112,1
16361,12.143681,1
16362,1e-06,1
16363,16.180927,0
16364,9e-06,1
16365,4e-06,1
16366,2.8e-05,1
16367,16.260345,1
16368,3.1e-05,1
16369,1.5e-05,0
16370,11.678728,0
16371,14.39117,0
16372,11.261306,0
16373,12.414585,0
16374,12.211309,1
16375,13.327487,1
16376,10.410801,0
16377,12.174157,0
16378,9.510274,0
16379,15.47318,1
16380,1e-05,0
16381,0.0001,1
16382,15.456282,1
16383,15.168298,0
16384,14.209935,0
16385,12.428584,1
16386,11.018126,0
16387,10.136148,0
16388,0.000111,1
16389,1.1e-05,1
16390,2e-05,1
16391,1e-05,0
16392,13.926174,1
16393,14.332142,0
16394,2.1e-05,1
16395,10.190298,1
16396,13.195438,0
16397,1e-06,0
16398,12.754469,1
16399,12.231163,1
16400,1.4e-05,1
16401,6e-06,0
16402,10.352428,1
16403,3.5e-05,1
16404,12.160495,1
16405,1e-06,1
16406,13.272304,0
16407,2e-06,0
16408,10.154975,1
16409,11.457271,1
16410,1e-06,1
16411,13.315186,1
16412,11.974998,0
16413,1e-06,0
16414,4.9e-05,1
16415,13.449194,0
16416,4.9e-05,1
16417,9.964636,0
16418,8.3e-05,1
16419,13.525558,1
16420,5e-06,1
16421,13.684295,1
16422,11.532216,1
16423,2.1e-05,1
16424,0.000136,1
16425,14.789298,0
16426,13.980205,0
16427,15.611355,1
16428,15.931205,0
16429,11.719085,1
16430,12.857843,1
16431,14.569799,1
16432,13.277432,1
16433,17.480843,1
16434,10.537155,1
16435,2.8e-05,1
16436,9.66005,0
16437,11.951062,1
16438,10.630836,0
16439,0.000206,1
16440,1e-06,0
16441,13.012242,1
16442,11.180127,0
16443,1e-05,0
16444,13.375579,1
16445,13.4106,0
16446,0.000255,1
16447,13.983332,0
16448,3e-06,1
16449,13.305821,0
16450,10.105058,0
16451,1.8e-05,1
16452,12.458821,0
16453,12.529323,0
16454,9.245064,1
16455,9e-06,1
16456,14.406673,1
16457,11.723424,0
16458,11.585576,1
16459,9e-06,0
16460,9.590677,0
16461,12.965656,1
16462,8e-06,1
16463,8e-06,1
16464,12.179481,0
16465,1e-05,1
16466,13.377613,1
16467,12.614179,0
16468,0.000118,1
16469,13.833222,0
16470,3e-06,1
16471,1.3e-05,1
16472,6e-06,1
16473,11.798427,1
16474,10.421292,0
16475,10.790574,0
16476,0.000171,1
16477,8.5e-05,1
16478,0.000513,0
16479,11.069981,0
16480,2e-06,0
16481,13.247021,1
16482,11.130408,0
16483,12.014287,1
16484,8e-06,1
16485,11.206833,0
16486,13.476459,0
16487,1e-06,0
16488,12.598594,1
16489,11.840361,1
16490,11.236514,1
16491,4e-06,0
16492,0.000149,1
16493,11.081709,1
16494,1.2e-05,0
16495,5.1e-05,1
16496,11.408012,1
16497,10.743464,0
16498,0.000105,1
16499,2e-06,1
16500,4e-06,1
16501,11.570912,1
16502,11.548908,1
16503,9e-06,1
16504,1.3e-05,1
16505,12.428158,0
16506,6.6e-05,0
16507,11.912659,0
16508,3.6e-05,1
16509,11.007255,1
16510,10.140304,0
16511,0.000702,1
16512,12.055499,1
16513,0.000244,1
16514,13.14432,0
16515,9.191287,1
16516,13.235364,0
16517,5e-06,1
16518,6e-06,1
16519,6.981785,1
16520,1.6e-05,0
16521,14.15444,1
16522,3.4e-05,1
16523,11.180498,1
16524,15.293723,0
16525,12.613562,1
16526,12.697582,1
16527,14.046196,1
16528,13.489141,1
16529,15.639263,1
16530,12.269691,0
16531,16.746742,1
16532,11.902681,0
16533,12.785269,1
16534,15.305081,1
16535,9e-06,0
16536,15.623032,1
16537,10.006361,0
16538,13.71847,1
16539,14.214198,1
16540,3.8e-05,0
16541,4e-06,1
16542,1.3e-05,1
16543,6e-06,1
16544,1.8e-05,1
16545,15.801913,0
16546,14.19575,0
16547,11.655242,0
16548,14.161709,0
16549,15.082484,1
16550,11.411603,1
16551,2.9e-05,1
16552,0.000283,1
16553,13.941057,1
16554,0.000323,1
16555,11.593884,0
16556,4e-06,1
16557,1.4e-05,1
16558,10.64797,0
16559,14.011185,1
16560,13.494312,1
16561,14.725003,1
16562,12.18693,0
16563,1.1e-05,1
16564,14.09161,0
16565,14.467233,0
16566,1e-06,1
16567,11.783207,0
16568,8.2e-05,1
16569,13.077608,1
16570,8.6e-05,1
16571,12.16886,0
16572,14.908937,1
16573,13.660905,0
16574,11.931909,0
16575,12.66886,0
16576,10.062754,0
16577,17.0357,1
16578,13.304831,0
16579,15.964152,1
16580,11.070774,1
16581,13.941982,0
16582,0.000356,1
16583,14.154782,1
16584,17.126431,1
16585,3.3e-05,1
16586,8e-06,0
16587,2e-06,1
16588,12.11694,1
16589,10.170558,0
16590,15.631391,1
16591,12.743044,1
16592,17.629267,1
16593,2e-06,1
16594,13.729618,1
16595,15.819116,1
16596,11.593194,1
16597,10.104012,0
16598,10.772082,0
16599,11.833666,0
16600,10.494463,1
16601,1e-06,1
16602,10.382716,0
16603,11.237517,0
16604,5e-06,1
16605,16.164473,1
16606,11.622698,1
16607,12.808732,0
16608,10.122646,0
16609,0.0,1
16610,13.670754,1
16611,4.6e-05,1
16612,11.743011,1
16613,14.010518,1
16614,11.092986,0
16615,13.008773,1
16616,9.605137,0
16617,0.000128,1
16618,11.468463,1
16619,2.9e-05,1
16620,10.689084,0
16621,12.078306,1
16622,1.7e-05,1
16623,15.68257,1
16624,12.738271,1
16625,9e-05,1
16626,7.5e-05,1
16627,11.723686,1
16628,10.716779,1
16629,13.855824,1
16630,14.464166,1
16631,2.8e-05,1
16632,13.537011,0
16633,10.242074,1
16634,12.398008,1
16635,16.916277,1
16636,7e-05,1
16637,4e-06,1
16638,13.732374,1
16639,9e-06,0
16640,14.949377,0
16641,1e-06,1
16642,14.136273,0
16643,13.331513,0
16644,14.291386,1
16645,2.4e-05,1
16646,13.976549,0
16647,3.8e-05,1
16648,2e-05,1
16649,3.5e-05,1
16650,12.825722,1
16651,12.710817,0
16652,5e-06,0
16653,12.66553,0
16654,9.5e-05,1
16655,8e-06,1
16656,9.055729,0
16657,13.819985,1
16658,17.589571,1
16659,0.0,1
16660,10.575377,0
16661,0.000564,1
16662,12.478489,1
16663,10.616678,0
16664,12.86011,0
16665,13.044721,0
16666,3e-05,1
16667,11.354301,0
16668,10.588535,1
16669,5e-06,1
16670,14.949113,1
16671,4e-06,0
16672,13.694957,1
16673,17.709921,1
16674,5.4e-05,1
16675,12.880211,1
16676,11.040963,1
16677,1.4e-05,1
16678,12.911996,0
16679,12.550738,1
16680,12.965795,1
16681,1e-05,1
16682,12.159107,1
16683,0.000111,1
16684,1e-06,1
16685,9.8e-05,0
16686,5e-05,1
16687,10.528678,1
16688,16.515755,0
16689,2e-06,1
16690,3e-06,1
16691,13.461436,0
16692,5.8e-05,1
16693,9.306787,0
16694,15.57122,1
16695,11.774981,1
16696,16.886705,0
16697,10.346622,1
16698,11.919912,1
16699,10.756831,0
16700,12.546733,1
16701,1.3e-05,1
16702,6e-05,1
16703,14.309554,1
16704,2e-05,1
16705,14.791684,1
16706,8.2e-05,1
16707,12.535721,1
16708,1e-06,0
16709,13.892559,0
16710,8e-06,0
16711,16.855402,0
16712,15.454975,0
16713,10.843315,1
16714,12.192613,0
16715,3.2e-05,0
16716,7e-06,1
16717,11.359562,0
16718,15.423139,1
16719,13.986091,1
16720,10.622353,0
16721,13.36566,0
16722,3e-06,1
16723,12.212219,1
16724,7.3e-05,1
16725,13.849244,1
16726,7.713553,0
16727,11.391366,1
16728,12.099905,0
16729,10.87579,1
16730,2e-06,0
16731,4.2e-05,1
16732,12.282785,0
16733,9.770894,1
16734,4.2e-05,1
16735,10.789571,0
16736,12.841625,0
16737,12.009597,0
16738,6e-06,1
16739,11.917142,1
16740,14.88522,0
16741,12.367585,1
16742,0.0,0
16743,10.034963,0
16744,1.7e-05,1
16745,3e-06,1
16746,13.448093,0
16747,0.000104,1
16748,9.629585,0
16749,16.404675,1
16750,14.826701,0
16751,11.775871,1
16752,7e-06,0
16753,2.4e-05,1
16754,11.438026,0
16755,14.116034,1
16756,13.527129,1
16757,13.90539,1
16758,10.663303,1
16759,5e-06,0
16760,10.221546,0
16761,5.7e-05,1
16762,15.581888,0
16763,9e-06,1
16764,8.9e-05,1
16765,10.885208,0
16766,12.791358,0
16767,14.67968,0
16768,13.369797,0
16769,9e-06,1
16770,1.3e-05,0
16771,16.072575,1
16772,12.705828,1
16773,13.49679,0
16774,13.665848,1
16775,1.1e-05,1
16776,9.946605,0
16777,12.453189,0
16778,12.235275,1
16779,11.725087,0
16780,12.810944,0
16781,6e-06,0
16782,12.800991,0
16783,1.3e-05,1
16784,10.510938,1
16785,13.791617,1
16786,3e-06,1
16787,9.640634,0
16788,13.919192,0
16789,0.0,0
16790,1.6e-05,1
16791,12.221304,1
16792,12.885819,0
16793,10.062791,0
16794,13.567204,1
16795,0.002071,1
16796,13.241232,0
16797,0.0,1
16798,0.000118,1
16799,12.365647,1
16800,3.7e-05,1
16801,9.328783,1
16802,14.942111,0
16803,16.105581,1
16804,10.535066,1
16805,9.909209,0
16806,12.172098,1
16807,1.6e-05,1
16808,6e-06,1
16809,13.849905,1
16810,0.000153,1
16811,13.93157,1
16812,14.830597,1
16813,0.000127,1
16814,9.6e-05,1
16815,12.810033,0
16816,12.772676,1
16817,10.108378,0
16818,3e-06,0
16819,0.0,1
16820,3e-06,1
16821,6e-06,1
16822,15.397415,1
16823,2.8e-05,1
16824,12.854655,1
16825,14.600596,1
16826,11.564358,1
16827,13.006348,0
16828,1.1e-05,1
16829,11.161266,1
16830,12.385746,1
16831,15.891072,0
16832,2.7e-05,0
16833,10.01823,0
16834,12.049318,0
16835,2.2e-05,1
16836,14.765574,0
16837,5e-06,1
16838,11.678004,1
16839,2e-06,1
16840,12.290986,0
16841,1.3e-05,1
16842,1.2e-05,0
16843,9.564539,0
16844,14.043343,1
16845,1.1e-05,1
16846,4.3e-05,0
16847,10.836267,0
16848,7.3e-05,1
16849,13.349755,1
16850,11.684807,1
16851,4e-06,0
16852,2.6e-05,1
16853,17.813917,1
16854,3.4e-05,1
16855,11.103863,1
16856,9e-06,1
16857,0.000178,1
16858,0.000619,1
16859,8.2e-05,1
16860,0.000166,1
16861,2.7e-05,0
16862,0.001509,1
16863,11.783806,0
16864,12.823778,1
16865,15.516726,0
16866,2e-05,1
16867,1.3e-05,1
16868,5e-06,1
16869,14.55123,1
16870,0.001339,1
16871,8.363594,1
16872,11.228997,0
16873,4e-06,1
16874,14.598243,1
16875,12.739804,1
16876,13.461087,1
16877,2.1e-05,1
16878,16.354961,0
16879,14.804395,1
16880,0.000204,1
16881,11.770153,0
16882,5.2e-05,1
16883,15.203985,1
16884,15.94063,0
16885,1.9e-05,1
16886,12.14267,1
16887,0.0,0
16888,10.524539,0
16889,11.422021,1
16890,6.8e-05,1
16891,8.8e-05,1
16892,5.5e-05,0
16893,8e-06,0
16894,0.001434,1
16895,11.689433,0
16896,10.545081,0
16897,1.7e-05,1
16898,7.343235,0
16899,10.704273,0
16900,11.754922,0
16901,4.7e-05,1
16902,6e-05,1
16903,11.037065,0
16904,12.098623,1
16905,1.3e-05,1
16906,11.740927,1
16907,0.0,1
16908,11.811416,0
16909,14.167707,0
16910,0.005154,1
16911,14.478642,1
16912,1e-05,0
16913,0.000241,1
16914,11.312343,1
16915,14.168228,0
16916,10.120842,0
16917,7.67502,0
16918,1.9e-05,1
16919,17.119774,1
16920,15.971139,1
16921,5e-06,1
16922,14.601702,0
16923,7e-06,1
16924,12.640381,0
16925,13.827838,1
16926,13.004384,1
16927,18.582964,1
16928,10.465291,1
16929,12.319888,1
16930,4.7e-05,0
16931,10.77021,0
16932,12.675648,1
16933,5e-06,1
16934,11.792473,0
16935,15.246643,1
16936,12.514702,1
16937,12.422734,0
16938,6e-06,1
16939,12.648506,0
16940,13.428907,0
16941,2.3e-05,1
16942,7e-06,0
16943,1.6e-05,1
16944,14.257177,0
16945,17.920652,1
16946,16.427965,1
16947,12.514659,1
16948,15.507896,1
16949,4e-06,1
16950,10.15057,0
16951,11.171305,0
16952,3e-06,0
16953,12.984942,1
16954,1.8e-05,1
16955,5.5e-05,0
16956,3e-06,1
16957,13.844327,1
16958,11.177733,1
16959,14.232136,1
16960,12.895603,0
16961,2e-06,0
16962,10.744158,1
16963,9.459632,0
16964,13.736761,0
16965,12.228817,1
16966,1.3e-05,1
16967,9.547877,0
16968,2e-06,1
16969,11.145859,0
16970,9.904293,0
16971,4e-06,0
16972,12.720222,1
16973,5e-05,1
16974,15.016714,1
16975,1.6e-05,1
16976,4e-06,0
16977,16.010134,1
16978,4e-06,1
16979,15.029056,0
16980,0.000194,1
16981,8.3e-05,1
16982,10.81497,1
16983,10.958644,0
16984,16.330011,0
16985,16.021963,1
16986,12.558178,1
16987,14.868477,0
16988,11.70799,0
16989,4.1e-05,1
16990,4.5e-05,1
16991,15.92968,1
16992,3.3e-05,1
16993,13.113379,0
16994,16.864723,1
16995,12.482141,1
16996,12.824766,0
16997,2e-06,1
16998,13.886573,0
16999,5e-06,1
17000,5e-05,1
17001,13.134754,1
17002,15.658718,1
17003,3e-06,1
17004,15.979408,0
17005,12.305326,0
17006,14.587849,1
17007,13.216065,1
17008,12.137826,1
17009,9.712202,1
17010,12.582604,1
17011,1e-05,1
17012,4.3e-05,1
17013,13.561283,1
17014,11.338141,0
17015,13.661084,0
17016,12.461141,1
17017,13.910805,1
17018,10.81411,1
17019,11.345408,1
17020,11.30323,0
17021,1e-06,1
17022,12.517907,1
17023,10.223767,0
17024,14.186535,1
17025,3.8e-05,1
17026,13.209797,0
17027,9.719101,0
17028,8.3e-05,1
17029,12.118678,1
17030,1.1e-05,1
17031,16.957548,1
17032,13.195967,1
17033,0.000256,1
17034,13.782336,0
17035,13.433422,1
17036,11.241385,1
17037,1e-06,1
17038,15.140188,0
17039,12.798852,1
17040,12.73193,1
17041,14.809138,1
17042,9.457021,0
17043,3.5e-05,1
17044,8.9e-05,1
17045,1.3e-05,0
17046,11.502894,0
17047,9.181069,1
17048,9.97518,0
17049,11.713479,0
17050,4.5e-05,1
17051,12.177425,1
17052,0.0,1
17053,4.6e-05,1
17054,1e-06,0
17055,15.368443,1
17056,14.34958,1
17057,2.8e-05,1
17058,13.036622,0
17059,13.076883,1
17060,14.793292,1
17061,2.6e-05,1
17062,12.295652,1
17063,11.837266,0
17064,15.039177,1
17065,0.000147,0
17066,7.440585,0
17067,13.865544,1
17068,2.5e-05,1
17069,12.294285,0
17070,2.6e-05,1
17071,12.627448,0
17072,0.0002,1
17073,3e-06,1
17074,9.963387,0
17075,11.623217,0
17076,1.8e-05,1
17077,0.000162,1
17078,1e-06,1
17079,14.018188,1
17080,9.813802,0
17081,1.7e-05,0
17082,11.11072,0
17083,13.6029,0
17084,4.6e-05,1
17085,7.2e-05,1
17086,10.001,0
17087,5e-06,1
17088,12.898999,1
17089,0.000307,1
17090,13.847898,0
17091,1.5e-05,1
17092,11.346988,1
17093,11.551753,1
17094,9e-06,0
17095,12.496989,0
17096,12.000629,0
17097,5.5e-05,1
17098,10.943963,0
17099,14.495855,1
17100,14.145799,1
17101,1e-06,0
17102,13.101494,0
17103,6e-06,1
17104,12.299743,1
17105,11.668513,1
17106,1.2e-05,1
17107,15.505054,1
17108,8.441292,0
17109,9.596023,0
17110,11.718955,0
17111,0.000167,1
17112,1.9e-05,1
17113,4.4e-05,1
17114,15.457335,1
17115,15.866937,1
17116,13.413723,1
17117,10.625085,0
17118,10.987121,0
17119,11.492012,0
17120,4.8e-05,1
17121,11.023255,1
17122,12.661578,1
17123,15.955795,1
17124,10.834977,0
17125,11.645324,0
17126,0.000297,1
17127,6e-05,1
17128,4.4e-05,0
17129,12.263793,1
17130,13.449638,1
17131,5e-06,0
17132,4.8e-05,1
17133,10.781688,1
17134,12.555345,0
17135,10.984116,0
17136,9.808329,0
17137,12.779593,1
17138,13.174841,0
17139,12.842415,0
17140,1.5e-05,1
17141,6e-06,0
17142,2.9e-05,0
17143,4e-06,1
17144,1e-05,1
17145,0.000401,1
17146,12.561876,1
17147,12.95596,0
17148,2e-06,1
17149,16.876499,1
17150,11.300321,0
17151,15.875081,0
17152,11.573549,0
17153,12.382966,1
17154,0.000143,1
17155,6e-06,1
17156,10.696013,0
17157,8e-06,1
17158,6e-05,1
17159,1.4e-05,0
17160,13.094738,0
17161,6e-06,1
17162,2e-06,0
17163,12.482968,1
17164,17.624334,1
17165,16.134552,1
17166,11.174983,1
17167,1e-06,0
17168,5.5e-05,1
17169,12.030128,1
17170,13.95571,1
17171,11.434997,1
17172,12.300068,0
17173,12.748545,0
17174,11.359881,1
17175,6e-06,1
17176,11.418648,0
17177,0.000503,1
17178,12.322689,0
17179,1.3e-05,1
17180,4e-06,1
17181,13.418796,0
17182,2e-06,0
17183,2.3e-05,1
17184,10.071989,0
17185,10.397265,1
17186,14.189726,0
17187,12.699966,0
17188,2.2e-05,1
17189,10.416656,1
17190,11.38699,1
17191,6.7e-05,1
17192,2.5e-05,1
17193,14.46193,1
17194,3e-06,1
17195,0.000491,1
17196,14.277764,1
17197,10.328971,0
17198,16.080103,1
17199,13.867892,1
17200,6e-05,1
17201,12.329156,1
17202,12.123534,1
17203,9.654628,0
17204,14.532891,0
17205,15.589033,0
17206,11.295039,1
17207,14.116807,1
17208,17.075264,1
17209,12.372312,1
17210,11.980437,0
17211,9.707688,1
17212,11.933469,0
17213,10.638845,1
17214,0.000102,1
17215,11.292284,0
17216,9.3e-05,1
17217,7e-06,1
17218,10.832792,1
17219,2.1e-05,1
17220,16.525139,1
17221,16.999838,1
17222,3e-06,1
17223,14.467239,1
17224,15.124052,1
17225,2e-06,1
17226,13.345798,0
17227,2e-05,1
17228,6e-06,1
17229,8e-06,1
17230,0.000198,1
17231,9e-06,0
17232,13.110944,0
17233,0.0,0
17234,3e-06,0
17235,17.47588,1
17236,9.420764,0
17237,2e-06,1
17238,3e-05,1
17239,14.303008,1
17240,13.167049,0
17241,13.862773,0
17242,14.209606,1
17243,4.2e-05,1
17244,1.4e-05,1
17245,11.731223,0
17246,5e-06,0
17247,10.689758,0
17248,9.444835,0
17249,13.750334,0
17250,13.74631,1
17251,12.210573,0
17252,3e-06,0
17253,16.117744,1
17254,8e-06,1
17255,1e-06,1
17256,2.9e-05,1
17257,1.4e-05,1
17258,12.490894,1
17259,1.4e-05,1
17260,9.8e-05,1
17261,13.966383,0
17262,8.9e-05,0
17263,11.183296,1
17264,9.546606,1
17265,10.950698,1
17266,1.8e-05,1
17267,11.475001,1
17268,10.196687,0
17269,8e-06,1
17270,12.059323,0
17271,11.91044,0
17272,10.859688,1
17273,10.885893,0
17274,13.71782,0
17275,8e-05,1
17276,2.1e-05,0
17277,1e-06,1
17278,13.742154,0
17279,0.000161,1
17280,13.031828,1
17281,11.226346,1
17282,4e-06,0
17283,11.029803,0
17284,0.000101,1
17285,8.416156,0
17286,11.495508,0
17287,4.1e-05,1
17288,9e-06,1
17289,12.665528,0
17290,7e-05,1
17291,10.39257,0
17292,12.40461,0
17293,0.000265,1
17294,12.041368,1
17295,8.2e-05,1
17296,1.3e-05,1
17297,12.665436,1
17298,9.65627,1
17299,0.00024,1
17300,12.669179,1
17301,15.444892,1
17302,14.96101,0
17303,17.873867,1
17304,7.876917,1
17305,10.428308,1
17306,11.768476,1
17307,1e-06,0
17308,11.716086,0
17309,10.851544,1
17310,2.5e-05,1
17311,11.837122,0
17312,10.14643,1
17313,12.651411,1
17314,10.973308,1
17315,0.000131,1
17316,0.000105,0
17317,12.923469,1
17318,2e-06,1
17319,9.880191,0
17320,2.2e-05,1
17321,14.798964,1
17322,1.6e-05,1
17323,15.693604,1
17324,9e-06,1
17325,11.487309,0
17326,12.598785,0
17327,11.884148,0
17328,5e-06,1
17329,0.000265,1
17330,10.985415,0
17331,5e-06,1
17332,10.445199,0
17333,15.216513,0
17334,14.933494,1
17335,12.882974,1
17336,6e-06,1
17337,9.18596,0
17338,0.00029,1
17339,12.327002,1
17340,12.344893,1
17341,10.365005,1
17342,1e-06,0
17343,13.757848,1
17344,1.9e-05,1
17345,11.381873,0
17346,1e-06,1
17347,14.45462,0
17348,1.2e-05,0
17349,13.910775,0
17350,12.105021,1
17351,2.3e-05,1
17352,12.718041,0
17353,4e-06,0
17354,11.593997,0
17355,11.465937,0
17356,2.2e-05,1
17357,9.061821,1
17358,11.338068,0
17359,14.283736,0
17360,0.0,0
17361,15.011965,1
17362,0.000123,1
17363,11.881817,0
17364,4e-06,1
17365,0.000114,1
17366,9.4e-05,1
17367,1.1e-05,1
17368,1e-06,1
17369,13.520407,0
17370,0.0,1
17371,6e-05,1
17372,1.9e-05,1
17373,1.1e-05,1
17374,14.919111,1
17375,9.847234,1
17376,0.000384,1
17377,0.000543,0
17378,12.150167,0
17379,11.093215,0
17380,13.016224,1
17381,0.000347,1
17382,11.392497,1
17383,10.571521,0
17384,10.497161,1
17385,9.8e-05,1
17386,4.6e-05,1
17387,13.42986,0
17388,4.7e-05,1
17389,13.302831,1
17390,4e-06,1
17391,10.811917,0
17392,12.59742,0
17393,11.115555,1
17394,17.550749,0
17395,12.494942,1
17396,11.257186,0
17397,0.000432,1
17398,9.699448,0
17399,0.000175,1
17400,1.2e-05,1
17401,10.960773,0
17402,16.194155,1
17403,13.472894,0
17404,4.6e-05,0
17405,10.689083,0
17406,2e-06,0
17407,14.538548,1
17408,1e-06,0
17409,12.500779,1
17410,1.6e-05,1
17411,3.6e-05,1
17412,1.3e-05,1
17413,1e-05,0
17414,2.2e-05,1
17415,5.8e-05,1
17416,4e-06,1
17417,5e-06,1
17418,17.288443,1
17419,10.575526,0
17420,14.28878,0
17421,9.943795,1
17422,0.000183,1
17423,10.362676,1
17424,2.9e-05,1
17425,11.2422,0
17426,14.234729,1
17427,1e-06,1
17428,11.520435,0
17429,12.041341,1
17430,12.055584,1
17431,3.8e-05,0
17432,11.379951,1
17433,12.62971,1
17434,13.427415,0
17435,13.155856,0
17436,12.895259,1
17437,13.149659,1
17438,1.5e-05,1
17439,2e-06,1
17440,1e-06,1
17441,4e-06,1
17442,17.841774,1
17443,0.000184,1
17444,9e-06,1
17445,7.3e-05,1
17446,13.404335,1
17447,12.617705,0
17448,15.175961,1
17449,11.288861,0
17450,1e-06,0
17451,16.430674,1
17452,9.012339,1
17453,12.193486,1
17454,0.001648,1
17455,13.467412,1
17456,14.113868,1
17457,8.326111,1
17458,13.355768,0
17459,3.4e-05,1
17460,9.862758,1
17461,6e-06,1
17462,1.8e-05,1
17463,8e-06,1
17464,11.784399,1
17465,13.467676,1
17466,0.000181,0
17467,9e-06,1
17468,14.55195,1
17469,14.438943,1
17470,1e-06,0
17471,12.440665,1
17472,12.030203,1
17473,9.572634,0
17474,10.922968,1
17475,2.9e-05,1
17476,7e-06,1
17477,1.3e-05,1
17478,10.928946,1
17479,2e-06,0
17480,7.3e-05,1
17481,0.000542,1
17482,14.341343,1
17483,12.411763,1
17484,16.885778,1
17485,10.365488,0
17486,0.00011,1
17487,12.068222,0
17488,12.733644,1
17489,0.000431,1
17490,18.689278,1
17491,13.353565,0
17492,7.4e-05,1
17493,18.457291,1
17494,12.01862,0
17495,3.9e-05,1
17496,10.943467,1
17497,13.726457,1
17498,11.790704,0
17499,12.72326,0
17500,2e-06,1
17501,10.590518,0
17502,13.631119,1
17503,9.994569,1
17504,8e-06,1
17505,1.5e-05,0
17506,12.18575,1
17507,1e-06,0
17508,1.1e-05,1
17509,11.595526,1
17510,12.235059,0
17511,0.000985,1
17512,11.558466,0
17513,0.000108,1
17514,4e-05,1
17515,13.331043,1
17516,12.560643,1
17517,13.951499,0
17518,1.5e-05,1
17519,15.155319,1
17520,0.000565,1
17521,11.347951,0
17522,13.104567,1
17523,13.935347,0
17524,14.832876,1
17525,14.42575,1
17526,1.3e-05,1
17527,0.000145,1
17528,1.2e-05,0
17529,12.273874,0
17530,12.741476,1
17531,10.936918,1
17532,12.209304,1
17533,9.866297,1
17534,13.2508,1
17535,1e-06,0
17536,9.860122,0
17537,12.850617,0
17538,10.308764,0
17539,12.765107,1
17540,11.01676,1
17541,12.6026,1
17542,15.457384,1
17543,3e-06,0
17544,12.710934,0
17545,16.823231,1
17546,10.688633,1
17547,16.140081,1
17548,9.555167,0
17549,2e-06,1
17550,17.681646,0
17551,9.81916,1
17552,11.910942,1
17553,10.418114,0
17554,16.06723,1
17555,9.8e-05,0
17556,9e-06,0
17557,6e-06,0
17558,0.000158,1
17559,12.699332,1
17560,1e-06,0
17561,9.730251,0
17562,1e-06,1
17563,13.674132,1
17564,7.9e-05,1
17565,15.009276,0
17566,13.479405,0
17567,10.400635,1
17568,19.593243,1
17569,11.08182,1
17570,5.8e-05,1
17571,10.508363,0
17572,1e-06,1
17573,12.31522,1
17574,2e-06,1
17575,14.703404,1
17576,9.02996,0
17577,15.123066,0
17578,11.937491,1
17579,10.285788,0
17580,12.464749,0
17581,11.819227,1
17582,0.000129,1
17583,13.889499,0
17584,1.5e-05,0
17585,13.451982,1
17586,10.30049,0
17587,12.217339,0
17588,11.972022,0
17589,10.281294,1
17590,11.108073,0
17591,6.6e-05,1
17592,10.354224,1
17593,14.677952,1
17594,11.309733,0
17595,7.9e-05,1
17596,13.62786,0
17597,9.884415,0
17598,1e-06,1
17599,15.87395,0
17600,2e-06,1
17601,10.134604,0
17602,8.4e-05,1
17603,0.000174,1
17604,6.2e-05,1
17605,2.6e-05,0
17606,12.849542,0
17607,7.4e-05,1
17608,10.276783,0
17609,10.66495,0
17610,10.804629,0
17611,11.522045,1
17612,12.828923,0
17613,1.7e-05,1
17614,5e-06,1
17615,1.7e-05,1
17616,11.723455,1
17617,10.771581,1
17618,2.8e-05,1
17619,0.000203,1
17620,11.478499,0
17621,11.182055,1
17622,14.208492,1
17623,1e-06,1
17624,0.000104,1
17625,9.90625,0
17626,9.4e-05,1
17627,18.605097,1
17628,16.785259,1
17629,0.000193,1
17630,13.990671,0
17631,10.550031,1
17632,12.798175,0
17633,6e-06,1
17634,11.461146,1
17635,1e-06,0
17636,4.3e-05,1
17637,11.712782,0
17638,14.56613,0
17639,10.671908,1
17640,10.587385,0
17641,1.5e-05,1
17642,0.000291,1
17643,0.001056,1
17644,11.4282,1
17645,3e-06,1
17646,2.3e-05,1
17647,13.6606,1
17648,0.000338,1
17649,11.550622,1
17650,1.8e-05,1
17651,13.42072,1
17652,0.000102,1
17653,14.072011,0
17654,4.8e-05,1
17655,9.325322,1
17656,14.300956,1
17657,9.946991,1
17658,8e-06,1
17659,8e-05,1
17660,12.877365,0
17661,15.442925,1
17662,2.1e-05,1
17663,2.6e-05,1
17664,14.336301,1
17665,0.000151,1
17666,8e-05,1
17667,11.527437,1
17668,12.62602,1
17669,13.197397,1
17670,3.1e-05,1
17671,5.8e-05,1
17672,2e-06,1
17673,12.524949,0
17674,11.350098,0
17675,3e-06,1
17676,10.428452,0
17677,14.543953,1
17678,11.782687,1
17679,14.213055,0
17680,3e-06,0
17681,11.938705,1
17682,3.2e-05,1
17683,14.483665,0
17684,4.4e-05,1
17685,2.4e-05,0
17686,6e-06,1
17687,9.20026,1
17688,16.500338,0
17689,12.149154,0
17690,13.781464,1
17691,1.1e-05,1
17692,1.6e-05,1
17693,4e-06,1
17694,11.725543,0
17695,4.9e-05,0
17696,14.280666,1
17697,13.198753,1
17698,1e-05,1
17699,12.890641,1
17700,15.463658,1
17701,15.971005,0
17702,1.4e-05,1
17703,5.2e-05,1
17704,1e-06,1
17705,9.1e-05,1
17706,11.052059,0
17707,12.408066,1
17708,0.0,1
17709,12.316404,0
17710,13.219085,1
17711,15.018803,0
17712,12.596461,1
17713,14.200315,0
17714,2e-05,1
17715,1e-06,1
17716,12.132785,1
17717,1.3e-05,1
17718,12.654058,1
17719,12.272231,0
17720,12.866977,0
17721,16.319099,1
17722,11.853169,0
17723,9.283888,0
17724,15.861276,1
17725,3.5e-05,1
17726,7e-06,0
17727,13.403229,1
17728,13.235122,0
17729,6e-06,0
17730,0.000263,1
17731,15.374497,1
17732,0.000108,1
17733,3.6e-05,1
17734,17.522644,1
17735,2.3e-05,1
17736,11.997317,1
17737,8.941921,1
17738,13.714485,1
17739,5e-06,1
17740,11.341037,0
17741,13.242537,1
17742,11.691768,0
17743,12.731005,1
17744,13.105445,0
17745,10.561135,1
17746,11.379104,0
17747,4.5e-05,1
17748,13.975512,0
17749,13.501055,0
17750,5.7e-05,1
17751,15.85709,1
17752,0.000183,1
17753,14.439348,0
17754,10.750131,0
17755,0.000127,1
17756,11.516932,1
17757,3.8e-05,1
17758,0.000105,1
17759,10.855571,0
17760,0.00018,1
17761,2e-06,1
17762,11.802094,0
17763,13.92585,1
17764,3.3e-05,1
17765,8.4e-05,0
17766,13.316323,1
17767,16.666611,1
17768,6e-06,1
17769,10.454041,1
17770,0.00012,1
17771,14.695253,0
17772,1.9e-05,1
17773,3e-06,1
17774,12.047024,0
17775,10.902124,0
17776,9e-06,1
17777,14.656134,1
17778,12.488394,0
17779,2.6e-05,1
17780,10.166615,0
17781,1.5e-05,1
17782,13.065545,1
17783,3e-06,1
17784,7.6e-05,1
17785,13.304771,0
17786,0.000209,1
17787,10.870228,0
17788,1e-06,1
17789,8e-06,0
17790,2.9e-05,1
17791,11.26158,1
17792,5e-06,1
17793,10.90778,0
17794,0.000269,1
17795,15.299232,1
17796,1.5e-05,1
17797,11.056056,1
17798,2e-06,1
17799,11.329757,1
17800,7e-06,1
17801,11.645296,0
17802,12.427705,0
17803,13.766102,1
17804,4.2e-05,1
17805,14.295066,1
17806,11.862821,1
17807,0.000188,1
17808,11.473747,0
17809,12.002069,1
17810,7e-06,1
17811,10.570519,1
17812,14.373913,0
17813,8.3e-05,1
17814,12.531402,0
17815,13.952272,1
17816,15.193324,0
17817,2e-05,1
17818,12.881557,0
17819,13.386323,1
17820,2e-06,1
17821,3.9e-05,1
17822,11.408104,1
17823,13.126551,0
17824,14.635472,1
17825,7e-06,1
17826,14.97902,1
17827,15.396185,1
17828,13.90162,1
17829,10.195223,1
17830,6e-06,0
17831,4.4e-05,1
17832,9.919357,1
17833,10.861754,1
17834,10.438083,1
17835,7.7e-05,1
17836,10.212138,0
17837,0.000285,1
17838,10.228613,0
17839,2e-05,1
17840,1e-06,1
17841,14.343664,1
17842,10.761768,0
17843,7e-05,1
17844,10.44867,0
17845,8.7e-05,1
17846,12.984057,1
17847,7.810454,0
17848,9.06551,0
17849,15.132147,1
17850,1e-05,1
17851,13.637222,1
17852,9.1e-05,1
17853,10.163263,1
17854,11.72433,0
17855,11.630516,0
17856,1e-06,1
17857,12.12429,0
17858,6e-05,1
17859,8.170074,1
17860,16.232183,1
17861,12.674305,1
17862,5.3e-05,1
17863,4e-05,1
17864,2e-06,1
17865,9.1e-05,1
17866,2e-06,0
17867,14.29858,1
17868,11.588744,1
17869,11.45429,1
17870,8.9e-05,1
17871,11.662811,1
17872,12.371424,0
17873,9.238072,0
17874,12.955911,0
17875,11.439236,0
17876,12.381518,0
17877,3.4e-05,1
17878,0.000136,1
17879,5.7e-05,1
17880,4e-06,1
17881,5.5e-05,1
17882,11.761804,1
17883,11.570571,1
17884,3.3e-05,1
17885,3.4e-05,1
17886,1e-05,1
17887,9.911365,1
17888,1.8e-05,0
17889,2e-06,1
17890,0.0001,1
17891,5e-06,1
17892,1.4e-05,1
17893,2e-05,1
17894,18.457886,1
17895,14.06848,1
17896,4e-06,0
17897,15.210485,1
17898,12.302419,1
17899,12.514815,0
17900,13.350031,1
17901,11.743438,0
17902,2.5e-05,1
17903,1.8e-05,1
17904,2e-05,1
17905,12.101685,0
17906,20.042753,1
17907,12.62504,1
17908,10.336359,0
17909,10.536019,1
17910,10.245634,0
17911,12.418459,1
17912,2.9e-05,1
17913,15.35379,1
17914,12.959041,1
17915,2.5e-05,0
17916,9.416759,0
17917,10.696834,0
17918,12.529849,0
17919,14.005327,0
17920,2e-06,0
17921,10.615711,0
17922,13.951309,0
17923,1.9e-05,1
17924,13.959769,1
17925,11.894977,0
17926,3e-06,0
17927,2e-06,0
17928,12.395171,1
17929,12.778816,1
17930,12.727647,1
17931,10.95287,1
17932,14.503712,0
17933,9e-06,1
17934,12.374867,1
17935,10.568753,0
17936,11.779041,1
17937,2e-05,1
17938,10.355577,1
17939,12.386023,0
17940,11.504387,0
17941,2.2e-05,1
17942,13.707156,1
17943,1e-06,1
17944,2e-06,0
17945,9.399987,1
17946,13.845668,1
17947,1.4e-05,1
17948,12.811173,1
17949,12.443079,1
17950,11.891191,1
17951,0.000147,1
17952,11.700881,0
17953,13.958475,1
17954,16.279602,1
17955,2e-05,1
17956,12.68012,1
17957,15.373186,0
17958,8.6e-05,1
17959,9.999766,0
17960,4.4e-05,1
17961,13.74516,1
17962,2.6e-05,0
17963,11.38918,1
17964,12.700963,1
17965,12.573385,0
17966,11.523874,1
17967,12.974262,1
17968,14.161027,1
17969,13.611545,0
17970,8.7e-05,0
17971,14.336792,0
17972,1e-06,0
17973,1e-06,0
17974,12.731232,1
17975,1.3e-05,1
17976,10.500256,0
17977,12.95434,0
17978,15.621653,1
17979,4.1e-05,1
17980,5e-06,1
17981,7.5e-05,1
17982,5.8e-05,1
17983,12.676981,0
17984,10.248112,0
17985,16.189497,0
17986,15.589845,1
17987,1e-06,0
17988,12.846093,0
17989,0.000807,1
17990,14.910654,1
17991,11.758244,0
17992,13.163721,1
17993,9.1e-05,1
17994,5e-06,0
17995,11.62932,0
17996,13.234293,1
17997,2e-06,1
17998,15.518795,0
17999,14.350967,1
18000,11.330255,1
18001,2.8e-05,1
18002,12.778805,0
18003,11.190671,1
18004,15.060722,1
18005,12.487611,0
18006,8.706817,1
18007,0.000107,1
18008,11.591664,0
18009,15.598283,1
18010,12.437421,1
18011,11.962632,0
18012,13.043613,0
18013,13.273386,1
18014,3.7e-05,1
18015,11.384217,0
18016,8.4e-05,1
18017,11.16355,1
18018,13.813731,0
18019,9.489053,0
18020,1e-05,1
18021,1.5e-05,1
18022,1.4e-05,1
18023,12.72197,0
18024,3e-06,0
18025,0.001031,1
18026,1.3e-05,1
18027,3.1e-05,1
18028,6e-06,1
18029,4.5e-05,1
18030,0.000116,1
18031,5e-06,1
18032,9e-06,1
18033,2.2e-05,1
18034,12.784122,0
18035,16.647495,1
18036,10.112016,0
18037,14.088544,1
18038,10.28371,1
18039,10.317284,0
18040,13.419021,1
18041,12.944799,1
18042,12.161268,0
18043,12.856462,1
18044,1.4e-05,1
18045,2e-06,1
18046,13.791484,1
18047,13.780579,0
18048,0.0,1
18049,13.431113,1
18050,11.928202,0
18051,11.854068,1
18052,16.005705,1
18053,13.454376,1
18054,12.208421,1
18055,4.2e-05,0
18056,15.530075,0
18057,0.000116,1
18058,5e-05,1
18059,2e-06,1
18060,9.318246,0
18061,3.8e-05,1
18062,5.2e-05,1
18063,12.371672,0
18064,15.666867,1
18065,1.5e-05,1
18066,10.023807,1
18067,13.313505,1
18068,0.000189,1
18069,0.000142,1
18070,10.360415,1
18071,10.177013,0
18072,10.750954,1
18073,17.880142,1
18074,10.724279,0
18075,11.553899,1
18076,2e-06,1
18077,4e-06,0
18078,14.938691,1
18079,11.404388,1
18080,13.020635,0
18081,3e-05,0
18082,13.238164,0
18083,15.973997,0
18084,10.878591,0
18085,12.799503,0
18086,5e-06,1
18087,13.356823,0
18088,17.602909,1
18089,13.324944,1
18090,3e-05,1
18091,9.702183,0
18092,8.8e-05,1
18093,8.5e-05,1
18094,3e-06,0
18095,2.4e-05,1
18096,4e-05,1
18097,0.0,0
18098,15.346369,0
18099,12.357576,1
18100,15.56618,0
18101,12.641863,1
18102,14.23139,0
18103,8e-06,0
18104,12.15289,1
18105,0.000308,1
18106,0.0,0
18107,11.051063,0
18108,11.513433,1
18109,14.488696,1
18110,10.321052,0
18111,1e-05,1
18112,9.944587,0
18113,11.865847,0
18114,1e-06,1
18115,3e-06,0
18116,14.47874,1
18117,9.700341,0
18118,11.273228,0
18119,13.944476,0
18120,10.568722,0
18121,14.037221,0
18122,10.089981,0
18123,14.483334,1
18124,0.0,0
18125,10.838266,0
18126,0.000154,1
18127,13.258389,1
18128,11.763801,1
18129,13.339933,0
18130,11.963286,1
18131,11.245817,0
18132,3e-06,1
18133,10.335225,1
18134,3e-06,1
18135,4.9e-05,1
18136,16.030592,0
18137,13.151211,1
18138,15.479864,1
18139,11.910285,0
18140,11.083836,1
18141,13.96502,0
18142,14.838048,0
18143,6e-05,1
18144,15.027471,0
18145,3e-06,1
18146,9.589487,1
18147,9.348991,0
18148,12.364143,1
18149,10.168849,1
18150,14.192699,0
18151,2e-06,1
18152,11.53946,1
18153,10.279449,0
18154,11.05049,0
18155,10.133617,1
18156,15.993208,1
18157,12.530282,0
18158,3e-06,0
18159,12.194319,1
18160,8.4e-05,1
18161,12.125664,0
18162,15.970022,1
18163,10.435736,0
18164,9e-06,0
18165,2e-06,0
18166,11.349286,1
18167,3.4e-05,1
18168,9.713015,0
18169,13.768209,0
18170,3e-06,1
18171,0.00014,1
18172,11.650988,1
18173,12.511402,0
18174,11.377759,1
18175,2e-06,0
18176,0.000343,1
18177,15.207165,1
18178,15.093645,1
18179,16.707638,1
18180,2e-06,0
18181,14.921527,1
18182,2.3e-05,1
18183,12.717067,1
18184,4.7e-05,1
18185,9.728561,1
18186,9.022676,0
18187,5e-06,1
18188,14.611713,0
18189,10.80378,0
18190,11.891281,0
18191,12.345209,0
18192,15.624417,1
18193,9.68588,1
18194,11.311291,0
18195,13.0699,1
18196,1e-06,0
18197,12.638371,0
18198,18.461876,1
18199,11.481636,0
18200,11.803569,0
18201,1e-05,0
18202,1e-06,0
18203,1.5e-05,1
18204,10.380809,0
18205,10.128059,1
18206,10.508778,1
18207,1.8e-05,1
18208,7.4e-05,1
18209,5e-06,1
18210,15.802722,0
18211,2e-06,1
18212,13.917962,1
18213,12.140813,1
18214,10.195508,0
18215,1e-05,1
18216,1e-06,0
18217,11.682677,1
18218,13.881979,1
18219,11.550702,1
18220,13.747769,1
18221,10.536413,0
18222,1e-06,1
18223,13.33635,1
18224,9.783337,1
18225,16.080568,1
18226,12.021183,0
18227,11.347459,0
18228,10.863753,0
18229,1e-05,1
18230,14.06467,0
18231,13.68364,1
18232,10.605108,0
18233,15.06438,1
18234,11.070208,1
18235,1e-06,1
18236,0.000237,1
18237,3.8e-05,1
18238,2.4e-05,1
18239,6.8e-05,1
18240,16.072309,1
18241,7e-06,1
18242,10.30844,0
18243,8.6e-05,1
18244,12.922122,0
18245,1.2e-05,1
18246,0.000369,1
18247,15.815878,1
18248,9.390738,0
18249,9.700538,0
18250,1.1e-05,0
18251,1.3e-05,0
18252,1.3e-05,1
18253,7e-06,0
18254,15.059293,1
18255,2.4e-05,1
18256,9.945368,0
18257,11.544984,1
18258,5.1e-05,1
18259,11.612274,1
18260,10.527446,0
18261,2e-05,1
18262,8e-06,1
18263,2.2e-05,0
18264,14.790511,1
18265,2e-06,0
18266,10.883213,0
18267,2.7e-05,1
18268,10.368831,0
18269,0.0,0
18270,13.458305,1
18271,1e-05,0
18272,12.303063,0
18273,7.6e-05,1
18274,8.135127,1
18275,2e-06,0
18276,13.817783,1
18277,7e-06,1
18278,11.617035,1
18279,6.3e-05,1
18280,10.567313,0
18281,11.010206,1
18282,0.000102,1
18283,3e-06,0
18284,8e-06,1
18285,3e-06,0
18286,10.279004,1
18287,11.713154,1
18288,13.2324,1
18289,10.482698,1
18290,11.04772,1
18291,1e-06,1
18292,10.293137,1
18293,11.948438,1
18294,13.313099,1
18295,8e-06,1
18296,12.947124,0
18297,9.504175,0
18298,1e-05,1
18299,0.000342,1
18300,11.304998,0
18301,1e-05,1
18302,12.9789,0
18303,13.793017,1
18304,2.6e-05,1
18305,17.95999,1
18306,2e-06,1
18307,14.150749,1
18308,7e-06,1
18309,3.5e-05,1
18310,4.6e-05,1
18311,2.6e-05,1
18312,0.000281,1
18313,13.614106,0
18314,3e-06,0
18315,5.5e-05,1
18316,4.1e-05,1
18317,11.480385,0
18318,12.986485,1
18319,12.579627,1
18320,12.62524,1
18321,11.653177,0
18322,0.000184,1
18323,0.000114,1
18324,12.639886,0
18325,7e-06,1
18326,9.556871,1
18327,0.000283,1
18328,14.815701,1
18329,1e-06,1
18330,14.6757,1
18331,10.593846,0
18332,2.2e-05,0
18333,11.155914,0
18334,1e-05,1
18335,9.210706,1
18336,10.332389,0
18337,11.756725,1
18338,12.853292,0
18339,10.812325,0
18340,17.049219,1
18341,15.951613,0
18342,17.951128,1
18343,14.133462,0
18344,0.000134,1
18345,4.7e-05,1
18346,14.08631,0
18347,1.7e-05,1
18348,4.4e-05,1
18349,13.333632,0
18350,11.922902,0
18351,11.475901,1
18352,3e-06,1
18353,11.221751,1
18354,13.129855,1
18355,11.176569,1
18356,4e-06,1
18357,2e-06,1
18358,14.317368,1
18359,0.000164,1
18360,1e-06,1
18361,0.0,1
18362,10.046367,0
18363,12.492191,0
18364,12.092595,1
18365,0.000101,1
18366,11.211328,0
18367,15.792279,1
18368,1e-05,0
18369,11.522937,0
18370,13.327252,1
18371,5e-05,1
18372,0.000443,1
18373,11.391425,1
18374,13.222895,1
18375,2e-06,0
18376,10.602231,1
18377,13.037725,1
18378,12.977987,1
18379,12.427656,1
18380,11.595671,1
18381,4e-06,0
18382,9.765856,0
18383,3e-06,1
18384,13.704052,0
18385,12.824041,0
18386,8.912491,0
18387,13.454185,1
18388,12.020816,1
18389,0.0,1
18390,12.84614,1
18391,12.505564,0
18392,1e-05,0
18393,12.320368,1
18394,11.697132,1
18395,16.781914,1
18396,8.6e-05,1
18397,14.367307,1
18398,12.021352,0
18399,14.981054,0
18400,13.21719,1
18401,7.916339,1
18402,3.9e-05,1
18403,12.658519,1
18404,8.2e-05,1
18405,16.114801,1
18406,5e-06,0
18407,14.144761,0
18408,10.050818,1
18409,17.282501,1
18410,15.958646,1
18411,1.1e-05,1
18412,11.076894,0
18413,4.1e-05,1
18414,10.870044,0
18415,9.644756,1
18416,16.536118,0
18417,2e-06,0
18418,0.000381,1
18419,14.691037,1
18420,16.746981,1
18421,16.84803,1
18422,15.868526,1
18423,8e-06,1
18424,13.003232,0
18425,12.672944,1
18426,14.042152,0
18427,10.003141,1
18428,14.893035,0
18429,14.875901,0
18430,10.951671,0
18431,11.823844,1
18432,1.1e-05,1
18433,10.816892,0
18434,14.030294,0
18435,0.000145,1
18436,0.000467,1
18437,6.2e-05,1
18438,11.999516,0
18439,11.070374,1
18440,13.563466,0
18441,11.826975,0
18442,10.051811,0
18443,1e-06,0
18444,10.365427,0
18445,3e-06,0
18446,14.950772,1
18447,12.024555,1
18448,14.720364,1
18449,11.956606,1
18450,1e-06,0
18451,17.496155,1
18452,0.000401,1
18453,11.208257,0
18454,13.557966,0
18455,12.850359,0
18456,10.821987,1
18457,10.864618,1
18458,4.5e-05,1
18459,12.695109,1
18460,14.04797,1
18461,9e-06,0
18462,12.962296,1
18463,8.9e-05,0
18464,9.752542,1
18465,17.774866,1
18466,8e-06,1
18467,2e-06,1
18468,12.523665,0
18469,11.430381,0
18470,3e-06,0
18471,15.471334,1
18472,7.7e-05,1
18473,12.021323,1
18474,10.31354,0
18475,15.249215,0
18476,14.722527,1
18477,13.929349,1
18478,16.528814,1
18479,1e-06,1
18480,12.812613,0
18481,0.000102,1
18482,0.000234,1
18483,12.667239,0
18484,5e-06,1
18485,12.726238,1
18486,15.326216,1
18487,1e-06,0
18488,14.434988,0
18489,16.985834,0
18490,3e-05,1
18491,14.478049,0
18492,14.604596,1
18493,3.5e-05,1
18494,10.273686,1
18495,2.2e-05,0
18496,3.8e-05,1
18497,7.4e-05,1
18498,14.897666,1
18499,15.521901,1
18500,0.000471,1
18501,14.960073,1
18502,5e-06,0
18503,10.831464,0
18504,3.8e-05,0
18505,1e-06,1
18506,17.350872,1
18507,10.069881,0
18508,12.758801,1
18509,12.50148,1
18510,10.674023,1
18511,4e-06,1
18512,5e-06,1
18513,11.255105,1
18514,16.048044,1
18515,16.058125,0
18516,11.218368,1
18517,18.295628,1
18518,11.448072,0
18519,7.6e-05,1
18520,11.282542,1
18521,0.000133,1
18522,15.065024,0
18523,11.894975,1
18524,9.712979,0
18525,9.835842,1
18526,1.1e-05,1
18527,11.676084,1
18528,0.000269,1
18529,14.123163,1
18530,12.304006,1
18531,13.148031,0
18532,12.581601,1
18533,10.764072,0
18534,14.645174,1
18535,4e-06,1
18536,12.509585,1
18537,0.000833,1
18538,8.538827,1
18539,14.291509,0
18540,11.625796,1
18541,9.130643,1
18542,15.811213,1
18543,5.6e-05,1
18544,14.185589,1
18545,1.4e-05,1
18546,15.774056,1
18547,1e-05,1
18548,11.562874,1
18549,13.813536,1
18550,14.032707,1
18551,10.044709,1
18552,12.790825,0
18553,10.763478,0
18554,7e-05,1
18555,12.415001,1
18556,1.4e-05,1
18557,11.958762,1
18558,16.47496,0
18559,1e-06,0
18560,8.7e-05,1
18561,17.110983,1
18562,1.5e-05,0
18563,5.2e-05,1
18564,0.000369,1
18565,12.772085,0
18566,2.8e-05,1
18567,16.204947,1
18568,2e-06,0
18569,14.009914,0
18570,13.75687,1
18571,2e-06,0
18572,13.221916,1
18573,8.62032,1
18574,2e-06,1
18575,14.451459,1
18576,11.614752,1
18577,18.986639,1
18578,3e-06,1
18579,9.554957,0
18580,13.642596,1
18581,11.407832,0
18582,1.8e-05,1
18583,5e-06,1
18584,15.777051,1
18585,11.067756,1
18586,15.808103,0
18587,10.380913,0
18588,13.455565,0
18589,4e-05,1
18590,12.154917,0
18591,0.000761,1
18592,17.729259,1
18593,12.790511,0
18594,14.885882,1
18595,3.6e-05,1
18596,5e-06,1
18597,12.086654,1
18598,13.676768,1
18599,0.000144,1
18600,2.7e-05,0
18601,12.80965,1
18602,13.359567,0
18603,13.85899,1
18604,9e-06,0
18605,12.595722,0
18606,9.729069,0
18607,9.1e-05,1
18608,10.23338,1
18609,0.000183,1
18610,7e-06,1
18611,10.166926,0
18612,2.1e-05,1
18613,12.415807,0
18614,14.002059,1
18615,10.224755,1
18616,13.946274,1
18617,12.239853,0
18618,9.843556,0
18619,14.818053,1
18620,10.372478,0
18621,6.5e-05,1
18622,3.9e-05,1
18623,12.798666,1
18624,0.000114,1
18625,0.0,1
18626,13.645462,1
18627,7e-06,1
18628,3e-06,0
18629,9e-06,1
18630,8e-06,1
18631,11.184961,1
18632,10.700046,0
18633,8.680062,0
18634,15.175727,1
18635,10.345795,0
18636,11.722438,0
18637,14.950786,1
18638,11.456186,1
18639,2.2e-05,1
18640,1.1e-05,1
18641,15.53928,0
18642,14.778229,1
18643,1e-06,0
18644,12.252175,1
18645,15.606789,1
18646,3e-06,1
18647,13.799805,0
18648,3.1e-05,1
18649,1.4e-05,0
18650,11.296268,1
18651,13.350545,0
18652,7e-06,1
18653,1.7e-05,1
18654,1e-06,1
18655,12.767508,1
18656,1.1e-05,1
18657,10.104448,0
18658,1e-05,1
18659,14.22801,0
18660,5.7e-05,1
18661,0.000481,1
18662,12.472393,1
18663,0.000804,1
18664,2.5e-05,1
18665,1.4e-05,1
18666,14.331295,1
18667,17.822292,1
18668,12.200465,1
18669,14.545649,1
18670,0.000149,1
18671,8e-06,1
18672,5e-06,0
18673,12.453824,1
18674,13.540062,0
18675,1e-06,0
18676,10.47007,0
18677,12.799655,0
18678,0.000297,1
18679,11.563883,1
18680,8e-06,1
18681,3.9e-05,1
18682,12.335736,0
18683,13.565985,1
18684,0.000216,1
18685,4.4e-05,1
18686,1.2e-05,1
18687,3e-05,1
18688,15.068615,1
18689,3.4e-05,1
18690,13.995721,0
18691,8.955094,0
18692,15.520203,1
18693,1e-05,0
18694,9.848625,1
18695,15.588562,1
18696,16.28878,0
18697,0.000103,1
18698,10.698273,1
18699,9.252924,0
18700,12.089858,0
18701,6e-05,1
18702,14.752946,0
18703,2.9e-05,0
18704,14.680534,1
18705,12.411141,1
18706,11.287032,1
18707,12.180728,1
18708,12.561917,1
18709,3.7e-05,1
18710,11.079079,0
18711,1e-06,0
18712,3e-06,0
18713,1.4e-05,1
18714,12.853374,1
18715,10.066558,0
18716,5.6e-05,0
18717,11.501827,0
18718,6.6e-05,1
18719,13.201686,0
18720,15.486362,0
18721,2.6e-05,1
18722,10.686968,1
18723,14.660406,1
18724,10.965646,0
18725,12.057393,0
18726,2e-06,0
18727,12.607715,0
18728,1e-05,1
18729,0.000112,1
18730,1.7e-05,1
18731,8.935877,0
18732,1.5e-05,0
18733,12.712295,1
18734,8e-06,1
18735,11.39283,1
18736,1e-06,1
18737,3e-06,1
18738,14.285535,1
18739,5.9e-05,1
18740,10.022195,0
18741,6e-06,1
18742,0.000242,1
18743,0.000216,1
18744,11.163698,1
18745,0.000108,1
18746,16.04953,1
18747,13.289809,0
18748,12.300619,0
18749,11.278346,0
18750,3e-06,1
18751,5e-06,1
18752,3e-05,1
18753,15.006089,1
18754,1.2e-05,1
18755,14.805718,1
18756,13.204649,0
18757,11.207931,0
18758,9.323837,0
18759,13.961227,0
18760,1.1e-05,1
18761,11.586873,0
18762,13.894534,0
18763,11.135235,0
18764,11.955256,0
18765,11.448163,0
18766,11.888044,0
18767,1.8e-05,1
18768,3.5e-05,1
18769,12.827978,1
18770,13.071264,0
18771,12.203942,1
18772,0.00022,1
18773,9.5e-05,1
18774,1e-06,1
18775,15.39773,0
18776,15.431177,0
18777,11.15729,1
18778,2.7e-05,1
18779,11.163622,1
18780,10.275418,1
18781,10.173231,1
18782,1e-06,0
18783,1.5e-05,0
18784,13.516446,0
18785,1.6e-05,1
18786,1e-05,1
18787,1e-06,1
18788,1e-05,1
18789,11.316632,1
18790,12.706308,1
18791,11.101413,1
18792,13.517794,0
18793,2e-06,1
18794,4e-06,1
18795,14.011831,0
18796,2.5e-05,1
18797,4e-05,1
18798,2e-06,0
18799,9.25983,0
18800,8e-05,1
18801,10.865791,0
18802,11.870179,0
18803,11.851068,0
18804,11.979047,1
18805,10.666873,0
18806,12.967527,0
18807,13.723811,1
18808,4.9e-05,1
18809,9.221787,0
18810,12.050766,0
18811,5e-06,1
18812,14.033088,1
18813,0.000149,1
18814,11.866957,0
18815,13.829681,0
18816,15.22333,0
18817,12.996812,1
18818,12.458714,1
18819,13.319349,1
18820,12.803861,1
18821,17.566324,1
18822,9e-06,1
18823,13.091528,0
18824,15.310801,1
18825,9.98671,0
18826,12.635915,0
18827,10.174624,0
18828,9.351483,0
18829,9.117774,0
18830,12.817412,1
18831,0.000119,1
18832,12.618098,1
18833,8e-06,1
18834,12.777391,1
18835,14.035157,1
18836,14.105559,1
18837,18.046341,1
18838,1.5e-05,1
18839,11.185393,1
18840,3e-06,0
18841,5e-06,0
18842,11.459981,1
18843,21.26594,1
18844,14.652791,0
18845,14.845975,0
18846,0.000178,1
18847,10.281091,0
18848,12.777037,1
18849,12.289614,0
18850,10.844521,0
18851,12.554597,0
18852,15.601042,1
18853,6.6e-05,1
18854,11.35264,0
18855,12.856657,0
18856,10.223703,1
18857,12.412919,0
18858,10.41966,0
18859,11.116506,0
18860,10.741748,0
18861,0.000273,1
18862,1e-06,1
18863,1.2e-05,1
18864,11.567375,0
18865,10.585815,0
18866,6.2e-05,1
18867,15.675464,1
18868,2e-06,0
18869,15.338076,1
18870,15.36888,1
18871,13.628419,1
18872,14.521629,0
18873,14.814334,0
18874,7e-06,1
18875,18.316919,1
18876,11.842691,1
18877,9.6e-05,1
18878,13.909614,1
18879,14.358154,0
18880,0.000116,1
18881,11.802232,0
18882,12.972182,1
18883,11.615552,1
18884,7.9e-05,1
18885,6e-06,0
18886,2.1e-05,1
18887,8.7e-05,1
18888,9.591953,0
18889,12.035264,0
18890,4.3e-05,1
18891,9.670672,0
18892,11.020038,1
18893,3e-06,0
18894,15.611457,1
18895,3.9e-05,1
18896,2.6e-05,1
18897,0.000177,1
18898,14.57227,1
18899,10.028859,1
18900,1e-06,1
18901,12.569448,0
18902,4.1e-05,1
18903,16.68774,1
18904,12.261035,0
18905,13.078855,0
18906,12.245886,1
18907,4.1e-05,0
18908,0.000715,1
18909,9e-05,1
18910,0.000298,1
18911,12.241825,1
18912,14.509429,1
18913,0.0,1
18914,10.968266,0
18915,3.7e-05,1
18916,8.9e-05,1
18917,15.17638,1
18918,5e-06,0
18919,10.909071,0
18920,3.5e-05,1
18921,1.5e-05,1
18922,1e-05,0
18923,1e-06,1
18924,13.181108,1
18925,11.827146,0
18926,14.345389,1
18927,13.040382,1
18928,14.057473,0
18929,4.2e-05,0
18930,7e-06,1
18931,13.220551,0
18932,10.671649,0
18933,2e-06,0
18934,13.537278,1
18935,11.526073,0
18936,13.096231,0
18937,9.731964,1
18938,16.383371,0
18939,7.8e-05,1
18940,12.621098,0
18941,2.1e-05,1
18942,13.204865,0
18943,15.673374,1
18944,3.2e-05,1
18945,12.475518,0
18946,2.4e-05,0
18947,12.611719,1
18948,13.263456,0
18949,16.863869,1
18950,11.565356,1
18951,3e-06,0
18952,7.4e-05,1
18953,3e-05,1
18954,3.2e-05,1
18955,1e-06,1
18956,13.508288,1
18957,13.608428,1
18958,16.662117,1
18959,0.00028,0
18960,12.615025,1
18961,12.260743,1
18962,2.4e-05,1
18963,12.897407,1
18964,12.494957,0
18965,10.031669,1
18966,8.3e-05,1
18967,13.692796,0
18968,10.914114,1
18969,12.903248,0
18970,16.753925,1
18971,12.376744,1
18972,12.819789,1
18973,0.000206,1
18974,13.10791,1
18975,1e-06,0
18976,11.676362,0
18977,6.2e-05,1
18978,11.457184,0
18979,1e-05,1
18980,1.8e-05,1
18981,10.158149,0
18982,12.195951,0
18983,13.630895,1
18984,12.75904,1
18985,9.714774,1
18986,14.668765,1
18987,0.000114,1
18988,13.837492,0
18989,9.110194,1
18990,10.787833,0
18991,1.7e-05,1
18992,10.90569,0
18993,1e-06,1
18994,11.642658,1
18995,14.258157,1
18996,10.700636,1
18997,11.394645,0
18998,11.235458,1
18999,10.856243,0
19000,12.573098,1
19001,9e-06,0
19002,1.8e-05,1
19003,15.826918,1
19004,12.999034,1
19005,14.551955,1
19006,14.470684,1
19007,3.1e-05,1
19008,5e-06,1
19009,13.614808,1
19010,6e-06,1
19011,0.000221,1
19012,14.460007,0
19013,1.2e-05,1
19014,12.723378,1
19015,0.0,0
19016,9.614395,0
19017,1.9e-05,0
19018,13.760457,1
19019,10.973359,1
19020,12.919164,0
19021,14.414738,1
19022,5e-06,1
19023,9e-06,1
19024,4e-05,1
19025,3.6e-05,0
19026,13.143649,0
19027,17.055227,1
19028,0.000283,1
19029,12.485689,1
19030,11.120746,0
19031,12.914539,0
19032,9.41935,0
19033,3.3e-05,1
19034,4e-06,1
19035,11.678727,1
19036,13.814605,1
19037,4.3e-05,1
19038,4e-06,0
19039,11.977997,1
19040,5.3e-05,1
19041,1.5e-05,1
19042,11.302805,1
19043,12.733416,1
19044,9.087904,0
19045,7e-06,1
19046,3e-06,1
19047,1.3e-05,1
19048,11.31776,0
19049,14.266048,0
19050,11.603643,0
19051,7.8e-05,1
19052,6.6e-05,0
19053,13.577067,0
19054,14.256142,0
19055,6e-06,0
19056,15.439972,1
19057,1.5e-05,1
19058,6.7e-05,1
19059,10.059299,0
19060,13.689342,1
19061,8.7e-05,0
19062,15.012691,0
19063,10.780452,1
19064,13.646214,1
19065,14.176244,1
19066,2.6e-05,1
19067,5e-06,0
19068,12.289501,1
19069,4.1e-05,1
19070,1.3e-05,1
19071,10.499861,1
19072,14.077559,1
19073,0.000329,1
19074,13.409653,0
19075,6e-06,1
19076,0.000161,1
19077,5.7e-05,1
19078,10.186152,0
19079,10.625942,1
19080,3e-06,0
19081,11.830835,0
19082,3e-06,1
19083,13.340807,0
19084,11.461406,1
19085,10.082529,0
19086,2e-05,0
19087,8.759379,1
19088,10.491646,0
19089,11.69026,0
19090,11.582462,0
19091,10.915902,0
19092,2e-06,1
19093,14.19015,1
19094,9.677678,1
19095,12.2709,1
19096,2.9e-05,1
19097,6e-06,1
19098,17.582827,1
19099,4e-06,1
19100,8e-06,1
19101,11.869846,0
19102,15.099874,1
19103,14.655575,1
19104,12.776969,0
19105,11.740477,1
19106,13.640656,0
19107,3e-06,1
19108,2.2e-05,1
19109,0.0,1
19110,14.324894,1
19111,9.3e-05,1
19112,8.5e-05,1
19113,10.236689,0
19114,2e-06,1
19115,2e-06,0
19116,4.2e-05,1
19117,6.9e-05,1
19118,12.882607,1
19119,3e-06,1
19120,2e-06,1
19121,14.046593,1
19122,16.156227,0
19123,0.00013,1
19124,5e-06,1
19125,15.454825,0
19126,13.32408,0
19127,14.964635,1
19128,6e-06,0
19129,13.981927,1
19130,12.453615,1
19131,10.252622,1
19132,11.911254,1
19133,16.290676,1
19134,10.072046,1
19135,2.5e-05,0
19136,11.120438,0
19137,8.913849,0
19138,12.476446,0
19139,16.101494,0
19140,10.84197,1
19141,0.0,0
19142,3.4e-05,1
19143,11.670192,0
19144,1e-06,1
19145,10.259982,1
19146,1e-06,1
19147,11.909876,1
19148,14.287521,0
19149,12.485551,1
19150,14.333898,1
19151,11.215119,1
19152,18.40027,1
19153,11.177533,0
19154,1e-06,1
19155,0.000252,1
19156,10.17291,0
19157,11.67253,0
19158,11.451699,0
19159,1.8e-05,0
19160,10.041852,0
19161,9e-06,1
19162,1.1e-05,1
19163,9.220018,0
19164,8.579177,0
19165,9.750234,0
19166,2.5e-05,1
19167,5e-05,1
19168,12.006878,1
19169,14.749019,1
19170,12.84419,1
19171,0.00032,1
19172,16.5851,1
19173,4e-06,0
19174,12.319046,1
19175,7e-06,1
19176,1.1e-05,1
19177,0.000164,1
19178,13.278769,0
19179,0.000162,1
19180,0.000252,0
19181,13.356233,0
19182,11.592412,1
19183,9.661042,0
19184,15.821195,1
19185,13.786279,1
19186,12.361421,1
19187,11.748094,1
19188,0.000117,1
19189,2.1e-05,1
19190,11.116799,0
19191,12.348654,1
19192,8.6e-05,0
19193,12.220906,0
19194,1e-05,1
19195,0.000174,1
19196,13.605594,0
19197,14.400676,1
19198,12.956449,1
19199,13.959823,0
19200,16.248871,1
19201,10.765818,1
19202,15.474548,1
19203,11.835565,0
19204,12.222404,0
19205,10.621129,0
19206,1.1e-05,1
19207,1e-06,0
19208,3.9e-05,1
19209,11.976144,0
19210,3.3e-05,1
19211,1e-06,0
19212,0.00018,1
19213,1.8e-05,1
19214,8e-06,1
19215,3e-06,1
19216,7.7e-05,0
19217,3.3e-05,1
19218,3.5e-05,1
19219,1e-06,0
19220,6.9e-05,1
19221,8.7e-05,1
19222,10.08534,0
19223,3.6e-05,1
19224,7.8e-05,1
19225,13.889256,0
19226,13.623859,1
19227,14.06981,1
19228,14.055045,0
19229,13.852339,1
19230,13.977328,1
19231,14.975615,1
19232,14.02998,0
19233,17.224579,1
19234,2.2e-05,1
19235,9.704811,0
19236,10.893255,1
19237,0.000637,1
19238,3.4e-05,0
19239,14.128174,0
19240,0.000256,1
19241,7e-06,1
19242,8.9e-05,1
19243,13.606885,0
19244,11.104941,0
19245,8.21092,0
19246,0.00024,1
19247,11.974104,0
19248,8e-06,1
19249,13.016646,0
19250,13.353737,1
19251,0.000662,1
19252,2.7e-05,0
19253,7e-05,1
19254,10.027501,0
19255,1e-06,1
19256,11.610783,0
19257,0.000536,1
19258,1e-06,1
19259,9.8e-05,1
19260,1e-06,1
19261,0.000167,1
19262,13.388349,0
19263,12.029538,1
19264,14.354411,0
19265,12.44859,1
19266,7e-06,1
19267,1e-06,1
19268,12.859487,1
19269,11.202146,0
19270,12.03112,1
19271,10.040625,1
19272,14.375318,1
19273,15.163087,1
19274,6e-06,0
19275,10.897803,0
19276,13.194316,1
19277,6.4e-05,1
19278,9.64335,0
19279,9e-06,0
19280,12.491681,1
19281,12.182826,1
19282,12.109914,1
19283,3.4e-05,0
19284,3e-06,1
19285,13.470789,1
19286,7.3e-05,1
19287,3.6e-05,1
19288,8e-06,1
19289,1.7e-05,1
19290,1e-06,1
19291,1.3e-05,1
19292,11.49238,0
19293,12.768317,1
19294,0.000165,1
19295,14.379941,1
19296,2e-06,1
19297,12.862967,0
19298,10.621081,0
19299,15.738124,0
19300,9.6e-05,1
19301,10.319331,1
19302,15.307508,1
19303,13.433198,0
19304,6e-06,1
19305,5e-06,1
19306,14.05562,1
19307,0.000179,1
19308,10.125557,1
19309,12.976404,0
19310,13.848583,1
19311,12.766724,1
19312,11.59871,0
19313,6e-05,1
19314,14.114681,1
19315,9.536473,0
19316,10.704998,0
19317,14.947902,1
19318,8e-05,1
19319,2.1e-05,1
19320,11.27737,0
19321,11.485772,1
19322,11.522469,1
19323,13.166938,1
19324,12.354699,1
19325,14.274506,0
19326,5.4e-05,1
19327,12.604601,0
19328,0.000391,1
19329,11.773682,0
19330,10.232764,0
19331,15.183743,1
19332,13.117164,1
19333,2.6e-05,1
19334,12.67554,0
19335,8.1e-05,1
19336,12.637623,1
19337,12.239094,1
19338,3e-06,0
19339,0.00037,1
19340,10.489946,1
19341,7e-06,1
19342,1.1e-05,1
19343,11.931376,0
19344,16.828928,1
19345,15.306234,0
19346,10.907078,0
19347,9.393778,0
19348,10.683009,0
19349,11.253699,0
19350,12.777894,0
19351,16.268446,0
19352,9e-06,1
19353,13.818961,0
19354,12.840184,1
19355,6.5e-05,1
19356,9e-06,0
19357,0.000165,1
19358,2e-06,1
19359,1e-05,0
19360,10.308557,0
19361,15.079515,1
19362,12.191136,0
19363,14.816164,1
19364,14.394263,1
19365,1.3e-05,1
19366,9.424922,1
19367,12.397503,0
19368,12.017215,0
19369,0.0,1
19370,12.253212,0
19371,1.5e-05,1
19372,3.1e-05,0
19373,2.8e-05,1
19374,12.415437,1
19375,0.000249,0
19376,0.000167,1
19377,15.530117,1
19378,4e-06,1
19379,1.2e-05,1
19380,13.017066,0
19381,10.615458,1
19382,3e-06,1
19383,12.514945,0
19384,14.209045,1
19385,15.53,1
19386,13.693497,0
19387,13.632674,0
19388,2e-06,1
19389,0.000402,1
19390,1.9e-05,1
19391,15.217041,0
19392,13.3448,0
19393,1.7e-05,0
19394,2.1e-05,1
19395,12.913616,1
19396,11.328752,0
19397,1.7e-05,1
19398,7.5e-05,1
19399,13.403378,0
19400,14.927446,0
19401,1e-06,1
19402,1e-06,0
19403,1.6e-05,1
19404,12.986045,0
19405,12.575888,0
19406,11.546369,1
19407,10.511313,1
19408,13.660602,1
19409,13.320536,1
19410,3e-06,0
19411,14.439646,1
19412,0.000452,1
19413,4e-06,1
19414,12.746927,1
19415,10.681459,1
19416,9.350634,1
19417,2.8e-05,1
19418,13.869584,1
19419,3e-06,1
19420,10.351197,1
19421,4e-05,1
19422,11.729175,1
19423,12.011564,0
19424,14.682399,1
19425,12.178375,0
19426,8e-06,1
19427,9.655587,0
19428,14.887352,1
19429,13.044049,1
19430,12.737384,0
19431,8.629059,0
19432,13.260621,1
19433,1.1e-05,1
19434,16.93128,1
19435,0.000183,1
19436,13.331721,0
19437,11.240116,0
19438,9e-06,1
19439,15.64184,1
19440,1e-05,1
19441,11.87749,0
19442,13.517984,1
19443,12.778994,1
19444,12.160163,1
19445,14.244011,1
19446,10.955506,0
19447,0.000102,1
19448,13.167718,1
19449,8e-06,0
19450,3.1e-05,1
19451,0.0,0
19452,11.177357,1
19453,1.1e-05,1
19454,10.830446,1
19455,9.5e-05,1
19456,11.97979,1
19457,1.3e-05,1
19458,10.508882,0
19459,11.4535,1
19460,4.9e-05,1
19461,13.974681,0
19462,14.698462,0
19463,10.326736,0
19464,3.8e-05,1
19465,10.635573,0
19466,4.9e-05,1
19467,1.8e-05,1
19468,9.6e-05,1
19469,10.081452,1
19470,12.120494,0
19471,9e-06,1
19472,10.579267,0
19473,12.701356,1
19474,10.397464,1
19475,0.00017,1
19476,9e-06,1
19477,12.449765,1
19478,10.836039,0
19479,12.349915,1
19480,12.729835,1
19481,2e-06,1
19482,9.8627,0
19483,6e-06,1
19484,12.695765,0
19485,2.7e-05,1
19486,8.481193,0
19487,2.7e-05,1
19488,4.4e-05,1
19489,11.909405,0
19490,5.7e-05,1
19491,11.935711,1
19492,12.568374,0
19493,12.526559,0
19494,1e-06,0
19495,0.000212,1
19496,2.3e-05,1
19497,11.335067,1
19498,1e-06,0
19499,4e-06,0
19500,11.055207,0
19501,16.637642,1
19502,11.043203,0
19503,1e-06,0
19504,5e-06,0
19505,1e-06,0
19506,11.144141,0
19507,8e-06,0
19508,15.328932,1
19509,2.1e-05,1
19510,13.514911,0
19511,11.744375,0
19512,11.671538,0
19513,0.000114,1
19514,6e-06,1
19515,13.962357,1
19516,0.000122,0
19517,1.1e-05,1
19518,2.1e-05,1
19519,1.2e-05,1
19520,1.4e-05,0
19521,1.8e-05,1
19522,12.480606,0
19523,15.4768,0
19524,10.072402,1
19525,11.273188,0
19526,15.231508,1
19527,2.3e-05,1
19528,3e-06,0
19529,1.5e-05,1
19530,9.591538,0
19531,12.878959,0
19532,9.671717,1
19533,14.289069,1
19534,13.211076,1
19535,4.3e-05,1
19536,1.5e-05,1
19537,11.593728,1
19538,14.347529,1
19539,10.09236,0
19540,2e-06,1
19541,12.049693,1
19542,7e-06,0
19543,4.9e-05,1
19544,10.235555,1
19545,14.311917,1
19546,0.0,1
19547,17.71726,0
19548,13.49938,1
19549,14.660548,0
19550,9e-06,1
19551,17.278177,0
19552,8.615072,0
19553,0.000105,0
19554,0.000926,1
19555,1.1e-05,0
19556,15.242555,1
19557,2e-05,1
19558,2e-05,1
19559,2e-06,1
19560,13.990372,0
19561,13.924274,1
19562,13.535138,0
19563,14.103438,0
19564,8.798139,0
19565,11.935275,0
19566,7e-06,1
19567,11.560186,1
19568,14.622127,1
19569,11.99334,0
19570,4.7e-05,1
19571,14.509959,0
19572,11.018987,1
19573,4.5e-05,0
19574,14.307793,0
19575,7.1e-05,1
19576,14.426049,1
19577,11.624472,0
19578,13.476855,0
19579,12.340656,1
19580,1.2e-05,1
19581,8e-06,1
19582,8.041798,0
19583,0.000578,1
19584,7.8e-05,1
19585,13.523016,0
19586,12.771454,1
19587,11.863805,1
19588,19.091362,0
19589,2.7e-05,1
19590,0.0001,0
19591,11.94351,1
19592,10.813381,0
19593,10.779406,0
19594,16.610445,1
19595,2e-06,1
19596,12.079125,0
19597,10.914328,1
19598,4e-06,1
19599,3e-05,0
19600,10.212907,0
19601,16.131929,1
19602,0.000167,1
19603,6e-06,0
19604,13.769228,1
19605,6e-06,0
19606,0.000229,1
19607,3e-05,1
19608,10.702429,1
19609,9.2e-05,1
19610,0.000121,1
19611,7e-05,1
19612,11.938007,0
19613,0.000143,1
19614,10.7746,1
19615,8.6e-05,1
19616,8e-05,1
19617,12.327737,1
19618,0.000164,1
19619,6.5e-05,1
19620,10.310801,0
19621,10.261479,0
19622,12.497012,1
19623,9.4e-05,1
19624,9.850864,0
19625,1.3e-05,1
19626,12.455126,1
19627,14.217963,0
19628,2e-06,1
19629,13.912135,1
19630,14.887668,0
19631,11.566388,0
19632,10.333941,0
19633,10.174548,0
19634,7.3e-05,0
19635,2.3e-05,1
19636,9e-05,0
19637,11.234203,0
19638,12.78489,1
19639,12.833248,0
19640,12.864778,1
19641,0.000254,0
19642,12.776694,0
19643,12.06197,1
19644,2.9e-05,1
19645,14.392173,1
19646,12.802616,0
19647,8.5e-05,1
19648,12.383462,0
19649,18.067228,1
19650,10.840819,0
19651,3.4e-05,1
19652,2e-06,0
19653,10.784582,0
19654,12.812716,1
19655,11.600817,1
19656,10.104623,1
19657,11.516681,1
19658,8.314249,0
19659,11.485775,1
19660,15.561477,1
19661,14.144821,1
19662,6e-06,1
19663,13.721874,1
19664,1.5e-05,1
19665,12.993796,1
19666,12.90775,0
19667,6e-06,1
19668,1.5e-05,1
19669,9.817289,0
19670,13.798772,1
19671,10.26272,1
19672,0.000142,1
19673,13.10076,0
19674,12.041269,0
19675,12.805824,0
19676,10.786327,1
19677,15.871921,1
19678,13.890376,0
19679,10.318453,0
19680,7.985523,1
19681,10.851579,1
19682,15.946217,0
19683,2.2e-05,1
19684,14.365406,0
19685,1e-06,1
19686,13.156878,0
19687,12.136691,1
19688,5.6e-05,1
19689,13.250394,1
19690,13.075868,0
19691,14.551311,1
19692,13.894603,0
19693,1e-06,1
19694,3.4e-05,1
19695,4e-06,1
19696,11.519215,1
19697,12.216175,0
19698,1.7e-05,0
19699,10.370262,1
19700,10.961933,1
19701,10.289886,0
19702,13.852151,0
19703,4.1e-05,1
19704,16.12306,0
19705,1e-06,0
19706,17.155586,1
19707,13.222545,0
19708,1.2e-05,1
19709,11.090298,0
19710,13.587277,0
19711,6e-06,1
19712,0.000115,1
19713,2e-06,1
19714,10.588789,0
19715,0.000517,1
19716,1.7e-05,1
19717,14.04025,0
19718,13.974796,1
19719,14.746138,1
19720,2e-06,0
19721,13.930863,1
19722,13.374605,1
19723,13.580791,0
19724,0.0,1
19725,8.5e-05,1
19726,15.502955,1
19727,11.34363,1
19728,13.760456,0
19729,12.865478,1
19730,11.987861,1
19731,11.674982,1
19732,4.7e-05,1
19733,11.756567,1
19734,11.798806,0
19735,8.8e-05,1
19736,12.82154,1
19737,16.536659,1
19738,0.000336,1
19739,18.356413,0
19740,18.103657,1
19741,6.5e-05,1
19742,7.296624,0
19743,13.037972,1
19744,10.123431,0
19745,14.878059,1
19746,2e-05,1
19747,12.182465,1
19748,14.595083,0
19749,10.877314,1
19750,15.18501,1
19751,14.187192,1
19752,14.933847,0
19753,0.0,1
19754,1.5e-05,1
19755,1e-06,0
19756,8.2e-05,1
19757,7.1e-05,1
19758,11.848929,1
19759,13.447248,0
19760,9.657456,1
19761,11.646616,0
19762,10.972773,0
19763,9.775071,0
19764,2.4e-05,1
19765,0.000332,1
19766,1e-06,1
19767,13.224853,1
19768,11.713757,0
19769,13.893692,1
19770,16.243767,1
19771,15.868095,1
19772,15.152158,0
19773,4.9e-05,1
19774,9.763917,1
19775,9.29263,1
19776,2e-06,0
19777,11.631794,0
19778,9.920917,0
19779,12.28169,1
19780,3e-06,1
19781,3e-06,0
19782,12.285661,0
19783,11.982733,1
19784,9.270354,0
19785,6e-06,1
19786,11.087724,1
19787,14.766947,1
19788,11.049223,0
19789,2e-06,0
19790,3e-06,0
19791,13.79696,1
19792,10.54187,1
19793,1.3e-05,0
19794,0.000151,1
19795,13.121102,1
19796,7e-06,1
19797,7e-06,1
19798,10.951387,0
19799,11.260829,0
19800,1.4e-05,1
19801,10.517016,1
19802,15.321323,0
19803,6e-06,0
19804,10.296922,1
19805,0.000142,1
19806,5e-05,1
19807,10.29459,1
19808,10.985323,1
19809,11.436354,0
19810,0.000169,1
19811,10.71949,1
19812,13.163871,1
19813,9.582218,0
19814,3e-06,0
19815,7.1e-05,0
19816,14.361555,1
19817,14.411863,1
19818,17.272743,1
19819,12.761147,1
19820,1e-06,1
19821,6.3e-05,1
19822,13.014912,1
19823,4e-06,1
19824,3e-06,1
19825,0.000117,1
19826,10.636506,0
19827,15.042018,1
19828,3e-06,0
19829,13.500019,1
19830,10.412686,0
19831,14.275645,0
19832,6e-06,1
19833,9.472786,1
19834,2.6e-05,1
19835,3e-06,1
19836,11.259441,1
19837,1e-06,1
19838,1e-05,1
19839,12.210307,1
19840,18.486605,0
19841,1e-05,1
19842,11.600494,0
19843,3e-06,1
19844,2.4e-05,1
19845,11.29692,0
19846,1.1e-05,1
19847,12.200875,1
19848,14.435607,0
19849,13.538556,1
19850,14.573677,1
19851,0.000173,1
19852,10.768877,0
19853,0.000141,1
19854,10.688743,0
19855,3.6e-05,1
19856,0.0,1
19857,11.440313,0
19858,9.788665,1
19859,15.302798,1
19860,13.587188,1
19861,13.234517,0
19862,13.022803,0
19863,15.232216,1
19864,11.323178,0
19865,9.43785,0
19866,14.416094,0
19867,14.566213,1
19868,12.942448,1
19869,4.2e-05,1
19870,16.206736,0
19871,13.520753,1
19872,9.484186,1
19873,5.3e-05,1
19874,13.35572,1
19875,0.000113,1
19876,10.881787,1
19877,11.592609,1
19878,11.81916,1
19879,11.238797,1
19880,14.347565,1
19881,4e-06,1
19882,13.999649,1
19883,3.7e-05,1
19884,12.658658,0
19885,15.494381,1
19886,5e-06,1
19887,16.091286,1
19888,0.000415,1
19889,18.726301,0
19890,15.474312,1
19891,7.381819,0
19892,0.000118,0
19893,13.568899,1
19894,1.6e-05,1
19895,15.737169,1
19896,4e-06,1
19897,13.418737,0
19898,4.4e-05,1
19899,9.896729,0
19900,16.191439,1
19901,1e-06,1
19902,0.0,1
19903,10.515181,0
19904,5.2e-05,1
19905,11.411549,0
19906,12.006589,1
19907,10.122641,0
19908,9.7e-05,1
19909,0.000215,1
19910,12.198608,0
19911,1.2e-05,1
19912,11.526826,0
19913,12.21852,0
19914,11.708227,0
19915,1e-06,1
19916,13.16194,0
19917,12.016131,0
19918,11.759007,0
19919,11.166812,0
19920,12.288126,1
19921,12.90622,1
19922,14.118927,0
19923,7e-06,1
19924,4e-06,1
19925,1.2e-05,1
19926,5.3e-05,1
19927,15.522525,1
19928,12.159048,0
19929,9.796757,0
19930,2e-06,1
19931,14.892401,1
19932,9.435531,0
19933,12.074008,1
19934,9.317649,0
19935,1.9e-05,1
19936,3.6e-05,1
19937,8e-06,1
19938,10.494767,0
19939,12.841997,0
19940,4.9e-05,1
19941,13.743889,0
19942,14.259336,1
19943,1.8e-05,1
19944,14.118765,1
19945,3.8e-05,1
19946,17.995203,1
19947,5e-05,1
19948,10.921908,1
19949,2.4e-05,1
19950,15.296717,1
19951,12.904116,1
19952,13.511603,0
19953,10.183702,1
19954,1.2e-05,1
19955,2e-06,1
19956,1.1e-05,0
19957,14.210062,1
19958,10.95615,0
19959,15.547976,1
19960,14.445507,0
19961,11.834758,1
19962,12.649629,1
19963,1.1e-05,0
19964,0.000102,1
19965,14.904799,1
19966,1.3e-05,1
19967,13.434626,0
19968,1.5e-05,0
19969,4e-06,1
19970,3.3e-05,0
19971,0.000291,1
19972,1e-06,1
19973,1e-06,1
19974,13.080734,1
19975,10.739395,1
19976,0.000274,1
19977,12.807927,0
19978,12.154161,0
19979,11.768664,1
19980,10.883513,1
19981,15.717459,1
19982,4e-06,1
19983,9.514515,0
19984,16.771154,1
19985,10.454652,0
19986,11.756742,1
19987,13.357497,0
19988,11.80654,0
19989,9.28361,0
19990,10.622953,0
19991,13.97226,1
19992,11.445607,0
19993,6e-06,1
19994,9.145858,0
19995,1.5e-05,1
19996,0.000211,1
19997,6e-06,1
19998,11.369989,0
19999,10.405545,1
20000,10.488724,1
20001,3e-05,1
20002,0.000346,1
20003,1.2e-05,1
20004,14.621405,1
20005,4e-06,1
20006,11.323171,0
20007,3.1e-05,0
20008,13.975986,1
20009,1.7e-05,0
20010,12.95915,1
20011,9.1e-05,1
20012,16.472963,1
20013,12.152101,1
20014,2.3e-05,0
20015,6.1e-05,1
20016,13.725861,1
20017,6.6e-05,1
20018,10.736974,0
20019,10.222301,1
20020,12.606969,0
20021,12.812351,1
20022,13.070521,1
20023,4e-06,1
20024,13.904291,0
20025,5e-06,1
20026,14.468433,1
20027,1.3e-05,1
20028,4.1e-05,1
20029,3.6e-05,1
20030,4.3e-05,1
20031,16.475836,1
20032,14.065073,0
20033,10.553382,1
20034,3.5e-05,1
20035,3e-06,0
20036,15.163309,1
20037,13.199745,1
20038,0.000192,1
20039,6e-06,1
20040,2.1e-05,1
20041,12.964476,1
20042,11.267522,1
20043,0.000244,1
20044,11.539857,0
20045,0.0,1
20046,3.5e-05,0
20047,13.536375,1
20048,1e-05,0
20049,9.013454,0
20050,1e-06,0
20051,12.94875,1
20052,8.7e-05,1
20053,11.539711,0
20054,9.215866,0
20055,13.296454,1
20056,12.5268,1
20057,1e-05,1
20058,14.294575,1
20059,10.402214,1
20060,1.3e-05,1
20061,9.3811,1
20062,7.1e-05,1
20063,12.324346,0
20064,14.686544,1
20065,17.588737,1
20066,0.000182,1
20067,7e-06,1
20068,13.228889,0
20069,14.364366,0
20070,0.000386,1
20071,2e-06,0
20072,1e-05,1
20073,14.286412,1
20074,13.060989,1
20075,0.000202,1
20076,15.682933,0
20077,9e-06,1
20078,13.385453,1
20079,10.528973,0
20080,2.1e-05,1
20081,11.488368,1
20082,16.668959,1
20083,11.065774,1
20084,13.709478,0
20085,0.000136,1
20086,4.7e-05,1
20087,14.462145,0
20088,14.907624,1
20089,11.912231,0
20090,9.391097,1
20091,12.499895,0
20092,0.000293,0
20093,14.437979,1
20094,9.313925,1
20095,12.190325,0
20096,3.4e-05,1
20097,2.7e-05,1
20098,10.866621,0
20099,2e-06,0
20100,10.435539,0
20101,8e-06,1
20102,10.930674,0
20103,8.2e-05,1
20104,10.884296,0
20105,5e-06,1
20106,12.040927,0
20107,4.6e-05,1
20108,11.048377,0
20109,11.750171,0
20110,1.5e-05,1
20111,11.056766,0
20112,9.8e-05,1
20113,8.929585,0
20114,17.024879,1
20115,13.197901,1
20116,14.361759,1
20117,14.905821,0
20118,1e-06,1
20119,0.000154,1
20120,11.745954,0
20121,3e-06,1
20122,5.8e-05,1
20123,12.480192,1
20124,10.606451,1
20125,0.000114,1
20126,12.721258,1
20127,7e-06,1
20128,10.48744,0
20129,8e-06,1
20130,11.845033,0
20131,12.897074,1
20132,5e-06,1
20133,8e-06,1
20134,13.246661,1
20135,0.0,0
20136,0.000189,1
20137,12.916788,0
20138,13.231268,0
20139,11.256403,0
20140,11.484452,0
20141,4e-05,1
20142,0.000184,1
20143,6.2e-05,1
20144,0.000875,1
20145,12.177895,0
20146,0.000115,1
20147,3e-05,1
20148,8e-06,1
20149,10.662377,1
20150,0.000128,1
20151,2.6e-05,1
20152,5.7e-05,1
20153,0.0,1
20154,5e-06,1
20155,5e-06,1
20156,14.806661,1
20157,4e-06,1
20158,14.471767,1
20159,10.991652,0
20160,13.709223,1
20161,0.0,0
20162,8.962399,0
20163,12.154252,1
20164,10.795162,0
20165,12.052997,1
20166,6e-06,1
20167,0.000237,1
20168,15.26336,1
20169,11.82722,0
20170,9.922873,1
20171,10.430196,0
20172,10.499363,0
20173,3e-06,0
20174,10.877534,0
20175,7e-06,1
20176,5e-06,1
20177,10.605568,1
20178,15.122741,1
20179,13.699143,0
20180,3.7e-05,1
20181,12.519196,0
20182,12.870976,0
20183,2e-06,1
20184,14.487912,1
20185,4.5e-05,1
20186,15.946458,1
20187,1.5e-05,0
20188,7.5e-05,1
20189,0.000131,0
20190,14.113784,0
20191,5.2e-05,1
20192,13.373655,0
20193,13.210922,1
20194,9.491126,0
20195,0.0,1
20196,3.5e-05,1
20197,3.1e-05,1
20198,11.101068,0
20199,16.402683,1
20200,12.453783,1
20201,11.194821,0
20202,17.834784,1
20203,8e-06,1
20204,10.55292,1
20205,12.985905,0
20206,0.000256,1
20207,12.654344,1
20208,13.130841,0
20209,2e-06,1
20210,2e-06,1
20211,1e-05,0
20212,9.74087,0
20213,6e-06,1
20214,3.6e-05,1
20215,3.8e-05,1
20216,2.1e-05,1
20217,10.285034,0
20218,20.205748,1
20219,9.646597,1
20220,2e-05,1
20221,0.00016,1
20222,13.755186,0
20223,14.817183,1
20224,13.74025,0
20225,15.898155,0
20226,17.558687,1
20227,1e-06,0
20228,8.5e-05,1
20229,1.7e-05,1
20230,13.46184,0
20231,14.565017,1
20232,13.643006,0
20233,2e-06,1
20234,10.180305,0
20235,9.7e-05,1
20236,17.053415,1
20237,6e-06,1
20238,0.000595,1
20239,9.600492,0
20240,9.546948,0
20241,11.369921,1
20242,17.233852,1
20243,1.5e-05,1
20244,0.000154,1
20245,12.891433,1
20246,3e-06,1
20247,12.66806,0
20248,3e-06,1
20249,2e-06,1
20250,15.654285,1
20251,17.173845,1
20252,8e-06,1
20253,9.800726,0
20254,1.9e-05,1
20255,0.000249,1
20256,13.80533,0
20257,9.7e-05,1
20258,11.399552,0
20259,12.847246,0
20260,2e-06,0
20261,10.847629,0
20262,15.775432,1
20263,3e-06,1
20264,11.073942,0
20265,14.111691,1
20266,13.543831,1
20267,13.959174,1
20268,10.93789,0
20269,16.33297,1
20270,10.514193,1
20271,14.767535,0
20272,12.536963,0
20273,2.7e-05,1
20274,5.8e-05,1
20275,13.202851,1
20276,9.102441,1
20277,14.88658,0
20278,14.169046,1
20279,1.1e-05,1
20280,9.4e-05,1
20281,7e-06,1
20282,9.503832,1
20283,3e-06,1
20284,3e-06,1
20285,13.370435,1
20286,9.740221,0
20287,13.880116,0
20288,1e-06,0
20289,10.410541,1
20290,1e-06,0
20291,13.21953,1
20292,10.056835,0
20293,12.715487,0
20294,8.352632,1
20295,9.2e-05,0
20296,14.80876,1
20297,14.65731,1
20298,10.706536,0
20299,15.674212,1
20300,0.000114,1
20301,10.894848,0
20302,15.624489,1
20303,14.958271,1
20304,5e-06,0
20305,13.443743,0
20306,11.0693,1
20307,2e-06,1
20308,14.193977,1
20309,12.42665,1
20310,10.667236,1
20311,9.702711,0
20312,13.4146,1
20313,0.000205,1
20314,11.855335,0
20315,1e-06,1
20316,9.840936,0
20317,16.72579,1
20318,11.937146,1
20319,11.91869,0
20320,1e-06,1
20321,1.8e-05,1
20322,1.7e-05,1
20323,8.3e-05,0
20324,15.96682,1
20325,3e-06,1
20326,11.872764,0
20327,5.8e-05,1
20328,14.469221,1
20329,4.8e-05,1
20330,0.0,1
20331,7e-06,0
20332,11.749648,0
20333,1e-06,1
20334,4e-06,1
20335,4e-06,0
20336,13.730482,0
20337,3.6e-05,0
20338,3.2e-05,1
20339,11.104113,1
20340,2.3e-05,1
20341,1.5e-05,1
20342,10.529578,0
20343,3.2e-05,1
20344,3.1e-05,1
20345,12.87683,1
20346,10.404519,0
20347,15.531369,1
20348,5.2e-05,0
20349,18.027632,1
20350,0.000131,0
20351,12.708873,1
20352,8.9e-05,1
20353,1.8e-05,1
20354,11.456754,0
20355,9.245963,0
20356,10.312485,0
20357,16.141588,1
20358,6e-06,0
20359,19.651228,1
20360,11.846088,1
20361,14.580661,0
20362,13.213764,0
20363,18.103855,0
20364,15.259509,1
20365,3e-06,0
20366,12.547782,1
20367,4.3e-05,1
20368,11.773276,0
20369,11.2917,1
20370,6.9e-05,1
20371,11.6031,1
20372,1.3e-05,1
20373,14.176655,1
20374,4.5e-05,1
20375,11.689707,0
20376,11.805238,1
20377,11.094291,0
20378,0.000179,1
20379,9.279345,1
20380,11.668073,0
20381,11.615709,0
20382,8.6e-05,1
20383,1.8e-05,1
20384,2.6e-05,1
20385,10.594063,0
20386,12.207104,0
20387,12.639284,1
20388,16.402092,0
20389,1e-06,1
20390,0.000187,1
20391,13.453926,0
20392,14.715384,0
20393,11.896996,0
20394,0.000182,1
20395,10.86781,1
20396,3e-06,0
20397,15.087073,0
20398,1.4e-05,1
20399,5.3e-05,1
20400,9.982329,1
20401,9.866824,0
20402,10.622664,1
20403,13.715327,1
20404,4.2e-05,1
20405,0.000264,1
20406,6e-06,0
20407,1e-05,1
20408,2.3e-05,0
20409,15.043601,0
20410,11.371543,0
20411,14.1357,1
20412,2.4e-05,1
20413,2.7e-05,0
20414,11.940536,1
20415,1e-06,1
20416,12.311657,0
20417,3.9e-05,1
20418,2e-06,0
20419,13.330169,1
20420,11.123127,0
20421,0.000199,1
20422,12.588144,1
20423,13.353157,0
20424,13.323313,1
20425,9.056637,1
20426,9.053399,0
20427,0.000132,0
20428,9.681784,0
20429,15.359365,0
20430,0.000162,1
20431,4e-06,0
20432,1e-06,0
20433,12.880229,1
20434,4.6e-05,1
20435,6.6e-05,1
20436,0.000148,1
20437,19.991961,1
20438,3e-06,1
20439,2.5e-05,1
20440,10.080512,1
20441,0.000101,1
20442,9.664003,0
20443,13.209061,1
20444,4e-06,1
20445,9e-06,0
20446,0.000244,1
20447,10.867396,0
20448,12.238358,1
20449,16.452341,0
20450,15.22632,1
20451,16.927986,1
20452,11.910918,1
20453,8.2e-05,1
20454,8.8e-05,1
20455,14.659841,1
20456,3e-06,1
20457,12.100975,1
20458,3e-06,1
20459,0.000163,1
20460,1.3e-05,1
20461,13.829993,1
20462,1e-06,1
20463,1.4e-05,1
20464,12.449316,1
20465,10.227643,0
20466,12.03592,0
20467,12.168079,1
20468,16.08514,1
20469,13.124232,0
20470,13.244276,1
20471,18.889442,1
20472,3.5e-05,1
20473,1e-06,1
20474,9.346259,0
20475,11.323278,1
20476,5e-06,1
20477,4e-06,1
20478,1e-06,0
20479,12.879422,0
20480,14.791949,0
20481,5.4e-05,1
20482,15.364917,0
20483,2e-06,0
20484,14.251594,0
20485,11.379128,1
20486,2e-06,0
20487,11.551719,1
20488,14.771814,0
20489,10.304321,0
20490,7e-06,1
20491,11.421778,0
20492,12.504658,1
20493,13.619114,0
20494,3e-06,1
20495,11.368628,0
20496,11.853247,1
20497,8.3e-05,1
20498,13.370704,0
20499,7e-06,0
20500,12.769989,1
20501,10.204685,0
20502,2.1e-05,1
20503,11.570256,0
20504,15.026095,1
20505,14.303423,0
20506,3e-06,1
20507,0.000149,1
20508,11.616277,0
20509,7.732455,0
20510,6e-06,1
20511,0.00044,1
20512,15.295967,1
20513,12.403154,0
20514,11.180358,0
20515,3.2e-05,1
20516,11.026042,1
20517,9.325506,0
20518,6.1e-05,1
20519,13.415969,0
20520,10.612623,0
20521,13.421356,1
20522,11.307281,0
20523,16.312649,1
20524,1.2e-05,1
20525,0.000116,1
20526,13.825803,0
20527,15.396228,1
20528,13.135079,1
20529,9.859888,0
20530,10.851007,1
20531,3e-06,1
20532,0.000138,1
20533,17.127893,0
20534,10.507254,1
20535,8.1e-05,1
20536,12.829672,0
20537,11.847446,0
20538,1e-06,1
20539,17.712677,1
20540,14.991671,1
20541,11.794806,1
20542,16.045069,1
20543,1.3e-05,1
20544,13.449258,1
20545,2.3e-05,0
20546,9e-06,1
20547,11.398849,0
20548,13.399916,0
20549,4.1e-05,1
20550,13.811503,1
20551,0.0,0
20552,13.163926,0
20553,10.440886,0
20554,0.0,1
20555,11.850154,0
20556,12.816473,0
20557,0.000128,1
20558,0.0,1
20559,0.000119,1
20560,10.560178,0
20561,2e-06,1
20562,13.524393,1
20563,10.185555,0
20564,12.93446,0
20565,11.546391,0
20566,13.091414,1
20567,10.483196,0
20568,12.79699,1
20569,0.000217,1
20570,1.1e-05,0
20571,13.860156,0
20572,1.8e-05,1
20573,3.2e-05,1
20574,12.152013,1
20575,13.177682,1
20576,2e-06,0
20577,14.719696,1
20578,13.203984,1
20579,8e-06,1
20580,10.939353,0
20581,3e-06,0
20582,14.161908,1
20583,11.530506,0
20584,17.484943,1
20585,1.1e-05,1
20586,1e-06,0
20587,14.15369,0
20588,0.000156,1
20589,14.063853,1
20590,1.9e-05,0
20591,15.465903,1
20592,2.6e-05,1
20593,12.646142,1
20594,12.99736,1
20595,4.4e-05,1
20596,11.633574,0
20597,0.000183,1
20598,12.797825,0
20599,9e-06,1
20600,7e-06,1
20601,11.934731,0
20602,11.247126,1
20603,11.625966,1
20604,17.916578,1
20605,2.1e-05,0
20606,16.339499,1
20607,15.713568,1
20608,13.002464,1
20609,2.3e-05,1
20610,11.847492,0
20611,3e-06,1
20612,13.191706,1
20613,11.861634,0
20614,1e-06,1
20615,14.745834,1
20616,4e-06,1
20617,12.619053,1
20618,0.00012,1
20619,16.302826,1
20620,8.7e-05,1
20621,15.824296,1
20622,5.1e-05,1
20623,11.104556,1
20624,8.4e-05,1
20625,0.000236,1
20626,11.580496,1
20627,13.879642,1
20628,13.694716,1
20629,5.5e-05,1
20630,13.868531,1
20631,9e-06,1
20632,1e-06,1
20633,12.863879,0
20634,14.112425,1
20635,14.77001,1
20636,5.4e-05,1
20637,1.4e-05,1
20638,7e-06,1
20639,13.740804,1
20640,11.632552,0
20641,10.728755,0
20642,13.18767,0
20643,2.9e-05,1
20644,8.186758,1
20645,16.909489,1
20646,9.8e-05,1
20647,0.000114,1
20648,8.7e-05,0
20649,11.070714,0
20650,13.972505,0
20651,15.069191,0
20652,6.3e-05,0
20653,16.093142,1
20654,13.60296,0
20655,11.916148,1
20656,10.381956,0
20657,0.0,1
20658,2e-06,1
20659,11.11689,1
20660,9.451072,0
20661,3.3e-05,1
20662,16.795918,1
20663,11.46937,0
20664,11.674674,1
20665,15.304243,1
20666,13.221912,0
20667,3e-06,1
20668,7e-06,1
20669,13.16098,1
20670,13.703421,1
20671,1e-06,0
20672,6.8e-05,1
20673,1.3e-05,0
20674,12.942221,0
20675,14.835162,0
20676,14.881272,1
20677,13.772932,0
20678,5e-06,0
20679,0.0,0
20680,9.233034,1
20681,4.7e-05,1
20682,0.00026,1
20683,14.022771,1
20684,16.002153,0
20685,11.307727,0
20686,0.000152,1
20687,16.892002,1
20688,13.327051,1
20689,10.504864,1
20690,14.010489,0
20691,0.000118,1
20692,0.000103,1
20693,3e-06,1
20694,10.138663,0
20695,13.943522,0
20696,14.102247,0
20697,9.75142,0
20698,0.0,0
20699,1.4e-05,1
20700,11.843307,0
20701,10.189036,1
20702,12.805691,1
20703,13.855325,1
20704,11.052068,0
20705,15.181256,0
20706,11.867314,1
20707,15.105218,1
20708,4.7e-05,1
20709,3.6e-05,1
20710,9.532677,0
20711,15.79783,1
20712,12.538561,0
20713,12.101922,1
20714,1.1e-05,1
20715,10.251924,0
20716,6e-06,0
20717,11.532633,0
20718,0.0002,1
20719,1.6e-05,1
20720,9.749139,0
20721,13.836128,1
20722,1e-06,1
20723,3.1e-05,1
20724,3e-06,1
20725,7.1e-05,1
20726,1.6e-05,1
20727,12.577447,1
20728,11.28031,1
20729,5.2e-05,0
20730,7e-06,0
20731,10.845,1
20732,10.719233,1
20733,5.9e-05,1
20734,5.1e-05,1
20735,3e-06,1
20736,0.000129,1
20737,12.790883,1
20738,1.7e-05,1
20739,10.034896,1
20740,1.4e-05,0
20741,2e-05,1
20742,0.0,1
20743,14.020954,1
20744,11.127444,0
20745,9.6e-05,1
20746,2e-06,0
20747,8.9e-05,1
20748,10.733849,0
20749,15.910582,1
20750,2.1e-05,1
20751,13.246071,0
20752,9.272092,0
20753,14.767839,1
20754,16.932726,1
20755,15.025398,1
20756,4e-06,0
20757,12.222918,0
20758,7e-06,1
20759,11.689048,0
20760,11.361211,1
20761,10.471044,0
20762,0.000256,1
20763,6e-06,0
20764,15.249286,1
20765,13.002806,1
20766,11.176301,0
20767,11.62246,1
20768,12.871399,1
20769,10.220225,1
20770,14.247169,0
20771,12.876493,1
20772,1.9e-05,1
20773,11.700932,0
20774,4.1e-05,1
20775,11.275381,0
20776,10.768409,0
20777,5.9e-05,1
20778,6.8e-05,1
20779,17.149645,1
20780,13.714421,1
20781,1e-06,0
20782,11.503998,1
20783,3.7e-05,1
20784,13.301028,0
20785,0.000214,1
20786,8.538627,0
20787,1.5e-05,1
20788,12.040962,0
20789,2.7e-05,1
20790,3e-06,1
20791,12.656323,0
20792,14.600978,1
20793,11.45262,1
20794,12.502798,1
20795,7.1e-05,1
20796,11.450121,0
20797,11.933669,0
20798,4e-06,1
20799,17.552509,1
20800,2e-06,1
20801,13.783611,1
20802,14.75727,1
20803,13.602109,0
20804,12.47963,0
20805,4.6e-05,1
20806,4.9e-05,1
20807,12.60815,1
20808,14.909661,0
20809,13.737434,0
20810,11.200243,0
20811,0.000136,1
20812,5.3e-05,0
20813,1.1e-05,1
20814,12.422832,0
20815,13.221385,0
20816,12.714984,1
20817,12.432479,0
20818,1e-05,1
20819,10.726976,0
20820,13.928126,0
20821,17.024601,1
20822,14.248564,0
20823,13.500707,0
20824,14.593678,0
20825,2e-06,1
20826,12.638724,1
20827,14.023937,1
20828,11.180657,1
20829,14.749574,1
20830,3e-05,1
20831,9.9e-05,1
20832,14.589858,0
20833,9.80015,0
20834,10.634123,1
20835,15.328633,1
20836,14.629486,1
20837,3e-06,0
20838,12.359613,0
20839,1.3e-05,1
20840,4e-06,0
20841,17.265261,1
20842,5.3e-05,1
20843,16.429413,0
20844,10.618156,1
20845,7e-06,0
20846,12.895744,0
20847,10.994687,1
20848,0.0,0
20849,2.2e-05,1
20850,10.59441,0
20851,1e-06,1
20852,0.000394,1
20853,1e-05,1
20854,13.268679,1
20855,14.024377,0
20856,17.689747,1
20857,12.912552,1
20858,9.149576,1
20859,0.000129,1
20860,9.85711,1
20861,7e-06,1
20862,2e-06,1
20863,16.321342,1
20864,12.568974,0
20865,3e-06,1
20866,1e-06,0
20867,12.02426,0
20868,11.393527,1
20869,15.633178,1
20870,9.914396,0
20871,13.593467,1
20872,12.956108,1
20873,11.601446,1
20874,0.000521,1
20875,16.617466,1
20876,11.497082,1
20877,13.202625,1
20878,10.231614,1
20879,14.922605,0
20880,18.410191,1
20881,4.5e-05,1
20882,9e-06,1
20883,10.791313,0
20884,0.0,1
20885,6.9e-05,1
20886,12.290956,0
20887,11.042822,1
20888,10.888422,1
20889,0.000398,1
20890,1e-06,1
20891,3e-06,1
20892,0.000121,1
20893,9.715722,1
20894,12.77528,0
20895,11.04669,0
20896,5.6e-05,1
20897,0.001106,1
20898,1e-06,0
20899,12.597475,1
20900,5.9e-05,1
20901,12.206022,1
20902,1.9e-05,1
20903,0.0,1
20904,1e-06,1
20905,12.398383,1
20906,16.240143,0
20907,15.479076,1
20908,1.8e-05,1
20909,6e-06,1
20910,8e-06,0
20911,11.283417,0
20912,12.017906,1
20913,11.991122,1
20914,0.000102,1
20915,13.316653,0
20916,14.542768,1
20917,0.000193,1
20918,3.6e-05,1
20919,13.080977,1
20920,0.000163,1
20921,13.31865,0
20922,14.714339,1
20923,2.2e-05,1
20924,12.658923,0
20925,1e-06,1
20926,0.000117,1
20927,3e-06,1
20928,13.379397,1
20929,11.940607,1
20930,1e-06,1
20931,14.44858,1
20932,14.093219,1
20933,10.748309,1
20934,14.890049,0
20935,12.556163,1
20936,12.320814,1
20937,1e-06,1
20938,5e-06,1
20939,1e-06,1
20940,13.872302,1
20941,3e-06,1
20942,15.688011,1
20943,16.975681,0
20944,6.1e-05,1
20945,2e-06,1
20946,14.357583,1
20947,6.4e-05,1
20948,14.45555,1
20949,14.664936,1
20950,12.837809,1
20951,11.660928,1
20952,12.359037,1
20953,11.187593,0
20954,0.000534,1
20955,11.619213,0
20956,16.333166,1
20957,9.260524,1
20958,18.34585,1
20959,12.831948,1
20960,17.390572,0
20961,13.622112,1
20962,1e-06,0
20963,12.246211,0
20964,14.150228,1
20965,8.785369,1
20966,11.848336,1
20967,2.6e-05,1
20968,1e-06,1
20969,1.8e-05,1
20970,2e-06,1
20971,5e-05,1
20972,16.543289,1
20973,3.5e-05,1
20974,11.410996,1
20975,1.4e-05,1
20976,2.9e-05,1
20977,8e-05,1
20978,0.000874,1
20979,8.903996,0
20980,10.587455,0
20981,7.4e-05,1
20982,12.714651,0
20983,0.000129,1
20984,11.765145,1
20985,14.109482,1
20986,0.000117,1
20987,3.3e-05,1
20988,12.589456,0
20989,15.382318,0
20990,12.495001,0
20991,0.000321,1
20992,5.5e-05,1
20993,13.074183,1
20994,3e-06,1
20995,8e-06,1
20996,8.415078,0
20997,5e-06,1
20998,12.532396,0
20999,1e-05,1
21000,14.875534,1
21001,10.563532,0
21002,10.494173,0
21003,14.542681,1
21004,12.292894,1
21005,9.325807,1
21006,7e-06,0
21007,1e-06,1
21008,17.686123,0
21009,3.4e-05,1
21010,2.9e-05,1
21011,14.486474,1
21012,0.000121,1
21013,10.303299,1
21014,12.154948,0
21015,13.549449,0
21016,10.537729,1
21017,12.73484,1
21018,17.713211,1
21019,14.331459,1
21020,9e-06,1
21021,11.160086,0
21022,5e-06,1
21023,9.1e-05,1
21024,12.329719,0
21025,13.616372,0
21026,8e-06,1
21027,0.000163,1
21028,15.329502,0
21029,9.938816,0
21030,10.890079,0
21031,14.269306,0
21032,10.964033,0
21033,13.028258,0
21034,3.1e-05,1
21035,17.342447,0
21036,10.542319,0
21037,0.000147,1
21038,0.000286,1
21039,10.772912,0
21040,13.285629,1
21041,12.198746,1
21042,4.8e-05,1
21043,11.343452,1
21044,12.882437,0
21045,2e-05,1
21046,9.748075,1
21047,9.362855,0
21048,13.685849,1
21049,0.000326,1
21050,15.789567,1
21051,14.083575,1
21052,12.828572,0
21053,2e-06,0
21054,15.38931,0
21055,11.127397,0
21056,2.7e-05,1
21057,14.131733,1
21058,14.402338,0
21059,13.266015,0
21060,2.2e-05,1
21061,8e-06,1
21062,2e-06,0
21063,15.340464,0
21064,13.824073,1
21065,14.820315,0
21066,12.876733,0
21067,2e-06,1
21068,10.574368,1
21069,1.6e-05,1
21070,1.2e-05,1
21071,14.943552,0
21072,0.000425,1
21073,13.476809,1
21074,14.503166,0
21075,13.199435,0
21076,10.697232,1
21077,9.64314,0
21078,5e-06,1
21079,2.8e-05,1
21080,10.051752,0
21081,11.194098,0
21082,16.125799,0
21083,14.487074,1
21084,1.7e-05,0
21085,7e-06,1
21086,10.905122,1
21087,12.207988,1
21088,13.358474,0
21089,13.42011,1
21090,0.000144,1
21091,15.603415,1
21092,10.234094,1
21093,9.284809,1
21094,13.78377,1
21095,18.228777,1
21096,11.02777,1
21097,6.7e-05,1
21098,10.942722,1
21099,14.838509,0
21100,12.806547,0
21101,3e-06,1
21102,13.714095,1
21103,13.891294,1
21104,12.462755,0
21105,10.945574,0
21106,1.6e-05,1
21107,0.000113,1
21108,12.213429,1
21109,11.474114,1
21110,16.988554,1
21111,10.739014,1
21112,13.728054,1
21113,1.7e-05,0
21114,4e-06,0
21115,11.532997,0
21116,12.181065,1
21117,1.2e-05,1
21118,15.241315,1
21119,12.083482,1
21120,9.839492,1
21121,15.61808,1
21122,12.317543,0
21123,11.777014,0
21124,12.601489,0
21125,12.102967,1
21126,1.6e-05,1
21127,0.000194,1
21128,1e-06,0
21129,9.306744,0
21130,15.938461,1
21131,10.780933,1
21132,11.352464,1
21133,14.777811,0
21134,2e-06,1
21135,1.3e-05,1
21136,10.566134,1
21137,14.40801,1
21138,6e-06,1
21139,13.041373,0
21140,11.264956,1
21141,0.000133,1
21142,16.251575,1
21143,10.717391,0
21144,13.563407,1
21145,11.690117,0
21146,3e-06,0
21147,5e-06,1
21148,13.583294,1
21149,13.889888,1
21150,9.704508,1
21151,16.725849,1
21152,3e-05,0
21153,11.428767,1
21154,4.5e-05,1
21155,5.6e-05,1
21156,11.935288,1
21157,8e-06,1
21158,12.085613,1
21159,5.4e-05,1
21160,4.4e-05,1
21161,2.3e-05,1
21162,9.1e-05,1
21163,11.647273,0
21164,12.687315,0
21165,13.867165,1
21166,12.641146,0
21167,12.602762,1
21168,11.222116,1
21169,6.6e-05,1
21170,11.353476,0
21171,9.624305,0
21172,6e-06,1
21173,12.045858,0
21174,15.465047,1
21175,12.089818,1
21176,12.001448,0
21177,13.186921,0
21178,1.7e-05,1
21179,13.049981,0
21180,10.867492,1
21181,8.4e-05,1
21182,10.785566,0
21183,9.758615,0
21184,17.338127,1
21185,3.7e-05,1
21186,5.2e-05,1
21187,12.016977,0
21188,13.150517,1
21189,15.009339,1
21190,12.968323,1
21191,12.381044,1
21192,6e-06,1
21193,10.442168,1
21194,11.598042,1
21195,0.00012,1
21196,0.0003,1
21197,11.73447,0
21198,3e-05,1
21199,10.397198,0
21200,14.011232,1
21201,0.000162,1
21202,11.029303,0
21203,0.000163,1
21204,12.828648,0
21205,11.53554,0
21206,12.816413,0
21207,3e-06,1
21208,14.162767,1
21209,10.78902,1
21210,13.473563,1
21211,4e-06,0
21212,16.129868,1
21213,0.000138,1
21214,2.1e-05,1
21215,2e-06,1
21216,0.0,1
21217,4.9e-05,1
21218,14.584338,0
21219,13.031569,1
21220,18.04221,1
21221,14.233404,1
21222,11.65175,0
21223,0.00016,1
21224,11.791976,1
21225,15.14961,0
21226,11.443438,0
21227,14.610002,0
21228,5.9e-05,1
21229,12.407881,1
21230,12.58579,0
21231,14.24052,0
21232,11.347838,0
21233,10.845355,0
21234,4e-06,1
21235,0.000432,1
21236,12.532818,0
21237,5e-06,0
21238,11.033072,0
21239,12.119187,0
21240,16.156185,1
21241,1.9e-05,1
21242,16.008827,0
21243,6.1e-05,1
21244,13.432465,1
21245,14.898877,1
21246,3e-05,1
21247,11.680363,0
21248,9.939516,0
21249,14.413772,1
21250,9.186534,0
21251,1e-06,1
21252,9.826986,0
21253,2.9e-05,1
21254,1.5e-05,1
21255,12.028487,0
21256,10.728276,1
21257,14.164064,0
21258,1e-06,0
21259,11.160393,1
21260,12.798102,0
21261,10.535828,0
21262,2e-06,1
21263,11.035728,1
21264,13.384858,1
21265,2.9e-05,1
21266,10.537965,1
21267,11.625178,1
21268,5.3e-05,1
21269,10.812885,1
21270,9.405071,1
21271,4.8e-05,1
21272,9.834938,0
21273,7e-05,1
21274,15.287464,0
21275,10.154991,1
21276,0.000103,1
21277,1.5e-05,1
21278,9e-06,1
21279,2e-06,1
21280,10.571168,1
21281,12.182525,0
21282,9.859611,1
21283,6.9e-05,1
21284,13.566169,1
21285,13.609479,0
21286,1.1e-05,1
21287,1e-06,0
21288,0.0,0
21289,7.9e-05,1
21290,2e-06,1
21291,14.181957,1
21292,3e-06,1
21293,13.846844,1
21294,9e-06,1
21295,8.963916,0
21296,2.7e-05,1
21297,0.000463,1
21298,0.000296,1
21299,12.317294,1
21300,3e-06,1
21301,17.003414,1
21302,1e-06,0
21303,16.011852,1
21304,14.2316,1
21305,9.565451,0
21306,0.000188,1
21307,11.081305,1
21308,3.1e-05,1
21309,6.3e-05,1
21310,10.198513,0
21311,12.394412,1
21312,6e-05,0
21313,11.453574,0
21314,2e-05,1
21315,7e-06,1
21316,8.3e-05,1
21317,13.784324,1
21318,15.673083,1
21319,14.130585,0
21320,9.699731,1
21321,11.996915,1
21322,10.884054,0
21323,13.991457,1
21324,0.000259,1
21325,9.986196,0
21326,11.116697,0
21327,7e-06,1
21328,9.031651,1
21329,12.537926,1
21330,3.8e-05,1
21331,1e-06,0
21332,1.8e-05,1
21333,8.52053,1
21334,10.877344,0
21335,2.3e-05,1
21336,13.919444,1
21337,13.584256,1
21338,1.6e-05,1
21339,10.589556,0
21340,9.388912,0
21341,11.774411,0
21342,12.989975,0
21343,10.187511,0
21344,11.824902,1
21345,10.617073,0
21346,14.725533,0
21347,0.0,0
21348,2.7e-05,1
21349,12.799059,0
21350,14.730095,1
21351,6e-06,0
21352,11.242277,0
21353,9.442515,0
21354,4e-06,1
21355,14.762425,1
21356,15.64254,0
21357,14.539674,1
21358,1e-06,1
21359,17.22266,1
21360,13.30444,0
21361,9.505637,0
21362,6e-06,1
21363,2.9e-05,0
21364,6.1e-05,1
21365,11.451645,0
21366,9.3e-05,1
21367,5.2e-05,1
21368,0.0,1
21369,0.000109,1
21370,1.3e-05,1
21371,13.422498,0
21372,13.205302,1
21373,5e-06,1
21374,1.8e-05,0
21375,13.47145,1
21376,0.000103,1
21377,14.143882,1
21378,1.8e-05,1
21379,0.000292,1
21380,14.662563,1
21381,12.142808,1
21382,15.762054,1
21383,14.095601,1
21384,11.939043,1
21385,12.39597,1
21386,11.318336,0
21387,11.847497,1
21388,13.491654,0
21389,0.000183,1
21390,1.9e-05,1
21391,0.000554,1
21392,14.943636,1
21393,0.000329,1
21394,11.643004,1
21395,13.234115,1
21396,9.577882,0
21397,2e-06,1
21398,12.381314,1
21399,10.640573,0
21400,9.2e-05,1
21401,10.579591,1
21402,10.515937,1
21403,10.472037,1
21404,2.6e-05,1
21405,0.00011,1
21406,3.4e-05,1
21407,9.727944,0
21408,10.876351,1
21409,4.5e-05,0
21410,5.3e-05,1
21411,11.264956,0
21412,15.581061,0
21413,13.680915,0
21414,7e-06,1
21415,17.740593,0
21416,12.913532,1
21417,13.321611,1
21418,5e-06,1
21419,13.489347,1
21420,13.091454,0
21421,13.16598,0
21422,10.29852,0
21423,12.116799,1
21424,3.3e-05,1
21425,4.2e-05,1
21426,13.235758,0
21427,12.995254,0
21428,1.7e-05,0
21429,16.641918,0
21430,0.000175,1
21431,1e-06,0
21432,1.6e-05,1
21433,11.785552,1
21434,15.824586,1
21435,0.000165,1
21436,1e-06,1
21437,12.904028,1
21438,12.743368,1
21439,5e-06,0
21440,10.115409,0
21441,2.2e-05,1
21442,11.056564,1
21443,12.426545,1
21444,16.477053,1
21445,8.8e-05,1
21446,2.1e-05,1
21447,12.904816,0
21448,17.4238,1
21449,3e-06,0
21450,13.227606,1
21451,11.126656,0
21452,9.7e-05,1
21453,13.862728,1
21454,1.3e-05,1
21455,1.3e-05,1
21456,9.896314,0
21457,1.8e-05,1
21458,5e-05,1
21459,14.116628,1
21460,13.17483,1
21461,11.636939,1
21462,14.979827,1
21463,1.1e-05,0
21464,11.248741,0
21465,10.892411,1
21466,10.037659,1
21467,14.914902,1
21468,13.75204,0
21469,13.734075,1
21470,14.62523,1
21471,1e-06,0
21472,12.471894,1
21473,12.785668,1
21474,1.2e-05,1
21475,11.015452,1
21476,2e-06,0
21477,2.1e-05,1
21478,1.4e-05,1
21479,10.663866,0
21480,6e-06,1
21481,0.000356,1
21482,7.2e-05,1
21483,13.090565,1
21484,11.184948,1
21485,18.185833,1
21486,1.7e-05,1
21487,9.642818,0
21488,0.000112,1
21489,1e-06,0
21490,14.954974,1
21491,12.970349,1
21492,16.004848,1
21493,2e-06,0
21494,15.312711,1
21495,10.004632,0
21496,13.670699,1
21497,11.760632,0
21498,11.338931,1
21499,1.6e-05,1
21500,10.980871,1
21501,11.013601,0
21502,16.707273,1
21503,12.007305,0
21504,3.7e-05,1
21505,14.105617,1
21506,11.638545,1
21507,0.00041,1
21508,0.000233,0
21509,12.446805,0
21510,10.346972,0
21511,14.41742,1
21512,0.000165,1
21513,2e-06,1
21514,11.445896,1
21515,12.889883,0
21516,1.3e-05,1
21517,11.07327,1
21518,2.7e-05,1
21519,15.260817,0
21520,12.276133,1
21521,14.347587,1
21522,2e-06,1
21523,11.707084,0
21524,3e-06,1
21525,0.00022,0
21526,13.371817,0
21527,5e-06,1
21528,11.549919,0
21529,2e-06,1
21530,9.7e-05,1
21531,0.00017,1
21532,10.925665,0
21533,15.690277,1
21534,18.338049,1
21535,1e-06,1
21536,12.212372,1
21537,3.5e-05,1
21538,1e-06,1
21539,3.1e-05,0
21540,12.705366,1
21541,8e-06,1
21542,15.169009,1
21543,3e-06,1
21544,6e-06,0
21545,15.22415,0
21546,0.000219,0
21547,12.779112,1
21548,11.697189,0
21549,2.6e-05,1
21550,14.91069,1
21551,1.9e-05,1
21552,4.1e-05,1
21553,0.000156,1
21554,9e-06,0
21555,11.536852,0
21556,5.1e-05,1
21557,15.564001,1
21558,13.612906,1
21559,15.429894,1
21560,3.4e-05,1
21561,17.879107,1
21562,13.633451,0
21563,2e-06,1
21564,1.1e-05,1
21565,15.955886,1
21566,11.251247,0
21567,2.3e-05,1
21568,12.665259,1
21569,10.786221,0
21570,14.123667,0
21571,12.457456,1
21572,8.923553,0
21573,6e-06,1
21574,10.59791,0
21575,6e-06,1
21576,16.271965,0
21577,12.419197,1
21578,16.36417,0
21579,14.8357,1
21580,15.24188,1
21581,10.560456,1
21582,14.072524,0
21583,12.860392,1
21584,11.594188,0
21585,5e-06,0
21586,2.5e-05,1
21587,12.866041,1
21588,3e-06,1
21589,2e-06,0
21590,11.555672,0
21591,0.000102,0
21592,13.638921,1
21593,12.887752,1
21594,6.7e-05,1
21595,12.083078,0
21596,14.108173,0
21597,14.26895,1
21598,2e-06,1
21599,10.252031,0
21600,1.9e-05,1
21601,16.870857,1
21602,10.186583,1
21603,8.2e-05,1
21604,14.748752,0
21605,11.496017,1
21606,10.997287,1
21607,3e-06,1
21608,2.2e-05,1
21609,0.000212,1
21610,14.162824,1
21611,14.433497,1
21612,0.000144,1
21613,13.998079,0
21614,0.000138,1
21615,5.5e-05,1
21616,13.531824,1
21617,13.888219,1
21618,15.201001,1
21619,6.9e-05,1
21620,12.896978,0
21621,10.743392,0
21622,6e-06,1
21623,14.219934,0
21624,5e-06,0
21625,0.000166,0
21626,9.43199,1
21627,2.9e-05,0
21628,0.000121,1
21629,0.000131,1
21630,17.318007,1
21631,0.000647,1
21632,16.171284,1
21633,1.2e-05,0
21634,11.008428,0
21635,12.141018,1
21636,0.000129,0
21637,12.630192,0
21638,13.4602,0
21639,11.500744,1
21640,16.003912,0
21641,13.113873,0
21642,13.302061,0
21643,9.821204,0
21644,13.066237,1
21645,9.518819,0
21646,6.7e-05,1
21647,2e-05,1
21648,11.12166,1
21649,7e-05,1
21650,2.4e-05,1
21651,12.366517,1
21652,11.76838,0
21653,13.50837,1
21654,5.7e-05,1
21655,9.209915,1
21656,6e-06,1
21657,12.664157,1
21658,10.748608,0
21659,9.372313,0
21660,10.109876,1
21661,12.16688,1
21662,12.700315,0
21663,11.237821,1
21664,14.361004,1
21665,2.3e-05,1
21666,12.280823,0
21667,5e-06,1
21668,9.872673,0
21669,11.52564,0
21670,3.7e-05,0
21671,10.691013,1
21672,16.790094,1
21673,17.224707,1
21674,12.722702,0
21675,8.8e-05,1
21676,4.9e-05,1
21677,11.003231,1
21678,4e-06,1
21679,6e-06,0
21680,10.020693,1
21681,12.795494,1
21682,1e-06,0
21683,2e-06,0
21684,11.883866,1
21685,0.000139,1
21686,9.965435,0
21687,12.144748,1
21688,18.251167,1
21689,11.256088,0
21690,17.033659,1
21691,12.915702,1
21692,12.281978,1
21693,1.4e-05,1
21694,13.409718,0
21695,10.953742,1
21696,12.667051,1
21697,2.1e-05,1
21698,0.000219,1
21699,12.783175,1
21700,1.4e-05,1
21701,10.494184,0
21702,2e-06,0
21703,0.000117,1
21704,13.407589,0
21705,12.01788,0
21706,13.775955,1
21707,12.189068,1
21708,13.517871,0
21709,11.486081,0
21710,11.105973,1
21711,9.236007,0
21712,1.3e-05,1
21713,14.37752,0
21714,5.2e-05,1
21715,2.1e-05,1
21716,10.385442,0
21717,12.020096,0
21718,11.583554,0
21719,14.358668,0
21720,11.830101,1
21721,2.9e-05,1
21722,10.676512,1
21723,9e-06,0
21724,13.642141,1
21725,0.000112,1
21726,9.726545,1
21727,13.288546,0
21728,12.097463,0
21729,14.399273,0
21730,0.000226,1
21731,16.8039,0
21732,11.67804,1
21733,10.552058,0
21734,8e-06,1
21735,13.448112,0
21736,10.661886,1
21737,10.411246,0
21738,1.5e-05,1
21739,15.447354,0
21740,2e-06,1
21741,12.363451,1
21742,5e-06,1
21743,12.634388,0
21744,6e-06,1
21745,17.137623,1
21746,1e-06,0
21747,13.834598,0
21748,1.8e-05,1
21749,5e-06,1
21750,0.000223,1
21751,0.000216,1
21752,12.003265,0
21753,11.624811,0
21754,3.4e-05,1
21755,12.262096,1
21756,9e-06,1
21757,8.949486,1
21758,0.000321,1
21759,13.457883,1
21760,12.139087,0
21761,13.175632,1
21762,1.4e-05,1
21763,13.859591,1
21764,12.952669,1
21765,3e-05,0
21766,6.8e-05,1
21767,10.312094,0
21768,11.262233,1
21769,15.437535,1
21770,10.132853,0
21771,0.003874,1
21772,13.130212,1
21773,13.212016,0
21774,10.969798,0
21775,13.076303,1
21776,10.097072,0
21777,0.0,0
21778,4e-06,0
21779,12.368141,0
21780,0.000139,1
21781,2e-05,1
21782,3.7e-05,1
21783,10.102485,0
21784,11.659993,0
21785,4e-06,1
21786,2.2e-05,1
21787,5.3e-05,1
21788,9.582245,0
21789,0.000127,1
21790,11.29773,0
21791,0.000149,1
21792,15.549067,1
21793,11.837183,1
21794,12.250515,1
21795,16.062735,1
21796,16.106646,1
21797,1e-05,0
21798,10.145588,0
21799,14.704011,0
21800,12.017208,0
21801,13.089357,1
21802,6.8e-05,1
21803,1e-05,1
21804,15.146498,1
21805,9.3e-05,1
21806,15.354991,0
21807,14.641454,0
21808,8.982928,0
21809,16.219004,0
21810,15.222775,1
21811,12.967136,1
21812,9.442258,1
21813,3.7e-05,1
21814,12.606275,1
21815,0.000227,1
21816,11.686858,0
21817,15.890919,0
21818,2.7e-05,1
21819,12.654906,0
21820,13.047417,1
21821,12.576566,0
21822,11.89837,1
21823,12.053231,1
21824,11.300032,0
21825,2e-06,0
21826,12.417359,1
21827,8e-06,1
21828,0.000183,1
21829,18.653742,0
21830,2e-06,0
21831,13.059988,1
21832,12.478673,1
21833,5.5e-05,1
21834,12.653929,0
21835,7e-06,0
21836,13.291712,1
21837,13.090652,1
21838,9.129173,1
21839,6e-06,1
21840,11.250955,1
21841,0.000238,1
21842,9.538877,0
21843,8.2e-05,1
21844,9.2e-05,1
21845,3.8e-05,1
21846,12.446568,0
21847,1e-05,0
21848,2.1e-05,1
21849,0.000172,1
21850,1.1e-05,1
21851,10.622758,0
21852,6e-06,0
21853,1.5e-05,1
21854,11.996299,1
21855,12.907551,0
21856,12.73476,0
21857,10.698779,0
21858,1.1e-05,1
21859,9.49095,0
21860,16.362011,0
21861,5.7e-05,1
21862,3e-06,1
21863,2.7e-05,1
21864,11.029111,0
21865,11.6182,0
21866,12.131611,0
21867,14.837263,1
21868,5.7e-05,0
21869,14.012959,1
21870,4e-05,1
21871,1.5e-05,1
21872,12.339414,0
21873,1.4e-05,0
21874,15.935651,1
21875,12.936724,1
21876,13.640872,1
21877,1.9e-05,1
21878,7.5e-05,1
21879,15.385609,1
21880,9.461408,0
21881,0.000313,1
21882,13.019939,0
21883,3.2e-05,1
21884,13.241589,1
21885,8.513052,0
21886,11.58218,1
21887,12.631145,0
21888,12.685976,0
21889,13.534942,1
21890,8e-06,1
21891,3.4e-05,1
21892,0.0,1
21893,13.710624,1
21894,1.2e-05,0
21895,4e-05,1
21896,9e-06,1
21897,8.6e-05,1
21898,9.821403,1
21899,1e-06,1
21900,1e-06,1
21901,17.539368,1
21902,13.164272,1
21903,9.473907,0
21904,9.547932,1
21905,9.25691,0
21906,1e-06,1
21907,3.4e-05,1
21908,10.424909,1
21909,3e-06,1
21910,1.2e-05,1
21911,1.8e-05,1
21912,2e-06,0
21913,13.655135,1
21914,2e-05,1
21915,9e-06,1
21916,5e-06,0
21917,11.293735,0
21918,7e-06,1
21919,13.207547,1
21920,11.923666,1
21921,14.473562,1
21922,0.0,1
21923,11.667583,1
21924,3.6e-05,1
21925,10.532367,1
21926,5.6e-05,1
21927,2e-06,0
21928,10.436297,1
21929,9.605023,0
21930,8e-06,1
21931,14.687359,0
21932,12.607519,1
21933,4e-06,1
21934,4.2e-05,1
21935,3e-06,0
21936,1e-05,0
21937,18.205807,1
21938,10.494663,0
21939,11.759163,0
21940,10.934616,1
21941,12.211526,0
21942,15.095373,0
21943,9e-06,1
21944,10.787826,1
21945,16.04418,1
21946,13.951791,0
21947,13.423406,0
21948,7.5e-05,1
21949,16.40041,1
21950,13.748921,0
21951,3.7e-05,1
21952,6e-06,0
21953,1e-06,0
21954,15.005843,1
21955,6.1e-05,1
21956,14.667026,1
21957,7e-06,1
21958,12.649155,1
21959,15.328745,0
21960,11.048304,0
21961,10.896195,0
21962,10.1398,0
21963,14.084321,1
21964,15.722242,1
21965,11.751072,0
21966,2.2e-05,1
21967,2.3e-05,1
21968,10.423758,0
21969,13.832028,0
21970,1e-06,1
21971,8e-06,0
21972,2.4e-05,0
21973,10.424223,0
21974,13.960163,1
21975,12.318492,0
21976,6e-05,1
21977,2e-06,0
21978,1e-06,1
21979,8.926804,0
21980,12.850911,0
21981,9.7e-05,1
21982,14.831253,1
21983,10.390884,0
21984,11.113553,0
21985,10.206759,1
21986,9.170261,0
21987,14.954299,1
21988,0.000474,1
21989,2e-06,0
21990,15.56128,1
21991,7e-06,0
21992,11.630013,0
21993,6.5e-05,1
21994,1.3e-05,1
21995,13.287252,0
21996,5e-06,0
21997,9e-06,1
21998,2e-05,1
21999,10.814989,0
22000,5e-06,1
22001,1e-06,1
22002,10.383168,0
22003,17.137253,1
22004,8.5e-05,1
22005,10.209404,0
22006,12.712462,1
22007,12.263945,1
22008,11.741655,0
22009,0.0,0
22010,9.441307,0
22011,11.986743,0
22012,2.9e-05,1
22013,4.7e-05,1
22014,3e-06,0
22015,13.623275,1
22016,1e-06,0
22017,12.300614,1
22018,10.024582,0
22019,18.005051,1
22020,3e-06,1
22021,4e-06,1
22022,5e-06,0
22023,14.802737,0
22024,1.8e-05,1
22025,11.977333,1
22026,13.56831,1
22027,11.584789,1
22028,7.7e-05,1
22029,12.265328,0
22030,1.5e-05,0
22031,11.732671,0
22032,10.683251,0
22033,11.593383,1
22034,11.79185,0
22035,11.70392,1
22036,3.5e-05,1
22037,1e-06,1
22038,11.360365,0
22039,16.063913,1
22040,6.1e-05,1
22041,6.5e-05,1
22042,11.745293,1
22043,12.811977,1
22044,15.090636,1
22045,14.540573,0
22046,12.188066,0
22047,2.8e-05,1
22048,7.8e-05,1
22049,10.017942,1
22050,15.503844,0
22051,14.579247,0
22052,12.953709,0
22053,4.2e-05,1
22054,10.610721,0
22055,11.179611,0
22056,11.389913,1
22057,1e-06,1
22058,11.388791,1
22059,12.023227,0
22060,8e-06,0
22061,14.536172,1
22062,4e-06,0
22063,13.27145,1
22064,15.821401,0
22065,15.213557,1
22066,4.5e-05,1
22067,13.085324,0
22068,3.8e-05,0
22069,5e-06,0
22070,5e-06,1
22071,12.290074,0
22072,10.80899,0
22073,12.378052,0
22074,15.200057,1
22075,11.366823,0
22076,5e-06,0
22077,3e-06,1
22078,14.281956,1
22079,6e-06,1
22080,2.8e-05,1
22081,13.855672,1
22082,11.18855,1
22083,14.379998,1
22084,2.8e-05,1
22085,9.049943,1
22086,2e-06,0
22087,5.1e-05,1
22088,8e-06,1
22089,11.12203,1
22090,15.80081,1
22091,0.000122,1
22092,12.850555,1
22093,14.758944,1
22094,2.7e-05,1
22095,12.015201,1
22096,11.310148,0
22097,9.467757,0
22098,1.4e-05,0
22099,15.597537,1
22100,0.000143,1
22101,2.9e-05,1
22102,4e-06,1
22103,10.650508,0
22104,0.0,0
22105,14.272308,1
22106,12.868494,1
22107,0.000275,1
22108,11.573881,0
22109,3.5e-05,1
22110,12.14752,1
22111,13.929601,1
22112,11.635279,0
22113,6e-06,0
22114,15.820086,1
22115,0.0001,1
22116,1.7e-05,1
22117,0.000118,1
22118,14.986525,0
22119,10.421261,0
22120,1.8e-05,1
22121,4.2e-05,1
22122,9.391557,0
22123,13.608615,0
22124,8e-06,0
22125,10.356495,0
22126,11.873831,1
22127,10.705284,0
22128,10.890003,1
22129,0.000198,1
22130,12.553502,1
22131,14.282122,1
22132,6.1e-05,1
22133,7e-06,1
22134,12.234035,0
22135,13.914718,1
22136,3.4e-05,1
22137,3e-05,1
22138,14.256363,1
22139,9.278227,0
22140,16.98354,1
22141,14.261362,1
22142,11.576141,0
22143,14.705513,1
22144,4e-06,1
22145,9.951635,0
22146,9.473071,0
22147,8.009079,1
22148,9.578548,0
22149,4e-06,1
22150,3.1e-05,1
22151,1e-06,0
22152,3.4e-05,1
22153,2.8e-05,1
22154,13.515971,0
22155,6e-06,1
22156,11.408134,0
22157,11.915617,1
22158,7.9e-05,1
22159,4.1e-05,1
22160,10.404611,0
22161,10.846415,1
22162,4e-06,0
22163,0.000143,1
22164,0.000106,1
22165,13.426109,0
22166,7e-06,0
22167,12.850019,0
22168,13.372999,0
22169,12.061562,0
22170,11.101632,0
22171,12.279164,1
22172,9.7e-05,1
22173,13.017266,1
22174,8.5e-05,1
22175,12.698774,0
22176,2e-06,1
22177,1.5e-05,1
22178,4.6e-05,0
22179,1e-06,0
22180,13.686767,0
22181,3.8e-05,1
22182,11.900706,0
22183,13.383107,0
22184,0.0,0
22185,12.533361,0
22186,14.974386,0
22187,11.969709,1
22188,8e-06,1
22189,10.908281,1
22190,2e-06,1
22191,9e-06,1
22192,3.6e-05,1
22193,2.4e-05,1
22194,11.354178,1
22195,9.76592,0
22196,11.803799,1
22197,6e-06,1
22198,13.499085,1
22199,15.211983,1
22200,16.702427,1
22201,2.2e-05,1
22202,14.038009,1
22203,13.277363,0
22204,2.9e-05,1
22205,1e-05,1
22206,9.793518,0
22207,10.114388,1
22208,12.604965,0
22209,0.000133,1
22210,11.408465,0
22211,12.249277,0
22212,2e-06,1
22213,2.3e-05,1
22214,1e-06,0
22215,5e-06,1
22216,10.987194,1
22217,3.1e-05,1
22218,0.000386,1
22219,15.131605,1
22220,11.395793,0
22221,13.508077,1
22222,4e-06,1
22223,10.025724,1
22224,12.931734,1
22225,11.353452,0
22226,14.300679,1
22227,6e-06,0
22228,0.000119,1
22229,1.3e-05,0
22230,12.280716,1
22231,15.171431,0
22232,5e-06,1
22233,9.626584,0
22234,1.1e-05,1
22235,11.46904,0
22236,14.852372,1
22237,0.000148,1
22238,0.0,0
22239,11.321251,0
22240,9e-06,1
22241,14.656277,0
22242,15.482663,1
22243,9.063301,0
22244,14.439603,1
22245,7e-06,1
22246,11.874589,1
22247,8e-06,1
22248,2e-05,1
22249,15.322993,0
22250,1e-06,1
22251,4e-06,1
22252,1.6e-05,1
22253,14.783648,0
22254,4.5e-05,1
22255,14.592328,1
22256,11.913327,0
22257,12.830883,1
22258,0.0,1
22259,11.270844,0
22260,1e-06,1
22261,3e-06,1
22262,14.822927,1
22263,16.720535,1
22264,4.8e-05,1
22265,13.019951,0
22266,13.402704,0
22267,0.001026,1
22268,14.099479,0
22269,14.872637,1
22270,15.041858,1
22271,4e-06,0
22272,9.146254,0
22273,3e-06,1
22274,2e-06,1
22275,9.763792,1
22276,11.535658,0
22277,2.4e-05,1
22278,11.601451,1
22279,15.369794,1
22280,1.2e-05,1
22281,13.758499,1
22282,1e-05,1
22283,10.533639,0
22284,17.433207,1
22285,9.635798,0
22286,12.347642,1
22287,13.855166,0
22288,2.8e-05,1
22289,11.961138,1
22290,11.119116,1
22291,9.383362,0
22292,0.000463,1
22293,9.711209,1
22294,11.895357,1
22295,2.6e-05,1
22296,14.332237,0
22297,11.56744,0
22298,15.361212,1
22299,15.293787,1
22300,12.639823,1
22301,9.169322,1
22302,7e-06,1
22303,9.772033,0
22304,2e-06,1
22305,12.353314,1
22306,4.7e-05,1
22307,11.23373,1
22308,13.2216,1
22309,2.5e-05,1
22310,10.467766,0
22311,12.687472,0
22312,2e-06,0
22313,10.23104,1
22314,8e-05,1
22315,11.238088,0
22316,8e-06,1
22317,11.264613,1
22318,12.138063,0
22319,14.517356,1
22320,0.000204,1
22321,12.503557,0
22322,12.737118,0
22323,1e-05,1
22324,0.000162,1
22325,5e-06,1
22326,10.822934,0
22327,1e-05,1
22328,10.802476,1
22329,9e-06,0
22330,4e-06,0
22331,9.743033,1
22332,10.472879,0
22333,10.409733,0
22334,10.201256,0
22335,7e-06,0
22336,1.8e-05,1
22337,4e-06,0
22338,11.610817,0
22339,12.36678,0
22340,6e-06,1
22341,14.553361,1
22342,11.946793,1
22343,11.699426,1
22344,1e-05,0
22345,10.57165,1
22346,0.000181,1
22347,6e-05,1
22348,0.000104,1
22349,13.246377,1
22350,15.514979,0
22351,2e-06,0
22352,12.473477,0
22353,6.1e-05,1
22354,3.5e-05,1
22355,10.774588,1
22356,10.999143,1
22357,10.030379,0
22358,7.2e-05,1
22359,11.323882,0
22360,15.506114,1
22361,12.186339,1
22362,2.1e-05,1
22363,10.634273,0
22364,14.213959,1
22365,12.685394,0
22366,15.898282,0
22367,11.865799,1
22368,12.043916,0
22369,10.508965,1
22370,13.686446,1
22371,0.000157,1
22372,1e-06,1
22373,2.5e-05,1
22374,12.420534,1
22375,12.624946,1
22376,15.435757,0
22377,14.224336,1
22378,14.227607,1
22379,15.235826,0
22380,1.2e-05,1
22381,12.070086,1
22382,11.160194,1
22383,10.594319,1
22384,15.612154,1
22385,15.554057,1
22386,12.839086,1
22387,1.2e-05,1
22388,8.4e-05,1
22389,13.277658,1
22390,11.020191,0
22391,15.439443,1
22392,11.13608,1
22393,1.6e-05,1
22394,14.821676,1
22395,10.279266,0
22396,4e-06,1
22397,14.702065,1
22398,0.000101,1
22399,13.317896,1
22400,12.86078,0
22401,0.000242,1
22402,15.996222,1
22403,0.000699,1
22404,11.577302,1
22405,2.9e-05,1
22406,8.6e-05,1
22407,11.225441,1
22408,16.203072,1
22409,2.6e-05,1
22410,12.20457,0
22411,2.5e-05,1
22412,10.047644,1
22413,1e-06,1
22414,15.623101,1
22415,6.5e-05,0
22416,14.730565,1
22417,3.5e-05,0
22418,13.42042,1
22419,0.000693,1
22420,9.124819,0
22421,11.797123,0
22422,3.6e-05,1
22423,9.4e-05,0
22424,10.897425,1
22425,16.41124,1
22426,6e-06,0
22427,9.05066,1
22428,0.0,0
22429,5.6e-05,1
22430,11.479149,1
22431,12.185732,1
22432,12.784006,1
22433,5.6e-05,1
22434,13.458936,0
22435,1.8e-05,1
22436,9.69768,1
22437,3e-06,0
22438,11.420351,0
22439,1e-06,1
22440,0.000101,0
22441,0.000296,1
22442,13.306964,0
22443,0.000111,1
22444,13.651738,0
22445,9.958292,1
22446,14.064639,1
22447,15.896302,0
22448,12.745035,1
22449,12.617903,0
22450,3e-06,0
22451,11.775504,1
22452,0.000331,1
22453,13.999249,1
22454,12.378013,0
22455,11.833144,1
22456,11.750128,0
22457,5.8e-05,1
22458,11.995901,1
22459,1.5e-05,1
22460,13.467488,1
22461,15.21541,1
22462,7.1e-05,1
22463,12.107452,0
22464,12.5337,1
22465,5e-06,1
22466,1.4e-05,1
22467,16.965046,1
22468,13.296305,1
22469,16.932562,1
22470,10.635905,1
22471,0.000173,1
22472,15.647072,1
22473,11.577641,1
22474,12.61043,1
22475,14.294407,0
22476,3e-06,0
22477,13.575647,1
22478,13.849016,1
22479,11.629235,1
22480,1.6e-05,1
22481,11.824821,0
22482,14.615439,1
22483,16.511139,1
22484,1e-06,0
22485,16.382992,1
22486,12.161917,1
22487,13.677799,1
22488,4.4e-05,1
22489,17.036135,1
22490,4.9e-05,1
22491,10.825332,1
22492,3.6e-05,1
22493,11.263912,0
22494,2e-06,1
22495,12.249351,1
22496,11.164059,0
22497,15.224808,1
22498,12.326341,1
22499,12.699213,1
