[23:08:30] gpu 1: gu_low seed 0 -> ../logs/coteaching_v3/gu_low__seed0.log
/path/to/ciln-workspace/venv/lib/python3.12/site-packages/torchvision/datasets/cifar.py:83: VisibleDeprecationWarning: dtype(): align should be passed as Python or NumPy boolean but got `align=0`. Did you mean to pass a tuple to create a subarray type? (Deprecated NumPy 2.4)
  entry = pickle.load(f, encoding="latin1")
condition=gu_low seed=0 gpu=1
  ep   0: R(t)=1.000  l1=1.884  l2=1.895  acc1=34.26%  acc2=34.44%  ens=34.35%  (best 34.35 @ ep 0)  [7.4s]
  ep   1: R(t)=0.966  l1=1.520  l2=1.541  acc1=42.40%  acc2=42.69%  ens=42.55%  (best 42.55 @ ep 1)  [6.1s]
  ep   2: R(t)=0.952  l1=1.279  l2=1.319  acc1=46.01%  acc2=42.63%  ens=44.32%  (best 44.32 @ ep 2)  [6.1s]
  ep   3: R(t)=0.942  l1=1.092  l2=1.111  acc1=55.95%  acc2=51.64%  ens=53.79%  (best 53.79 @ ep 3)  [5.9s]
  ep   4: R(t)=0.933  l1=0.934  l2=0.936  acc1=58.08%  acc2=55.46%  ens=56.77%  (best 56.77 @ ep 4)  [6.1s]
  ep   5: R(t)=0.925  l1=0.843  l2=0.846  acc1=49.39%  acc2=51.69%  ens=50.54%  (best 56.77 @ ep 4)  [13.1s]
  ep   6: R(t)=0.918  l1=0.772  l2=0.770  acc1=59.49%  acc2=55.48%  ens=57.48%  (best 57.48 @ ep 6)  [14.9s]
  ep   7: R(t)=0.911  l1=0.719  l2=0.726  acc1=59.63%  acc2=54.75%  ens=57.19%  (best 57.48 @ ep 6)  [12.4s]
  ep   8: R(t)=0.905  l1=0.653  l2=0.665  acc1=59.29%  acc2=62.08%  ens=60.69%  (best 60.69 @ ep 8)  [6.1s]
  ep   9: R(t)=0.899  l1=0.615  l2=0.619  acc1=67.11%  acc2=63.56%  ens=65.34%  (best 65.34 @ ep 9)  [6.2s]
  ep  10: R(t)=0.894  l1=0.563  l2=0.566  acc1=67.12%  acc2=68.18%  ens=67.65%  (best 67.65 @ ep 10)  [6.0s]
  ep  11: R(t)=0.894  l1=0.534  l2=0.537  acc1=68.50%  acc2=63.59%  ens=66.05%  (best 67.65 @ ep 10)  [6.1s]
  ep  12: R(t)=0.894  l1=0.503  l2=0.509  acc1=68.10%  acc2=65.39%  ens=66.75%  (best 67.65 @ ep 10)  [6.2s]
  ep  13: R(t)=0.894  l1=0.507  l2=0.501  acc1=61.54%  acc2=54.89%  ens=58.21%  (best 67.65 @ ep 10)  [6.0s]
  ep  14: R(t)=0.894  l1=0.462  l2=0.469  acc1=72.12%  acc2=68.46%  ens=70.29%  (best 70.29 @ ep 14)  [6.0s]
  ep  15: R(t)=0.894  l1=0.473  l2=0.470  acc1=66.88%  acc2=55.10%  ens=60.99%  (best 70.29 @ ep 14)  [5.8s]
  ep  16: R(t)=0.894  l1=0.438  l2=0.446  acc1=69.12%  acc2=67.06%  ens=68.09%  (best 70.29 @ ep 14)  [6.1s]
  ep  17: R(t)=0.894  l1=0.430  l2=0.434  acc1=71.07%  acc2=61.85%  ens=66.46%  (best 70.29 @ ep 14)  [6.6s]
  ep  18: R(t)=0.894  l1=0.421  l2=0.420  acc1=74.24%  acc2=69.92%  ens=72.08%  (best 72.08 @ ep 18)  [15.1s]
  ep  19: R(t)=0.894  l1=0.413  l2=0.411  acc1=70.79%  acc2=73.63%  ens=72.21%  (best 72.21 @ ep 19)  [14.7s]
  ep  20: R(t)=0.894  l1=0.397  l2=0.408  acc1=70.78%  acc2=68.52%  ens=69.65%  (best 72.21 @ ep 19)  [10.0s]
  ep  21: R(t)=0.894  l1=0.388  l2=0.399  acc1=74.20%  acc2=73.24%  ens=73.72%  (best 73.72 @ ep 21)  [6.1s]
  ep  22: R(t)=0.894  l1=0.394  l2=0.387  acc1=71.68%  acc2=72.97%  ens=72.32%  (best 73.72 @ ep 21)  [6.1s]
  ep  23: R(t)=0.894  l1=0.372  l2=0.382  acc1=74.99%  acc2=72.22%  ens=73.61%  (best 73.72 @ ep 21)  [5.9s]
  ep  24: R(t)=0.894  l1=0.372  l2=0.376  acc1=69.35%  acc2=70.52%  ens=69.94%  (best 73.72 @ ep 21)  [6.1s]
  ep  25: R(t)=0.894  l1=0.365  l2=0.365  acc1=70.61%  acc2=71.26%  ens=70.93%  (best 73.72 @ ep 21)  [5.8s]
  ep  26: R(t)=0.894  l1=0.358  l2=0.359  acc1=69.36%  acc2=63.57%  ens=66.47%  (best 73.72 @ ep 21)  [6.1s]
  ep  27: R(t)=0.894  l1=0.359  l2=0.355  acc1=73.98%  acc2=77.18%  ens=75.58%  (best 75.58 @ ep 27)  [6.0s]
  ep  28: R(t)=0.894  l1=0.343  l2=0.338  acc1=71.34%  acc2=72.98%  ens=72.16%  (best 75.58 @ ep 27)  [5.9s]
  ep  29: R(t)=0.894  l1=0.344  l2=0.343  acc1=72.83%  acc2=72.87%  ens=72.85%  (best 75.58 @ ep 27)  [5.7s]
  ep  30: R(t)=0.894  l1=0.332  l2=0.340  acc1=71.60%  acc2=72.65%  ens=72.12%  (best 75.58 @ ep 27)  [9.3s]
  ep  31: R(t)=0.894  l1=0.338  l2=0.345  acc1=77.10%  acc2=69.74%  ens=73.42%  (best 75.58 @ ep 27)  [16.6s]
  ep  32: R(t)=0.894  l1=0.328  l2=0.332  acc1=74.63%  acc2=69.87%  ens=72.25%  (best 75.58 @ ep 27)  [15.0s]
  ep  33: R(t)=0.894  l1=0.322  l2=0.324  acc1=74.01%  acc2=71.74%  ens=72.88%  (best 75.58 @ ep 27)  [6.1s]
  ep  34: R(t)=0.894  l1=0.316  l2=0.314  acc1=75.13%  acc2=77.96%  ens=76.55%  (best 76.55 @ ep 34)  [5.9s]
  ep  35: R(t)=0.894  l1=0.311  l2=0.314  acc1=75.68%  acc2=72.99%  ens=74.33%  (best 76.55 @ ep 34)  [6.1s]
  ep  36: R(t)=0.894  l1=0.312  l2=0.307  acc1=74.64%  acc2=75.26%  ens=74.95%  (best 76.55 @ ep 34)  [5.9s]
  ep  37: R(t)=0.894  l1=0.296  l2=0.301  acc1=74.52%  acc2=76.65%  ens=75.58%  (best 76.55 @ ep 34)  [5.9s]
  ep  38: R(t)=0.894  l1=0.298  l2=0.296  acc1=73.98%  acc2=73.87%  ens=73.92%  (best 76.55 @ ep 34)  [6.1s]
  ep  39: R(t)=0.894  l1=0.292  l2=0.287  acc1=71.77%  acc2=74.46%  ens=73.11%  (best 76.55 @ ep 34)  [5.9s]
  ep  40: R(t)=0.894  l1=0.277  l2=0.286  acc1=76.93%  acc2=76.90%  ens=76.92%  (best 76.92 @ ep 40)  [5.8s]
  ep  41: R(t)=0.894  l1=0.277  l2=0.285  acc1=75.75%  acc2=75.58%  ens=75.67%  (best 76.92 @ ep 40)  [6.2s]
  ep  42: R(t)=0.894  l1=0.281  l2=0.281  acc1=75.10%  acc2=76.74%  ens=75.92%  (best 76.92 @ ep 40)  [6.1s]
  ep  43: R(t)=0.894  l1=0.271  l2=0.269  acc1=75.92%  acc2=76.12%  ens=76.02%  (best 76.92 @ ep 40)  [14.2s]
  ep  44: R(t)=0.894  l1=0.269  l2=0.263  acc1=76.84%  acc2=76.61%  ens=76.72%  (best 76.92 @ ep 40)  [13.6s]
  ep  45: R(t)=0.894  l1=0.254  l2=0.256  acc1=77.24%  acc2=79.13%  ens=78.18%  (best 78.18 @ ep 45)  [6.0s]
  ep  46: R(t)=0.894  l1=0.264  l2=0.252  acc1=78.36%  acc2=79.81%  ens=79.09%  (best 79.09 @ ep 46)  [6.0s]
  ep  47: R(t)=0.894  l1=0.243  l2=0.242  acc1=76.34%  acc2=75.04%  ens=75.69%  (best 79.09 @ ep 46)  [5.8s]
  ep  48: R(t)=0.894  l1=0.248  l2=0.248  acc1=75.06%  acc2=75.47%  ens=75.27%  (best 79.09 @ ep 46)  [6.2s]
  ep  49: R(t)=0.894  l1=0.239  l2=0.239  acc1=78.46%  acc2=78.21%  ens=78.33%  (best 79.09 @ ep 46)  [6.2s]
  ep  50: R(t)=0.894  l1=0.230  l2=0.233  acc1=74.95%  acc2=78.71%  ens=76.83%  (best 79.09 @ ep 46)  [6.0s]
  ep  51: R(t)=0.894  l1=0.231  l2=0.229  acc1=77.01%  acc2=80.64%  ens=78.83%  (best 79.09 @ ep 46)  [6.1s]
  ep  52: R(t)=0.894  l1=0.218  l2=0.215  acc1=79.22%  acc2=79.41%  ens=79.31%  (best 79.31 @ ep 52)  [6.1s]
  ep  53: R(t)=0.894  l1=0.215  l2=0.209  acc1=79.09%  acc2=78.07%  ens=78.58%  (best 79.31 @ ep 52)  [5.9s]
  ep  54: R(t)=0.894  l1=0.212  l2=0.206  acc1=80.73%  acc2=77.92%  ens=79.33%  (best 79.33 @ ep 54)  [7.4s]
  ep  55: R(t)=0.894  l1=0.204  l2=0.206  acc1=78.84%  acc2=78.32%  ens=78.58%  (best 79.33 @ ep 54)  [8.2s]
  ep  56: R(t)=0.894  l1=0.198  l2=0.202  acc1=80.59%  acc2=80.03%  ens=80.31%  (best 80.31 @ ep 56)  [5.8s]
  ep  57: R(t)=0.894  l1=0.190  l2=0.189  acc1=79.23%  acc2=78.09%  ens=78.66%  (best 80.31 @ ep 56)  [6.0s]
  ep  58: R(t)=0.894  l1=0.192  l2=0.191  acc1=79.65%  acc2=79.50%  ens=79.57%  (best 80.31 @ ep 56)  [6.1s]
  ep  59: R(t)=0.894  l1=0.179  l2=0.181  acc1=81.00%  acc2=82.32%  ens=81.66%  (best 81.66 @ ep 59)  [5.9s]
  ep  60: R(t)=0.894  l1=0.178  l2=0.177  acc1=79.89%  acc2=80.46%  ens=80.17%  (best 81.66 @ ep 59)  [6.3s]
  ep  61: R(t)=0.894  l1=0.175  l2=0.162  acc1=80.07%  acc2=80.25%  ens=80.16%  (best 81.66 @ ep 59)  [6.1s]
  ep  62: R(t)=0.894  l1=0.164  l2=0.166  acc1=79.62%  acc2=81.72%  ens=80.67%  (best 81.66 @ ep 59)  [6.2s]
  ep  63: R(t)=0.894  l1=0.156  l2=0.155  acc1=80.86%  acc2=82.08%  ens=81.47%  (best 81.66 @ ep 59)  [6.0s]
  ep  64: R(t)=0.894  l1=0.151  l2=0.148  acc1=80.57%  acc2=80.94%  ens=80.75%  (best 81.66 @ ep 59)  [6.0s]
  ep  65: R(t)=0.894  l1=0.155  l2=0.149  acc1=81.12%  acc2=80.73%  ens=80.92%  (best 81.66 @ ep 59)  [8.0s]
  ep  66: R(t)=0.894  l1=0.138  l2=0.140  acc1=81.79%  acc2=82.97%  ens=82.38%  (best 82.38 @ ep 66)  [14.5s]
  ep  67: R(t)=0.894  l1=0.132  l2=0.130  acc1=80.76%  acc2=81.85%  ens=81.31%  (best 82.38 @ ep 66)  [13.7s]
  ep  68: R(t)=0.894  l1=0.129  l2=0.126  acc1=81.20%  acc2=81.08%  ens=81.14%  (best 82.38 @ ep 66)  [5.8s]
  ep  69: R(t)=0.894  l1=0.128  l2=0.114  acc1=81.75%  acc2=82.06%  ens=81.91%  (best 82.38 @ ep 66)  [6.1s]
  ep  70: R(t)=0.894  l1=0.113  l2=0.111  acc1=83.13%  acc2=83.13%  ens=83.13%  (best 83.13 @ ep 70)  [5.8s]
  ep  71: R(t)=0.894  l1=0.111  l2=0.104  acc1=81.87%  acc2=82.60%  ens=82.23%  (best 83.13 @ ep 70)  [5.9s]
  ep  72: R(t)=0.894  l1=0.107  l2=0.103  acc1=82.98%  acc2=81.30%  ens=82.14%  (best 83.13 @ ep 70)  [6.0s]
  ep  73: R(t)=0.894  l1=0.097  l2=0.091  acc1=83.99%  acc2=82.83%  ens=83.41%  (best 83.41 @ ep 73)  [6.0s]
  ep  74: R(t)=0.894  l1=0.089  l2=0.088  acc1=84.12%  acc2=83.34%  ens=83.73%  (best 83.73 @ ep 74)  [5.9s]
  ep  75: R(t)=0.894  l1=0.081  l2=0.078  acc1=83.49%  acc2=83.87%  ens=83.68%  (best 83.73 @ ep 74)  [6.1s]
  ep  76: R(t)=0.894  l1=0.076  l2=0.083  acc1=83.97%  acc2=83.52%  ens=83.75%  (best 83.75 @ ep 76)  [6.0s]
  ep  77: R(t)=0.894  l1=0.069  l2=0.072  acc1=84.02%  acc2=84.35%  ens=84.19%  (best 84.19 @ ep 77)  [6.1s]
  ep  78: R(t)=0.894  l1=0.062  l2=0.061  acc1=83.83%  acc2=84.34%  ens=84.09%  (best 84.19 @ ep 77)  [11.9s]
  ep  79: R(t)=0.894  l1=0.055  l2=0.057  acc1=84.02%  acc2=84.28%  ens=84.15%  (best 84.19 @ ep 77)  [16.0s]
  ep  80: R(t)=0.894  l1=0.060  l2=0.055  acc1=84.11%  acc2=84.04%  ens=84.08%  (best 84.19 @ ep 77)  [14.6s]
  ep  81: R(t)=0.894  l1=0.051  l2=0.052  acc1=84.73%  acc2=84.45%  ens=84.59%  (best 84.59 @ ep 81)  [6.0s]
  ep  82: R(t)=0.894  l1=0.048  l2=0.045  acc1=84.51%  acc2=84.85%  ens=84.68%  (best 84.68 @ ep 82)  [5.8s]
  ep  83: R(t)=0.894  l1=0.041  l2=0.043  acc1=84.43%  acc2=84.83%  ens=84.63%  (best 84.68 @ ep 82)  [5.9s]
  ep  84: R(t)=0.894  l1=0.039  l2=0.038  acc1=84.94%  acc2=84.25%  ens=84.59%  (best 84.68 @ ep 82)  [6.0s]
  ep  85: R(t)=0.894  l1=0.038  l2=0.035  acc1=84.79%  acc2=84.77%  ens=84.78%  (best 84.78 @ ep 85)  [6.1s]
  ep  86: R(t)=0.894  l1=0.031  l2=0.031  acc1=84.76%  acc2=84.71%  ens=84.73%  (best 84.78 @ ep 85)  [5.9s]
  ep  87: R(t)=0.894  l1=0.032  l2=0.031  acc1=84.97%  acc2=84.98%  ens=84.97%  (best 84.97 @ ep 87)  [6.0s]
  ep  88: R(t)=0.894  l1=0.031  l2=0.029  acc1=85.00%  acc2=85.10%  ens=85.05%  (best 85.05 @ ep 88)  [6.0s]
  ep  89: R(t)=0.894  l1=0.029  l2=0.026  acc1=85.00%  acc2=85.23%  ens=85.11%  (best 85.11 @ ep 89)  [6.0s]
  ep  90: R(t)=0.894  l1=0.026  l2=0.026  acc1=85.02%  acc2=85.05%  ens=85.03%  (best 85.11 @ ep 89)  [5.9s]
  ep  91: R(t)=0.894  l1=0.026  l2=0.025  acc1=85.07%  acc2=85.40%  ens=85.23%  (best 85.23 @ ep 91)  [10.5s]
  ep  92: R(t)=0.894  l1=0.026  l2=0.024  acc1=85.14%  acc2=85.20%  ens=85.17%  (best 85.23 @ ep 91)  [13.8s]
  ep  93: R(t)=0.894  l1=0.023  l2=0.022  acc1=85.18%  acc2=85.27%  ens=85.22%  (best 85.23 @ ep 91)  [5.9s]
  ep  94: R(t)=0.894  l1=0.022  l2=0.022  acc1=85.19%  acc2=85.27%  ens=85.23%  (best 85.23 @ ep 91)  [6.1s]
  ep  95: R(t)=0.894  l1=0.022  l2=0.022  acc1=85.17%  acc2=85.33%  ens=85.25%  (best 85.25 @ ep 95)  [6.0s]
  ep  96: R(t)=0.894  l1=0.021  l2=0.020  acc1=85.22%  acc2=85.34%  ens=85.28%  (best 85.28 @ ep 96)  [5.8s]
  ep  97: R(t)=0.894  l1=0.024  l2=0.021  acc1=85.24%  acc2=85.29%  ens=85.27%  (best 85.28 @ ep 96)  [6.0s]
  ep  98: R(t)=0.894  l1=0.021  l2=0.018  acc1=85.13%  acc2=85.36%  ens=85.24%  (best 85.28 @ ep 96)  [5.9s]
  ep  99: R(t)=0.894  l1=0.021  l2=0.019  acc1=85.14%  acc2=85.32%  ens=85.23%  (best 85.28 @ ep 96)  [6.0s]

saved /path/to/ciln-workspace/journal_edition/robustness_transfer/results_v3/coteaching/gu_low__seed0.json: best ens-acc 85.28% @ ep 96
[23:21:01] gpu 1: gu_low seed 1 -> ../logs/coteaching_v3/gu_low__seed1.log
/path/to/ciln-workspace/venv/lib/python3.12/site-packages/torchvision/datasets/cifar.py:83: VisibleDeprecationWarning: dtype(): align should be passed as Python or NumPy boolean but got `align=0`. Did you mean to pass a tuple to create a subarray type? (Deprecated NumPy 2.4)
  entry = pickle.load(f, encoding="latin1")
condition=gu_low seed=1 gpu=1
  ep   0: R(t)=1.000  l1=1.876  l2=1.878  acc1=35.13%  acc2=31.92%  ens=33.52%  (best 33.52 @ ep 0)  [7.1s]
  ep   1: R(t)=0.966  l1=1.517  l2=1.512  acc1=41.77%  acc2=39.04%  ens=40.41%  (best 40.41 @ ep 1)  [12.0s]
  ep   2: R(t)=0.952  l1=1.234  l2=1.258  acc1=45.86%  acc2=54.24%  ens=50.05%  (best 50.05 @ ep 2)  [15.1s]
  ep   3: R(t)=0.942  l1=1.032  l2=1.032  acc1=55.11%  acc2=53.73%  ens=54.42%  (best 54.42 @ ep 3)  [17.0s]
  ep   4: R(t)=0.933  l1=0.898  l2=0.902  acc1=49.61%  acc2=53.75%  ens=51.68%  (best 54.42 @ ep 3)  [5.9s]
  ep   5: R(t)=0.925  l1=0.791  l2=0.790  acc1=59.20%  acc2=66.06%  ens=62.63%  (best 62.63 @ ep 5)  [5.7s]
  ep   6: R(t)=0.918  l1=0.731  l2=0.718  acc1=59.82%  acc2=60.30%  ens=60.06%  (best 62.63 @ ep 5)  [6.2s]
  ep   7: R(t)=0.911  l1=0.676  l2=0.666  acc1=64.65%  acc2=64.30%  ens=64.47%  (best 64.47 @ ep 7)  [6.0s]
  ep   8: R(t)=0.905  l1=0.620  l2=0.611  acc1=61.97%  acc2=63.19%  ens=62.58%  (best 64.47 @ ep 7)  [5.9s]
  ep   9: R(t)=0.899  l1=0.578  l2=0.558  acc1=64.33%  acc2=66.63%  ens=65.48%  (best 65.48 @ ep 9)  [5.8s]
  ep  10: R(t)=0.894  l1=0.534  l2=0.525  acc1=68.69%  acc2=61.06%  ens=64.88%  (best 65.48 @ ep 9)  [6.2s]
  ep  11: R(t)=0.894  l1=0.505  l2=0.497  acc1=71.04%  acc2=70.80%  ens=70.92%  (best 70.92 @ ep 11)  [6.5s]
  ep  12: R(t)=0.894  l1=0.476  l2=0.471  acc1=64.10%  acc2=67.04%  ens=65.57%  (best 70.92 @ ep 11)  [6.1s]
  ep  13: R(t)=0.894  l1=0.475  l2=0.467  acc1=71.45%  acc2=69.10%  ens=70.28%  (best 70.92 @ ep 11)  [6.3s]
  ep  14: R(t)=0.894  l1=0.459  l2=0.454  acc1=71.66%  acc2=73.08%  ens=72.37%  (best 72.37 @ ep 14)  [14.8s]
  ep  15: R(t)=0.894  l1=0.450  l2=0.437  acc1=70.60%  acc2=62.34%  ens=66.47%  (best 72.37 @ ep 14)  [15.0s]
  ep  16: R(t)=0.894  l1=0.421  l2=0.413  acc1=69.91%  acc2=69.15%  ens=69.53%  (best 72.37 @ ep 14)  [13.9s]
  ep  17: R(t)=0.894  l1=0.411  l2=0.413  acc1=72.62%  acc2=65.89%  ens=69.25%  (best 72.37 @ ep 14)  [6.1s]
  ep  18: R(t)=0.894  l1=0.423  l2=0.406  acc1=74.78%  acc2=69.98%  ens=72.38%  (best 72.38 @ ep 18)  [6.0s]
  ep  19: R(t)=0.894  l1=0.393  l2=0.403  acc1=72.55%  acc2=70.69%  ens=71.62%  (best 72.38 @ ep 18)  [6.0s]
  ep  20: R(t)=0.894  l1=0.382  l2=0.370  acc1=72.10%  acc2=68.96%  ens=70.53%  (best 72.38 @ ep 18)  [5.8s]
  ep  21: R(t)=0.894  l1=0.380  l2=0.367  acc1=72.61%  acc2=69.26%  ens=70.93%  (best 72.38 @ ep 18)  [5.7s]
  ep  22: R(t)=0.894  l1=0.375  l2=0.375  acc1=76.93%  acc2=75.36%  ens=76.14%  (best 76.14 @ ep 22)  [6.1s]
  ep  23: R(t)=0.894  l1=0.374  l2=0.365  acc1=74.48%  acc2=72.12%  ens=73.30%  (best 76.14 @ ep 22)  [6.0s]
  ep  24: R(t)=0.894  l1=0.364  l2=0.355  acc1=74.68%  acc2=69.10%  ens=71.89%  (best 76.14 @ ep 22)  [5.8s]
  ep  25: R(t)=0.894  l1=0.351  l2=0.354  acc1=70.22%  acc2=72.37%  ens=71.30%  (best 76.14 @ ep 22)  [6.1s]
  ep  26: R(t)=0.894  l1=0.350  l2=0.347  acc1=72.03%  acc2=72.56%  ens=72.30%  (best 76.14 @ ep 22)  [6.6s]
  ep  27: R(t)=0.894  l1=0.353  l2=0.335  acc1=67.59%  acc2=74.98%  ens=71.28%  (best 76.14 @ ep 22)  [14.1s]
  ep  28: R(t)=0.894  l1=0.349  l2=0.347  acc1=71.69%  acc2=74.04%  ens=72.87%  (best 76.14 @ ep 22)  [17.8s]
  ep  29: R(t)=0.894  l1=0.335  l2=0.319  acc1=76.37%  acc2=72.53%  ens=74.45%  (best 76.14 @ ep 22)  [12.2s]
  ep  30: R(t)=0.894  l1=0.333  l2=0.328  acc1=68.54%  acc2=78.00%  ens=73.27%  (best 76.14 @ ep 22)  [6.1s]
  ep  31: R(t)=0.894  l1=0.318  l2=0.318  acc1=71.53%  acc2=73.21%  ens=72.37%  (best 76.14 @ ep 22)  [6.0s]
  ep  32: R(t)=0.894  l1=0.325  l2=0.313  acc1=65.58%  acc2=74.84%  ens=70.21%  (best 76.14 @ ep 22)  [6.0s]
  ep  33: R(t)=0.894  l1=0.319  l2=0.317  acc1=74.30%  acc2=77.28%  ens=75.79%  (best 76.14 @ ep 22)  [6.3s]
  ep  34: R(t)=0.894  l1=0.310  l2=0.303  acc1=77.74%  acc2=75.61%  ens=76.68%  (best 76.68 @ ep 34)  [6.1s]
  ep  35: R(t)=0.894  l1=0.298  l2=0.288  acc1=66.72%  acc2=70.09%  ens=68.41%  (best 76.68 @ ep 34)  [6.0s]
  ep  36: R(t)=0.894  l1=0.291  l2=0.300  acc1=75.72%  acc2=71.30%  ens=73.51%  (best 76.68 @ ep 34)  [6.1s]
  ep  37: R(t)=0.894  l1=0.293  l2=0.291  acc1=75.41%  acc2=74.23%  ens=74.82%  (best 76.68 @ ep 34)  [5.9s]
  ep  38: R(t)=0.894  l1=0.289  l2=0.281  acc1=73.26%  acc2=69.99%  ens=71.62%  (best 76.68 @ ep 34)  [6.6s]
  ep  39: R(t)=0.894  l1=0.286  l2=0.277  acc1=77.90%  acc2=72.62%  ens=75.26%  (best 76.68 @ ep 34)  [13.8s]
  ep  40: R(t)=0.894  l1=0.280  l2=0.264  acc1=75.87%  acc2=73.82%  ens=74.84%  (best 76.68 @ ep 34)  [6.0s]
  ep  41: R(t)=0.894  l1=0.273  l2=0.273  acc1=78.01%  acc2=75.91%  ens=76.96%  (best 76.96 @ ep 41)  [6.0s]
  ep  42: R(t)=0.894  l1=0.273  l2=0.266  acc1=78.14%  acc2=79.55%  ens=78.84%  (best 78.84 @ ep 42)  [6.1s]
  ep  43: R(t)=0.894  l1=0.263  l2=0.251  acc1=74.97%  acc2=77.13%  ens=76.05%  (best 78.84 @ ep 42)  [5.9s]
  ep  44: R(t)=0.894  l1=0.257  l2=0.257  acc1=79.20%  acc2=77.37%  ens=78.29%  (best 78.84 @ ep 42)  [6.0s]
  ep  45: R(t)=0.894  l1=0.245  l2=0.235  acc1=75.33%  acc2=73.11%  ens=74.22%  (best 78.84 @ ep 42)  [6.1s]
  ep  46: R(t)=0.894  l1=0.258  l2=0.247  acc1=79.50%  acc2=79.47%  ens=79.48%  (best 79.48 @ ep 46)  [6.0s]
  ep  47: R(t)=0.894  l1=0.247  l2=0.236  acc1=78.67%  acc2=79.45%  ens=79.06%  (best 79.48 @ ep 46)  [6.2s]
  ep  48: R(t)=0.894  l1=0.238  l2=0.236  acc1=79.43%  acc2=79.01%  ens=79.22%  (best 79.48 @ ep 46)  [6.2s]
  ep  49: R(t)=0.894  l1=0.231  l2=0.223  acc1=70.89%  acc2=78.51%  ens=74.70%  (best 79.48 @ ep 46)  [8.1s]
  ep  50: R(t)=0.894  l1=0.230  l2=0.219  acc1=79.60%  acc2=80.96%  ens=80.28%  (best 80.28 @ ep 50)  [18.6s]
  ep  51: R(t)=0.894  l1=0.218  l2=0.217  acc1=77.38%  acc2=79.18%  ens=78.28%  (best 80.28 @ ep 50)  [14.9s]
  ep  52: R(t)=0.894  l1=0.223  l2=0.215  acc1=75.82%  acc2=78.35%  ens=77.09%  (best 80.28 @ ep 50)  [9.1s]
  ep  53: R(t)=0.894  l1=0.209  l2=0.211  acc1=80.92%  acc2=79.21%  ens=80.07%  (best 80.28 @ ep 50)  [5.9s]
  ep  54: R(t)=0.894  l1=0.207  l2=0.198  acc1=80.36%  acc2=79.29%  ens=79.83%  (best 80.28 @ ep 50)  [6.1s]
  ep  55: R(t)=0.894  l1=0.189  l2=0.185  acc1=78.97%  acc2=79.43%  ens=79.20%  (best 80.28 @ ep 50)  [6.2s]
  ep  56: R(t)=0.894  l1=0.199  l2=0.193  acc1=79.77%  acc2=78.39%  ens=79.08%  (best 80.28 @ ep 50)  [5.9s]
  ep  57: R(t)=0.894  l1=0.187  l2=0.179  acc1=80.29%  acc2=79.77%  ens=80.03%  (best 80.28 @ ep 50)  [6.1s]
  ep  58: R(t)=0.894  l1=0.197  l2=0.190  acc1=78.51%  acc2=80.66%  ens=79.58%  (best 80.28 @ ep 50)  [6.3s]
  ep  59: R(t)=0.894  l1=0.177  l2=0.174  acc1=80.15%  acc2=81.46%  ens=80.80%  (best 80.80 @ ep 59)  [6.2s]
  ep  60: R(t)=0.894  l1=0.172  l2=0.163  acc1=80.88%  acc2=81.00%  ens=80.94%  (best 80.94 @ ep 60)  [6.1s]
  ep  61: R(t)=0.894  l1=0.174  l2=0.164  acc1=81.46%  acc2=80.20%  ens=80.83%  (best 80.94 @ ep 60)  [6.1s]
  ep  62: R(t)=0.894  l1=0.159  l2=0.151  acc1=81.09%  acc2=81.26%  ens=81.17%  (best 81.17 @ ep 62)  [7.7s]
  ep  63: R(t)=0.894  l1=0.154  l2=0.146  acc1=80.40%  acc2=81.02%  ens=80.71%  (best 81.17 @ ep 62)  [14.0s]
  ep  64: R(t)=0.894  l1=0.152  l2=0.143  acc1=81.24%  acc2=81.42%  ens=81.33%  (best 81.33 @ ep 64)  [15.4s]
  ep  65: R(t)=0.894  l1=0.148  l2=0.134  acc1=82.08%  acc2=82.01%  ens=82.05%  (best 82.05 @ ep 65)  [13.1s]
  ep  66: R(t)=0.894  l1=0.130  l2=0.125  acc1=81.86%  acc2=81.32%  ens=81.59%  (best 82.05 @ ep 65)  [5.9s]
  ep  67: R(t)=0.894  l1=0.123  l2=0.118  acc1=81.43%  acc2=83.27%  ens=82.35%  (best 82.35 @ ep 67)  [6.0s]
  ep  68: R(t)=0.894  l1=0.120  l2=0.118  acc1=83.01%  acc2=83.22%  ens=83.12%  (best 83.12 @ ep 68)  [6.0s]
  ep  69: R(t)=0.894  l1=0.117  l2=0.110  acc1=83.69%  acc2=82.25%  ens=82.97%  (best 83.12 @ ep 68)  [6.0s]
  ep  70: R(t)=0.894  l1=0.110  l2=0.100  acc1=82.72%  acc2=82.06%  ens=82.39%  (best 83.12 @ ep 68)  [6.2s]
  ep  71: R(t)=0.894  l1=0.100  l2=0.094  acc1=82.67%  acc2=83.83%  ens=83.25%  (best 83.25 @ ep 71)  [5.9s]
  ep  72: R(t)=0.894  l1=0.093  l2=0.091  acc1=83.77%  acc2=83.46%  ens=83.61%  (best 83.61 @ ep 72)  [5.9s]
  ep  73: R(t)=0.894  l1=0.093  l2=0.092  acc1=83.50%  acc2=83.75%  ens=83.62%  (best 83.62 @ ep 73)  [5.8s]
  ep  74: R(t)=0.894  l1=0.084  l2=0.076  acc1=83.83%  acc2=83.07%  ens=83.45%  (best 83.62 @ ep 73)  [6.3s]
  ep  75: R(t)=0.894  l1=0.080  l2=0.075  acc1=84.17%  acc2=83.87%  ens=84.02%  (best 84.02 @ ep 75)  [6.0s]
  ep  76: R(t)=0.894  l1=0.071  l2=0.071  acc1=84.60%  acc2=84.27%  ens=84.43%  (best 84.43 @ ep 76)  [13.4s]
  ep  77: R(t)=0.894  l1=0.069  l2=0.063  acc1=84.56%  acc2=84.70%  ens=84.63%  (best 84.63 @ ep 77)  [18.2s]
  ep  78: R(t)=0.894  l1=0.066  l2=0.058  acc1=84.17%  acc2=84.79%  ens=84.48%  (best 84.63 @ ep 77)  [14.3s]
  ep  79: R(t)=0.894  l1=0.058  l2=0.055  acc1=84.78%  acc2=84.57%  ens=84.67%  (best 84.67 @ ep 79)  [6.0s]
  ep  80: R(t)=0.894  l1=0.047  l2=0.047  acc1=84.88%  acc2=85.04%  ens=84.96%  (best 84.96 @ ep 80)  [6.2s]
  ep  81: R(t)=0.894  l1=0.043  l2=0.044  acc1=84.91%  acc2=85.06%  ens=84.98%  (best 84.98 @ ep 81)  [5.8s]
  ep  82: R(t)=0.894  l1=0.039  l2=0.040  acc1=84.90%  acc2=85.05%  ens=84.97%  (best 84.98 @ ep 81)  [6.2s]
  ep  83: R(t)=0.894  l1=0.041  l2=0.038  acc1=85.50%  acc2=85.52%  ens=85.51%  (best 85.51 @ ep 83)  [6.0s]
  ep  84: R(t)=0.894  l1=0.036  l2=0.034  acc1=85.56%  acc2=85.57%  ens=85.56%  (best 85.56 @ ep 84)  [6.1s]
  ep  85: R(t)=0.894  l1=0.034  l2=0.031  acc1=85.45%  acc2=85.53%  ens=85.49%  (best 85.56 @ ep 84)  [6.5s]
  ep  86: R(t)=0.894  l1=0.028  l2=0.027  acc1=85.74%  acc2=85.58%  ens=85.66%  (best 85.66 @ ep 86)  [6.0s]
  ep  87: R(t)=0.894  l1=0.031  l2=0.027  acc1=85.85%  acc2=85.37%  ens=85.61%  (best 85.66 @ ep 86)  [6.2s]
  ep  88: R(t)=0.894  l1=0.029  l2=0.026  acc1=85.81%  acc2=85.72%  ens=85.77%  (best 85.77 @ ep 88)  [6.2s]
  ep  89: R(t)=0.894  l1=0.027  l2=0.023  acc1=85.72%  acc2=85.66%  ens=85.69%  (best 85.77 @ ep 88)  [15.8s]
  ep  90: R(t)=0.894  l1=0.026  l2=0.023  acc1=85.70%  acc2=85.88%  ens=85.79%  (best 85.79 @ ep 90)  [16.9s]
  ep  91: R(t)=0.894  l1=0.024  l2=0.021  acc1=85.77%  acc2=85.69%  ens=85.73%  (best 85.79 @ ep 90)  [13.3s]
  ep  92: R(t)=0.894  l1=0.022  l2=0.022  acc1=85.77%  acc2=85.82%  ens=85.80%  (best 85.80 @ ep 92)  [6.4s]
  ep  93: R(t)=0.894  l1=0.022  l2=0.021  acc1=85.94%  acc2=85.86%  ens=85.90%  (best 85.90 @ ep 93)  [6.1s]
  ep  94: R(t)=0.894  l1=0.022  l2=0.021  acc1=85.77%  acc2=85.93%  ens=85.85%  (best 85.90 @ ep 93)  [6.0s]
  ep  95: R(t)=0.894  l1=0.021  l2=0.019  acc1=85.77%  acc2=85.84%  ens=85.80%  (best 85.90 @ ep 93)  [6.0s]
  ep  96: R(t)=0.894  l1=0.021  l2=0.019  acc1=85.87%  acc2=86.03%  ens=85.95%  (best 85.95 @ ep 96)  [6.0s]
  ep  97: R(t)=0.894  l1=0.021  l2=0.020  acc1=85.93%  acc2=85.97%  ens=85.95%  (best 85.95 @ ep 96)  [5.7s]
  ep  98: R(t)=0.894  l1=0.020  l2=0.019  acc1=85.89%  acc2=85.94%  ens=85.92%  (best 85.95 @ ep 96)  [6.1s]
  ep  99: R(t)=0.894  l1=0.020  l2=0.019  acc1=85.84%  acc2=85.98%  ens=85.91%  (best 85.95 @ ep 96)  [5.8s]

saved /path/to/ciln-workspace/journal_edition/robustness_transfer/results_v3/coteaching/gu_low__seed1.json: best ens-acc 85.95% @ ep 96
[23:34:29] gpu 1: gu_low seed 2 -> ../logs/coteaching_v3/gu_low__seed2.log
/path/to/ciln-workspace/venv/lib/python3.12/site-packages/torchvision/datasets/cifar.py:83: VisibleDeprecationWarning: dtype(): align should be passed as Python or NumPy boolean but got `align=0`. Did you mean to pass a tuple to create a subarray type? (Deprecated NumPy 2.4)
  entry = pickle.load(f, encoding="latin1")
condition=gu_low seed=2 gpu=1
  ep   0: R(t)=1.000  l1=1.892  l2=1.861  acc1=34.30%  acc2=35.12%  ens=34.71%  (best 34.71 @ ep 0)  [11.0s]
  ep   1: R(t)=0.966  l1=1.479  l2=1.441  acc1=36.28%  acc2=45.39%  ens=40.84%  (best 40.84 @ ep 1)  [13.2s]
  ep   2: R(t)=0.952  l1=1.228  l2=1.174  acc1=50.60%  acc2=55.19%  ens=52.90%  (best 52.90 @ ep 2)  [6.1s]
  ep   3: R(t)=0.942  l1=1.033  l2=1.017  acc1=56.21%  acc2=55.20%  ens=55.71%  (best 55.71 @ ep 3)  [6.4s]
  ep   4: R(t)=0.933  l1=0.911  l2=0.883  acc1=55.90%  acc2=58.15%  ens=57.03%  (best 57.03 @ ep 4)  [6.0s]
  ep   5: R(t)=0.925  l1=0.814  l2=0.797  acc1=58.28%  acc2=61.28%  ens=59.78%  (best 59.78 @ ep 5)  [6.0s]
  ep   6: R(t)=0.918  l1=0.738  l2=0.722  acc1=65.43%  acc2=60.00%  ens=62.71%  (best 62.71 @ ep 6)  [6.2s]
  ep   7: R(t)=0.911  l1=0.670  l2=0.660  acc1=62.45%  acc2=60.41%  ens=61.43%  (best 62.71 @ ep 6)  [6.1s]
  ep   8: R(t)=0.905  l1=0.617  l2=0.625  acc1=55.83%  acc2=59.94%  ens=57.89%  (best 62.71 @ ep 6)  [6.1s]
  ep   9: R(t)=0.899  l1=0.572  l2=0.561  acc1=64.47%  acc2=67.02%  ens=65.75%  (best 65.75 @ ep 9)  [6.1s]
  ep  10: R(t)=0.894  l1=0.520  l2=0.518  acc1=66.46%  acc2=69.86%  ens=68.16%  (best 68.16 @ ep 10)  [5.9s]
  ep  11: R(t)=0.894  l1=0.506  l2=0.504  acc1=69.89%  acc2=69.39%  ens=69.64%  (best 69.64 @ ep 11)  [6.3s]
  ep  12: R(t)=0.894  l1=0.469  l2=0.481  acc1=68.40%  acc2=66.34%  ens=67.37%  (best 69.64 @ ep 11)  [14.3s]
  ep  13: R(t)=0.894  l1=0.479  l2=0.485  acc1=73.31%  acc2=71.88%  ens=72.59%  (best 72.59 @ ep 13)  [8.2s]
  ep  14: R(t)=0.894  l1=0.453  l2=0.460  acc1=72.02%  acc2=69.87%  ens=70.94%  (best 72.59 @ ep 13)  [6.2s]
  ep  15: R(t)=0.894  l1=0.436  l2=0.433  acc1=64.62%  acc2=58.50%  ens=61.56%  (best 72.59 @ ep 13)  [6.1s]
  ep  16: R(t)=0.894  l1=0.439  l2=0.438  acc1=70.17%  acc2=64.40%  ens=67.28%  (best 72.59 @ ep 13)  [6.1s]
  ep  17: R(t)=0.894  l1=0.412  l2=0.414  acc1=70.68%  acc2=69.13%  ens=69.91%  (best 72.59 @ ep 13)  [5.8s]
  ep  18: R(t)=0.894  l1=0.414  l2=0.417  acc1=70.70%  acc2=70.74%  ens=70.72%  (best 72.59 @ ep 13)  [6.0s]
  ep  19: R(t)=0.894  l1=0.395  l2=0.403  acc1=72.93%  acc2=73.04%  ens=72.98%  (best 72.98 @ ep 19)  [6.2s]
  ep  20: R(t)=0.894  l1=0.399  l2=0.390  acc1=67.44%  acc2=70.08%  ens=68.76%  (best 72.98 @ ep 19)  [6.1s]
  ep  21: R(t)=0.894  l1=0.384  l2=0.389  acc1=72.28%  acc2=69.35%  ens=70.82%  (best 72.98 @ ep 19)  [5.8s]
  ep  22: R(t)=0.894  l1=0.373  l2=0.382  acc1=70.18%  acc2=75.01%  ens=72.59%  (best 72.98 @ ep 19)  [6.0s]
  ep  23: R(t)=0.894  l1=0.381  l2=0.363  acc1=73.56%  acc2=69.39%  ens=71.47%  (best 72.98 @ ep 19)  [14.2s]
  ep  24: R(t)=0.894  l1=0.373  l2=0.376  acc1=74.13%  acc2=74.26%  ens=74.19%  (best 74.19 @ ep 24)  [15.7s]
  ep  25: R(t)=0.894  l1=0.357  l2=0.366  acc1=71.55%  acc2=73.05%  ens=72.30%  (best 74.19 @ ep 24)  [15.6s]
  ep  26: R(t)=0.894  l1=0.360  l2=0.356  acc1=71.19%  acc2=75.11%  ens=73.15%  (best 74.19 @ ep 24)  [7.0s]
  ep  27: R(t)=0.894  l1=0.355  l2=0.352  acc1=69.72%  acc2=69.57%  ens=69.64%  (best 74.19 @ ep 24)  [6.1s]
  ep  28: R(t)=0.894  l1=0.339  l2=0.334  acc1=71.23%  acc2=58.55%  ens=64.89%  (best 74.19 @ ep 24)  [5.8s]
  ep  29: R(t)=0.894  l1=0.334  l2=0.343  acc1=73.90%  acc2=73.20%  ens=73.55%  (best 74.19 @ ep 24)  [6.3s]
  ep  30: R(t)=0.894  l1=0.335  l2=0.331  acc1=75.75%  acc2=75.60%  ens=75.67%  (best 75.67 @ ep 30)  [5.9s]
  ep  31: R(t)=0.894  l1=0.329  l2=0.317  acc1=76.48%  acc2=74.15%  ens=75.31%  (best 75.67 @ ep 30)  [6.0s]
  ep  32: R(t)=0.894  l1=0.329  l2=0.323  acc1=76.35%  acc2=68.97%  ens=72.66%  (best 75.67 @ ep 30)  [6.0s]
  ep  33: R(t)=0.894  l1=0.311  l2=0.315  acc1=72.17%  acc2=72.29%  ens=72.23%  (best 75.67 @ ep 30)  [6.0s]
  ep  34: R(t)=0.894  l1=0.312  l2=0.312  acc1=69.21%  acc2=76.25%  ens=72.73%  (best 75.67 @ ep 30)  [6.0s]
  ep  35: R(t)=0.894  l1=0.316  l2=0.312  acc1=76.17%  acc2=73.54%  ens=74.86%  (best 75.67 @ ep 30)  [6.1s]
  ep  36: R(t)=0.894  l1=0.307  l2=0.300  acc1=71.90%  acc2=70.56%  ens=71.23%  (best 75.67 @ ep 30)  [13.1s]
  ep  37: R(t)=0.894  l1=0.292  l2=0.292  acc1=75.51%  acc2=74.25%  ens=74.88%  (best 75.67 @ ep 30)  [6.1s]
  ep  38: R(t)=0.894  l1=0.305  l2=0.299  acc1=73.12%  acc2=75.97%  ens=74.54%  (best 75.67 @ ep 30)  [6.2s]
  ep  39: R(t)=0.894  l1=0.281  l2=0.281  acc1=68.57%  acc2=68.75%  ens=68.66%  (best 75.67 @ ep 30)  [5.9s]
  ep  40: R(t)=0.894  l1=0.285  l2=0.291  acc1=76.13%  acc2=74.11%  ens=75.12%  (best 75.67 @ ep 30)  [6.0s]
  ep  41: R(t)=0.894  l1=0.284  l2=0.286  acc1=75.96%  acc2=77.29%  ens=76.63%  (best 76.63 @ ep 41)  [6.0s]
  ep  42: R(t)=0.894  l1=0.266  l2=0.264  acc1=79.43%  acc2=75.22%  ens=77.33%  (best 77.33 @ ep 42)  [5.9s]
  ep  43: R(t)=0.894  l1=0.267  l2=0.273  acc1=75.95%  acc2=76.47%  ens=76.21%  (best 77.33 @ ep 42)  [5.8s]
  ep  44: R(t)=0.894  l1=0.265  l2=0.270  acc1=78.37%  acc2=75.33%  ens=76.85%  (best 77.33 @ ep 42)  [6.2s]
  ep  45: R(t)=0.894  l1=0.261  l2=0.258  acc1=76.72%  acc2=77.45%  ens=77.09%  (best 77.33 @ ep 42)  [6.2s]
  ep  46: R(t)=0.894  l1=0.245  l2=0.243  acc1=75.79%  acc2=76.01%  ens=75.90%  (best 77.33 @ ep 42)  [6.1s]
  ep  47: R(t)=0.894  l1=0.245  l2=0.240  acc1=76.39%  acc2=76.80%  ens=76.59%  (best 77.33 @ ep 42)  [12.9s]
  ep  48: R(t)=0.894  l1=0.243  l2=0.250  acc1=77.82%  acc2=76.24%  ens=77.03%  (best 77.33 @ ep 42)  [17.1s]
  ep  49: R(t)=0.894  l1=0.236  l2=0.246  acc1=75.61%  acc2=76.70%  ens=76.16%  (best 77.33 @ ep 42)  [15.4s]
  ep  50: R(t)=0.894  l1=0.225  l2=0.223  acc1=78.12%  acc2=78.36%  ens=78.24%  (best 78.24 @ ep 50)  [7.8s]
  ep  51: R(t)=0.894  l1=0.231  l2=0.231  acc1=74.56%  acc2=74.75%  ens=74.66%  (best 78.24 @ ep 50)  [6.1s]
  ep  52: R(t)=0.894  l1=0.224  l2=0.222  acc1=79.24%  acc2=76.13%  ens=77.69%  (best 78.24 @ ep 50)  [6.0s]
  ep  53: R(t)=0.894  l1=0.211  l2=0.214  acc1=79.11%  acc2=80.65%  ens=79.88%  (best 79.88 @ ep 53)  [6.3s]
  ep  54: R(t)=0.894  l1=0.214  l2=0.215  acc1=79.73%  acc2=79.37%  ens=79.55%  (best 79.88 @ ep 53)  [6.2s]
  ep  55: R(t)=0.894  l1=0.202  l2=0.198  acc1=79.85%  acc2=78.10%  ens=78.97%  (best 79.88 @ ep 53)  [6.0s]
  ep  56: R(t)=0.894  l1=0.197  l2=0.192  acc1=79.67%  acc2=78.33%  ens=79.00%  (best 79.88 @ ep 53)  [5.9s]
  ep  57: R(t)=0.894  l1=0.193  l2=0.194  acc1=79.87%  acc2=80.79%  ens=80.33%  (best 80.33 @ ep 57)  [6.1s]
  ep  58: R(t)=0.894  l1=0.180  l2=0.184  acc1=79.80%  acc2=80.35%  ens=80.08%  (best 80.33 @ ep 57)  [6.2s]
  ep  59: R(t)=0.894  l1=0.170  l2=0.177  acc1=79.37%  acc2=80.62%  ens=79.99%  (best 80.33 @ ep 57)  [6.0s]
  ep  60: R(t)=0.894  l1=0.175  l2=0.180  acc1=81.04%  acc2=79.44%  ens=80.24%  (best 80.33 @ ep 57)  [7.9s]
  ep  61: R(t)=0.894  l1=0.168  l2=0.170  acc1=79.01%  acc2=76.83%  ens=77.92%  (best 80.33 @ ep 57)  [17.3s]
  ep  62: R(t)=0.894  l1=0.166  l2=0.166  acc1=81.38%  acc2=81.05%  ens=81.21%  (best 81.21 @ ep 62)  [14.8s]
  ep  63: R(t)=0.894  l1=0.158  l2=0.154  acc1=81.41%  acc2=80.62%  ens=81.02%  (best 81.21 @ ep 62)  [13.8s]
  ep  64: R(t)=0.894  l1=0.154  l2=0.154  acc1=81.08%  acc2=81.42%  ens=81.25%  (best 81.25 @ ep 64)  [5.9s]
  ep  65: R(t)=0.894  l1=0.133  l2=0.137  acc1=82.29%  acc2=81.79%  ens=82.04%  (best 82.04 @ ep 65)  [6.1s]
  ep  66: R(t)=0.894  l1=0.132  l2=0.132  acc1=81.68%  acc2=80.68%  ens=81.18%  (best 82.04 @ ep 65)  [6.2s]
  ep  67: R(t)=0.894  l1=0.132  l2=0.139  acc1=81.58%  acc2=82.27%  ens=81.92%  (best 82.04 @ ep 65)  [5.8s]
  ep  68: R(t)=0.894  l1=0.120  l2=0.131  acc1=82.19%  acc2=82.55%  ens=82.37%  (best 82.37 @ ep 68)  [6.2s]
  ep  69: R(t)=0.894  l1=0.120  l2=0.128  acc1=83.08%  acc2=82.14%  ens=82.61%  (best 82.61 @ ep 69)  [6.0s]
  ep  70: R(t)=0.894  l1=0.117  l2=0.111  acc1=81.92%  acc2=82.52%  ens=82.22%  (best 82.61 @ ep 69)  [6.2s]
  ep  71: R(t)=0.894  l1=0.106  l2=0.106  acc1=81.70%  acc2=82.35%  ens=82.02%  (best 82.61 @ ep 69)  [6.0s]
  ep  72: R(t)=0.894  l1=0.100  l2=0.104  acc1=81.99%  acc2=83.51%  ens=82.75%  (best 82.75 @ ep 72)  [6.1s]
  ep  73: R(t)=0.894  l1=0.087  l2=0.090  acc1=83.40%  acc2=83.57%  ens=83.48%  (best 83.48 @ ep 73)  [6.1s]
  ep  74: R(t)=0.894  l1=0.089  l2=0.086  acc1=83.30%  acc2=83.16%  ens=83.23%  (best 83.48 @ ep 73)  [14.7s]
  ep  75: R(t)=0.894  l1=0.082  l2=0.083  acc1=83.58%  acc2=83.49%  ens=83.53%  (best 83.53 @ ep 75)  [15.9s]
  ep  76: R(t)=0.894  l1=0.080  l2=0.078  acc1=83.19%  acc2=83.94%  ens=83.56%  (best 83.56 @ ep 76)  [15.5s]
  ep  77: R(t)=0.894  l1=0.068  l2=0.070  acc1=83.67%  acc2=83.76%  ens=83.72%  (best 83.72 @ ep 77)  [8.0s]
  ep  78: R(t)=0.894  l1=0.066  l2=0.065  acc1=83.81%  acc2=83.28%  ens=83.55%  (best 83.72 @ ep 77)  [6.2s]
  ep  79: R(t)=0.894  l1=0.057  l2=0.063  acc1=84.50%  acc2=83.80%  ens=84.15%  (best 84.15 @ ep 79)  [6.0s]
  ep  80: R(t)=0.894  l1=0.050  l2=0.049  acc1=84.61%  acc2=84.10%  ens=84.36%  (best 84.36 @ ep 80)  [5.8s]
  ep  81: R(t)=0.894  l1=0.048  l2=0.047  acc1=84.69%  acc2=84.18%  ens=84.43%  (best 84.43 @ ep 81)  [6.0s]
  ep  82: R(t)=0.894  l1=0.045  l2=0.045  acc1=84.81%  acc2=84.45%  ens=84.63%  (best 84.63 @ ep 82)  [6.0s]
  ep  83: R(t)=0.894  l1=0.039  l2=0.041  acc1=85.04%  acc2=85.05%  ens=85.05%  (best 85.05 @ ep 83)  [6.1s]
  ep  84: R(t)=0.894  l1=0.038  l2=0.038  acc1=84.80%  acc2=84.80%  ens=84.80%  (best 85.05 @ ep 83)  [6.1s]
  ep  85: R(t)=0.894  l1=0.034  l2=0.034  acc1=85.67%  acc2=85.09%  ens=85.38%  (best 85.38 @ ep 85)  [6.0s]
  ep  86: R(t)=0.894  l1=0.031  l2=0.032  acc1=85.28%  acc2=85.12%  ens=85.20%  (best 85.38 @ ep 85)  [6.2s]
  ep  87: R(t)=0.894  l1=0.027  l2=0.029  acc1=85.35%  acc2=85.07%  ens=85.21%  (best 85.38 @ ep 85)  [13.4s]
  ep  88: R(t)=0.894  l1=0.027  l2=0.028  acc1=85.18%  acc2=85.17%  ens=85.17%  (best 85.38 @ ep 85)  [13.9s]
  ep  89: R(t)=0.894  l1=0.023  l2=0.024  acc1=85.39%  acc2=85.43%  ens=85.41%  (best 85.41 @ ep 89)  [15.0s]
  ep  90: R(t)=0.894  l1=0.025  l2=0.025  acc1=85.51%  acc2=85.32%  ens=85.41%  (best 85.41 @ ep 90)  [6.1s]
  ep  91: R(t)=0.894  l1=0.023  l2=0.024  acc1=85.47%  acc2=85.21%  ens=85.34%  (best 85.41 @ ep 90)  [6.2s]
  ep  92: R(t)=0.894  l1=0.021  l2=0.021  acc1=85.60%  acc2=85.19%  ens=85.39%  (best 85.41 @ ep 90)  [5.9s]
  ep  93: R(t)=0.894  l1=0.024  l2=0.024  acc1=85.40%  acc2=85.12%  ens=85.26%  (best 85.41 @ ep 90)  [6.0s]
  ep  94: R(t)=0.894  l1=0.021  l2=0.021  acc1=85.57%  acc2=85.19%  ens=85.38%  (best 85.41 @ ep 90)  [6.0s]
  ep  95: R(t)=0.894  l1=0.021  l2=0.021  acc1=85.61%  acc2=85.23%  ens=85.42%  (best 85.42 @ ep 95)  [6.5s]
  ep  96: R(t)=0.894  l1=0.020  l2=0.021  acc1=85.60%  acc2=85.07%  ens=85.34%  (best 85.42 @ ep 95)  [6.2s]
  ep  97: R(t)=0.894  l1=0.020  l2=0.020  acc1=85.57%  acc2=85.22%  ens=85.39%  (best 85.42 @ ep 95)  [6.3s]
  ep  98: R(t)=0.894  l1=0.021  l2=0.022  acc1=85.62%  acc2=85.14%  ens=85.38%  (best 85.42 @ ep 95)  [6.1s]
  ep  99: R(t)=0.894  l1=0.021  l2=0.020  acc1=85.62%  acc2=85.17%  ens=85.39%  (best 85.42 @ ep 95)  [9.9s]

saved /path/to/ciln-workspace/journal_edition/robustness_transfer/results_v3/coteaching/gu_low__seed2.json: best ens-acc 85.42% @ ep 95
[23:47:39] gpu 1: gu_medium seed 0 -> ../logs/coteaching_v3/gu_medium__seed0.log
/path/to/ciln-workspace/venv/lib/python3.12/site-packages/torchvision/datasets/cifar.py:83: VisibleDeprecationWarning: dtype(): align should be passed as Python or NumPy boolean but got `align=0`. Did you mean to pass a tuple to create a subarray type? (Deprecated NumPy 2.4)
  entry = pickle.load(f, encoding="latin1")
condition=gu_medium seed=0 gpu=1
  ep   0: R(t)=1.000  l1=1.880  l2=1.881  acc1=32.59%  acc2=34.09%  ens=33.34%  (best 33.34 @ ep 0)  [6.9s]
  ep   1: R(t)=0.938  l1=1.464  l2=1.455  acc1=42.37%  acc2=39.19%  ens=40.78%  (best 40.78 @ ep 1)  [6.0s]
  ep   2: R(t)=0.912  l1=1.221  l2=1.188  acc1=45.24%  acc2=51.08%  ens=48.16%  (best 48.16 @ ep 2)  [6.0s]
  ep   3: R(t)=0.892  l1=0.985  l2=0.947  acc1=56.24%  acc2=49.43%  ens=52.84%  (best 52.84 @ ep 3)  [6.1s]
  ep   4: R(t)=0.876  l1=0.857  l2=0.840  acc1=53.64%  acc2=56.05%  ens=54.84%  (best 54.84 @ ep 4)  [6.3s]
  ep   5: R(t)=0.861  l1=0.736  l2=0.726  acc1=55.95%  acc2=50.19%  ens=53.07%  (best 54.84 @ ep 4)  [6.2s]
  ep   6: R(t)=0.848  l1=0.666  l2=0.660  acc1=50.82%  acc2=52.94%  ens=51.88%  (best 54.84 @ ep 4)  [6.3s]
  ep   7: R(t)=0.836  l1=0.591  l2=0.581  acc1=61.34%  acc2=58.42%  ens=59.88%  (best 59.88 @ ep 7)  [6.1s]
  ep   8: R(t)=0.824  l1=0.558  l2=0.561  acc1=59.79%  acc2=56.96%  ens=58.38%  (best 59.88 @ ep 7)  [9.3s]
  ep   9: R(t)=0.814  l1=0.493  l2=0.481  acc1=64.84%  acc2=65.96%  ens=65.40%  (best 65.40 @ ep 9)  [15.7s]
  ep  10: R(t)=0.803  l1=0.458  l2=0.454  acc1=63.19%  acc2=65.31%  ens=64.25%  (best 65.40 @ ep 9)  [15.0s]
  ep  11: R(t)=0.803  l1=0.445  l2=0.443  acc1=67.71%  acc2=61.75%  ens=64.73%  (best 65.40 @ ep 9)  [14.9s]
  ep  12: R(t)=0.803  l1=0.426  l2=0.437  acc1=62.20%  acc2=61.02%  ens=61.61%  (best 65.40 @ ep 9)  [6.0s]
  ep  13: R(t)=0.803  l1=0.392  l2=0.392  acc1=64.89%  acc2=54.22%  ens=59.55%  (best 65.40 @ ep 9)  [6.3s]
  ep  14: R(t)=0.803  l1=0.417  l2=0.403  acc1=68.81%  acc2=69.62%  ens=69.22%  (best 69.22 @ ep 14)  [6.3s]
  ep  15: R(t)=0.803  l1=0.388  l2=0.381  acc1=63.43%  acc2=68.62%  ens=66.03%  (best 69.22 @ ep 14)  [6.3s]
  ep  16: R(t)=0.803  l1=0.370  l2=0.362  acc1=67.07%  acc2=57.04%  ens=62.05%  (best 69.22 @ ep 14)  [6.1s]
  ep  17: R(t)=0.803  l1=0.375  l2=0.371  acc1=68.73%  acc2=68.26%  ens=68.49%  (best 69.22 @ ep 14)  [6.3s]
  ep  18: R(t)=0.803  l1=0.366  l2=0.369  acc1=66.78%  acc2=66.13%  ens=66.45%  (best 69.22 @ ep 14)  [6.2s]
  ep  19: R(t)=0.803  l1=0.343  l2=0.344  acc1=66.30%  acc2=70.42%  ens=68.36%  (best 69.22 @ ep 14)  [6.1s]
  ep  20: R(t)=0.803  l1=0.347  l2=0.347  acc1=67.17%  acc2=71.20%  ens=69.19%  (best 69.22 @ ep 14)  [6.1s]
  ep  21: R(t)=0.803  l1=0.333  l2=0.339  acc1=70.75%  acc2=68.19%  ens=69.47%  (best 69.47 @ ep 21)  [9.2s]
  ep  22: R(t)=0.803  l1=0.333  l2=0.334  acc1=71.69%  acc2=69.69%  ens=70.69%  (best 70.69 @ ep 22)  [15.6s]
  ep  23: R(t)=0.803  l1=0.335  l2=0.332  acc1=64.89%  acc2=68.62%  ens=66.76%  (best 70.69 @ ep 22)  [6.2s]
  ep  24: R(t)=0.803  l1=0.326  l2=0.325  acc1=65.71%  acc2=67.27%  ens=66.49%  (best 70.69 @ ep 22)  [5.9s]
  ep  25: R(t)=0.803  l1=0.316  l2=0.312  acc1=70.44%  acc2=70.98%  ens=70.71%  (best 70.71 @ ep 25)  [5.9s]
  ep  26: R(t)=0.803  l1=0.315  l2=0.311  acc1=62.54%  acc2=64.61%  ens=63.58%  (best 70.71 @ ep 25)  [5.9s]
  ep  27: R(t)=0.803  l1=0.309  l2=0.301  acc1=70.42%  acc2=66.88%  ens=68.65%  (best 70.71 @ ep 25)  [5.9s]
  ep  28: R(t)=0.803  l1=0.299  l2=0.302  acc1=73.83%  acc2=74.00%  ens=73.91%  (best 73.91 @ ep 28)  [6.2s]
  ep  29: R(t)=0.803  l1=0.304  l2=0.297  acc1=63.05%  acc2=72.03%  ens=67.54%  (best 73.91 @ ep 28)  [6.0s]
  ep  30: R(t)=0.803  l1=0.300  l2=0.297  acc1=71.93%  acc2=73.13%  ens=72.53%  (best 73.91 @ ep 28)  [6.1s]
  ep  31: R(t)=0.803  l1=0.285  l2=0.288  acc1=71.86%  acc2=72.45%  ens=72.16%  (best 73.91 @ ep 28)  [6.1s]
  ep  32: R(t)=0.803  l1=0.290  l2=0.287  acc1=71.34%  acc2=66.42%  ens=68.88%  (best 73.91 @ ep 28)  [6.1s]
  ep  33: R(t)=0.803  l1=0.284  l2=0.278  acc1=69.86%  acc2=68.56%  ens=69.21%  (best 73.91 @ ep 28)  [13.9s]
  ep  34: R(t)=0.803  l1=0.277  l2=0.279  acc1=68.87%  acc2=73.46%  ens=71.17%  (best 73.91 @ ep 28)  [6.1s]
  ep  35: R(t)=0.803  l1=0.269  l2=0.273  acc1=71.17%  acc2=68.82%  ens=70.00%  (best 73.91 @ ep 28)  [6.1s]
  ep  36: R(t)=0.803  l1=0.272  l2=0.271  acc1=72.81%  acc2=71.99%  ens=72.40%  (best 73.91 @ ep 28)  [6.0s]
  ep  37: R(t)=0.803  l1=0.252  l2=0.262  acc1=70.72%  acc2=67.56%  ens=69.14%  (best 73.91 @ ep 28)  [6.0s]
  ep  38: R(t)=0.803  l1=0.258  l2=0.255  acc1=73.92%  acc2=72.39%  ens=73.15%  (best 73.91 @ ep 28)  [6.0s]
  ep  39: R(t)=0.803  l1=0.256  l2=0.251  acc1=72.24%  acc2=74.76%  ens=73.50%  (best 73.91 @ ep 28)  [6.0s]
  ep  40: R(t)=0.803  l1=0.252  l2=0.242  acc1=66.44%  acc2=75.31%  ens=70.88%  (best 73.91 @ ep 28)  [6.2s]
  ep  41: R(t)=0.803  l1=0.262  l2=0.252  acc1=74.97%  acc2=74.95%  ens=74.96%  (best 74.96 @ ep 41)  [6.2s]
  ep  42: R(t)=0.803  l1=0.243  l2=0.235  acc1=75.40%  acc2=75.46%  ens=75.43%  (best 75.43 @ ep 42)  [6.2s]
  ep  43: R(t)=0.803  l1=0.232  l2=0.225  acc1=73.94%  acc2=76.33%  ens=75.13%  (best 75.43 @ ep 42)  [7.9s]
  ep  44: R(t)=0.803  l1=0.238  l2=0.239  acc1=73.99%  acc2=73.83%  ens=73.91%  (best 75.43 @ ep 42)  [15.3s]
  ep  45: R(t)=0.803  l1=0.232  l2=0.235  acc1=72.46%  acc2=73.48%  ens=72.97%  (best 75.43 @ ep 42)  [17.0s]
  ep  46: R(t)=0.803  l1=0.225  l2=0.235  acc1=73.09%  acc2=71.64%  ens=72.36%  (best 75.43 @ ep 42)  [14.7s]
  ep  47: R(t)=0.803  l1=0.218  l2=0.219  acc1=69.00%  acc2=74.26%  ens=71.63%  (best 75.43 @ ep 42)  [7.2s]
  ep  48: R(t)=0.803  l1=0.213  l2=0.213  acc1=75.09%  acc2=74.46%  ens=74.78%  (best 75.43 @ ep 42)  [6.4s]
  ep  49: R(t)=0.803  l1=0.218  l2=0.210  acc1=76.51%  acc2=76.69%  ens=76.60%  (best 76.60 @ ep 49)  [6.3s]
  ep  50: R(t)=0.803  l1=0.206  l2=0.208  acc1=67.91%  acc2=75.26%  ens=71.59%  (best 76.60 @ ep 49)  [6.3s]
  ep  51: R(t)=0.803  l1=0.192  l2=0.204  acc1=75.98%  acc2=74.47%  ens=75.23%  (best 76.60 @ ep 49)  [6.2s]
  ep  52: R(t)=0.803  l1=0.189  l2=0.195  acc1=76.44%  acc2=75.55%  ens=75.99%  (best 76.60 @ ep 49)  [6.0s]
  ep  53: R(t)=0.803  l1=0.196  l2=0.193  acc1=74.46%  acc2=76.32%  ens=75.39%  (best 76.60 @ ep 49)  [5.9s]
  ep  54: R(t)=0.803  l1=0.179  l2=0.172  acc1=76.41%  acc2=76.71%  ens=76.56%  (best 76.60 @ ep 49)  [6.2s]
  ep  55: R(t)=0.803  l1=0.188  l2=0.189  acc1=76.66%  acc2=76.09%  ens=76.38%  (best 76.60 @ ep 49)  [6.0s]
  ep  56: R(t)=0.803  l1=0.175  l2=0.174  acc1=77.71%  acc2=75.51%  ens=76.61%  (best 76.61 @ ep 56)  [6.1s]
  ep  57: R(t)=0.803  l1=0.169  l2=0.171  acc1=76.53%  acc2=77.18%  ens=76.86%  (best 76.86 @ ep 57)  [10.5s]
  ep  58: R(t)=0.803  l1=0.175  l2=0.167  acc1=76.98%  acc2=77.37%  ens=77.18%  (best 77.18 @ ep 58)  [15.6s]
  ep  59: R(t)=0.803  l1=0.162  l2=0.165  acc1=77.44%  acc2=77.41%  ens=77.42%  (best 77.42 @ ep 59)  [16.4s]
  ep  60: R(t)=0.803  l1=0.165  l2=0.156  acc1=78.13%  acc2=77.21%  ens=77.67%  (best 77.67 @ ep 60)  [13.9s]
  ep  61: R(t)=0.803  l1=0.148  l2=0.145  acc1=77.14%  acc2=78.97%  ens=78.05%  (best 78.05 @ ep 61)  [5.9s]
  ep  62: R(t)=0.803  l1=0.151  l2=0.148  acc1=79.28%  acc2=79.54%  ens=79.41%  (best 79.41 @ ep 62)  [5.7s]
  ep  63: R(t)=0.803  l1=0.137  l2=0.130  acc1=76.73%  acc2=77.39%  ens=77.06%  (best 79.41 @ ep 62)  [6.1s]
  ep  64: R(t)=0.803  l1=0.133  l2=0.131  acc1=78.62%  acc2=78.13%  ens=78.38%  (best 79.41 @ ep 62)  [6.0s]
  ep  65: R(t)=0.803  l1=0.135  l2=0.123  acc1=72.49%  acc2=78.41%  ens=75.45%  (best 79.41 @ ep 62)  [6.0s]
  ep  66: R(t)=0.803  l1=0.117  l2=0.115  acc1=77.48%  acc2=78.94%  ens=78.21%  (best 79.41 @ ep 62)  [6.3s]
  ep  67: R(t)=0.803  l1=0.117  l2=0.112  acc1=78.17%  acc2=76.88%  ens=77.53%  (best 79.41 @ ep 62)  [6.2s]
  ep  68: R(t)=0.803  l1=0.112  l2=0.119  acc1=78.80%  acc2=79.02%  ens=78.91%  (best 79.41 @ ep 62)  [6.2s]
  ep  69: R(t)=0.803  l1=0.112  l2=0.118  acc1=79.13%  acc2=79.08%  ens=79.11%  (best 79.41 @ ep 62)  [5.9s]
  ep  70: R(t)=0.803  l1=0.102  l2=0.093  acc1=79.48%  acc2=78.54%  ens=79.01%  (best 79.41 @ ep 62)  [5.9s]
  ep  71: R(t)=0.803  l1=0.095  l2=0.088  acc1=78.98%  acc2=78.36%  ens=78.67%  (best 79.41 @ ep 62)  [15.1s]
  ep  72: R(t)=0.803  l1=0.099  l2=0.099  acc1=79.64%  acc2=79.24%  ens=79.44%  (best 79.44 @ ep 72)  [16.1s]
  ep  73: R(t)=0.803  l1=0.082  l2=0.080  acc1=79.89%  acc2=79.09%  ens=79.49%  (best 79.49 @ ep 73)  [14.7s]
  ep  74: R(t)=0.803  l1=0.084  l2=0.081  acc1=78.65%  acc2=79.32%  ens=78.98%  (best 79.49 @ ep 73)  [11.4s]
  ep  75: R(t)=0.803  l1=0.083  l2=0.077  acc1=80.30%  acc2=79.61%  ens=79.95%  (best 79.95 @ ep 75)  [6.2s]
  ep  76: R(t)=0.803  l1=0.071  l2=0.067  acc1=80.89%  acc2=80.60%  ens=80.75%  (best 80.75 @ ep 76)  [6.3s]
  ep  77: R(t)=0.803  l1=0.065  l2=0.067  acc1=80.37%  acc2=80.31%  ens=80.34%  (best 80.75 @ ep 76)  [6.0s]
  ep  78: R(t)=0.803  l1=0.055  l2=0.052  acc1=80.21%  acc2=81.32%  ens=80.77%  (best 80.77 @ ep 78)  [6.0s]
  ep  79: R(t)=0.803  l1=0.053  l2=0.050  acc1=80.83%  acc2=81.72%  ens=81.28%  (best 81.28 @ ep 79)  [6.3s]
  ep  80: R(t)=0.803  l1=0.053  l2=0.048  acc1=81.31%  acc2=81.16%  ens=81.23%  (best 81.28 @ ep 79)  [6.1s]
  ep  81: R(t)=0.803  l1=0.052  l2=0.048  acc1=80.92%  acc2=81.24%  ens=81.08%  (best 81.28 @ ep 79)  [6.1s]
  ep  82: R(t)=0.803  l1=0.050  l2=0.046  acc1=81.38%  acc2=80.56%  ens=80.97%  (best 81.28 @ ep 79)  [5.9s]
  ep  83: R(t)=0.803  l1=0.039  l2=0.038  acc1=80.83%  acc2=81.58%  ens=81.20%  (best 81.28 @ ep 79)  [6.3s]
  ep  84: R(t)=0.803  l1=0.036  l2=0.034  acc1=81.82%  acc2=81.50%  ens=81.66%  (best 81.66 @ ep 84)  [11.3s]
  ep  85: R(t)=0.803  l1=0.032  l2=0.031  acc1=81.83%  acc2=82.06%  ens=81.95%  (best 81.95 @ ep 85)  [14.1s]
  ep  86: R(t)=0.803  l1=0.031  l2=0.031  acc1=81.98%  acc2=81.55%  ens=81.77%  (best 81.95 @ ep 85)  [14.1s]
  ep  87: R(t)=0.803  l1=0.028  l2=0.025  acc1=81.93%  acc2=81.91%  ens=81.92%  (best 81.95 @ ep 85)  [15.9s]
  ep  88: R(t)=0.803  l1=0.025  l2=0.022  acc1=82.05%  acc2=82.26%  ens=82.16%  (best 82.16 @ ep 88)  [7.9s]
  ep  89: R(t)=0.803  l1=0.023  l2=0.021  acc1=81.93%  acc2=82.30%  ens=82.12%  (best 82.16 @ ep 88)  [5.9s]
  ep  90: R(t)=0.803  l1=0.025  l2=0.024  acc1=81.68%  acc2=81.87%  ens=81.77%  (best 82.16 @ ep 88)  [5.9s]
  ep  91: R(t)=0.803  l1=0.023  l2=0.023  acc1=81.86%  acc2=82.22%  ens=82.04%  (best 82.16 @ ep 88)  [6.2s]
  ep  92: R(t)=0.803  l1=0.023  l2=0.023  acc1=82.32%  acc2=82.32%  ens=82.32%  (best 82.32 @ ep 92)  [6.3s]
  ep  93: R(t)=0.803  l1=0.021  l2=0.019  acc1=81.71%  acc2=82.14%  ens=81.92%  (best 82.32 @ ep 92)  [6.2s]
  ep  94: R(t)=0.803  l1=0.024  l2=0.021  acc1=81.93%  acc2=82.14%  ens=82.03%  (best 82.32 @ ep 92)  [6.2s]
  ep  95: R(t)=0.803  l1=0.019  l2=0.019  acc1=81.88%  acc2=82.13%  ens=82.00%  (best 82.32 @ ep 92)  [6.0s]
  ep  96: R(t)=0.803  l1=0.021  l2=0.019  acc1=81.85%  acc2=82.08%  ens=81.97%  (best 82.32 @ ep 92)  [6.0s]
  ep  97: R(t)=0.803  l1=0.018  l2=0.017  acc1=82.04%  acc2=82.38%  ens=82.21%  (best 82.32 @ ep 92)  [6.2s]
  ep  98: R(t)=0.803  l1=0.020  l2=0.019  acc1=82.04%  acc2=82.17%  ens=82.11%  (best 82.32 @ ep 92)  [8.9s]
  ep  99: R(t)=0.803  l1=0.019  l2=0.018  acc1=82.10%  acc2=82.35%  ens=82.22%  (best 82.32 @ ep 92)  [16.1s]

saved /path/to/ciln-workspace/journal_edition/robustness_transfer/results_v3/coteaching/gu_medium__seed0.json: best ens-acc 82.32% @ ep 92
[00:01:12] gpu 1: gu_medium seed 1 -> ../logs/coteaching_v3/gu_medium__seed1.log
/path/to/ciln-workspace/venv/lib/python3.12/site-packages/torchvision/datasets/cifar.py:83: VisibleDeprecationWarning: dtype(): align should be passed as Python or NumPy boolean but got `align=0`. Did you mean to pass a tuple to create a subarray type? (Deprecated NumPy 2.4)
  entry = pickle.load(f, encoding="latin1")
condition=gu_medium seed=1 gpu=1
  ep   0: R(t)=1.000  l1=1.888  l2=1.895  acc1=33.27%  acc2=32.35%  ens=32.81%  (best 32.81 @ ep 0)  [7.2s]
  ep   1: R(t)=0.938  l1=1.534  l2=1.489  acc1=40.58%  acc2=37.95%  ens=39.27%  (best 39.27 @ ep 1)  [6.0s]
  ep   2: R(t)=0.912  l1=1.317  l2=1.260  acc1=45.70%  acc2=47.94%  ens=46.82%  (best 46.82 @ ep 2)  [6.1s]
  ep   3: R(t)=0.892  l1=1.097  l2=1.072  acc1=55.36%  acc2=53.66%  ens=54.51%  (best 54.51 @ ep 3)  [5.8s]
  ep   4: R(t)=0.876  l1=0.901  l2=0.893  acc1=56.11%  acc2=52.86%  ens=54.49%  (best 54.51 @ ep 3)  [6.1s]
  ep   5: R(t)=0.861  l1=0.787  l2=0.781  acc1=52.36%  acc2=55.04%  ens=53.70%  (best 54.51 @ ep 3)  [5.9s]
  ep   6: R(t)=0.848  l1=0.714  l2=0.705  acc1=56.80%  acc2=54.84%  ens=55.82%  (best 55.82 @ ep 6)  [6.1s]
  ep   7: R(t)=0.836  l1=0.632  l2=0.621  acc1=57.15%  acc2=61.17%  ens=59.16%  (best 59.16 @ ep 7)  [6.3s]
  ep   8: R(t)=0.824  l1=0.583  l2=0.570  acc1=60.60%  acc2=56.86%  ens=58.73%  (best 59.16 @ ep 7)  [5.9s]
  ep   9: R(t)=0.814  l1=0.533  l2=0.530  acc1=61.07%  acc2=59.84%  ens=60.46%  (best 60.46 @ ep 9)  [14.6s]
  ep  10: R(t)=0.803  l1=0.490  l2=0.487  acc1=60.95%  acc2=59.35%  ens=60.15%  (best 60.46 @ ep 9)  [14.9s]
  ep  11: R(t)=0.803  l1=0.462  l2=0.456  acc1=51.12%  acc2=58.11%  ens=54.61%  (best 60.46 @ ep 9)  [17.3s]
  ep  12: R(t)=0.803  l1=0.427  l2=0.440  acc1=69.00%  acc2=64.90%  ens=66.95%  (best 66.95 @ ep 12)  [12.9s]
  ep  13: R(t)=0.803  l1=0.429  l2=0.413  acc1=66.25%  acc2=68.37%  ens=67.31%  (best 67.31 @ ep 13)  [5.9s]
  ep  14: R(t)=0.803  l1=0.417  l2=0.417  acc1=64.84%  acc2=66.59%  ens=65.72%  (best 67.31 @ ep 13)  [6.0s]
  ep  15: R(t)=0.803  l1=0.401  l2=0.406  acc1=64.79%  acc2=63.71%  ens=64.25%  (best 67.31 @ ep 13)  [5.9s]
  ep  16: R(t)=0.803  l1=0.376  l2=0.369  acc1=66.33%  acc2=66.77%  ens=66.55%  (best 67.31 @ ep 13)  [6.2s]
  ep  17: R(t)=0.803  l1=0.388  l2=0.390  acc1=69.78%  acc2=67.90%  ens=68.84%  (best 68.84 @ ep 17)  [6.3s]
  ep  18: R(t)=0.803  l1=0.361  l2=0.362  acc1=64.92%  acc2=64.04%  ens=64.48%  (best 68.84 @ ep 17)  [6.4s]
  ep  19: R(t)=0.803  l1=0.358  l2=0.356  acc1=65.81%  acc2=62.86%  ens=64.34%  (best 68.84 @ ep 17)  [6.3s]
  ep  20: R(t)=0.803  l1=0.353  l2=0.365  acc1=64.35%  acc2=65.72%  ens=65.03%  (best 68.84 @ ep 17)  [6.1s]
  ep  21: R(t)=0.803  l1=0.343  l2=0.350  acc1=64.22%  acc2=70.59%  ens=67.41%  (best 68.84 @ ep 17)  [6.1s]
  ep  22: R(t)=0.803  l1=0.333  l2=0.341  acc1=65.61%  acc2=66.17%  ens=65.89%  (best 68.84 @ ep 17)  [8.7s]
  ep  23: R(t)=0.803  l1=0.341  l2=0.343  acc1=68.28%  acc2=68.91%  ens=68.59%  (best 68.84 @ ep 17)  [16.4s]
  ep  24: R(t)=0.803  l1=0.322  l2=0.325  acc1=65.92%  acc2=70.86%  ens=68.39%  (best 68.84 @ ep 17)  [18.4s]
  ep  25: R(t)=0.803  l1=0.318  l2=0.320  acc1=74.10%  acc2=71.09%  ens=72.59%  (best 72.59 @ ep 25)  [6.0s]
  ep  26: R(t)=0.803  l1=0.314  l2=0.305  acc1=71.74%  acc2=70.55%  ens=71.14%  (best 72.59 @ ep 25)  [6.1s]
  ep  27: R(t)=0.803  l1=0.308  l2=0.313  acc1=69.52%  acc2=67.89%  ens=68.70%  (best 72.59 @ ep 25)  [6.1s]
  ep  28: R(t)=0.803  l1=0.302  l2=0.304  acc1=69.47%  acc2=72.81%  ens=71.14%  (best 72.59 @ ep 25)  [6.1s]
  ep  29: R(t)=0.803  l1=0.299  l2=0.293  acc1=72.34%  acc2=68.98%  ens=70.66%  (best 72.59 @ ep 25)  [6.1s]
  ep  30: R(t)=0.803  l1=0.296  l2=0.295  acc1=68.54%  acc2=69.86%  ens=69.20%  (best 72.59 @ ep 25)  [6.1s]
  ep  31: R(t)=0.803  l1=0.291  l2=0.296  acc1=75.11%  acc2=66.03%  ens=70.57%  (best 72.59 @ ep 25)  [6.0s]
  ep  32: R(t)=0.803  l1=0.293  l2=0.291  acc1=70.93%  acc2=73.20%  ens=72.06%  (best 72.59 @ ep 25)  [5.8s]
  ep  33: R(t)=0.803  l1=0.279  l2=0.282  acc1=69.91%  acc2=70.08%  ens=70.00%  (best 72.59 @ ep 25)  [6.1s]
  ep  34: R(t)=0.803  l1=0.288  l2=0.282  acc1=66.69%  acc2=70.38%  ens=68.53%  (best 72.59 @ ep 25)  [6.0s]
  ep  35: R(t)=0.803  l1=0.276  l2=0.279  acc1=74.22%  acc2=72.02%  ens=73.12%  (best 73.12 @ ep 35)  [9.1s]
  ep  36: R(t)=0.803  l1=0.266  l2=0.270  acc1=71.54%  acc2=73.15%  ens=72.34%  (best 73.12 @ ep 35)  [17.9s]
  ep  37: R(t)=0.803  l1=0.266  l2=0.265  acc1=69.13%  acc2=71.50%  ens=70.31%  (best 73.12 @ ep 35)  [15.4s]
  ep  38: R(t)=0.803  l1=0.266  l2=0.268  acc1=74.45%  acc2=69.14%  ens=71.80%  (best 73.12 @ ep 35)  [16.6s]
  ep  39: R(t)=0.803  l1=0.257  l2=0.257  acc1=72.59%  acc2=66.36%  ens=69.47%  (best 73.12 @ ep 35)  [7.2s]
  ep  40: R(t)=0.803  l1=0.250  l2=0.246  acc1=71.58%  acc2=74.68%  ens=73.13%  (best 73.13 @ ep 40)  [6.1s]
  ep  41: R(t)=0.803  l1=0.246  l2=0.253  acc1=73.62%  acc2=75.28%  ens=74.45%  (best 74.45 @ ep 41)  [6.1s]
  ep  42: R(t)=0.803  l1=0.238  l2=0.241  acc1=73.67%  acc2=74.00%  ens=73.84%  (best 74.45 @ ep 41)  [6.0s]
  ep  43: R(t)=0.803  l1=0.233  l2=0.235  acc1=74.33%  acc2=72.82%  ens=73.57%  (best 74.45 @ ep 41)  [6.2s]
  ep  44: R(t)=0.803  l1=0.222  l2=0.227  acc1=75.12%  acc2=74.75%  ens=74.94%  (best 74.94 @ ep 44)  [6.0s]
  ep  45: R(t)=0.803  l1=0.226  l2=0.232  acc1=73.56%  acc2=76.34%  ens=74.95%  (best 74.95 @ ep 45)  [6.3s]
  ep  46: R(t)=0.803  l1=0.229  l2=0.224  acc1=73.72%  acc2=76.46%  ens=75.09%  (best 75.09 @ ep 46)  [6.0s]
  ep  47: R(t)=0.803  l1=0.213  l2=0.216  acc1=69.62%  acc2=73.42%  ens=71.52%  (best 75.09 @ ep 46)  [6.1s]
  ep  48: R(t)=0.803  l1=0.214  l2=0.219  acc1=76.39%  acc2=74.49%  ens=75.44%  (best 75.44 @ ep 48)  [6.1s]
  ep  49: R(t)=0.803  l1=0.220  l2=0.210  acc1=69.51%  acc2=75.77%  ens=72.64%  (best 75.44 @ ep 48)  [19.3s]
  ep  50: R(t)=0.803  l1=0.205  l2=0.208  acc1=71.57%  acc2=73.61%  ens=72.59%  (best 75.44 @ ep 48)  [14.8s]
  ep  51: R(t)=0.803  l1=0.202  l2=0.197  acc1=73.83%  acc2=76.03%  ens=74.93%  (best 75.44 @ ep 48)  [17.2s]
  ep  52: R(t)=0.803  l1=0.200  l2=0.200  acc1=73.11%  acc2=73.89%  ens=73.50%  (best 75.44 @ ep 48)  [11.6s]
  ep  53: R(t)=0.803  l1=0.188  l2=0.191  acc1=76.29%  acc2=76.82%  ens=76.55%  (best 76.55 @ ep 53)  [6.0s]
  ep  54: R(t)=0.803  l1=0.183  l2=0.184  acc1=73.71%  acc2=77.10%  ens=75.41%  (best 76.55 @ ep 53)  [6.1s]
  ep  55: R(t)=0.803  l1=0.177  l2=0.177  acc1=77.00%  acc2=77.20%  ens=77.10%  (best 77.10 @ ep 55)  [6.3s]
  ep  56: R(t)=0.803  l1=0.175  l2=0.175  acc1=76.62%  acc2=76.37%  ens=76.50%  (best 77.10 @ ep 55)  [6.0s]
  ep  57: R(t)=0.803  l1=0.165  l2=0.163  acc1=77.44%  acc2=76.88%  ens=77.16%  (best 77.16 @ ep 57)  [6.1s]
  ep  58: R(t)=0.803  l1=0.164  l2=0.167  acc1=75.36%  acc2=76.19%  ens=75.78%  (best 77.16 @ ep 57)  [6.1s]
  ep  59: R(t)=0.803  l1=0.151  l2=0.159  acc1=71.65%  acc2=73.55%  ens=72.60%  (best 77.16 @ ep 57)  [6.0s]
  ep  60: R(t)=0.803  l1=0.156  l2=0.151  acc1=76.40%  acc2=76.25%  ens=76.33%  (best 77.16 @ ep 57)  [6.2s]
  ep  61: R(t)=0.803  l1=0.150  l2=0.152  acc1=76.87%  acc2=77.93%  ens=77.40%  (best 77.40 @ ep 61)  [6.1s]
  ep  62: R(t)=0.803  l1=0.147  l2=0.145  acc1=77.18%  acc2=77.93%  ens=77.55%  (best 77.55 @ ep 62)  [12.2s]
  ep  63: R(t)=0.803  l1=0.140  l2=0.139  acc1=78.61%  acc2=78.48%  ens=78.55%  (best 78.55 @ ep 63)  [15.9s]
  ep  64: R(t)=0.803  l1=0.128  l2=0.130  acc1=79.02%  acc2=75.97%  ens=77.50%  (best 78.55 @ ep 63)  [16.0s]
  ep  65: R(t)=0.803  l1=0.126  l2=0.124  acc1=77.89%  acc2=78.62%  ens=78.26%  (best 78.55 @ ep 63)  [15.6s]
  ep  66: R(t)=0.803  l1=0.121  l2=0.122  acc1=78.92%  acc2=77.96%  ens=78.44%  (best 78.55 @ ep 63)  [6.9s]
  ep  67: R(t)=0.803  l1=0.112  l2=0.119  acc1=77.32%  acc2=79.18%  ens=78.25%  (best 78.55 @ ep 63)  [6.1s]
  ep  68: R(t)=0.803  l1=0.114  l2=0.114  acc1=76.94%  acc2=78.64%  ens=77.79%  (best 78.55 @ ep 63)  [6.1s]
  ep  69: R(t)=0.803  l1=0.102  l2=0.101  acc1=79.42%  acc2=79.11%  ens=79.27%  (best 79.27 @ ep 69)  [6.1s]
  ep  70: R(t)=0.803  l1=0.106  l2=0.102  acc1=78.97%  acc2=79.54%  ens=79.25%  (best 79.27 @ ep 69)  [6.0s]
  ep  71: R(t)=0.803  l1=0.085  l2=0.087  acc1=78.99%  acc2=78.01%  ens=78.50%  (best 79.27 @ ep 69)  [5.9s]
  ep  72: R(t)=0.803  l1=0.092  l2=0.092  acc1=79.96%  acc2=80.41%  ens=80.19%  (best 80.19 @ ep 72)  [5.9s]
  ep  73: R(t)=0.803  l1=0.074  l2=0.077  acc1=80.15%  acc2=79.42%  ens=79.78%  (best 80.19 @ ep 72)  [5.9s]
  ep  74: R(t)=0.803  l1=0.074  l2=0.075  acc1=79.12%  acc2=79.29%  ens=79.20%  (best 80.19 @ ep 72)  [6.0s]
  ep  75: R(t)=0.803  l1=0.070  l2=0.076  acc1=80.66%  acc2=80.28%  ens=80.47%  (best 80.47 @ ep 75)  [6.0s]
  ep  76: R(t)=0.803  l1=0.062  l2=0.063  acc1=80.51%  acc2=81.22%  ens=80.87%  (best 80.87 @ ep 76)  [8.5s]
  ep  77: R(t)=0.803  l1=0.059  l2=0.059  acc1=81.19%  acc2=80.73%  ens=80.96%  (best 80.96 @ ep 77)  [6.0s]
  ep  78: R(t)=0.803  l1=0.059  l2=0.057  acc1=81.04%  acc2=80.51%  ens=80.77%  (best 80.96 @ ep 77)  [6.0s]
  ep  79: R(t)=0.803  l1=0.056  l2=0.056  acc1=80.94%  acc2=80.68%  ens=80.81%  (best 80.96 @ ep 77)  [6.0s]
  ep  80: R(t)=0.803  l1=0.051  l2=0.051  acc1=81.12%  acc2=80.99%  ens=81.05%  (best 81.05 @ ep 80)  [6.2s]
  ep  81: R(t)=0.803  l1=0.043  l2=0.043  acc1=81.54%  acc2=81.15%  ens=81.34%  (best 81.34 @ ep 81)  [6.0s]
  ep  82: R(t)=0.803  l1=0.042  l2=0.041  acc1=81.77%  acc2=81.22%  ens=81.50%  (best 81.50 @ ep 82)  [6.1s]
  ep  83: R(t)=0.803  l1=0.034  l2=0.033  acc1=80.98%  acc2=80.66%  ens=80.82%  (best 81.50 @ ep 82)  [6.2s]
  ep  84: R(t)=0.803  l1=0.036  l2=0.035  acc1=81.48%  acc2=81.43%  ens=81.45%  (best 81.50 @ ep 82)  [6.2s]
  ep  85: R(t)=0.803  l1=0.030  l2=0.031  acc1=82.17%  acc2=81.76%  ens=81.97%  (best 81.97 @ ep 85)  [6.2s]
  ep  86: R(t)=0.803  l1=0.030  l2=0.031  acc1=81.96%  acc2=81.78%  ens=81.87%  (best 81.97 @ ep 85)  [6.3s]
  ep  87: R(t)=0.803  l1=0.029  l2=0.029  acc1=81.74%  acc2=81.47%  ens=81.60%  (best 81.97 @ ep 85)  [18.5s]
  ep  88: R(t)=0.803  l1=0.027  l2=0.028  acc1=81.99%  acc2=81.38%  ens=81.69%  (best 81.97 @ ep 85)  [15.1s]
  ep  89: R(t)=0.803  l1=0.024  l2=0.023  acc1=82.11%  acc2=82.06%  ens=82.09%  (best 82.09 @ ep 89)  [17.3s]
  ep  90: R(t)=0.803  l1=0.023  l2=0.022  acc1=82.19%  acc2=81.75%  ens=81.97%  (best 82.09 @ ep 89)  [6.2s]
  ep  91: R(t)=0.803  l1=0.021  l2=0.022  acc1=82.10%  acc2=81.66%  ens=81.88%  (best 82.09 @ ep 89)  [6.2s]
  ep  92: R(t)=0.803  l1=0.019  l2=0.020  acc1=82.25%  acc2=82.07%  ens=82.16%  (best 82.16 @ ep 92)  [6.2s]
  ep  93: R(t)=0.803  l1=0.019  l2=0.019  acc1=82.51%  acc2=82.06%  ens=82.28%  (best 82.28 @ ep 93)  [6.2s]
  ep  94: R(t)=0.803  l1=0.017  l2=0.018  acc1=82.20%  acc2=82.05%  ens=82.12%  (best 82.28 @ ep 93)  [5.9s]
  ep  95: R(t)=0.803  l1=0.020  l2=0.022  acc1=82.10%  acc2=81.70%  ens=81.90%  (best 82.28 @ ep 93)  [6.2s]
  ep  96: R(t)=0.803  l1=0.020  l2=0.021  acc1=82.21%  acc2=81.81%  ens=82.01%  (best 82.28 @ ep 93)  [6.3s]
  ep  97: R(t)=0.803  l1=0.018  l2=0.019  acc1=82.29%  acc2=81.94%  ens=82.12%  (best 82.28 @ ep 93)  [6.1s]
  ep  98: R(t)=0.803  l1=0.019  l2=0.020  acc1=82.09%  acc2=81.76%  ens=81.92%  (best 82.28 @ ep 93)  [6.0s]
  ep  99: R(t)=0.803  l1=0.018  l2=0.019  acc1=82.12%  acc2=81.74%  ens=81.93%  (best 82.28 @ ep 93)  [10.9s]

saved /path/to/ciln-workspace/journal_edition/robustness_transfer/results_v3/coteaching/gu_medium__seed1.json: best ens-acc 82.28% @ ep 93
[00:15:05] gpu 1: gu_medium seed 2 -> ../logs/coteaching_v3/gu_medium__seed2.log
/path/to/ciln-workspace/venv/lib/python3.12/site-packages/torchvision/datasets/cifar.py:83: VisibleDeprecationWarning: dtype(): align should be passed as Python or NumPy boolean but got `align=0`. Did you mean to pass a tuple to create a subarray type? (Deprecated NumPy 2.4)
  entry = pickle.load(f, encoding="latin1")
condition=gu_medium seed=2 gpu=1
  ep   0: R(t)=1.000  l1=1.884  l2=1.880  acc1=37.85%  acc2=35.27%  ens=36.56%  (best 36.56 @ ep 0)  [7.3s]
  ep   1: R(t)=0.938  l1=1.413  l2=1.417  acc1=45.63%  acc2=44.99%  ens=45.31%  (best 45.31 @ ep 1)  [6.0s]
  ep   2: R(t)=0.912  l1=1.137  l2=1.136  acc1=52.54%  acc2=49.02%  ens=50.78%  (best 50.78 @ ep 2)  [6.2s]
  ep   3: R(t)=0.892  l1=0.945  l2=0.941  acc1=50.55%  acc2=56.62%  ens=53.58%  (best 53.58 @ ep 3)  [6.2s]
  ep   4: R(t)=0.876  l1=0.827  l2=0.812  acc1=56.33%  acc2=53.73%  ens=55.03%  (best 55.03 @ ep 4)  [6.1s]
  ep   5: R(t)=0.861  l1=0.721  l2=0.715  acc1=58.98%  acc2=61.54%  ens=60.26%  (best 60.26 @ ep 5)  [6.1s]
  ep   6: R(t)=0.848  l1=0.662  l2=0.661  acc1=63.65%  acc2=58.64%  ens=61.15%  (best 61.15 @ ep 6)  [6.0s]
  ep   7: R(t)=0.836  l1=0.605  l2=0.614  acc1=58.86%  acc2=56.63%  ens=57.75%  (best 61.15 @ ep 6)  [6.3s]
  ep   8: R(t)=0.824  l1=0.546  l2=0.550  acc1=59.37%  acc2=63.10%  ens=61.23%  (best 61.23 @ ep 8)  [6.5s]
  ep   9: R(t)=0.814  l1=0.493  l2=0.492  acc1=62.29%  acc2=66.41%  ens=64.35%  (best 64.35 @ ep 9)  [10.0s]
  ep  10: R(t)=0.803  l1=0.459  l2=0.461  acc1=58.60%  acc2=65.03%  ens=61.81%  (best 64.35 @ ep 9)  [17.4s]
  ep  11: R(t)=0.803  l1=0.439  l2=0.442  acc1=66.22%  acc2=59.02%  ens=62.62%  (best 64.35 @ ep 9)  [6.0s]
  ep  12: R(t)=0.803  l1=0.423  l2=0.422  acc1=69.11%  acc2=67.90%  ens=68.51%  (best 68.51 @ ep 12)  [6.0s]
  ep  13: R(t)=0.803  l1=0.402  l2=0.402  acc1=60.78%  acc2=56.81%  ens=58.79%  (best 68.51 @ ep 12)  [6.1s]
  ep  14: R(t)=0.803  l1=0.408  l2=0.396  acc1=69.43%  acc2=68.80%  ens=69.11%  (best 69.11 @ ep 14)  [5.8s]
  ep  15: R(t)=0.803  l1=0.384  l2=0.383  acc1=67.33%  acc2=66.64%  ens=66.98%  (best 69.11 @ ep 14)  [6.2s]
  ep  16: R(t)=0.803  l1=0.373  l2=0.373  acc1=65.98%  acc2=69.75%  ens=67.86%  (best 69.11 @ ep 14)  [6.5s]
  ep  17: R(t)=0.803  l1=0.375  l2=0.362  acc1=65.18%  acc2=64.91%  ens=65.05%  (best 69.11 @ ep 14)  [5.9s]
  ep  18: R(t)=0.803  l1=0.356  l2=0.361  acc1=69.20%  acc2=71.45%  ens=70.32%  (best 70.32 @ ep 18)  [6.0s]
  ep  19: R(t)=0.803  l1=0.361  l2=0.360  acc1=65.30%  acc2=67.27%  ens=66.28%  (best 70.32 @ ep 18)  [5.8s]
  ep  20: R(t)=0.803  l1=0.340  l2=0.341  acc1=71.68%  acc2=71.98%  ens=71.83%  (best 71.83 @ ep 20)  [6.0s]
  ep  21: R(t)=0.803  l1=0.346  l2=0.337  acc1=69.68%  acc2=65.24%  ens=67.46%  (best 71.83 @ ep 20)  [13.0s]
  ep  22: R(t)=0.803  l1=0.341  l2=0.332  acc1=73.47%  acc2=71.99%  ens=72.73%  (best 72.73 @ ep 22)  [13.6s]
  ep  23: R(t)=0.803  l1=0.318  l2=0.327  acc1=70.30%  acc2=67.46%  ens=68.88%  (best 72.73 @ ep 22)  [5.8s]
  ep  24: R(t)=0.803  l1=0.326  l2=0.329  acc1=68.60%  acc2=72.26%  ens=70.43%  (best 72.73 @ ep 22)  [6.4s]
  ep  25: R(t)=0.803  l1=0.320  l2=0.312  acc1=69.19%  acc2=58.09%  ens=63.64%  (best 72.73 @ ep 22)  [6.0s]
  ep  26: R(t)=0.803  l1=0.313  l2=0.313  acc1=66.67%  acc2=64.51%  ens=65.59%  (best 72.73 @ ep 22)  [6.0s]
  ep  27: R(t)=0.803  l1=0.307  l2=0.300  acc1=71.63%  acc2=70.62%  ens=71.12%  (best 72.73 @ ep 22)  [6.4s]
  ep  28: R(t)=0.803  l1=0.300  l2=0.301  acc1=74.22%  acc2=72.21%  ens=73.22%  (best 73.22 @ ep 28)  [6.1s]
  ep  29: R(t)=0.803  l1=0.297  l2=0.298  acc1=73.80%  acc2=73.62%  ens=73.71%  (best 73.71 @ ep 29)  [6.3s]
  ep  30: R(t)=0.803  l1=0.293  l2=0.291  acc1=71.82%  acc2=71.19%  ens=71.50%  (best 73.71 @ ep 29)  [5.9s]
  ep  31: R(t)=0.803  l1=0.286  l2=0.281  acc1=69.31%  acc2=72.45%  ens=70.88%  (best 73.71 @ ep 29)  [6.0s]
  ep  32: R(t)=0.803  l1=0.290  l2=0.294  acc1=69.33%  acc2=72.40%  ens=70.86%  (best 73.71 @ ep 29)  [6.3s]
  ep  33: R(t)=0.803  l1=0.278  l2=0.279  acc1=63.25%  acc2=73.04%  ens=68.14%  (best 73.71 @ ep 29)  [15.7s]
  ep  34: R(t)=0.803  l1=0.277  l2=0.272  acc1=71.42%  acc2=72.61%  ens=72.02%  (best 73.71 @ ep 29)  [14.4s]
  ep  35: R(t)=0.803  l1=0.276  l2=0.265  acc1=72.22%  acc2=72.77%  ens=72.50%  (best 73.71 @ ep 29)  [6.1s]
  ep  36: R(t)=0.803  l1=0.276  l2=0.268  acc1=66.17%  acc2=71.30%  ens=68.73%  (best 73.71 @ ep 29)  [6.0s]
  ep  37: R(t)=0.803  l1=0.255  l2=0.252  acc1=70.09%  acc2=73.28%  ens=71.69%  (best 73.71 @ ep 29)  [6.1s]
  ep  38: R(t)=0.803  l1=0.253  l2=0.247  acc1=73.58%  acc2=73.28%  ens=73.43%  (best 73.71 @ ep 29)  [6.1s]
  ep  39: R(t)=0.803  l1=0.256  l2=0.262  acc1=72.54%  acc2=71.94%  ens=72.24%  (best 73.71 @ ep 29)  [6.5s]
  ep  40: R(t)=0.803  l1=0.244  l2=0.239  acc1=75.03%  acc2=74.80%  ens=74.91%  (best 74.91 @ ep 40)  [6.1s]
  ep  41: R(t)=0.803  l1=0.252  l2=0.248  acc1=70.84%  acc2=75.80%  ens=73.32%  (best 74.91 @ ep 40)  [6.1s]
  ep  42: R(t)=0.803  l1=0.242  l2=0.232  acc1=73.65%  acc2=75.43%  ens=74.54%  (best 74.91 @ ep 40)  [6.2s]
  ep  43: R(t)=0.803  l1=0.236  l2=0.239  acc1=72.12%  acc2=70.79%  ens=71.45%  (best 74.91 @ ep 40)  [6.1s]
  ep  44: R(t)=0.803  l1=0.237  l2=0.236  acc1=69.84%  acc2=74.97%  ens=72.41%  (best 74.91 @ ep 40)  [6.9s]
  ep  45: R(t)=0.803  l1=0.232  l2=0.223  acc1=74.67%  acc2=72.02%  ens=73.34%  (best 74.91 @ ep 40)  [17.0s]
  ep  46: R(t)=0.803  l1=0.234  l2=0.227  acc1=75.97%  acc2=74.67%  ens=75.32%  (best 75.32 @ ep 46)  [14.7s]
  ep  47: R(t)=0.803  l1=0.218  l2=0.214  acc1=77.19%  acc2=75.37%  ens=76.28%  (best 76.28 @ ep 47)  [16.6s]
  ep  48: R(t)=0.803  l1=0.209  l2=0.210  acc1=67.75%  acc2=76.34%  ens=72.05%  (best 76.28 @ ep 47)  [14.3s]
  ep  49: R(t)=0.803  l1=0.210  l2=0.208  acc1=75.79%  acc2=75.72%  ens=75.75%  (best 76.28 @ ep 47)  [6.1s]
  ep  50: R(t)=0.803  l1=0.208  l2=0.201  acc1=76.07%  acc2=74.29%  ens=75.18%  (best 76.28 @ ep 47)  [6.3s]
  ep  51: R(t)=0.803  l1=0.205  l2=0.200  acc1=75.10%  acc2=76.27%  ens=75.69%  (best 76.28 @ ep 47)  [6.1s]
  ep  52: R(t)=0.803  l1=0.208  l2=0.195  acc1=72.08%  acc2=75.34%  ens=73.71%  (best 76.28 @ ep 47)  [6.2s]
  ep  53: R(t)=0.803  l1=0.199  l2=0.199  acc1=73.90%  acc2=74.89%  ens=74.39%  (best 76.28 @ ep 47)  [6.0s]
  ep  54: R(t)=0.803  l1=0.184  l2=0.178  acc1=76.39%  acc2=74.22%  ens=75.31%  (best 76.28 @ ep 47)  [6.3s]
  ep  55: R(t)=0.803  l1=0.190  l2=0.187  acc1=75.38%  acc2=72.33%  ens=73.86%  (best 76.28 @ ep 47)  [6.1s]
  ep  56: R(t)=0.803  l1=0.177  l2=0.176  acc1=77.16%  acc2=74.96%  ens=76.06%  (best 76.28 @ ep 47)  [6.1s]
  ep  57: R(t)=0.803  l1=0.169  l2=0.168  acc1=74.02%  acc2=78.51%  ens=76.27%  (best 76.28 @ ep 47)  [6.0s]
  ep  58: R(t)=0.803  l1=0.170  l2=0.159  acc1=72.39%  acc2=77.02%  ens=74.70%  (best 76.28 @ ep 47)  [6.0s]
  ep  59: R(t)=0.803  l1=0.157  l2=0.154  acc1=76.70%  acc2=76.90%  ens=76.80%  (best 76.80 @ ep 59)  [18.4s]
  ep  60: R(t)=0.803  l1=0.155  l2=0.152  acc1=77.47%  acc2=76.03%  ens=76.75%  (best 76.80 @ ep 59)  [16.8s]
  ep  61: R(t)=0.803  l1=0.153  l2=0.149  acc1=74.59%  acc2=74.15%  ens=74.37%  (best 76.80 @ ep 59)  [14.1s]
  ep  62: R(t)=0.803  l1=0.149  l2=0.145  acc1=75.32%  acc2=78.02%  ens=76.67%  (best 76.80 @ ep 59)  [14.6s]
  ep  63: R(t)=0.803  l1=0.138  l2=0.132  acc1=77.06%  acc2=77.83%  ens=77.44%  (best 77.44 @ ep 63)  [6.0s]
  ep  64: R(t)=0.803  l1=0.149  l2=0.136  acc1=78.63%  acc2=78.82%  ens=78.72%  (best 78.72 @ ep 64)  [6.4s]
  ep  65: R(t)=0.803  l1=0.126  l2=0.121  acc1=77.10%  acc2=78.79%  ens=77.94%  (best 78.72 @ ep 64)  [6.1s]
  ep  66: R(t)=0.803  l1=0.128  l2=0.127  acc1=76.62%  acc2=78.35%  ens=77.48%  (best 78.72 @ ep 64)  [6.0s]
  ep  67: R(t)=0.803  l1=0.129  l2=0.120  acc1=78.67%  acc2=80.22%  ens=79.44%  (best 79.44 @ ep 67)  [6.3s]
  ep  68: R(t)=0.803  l1=0.108  l2=0.104  acc1=78.95%  acc2=78.44%  ens=78.70%  (best 79.44 @ ep 67)  [6.2s]
  ep  69: R(t)=0.803  l1=0.107  l2=0.102  acc1=79.54%  acc2=79.31%  ens=79.42%  (best 79.44 @ ep 67)  [6.1s]
  ep  70: R(t)=0.803  l1=0.102  l2=0.094  acc1=79.81%  acc2=79.81%  ens=79.81%  (best 79.81 @ ep 70)  [6.3s]
  ep  71: R(t)=0.803  l1=0.101  l2=0.095  acc1=79.82%  acc2=79.02%  ens=79.42%  (best 79.81 @ ep 70)  [6.1s]
  ep  72: R(t)=0.803  l1=0.092  l2=0.087  acc1=78.17%  acc2=78.02%  ens=78.09%  (best 79.81 @ ep 70)  [8.9s]
  ep  73: R(t)=0.803  l1=0.088  l2=0.082  acc1=79.43%  acc2=79.70%  ens=79.56%  (best 79.81 @ ep 70)  [15.7s]
  ep  74: R(t)=0.803  l1=0.074  l2=0.072  acc1=79.19%  acc2=79.95%  ens=79.57%  (best 79.81 @ ep 70)  [14.2s]
  ep  75: R(t)=0.803  l1=0.073  l2=0.072  acc1=78.92%  acc2=80.61%  ens=79.77%  (best 79.81 @ ep 70)  [6.0s]
  ep  76: R(t)=0.803  l1=0.071  l2=0.065  acc1=81.10%  acc2=80.81%  ens=80.95%  (best 80.95 @ ep 76)  [6.1s]
  ep  77: R(t)=0.803  l1=0.063  l2=0.061  acc1=80.86%  acc2=81.07%  ens=80.97%  (best 80.97 @ ep 77)  [6.1s]
  ep  78: R(t)=0.803  l1=0.059  l2=0.061  acc1=79.54%  acc2=80.65%  ens=80.09%  (best 80.97 @ ep 77)  [6.1s]
  ep  79: R(t)=0.803  l1=0.055  l2=0.051  acc1=80.82%  acc2=80.75%  ens=80.78%  (best 80.97 @ ep 77)  [6.4s]
  ep  80: R(t)=0.803  l1=0.051  l2=0.047  acc1=81.11%  acc2=80.67%  ens=80.89%  (best 80.97 @ ep 77)  [6.1s]
  ep  81: R(t)=0.803  l1=0.049  l2=0.042  acc1=80.89%  acc2=81.52%  ens=81.20%  (best 81.20 @ ep 81)  [6.2s]
  ep  82: R(t)=0.803  l1=0.041  l2=0.038  acc1=81.65%  acc2=81.57%  ens=81.61%  (best 81.61 @ ep 82)  [5.8s]
  ep  83: R(t)=0.803  l1=0.039  l2=0.036  acc1=81.72%  acc2=81.60%  ens=81.66%  (best 81.66 @ ep 83)  [5.9s]
  ep  84: R(t)=0.803  l1=0.035  l2=0.034  acc1=81.70%  acc2=81.84%  ens=81.77%  (best 81.77 @ ep 84)  [7.0s]
  ep  85: R(t)=0.803  l1=0.035  l2=0.031  acc1=81.53%  acc2=81.51%  ens=81.52%  (best 81.77 @ ep 84)  [17.0s]
  ep  86: R(t)=0.803  l1=0.032  l2=0.030  acc1=81.93%  acc2=82.10%  ens=82.01%  (best 82.01 @ ep 86)  [6.5s]
  ep  87: R(t)=0.803  l1=0.032  l2=0.029  acc1=81.64%  acc2=81.57%  ens=81.60%  (best 82.01 @ ep 86)  [6.2s]
  ep  88: R(t)=0.803  l1=0.027  l2=0.025  acc1=81.87%  acc2=81.59%  ens=81.73%  (best 82.01 @ ep 86)  [6.1s]
  ep  89: R(t)=0.803  l1=0.025  l2=0.023  acc1=82.06%  acc2=82.28%  ens=82.17%  (best 82.17 @ ep 89)  [6.0s]
  ep  90: R(t)=0.803  l1=0.024  l2=0.025  acc1=81.86%  acc2=81.78%  ens=81.82%  (best 82.17 @ ep 89)  [5.8s]
  ep  91: R(t)=0.803  l1=0.024  l2=0.023  acc1=82.16%  acc2=82.21%  ens=82.19%  (best 82.19 @ ep 91)  [6.0s]
  ep  92: R(t)=0.803  l1=0.021  l2=0.021  acc1=81.99%  acc2=82.28%  ens=82.14%  (best 82.19 @ ep 91)  [6.2s]
  ep  93: R(t)=0.803  l1=0.022  l2=0.020  acc1=82.01%  acc2=82.29%  ens=82.15%  (best 82.19 @ ep 91)  [5.9s]
  ep  94: R(t)=0.803  l1=0.020  l2=0.020  acc1=82.15%  acc2=82.35%  ens=82.25%  (best 82.25 @ ep 94)  [6.2s]
  ep  95: R(t)=0.803  l1=0.020  l2=0.019  acc1=81.87%  acc2=81.98%  ens=81.92%  (best 82.25 @ ep 94)  [6.1s]
  ep  96: R(t)=0.803  l1=0.021  l2=0.020  acc1=82.02%  acc2=82.21%  ens=82.12%  (best 82.25 @ ep 94)  [12.1s]
  ep  97: R(t)=0.803  l1=0.021  l2=0.018  acc1=81.81%  acc2=81.76%  ens=81.78%  (best 82.25 @ ep 94)  [15.4s]
  ep  98: R(t)=0.803  l1=0.019  l2=0.017  acc1=82.27%  acc2=82.26%  ens=82.27%  (best 82.27 @ ep 98)  [16.9s]
  ep  99: R(t)=0.803  l1=0.021  l2=0.019  acc1=82.18%  acc2=82.08%  ens=82.13%  (best 82.27 @ ep 98)  [15.6s]

saved /path/to/ciln-workspace/journal_edition/robustness_transfer/results_v3/coteaching/gu_medium__seed2.json: best ens-acc 82.27% @ ep 98
[00:28:43] gpu 1: gu_high seed 0 -> ../logs/coteaching_v3/gu_high__seed0.log
/path/to/ciln-workspace/venv/lib/python3.12/site-packages/torchvision/datasets/cifar.py:83: VisibleDeprecationWarning: dtype(): align should be passed as Python or NumPy boolean but got `align=0`. Did you mean to pass a tuple to create a subarray type? (Deprecated NumPy 2.4)
  entry = pickle.load(f, encoding="latin1")
condition=gu_high seed=0 gpu=1
  ep   0: R(t)=1.000  l1=1.969  l2=1.965  acc1=23.97%  acc2=25.63%  ens=24.80%  (best 24.80 @ ep 0)  [7.2s]
  ep   1: R(t)=0.847  l1=1.515  l2=1.517  acc1=38.08%  acc2=38.65%  ens=38.37%  (best 38.37 @ ep 1)  [6.3s]
  ep   2: R(t)=0.784  l1=1.236  l2=1.238  acc1=39.01%  acc2=40.45%  ens=39.73%  (best 39.73 @ ep 2)  [6.1s]
  ep   3: R(t)=0.735  l1=1.040  l2=1.032  acc1=46.28%  acc2=45.72%  ens=46.00%  (best 46.00 @ ep 3)  [6.0s]
  ep   4: R(t)=0.694  l1=0.862  l2=0.862  acc1=42.29%  acc2=43.92%  ens=43.10%  (best 46.00 @ ep 3)  [6.4s]
  ep   5: R(t)=0.658  l1=0.712  l2=0.715  acc1=52.36%  acc2=44.77%  ens=48.56%  (best 48.56 @ ep 5)  [6.2s]
  ep   6: R(t)=0.625  l1=0.584  l2=0.590  acc1=45.26%  acc2=50.54%  ens=47.90%  (best 48.56 @ ep 5)  [6.0s]
  ep   7: R(t)=0.595  l1=0.516  l2=0.514  acc1=52.34%  acc2=52.17%  ens=52.26%  (best 52.26 @ ep 7)  [5.9s]
  ep   8: R(t)=0.567  l1=0.460  l2=0.461  acc1=48.36%  acc2=51.21%  ens=49.79%  (best 52.26 @ ep 7)  [6.3s]
  ep   9: R(t)=0.541  l1=0.382  l2=0.376  acc1=53.29%  acc2=50.12%  ens=51.70%  (best 52.26 @ ep 7)  [15.0s]
  ep  10: R(t)=0.516  l1=0.340  l2=0.341  acc1=53.16%  acc2=53.71%  ens=53.44%  (best 53.44 @ ep 10)  [6.1s]
  ep  11: R(t)=0.516  l1=0.320  l2=0.329  acc1=49.93%  acc2=56.16%  ens=53.04%  (best 53.44 @ ep 10)  [6.0s]
  ep  12: R(t)=0.516  l1=0.332  l2=0.322  acc1=52.37%  acc2=51.51%  ens=51.94%  (best 53.44 @ ep 10)  [6.3s]
  ep  13: R(t)=0.516  l1=0.313  l2=0.318  acc1=53.41%  acc2=55.20%  ens=54.31%  (best 54.31 @ ep 13)  [5.9s]
  ep  14: R(t)=0.516  l1=0.317  l2=0.325  acc1=56.14%  acc2=51.63%  ens=53.89%  (best 54.31 @ ep 13)  [6.1s]
  ep  15: R(t)=0.516  l1=0.303  l2=0.301  acc1=50.08%  acc2=50.40%  ens=50.24%  (best 54.31 @ ep 13)  [6.0s]
  ep  16: R(t)=0.516  l1=0.286  l2=0.291  acc1=51.75%  acc2=56.01%  ens=53.88%  (best 54.31 @ ep 13)  [6.1s]
  ep  17: R(t)=0.516  l1=0.302  l2=0.298  acc1=54.14%  acc2=53.06%  ens=53.60%  (best 54.31 @ ep 13)  [6.1s]
  ep  18: R(t)=0.516  l1=0.282  l2=0.277  acc1=50.45%  acc2=51.20%  ens=50.82%  (best 54.31 @ ep 13)  [6.5s]
  ep  19: R(t)=0.516  l1=0.291  l2=0.283  acc1=55.07%  acc2=55.96%  ens=55.52%  (best 55.52 @ ep 19)  [6.1s]
  ep  20: R(t)=0.516  l1=0.270  l2=0.275  acc1=53.60%  acc2=55.64%  ens=54.62%  (best 55.52 @ ep 19)  [12.0s]
  ep  21: R(t)=0.516  l1=0.256  l2=0.273  acc1=54.53%  acc2=55.59%  ens=55.06%  (best 55.52 @ ep 19)  [6.2s]
  ep  22: R(t)=0.516  l1=0.278  l2=0.278  acc1=53.97%  acc2=55.37%  ens=54.67%  (best 55.52 @ ep 19)  [6.2s]
  ep  23: R(t)=0.516  l1=0.247  l2=0.246  acc1=54.11%  acc2=55.51%  ens=54.81%  (best 55.52 @ ep 19)  [6.1s]
  ep  24: R(t)=0.516  l1=0.258  l2=0.253  acc1=57.48%  acc2=55.43%  ens=56.45%  (best 56.45 @ ep 24)  [6.2s]
  ep  25: R(t)=0.516  l1=0.259  l2=0.256  acc1=56.12%  acc2=55.47%  ens=55.79%  (best 56.45 @ ep 24)  [6.1s]
  ep  26: R(t)=0.516  l1=0.256  l2=0.249  acc1=56.79%  acc2=51.43%  ens=54.11%  (best 56.45 @ ep 24)  [6.4s]
  ep  27: R(t)=0.516  l1=0.233  l2=0.242  acc1=53.98%  acc2=50.70%  ens=52.34%  (best 56.45 @ ep 24)  [6.2s]
  ep  28: R(t)=0.516  l1=0.254  l2=0.253  acc1=50.98%  acc2=56.70%  ens=53.84%  (best 56.45 @ ep 24)  [6.0s]
  ep  29: R(t)=0.516  l1=0.266  l2=0.250  acc1=57.43%  acc2=57.52%  ens=57.48%  (best 57.48 @ ep 29)  [6.2s]
  ep  30: R(t)=0.516  l1=0.226  l2=0.225  acc1=53.37%  acc2=54.50%  ens=53.94%  (best 57.48 @ ep 29)  [6.8s]
  ep  31: R(t)=0.516  l1=0.241  l2=0.246  acc1=56.79%  acc2=55.97%  ens=56.38%  (best 57.48 @ ep 29)  [6.1s]
  ep  32: R(t)=0.516  l1=0.230  l2=0.232  acc1=50.98%  acc2=54.67%  ens=52.83%  (best 57.48 @ ep 29)  [6.2s]
  ep  33: R(t)=0.516  l1=0.237  l2=0.244  acc1=57.45%  acc2=58.68%  ens=58.06%  (best 58.06 @ ep 33)  [5.9s]
  ep  34: R(t)=0.516  l1=0.239  l2=0.246  acc1=56.11%  acc2=57.91%  ens=57.01%  (best 58.06 @ ep 33)  [6.1s]
  ep  35: R(t)=0.516  l1=0.225  l2=0.225  acc1=53.58%  acc2=52.81%  ens=53.20%  (best 58.06 @ ep 33)  [6.1s]
  ep  36: R(t)=0.516  l1=0.212  l2=0.213  acc1=60.24%  acc2=58.37%  ens=59.31%  (best 59.31 @ ep 36)  [5.9s]
  ep  37: R(t)=0.516  l1=0.222  l2=0.212  acc1=55.89%  acc2=55.63%  ens=55.76%  (best 59.31 @ ep 36)  [6.2s]
  ep  38: R(t)=0.516  l1=0.220  l2=0.223  acc1=57.81%  acc2=60.04%  ens=58.93%  (best 59.31 @ ep 36)  [6.0s]
  ep  39: R(t)=0.516  l1=0.211  l2=0.216  acc1=51.97%  acc2=52.92%  ens=52.45%  (best 59.31 @ ep 36)  [6.3s]
  ep  40: R(t)=0.516  l1=0.204  l2=0.211  acc1=59.47%  acc2=54.80%  ens=57.14%  (best 59.31 @ ep 36)  [9.9s]
  ep  41: R(t)=0.516  l1=0.206  l2=0.208  acc1=56.97%  acc2=53.63%  ens=55.30%  (best 59.31 @ ep 36)  [17.3s]
  ep  42: R(t)=0.516  l1=0.210  l2=0.207  acc1=58.99%  acc2=55.04%  ens=57.01%  (best 59.31 @ ep 36)  [15.3s]
  ep  43: R(t)=0.516  l1=0.199  l2=0.197  acc1=58.27%  acc2=59.58%  ens=58.93%  (best 59.31 @ ep 36)  [17.2s]
  ep  44: R(t)=0.516  l1=0.198  l2=0.197  acc1=57.22%  acc2=59.13%  ens=58.17%  (best 59.31 @ ep 36)  [13.1s]
  ep  45: R(t)=0.516  l1=0.191  l2=0.186  acc1=57.86%  acc2=56.86%  ens=57.36%  (best 59.31 @ ep 36)  [6.2s]
  ep  46: R(t)=0.516  l1=0.183  l2=0.181  acc1=57.55%  acc2=57.37%  ens=57.46%  (best 59.31 @ ep 36)  [6.0s]
  ep  47: R(t)=0.516  l1=0.187  l2=0.184  acc1=58.03%  acc2=55.25%  ens=56.64%  (best 59.31 @ ep 36)  [6.1s]
  ep  48: R(t)=0.516  l1=0.182  l2=0.172  acc1=60.82%  acc2=59.71%  ens=60.26%  (best 60.26 @ ep 48)  [6.0s]
  ep  49: R(t)=0.516  l1=0.175  l2=0.175  acc1=57.93%  acc2=58.39%  ens=58.16%  (best 60.26 @ ep 48)  [6.3s]
  ep  50: R(t)=0.516  l1=0.172  l2=0.164  acc1=57.70%  acc2=59.59%  ens=58.64%  (best 60.26 @ ep 48)  [6.1s]
  ep  51: R(t)=0.516  l1=0.181  l2=0.202  acc1=58.26%  acc2=58.17%  ens=58.21%  (best 60.26 @ ep 48)  [6.2s]
  ep  52: R(t)=0.516  l1=0.155  l2=0.155  acc1=60.50%  acc2=59.85%  ens=60.17%  (best 60.26 @ ep 48)  [5.8s]
  ep  53: R(t)=0.516  l1=0.156  l2=0.156  acc1=60.62%  acc2=57.42%  ens=59.02%  (best 60.26 @ ep 48)  [6.0s]
  ep  54: R(t)=0.516  l1=0.164  l2=0.172  acc1=60.71%  acc2=59.63%  ens=60.17%  (best 60.26 @ ep 48)  [5.9s]
  ep  55: R(t)=0.516  l1=0.140  l2=0.140  acc1=57.45%  acc2=59.66%  ens=58.55%  (best 60.26 @ ep 48)  [13.9s]
  ep  56: R(t)=0.516  l1=0.150  l2=0.152  acc1=60.30%  acc2=59.47%  ens=59.88%  (best 60.26 @ ep 48)  [15.9s]
  ep  57: R(t)=0.516  l1=0.138  l2=0.133  acc1=60.60%  acc2=61.51%  ens=61.05%  (best 61.05 @ ep 57)  [15.3s]
  ep  58: R(t)=0.516  l1=0.139  l2=0.142  acc1=58.66%  acc2=58.61%  ens=58.63%  (best 61.05 @ ep 57)  [17.9s]
  ep  59: R(t)=0.516  l1=0.138  l2=0.137  acc1=61.01%  acc2=60.45%  ens=60.73%  (best 61.05 @ ep 57)  [10.4s]
  ep  60: R(t)=0.516  l1=0.129  l2=0.126  acc1=60.13%  acc2=60.09%  ens=60.11%  (best 61.05 @ ep 57)  [6.2s]
  ep  61: R(t)=0.516  l1=0.124  l2=0.125  acc1=58.89%  acc2=59.16%  ens=59.02%  (best 61.05 @ ep 57)  [6.1s]
  ep  62: R(t)=0.516  l1=0.117  l2=0.115  acc1=59.42%  acc2=60.66%  ens=60.04%  (best 61.05 @ ep 57)  [6.1s]
  ep  63: R(t)=0.516  l1=0.112  l2=0.119  acc1=58.49%  acc2=56.88%  ens=57.68%  (best 61.05 @ ep 57)  [6.1s]
  ep  64: R(t)=0.516  l1=0.118  l2=0.124  acc1=61.15%  acc2=62.16%  ens=61.66%  (best 61.66 @ ep 64)  [6.3s]
  ep  65: R(t)=0.516  l1=0.099  l2=0.101  acc1=61.36%  acc2=62.01%  ens=61.69%  (best 61.69 @ ep 65)  [6.1s]
  ep  66: R(t)=0.516  l1=0.091  l2=0.088  acc1=63.18%  acc2=61.43%  ens=62.30%  (best 62.30 @ ep 66)  [6.1s]
  ep  67: R(t)=0.516  l1=0.099  l2=0.092  acc1=61.35%  acc2=59.38%  ens=60.37%  (best 62.30 @ ep 66)  [6.1s]
  ep  68: R(t)=0.516  l1=0.088  l2=0.086  acc1=63.25%  acc2=61.98%  ens=62.61%  (best 62.61 @ ep 68)  [6.3s]
  ep  69: R(t)=0.516  l1=0.081  l2=0.085  acc1=62.42%  acc2=62.10%  ens=62.26%  (best 62.61 @ ep 68)  [8.7s]
  ep  70: R(t)=0.516  l1=0.076  l2=0.079  acc1=60.84%  acc2=61.73%  ens=61.29%  (best 62.61 @ ep 68)  [13.2s]
  ep  71: R(t)=0.516  l1=0.073  l2=0.075  acc1=62.88%  acc2=62.45%  ens=62.67%  (best 62.67 @ ep 71)  [6.0s]
  ep  72: R(t)=0.516  l1=0.069  l2=0.072  acc1=59.94%  acc2=61.63%  ens=60.78%  (best 62.67 @ ep 71)  [6.1s]
  ep  73: R(t)=0.516  l1=0.069  l2=0.071  acc1=62.08%  acc2=60.89%  ens=61.48%  (best 62.67 @ ep 71)  [6.4s]
  ep  74: R(t)=0.516  l1=0.063  l2=0.063  acc1=61.69%  acc2=63.32%  ens=62.51%  (best 62.67 @ ep 71)  [6.6s]
  ep  75: R(t)=0.516  l1=0.067  l2=0.070  acc1=62.28%  acc2=62.84%  ens=62.56%  (best 62.67 @ ep 71)  [6.1s]
  ep  76: R(t)=0.516  l1=0.065  l2=0.065  acc1=62.81%  acc2=63.08%  ens=62.95%  (best 62.95 @ ep 76)  [6.4s]
  ep  77: R(t)=0.516  l1=0.054  l2=0.058  acc1=63.96%  acc2=63.57%  ens=63.77%  (best 63.77 @ ep 77)  [6.2s]
  ep  78: R(t)=0.516  l1=0.049  l2=0.049  acc1=62.81%  acc2=64.29%  ens=63.55%  (best 63.77 @ ep 77)  [6.2s]
  ep  79: R(t)=0.516  l1=0.047  l2=0.046  acc1=63.79%  acc2=64.21%  ens=64.00%  (best 64.00 @ ep 79)  [6.2s]
  ep  80: R(t)=0.516  l1=0.042  l2=0.042  acc1=64.08%  acc2=63.33%  ens=63.70%  (best 64.00 @ ep 79)  [8.9s]
  ep  81: R(t)=0.516  l1=0.041  l2=0.042  acc1=64.75%  acc2=64.69%  ens=64.72%  (best 64.72 @ ep 81)  [16.9s]
  ep  82: R(t)=0.516  l1=0.034  l2=0.035  acc1=64.85%  acc2=64.49%  ens=64.67%  (best 64.72 @ ep 81)  [15.3s]
  ep  83: R(t)=0.516  l1=0.030  l2=0.032  acc1=65.07%  acc2=64.71%  ens=64.89%  (best 64.89 @ ep 83)  [17.5s]
  ep  84: R(t)=0.516  l1=0.031  l2=0.030  acc1=65.05%  acc2=65.12%  ens=65.08%  (best 65.08 @ ep 84)  [15.2s]
  ep  85: R(t)=0.516  l1=0.028  l2=0.028  acc1=65.17%  acc2=64.79%  ens=64.98%  (best 65.08 @ ep 84)  [6.1s]
  ep  86: R(t)=0.516  l1=0.024  l2=0.024  acc1=65.37%  acc2=65.14%  ens=65.25%  (best 65.25 @ ep 86)  [6.2s]
  ep  87: R(t)=0.516  l1=0.022  l2=0.022  acc1=64.74%  acc2=64.91%  ens=64.83%  (best 65.25 @ ep 86)  [5.9s]
  ep  88: R(t)=0.516  l1=0.021  l2=0.022  acc1=64.99%  acc2=64.96%  ens=64.98%  (best 65.25 @ ep 86)  [6.1s]
  ep  89: R(t)=0.516  l1=0.022  l2=0.023  acc1=65.62%  acc2=65.52%  ens=65.57%  (best 65.57 @ ep 89)  [6.2s]
  ep  90: R(t)=0.516  l1=0.021  l2=0.022  acc1=64.94%  acc2=65.25%  ens=65.09%  (best 65.57 @ ep 89)  [6.3s]
  ep  91: R(t)=0.516  l1=0.020  l2=0.020  acc1=64.92%  acc2=65.11%  ens=65.02%  (best 65.57 @ ep 89)  [6.2s]
  ep  92: R(t)=0.516  l1=0.020  l2=0.021  acc1=65.24%  acc2=65.20%  ens=65.22%  (best 65.57 @ ep 89)  [6.0s]
  ep  93: R(t)=0.516  l1=0.019  l2=0.019  acc1=65.45%  acc2=65.26%  ens=65.35%  (best 65.57 @ ep 89)  [6.2s]
  ep  94: R(t)=0.516  l1=0.021  l2=0.020  acc1=64.93%  acc2=65.12%  ens=65.03%  (best 65.57 @ ep 89)  [7.3s]
  ep  95: R(t)=0.516  l1=0.019  l2=0.018  acc1=64.68%  acc2=64.73%  ens=64.70%  (best 65.57 @ ep 89)  [15.7s]
  ep  96: R(t)=0.516  l1=0.016  l2=0.017  acc1=65.17%  acc2=65.08%  ens=65.12%  (best 65.57 @ ep 89)  [14.5s]
  ep  97: R(t)=0.516  l1=0.015  l2=0.016  acc1=65.33%  acc2=65.00%  ens=65.17%  (best 65.57 @ ep 89)  [6.0s]
  ep  98: R(t)=0.516  l1=0.017  l2=0.018  acc1=65.18%  acc2=65.20%  ens=65.19%  (best 65.57 @ ep 89)  [6.2s]
  ep  99: R(t)=0.516  l1=0.019  l2=0.020  acc1=64.77%  acc2=64.66%  ens=64.72%  (best 65.57 @ ep 89)  [6.2s]

saved /path/to/ciln-workspace/journal_edition/robustness_transfer/results_v3/coteaching/gu_high__seed0.json: best ens-acc 65.57% @ ep 89
[00:41:58] gpu 1: gu_high seed 1 -> ../logs/coteaching_v3/gu_high__seed1.log
/path/to/ciln-workspace/venv/lib/python3.12/site-packages/torchvision/datasets/cifar.py:83: VisibleDeprecationWarning: dtype(): align should be passed as Python or NumPy boolean but got `align=0`. Did you mean to pass a tuple to create a subarray type? (Deprecated NumPy 2.4)
  entry = pickle.load(f, encoding="latin1")
condition=gu_high seed=1 gpu=1
  ep   0: R(t)=1.000  l1=1.963  l2=1.968  acc1=27.81%  acc2=30.46%  ens=29.13%  (best 29.13 @ ep 0)  [7.2s]
  ep   1: R(t)=0.847  l1=1.507  l2=1.484  acc1=36.37%  acc2=39.74%  ens=38.05%  (best 38.05 @ ep 1)  [5.8s]
  ep   2: R(t)=0.784  l1=1.250  l2=1.239  acc1=44.26%  acc2=40.37%  ens=42.32%  (best 42.32 @ ep 2)  [6.2s]
  ep   3: R(t)=0.735  l1=1.010  l2=1.028  acc1=44.28%  acc2=44.73%  ens=44.51%  (best 44.51 @ ep 3)  [6.3s]
  ep   4: R(t)=0.694  l1=0.846  l2=0.856  acc1=48.54%  acc2=44.98%  ens=46.76%  (best 46.76 @ ep 4)  [6.0s]
  ep   5: R(t)=0.658  l1=0.705  l2=0.702  acc1=50.06%  acc2=50.12%  ens=50.09%  (best 50.09 @ ep 5)  [8.2s]
  ep   6: R(t)=0.625  l1=0.600  l2=0.596  acc1=42.71%  acc2=49.73%  ens=46.22%  (best 50.09 @ ep 5)  [14.6s]
  ep   7: R(t)=0.595  l1=0.519  l2=0.524  acc1=47.48%  acc2=50.65%  ens=49.06%  (best 50.09 @ ep 5)  [6.2s]
  ep   8: R(t)=0.567  l1=0.455  l2=0.448  acc1=50.15%  acc2=49.90%  ens=50.02%  (best 50.09 @ ep 5)  [6.1s]
  ep   9: R(t)=0.541  l1=0.384  l2=0.380  acc1=48.28%  acc2=52.76%  ens=50.52%  (best 50.52 @ ep 9)  [6.0s]
  ep  10: R(t)=0.516  l1=0.344  l2=0.339  acc1=51.91%  acc2=52.07%  ens=51.99%  (best 51.99 @ ep 10)  [6.0s]
  ep  11: R(t)=0.516  l1=0.318  l2=0.332  acc1=53.25%  acc2=52.18%  ens=52.72%  (best 52.72 @ ep 11)  [6.1s]
  ep  12: R(t)=0.516  l1=0.308  l2=0.305  acc1=54.65%  acc2=42.44%  ens=48.55%  (best 52.72 @ ep 11)  [6.1s]
  ep  13: R(t)=0.516  l1=0.305  l2=0.303  acc1=49.80%  acc2=50.60%  ens=50.20%  (best 52.72 @ ep 11)  [6.4s]
  ep  14: R(t)=0.516  l1=0.306  l2=0.294  acc1=54.31%  acc2=54.62%  ens=54.47%  (best 54.47 @ ep 14)  [6.2s]
  ep  15: R(t)=0.516  l1=0.288  l2=0.292  acc1=50.51%  acc2=52.52%  ens=51.52%  (best 54.47 @ ep 14)  [6.2s]
  ep  16: R(t)=0.516  l1=0.285  l2=0.286  acc1=48.99%  acc2=52.93%  ens=50.96%  (best 54.47 @ ep 14)  [7.0s]
  ep  17: R(t)=0.516  l1=0.284  l2=0.282  acc1=56.30%  acc2=55.01%  ens=55.66%  (best 55.66 @ ep 17)  [16.4s]
  ep  18: R(t)=0.516  l1=0.285  l2=0.280  acc1=48.05%  acc2=50.63%  ens=49.34%  (best 55.66 @ ep 17)  [15.1s]
  ep  19: R(t)=0.516  l1=0.292  l2=0.291  acc1=37.61%  acc2=40.95%  ens=39.28%  (best 55.66 @ ep 17)  [14.2s]
  ep  20: R(t)=0.516  l1=0.292  l2=0.291  acc1=51.70%  acc2=51.34%  ens=51.52%  (best 55.66 @ ep 17)  [6.4s]
  ep  21: R(t)=0.516  l1=0.267  l2=0.272  acc1=51.75%  acc2=51.67%  ens=51.71%  (best 55.66 @ ep 17)  [6.2s]
  ep  22: R(t)=0.516  l1=0.260  l2=0.263  acc1=48.20%  acc2=51.62%  ens=49.91%  (best 55.66 @ ep 17)  [6.2s]
  ep  23: R(t)=0.516  l1=0.259  l2=0.261  acc1=52.48%  acc2=54.00%  ens=53.24%  (best 55.66 @ ep 17)  [5.9s]
  ep  24: R(t)=0.516  l1=0.263  l2=0.259  acc1=52.77%  acc2=56.58%  ens=54.67%  (best 55.66 @ ep 17)  [6.2s]
  ep  25: R(t)=0.516  l1=0.248  l2=0.247  acc1=57.71%  acc2=56.85%  ens=57.28%  (best 57.28 @ ep 25)  [6.1s]
  ep  26: R(t)=0.516  l1=0.261  l2=0.259  acc1=59.01%  acc2=56.92%  ens=57.97%  (best 57.97 @ ep 26)  [5.9s]
  ep  27: R(t)=0.516  l1=0.252  l2=0.257  acc1=56.95%  acc2=56.68%  ens=56.81%  (best 57.97 @ ep 26)  [6.1s]
  ep  28: R(t)=0.516  l1=0.265  l2=0.276  acc1=54.40%  acc2=55.88%  ens=55.14%  (best 57.97 @ ep 26)  [6.0s]
  ep  29: R(t)=0.516  l1=0.235  l2=0.237  acc1=54.66%  acc2=57.69%  ens=56.17%  (best 57.97 @ ep 26)  [10.6s]
  ep  30: R(t)=0.516  l1=0.234  l2=0.230  acc1=55.72%  acc2=56.25%  ens=55.98%  (best 57.97 @ ep 26)  [14.7s]
  ep  31: R(t)=0.516  l1=0.237  l2=0.241  acc1=56.64%  acc2=57.10%  ens=56.87%  (best 57.97 @ ep 26)  [18.3s]
  ep  32: R(t)=0.516  l1=0.232  l2=0.231  acc1=51.37%  acc2=50.38%  ens=50.88%  (best 57.97 @ ep 26)  [15.7s]
  ep  33: R(t)=0.516  l1=0.230  l2=0.231  acc1=58.48%  acc2=59.22%  ens=58.85%  (best 58.85 @ ep 33)  [17.6s]
  ep  34: R(t)=0.516  l1=0.232  l2=0.222  acc1=59.52%  acc2=57.77%  ens=58.64%  (best 58.85 @ ep 33)  [6.0s]
  ep  35: R(t)=0.516  l1=0.215  l2=0.215  acc1=50.89%  acc2=55.77%  ens=53.33%  (best 58.85 @ ep 33)  [6.0s]
  ep  36: R(t)=0.516  l1=0.234  l2=0.221  acc1=50.80%  acc2=56.86%  ens=53.83%  (best 58.85 @ ep 33)  [6.0s]
  ep  37: R(t)=0.516  l1=0.223  l2=0.226  acc1=58.52%  acc2=60.15%  ens=59.34%  (best 59.34 @ ep 37)  [6.2s]
  ep  38: R(t)=0.516  l1=0.213  l2=0.206  acc1=57.40%  acc2=56.42%  ens=56.91%  (best 59.34 @ ep 37)  [6.1s]
  ep  39: R(t)=0.516  l1=0.189  l2=0.189  acc1=55.96%  acc2=58.07%  ens=57.01%  (best 59.34 @ ep 37)  [6.4s]
  ep  40: R(t)=0.516  l1=0.204  l2=0.214  acc1=54.59%  acc2=57.84%  ens=56.22%  (best 59.34 @ ep 37)  [6.2s]
  ep  41: R(t)=0.516  l1=0.205  l2=0.207  acc1=57.11%  acc2=59.17%  ens=58.14%  (best 59.34 @ ep 37)  [5.9s]
  ep  42: R(t)=0.516  l1=0.201  l2=0.206  acc1=55.27%  acc2=54.03%  ens=54.65%  (best 59.34 @ ep 37)  [6.4s]
  ep  43: R(t)=0.516  l1=0.183  l2=0.191  acc1=59.28%  acc2=53.61%  ens=56.45%  (best 59.34 @ ep 37)  [6.3s]
  ep  44: R(t)=0.516  l1=0.208  l2=0.197  acc1=56.81%  acc2=57.68%  ens=57.25%  (best 59.34 @ ep 37)  [16.4s]
  ep  45: R(t)=0.516  l1=0.198  l2=0.214  acc1=57.96%  acc2=54.87%  ens=56.41%  (best 59.34 @ ep 37)  [15.7s]
  ep  46: R(t)=0.516  l1=0.179  l2=0.179  acc1=59.42%  acc2=59.71%  ens=59.56%  (best 59.56 @ ep 46)  [17.3s]
  ep  47: R(t)=0.516  l1=0.177  l2=0.191  acc1=58.63%  acc2=59.16%  ens=58.90%  (best 59.56 @ ep 46)  [15.4s]
  ep  48: R(t)=0.516  l1=0.169  l2=0.170  acc1=60.49%  acc2=60.01%  ens=60.25%  (best 60.25 @ ep 48)  [11.3s]
  ep  49: R(t)=0.516  l1=0.173  l2=0.179  acc1=57.03%  acc2=61.64%  ens=59.34%  (best 60.25 @ ep 48)  [6.3s]
  ep  50: R(t)=0.516  l1=0.177  l2=0.176  acc1=59.12%  acc2=61.16%  ens=60.14%  (best 60.25 @ ep 48)  [6.2s]
  ep  51: R(t)=0.516  l1=0.157  l2=0.163  acc1=59.72%  acc2=58.99%  ens=59.36%  (best 60.25 @ ep 48)  [6.3s]
  ep  52: R(t)=0.516  l1=0.152  l2=0.167  acc1=60.10%  acc2=61.42%  ens=60.76%  (best 60.76 @ ep 52)  [6.0s]
  ep  53: R(t)=0.516  l1=0.160  l2=0.167  acc1=59.62%  acc2=61.02%  ens=60.32%  (best 60.76 @ ep 52)  [6.1s]
  ep  54: R(t)=0.516  l1=0.153  l2=0.152  acc1=58.52%  acc2=58.28%  ens=58.40%  (best 60.76 @ ep 52)  [6.2s]
  ep  55: R(t)=0.516  l1=0.157  l2=0.156  acc1=58.80%  acc2=60.81%  ens=59.80%  (best 60.76 @ ep 52)  [6.2s]
  ep  56: R(t)=0.516  l1=0.143  l2=0.142  acc1=61.64%  acc2=61.50%  ens=61.57%  (best 61.57 @ ep 56)  [6.1s]
  ep  57: R(t)=0.516  l1=0.138  l2=0.139  acc1=59.29%  acc2=60.94%  ens=60.12%  (best 61.57 @ ep 56)  [6.1s]
  ep  58: R(t)=0.516  l1=0.121  l2=0.127  acc1=58.77%  acc2=58.07%  ens=58.42%  (best 61.57 @ ep 56)  [10.8s]
  ep  59: R(t)=0.516  l1=0.145  l2=0.153  acc1=60.21%  acc2=60.89%  ens=60.55%  (best 61.57 @ ep 56)  [15.9s]
  ep  60: R(t)=0.516  l1=0.121  l2=0.122  acc1=62.57%  acc2=59.89%  ens=61.23%  (best 61.57 @ ep 56)  [18.7s]
  ep  61: R(t)=0.516  l1=0.120  l2=0.124  acc1=60.66%  acc2=55.96%  ens=58.31%  (best 61.57 @ ep 56)  [14.4s]
  ep  62: R(t)=0.516  l1=0.134  l2=0.124  acc1=61.37%  acc2=59.90%  ens=60.63%  (best 61.57 @ ep 56)  [19.1s]
  ep  63: R(t)=0.516  l1=0.109  l2=0.105  acc1=62.38%  acc2=62.60%  ens=62.49%  (best 62.49 @ ep 63)  [5.9s]
  ep  64: R(t)=0.516  l1=0.102  l2=0.104  acc1=62.96%  acc2=62.16%  ens=62.56%  (best 62.56 @ ep 64)  [6.3s]
  ep  65: R(t)=0.516  l1=0.107  l2=0.119  acc1=63.80%  acc2=63.07%  ens=63.43%  (best 63.43 @ ep 65)  [6.3s]
  ep  66: R(t)=0.516  l1=0.092  l2=0.096  acc1=61.54%  acc2=63.76%  ens=62.65%  (best 63.43 @ ep 65)  [6.4s]
  ep  67: R(t)=0.516  l1=0.094  l2=0.099  acc1=61.92%  acc2=62.45%  ens=62.19%  (best 63.43 @ ep 65)  [6.2s]
  ep  68: R(t)=0.516  l1=0.093  l2=0.094  acc1=64.65%  acc2=63.92%  ens=64.28%  (best 64.28 @ ep 68)  [6.0s]
  ep  69: R(t)=0.516  l1=0.091  l2=0.089  acc1=62.29%  acc2=61.85%  ens=62.07%  (best 64.28 @ ep 68)  [6.0s]
  ep  70: R(t)=0.516  l1=0.090  l2=0.087  acc1=63.60%  acc2=63.32%  ens=63.46%  (best 64.28 @ ep 68)  [6.2s]
  ep  71: R(t)=0.516  l1=0.074  l2=0.076  acc1=63.21%  acc2=63.52%  ens=63.37%  (best 64.28 @ ep 68)  [5.8s]
  ep  72: R(t)=0.516  l1=0.070  l2=0.070  acc1=64.18%  acc2=63.31%  ens=63.75%  (best 64.28 @ ep 68)  [6.2s]
  ep  73: R(t)=0.516  l1=0.074  l2=0.072  acc1=64.33%  acc2=63.68%  ens=64.00%  (best 64.28 @ ep 68)  [10.0s]
  ep  74: R(t)=0.516  l1=0.069  l2=0.070  acc1=63.94%  acc2=63.76%  ens=63.85%  (best 64.28 @ ep 68)  [16.5s]
  ep  75: R(t)=0.516  l1=0.062  l2=0.056  acc1=64.55%  acc2=64.68%  ens=64.61%  (best 64.61 @ ep 75)  [6.3s]
  ep  76: R(t)=0.516  l1=0.050  l2=0.051  acc1=63.95%  acc2=63.98%  ens=63.97%  (best 64.61 @ ep 75)  [6.4s]
  ep  77: R(t)=0.516  l1=0.054  l2=0.054  acc1=64.33%  acc2=62.81%  ens=63.57%  (best 64.61 @ ep 75)  [6.2s]
  ep  78: R(t)=0.516  l1=0.039  l2=0.040  acc1=64.09%  acc2=64.29%  ens=64.19%  (best 64.61 @ ep 75)  [6.0s]
  ep  79: R(t)=0.516  l1=0.037  l2=0.037  acc1=64.74%  acc2=64.32%  ens=64.53%  (best 64.61 @ ep 75)  [6.2s]
  ep  80: R(t)=0.516  l1=0.042  l2=0.040  acc1=64.96%  acc2=64.87%  ens=64.92%  (best 64.92 @ ep 80)  [6.1s]
  ep  81: R(t)=0.516  l1=0.034  l2=0.034  acc1=65.22%  acc2=64.52%  ens=64.87%  (best 64.92 @ ep 80)  [6.2s]
  ep  82: R(t)=0.516  l1=0.037  l2=0.035  acc1=64.80%  acc2=64.49%  ens=64.64%  (best 64.92 @ ep 80)  [5.9s]
  ep  83: R(t)=0.516  l1=0.029  l2=0.029  acc1=64.85%  acc2=64.81%  ens=64.83%  (best 64.92 @ ep 80)  [6.1s]
  ep  84: R(t)=0.516  l1=0.032  l2=0.032  acc1=65.06%  acc2=65.18%  ens=65.12%  (best 65.12 @ ep 84)  [9.6s]
  ep  85: R(t)=0.516  l1=0.025  l2=0.027  acc1=65.19%  acc2=64.70%  ens=64.95%  (best 65.12 @ ep 84)  [6.0s]
  ep  86: R(t)=0.516  l1=0.024  l2=0.024  acc1=65.42%  acc2=65.52%  ens=65.47%  (best 65.47 @ ep 86)  [6.0s]
  ep  87: R(t)=0.516  l1=0.022  l2=0.026  acc1=65.20%  acc2=65.05%  ens=65.12%  (best 65.47 @ ep 86)  [6.2s]
  ep  88: R(t)=0.516  l1=0.022  l2=0.021  acc1=65.39%  acc2=65.16%  ens=65.27%  (best 65.47 @ ep 86)  [6.0s]
  ep  89: R(t)=0.516  l1=0.018  l2=0.019  acc1=65.13%  acc2=65.59%  ens=65.36%  (best 65.47 @ ep 86)  [5.9s]
  ep  90: R(t)=0.516  l1=0.017  l2=0.018  acc1=65.02%  acc2=65.22%  ens=65.12%  (best 65.47 @ ep 86)  [6.0s]
  ep  91: R(t)=0.516  l1=0.019  l2=0.019  acc1=65.43%  acc2=65.37%  ens=65.40%  (best 65.47 @ ep 86)  [6.0s]
  ep  92: R(t)=0.516  l1=0.019  l2=0.019  acc1=65.41%  acc2=65.27%  ens=65.34%  (best 65.47 @ ep 86)  [6.2s]
  ep  93: R(t)=0.516  l1=0.015  l2=0.017  acc1=65.13%  acc2=65.36%  ens=65.25%  (best 65.47 @ ep 86)  [6.1s]
  ep  94: R(t)=0.516  l1=0.018  l2=0.018  acc1=65.29%  acc2=65.26%  ens=65.27%  (best 65.47 @ ep 86)  [7.5s]
  ep  95: R(t)=0.516  l1=0.019  l2=0.019  acc1=65.19%  acc2=65.17%  ens=65.18%  (best 65.47 @ ep 86)  [14.5s]
  ep  96: R(t)=0.516  l1=0.016  l2=0.016  acc1=65.20%  acc2=65.29%  ens=65.25%  (best 65.47 @ ep 86)  [5.8s]
  ep  97: R(t)=0.516  l1=0.015  l2=0.016  acc1=65.36%  acc2=65.54%  ens=65.45%  (best 65.47 @ ep 86)  [6.1s]
  ep  98: R(t)=0.516  l1=0.017  l2=0.016  acc1=65.04%  acc2=64.98%  ens=65.01%  (best 65.47 @ ep 86)  [5.8s]
  ep  99: R(t)=0.516  l1=0.017  l2=0.017  acc1=65.42%  acc2=65.47%  ens=65.44%  (best 65.47 @ ep 86)  [6.2s]

saved /path/to/ciln-workspace/journal_edition/robustness_transfer/results_v3/coteaching/gu_high__seed1.json: best ens-acc 65.47% @ ep 86
[00:55:45] gpu 1: gu_high seed 2 -> ../logs/coteaching_v3/gu_high__seed2.log
/path/to/ciln-workspace/venv/lib/python3.12/site-packages/torchvision/datasets/cifar.py:83: VisibleDeprecationWarning: dtype(): align should be passed as Python or NumPy boolean but got `align=0`. Did you mean to pass a tuple to create a subarray type? (Deprecated NumPy 2.4)
  entry = pickle.load(f, encoding="latin1")
condition=gu_high seed=2 gpu=1
  ep   0: R(t)=1.000  l1=1.936  l2=1.974  acc1=32.21%  acc2=30.31%  ens=31.26%  (best 31.26 @ ep 0)  [7.2s]
  ep   1: R(t)=0.847  l1=1.476  l2=1.508  acc1=36.77%  acc2=35.54%  ens=36.16%  (best 36.16 @ ep 1)  [6.1s]
  ep   2: R(t)=0.784  l1=1.209  l2=1.223  acc1=35.86%  acc2=44.18%  ens=40.02%  (best 40.02 @ ep 2)  [6.0s]
  ep   3: R(t)=0.735  l1=0.983  l2=1.006  acc1=45.76%  acc2=44.90%  ens=45.33%  (best 45.33 @ ep 3)  [6.0s]
  ep   4: R(t)=0.694  l1=0.808  l2=0.830  acc1=42.17%  acc2=46.31%  ens=44.24%  (best 45.33 @ ep 3)  [13.4s]
  ep   5: R(t)=0.658  l1=0.672  l2=0.689  acc1=48.64%  acc2=51.35%  ens=49.99%  (best 49.99 @ ep 5)  [14.5s]
  ep   6: R(t)=0.625  l1=0.587  l2=0.600  acc1=47.18%  acc2=50.58%  ens=48.88%  (best 49.99 @ ep 5)  [17.3s]
  ep   7: R(t)=0.595  l1=0.517  l2=0.518  acc1=50.33%  acc2=50.33%  ens=50.33%  (best 50.33 @ ep 7)  [14.5s]
  ep   8: R(t)=0.567  l1=0.422  l2=0.426  acc1=51.01%  acc2=51.67%  ens=51.34%  (best 51.34 @ ep 8)  [15.4s]
  ep   9: R(t)=0.541  l1=0.395  l2=0.397  acc1=51.26%  acc2=49.78%  ens=50.52%  (best 51.34 @ ep 8)  [8.7s]
  ep  10: R(t)=0.516  l1=0.311  l2=0.309  acc1=50.65%  acc2=54.96%  ens=52.80%  (best 52.80 @ ep 10)  [6.3s]
  ep  11: R(t)=0.516  l1=0.306  l2=0.310  acc1=55.12%  acc2=56.37%  ens=55.74%  (best 55.74 @ ep 11)  [6.0s]
  ep  12: R(t)=0.516  l1=0.290  l2=0.294  acc1=53.22%  acc2=55.34%  ens=54.28%  (best 55.74 @ ep 11)  [6.1s]
  ep  13: R(t)=0.516  l1=0.291  l2=0.290  acc1=55.47%  acc2=50.44%  ens=52.95%  (best 55.74 @ ep 11)  [6.1s]
  ep  14: R(t)=0.516  l1=0.305  l2=0.314  acc1=54.46%  acc2=52.35%  ens=53.40%  (best 55.74 @ ep 11)  [6.1s]
  ep  15: R(t)=0.516  l1=0.287  l2=0.298  acc1=54.47%  acc2=52.67%  ens=53.57%  (best 55.74 @ ep 11)  [6.1s]
  ep  16: R(t)=0.516  l1=0.282  l2=0.281  acc1=52.98%  acc2=54.35%  ens=53.67%  (best 55.74 @ ep 11)  [6.0s]
  ep  17: R(t)=0.516  l1=0.250  l2=0.280  acc1=52.82%  acc2=48.63%  ens=50.72%  (best 55.74 @ ep 11)  [6.1s]
  ep  18: R(t)=0.516  l1=0.284  l2=0.299  acc1=53.90%  acc2=53.62%  ens=53.76%  (best 55.74 @ ep 11)  [6.1s]
  ep  19: R(t)=0.516  l1=0.265  l2=0.271  acc1=52.17%  acc2=51.97%  ens=52.07%  (best 55.74 @ ep 11)  [11.6s]
  ep  20: R(t)=0.516  l1=0.272  l2=0.271  acc1=54.21%  acc2=53.13%  ens=53.67%  (best 55.74 @ ep 11)  [14.7s]
  ep  21: R(t)=0.516  l1=0.256  l2=0.261  acc1=55.46%  acc2=54.42%  ens=54.94%  (best 55.74 @ ep 11)  [17.2s]
  ep  22: R(t)=0.516  l1=0.261  l2=0.264  acc1=51.97%  acc2=51.84%  ens=51.91%  (best 55.74 @ ep 11)  [6.1s]
  ep  23: R(t)=0.516  l1=0.258  l2=0.257  acc1=56.08%  acc2=54.67%  ens=55.38%  (best 55.74 @ ep 11)  [6.2s]
  ep  24: R(t)=0.516  l1=0.259  l2=0.264  acc1=54.03%  acc2=51.37%  ens=52.70%  (best 55.74 @ ep 11)  [6.1s]
  ep  25: R(t)=0.516  l1=0.254  l2=0.257  acc1=54.04%  acc2=49.25%  ens=51.64%  (best 55.74 @ ep 11)  [6.0s]
  ep  26: R(t)=0.516  l1=0.237  l2=0.234  acc1=53.32%  acc2=54.66%  ens=53.99%  (best 55.74 @ ep 11)  [6.1s]
  ep  27: R(t)=0.516  l1=0.247  l2=0.257  acc1=57.67%  acc2=58.02%  ens=57.84%  (best 57.84 @ ep 27)  [6.0s]
  ep  28: R(t)=0.516  l1=0.243  l2=0.240  acc1=50.70%  acc2=52.94%  ens=51.82%  (best 57.84 @ ep 27)  [6.1s]
  ep  29: R(t)=0.516  l1=0.232  l2=0.232  acc1=57.87%  acc2=50.44%  ens=54.16%  (best 57.84 @ ep 27)  [6.1s]
  ep  30: R(t)=0.516  l1=0.239  l2=0.254  acc1=52.95%  acc2=48.82%  ens=50.89%  (best 57.84 @ ep 27)  [6.4s]
  ep  31: R(t)=0.516  l1=0.240  l2=0.246  acc1=56.93%  acc2=54.96%  ens=55.95%  (best 57.84 @ ep 27)  [6.0s]
  ep  32: R(t)=0.516  l1=0.231  l2=0.234  acc1=51.90%  acc2=54.92%  ens=53.41%  (best 57.84 @ ep 27)  [15.2s]
  ep  33: R(t)=0.516  l1=0.228  l2=0.230  acc1=56.91%  acc2=54.55%  ens=55.73%  (best 57.84 @ ep 27)  [18.3s]
  ep  34: R(t)=0.516  l1=0.227  l2=0.236  acc1=54.41%  acc2=52.94%  ens=53.68%  (best 57.84 @ ep 27)  [14.1s]
  ep  35: R(t)=0.516  l1=0.200  l2=0.199  acc1=54.64%  acc2=55.49%  ens=55.06%  (best 57.84 @ ep 27)  [17.6s]
  ep  36: R(t)=0.516  l1=0.209  l2=0.210  acc1=57.65%  acc2=58.96%  ens=58.31%  (best 58.31 @ ep 36)  [14.8s]
  ep  37: R(t)=0.516  l1=0.209  l2=0.209  acc1=54.06%  acc2=55.94%  ens=55.00%  (best 58.31 @ ep 36)  [6.0s]
  ep  38: R(t)=0.516  l1=0.189  l2=0.197  acc1=58.83%  acc2=59.65%  ens=59.24%  (best 59.24 @ ep 38)  [6.1s]
  ep  39: R(t)=0.516  l1=0.204  l2=0.217  acc1=44.96%  acc2=55.66%  ens=50.31%  (best 59.24 @ ep 38)  [6.1s]
  ep  40: R(t)=0.516  l1=0.215  l2=0.218  acc1=56.62%  acc2=54.76%  ens=55.69%  (best 59.24 @ ep 38)  [6.2s]
  ep  41: R(t)=0.516  l1=0.188  l2=0.184  acc1=54.24%  acc2=55.76%  ens=55.00%  (best 59.24 @ ep 38)  [6.0s]
  ep  42: R(t)=0.516  l1=0.189  l2=0.193  acc1=56.34%  acc2=57.48%  ens=56.91%  (best 59.24 @ ep 38)  [6.5s]
  ep  43: R(t)=0.516  l1=0.192  l2=0.197  acc1=56.43%  acc2=58.85%  ens=57.64%  (best 59.24 @ ep 38)  [6.7s]
  ep  44: R(t)=0.516  l1=0.190  l2=0.195  acc1=57.14%  acc2=56.74%  ens=56.94%  (best 59.24 @ ep 38)  [6.1s]
  ep  45: R(t)=0.516  l1=0.185  l2=0.186  acc1=58.71%  acc2=56.17%  ens=57.44%  (best 59.24 @ ep 38)  [6.0s]
  ep  46: R(t)=0.516  l1=0.187  l2=0.190  acc1=58.92%  acc2=58.18%  ens=58.55%  (best 59.24 @ ep 38)  [8.7s]
  ep  47: R(t)=0.516  l1=0.187  l2=0.187  acc1=53.96%  acc2=59.26%  ens=56.61%  (best 59.24 @ ep 38)  [14.3s]
  ep  48: R(t)=0.516  l1=0.171  l2=0.180  acc1=56.15%  acc2=55.39%  ens=55.77%  (best 59.24 @ ep 38)  [5.9s]
  ep  49: R(t)=0.516  l1=0.165  l2=0.169  acc1=57.13%  acc2=57.85%  ens=57.49%  (best 59.24 @ ep 38)  [6.1s]
  ep  50: R(t)=0.516  l1=0.163  l2=0.162  acc1=57.78%  acc2=58.61%  ens=58.19%  (best 59.24 @ ep 38)  [6.0s]
  ep  51: R(t)=0.516  l1=0.178  l2=0.169  acc1=58.91%  acc2=58.93%  ens=58.92%  (best 59.24 @ ep 38)  [6.0s]
  ep  52: R(t)=0.516  l1=0.145  l2=0.149  acc1=55.04%  acc2=56.62%  ens=55.83%  (best 59.24 @ ep 38)  [6.1s]
  ep  53: R(t)=0.516  l1=0.155  l2=0.151  acc1=57.86%  acc2=59.79%  ens=58.82%  (best 59.24 @ ep 38)  [6.0s]
  ep  54: R(t)=0.516  l1=0.159  l2=0.159  acc1=54.96%  acc2=55.66%  ens=55.31%  (best 59.24 @ ep 38)  [6.2s]
  ep  55: R(t)=0.516  l1=0.159  l2=0.159  acc1=59.34%  acc2=59.50%  ens=59.42%  (best 59.42 @ ep 55)  [6.1s]
  ep  56: R(t)=0.516  l1=0.143  l2=0.145  acc1=60.33%  acc2=56.93%  ens=58.63%  (best 59.42 @ ep 55)  [6.1s]
  ep  57: R(t)=0.516  l1=0.134  l2=0.135  acc1=61.02%  acc2=58.41%  ens=59.71%  (best 59.71 @ ep 57)  [9.9s]
  ep  58: R(t)=0.516  l1=0.144  l2=0.144  acc1=60.29%  acc2=58.52%  ens=59.40%  (best 59.71 @ ep 57)  [15.4s]
  ep  59: R(t)=0.516  l1=0.136  l2=0.134  acc1=59.13%  acc2=60.55%  ens=59.84%  (best 59.84 @ ep 59)  [16.7s]
  ep  60: R(t)=0.516  l1=0.132  l2=0.134  acc1=58.91%  acc2=60.34%  ens=59.62%  (best 59.84 @ ep 59)  [16.8s]
  ep  61: R(t)=0.516  l1=0.127  l2=0.128  acc1=61.10%  acc2=60.64%  ens=60.87%  (best 60.87 @ ep 61)  [15.2s]
  ep  62: R(t)=0.516  l1=0.119  l2=0.123  acc1=60.36%  acc2=60.71%  ens=60.54%  (best 60.87 @ ep 61)  [13.6s]
  ep  63: R(t)=0.516  l1=0.111  l2=0.108  acc1=58.70%  acc2=58.35%  ens=58.53%  (best 60.87 @ ep 61)  [6.0s]
  ep  64: R(t)=0.516  l1=0.105  l2=0.102  acc1=59.47%  acc2=61.46%  ens=60.47%  (best 60.87 @ ep 61)  [6.1s]
  ep  65: R(t)=0.516  l1=0.111  l2=0.105  acc1=58.89%  acc2=58.99%  ens=58.94%  (best 60.87 @ ep 61)  [6.0s]
  ep  66: R(t)=0.516  l1=0.107  l2=0.112  acc1=60.21%  acc2=59.04%  ens=59.62%  (best 60.87 @ ep 61)  [6.1s]
  ep  67: R(t)=0.516  l1=0.090  l2=0.090  acc1=59.07%  acc2=59.41%  ens=59.24%  (best 60.87 @ ep 61)  [6.2s]
  ep  68: R(t)=0.516  l1=0.095  l2=0.094  acc1=61.46%  acc2=61.15%  ens=61.31%  (best 61.31 @ ep 68)  [6.1s]
  ep  69: R(t)=0.516  l1=0.092  l2=0.090  acc1=60.43%  acc2=61.59%  ens=61.01%  (best 61.31 @ ep 68)  [6.2s]
  ep  70: R(t)=0.516  l1=0.085  l2=0.096  acc1=61.72%  acc2=61.66%  ens=61.69%  (best 61.69 @ ep 70)  [6.5s]
  ep  71: R(t)=0.516  l1=0.090  l2=0.093  acc1=58.99%  acc2=61.30%  ens=60.15%  (best 61.69 @ ep 70)  [6.0s]
  ep  72: R(t)=0.516  l1=0.076  l2=0.076  acc1=61.48%  acc2=61.40%  ens=61.44%  (best 61.69 @ ep 70)  [9.1s]
  ep  73: R(t)=0.516  l1=0.080  l2=0.081  acc1=60.42%  acc2=59.85%  ens=60.14%  (best 61.69 @ ep 70)  [15.2s]
  ep  74: R(t)=0.516  l1=0.067  l2=0.071  acc1=60.91%  acc2=62.00%  ens=61.45%  (best 61.69 @ ep 70)  [14.2s]
  ep  75: R(t)=0.516  l1=0.058  l2=0.059  acc1=61.77%  acc2=62.24%  ens=62.00%  (best 62.00 @ ep 75)  [6.1s]
  ep  76: R(t)=0.516  l1=0.051  l2=0.052  acc1=62.07%  acc2=62.29%  ens=62.18%  (best 62.18 @ ep 76)  [6.2s]
  ep  77: R(t)=0.516  l1=0.062  l2=0.060  acc1=60.51%  acc2=60.53%  ens=60.52%  (best 62.18 @ ep 76)  [6.0s]
  ep  78: R(t)=0.516  l1=0.053  l2=0.053  acc1=61.29%  acc2=62.34%  ens=61.81%  (best 62.18 @ ep 76)  [6.1s]
  ep  79: R(t)=0.516  l1=0.050  l2=0.053  acc1=60.75%  acc2=61.37%  ens=61.06%  (best 62.18 @ ep 76)  [6.1s]
  ep  80: R(t)=0.516  l1=0.045  l2=0.044  acc1=62.47%  acc2=62.78%  ens=62.62%  (best 62.62 @ ep 80)  [6.3s]
  ep  81: R(t)=0.516  l1=0.049  l2=0.050  acc1=61.72%  acc2=61.22%  ens=61.47%  (best 62.62 @ ep 80)  [6.3s]
  ep  82: R(t)=0.516  l1=0.038  l2=0.038  acc1=62.39%  acc2=62.90%  ens=62.64%  (best 62.64 @ ep 82)  [6.4s]
  ep  83: R(t)=0.516  l1=0.039  l2=0.038  acc1=63.36%  acc2=62.54%  ens=62.95%  (best 62.95 @ ep 83)  [6.0s]
  ep  84: R(t)=0.516  l1=0.031  l2=0.030  acc1=63.05%  acc2=63.23%  ens=63.14%  (best 63.14 @ ep 84)  [8.9s]
  ep  85: R(t)=0.516  l1=0.036  l2=0.035  acc1=63.62%  acc2=63.83%  ens=63.73%  (best 63.73 @ ep 85)  [14.9s]
  ep  86: R(t)=0.516  l1=0.033  l2=0.034  acc1=63.68%  acc2=63.14%  ens=63.41%  (best 63.73 @ ep 85)  [14.5s]
  ep  87: R(t)=0.516  l1=0.030  l2=0.027  acc1=63.15%  acc2=63.23%  ens=63.19%  (best 63.73 @ ep 85)  [6.2s]
  ep  88: R(t)=0.516  l1=0.027  l2=0.028  acc1=62.75%  acc2=63.11%  ens=62.93%  (best 63.73 @ ep 85)  [6.1s]
  ep  89: R(t)=0.516  l1=0.024  l2=0.025  acc1=63.45%  acc2=63.40%  ens=63.42%  (best 63.73 @ ep 85)  [5.9s]
  ep  90: R(t)=0.516  l1=0.020  l2=0.022  acc1=63.43%  acc2=63.01%  ens=63.22%  (best 63.73 @ ep 85)  [6.0s]
  ep  91: R(t)=0.516  l1=0.023  l2=0.024  acc1=63.61%  acc2=63.59%  ens=63.60%  (best 63.73 @ ep 85)  [6.2s]
  ep  92: R(t)=0.516  l1=0.022  l2=0.022  acc1=63.23%  acc2=63.43%  ens=63.33%  (best 63.73 @ ep 85)  [6.2s]
  ep  93: R(t)=0.516  l1=0.023  l2=0.022  acc1=63.43%  acc2=63.63%  ens=63.53%  (best 63.73 @ ep 85)  [6.1s]
  ep  94: R(t)=0.516  l1=0.023  l2=0.022  acc1=63.29%  acc2=63.38%  ens=63.34%  (best 63.73 @ ep 85)  [6.3s]
  ep  95: R(t)=0.516  l1=0.020  l2=0.020  acc1=63.64%  acc2=63.54%  ens=63.59%  (best 63.73 @ ep 85)  [6.2s]
  ep  96: R(t)=0.516  l1=0.023  l2=0.023  acc1=63.41%  acc2=63.42%  ens=63.41%  (best 63.73 @ ep 85)  [7.6s]
  ep  97: R(t)=0.516  l1=0.018  l2=0.017  acc1=63.31%  acc2=63.39%  ens=63.35%  (best 63.73 @ ep 85)  [15.3s]
  ep  98: R(t)=0.516  l1=0.020  l2=0.021  acc1=63.45%  acc2=63.40%  ens=63.42%  (best 63.73 @ ep 85)  [16.7s]
  ep  99: R(t)=0.516  l1=0.020  l2=0.021  acc1=63.51%  acc2=63.71%  ens=63.61%  (best 63.73 @ ep 85)  [14.8s]

saved /path/to/ciln-workspace/journal_edition/robustness_transfer/results_v3/coteaching/gu_high__seed2.json: best ens-acc 63.73% @ ep 85
[01:10:20] gpu 1: ours__elastic_transform_sev3 seed 0 -> ../logs/coteaching_v3/ours__elastic_transform_sev3__seed0.log
/path/to/ciln-workspace/venv/lib/python3.12/site-packages/torchvision/datasets/cifar.py:83: VisibleDeprecationWarning: dtype(): align should be passed as Python or NumPy boolean but got `align=0`. Did you mean to pass a tuple to create a subarray type? (Deprecated NumPy 2.4)
  entry = pickle.load(f, encoding="latin1")
condition=ours__elastic_transform_sev3 seed=0 gpu=1
  ep   0: R(t)=1.000  l1=1.794  l2=1.798  acc1=31.50%  acc2=27.93%  ens=29.72%  (best 29.72 @ ep 0)  [5.2s]
  ep   1: R(t)=0.963  l1=1.341  l2=1.338  acc1=39.49%  acc2=42.16%  ens=40.83%  (best 40.83 @ ep 1)  [4.4s]
  ep   2: R(t)=0.948  l1=1.109  l2=1.103  acc1=40.52%  acc2=42.99%  ens=41.75%  (best 41.75 @ ep 2)  [4.3s]
  ep   3: R(t)=0.936  l1=0.961  l2=0.972  acc1=44.71%  acc2=42.58%  ens=43.65%  (best 43.65 @ ep 3)  [4.3s]
  ep   4: R(t)=0.926  l1=0.792  l2=0.831  acc1=49.17%  acc2=45.53%  ens=47.35%  (best 47.35 @ ep 4)  [4.3s]
  ep   5: R(t)=0.918  l1=0.712  l2=0.731  acc1=49.92%  acc2=46.32%  ens=48.12%  (best 48.12 @ ep 5)  [4.5s]
  ep   6: R(t)=0.910  l1=0.568  l2=0.591  acc1=56.39%  acc2=52.76%  ens=54.57%  (best 54.57 @ ep 6)  [4.3s]
  ep   7: R(t)=0.903  l1=0.531  l2=0.540  acc1=48.97%  acc2=51.53%  ens=50.25%  (best 54.57 @ ep 6)  [4.3s]
  ep   8: R(t)=0.896  l1=0.456  l2=0.468  acc1=57.93%  acc2=56.94%  ens=57.44%  (best 57.44 @ ep 8)  [4.2s]
  ep   9: R(t)=0.890  l1=0.383  l2=0.402  acc1=60.37%  acc2=59.21%  ens=59.79%  (best 59.79 @ ep 9)  [4.5s]
  ep  10: R(t)=0.884  l1=0.366  l2=0.376  acc1=58.13%  acc2=55.65%  ens=56.89%  (best 59.79 @ ep 9)  [4.4s]
  ep  11: R(t)=0.884  l1=0.328  l2=0.334  acc1=59.46%  acc2=58.82%  ens=59.14%  (best 59.79 @ ep 9)  [4.3s]
  ep  12: R(t)=0.884  l1=0.315  l2=0.337  acc1=62.27%  acc2=56.99%  ens=59.63%  (best 59.79 @ ep 9)  [12.2s]
  ep  13: R(t)=0.884  l1=0.285  l2=0.295  acc1=57.87%  acc2=58.44%  ens=58.16%  (best 59.79 @ ep 9)  [10.4s]
  ep  14: R(t)=0.884  l1=0.285  l2=0.291  acc1=60.61%  acc2=54.79%  ens=57.70%  (best 59.79 @ ep 9)  [10.0s]
  ep  15: R(t)=0.884  l1=0.266  l2=0.266  acc1=61.24%  acc2=58.58%  ens=59.91%  (best 59.91 @ ep 15)  [10.9s]
  ep  16: R(t)=0.884  l1=0.270  l2=0.269  acc1=62.28%  acc2=61.87%  ens=62.08%  (best 62.08 @ ep 16)  [10.2s]
  ep  17: R(t)=0.884  l1=0.238  l2=0.252  acc1=61.86%  acc2=62.53%  ens=62.20%  (best 62.20 @ ep 17)  [9.6s]
  ep  18: R(t)=0.884  l1=0.229  l2=0.242  acc1=62.17%  acc2=62.27%  ens=62.22%  (best 62.22 @ ep 18)  [10.4s]
  ep  19: R(t)=0.884  l1=0.220  l2=0.226  acc1=59.70%  acc2=63.55%  ens=61.62%  (best 62.22 @ ep 18)  [9.5s]
  ep  20: R(t)=0.884  l1=0.220  l2=0.224  acc1=64.66%  acc2=64.18%  ens=64.42%  (best 64.42 @ ep 20)  [4.3s]
  ep  21: R(t)=0.884  l1=0.225  l2=0.232  acc1=58.02%  acc2=63.99%  ens=61.00%  (best 64.42 @ ep 20)  [4.3s]
  ep  22: R(t)=0.884  l1=0.205  l2=0.214  acc1=62.14%  acc2=61.74%  ens=61.94%  (best 64.42 @ ep 20)  [4.4s]
  ep  23: R(t)=0.884  l1=0.211  l2=0.208  acc1=62.26%  acc2=64.63%  ens=63.44%  (best 64.42 @ ep 20)  [4.7s]
  ep  24: R(t)=0.884  l1=0.206  l2=0.209  acc1=64.95%  acc2=58.29%  ens=61.62%  (best 64.42 @ ep 20)  [4.4s]
  ep  25: R(t)=0.884  l1=0.180  l2=0.192  acc1=63.94%  acc2=62.53%  ens=63.23%  (best 64.42 @ ep 20)  [4.3s]
  ep  26: R(t)=0.884  l1=0.185  l2=0.188  acc1=64.31%  acc2=63.94%  ens=64.12%  (best 64.42 @ ep 20)  [4.3s]
  ep  27: R(t)=0.884  l1=0.204  l2=0.204  acc1=66.25%  acc2=62.74%  ens=64.49%  (best 64.49 @ ep 27)  [4.2s]
  ep  28: R(t)=0.884  l1=0.188  l2=0.189  acc1=68.82%  acc2=65.90%  ens=67.36%  (best 67.36 @ ep 28)  [4.3s]
  ep  29: R(t)=0.884  l1=0.163  l2=0.170  acc1=63.90%  acc2=55.32%  ens=59.61%  (best 67.36 @ ep 28)  [5.3s]
  ep  30: R(t)=0.884  l1=0.173  l2=0.178  acc1=59.65%  acc2=67.56%  ens=63.61%  (best 67.36 @ ep 28)  [4.2s]
  ep  31: R(t)=0.884  l1=0.165  l2=0.168  acc1=63.83%  acc2=66.61%  ens=65.22%  (best 67.36 @ ep 28)  [4.4s]
  ep  32: R(t)=0.884  l1=0.161  l2=0.168  acc1=67.17%  acc2=64.23%  ens=65.70%  (best 67.36 @ ep 28)  [4.4s]
  ep  33: R(t)=0.884  l1=0.149  l2=0.152  acc1=66.05%  acc2=63.61%  ens=64.83%  (best 67.36 @ ep 28)  [5.5s]
  ep  34: R(t)=0.884  l1=0.160  l2=0.167  acc1=67.02%  acc2=65.21%  ens=66.11%  (best 67.36 @ ep 28)  [11.0s]
  ep  35: R(t)=0.884  l1=0.157  l2=0.168  acc1=62.42%  acc2=67.59%  ens=65.00%  (best 67.36 @ ep 28)  [4.4s]
  ep  36: R(t)=0.884  l1=0.140  l2=0.146  acc1=67.51%  acc2=65.73%  ens=66.62%  (best 67.36 @ ep 28)  [4.2s]
  ep  37: R(t)=0.884  l1=0.135  l2=0.145  acc1=68.75%  acc2=67.39%  ens=68.07%  (best 68.07 @ ep 37)  [4.3s]
  ep  38: R(t)=0.884  l1=0.148  l2=0.149  acc1=65.11%  acc2=65.78%  ens=65.44%  (best 68.07 @ ep 37)  [4.5s]
  ep  39: R(t)=0.884  l1=0.138  l2=0.132  acc1=68.44%  acc2=67.06%  ens=67.75%  (best 68.07 @ ep 37)  [4.2s]
  ep  40: R(t)=0.884  l1=0.151  l2=0.145  acc1=69.24%  acc2=67.04%  ens=68.14%  (best 68.14 @ ep 40)  [4.3s]
  ep  41: R(t)=0.884  l1=0.127  l2=0.145  acc1=69.05%  acc2=66.17%  ens=67.61%  (best 68.14 @ ep 40)  [4.4s]
  ep  42: R(t)=0.884  l1=0.131  l2=0.131  acc1=64.93%  acc2=60.35%  ens=62.64%  (best 68.14 @ ep 40)  [4.4s]
  ep  43: R(t)=0.884  l1=0.123  l2=0.127  acc1=66.15%  acc2=66.51%  ens=66.33%  (best 68.14 @ ep 40)  [4.4s]
  ep  44: R(t)=0.884  l1=0.131  l2=0.134  acc1=63.23%  acc2=65.96%  ens=64.59%  (best 68.14 @ ep 40)  [4.2s]
  ep  45: R(t)=0.884  l1=0.118  l2=0.122  acc1=68.48%  acc2=70.48%  ens=69.48%  (best 69.48 @ ep 45)  [4.3s]
  ep  46: R(t)=0.884  l1=0.129  l2=0.126  acc1=68.62%  acc2=64.20%  ens=66.41%  (best 69.48 @ ep 45)  [4.4s]
  ep  47: R(t)=0.884  l1=0.122  l2=0.121  acc1=67.97%  acc2=70.18%  ens=69.08%  (best 69.48 @ ep 45)  [4.3s]
  ep  48: R(t)=0.884  l1=0.110  l2=0.113  acc1=70.39%  acc2=68.78%  ens=69.58%  (best 69.58 @ ep 48)  [4.8s]
  ep  49: R(t)=0.884  l1=0.109  l2=0.104  acc1=69.86%  acc2=69.55%  ens=69.70%  (best 69.70 @ ep 49)  [10.1s]
  ep  50: R(t)=0.884  l1=0.116  l2=0.115  acc1=71.27%  acc2=66.31%  ens=68.79%  (best 69.70 @ ep 49)  [10.0s]
  ep  51: R(t)=0.884  l1=0.090  l2=0.104  acc1=70.40%  acc2=69.54%  ens=69.97%  (best 69.97 @ ep 51)  [9.6s]
  ep  52: R(t)=0.884  l1=0.093  l2=0.089  acc1=71.27%  acc2=71.56%  ens=71.42%  (best 71.42 @ ep 52)  [9.9s]
  ep  53: R(t)=0.884  l1=0.096  l2=0.106  acc1=70.84%  acc2=70.75%  ens=70.80%  (best 71.42 @ ep 52)  [10.3s]
  ep  54: R(t)=0.884  l1=0.083  l2=0.086  acc1=70.77%  acc2=70.26%  ens=70.52%  (best 71.42 @ ep 52)  [9.3s]
  ep  55: R(t)=0.884  l1=0.091  l2=0.092  acc1=69.63%  acc2=69.14%  ens=69.39%  (best 71.42 @ ep 52)  [4.6s]
  ep  56: R(t)=0.884  l1=0.096  l2=0.088  acc1=68.15%  acc2=69.29%  ens=68.72%  (best 71.42 @ ep 52)  [4.4s]
  ep  57: R(t)=0.884  l1=0.084  l2=0.084  acc1=70.16%  acc2=70.11%  ens=70.13%  (best 71.42 @ ep 52)  [4.2s]
  ep  58: R(t)=0.884  l1=0.075  l2=0.083  acc1=72.19%  acc2=72.05%  ens=72.12%  (best 72.12 @ ep 58)  [4.2s]
  ep  59: R(t)=0.884  l1=0.079  l2=0.078  acc1=72.68%  acc2=71.17%  ens=71.92%  (best 72.12 @ ep 58)  [4.5s]
  ep  60: R(t)=0.884  l1=0.075  l2=0.077  acc1=71.41%  acc2=70.82%  ens=71.11%  (best 72.12 @ ep 58)  [4.4s]
  ep  61: R(t)=0.884  l1=0.068  l2=0.070  acc1=69.79%  acc2=71.95%  ens=70.87%  (best 72.12 @ ep 58)  [4.4s]
  ep  62: R(t)=0.884  l1=0.065  l2=0.069  acc1=71.89%  acc2=71.05%  ens=71.47%  (best 72.12 @ ep 58)  [4.4s]
  ep  63: R(t)=0.884  l1=0.059  l2=0.065  acc1=73.62%  acc2=71.99%  ens=72.80%  (best 72.80 @ ep 63)  [4.2s]
  ep  64: R(t)=0.884  l1=0.060  l2=0.056  acc1=72.46%  acc2=71.94%  ens=72.20%  (best 72.80 @ ep 63)  [4.3s]
  ep  65: R(t)=0.884  l1=0.055  l2=0.059  acc1=72.57%  acc2=71.50%  ens=72.04%  (best 72.80 @ ep 63)  [4.4s]
  ep  66: R(t)=0.884  l1=0.056  l2=0.060  acc1=71.40%  acc2=70.71%  ens=71.06%  (best 72.80 @ ep 63)  [4.3s]
  ep  67: R(t)=0.884  l1=0.049  l2=0.051  acc1=73.25%  acc2=73.26%  ens=73.26%  (best 73.26 @ ep 67)  [4.2s]
  ep  68: R(t)=0.884  l1=0.047  l2=0.049  acc1=73.76%  acc2=73.03%  ens=73.39%  (best 73.39 @ ep 68)  [4.4s]
  ep  69: R(t)=0.884  l1=0.047  l2=0.046  acc1=73.45%  acc2=72.89%  ens=73.17%  (best 73.39 @ ep 68)  [6.8s]
  ep  70: R(t)=0.884  l1=0.043  l2=0.045  acc1=72.68%  acc2=72.86%  ens=72.77%  (best 73.39 @ ep 68)  [9.5s]
  ep  71: R(t)=0.884  l1=0.041  l2=0.039  acc1=73.69%  acc2=73.83%  ens=73.76%  (best 73.76 @ ep 71)  [10.0s]
  ep  72: R(t)=0.884  l1=0.034  l2=0.037  acc1=73.78%  acc2=73.94%  ens=73.86%  (best 73.86 @ ep 72)  [10.1s]
  ep  73: R(t)=0.884  l1=0.036  l2=0.038  acc1=74.29%  acc2=74.02%  ens=74.15%  (best 74.15 @ ep 73)  [9.8s]
  ep  74: R(t)=0.884  l1=0.030  l2=0.030  acc1=73.03%  acc2=73.68%  ens=73.35%  (best 74.15 @ ep 73)  [10.0s]
  ep  75: R(t)=0.884  l1=0.029  l2=0.032  acc1=73.85%  acc2=73.38%  ens=73.62%  (best 74.15 @ ep 73)  [9.6s]
  ep  76: R(t)=0.884  l1=0.034  l2=0.035  acc1=75.00%  acc2=74.34%  ens=74.67%  (best 74.67 @ ep 76)  [10.1s]
  ep  77: R(t)=0.884  l1=0.023  l2=0.024  acc1=74.50%  acc2=74.12%  ens=74.31%  (best 74.67 @ ep 76)  [9.8s]
  ep  78: R(t)=0.884  l1=0.023  l2=0.026  acc1=74.63%  acc2=74.48%  ens=74.55%  (best 74.67 @ ep 76)  [5.7s]
  ep  79: R(t)=0.884  l1=0.022  l2=0.021  acc1=74.02%  acc2=74.46%  ens=74.24%  (best 74.67 @ ep 76)  [4.3s]
  ep  80: R(t)=0.884  l1=0.023  l2=0.026  acc1=74.30%  acc2=74.01%  ens=74.15%  (best 74.67 @ ep 76)  [4.4s]
  ep  81: R(t)=0.884  l1=0.024  l2=0.025  acc1=74.64%  acc2=74.34%  ens=74.49%  (best 74.67 @ ep 76)  [4.4s]
  ep  82: R(t)=0.884  l1=0.015  l2=0.017  acc1=74.70%  acc2=74.56%  ens=74.63%  (best 74.67 @ ep 76)  [4.2s]
  ep  83: R(t)=0.884  l1=0.019  l2=0.019  acc1=74.96%  acc2=74.33%  ens=74.65%  (best 74.67 @ ep 76)  [4.3s]
  ep  84: R(t)=0.884  l1=0.017  l2=0.019  acc1=74.92%  acc2=74.65%  ens=74.78%  (best 74.78 @ ep 84)  [4.3s]
  ep  85: R(t)=0.884  l1=0.017  l2=0.017  acc1=75.16%  acc2=74.83%  ens=75.00%  (best 75.00 @ ep 85)  [4.4s]
  ep  86: R(t)=0.884  l1=0.015  l2=0.015  acc1=74.80%  acc2=74.64%  ens=74.72%  (best 75.00 @ ep 85)  [4.2s]
  ep  87: R(t)=0.884  l1=0.015  l2=0.017  acc1=74.85%  acc2=74.40%  ens=74.63%  (best 75.00 @ ep 85)  [4.4s]
  ep  88: R(t)=0.884  l1=0.016  l2=0.017  acc1=74.87%  acc2=74.28%  ens=74.58%  (best 75.00 @ ep 85)  [4.1s]
  ep  89: R(t)=0.884  l1=0.012  l2=0.012  acc1=75.04%  acc2=74.68%  ens=74.86%  (best 75.00 @ ep 85)  [4.3s]
  ep  90: R(t)=0.884  l1=0.016  l2=0.017  acc1=75.01%  acc2=74.57%  ens=74.79%  (best 75.00 @ ep 85)  [4.1s]
  ep  91: R(t)=0.884  l1=0.013  l2=0.013  acc1=75.14%  acc2=74.75%  ens=74.94%  (best 75.00 @ ep 85)  [4.2s]
  ep  92: R(t)=0.884  l1=0.012  l2=0.013  acc1=75.06%  acc2=74.53%  ens=74.80%  (best 75.00 @ ep 85)  [7.3s]
  ep  93: R(t)=0.884  l1=0.015  l2=0.016  acc1=75.22%  acc2=74.72%  ens=74.97%  (best 75.00 @ ep 85)  [12.3s]
  ep  94: R(t)=0.884  l1=0.014  l2=0.014  acc1=74.84%  acc2=74.57%  ens=74.70%  (best 75.00 @ ep 85)  [11.1s]
  ep  95: R(t)=0.884  l1=0.015  l2=0.015  acc1=75.21%  acc2=74.74%  ens=74.97%  (best 75.00 @ ep 85)  [11.0s]
  ep  96: R(t)=0.884  l1=0.014  l2=0.015  acc1=74.65%  acc2=74.57%  ens=74.61%  (best 75.00 @ ep 85)  [4.3s]
  ep  97: R(t)=0.884  l1=0.013  l2=0.012  acc1=75.03%  acc2=74.75%  ens=74.89%  (best 75.00 @ ep 85)  [4.2s]
  ep  98: R(t)=0.884  l1=0.011  l2=0.013  acc1=75.11%  acc2=74.90%  ens=75.00%  (best 75.00 @ ep 98)  [4.4s]
  ep  99: R(t)=0.884  l1=0.013  l2=0.014  acc1=74.86%  acc2=74.61%  ens=74.73%  (best 75.00 @ ep 98)  [4.2s]

saved /path/to/ciln-workspace/journal_edition/robustness_transfer/results_v3/coteaching/ours__elastic_transform_sev3__seed0.json: best ens-acc 75.00% @ ep 98
[01:20:26] gpu 1: ours__elastic_transform_sev3 seed 1 -> ../logs/coteaching_v3/ours__elastic_transform_sev3__seed1.log
/path/to/ciln-workspace/venv/lib/python3.12/site-packages/torchvision/datasets/cifar.py:83: VisibleDeprecationWarning: dtype(): align should be passed as Python or NumPy boolean but got `align=0`. Did you mean to pass a tuple to create a subarray type? (Deprecated NumPy 2.4)
  entry = pickle.load(f, encoding="latin1")
condition=ours__elastic_transform_sev3 seed=1 gpu=1
  ep   0: R(t)=1.000  l1=1.793  l2=1.792  acc1=29.33%  acc2=26.30%  ens=27.82%  (best 27.82 @ ep 0)  [5.2s]
  ep   1: R(t)=0.963  l1=1.331  l2=1.331  acc1=35.30%  acc2=39.22%  ens=37.26%  (best 37.26 @ ep 1)  [4.3s]
  ep   2: R(t)=0.948  l1=1.099  l2=1.078  acc1=44.22%  acc2=46.08%  ens=45.15%  (best 45.15 @ ep 2)  [4.2s]
  ep   3: R(t)=0.936  l1=0.949  l2=0.893  acc1=42.72%  acc2=46.42%  ens=44.57%  (best 45.15 @ ep 2)  [4.3s]
  ep   4: R(t)=0.926  l1=0.797  l2=0.759  acc1=52.84%  acc2=49.87%  ens=51.35%  (best 51.35 @ ep 4)  [4.4s]
  ep   5: R(t)=0.918  l1=0.666  l2=0.632  acc1=51.57%  acc2=54.11%  ens=52.84%  (best 52.84 @ ep 5)  [4.5s]
  ep   6: R(t)=0.910  l1=0.563  l2=0.538  acc1=48.55%  acc2=53.86%  ens=51.20%  (best 52.84 @ ep 5)  [4.5s]
  ep   7: R(t)=0.903  l1=0.513  l2=0.481  acc1=55.99%  acc2=57.66%  ens=56.82%  (best 56.82 @ ep 7)  [4.2s]
  ep   8: R(t)=0.896  l1=0.438  l2=0.425  acc1=52.94%  acc2=53.88%  ens=53.41%  (best 56.82 @ ep 7)  [6.2s]
  ep   9: R(t)=0.890  l1=0.392  l2=0.376  acc1=55.56%  acc2=52.86%  ens=54.21%  (best 56.82 @ ep 7)  [10.5s]
  ep  10: R(t)=0.884  l1=0.343  l2=0.332  acc1=56.07%  acc2=61.56%  ens=58.81%  (best 58.81 @ ep 10)  [13.2s]
  ep  11: R(t)=0.884  l1=0.329  l2=0.319  acc1=62.62%  acc2=62.19%  ens=62.41%  (best 62.41 @ ep 11)  [3.9s]
  ep  12: R(t)=0.884  l1=0.314  l2=0.299  acc1=55.32%  acc2=57.78%  ens=56.55%  (best 62.41 @ ep 11)  [4.2s]
  ep  13: R(t)=0.884  l1=0.303  l2=0.297  acc1=61.21%  acc2=61.86%  ens=61.54%  (best 62.41 @ ep 11)  [4.4s]
  ep  14: R(t)=0.884  l1=0.270  l2=0.275  acc1=62.18%  acc2=62.27%  ens=62.22%  (best 62.41 @ ep 11)  [4.3s]
  ep  15: R(t)=0.884  l1=0.265  l2=0.270  acc1=62.71%  acc2=62.67%  ens=62.69%  (best 62.69 @ ep 15)  [4.3s]
  ep  16: R(t)=0.884  l1=0.258  l2=0.271  acc1=58.10%  acc2=59.89%  ens=58.99%  (best 62.69 @ ep 15)  [4.5s]
  ep  17: R(t)=0.884  l1=0.255  l2=0.251  acc1=61.66%  acc2=63.18%  ens=62.42%  (best 62.69 @ ep 15)  [4.1s]
  ep  18: R(t)=0.884  l1=0.254  l2=0.255  acc1=61.27%  acc2=62.47%  ens=61.87%  (best 62.69 @ ep 15)  [4.3s]
  ep  19: R(t)=0.884  l1=0.234  l2=0.227  acc1=63.75%  acc2=64.72%  ens=64.23%  (best 64.23 @ ep 19)  [4.4s]
  ep  20: R(t)=0.884  l1=0.235  l2=0.234  acc1=57.56%  acc2=62.89%  ens=60.22%  (best 64.23 @ ep 19)  [4.1s]
  ep  21: R(t)=0.884  l1=0.223  l2=0.222  acc1=64.61%  acc2=66.89%  ens=65.75%  (best 65.75 @ ep 21)  [4.3s]
  ep  22: R(t)=0.884  l1=0.197  l2=0.193  acc1=59.99%  acc2=64.35%  ens=62.17%  (best 65.75 @ ep 21)  [4.5s]
  ep  23: R(t)=0.884  l1=0.210  l2=0.207  acc1=67.35%  acc2=64.23%  ens=65.79%  (best 65.79 @ ep 23)  [4.3s]
  ep  24: R(t)=0.884  l1=0.195  l2=0.205  acc1=64.99%  acc2=64.32%  ens=64.66%  (best 65.79 @ ep 23)  [4.4s]
  ep  25: R(t)=0.884  l1=0.206  l2=0.206  acc1=63.71%  acc2=63.18%  ens=63.44%  (best 65.79 @ ep 23)  [5.9s]
  ep  26: R(t)=0.884  l1=0.192  l2=0.194  acc1=58.87%  acc2=60.63%  ens=59.75%  (best 65.79 @ ep 23)  [9.4s]
  ep  27: R(t)=0.884  l1=0.182  l2=0.187  acc1=60.75%  acc2=56.33%  ens=58.54%  (best 65.79 @ ep 23)  [9.7s]
  ep  28: R(t)=0.884  l1=0.186  l2=0.184  acc1=67.13%  acc2=65.26%  ens=66.20%  (best 66.20 @ ep 28)  [9.4s]
  ep  29: R(t)=0.884  l1=0.198  l2=0.198  acc1=58.60%  acc2=67.38%  ens=62.99%  (best 66.20 @ ep 28)  [9.7s]
  ep  30: R(t)=0.884  l1=0.176  l2=0.178  acc1=63.94%  acc2=69.31%  ens=66.62%  (best 66.62 @ ep 30)  [9.9s]
  ep  31: R(t)=0.884  l1=0.176  l2=0.179  acc1=60.05%  acc2=66.66%  ens=63.36%  (best 66.62 @ ep 30)  [10.2s]
  ep  32: R(t)=0.884  l1=0.179  l2=0.169  acc1=62.32%  acc2=62.03%  ens=62.18%  (best 66.62 @ ep 30)  [9.7s]
  ep  33: R(t)=0.884  l1=0.173  l2=0.179  acc1=64.24%  acc2=66.99%  ens=65.61%  (best 66.62 @ ep 30)  [9.4s]
  ep  34: R(t)=0.884  l1=0.172  l2=0.174  acc1=67.51%  acc2=67.17%  ens=67.34%  (best 67.34 @ ep 34)  [9.0s]
  ep  35: R(t)=0.884  l1=0.146  l2=0.157  acc1=64.44%  acc2=63.02%  ens=63.73%  (best 67.34 @ ep 34)  [4.4s]
  ep  36: R(t)=0.884  l1=0.175  l2=0.174  acc1=63.56%  acc2=65.64%  ens=64.60%  (best 67.34 @ ep 34)  [4.5s]
  ep  37: R(t)=0.884  l1=0.151  l2=0.163  acc1=62.52%  acc2=64.11%  ens=63.31%  (best 67.34 @ ep 34)  [4.3s]
  ep  38: R(t)=0.884  l1=0.154  l2=0.143  acc1=67.84%  acc2=69.13%  ens=68.48%  (best 68.48 @ ep 38)  [4.2s]
  ep  39: R(t)=0.884  l1=0.135  l2=0.142  acc1=67.33%  acc2=66.99%  ens=67.16%  (best 68.48 @ ep 38)  [4.2s]
  ep  40: R(t)=0.884  l1=0.148  l2=0.145  acc1=69.49%  acc2=65.59%  ens=67.54%  (best 68.48 @ ep 38)  [4.5s]
  ep  41: R(t)=0.884  l1=0.130  l2=0.131  acc1=65.68%  acc2=67.56%  ens=66.62%  (best 68.48 @ ep 38)  [4.5s]
  ep  42: R(t)=0.884  l1=0.130  l2=0.126  acc1=68.59%  acc2=67.81%  ens=68.20%  (best 68.48 @ ep 38)  [4.2s]
  ep  43: R(t)=0.884  l1=0.137  l2=0.149  acc1=70.15%  acc2=61.85%  ens=66.00%  (best 68.48 @ ep 38)  [4.2s]
  ep  44: R(t)=0.884  l1=0.128  l2=0.134  acc1=68.50%  acc2=66.27%  ens=67.39%  (best 68.48 @ ep 38)  [4.2s]
  ep  45: R(t)=0.884  l1=0.127  l2=0.135  acc1=68.82%  acc2=70.26%  ens=69.54%  (best 69.54 @ ep 45)  [4.3s]
  ep  46: R(t)=0.884  l1=0.113  l2=0.117  acc1=69.89%  acc2=65.97%  ens=67.93%  (best 69.54 @ ep 45)  [4.4s]
  ep  47: R(t)=0.884  l1=0.115  l2=0.114  acc1=68.29%  acc2=68.46%  ens=68.38%  (best 69.54 @ ep 45)  [4.5s]
  ep  48: R(t)=0.884  l1=0.118  l2=0.117  acc1=70.61%  acc2=70.71%  ens=70.66%  (best 70.66 @ ep 48)  [4.3s]
  ep  49: R(t)=0.884  l1=0.111  l2=0.113  acc1=67.65%  acc2=67.11%  ens=67.38%  (best 70.66 @ ep 48)  [8.9s]
  ep  50: R(t)=0.884  l1=0.112  l2=0.107  acc1=71.79%  acc2=72.47%  ens=72.13%  (best 72.13 @ ep 50)  [9.6s]
  ep  51: R(t)=0.884  l1=0.103  l2=0.106  acc1=67.69%  acc2=67.79%  ens=67.74%  (best 72.13 @ ep 50)  [9.7s]
  ep  52: R(t)=0.884  l1=0.113  l2=0.116  acc1=68.90%  acc2=66.73%  ens=67.81%  (best 72.13 @ ep 50)  [9.4s]
  ep  53: R(t)=0.884  l1=0.093  l2=0.100  acc1=71.87%  acc2=70.04%  ens=70.95%  (best 72.13 @ ep 50)  [9.8s]
  ep  54: R(t)=0.884  l1=0.082  l2=0.085  acc1=71.42%  acc2=71.66%  ens=71.54%  (best 72.13 @ ep 50)  [9.7s]
  ep  55: R(t)=0.884  l1=0.087  l2=0.093  acc1=69.21%  acc2=71.01%  ens=70.11%  (best 72.13 @ ep 50)  [9.7s]
  ep  56: R(t)=0.884  l1=0.094  l2=0.090  acc1=68.47%  acc2=69.75%  ens=69.11%  (best 72.13 @ ep 50)  [9.9s]
  ep  57: R(t)=0.884  l1=0.085  l2=0.084  acc1=70.16%  acc2=69.86%  ens=70.01%  (best 72.13 @ ep 50)  [9.4s]
  ep  58: R(t)=0.884  l1=0.079  l2=0.082  acc1=70.73%  acc2=70.30%  ens=70.52%  (best 72.13 @ ep 50)  [7.1s]
  ep  59: R(t)=0.884  l1=0.080  l2=0.081  acc1=69.82%  acc2=70.95%  ens=70.39%  (best 72.13 @ ep 50)  [4.3s]
  ep  60: R(t)=0.884  l1=0.078  l2=0.073  acc1=70.81%  acc2=72.45%  ens=71.63%  (best 72.13 @ ep 50)  [4.4s]
  ep  61: R(t)=0.884  l1=0.071  l2=0.070  acc1=71.48%  acc2=70.48%  ens=70.98%  (best 72.13 @ ep 50)  [4.2s]
  ep  62: R(t)=0.884  l1=0.064  l2=0.067  acc1=71.88%  acc2=70.74%  ens=71.31%  (best 72.13 @ ep 50)  [4.3s]
  ep  63: R(t)=0.884  l1=0.051  l2=0.053  acc1=71.87%  acc2=73.86%  ens=72.87%  (best 72.87 @ ep 63)  [4.2s]
  ep  64: R(t)=0.884  l1=0.060  l2=0.060  acc1=73.29%  acc2=71.06%  ens=72.17%  (best 72.87 @ ep 63)  [4.3s]
  ep  65: R(t)=0.884  l1=0.066  l2=0.068  acc1=73.03%  acc2=71.86%  ens=72.45%  (best 72.87 @ ep 63)  [4.2s]
  ep  66: R(t)=0.884  l1=0.053  l2=0.053  acc1=72.18%  acc2=72.43%  ens=72.30%  (best 72.87 @ ep 63)  [4.4s]
  ep  67: R(t)=0.884  l1=0.048  l2=0.050  acc1=72.68%  acc2=71.74%  ens=72.21%  (best 72.87 @ ep 63)  [4.3s]
  ep  68: R(t)=0.884  l1=0.042  l2=0.048  acc1=73.49%  acc2=73.23%  ens=73.36%  (best 73.36 @ ep 68)  [4.2s]
  ep  69: R(t)=0.884  l1=0.047  l2=0.046  acc1=72.90%  acc2=73.15%  ens=73.03%  (best 73.36 @ ep 68)  [4.3s]
  ep  70: R(t)=0.884  l1=0.035  l2=0.034  acc1=72.25%  acc2=73.83%  ens=73.04%  (best 73.36 @ ep 68)  [4.2s]
  ep  71: R(t)=0.884  l1=0.031  l2=0.033  acc1=72.61%  acc2=73.19%  ens=72.90%  (best 73.36 @ ep 68)  [4.3s]
  ep  72: R(t)=0.884  l1=0.043  l2=0.043  acc1=72.92%  acc2=72.78%  ens=72.85%  (best 73.36 @ ep 68)  [4.8s]
  ep  73: R(t)=0.884  l1=0.048  l2=0.047  acc1=74.70%  acc2=74.65%  ens=74.67%  (best 74.67 @ ep 73)  [10.7s]
  ep  74: R(t)=0.884  l1=0.032  l2=0.028  acc1=74.21%  acc2=74.27%  ens=74.24%  (best 74.67 @ ep 73)  [11.8s]
  ep  75: R(t)=0.884  l1=0.036  l2=0.033  acc1=73.84%  acc2=73.25%  ens=73.54%  (best 74.67 @ ep 73)  [11.0s]
  ep  76: R(t)=0.884  l1=0.030  l2=0.028  acc1=74.42%  acc2=74.34%  ens=74.38%  (best 74.67 @ ep 73)  [11.1s]
  ep  77: R(t)=0.884  l1=0.028  l2=0.031  acc1=74.46%  acc2=73.77%  ens=74.11%  (best 74.67 @ ep 73)  [10.2s]
  ep  78: R(t)=0.884  l1=0.027  l2=0.029  acc1=74.83%  acc2=74.38%  ens=74.61%  (best 74.67 @ ep 73)  [5.5s]
  ep  79: R(t)=0.884  l1=0.025  l2=0.026  acc1=74.04%  acc2=74.85%  ens=74.45%  (best 74.67 @ ep 73)  [4.3s]
  ep  80: R(t)=0.884  l1=0.022  l2=0.024  acc1=74.70%  acc2=75.11%  ens=74.91%  (best 74.91 @ ep 80)  [4.3s]
  ep  81: R(t)=0.884  l1=0.018  l2=0.020  acc1=74.98%  acc2=74.73%  ens=74.86%  (best 74.91 @ ep 80)  [4.5s]
  ep  82: R(t)=0.884  l1=0.017  l2=0.019  acc1=74.73%  acc2=75.04%  ens=74.89%  (best 74.91 @ ep 80)  [4.5s]
  ep  83: R(t)=0.884  l1=0.023  l2=0.022  acc1=74.34%  acc2=74.67%  ens=74.50%  (best 74.91 @ ep 80)  [4.5s]
  ep  84: R(t)=0.884  l1=0.017  l2=0.018  acc1=74.58%  acc2=75.13%  ens=74.86%  (best 74.91 @ ep 80)  [4.4s]
  ep  85: R(t)=0.884  l1=0.016  l2=0.016  acc1=74.15%  acc2=74.95%  ens=74.55%  (best 74.91 @ ep 80)  [4.5s]
  ep  86: R(t)=0.884  l1=0.014  l2=0.013  acc1=74.53%  acc2=74.91%  ens=74.72%  (best 74.91 @ ep 80)  [4.3s]
  ep  87: R(t)=0.884  l1=0.014  l2=0.015  acc1=74.61%  acc2=74.98%  ens=74.80%  (best 74.91 @ ep 80)  [4.3s]
  ep  88: R(t)=0.884  l1=0.013  l2=0.013  acc1=74.88%  acc2=75.28%  ens=75.08%  (best 75.08 @ ep 88)  [4.3s]
  ep  89: R(t)=0.884  l1=0.018  l2=0.017  acc1=74.67%  acc2=74.96%  ens=74.82%  (best 75.08 @ ep 88)  [4.5s]
  ep  90: R(t)=0.884  l1=0.016  l2=0.017  acc1=74.75%  acc2=75.21%  ens=74.98%  (best 75.08 @ ep 88)  [4.4s]
  ep  91: R(t)=0.884  l1=0.014  l2=0.014  acc1=74.77%  acc2=74.99%  ens=74.88%  (best 75.08 @ ep 88)  [4.5s]
  ep  92: R(t)=0.884  l1=0.012  l2=0.011  acc1=74.90%  acc2=75.17%  ens=75.04%  (best 75.08 @ ep 88)  [10.1s]
  ep  93: R(t)=0.884  l1=0.014  l2=0.013  acc1=74.90%  acc2=75.21%  ens=75.06%  (best 75.08 @ ep 88)  [11.1s]
  ep  94: R(t)=0.884  l1=0.017  l2=0.016  acc1=74.78%  acc2=75.22%  ens=75.00%  (best 75.08 @ ep 88)  [10.7s]
  ep  95: R(t)=0.884  l1=0.011  l2=0.012  acc1=74.60%  acc2=75.14%  ens=74.87%  (best 75.08 @ ep 88)  [10.4s]
  ep  96: R(t)=0.884  l1=0.017  l2=0.017  acc1=74.76%  acc2=75.11%  ens=74.94%  (best 75.08 @ ep 88)  [11.8s]
  ep  97: R(t)=0.884  l1=0.012  l2=0.011  acc1=74.67%  acc2=75.10%  ens=74.89%  (best 75.08 @ ep 88)  [10.7s]
  ep  98: R(t)=0.884  l1=0.016  l2=0.016  acc1=74.68%  acc2=75.19%  ens=74.94%  (best 75.08 @ ep 88)  [10.2s]
  ep  99: R(t)=0.884  l1=0.012  l2=0.011  acc1=74.81%  acc2=75.35%  ens=75.08%  (best 75.08 @ ep 88)  [11.6s]

saved /path/to/ciln-workspace/journal_edition/robustness_transfer/results_v3/coteaching/ours__elastic_transform_sev3__seed1.json: best ens-acc 75.08% @ ep 88
[01:31:10] gpu 1: ours__elastic_transform_sev3 seed 2 -> ../logs/coteaching_v3/ours__elastic_transform_sev3__seed2.log
/path/to/ciln-workspace/venv/lib/python3.12/site-packages/torchvision/datasets/cifar.py:83: VisibleDeprecationWarning: dtype(): align should be passed as Python or NumPy boolean but got `align=0`. Did you mean to pass a tuple to create a subarray type? (Deprecated NumPy 2.4)
  entry = pickle.load(f, encoding="latin1")
condition=ours__elastic_transform_sev3 seed=2 gpu=1
  ep   0: R(t)=1.000  l1=1.811  l2=1.827  acc1=33.49%  acc2=31.30%  ens=32.39%  (best 32.39 @ ep 0)  [5.3s]
  ep   1: R(t)=0.963  l1=1.381  l2=1.350  acc1=34.94%  acc2=40.10%  ens=37.52%  (best 37.52 @ ep 1)  [4.3s]
  ep   2: R(t)=0.948  l1=1.157  l2=1.119  acc1=38.00%  acc2=44.24%  ens=41.12%  (best 41.12 @ ep 2)  [4.4s]
  ep   3: R(t)=0.936  l1=0.925  l2=0.917  acc1=47.16%  acc2=44.19%  ens=45.67%  (best 45.67 @ ep 3)  [4.4s]
  ep   4: R(t)=0.926  l1=0.834  l2=0.801  acc1=50.68%  acc2=50.70%  ens=50.69%  (best 50.69 @ ep 4)  [4.2s]
  ep   5: R(t)=0.918  l1=0.674  l2=0.662  acc1=52.78%  acc2=52.90%  ens=52.84%  (best 52.84 @ ep 5)  [4.3s]
  ep   6: R(t)=0.910  l1=0.581  l2=0.555  acc1=52.84%  acc2=48.91%  ens=50.88%  (best 52.84 @ ep 5)  [4.3s]
  ep   7: R(t)=0.903  l1=0.506  l2=0.490  acc1=51.75%  acc2=51.19%  ens=51.47%  (best 52.84 @ ep 5)  [4.3s]
  ep   8: R(t)=0.896  l1=0.451  l2=0.440  acc1=53.86%  acc2=57.36%  ens=55.61%  (best 55.61 @ ep 8)  [4.5s]
  ep   9: R(t)=0.890  l1=0.368  l2=0.375  acc1=59.49%  acc2=59.48%  ens=59.48%  (best 59.48 @ ep 9)  [4.4s]
  ep  10: R(t)=0.884  l1=0.341  l2=0.337  acc1=61.09%  acc2=59.31%  ens=60.20%  (best 60.20 @ ep 10)  [4.2s]
  ep  11: R(t)=0.884  l1=0.312  l2=0.316  acc1=51.05%  acc2=59.74%  ens=55.39%  (best 60.20 @ ep 10)  [4.3s]
  ep  12: R(t)=0.884  l1=0.309  l2=0.314  acc1=58.45%  acc2=50.48%  ens=54.47%  (best 60.20 @ ep 10)  [4.1s]
  ep  13: R(t)=0.884  l1=0.295  l2=0.284  acc1=59.96%  acc2=61.24%  ens=60.60%  (best 60.60 @ ep 13)  [9.2s]
  ep  14: R(t)=0.884  l1=0.271  l2=0.265  acc1=59.84%  acc2=59.71%  ens=59.77%  (best 60.60 @ ep 13)  [4.2s]
  ep  15: R(t)=0.884  l1=0.261  l2=0.262  acc1=60.90%  acc2=63.12%  ens=62.01%  (best 62.01 @ ep 15)  [4.2s]
  ep  16: R(t)=0.884  l1=0.236  l2=0.244  acc1=58.46%  acc2=58.70%  ens=58.58%  (best 62.01 @ ep 15)  [4.3s]
  ep  17: R(t)=0.884  l1=0.238  l2=0.239  acc1=61.53%  acc2=57.40%  ens=59.46%  (best 62.01 @ ep 15)  [4.3s]
  ep  18: R(t)=0.884  l1=0.232  l2=0.239  acc1=61.14%  acc2=59.33%  ens=60.24%  (best 62.01 @ ep 15)  [4.1s]
  ep  19: R(t)=0.884  l1=0.218  l2=0.220  acc1=64.72%  acc2=64.99%  ens=64.85%  (best 64.85 @ ep 19)  [4.2s]
  ep  20: R(t)=0.884  l1=0.208  l2=0.208  acc1=66.48%  acc2=64.39%  ens=65.44%  (best 65.44 @ ep 20)  [4.1s]
  ep  21: R(t)=0.884  l1=0.207  l2=0.203  acc1=58.30%  acc2=63.16%  ens=60.73%  (best 65.44 @ ep 20)  [4.1s]
  ep  22: R(t)=0.884  l1=0.185  l2=0.178  acc1=58.17%  acc2=65.08%  ens=61.62%  (best 65.44 @ ep 20)  [4.1s]
  ep  23: R(t)=0.884  l1=0.200  l2=0.197  acc1=61.30%  acc2=66.01%  ens=63.65%  (best 65.44 @ ep 20)  [4.2s]
  ep  24: R(t)=0.884  l1=0.200  l2=0.193  acc1=64.23%  acc2=63.77%  ens=64.00%  (best 65.44 @ ep 20)  [4.3s]
  ep  25: R(t)=0.884  l1=0.176  l2=0.173  acc1=65.10%  acc2=62.42%  ens=63.76%  (best 65.44 @ ep 20)  [4.2s]
  ep  26: R(t)=0.884  l1=0.171  l2=0.174  acc1=61.87%  acc2=63.69%  ens=62.78%  (best 65.44 @ ep 20)  [4.1s]
  ep  27: R(t)=0.884  l1=0.190  l2=0.191  acc1=65.44%  acc2=64.95%  ens=65.20%  (best 65.44 @ ep 20)  [4.4s]
  ep  28: R(t)=0.884  l1=0.175  l2=0.169  acc1=63.16%  acc2=66.26%  ens=64.71%  (best 65.44 @ ep 20)  [4.4s]
  ep  29: R(t)=0.884  l1=0.164  l2=0.160  acc1=65.37%  acc2=67.00%  ens=66.19%  (best 66.19 @ ep 29)  [4.3s]
  ep  30: R(t)=0.884  l1=0.165  l2=0.161  acc1=65.58%  acc2=60.99%  ens=63.29%  (best 66.19 @ ep 29)  [4.2s]
  ep  31: R(t)=0.884  l1=0.173  l2=0.165  acc1=67.01%  acc2=68.00%  ens=67.51%  (best 67.51 @ ep 31)  [4.1s]
  ep  32: R(t)=0.884  l1=0.156  l2=0.150  acc1=68.05%  acc2=69.65%  ens=68.85%  (best 68.85 @ ep 32)  [4.2s]
  ep  33: R(t)=0.884  l1=0.140  l2=0.143  acc1=67.28%  acc2=67.24%  ens=67.26%  (best 68.85 @ ep 32)  [4.1s]
  ep  34: R(t)=0.884  l1=0.134  l2=0.148  acc1=67.24%  acc2=69.63%  ens=68.44%  (best 68.85 @ ep 32)  [4.0s]
  ep  35: R(t)=0.884  l1=0.143  l2=0.136  acc1=65.23%  acc2=67.83%  ens=66.53%  (best 68.85 @ ep 32)  [4.2s]
  ep  36: R(t)=0.884  l1=0.146  l2=0.142  acc1=67.00%  acc2=69.24%  ens=68.12%  (best 68.85 @ ep 32)  [4.2s]
  ep  37: R(t)=0.884  l1=0.139  l2=0.145  acc1=65.89%  acc2=67.40%  ens=66.64%  (best 68.85 @ ep 32)  [4.3s]
  ep  38: R(t)=0.884  l1=0.144  l2=0.150  acc1=68.48%  acc2=67.85%  ens=68.16%  (best 68.85 @ ep 32)  [4.1s]
  ep  39: R(t)=0.884  l1=0.138  l2=0.126  acc1=70.55%  acc2=65.75%  ens=68.15%  (best 68.85 @ ep 32)  [4.2s]
  ep  40: R(t)=0.884  l1=0.125  l2=0.124  acc1=68.20%  acc2=67.75%  ens=67.98%  (best 68.85 @ ep 32)  [4.5s]
  ep  41: R(t)=0.884  l1=0.135  l2=0.127  acc1=70.79%  acc2=67.97%  ens=69.38%  (best 69.38 @ ep 41)  [4.4s]
  ep  42: R(t)=0.884  l1=0.123  l2=0.115  acc1=68.99%  acc2=65.41%  ens=67.20%  (best 69.38 @ ep 41)  [4.2s]
  ep  43: R(t)=0.884  l1=0.126  l2=0.117  acc1=70.38%  acc2=67.35%  ens=68.86%  (best 69.38 @ ep 41)  [11.0s]
  ep  44: R(t)=0.884  l1=0.114  l2=0.121  acc1=68.50%  acc2=70.71%  ens=69.61%  (best 69.61 @ ep 44)  [4.2s]
  ep  45: R(t)=0.884  l1=0.109  l2=0.113  acc1=71.92%  acc2=68.19%  ens=70.06%  (best 70.06 @ ep 45)  [4.3s]
  ep  46: R(t)=0.884  l1=0.100  l2=0.103  acc1=67.97%  acc2=70.24%  ens=69.10%  (best 70.06 @ ep 45)  [4.2s]
  ep  47: R(t)=0.884  l1=0.116  l2=0.122  acc1=70.61%  acc2=69.70%  ens=70.15%  (best 70.15 @ ep 47)  [4.2s]
  ep  48: R(t)=0.884  l1=0.110  l2=0.110  acc1=70.49%  acc2=69.23%  ens=69.86%  (best 70.15 @ ep 47)  [4.0s]
  ep  49: R(t)=0.884  l1=0.099  l2=0.097  acc1=71.54%  acc2=70.97%  ens=71.25%  (best 71.25 @ ep 49)  [4.1s]
  ep  50: R(t)=0.884  l1=0.103  l2=0.098  acc1=71.03%  acc2=69.79%  ens=70.41%  (best 71.25 @ ep 49)  [4.3s]
  ep  51: R(t)=0.884  l1=0.093  l2=0.092  acc1=70.69%  acc2=69.90%  ens=70.30%  (best 71.25 @ ep 49)  [4.4s]
  ep  52: R(t)=0.884  l1=0.100  l2=0.095  acc1=69.28%  acc2=70.48%  ens=69.88%  (best 71.25 @ ep 49)  [4.2s]
  ep  53: R(t)=0.884  l1=0.077  l2=0.079  acc1=70.90%  acc2=71.24%  ens=71.07%  (best 71.25 @ ep 49)  [4.0s]
  ep  54: R(t)=0.884  l1=0.086  l2=0.084  acc1=72.63%  acc2=69.75%  ens=71.19%  (best 71.25 @ ep 49)  [4.1s]
  ep  55: R(t)=0.884  l1=0.069  l2=0.067  acc1=71.30%  acc2=69.64%  ens=70.47%  (best 71.25 @ ep 49)  [4.2s]
  ep  56: R(t)=0.884  l1=0.085  l2=0.078  acc1=72.10%  acc2=70.40%  ens=71.25%  (best 71.25 @ ep 49)  [4.2s]
  ep  57: R(t)=0.884  l1=0.081  l2=0.079  acc1=71.35%  acc2=72.28%  ens=71.82%  (best 71.82 @ ep 57)  [4.0s]
  ep  58: R(t)=0.884  l1=0.070  l2=0.068  acc1=72.26%  acc2=71.71%  ens=71.98%  (best 71.98 @ ep 58)  [11.8s]
  ep  59: R(t)=0.884  l1=0.070  l2=0.067  acc1=71.37%  acc2=72.65%  ens=72.01%  (best 72.01 @ ep 59)  [4.1s]
  ep  60: R(t)=0.884  l1=0.071  l2=0.066  acc1=73.45%  acc2=72.93%  ens=73.19%  (best 73.19 @ ep 60)  [4.1s]
  ep  61: R(t)=0.884  l1=0.063  l2=0.064  acc1=73.28%  acc2=71.95%  ens=72.62%  (best 73.19 @ ep 60)  [4.3s]
  ep  62: R(t)=0.884  l1=0.061  l2=0.062  acc1=71.44%  acc2=71.66%  ens=71.55%  (best 73.19 @ ep 60)  [4.2s]
  ep  63: R(t)=0.884  l1=0.072  l2=0.071  acc1=70.81%  acc2=72.18%  ens=71.50%  (best 73.19 @ ep 60)  [4.1s]
  ep  64: R(t)=0.884  l1=0.056  l2=0.053  acc1=72.87%  acc2=73.49%  ens=73.18%  (best 73.19 @ ep 60)  [4.3s]
  ep  65: R(t)=0.884  l1=0.044  l2=0.047  acc1=73.41%  acc2=72.37%  ens=72.89%  (best 73.19 @ ep 60)  [4.4s]
  ep  66: R(t)=0.884  l1=0.046  l2=0.046  acc1=73.90%  acc2=72.49%  ens=73.19%  (best 73.19 @ ep 66)  [4.5s]
  ep  67: R(t)=0.884  l1=0.044  l2=0.045  acc1=70.02%  acc2=72.10%  ens=71.06%  (best 73.19 @ ep 66)  [4.3s]
  ep  68: R(t)=0.884  l1=0.047  l2=0.045  acc1=73.39%  acc2=72.78%  ens=73.08%  (best 73.19 @ ep 66)  [4.1s]
  ep  69: R(t)=0.884  l1=0.045  l2=0.047  acc1=74.43%  acc2=73.89%  ens=74.16%  (best 74.16 @ ep 69)  [4.2s]
  ep  70: R(t)=0.884  l1=0.043  l2=0.040  acc1=74.00%  acc2=74.65%  ens=74.33%  (best 74.33 @ ep 70)  [4.2s]
  ep  71: R(t)=0.884  l1=0.038  l2=0.035  acc1=74.08%  acc2=73.96%  ens=74.02%  (best 74.33 @ ep 70)  [4.0s]
  ep  72: R(t)=0.884  l1=0.035  l2=0.038  acc1=73.58%  acc2=73.33%  ens=73.45%  (best 74.33 @ ep 70)  [8.9s]
  ep  73: R(t)=0.884  l1=0.034  l2=0.033  acc1=74.52%  acc2=73.93%  ens=74.22%  (best 74.33 @ ep 70)  [4.4s]
  ep  74: R(t)=0.884  l1=0.031  l2=0.034  acc1=74.53%  acc2=73.59%  ens=74.06%  (best 74.33 @ ep 70)  [4.1s]
  ep  75: R(t)=0.884  l1=0.028  l2=0.026  acc1=74.16%  acc2=74.33%  ens=74.25%  (best 74.33 @ ep 70)  [4.2s]
  ep  76: R(t)=0.884  l1=0.029  l2=0.029  acc1=74.20%  acc2=73.65%  ens=73.92%  (best 74.33 @ ep 70)  [4.2s]
  ep  77: R(t)=0.884  l1=0.026  l2=0.026  acc1=74.23%  acc2=74.11%  ens=74.17%  (best 74.33 @ ep 70)  [4.1s]
  ep  78: R(t)=0.884  l1=0.021  l2=0.023  acc1=74.80%  acc2=74.31%  ens=74.55%  (best 74.55 @ ep 78)  [4.2s]
  ep  79: R(t)=0.884  l1=0.019  l2=0.020  acc1=74.13%  acc2=74.19%  ens=74.16%  (best 74.55 @ ep 78)  [4.3s]
  ep  80: R(t)=0.884  l1=0.020  l2=0.021  acc1=74.80%  acc2=73.97%  ens=74.39%  (best 74.55 @ ep 78)  [4.4s]
  ep  81: R(t)=0.884  l1=0.022  l2=0.021  acc1=74.49%  acc2=74.81%  ens=74.65%  (best 74.65 @ ep 81)  [4.1s]
  ep  82: R(t)=0.884  l1=0.019  l2=0.018  acc1=75.03%  acc2=74.35%  ens=74.69%  (best 74.69 @ ep 82)  [4.2s]
  ep  83: R(t)=0.884  l1=0.021  l2=0.020  acc1=74.82%  acc2=74.33%  ens=74.57%  (best 74.69 @ ep 82)  [4.4s]
  ep  84: R(t)=0.884  l1=0.013  l2=0.014  acc1=75.24%  acc2=74.58%  ens=74.91%  (best 74.91 @ ep 84)  [4.1s]
  ep  85: R(t)=0.884  l1=0.016  l2=0.015  acc1=74.91%  acc2=74.34%  ens=74.62%  (best 74.91 @ ep 84)  [4.2s]
  ep  86: R(t)=0.884  l1=0.017  l2=0.016  acc1=75.01%  acc2=74.57%  ens=74.79%  (best 74.91 @ ep 84)  [4.1s]
  ep  87: R(t)=0.884  l1=0.016  l2=0.015  acc1=75.14%  acc2=74.87%  ens=75.00%  (best 75.00 @ ep 87)  [6.9s]
  ep  88: R(t)=0.884  l1=0.012  l2=0.011  acc1=75.26%  acc2=74.79%  ens=75.03%  (best 75.03 @ ep 88)  [4.2s]
  ep  89: R(t)=0.884  l1=0.016  l2=0.018  acc1=75.21%  acc2=74.67%  ens=74.94%  (best 75.03 @ ep 88)  [4.3s]
  ep  90: R(t)=0.884  l1=0.013  l2=0.013  acc1=75.03%  acc2=74.49%  ens=74.76%  (best 75.03 @ ep 88)  [4.2s]
  ep  91: R(t)=0.884  l1=0.011  l2=0.011  acc1=75.18%  acc2=74.30%  ens=74.74%  (best 75.03 @ ep 88)  [4.0s]
  ep  92: R(t)=0.884  l1=0.012  l2=0.011  acc1=75.33%  acc2=74.78%  ens=75.06%  (best 75.06 @ ep 92)  [4.3s]
  ep  93: R(t)=0.884  l1=0.013  l2=0.014  acc1=75.20%  acc2=74.62%  ens=74.91%  (best 75.06 @ ep 92)  [4.2s]
  ep  94: R(t)=0.884  l1=0.019  l2=0.018  acc1=75.24%  acc2=74.44%  ens=74.84%  (best 75.06 @ ep 92)  [4.1s]
  ep  95: R(t)=0.884  l1=0.013  l2=0.013  acc1=75.02%  acc2=74.57%  ens=74.80%  (best 75.06 @ ep 92)  [4.2s]
  ep  96: R(t)=0.884  l1=0.013  l2=0.014  acc1=75.25%  acc2=74.38%  ens=74.81%  (best 75.06 @ ep 92)  [4.3s]
  ep  97: R(t)=0.884  l1=0.012  l2=0.011  acc1=75.21%  acc2=74.73%  ens=74.97%  (best 75.06 @ ep 92)  [4.1s]
  ep  98: R(t)=0.884  l1=0.011  l2=0.011  acc1=75.30%  acc2=74.52%  ens=74.91%  (best 75.06 @ ep 92)  [4.1s]
  ep  99: R(t)=0.884  l1=0.013  l2=0.012  acc1=75.25%  acc2=74.53%  ens=74.89%  (best 75.06 @ ep 92)  [4.3s]

saved /path/to/ciln-workspace/journal_edition/robustness_transfer/results_v3/coteaching/ours__elastic_transform_sev3__seed2.json: best ens-acc 75.06% @ ep 92
[01:38:51] gpu 1: ours__brightness_sev5 seed 0 -> ../logs/coteaching_v3/ours__brightness_sev5__seed0.log
/path/to/ciln-workspace/venv/lib/python3.12/site-packages/torchvision/datasets/cifar.py:83: VisibleDeprecationWarning: dtype(): align should be passed as Python or NumPy boolean but got `align=0`. Did you mean to pass a tuple to create a subarray type? (Deprecated NumPy 2.4)
  entry = pickle.load(f, encoding="latin1")
condition=ours__brightness_sev5 seed=0 gpu=1
  ep   0: R(t)=1.000  l1=1.823  l2=1.810  acc1=27.65%  acc2=20.81%  ens=24.23%  (best 24.23 @ ep 0)  [5.5s]
  ep   1: R(t)=0.932  l1=1.361  l2=1.355  acc1=33.01%  acc2=34.54%  ens=33.77%  (best 33.77 @ ep 1)  [5.1s]
  ep   2: R(t)=0.904  l1=1.172  l2=1.168  acc1=34.59%  acc2=32.64%  ens=33.62%  (best 33.77 @ ep 1)  [4.2s]
  ep   3: R(t)=0.882  l1=0.992  l2=0.961  acc1=44.35%  acc2=44.86%  ens=44.60%  (best 44.60 @ ep 3)  [4.2s]
  ep   4: R(t)=0.864  l1=0.814  l2=0.817  acc1=43.31%  acc2=49.97%  ens=46.64%  (best 46.64 @ ep 4)  [4.1s]
  ep   5: R(t)=0.847  l1=0.681  l2=0.691  acc1=49.89%  acc2=50.64%  ens=50.27%  (best 50.27 @ ep 5)  [4.1s]
  ep   6: R(t)=0.833  l1=0.594  l2=0.584  acc1=53.26%  acc2=50.48%  ens=51.87%  (best 51.87 @ ep 6)  [4.2s]
  ep   7: R(t)=0.820  l1=0.516  l2=0.522  acc1=53.34%  acc2=53.54%  ens=53.44%  (best 53.44 @ ep 7)  [4.2s]
  ep   8: R(t)=0.807  l1=0.459  l2=0.465  acc1=54.88%  acc2=55.33%  ens=55.11%  (best 55.11 @ ep 8)  [4.2s]
  ep   9: R(t)=0.795  l1=0.389  l2=0.395  acc1=53.78%  acc2=51.32%  ens=52.55%  (best 55.11 @ ep 8)  [4.0s]
  ep  10: R(t)=0.784  l1=0.363  l2=0.364  acc1=53.78%  acc2=51.62%  ens=52.70%  (best 55.11 @ ep 8)  [4.0s]
  ep  11: R(t)=0.784  l1=0.341  l2=0.333  acc1=52.85%  acc2=53.20%  ens=53.02%  (best 55.11 @ ep 8)  [4.1s]
  ep  12: R(t)=0.784  l1=0.314  l2=0.314  acc1=54.38%  acc2=54.10%  ens=54.24%  (best 55.11 @ ep 8)  [4.2s]
  ep  13: R(t)=0.784  l1=0.307  l2=0.300  acc1=52.66%  acc2=53.81%  ens=53.23%  (best 55.11 @ ep 8)  [4.3s]
  ep  14: R(t)=0.784  l1=0.296  l2=0.298  acc1=54.13%  acc2=54.27%  ens=54.20%  (best 55.11 @ ep 8)  [6.0s]
  ep  15: R(t)=0.784  l1=0.286  l2=0.273  acc1=59.08%  acc2=50.55%  ens=54.81%  (best 55.11 @ ep 8)  [4.2s]
  ep  16: R(t)=0.784  l1=0.268  l2=0.276  acc1=53.76%  acc2=61.30%  ens=57.53%  (best 57.53 @ ep 16)  [4.0s]
  ep  17: R(t)=0.784  l1=0.263  l2=0.265  acc1=60.93%  acc2=62.01%  ens=61.47%  (best 61.47 @ ep 17)  [4.2s]
  ep  18: R(t)=0.784  l1=0.242  l2=0.246  acc1=54.06%  acc2=58.67%  ens=56.36%  (best 61.47 @ ep 17)  [4.2s]
  ep  19: R(t)=0.784  l1=0.268  l2=0.251  acc1=57.95%  acc2=56.64%  ens=57.30%  (best 61.47 @ ep 17)  [4.1s]
  ep  20: R(t)=0.784  l1=0.241  l2=0.228  acc1=56.52%  acc2=60.44%  ens=58.48%  (best 61.47 @ ep 17)  [4.2s]
  ep  21: R(t)=0.784  l1=0.252  l2=0.234  acc1=58.28%  acc2=56.28%  ens=57.28%  (best 61.47 @ ep 17)  [4.2s]
  ep  22: R(t)=0.784  l1=0.248  l2=0.244  acc1=55.37%  acc2=53.13%  ens=54.25%  (best 61.47 @ ep 17)  [4.2s]
  ep  23: R(t)=0.784  l1=0.234  l2=0.226  acc1=55.41%  acc2=59.11%  ens=57.26%  (best 61.47 @ ep 17)  [4.2s]
  ep  24: R(t)=0.784  l1=0.202  l2=0.203  acc1=62.84%  acc2=60.77%  ens=61.80%  (best 61.80 @ ep 24)  [4.6s]
  ep  25: R(t)=0.784  l1=0.213  l2=0.198  acc1=59.75%  acc2=59.79%  ens=59.77%  (best 61.80 @ ep 24)  [4.1s]
  ep  26: R(t)=0.784  l1=0.233  l2=0.220  acc1=59.34%  acc2=58.69%  ens=59.01%  (best 61.80 @ ep 24)  [4.0s]
  ep  27: R(t)=0.784  l1=0.230  l2=0.230  acc1=60.23%  acc2=57.30%  ens=58.77%  (best 61.80 @ ep 24)  [4.1s]
  ep  28: R(t)=0.784  l1=0.199  l2=0.195  acc1=53.92%  acc2=64.50%  ens=59.21%  (best 61.80 @ ep 24)  [4.3s]
  ep  29: R(t)=0.784  l1=0.197  l2=0.183  acc1=58.03%  acc2=59.84%  ens=58.94%  (best 61.80 @ ep 24)  [4.3s]
  ep  30: R(t)=0.784  l1=0.198  l2=0.197  acc1=57.56%  acc2=61.31%  ens=59.43%  (best 61.80 @ ep 24)  [4.4s]
  ep  31: R(t)=0.784  l1=0.190  l2=0.189  acc1=50.53%  acc2=54.43%  ens=52.48%  (best 61.80 @ ep 24)  [4.0s]
  ep  32: R(t)=0.784  l1=0.215  l2=0.212  acc1=59.72%  acc2=52.62%  ens=56.17%  (best 61.80 @ ep 24)  [4.0s]
  ep  33: R(t)=0.784  l1=0.183  l2=0.181  acc1=54.35%  acc2=58.35%  ens=56.35%  (best 61.80 @ ep 24)  [4.0s]
  ep  34: R(t)=0.784  l1=0.199  l2=0.194  acc1=64.54%  acc2=57.43%  ens=60.98%  (best 61.80 @ ep 24)  [4.1s]
  ep  35: R(t)=0.784  l1=0.174  l2=0.168  acc1=61.90%  acc2=62.01%  ens=61.96%  (best 61.96 @ ep 35)  [4.1s]
  ep  36: R(t)=0.784  l1=0.176  l2=0.181  acc1=58.86%  acc2=59.31%  ens=59.09%  (best 61.96 @ ep 35)  [4.2s]
  ep  37: R(t)=0.784  l1=0.189  l2=0.178  acc1=64.35%  acc2=65.44%  ens=64.89%  (best 64.89 @ ep 37)  [4.5s]
  ep  38: R(t)=0.784  l1=0.178  l2=0.169  acc1=64.62%  acc2=61.56%  ens=63.09%  (best 64.89 @ ep 37)  [4.1s]
  ep  39: R(t)=0.784  l1=0.169  l2=0.163  acc1=60.95%  acc2=59.53%  ens=60.24%  (best 64.89 @ ep 37)  [4.2s]
  ep  40: R(t)=0.784  l1=0.154  l2=0.159  acc1=61.99%  acc2=66.65%  ens=64.32%  (best 64.89 @ ep 37)  [4.3s]
  ep  41: R(t)=0.784  l1=0.152  l2=0.145  acc1=63.89%  acc2=61.80%  ens=62.84%  (best 64.89 @ ep 37)  [4.2s]
  ep  42: R(t)=0.784  l1=0.156  l2=0.152  acc1=61.70%  acc2=61.42%  ens=61.56%  (best 64.89 @ ep 37)  [4.2s]
  ep  43: R(t)=0.784  l1=0.157  l2=0.140  acc1=60.30%  acc2=62.97%  ens=61.63%  (best 64.89 @ ep 37)  [4.1s]
  ep  44: R(t)=0.784  l1=0.162  l2=0.152  acc1=64.35%  acc2=63.33%  ens=63.84%  (best 64.89 @ ep 37)  [9.1s]
  ep  45: R(t)=0.784  l1=0.141  l2=0.148  acc1=65.80%  acc2=64.29%  ens=65.05%  (best 65.05 @ ep 45)  [4.3s]
  ep  46: R(t)=0.784  l1=0.150  l2=0.152  acc1=63.88%  acc2=63.71%  ens=63.80%  (best 65.05 @ ep 45)  [4.3s]
  ep  47: R(t)=0.784  l1=0.140  l2=0.131  acc1=64.70%  acc2=65.97%  ens=65.33%  (best 65.33 @ ep 47)  [4.2s]
  ep  48: R(t)=0.784  l1=0.139  l2=0.135  acc1=66.25%  acc2=66.89%  ens=66.57%  (best 66.57 @ ep 48)  [4.0s]
  ep  49: R(t)=0.784  l1=0.131  l2=0.125  acc1=65.03%  acc2=66.75%  ens=65.89%  (best 66.57 @ ep 48)  [3.9s]
  ep  50: R(t)=0.784  l1=0.128  l2=0.133  acc1=63.44%  acc2=61.41%  ens=62.42%  (best 66.57 @ ep 48)  [4.0s]
  ep  51: R(t)=0.784  l1=0.111  l2=0.110  acc1=67.40%  acc2=65.79%  ens=66.59%  (best 66.59 @ ep 51)  [4.2s]
  ep  52: R(t)=0.784  l1=0.114  l2=0.115  acc1=65.54%  acc2=65.50%  ens=65.52%  (best 66.59 @ ep 51)  [4.1s]
  ep  53: R(t)=0.784  l1=0.131  l2=0.136  acc1=64.34%  acc2=61.34%  ens=62.84%  (best 66.59 @ ep 51)  [4.0s]
  ep  54: R(t)=0.784  l1=0.117  l2=0.111  acc1=62.86%  acc2=64.38%  ens=63.62%  (best 66.59 @ ep 51)  [4.1s]
  ep  55: R(t)=0.784  l1=0.115  l2=0.123  acc1=63.83%  acc2=65.97%  ens=64.90%  (best 66.59 @ ep 51)  [4.3s]
  ep  56: R(t)=0.784  l1=0.116  l2=0.105  acc1=67.09%  acc2=66.94%  ens=67.02%  (best 67.02 @ ep 56)  [4.2s]
  ep  57: R(t)=0.784  l1=0.097  l2=0.095  acc1=64.21%  acc2=62.28%  ens=63.24%  (best 67.02 @ ep 56)  [4.3s]
  ep  58: R(t)=0.784  l1=0.104  l2=0.101  acc1=67.70%  acc2=67.84%  ens=67.77%  (best 67.77 @ ep 58)  [4.0s]
  ep  59: R(t)=0.784  l1=0.088  l2=0.092  acc1=66.20%  acc2=65.77%  ens=65.98%  (best 67.77 @ ep 58)  [4.1s]
  ep  60: R(t)=0.784  l1=0.088  l2=0.087  acc1=64.43%  acc2=65.89%  ens=65.16%  (best 67.77 @ ep 58)  [4.0s]
  ep  61: R(t)=0.784  l1=0.088  l2=0.087  acc1=68.21%  acc2=63.90%  ens=66.05%  (best 67.77 @ ep 58)  [4.2s]
  ep  62: R(t)=0.784  l1=0.083  l2=0.083  acc1=66.94%  acc2=66.28%  ens=66.61%  (best 67.77 @ ep 58)  [4.2s]
  ep  63: R(t)=0.784  l1=0.080  l2=0.082  acc1=67.18%  acc2=66.54%  ens=66.86%  (best 67.77 @ ep 58)  [4.1s]
  ep  64: R(t)=0.784  l1=0.070  l2=0.066  acc1=66.31%  acc2=66.37%  ens=66.34%  (best 67.77 @ ep 58)  [4.3s]
  ep  65: R(t)=0.784  l1=0.074  l2=0.068  acc1=65.60%  acc2=65.53%  ens=65.57%  (best 67.77 @ ep 58)  [4.2s]
  ep  66: R(t)=0.784  l1=0.077  l2=0.073  acc1=66.63%  acc2=67.94%  ens=67.28%  (best 67.77 @ ep 58)  [4.1s]
  ep  67: R(t)=0.784  l1=0.066  l2=0.063  acc1=66.74%  acc2=66.34%  ens=66.54%  (best 67.77 @ ep 58)  [4.1s]
  ep  68: R(t)=0.784  l1=0.060  l2=0.060  acc1=69.70%  acc2=68.87%  ens=69.28%  (best 69.28 @ ep 68)  [4.3s]
  ep  69: R(t)=0.784  l1=0.057  l2=0.056  acc1=67.44%  acc2=68.50%  ens=67.97%  (best 69.28 @ ep 68)  [4.4s]
  ep  70: R(t)=0.784  l1=0.057  l2=0.056  acc1=66.60%  acc2=68.73%  ens=67.66%  (best 69.28 @ ep 68)  [4.1s]
  ep  71: R(t)=0.784  l1=0.055  l2=0.051  acc1=67.98%  acc2=70.56%  ens=69.27%  (best 69.28 @ ep 68)  [4.2s]
  ep  72: R(t)=0.784  l1=0.056  l2=0.048  acc1=70.02%  acc2=69.66%  ens=69.84%  (best 69.84 @ ep 72)  [4.2s]
  ep  73: R(t)=0.784  l1=0.041  l2=0.042  acc1=68.23%  acc2=70.24%  ens=69.23%  (best 69.84 @ ep 72)  [4.2s]
  ep  74: R(t)=0.784  l1=0.049  l2=0.049  acc1=69.64%  acc2=70.36%  ens=70.00%  (best 70.00 @ ep 74)  [4.1s]
  ep  75: R(t)=0.784  l1=0.041  l2=0.038  acc1=69.51%  acc2=69.74%  ens=69.62%  (best 70.00 @ ep 74)  [4.0s]
  ep  76: R(t)=0.784  l1=0.037  l2=0.036  acc1=69.04%  acc2=69.05%  ens=69.05%  (best 70.00 @ ep 74)  [4.1s]
  ep  77: R(t)=0.784  l1=0.038  l2=0.035  acc1=69.54%  acc2=69.68%  ens=69.61%  (best 70.00 @ ep 74)  [4.0s]
  ep  78: R(t)=0.784  l1=0.033  l2=0.031  acc1=69.47%  acc2=69.05%  ens=69.26%  (best 70.00 @ ep 74)  [4.3s]
  ep  79: R(t)=0.784  l1=0.027  l2=0.028  acc1=69.83%  acc2=69.95%  ens=69.89%  (best 70.00 @ ep 74)  [4.0s]
  ep  80: R(t)=0.784  l1=0.035  l2=0.035  acc1=70.02%  acc2=69.68%  ens=69.85%  (best 70.00 @ ep 74)  [4.3s]
  ep  81: R(t)=0.784  l1=0.025  l2=0.026  acc1=70.26%  acc2=69.71%  ens=69.99%  (best 70.00 @ ep 74)  [4.3s]
  ep  82: R(t)=0.784  l1=0.022  l2=0.023  acc1=69.52%  acc2=70.54%  ens=70.03%  (best 70.03 @ ep 82)  [4.2s]
  ep  83: R(t)=0.784  l1=0.020  l2=0.021  acc1=70.04%  acc2=70.66%  ens=70.35%  (best 70.35 @ ep 83)  [4.3s]
  ep  84: R(t)=0.784  l1=0.024  l2=0.021  acc1=69.94%  acc2=69.78%  ens=69.86%  (best 70.35 @ ep 83)  [4.3s]
  ep  85: R(t)=0.784  l1=0.023  l2=0.024  acc1=70.01%  acc2=70.01%  ens=70.01%  (best 70.35 @ ep 83)  [4.1s]
  ep  86: R(t)=0.784  l1=0.022  l2=0.023  acc1=70.13%  acc2=70.05%  ens=70.09%  (best 70.35 @ ep 83)  [4.2s]
  ep  87: R(t)=0.784  l1=0.019  l2=0.019  acc1=70.20%  acc2=70.20%  ens=70.20%  (best 70.35 @ ep 83)  [3.9s]
  ep  88: R(t)=0.784  l1=0.020  l2=0.020  acc1=70.25%  acc2=70.20%  ens=70.23%  (best 70.35 @ ep 83)  [4.2s]
  ep  89: R(t)=0.784  l1=0.018  l2=0.018  acc1=70.26%  acc2=70.18%  ens=70.22%  (best 70.35 @ ep 83)  [7.4s]
  ep  90: R(t)=0.784  l1=0.017  l2=0.019  acc1=70.42%  acc2=70.25%  ens=70.34%  (best 70.35 @ ep 83)  [4.4s]
  ep  91: R(t)=0.784  l1=0.020  l2=0.018  acc1=70.75%  acc2=70.68%  ens=70.71%  (best 70.71 @ ep 91)  [4.1s]
  ep  92: R(t)=0.784  l1=0.018  l2=0.016  acc1=70.38%  acc2=70.54%  ens=70.46%  (best 70.71 @ ep 91)  [4.2s]
  ep  93: R(t)=0.784  l1=0.018  l2=0.018  acc1=70.48%  acc2=70.31%  ens=70.39%  (best 70.71 @ ep 91)  [4.1s]
  ep  94: R(t)=0.784  l1=0.017  l2=0.017  acc1=70.36%  acc2=70.35%  ens=70.36%  (best 70.71 @ ep 91)  [4.2s]
  ep  95: R(t)=0.784  l1=0.016  l2=0.015  acc1=70.33%  acc2=70.54%  ens=70.44%  (best 70.71 @ ep 91)  [4.3s]
  ep  96: R(t)=0.784  l1=0.018  l2=0.018  acc1=70.42%  acc2=70.38%  ens=70.40%  (best 70.71 @ ep 91)  [4.2s]
  ep  97: R(t)=0.784  l1=0.015  l2=0.014  acc1=70.58%  acc2=70.56%  ens=70.57%  (best 70.71 @ ep 91)  [4.1s]
  ep  98: R(t)=0.784  l1=0.016  l2=0.017  acc1=70.68%  acc2=70.65%  ens=70.67%  (best 70.71 @ ep 91)  [4.6s]
  ep  99: R(t)=0.784  l1=0.020  l2=0.019  acc1=70.23%  acc2=70.42%  ens=70.33%  (best 70.71 @ ep 91)  [4.1s]

saved /path/to/ciln-workspace/journal_edition/robustness_transfer/results_v3/coteaching/ours__brightness_sev5__seed0.json: best ens-acc 70.71% @ ep 91
[01:46:10] gpu 1: ours__brightness_sev5 seed 1 -> ../logs/coteaching_v3/ours__brightness_sev5__seed1.log
/path/to/ciln-workspace/venv/lib/python3.12/site-packages/torchvision/datasets/cifar.py:83: VisibleDeprecationWarning: dtype(): align should be passed as Python or NumPy boolean but got `align=0`. Did you mean to pass a tuple to create a subarray type? (Deprecated NumPy 2.4)
  entry = pickle.load(f, encoding="latin1")
condition=ours__brightness_sev5 seed=1 gpu=1
  ep   0: R(t)=1.000  l1=1.818  l2=1.799  acc1=26.03%  acc2=31.72%  ens=28.87%  (best 28.87 @ ep 0)  [4.9s]
  ep   1: R(t)=0.932  l1=1.354  l2=1.318  acc1=36.44%  acc2=33.38%  ens=34.91%  (best 34.91 @ ep 1)  [6.6s]
  ep   2: R(t)=0.904  l1=1.125  l2=1.107  acc1=39.95%  acc2=42.28%  ens=41.12%  (best 41.12 @ ep 2)  [4.0s]
  ep   3: R(t)=0.882  l1=0.943  l2=0.914  acc1=42.35%  acc2=45.05%  ens=43.70%  (best 43.70 @ ep 3)  [4.2s]
  ep   4: R(t)=0.864  l1=0.828  l2=0.803  acc1=44.88%  acc2=45.90%  ens=45.39%  (best 45.39 @ ep 4)  [4.1s]
  ep   5: R(t)=0.847  l1=0.724  l2=0.695  acc1=48.00%  acc2=49.53%  ens=48.77%  (best 48.77 @ ep 5)  [4.3s]
  ep   6: R(t)=0.833  l1=0.634  l2=0.626  acc1=50.01%  acc2=46.87%  ens=48.44%  (best 48.77 @ ep 5)  [4.1s]
  ep   7: R(t)=0.820  l1=0.518  l2=0.524  acc1=51.70%  acc2=42.37%  ens=47.04%  (best 48.77 @ ep 5)  [4.0s]
  ep   8: R(t)=0.807  l1=0.482  l2=0.471  acc1=43.56%  acc2=51.41%  ens=47.48%  (best 48.77 @ ep 5)  [3.9s]
  ep   9: R(t)=0.795  l1=0.428  l2=0.418  acc1=50.10%  acc2=51.05%  ens=50.57%  (best 50.57 @ ep 9)  [4.1s]
  ep  10: R(t)=0.784  l1=0.367  l2=0.362  acc1=50.13%  acc2=51.31%  ens=50.72%  (best 50.72 @ ep 10)  [4.1s]
  ep  11: R(t)=0.784  l1=0.336  l2=0.342  acc1=45.36%  acc2=46.63%  ens=45.99%  (best 50.72 @ ep 10)  [4.0s]
  ep  12: R(t)=0.784  l1=0.352  l2=0.339  acc1=54.44%  acc2=45.55%  ens=49.99%  (best 50.72 @ ep 10)  [4.1s]
  ep  13: R(t)=0.784  l1=0.320  l2=0.314  acc1=54.33%  acc2=50.72%  ens=52.52%  (best 52.52 @ ep 13)  [4.3s]
  ep  14: R(t)=0.784  l1=0.313  l2=0.307  acc1=52.84%  acc2=54.11%  ens=53.48%  (best 53.48 @ ep 14)  [4.4s]
  ep  15: R(t)=0.784  l1=0.288  l2=0.295  acc1=58.27%  acc2=57.27%  ens=57.77%  (best 57.77 @ ep 15)  [4.1s]
  ep  16: R(t)=0.784  l1=0.290  l2=0.280  acc1=52.02%  acc2=57.94%  ens=54.98%  (best 57.77 @ ep 15)  [4.4s]
  ep  17: R(t)=0.784  l1=0.250  l2=0.255  acc1=50.98%  acc2=54.21%  ens=52.60%  (best 57.77 @ ep 15)  [9.8s]
  ep  18: R(t)=0.784  l1=0.270  l2=0.261  acc1=60.50%  acc2=58.78%  ens=59.64%  (best 59.64 @ ep 18)  [4.2s]
  ep  19: R(t)=0.784  l1=0.244  l2=0.248  acc1=56.73%  acc2=50.89%  ens=53.81%  (best 59.64 @ ep 18)  [4.1s]
  ep  20: R(t)=0.784  l1=0.254  l2=0.241  acc1=61.83%  acc2=59.94%  ens=60.88%  (best 60.88 @ ep 20)  [4.0s]
  ep  21: R(t)=0.784  l1=0.244  l2=0.241  acc1=56.86%  acc2=56.04%  ens=56.45%  (best 60.88 @ ep 20)  [4.4s]
  ep  22: R(t)=0.784  l1=0.232  l2=0.255  acc1=47.33%  acc2=56.50%  ens=51.91%  (best 60.88 @ ep 20)  [4.2s]
  ep  23: R(t)=0.784  l1=0.248  l2=0.244  acc1=56.92%  acc2=56.78%  ens=56.85%  (best 60.88 @ ep 20)  [4.8s]
  ep  24: R(t)=0.784  l1=0.225  l2=0.220  acc1=58.64%  acc2=57.28%  ens=57.96%  (best 60.88 @ ep 20)  [4.5s]
  ep  25: R(t)=0.784  l1=0.216  l2=0.224  acc1=59.83%  acc2=52.31%  ens=56.07%  (best 60.88 @ ep 20)  [4.2s]
  ep  26: R(t)=0.784  l1=0.210  l2=0.216  acc1=52.18%  acc2=60.04%  ens=56.11%  (best 60.88 @ ep 20)  [4.3s]
  ep  27: R(t)=0.784  l1=0.230  l2=0.233  acc1=62.28%  acc2=56.94%  ens=59.61%  (best 60.88 @ ep 20)  [4.1s]
  ep  28: R(t)=0.784  l1=0.214  l2=0.222  acc1=61.01%  acc2=58.78%  ens=59.89%  (best 60.88 @ ep 20)  [4.3s]
  ep  29: R(t)=0.784  l1=0.207  l2=0.209  acc1=58.42%  acc2=60.07%  ens=59.25%  (best 60.88 @ ep 20)  [4.5s]
  ep  30: R(t)=0.784  l1=0.200  l2=0.212  acc1=56.74%  acc2=63.21%  ens=59.98%  (best 60.88 @ ep 20)  [4.1s]
  ep  31: R(t)=0.784  l1=0.193  l2=0.191  acc1=62.23%  acc2=58.19%  ens=60.21%  (best 60.88 @ ep 20)  [4.2s]
  ep  32: R(t)=0.784  l1=0.195  l2=0.203  acc1=57.41%  acc2=59.22%  ens=58.32%  (best 60.88 @ ep 20)  [9.6s]
  ep  33: R(t)=0.784  l1=0.196  l2=0.193  acc1=58.71%  acc2=59.66%  ens=59.19%  (best 60.88 @ ep 20)  [4.0s]
  ep  34: R(t)=0.784  l1=0.184  l2=0.184  acc1=63.11%  acc2=60.22%  ens=61.66%  (best 61.66 @ ep 34)  [4.1s]
  ep  35: R(t)=0.784  l1=0.181  l2=0.183  acc1=63.37%  acc2=61.35%  ens=62.36%  (best 62.36 @ ep 35)  [4.3s]
  ep  36: R(t)=0.784  l1=0.183  l2=0.189  acc1=57.40%  acc2=56.09%  ens=56.75%  (best 62.36 @ ep 35)  [4.4s]
  ep  37: R(t)=0.784  l1=0.173  l2=0.169  acc1=60.50%  acc2=61.47%  ens=60.98%  (best 62.36 @ ep 35)  [4.1s]
  ep  38: R(t)=0.784  l1=0.179  l2=0.165  acc1=63.57%  acc2=63.89%  ens=63.73%  (best 63.73 @ ep 38)  [4.3s]
  ep  39: R(t)=0.784  l1=0.167  l2=0.162  acc1=62.96%  acc2=63.09%  ens=63.02%  (best 63.73 @ ep 38)  [4.1s]
  ep  40: R(t)=0.784  l1=0.161  l2=0.157  acc1=61.76%  acc2=66.42%  ens=64.09%  (best 64.09 @ ep 40)  [4.2s]
  ep  41: R(t)=0.784  l1=0.178  l2=0.171  acc1=59.44%  acc2=64.79%  ens=62.12%  (best 64.09 @ ep 40)  [4.2s]
  ep  42: R(t)=0.784  l1=0.159  l2=0.154  acc1=64.75%  acc2=65.35%  ens=65.05%  (best 65.05 @ ep 42)  [4.4s]
  ep  43: R(t)=0.784  l1=0.157  l2=0.155  acc1=62.32%  acc2=63.65%  ens=62.98%  (best 65.05 @ ep 42)  [4.0s]
  ep  44: R(t)=0.784  l1=0.149  l2=0.152  acc1=66.16%  acc2=65.03%  ens=65.59%  (best 65.59 @ ep 44)  [4.0s]
  ep  45: R(t)=0.784  l1=0.149  l2=0.144  acc1=64.66%  acc2=66.08%  ens=65.37%  (best 65.59 @ ep 44)  [4.1s]
  ep  46: R(t)=0.784  l1=0.137  l2=0.136  acc1=61.81%  acc2=62.42%  ens=62.11%  (best 65.59 @ ep 44)  [3.8s]
  ep  47: R(t)=0.784  l1=0.149  l2=0.147  acc1=66.85%  acc2=65.84%  ens=66.34%  (best 66.34 @ ep 47)  [8.5s]
  ep  48: R(t)=0.784  l1=0.132  l2=0.132  acc1=57.66%  acc2=64.69%  ens=61.18%  (best 66.34 @ ep 47)  [4.3s]
  ep  49: R(t)=0.784  l1=0.144  l2=0.138  acc1=67.33%  acc2=66.68%  ens=67.01%  (best 67.01 @ ep 49)  [4.1s]
  ep  50: R(t)=0.784  l1=0.124  l2=0.127  acc1=58.62%  acc2=64.46%  ens=61.54%  (best 67.01 @ ep 49)  [4.0s]
  ep  51: R(t)=0.784  l1=0.134  l2=0.138  acc1=65.25%  acc2=65.73%  ens=65.49%  (best 67.01 @ ep 49)  [4.1s]
  ep  52: R(t)=0.784  l1=0.139  l2=0.134  acc1=65.24%  acc2=55.88%  ens=60.56%  (best 67.01 @ ep 49)  [4.1s]
  ep  53: R(t)=0.784  l1=0.119  l2=0.125  acc1=66.00%  acc2=65.52%  ens=65.76%  (best 67.01 @ ep 49)  [4.3s]
  ep  54: R(t)=0.784  l1=0.112  l2=0.118  acc1=65.08%  acc2=66.86%  ens=65.97%  (best 67.01 @ ep 49)  [4.3s]
  ep  55: R(t)=0.784  l1=0.112  l2=0.110  acc1=66.04%  acc2=65.53%  ens=65.79%  (best 67.01 @ ep 49)  [4.1s]
  ep  56: R(t)=0.784  l1=0.106  l2=0.114  acc1=66.88%  acc2=61.42%  ens=64.15%  (best 67.01 @ ep 49)  [4.1s]
  ep  57: R(t)=0.784  l1=0.114  l2=0.107  acc1=68.12%  acc2=62.44%  ens=65.28%  (best 67.01 @ ep 49)  [4.1s]
  ep  58: R(t)=0.784  l1=0.101  l2=0.098  acc1=67.88%  acc2=68.24%  ens=68.06%  (best 68.06 @ ep 58)  [4.1s]
  ep  59: R(t)=0.784  l1=0.089  l2=0.088  acc1=69.70%  acc2=68.91%  ens=69.30%  (best 69.30 @ ep 59)  [4.3s]
  ep  60: R(t)=0.784  l1=0.090  l2=0.087  acc1=67.35%  acc2=66.76%  ens=67.05%  (best 69.30 @ ep 59)  [4.2s]
  ep  61: R(t)=0.784  l1=0.105  l2=0.101  acc1=69.07%  acc2=68.11%  ens=68.59%  (best 69.30 @ ep 59)  [4.2s]
  ep  62: R(t)=0.784  l1=0.086  l2=0.083  acc1=67.39%  acc2=68.84%  ens=68.12%  (best 69.30 @ ep 59)  [4.5s]
  ep  63: R(t)=0.784  l1=0.063  l2=0.063  acc1=68.90%  acc2=67.38%  ens=68.14%  (best 69.30 @ ep 59)  [4.0s]
  ep  64: R(t)=0.784  l1=0.074  l2=0.075  acc1=67.70%  acc2=66.10%  ens=66.90%  (best 69.30 @ ep 59)  [5.2s]
  ep  65: R(t)=0.784  l1=0.073  l2=0.071  acc1=67.42%  acc2=66.78%  ens=67.10%  (best 69.30 @ ep 59)  [4.3s]
  ep  66: R(t)=0.784  l1=0.077  l2=0.077  acc1=67.86%  acc2=68.07%  ens=67.97%  (best 69.30 @ ep 59)  [4.2s]
  ep  67: R(t)=0.784  l1=0.073  l2=0.081  acc1=69.24%  acc2=68.45%  ens=68.84%  (best 69.30 @ ep 59)  [4.1s]
  ep  68: R(t)=0.784  l1=0.064  l2=0.071  acc1=67.23%  acc2=67.84%  ens=67.53%  (best 69.30 @ ep 59)  [4.1s]
  ep  69: R(t)=0.784  l1=0.066  l2=0.065  acc1=67.82%  acc2=66.85%  ens=67.33%  (best 69.30 @ ep 59)  [4.5s]
  ep  70: R(t)=0.784  l1=0.054  l2=0.056  acc1=68.96%  acc2=68.41%  ens=68.69%  (best 69.30 @ ep 59)  [4.1s]
  ep  71: R(t)=0.784  l1=0.053  l2=0.051  acc1=64.79%  acc2=68.41%  ens=66.60%  (best 69.30 @ ep 59)  [4.3s]
  ep  72: R(t)=0.784  l1=0.048  l2=0.048  acc1=68.81%  acc2=69.24%  ens=69.03%  (best 69.30 @ ep 59)  [4.1s]
  ep  73: R(t)=0.784  l1=0.049  l2=0.047  acc1=68.88%  acc2=69.21%  ens=69.05%  (best 69.30 @ ep 59)  [4.2s]
  ep  74: R(t)=0.784  l1=0.046  l2=0.044  acc1=68.75%  acc2=68.78%  ens=68.77%  (best 69.30 @ ep 59)  [4.2s]
  ep  75: R(t)=0.784  l1=0.043  l2=0.043  acc1=68.11%  acc2=67.44%  ens=67.78%  (best 69.30 @ ep 59)  [4.1s]
  ep  76: R(t)=0.784  l1=0.038  l2=0.038  acc1=69.36%  acc2=69.87%  ens=69.62%  (best 69.62 @ ep 76)  [6.9s]
  ep  77: R(t)=0.784  l1=0.042  l2=0.041  acc1=69.17%  acc2=70.09%  ens=69.63%  (best 69.63 @ ep 77)  [4.0s]
  ep  78: R(t)=0.784  l1=0.038  l2=0.038  acc1=69.78%  acc2=68.63%  ens=69.21%  (best 69.63 @ ep 77)  [4.2s]
  ep  79: R(t)=0.784  l1=0.033  l2=0.031  acc1=70.27%  acc2=70.10%  ens=70.19%  (best 70.19 @ ep 79)  [3.8s]
  ep  80: R(t)=0.784  l1=0.027  l2=0.027  acc1=69.05%  acc2=69.73%  ens=69.39%  (best 70.19 @ ep 79)  [4.2s]
  ep  81: R(t)=0.784  l1=0.027  l2=0.026  acc1=69.23%  acc2=69.52%  ens=69.38%  (best 70.19 @ ep 79)  [3.9s]
  ep  82: R(t)=0.784  l1=0.026  l2=0.027  acc1=69.38%  acc2=69.54%  ens=69.46%  (best 70.19 @ ep 79)  [4.2s]
  ep  83: R(t)=0.784  l1=0.025  l2=0.026  acc1=69.35%  acc2=70.46%  ens=69.91%  (best 70.19 @ ep 79)  [4.3s]
  ep  84: R(t)=0.784  l1=0.022  l2=0.025  acc1=69.69%  acc2=69.96%  ens=69.83%  (best 70.19 @ ep 79)  [4.3s]
  ep  85: R(t)=0.784  l1=0.019  l2=0.021  acc1=70.38%  acc2=70.51%  ens=70.45%  (best 70.45 @ ep 85)  [3.9s]
  ep  86: R(t)=0.784  l1=0.020  l2=0.019  acc1=70.44%  acc2=70.38%  ens=70.41%  (best 70.45 @ ep 85)  [4.2s]
  ep  87: R(t)=0.784  l1=0.020  l2=0.020  acc1=70.32%  acc2=70.44%  ens=70.38%  (best 70.45 @ ep 85)  [4.2s]
  ep  88: R(t)=0.784  l1=0.016  l2=0.018  acc1=69.90%  acc2=69.94%  ens=69.92%  (best 70.45 @ ep 85)  [4.2s]
  ep  89: R(t)=0.784  l1=0.021  l2=0.024  acc1=69.80%  acc2=69.99%  ens=69.89%  (best 70.45 @ ep 85)  [4.1s]
  ep  90: R(t)=0.784  l1=0.018  l2=0.018  acc1=70.23%  acc2=70.32%  ens=70.28%  (best 70.45 @ ep 85)  [4.2s]
  ep  91: R(t)=0.784  l1=0.017  l2=0.016  acc1=70.39%  acc2=70.12%  ens=70.25%  (best 70.45 @ ep 85)  [10.2s]
  ep  92: R(t)=0.784  l1=0.021  l2=0.020  acc1=69.96%  acc2=69.99%  ens=69.97%  (best 70.45 @ ep 85)  [4.0s]
  ep  93: R(t)=0.784  l1=0.015  l2=0.017  acc1=70.30%  acc2=70.13%  ens=70.22%  (best 70.45 @ ep 85)  [4.1s]
  ep  94: R(t)=0.784  l1=0.017  l2=0.016  acc1=70.23%  acc2=70.12%  ens=70.18%  (best 70.45 @ ep 85)  [4.1s]
  ep  95: R(t)=0.784  l1=0.016  l2=0.018  acc1=70.01%  acc2=69.95%  ens=69.98%  (best 70.45 @ ep 85)  [3.9s]
  ep  96: R(t)=0.784  l1=0.017  l2=0.018  acc1=70.53%  acc2=70.21%  ens=70.37%  (best 70.45 @ ep 85)  [4.8s]
  ep  97: R(t)=0.784  l1=0.017  l2=0.016  acc1=70.21%  acc2=70.01%  ens=70.11%  (best 70.45 @ ep 85)  [4.4s]
  ep  98: R(t)=0.784  l1=0.017  l2=0.017  acc1=70.47%  acc2=70.19%  ens=70.33%  (best 70.45 @ ep 85)  [4.4s]
  ep  99: R(t)=0.784  l1=0.018  l2=0.016  acc1=70.32%  acc2=69.96%  ens=70.14%  (best 70.45 @ ep 85)  [4.2s]

saved /path/to/ciln-workspace/journal_edition/robustness_transfer/results_v3/coteaching/ours__brightness_sev5__seed1.json: best ens-acc 70.45% @ ep 85
[01:53:45] gpu 1: ours__brightness_sev5 seed 2 -> ../logs/coteaching_v3/ours__brightness_sev5__seed2.log
/path/to/ciln-workspace/venv/lib/python3.12/site-packages/torchvision/datasets/cifar.py:83: VisibleDeprecationWarning: dtype(): align should be passed as Python or NumPy boolean but got `align=0`. Did you mean to pass a tuple to create a subarray type? (Deprecated NumPy 2.4)
  entry = pickle.load(f, encoding="latin1")
condition=ours__brightness_sev5 seed=2 gpu=1
  ep   0: R(t)=1.000  l1=1.845  l2=1.788  acc1=27.87%  acc2=32.77%  ens=30.32%  (best 30.32 @ ep 0)  [5.2s]
  ep   1: R(t)=0.932  l1=1.409  l2=1.319  acc1=37.94%  acc2=39.42%  ens=38.68%  (best 38.68 @ ep 1)  [4.3s]
  ep   2: R(t)=0.904  l1=1.154  l2=1.085  acc1=41.16%  acc2=38.38%  ens=39.77%  (best 39.77 @ ep 2)  [3.9s]
  ep   3: R(t)=0.882  l1=0.954  l2=0.909  acc1=38.81%  acc2=43.08%  ens=40.95%  (best 40.95 @ ep 3)  [4.3s]
  ep   4: R(t)=0.864  l1=0.810  l2=0.804  acc1=46.23%  acc2=48.06%  ens=47.15%  (best 47.15 @ ep 4)  [8.0s]
  ep   5: R(t)=0.847  l1=0.685  l2=0.683  acc1=48.86%  acc2=46.27%  ens=47.57%  (best 47.57 @ ep 5)  [4.2s]
  ep   6: R(t)=0.833  l1=0.618  l2=0.597  acc1=52.79%  acc2=52.32%  ens=52.55%  (best 52.55 @ ep 6)  [4.2s]
  ep   7: R(t)=0.820  l1=0.502  l2=0.485  acc1=53.94%  acc2=55.17%  ens=54.55%  (best 54.55 @ ep 7)  [4.3s]
  ep   8: R(t)=0.807  l1=0.460  l2=0.450  acc1=53.82%  acc2=56.06%  ens=54.94%  (best 54.94 @ ep 8)  [4.2s]
  ep   9: R(t)=0.795  l1=0.378  l2=0.377  acc1=54.34%  acc2=54.43%  ens=54.38%  (best 54.94 @ ep 8)  [4.2s]
  ep  10: R(t)=0.784  l1=0.348  l2=0.339  acc1=56.03%  acc2=53.75%  ens=54.89%  (best 54.94 @ ep 8)  [4.2s]
  ep  11: R(t)=0.784  l1=0.304  l2=0.310  acc1=53.37%  acc2=52.71%  ens=53.04%  (best 54.94 @ ep 8)  [4.5s]
  ep  12: R(t)=0.784  l1=0.309  l2=0.304  acc1=56.19%  acc2=57.88%  ens=57.03%  (best 57.03 @ ep 12)  [4.2s]
  ep  13: R(t)=0.784  l1=0.286  l2=0.286  acc1=55.80%  acc2=58.28%  ens=57.04%  (best 57.04 @ ep 13)  [4.3s]
  ep  14: R(t)=0.784  l1=0.286  l2=0.285  acc1=54.85%  acc2=57.79%  ens=56.32%  (best 57.04 @ ep 13)  [4.1s]
  ep  15: R(t)=0.784  l1=0.266  l2=0.275  acc1=56.72%  acc2=57.80%  ens=57.26%  (best 57.26 @ ep 15)  [4.0s]
  ep  16: R(t)=0.784  l1=0.271  l2=0.274  acc1=56.27%  acc2=58.82%  ens=57.55%  (best 57.55 @ ep 16)  [4.2s]
  ep  17: R(t)=0.784  l1=0.261  l2=0.257  acc1=50.84%  acc2=54.85%  ens=52.84%  (best 57.55 @ ep 16)  [4.5s]
  ep  18: R(t)=0.784  l1=0.248  l2=0.257  acc1=59.12%  acc2=53.52%  ens=56.32%  (best 57.55 @ ep 16)  [4.1s]
  ep  19: R(t)=0.784  l1=0.249  l2=0.251  acc1=58.99%  acc2=56.48%  ens=57.73%  (best 57.73 @ ep 19)  [9.4s]
  ep  20: R(t)=0.784  l1=0.229  l2=0.236  acc1=48.16%  acc2=45.36%  ens=46.76%  (best 57.73 @ ep 19)  [4.0s]
  ep  21: R(t)=0.784  l1=0.249  l2=0.245  acc1=58.01%  acc2=59.50%  ens=58.76%  (best 58.76 @ ep 21)  [4.3s]
  ep  22: R(t)=0.784  l1=0.230  l2=0.233  acc1=60.67%  acc2=58.04%  ens=59.36%  (best 59.36 @ ep 22)  [4.3s]
  ep  23: R(t)=0.784  l1=0.210  l2=0.220  acc1=59.02%  acc2=60.81%  ens=59.91%  (best 59.91 @ ep 23)  [4.2s]
  ep  24: R(t)=0.784  l1=0.230  l2=0.233  acc1=56.69%  acc2=60.36%  ens=58.53%  (best 59.91 @ ep 23)  [4.2s]
  ep  25: R(t)=0.784  l1=0.197  l2=0.204  acc1=60.75%  acc2=62.57%  ens=61.66%  (best 61.66 @ ep 25)  [4.2s]
  ep  26: R(t)=0.784  l1=0.203  l2=0.202  acc1=56.30%  acc2=60.76%  ens=58.53%  (best 61.66 @ ep 25)  [4.0s]
  ep  27: R(t)=0.784  l1=0.212  l2=0.214  acc1=64.20%  acc2=63.57%  ens=63.89%  (best 63.89 @ ep 27)  [4.3s]
  ep  28: R(t)=0.784  l1=0.203  l2=0.208  acc1=61.18%  acc2=54.72%  ens=57.95%  (best 63.89 @ ep 27)  [4.1s]
  ep  29: R(t)=0.784  l1=0.197  l2=0.196  acc1=58.89%  acc2=60.16%  ens=59.53%  (best 63.89 @ ep 27)  [4.1s]
  ep  30: R(t)=0.784  l1=0.194  l2=0.190  acc1=62.17%  acc2=60.38%  ens=61.27%  (best 63.89 @ ep 27)  [4.1s]
  ep  31: R(t)=0.784  l1=0.199  l2=0.194  acc1=62.33%  acc2=64.03%  ens=63.18%  (best 63.89 @ ep 27)  [4.2s]
  ep  32: R(t)=0.784  l1=0.173  l2=0.178  acc1=61.25%  acc2=63.76%  ens=62.51%  (best 63.89 @ ep 27)  [4.2s]
  ep  33: R(t)=0.784  l1=0.187  l2=0.193  acc1=61.79%  acc2=63.90%  ens=62.84%  (best 63.89 @ ep 27)  [4.1s]
  ep  34: R(t)=0.784  l1=0.178  l2=0.199  acc1=61.00%  acc2=60.47%  ens=60.74%  (best 63.89 @ ep 27)  [9.4s]
  ep  35: R(t)=0.784  l1=0.174  l2=0.169  acc1=59.01%  acc2=61.66%  ens=60.34%  (best 63.89 @ ep 27)  [4.2s]
  ep  36: R(t)=0.784  l1=0.178  l2=0.184  acc1=65.56%  acc2=63.01%  ens=64.28%  (best 64.28 @ ep 36)  [4.0s]
  ep  37: R(t)=0.784  l1=0.163  l2=0.165  acc1=65.28%  acc2=60.22%  ens=62.75%  (best 64.28 @ ep 36)  [4.0s]
  ep  38: R(t)=0.784  l1=0.169  l2=0.169  acc1=60.61%  acc2=62.19%  ens=61.40%  (best 64.28 @ ep 36)  [4.3s]
  ep  39: R(t)=0.784  l1=0.150  l2=0.144  acc1=64.32%  acc2=61.55%  ens=62.94%  (best 64.28 @ ep 36)  [3.9s]
  ep  40: R(t)=0.784  l1=0.166  l2=0.174  acc1=60.49%  acc2=52.93%  ens=56.71%  (best 64.28 @ ep 36)  [4.1s]
  ep  41: R(t)=0.784  l1=0.151  l2=0.147  acc1=61.29%  acc2=63.68%  ens=62.48%  (best 64.28 @ ep 36)  [4.2s]
  ep  42: R(t)=0.784  l1=0.155  l2=0.162  acc1=62.15%  acc2=55.87%  ens=59.01%  (best 64.28 @ ep 36)  [4.1s]
  ep  43: R(t)=0.784  l1=0.140  l2=0.141  acc1=65.91%  acc2=59.81%  ens=62.86%  (best 64.28 @ ep 36)  [4.3s]
  ep  44: R(t)=0.784  l1=0.165  l2=0.166  acc1=62.33%  acc2=62.24%  ens=62.28%  (best 64.28 @ ep 36)  [4.3s]
  ep  45: R(t)=0.784  l1=0.142  l2=0.136  acc1=63.63%  acc2=63.40%  ens=63.52%  (best 64.28 @ ep 36)  [4.3s]
  ep  46: R(t)=0.784  l1=0.149  l2=0.152  acc1=63.69%  acc2=65.91%  ens=64.80%  (best 64.80 @ ep 46)  [4.1s]
  ep  47: R(t)=0.784  l1=0.136  l2=0.133  acc1=66.06%  acc2=63.82%  ens=64.94%  (best 64.94 @ ep 47)  [4.1s]
  ep  48: R(t)=0.784  l1=0.134  l2=0.132  acc1=58.24%  acc2=62.12%  ens=60.18%  (best 64.94 @ ep 47)  [4.2s]
  ep  49: R(t)=0.784  l1=0.118  l2=0.122  acc1=63.63%  acc2=64.11%  ens=63.87%  (best 64.94 @ ep 47)  [3.8s]
  ep  50: R(t)=0.784  l1=0.114  l2=0.122  acc1=61.92%  acc2=64.64%  ens=63.28%  (best 64.94 @ ep 47)  [9.7s]
  ep  51: R(t)=0.784  l1=0.114  l2=0.112  acc1=67.92%  acc2=67.71%  ens=67.81%  (best 67.81 @ ep 51)  [4.3s]
  ep  52: R(t)=0.784  l1=0.120  l2=0.122  acc1=66.35%  acc2=65.07%  ens=65.71%  (best 67.81 @ ep 51)  [4.2s]
  ep  53: R(t)=0.784  l1=0.111  l2=0.113  acc1=63.45%  acc2=64.31%  ens=63.88%  (best 67.81 @ ep 51)  [4.3s]
  ep  54: R(t)=0.784  l1=0.106  l2=0.107  acc1=66.46%  acc2=66.05%  ens=66.25%  (best 67.81 @ ep 51)  [4.2s]
  ep  55: R(t)=0.784  l1=0.102  l2=0.106  acc1=64.17%  acc2=66.62%  ens=65.40%  (best 67.81 @ ep 51)  [4.3s]
  ep  56: R(t)=0.784  l1=0.099  l2=0.108  acc1=67.98%  acc2=64.67%  ens=66.33%  (best 67.81 @ ep 51)  [4.7s]
  ep  57: R(t)=0.784  l1=0.109  l2=0.103  acc1=64.01%  acc2=64.24%  ens=64.12%  (best 67.81 @ ep 51)  [4.3s]
  ep  58: R(t)=0.784  l1=0.089  l2=0.090  acc1=65.78%  acc2=66.45%  ens=66.11%  (best 67.81 @ ep 51)  [4.3s]
  ep  59: R(t)=0.784  l1=0.099  l2=0.094  acc1=67.49%  acc2=67.30%  ens=67.40%  (best 67.81 @ ep 51)  [4.1s]
  ep  60: R(t)=0.784  l1=0.090  l2=0.087  acc1=65.74%  acc2=63.75%  ens=64.74%  (best 67.81 @ ep 51)  [4.4s]
  ep  61: R(t)=0.784  l1=0.085  l2=0.080  acc1=67.91%  acc2=66.83%  ens=67.37%  (best 67.81 @ ep 51)  [4.2s]
  ep  62: R(t)=0.784  l1=0.082  l2=0.080  acc1=67.52%  acc2=66.30%  ens=66.91%  (best 67.81 @ ep 51)  [4.3s]
  ep  63: R(t)=0.784  l1=0.079  l2=0.080  acc1=64.12%  acc2=67.49%  ens=65.81%  (best 67.81 @ ep 51)  [4.2s]
  ep  64: R(t)=0.784  l1=0.072  l2=0.070  acc1=67.70%  acc2=65.77%  ens=66.73%  (best 67.81 @ ep 51)  [3.9s]
  ep  65: R(t)=0.784  l1=0.077  l2=0.077  acc1=67.72%  acc2=68.91%  ens=68.31%  (best 68.31 @ ep 65)  [5.2s]
  ep  66: R(t)=0.784  l1=0.077  l2=0.073  acc1=68.18%  acc2=67.79%  ens=67.98%  (best 68.31 @ ep 65)  [4.1s]
  ep  67: R(t)=0.784  l1=0.073  l2=0.072  acc1=66.43%  acc2=65.38%  ens=65.91%  (best 68.31 @ ep 65)  [4.2s]
  ep  68: R(t)=0.784  l1=0.068  l2=0.072  acc1=68.20%  acc2=69.16%  ens=68.68%  (best 68.68 @ ep 68)  [4.2s]
  ep  69: R(t)=0.784  l1=0.052  l2=0.054  acc1=69.69%  acc2=69.44%  ens=69.56%  (best 69.56 @ ep 69)  [4.0s]
  ep  70: R(t)=0.784  l1=0.064  l2=0.063  acc1=68.03%  acc2=66.28%  ens=67.16%  (best 69.56 @ ep 69)  [4.2s]
  ep  71: R(t)=0.784  l1=0.051  l2=0.053  acc1=67.01%  acc2=68.36%  ens=67.69%  (best 69.56 @ ep 69)  [4.3s]
  ep  72: R(t)=0.784  l1=0.053  l2=0.049  acc1=69.13%  acc2=68.79%  ens=68.96%  (best 69.56 @ ep 69)  [4.3s]
  ep  73: R(t)=0.784  l1=0.041  l2=0.045  acc1=69.91%  acc2=68.13%  ens=69.02%  (best 69.56 @ ep 69)  [4.3s]
  ep  74: R(t)=0.784  l1=0.043  l2=0.039  acc1=69.39%  acc2=69.47%  ens=69.43%  (best 69.56 @ ep 69)  [4.5s]
  ep  75: R(t)=0.784  l1=0.038  l2=0.039  acc1=68.33%  acc2=67.23%  ens=67.78%  (best 69.56 @ ep 69)  [4.0s]
  ep  76: R(t)=0.784  l1=0.039  l2=0.040  acc1=68.88%  acc2=69.27%  ens=69.08%  (best 69.56 @ ep 69)  [4.0s]
  ep  77: R(t)=0.784  l1=0.040  l2=0.038  acc1=70.47%  acc2=70.24%  ens=70.36%  (best 70.36 @ ep 77)  [4.3s]
  ep  78: R(t)=0.784  l1=0.034  l2=0.034  acc1=69.37%  acc2=69.35%  ens=69.36%  (best 70.36 @ ep 77)  [4.3s]
  ep  79: R(t)=0.784  l1=0.027  l2=0.026  acc1=69.49%  acc2=69.36%  ens=69.42%  (best 70.36 @ ep 77)  [5.2s]
  ep  80: R(t)=0.784  l1=0.033  l2=0.033  acc1=68.40%  acc2=67.46%  ens=67.93%  (best 70.36 @ ep 77)  [4.2s]
  ep  81: R(t)=0.784  l1=0.030  l2=0.029  acc1=70.21%  acc2=69.88%  ens=70.05%  (best 70.36 @ ep 77)  [4.4s]
  ep  82: R(t)=0.784  l1=0.024  l2=0.023  acc1=69.31%  acc2=70.32%  ens=69.81%  (best 70.36 @ ep 77)  [4.2s]
  ep  83: R(t)=0.784  l1=0.021  l2=0.022  acc1=69.94%  acc2=70.12%  ens=70.03%  (best 70.36 @ ep 77)  [4.4s]
  ep  84: R(t)=0.784  l1=0.023  l2=0.022  acc1=70.08%  acc2=69.88%  ens=69.98%  (best 70.36 @ ep 77)  [4.2s]
  ep  85: R(t)=0.784  l1=0.021  l2=0.020  acc1=70.24%  acc2=70.28%  ens=70.26%  (best 70.36 @ ep 77)  [4.3s]
  ep  86: R(t)=0.784  l1=0.024  l2=0.025  acc1=69.77%  acc2=69.61%  ens=69.69%  (best 70.36 @ ep 77)  [4.2s]
  ep  87: R(t)=0.784  l1=0.025  l2=0.025  acc1=70.53%  acc2=69.89%  ens=70.21%  (best 70.36 @ ep 77)  [4.1s]
  ep  88: R(t)=0.784  l1=0.017  l2=0.019  acc1=70.88%  acc2=70.27%  ens=70.58%  (best 70.58 @ ep 88)  [4.1s]
  ep  89: R(t)=0.784  l1=0.019  l2=0.019  acc1=70.14%  acc2=69.70%  ens=69.92%  (best 70.58 @ ep 88)  [4.1s]
  ep  90: R(t)=0.784  l1=0.019  l2=0.020  acc1=70.03%  acc2=70.33%  ens=70.18%  (best 70.58 @ ep 88)  [4.1s]
  ep  91: R(t)=0.784  l1=0.016  l2=0.014  acc1=70.05%  acc2=70.30%  ens=70.17%  (best 70.58 @ ep 88)  [4.2s]
  ep  92: R(t)=0.784  l1=0.015  l2=0.016  acc1=70.50%  acc2=70.22%  ens=70.36%  (best 70.58 @ ep 88)  [4.2s]
  ep  93: R(t)=0.784  l1=0.019  l2=0.021  acc1=70.33%  acc2=70.26%  ens=70.30%  (best 70.58 @ ep 88)  [4.1s]
  ep  94: R(t)=0.784  l1=0.016  l2=0.016  acc1=69.91%  acc2=70.06%  ens=69.99%  (best 70.58 @ ep 88)  [12.4s]
  ep  95: R(t)=0.784  l1=0.014  l2=0.014  acc1=70.58%  acc2=70.31%  ens=70.45%  (best 70.58 @ ep 88)  [4.1s]
  ep  96: R(t)=0.784  l1=0.019  l2=0.018  acc1=70.08%  acc2=69.97%  ens=70.03%  (best 70.58 @ ep 88)  [4.1s]
  ep  97: R(t)=0.784  l1=0.014  l2=0.014  acc1=70.38%  acc2=70.08%  ens=70.23%  (best 70.58 @ ep 88)  [4.3s]
  ep  98: R(t)=0.784  l1=0.016  l2=0.015  acc1=70.47%  acc2=70.21%  ens=70.34%  (best 70.58 @ ep 88)  [4.1s]
  ep  99: R(t)=0.784  l1=0.023  l2=0.021  acc1=70.23%  acc2=70.01%  ens=70.12%  (best 70.58 @ ep 88)  [4.2s]

saved /path/to/ciln-workspace/journal_edition/robustness_transfer/results_v3/coteaching/ours__brightness_sev5__seed2.json: best ens-acc 70.58% @ ep 88
