[23:08:30] gpu 2: ours__impulse_noise_sev3 seed 0 -> ../logs/coteaching_v3/ours__impulse_noise_sev3__seed0.log
/path/to/ciln-workspace/venv/lib/python3.12/site-packages/torchvision/datasets/cifar.py:83: VisibleDeprecationWarning: dtype(): align should be passed as Python or NumPy boolean but got `align=0`. Did you mean to pass a tuple to create a subarray type? (Deprecated NumPy 2.4)
  entry = pickle.load(f, encoding="latin1")
condition=ours__impulse_noise_sev3 seed=0 gpu=2
  ep   0: R(t)=1.000  l1=1.819  l2=1.819  acc1=29.72%  acc2=31.69%  ens=30.71%  (best 30.71 @ ep 0)  [5.6s]
  ep   1: R(t)=0.930  l1=1.357  l2=1.346  acc1=35.74%  acc2=36.46%  ens=36.10%  (best 36.10 @ ep 1)  [4.2s]
  ep   2: R(t)=0.901  l1=1.120  l2=1.123  acc1=35.73%  acc2=35.34%  ens=35.53%  (best 36.10 @ ep 1)  [4.4s]
  ep   3: R(t)=0.879  l1=0.983  l2=0.983  acc1=40.64%  acc2=40.63%  ens=40.63%  (best 40.63 @ ep 3)  [4.3s]
  ep   4: R(t)=0.860  l1=0.844  l2=0.842  acc1=43.46%  acc2=41.48%  ens=42.47%  (best 42.47 @ ep 4)  [4.2s]
  ep   5: R(t)=0.844  l1=0.733  l2=0.745  acc1=44.38%  acc2=46.38%  ens=45.38%  (best 45.38 @ ep 5)  [4.2s]
  ep   6: R(t)=0.829  l1=0.656  l2=0.650  acc1=45.56%  acc2=50.24%  ens=47.90%  (best 47.90 @ ep 6)  [4.2s]
  ep   7: R(t)=0.815  l1=0.555  l2=0.544  acc1=51.67%  acc2=44.04%  ens=47.86%  (best 47.90 @ ep 6)  [6.3s]
  ep   8: R(t)=0.802  l1=0.511  l2=0.511  acc1=50.13%  acc2=51.16%  ens=50.65%  (best 50.65 @ ep 8)  [9.9s]
  ep   9: R(t)=0.790  l1=0.421  l2=0.426  acc1=50.94%  acc2=50.00%  ens=50.47%  (best 50.65 @ ep 8)  [9.6s]
  ep  10: R(t)=0.779  l1=0.402  l2=0.396  acc1=45.57%  acc2=55.04%  ens=50.30%  (best 50.65 @ ep 8)  [9.0s]
  ep  11: R(t)=0.779  l1=0.375  l2=0.367  acc1=54.21%  acc2=50.15%  ens=52.18%  (best 52.18 @ ep 11)  [6.5s]
  ep  12: R(t)=0.779  l1=0.349  l2=0.360  acc1=55.21%  acc2=55.22%  ens=55.22%  (best 55.22 @ ep 12)  [4.2s]
  ep  13: R(t)=0.779  l1=0.332  l2=0.334  acc1=50.38%  acc2=56.50%  ens=53.44%  (best 55.22 @ ep 12)  [4.3s]
  ep  14: R(t)=0.779  l1=0.343  l2=0.342  acc1=52.16%  acc2=51.39%  ens=51.77%  (best 55.22 @ ep 12)  [4.3s]
  ep  15: R(t)=0.779  l1=0.323  l2=0.325  acc1=56.96%  acc2=55.45%  ens=56.20%  (best 56.20 @ ep 15)  [4.2s]
  ep  16: R(t)=0.779  l1=0.315  l2=0.307  acc1=55.90%  acc2=55.71%  ens=55.81%  (best 56.20 @ ep 15)  [4.1s]
  ep  17: R(t)=0.779  l1=0.298  l2=0.288  acc1=59.36%  acc2=59.54%  ens=59.45%  (best 59.45 @ ep 17)  [4.0s]
  ep  18: R(t)=0.779  l1=0.285  l2=0.273  acc1=58.58%  acc2=59.36%  ens=58.97%  (best 59.45 @ ep 17)  [4.2s]
  ep  19: R(t)=0.779  l1=0.296  l2=0.286  acc1=55.11%  acc2=58.08%  ens=56.59%  (best 59.45 @ ep 17)  [4.3s]
  ep  20: R(t)=0.779  l1=0.283  l2=0.274  acc1=55.36%  acc2=55.17%  ens=55.27%  (best 59.45 @ ep 17)  [4.1s]
  ep  21: R(t)=0.779  l1=0.248  l2=0.252  acc1=56.35%  acc2=56.47%  ens=56.41%  (best 59.45 @ ep 17)  [4.3s]
  ep  22: R(t)=0.779  l1=0.260  l2=0.265  acc1=51.20%  acc2=54.63%  ens=52.91%  (best 59.45 @ ep 17)  [4.2s]
  ep  23: R(t)=0.779  l1=0.265  l2=0.249  acc1=56.07%  acc2=63.33%  ens=59.70%  (best 59.70 @ ep 23)  [4.2s]
  ep  24: R(t)=0.779  l1=0.254  l2=0.250  acc1=59.31%  acc2=55.77%  ens=57.54%  (best 59.70 @ ep 23)  [4.2s]
  ep  25: R(t)=0.779  l1=0.239  l2=0.246  acc1=59.48%  acc2=58.88%  ens=59.18%  (best 59.70 @ ep 23)  [4.4s]
  ep  26: R(t)=0.779  l1=0.242  l2=0.232  acc1=57.00%  acc2=56.35%  ens=56.67%  (best 59.70 @ ep 23)  [10.2s]
  ep  27: R(t)=0.779  l1=0.252  l2=0.247  acc1=56.12%  acc2=58.38%  ens=57.25%  (best 59.70 @ ep 23)  [9.2s]
  ep  28: R(t)=0.779  l1=0.245  l2=0.230  acc1=58.29%  acc2=61.42%  ens=59.85%  (best 59.85 @ ep 28)  [9.4s]
  ep  29: R(t)=0.779  l1=0.224  l2=0.212  acc1=59.58%  acc2=61.21%  ens=60.39%  (best 60.39 @ ep 29)  [9.4s]
  ep  30: R(t)=0.779  l1=0.230  l2=0.211  acc1=57.27%  acc2=61.21%  ens=59.24%  (best 60.39 @ ep 29)  [4.4s]
  ep  31: R(t)=0.779  l1=0.214  l2=0.202  acc1=55.14%  acc2=56.58%  ens=55.86%  (best 60.39 @ ep 29)  [4.1s]
  ep  32: R(t)=0.779  l1=0.217  l2=0.212  acc1=62.16%  acc2=61.65%  ens=61.91%  (best 61.91 @ ep 32)  [4.3s]
  ep  33: R(t)=0.779  l1=0.195  l2=0.202  acc1=62.68%  acc2=62.91%  ens=62.80%  (best 62.80 @ ep 33)  [4.4s]
  ep  34: R(t)=0.779  l1=0.187  l2=0.194  acc1=60.71%  acc2=62.46%  ens=61.59%  (best 62.80 @ ep 33)  [4.5s]
  ep  35: R(t)=0.779  l1=0.199  l2=0.195  acc1=58.83%  acc2=60.99%  ens=59.91%  (best 62.80 @ ep 33)  [4.4s]
  ep  36: R(t)=0.779  l1=0.187  l2=0.186  acc1=59.30%  acc2=59.02%  ens=59.16%  (best 62.80 @ ep 33)  [4.1s]
  ep  37: R(t)=0.779  l1=0.200  l2=0.198  acc1=63.55%  acc2=64.81%  ens=64.18%  (best 64.18 @ ep 37)  [4.3s]
  ep  38: R(t)=0.779  l1=0.182  l2=0.176  acc1=63.66%  acc2=63.95%  ens=63.80%  (best 64.18 @ ep 37)  [4.2s]
  ep  39: R(t)=0.779  l1=0.179  l2=0.173  acc1=62.11%  acc2=59.74%  ens=60.93%  (best 64.18 @ ep 37)  [4.2s]
  ep  40: R(t)=0.779  l1=0.161  l2=0.162  acc1=54.28%  acc2=59.78%  ens=57.03%  (best 64.18 @ ep 37)  [4.2s]
  ep  41: R(t)=0.779  l1=0.167  l2=0.161  acc1=64.60%  acc2=58.23%  ens=61.41%  (best 64.18 @ ep 37)  [4.1s]
  ep  42: R(t)=0.779  l1=0.163  l2=0.167  acc1=61.08%  acc2=62.66%  ens=61.87%  (best 64.18 @ ep 37)  [4.3s]
  ep  43: R(t)=0.779  l1=0.172  l2=0.171  acc1=61.29%  acc2=65.41%  ens=63.35%  (best 64.18 @ ep 37)  [4.2s]
  ep  44: R(t)=0.779  l1=0.156  l2=0.155  acc1=64.08%  acc2=64.19%  ens=64.14%  (best 64.18 @ ep 37)  [9.8s]
  ep  45: R(t)=0.779  l1=0.176  l2=0.173  acc1=64.31%  acc2=61.26%  ens=62.79%  (best 64.18 @ ep 37)  [11.1s]
  ep  46: R(t)=0.779  l1=0.156  l2=0.151  acc1=64.17%  acc2=63.85%  ens=64.01%  (best 64.18 @ ep 37)  [9.8s]
  ep  47: R(t)=0.779  l1=0.146  l2=0.146  acc1=63.37%  acc2=63.60%  ens=63.48%  (best 64.18 @ ep 37)  [8.9s]
  ep  48: R(t)=0.779  l1=0.162  l2=0.155  acc1=63.16%  acc2=61.58%  ens=62.37%  (best 64.18 @ ep 37)  [4.0s]
  ep  49: R(t)=0.779  l1=0.142  l2=0.141  acc1=58.98%  acc2=61.27%  ens=60.13%  (best 64.18 @ ep 37)  [4.2s]
  ep  50: R(t)=0.779  l1=0.140  l2=0.136  acc1=62.37%  acc2=58.80%  ens=60.59%  (best 64.18 @ ep 37)  [4.3s]
  ep  51: R(t)=0.779  l1=0.131  l2=0.123  acc1=61.89%  acc2=60.40%  ens=61.15%  (best 64.18 @ ep 37)  [4.2s]
  ep  52: R(t)=0.779  l1=0.146  l2=0.137  acc1=62.77%  acc2=65.14%  ens=63.96%  (best 64.18 @ ep 37)  [4.1s]
  ep  53: R(t)=0.779  l1=0.137  l2=0.129  acc1=66.29%  acc2=64.34%  ens=65.31%  (best 65.31 @ ep 53)  [4.2s]
  ep  54: R(t)=0.779  l1=0.133  l2=0.128  acc1=61.64%  acc2=65.69%  ens=63.66%  (best 65.31 @ ep 53)  [4.2s]
  ep  55: R(t)=0.779  l1=0.119  l2=0.113  acc1=65.97%  acc2=65.35%  ens=65.66%  (best 65.66 @ ep 55)  [4.1s]
  ep  56: R(t)=0.779  l1=0.122  l2=0.121  acc1=64.70%  acc2=65.64%  ens=65.17%  (best 65.66 @ ep 55)  [4.3s]
  ep  57: R(t)=0.779  l1=0.119  l2=0.118  acc1=65.34%  acc2=64.63%  ens=64.98%  (best 65.66 @ ep 55)  [4.3s]
  ep  58: R(t)=0.779  l1=0.114  l2=0.118  acc1=63.88%  acc2=67.53%  ens=65.70%  (best 65.70 @ ep 58)  [4.3s]
  ep  59: R(t)=0.779  l1=0.106  l2=0.101  acc1=62.56%  acc2=63.98%  ens=63.27%  (best 65.70 @ ep 58)  [4.2s]
  ep  60: R(t)=0.779  l1=0.101  l2=0.093  acc1=67.96%  acc2=65.82%  ens=66.89%  (best 66.89 @ ep 60)  [4.3s]
  ep  61: R(t)=0.779  l1=0.099  l2=0.100  acc1=63.77%  acc2=65.31%  ens=64.54%  (best 66.89 @ ep 60)  [4.2s]
  ep  62: R(t)=0.779  l1=0.096  l2=0.097  acc1=65.45%  acc2=67.58%  ens=66.51%  (best 66.89 @ ep 60)  [8.9s]
  ep  63: R(t)=0.779  l1=0.096  l2=0.095  acc1=65.33%  acc2=66.55%  ens=65.94%  (best 66.89 @ ep 60)  [9.7s]
  ep  64: R(t)=0.779  l1=0.091  l2=0.091  acc1=67.97%  acc2=65.81%  ens=66.89%  (best 66.89 @ ep 60)  [8.5s]
  ep  65: R(t)=0.779  l1=0.086  l2=0.082  acc1=66.48%  acc2=66.34%  ens=66.41%  (best 66.89 @ ep 60)  [4.1s]
  ep  66: R(t)=0.779  l1=0.079  l2=0.075  acc1=64.34%  acc2=65.29%  ens=64.81%  (best 66.89 @ ep 60)  [4.5s]
  ep  67: R(t)=0.779  l1=0.083  l2=0.079  acc1=67.46%  acc2=67.27%  ens=67.36%  (best 67.36 @ ep 67)  [4.2s]
  ep  68: R(t)=0.779  l1=0.089  l2=0.080  acc1=67.42%  acc2=66.34%  ens=66.88%  (best 67.36 @ ep 67)  [4.2s]
  ep  69: R(t)=0.779  l1=0.067  l2=0.068  acc1=68.88%  acc2=69.63%  ens=69.25%  (best 69.25 @ ep 69)  [4.1s]
  ep  70: R(t)=0.779  l1=0.069  l2=0.062  acc1=67.60%  acc2=67.36%  ens=67.48%  (best 69.25 @ ep 69)  [4.3s]
  ep  71: R(t)=0.779  l1=0.063  l2=0.058  acc1=68.34%  acc2=66.93%  ens=67.64%  (best 69.25 @ ep 69)  [4.3s]
  ep  72: R(t)=0.779  l1=0.057  l2=0.057  acc1=64.18%  acc2=65.76%  ens=64.97%  (best 69.25 @ ep 69)  [4.1s]
  ep  73: R(t)=0.779  l1=0.057  l2=0.056  acc1=67.81%  acc2=66.59%  ens=67.20%  (best 69.25 @ ep 69)  [4.3s]
  ep  74: R(t)=0.779  l1=0.053  l2=0.046  acc1=67.31%  acc2=68.61%  ens=67.96%  (best 69.25 @ ep 69)  [4.2s]
  ep  75: R(t)=0.779  l1=0.055  l2=0.048  acc1=67.77%  acc2=69.09%  ens=68.43%  (best 69.25 @ ep 69)  [4.2s]
  ep  76: R(t)=0.779  l1=0.050  l2=0.046  acc1=68.96%  acc2=67.89%  ens=68.42%  (best 69.25 @ ep 69)  [4.2s]
  ep  77: R(t)=0.779  l1=0.047  l2=0.041  acc1=67.16%  acc2=67.74%  ens=67.45%  (best 69.25 @ ep 69)  [4.4s]
  ep  78: R(t)=0.779  l1=0.041  l2=0.039  acc1=67.82%  acc2=68.85%  ens=68.34%  (best 69.25 @ ep 69)  [4.6s]
  ep  79: R(t)=0.779  l1=0.042  l2=0.040  acc1=68.68%  acc2=68.53%  ens=68.61%  (best 69.25 @ ep 69)  [8.0s]
  ep  80: R(t)=0.779  l1=0.045  l2=0.043  acc1=68.19%  acc2=68.93%  ens=68.56%  (best 69.25 @ ep 69)  [4.0s]
  ep  81: R(t)=0.779  l1=0.039  l2=0.037  acc1=67.75%  acc2=68.53%  ens=68.14%  (best 69.25 @ ep 69)  [4.2s]
  ep  82: R(t)=0.779  l1=0.034  l2=0.031  acc1=68.46%  acc2=67.77%  ens=68.11%  (best 69.25 @ ep 69)  [4.2s]
  ep  83: R(t)=0.779  l1=0.037  l2=0.033  acc1=69.39%  acc2=68.58%  ens=68.98%  (best 69.25 @ ep 69)  [4.1s]
  ep  84: R(t)=0.779  l1=0.030  l2=0.030  acc1=68.76%  acc2=69.03%  ens=68.89%  (best 69.25 @ ep 69)  [4.4s]
  ep  85: R(t)=0.779  l1=0.026  l2=0.025  acc1=67.99%  acc2=68.35%  ens=68.17%  (best 69.25 @ ep 69)  [4.2s]
  ep  86: R(t)=0.779  l1=0.030  l2=0.027  acc1=69.22%  acc2=68.58%  ens=68.90%  (best 69.25 @ ep 69)  [4.1s]
  ep  87: R(t)=0.779  l1=0.024  l2=0.023  acc1=68.97%  acc2=68.98%  ens=68.97%  (best 69.25 @ ep 69)  [4.3s]
  ep  88: R(t)=0.779  l1=0.025  l2=0.024  acc1=68.50%  acc2=68.42%  ens=68.46%  (best 69.25 @ ep 69)  [4.4s]
  ep  89: R(t)=0.779  l1=0.025  l2=0.025  acc1=68.75%  acc2=68.52%  ens=68.64%  (best 69.25 @ ep 69)  [4.5s]
  ep  90: R(t)=0.779  l1=0.024  l2=0.024  acc1=68.65%  acc2=68.32%  ens=68.48%  (best 69.25 @ ep 69)  [4.3s]
  ep  91: R(t)=0.779  l1=0.024  l2=0.023  acc1=68.32%  acc2=68.21%  ens=68.27%  (best 69.25 @ ep 69)  [4.1s]
  ep  92: R(t)=0.779  l1=0.029  l2=0.027  acc1=68.33%  acc2=68.41%  ens=68.37%  (best 69.25 @ ep 69)  [4.1s]
  ep  93: R(t)=0.779  l1=0.024  l2=0.023  acc1=68.67%  acc2=68.58%  ens=68.62%  (best 69.25 @ ep 69)  [4.2s]
  ep  94: R(t)=0.779  l1=0.027  l2=0.026  acc1=69.04%  acc2=68.77%  ens=68.91%  (best 69.25 @ ep 69)  [7.2s]
  ep  95: R(t)=0.779  l1=0.019  l2=0.020  acc1=68.33%  acc2=68.21%  ens=68.27%  (best 69.25 @ ep 69)  [8.9s]
  ep  96: R(t)=0.779  l1=0.016  l2=0.017  acc1=68.25%  acc2=68.58%  ens=68.42%  (best 69.25 @ ep 69)  [9.7s]
  ep  97: R(t)=0.779  l1=0.019  l2=0.019  acc1=68.35%  acc2=68.69%  ens=68.52%  (best 69.25 @ ep 69)  [8.2s]
  ep  98: R(t)=0.779  l1=0.023  l2=0.021  acc1=68.39%  acc2=68.56%  ens=68.47%  (best 69.25 @ ep 69)  [4.3s]
  ep  99: R(t)=0.779  l1=0.022  l2=0.021  acc1=68.78%  acc2=68.85%  ens=68.81%  (best 69.25 @ ep 69)  [4.2s]

saved /path/to/ciln-workspace/journal_edition/robustness_transfer/results_v3/coteaching/ours__impulse_noise_sev3__seed0.json: best ens-acc 69.25% @ ep 69
[23:17:21] gpu 2: ours__impulse_noise_sev3 seed 1 -> ../logs/coteaching_v3/ours__impulse_noise_sev3__seed1.log
/path/to/ciln-workspace/venv/lib/python3.12/site-packages/torchvision/datasets/cifar.py:83: VisibleDeprecationWarning: dtype(): align should be passed as Python or NumPy boolean but got `align=0`. Did you mean to pass a tuple to create a subarray type? (Deprecated NumPy 2.4)
  entry = pickle.load(f, encoding="latin1")
condition=ours__impulse_noise_sev3 seed=1 gpu=2
  ep   0: R(t)=1.000  l1=1.792  l2=1.851  acc1=33.69%  acc2=29.91%  ens=31.80%  (best 31.80 @ ep 0)  [5.2s]
  ep   1: R(t)=0.930  l1=1.354  l2=1.341  acc1=34.66%  acc2=34.48%  ens=34.57%  (best 34.57 @ ep 1)  [4.1s]
  ep   2: R(t)=0.901  l1=1.125  l2=1.107  acc1=37.27%  acc2=39.32%  ens=38.30%  (best 38.30 @ ep 2)  [4.2s]
  ep   3: R(t)=0.879  l1=0.958  l2=0.957  acc1=41.06%  acc2=41.21%  ens=41.13%  (best 41.13 @ ep 3)  [4.2s]
  ep   4: R(t)=0.860  l1=0.817  l2=0.833  acc1=44.27%  acc2=41.09%  ens=42.68%  (best 42.68 @ ep 4)  [4.3s]
  ep   5: R(t)=0.844  l1=0.704  l2=0.735  acc1=48.18%  acc2=47.52%  ens=47.85%  (best 47.85 @ ep 5)  [4.3s]
  ep   6: R(t)=0.829  l1=0.608  l2=0.620  acc1=49.49%  acc2=49.28%  ens=49.38%  (best 49.38 @ ep 6)  [4.2s]
  ep   7: R(t)=0.815  l1=0.533  l2=0.534  acc1=48.66%  acc2=46.46%  ens=47.56%  (best 49.38 @ ep 6)  [4.2s]
  ep   8: R(t)=0.802  l1=0.475  l2=0.483  acc1=41.60%  acc2=52.85%  ens=47.22%  (best 49.38 @ ep 6)  [4.5s]
  ep   9: R(t)=0.790  l1=0.437  l2=0.437  acc1=49.34%  acc2=50.07%  ens=49.70%  (best 49.70 @ ep 9)  [4.3s]
  ep  10: R(t)=0.779  l1=0.377  l2=0.391  acc1=54.00%  acc2=54.49%  ens=54.25%  (best 54.25 @ ep 10)  [8.4s]
  ep  11: R(t)=0.779  l1=0.363  l2=0.379  acc1=50.00%  acc2=47.05%  ens=48.52%  (best 54.25 @ ep 10)  [9.6s]
  ep  12: R(t)=0.779  l1=0.357  l2=0.363  acc1=49.75%  acc2=51.96%  ens=50.85%  (best 54.25 @ ep 10)  [11.0s]
  ep  13: R(t)=0.779  l1=0.342  l2=0.342  acc1=57.42%  acc2=55.20%  ens=56.31%  (best 56.31 @ ep 13)  [9.4s]
  ep  14: R(t)=0.779  l1=0.330  l2=0.342  acc1=49.60%  acc2=55.61%  ens=52.61%  (best 56.31 @ ep 13)  [6.0s]
  ep  15: R(t)=0.779  l1=0.290  l2=0.297  acc1=55.85%  acc2=56.44%  ens=56.15%  (best 56.31 @ ep 13)  [4.3s]
  ep  16: R(t)=0.779  l1=0.286  l2=0.310  acc1=55.89%  acc2=53.15%  ens=54.52%  (best 56.31 @ ep 13)  [4.4s]
  ep  17: R(t)=0.779  l1=0.271  l2=0.282  acc1=56.37%  acc2=55.67%  ens=56.02%  (best 56.31 @ ep 13)  [4.4s]
  ep  18: R(t)=0.779  l1=0.286  l2=0.279  acc1=55.51%  acc2=57.45%  ens=56.48%  (best 56.48 @ ep 18)  [4.3s]
  ep  19: R(t)=0.779  l1=0.268  l2=0.265  acc1=59.31%  acc2=53.62%  ens=56.46%  (best 56.48 @ ep 18)  [4.3s]
  ep  20: R(t)=0.779  l1=0.260  l2=0.267  acc1=58.09%  acc2=57.95%  ens=58.02%  (best 58.02 @ ep 20)  [4.2s]
  ep  21: R(t)=0.779  l1=0.259  l2=0.258  acc1=59.12%  acc2=58.45%  ens=58.78%  (best 58.78 @ ep 21)  [4.2s]
  ep  22: R(t)=0.779  l1=0.244  l2=0.250  acc1=53.67%  acc2=59.00%  ens=56.34%  (best 58.78 @ ep 21)  [4.3s]
  ep  23: R(t)=0.779  l1=0.248  l2=0.265  acc1=59.73%  acc2=57.67%  ens=58.70%  (best 58.78 @ ep 21)  [4.2s]
  ep  24: R(t)=0.779  l1=0.238  l2=0.249  acc1=57.62%  acc2=58.39%  ens=58.00%  (best 58.78 @ ep 21)  [4.4s]
  ep  25: R(t)=0.779  l1=0.238  l2=0.241  acc1=56.81%  acc2=55.78%  ens=56.30%  (best 58.78 @ ep 21)  [4.2s]
  ep  26: R(t)=0.779  l1=0.236  l2=0.238  acc1=56.42%  acc2=58.50%  ens=57.46%  (best 58.78 @ ep 21)  [4.4s]
  ep  27: R(t)=0.779  l1=0.240  l2=0.241  acc1=57.78%  acc2=55.21%  ens=56.50%  (best 58.78 @ ep 21)  [4.4s]
  ep  28: R(t)=0.779  l1=0.238  l2=0.239  acc1=56.12%  acc2=60.03%  ens=58.07%  (best 58.78 @ ep 21)  [4.8s]
  ep  29: R(t)=0.779  l1=0.220  l2=0.221  acc1=60.12%  acc2=57.35%  ens=58.74%  (best 58.78 @ ep 21)  [10.2s]
  ep  30: R(t)=0.779  l1=0.205  l2=0.218  acc1=60.71%  acc2=59.18%  ens=59.95%  (best 59.95 @ ep 30)  [9.3s]
  ep  31: R(t)=0.779  l1=0.218  l2=0.223  acc1=56.99%  acc2=59.39%  ens=58.19%  (best 59.95 @ ep 30)  [4.5s]
  ep  32: R(t)=0.779  l1=0.215  l2=0.220  acc1=57.46%  acc2=58.98%  ens=58.22%  (best 59.95 @ ep 30)  [4.3s]
  ep  33: R(t)=0.779  l1=0.213  l2=0.219  acc1=59.49%  acc2=54.79%  ens=57.14%  (best 59.95 @ ep 30)  [4.5s]
  ep  34: R(t)=0.779  l1=0.196  l2=0.193  acc1=61.45%  acc2=61.42%  ens=61.43%  (best 61.43 @ ep 34)  [4.4s]
  ep  35: R(t)=0.779  l1=0.180  l2=0.179  acc1=59.32%  acc2=56.33%  ens=57.82%  (best 61.43 @ ep 34)  [4.2s]
  ep  36: R(t)=0.779  l1=0.194  l2=0.199  acc1=56.97%  acc2=59.42%  ens=58.19%  (best 61.43 @ ep 34)  [4.4s]
  ep  37: R(t)=0.779  l1=0.200  l2=0.207  acc1=58.76%  acc2=59.48%  ens=59.12%  (best 61.43 @ ep 34)  [4.2s]
  ep  38: R(t)=0.779  l1=0.182  l2=0.184  acc1=57.34%  acc2=60.02%  ens=58.68%  (best 61.43 @ ep 34)  [4.5s]
  ep  39: R(t)=0.779  l1=0.193  l2=0.195  acc1=58.36%  acc2=60.25%  ens=59.31%  (best 61.43 @ ep 34)  [4.2s]
  ep  40: R(t)=0.779  l1=0.172  l2=0.181  acc1=60.47%  acc2=57.43%  ens=58.95%  (best 61.43 @ ep 34)  [4.2s]
  ep  41: R(t)=0.779  l1=0.169  l2=0.172  acc1=60.18%  acc2=61.16%  ens=60.67%  (best 61.43 @ ep 34)  [4.2s]
  ep  42: R(t)=0.779  l1=0.168  l2=0.170  acc1=63.90%  acc2=63.41%  ens=63.65%  (best 63.65 @ ep 42)  [4.2s]
  ep  43: R(t)=0.779  l1=0.167  l2=0.166  acc1=59.95%  acc2=59.76%  ens=59.86%  (best 63.65 @ ep 42)  [4.1s]
  ep  44: R(t)=0.779  l1=0.177  l2=0.175  acc1=60.69%  acc2=62.16%  ens=61.42%  (best 63.65 @ ep 42)  [4.3s]
  ep  45: R(t)=0.779  l1=0.154  l2=0.156  acc1=65.04%  acc2=59.02%  ens=62.03%  (best 63.65 @ ep 42)  [10.8s]
  ep  46: R(t)=0.779  l1=0.157  l2=0.152  acc1=62.21%  acc2=62.25%  ens=62.23%  (best 63.65 @ ep 42)  [9.8s]
  ep  47: R(t)=0.779  l1=0.131  l2=0.135  acc1=63.44%  acc2=64.59%  ens=64.02%  (best 64.02 @ ep 47)  [9.3s]
  ep  48: R(t)=0.779  l1=0.142  l2=0.146  acc1=63.43%  acc2=64.03%  ens=63.73%  (best 64.02 @ ep 47)  [11.9s]
  ep  49: R(t)=0.779  l1=0.152  l2=0.155  acc1=64.57%  acc2=61.02%  ens=62.80%  (best 64.02 @ ep 47)  [4.3s]
  ep  50: R(t)=0.779  l1=0.143  l2=0.144  acc1=64.19%  acc2=64.64%  ens=64.42%  (best 64.42 @ ep 50)  [4.3s]
  ep  51: R(t)=0.779  l1=0.138  l2=0.139  acc1=64.87%  acc2=65.32%  ens=65.09%  (best 65.09 @ ep 51)  [4.3s]
  ep  52: R(t)=0.779  l1=0.139  l2=0.135  acc1=65.82%  acc2=67.40%  ens=66.61%  (best 66.61 @ ep 52)  [4.2s]
  ep  53: R(t)=0.779  l1=0.129  l2=0.130  acc1=62.34%  acc2=60.34%  ens=61.34%  (best 66.61 @ ep 52)  [4.3s]
  ep  54: R(t)=0.779  l1=0.125  l2=0.124  acc1=64.42%  acc2=67.23%  ens=65.83%  (best 66.61 @ ep 52)  [4.1s]
  ep  55: R(t)=0.779  l1=0.118  l2=0.121  acc1=64.79%  acc2=65.48%  ens=65.14%  (best 66.61 @ ep 52)  [4.3s]
  ep  56: R(t)=0.779  l1=0.124  l2=0.123  acc1=62.16%  acc2=65.67%  ens=63.91%  (best 66.61 @ ep 52)  [4.4s]
  ep  57: R(t)=0.779  l1=0.102  l2=0.115  acc1=65.63%  acc2=65.98%  ens=65.81%  (best 66.61 @ ep 52)  [4.2s]
  ep  58: R(t)=0.779  l1=0.110  l2=0.113  acc1=65.41%  acc2=64.41%  ens=64.91%  (best 66.61 @ ep 52)  [4.2s]
  ep  59: R(t)=0.779  l1=0.114  l2=0.113  acc1=59.85%  acc2=65.11%  ens=62.48%  (best 66.61 @ ep 52)  [4.2s]
  ep  60: R(t)=0.779  l1=0.109  l2=0.113  acc1=64.33%  acc2=64.76%  ens=64.55%  (best 66.61 @ ep 52)  [4.3s]
  ep  61: R(t)=0.779  l1=0.099  l2=0.094  acc1=64.89%  acc2=64.64%  ens=64.77%  (best 66.61 @ ep 52)  [4.2s]
  ep  62: R(t)=0.779  l1=0.091  l2=0.093  acc1=65.82%  acc2=65.53%  ens=65.67%  (best 66.61 @ ep 52)  [4.3s]
  ep  63: R(t)=0.779  l1=0.082  l2=0.083  acc1=64.30%  acc2=62.05%  ens=63.18%  (best 66.61 @ ep 52)  [6.2s]
  ep  64: R(t)=0.779  l1=0.086  l2=0.098  acc1=65.27%  acc2=64.66%  ens=64.96%  (best 66.61 @ ep 52)  [11.1s]
  ep  65: R(t)=0.779  l1=0.088  l2=0.096  acc1=67.20%  acc2=66.99%  ens=67.09%  (best 67.09 @ ep 65)  [9.6s]
  ep  66: R(t)=0.779  l1=0.078  l2=0.080  acc1=65.77%  acc2=65.85%  ens=65.81%  (best 67.09 @ ep 65)  [9.6s]
  ep  67: R(t)=0.779  l1=0.087  l2=0.084  acc1=61.44%  acc2=64.76%  ens=63.10%  (best 67.09 @ ep 65)  [8.5s]
  ep  68: R(t)=0.779  l1=0.070  l2=0.074  acc1=66.06%  acc2=64.82%  ens=65.44%  (best 67.09 @ ep 65)  [4.3s]
  ep  69: R(t)=0.779  l1=0.072  l2=0.066  acc1=67.04%  acc2=65.76%  ens=66.40%  (best 67.09 @ ep 65)  [4.3s]
  ep  70: R(t)=0.779  l1=0.063  l2=0.061  acc1=67.99%  acc2=66.59%  ens=67.29%  (best 67.29 @ ep 70)  [4.4s]
  ep  71: R(t)=0.779  l1=0.060  l2=0.062  acc1=66.72%  acc2=66.56%  ens=66.64%  (best 67.29 @ ep 70)  [4.2s]
  ep  72: R(t)=0.779  l1=0.057  l2=0.061  acc1=65.14%  acc2=67.27%  ens=66.20%  (best 67.29 @ ep 70)  [4.3s]
  ep  73: R(t)=0.779  l1=0.063  l2=0.060  acc1=65.66%  acc2=67.19%  ens=66.42%  (best 67.29 @ ep 70)  [4.4s]
  ep  74: R(t)=0.779  l1=0.051  l2=0.052  acc1=67.57%  acc2=66.37%  ens=66.97%  (best 67.29 @ ep 70)  [4.4s]
  ep  75: R(t)=0.779  l1=0.044  l2=0.044  acc1=67.15%  acc2=68.56%  ens=67.86%  (best 67.86 @ ep 75)  [4.3s]
  ep  76: R(t)=0.779  l1=0.046  l2=0.042  acc1=66.86%  acc2=66.81%  ens=66.83%  (best 67.86 @ ep 75)  [4.3s]
  ep  77: R(t)=0.779  l1=0.042  l2=0.045  acc1=66.63%  acc2=68.14%  ens=67.39%  (best 67.86 @ ep 75)  [4.3s]
  ep  78: R(t)=0.779  l1=0.036  l2=0.039  acc1=67.60%  acc2=68.13%  ens=67.86%  (best 67.86 @ ep 78)  [4.2s]
  ep  79: R(t)=0.779  l1=0.032  l2=0.031  acc1=67.67%  acc2=69.45%  ens=68.56%  (best 68.56 @ ep 79)  [4.4s]
  ep  80: R(t)=0.779  l1=0.028  l2=0.034  acc1=68.34%  acc2=67.96%  ens=68.15%  (best 68.56 @ ep 79)  [4.4s]
  ep  81: R(t)=0.779  l1=0.031  l2=0.031  acc1=67.59%  acc2=68.17%  ens=67.88%  (best 68.56 @ ep 79)  [5.6s]
  ep  82: R(t)=0.779  l1=0.034  l2=0.031  acc1=68.00%  acc2=68.16%  ens=68.08%  (best 68.56 @ ep 79)  [8.8s]
  ep  83: R(t)=0.779  l1=0.028  l2=0.031  acc1=67.74%  acc2=67.18%  ens=67.46%  (best 68.56 @ ep 79)  [10.0s]
  ep  84: R(t)=0.779  l1=0.029  l2=0.027  acc1=67.66%  acc2=67.94%  ens=67.80%  (best 68.56 @ ep 79)  [12.1s]
  ep  85: R(t)=0.779  l1=0.022  l2=0.022  acc1=67.99%  acc2=68.25%  ens=68.12%  (best 68.56 @ ep 79)  [9.3s]
  ep  86: R(t)=0.779  l1=0.030  l2=0.026  acc1=67.90%  acc2=67.75%  ens=67.83%  (best 68.56 @ ep 79)  [4.4s]
  ep  87: R(t)=0.779  l1=0.026  l2=0.024  acc1=67.95%  acc2=68.31%  ens=68.13%  (best 68.56 @ ep 79)  [4.2s]
  ep  88: R(t)=0.779  l1=0.030  l2=0.030  acc1=67.48%  acc2=67.75%  ens=67.62%  (best 68.56 @ ep 79)  [4.2s]
  ep  89: R(t)=0.779  l1=0.025  l2=0.026  acc1=67.38%  acc2=67.68%  ens=67.53%  (best 68.56 @ ep 79)  [4.4s]
  ep  90: R(t)=0.779  l1=0.019  l2=0.020  acc1=67.91%  acc2=68.18%  ens=68.05%  (best 68.56 @ ep 79)  [4.3s]
  ep  91: R(t)=0.779  l1=0.024  l2=0.022  acc1=67.99%  acc2=67.81%  ens=67.90%  (best 68.56 @ ep 79)  [4.5s]
  ep  92: R(t)=0.779  l1=0.018  l2=0.017  acc1=67.87%  acc2=68.02%  ens=67.94%  (best 68.56 @ ep 79)  [4.2s]
  ep  93: R(t)=0.779  l1=0.018  l2=0.018  acc1=67.64%  acc2=67.64%  ens=67.64%  (best 68.56 @ ep 79)  [4.3s]
  ep  94: R(t)=0.779  l1=0.019  l2=0.019  acc1=67.77%  acc2=67.78%  ens=67.77%  (best 68.56 @ ep 79)  [4.2s]
  ep  95: R(t)=0.779  l1=0.022  l2=0.020  acc1=67.85%  acc2=67.94%  ens=67.89%  (best 68.56 @ ep 79)  [4.4s]
  ep  96: R(t)=0.779  l1=0.019  l2=0.017  acc1=68.11%  acc2=68.38%  ens=68.25%  (best 68.56 @ ep 79)  [4.2s]
  ep  97: R(t)=0.779  l1=0.021  l2=0.021  acc1=67.92%  acc2=68.36%  ens=68.14%  (best 68.56 @ ep 79)  [4.3s]
  ep  98: R(t)=0.779  l1=0.019  l2=0.017  acc1=68.09%  acc2=68.32%  ens=68.20%  (best 68.56 @ ep 79)  [4.4s]
  ep  99: R(t)=0.779  l1=0.023  l2=0.022  acc1=67.67%  acc2=68.07%  ens=67.87%  (best 68.56 @ ep 79)  [4.9s]

saved /path/to/ciln-workspace/journal_edition/robustness_transfer/results_v3/coteaching/ours__impulse_noise_sev3__seed1.json: best ens-acc 68.56% @ ep 79
[23:26:28] gpu 2: ours__impulse_noise_sev3 seed 2 -> ../logs/coteaching_v3/ours__impulse_noise_sev3__seed2.log
/path/to/ciln-workspace/venv/lib/python3.12/site-packages/torchvision/datasets/cifar.py:83: VisibleDeprecationWarning: dtype(): align should be passed as Python or NumPy boolean but got `align=0`. Did you mean to pass a tuple to create a subarray type? (Deprecated NumPy 2.4)
  entry = pickle.load(f, encoding="latin1")
condition=ours__impulse_noise_sev3 seed=2 gpu=2
  ep   0: R(t)=1.000  l1=1.792  l2=1.823  acc1=29.29%  acc2=28.96%  ens=29.12%  (best 29.12 @ ep 0)  [5.2s]
  ep   1: R(t)=0.930  l1=1.315  l2=1.347  acc1=35.99%  acc2=35.01%  ens=35.50%  (best 35.50 @ ep 1)  [4.2s]
  ep   2: R(t)=0.901  l1=1.108  l2=1.104  acc1=37.96%  acc2=38.77%  ens=38.37%  (best 38.37 @ ep 2)  [4.1s]
  ep   3: R(t)=0.879  l1=0.934  l2=0.934  acc1=41.73%  acc2=41.89%  ens=41.81%  (best 41.81 @ ep 3)  [4.4s]
  ep   4: R(t)=0.860  l1=0.802  l2=0.805  acc1=37.28%  acc2=42.86%  ens=40.07%  (best 41.81 @ ep 3)  [4.2s]
  ep   5: R(t)=0.844  l1=0.666  l2=0.682  acc1=42.49%  acc2=46.97%  ens=44.73%  (best 44.73 @ ep 5)  [4.3s]
  ep   6: R(t)=0.829  l1=0.614  l2=0.616  acc1=43.95%  acc2=45.19%  ens=44.57%  (best 44.73 @ ep 5)  [4.4s]
  ep   7: R(t)=0.815  l1=0.524  l2=0.522  acc1=51.15%  acc2=44.19%  ens=47.67%  (best 47.67 @ ep 7)  [4.2s]
  ep   8: R(t)=0.802  l1=0.501  l2=0.501  acc1=50.57%  acc2=47.53%  ens=49.05%  (best 49.05 @ ep 8)  [4.3s]
  ep   9: R(t)=0.790  l1=0.426  l2=0.407  acc1=50.90%  acc2=52.58%  ens=51.74%  (best 51.74 @ ep 9)  [4.3s]
  ep  10: R(t)=0.779  l1=0.374  l2=0.366  acc1=55.04%  acc2=55.90%  ens=55.47%  (best 55.47 @ ep 10)  [4.2s]
  ep  11: R(t)=0.779  l1=0.351  l2=0.356  acc1=54.95%  acc2=52.80%  ens=53.88%  (best 55.47 @ ep 10)  [4.3s]
  ep  12: R(t)=0.779  l1=0.352  l2=0.349  acc1=53.04%  acc2=56.44%  ens=54.74%  (best 55.47 @ ep 10)  [4.2s]
  ep  13: R(t)=0.779  l1=0.331  l2=0.334  acc1=52.01%  acc2=53.81%  ens=52.91%  (best 55.47 @ ep 10)  [9.8s]
  ep  14: R(t)=0.779  l1=0.339  l2=0.323  acc1=57.43%  acc2=55.88%  ens=56.66%  (best 56.66 @ ep 14)  [12.8s]
  ep  15: R(t)=0.779  l1=0.290  l2=0.296  acc1=51.69%  acc2=55.42%  ens=53.55%  (best 56.66 @ ep 14)  [10.3s]
  ep  16: R(t)=0.779  l1=0.305  l2=0.304  acc1=56.90%  acc2=58.11%  ens=57.50%  (best 57.50 @ ep 16)  [9.2s]
  ep  17: R(t)=0.779  l1=0.280  l2=0.283  acc1=59.30%  acc2=53.09%  ens=56.19%  (best 57.50 @ ep 16)  [4.3s]
  ep  18: R(t)=0.779  l1=0.269  l2=0.273  acc1=49.02%  acc2=58.54%  ens=53.78%  (best 57.50 @ ep 16)  [4.4s]
  ep  19: R(t)=0.779  l1=0.263  l2=0.268  acc1=57.40%  acc2=55.35%  ens=56.38%  (best 57.50 @ ep 16)  [4.3s]
  ep  20: R(t)=0.779  l1=0.268  l2=0.273  acc1=56.21%  acc2=58.89%  ens=57.55%  (best 57.55 @ ep 20)  [4.2s]
  ep  21: R(t)=0.779  l1=0.278  l2=0.267  acc1=47.43%  acc2=50.29%  ens=48.86%  (best 57.55 @ ep 20)  [4.4s]
  ep  22: R(t)=0.779  l1=0.258  l2=0.268  acc1=45.46%  acc2=53.33%  ens=49.40%  (best 57.55 @ ep 20)  [4.3s]
  ep  23: R(t)=0.779  l1=0.254  l2=0.251  acc1=53.23%  acc2=59.24%  ens=56.23%  (best 57.55 @ ep 20)  [4.3s]
  ep  24: R(t)=0.779  l1=0.243  l2=0.249  acc1=60.64%  acc2=59.94%  ens=60.29%  (best 60.29 @ ep 24)  [4.3s]
  ep  25: R(t)=0.779  l1=0.222  l2=0.221  acc1=62.17%  acc2=59.89%  ens=61.03%  (best 61.03 @ ep 25)  [4.3s]
  ep  26: R(t)=0.779  l1=0.241  l2=0.237  acc1=52.98%  acc2=58.18%  ens=55.58%  (best 61.03 @ ep 25)  [4.4s]
  ep  27: R(t)=0.779  l1=0.246  l2=0.236  acc1=58.94%  acc2=60.55%  ens=59.75%  (best 61.03 @ ep 25)  [4.3s]
  ep  28: R(t)=0.779  l1=0.230  l2=0.223  acc1=59.57%  acc2=56.24%  ens=57.91%  (best 61.03 @ ep 25)  [4.3s]
  ep  29: R(t)=0.779  l1=0.215  l2=0.203  acc1=57.92%  acc2=59.08%  ens=58.50%  (best 61.03 @ ep 25)  [4.3s]
  ep  30: R(t)=0.779  l1=0.222  l2=0.225  acc1=59.12%  acc2=54.48%  ens=56.80%  (best 61.03 @ ep 25)  [4.4s]
  ep  31: R(t)=0.779  l1=0.213  l2=0.212  acc1=58.93%  acc2=57.56%  ens=58.25%  (best 61.03 @ ep 25)  [5.3s]
  ep  32: R(t)=0.779  l1=0.222  l2=0.212  acc1=57.23%  acc2=63.00%  ens=60.12%  (best 61.03 @ ep 25)  [9.2s]
  ep  33: R(t)=0.779  l1=0.202  l2=0.204  acc1=62.05%  acc2=58.72%  ens=60.38%  (best 61.03 @ ep 25)  [9.4s]
  ep  34: R(t)=0.779  l1=0.200  l2=0.207  acc1=57.65%  acc2=63.82%  ens=60.74%  (best 61.03 @ ep 25)  [10.1s]
  ep  35: R(t)=0.779  l1=0.197  l2=0.188  acc1=60.19%  acc2=59.95%  ens=60.07%  (best 61.03 @ ep 25)  [9.0s]
  ep  36: R(t)=0.779  l1=0.198  l2=0.195  acc1=59.50%  acc2=59.14%  ens=59.32%  (best 61.03 @ ep 25)  [7.5s]
  ep  37: R(t)=0.779  l1=0.182  l2=0.194  acc1=59.86%  acc2=61.16%  ens=60.51%  (best 61.03 @ ep 25)  [4.2s]
  ep  38: R(t)=0.779  l1=0.192  l2=0.189  acc1=63.77%  acc2=61.52%  ens=62.64%  (best 62.64 @ ep 38)  [4.2s]
  ep  39: R(t)=0.779  l1=0.183  l2=0.179  acc1=62.07%  acc2=59.57%  ens=60.82%  (best 62.64 @ ep 38)  [4.3s]
  ep  40: R(t)=0.779  l1=0.182  l2=0.172  acc1=58.00%  acc2=62.08%  ens=60.04%  (best 62.64 @ ep 38)  [4.1s]
  ep  41: R(t)=0.779  l1=0.176  l2=0.176  acc1=59.25%  acc2=60.79%  ens=60.02%  (best 62.64 @ ep 38)  [4.2s]
  ep  42: R(t)=0.779  l1=0.174  l2=0.175  acc1=62.94%  acc2=61.74%  ens=62.34%  (best 62.64 @ ep 38)  [4.2s]
  ep  43: R(t)=0.779  l1=0.170  l2=0.166  acc1=65.00%  acc2=62.68%  ens=63.84%  (best 63.84 @ ep 43)  [4.3s]
  ep  44: R(t)=0.779  l1=0.160  l2=0.165  acc1=59.33%  acc2=61.47%  ens=60.40%  (best 63.84 @ ep 43)  [4.1s]
  ep  45: R(t)=0.779  l1=0.155  l2=0.150  acc1=65.21%  acc2=65.23%  ens=65.22%  (best 65.22 @ ep 45)  [4.2s]
  ep  46: R(t)=0.779  l1=0.155  l2=0.160  acc1=62.02%  acc2=62.72%  ens=62.37%  (best 65.22 @ ep 45)  [4.3s]
  ep  47: R(t)=0.779  l1=0.146  l2=0.153  acc1=64.27%  acc2=62.19%  ens=63.23%  (best 65.22 @ ep 45)  [4.3s]
  ep  48: R(t)=0.779  l1=0.161  l2=0.157  acc1=62.08%  acc2=62.84%  ens=62.46%  (best 65.22 @ ep 45)  [4.3s]
  ep  49: R(t)=0.779  l1=0.147  l2=0.143  acc1=62.56%  acc2=66.07%  ens=64.31%  (best 65.22 @ ep 45)  [4.4s]
  ep  50: R(t)=0.779  l1=0.130  l2=0.129  acc1=65.64%  acc2=62.29%  ens=63.97%  (best 65.22 @ ep 45)  [4.3s]
  ep  51: R(t)=0.779  l1=0.142  l2=0.142  acc1=65.76%  acc2=63.15%  ens=64.45%  (best 65.22 @ ep 45)  [8.4s]
  ep  52: R(t)=0.779  l1=0.134  l2=0.128  acc1=64.50%  acc2=62.06%  ens=63.28%  (best 65.22 @ ep 45)  [10.1s]
  ep  53: R(t)=0.779  l1=0.132  l2=0.133  acc1=65.03%  acc2=64.54%  ens=64.78%  (best 65.22 @ ep 45)  [12.2s]
  ep  54: R(t)=0.779  l1=0.137  l2=0.134  acc1=61.95%  acc2=63.26%  ens=62.60%  (best 65.22 @ ep 45)  [9.8s]
  ep  55: R(t)=0.779  l1=0.115  l2=0.109  acc1=62.73%  acc2=63.04%  ens=62.88%  (best 65.22 @ ep 45)  [6.9s]
  ep  56: R(t)=0.779  l1=0.116  l2=0.116  acc1=65.48%  acc2=66.01%  ens=65.75%  (best 65.75 @ ep 56)  [4.2s]
  ep  57: R(t)=0.779  l1=0.114  l2=0.106  acc1=63.34%  acc2=67.12%  ens=65.23%  (best 65.75 @ ep 56)  [4.1s]
  ep  58: R(t)=0.779  l1=0.109  l2=0.105  acc1=62.41%  acc2=66.63%  ens=64.52%  (best 65.75 @ ep 56)  [4.3s]
  ep  59: R(t)=0.779  l1=0.104  l2=0.102  acc1=64.95%  acc2=65.09%  ens=65.02%  (best 65.75 @ ep 56)  [4.3s]
  ep  60: R(t)=0.779  l1=0.106  l2=0.107  acc1=67.01%  acc2=66.90%  ens=66.96%  (best 66.96 @ ep 60)  [4.2s]
  ep  61: R(t)=0.779  l1=0.105  l2=0.103  acc1=67.92%  acc2=64.78%  ens=66.35%  (best 66.96 @ ep 60)  [4.4s]
  ep  62: R(t)=0.779  l1=0.100  l2=0.096  acc1=63.78%  acc2=66.10%  ens=64.94%  (best 66.96 @ ep 60)  [4.3s]
  ep  63: R(t)=0.779  l1=0.091  l2=0.094  acc1=65.51%  acc2=67.79%  ens=66.65%  (best 66.96 @ ep 60)  [4.3s]
  ep  64: R(t)=0.779  l1=0.093  l2=0.088  acc1=65.52%  acc2=64.77%  ens=65.15%  (best 66.96 @ ep 60)  [4.4s]
  ep  65: R(t)=0.779  l1=0.092  l2=0.086  acc1=65.01%  acc2=64.74%  ens=64.88%  (best 66.96 @ ep 60)  [4.1s]
  ep  66: R(t)=0.779  l1=0.069  l2=0.068  acc1=65.48%  acc2=66.70%  ens=66.09%  (best 66.96 @ ep 60)  [4.2s]
  ep  67: R(t)=0.779  l1=0.071  l2=0.068  acc1=64.70%  acc2=65.81%  ens=65.25%  (best 66.96 @ ep 60)  [4.3s]
  ep  68: R(t)=0.779  l1=0.083  l2=0.079  acc1=67.03%  acc2=68.15%  ens=67.59%  (best 67.59 @ ep 68)  [4.1s]
  ep  69: R(t)=0.779  l1=0.072  l2=0.071  acc1=65.37%  acc2=65.45%  ens=65.41%  (best 67.59 @ ep 68)  [4.2s]
  ep  70: R(t)=0.779  l1=0.073  l2=0.069  acc1=68.06%  acc2=68.61%  ens=68.34%  (best 68.34 @ ep 70)  [10.1s]
  ep  71: R(t)=0.779  l1=0.062  l2=0.060  acc1=68.04%  acc2=67.39%  ens=67.72%  (best 68.34 @ ep 70)  [10.1s]
  ep  72: R(t)=0.779  l1=0.064  l2=0.061  acc1=67.61%  acc2=66.68%  ens=67.14%  (best 68.34 @ ep 70)  [11.7s]
  ep  73: R(t)=0.779  l1=0.051  l2=0.052  acc1=67.34%  acc2=67.03%  ens=67.19%  (best 68.34 @ ep 70)  [9.2s]
  ep  74: R(t)=0.779  l1=0.046  l2=0.046  acc1=65.08%  acc2=64.66%  ens=64.87%  (best 68.34 @ ep 70)  [6.9s]
  ep  75: R(t)=0.779  l1=0.045  l2=0.043  acc1=65.76%  acc2=63.69%  ens=64.72%  (best 68.34 @ ep 70)  [4.3s]
  ep  76: R(t)=0.779  l1=0.051  l2=0.047  acc1=66.97%  acc2=64.23%  ens=65.60%  (best 68.34 @ ep 70)  [4.3s]
  ep  77: R(t)=0.779  l1=0.043  l2=0.044  acc1=66.47%  acc2=67.08%  ens=66.77%  (best 68.34 @ ep 70)  [4.3s]
  ep  78: R(t)=0.779  l1=0.044  l2=0.043  acc1=68.62%  acc2=68.63%  ens=68.62%  (best 68.62 @ ep 78)  [4.4s]
  ep  79: R(t)=0.779  l1=0.041  l2=0.036  acc1=66.44%  acc2=67.87%  ens=67.16%  (best 68.62 @ ep 78)  [4.3s]
  ep  80: R(t)=0.779  l1=0.040  l2=0.038  acc1=67.55%  acc2=67.53%  ens=67.54%  (best 68.62 @ ep 78)  [4.2s]
  ep  81: R(t)=0.779  l1=0.037  l2=0.036  acc1=68.05%  acc2=68.34%  ens=68.20%  (best 68.62 @ ep 78)  [4.2s]
  ep  82: R(t)=0.779  l1=0.031  l2=0.032  acc1=67.73%  acc2=67.33%  ens=67.53%  (best 68.62 @ ep 78)  [4.3s]
  ep  83: R(t)=0.779  l1=0.030  l2=0.033  acc1=66.39%  acc2=67.40%  ens=66.90%  (best 68.62 @ ep 78)  [4.3s]
  ep  84: R(t)=0.779  l1=0.034  l2=0.031  acc1=67.62%  acc2=67.38%  ens=67.50%  (best 68.62 @ ep 78)  [4.3s]
  ep  85: R(t)=0.779  l1=0.031  l2=0.027  acc1=68.42%  acc2=68.25%  ens=68.34%  (best 68.62 @ ep 78)  [4.5s]
  ep  86: R(t)=0.779  l1=0.029  l2=0.030  acc1=67.25%  acc2=67.02%  ens=67.14%  (best 68.62 @ ep 78)  [4.4s]
  ep  87: R(t)=0.779  l1=0.021  l2=0.021  acc1=66.90%  acc2=66.93%  ens=66.92%  (best 68.62 @ ep 78)  [4.4s]
  ep  88: R(t)=0.779  l1=0.025  l2=0.026  acc1=67.01%  acc2=67.52%  ens=67.27%  (best 68.62 @ ep 78)  [5.2s]
  ep  89: R(t)=0.779  l1=0.026  l2=0.024  acc1=67.86%  acc2=67.62%  ens=67.74%  (best 68.62 @ ep 78)  [9.9s]
  ep  90: R(t)=0.779  l1=0.023  l2=0.022  acc1=68.00%  acc2=68.04%  ens=68.02%  (best 68.62 @ ep 78)  [8.1s]
  ep  91: R(t)=0.779  l1=0.024  l2=0.022  acc1=68.29%  acc2=68.10%  ens=68.20%  (best 68.62 @ ep 78)  [4.2s]
  ep  92: R(t)=0.779  l1=0.022  l2=0.020  acc1=67.63%  acc2=68.06%  ens=67.84%  (best 68.62 @ ep 78)  [4.3s]
  ep  93: R(t)=0.779  l1=0.021  l2=0.021  acc1=67.98%  acc2=68.05%  ens=68.02%  (best 68.62 @ ep 78)  [4.3s]
  ep  94: R(t)=0.779  l1=0.023  l2=0.022  acc1=67.82%  acc2=68.31%  ens=68.06%  (best 68.62 @ ep 78)  [4.3s]
  ep  95: R(t)=0.779  l1=0.018  l2=0.018  acc1=68.21%  acc2=68.19%  ens=68.20%  (best 68.62 @ ep 78)  [4.4s]
  ep  96: R(t)=0.779  l1=0.020  l2=0.019  acc1=67.53%  acc2=67.64%  ens=67.59%  (best 68.62 @ ep 78)  [4.5s]
  ep  97: R(t)=0.779  l1=0.021  l2=0.020  acc1=67.54%  acc2=67.45%  ens=67.49%  (best 68.62 @ ep 78)  [4.6s]
  ep  98: R(t)=0.779  l1=0.018  l2=0.019  acc1=68.17%  acc2=68.39%  ens=68.28%  (best 68.62 @ ep 78)  [4.4s]
  ep  99: R(t)=0.779  l1=0.023  l2=0.022  acc1=68.24%  acc2=68.40%  ens=68.32%  (best 68.62 @ ep 78)  [4.6s]

saved /path/to/ciln-workspace/journal_edition/robustness_transfer/results_v3/coteaching/ours__impulse_noise_sev3__seed2.json: best ens-acc 68.62% @ ep 78
[23:35:42] gpu 2: ours__fog_sev3 seed 0 -> ../logs/coteaching_v3/ours__fog_sev3__seed0.log
/path/to/ciln-workspace/venv/lib/python3.12/site-packages/torchvision/datasets/cifar.py:83: VisibleDeprecationWarning: dtype(): align should be passed as Python or NumPy boolean but got `align=0`. Did you mean to pass a tuple to create a subarray type? (Deprecated NumPy 2.4)
  entry = pickle.load(f, encoding="latin1")
condition=ours__fog_sev3 seed=0 gpu=2
  ep   0: R(t)=1.000  l1=1.886  l2=1.889  acc1=23.07%  acc2=26.99%  ens=25.03%  (best 25.03 @ ep 0)  [5.4s]
  ep   1: R(t)=0.930  l1=1.427  l2=1.412  acc1=26.86%  acc2=36.55%  ens=31.70%  (best 31.70 @ ep 1)  [4.3s]
  ep   2: R(t)=0.900  l1=1.179  l2=1.183  acc1=39.00%  acc2=42.25%  ens=40.62%  (best 40.62 @ ep 2)  [4.4s]
  ep   3: R(t)=0.878  l1=0.999  l2=0.994  acc1=37.85%  acc2=41.65%  ens=39.75%  (best 40.62 @ ep 2)  [9.1s]
  ep   4: R(t)=0.859  l1=0.831  l2=0.830  acc1=45.79%  acc2=43.39%  ens=44.59%  (best 44.59 @ ep 4)  [9.2s]
  ep   5: R(t)=0.843  l1=0.742  l2=0.735  acc1=53.52%  acc2=46.70%  ens=50.11%  (best 50.11 @ ep 5)  [4.1s]
  ep   6: R(t)=0.828  l1=0.638  l2=0.638  acc1=49.67%  acc2=53.29%  ens=51.48%  (best 51.48 @ ep 6)  [4.4s]
  ep   7: R(t)=0.814  l1=0.537  l2=0.535  acc1=52.29%  acc2=44.04%  ens=48.16%  (best 51.48 @ ep 6)  [4.3s]
  ep   8: R(t)=0.801  l1=0.482  l2=0.470  acc1=47.01%  acc2=56.63%  ens=51.82%  (best 51.82 @ ep 8)  [4.4s]
  ep   9: R(t)=0.789  l1=0.438  l2=0.425  acc1=51.97%  acc2=53.14%  ens=52.55%  (best 52.55 @ ep 9)  [4.3s]
  ep  10: R(t)=0.777  l1=0.399  l2=0.376  acc1=54.71%  acc2=53.02%  ens=53.87%  (best 53.87 @ ep 10)  [4.3s]
  ep  11: R(t)=0.777  l1=0.353  l2=0.354  acc1=58.18%  acc2=54.98%  ens=56.58%  (best 56.58 @ ep 11)  [4.3s]
  ep  12: R(t)=0.777  l1=0.356  l2=0.350  acc1=58.14%  acc2=53.86%  ens=56.00%  (best 56.58 @ ep 11)  [4.3s]
  ep  13: R(t)=0.777  l1=0.336  l2=0.330  acc1=53.41%  acc2=52.86%  ens=53.13%  (best 56.58 @ ep 11)  [4.4s]
  ep  14: R(t)=0.777  l1=0.332  l2=0.316  acc1=54.47%  acc2=58.66%  ens=56.56%  (best 56.58 @ ep 11)  [4.2s]
  ep  15: R(t)=0.777  l1=0.306  l2=0.304  acc1=54.55%  acc2=54.89%  ens=54.72%  (best 56.58 @ ep 11)  [4.3s]
  ep  16: R(t)=0.777  l1=0.287  l2=0.283  acc1=57.18%  acc2=46.80%  ens=51.99%  (best 56.58 @ ep 11)  [4.1s]
  ep  17: R(t)=0.777  l1=0.295  l2=0.290  acc1=58.38%  acc2=60.42%  ens=59.40%  (best 59.40 @ ep 17)  [4.2s]
  ep  18: R(t)=0.777  l1=0.273  l2=0.270  acc1=59.07%  acc2=61.43%  ens=60.25%  (best 60.25 @ ep 18)  [4.4s]
  ep  19: R(t)=0.777  l1=0.262  l2=0.259  acc1=53.70%  acc2=59.72%  ens=56.71%  (best 60.25 @ ep 18)  [10.5s]
  ep  20: R(t)=0.777  l1=0.264  l2=0.269  acc1=61.17%  acc2=58.04%  ens=59.60%  (best 60.25 @ ep 18)  [9.9s]
  ep  21: R(t)=0.777  l1=0.255  l2=0.254  acc1=58.25%  acc2=60.42%  ens=59.34%  (best 60.25 @ ep 18)  [10.4s]
  ep  22: R(t)=0.777  l1=0.260  l2=0.259  acc1=62.98%  acc2=60.33%  ens=61.65%  (best 61.65 @ ep 22)  [9.6s]
  ep  23: R(t)=0.777  l1=0.245  l2=0.254  acc1=60.40%  acc2=59.23%  ens=59.81%  (best 61.65 @ ep 22)  [7.6s]
  ep  24: R(t)=0.777  l1=0.235  l2=0.242  acc1=60.90%  acc2=59.79%  ens=60.35%  (best 61.65 @ ep 22)  [4.3s]
  ep  25: R(t)=0.777  l1=0.248  l2=0.249  acc1=58.66%  acc2=54.15%  ens=56.40%  (best 61.65 @ ep 22)  [4.2s]
  ep  26: R(t)=0.777  l1=0.236  l2=0.233  acc1=55.41%  acc2=56.86%  ens=56.14%  (best 61.65 @ ep 22)  [4.1s]
  ep  27: R(t)=0.777  l1=0.245  l2=0.239  acc1=60.31%  acc2=57.39%  ens=58.85%  (best 61.65 @ ep 22)  [4.2s]
  ep  28: R(t)=0.777  l1=0.214  l2=0.218  acc1=60.80%  acc2=63.92%  ens=62.36%  (best 62.36 @ ep 28)  [4.3s]
  ep  29: R(t)=0.777  l1=0.222  l2=0.232  acc1=63.70%  acc2=62.77%  ens=63.23%  (best 63.23 @ ep 29)  [4.3s]
  ep  30: R(t)=0.777  l1=0.197  l2=0.201  acc1=59.15%  acc2=63.82%  ens=61.48%  (best 63.23 @ ep 29)  [4.3s]
  ep  31: R(t)=0.777  l1=0.231  l2=0.220  acc1=59.71%  acc2=61.03%  ens=60.37%  (best 63.23 @ ep 29)  [4.3s]
  ep  32: R(t)=0.777  l1=0.204  l2=0.207  acc1=64.30%  acc2=63.70%  ens=64.00%  (best 64.00 @ ep 32)  [4.3s]
  ep  33: R(t)=0.777  l1=0.184  l2=0.182  acc1=58.81%  acc2=60.70%  ens=59.76%  (best 64.00 @ ep 32)  [4.4s]
  ep  34: R(t)=0.777  l1=0.203  l2=0.204  acc1=64.89%  acc2=63.79%  ens=64.34%  (best 64.34 @ ep 34)  [4.1s]
  ep  35: R(t)=0.777  l1=0.185  l2=0.191  acc1=64.16%  acc2=62.52%  ens=63.34%  (best 64.34 @ ep 34)  [4.2s]
  ep  36: R(t)=0.777  l1=0.181  l2=0.184  acc1=67.16%  acc2=65.64%  ens=66.40%  (best 66.40 @ ep 36)  [4.3s]
  ep  37: R(t)=0.777  l1=0.194  l2=0.199  acc1=61.95%  acc2=63.16%  ens=62.56%  (best 66.40 @ ep 36)  [5.2s]
  ep  38: R(t)=0.777  l1=0.185  l2=0.175  acc1=61.99%  acc2=64.83%  ens=63.41%  (best 66.40 @ ep 36)  [9.7s]
  ep  39: R(t)=0.777  l1=0.196  l2=0.195  acc1=64.03%  acc2=64.23%  ens=64.13%  (best 66.40 @ ep 36)  [4.4s]
  ep  40: R(t)=0.777  l1=0.169  l2=0.171  acc1=66.87%  acc2=61.47%  ens=64.17%  (best 66.40 @ ep 36)  [4.2s]
  ep  41: R(t)=0.777  l1=0.166  l2=0.172  acc1=65.58%  acc2=66.99%  ens=66.29%  (best 66.40 @ ep 36)  [4.2s]
  ep  42: R(t)=0.777  l1=0.171  l2=0.167  acc1=60.18%  acc2=63.53%  ens=61.85%  (best 66.40 @ ep 36)  [4.2s]
  ep  43: R(t)=0.777  l1=0.154  l2=0.158  acc1=65.43%  acc2=58.81%  ens=62.12%  (best 66.40 @ ep 36)  [4.3s]
  ep  44: R(t)=0.777  l1=0.159  l2=0.159  acc1=63.48%  acc2=64.58%  ens=64.03%  (best 66.40 @ ep 36)  [4.2s]
  ep  45: R(t)=0.777  l1=0.141  l2=0.146  acc1=64.31%  acc2=63.85%  ens=64.08%  (best 66.40 @ ep 36)  [4.2s]
  ep  46: R(t)=0.777  l1=0.152  l2=0.160  acc1=63.14%  acc2=65.88%  ens=64.51%  (best 66.40 @ ep 36)  [4.3s]
  ep  47: R(t)=0.777  l1=0.156  l2=0.150  acc1=67.04%  acc2=65.54%  ens=66.29%  (best 66.40 @ ep 36)  [4.5s]
  ep  48: R(t)=0.777  l1=0.155  l2=0.148  acc1=66.34%  acc2=67.47%  ens=66.90%  (best 66.90 @ ep 48)  [4.4s]
  ep  49: R(t)=0.777  l1=0.141  l2=0.136  acc1=68.28%  acc2=67.16%  ens=67.72%  (best 67.72 @ ep 49)  [4.2s]
  ep  50: R(t)=0.777  l1=0.127  l2=0.124  acc1=64.13%  acc2=65.10%  ens=64.61%  (best 67.72 @ ep 49)  [4.3s]
  ep  51: R(t)=0.777  l1=0.114  l2=0.112  acc1=67.74%  acc2=65.91%  ens=66.83%  (best 67.72 @ ep 49)  [4.3s]
  ep  52: R(t)=0.777  l1=0.127  l2=0.124  acc1=66.73%  acc2=66.08%  ens=66.41%  (best 67.72 @ ep 49)  [4.4s]
  ep  53: R(t)=0.777  l1=0.119  l2=0.126  acc1=68.71%  acc2=68.42%  ens=68.57%  (best 68.57 @ ep 53)  [7.2s]
  ep  54: R(t)=0.777  l1=0.112  l2=0.118  acc1=66.31%  acc2=64.96%  ens=65.64%  (best 68.57 @ ep 53)  [9.7s]
  ep  55: R(t)=0.777  l1=0.109  l2=0.111  acc1=67.04%  acc2=66.45%  ens=66.75%  (best 68.57 @ ep 53)  [11.4s]
  ep  56: R(t)=0.777  l1=0.114  l2=0.108  acc1=67.04%  acc2=64.70%  ens=65.87%  (best 68.57 @ ep 53)  [10.0s]
  ep  57: R(t)=0.777  l1=0.106  l2=0.104  acc1=66.99%  acc2=66.12%  ens=66.56%  (best 68.57 @ ep 53)  [10.2s]
  ep  58: R(t)=0.777  l1=0.111  l2=0.109  acc1=67.85%  acc2=67.18%  ens=67.51%  (best 68.57 @ ep 53)  [4.2s]
  ep  59: R(t)=0.777  l1=0.101  l2=0.101  acc1=67.40%  acc2=65.64%  ens=66.52%  (best 68.57 @ ep 53)  [4.1s]
  ep  60: R(t)=0.777  l1=0.093  l2=0.090  acc1=65.18%  acc2=66.87%  ens=66.03%  (best 68.57 @ ep 53)  [4.2s]
  ep  61: R(t)=0.777  l1=0.092  l2=0.088  acc1=66.76%  acc2=68.27%  ens=67.51%  (best 68.57 @ ep 53)  [4.2s]
  ep  62: R(t)=0.777  l1=0.086  l2=0.088  acc1=68.90%  acc2=67.06%  ens=67.98%  (best 68.57 @ ep 53)  [4.2s]
  ep  63: R(t)=0.777  l1=0.099  l2=0.096  acc1=64.21%  acc2=66.15%  ens=65.18%  (best 68.57 @ ep 53)  [4.3s]
  ep  64: R(t)=0.777  l1=0.094  l2=0.087  acc1=67.92%  acc2=68.72%  ens=68.32%  (best 68.57 @ ep 53)  [4.4s]
  ep  65: R(t)=0.777  l1=0.083  l2=0.086  acc1=69.34%  acc2=67.94%  ens=68.64%  (best 68.64 @ ep 65)  [4.3s]
  ep  66: R(t)=0.777  l1=0.067  l2=0.074  acc1=68.05%  acc2=68.50%  ens=68.27%  (best 68.64 @ ep 65)  [4.3s]
  ep  67: R(t)=0.777  l1=0.069  l2=0.072  acc1=68.54%  acc2=70.66%  ens=69.60%  (best 69.60 @ ep 67)  [4.4s]
  ep  68: R(t)=0.777  l1=0.068  l2=0.081  acc1=67.88%  acc2=69.00%  ens=68.44%  (best 69.60 @ ep 67)  [4.3s]
  ep  69: R(t)=0.777  l1=0.060  l2=0.063  acc1=70.92%  acc2=69.25%  ens=70.08%  (best 70.08 @ ep 69)  [4.3s]
  ep  70: R(t)=0.777  l1=0.063  l2=0.062  acc1=68.76%  acc2=69.52%  ens=69.14%  (best 70.08 @ ep 69)  [4.3s]
  ep  71: R(t)=0.777  l1=0.051  l2=0.051  acc1=70.35%  acc2=68.87%  ens=69.61%  (best 70.08 @ ep 69)  [4.3s]
  ep  72: R(t)=0.777  l1=0.057  l2=0.057  acc1=68.56%  acc2=71.67%  ens=70.11%  (best 70.11 @ ep 72)  [5.5s]
  ep  73: R(t)=0.777  l1=0.049  l2=0.048  acc1=70.49%  acc2=71.15%  ens=70.82%  (best 70.82 @ ep 73)  [9.4s]
  ep  74: R(t)=0.777  l1=0.054  l2=0.051  acc1=70.24%  acc2=69.76%  ens=70.00%  (best 70.82 @ ep 73)  [12.4s]
  ep  75: R(t)=0.777  l1=0.041  l2=0.037  acc1=69.97%  acc2=69.19%  ens=69.58%  (best 70.82 @ ep 73)  [9.2s]
  ep  76: R(t)=0.777  l1=0.043  l2=0.042  acc1=68.04%  acc2=68.99%  ens=68.51%  (best 70.82 @ ep 73)  [10.2s]
  ep  77: R(t)=0.777  l1=0.043  l2=0.044  acc1=67.76%  acc2=69.35%  ens=68.55%  (best 70.82 @ ep 73)  [7.6s]
  ep  78: R(t)=0.777  l1=0.040  l2=0.040  acc1=69.47%  acc2=69.86%  ens=69.66%  (best 70.82 @ ep 73)  [4.3s]
  ep  79: R(t)=0.777  l1=0.029  l2=0.031  acc1=70.32%  acc2=71.61%  ens=70.97%  (best 70.97 @ ep 79)  [4.2s]
  ep  80: R(t)=0.777  l1=0.027  l2=0.024  acc1=70.60%  acc2=70.79%  ens=70.69%  (best 70.97 @ ep 79)  [4.1s]
  ep  81: R(t)=0.777  l1=0.027  l2=0.027  acc1=70.91%  acc2=70.78%  ens=70.84%  (best 70.97 @ ep 79)  [4.5s]
  ep  82: R(t)=0.777  l1=0.033  l2=0.036  acc1=69.59%  acc2=70.30%  ens=69.94%  (best 70.97 @ ep 79)  [4.3s]
  ep  83: R(t)=0.777  l1=0.033  l2=0.032  acc1=70.73%  acc2=71.19%  ens=70.96%  (best 70.97 @ ep 79)  [4.2s]
  ep  84: R(t)=0.777  l1=0.026  l2=0.027  acc1=71.13%  acc2=71.39%  ens=71.26%  (best 71.26 @ ep 84)  [4.2s]
  ep  85: R(t)=0.777  l1=0.028  l2=0.028  acc1=70.31%  acc2=69.46%  ens=69.88%  (best 71.26 @ ep 84)  [4.3s]
  ep  86: R(t)=0.777  l1=0.026  l2=0.025  acc1=70.83%  acc2=71.32%  ens=71.08%  (best 71.26 @ ep 84)  [4.4s]
  ep  87: R(t)=0.777  l1=0.022  l2=0.025  acc1=69.92%  acc2=71.12%  ens=70.52%  (best 71.26 @ ep 84)  [4.4s]
  ep  88: R(t)=0.777  l1=0.019  l2=0.019  acc1=70.80%  acc2=71.10%  ens=70.95%  (best 71.26 @ ep 84)  [4.2s]
  ep  89: R(t)=0.777  l1=0.020  l2=0.020  acc1=70.85%  acc2=71.56%  ens=71.21%  (best 71.26 @ ep 84)  [4.3s]
  ep  90: R(t)=0.777  l1=0.021  l2=0.022  acc1=71.00%  acc2=71.58%  ens=71.29%  (best 71.29 @ ep 90)  [4.2s]
  ep  91: R(t)=0.777  l1=0.022  l2=0.022  acc1=71.35%  acc2=71.78%  ens=71.56%  (best 71.56 @ ep 91)  [4.3s]
  ep  92: R(t)=0.777  l1=0.021  l2=0.022  acc1=71.43%  acc2=71.38%  ens=71.41%  (best 71.56 @ ep 91)  [8.8s]
  ep  93: R(t)=0.777  l1=0.020  l2=0.020  acc1=71.10%  acc2=71.41%  ens=71.25%  (best 71.56 @ ep 91)  [10.1s]
  ep  94: R(t)=0.777  l1=0.020  l2=0.019  acc1=71.27%  acc2=71.44%  ens=71.36%  (best 71.56 @ ep 91)  [10.0s]
  ep  95: R(t)=0.777  l1=0.016  l2=0.016  acc1=71.41%  acc2=71.55%  ens=71.48%  (best 71.56 @ ep 91)  [9.4s]
  ep  96: R(t)=0.777  l1=0.018  l2=0.017  acc1=71.41%  acc2=71.51%  ens=71.46%  (best 71.56 @ ep 91)  [10.3s]
  ep  97: R(t)=0.777  l1=0.018  l2=0.017  acc1=71.08%  acc2=71.49%  ens=71.28%  (best 71.56 @ ep 91)  [4.7s]
  ep  98: R(t)=0.777  l1=0.021  l2=0.021  acc1=71.17%  acc2=71.43%  ens=71.30%  (best 71.56 @ ep 91)  [4.4s]
  ep  99: R(t)=0.777  l1=0.014  l2=0.015  acc1=71.03%  acc2=71.24%  ens=71.14%  (best 71.56 @ ep 91)  [4.3s]

saved /path/to/ciln-workspace/journal_edition/robustness_transfer/results_v3/coteaching/ours__fog_sev3__seed0.json: best ens-acc 71.56% @ ep 91
[23:45:05] gpu 2: ours__fog_sev3 seed 1 -> ../logs/coteaching_v3/ours__fog_sev3__seed1.log
/path/to/ciln-workspace/venv/lib/python3.12/site-packages/torchvision/datasets/cifar.py:83: VisibleDeprecationWarning: dtype(): align should be passed as Python or NumPy boolean but got `align=0`. Did you mean to pass a tuple to create a subarray type? (Deprecated NumPy 2.4)
  entry = pickle.load(f, encoding="latin1")
condition=ours__fog_sev3 seed=1 gpu=2
  ep   0: R(t)=1.000  l1=1.871  l2=1.846  acc1=29.26%  acc2=31.93%  ens=30.59%  (best 30.59 @ ep 0)  [5.5s]
  ep   1: R(t)=0.930  l1=1.416  l2=1.370  acc1=37.53%  acc2=37.49%  ens=37.51%  (best 37.51 @ ep 1)  [4.3s]
  ep   2: R(t)=0.900  l1=1.156  l2=1.117  acc1=37.48%  acc2=39.02%  ens=38.25%  (best 38.25 @ ep 2)  [4.6s]
  ep   3: R(t)=0.878  l1=0.944  l2=0.929  acc1=47.56%  acc2=44.32%  ens=45.94%  (best 45.94 @ ep 3)  [4.6s]
  ep   4: R(t)=0.859  l1=0.801  l2=0.804  acc1=49.94%  acc2=49.21%  ens=49.58%  (best 49.58 @ ep 4)  [4.4s]
  ep   5: R(t)=0.843  l1=0.694  l2=0.710  acc1=48.82%  acc2=49.33%  ens=49.08%  (best 49.58 @ ep 4)  [4.4s]
  ep   6: R(t)=0.828  l1=0.607  l2=0.604  acc1=44.85%  acc2=46.92%  ens=45.88%  (best 49.58 @ ep 4)  [4.4s]
  ep   7: R(t)=0.814  l1=0.523  l2=0.532  acc1=44.95%  acc2=51.63%  ens=48.29%  (best 49.58 @ ep 4)  [4.4s]
  ep   8: R(t)=0.801  l1=0.464  l2=0.477  acc1=53.57%  acc2=51.95%  ens=52.76%  (best 52.76 @ ep 8)  [4.5s]
  ep   9: R(t)=0.789  l1=0.411  l2=0.410  acc1=57.92%  acc2=58.45%  ens=58.18%  (best 58.18 @ ep 9)  [11.5s]
  ep  10: R(t)=0.777  l1=0.353  l2=0.351  acc1=58.48%  acc2=56.36%  ens=57.42%  (best 58.18 @ ep 9)  [8.9s]
  ep  11: R(t)=0.777  l1=0.351  l2=0.363  acc1=55.75%  acc2=46.75%  ens=51.25%  (best 58.18 @ ep 9)  [9.9s]
  ep  12: R(t)=0.777  l1=0.330  l2=0.342  acc1=58.37%  acc2=57.02%  ens=57.70%  (best 58.18 @ ep 9)  [9.3s]
  ep  13: R(t)=0.777  l1=0.321  l2=0.319  acc1=55.53%  acc2=53.75%  ens=54.64%  (best 58.18 @ ep 9)  [4.3s]
  ep  14: R(t)=0.777  l1=0.304  l2=0.307  acc1=54.90%  acc2=54.28%  ens=54.59%  (best 58.18 @ ep 9)  [4.3s]
  ep  15: R(t)=0.777  l1=0.315  l2=0.305  acc1=55.70%  acc2=55.74%  ens=55.72%  (best 58.18 @ ep 9)  [4.2s]
  ep  16: R(t)=0.777  l1=0.290  l2=0.290  acc1=55.39%  acc2=53.10%  ens=54.24%  (best 58.18 @ ep 9)  [4.3s]
  ep  17: R(t)=0.777  l1=0.276  l2=0.291  acc1=49.85%  acc2=59.36%  ens=54.61%  (best 58.18 @ ep 9)  [4.2s]
  ep  18: R(t)=0.777  l1=0.261  l2=0.263  acc1=54.35%  acc2=59.97%  ens=57.16%  (best 58.18 @ ep 9)  [4.4s]
  ep  19: R(t)=0.777  l1=0.257  l2=0.259  acc1=58.80%  acc2=62.26%  ens=60.53%  (best 60.53 @ ep 19)  [4.2s]
  ep  20: R(t)=0.777  l1=0.270  l2=0.269  acc1=60.83%  acc2=60.09%  ens=60.46%  (best 60.53 @ ep 19)  [4.2s]
  ep  21: R(t)=0.777  l1=0.259  l2=0.264  acc1=58.09%  acc2=57.28%  ens=57.68%  (best 60.53 @ ep 19)  [4.3s]
  ep  22: R(t)=0.777  l1=0.269  l2=0.265  acc1=61.21%  acc2=59.80%  ens=60.50%  (best 60.53 @ ep 19)  [4.5s]
  ep  23: R(t)=0.777  l1=0.244  l2=0.252  acc1=57.55%  acc2=62.32%  ens=59.94%  (best 60.53 @ ep 19)  [4.1s]
  ep  24: R(t)=0.777  l1=0.234  l2=0.229  acc1=59.74%  acc2=60.58%  ens=60.16%  (best 60.53 @ ep 19)  [4.3s]
  ep  25: R(t)=0.777  l1=0.240  l2=0.236  acc1=57.56%  acc2=57.88%  ens=57.72%  (best 60.53 @ ep 19)  [4.2s]
  ep  26: R(t)=0.777  l1=0.238  l2=0.234  acc1=55.18%  acc2=57.24%  ens=56.21%  (best 60.53 @ ep 19)  [5.4s]
  ep  27: R(t)=0.777  l1=0.233  l2=0.231  acc1=63.01%  acc2=59.97%  ens=61.49%  (best 61.49 @ ep 27)  [8.6s]
  ep  28: R(t)=0.777  l1=0.239  l2=0.238  acc1=59.82%  acc2=56.67%  ens=58.24%  (best 61.49 @ ep 27)  [4.1s]
  ep  29: R(t)=0.777  l1=0.217  l2=0.227  acc1=59.45%  acc2=64.54%  ens=61.99%  (best 61.99 @ ep 29)  [4.4s]
  ep  30: R(t)=0.777  l1=0.225  l2=0.231  acc1=61.41%  acc2=63.56%  ens=62.48%  (best 62.48 @ ep 30)  [4.3s]
  ep  31: R(t)=0.777  l1=0.205  l2=0.217  acc1=62.63%  acc2=61.42%  ens=62.02%  (best 62.48 @ ep 30)  [4.3s]
  ep  32: R(t)=0.777  l1=0.217  l2=0.213  acc1=59.64%  acc2=57.06%  ens=58.35%  (best 62.48 @ ep 30)  [4.3s]
  ep  33: R(t)=0.777  l1=0.208  l2=0.200  acc1=62.43%  acc2=64.19%  ens=63.31%  (best 63.31 @ ep 33)  [4.3s]
  ep  34: R(t)=0.777  l1=0.189  l2=0.185  acc1=59.39%  acc2=63.35%  ens=61.37%  (best 63.31 @ ep 33)  [4.2s]
  ep  35: R(t)=0.777  l1=0.200  l2=0.210  acc1=60.91%  acc2=62.43%  ens=61.67%  (best 63.31 @ ep 33)  [4.4s]
  ep  36: R(t)=0.777  l1=0.186  l2=0.191  acc1=60.35%  acc2=61.95%  ens=61.15%  (best 63.31 @ ep 33)  [4.3s]
  ep  37: R(t)=0.777  l1=0.185  l2=0.190  acc1=58.01%  acc2=66.71%  ens=62.36%  (best 63.31 @ ep 33)  [4.4s]
  ep  38: R(t)=0.777  l1=0.191  l2=0.186  acc1=64.83%  acc2=67.12%  ens=65.98%  (best 65.98 @ ep 38)  [4.3s]
  ep  39: R(t)=0.777  l1=0.171  l2=0.174  acc1=66.33%  acc2=59.46%  ens=62.90%  (best 65.98 @ ep 38)  [4.2s]
  ep  40: R(t)=0.777  l1=0.170  l2=0.166  acc1=63.95%  acc2=61.52%  ens=62.73%  (best 65.98 @ ep 38)  [4.2s]
  ep  41: R(t)=0.777  l1=0.166  l2=0.162  acc1=63.65%  acc2=60.93%  ens=62.29%  (best 65.98 @ ep 38)  [6.3s]
  ep  42: R(t)=0.777  l1=0.165  l2=0.167  acc1=60.10%  acc2=63.31%  ens=61.70%  (best 65.98 @ ep 38)  [9.7s]
  ep  43: R(t)=0.777  l1=0.175  l2=0.177  acc1=64.15%  acc2=63.48%  ens=63.81%  (best 65.98 @ ep 38)  [10.5s]
  ep  44: R(t)=0.777  l1=0.158  l2=0.160  acc1=61.69%  acc2=65.45%  ens=63.57%  (best 65.98 @ ep 38)  [9.0s]
  ep  45: R(t)=0.777  l1=0.162  l2=0.158  acc1=65.16%  acc2=64.31%  ens=64.73%  (best 65.98 @ ep 38)  [9.5s]
  ep  46: R(t)=0.777  l1=0.142  l2=0.152  acc1=67.66%  acc2=65.32%  ens=66.49%  (best 66.49 @ ep 46)  [9.5s]
  ep  47: R(t)=0.777  l1=0.142  l2=0.139  acc1=58.36%  acc2=61.32%  ens=59.84%  (best 66.49 @ ep 46)  [4.2s]
  ep  48: R(t)=0.777  l1=0.145  l2=0.143  acc1=66.16%  acc2=65.13%  ens=65.64%  (best 66.49 @ ep 46)  [4.4s]
  ep  49: R(t)=0.777  l1=0.143  l2=0.150  acc1=67.53%  acc2=63.51%  ens=65.52%  (best 66.49 @ ep 46)  [4.3s]
  ep  50: R(t)=0.777  l1=0.141  l2=0.148  acc1=64.64%  acc2=62.08%  ens=63.36%  (best 66.49 @ ep 46)  [4.2s]
  ep  51: R(t)=0.777  l1=0.126  l2=0.130  acc1=65.10%  acc2=69.22%  ens=67.16%  (best 67.16 @ ep 51)  [4.3s]
  ep  52: R(t)=0.777  l1=0.137  l2=0.136  acc1=64.68%  acc2=63.28%  ens=63.98%  (best 67.16 @ ep 51)  [4.5s]
  ep  53: R(t)=0.777  l1=0.124  l2=0.123  acc1=67.90%  acc2=68.07%  ens=67.99%  (best 67.99 @ ep 53)  [4.2s]
  ep  54: R(t)=0.777  l1=0.122  l2=0.124  acc1=63.69%  acc2=67.88%  ens=65.79%  (best 67.99 @ ep 53)  [4.2s]
  ep  55: R(t)=0.777  l1=0.112  l2=0.103  acc1=66.09%  acc2=64.21%  ens=65.15%  (best 67.99 @ ep 53)  [4.3s]
  ep  56: R(t)=0.777  l1=0.116  l2=0.121  acc1=66.62%  acc2=67.61%  ens=67.12%  (best 67.99 @ ep 53)  [4.3s]
  ep  57: R(t)=0.777  l1=0.101  l2=0.108  acc1=67.51%  acc2=66.33%  ens=66.92%  (best 67.99 @ ep 53)  [4.2s]
  ep  58: R(t)=0.777  l1=0.105  l2=0.104  acc1=65.01%  acc2=68.60%  ens=66.81%  (best 67.99 @ ep 53)  [4.4s]
  ep  59: R(t)=0.777  l1=0.108  l2=0.112  acc1=65.30%  acc2=66.89%  ens=66.09%  (best 67.99 @ ep 53)  [4.4s]
  ep  60: R(t)=0.777  l1=0.114  l2=0.106  acc1=67.51%  acc2=67.83%  ens=67.67%  (best 67.99 @ ep 53)  [5.8s]
  ep  61: R(t)=0.777  l1=0.101  l2=0.102  acc1=66.31%  acc2=66.93%  ens=66.62%  (best 67.99 @ ep 53)  [10.4s]
  ep  62: R(t)=0.777  l1=0.084  l2=0.090  acc1=67.48%  acc2=64.15%  ens=65.81%  (best 67.99 @ ep 53)  [9.5s]
  ep  63: R(t)=0.777  l1=0.081  l2=0.081  acc1=68.03%  acc2=67.97%  ens=68.00%  (best 68.00 @ ep 63)  [4.2s]
  ep  64: R(t)=0.777  l1=0.078  l2=0.082  acc1=69.16%  acc2=68.13%  ens=68.64%  (best 68.64 @ ep 64)  [4.3s]
  ep  65: R(t)=0.777  l1=0.078  l2=0.080  acc1=67.36%  acc2=67.03%  ens=67.20%  (best 68.64 @ ep 64)  [4.4s]
  ep  66: R(t)=0.777  l1=0.082  l2=0.083  acc1=66.16%  acc2=66.83%  ens=66.49%  (best 68.64 @ ep 64)  [4.3s]
  ep  67: R(t)=0.777  l1=0.070  l2=0.073  acc1=69.74%  acc2=69.60%  ens=69.67%  (best 69.67 @ ep 67)  [4.3s]
  ep  68: R(t)=0.777  l1=0.075  l2=0.077  acc1=70.15%  acc2=69.56%  ens=69.86%  (best 69.86 @ ep 68)  [4.3s]
  ep  69: R(t)=0.777  l1=0.068  l2=0.068  acc1=67.08%  acc2=68.17%  ens=67.62%  (best 69.86 @ ep 68)  [4.3s]
  ep  70: R(t)=0.777  l1=0.056  l2=0.055  acc1=69.43%  acc2=69.36%  ens=69.40%  (best 69.86 @ ep 68)  [4.4s]
  ep  71: R(t)=0.777  l1=0.054  l2=0.051  acc1=68.03%  acc2=70.58%  ens=69.30%  (best 69.86 @ ep 68)  [4.3s]
  ep  72: R(t)=0.777  l1=0.066  l2=0.067  acc1=68.98%  acc2=69.31%  ens=69.14%  (best 69.86 @ ep 68)  [4.2s]
  ep  73: R(t)=0.777  l1=0.060  l2=0.054  acc1=69.15%  acc2=70.16%  ens=69.66%  (best 69.86 @ ep 68)  [4.2s]
  ep  74: R(t)=0.777  l1=0.046  l2=0.043  acc1=68.33%  acc2=68.87%  ens=68.60%  (best 69.86 @ ep 68)  [4.3s]
  ep  75: R(t)=0.777  l1=0.041  l2=0.047  acc1=70.27%  acc2=68.71%  ens=69.49%  (best 69.86 @ ep 68)  [4.3s]
  ep  76: R(t)=0.777  l1=0.045  l2=0.047  acc1=69.67%  acc2=69.98%  ens=69.83%  (best 69.86 @ ep 68)  [4.8s]
  ep  77: R(t)=0.777  l1=0.046  l2=0.046  acc1=70.42%  acc2=69.56%  ens=69.99%  (best 69.99 @ ep 77)  [9.8s]
  ep  78: R(t)=0.777  l1=0.037  l2=0.036  acc1=70.76%  acc2=70.90%  ens=70.83%  (best 70.83 @ ep 78)  [4.4s]
  ep  79: R(t)=0.777  l1=0.035  l2=0.038  acc1=70.29%  acc2=69.27%  ens=69.78%  (best 70.83 @ ep 78)  [4.3s]
  ep  80: R(t)=0.777  l1=0.032  l2=0.033  acc1=70.10%  acc2=69.90%  ens=70.00%  (best 70.83 @ ep 78)  [4.3s]
  ep  81: R(t)=0.777  l1=0.026  l2=0.028  acc1=70.33%  acc2=70.42%  ens=70.38%  (best 70.83 @ ep 78)  [4.1s]
  ep  82: R(t)=0.777  l1=0.028  l2=0.031  acc1=69.41%  acc2=69.72%  ens=69.57%  (best 70.83 @ ep 78)  [4.1s]
  ep  83: R(t)=0.777  l1=0.024  l2=0.029  acc1=69.78%  acc2=69.88%  ens=69.83%  (best 70.83 @ ep 78)  [4.4s]
  ep  84: R(t)=0.777  l1=0.023  l2=0.027  acc1=71.21%  acc2=70.89%  ens=71.05%  (best 71.05 @ ep 84)  [4.4s]
  ep  85: R(t)=0.777  l1=0.026  l2=0.025  acc1=69.84%  acc2=70.44%  ens=70.14%  (best 71.05 @ ep 84)  [4.1s]
  ep  86: R(t)=0.777  l1=0.022  l2=0.023  acc1=70.31%  acc2=70.38%  ens=70.34%  (best 71.05 @ ep 84)  [4.3s]
  ep  87: R(t)=0.777  l1=0.021  l2=0.022  acc1=70.42%  acc2=70.64%  ens=70.53%  (best 71.05 @ ep 84)  [4.3s]
  ep  88: R(t)=0.777  l1=0.022  l2=0.020  acc1=70.16%  acc2=70.57%  ens=70.36%  (best 71.05 @ ep 84)  [4.2s]
  ep  89: R(t)=0.777  l1=0.023  l2=0.025  acc1=70.14%  acc2=70.57%  ens=70.36%  (best 71.05 @ ep 84)  [4.2s]
  ep  90: R(t)=0.777  l1=0.020  l2=0.020  acc1=70.54%  acc2=70.85%  ens=70.69%  (best 71.05 @ ep 84)  [4.5s]
  ep  91: R(t)=0.777  l1=0.017  l2=0.018  acc1=70.36%  acc2=70.67%  ens=70.52%  (best 71.05 @ ep 84)  [4.2s]
  ep  92: R(t)=0.777  l1=0.020  l2=0.021  acc1=70.43%  acc2=70.77%  ens=70.60%  (best 71.05 @ ep 84)  [7.0s]
  ep  93: R(t)=0.777  l1=0.021  l2=0.022  acc1=70.47%  acc2=71.00%  ens=70.73%  (best 71.05 @ ep 84)  [9.3s]
  ep  94: R(t)=0.777  l1=0.017  l2=0.019  acc1=70.44%  acc2=70.79%  ens=70.62%  (best 71.05 @ ep 84)  [10.7s]
  ep  95: R(t)=0.777  l1=0.022  l2=0.022  acc1=70.12%  acc2=70.64%  ens=70.38%  (best 71.05 @ ep 84)  [11.6s]
  ep  96: R(t)=0.777  l1=0.020  l2=0.020  acc1=70.73%  acc2=71.28%  ens=71.01%  (best 71.05 @ ep 84)  [9.4s]
  ep  97: R(t)=0.777  l1=0.016  l2=0.018  acc1=70.57%  acc2=70.99%  ens=70.78%  (best 71.05 @ ep 84)  [8.0s]
  ep  98: R(t)=0.777  l1=0.017  l2=0.018  acc1=70.63%  acc2=70.99%  ens=70.81%  (best 71.05 @ ep 84)  [4.1s]
  ep  99: R(t)=0.777  l1=0.019  l2=0.019  acc1=70.62%  acc2=71.02%  ens=70.82%  (best 71.05 @ ep 84)  [4.3s]

saved /path/to/ciln-workspace/journal_edition/robustness_transfer/results_v3/coteaching/ours__fog_sev3__seed1.json: best ens-acc 71.05% @ ep 84
[23:54:10] gpu 2: ours__fog_sev3 seed 2 -> ../logs/coteaching_v3/ours__fog_sev3__seed2.log
/path/to/ciln-workspace/venv/lib/python3.12/site-packages/torchvision/datasets/cifar.py:83: VisibleDeprecationWarning: dtype(): align should be passed as Python or NumPy boolean but got `align=0`. Did you mean to pass a tuple to create a subarray type? (Deprecated NumPy 2.4)
  entry = pickle.load(f, encoding="latin1")
condition=ours__fog_sev3 seed=2 gpu=2
  ep   0: R(t)=1.000  l1=1.874  l2=1.888  acc1=28.97%  acc2=31.58%  ens=30.28%  (best 30.28 @ ep 0)  [5.6s]
  ep   1: R(t)=0.930  l1=1.407  l2=1.443  acc1=36.70%  acc2=34.56%  ens=35.63%  (best 35.63 @ ep 1)  [4.3s]
  ep   2: R(t)=0.900  l1=1.150  l2=1.183  acc1=38.28%  acc2=40.43%  ens=39.35%  (best 39.35 @ ep 2)  [4.5s]
  ep   3: R(t)=0.878  l1=0.943  l2=0.979  acc1=45.68%  acc2=43.79%  ens=44.73%  (best 44.73 @ ep 3)  [4.2s]
  ep   4: R(t)=0.859  l1=0.816  l2=0.830  acc1=46.75%  acc2=45.35%  ens=46.05%  (best 46.05 @ ep 4)  [4.4s]
  ep   5: R(t)=0.843  l1=0.688  l2=0.739  acc1=46.42%  acc2=46.59%  ens=46.50%  (best 46.50 @ ep 5)  [4.4s]
  ep   6: R(t)=0.828  l1=0.610  l2=0.657  acc1=44.90%  acc2=53.28%  ens=49.09%  (best 49.09 @ ep 6)  [4.3s]
  ep   7: R(t)=0.814  l1=0.514  l2=0.552  acc1=53.49%  acc2=55.70%  ens=54.60%  (best 54.60 @ ep 7)  [4.2s]
  ep   8: R(t)=0.801  l1=0.473  l2=0.498  acc1=55.35%  acc2=50.39%  ens=52.87%  (best 54.60 @ ep 7)  [4.3s]
  ep   9: R(t)=0.789  l1=0.415  l2=0.422  acc1=53.38%  acc2=57.61%  ens=55.50%  (best 55.50 @ ep 9)  [4.5s]
  ep  10: R(t)=0.777  l1=0.364  l2=0.371  acc1=53.31%  acc2=52.55%  ens=52.93%  (best 55.50 @ ep 9)  [9.9s]
  ep  11: R(t)=0.777  l1=0.335  l2=0.350  acc1=52.17%  acc2=53.72%  ens=52.95%  (best 55.50 @ ep 9)  [10.1s]
  ep  12: R(t)=0.777  l1=0.336  l2=0.333  acc1=55.15%  acc2=50.44%  ens=52.79%  (best 55.50 @ ep 9)  [9.9s]
  ep  13: R(t)=0.777  l1=0.302  l2=0.312  acc1=58.61%  acc2=52.57%  ens=55.59%  (best 55.59 @ ep 13)  [11.2s]
  ep  14: R(t)=0.777  l1=0.300  l2=0.305  acc1=58.02%  acc2=55.10%  ens=56.56%  (best 56.56 @ ep 14)  [10.0s]
  ep  15: R(t)=0.777  l1=0.302  l2=0.295  acc1=52.72%  acc2=52.63%  ens=52.68%  (best 56.56 @ ep 14)  [4.1s]
  ep  16: R(t)=0.777  l1=0.299  l2=0.295  acc1=54.93%  acc2=57.57%  ens=56.25%  (best 56.56 @ ep 14)  [4.1s]
  ep  17: R(t)=0.777  l1=0.267  l2=0.271  acc1=50.35%  acc2=59.18%  ens=54.77%  (best 56.56 @ ep 14)  [4.1s]
  ep  18: R(t)=0.777  l1=0.263  l2=0.267  acc1=59.89%  acc2=60.26%  ens=60.08%  (best 60.08 @ ep 18)  [4.4s]
  ep  19: R(t)=0.777  l1=0.255  l2=0.254  acc1=59.82%  acc2=53.67%  ens=56.75%  (best 60.08 @ ep 18)  [4.0s]
  ep  20: R(t)=0.777  l1=0.257  l2=0.271  acc1=57.28%  acc2=50.70%  ens=53.99%  (best 60.08 @ ep 18)  [4.3s]
  ep  21: R(t)=0.777  l1=0.249  l2=0.253  acc1=58.02%  acc2=48.48%  ens=53.25%  (best 60.08 @ ep 18)  [4.1s]
  ep  22: R(t)=0.777  l1=0.250  l2=0.255  acc1=60.31%  acc2=57.55%  ens=58.93%  (best 60.08 @ ep 18)  [4.4s]
  ep  23: R(t)=0.777  l1=0.234  l2=0.227  acc1=57.49%  acc2=55.16%  ens=56.33%  (best 60.08 @ ep 18)  [4.3s]
  ep  24: R(t)=0.777  l1=0.227  l2=0.232  acc1=49.26%  acc2=56.67%  ens=52.96%  (best 60.08 @ ep 18)  [4.3s]
  ep  25: R(t)=0.777  l1=0.214  l2=0.216  acc1=59.86%  acc2=60.16%  ens=60.01%  (best 60.08 @ ep 18)  [4.3s]
  ep  26: R(t)=0.777  l1=0.232  l2=0.238  acc1=57.72%  acc2=61.58%  ens=59.65%  (best 60.08 @ ep 18)  [4.2s]
  ep  27: R(t)=0.777  l1=0.219  l2=0.215  acc1=59.96%  acc2=62.42%  ens=61.19%  (best 61.19 @ ep 27)  [4.3s]
  ep  28: R(t)=0.777  l1=0.205  l2=0.218  acc1=62.16%  acc2=61.64%  ens=61.90%  (best 61.90 @ ep 28)  [4.3s]
  ep  29: R(t)=0.777  l1=0.210  l2=0.212  acc1=58.27%  acc2=58.12%  ens=58.19%  (best 61.90 @ ep 28)  [4.8s]
  ep  30: R(t)=0.777  l1=0.210  l2=0.214  acc1=63.22%  acc2=62.26%  ens=62.74%  (best 62.74 @ ep 30)  [10.7s]
  ep  31: R(t)=0.777  l1=0.201  l2=0.205  acc1=65.93%  acc2=62.35%  ens=64.14%  (best 64.14 @ ep 31)  [10.2s]
  ep  32: R(t)=0.777  l1=0.191  l2=0.191  acc1=62.28%  acc2=63.26%  ens=62.77%  (best 64.14 @ ep 31)  [10.5s]
  ep  33: R(t)=0.777  l1=0.188  l2=0.199  acc1=62.08%  acc2=63.20%  ens=62.64%  (best 64.14 @ ep 31)  [9.1s]
  ep  34: R(t)=0.777  l1=0.180  l2=0.186  acc1=62.53%  acc2=63.68%  ens=63.10%  (best 64.14 @ ep 31)  [9.1s]
  ep  35: R(t)=0.777  l1=0.184  l2=0.179  acc1=60.48%  acc2=59.06%  ens=59.77%  (best 64.14 @ ep 31)  [5.9s]
  ep  36: R(t)=0.777  l1=0.177  l2=0.185  acc1=64.76%  acc2=63.75%  ens=64.25%  (best 64.25 @ ep 36)  [4.2s]
  ep  37: R(t)=0.777  l1=0.172  l2=0.177  acc1=60.84%  acc2=58.21%  ens=59.53%  (best 64.25 @ ep 36)  [4.3s]
  ep  38: R(t)=0.777  l1=0.173  l2=0.180  acc1=59.93%  acc2=65.38%  ens=62.66%  (best 64.25 @ ep 36)  [4.2s]
  ep  39: R(t)=0.777  l1=0.171  l2=0.167  acc1=66.69%  acc2=65.46%  ens=66.07%  (best 66.07 @ ep 39)  [4.3s]
  ep  40: R(t)=0.777  l1=0.167  l2=0.163  acc1=62.96%  acc2=64.42%  ens=63.69%  (best 66.07 @ ep 39)  [4.3s]
  ep  41: R(t)=0.777  l1=0.167  l2=0.179  acc1=63.59%  acc2=62.21%  ens=62.90%  (best 66.07 @ ep 39)  [4.3s]
  ep  42: R(t)=0.777  l1=0.142  l2=0.148  acc1=65.64%  acc2=64.90%  ens=65.27%  (best 66.07 @ ep 39)  [4.3s]
  ep  43: R(t)=0.777  l1=0.156  l2=0.161  acc1=61.56%  acc2=62.09%  ens=61.82%  (best 66.07 @ ep 39)  [4.3s]
  ep  44: R(t)=0.777  l1=0.154  l2=0.158  acc1=56.74%  acc2=61.27%  ens=59.00%  (best 66.07 @ ep 39)  [4.4s]
  ep  45: R(t)=0.777  l1=0.159  l2=0.160  acc1=63.70%  acc2=68.16%  ens=65.93%  (best 66.07 @ ep 39)  [4.5s]
  ep  46: R(t)=0.777  l1=0.135  l2=0.138  acc1=62.60%  acc2=58.43%  ens=60.52%  (best 66.07 @ ep 39)  [4.4s]
  ep  47: R(t)=0.777  l1=0.134  l2=0.141  acc1=66.73%  acc2=66.25%  ens=66.49%  (best 66.49 @ ep 47)  [4.3s]
  ep  48: R(t)=0.777  l1=0.130  l2=0.135  acc1=67.77%  acc2=60.68%  ens=64.22%  (best 66.49 @ ep 47)  [4.6s]
  ep  49: R(t)=0.777  l1=0.124  l2=0.129  acc1=66.90%  acc2=67.48%  ens=67.19%  (best 67.19 @ ep 49)  [8.7s]
  ep  50: R(t)=0.777  l1=0.134  l2=0.136  acc1=67.20%  acc2=66.73%  ens=66.97%  (best 67.19 @ ep 49)  [9.1s]
  ep  51: R(t)=0.777  l1=0.121  l2=0.132  acc1=68.74%  acc2=66.70%  ens=67.72%  (best 67.72 @ ep 51)  [9.8s]
  ep  52: R(t)=0.777  l1=0.114  l2=0.114  acc1=66.72%  acc2=64.65%  ens=65.68%  (best 67.72 @ ep 51)  [8.7s]
  ep  53: R(t)=0.777  l1=0.112  l2=0.116  acc1=65.10%  acc2=65.59%  ens=65.35%  (best 67.72 @ ep 51)  [9.1s]
  ep  54: R(t)=0.777  l1=0.106  l2=0.107  acc1=68.76%  acc2=65.50%  ens=67.13%  (best 67.72 @ ep 51)  [11.1s]
  ep  55: R(t)=0.777  l1=0.111  l2=0.108  acc1=65.96%  acc2=66.23%  ens=66.09%  (best 67.72 @ ep 51)  [4.3s]
  ep  56: R(t)=0.777  l1=0.107  l2=0.117  acc1=65.91%  acc2=65.31%  ens=65.61%  (best 67.72 @ ep 51)  [4.1s]
  ep  57: R(t)=0.777  l1=0.089  l2=0.093  acc1=66.90%  acc2=68.16%  ens=67.53%  (best 67.72 @ ep 51)  [4.4s]
  ep  58: R(t)=0.777  l1=0.091  l2=0.101  acc1=67.42%  acc2=66.70%  ens=67.06%  (best 67.72 @ ep 51)  [4.3s]
  ep  59: R(t)=0.777  l1=0.089  l2=0.092  acc1=68.49%  acc2=66.79%  ens=67.64%  (best 67.72 @ ep 51)  [4.4s]
  ep  60: R(t)=0.777  l1=0.107  l2=0.122  acc1=66.83%  acc2=67.65%  ens=67.24%  (best 67.72 @ ep 51)  [4.1s]
  ep  61: R(t)=0.777  l1=0.088  l2=0.095  acc1=70.65%  acc2=66.27%  ens=68.46%  (best 68.46 @ ep 61)  [4.2s]
  ep  62: R(t)=0.777  l1=0.086  l2=0.089  acc1=63.73%  acc2=64.26%  ens=64.00%  (best 68.46 @ ep 61)  [4.3s]
  ep  63: R(t)=0.777  l1=0.084  l2=0.085  acc1=68.90%  acc2=66.91%  ens=67.90%  (best 68.46 @ ep 61)  [4.2s]
  ep  64: R(t)=0.777  l1=0.081  l2=0.086  acc1=67.80%  acc2=66.72%  ens=67.26%  (best 68.46 @ ep 61)  [4.2s]
  ep  65: R(t)=0.777  l1=0.065  l2=0.067  acc1=69.49%  acc2=68.77%  ens=69.13%  (best 69.13 @ ep 65)  [4.2s]
  ep  66: R(t)=0.777  l1=0.067  l2=0.068  acc1=69.34%  acc2=68.49%  ens=68.91%  (best 69.13 @ ep 65)  [4.4s]
  ep  67: R(t)=0.777  l1=0.065  l2=0.068  acc1=68.06%  acc2=67.01%  ens=67.53%  (best 69.13 @ ep 65)  [4.3s]
  ep  68: R(t)=0.777  l1=0.083  l2=0.088  acc1=69.06%  acc2=69.98%  ens=69.52%  (best 69.52 @ ep 68)  [4.2s]
  ep  69: R(t)=0.777  l1=0.065  l2=0.070  acc1=67.39%  acc2=66.66%  ens=67.03%  (best 69.52 @ ep 68)  [4.3s]
  ep  70: R(t)=0.777  l1=0.059  l2=0.065  acc1=70.60%  acc2=69.02%  ens=69.81%  (best 69.81 @ ep 70)  [9.6s]
  ep  71: R(t)=0.777  l1=0.046  l2=0.056  acc1=69.44%  acc2=68.68%  ens=69.06%  (best 69.81 @ ep 70)  [10.7s]
  ep  72: R(t)=0.777  l1=0.058  l2=0.059  acc1=69.08%  acc2=68.46%  ens=68.77%  (best 69.81 @ ep 70)  [11.3s]
  ep  73: R(t)=0.777  l1=0.049  l2=0.052  acc1=69.32%  acc2=69.20%  ens=69.26%  (best 69.81 @ ep 70)  [4.3s]
  ep  74: R(t)=0.777  l1=0.038  l2=0.038  acc1=70.32%  acc2=70.04%  ens=70.18%  (best 70.18 @ ep 74)  [4.3s]
  ep  75: R(t)=0.777  l1=0.041  l2=0.042  acc1=69.72%  acc2=70.38%  ens=70.05%  (best 70.18 @ ep 74)  [4.1s]
  ep  76: R(t)=0.777  l1=0.037  l2=0.040  acc1=69.62%  acc2=68.67%  ens=69.14%  (best 70.18 @ ep 74)  [4.4s]
  ep  77: R(t)=0.777  l1=0.031  l2=0.033  acc1=71.15%  acc2=69.78%  ens=70.47%  (best 70.47 @ ep 77)  [4.3s]
  ep  78: R(t)=0.777  l1=0.032  l2=0.031  acc1=71.26%  acc2=69.23%  ens=70.25%  (best 70.47 @ ep 77)  [4.3s]
  ep  79: R(t)=0.777  l1=0.030  l2=0.030  acc1=70.35%  acc2=69.65%  ens=70.00%  (best 70.47 @ ep 77)  [4.5s]
  ep  80: R(t)=0.777  l1=0.030  l2=0.031  acc1=70.61%  acc2=69.39%  ens=70.00%  (best 70.47 @ ep 77)  [4.2s]
  ep  81: R(t)=0.777  l1=0.027  l2=0.031  acc1=70.47%  acc2=70.29%  ens=70.38%  (best 70.47 @ ep 77)  [4.4s]
  ep  82: R(t)=0.777  l1=0.029  l2=0.034  acc1=70.77%  acc2=69.96%  ens=70.36%  (best 70.47 @ ep 77)  [4.2s]
  ep  83: R(t)=0.777  l1=0.029  l2=0.032  acc1=70.50%  acc2=70.72%  ens=70.61%  (best 70.61 @ ep 83)  [4.3s]
  ep  84: R(t)=0.777  l1=0.027  l2=0.027  acc1=69.75%  acc2=69.28%  ens=69.51%  (best 70.61 @ ep 83)  [4.5s]
  ep  85: R(t)=0.777  l1=0.025  l2=0.025  acc1=70.67%  acc2=69.19%  ens=69.93%  (best 70.61 @ ep 83)  [4.2s]
  ep  86: R(t)=0.777  l1=0.022  l2=0.024  acc1=70.82%  acc2=69.75%  ens=70.28%  (best 70.61 @ ep 83)  [5.3s]
  ep  87: R(t)=0.777  l1=0.021  l2=0.025  acc1=70.85%  acc2=69.55%  ens=70.20%  (best 70.61 @ ep 83)  [11.2s]
  ep  88: R(t)=0.777  l1=0.022  l2=0.022  acc1=71.16%  acc2=70.42%  ens=70.79%  (best 70.79 @ ep 88)  [9.4s]
  ep  89: R(t)=0.777  l1=0.024  l2=0.024  acc1=70.54%  acc2=70.22%  ens=70.38%  (best 70.79 @ ep 88)  [9.8s]
  ep  90: R(t)=0.777  l1=0.020  l2=0.021  acc1=70.62%  acc2=70.24%  ens=70.43%  (best 70.79 @ ep 88)  [11.7s]
  ep  91: R(t)=0.777  l1=0.020  l2=0.023  acc1=70.49%  acc2=69.83%  ens=70.16%  (best 70.79 @ ep 88)  [9.8s]
  ep  92: R(t)=0.777  l1=0.017  l2=0.019  acc1=70.94%  acc2=70.45%  ens=70.69%  (best 70.79 @ ep 88)  [5.1s]
  ep  93: R(t)=0.777  l1=0.019  l2=0.019  acc1=70.94%  acc2=70.34%  ens=70.64%  (best 70.79 @ ep 88)  [4.1s]
  ep  94: R(t)=0.777  l1=0.021  l2=0.021  acc1=70.66%  acc2=70.07%  ens=70.36%  (best 70.79 @ ep 88)  [4.3s]
  ep  95: R(t)=0.777  l1=0.016  l2=0.017  acc1=70.85%  acc2=70.16%  ens=70.50%  (best 70.79 @ ep 88)  [4.1s]
  ep  96: R(t)=0.777  l1=0.017  l2=0.018  acc1=70.80%  acc2=69.97%  ens=70.38%  (best 70.79 @ ep 88)  [4.3s]
  ep  97: R(t)=0.777  l1=0.019  l2=0.020  acc1=70.88%  acc2=70.47%  ens=70.67%  (best 70.79 @ ep 88)  [4.3s]
  ep  98: R(t)=0.777  l1=0.016  l2=0.016  acc1=71.11%  acc2=70.43%  ens=70.77%  (best 70.79 @ ep 88)  [4.3s]
  ep  99: R(t)=0.777  l1=0.018  l2=0.018  acc1=71.31%  acc2=70.39%  ens=70.85%  (best 70.85 @ ep 99)  [4.6s]

saved /path/to/ciln-workspace/journal_edition/robustness_transfer/results_v3/coteaching/ours__fog_sev3__seed2.json: best ens-acc 70.85% @ ep 99
[00:03:50] gpu 2: ours__motion_blur_sev3 seed 0 -> ../logs/coteaching_v3/ours__motion_blur_sev3__seed0.log
/path/to/ciln-workspace/venv/lib/python3.12/site-packages/torchvision/datasets/cifar.py:83: VisibleDeprecationWarning: dtype(): align should be passed as Python or NumPy boolean but got `align=0`. Did you mean to pass a tuple to create a subarray type? (Deprecated NumPy 2.4)
  entry = pickle.load(f, encoding="latin1")
condition=ours__motion_blur_sev3 seed=0 gpu=2
  ep   0: R(t)=1.000  l1=1.921  l2=1.851  acc1=29.08%  acc2=31.60%  ens=30.34%  (best 30.34 @ ep 0)  [5.2s]
  ep   1: R(t)=0.927  l1=1.460  l2=1.425  acc1=34.62%  acc2=33.84%  ens=34.23%  (best 34.23 @ ep 1)  [4.4s]
  ep   2: R(t)=0.897  l1=1.226  l2=1.232  acc1=41.69%  acc2=41.23%  ens=41.46%  (best 41.46 @ ep 2)  [4.3s]
  ep   3: R(t)=0.873  l1=1.071  l2=1.069  acc1=43.20%  acc2=42.65%  ens=42.93%  (best 42.93 @ ep 3)  [4.2s]
  ep   4: R(t)=0.854  l1=0.929  l2=0.928  acc1=44.29%  acc2=42.69%  ens=43.49%  (best 43.49 @ ep 4)  [7.6s]
  ep   5: R(t)=0.836  l1=0.834  l2=0.827  acc1=43.75%  acc2=45.79%  ens=44.77%  (best 44.77 @ ep 5)  [10.8s]
  ep   6: R(t)=0.821  l1=0.712  l2=0.705  acc1=42.96%  acc2=44.59%  ens=43.77%  (best 44.77 @ ep 5)  [9.6s]
  ep   7: R(t)=0.806  l1=0.645  l2=0.635  acc1=49.11%  acc2=49.35%  ens=49.23%  (best 49.23 @ ep 7)  [13.3s]
  ep   8: R(t)=0.793  l1=0.555  l2=0.558  acc1=48.40%  acc2=50.20%  ens=49.30%  (best 49.30 @ ep 8)  [4.1s]
  ep   9: R(t)=0.781  l1=0.500  l2=0.475  acc1=50.21%  acc2=48.95%  ens=49.58%  (best 49.58 @ ep 9)  [4.2s]
  ep  10: R(t)=0.769  l1=0.462  l2=0.450  acc1=54.76%  acc2=53.33%  ens=54.05%  (best 54.05 @ ep 10)  [4.3s]
  ep  11: R(t)=0.769  l1=0.371  l2=0.372  acc1=53.63%  acc2=56.98%  ens=55.31%  (best 55.31 @ ep 11)  [4.3s]
  ep  12: R(t)=0.769  l1=0.387  l2=0.384  acc1=50.08%  acc2=53.34%  ens=51.71%  (best 55.31 @ ep 11)  [4.4s]
  ep  13: R(t)=0.769  l1=0.369  l2=0.352  acc1=50.60%  acc2=57.06%  ens=53.83%  (best 55.31 @ ep 11)  [4.2s]
  ep  14: R(t)=0.769  l1=0.353  l2=0.344  acc1=51.73%  acc2=60.64%  ens=56.18%  (best 56.18 @ ep 14)  [4.3s]
  ep  15: R(t)=0.769  l1=0.321  l2=0.327  acc1=55.09%  acc2=60.94%  ens=58.01%  (best 58.01 @ ep 15)  [4.2s]
  ep  16: R(t)=0.769  l1=0.326  l2=0.309  acc1=57.00%  acc2=53.76%  ens=55.38%  (best 58.01 @ ep 15)  [4.1s]
  ep  17: R(t)=0.769  l1=0.287  l2=0.295  acc1=53.21%  acc2=54.94%  ens=54.08%  (best 58.01 @ ep 15)  [4.3s]
  ep  18: R(t)=0.769  l1=0.300  l2=0.309  acc1=52.53%  acc2=60.69%  ens=56.61%  (best 58.01 @ ep 15)  [4.2s]
  ep  19: R(t)=0.769  l1=0.280  l2=0.277  acc1=60.45%  acc2=54.38%  ens=57.41%  (best 58.01 @ ep 15)  [4.0s]
  ep  20: R(t)=0.769  l1=0.272  l2=0.291  acc1=62.48%  acc2=58.69%  ens=60.59%  (best 60.59 @ ep 20)  [4.3s]
  ep  21: R(t)=0.769  l1=0.253  l2=0.261  acc1=59.29%  acc2=53.04%  ens=56.16%  (best 60.59 @ ep 20)  [4.3s]
  ep  22: R(t)=0.769  l1=0.250  l2=0.254  acc1=55.19%  acc2=58.32%  ens=56.76%  (best 60.59 @ ep 20)  [4.4s]
  ep  23: R(t)=0.769  l1=0.247  l2=0.245  acc1=61.37%  acc2=57.60%  ens=59.48%  (best 60.59 @ ep 20)  [9.7s]
  ep  24: R(t)=0.769  l1=0.250  l2=0.252  acc1=60.88%  acc2=58.77%  ens=59.82%  (best 60.59 @ ep 20)  [12.8s]
  ep  25: R(t)=0.769  l1=0.231  l2=0.245  acc1=51.53%  acc2=53.43%  ens=52.48%  (best 60.59 @ ep 20)  [9.8s]
  ep  26: R(t)=0.769  l1=0.241  l2=0.245  acc1=55.55%  acc2=55.71%  ens=55.63%  (best 60.59 @ ep 20)  [9.9s]
  ep  27: R(t)=0.769  l1=0.231  l2=0.233  acc1=60.57%  acc2=60.37%  ens=60.47%  (best 60.59 @ ep 20)  [11.0s]
  ep  28: R(t)=0.769  l1=0.241  l2=0.238  acc1=62.90%  acc2=62.35%  ens=62.62%  (best 62.62 @ ep 28)  [6.9s]
  ep  29: R(t)=0.769  l1=0.224  l2=0.212  acc1=60.89%  acc2=58.91%  ens=59.90%  (best 62.62 @ ep 28)  [4.2s]
  ep  30: R(t)=0.769  l1=0.214  l2=0.211  acc1=60.93%  acc2=57.47%  ens=59.20%  (best 62.62 @ ep 28)  [4.3s]
  ep  31: R(t)=0.769  l1=0.211  l2=0.205  acc1=62.67%  acc2=57.78%  ens=60.22%  (best 62.62 @ ep 28)  [4.3s]
  ep  32: R(t)=0.769  l1=0.225  l2=0.223  acc1=65.54%  acc2=60.53%  ens=63.03%  (best 63.03 @ ep 32)  [4.5s]
  ep  33: R(t)=0.769  l1=0.182  l2=0.183  acc1=62.88%  acc2=62.51%  ens=62.70%  (best 63.03 @ ep 32)  [4.3s]
  ep  34: R(t)=0.769  l1=0.203  l2=0.194  acc1=61.53%  acc2=60.78%  ens=61.16%  (best 63.03 @ ep 32)  [4.4s]
  ep  35: R(t)=0.769  l1=0.196  l2=0.191  acc1=62.12%  acc2=63.82%  ens=62.97%  (best 63.03 @ ep 32)  [4.2s]
  ep  36: R(t)=0.769  l1=0.196  l2=0.195  acc1=61.13%  acc2=63.54%  ens=62.33%  (best 63.03 @ ep 32)  [4.2s]
  ep  37: R(t)=0.769  l1=0.198  l2=0.186  acc1=62.80%  acc2=62.15%  ens=62.48%  (best 63.03 @ ep 32)  [4.4s]
  ep  38: R(t)=0.769  l1=0.177  l2=0.175  acc1=65.53%  acc2=66.60%  ens=66.06%  (best 66.06 @ ep 38)  [4.3s]
  ep  39: R(t)=0.769  l1=0.175  l2=0.181  acc1=62.72%  acc2=64.54%  ens=63.63%  (best 66.06 @ ep 38)  [4.5s]
  ep  40: R(t)=0.769  l1=0.162  l2=0.161  acc1=59.89%  acc2=65.89%  ens=62.89%  (best 66.06 @ ep 38)  [4.1s]
  ep  41: R(t)=0.769  l1=0.176  l2=0.169  acc1=64.39%  acc2=64.46%  ens=64.42%  (best 66.06 @ ep 38)  [4.4s]
  ep  42: R(t)=0.769  l1=0.155  l2=0.158  acc1=63.88%  acc2=62.18%  ens=63.03%  (best 66.06 @ ep 38)  [5.5s]
  ep  43: R(t)=0.769  l1=0.161  l2=0.149  acc1=59.90%  acc2=57.33%  ens=58.61%  (best 66.06 @ ep 38)  [14.7s]
  ep  44: R(t)=0.769  l1=0.155  l2=0.170  acc1=65.21%  acc2=65.67%  ens=65.44%  (best 66.06 @ ep 38)  [10.0s]
  ep  45: R(t)=0.769  l1=0.161  l2=0.146  acc1=64.59%  acc2=63.67%  ens=64.13%  (best 66.06 @ ep 38)  [9.3s]
  ep  46: R(t)=0.769  l1=0.138  l2=0.142  acc1=57.25%  acc2=59.79%  ens=58.52%  (best 66.06 @ ep 38)  [12.5s]
  ep  47: R(t)=0.769  l1=0.158  l2=0.160  acc1=66.34%  acc2=67.57%  ens=66.95%  (best 66.95 @ ep 47)  [10.0s]
  ep  48: R(t)=0.769  l1=0.138  l2=0.135  acc1=65.73%  acc2=65.84%  ens=65.79%  (best 66.95 @ ep 47)  [4.3s]
  ep  49: R(t)=0.769  l1=0.135  l2=0.139  acc1=65.32%  acc2=66.96%  ens=66.14%  (best 66.95 @ ep 47)  [4.3s]
  ep  50: R(t)=0.769  l1=0.138  l2=0.131  acc1=65.28%  acc2=66.98%  ens=66.13%  (best 66.95 @ ep 47)  [4.3s]
  ep  51: R(t)=0.769  l1=0.141  l2=0.133  acc1=66.44%  acc2=66.12%  ens=66.28%  (best 66.95 @ ep 47)  [4.2s]
  ep  52: R(t)=0.769  l1=0.144  l2=0.136  acc1=66.62%  acc2=66.49%  ens=66.56%  (best 66.95 @ ep 47)  [4.5s]
  ep  53: R(t)=0.769  l1=0.121  l2=0.126  acc1=67.37%  acc2=68.59%  ens=67.98%  (best 67.98 @ ep 53)  [4.5s]
  ep  54: R(t)=0.769  l1=0.108  l2=0.107  acc1=67.89%  acc2=67.91%  ens=67.90%  (best 67.98 @ ep 53)  [4.4s]
  ep  55: R(t)=0.769  l1=0.130  l2=0.130  acc1=67.82%  acc2=67.48%  ens=67.65%  (best 67.98 @ ep 53)  [4.2s]
  ep  56: R(t)=0.769  l1=0.112  l2=0.108  acc1=62.06%  acc2=65.86%  ens=63.96%  (best 67.98 @ ep 53)  [4.5s]
  ep  57: R(t)=0.769  l1=0.108  l2=0.106  acc1=65.47%  acc2=64.04%  ens=64.75%  (best 67.98 @ ep 53)  [4.4s]
  ep  58: R(t)=0.769  l1=0.117  l2=0.113  acc1=69.26%  acc2=66.91%  ens=68.08%  (best 68.08 @ ep 58)  [4.4s]
  ep  59: R(t)=0.769  l1=0.097  l2=0.091  acc1=65.44%  acc2=67.96%  ens=66.70%  (best 68.08 @ ep 58)  [4.3s]
  ep  60: R(t)=0.769  l1=0.095  l2=0.089  acc1=67.27%  acc2=68.65%  ens=67.96%  (best 68.08 @ ep 58)  [4.3s]
  ep  61: R(t)=0.769  l1=0.087  l2=0.086  acc1=66.53%  acc2=66.16%  ens=66.34%  (best 68.08 @ ep 58)  [5.4s]
  ep  62: R(t)=0.769  l1=0.084  l2=0.074  acc1=69.18%  acc2=67.56%  ens=68.37%  (best 68.37 @ ep 62)  [10.1s]
  ep  63: R(t)=0.769  l1=0.093  l2=0.084  acc1=64.54%  acc2=68.03%  ens=66.28%  (best 68.37 @ ep 62)  [10.6s]
  ep  64: R(t)=0.769  l1=0.086  l2=0.081  acc1=65.02%  acc2=62.28%  ens=63.65%  (best 68.37 @ ep 62)  [10.1s]
  ep  65: R(t)=0.769  l1=0.076  l2=0.083  acc1=69.30%  acc2=68.90%  ens=69.10%  (best 69.10 @ ep 65)  [10.8s]
  ep  66: R(t)=0.769  l1=0.067  l2=0.064  acc1=68.55%  acc2=68.11%  ens=68.33%  (best 69.10 @ ep 65)  [9.6s]
  ep  67: R(t)=0.769  l1=0.061  l2=0.060  acc1=69.33%  acc2=70.74%  ens=70.03%  (best 70.03 @ ep 67)  [8.0s]
  ep  68: R(t)=0.769  l1=0.070  l2=0.064  acc1=68.92%  acc2=68.71%  ens=68.81%  (best 70.03 @ ep 67)  [4.4s]
  ep  69: R(t)=0.769  l1=0.061  l2=0.056  acc1=69.57%  acc2=69.36%  ens=69.47%  (best 70.03 @ ep 67)  [4.5s]
  ep  70: R(t)=0.769  l1=0.065  l2=0.071  acc1=68.06%  acc2=67.28%  ens=67.67%  (best 70.03 @ ep 67)  [4.3s]
  ep  71: R(t)=0.769  l1=0.071  l2=0.065  acc1=68.85%  acc2=69.89%  ens=69.37%  (best 70.03 @ ep 67)  [4.5s]
  ep  72: R(t)=0.769  l1=0.053  l2=0.049  acc1=68.35%  acc2=66.45%  ens=67.40%  (best 70.03 @ ep 67)  [4.4s]
  ep  73: R(t)=0.769  l1=0.048  l2=0.049  acc1=65.22%  acc2=67.76%  ens=66.49%  (best 70.03 @ ep 67)  [4.5s]
  ep  74: R(t)=0.769  l1=0.049  l2=0.051  acc1=68.96%  acc2=69.06%  ens=69.01%  (best 70.03 @ ep 67)  [4.5s]
  ep  75: R(t)=0.769  l1=0.037  l2=0.039  acc1=69.75%  acc2=69.46%  ens=69.61%  (best 70.03 @ ep 67)  [4.5s]
  ep  76: R(t)=0.769  l1=0.045  l2=0.043  acc1=68.35%  acc2=68.92%  ens=68.64%  (best 70.03 @ ep 67)  [4.3s]
  ep  77: R(t)=0.769  l1=0.036  l2=0.036  acc1=69.95%  acc2=70.22%  ens=70.08%  (best 70.08 @ ep 77)  [4.4s]
  ep  78: R(t)=0.769  l1=0.034  l2=0.033  acc1=68.35%  acc2=70.02%  ens=69.19%  (best 70.08 @ ep 77)  [4.4s]
  ep  79: R(t)=0.769  l1=0.032  l2=0.033  acc1=70.56%  acc2=71.00%  ens=70.78%  (best 70.78 @ ep 79)  [4.3s]
  ep  80: R(t)=0.769  l1=0.028  l2=0.028  acc1=70.26%  acc2=70.37%  ens=70.31%  (best 70.78 @ ep 79)  [4.4s]
  ep  81: R(t)=0.769  l1=0.030  l2=0.027  acc1=70.50%  acc2=69.86%  ens=70.18%  (best 70.78 @ ep 79)  [5.8s]
  ep  82: R(t)=0.769  l1=0.024  l2=0.022  acc1=69.59%  acc2=69.85%  ens=69.72%  (best 70.78 @ ep 79)  [5.4s]
  ep  83: R(t)=0.769  l1=0.027  l2=0.025  acc1=70.18%  acc2=70.76%  ens=70.47%  (best 70.78 @ ep 79)  [4.3s]
  ep  84: R(t)=0.769  l1=0.024  l2=0.022  acc1=69.89%  acc2=70.01%  ens=69.95%  (best 70.78 @ ep 79)  [4.4s]
  ep  85: R(t)=0.769  l1=0.024  l2=0.024  acc1=69.95%  acc2=69.82%  ens=69.88%  (best 70.78 @ ep 79)  [4.3s]
  ep  86: R(t)=0.769  l1=0.027  l2=0.026  acc1=69.55%  acc2=70.04%  ens=69.80%  (best 70.78 @ ep 79)  [4.4s]
  ep  87: R(t)=0.769  l1=0.019  l2=0.017  acc1=69.92%  acc2=70.48%  ens=70.20%  (best 70.78 @ ep 79)  [4.3s]
  ep  88: R(t)=0.769  l1=0.025  l2=0.025  acc1=69.80%  acc2=70.52%  ens=70.16%  (best 70.78 @ ep 79)  [4.2s]
  ep  89: R(t)=0.769  l1=0.021  l2=0.018  acc1=69.95%  acc2=70.62%  ens=70.28%  (best 70.78 @ ep 79)  [4.3s]
  ep  90: R(t)=0.769  l1=0.019  l2=0.019  acc1=70.20%  acc2=70.70%  ens=70.45%  (best 70.78 @ ep 79)  [4.4s]
  ep  91: R(t)=0.769  l1=0.026  l2=0.024  acc1=70.18%  acc2=70.84%  ens=70.51%  (best 70.78 @ ep 79)  [4.4s]
  ep  92: R(t)=0.769  l1=0.021  l2=0.018  acc1=70.30%  acc2=70.69%  ens=70.49%  (best 70.78 @ ep 79)  [4.2s]
  ep  93: R(t)=0.769  l1=0.017  l2=0.016  acc1=69.96%  acc2=70.35%  ens=70.16%  (best 70.78 @ ep 79)  [4.3s]
  ep  94: R(t)=0.769  l1=0.016  l2=0.016  acc1=70.25%  acc2=70.45%  ens=70.35%  (best 70.78 @ ep 79)  [4.3s]
  ep  95: R(t)=0.769  l1=0.017  l2=0.017  acc1=70.03%  acc2=70.61%  ens=70.32%  (best 70.78 @ ep 79)  [4.3s]
  ep  96: R(t)=0.769  l1=0.016  l2=0.015  acc1=70.21%  acc2=70.46%  ens=70.33%  (best 70.78 @ ep 79)  [7.3s]
  ep  97: R(t)=0.769  l1=0.016  l2=0.016  acc1=70.15%  acc2=70.54%  ens=70.34%  (best 70.78 @ ep 79)  [12.6s]
  ep  98: R(t)=0.769  l1=0.017  l2=0.017  acc1=70.22%  acc2=70.81%  ens=70.52%  (best 70.78 @ ep 79)  [9.6s]
  ep  99: R(t)=0.769  l1=0.017  l2=0.016  acc1=70.00%  acc2=70.27%  ens=70.13%  (best 70.78 @ ep 79)  [10.0s]

saved /path/to/ciln-workspace/journal_edition/robustness_transfer/results_v3/coteaching/ours__motion_blur_sev3__seed0.json: best ens-acc 70.78% @ ep 79
[00:13:46] gpu 2: ours__motion_blur_sev3 seed 1 -> ../logs/coteaching_v3/ours__motion_blur_sev3__seed1.log
/path/to/ciln-workspace/venv/lib/python3.12/site-packages/torchvision/datasets/cifar.py:83: VisibleDeprecationWarning: dtype(): align should be passed as Python or NumPy boolean but got `align=0`. Did you mean to pass a tuple to create a subarray type? (Deprecated NumPy 2.4)
  entry = pickle.load(f, encoding="latin1")
condition=ours__motion_blur_sev3 seed=1 gpu=2
  ep   0: R(t)=1.000  l1=1.843  l2=1.846  acc1=25.90%  acc2=26.85%  ens=26.38%  (best 26.38 @ ep 0)  [5.3s]
  ep   1: R(t)=0.927  l1=1.428  l2=1.398  acc1=33.13%  acc2=31.61%  ens=32.37%  (best 32.37 @ ep 1)  [4.5s]
  ep   2: R(t)=0.897  l1=1.194  l2=1.167  acc1=40.17%  acc2=41.56%  ens=40.87%  (best 40.87 @ ep 2)  [4.2s]
  ep   3: R(t)=0.873  l1=1.020  l2=0.991  acc1=44.74%  acc2=41.17%  ens=42.95%  (best 42.95 @ ep 3)  [4.5s]
  ep   4: R(t)=0.854  l1=0.868  l2=0.860  acc1=47.60%  acc2=43.42%  ens=45.51%  (best 45.51 @ ep 4)  [4.2s]
  ep   5: R(t)=0.836  l1=0.780  l2=0.788  acc1=46.23%  acc2=47.72%  ens=46.98%  (best 46.98 @ ep 5)  [4.2s]
  ep   6: R(t)=0.821  l1=0.669  l2=0.661  acc1=45.68%  acc2=45.36%  ens=45.52%  (best 46.98 @ ep 5)  [4.3s]
  ep   7: R(t)=0.806  l1=0.563  l2=0.556  acc1=53.39%  acc2=52.51%  ens=52.95%  (best 52.95 @ ep 7)  [4.2s]
  ep   8: R(t)=0.793  l1=0.526  l2=0.505  acc1=47.23%  acc2=53.48%  ens=50.36%  (best 52.95 @ ep 7)  [4.2s]
  ep   9: R(t)=0.781  l1=0.446  l2=0.435  acc1=49.26%  acc2=50.10%  ens=49.68%  (best 52.95 @ ep 7)  [4.5s]
  ep  10: R(t)=0.769  l1=0.388  l2=0.381  acc1=59.99%  acc2=55.65%  ens=57.82%  (best 57.82 @ ep 10)  [4.3s]
  ep  11: R(t)=0.769  l1=0.376  l2=0.372  acc1=53.04%  acc2=55.78%  ens=54.41%  (best 57.82 @ ep 10)  [4.3s]
  ep  12: R(t)=0.769  l1=0.363  l2=0.352  acc1=50.62%  acc2=46.39%  ens=48.50%  (best 57.82 @ ep 10)  [4.2s]
  ep  13: R(t)=0.769  l1=0.356  l2=0.350  acc1=55.05%  acc2=57.13%  ens=56.09%  (best 57.82 @ ep 10)  [9.1s]
  ep  14: R(t)=0.769  l1=0.307  l2=0.295  acc1=59.47%  acc2=60.26%  ens=59.87%  (best 59.87 @ ep 14)  [12.4s]
  ep  15: R(t)=0.769  l1=0.312  l2=0.304  acc1=52.76%  acc2=51.08%  ens=51.92%  (best 59.87 @ ep 14)  [4.4s]
  ep  16: R(t)=0.769  l1=0.310  l2=0.304  acc1=61.06%  acc2=62.75%  ens=61.91%  (best 61.91 @ ep 16)  [4.3s]
  ep  17: R(t)=0.769  l1=0.311  l2=0.289  acc1=59.34%  acc2=60.09%  ens=59.72%  (best 61.91 @ ep 16)  [4.3s]
  ep  18: R(t)=0.769  l1=0.298  l2=0.290  acc1=52.91%  acc2=58.69%  ens=55.80%  (best 61.91 @ ep 16)  [4.3s]
  ep  19: R(t)=0.769  l1=0.276  l2=0.257  acc1=60.80%  acc2=58.46%  ens=59.63%  (best 61.91 @ ep 16)  [4.2s]
  ep  20: R(t)=0.769  l1=0.265  l2=0.267  acc1=58.71%  acc2=55.49%  ens=57.10%  (best 61.91 @ ep 16)  [4.3s]
  ep  21: R(t)=0.769  l1=0.268  l2=0.251  acc1=57.35%  acc2=59.93%  ens=58.64%  (best 61.91 @ ep 16)  [4.5s]
  ep  22: R(t)=0.769  l1=0.259  l2=0.258  acc1=55.65%  acc2=58.80%  ens=57.22%  (best 61.91 @ ep 16)  [4.5s]
  ep  23: R(t)=0.769  l1=0.241  l2=0.233  acc1=61.64%  acc2=60.81%  ens=61.22%  (best 61.91 @ ep 16)  [4.4s]
  ep  24: R(t)=0.769  l1=0.223  l2=0.218  acc1=60.17%  acc2=60.02%  ens=60.09%  (best 61.91 @ ep 16)  [4.4s]
  ep  25: R(t)=0.769  l1=0.244  l2=0.235  acc1=64.79%  acc2=56.50%  ens=60.64%  (best 61.91 @ ep 16)  [4.1s]
  ep  26: R(t)=0.769  l1=0.217  l2=0.218  acc1=54.70%  acc2=56.95%  ens=55.83%  (best 61.91 @ ep 16)  [4.3s]
  ep  27: R(t)=0.769  l1=0.240  l2=0.239  acc1=62.60%  acc2=63.61%  ens=63.10%  (best 63.10 @ ep 27)  [4.4s]
  ep  28: R(t)=0.769  l1=0.234  l2=0.219  acc1=57.94%  acc2=62.36%  ens=60.15%  (best 63.10 @ ep 27)  [5.2s]
  ep  29: R(t)=0.769  l1=0.211  l2=0.211  acc1=59.65%  acc2=63.22%  ens=61.43%  (best 63.10 @ ep 27)  [9.8s]
  ep  30: R(t)=0.769  l1=0.220  l2=0.213  acc1=62.18%  acc2=61.89%  ens=62.03%  (best 63.10 @ ep 27)  [12.2s]
  ep  31: R(t)=0.769  l1=0.204  l2=0.192  acc1=59.85%  acc2=65.26%  ens=62.56%  (best 63.10 @ ep 27)  [4.3s]
  ep  32: R(t)=0.769  l1=0.210  l2=0.204  acc1=59.21%  acc2=52.09%  ens=55.65%  (best 63.10 @ ep 27)  [4.3s]
  ep  33: R(t)=0.769  l1=0.205  l2=0.208  acc1=58.41%  acc2=57.25%  ens=57.83%  (best 63.10 @ ep 27)  [4.2s]
  ep  34: R(t)=0.769  l1=0.201  l2=0.199  acc1=63.74%  acc2=64.19%  ens=63.97%  (best 63.97 @ ep 34)  [4.3s]
  ep  35: R(t)=0.769  l1=0.191  l2=0.190  acc1=65.43%  acc2=62.38%  ens=63.91%  (best 63.97 @ ep 34)  [4.3s]
  ep  36: R(t)=0.769  l1=0.189  l2=0.189  acc1=61.83%  acc2=61.16%  ens=61.49%  (best 63.97 @ ep 34)  [4.2s]
  ep  37: R(t)=0.769  l1=0.179  l2=0.183  acc1=61.17%  acc2=66.15%  ens=63.66%  (best 63.97 @ ep 34)  [4.3s]
  ep  38: R(t)=0.769  l1=0.184  l2=0.186  acc1=65.66%  acc2=66.16%  ens=65.91%  (best 65.91 @ ep 38)  [4.3s]
  ep  39: R(t)=0.769  l1=0.156  l2=0.151  acc1=63.50%  acc2=64.53%  ens=64.02%  (best 65.91 @ ep 38)  [4.5s]
  ep  40: R(t)=0.769  l1=0.179  l2=0.172  acc1=61.56%  acc2=65.08%  ens=63.32%  (best 65.91 @ ep 38)  [4.5s]
  ep  41: R(t)=0.769  l1=0.163  l2=0.164  acc1=64.65%  acc2=64.12%  ens=64.39%  (best 65.91 @ ep 38)  [4.6s]
  ep  42: R(t)=0.769  l1=0.179  l2=0.169  acc1=59.24%  acc2=64.68%  ens=61.96%  (best 65.91 @ ep 38)  [4.3s]
  ep  43: R(t)=0.769  l1=0.152  l2=0.145  acc1=63.74%  acc2=65.67%  ens=64.70%  (best 65.91 @ ep 38)  [4.4s]
  ep  44: R(t)=0.769  l1=0.160  l2=0.159  acc1=62.95%  acc2=64.33%  ens=63.64%  (best 65.91 @ ep 38)  [4.3s]
  ep  45: R(t)=0.769  l1=0.145  l2=0.143  acc1=62.45%  acc2=62.60%  ens=62.53%  (best 65.91 @ ep 38)  [8.3s]
  ep  46: R(t)=0.769  l1=0.143  l2=0.146  acc1=62.49%  acc2=61.88%  ens=62.19%  (best 65.91 @ ep 38)  [9.7s]
  ep  47: R(t)=0.769  l1=0.136  l2=0.141  acc1=64.63%  acc2=67.06%  ens=65.84%  (best 65.91 @ ep 38)  [8.3s]
  ep  48: R(t)=0.769  l1=0.149  l2=0.150  acc1=66.48%  acc2=64.48%  ens=65.48%  (best 65.91 @ ep 38)  [4.1s]
  ep  49: R(t)=0.769  l1=0.147  l2=0.143  acc1=65.65%  acc2=63.35%  ens=64.50%  (best 65.91 @ ep 38)  [4.2s]
  ep  50: R(t)=0.769  l1=0.125  l2=0.123  acc1=68.23%  acc2=63.92%  ens=66.07%  (best 66.07 @ ep 50)  [4.3s]
  ep  51: R(t)=0.769  l1=0.118  l2=0.114  acc1=65.75%  acc2=68.04%  ens=66.89%  (best 66.89 @ ep 51)  [4.4s]
  ep  52: R(t)=0.769  l1=0.130  l2=0.124  acc1=62.72%  acc2=62.24%  ens=62.48%  (best 66.89 @ ep 51)  [4.2s]
  ep  53: R(t)=0.769  l1=0.110  l2=0.113  acc1=67.24%  acc2=65.41%  ens=66.33%  (best 66.89 @ ep 51)  [4.3s]
  ep  54: R(t)=0.769  l1=0.125  l2=0.125  acc1=65.81%  acc2=65.34%  ens=65.58%  (best 66.89 @ ep 51)  [4.2s]
  ep  55: R(t)=0.769  l1=0.117  l2=0.110  acc1=68.18%  acc2=68.77%  ens=68.47%  (best 68.47 @ ep 55)  [4.5s]
  ep  56: R(t)=0.769  l1=0.123  l2=0.126  acc1=64.63%  acc2=61.58%  ens=63.10%  (best 68.47 @ ep 55)  [4.1s]
  ep  57: R(t)=0.769  l1=0.112  l2=0.110  acc1=63.21%  acc2=65.91%  ens=64.56%  (best 68.47 @ ep 55)  [4.3s]
  ep  58: R(t)=0.769  l1=0.103  l2=0.097  acc1=67.91%  acc2=66.38%  ens=67.14%  (best 68.47 @ ep 55)  [4.2s]
  ep  59: R(t)=0.769  l1=0.102  l2=0.099  acc1=68.57%  acc2=66.37%  ens=67.47%  (best 68.47 @ ep 55)  [4.2s]
  ep  60: R(t)=0.769  l1=0.091  l2=0.091  acc1=65.58%  acc2=66.44%  ens=66.01%  (best 68.47 @ ep 55)  [4.3s]
  ep  61: R(t)=0.769  l1=0.093  l2=0.091  acc1=70.33%  acc2=68.36%  ens=69.34%  (best 69.34 @ ep 61)  [4.4s]
  ep  62: R(t)=0.769  l1=0.077  l2=0.074  acc1=67.60%  acc2=65.76%  ens=66.68%  (best 69.34 @ ep 61)  [8.7s]
  ep  63: R(t)=0.769  l1=0.082  l2=0.076  acc1=69.83%  acc2=67.11%  ens=68.47%  (best 69.34 @ ep 61)  [10.6s]
  ep  64: R(t)=0.769  l1=0.073  l2=0.073  acc1=68.43%  acc2=69.23%  ens=68.83%  (best 69.34 @ ep 61)  [10.1s]
  ep  65: R(t)=0.769  l1=0.076  l2=0.075  acc1=67.44%  acc2=68.89%  ens=68.16%  (best 69.34 @ ep 61)  [4.3s]
  ep  66: R(t)=0.769  l1=0.079  l2=0.070  acc1=66.91%  acc2=69.39%  ens=68.15%  (best 69.34 @ ep 61)  [4.1s]
  ep  67: R(t)=0.769  l1=0.076  l2=0.074  acc1=66.95%  acc2=67.23%  ens=67.09%  (best 69.34 @ ep 61)  [4.5s]
  ep  68: R(t)=0.769  l1=0.068  l2=0.064  acc1=70.24%  acc2=68.86%  ens=69.55%  (best 69.55 @ ep 68)  [4.3s]
  ep  69: R(t)=0.769  l1=0.058  l2=0.056  acc1=67.70%  acc2=69.52%  ens=68.61%  (best 69.55 @ ep 68)  [4.4s]
  ep  70: R(t)=0.769  l1=0.048  l2=0.047  acc1=70.06%  acc2=68.78%  ens=69.42%  (best 69.55 @ ep 68)  [4.2s]
  ep  71: R(t)=0.769  l1=0.054  l2=0.053  acc1=67.82%  acc2=66.72%  ens=67.27%  (best 69.55 @ ep 68)  [4.4s]
  ep  72: R(t)=0.769  l1=0.048  l2=0.052  acc1=70.16%  acc2=70.00%  ens=70.08%  (best 70.08 @ ep 72)  [4.3s]
  ep  73: R(t)=0.769  l1=0.043  l2=0.045  acc1=70.16%  acc2=70.04%  ens=70.10%  (best 70.10 @ ep 73)  [4.4s]
  ep  74: R(t)=0.769  l1=0.035  l2=0.036  acc1=69.25%  acc2=69.58%  ens=69.42%  (best 70.10 @ ep 73)  [4.2s]
  ep  75: R(t)=0.769  l1=0.047  l2=0.045  acc1=68.96%  acc2=70.58%  ens=69.77%  (best 70.10 @ ep 73)  [4.2s]
  ep  76: R(t)=0.769  l1=0.042  l2=0.040  acc1=70.05%  acc2=69.86%  ens=69.95%  (best 70.10 @ ep 73)  [4.4s]
  ep  77: R(t)=0.769  l1=0.056  l2=0.052  acc1=70.87%  acc2=71.02%  ens=70.95%  (best 70.95 @ ep 77)  [4.2s]
  ep  78: R(t)=0.769  l1=0.046  l2=0.043  acc1=70.58%  acc2=69.52%  ens=70.05%  (best 70.95 @ ep 77)  [4.2s]
  ep  79: R(t)=0.769  l1=0.032  l2=0.032  acc1=71.31%  acc2=71.23%  ens=71.27%  (best 71.27 @ ep 79)  [9.0s]
  ep  80: R(t)=0.769  l1=0.028  l2=0.030  acc1=70.72%  acc2=70.28%  ens=70.50%  (best 71.27 @ ep 79)  [11.0s]
  ep  81: R(t)=0.769  l1=0.029  l2=0.027  acc1=69.86%  acc2=70.56%  ens=70.21%  (best 71.27 @ ep 79)  [9.4s]
  ep  82: R(t)=0.769  l1=0.026  l2=0.027  acc1=70.39%  acc2=70.31%  ens=70.35%  (best 71.27 @ ep 79)  [9.9s]
  ep  83: R(t)=0.769  l1=0.031  l2=0.031  acc1=70.76%  acc2=70.69%  ens=70.72%  (best 71.27 @ ep 79)  [10.6s]
  ep  84: R(t)=0.769  l1=0.027  l2=0.026  acc1=70.63%  acc2=70.77%  ens=70.70%  (best 71.27 @ ep 79)  [10.9s]
  ep  85: R(t)=0.769  l1=0.023  l2=0.022  acc1=70.14%  acc2=70.30%  ens=70.22%  (best 71.27 @ ep 79)  [6.3s]
  ep  86: R(t)=0.769  l1=0.021  l2=0.019  acc1=71.37%  acc2=70.99%  ens=71.18%  (best 71.27 @ ep 79)  [4.4s]
  ep  87: R(t)=0.769  l1=0.024  l2=0.025  acc1=70.48%  acc2=70.43%  ens=70.45%  (best 71.27 @ ep 79)  [4.4s]
  ep  88: R(t)=0.769  l1=0.023  l2=0.020  acc1=71.22%  acc2=70.93%  ens=71.08%  (best 71.27 @ ep 79)  [4.4s]
  ep  89: R(t)=0.769  l1=0.022  l2=0.021  acc1=70.65%  acc2=70.84%  ens=70.75%  (best 71.27 @ ep 79)  [4.4s]
  ep  90: R(t)=0.769  l1=0.021  l2=0.020  acc1=70.47%  acc2=70.40%  ens=70.44%  (best 71.27 @ ep 79)  [4.2s]
  ep  91: R(t)=0.769  l1=0.024  l2=0.022  acc1=70.66%  acc2=70.49%  ens=70.58%  (best 71.27 @ ep 79)  [4.5s]
  ep  92: R(t)=0.769  l1=0.019  l2=0.020  acc1=71.08%  acc2=71.06%  ens=71.07%  (best 71.27 @ ep 79)  [4.4s]
  ep  93: R(t)=0.769  l1=0.015  l2=0.015  acc1=70.77%  acc2=70.86%  ens=70.82%  (best 71.27 @ ep 79)  [4.3s]
  ep  94: R(t)=0.769  l1=0.019  l2=0.019  acc1=70.81%  acc2=70.62%  ens=70.71%  (best 71.27 @ ep 79)  [4.4s]
  ep  95: R(t)=0.769  l1=0.017  l2=0.016  acc1=70.59%  acc2=70.45%  ens=70.52%  (best 71.27 @ ep 79)  [4.4s]
  ep  96: R(t)=0.769  l1=0.017  l2=0.017  acc1=71.06%  acc2=71.02%  ens=71.04%  (best 71.27 @ ep 79)  [4.3s]
  ep  97: R(t)=0.769  l1=0.014  l2=0.016  acc1=70.81%  acc2=70.98%  ens=70.89%  (best 71.27 @ ep 79)  [4.2s]
  ep  98: R(t)=0.769  l1=0.018  l2=0.017  acc1=70.93%  acc2=70.76%  ens=70.84%  (best 71.27 @ ep 79)  [4.4s]
  ep  99: R(t)=0.769  l1=0.020  l2=0.018  acc1=71.00%  acc2=70.90%  ens=70.95%  (best 71.27 @ ep 79)  [4.3s]

saved /path/to/ciln-workspace/journal_edition/robustness_transfer/results_v3/coteaching/ours__motion_blur_sev3__seed1.json: best ens-acc 71.27% @ ep 79
[00:22:46] gpu 2: ours__motion_blur_sev3 seed 2 -> ../logs/coteaching_v3/ours__motion_blur_sev3__seed2.log
/path/to/ciln-workspace/venv/lib/python3.12/site-packages/torchvision/datasets/cifar.py:83: VisibleDeprecationWarning: dtype(): align should be passed as Python or NumPy boolean but got `align=0`. Did you mean to pass a tuple to create a subarray type? (Deprecated NumPy 2.4)
  entry = pickle.load(f, encoding="latin1")
condition=ours__motion_blur_sev3 seed=2 gpu=2
  ep   0: R(t)=1.000  l1=1.842  l2=1.857  acc1=31.16%  acc2=31.71%  ens=31.44%  (best 31.44 @ ep 0)  [11.2s]
  ep   1: R(t)=0.927  l1=1.420  l2=1.427  acc1=38.07%  acc2=37.70%  ens=37.89%  (best 37.89 @ ep 1)  [11.8s]
  ep   2: R(t)=0.897  l1=1.178  l2=1.202  acc1=35.26%  acc2=39.01%  ens=37.13%  (best 37.89 @ ep 1)  [8.6s]
  ep   3: R(t)=0.873  l1=0.997  l2=1.027  acc1=38.62%  acc2=42.18%  ens=40.40%  (best 40.40 @ ep 3)  [10.0s]
  ep   4: R(t)=0.854  l1=0.897  l2=0.915  acc1=46.78%  acc2=46.47%  ens=46.62%  (best 46.62 @ ep 4)  [8.9s]
  ep   5: R(t)=0.836  l1=0.775  l2=0.801  acc1=49.70%  acc2=49.84%  ens=49.77%  (best 49.77 @ ep 5)  [4.5s]
  ep   6: R(t)=0.821  l1=0.666  l2=0.695  acc1=50.26%  acc2=52.17%  ens=51.22%  (best 51.22 @ ep 6)  [4.4s]
  ep   7: R(t)=0.806  l1=0.592  l2=0.614  acc1=53.11%  acc2=48.35%  ens=50.73%  (best 51.22 @ ep 6)  [4.3s]
  ep   8: R(t)=0.793  l1=0.535  l2=0.559  acc1=50.13%  acc2=49.89%  ens=50.01%  (best 51.22 @ ep 6)  [4.4s]
  ep   9: R(t)=0.781  l1=0.448  l2=0.463  acc1=52.07%  acc2=48.84%  ens=50.46%  (best 51.22 @ ep 6)  [4.3s]
  ep  10: R(t)=0.769  l1=0.404  l2=0.415  acc1=54.08%  acc2=52.81%  ens=53.45%  (best 53.45 @ ep 10)  [4.1s]
  ep  11: R(t)=0.769  l1=0.390  l2=0.396  acc1=52.87%  acc2=52.08%  ens=52.48%  (best 53.45 @ ep 10)  [4.4s]
  ep  12: R(t)=0.769  l1=0.346  l2=0.361  acc1=58.22%  acc2=51.11%  ens=54.67%  (best 54.67 @ ep 12)  [4.2s]
  ep  13: R(t)=0.769  l1=0.354  l2=0.345  acc1=57.25%  acc2=52.58%  ens=54.92%  (best 54.92 @ ep 13)  [4.3s]
  ep  14: R(t)=0.769  l1=0.335  l2=0.332  acc1=56.35%  acc2=55.71%  ens=56.03%  (best 56.03 @ ep 14)  [4.3s]
  ep  15: R(t)=0.769  l1=0.315  l2=0.323  acc1=57.26%  acc2=58.49%  ens=57.88%  (best 57.88 @ ep 15)  [4.1s]
  ep  16: R(t)=0.769  l1=0.294  l2=0.303  acc1=53.05%  acc2=54.65%  ens=53.85%  (best 57.88 @ ep 15)  [4.3s]
  ep  17: R(t)=0.769  l1=0.305  l2=0.295  acc1=54.11%  acc2=53.43%  ens=53.77%  (best 57.88 @ ep 15)  [4.4s]
  ep  18: R(t)=0.769  l1=0.280  l2=0.289  acc1=60.32%  acc2=57.21%  ens=58.77%  (best 58.77 @ ep 18)  [5.9s]
  ep  19: R(t)=0.769  l1=0.273  l2=0.277  acc1=55.91%  acc2=58.21%  ens=57.06%  (best 58.77 @ ep 18)  [10.0s]
  ep  20: R(t)=0.769  l1=0.261  l2=0.266  acc1=58.54%  acc2=58.75%  ens=58.65%  (best 58.77 @ ep 18)  [10.5s]
  ep  21: R(t)=0.769  l1=0.250  l2=0.257  acc1=49.48%  acc2=56.92%  ens=53.20%  (best 58.77 @ ep 18)  [9.7s]
  ep  22: R(t)=0.769  l1=0.260  l2=0.261  acc1=61.91%  acc2=63.43%  ens=62.67%  (best 62.67 @ ep 22)  [4.3s]
  ep  23: R(t)=0.769  l1=0.247  l2=0.252  acc1=56.54%  acc2=59.13%  ens=57.84%  (best 62.67 @ ep 22)  [4.3s]
  ep  24: R(t)=0.769  l1=0.236  l2=0.248  acc1=59.17%  acc2=60.50%  ens=59.83%  (best 62.67 @ ep 22)  [4.1s]
  ep  25: R(t)=0.769  l1=0.222  l2=0.230  acc1=61.97%  acc2=62.63%  ens=62.30%  (best 62.67 @ ep 22)  [4.5s]
  ep  26: R(t)=0.769  l1=0.223  l2=0.234  acc1=58.62%  acc2=58.50%  ens=58.56%  (best 62.67 @ ep 22)  [4.3s]
  ep  27: R(t)=0.769  l1=0.228  l2=0.229  acc1=62.88%  acc2=58.79%  ens=60.83%  (best 62.67 @ ep 22)  [4.4s]
  ep  28: R(t)=0.769  l1=0.224  l2=0.224  acc1=63.46%  acc2=60.43%  ens=61.95%  (best 62.67 @ ep 22)  [4.4s]
  ep  29: R(t)=0.769  l1=0.211  l2=0.217  acc1=57.43%  acc2=61.39%  ens=59.41%  (best 62.67 @ ep 22)  [4.5s]
  ep  30: R(t)=0.769  l1=0.218  l2=0.229  acc1=54.30%  acc2=56.89%  ens=55.59%  (best 62.67 @ ep 22)  [4.2s]
  ep  31: R(t)=0.769  l1=0.223  l2=0.229  acc1=53.33%  acc2=54.09%  ens=53.71%  (best 62.67 @ ep 22)  [4.4s]
  ep  32: R(t)=0.769  l1=0.193  l2=0.198  acc1=60.83%  acc2=64.79%  ens=62.81%  (best 62.81 @ ep 32)  [4.4s]
  ep  33: R(t)=0.769  l1=0.205  l2=0.205  acc1=57.35%  acc2=60.19%  ens=58.77%  (best 62.81 @ ep 32)  [4.3s]
  ep  34: R(t)=0.769  l1=0.180  l2=0.173  acc1=55.02%  acc2=60.30%  ens=57.66%  (best 62.81 @ ep 32)  [4.2s]
  ep  35: R(t)=0.769  l1=0.179  l2=0.174  acc1=62.09%  acc2=58.67%  ens=60.38%  (best 62.81 @ ep 32)  [4.3s]
  ep  36: R(t)=0.769  l1=0.195  l2=0.199  acc1=62.50%  acc2=66.34%  ens=64.42%  (best 64.42 @ ep 36)  [7.9s]
  ep  37: R(t)=0.769  l1=0.184  l2=0.178  acc1=59.95%  acc2=61.37%  ens=60.66%  (best 64.42 @ ep 36)  [11.3s]
  ep  38: R(t)=0.769  l1=0.193  l2=0.190  acc1=66.58%  acc2=63.21%  ens=64.89%  (best 64.89 @ ep 38)  [5.5s]
  ep  39: R(t)=0.769  l1=0.170  l2=0.167  acc1=60.12%  acc2=63.73%  ens=61.92%  (best 64.89 @ ep 38)  [4.2s]
  ep  40: R(t)=0.769  l1=0.166  l2=0.174  acc1=61.30%  acc2=64.82%  ens=63.06%  (best 64.89 @ ep 38)  [4.2s]
  ep  41: R(t)=0.769  l1=0.172  l2=0.168  acc1=65.63%  acc2=63.48%  ens=64.56%  (best 64.89 @ ep 38)  [4.2s]
  ep  42: R(t)=0.769  l1=0.157  l2=0.157  acc1=65.65%  acc2=65.95%  ens=65.80%  (best 65.80 @ ep 42)  [4.3s]
  ep  43: R(t)=0.769  l1=0.157  l2=0.166  acc1=63.58%  acc2=58.94%  ens=61.26%  (best 65.80 @ ep 42)  [4.3s]
  ep  44: R(t)=0.769  l1=0.153  l2=0.161  acc1=66.82%  acc2=64.95%  ens=65.88%  (best 65.88 @ ep 44)  [4.3s]
  ep  45: R(t)=0.769  l1=0.146  l2=0.149  acc1=65.84%  acc2=65.97%  ens=65.90%  (best 65.90 @ ep 45)  [4.5s]
  ep  46: R(t)=0.769  l1=0.155  l2=0.158  acc1=63.38%  acc2=63.26%  ens=63.32%  (best 65.90 @ ep 45)  [4.2s]
  ep  47: R(t)=0.769  l1=0.147  l2=0.144  acc1=67.03%  acc2=64.87%  ens=65.95%  (best 65.95 @ ep 47)  [4.1s]
  ep  48: R(t)=0.769  l1=0.138  l2=0.145  acc1=64.71%  acc2=62.43%  ens=63.57%  (best 65.95 @ ep 47)  [4.4s]
  ep  49: R(t)=0.769  l1=0.140  l2=0.143  acc1=68.09%  acc2=66.80%  ens=67.44%  (best 67.44 @ ep 49)  [4.2s]
  ep  50: R(t)=0.769  l1=0.138  l2=0.130  acc1=66.65%  acc2=66.90%  ens=66.78%  (best 67.44 @ ep 49)  [4.4s]
  ep  51: R(t)=0.769  l1=0.121  l2=0.115  acc1=67.84%  acc2=67.12%  ens=67.48%  (best 67.48 @ ep 51)  [4.5s]
  ep  52: R(t)=0.769  l1=0.121  l2=0.126  acc1=62.72%  acc2=67.35%  ens=65.03%  (best 67.48 @ ep 51)  [5.3s]
  ep  53: R(t)=0.769  l1=0.132  l2=0.129  acc1=66.92%  acc2=66.61%  ens=66.77%  (best 67.48 @ ep 51)  [10.1s]
  ep  54: R(t)=0.769  l1=0.093  l2=0.100  acc1=66.29%  acc2=67.41%  ens=66.85%  (best 67.48 @ ep 51)  [9.0s]
  ep  55: R(t)=0.769  l1=0.105  l2=0.101  acc1=64.52%  acc2=67.25%  ens=65.88%  (best 67.48 @ ep 51)  [10.1s]
  ep  56: R(t)=0.769  l1=0.128  l2=0.130  acc1=68.74%  acc2=65.76%  ens=67.25%  (best 67.48 @ ep 51)  [11.6s]
  ep  57: R(t)=0.769  l1=0.104  l2=0.112  acc1=67.52%  acc2=64.92%  ens=66.22%  (best 67.48 @ ep 51)  [9.2s]
  ep  58: R(t)=0.769  l1=0.105  l2=0.102  acc1=66.71%  acc2=69.29%  ens=68.00%  (best 68.00 @ ep 58)  [9.2s]
  ep  59: R(t)=0.769  l1=0.088  l2=0.086  acc1=64.31%  acc2=66.39%  ens=65.35%  (best 68.00 @ ep 58)  [4.3s]
  ep  60: R(t)=0.769  l1=0.092  l2=0.086  acc1=70.04%  acc2=68.58%  ens=69.31%  (best 69.31 @ ep 60)  [4.4s]
  ep  61: R(t)=0.769  l1=0.097  l2=0.092  acc1=67.70%  acc2=67.12%  ens=67.41%  (best 69.31 @ ep 60)  [4.1s]
  ep  62: R(t)=0.769  l1=0.098  l2=0.094  acc1=70.25%  acc2=67.95%  ens=69.10%  (best 69.31 @ ep 60)  [4.4s]
  ep  63: R(t)=0.769  l1=0.090  l2=0.089  acc1=66.14%  acc2=65.73%  ens=65.94%  (best 69.31 @ ep 60)  [4.4s]
  ep  64: R(t)=0.769  l1=0.075  l2=0.073  acc1=68.16%  acc2=67.95%  ens=68.05%  (best 69.31 @ ep 60)  [4.4s]
  ep  65: R(t)=0.769  l1=0.078  l2=0.079  acc1=70.77%  acc2=69.78%  ens=70.28%  (best 70.28 @ ep 65)  [4.5s]
  ep  66: R(t)=0.769  l1=0.073  l2=0.070  acc1=68.21%  acc2=66.06%  ens=67.14%  (best 70.28 @ ep 65)  [4.3s]
  ep  67: R(t)=0.769  l1=0.073  l2=0.074  acc1=66.59%  acc2=66.42%  ens=66.51%  (best 70.28 @ ep 65)  [4.3s]
  ep  68: R(t)=0.769  l1=0.068  l2=0.061  acc1=67.91%  acc2=69.26%  ens=68.59%  (best 70.28 @ ep 65)  [4.3s]
  ep  69: R(t)=0.769  l1=0.063  l2=0.062  acc1=69.76%  acc2=70.39%  ens=70.08%  (best 70.28 @ ep 65)  [4.3s]
  ep  70: R(t)=0.769  l1=0.048  l2=0.051  acc1=69.20%  acc2=70.00%  ens=69.60%  (best 70.28 @ ep 65)  [4.3s]
  ep  71: R(t)=0.769  l1=0.047  l2=0.051  acc1=70.31%  acc2=69.60%  ens=69.95%  (best 70.28 @ ep 65)  [4.2s]
  ep  72: R(t)=0.769  l1=0.054  l2=0.053  acc1=69.89%  acc2=69.17%  ens=69.53%  (best 70.28 @ ep 65)  [4.3s]
  ep  73: R(t)=0.769  l1=0.045  l2=0.043  acc1=70.18%  acc2=70.45%  ens=70.31%  (best 70.31 @ ep 73)  [9.3s]
  ep  74: R(t)=0.769  l1=0.047  l2=0.047  acc1=68.82%  acc2=69.40%  ens=69.11%  (best 70.31 @ ep 73)  [8.5s]
  ep  75: R(t)=0.769  l1=0.047  l2=0.050  acc1=69.18%  acc2=68.42%  ens=68.80%  (best 70.31 @ ep 73)  [4.4s]
  ep  76: R(t)=0.769  l1=0.041  l2=0.042  acc1=69.39%  acc2=69.59%  ens=69.49%  (best 70.31 @ ep 73)  [4.4s]
  ep  77: R(t)=0.769  l1=0.035  l2=0.032  acc1=70.60%  acc2=70.63%  ens=70.62%  (best 70.62 @ ep 77)  [4.5s]
  ep  78: R(t)=0.769  l1=0.036  l2=0.039  acc1=70.00%  acc2=70.05%  ens=70.03%  (best 70.62 @ ep 77)  [4.4s]
  ep  79: R(t)=0.769  l1=0.035  l2=0.033  acc1=70.03%  acc2=69.36%  ens=69.69%  (best 70.62 @ ep 77)  [4.4s]
  ep  80: R(t)=0.769  l1=0.031  l2=0.031  acc1=70.45%  acc2=70.19%  ens=70.32%  (best 70.62 @ ep 77)  [4.5s]
  ep  81: R(t)=0.769  l1=0.029  l2=0.027  acc1=70.39%  acc2=69.74%  ens=70.06%  (best 70.62 @ ep 77)  [4.4s]
  ep  82: R(t)=0.769  l1=0.031  l2=0.031  acc1=69.82%  acc2=69.76%  ens=69.79%  (best 70.62 @ ep 77)  [4.2s]
  ep  83: R(t)=0.769  l1=0.027  l2=0.028  acc1=70.31%  acc2=69.96%  ens=70.13%  (best 70.62 @ ep 77)  [4.1s]
  ep  84: R(t)=0.769  l1=0.021  l2=0.021  acc1=70.64%  acc2=71.22%  ens=70.93%  (best 70.93 @ ep 84)  [4.3s]
  ep  85: R(t)=0.769  l1=0.023  l2=0.025  acc1=70.52%  acc2=70.39%  ens=70.45%  (best 70.93 @ ep 84)  [4.5s]
  ep  86: R(t)=0.769  l1=0.025  l2=0.023  acc1=70.29%  acc2=70.67%  ens=70.48%  (best 70.93 @ ep 84)  [4.7s]
  ep  87: R(t)=0.769  l1=0.021  l2=0.022  acc1=70.48%  acc2=70.67%  ens=70.58%  (best 70.93 @ ep 84)  [4.4s]
  ep  88: R(t)=0.769  l1=0.022  l2=0.023  acc1=70.23%  acc2=70.53%  ens=70.38%  (best 70.93 @ ep 84)  [5.0s]
  ep  89: R(t)=0.769  l1=0.022  l2=0.020  acc1=70.04%  acc2=70.24%  ens=70.14%  (best 70.93 @ ep 84)  [8.5s]
  ep  90: R(t)=0.769  l1=0.021  l2=0.020  acc1=70.41%  acc2=70.35%  ens=70.38%  (best 70.93 @ ep 84)  [4.4s]
  ep  91: R(t)=0.769  l1=0.020  l2=0.021  acc1=69.99%  acc2=70.41%  ens=70.20%  (best 70.93 @ ep 84)  [4.3s]
  ep  92: R(t)=0.769  l1=0.024  l2=0.026  acc1=70.49%  acc2=70.99%  ens=70.74%  (best 70.93 @ ep 84)  [4.4s]
  ep  93: R(t)=0.769  l1=0.016  l2=0.015  acc1=70.40%  acc2=70.82%  ens=70.61%  (best 70.93 @ ep 84)  [4.2s]
  ep  94: R(t)=0.769  l1=0.017  l2=0.015  acc1=70.38%  acc2=70.63%  ens=70.50%  (best 70.93 @ ep 84)  [4.3s]
  ep  95: R(t)=0.769  l1=0.016  l2=0.017  acc1=70.49%  acc2=70.74%  ens=70.62%  (best 70.93 @ ep 84)  [4.3s]
  ep  96: R(t)=0.769  l1=0.021  l2=0.020  acc1=70.47%  acc2=70.28%  ens=70.38%  (best 70.93 @ ep 84)  [4.2s]
  ep  97: R(t)=0.769  l1=0.014  l2=0.013  acc1=70.82%  acc2=70.99%  ens=70.91%  (best 70.93 @ ep 84)  [4.2s]
  ep  98: R(t)=0.769  l1=0.020  l2=0.022  acc1=70.74%  acc2=70.90%  ens=70.82%  (best 70.93 @ ep 84)  [4.2s]
  ep  99: R(t)=0.769  l1=0.017  l2=0.016  acc1=70.61%  acc2=70.90%  ens=70.75%  (best 70.93 @ ep 84)  [4.2s]

saved /path/to/ciln-workspace/journal_edition/robustness_transfer/results_v3/coteaching/ours__motion_blur_sev3__seed2.json: best ens-acc 70.93% @ ep 84
[00:31:58] gpu 2: ours__contrast_sev3 seed 0 -> ../logs/coteaching_v3/ours__contrast_sev3__seed0.log
/path/to/ciln-workspace/venv/lib/python3.12/site-packages/torchvision/datasets/cifar.py:83: VisibleDeprecationWarning: dtype(): align should be passed as Python or NumPy boolean but got `align=0`. Did you mean to pass a tuple to create a subarray type? (Deprecated NumPy 2.4)
  entry = pickle.load(f, encoding="latin1")
condition=ours__contrast_sev3 seed=0 gpu=2
  ep   0: R(t)=1.000  l1=1.819  l2=1.853  acc1=21.90%  acc2=23.87%  ens=22.88%  (best 22.88 @ ep 0)  [5.5s]
  ep   1: R(t)=0.853  l1=1.337  l2=1.313  acc1=25.24%  acc2=28.91%  ens=27.08%  (best 27.08 @ ep 1)  [4.5s]
  ep   2: R(t)=0.793  l1=1.157  l2=1.140  acc1=26.58%  acc2=25.36%  ens=25.97%  (best 27.08 @ ep 1)  [4.3s]
  ep   3: R(t)=0.746  l1=1.010  l2=0.999  acc1=29.02%  acc2=29.75%  ens=29.39%  (best 29.39 @ ep 3)  [4.4s]
  ep   4: R(t)=0.707  l1=0.874  l2=0.877  acc1=28.80%  acc2=27.14%  ens=27.97%  (best 29.39 @ ep 3)  [4.1s]
  ep   5: R(t)=0.672  l1=0.780  l2=0.779  acc1=26.81%  acc2=24.52%  ens=25.66%  (best 29.39 @ ep 3)  [4.2s]
  ep   6: R(t)=0.641  l1=0.673  l2=0.673  acc1=30.59%  acc2=31.42%  ens=31.00%  (best 31.00 @ ep 6)  [4.6s]
  ep   7: R(t)=0.612  l1=0.604  l2=0.610  acc1=28.26%  acc2=27.94%  ens=28.10%  (best 31.00 @ ep 6)  [4.4s]
  ep   8: R(t)=0.585  l1=0.530  l2=0.520  acc1=27.93%  acc2=28.07%  ens=28.00%  (best 31.00 @ ep 6)  [4.3s]
  ep   9: R(t)=0.560  l1=0.448  l2=0.442  acc1=31.16%  acc2=29.86%  ens=30.51%  (best 31.00 @ ep 6)  [4.6s]
  ep  10: R(t)=0.536  l1=0.405  l2=0.414  acc1=30.30%  acc2=29.87%  ens=30.09%  (best 31.00 @ ep 6)  [4.4s]
  ep  11: R(t)=0.536  l1=0.392  l2=0.400  acc1=26.67%  acc2=26.98%  ens=26.82%  (best 31.00 @ ep 6)  [4.3s]
  ep  12: R(t)=0.536  l1=0.355  l2=0.361  acc1=25.63%  acc2=29.28%  ens=27.45%  (best 31.00 @ ep 6)  [4.3s]
  ep  13: R(t)=0.536  l1=0.363  l2=0.371  acc1=33.74%  acc2=32.70%  ens=33.22%  (best 33.22 @ ep 13)  [4.2s]
  ep  14: R(t)=0.536  l1=0.328  l2=0.321  acc1=27.21%  acc2=29.69%  ens=28.45%  (best 33.22 @ ep 13)  [4.4s]
  ep  15: R(t)=0.536  l1=0.316  l2=0.306  acc1=29.62%  acc2=30.32%  ens=29.97%  (best 33.22 @ ep 13)  [5.3s]
  ep  16: R(t)=0.536  l1=0.295  l2=0.306  acc1=31.83%  acc2=31.42%  ens=31.63%  (best 33.22 @ ep 13)  [9.3s]
  ep  17: R(t)=0.536  l1=0.312  l2=0.321  acc1=31.39%  acc2=32.53%  ens=31.96%  (best 33.22 @ ep 13)  [11.8s]
  ep  18: R(t)=0.536  l1=0.289  l2=0.284  acc1=35.11%  acc2=33.73%  ens=34.42%  (best 34.42 @ ep 18)  [9.7s]
  ep  19: R(t)=0.536  l1=0.290  l2=0.291  acc1=33.68%  acc2=32.77%  ens=33.23%  (best 34.42 @ ep 18)  [10.3s]
  ep  20: R(t)=0.536  l1=0.283  l2=0.277  acc1=31.48%  acc2=30.78%  ens=31.13%  (best 34.42 @ ep 18)  [11.5s]
  ep  21: R(t)=0.536  l1=0.253  l2=0.255  acc1=29.87%  acc2=30.39%  ens=30.13%  (best 34.42 @ ep 18)  [10.3s]
  ep  22: R(t)=0.536  l1=0.272  l2=0.277  acc1=31.55%  acc2=31.69%  ens=31.62%  (best 34.42 @ ep 18)  [5.5s]
  ep  23: R(t)=0.536  l1=0.266  l2=0.267  acc1=35.75%  acc2=32.80%  ens=34.27%  (best 34.42 @ ep 18)  [4.3s]
  ep  24: R(t)=0.536  l1=0.251  l2=0.249  acc1=34.93%  acc2=33.37%  ens=34.15%  (best 34.42 @ ep 18)  [4.2s]
  ep  25: R(t)=0.536  l1=0.268  l2=0.271  acc1=36.47%  acc2=35.60%  ens=36.04%  (best 36.04 @ ep 25)  [4.2s]
  ep  26: R(t)=0.536  l1=0.252  l2=0.260  acc1=35.28%  acc2=35.47%  ens=35.38%  (best 36.04 @ ep 25)  [4.1s]
  ep  27: R(t)=0.536  l1=0.235  l2=0.228  acc1=34.74%  acc2=34.57%  ens=34.66%  (best 36.04 @ ep 25)  [4.4s]
  ep  28: R(t)=0.536  l1=0.228  l2=0.228  acc1=33.53%  acc2=36.47%  ens=35.00%  (best 36.04 @ ep 25)  [4.3s]
  ep  29: R(t)=0.536  l1=0.221  l2=0.216  acc1=34.33%  acc2=33.79%  ens=34.06%  (best 36.04 @ ep 25)  [4.3s]
  ep  30: R(t)=0.536  l1=0.232  l2=0.231  acc1=29.98%  acc2=32.34%  ens=31.16%  (best 36.04 @ ep 25)  [4.3s]
  ep  31: R(t)=0.536  l1=0.233  l2=0.233  acc1=36.05%  acc2=35.90%  ens=35.98%  (best 36.04 @ ep 25)  [4.5s]
  ep  32: R(t)=0.536  l1=0.208  l2=0.208  acc1=37.76%  acc2=36.23%  ens=36.99%  (best 36.99 @ ep 32)  [4.5s]
  ep  33: R(t)=0.536  l1=0.219  l2=0.210  acc1=36.40%  acc2=36.64%  ens=36.52%  (best 36.99 @ ep 32)  [4.4s]
  ep  34: R(t)=0.536  l1=0.192  l2=0.192  acc1=33.32%  acc2=32.89%  ens=33.11%  (best 36.99 @ ep 32)  [4.6s]
  ep  35: R(t)=0.536  l1=0.209  l2=0.207  acc1=35.56%  acc2=39.31%  ens=37.44%  (best 37.44 @ ep 35)  [4.3s]
  ep  36: R(t)=0.536  l1=0.201  l2=0.212  acc1=35.81%  acc2=35.80%  ens=35.80%  (best 37.44 @ ep 35)  [4.3s]
  ep  37: R(t)=0.536  l1=0.180  l2=0.192  acc1=30.93%  acc2=34.69%  ens=32.81%  (best 37.44 @ ep 35)  [10.1s]
  ep  38: R(t)=0.536  l1=0.215  l2=0.223  acc1=37.35%  acc2=35.54%  ens=36.45%  (best 37.44 @ ep 35)  [9.6s]
  ep  39: R(t)=0.536  l1=0.186  l2=0.184  acc1=35.90%  acc2=35.85%  ens=35.88%  (best 37.44 @ ep 35)  [10.9s]
  ep  40: R(t)=0.536  l1=0.173  l2=0.180  acc1=34.41%  acc2=35.65%  ens=35.03%  (best 37.44 @ ep 35)  [9.8s]
  ep  41: R(t)=0.536  l1=0.186  l2=0.189  acc1=39.69%  acc2=37.59%  ens=38.64%  (best 38.64 @ ep 41)  [10.1s]
  ep  42: R(t)=0.536  l1=0.176  l2=0.170  acc1=34.04%  acc2=37.63%  ens=35.84%  (best 38.64 @ ep 41)  [12.2s]
  ep  43: R(t)=0.536  l1=0.173  l2=0.167  acc1=36.83%  acc2=36.58%  ens=36.70%  (best 38.64 @ ep 41)  [7.8s]
  ep  44: R(t)=0.536  l1=0.169  l2=0.169  acc1=36.11%  acc2=35.93%  ens=36.02%  (best 38.64 @ ep 41)  [4.3s]
  ep  45: R(t)=0.536  l1=0.174  l2=0.167  acc1=35.50%  acc2=36.49%  ens=35.99%  (best 38.64 @ ep 41)  [4.4s]
  ep  46: R(t)=0.536  l1=0.186  l2=0.191  acc1=37.48%  acc2=37.28%  ens=37.38%  (best 38.64 @ ep 41)  [4.1s]
  ep  47: R(t)=0.536  l1=0.159  l2=0.160  acc1=34.89%  acc2=36.37%  ens=35.63%  (best 38.64 @ ep 41)  [4.5s]
  ep  48: R(t)=0.536  l1=0.178  l2=0.171  acc1=40.29%  acc2=39.80%  ens=40.04%  (best 40.04 @ ep 48)  [4.3s]
  ep  49: R(t)=0.536  l1=0.144  l2=0.158  acc1=34.46%  acc2=37.57%  ens=36.02%  (best 40.04 @ ep 48)  [4.3s]
  ep  50: R(t)=0.536  l1=0.153  l2=0.143  acc1=35.02%  acc2=33.81%  ens=34.41%  (best 40.04 @ ep 48)  [4.2s]
  ep  51: R(t)=0.536  l1=0.137  l2=0.140  acc1=36.79%  acc2=37.46%  ens=37.12%  (best 40.04 @ ep 48)  [4.3s]
  ep  52: R(t)=0.536  l1=0.142  l2=0.150  acc1=37.54%  acc2=37.18%  ens=37.36%  (best 40.04 @ ep 48)  [4.4s]
  ep  53: R(t)=0.536  l1=0.168  l2=0.168  acc1=37.35%  acc2=39.18%  ens=38.27%  (best 40.04 @ ep 48)  [4.3s]
  ep  54: R(t)=0.536  l1=0.140  l2=0.137  acc1=37.89%  acc2=35.30%  ens=36.59%  (best 40.04 @ ep 48)  [4.3s]
  ep  55: R(t)=0.536  l1=0.139  l2=0.132  acc1=36.29%  acc2=37.26%  ens=36.78%  (best 40.04 @ ep 48)  [4.3s]
  ep  56: R(t)=0.536  l1=0.130  l2=0.134  acc1=35.29%  acc2=35.19%  ens=35.24%  (best 40.04 @ ep 48)  [4.3s]
  ep  57: R(t)=0.536  l1=0.136  l2=0.128  acc1=35.75%  acc2=35.57%  ens=35.66%  (best 40.04 @ ep 48)  [4.6s]
  ep  58: R(t)=0.536  l1=0.126  l2=0.122  acc1=37.36%  acc2=39.41%  ens=38.39%  (best 40.04 @ ep 48)  [9.5s]
  ep  59: R(t)=0.536  l1=0.118  l2=0.118  acc1=37.09%  acc2=36.31%  ens=36.70%  (best 40.04 @ ep 48)  [8.0s]
  ep  60: R(t)=0.536  l1=0.113  l2=0.117  acc1=37.08%  acc2=34.78%  ens=35.93%  (best 40.04 @ ep 48)  [4.2s]
  ep  61: R(t)=0.536  l1=0.113  l2=0.114  acc1=38.11%  acc2=35.25%  ens=36.68%  (best 40.04 @ ep 48)  [4.3s]
  ep  62: R(t)=0.536  l1=0.116  l2=0.120  acc1=35.12%  acc2=34.65%  ens=34.88%  (best 40.04 @ ep 48)  [4.2s]
  ep  63: R(t)=0.536  l1=0.105  l2=0.104  acc1=34.63%  acc2=34.49%  ens=34.56%  (best 40.04 @ ep 48)  [4.2s]
  ep  64: R(t)=0.536  l1=0.108  l2=0.106  acc1=34.68%  acc2=33.52%  ens=34.10%  (best 40.04 @ ep 48)  [4.4s]
  ep  65: R(t)=0.536  l1=0.096  l2=0.102  acc1=38.78%  acc2=38.78%  ens=38.78%  (best 40.04 @ ep 48)  [4.4s]
  ep  66: R(t)=0.536  l1=0.092  l2=0.089  acc1=39.05%  acc2=40.30%  ens=39.68%  (best 40.04 @ ep 48)  [4.3s]
  ep  67: R(t)=0.536  l1=0.084  l2=0.088  acc1=38.31%  acc2=38.69%  ens=38.50%  (best 40.04 @ ep 48)  [4.5s]
  ep  68: R(t)=0.536  l1=0.095  l2=0.096  acc1=38.30%  acc2=38.28%  ens=38.29%  (best 40.04 @ ep 48)  [4.2s]
  ep  69: R(t)=0.536  l1=0.086  l2=0.092  acc1=36.61%  acc2=37.43%  ens=37.02%  (best 40.04 @ ep 48)  [4.2s]
  ep  70: R(t)=0.536  l1=0.071  l2=0.071  acc1=38.36%  acc2=38.23%  ens=38.30%  (best 40.04 @ ep 48)  [4.4s]
  ep  71: R(t)=0.536  l1=0.082  l2=0.084  acc1=37.10%  acc2=38.08%  ens=37.59%  (best 40.04 @ ep 48)  [4.3s]
  ep  72: R(t)=0.536  l1=0.071  l2=0.067  acc1=36.91%  acc2=35.71%  ens=36.31%  (best 40.04 @ ep 48)  [4.3s]
  ep  73: R(t)=0.536  l1=0.074  l2=0.072  acc1=36.57%  acc2=36.64%  ens=36.60%  (best 40.04 @ ep 48)  [4.7s]
  ep  74: R(t)=0.536  l1=0.068  l2=0.063  acc1=38.52%  acc2=40.13%  ens=39.32%  (best 40.04 @ ep 48)  [9.6s]
  ep  75: R(t)=0.536  l1=0.080  l2=0.082  acc1=37.13%  acc2=37.35%  ens=37.24%  (best 40.04 @ ep 48)  [11.5s]
  ep  76: R(t)=0.536  l1=0.062  l2=0.062  acc1=38.34%  acc2=39.51%  ens=38.92%  (best 40.04 @ ep 48)  [10.2s]
  ep  77: R(t)=0.536  l1=0.052  l2=0.053  acc1=38.61%  acc2=37.59%  ens=38.10%  (best 40.04 @ ep 48)  [10.1s]
  ep  78: R(t)=0.536  l1=0.055  l2=0.052  acc1=37.27%  acc2=37.35%  ens=37.31%  (best 40.04 @ ep 48)  [12.5s]
  ep  79: R(t)=0.536  l1=0.046  l2=0.046  acc1=40.19%  acc2=39.89%  ens=40.04%  (best 40.04 @ ep 48)  [9.9s]
  ep  80: R(t)=0.536  l1=0.045  l2=0.043  acc1=38.49%  acc2=37.86%  ens=38.18%  (best 40.04 @ ep 48)  [7.6s]
  ep  81: R(t)=0.536  l1=0.045  l2=0.042  acc1=38.64%  acc2=37.88%  ens=38.26%  (best 40.04 @ ep 48)  [4.3s]
  ep  82: R(t)=0.536  l1=0.036  l2=0.038  acc1=38.28%  acc2=39.50%  ens=38.89%  (best 40.04 @ ep 48)  [4.6s]
  ep  83: R(t)=0.536  l1=0.034  l2=0.034  acc1=38.69%  acc2=38.20%  ens=38.45%  (best 40.04 @ ep 48)  [4.3s]
  ep  84: R(t)=0.536  l1=0.040  l2=0.041  acc1=38.57%  acc2=39.10%  ens=38.83%  (best 40.04 @ ep 48)  [4.5s]
  ep  85: R(t)=0.536  l1=0.037  l2=0.034  acc1=38.49%  acc2=38.34%  ens=38.41%  (best 40.04 @ ep 48)  [4.4s]
  ep  86: R(t)=0.536  l1=0.036  l2=0.033  acc1=38.35%  acc2=38.64%  ens=38.50%  (best 40.04 @ ep 48)  [4.4s]
  ep  87: R(t)=0.536  l1=0.031  l2=0.028  acc1=38.52%  acc2=38.25%  ens=38.39%  (best 40.04 @ ep 48)  [4.5s]
  ep  88: R(t)=0.536  l1=0.035  l2=0.036  acc1=38.14%  acc2=38.18%  ens=38.16%  (best 40.04 @ ep 48)  [4.5s]
  ep  89: R(t)=0.536  l1=0.032  l2=0.032  acc1=38.15%  acc2=38.72%  ens=38.43%  (best 40.04 @ ep 48)  [4.3s]
  ep  90: R(t)=0.536  l1=0.032  l2=0.032  acc1=38.67%  acc2=38.74%  ens=38.70%  (best 40.04 @ ep 48)  [4.1s]
  ep  91: R(t)=0.536  l1=0.031  l2=0.032  acc1=38.60%  acc2=38.91%  ens=38.76%  (best 40.04 @ ep 48)  [4.4s]
  ep  92: R(t)=0.536  l1=0.031  l2=0.031  acc1=38.86%  acc2=39.19%  ens=39.02%  (best 40.04 @ ep 48)  [4.4s]
  ep  93: R(t)=0.536  l1=0.026  l2=0.027  acc1=38.49%  acc2=38.44%  ens=38.47%  (best 40.04 @ ep 48)  [4.3s]
  ep  94: R(t)=0.536  l1=0.029  l2=0.029  acc1=38.32%  acc2=38.47%  ens=38.40%  (best 40.04 @ ep 48)  [6.9s]
  ep  95: R(t)=0.536  l1=0.027  l2=0.026  acc1=38.73%  acc2=38.99%  ens=38.86%  (best 40.04 @ ep 48)  [10.2s]
  ep  96: R(t)=0.536  l1=0.037  l2=0.038  acc1=38.60%  acc2=38.84%  ens=38.72%  (best 40.04 @ ep 48)  [10.1s]
  ep  97: R(t)=0.536  l1=0.028  l2=0.027  acc1=38.68%  acc2=38.71%  ens=38.70%  (best 40.04 @ ep 48)  [8.1s]
  ep  98: R(t)=0.536  l1=0.024  l2=0.025  acc1=38.62%  acc2=38.75%  ens=38.69%  (best 40.04 @ ep 48)  [4.3s]
  ep  99: R(t)=0.536  l1=0.025  l2=0.026  acc1=38.46%  acc2=38.68%  ens=38.57%  (best 40.04 @ ep 48)  [4.4s]

saved /path/to/ciln-workspace/journal_edition/robustness_transfer/results_v3/coteaching/ours__contrast_sev3__seed0.json: best ens-acc 40.04% @ ep 48
[00:41:49] gpu 2: ours__contrast_sev3 seed 1 -> ../logs/coteaching_v3/ours__contrast_sev3__seed1.log
/path/to/ciln-workspace/venv/lib/python3.12/site-packages/torchvision/datasets/cifar.py:83: VisibleDeprecationWarning: dtype(): align should be passed as Python or NumPy boolean but got `align=0`. Did you mean to pass a tuple to create a subarray type? (Deprecated NumPy 2.4)
  entry = pickle.load(f, encoding="latin1")
condition=ours__contrast_sev3 seed=1 gpu=2
  ep   0: R(t)=1.000  l1=1.820  l2=1.820  acc1=24.41%  acc2=19.96%  ens=22.18%  (best 22.18 @ ep 0)  [5.5s]
  ep   1: R(t)=0.853  l1=1.329  l2=1.326  acc1=25.00%  acc2=25.93%  ens=25.46%  (best 25.46 @ ep 1)  [4.2s]
  ep   2: R(t)=0.793  l1=1.114  l2=1.124  acc1=26.61%  acc2=27.14%  ens=26.88%  (best 26.88 @ ep 2)  [4.3s]
  ep   3: R(t)=0.746  l1=0.979  l2=0.979  acc1=26.56%  acc2=26.07%  ens=26.31%  (best 26.88 @ ep 2)  [4.4s]
  ep   4: R(t)=0.707  l1=0.849  l2=0.855  acc1=28.83%  acc2=29.96%  ens=29.39%  (best 29.39 @ ep 4)  [4.2s]
  ep   5: R(t)=0.672  l1=0.785  l2=0.783  acc1=30.87%  acc2=29.40%  ens=30.14%  (best 30.14 @ ep 5)  [4.3s]
  ep   6: R(t)=0.641  l1=0.660  l2=0.669  acc1=28.68%  acc2=30.25%  ens=29.46%  (best 30.14 @ ep 5)  [4.3s]
  ep   7: R(t)=0.612  l1=0.576  l2=0.581  acc1=31.96%  acc2=31.84%  ens=31.90%  (best 31.90 @ ep 7)  [4.3s]
  ep   8: R(t)=0.585  l1=0.489  l2=0.492  acc1=25.19%  acc2=26.80%  ens=26.00%  (best 31.90 @ ep 7)  [4.3s]
  ep   9: R(t)=0.560  l1=0.424  l2=0.429  acc1=29.86%  acc2=30.62%  ens=30.24%  (best 31.90 @ ep 7)  [5.8s]
  ep  10: R(t)=0.536  l1=0.363  l2=0.373  acc1=27.40%  acc2=28.37%  ens=27.89%  (best 31.90 @ ep 7)  [9.0s]
  ep  11: R(t)=0.536  l1=0.358  l2=0.359  acc1=30.43%  acc2=33.09%  ens=31.76%  (best 31.90 @ ep 7)  [9.1s]
  ep  12: R(t)=0.536  l1=0.339  l2=0.342  acc1=33.46%  acc2=34.55%  ens=34.00%  (best 34.00 @ ep 12)  [4.4s]
  ep  13: R(t)=0.536  l1=0.310  l2=0.311  acc1=35.30%  acc2=32.62%  ens=33.96%  (best 34.00 @ ep 12)  [4.5s]
  ep  14: R(t)=0.536  l1=0.360  l2=0.354  acc1=32.13%  acc2=32.75%  ens=32.44%  (best 34.00 @ ep 12)  [4.5s]
  ep  15: R(t)=0.536  l1=0.290  l2=0.298  acc1=31.18%  acc2=33.97%  ens=32.57%  (best 34.00 @ ep 12)  [4.3s]
  ep  16: R(t)=0.536  l1=0.308  l2=0.315  acc1=36.18%  acc2=40.38%  ens=38.28%  (best 38.28 @ ep 16)  [4.2s]
  ep  17: R(t)=0.536  l1=0.282  l2=0.282  acc1=31.14%  acc2=31.74%  ens=31.44%  (best 38.28 @ ep 16)  [4.4s]
  ep  18: R(t)=0.536  l1=0.277  l2=0.292  acc1=34.68%  acc2=33.45%  ens=34.06%  (best 38.28 @ ep 16)  [4.4s]
  ep  19: R(t)=0.536  l1=0.274  l2=0.282  acc1=33.45%  acc2=34.39%  ens=33.92%  (best 38.28 @ ep 16)  [4.4s]
  ep  20: R(t)=0.536  l1=0.284  l2=0.300  acc1=34.17%  acc2=34.18%  ens=34.17%  (best 38.28 @ ep 16)  [4.5s]
  ep  21: R(t)=0.536  l1=0.259  l2=0.257  acc1=33.75%  acc2=36.77%  ens=35.26%  (best 38.28 @ ep 16)  [4.6s]
  ep  22: R(t)=0.536  l1=0.248  l2=0.261  acc1=30.95%  acc2=34.53%  ens=32.74%  (best 38.28 @ ep 16)  [4.4s]
  ep  23: R(t)=0.536  l1=0.269  l2=0.273  acc1=31.74%  acc2=33.81%  ens=32.77%  (best 38.28 @ ep 16)  [4.4s]
  ep  24: R(t)=0.536  l1=0.274  l2=0.260  acc1=35.08%  acc2=35.21%  ens=35.15%  (best 38.28 @ ep 16)  [4.4s]
  ep  25: R(t)=0.536  l1=0.257  l2=0.260  acc1=33.49%  acc2=33.65%  ens=33.57%  (best 38.28 @ ep 16)  [8.9s]
  ep  26: R(t)=0.536  l1=0.226  l2=0.237  acc1=31.88%  acc2=35.74%  ens=33.81%  (best 38.28 @ ep 16)  [11.6s]
  ep  27: R(t)=0.536  l1=0.272  l2=0.263  acc1=32.94%  acc2=31.13%  ens=32.04%  (best 38.28 @ ep 16)  [9.8s]
  ep  28: R(t)=0.536  l1=0.242  l2=0.235  acc1=36.34%  acc2=35.39%  ens=35.87%  (best 38.28 @ ep 16)  [9.7s]
  ep  29: R(t)=0.536  l1=0.226  l2=0.221  acc1=38.10%  acc2=39.37%  ens=38.73%  (best 38.73 @ ep 29)  [8.5s]
  ep  30: R(t)=0.536  l1=0.241  l2=0.237  acc1=35.72%  acc2=35.57%  ens=35.65%  (best 38.73 @ ep 29)  [4.3s]
  ep  31: R(t)=0.536  l1=0.210  l2=0.215  acc1=40.04%  acc2=37.25%  ens=38.64%  (best 38.73 @ ep 29)  [4.3s]
  ep  32: R(t)=0.536  l1=0.215  l2=0.224  acc1=33.45%  acc2=33.96%  ens=33.70%  (best 38.73 @ ep 29)  [4.4s]
  ep  33: R(t)=0.536  l1=0.216  l2=0.221  acc1=35.76%  acc2=37.52%  ens=36.64%  (best 38.73 @ ep 29)  [4.4s]
  ep  34: R(t)=0.536  l1=0.202  l2=0.194  acc1=35.40%  acc2=33.97%  ens=34.69%  (best 38.73 @ ep 29)  [4.3s]
  ep  35: R(t)=0.536  l1=0.201  l2=0.192  acc1=35.88%  acc2=35.09%  ens=35.48%  (best 38.73 @ ep 29)  [4.2s]
  ep  36: R(t)=0.536  l1=0.205  l2=0.203  acc1=37.28%  acc2=35.16%  ens=36.22%  (best 38.73 @ ep 29)  [4.4s]
  ep  37: R(t)=0.536  l1=0.184  l2=0.181  acc1=38.68%  acc2=39.95%  ens=39.31%  (best 39.31 @ ep 37)  [4.6s]
  ep  38: R(t)=0.536  l1=0.181  l2=0.180  acc1=38.08%  acc2=39.08%  ens=38.58%  (best 39.31 @ ep 37)  [4.4s]
  ep  39: R(t)=0.536  l1=0.166  l2=0.184  acc1=39.37%  acc2=38.20%  ens=38.79%  (best 39.31 @ ep 37)  [4.4s]
  ep  40: R(t)=0.536  l1=0.210  l2=0.201  acc1=39.00%  acc2=38.97%  ens=38.98%  (best 39.31 @ ep 37)  [4.5s]
  ep  41: R(t)=0.536  l1=0.204  l2=0.203  acc1=37.21%  acc2=38.84%  ens=38.02%  (best 39.31 @ ep 37)  [4.5s]
  ep  42: R(t)=0.536  l1=0.157  l2=0.161  acc1=34.62%  acc2=37.12%  ens=35.87%  (best 39.31 @ ep 37)  [4.5s]
  ep  43: R(t)=0.536  l1=0.186  l2=0.179  acc1=34.76%  acc2=38.49%  ens=36.62%  (best 39.31 @ ep 37)  [9.8s]
  ep  44: R(t)=0.536  l1=0.168  l2=0.170  acc1=38.66%  acc2=36.12%  ens=37.39%  (best 39.31 @ ep 37)  [9.5s]
  ep  45: R(t)=0.536  l1=0.172  l2=0.168  acc1=39.43%  acc2=40.13%  ens=39.78%  (best 39.78 @ ep 45)  [9.9s]
  ep  46: R(t)=0.536  l1=0.155  l2=0.149  acc1=31.81%  acc2=34.18%  ens=32.99%  (best 39.78 @ ep 45)  [12.7s]
  ep  47: R(t)=0.536  l1=0.161  l2=0.162  acc1=34.09%  acc2=36.26%  ens=35.17%  (best 39.78 @ ep 45)  [9.7s]
  ep  48: R(t)=0.536  l1=0.157  l2=0.142  acc1=39.83%  acc2=42.66%  ens=41.24%  (best 41.24 @ ep 48)  [10.1s]
  ep  49: R(t)=0.536  l1=0.161  l2=0.161  acc1=39.02%  acc2=38.52%  ens=38.77%  (best 41.24 @ ep 48)  [12.6s]
  ep  50: R(t)=0.536  l1=0.165  l2=0.164  acc1=35.60%  acc2=36.65%  ens=36.12%  (best 41.24 @ ep 48)  [4.4s]
  ep  51: R(t)=0.536  l1=0.154  l2=0.152  acc1=41.75%  acc2=40.48%  ens=41.12%  (best 41.24 @ ep 48)  [4.3s]
  ep  52: R(t)=0.536  l1=0.128  l2=0.140  acc1=41.95%  acc2=39.88%  ens=40.91%  (best 41.24 @ ep 48)  [4.4s]
  ep  53: R(t)=0.536  l1=0.127  l2=0.139  acc1=37.06%  acc2=35.87%  ens=36.47%  (best 41.24 @ ep 48)  [4.5s]
  ep  54: R(t)=0.536  l1=0.147  l2=0.154  acc1=36.70%  acc2=38.21%  ens=37.45%  (best 41.24 @ ep 48)  [4.3s]
  ep  55: R(t)=0.536  l1=0.120  l2=0.120  acc1=40.07%  acc2=41.15%  ens=40.61%  (best 41.24 @ ep 48)  [4.2s]
  ep  56: R(t)=0.536  l1=0.125  l2=0.126  acc1=41.82%  acc2=41.11%  ens=41.47%  (best 41.47 @ ep 56)  [4.5s]
  ep  57: R(t)=0.536  l1=0.121  l2=0.121  acc1=39.72%  acc2=40.58%  ens=40.15%  (best 41.47 @ ep 56)  [4.5s]
  ep  58: R(t)=0.536  l1=0.107  l2=0.110  acc1=38.03%  acc2=36.90%  ens=37.47%  (best 41.47 @ ep 56)  [4.3s]
  ep  59: R(t)=0.536  l1=0.109  l2=0.107  acc1=40.08%  acc2=38.23%  ens=39.15%  (best 41.47 @ ep 56)  [4.1s]
  ep  60: R(t)=0.536  l1=0.112  l2=0.112  acc1=39.07%  acc2=41.61%  ens=40.34%  (best 41.47 @ ep 56)  [4.4s]
  ep  61: R(t)=0.536  l1=0.104  l2=0.111  acc1=41.56%  acc2=39.75%  ens=40.66%  (best 41.47 @ ep 56)  [4.6s]
  ep  62: R(t)=0.536  l1=0.116  l2=0.123  acc1=37.13%  acc2=40.81%  ens=38.97%  (best 41.47 @ ep 56)  [4.5s]
  ep  63: R(t)=0.536  l1=0.101  l2=0.093  acc1=40.08%  acc2=39.43%  ens=39.75%  (best 41.47 @ ep 56)  [4.4s]
  ep  64: R(t)=0.536  l1=0.091  l2=0.096  acc1=38.79%  acc2=39.25%  ens=39.02%  (best 41.47 @ ep 56)  [8.8s]
  ep  65: R(t)=0.536  l1=0.097  l2=0.098  acc1=38.58%  acc2=40.30%  ens=39.44%  (best 41.47 @ ep 56)  [10.8s]
  ep  66: R(t)=0.536  l1=0.097  l2=0.094  acc1=40.44%  acc2=38.41%  ens=39.42%  (best 41.47 @ ep 56)  [10.3s]
  ep  67: R(t)=0.536  l1=0.079  l2=0.079  acc1=40.34%  acc2=40.82%  ens=40.58%  (best 41.47 @ ep 56)  [10.0s]
  ep  68: R(t)=0.536  l1=0.077  l2=0.080  acc1=40.68%  acc2=40.25%  ens=40.47%  (best 41.47 @ ep 56)  [11.9s]
  ep  69: R(t)=0.536  l1=0.079  l2=0.073  acc1=39.30%  acc2=38.65%  ens=38.98%  (best 41.47 @ ep 56)  [9.7s]
  ep  70: R(t)=0.536  l1=0.074  l2=0.075  acc1=38.72%  acc2=41.27%  ens=40.00%  (best 41.47 @ ep 56)  [10.0s]
  ep  71: R(t)=0.536  l1=0.065  l2=0.074  acc1=43.69%  acc2=41.23%  ens=42.46%  (best 42.46 @ ep 71)  [5.4s]
  ep  72: R(t)=0.536  l1=0.061  l2=0.066  acc1=39.74%  acc2=41.32%  ens=40.53%  (best 42.46 @ ep 71)  [4.3s]
  ep  73: R(t)=0.536  l1=0.064  l2=0.061  acc1=41.28%  acc2=41.80%  ens=41.54%  (best 42.46 @ ep 71)  [4.2s]
  ep  74: R(t)=0.536  l1=0.063  l2=0.061  acc1=41.21%  acc2=40.40%  ens=40.80%  (best 42.46 @ ep 71)  [4.4s]
  ep  75: R(t)=0.536  l1=0.056  l2=0.057  acc1=42.97%  acc2=42.29%  ens=42.63%  (best 42.63 @ ep 75)  [4.4s]
  ep  76: R(t)=0.536  l1=0.055  l2=0.058  acc1=39.88%  acc2=42.36%  ens=41.12%  (best 42.63 @ ep 75)  [4.4s]
  ep  77: R(t)=0.536  l1=0.045  l2=0.047  acc1=41.25%  acc2=43.02%  ens=42.13%  (best 42.63 @ ep 75)  [4.5s]
  ep  78: R(t)=0.536  l1=0.036  l2=0.039  acc1=39.30%  acc2=40.40%  ens=39.85%  (best 42.63 @ ep 75)  [4.3s]
  ep  79: R(t)=0.536  l1=0.047  l2=0.044  acc1=41.06%  acc2=40.26%  ens=40.66%  (best 42.63 @ ep 75)  [4.5s]
  ep  80: R(t)=0.536  l1=0.039  l2=0.038  acc1=41.52%  acc2=40.52%  ens=41.02%  (best 42.63 @ ep 75)  [4.5s]
  ep  81: R(t)=0.536  l1=0.034  l2=0.036  acc1=41.39%  acc2=42.07%  ens=41.73%  (best 42.63 @ ep 75)  [4.8s]
  ep  82: R(t)=0.536  l1=0.041  l2=0.039  acc1=41.71%  acc2=41.69%  ens=41.70%  (best 42.63 @ ep 75)  [4.4s]
  ep  83: R(t)=0.536  l1=0.032  l2=0.029  acc1=40.81%  acc2=42.14%  ens=41.48%  (best 42.63 @ ep 75)  [4.3s]
  ep  84: R(t)=0.536  l1=0.030  l2=0.032  acc1=40.68%  acc2=41.50%  ens=41.09%  (best 42.63 @ ep 75)  [4.6s]
  ep  85: R(t)=0.536  l1=0.024  l2=0.027  acc1=40.82%  acc2=41.07%  ens=40.95%  (best 42.63 @ ep 75)  [9.8s]
  ep  86: R(t)=0.536  l1=0.028  l2=0.028  acc1=40.60%  acc2=41.18%  ens=40.89%  (best 42.63 @ ep 75)  [10.2s]
  ep  87: R(t)=0.536  l1=0.031  l2=0.030  acc1=42.17%  acc2=40.40%  ens=41.29%  (best 42.63 @ ep 75)  [9.5s]
  ep  88: R(t)=0.536  l1=0.032  l2=0.031  acc1=41.63%  acc2=41.75%  ens=41.69%  (best 42.63 @ ep 75)  [13.4s]
  ep  89: R(t)=0.536  l1=0.024  l2=0.025  acc1=41.75%  acc2=41.68%  ens=41.72%  (best 42.63 @ ep 75)  [9.3s]
  ep  90: R(t)=0.536  l1=0.025  l2=0.025  acc1=40.53%  acc2=40.90%  ens=40.72%  (best 42.63 @ ep 75)  [9.8s]
  ep  91: R(t)=0.536  l1=0.021  l2=0.022  acc1=41.30%  acc2=41.19%  ens=41.24%  (best 42.63 @ ep 75)  [13.4s]
  ep  92: R(t)=0.536  l1=0.023  l2=0.023  acc1=41.50%  acc2=41.54%  ens=41.52%  (best 42.63 @ ep 75)  [4.9s]
  ep  93: R(t)=0.536  l1=0.027  l2=0.027  acc1=41.72%  acc2=41.73%  ens=41.73%  (best 42.63 @ ep 75)  [4.5s]
  ep  94: R(t)=0.536  l1=0.023  l2=0.023  acc1=41.69%  acc2=41.50%  ens=41.59%  (best 42.63 @ ep 75)  [4.2s]
  ep  95: R(t)=0.536  l1=0.026  l2=0.026  acc1=41.64%  acc2=41.61%  ens=41.62%  (best 42.63 @ ep 75)  [4.7s]
  ep  96: R(t)=0.536  l1=0.015  l2=0.016  acc1=42.23%  acc2=42.10%  ens=42.16%  (best 42.63 @ ep 75)  [4.3s]
  ep  97: R(t)=0.536  l1=0.026  l2=0.026  acc1=41.98%  acc2=41.92%  ens=41.95%  (best 42.63 @ ep 75)  [4.5s]
  ep  98: R(t)=0.536  l1=0.018  l2=0.020  acc1=41.55%  acc2=41.44%  ens=41.49%  (best 42.63 @ ep 75)  [4.5s]
  ep  99: R(t)=0.536  l1=0.021  l2=0.020  acc1=41.86%  acc2=41.86%  ens=41.86%  (best 42.63 @ ep 75)  [4.3s]

saved /path/to/ciln-workspace/journal_edition/robustness_transfer/results_v3/coteaching/ours__contrast_sev3__seed1.json: best ens-acc 42.63% @ ep 75
[00:52:06] gpu 2: ours__contrast_sev3 seed 2 -> ../logs/coteaching_v3/ours__contrast_sev3__seed2.log
/path/to/ciln-workspace/venv/lib/python3.12/site-packages/torchvision/datasets/cifar.py:83: VisibleDeprecationWarning: dtype(): align should be passed as Python or NumPy boolean but got `align=0`. Did you mean to pass a tuple to create a subarray type? (Deprecated NumPy 2.4)
  entry = pickle.load(f, encoding="latin1")
condition=ours__contrast_sev3 seed=2 gpu=2
  ep   0: R(t)=1.000  l1=1.810  l2=1.861  acc1=23.85%  acc2=20.09%  ens=21.97%  (best 21.97 @ ep 0)  [5.2s]
  ep   1: R(t)=0.853  l1=1.377  l2=1.423  acc1=24.77%  acc2=24.92%  ens=24.84%  (best 24.84 @ ep 1)  [4.3s]
  ep   2: R(t)=0.793  l1=1.170  l2=1.182  acc1=23.23%  acc2=24.90%  ens=24.07%  (best 24.84 @ ep 1)  [4.3s]
  ep   3: R(t)=0.746  l1=1.021  l2=1.028  acc1=28.32%  acc2=28.49%  ens=28.41%  (best 28.41 @ ep 3)  [4.2s]
  ep   4: R(t)=0.707  l1=0.905  l2=0.906  acc1=33.65%  acc2=29.13%  ens=31.39%  (best 31.39 @ ep 4)  [5.0s]
  ep   5: R(t)=0.672  l1=0.797  l2=0.795  acc1=28.19%  acc2=30.17%  ens=29.18%  (best 31.39 @ ep 4)  [10.6s]
  ep   6: R(t)=0.641  l1=0.687  l2=0.684  acc1=28.82%  acc2=29.76%  ens=29.29%  (best 31.39 @ ep 4)  [10.9s]
  ep   7: R(t)=0.612  l1=0.593  l2=0.597  acc1=24.41%  acc2=28.79%  ens=26.60%  (best 31.39 @ ep 4)  [4.2s]
  ep   8: R(t)=0.585  l1=0.550  l2=0.543  acc1=28.54%  acc2=29.88%  ens=29.21%  (best 31.39 @ ep 4)  [4.4s]
  ep   9: R(t)=0.560  l1=0.450  l2=0.455  acc1=28.17%  acc2=29.07%  ens=28.62%  (best 31.39 @ ep 4)  [4.4s]
  ep  10: R(t)=0.536  l1=0.406  l2=0.402  acc1=28.60%  acc2=30.42%  ens=29.51%  (best 31.39 @ ep 4)  [4.3s]
  ep  11: R(t)=0.536  l1=0.373  l2=0.367  acc1=27.42%  acc2=26.19%  ens=26.80%  (best 31.39 @ ep 4)  [4.4s]
  ep  12: R(t)=0.536  l1=0.363  l2=0.363  acc1=28.53%  acc2=29.05%  ens=28.79%  (best 31.39 @ ep 4)  [4.4s]
  ep  13: R(t)=0.536  l1=0.360  l2=0.357  acc1=29.58%  acc2=31.24%  ens=30.41%  (best 31.39 @ ep 4)  [4.3s]
  ep  14: R(t)=0.536  l1=0.329  l2=0.335  acc1=30.52%  acc2=29.79%  ens=30.15%  (best 31.39 @ ep 4)  [4.3s]
  ep  15: R(t)=0.536  l1=0.320  l2=0.323  acc1=30.56%  acc2=28.29%  ens=29.43%  (best 31.39 @ ep 4)  [4.4s]
  ep  16: R(t)=0.536  l1=0.329  l2=0.336  acc1=30.53%  acc2=31.26%  ens=30.89%  (best 31.39 @ ep 4)  [4.2s]
  ep  17: R(t)=0.536  l1=0.305  l2=0.314  acc1=27.47%  acc2=29.31%  ens=28.39%  (best 31.39 @ ep 4)  [4.3s]
  ep  18: R(t)=0.536  l1=0.305  l2=0.310  acc1=32.28%  acc2=30.44%  ens=31.36%  (best 31.39 @ ep 4)  [4.5s]
  ep  19: R(t)=0.536  l1=0.291  l2=0.296  acc1=30.55%  acc2=31.26%  ens=30.90%  (best 31.39 @ ep 4)  [4.2s]
  ep  20: R(t)=0.536  l1=0.285  l2=0.291  acc1=32.91%  acc2=33.86%  ens=33.38%  (best 33.38 @ ep 20)  [6.8s]
  ep  21: R(t)=0.536  l1=0.297  l2=0.301  acc1=26.00%  acc2=29.42%  ens=27.71%  (best 33.38 @ ep 20)  [4.2s]
  ep  22: R(t)=0.536  l1=0.301  l2=0.294  acc1=30.59%  acc2=29.21%  ens=29.90%  (best 33.38 @ ep 20)  [4.3s]
  ep  23: R(t)=0.536  l1=0.275  l2=0.275  acc1=32.62%  acc2=34.03%  ens=33.32%  (best 33.38 @ ep 20)  [4.3s]
  ep  24: R(t)=0.536  l1=0.245  l2=0.254  acc1=31.35%  acc2=31.42%  ens=31.38%  (best 33.38 @ ep 20)  [4.2s]
  ep  25: R(t)=0.536  l1=0.267  l2=0.273  acc1=32.24%  acc2=31.83%  ens=32.04%  (best 33.38 @ ep 20)  [4.2s]
  ep  26: R(t)=0.536  l1=0.253  l2=0.250  acc1=32.76%  acc2=32.62%  ens=32.69%  (best 33.38 @ ep 20)  [4.2s]
  ep  27: R(t)=0.536  l1=0.266  l2=0.263  acc1=32.83%  acc2=33.35%  ens=33.09%  (best 33.38 @ ep 20)  [4.1s]
  ep  28: R(t)=0.536  l1=0.263  l2=0.239  acc1=35.31%  acc2=33.69%  ens=34.50%  (best 34.50 @ ep 28)  [4.4s]
  ep  29: R(t)=0.536  l1=0.265  l2=0.264  acc1=34.36%  acc2=34.93%  ens=34.65%  (best 34.65 @ ep 29)  [4.3s]
  ep  30: R(t)=0.536  l1=0.225  l2=0.225  acc1=33.64%  acc2=35.03%  ens=34.34%  (best 34.65 @ ep 29)  [4.1s]
  ep  31: R(t)=0.536  l1=0.236  l2=0.234  acc1=30.93%  acc2=35.37%  ens=33.15%  (best 34.65 @ ep 29)  [4.2s]
  ep  32: R(t)=0.536  l1=0.219  l2=0.225  acc1=35.82%  acc2=34.03%  ens=34.92%  (best 34.92 @ ep 32)  [4.3s]
  ep  33: R(t)=0.536  l1=0.229  l2=0.223  acc1=32.97%  acc2=33.76%  ens=33.37%  (best 34.92 @ ep 32)  [4.2s]
  ep  34: R(t)=0.536  l1=0.230  l2=0.227  acc1=33.12%  acc2=32.02%  ens=32.57%  (best 34.92 @ ep 32)  [4.3s]
  ep  35: R(t)=0.536  l1=0.218  l2=0.216  acc1=32.39%  acc2=32.54%  ens=32.46%  (best 34.92 @ ep 32)  [8.3s]
  ep  36: R(t)=0.536  l1=0.194  l2=0.199  acc1=32.71%  acc2=33.87%  ens=33.29%  (best 34.92 @ ep 32)  [9.5s]
  ep  37: R(t)=0.536  l1=0.213  l2=0.212  acc1=33.36%  acc2=32.03%  ens=32.69%  (best 34.92 @ ep 32)  [4.2s]
  ep  38: R(t)=0.536  l1=0.223  l2=0.206  acc1=33.61%  acc2=32.83%  ens=33.22%  (best 34.92 @ ep 32)  [4.4s]
  ep  39: R(t)=0.536  l1=0.211  l2=0.210  acc1=32.47%  acc2=32.46%  ens=32.46%  (best 34.92 @ ep 32)  [4.3s]
  ep  40: R(t)=0.536  l1=0.190  l2=0.187  acc1=34.13%  acc2=34.97%  ens=34.55%  (best 34.92 @ ep 32)  [4.7s]
  ep  41: R(t)=0.536  l1=0.194  l2=0.195  acc1=31.19%  acc2=31.39%  ens=31.29%  (best 34.92 @ ep 32)  [4.3s]
  ep  42: R(t)=0.536  l1=0.185  l2=0.189  acc1=32.89%  acc2=33.07%  ens=32.98%  (best 34.92 @ ep 32)  [4.3s]
  ep  43: R(t)=0.536  l1=0.200  l2=0.192  acc1=29.92%  acc2=31.62%  ens=30.77%  (best 34.92 @ ep 32)  [4.5s]
  ep  44: R(t)=0.536  l1=0.198  l2=0.194  acc1=34.15%  acc2=34.63%  ens=34.39%  (best 34.92 @ ep 32)  [4.4s]
  ep  45: R(t)=0.536  l1=0.173  l2=0.179  acc1=33.37%  acc2=36.00%  ens=34.69%  (best 34.92 @ ep 32)  [4.3s]
  ep  46: R(t)=0.536  l1=0.181  l2=0.193  acc1=33.72%  acc2=31.95%  ens=32.84%  (best 34.92 @ ep 32)  [4.3s]
  ep  47: R(t)=0.536  l1=0.167  l2=0.171  acc1=35.51%  acc2=33.99%  ens=34.75%  (best 34.92 @ ep 32)  [4.2s]
  ep  48: R(t)=0.536  l1=0.181  l2=0.184  acc1=35.94%  acc2=35.87%  ens=35.91%  (best 35.91 @ ep 48)  [4.5s]
  ep  49: R(t)=0.536  l1=0.178  l2=0.184  acc1=34.30%  acc2=33.49%  ens=33.89%  (best 35.91 @ ep 48)  [4.3s]
  ep  50: R(t)=0.536  l1=0.166  l2=0.166  acc1=35.74%  acc2=36.45%  ens=36.09%  (best 36.09 @ ep 50)  [4.4s]
  ep  51: R(t)=0.536  l1=0.158  l2=0.149  acc1=36.31%  acc2=36.56%  ens=36.43%  (best 36.43 @ ep 51)  [12.1s]
  ep  52: R(t)=0.536  l1=0.148  l2=0.145  acc1=35.94%  acc2=35.89%  ens=35.91%  (best 36.43 @ ep 51)  [9.1s]
  ep  53: R(t)=0.536  l1=0.173  l2=0.171  acc1=35.51%  acc2=35.48%  ens=35.49%  (best 36.43 @ ep 51)  [9.6s]
  ep  54: R(t)=0.536  l1=0.147  l2=0.145  acc1=35.45%  acc2=34.39%  ens=34.92%  (best 36.43 @ ep 51)  [12.0s]
  ep  55: R(t)=0.536  l1=0.159  l2=0.159  acc1=36.57%  acc2=36.08%  ens=36.33%  (best 36.43 @ ep 51)  [9.4s]
  ep  56: R(t)=0.536  l1=0.129  l2=0.142  acc1=35.60%  acc2=35.80%  ens=35.70%  (best 36.43 @ ep 51)  [9.6s]
  ep  57: R(t)=0.536  l1=0.149  l2=0.146  acc1=34.53%  acc2=34.89%  ens=34.71%  (best 36.43 @ ep 51)  [10.3s]
  ep  58: R(t)=0.536  l1=0.137  l2=0.139  acc1=36.29%  acc2=34.29%  ens=35.29%  (best 36.43 @ ep 51)  [7.7s]
  ep  59: R(t)=0.536  l1=0.135  l2=0.145  acc1=36.72%  acc2=35.72%  ens=36.22%  (best 36.43 @ ep 51)  [4.2s]
  ep  60: R(t)=0.536  l1=0.140  l2=0.144  acc1=35.09%  acc2=34.83%  ens=34.96%  (best 36.43 @ ep 51)  [4.3s]
  ep  61: R(t)=0.536  l1=0.128  l2=0.132  acc1=36.42%  acc2=35.95%  ens=36.19%  (best 36.43 @ ep 51)  [4.6s]
  ep  62: R(t)=0.536  l1=0.133  l2=0.134  acc1=33.11%  acc2=35.68%  ens=34.39%  (best 36.43 @ ep 51)  [4.3s]
  ep  63: R(t)=0.536  l1=0.109  l2=0.117  acc1=37.23%  acc2=36.16%  ens=36.70%  (best 36.70 @ ep 63)  [4.3s]
  ep  64: R(t)=0.536  l1=0.123  l2=0.125  acc1=35.31%  acc2=35.60%  ens=35.46%  (best 36.70 @ ep 63)  [4.2s]
  ep  65: R(t)=0.536  l1=0.112  l2=0.112  acc1=37.16%  acc2=38.29%  ens=37.72%  (best 37.72 @ ep 65)  [4.2s]
  ep  66: R(t)=0.536  l1=0.112  l2=0.117  acc1=36.30%  acc2=37.33%  ens=36.81%  (best 37.72 @ ep 65)  [4.2s]
  ep  67: R(t)=0.536  l1=0.101  l2=0.102  acc1=34.39%  acc2=36.60%  ens=35.49%  (best 37.72 @ ep 65)  [4.4s]
  ep  68: R(t)=0.536  l1=0.108  l2=0.110  acc1=34.73%  acc2=34.72%  ens=34.73%  (best 37.72 @ ep 65)  [4.2s]
  ep  69: R(t)=0.536  l1=0.107  l2=0.110  acc1=36.85%  acc2=37.82%  ens=37.33%  (best 37.72 @ ep 65)  [4.2s]
  ep  70: R(t)=0.536  l1=0.092  l2=0.096  acc1=34.82%  acc2=34.41%  ens=34.62%  (best 37.72 @ ep 65)  [4.3s]
  ep  71: R(t)=0.536  l1=0.096  l2=0.092  acc1=36.44%  acc2=36.17%  ens=36.30%  (best 37.72 @ ep 65)  [4.3s]
  ep  72: R(t)=0.536  l1=0.092  l2=0.091  acc1=37.32%  acc2=37.47%  ens=37.40%  (best 37.72 @ ep 65)  [4.4s]
  ep  73: R(t)=0.536  l1=0.086  l2=0.089  acc1=36.19%  acc2=35.87%  ens=36.03%  (best 37.72 @ ep 65)  [11.1s]
  ep  74: R(t)=0.536  l1=0.079  l2=0.074  acc1=36.54%  acc2=35.70%  ens=36.12%  (best 37.72 @ ep 65)  [9.7s]
  ep  75: R(t)=0.536  l1=0.087  l2=0.083  acc1=36.97%  acc2=36.59%  ens=36.78%  (best 37.72 @ ep 65)  [9.7s]
  ep  76: R(t)=0.536  l1=0.074  l2=0.073  acc1=38.27%  acc2=37.25%  ens=37.76%  (best 37.76 @ ep 76)  [10.9s]
  ep  77: R(t)=0.536  l1=0.083  l2=0.083  acc1=38.45%  acc2=37.58%  ens=38.02%  (best 38.02 @ ep 77)  [4.1s]
  ep  78: R(t)=0.536  l1=0.061  l2=0.062  acc1=35.38%  acc2=35.71%  ens=35.55%  (best 38.02 @ ep 77)  [4.5s]
  ep  79: R(t)=0.536  l1=0.053  l2=0.055  acc1=35.23%  acc2=35.02%  ens=35.12%  (best 38.02 @ ep 77)  [4.4s]
  ep  80: R(t)=0.536  l1=0.051  l2=0.051  acc1=36.22%  acc2=36.86%  ens=36.54%  (best 38.02 @ ep 77)  [4.5s]
  ep  81: R(t)=0.536  l1=0.056  l2=0.058  acc1=37.51%  acc2=36.80%  ens=37.16%  (best 38.02 @ ep 77)  [4.4s]
  ep  82: R(t)=0.536  l1=0.049  l2=0.048  acc1=36.97%  acc2=37.40%  ens=37.19%  (best 38.02 @ ep 77)  [4.3s]
  ep  83: R(t)=0.536  l1=0.058  l2=0.056  acc1=36.42%  acc2=36.58%  ens=36.50%  (best 38.02 @ ep 77)  [4.4s]
  ep  84: R(t)=0.536  l1=0.050  l2=0.049  acc1=37.04%  acc2=36.91%  ens=36.98%  (best 38.02 @ ep 77)  [4.3s]
  ep  85: R(t)=0.536  l1=0.060  l2=0.060  acc1=36.82%  acc2=37.02%  ens=36.92%  (best 38.02 @ ep 77)  [4.4s]
  ep  86: R(t)=0.536  l1=0.043  l2=0.047  acc1=37.10%  acc2=37.25%  ens=37.18%  (best 38.02 @ ep 77)  [4.4s]
  ep  87: R(t)=0.536  l1=0.043  l2=0.041  acc1=36.98%  acc2=37.13%  ens=37.06%  (best 38.02 @ ep 77)  [4.3s]
  ep  88: R(t)=0.536  l1=0.043  l2=0.041  acc1=37.59%  acc2=37.53%  ens=37.56%  (best 38.02 @ ep 77)  [4.3s]
  ep  89: R(t)=0.536  l1=0.046  l2=0.046  acc1=37.43%  acc2=37.36%  ens=37.40%  (best 38.02 @ ep 77)  [4.4s]
  ep  90: R(t)=0.536  l1=0.036  l2=0.036  acc1=37.09%  acc2=37.18%  ens=37.13%  (best 38.02 @ ep 77)  [4.6s]
  ep  91: R(t)=0.536  l1=0.043  l2=0.046  acc1=37.16%  acc2=37.14%  ens=37.15%  (best 38.02 @ ep 77)  [9.9s]
  ep  92: R(t)=0.536  l1=0.041  l2=0.042  acc1=37.56%  acc2=37.61%  ens=37.59%  (best 38.02 @ ep 77)  [9.9s]
  ep  93: R(t)=0.536  l1=0.041  l2=0.044  acc1=37.30%  acc2=37.74%  ens=37.52%  (best 38.02 @ ep 77)  [13.1s]
  ep  94: R(t)=0.536  l1=0.049  l2=0.050  acc1=37.49%  acc2=37.52%  ens=37.51%  (best 38.02 @ ep 77)  [8.7s]
  ep  95: R(t)=0.536  l1=0.039  l2=0.036  acc1=37.02%  acc2=37.32%  ens=37.17%  (best 38.02 @ ep 77)  [10.1s]
  ep  96: R(t)=0.536  l1=0.045  l2=0.047  acc1=37.22%  acc2=37.41%  ens=37.31%  (best 38.02 @ ep 77)  [12.0s]
  ep  97: R(t)=0.536  l1=0.039  l2=0.037  acc1=37.32%  acc2=37.41%  ens=37.36%  (best 38.02 @ ep 77)  [9.8s]
  ep  98: R(t)=0.536  l1=0.038  l2=0.038  acc1=37.36%  acc2=37.54%  ens=37.45%  (best 38.02 @ ep 77)  [7.2s]
  ep  99: R(t)=0.536  l1=0.036  l2=0.038  acc1=37.40%  acc2=37.52%  ens=37.46%  (best 38.02 @ ep 77)  [4.2s]

saved /path/to/ciln-workspace/journal_edition/robustness_transfer/results_v3/coteaching/ours__contrast_sev3__seed2.json: best ens-acc 38.02% @ ep 77
[01:01:48] gpu 2: ours__impulse_noise_sev5 seed 0 -> ../logs/coteaching_v3/ours__impulse_noise_sev5__seed0.log
/path/to/ciln-workspace/venv/lib/python3.12/site-packages/torchvision/datasets/cifar.py:83: VisibleDeprecationWarning: dtype(): align should be passed as Python or NumPy boolean but got `align=0`. Did you mean to pass a tuple to create a subarray type? (Deprecated NumPy 2.4)
  entry = pickle.load(f, encoding="latin1")
condition=ours__impulse_noise_sev5 seed=0 gpu=2
  ep   0: R(t)=1.000  l1=1.857  l2=1.887  acc1=21.18%  acc2=23.77%  ens=22.48%  (best 22.48 @ ep 0)  [5.2s]
  ep   1: R(t)=0.846  l1=1.362  l2=1.379  acc1=25.35%  acc2=26.02%  ens=25.69%  (best 25.69 @ ep 1)  [4.3s]
  ep   2: R(t)=0.783  l1=1.102  l2=1.099  acc1=29.55%  acc2=28.39%  ens=28.97%  (best 28.97 @ ep 2)  [4.3s]
  ep   3: R(t)=0.734  l1=0.954  l2=0.962  acc1=27.86%  acc2=30.16%  ens=29.01%  (best 29.01 @ ep 3)  [4.4s]
  ep   4: R(t)=0.693  l1=0.808  l2=0.835  acc1=26.58%  acc2=27.50%  ens=27.04%  (best 29.01 @ ep 3)  [4.3s]
  ep   5: R(t)=0.656  l1=0.692  l2=0.702  acc1=29.77%  acc2=28.81%  ens=29.29%  (best 29.29 @ ep 5)  [4.5s]
  ep   6: R(t)=0.623  l1=0.597  l2=0.610  acc1=31.06%  acc2=30.65%  ens=30.86%  (best 30.86 @ ep 6)  [4.5s]
  ep   7: R(t)=0.593  l1=0.484  l2=0.505  acc1=30.18%  acc2=30.19%  ens=30.19%  (best 30.86 @ ep 6)  [4.4s]
  ep   8: R(t)=0.565  l1=0.411  l2=0.423  acc1=30.51%  acc2=31.62%  ens=31.06%  (best 31.06 @ ep 8)  [4.3s]
  ep   9: R(t)=0.539  l1=0.329  l2=0.335  acc1=30.91%  acc2=30.04%  ens=30.47%  (best 31.06 @ ep 8)  [4.3s]
  ep  10: R(t)=0.514  l1=0.264  l2=0.271  acc1=30.50%  acc2=29.21%  ens=29.85%  (best 31.06 @ ep 8)  [9.3s]
  ep  11: R(t)=0.514  l1=0.227  l2=0.229  acc1=32.93%  acc2=32.74%  ens=32.84%  (best 32.84 @ ep 11)  [9.2s]
  ep  12: R(t)=0.514  l1=0.251  l2=0.252  acc1=31.51%  acc2=32.25%  ens=31.88%  (best 32.84 @ ep 11)  [4.5s]
  ep  13: R(t)=0.514  l1=0.226  l2=0.229  acc1=29.28%  acc2=31.12%  ens=30.20%  (best 32.84 @ ep 11)  [4.4s]
  ep  14: R(t)=0.514  l1=0.221  l2=0.224  acc1=31.59%  acc2=31.91%  ens=31.75%  (best 32.84 @ ep 11)  [4.2s]
  ep  15: R(t)=0.514  l1=0.214  l2=0.208  acc1=32.88%  acc2=32.40%  ens=32.64%  (best 32.84 @ ep 11)  [4.3s]
  ep  16: R(t)=0.514  l1=0.221  l2=0.211  acc1=32.17%  acc2=31.12%  ens=31.64%  (best 32.84 @ ep 11)  [4.3s]
  ep  17: R(t)=0.514  l1=0.206  l2=0.209  acc1=32.33%  acc2=32.05%  ens=32.19%  (best 32.84 @ ep 11)  [4.5s]
  ep  18: R(t)=0.514  l1=0.188  l2=0.183  acc1=33.00%  acc2=33.62%  ens=33.31%  (best 33.31 @ ep 18)  [4.4s]
  ep  19: R(t)=0.514  l1=0.178  l2=0.183  acc1=32.81%  acc2=33.53%  ens=33.17%  (best 33.31 @ ep 18)  [4.3s]
  ep  20: R(t)=0.514  l1=0.189  l2=0.190  acc1=29.93%  acc2=32.01%  ens=30.97%  (best 33.31 @ ep 18)  [4.4s]
  ep  21: R(t)=0.514  l1=0.191  l2=0.189  acc1=33.04%  acc2=32.11%  ens=32.57%  (best 33.31 @ ep 18)  [4.2s]
  ep  22: R(t)=0.514  l1=0.190  l2=0.192  acc1=31.30%  acc2=33.65%  ens=32.48%  (best 33.31 @ ep 18)  [4.3s]
  ep  23: R(t)=0.514  l1=0.216  l2=0.209  acc1=31.86%  acc2=31.29%  ens=31.57%  (best 33.31 @ ep 18)  [4.4s]
  ep  24: R(t)=0.514  l1=0.178  l2=0.168  acc1=31.13%  acc2=28.66%  ens=29.90%  (best 33.31 @ ep 18)  [4.5s]
  ep  25: R(t)=0.514  l1=0.187  l2=0.188  acc1=32.17%  acc2=31.20%  ens=31.68%  (best 33.31 @ ep 18)  [7.6s]
  ep  26: R(t)=0.514  l1=0.176  l2=0.170  acc1=33.15%  acc2=32.45%  ens=32.80%  (best 33.31 @ ep 18)  [10.3s]
  ep  27: R(t)=0.514  l1=0.164  l2=0.161  acc1=32.84%  acc2=32.93%  ens=32.88%  (best 33.31 @ ep 18)  [9.9s]
  ep  28: R(t)=0.514  l1=0.163  l2=0.158  acc1=29.65%  acc2=32.51%  ens=31.08%  (best 33.31 @ ep 18)  [11.0s]
  ep  29: R(t)=0.514  l1=0.176  l2=0.179  acc1=35.00%  acc2=34.04%  ens=34.52%  (best 34.52 @ ep 29)  [9.9s]
  ep  30: R(t)=0.514  l1=0.164  l2=0.177  acc1=32.23%  acc2=31.62%  ens=31.92%  (best 34.52 @ ep 29)  [11.6s]
  ep  31: R(t)=0.514  l1=0.167  l2=0.164  acc1=30.43%  acc2=31.17%  ens=30.80%  (best 34.52 @ ep 29)  [9.9s]
  ep  32: R(t)=0.514  l1=0.168  l2=0.169  acc1=32.02%  acc2=32.16%  ens=32.09%  (best 34.52 @ ep 29)  [10.2s]
  ep  33: R(t)=0.514  l1=0.166  l2=0.173  acc1=32.93%  acc2=33.58%  ens=33.26%  (best 34.52 @ ep 29)  [6.7s]
  ep  34: R(t)=0.514  l1=0.154  l2=0.151  acc1=33.39%  acc2=32.87%  ens=33.13%  (best 34.52 @ ep 29)  [4.4s]
  ep  35: R(t)=0.514  l1=0.170  l2=0.177  acc1=33.89%  acc2=34.38%  ens=34.13%  (best 34.52 @ ep 29)  [4.3s]
  ep  36: R(t)=0.514  l1=0.168  l2=0.167  acc1=34.54%  acc2=33.07%  ens=33.80%  (best 34.52 @ ep 29)  [4.4s]
  ep  37: R(t)=0.514  l1=0.150  l2=0.145  acc1=33.31%  acc2=32.64%  ens=32.98%  (best 34.52 @ ep 29)  [4.2s]
  ep  38: R(t)=0.514  l1=0.164  l2=0.159  acc1=34.12%  acc2=33.19%  ens=33.66%  (best 34.52 @ ep 29)  [4.2s]
  ep  39: R(t)=0.514  l1=0.152  l2=0.148  acc1=33.84%  acc2=34.06%  ens=33.95%  (best 34.52 @ ep 29)  [4.4s]
  ep  40: R(t)=0.514  l1=0.135  l2=0.136  acc1=34.24%  acc2=34.48%  ens=34.36%  (best 34.52 @ ep 29)  [4.4s]
  ep  41: R(t)=0.514  l1=0.145  l2=0.149  acc1=32.59%  acc2=34.01%  ens=33.30%  (best 34.52 @ ep 29)  [4.5s]
  ep  42: R(t)=0.514  l1=0.134  l2=0.137  acc1=35.14%  acc2=34.60%  ens=34.87%  (best 34.87 @ ep 42)  [4.3s]
  ep  43: R(t)=0.514  l1=0.139  l2=0.132  acc1=33.50%  acc2=35.39%  ens=34.45%  (best 34.87 @ ep 42)  [4.5s]
  ep  44: R(t)=0.514  l1=0.136  l2=0.143  acc1=35.06%  acc2=33.61%  ens=34.34%  (best 34.87 @ ep 42)  [4.5s]
  ep  45: R(t)=0.514  l1=0.126  l2=0.121  acc1=32.42%  acc2=31.94%  ens=32.18%  (best 34.87 @ ep 42)  [4.4s]
  ep  46: R(t)=0.514  l1=0.140  l2=0.139  acc1=34.76%  acc2=35.29%  ens=35.02%  (best 35.02 @ ep 46)  [4.4s]
  ep  47: R(t)=0.514  l1=0.124  l2=0.125  acc1=34.96%  acc2=33.78%  ens=34.37%  (best 35.02 @ ep 46)  [7.5s]
  ep  48: R(t)=0.514  l1=0.130  l2=0.131  acc1=32.88%  acc2=34.48%  ens=33.68%  (best 35.02 @ ep 46)  [9.5s]
  ep  49: R(t)=0.514  l1=0.123  l2=0.127  acc1=32.21%  acc2=34.34%  ens=33.27%  (best 35.02 @ ep 46)  [9.9s]
  ep  50: R(t)=0.514  l1=0.147  l2=0.140  acc1=34.44%  acc2=35.03%  ens=34.73%  (best 35.02 @ ep 46)  [9.4s]
  ep  51: R(t)=0.514  l1=0.130  l2=0.127  acc1=35.04%  acc2=34.73%  ens=34.88%  (best 35.02 @ ep 46)  [4.5s]
  ep  52: R(t)=0.514  l1=0.112  l2=0.111  acc1=34.64%  acc2=34.41%  ens=34.52%  (best 35.02 @ ep 46)  [4.3s]
  ep  53: R(t)=0.514  l1=0.110  l2=0.101  acc1=34.28%  acc2=33.11%  ens=33.70%  (best 35.02 @ ep 46)  [4.3s]
  ep  54: R(t)=0.514  l1=0.128  l2=0.130  acc1=34.82%  acc2=33.39%  ens=34.10%  (best 35.02 @ ep 46)  [4.4s]
  ep  55: R(t)=0.514  l1=0.108  l2=0.106  acc1=33.59%  acc2=34.30%  ens=33.95%  (best 35.02 @ ep 46)  [4.4s]
  ep  56: R(t)=0.514  l1=0.111  l2=0.110  acc1=35.27%  acc2=35.19%  ens=35.23%  (best 35.23 @ ep 56)  [4.4s]
  ep  57: R(t)=0.514  l1=0.099  l2=0.099  acc1=33.31%  acc2=33.56%  ens=33.44%  (best 35.23 @ ep 56)  [4.4s]
  ep  58: R(t)=0.514  l1=0.104  l2=0.103  acc1=34.56%  acc2=34.46%  ens=34.51%  (best 35.23 @ ep 56)  [4.9s]
  ep  59: R(t)=0.514  l1=0.132  l2=0.130  acc1=35.99%  acc2=35.74%  ens=35.87%  (best 35.87 @ ep 59)  [4.6s]
  ep  60: R(t)=0.514  l1=0.088  l2=0.094  acc1=34.82%  acc2=34.69%  ens=34.76%  (best 35.87 @ ep 59)  [4.6s]
  ep  61: R(t)=0.514  l1=0.084  l2=0.086  acc1=35.87%  acc2=35.50%  ens=35.69%  (best 35.87 @ ep 59)  [4.3s]
  ep  62: R(t)=0.514  l1=0.107  l2=0.107  acc1=35.12%  acc2=34.84%  ens=34.98%  (best 35.87 @ ep 59)  [4.3s]
  ep  63: R(t)=0.514  l1=0.094  l2=0.089  acc1=32.75%  acc2=33.48%  ens=33.12%  (best 35.87 @ ep 59)  [4.2s]
  ep  64: R(t)=0.514  l1=0.080  l2=0.085  acc1=34.73%  acc2=34.19%  ens=34.46%  (best 35.87 @ ep 59)  [7.7s]
  ep  65: R(t)=0.514  l1=0.080  l2=0.081  acc1=33.65%  acc2=35.99%  ens=34.82%  (best 35.87 @ ep 59)  [9.5s]
  ep  66: R(t)=0.514  l1=0.084  l2=0.087  acc1=36.56%  acc2=35.91%  ens=36.23%  (best 36.23 @ ep 66)  [10.0s]
  ep  67: R(t)=0.514  l1=0.098  l2=0.093  acc1=34.10%  acc2=34.12%  ens=34.11%  (best 36.23 @ ep 66)  [8.9s]
  ep  68: R(t)=0.514  l1=0.083  l2=0.083  acc1=34.71%  acc2=34.40%  ens=34.55%  (best 36.23 @ ep 66)  [4.4s]
  ep  69: R(t)=0.514  l1=0.072  l2=0.076  acc1=35.92%  acc2=34.90%  ens=35.41%  (best 36.23 @ ep 66)  [4.7s]
  ep  70: R(t)=0.514  l1=0.088  l2=0.087  acc1=34.84%  acc2=34.84%  ens=34.84%  (best 36.23 @ ep 66)  [4.3s]
  ep  71: R(t)=0.514  l1=0.063  l2=0.065  acc1=35.05%  acc2=34.73%  ens=34.89%  (best 36.23 @ ep 66)  [4.3s]
  ep  72: R(t)=0.514  l1=0.083  l2=0.081  acc1=34.55%  acc2=34.68%  ens=34.61%  (best 36.23 @ ep 66)  [4.4s]
  ep  73: R(t)=0.514  l1=0.073  l2=0.072  acc1=35.66%  acc2=36.00%  ens=35.83%  (best 36.23 @ ep 66)  [4.5s]
  ep  74: R(t)=0.514  l1=0.069  l2=0.068  acc1=36.15%  acc2=35.78%  ens=35.97%  (best 36.23 @ ep 66)  [4.5s]
  ep  75: R(t)=0.514  l1=0.084  l2=0.085  acc1=35.73%  acc2=34.74%  ens=35.23%  (best 36.23 @ ep 66)  [4.3s]
  ep  76: R(t)=0.514  l1=0.053  l2=0.052  acc1=35.55%  acc2=35.36%  ens=35.46%  (best 36.23 @ ep 66)  [4.3s]
  ep  77: R(t)=0.514  l1=0.060  l2=0.057  acc1=35.41%  acc2=36.07%  ens=35.74%  (best 36.23 @ ep 66)  [4.3s]
  ep  78: R(t)=0.514  l1=0.056  l2=0.053  acc1=36.56%  acc2=36.06%  ens=36.31%  (best 36.31 @ ep 78)  [4.4s]
  ep  79: R(t)=0.514  l1=0.047  l2=0.047  acc1=34.95%  acc2=34.85%  ens=34.90%  (best 36.31 @ ep 78)  [4.3s]
  ep  80: R(t)=0.514  l1=0.064  l2=0.062  acc1=36.04%  acc2=35.67%  ens=35.86%  (best 36.31 @ ep 78)  [4.2s]
  ep  81: R(t)=0.514  l1=0.046  l2=0.045  acc1=35.34%  acc2=35.84%  ens=35.59%  (best 36.31 @ ep 78)  [5.3s]
  ep  82: R(t)=0.514  l1=0.043  l2=0.043  acc1=36.06%  acc2=35.61%  ens=35.84%  (best 36.31 @ ep 78)  [10.0s]
  ep  83: R(t)=0.514  l1=0.058  l2=0.058  acc1=35.48%  acc2=35.10%  ens=35.29%  (best 36.31 @ ep 78)  [10.1s]
  ep  84: R(t)=0.514  l1=0.047  l2=0.045  acc1=35.26%  acc2=35.22%  ens=35.24%  (best 36.31 @ ep 78)  [11.3s]
  ep  85: R(t)=0.514  l1=0.050  l2=0.050  acc1=35.62%  acc2=35.58%  ens=35.60%  (best 36.31 @ ep 78)  [9.4s]
  ep  86: R(t)=0.514  l1=0.042  l2=0.041  acc1=35.62%  acc2=35.73%  ens=35.68%  (best 36.31 @ ep 78)  [8.9s]
  ep  87: R(t)=0.514  l1=0.047  l2=0.046  acc1=35.46%  acc2=35.45%  ens=35.46%  (best 36.31 @ ep 78)  [4.6s]
  ep  88: R(t)=0.514  l1=0.047  l2=0.046  acc1=35.71%  acc2=35.72%  ens=35.71%  (best 36.31 @ ep 78)  [4.4s]
  ep  89: R(t)=0.514  l1=0.037  l2=0.036  acc1=35.56%  acc2=35.72%  ens=35.64%  (best 36.31 @ ep 78)  [4.4s]
  ep  90: R(t)=0.514  l1=0.049  l2=0.050  acc1=35.62%  acc2=35.60%  ens=35.61%  (best 36.31 @ ep 78)  [4.4s]
  ep  91: R(t)=0.514  l1=0.048  l2=0.046  acc1=35.75%  acc2=35.66%  ens=35.70%  (best 36.31 @ ep 78)  [4.3s]
  ep  92: R(t)=0.514  l1=0.040  l2=0.037  acc1=35.66%  acc2=35.78%  ens=35.72%  (best 36.31 @ ep 78)  [4.3s]
  ep  93: R(t)=0.514  l1=0.037  l2=0.038  acc1=35.70%  acc2=35.86%  ens=35.78%  (best 36.31 @ ep 78)  [4.2s]
  ep  94: R(t)=0.514  l1=0.034  l2=0.036  acc1=36.08%  acc2=36.35%  ens=36.21%  (best 36.31 @ ep 78)  [4.3s]
  ep  95: R(t)=0.514  l1=0.039  l2=0.039  acc1=36.09%  acc2=36.20%  ens=36.14%  (best 36.31 @ ep 78)  [4.3s]
  ep  96: R(t)=0.514  l1=0.038  l2=0.037  acc1=35.92%  acc2=35.99%  ens=35.96%  (best 36.31 @ ep 78)  [4.3s]
  ep  97: R(t)=0.514  l1=0.034  l2=0.035  acc1=35.91%  acc2=36.02%  ens=35.97%  (best 36.31 @ ep 78)  [4.4s]
  ep  98: R(t)=0.514  l1=0.049  l2=0.049  acc1=35.80%  acc2=35.90%  ens=35.85%  (best 36.31 @ ep 78)  [4.4s]
  ep  99: R(t)=0.514  l1=0.031  l2=0.030  acc1=35.97%  acc2=36.13%  ens=36.05%  (best 36.31 @ ep 78)  [4.3s]

saved /path/to/ciln-workspace/journal_edition/robustness_transfer/results_v3/coteaching/ours__impulse_noise_sev5__seed0.json: best ens-acc 36.31% @ ep 78
[01:11:19] gpu 2: ours__impulse_noise_sev5 seed 1 -> ../logs/coteaching_v3/ours__impulse_noise_sev5__seed1.log
/path/to/ciln-workspace/venv/lib/python3.12/site-packages/torchvision/datasets/cifar.py:83: VisibleDeprecationWarning: dtype(): align should be passed as Python or NumPy boolean but got `align=0`. Did you mean to pass a tuple to create a subarray type? (Deprecated NumPy 2.4)
  entry = pickle.load(f, encoding="latin1")
condition=ours__impulse_noise_sev5 seed=1 gpu=2
  ep   0: R(t)=1.000  l1=1.849  l2=1.865  acc1=24.09%  acc2=21.55%  ens=22.82%  (best 22.82 @ ep 0)  [12.3s]
  ep   1: R(t)=0.846  l1=1.335  l2=1.339  acc1=26.10%  acc2=25.88%  ens=25.99%  (best 25.99 @ ep 1)  [10.1s]
  ep   2: R(t)=0.783  l1=1.111  l2=1.113  acc1=26.65%  acc2=30.28%  ens=28.46%  (best 28.46 @ ep 2)  [10.7s]
  ep   3: R(t)=0.734  l1=0.957  l2=0.948  acc1=27.95%  acc2=28.99%  ens=28.47%  (best 28.47 @ ep 3)  [10.4s]
  ep   4: R(t)=0.693  l1=0.826  l2=0.813  acc1=30.54%  acc2=30.29%  ens=30.42%  (best 30.42 @ ep 4)  [9.7s]
  ep   5: R(t)=0.656  l1=0.709  l2=0.697  acc1=30.26%  acc2=30.17%  ens=30.22%  (best 30.42 @ ep 4)  [10.7s]
  ep   6: R(t)=0.623  l1=0.600  l2=0.588  acc1=29.68%  acc2=30.76%  ens=30.22%  (best 30.42 @ ep 4)  [9.8s]
  ep   7: R(t)=0.593  l1=0.510  l2=0.499  acc1=28.63%  acc2=31.12%  ens=29.87%  (best 30.42 @ ep 4)  [6.0s]
  ep   8: R(t)=0.565  l1=0.424  l2=0.406  acc1=30.53%  acc2=32.00%  ens=31.26%  (best 31.26 @ ep 8)  [4.4s]
  ep   9: R(t)=0.539  l1=0.342  l2=0.343  acc1=32.40%  acc2=29.04%  ens=30.72%  (best 31.26 @ ep 8)  [4.2s]
  ep  10: R(t)=0.514  l1=0.260  l2=0.257  acc1=32.30%  acc2=28.37%  ens=30.34%  (best 31.26 @ ep 8)  [4.5s]
  ep  11: R(t)=0.514  l1=0.232  l2=0.223  acc1=33.00%  acc2=32.90%  ens=32.95%  (best 32.95 @ ep 11)  [4.2s]
  ep  12: R(t)=0.514  l1=0.254  l2=0.239  acc1=29.08%  acc2=27.92%  ens=28.50%  (best 32.95 @ ep 11)  [4.3s]
  ep  13: R(t)=0.514  l1=0.227  l2=0.231  acc1=28.13%  acc2=29.65%  ens=28.89%  (best 32.95 @ ep 11)  [4.5s]
  ep  14: R(t)=0.514  l1=0.223  l2=0.221  acc1=31.16%  acc2=31.26%  ens=31.21%  (best 32.95 @ ep 11)  [4.1s]
  ep  15: R(t)=0.514  l1=0.221  l2=0.212  acc1=29.45%  acc2=31.34%  ens=30.39%  (best 32.95 @ ep 11)  [4.3s]
  ep  16: R(t)=0.514  l1=0.219  l2=0.216  acc1=32.86%  acc2=32.64%  ens=32.75%  (best 32.95 @ ep 11)  [4.3s]
  ep  17: R(t)=0.514  l1=0.216  l2=0.214  acc1=31.55%  acc2=29.69%  ens=30.62%  (best 32.95 @ ep 11)  [4.3s]
  ep  18: R(t)=0.514  l1=0.214  l2=0.211  acc1=31.40%  acc2=32.22%  ens=31.81%  (best 32.95 @ ep 11)  [4.2s]
  ep  19: R(t)=0.514  l1=0.192  l2=0.196  acc1=33.14%  acc2=32.59%  ens=32.87%  (best 32.95 @ ep 11)  [4.4s]
  ep  20: R(t)=0.514  l1=0.216  l2=0.221  acc1=31.56%  acc2=29.74%  ens=30.65%  (best 32.95 @ ep 11)  [4.2s]
  ep  21: R(t)=0.514  l1=0.197  l2=0.200  acc1=31.33%  acc2=33.72%  ens=32.53%  (best 32.95 @ ep 11)  [7.9s]
  ep  22: R(t)=0.514  l1=0.184  l2=0.188  acc1=33.95%  acc2=31.93%  ens=32.94%  (best 32.95 @ ep 11)  [9.5s]
  ep  23: R(t)=0.514  l1=0.191  l2=0.194  acc1=31.14%  acc2=30.72%  ens=30.93%  (best 32.95 @ ep 11)  [4.3s]
  ep  24: R(t)=0.514  l1=0.180  l2=0.178  acc1=32.38%  acc2=31.52%  ens=31.95%  (best 32.95 @ ep 11)  [4.4s]
  ep  25: R(t)=0.514  l1=0.186  l2=0.187  acc1=33.79%  acc2=31.26%  ens=32.52%  (best 32.95 @ ep 11)  [4.4s]
  ep  26: R(t)=0.514  l1=0.169  l2=0.171  acc1=32.09%  acc2=32.69%  ens=32.39%  (best 32.95 @ ep 11)  [4.3s]
  ep  27: R(t)=0.514  l1=0.176  l2=0.180  acc1=33.52%  acc2=33.41%  ens=33.47%  (best 33.47 @ ep 27)  [4.4s]
  ep  28: R(t)=0.514  l1=0.179  l2=0.167  acc1=29.15%  acc2=30.32%  ens=29.73%  (best 33.47 @ ep 27)  [4.3s]
  ep  29: R(t)=0.514  l1=0.177  l2=0.173  acc1=30.04%  acc2=31.99%  ens=31.02%  (best 33.47 @ ep 27)  [4.4s]
  ep  30: R(t)=0.514  l1=0.165  l2=0.172  acc1=33.94%  acc2=34.12%  ens=34.03%  (best 34.03 @ ep 30)  [4.3s]
  ep  31: R(t)=0.514  l1=0.160  l2=0.159  acc1=30.43%  acc2=30.20%  ens=30.32%  (best 34.03 @ ep 30)  [4.3s]
  ep  32: R(t)=0.514  l1=0.160  l2=0.156  acc1=31.95%  acc2=32.92%  ens=32.44%  (best 34.03 @ ep 30)  [4.4s]
  ep  33: R(t)=0.514  l1=0.165  l2=0.165  acc1=31.97%  acc2=32.08%  ens=32.02%  (best 34.03 @ ep 30)  [4.4s]
  ep  34: R(t)=0.514  l1=0.141  l2=0.145  acc1=32.10%  acc2=34.21%  ens=33.16%  (best 34.03 @ ep 30)  [4.3s]
  ep  35: R(t)=0.514  l1=0.153  l2=0.150  acc1=33.19%  acc2=30.49%  ens=31.84%  (best 34.03 @ ep 30)  [4.3s]
  ep  36: R(t)=0.514  l1=0.148  l2=0.151  acc1=35.82%  acc2=36.14%  ens=35.98%  (best 35.98 @ ep 36)  [7.8s]
  ep  37: R(t)=0.514  l1=0.143  l2=0.148  acc1=34.30%  acc2=33.28%  ens=33.79%  (best 35.98 @ ep 36)  [9.5s]
  ep  38: R(t)=0.514  l1=0.144  l2=0.146  acc1=33.74%  acc2=34.93%  ens=34.34%  (best 35.98 @ ep 36)  [10.0s]
  ep  39: R(t)=0.514  l1=0.147  l2=0.147  acc1=32.20%  acc2=31.56%  ens=31.88%  (best 35.98 @ ep 36)  [9.6s]
  ep  40: R(t)=0.514  l1=0.159  l2=0.156  acc1=32.23%  acc2=32.54%  ens=32.38%  (best 35.98 @ ep 36)  [10.1s]
  ep  41: R(t)=0.514  l1=0.161  l2=0.155  acc1=33.97%  acc2=34.07%  ens=34.02%  (best 35.98 @ ep 36)  [10.1s]
  ep  42: R(t)=0.514  l1=0.142  l2=0.149  acc1=33.70%  acc2=33.95%  ens=33.83%  (best 35.98 @ ep 36)  [6.6s]
  ep  43: R(t)=0.514  l1=0.139  l2=0.142  acc1=33.97%  acc2=33.40%  ens=33.68%  (best 35.98 @ ep 36)  [4.4s]
  ep  44: R(t)=0.514  l1=0.154  l2=0.154  acc1=32.77%  acc2=32.66%  ens=32.71%  (best 35.98 @ ep 36)  [4.5s]
  ep  45: R(t)=0.514  l1=0.131  l2=0.123  acc1=33.24%  acc2=33.20%  ens=33.22%  (best 35.98 @ ep 36)  [4.2s]
  ep  46: R(t)=0.514  l1=0.124  l2=0.122  acc1=32.96%  acc2=35.95%  ens=34.46%  (best 35.98 @ ep 36)  [4.3s]
  ep  47: R(t)=0.514  l1=0.118  l2=0.120  acc1=36.02%  acc2=34.05%  ens=35.04%  (best 35.98 @ ep 36)  [4.1s]
  ep  48: R(t)=0.514  l1=0.121  l2=0.128  acc1=33.26%  acc2=34.73%  ens=33.99%  (best 35.98 @ ep 36)  [4.2s]
  ep  49: R(t)=0.514  l1=0.124  l2=0.129  acc1=34.42%  acc2=33.51%  ens=33.97%  (best 35.98 @ ep 36)  [4.5s]
  ep  50: R(t)=0.514  l1=0.138  l2=0.138  acc1=34.31%  acc2=34.09%  ens=34.20%  (best 35.98 @ ep 36)  [4.0s]
  ep  51: R(t)=0.514  l1=0.127  l2=0.121  acc1=33.31%  acc2=34.10%  ens=33.70%  (best 35.98 @ ep 36)  [4.4s]
  ep  52: R(t)=0.514  l1=0.137  l2=0.135  acc1=34.62%  acc2=32.64%  ens=33.63%  (best 35.98 @ ep 36)  [4.1s]
  ep  53: R(t)=0.514  l1=0.114  l2=0.121  acc1=33.63%  acc2=33.29%  ens=33.46%  (best 35.98 @ ep 36)  [4.3s]
  ep  54: R(t)=0.514  l1=0.099  l2=0.101  acc1=33.55%  acc2=35.26%  ens=34.41%  (best 35.98 @ ep 36)  [4.6s]
  ep  55: R(t)=0.514  l1=0.128  l2=0.123  acc1=33.08%  acc2=34.14%  ens=33.61%  (best 35.98 @ ep 36)  [4.3s]
  ep  56: R(t)=0.514  l1=0.118  l2=0.125  acc1=35.02%  acc2=34.64%  ens=34.83%  (best 35.98 @ ep 36)  [4.5s]
  ep  57: R(t)=0.514  l1=0.099  l2=0.103  acc1=34.56%  acc2=33.15%  ens=33.86%  (best 35.98 @ ep 36)  [9.8s]
  ep  58: R(t)=0.514  l1=0.106  l2=0.103  acc1=32.73%  acc2=33.31%  ens=33.02%  (best 35.98 @ ep 36)  [9.8s]
  ep  59: R(t)=0.514  l1=0.093  l2=0.091  acc1=34.25%  acc2=34.45%  ens=34.35%  (best 35.98 @ ep 36)  [10.3s]
  ep  60: R(t)=0.514  l1=0.091  l2=0.094  acc1=34.88%  acc2=34.53%  ens=34.70%  (best 35.98 @ ep 36)  [9.9s]
  ep  61: R(t)=0.514  l1=0.090  l2=0.090  acc1=33.23%  acc2=33.99%  ens=33.61%  (best 35.98 @ ep 36)  [10.1s]
  ep  62: R(t)=0.514  l1=0.102  l2=0.099  acc1=34.81%  acc2=33.12%  ens=33.97%  (best 35.98 @ ep 36)  [9.5s]
  ep  63: R(t)=0.514  l1=0.092  l2=0.094  acc1=35.94%  acc2=36.26%  ens=36.10%  (best 36.10 @ ep 63)  [9.6s]
  ep  64: R(t)=0.514  l1=0.085  l2=0.084  acc1=33.02%  acc2=32.88%  ens=32.95%  (best 36.10 @ ep 63)  [9.8s]
  ep  65: R(t)=0.514  l1=0.097  l2=0.092  acc1=34.55%  acc2=35.48%  ens=35.01%  (best 36.10 @ ep 63)  [9.0s]
  ep  66: R(t)=0.514  l1=0.100  l2=0.099  acc1=34.20%  acc2=34.31%  ens=34.26%  (best 36.10 @ ep 63)  [4.3s]
  ep  67: R(t)=0.514  l1=0.073  l2=0.074  acc1=33.18%  acc2=32.18%  ens=32.68%  (best 36.10 @ ep 63)  [4.5s]
  ep  68: R(t)=0.514  l1=0.077  l2=0.076  acc1=35.76%  acc2=35.16%  ens=35.46%  (best 36.10 @ ep 63)  [4.2s]
  ep  69: R(t)=0.514  l1=0.077  l2=0.078  acc1=34.12%  acc2=34.63%  ens=34.38%  (best 36.10 @ ep 63)  [4.4s]
  ep  70: R(t)=0.514  l1=0.082  l2=0.080  acc1=36.25%  acc2=36.49%  ens=36.37%  (best 36.37 @ ep 70)  [4.3s]
  ep  71: R(t)=0.514  l1=0.063  l2=0.068  acc1=34.45%  acc2=34.80%  ens=34.62%  (best 36.37 @ ep 70)  [4.3s]
  ep  72: R(t)=0.514  l1=0.059  l2=0.055  acc1=34.90%  acc2=35.03%  ens=34.97%  (best 36.37 @ ep 70)  [4.3s]
  ep  73: R(t)=0.514  l1=0.062  l2=0.062  acc1=35.38%  acc2=35.24%  ens=35.31%  (best 36.37 @ ep 70)  [4.4s]
  ep  74: R(t)=0.514  l1=0.077  l2=0.071  acc1=34.73%  acc2=34.92%  ens=34.83%  (best 36.37 @ ep 70)  [4.4s]
  ep  75: R(t)=0.514  l1=0.055  l2=0.051  acc1=35.91%  acc2=35.49%  ens=35.70%  (best 36.37 @ ep 70)  [4.3s]
  ep  76: R(t)=0.514  l1=0.062  l2=0.061  acc1=34.51%  acc2=34.58%  ens=34.55%  (best 36.37 @ ep 70)  [4.2s]
  ep  77: R(t)=0.514  l1=0.061  l2=0.061  acc1=36.26%  acc2=35.79%  ens=36.02%  (best 36.37 @ ep 70)  [4.3s]
  ep  78: R(t)=0.514  l1=0.067  l2=0.064  acc1=35.48%  acc2=35.51%  ens=35.49%  (best 36.37 @ ep 70)  [4.4s]
  ep  79: R(t)=0.514  l1=0.055  l2=0.055  acc1=36.11%  acc2=36.26%  ens=36.19%  (best 36.37 @ ep 70)  [6.6s]
  ep  80: R(t)=0.514  l1=0.050  l2=0.045  acc1=35.24%  acc2=34.58%  ens=34.91%  (best 36.37 @ ep 70)  [12.2s]
  ep  81: R(t)=0.514  l1=0.058  l2=0.055  acc1=36.30%  acc2=36.03%  ens=36.17%  (best 36.37 @ ep 70)  [11.2s]
  ep  82: R(t)=0.514  l1=0.047  l2=0.044  acc1=35.78%  acc2=35.66%  ens=35.72%  (best 36.37 @ ep 70)  [11.7s]
  ep  83: R(t)=0.514  l1=0.045  l2=0.043  acc1=34.82%  acc2=34.76%  ens=34.79%  (best 36.37 @ ep 70)  [4.5s]
  ep  84: R(t)=0.514  l1=0.041  l2=0.041  acc1=35.99%  acc2=35.42%  ens=35.70%  (best 36.37 @ ep 70)  [4.2s]
  ep  85: R(t)=0.514  l1=0.037  l2=0.038  acc1=35.88%  acc2=35.49%  ens=35.69%  (best 36.37 @ ep 70)  [4.4s]
  ep  86: R(t)=0.514  l1=0.043  l2=0.042  acc1=35.63%  acc2=35.80%  ens=35.71%  (best 36.37 @ ep 70)  [4.3s]
  ep  87: R(t)=0.514  l1=0.045  l2=0.045  acc1=36.05%  acc2=35.88%  ens=35.97%  (best 36.37 @ ep 70)  [4.2s]
  ep  88: R(t)=0.514  l1=0.046  l2=0.047  acc1=36.02%  acc2=35.94%  ens=35.98%  (best 36.37 @ ep 70)  [4.2s]
  ep  89: R(t)=0.514  l1=0.035  l2=0.033  acc1=35.69%  acc2=35.55%  ens=35.62%  (best 36.37 @ ep 70)  [4.3s]
  ep  90: R(t)=0.514  l1=0.047  l2=0.047  acc1=35.63%  acc2=35.61%  ens=35.62%  (best 36.37 @ ep 70)  [4.3s]
  ep  91: R(t)=0.514  l1=0.035  l2=0.035  acc1=35.84%  acc2=35.83%  ens=35.84%  (best 36.37 @ ep 70)  [4.3s]
  ep  92: R(t)=0.514  l1=0.047  l2=0.046  acc1=35.83%  acc2=35.79%  ens=35.81%  (best 36.37 @ ep 70)  [4.3s]
  ep  93: R(t)=0.514  l1=0.032  l2=0.030  acc1=35.78%  acc2=35.62%  ens=35.70%  (best 36.37 @ ep 70)  [4.2s]
  ep  94: R(t)=0.514  l1=0.035  l2=0.035  acc1=35.66%  acc2=35.63%  ens=35.64%  (best 36.37 @ ep 70)  [4.4s]
  ep  95: R(t)=0.514  l1=0.060  l2=0.059  acc1=35.77%  acc2=35.65%  ens=35.71%  (best 36.37 @ ep 70)  [4.4s]
  ep  96: R(t)=0.514  l1=0.042  l2=0.042  acc1=36.09%  acc2=36.08%  ens=36.09%  (best 36.37 @ ep 70)  [4.4s]
  ep  97: R(t)=0.514  l1=0.045  l2=0.045  acc1=36.08%  acc2=35.99%  ens=36.04%  (best 36.37 @ ep 70)  [5.1s]
  ep  98: R(t)=0.514  l1=0.030  l2=0.030  acc1=36.00%  acc2=35.90%  ens=35.95%  (best 36.37 @ ep 70)  [10.5s]
  ep  99: R(t)=0.514  l1=0.040  l2=0.038  acc1=36.16%  acc2=36.15%  ens=36.16%  (best 36.37 @ ep 70)  [10.9s]

saved /path/to/ciln-workspace/journal_edition/robustness_transfer/results_v3/coteaching/ours__impulse_noise_sev5__seed1.json: best ens-acc 36.37% @ ep 70
[01:21:35] gpu 2: ours__impulse_noise_sev5 seed 2 -> ../logs/coteaching_v3/ours__impulse_noise_sev5__seed2.log
/path/to/ciln-workspace/venv/lib/python3.12/site-packages/torchvision/datasets/cifar.py:83: VisibleDeprecationWarning: dtype(): align should be passed as Python or NumPy boolean but got `align=0`. Did you mean to pass a tuple to create a subarray type? (Deprecated NumPy 2.4)
  entry = pickle.load(f, encoding="latin1")
condition=ours__impulse_noise_sev5 seed=2 gpu=2
  ep   0: R(t)=1.000  l1=1.872  l2=1.861  acc1=22.01%  acc2=24.87%  ens=23.44%  (best 23.44 @ ep 0)  [5.3s]
  ep   1: R(t)=0.846  l1=1.366  l2=1.324  acc1=23.05%  acc2=23.36%  ens=23.21%  (best 23.44 @ ep 0)  [4.2s]
  ep   2: R(t)=0.783  l1=1.122  l2=1.110  acc1=27.71%  acc2=28.67%  ens=28.19%  (best 28.19 @ ep 2)  [4.5s]
  ep   3: R(t)=0.734  l1=0.979  l2=0.968  acc1=26.53%  acc2=27.20%  ens=26.86%  (best 28.19 @ ep 2)  [4.2s]
  ep   4: R(t)=0.693  l1=0.864  l2=0.858  acc1=27.72%  acc2=29.02%  ens=28.37%  (best 28.37 @ ep 4)  [4.1s]
  ep   5: R(t)=0.656  l1=0.742  l2=0.730  acc1=27.94%  acc2=28.10%  ens=28.02%  (best 28.37 @ ep 4)  [4.2s]
  ep   6: R(t)=0.623  l1=0.617  l2=0.623  acc1=29.78%  acc2=30.81%  ens=30.29%  (best 30.29 @ ep 6)  [4.3s]
  ep   7: R(t)=0.593  l1=0.521  l2=0.510  acc1=30.17%  acc2=31.39%  ens=30.78%  (best 30.78 @ ep 7)  [4.5s]
  ep   8: R(t)=0.565  l1=0.416  l2=0.417  acc1=31.30%  acc2=31.59%  ens=31.45%  (best 31.45 @ ep 8)  [4.3s]
  ep   9: R(t)=0.539  l1=0.357  l2=0.355  acc1=28.87%  acc2=27.22%  ens=28.04%  (best 31.45 @ ep 8)  [4.2s]
  ep  10: R(t)=0.514  l1=0.282  l2=0.280  acc1=30.53%  acc2=30.84%  ens=30.69%  (best 31.45 @ ep 8)  [4.5s]
  ep  11: R(t)=0.514  l1=0.286  l2=0.269  acc1=30.56%  acc2=29.72%  ens=30.14%  (best 31.45 @ ep 8)  [4.4s]
  ep  12: R(t)=0.514  l1=0.251  l2=0.249  acc1=28.36%  acc2=29.37%  ens=28.87%  (best 31.45 @ ep 8)  [4.3s]
  ep  13: R(t)=0.514  l1=0.223  l2=0.222  acc1=29.98%  acc2=29.41%  ens=29.70%  (best 31.45 @ ep 8)  [8.5s]
  ep  14: R(t)=0.514  l1=0.214  l2=0.220  acc1=31.60%  acc2=32.13%  ens=31.86%  (best 31.86 @ ep 14)  [9.7s]
  ep  15: R(t)=0.514  l1=0.227  l2=0.230  acc1=30.50%  acc2=31.92%  ens=31.21%  (best 31.86 @ ep 14)  [9.6s]
  ep  16: R(t)=0.514  l1=0.234  l2=0.233  acc1=31.33%  acc2=32.69%  ens=32.01%  (best 32.01 @ ep 16)  [9.6s]
  ep  17: R(t)=0.514  l1=0.192  l2=0.194  acc1=32.05%  acc2=32.00%  ens=32.03%  (best 32.03 @ ep 17)  [9.4s]
  ep  18: R(t)=0.514  l1=0.210  l2=0.202  acc1=25.80%  acc2=31.10%  ens=28.45%  (best 32.03 @ ep 17)  [9.9s]
  ep  19: R(t)=0.514  l1=0.213  l2=0.209  acc1=34.18%  acc2=33.99%  ens=34.09%  (best 34.09 @ ep 19)  [9.9s]
  ep  20: R(t)=0.514  l1=0.178  l2=0.180  acc1=32.63%  acc2=29.92%  ens=31.27%  (best 34.09 @ ep 19)  [9.7s]
  ep  21: R(t)=0.514  l1=0.206  l2=0.205  acc1=27.67%  acc2=30.44%  ens=29.05%  (best 34.09 @ ep 19)  [9.4s]
  ep  22: R(t)=0.514  l1=0.170  l2=0.170  acc1=28.55%  acc2=33.32%  ens=30.94%  (best 34.09 @ ep 19)  [6.7s]
  ep  23: R(t)=0.514  l1=0.200  l2=0.193  acc1=30.47%  acc2=31.00%  ens=30.73%  (best 34.09 @ ep 19)  [4.5s]
  ep  24: R(t)=0.514  l1=0.184  l2=0.187  acc1=32.09%  acc2=31.49%  ens=31.79%  (best 34.09 @ ep 19)  [4.3s]
  ep  25: R(t)=0.514  l1=0.179  l2=0.180  acc1=32.27%  acc2=31.10%  ens=31.68%  (best 34.09 @ ep 19)  [4.4s]
  ep  26: R(t)=0.514  l1=0.162  l2=0.160  acc1=31.96%  acc2=32.05%  ens=32.01%  (best 34.09 @ ep 19)  [4.3s]
  ep  27: R(t)=0.514  l1=0.179  l2=0.181  acc1=34.19%  acc2=32.30%  ens=33.25%  (best 34.09 @ ep 19)  [4.3s]
  ep  28: R(t)=0.514  l1=0.171  l2=0.171  acc1=34.99%  acc2=33.15%  ens=34.07%  (best 34.09 @ ep 19)  [4.4s]
  ep  29: R(t)=0.514  l1=0.169  l2=0.170  acc1=33.61%  acc2=32.58%  ens=33.09%  (best 34.09 @ ep 19)  [4.4s]
  ep  30: R(t)=0.514  l1=0.161  l2=0.163  acc1=32.29%  acc2=31.67%  ens=31.98%  (best 34.09 @ ep 19)  [4.6s]
  ep  31: R(t)=0.514  l1=0.166  l2=0.167  acc1=30.05%  acc2=31.19%  ens=30.62%  (best 34.09 @ ep 19)  [4.3s]
  ep  32: R(t)=0.514  l1=0.165  l2=0.158  acc1=31.58%  acc2=33.60%  ens=32.59%  (best 34.09 @ ep 19)  [4.4s]
  ep  33: R(t)=0.514  l1=0.154  l2=0.160  acc1=32.74%  acc2=32.03%  ens=32.38%  (best 34.09 @ ep 19)  [4.5s]
  ep  34: R(t)=0.514  l1=0.154  l2=0.153  acc1=32.32%  acc2=30.92%  ens=31.62%  (best 34.09 @ ep 19)  [4.3s]
  ep  35: R(t)=0.514  l1=0.167  l2=0.162  acc1=32.95%  acc2=32.41%  ens=32.68%  (best 34.09 @ ep 19)  [4.5s]
  ep  36: R(t)=0.514  l1=0.147  l2=0.150  acc1=31.74%  acc2=32.10%  ens=31.92%  (best 34.09 @ ep 19)  [5.3s]
  ep  37: R(t)=0.514  l1=0.148  l2=0.156  acc1=31.00%  acc2=32.23%  ens=31.61%  (best 34.09 @ ep 19)  [9.8s]
  ep  38: R(t)=0.514  l1=0.140  l2=0.136  acc1=33.65%  acc2=33.55%  ens=33.60%  (best 34.09 @ ep 19)  [9.5s]
  ep  39: R(t)=0.514  l1=0.134  l2=0.138  acc1=32.88%  acc2=28.63%  ens=30.75%  (best 34.09 @ ep 19)  [9.8s]
  ep  40: R(t)=0.514  l1=0.149  l2=0.148  acc1=33.03%  acc2=32.72%  ens=32.88%  (best 34.09 @ ep 19)  [9.6s]
  ep  41: R(t)=0.514  l1=0.157  l2=0.148  acc1=30.96%  acc2=32.39%  ens=31.67%  (best 34.09 @ ep 19)  [10.3s]
  ep  42: R(t)=0.514  l1=0.152  l2=0.147  acc1=34.15%  acc2=32.87%  ens=33.51%  (best 34.09 @ ep 19)  [9.9s]
  ep  43: R(t)=0.514  l1=0.133  l2=0.137  acc1=33.25%  acc2=33.22%  ens=33.24%  (best 34.09 @ ep 19)  [9.5s]
  ep  44: R(t)=0.514  l1=0.139  l2=0.145  acc1=32.71%  acc2=34.00%  ens=33.36%  (best 34.09 @ ep 19)  [9.7s]
  ep  45: R(t)=0.514  l1=0.126  l2=0.131  acc1=33.63%  acc2=34.42%  ens=34.02%  (best 34.09 @ ep 19)  [9.2s]
  ep  46: R(t)=0.514  l1=0.120  l2=0.113  acc1=35.09%  acc2=33.94%  ens=34.51%  (best 34.51 @ ep 46)  [4.8s]
  ep  47: R(t)=0.514  l1=0.121  l2=0.123  acc1=35.70%  acc2=36.70%  ens=36.20%  (best 36.20 @ ep 47)  [4.2s]
  ep  48: R(t)=0.514  l1=0.153  l2=0.153  acc1=31.75%  acc2=31.07%  ens=31.41%  (best 36.20 @ ep 47)  [4.3s]
  ep  49: R(t)=0.514  l1=0.135  l2=0.132  acc1=34.85%  acc2=33.48%  ens=34.16%  (best 36.20 @ ep 47)  [4.5s]
  ep  50: R(t)=0.514  l1=0.118  l2=0.119  acc1=32.78%  acc2=34.44%  ens=33.61%  (best 36.20 @ ep 47)  [4.4s]
  ep  51: R(t)=0.514  l1=0.112  l2=0.117  acc1=34.20%  acc2=32.09%  ens=33.15%  (best 36.20 @ ep 47)  [4.2s]
  ep  52: R(t)=0.514  l1=0.137  l2=0.130  acc1=35.41%  acc2=34.74%  ens=35.08%  (best 36.20 @ ep 47)  [4.3s]
  ep  53: R(t)=0.514  l1=0.117  l2=0.119  acc1=33.55%  acc2=35.17%  ens=34.36%  (best 36.20 @ ep 47)  [4.4s]
  ep  54: R(t)=0.514  l1=0.118  l2=0.120  acc1=32.54%  acc2=33.77%  ens=33.16%  (best 36.20 @ ep 47)  [4.3s]
  ep  55: R(t)=0.514  l1=0.109  l2=0.114  acc1=34.00%  acc2=33.43%  ens=33.72%  (best 36.20 @ ep 47)  [4.3s]
  ep  56: R(t)=0.514  l1=0.091  l2=0.091  acc1=34.50%  acc2=33.88%  ens=34.19%  (best 36.20 @ ep 47)  [4.2s]
  ep  57: R(t)=0.514  l1=0.116  l2=0.123  acc1=35.08%  acc2=34.45%  ens=34.77%  (best 36.20 @ ep 47)  [4.4s]
  ep  58: R(t)=0.514  l1=0.111  l2=0.104  acc1=33.88%  acc2=33.65%  ens=33.77%  (best 36.20 @ ep 47)  [4.2s]
  ep  59: R(t)=0.514  l1=0.093  l2=0.096  acc1=34.73%  acc2=33.81%  ens=34.27%  (best 36.20 @ ep 47)  [4.4s]
  ep  60: R(t)=0.514  l1=0.091  l2=0.091  acc1=35.47%  acc2=36.07%  ens=35.77%  (best 36.20 @ ep 47)  [10.6s]
  ep  61: R(t)=0.514  l1=0.097  l2=0.098  acc1=34.56%  acc2=34.06%  ens=34.31%  (best 36.20 @ ep 47)  [11.8s]
  ep  62: R(t)=0.514  l1=0.098  l2=0.098  acc1=34.98%  acc2=34.70%  ens=34.84%  (best 36.20 @ ep 47)  [11.0s]
  ep  63: R(t)=0.514  l1=0.094  l2=0.094  acc1=33.28%  acc2=33.37%  ens=33.32%  (best 36.20 @ ep 47)  [11.0s]
  ep  64: R(t)=0.514  l1=0.091  l2=0.096  acc1=34.30%  acc2=33.51%  ens=33.91%  (best 36.20 @ ep 47)  [10.2s]
  ep  65: R(t)=0.514  l1=0.100  l2=0.102  acc1=33.46%  acc2=33.05%  ens=33.26%  (best 36.20 @ ep 47)  [7.2s]
  ep  66: R(t)=0.514  l1=0.075  l2=0.076  acc1=34.65%  acc2=35.15%  ens=34.90%  (best 36.20 @ ep 47)  [4.4s]
  ep  67: R(t)=0.514  l1=0.087  l2=0.082  acc1=34.86%  acc2=35.89%  ens=35.38%  (best 36.20 @ ep 47)  [4.4s]
  ep  68: R(t)=0.514  l1=0.093  l2=0.088  acc1=35.32%  acc2=34.93%  ens=35.12%  (best 36.20 @ ep 47)  [4.2s]
  ep  69: R(t)=0.514  l1=0.063  l2=0.065  acc1=35.52%  acc2=35.44%  ens=35.48%  (best 36.20 @ ep 47)  [4.3s]
  ep  70: R(t)=0.514  l1=0.084  l2=0.084  acc1=35.14%  acc2=35.51%  ens=35.33%  (best 36.20 @ ep 47)  [4.3s]
  ep  71: R(t)=0.514  l1=0.081  l2=0.083  acc1=35.67%  acc2=35.51%  ens=35.59%  (best 36.20 @ ep 47)  [4.3s]
  ep  72: R(t)=0.514  l1=0.079  l2=0.082  acc1=34.53%  acc2=35.36%  ens=34.95%  (best 36.20 @ ep 47)  [4.3s]
  ep  73: R(t)=0.514  l1=0.068  l2=0.070  acc1=36.07%  acc2=35.97%  ens=36.02%  (best 36.20 @ ep 47)  [4.6s]
  ep  74: R(t)=0.514  l1=0.066  l2=0.068  acc1=33.88%  acc2=34.09%  ens=33.98%  (best 36.20 @ ep 47)  [4.3s]
  ep  75: R(t)=0.514  l1=0.067  l2=0.065  acc1=34.86%  acc2=34.60%  ens=34.73%  (best 36.20 @ ep 47)  [4.4s]
  ep  76: R(t)=0.514  l1=0.062  l2=0.059  acc1=36.20%  acc2=35.87%  ens=36.04%  (best 36.20 @ ep 47)  [4.4s]
  ep  77: R(t)=0.514  l1=0.055  l2=0.056  acc1=35.58%  acc2=35.22%  ens=35.40%  (best 36.20 @ ep 47)  [4.3s]
  ep  78: R(t)=0.514  l1=0.060  l2=0.058  acc1=34.82%  acc2=34.93%  ens=34.88%  (best 36.20 @ ep 47)  [4.4s]
  ep  79: R(t)=0.514  l1=0.051  l2=0.050  acc1=35.04%  acc2=35.30%  ens=35.17%  (best 36.20 @ ep 47)  [8.5s]
  ep  80: R(t)=0.514  l1=0.040  l2=0.039  acc1=36.02%  acc2=35.86%  ens=35.94%  (best 36.20 @ ep 47)  [11.0s]
  ep  81: R(t)=0.514  l1=0.053  l2=0.052  acc1=35.56%  acc2=35.74%  ens=35.65%  (best 36.20 @ ep 47)  [11.0s]
  ep  82: R(t)=0.514  l1=0.042  l2=0.044  acc1=35.45%  acc2=35.42%  ens=35.44%  (best 36.20 @ ep 47)  [10.4s]
  ep  83: R(t)=0.514  l1=0.042  l2=0.042  acc1=34.69%  acc2=35.31%  ens=35.00%  (best 36.20 @ ep 47)  [11.7s]
  ep  84: R(t)=0.514  l1=0.048  l2=0.048  acc1=35.62%  acc2=35.56%  ens=35.59%  (best 36.20 @ ep 47)  [10.8s]
  ep  85: R(t)=0.514  l1=0.040  l2=0.042  acc1=36.06%  acc2=36.08%  ens=36.07%  (best 36.20 @ ep 47)  [10.3s]
  ep  86: R(t)=0.514  l1=0.047  l2=0.044  acc1=35.63%  acc2=35.46%  ens=35.55%  (best 36.20 @ ep 47)  [11.8s]
  ep  87: R(t)=0.514  l1=0.056  l2=0.058  acc1=35.65%  acc2=35.66%  ens=35.66%  (best 36.20 @ ep 47)  [10.6s]
  ep  88: R(t)=0.514  l1=0.045  l2=0.044  acc1=35.75%  acc2=35.87%  ens=35.81%  (best 36.20 @ ep 47)  [4.1s]
  ep  89: R(t)=0.514  l1=0.033  l2=0.032  acc1=35.82%  acc2=35.56%  ens=35.69%  (best 36.20 @ ep 47)  [4.2s]
  ep  90: R(t)=0.514  l1=0.034  l2=0.034  acc1=35.59%  acc2=35.63%  ens=35.61%  (best 36.20 @ ep 47)  [4.3s]
  ep  91: R(t)=0.514  l1=0.041  l2=0.041  acc1=35.87%  acc2=36.00%  ens=35.94%  (best 36.20 @ ep 47)  [4.4s]
  ep  92: R(t)=0.514  l1=0.049  l2=0.049  acc1=36.04%  acc2=35.84%  ens=35.94%  (best 36.20 @ ep 47)  [4.3s]
  ep  93: R(t)=0.514  l1=0.045  l2=0.044  acc1=35.70%  acc2=35.79%  ens=35.74%  (best 36.20 @ ep 47)  [4.4s]
  ep  94: R(t)=0.514  l1=0.035  l2=0.035  acc1=36.09%  acc2=35.94%  ens=36.02%  (best 36.20 @ ep 47)  [4.3s]
  ep  95: R(t)=0.514  l1=0.039  l2=0.041  acc1=35.89%  acc2=35.80%  ens=35.84%  (best 36.20 @ ep 47)  [4.5s]
  ep  96: R(t)=0.514  l1=0.054  l2=0.054  acc1=35.77%  acc2=35.80%  ens=35.78%  (best 36.20 @ ep 47)  [4.4s]
  ep  97: R(t)=0.514  l1=0.047  l2=0.048  acc1=35.81%  acc2=35.82%  ens=35.81%  (best 36.20 @ ep 47)  [4.4s]
  ep  98: R(t)=0.514  l1=0.036  l2=0.035  acc1=36.09%  acc2=36.13%  ens=36.11%  (best 36.20 @ ep 47)  [4.3s]
  ep  99: R(t)=0.514  l1=0.025  l2=0.025  acc1=36.25%  acc2=36.34%  ens=36.30%  (best 36.30 @ ep 99)  [4.5s]

saved /path/to/ciln-workspace/journal_edition/robustness_transfer/results_v3/coteaching/ours__impulse_noise_sev5__seed2.json: best ens-acc 36.30% @ ep 99
