[21:37:59] gpu 2: ours__impulse_noise_sev3 seed 0 -> ../logs/erm_v3/ours__impulse_noise_sev3__seed0.log
/path/to/ciln-workspace/venv/lib/python3.12/site-packages/torchvision/datasets/cifar.py:83: VisibleDeprecationWarning: dtype(): align should be passed as Python or NumPy boolean but got `align=0`. Did you mean to pass a tuple to create a subarray type? (Deprecated NumPy 2.4)
  entry = pickle.load(f, encoding="latin1")
condition=ours__impulse_noise_sev3 seed=0 gpu=2
  ep   0: loss=1.8245  test_acc=23.15%  (best 23.15 @ ep 0)  [3.2s]
  ep   1: loss=1.6322  test_acc=20.57%  (best 23.15 @ ep 0)  [2.4s]
  ep   2: loss=1.6442  test_acc=25.97%  (best 25.97 @ ep 2)  [2.2s]
  ep   3: loss=1.4632  test_acc=33.17%  (best 33.17 @ ep 3)  [2.3s]
  ep   4: loss=1.3933  test_acc=39.23%  (best 39.23 @ ep 4)  [2.3s]
  ep   5: loss=1.3495  test_acc=41.03%  (best 41.03 @ ep 5)  [2.2s]
  ep   6: loss=1.2237  test_acc=40.42%  (best 41.03 @ ep 5)  [2.6s]
  ep   7: loss=1.2171  test_acc=44.03%  (best 44.03 @ ep 7)  [2.4s]
  ep   8: loss=1.1807  test_acc=43.96%  (best 44.03 @ ep 7)  [2.4s]
  ep   9: loss=1.0867  test_acc=47.29%  (best 47.29 @ ep 9)  [2.4s]
  ep  10: loss=1.0768  test_acc=49.28%  (best 49.28 @ ep 10)  [2.3s]
  ep  11: loss=1.0494  test_acc=50.54%  (best 50.54 @ ep 11)  [2.4s]
  ep  12: loss=1.0261  test_acc=49.87%  (best 50.54 @ ep 11)  [2.5s]
  ep  13: loss=1.0230  test_acc=51.74%  (best 51.74 @ ep 13)  [2.5s]
  ep  14: loss=0.9825  test_acc=44.82%  (best 51.74 @ ep 13)  [2.4s]
  ep  15: loss=0.9884  test_acc=50.47%  (best 51.74 @ ep 13)  [2.3s]
  ep  16: loss=0.9348  test_acc=47.27%  (best 51.74 @ ep 13)  [2.3s]
  ep  17: loss=1.0520  test_acc=38.19%  (best 51.74 @ ep 13)  [2.3s]
  ep  18: loss=0.9654  test_acc=50.24%  (best 51.74 @ ep 13)  [2.3s]
  ep  19: loss=0.9359  test_acc=53.61%  (best 53.61 @ ep 19)  [2.3s]
  ep  20: loss=0.9136  test_acc=56.12%  (best 56.12 @ ep 20)  [4.4s]
  ep  21: loss=0.8967  test_acc=54.20%  (best 56.12 @ ep 20)  [4.6s]
  ep  22: loss=0.8857  test_acc=56.20%  (best 56.20 @ ep 22)  [5.1s]
  ep  23: loss=0.9445  test_acc=45.42%  (best 56.20 @ ep 22)  [5.4s]
  ep  24: loss=0.9668  test_acc=51.87%  (best 56.20 @ ep 22)  [2.7s]
  ep  25: loss=0.8824  test_acc=50.64%  (best 56.20 @ ep 22)  [2.3s]
  ep  26: loss=1.0053  test_acc=51.40%  (best 56.20 @ ep 22)  [2.2s]
  ep  27: loss=0.8922  test_acc=57.84%  (best 57.84 @ ep 27)  [2.3s]
  ep  28: loss=0.8653  test_acc=51.13%  (best 57.84 @ ep 27)  [2.3s]
  ep  29: loss=0.8352  test_acc=58.60%  (best 58.60 @ ep 29)  [2.3s]
  ep  30: loss=0.8914  test_acc=60.61%  (best 60.61 @ ep 30)  [2.5s]
  ep  31: loss=0.8551  test_acc=54.61%  (best 60.61 @ ep 30)  [2.4s]
  ep  32: loss=0.8561  test_acc=54.61%  (best 60.61 @ ep 30)  [2.4s]
  ep  33: loss=0.9081  test_acc=60.55%  (best 60.61 @ ep 30)  [2.3s]
  ep  34: loss=0.8383  test_acc=58.26%  (best 60.61 @ ep 30)  [2.5s]
  ep  35: loss=0.8316  test_acc=59.25%  (best 60.61 @ ep 30)  [2.2s]
  ep  36: loss=0.7954  test_acc=57.41%  (best 60.61 @ ep 30)  [2.4s]
  ep  37: loss=0.7896  test_acc=59.63%  (best 60.61 @ ep 30)  [2.5s]
  ep  38: loss=0.8210  test_acc=54.44%  (best 60.61 @ ep 30)  [2.4s]
  ep  39: loss=0.8727  test_acc=58.86%  (best 60.61 @ ep 30)  [2.3s]
  ep  40: loss=0.7975  test_acc=52.90%  (best 60.61 @ ep 30)  [2.3s]
  ep  41: loss=0.9256  test_acc=56.64%  (best 60.61 @ ep 30)  [2.5s]
  ep  42: loss=0.8640  test_acc=61.00%  (best 61.00 @ ep 42)  [2.3s]
  ep  43: loss=0.7745  test_acc=57.73%  (best 61.00 @ ep 42)  [2.4s]
  ep  44: loss=0.7856  test_acc=59.68%  (best 61.00 @ ep 42)  [2.3s]
  ep  45: loss=0.7783  test_acc=61.78%  (best 61.78 @ ep 45)  [2.4s]
  ep  46: loss=0.7518  test_acc=54.61%  (best 61.78 @ ep 45)  [2.4s]
  ep  47: loss=0.8157  test_acc=59.60%  (best 61.78 @ ep 45)  [2.3s]
  ep  48: loss=0.7500  test_acc=55.69%  (best 61.78 @ ep 45)  [2.3s]
  ep  49: loss=0.7206  test_acc=59.56%  (best 61.78 @ ep 45)  [2.6s]
  ep  50: loss=0.7894  test_acc=61.12%  (best 61.78 @ ep 45)  [3.5s]
  ep  51: loss=0.7663  test_acc=61.33%  (best 61.78 @ ep 45)  [4.6s]
  ep  52: loss=0.7017  test_acc=60.90%  (best 61.78 @ ep 45)  [4.3s]
  ep  53: loss=0.7257  test_acc=59.91%  (best 61.78 @ ep 45)  [2.4s]
  ep  54: loss=0.7770  test_acc=58.86%  (best 61.78 @ ep 45)  [2.3s]
  ep  55: loss=0.7099  test_acc=62.00%  (best 62.00 @ ep 55)  [2.4s]
  ep  56: loss=0.7136  test_acc=51.98%  (best 62.00 @ ep 55)  [2.4s]
  ep  57: loss=0.9342  test_acc=55.43%  (best 62.00 @ ep 55)  [2.3s]
  ep  58: loss=0.8129  test_acc=58.92%  (best 62.00 @ ep 55)  [2.4s]
  ep  59: loss=0.8026  test_acc=48.15%  (best 62.00 @ ep 55)  [2.3s]
  ep  60: loss=0.9279  test_acc=60.21%  (best 62.00 @ ep 55)  [2.4s]
  ep  61: loss=0.7777  test_acc=61.25%  (best 62.00 @ ep 55)  [2.4s]
  ep  62: loss=0.7338  test_acc=58.80%  (best 62.00 @ ep 55)  [2.3s]
  ep  63: loss=0.7130  test_acc=62.06%  (best 62.06 @ ep 63)  [2.3s]
  ep  64: loss=0.7214  test_acc=61.77%  (best 62.06 @ ep 63)  [2.3s]
  ep  65: loss=0.7427  test_acc=61.02%  (best 62.06 @ ep 63)  [2.5s]
  ep  66: loss=0.6788  test_acc=59.25%  (best 62.06 @ ep 63)  [2.3s]
  ep  67: loss=0.6612  test_acc=57.99%  (best 62.06 @ ep 63)  [2.3s]
  ep  68: loss=0.7027  test_acc=61.77%  (best 62.06 @ ep 63)  [2.4s]
  ep  69: loss=0.6509  test_acc=63.41%  (best 63.41 @ ep 69)  [2.5s]
  ep  70: loss=0.6444  test_acc=62.72%  (best 63.41 @ ep 69)  [2.4s]
  ep  71: loss=0.6334  test_acc=60.70%  (best 63.41 @ ep 69)  [2.3s]
  ep  72: loss=0.6588  test_acc=62.59%  (best 63.41 @ ep 69)  [2.4s]
  ep  73: loss=0.6313  test_acc=57.37%  (best 63.41 @ ep 69)  [2.2s]
  ep  74: loss=0.6067  test_acc=63.05%  (best 63.41 @ ep 69)  [2.4s]
  ep  75: loss=0.5989  test_acc=59.51%  (best 63.41 @ ep 69)  [2.3s]
  ep  76: loss=0.5985  test_acc=60.88%  (best 63.41 @ ep 69)  [2.4s]
  ep  77: loss=0.5885  test_acc=59.35%  (best 63.41 @ ep 69)  [2.3s]
  ep  78: loss=0.5970  test_acc=61.35%  (best 63.41 @ ep 69)  [2.4s]
  ep  79: loss=0.5673  test_acc=62.53%  (best 63.41 @ ep 69)  [2.8s]
  ep  80: loss=0.5347  test_acc=59.68%  (best 63.41 @ ep 69)  [4.5s]
  ep  81: loss=0.5181  test_acc=61.71%  (best 63.41 @ ep 69)  [5.6s]
  ep  82: loss=0.5034  test_acc=61.64%  (best 63.41 @ ep 69)  [4.9s]
  ep  83: loss=0.4994  test_acc=60.08%  (best 63.41 @ ep 69)  [4.4s]
  ep  84: loss=0.4878  test_acc=60.72%  (best 63.41 @ ep 69)  [2.3s]
  ep  85: loss=0.4860  test_acc=59.23%  (best 63.41 @ ep 69)  [2.3s]
  ep  86: loss=0.5026  test_acc=60.57%  (best 63.41 @ ep 69)  [2.4s]
  ep  87: loss=0.4621  test_acc=60.28%  (best 63.41 @ ep 69)  [2.3s]
  ep  88: loss=0.4614  test_acc=61.51%  (best 63.41 @ ep 69)  [2.3s]
  ep  89: loss=0.4447  test_acc=59.91%  (best 63.41 @ ep 69)  [2.2s]
  ep  90: loss=0.4468  test_acc=60.76%  (best 63.41 @ ep 69)  [2.3s]
  ep  91: loss=0.4358  test_acc=60.14%  (best 63.41 @ ep 69)  [2.3s]
  ep  92: loss=0.4208  test_acc=59.23%  (best 63.41 @ ep 69)  [2.2s]
  ep  93: loss=0.4105  test_acc=60.82%  (best 63.41 @ ep 69)  [2.2s]
  ep  94: loss=0.4157  test_acc=59.57%  (best 63.41 @ ep 69)  [2.3s]
  ep  95: loss=0.4130  test_acc=59.58%  (best 63.41 @ ep 69)  [2.5s]
  ep  96: loss=0.4066  test_acc=60.07%  (best 63.41 @ ep 69)  [2.3s]
  ep  97: loss=0.4009  test_acc=59.89%  (best 63.41 @ ep 69)  [2.2s]
  ep  98: loss=0.4011  test_acc=60.24%  (best 63.41 @ ep 69)  [2.2s]
  ep  99: loss=0.3997  test_acc=60.08%  (best 63.41 @ ep 69)  [2.3s]

saved /path/to/ciln-workspace/journal_edition/robustness_transfer/results_v3/erm/ours__impulse_noise_sev3__seed0.json: best 63.41% @ ep 69
[21:42:28] gpu 2: ours__impulse_noise_sev3 seed 1 -> ../logs/erm_v3/ours__impulse_noise_sev3__seed1.log
/path/to/ciln-workspace/venv/lib/python3.12/site-packages/torchvision/datasets/cifar.py:83: VisibleDeprecationWarning: dtype(): align should be passed as Python or NumPy boolean but got `align=0`. Did you mean to pass a tuple to create a subarray type? (Deprecated NumPy 2.4)
  entry = pickle.load(f, encoding="latin1")
condition=ours__impulse_noise_sev3 seed=1 gpu=2
  ep   0: loss=1.8159  test_acc=10.82%  (best 10.82 @ ep 0)  [3.2s]
  ep   1: loss=1.7080  test_acc=33.02%  (best 33.02 @ ep 1)  [2.3s]
  ep   2: loss=1.4597  test_acc=29.03%  (best 33.02 @ ep 1)  [2.3s]
  ep   3: loss=1.4030  test_acc=34.33%  (best 34.33 @ ep 3)  [2.5s]
  ep   4: loss=1.2580  test_acc=33.95%  (best 34.33 @ ep 3)  [2.3s]
  ep   5: loss=1.3251  test_acc=42.60%  (best 42.60 @ ep 5)  [2.3s]
  ep   6: loss=1.1777  test_acc=42.74%  (best 42.74 @ ep 6)  [4.4s]
  ep   7: loss=1.1537  test_acc=41.36%  (best 42.74 @ ep 6)  [4.6s]
  ep   8: loss=1.1124  test_acc=41.40%  (best 42.74 @ ep 6)  [4.6s]
  ep   9: loss=1.0955  test_acc=47.26%  (best 47.26 @ ep 9)  [5.7s]
  ep  10: loss=1.0388  test_acc=49.27%  (best 49.27 @ ep 10)  [3.4s]
  ep  11: loss=1.0324  test_acc=45.80%  (best 49.27 @ ep 10)  [2.3s]
  ep  12: loss=1.0802  test_acc=43.64%  (best 49.27 @ ep 10)  [2.5s]
  ep  13: loss=1.0905  test_acc=43.98%  (best 49.27 @ ep 10)  [2.3s]
  ep  14: loss=0.9839  test_acc=53.14%  (best 53.14 @ ep 14)  [2.5s]
  ep  15: loss=0.9588  test_acc=52.10%  (best 53.14 @ ep 14)  [2.3s]
  ep  16: loss=0.9515  test_acc=49.86%  (best 53.14 @ ep 14)  [2.3s]
  ep  17: loss=0.9323  test_acc=54.48%  (best 54.48 @ ep 17)  [2.3s]
  ep  18: loss=0.9100  test_acc=43.33%  (best 54.48 @ ep 17)  [2.2s]
  ep  19: loss=0.9185  test_acc=54.26%  (best 54.48 @ ep 17)  [2.6s]
  ep  20: loss=0.8987  test_acc=44.89%  (best 54.48 @ ep 17)  [2.4s]
  ep  21: loss=0.8985  test_acc=45.81%  (best 54.48 @ ep 17)  [2.4s]
  ep  22: loss=0.9612  test_acc=48.79%  (best 54.48 @ ep 17)  [2.3s]
  ep  23: loss=0.9110  test_acc=52.93%  (best 54.48 @ ep 17)  [2.3s]
  ep  24: loss=0.8681  test_acc=55.75%  (best 55.75 @ ep 24)  [2.3s]
  ep  25: loss=0.8489  test_acc=45.88%  (best 55.75 @ ep 24)  [2.6s]
  ep  26: loss=0.9248  test_acc=49.57%  (best 55.75 @ ep 24)  [2.3s]
  ep  27: loss=0.9466  test_acc=49.60%  (best 55.75 @ ep 24)  [2.3s]
  ep  28: loss=0.8772  test_acc=54.19%  (best 55.75 @ ep 24)  [2.5s]
  ep  29: loss=0.8800  test_acc=59.00%  (best 59.00 @ ep 29)  [2.5s]
  ep  30: loss=0.8260  test_acc=56.88%  (best 59.00 @ ep 29)  [2.3s]
  ep  31: loss=0.8433  test_acc=55.27%  (best 59.00 @ ep 29)  [2.3s]
  ep  32: loss=0.8526  test_acc=61.64%  (best 61.64 @ ep 32)  [2.3s]
  ep  33: loss=0.8061  test_acc=59.19%  (best 61.64 @ ep 32)  [2.3s]
  ep  34: loss=0.8312  test_acc=58.47%  (best 61.64 @ ep 32)  [2.4s]
  ep  35: loss=0.8337  test_acc=57.01%  (best 61.64 @ ep 32)  [2.4s]
  ep  36: loss=0.7955  test_acc=48.01%  (best 61.64 @ ep 32)  [4.2s]
  ep  37: loss=0.9239  test_acc=56.78%  (best 61.64 @ ep 32)  [4.6s]
  ep  38: loss=0.8926  test_acc=51.41%  (best 61.64 @ ep 32)  [6.3s]
  ep  39: loss=0.8863  test_acc=57.43%  (best 61.64 @ ep 32)  [2.5s]
  ep  40: loss=0.8217  test_acc=56.51%  (best 61.64 @ ep 32)  [2.3s]
  ep  41: loss=0.8175  test_acc=54.88%  (best 61.64 @ ep 32)  [2.4s]
  ep  42: loss=0.8140  test_acc=59.60%  (best 61.64 @ ep 32)  [2.4s]
  ep  43: loss=0.7962  test_acc=55.64%  (best 61.64 @ ep 32)  [2.4s]
  ep  44: loss=0.7884  test_acc=62.56%  (best 62.56 @ ep 44)  [2.4s]
  ep  45: loss=0.7546  test_acc=61.40%  (best 62.56 @ ep 44)  [2.3s]
  ep  46: loss=0.7906  test_acc=58.39%  (best 62.56 @ ep 44)  [2.5s]
  ep  47: loss=0.7564  test_acc=54.37%  (best 62.56 @ ep 44)  [2.3s]
  ep  48: loss=0.7734  test_acc=54.95%  (best 62.56 @ ep 44)  [2.3s]
  ep  49: loss=0.8296  test_acc=55.71%  (best 62.56 @ ep 44)  [2.4s]
  ep  50: loss=0.8363  test_acc=61.35%  (best 62.56 @ ep 44)  [2.3s]
  ep  51: loss=0.7648  test_acc=58.74%  (best 62.56 @ ep 44)  [2.4s]
  ep  52: loss=0.7496  test_acc=58.24%  (best 62.56 @ ep 44)  [2.3s]
  ep  53: loss=0.7257  test_acc=59.97%  (best 62.56 @ ep 44)  [2.5s]
  ep  54: loss=0.7310  test_acc=59.54%  (best 62.56 @ ep 44)  [2.4s]
  ep  55: loss=0.7028  test_acc=61.88%  (best 62.56 @ ep 44)  [2.5s]
  ep  56: loss=0.6846  test_acc=57.18%  (best 62.56 @ ep 44)  [2.4s]
  ep  57: loss=0.7563  test_acc=57.84%  (best 62.56 @ ep 44)  [2.4s]
  ep  58: loss=0.6949  test_acc=56.02%  (best 62.56 @ ep 44)  [2.4s]
  ep  59: loss=0.6961  test_acc=62.06%  (best 62.56 @ ep 44)  [2.4s]
  ep  60: loss=0.7096  test_acc=56.62%  (best 62.56 @ ep 44)  [2.4s]
  ep  61: loss=0.6693  test_acc=58.92%  (best 62.56 @ ep 44)  [2.4s]
  ep  62: loss=0.6485  test_acc=59.97%  (best 62.56 @ ep 44)  [2.4s]
  ep  63: loss=0.6342  test_acc=58.31%  (best 62.56 @ ep 44)  [2.5s]
  ep  64: loss=0.6448  test_acc=60.50%  (best 62.56 @ ep 44)  [4.7s]
  ep  65: loss=0.6257  test_acc=55.26%  (best 62.56 @ ep 44)  [5.0s]
  ep  66: loss=0.5917  test_acc=57.19%  (best 62.56 @ ep 44)  [2.4s]
  ep  67: loss=0.5944  test_acc=59.03%  (best 62.56 @ ep 44)  [2.3s]
  ep  68: loss=0.5972  test_acc=58.38%  (best 62.56 @ ep 44)  [2.3s]
  ep  69: loss=0.6304  test_acc=59.67%  (best 62.56 @ ep 44)  [2.3s]
  ep  70: loss=0.6103  test_acc=61.09%  (best 62.56 @ ep 44)  [2.4s]
  ep  71: loss=0.5991  test_acc=61.07%  (best 62.56 @ ep 44)  [2.4s]
  ep  72: loss=0.5431  test_acc=60.08%  (best 62.56 @ ep 44)  [2.3s]
  ep  73: loss=0.5446  test_acc=58.76%  (best 62.56 @ ep 44)  [2.5s]
  ep  74: loss=0.5219  test_acc=59.93%  (best 62.56 @ ep 44)  [2.3s]
  ep  75: loss=0.5301  test_acc=59.88%  (best 62.56 @ ep 44)  [2.4s]
  ep  76: loss=0.5494  test_acc=60.28%  (best 62.56 @ ep 44)  [2.3s]
  ep  77: loss=0.5190  test_acc=59.75%  (best 62.56 @ ep 44)  [2.5s]
  ep  78: loss=0.4822  test_acc=60.68%  (best 62.56 @ ep 44)  [2.4s]
  ep  79: loss=0.4594  test_acc=59.70%  (best 62.56 @ ep 44)  [2.5s]
  ep  80: loss=0.4598  test_acc=59.18%  (best 62.56 @ ep 44)  [2.4s]
  ep  81: loss=0.4634  test_acc=59.40%  (best 62.56 @ ep 44)  [2.4s]
  ep  82: loss=0.4930  test_acc=59.22%  (best 62.56 @ ep 44)  [2.6s]
  ep  83: loss=0.4327  test_acc=59.86%  (best 62.56 @ ep 44)  [2.6s]
  ep  84: loss=0.4060  test_acc=60.26%  (best 62.56 @ ep 44)  [2.5s]
  ep  85: loss=0.3991  test_acc=60.89%  (best 62.56 @ ep 44)  [2.3s]
  ep  86: loss=0.3839  test_acc=59.70%  (best 62.56 @ ep 44)  [2.6s]
  ep  87: loss=0.3941  test_acc=59.56%  (best 62.56 @ ep 44)  [2.3s]
  ep  88: loss=0.3555  test_acc=60.03%  (best 62.56 @ ep 44)  [2.3s]
  ep  89: loss=0.3602  test_acc=59.71%  (best 62.56 @ ep 44)  [2.3s]
  ep  90: loss=0.3461  test_acc=59.50%  (best 62.56 @ ep 44)  [2.6s]
  ep  91: loss=0.3296  test_acc=60.45%  (best 62.56 @ ep 44)  [5.0s]
  ep  92: loss=0.3215  test_acc=60.45%  (best 62.56 @ ep 44)  [4.9s]
  ep  93: loss=0.3152  test_acc=59.04%  (best 62.56 @ ep 44)  [5.7s]
  ep  94: loss=0.3094  test_acc=59.60%  (best 62.56 @ ep 44)  [4.9s]
  ep  95: loss=0.3110  test_acc=59.84%  (best 62.56 @ ep 44)  [2.5s]
  ep  96: loss=0.3120  test_acc=59.10%  (best 62.56 @ ep 44)  [2.4s]
  ep  97: loss=0.3009  test_acc=59.60%  (best 62.56 @ ep 44)  [2.6s]
  ep  98: loss=0.3021  test_acc=60.11%  (best 62.56 @ ep 44)  [2.3s]
  ep  99: loss=0.3004  test_acc=59.03%  (best 62.56 @ ep 44)  [2.4s]

saved /path/to/ciln-workspace/journal_edition/robustness_transfer/results_v3/erm/ours__impulse_noise_sev3__seed1.json: best 62.56% @ ep 44
[21:47:10] gpu 2: ours__impulse_noise_sev3 seed 2 -> ../logs/erm_v3/ours__impulse_noise_sev3__seed2.log
/path/to/ciln-workspace/venv/lib/python3.12/site-packages/torchvision/datasets/cifar.py:83: VisibleDeprecationWarning: dtype(): align should be passed as Python or NumPy boolean but got `align=0`. Did you mean to pass a tuple to create a subarray type? (Deprecated NumPy 2.4)
  entry = pickle.load(f, encoding="latin1")
condition=ours__impulse_noise_sev3 seed=2 gpu=2
  ep   0: loss=1.8323  test_acc=20.75%  (best 20.75 @ ep 0)  [3.2s]
  ep   1: loss=1.6231  test_acc=29.68%  (best 29.68 @ ep 1)  [2.3s]
  ep   2: loss=1.4241  test_acc=38.30%  (best 38.30 @ ep 2)  [2.5s]
  ep   3: loss=1.2907  test_acc=32.84%  (best 38.30 @ ep 2)  [2.4s]
  ep   4: loss=1.3200  test_acc=41.81%  (best 41.81 @ ep 4)  [2.3s]
  ep   5: loss=1.1636  test_acc=33.77%  (best 41.81 @ ep 4)  [2.4s]
  ep   6: loss=1.1483  test_acc=43.72%  (best 43.72 @ ep 6)  [2.4s]
  ep   7: loss=1.0922  test_acc=46.83%  (best 46.83 @ ep 7)  [2.3s]
  ep   8: loss=1.1630  test_acc=46.98%  (best 46.98 @ ep 8)  [2.4s]
  ep   9: loss=1.0786  test_acc=37.75%  (best 46.98 @ ep 8)  [2.5s]
  ep  10: loss=1.0195  test_acc=48.56%  (best 48.56 @ ep 10)  [2.4s]
  ep  11: loss=1.0010  test_acc=50.25%  (best 50.25 @ ep 11)  [2.4s]
  ep  12: loss=1.0249  test_acc=42.67%  (best 50.25 @ ep 11)  [2.4s]
  ep  13: loss=1.0253  test_acc=55.34%  (best 55.34 @ ep 13)  [2.4s]
  ep  14: loss=0.9439  test_acc=54.87%  (best 55.34 @ ep 13)  [2.4s]
  ep  15: loss=0.9439  test_acc=44.85%  (best 55.34 @ ep 13)  [2.6s]
  ep  16: loss=0.9747  test_acc=45.91%  (best 55.34 @ ep 13)  [3.1s]
  ep  17: loss=0.9321  test_acc=45.00%  (best 55.34 @ ep 13)  [4.8s]
  ep  18: loss=0.9794  test_acc=47.63%  (best 55.34 @ ep 13)  [6.1s]
  ep  19: loss=0.9502  test_acc=54.31%  (best 55.34 @ ep 13)  [4.4s]
  ep  20: loss=0.9056  test_acc=56.94%  (best 56.94 @ ep 20)  [4.6s]
  ep  21: loss=0.9393  test_acc=55.08%  (best 56.94 @ ep 20)  [2.2s]
  ep  22: loss=0.9155  test_acc=57.00%  (best 57.00 @ ep 22)  [2.4s]
  ep  23: loss=0.8990  test_acc=51.54%  (best 57.00 @ ep 22)  [2.3s]
  ep  24: loss=0.8865  test_acc=56.06%  (best 57.00 @ ep 22)  [2.3s]
  ep  25: loss=0.8474  test_acc=50.73%  (best 57.00 @ ep 22)  [2.3s]
  ep  26: loss=0.9238  test_acc=54.45%  (best 57.00 @ ep 22)  [2.3s]
  ep  27: loss=0.8908  test_acc=58.41%  (best 58.41 @ ep 27)  [2.5s]
  ep  28: loss=0.8413  test_acc=53.24%  (best 58.41 @ ep 27)  [2.5s]
  ep  29: loss=0.9373  test_acc=54.68%  (best 58.41 @ ep 27)  [2.3s]
  ep  30: loss=0.8449  test_acc=53.03%  (best 58.41 @ ep 27)  [2.5s]
  ep  31: loss=0.8588  test_acc=54.26%  (best 58.41 @ ep 27)  [2.5s]
  ep  32: loss=0.8670  test_acc=54.43%  (best 58.41 @ ep 27)  [2.4s]
  ep  33: loss=0.8234  test_acc=50.65%  (best 58.41 @ ep 27)  [2.3s]
  ep  34: loss=0.8152  test_acc=53.98%  (best 58.41 @ ep 27)  [2.3s]
  ep  35: loss=0.8297  test_acc=54.31%  (best 58.41 @ ep 27)  [2.3s]
  ep  36: loss=0.8919  test_acc=50.22%  (best 58.41 @ ep 27)  [2.4s]
  ep  37: loss=0.8302  test_acc=55.82%  (best 58.41 @ ep 27)  [2.4s]
  ep  38: loss=0.8519  test_acc=54.94%  (best 58.41 @ ep 27)  [2.3s]
  ep  39: loss=0.8197  test_acc=59.51%  (best 59.51 @ ep 39)  [2.3s]
  ep  40: loss=0.8572  test_acc=57.12%  (best 59.51 @ ep 39)  [2.5s]
  ep  41: loss=0.8263  test_acc=48.82%  (best 59.51 @ ep 39)  [2.4s]
  ep  42: loss=0.8902  test_acc=52.37%  (best 59.51 @ ep 39)  [2.4s]
  ep  43: loss=0.8673  test_acc=56.07%  (best 59.51 @ ep 39)  [2.6s]
  ep  44: loss=0.8501  test_acc=56.66%  (best 59.51 @ ep 39)  [2.4s]
  ep  45: loss=0.8264  test_acc=59.28%  (best 59.51 @ ep 39)  [2.3s]
  ep  46: loss=0.7687  test_acc=57.66%  (best 59.51 @ ep 39)  [3.7s]
  ep  47: loss=0.8427  test_acc=51.79%  (best 59.51 @ ep 39)  [4.8s]
  ep  48: loss=0.8247  test_acc=61.99%  (best 61.99 @ ep 48)  [5.5s]
  ep  49: loss=0.7960  test_acc=52.73%  (best 61.99 @ ep 48)  [4.7s]
  ep  50: loss=0.7895  test_acc=58.79%  (best 61.99 @ ep 48)  [4.6s]
  ep  51: loss=0.7591  test_acc=60.78%  (best 61.99 @ ep 48)  [2.5s]
  ep  52: loss=0.7369  test_acc=57.36%  (best 61.99 @ ep 48)  [2.4s]
  ep  53: loss=0.7259  test_acc=61.80%  (best 61.99 @ ep 48)  [2.5s]
  ep  54: loss=0.7011  test_acc=61.87%  (best 61.99 @ ep 48)  [2.3s]
  ep  55: loss=0.7336  test_acc=56.54%  (best 61.99 @ ep 48)  [2.4s]
  ep  56: loss=0.6869  test_acc=55.89%  (best 61.99 @ ep 48)  [2.3s]
  ep  57: loss=0.7304  test_acc=54.32%  (best 61.99 @ ep 48)  [2.3s]
  ep  58: loss=0.7258  test_acc=61.62%  (best 61.99 @ ep 48)  [2.4s]
  ep  59: loss=0.6940  test_acc=57.86%  (best 61.99 @ ep 48)  [2.4s]
  ep  60: loss=0.6977  test_acc=61.46%  (best 61.99 @ ep 48)  [2.4s]
  ep  61: loss=0.6928  test_acc=59.18%  (best 61.99 @ ep 48)  [2.4s]
  ep  62: loss=0.6888  test_acc=60.37%  (best 61.99 @ ep 48)  [2.3s]
  ep  63: loss=0.6510  test_acc=61.62%  (best 61.99 @ ep 48)  [2.3s]
  ep  64: loss=0.6614  test_acc=59.37%  (best 61.99 @ ep 48)  [2.3s]
  ep  65: loss=0.6678  test_acc=59.28%  (best 61.99 @ ep 48)  [2.5s]
  ep  66: loss=0.6161  test_acc=60.69%  (best 61.99 @ ep 48)  [2.3s]
  ep  67: loss=0.6095  test_acc=58.26%  (best 61.99 @ ep 48)  [2.4s]
  ep  68: loss=0.7627  test_acc=60.03%  (best 61.99 @ ep 48)  [2.3s]
  ep  69: loss=0.6511  test_acc=62.91%  (best 62.91 @ ep 69)  [2.3s]
  ep  70: loss=0.6463  test_acc=60.84%  (best 62.91 @ ep 69)  [2.4s]
  ep  71: loss=0.6063  test_acc=61.43%  (best 62.91 @ ep 69)  [2.5s]
  ep  72: loss=0.5953  test_acc=59.25%  (best 62.91 @ ep 69)  [2.4s]
  ep  73: loss=0.5756  test_acc=62.41%  (best 62.91 @ ep 69)  [2.4s]
  ep  74: loss=0.6620  test_acc=62.46%  (best 62.91 @ ep 69)  [2.4s]
  ep  75: loss=0.5851  test_acc=60.35%  (best 62.91 @ ep 69)  [2.4s]
  ep  76: loss=0.5654  test_acc=62.04%  (best 62.91 @ ep 69)  [2.3s]
  ep  77: loss=0.5557  test_acc=60.50%  (best 62.91 @ ep 69)  [2.3s]
  ep  78: loss=0.5517  test_acc=62.00%  (best 62.91 @ ep 69)  [2.5s]
  ep  79: loss=0.5042  test_acc=60.55%  (best 62.91 @ ep 69)  [2.4s]
  ep  80: loss=0.5007  test_acc=59.00%  (best 62.91 @ ep 69)  [2.4s]
  ep  81: loss=0.4782  test_acc=61.76%  (best 62.91 @ ep 69)  [2.4s]
  ep  82: loss=0.4738  test_acc=60.13%  (best 62.91 @ ep 69)  [2.5s]
  ep  83: loss=0.4571  test_acc=61.65%  (best 62.91 @ ep 69)  [2.4s]
  ep  84: loss=0.4404  test_acc=60.66%  (best 62.91 @ ep 69)  [2.4s]
  ep  85: loss=0.4968  test_acc=60.54%  (best 62.91 @ ep 69)  [2.4s]
  ep  86: loss=0.4399  test_acc=61.08%  (best 62.91 @ ep 69)  [2.4s]
  ep  87: loss=0.4195  test_acc=60.44%  (best 62.91 @ ep 69)  [2.3s]
  ep  88: loss=0.4097  test_acc=60.61%  (best 62.91 @ ep 69)  [2.4s]
  ep  89: loss=0.4131  test_acc=60.73%  (best 62.91 @ ep 69)  [2.4s]
  ep  90: loss=0.3942  test_acc=61.42%  (best 62.91 @ ep 69)  [2.4s]
  ep  91: loss=0.3815  test_acc=60.36%  (best 62.91 @ ep 69)  [2.3s]
  ep  92: loss=0.3762  test_acc=60.14%  (best 62.91 @ ep 69)  [2.4s]
  ep  93: loss=0.3730  test_acc=60.96%  (best 62.91 @ ep 69)  [2.4s]
  ep  94: loss=0.3664  test_acc=60.20%  (best 62.91 @ ep 69)  [2.5s]
  ep  95: loss=0.3550  test_acc=60.20%  (best 62.91 @ ep 69)  [2.3s]
  ep  96: loss=0.3580  test_acc=60.65%  (best 62.91 @ ep 69)  [2.3s]
  ep  97: loss=0.3528  test_acc=59.67%  (best 62.91 @ ep 69)  [2.4s]
  ep  98: loss=0.3546  test_acc=61.04%  (best 62.91 @ ep 69)  [2.4s]
  ep  99: loss=0.3506  test_acc=60.68%  (best 62.91 @ ep 69)  [2.3s]

saved /path/to/ciln-workspace/journal_edition/robustness_transfer/results_v3/erm/ours__impulse_noise_sev3__seed2.json: best 62.91% @ ep 69
[21:51:41] gpu 2: ours__fog_sev3 seed 0 -> ../logs/erm_v3/ours__fog_sev3__seed0.log
/path/to/ciln-workspace/venv/lib/python3.12/site-packages/torchvision/datasets/cifar.py:83: VisibleDeprecationWarning: dtype(): align should be passed as Python or NumPy boolean but got `align=0`. Did you mean to pass a tuple to create a subarray type? (Deprecated NumPy 2.4)
  entry = pickle.load(f, encoding="latin1")
condition=ours__fog_sev3 seed=0 gpu=2
  ep   0: loss=1.8887  test_acc=26.23%  (best 26.23 @ ep 0)  [6.4s]
  ep   1: loss=1.6455  test_acc=30.60%  (best 30.60 @ ep 1)  [5.3s]
  ep   2: loss=1.5426  test_acc=34.01%  (best 34.01 @ ep 2)  [4.8s]
  ep   3: loss=1.4474  test_acc=41.43%  (best 41.43 @ ep 3)  [3.6s]
  ep   4: loss=1.3706  test_acc=30.20%  (best 41.43 @ ep 3)  [2.4s]
  ep   5: loss=1.2791  test_acc=40.30%  (best 41.43 @ ep 3)  [2.4s]
  ep   6: loss=1.1919  test_acc=38.45%  (best 41.43 @ ep 3)  [2.4s]
  ep   7: loss=1.1535  test_acc=44.02%  (best 44.02 @ ep 7)  [2.4s]
  ep   8: loss=1.0986  test_acc=49.00%  (best 49.00 @ ep 8)  [2.3s]
  ep   9: loss=1.0456  test_acc=50.01%  (best 50.01 @ ep 9)  [2.3s]
  ep  10: loss=1.0174  test_acc=49.88%  (best 50.01 @ ep 9)  [2.4s]
  ep  11: loss=0.9897  test_acc=45.99%  (best 50.01 @ ep 9)  [2.3s]
  ep  12: loss=1.0296  test_acc=46.91%  (best 50.01 @ ep 9)  [2.4s]
  ep  13: loss=1.0114  test_acc=51.58%  (best 51.58 @ ep 13)  [2.3s]
  ep  14: loss=0.9536  test_acc=56.65%  (best 56.65 @ ep 14)  [2.4s]
  ep  15: loss=0.9242  test_acc=45.15%  (best 56.65 @ ep 14)  [2.3s]
  ep  16: loss=0.9188  test_acc=46.69%  (best 56.65 @ ep 14)  [2.3s]
  ep  17: loss=1.0604  test_acc=38.76%  (best 56.65 @ ep 14)  [2.4s]
  ep  18: loss=1.0781  test_acc=48.79%  (best 56.65 @ ep 14)  [2.3s]
  ep  19: loss=0.9756  test_acc=57.83%  (best 57.83 @ ep 19)  [2.3s]
  ep  20: loss=0.9015  test_acc=52.09%  (best 57.83 @ ep 19)  [2.5s]
  ep  21: loss=0.9424  test_acc=58.04%  (best 58.04 @ ep 21)  [2.5s]
  ep  22: loss=0.8889  test_acc=61.67%  (best 61.67 @ ep 22)  [2.4s]
  ep  23: loss=0.8655  test_acc=49.83%  (best 61.67 @ ep 22)  [2.4s]
  ep  24: loss=0.9334  test_acc=52.22%  (best 61.67 @ ep 22)  [2.3s]
  ep  25: loss=0.8682  test_acc=55.03%  (best 61.67 @ ep 22)  [2.4s]
  ep  26: loss=0.8623  test_acc=60.22%  (best 61.67 @ ep 22)  [2.3s]
  ep  27: loss=0.8381  test_acc=59.67%  (best 61.67 @ ep 22)  [2.4s]
  ep  28: loss=0.8181  test_acc=60.87%  (best 61.67 @ ep 22)  [2.4s]
  ep  29: loss=0.7964  test_acc=63.23%  (best 63.23 @ ep 29)  [2.5s]
  ep  30: loss=0.8279  test_acc=51.24%  (best 63.23 @ ep 29)  [5.4s]
  ep  31: loss=0.8448  test_acc=62.36%  (best 63.23 @ ep 29)  [2.5s]
  ep  32: loss=0.7855  test_acc=52.93%  (best 63.23 @ ep 29)  [2.4s]
  ep  33: loss=0.8418  test_acc=56.20%  (best 63.23 @ ep 29)  [2.3s]
  ep  34: loss=0.8663  test_acc=50.03%  (best 63.23 @ ep 29)  [2.4s]
  ep  35: loss=0.8335  test_acc=62.78%  (best 63.23 @ ep 29)  [2.5s]
  ep  36: loss=0.7815  test_acc=59.90%  (best 63.23 @ ep 29)  [2.4s]
  ep  37: loss=0.8035  test_acc=57.08%  (best 63.23 @ ep 29)  [2.4s]
  ep  38: loss=0.8522  test_acc=54.92%  (best 63.23 @ ep 29)  [2.3s]
  ep  39: loss=0.7726  test_acc=54.01%  (best 63.23 @ ep 29)  [2.3s]
  ep  40: loss=0.8025  test_acc=56.71%  (best 63.23 @ ep 29)  [2.4s]
  ep  41: loss=0.7807  test_acc=58.72%  (best 63.23 @ ep 29)  [2.6s]
  ep  42: loss=0.7586  test_acc=61.67%  (best 63.23 @ ep 29)  [2.4s]
  ep  43: loss=0.7494  test_acc=62.71%  (best 63.23 @ ep 29)  [2.2s]
  ep  44: loss=0.7531  test_acc=61.88%  (best 63.23 @ ep 29)  [2.4s]
  ep  45: loss=0.7225  test_acc=55.61%  (best 63.23 @ ep 29)  [2.4s]
  ep  46: loss=0.7286  test_acc=58.84%  (best 63.23 @ ep 29)  [2.6s]
  ep  47: loss=0.7054  test_acc=63.33%  (best 63.33 @ ep 47)  [2.4s]
  ep  48: loss=0.7209  test_acc=58.03%  (best 63.33 @ ep 47)  [2.5s]
  ep  49: loss=0.7138  test_acc=46.70%  (best 63.33 @ ep 47)  [2.4s]
  ep  50: loss=0.7299  test_acc=59.75%  (best 63.33 @ ep 47)  [2.4s]
  ep  51: loss=0.6761  test_acc=61.13%  (best 63.33 @ ep 47)  [2.4s]
  ep  52: loss=0.6869  test_acc=59.37%  (best 63.33 @ ep 47)  [2.6s]
  ep  53: loss=0.7344  test_acc=44.13%  (best 63.33 @ ep 47)  [2.5s]
  ep  54: loss=0.8602  test_acc=54.65%  (best 63.33 @ ep 47)  [2.4s]
  ep  55: loss=0.7408  test_acc=56.46%  (best 63.33 @ ep 47)  [2.4s]
  ep  56: loss=0.6965  test_acc=61.34%  (best 63.33 @ ep 47)  [4.2s]
  ep  57: loss=0.6827  test_acc=63.65%  (best 63.65 @ ep 57)  [5.5s]
  ep  58: loss=0.6631  test_acc=62.42%  (best 63.65 @ ep 57)  [5.0s]
  ep  59: loss=0.7396  test_acc=59.36%  (best 63.65 @ ep 57)  [4.5s]
  ep  60: loss=0.6990  test_acc=64.51%  (best 64.51 @ ep 60)  [4.7s]
  ep  61: loss=0.6932  test_acc=58.01%  (best 64.51 @ ep 60)  [2.3s]
  ep  62: loss=0.6421  test_acc=63.40%  (best 64.51 @ ep 60)  [2.3s]
  ep  63: loss=0.6409  test_acc=60.81%  (best 64.51 @ ep 60)  [2.4s]
  ep  64: loss=0.6481  test_acc=61.76%  (best 64.51 @ ep 60)  [2.3s]
  ep  65: loss=0.6733  test_acc=62.72%  (best 64.51 @ ep 60)  [2.3s]
  ep  66: loss=0.6163  test_acc=60.90%  (best 64.51 @ ep 60)  [2.5s]
  ep  67: loss=0.6163  test_acc=60.79%  (best 64.51 @ ep 60)  [2.6s]
  ep  68: loss=0.6565  test_acc=59.78%  (best 64.51 @ ep 60)  [2.6s]
  ep  69: loss=0.5896  test_acc=62.62%  (best 64.51 @ ep 60)  [2.5s]
  ep  70: loss=0.5586  test_acc=62.65%  (best 64.51 @ ep 60)  [2.4s]
  ep  71: loss=0.5405  test_acc=64.07%  (best 64.51 @ ep 60)  [2.4s]
  ep  72: loss=0.5835  test_acc=61.93%  (best 64.51 @ ep 60)  [2.3s]
  ep  73: loss=0.5781  test_acc=62.04%  (best 64.51 @ ep 60)  [2.5s]
  ep  74: loss=0.5298  test_acc=62.65%  (best 64.51 @ ep 60)  [2.4s]
  ep  75: loss=0.5429  test_acc=61.61%  (best 64.51 @ ep 60)  [2.6s]
  ep  76: loss=0.5431  test_acc=65.35%  (best 65.35 @ ep 76)  [2.6s]
  ep  77: loss=0.4974  test_acc=62.02%  (best 65.35 @ ep 76)  [2.4s]
  ep  78: loss=0.4729  test_acc=60.84%  (best 65.35 @ ep 76)  [2.4s]
  ep  79: loss=0.4865  test_acc=63.32%  (best 65.35 @ ep 76)  [2.5s]
  ep  80: loss=0.4500  test_acc=60.77%  (best 65.35 @ ep 76)  [2.4s]
  ep  81: loss=0.4435  test_acc=63.57%  (best 65.35 @ ep 76)  [2.4s]
  ep  82: loss=0.4236  test_acc=62.12%  (best 65.35 @ ep 76)  [2.4s]
  ep  83: loss=0.4152  test_acc=62.82%  (best 65.35 @ ep 76)  [2.5s]
  ep  84: loss=0.3957  test_acc=60.55%  (best 65.35 @ ep 76)  [2.5s]
  ep  85: loss=0.3903  test_acc=61.99%  (best 65.35 @ ep 76)  [2.4s]
  ep  86: loss=0.3818  test_acc=62.88%  (best 65.35 @ ep 76)  [2.7s]
  ep  87: loss=0.3650  test_acc=61.99%  (best 65.35 @ ep 76)  [4.7s]
  ep  88: loss=0.3545  test_acc=61.16%  (best 65.35 @ ep 76)  [4.6s]
  ep  89: loss=0.3415  test_acc=60.28%  (best 65.35 @ ep 76)  [2.4s]
  ep  90: loss=0.3330  test_acc=62.27%  (best 65.35 @ ep 76)  [2.4s]
  ep  91: loss=0.3229  test_acc=61.97%  (best 65.35 @ ep 76)  [2.4s]
  ep  92: loss=0.3261  test_acc=60.98%  (best 65.35 @ ep 76)  [2.4s]
  ep  93: loss=0.3128  test_acc=62.11%  (best 65.35 @ ep 76)  [2.3s]
  ep  94: loss=0.3085  test_acc=62.61%  (best 65.35 @ ep 76)  [2.3s]
  ep  95: loss=0.3091  test_acc=60.99%  (best 65.35 @ ep 76)  [2.5s]
  ep  96: loss=0.3078  test_acc=61.34%  (best 65.35 @ ep 76)  [2.3s]
  ep  97: loss=0.3013  test_acc=60.46%  (best 65.35 @ ep 76)  [2.3s]
  ep  98: loss=0.2983  test_acc=62.66%  (best 65.35 @ ep 76)  [2.3s]
  ep  99: loss=0.2999  test_acc=62.01%  (best 65.35 @ ep 76)  [2.3s]

saved /path/to/ciln-workspace/journal_edition/robustness_transfer/results_v3/erm/ours__fog_sev3__seed0.json: best 65.35% @ ep 76
[21:56:19] gpu 2: ours__fog_sev3 seed 1 -> ../logs/erm_v3/ours__fog_sev3__seed1.log
/path/to/ciln-workspace/venv/lib/python3.12/site-packages/torchvision/datasets/cifar.py:83: VisibleDeprecationWarning: dtype(): align should be passed as Python or NumPy boolean but got `align=0`. Did you mean to pass a tuple to create a subarray type? (Deprecated NumPy 2.4)
  entry = pickle.load(f, encoding="latin1")
condition=ours__fog_sev3 seed=1 gpu=2
  ep   0: loss=1.8850  test_acc=21.87%  (best 21.87 @ ep 0)  [3.2s]
  ep   1: loss=1.6882  test_acc=30.09%  (best 30.09 @ ep 1)  [2.3s]
  ep   2: loss=1.6106  test_acc=27.94%  (best 30.09 @ ep 1)  [2.4s]
  ep   3: loss=1.4788  test_acc=34.14%  (best 34.14 @ ep 3)  [2.4s]
  ep   4: loss=1.3474  test_acc=41.20%  (best 41.20 @ ep 4)  [2.3s]
  ep   5: loss=1.2411  test_acc=43.61%  (best 43.61 @ ep 5)  [2.3s]
  ep   6: loss=1.2081  test_acc=41.70%  (best 43.61 @ ep 5)  [2.4s]
  ep   7: loss=1.1657  test_acc=48.26%  (best 48.26 @ ep 7)  [2.4s]
  ep   8: loss=1.0921  test_acc=49.49%  (best 49.49 @ ep 8)  [2.6s]
  ep   9: loss=1.0855  test_acc=43.49%  (best 49.49 @ ep 8)  [2.5s]
  ep  10: loss=1.0449  test_acc=50.13%  (best 50.13 @ ep 10)  [2.5s]
  ep  11: loss=0.9888  test_acc=52.84%  (best 52.84 @ ep 11)  [4.4s]
  ep  12: loss=0.9544  test_acc=56.41%  (best 56.41 @ ep 12)  [4.6s]
  ep  13: loss=0.9364  test_acc=57.68%  (best 57.68 @ ep 13)  [5.7s]
  ep  14: loss=0.9321  test_acc=47.77%  (best 57.68 @ ep 13)  [5.3s]
  ep  15: loss=0.9610  test_acc=43.77%  (best 57.68 @ ep 13)  [4.4s]
  ep  16: loss=0.9124  test_acc=56.24%  (best 57.68 @ ep 13)  [2.5s]
  ep  17: loss=0.9226  test_acc=60.08%  (best 60.08 @ ep 17)  [2.3s]
  ep  18: loss=0.8897  test_acc=56.90%  (best 60.08 @ ep 17)  [2.4s]
  ep  19: loss=0.9207  test_acc=51.28%  (best 60.08 @ ep 17)  [2.3s]
  ep  20: loss=0.9242  test_acc=55.42%  (best 60.08 @ ep 17)  [2.3s]
  ep  21: loss=0.8705  test_acc=48.66%  (best 60.08 @ ep 17)  [2.2s]
  ep  22: loss=0.9262  test_acc=56.15%  (best 60.08 @ ep 17)  [2.4s]
  ep  23: loss=0.8468  test_acc=55.90%  (best 60.08 @ ep 17)  [2.5s]
  ep  24: loss=0.8288  test_acc=46.44%  (best 60.08 @ ep 17)  [2.5s]
  ep  25: loss=0.8259  test_acc=54.75%  (best 60.08 @ ep 17)  [2.5s]
  ep  26: loss=0.8923  test_acc=54.19%  (best 60.08 @ ep 17)  [2.4s]
  ep  27: loss=0.9003  test_acc=47.36%  (best 60.08 @ ep 17)  [2.4s]
  ep  28: loss=0.8334  test_acc=57.55%  (best 60.08 @ ep 17)  [2.5s]
  ep  29: loss=0.9087  test_acc=60.34%  (best 60.34 @ ep 29)  [2.4s]
  ep  30: loss=0.8508  test_acc=52.16%  (best 60.34 @ ep 29)  [2.3s]
  ep  31: loss=0.8380  test_acc=61.32%  (best 61.32 @ ep 31)  [2.4s]
  ep  32: loss=0.7960  test_acc=60.13%  (best 61.32 @ ep 31)  [2.3s]
  ep  33: loss=0.7600  test_acc=58.21%  (best 61.32 @ ep 31)  [2.3s]
  ep  34: loss=0.8076  test_acc=51.98%  (best 61.32 @ ep 31)  [2.4s]
  ep  35: loss=0.8292  test_acc=61.27%  (best 61.32 @ ep 31)  [2.4s]
  ep  36: loss=0.7669  test_acc=58.16%  (best 61.32 @ ep 31)  [2.3s]
  ep  37: loss=0.7408  test_acc=54.39%  (best 61.32 @ ep 31)  [2.4s]
  ep  38: loss=0.7887  test_acc=60.17%  (best 61.32 @ ep 31)  [2.4s]
  ep  39: loss=0.7830  test_acc=62.65%  (best 62.65 @ ep 39)  [2.3s]
  ep  40: loss=0.7535  test_acc=55.36%  (best 62.65 @ ep 39)  [2.4s]
  ep  41: loss=0.7511  test_acc=61.76%  (best 62.65 @ ep 39)  [2.6s]
  ep  42: loss=0.7295  test_acc=50.85%  (best 62.65 @ ep 39)  [3.9s]
  ep  43: loss=0.7353  test_acc=60.50%  (best 62.65 @ ep 39)  [5.1s]
  ep  44: loss=0.7611  test_acc=55.77%  (best 62.65 @ ep 39)  [4.8s]
  ep  45: loss=0.7115  test_acc=61.22%  (best 62.65 @ ep 39)  [5.0s]
  ep  46: loss=0.7069  test_acc=58.22%  (best 62.65 @ ep 39)  [5.5s]
  ep  47: loss=0.7018  test_acc=59.28%  (best 62.65 @ ep 39)  [2.4s]
  ep  48: loss=0.7015  test_acc=59.58%  (best 62.65 @ ep 39)  [2.4s]
  ep  49: loss=0.6989  test_acc=61.58%  (best 62.65 @ ep 39)  [2.6s]
  ep  50: loss=0.7346  test_acc=55.70%  (best 62.65 @ ep 39)  [2.5s]
  ep  51: loss=0.7136  test_acc=59.42%  (best 62.65 @ ep 39)  [2.3s]
  ep  52: loss=0.7931  test_acc=62.56%  (best 62.65 @ ep 39)  [2.4s]
  ep  53: loss=0.6850  test_acc=58.12%  (best 62.65 @ ep 39)  [2.5s]
  ep  54: loss=0.6824  test_acc=62.94%  (best 62.94 @ ep 54)  [2.3s]
  ep  55: loss=0.6590  test_acc=61.50%  (best 62.94 @ ep 54)  [2.3s]
  ep  56: loss=0.6290  test_acc=61.33%  (best 62.94 @ ep 54)  [2.4s]
  ep  57: loss=0.6677  test_acc=62.25%  (best 62.94 @ ep 54)  [2.5s]
  ep  58: loss=0.6194  test_acc=62.58%  (best 62.94 @ ep 54)  [2.3s]
  ep  59: loss=0.5986  test_acc=62.21%  (best 62.94 @ ep 54)  [2.5s]
  ep  60: loss=0.6212  test_acc=60.67%  (best 62.94 @ ep 54)  [2.6s]
  ep  61: loss=0.6031  test_acc=62.46%  (best 62.94 @ ep 54)  [2.6s]
  ep  62: loss=0.5751  test_acc=60.42%  (best 62.94 @ ep 54)  [2.3s]
  ep  63: loss=0.6276  test_acc=57.38%  (best 62.94 @ ep 54)  [2.6s]
  ep  64: loss=0.5729  test_acc=58.94%  (best 62.94 @ ep 54)  [2.4s]
  ep  65: loss=0.5989  test_acc=63.05%  (best 63.05 @ ep 65)  [2.4s]
  ep  66: loss=0.6100  test_acc=63.43%  (best 63.43 @ ep 66)  [2.3s]
  ep  67: loss=0.5296  test_acc=61.58%  (best 63.43 @ ep 66)  [2.3s]
  ep  68: loss=0.5275  test_acc=61.41%  (best 63.43 @ ep 66)  [2.5s]
  ep  69: loss=0.5089  test_acc=57.60%  (best 63.43 @ ep 66)  [2.3s]
  ep  70: loss=0.5224  test_acc=61.06%  (best 63.43 @ ep 66)  [2.3s]
  ep  71: loss=0.5026  test_acc=63.69%  (best 63.69 @ ep 71)  [2.4s]
  ep  72: loss=0.4792  test_acc=62.35%  (best 63.69 @ ep 71)  [2.5s]
  ep  73: loss=0.4663  test_acc=60.83%  (best 63.69 @ ep 71)  [4.8s]
  ep  74: loss=0.4543  test_acc=60.95%  (best 63.69 @ ep 71)  [5.2s]
  ep  75: loss=0.4273  test_acc=63.59%  (best 63.69 @ ep 71)  [5.7s]
  ep  76: loss=0.3996  test_acc=62.67%  (best 63.69 @ ep 71)  [5.0s]
  ep  77: loss=0.4545  test_acc=58.53%  (best 63.69 @ ep 71)  [3.9s]
  ep  78: loss=0.4101  test_acc=60.77%  (best 63.69 @ ep 71)  [2.4s]
  ep  79: loss=0.3895  test_acc=63.68%  (best 63.69 @ ep 71)  [2.4s]
  ep  80: loss=0.3446  test_acc=61.60%  (best 63.69 @ ep 71)  [2.5s]
  ep  81: loss=0.3595  test_acc=62.47%  (best 63.69 @ ep 71)  [2.4s]
  ep  82: loss=0.3554  test_acc=62.46%  (best 63.69 @ ep 71)  [2.4s]
  ep  83: loss=0.3967  test_acc=62.54%  (best 63.69 @ ep 71)  [2.4s]
  ep  84: loss=0.3195  test_acc=62.85%  (best 63.69 @ ep 71)  [2.4s]
  ep  85: loss=0.3105  test_acc=61.39%  (best 63.69 @ ep 71)  [2.5s]
  ep  86: loss=0.2912  test_acc=61.07%  (best 63.69 @ ep 71)  [2.3s]
  ep  87: loss=0.3061  test_acc=61.10%  (best 63.69 @ ep 71)  [2.5s]
  ep  88: loss=0.2678  test_acc=62.36%  (best 63.69 @ ep 71)  [2.4s]
  ep  89: loss=0.2592  test_acc=62.54%  (best 63.69 @ ep 71)  [2.4s]
  ep  90: loss=0.2564  test_acc=59.62%  (best 63.69 @ ep 71)  [2.4s]
  ep  91: loss=0.2393  test_acc=60.30%  (best 63.69 @ ep 71)  [2.6s]
  ep  92: loss=0.2266  test_acc=61.36%  (best 63.69 @ ep 71)  [2.5s]
  ep  93: loss=0.2301  test_acc=60.90%  (best 63.69 @ ep 71)  [2.3s]
  ep  94: loss=0.2244  test_acc=62.57%  (best 63.69 @ ep 71)  [2.3s]
  ep  95: loss=0.2254  test_acc=61.68%  (best 63.69 @ ep 71)  [2.3s]
  ep  96: loss=0.2159  test_acc=61.00%  (best 63.69 @ ep 71)  [2.3s]
  ep  97: loss=0.2160  test_acc=61.80%  (best 63.69 @ ep 71)  [2.4s]
  ep  98: loss=0.2109  test_acc=60.86%  (best 63.69 @ ep 71)  [2.5s]
  ep  99: loss=0.2109  test_acc=60.58%  (best 63.69 @ ep 71)  [2.6s]

saved /path/to/ciln-workspace/journal_edition/robustness_transfer/results_v3/erm/ours__fog_sev3__seed1.json: best 63.69% @ ep 71
[22:01:07] gpu 2: ours__fog_sev3 seed 2 -> ../logs/erm_v3/ours__fog_sev3__seed2.log
/path/to/ciln-workspace/venv/lib/python3.12/site-packages/torchvision/datasets/cifar.py:83: VisibleDeprecationWarning: dtype(): align should be passed as Python or NumPy boolean but got `align=0`. Did you mean to pass a tuple to create a subarray type? (Deprecated NumPy 2.4)
  entry = pickle.load(f, encoding="latin1")
condition=ours__fog_sev3 seed=2 gpu=2
  ep   0: loss=1.8803  test_acc=27.80%  (best 27.80 @ ep 0)  [3.2s]
  ep   1: loss=1.6174  test_acc=31.15%  (best 31.15 @ ep 1)  [2.3s]
  ep   2: loss=1.4437  test_acc=38.39%  (best 38.39 @ ep 2)  [2.3s]
  ep   3: loss=1.2934  test_acc=25.13%  (best 38.39 @ ep 2)  [2.4s]
  ep   4: loss=1.2529  test_acc=47.08%  (best 47.08 @ ep 4)  [2.4s]
  ep   5: loss=1.1465  test_acc=46.38%  (best 47.08 @ ep 4)  [2.4s]
  ep   6: loss=1.1273  test_acc=40.92%  (best 47.08 @ ep 4)  [2.4s]
  ep   7: loss=1.0694  test_acc=52.77%  (best 52.77 @ ep 7)  [2.4s]
  ep   8: loss=1.0360  test_acc=51.64%  (best 52.77 @ ep 7)  [2.5s]
  ep   9: loss=1.0164  test_acc=47.70%  (best 52.77 @ ep 7)  [2.5s]
  ep  10: loss=1.0151  test_acc=40.83%  (best 52.77 @ ep 7)  [2.4s]
  ep  11: loss=0.9773  test_acc=54.98%  (best 54.98 @ ep 11)  [2.5s]
  ep  12: loss=0.9620  test_acc=52.39%  (best 54.98 @ ep 11)  [2.5s]
  ep  13: loss=0.9152  test_acc=58.24%  (best 58.24 @ ep 13)  [2.4s]
  ep  14: loss=0.8935  test_acc=48.43%  (best 58.24 @ ep 13)  [2.4s]
  ep  15: loss=0.8924  test_acc=57.22%  (best 58.24 @ ep 13)  [2.4s]
  ep  16: loss=0.8636  test_acc=58.29%  (best 58.29 @ ep 16)  [2.4s]
  ep  17: loss=0.8600  test_acc=41.30%  (best 58.29 @ ep 16)  [2.5s]
  ep  18: loss=0.9897  test_acc=58.48%  (best 58.48 @ ep 18)  [2.4s]
  ep  19: loss=0.9140  test_acc=46.14%  (best 58.48 @ ep 18)  [2.5s]
  ep  20: loss=0.8615  test_acc=58.11%  (best 58.48 @ ep 18)  [2.3s]
  ep  21: loss=0.8914  test_acc=50.39%  (best 58.48 @ ep 18)  [2.5s]
  ep  22: loss=0.9058  test_acc=56.76%  (best 58.48 @ ep 18)  [2.3s]
  ep  23: loss=0.8612  test_acc=56.18%  (best 58.48 @ ep 18)  [2.3s]
  ep  24: loss=0.8270  test_acc=63.17%  (best 63.17 @ ep 24)  [2.7s]
  ep  25: loss=0.8420  test_acc=58.93%  (best 63.17 @ ep 24)  [5.3s]
  ep  26: loss=0.8915  test_acc=49.10%  (best 63.17 @ ep 24)  [4.9s]
  ep  27: loss=0.9365  test_acc=60.14%  (best 63.17 @ ep 24)  [5.8s]
  ep  28: loss=0.8564  test_acc=57.06%  (best 63.17 @ ep 24)  [4.8s]
  ep  29: loss=0.9167  test_acc=60.68%  (best 63.17 @ ep 24)  [4.0s]
  ep  30: loss=0.8327  test_acc=58.88%  (best 63.17 @ ep 24)  [2.5s]
  ep  31: loss=0.8698  test_acc=62.60%  (best 63.17 @ ep 24)  [2.4s]
  ep  32: loss=0.7967  test_acc=62.41%  (best 63.17 @ ep 24)  [2.5s]
  ep  33: loss=0.7804  test_acc=58.19%  (best 63.17 @ ep 24)  [2.3s]
  ep  34: loss=0.8126  test_acc=59.48%  (best 63.17 @ ep 24)  [2.3s]
  ep  35: loss=0.7687  test_acc=54.56%  (best 63.17 @ ep 24)  [2.5s]
  ep  36: loss=0.7694  test_acc=52.84%  (best 63.17 @ ep 24)  [2.3s]
  ep  37: loss=0.8243  test_acc=58.05%  (best 63.17 @ ep 24)  [2.4s]
  ep  38: loss=0.7525  test_acc=52.53%  (best 63.17 @ ep 24)  [2.6s]
  ep  39: loss=0.8013  test_acc=56.69%  (best 63.17 @ ep 24)  [2.5s]
  ep  40: loss=0.7855  test_acc=60.20%  (best 63.17 @ ep 24)  [2.5s]
  ep  41: loss=0.7725  test_acc=63.78%  (best 63.78 @ ep 41)  [2.5s]
  ep  42: loss=0.7516  test_acc=58.88%  (best 63.78 @ ep 41)  [2.5s]
  ep  43: loss=0.7417  test_acc=56.08%  (best 63.78 @ ep 41)  [2.3s]
  ep  44: loss=0.7525  test_acc=57.55%  (best 63.78 @ ep 41)  [2.3s]
  ep  45: loss=0.7400  test_acc=58.65%  (best 63.78 @ ep 41)  [2.5s]
  ep  46: loss=0.7613  test_acc=56.63%  (best 63.78 @ ep 41)  [2.3s]
  ep  47: loss=0.7047  test_acc=58.70%  (best 63.78 @ ep 41)  [2.3s]
  ep  48: loss=0.6706  test_acc=62.27%  (best 63.78 @ ep 41)  [2.2s]
  ep  49: loss=0.6910  test_acc=61.15%  (best 63.78 @ ep 41)  [2.4s]
  ep  50: loss=0.7006  test_acc=58.62%  (best 63.78 @ ep 41)  [2.2s]
  ep  51: loss=0.6806  test_acc=64.30%  (best 64.30 @ ep 51)  [2.4s]
  ep  52: loss=0.6591  test_acc=62.60%  (best 64.30 @ ep 51)  [2.4s]
  ep  53: loss=0.7124  test_acc=61.44%  (best 64.30 @ ep 51)  [2.3s]
  ep  54: loss=0.6559  test_acc=64.12%  (best 64.30 @ ep 51)  [2.3s]
  ep  55: loss=0.6478  test_acc=58.90%  (best 64.30 @ ep 51)  [3.7s]
  ep  56: loss=0.6287  test_acc=58.72%  (best 64.30 @ ep 51)  [2.5s]
  ep  57: loss=0.6107  test_acc=59.50%  (best 64.30 @ ep 51)  [2.5s]
  ep  58: loss=0.7127  test_acc=58.39%  (best 64.30 @ ep 51)  [2.3s]
  ep  59: loss=0.6755  test_acc=62.64%  (best 64.30 @ ep 51)  [2.3s]
  ep  60: loss=0.6222  test_acc=64.30%  (best 64.30 @ ep 51)  [2.5s]
  ep  61: loss=0.6142  test_acc=65.58%  (best 65.58 @ ep 61)  [2.4s]
  ep  62: loss=0.5933  test_acc=61.34%  (best 65.58 @ ep 61)  [2.6s]
  ep  63: loss=0.6416  test_acc=58.06%  (best 65.58 @ ep 61)  [2.6s]
  ep  64: loss=0.5816  test_acc=59.11%  (best 65.58 @ ep 61)  [2.4s]
  ep  65: loss=0.5534  test_acc=59.22%  (best 65.58 @ ep 61)  [2.3s]
  ep  66: loss=0.5525  test_acc=63.29%  (best 65.58 @ ep 61)  [2.3s]
  ep  67: loss=0.5926  test_acc=64.35%  (best 65.58 @ ep 61)  [2.4s]
  ep  68: loss=0.6522  test_acc=57.75%  (best 65.58 @ ep 61)  [2.5s]
  ep  69: loss=0.5429  test_acc=61.49%  (best 65.58 @ ep 61)  [2.3s]
  ep  70: loss=0.5306  test_acc=62.98%  (best 65.58 @ ep 61)  [2.4s]
  ep  71: loss=0.5165  test_acc=61.98%  (best 65.58 @ ep 61)  [2.4s]
  ep  72: loss=0.4973  test_acc=63.84%  (best 65.58 @ ep 61)  [2.5s]
  ep  73: loss=0.4824  test_acc=61.77%  (best 65.58 @ ep 61)  [2.4s]
  ep  74: loss=0.5248  test_acc=63.21%  (best 65.58 @ ep 61)  [2.3s]
  ep  75: loss=0.5244  test_acc=62.48%  (best 65.58 @ ep 61)  [2.5s]
  ep  76: loss=0.4955  test_acc=61.47%  (best 65.58 @ ep 61)  [2.4s]
  ep  77: loss=0.4504  test_acc=61.08%  (best 65.58 @ ep 61)  [2.3s]
  ep  78: loss=0.4084  test_acc=62.94%  (best 65.58 @ ep 61)  [2.3s]
  ep  79: loss=0.5112  test_acc=64.40%  (best 65.58 @ ep 61)  [2.5s]
  ep  80: loss=0.5272  test_acc=62.38%  (best 65.58 @ ep 61)  [2.4s]
  ep  81: loss=0.4406  test_acc=62.17%  (best 65.58 @ ep 61)  [2.5s]
  ep  82: loss=0.4408  test_acc=61.48%  (best 65.58 @ ep 61)  [5.1s]
  ep  83: loss=0.3922  test_acc=63.44%  (best 65.58 @ ep 61)  [6.0s]
  ep  84: loss=0.3675  test_acc=64.35%  (best 65.58 @ ep 61)  [5.0s]
  ep  85: loss=0.3978  test_acc=63.29%  (best 65.58 @ ep 61)  [5.2s]
  ep  86: loss=0.3545  test_acc=62.76%  (best 65.58 @ ep 61)  [4.2s]
  ep  87: loss=0.3392  test_acc=63.95%  (best 65.58 @ ep 61)  [2.5s]
  ep  88: loss=0.3304  test_acc=62.39%  (best 65.58 @ ep 61)  [2.3s]
  ep  89: loss=0.3468  test_acc=63.05%  (best 65.58 @ ep 61)  [2.6s]
  ep  90: loss=0.3185  test_acc=63.85%  (best 65.58 @ ep 61)  [2.4s]
  ep  91: loss=0.2972  test_acc=62.70%  (best 65.58 @ ep 61)  [2.3s]
  ep  92: loss=0.2930  test_acc=63.49%  (best 65.58 @ ep 61)  [2.5s]
  ep  93: loss=0.3000  test_acc=64.71%  (best 65.58 @ ep 61)  [2.4s]
  ep  94: loss=0.2889  test_acc=63.62%  (best 65.58 @ ep 61)  [2.4s]
  ep  95: loss=0.2777  test_acc=65.33%  (best 65.58 @ ep 61)  [2.4s]
  ep  96: loss=0.2730  test_acc=63.47%  (best 65.58 @ ep 61)  [2.3s]
  ep  97: loss=0.2738  test_acc=63.15%  (best 65.58 @ ep 61)  [2.4s]
  ep  98: loss=0.2687  test_acc=63.93%  (best 65.58 @ ep 61)  [2.4s]
  ep  99: loss=0.2706  test_acc=63.51%  (best 65.58 @ ep 61)  [2.2s]

saved /path/to/ciln-workspace/journal_edition/robustness_transfer/results_v3/erm/ours__fog_sev3__seed2.json: best 65.58% @ ep 61
[22:05:44] gpu 2: ours__motion_blur_sev3 seed 0 -> ../logs/erm_v3/ours__motion_blur_sev3__seed0.log
/path/to/ciln-workspace/venv/lib/python3.12/site-packages/torchvision/datasets/cifar.py:83: VisibleDeprecationWarning: dtype(): align should be passed as Python or NumPy boolean but got `align=0`. Did you mean to pass a tuple to create a subarray type? (Deprecated NumPy 2.4)
  entry = pickle.load(f, encoding="latin1")
condition=ours__motion_blur_sev3 seed=0 gpu=2
  ep   0: loss=1.8344  test_acc=26.96%  (best 26.96 @ ep 0)  [3.3s]
  ep   1: loss=1.5568  test_acc=22.39%  (best 26.96 @ ep 0)  [2.4s]
  ep   2: loss=1.5656  test_acc=37.41%  (best 37.41 @ ep 2)  [2.5s]
  ep   3: loss=1.3955  test_acc=36.56%  (best 37.41 @ ep 2)  [2.4s]
  ep   4: loss=1.3116  test_acc=38.73%  (best 38.73 @ ep 4)  [2.2s]
  ep   5: loss=1.3077  test_acc=40.19%  (best 40.19 @ ep 5)  [2.4s]
  ep   6: loss=1.1567  test_acc=38.35%  (best 40.19 @ ep 5)  [2.4s]
  ep   7: loss=1.1712  test_acc=42.63%  (best 42.63 @ ep 7)  [2.4s]
  ep   8: loss=1.1243  test_acc=51.29%  (best 51.29 @ ep 8)  [4.7s]
  ep   9: loss=1.0465  test_acc=44.22%  (best 51.29 @ ep 8)  [4.9s]
  ep  10: loss=1.0579  test_acc=53.67%  (best 53.67 @ ep 10)  [5.2s]
  ep  11: loss=1.0236  test_acc=45.53%  (best 53.67 @ ep 10)  [5.4s]
  ep  12: loss=1.0557  test_acc=47.82%  (best 53.67 @ ep 10)  [5.0s]
  ep  13: loss=1.0517  test_acc=53.08%  (best 53.67 @ ep 10)  [2.5s]
  ep  14: loss=0.9911  test_acc=52.31%  (best 53.67 @ ep 10)  [2.5s]
  ep  15: loss=0.9301  test_acc=52.40%  (best 53.67 @ ep 10)  [2.5s]
  ep  16: loss=0.9499  test_acc=57.39%  (best 57.39 @ ep 16)  [2.4s]
  ep  17: loss=0.9651  test_acc=54.49%  (best 57.39 @ ep 16)  [2.5s]
  ep  18: loss=0.9303  test_acc=56.58%  (best 57.39 @ ep 16)  [2.4s]
  ep  19: loss=0.9156  test_acc=51.34%  (best 57.39 @ ep 16)  [2.6s]
  ep  20: loss=0.9068  test_acc=56.00%  (best 57.39 @ ep 16)  [2.5s]
  ep  21: loss=0.9051  test_acc=59.62%  (best 59.62 @ ep 21)  [2.4s]
  ep  22: loss=0.9024  test_acc=61.72%  (best 61.72 @ ep 22)  [2.4s]
  ep  23: loss=0.8668  test_acc=55.43%  (best 61.72 @ ep 22)  [2.4s]
  ep  24: loss=0.8604  test_acc=53.60%  (best 61.72 @ ep 22)  [2.3s]
  ep  25: loss=0.8828  test_acc=44.19%  (best 61.72 @ ep 22)  [2.3s]
  ep  26: loss=0.9152  test_acc=59.45%  (best 61.72 @ ep 22)  [2.3s]
  ep  27: loss=0.8744  test_acc=59.98%  (best 61.72 @ ep 22)  [2.3s]
  ep  28: loss=0.8639  test_acc=50.76%  (best 61.72 @ ep 22)  [2.4s]
  ep  29: loss=0.8381  test_acc=60.54%  (best 61.72 @ ep 22)  [2.5s]
  ep  30: loss=0.8484  test_acc=52.46%  (best 61.72 @ ep 22)  [2.4s]
  ep  31: loss=0.8451  test_acc=57.78%  (best 61.72 @ ep 22)  [2.4s]
  ep  32: loss=0.8345  test_acc=59.21%  (best 61.72 @ ep 22)  [2.3s]
  ep  33: loss=0.8909  test_acc=57.55%  (best 61.72 @ ep 22)  [2.4s]
  ep  34: loss=0.8530  test_acc=56.14%  (best 61.72 @ ep 22)  [2.5s]
  ep  35: loss=0.8205  test_acc=59.71%  (best 61.72 @ ep 22)  [2.4s]
  ep  36: loss=0.7989  test_acc=50.85%  (best 61.72 @ ep 22)  [2.5s]
  ep  37: loss=0.9021  test_acc=61.52%  (best 61.72 @ ep 22)  [2.6s]
  ep  38: loss=0.8153  test_acc=59.26%  (best 61.72 @ ep 22)  [5.3s]
  ep  39: loss=0.8135  test_acc=51.35%  (best 61.72 @ ep 22)  [4.7s]
  ep  40: loss=0.8288  test_acc=59.32%  (best 61.72 @ ep 22)  [5.1s]
  ep  41: loss=0.7943  test_acc=55.89%  (best 61.72 @ ep 22)  [5.9s]
  ep  42: loss=0.7919  test_acc=57.18%  (best 61.72 @ ep 22)  [2.4s]
  ep  43: loss=0.7656  test_acc=60.46%  (best 61.72 @ ep 22)  [2.5s]
  ep  44: loss=0.7812  test_acc=47.73%  (best 61.72 @ ep 22)  [2.4s]
  ep  45: loss=0.8180  test_acc=63.35%  (best 63.35 @ ep 45)  [2.5s]
  ep  46: loss=0.7656  test_acc=60.67%  (best 63.35 @ ep 45)  [2.3s]
  ep  47: loss=0.7521  test_acc=56.69%  (best 63.35 @ ep 45)  [2.4s]
  ep  48: loss=0.7227  test_acc=66.29%  (best 66.29 @ ep 48)  [2.5s]
  ep  49: loss=0.7198  test_acc=60.95%  (best 66.29 @ ep 48)  [2.6s]
  ep  50: loss=0.7302  test_acc=61.42%  (best 66.29 @ ep 48)  [2.5s]
  ep  51: loss=0.7001  test_acc=58.17%  (best 66.29 @ ep 48)  [2.3s]
  ep  52: loss=0.7019  test_acc=62.98%  (best 66.29 @ ep 48)  [2.5s]
  ep  53: loss=0.6857  test_acc=61.73%  (best 66.29 @ ep 48)  [2.4s]
  ep  54: loss=0.6973  test_acc=52.54%  (best 66.29 @ ep 48)  [2.4s]
  ep  55: loss=0.7027  test_acc=61.16%  (best 66.29 @ ep 48)  [2.3s]
  ep  56: loss=0.6674  test_acc=54.09%  (best 66.29 @ ep 48)  [2.5s]
  ep  57: loss=0.6812  test_acc=62.71%  (best 66.29 @ ep 48)  [2.5s]
  ep  58: loss=0.7382  test_acc=61.76%  (best 66.29 @ ep 48)  [2.3s]
  ep  59: loss=0.7498  test_acc=62.15%  (best 66.29 @ ep 48)  [2.3s]
  ep  60: loss=0.6743  test_acc=61.69%  (best 66.29 @ ep 48)  [2.4s]
  ep  61: loss=0.6726  test_acc=60.02%  (best 66.29 @ ep 48)  [2.4s]
  ep  62: loss=0.7153  test_acc=63.55%  (best 66.29 @ ep 48)  [2.4s]
  ep  63: loss=0.6996  test_acc=59.57%  (best 66.29 @ ep 48)  [2.3s]
  ep  64: loss=0.7075  test_acc=59.39%  (best 66.29 @ ep 48)  [2.3s]
  ep  65: loss=0.6456  test_acc=58.11%  (best 66.29 @ ep 48)  [2.5s]
  ep  66: loss=0.6421  test_acc=58.07%  (best 66.29 @ ep 48)  [2.4s]
  ep  67: loss=0.6735  test_acc=61.31%  (best 66.29 @ ep 48)  [3.0s]
  ep  68: loss=0.6185  test_acc=60.13%  (best 66.29 @ ep 48)  [5.6s]
  ep  69: loss=0.5784  test_acc=61.40%  (best 66.29 @ ep 48)  [4.7s]
  ep  70: loss=0.5584  test_acc=62.70%  (best 66.29 @ ep 48)  [4.7s]
  ep  71: loss=0.5564  test_acc=60.32%  (best 66.29 @ ep 48)  [6.0s]
  ep  72: loss=0.6523  test_acc=58.14%  (best 66.29 @ ep 48)  [4.2s]
  ep  73: loss=0.5575  test_acc=60.94%  (best 66.29 @ ep 48)  [2.4s]
  ep  74: loss=0.5481  test_acc=60.86%  (best 66.29 @ ep 48)  [2.4s]
  ep  75: loss=0.5244  test_acc=61.69%  (best 66.29 @ ep 48)  [2.4s]
  ep  76: loss=0.5131  test_acc=63.54%  (best 66.29 @ ep 48)  [2.2s]
  ep  77: loss=0.5252  test_acc=61.07%  (best 66.29 @ ep 48)  [2.4s]
  ep  78: loss=0.5239  test_acc=60.54%  (best 66.29 @ ep 48)  [2.4s]
  ep  79: loss=0.4848  test_acc=62.50%  (best 66.29 @ ep 48)  [2.5s]
  ep  80: loss=0.4493  test_acc=59.20%  (best 66.29 @ ep 48)  [2.3s]
  ep  81: loss=0.4644  test_acc=62.34%  (best 66.29 @ ep 48)  [2.3s]
  ep  82: loss=0.4193  test_acc=59.36%  (best 66.29 @ ep 48)  [2.4s]
  ep  83: loss=0.4747  test_acc=62.67%  (best 66.29 @ ep 48)  [2.4s]
  ep  84: loss=0.4169  test_acc=60.92%  (best 66.29 @ ep 48)  [2.3s]
  ep  85: loss=0.3947  test_acc=62.25%  (best 66.29 @ ep 48)  [2.4s]
  ep  86: loss=0.4405  test_acc=62.62%  (best 66.29 @ ep 48)  [2.5s]
  ep  87: loss=0.3782  test_acc=60.98%  (best 66.29 @ ep 48)  [2.4s]
  ep  88: loss=0.3851  test_acc=59.31%  (best 66.29 @ ep 48)  [2.3s]
  ep  89: loss=0.3651  test_acc=60.87%  (best 66.29 @ ep 48)  [2.4s]
  ep  90: loss=0.3635  test_acc=60.67%  (best 66.29 @ ep 48)  [2.3s]
  ep  91: loss=0.3575  test_acc=61.29%  (best 66.29 @ ep 48)  [2.4s]
  ep  92: loss=0.3424  test_acc=61.16%  (best 66.29 @ ep 48)  [2.4s]
  ep  93: loss=0.3316  test_acc=61.87%  (best 66.29 @ ep 48)  [2.4s]
  ep  94: loss=0.3232  test_acc=62.81%  (best 66.29 @ ep 48)  [2.3s]
  ep  95: loss=0.3250  test_acc=60.52%  (best 66.29 @ ep 48)  [2.4s]
  ep  96: loss=0.3181  test_acc=61.62%  (best 66.29 @ ep 48)  [2.4s]
  ep  97: loss=0.3106  test_acc=60.64%  (best 66.29 @ ep 48)  [2.4s]
  ep  98: loss=0.3150  test_acc=61.43%  (best 66.29 @ ep 48)  [6.0s]
  ep  99: loss=0.3194  test_acc=61.60%  (best 66.29 @ ep 48)  [2.5s]

saved /path/to/ciln-workspace/journal_edition/robustness_transfer/results_v3/erm/ours__motion_blur_sev3__seed0.json: best 66.29% @ ep 48
[22:10:36] gpu 2: ours__motion_blur_sev3 seed 1 -> ../logs/erm_v3/ours__motion_blur_sev3__seed1.log
/path/to/ciln-workspace/venv/lib/python3.12/site-packages/torchvision/datasets/cifar.py:83: VisibleDeprecationWarning: dtype(): align should be passed as Python or NumPy boolean but got `align=0`. Did you mean to pass a tuple to create a subarray type? (Deprecated NumPy 2.4)
  entry = pickle.load(f, encoding="latin1")
condition=ours__motion_blur_sev3 seed=1 gpu=2
  ep   0: loss=1.9039  test_acc=20.46%  (best 20.46 @ ep 0)  [3.2s]
  ep   1: loss=1.7339  test_acc=25.19%  (best 25.19 @ ep 1)  [2.6s]
  ep   2: loss=1.5599  test_acc=21.86%  (best 25.19 @ ep 1)  [2.4s]
  ep   3: loss=1.5380  test_acc=37.66%  (best 37.66 @ ep 3)  [2.5s]
  ep   4: loss=1.4120  test_acc=42.33%  (best 42.33 @ ep 4)  [2.4s]
  ep   5: loss=1.2936  test_acc=38.86%  (best 42.33 @ ep 4)  [2.3s]
  ep   6: loss=1.2619  test_acc=43.04%  (best 43.04 @ ep 6)  [2.5s]
  ep   7: loss=1.2158  test_acc=38.79%  (best 43.04 @ ep 6)  [2.4s]
  ep   8: loss=1.2467  test_acc=44.25%  (best 44.25 @ ep 8)  [2.5s]
  ep   9: loss=1.1529  test_acc=38.15%  (best 44.25 @ ep 8)  [2.4s]
  ep  10: loss=1.1214  test_acc=46.69%  (best 46.69 @ ep 10)  [2.4s]
  ep  11: loss=1.0503  test_acc=49.35%  (best 49.35 @ ep 11)  [2.4s]
  ep  12: loss=1.0089  test_acc=49.96%  (best 49.96 @ ep 12)  [2.5s]
  ep  13: loss=1.0024  test_acc=52.85%  (best 52.85 @ ep 13)  [2.4s]
  ep  14: loss=1.0234  test_acc=50.45%  (best 52.85 @ ep 13)  [2.4s]
  ep  15: loss=0.9785  test_acc=47.47%  (best 52.85 @ ep 13)  [2.4s]
  ep  16: loss=1.0087  test_acc=50.48%  (best 52.85 @ ep 13)  [2.7s]
  ep  17: loss=0.9794  test_acc=54.96%  (best 54.96 @ ep 17)  [2.7s]
  ep  18: loss=0.9293  test_acc=56.38%  (best 56.38 @ ep 18)  [2.4s]
  ep  19: loss=0.9888  test_acc=49.54%  (best 56.38 @ ep 18)  [2.4s]
  ep  20: loss=0.9784  test_acc=53.83%  (best 56.38 @ ep 18)  [2.5s]
  ep  21: loss=0.9295  test_acc=54.25%  (best 56.38 @ ep 18)  [5.6s]
  ep  22: loss=0.9009  test_acc=53.99%  (best 56.38 @ ep 18)  [4.6s]
  ep  23: loss=0.8684  test_acc=52.84%  (best 56.38 @ ep 18)  [4.7s]
  ep  24: loss=0.8771  test_acc=55.19%  (best 56.38 @ ep 18)  [4.2s]
  ep  25: loss=0.8982  test_acc=42.75%  (best 56.38 @ ep 18)  [2.4s]
  ep  26: loss=1.0712  test_acc=47.55%  (best 56.38 @ ep 18)  [2.3s]
  ep  27: loss=1.0438  test_acc=51.93%  (best 56.38 @ ep 18)  [2.3s]
  ep  28: loss=0.9212  test_acc=58.68%  (best 58.68 @ ep 28)  [2.5s]
  ep  29: loss=0.8828  test_acc=57.52%  (best 58.68 @ ep 28)  [2.3s]
  ep  30: loss=0.8747  test_acc=53.38%  (best 58.68 @ ep 28)  [2.3s]
  ep  31: loss=0.8972  test_acc=56.16%  (best 58.68 @ ep 28)  [2.3s]
  ep  32: loss=0.8503  test_acc=54.30%  (best 58.68 @ ep 28)  [2.4s]
  ep  33: loss=0.8419  test_acc=56.72%  (best 58.68 @ ep 28)  [2.4s]
  ep  34: loss=0.8660  test_acc=59.36%  (best 59.36 @ ep 34)  [2.5s]
  ep  35: loss=0.8568  test_acc=57.88%  (best 59.36 @ ep 34)  [2.3s]
  ep  36: loss=0.9291  test_acc=57.95%  (best 59.36 @ ep 34)  [2.4s]
  ep  37: loss=0.8178  test_acc=56.30%  (best 59.36 @ ep 34)  [2.4s]
  ep  38: loss=0.8387  test_acc=57.10%  (best 59.36 @ ep 34)  [2.5s]
  ep  39: loss=0.8082  test_acc=58.66%  (best 59.36 @ ep 34)  [2.4s]
  ep  40: loss=0.8130  test_acc=54.07%  (best 59.36 @ ep 34)  [2.4s]
  ep  41: loss=0.7754  test_acc=61.05%  (best 61.05 @ ep 41)  [2.3s]
  ep  42: loss=0.7853  test_acc=63.47%  (best 63.47 @ ep 42)  [2.4s]
  ep  43: loss=0.7773  test_acc=55.79%  (best 63.47 @ ep 42)  [2.4s]
  ep  44: loss=0.7708  test_acc=54.79%  (best 63.47 @ ep 42)  [2.4s]
  ep  45: loss=0.8048  test_acc=55.17%  (best 63.47 @ ep 42)  [2.4s]
  ep  46: loss=0.7476  test_acc=60.36%  (best 63.47 @ ep 42)  [2.4s]
  ep  47: loss=0.7461  test_acc=57.51%  (best 63.47 @ ep 42)  [2.4s]
  ep  48: loss=0.7329  test_acc=58.72%  (best 63.47 @ ep 42)  [2.4s]
  ep  49: loss=0.7346  test_acc=53.17%  (best 63.47 @ ep 42)  [2.6s]
  ep  50: loss=0.7375  test_acc=57.17%  (best 63.47 @ ep 42)  [2.4s]
  ep  51: loss=0.7325  test_acc=50.90%  (best 63.47 @ ep 42)  [3.3s]
  ep  52: loss=0.7709  test_acc=59.39%  (best 63.47 @ ep 42)  [4.9s]
  ep  53: loss=0.7086  test_acc=57.10%  (best 63.47 @ ep 42)  [6.5s]
  ep  54: loss=0.7026  test_acc=58.35%  (best 63.47 @ ep 42)  [4.6s]
  ep  55: loss=0.6848  test_acc=59.28%  (best 63.47 @ ep 42)  [4.6s]
  ep  56: loss=0.6785  test_acc=62.50%  (best 63.47 @ ep 42)  [4.7s]
  ep  57: loss=0.6812  test_acc=62.38%  (best 63.47 @ ep 42)  [2.4s]
  ep  58: loss=0.6564  test_acc=63.83%  (best 63.83 @ ep 58)  [2.4s]
  ep  59: loss=0.6825  test_acc=62.12%  (best 63.83 @ ep 58)  [2.4s]
  ep  60: loss=0.6488  test_acc=52.01%  (best 63.83 @ ep 58)  [2.5s]
  ep  61: loss=0.7268  test_acc=61.88%  (best 63.83 @ ep 58)  [2.5s]
  ep  62: loss=0.6653  test_acc=59.52%  (best 63.83 @ ep 58)  [2.4s]
  ep  63: loss=0.6678  test_acc=61.51%  (best 63.83 @ ep 58)  [2.4s]
  ep  64: loss=0.6443  test_acc=61.81%  (best 63.83 @ ep 58)  [2.4s]
  ep  65: loss=0.6063  test_acc=61.33%  (best 63.83 @ ep 58)  [2.5s]
  ep  66: loss=0.5866  test_acc=62.29%  (best 63.83 @ ep 58)  [2.3s]
  ep  67: loss=0.6204  test_acc=61.65%  (best 63.83 @ ep 58)  [2.5s]
  ep  68: loss=0.6308  test_acc=58.81%  (best 63.83 @ ep 58)  [2.4s]
  ep  69: loss=0.5686  test_acc=62.22%  (best 63.83 @ ep 58)  [2.4s]
  ep  70: loss=0.5896  test_acc=63.41%  (best 63.83 @ ep 58)  [2.5s]
  ep  71: loss=0.5667  test_acc=61.15%  (best 63.83 @ ep 58)  [2.4s]
  ep  72: loss=0.5487  test_acc=62.40%  (best 63.83 @ ep 58)  [2.4s]
  ep  73: loss=0.5311  test_acc=57.20%  (best 63.83 @ ep 58)  [2.5s]
  ep  74: loss=0.5112  test_acc=62.37%  (best 63.83 @ ep 58)  [2.3s]
  ep  75: loss=0.5035  test_acc=63.24%  (best 63.83 @ ep 58)  [2.4s]
  ep  76: loss=0.4817  test_acc=62.56%  (best 63.83 @ ep 58)  [2.4s]
  ep  77: loss=0.4796  test_acc=60.79%  (best 63.83 @ ep 58)  [2.6s]
  ep  78: loss=0.4740  test_acc=57.56%  (best 63.83 @ ep 58)  [2.5s]
  ep  79: loss=0.4301  test_acc=61.73%  (best 63.83 @ ep 58)  [2.4s]
  ep  80: loss=0.4119  test_acc=58.71%  (best 63.83 @ ep 58)  [2.4s]
  ep  81: loss=0.4504  test_acc=60.35%  (best 63.83 @ ep 58)  [2.4s]
  ep  82: loss=0.3978  test_acc=61.67%  (best 63.83 @ ep 58)  [4.1s]
  ep  83: loss=0.3954  test_acc=58.37%  (best 63.83 @ ep 58)  [2.5s]
  ep  84: loss=0.3631  test_acc=60.49%  (best 63.83 @ ep 58)  [2.3s]
  ep  85: loss=0.3574  test_acc=61.08%  (best 63.83 @ ep 58)  [2.3s]
  ep  86: loss=0.3473  test_acc=61.69%  (best 63.83 @ ep 58)  [2.4s]
  ep  87: loss=0.3383  test_acc=61.57%  (best 63.83 @ ep 58)  [2.5s]
  ep  88: loss=0.3152  test_acc=59.82%  (best 63.83 @ ep 58)  [2.3s]
  ep  89: loss=0.3583  test_acc=61.64%  (best 63.83 @ ep 58)  [2.4s]
  ep  90: loss=0.3200  test_acc=59.10%  (best 63.83 @ ep 58)  [2.4s]
  ep  91: loss=0.3102  test_acc=59.46%  (best 63.83 @ ep 58)  [2.3s]
  ep  92: loss=0.2964  test_acc=59.69%  (best 63.83 @ ep 58)  [2.3s]
  ep  93: loss=0.2923  test_acc=60.88%  (best 63.83 @ ep 58)  [2.4s]
  ep  94: loss=0.2816  test_acc=60.61%  (best 63.83 @ ep 58)  [2.4s]
  ep  95: loss=0.2719  test_acc=60.73%  (best 63.83 @ ep 58)  [2.4s]
  ep  96: loss=0.2713  test_acc=59.42%  (best 63.83 @ ep 58)  [2.4s]
  ep  97: loss=0.2735  test_acc=60.72%  (best 63.83 @ ep 58)  [2.3s]
  ep  98: loss=0.2733  test_acc=60.04%  (best 63.83 @ ep 58)  [2.4s]
  ep  99: loss=0.2717  test_acc=58.62%  (best 63.83 @ ep 58)  [2.4s]

saved /path/to/ciln-workspace/journal_edition/robustness_transfer/results_v3/erm/ours__motion_blur_sev3__seed1.json: best 63.83% @ ep 58
[22:15:12] gpu 2: ours__motion_blur_sev3 seed 2 -> ../logs/erm_v3/ours__motion_blur_sev3__seed2.log
/path/to/ciln-workspace/venv/lib/python3.12/site-packages/torchvision/datasets/cifar.py:83: VisibleDeprecationWarning: dtype(): align should be passed as Python or NumPy boolean but got `align=0`. Did you mean to pass a tuple to create a subarray type? (Deprecated NumPy 2.4)
  entry = pickle.load(f, encoding="latin1")
condition=ours__motion_blur_sev3 seed=2 gpu=2
  ep   0: loss=1.8687  test_acc=23.09%  (best 23.09 @ ep 0)  [3.1s]
  ep   1: loss=1.6564  test_acc=36.77%  (best 36.77 @ ep 1)  [2.4s]
  ep   2: loss=1.4498  test_acc=39.21%  (best 39.21 @ ep 2)  [2.6s]
  ep   3: loss=1.3261  test_acc=40.74%  (best 40.74 @ ep 3)  [2.4s]
  ep   4: loss=1.2487  test_acc=39.09%  (best 40.74 @ ep 3)  [2.6s]
  ep   5: loss=1.1997  test_acc=42.40%  (best 42.40 @ ep 5)  [3.0s]
  ep   6: loss=1.1597  test_acc=49.01%  (best 49.01 @ ep 6)  [6.6s]
  ep   7: loss=1.0905  test_acc=40.71%  (best 49.01 @ ep 6)  [5.0s]
  ep   8: loss=1.0650  test_acc=47.61%  (best 49.01 @ ep 6)  [5.0s]
  ep   9: loss=1.0372  test_acc=53.02%  (best 53.02 @ ep 9)  [5.6s]
  ep  10: loss=0.9746  test_acc=45.44%  (best 53.02 @ ep 9)  [3.9s]
  ep  11: loss=0.9924  test_acc=46.06%  (best 53.02 @ ep 9)  [2.4s]
  ep  12: loss=0.9975  test_acc=53.11%  (best 53.11 @ ep 12)  [2.4s]
  ep  13: loss=0.9662  test_acc=56.24%  (best 56.24 @ ep 13)  [2.4s]
  ep  14: loss=0.9289  test_acc=43.48%  (best 56.24 @ ep 13)  [2.4s]
  ep  15: loss=0.9709  test_acc=54.90%  (best 56.24 @ ep 13)  [2.5s]
  ep  16: loss=0.9162  test_acc=55.15%  (best 56.24 @ ep 13)  [2.5s]
  ep  17: loss=0.9317  test_acc=45.19%  (best 56.24 @ ep 13)  [2.5s]
  ep  18: loss=1.1737  test_acc=54.23%  (best 56.24 @ ep 13)  [2.3s]
  ep  19: loss=0.9640  test_acc=55.33%  (best 56.24 @ ep 13)  [2.5s]
  ep  20: loss=0.9298  test_acc=54.95%  (best 56.24 @ ep 13)  [2.5s]
  ep  21: loss=0.9313  test_acc=54.18%  (best 56.24 @ ep 13)  [2.3s]
  ep  22: loss=0.9108  test_acc=48.82%  (best 56.24 @ ep 13)  [2.4s]
  ep  23: loss=0.9457  test_acc=58.76%  (best 58.76 @ ep 23)  [2.4s]
  ep  24: loss=0.8977  test_acc=57.83%  (best 58.76 @ ep 23)  [2.4s]
  ep  25: loss=0.9421  test_acc=55.07%  (best 58.76 @ ep 23)  [2.4s]
  ep  26: loss=0.9560  test_acc=54.61%  (best 58.76 @ ep 23)  [2.5s]
  ep  27: loss=0.9287  test_acc=55.77%  (best 58.76 @ ep 23)  [2.4s]
  ep  28: loss=0.8639  test_acc=61.10%  (best 61.10 @ ep 28)  [2.6s]
  ep  29: loss=0.8792  test_acc=57.91%  (best 61.10 @ ep 28)  [2.3s]
  ep  30: loss=0.8616  test_acc=51.97%  (best 61.10 @ ep 28)  [2.4s]
  ep  31: loss=0.8546  test_acc=63.00%  (best 63.00 @ ep 31)  [2.6s]
  ep  32: loss=0.8085  test_acc=54.22%  (best 63.00 @ ep 31)  [2.3s]
  ep  33: loss=0.8201  test_acc=58.29%  (best 63.00 @ ep 31)  [2.5s]
  ep  34: loss=0.8564  test_acc=53.37%  (best 63.00 @ ep 31)  [2.3s]
  ep  35: loss=0.8266  test_acc=54.93%  (best 63.00 @ ep 31)  [2.3s]
  ep  36: loss=0.7923  test_acc=55.25%  (best 63.00 @ ep 31)  [2.8s]
  ep  37: loss=0.8617  test_acc=54.05%  (best 63.00 @ ep 31)  [5.0s]
  ep  38: loss=0.8833  test_acc=50.18%  (best 63.00 @ ep 31)  [4.8s]
  ep  39: loss=0.8813  test_acc=54.66%  (best 63.00 @ ep 31)  [2.4s]
  ep  40: loss=0.8179  test_acc=57.20%  (best 63.00 @ ep 31)  [2.3s]
  ep  41: loss=0.7983  test_acc=58.57%  (best 63.00 @ ep 31)  [2.4s]
  ep  42: loss=0.8291  test_acc=59.97%  (best 63.00 @ ep 31)  [2.5s]
  ep  43: loss=0.8176  test_acc=59.39%  (best 63.00 @ ep 31)  [2.3s]
  ep  44: loss=0.8066  test_acc=55.88%  (best 63.00 @ ep 31)  [2.4s]
  ep  45: loss=0.8221  test_acc=62.66%  (best 63.00 @ ep 31)  [2.3s]
  ep  46: loss=0.7595  test_acc=55.91%  (best 63.00 @ ep 31)  [2.5s]
  ep  47: loss=0.7435  test_acc=61.67%  (best 63.00 @ ep 31)  [2.5s]
  ep  48: loss=0.7385  test_acc=61.57%  (best 63.00 @ ep 31)  [2.6s]
  ep  49: loss=0.7615  test_acc=59.63%  (best 63.00 @ ep 31)  [2.3s]
  ep  50: loss=0.7462  test_acc=60.49%  (best 63.00 @ ep 31)  [2.4s]
  ep  51: loss=0.7337  test_acc=59.77%  (best 63.00 @ ep 31)  [2.3s]
  ep  52: loss=0.7193  test_acc=62.52%  (best 63.00 @ ep 31)  [2.4s]
  ep  53: loss=0.7027  test_acc=56.15%  (best 63.00 @ ep 31)  [2.5s]
  ep  54: loss=0.7100  test_acc=61.85%  (best 63.00 @ ep 31)  [2.4s]
  ep  55: loss=0.7066  test_acc=61.29%  (best 63.00 @ ep 31)  [2.6s]
  ep  56: loss=0.6798  test_acc=62.41%  (best 63.00 @ ep 31)  [2.4s]
  ep  57: loss=0.6597  test_acc=58.46%  (best 63.00 @ ep 31)  [2.6s]
  ep  58: loss=0.7308  test_acc=56.54%  (best 63.00 @ ep 31)  [2.4s]
  ep  59: loss=0.7496  test_acc=63.38%  (best 63.38 @ ep 59)  [2.6s]
  ep  60: loss=0.7064  test_acc=62.35%  (best 63.38 @ ep 59)  [2.4s]
  ep  61: loss=0.6788  test_acc=60.04%  (best 63.38 @ ep 59)  [2.3s]
  ep  62: loss=0.6501  test_acc=56.72%  (best 63.38 @ ep 59)  [2.4s]
  ep  63: loss=0.7082  test_acc=59.47%  (best 63.38 @ ep 59)  [2.4s]
  ep  64: loss=0.6459  test_acc=60.57%  (best 63.38 @ ep 59)  [3.3s]
  ep  65: loss=0.6191  test_acc=64.40%  (best 64.40 @ ep 65)  [5.0s]
  ep  66: loss=0.6397  test_acc=60.47%  (best 64.40 @ ep 65)  [4.7s]
  ep  67: loss=0.6126  test_acc=61.43%  (best 64.40 @ ep 65)  [4.6s]
  ep  68: loss=0.6346  test_acc=59.07%  (best 64.40 @ ep 65)  [2.6s]
  ep  69: loss=0.6764  test_acc=61.56%  (best 64.40 @ ep 65)  [2.6s]
  ep  70: loss=0.5855  test_acc=63.81%  (best 64.40 @ ep 65)  [2.4s]
  ep  71: loss=0.5899  test_acc=58.52%  (best 64.40 @ ep 65)  [2.5s]
  ep  72: loss=0.5603  test_acc=60.84%  (best 64.40 @ ep 65)  [2.3s]
  ep  73: loss=0.5182  test_acc=61.00%  (best 64.40 @ ep 65)  [2.5s]
  ep  74: loss=0.5284  test_acc=57.44%  (best 64.40 @ ep 65)  [2.3s]
  ep  75: loss=0.5823  test_acc=60.79%  (best 64.40 @ ep 65)  [2.4s]
  ep  76: loss=0.5278  test_acc=62.55%  (best 64.40 @ ep 65)  [2.3s]
  ep  77: loss=0.4979  test_acc=60.12%  (best 64.40 @ ep 65)  [2.3s]
  ep  78: loss=0.4692  test_acc=61.61%  (best 64.40 @ ep 65)  [2.3s]
  ep  79: loss=0.4522  test_acc=60.12%  (best 64.40 @ ep 65)  [2.4s]
  ep  80: loss=0.4801  test_acc=57.93%  (best 64.40 @ ep 65)  [2.4s]
  ep  81: loss=0.4503  test_acc=61.36%  (best 64.40 @ ep 65)  [2.5s]
  ep  82: loss=0.4284  test_acc=59.04%  (best 64.40 @ ep 65)  [2.3s]
  ep  83: loss=0.4276  test_acc=59.45%  (best 64.40 @ ep 65)  [2.4s]
  ep  84: loss=0.4217  test_acc=62.07%  (best 64.40 @ ep 65)  [2.3s]
  ep  85: loss=0.3856  test_acc=61.48%  (best 64.40 @ ep 65)  [2.5s]
  ep  86: loss=0.4040  test_acc=61.52%  (best 64.40 @ ep 65)  [2.3s]
  ep  87: loss=0.3611  test_acc=60.94%  (best 64.40 @ ep 65)  [2.6s]
  ep  88: loss=0.3507  test_acc=61.90%  (best 64.40 @ ep 65)  [2.5s]
  ep  89: loss=0.3684  test_acc=60.19%  (best 64.40 @ ep 65)  [2.4s]
  ep  90: loss=0.3648  test_acc=60.91%  (best 64.40 @ ep 65)  [2.5s]
  ep  91: loss=0.3486  test_acc=60.29%  (best 64.40 @ ep 65)  [2.3s]
  ep  92: loss=0.3343  test_acc=59.82%  (best 64.40 @ ep 65)  [2.4s]
  ep  93: loss=0.3207  test_acc=61.17%  (best 64.40 @ ep 65)  [2.7s]
  ep  94: loss=0.3268  test_acc=61.33%  (best 64.40 @ ep 65)  [5.9s]
  ep  95: loss=0.3100  test_acc=62.19%  (best 64.40 @ ep 65)  [4.8s]
  ep  96: loss=0.3113  test_acc=60.96%  (best 64.40 @ ep 65)  [4.5s]
  ep  97: loss=0.3036  test_acc=61.01%  (best 64.40 @ ep 65)  [2.5s]
  ep  98: loss=0.3063  test_acc=61.39%  (best 64.40 @ ep 65)  [2.4s]
  ep  99: loss=0.3066  test_acc=61.08%  (best 64.40 @ ep 65)  [2.4s]

saved /path/to/ciln-workspace/journal_edition/robustness_transfer/results_v3/erm/ours__motion_blur_sev3__seed2.json: best 64.40% @ ep 65
[22:20:00] gpu 2: ours__contrast_sev3 seed 0 -> ../logs/erm_v3/ours__contrast_sev3__seed0.log
/path/to/ciln-workspace/venv/lib/python3.12/site-packages/torchvision/datasets/cifar.py:83: VisibleDeprecationWarning: dtype(): align should be passed as Python or NumPy boolean but got `align=0`. Did you mean to pass a tuple to create a subarray type? (Deprecated NumPy 2.4)
  entry = pickle.load(f, encoding="latin1")
condition=ours__contrast_sev3 seed=0 gpu=2
  ep   0: loss=1.8049  test_acc=17.72%  (best 17.72 @ ep 0)  [3.4s]
  ep   1: loss=1.6322  test_acc=22.72%  (best 22.72 @ ep 1)  [2.3s]
  ep   2: loss=1.6713  test_acc=28.33%  (best 28.33 @ ep 2)  [2.4s]
  ep   3: loss=1.5615  test_acc=26.39%  (best 28.33 @ ep 2)  [2.6s]
  ep   4: loss=1.5157  test_acc=23.32%  (best 28.33 @ ep 2)  [2.3s]
  ep   5: loss=1.4773  test_acc=32.01%  (best 32.01 @ ep 5)  [2.4s]
  ep   6: loss=1.4266  test_acc=35.33%  (best 35.33 @ ep 6)  [2.3s]
  ep   7: loss=1.4333  test_acc=36.91%  (best 36.91 @ ep 7)  [2.3s]
  ep   8: loss=1.4070  test_acc=35.22%  (best 36.91 @ ep 7)  [2.4s]
  ep   9: loss=1.3346  test_acc=36.67%  (best 36.91 @ ep 7)  [2.5s]
  ep  10: loss=1.3502  test_acc=36.12%  (best 36.91 @ ep 7)  [2.4s]
  ep  11: loss=1.2869  test_acc=38.49%  (best 38.49 @ ep 11)  [2.4s]
  ep  12: loss=1.2869  test_acc=40.81%  (best 40.81 @ ep 12)  [2.3s]
  ep  13: loss=1.2702  test_acc=43.93%  (best 43.93 @ ep 13)  [2.4s]
  ep  14: loss=1.2804  test_acc=41.26%  (best 43.93 @ ep 13)  [2.3s]
  ep  15: loss=1.2299  test_acc=38.28%  (best 43.93 @ ep 13)  [2.4s]
  ep  16: loss=1.2584  test_acc=42.60%  (best 43.93 @ ep 13)  [2.3s]
  ep  17: loss=1.2352  test_acc=38.07%  (best 43.93 @ ep 13)  [2.5s]
  ep  18: loss=1.2051  test_acc=36.53%  (best 43.93 @ ep 13)  [2.6s]
  ep  19: loss=1.2639  test_acc=43.83%  (best 43.93 @ ep 13)  [5.0s]
  ep  20: loss=1.2075  test_acc=39.59%  (best 43.93 @ ep 13)  [2.4s]
  ep  21: loss=1.1886  test_acc=41.32%  (best 43.93 @ ep 13)  [2.3s]
  ep  22: loss=1.1908  test_acc=40.91%  (best 43.93 @ ep 13)  [2.4s]
  ep  23: loss=1.1538  test_acc=40.84%  (best 43.93 @ ep 13)  [2.5s]
  ep  24: loss=1.1666  test_acc=41.95%  (best 43.93 @ ep 13)  [2.5s]
  ep  25: loss=1.1567  test_acc=37.29%  (best 43.93 @ ep 13)  [2.3s]
  ep  26: loss=1.1316  test_acc=42.28%  (best 43.93 @ ep 13)  [2.4s]
  ep  27: loss=1.1876  test_acc=45.75%  (best 45.75 @ ep 27)  [2.4s]
  ep  28: loss=1.1494  test_acc=47.96%  (best 47.96 @ ep 28)  [2.5s]
  ep  29: loss=1.1197  test_acc=40.16%  (best 47.96 @ ep 28)  [2.3s]
  ep  30: loss=1.1368  test_acc=39.14%  (best 47.96 @ ep 28)  [2.4s]
  ep  31: loss=1.1118  test_acc=43.86%  (best 47.96 @ ep 28)  [2.5s]
  ep  32: loss=1.1236  test_acc=37.64%  (best 47.96 @ ep 28)  [2.4s]
  ep  33: loss=1.1822  test_acc=41.57%  (best 47.96 @ ep 28)  [2.4s]
  ep  34: loss=1.1688  test_acc=37.69%  (best 47.96 @ ep 28)  [2.4s]
  ep  35: loss=1.1960  test_acc=41.93%  (best 47.96 @ ep 28)  [2.5s]
  ep  36: loss=1.1206  test_acc=42.89%  (best 47.96 @ ep 28)  [2.4s]
  ep  37: loss=1.1240  test_acc=40.75%  (best 47.96 @ ep 28)  [2.4s]
  ep  38: loss=1.1705  test_acc=38.96%  (best 47.96 @ ep 28)  [2.3s]
  ep  39: loss=1.1021  test_acc=48.97%  (best 48.97 @ ep 39)  [2.6s]
  ep  40: loss=1.1026  test_acc=48.94%  (best 48.97 @ ep 39)  [2.4s]
  ep  41: loss=1.0960  test_acc=42.89%  (best 48.97 @ ep 39)  [2.5s]
  ep  42: loss=1.0848  test_acc=44.77%  (best 48.97 @ ep 39)  [2.4s]
  ep  43: loss=1.0680  test_acc=49.84%  (best 49.84 @ ep 43)  [2.4s]
  ep  44: loss=1.0966  test_acc=48.55%  (best 49.84 @ ep 43)  [2.4s]
  ep  45: loss=1.0728  test_acc=45.36%  (best 49.84 @ ep 43)  [2.4s]
  ep  46: loss=1.0637  test_acc=48.07%  (best 49.84 @ ep 43)  [3.5s]
  ep  47: loss=1.0329  test_acc=45.43%  (best 49.84 @ ep 43)  [4.8s]
  ep  48: loss=1.0517  test_acc=41.95%  (best 49.84 @ ep 43)  [7.5s]
  ep  49: loss=1.0748  test_acc=42.55%  (best 49.84 @ ep 43)  [5.1s]
  ep  50: loss=1.0429  test_acc=46.83%  (best 49.84 @ ep 43)  [4.5s]
  ep  51: loss=1.0082  test_acc=40.80%  (best 49.84 @ ep 43)  [4.8s]
  ep  52: loss=1.0046  test_acc=41.25%  (best 49.84 @ ep 43)  [2.4s]
  ep  53: loss=1.0489  test_acc=41.60%  (best 49.84 @ ep 43)  [2.5s]
  ep  54: loss=1.0709  test_acc=42.99%  (best 49.84 @ ep 43)  [2.4s]
  ep  55: loss=1.0406  test_acc=45.99%  (best 49.84 @ ep 43)  [2.4s]
  ep  56: loss=1.0153  test_acc=42.90%  (best 49.84 @ ep 43)  [2.4s]
  ep  57: loss=0.9948  test_acc=38.88%  (best 49.84 @ ep 43)  [2.4s]
  ep  58: loss=1.0173  test_acc=41.81%  (best 49.84 @ ep 43)  [2.5s]
  ep  59: loss=0.9774  test_acc=44.83%  (best 49.84 @ ep 43)  [2.4s]
  ep  60: loss=0.9741  test_acc=43.03%  (best 49.84 @ ep 43)  [2.5s]
  ep  61: loss=0.9762  test_acc=44.31%  (best 49.84 @ ep 43)  [2.4s]
  ep  62: loss=0.9435  test_acc=44.32%  (best 49.84 @ ep 43)  [2.6s]
  ep  63: loss=0.9503  test_acc=46.65%  (best 49.84 @ ep 43)  [2.5s]
  ep  64: loss=0.9398  test_acc=46.20%  (best 49.84 @ ep 43)  [2.5s]
  ep  65: loss=0.9571  test_acc=44.43%  (best 49.84 @ ep 43)  [2.3s]
  ep  66: loss=0.9218  test_acc=44.57%  (best 49.84 @ ep 43)  [2.4s]
  ep  67: loss=0.9489  test_acc=42.44%  (best 49.84 @ ep 43)  [2.4s]
  ep  68: loss=0.8988  test_acc=45.30%  (best 49.84 @ ep 43)  [2.4s]
  ep  69: loss=0.8653  test_acc=42.71%  (best 49.84 @ ep 43)  [2.3s]
  ep  70: loss=0.8499  test_acc=45.98%  (best 49.84 @ ep 43)  [2.5s]
  ep  71: loss=0.8585  test_acc=46.00%  (best 49.84 @ ep 43)  [2.4s]
  ep  72: loss=0.8483  test_acc=46.46%  (best 49.84 @ ep 43)  [2.4s]
  ep  73: loss=0.8710  test_acc=46.83%  (best 49.84 @ ep 43)  [2.4s]
  ep  74: loss=0.8820  test_acc=47.10%  (best 49.84 @ ep 43)  [2.3s]
  ep  75: loss=0.8417  test_acc=42.17%  (best 49.84 @ ep 43)  [2.4s]
  ep  76: loss=0.8238  test_acc=46.51%  (best 49.84 @ ep 43)  [2.3s]
  ep  77: loss=0.8792  test_acc=42.80%  (best 49.84 @ ep 43)  [4.2s]
  ep  78: loss=0.7949  test_acc=44.30%  (best 49.84 @ ep 43)  [5.3s]
  ep  79: loss=0.7632  test_acc=44.10%  (best 49.84 @ ep 43)  [4.7s]
  ep  80: loss=0.7718  test_acc=41.78%  (best 49.84 @ ep 43)  [5.1s]
  ep  81: loss=0.7460  test_acc=42.13%  (best 49.84 @ ep 43)  [6.6s]
  ep  82: loss=0.7312  test_acc=43.34%  (best 49.84 @ ep 43)  [4.2s]
  ep  83: loss=0.7569  test_acc=44.31%  (best 49.84 @ ep 43)  [2.6s]
  ep  84: loss=0.6939  test_acc=43.42%  (best 49.84 @ ep 43)  [2.4s]
  ep  85: loss=0.7027  test_acc=44.95%  (best 49.84 @ ep 43)  [2.6s]
  ep  86: loss=0.6730  test_acc=45.21%  (best 49.84 @ ep 43)  [2.3s]
  ep  87: loss=0.6510  test_acc=45.34%  (best 49.84 @ ep 43)  [2.4s]
  ep  88: loss=0.6445  test_acc=43.71%  (best 49.84 @ ep 43)  [2.5s]
  ep  89: loss=0.6730  test_acc=42.36%  (best 49.84 @ ep 43)  [2.3s]
  ep  90: loss=0.6414  test_acc=44.72%  (best 49.84 @ ep 43)  [2.4s]
  ep  91: loss=0.6107  test_acc=44.64%  (best 49.84 @ ep 43)  [2.4s]
  ep  92: loss=0.6066  test_acc=43.52%  (best 49.84 @ ep 43)  [2.5s]
  ep  93: loss=0.5886  test_acc=45.09%  (best 49.84 @ ep 43)  [2.5s]
  ep  94: loss=0.5870  test_acc=44.44%  (best 49.84 @ ep 43)  [2.7s]
  ep  95: loss=0.5820  test_acc=44.82%  (best 49.84 @ ep 43)  [2.4s]
  ep  96: loss=0.5734  test_acc=43.18%  (best 49.84 @ ep 43)  [2.5s]
  ep  97: loss=0.5683  test_acc=43.27%  (best 49.84 @ ep 43)  [2.6s]
  ep  98: loss=0.5698  test_acc=45.25%  (best 49.84 @ ep 43)  [2.5s]
  ep  99: loss=0.5657  test_acc=43.73%  (best 49.84 @ ep 43)  [2.7s]

saved /path/to/ciln-workspace/journal_edition/robustness_transfer/results_v3/erm/ours__contrast_sev3__seed0.json: best 49.84% @ ep 43
[22:24:46] gpu 2: ours__contrast_sev3 seed 1 -> ../logs/erm_v3/ours__contrast_sev3__seed1.log
/path/to/ciln-workspace/venv/lib/python3.12/site-packages/torchvision/datasets/cifar.py:83: VisibleDeprecationWarning: dtype(): align should be passed as Python or NumPy boolean but got `align=0`. Did you mean to pass a tuple to create a subarray type? (Deprecated NumPy 2.4)
  entry = pickle.load(f, encoding="latin1")
condition=ours__contrast_sev3 seed=1 gpu=2
  ep   0: loss=1.8064  test_acc=18.60%  (best 18.60 @ ep 0)  [3.2s]
  ep   1: loss=1.6999  test_acc=21.41%  (best 21.41 @ ep 1)  [2.5s]
  ep   2: loss=1.6002  test_acc=29.05%  (best 29.05 @ ep 2)  [2.3s]
  ep   3: loss=1.5509  test_acc=27.38%  (best 29.05 @ ep 2)  [2.5s]
  ep   4: loss=1.4987  test_acc=29.93%  (best 29.93 @ ep 4)  [4.3s]
  ep   5: loss=1.4411  test_acc=28.09%  (best 29.93 @ ep 4)  [6.6s]
  ep   6: loss=1.4554  test_acc=26.82%  (best 29.93 @ ep 4)  [4.8s]
  ep   7: loss=1.3978  test_acc=33.75%  (best 33.75 @ ep 7)  [4.6s]
  ep   8: loss=1.3484  test_acc=36.99%  (best 36.99 @ ep 8)  [5.1s]
  ep   9: loss=1.3926  test_acc=31.18%  (best 36.99 @ ep 8)  [5.0s]
  ep  10: loss=1.3205  test_acc=30.52%  (best 36.99 @ ep 8)  [2.5s]
  ep  11: loss=1.3014  test_acc=33.43%  (best 36.99 @ ep 8)  [2.5s]
  ep  12: loss=1.3332  test_acc=30.56%  (best 36.99 @ ep 8)  [2.2s]
  ep  13: loss=1.3042  test_acc=41.20%  (best 41.20 @ ep 13)  [2.5s]
  ep  14: loss=1.3111  test_acc=41.10%  (best 41.20 @ ep 13)  [2.4s]
  ep  15: loss=1.2376  test_acc=35.16%  (best 41.20 @ ep 13)  [2.4s]
  ep  16: loss=1.2598  test_acc=39.76%  (best 41.20 @ ep 13)  [2.4s]
  ep  17: loss=1.2493  test_acc=38.70%  (best 41.20 @ ep 13)  [2.6s]
  ep  18: loss=1.2178  test_acc=29.91%  (best 41.20 @ ep 13)  [2.4s]
  ep  19: loss=1.1960  test_acc=34.33%  (best 41.20 @ ep 13)  [2.3s]
  ep  20: loss=1.2108  test_acc=37.23%  (best 41.20 @ ep 13)  [2.4s]
  ep  21: loss=1.1759  test_acc=37.16%  (best 41.20 @ ep 13)  [2.3s]
  ep  22: loss=1.1815  test_acc=38.72%  (best 41.20 @ ep 13)  [2.3s]
  ep  23: loss=1.1733  test_acc=39.09%  (best 41.20 @ ep 13)  [2.3s]
  ep  24: loss=1.1550  test_acc=34.99%  (best 41.20 @ ep 13)  [2.5s]
  ep  25: loss=1.1674  test_acc=39.83%  (best 41.20 @ ep 13)  [2.5s]
  ep  26: loss=1.1354  test_acc=42.16%  (best 42.16 @ ep 26)  [2.4s]
  ep  27: loss=1.1514  test_acc=34.99%  (best 42.16 @ ep 26)  [2.3s]
  ep  28: loss=1.1476  test_acc=33.13%  (best 42.16 @ ep 26)  [2.5s]
  ep  29: loss=1.1928  test_acc=39.16%  (best 42.16 @ ep 26)  [2.5s]
  ep  30: loss=1.1801  test_acc=43.63%  (best 43.63 @ ep 30)  [2.5s]
  ep  31: loss=1.1342  test_acc=40.99%  (best 43.63 @ ep 30)  [2.3s]
  ep  32: loss=1.1189  test_acc=41.17%  (best 43.63 @ ep 30)  [2.6s]
  ep  33: loss=1.1233  test_acc=36.19%  (best 43.63 @ ep 30)  [2.3s]
  ep  34: loss=1.1172  test_acc=48.34%  (best 48.34 @ ep 34)  [2.3s]
  ep  35: loss=1.1377  test_acc=39.04%  (best 48.34 @ ep 34)  [2.5s]
  ep  36: loss=1.1607  test_acc=40.69%  (best 48.34 @ ep 34)  [2.5s]
  ep  37: loss=1.1040  test_acc=43.32%  (best 48.34 @ ep 34)  [2.3s]
  ep  38: loss=1.0978  test_acc=39.83%  (best 48.34 @ ep 34)  [2.4s]
  ep  39: loss=1.0839  test_acc=42.01%  (best 48.34 @ ep 34)  [2.4s]
  ep  40: loss=1.1163  test_acc=44.63%  (best 48.34 @ ep 34)  [2.4s]
  ep  41: loss=1.1261  test_acc=44.47%  (best 48.34 @ ep 34)  [2.6s]
  ep  42: loss=1.0624  test_acc=46.84%  (best 48.34 @ ep 34)  [2.4s]
  ep  43: loss=1.0690  test_acc=49.19%  (best 49.19 @ ep 43)  [2.4s]
  ep  44: loss=1.0786  test_acc=46.30%  (best 49.19 @ ep 43)  [2.4s]
  ep  45: loss=1.0523  test_acc=40.46%  (best 49.19 @ ep 43)  [2.3s]
  ep  46: loss=1.0394  test_acc=41.42%  (best 49.19 @ ep 43)  [2.4s]
  ep  47: loss=1.0371  test_acc=45.45%  (best 49.19 @ ep 43)  [2.6s]
  ep  48: loss=1.0655  test_acc=45.63%  (best 49.19 @ ep 43)  [2.5s]
  ep  49: loss=1.0345  test_acc=33.84%  (best 49.19 @ ep 43)  [2.5s]
  ep  50: loss=1.0371  test_acc=43.99%  (best 49.19 @ ep 43)  [2.3s]
  ep  51: loss=1.0336  test_acc=36.66%  (best 49.19 @ ep 43)  [2.4s]
  ep  52: loss=1.0485  test_acc=45.96%  (best 49.19 @ ep 43)  [2.4s]
  ep  53: loss=1.0522  test_acc=42.74%  (best 49.19 @ ep 43)  [2.6s]
  ep  54: loss=1.0753  test_acc=51.98%  (best 51.98 @ ep 54)  [2.4s]
  ep  55: loss=0.9831  test_acc=44.27%  (best 51.98 @ ep 54)  [2.5s]
  ep  56: loss=1.0166  test_acc=43.38%  (best 51.98 @ ep 54)  [2.4s]
  ep  57: loss=1.0239  test_acc=48.90%  (best 51.98 @ ep 54)  [2.4s]
  ep  58: loss=1.0271  test_acc=46.49%  (best 51.98 @ ep 54)  [2.4s]
  ep  59: loss=1.0225  test_acc=44.80%  (best 51.98 @ ep 54)  [2.6s]
  ep  60: loss=0.9704  test_acc=45.96%  (best 51.98 @ ep 54)  [4.3s]
  ep  61: loss=1.0000  test_acc=48.81%  (best 51.98 @ ep 54)  [6.3s]
  ep  62: loss=0.9537  test_acc=38.38%  (best 51.98 @ ep 54)  [4.7s]
  ep  63: loss=0.9805  test_acc=43.91%  (best 51.98 @ ep 54)  [4.9s]
  ep  64: loss=0.9324  test_acc=42.84%  (best 51.98 @ ep 54)  [6.6s]
  ep  65: loss=0.8979  test_acc=42.20%  (best 51.98 @ ep 54)  [4.1s]
  ep  66: loss=0.9058  test_acc=47.18%  (best 51.98 @ ep 54)  [2.4s]
  ep  67: loss=0.8668  test_acc=44.28%  (best 51.98 @ ep 54)  [2.3s]
  ep  68: loss=0.9006  test_acc=48.08%  (best 51.98 @ ep 54)  [2.4s]
  ep  69: loss=0.8588  test_acc=39.40%  (best 51.98 @ ep 54)  [2.5s]
  ep  70: loss=0.8524  test_acc=47.53%  (best 51.98 @ ep 54)  [2.4s]
  ep  71: loss=0.8427  test_acc=43.46%  (best 51.98 @ ep 54)  [2.5s]
  ep  72: loss=0.8293  test_acc=46.53%  (best 51.98 @ ep 54)  [2.3s]
  ep  73: loss=0.8278  test_acc=45.76%  (best 51.98 @ ep 54)  [2.5s]
  ep  74: loss=0.7935  test_acc=44.03%  (best 51.98 @ ep 54)  [2.4s]
  ep  75: loss=0.7967  test_acc=43.14%  (best 51.98 @ ep 54)  [2.4s]
  ep  76: loss=0.7506  test_acc=43.46%  (best 51.98 @ ep 54)  [2.3s]
  ep  77: loss=0.7429  test_acc=42.68%  (best 51.98 @ ep 54)  [2.5s]
  ep  78: loss=0.8078  test_acc=44.39%  (best 51.98 @ ep 54)  [2.3s]
  ep  79: loss=0.7354  test_acc=44.58%  (best 51.98 @ ep 54)  [2.4s]
  ep  80: loss=0.6973  test_acc=42.17%  (best 51.98 @ ep 54)  [2.4s]
  ep  81: loss=0.7029  test_acc=47.24%  (best 51.98 @ ep 54)  [2.6s]
  ep  82: loss=0.6658  test_acc=44.77%  (best 51.98 @ ep 54)  [2.3s]
  ep  83: loss=0.6542  test_acc=45.11%  (best 51.98 @ ep 54)  [2.6s]
  ep  84: loss=0.6564  test_acc=45.66%  (best 51.98 @ ep 54)  [2.3s]
  ep  85: loss=0.6488  test_acc=45.11%  (best 51.98 @ ep 54)  [2.4s]
  ep  86: loss=0.5996  test_acc=43.86%  (best 51.98 @ ep 54)  [2.4s]
  ep  87: loss=0.5862  test_acc=45.52%  (best 51.98 @ ep 54)  [2.4s]
  ep  88: loss=0.5901  test_acc=43.80%  (best 51.98 @ ep 54)  [2.3s]
  ep  89: loss=0.5625  test_acc=45.02%  (best 51.98 @ ep 54)  [2.4s]
  ep  90: loss=0.5653  test_acc=42.42%  (best 51.98 @ ep 54)  [2.9s]
  ep  91: loss=0.5336  test_acc=44.04%  (best 51.98 @ ep 54)  [5.1s]
  ep  92: loss=0.5267  test_acc=41.93%  (best 51.98 @ ep 54)  [4.5s]
  ep  93: loss=0.5201  test_acc=43.19%  (best 51.98 @ ep 54)  [5.8s]
  ep  94: loss=0.5034  test_acc=44.15%  (best 51.98 @ ep 54)  [5.0s]
  ep  95: loss=0.4962  test_acc=44.70%  (best 51.98 @ ep 54)  [5.0s]
  ep  96: loss=0.4901  test_acc=43.60%  (best 51.98 @ ep 54)  [4.4s]
  ep  97: loss=0.4780  test_acc=44.38%  (best 51.98 @ ep 54)  [2.5s]
  ep  98: loss=0.4779  test_acc=42.65%  (best 51.98 @ ep 54)  [2.2s]
  ep  99: loss=0.4829  test_acc=42.33%  (best 51.98 @ ep 54)  [2.4s]

saved /path/to/ciln-workspace/journal_edition/robustness_transfer/results_v3/erm/ours__contrast_sev3__seed1.json: best 51.98% @ ep 54
[22:29:44] gpu 2: ours__contrast_sev3 seed 2 -> ../logs/erm_v3/ours__contrast_sev3__seed2.log
/path/to/ciln-workspace/venv/lib/python3.12/site-packages/torchvision/datasets/cifar.py:83: VisibleDeprecationWarning: dtype(): align should be passed as Python or NumPy boolean but got `align=0`. Did you mean to pass a tuple to create a subarray type? (Deprecated NumPy 2.4)
  entry = pickle.load(f, encoding="latin1")
condition=ours__contrast_sev3 seed=2 gpu=2
  ep   0: loss=1.8497  test_acc=18.96%  (best 18.96 @ ep 0)  [3.4s]
  ep   1: loss=1.7040  test_acc=18.09%  (best 18.96 @ ep 0)  [2.3s]
  ep   2: loss=1.6816  test_acc=27.88%  (best 27.88 @ ep 2)  [2.6s]
  ep   3: loss=1.6014  test_acc=26.10%  (best 27.88 @ ep 2)  [2.4s]
  ep   4: loss=1.5710  test_acc=27.50%  (best 27.88 @ ep 2)  [2.3s]
  ep   5: loss=1.5423  test_acc=25.03%  (best 27.88 @ ep 2)  [2.6s]
  ep   6: loss=1.4760  test_acc=30.15%  (best 30.15 @ ep 6)  [2.5s]
  ep   7: loss=1.4621  test_acc=30.55%  (best 30.55 @ ep 7)  [2.4s]
  ep   8: loss=1.4315  test_acc=30.52%  (best 30.55 @ ep 7)  [2.6s]
  ep   9: loss=1.4134  test_acc=33.19%  (best 33.19 @ ep 9)  [2.5s]
  ep  10: loss=1.3527  test_acc=31.77%  (best 33.19 @ ep 9)  [2.5s]
  ep  11: loss=1.3512  test_acc=32.66%  (best 33.19 @ ep 9)  [2.3s]
  ep  12: loss=1.3174  test_acc=33.76%  (best 33.76 @ ep 12)  [2.4s]
  ep  13: loss=1.3665  test_acc=33.84%  (best 33.84 @ ep 13)  [2.4s]
  ep  14: loss=1.3001  test_acc=28.65%  (best 33.84 @ ep 13)  [2.5s]
  ep  15: loss=1.2734  test_acc=37.53%  (best 37.53 @ ep 15)  [2.4s]
  ep  16: loss=1.3056  test_acc=40.09%  (best 40.09 @ ep 16)  [2.6s]
  ep  17: loss=1.2771  test_acc=35.97%  (best 40.09 @ ep 16)  [5.1s]
  ep  18: loss=1.2553  test_acc=38.87%  (best 40.09 @ ep 16)  [4.8s]
  ep  19: loss=1.2281  test_acc=36.37%  (best 40.09 @ ep 16)  [4.8s]
  ep  20: loss=1.2533  test_acc=39.87%  (best 40.09 @ ep 16)  [5.3s]
  ep  21: loss=1.2072  test_acc=39.65%  (best 40.09 @ ep 16)  [5.0s]
  ep  22: loss=1.1956  test_acc=42.53%  (best 42.53 @ ep 22)  [4.8s]
  ep  23: loss=1.1934  test_acc=46.84%  (best 46.84 @ ep 23)  [3.5s]
  ep  24: loss=1.2265  test_acc=43.39%  (best 46.84 @ ep 23)  [2.4s]
  ep  25: loss=1.2075  test_acc=41.64%  (best 46.84 @ ep 23)  [2.3s]
  ep  26: loss=1.1910  test_acc=39.66%  (best 46.84 @ ep 23)  [2.4s]
  ep  27: loss=1.1872  test_acc=40.10%  (best 46.84 @ ep 23)  [2.4s]
  ep  28: loss=1.1616  test_acc=38.29%  (best 46.84 @ ep 23)  [2.5s]
  ep  29: loss=1.1656  test_acc=42.17%  (best 46.84 @ ep 23)  [2.5s]
  ep  30: loss=1.1856  test_acc=37.29%  (best 46.84 @ ep 23)  [2.4s]
  ep  31: loss=1.1721  test_acc=39.04%  (best 46.84 @ ep 23)  [2.5s]
  ep  32: loss=1.1346  test_acc=44.03%  (best 46.84 @ ep 23)  [2.3s]
  ep  33: loss=1.1392  test_acc=36.83%  (best 46.84 @ ep 23)  [2.4s]
  ep  34: loss=1.1433  test_acc=45.30%  (best 46.84 @ ep 23)  [2.4s]
  ep  35: loss=1.1086  test_acc=45.66%  (best 46.84 @ ep 23)  [2.3s]
  ep  36: loss=1.2047  test_acc=36.66%  (best 46.84 @ ep 23)  [2.4s]
  ep  37: loss=1.1862  test_acc=48.92%  (best 48.92 @ ep 37)  [2.5s]
  ep  38: loss=1.1007  test_acc=43.40%  (best 48.92 @ ep 37)  [2.4s]
  ep  39: loss=1.1114  test_acc=43.48%  (best 48.92 @ ep 37)  [2.5s]
  ep  40: loss=1.0908  test_acc=40.83%  (best 48.92 @ ep 37)  [2.5s]
  ep  41: loss=1.0927  test_acc=41.40%  (best 48.92 @ ep 37)  [2.5s]
  ep  42: loss=1.1779  test_acc=43.20%  (best 48.92 @ ep 37)  [2.4s]
  ep  43: loss=1.1319  test_acc=42.53%  (best 48.92 @ ep 37)  [2.4s]
  ep  44: loss=1.1233  test_acc=37.58%  (best 48.92 @ ep 37)  [2.5s]
  ep  45: loss=1.0810  test_acc=47.01%  (best 48.92 @ ep 37)  [2.4s]
  ep  46: loss=1.1336  test_acc=44.05%  (best 48.92 @ ep 37)  [2.4s]
  ep  47: loss=1.0897  test_acc=46.22%  (best 48.92 @ ep 37)  [2.4s]
  ep  48: loss=1.0504  test_acc=47.69%  (best 48.92 @ ep 37)  [2.4s]
  ep  49: loss=1.0628  test_acc=44.69%  (best 48.92 @ ep 37)  [2.8s]
  ep  50: loss=1.0516  test_acc=42.56%  (best 48.92 @ ep 37)  [5.1s]
  ep  51: loss=1.0288  test_acc=43.75%  (best 48.92 @ ep 37)  [5.2s]
  ep  52: loss=1.0325  test_acc=41.82%  (best 48.92 @ ep 37)  [4.6s]
  ep  53: loss=1.0540  test_acc=46.08%  (best 48.92 @ ep 37)  [5.2s]
  ep  54: loss=1.0161  test_acc=43.39%  (best 48.92 @ ep 37)  [4.5s]
  ep  55: loss=1.0425  test_acc=43.51%  (best 48.92 @ ep 37)  [5.1s]
  ep  56: loss=1.0036  test_acc=44.86%  (best 48.92 @ ep 37)  [2.5s]
  ep  57: loss=0.9775  test_acc=43.42%  (best 48.92 @ ep 37)  [2.5s]
  ep  58: loss=1.0385  test_acc=41.91%  (best 48.92 @ ep 37)  [2.3s]
  ep  59: loss=0.9966  test_acc=48.69%  (best 48.92 @ ep 37)  [2.3s]
  ep  60: loss=0.9770  test_acc=45.04%  (best 48.92 @ ep 37)  [2.4s]
  ep  61: loss=1.0000  test_acc=46.72%  (best 48.92 @ ep 37)  [2.4s]
  ep  62: loss=0.9884  test_acc=44.40%  (best 48.92 @ ep 37)  [2.4s]
  ep  63: loss=0.9709  test_acc=44.45%  (best 48.92 @ ep 37)  [2.5s]
  ep  64: loss=0.9295  test_acc=40.71%  (best 48.92 @ ep 37)  [2.3s]
  ep  65: loss=0.9308  test_acc=40.73%  (best 48.92 @ ep 37)  [2.3s]
  ep  66: loss=0.9010  test_acc=43.40%  (best 48.92 @ ep 37)  [2.6s]
  ep  67: loss=0.8787  test_acc=40.39%  (best 48.92 @ ep 37)  [2.5s]
  ep  68: loss=0.9117  test_acc=43.22%  (best 48.92 @ ep 37)  [2.3s]
  ep  69: loss=0.9114  test_acc=46.91%  (best 48.92 @ ep 37)  [2.4s]
  ep  70: loss=0.8693  test_acc=45.88%  (best 48.92 @ ep 37)  [2.4s]
  ep  71: loss=0.8777  test_acc=42.51%  (best 48.92 @ ep 37)  [2.4s]
  ep  72: loss=0.8487  test_acc=45.83%  (best 48.92 @ ep 37)  [2.4s]
  ep  73: loss=0.8100  test_acc=41.84%  (best 48.92 @ ep 37)  [2.4s]
  ep  74: loss=0.8088  test_acc=44.93%  (best 48.92 @ ep 37)  [2.5s]
  ep  75: loss=0.8241  test_acc=44.89%  (best 48.92 @ ep 37)  [2.6s]
  ep  76: loss=0.8214  test_acc=43.99%  (best 48.92 @ ep 37)  [2.3s]
  ep  77: loss=0.7751  test_acc=42.91%  (best 48.92 @ ep 37)  [2.4s]
  ep  78: loss=0.7998  test_acc=45.56%  (best 48.92 @ ep 37)  [2.5s]
  ep  79: loss=0.7397  test_acc=43.60%  (best 48.92 @ ep 37)  [2.3s]
  ep  80: loss=0.7346  test_acc=43.97%  (best 48.92 @ ep 37)  [2.4s]
  ep  81: loss=0.7081  test_acc=43.31%  (best 48.92 @ ep 37)  [2.3s]
  ep  82: loss=0.7297  test_acc=47.12%  (best 48.92 @ ep 37)  [5.2s]
  ep  83: loss=0.6911  test_acc=42.47%  (best 48.92 @ ep 37)  [4.9s]
  ep  84: loss=0.6919  test_acc=47.48%  (best 48.92 @ ep 37)  [6.4s]
  ep  85: loss=0.6329  test_acc=42.58%  (best 48.92 @ ep 37)  [4.7s]
  ep  86: loss=0.6533  test_acc=44.02%  (best 48.92 @ ep 37)  [5.1s]
  ep  87: loss=0.6350  test_acc=44.33%  (best 48.92 @ ep 37)  [5.3s]
  ep  88: loss=0.5809  test_acc=44.51%  (best 48.92 @ ep 37)  [2.5s]
  ep  89: loss=0.5806  test_acc=42.74%  (best 48.92 @ ep 37)  [2.4s]
  ep  90: loss=0.5581  test_acc=43.69%  (best 48.92 @ ep 37)  [2.4s]
  ep  91: loss=0.5429  test_acc=43.88%  (best 48.92 @ ep 37)  [2.4s]
  ep  92: loss=0.5540  test_acc=42.81%  (best 48.92 @ ep 37)  [2.5s]
  ep  93: loss=0.5320  test_acc=45.51%  (best 48.92 @ ep 37)  [2.4s]
  ep  94: loss=0.5342  test_acc=45.67%  (best 48.92 @ ep 37)  [2.5s]
  ep  95: loss=0.5059  test_acc=44.46%  (best 48.92 @ ep 37)  [2.3s]
  ep  96: loss=0.5121  test_acc=44.03%  (best 48.92 @ ep 37)  [2.4s]
  ep  97: loss=0.5009  test_acc=43.41%  (best 48.92 @ ep 37)  [2.5s]
  ep  98: loss=0.4968  test_acc=44.35%  (best 48.92 @ ep 37)  [2.6s]
  ep  99: loss=0.4969  test_acc=44.33%  (best 48.92 @ ep 37)  [2.4s]

saved /path/to/ciln-workspace/journal_edition/robustness_transfer/results_v3/erm/ours__contrast_sev3__seed2.json: best 48.92% @ ep 37
[22:34:45] gpu 2: ours__impulse_noise_sev5 seed 0 -> ../logs/erm_v3/ours__impulse_noise_sev5__seed0.log
/path/to/ciln-workspace/venv/lib/python3.12/site-packages/torchvision/datasets/cifar.py:83: VisibleDeprecationWarning: dtype(): align should be passed as Python or NumPy boolean but got `align=0`. Did you mean to pass a tuple to create a subarray type? (Deprecated NumPy 2.4)
  entry = pickle.load(f, encoding="latin1")
condition=ours__impulse_noise_sev5 seed=0 gpu=2
  ep   0: loss=1.8411  test_acc=21.97%  (best 21.97 @ ep 0)  [3.2s]
  ep   1: loss=1.6967  test_acc=20.66%  (best 21.97 @ ep 0)  [2.5s]
  ep   2: loss=1.6268  test_acc=19.64%  (best 21.97 @ ep 0)  [2.3s]
  ep   3: loss=1.5706  test_acc=25.20%  (best 25.20 @ ep 3)  [2.5s]
  ep   4: loss=1.5281  test_acc=30.13%  (best 30.13 @ ep 4)  [2.4s]
  ep   5: loss=1.5852  test_acc=30.15%  (best 30.15 @ ep 5)  [2.5s]
  ep   6: loss=1.4765  test_acc=27.29%  (best 30.15 @ ep 5)  [2.5s]
  ep   7: loss=1.5542  test_acc=33.26%  (best 33.26 @ ep 7)  [2.4s]
  ep   8: loss=1.4701  test_acc=32.01%  (best 33.26 @ ep 7)  [2.5s]
  ep   9: loss=1.4475  test_acc=31.91%  (best 33.26 @ ep 7)  [3.0s]
  ep  10: loss=1.4491  test_acc=34.42%  (best 34.42 @ ep 10)  [6.2s]
  ep  11: loss=1.4033  test_acc=35.69%  (best 35.69 @ ep 11)  [2.4s]
  ep  12: loss=1.4088  test_acc=34.40%  (best 35.69 @ ep 11)  [2.4s]
  ep  13: loss=1.3960  test_acc=38.35%  (best 38.35 @ ep 13)  [2.3s]
  ep  14: loss=1.4080  test_acc=40.03%  (best 40.03 @ ep 14)  [2.4s]
  ep  15: loss=1.3906  test_acc=31.28%  (best 40.03 @ ep 14)  [2.4s]
  ep  16: loss=1.3768  test_acc=37.36%  (best 40.03 @ ep 14)  [2.4s]
  ep  17: loss=1.3462  test_acc=36.60%  (best 40.03 @ ep 14)  [2.4s]
  ep  18: loss=1.3962  test_acc=31.84%  (best 40.03 @ ep 14)  [2.4s]
  ep  19: loss=1.3424  test_acc=37.61%  (best 40.03 @ ep 14)  [2.3s]
  ep  20: loss=1.3222  test_acc=34.47%  (best 40.03 @ ep 14)  [2.3s]
  ep  21: loss=1.3087  test_acc=38.98%  (best 40.03 @ ep 14)  [2.4s]
  ep  22: loss=1.3185  test_acc=35.04%  (best 40.03 @ ep 14)  [2.6s]
  ep  23: loss=1.2998  test_acc=40.94%  (best 40.94 @ ep 23)  [2.5s]
  ep  24: loss=1.3371  test_acc=39.82%  (best 40.94 @ ep 23)  [2.4s]
  ep  25: loss=1.2850  test_acc=37.50%  (best 40.94 @ ep 23)  [2.6s]
  ep  26: loss=1.3131  test_acc=36.00%  (best 40.94 @ ep 23)  [2.4s]
  ep  27: loss=1.2861  test_acc=39.97%  (best 40.94 @ ep 23)  [2.3s]
  ep  28: loss=1.2707  test_acc=35.62%  (best 40.94 @ ep 23)  [2.4s]
  ep  29: loss=1.3434  test_acc=33.97%  (best 40.94 @ ep 23)  [2.4s]
  ep  30: loss=1.3055  test_acc=37.53%  (best 40.94 @ ep 23)  [2.6s]
  ep  31: loss=1.2793  test_acc=36.36%  (best 40.94 @ ep 23)  [2.5s]
  ep  32: loss=1.2896  test_acc=39.05%  (best 40.94 @ ep 23)  [2.5s]
  ep  33: loss=1.2725  test_acc=36.56%  (best 40.94 @ ep 23)  [2.4s]
  ep  34: loss=1.2508  test_acc=40.59%  (best 40.94 @ ep 23)  [2.4s]
  ep  35: loss=1.2515  test_acc=39.39%  (best 40.94 @ ep 23)  [2.4s]
  ep  36: loss=1.2409  test_acc=32.60%  (best 40.94 @ ep 23)  [3.2s]
  ep  37: loss=1.2634  test_acc=35.18%  (best 40.94 @ ep 23)  [5.0s]
  ep  38: loss=1.2622  test_acc=39.91%  (best 40.94 @ ep 23)  [5.8s]
  ep  39: loss=1.2433  test_acc=43.25%  (best 43.25 @ ep 39)  [5.0s]
  ep  40: loss=1.2224  test_acc=38.62%  (best 43.25 @ ep 39)  [5.1s]
  ep  41: loss=1.2950  test_acc=35.49%  (best 43.25 @ ep 39)  [5.5s]
  ep  42: loss=1.2477  test_acc=44.36%  (best 44.36 @ ep 42)  [4.6s]
  ep  43: loss=1.2519  test_acc=36.47%  (best 44.36 @ ep 42)  [2.3s]
  ep  44: loss=1.2755  test_acc=44.09%  (best 44.36 @ ep 42)  [2.5s]
  ep  45: loss=1.2592  test_acc=38.16%  (best 44.36 @ ep 42)  [2.4s]
  ep  46: loss=1.2143  test_acc=37.81%  (best 44.36 @ ep 42)  [2.3s]
  ep  47: loss=1.2684  test_acc=34.64%  (best 44.36 @ ep 42)  [2.3s]
  ep  48: loss=1.2296  test_acc=38.52%  (best 44.36 @ ep 42)  [2.4s]
  ep  49: loss=1.2055  test_acc=39.71%  (best 44.36 @ ep 42)  [2.4s]
  ep  50: loss=1.1999  test_acc=35.36%  (best 44.36 @ ep 42)  [2.5s]
  ep  51: loss=1.1990  test_acc=42.15%  (best 44.36 @ ep 42)  [2.3s]
  ep  52: loss=1.2165  test_acc=40.28%  (best 44.36 @ ep 42)  [2.3s]
  ep  53: loss=1.1911  test_acc=39.09%  (best 44.36 @ ep 42)  [2.4s]
  ep  54: loss=1.2496  test_acc=41.67%  (best 44.36 @ ep 42)  [2.5s]
  ep  55: loss=1.1772  test_acc=42.79%  (best 44.36 @ ep 42)  [2.3s]
  ep  56: loss=1.1737  test_acc=42.59%  (best 44.36 @ ep 42)  [2.5s]
  ep  57: loss=1.1554  test_acc=42.45%  (best 44.36 @ ep 42)  [2.3s]
  ep  58: loss=1.1497  test_acc=41.29%  (best 44.36 @ ep 42)  [2.4s]
  ep  59: loss=1.1754  test_acc=41.35%  (best 44.36 @ ep 42)  [2.4s]
  ep  60: loss=1.1873  test_acc=42.73%  (best 44.36 @ ep 42)  [2.5s]
  ep  61: loss=1.1345  test_acc=40.84%  (best 44.36 @ ep 42)  [2.4s]
  ep  62: loss=1.1246  test_acc=39.22%  (best 44.36 @ ep 42)  [2.6s]
  ep  63: loss=1.1064  test_acc=45.02%  (best 45.02 @ ep 63)  [2.4s]
  ep  64: loss=1.1302  test_acc=41.04%  (best 45.02 @ ep 63)  [2.4s]
  ep  65: loss=1.1463  test_acc=42.06%  (best 45.02 @ ep 63)  [2.3s]
  ep  66: loss=1.0936  test_acc=38.44%  (best 45.02 @ ep 63)  [2.5s]
  ep  67: loss=1.0968  test_acc=41.52%  (best 45.02 @ ep 63)  [2.5s]
  ep  68: loss=1.1464  test_acc=41.37%  (best 45.02 @ ep 63)  [3.2s]
  ep  69: loss=1.0783  test_acc=39.84%  (best 45.02 @ ep 63)  [4.8s]
  ep  70: loss=1.0619  test_acc=38.52%  (best 45.02 @ ep 63)  [6.2s]
  ep  71: loss=1.1487  test_acc=41.35%  (best 45.02 @ ep 63)  [4.8s]
  ep  72: loss=1.0756  test_acc=42.42%  (best 45.02 @ ep 63)  [5.7s]
  ep  73: loss=1.0933  test_acc=41.74%  (best 45.02 @ ep 63)  [2.4s]
  ep  74: loss=1.0561  test_acc=41.97%  (best 45.02 @ ep 63)  [2.5s]
  ep  75: loss=1.0253  test_acc=43.16%  (best 45.02 @ ep 63)  [2.2s]
  ep  76: loss=1.0207  test_acc=41.89%  (best 45.02 @ ep 63)  [2.4s]
  ep  77: loss=1.0201  test_acc=44.43%  (best 45.02 @ ep 63)  [2.3s]
  ep  78: loss=0.9981  test_acc=42.16%  (best 45.02 @ ep 63)  [2.4s]
  ep  79: loss=0.9926  test_acc=41.47%  (best 45.02 @ ep 63)  [2.4s]
  ep  80: loss=0.9546  test_acc=42.05%  (best 45.02 @ ep 63)  [2.4s]
  ep  81: loss=0.9380  test_acc=39.42%  (best 45.02 @ ep 63)  [2.5s]
  ep  82: loss=0.9242  test_acc=41.37%  (best 45.02 @ ep 63)  [2.5s]
  ep  83: loss=0.9127  test_acc=42.07%  (best 45.02 @ ep 63)  [2.5s]
  ep  84: loss=0.9266  test_acc=42.69%  (best 45.02 @ ep 63)  [2.5s]
  ep  85: loss=0.9088  test_acc=41.86%  (best 45.02 @ ep 63)  [2.4s]
  ep  86: loss=0.9834  test_acc=42.25%  (best 45.02 @ ep 63)  [2.4s]
  ep  87: loss=0.9245  test_acc=41.61%  (best 45.02 @ ep 63)  [2.5s]
  ep  88: loss=0.8700  test_acc=40.03%  (best 45.02 @ ep 63)  [2.5s]
  ep  89: loss=0.8481  test_acc=39.94%  (best 45.02 @ ep 63)  [2.4s]
  ep  90: loss=0.8412  test_acc=40.74%  (best 45.02 @ ep 63)  [2.6s]
  ep  91: loss=0.8336  test_acc=40.87%  (best 45.02 @ ep 63)  [2.4s]
  ep  92: loss=0.8251  test_acc=40.34%  (best 45.02 @ ep 63)  [2.5s]
  ep  93: loss=0.8111  test_acc=41.34%  (best 45.02 @ ep 63)  [2.4s]
  ep  94: loss=0.7988  test_acc=40.62%  (best 45.02 @ ep 63)  [2.4s]
  ep  95: loss=0.7906  test_acc=40.13%  (best 45.02 @ ep 63)  [2.5s]
  ep  96: loss=0.7785  test_acc=40.34%  (best 45.02 @ ep 63)  [2.4s]
  ep  97: loss=0.7742  test_acc=39.71%  (best 45.02 @ ep 63)  [2.4s]
  ep  98: loss=0.7805  test_acc=40.61%  (best 45.02 @ ep 63)  [3.0s]
  ep  99: loss=0.7737  test_acc=40.28%  (best 45.02 @ ep 63)  [5.2s]

saved /path/to/ciln-workspace/journal_edition/robustness_transfer/results_v3/erm/ours__impulse_noise_sev5__seed0.json: best 45.02% @ ep 63
[22:39:34] gpu 2: ours__impulse_noise_sev5 seed 1 -> ../logs/erm_v3/ours__impulse_noise_sev5__seed1.log
/path/to/ciln-workspace/venv/lib/python3.12/site-packages/torchvision/datasets/cifar.py:83: VisibleDeprecationWarning: dtype(): align should be passed as Python or NumPy boolean but got `align=0`. Did you mean to pass a tuple to create a subarray type? (Deprecated NumPy 2.4)
  entry = pickle.load(f, encoding="latin1")
condition=ours__impulse_noise_sev5 seed=1 gpu=2
  ep   0: loss=1.8717  test_acc=19.53%  (best 19.53 @ ep 0)  [3.2s]
  ep   1: loss=1.7502  test_acc=21.55%  (best 21.55 @ ep 1)  [2.6s]
  ep   2: loss=1.7440  test_acc=23.48%  (best 23.48 @ ep 2)  [2.5s]
  ep   3: loss=1.6575  test_acc=16.85%  (best 23.48 @ ep 2)  [2.5s]
  ep   4: loss=1.7080  test_acc=28.06%  (best 28.06 @ ep 4)  [2.3s]
  ep   5: loss=1.5971  test_acc=24.06%  (best 28.06 @ ep 4)  [2.3s]
  ep   6: loss=1.6542  test_acc=26.15%  (best 28.06 @ ep 4)  [2.3s]
  ep   7: loss=1.5402  test_acc=30.93%  (best 30.93 @ ep 7)  [2.3s]
  ep   8: loss=1.5245  test_acc=29.08%  (best 30.93 @ ep 7)  [2.6s]
  ep   9: loss=1.4876  test_acc=30.08%  (best 30.93 @ ep 7)  [2.4s]
  ep  10: loss=1.4627  test_acc=32.54%  (best 32.54 @ ep 10)  [2.6s]
  ep  11: loss=1.4529  test_acc=33.89%  (best 33.89 @ ep 11)  [2.6s]
  ep  12: loss=1.4530  test_acc=30.44%  (best 33.89 @ ep 11)  [2.4s]
  ep  13: loss=1.4272  test_acc=33.11%  (best 33.89 @ ep 11)  [2.5s]
  ep  14: loss=1.4050  test_acc=30.44%  (best 33.89 @ ep 11)  [2.3s]
  ep  15: loss=1.3953  test_acc=33.86%  (best 33.89 @ ep 11)  [2.4s]
  ep  16: loss=1.4115  test_acc=32.24%  (best 33.89 @ ep 11)  [2.4s]
  ep  17: loss=1.3856  test_acc=37.83%  (best 37.83 @ ep 17)  [2.4s]
  ep  18: loss=1.3926  test_acc=32.62%  (best 37.83 @ ep 17)  [2.4s]
  ep  19: loss=1.3791  test_acc=32.18%  (best 37.83 @ ep 17)  [2.4s]
  ep  20: loss=1.3400  test_acc=36.95%  (best 37.83 @ ep 17)  [2.6s]
  ep  21: loss=1.3905  test_acc=37.62%  (best 37.83 @ ep 17)  [2.5s]
  ep  22: loss=1.3740  test_acc=29.91%  (best 37.83 @ ep 17)  [3.0s]
  ep  23: loss=1.3603  test_acc=34.52%  (best 37.83 @ ep 17)  [6.2s]
  ep  24: loss=1.3665  test_acc=28.49%  (best 37.83 @ ep 17)  [5.7s]
  ep  25: loss=1.3200  test_acc=37.70%  (best 37.83 @ ep 17)  [5.8s]
  ep  26: loss=1.3258  test_acc=33.71%  (best 37.83 @ ep 17)  [5.5s]
  ep  27: loss=1.3475  test_acc=36.76%  (best 37.83 @ ep 17)  [5.7s]
  ep  28: loss=1.3269  test_acc=37.21%  (best 37.83 @ ep 17)  [4.7s]
  ep  29: loss=1.3121  test_acc=37.91%  (best 37.91 @ ep 29)  [2.4s]
  ep  30: loss=1.3065  test_acc=39.56%  (best 39.56 @ ep 30)  [2.4s]
  ep  31: loss=1.3523  test_acc=36.65%  (best 39.56 @ ep 30)  [2.3s]
  ep  32: loss=1.3693  test_acc=37.40%  (best 39.56 @ ep 30)  [2.4s]
  ep  33: loss=1.3221  test_acc=38.69%  (best 39.56 @ ep 30)  [2.4s]
  ep  34: loss=1.3392  test_acc=32.64%  (best 39.56 @ ep 30)  [2.4s]
  ep  35: loss=1.2954  test_acc=38.20%  (best 39.56 @ ep 30)  [2.3s]
  ep  36: loss=1.2791  test_acc=39.05%  (best 39.56 @ ep 30)  [2.4s]
  ep  37: loss=1.3208  test_acc=39.27%  (best 39.56 @ ep 30)  [2.5s]
  ep  38: loss=1.2841  test_acc=42.62%  (best 42.62 @ ep 38)  [2.4s]
  ep  39: loss=1.2949  test_acc=33.15%  (best 42.62 @ ep 38)  [2.4s]
  ep  40: loss=1.2984  test_acc=38.28%  (best 42.62 @ ep 38)  [2.3s]
  ep  41: loss=1.2790  test_acc=40.50%  (best 42.62 @ ep 38)  [2.4s]
  ep  42: loss=1.3014  test_acc=41.97%  (best 42.62 @ ep 38)  [2.4s]
  ep  43: loss=1.2815  test_acc=35.36%  (best 42.62 @ ep 38)  [2.5s]
  ep  44: loss=1.2803  test_acc=37.43%  (best 42.62 @ ep 38)  [2.4s]
  ep  45: loss=1.2585  test_acc=41.93%  (best 42.62 @ ep 38)  [2.4s]
  ep  46: loss=1.2368  test_acc=46.64%  (best 46.64 @ ep 46)  [2.3s]
  ep  47: loss=1.2400  test_acc=41.07%  (best 46.64 @ ep 46)  [2.4s]
  ep  48: loss=1.2341  test_acc=46.95%  (best 46.95 @ ep 48)  [2.3s]
  ep  49: loss=1.2648  test_acc=42.76%  (best 46.95 @ ep 48)  [2.5s]
  ep  50: loss=1.2604  test_acc=36.22%  (best 46.95 @ ep 48)  [2.5s]
  ep  51: loss=1.2510  test_acc=37.46%  (best 46.95 @ ep 48)  [2.5s]
  ep  52: loss=1.2297  test_acc=36.13%  (best 46.95 @ ep 48)  [2.5s]
  ep  53: loss=1.2280  test_acc=38.78%  (best 46.95 @ ep 48)  [3.6s]
  ep  54: loss=1.2337  test_acc=41.86%  (best 46.95 @ ep 48)  [4.9s]
  ep  55: loss=1.2596  test_acc=38.60%  (best 46.95 @ ep 48)  [2.6s]
  ep  56: loss=1.2060  test_acc=41.65%  (best 46.95 @ ep 48)  [2.5s]
  ep  57: loss=1.2203  test_acc=35.41%  (best 46.95 @ ep 48)  [2.4s]
  ep  58: loss=1.2017  test_acc=43.04%  (best 46.95 @ ep 48)  [2.5s]
  ep  59: loss=1.2062  test_acc=40.07%  (best 46.95 @ ep 48)  [2.4s]
  ep  60: loss=1.1986  test_acc=41.41%  (best 46.95 @ ep 48)  [2.4s]
  ep  61: loss=1.2323  test_acc=40.17%  (best 46.95 @ ep 48)  [2.4s]
  ep  62: loss=1.2483  test_acc=42.39%  (best 46.95 @ ep 48)  [2.5s]
  ep  63: loss=1.1826  test_acc=42.88%  (best 46.95 @ ep 48)  [2.5s]
  ep  64: loss=1.2153  test_acc=40.97%  (best 46.95 @ ep 48)  [2.4s]
  ep  65: loss=1.1546  test_acc=38.41%  (best 46.95 @ ep 48)  [2.4s]
  ep  66: loss=1.1453  test_acc=44.82%  (best 46.95 @ ep 48)  [2.5s]
  ep  67: loss=1.1256  test_acc=40.80%  (best 46.95 @ ep 48)  [2.4s]
  ep  68: loss=1.1717  test_acc=42.29%  (best 46.95 @ ep 48)  [2.5s]
  ep  69: loss=1.1321  test_acc=40.82%  (best 46.95 @ ep 48)  [2.3s]
  ep  70: loss=1.1596  test_acc=43.73%  (best 46.95 @ ep 48)  [2.3s]
  ep  71: loss=1.1017  test_acc=40.00%  (best 46.95 @ ep 48)  [2.4s]
  ep  72: loss=1.1043  test_acc=37.77%  (best 46.95 @ ep 48)  [2.6s]
  ep  73: loss=1.0807  test_acc=38.60%  (best 46.95 @ ep 48)  [2.4s]
  ep  74: loss=1.1038  test_acc=38.67%  (best 46.95 @ ep 48)  [2.4s]
  ep  75: loss=1.0819  test_acc=44.29%  (best 46.95 @ ep 48)  [2.5s]
  ep  76: loss=1.0795  test_acc=40.68%  (best 46.95 @ ep 48)  [2.4s]
  ep  77: loss=1.0688  test_acc=42.34%  (best 46.95 @ ep 48)  [2.4s]
  ep  78: loss=1.0368  test_acc=41.18%  (best 46.95 @ ep 48)  [2.4s]
  ep  79: loss=1.0460  test_acc=40.17%  (best 46.95 @ ep 48)  [2.5s]
  ep  80: loss=1.0150  test_acc=42.47%  (best 46.95 @ ep 48)  [2.6s]
  ep  81: loss=1.0066  test_acc=41.75%  (best 46.95 @ ep 48)  [5.5s]
  ep  82: loss=0.9996  test_acc=39.34%  (best 46.95 @ ep 48)  [5.0s]
  ep  83: loss=0.9713  test_acc=41.12%  (best 46.95 @ ep 48)  [5.6s]
  ep  84: loss=0.9624  test_acc=40.54%  (best 46.95 @ ep 48)  [5.8s]
  ep  85: loss=0.9440  test_acc=41.38%  (best 46.95 @ ep 48)  [5.3s]
  ep  86: loss=0.9337  test_acc=42.21%  (best 46.95 @ ep 48)  [5.6s]
  ep  87: loss=0.9640  test_acc=40.30%  (best 46.95 @ ep 48)  [2.9s]
  ep  88: loss=0.9356  test_acc=41.74%  (best 46.95 @ ep 48)  [2.5s]
  ep  89: loss=0.9300  test_acc=41.23%  (best 46.95 @ ep 48)  [2.4s]
  ep  90: loss=0.8975  test_acc=40.50%  (best 46.95 @ ep 48)  [2.6s]
  ep  91: loss=0.8840  test_acc=40.48%  (best 46.95 @ ep 48)  [2.6s]
  ep  92: loss=0.8697  test_acc=39.69%  (best 46.95 @ ep 48)  [2.5s]
  ep  93: loss=0.8811  test_acc=41.49%  (best 46.95 @ ep 48)  [2.5s]
  ep  94: loss=0.8568  test_acc=41.34%  (best 46.95 @ ep 48)  [2.6s]
  ep  95: loss=0.8544  test_acc=40.78%  (best 46.95 @ ep 48)  [2.7s]
  ep  96: loss=0.8450  test_acc=39.52%  (best 46.95 @ ep 48)  [2.5s]
  ep  97: loss=0.8449  test_acc=39.76%  (best 46.95 @ ep 48)  [2.4s]
  ep  98: loss=0.8396  test_acc=41.03%  (best 46.95 @ ep 48)  [2.4s]
  ep  99: loss=0.8356  test_acc=39.74%  (best 46.95 @ ep 48)  [2.4s]

saved /path/to/ciln-workspace/journal_edition/robustness_transfer/results_v3/erm/ours__impulse_noise_sev5__seed1.json: best 46.95% @ ep 48
[22:44:32] gpu 2: ours__impulse_noise_sev5 seed 2 -> ../logs/erm_v3/ours__impulse_noise_sev5__seed2.log
/path/to/ciln-workspace/venv/lib/python3.12/site-packages/torchvision/datasets/cifar.py:83: VisibleDeprecationWarning: dtype(): align should be passed as Python or NumPy boolean but got `align=0`. Did you mean to pass a tuple to create a subarray type? (Deprecated NumPy 2.4)
  entry = pickle.load(f, encoding="latin1")
condition=ours__impulse_noise_sev5 seed=2 gpu=2
  ep   0: loss=1.8761  test_acc=22.10%  (best 22.10 @ ep 0)  [3.1s]
  ep   1: loss=1.7385  test_acc=15.67%  (best 22.10 @ ep 0)  [2.4s]
  ep   2: loss=1.6213  test_acc=28.43%  (best 28.43 @ ep 2)  [2.3s]
  ep   3: loss=1.5593  test_acc=27.43%  (best 28.43 @ ep 2)  [2.5s]
  ep   4: loss=1.5708  test_acc=31.46%  (best 31.46 @ ep 4)  [2.5s]
  ep   5: loss=1.4972  test_acc=27.55%  (best 31.46 @ ep 4)  [2.3s]
  ep   6: loss=1.4689  test_acc=31.31%  (best 31.46 @ ep 4)  [2.3s]
  ep   7: loss=1.4574  test_acc=26.51%  (best 31.46 @ ep 4)  [2.6s]
  ep   8: loss=1.4478  test_acc=32.49%  (best 32.49 @ ep 8)  [2.5s]
  ep   9: loss=1.5552  test_acc=32.14%  (best 32.49 @ ep 8)  [3.0s]
  ep  10: loss=1.4567  test_acc=27.82%  (best 32.49 @ ep 8)  [6.2s]
  ep  11: loss=1.4322  test_acc=35.38%  (best 35.38 @ ep 11)  [5.4s]
  ep  12: loss=1.4537  test_acc=32.98%  (best 35.38 @ ep 11)  [6.3s]
  ep  13: loss=1.4111  test_acc=33.47%  (best 35.38 @ ep 11)  [6.6s]
  ep  14: loss=1.3877  test_acc=36.60%  (best 36.60 @ ep 14)  [6.1s]
  ep  15: loss=1.3937  test_acc=32.60%  (best 36.60 @ ep 14)  [2.4s]
  ep  16: loss=1.4168  test_acc=33.52%  (best 36.60 @ ep 14)  [2.5s]
  ep  17: loss=1.4094  test_acc=31.80%  (best 36.60 @ ep 14)  [2.6s]
  ep  18: loss=1.3689  test_acc=41.56%  (best 41.56 @ ep 18)  [2.4s]
  ep  19: loss=1.3781  test_acc=36.88%  (best 41.56 @ ep 18)  [2.5s]
  ep  20: loss=1.3409  test_acc=39.58%  (best 41.56 @ ep 18)  [2.4s]
  ep  21: loss=1.3156  test_acc=35.30%  (best 41.56 @ ep 18)  [2.4s]
  ep  22: loss=1.3399  test_acc=35.93%  (best 41.56 @ ep 18)  [2.3s]
  ep  23: loss=1.3407  test_acc=32.63%  (best 41.56 @ ep 18)  [2.4s]
  ep  24: loss=1.3017  test_acc=35.87%  (best 41.56 @ ep 18)  [2.5s]
  ep  25: loss=1.3015  test_acc=36.65%  (best 41.56 @ ep 18)  [2.4s]
  ep  26: loss=1.3351  test_acc=38.41%  (best 41.56 @ ep 18)  [2.3s]
  ep  27: loss=1.3022  test_acc=37.50%  (best 41.56 @ ep 18)  [2.4s]
  ep  28: loss=1.3160  test_acc=39.92%  (best 41.56 @ ep 18)  [2.4s]
  ep  29: loss=1.3700  test_acc=33.88%  (best 41.56 @ ep 18)  [2.3s]
  ep  30: loss=1.3311  test_acc=32.17%  (best 41.56 @ ep 18)  [2.4s]
  ep  31: loss=1.3046  test_acc=32.43%  (best 41.56 @ ep 18)  [2.4s]
  ep  32: loss=1.3030  test_acc=36.52%  (best 41.56 @ ep 18)  [2.3s]
  ep  33: loss=1.2861  test_acc=36.99%  (best 41.56 @ ep 18)  [2.3s]
  ep  34: loss=1.2641  test_acc=37.51%  (best 41.56 @ ep 18)  [2.4s]
  ep  35: loss=1.2798  test_acc=40.05%  (best 41.56 @ ep 18)  [2.4s]
  ep  36: loss=1.3061  test_acc=38.76%  (best 41.56 @ ep 18)  [2.5s]
  ep  37: loss=1.2583  test_acc=39.47%  (best 41.56 @ ep 18)  [2.5s]
  ep  38: loss=1.2632  test_acc=37.63%  (best 41.56 @ ep 18)  [2.5s]
  ep  39: loss=1.2807  test_acc=35.33%  (best 41.56 @ ep 18)  [2.4s]
  ep  40: loss=1.2629  test_acc=36.25%  (best 41.56 @ ep 18)  [3.6s]
  ep  41: loss=1.2727  test_acc=38.56%  (best 41.56 @ ep 18)  [7.1s]
  ep  42: loss=1.3018  test_acc=41.12%  (best 41.56 @ ep 18)  [7.9s]
  ep  43: loss=1.2476  test_acc=38.93%  (best 41.56 @ ep 18)  [4.4s]
  ep  44: loss=1.2320  test_acc=39.90%  (best 41.56 @ ep 18)  [2.5s]
  ep  45: loss=1.2253  test_acc=42.67%  (best 42.67 @ ep 45)  [2.4s]
  ep  46: loss=1.2526  test_acc=36.01%  (best 42.67 @ ep 45)  [2.3s]
  ep  47: loss=1.2390  test_acc=38.16%  (best 42.67 @ ep 45)  [2.3s]
  ep  48: loss=1.2249  test_acc=44.35%  (best 44.35 @ ep 48)  [2.4s]
  ep  49: loss=1.2366  test_acc=40.81%  (best 44.35 @ ep 48)  [2.4s]
  ep  50: loss=1.2582  test_acc=42.58%  (best 44.35 @ ep 48)  [2.4s]
  ep  51: loss=1.2117  test_acc=42.93%  (best 44.35 @ ep 48)  [2.4s]
  ep  52: loss=1.2120  test_acc=42.70%  (best 44.35 @ ep 48)  [2.5s]
  ep  53: loss=1.1855  test_acc=41.58%  (best 44.35 @ ep 48)  [2.3s]
  ep  54: loss=1.2049  test_acc=39.56%  (best 44.35 @ ep 48)  [2.4s]
  ep  55: loss=1.1730  test_acc=37.97%  (best 44.35 @ ep 48)  [2.3s]
  ep  56: loss=1.1828  test_acc=36.91%  (best 44.35 @ ep 48)  [2.4s]
  ep  57: loss=1.1638  test_acc=35.92%  (best 44.35 @ ep 48)  [2.4s]
  ep  58: loss=1.1586  test_acc=39.20%  (best 44.35 @ ep 48)  [2.4s]
  ep  59: loss=1.1456  test_acc=43.06%  (best 44.35 @ ep 48)  [2.4s]
  ep  60: loss=1.1719  test_acc=43.02%  (best 44.35 @ ep 48)  [2.5s]
  ep  61: loss=1.2238  test_acc=38.27%  (best 44.35 @ ep 48)  [2.3s]
  ep  62: loss=1.1885  test_acc=42.01%  (best 44.35 @ ep 48)  [2.4s]
  ep  63: loss=1.1468  test_acc=38.74%  (best 44.35 @ ep 48)  [2.7s]
  ep  64: loss=1.1714  test_acc=42.40%  (best 44.35 @ ep 48)  [2.6s]
  ep  65: loss=1.1576  test_acc=37.28%  (best 44.35 @ ep 48)  [2.4s]
  ep  66: loss=1.1861  test_acc=40.20%  (best 44.35 @ ep 48)  [2.3s]
  ep  67: loss=1.1346  test_acc=41.28%  (best 44.35 @ ep 48)  [2.3s]
  ep  68: loss=1.1809  test_acc=40.25%  (best 44.35 @ ep 48)  [2.4s]
  ep  69: loss=1.1190  test_acc=42.59%  (best 44.35 @ ep 48)  [4.2s]
  ep  70: loss=1.1062  test_acc=43.04%  (best 44.35 @ ep 48)  [8.7s]
  ep  71: loss=1.0988  test_acc=39.85%  (best 44.35 @ ep 48)  [2.5s]
  ep  72: loss=1.0669  test_acc=40.61%  (best 44.35 @ ep 48)  [2.5s]
  ep  73: loss=1.0796  test_acc=42.08%  (best 44.35 @ ep 48)  [2.4s]
  ep  74: loss=1.0527  test_acc=41.35%  (best 44.35 @ ep 48)  [2.6s]
  ep  75: loss=1.0761  test_acc=44.06%  (best 44.35 @ ep 48)  [2.3s]
  ep  76: loss=1.0401  test_acc=41.32%  (best 44.35 @ ep 48)  [2.5s]
  ep  77: loss=1.0308  test_acc=43.52%  (best 44.35 @ ep 48)  [2.5s]
  ep  78: loss=1.0146  test_acc=39.15%  (best 44.35 @ ep 48)  [2.4s]
  ep  79: loss=0.9927  test_acc=41.92%  (best 44.35 @ ep 48)  [2.5s]
  ep  80: loss=0.9817  test_acc=40.65%  (best 44.35 @ ep 48)  [2.5s]
  ep  81: loss=0.9559  test_acc=41.19%  (best 44.35 @ ep 48)  [2.3s]
  ep  82: loss=0.9571  test_acc=40.48%  (best 44.35 @ ep 48)  [2.4s]
  ep  83: loss=0.9288  test_acc=41.95%  (best 44.35 @ ep 48)  [2.3s]
  ep  84: loss=0.9157  test_acc=40.98%  (best 44.35 @ ep 48)  [2.6s]
  ep  85: loss=0.9548  test_acc=41.58%  (best 44.35 @ ep 48)  [2.4s]
  ep  86: loss=0.9290  test_acc=41.48%  (best 44.35 @ ep 48)  [2.7s]
  ep  87: loss=0.8884  test_acc=41.14%  (best 44.35 @ ep 48)  [2.5s]
  ep  88: loss=0.8676  test_acc=41.38%  (best 44.35 @ ep 48)  [2.5s]
  ep  89: loss=0.8606  test_acc=40.12%  (best 44.35 @ ep 48)  [2.5s]
  ep  90: loss=0.8496  test_acc=40.52%  (best 44.35 @ ep 48)  [2.5s]
  ep  91: loss=0.8397  test_acc=40.03%  (best 44.35 @ ep 48)  [2.3s]
  ep  92: loss=0.8265  test_acc=40.91%  (best 44.35 @ ep 48)  [2.3s]
  ep  93: loss=0.8164  test_acc=40.47%  (best 44.35 @ ep 48)  [2.4s]
  ep  94: loss=0.8131  test_acc=39.63%  (best 44.35 @ ep 48)  [2.3s]
  ep  95: loss=0.7997  test_acc=40.30%  (best 44.35 @ ep 48)  [2.4s]
  ep  96: loss=0.7920  test_acc=40.01%  (best 44.35 @ ep 48)  [4.9s]
  ep  97: loss=0.7946  test_acc=38.98%  (best 44.35 @ ep 48)  [6.0s]
  ep  98: loss=0.7896  test_acc=40.02%  (best 44.35 @ ep 48)  [5.4s]
  ep  99: loss=0.7894  test_acc=40.19%  (best 44.35 @ ep 48)  [5.7s]

saved /path/to/ciln-workspace/journal_edition/robustness_transfer/results_v3/erm/ours__impulse_noise_sev5__seed2.json: best 44.35% @ ep 48
