[21:37:59] gpu 1: gu_low seed 0 -> ../logs/erm_v3/gu_low__seed0.log
/path/to/ciln-workspace/venv/lib/python3.12/site-packages/torchvision/datasets/cifar.py:83: VisibleDeprecationWarning: dtype(): align should be passed as Python or NumPy boolean but got `align=0`. Did you mean to pass a tuple to create a subarray type? (Deprecated NumPy 2.4)
  entry = pickle.load(f, encoding="latin1")
condition=gu_low seed=0 gpu=1
  ep   0: loss=1.9187  test_acc=31.39%  (best 31.39 @ ep 0)  [4.1s]
  ep   1: loss=1.6256  test_acc=37.15%  (best 37.15 @ ep 1)  [3.2s]
  ep   2: loss=1.4161  test_acc=46.17%  (best 46.17 @ ep 2)  [3.3s]
  ep   3: loss=1.2463  test_acc=50.45%  (best 50.45 @ ep 3)  [3.3s]
  ep   4: loss=1.1111  test_acc=57.89%  (best 57.89 @ ep 4)  [3.2s]
  ep   5: loss=1.0324  test_acc=60.49%  (best 60.49 @ ep 5)  [3.5s]
  ep   6: loss=0.9434  test_acc=56.52%  (best 60.49 @ ep 5)  [3.2s]
  ep   7: loss=0.8801  test_acc=63.93%  (best 63.93 @ ep 7)  [3.2s]
  ep   8: loss=0.8408  test_acc=63.40%  (best 63.93 @ ep 7)  [3.3s]
  ep   9: loss=0.8129  test_acc=68.33%  (best 68.33 @ ep 9)  [3.6s]
  ep  10: loss=0.7800  test_acc=63.83%  (best 68.33 @ ep 9)  [3.2s]
  ep  11: loss=0.7599  test_acc=67.43%  (best 68.33 @ ep 9)  [3.4s]
  ep  12: loss=0.7324  test_acc=53.94%  (best 68.33 @ ep 9)  [3.4s]
  ep  13: loss=0.7139  test_acc=69.74%  (best 69.74 @ ep 13)  [3.3s]
  ep  14: loss=0.6815  test_acc=69.95%  (best 69.95 @ ep 14)  [5.9s]
  ep  15: loss=0.6820  test_acc=70.32%  (best 70.32 @ ep 15)  [7.4s]
  ep  16: loss=0.6747  test_acc=74.55%  (best 74.55 @ ep 16)  [7.7s]
  ep  17: loss=0.6495  test_acc=70.69%  (best 74.55 @ ep 16)  [3.6s]
  ep  18: loss=0.6523  test_acc=73.77%  (best 74.55 @ ep 16)  [3.3s]
  ep  19: loss=0.6237  test_acc=65.18%  (best 74.55 @ ep 16)  [3.2s]
  ep  20: loss=0.6219  test_acc=71.58%  (best 74.55 @ ep 16)  [3.3s]
  ep  21: loss=0.6137  test_acc=75.76%  (best 75.76 @ ep 21)  [3.3s]
  ep  22: loss=0.5956  test_acc=69.17%  (best 75.76 @ ep 21)  [3.3s]
  ep  23: loss=0.5945  test_acc=70.21%  (best 75.76 @ ep 21)  [3.3s]
  ep  24: loss=0.5894  test_acc=74.54%  (best 75.76 @ ep 21)  [3.3s]
  ep  25: loss=0.5754  test_acc=71.00%  (best 75.76 @ ep 21)  [3.2s]
  ep  26: loss=0.5769  test_acc=72.22%  (best 75.76 @ ep 21)  [3.3s]
  ep  27: loss=0.5739  test_acc=72.86%  (best 75.76 @ ep 21)  [3.5s]
  ep  28: loss=0.5391  test_acc=77.34%  (best 77.34 @ ep 28)  [3.4s]
  ep  29: loss=0.5641  test_acc=70.11%  (best 77.34 @ ep 28)  [3.2s]
  ep  30: loss=0.5454  test_acc=75.90%  (best 77.34 @ ep 28)  [3.4s]
  ep  31: loss=0.5448  test_acc=72.30%  (best 77.34 @ ep 28)  [3.3s]
  ep  32: loss=0.5369  test_acc=76.05%  (best 77.34 @ ep 28)  [3.4s]
  ep  33: loss=0.5234  test_acc=75.42%  (best 77.34 @ ep 28)  [3.4s]
  ep  34: loss=0.5166  test_acc=77.23%  (best 77.34 @ ep 28)  [3.2s]
  ep  35: loss=0.5248  test_acc=75.18%  (best 77.34 @ ep 28)  [4.8s]
  ep  36: loss=0.4955  test_acc=75.16%  (best 77.34 @ ep 28)  [7.3s]
  ep  37: loss=0.4982  test_acc=76.38%  (best 77.34 @ ep 28)  [3.3s]
  ep  38: loss=0.4938  test_acc=75.64%  (best 77.34 @ ep 28)  [3.5s]
  ep  39: loss=0.4818  test_acc=74.85%  (best 77.34 @ ep 28)  [3.2s]
  ep  40: loss=0.4842  test_acc=68.81%  (best 77.34 @ ep 28)  [3.5s]
  ep  41: loss=0.4804  test_acc=77.55%  (best 77.55 @ ep 41)  [3.2s]
  ep  42: loss=0.4597  test_acc=75.79%  (best 77.55 @ ep 41)  [3.3s]
  ep  43: loss=0.4605  test_acc=68.89%  (best 77.55 @ ep 41)  [3.4s]
  ep  44: loss=0.4566  test_acc=74.57%  (best 77.55 @ ep 41)  [3.2s]
  ep  45: loss=0.4444  test_acc=77.09%  (best 77.55 @ ep 41)  [3.2s]
  ep  46: loss=0.4450  test_acc=77.60%  (best 77.60 @ ep 46)  [3.2s]
  ep  47: loss=0.4363  test_acc=78.44%  (best 78.44 @ ep 47)  [3.2s]
  ep  48: loss=0.4235  test_acc=79.86%  (best 79.86 @ ep 48)  [3.2s]
  ep  49: loss=0.4239  test_acc=74.52%  (best 79.86 @ ep 48)  [3.2s]
  ep  50: loss=0.4194  test_acc=79.08%  (best 79.86 @ ep 48)  [3.3s]
  ep  51: loss=0.4034  test_acc=77.85%  (best 79.86 @ ep 48)  [3.2s]
  ep  52: loss=0.3926  test_acc=78.25%  (best 79.86 @ ep 48)  [3.5s]
  ep  53: loss=0.3880  test_acc=72.05%  (best 79.86 @ ep 48)  [3.2s]
  ep  54: loss=0.3770  test_acc=78.39%  (best 79.86 @ ep 48)  [3.3s]
  ep  55: loss=0.3749  test_acc=75.98%  (best 79.86 @ ep 48)  [3.3s]
  ep  56: loss=0.3665  test_acc=77.83%  (best 79.86 @ ep 48)  [5.3s]
  ep  57: loss=0.3492  test_acc=74.80%  (best 79.86 @ ep 48)  [8.0s]
  ep  58: loss=0.3522  test_acc=78.74%  (best 79.86 @ ep 48)  [7.4s]
  ep  59: loss=0.3401  test_acc=81.40%  (best 81.40 @ ep 59)  [3.8s]
  ep  60: loss=0.3164  test_acc=80.70%  (best 81.40 @ ep 59)  [3.3s]
  ep  61: loss=0.3220  test_acc=79.96%  (best 81.40 @ ep 59)  [3.4s]
  ep  62: loss=0.3113  test_acc=78.74%  (best 81.40 @ ep 59)  [3.5s]
  ep  63: loss=0.3018  test_acc=79.41%  (best 81.40 @ ep 59)  [3.5s]
  ep  64: loss=0.3130  test_acc=80.36%  (best 81.40 @ ep 59)  [3.6s]
  ep  65: loss=0.2873  test_acc=79.55%  (best 81.40 @ ep 59)  [3.4s]
  ep  66: loss=0.2805  test_acc=79.31%  (best 81.40 @ ep 59)  [3.3s]
  ep  67: loss=0.2711  test_acc=80.96%  (best 81.40 @ ep 59)  [3.3s]
  ep  68: loss=0.2691  test_acc=80.57%  (best 81.40 @ ep 59)  [3.4s]
  ep  69: loss=0.2491  test_acc=82.22%  (best 82.22 @ ep 69)  [3.2s]
  ep  70: loss=0.2325  test_acc=80.27%  (best 82.22 @ ep 69)  [3.4s]
  ep  71: loss=0.2262  test_acc=81.28%  (best 82.22 @ ep 69)  [3.4s]
  ep  72: loss=0.2028  test_acc=80.19%  (best 82.22 @ ep 69)  [3.2s]
  ep  73: loss=0.2066  test_acc=81.27%  (best 82.22 @ ep 69)  [3.3s]
  ep  74: loss=0.1913  test_acc=82.80%  (best 82.80 @ ep 74)  [3.2s]
  ep  75: loss=0.1804  test_acc=83.23%  (best 83.23 @ ep 75)  [3.3s]
  ep  76: loss=0.1687  test_acc=82.55%  (best 83.23 @ ep 75)  [3.2s]
  ep  77: loss=0.1641  test_acc=82.46%  (best 83.23 @ ep 75)  [5.5s]
  ep  78: loss=0.1427  test_acc=81.94%  (best 83.23 @ ep 75)  [6.7s]
  ep  79: loss=0.1336  test_acc=83.82%  (best 83.82 @ ep 79)  [8.3s]
  ep  80: loss=0.1227  test_acc=82.95%  (best 83.82 @ ep 79)  [4.0s]
  ep  81: loss=0.1140  test_acc=83.62%  (best 83.82 @ ep 79)  [3.1s]
  ep  82: loss=0.1098  test_acc=83.29%  (best 83.82 @ ep 79)  [3.5s]
  ep  83: loss=0.1110  test_acc=83.88%  (best 83.88 @ ep 83)  [3.4s]
  ep  84: loss=0.1049  test_acc=83.90%  (best 83.90 @ ep 84)  [3.3s]
  ep  85: loss=0.0946  test_acc=83.73%  (best 83.90 @ ep 84)  [3.3s]
  ep  86: loss=0.0814  test_acc=83.74%  (best 83.90 @ ep 84)  [3.2s]
  ep  87: loss=0.0758  test_acc=84.02%  (best 84.02 @ ep 87)  [3.2s]
  ep  88: loss=0.0740  test_acc=84.08%  (best 84.08 @ ep 88)  [3.4s]
  ep  89: loss=0.0637  test_acc=84.36%  (best 84.36 @ ep 89)  [3.3s]
  ep  90: loss=0.0610  test_acc=84.34%  (best 84.36 @ ep 89)  [3.5s]
  ep  91: loss=0.0565  test_acc=84.32%  (best 84.36 @ ep 89)  [3.4s]
  ep  92: loss=0.0530  test_acc=84.04%  (best 84.36 @ ep 89)  [3.4s]
  ep  93: loss=0.0513  test_acc=84.38%  (best 84.38 @ ep 93)  [3.3s]
  ep  94: loss=0.0527  test_acc=83.99%  (best 84.38 @ ep 93)  [3.3s]
  ep  95: loss=0.0508  test_acc=84.25%  (best 84.38 @ ep 93)  [3.3s]
  ep  96: loss=0.0494  test_acc=84.32%  (best 84.38 @ ep 93)  [3.5s]
  ep  97: loss=0.0499  test_acc=84.31%  (best 84.38 @ ep 93)  [3.2s]
  ep  98: loss=0.0479  test_acc=84.30%  (best 84.38 @ ep 93)  [4.7s]
  ep  99: loss=0.0490  test_acc=84.28%  (best 84.38 @ ep 93)  [7.1s]

saved /path/to/ciln-workspace/journal_edition/robustness_transfer/results_v3/erm/gu_low__seed0.json: best 84.38% @ ep 93
[21:44:24] gpu 1: gu_low seed 1 -> ../logs/erm_v3/gu_low__seed1.log
/path/to/ciln-workspace/venv/lib/python3.12/site-packages/torchvision/datasets/cifar.py:83: VisibleDeprecationWarning: dtype(): align should be passed as Python or NumPy boolean but got `align=0`. Did you mean to pass a tuple to create a subarray type? (Deprecated NumPy 2.4)
  entry = pickle.load(f, encoding="latin1")
condition=gu_low seed=1 gpu=1
  ep   0: loss=1.8924  test_acc=31.42%  (best 31.42 @ ep 0)  [4.0s]
  ep   1: loss=1.6384  test_acc=37.68%  (best 37.68 @ ep 1)  [3.3s]
  ep   2: loss=1.4628  test_acc=45.78%  (best 45.78 @ ep 2)  [3.4s]
  ep   3: loss=1.2847  test_acc=52.74%  (best 52.74 @ ep 3)  [3.4s]
  ep   4: loss=1.1204  test_acc=53.65%  (best 53.65 @ ep 4)  [3.5s]
  ep   5: loss=1.0380  test_acc=55.39%  (best 55.39 @ ep 5)  [3.3s]
  ep   6: loss=0.9525  test_acc=67.52%  (best 67.52 @ ep 6)  [3.3s]
  ep   7: loss=0.8908  test_acc=68.21%  (best 68.21 @ ep 7)  [3.5s]
  ep   8: loss=0.8438  test_acc=60.93%  (best 68.21 @ ep 7)  [3.4s]
  ep   9: loss=0.8024  test_acc=65.97%  (best 68.21 @ ep 7)  [3.4s]
  ep  10: loss=0.7516  test_acc=71.15%  (best 71.15 @ ep 10)  [3.4s]
  ep  11: loss=0.7303  test_acc=66.53%  (best 71.15 @ ep 10)  [3.6s]
  ep  12: loss=0.7028  test_acc=57.04%  (best 71.15 @ ep 10)  [3.4s]
  ep  13: loss=0.6906  test_acc=72.70%  (best 72.70 @ ep 13)  [3.5s]
  ep  14: loss=0.6629  test_acc=68.13%  (best 72.70 @ ep 13)  [3.5s]
  ep  15: loss=0.6699  test_acc=72.23%  (best 72.70 @ ep 13)  [4.3s]
  ep  16: loss=0.6410  test_acc=73.04%  (best 73.04 @ ep 16)  [7.5s]
  ep  17: loss=0.6255  test_acc=72.53%  (best 73.04 @ ep 16)  [3.6s]
  ep  18: loss=0.6278  test_acc=69.02%  (best 73.04 @ ep 16)  [3.3s]
  ep  19: loss=0.6176  test_acc=72.82%  (best 73.04 @ ep 16)  [3.5s]
  ep  20: loss=0.6048  test_acc=71.84%  (best 73.04 @ ep 16)  [3.6s]
  ep  21: loss=0.5973  test_acc=71.70%  (best 73.04 @ ep 16)  [3.3s]
  ep  22: loss=0.5897  test_acc=61.23%  (best 73.04 @ ep 16)  [3.3s]
  ep  23: loss=0.5785  test_acc=76.83%  (best 76.83 @ ep 23)  [3.4s]
  ep  24: loss=0.5669  test_acc=75.47%  (best 76.83 @ ep 23)  [3.3s]
  ep  25: loss=0.5730  test_acc=71.39%  (best 76.83 @ ep 23)  [3.3s]
  ep  26: loss=0.5626  test_acc=75.89%  (best 76.83 @ ep 23)  [3.1s]
  ep  27: loss=0.5482  test_acc=72.86%  (best 76.83 @ ep 23)  [3.3s]
  ep  28: loss=0.5356  test_acc=78.22%  (best 78.22 @ ep 28)  [3.3s]
  ep  29: loss=0.5248  test_acc=76.83%  (best 78.22 @ ep 28)  [3.3s]
  ep  30: loss=0.5320  test_acc=75.48%  (best 78.22 @ ep 28)  [3.4s]
  ep  31: loss=0.5169  test_acc=77.18%  (best 78.22 @ ep 28)  [3.4s]
  ep  32: loss=0.5086  test_acc=71.97%  (best 78.22 @ ep 28)  [3.3s]
  ep  33: loss=0.5174  test_acc=77.58%  (best 78.22 @ ep 28)  [3.5s]
  ep  34: loss=0.4924  test_acc=72.66%  (best 78.22 @ ep 28)  [3.7s]
  ep  35: loss=0.4975  test_acc=72.60%  (best 78.22 @ ep 28)  [7.2s]
  ep  36: loss=0.4924  test_acc=77.93%  (best 78.22 @ ep 28)  [8.5s]
  ep  37: loss=0.4937  test_acc=76.90%  (best 78.22 @ ep 28)  [6.0s]
  ep  38: loss=0.4870  test_acc=67.36%  (best 78.22 @ ep 28)  [3.4s]
  ep  39: loss=0.4623  test_acc=77.31%  (best 78.22 @ ep 28)  [3.3s]
  ep  40: loss=0.4565  test_acc=71.01%  (best 78.22 @ ep 28)  [3.4s]
  ep  41: loss=0.4686  test_acc=76.71%  (best 78.22 @ ep 28)  [3.2s]
  ep  42: loss=0.4509  test_acc=73.16%  (best 78.22 @ ep 28)  [3.6s]
  ep  43: loss=0.4570  test_acc=76.84%  (best 78.22 @ ep 28)  [3.5s]
  ep  44: loss=0.4285  test_acc=80.07%  (best 80.07 @ ep 44)  [3.3s]
  ep  45: loss=0.4292  test_acc=75.41%  (best 80.07 @ ep 44)  [3.4s]
  ep  46: loss=0.4318  test_acc=78.68%  (best 80.07 @ ep 44)  [3.4s]
  ep  47: loss=0.4181  test_acc=79.13%  (best 80.07 @ ep 44)  [3.3s]
  ep  48: loss=0.4065  test_acc=77.76%  (best 80.07 @ ep 44)  [3.6s]
  ep  49: loss=0.3907  test_acc=76.63%  (best 80.07 @ ep 44)  [3.4s]
  ep  50: loss=0.3895  test_acc=77.46%  (best 80.07 @ ep 44)  [3.3s]
  ep  51: loss=0.3837  test_acc=78.56%  (best 80.07 @ ep 44)  [3.5s]
  ep  52: loss=0.3768  test_acc=78.38%  (best 80.07 @ ep 44)  [3.4s]
  ep  53: loss=0.3743  test_acc=79.06%  (best 80.07 @ ep 44)  [3.4s]
  ep  54: loss=0.3629  test_acc=80.74%  (best 80.74 @ ep 54)  [3.4s]
  ep  55: loss=0.3471  test_acc=78.30%  (best 80.74 @ ep 54)  [5.4s]
  ep  56: loss=0.3515  test_acc=80.71%  (best 80.74 @ ep 54)  [8.2s]
  ep  57: loss=0.3331  test_acc=79.39%  (best 80.74 @ ep 54)  [7.1s]
  ep  58: loss=0.3341  test_acc=80.00%  (best 80.74 @ ep 54)  [4.6s]
  ep  59: loss=0.3229  test_acc=79.30%  (best 80.74 @ ep 54)  [3.3s]
  ep  60: loss=0.3137  test_acc=77.57%  (best 80.74 @ ep 54)  [3.5s]
  ep  61: loss=0.2959  test_acc=78.33%  (best 80.74 @ ep 54)  [3.6s]
  ep  62: loss=0.2987  test_acc=80.53%  (best 80.74 @ ep 54)  [3.4s]
  ep  63: loss=0.2974  test_acc=78.17%  (best 80.74 @ ep 54)  [3.2s]
  ep  64: loss=0.2748  test_acc=80.68%  (best 80.74 @ ep 54)  [3.4s]
  ep  65: loss=0.2631  test_acc=81.81%  (best 81.81 @ ep 65)  [3.3s]
  ep  66: loss=0.2523  test_acc=81.55%  (best 81.81 @ ep 65)  [3.3s]
  ep  67: loss=0.2602  test_acc=81.99%  (best 81.99 @ ep 67)  [3.4s]
  ep  68: loss=0.2482  test_acc=82.06%  (best 82.06 @ ep 68)  [3.3s]
  ep  69: loss=0.2287  test_acc=81.79%  (best 82.06 @ ep 68)  [3.3s]
  ep  70: loss=0.2197  test_acc=80.73%  (best 82.06 @ ep 68)  [3.3s]
  ep  71: loss=0.2030  test_acc=82.97%  (best 82.97 @ ep 71)  [3.2s]
  ep  72: loss=0.1980  test_acc=82.62%  (best 82.97 @ ep 71)  [3.5s]
  ep  73: loss=0.1788  test_acc=82.43%  (best 82.97 @ ep 71)  [3.3s]
  ep  74: loss=0.1712  test_acc=82.53%  (best 82.97 @ ep 71)  [3.5s]
  ep  75: loss=0.1603  test_acc=82.82%  (best 82.97 @ ep 71)  [3.7s]
  ep  76: loss=0.1589  test_acc=83.20%  (best 83.20 @ ep 76)  [5.9s]
  ep  77: loss=0.1453  test_acc=83.19%  (best 83.20 @ ep 76)  [7.7s]
  ep  78: loss=0.1235  test_acc=83.44%  (best 83.44 @ ep 78)  [7.2s]
  ep  79: loss=0.1155  test_acc=82.84%  (best 83.44 @ ep 78)  [4.3s]
  ep  80: loss=0.1159  test_acc=83.51%  (best 83.51 @ ep 80)  [3.6s]
  ep  81: loss=0.1030  test_acc=82.81%  (best 83.51 @ ep 80)  [3.3s]
  ep  82: loss=0.0926  test_acc=83.90%  (best 83.90 @ ep 82)  [3.7s]
  ep  83: loss=0.0856  test_acc=84.39%  (best 84.39 @ ep 83)  [3.5s]
  ep  84: loss=0.0754  test_acc=83.99%  (best 84.39 @ ep 83)  [3.4s]
  ep  85: loss=0.0696  test_acc=83.76%  (best 84.39 @ ep 83)  [3.4s]
  ep  86: loss=0.0639  test_acc=84.05%  (best 84.39 @ ep 83)  [3.7s]
  ep  87: loss=0.0588  test_acc=84.27%  (best 84.39 @ ep 83)  [3.3s]
  ep  88: loss=0.0581  test_acc=83.97%  (best 84.39 @ ep 83)  [3.2s]
  ep  89: loss=0.0516  test_acc=84.18%  (best 84.39 @ ep 83)  [3.4s]
  ep  90: loss=0.0508  test_acc=84.40%  (best 84.40 @ ep 90)  [3.5s]
  ep  91: loss=0.0462  test_acc=84.18%  (best 84.40 @ ep 90)  [3.3s]
  ep  92: loss=0.0414  test_acc=84.46%  (best 84.46 @ ep 92)  [3.3s]
  ep  93: loss=0.0452  test_acc=84.28%  (best 84.46 @ ep 92)  [3.2s]
  ep  94: loss=0.0405  test_acc=84.48%  (best 84.48 @ ep 94)  [3.3s]
  ep  95: loss=0.0414  test_acc=84.33%  (best 84.48 @ ep 94)  [3.5s]
  ep  96: loss=0.0398  test_acc=84.46%  (best 84.48 @ ep 94)  [3.3s]
  ep  97: loss=0.0405  test_acc=84.49%  (best 84.49 @ ep 97)  [3.5s]
  ep  98: loss=0.0397  test_acc=84.59%  (best 84.59 @ ep 98)  [3.2s]
  ep  99: loss=0.0364  test_acc=84.38%  (best 84.59 @ ep 98)  [3.2s]

saved /path/to/ciln-workspace/journal_edition/robustness_transfer/results_v3/erm/gu_low__seed1.json: best 84.59% @ ep 98
[21:50:53] gpu 1: gu_low seed 2 -> ../logs/erm_v3/gu_low__seed2.log
/path/to/ciln-workspace/venv/lib/python3.12/site-packages/torchvision/datasets/cifar.py:83: VisibleDeprecationWarning: dtype(): align should be passed as Python or NumPy boolean but got `align=0`. Did you mean to pass a tuple to create a subarray type? (Deprecated NumPy 2.4)
  entry = pickle.load(f, encoding="latin1")
condition=gu_low seed=2 gpu=1
  ep   0: loss=1.9247  test_acc=34.01%  (best 34.01 @ ep 0)  [4.4s]
  ep   1: loss=1.6104  test_acc=37.86%  (best 37.86 @ ep 1)  [3.3s]
  ep   2: loss=1.3946  test_acc=39.44%  (best 39.44 @ ep 2)  [3.5s]
  ep   3: loss=1.1921  test_acc=54.42%  (best 54.42 @ ep 3)  [3.2s]
  ep   4: loss=1.0826  test_acc=54.79%  (best 54.79 @ ep 4)  [3.7s]
  ep   5: loss=0.9743  test_acc=52.97%  (best 54.79 @ ep 4)  [3.6s]
  ep   6: loss=0.9075  test_acc=63.66%  (best 63.66 @ ep 6)  [3.4s]
  ep   7: loss=0.8472  test_acc=64.99%  (best 64.99 @ ep 7)  [3.6s]
  ep   8: loss=0.8044  test_acc=65.24%  (best 65.24 @ ep 8)  [3.4s]
  ep   9: loss=0.7775  test_acc=68.93%  (best 68.93 @ ep 9)  [3.6s]
  ep  10: loss=0.7463  test_acc=72.87%  (best 72.87 @ ep 10)  [3.6s]
  ep  11: loss=0.7205  test_acc=66.86%  (best 72.87 @ ep 10)  [3.4s]
  ep  12: loss=0.7055  test_acc=68.45%  (best 72.87 @ ep 10)  [8.3s]
  ep  13: loss=0.6806  test_acc=69.69%  (best 72.87 @ ep 10)  [8.0s]
  ep  14: loss=0.6769  test_acc=73.98%  (best 73.98 @ ep 14)  [6.9s]
  ep  15: loss=0.6533  test_acc=61.46%  (best 73.98 @ ep 14)  [3.5s]
  ep  16: loss=0.6389  test_acc=68.03%  (best 73.98 @ ep 14)  [3.2s]
  ep  17: loss=0.6245  test_acc=73.54%  (best 73.98 @ ep 14)  [3.2s]
  ep  18: loss=0.6153  test_acc=72.19%  (best 73.98 @ ep 14)  [3.4s]
  ep  19: loss=0.6016  test_acc=64.11%  (best 73.98 @ ep 14)  [3.3s]
  ep  20: loss=0.6163  test_acc=71.93%  (best 73.98 @ ep 14)  [3.4s]
  ep  21: loss=0.5927  test_acc=75.09%  (best 75.09 @ ep 21)  [3.4s]
  ep  22: loss=0.5873  test_acc=73.08%  (best 75.09 @ ep 21)  [3.3s]
  ep  23: loss=0.5730  test_acc=73.15%  (best 75.09 @ ep 21)  [3.6s]
  ep  24: loss=0.5630  test_acc=72.99%  (best 75.09 @ ep 21)  [3.4s]
  ep  25: loss=0.5627  test_acc=73.68%  (best 75.09 @ ep 21)  [3.4s]
  ep  26: loss=0.5484  test_acc=78.05%  (best 78.05 @ ep 26)  [3.4s]
  ep  27: loss=0.5521  test_acc=76.32%  (best 78.05 @ ep 26)  [3.3s]
  ep  28: loss=0.5456  test_acc=76.71%  (best 78.05 @ ep 26)  [3.3s]
  ep  29: loss=0.5184  test_acc=76.66%  (best 78.05 @ ep 26)  [3.5s]
  ep  30: loss=0.5380  test_acc=75.36%  (best 78.05 @ ep 26)  [3.4s]
  ep  31: loss=0.5134  test_acc=75.59%  (best 78.05 @ ep 26)  [3.4s]
  ep  32: loss=0.5032  test_acc=76.07%  (best 78.05 @ ep 26)  [3.6s]
  ep  33: loss=0.5021  test_acc=76.38%  (best 78.05 @ ep 26)  [6.3s]
  ep  34: loss=0.4943  test_acc=76.96%  (best 78.05 @ ep 26)  [3.4s]
  ep  35: loss=0.4949  test_acc=77.58%  (best 78.05 @ ep 26)  [3.4s]
  ep  36: loss=0.4822  test_acc=75.49%  (best 78.05 @ ep 26)  [3.5s]
  ep  37: loss=0.4755  test_acc=74.92%  (best 78.05 @ ep 26)  [3.4s]
  ep  38: loss=0.4625  test_acc=70.51%  (best 78.05 @ ep 26)  [3.4s]
  ep  39: loss=0.4709  test_acc=70.43%  (best 78.05 @ ep 26)  [3.6s]
  ep  40: loss=0.4646  test_acc=73.61%  (best 78.05 @ ep 26)  [3.6s]
  ep  41: loss=0.4612  test_acc=76.24%  (best 78.05 @ ep 26)  [3.2s]
  ep  42: loss=0.4441  test_acc=74.91%  (best 78.05 @ ep 26)  [3.5s]
  ep  43: loss=0.4386  test_acc=77.72%  (best 78.05 @ ep 26)  [3.4s]
  ep  44: loss=0.4257  test_acc=78.22%  (best 78.22 @ ep 44)  [3.3s]
  ep  45: loss=0.4239  test_acc=76.57%  (best 78.22 @ ep 44)  [3.3s]
  ep  46: loss=0.4128  test_acc=79.12%  (best 79.12 @ ep 46)  [3.4s]
  ep  47: loss=0.4102  test_acc=78.15%  (best 79.12 @ ep 46)  [3.4s]
  ep  48: loss=0.4156  test_acc=76.09%  (best 79.12 @ ep 46)  [3.4s]
  ep  49: loss=0.3896  test_acc=80.43%  (best 80.43 @ ep 49)  [3.4s]
  ep  50: loss=0.3905  test_acc=76.57%  (best 80.43 @ ep 49)  [3.5s]
  ep  51: loss=0.3863  test_acc=73.23%  (best 80.43 @ ep 49)  [3.7s]
  ep  52: loss=0.3698  test_acc=76.56%  (best 80.43 @ ep 49)  [7.9s]
  ep  53: loss=0.3662  test_acc=81.12%  (best 81.12 @ ep 53)  [7.5s]
  ep  54: loss=0.3591  test_acc=76.82%  (best 81.12 @ ep 53)  [7.0s]
  ep  55: loss=0.3567  test_acc=78.29%  (best 81.12 @ ep 53)  [3.7s]
  ep  56: loss=0.3447  test_acc=79.42%  (best 81.12 @ ep 53)  [3.5s]
  ep  57: loss=0.3512  test_acc=79.17%  (best 81.12 @ ep 53)  [3.4s]
  ep  58: loss=0.3324  test_acc=78.08%  (best 81.12 @ ep 53)  [3.4s]
  ep  59: loss=0.3198  test_acc=76.78%  (best 81.12 @ ep 53)  [3.4s]
  ep  60: loss=0.3085  test_acc=79.32%  (best 81.12 @ ep 53)  [3.3s]
  ep  61: loss=0.3004  test_acc=77.88%  (best 81.12 @ ep 53)  [3.4s]
  ep  62: loss=0.2981  test_acc=77.99%  (best 81.12 @ ep 53)  [3.4s]
  ep  63: loss=0.2824  test_acc=80.73%  (best 81.12 @ ep 53)  [3.5s]
  ep  64: loss=0.2739  test_acc=82.20%  (best 82.20 @ ep 64)  [3.2s]
  ep  65: loss=0.2666  test_acc=81.42%  (best 82.20 @ ep 64)  [3.3s]
  ep  66: loss=0.2562  test_acc=81.24%  (best 82.20 @ ep 64)  [3.4s]
  ep  67: loss=0.2431  test_acc=80.61%  (best 82.20 @ ep 64)  [3.4s]
  ep  68: loss=0.2446  test_acc=81.81%  (best 82.20 @ ep 64)  [3.4s]
  ep  69: loss=0.2203  test_acc=81.52%  (best 82.20 @ ep 64)  [3.6s]
  ep  70: loss=0.2071  test_acc=79.27%  (best 82.20 @ ep 64)  [3.3s]
  ep  71: loss=0.2162  test_acc=81.42%  (best 82.20 @ ep 64)  [3.5s]
  ep  72: loss=0.1907  test_acc=82.09%  (best 82.20 @ ep 64)  [3.3s]
  ep  73: loss=0.1836  test_acc=81.89%  (best 82.20 @ ep 64)  [5.1s]
  ep  74: loss=0.1631  test_acc=82.22%  (best 82.22 @ ep 74)  [7.1s]
  ep  75: loss=0.1522  test_acc=82.57%  (best 82.57 @ ep 75)  [3.4s]
  ep  76: loss=0.1376  test_acc=82.54%  (best 82.57 @ ep 75)  [3.3s]
  ep  77: loss=0.1352  test_acc=83.38%  (best 83.38 @ ep 77)  [3.4s]
  ep  78: loss=0.1258  test_acc=82.38%  (best 83.38 @ ep 77)  [3.3s]
  ep  79: loss=0.1137  test_acc=82.63%  (best 83.38 @ ep 77)  [3.5s]
  ep  80: loss=0.1105  test_acc=82.78%  (best 83.38 @ ep 77)  [3.4s]
  ep  81: loss=0.0979  test_acc=83.08%  (best 83.38 @ ep 77)  [3.4s]
  ep  82: loss=0.0984  test_acc=83.34%  (best 83.38 @ ep 77)  [3.5s]
  ep  83: loss=0.0855  test_acc=83.63%  (best 83.63 @ ep 83)  [3.5s]
  ep  84: loss=0.0783  test_acc=83.40%  (best 83.63 @ ep 83)  [3.4s]
  ep  85: loss=0.0743  test_acc=83.12%  (best 83.63 @ ep 83)  [3.4s]
  ep  86: loss=0.0692  test_acc=83.82%  (best 83.82 @ ep 86)  [3.3s]
  ep  87: loss=0.0638  test_acc=83.85%  (best 83.85 @ ep 87)  [3.3s]
  ep  88: loss=0.0588  test_acc=83.77%  (best 83.85 @ ep 87)  [3.5s]
  ep  89: loss=0.0528  test_acc=83.79%  (best 83.85 @ ep 87)  [3.7s]
  ep  90: loss=0.0501  test_acc=83.81%  (best 83.85 @ ep 87)  [3.5s]
  ep  91: loss=0.0463  test_acc=84.02%  (best 84.02 @ ep 91)  [3.3s]
  ep  92: loss=0.0469  test_acc=83.97%  (best 84.02 @ ep 91)  [3.4s]
  ep  93: loss=0.0431  test_acc=84.00%  (best 84.02 @ ep 91)  [6.0s]
  ep  94: loss=0.0414  test_acc=84.07%  (best 84.07 @ ep 94)  [7.9s]
  ep  95: loss=0.0427  test_acc=83.95%  (best 84.07 @ ep 94)  [7.8s]
  ep  96: loss=0.0394  test_acc=83.89%  (best 84.07 @ ep 94)  [4.7s]
  ep  97: loss=0.0409  test_acc=84.06%  (best 84.07 @ ep 94)  [3.6s]
  ep  98: loss=0.0410  test_acc=83.84%  (best 84.07 @ ep 94)  [3.5s]
  ep  99: loss=0.0388  test_acc=84.13%  (best 84.13 @ ep 99)  [3.5s]

saved /path/to/ciln-workspace/journal_edition/robustness_transfer/results_v3/erm/gu_low__seed2.json: best 84.13% @ ep 99
[21:57:32] gpu 1: gu_medium seed 0 -> ../logs/erm_v3/gu_medium__seed0.log
/path/to/ciln-workspace/venv/lib/python3.12/site-packages/torchvision/datasets/cifar.py:83: VisibleDeprecationWarning: dtype(): align should be passed as Python or NumPy boolean but got `align=0`. Did you mean to pass a tuple to create a subarray type? (Deprecated NumPy 2.4)
  entry = pickle.load(f, encoding="latin1")
condition=gu_medium seed=0 gpu=1
  ep   0: loss=1.8591  test_acc=32.01%  (best 32.01 @ ep 0)  [4.2s]
  ep   1: loss=1.5822  test_acc=38.35%  (best 38.35 @ ep 1)  [3.4s]
  ep   2: loss=1.4056  test_acc=47.77%  (best 47.77 @ ep 2)  [3.3s]
  ep   3: loss=1.2375  test_acc=53.82%  (best 53.82 @ ep 3)  [3.4s]
  ep   4: loss=1.1317  test_acc=47.60%  (best 53.82 @ ep 3)  [3.5s]
  ep   5: loss=1.0531  test_acc=57.68%  (best 57.68 @ ep 5)  [3.6s]
  ep   6: loss=1.0012  test_acc=63.28%  (best 63.28 @ ep 6)  [3.5s]
  ep   7: loss=0.9652  test_acc=62.33%  (best 63.28 @ ep 6)  [3.7s]
  ep   8: loss=0.9126  test_acc=65.57%  (best 65.57 @ ep 8)  [3.3s]
  ep   9: loss=0.8819  test_acc=63.07%  (best 65.57 @ ep 8)  [3.4s]
  ep  10: loss=0.8413  test_acc=71.12%  (best 71.12 @ ep 10)  [3.5s]
  ep  11: loss=0.8299  test_acc=62.80%  (best 71.12 @ ep 10)  [3.7s]
  ep  12: loss=0.8054  test_acc=68.37%  (best 71.12 @ ep 10)  [7.9s]
  ep  13: loss=0.7943  test_acc=63.69%  (best 71.12 @ ep 10)  [7.0s]
  ep  14: loss=0.7883  test_acc=70.48%  (best 71.12 @ ep 10)  [8.0s]
  ep  15: loss=0.7705  test_acc=70.83%  (best 71.12 @ ep 10)  [3.5s]
  ep  16: loss=0.7550  test_acc=67.88%  (best 71.12 @ ep 10)  [3.3s]
  ep  17: loss=0.7356  test_acc=55.37%  (best 71.12 @ ep 10)  [3.3s]
  ep  18: loss=0.7440  test_acc=71.50%  (best 71.50 @ ep 18)  [3.8s]
  ep  19: loss=0.7347  test_acc=58.65%  (best 71.50 @ ep 18)  [3.3s]
  ep  20: loss=0.7268  test_acc=68.82%  (best 71.50 @ ep 18)  [3.4s]
  ep  21: loss=0.7167  test_acc=66.20%  (best 71.50 @ ep 18)  [3.6s]
  ep  22: loss=0.7088  test_acc=65.69%  (best 71.50 @ ep 18)  [3.2s]
  ep  23: loss=0.7017  test_acc=69.33%  (best 71.50 @ ep 18)  [3.4s]
  ep  24: loss=0.6990  test_acc=66.46%  (best 71.50 @ ep 18)  [3.4s]
  ep  25: loss=0.6964  test_acc=59.98%  (best 71.50 @ ep 18)  [3.4s]
  ep  26: loss=0.6784  test_acc=70.76%  (best 71.50 @ ep 18)  [3.3s]
  ep  27: loss=0.6811  test_acc=70.46%  (best 71.50 @ ep 18)  [3.6s]
  ep  28: loss=0.6684  test_acc=63.21%  (best 71.50 @ ep 18)  [3.5s]
  ep  29: loss=0.6596  test_acc=73.42%  (best 73.42 @ ep 29)  [3.4s]
  ep  30: loss=0.6601  test_acc=71.88%  (best 73.42 @ ep 29)  [3.6s]
  ep  31: loss=0.6654  test_acc=71.31%  (best 73.42 @ ep 29)  [3.4s]
  ep  32: loss=0.6465  test_acc=68.32%  (best 73.42 @ ep 29)  [3.5s]
  ep  33: loss=0.6454  test_acc=75.20%  (best 75.20 @ ep 33)  [7.3s]
  ep  34: loss=0.6373  test_acc=72.83%  (best 75.20 @ ep 33)  [8.2s]
  ep  35: loss=0.6306  test_acc=66.14%  (best 75.20 @ ep 33)  [7.8s]
  ep  36: loss=0.6249  test_acc=75.16%  (best 75.20 @ ep 33)  [3.7s]
  ep  37: loss=0.6093  test_acc=69.71%  (best 75.20 @ ep 33)  [3.4s]
  ep  38: loss=0.6182  test_acc=75.32%  (best 75.32 @ ep 38)  [3.3s]
  ep  39: loss=0.5988  test_acc=75.95%  (best 75.95 @ ep 39)  [3.3s]
  ep  40: loss=0.5919  test_acc=71.36%  (best 75.95 @ ep 39)  [3.4s]
  ep  41: loss=0.5989  test_acc=69.18%  (best 75.95 @ ep 39)  [3.3s]
  ep  42: loss=0.5946  test_acc=75.56%  (best 75.95 @ ep 39)  [3.5s]
  ep  43: loss=0.5893  test_acc=75.05%  (best 75.95 @ ep 39)  [3.4s]
  ep  44: loss=0.5680  test_acc=71.79%  (best 75.95 @ ep 39)  [3.3s]
  ep  45: loss=0.5693  test_acc=74.55%  (best 75.95 @ ep 39)  [3.5s]
  ep  46: loss=0.5607  test_acc=73.14%  (best 75.95 @ ep 39)  [3.4s]
  ep  47: loss=0.5611  test_acc=65.50%  (best 75.95 @ ep 39)  [3.3s]
  ep  48: loss=0.5423  test_acc=73.99%  (best 75.95 @ ep 39)  [3.5s]
  ep  49: loss=0.5517  test_acc=73.49%  (best 75.95 @ ep 39)  [3.6s]
  ep  50: loss=0.5336  test_acc=74.31%  (best 75.95 @ ep 39)  [3.3s]
  ep  51: loss=0.5267  test_acc=74.11%  (best 75.95 @ ep 39)  [3.4s]
  ep  52: loss=0.5209  test_acc=73.69%  (best 75.95 @ ep 39)  [3.4s]
  ep  53: loss=0.5009  test_acc=74.78%  (best 75.95 @ ep 39)  [3.4s]
  ep  54: loss=0.5105  test_acc=75.00%  (best 75.95 @ ep 39)  [3.6s]
  ep  55: loss=0.4994  test_acc=74.73%  (best 75.95 @ ep 39)  [3.4s]
  ep  56: loss=0.4866  test_acc=75.35%  (best 75.95 @ ep 39)  [3.4s]
  ep  57: loss=0.4772  test_acc=74.82%  (best 75.95 @ ep 39)  [3.7s]
  ep  58: loss=0.4614  test_acc=71.22%  (best 75.95 @ ep 39)  [3.3s]
  ep  59: loss=0.4531  test_acc=75.36%  (best 75.95 @ ep 39)  [3.3s]
  ep  60: loss=0.4551  test_acc=74.85%  (best 75.95 @ ep 39)  [3.5s]
  ep  61: loss=0.4459  test_acc=75.15%  (best 75.95 @ ep 39)  [3.8s]
  ep  62: loss=0.4366  test_acc=73.65%  (best 75.95 @ ep 39)  [3.4s]
  ep  63: loss=0.4237  test_acc=76.05%  (best 76.05 @ ep 63)  [3.5s]
  ep  64: loss=0.4101  test_acc=74.89%  (best 76.05 @ ep 63)  [3.5s]
  ep  65: loss=0.4041  test_acc=76.73%  (best 76.73 @ ep 65)  [3.3s]
  ep  66: loss=0.3932  test_acc=74.69%  (best 76.73 @ ep 65)  [3.4s]
  ep  67: loss=0.3850  test_acc=76.91%  (best 76.91 @ ep 67)  [3.6s]
  ep  68: loss=0.3659  test_acc=77.30%  (best 77.30 @ ep 68)  [3.4s]
  ep  69: loss=0.3579  test_acc=78.08%  (best 78.08 @ ep 69)  [3.7s]
  ep  70: loss=0.3401  test_acc=77.22%  (best 78.08 @ ep 69)  [3.6s]
  ep  71: loss=0.3310  test_acc=77.72%  (best 78.08 @ ep 69)  [3.4s]
  ep  72: loss=0.3138  test_acc=77.89%  (best 78.08 @ ep 69)  [7.4s]
  ep  73: loss=0.3066  test_acc=77.80%  (best 78.08 @ ep 69)  [8.4s]
  ep  74: loss=0.2862  test_acc=77.67%  (best 78.08 @ ep 69)  [7.6s]
  ep  75: loss=0.2740  test_acc=77.50%  (best 78.08 @ ep 69)  [3.7s]
  ep  76: loss=0.2648  test_acc=77.66%  (best 78.08 @ ep 69)  [3.6s]
  ep  77: loss=0.2568  test_acc=76.68%  (best 78.08 @ ep 69)  [3.2s]
  ep  78: loss=0.2377  test_acc=77.65%  (best 78.08 @ ep 69)  [3.4s]
  ep  79: loss=0.2282  test_acc=78.35%  (best 78.35 @ ep 79)  [3.4s]
  ep  80: loss=0.2070  test_acc=78.89%  (best 78.89 @ ep 80)  [3.4s]
  ep  81: loss=0.1983  test_acc=78.01%  (best 78.89 @ ep 80)  [3.3s]
  ep  82: loss=0.1863  test_acc=77.39%  (best 78.89 @ ep 80)  [3.2s]
  ep  83: loss=0.1766  test_acc=77.71%  (best 78.89 @ ep 80)  [3.5s]
  ep  84: loss=0.1611  test_acc=78.76%  (best 78.89 @ ep 80)  [3.3s]
  ep  85: loss=0.1541  test_acc=78.03%  (best 78.89 @ ep 80)  [3.4s]
  ep  86: loss=0.1389  test_acc=78.55%  (best 78.89 @ ep 80)  [3.4s]
  ep  87: loss=0.1283  test_acc=78.63%  (best 78.89 @ ep 80)  [3.5s]
  ep  88: loss=0.1216  test_acc=78.53%  (best 78.89 @ ep 80)  [3.4s]
  ep  89: loss=0.1176  test_acc=78.16%  (best 78.89 @ ep 80)  [3.5s]
  ep  90: loss=0.1116  test_acc=78.42%  (best 78.89 @ ep 80)  [3.4s]
  ep  91: loss=0.1057  test_acc=78.25%  (best 78.89 @ ep 80)  [3.4s]
  ep  92: loss=0.0979  test_acc=78.60%  (best 78.89 @ ep 80)  [3.6s]
  ep  93: loss=0.0943  test_acc=78.42%  (best 78.89 @ ep 80)  [5.0s]
  ep  94: loss=0.0897  test_acc=78.72%  (best 78.89 @ ep 80)  [3.3s]
  ep  95: loss=0.0927  test_acc=78.50%  (best 78.89 @ ep 80)  [3.4s]
  ep  96: loss=0.0899  test_acc=78.46%  (best 78.89 @ ep 80)  [3.7s]
  ep  97: loss=0.0826  test_acc=78.36%  (best 78.89 @ ep 80)  [3.4s]
  ep  98: loss=0.0845  test_acc=78.36%  (best 78.89 @ ep 80)  [3.3s]
  ep  99: loss=0.0851  test_acc=78.61%  (best 78.89 @ ep 80)  [3.3s]

saved /path/to/ciln-workspace/journal_edition/robustness_transfer/results_v3/erm/gu_medium__seed0.json: best 78.89% @ ep 80
[22:04:06] gpu 1: gu_medium seed 1 -> ../logs/erm_v3/gu_medium__seed1.log
/path/to/ciln-workspace/venv/lib/python3.12/site-packages/torchvision/datasets/cifar.py:83: VisibleDeprecationWarning: dtype(): align should be passed as Python or NumPy boolean but got `align=0`. Did you mean to pass a tuple to create a subarray type? (Deprecated NumPy 2.4)
  entry = pickle.load(f, encoding="latin1")
condition=gu_medium seed=1 gpu=1
  ep   0: loss=1.8598  test_acc=38.99%  (best 38.99 @ ep 0)  [4.3s]
  ep   1: loss=1.6127  test_acc=39.98%  (best 39.98 @ ep 1)  [3.3s]
  ep   2: loss=1.4508  test_acc=42.30%  (best 42.30 @ ep 2)  [3.3s]
  ep   3: loss=1.3147  test_acc=47.91%  (best 47.91 @ ep 3)  [3.3s]
  ep   4: loss=1.1764  test_acc=48.74%  (best 48.74 @ ep 4)  [3.2s]
  ep   5: loss=1.0791  test_acc=56.68%  (best 56.68 @ ep 5)  [3.3s]
  ep   6: loss=1.0252  test_acc=53.21%  (best 56.68 @ ep 5)  [3.6s]
  ep   7: loss=0.9653  test_acc=64.34%  (best 64.34 @ ep 7)  [3.4s]
  ep   8: loss=0.9381  test_acc=57.84%  (best 64.34 @ ep 7)  [3.4s]
  ep   9: loss=0.8894  test_acc=63.71%  (best 64.34 @ ep 7)  [4.9s]
  ep  10: loss=0.8618  test_acc=67.71%  (best 67.71 @ ep 10)  [8.7s]
  ep  11: loss=0.8363  test_acc=69.13%  (best 69.13 @ ep 11)  [7.5s]
  ep  12: loss=0.8215  test_acc=69.21%  (best 69.21 @ ep 12)  [6.5s]
  ep  13: loss=0.8013  test_acc=69.25%  (best 69.25 @ ep 13)  [3.4s]
  ep  14: loss=0.7845  test_acc=66.00%  (best 69.25 @ ep 13)  [3.5s]
  ep  15: loss=0.7824  test_acc=65.93%  (best 69.25 @ ep 13)  [3.4s]
  ep  16: loss=0.7612  test_acc=71.15%  (best 71.15 @ ep 16)  [3.4s]
  ep  17: loss=0.7471  test_acc=68.60%  (best 71.15 @ ep 16)  [3.6s]
  ep  18: loss=0.7469  test_acc=69.75%  (best 71.15 @ ep 16)  [3.2s]
  ep  19: loss=0.7206  test_acc=67.94%  (best 71.15 @ ep 16)  [3.4s]
  ep  20: loss=0.7165  test_acc=70.20%  (best 71.15 @ ep 16)  [3.7s]
  ep  21: loss=0.7230  test_acc=74.18%  (best 74.18 @ ep 21)  [3.6s]
  ep  22: loss=0.7031  test_acc=71.45%  (best 74.18 @ ep 21)  [3.6s]
  ep  23: loss=0.7031  test_acc=72.98%  (best 74.18 @ ep 21)  [3.6s]
  ep  24: loss=0.6920  test_acc=71.67%  (best 74.18 @ ep 21)  [3.4s]
  ep  25: loss=0.6794  test_acc=74.93%  (best 74.93 @ ep 25)  [3.4s]
  ep  26: loss=0.6739  test_acc=73.73%  (best 74.93 @ ep 25)  [3.4s]
  ep  27: loss=0.6656  test_acc=74.69%  (best 74.93 @ ep 25)  [3.6s]
  ep  28: loss=0.6689  test_acc=73.16%  (best 74.93 @ ep 25)  [3.4s]
  ep  29: loss=0.6612  test_acc=73.43%  (best 74.93 @ ep 25)  [3.3s]
  ep  30: loss=0.6503  test_acc=70.40%  (best 74.93 @ ep 25)  [6.2s]
  ep  31: loss=0.6564  test_acc=68.18%  (best 74.93 @ ep 25)  [7.3s]
  ep  32: loss=0.6406  test_acc=73.73%  (best 74.93 @ ep 25)  [8.2s]
  ep  33: loss=0.6470  test_acc=71.94%  (best 74.93 @ ep 25)  [6.0s]
  ep  34: loss=0.6345  test_acc=76.00%  (best 76.00 @ ep 34)  [3.3s]
  ep  35: loss=0.6246  test_acc=72.21%  (best 76.00 @ ep 34)  [3.3s]
  ep  36: loss=0.6225  test_acc=72.28%  (best 76.00 @ ep 34)  [3.3s]
  ep  37: loss=0.6163  test_acc=68.86%  (best 76.00 @ ep 34)  [3.3s]
  ep  38: loss=0.6109  test_acc=76.85%  (best 76.85 @ ep 38)  [3.3s]
  ep  39: loss=0.6069  test_acc=69.90%  (best 76.85 @ ep 38)  [3.3s]
  ep  40: loss=0.5941  test_acc=66.98%  (best 76.85 @ ep 38)  [3.4s]
  ep  41: loss=0.5867  test_acc=76.37%  (best 76.85 @ ep 38)  [3.6s]
  ep  42: loss=0.5814  test_acc=74.16%  (best 76.85 @ ep 38)  [3.6s]
  ep  43: loss=0.5714  test_acc=70.44%  (best 76.85 @ ep 38)  [3.3s]
  ep  44: loss=0.5710  test_acc=73.78%  (best 76.85 @ ep 38)  [3.3s]
  ep  45: loss=0.5647  test_acc=75.82%  (best 76.85 @ ep 38)  [3.2s]
  ep  46: loss=0.5569  test_acc=72.41%  (best 76.85 @ ep 38)  [3.5s]
  ep  47: loss=0.5423  test_acc=73.19%  (best 76.85 @ ep 38)  [3.5s]
  ep  48: loss=0.5506  test_acc=74.12%  (best 76.85 @ ep 38)  [3.6s]
  ep  49: loss=0.5366  test_acc=71.40%  (best 76.85 @ ep 38)  [3.6s]
  ep  50: loss=0.5304  test_acc=72.15%  (best 76.85 @ ep 38)  [3.4s]
  ep  51: loss=0.5215  test_acc=75.71%  (best 76.85 @ ep 38)  [6.6s]
  ep  52: loss=0.5269  test_acc=72.32%  (best 76.85 @ ep 38)  [7.4s]
  ep  53: loss=0.5254  test_acc=74.94%  (best 76.85 @ ep 38)  [8.2s]
  ep  54: loss=0.4999  test_acc=72.80%  (best 76.85 @ ep 38)  [3.4s]
  ep  55: loss=0.4921  test_acc=76.32%  (best 76.85 @ ep 38)  [3.3s]
  ep  56: loss=0.4881  test_acc=74.58%  (best 76.85 @ ep 38)  [3.4s]
  ep  57: loss=0.4682  test_acc=74.91%  (best 76.85 @ ep 38)  [3.4s]
  ep  58: loss=0.4571  test_acc=74.42%  (best 76.85 @ ep 38)  [3.2s]
  ep  59: loss=0.4561  test_acc=77.27%  (best 77.27 @ ep 59)  [3.3s]
  ep  60: loss=0.4378  test_acc=73.69%  (best 77.27 @ ep 59)  [3.4s]
  ep  61: loss=0.4383  test_acc=76.19%  (best 77.27 @ ep 59)  [3.3s]
  ep  62: loss=0.4201  test_acc=75.30%  (best 77.27 @ ep 59)  [3.3s]
  ep  63: loss=0.4125  test_acc=76.91%  (best 77.27 @ ep 59)  [3.2s]
  ep  64: loss=0.4110  test_acc=73.06%  (best 77.27 @ ep 59)  [3.4s]
  ep  65: loss=0.3938  test_acc=77.42%  (best 77.42 @ ep 65)  [3.4s]
  ep  66: loss=0.3871  test_acc=75.14%  (best 77.42 @ ep 65)  [3.6s]
  ep  67: loss=0.3786  test_acc=76.25%  (best 77.42 @ ep 65)  [3.6s]
  ep  68: loss=0.3571  test_acc=77.19%  (best 77.42 @ ep 65)  [3.4s]
  ep  69: loss=0.3483  test_acc=76.68%  (best 77.42 @ ep 65)  [3.3s]
  ep  70: loss=0.3408  test_acc=76.06%  (best 77.42 @ ep 65)  [3.5s]
  ep  71: loss=0.3273  test_acc=76.50%  (best 77.42 @ ep 65)  [3.4s]
  ep  72: loss=0.3151  test_acc=77.64%  (best 77.64 @ ep 72)  [7.2s]
  ep  73: loss=0.2951  test_acc=76.67%  (best 77.64 @ ep 72)  [7.2s]
  ep  74: loss=0.2910  test_acc=76.47%  (best 77.64 @ ep 72)  [8.3s]
  ep  75: loss=0.2723  test_acc=76.88%  (best 77.64 @ ep 72)  [5.7s]
  ep  76: loss=0.2606  test_acc=78.47%  (best 78.47 @ ep 76)  [3.4s]
  ep  77: loss=0.2347  test_acc=78.78%  (best 78.78 @ ep 77)  [3.3s]
  ep  78: loss=0.2271  test_acc=78.45%  (best 78.78 @ ep 77)  [3.7s]
  ep  79: loss=0.2198  test_acc=78.16%  (best 78.78 @ ep 77)  [3.3s]
  ep  80: loss=0.2059  test_acc=76.23%  (best 78.78 @ ep 77)  [3.2s]
  ep  81: loss=0.1931  test_acc=78.07%  (best 78.78 @ ep 77)  [3.4s]
  ep  82: loss=0.1828  test_acc=77.63%  (best 78.78 @ ep 77)  [3.3s]
  ep  83: loss=0.1648  test_acc=78.32%  (best 78.78 @ ep 77)  [3.3s]
  ep  84: loss=0.1567  test_acc=78.69%  (best 78.78 @ ep 77)  [3.5s]
  ep  85: loss=0.1413  test_acc=78.88%  (best 78.88 @ ep 85)  [3.3s]
  ep  86: loss=0.1367  test_acc=78.84%  (best 78.88 @ ep 85)  [3.4s]
  ep  87: loss=0.1264  test_acc=79.05%  (best 79.05 @ ep 87)  [3.4s]
  ep  88: loss=0.1123  test_acc=78.36%  (best 79.05 @ ep 87)  [3.5s]
  ep  89: loss=0.1086  test_acc=78.75%  (best 79.05 @ ep 87)  [3.3s]
  ep  90: loss=0.1004  test_acc=78.48%  (best 79.05 @ ep 87)  [3.4s]
  ep  91: loss=0.0970  test_acc=79.00%  (best 79.05 @ ep 87)  [3.3s]
  ep  92: loss=0.0923  test_acc=78.90%  (best 79.05 @ ep 87)  [3.4s]
  ep  93: loss=0.0870  test_acc=78.97%  (best 79.05 @ ep 87)  [7.3s]
  ep  94: loss=0.0848  test_acc=78.90%  (best 79.05 @ ep 87)  [3.3s]
  ep  95: loss=0.0873  test_acc=78.95%  (best 79.05 @ ep 87)  [3.6s]
  ep  96: loss=0.0847  test_acc=78.79%  (best 79.05 @ ep 87)  [3.4s]
  ep  97: loss=0.0795  test_acc=78.68%  (best 79.05 @ ep 87)  [3.3s]
  ep  98: loss=0.0808  test_acc=79.13%  (best 79.13 @ ep 98)  [3.4s]
  ep  99: loss=0.0822  test_acc=78.96%  (best 79.13 @ ep 98)  [3.4s]

saved /path/to/ciln-workspace/journal_edition/robustness_transfer/results_v3/erm/gu_medium__seed1.json: best 79.13% @ ep 98
[22:10:54] gpu 1: gu_medium seed 2 -> ../logs/erm_v3/gu_medium__seed2.log
/path/to/ciln-workspace/venv/lib/python3.12/site-packages/torchvision/datasets/cifar.py:83: VisibleDeprecationWarning: dtype(): align should be passed as Python or NumPy boolean but got `align=0`. Did you mean to pass a tuple to create a subarray type? (Deprecated NumPy 2.4)
  entry = pickle.load(f, encoding="latin1")
condition=gu_medium seed=2 gpu=1
  ep   0: loss=1.8619  test_acc=34.90%  (best 34.90 @ ep 0)  [4.1s]
  ep   1: loss=1.5180  test_acc=40.33%  (best 40.33 @ ep 1)  [3.3s]
  ep   2: loss=1.3051  test_acc=45.77%  (best 45.77 @ ep 2)  [3.6s]
  ep   3: loss=1.1619  test_acc=52.36%  (best 52.36 @ ep 3)  [3.4s]
  ep   4: loss=1.0807  test_acc=37.08%  (best 52.36 @ ep 3)  [3.3s]
  ep   5: loss=1.0086  test_acc=64.25%  (best 64.25 @ ep 5)  [3.5s]
  ep   6: loss=0.9598  test_acc=60.48%  (best 64.25 @ ep 5)  [3.3s]
  ep   7: loss=0.9286  test_acc=65.83%  (best 65.83 @ ep 7)  [3.5s]
  ep   8: loss=0.8809  test_acc=66.82%  (best 66.82 @ ep 8)  [3.7s]
  ep   9: loss=0.8564  test_acc=66.96%  (best 66.96 @ ep 9)  [3.3s]
  ep  10: loss=0.8404  test_acc=61.02%  (best 66.96 @ ep 9)  [6.2s]
  ep  11: loss=0.8149  test_acc=66.05%  (best 66.96 @ ep 9)  [7.5s]
  ep  12: loss=0.7972  test_acc=63.39%  (best 66.96 @ ep 9)  [6.6s]
  ep  13: loss=0.7901  test_acc=66.30%  (best 66.96 @ ep 9)  [3.4s]
  ep  14: loss=0.7809  test_acc=65.61%  (best 66.96 @ ep 9)  [3.4s]
  ep  15: loss=0.7666  test_acc=70.83%  (best 70.83 @ ep 15)  [3.4s]
  ep  16: loss=0.7583  test_acc=68.11%  (best 70.83 @ ep 15)  [3.4s]
  ep  17: loss=0.7465  test_acc=71.03%  (best 71.03 @ ep 17)  [3.6s]
  ep  18: loss=0.7358  test_acc=69.53%  (best 71.03 @ ep 17)  [3.6s]
  ep  19: loss=0.7268  test_acc=70.11%  (best 71.03 @ ep 17)  [3.4s]
  ep  20: loss=0.7245  test_acc=69.91%  (best 71.03 @ ep 17)  [3.3s]
  ep  21: loss=0.7101  test_acc=70.87%  (best 71.03 @ ep 17)  [3.4s]
  ep  22: loss=0.7074  test_acc=72.52%  (best 72.52 @ ep 22)  [3.5s]
  ep  23: loss=0.6950  test_acc=71.48%  (best 72.52 @ ep 22)  [3.3s]
  ep  24: loss=0.6884  test_acc=72.70%  (best 72.70 @ ep 24)  [3.3s]
  ep  25: loss=0.6783  test_acc=72.67%  (best 72.70 @ ep 24)  [3.5s]
  ep  26: loss=0.6771  test_acc=69.94%  (best 72.70 @ ep 24)  [3.3s]
  ep  27: loss=0.6767  test_acc=69.66%  (best 72.70 @ ep 24)  [3.4s]
  ep  28: loss=0.6595  test_acc=72.71%  (best 72.71 @ ep 28)  [3.7s]
  ep  29: loss=0.6666  test_acc=67.51%  (best 72.71 @ ep 28)  [3.3s]
  ep  30: loss=0.6452  test_acc=66.49%  (best 72.71 @ ep 28)  [3.4s]
  ep  31: loss=0.6460  test_acc=71.59%  (best 72.71 @ ep 28)  [5.5s]
  ep  32: loss=0.6523  test_acc=70.09%  (best 72.71 @ ep 28)  [9.0s]
  ep  33: loss=0.6343  test_acc=75.77%  (best 75.77 @ ep 33)  [7.1s]
  ep  34: loss=0.6382  test_acc=63.00%  (best 75.77 @ ep 33)  [7.3s]
  ep  35: loss=0.6287  test_acc=73.28%  (best 75.77 @ ep 33)  [3.7s]
  ep  36: loss=0.6262  test_acc=74.11%  (best 75.77 @ ep 33)  [3.5s]
  ep  37: loss=0.6078  test_acc=71.89%  (best 75.77 @ ep 33)  [3.5s]
  ep  38: loss=0.6045  test_acc=69.99%  (best 75.77 @ ep 33)  [3.4s]
  ep  39: loss=0.5995  test_acc=74.19%  (best 75.77 @ ep 33)  [3.5s]
  ep  40: loss=0.5944  test_acc=75.34%  (best 75.77 @ ep 33)  [3.4s]
  ep  41: loss=0.5808  test_acc=74.97%  (best 75.77 @ ep 33)  [3.7s]
  ep  42: loss=0.5734  test_acc=69.85%  (best 75.77 @ ep 33)  [3.5s]
  ep  43: loss=0.5776  test_acc=74.17%  (best 75.77 @ ep 33)  [3.3s]
  ep  44: loss=0.5643  test_acc=71.24%  (best 75.77 @ ep 33)  [3.5s]
  ep  45: loss=0.5682  test_acc=72.40%  (best 75.77 @ ep 33)  [3.7s]
  ep  46: loss=0.5539  test_acc=74.26%  (best 75.77 @ ep 33)  [3.3s]
  ep  47: loss=0.5621  test_acc=76.39%  (best 76.39 @ ep 47)  [3.6s]
  ep  48: loss=0.5424  test_acc=78.08%  (best 78.08 @ ep 48)  [3.6s]
  ep  49: loss=0.5267  test_acc=73.33%  (best 78.08 @ ep 48)  [3.4s]
  ep  50: loss=0.5289  test_acc=76.85%  (best 78.08 @ ep 48)  [3.5s]
  ep  51: loss=0.5227  test_acc=72.82%  (best 78.08 @ ep 48)  [3.6s]
  ep  52: loss=0.5103  test_acc=75.09%  (best 78.08 @ ep 48)  [5.1s]
  ep  53: loss=0.5011  test_acc=75.31%  (best 78.08 @ ep 48)  [3.4s]
  ep  54: loss=0.4907  test_acc=77.00%  (best 78.08 @ ep 48)  [3.4s]
  ep  55: loss=0.4887  test_acc=74.93%  (best 78.08 @ ep 48)  [3.3s]
  ep  56: loss=0.4773  test_acc=75.44%  (best 78.08 @ ep 48)  [3.3s]
  ep  57: loss=0.4703  test_acc=72.73%  (best 78.08 @ ep 48)  [3.6s]
  ep  58: loss=0.4570  test_acc=73.79%  (best 78.08 @ ep 48)  [3.5s]
  ep  59: loss=0.4571  test_acc=74.75%  (best 78.08 @ ep 48)  [3.6s]
  ep  60: loss=0.4490  test_acc=73.49%  (best 78.08 @ ep 48)  [3.4s]
  ep  61: loss=0.4370  test_acc=77.28%  (best 78.08 @ ep 48)  [3.4s]
  ep  62: loss=0.4207  test_acc=74.39%  (best 78.08 @ ep 48)  [3.4s]
  ep  63: loss=0.4182  test_acc=72.63%  (best 78.08 @ ep 48)  [3.7s]
  ep  64: loss=0.4058  test_acc=75.44%  (best 78.08 @ ep 48)  [3.7s]
  ep  65: loss=0.3865  test_acc=73.23%  (best 78.08 @ ep 48)  [3.4s]
  ep  66: loss=0.3864  test_acc=75.79%  (best 78.08 @ ep 48)  [3.6s]
  ep  67: loss=0.3692  test_acc=77.54%  (best 78.08 @ ep 48)  [3.7s]
  ep  68: loss=0.3696  test_acc=76.81%  (best 78.08 @ ep 48)  [3.3s]
  ep  69: loss=0.3437  test_acc=77.42%  (best 78.08 @ ep 48)  [3.5s]
  ep  70: loss=0.3343  test_acc=77.22%  (best 78.08 @ ep 48)  [3.6s]
  ep  71: loss=0.3224  test_acc=77.10%  (best 78.08 @ ep 48)  [9.1s]
  ep  72: loss=0.3204  test_acc=77.04%  (best 78.08 @ ep 48)  [7.4s]
  ep  73: loss=0.2992  test_acc=78.23%  (best 78.23 @ ep 73)  [8.2s]
  ep  74: loss=0.2808  test_acc=76.23%  (best 78.23 @ ep 73)  [4.7s]
  ep  75: loss=0.2659  test_acc=75.61%  (best 78.23 @ ep 73)  [3.5s]
  ep  76: loss=0.2601  test_acc=74.61%  (best 78.23 @ ep 73)  [3.6s]
  ep  77: loss=0.2474  test_acc=75.83%  (best 78.23 @ ep 73)  [3.7s]
  ep  78: loss=0.2303  test_acc=77.65%  (best 78.23 @ ep 73)  [3.5s]
  ep  79: loss=0.2149  test_acc=77.98%  (best 78.23 @ ep 73)  [3.4s]
  ep  80: loss=0.2050  test_acc=77.47%  (best 78.23 @ ep 73)  [3.5s]
  ep  81: loss=0.1858  test_acc=77.12%  (best 78.23 @ ep 73)  [3.4s]
  ep  82: loss=0.1741  test_acc=78.80%  (best 78.80 @ ep 82)  [3.5s]
  ep  83: loss=0.1615  test_acc=78.09%  (best 78.80 @ ep 82)  [3.4s]
  ep  84: loss=0.1539  test_acc=78.82%  (best 78.82 @ ep 84)  [3.7s]
  ep  85: loss=0.1431  test_acc=78.56%  (best 78.82 @ ep 84)  [3.4s]
  ep  86: loss=0.1362  test_acc=78.10%  (best 78.82 @ ep 84)  [3.3s]
  ep  87: loss=0.1229  test_acc=78.53%  (best 78.82 @ ep 84)  [3.6s]
  ep  88: loss=0.1148  test_acc=78.43%  (best 78.82 @ ep 84)  [3.6s]
  ep  89: loss=0.1083  test_acc=79.04%  (best 79.04 @ ep 89)  [3.3s]
  ep  90: loss=0.0989  test_acc=78.69%  (best 79.04 @ ep 89)  [3.5s]
  ep  91: loss=0.0950  test_acc=78.50%  (best 79.04 @ ep 89)  [3.5s]
  ep  92: loss=0.0912  test_acc=78.63%  (best 79.04 @ ep 89)  [5.4s]
  ep  93: loss=0.0867  test_acc=78.78%  (best 79.04 @ ep 89)  [7.3s]
  ep  94: loss=0.0858  test_acc=79.07%  (best 79.07 @ ep 94)  [3.6s]
  ep  95: loss=0.0842  test_acc=78.99%  (best 79.07 @ ep 94)  [3.6s]
  ep  96: loss=0.0841  test_acc=78.65%  (best 79.07 @ ep 94)  [3.4s]
  ep  97: loss=0.0806  test_acc=78.87%  (best 79.07 @ ep 94)  [3.5s]
  ep  98: loss=0.0787  test_acc=78.61%  (best 79.07 @ ep 94)  [3.6s]
  ep  99: loss=0.0779  test_acc=79.09%  (best 79.09 @ ep 99)  [3.4s]

saved /path/to/ciln-workspace/journal_edition/robustness_transfer/results_v3/erm/gu_medium__seed2.json: best 79.09% @ ep 99
[22:17:37] gpu 1: gu_high seed 0 -> ../logs/erm_v3/gu_high__seed0.log
/path/to/ciln-workspace/venv/lib/python3.12/site-packages/torchvision/datasets/cifar.py:83: VisibleDeprecationWarning: dtype(): align should be passed as Python or NumPy boolean but got `align=0`. Did you mean to pass a tuple to create a subarray type? (Deprecated NumPy 2.4)
  entry = pickle.load(f, encoding="latin1")
condition=gu_high seed=0 gpu=1
  ep   0: loss=1.9713  test_acc=29.33%  (best 29.33 @ ep 0)  [4.2s]
  ep   1: loss=1.7693  test_acc=39.11%  (best 39.11 @ ep 1)  [3.2s]
  ep   2: loss=1.6453  test_acc=40.63%  (best 40.63 @ ep 2)  [3.3s]
  ep   3: loss=1.5700  test_acc=42.15%  (best 42.15 @ ep 3)  [3.5s]
  ep   4: loss=1.5140  test_acc=42.70%  (best 42.70 @ ep 4)  [3.2s]
  ep   5: loss=1.4635  test_acc=50.50%  (best 50.50 @ ep 5)  [3.4s]
  ep   6: loss=1.4277  test_acc=50.88%  (best 50.88 @ ep 6)  [3.3s]
  ep   7: loss=1.4011  test_acc=52.68%  (best 52.68 @ ep 7)  [3.4s]
  ep   8: loss=1.3794  test_acc=53.81%  (best 53.81 @ ep 8)  [3.2s]
  ep   9: loss=1.3622  test_acc=49.79%  (best 53.81 @ ep 8)  [4.8s]
  ep  10: loss=1.3581  test_acc=54.47%  (best 54.47 @ ep 10)  [7.1s]
  ep  11: loss=1.3388  test_acc=47.69%  (best 54.47 @ ep 10)  [6.9s]
  ep  12: loss=1.3344  test_acc=52.79%  (best 54.47 @ ep 10)  [3.3s]
  ep  13: loss=1.3194  test_acc=55.07%  (best 55.07 @ ep 13)  [3.4s]
  ep  14: loss=1.3159  test_acc=58.36%  (best 58.36 @ ep 14)  [3.3s]
  ep  15: loss=1.3074  test_acc=54.43%  (best 58.36 @ ep 14)  [3.6s]
  ep  16: loss=1.3129  test_acc=58.96%  (best 58.96 @ ep 16)  [3.4s]
  ep  17: loss=1.3038  test_acc=55.84%  (best 58.96 @ ep 16)  [3.3s]
  ep  18: loss=1.2883  test_acc=54.98%  (best 58.96 @ ep 16)  [3.7s]
  ep  19: loss=1.2823  test_acc=54.77%  (best 58.96 @ ep 16)  [3.5s]
  ep  20: loss=1.2817  test_acc=58.63%  (best 58.96 @ ep 16)  [3.4s]
  ep  21: loss=1.2757  test_acc=59.66%  (best 59.66 @ ep 21)  [3.3s]
  ep  22: loss=1.2815  test_acc=48.90%  (best 59.66 @ ep 21)  [3.4s]
  ep  23: loss=1.2701  test_acc=53.03%  (best 59.66 @ ep 21)  [3.5s]
  ep  24: loss=1.2720  test_acc=55.74%  (best 59.66 @ ep 21)  [3.6s]
  ep  25: loss=1.2592  test_acc=59.13%  (best 59.66 @ ep 21)  [3.3s]
  ep  26: loss=1.2627  test_acc=57.12%  (best 59.66 @ ep 21)  [3.3s]
  ep  27: loss=1.2596  test_acc=59.80%  (best 59.80 @ ep 27)  [3.4s]
  ep  28: loss=1.2523  test_acc=57.14%  (best 59.80 @ ep 27)  [3.5s]
  ep  29: loss=1.2572  test_acc=57.84%  (best 59.80 @ ep 27)  [3.2s]
  ep  30: loss=1.2485  test_acc=54.37%  (best 59.80 @ ep 27)  [8.0s]
  ep  31: loss=1.2415  test_acc=59.14%  (best 59.80 @ ep 27)  [7.4s]
  ep  32: loss=1.2296  test_acc=58.80%  (best 59.80 @ ep 27)  [3.3s]
  ep  33: loss=1.2402  test_acc=57.80%  (best 59.80 @ ep 27)  [3.7s]
  ep  34: loss=1.2207  test_acc=59.92%  (best 59.92 @ ep 34)  [3.5s]
  ep  35: loss=1.2283  test_acc=58.61%  (best 59.92 @ ep 34)  [3.5s]
  ep  36: loss=1.2201  test_acc=57.08%  (best 59.92 @ ep 34)  [3.4s]
  ep  37: loss=1.2139  test_acc=58.35%  (best 59.92 @ ep 34)  [3.4s]
  ep  38: loss=1.2158  test_acc=57.18%  (best 59.92 @ ep 34)  [3.7s]
  ep  39: loss=1.2098  test_acc=56.83%  (best 59.92 @ ep 34)  [3.4s]
  ep  40: loss=1.2089  test_acc=55.90%  (best 59.92 @ ep 34)  [3.7s]
  ep  41: loss=1.1949  test_acc=57.99%  (best 59.92 @ ep 34)  [3.4s]
  ep  42: loss=1.1954  test_acc=57.82%  (best 59.92 @ ep 34)  [3.5s]
  ep  43: loss=1.1951  test_acc=57.43%  (best 59.92 @ ep 34)  [3.4s]
  ep  44: loss=1.1919  test_acc=59.72%  (best 59.92 @ ep 34)  [3.4s]
  ep  45: loss=1.1753  test_acc=59.97%  (best 59.97 @ ep 45)  [3.6s]
  ep  46: loss=1.1756  test_acc=59.38%  (best 59.97 @ ep 45)  [3.7s]
  ep  47: loss=1.1740  test_acc=61.03%  (best 61.03 @ ep 47)  [3.3s]
  ep  48: loss=1.1671  test_acc=63.25%  (best 63.25 @ ep 48)  [3.4s]
  ep  49: loss=1.1593  test_acc=59.28%  (best 63.25 @ ep 48)  [3.3s]
  ep  50: loss=1.1613  test_acc=58.42%  (best 63.25 @ ep 48)  [6.8s]
  ep  51: loss=1.1496  test_acc=58.03%  (best 63.25 @ ep 48)  [3.4s]
  ep  52: loss=1.1475  test_acc=59.57%  (best 63.25 @ ep 48)  [3.6s]
  ep  53: loss=1.1409  test_acc=60.41%  (best 63.25 @ ep 48)  [3.2s]
  ep  54: loss=1.1252  test_acc=60.58%  (best 63.25 @ ep 48)  [3.4s]
  ep  55: loss=1.1248  test_acc=62.51%  (best 63.25 @ ep 48)  [3.5s]
  ep  56: loss=1.1204  test_acc=62.38%  (best 63.25 @ ep 48)  [3.6s]
  ep  57: loss=1.1136  test_acc=60.25%  (best 63.25 @ ep 48)  [3.3s]
  ep  58: loss=1.1094  test_acc=60.29%  (best 63.25 @ ep 48)  [3.4s]
  ep  59: loss=1.0898  test_acc=59.54%  (best 63.25 @ ep 48)  [3.7s]
  ep  60: loss=1.0986  test_acc=63.18%  (best 63.25 @ ep 48)  [3.4s]
  ep  61: loss=1.0792  test_acc=56.46%  (best 63.25 @ ep 48)  [3.4s]
  ep  62: loss=1.0746  test_acc=59.26%  (best 63.25 @ ep 48)  [3.3s]
  ep  63: loss=1.0607  test_acc=60.12%  (best 63.25 @ ep 48)  [3.7s]
  ep  64: loss=1.0573  test_acc=61.92%  (best 63.25 @ ep 48)  [3.5s]
  ep  65: loss=1.0501  test_acc=60.75%  (best 63.25 @ ep 48)  [3.6s]
  ep  66: loss=1.0414  test_acc=60.01%  (best 63.25 @ ep 48)  [3.4s]
  ep  67: loss=1.0315  test_acc=62.58%  (best 63.25 @ ep 48)  [3.3s]
  ep  68: loss=1.0214  test_acc=61.00%  (best 63.25 @ ep 48)  [3.4s]
  ep  69: loss=1.0077  test_acc=60.94%  (best 63.25 @ ep 48)  [5.9s]
  ep  70: loss=1.0004  test_acc=60.84%  (best 63.25 @ ep 48)  [10.1s]
  ep  71: loss=0.9889  test_acc=62.41%  (best 63.25 @ ep 48)  [7.4s]
  ep  72: loss=0.9824  test_acc=58.71%  (best 63.25 @ ep 48)  [7.0s]
  ep  73: loss=0.9641  test_acc=60.77%  (best 63.25 @ ep 48)  [3.2s]
  ep  74: loss=0.9554  test_acc=59.63%  (best 63.25 @ ep 48)  [3.3s]
  ep  75: loss=0.9364  test_acc=59.96%  (best 63.25 @ ep 48)  [3.4s]
  ep  76: loss=0.9306  test_acc=62.81%  (best 63.25 @ ep 48)  [3.4s]
  ep  77: loss=0.9106  test_acc=59.09%  (best 63.25 @ ep 48)  [3.3s]
  ep  78: loss=0.8971  test_acc=60.99%  (best 63.25 @ ep 48)  [3.6s]
  ep  79: loss=0.8871  test_acc=59.48%  (best 63.25 @ ep 48)  [3.5s]
  ep  80: loss=0.8654  test_acc=59.51%  (best 63.25 @ ep 48)  [3.5s]
  ep  81: loss=0.8459  test_acc=60.89%  (best 63.25 @ ep 48)  [3.3s]
  ep  82: loss=0.8250  test_acc=61.69%  (best 63.25 @ ep 48)  [3.4s]
  ep  83: loss=0.8130  test_acc=60.20%  (best 63.25 @ ep 48)  [3.7s]
  ep  84: loss=0.7974  test_acc=60.60%  (best 63.25 @ ep 48)  [3.3s]
  ep  85: loss=0.7810  test_acc=58.50%  (best 63.25 @ ep 48)  [3.3s]
  ep  86: loss=0.7655  test_acc=60.01%  (best 63.25 @ ep 48)  [3.4s]
  ep  87: loss=0.7406  test_acc=59.54%  (best 63.25 @ ep 48)  [3.3s]
  ep  88: loss=0.7173  test_acc=59.00%  (best 63.25 @ ep 48)  [3.4s]
  ep  89: loss=0.7042  test_acc=59.57%  (best 63.25 @ ep 48)  [3.4s]
  ep  90: loss=0.6920  test_acc=59.13%  (best 63.25 @ ep 48)  [3.7s]
  ep  91: loss=0.6776  test_acc=58.60%  (best 63.25 @ ep 48)  [7.6s]
  ep  92: loss=0.6593  test_acc=59.18%  (best 63.25 @ ep 48)  [7.4s]
  ep  93: loss=0.6455  test_acc=59.57%  (best 63.25 @ ep 48)  [9.0s]
  ep  94: loss=0.6366  test_acc=58.79%  (best 63.25 @ ep 48)  [5.7s]
  ep  95: loss=0.6250  test_acc=58.63%  (best 63.25 @ ep 48)  [3.5s]
  ep  96: loss=0.6195  test_acc=58.32%  (best 63.25 @ ep 48)  [3.2s]
  ep  97: loss=0.6073  test_acc=58.27%  (best 63.25 @ ep 48)  [3.3s]
  ep  98: loss=0.6061  test_acc=58.65%  (best 63.25 @ ep 48)  [3.5s]
  ep  99: loss=0.6085  test_acc=58.40%  (best 63.25 @ ep 48)  [3.4s]

saved /path/to/ciln-workspace/journal_edition/robustness_transfer/results_v3/erm/gu_high__seed0.json: best 63.25% @ ep 48
[22:24:21] gpu 1: gu_high seed 1 -> ../logs/erm_v3/gu_high__seed1.log
/path/to/ciln-workspace/venv/lib/python3.12/site-packages/torchvision/datasets/cifar.py:83: VisibleDeprecationWarning: dtype(): align should be passed as Python or NumPy boolean but got `align=0`. Did you mean to pass a tuple to create a subarray type? (Deprecated NumPy 2.4)
  entry = pickle.load(f, encoding="latin1")
condition=gu_high seed=1 gpu=1
  ep   0: loss=2.0299  test_acc=26.01%  (best 26.01 @ ep 0)  [4.2s]
  ep   1: loss=1.8231  test_acc=36.44%  (best 36.44 @ ep 1)  [3.5s]
  ep   2: loss=1.6864  test_acc=42.34%  (best 42.34 @ ep 2)  [3.3s]
  ep   3: loss=1.5877  test_acc=38.63%  (best 42.34 @ ep 2)  [3.2s]
  ep   4: loss=1.5244  test_acc=48.38%  (best 48.38 @ ep 4)  [3.3s]
  ep   5: loss=1.4680  test_acc=48.56%  (best 48.56 @ ep 5)  [3.4s]
  ep   6: loss=1.4223  test_acc=51.09%  (best 51.09 @ ep 6)  [3.3s]
  ep   7: loss=1.3952  test_acc=48.93%  (best 51.09 @ ep 6)  [3.2s]
  ep   8: loss=1.3899  test_acc=55.20%  (best 55.20 @ ep 8)  [3.7s]
  ep   9: loss=1.3521  test_acc=52.75%  (best 55.20 @ ep 8)  [3.7s]
  ep  10: loss=1.3365  test_acc=56.28%  (best 56.28 @ ep 10)  [8.8s]
  ep  11: loss=1.3382  test_acc=55.14%  (best 56.28 @ ep 10)  [7.4s]
  ep  12: loss=1.3216  test_acc=59.70%  (best 59.70 @ ep 12)  [7.9s]
  ep  13: loss=1.3167  test_acc=58.01%  (best 59.70 @ ep 12)  [6.1s]
  ep  14: loss=1.3084  test_acc=56.32%  (best 59.70 @ ep 12)  [3.3s]
  ep  15: loss=1.3024  test_acc=54.48%  (best 59.70 @ ep 12)  [3.5s]
  ep  16: loss=1.3007  test_acc=56.95%  (best 59.70 @ ep 12)  [3.3s]
  ep  17: loss=1.3019  test_acc=57.74%  (best 59.70 @ ep 12)  [3.5s]
  ep  18: loss=1.2861  test_acc=53.26%  (best 59.70 @ ep 12)  [3.6s]
  ep  19: loss=1.2859  test_acc=58.62%  (best 59.70 @ ep 12)  [3.5s]
  ep  20: loss=1.2902  test_acc=55.13%  (best 59.70 @ ep 12)  [3.6s]
  ep  21: loss=1.2763  test_acc=55.09%  (best 59.70 @ ep 12)  [3.6s]
  ep  22: loss=1.2621  test_acc=49.74%  (best 59.70 @ ep 12)  [3.3s]
  ep  23: loss=1.2632  test_acc=58.99%  (best 59.70 @ ep 12)  [3.4s]
  ep  24: loss=1.2535  test_acc=58.35%  (best 59.70 @ ep 12)  [3.4s]
  ep  25: loss=1.2673  test_acc=56.17%  (best 59.70 @ ep 12)  [3.5s]
  ep  26: loss=1.2572  test_acc=55.94%  (best 59.70 @ ep 12)  [3.5s]
  ep  27: loss=1.2519  test_acc=50.22%  (best 59.70 @ ep 12)  [3.3s]
  ep  28: loss=1.2405  test_acc=54.13%  (best 59.70 @ ep 12)  [3.4s]
  ep  29: loss=1.2423  test_acc=55.15%  (best 59.70 @ ep 12)  [3.3s]
  ep  30: loss=1.2384  test_acc=54.30%  (best 59.70 @ ep 12)  [3.4s]
  ep  31: loss=1.2295  test_acc=56.04%  (best 59.70 @ ep 12)  [3.5s]
  ep  32: loss=1.2356  test_acc=61.24%  (best 61.24 @ ep 32)  [3.6s]
  ep  33: loss=1.2243  test_acc=63.08%  (best 63.08 @ ep 33)  [3.4s]
  ep  34: loss=1.2190  test_acc=58.99%  (best 63.08 @ ep 33)  [3.4s]
  ep  35: loss=1.2192  test_acc=56.65%  (best 63.08 @ ep 33)  [3.3s]
  ep  36: loss=1.2176  test_acc=61.12%  (best 63.08 @ ep 33)  [3.2s]
  ep  37: loss=1.2100  test_acc=60.00%  (best 63.08 @ ep 33)  [3.5s]
  ep  38: loss=1.2030  test_acc=60.75%  (best 63.08 @ ep 33)  [3.7s]
  ep  39: loss=1.1964  test_acc=59.82%  (best 63.08 @ ep 33)  [3.3s]
  ep  40: loss=1.1983  test_acc=56.79%  (best 63.08 @ ep 33)  [3.3s]
  ep  41: loss=1.1877  test_acc=59.45%  (best 63.08 @ ep 33)  [3.3s]
  ep  42: loss=1.1885  test_acc=60.79%  (best 63.08 @ ep 33)  [3.5s]
  ep  43: loss=1.1829  test_acc=59.89%  (best 63.08 @ ep 33)  [3.5s]
  ep  44: loss=1.1767  test_acc=59.35%  (best 63.08 @ ep 33)  [3.4s]
  ep  45: loss=1.1685  test_acc=60.65%  (best 63.08 @ ep 33)  [3.4s]
  ep  46: loss=1.1666  test_acc=61.80%  (best 63.08 @ ep 33)  [3.4s]
  ep  47: loss=1.1608  test_acc=61.70%  (best 63.08 @ ep 33)  [3.4s]
  ep  48: loss=1.1517  test_acc=51.01%  (best 63.08 @ ep 33)  [3.6s]
  ep  49: loss=1.1440  test_acc=60.31%  (best 63.08 @ ep 33)  [8.9s]
  ep  50: loss=1.1368  test_acc=59.14%  (best 63.08 @ ep 33)  [7.4s]
  ep  51: loss=1.1336  test_acc=60.07%  (best 63.08 @ ep 33)  [9.2s]
  ep  52: loss=1.1304  test_acc=63.26%  (best 63.26 @ ep 52)  [5.7s]
  ep  53: loss=1.1232  test_acc=61.13%  (best 63.26 @ ep 52)  [3.5s]
  ep  54: loss=1.1169  test_acc=58.50%  (best 63.26 @ ep 52)  [3.3s]
  ep  55: loss=1.1108  test_acc=57.05%  (best 63.26 @ ep 52)  [3.5s]
  ep  56: loss=1.0978  test_acc=60.40%  (best 63.26 @ ep 52)  [3.5s]
  ep  57: loss=1.0903  test_acc=64.55%  (best 64.55 @ ep 57)  [3.3s]
  ep  58: loss=1.0853  test_acc=61.03%  (best 64.55 @ ep 57)  [3.4s]
  ep  59: loss=1.0828  test_acc=60.07%  (best 64.55 @ ep 57)  [3.6s]
  ep  60: loss=1.0677  test_acc=58.76%  (best 64.55 @ ep 57)  [3.3s]
  ep  61: loss=1.0632  test_acc=60.70%  (best 64.55 @ ep 57)  [3.3s]
  ep  62: loss=1.0500  test_acc=59.63%  (best 64.55 @ ep 57)  [3.5s]
  ep  63: loss=1.0469  test_acc=60.12%  (best 64.55 @ ep 57)  [3.3s]
  ep  64: loss=1.0314  test_acc=62.38%  (best 64.55 @ ep 57)  [3.6s]
  ep  65: loss=1.0224  test_acc=60.02%  (best 64.55 @ ep 57)  [3.5s]
  ep  66: loss=1.0088  test_acc=59.37%  (best 64.55 @ ep 57)  [3.7s]
  ep  67: loss=1.0039  test_acc=60.02%  (best 64.55 @ ep 57)  [3.6s]
  ep  68: loss=0.9898  test_acc=57.96%  (best 64.55 @ ep 57)  [3.6s]
  ep  69: loss=0.9757  test_acc=60.18%  (best 64.55 @ ep 57)  [3.4s]
  ep  70: loss=0.9754  test_acc=59.09%  (best 64.55 @ ep 57)  [7.9s]
  ep  71: loss=0.9500  test_acc=60.09%  (best 64.55 @ ep 57)  [8.9s]
  ep  72: loss=0.9428  test_acc=60.89%  (best 64.55 @ ep 57)  [7.3s]
  ep  73: loss=0.9278  test_acc=60.52%  (best 64.55 @ ep 57)  [6.6s]
  ep  74: loss=0.9016  test_acc=60.74%  (best 64.55 @ ep 57)  [3.5s]
  ep  75: loss=0.8948  test_acc=60.93%  (best 64.55 @ ep 57)  [3.3s]
  ep  76: loss=0.8796  test_acc=59.38%  (best 64.55 @ ep 57)  [3.3s]
  ep  77: loss=0.8529  test_acc=57.43%  (best 64.55 @ ep 57)  [3.3s]
  ep  78: loss=0.8412  test_acc=60.15%  (best 64.55 @ ep 57)  [3.2s]
  ep  79: loss=0.8258  test_acc=57.35%  (best 64.55 @ ep 57)  [3.4s]
  ep  80: loss=0.8030  test_acc=57.39%  (best 64.55 @ ep 57)  [3.4s]
  ep  81: loss=0.7822  test_acc=58.00%  (best 64.55 @ ep 57)  [3.4s]
  ep  82: loss=0.7704  test_acc=58.71%  (best 64.55 @ ep 57)  [3.2s]
  ep  83: loss=0.7511  test_acc=60.36%  (best 64.55 @ ep 57)  [3.6s]
  ep  84: loss=0.7185  test_acc=59.00%  (best 64.55 @ ep 57)  [3.5s]
  ep  85: loss=0.7082  test_acc=59.06%  (best 64.55 @ ep 57)  [3.4s]
  ep  86: loss=0.6774  test_acc=58.52%  (best 64.55 @ ep 57)  [3.3s]
  ep  87: loss=0.6548  test_acc=57.67%  (best 64.55 @ ep 57)  [3.2s]
  ep  88: loss=0.6371  test_acc=55.76%  (best 64.55 @ ep 57)  [3.4s]
  ep  89: loss=0.6202  test_acc=56.64%  (best 64.55 @ ep 57)  [3.6s]
  ep  90: loss=0.6062  test_acc=57.35%  (best 64.55 @ ep 57)  [3.3s]
  ep  91: loss=0.5823  test_acc=57.38%  (best 64.55 @ ep 57)  [5.6s]
  ep  92: loss=0.5688  test_acc=58.10%  (best 64.55 @ ep 57)  [7.5s]
  ep  93: loss=0.5606  test_acc=57.41%  (best 64.55 @ ep 57)  [7.3s]
  ep  94: loss=0.5450  test_acc=56.93%  (best 64.55 @ ep 57)  [7.6s]
  ep  95: loss=0.5329  test_acc=56.24%  (best 64.55 @ ep 57)  [6.2s]
  ep  96: loss=0.5254  test_acc=56.56%  (best 64.55 @ ep 57)  [3.4s]
  ep  97: loss=0.5211  test_acc=56.37%  (best 64.55 @ ep 57)  [3.5s]
  ep  98: loss=0.5169  test_acc=56.65%  (best 64.55 @ ep 57)  [3.4s]
  ep  99: loss=0.5163  test_acc=56.68%  (best 64.55 @ ep 57)  [3.3s]

saved /path/to/ciln-workspace/journal_edition/robustness_transfer/results_v3/erm/gu_high__seed1.json: best 64.55% @ ep 57
[22:31:22] gpu 1: gu_high seed 2 -> ../logs/erm_v3/gu_high__seed2.log
/path/to/ciln-workspace/venv/lib/python3.12/site-packages/torchvision/datasets/cifar.py:83: VisibleDeprecationWarning: dtype(): align should be passed as Python or NumPy boolean but got `align=0`. Did you mean to pass a tuple to create a subarray type? (Deprecated NumPy 2.4)
  entry = pickle.load(f, encoding="latin1")
condition=gu_high seed=2 gpu=1
  ep   0: loss=1.9812  test_acc=28.23%  (best 28.23 @ ep 0)  [4.3s]
  ep   1: loss=1.7478  test_acc=39.65%  (best 39.65 @ ep 1)  [3.5s]
  ep   2: loss=1.6061  test_acc=43.00%  (best 43.00 @ ep 2)  [3.6s]
  ep   3: loss=1.5043  test_acc=50.80%  (best 50.80 @ ep 3)  [3.4s]
  ep   4: loss=1.4527  test_acc=45.10%  (best 50.80 @ ep 3)  [3.4s]
  ep   5: loss=1.4179  test_acc=51.51%  (best 51.51 @ ep 5)  [3.5s]
  ep   6: loss=1.3888  test_acc=54.02%  (best 54.02 @ ep 6)  [3.3s]
  ep   7: loss=1.3764  test_acc=53.09%  (best 54.02 @ ep 6)  [3.5s]
  ep   8: loss=1.3584  test_acc=49.72%  (best 54.02 @ ep 6)  [3.5s]
  ep   9: loss=1.3364  test_acc=52.81%  (best 54.02 @ ep 6)  [3.5s]
  ep  10: loss=1.3259  test_acc=57.09%  (best 57.09 @ ep 10)  [3.3s]
  ep  11: loss=1.3171  test_acc=50.96%  (best 57.09 @ ep 10)  [6.6s]
  ep  12: loss=1.3149  test_acc=53.68%  (best 57.09 @ ep 10)  [7.5s]
  ep  13: loss=1.3081  test_acc=58.76%  (best 58.76 @ ep 13)  [7.6s]
  ep  14: loss=1.3040  test_acc=55.22%  (best 58.76 @ ep 13)  [7.5s]
  ep  15: loss=1.2907  test_acc=52.43%  (best 58.76 @ ep 13)  [5.1s]
  ep  16: loss=1.2888  test_acc=57.40%  (best 58.76 @ ep 13)  [3.5s]
  ep  17: loss=1.2843  test_acc=55.57%  (best 58.76 @ ep 13)  [3.4s]
  ep  18: loss=1.2780  test_acc=55.57%  (best 58.76 @ ep 13)  [3.3s]
  ep  19: loss=1.2810  test_acc=58.32%  (best 58.76 @ ep 13)  [3.2s]
  ep  20: loss=1.2836  test_acc=51.48%  (best 58.76 @ ep 13)  [3.4s]
  ep  21: loss=1.2622  test_acc=54.03%  (best 58.76 @ ep 13)  [3.4s]
  ep  22: loss=1.2589  test_acc=56.39%  (best 58.76 @ ep 13)  [3.3s]
  ep  23: loss=1.2586  test_acc=57.55%  (best 58.76 @ ep 13)  [3.3s]
  ep  24: loss=1.2658  test_acc=53.60%  (best 58.76 @ ep 13)  [3.4s]
  ep  25: loss=1.2509  test_acc=57.03%  (best 58.76 @ ep 13)  [3.6s]
  ep  26: loss=1.2495  test_acc=55.42%  (best 58.76 @ ep 13)  [3.5s]
  ep  27: loss=1.2412  test_acc=55.39%  (best 58.76 @ ep 13)  [3.4s]
  ep  28: loss=1.2388  test_acc=54.87%  (best 58.76 @ ep 13)  [3.3s]
  ep  29: loss=1.2382  test_acc=58.82%  (best 58.82 @ ep 29)  [3.4s]
  ep  30: loss=1.2288  test_acc=60.29%  (best 60.29 @ ep 30)  [3.5s]
  ep  31: loss=1.2315  test_acc=59.57%  (best 60.29 @ ep 30)  [3.5s]
  ep  32: loss=1.2192  test_acc=61.00%  (best 61.00 @ ep 32)  [3.4s]
  ep  33: loss=1.2150  test_acc=60.06%  (best 61.00 @ ep 32)  [3.4s]
  ep  34: loss=1.2129  test_acc=61.29%  (best 61.29 @ ep 34)  [7.6s]
  ep  35: loss=1.2203  test_acc=56.36%  (best 61.29 @ ep 34)  [9.2s]
  ep  36: loss=1.2112  test_acc=58.31%  (best 61.29 @ ep 34)  [7.2s]
  ep  37: loss=1.2003  test_acc=58.35%  (best 61.29 @ ep 34)  [7.8s]
  ep  38: loss=1.1944  test_acc=62.28%  (best 62.28 @ ep 38)  [3.6s]
  ep  39: loss=1.1921  test_acc=59.89%  (best 62.28 @ ep 38)  [3.3s]
  ep  40: loss=1.1869  test_acc=61.06%  (best 62.28 @ ep 38)  [3.2s]
  ep  41: loss=1.1813  test_acc=58.81%  (best 62.28 @ ep 38)  [3.3s]
  ep  42: loss=1.1764  test_acc=60.61%  (best 62.28 @ ep 38)  [3.4s]
  ep  43: loss=1.1730  test_acc=53.97%  (best 62.28 @ ep 38)  [3.7s]
  ep  44: loss=1.1667  test_acc=53.71%  (best 62.28 @ ep 38)  [3.6s]
  ep  45: loss=1.1628  test_acc=59.85%  (best 62.28 @ ep 38)  [3.3s]
  ep  46: loss=1.1584  test_acc=58.61%  (best 62.28 @ ep 38)  [3.7s]
  ep  47: loss=1.1514  test_acc=59.61%  (best 62.28 @ ep 38)  [3.4s]
  ep  48: loss=1.1449  test_acc=61.28%  (best 62.28 @ ep 38)  [3.5s]
  ep  49: loss=1.1427  test_acc=63.31%  (best 63.31 @ ep 49)  [3.4s]
  ep  50: loss=1.1300  test_acc=59.31%  (best 63.31 @ ep 49)  [3.3s]
  ep  51: loss=1.1307  test_acc=63.80%  (best 63.80 @ ep 51)  [3.4s]
  ep  52: loss=1.1184  test_acc=58.19%  (best 63.80 @ ep 51)  [3.4s]
  ep  53: loss=1.1115  test_acc=58.37%  (best 63.80 @ ep 51)  [3.3s]
  ep  54: loss=1.1029  test_acc=56.60%  (best 63.80 @ ep 51)  [3.3s]
  ep  55: loss=1.1010  test_acc=63.66%  (best 63.80 @ ep 51)  [3.4s]
  ep  56: loss=1.0892  test_acc=60.96%  (best 63.80 @ ep 51)  [8.2s]
  ep  57: loss=1.0836  test_acc=59.60%  (best 63.80 @ ep 51)  [3.5s]
  ep  58: loss=1.0827  test_acc=59.19%  (best 63.80 @ ep 51)  [3.4s]
  ep  59: loss=1.0614  test_acc=56.78%  (best 63.80 @ ep 51)  [3.2s]
  ep  60: loss=1.0574  test_acc=55.17%  (best 63.80 @ ep 51)  [3.3s]
  ep  61: loss=1.0504  test_acc=60.70%  (best 63.80 @ ep 51)  [3.3s]
  ep  62: loss=1.0395  test_acc=58.22%  (best 63.80 @ ep 51)  [3.4s]
  ep  63: loss=1.0291  test_acc=58.64%  (best 63.80 @ ep 51)  [3.5s]
  ep  64: loss=1.0259  test_acc=61.28%  (best 63.80 @ ep 51)  [3.3s]
  ep  65: loss=1.0072  test_acc=58.52%  (best 63.80 @ ep 51)  [3.4s]
  ep  66: loss=0.9985  test_acc=61.20%  (best 63.80 @ ep 51)  [3.7s]
  ep  67: loss=0.9962  test_acc=60.65%  (best 63.80 @ ep 51)  [3.4s]
  ep  68: loss=0.9782  test_acc=59.08%  (best 63.80 @ ep 51)  [3.4s]
  ep  69: loss=0.9616  test_acc=58.95%  (best 63.80 @ ep 51)  [3.5s]
  ep  70: loss=0.9510  test_acc=58.65%  (best 63.80 @ ep 51)  [3.3s]
  ep  71: loss=0.9444  test_acc=60.87%  (best 63.80 @ ep 51)  [3.3s]
  ep  72: loss=0.9220  test_acc=60.85%  (best 63.80 @ ep 51)  [3.5s]
  ep  73: loss=0.9123  test_acc=60.73%  (best 63.80 @ ep 51)  [3.3s]
  ep  74: loss=0.8989  test_acc=61.19%  (best 63.80 @ ep 51)  [3.4s]
  ep  75: loss=0.8805  test_acc=60.80%  (best 63.80 @ ep 51)  [5.9s]
  ep  76: loss=0.8631  test_acc=61.05%  (best 63.80 @ ep 51)  [8.7s]
  ep  77: loss=0.8401  test_acc=57.39%  (best 63.80 @ ep 51)  [7.2s]
  ep  78: loss=0.8269  test_acc=58.97%  (best 63.80 @ ep 51)  [8.1s]
  ep  79: loss=0.8093  test_acc=57.94%  (best 63.80 @ ep 51)  [5.3s]
  ep  80: loss=0.7795  test_acc=57.88%  (best 63.80 @ ep 51)  [3.4s]
  ep  81: loss=0.7625  test_acc=60.31%  (best 63.80 @ ep 51)  [3.5s]
  ep  82: loss=0.7455  test_acc=57.18%  (best 63.80 @ ep 51)  [3.6s]
  ep  83: loss=0.7307  test_acc=59.43%  (best 63.80 @ ep 51)  [3.6s]
  ep  84: loss=0.7046  test_acc=57.28%  (best 63.80 @ ep 51)  [3.6s]
  ep  85: loss=0.6844  test_acc=58.01%  (best 63.80 @ ep 51)  [3.4s]
  ep  86: loss=0.6681  test_acc=58.36%  (best 63.80 @ ep 51)  [3.5s]
  ep  87: loss=0.6372  test_acc=56.36%  (best 63.80 @ ep 51)  [3.4s]
  ep  88: loss=0.6295  test_acc=58.37%  (best 63.80 @ ep 51)  [3.3s]
  ep  89: loss=0.6021  test_acc=58.26%  (best 63.80 @ ep 51)  [3.6s]
  ep  90: loss=0.5894  test_acc=57.14%  (best 63.80 @ ep 51)  [3.2s]
  ep  91: loss=0.5660  test_acc=57.73%  (best 63.80 @ ep 51)  [3.3s]
  ep  92: loss=0.5597  test_acc=57.60%  (best 63.80 @ ep 51)  [3.6s]
  ep  93: loss=0.5388  test_acc=57.52%  (best 63.80 @ ep 51)  [3.4s]
  ep  94: loss=0.5286  test_acc=57.67%  (best 63.80 @ ep 51)  [3.5s]
  ep  95: loss=0.5215  test_acc=57.87%  (best 63.80 @ ep 51)  [3.3s]
  ep  96: loss=0.5101  test_acc=56.93%  (best 63.80 @ ep 51)  [3.5s]
  ep  97: loss=0.5065  test_acc=56.98%  (best 63.80 @ ep 51)  [5.4s]
  ep  98: loss=0.5050  test_acc=57.62%  (best 63.80 @ ep 51)  [8.4s]
  ep  99: loss=0.5038  test_acc=56.45%  (best 63.80 @ ep 51)  [7.3s]

saved /path/to/ciln-workspace/journal_edition/robustness_transfer/results_v3/erm/gu_high__seed2.json: best 63.80% @ ep 51
[22:38:22] gpu 1: ours__elastic_transform_sev3 seed 0 -> ../logs/erm_v3/ours__elastic_transform_sev3__seed0.log
/path/to/ciln-workspace/venv/lib/python3.12/site-packages/torchvision/datasets/cifar.py:83: VisibleDeprecationWarning: dtype(): align should be passed as Python or NumPy boolean but got `align=0`. Did you mean to pass a tuple to create a subarray type? (Deprecated NumPy 2.4)
  entry = pickle.load(f, encoding="latin1")
condition=ours__elastic_transform_sev3 seed=0 gpu=1
  ep   0: loss=1.7493  test_acc=25.00%  (best 25.00 @ ep 0)  [3.2s]
  ep   1: loss=1.4649  test_acc=23.84%  (best 25.00 @ ep 0)  [2.3s]
  ep   2: loss=1.4772  test_acc=35.10%  (best 35.10 @ ep 2)  [2.4s]
  ep   3: loss=1.2161  test_acc=28.51%  (best 35.10 @ ep 2)  [2.3s]
  ep   4: loss=1.1486  test_acc=38.60%  (best 38.60 @ ep 4)  [2.5s]
  ep   5: loss=1.0397  test_acc=45.71%  (best 45.71 @ ep 5)  [2.4s]
  ep   6: loss=0.9210  test_acc=50.47%  (best 50.47 @ ep 6)  [2.3s]
  ep   7: loss=0.8516  test_acc=47.82%  (best 50.47 @ ep 6)  [2.5s]
  ep   8: loss=0.8677  test_acc=50.23%  (best 50.47 @ ep 6)  [2.3s]
  ep   9: loss=0.8237  test_acc=46.57%  (best 50.47 @ ep 6)  [2.4s]
  ep  10: loss=0.7931  test_acc=56.36%  (best 56.36 @ ep 10)  [2.5s]
  ep  11: loss=0.7704  test_acc=52.28%  (best 56.36 @ ep 10)  [2.3s]
  ep  12: loss=0.7658  test_acc=43.75%  (best 56.36 @ ep 10)  [2.3s]
  ep  13: loss=0.7568  test_acc=52.60%  (best 56.36 @ ep 10)  [2.4s]
  ep  14: loss=0.6822  test_acc=54.43%  (best 56.36 @ ep 10)  [2.4s]
  ep  15: loss=0.8215  test_acc=56.64%  (best 56.64 @ ep 15)  [2.4s]
  ep  16: loss=0.7016  test_acc=60.26%  (best 60.26 @ ep 16)  [2.3s]
  ep  17: loss=0.6952  test_acc=58.80%  (best 60.26 @ ep 16)  [2.3s]
  ep  18: loss=0.6672  test_acc=57.03%  (best 60.26 @ ep 16)  [2.4s]
  ep  19: loss=0.6881  test_acc=65.33%  (best 65.33 @ ep 19)  [2.4s]
  ep  20: loss=0.6392  test_acc=63.41%  (best 65.33 @ ep 19)  [2.4s]
  ep  21: loss=0.6186  test_acc=60.93%  (best 65.33 @ ep 19)  [2.5s]
  ep  22: loss=0.6133  test_acc=51.46%  (best 65.33 @ ep 19)  [2.5s]
  ep  23: loss=0.6212  test_acc=41.43%  (best 65.33 @ ep 19)  [3.6s]
  ep  24: loss=0.6953  test_acc=61.14%  (best 65.33 @ ep 19)  [8.1s]
  ep  25: loss=0.6130  test_acc=60.70%  (best 65.33 @ ep 19)  [2.4s]
  ep  26: loss=0.6237  test_acc=51.16%  (best 65.33 @ ep 19)  [2.4s]
  ep  27: loss=0.6804  test_acc=64.79%  (best 65.33 @ ep 19)  [2.3s]
  ep  28: loss=0.5805  test_acc=67.28%  (best 67.28 @ ep 28)  [2.4s]
  ep  29: loss=0.5658  test_acc=64.91%  (best 67.28 @ ep 28)  [2.4s]
  ep  30: loss=0.5669  test_acc=62.50%  (best 67.28 @ ep 28)  [2.3s]
  ep  31: loss=0.5532  test_acc=63.20%  (best 67.28 @ ep 28)  [2.3s]
  ep  32: loss=0.5554  test_acc=63.65%  (best 67.28 @ ep 28)  [2.4s]
  ep  33: loss=0.6137  test_acc=62.50%  (best 67.28 @ ep 28)  [2.5s]
  ep  34: loss=0.5878  test_acc=63.10%  (best 67.28 @ ep 28)  [2.4s]
  ep  35: loss=0.5256  test_acc=62.93%  (best 67.28 @ ep 28)  [2.4s]
  ep  36: loss=0.5294  test_acc=64.65%  (best 67.28 @ ep 28)  [2.3s]
  ep  37: loss=0.5194  test_acc=67.48%  (best 67.48 @ ep 37)  [2.4s]
  ep  38: loss=0.5789  test_acc=56.72%  (best 67.48 @ ep 37)  [2.3s]
  ep  39: loss=0.5381  test_acc=64.61%  (best 67.48 @ ep 37)  [2.4s]
  ep  40: loss=0.5171  test_acc=58.92%  (best 67.48 @ ep 37)  [2.3s]
  ep  41: loss=0.5377  test_acc=65.47%  (best 67.48 @ ep 37)  [2.4s]
  ep  42: loss=0.5313  test_acc=64.19%  (best 67.48 @ ep 37)  [2.3s]
  ep  43: loss=0.4847  test_acc=67.44%  (best 67.48 @ ep 37)  [2.4s]
  ep  44: loss=0.4758  test_acc=58.85%  (best 67.48 @ ep 37)  [2.3s]
  ep  45: loss=0.5064  test_acc=65.17%  (best 67.48 @ ep 37)  [2.4s]
  ep  46: loss=0.4991  test_acc=62.14%  (best 67.48 @ ep 37)  [2.4s]
  ep  47: loss=0.4731  test_acc=64.64%  (best 67.48 @ ep 37)  [2.4s]
  ep  48: loss=0.5023  test_acc=68.20%  (best 68.20 @ ep 48)  [2.5s]
  ep  49: loss=0.4488  test_acc=62.31%  (best 68.20 @ ep 48)  [2.4s]
  ep  50: loss=0.4880  test_acc=68.91%  (best 68.91 @ ep 50)  [2.6s]
  ep  51: loss=0.4305  test_acc=62.96%  (best 68.91 @ ep 50)  [3.5s]
  ep  52: loss=0.4426  test_acc=67.51%  (best 68.91 @ ep 50)  [6.2s]
  ep  53: loss=0.4224  test_acc=66.20%  (best 68.91 @ ep 50)  [5.9s]
  ep  54: loss=0.4389  test_acc=64.83%  (best 68.91 @ ep 50)  [5.6s]
  ep  55: loss=0.4212  test_acc=66.41%  (best 68.91 @ ep 50)  [5.3s]
  ep  56: loss=0.4203  test_acc=61.00%  (best 68.91 @ ep 50)  [5.7s]
  ep  57: loss=0.4439  test_acc=68.49%  (best 68.91 @ ep 50)  [4.2s]
  ep  58: loss=0.4083  test_acc=66.21%  (best 68.91 @ ep 50)  [2.5s]
  ep  59: loss=0.4329  test_acc=68.67%  (best 68.91 @ ep 50)  [2.5s]
  ep  60: loss=0.4307  test_acc=66.63%  (best 68.91 @ ep 50)  [2.5s]
  ep  61: loss=0.4217  test_acc=68.29%  (best 68.91 @ ep 50)  [2.5s]
  ep  62: loss=0.4296  test_acc=67.00%  (best 68.91 @ ep 50)  [2.4s]
  ep  63: loss=0.3832  test_acc=67.03%  (best 68.91 @ ep 50)  [2.4s]
  ep  64: loss=0.4586  test_acc=63.81%  (best 68.91 @ ep 50)  [2.3s]
  ep  65: loss=0.4605  test_acc=64.33%  (best 68.91 @ ep 50)  [2.4s]
  ep  66: loss=0.4082  test_acc=68.49%  (best 68.91 @ ep 50)  [2.5s]
  ep  67: loss=0.3687  test_acc=68.47%  (best 68.91 @ ep 50)  [2.4s]
  ep  68: loss=0.3845  test_acc=70.08%  (best 70.08 @ ep 68)  [2.4s]
  ep  69: loss=0.3389  test_acc=69.34%  (best 70.08 @ ep 68)  [2.4s]
  ep  70: loss=0.3154  test_acc=69.59%  (best 70.08 @ ep 68)  [2.4s]
  ep  71: loss=0.2944  test_acc=67.23%  (best 70.08 @ ep 68)  [2.4s]
  ep  72: loss=0.3720  test_acc=70.00%  (best 70.08 @ ep 68)  [2.4s]
  ep  73: loss=0.3506  test_acc=68.73%  (best 70.08 @ ep 68)  [2.4s]
  ep  74: loss=0.3135  test_acc=65.88%  (best 70.08 @ ep 68)  [2.5s]
  ep  75: loss=0.3734  test_acc=67.96%  (best 70.08 @ ep 68)  [2.6s]
  ep  76: loss=0.3313  test_acc=68.09%  (best 70.08 @ ep 68)  [2.4s]
  ep  77: loss=0.4194  test_acc=69.29%  (best 70.08 @ ep 68)  [2.5s]
  ep  78: loss=0.3338  test_acc=66.67%  (best 70.08 @ ep 68)  [2.3s]
  ep  79: loss=0.3523  test_acc=69.80%  (best 70.08 @ ep 68)  [2.4s]
  ep  80: loss=0.2811  test_acc=69.60%  (best 70.08 @ ep 68)  [2.5s]
  ep  81: loss=0.2728  test_acc=69.94%  (best 70.08 @ ep 68)  [2.4s]
  ep  82: loss=0.2406  test_acc=68.99%  (best 70.08 @ ep 68)  [3.9s]
  ep  83: loss=0.2547  test_acc=69.68%  (best 70.08 @ ep 68)  [4.5s]
  ep  84: loss=0.2321  test_acc=69.14%  (best 70.08 @ ep 68)  [2.5s]
  ep  85: loss=0.2398  test_acc=69.24%  (best 70.08 @ ep 68)  [2.4s]
  ep  86: loss=0.2233  test_acc=69.75%  (best 70.08 @ ep 68)  [2.5s]
  ep  87: loss=0.2062  test_acc=70.02%  (best 70.08 @ ep 68)  [2.4s]
  ep  88: loss=0.1963  test_acc=68.76%  (best 70.08 @ ep 68)  [2.4s]
  ep  89: loss=0.1929  test_acc=69.02%  (best 70.08 @ ep 68)  [2.4s]
  ep  90: loss=0.1935  test_acc=69.48%  (best 70.08 @ ep 68)  [2.4s]
  ep  91: loss=0.1897  test_acc=68.83%  (best 70.08 @ ep 68)  [2.4s]
  ep  92: loss=0.1816  test_acc=69.25%  (best 70.08 @ ep 68)  [2.3s]
  ep  93: loss=0.1749  test_acc=69.48%  (best 70.08 @ ep 68)  [2.4s]
  ep  94: loss=0.1700  test_acc=69.63%  (best 70.08 @ ep 68)  [2.5s]
  ep  95: loss=0.1675  test_acc=69.25%  (best 70.08 @ ep 68)  [2.3s]
  ep  96: loss=0.1709  test_acc=69.51%  (best 70.08 @ ep 68)  [2.5s]
  ep  97: loss=0.1665  test_acc=69.57%  (best 70.08 @ ep 68)  [2.3s]
  ep  98: loss=0.1713  test_acc=69.43%  (best 70.08 @ ep 68)  [2.3s]
  ep  99: loss=0.1700  test_acc=69.49%  (best 70.08 @ ep 68)  [2.6s]

saved /path/to/ciln-workspace/journal_edition/robustness_transfer/results_v3/erm/ours__elastic_transform_sev3__seed0.json: best 70.08% @ ep 68
[22:43:02] gpu 1: ours__elastic_transform_sev3 seed 1 -> ../logs/erm_v3/ours__elastic_transform_sev3__seed1.log
/path/to/ciln-workspace/venv/lib/python3.12/site-packages/torchvision/datasets/cifar.py:83: VisibleDeprecationWarning: dtype(): align should be passed as Python or NumPy boolean but got `align=0`. Did you mean to pass a tuple to create a subarray type? (Deprecated NumPy 2.4)
  entry = pickle.load(f, encoding="latin1")
condition=ours__elastic_transform_sev3 seed=1 gpu=1
  ep   0: loss=1.8247  test_acc=25.02%  (best 25.02 @ ep 0)  [3.2s]
  ep   1: loss=1.5044  test_acc=34.73%  (best 34.73 @ ep 1)  [2.4s]
  ep   2: loss=1.3338  test_acc=27.87%  (best 34.73 @ ep 1)  [2.3s]
  ep   3: loss=1.2350  test_acc=35.76%  (best 35.76 @ ep 3)  [2.3s]
  ep   4: loss=1.0823  test_acc=42.62%  (best 42.62 @ ep 4)  [2.4s]
  ep   5: loss=0.9767  test_acc=44.15%  (best 44.15 @ ep 5)  [2.4s]
  ep   6: loss=0.9430  test_acc=42.61%  (best 44.15 @ ep 5)  [4.9s]
  ep   7: loss=0.8984  test_acc=55.46%  (best 55.46 @ ep 7)  [5.1s]
  ep   8: loss=0.7955  test_acc=45.58%  (best 55.46 @ ep 7)  [5.8s]
  ep   9: loss=0.9635  test_acc=50.25%  (best 55.46 @ ep 7)  [5.8s]
  ep  10: loss=0.7779  test_acc=53.44%  (best 55.46 @ ep 7)  [5.3s]
  ep  11: loss=0.7318  test_acc=54.74%  (best 55.46 @ ep 7)  [5.8s]
  ep  12: loss=0.7018  test_acc=57.24%  (best 57.24 @ ep 12)  [3.2s]
  ep  13: loss=0.6654  test_acc=56.54%  (best 57.24 @ ep 12)  [2.4s]
  ep  14: loss=0.6853  test_acc=54.84%  (best 57.24 @ ep 12)  [2.4s]
  ep  15: loss=0.7308  test_acc=57.05%  (best 57.24 @ ep 12)  [2.6s]
  ep  16: loss=0.6477  test_acc=60.66%  (best 60.66 @ ep 16)  [2.4s]
  ep  17: loss=0.6625  test_acc=63.48%  (best 63.48 @ ep 17)  [2.5s]
  ep  18: loss=0.6137  test_acc=57.17%  (best 63.48 @ ep 17)  [2.3s]
  ep  19: loss=0.6875  test_acc=53.92%  (best 63.48 @ ep 17)  [2.3s]
  ep  20: loss=0.6551  test_acc=61.82%  (best 63.48 @ ep 17)  [2.5s]
  ep  21: loss=0.5983  test_acc=61.66%  (best 63.48 @ ep 17)  [2.4s]
  ep  22: loss=0.6163  test_acc=56.08%  (best 63.48 @ ep 17)  [2.4s]
  ep  23: loss=0.6591  test_acc=60.06%  (best 63.48 @ ep 17)  [2.6s]
  ep  24: loss=0.5911  test_acc=54.77%  (best 63.48 @ ep 17)  [2.4s]
  ep  25: loss=0.6191  test_acc=52.62%  (best 63.48 @ ep 17)  [2.6s]
  ep  26: loss=0.7004  test_acc=60.03%  (best 63.48 @ ep 17)  [2.4s]
  ep  27: loss=0.6542  test_acc=66.36%  (best 66.36 @ ep 27)  [2.5s]
  ep  28: loss=0.5836  test_acc=64.82%  (best 66.36 @ ep 27)  [2.3s]
  ep  29: loss=0.5694  test_acc=64.45%  (best 66.36 @ ep 27)  [2.4s]
  ep  30: loss=0.5322  test_acc=61.44%  (best 66.36 @ ep 27)  [2.4s]
  ep  31: loss=0.6210  test_acc=62.63%  (best 66.36 @ ep 27)  [2.3s]
  ep  32: loss=0.5471  test_acc=64.57%  (best 66.36 @ ep 27)  [2.4s]
  ep  33: loss=0.5147  test_acc=66.38%  (best 66.38 @ ep 33)  [2.4s]
  ep  34: loss=0.5740  test_acc=61.81%  (best 66.38 @ ep 33)  [2.4s]
  ep  35: loss=0.5337  test_acc=66.01%  (best 66.38 @ ep 33)  [2.4s]
  ep  36: loss=0.5387  test_acc=59.04%  (best 66.38 @ ep 33)  [2.3s]
  ep  37: loss=0.6295  test_acc=61.20%  (best 66.38 @ ep 33)  [2.5s]
  ep  38: loss=0.6166  test_acc=61.22%  (best 66.38 @ ep 33)  [2.5s]
  ep  39: loss=0.5619  test_acc=64.91%  (best 66.38 @ ep 33)  [6.3s]
  ep  40: loss=0.5085  test_acc=60.52%  (best 66.38 @ ep 33)  [5.4s]
  ep  41: loss=0.4996  test_acc=62.07%  (best 66.38 @ ep 33)  [6.3s]
  ep  42: loss=0.4861  test_acc=67.58%  (best 67.58 @ ep 42)  [6.8s]
  ep  43: loss=0.5097  test_acc=65.12%  (best 67.58 @ ep 42)  [6.3s]
  ep  44: loss=0.5548  test_acc=68.56%  (best 68.56 @ ep 44)  [2.6s]
  ep  45: loss=0.4821  test_acc=60.91%  (best 68.56 @ ep 44)  [2.4s]
  ep  46: loss=0.4625  test_acc=63.59%  (best 68.56 @ ep 44)  [2.4s]
  ep  47: loss=0.4405  test_acc=69.28%  (best 69.28 @ ep 47)  [2.3s]
  ep  48: loss=0.4575  test_acc=67.28%  (best 69.28 @ ep 47)  [2.4s]
  ep  49: loss=0.4414  test_acc=65.26%  (best 69.28 @ ep 47)  [2.4s]
  ep  50: loss=0.4460  test_acc=66.26%  (best 69.28 @ ep 47)  [2.4s]
  ep  51: loss=0.4361  test_acc=63.12%  (best 69.28 @ ep 47)  [2.6s]
  ep  52: loss=0.5783  test_acc=66.06%  (best 69.28 @ ep 47)  [2.3s]
  ep  53: loss=0.4326  test_acc=66.76%  (best 69.28 @ ep 47)  [2.4s]
  ep  54: loss=0.4655  test_acc=65.86%  (best 69.28 @ ep 47)  [2.5s]
  ep  55: loss=0.4628  test_acc=68.26%  (best 69.28 @ ep 47)  [2.5s]
  ep  56: loss=0.4029  test_acc=54.21%  (best 69.28 @ ep 47)  [2.5s]
  ep  57: loss=0.6760  test_acc=65.91%  (best 69.28 @ ep 47)  [2.3s]
  ep  58: loss=0.4911  test_acc=66.55%  (best 69.28 @ ep 47)  [2.5s]
  ep  59: loss=0.4850  test_acc=66.47%  (best 69.28 @ ep 47)  [2.4s]
  ep  60: loss=0.4257  test_acc=63.93%  (best 69.28 @ ep 47)  [2.6s]
  ep  61: loss=0.4500  test_acc=70.24%  (best 70.24 @ ep 61)  [2.5s]
  ep  62: loss=0.4042  test_acc=65.52%  (best 70.24 @ ep 61)  [2.4s]
  ep  63: loss=0.4267  test_acc=68.78%  (best 70.24 @ ep 61)  [2.4s]
  ep  64: loss=0.4032  test_acc=66.73%  (best 70.24 @ ep 61)  [2.3s]
  ep  65: loss=0.3572  test_acc=69.85%  (best 70.24 @ ep 61)  [2.4s]
  ep  66: loss=0.3854  test_acc=67.74%  (best 70.24 @ ep 61)  [2.3s]
  ep  67: loss=0.3460  test_acc=67.61%  (best 70.24 @ ep 61)  [2.5s]
  ep  68: loss=0.3329  test_acc=66.87%  (best 70.24 @ ep 61)  [2.5s]
  ep  69: loss=0.3248  test_acc=66.98%  (best 70.24 @ ep 61)  [3.1s]
  ep  70: loss=0.3503  test_acc=65.43%  (best 70.24 @ ep 61)  [7.2s]
  ep  71: loss=0.3350  test_acc=68.67%  (best 70.24 @ ep 61)  [7.8s]
  ep  72: loss=0.3153  test_acc=67.47%  (best 70.24 @ ep 61)  [4.7s]
  ep  73: loss=0.3164  test_acc=68.13%  (best 70.24 @ ep 61)  [2.3s]
  ep  74: loss=0.3359  test_acc=70.02%  (best 70.24 @ ep 61)  [2.3s]
  ep  75: loss=0.2897  test_acc=69.16%  (best 70.24 @ ep 61)  [2.3s]
  ep  76: loss=0.2903  test_acc=68.07%  (best 70.24 @ ep 61)  [2.3s]
  ep  77: loss=0.2764  test_acc=69.30%  (best 70.24 @ ep 61)  [2.6s]
  ep  78: loss=0.2806  test_acc=70.20%  (best 70.24 @ ep 61)  [2.5s]
  ep  79: loss=0.2530  test_acc=69.10%  (best 70.24 @ ep 61)  [2.4s]
  ep  80: loss=0.2382  test_acc=68.98%  (best 70.24 @ ep 61)  [2.4s]
  ep  81: loss=0.2275  test_acc=68.52%  (best 70.24 @ ep 61)  [2.4s]
  ep  82: loss=0.2122  test_acc=68.76%  (best 70.24 @ ep 61)  [2.3s]
  ep  83: loss=0.2285  test_acc=69.11%  (best 70.24 @ ep 61)  [2.4s]
  ep  84: loss=0.2048  test_acc=69.03%  (best 70.24 @ ep 61)  [2.3s]
  ep  85: loss=0.1890  test_acc=69.55%  (best 70.24 @ ep 61)  [2.4s]
  ep  86: loss=0.1869  test_acc=69.65%  (best 70.24 @ ep 61)  [2.5s]
  ep  87: loss=0.1778  test_acc=69.07%  (best 70.24 @ ep 61)  [2.4s]
  ep  88: loss=0.1759  test_acc=69.01%  (best 70.24 @ ep 61)  [2.4s]
  ep  89: loss=0.1760  test_acc=68.29%  (best 70.24 @ ep 61)  [2.4s]
  ep  90: loss=0.1765  test_acc=68.28%  (best 70.24 @ ep 61)  [2.4s]
  ep  91: loss=0.1580  test_acc=68.52%  (best 70.24 @ ep 61)  [2.4s]
  ep  92: loss=0.1575  test_acc=69.32%  (best 70.24 @ ep 61)  [2.3s]
  ep  93: loss=0.1539  test_acc=68.63%  (best 70.24 @ ep 61)  [2.3s]
  ep  94: loss=0.1452  test_acc=69.15%  (best 70.24 @ ep 61)  [2.3s]
  ep  95: loss=0.1463  test_acc=69.21%  (best 70.24 @ ep 61)  [2.5s]
  ep  96: loss=0.1467  test_acc=68.57%  (best 70.24 @ ep 61)  [2.3s]
  ep  97: loss=0.1417  test_acc=68.87%  (best 70.24 @ ep 61)  [2.4s]
  ep  98: loss=0.1445  test_acc=69.32%  (best 70.24 @ ep 61)  [3.3s]
  ep  99: loss=0.1430  test_acc=68.80%  (best 70.24 @ ep 61)  [5.4s]

saved /path/to/ciln-workspace/journal_edition/robustness_transfer/results_v3/erm/ours__elastic_transform_sev3__seed1.json: best 70.24% @ ep 61
[22:48:08] gpu 1: ours__elastic_transform_sev3 seed 2 -> ../logs/erm_v3/ours__elastic_transform_sev3__seed2.log
/path/to/ciln-workspace/venv/lib/python3.12/site-packages/torchvision/datasets/cifar.py:83: VisibleDeprecationWarning: dtype(): align should be passed as Python or NumPy boolean but got `align=0`. Did you mean to pass a tuple to create a subarray type? (Deprecated NumPy 2.4)
  entry = pickle.load(f, encoding="latin1")
condition=ours__elastic_transform_sev3 seed=2 gpu=1
  ep   0: loss=1.7404  test_acc=22.39%  (best 22.39 @ ep 0)  [3.1s]
  ep   1: loss=1.5168  test_acc=32.28%  (best 32.28 @ ep 1)  [2.4s]
  ep   2: loss=1.2453  test_acc=39.92%  (best 39.92 @ ep 2)  [2.4s]
  ep   3: loss=1.0948  test_acc=25.47%  (best 39.92 @ ep 2)  [2.3s]
  ep   4: loss=1.1855  test_acc=47.38%  (best 47.38 @ ep 4)  [2.3s]
  ep   5: loss=0.9260  test_acc=43.44%  (best 47.38 @ ep 4)  [2.3s]
  ep   6: loss=0.9690  test_acc=49.30%  (best 49.30 @ ep 6)  [2.3s]
  ep   7: loss=0.8445  test_acc=55.55%  (best 55.55 @ ep 7)  [2.4s]
  ep   8: loss=0.7771  test_acc=53.31%  (best 55.55 @ ep 7)  [2.4s]
  ep   9: loss=0.7790  test_acc=54.40%  (best 55.55 @ ep 7)  [2.5s]
  ep  10: loss=0.8011  test_acc=50.51%  (best 55.55 @ ep 7)  [2.5s]
  ep  11: loss=0.7437  test_acc=51.49%  (best 55.55 @ ep 7)  [2.3s]
  ep  12: loss=0.7555  test_acc=46.96%  (best 55.55 @ ep 7)  [2.5s]
  ep  13: loss=0.7066  test_acc=62.17%  (best 62.17 @ ep 13)  [2.4s]
  ep  14: loss=0.6653  test_acc=55.75%  (best 62.17 @ ep 13)  [2.3s]
  ep  15: loss=0.6662  test_acc=59.92%  (best 62.17 @ ep 13)  [2.4s]
  ep  16: loss=0.6930  test_acc=59.51%  (best 62.17 @ ep 13)  [2.4s]
  ep  17: loss=0.6787  test_acc=49.72%  (best 62.17 @ ep 13)  [2.3s]
  ep  18: loss=0.7372  test_acc=55.01%  (best 62.17 @ ep 13)  [2.6s]
  ep  19: loss=0.6551  test_acc=49.42%  (best 62.17 @ ep 13)  [2.3s]
  ep  20: loss=0.6285  test_acc=62.26%  (best 62.26 @ ep 20)  [2.3s]
  ep  21: loss=0.6162  test_acc=58.81%  (best 62.26 @ ep 20)  [2.5s]
  ep  22: loss=0.6040  test_acc=61.31%  (best 62.26 @ ep 20)  [2.3s]
  ep  23: loss=0.6421  test_acc=63.93%  (best 63.93 @ ep 23)  [5.4s]
  ep  24: loss=0.6137  test_acc=63.80%  (best 63.93 @ ep 23)  [6.0s]
  ep  25: loss=0.5606  test_acc=56.02%  (best 63.93 @ ep 23)  [5.3s]
  ep  26: loss=0.6365  test_acc=63.66%  (best 63.93 @ ep 23)  [6.7s]
  ep  27: loss=0.6395  test_acc=58.81%  (best 63.93 @ ep 23)  [2.3s]
  ep  28: loss=0.5833  test_acc=62.78%  (best 63.93 @ ep 23)  [2.3s]
  ep  29: loss=0.5891  test_acc=65.17%  (best 65.17 @ ep 29)  [2.4s]
  ep  30: loss=0.5458  test_acc=63.65%  (best 65.17 @ ep 29)  [2.2s]
  ep  31: loss=0.5685  test_acc=55.83%  (best 65.17 @ ep 29)  [2.3s]
  ep  32: loss=0.5380  test_acc=61.02%  (best 65.17 @ ep 29)  [2.3s]
  ep  33: loss=0.5131  test_acc=63.45%  (best 65.17 @ ep 29)  [2.5s]
  ep  34: loss=0.5270  test_acc=60.26%  (best 65.17 @ ep 29)  [2.5s]
  ep  35: loss=0.5857  test_acc=56.54%  (best 65.17 @ ep 29)  [2.3s]
  ep  36: loss=0.5336  test_acc=65.12%  (best 65.17 @ ep 29)  [2.3s]
  ep  37: loss=0.5355  test_acc=62.67%  (best 65.17 @ ep 29)  [2.4s]
  ep  38: loss=0.5306  test_acc=63.16%  (best 65.17 @ ep 29)  [2.3s]
  ep  39: loss=0.5439  test_acc=58.16%  (best 65.17 @ ep 29)  [2.4s]
  ep  40: loss=0.5799  test_acc=64.11%  (best 65.17 @ ep 29)  [2.3s]
  ep  41: loss=0.5364  test_acc=66.63%  (best 66.63 @ ep 41)  [2.5s]
  ep  42: loss=0.5451  test_acc=63.19%  (best 66.63 @ ep 41)  [2.6s]
  ep  43: loss=0.4987  test_acc=61.47%  (best 66.63 @ ep 41)  [2.4s]
  ep  44: loss=0.5298  test_acc=66.79%  (best 66.79 @ ep 44)  [2.4s]
  ep  45: loss=0.4943  test_acc=65.89%  (best 66.79 @ ep 44)  [2.5s]
  ep  46: loss=0.4576  test_acc=63.28%  (best 66.79 @ ep 44)  [2.4s]
  ep  47: loss=0.5117  test_acc=69.09%  (best 69.09 @ ep 47)  [2.3s]
  ep  48: loss=0.4644  test_acc=65.26%  (best 69.09 @ ep 47)  [2.5s]
  ep  49: loss=0.4873  test_acc=61.97%  (best 69.09 @ ep 47)  [2.3s]
  ep  50: loss=0.6109  test_acc=60.12%  (best 69.09 @ ep 47)  [2.4s]
  ep  51: loss=0.5648  test_acc=61.04%  (best 69.09 @ ep 47)  [2.4s]
  ep  52: loss=0.5187  test_acc=68.67%  (best 69.09 @ ep 47)  [2.3s]
  ep  53: loss=0.4687  test_acc=69.22%  (best 69.22 @ ep 53)  [4.0s]
  ep  54: loss=0.4403  test_acc=64.38%  (best 69.22 @ ep 53)  [2.3s]
  ep  55: loss=0.4227  test_acc=65.31%  (best 69.22 @ ep 53)  [2.3s]
  ep  56: loss=0.5279  test_acc=66.43%  (best 69.22 @ ep 53)  [2.3s]
  ep  57: loss=0.4434  test_acc=65.32%  (best 69.22 @ ep 53)  [2.5s]
  ep  58: loss=0.4301  test_acc=68.37%  (best 69.22 @ ep 53)  [2.4s]
  ep  59: loss=0.4253  test_acc=65.04%  (best 69.22 @ ep 53)  [2.4s]
  ep  60: loss=0.4110  test_acc=69.70%  (best 69.70 @ ep 60)  [2.3s]
  ep  61: loss=0.3970  test_acc=68.47%  (best 69.70 @ ep 60)  [2.3s]
  ep  62: loss=0.3888  test_acc=62.23%  (best 69.70 @ ep 60)  [2.4s]
  ep  63: loss=0.5042  test_acc=69.10%  (best 69.70 @ ep 60)  [2.4s]
  ep  64: loss=0.4022  test_acc=66.25%  (best 69.70 @ ep 60)  [2.3s]
  ep  65: loss=0.3689  test_acc=69.52%  (best 69.70 @ ep 60)  [2.3s]
  ep  66: loss=0.3736  test_acc=69.47%  (best 69.70 @ ep 60)  [2.3s]
  ep  67: loss=0.3509  test_acc=66.42%  (best 69.70 @ ep 60)  [2.3s]
  ep  68: loss=0.4789  test_acc=65.70%  (best 69.70 @ ep 60)  [2.4s]
  ep  69: loss=0.3763  test_acc=66.76%  (best 69.70 @ ep 60)  [2.5s]
  ep  70: loss=0.3376  test_acc=66.83%  (best 69.70 @ ep 60)  [2.4s]
  ep  71: loss=0.3468  test_acc=67.90%  (best 69.70 @ ep 60)  [2.4s]
  ep  72: loss=0.3124  test_acc=67.15%  (best 69.70 @ ep 60)  [2.5s]
  ep  73: loss=0.3268  test_acc=69.28%  (best 69.70 @ ep 60)  [2.4s]
  ep  74: loss=0.3204  test_acc=67.23%  (best 69.70 @ ep 60)  [2.4s]
  ep  75: loss=0.2914  test_acc=68.67%  (best 69.70 @ ep 60)  [2.4s]
  ep  76: loss=0.2982  test_acc=69.35%  (best 69.70 @ ep 60)  [2.3s]
  ep  77: loss=0.2716  test_acc=68.42%  (best 69.70 @ ep 60)  [2.6s]
  ep  78: loss=0.2739  test_acc=67.98%  (best 69.70 @ ep 60)  [2.3s]
  ep  79: loss=0.2439  test_acc=69.10%  (best 69.70 @ ep 60)  [2.5s]
  ep  80: loss=0.2721  test_acc=69.49%  (best 69.70 @ ep 60)  [5.4s]
  ep  81: loss=0.2303  test_acc=67.85%  (best 69.70 @ ep 60)  [2.4s]
  ep  82: loss=0.2266  test_acc=68.38%  (best 69.70 @ ep 60)  [2.3s]
  ep  83: loss=0.2068  test_acc=68.37%  (best 69.70 @ ep 60)  [2.4s]
  ep  84: loss=0.2054  test_acc=69.83%  (best 69.83 @ ep 84)  [2.5s]
  ep  85: loss=0.2071  test_acc=69.27%  (best 69.83 @ ep 84)  [2.5s]
  ep  86: loss=0.2134  test_acc=69.13%  (best 69.83 @ ep 84)  [2.4s]
  ep  87: loss=0.1895  test_acc=68.66%  (best 69.83 @ ep 84)  [2.4s]
  ep  88: loss=0.1745  test_acc=69.57%  (best 69.83 @ ep 84)  [2.5s]
  ep  89: loss=0.1765  test_acc=69.37%  (best 69.83 @ ep 84)  [2.6s]
  ep  90: loss=0.1647  test_acc=69.03%  (best 69.83 @ ep 84)  [2.4s]
  ep  91: loss=0.1652  test_acc=69.12%  (best 69.83 @ ep 84)  [2.4s]
  ep  92: loss=0.1608  test_acc=68.70%  (best 69.83 @ ep 84)  [2.4s]
  ep  93: loss=0.1619  test_acc=69.00%  (best 69.83 @ ep 84)  [2.3s]
  ep  94: loss=0.1591  test_acc=68.67%  (best 69.83 @ ep 84)  [2.3s]
  ep  95: loss=0.1557  test_acc=69.03%  (best 69.83 @ ep 84)  [2.4s]
  ep  96: loss=0.1523  test_acc=69.95%  (best 69.95 @ ep 96)  [2.3s]
  ep  97: loss=0.1491  test_acc=69.21%  (best 69.95 @ ep 96)  [2.3s]
  ep  98: loss=0.1511  test_acc=68.57%  (best 69.95 @ ep 96)  [2.4s]
  ep  99: loss=0.1466  test_acc=69.14%  (best 69.95 @ ep 96)  [2.3s]

saved /path/to/ciln-workspace/journal_edition/robustness_transfer/results_v3/erm/ours__elastic_transform_sev3__seed2.json: best 69.95% @ ep 96
[22:52:36] gpu 1: ours__brightness_sev5 seed 0 -> ../logs/erm_v3/ours__brightness_sev5__seed0.log
/path/to/ciln-workspace/venv/lib/python3.12/site-packages/torchvision/datasets/cifar.py:83: VisibleDeprecationWarning: dtype(): align should be passed as Python or NumPy boolean but got `align=0`. Did you mean to pass a tuple to create a subarray type? (Deprecated NumPy 2.4)
  entry = pickle.load(f, encoding="latin1")
condition=ours__brightness_sev5 seed=0 gpu=1
  ep   0: loss=1.8236  test_acc=23.32%  (best 23.32 @ ep 0)  [3.1s]
  ep   1: loss=1.6111  test_acc=22.86%  (best 23.32 @ ep 0)  [2.3s]
  ep   2: loss=1.5685  test_acc=34.12%  (best 34.12 @ ep 2)  [2.7s]
  ep   3: loss=1.4195  test_acc=39.07%  (best 39.07 @ ep 3)  [2.3s]
  ep   4: loss=1.3747  test_acc=40.89%  (best 40.89 @ ep 4)  [2.3s]
  ep   5: loss=1.2813  test_acc=42.28%  (best 42.28 @ ep 5)  [2.2s]
  ep   6: loss=1.1849  test_acc=43.41%  (best 43.41 @ ep 6)  [2.4s]
  ep   7: loss=1.1045  test_acc=47.76%  (best 47.76 @ ep 7)  [2.4s]
  ep   8: loss=1.0754  test_acc=47.55%  (best 47.76 @ ep 7)  [2.4s]
  ep   9: loss=1.0231  test_acc=43.23%  (best 47.76 @ ep 7)  [2.5s]
  ep  10: loss=1.0109  test_acc=43.92%  (best 47.76 @ ep 7)  [2.5s]
  ep  11: loss=0.9726  test_acc=44.90%  (best 47.76 @ ep 7)  [2.3s]
  ep  12: loss=1.0798  test_acc=41.12%  (best 47.76 @ ep 7)  [2.5s]
  ep  13: loss=1.0854  test_acc=49.11%  (best 49.11 @ ep 13)  [2.4s]
  ep  14: loss=0.9634  test_acc=52.67%  (best 52.67 @ ep 14)  [2.5s]
  ep  15: loss=0.9110  test_acc=52.41%  (best 52.67 @ ep 14)  [2.4s]
  ep  16: loss=0.9410  test_acc=52.55%  (best 52.67 @ ep 14)  [2.4s]
  ep  17: loss=0.9442  test_acc=55.71%  (best 55.71 @ ep 17)  [2.6s]
  ep  18: loss=0.8891  test_acc=54.15%  (best 55.71 @ ep 17)  [2.4s]
  ep  19: loss=0.8664  test_acc=58.78%  (best 58.78 @ ep 19)  [2.4s]
  ep  20: loss=0.8590  test_acc=55.38%  (best 58.78 @ ep 19)  [2.4s]
  ep  21: loss=0.8383  test_acc=54.05%  (best 58.78 @ ep 19)  [2.4s]
  ep  22: loss=0.8496  test_acc=52.55%  (best 58.78 @ ep 19)  [2.3s]
  ep  23: loss=0.8402  test_acc=56.89%  (best 58.78 @ ep 19)  [2.3s]
  ep  24: loss=0.8791  test_acc=57.97%  (best 58.78 @ ep 19)  [2.4s]
  ep  25: loss=0.8462  test_acc=49.97%  (best 58.78 @ ep 19)  [2.2s]
  ep  26: loss=0.8663  test_acc=55.88%  (best 58.78 @ ep 19)  [2.3s]
  ep  27: loss=0.8438  test_acc=55.26%  (best 58.78 @ ep 19)  [3.7s]
  ep  28: loss=0.8053  test_acc=55.88%  (best 58.78 @ ep 19)  [2.4s]
  ep  29: loss=0.7783  test_acc=50.66%  (best 58.78 @ ep 19)  [2.3s]
  ep  30: loss=0.8391  test_acc=51.69%  (best 58.78 @ ep 19)  [2.3s]
  ep  31: loss=0.7771  test_acc=52.50%  (best 58.78 @ ep 19)  [2.2s]
  ep  32: loss=0.7568  test_acc=48.88%  (best 58.78 @ ep 19)  [2.3s]
  ep  33: loss=0.7816  test_acc=56.95%  (best 58.78 @ ep 19)  [2.4s]
  ep  34: loss=0.7827  test_acc=60.32%  (best 60.32 @ ep 34)  [2.2s]
  ep  35: loss=0.7440  test_acc=61.61%  (best 61.61 @ ep 35)  [2.4s]
  ep  36: loss=0.7880  test_acc=51.75%  (best 61.61 @ ep 35)  [2.4s]
  ep  37: loss=0.7561  test_acc=59.80%  (best 61.61 @ ep 35)  [2.3s]
  ep  38: loss=0.7370  test_acc=49.26%  (best 61.61 @ ep 35)  [2.4s]
  ep  39: loss=0.7401  test_acc=61.75%  (best 61.75 @ ep 39)  [2.4s]
  ep  40: loss=0.7458  test_acc=55.47%  (best 61.75 @ ep 39)  [2.3s]
  ep  41: loss=0.7589  test_acc=60.86%  (best 61.75 @ ep 39)  [2.3s]
  ep  42: loss=0.7304  test_acc=54.17%  (best 61.75 @ ep 39)  [2.5s]
  ep  43: loss=0.6974  test_acc=57.75%  (best 61.75 @ ep 39)  [2.5s]
  ep  44: loss=0.7415  test_acc=57.22%  (best 61.75 @ ep 39)  [2.3s]
  ep  45: loss=0.7236  test_acc=63.40%  (best 63.40 @ ep 45)  [2.4s]
  ep  46: loss=0.6843  test_acc=58.73%  (best 63.40 @ ep 45)  [2.5s]
  ep  47: loss=0.6886  test_acc=60.38%  (best 63.40 @ ep 45)  [2.4s]
  ep  48: loss=0.6746  test_acc=60.83%  (best 63.40 @ ep 45)  [2.4s]
  ep  49: loss=0.6689  test_acc=60.87%  (best 63.40 @ ep 45)  [2.2s]
  ep  50: loss=0.6900  test_acc=60.83%  (best 63.40 @ ep 45)  [2.3s]
  ep  51: loss=0.6430  test_acc=62.22%  (best 63.40 @ ep 45)  [2.4s]
  ep  52: loss=0.6284  test_acc=59.70%  (best 63.40 @ ep 45)  [2.4s]
  ep  53: loss=0.6734  test_acc=58.80%  (best 63.40 @ ep 45)  [2.5s]
  ep  54: loss=0.6600  test_acc=61.92%  (best 63.40 @ ep 45)  [2.4s]
  ep  55: loss=0.6453  test_acc=58.67%  (best 63.40 @ ep 45)  [5.3s]
  ep  56: loss=0.6369  test_acc=60.42%  (best 63.40 @ ep 45)  [2.3s]
  ep  57: loss=0.6201  test_acc=57.33%  (best 63.40 @ ep 45)  [2.3s]
  ep  58: loss=0.7074  test_acc=59.07%  (best 63.40 @ ep 45)  [2.3s]
  ep  59: loss=0.7044  test_acc=62.25%  (best 63.40 @ ep 45)  [2.4s]
  ep  60: loss=0.6367  test_acc=61.30%  (best 63.40 @ ep 45)  [2.4s]
  ep  61: loss=0.6102  test_acc=63.11%  (best 63.40 @ ep 45)  [2.3s]
  ep  62: loss=0.6310  test_acc=61.35%  (best 63.40 @ ep 45)  [2.3s]
  ep  63: loss=0.6057  test_acc=59.29%  (best 63.40 @ ep 45)  [2.3s]
  ep  64: loss=0.6095  test_acc=58.20%  (best 63.40 @ ep 45)  [2.3s]
  ep  65: loss=0.6777  test_acc=56.57%  (best 63.40 @ ep 45)  [2.4s]
  ep  66: loss=0.5843  test_acc=59.55%  (best 63.40 @ ep 45)  [2.4s]
  ep  67: loss=0.5441  test_acc=62.88%  (best 63.40 @ ep 45)  [2.3s]
  ep  68: loss=0.5781  test_acc=61.87%  (best 63.40 @ ep 45)  [2.4s]
  ep  69: loss=0.5175  test_acc=61.97%  (best 63.40 @ ep 45)  [2.3s]
  ep  70: loss=0.5038  test_acc=63.10%  (best 63.40 @ ep 45)  [2.4s]
  ep  71: loss=0.4824  test_acc=55.62%  (best 63.40 @ ep 45)  [2.3s]
  ep  72: loss=0.7361  test_acc=58.62%  (best 63.40 @ ep 45)  [2.4s]
  ep  73: loss=0.5913  test_acc=63.42%  (best 63.42 @ ep 73)  [2.3s]
  ep  74: loss=0.5167  test_acc=61.64%  (best 63.42 @ ep 73)  [2.3s]
  ep  75: loss=0.5156  test_acc=60.50%  (best 63.42 @ ep 73)  [2.4s]
  ep  76: loss=0.4790  test_acc=63.25%  (best 63.42 @ ep 73)  [2.5s]
  ep  77: loss=0.5675  test_acc=62.78%  (best 63.42 @ ep 73)  [2.4s]
  ep  78: loss=0.5171  test_acc=60.71%  (best 63.42 @ ep 73)  [2.2s]
  ep  79: loss=0.4629  test_acc=62.33%  (best 63.42 @ ep 73)  [2.3s]
  ep  80: loss=0.4304  test_acc=61.10%  (best 63.42 @ ep 73)  [2.3s]
  ep  81: loss=0.4585  test_acc=63.46%  (best 63.46 @ ep 81)  [7.9s]
  ep  82: loss=0.4033  test_acc=63.24%  (best 63.46 @ ep 81)  [2.5s]
  ep  83: loss=0.3980  test_acc=64.75%  (best 64.75 @ ep 83)  [2.4s]
  ep  84: loss=0.3750  test_acc=61.88%  (best 64.75 @ ep 83)  [2.4s]
  ep  85: loss=0.3805  test_acc=62.00%  (best 64.75 @ ep 83)  [2.3s]
  ep  86: loss=0.4197  test_acc=62.00%  (best 64.75 @ ep 83)  [2.3s]
  ep  87: loss=0.3692  test_acc=62.35%  (best 64.75 @ ep 83)  [2.3s]
  ep  88: loss=0.3493  test_acc=61.42%  (best 64.75 @ ep 83)  [2.4s]
  ep  89: loss=0.3344  test_acc=61.46%  (best 64.75 @ ep 83)  [2.5s]
  ep  90: loss=0.3259  test_acc=62.38%  (best 64.75 @ ep 83)  [2.4s]
  ep  91: loss=0.3078  test_acc=60.88%  (best 64.75 @ ep 83)  [2.4s]
  ep  92: loss=0.3132  test_acc=62.61%  (best 64.75 @ ep 83)  [2.5s]
  ep  93: loss=0.3033  test_acc=62.75%  (best 64.75 @ ep 83)  [2.5s]
  ep  94: loss=0.2975  test_acc=63.49%  (best 64.75 @ ep 83)  [2.5s]
  ep  95: loss=0.2944  test_acc=61.50%  (best 64.75 @ ep 83)  [2.4s]
  ep  96: loss=0.2910  test_acc=61.97%  (best 64.75 @ ep 83)  [2.4s]
  ep  97: loss=0.2903  test_acc=62.16%  (best 64.75 @ ep 83)  [2.3s]
  ep  98: loss=0.2917  test_acc=62.30%  (best 64.75 @ ep 83)  [2.3s]
  ep  99: loss=0.2883  test_acc=62.49%  (best 64.75 @ ep 83)  [2.3s]

saved /path/to/ciln-workspace/journal_edition/robustness_transfer/results_v3/erm/ours__brightness_sev5__seed0.json: best 64.75% @ ep 83
[22:56:53] gpu 1: ours__brightness_sev5 seed 1 -> ../logs/erm_v3/ours__brightness_sev5__seed1.log
/path/to/ciln-workspace/venv/lib/python3.12/site-packages/torchvision/datasets/cifar.py:83: VisibleDeprecationWarning: dtype(): align should be passed as Python or NumPy boolean but got `align=0`. Did you mean to pass a tuple to create a subarray type? (Deprecated NumPy 2.4)
  entry = pickle.load(f, encoding="latin1")
condition=ours__brightness_sev5 seed=1 gpu=1
  ep   0: loss=1.8609  test_acc=19.30%  (best 19.30 @ ep 0)  [3.1s]
  ep   1: loss=1.6887  test_acc=17.87%  (best 19.30 @ ep 0)  [2.4s]
  ep   2: loss=1.7544  test_acc=25.12%  (best 25.12 @ ep 2)  [2.5s]
  ep   3: loss=1.5770  test_acc=29.54%  (best 29.54 @ ep 3)  [2.5s]
  ep   4: loss=1.4427  test_acc=36.49%  (best 36.49 @ ep 4)  [2.4s]
  ep   5: loss=1.3251  test_acc=36.30%  (best 36.49 @ ep 4)  [2.2s]
  ep   6: loss=1.2542  test_acc=41.67%  (best 41.67 @ ep 6)  [2.2s]
  ep   7: loss=1.2577  test_acc=36.66%  (best 41.67 @ ep 6)  [2.3s]
  ep   8: loss=1.1961  test_acc=43.63%  (best 43.63 @ ep 8)  [2.3s]
  ep   9: loss=1.1168  test_acc=50.42%  (best 50.42 @ ep 9)  [2.3s]
  ep  10: loss=1.0494  test_acc=41.57%  (best 50.42 @ ep 9)  [2.2s]
  ep  11: loss=1.0258  test_acc=44.64%  (best 50.42 @ ep 9)  [2.3s]
  ep  12: loss=0.9824  test_acc=53.01%  (best 53.01 @ ep 12)  [2.2s]
  ep  13: loss=0.9511  test_acc=57.37%  (best 57.37 @ ep 13)  [2.4s]
  ep  14: loss=0.9969  test_acc=52.20%  (best 57.37 @ ep 13)  [2.3s]
  ep  15: loss=0.9776  test_acc=50.14%  (best 57.37 @ ep 13)  [2.3s]
  ep  16: loss=0.9288  test_acc=51.43%  (best 57.37 @ ep 13)  [2.4s]
  ep  17: loss=0.9241  test_acc=57.73%  (best 57.73 @ ep 17)  [2.2s]
  ep  18: loss=0.8843  test_acc=53.47%  (best 57.73 @ ep 17)  [2.3s]
  ep  19: loss=0.9384  test_acc=56.56%  (best 57.73 @ ep 17)  [2.4s]
  ep  20: loss=0.8764  test_acc=54.08%  (best 57.73 @ ep 17)  [2.6s]
  ep  21: loss=0.8732  test_acc=53.47%  (best 57.73 @ ep 17)  [2.4s]
  ep  22: loss=0.8705  test_acc=55.71%  (best 57.73 @ ep 17)  [2.4s]
  ep  23: loss=0.9054  test_acc=55.21%  (best 57.73 @ ep 17)  [2.5s]
  ep  24: loss=0.8349  test_acc=52.41%  (best 57.73 @ ep 17)  [2.5s]
  ep  25: loss=0.8274  test_acc=47.04%  (best 57.73 @ ep 17)  [2.4s]
  ep  26: loss=0.8996  test_acc=47.97%  (best 57.73 @ ep 17)  [2.4s]
  ep  27: loss=0.9514  test_acc=54.10%  (best 57.73 @ ep 17)  [2.4s]
  ep  28: loss=0.8452  test_acc=57.30%  (best 57.73 @ ep 17)  [2.5s]
  ep  29: loss=0.8572  test_acc=61.00%  (best 61.00 @ ep 29)  [2.3s]
  ep  30: loss=0.8032  test_acc=56.90%  (best 61.00 @ ep 29)  [2.4s]
  ep  31: loss=0.8390  test_acc=61.80%  (best 61.80 @ ep 31)  [2.5s]
  ep  32: loss=0.7823  test_acc=60.17%  (best 61.80 @ ep 31)  [2.3s]
  ep  33: loss=0.7805  test_acc=53.48%  (best 61.80 @ ep 31)  [2.4s]
  ep  34: loss=0.8298  test_acc=56.26%  (best 61.80 @ ep 31)  [2.2s]
  ep  35: loss=0.7887  test_acc=54.53%  (best 61.80 @ ep 31)  [2.2s]
  ep  36: loss=0.7711  test_acc=57.27%  (best 61.80 @ ep 31)  [2.4s]
  ep  37: loss=0.7596  test_acc=54.87%  (best 61.80 @ ep 31)  [2.4s]
  ep  38: loss=0.7731  test_acc=57.80%  (best 61.80 @ ep 31)  [2.3s]
  ep  39: loss=0.8001  test_acc=58.91%  (best 61.80 @ ep 31)  [2.4s]
  ep  40: loss=0.7512  test_acc=56.48%  (best 61.80 @ ep 31)  [2.4s]
  ep  41: loss=0.7785  test_acc=61.51%  (best 61.80 @ ep 31)  [2.3s]
  ep  42: loss=0.7193  test_acc=58.32%  (best 61.80 @ ep 31)  [2.3s]
  ep  43: loss=0.7131  test_acc=57.72%  (best 61.80 @ ep 31)  [2.4s]
  ep  44: loss=0.7667  test_acc=56.23%  (best 61.80 @ ep 31)  [2.4s]
  ep  45: loss=0.7342  test_acc=60.11%  (best 61.80 @ ep 31)  [2.3s]
  ep  46: loss=0.7138  test_acc=61.46%  (best 61.80 @ ep 31)  [2.4s]
  ep  47: loss=0.6878  test_acc=61.71%  (best 61.80 @ ep 31)  [2.4s]
  ep  48: loss=0.7903  test_acc=59.32%  (best 61.80 @ ep 31)  [2.5s]
  ep  49: loss=0.7710  test_acc=56.34%  (best 61.80 @ ep 31)  [2.2s]
  ep  50: loss=0.7979  test_acc=61.52%  (best 61.80 @ ep 31)  [2.4s]
  ep  51: loss=0.7068  test_acc=60.84%  (best 61.80 @ ep 31)  [2.2s]
  ep  52: loss=0.8280  test_acc=60.08%  (best 61.80 @ ep 31)  [2.3s]
  ep  53: loss=0.7457  test_acc=61.86%  (best 61.86 @ ep 53)  [2.4s]
  ep  54: loss=0.6963  test_acc=61.81%  (best 61.86 @ ep 53)  [2.4s]
  ep  55: loss=0.6856  test_acc=62.62%  (best 62.62 @ ep 55)  [2.4s]
  ep  56: loss=0.6586  test_acc=61.84%  (best 62.62 @ ep 55)  [7.4s]
  ep  57: loss=0.6760  test_acc=63.18%  (best 63.18 @ ep 57)  [2.3s]
  ep  58: loss=0.6368  test_acc=56.61%  (best 63.18 @ ep 57)  [2.3s]
  ep  59: loss=0.6817  test_acc=57.31%  (best 63.18 @ ep 57)  [2.5s]
  ep  60: loss=0.6496  test_acc=58.79%  (best 63.18 @ ep 57)  [2.5s]
  ep  61: loss=0.6734  test_acc=61.29%  (best 63.18 @ ep 57)  [2.3s]
  ep  62: loss=0.6449  test_acc=60.65%  (best 63.18 @ ep 57)  [2.5s]
  ep  63: loss=0.6109  test_acc=60.06%  (best 63.18 @ ep 57)  [2.5s]
  ep  64: loss=0.6278  test_acc=64.92%  (best 64.92 @ ep 64)  [2.4s]
  ep  65: loss=0.5986  test_acc=65.28%  (best 65.28 @ ep 65)  [2.3s]
  ep  66: loss=0.6123  test_acc=63.60%  (best 65.28 @ ep 65)  [2.5s]
  ep  67: loss=0.5677  test_acc=57.96%  (best 65.28 @ ep 65)  [2.3s]
  ep  68: loss=0.5804  test_acc=62.48%  (best 65.28 @ ep 65)  [2.5s]
  ep  69: loss=0.5806  test_acc=60.90%  (best 65.28 @ ep 65)  [2.5s]
  ep  70: loss=0.6333  test_acc=63.50%  (best 65.28 @ ep 65)  [2.3s]
  ep  71: loss=0.5742  test_acc=61.97%  (best 65.28 @ ep 65)  [2.5s]
  ep  72: loss=0.5417  test_acc=64.27%  (best 65.28 @ ep 65)  [2.5s]
  ep  73: loss=0.5360  test_acc=62.19%  (best 65.28 @ ep 65)  [2.3s]
  ep  74: loss=0.5226  test_acc=62.32%  (best 65.28 @ ep 65)  [2.4s]
  ep  75: loss=0.5399  test_acc=63.66%  (best 65.28 @ ep 65)  [2.3s]
  ep  76: loss=0.4887  test_acc=63.98%  (best 65.28 @ ep 65)  [2.3s]
  ep  77: loss=0.4803  test_acc=62.79%  (best 65.28 @ ep 65)  [2.4s]
  ep  78: loss=0.5195  test_acc=62.57%  (best 65.28 @ ep 65)  [2.4s]
  ep  79: loss=0.4584  test_acc=61.88%  (best 65.28 @ ep 65)  [2.2s]
  ep  80: loss=0.4439  test_acc=61.22%  (best 65.28 @ ep 65)  [2.4s]
  ep  81: loss=0.4583  test_acc=62.51%  (best 65.28 @ ep 65)  [2.3s]
  ep  82: loss=0.4239  test_acc=62.89%  (best 65.28 @ ep 65)  [2.3s]
  ep  83: loss=0.4239  test_acc=62.50%  (best 65.28 @ ep 65)  [4.3s]
  ep  84: loss=0.3955  test_acc=62.08%  (best 65.28 @ ep 65)  [2.3s]
  ep  85: loss=0.3833  test_acc=62.95%  (best 65.28 @ ep 65)  [2.3s]
  ep  86: loss=0.3611  test_acc=60.96%  (best 65.28 @ ep 65)  [2.4s]
  ep  87: loss=0.3842  test_acc=62.63%  (best 65.28 @ ep 65)  [2.5s]
  ep  88: loss=0.3635  test_acc=63.33%  (best 65.28 @ ep 65)  [2.4s]
  ep  89: loss=0.3558  test_acc=63.96%  (best 65.28 @ ep 65)  [2.4s]
  ep  90: loss=0.3388  test_acc=60.51%  (best 65.28 @ ep 65)  [2.3s]
  ep  91: loss=0.3380  test_acc=61.11%  (best 65.28 @ ep 65)  [2.3s]
  ep  92: loss=0.3271  test_acc=62.08%  (best 65.28 @ ep 65)  [2.4s]
  ep  93: loss=0.3286  test_acc=60.78%  (best 65.28 @ ep 65)  [2.4s]
  ep  94: loss=0.3165  test_acc=61.36%  (best 65.28 @ ep 65)  [2.3s]
  ep  95: loss=0.3104  test_acc=62.15%  (best 65.28 @ ep 65)  [2.3s]
  ep  96: loss=0.3056  test_acc=61.31%  (best 65.28 @ ep 65)  [2.3s]
  ep  97: loss=0.3039  test_acc=61.43%  (best 65.28 @ ep 65)  [2.5s]
  ep  98: loss=0.3042  test_acc=62.15%  (best 65.28 @ ep 65)  [2.5s]
  ep  99: loss=0.3039  test_acc=59.46%  (best 65.28 @ ep 65)  [2.3s]

saved /path/to/ciln-workspace/journal_edition/robustness_transfer/results_v3/erm/ours__brightness_sev5__seed1.json: best 65.28% @ ep 65
[23:01:06] gpu 1: ours__brightness_sev5 seed 2 -> ../logs/erm_v3/ours__brightness_sev5__seed2.log
/path/to/ciln-workspace/venv/lib/python3.12/site-packages/torchvision/datasets/cifar.py:83: VisibleDeprecationWarning: dtype(): align should be passed as Python or NumPy boolean but got `align=0`. Did you mean to pass a tuple to create a subarray type? (Deprecated NumPy 2.4)
  entry = pickle.load(f, encoding="latin1")
condition=ours__brightness_sev5 seed=2 gpu=1
  ep   0: loss=1.8029  test_acc=26.16%  (best 26.16 @ ep 0)  [3.1s]
  ep   1: loss=1.4836  test_acc=34.62%  (best 34.62 @ ep 1)  [2.4s]
  ep   2: loss=1.3606  test_acc=42.21%  (best 42.21 @ ep 2)  [2.2s]
  ep   3: loss=1.2056  test_acc=41.81%  (best 42.21 @ ep 2)  [2.4s]
  ep   4: loss=1.1506  test_acc=47.34%  (best 47.34 @ ep 4)  [2.3s]
  ep   5: loss=1.0807  test_acc=45.66%  (best 47.34 @ ep 4)  [2.4s]
  ep   6: loss=1.0471  test_acc=52.51%  (best 52.51 @ ep 6)  [7.1s]
  ep   7: loss=1.0100  test_acc=51.84%  (best 52.51 @ ep 6)  [2.3s]
  ep   8: loss=1.0577  test_acc=55.63%  (best 55.63 @ ep 8)  [2.4s]
  ep   9: loss=0.9689  test_acc=51.97%  (best 55.63 @ ep 8)  [2.2s]
  ep  10: loss=0.9364  test_acc=52.80%  (best 55.63 @ ep 8)  [2.3s]
  ep  11: loss=0.9355  test_acc=50.63%  (best 55.63 @ ep 8)  [2.4s]
  ep  12: loss=0.8968  test_acc=54.89%  (best 55.63 @ ep 8)  [2.5s]
  ep  13: loss=0.9564  test_acc=59.07%  (best 59.07 @ ep 13)  [2.5s]
  ep  14: loss=0.8929  test_acc=52.50%  (best 59.07 @ ep 13)  [2.5s]
  ep  15: loss=0.9017  test_acc=48.47%  (best 59.07 @ ep 13)  [2.5s]
  ep  16: loss=0.9352  test_acc=49.79%  (best 59.07 @ ep 13)  [2.4s]
  ep  17: loss=0.8798  test_acc=49.45%  (best 59.07 @ ep 13)  [2.5s]
  ep  18: loss=0.9569  test_acc=54.27%  (best 59.07 @ ep 13)  [2.3s]
  ep  19: loss=0.8767  test_acc=54.49%  (best 59.07 @ ep 13)  [2.2s]
  ep  20: loss=0.8818  test_acc=56.06%  (best 59.07 @ ep 13)  [2.4s]
  ep  21: loss=0.8220  test_acc=60.66%  (best 60.66 @ ep 21)  [2.3s]
  ep  22: loss=0.8619  test_acc=58.93%  (best 60.66 @ ep 21)  [2.3s]
  ep  23: loss=0.8758  test_acc=54.15%  (best 60.66 @ ep 21)  [2.3s]
  ep  24: loss=0.8216  test_acc=62.99%  (best 62.99 @ ep 24)  [2.4s]
  ep  25: loss=0.8035  test_acc=60.77%  (best 62.99 @ ep 24)  [2.4s]
  ep  26: loss=0.8309  test_acc=56.57%  (best 62.99 @ ep 24)  [2.3s]
  ep  27: loss=0.8459  test_acc=56.84%  (best 62.99 @ ep 24)  [2.3s]
  ep  28: loss=0.7935  test_acc=54.50%  (best 62.99 @ ep 24)  [2.5s]
  ep  29: loss=0.7711  test_acc=55.85%  (best 62.99 @ ep 24)  [2.3s]
  ep  30: loss=0.7826  test_acc=53.34%  (best 62.99 @ ep 24)  [2.3s]
  ep  31: loss=0.8776  test_acc=51.75%  (best 62.99 @ ep 24)  [2.5s]
  ep  32: loss=0.8472  test_acc=54.99%  (best 62.99 @ ep 24)  [4.1s]
  ep  33: loss=0.7865  test_acc=51.88%  (best 62.99 @ ep 24)  [2.2s]
  ep  34: loss=0.7843  test_acc=60.52%  (best 62.99 @ ep 24)  [2.2s]
  ep  35: loss=0.7744  test_acc=61.30%  (best 62.99 @ ep 24)  [2.2s]
  ep  36: loss=0.7486  test_acc=55.39%  (best 62.99 @ ep 24)  [2.3s]
  ep  37: loss=0.8275  test_acc=60.71%  (best 62.99 @ ep 24)  [2.5s]
  ep  38: loss=0.7498  test_acc=51.30%  (best 62.99 @ ep 24)  [2.2s]
  ep  39: loss=0.7658  test_acc=52.67%  (best 62.99 @ ep 24)  [2.5s]
  ep  40: loss=0.7775  test_acc=55.75%  (best 62.99 @ ep 24)  [2.4s]
  ep  41: loss=0.7619  test_acc=61.73%  (best 62.99 @ ep 24)  [2.5s]
  ep  42: loss=0.7611  test_acc=57.67%  (best 62.99 @ ep 24)  [2.2s]
  ep  43: loss=0.7471  test_acc=56.40%  (best 62.99 @ ep 24)  [2.2s]
  ep  44: loss=0.7540  test_acc=62.28%  (best 62.99 @ ep 24)  [2.3s]
  ep  45: loss=0.7107  test_acc=63.91%  (best 63.91 @ ep 45)  [2.3s]
  ep  46: loss=0.6906  test_acc=60.82%  (best 63.91 @ ep 45)  [2.3s]
  ep  47: loss=0.7258  test_acc=51.71%  (best 63.91 @ ep 45)  [2.4s]
  ep  48: loss=0.8009  test_acc=63.72%  (best 63.91 @ ep 45)  [2.3s]
  ep  49: loss=0.7173  test_acc=56.71%  (best 63.91 @ ep 45)  [2.4s]
  ep  50: loss=0.7186  test_acc=61.67%  (best 63.91 @ ep 45)  [2.5s]
  ep  51: loss=0.6810  test_acc=57.48%  (best 63.91 @ ep 45)  [2.5s]
  ep  52: loss=0.6786  test_acc=64.21%  (best 64.21 @ ep 52)  [2.4s]
  ep  53: loss=0.6756  test_acc=63.59%  (best 64.21 @ ep 52)  [2.4s]
  ep  54: loss=0.7007  test_acc=63.31%  (best 64.21 @ ep 52)  [2.5s]
  ep  55: loss=0.7265  test_acc=60.56%  (best 64.21 @ ep 52)  [2.4s]
  ep  56: loss=0.6817  test_acc=47.57%  (best 64.21 @ ep 52)  [2.4s]
  ep  57: loss=0.6925  test_acc=62.27%  (best 64.21 @ ep 52)  [2.3s]
  ep  58: loss=0.7005  test_acc=50.64%  (best 64.21 @ ep 52)  [2.3s]
  ep  59: loss=0.8059  test_acc=60.00%  (best 64.21 @ ep 52)  [2.6s]
  ep  60: loss=0.6681  test_acc=60.63%  (best 64.21 @ ep 52)  [2.3s]
  ep  61: loss=0.7339  test_acc=62.50%  (best 64.21 @ ep 52)  [2.2s]
  ep  62: loss=0.6503  test_acc=61.69%  (best 64.21 @ ep 52)  [2.2s]
  ep  63: loss=0.6850  test_acc=61.59%  (best 64.21 @ ep 52)  [2.3s]
  ep  64: loss=0.6289  test_acc=59.87%  (best 64.21 @ ep 52)  [2.2s]
  ep  65: loss=0.6046  test_acc=64.86%  (best 64.86 @ ep 65)  [2.3s]
  ep  66: loss=0.5825  test_acc=61.23%  (best 64.86 @ ep 65)  [2.3s]
  ep  67: loss=0.5675  test_acc=60.48%  (best 64.86 @ ep 65)  [2.4s]
  ep  68: loss=0.5609  test_acc=64.43%  (best 64.86 @ ep 65)  [2.3s]
  ep  69: loss=0.5741  test_acc=61.60%  (best 64.86 @ ep 65)  [2.4s]
  ep  70: loss=0.5369  test_acc=61.57%  (best 64.86 @ ep 65)  [2.4s]
  ep  71: loss=0.5515  test_acc=61.53%  (best 64.86 @ ep 65)  [2.3s]
  ep  72: loss=0.5210  test_acc=62.02%  (best 64.86 @ ep 65)  [2.4s]
  ep  73: loss=0.5064  test_acc=61.71%  (best 64.86 @ ep 65)  [2.3s]
  ep  74: loss=0.4909  test_acc=59.39%  (best 64.86 @ ep 65)  [2.2s]
  ep  75: loss=0.4874  test_acc=61.33%  (best 64.86 @ ep 65)  [2.6s]
  ep  76: loss=0.4847  test_acc=61.84%  (best 64.86 @ ep 65)  [2.4s]
  ep  77: loss=0.4806  test_acc=61.29%  (best 64.86 @ ep 65)  [2.5s]
  ep  78: loss=0.4425  test_acc=61.53%  (best 64.86 @ ep 65)  [2.4s]
  ep  79: loss=0.4752  test_acc=59.72%  (best 64.86 @ ep 65)  [2.2s]
  ep  80: loss=0.4417  test_acc=62.29%  (best 64.86 @ ep 65)  [2.4s]
  ep  81: loss=0.4274  test_acc=59.07%  (best 64.86 @ ep 65)  [2.4s]
  ep  82: loss=0.4705  test_acc=62.44%  (best 64.86 @ ep 65)  [2.2s]
  ep  83: loss=0.4148  test_acc=63.12%  (best 64.86 @ ep 65)  [2.4s]
  ep  84: loss=0.3887  test_acc=62.15%  (best 64.86 @ ep 65)  [2.5s]
  ep  85: loss=0.3745  test_acc=61.90%  (best 64.86 @ ep 65)  [6.7s]
  ep  86: loss=0.3925  test_acc=60.51%  (best 64.86 @ ep 65)  [2.2s]
  ep  87: loss=0.3793  test_acc=60.79%  (best 64.86 @ ep 65)  [2.4s]
  ep  88: loss=0.3600  test_acc=61.67%  (best 64.86 @ ep 65)  [2.2s]
  ep  89: loss=0.3399  test_acc=63.45%  (best 64.86 @ ep 65)  [2.2s]
  ep  90: loss=0.3299  test_acc=63.22%  (best 64.86 @ ep 65)  [2.3s]
  ep  91: loss=0.3322  test_acc=62.16%  (best 64.86 @ ep 65)  [2.3s]
  ep  92: loss=0.3166  test_acc=62.02%  (best 64.86 @ ep 65)  [2.5s]
  ep  93: loss=0.3165  test_acc=61.10%  (best 64.86 @ ep 65)  [2.4s]
  ep  94: loss=0.3099  test_acc=62.42%  (best 64.86 @ ep 65)  [2.3s]
  ep  95: loss=0.3033  test_acc=63.52%  (best 64.86 @ ep 65)  [2.4s]
  ep  96: loss=0.3028  test_acc=61.99%  (best 64.86 @ ep 65)  [2.2s]
  ep  97: loss=0.2955  test_acc=61.72%  (best 64.86 @ ep 65)  [2.3s]
  ep  98: loss=0.2976  test_acc=62.93%  (best 64.86 @ ep 65)  [2.5s]
  ep  99: loss=0.2964  test_acc=63.85%  (best 64.86 @ ep 65)  [2.3s]

saved /path/to/ciln-workspace/journal_edition/robustness_transfer/results_v3/erm/ours__brightness_sev5__seed2.json: best 64.86% @ ep 65
